{
"type": "FeatureCollection",
"crs": { "type": "name", "properties": { "name": "urn:ogc:def:crs:OGC:1.3:CRS84" } },
"xy_coordinate_resolution": 0.0001,
"features": [
{ "type": "Feature", "properties": { "district": "Ahmadabad", "did": "gujarat:Ahmadabad", "state_key": "gujarat" }, "geometry": { "type": "MultiPolygon", "coordinates": [ [ [ [ 72.3503, 22.3769 ], [ 72.3835, 22.3734 ], [ 72.401, 22.3597 ], [ 72.3997, 22.3493 ], [ 72.3624, 22.2954 ], [ 72.3584, 22.2492 ], [ 72.3341, 22.1923 ], [ 72.3425, 22.1689 ], [ 72.3933, 22.1053 ], [ 72.2939, 22.0273 ], [ 72.2689, 21.9706 ], [ 72.2417, 21.9758 ], [ 72.2443, 21.9945 ], [ 72.227, 22.0048 ], [ 72.2322, 21.9906 ], [ 72.2184, 21.9816 ], [ 72.1753, 21.9907 ], [ 72.1509, 22.0156 ], [ 72.1233, 22.0573 ], [ 72.0787, 22.057 ], [ 72.0613, 22.0845 ], [ 72.0601, 22.1033 ], [ 72.0321, 22.1212 ], [ 72.0395, 22.1588 ], [ 72.0339, 22.1803 ], [ 72.0182, 22.1948 ], [ 72.0312, 22.2447 ], [ 72.0139, 22.2414 ], [ 71.9966, 22.2507 ], [ 71.9434, 22.253 ], [ 71.9293, 22.2715 ], [ 71.9083, 22.2552 ], [ 71.9042, 22.259 ], [ 71.8803, 22.2539 ], [ 71.8786, 22.2619 ], [ 71.869, 22.266 ], [ 71.8659, 22.2819 ], [ 71.8521, 22.2906 ], [ 71.8577, 22.3168 ], [ 71.8476, 22.3149 ], [ 71.8406, 22.3218 ], [ 71.8467, 22.3586 ], [ 71.8518, 22.368 ], [ 71.8629, 22.3714 ], [ 71.8606, 22.3963 ], [ 71.8823, 22.4069 ], [ 71.892, 22.4225 ], [ 71.9035, 22.4233 ], [ 71.9176, 22.4006 ], [ 71.9213, 22.3804 ], [ 71.9276, 22.3878 ], [ 71.9374, 22.3803 ], [ 71.9449, 22.3849 ], [ 71.934, 22.4534 ], [ 71.9422, 22.4636 ], [ 71.9723, 22.4727 ], [ 71.9674, 22.4927 ], [ 71.9416, 22.4871 ], [ 71.9367, 22.4798 ], [ 71.9167, 22.4825 ], [ 71.9193, 22.5018 ], [ 71.9314, 22.503 ], [ 71.9276, 22.5094 ], [ 71.9185, 22.51 ], [ 71.9135, 22.5265 ], [ 71.926, 22.5294 ], [ 71.9415, 22.5486 ], [ 71.9708, 22.5387 ], [ 71.967, 22.5156 ], [ 72.0157, 22.5126 ], [ 72.0333, 22.5068 ], [ 72.039, 22.4834 ], [ 72.0455, 22.4747 ], [ 72.0509, 22.4758 ], [ 72.0531, 22.4431 ], [ 72.0839, 22.4357 ], [ 72.1058, 22.4465 ], [ 72.1206, 22.4614 ], [ 72.1571, 22.4811 ], [ 72.164, 22.4797 ], [ 72.148, 22.4958 ], [ 72.1527, 22.5013 ], [ 72.1453, 22.5171 ], [ 72.1726, 22.537 ], [ 72.1894, 22.5424 ], [ 72.1847, 22.554 ], [ 72.1502, 22.584 ], [ 72.0864, 22.6106 ], [ 72.0883, 22.6239 ], [ 72.0636, 22.6221 ], [ 72.0614, 22.6537 ], [ 72.023, 22.6802 ], [ 72.0573, 22.6941 ], [ 72.0677, 22.6751 ], [ 72.094, 22.6756 ], [ 72.1081, 22.7212 ], [ 72.0698, 22.734 ], [ 72.054, 22.7507 ], [ 72.0625, 22.7569 ], [ 72.0544, 22.7597 ], [ 72.0557, 22.7706 ], [ 72.0471, 22.7685 ], [ 72.0572, 22.7967 ], [ 72.0356, 22.8098 ], [ 72.0418, 22.8267 ], [ 72.0345, 22.8396 ], [ 72.0344, 22.86 ], [ 72.028, 22.8286 ], [ 72.0136, 22.8182 ], [ 71.9895, 22.863 ], [ 71.9901, 22.8825 ], [ 72.0024, 22.8971 ], [ 72.0053, 22.9245 ], [ 71.994, 22.9379 ], [ 71.9957, 22.9519 ], [ 72.0208, 22.9922 ], [ 72.0113, 22.9931 ], [ 72.0088, 23.0017 ], [ 72.0104, 23.012 ], [ 72.0217, 23.0184 ], [ 72.0179, 23.0509 ], [ 72.0155, 23.0581 ], [ 71.9734, 23.0586 ], [ 71.9721, 23.0575 ], [ 71.9608, 23.0471 ], [ 71.9621, 23.0286 ], [ 71.9523, 23.0289 ], [ 71.9461, 23.0353 ], [ 71.9513, 23.0476 ], [ 71.9455, 23.063 ], [ 71.932, 23.0598 ], [ 71.9188, 23.0661 ], [ 71.8996, 23.1026 ], [ 71.9061, 23.1762 ], [ 71.9279, 23.1805 ], [ 71.9313, 23.1912 ], [ 71.9497, 23.2041 ], [ 71.9545, 23.2002 ], [ 71.9671, 23.2094 ], [ 71.9883, 23.2094 ], [ 71.997, 23.2457 ], [ 71.9907, 23.2504 ], [ 71.97, 23.2503 ], [ 71.9613, 23.2404 ], [ 71.9432, 23.237 ], [ 71.9336, 23.2616 ], [ 71.9197, 23.2641 ], [ 71.9025, 23.2561 ], [ 71.897, 23.2191 ], [ 71.87, 23.2185 ], [ 71.8797, 23.2537 ], [ 71.8726, 23.2793 ], [ 71.884, 23.3024 ], [ 71.8762, 23.3098 ], [ 71.88, 23.3216 ], [ 71.8944, 23.3294 ], [ 71.8705, 23.3818 ], [ 71.8879, 23.3908 ], [ 71.903, 23.3808 ], [ 71.9283, 23.3898 ], [ 71.9561, 23.3876 ], [ 71.9684, 23.4092 ], [ 71.9638, 23.4626 ], [ 71.993, 23.4847 ], [ 71.9984, 23.4987 ], [ 72.0274, 23.5084 ], [ 72.0344, 23.5082 ], [ 72.0354, 23.5013 ], [ 72.0265, 23.4756 ], [ 72.0333, 23.4705 ], [ 72.0339, 23.4572 ], [ 72.0429, 23.4583 ], [ 72.0519, 23.4433 ], [ 72.0877, 23.4594 ], [ 72.0992, 23.4598 ], [ 72.1091, 23.4498 ], [ 72.1276, 23.4539 ], [ 72.14, 23.4491 ], [ 72.153, 23.4513 ], [ 72.1718, 23.4442 ], [ 72.1718, 23.4275 ], [ 72.191, 23.4166 ], [ 72.1917, 23.4224 ], [ 72.2117, 23.424 ], [ 72.2114, 23.4387 ], [ 72.2253, 23.4378 ], [ 72.2329, 23.4288 ], [ 72.2473, 23.4456 ], [ 72.2615, 23.4245 ], [ 72.2566, 23.4133 ], [ 72.2893, 23.3988 ], [ 72.2885, 23.3932 ], [ 72.2735, 23.3862 ], [ 72.2749, 23.3797 ], [ 72.2602, 23.3746 ], [ 72.267, 23.3528 ], [ 72.2483, 23.3373 ], [ 72.2509, 23.3329 ], [ 72.2374, 23.326 ], [ 72.2301, 23.3292 ], [ 72.2214, 23.3129 ], [ 72.2088, 23.3138 ], [ 72.2005, 23.2795 ], [ 72.183, 23.2823 ], [ 72.1749, 23.2729 ], [ 72.175, 23.2595 ], [ 72.1851, 23.2469 ], [ 72.1803, 23.2414 ], [ 72.185, 23.2141 ], [ 72.1677, 23.1977 ], [ 72.1732, 23.1784 ], [ 72.1834, 23.1692 ], [ 72.1879, 23.1442 ], [ 72.1619, 23.1403 ], [ 72.1612, 23.1162 ], [ 72.1544, 23.113 ], [ 72.1595, 23.1057 ], [ 72.1912, 23.1069 ], [ 72.1945, 23.1187 ], [ 72.22, 23.1249 ], [ 72.2379, 23.1205 ], [ 72.2613, 23.1016 ], [ 72.2565, 23.0874 ], [ 72.2827, 23.0801 ], [ 72.2804, 23.0595 ], [ 72.2954, 23.0388 ], [ 72.323, 23.0558 ], [ 72.3229, 23.068 ], [ 72.3053, 23.0849 ], [ 72.3064, 23.0977 ], [ 72.3159, 23.1059 ], [ 72.3349, 23.1081 ], [ 72.3486, 23.0905 ], [ 72.3695, 23.0936 ], [ 72.3752, 23.0809 ], [ 72.3843, 23.0797 ], [ 72.3811, 23.0607 ], [ 72.3872, 23.0517 ], [ 72.403, 23.0572 ], [ 72.4072, 23.0679 ], [ 72.4276, 23.065 ], [ 72.4266, 23.0479 ], [ 72.4352, 23.0435 ], [ 72.4474, 23.0475 ], [ 72.4488, 23.0605 ], [ 72.4718, 23.0636 ], [ 72.474, 23.0722 ], [ 72.4597, 23.0839 ], [ 72.4757, 23.087 ], [ 72.4817, 23.0972 ], [ 72.498, 23.0997 ], [ 72.499, 23.1123 ], [ 72.4865, 23.1253 ], [ 72.4831, 23.1444 ], [ 72.505, 23.1442 ], [ 72.5042, 23.155 ], [ 72.5118, 23.1598 ], [ 72.5185, 23.1505 ], [ 72.5308, 23.1485 ], [ 72.5374, 23.1644 ], [ 72.5486, 23.164 ], [ 72.5406, 23.1323 ], [ 72.5626, 23.1373 ], [ 72.5679, 23.1269 ], [ 72.5631, 23.116 ], [ 72.5715, 23.1221 ], [ 72.5782, 23.1182 ], [ 72.5827, 23.1299 ], [ 72.6085, 23.1291 ], [ 72.613, 23.1152 ], [ 72.6186, 23.1151 ], [ 72.6104, 23.0915 ], [ 72.6374, 23.092 ], [ 72.6466, 23.1012 ], [ 72.6653, 23.0948 ], [ 72.6721, 23.1081 ], [ 72.6838, 23.1017 ], [ 72.6999, 23.112 ], [ 72.7103, 23.1107 ], [ 72.7163, 23.0948 ], [ 72.7442, 23.0999 ], [ 72.744, 23.089 ], [ 72.766, 23.0955 ], [ 72.7781, 23.0774 ], [ 72.7661, 23.0596 ], [ 72.7898, 23.0585 ], [ 72.7975, 23.0511 ], [ 72.7945, 23.0442 ], [ 72.8051, 23.0366 ], [ 72.8153, 23.0374 ], [ 72.8069, 23.0263 ], [ 72.8183, 23.0172 ], [ 72.8234, 23.0193 ], [ 72.8194, 23.0121 ], [ 72.8384, 22.9963 ], [ 72.8304, 22.9841 ], [ 72.8387, 22.982 ], [ 72.8408, 22.9629 ], [ 72.8049, 22.9417 ], [ 72.8059, 22.9327 ], [ 72.7976, 22.9314 ], [ 72.7993, 22.9193 ], [ 72.7889, 22.9152 ], [ 72.7912, 22.9079 ], [ 72.7576, 22.9103 ], [ 72.742, 22.9057 ], [ 72.7376, 22.9134 ], [ 72.7246, 22.9143 ], [ 72.7066, 22.8897 ], [ 72.6892, 22.8796 ], [ 72.6736, 22.8806 ], [ 72.6676, 22.8955 ], [ 72.6438, 22.8974 ], [ 72.6338, 22.8818 ], [ 72.6081, 22.8862 ], [ 72.599, 22.8722 ], [ 72.6086, 22.8627 ], [ 72.6022, 22.8356 ], [ 72.608, 22.8136 ], [ 72.5985, 22.8159 ], [ 72.5976, 22.8249 ], [ 72.5833, 22.8235 ], [ 72.5814, 22.8191 ], [ 72.5703, 22.8269 ], [ 72.55, 22.815 ], [ 72.5477, 22.8065 ], [ 72.5221, 22.7958 ], [ 72.5143, 22.7789 ], [ 72.5298, 22.7673 ], [ 72.5209, 22.7525 ], [ 72.5397, 22.7513 ], [ 72.5239, 22.7332 ], [ 72.5407, 22.7115 ], [ 72.5223, 22.7123 ], [ 72.518, 22.7006 ], [ 72.5441, 22.693 ], [ 72.5271, 22.678 ], [ 72.5491, 22.6728 ], [ 72.5479, 22.6644 ], [ 72.5603, 22.6647 ], [ 72.5692, 22.6535 ], [ 72.5373, 22.6522 ], [ 72.5317, 22.6429 ], [ 72.5354, 22.6263 ], [ 72.5215, 22.6262 ], [ 72.5115, 22.6331 ], [ 72.5038, 22.6059 ], [ 72.4656, 22.5775 ], [ 72.441, 22.5655 ], [ 72.4313, 22.5738 ], [ 72.4241, 22.5693 ], [ 72.423, 22.5613 ], [ 72.44, 22.5351 ], [ 72.4388, 22.5092 ], [ 72.4099, 22.4771 ], [ 72.4069, 22.4818 ], [ 72.3757, 22.4733 ], [ 72.3768, 22.4524 ], [ 72.3638, 22.4535 ], [ 72.3559, 22.4404 ], [ 72.3733, 22.4468 ], [ 72.368, 22.4072 ], [ 72.3421, 22.3854 ], [ 72.3503, 22.3769 ] ] ] ] } },
{ "type": "Feature", "properties": { "district": "Amreli", "did": "gujarat:Amreli", "state_key": "gujarat" }, "geometry": { "type": "MultiPolygon", "coordinates": [ [ [ [ 71.1936, 20.9789 ], [ 71.1875, 20.9679 ], [ 71.1733, 20.967 ], [ 71.169, 20.9602 ], [ 71.1553, 20.9596 ], [ 71.1362, 20.9502 ], [ 71.1214, 20.966 ], [ 71.1252, 20.9851 ], [ 71.1328, 20.9898 ], [ 71.1311, 21.0064 ], [ 71.1485, 21.0317 ], [ 71.1383, 21.0426 ], [ 71.1347, 21.0675 ], [ 71.1254, 21.0762 ], [ 71.1128, 21.0763 ], [ 71.0959, 21.0869 ], [ 71.0759, 21.1168 ], [ 71.0223, 21.1448 ], [ 71.0055, 21.1664 ], [ 70.9894, 21.1705 ], [ 70.9782, 21.1643 ], [ 70.9493, 21.1691 ], [ 70.8928, 21.1856 ], [ 70.8706, 21.1709 ], [ 70.8643, 21.1736 ], [ 70.8535, 21.1674 ], [ 70.8505, 21.1803 ], [ 70.8236, 21.1983 ], [ 70.8254, 21.2041 ], [ 70.8039, 21.2337 ], [ 70.8104, 21.248 ], [ 70.8269, 21.2552 ], [ 70.8248, 21.2616 ], [ 70.8714, 21.2626 ], [ 70.8905, 21.2686 ], [ 70.8957, 21.2874 ], [ 70.9082, 21.2996 ], [ 70.9437, 21.312 ], [ 70.9216, 21.3487 ], [ 70.9005, 21.3265 ], [ 70.8818, 21.3178 ], [ 70.8681, 21.3191 ], [ 70.8668, 21.3336 ], [ 70.8747, 21.3377 ], [ 70.8663, 21.3783 ], [ 70.8803, 21.3782 ], [ 70.8926, 21.3969 ], [ 70.8792, 21.4186 ], [ 70.8859, 21.446 ], [ 70.8665, 21.4665 ], [ 70.8317, 21.4569 ], [ 70.8274, 21.4682 ], [ 70.8336, 21.4945 ], [ 70.81, 21.4909 ], [ 70.8046, 21.515 ], [ 70.8422, 21.5112 ], [ 70.8489, 21.5313 ], [ 70.8634, 21.534 ], [ 70.8667, 21.5269 ], [ 70.8883, 21.5279 ], [ 70.8925, 21.544 ], [ 70.8901, 21.5501 ], [ 70.8815, 21.548 ], [ 70.8794, 21.5775 ], [ 70.8731, 21.5774 ], [ 70.864, 21.5992 ], [ 70.8281, 21.6348 ], [ 70.816, 21.6438 ], [ 70.8104, 21.6391 ], [ 70.7936, 21.6662 ], [ 70.7957, 21.6973 ], [ 70.8084, 21.712 ], [ 70.7954, 21.7142 ], [ 70.7753, 21.7003 ], [ 70.7676, 21.7098 ], [ 70.7862, 21.7197 ], [ 70.7781, 21.7304 ], [ 70.8007, 21.7416 ], [ 70.8184, 21.7315 ], [ 70.8149, 21.7437 ], [ 70.8357, 21.7446 ], [ 70.8497, 21.7367 ], [ 70.8737, 21.7406 ], [ 70.8797, 21.7322 ], [ 70.8894, 21.7378 ], [ 70.8872, 21.7478 ], [ 70.8977, 21.7698 ], [ 70.9212, 21.7633 ], [ 70.9304, 21.7468 ], [ 70.9524, 21.7431 ], [ 70.9647, 21.75 ], [ 70.9782, 21.7261 ], [ 71.0299, 21.7394 ], [ 71.0473, 21.7559 ], [ 71.0416, 21.769 ], [ 71.0521, 21.7913 ], [ 71.0399, 21.8064 ], [ 71.0476, 21.8243 ], [ 71.0706, 21.828 ], [ 71.0852, 21.8223 ], [ 71.0895, 21.8368 ], [ 71.1038, 21.8417 ], [ 71.1095, 21.8513 ], [ 71.1053, 21.871 ], [ 71.0576, 21.8485 ], [ 71.035, 21.868 ], [ 71.0305, 21.8743 ], [ 71.0493, 21.8768 ], [ 71.0634, 21.8857 ], [ 71.0561, 21.9042 ], [ 71.085, 21.917 ], [ 71.1172, 21.9198 ], [ 71.1286, 21.9471 ], [ 71.1388, 21.95 ], [ 71.1479, 21.945 ], [ 71.1496, 21.9538 ], [ 71.1619, 21.9564 ], [ 71.1635, 21.9628 ], [ 71.1791, 21.9595 ], [ 71.1799, 21.9647 ], [ 71.2011, 21.9712 ], [ 71.199, 22.0015 ], [ 71.1886, 22.0077 ], [ 71.1956, 22.0136 ], [ 71.2299, 22.0058 ], [ 71.2517, 22.0108 ], [ 71.258, 22.002 ], [ 71.2525, 21.978 ], [ 71.2598, 21.9586 ], [ 71.2941, 21.9625 ], [ 71.2888, 21.9704 ], [ 71.2993, 21.9758 ], [ 71.278, 22.0189 ], [ 71.2999, 22.0318 ], [ 71.3034, 22.0413 ], [ 71.3306, 22.0314 ], [ 71.334, 22.0034 ], [ 71.3409, 22.0037 ], [ 71.3443, 21.9824 ], [ 71.3818, 21.9891 ], [ 71.3913, 21.9833 ], [ 71.3935, 21.9623 ], [ 71.4023, 21.9507 ], [ 71.4188, 21.9449 ], [ 71.4428, 21.9528 ], [ 71.4519, 21.9408 ], [ 71.4593, 21.9398 ], [ 71.4671, 21.9279 ], [ 71.4605, 21.8964 ], [ 71.448, 21.9078 ], [ 71.434, 21.9061 ], [ 71.4247, 21.9114 ], [ 71.4179, 21.9054 ], [ 71.4239, 21.8909 ], [ 71.417, 21.8868 ], [ 71.4167, 21.8766 ], [ 71.4245, 21.8787 ], [ 71.4238, 21.8858 ], [ 71.4257, 21.878 ], [ 71.4535, 21.8709 ], [ 71.4477, 21.8518 ], [ 71.4594, 21.8458 ], [ 71.4555, 21.8263 ], [ 71.4703, 21.8001 ], [ 71.4892, 21.8056 ], [ 71.4995, 21.8033 ], [ 71.5162, 21.7798 ], [ 71.5398, 21.7744 ], [ 71.5545, 21.7473 ], [ 71.576, 21.738 ], [ 71.5863, 21.7393 ], [ 71.6016, 21.7278 ], [ 71.5954, 21.7066 ], [ 71.5896, 21.7065 ], [ 71.5955, 21.6958 ], [ 71.5882, 21.6876 ], [ 71.5897, 21.659 ], [ 71.6022, 21.6592 ], [ 71.6173, 21.646 ], [ 71.6214, 21.6479 ], [ 71.6228, 21.6325 ], [ 71.5888, 21.6282 ], [ 71.5839, 21.6355 ], [ 71.5571, 21.6278 ], [ 71.5511, 21.6177 ], [ 71.5582, 21.5834 ], [ 71.5458, 21.559 ], [ 71.5017, 21.5452 ], [ 71.4896, 21.5193 ], [ 71.4872, 21.4942 ], [ 71.4779, 21.4812 ], [ 71.4919, 21.4613 ], [ 71.5246, 21.4623 ], [ 71.5332, 21.4433 ], [ 71.5515, 21.4432 ], [ 71.5519, 21.4164 ], [ 71.544, 21.4122 ], [ 71.5513, 21.3972 ], [ 71.5578, 21.4057 ], [ 71.5818, 21.4058 ], [ 71.5829, 21.3692 ], [ 71.5628, 21.3648 ], [ 71.5481, 21.3757 ], [ 71.5281, 21.3715 ], [ 71.5213, 21.3368 ], [ 71.5369, 21.299 ], [ 71.5287, 21.2763 ], [ 71.533, 21.2639 ], [ 71.5231, 21.2501 ], [ 71.5276, 21.2281 ], [ 71.5177, 21.2187 ], [ 71.5255, 21.1858 ], [ 71.5165, 21.1739 ], [ 71.5352, 21.1713 ], [ 71.5459, 21.1759 ], [ 71.5547, 21.1592 ], [ 71.5705, 21.1568 ], [ 71.5815, 21.1451 ], [ 71.5903, 21.1454 ], [ 71.5939, 21.1351 ], [ 71.6061, 21.1313 ], [ 71.6158, 21.1122 ], [ 71.6228, 21.1129 ], [ 71.631, 21.0876 ], [ 71.629, 21.0727 ], [ 71.6082, 21.0695 ], [ 71.6101, 21.0548 ], [ 71.6253, 21.0619 ], [ 71.6376, 21.0588 ], [ 71.6405, 21.0288 ], [ 71.6659, 21.0315 ], [ 71.6774, 20.9956 ], [ 71.6488, 20.9952 ], [ 71.6368, 20.9807 ], [ 71.65, 20.9784 ], [ 71.6477, 20.9747 ], [ 71.6171, 20.967 ], [ 71.6188, 20.9771 ], [ 71.6178, 20.9738 ], [ 71.6075, 20.978 ], [ 71.6107, 20.9662 ], [ 71.6001, 20.9629 ], [ 71.5969, 20.9664 ], [ 71.5656, 20.949 ], [ 71.5501, 20.9522 ], [ 71.5331, 20.9433 ], [ 71.5275, 20.951 ], [ 71.5167, 20.9481 ], [ 71.5031, 20.9267 ], [ 71.5067, 20.9188 ], [ 71.5, 20.9205 ], [ 71.5052, 20.918 ], [ 71.4886, 20.9135 ], [ 71.477, 20.8889 ], [ 71.4629, 20.88 ], [ 71.4497, 20.8809 ], [ 71.44, 20.8695 ], [ 71.3969, 20.8652 ], [ 71.3934, 20.8743 ], [ 71.3845, 20.8758 ], [ 71.3743, 20.8679 ], [ 71.3841, 20.8568 ], [ 71.3217, 20.8466 ], [ 71.2945, 20.834 ], [ 71.294, 20.8282 ], [ 71.2785, 20.8273 ], [ 71.2393, 20.8117 ], [ 71.232, 20.8041 ], [ 71.2092, 20.8009 ], [ 71.2041, 20.7948 ], [ 71.2076, 20.8033 ], [ 71.2238, 20.817 ], [ 71.2048, 20.8738 ], [ 71.1885, 20.8734 ], [ 71.1791, 20.8811 ], [ 71.1765, 20.8876 ], [ 71.1933, 20.9021 ], [ 71.1776, 20.9188 ], [ 71.1844, 20.9261 ], [ 71.1897, 20.9228 ], [ 71.2054, 20.927 ], [ 71.2194, 20.9576 ], [ 71.1936, 20.9789 ] ] ], [ [ [ 70.8679, 21.3896 ], [ 70.8514, 21.3978 ], [ 70.846, 21.4089 ], [ 70.8598, 21.4086 ], [ 70.8788, 21.4201 ], [ 70.8679, 21.3896 ] ] ], [ [ [ 70.7775, 21.6625 ], [ 70.7699, 21.6434 ], [ 70.7432, 21.641 ], [ 70.7358, 21.6657 ], [ 70.7621, 21.677 ], [ 70.7775, 21.6625 ] ] ], [ [ [ 70.7664, 21.7493 ], [ 70.7593, 21.7663 ], [ 70.7658, 21.7963 ], [ 70.7751, 21.8024 ], [ 70.789, 21.7859 ], [ 70.7863, 21.7815 ], [ 70.8015, 21.7736 ], [ 70.7935, 21.7701 ], [ 70.7892, 21.7587 ], [ 70.7664, 21.7493 ] ] ], [ [ [ 71.5324, 20.9029 ], [ 71.5257, 20.9037 ], [ 71.5282, 20.9048 ], [ 71.5324, 20.9029 ] ] ], [ [ [ 71.5245, 20.9049 ], [ 71.5099, 20.9039 ], [ 71.5128, 20.9111 ], [ 71.5181, 20.9124 ], [ 71.5245, 20.9049 ] ] ], [ [ [ 71.6507, 21.1037 ], [ 71.6505, 21.0955 ], [ 71.64, 21.0887 ], [ 71.6345, 21.0939 ], [ 71.6437, 21.0983 ], [ 71.6345, 21.1038 ], [ 71.6416, 21.1045 ], [ 71.6403, 21.1106 ], [ 71.6507, 21.1171 ], [ 71.6537, 21.0982 ], [ 71.6507, 21.1037 ] ] ] ] } },
{ "type": "Feature", "properties": { "district": "Anand", "did": "gujarat:Anand", "state_key": "gujarat" }, "geometry": { "type": "Polygon", "coordinates": [ [ [ 72.7752, 22.2292 ], [ 72.7401, 22.2203 ], [ 72.699, 22.1999 ], [ 72.662, 22.2233 ], [ 72.6342, 22.2321 ], [ 72.5758, 22.2328 ], [ 72.5553, 22.2281 ], [ 72.5308, 22.2154 ], [ 72.4994, 22.1792 ], [ 72.4335, 22.1403 ], [ 72.3933, 22.1053 ], [ 72.3425, 22.1689 ], [ 72.3341, 22.1923 ], [ 72.3584, 22.2492 ], [ 72.3624, 22.2954 ], [ 72.3997, 22.3493 ], [ 72.401, 22.3597 ], [ 72.3835, 22.3734 ], [ 72.3467, 22.3782 ], [ 72.3415, 22.3867 ], [ 72.368, 22.4072 ], [ 72.3733, 22.4468 ], [ 72.3559, 22.4404 ], [ 72.3638, 22.4535 ], [ 72.3768, 22.4524 ], [ 72.3757, 22.4733 ], [ 72.4069, 22.4818 ], [ 72.4099, 22.4771 ], [ 72.4388, 22.5092 ], [ 72.44, 22.5351 ], [ 72.4225, 22.5625 ], [ 72.4263, 22.5717 ], [ 72.4318, 22.5737 ], [ 72.441, 22.5655 ], [ 72.5036, 22.6057 ], [ 72.5051, 22.614 ], [ 72.5124, 22.6134 ], [ 72.526, 22.5981 ], [ 72.5258, 22.5876 ], [ 72.5336, 22.5881 ], [ 72.5329, 22.5693 ], [ 72.5541, 22.5678 ], [ 72.5524, 22.5558 ], [ 72.5576, 22.5415 ], [ 72.5673, 22.5435 ], [ 72.5676, 22.52 ], [ 72.5737, 22.5213 ], [ 72.5765, 22.5041 ], [ 72.5994, 22.5008 ], [ 72.6047, 22.5096 ], [ 72.619, 22.5133 ], [ 72.6388, 22.5034 ], [ 72.6509, 22.5097 ], [ 72.6545, 22.5012 ], [ 72.6714, 22.5059 ], [ 72.6698, 22.5198 ], [ 72.667, 22.5303 ], [ 72.6422, 22.529 ], [ 72.6473, 22.5456 ], [ 72.6711, 22.5636 ], [ 72.6685, 22.5725 ], [ 72.6753, 22.586 ], [ 72.6913, 22.5903 ], [ 72.6976, 22.5819 ], [ 72.7105, 22.5897 ], [ 72.7057, 22.5995 ], [ 72.694, 22.5989 ], [ 72.689, 22.6054 ], [ 72.6856, 22.6292 ], [ 72.7085, 22.6337 ], [ 72.7173, 22.6248 ], [ 72.7189, 22.6309 ], [ 72.7275, 22.6293 ], [ 72.7338, 22.6405 ], [ 72.744, 22.6443 ], [ 72.7417, 22.63 ], [ 72.7323, 22.6254 ], [ 72.7352, 22.6116 ], [ 72.7569, 22.6126 ], [ 72.7504, 22.5971 ], [ 72.7608, 22.5908 ], [ 72.7795, 22.5901 ], [ 72.7709, 22.6123 ], [ 72.7767, 22.6198 ], [ 72.7902, 22.6233 ], [ 72.796, 22.6094 ], [ 72.8219, 22.6072 ], [ 72.8305, 22.5943 ], [ 72.8506, 22.6017 ], [ 72.8564, 22.6095 ], [ 72.8538, 22.6184 ], [ 72.8719, 22.6204 ], [ 72.875, 22.6035 ], [ 72.863, 22.6009 ], [ 72.8597, 22.5914 ], [ 72.8672, 22.5824 ], [ 72.8976, 22.595 ], [ 72.9007, 22.5903 ], [ 72.9132, 22.593 ], [ 72.925, 22.606 ], [ 72.9298, 22.6292 ], [ 72.9628, 22.6339 ], [ 72.9751, 22.6417 ], [ 72.9763, 22.6529 ], [ 72.9849, 22.6537 ], [ 72.9973, 22.7 ], [ 73.0092, 22.7053 ], [ 73.0036, 22.7227 ], [ 73.0217, 22.7254 ], [ 73.0252, 22.735 ], [ 73.039, 22.729 ], [ 73.0368, 22.7213 ], [ 73.0443, 22.7132 ], [ 73.0997, 22.7276 ], [ 73.0975, 22.7178 ], [ 73.1248, 22.7221 ], [ 73.1365, 22.7174 ], [ 73.1579, 22.6814 ], [ 73.1828, 22.6871 ], [ 73.2023, 22.6833 ], [ 73.2014, 22.669 ], [ 73.1945, 22.6705 ], [ 73.213, 22.6515 ], [ 73.2195, 22.6222 ], [ 73.2011, 22.6179 ], [ 73.1913, 22.6032 ], [ 73.1597, 22.5922 ], [ 73.1373, 22.5261 ], [ 73.1165, 22.5159 ], [ 73.1, 22.5155 ], [ 73.0879, 22.5027 ], [ 73.0934, 22.4555 ], [ 73.065, 22.4284 ], [ 73.073, 22.3971 ], [ 73.0468, 22.3628 ], [ 73.0636, 22.3204 ], [ 73.0599, 22.3111 ], [ 73.0351, 22.2958 ], [ 73.0092, 22.2677 ], [ 72.9745, 22.2541 ], [ 72.9682, 22.2628 ], [ 72.9517, 22.2633 ], [ 72.9455, 22.3017 ], [ 72.9313, 22.3067 ], [ 72.9111, 22.2937 ], [ 72.917, 22.2743 ], [ 72.9105, 22.262 ], [ 72.8954, 22.2599 ], [ 72.8686, 22.2746 ], [ 72.8406, 22.275 ], [ 72.7752, 22.2292 ] ], [ [ 72.7417, 22.5985 ], [ 72.7459, 22.5967 ], [ 72.7457, 22.6042 ], [ 72.7407, 22.6044 ], [ 72.7417, 22.5985 ] ] ] } },
{ "type": "Feature", "properties": { "district": "Aravalli", "did": "gujarat:Aravalli", "state_key": "gujarat" }, "geometry": { "type": "MultiPolygon", "coordinates": [ [ [ [ 73.3741, 23.2363 ], [ 73.3851, 23.2209 ], [ 73.3417, 23.2002 ], [ 73.3474, 23.1889 ], [ 73.3423, 23.1816 ], [ 73.3505, 23.1836 ], [ 73.3556, 23.1769 ], [ 73.3746, 23.1715 ], [ 73.3691, 23.1507 ], [ 73.3725, 23.137 ], [ 73.3639, 23.1313 ], [ 73.3558, 23.1385 ], [ 73.3387, 23.1306 ], [ 73.3421, 23.1038 ], [ 73.3306, 23.0987 ], [ 73.326, 23.0821 ], [ 73.2989, 23.0839 ], [ 73.276, 23.0586 ], [ 73.241, 23.0706 ], [ 73.2371, 23.0864 ], [ 73.229, 23.0843 ], [ 73.2251, 23.1055 ], [ 73.2058, 23.1101 ], [ 73.2024, 23.1458 ], [ 73.1921, 23.1449 ], [ 73.1887, 23.1501 ], [ 73.171, 23.1345 ], [ 73.151, 23.1672 ], [ 73.1581, 23.1732 ], [ 73.1555, 23.1929 ], [ 73.1339, 23.2057 ], [ 73.1207, 23.1866 ], [ 73.0935, 23.1684 ], [ 73.0752, 23.1672 ], [ 73.0698, 23.1597 ], [ 73.0445, 23.1654 ], [ 73.0335, 23.1623 ], [ 73.0322, 23.1682 ], [ 73.0258, 23.1652 ], [ 73.0198, 23.1695 ], [ 73.0189, 23.1599 ], [ 72.9804, 23.1594 ], [ 72.9712, 23.1636 ], [ 72.9844, 23.1749 ], [ 72.9775, 23.1784 ], [ 72.9862, 23.2006 ], [ 72.9814, 23.2225 ], [ 72.9999, 23.2703 ], [ 73.0536, 23.2853 ], [ 73.0559, 23.2758 ], [ 73.0506, 23.2715 ], [ 73.0668, 23.2579 ], [ 73.0905, 23.2742 ], [ 73.0784, 23.2929 ], [ 73.0864, 23.3148 ], [ 73.1033, 23.3246 ], [ 73.1029, 23.3485 ], [ 73.0859, 23.3579 ], [ 73.0874, 23.3674 ], [ 73.0732, 23.3729 ], [ 73.0929, 23.3842 ], [ 73.0922, 23.3757 ], [ 73.1146, 23.3713 ], [ 73.131, 23.3791 ], [ 73.1353, 23.3959 ], [ 73.1248, 23.4144 ], [ 73.144, 23.4142 ], [ 73.1407, 23.4229 ], [ 73.1226, 23.4167 ], [ 73.127, 23.4415 ], [ 73.117, 23.4534 ], [ 73.125, 23.4632 ], [ 73.1203, 23.4664 ], [ 73.1385, 23.4816 ], [ 73.1554, 23.4759 ], [ 73.1725, 23.5227 ], [ 73.1601, 23.5379 ], [ 73.1613, 23.5452 ], [ 73.1791, 23.554 ], [ 73.1961, 23.5544 ], [ 73.193, 23.5749 ], [ 73.2017, 23.578 ], [ 73.207, 23.5896 ], [ 73.2088, 23.6125 ], [ 73.2266, 23.617 ], [ 73.2293, 23.6336 ], [ 73.2421, 23.6333 ], [ 73.2449, 23.6233 ], [ 73.25, 23.6294 ], [ 73.2384, 23.6437 ], [ 73.2496, 23.6499 ], [ 73.255, 23.6585 ], [ 73.2335, 23.6672 ], [ 73.2371, 23.685 ], [ 73.2305, 23.6915 ], [ 73.2123, 23.6843 ], [ 73.1899, 23.7012 ], [ 73.1904, 23.7259 ], [ 73.1763, 23.7282 ], [ 73.1723, 23.7213 ], [ 73.1739, 23.7353 ], [ 73.1553, 23.736 ], [ 73.1703, 23.7764 ], [ 73.1844, 23.7772 ], [ 73.1943, 23.7917 ], [ 73.1801, 23.7922 ], [ 73.1773, 23.8071 ], [ 73.169, 23.8097 ], [ 73.1792, 23.8215 ], [ 73.2025, 23.8237 ], [ 73.2121, 23.8359 ], [ 73.2254, 23.8563 ], [ 73.227, 23.886 ], [ 73.2421, 23.8867 ], [ 73.2497, 23.8582 ], [ 73.2888, 23.8329 ], [ 73.3053, 23.8591 ], [ 73.287, 23.872 ], [ 73.2914, 23.8862 ], [ 73.3065, 23.8903 ], [ 73.3126, 23.881 ], [ 73.3252, 23.8888 ], [ 73.3422, 23.8836 ], [ 73.343, 23.9003 ], [ 73.3573, 23.9103 ], [ 73.3786, 23.9045 ], [ 73.3539, 23.8533 ], [ 73.3686, 23.8319 ], [ 73.3676, 23.8132 ], [ 73.3518, 23.7914 ], [ 73.3633, 23.7822 ], [ 73.3708, 23.7653 ], [ 73.3828, 23.7682 ], [ 73.4002, 23.7851 ], [ 73.418, 23.7768 ], [ 73.4243, 23.7616 ], [ 73.4477, 23.7529 ], [ 73.4492, 23.7348 ], [ 73.4714, 23.7197 ], [ 73.4735, 23.7052 ], [ 73.5074, 23.703 ], [ 73.5039, 23.6567 ], [ 73.4966, 23.6492 ], [ 73.5088, 23.6444 ], [ 73.4938, 23.6324 ], [ 73.5035, 23.6183 ], [ 73.5236, 23.6069 ], [ 73.5727, 23.6538 ], [ 73.6155, 23.6521 ], [ 73.6557, 23.6212 ], [ 73.6434, 23.5944 ], [ 73.6442, 23.5723 ], [ 73.6497, 23.5681 ], [ 73.6366, 23.5646 ], [ 73.6331, 23.5287 ], [ 73.6505, 23.5185 ], [ 73.6564, 23.5075 ], [ 73.6496, 23.4965 ], [ 73.6407, 23.4964 ], [ 73.6343, 23.4624 ], [ 73.6203, 23.4368 ], [ 73.6319, 23.4215 ], [ 73.6232, 23.4007 ], [ 73.6119, 23.3891 ], [ 73.5939, 23.3834 ], [ 73.5862, 23.3651 ], [ 73.564, 23.3461 ], [ 73.5573, 23.3175 ], [ 73.5402, 23.3083 ], [ 73.5272, 23.2862 ], [ 73.4751, 23.2686 ], [ 73.4729, 23.2885 ], [ 73.4339, 23.2749 ], [ 73.3741, 23.2363 ] ], [ [ 73.4355, 23.2826 ], [ 73.4349, 23.288 ], [ 73.4226, 23.2845 ], [ 73.4243, 23.2785 ], [ 73.4355, 23.2826 ] ] ], [ [ [ 73.1538, 23.4969 ], [ 73.1536, 23.4956 ], [ 73.152, 23.4958 ], [ 73.156, 23.4993 ], [ 73.1538, 23.4969 ] ] ] ] } },
{ "type": "Feature", "properties": { "district": "Banas Kantha", "did": "gujarat:Banas Kantha", "state_key": "gujarat" }, "geometry": { "type": "MultiPolygon", "coordinates": [ [ [ [ 72.1011, 24.0346 ], [ 72.0929, 24.0332 ], [ 72.0902, 24.0415 ], [ 72.0607, 24.0325 ], [ 72.0317, 24.053 ], [ 72.0287, 24.0674 ], [ 72.0189, 24.0721 ], [ 72.0129, 24.0687 ], [ 72.0129, 24.0498 ], [ 72.0225, 24.0394 ], [ 72.0274, 24.0193 ], [ 72.0506, 23.9989 ], [ 72.0388, 23.98 ], [ 72.0204, 23.978 ], [ 72.0117, 23.9853 ], [ 72.0059, 23.9659 ], [ 71.9988, 23.9689 ], [ 71.9989, 23.9835 ], [ 71.9858, 23.9973 ], [ 71.961, 23.9911 ], [ 71.9491, 24.0081 ], [ 71.9254, 24.0092 ], [ 71.9288, 23.9796 ], [ 71.9488, 23.9732 ], [ 71.9478, 23.9633 ], [ 71.9291, 23.9524 ], [ 71.9381, 23.9277 ], [ 71.9744, 23.9056 ], [ 71.9777, 23.8893 ], [ 71.9582, 23.8888 ], [ 71.9369, 23.8806 ], [ 71.9241, 23.8845 ], [ 71.9013, 23.8733 ], [ 71.8895, 23.8784 ], [ 71.8674, 23.8696 ], [ 71.8613, 23.847 ], [ 71.8279, 23.8444 ], [ 71.8151, 23.8552 ], [ 71.779, 23.8449 ], [ 71.7665, 23.8268 ], [ 71.7617, 23.8416 ], [ 71.7509, 23.8409 ], [ 71.745, 23.8505 ], [ 71.7276, 23.8556 ], [ 71.7143, 23.8702 ], [ 71.7088, 23.8822 ], [ 71.7174, 23.9277 ], [ 71.6978, 23.9304 ], [ 71.6885, 23.9708 ], [ 71.6651, 23.9725 ], [ 71.6433, 23.9574 ], [ 71.6219, 23.9541 ], [ 71.6052, 23.9425 ], [ 71.5869, 23.9634 ], [ 71.5916, 23.9765 ], [ 71.5605, 23.9794 ], [ 71.567, 23.9836 ], [ 71.5657, 23.9961 ], [ 71.5544, 24.001 ], [ 71.5471, 23.9951 ], [ 71.5461, 23.9819 ], [ 71.5168, 23.9802 ], [ 71.4981, 23.9697 ], [ 71.4875, 23.9754 ], [ 71.4911, 24.0148 ], [ 71.479, 24.0253 ], [ 71.464, 24.0133 ], [ 71.4611, 23.9991 ], [ 71.4426, 23.981 ], [ 71.4498, 23.9821 ], [ 71.4465, 23.9709 ], [ 71.4545, 23.9647 ], [ 71.4446, 23.9413 ], [ 71.4217, 23.935 ], [ 71.4161, 23.9252 ], [ 71.3952, 23.9658 ], [ 71.3884, 23.9652 ], [ 71.3839, 23.9539 ], [ 71.3742, 23.9552 ], [ 71.366, 23.9706 ], [ 71.3354, 23.9703 ], [ 71.3092, 23.9933 ], [ 71.2954, 23.987 ], [ 71.285, 23.9916 ], [ 71.2916, 24.0197 ], [ 71.3219, 24.0523 ], [ 71.3048, 24.0612 ], [ 71.3157, 24.0719 ], [ 71.3113, 24.0749 ], [ 71.3175, 24.0787 ], [ 71.3161, 24.0956 ], [ 71.3364, 24.1053 ], [ 71.3317, 24.1196 ], [ 71.3024, 24.1211 ], [ 71.3017, 24.1292 ], [ 71.2822, 24.1326 ], [ 71.2728, 24.1414 ], [ 71.2855, 24.1497 ], [ 71.2576, 24.159 ], [ 71.2728, 24.1763 ], [ 71.3021, 24.1599 ], [ 71.3094, 24.1662 ], [ 71.3249, 24.1643 ], [ 71.3289, 24.172 ], [ 71.3306, 24.1644 ], [ 71.3375, 24.1638 ], [ 71.3453, 24.1686 ], [ 71.3436, 24.1773 ], [ 71.3584, 24.1732 ], [ 71.3607, 24.1857 ], [ 71.326, 24.1822 ], [ 71.3297, 24.1957 ], [ 71.3029, 24.2075 ], [ 71.3002, 24.2148 ], [ 71.31, 24.2221 ], [ 71.2905, 24.2251 ], [ 71.2798, 24.2366 ], [ 71.2883, 24.2386 ], [ 71.2918, 24.2482 ], [ 71.2855, 24.2486 ], [ 71.2854, 24.2421 ], [ 71.2742, 24.2578 ], [ 71.2838, 24.2658 ], [ 71.2893, 24.2583 ], [ 71.3027, 24.2597 ], [ 71.2972, 24.2661 ], [ 71.2999, 24.2728 ], [ 71.305, 24.2714 ], [ 71.3033, 24.282 ], [ 71.2946, 24.301 ], [ 71.3104, 24.3118 ], [ 71.3142, 24.3221 ], [ 71.3167, 24.317 ], [ 71.3198, 24.3237 ], [ 71.3748, 24.3339 ], [ 71.382, 24.348 ], [ 71.3711, 24.3508 ], [ 71.384, 24.3507 ], [ 71.3736, 24.3785 ], [ 71.3672, 24.3759 ], [ 71.362, 24.3841 ], [ 71.3661, 24.3915 ], [ 71.3461, 24.3868 ], [ 71.3474, 24.3925 ], [ 71.323, 24.3942 ], [ 71.319, 24.4023 ], [ 71.3242, 24.4136 ], [ 71.343, 24.4254 ], [ 71.3438, 24.4319 ], [ 71.3362, 24.4304 ], [ 71.3205, 24.4455 ], [ 71.3312, 24.4609 ], [ 71.3376, 24.4559 ], [ 71.3492, 24.4576 ], [ 71.3339, 24.4702 ], [ 71.3423, 24.4754 ], [ 71.3314, 24.4794 ], [ 71.3453, 24.5 ], [ 71.3485, 24.5176 ], [ 71.2924, 24.5191 ], [ 71.2568, 24.5081 ], [ 71.2602, 24.5334 ], [ 71.2973, 24.5644 ], [ 71.3068, 24.5894 ], [ 71.2846, 24.5939 ], [ 71.2878, 24.6162 ], [ 71.3045, 24.6287 ], [ 71.3135, 24.6476 ], [ 71.3482, 24.6609 ], [ 71.3586, 24.6308 ], [ 71.3778, 24.626 ], [ 71.383, 24.6337 ], [ 71.3912, 24.6313 ], [ 71.3984, 24.6408 ], [ 71.4226, 24.6478 ], [ 71.4477, 24.6684 ], [ 71.462, 24.6665 ], [ 71.4792, 24.6796 ], [ 71.5138, 24.6789 ], [ 71.5289, 24.6847 ], [ 71.5418, 24.6758 ], [ 71.573, 24.6834 ], [ 71.5898, 24.6672 ], [ 71.6076, 24.6766 ], [ 71.6193, 24.6674 ], [ 71.6242, 24.6697 ], [ 71.6289, 24.6599 ], [ 71.6388, 24.6595 ], [ 71.6439, 24.6439 ], [ 71.6554, 24.6392 ], [ 71.7064, 24.6613 ], [ 71.7356, 24.66 ], [ 71.7727, 24.6759 ], [ 71.7915, 24.6773 ], [ 71.803, 24.6716 ], [ 71.8104, 24.6561 ], [ 71.8059, 24.6268 ], [ 71.816, 24.6203 ], [ 71.8378, 24.6213 ], [ 71.8522, 24.6094 ], [ 71.8654, 24.6307 ], [ 71.8578, 24.6662 ], [ 71.8718, 24.6818 ], [ 71.8882, 24.6721 ], [ 71.9075, 24.6776 ], [ 71.9186, 24.6721 ], [ 71.9203, 24.6642 ], [ 71.9116, 24.6586 ], [ 71.9154, 24.6495 ], [ 71.9255, 24.636 ], [ 71.9399, 24.6338 ], [ 71.9774, 24.6569 ], [ 71.9883, 24.6575 ], [ 71.9838, 24.6859 ], [ 71.9938, 24.6951 ], [ 72.0011, 24.6949 ], [ 72.0014, 24.6884 ], [ 72.0125, 24.6906 ], [ 72.0583, 24.7125 ], [ 72.0847, 24.707 ], [ 72.0928, 24.6819 ], [ 72.0861, 24.6776 ], [ 72.0898, 24.6587 ], [ 72.1088, 24.6466 ], [ 72.115, 24.6484 ], [ 72.1246, 24.6386 ], [ 72.1503, 24.6437 ], [ 72.1648, 24.6213 ], [ 72.192, 24.62 ], [ 72.1966, 24.6147 ], [ 72.1947, 24.623 ], [ 72.2167, 24.6269 ], [ 72.2304, 24.6406 ], [ 72.2547, 24.6249 ], [ 72.2708, 24.6376 ], [ 72.2737, 24.6284 ], [ 72.2892, 24.6195 ], [ 72.2971, 24.6248 ], [ 72.305, 24.6175 ], [ 72.3202, 24.6178 ], [ 72.3354, 24.6333 ], [ 72.3473, 24.6285 ], [ 72.3356, 24.5986 ], [ 72.3136, 24.594 ], [ 72.2974, 24.609 ], [ 72.2897, 24.6039 ], [ 72.2763, 24.6075 ], [ 72.2644, 24.6045 ], [ 72.2464, 24.5856 ], [ 72.2647, 24.5603 ], [ 72.2855, 24.5654 ], [ 72.2893, 24.548 ], [ 72.2954, 24.5466 ], [ 72.329, 24.5524 ], [ 72.3309, 24.5693 ], [ 72.341, 24.5632 ], [ 72.3537, 24.5638 ], [ 72.3584, 24.5509 ], [ 72.3699, 24.5437 ], [ 72.3797, 24.5124 ], [ 72.3886, 24.5077 ], [ 72.4163, 24.5212 ], [ 72.4411, 24.5153 ], [ 72.4429, 24.504 ], [ 72.4302, 24.4802 ], [ 72.4338, 24.4601 ], [ 72.4515, 24.4421 ], [ 72.4572, 24.4148 ], [ 72.5004, 24.4171 ], [ 72.4932, 24.4591 ], [ 72.5044, 24.4584 ], [ 72.5048, 24.4716 ], [ 72.5202, 24.5 ], [ 72.5352, 24.5057 ], [ 72.5382, 24.5197 ], [ 72.5759, 24.4789 ], [ 72.6563, 24.4622 ], [ 72.6834, 24.4639 ], [ 72.6875, 24.4526 ], [ 72.6798, 24.4429 ], [ 72.6891, 24.4117 ], [ 72.725, 24.3672 ], [ 72.7326, 24.3636 ], [ 72.7714, 24.3682 ], [ 72.8058, 24.3629 ], [ 72.8148, 24.3702 ], [ 72.8536, 24.3715 ], [ 72.8912, 24.357 ], [ 72.9107, 24.3372 ], [ 72.9595, 24.361 ], [ 72.9665, 24.3487 ], [ 72.962, 24.3217 ], [ 72.9671, 24.3132 ], [ 72.9743, 24.3072 ], [ 72.9967, 24.308 ], [ 73.0015, 24.2891 ], [ 73.0135, 24.2785 ], [ 73.0226, 24.2816 ], [ 73.0279, 24.2746 ], [ 73.0139, 24.2348 ], [ 72.9916, 24.2235 ], [ 72.9918, 24.184 ], [ 72.9567, 24.159 ], [ 72.9529, 24.1386 ], [ 72.9429, 24.1353 ], [ 72.9405, 24.1207 ], [ 72.9464, 24.1091 ], [ 72.9275, 24.0885 ], [ 72.9307, 24.0716 ], [ 72.9223, 24.0592 ], [ 72.9232, 24.0407 ], [ 72.8987, 24.0255 ], [ 72.8667, 24.0247 ], [ 72.8563, 24.0455 ], [ 72.8391, 24.0399 ], [ 72.8186, 24.0492 ], [ 72.7922, 24.0796 ], [ 72.7827, 24.102 ], [ 72.7684, 24.0977 ], [ 72.7619, 24.0707 ], [ 72.7538, 24.0711 ], [ 72.7494, 24.079 ], [ 72.7347, 24.0765 ], [ 72.73, 24.0941 ], [ 72.713, 24.0992 ], [ 72.7047, 24.0841 ], [ 72.6859, 24.0731 ], [ 72.67, 24.0713 ], [ 72.6522, 24.0838 ], [ 72.644, 24.0753 ], [ 72.6371, 24.076 ], [ 72.6357, 24.0644 ], [ 72.62, 24.0539 ], [ 72.6368, 24.0423 ], [ 72.6399, 24.0239 ], [ 72.6485, 24.0269 ], [ 72.6507, 23.994 ], [ 72.6462, 23.9895 ], [ 72.6291, 23.9937 ], [ 72.5909, 23.9774 ], [ 72.5844, 23.936 ], [ 72.5659, 23.9335 ], [ 72.5455, 23.9404 ], [ 72.5346, 23.9351 ], [ 72.5247, 23.9441 ], [ 72.5107, 23.9346 ], [ 72.4873, 23.932 ], [ 72.4812, 23.9341 ], [ 72.4762, 23.9662 ], [ 72.4513, 23.9743 ], [ 72.4381, 23.9671 ], [ 72.4298, 23.9836 ], [ 72.4272, 23.9765 ], [ 72.4195, 23.9781 ], [ 72.4142, 23.9725 ], [ 72.3861, 23.9754 ], [ 72.3836, 23.9682 ], [ 72.3702, 23.9717 ], [ 72.3612, 24.01 ], [ 72.3443, 24.014 ], [ 72.3398, 24.0378 ], [ 72.3093, 24.0386 ], [ 72.2994, 24.0532 ], [ 72.2705, 24.0555 ], [ 72.2557, 24.0814 ], [ 72.2342, 24.0722 ], [ 72.2218, 24.0758 ], [ 72.2063, 24.1142 ], [ 72.2235, 24.1311 ], [ 72.2176, 24.1433 ], [ 72.2039, 24.1491 ], [ 72.1977, 24.137 ], [ 72.1853, 24.1303 ], [ 72.1876, 24.1223 ], [ 72.1771, 24.1183 ], [ 72.149, 24.1296 ], [ 72.154, 24.1351 ], [ 72.1493, 24.1526 ], [ 72.1203, 24.1527 ], [ 72.1111, 24.1356 ], [ 72.0939, 24.1417 ], [ 72.0898, 24.1388 ], [ 72.0929, 24.1242 ], [ 72.145, 24.1272 ], [ 72.1506, 24.1179 ], [ 72.1471, 24.1045 ], [ 72.1573, 24.0956 ], [ 72.1479, 24.0766 ], [ 72.1362, 24.0702 ], [ 72.1326, 24.0529 ], [ 72.101, 24.0536 ], [ 72.1011, 24.0346 ] ] ], [ [ [ 71.2163, 24.2045 ], [ 71.2246, 24.2184 ], [ 71.235, 24.2099 ], [ 71.242, 24.2131 ], [ 71.2348, 24.2028 ], [ 71.2163, 24.2045 ] ] ], [ [ [ 71.2049, 24.2181 ], [ 71.1875, 24.2115 ], [ 71.1377, 24.2493 ], [ 71.1288, 24.2693 ], [ 71.1333, 24.2746 ], [ 71.1422, 24.2737 ], [ 71.2109, 24.2416 ], [ 71.2049, 24.2181 ] ] ] ] } },
{ "type": "Feature", "properties": { "district": "Bharuch", "did": "gujarat:Bharuch", "state_key": "gujarat" }, "geometry": { "type": "MultiPolygon", "coordinates": [ [ [ [ 72.9216, 21.4527 ], [ 72.9068, 21.43 ], [ 72.8937, 21.4334 ], [ 72.8875, 21.4449 ], [ 72.8681, 21.4335 ], [ 72.8778, 21.4464 ], [ 72.871, 21.456 ], [ 72.8679, 21.4441 ], [ 72.8508, 21.4535 ], [ 72.8371, 21.4486 ], [ 72.8232, 21.4262 ], [ 72.7894, 21.4213 ], [ 72.7831, 21.4285 ], [ 72.7869, 21.4583 ], [ 72.7611, 21.4487 ], [ 72.752, 21.4547 ], [ 72.7504, 21.4669 ], [ 72.735, 21.4748 ], [ 72.6964, 21.464 ], [ 72.6803, 21.4459 ], [ 72.6611, 21.4439 ], [ 72.6457, 21.4195 ], [ 72.6393, 21.4209 ], [ 72.6131, 21.4001 ], [ 72.6153, 21.4057 ], [ 72.5937, 21.4005 ], [ 72.5792, 21.4092 ], [ 72.6022, 21.4385 ], [ 72.6558, 21.4692 ], [ 72.6758, 21.5021 ], [ 72.687, 21.5014 ], [ 72.7028, 21.5257 ], [ 72.7079, 21.5284 ], [ 72.7149, 21.522 ], [ 72.712, 21.5272 ], [ 72.73, 21.5271 ], [ 72.7258, 21.53 ], [ 72.7387, 21.534 ], [ 72.7371, 21.5305 ], [ 72.75, 21.5275 ], [ 72.7501, 21.5417 ], [ 72.7628, 21.5489 ], [ 72.7702, 21.5625 ], [ 72.7613, 21.5646 ], [ 72.7601, 21.5603 ], [ 72.7545, 21.5663 ], [ 72.7621, 21.5668 ], [ 72.7626, 21.5733 ], [ 72.7636, 21.5689 ], [ 72.7669, 21.574 ], [ 72.7739, 21.5715 ], [ 72.7851, 21.5874 ], [ 72.8022, 21.5872 ], [ 72.7977, 21.5956 ], [ 72.8203, 21.6111 ], [ 72.8301, 21.6284 ], [ 72.8285, 21.6509 ], [ 72.8417, 21.6558 ], [ 72.8679, 21.6422 ], [ 72.8733, 21.6449 ], [ 72.8772, 21.6726 ], [ 72.895, 21.6751 ], [ 72.9068, 21.6649 ], [ 72.963, 21.674 ], [ 72.9611, 21.6819 ], [ 72.9228, 21.676 ], [ 72.8619, 21.6876 ], [ 72.8441, 21.6802 ], [ 72.8178, 21.6583 ], [ 72.8013, 21.6577 ], [ 72.7622, 21.67 ], [ 72.737, 21.6911 ], [ 72.7129, 21.6796 ], [ 72.6981, 21.6844 ], [ 72.6853, 21.6815 ], [ 72.6713, 21.689 ], [ 72.6559, 21.6808 ], [ 72.6054, 21.6877 ], [ 72.6006, 21.6859 ], [ 72.6052, 21.6833 ], [ 72.5576, 21.6595 ], [ 72.5483, 21.6587 ], [ 72.5371, 21.6662 ], [ 72.5316, 21.714 ], [ 72.539, 21.7311 ], [ 72.5459, 21.735 ], [ 72.5586, 21.732 ], [ 72.6072, 21.7531 ], [ 72.601, 21.7841 ], [ 72.602, 21.7898 ], [ 72.61, 21.7902 ], [ 72.5996, 21.7923 ], [ 72.593, 21.8049 ], [ 72.6204, 21.8299 ], [ 72.6103, 21.8397 ], [ 72.6234, 21.8838 ], [ 72.633, 21.8804 ], [ 72.6388, 21.8901 ], [ 72.6452, 21.8882 ], [ 72.6482, 21.8973 ], [ 72.6592, 21.8914 ], [ 72.6709, 21.8957 ], [ 72.6913, 21.8826 ], [ 72.6977, 21.8889 ], [ 72.6919, 21.9419 ], [ 72.7194, 21.9392 ], [ 72.7483, 21.9663 ], [ 72.734, 21.9783 ], [ 72.7356, 21.9868 ], [ 72.7252, 21.9965 ], [ 72.7096, 21.9792 ], [ 72.7152, 21.9664 ], [ 72.7078, 21.9534 ], [ 72.6918, 21.9521 ], [ 72.6806, 21.9593 ], [ 72.64, 21.9568 ], [ 72.588, 21.9224 ], [ 72.5804, 21.9245 ], [ 72.5454, 21.911 ], [ 72.5371, 21.9276 ], [ 72.5291, 21.9311 ], [ 72.5312, 21.9431 ], [ 72.5407, 21.9439 ], [ 72.5336, 21.9476 ], [ 72.5475, 21.9543 ], [ 72.5479, 21.9644 ], [ 72.5412, 21.9652 ], [ 72.5413, 21.9589 ], [ 72.5305, 21.9551 ], [ 72.5259, 21.9599 ], [ 72.5398, 21.9618 ], [ 72.5311, 21.9659 ], [ 72.5386, 21.9775 ], [ 72.5281, 21.9778 ], [ 72.5281, 21.9823 ], [ 72.5387, 21.9819 ], [ 72.5337, 21.9826 ], [ 72.5337, 21.9869 ], [ 72.5378, 21.9833 ], [ 72.5485, 21.9911 ], [ 72.5368, 22.0622 ], [ 72.5375, 22.0761 ], [ 72.5472, 22.0782 ], [ 72.5385, 22.0895 ], [ 72.5461, 22.1088 ], [ 72.5471, 22.1419 ], [ 72.5696, 22.1862 ], [ 72.5825, 22.1873 ], [ 72.5755, 22.1908 ], [ 72.579, 22.197 ], [ 72.5886, 22.2051 ], [ 72.591, 22.199 ], [ 72.5986, 22.2 ], [ 72.5938, 22.2027 ], [ 72.5981, 22.2056 ], [ 72.5908, 22.2047 ], [ 72.6055, 22.2133 ], [ 72.6509, 22.2152 ], [ 72.6523, 22.2102 ], [ 72.6544, 22.214 ], [ 72.6644, 22.2074 ], [ 72.659, 22.2018 ], [ 72.6595, 22.1994 ], [ 72.6706, 22.1968 ], [ 72.6684, 22.2046 ], [ 72.7047, 22.1824 ], [ 72.7216, 22.1835 ], [ 72.7332, 22.1754 ], [ 72.7602, 22.1714 ], [ 72.7827, 22.1576 ], [ 72.7828, 22.1929 ], [ 72.8227, 22.2092 ], [ 72.8225, 22.2282 ], [ 72.8263, 22.2242 ], [ 72.8273, 22.2291 ], [ 72.8418, 22.2316 ], [ 72.8426, 22.2397 ], [ 72.8477, 22.2349 ], [ 72.8485, 22.2404 ], [ 72.8538, 22.2389 ], [ 72.8688, 22.2095 ], [ 72.8771, 22.2059 ], [ 72.8768, 22.1814 ], [ 72.8832, 22.1751 ], [ 72.9151, 22.1924 ], [ 72.9268, 22.1861 ], [ 72.9268, 22.1691 ], [ 72.8904, 22.1602 ], [ 72.8858, 22.1721 ], [ 72.8629, 22.1552 ], [ 72.8639, 22.1409 ], [ 72.8736, 22.1393 ], [ 72.8799, 22.119 ], [ 72.8719, 22.1124 ], [ 72.8846, 22.0933 ], [ 72.8978, 22.0949 ], [ 72.9048, 22.0681 ], [ 72.9222, 22.0605 ], [ 72.9136, 22.0471 ], [ 72.9265, 22.0495 ], [ 72.9317, 22.0418 ], [ 72.9399, 22.0459 ], [ 72.9405, 22.0537 ], [ 72.9537, 22.0528 ], [ 72.9605, 22.0463 ], [ 72.9793, 22.0526 ], [ 72.9893, 22.0277 ], [ 72.9979, 22.019 ], [ 73.009, 22.0172 ], [ 73.026, 21.9956 ], [ 73.048, 22.0034 ], [ 73.0504, 22.0124 ], [ 73.0633, 22.0166 ], [ 73.068, 21.984 ], [ 73.0489, 21.9762 ], [ 73.048, 21.9395 ], [ 73.016, 21.942 ], [ 73.0021, 21.9357 ], [ 72.9939, 21.9271 ], [ 73.0, 21.9108 ], [ 73.0356, 21.9198 ], [ 73.0474, 21.9354 ], [ 73.0532, 21.9222 ], [ 73.0752, 21.9304 ], [ 73.0904, 21.9296 ], [ 73.0871, 21.9178 ], [ 73.0627, 21.9118 ], [ 73.0592, 21.8823 ], [ 73.0718, 21.8771 ], [ 73.0859, 21.8807 ], [ 73.0912, 21.8722 ], [ 73.1254, 21.8776 ], [ 73.1319, 21.8662 ], [ 73.1421, 21.8643 ], [ 73.1418, 21.8546 ], [ 73.1592, 21.8558 ], [ 73.184, 21.8314 ], [ 73.2096, 21.8223 ], [ 73.2463, 21.8406 ], [ 73.2485, 21.8651 ], [ 73.226, 21.8905 ], [ 73.2206, 21.9109 ], [ 73.2334, 21.9284 ], [ 73.2569, 21.9356 ], [ 73.2774, 21.9138 ], [ 73.2789, 21.9051 ], [ 73.3038, 21.8875 ], [ 73.2998, 21.8744 ], [ 73.3085, 21.8514 ], [ 73.3024, 21.8501 ], [ 73.2969, 21.8363 ], [ 73.2993, 21.8275 ], [ 73.3086, 21.8223 ], [ 73.3292, 21.8347 ], [ 73.3349, 21.8314 ], [ 73.336, 21.8104 ], [ 73.3476, 21.8144 ], [ 73.3559, 21.8103 ], [ 73.3742, 21.7804 ], [ 73.3954, 21.7758 ], [ 73.3943, 21.7603 ], [ 73.4097, 21.7497 ], [ 73.3955, 21.7171 ], [ 73.403, 21.7181 ], [ 73.407, 21.7093 ], [ 73.4316, 21.7179 ], [ 73.4397, 21.7094 ], [ 73.4532, 21.7192 ], [ 73.4691, 21.7209 ], [ 73.4781, 21.704 ], [ 73.4877, 21.704 ], [ 73.4876, 21.6935 ], [ 73.4999, 21.6812 ], [ 73.487, 21.6778 ], [ 73.4743, 21.6602 ], [ 73.4858, 21.6389 ], [ 73.4784, 21.6319 ], [ 73.4822, 21.6109 ], [ 73.4708, 21.609 ], [ 73.4735, 21.5938 ], [ 73.4502, 21.5754 ], [ 73.4415, 21.5572 ], [ 73.4416, 21.5385 ], [ 73.4528, 21.528 ], [ 73.4159, 21.5209 ], [ 73.4124, 21.5113 ], [ 73.399, 21.5088 ], [ 73.3769, 21.5194 ], [ 73.346, 21.5221 ], [ 73.3399, 21.5022 ], [ 73.3244, 21.4855 ], [ 73.3065, 21.5017 ], [ 73.3093, 21.5079 ], [ 73.2726, 21.5109 ], [ 73.2565, 21.5038 ], [ 73.2576, 21.4979 ], [ 73.2502, 21.4939 ], [ 73.2341, 21.4939 ], [ 73.2156, 21.5048 ], [ 73.1887, 21.5068 ], [ 73.1716, 21.4953 ], [ 73.1414, 21.4982 ], [ 73.1194, 21.4837 ], [ 73.1157, 21.4981 ], [ 73.1012, 21.5001 ], [ 73.1034, 21.508 ], [ 73.0778, 21.5054 ], [ 73.0755, 21.5517 ], [ 73.0681, 21.5638 ], [ 73.0551, 21.5693 ], [ 73.0469, 21.5634 ], [ 73.0484, 21.5421 ], [ 73.0366, 21.5334 ], [ 73.0562, 21.5029 ], [ 73.0547, 21.4842 ], [ 73.0422, 21.4771 ], [ 73.0367, 21.4848 ], [ 73.0261, 21.4827 ], [ 73.0166, 21.4989 ], [ 73.0207, 21.5212 ], [ 73.0079, 21.524 ], [ 72.9912, 21.543 ], [ 72.9847, 21.5401 ], [ 72.9838, 21.5228 ], [ 72.9413, 21.5125 ], [ 72.9529, 21.484 ], [ 72.9234, 21.4686 ], [ 72.9216, 21.4527 ] ] ], [ [ [ 72.7964, 21.6507 ], [ 72.8159, 21.6528 ], [ 72.8259, 21.6388 ], [ 72.8198, 21.6239 ], [ 72.7932, 21.6084 ], [ 72.7707, 21.6091 ], [ 72.7455, 21.5997 ], [ 72.7277, 21.5858 ], [ 72.721, 21.5848 ], [ 72.7188, 21.5917 ], [ 72.7062, 21.5859 ], [ 72.7019, 21.5921 ], [ 72.6924, 21.5814 ], [ 72.6705, 21.5731 ], [ 72.6469, 21.5476 ], [ 72.6422, 21.5322 ], [ 72.6257, 21.5394 ], [ 72.6113, 21.5305 ], [ 72.5962, 21.5356 ], [ 72.581, 21.5291 ], [ 72.5756, 21.5318 ], [ 72.5761, 21.5711 ], [ 72.584, 21.5766 ], [ 72.5802, 21.5857 ], [ 72.5919, 21.585 ], [ 72.6005, 21.5779 ], [ 72.5988, 21.5487 ], [ 72.6085, 21.5513 ], [ 72.6174, 21.547 ], [ 72.6073, 21.5607 ], [ 72.607, 21.5876 ], [ 72.6184, 21.6212 ], [ 72.6266, 21.6288 ], [ 72.6719, 21.6453 ], [ 72.74, 21.6448 ], [ 72.7694, 21.6571 ], [ 72.7964, 21.6507 ] ] ] ] } },
{ "type": "Feature", "properties": { "district": "Bhavnagar", "did": "gujarat:Bhavnagar", "state_key": "gujarat" }, "geometry": { "type": "MultiPolygon", "coordinates": [ [ [ [ 71.9763, 21.1332 ], [ 71.9739, 21.1222 ], [ 71.9533, 21.1235 ], [ 71.942, 21.1209 ], [ 71.9398, 21.1148 ], [ 71.8983, 21.1099 ], [ 71.879, 21.0888 ], [ 71.8664, 21.0885 ], [ 71.8498, 21.0763 ], [ 71.8131, 21.0675 ], [ 71.7976, 21.0552 ], [ 71.8059, 21.0381 ], [ 71.7805, 21.0392 ], [ 71.7844, 21.03 ], [ 71.7653, 21.0266 ], [ 71.761, 21.0206 ], [ 71.7396, 21.017 ], [ 71.7356, 21.0211 ], [ 71.7167, 21.0208 ], [ 71.6828, 21.0038 ], [ 71.6786, 20.9959 ], [ 71.6659, 21.0315 ], [ 71.6405, 21.0288 ], [ 71.6376, 21.0588 ], [ 71.6253, 21.0619 ], [ 71.6101, 21.0548 ], [ 71.6082, 21.0695 ], [ 71.6265, 21.07 ], [ 71.631, 21.0876 ], [ 71.6228, 21.1129 ], [ 71.6158, 21.1122 ], [ 71.6061, 21.1313 ], [ 71.5939, 21.1351 ], [ 71.5903, 21.1454 ], [ 71.5815, 21.1451 ], [ 71.5705, 21.1568 ], [ 71.5547, 21.1592 ], [ 71.5459, 21.1759 ], [ 71.5352, 21.1713 ], [ 71.5165, 21.1739 ], [ 71.5255, 21.1858 ], [ 71.5177, 21.2187 ], [ 71.5276, 21.2281 ], [ 71.5231, 21.2501 ], [ 71.533, 21.2639 ], [ 71.5287, 21.2763 ], [ 71.5369, 21.299 ], [ 71.5213, 21.3368 ], [ 71.5281, 21.3715 ], [ 71.5481, 21.3757 ], [ 71.5628, 21.3648 ], [ 71.5829, 21.3692 ], [ 71.5818, 21.4058 ], [ 71.5578, 21.4057 ], [ 71.5513, 21.3972 ], [ 71.544, 21.4122 ], [ 71.5519, 21.4164 ], [ 71.5515, 21.4432 ], [ 71.5332, 21.4433 ], [ 71.5246, 21.4623 ], [ 71.4919, 21.4613 ], [ 71.4779, 21.4812 ], [ 71.4872, 21.4942 ], [ 71.4896, 21.5193 ], [ 71.5017, 21.5452 ], [ 71.5458, 21.559 ], [ 71.5582, 21.5834 ], [ 71.5511, 21.6177 ], [ 71.5571, 21.6278 ], [ 71.5839, 21.6355 ], [ 71.5888, 21.6282 ], [ 71.6228, 21.6325 ], [ 71.6214, 21.6479 ], [ 71.6173, 21.646 ], [ 71.6022, 21.6592 ], [ 71.5897, 21.659 ], [ 71.5882, 21.6876 ], [ 71.5955, 21.6958 ], [ 71.614, 21.691 ], [ 71.622, 21.7022 ], [ 71.6391, 21.7031 ], [ 71.6337, 21.725 ], [ 71.6171, 21.731 ], [ 71.6119, 21.7448 ], [ 71.62, 21.7522 ], [ 71.6325, 21.7526 ], [ 71.635, 21.7753 ], [ 71.5991, 21.7812 ], [ 71.5996, 21.8009 ], [ 71.6017, 21.8124 ], [ 71.6175, 21.8189 ], [ 71.6171, 21.8338 ], [ 71.6411, 21.8335 ], [ 71.6645, 21.8465 ], [ 71.6636, 21.8657 ], [ 71.6838, 21.8704 ], [ 71.6815, 21.8926 ], [ 71.6905, 21.9094 ], [ 71.6754, 21.931 ], [ 71.676, 21.9438 ], [ 71.691, 21.9435 ], [ 71.7002, 21.9526 ], [ 71.7134, 21.9729 ], [ 71.7113, 21.9806 ], [ 71.7239, 21.9944 ], [ 71.7356, 21.9982 ], [ 71.7349, 22.0105 ], [ 71.756, 22.0131 ], [ 71.7604, 22.0064 ], [ 71.7769, 22.0117 ], [ 71.7889, 22.0077 ], [ 71.7938, 22.0219 ], [ 71.805, 22.0223 ], [ 71.8676, 22.0096 ], [ 71.8782, 22.024 ], [ 71.867, 22.0455 ], [ 71.8571, 22.0528 ], [ 71.8555, 22.0481 ], [ 71.8493, 22.0456 ], [ 71.8293, 22.0579 ], [ 71.8397, 22.0667 ], [ 71.8402, 22.0603 ], [ 71.8633, 22.0577 ], [ 71.8736, 22.0814 ], [ 71.8919, 22.0853 ], [ 71.8932, 22.1051 ], [ 71.9158, 22.1086 ], [ 71.921, 22.1303 ], [ 72.0208, 22.1045 ], [ 72.0321, 22.1212 ], [ 72.0601, 22.1033 ], [ 72.0613, 22.0845 ], [ 72.0803, 22.0553 ], [ 72.1233, 22.0573 ], [ 72.1509, 22.0156 ], [ 72.1753, 21.9907 ], [ 72.2184, 21.9816 ], [ 72.2322, 21.9906 ], [ 72.227, 22.0048 ], [ 72.2443, 21.9945 ], [ 72.2417, 21.9758 ], [ 72.2117, 21.9621 ], [ 72.203, 21.9128 ], [ 72.2042, 21.8911 ], [ 72.2416, 21.8242 ], [ 72.2355, 21.812 ], [ 72.2048, 21.8238 ], [ 72.2028, 21.8191 ], [ 72.2366, 21.78 ], [ 72.2537, 21.7352 ], [ 72.2828, 21.697 ], [ 72.2794, 21.6932 ], [ 72.3053, 21.6491 ], [ 72.3061, 21.626 ], [ 72.27, 21.5726 ], [ 72.2561, 21.5025 ], [ 72.2354, 21.456 ], [ 72.2106, 21.421 ], [ 72.1764, 21.3926 ], [ 72.1559, 21.3606 ], [ 72.1325, 21.3391 ], [ 72.1078, 21.3025 ], [ 72.1115, 21.2929 ], [ 72.0984, 21.2794 ], [ 72.0975, 21.2635 ], [ 72.0832, 21.2468 ], [ 72.0847, 21.2365 ], [ 72.1095, 21.21 ], [ 72.1123, 21.1989 ], [ 72.0877, 21.1919 ], [ 72.0459, 21.1633 ], [ 72.0178, 21.1539 ], [ 72.0083, 21.1449 ], [ 72.0102, 21.1347 ], [ 72.004, 21.1418 ], [ 71.9763, 21.1332 ] ], [ [ 71.6345, 21.1038 ], [ 71.6437, 21.0983 ], [ 71.6344, 21.0946 ], [ 71.6389, 21.0885 ], [ 71.6505, 21.0955 ], [ 71.6507, 21.1037 ], [ 71.6537, 21.0982 ], [ 71.6507, 21.1171 ], [ 71.6345, 21.1038 ] ], [ [ 71.7013, 21.8847 ], [ 71.6929, 21.8821 ], [ 71.6977, 21.8632 ], [ 71.7278, 21.8676 ], [ 71.7206, 21.8991 ], [ 71.7021, 21.8984 ], [ 71.7013, 21.8847 ] ], [ [ 71.853, 22.0486 ], [ 71.8539, 22.051 ], [ 71.8522, 22.0508 ], [ 71.853, 22.0486 ] ] ], [ [ [ 72.3544, 21.5936 ], [ 72.3503, 21.6084 ], [ 72.3612, 21.5957 ], [ 72.3544, 21.5936 ] ] ] ] } },
{ "type": "Feature", "properties": { "district": "Botad", "did": "gujarat:Botad", "state_key": "gujarat" }, "geometry": { "type": "MultiPolygon", "coordinates": [ [ [ [ 71.7206, 21.8991 ], [ 71.7278, 21.8676 ], [ 71.6977, 21.8632 ], [ 71.6929, 21.8821 ], [ 71.7013, 21.8847 ], [ 71.7065, 21.9014 ], [ 71.7206, 21.8991 ] ] ], [ [ [ 71.7356, 21.9982 ], [ 71.7239, 21.9944 ], [ 71.7113, 21.9806 ], [ 71.7134, 21.9729 ], [ 71.7002, 21.9526 ], [ 71.691, 21.9435 ], [ 71.676, 21.9438 ], [ 71.6754, 21.931 ], [ 71.6905, 21.9094 ], [ 71.6815, 21.8926 ], [ 71.6838, 21.8704 ], [ 71.6636, 21.8657 ], [ 71.6645, 21.8465 ], [ 71.6411, 21.8335 ], [ 71.6171, 21.8338 ], [ 71.6175, 21.8189 ], [ 71.6017, 21.8124 ], [ 71.5988, 21.7815 ], [ 71.635, 21.7753 ], [ 71.6325, 21.7526 ], [ 71.62, 21.7522 ], [ 71.6119, 21.7448 ], [ 71.6171, 21.731 ], [ 71.631, 21.729 ], [ 71.6392, 21.7075 ], [ 71.6391, 21.7031 ], [ 71.622, 21.7022 ], [ 71.6158, 21.6916 ], [ 71.6044, 21.6913 ], [ 71.5925, 21.6972 ], [ 71.5896, 21.7065 ], [ 71.5989, 21.7129 ], [ 71.6018, 21.7268 ], [ 71.5971, 21.7322 ], [ 71.5545, 21.7473 ], [ 71.5398, 21.7744 ], [ 71.5162, 21.7798 ], [ 71.4995, 21.8033 ], [ 71.4892, 21.8056 ], [ 71.4703, 21.8001 ], [ 71.4555, 21.8263 ], [ 71.4594, 21.8458 ], [ 71.4477, 21.8518 ], [ 71.4535, 21.8709 ], [ 71.4257, 21.878 ], [ 71.4238, 21.8858 ], [ 71.4245, 21.8787 ], [ 71.418, 21.8761 ], [ 71.4163, 21.8829 ], [ 71.4229, 21.8868 ], [ 71.4177, 21.9043 ], [ 71.4247, 21.9114 ], [ 71.434, 21.9061 ], [ 71.448, 21.9078 ], [ 71.4605, 21.8964 ], [ 71.4671, 21.9282 ], [ 71.4592, 21.9399 ], [ 71.4501, 21.9426 ], [ 71.448, 21.9515 ], [ 71.4188, 21.9449 ], [ 71.4051, 21.9491 ], [ 71.3907, 21.9708 ], [ 71.3926, 21.9806 ], [ 71.4232, 21.9905 ], [ 71.4262, 21.9967 ], [ 71.4626, 22.0022 ], [ 71.4615, 22.0358 ], [ 71.4887, 22.0464 ], [ 71.4881, 22.0553 ], [ 71.5005, 22.0541 ], [ 71.5001, 22.1033 ], [ 71.5092, 22.1119 ], [ 71.494, 22.1355 ], [ 71.4764, 22.1387 ], [ 71.4859, 22.187 ], [ 71.4777, 22.1856 ], [ 71.472, 22.1936 ], [ 71.4505, 22.2031 ], [ 71.4491, 22.2107 ], [ 71.4335, 22.2081 ], [ 71.4349, 22.2192 ], [ 71.4616, 22.2305 ], [ 71.4641, 22.246 ], [ 71.4607, 22.256 ], [ 71.4516, 22.2518 ], [ 71.4375, 22.2613 ], [ 71.4468, 22.2755 ], [ 71.4458, 22.2894 ], [ 71.4954, 22.304 ], [ 71.5321, 22.3439 ], [ 71.5651, 22.342 ], [ 71.5691, 22.3226 ], [ 71.5788, 22.3201 ], [ 71.5885, 22.3333 ], [ 71.5824, 22.3474 ], [ 71.5922, 22.3475 ], [ 71.5921, 22.3546 ], [ 71.6015, 22.3514 ], [ 71.6018, 22.3399 ], [ 71.6299, 22.344 ], [ 71.6263, 22.383 ], [ 71.6357, 22.3805 ], [ 71.6497, 22.4025 ], [ 71.674, 22.3845 ], [ 71.7115, 22.3993 ], [ 71.7209, 22.3823 ], [ 71.7355, 22.3825 ], [ 71.7413, 22.3637 ], [ 71.7547, 22.3612 ], [ 71.793, 22.3638 ], [ 71.7891, 22.3892 ], [ 71.7963, 22.3962 ], [ 71.7996, 22.3926 ], [ 71.8368, 22.3965 ], [ 71.8317, 22.3608 ], [ 71.847, 22.3576 ], [ 71.8406, 22.3218 ], [ 71.8476, 22.3149 ], [ 71.8577, 22.3168 ], [ 71.8521, 22.2906 ], [ 71.8659, 22.2819 ], [ 71.869, 22.266 ], [ 71.8786, 22.2619 ], [ 71.8803, 22.2539 ], [ 71.9042, 22.259 ], [ 71.9083, 22.2552 ], [ 71.9293, 22.2715 ], [ 71.9434, 22.253 ], [ 71.9966, 22.2507 ], [ 72.0139, 22.2414 ], [ 72.0312, 22.2447 ], [ 72.0182, 22.1948 ], [ 72.034, 22.1801 ], [ 72.0414, 22.1482 ], [ 72.0208, 22.1045 ], [ 71.921, 22.1303 ], [ 71.9158, 22.1086 ], [ 71.8932, 22.1051 ], [ 71.8919, 22.0853 ], [ 71.8736, 22.0814 ], [ 71.8633, 22.0577 ], [ 71.8402, 22.0603 ], [ 71.8397, 22.0667 ], [ 71.8293, 22.0579 ], [ 71.8493, 22.0456 ], [ 71.8555, 22.0481 ], [ 71.8571, 22.0528 ], [ 71.867, 22.0455 ], [ 71.8782, 22.024 ], [ 71.8676, 22.0096 ], [ 71.805, 22.0223 ], [ 71.7938, 22.0219 ], [ 71.7889, 22.0077 ], [ 71.7769, 22.0117 ], [ 71.7604, 22.0064 ], [ 71.756, 22.0131 ], [ 71.7346, 22.0095 ], [ 71.7356, 21.9982 ] ] ], [ [ [ 71.8522, 22.0508 ], [ 71.8539, 22.051 ], [ 71.853, 22.0486 ], [ 71.8522, 22.0508 ] ] ] ] } },
{ "type": "Feature", "properties": { "district": "Chhota Udepur", "did": "gujarat:Chhota Udepur", "state_key": "gujarat" }, "geometry": { "type": "Polygon", "coordinates": [ [ [ 74.0745, 22.2656 ], [ 74.075, 22.2476 ], [ 74.0872, 22.2428 ], [ 74.0693, 22.2327 ], [ 74.0722, 22.2191 ], [ 74.1062, 22.2202 ], [ 74.1223, 22.2124 ], [ 74.1174, 22.2065 ], [ 74.1214, 22.1674 ], [ 74.1339, 22.1605 ], [ 74.1228, 22.1357 ], [ 74.1288, 22.121 ], [ 74.1245, 22.0979 ], [ 74.1285, 22.0946 ], [ 74.1526, 22.106 ], [ 74.1537, 22.1004 ], [ 74.1693, 22.1006 ], [ 74.1787, 22.0855 ], [ 74.1647, 22.0828 ], [ 74.1601, 22.0588 ], [ 74.1314, 22.0478 ], [ 74.1401, 22.0403 ], [ 74.1237, 22.0361 ], [ 74.1143, 22.0244 ], [ 74.0921, 22.0148 ], [ 74.098, 21.9983 ], [ 74.1184, 21.9989 ], [ 74.1506, 21.9866 ], [ 74.1499, 21.9752 ], [ 74.1403, 21.9727 ], [ 74.1476, 21.9607 ], [ 74.1419, 21.9557 ], [ 74.1465, 21.9467 ], [ 74.1282, 21.9498 ], [ 74.0479, 21.925 ], [ 73.9405, 21.8709 ], [ 73.9312, 21.8892 ], [ 73.9108, 21.8983 ], [ 73.8893, 21.9262 ], [ 73.8682, 21.9243 ], [ 73.855, 21.9526 ], [ 73.8039, 21.9295 ], [ 73.8009, 21.9379 ], [ 73.8082, 21.9402 ], [ 73.7992, 21.9484 ], [ 73.79, 21.9312 ], [ 73.7787, 21.94 ], [ 73.781, 21.9599 ], [ 73.7707, 21.9677 ], [ 73.7482, 21.9625 ], [ 73.7289, 21.9815 ], [ 73.7046, 21.9768 ], [ 73.708, 22.0097 ], [ 73.6932, 21.9929 ], [ 73.6961, 21.9883 ], [ 73.6888, 21.9873 ], [ 73.6901, 22.0114 ], [ 73.6828, 22.0097 ], [ 73.6797, 22.001 ], [ 73.67, 22.0148 ], [ 73.676, 22.0431 ], [ 73.6836, 22.0432 ], [ 73.6845, 22.0512 ], [ 73.6775, 22.0538 ], [ 73.6605, 22.0431 ], [ 73.6573, 22.062 ], [ 73.6521, 22.0604 ], [ 73.6485, 22.072 ], [ 73.6304, 22.0669 ], [ 73.6308, 22.0795 ], [ 73.6148, 22.0703 ], [ 73.6091, 22.0821 ], [ 73.6029, 22.0711 ], [ 73.5823, 22.0649 ], [ 73.5761, 22.0536 ], [ 73.5629, 22.0615 ], [ 73.5632, 22.0546 ], [ 73.5449, 22.0476 ], [ 73.5309, 22.0507 ], [ 73.5291, 22.062 ], [ 73.5422, 22.0618 ], [ 73.5324, 22.0715 ], [ 73.5403, 22.0913 ], [ 73.5142, 22.0921 ], [ 73.5017, 22.0785 ], [ 73.4891, 22.0781 ], [ 73.4879, 22.0706 ], [ 73.4787, 22.0811 ], [ 73.4791, 22.1034 ], [ 73.5009, 22.1124 ], [ 73.507, 22.1344 ], [ 73.5189, 22.1448 ], [ 73.506, 22.1447 ], [ 73.5084, 22.1523 ], [ 73.4963, 22.1669 ], [ 73.5053, 22.1995 ], [ 73.4865, 22.2077 ], [ 73.4809, 22.219 ], [ 73.4916, 22.2246 ], [ 73.4916, 22.2359 ], [ 73.4981, 22.2356 ], [ 73.5084, 22.249 ], [ 73.5211, 22.2481 ], [ 73.5246, 22.2614 ], [ 73.5453, 22.2732 ], [ 73.5396, 22.2868 ], [ 73.5491, 22.2882 ], [ 73.5415, 22.2977 ], [ 73.5473, 22.3145 ], [ 73.5442, 22.3312 ], [ 73.6208, 22.3261 ], [ 73.6293, 22.3313 ], [ 73.6256, 22.3379 ], [ 73.6124, 22.3382 ], [ 73.6164, 22.3608 ], [ 73.6336, 22.3782 ], [ 73.6298, 22.3897 ], [ 73.6438, 22.3871 ], [ 73.6824, 22.3746 ], [ 73.7052, 22.3585 ], [ 73.7036, 22.3487 ], [ 73.6892, 22.3462 ], [ 73.6941, 22.3392 ], [ 73.6552, 22.3366 ], [ 73.6456, 22.3151 ], [ 73.6289, 22.3128 ], [ 73.6345, 22.3027 ], [ 73.6505, 22.2961 ], [ 73.6535, 22.2882 ], [ 73.6972, 22.2865 ], [ 73.6989, 22.2998 ], [ 73.7136, 22.3032 ], [ 73.7167, 22.29 ], [ 73.7261, 22.2928 ], [ 73.7308, 22.2881 ], [ 73.7316, 22.304 ], [ 73.7235, 22.3162 ], [ 73.7296, 22.3314 ], [ 73.7258, 22.3375 ], [ 73.7474, 22.3469 ], [ 73.7495, 22.3439 ], [ 73.7699, 22.3835 ], [ 73.7695, 22.3892 ], [ 73.7351, 22.3885 ], [ 73.7392, 22.3952 ], [ 73.7296, 22.4151 ], [ 73.7407, 22.4387 ], [ 73.7365, 22.4549 ], [ 73.7264, 22.4541 ], [ 73.7229, 22.4601 ], [ 73.7324, 22.4919 ], [ 73.7288, 22.5154 ], [ 73.7388, 22.534 ], [ 73.7555, 22.5473 ], [ 73.8097, 22.5488 ], [ 73.8387, 22.5333 ], [ 73.849, 22.5129 ], [ 73.8791, 22.5028 ], [ 73.8906, 22.5084 ], [ 73.9056, 22.5074 ], [ 73.9245, 22.5205 ], [ 73.9363, 22.5384 ], [ 73.965, 22.536 ], [ 73.9936, 22.556 ], [ 74.0153, 22.5594 ], [ 74.0175, 22.5741 ], [ 74.0393, 22.5704 ], [ 74.0556, 22.5625 ], [ 74.0611, 22.5498 ], [ 74.0411, 22.5418 ], [ 74.0385, 22.5158 ], [ 74.0294, 22.508 ], [ 74.0325, 22.4913 ], [ 74.0408, 22.4865 ], [ 74.0544, 22.5096 ], [ 74.0825, 22.5068 ], [ 74.0875, 22.4822 ], [ 74.086, 22.4768 ], [ 74.0822, 22.4844 ], [ 74.0765, 22.4836 ], [ 74.0753, 22.4643 ], [ 74.0857, 22.4699 ], [ 74.1042, 22.4645 ], [ 74.097, 22.4503 ], [ 74.0997, 22.438 ], [ 74.1191, 22.4188 ], [ 74.1278, 22.422 ], [ 74.134, 22.4459 ], [ 74.1428, 22.4469 ], [ 74.1492, 22.4557 ], [ 74.1553, 22.4541 ], [ 74.1525, 22.4431 ], [ 74.1604, 22.4312 ], [ 74.1697, 22.4318 ], [ 74.1695, 22.4393 ], [ 74.1841, 22.4415 ], [ 74.1799, 22.4622 ], [ 74.19, 22.4758 ], [ 74.2028, 22.4687 ], [ 74.2022, 22.434 ], [ 74.2134, 22.4315 ], [ 74.2152, 22.4413 ], [ 74.2528, 22.4329 ], [ 74.2706, 22.4131 ], [ 74.2675, 22.4056 ], [ 74.2912, 22.394 ], [ 74.2707, 22.3927 ], [ 74.2567, 22.3997 ], [ 74.2543, 22.3858 ], [ 74.2428, 22.3824 ], [ 74.2433, 22.3761 ], [ 74.2237, 22.3799 ], [ 74.2239, 22.3564 ], [ 74.204, 22.3667 ], [ 74.2028, 22.3485 ], [ 74.1922, 22.3463 ], [ 74.1903, 22.3203 ], [ 74.1279, 22.3327 ], [ 74.1251, 22.3561 ], [ 74.1137, 22.3571 ], [ 74.1051, 22.3718 ], [ 74.0957, 22.3711 ], [ 74.0896, 22.36 ], [ 74.0682, 22.3602 ], [ 74.0648, 22.3533 ], [ 74.0716, 22.336 ], [ 74.0631, 22.3271 ], [ 74.0624, 22.3049 ], [ 74.0538, 22.3038 ], [ 74.0524, 22.2944 ], [ 74.0562, 22.2785 ], [ 74.0745, 22.2656 ] ], [ [ 74.1571, 22.4123 ], [ 74.1651, 22.3973 ], [ 74.1792, 22.388 ], [ 74.1752, 22.4181 ], [ 74.1571, 22.4123 ] ] ] } },
{ "type": "Feature", "properties": { "district": "Dahod", "did": "gujarat:Dahod", "state_key": "gujarat" }, "geometry": { "type": "MultiPolygon", "coordinates": [ [ [ [ 74.395, 22.6856 ], [ 74.382, 22.6675 ], [ 74.3843, 22.6463 ], [ 74.3791, 22.6344 ], [ 74.3293, 22.6417 ], [ 74.3148, 22.6339 ], [ 74.2774, 22.646 ], [ 74.2662, 22.6384 ], [ 74.2636, 22.644 ], [ 74.2536, 22.6347 ], [ 74.2534, 22.6215 ], [ 74.2435, 22.6205 ], [ 74.2407, 22.6119 ], [ 74.2314, 22.6118 ], [ 74.21, 22.5643 ], [ 74.2037, 22.5687 ], [ 74.1833, 22.5665 ], [ 74.1895, 22.5536 ], [ 74.1707, 22.5471 ], [ 74.1504, 22.529 ], [ 74.1507, 22.5213 ], [ 74.1331, 22.5203 ], [ 74.1118, 22.5397 ], [ 74.1013, 22.5344 ], [ 74.0746, 22.5514 ], [ 74.0611, 22.5498 ], [ 74.0556, 22.5625 ], [ 74.0393, 22.5704 ], [ 74.0175, 22.5741 ], [ 74.0153, 22.5594 ], [ 73.9936, 22.556 ], [ 73.965, 22.536 ], [ 73.9363, 22.5384 ], [ 73.9245, 22.5205 ], [ 73.9084, 22.5092 ], [ 73.8803, 22.5029 ], [ 73.8521, 22.511 ], [ 73.8387, 22.5333 ], [ 73.8029, 22.5488 ], [ 73.8112, 22.5675 ], [ 73.8454, 22.573 ], [ 73.8511, 22.5661 ], [ 73.8646, 22.5723 ], [ 73.8427, 22.6103 ], [ 73.8326, 22.6071 ], [ 73.8292, 22.6137 ], [ 73.7972, 22.6126 ], [ 73.8128, 22.6387 ], [ 73.8268, 22.6409 ], [ 73.8225, 22.6466 ], [ 73.8303, 22.6595 ], [ 73.8237, 22.6739 ], [ 73.8073, 22.6761 ], [ 73.8077, 22.7014 ], [ 73.8158, 22.6975 ], [ 73.8264, 22.7008 ], [ 73.8362, 22.7167 ], [ 73.8343, 22.7369 ], [ 73.8548, 22.7453 ], [ 73.8518, 22.7586 ], [ 73.8315, 22.7858 ], [ 73.8104, 22.7854 ], [ 73.8256, 22.7892 ], [ 73.8312, 22.8027 ], [ 73.8498, 22.7929 ], [ 73.8472, 22.8179 ], [ 73.8373, 22.8245 ], [ 73.8401, 22.8445 ], [ 73.8542, 22.8417 ], [ 73.8805, 22.9018 ], [ 73.9076, 22.9277 ], [ 73.9041, 22.9351 ], [ 73.8819, 22.946 ], [ 73.8934, 22.9472 ], [ 73.9047, 22.964 ], [ 73.9215, 22.9662 ], [ 73.9282, 22.9772 ], [ 73.9035, 22.985 ], [ 73.9061, 23.0077 ], [ 73.914, 23.0139 ], [ 73.9043, 23.05 ], [ 73.9067, 23.0811 ], [ 73.9177, 23.092 ], [ 73.9422, 23.0983 ], [ 73.9454, 23.1103 ], [ 73.9534, 23.1087 ], [ 73.959, 23.114 ], [ 73.9686, 23.1001 ], [ 73.9824, 23.0985 ], [ 73.9979, 23.0858 ], [ 74.0191, 23.0918 ], [ 74.0036, 23.1174 ], [ 73.9939, 23.1157 ], [ 73.9755, 23.1241 ], [ 73.9782, 23.1371 ], [ 73.9951, 23.1361 ], [ 73.9954, 23.1453 ], [ 73.9922, 23.1604 ], [ 73.9737, 23.1722 ], [ 73.9719, 23.18 ], [ 73.9729, 23.1888 ], [ 73.9836, 23.1911 ], [ 73.98, 23.1999 ], [ 73.9857, 23.208 ], [ 73.9821, 23.2116 ], [ 73.9683, 23.2066 ], [ 73.9651, 23.217 ], [ 73.9647, 23.2248 ], [ 73.9854, 23.2185 ], [ 73.9927, 23.2279 ], [ 73.9943, 23.2485 ], [ 73.9833, 23.2615 ], [ 73.9879, 23.2816 ], [ 73.9972, 23.2891 ], [ 73.9847, 23.3101 ], [ 73.9978, 23.3357 ], [ 74.0287, 23.3317 ], [ 74.0248, 23.3211 ], [ 74.0331, 23.306 ], [ 74.0449, 23.3088 ], [ 74.0382, 23.2934 ], [ 74.0859, 23.298 ], [ 74.1006, 23.2938 ], [ 74.1092, 23.2744 ], [ 74.1326, 23.2662 ], [ 74.1345, 23.223 ], [ 74.1301, 23.2111 ], [ 74.1194, 23.2046 ], [ 74.1164, 23.1847 ], [ 74.1215, 23.1762 ], [ 74.1412, 23.1732 ], [ 74.1517, 23.153 ], [ 74.1717, 23.1547 ], [ 74.1789, 23.1473 ], [ 74.1886, 23.1781 ], [ 74.2029, 23.1903 ], [ 74.2316, 23.1773 ], [ 74.2408, 23.1847 ], [ 74.2474, 23.1714 ], [ 74.2647, 23.1619 ], [ 74.2744, 23.1308 ], [ 74.2871, 23.1171 ], [ 74.2789, 23.0922 ], [ 74.3113, 23.0742 ], [ 74.3219, 23.0412 ], [ 74.3457, 23.0268 ], [ 74.3655, 22.9759 ], [ 74.3504, 22.9743 ], [ 74.3374, 22.9567 ], [ 74.3577, 22.9392 ], [ 74.3776, 22.9072 ], [ 74.3999, 22.8974 ], [ 74.4136, 22.9061 ], [ 74.4105, 22.9118 ], [ 74.4185, 22.917 ], [ 74.4332, 22.9179 ], [ 74.4336, 22.9125 ], [ 74.4468, 22.9211 ], [ 74.4596, 22.9092 ], [ 74.4764, 22.8548 ], [ 74.4648, 22.8164 ], [ 74.4492, 22.8083 ], [ 74.4338, 22.8079 ], [ 74.4355, 22.7826 ], [ 74.3994, 22.7228 ], [ 74.395, 22.6856 ] ] ], [ [ [ 73.7971, 22.7776 ], [ 73.782, 22.7699 ], [ 73.7754, 22.7889 ], [ 73.7914, 22.7877 ], [ 73.7971, 22.7776 ] ] ] ] } },
{ "type": "Feature", "properties": { "district": "Dangs", "did": "gujarat:Dangs", "state_key": "gujarat" }, "geometry": { "type": "MultiPolygon", "coordinates": [ [ [ [ 73.9138, 20.7244 ], [ 73.8825, 20.7334 ], [ 73.8744, 20.7295 ], [ 73.8552, 20.6923 ], [ 73.8354, 20.7021 ], [ 73.8119, 20.692 ], [ 73.8172, 20.672 ], [ 73.8306, 20.6751 ], [ 73.8391, 20.6588 ], [ 73.8327, 20.6457 ], [ 73.8384, 20.6205 ], [ 73.8071, 20.6084 ], [ 73.7984, 20.5987 ], [ 73.7913, 20.6053 ], [ 73.7754, 20.6002 ], [ 73.7607, 20.5737 ], [ 73.7446, 20.5649 ], [ 73.7323, 20.5744 ], [ 73.6954, 20.5784 ], [ 73.6691, 20.5635 ], [ 73.6527, 20.5649 ], [ 73.627, 20.585 ], [ 73.6152, 20.6248 ], [ 73.5702, 20.6509 ], [ 73.5579, 20.6459 ], [ 73.5508, 20.6486 ], [ 73.5328, 20.6727 ], [ 73.5205, 20.6788 ], [ 73.5179, 20.6674 ], [ 73.5045, 20.6707 ], [ 73.4956, 20.6536 ], [ 73.4892, 20.6557 ], [ 73.4786, 20.6767 ], [ 73.4822, 20.6798 ], [ 73.4863, 20.6752 ], [ 73.4903, 20.6864 ], [ 73.4746, 20.7204 ], [ 73.4667, 20.7221 ], [ 73.4653, 20.7368 ], [ 73.4679, 20.7462 ], [ 73.4787, 20.7458 ], [ 73.4904, 20.757 ], [ 73.482, 20.7966 ], [ 73.4944, 20.8093 ], [ 73.4987, 20.8384 ], [ 73.5048, 20.8437 ], [ 73.5028, 20.856 ], [ 73.4918, 20.8617 ], [ 73.4992, 20.8776 ], [ 73.4881, 20.8913 ], [ 73.4892, 20.9128 ], [ 73.4962, 20.9215 ], [ 73.511, 20.9261 ], [ 73.5124, 20.9354 ], [ 73.5301, 20.9344 ], [ 73.5198, 20.9471 ], [ 73.5374, 20.9513 ], [ 73.5469, 21.0066 ], [ 73.5611, 21.0145 ], [ 73.5669, 21.01 ], [ 73.5728, 21.013 ], [ 73.5897, 21.0014 ], [ 73.585, 20.9701 ], [ 73.5958, 20.9589 ], [ 73.6006, 20.9746 ], [ 73.6133, 20.9814 ], [ 73.6107, 20.9926 ], [ 73.6203, 20.9909 ], [ 73.6378, 20.9753 ], [ 73.6602, 21.0077 ], [ 73.6713, 21.0011 ], [ 73.687, 21.0057 ], [ 73.693, 21.0008 ], [ 73.7053, 21.0064 ], [ 73.7253, 21.0013 ], [ 73.7288, 21.0061 ], [ 73.7409, 21.0023 ], [ 73.7527, 21.0061 ], [ 73.7749, 20.9876 ], [ 73.7897, 20.9851 ], [ 73.7973, 20.9587 ], [ 73.8121, 20.9558 ], [ 73.8146, 20.949 ], [ 73.8203, 20.9477 ], [ 73.8216, 20.9537 ], [ 73.867, 20.9441 ], [ 73.8759, 20.9278 ], [ 73.8882, 20.9336 ], [ 73.9175, 20.9078 ], [ 73.9257, 20.8885 ], [ 73.9237, 20.8514 ], [ 73.9294, 20.8424 ], [ 73.9403, 20.8395 ], [ 73.944, 20.8241 ], [ 73.9319, 20.8086 ], [ 73.9361, 20.8009 ], [ 73.9319, 20.7606 ], [ 73.9413, 20.7583 ], [ 73.9427, 20.7421 ], [ 73.9296, 20.7276 ], [ 73.9247, 20.7337 ], [ 73.9138, 20.7244 ] ] ], [ [ [ 73.8505, 20.9985 ], [ 73.846, 21.0 ], [ 73.8436, 20.9876 ], [ 73.8053, 20.9973 ], [ 73.8023, 21.0242 ], [ 73.7618, 21.011 ], [ 73.7688, 21.0298 ], [ 73.7616, 21.0383 ], [ 73.7381, 21.0414 ], [ 73.7371, 21.08 ], [ 73.7803, 21.0645 ], [ 73.8077, 21.0849 ], [ 73.8109, 21.0595 ], [ 73.7955, 21.0445 ], [ 73.8505, 20.9985 ] ], [ [ 73.8087, 21.0278 ], [ 73.8099, 21.0281 ], [ 73.8092, 21.028 ], [ 73.8087, 21.0278 ] ] ] ] } },
{ "type": "Feature", "properties": { "district": "Devbhumi Dwarka", "did": "gujarat:Devbhumi Dwarka", "state_key": "gujarat" }, "geometry": { "type": "MultiPolygon", "coordinates": [ [ [ [ 69.8069, 22.0719 ], [ 69.8193, 22.0787 ], [ 69.8372, 22.0691 ], [ 69.8578, 22.0712 ], [ 69.8573, 22.0441 ], [ 69.8656, 22.0462 ], [ 69.8705, 22.0381 ], [ 69.8637, 22.0251 ], [ 69.8535, 22.0198 ], [ 69.8551, 22.0152 ], [ 69.8658, 22.0177 ], [ 69.8769, 22.0106 ], [ 69.8755, 22.0006 ], [ 69.8869, 21.9946 ], [ 69.9029, 21.9653 ], [ 69.9231, 21.9666 ], [ 69.9336, 21.9608 ], [ 69.9267, 21.9524 ], [ 69.9281, 21.9394 ], [ 69.9173, 21.9401 ], [ 69.9152, 21.9278 ], [ 69.92, 21.9269 ], [ 69.9191, 21.8999 ], [ 69.936, 21.8933 ], [ 69.9117, 21.8776 ], [ 69.9152, 21.8511 ], [ 69.9097, 21.841 ], [ 69.8964, 21.8409 ], [ 69.8969, 21.8352 ], [ 69.8873, 21.8309 ], [ 69.885, 21.8353 ], [ 69.8743, 21.8333 ], [ 69.8621, 21.8227 ], [ 69.8351, 21.8146 ], [ 69.8018, 21.8266 ], [ 69.7624, 21.8222 ], [ 69.7385, 21.8342 ], [ 69.7266, 21.8217 ], [ 69.7268, 21.8078 ], [ 69.7124, 21.7938 ], [ 69.7109, 21.7993 ], [ 69.7006, 21.7964 ], [ 69.6973, 21.8097 ], [ 69.6906, 21.8111 ], [ 69.6846, 21.8229 ], [ 69.6739, 21.8225 ], [ 69.6752, 21.8133 ], [ 69.6647, 21.8124 ], [ 69.6564, 21.8383 ], [ 69.6464, 21.8395 ], [ 69.6302, 21.8296 ], [ 69.6319, 21.8048 ], [ 69.6163, 21.8033 ], [ 69.6134, 21.831 ], [ 69.6086, 21.8312 ], [ 69.6089, 21.8644 ], [ 69.615, 21.8701 ], [ 69.6309, 21.8673 ], [ 69.6338, 21.8756 ], [ 69.6561, 21.8698 ], [ 69.6672, 21.8874 ], [ 69.6642, 21.9013 ], [ 69.6722, 21.9037 ], [ 69.6666, 21.9257 ], [ 69.682, 21.9279 ], [ 69.6881, 21.9125 ], [ 69.7076, 21.9257 ], [ 69.707, 21.9348 ], [ 69.7249, 21.9379 ], [ 69.7267, 21.9553 ], [ 69.7199, 21.9739 ], [ 69.6883, 21.9794 ], [ 69.6853, 21.9592 ], [ 69.6499, 21.9558 ], [ 69.6545, 21.9239 ], [ 69.6271, 21.9209 ], [ 69.621, 21.9425 ], [ 69.6115, 21.9483 ], [ 69.5714, 21.9467 ], [ 69.554, 21.9387 ], [ 69.5411, 21.9249 ], [ 69.5353, 21.8948 ], [ 69.5279, 21.893 ], [ 69.5045, 21.9041 ], [ 69.5, 21.895 ], [ 69.4867, 21.8969 ], [ 69.4867, 21.8546 ], [ 69.4476, 21.853 ], [ 69.4304, 21.8794 ], [ 69.3982, 21.8923 ], [ 69.3851, 21.877 ], [ 69.3807, 21.8494 ], [ 69.3703, 21.8302 ], [ 69.3241, 21.8601 ], [ 69.3197, 21.8713 ], [ 69.3159, 21.8683 ], [ 69.2837, 21.8936 ], [ 69.2166, 21.9575 ], [ 68.9812, 22.2123 ], [ 68.9659, 22.2341 ], [ 68.9708, 22.2369 ], [ 68.9728, 22.2326 ], [ 68.9738, 22.2365 ], [ 68.9702, 22.2382 ], [ 68.9649, 22.2346 ], [ 68.9582, 22.2381 ], [ 68.9358, 22.3118 ], [ 68.9423, 22.3321 ], [ 68.9504, 22.332 ], [ 68.9561, 22.3387 ], [ 68.9574, 22.3683 ], [ 68.9773, 22.4037 ], [ 68.9818, 22.4016 ], [ 68.9964, 22.4016 ], [ 69.0, 22.4041 ], [ 68.9784, 22.404 ], [ 69.0063, 22.4396 ], [ 69.0551, 22.4664 ], [ 69.0681, 22.4814 ], [ 69.0836, 22.4746 ], [ 69.0741, 22.4541 ], [ 69.0497, 22.4378 ], [ 69.0458, 22.4434 ], [ 69.0517, 22.4458 ], [ 69.0395, 22.4457 ], [ 69.0468, 22.4232 ], [ 69.0356, 22.3902 ], [ 69.04, 22.3886 ], [ 69.0397, 22.3939 ], [ 69.0435, 22.3906 ], [ 69.049, 22.3979 ], [ 69.0533, 22.3886 ], [ 69.0559, 22.3931 ], [ 69.0627, 22.3909 ], [ 69.0576, 22.3874 ], [ 69.0608, 22.3833 ], [ 69.065, 22.3893 ], [ 69.0701, 22.3853 ], [ 69.0818, 22.3882 ], [ 69.1034, 22.3989 ], [ 69.0996, 22.4082 ], [ 69.1105, 22.4099 ], [ 69.128, 22.3951 ], [ 69.1212, 22.3756 ], [ 69.1383, 22.4015 ], [ 69.1473, 22.3978 ], [ 69.1563, 22.4104 ], [ 69.161, 22.4118 ], [ 69.1562, 22.4085 ], [ 69.1603, 22.411 ], [ 69.1565, 22.406 ], [ 69.1635, 22.4042 ], [ 69.1824, 22.4195 ], [ 69.1755, 22.4229 ], [ 69.1948, 22.4218 ], [ 69.1874, 22.4133 ], [ 69.191, 22.414 ], [ 69.1966, 22.4037 ], [ 69.1918, 22.41 ], [ 69.1877, 22.4026 ], [ 69.2009, 22.4014 ], [ 69.1998, 22.3907 ], [ 69.1679, 22.3735 ], [ 69.1695, 22.3687 ], [ 69.1809, 22.3707 ], [ 69.1691, 22.3542 ], [ 69.1774, 22.3561 ], [ 69.1754, 22.3479 ], [ 69.1634, 22.3486 ], [ 69.1693, 22.3335 ], [ 69.1568, 22.316 ], [ 69.1607, 22.2842 ], [ 69.1559, 22.2628 ], [ 69.1485, 22.2576 ], [ 69.1539, 22.2487 ], [ 69.1338, 22.2226 ], [ 69.1394, 22.211 ], [ 69.1364, 22.1955 ], [ 69.1557, 22.1951 ], [ 69.1672, 22.204 ], [ 69.1685, 22.2148 ], [ 69.1785, 22.2128 ], [ 69.1792, 22.2281 ], [ 69.1901, 22.2349 ], [ 69.1846, 22.2402 ], [ 69.1903, 22.2436 ], [ 69.1952, 22.2253 ], [ 69.2115, 22.2195 ], [ 69.2128, 22.2103 ], [ 69.2376, 22.2227 ], [ 69.2336, 22.2499 ], [ 69.2528, 22.2664 ], [ 69.2795, 22.2699 ], [ 69.2805, 22.2677 ], [ 69.2799, 22.2665 ], [ 69.2804, 22.2647 ], [ 69.2798, 22.263 ], [ 69.2796, 22.2608 ], [ 69.28, 22.2594 ], [ 69.2801, 22.2593 ], [ 69.2807, 22.2682 ], [ 69.2799, 22.2699 ], [ 69.2938, 22.2771 ], [ 69.2928, 22.2868 ], [ 69.3125, 22.287 ], [ 69.3224, 22.2926 ], [ 69.3242, 22.3028 ], [ 69.3361, 22.3051 ], [ 69.3401, 22.313 ], [ 69.3327, 22.3278 ], [ 69.3517, 22.3268 ], [ 69.3634, 22.3171 ], [ 69.379, 22.321 ], [ 69.392, 22.316 ], [ 69.4232, 22.316 ], [ 69.4434, 22.3303 ], [ 69.4652, 22.3286 ], [ 69.4903, 22.3374 ], [ 69.4903, 22.3527 ], [ 69.4995, 22.3663 ], [ 69.5159, 22.3731 ], [ 69.5348, 22.3709 ], [ 69.5404, 22.3772 ], [ 69.5603, 22.3672 ], [ 69.5613, 22.3558 ], [ 69.5796, 22.3674 ], [ 69.5914, 22.3597 ], [ 69.5977, 22.3462 ], [ 69.6072, 22.3468 ], [ 69.6094, 22.3525 ], [ 69.6174, 22.3454 ], [ 69.6152, 22.3647 ], [ 69.6211, 22.3718 ], [ 69.6355, 22.3582 ], [ 69.6554, 22.3596 ], [ 69.6609, 22.3962 ], [ 69.6669, 22.3931 ], [ 69.6697, 22.3972 ], [ 69.7022, 22.3987 ], [ 69.6956, 22.4129 ], [ 69.7054, 22.4337 ], [ 69.6946, 22.4427 ], [ 69.6966, 22.4537 ], [ 69.7133, 22.475 ], [ 69.7364, 22.4847 ], [ 69.7345, 22.4702 ], [ 69.7435, 22.4512 ], [ 69.7355, 22.4498 ], [ 69.7418, 22.4467 ], [ 69.7328, 22.4428 ], [ 69.743, 22.4419 ], [ 69.7477, 22.4331 ], [ 69.7396, 22.4322 ], [ 69.7547, 22.4302 ], [ 69.7556, 22.4249 ], [ 69.7509, 22.4119 ], [ 69.7342, 22.406 ], [ 69.7391, 22.3979 ], [ 69.7259, 22.3947 ], [ 69.7254, 22.3868 ], [ 69.7274, 22.369 ], [ 69.7362, 22.368 ], [ 69.7401, 22.3405 ], [ 69.7539, 22.3203 ], [ 69.7326, 22.3081 ], [ 69.7533, 22.2579 ], [ 69.7617, 22.2515 ], [ 69.7555, 22.2373 ], [ 69.7695, 22.2201 ], [ 69.7913, 22.2209 ], [ 69.81, 22.2035 ], [ 69.8026, 22.1893 ], [ 69.8129, 22.1763 ], [ 69.8097, 22.1317 ], [ 69.8228, 22.1207 ], [ 69.8224, 22.1165 ], [ 69.8179, 22.121 ], [ 69.8153, 22.1177 ], [ 69.8069, 22.0719 ] ], [ [ 69.2817, 22.2578 ], [ 69.2826, 22.2557 ], [ 69.2838, 22.2546 ], [ 69.2818, 22.2579 ], [ 69.2801, 22.2593 ], [ 69.2817, 22.2578 ] ] ], [ [ [ 69.1628, 22.4124 ], [ 69.1615, 22.4103 ], [ 69.161, 22.4118 ], [ 69.1628, 22.4124 ] ] ], [ [ [ 69.3327, 22.3728 ], [ 69.3234, 22.3813 ], [ 69.3363, 22.3868 ], [ 69.3398, 22.3804 ], [ 69.3327, 22.3728 ] ] ], [ [ [ 69.6568, 22.4269 ], [ 69.6365, 22.4057 ], [ 69.6068, 22.4172 ], [ 69.5899, 22.4357 ], [ 69.5979, 22.4462 ], [ 69.6212, 22.4573 ], [ 69.6337, 22.4544 ], [ 69.6568, 22.4269 ] ] ], [ [ [ 69.1502, 22.4688 ], [ 69.1447, 22.4504 ], [ 69.1421, 22.4631 ], [ 69.1154, 22.4668 ], [ 69.1073, 22.4593 ], [ 69.1083, 22.437 ], [ 69.0858, 22.421 ], [ 69.0857, 22.432 ], [ 69.0965, 22.4412 ], [ 69.094, 22.4609 ], [ 69.1402, 22.4768 ], [ 69.1502, 22.4688 ] ] ] ] } },
{ "type": "Feature", "properties": { "district": "Disputed", "did": "gujarat:Disputed", "state_key": "gujarat" }, "geometry": { "type": "MultiPolygon", "coordinates": [ [ [ [ 73.0739, 24.1808 ], [ 73.0703, 24.19 ], [ 73.0763, 24.1798 ], [ 73.0739, 24.1808 ] ] ], [ [ [ 73.0655, 24.1939 ], [ 73.077, 24.2044 ], [ 73.0674, 24.1947 ], [ 73.0685, 24.191 ], [ 73.0655, 24.1939 ] ] ], [ [ [ 73.0791, 24.2076 ], [ 73.0767, 24.214 ], [ 73.0785, 24.2194 ], [ 73.0791, 24.2076 ] ] ], [ [ [ 73.0855, 24.2218 ], [ 73.0785, 24.2194 ], [ 73.0792, 24.2207 ], [ 73.0855, 24.2218 ] ] ], [ [ [ 73.0971, 24.2311 ], [ 73.0978, 24.2309 ], [ 73.0987, 24.2262 ], [ 73.0929, 24.2245 ], [ 73.0971, 24.2311 ] ] ], [ [ [ 72.9733, 24.4265 ], [ 72.9684, 24.4149 ], [ 72.9667, 24.4239 ], [ 72.9737, 24.4317 ], [ 72.9733, 24.4265 ] ] ], [ [ [ 73.1092, 24.4853 ], [ 73.1122, 24.4601 ], [ 73.1033, 24.4558 ], [ 73.1017, 24.4712 ], [ 73.0911, 24.4751 ], [ 73.0959, 24.4901 ], [ 73.1092, 24.4853 ] ] ], [ [ [ 73.8278, 21.0132 ], [ 73.8187, 21.0221 ], [ 73.8342, 21.0247 ], [ 73.8367, 21.0078 ], [ 73.8278, 21.0132 ] ] ], [ [ [ 73.7639, 21.0692 ], [ 73.7941, 21.0714 ], [ 73.7803, 21.0645 ], [ 73.7639, 21.0692 ] ] ], [ [ [ 73.3985, 24.0375 ], [ 73.4027, 24.0429 ], [ 73.4009, 24.0322 ], [ 73.3985, 24.0375 ] ] ], [ [ [ 73.3952, 24.0527 ], [ 73.3964, 24.0513 ], [ 73.3947, 24.051 ], [ 73.3952, 24.0527 ] ] ], [ [ [ 73.3358, 24.0998 ], [ 73.333, 24.1087 ], [ 73.3489, 24.1066 ], [ 73.3358, 24.0998 ] ] ], [ [ [ 73.3279, 24.1088 ], [ 73.327, 24.1092 ], [ 73.3307, 24.1088 ], [ 73.3279, 24.1088 ] ] ], [ [ [ 73.1071, 24.2639 ], [ 73.124, 24.2712 ], [ 73.1102, 24.2549 ], [ 73.1036, 24.2555 ], [ 73.1071, 24.2639 ] ] ] ] } },
{ "type": "Feature", "properties": { "district": "Gandhinagar", "did": "gujarat:Gandhinagar", "state_key": "gujarat" }, "geometry": { "type": "Polygon", "coordinates": [ [ [ 72.865, 23.3135 ], [ 72.8832, 23.313 ], [ 72.8843, 23.3224 ], [ 72.8943, 23.3248 ], [ 72.9162, 23.3222 ], [ 72.9142, 23.2967 ], [ 72.8844, 23.2933 ], [ 72.8837, 23.2884 ], [ 72.8988, 23.2811 ], [ 72.9204, 23.291 ], [ 72.919, 23.2638 ], [ 72.9361, 23.2391 ], [ 72.9445, 23.2415 ], [ 72.9479, 23.2526 ], [ 72.9598, 23.2414 ], [ 72.9598, 23.2592 ], [ 72.9693, 23.2558 ], [ 72.9702, 23.2652 ], [ 72.9784, 23.264 ], [ 72.9658, 23.2759 ], [ 72.9587, 23.2754 ], [ 72.9605, 23.2811 ], [ 72.9871, 23.2825 ], [ 72.9953, 23.2903 ], [ 73.017, 23.2783 ], [ 72.9999, 23.2703 ], [ 72.9897, 23.2508 ], [ 72.9814, 23.2225 ], [ 72.9862, 23.2006 ], [ 72.9775, 23.1784 ], [ 72.9844, 23.1749 ], [ 72.9712, 23.1636 ], [ 72.9813, 23.1593 ], [ 73.0128, 23.1614 ], [ 73.014, 23.1436 ], [ 73.0251, 23.143 ], [ 73.0288, 23.1334 ], [ 73.0156, 23.1262 ], [ 72.9966, 23.1329 ], [ 72.9846, 23.1311 ], [ 72.9748, 23.1216 ], [ 72.9777, 23.1088 ], [ 72.9664, 23.108 ], [ 72.9715, 23.1014 ], [ 72.9552, 23.0855 ], [ 72.9583, 23.0736 ], [ 72.9417, 23.0733 ], [ 72.9255, 23.0806 ], [ 72.9237, 23.0693 ], [ 72.9065, 23.0651 ], [ 72.9135, 23.0519 ], [ 72.8927, 23.0147 ], [ 72.8803, 23.0161 ], [ 72.8751, 23.0087 ], [ 72.8456, 23.0116 ], [ 72.8485, 22.9992 ], [ 72.8365, 22.9966 ], [ 72.8194, 23.0121 ], [ 72.8234, 23.0193 ], [ 72.8183, 23.0172 ], [ 72.8069, 23.0263 ], [ 72.8153, 23.0374 ], [ 72.8051, 23.0366 ], [ 72.7945, 23.0442 ], [ 72.7975, 23.0511 ], [ 72.7898, 23.0585 ], [ 72.7661, 23.0596 ], [ 72.7781, 23.0774 ], [ 72.7644, 23.096 ], [ 72.744, 23.089 ], [ 72.7442, 23.0999 ], [ 72.7163, 23.0948 ], [ 72.7103, 23.1107 ], [ 72.6999, 23.112 ], [ 72.6838, 23.1017 ], [ 72.6721, 23.1081 ], [ 72.6653, 23.0948 ], [ 72.6466, 23.1012 ], [ 72.6374, 23.092 ], [ 72.6104, 23.0915 ], [ 72.6186, 23.1151 ], [ 72.613, 23.1152 ], [ 72.6085, 23.1291 ], [ 72.5827, 23.1299 ], [ 72.5782, 23.1182 ], [ 72.5715, 23.1221 ], [ 72.5631, 23.116 ], [ 72.5679, 23.1269 ], [ 72.5626, 23.1373 ], [ 72.5406, 23.1323 ], [ 72.5486, 23.164 ], [ 72.5374, 23.1644 ], [ 72.5308, 23.1485 ], [ 72.5185, 23.1505 ], [ 72.5118, 23.1598 ], [ 72.5042, 23.155 ], [ 72.505, 23.1442 ], [ 72.4831, 23.1444 ], [ 72.4865, 23.1253 ], [ 72.499, 23.1123 ], [ 72.498, 23.0997 ], [ 72.4817, 23.0972 ], [ 72.4757, 23.087 ], [ 72.4597, 23.0839 ], [ 72.474, 23.0722 ], [ 72.4718, 23.0636 ], [ 72.4488, 23.0605 ], [ 72.4474, 23.0475 ], [ 72.4352, 23.0435 ], [ 72.4266, 23.0479 ], [ 72.4276, 23.065 ], [ 72.4072, 23.0679 ], [ 72.403, 23.0572 ], [ 72.3872, 23.0517 ], [ 72.3811, 23.0607 ], [ 72.3843, 23.0797 ], [ 72.3752, 23.0809 ], [ 72.3695, 23.0936 ], [ 72.3486, 23.0905 ], [ 72.3365, 23.1071 ], [ 72.3417, 23.126 ], [ 72.3563, 23.1245 ], [ 72.3707, 23.096 ], [ 72.3868, 23.1184 ], [ 72.4028, 23.1255 ], [ 72.401, 23.1338 ], [ 72.4175, 23.1307 ], [ 72.4274, 23.1436 ], [ 72.429, 23.151 ], [ 72.4179, 23.1554 ], [ 72.4164, 23.15 ], [ 72.3974, 23.1479 ], [ 72.3869, 23.154 ], [ 72.3841, 23.1637 ], [ 72.3843, 23.1718 ], [ 72.4023, 23.1875 ], [ 72.4153, 23.1869 ], [ 72.4155, 23.2034 ], [ 72.4228, 23.2092 ], [ 72.439, 23.1954 ], [ 72.4481, 23.1958 ], [ 72.4489, 23.2006 ], [ 72.4397, 23.2043 ], [ 72.4263, 23.2438 ], [ 72.4264, 23.2489 ], [ 72.4465, 23.2446 ], [ 72.4461, 23.2554 ], [ 72.4331, 23.2638 ], [ 72.4231, 23.2576 ], [ 72.4121, 23.2808 ], [ 72.4271, 23.3062 ], [ 72.4371, 23.3108 ], [ 72.4509, 23.298 ], [ 72.475, 23.3025 ], [ 72.4763, 23.3067 ], [ 72.4591, 23.3136 ], [ 72.4804, 23.313 ], [ 72.4845, 23.3189 ], [ 72.4718, 23.3445 ], [ 72.4887, 23.3406 ], [ 72.5213, 23.3506 ], [ 72.5248, 23.3633 ], [ 72.5041, 23.3845 ], [ 72.5115, 23.396 ], [ 72.5273, 23.4046 ], [ 72.5263, 23.425 ], [ 72.5408, 23.4294 ], [ 72.5339, 23.442 ], [ 72.54, 23.4424 ], [ 72.5456, 23.4538 ], [ 72.5679, 23.4555 ], [ 72.5751, 23.4647 ], [ 72.5842, 23.5219 ], [ 72.6022, 23.5192 ], [ 72.6051, 23.5107 ], [ 72.6204, 23.5125 ], [ 72.6211, 23.5393 ], [ 72.6269, 23.5439 ], [ 72.6235, 23.5548 ], [ 72.6297, 23.5604 ], [ 72.6553, 23.5665 ], [ 72.6545, 23.551 ], [ 72.6608, 23.5503 ], [ 72.663, 23.5567 ], [ 72.6793, 23.555 ], [ 72.6758, 23.5305 ], [ 72.6857, 23.5317 ], [ 72.6918, 23.5227 ], [ 72.7041, 23.5293 ], [ 72.7242, 23.526 ], [ 72.7301, 23.5117 ], [ 72.7183, 23.4963 ], [ 72.7314, 23.507 ], [ 72.734, 23.5028 ], [ 72.7625, 23.5026 ], [ 72.7717, 23.5176 ], [ 72.7858, 23.503 ], [ 72.7979, 23.5029 ], [ 72.8194, 23.4696 ], [ 72.8072, 23.4406 ], [ 72.7935, 23.4267 ], [ 72.803, 23.4071 ], [ 72.7944, 23.4043 ], [ 72.7717, 23.4152 ], [ 72.7599, 23.4073 ], [ 72.7341, 23.4033 ], [ 72.7235, 23.3886 ], [ 72.7398, 23.3932 ], [ 72.7527, 23.3872 ], [ 72.7466, 23.3746 ], [ 72.7645, 23.3674 ], [ 72.765, 23.3547 ], [ 72.8078, 23.3559 ], [ 72.8046, 23.3341 ], [ 72.7969, 23.3315 ], [ 72.8014, 23.3188 ], [ 72.8103, 23.3189 ], [ 72.8259, 23.3303 ], [ 72.865, 23.3135 ] ] ] } },
{ "type": "Feature", "properties": { "district": "Gir Somnath", "did": "gujarat:Gir Somnath", "state_key": "gujarat" }, "geometry": { "type": "Polygon", "coordinates": [ [ [ 71.1885, 20.8734 ], [ 71.2048, 20.8738 ], [ 71.2149, 20.8504 ], [ 71.2149, 20.8324 ], [ 71.2213, 20.827 ], [ 71.2236, 20.8159 ], [ 71.2038, 20.7988 ], [ 71.2083, 20.7937 ], [ 71.2035, 20.7896 ], [ 71.1572, 20.7784 ], [ 71.1464, 20.7713 ], [ 71.1458, 20.7578 ], [ 71.0865, 20.7555 ], [ 71.073, 20.7433 ], [ 71.0811, 20.7426 ], [ 71.079, 20.7368 ], [ 71.0506, 20.7304 ], [ 70.9995, 20.7422 ], [ 70.9845, 20.7323 ], [ 70.9806, 20.7227 ], [ 70.9604, 20.7367 ], [ 70.9385, 20.7324 ], [ 70.9177, 20.7426 ], [ 70.8781, 20.7285 ], [ 70.873, 20.7045 ], [ 70.8441, 20.7065 ], [ 70.8328, 20.6974 ], [ 70.839, 20.6901 ], [ 70.8281, 20.6901 ], [ 70.7662, 20.7202 ], [ 70.7423, 20.7185 ], [ 70.6668, 20.761 ], [ 70.6573, 20.7557 ], [ 70.5857, 20.7816 ], [ 70.5518, 20.8034 ], [ 70.5371, 20.8038 ], [ 70.4902, 20.8278 ], [ 70.4857, 20.8352 ], [ 70.4377, 20.8529 ], [ 70.3957, 20.8915 ], [ 70.3736, 20.9034 ], [ 70.3734, 20.8965 ], [ 70.3643, 20.9004 ], [ 70.3228, 20.926 ], [ 70.238, 20.9923 ], [ 70.2751, 21.0181 ], [ 70.277, 21.0138 ], [ 70.2935, 21.0196 ], [ 70.3031, 21.0062 ], [ 70.3284, 21.0147 ], [ 70.3508, 21.0343 ], [ 70.3705, 21.0179 ], [ 70.3627, 21.0108 ], [ 70.3738, 21.0083 ], [ 70.393, 21.0188 ], [ 70.4007, 21.0534 ], [ 70.407, 21.0545 ], [ 70.4216, 21.0412 ], [ 70.4322, 21.0487 ], [ 70.4354, 21.0372 ], [ 70.4467, 21.036 ], [ 70.4636, 21.0541 ], [ 70.4558, 21.0545 ], [ 70.4503, 21.0629 ], [ 70.454, 21.0764 ], [ 70.4474, 21.0797 ], [ 70.4479, 21.0911 ], [ 70.477, 21.0988 ], [ 70.484, 21.0938 ], [ 70.5068, 21.0933 ], [ 70.5008, 21.1053 ], [ 70.5024, 21.1413 ], [ 70.5188, 21.1413 ], [ 70.5258, 21.1346 ], [ 70.5518, 21.1344 ], [ 70.5492, 21.1541 ], [ 70.5642, 21.1548 ], [ 70.5663, 21.1644 ], [ 70.5769, 21.1696 ], [ 70.5888, 21.1594 ], [ 70.5901, 21.1501 ], [ 70.5997, 21.1563 ], [ 70.6082, 21.151 ], [ 70.6162, 21.153 ], [ 70.6138, 21.1463 ], [ 70.6227, 21.1355 ], [ 70.6165, 21.1217 ], [ 70.6215, 21.11 ], [ 70.6425, 21.1079 ], [ 70.6499, 21.1207 ], [ 70.6663, 21.1113 ], [ 70.6607, 21.0992 ], [ 70.6731, 21.089 ], [ 70.6655, 21.0768 ], [ 70.6831, 21.0757 ], [ 70.6994, 21.0824 ], [ 70.7118, 21.062 ], [ 70.7086, 21.0524 ], [ 70.7227, 21.0613 ], [ 70.7245, 21.0371 ], [ 70.7137, 21.023 ], [ 70.7143, 21.011 ], [ 70.7079, 21.0094 ], [ 70.7533, 20.9635 ], [ 70.7442, 20.9763 ], [ 70.7629, 20.9847 ], [ 70.7687, 21.0037 ], [ 70.7803, 21.0023 ], [ 70.7769, 20.9957 ], [ 70.7825, 20.9901 ], [ 70.8034, 20.9946 ], [ 70.8025, 20.9994 ], [ 70.8335, 20.988 ], [ 70.8408, 20.9941 ], [ 70.839, 20.9718 ], [ 70.8565, 20.9706 ], [ 70.8574, 20.9795 ], [ 70.861, 20.9809 ], [ 70.8608, 20.9742 ], [ 70.8737, 20.9675 ], [ 70.8609, 20.967 ], [ 70.872, 20.9329 ], [ 70.893, 20.9632 ], [ 70.8992, 20.9579 ], [ 70.9024, 20.9636 ], [ 70.91, 20.9571 ], [ 70.9097, 20.9696 ], [ 70.9313, 20.9769 ], [ 70.9342, 20.9883 ], [ 70.9573, 20.9958 ], [ 70.9836, 20.9818 ], [ 70.9786, 20.9694 ], [ 70.991, 20.962 ], [ 70.9889, 20.9485 ], [ 71.0016, 20.9485 ], [ 71.0, 20.956 ], [ 71.0141, 20.9568 ], [ 71.0235, 20.9684 ], [ 71.037, 20.9658 ], [ 71.049, 20.9809 ], [ 71.0459, 20.988 ], [ 71.0524, 20.9914 ], [ 71.0719, 20.9877 ], [ 71.0683, 21.018 ], [ 71.0793, 21.0401 ], [ 71.0904, 21.0362 ], [ 71.0849, 21.0279 ], [ 71.0907, 21.0259 ], [ 71.0892, 21.017 ], [ 71.107, 21.0159 ], [ 71.1304, 21.0023 ], [ 71.1328, 20.9898 ], [ 71.1252, 20.9851 ], [ 71.1214, 20.966 ], [ 71.1362, 20.9502 ], [ 71.1553, 20.9596 ], [ 71.169, 20.9602 ], [ 71.1733, 20.967 ], [ 71.1875, 20.9679 ], [ 71.1936, 20.9789 ], [ 71.2198, 20.9571 ], [ 71.2054, 20.927 ], [ 71.1897, 20.9228 ], [ 71.1844, 20.9261 ], [ 71.1776, 20.919 ], [ 71.1933, 20.9021 ], [ 71.1769, 20.887 ], [ 71.1885, 20.8734 ] ] ] } },
{ "type": "Feature", "properties": { "district": "Jamnagar", "did": "gujarat:Jamnagar", "state_key": "gujarat" }, "geometry": { "type": "MultiPolygon", "coordinates": [ [ [ [ 70.2475, 21.9629 ], [ 70.2164, 21.9673 ], [ 70.2031, 21.9631 ], [ 70.2182, 21.9349 ], [ 70.2174, 21.9063 ], [ 70.1962, 21.8929 ], [ 70.1764, 21.895 ], [ 70.1713, 21.9312 ], [ 70.1649, 21.9385 ], [ 70.1448, 21.941 ], [ 70.1409, 21.8904 ], [ 70.1218, 21.8746 ], [ 70.1283, 21.8651 ], [ 70.1167, 21.8624 ], [ 70.1062, 21.8504 ], [ 70.0958, 21.8493 ], [ 70.0905, 21.8348 ], [ 70.1094, 21.824 ], [ 70.1014, 21.817 ], [ 70.0971, 21.8228 ], [ 70.0809, 21.8193 ], [ 70.0939, 21.8028 ], [ 70.0602, 21.8024 ], [ 70.0297, 21.7932 ], [ 70.051, 21.7747 ], [ 70.0547, 21.7591 ], [ 70.0627, 21.7571 ], [ 70.0784, 21.7329 ], [ 70.0581, 21.7033 ], [ 70.039, 21.698 ], [ 70.0245, 21.704 ], [ 70.0198, 21.746 ], [ 70.0078, 21.754 ], [ 70.0121, 21.8018 ], [ 69.9921, 21.8074 ], [ 69.951, 21.789 ], [ 69.9437, 21.7929 ], [ 69.9295, 21.7789 ], [ 69.9032, 21.7806 ], [ 69.8817, 21.7678 ], [ 69.8664, 21.7824 ], [ 69.8673, 21.7378 ], [ 69.8488, 21.7317 ], [ 69.8396, 21.7334 ], [ 69.834, 21.7435 ], [ 69.8185, 21.7417 ], [ 69.8086, 21.7618 ], [ 69.8162, 21.7937 ], [ 69.815, 21.8243 ], [ 69.8391, 21.815 ], [ 69.8424, 21.8201 ], [ 69.8697, 21.8264 ], [ 69.8743, 21.8333 ], [ 69.885, 21.8353 ], [ 69.8873, 21.8309 ], [ 69.8969, 21.8352 ], [ 69.8964, 21.8409 ], [ 69.9097, 21.841 ], [ 69.9152, 21.8511 ], [ 69.9117, 21.8776 ], [ 69.936, 21.8933 ], [ 69.9191, 21.8999 ], [ 69.92, 21.9269 ], [ 69.9152, 21.9278 ], [ 69.9173, 21.9401 ], [ 69.9281, 21.9394 ], [ 69.9267, 21.9524 ], [ 69.9336, 21.9608 ], [ 69.9231, 21.9666 ], [ 69.9029, 21.9653 ], [ 69.8869, 21.9946 ], [ 69.8755, 22.0006 ], [ 69.8769, 22.0106 ], [ 69.8658, 22.0177 ], [ 69.8548, 22.0157 ], [ 69.8705, 22.0381 ], [ 69.8656, 22.0462 ], [ 69.8573, 22.0441 ], [ 69.8578, 22.0712 ], [ 69.8372, 22.0691 ], [ 69.8193, 22.0787 ], [ 69.8069, 22.0719 ], [ 69.8058, 22.0807 ], [ 69.8159, 22.0949 ], [ 69.8107, 22.0987 ], [ 69.8147, 22.1164 ], [ 69.8228, 22.1207 ], [ 69.8097, 22.1317 ], [ 69.8129, 22.1763 ], [ 69.8026, 22.1893 ], [ 69.81, 22.2035 ], [ 69.7913, 22.2209 ], [ 69.7695, 22.2201 ], [ 69.7555, 22.2373 ], [ 69.7617, 22.2515 ], [ 69.7533, 22.2579 ], [ 69.7326, 22.3081 ], [ 69.7539, 22.321 ], [ 69.7401, 22.3405 ], [ 69.7362, 22.368 ], [ 69.7274, 22.3691 ], [ 69.7259, 22.3947 ], [ 69.7373, 22.3958 ], [ 69.7342, 22.406 ], [ 69.7509, 22.4119 ], [ 69.7591, 22.4433 ], [ 69.7793, 22.4164 ], [ 69.7973, 22.406 ], [ 69.7912, 22.3836 ], [ 69.7919, 22.3802 ], [ 69.7965, 22.3777 ], [ 69.8093, 22.3862 ], [ 69.8139, 22.3988 ], [ 69.8094, 22.4015 ], [ 69.8226, 22.4176 ], [ 69.8328, 22.4471 ], [ 69.8636, 22.4356 ], [ 69.871, 22.423 ], [ 69.8777, 22.4443 ], [ 69.8878, 22.4546 ], [ 69.9004, 22.4564 ], [ 69.9067, 22.4485 ], [ 69.9191, 22.4565 ], [ 69.9149, 22.4655 ], [ 69.9205, 22.4609 ], [ 69.9374, 22.4633 ], [ 69.9398, 22.4828 ], [ 69.9505, 22.4723 ], [ 69.9617, 22.4783 ], [ 69.9705, 22.4682 ], [ 69.9793, 22.4682 ], [ 69.9867, 22.4772 ], [ 69.9787, 22.4915 ], [ 69.9877, 22.5105 ], [ 70.0103, 22.4999 ], [ 70.0207, 22.5072 ], [ 70.057, 22.5067 ], [ 70.0731, 22.5178 ], [ 70.0912, 22.5082 ], [ 70.0813, 22.4995 ], [ 70.0858, 22.4941 ], [ 70.1163, 22.501 ], [ 70.1199, 22.4863 ], [ 70.1241, 22.5126 ], [ 70.1328, 22.5172 ], [ 70.1492, 22.512 ], [ 70.172, 22.5293 ], [ 70.1847, 22.5222 ], [ 70.1851, 22.5431 ], [ 70.1761, 22.5444 ], [ 70.1792, 22.5675 ], [ 70.1946, 22.5827 ], [ 70.2041, 22.582 ], [ 70.1993, 22.5971 ], [ 70.2055, 22.5941 ], [ 70.211, 22.5986 ], [ 70.2109, 22.611 ], [ 70.2635, 22.6535 ], [ 70.264, 22.6699 ], [ 70.273, 22.6721 ], [ 70.2681, 22.7053 ], [ 70.2804, 22.7187 ], [ 70.2787, 22.7253 ], [ 70.2931, 22.7281 ], [ 70.3233, 22.7489 ], [ 70.4133, 22.8184 ], [ 70.4334, 22.8188 ], [ 70.4393, 22.8275 ], [ 70.4623, 22.8313 ], [ 70.4785, 22.8605 ], [ 70.4993, 22.8433 ], [ 70.5139, 22.849 ], [ 70.5198, 22.844 ], [ 70.511, 22.8261 ], [ 70.517, 22.8123 ], [ 70.5294, 22.8137 ], [ 70.5325, 22.8087 ], [ 70.5384, 22.812 ], [ 70.5441, 22.8049 ], [ 70.553, 22.8077 ], [ 70.552, 22.7932 ], [ 70.5472, 22.7921 ], [ 70.5574, 22.7907 ], [ 70.5682, 22.762 ], [ 70.5663, 22.7294 ], [ 70.5771, 22.7276 ], [ 70.5795, 22.7217 ], [ 70.6007, 22.7283 ], [ 70.6125, 22.6944 ], [ 70.6161, 22.6508 ], [ 70.6083, 22.6403 ], [ 70.5748, 22.6339 ], [ 70.5494, 22.561 ], [ 70.5581, 22.545 ], [ 70.5803, 22.5525 ], [ 70.6017, 22.5312 ], [ 70.5713, 22.5203 ], [ 70.5659, 22.5333 ], [ 70.5429, 22.5333 ], [ 70.5285, 22.5155 ], [ 70.5354, 22.495 ], [ 70.5425, 22.5022 ], [ 70.5536, 22.5012 ], [ 70.5747, 22.5131 ], [ 70.5869, 22.4905 ], [ 70.5402, 22.4794 ], [ 70.5526, 22.4625 ], [ 70.5338, 22.4581 ], [ 70.5257, 22.4672 ], [ 70.5195, 22.4627 ], [ 70.5118, 22.4692 ], [ 70.5046, 22.4906 ], [ 70.4996, 22.4895 ], [ 70.4944, 22.4769 ], [ 70.4992, 22.4694 ], [ 70.5031, 22.4712 ], [ 70.4989, 22.4515 ], [ 70.4878, 22.45 ], [ 70.4709, 22.4702 ], [ 70.4658, 22.4692 ], [ 70.4621, 22.4499 ], [ 70.4561, 22.4489 ], [ 70.462, 22.439 ], [ 70.4453, 22.4339 ], [ 70.4584, 22.4194 ], [ 70.4721, 22.4265 ], [ 70.4757, 22.4231 ], [ 70.5066, 22.4285 ], [ 70.5078, 22.4129 ], [ 70.4936, 22.4118 ], [ 70.4841, 22.3852 ], [ 70.4736, 22.3786 ], [ 70.4872, 22.362 ], [ 70.4989, 22.3623 ], [ 70.5009, 22.3668 ], [ 70.5177, 22.3609 ], [ 70.5299, 22.3436 ], [ 70.5, 22.3222 ], [ 70.4884, 22.3274 ], [ 70.469, 22.3248 ], [ 70.4733, 22.3093 ], [ 70.5053, 22.2836 ], [ 70.5194, 22.2451 ], [ 70.5364, 22.2495 ], [ 70.549, 22.2295 ], [ 70.5786, 22.24 ], [ 70.5876, 22.2079 ], [ 70.5963, 22.2076 ], [ 70.5978, 22.2009 ], [ 70.6149, 22.1898 ], [ 70.5989, 22.1933 ], [ 70.58, 22.1846 ], [ 70.5876, 22.1671 ], [ 70.5684, 22.1601 ], [ 70.5627, 22.1451 ], [ 70.5648, 22.1283 ], [ 70.5762, 22.1179 ], [ 70.589, 22.1179 ], [ 70.5885, 22.1087 ], [ 70.5824, 22.099 ], [ 70.5624, 22.0986 ], [ 70.5538, 22.0902 ], [ 70.5514, 22.0806 ], [ 70.5566, 22.0826 ], [ 70.562, 22.0728 ], [ 70.5468, 22.0605 ], [ 70.5496, 22.0461 ], [ 70.5712, 22.0366 ], [ 70.5696, 22.027 ], [ 70.5534, 22.0138 ], [ 70.5263, 22.0014 ], [ 70.5096, 22.002 ], [ 70.5008, 21.9968 ], [ 70.5007, 22.0214 ], [ 70.5206, 22.0187 ], [ 70.5315, 22.042 ], [ 70.4911, 22.0554 ], [ 70.4602, 22.0537 ], [ 70.4527, 22.0354 ], [ 70.4334, 22.0293 ], [ 70.4222, 22.0315 ], [ 70.4127, 22.0254 ], [ 70.4144, 22.0354 ], [ 70.4025, 22.0314 ], [ 70.3983, 22.0385 ], [ 70.3728, 22.0467 ], [ 70.3616, 22.0441 ], [ 70.3494, 22.0523 ], [ 70.3308, 22.051 ], [ 70.3253, 22.0466 ], [ 70.3264, 22.0149 ], [ 70.2942, 22.0128 ], [ 70.3012, 21.9988 ], [ 70.2989, 21.9931 ], [ 70.2886, 22.0054 ], [ 70.2783, 21.9983 ], [ 70.265, 22.0012 ], [ 70.2475, 21.9629 ] ], [ [ 70.4104, 22.3595 ], [ 70.4403, 22.3569 ], [ 70.4488, 22.3281 ], [ 70.4662, 22.3328 ], [ 70.4618, 22.3507 ], [ 70.4214, 22.3748 ], [ 70.4321, 22.3869 ], [ 70.4509, 22.3936 ], [ 70.4382, 22.4163 ], [ 70.4043, 22.4083 ], [ 70.4104, 22.3595 ] ] ], [ [ [ 70.5303, 22.3876 ], [ 70.5147, 22.3853 ], [ 70.5055, 22.3926 ], [ 70.5196, 22.4018 ], [ 70.5168, 22.4119 ], [ 70.5242, 22.4144 ], [ 70.5232, 22.4195 ], [ 70.5349, 22.4183 ], [ 70.5371, 22.4041 ], [ 70.5303, 22.3876 ] ] ], [ [ [ 70.5379, 22.4381 ], [ 70.5342, 22.4356 ], [ 70.529, 22.4355 ], [ 70.5108, 22.4598 ], [ 70.5201, 22.4623 ], [ 70.5379, 22.4381 ] ] ], [ [ [ 70.0594, 22.5374 ], [ 70.0536, 22.5426 ], [ 70.0489, 22.5394 ], [ 70.0543, 22.5319 ], [ 70.0461, 22.5236 ], [ 70.0349, 22.5356 ], [ 70.0402, 22.5528 ], [ 70.0545, 22.545 ], [ 70.0594, 22.5374 ] ] ] ] } },
{ "type": "Feature", "properties": { "district": "Junagadh", "did": "gujarat:Junagadh", "state_key": "gujarat" }, "geometry": { "type": "Polygon", "coordinates": [ [ [ 70.4479, 21.0911 ], [ 70.4474, 21.0797 ], [ 70.454, 21.0764 ], [ 70.4503, 21.0629 ], [ 70.4558, 21.0545 ], [ 70.4636, 21.0541 ], [ 70.4467, 21.036 ], [ 70.4354, 21.0372 ], [ 70.4322, 21.0487 ], [ 70.4216, 21.0412 ], [ 70.407, 21.0545 ], [ 70.4007, 21.0534 ], [ 70.393, 21.0188 ], [ 70.3738, 21.0083 ], [ 70.3627, 21.0108 ], [ 70.3705, 21.0179 ], [ 70.3508, 21.0343 ], [ 70.3284, 21.0147 ], [ 70.3031, 21.0062 ], [ 70.2935, 21.0196 ], [ 70.277, 21.0138 ], [ 70.2767, 21.0176 ], [ 70.2751, 21.0181 ], [ 70.2389, 20.9925 ], [ 70.0924, 21.1133 ], [ 69.9819, 21.228 ], [ 70.0026, 21.2443 ], [ 70.0027, 21.2549 ], [ 70.0289, 21.2738 ], [ 70.0281, 21.2809 ], [ 70.0129, 21.2776 ], [ 69.997, 21.2981 ], [ 69.9764, 21.295 ], [ 69.9783, 21.336 ], [ 69.9569, 21.3435 ], [ 69.9417, 21.3724 ], [ 69.9508, 21.3857 ], [ 69.943, 21.3915 ], [ 69.9541, 21.4013 ], [ 69.9816, 21.4042 ], [ 69.9884, 21.3959 ], [ 69.9971, 21.4006 ], [ 69.9797, 21.4325 ], [ 70.0223, 21.444 ], [ 70.0299, 21.4759 ], [ 69.9964, 21.4739 ], [ 69.9851, 21.5062 ], [ 69.9927, 21.5073 ], [ 69.9822, 21.5301 ], [ 70.0026, 21.5429 ], [ 69.9866, 21.5722 ], [ 69.9759, 21.5664 ], [ 69.9644, 21.5918 ], [ 69.9861, 21.6019 ], [ 69.9906, 21.5794 ], [ 70.0308, 21.6016 ], [ 70.0342, 21.5931 ], [ 70.0477, 21.5977 ], [ 70.0476, 21.5868 ], [ 70.0707, 21.5851 ], [ 70.0685, 21.6104 ], [ 70.0495, 21.612 ], [ 70.0406, 21.6075 ], [ 70.0388, 21.6119 ], [ 70.0583, 21.6266 ], [ 70.0566, 21.6367 ], [ 70.0908, 21.6489 ], [ 70.1091, 21.6452 ], [ 70.1031, 21.6625 ], [ 70.1195, 21.6805 ], [ 70.1353, 21.663 ], [ 70.1492, 21.6635 ], [ 70.1521, 21.6525 ], [ 70.1394, 21.6429 ], [ 70.1272, 21.6428 ], [ 70.1392, 21.612 ], [ 70.1655, 21.6128 ], [ 70.1875, 21.6261 ], [ 70.2283, 21.6381 ], [ 70.2447, 21.6132 ], [ 70.2655, 21.6126 ], [ 70.2718, 21.5754 ], [ 70.2467, 21.5671 ], [ 70.253, 21.5292 ], [ 70.2634, 21.5258 ], [ 70.2793, 21.5417 ], [ 70.2957, 21.5463 ], [ 70.2916, 21.5696 ], [ 70.304, 21.5893 ], [ 70.3656, 21.5965 ], [ 70.3727, 21.6205 ], [ 70.3683, 21.6389 ], [ 70.3852, 21.6378 ], [ 70.3928, 21.6409 ], [ 70.3903, 21.6491 ], [ 70.4366, 21.6583 ], [ 70.4412, 21.6735 ], [ 70.4511, 21.6728 ], [ 70.459, 21.6495 ], [ 70.4875, 21.6549 ], [ 70.4886, 21.6489 ], [ 70.5061, 21.6561 ], [ 70.5062, 21.6665 ], [ 70.542, 21.6754 ], [ 70.5526, 21.6725 ], [ 70.5537, 21.6477 ], [ 70.5446, 21.6455 ], [ 70.5533, 21.6246 ], [ 70.5624, 21.6204 ], [ 70.5672, 21.6209 ], [ 70.5683, 21.6311 ], [ 70.5804, 21.6331 ], [ 70.6009, 21.63 ], [ 70.6085, 21.621 ], [ 70.6344, 21.635 ], [ 70.6423, 21.6523 ], [ 70.6561, 21.6493 ], [ 70.6858, 21.6347 ], [ 70.685, 21.6228 ], [ 70.7014, 21.6045 ], [ 70.7241, 21.611 ], [ 70.7312, 21.6407 ], [ 70.742, 21.6451 ], [ 70.7432, 21.641 ], [ 70.7699, 21.6434 ], [ 70.7775, 21.6625 ], [ 70.7936, 21.6662 ], [ 70.8104, 21.6391 ], [ 70.816, 21.6438 ], [ 70.8281, 21.6348 ], [ 70.864, 21.5992 ], [ 70.8731, 21.5774 ], [ 70.8794, 21.5775 ], [ 70.8815, 21.548 ], [ 70.8901, 21.5501 ], [ 70.8925, 21.544 ], [ 70.8883, 21.5279 ], [ 70.8667, 21.5269 ], [ 70.8634, 21.534 ], [ 70.8489, 21.5313 ], [ 70.8422, 21.5112 ], [ 70.8046, 21.515 ], [ 70.81, 21.4909 ], [ 70.8336, 21.4945 ], [ 70.8274, 21.4682 ], [ 70.8317, 21.4569 ], [ 70.8665, 21.4665 ], [ 70.8859, 21.446 ], [ 70.8792, 21.4186 ], [ 70.8926, 21.3969 ], [ 70.8803, 21.3782 ], [ 70.8663, 21.3783 ], [ 70.8747, 21.3377 ], [ 70.8668, 21.3336 ], [ 70.8681, 21.3191 ], [ 70.8818, 21.3178 ], [ 70.9005, 21.3265 ], [ 70.9216, 21.3487 ], [ 70.9437, 21.312 ], [ 70.9082, 21.2996 ], [ 70.8957, 21.2874 ], [ 70.8905, 21.2686 ], [ 70.8714, 21.2626 ], [ 70.8248, 21.2616 ], [ 70.8269, 21.2552 ], [ 70.8104, 21.248 ], [ 70.8039, 21.2337 ], [ 70.8254, 21.2041 ], [ 70.8236, 21.1983 ], [ 70.8505, 21.1803 ], [ 70.8535, 21.1674 ], [ 70.8643, 21.1736 ], [ 70.8706, 21.1709 ], [ 70.8928, 21.1856 ], [ 70.9493, 21.1691 ], [ 70.9782, 21.1643 ], [ 70.9894, 21.1705 ], [ 71.0055, 21.1664 ], [ 71.0223, 21.1448 ], [ 71.0759, 21.1168 ], [ 71.0959, 21.0869 ], [ 71.1128, 21.0763 ], [ 71.1254, 21.0762 ], [ 71.1347, 21.0675 ], [ 71.1383, 21.0426 ], [ 71.1485, 21.0317 ], [ 71.1304, 21.0023 ], [ 71.107, 21.0159 ], [ 71.0892, 21.017 ], [ 71.0907, 21.0259 ], [ 71.0849, 21.0279 ], [ 71.0904, 21.0362 ], [ 71.0793, 21.0401 ], [ 71.0683, 21.018 ], [ 71.0719, 20.9877 ], [ 71.0524, 20.9914 ], [ 71.0459, 20.988 ], [ 71.049, 20.9809 ], [ 71.037, 20.9658 ], [ 71.0235, 20.9684 ], [ 71.0141, 20.9568 ], [ 71.0, 20.956 ], [ 71.0016, 20.9485 ], [ 70.9889, 20.9485 ], [ 70.991, 20.962 ], [ 70.9786, 20.9694 ], [ 70.9836, 20.9818 ], [ 70.9676, 20.9863 ], [ 70.9619, 20.9952 ], [ 70.9342, 20.9883 ], [ 70.9313, 20.9769 ], [ 70.9091, 20.9689 ], [ 70.911, 20.9577 ], [ 70.893, 20.9632 ], [ 70.872, 20.9329 ], [ 70.8609, 20.967 ], [ 70.8737, 20.9675 ], [ 70.8608, 20.9742 ], [ 70.861, 20.9809 ], [ 70.8565, 20.9706 ], [ 70.839, 20.9718 ], [ 70.8408, 20.9941 ], [ 70.8335, 20.988 ], [ 70.8025, 20.9994 ], [ 70.8034, 20.9946 ], [ 70.7825, 20.9901 ], [ 70.7769, 20.9957 ], [ 70.7803, 21.0023 ], [ 70.7687, 21.0037 ], [ 70.7629, 20.9847 ], [ 70.7442, 20.9763 ], [ 70.7543, 20.9646 ], [ 70.7463, 20.9681 ], [ 70.7079, 21.0094 ], [ 70.7143, 21.011 ], [ 70.7137, 21.023 ], [ 70.7245, 21.0371 ], [ 70.7227, 21.0613 ], [ 70.7086, 21.0524 ], [ 70.7118, 21.062 ], [ 70.6994, 21.0824 ], [ 70.6831, 21.0757 ], [ 70.6655, 21.0768 ], [ 70.6731, 21.089 ], [ 70.6607, 21.0992 ], [ 70.6663, 21.1113 ], [ 70.6499, 21.1207 ], [ 70.6425, 21.1079 ], [ 70.6215, 21.11 ], [ 70.6165, 21.1217 ], [ 70.6227, 21.1355 ], [ 70.6138, 21.1463 ], [ 70.6162, 21.153 ], [ 70.6082, 21.151 ], [ 70.5997, 21.1563 ], [ 70.5901, 21.1501 ], [ 70.5888, 21.1594 ], [ 70.5769, 21.1696 ], [ 70.5663, 21.1644 ], [ 70.5642, 21.1548 ], [ 70.5492, 21.1541 ], [ 70.5518, 21.1344 ], [ 70.5258, 21.1346 ], [ 70.5188, 21.1413 ], [ 70.5024, 21.1413 ], [ 70.5008, 21.1053 ], [ 70.5068, 21.0933 ], [ 70.484, 21.0938 ], [ 70.4784, 21.0987 ], [ 70.4479, 21.0911 ] ], [ [ 70.846, 21.4089 ], [ 70.8514, 21.3978 ], [ 70.8679, 21.3896 ], [ 70.8788, 21.4201 ], [ 70.8606, 21.4094 ], [ 70.846, 21.4089 ] ] ] } },
{ "type": "Feature", "properties": { "district": "Kachchh", "did": "gujarat:Kachchh", "state_key": "gujarat" }, "geometry": { "type": "MultiPolygon", "coordinates": [ [ [ [ 69.959, 22.8993 ], [ 69.9622, 22.8936 ], [ 69.9587, 22.8986 ], [ 69.927, 22.896 ], [ 69.9307, 22.8943 ], [ 69.9119, 22.8865 ], [ 69.9103, 22.8786 ], [ 69.8987, 22.8713 ], [ 69.8776, 22.8742 ], [ 69.8123, 22.85 ], [ 69.8007, 22.8511 ], [ 69.7686, 22.8264 ], [ 69.7357, 22.8167 ], [ 69.7303, 22.821 ], [ 69.732, 22.8164 ], [ 69.7199, 22.8089 ], [ 69.6895, 22.8067 ], [ 69.6824, 22.8 ], [ 69.6474, 22.7962 ], [ 69.6472, 22.8089 ], [ 69.6369, 22.8052 ], [ 69.6343, 22.8118 ], [ 69.6252, 22.8085 ], [ 69.6183, 22.8123 ], [ 69.6059, 22.803 ], [ 69.5988, 22.8119 ], [ 69.5756, 22.8177 ], [ 69.576, 22.8104 ], [ 69.571, 22.8096 ], [ 69.5694, 22.8159 ], [ 69.5569, 22.8073 ], [ 69.537, 22.8041 ], [ 69.5344, 22.8086 ], [ 69.5308, 22.7999 ], [ 69.5053, 22.8089 ], [ 69.5047, 22.799 ], [ 69.4943, 22.7969 ], [ 69.4828, 22.8057 ], [ 69.4773, 22.7955 ], [ 69.4679, 22.7983 ], [ 69.4573, 22.8143 ], [ 69.452, 22.8083 ], [ 69.4182, 22.8127 ], [ 69.47, 22.7764 ], [ 69.4947, 22.7799 ], [ 69.4723, 22.7737 ], [ 69.4453, 22.7798 ], [ 69.4464, 22.7808 ], [ 69.4381, 22.7871 ], [ 69.4342, 22.788 ], [ 69.4437, 22.7801 ], [ 69.3812, 22.8188 ], [ 69.3478, 22.8207 ], [ 69.314, 22.8333 ], [ 69.2679, 22.8252 ], [ 69.2276, 22.8373 ], [ 69.2013, 22.8375 ], [ 69.2032, 22.8417 ], [ 69.1967, 22.8377 ], [ 69.1942, 22.8519 ], [ 69.1676, 22.8597 ], [ 69.1749, 22.8514 ], [ 69.1312, 22.8723 ], [ 69.0438, 22.9299 ], [ 68.9406, 22.9804 ], [ 68.813, 23.0579 ], [ 68.8703, 23.0272 ], [ 68.8717, 23.033 ], [ 68.8625, 23.0318 ], [ 68.8367, 23.0464 ], [ 68.8359, 23.0507 ], [ 68.847, 23.0484 ], [ 68.8435, 23.0538 ], [ 68.8371, 23.0521 ], [ 68.8418, 23.0586 ], [ 68.8342, 23.0566 ], [ 68.8348, 23.0506 ], [ 68.8246, 23.0624 ], [ 68.827, 23.0575 ], [ 68.8212, 23.0572 ], [ 68.8152, 23.077 ], [ 68.8097, 23.0743 ], [ 68.8117, 23.0614 ], [ 68.8032, 23.0649 ], [ 68.8118, 23.0588 ], [ 68.7586, 23.0803 ], [ 68.7505, 23.0885 ], [ 68.757, 23.0836 ], [ 68.758, 23.089 ], [ 68.7636, 23.0876 ], [ 68.7631, 23.0806 ], [ 68.7695, 23.0797 ], [ 68.7651, 23.079 ], [ 68.77, 23.0773 ], [ 68.7785, 23.0776 ], [ 68.7737, 23.0797 ], [ 68.7798, 23.0818 ], [ 68.7815, 23.0833 ], [ 68.774, 23.0806 ], [ 68.7723, 23.0783 ], [ 68.7601, 23.0998 ], [ 68.7651, 23.096 ], [ 68.7612, 23.1011 ], [ 68.7694, 23.1147 ], [ 68.7849, 23.1152 ], [ 68.7836, 23.12 ], [ 68.7544, 23.123 ], [ 68.7459, 23.11 ], [ 68.7423, 23.118 ], [ 68.7332, 23.1195 ], [ 68.7319, 23.1342 ], [ 68.7241, 23.1318 ], [ 68.7244, 23.1365 ], [ 68.7131, 23.1414 ], [ 68.7122, 23.1514 ], [ 68.6828, 23.1527 ], [ 68.6765, 23.1621 ], [ 68.6823, 23.1579 ], [ 68.6826, 23.1758 ], [ 68.6701, 23.182 ], [ 68.6596, 23.1977 ], [ 68.6737, 23.2019 ], [ 68.6692, 23.2182 ], [ 68.6547, 23.2116 ], [ 68.6408, 23.2161 ], [ 68.621, 23.2057 ], [ 68.622, 23.2127 ], [ 68.6429, 23.218 ], [ 68.6535, 23.2311 ], [ 68.6741, 23.2333 ], [ 68.6772, 23.2291 ], [ 68.702, 23.2401 ], [ 68.7147, 23.2641 ], [ 68.7245, 23.2551 ], [ 68.7242, 23.2668 ], [ 68.7055, 23.2707 ], [ 68.7119, 23.2867 ], [ 68.6993, 23.2842 ], [ 68.7026, 23.2925 ], [ 68.714, 23.2956 ], [ 68.7076, 23.3136 ], [ 68.7135, 23.318 ], [ 68.6928, 23.3088 ], [ 68.6814, 23.3118 ], [ 68.685, 23.3289 ], [ 68.6683, 23.3315 ], [ 68.6703, 23.3432 ], [ 68.6605, 23.3475 ], [ 68.6612, 23.3365 ], [ 68.6518, 23.3261 ], [ 68.6581, 23.312 ], [ 68.6523, 23.3031 ], [ 68.64, 23.3232 ], [ 68.6425, 23.3323 ], [ 68.6526, 23.3356 ], [ 68.6437, 23.3335 ], [ 68.6481, 23.337 ], [ 68.636, 23.3389 ], [ 68.6396, 23.343 ], [ 68.6291, 23.3489 ], [ 68.6325, 23.3525 ], [ 68.6274, 23.3516 ], [ 68.6258, 23.3649 ], [ 68.6119, 23.3691 ], [ 68.6204, 23.374 ], [ 68.6096, 23.372 ], [ 68.6086, 23.3829 ], [ 68.5832, 23.4029 ], [ 68.5703, 23.4038 ], [ 68.5659, 23.4172 ], [ 68.5435, 23.4202 ], [ 68.5478, 23.4245 ], [ 68.5306, 23.4452 ], [ 68.5416, 23.452 ], [ 68.5463, 23.4651 ], [ 68.5408, 23.4585 ], [ 68.5292, 23.4571 ], [ 68.5294, 23.4494 ], [ 68.5138, 23.4812 ], [ 68.5129, 23.501 ], [ 68.5024, 23.5019 ], [ 68.5046, 23.5133 ], [ 68.4943, 23.5181 ], [ 68.4836, 23.5487 ], [ 68.4948, 23.5592 ], [ 68.4904, 23.5795 ], [ 68.4976, 23.6006 ], [ 68.4929, 23.6058 ], [ 68.5089, 23.6094 ], [ 68.5022, 23.6128 ], [ 68.5157, 23.6214 ], [ 68.5079, 23.622 ], [ 68.5106, 23.6395 ], [ 68.5138, 23.6441 ], [ 68.5169, 23.6354 ], [ 68.529, 23.6358 ], [ 68.5334, 23.6492 ], [ 68.5218, 23.6421 ], [ 68.5207, 23.6496 ], [ 68.5429, 23.6532 ], [ 68.5615, 23.6887 ], [ 68.568, 23.6849 ], [ 68.5648, 23.69 ], [ 68.5571, 23.6892 ], [ 68.5525, 23.6993 ], [ 68.5483, 23.6918 ], [ 68.5572, 23.7166 ], [ 68.5733, 23.7214 ], [ 68.5717, 23.7088 ], [ 68.5872, 23.7026 ], [ 68.6005, 23.7088 ], [ 68.5924, 23.7137 ], [ 68.5968, 23.7241 ], [ 68.6128, 23.718 ], [ 68.6322, 23.7278 ], [ 68.6287, 23.7345 ], [ 68.6216, 23.7244 ], [ 68.6157, 23.7259 ], [ 68.6185, 23.738 ], [ 68.6383, 23.7422 ], [ 68.6409, 23.7362 ], [ 68.6488, 23.7389 ], [ 68.6353, 23.761 ], [ 68.6506, 23.7926 ], [ 68.6725, 23.804 ], [ 68.6815, 23.795 ], [ 68.6939, 23.8182 ], [ 68.7112, 23.8302 ], [ 68.7083, 23.8343 ], [ 68.6882, 23.8464 ], [ 68.6697, 23.8427 ], [ 68.6555, 23.8328 ], [ 68.6026, 23.8295 ], [ 68.5767, 23.8173 ], [ 68.527, 23.7458 ], [ 68.5088, 23.7505 ], [ 68.5057, 23.7409 ], [ 68.4884, 23.7316 ], [ 68.464, 23.7422 ], [ 68.421, 23.7332 ], [ 68.3947, 23.601 ], [ 68.3342, 23.5786 ], [ 68.291, 23.5714 ], [ 68.2781, 23.5597 ], [ 68.2296, 23.578 ], [ 68.2236, 23.5739 ], [ 68.2145, 23.5823 ], [ 68.1882, 23.5818 ], [ 68.1854, 23.5956 ], [ 68.1922, 23.5867 ], [ 68.2077, 23.5862 ], [ 68.1951, 23.5887 ], [ 68.1779, 23.6141 ], [ 68.1863, 23.6453 ], [ 68.2085, 23.6507 ], [ 68.1826, 23.655 ], [ 68.2018, 23.6587 ], [ 68.2067, 23.6689 ], [ 68.1968, 23.703 ], [ 68.1817, 23.7216 ], [ 68.2026, 23.7667 ], [ 68.1981, 23.8361 ], [ 68.2087, 23.8755 ], [ 68.2522, 23.8969 ], [ 68.2799, 23.9308 ], [ 68.3241, 23.9213 ], [ 68.3329, 23.9251 ], [ 68.339, 23.967 ], [ 68.3689, 23.9848 ], [ 68.3786, 23.9845 ], [ 68.3897, 23.9666 ], [ 68.3974, 23.9705 ], [ 68.753, 23.9713 ], [ 68.7693, 24.2644 ], [ 68.7647, 24.2958 ], [ 68.8082, 24.3136 ], [ 68.8204, 24.3123 ], [ 68.8263, 24.3174 ], [ 68.8307, 24.3119 ], [ 68.8434, 24.2779 ], [ 68.8477, 24.2392 ], [ 68.8574, 24.2143 ], [ 68.8648, 24.2128 ], [ 68.8803, 24.2166 ], [ 68.9068, 24.2798 ], [ 68.9453, 24.3025 ], [ 68.9673, 24.2717 ], [ 68.9847, 24.2276 ], [ 69.0053, 24.2231 ], [ 69.0948, 24.2745 ], [ 69.1938, 24.2361 ], [ 69.3127, 24.2816 ], [ 69.3763, 24.2695 ], [ 69.446, 24.2803 ], [ 69.494, 24.2678 ], [ 69.5944, 24.2924 ], [ 69.7312, 24.1711 ], [ 70.0251, 24.1713 ], [ 70.0668, 24.1992 ], [ 70.1099, 24.295 ], [ 70.1659, 24.3035 ], [ 70.2142, 24.3212 ], [ 70.2507, 24.3244 ], [ 70.3256, 24.3519 ], [ 70.3685, 24.3508 ], [ 70.4117, 24.3756 ], [ 70.4761, 24.3898 ], [ 70.5731, 24.4224 ], [ 70.6025, 24.4081 ], [ 70.5805, 24.3633 ], [ 70.562, 24.3545 ], [ 70.5845, 24.2904 ], [ 70.5848, 24.278 ], [ 70.5712, 24.2517 ], [ 70.5828, 24.2439 ], [ 70.5856, 24.2474 ], [ 70.6669, 24.2196 ], [ 70.7139, 24.2157 ], [ 70.8055, 24.2209 ], [ 70.8362, 24.2315 ], [ 70.8522, 24.2451 ], [ 70.8766, 24.2457 ], [ 70.9073, 24.2588 ], [ 70.9092, 24.2628 ], [ 70.8757, 24.2802 ], [ 70.8745, 24.2945 ], [ 70.8826, 24.2998 ], [ 70.8787, 24.3014 ], [ 70.9248, 24.3259 ], [ 70.9477, 24.3481 ], [ 70.9865, 24.3647 ], [ 71.0035, 24.351 ], [ 71.0202, 24.3474 ], [ 71.0421, 24.3513 ], [ 71.0573, 24.3615 ], [ 71.0819, 24.3929 ], [ 71.108, 24.3967 ], [ 71.1218, 24.4057 ], [ 71.1255, 24.4201 ], [ 71.1031, 24.4357 ], [ 71.0375, 24.4319 ], [ 70.9986, 24.4444 ], [ 70.996, 24.475 ], [ 71.0052, 24.523 ], [ 70.9874, 24.5434 ], [ 70.9925, 24.5638 ], [ 70.9863, 24.5955 ], [ 71.0095, 24.6354 ], [ 71.0747, 24.6619 ], [ 71.0965, 24.6887 ], [ 71.1134, 24.6753 ], [ 71.2878, 24.6162 ], [ 71.2846, 24.5939 ], [ 71.3066, 24.5884 ], [ 71.2973, 24.5643 ], [ 71.2602, 24.5334 ], [ 71.2568, 24.5081 ], [ 71.2924, 24.5191 ], [ 71.3485, 24.5176 ], [ 71.3453, 24.5 ], [ 71.3314, 24.4794 ], [ 71.3423, 24.4754 ], [ 71.3339, 24.4702 ], [ 71.3492, 24.4576 ], [ 71.3376, 24.4559 ], [ 71.3312, 24.4609 ], [ 71.3205, 24.4455 ], [ 71.3362, 24.4304 ], [ 71.3438, 24.4319 ], [ 71.343, 24.4254 ], [ 71.3242, 24.4136 ], [ 71.319, 24.4023 ], [ 71.323, 24.3942 ], [ 71.3474, 24.3925 ], [ 71.3461, 24.3868 ], [ 71.3661, 24.3915 ], [ 71.362, 24.3841 ], [ 71.3672, 24.3759 ], [ 71.3736, 24.3785 ], [ 71.384, 24.3507 ], [ 71.3711, 24.3508 ], [ 71.382, 24.348 ], [ 71.3748, 24.3339 ], [ 71.3198, 24.3237 ], [ 71.3167, 24.317 ], [ 71.3142, 24.3221 ], [ 71.3104, 24.3118 ], [ 71.2946, 24.301 ], [ 71.3033, 24.282 ], [ 71.305, 24.2714 ], [ 71.2999, 24.2728 ], [ 71.2972, 24.2661 ], [ 71.3027, 24.2597 ], [ 71.2893, 24.2583 ], [ 71.2838, 24.2658 ], [ 71.2742, 24.2578 ], [ 71.2854, 24.2421 ], [ 71.2855, 24.2486 ], [ 71.2918, 24.2482 ], [ 71.2883, 24.2386 ], [ 71.2798, 24.2366 ], [ 71.2905, 24.2251 ], [ 71.31, 24.2221 ], [ 71.3002, 24.2148 ], [ 71.3029, 24.2075 ], [ 71.3297, 24.1957 ], [ 71.326, 24.1822 ], [ 71.3607, 24.1857 ], [ 71.3584, 24.1732 ], [ 71.3436, 24.1773 ], [ 71.3453, 24.1686 ], [ 71.3375, 24.1638 ], [ 71.3306, 24.1644 ], [ 71.3289, 24.172 ], [ 71.3249, 24.1643 ], [ 71.3094, 24.1662 ], [ 71.3021, 24.1599 ], [ 71.2728, 24.1763 ], [ 71.2576, 24.159 ], [ 71.2855, 24.1497 ], [ 71.2728, 24.1414 ], [ 71.2822, 24.1326 ], [ 71.3017, 24.1292 ], [ 71.302, 24.1213 ], [ 71.3336, 24.1163 ], [ 71.3364, 24.105 ], [ 71.3164, 24.0961 ], [ 71.3175, 24.0787 ], [ 71.3113, 24.0749 ], [ 71.3157, 24.0719 ], [ 71.3049, 24.0627 ], [ 71.3219, 24.0523 ], [ 71.2916, 24.0197 ], [ 71.285, 23.9916 ], [ 71.2954, 23.987 ], [ 71.3092, 23.9933 ], [ 71.3191, 23.9838 ], [ 71.2982, 23.9674 ], [ 71.3015, 23.955 ], [ 71.2889, 23.9484 ], [ 71.302, 23.9335 ], [ 71.2995, 23.9277 ], [ 71.2798, 23.9282 ], [ 71.2743, 23.9344 ], [ 71.273, 23.9225 ], [ 71.2651, 23.9212 ], [ 71.2603, 23.932 ], [ 71.2531, 23.9333 ], [ 71.2477, 23.9285 ], [ 71.2544, 23.9214 ], [ 71.2389, 23.9186 ], [ 71.233, 23.9301 ], [ 71.2182, 23.9361 ], [ 71.1935, 23.9209 ], [ 71.1777, 23.9307 ], [ 71.1761, 23.9202 ], [ 71.158, 23.9206 ], [ 71.1403, 23.9104 ], [ 71.0974, 23.902 ], [ 71.0638, 23.8384 ], [ 71.0676, 23.8304 ], [ 71.0743, 23.8299 ], [ 71.0721, 23.8233 ], [ 71.0635, 23.825 ], [ 71.0693, 23.8171 ], [ 71.0612, 23.8055 ], [ 71.0466, 23.8095 ], [ 71.0431, 23.8046 ], [ 71.0445, 23.7905 ], [ 71.0559, 23.7868 ], [ 71.0587, 23.7553 ], [ 71.0537, 23.7438 ], [ 71.0649, 23.7417 ], [ 71.0728, 23.7304 ], [ 71.0571, 23.7374 ], [ 71.0571, 23.7209 ], [ 71.0695, 23.6886 ], [ 71.0392, 23.6809 ], [ 71.0365, 23.6455 ], [ 71.0469, 23.6251 ], [ 71.0523, 23.6203 ], [ 71.0635, 23.623 ], [ 71.0662, 23.6091 ], [ 71.0808, 23.5985 ], [ 71.0927, 23.6067 ], [ 71.0857, 23.6175 ], [ 71.0894, 23.6246 ], [ 71.0949, 23.6248 ], [ 71.0967, 23.6148 ], [ 71.1355, 23.6279 ], [ 71.139, 23.6375 ], [ 71.131, 23.6519 ], [ 71.1366, 23.664 ], [ 71.1496, 23.6682 ], [ 71.1495, 23.6737 ], [ 71.1433, 23.6742 ], [ 71.1489, 23.6836 ], [ 71.1808, 23.7159 ], [ 71.1714, 23.7138 ], [ 71.1622, 23.7215 ], [ 71.1579, 23.7125 ], [ 71.1521, 23.713 ], [ 71.152, 23.72 ], [ 71.1446, 23.717 ], [ 71.1443, 23.73 ], [ 71.1775, 23.7289 ], [ 71.1747, 23.7443 ], [ 71.1896, 23.7392 ], [ 71.1901, 23.734 ], [ 71.2069, 23.7387 ], [ 71.2177, 23.7295 ], [ 71.2252, 23.7139 ], [ 71.218, 23.699 ], [ 71.2239, 23.6879 ], [ 71.2133, 23.6785 ], [ 71.2218, 23.6564 ], [ 71.3043, 23.6457 ], [ 71.3336, 23.6488 ], [ 71.3511, 23.6564 ], [ 71.3755, 23.6497 ], [ 71.3938, 23.6028 ], [ 71.4251, 23.6288 ], [ 71.4268, 23.6033 ], [ 71.4167, 23.5786 ], [ 71.4186, 23.5673 ], [ 71.4735, 23.5562 ], [ 71.4482, 23.536 ], [ 71.4452, 23.4693 ], [ 71.4774, 23.4938 ], [ 71.4949, 23.5003 ], [ 71.5203, 23.5278 ], [ 71.5194, 23.5 ], [ 71.5075, 23.4874 ], [ 71.508, 23.4563 ], [ 71.5337, 23.4789 ], [ 71.5321, 23.461 ], [ 71.5479, 23.4559 ], [ 71.5612, 23.4404 ], [ 71.57, 23.4116 ], [ 71.6028, 23.4237 ], [ 71.5818, 23.4056 ], [ 71.581, 23.4003 ], [ 71.5892, 23.3972 ], [ 71.5722, 23.3905 ], [ 71.5638, 23.3729 ], [ 71.5834, 23.369 ], [ 71.5944, 23.3777 ], [ 71.6008, 23.3751 ], [ 71.5857, 23.3651 ], [ 71.5668, 23.3618 ], [ 71.5616, 23.3524 ], [ 71.5836, 23.3631 ], [ 71.5871, 23.3555 ], [ 71.6034, 23.3514 ], [ 71.616, 23.3546 ], [ 71.6414, 23.3383 ], [ 71.6514, 23.3185 ], [ 71.6291, 23.2915 ], [ 71.6467, 23.2788 ], [ 71.6592, 23.2905 ], [ 71.6713, 23.2881 ], [ 71.6746, 23.2932 ], [ 71.6758, 23.2748 ], [ 71.6603, 23.2745 ], [ 71.6596, 23.2601 ], [ 71.6778, 23.258 ], [ 71.6867, 23.2494 ], [ 71.6949, 23.2527 ], [ 71.6971, 23.2482 ], [ 71.688, 23.2405 ], [ 71.6618, 23.2413 ], [ 71.6536, 23.2368 ], [ 71.6536, 23.2324 ], [ 71.6706, 23.2264 ], [ 71.6575, 23.2076 ], [ 71.6768, 23.2021 ], [ 71.683, 23.1845 ], [ 71.6893, 23.1819 ], [ 71.709, 23.2009 ], [ 71.7214, 23.1982 ], [ 71.7001, 23.1753 ], [ 71.7084, 23.1687 ], [ 71.7239, 23.1652 ], [ 71.7323, 23.1771 ], [ 71.7485, 23.1781 ], [ 71.7502, 23.1677 ], [ 71.7627, 23.1551 ], [ 71.7584, 23.1417 ], [ 71.7449, 23.1359 ], [ 71.7593, 23.125 ], [ 71.7609, 23.1168 ], [ 71.7495, 23.1221 ], [ 71.7359, 23.1195 ], [ 71.7195, 23.0908 ], [ 71.7103, 23.0953 ], [ 71.7083, 23.1156 ], [ 71.69, 23.1247 ], [ 71.6893, 23.1312 ], [ 71.6723, 23.1347 ], [ 71.6696, 23.1431 ], [ 71.6619, 23.1385 ], [ 71.6407, 23.1443 ], [ 71.613, 23.1397 ], [ 71.6105, 23.1447 ], [ 71.6059, 23.1349 ], [ 71.6013, 23.1439 ], [ 71.5942, 23.1325 ], [ 71.5737, 23.133 ], [ 71.5694, 23.1421 ], [ 71.5507, 23.1403 ], [ 71.5389, 23.1551 ], [ 71.5207, 23.1535 ], [ 71.5156, 23.1585 ], [ 71.5126, 23.1506 ], [ 71.5067, 23.1554 ], [ 71.5033, 23.1499 ], [ 71.4755, 23.1466 ], [ 71.4672, 23.1397 ], [ 71.4538, 23.139 ], [ 71.4504, 23.1329 ], [ 71.4447, 23.1462 ], [ 71.4296, 23.1472 ], [ 71.4248, 23.1418 ], [ 71.3962, 23.1532 ], [ 71.3867, 23.1469 ], [ 71.3892, 23.1538 ], [ 71.3653, 23.1594 ], [ 71.3605, 23.173 ], [ 71.35, 23.1745 ], [ 71.3407, 23.1626 ], [ 71.332, 23.1612 ], [ 71.3333, 23.1715 ], [ 71.3255, 23.1734 ], [ 71.3198, 23.1862 ], [ 71.3121, 23.1663 ], [ 71.3026, 23.1688 ], [ 71.3005, 23.1799 ], [ 71.2912, 23.1753 ], [ 71.2871, 23.1639 ], [ 71.2841, 23.1695 ], [ 71.2797, 23.1676 ], [ 71.2859, 23.1499 ], [ 71.2687, 23.1559 ], [ 71.2466, 23.148 ], [ 71.2406, 23.1559 ], [ 71.2346, 23.1416 ], [ 71.2221, 23.147 ], [ 71.2084, 23.138 ], [ 71.2243, 23.159 ], [ 71.2065, 23.1826 ], [ 71.1872, 23.1869 ], [ 71.1838, 23.1819 ], [ 71.1763, 23.1891 ], [ 71.1633, 23.1773 ], [ 71.1514, 23.2028 ], [ 71.1474, 23.1992 ], [ 71.1304, 23.21 ], [ 71.1222, 23.2057 ], [ 71.1245, 23.2098 ], [ 71.1098, 23.2223 ], [ 71.0848, 23.1967 ], [ 71.0889, 23.1935 ], [ 71.0814, 23.1939 ], [ 71.0588, 23.1732 ], [ 71.0311, 23.1673 ], [ 71.0067, 23.1765 ], [ 71.0014, 23.1742 ], [ 71.0089, 23.1717 ], [ 71.0015, 23.1692 ], [ 70.9838, 23.1717 ], [ 70.9807, 23.1597 ], [ 70.9649, 23.1551 ], [ 70.9601, 23.1674 ], [ 70.9643, 23.1744 ], [ 70.9533, 23.1704 ], [ 70.9525, 23.1507 ], [ 70.9601, 23.1449 ], [ 70.9535, 23.1447 ], [ 70.9698, 23.139 ], [ 70.9614, 23.1369 ], [ 70.9533, 23.1417 ], [ 70.9587, 23.1359 ], [ 70.95, 23.1315 ], [ 70.946, 23.1401 ], [ 70.9302, 23.1379 ], [ 70.9448, 23.1502 ], [ 70.938, 23.1617 ], [ 70.8939, 23.1625 ], [ 70.8901, 23.1406 ], [ 70.9001, 23.1436 ], [ 70.9051, 23.1351 ], [ 70.8903, 23.1314 ], [ 70.881, 23.1351 ], [ 70.8814, 23.1241 ], [ 70.8751, 23.1217 ], [ 70.8749, 23.1376 ], [ 70.8344, 23.1514 ], [ 70.8301, 23.1579 ], [ 70.8354, 23.1589 ], [ 70.8364, 23.1541 ], [ 70.8466, 23.1524 ], [ 70.8486, 23.1693 ], [ 70.9016, 23.1708 ], [ 70.9593, 23.1946 ], [ 70.9189, 23.1984 ], [ 70.8906, 23.1827 ], [ 70.8629, 23.1924 ], [ 70.8613, 23.1978 ], [ 70.8733, 23.204 ], [ 70.8602, 23.2085 ], [ 70.8931, 23.2247 ], [ 70.8707, 23.2298 ], [ 70.8331, 23.2499 ], [ 70.8232, 23.2348 ], [ 70.8122, 23.2301 ], [ 70.7828, 23.2495 ], [ 70.7677, 23.2461 ], [ 70.7496, 23.2351 ], [ 70.7445, 23.2209 ], [ 70.7239, 23.2177 ], [ 70.728, 23.2059 ], [ 70.7192, 23.2124 ], [ 70.7132, 23.21 ], [ 70.7118, 23.2156 ], [ 70.6869, 23.2093 ], [ 70.6831, 23.2123 ], [ 70.6877, 23.2155 ], [ 70.6805, 23.2145 ], [ 70.6755, 23.2221 ], [ 70.6672, 23.2196 ], [ 70.6653, 23.2271 ], [ 70.6622, 23.2223 ], [ 70.6508, 23.2239 ], [ 70.6446, 23.2082 ], [ 70.649, 23.192 ], [ 70.6179, 23.1818 ], [ 70.579, 23.1777 ], [ 70.5012, 23.1781 ], [ 70.4757, 23.1997 ], [ 70.4515, 23.2045 ], [ 70.428, 23.2175 ], [ 70.4363, 23.2334 ], [ 70.4248, 23.2373 ], [ 70.378, 23.2316 ], [ 70.3655, 23.225 ], [ 70.3664, 23.2199 ], [ 70.3416, 23.2199 ], [ 70.3277, 23.2263 ], [ 70.3239, 23.2181 ], [ 70.3034, 23.2239 ], [ 70.2957, 23.219 ], [ 70.2915, 23.1991 ], [ 70.2837, 23.1983 ], [ 70.2676, 23.1785 ], [ 70.2497, 23.1779 ], [ 70.2465, 23.1765 ], [ 70.2498, 23.1728 ], [ 70.2462, 23.1764 ], [ 70.2362, 23.1703 ], [ 70.2385, 23.1649 ], [ 70.2183, 23.1663 ], [ 70.2088, 23.1604 ], [ 70.2128, 23.1399 ], [ 70.2073, 23.1256 ], [ 70.1739, 23.0774 ], [ 70.1836, 23.0797 ], [ 70.1795, 23.0709 ], [ 70.1678, 23.0644 ], [ 70.1649, 23.0674 ], [ 70.1647, 23.0538 ], [ 70.1493, 23.037 ], [ 70.1599, 23.035 ], [ 70.1696, 23.0428 ], [ 70.17, 23.0574 ], [ 70.1886, 23.0728 ], [ 70.2108, 23.0746 ], [ 70.2192, 23.0608 ], [ 70.2307, 22.9549 ], [ 70.1763, 22.9374 ], [ 70.1644, 22.9383 ], [ 70.1211, 22.9626 ], [ 70.1334, 22.9811 ], [ 70.129, 22.9904 ], [ 70.1338, 23.0016 ], [ 70.1581, 23.0323 ], [ 70.1482, 23.0348 ], [ 70.1181, 22.9913 ], [ 70.0972, 22.9758 ], [ 70.0805, 22.9757 ], [ 70.0837, 22.968 ], [ 70.0595, 22.9636 ], [ 70.046, 22.9512 ], [ 70.0365, 22.9527 ], [ 70.0263, 22.9397 ], [ 70.0273, 22.927 ], [ 70.0121, 22.9183 ], [ 69.9848, 22.9146 ], [ 69.982, 22.903 ], [ 69.959, 22.8993 ] ], [ [ 71.1875, 24.2115 ], [ 71.2049, 24.2181 ], [ 71.2115, 24.228 ], [ 71.2076, 24.2452 ], [ 71.1333, 24.2746 ], [ 71.1318, 24.2578 ], [ 71.1875, 24.2115 ] ], [ [ 71.242, 24.2131 ], [ 71.235, 24.2099 ], [ 71.2246, 24.2184 ], [ 71.2163, 24.2045 ], [ 71.2406, 24.2063 ], [ 71.242, 24.2131 ] ] ], [ [ [ 70.8273, 23.1497 ], [ 70.8404, 23.1451 ], [ 70.8313, 23.1465 ], [ 70.8276, 23.1489 ], [ 70.8251, 23.1524 ], [ 70.8276, 23.1574 ], [ 70.8301, 23.1579 ], [ 70.8273, 23.1497 ] ] ], [ [ [ 68.5298, 23.6757 ], [ 68.5386, 23.6856 ], [ 68.5474, 23.675 ], [ 68.5389, 23.6705 ], [ 68.5287, 23.674 ], [ 68.5339, 23.6621 ], [ 68.522, 23.6535 ], [ 68.5253, 23.6897 ], [ 68.5309, 23.6888 ], [ 68.5298, 23.6757 ] ] ], [ [ [ 70.2576, 23.1738 ], [ 70.2578, 23.1706 ], [ 70.2566, 23.1706 ], [ 70.2576, 23.1738 ] ] ], [ [ [ 70.2526, 23.1709 ], [ 70.2496, 23.177 ], [ 70.2527, 23.1774 ], [ 70.2526, 23.1709 ] ] ] ] } },
{ "type": "Feature", "properties": { "district": "Kheda", "did": "gujarat:Kheda", "state_key": "gujarat" }, "geometry": { "type": "MultiPolygon", "coordinates": [ [ [ [ 72.7469, 22.6021 ], [ 72.7459, 22.5967 ], [ 72.7415, 22.5988 ], [ 72.743, 22.6056 ], [ 72.7469, 22.6021 ] ] ], [ [ [ 72.689, 22.6054 ], [ 72.694, 22.5989 ], [ 72.7057, 22.5995 ], [ 72.7105, 22.5897 ], [ 72.6976, 22.5819 ], [ 72.6913, 22.5903 ], [ 72.6753, 22.586 ], [ 72.6685, 22.5725 ], [ 72.6713, 22.5641 ], [ 72.6411, 22.5353 ], [ 72.6423, 22.5289 ], [ 72.667, 22.5303 ], [ 72.6714, 22.5059 ], [ 72.6522, 22.501 ], [ 72.6509, 22.5097 ], [ 72.6388, 22.5034 ], [ 72.619, 22.5133 ], [ 72.6047, 22.5096 ], [ 72.5994, 22.5008 ], [ 72.577, 22.5037 ], [ 72.5737, 22.5213 ], [ 72.5676, 22.52 ], [ 72.5673, 22.5435 ], [ 72.5576, 22.5415 ], [ 72.5524, 22.5558 ], [ 72.5541, 22.5678 ], [ 72.5329, 22.5693 ], [ 72.5336, 22.5881 ], [ 72.5258, 22.5876 ], [ 72.526, 22.5981 ], [ 72.516, 22.6118 ], [ 72.5051, 22.6139 ], [ 72.5115, 22.6331 ], [ 72.5215, 22.6262 ], [ 72.5354, 22.6263 ], [ 72.5317, 22.6429 ], [ 72.5373, 22.6522 ], [ 72.5693, 22.6537 ], [ 72.5603, 22.6647 ], [ 72.5479, 22.6644 ], [ 72.5491, 22.6728 ], [ 72.5271, 22.678 ], [ 72.5441, 22.693 ], [ 72.518, 22.7006 ], [ 72.5223, 22.7123 ], [ 72.5407, 22.7115 ], [ 72.5239, 22.7332 ], [ 72.5397, 22.7513 ], [ 72.5209, 22.7525 ], [ 72.5298, 22.7673 ], [ 72.5143, 22.7789 ], [ 72.5221, 22.7958 ], [ 72.5477, 22.8065 ], [ 72.55, 22.815 ], [ 72.5703, 22.8269 ], [ 72.5814, 22.8191 ], [ 72.5833, 22.8235 ], [ 72.5976, 22.8249 ], [ 72.5985, 22.8159 ], [ 72.608, 22.8136 ], [ 72.6022, 22.8356 ], [ 72.6086, 22.8627 ], [ 72.599, 22.8722 ], [ 72.6081, 22.8862 ], [ 72.6338, 22.8818 ], [ 72.6438, 22.8974 ], [ 72.6676, 22.8955 ], [ 72.6736, 22.8806 ], [ 72.6892, 22.8796 ], [ 72.7066, 22.8897 ], [ 72.7246, 22.9143 ], [ 72.7376, 22.9134 ], [ 72.742, 22.9057 ], [ 72.7576, 22.9103 ], [ 72.7912, 22.9079 ], [ 72.7889, 22.9152 ], [ 72.7993, 22.9193 ], [ 72.7976, 22.9314 ], [ 72.8059, 22.9327 ], [ 72.8049, 22.9417 ], [ 72.8408, 22.9629 ], [ 72.8387, 22.982 ], [ 72.8304, 22.9841 ], [ 72.8384, 22.9963 ], [ 72.8485, 22.9992 ], [ 72.843, 23.0102 ], [ 72.8751, 23.0087 ], [ 72.8803, 23.0161 ], [ 72.8927, 23.0147 ], [ 72.9135, 23.0519 ], [ 72.9065, 23.0651 ], [ 72.9237, 23.0693 ], [ 72.9255, 23.0806 ], [ 72.9417, 23.0733 ], [ 72.9583, 23.0736 ], [ 72.9552, 23.0855 ], [ 72.9715, 23.1014 ], [ 72.9664, 23.108 ], [ 72.9784, 23.1098 ], [ 72.9791, 23.1278 ], [ 72.9946, 23.1329 ], [ 73.0156, 23.1262 ], [ 73.0259, 23.13 ], [ 73.0281, 23.1391 ], [ 73.014, 23.1436 ], [ 73.0118, 23.1525 ], [ 73.019, 23.1691 ], [ 73.0258, 23.1652 ], [ 73.0322, 23.1682 ], [ 73.0335, 23.1623 ], [ 73.0445, 23.1654 ], [ 73.0698, 23.1597 ], [ 73.0752, 23.1672 ], [ 73.0935, 23.1684 ], [ 73.1207, 23.1866 ], [ 73.1339, 23.2057 ], [ 73.1555, 23.1929 ], [ 73.1581, 23.1732 ], [ 73.151, 23.1672 ], [ 73.171, 23.1345 ], [ 73.1887, 23.1501 ], [ 73.1921, 23.1449 ], [ 73.2025, 23.1458 ], [ 73.2058, 23.1101 ], [ 73.2251, 23.1055 ], [ 73.229, 23.0843 ], [ 73.2371, 23.0864 ], [ 73.241, 23.0706 ], [ 73.2735, 23.0581 ], [ 73.2756, 23.0497 ], [ 73.2446, 23.0377 ], [ 73.2422, 23.0179 ], [ 73.2648, 23.0005 ], [ 73.2758, 22.9778 ], [ 73.251, 22.9641 ], [ 73.2594, 22.9477 ], [ 73.2591, 22.9285 ], [ 73.2644, 22.9262 ], [ 73.289, 22.9359 ], [ 73.3027, 22.9324 ], [ 73.3125, 22.9423 ], [ 73.3301, 22.9277 ], [ 73.3501, 22.9241 ], [ 73.3855, 22.9577 ], [ 73.3934, 22.9514 ], [ 73.4107, 22.9551 ], [ 73.4194, 22.9404 ], [ 73.3831, 22.9154 ], [ 73.3676, 22.8977 ], [ 73.368, 22.8868 ], [ 73.3856, 22.8595 ], [ 73.3632, 22.8132 ], [ 73.3633, 22.7989 ], [ 73.3156, 22.7816 ], [ 73.2755, 22.7821 ], [ 73.2572, 22.7666 ], [ 73.2598, 22.75 ], [ 73.2519, 22.7194 ], [ 73.2692, 22.6665 ], [ 73.2197, 22.626 ], [ 73.213, 22.6515 ], [ 73.1945, 22.6705 ], [ 73.2014, 22.669 ], [ 73.2023, 22.6833 ], [ 73.1828, 22.6871 ], [ 73.1579, 22.6814 ], [ 73.1365, 22.7174 ], [ 73.1248, 22.7221 ], [ 73.0975, 22.7178 ], [ 73.0997, 22.7276 ], [ 73.0443, 22.7132 ], [ 73.0368, 22.7213 ], [ 73.039, 22.729 ], [ 73.0252, 22.735 ], [ 73.0217, 22.7254 ], [ 73.0036, 22.7227 ], [ 73.0092, 22.7053 ], [ 72.9973, 22.7 ], [ 72.9849, 22.6537 ], [ 72.9763, 22.6529 ], [ 72.9751, 22.6417 ], [ 72.9628, 22.6339 ], [ 72.9298, 22.6292 ], [ 72.925, 22.606 ], [ 72.9132, 22.593 ], [ 72.9007, 22.5903 ], [ 72.8976, 22.595 ], [ 72.8672, 22.5824 ], [ 72.8597, 22.5914 ], [ 72.863, 22.6009 ], [ 72.875, 22.6035 ], [ 72.8719, 22.6204 ], [ 72.8538, 22.6184 ], [ 72.8564, 22.6095 ], [ 72.8506, 22.6017 ], [ 72.8305, 22.5943 ], [ 72.8219, 22.6072 ], [ 72.796, 22.6094 ], [ 72.7902, 22.6233 ], [ 72.7767, 22.6198 ], [ 72.7709, 22.6123 ], [ 72.7795, 22.5901 ], [ 72.7522, 22.5929 ], [ 72.7569, 22.6126 ], [ 72.7361, 22.6108 ], [ 72.7323, 22.6245 ], [ 72.7472, 22.6412 ], [ 72.7415, 22.6452 ], [ 72.7173, 22.6248 ], [ 72.704, 22.6338 ], [ 72.6856, 22.6292 ], [ 72.689, 22.6054 ] ] ] ] } },
{ "type": "Feature", "properties": { "district": "Mahesana", "did": "gujarat:Mahesana", "state_key": "gujarat" }, "geometry": { "type": "Polygon", "coordinates": [ [ [ 72.506, 23.378 ], [ 72.5248, 23.3633 ], [ 72.5213, 23.3506 ], [ 72.4887, 23.3406 ], [ 72.4718, 23.3445 ], [ 72.4845, 23.3189 ], [ 72.4804, 23.313 ], [ 72.4591, 23.3136 ], [ 72.4763, 23.3067 ], [ 72.475, 23.3025 ], [ 72.4509, 23.298 ], [ 72.4371, 23.3108 ], [ 72.4271, 23.3062 ], [ 72.4121, 23.2808 ], [ 72.4231, 23.2576 ], [ 72.4331, 23.2638 ], [ 72.4461, 23.2554 ], [ 72.4465, 23.2446 ], [ 72.4264, 23.2489 ], [ 72.4263, 23.2438 ], [ 72.4397, 23.2043 ], [ 72.4489, 23.2006 ], [ 72.4481, 23.1958 ], [ 72.439, 23.1954 ], [ 72.4228, 23.2092 ], [ 72.4155, 23.2034 ], [ 72.4153, 23.1869 ], [ 72.4023, 23.1875 ], [ 72.3843, 23.1718 ], [ 72.3841, 23.1637 ], [ 72.3869, 23.154 ], [ 72.3974, 23.1479 ], [ 72.4164, 23.15 ], [ 72.4179, 23.1554 ], [ 72.429, 23.151 ], [ 72.4274, 23.1436 ], [ 72.4175, 23.1307 ], [ 72.401, 23.1338 ], [ 72.4028, 23.1255 ], [ 72.3868, 23.1184 ], [ 72.3707, 23.096 ], [ 72.3578, 23.1228 ], [ 72.3441, 23.1264 ], [ 72.3365, 23.1071 ], [ 72.3104, 23.1023 ], [ 72.305, 23.0855 ], [ 72.3229, 23.068 ], [ 72.323, 23.0558 ], [ 72.2954, 23.0388 ], [ 72.2804, 23.0595 ], [ 72.2827, 23.0801 ], [ 72.2565, 23.0874 ], [ 72.2613, 23.1016 ], [ 72.2419, 23.1125 ], [ 72.2385, 23.1202 ], [ 72.22, 23.1249 ], [ 72.1945, 23.1187 ], [ 72.1912, 23.1069 ], [ 72.1595, 23.1057 ], [ 72.1544, 23.113 ], [ 72.1612, 23.1162 ], [ 72.1619, 23.1403 ], [ 72.1879, 23.1442 ], [ 72.1834, 23.1692 ], [ 72.1732, 23.1784 ], [ 72.1677, 23.1977 ], [ 72.185, 23.2141 ], [ 72.1803, 23.2414 ], [ 72.1851, 23.2469 ], [ 72.175, 23.2595 ], [ 72.1749, 23.2729 ], [ 72.183, 23.2823 ], [ 72.2005, 23.2795 ], [ 72.2088, 23.3138 ], [ 72.2214, 23.3129 ], [ 72.2301, 23.3292 ], [ 72.2374, 23.326 ], [ 72.2509, 23.3329 ], [ 72.2483, 23.3373 ], [ 72.267, 23.3528 ], [ 72.2602, 23.3746 ], [ 72.2749, 23.3797 ], [ 72.2735, 23.3862 ], [ 72.2885, 23.3932 ], [ 72.2893, 23.3988 ], [ 72.2566, 23.4133 ], [ 72.2615, 23.4245 ], [ 72.2473, 23.4456 ], [ 72.2329, 23.4288 ], [ 72.2253, 23.4378 ], [ 72.2114, 23.4387 ], [ 72.2117, 23.424 ], [ 72.1917, 23.4224 ], [ 72.191, 23.4166 ], [ 72.1718, 23.4275 ], [ 72.1718, 23.4442 ], [ 72.153, 23.4513 ], [ 72.14, 23.4491 ], [ 72.1276, 23.4539 ], [ 72.1091, 23.4498 ], [ 72.0992, 23.4598 ], [ 72.0877, 23.4594 ], [ 72.0519, 23.4433 ], [ 72.0429, 23.4583 ], [ 72.0339, 23.4572 ], [ 72.0333, 23.4705 ], [ 72.0258, 23.478 ], [ 72.0344, 23.5082 ], [ 72.0018, 23.4985 ], [ 71.9806, 23.5023 ], [ 71.9794, 23.5197 ], [ 71.9691, 23.5256 ], [ 71.9593, 23.55 ], [ 71.9575, 23.5771 ], [ 71.9404, 23.5836 ], [ 71.9823, 23.6009 ], [ 71.9809, 23.6185 ], [ 72.0025, 23.6204 ], [ 72.0129, 23.6293 ], [ 72.0304, 23.6165 ], [ 72.048, 23.6199 ], [ 72.0618, 23.6133 ], [ 72.0554, 23.6072 ], [ 72.0576, 23.5974 ], [ 72.0703, 23.5901 ], [ 72.0613, 23.5656 ], [ 72.1076, 23.5706 ], [ 72.1038, 23.5943 ], [ 72.1136, 23.6026 ], [ 72.109, 23.6162 ], [ 72.1209, 23.6215 ], [ 72.1254, 23.6023 ], [ 72.1349, 23.5976 ], [ 72.1451, 23.608 ], [ 72.1578, 23.6022 ], [ 72.1778, 23.6099 ], [ 72.1845, 23.6239 ], [ 72.1754, 23.6319 ], [ 72.184, 23.6402 ], [ 72.195, 23.6401 ], [ 72.1945, 23.6328 ], [ 72.2064, 23.6337 ], [ 72.2112, 23.6246 ], [ 72.221, 23.6263 ], [ 72.2282, 23.6176 ], [ 72.2452, 23.6261 ], [ 72.2552, 23.646 ], [ 72.2597, 23.6326 ], [ 72.2848, 23.6177 ], [ 72.2911, 23.6194 ], [ 72.3051, 23.6389 ], [ 72.3045, 23.6705 ], [ 72.3106, 23.6745 ], [ 72.3041, 23.6873 ], [ 72.286, 23.6835 ], [ 72.2914, 23.7098 ], [ 72.2834, 23.7114 ], [ 72.2881, 23.7147 ], [ 72.2843, 23.7235 ], [ 72.2898, 23.7414 ], [ 72.3175, 23.7551 ], [ 72.3212, 23.7672 ], [ 72.2949, 23.78 ], [ 72.3028, 23.7931 ], [ 72.3012, 23.8029 ], [ 72.3181, 23.8118 ], [ 72.2929, 23.849 ], [ 72.3261, 23.8513 ], [ 72.3232, 23.871 ], [ 72.3292, 23.8811 ], [ 72.3463, 23.8779 ], [ 72.3566, 23.8834 ], [ 72.3764, 23.8666 ], [ 72.3925, 23.8752 ], [ 72.3994, 23.8705 ], [ 72.4227, 23.9002 ], [ 72.4305, 23.8962 ], [ 72.4296, 23.9053 ], [ 72.4417, 23.8987 ], [ 72.4448, 23.9069 ], [ 72.4523, 23.9065 ], [ 72.4558, 23.8958 ], [ 72.4684, 23.891 ], [ 72.4812, 23.9341 ], [ 72.5107, 23.9346 ], [ 72.5247, 23.9441 ], [ 72.5346, 23.9351 ], [ 72.5455, 23.9404 ], [ 72.5659, 23.9335 ], [ 72.5844, 23.936 ], [ 72.5909, 23.9774 ], [ 72.6291, 23.9937 ], [ 72.6462, 23.9895 ], [ 72.6507, 23.994 ], [ 72.6485, 24.0269 ], [ 72.6399, 24.0239 ], [ 72.6368, 24.0423 ], [ 72.62, 24.0539 ], [ 72.6357, 24.0644 ], [ 72.6372, 24.0761 ], [ 72.644, 24.0753 ], [ 72.6522, 24.0838 ], [ 72.67, 24.0713 ], [ 72.6859, 24.0731 ], [ 72.7047, 24.0841 ], [ 72.713, 24.0992 ], [ 72.73, 24.0941 ], [ 72.7347, 24.0765 ], [ 72.7494, 24.079 ], [ 72.7538, 24.0711 ], [ 72.7619, 24.0707 ], [ 72.7684, 24.0977 ], [ 72.7827, 24.102 ], [ 72.7922, 24.0796 ], [ 72.8186, 24.0492 ], [ 72.8391, 24.0399 ], [ 72.8563, 24.0455 ], [ 72.8667, 24.0247 ], [ 72.852, 24.0106 ], [ 72.857, 23.9899 ], [ 72.8516, 23.9732 ], [ 72.8277, 23.9617 ], [ 72.8186, 23.9485 ], [ 72.8305, 23.9315 ], [ 72.8048, 23.9152 ], [ 72.8039, 23.8758 ], [ 72.7907, 23.8512 ], [ 72.7887, 23.8332 ], [ 72.7896, 23.8219 ], [ 72.8049, 23.8131 ], [ 72.8144, 23.7985 ], [ 72.7948, 23.7594 ], [ 72.801, 23.7341 ], [ 72.8301, 23.6886 ], [ 72.8342, 23.6723 ], [ 72.8338, 23.6634 ], [ 72.8155, 23.6404 ], [ 72.8305, 23.6197 ], [ 72.8421, 23.6138 ], [ 72.8418, 23.6043 ], [ 72.8105, 23.5896 ], [ 72.806, 23.5736 ], [ 72.8078, 23.5655 ], [ 72.831, 23.546 ], [ 72.8328, 23.5353 ], [ 72.8234, 23.5229 ], [ 72.8338, 23.5184 ], [ 72.823, 23.5 ], [ 72.8028, 23.5075 ], [ 72.7858, 23.503 ], [ 72.7717, 23.5176 ], [ 72.7625, 23.5026 ], [ 72.734, 23.5028 ], [ 72.7314, 23.507 ], [ 72.7183, 23.4963 ], [ 72.7277, 23.5053 ], [ 72.7304, 23.5204 ], [ 72.708, 23.5294 ], [ 72.6909, 23.5228 ], [ 72.6857, 23.5317 ], [ 72.6758, 23.5305 ], [ 72.6786, 23.556 ], [ 72.663, 23.5567 ], [ 72.6608, 23.5503 ], [ 72.6545, 23.551 ], [ 72.6553, 23.5665 ], [ 72.6469, 23.5676 ], [ 72.6239, 23.5566 ], [ 72.6269, 23.5439 ], [ 72.6211, 23.5393 ], [ 72.6195, 23.5115 ], [ 72.6051, 23.5107 ], [ 72.6022, 23.5192 ], [ 72.5842, 23.5219 ], [ 72.5751, 23.4647 ], [ 72.5679, 23.4555 ], [ 72.5456, 23.4538 ], [ 72.54, 23.4424 ], [ 72.5339, 23.442 ], [ 72.5408, 23.4294 ], [ 72.5263, 23.425 ], [ 72.5273, 23.4046 ], [ 72.5077, 23.3883 ], [ 72.506, 23.378 ] ] ] } },
{ "type": "Feature", "properties": { "district": "Mahisagar", "did": "gujarat:Mahisagar", "state_key": "gujarat" }, "geometry": { "type": "MultiPolygon", "coordinates": [ [ [ [ 73.4366, 22.997 ], [ 73.4491, 22.9696 ], [ 73.4194, 22.9404 ], [ 73.4107, 22.9551 ], [ 73.3934, 22.9514 ], [ 73.3855, 22.9577 ], [ 73.3501, 22.9241 ], [ 73.3301, 22.9277 ], [ 73.3125, 22.9423 ], [ 73.3027, 22.9324 ], [ 73.289, 22.9359 ], [ 73.2644, 22.9262 ], [ 73.2591, 22.9285 ], [ 73.2594, 22.9477 ], [ 73.251, 22.9641 ], [ 73.2759, 22.9776 ], [ 73.2648, 23.0005 ], [ 73.2422, 23.0179 ], [ 73.2446, 23.0377 ], [ 73.2756, 23.0497 ], [ 73.2733, 23.0586 ], [ 73.2989, 23.0839 ], [ 73.326, 23.0821 ], [ 73.3306, 23.0987 ], [ 73.3421, 23.1038 ], [ 73.3361, 23.128 ], [ 73.3513, 23.1374 ], [ 73.3639, 23.1313 ], [ 73.3734, 23.1386 ], [ 73.3691, 23.1507 ], [ 73.3746, 23.1715 ], [ 73.3556, 23.1769 ], [ 73.3505, 23.1836 ], [ 73.3423, 23.1816 ], [ 73.3474, 23.1889 ], [ 73.3417, 23.2002 ], [ 73.3851, 23.2209 ], [ 73.3764, 23.2388 ], [ 73.437, 23.2769 ], [ 73.4729, 23.2885 ], [ 73.4751, 23.2686 ], [ 73.5333, 23.2909 ], [ 73.5402, 23.3083 ], [ 73.5573, 23.3175 ], [ 73.564, 23.3461 ], [ 73.5862, 23.3651 ], [ 73.5939, 23.3834 ], [ 73.6119, 23.3891 ], [ 73.6232, 23.4007 ], [ 73.6319, 23.4215 ], [ 73.6204, 23.4328 ], [ 73.6272, 23.4486 ], [ 73.636, 23.4491 ], [ 73.6475, 23.4365 ], [ 73.6739, 23.4541 ], [ 73.6974, 23.4567 ], [ 73.7116, 23.4355 ], [ 73.7081, 23.4223 ], [ 73.7208, 23.4101 ], [ 73.7557, 23.4543 ], [ 73.7672, 23.4531 ], [ 73.7723, 23.4378 ], [ 73.7863, 23.4302 ], [ 73.8186, 23.4385 ], [ 73.8287, 23.4477 ], [ 73.8302, 23.4262 ], [ 73.8636, 23.3895 ], [ 73.8618, 23.3836 ], [ 73.873, 23.3795 ], [ 73.8743, 23.3637 ], [ 73.8927, 23.3483 ], [ 73.8919, 23.3341 ], [ 73.9357, 23.3397 ], [ 73.938, 23.3679 ], [ 73.9575, 23.3795 ], [ 73.9618, 23.3724 ], [ 73.9749, 23.3722 ], [ 73.981, 23.3387 ], [ 73.9978, 23.3357 ], [ 73.9847, 23.3101 ], [ 73.9972, 23.2891 ], [ 73.9879, 23.2816 ], [ 73.9833, 23.2615 ], [ 73.9943, 23.2485 ], [ 73.9927, 23.2279 ], [ 73.9854, 23.2185 ], [ 73.9647, 23.2248 ], [ 73.9677, 23.2069 ], [ 73.9821, 23.2116 ], [ 73.9857, 23.208 ], [ 73.98, 23.1999 ], [ 73.9836, 23.1911 ], [ 73.9729, 23.1888 ], [ 73.9719, 23.18 ], [ 73.9737, 23.1722 ], [ 73.9922, 23.1604 ], [ 73.9954, 23.1453 ], [ 73.9951, 23.1361 ], [ 73.9782, 23.1371 ], [ 73.9755, 23.1241 ], [ 73.9939, 23.1157 ], [ 74.0039, 23.1171 ], [ 74.0195, 23.0935 ], [ 74.0135, 23.088 ], [ 73.9979, 23.0858 ], [ 73.9824, 23.0985 ], [ 73.9686, 23.1001 ], [ 73.959, 23.114 ], [ 73.9534, 23.1087 ], [ 73.9461, 23.1107 ], [ 73.9422, 23.0983 ], [ 73.9177, 23.092 ], [ 73.9067, 23.0811 ], [ 73.9081, 23.0528 ], [ 73.8992, 23.0493 ], [ 73.8603, 23.0603 ], [ 73.8424, 23.0869 ], [ 73.8138, 23.1012 ], [ 73.809, 23.109 ], [ 73.7738, 23.0756 ], [ 73.7447, 23.0693 ], [ 73.7487, 23.06 ], [ 73.7675, 23.0555 ], [ 73.7688, 23.0441 ], [ 73.7577, 23.0387 ], [ 73.7556, 23.0253 ], [ 73.7413, 23.0117 ], [ 73.7323, 23.0331 ], [ 73.7238, 23.0364 ], [ 73.7163, 23.0235 ], [ 73.7026, 23.0215 ], [ 73.6966, 23.0276 ], [ 73.6676, 23.0208 ], [ 73.6699, 23.0331 ], [ 73.7167, 23.0537 ], [ 73.7028, 23.0824 ], [ 73.6915, 23.0939 ], [ 73.682, 23.0922 ], [ 73.6734, 23.1044 ], [ 73.6641, 23.0959 ], [ 73.6519, 23.0649 ], [ 73.6288, 23.0398 ], [ 73.6318, 23.0263 ], [ 73.641, 23.0203 ], [ 73.6564, 23.0204 ], [ 73.6363, 23.0175 ], [ 73.6315, 23.0117 ], [ 73.6194, 23.0246 ], [ 73.5947, 22.9922 ], [ 73.5831, 22.987 ], [ 73.5621, 22.9855 ], [ 73.5353, 22.9938 ], [ 73.5241, 22.9812 ], [ 73.5176, 22.986 ], [ 73.5096, 22.9834 ], [ 73.503, 22.9948 ], [ 73.4952, 22.9952 ], [ 73.485, 22.9943 ], [ 73.4812, 22.9861 ], [ 73.476, 22.9828 ], [ 73.4714, 23.0007 ], [ 73.4558, 23.0029 ], [ 73.4455, 23.031 ], [ 73.4369, 23.0327 ], [ 73.4366, 22.997 ] ] ], [ [ [ 73.4226, 23.2845 ], [ 73.4349, 23.288 ], [ 73.4355, 23.2826 ], [ 73.4235, 23.2809 ], [ 73.4226, 23.2845 ] ] ] ] } },
{ "type": "Feature", "properties": { "district": "Morbi", "did": "gujarat:Morbi", "state_key": "gujarat" }, "geometry": { "type": "Polygon", "coordinates": [ [ [ 71.1479, 22.7126 ], [ 71.1638, 22.7026 ], [ 71.1626, 22.6839 ], [ 71.128, 22.6526 ], [ 71.1294, 22.635 ], [ 71.1099, 22.6424 ], [ 71.1019, 22.6309 ], [ 71.0967, 22.6185 ], [ 71.1027, 22.6027 ], [ 71.0934, 22.6062 ], [ 71.0932, 22.5899 ], [ 71.1022, 22.5832 ], [ 71.0944, 22.5634 ], [ 71.0757, 22.5569 ], [ 71.0727, 22.5436 ], [ 71.0617, 22.5375 ], [ 71.1005, 22.5122 ], [ 71.1158, 22.5476 ], [ 71.1343, 22.5459 ], [ 71.1442, 22.5248 ], [ 71.1639, 22.5045 ], [ 71.1651, 22.4934 ], [ 71.1577, 22.4796 ], [ 71.1303, 22.4809 ], [ 71.1311, 22.4609 ], [ 71.1173, 22.4513 ], [ 71.1262, 22.4377 ], [ 71.1005, 22.4324 ], [ 71.0944, 22.3994 ], [ 71.0872, 22.3972 ], [ 71.0764, 22.4046 ], [ 71.0722, 22.423 ], [ 71.0581, 22.4373 ], [ 71.0496, 22.4345 ], [ 71.027, 22.4414 ], [ 70.9808, 22.4149 ], [ 70.9488, 22.4287 ], [ 70.9388, 22.4261 ], [ 70.9283, 22.4411 ], [ 70.8915, 22.4429 ], [ 70.8719, 22.4596 ], [ 70.8482, 22.4601 ], [ 70.8361, 22.4711 ], [ 70.8218, 22.4703 ], [ 70.8144, 22.4829 ], [ 70.8123, 22.477 ], [ 70.8003, 22.4745 ], [ 70.783, 22.4922 ], [ 70.7816, 22.5013 ], [ 70.7549, 22.492 ], [ 70.7544, 22.4834 ], [ 70.7394, 22.4801 ], [ 70.7279, 22.4623 ], [ 70.704, 22.4709 ], [ 70.7047, 22.4851 ], [ 70.6863, 22.4832 ], [ 70.698, 22.469 ], [ 70.6833, 22.4492 ], [ 70.6801, 22.461 ], [ 70.6569, 22.4744 ], [ 70.6666, 22.4731 ], [ 70.6673, 22.4795 ], [ 70.6603, 22.4919 ], [ 70.6549, 22.4914 ], [ 70.6591, 22.5028 ], [ 70.6515, 22.5012 ], [ 70.6429, 22.5075 ], [ 70.6441, 22.5165 ], [ 70.6252, 22.5102 ], [ 70.6192, 22.5326 ], [ 70.6314, 22.5532 ], [ 70.6283, 22.5568 ], [ 70.64, 22.5663 ], [ 70.6407, 22.5805 ], [ 70.6319, 22.5758 ], [ 70.6285, 22.5809 ], [ 70.6051, 22.5836 ], [ 70.6038, 22.6055 ], [ 70.5847, 22.6133 ], [ 70.5815, 22.603 ], [ 70.5649, 22.6029 ], [ 70.5748, 22.6339 ], [ 70.6083, 22.6403 ], [ 70.6161, 22.6508 ], [ 70.6125, 22.6944 ], [ 70.6007, 22.7283 ], [ 70.5795, 22.7217 ], [ 70.5771, 22.7276 ], [ 70.5674, 22.7278 ], [ 70.5633, 22.7452 ], [ 70.5682, 22.762 ], [ 70.5574, 22.7907 ], [ 70.5472, 22.7921 ], [ 70.552, 22.7932 ], [ 70.553, 22.8077 ], [ 70.5441, 22.8049 ], [ 70.5384, 22.812 ], [ 70.5325, 22.8087 ], [ 70.5294, 22.8137 ], [ 70.517, 22.8123 ], [ 70.511, 22.8261 ], [ 70.5198, 22.844 ], [ 70.5139, 22.849 ], [ 70.4993, 22.8433 ], [ 70.4779, 22.8606 ], [ 70.4855, 22.8815 ], [ 70.4944, 22.8801 ], [ 70.4911, 22.8899 ], [ 70.5223, 22.9148 ], [ 70.5324, 22.9081 ], [ 70.5397, 22.9255 ], [ 70.5139, 22.9365 ], [ 70.4803, 22.9371 ], [ 70.4327, 22.9671 ], [ 70.4626, 22.966 ], [ 70.4792, 22.9749 ], [ 70.5124, 22.9601 ], [ 70.5379, 22.9647 ], [ 70.5417, 22.9596 ], [ 70.5472, 22.9969 ], [ 70.5617, 23.029 ], [ 70.5722, 23.0371 ], [ 70.5875, 23.0306 ], [ 70.6022, 23.0343 ], [ 70.5937, 23.055 ], [ 70.5971, 23.0609 ], [ 70.6293, 23.0625 ], [ 70.6386, 23.0812 ], [ 70.6937, 23.1201 ], [ 70.7484, 23.1462 ], [ 70.7566, 23.1417 ], [ 70.7654, 23.1454 ], [ 70.76, 23.1604 ], [ 70.7646, 23.166 ], [ 70.7739, 23.168 ], [ 70.7727, 23.1629 ], [ 70.7824, 23.1584 ], [ 70.791, 23.1658 ], [ 70.7872, 23.1507 ], [ 70.7962, 23.1593 ], [ 70.8161, 23.1646 ], [ 70.813, 23.148 ], [ 70.8205, 23.1394 ], [ 70.8153, 23.1369 ], [ 70.8345, 23.1284 ], [ 70.8232, 23.1104 ], [ 70.8298, 23.1054 ], [ 70.8219, 23.0948 ], [ 70.828, 23.0797 ], [ 70.8317, 23.0963 ], [ 70.8384, 23.092 ], [ 70.8358, 23.1119 ], [ 70.8424, 23.1091 ], [ 70.8423, 23.1172 ], [ 70.8582, 23.1297 ], [ 70.8481, 23.142 ], [ 70.8273, 23.1497 ], [ 70.8297, 23.1577 ], [ 70.8347, 23.1512 ], [ 70.8749, 23.1376 ], [ 70.8757, 23.1217 ], [ 70.8815, 23.1245 ], [ 70.881, 23.1351 ], [ 70.8903, 23.1314 ], [ 70.9051, 23.1351 ], [ 70.9001, 23.1436 ], [ 70.8901, 23.1406 ], [ 70.8935, 23.1623 ], [ 70.9372, 23.1621 ], [ 70.9448, 23.1502 ], [ 70.9302, 23.1379 ], [ 70.946, 23.1401 ], [ 70.95, 23.1315 ], [ 70.9587, 23.1359 ], [ 70.9533, 23.1417 ], [ 70.9614, 23.1369 ], [ 70.9698, 23.139 ], [ 70.9535, 23.1447 ], [ 70.9601, 23.1449 ], [ 70.9525, 23.1507 ], [ 70.9533, 23.1704 ], [ 70.9643, 23.1744 ], [ 70.9601, 23.1674 ], [ 70.9649, 23.1551 ], [ 70.9807, 23.1597 ], [ 70.9838, 23.1717 ], [ 71.0015, 23.1692 ], [ 71.0089, 23.1717 ], [ 71.0014, 23.1742 ], [ 71.0067, 23.1765 ], [ 71.0311, 23.1673 ], [ 71.0588, 23.1732 ], [ 71.0814, 23.1939 ], [ 71.0889, 23.1935 ], [ 71.0848, 23.1967 ], [ 71.1098, 23.2223 ], [ 71.1245, 23.2098 ], [ 71.1222, 23.2057 ], [ 71.1304, 23.21 ], [ 71.1474, 23.1992 ], [ 71.1514, 23.2028 ], [ 71.1633, 23.1773 ], [ 71.1763, 23.1891 ], [ 71.1838, 23.1819 ], [ 71.1872, 23.1869 ], [ 71.2065, 23.1826 ], [ 71.2243, 23.159 ], [ 71.2084, 23.138 ], [ 71.2221, 23.147 ], [ 71.2346, 23.1416 ], [ 71.2404, 23.1558 ], [ 71.2466, 23.148 ], [ 71.2694, 23.1559 ], [ 71.2762, 23.1183 ], [ 71.3067, 23.1141 ], [ 71.3373, 23.1261 ], [ 71.3353, 23.1334 ], [ 71.3456, 23.1359 ], [ 71.3532, 23.1335 ], [ 71.3596, 23.1209 ], [ 71.3427, 23.1152 ], [ 71.3475, 23.0984 ], [ 71.34, 23.0923 ], [ 71.307, 23.0825 ], [ 71.3061, 23.0751 ], [ 71.2976, 23.0751 ], [ 71.2918, 23.068 ], [ 71.3023, 23.0449 ], [ 71.294, 23.0304 ], [ 71.2955, 23.0185 ], [ 71.3147, 23.014 ], [ 71.3165, 22.9873 ], [ 71.2936, 22.9739 ], [ 71.3028, 22.9478 ], [ 71.2898, 22.934 ], [ 71.2922, 22.9191 ], [ 71.2706, 22.9059 ], [ 71.2624, 22.8723 ], [ 71.2452, 22.8628 ], [ 71.2547, 22.8372 ], [ 71.2274, 22.8223 ], [ 71.2071, 22.8305 ], [ 71.1837, 22.8259 ], [ 71.1614, 22.8616 ], [ 71.139, 22.8624 ], [ 71.1451, 22.8275 ], [ 71.0995, 22.8232 ], [ 71.1251, 22.7979 ], [ 71.133, 22.762 ], [ 71.1231, 22.7548 ], [ 71.1479, 22.7126 ] ] ] } },
{ "type": "Feature", "properties": { "district": "Narmada", "did": "gujarat:Narmada", "state_key": "gujarat" }, "geometry": { "type": "Polygon", "coordinates": [ [ [ 73.7983, 21.6046 ], [ 73.8141, 21.6011 ], [ 73.8349, 21.5206 ], [ 73.8536, 21.4975 ], [ 73.8718, 21.5048 ], [ 73.8643, 21.5126 ], [ 73.8771, 21.5122 ], [ 73.8798, 21.5052 ], [ 73.9053, 21.5158 ], [ 73.9042, 21.5245 ], [ 73.9168, 21.5196 ], [ 73.9274, 21.5251 ], [ 73.9321, 21.5123 ], [ 73.9459, 21.5168 ], [ 73.9518, 21.5127 ], [ 73.9545, 21.5407 ], [ 73.9603, 21.5416 ], [ 73.9663, 21.5221 ], [ 73.9826, 21.5222 ], [ 73.9746, 21.5096 ], [ 73.9807, 21.497 ], [ 73.9737, 21.4856 ], [ 73.9892, 21.4814 ], [ 73.9714, 21.4617 ], [ 73.9451, 21.4605 ], [ 73.9175, 21.4493 ], [ 73.8818, 21.4509 ], [ 73.8376, 21.4239 ], [ 73.834, 21.4123 ], [ 73.8186, 21.4012 ], [ 73.8025, 21.4116 ], [ 73.782, 21.4132 ], [ 73.716, 21.4062 ], [ 73.699, 21.3964 ], [ 73.6925, 21.402 ], [ 73.6953, 21.4285 ], [ 73.6763, 21.4728 ], [ 73.6495, 21.4806 ], [ 73.6287, 21.4729 ], [ 73.6069, 21.4725 ], [ 73.5973, 21.4848 ], [ 73.555, 21.4745 ], [ 73.5481, 21.4803 ], [ 73.5279, 21.4794 ], [ 73.5107, 21.4874 ], [ 73.4945, 21.4856 ], [ 73.4861, 21.4945 ], [ 73.488, 21.5154 ], [ 73.4683, 21.5083 ], [ 73.4653, 21.5199 ], [ 73.4418, 21.5381 ], [ 73.4464, 21.5694 ], [ 73.4735, 21.5938 ], [ 73.4708, 21.609 ], [ 73.4822, 21.6109 ], [ 73.4784, 21.6319 ], [ 73.4858, 21.6389 ], [ 73.4743, 21.6602 ], [ 73.487, 21.6778 ], [ 73.4999, 21.6812 ], [ 73.4876, 21.6935 ], [ 73.4877, 21.704 ], [ 73.4781, 21.704 ], [ 73.4691, 21.7209 ], [ 73.4532, 21.7192 ], [ 73.4397, 21.7094 ], [ 73.4316, 21.7179 ], [ 73.407, 21.7093 ], [ 73.403, 21.7181 ], [ 73.3955, 21.7171 ], [ 73.4097, 21.7497 ], [ 73.3943, 21.7603 ], [ 73.3954, 21.7758 ], [ 73.3742, 21.7804 ], [ 73.3559, 21.8103 ], [ 73.3476, 21.8144 ], [ 73.336, 21.8104 ], [ 73.3349, 21.8314 ], [ 73.3292, 21.8347 ], [ 73.3086, 21.8223 ], [ 73.2993, 21.8275 ], [ 73.2969, 21.8363 ], [ 73.3024, 21.8501 ], [ 73.3085, 21.8514 ], [ 73.2996, 21.8785 ], [ 73.3038, 21.8875 ], [ 73.3278, 21.8749 ], [ 73.3443, 21.8773 ], [ 73.3445, 21.9145 ], [ 73.3596, 21.9302 ], [ 73.3763, 21.9295 ], [ 73.4029, 21.9106 ], [ 73.4235, 21.9138 ], [ 73.4387, 21.9267 ], [ 73.4399, 21.964 ], [ 73.449, 21.9754 ], [ 73.4587, 21.975 ], [ 73.4618, 21.9799 ], [ 73.5038, 21.9629 ], [ 73.5047, 21.9772 ], [ 73.5129, 21.981 ], [ 73.5142, 21.9904 ], [ 73.5111, 22.0036 ], [ 73.4949, 22.0174 ], [ 73.5024, 22.0226 ], [ 73.4999, 22.0396 ], [ 73.5143, 22.0379 ], [ 73.5216, 22.0565 ], [ 73.5449, 22.0476 ], [ 73.5632, 22.0546 ], [ 73.5633, 22.0615 ], [ 73.5731, 22.0525 ], [ 73.5823, 22.0649 ], [ 73.6029, 22.0711 ], [ 73.6091, 22.0821 ], [ 73.6148, 22.0703 ], [ 73.6308, 22.0795 ], [ 73.6304, 22.0669 ], [ 73.645, 22.0733 ], [ 73.6521, 22.0604 ], [ 73.6573, 22.062 ], [ 73.6605, 22.0431 ], [ 73.6775, 22.0538 ], [ 73.6845, 22.0512 ], [ 73.6836, 22.0432 ], [ 73.676, 22.0431 ], [ 73.67, 22.0148 ], [ 73.6797, 22.001 ], [ 73.6828, 22.0097 ], [ 73.6901, 22.0114 ], [ 73.6888, 21.9873 ], [ 73.6961, 21.9883 ], [ 73.7009, 22.0059 ], [ 73.7088, 22.009 ], [ 73.7046, 21.9768 ], [ 73.7289, 21.9815 ], [ 73.7482, 21.9625 ], [ 73.7707, 21.9677 ], [ 73.781, 21.9599 ], [ 73.7787, 21.94 ], [ 73.79, 21.9312 ], [ 73.7992, 21.9484 ], [ 73.8082, 21.9402 ], [ 73.801, 21.9382 ], [ 73.8005, 21.9294 ], [ 73.855, 21.9526 ], [ 73.8682, 21.9243 ], [ 73.8893, 21.9262 ], [ 73.9108, 21.8983 ], [ 73.9314, 21.8888 ], [ 73.9405, 21.8709 ], [ 73.9281, 21.8642 ], [ 73.888, 21.8552 ], [ 73.8698, 21.8411 ], [ 73.8423, 21.844 ], [ 73.8139, 21.8398 ], [ 73.796, 21.8247 ], [ 73.8078, 21.8098 ], [ 73.8274, 21.8099 ], [ 73.8329, 21.8009 ], [ 73.8273, 21.7925 ], [ 73.8382, 21.7887 ], [ 73.8295, 21.7859 ], [ 73.8347, 21.7741 ], [ 73.8247, 21.7599 ], [ 73.8676, 21.7183 ], [ 73.8806, 21.7156 ], [ 73.8946, 21.676 ], [ 73.888, 21.6532 ], [ 73.86, 21.6423 ], [ 73.8517, 21.6465 ], [ 73.8386, 21.6331 ], [ 73.8304, 21.6424 ], [ 73.8143, 21.6442 ], [ 73.7805, 21.6286 ], [ 73.782, 21.6183 ], [ 73.7983, 21.6046 ] ] ] } },
{ "type": "Feature", "properties": { "district": "Navsari", "did": "gujarat:Navsari", "state_key": "gujarat" }, "geometry": { "type": "Polygon", "coordinates": [ [ [ 73.2037, 20.5934 ], [ 73.1946, 20.5919 ], [ 73.1525, 20.6056 ], [ 73.1403, 20.5991 ], [ 73.1215, 20.6016 ], [ 73.1151, 20.5942 ], [ 73.1003, 20.6001 ], [ 73.0728, 20.6 ], [ 73.0673, 20.6119 ], [ 73.0714, 20.6226 ], [ 73.0656, 20.627 ], [ 73.0728, 20.6528 ], [ 73.0558, 20.6641 ], [ 73.0329, 20.665 ], [ 73.0285, 20.6767 ], [ 73.0393, 20.6805 ], [ 73.0473, 20.6991 ], [ 73.0183, 20.7111 ], [ 73.0122, 20.7271 ], [ 73.0162, 20.73 ], [ 72.9939, 20.7268 ], [ 72.9966, 20.7351 ], [ 72.9902, 20.7335 ], [ 72.972, 20.7451 ], [ 72.9629, 20.7415 ], [ 72.9684, 20.7273 ], [ 72.9579, 20.7191 ], [ 72.9414, 20.7229 ], [ 72.9288, 20.7344 ], [ 72.881, 20.7334 ], [ 72.8767, 20.7401 ], [ 72.8639, 20.7411 ], [ 72.8496, 20.7609 ], [ 72.8377, 20.7652 ], [ 72.8202, 20.7938 ], [ 72.8392, 20.8005 ], [ 72.8392, 20.8052 ], [ 72.8274, 20.8129 ], [ 72.7802, 20.9212 ], [ 72.7845, 20.9252 ], [ 72.7921, 20.9182 ], [ 72.8053, 20.9263 ], [ 72.82, 20.9275 ], [ 72.8127, 20.9371 ], [ 72.8204, 20.9523 ], [ 72.774, 20.9368 ], [ 72.7547, 20.9387 ], [ 72.7264, 21.0147 ], [ 72.7221, 21.0391 ], [ 72.7262, 21.061 ], [ 72.7383, 21.0508 ], [ 72.75, 21.0637 ], [ 72.7751, 21.0622 ], [ 72.7929, 21.0736 ], [ 72.8141, 21.0557 ], [ 72.8283, 21.0582 ], [ 72.8371, 21.0342 ], [ 72.8451, 21.047 ], [ 72.8528, 21.0375 ], [ 72.8608, 21.0374 ], [ 72.8567, 21.0499 ], [ 72.8711, 21.0492 ], [ 72.871, 21.0562 ], [ 72.8812, 21.0553 ], [ 72.888, 21.0479 ], [ 72.892, 21.0622 ], [ 72.908, 21.0417 ], [ 72.9282, 21.0425 ], [ 72.9264, 21.0518 ], [ 72.9456, 21.0592 ], [ 72.9522, 21.0695 ], [ 72.9625, 21.0658 ], [ 72.962, 21.0741 ], [ 72.9697, 21.0688 ], [ 72.9645, 21.0581 ], [ 72.9773, 21.0652 ], [ 72.9953, 21.0598 ], [ 72.9957, 21.0721 ], [ 72.9899, 21.0749 ], [ 72.9937, 21.0794 ], [ 73.0185, 21.0579 ], [ 73.0135, 21.0362 ], [ 73.0071, 21.0333 ], [ 73.0085, 21.0223 ], [ 73.0252, 21.0204 ], [ 73.0308, 21.0076 ], [ 73.0388, 21.0066 ], [ 73.0635, 20.9838 ], [ 73.0652, 20.9747 ], [ 73.0739, 20.9772 ], [ 73.0829, 20.9661 ], [ 73.0883, 20.9672 ], [ 73.0923, 20.9369 ], [ 73.0987, 20.9303 ], [ 73.1256, 20.9227 ], [ 73.1257, 20.8976 ], [ 73.1349, 20.8977 ], [ 73.1429, 20.9058 ], [ 73.1714, 20.8997 ], [ 73.1851, 20.889 ], [ 73.1956, 20.8598 ], [ 73.2122, 20.8615 ], [ 73.2475, 20.8485 ], [ 73.244, 20.8326 ], [ 73.2535, 20.8199 ], [ 73.3018, 20.818 ], [ 73.3028, 20.837 ], [ 73.3129, 20.8415 ], [ 73.3119, 20.8481 ], [ 73.3018, 20.8509 ], [ 73.3055, 20.8754 ], [ 73.3121, 20.8817 ], [ 73.3232, 20.8687 ], [ 73.3328, 20.8671 ], [ 73.3328, 20.8598 ], [ 73.3497, 20.8597 ], [ 73.3504, 20.8486 ], [ 73.3658, 20.8414 ], [ 73.3672, 20.8326 ], [ 73.3817, 20.8238 ], [ 73.3962, 20.8274 ], [ 73.4423, 20.8086 ], [ 73.4535, 20.809 ], [ 73.4605, 20.8171 ], [ 73.4833, 20.815 ], [ 73.4961, 20.8192 ], [ 73.482, 20.7966 ], [ 73.4904, 20.757 ], [ 73.4787, 20.7458 ], [ 73.4671, 20.7455 ], [ 73.4669, 20.7221 ], [ 73.4492, 20.7172 ], [ 73.4408, 20.6998 ], [ 73.4484, 20.6931 ], [ 73.4443, 20.6811 ], [ 73.432, 20.6773 ], [ 73.4301, 20.6641 ], [ 73.4125, 20.6615 ], [ 73.3922, 20.6493 ], [ 73.3941, 20.6408 ], [ 73.4071, 20.6353 ], [ 73.4069, 20.6236 ], [ 73.3843, 20.614 ], [ 73.3793, 20.6184 ], [ 73.3683, 20.6132 ], [ 73.3594, 20.6165 ], [ 73.3525, 20.6079 ], [ 73.3251, 20.6008 ], [ 73.3223, 20.5958 ], [ 73.315, 20.6019 ], [ 73.3063, 20.5913 ], [ 73.29, 20.593 ], [ 73.2686, 20.5807 ], [ 73.2585, 20.5798 ], [ 73.2418, 20.5935 ], [ 73.2102, 20.6024 ], [ 73.2037, 20.5934 ] ] ] } },
{ "type": "Feature", "properties": { "district": "Panch Mahals", "did": "gujarat:Panch Mahals", "state_key": "gujarat" }, "geometry": { "type": "Polygon", "coordinates": [ [ [ 73.7407, 22.4387 ], [ 73.7296, 22.4151 ], [ 73.7392, 22.3952 ], [ 73.7351, 22.3885 ], [ 73.7695, 22.3892 ], [ 73.7699, 22.3835 ], [ 73.7495, 22.3439 ], [ 73.7474, 22.3469 ], [ 73.7258, 22.3375 ], [ 73.7296, 22.3314 ], [ 73.7235, 22.3162 ], [ 73.7316, 22.304 ], [ 73.7307, 22.2879 ], [ 73.7261, 22.2928 ], [ 73.7167, 22.29 ], [ 73.7136, 22.3032 ], [ 73.6989, 22.2998 ], [ 73.6972, 22.2865 ], [ 73.6535, 22.2882 ], [ 73.6505, 22.2961 ], [ 73.6345, 22.3027 ], [ 73.6289, 22.3128 ], [ 73.6456, 22.3151 ], [ 73.6552, 22.3366 ], [ 73.6895, 22.3374 ], [ 73.6941, 22.3392 ], [ 73.6892, 22.3462 ], [ 73.7036, 22.3487 ], [ 73.7052, 22.3585 ], [ 73.6914, 22.3691 ], [ 73.648, 22.3861 ], [ 73.6298, 22.3897 ], [ 73.6336, 22.3782 ], [ 73.6164, 22.3608 ], [ 73.6124, 22.3382 ], [ 73.6256, 22.3379 ], [ 73.6293, 22.3313 ], [ 73.6166, 22.3244 ], [ 73.5628, 22.3286 ], [ 73.5662, 22.3364 ], [ 73.5543, 22.3365 ], [ 73.5463, 22.3459 ], [ 73.5177, 22.3412 ], [ 73.5107, 22.3523 ], [ 73.4822, 22.3495 ], [ 73.4643, 22.3602 ], [ 73.4724, 22.3818 ], [ 73.458, 22.3812 ], [ 73.4488, 22.3966 ], [ 73.4379, 22.4001 ], [ 73.4456, 22.4253 ], [ 73.4329, 22.4216 ], [ 73.4199, 22.4285 ], [ 73.4205, 22.4471 ], [ 73.427, 22.4496 ], [ 73.4302, 22.4619 ], [ 73.4274, 22.4857 ], [ 73.4147, 22.5057 ], [ 73.4052, 22.5069 ], [ 73.4148, 22.5176 ], [ 73.4113, 22.5251 ], [ 73.4212, 22.5468 ], [ 73.414, 22.5537 ], [ 73.372, 22.5564 ], [ 73.3828, 22.5793 ], [ 73.3779, 22.5857 ], [ 73.3887, 22.6167 ], [ 73.3841, 22.6269 ], [ 73.3625, 22.6275 ], [ 73.3682, 22.6477 ], [ 73.3838, 22.65 ], [ 73.3971, 22.6435 ], [ 73.4002, 22.6567 ], [ 73.4071, 22.6544 ], [ 73.4168, 22.6612 ], [ 73.4157, 22.6756 ], [ 73.407, 22.6781 ], [ 73.4028, 22.6904 ], [ 73.3912, 22.6875 ], [ 73.3829, 22.7198 ], [ 73.3847, 22.7421 ], [ 73.4104, 22.7592 ], [ 73.4267, 22.7625 ], [ 73.4252, 22.7793 ], [ 73.4228, 22.7856 ], [ 73.404, 22.7938 ], [ 73.4047, 22.8146 ], [ 73.3987, 22.808 ], [ 73.3844, 22.8116 ], [ 73.3836, 22.7948 ], [ 73.3775, 22.8014 ], [ 73.3809, 22.758 ], [ 73.362, 22.7711 ], [ 73.359, 22.7873 ], [ 73.3502, 22.7924 ], [ 73.3636, 22.7992 ], [ 73.3632, 22.8132 ], [ 73.3854, 22.857 ], [ 73.3825, 22.8704 ], [ 73.3676, 22.8879 ], [ 73.3702, 22.9031 ], [ 73.4487, 22.9681 ], [ 73.4352, 23.0037 ], [ 73.4369, 23.0327 ], [ 73.446, 23.0304 ], [ 73.4558, 23.0029 ], [ 73.4714, 23.0007 ], [ 73.476, 22.9828 ], [ 73.485, 22.9943 ], [ 73.4952, 22.9952 ], [ 73.503, 22.9948 ], [ 73.5096, 22.9834 ], [ 73.5176, 22.986 ], [ 73.5241, 22.9812 ], [ 73.5353, 22.9938 ], [ 73.5621, 22.9855 ], [ 73.5843, 22.9872 ], [ 73.6082, 23.0065 ], [ 73.6194, 23.0246 ], [ 73.6315, 23.0117 ], [ 73.6363, 23.0175 ], [ 73.6564, 23.0204 ], [ 73.641, 23.0203 ], [ 73.6318, 23.0263 ], [ 73.6288, 23.0398 ], [ 73.6519, 23.0649 ], [ 73.6641, 23.0959 ], [ 73.6734, 23.1044 ], [ 73.682, 23.0922 ], [ 73.6915, 23.0939 ], [ 73.7028, 23.0824 ], [ 73.7167, 23.0537 ], [ 73.6699, 23.0331 ], [ 73.6676, 23.0208 ], [ 73.6966, 23.0276 ], [ 73.7026, 23.0215 ], [ 73.7163, 23.0235 ], [ 73.7238, 23.0364 ], [ 73.7323, 23.0331 ], [ 73.7413, 23.0117 ], [ 73.7556, 23.0253 ], [ 73.7577, 23.0387 ], [ 73.7688, 23.0441 ], [ 73.7675, 23.0555 ], [ 73.7487, 23.06 ], [ 73.7447, 23.0693 ], [ 73.7738, 23.0756 ], [ 73.8095, 23.1091 ], [ 73.8138, 23.1012 ], [ 73.8424, 23.0869 ], [ 73.8603, 23.0603 ], [ 73.9043, 23.05 ], [ 73.914, 23.0139 ], [ 73.9061, 23.0077 ], [ 73.9035, 22.985 ], [ 73.9282, 22.9772 ], [ 73.9215, 22.9662 ], [ 73.9047, 22.964 ], [ 73.8934, 22.9472 ], [ 73.8819, 22.946 ], [ 73.9041, 22.9351 ], [ 73.9076, 22.9277 ], [ 73.8805, 22.9018 ], [ 73.8542, 22.8417 ], [ 73.8401, 22.8445 ], [ 73.8373, 22.8245 ], [ 73.8472, 22.8179 ], [ 73.8498, 22.7929 ], [ 73.8312, 22.8027 ], [ 73.8256, 22.7892 ], [ 73.8104, 22.7854 ], [ 73.8315, 22.7858 ], [ 73.8518, 22.7586 ], [ 73.8548, 22.7453 ], [ 73.8343, 22.7369 ], [ 73.8362, 22.7167 ], [ 73.8264, 22.7008 ], [ 73.8158, 22.6975 ], [ 73.8077, 22.7014 ], [ 73.8073, 22.6761 ], [ 73.8237, 22.6739 ], [ 73.8303, 22.6595 ], [ 73.8225, 22.6466 ], [ 73.8268, 22.6409 ], [ 73.8128, 22.6387 ], [ 73.7972, 22.6126 ], [ 73.8292, 22.6137 ], [ 73.8326, 22.6071 ], [ 73.8427, 22.6103 ], [ 73.8646, 22.5723 ], [ 73.8511, 22.5661 ], [ 73.8454, 22.573 ], [ 73.8112, 22.5675 ], [ 73.8029, 22.5488 ], [ 73.7555, 22.5473 ], [ 73.7411, 22.5367 ], [ 73.7288, 22.5154 ], [ 73.7324, 22.4919 ], [ 73.7229, 22.4601 ], [ 73.7264, 22.4541 ], [ 73.7326, 22.4559 ], [ 73.7407, 22.4387 ] ], [ [ 73.7753, 22.7888 ], [ 73.7785, 22.7732 ], [ 73.7849, 22.7695 ], [ 73.7971, 22.7776 ], [ 73.7868, 22.7901 ], [ 73.7753, 22.7888 ] ] ] } },
{ "type": "Feature", "properties": { "district": "Patan", "did": "gujarat:Patan", "state_key": "gujarat" }, "geometry": { "type": "Polygon", "coordinates": [ [ [ 71.4222, 23.5636 ], [ 71.4172, 23.57 ], [ 71.4268, 23.6033 ], [ 71.4251, 23.6288 ], [ 71.3938, 23.6028 ], [ 71.3755, 23.6497 ], [ 71.3511, 23.6564 ], [ 71.3336, 23.6488 ], [ 71.3043, 23.6457 ], [ 71.2218, 23.6564 ], [ 71.2133, 23.6785 ], [ 71.2239, 23.6879 ], [ 71.218, 23.699 ], [ 71.2252, 23.7139 ], [ 71.2177, 23.7295 ], [ 71.2069, 23.7387 ], [ 71.1901, 23.734 ], [ 71.1896, 23.7392 ], [ 71.1747, 23.7443 ], [ 71.1775, 23.7289 ], [ 71.1443, 23.73 ], [ 71.1446, 23.717 ], [ 71.152, 23.72 ], [ 71.1521, 23.713 ], [ 71.1579, 23.7125 ], [ 71.1622, 23.7215 ], [ 71.1714, 23.7138 ], [ 71.1808, 23.7159 ], [ 71.1489, 23.6836 ], [ 71.1433, 23.6742 ], [ 71.1495, 23.6737 ], [ 71.1496, 23.6682 ], [ 71.1366, 23.664 ], [ 71.1311, 23.6449 ], [ 71.137, 23.6438 ], [ 71.1394, 23.6315 ], [ 71.0967, 23.6148 ], [ 71.0949, 23.6248 ], [ 71.0894, 23.6246 ], [ 71.0857, 23.6175 ], [ 71.0927, 23.6067 ], [ 71.0814, 23.5985 ], [ 71.0662, 23.6091 ], [ 71.0635, 23.623 ], [ 71.0523, 23.6203 ], [ 71.0479, 23.6241 ], [ 71.0365, 23.6455 ], [ 71.0353, 23.6701 ], [ 71.0396, 23.6811 ], [ 71.0691, 23.6869 ], [ 71.0571, 23.7374 ], [ 71.0728, 23.7304 ], [ 71.0649, 23.7417 ], [ 71.0537, 23.7438 ], [ 71.0587, 23.7553 ], [ 71.0559, 23.7868 ], [ 71.0445, 23.7905 ], [ 71.0431, 23.8046 ], [ 71.0466, 23.8095 ], [ 71.0612, 23.8055 ], [ 71.0693, 23.8171 ], [ 71.0635, 23.825 ], [ 71.0721, 23.8233 ], [ 71.0743, 23.8299 ], [ 71.0676, 23.8304 ], [ 71.0638, 23.8384 ], [ 71.0995, 23.904 ], [ 71.1403, 23.9104 ], [ 71.158, 23.9206 ], [ 71.1761, 23.9202 ], [ 71.1777, 23.9307 ], [ 71.1935, 23.9209 ], [ 71.2182, 23.9361 ], [ 71.233, 23.9301 ], [ 71.2389, 23.9186 ], [ 71.2544, 23.9214 ], [ 71.2477, 23.9285 ], [ 71.2531, 23.9333 ], [ 71.2603, 23.932 ], [ 71.2651, 23.9212 ], [ 71.273, 23.9225 ], [ 71.2743, 23.9344 ], [ 71.2798, 23.9282 ], [ 71.2995, 23.9277 ], [ 71.302, 23.9335 ], [ 71.2889, 23.9484 ], [ 71.3015, 23.955 ], [ 71.2982, 23.9674 ], [ 71.3191, 23.9838 ], [ 71.3354, 23.9703 ], [ 71.366, 23.9706 ], [ 71.3742, 23.9552 ], [ 71.3839, 23.9539 ], [ 71.3884, 23.9652 ], [ 71.3952, 23.9658 ], [ 71.4161, 23.9252 ], [ 71.4217, 23.935 ], [ 71.4446, 23.9413 ], [ 71.4545, 23.9647 ], [ 71.4465, 23.9709 ], [ 71.4498, 23.9821 ], [ 71.4426, 23.981 ], [ 71.4611, 23.9991 ], [ 71.464, 24.0133 ], [ 71.479, 24.0253 ], [ 71.4911, 24.0148 ], [ 71.4875, 23.9754 ], [ 71.4981, 23.9697 ], [ 71.5168, 23.9802 ], [ 71.5461, 23.9819 ], [ 71.5471, 23.9951 ], [ 71.5544, 24.001 ], [ 71.5657, 23.9961 ], [ 71.567, 23.9836 ], [ 71.5605, 23.9794 ], [ 71.5916, 23.9765 ], [ 71.5869, 23.9634 ], [ 71.6052, 23.9425 ], [ 71.6219, 23.9541 ], [ 71.6433, 23.9574 ], [ 71.6651, 23.9725 ], [ 71.6885, 23.9708 ], [ 71.6978, 23.9304 ], [ 71.7174, 23.9277 ], [ 71.7088, 23.8822 ], [ 71.7143, 23.8702 ], [ 71.7276, 23.8556 ], [ 71.745, 23.8505 ], [ 71.7509, 23.8409 ], [ 71.7617, 23.8416 ], [ 71.7665, 23.8268 ], [ 71.779, 23.8449 ], [ 71.8151, 23.8552 ], [ 71.8279, 23.8444 ], [ 71.8613, 23.847 ], [ 71.8674, 23.8696 ], [ 71.8895, 23.8784 ], [ 71.9013, 23.8733 ], [ 71.9241, 23.8845 ], [ 71.9369, 23.8806 ], [ 71.9582, 23.8888 ], [ 71.9777, 23.8893 ], [ 71.9744, 23.9056 ], [ 71.9381, 23.9277 ], [ 71.9291, 23.9524 ], [ 71.9478, 23.9633 ], [ 71.9488, 23.9732 ], [ 71.9288, 23.9796 ], [ 71.9254, 24.0092 ], [ 71.9491, 24.0081 ], [ 71.961, 23.9911 ], [ 71.9858, 23.9973 ], [ 71.9989, 23.9835 ], [ 71.9988, 23.9689 ], [ 72.0059, 23.9659 ], [ 72.0117, 23.9853 ], [ 72.0204, 23.978 ], [ 72.0388, 23.98 ], [ 72.0506, 23.9989 ], [ 72.0274, 24.0193 ], [ 72.0225, 24.0394 ], [ 72.0129, 24.0498 ], [ 72.013, 24.0688 ], [ 72.0189, 24.0721 ], [ 72.0287, 24.0674 ], [ 72.0317, 24.053 ], [ 72.0607, 24.0325 ], [ 72.0902, 24.0415 ], [ 72.0929, 24.0332 ], [ 72.1011, 24.0346 ], [ 72.1012, 24.0545 ], [ 72.1167, 24.0502 ], [ 72.1326, 24.0529 ], [ 72.1362, 24.0702 ], [ 72.1479, 24.0766 ], [ 72.1573, 24.0945 ], [ 72.1471, 24.1045 ], [ 72.1481, 24.1239 ], [ 72.124, 24.1283 ], [ 72.0929, 24.1242 ], [ 72.0897, 24.1386 ], [ 72.0939, 24.1417 ], [ 72.1121, 24.1359 ], [ 72.1203, 24.1527 ], [ 72.1291, 24.1553 ], [ 72.1496, 24.1524 ], [ 72.154, 24.1351 ], [ 72.149, 24.1296 ], [ 72.1769, 24.1183 ], [ 72.1876, 24.1223 ], [ 72.1853, 24.1303 ], [ 72.1977, 24.137 ], [ 72.2036, 24.1491 ], [ 72.2176, 24.1433 ], [ 72.2235, 24.1311 ], [ 72.2063, 24.1141 ], [ 72.2218, 24.0758 ], [ 72.2342, 24.0722 ], [ 72.2557, 24.0814 ], [ 72.2705, 24.0555 ], [ 72.2994, 24.0532 ], [ 72.3093, 24.0386 ], [ 72.3398, 24.0378 ], [ 72.3443, 24.014 ], [ 72.3612, 24.01 ], [ 72.3702, 23.9717 ], [ 72.3836, 23.9682 ], [ 72.3861, 23.9754 ], [ 72.4142, 23.9725 ], [ 72.4195, 23.9781 ], [ 72.4272, 23.9765 ], [ 72.4298, 23.9836 ], [ 72.4381, 23.9671 ], [ 72.4513, 23.9743 ], [ 72.4762, 23.9662 ], [ 72.4825, 23.9328 ], [ 72.469, 23.8913 ], [ 72.4558, 23.8958 ], [ 72.4523, 23.9065 ], [ 72.4448, 23.9069 ], [ 72.4417, 23.8987 ], [ 72.4296, 23.9053 ], [ 72.4305, 23.8962 ], [ 72.4227, 23.9002 ], [ 72.3994, 23.8705 ], [ 72.3925, 23.8752 ], [ 72.3764, 23.8666 ], [ 72.3566, 23.8834 ], [ 72.3463, 23.8779 ], [ 72.3292, 23.8811 ], [ 72.3232, 23.871 ], [ 72.3261, 23.8513 ], [ 72.2929, 23.849 ], [ 72.3181, 23.8118 ], [ 72.3012, 23.8029 ], [ 72.3028, 23.7931 ], [ 72.2949, 23.78 ], [ 72.3212, 23.7672 ], [ 72.3175, 23.7551 ], [ 72.2898, 23.7414 ], [ 72.2843, 23.7235 ], [ 72.2881, 23.7147 ], [ 72.2834, 23.7114 ], [ 72.2914, 23.7098 ], [ 72.286, 23.6835 ], [ 72.3041, 23.6873 ], [ 72.3106, 23.6745 ], [ 72.3045, 23.6705 ], [ 72.3051, 23.6389 ], [ 72.2936, 23.621 ], [ 72.2848, 23.6177 ], [ 72.2597, 23.6326 ], [ 72.2552, 23.646 ], [ 72.2452, 23.6261 ], [ 72.2282, 23.6176 ], [ 72.221, 23.6263 ], [ 72.2112, 23.6246 ], [ 72.2064, 23.6337 ], [ 72.1945, 23.6328 ], [ 72.195, 23.6401 ], [ 72.184, 23.6402 ], [ 72.1754, 23.6319 ], [ 72.1845, 23.6239 ], [ 72.1807, 23.612 ], [ 72.1635, 23.6035 ], [ 72.1451, 23.608 ], [ 72.1349, 23.5976 ], [ 72.1238, 23.6061 ], [ 72.1244, 23.6218 ], [ 72.109, 23.6162 ], [ 72.1136, 23.6026 ], [ 72.1038, 23.5943 ], [ 72.1076, 23.5706 ], [ 72.0787, 23.5653 ], [ 72.0592, 23.5681 ], [ 72.0703, 23.5901 ], [ 72.0576, 23.5974 ], [ 72.0554, 23.6072 ], [ 72.0613, 23.6136 ], [ 72.048, 23.6199 ], [ 72.0304, 23.6165 ], [ 72.0129, 23.6293 ], [ 72.0025, 23.6204 ], [ 71.9809, 23.6185 ], [ 71.9823, 23.6009 ], [ 71.9404, 23.5836 ], [ 71.9575, 23.5771 ], [ 71.9593, 23.55 ], [ 71.9688, 23.5267 ], [ 71.943, 23.5183 ], [ 71.9424, 23.5 ], [ 71.9288, 23.4923 ], [ 71.9082, 23.4939 ], [ 71.9049, 23.4871 ], [ 71.9012, 23.4907 ], [ 71.9021, 23.4849 ], [ 71.887, 23.4855 ], [ 71.8642, 23.4726 ], [ 71.8513, 23.4567 ], [ 71.8498, 23.4355 ], [ 71.8377, 23.4194 ], [ 71.8027, 23.3941 ], [ 71.7916, 23.392 ], [ 71.7616, 23.4032 ], [ 71.7601, 23.4267 ], [ 71.7778, 23.4546 ], [ 71.7714, 23.4682 ], [ 71.7582, 23.4663 ], [ 71.7451, 23.474 ], [ 71.7434, 23.4674 ], [ 71.7264, 23.4682 ], [ 71.7305, 23.4907 ], [ 71.7023, 23.4812 ], [ 71.6918, 23.4878 ], [ 71.6664, 23.4847 ], [ 71.6136, 23.5013 ], [ 71.6037, 23.4973 ], [ 71.5904, 23.5009 ], [ 71.5816, 23.4915 ], [ 71.5647, 23.4956 ], [ 71.5349, 23.48 ], [ 71.508, 23.4563 ], [ 71.5075, 23.4874 ], [ 71.5194, 23.5 ], [ 71.5203, 23.5278 ], [ 71.4949, 23.5003 ], [ 71.4774, 23.4938 ], [ 71.4452, 23.4693 ], [ 71.4482, 23.536 ], [ 71.4735, 23.5562 ], [ 71.4222, 23.5636 ] ] ] } },
{ "type": "Feature", "properties": { "district": "Porbandar", "did": "gujarat:Porbandar", "state_key": "gujarat" }, "geometry": { "type": "Polygon", "coordinates": [ [ [ 69.8643, 21.7815 ], [ 69.8721, 21.782 ], [ 69.8817, 21.7678 ], [ 69.9032, 21.7806 ], [ 69.9295, 21.7789 ], [ 69.9437, 21.7929 ], [ 69.951, 21.789 ], [ 69.9921, 21.8074 ], [ 70.0111, 21.8044 ], [ 70.0078, 21.754 ], [ 70.0198, 21.746 ], [ 70.0245, 21.704 ], [ 70.039, 21.698 ], [ 70.0581, 21.7033 ], [ 70.0692, 21.7243 ], [ 70.0764, 21.7244 ], [ 70.0837, 21.7365 ], [ 70.0891, 21.7026 ], [ 70.1227, 21.7041 ], [ 70.1418, 21.6881 ], [ 70.1484, 21.665 ], [ 70.1353, 21.663 ], [ 70.1195, 21.6805 ], [ 70.1031, 21.6625 ], [ 70.1091, 21.6452 ], [ 70.0908, 21.6489 ], [ 70.0566, 21.6367 ], [ 70.0583, 21.6266 ], [ 70.0388, 21.6119 ], [ 70.0406, 21.6075 ], [ 70.0495, 21.612 ], [ 70.0685, 21.6104 ], [ 70.0707, 21.5851 ], [ 70.0476, 21.5868 ], [ 70.0477, 21.5977 ], [ 70.0342, 21.5931 ], [ 70.0308, 21.6016 ], [ 69.9906, 21.5794 ], [ 69.9861, 21.6019 ], [ 69.9644, 21.5918 ], [ 69.9759, 21.5664 ], [ 69.9866, 21.5722 ], [ 70.0026, 21.5429 ], [ 69.9822, 21.5301 ], [ 69.9927, 21.5073 ], [ 69.9851, 21.5062 ], [ 69.9964, 21.4739 ], [ 70.0299, 21.4759 ], [ 70.0223, 21.444 ], [ 69.9797, 21.4325 ], [ 69.9971, 21.4006 ], [ 69.9884, 21.3959 ], [ 69.9816, 21.4042 ], [ 69.9541, 21.4013 ], [ 69.943, 21.3915 ], [ 69.9508, 21.3857 ], [ 69.9417, 21.3724 ], [ 69.9569, 21.3435 ], [ 69.9783, 21.336 ], [ 69.9764, 21.295 ], [ 69.997, 21.2981 ], [ 70.0129, 21.2776 ], [ 70.0281, 21.2809 ], [ 70.0289, 21.2738 ], [ 70.0027, 21.2549 ], [ 70.0026, 21.2443 ], [ 69.9813, 21.2279 ], [ 69.7064, 21.5354 ], [ 69.616, 21.6246 ], [ 69.6022, 21.6372 ], [ 69.5854, 21.6373 ], [ 69.5701, 21.6483 ], [ 69.394, 21.8028 ], [ 69.3714, 21.8301 ], [ 69.3851, 21.877 ], [ 69.4028, 21.894 ], [ 69.4223, 21.8795 ], [ 69.4304, 21.8794 ], [ 69.4476, 21.853 ], [ 69.4867, 21.8546 ], [ 69.4867, 21.8969 ], [ 69.5, 21.895 ], [ 69.5045, 21.9041 ], [ 69.5279, 21.893 ], [ 69.5353, 21.8948 ], [ 69.5411, 21.9249 ], [ 69.554, 21.9387 ], [ 69.5714, 21.9467 ], [ 69.6115, 21.9483 ], [ 69.621, 21.9425 ], [ 69.6271, 21.9209 ], [ 69.6465, 21.9216 ], [ 69.6576, 21.9254 ], [ 69.6499, 21.9558 ], [ 69.6853, 21.9592 ], [ 69.6883, 21.9794 ], [ 69.7129, 21.9761 ], [ 69.7199, 21.9739 ], [ 69.7267, 21.9553 ], [ 69.7243, 21.9372 ], [ 69.707, 21.9348 ], [ 69.7076, 21.9257 ], [ 69.6881, 21.9125 ], [ 69.682, 21.9279 ], [ 69.6666, 21.9257 ], [ 69.6722, 21.9037 ], [ 69.6642, 21.9013 ], [ 69.6672, 21.8874 ], [ 69.6561, 21.8698 ], [ 69.6338, 21.8756 ], [ 69.6309, 21.8673 ], [ 69.615, 21.8701 ], [ 69.6089, 21.8644 ], [ 69.6123, 21.8085 ], [ 69.6163, 21.8033 ], [ 69.6319, 21.8048 ], [ 69.6302, 21.8296 ], [ 69.6464, 21.8395 ], [ 69.6564, 21.8383 ], [ 69.6647, 21.8124 ], [ 69.6752, 21.8133 ], [ 69.6739, 21.8225 ], [ 69.6846, 21.8229 ], [ 69.6906, 21.8111 ], [ 69.6973, 21.8097 ], [ 69.7006, 21.7964 ], [ 69.7109, 21.7993 ], [ 69.7113, 21.7939 ], [ 69.7268, 21.8078 ], [ 69.7266, 21.8217 ], [ 69.7385, 21.8342 ], [ 69.7624, 21.8222 ], [ 69.7916, 21.8271 ], [ 69.815, 21.8243 ], [ 69.8162, 21.7937 ], [ 69.8086, 21.7618 ], [ 69.8185, 21.7417 ], [ 69.834, 21.7435 ], [ 69.8396, 21.7334 ], [ 69.8488, 21.7317 ], [ 69.8673, 21.7378 ], [ 69.8643, 21.7815 ] ] ] } },
{ "type": "Feature", "properties": { "district": "Rajkot", "did": "gujarat:Rajkot", "state_key": "gujarat" }, "geometry": { "type": "MultiPolygon", "coordinates": [ [ [ [ 70.5062, 21.6665 ], [ 70.507, 21.6575 ], [ 70.4972, 21.6498 ], [ 70.4771, 21.6548 ], [ 70.459, 21.6495 ], [ 70.4511, 21.6728 ], [ 70.4412, 21.6735 ], [ 70.4366, 21.6583 ], [ 70.3903, 21.6491 ], [ 70.3928, 21.6409 ], [ 70.3852, 21.6378 ], [ 70.3683, 21.6389 ], [ 70.3698, 21.5997 ], [ 70.3323, 21.5897 ], [ 70.3041, 21.5894 ], [ 70.2916, 21.5696 ], [ 70.2957, 21.5463 ], [ 70.279, 21.5414 ], [ 70.2666, 21.5265 ], [ 70.2592, 21.5268 ], [ 70.253, 21.5292 ], [ 70.2467, 21.5671 ], [ 70.2718, 21.5754 ], [ 70.2655, 21.6126 ], [ 70.2447, 21.6132 ], [ 70.2283, 21.6381 ], [ 70.1875, 21.6261 ], [ 70.1655, 21.6128 ], [ 70.1385, 21.6124 ], [ 70.1272, 21.6428 ], [ 70.1394, 21.6429 ], [ 70.1521, 21.6525 ], [ 70.1418, 21.6881 ], [ 70.1179, 21.7064 ], [ 70.0891, 21.7026 ], [ 70.0837, 21.7365 ], [ 70.0784, 21.7329 ], [ 70.0706, 21.739 ], [ 70.0662, 21.7526 ], [ 70.0537, 21.7608 ], [ 70.051, 21.7747 ], [ 70.0297, 21.7932 ], [ 70.0602, 21.8024 ], [ 70.0939, 21.8028 ], [ 70.0809, 21.8193 ], [ 70.0971, 21.8228 ], [ 70.1014, 21.817 ], [ 70.1094, 21.824 ], [ 70.0905, 21.8348 ], [ 70.0958, 21.8493 ], [ 70.1062, 21.8504 ], [ 70.1167, 21.8624 ], [ 70.1283, 21.8651 ], [ 70.1218, 21.8746 ], [ 70.1409, 21.8904 ], [ 70.1448, 21.941 ], [ 70.1649, 21.9385 ], [ 70.1713, 21.9312 ], [ 70.1764, 21.895 ], [ 70.1962, 21.8929 ], [ 70.2174, 21.9063 ], [ 70.2182, 21.9349 ], [ 70.2031, 21.9631 ], [ 70.2164, 21.9673 ], [ 70.2475, 21.9629 ], [ 70.2572, 21.9948 ], [ 70.2658, 22.0015 ], [ 70.2783, 21.9983 ], [ 70.289, 22.0054 ], [ 70.2999, 21.9938 ], [ 70.2942, 22.0128 ], [ 70.3264, 22.0149 ], [ 70.3253, 22.0466 ], [ 70.3308, 22.051 ], [ 70.3494, 22.0523 ], [ 70.3616, 22.0441 ], [ 70.3728, 22.0467 ], [ 70.3983, 22.0385 ], [ 70.4025, 22.0314 ], [ 70.4144, 22.0354 ], [ 70.4127, 22.0254 ], [ 70.4222, 22.0315 ], [ 70.4334, 22.0293 ], [ 70.4527, 22.0354 ], [ 70.4583, 22.0413 ], [ 70.4551, 22.0508 ], [ 70.4614, 22.054 ], [ 70.4911, 22.0554 ], [ 70.5, 22.0497 ], [ 70.5171, 22.0494 ], [ 70.5312, 22.0392 ], [ 70.5232, 22.0333 ], [ 70.5206, 22.0187 ], [ 70.5007, 22.0214 ], [ 70.5011, 21.9968 ], [ 70.5096, 22.002 ], [ 70.5263, 22.0014 ], [ 70.5696, 22.027 ], [ 70.5712, 22.0366 ], [ 70.5498, 22.0457 ], [ 70.5468, 22.0605 ], [ 70.562, 22.0728 ], [ 70.5566, 22.0826 ], [ 70.5514, 22.0806 ], [ 70.5541, 22.0907 ], [ 70.5624, 22.0986 ], [ 70.5824, 22.099 ], [ 70.589, 22.1179 ], [ 70.5698, 22.1228 ], [ 70.5627, 22.1451 ], [ 70.5684, 22.1601 ], [ 70.5876, 22.1671 ], [ 70.58, 22.1846 ], [ 70.5989, 22.1933 ], [ 70.6149, 22.1898 ], [ 70.5978, 22.2009 ], [ 70.5963, 22.2076 ], [ 70.5876, 22.2079 ], [ 70.5786, 22.24 ], [ 70.549, 22.2295 ], [ 70.5364, 22.2495 ], [ 70.5194, 22.2451 ], [ 70.5053, 22.2836 ], [ 70.4733, 22.3093 ], [ 70.469, 22.3248 ], [ 70.4884, 22.3274 ], [ 70.5, 22.3222 ], [ 70.5299, 22.3436 ], [ 70.5177, 22.3609 ], [ 70.5009, 22.3668 ], [ 70.4989, 22.3623 ], [ 70.4872, 22.362 ], [ 70.4736, 22.3786 ], [ 70.4841, 22.3852 ], [ 70.4936, 22.4118 ], [ 70.5078, 22.4129 ], [ 70.5066, 22.4285 ], [ 70.4757, 22.4231 ], [ 70.4721, 22.4265 ], [ 70.4584, 22.4194 ], [ 70.4453, 22.4339 ], [ 70.462, 22.439 ], [ 70.4561, 22.4489 ], [ 70.4621, 22.4499 ], [ 70.4658, 22.4692 ], [ 70.4709, 22.4702 ], [ 70.4878, 22.45 ], [ 70.4989, 22.4515 ], [ 70.5031, 22.4712 ], [ 70.4992, 22.4694 ], [ 70.4944, 22.4769 ], [ 70.4996, 22.4895 ], [ 70.5046, 22.4906 ], [ 70.5118, 22.4692 ], [ 70.5195, 22.4627 ], [ 70.5257, 22.4672 ], [ 70.5338, 22.4581 ], [ 70.5526, 22.4625 ], [ 70.5402, 22.4794 ], [ 70.5869, 22.4905 ], [ 70.5747, 22.5131 ], [ 70.5536, 22.5012 ], [ 70.5425, 22.5022 ], [ 70.5354, 22.495 ], [ 70.5293, 22.5109 ], [ 70.5429, 22.5333 ], [ 70.5659, 22.5333 ], [ 70.5713, 22.5203 ], [ 70.6017, 22.5312 ], [ 70.5803, 22.5525 ], [ 70.5682, 22.5516 ], [ 70.5608, 22.5437 ], [ 70.5522, 22.5518 ], [ 70.5526, 22.5742 ], [ 70.5649, 22.6029 ], [ 70.5815, 22.603 ], [ 70.5847, 22.6133 ], [ 70.6038, 22.6055 ], [ 70.6051, 22.5836 ], [ 70.6285, 22.5809 ], [ 70.6319, 22.5758 ], [ 70.6407, 22.5805 ], [ 70.64, 22.5663 ], [ 70.6283, 22.5568 ], [ 70.6314, 22.5532 ], [ 70.6192, 22.5326 ], [ 70.6252, 22.5102 ], [ 70.6441, 22.5165 ], [ 70.6429, 22.5075 ], [ 70.6515, 22.5012 ], [ 70.6591, 22.5028 ], [ 70.6549, 22.4914 ], [ 70.6603, 22.4919 ], [ 70.6673, 22.4795 ], [ 70.6666, 22.4731 ], [ 70.6569, 22.4744 ], [ 70.6801, 22.461 ], [ 70.6833, 22.4492 ], [ 70.698, 22.469 ], [ 70.6863, 22.4832 ], [ 70.7047, 22.4851 ], [ 70.704, 22.4709 ], [ 70.7279, 22.4623 ], [ 70.7394, 22.4801 ], [ 70.7544, 22.4834 ], [ 70.7549, 22.492 ], [ 70.7816, 22.5013 ], [ 70.783, 22.4922 ], [ 70.8003, 22.4745 ], [ 70.8123, 22.477 ], [ 70.8144, 22.4829 ], [ 70.8218, 22.4703 ], [ 70.8361, 22.4711 ], [ 70.8482, 22.4601 ], [ 70.8719, 22.4596 ], [ 70.8915, 22.4429 ], [ 70.9284, 22.441 ], [ 70.9362, 22.4275 ], [ 70.9488, 22.4287 ], [ 70.9724, 22.4191 ], [ 70.9915, 22.4017 ], [ 71.0127, 22.412 ], [ 71.0339, 22.3952 ], [ 71.0413, 22.3859 ], [ 71.0267, 22.3771 ], [ 71.0184, 22.378 ], [ 71.0191, 22.3656 ], [ 71.0126, 22.3584 ], [ 71.0213, 22.3298 ], [ 71.0648, 22.3075 ], [ 71.057, 22.2789 ], [ 71.0725, 22.2725 ], [ 71.0819, 22.2553 ], [ 71.1156, 22.2548 ], [ 71.1081, 22.2458 ], [ 71.1204, 22.2212 ], [ 71.1424, 22.1918 ], [ 71.1628, 22.1856 ], [ 71.1591, 22.165 ], [ 71.127, 22.1496 ], [ 71.1182, 22.1348 ], [ 71.125, 22.1245 ], [ 71.1442, 22.1241 ], [ 71.1473, 22.1326 ], [ 71.1773, 22.1436 ], [ 71.1756, 22.1585 ], [ 71.197, 22.1639 ], [ 71.1923, 22.1746 ], [ 71.2175, 22.1867 ], [ 71.2335, 22.1634 ], [ 71.2496, 22.1691 ], [ 71.2776, 22.1593 ], [ 71.297, 22.1679 ], [ 71.3029, 22.1846 ], [ 71.2817, 22.2178 ], [ 71.2694, 22.2137 ], [ 71.2525, 22.2216 ], [ 71.2174, 22.2198 ], [ 71.2213, 22.2275 ], [ 71.2139, 22.2425 ], [ 71.2329, 22.252 ], [ 71.2348, 22.276 ], [ 71.2861, 22.2685 ], [ 71.2825, 22.2643 ], [ 71.288, 22.2543 ], [ 71.3037, 22.2507 ], [ 71.3105, 22.28 ], [ 71.3275, 22.2756 ], [ 71.3467, 22.2589 ], [ 71.3613, 22.2684 ], [ 71.3663, 22.2915 ], [ 71.3726, 22.2924 ], [ 71.3689, 22.2807 ], [ 71.3749, 22.2749 ], [ 71.3919, 22.2779 ], [ 71.3915, 22.2254 ], [ 71.3969, 22.2229 ], [ 71.429, 22.2357 ], [ 71.4361, 22.2608 ], [ 71.4516, 22.2518 ], [ 71.4607, 22.256 ], [ 71.4616, 22.2305 ], [ 71.4349, 22.2192 ], [ 71.4335, 22.2081 ], [ 71.4491, 22.2107 ], [ 71.4505, 22.2031 ], [ 71.472, 22.1936 ], [ 71.4777, 22.1856 ], [ 71.4859, 22.187 ], [ 71.4764, 22.1387 ], [ 71.494, 22.1355 ], [ 71.5092, 22.1119 ], [ 71.5001, 22.1033 ], [ 71.5005, 22.0541 ], [ 71.4881, 22.0553 ], [ 71.49, 22.0475 ], [ 71.4592, 22.0321 ], [ 71.4664, 22.0066 ], [ 71.4626, 22.0022 ], [ 71.4262, 21.9967 ], [ 71.4232, 21.9905 ], [ 71.3926, 21.9806 ], [ 71.3818, 21.9891 ], [ 71.3448, 21.9821 ], [ 71.3409, 22.0037 ], [ 71.334, 22.0034 ], [ 71.3306, 22.0314 ], [ 71.3034, 22.0413 ], [ 71.2999, 22.0318 ], [ 71.278, 22.0189 ], [ 71.2993, 21.9758 ], [ 71.2888, 21.9704 ], [ 71.2941, 21.9625 ], [ 71.2617, 21.9576 ], [ 71.2612, 21.9663 ], [ 71.2532, 21.9717 ], [ 71.258, 22.002 ], [ 71.2517, 22.0108 ], [ 71.2299, 22.0058 ], [ 71.1883, 22.0114 ], [ 71.199, 22.0015 ], [ 71.2011, 21.9712 ], [ 71.1799, 21.9647 ], [ 71.1791, 21.9595 ], [ 71.1635, 21.9628 ], [ 71.1619, 21.9564 ], [ 71.1496, 21.9538 ], [ 71.1479, 21.945 ], [ 71.1388, 21.95 ], [ 71.1286, 21.9471 ], [ 71.1172, 21.9198 ], [ 71.0676, 21.9105 ], [ 71.0561, 21.9042 ], [ 71.0634, 21.8857 ], [ 71.0493, 21.8768 ], [ 71.0305, 21.8743 ], [ 71.0576, 21.8485 ], [ 71.1053, 21.871 ], [ 71.1095, 21.8513 ], [ 71.1038, 21.8417 ], [ 71.0895, 21.8368 ], [ 71.0852, 21.8223 ], [ 71.0706, 21.828 ], [ 71.0476, 21.8243 ], [ 71.0399, 21.8064 ], [ 71.0521, 21.7913 ], [ 71.0416, 21.769 ], [ 71.0473, 21.7559 ], [ 71.0299, 21.7394 ], [ 70.9782, 21.7261 ], [ 70.9647, 21.75 ], [ 70.9524, 21.7431 ], [ 70.9304, 21.7468 ], [ 70.9212, 21.7633 ], [ 70.8977, 21.7698 ], [ 70.8872, 21.7478 ], [ 70.8894, 21.7378 ], [ 70.8797, 21.7322 ], [ 70.8737, 21.7406 ], [ 70.8497, 21.7367 ], [ 70.8357, 21.7446 ], [ 70.8149, 21.7437 ], [ 70.8184, 21.7315 ], [ 70.8007, 21.7416 ], [ 70.7781, 21.7304 ], [ 70.7862, 21.7197 ], [ 70.7676, 21.7098 ], [ 70.7753, 21.7003 ], [ 70.7954, 21.7142 ], [ 70.8084, 21.712 ], [ 70.7957, 21.6973 ], [ 70.7966, 21.6692 ], [ 70.7775, 21.6625 ], [ 70.7716, 21.6722 ], [ 70.7562, 21.6768 ], [ 70.7358, 21.6657 ], [ 70.742, 21.6451 ], [ 70.7275, 21.6347 ], [ 70.7241, 21.611 ], [ 70.697, 21.6053 ], [ 70.6828, 21.628 ], [ 70.6858, 21.6347 ], [ 70.6747, 21.6433 ], [ 70.643, 21.6524 ], [ 70.6344, 21.635 ], [ 70.6085, 21.621 ], [ 70.6009, 21.63 ], [ 70.5804, 21.6331 ], [ 70.5683, 21.6311 ], [ 70.5672, 21.6209 ], [ 70.5564, 21.6218 ], [ 70.5446, 21.6455 ], [ 70.5537, 21.6477 ], [ 70.5526, 21.6725 ], [ 70.5428, 21.6754 ], [ 70.5062, 21.6665 ] ], [ [ 70.7658, 21.7963 ], [ 70.7593, 21.7663 ], [ 70.7664, 21.7493 ], [ 70.7892, 21.7587 ], [ 70.7935, 21.7701 ], [ 70.8015, 21.7736 ], [ 70.7863, 21.7815 ], [ 70.789, 21.7859 ], [ 70.7751, 21.8024 ], [ 70.7658, 21.7963 ] ], [ [ 70.5108, 22.4598 ], [ 70.529, 22.4355 ], [ 70.5342, 22.4356 ], [ 70.5379, 22.4381 ], [ 70.5201, 22.4623 ], [ 70.5108, 22.4598 ] ], [ [ 70.5196, 22.4018 ], [ 70.5055, 22.3926 ], [ 70.5147, 22.3853 ], [ 70.5303, 22.3876 ], [ 70.537, 22.4023 ], [ 70.5349, 22.4183 ], [ 70.5232, 22.4195 ], [ 70.5242, 22.4144 ], [ 70.5167, 22.4114 ], [ 70.5196, 22.4018 ] ] ], [ [ [ 70.4612, 22.3512 ], [ 70.4662, 22.3328 ], [ 70.4488, 22.3281 ], [ 70.4403, 22.3569 ], [ 70.4093, 22.3616 ], [ 70.4043, 22.4083 ], [ 70.4382, 22.4163 ], [ 70.4509, 22.3936 ], [ 70.4321, 22.3869 ], [ 70.423, 22.3717 ], [ 70.4612, 22.3512 ] ] ] ] } },
{ "type": "Feature", "properties": { "district": "Sabar Kantha", "did": "gujarat:Sabar Kantha", "state_key": "gujarat" }, "geometry": { "type": "Polygon", "coordinates": [ [ [ 73.1554, 23.4759 ], [ 73.1385, 23.4816 ], [ 73.1203, 23.4664 ], [ 73.125, 23.4632 ], [ 73.117, 23.4534 ], [ 73.127, 23.4415 ], [ 73.1226, 23.4167 ], [ 73.1407, 23.4229 ], [ 73.144, 23.4142 ], [ 73.1248, 23.4144 ], [ 73.1353, 23.3959 ], [ 73.131, 23.3791 ], [ 73.1146, 23.3713 ], [ 73.0922, 23.3757 ], [ 73.0929, 23.3842 ], [ 73.0732, 23.3729 ], [ 73.0874, 23.3674 ], [ 73.0859, 23.3579 ], [ 73.1029, 23.3485 ], [ 73.1033, 23.3248 ], [ 73.0864, 23.3148 ], [ 73.0785, 23.2935 ], [ 73.0905, 23.2742 ], [ 73.0668, 23.2579 ], [ 73.0506, 23.2715 ], [ 73.0559, 23.2758 ], [ 73.0536, 23.2853 ], [ 73.0227, 23.275 ], [ 72.9949, 23.2903 ], [ 72.9871, 23.2825 ], [ 72.9601, 23.2808 ], [ 72.9587, 23.2754 ], [ 72.9658, 23.2759 ], [ 72.9784, 23.264 ], [ 72.9702, 23.2652 ], [ 72.9693, 23.2558 ], [ 72.9598, 23.2592 ], [ 72.9598, 23.2414 ], [ 72.9479, 23.2526 ], [ 72.9445, 23.2415 ], [ 72.9361, 23.2391 ], [ 72.919, 23.2638 ], [ 72.9204, 23.291 ], [ 72.8988, 23.2811 ], [ 72.8837, 23.2884 ], [ 72.8844, 23.2933 ], [ 72.9142, 23.2967 ], [ 72.9162, 23.3222 ], [ 72.8943, 23.3248 ], [ 72.8843, 23.3224 ], [ 72.8832, 23.313 ], [ 72.865, 23.3135 ], [ 72.8338, 23.3315 ], [ 72.8014, 23.3188 ], [ 72.7969, 23.3315 ], [ 72.8046, 23.3341 ], [ 72.8078, 23.3559 ], [ 72.765, 23.3547 ], [ 72.7645, 23.3674 ], [ 72.7466, 23.3746 ], [ 72.7527, 23.3872 ], [ 72.7398, 23.3932 ], [ 72.7235, 23.3886 ], [ 72.7341, 23.4033 ], [ 72.7599, 23.4073 ], [ 72.7717, 23.4152 ], [ 72.7926, 23.4048 ], [ 72.8021, 23.4059 ], [ 72.7935, 23.4267 ], [ 72.8072, 23.4406 ], [ 72.8194, 23.4696 ], [ 72.7979, 23.5029 ], [ 72.8028, 23.5075 ], [ 72.825, 23.5008 ], [ 72.8338, 23.5184 ], [ 72.8234, 23.5229 ], [ 72.8328, 23.5353 ], [ 72.831, 23.546 ], [ 72.8061, 23.5703 ], [ 72.8105, 23.5896 ], [ 72.84, 23.6024 ], [ 72.8422, 23.6133 ], [ 72.8305, 23.6197 ], [ 72.8155, 23.6404 ], [ 72.8338, 23.6634 ], [ 72.834, 23.6736 ], [ 72.801, 23.7341 ], [ 72.7947, 23.7602 ], [ 72.8144, 23.798 ], [ 72.7886, 23.8269 ], [ 72.7907, 23.8512 ], [ 72.8039, 23.8758 ], [ 72.8048, 23.9152 ], [ 72.8305, 23.9315 ], [ 72.8184, 23.948 ], [ 72.8277, 23.9617 ], [ 72.8516, 23.9732 ], [ 72.857, 23.9899 ], [ 72.852, 24.0106 ], [ 72.8589, 24.0209 ], [ 72.8747, 24.0274 ], [ 72.8987, 24.0255 ], [ 72.9232, 24.0407 ], [ 72.9223, 24.0592 ], [ 72.9307, 24.0716 ], [ 72.9275, 24.0885 ], [ 72.9464, 24.1091 ], [ 72.9405, 24.1207 ], [ 72.9429, 24.1353 ], [ 72.9529, 24.1386 ], [ 72.9567, 24.159 ], [ 72.9918, 24.184 ], [ 72.9916, 24.2235 ], [ 73.0139, 24.2348 ], [ 73.028, 24.2737 ], [ 73.0226, 24.2816 ], [ 73.0135, 24.2785 ], [ 73.0015, 24.2891 ], [ 72.9967, 24.308 ], [ 72.9743, 24.3072 ], [ 72.962, 24.3217 ], [ 72.9665, 24.3487 ], [ 72.9595, 24.361 ], [ 72.9748, 24.3684 ], [ 72.9775, 24.3768 ], [ 72.9542, 24.3915 ], [ 72.9552, 24.4028 ], [ 72.9812, 24.4344 ], [ 72.9739, 24.4412 ], [ 72.9749, 24.4495 ], [ 72.968, 24.4509 ], [ 73.0004, 24.4836 ], [ 73.0066, 24.4757 ], [ 73.0038, 24.4664 ], [ 73.0352, 24.4638 ], [ 73.0866, 24.4981 ], [ 73.0959, 24.4901 ], [ 73.0911, 24.4751 ], [ 73.1018, 24.4708 ], [ 73.1028, 24.433 ], [ 73.0765, 24.3966 ], [ 73.0875, 24.3866 ], [ 73.1, 24.3904 ], [ 73.1119, 24.3734 ], [ 73.1526, 24.3538 ], [ 73.1714, 24.3554 ], [ 73.1992, 24.3765 ], [ 73.2193, 24.3639 ], [ 73.2063, 24.3513 ], [ 73.1986, 24.3319 ], [ 73.1885, 24.3336 ], [ 73.1817, 24.3433 ], [ 73.1763, 24.3379 ], [ 73.1692, 24.3003 ], [ 73.1409, 24.3111 ], [ 73.1354, 24.3084 ], [ 73.1254, 24.2734 ], [ 73.1071, 24.2639 ], [ 73.0954, 24.2493 ], [ 73.0879, 24.2338 ], [ 73.0971, 24.2311 ], [ 73.0922, 24.2233 ], [ 73.079, 24.2206 ], [ 73.0793, 24.2051 ], [ 73.0655, 24.1939 ], [ 73.0992, 24.1595 ], [ 73.1034, 24.1438 ], [ 73.1252, 24.1249 ], [ 73.1535, 24.1128 ], [ 73.1589, 24.0983 ], [ 73.2126, 24.0759 ], [ 73.1931, 24.041 ], [ 73.2294, 24.0221 ], [ 73.2428, 24.0023 ], [ 73.2653, 24.0203 ], [ 73.2831, 24.0189 ], [ 73.2974, 24.0435 ], [ 73.3174, 24.0532 ], [ 73.326, 24.077 ], [ 73.3221, 24.0968 ], [ 73.327, 24.1092 ], [ 73.339, 24.0984 ], [ 73.3478, 24.1064 ], [ 73.3618, 24.1049 ], [ 73.3609, 24.0813 ], [ 73.3862, 24.0647 ], [ 73.4025, 24.0443 ], [ 73.3985, 24.0375 ], [ 73.408, 24.0081 ], [ 73.3979, 23.9895 ], [ 73.415, 23.9858 ], [ 73.4132, 23.9392 ], [ 73.4208, 23.9308 ], [ 73.4065, 23.9165 ], [ 73.3907, 23.918 ], [ 73.3786, 23.9045 ], [ 73.3573, 23.9103 ], [ 73.343, 23.9003 ], [ 73.3422, 23.8836 ], [ 73.3252, 23.8888 ], [ 73.3126, 23.881 ], [ 73.3065, 23.8903 ], [ 73.2937, 23.8883 ], [ 73.287, 23.872 ], [ 73.3053, 23.8591 ], [ 73.2888, 23.8329 ], [ 73.2497, 23.8582 ], [ 73.2421, 23.8867 ], [ 73.227, 23.886 ], [ 73.2254, 23.8563 ], [ 73.2121, 23.8359 ], [ 73.2025, 23.8237 ], [ 73.1792, 23.8215 ], [ 73.169, 23.8097 ], [ 73.1773, 23.8071 ], [ 73.1801, 23.7922 ], [ 73.1943, 23.7917 ], [ 73.1844, 23.7772 ], [ 73.1703, 23.7764 ], [ 73.1553, 23.736 ], [ 73.1739, 23.7353 ], [ 73.1723, 23.7213 ], [ 73.1763, 23.7282 ], [ 73.1904, 23.7259 ], [ 73.1892, 23.7034 ], [ 73.1949, 23.6955 ], [ 73.2123, 23.6843 ], [ 73.2305, 23.6915 ], [ 73.2371, 23.685 ], [ 73.2335, 23.6672 ], [ 73.255, 23.6571 ], [ 73.2384, 23.6437 ], [ 73.25, 23.6294 ], [ 73.2453, 23.6233 ], [ 73.2421, 23.6333 ], [ 73.2293, 23.6336 ], [ 73.2266, 23.617 ], [ 73.2088, 23.6125 ], [ 73.207, 23.5896 ], [ 73.2017, 23.578 ], [ 73.193, 23.5749 ], [ 73.1961, 23.5544 ], [ 73.1791, 23.554 ], [ 73.1613, 23.5452 ], [ 73.1601, 23.5379 ], [ 73.1725, 23.5227 ], [ 73.1554, 23.4759 ] ], [ [ 73.1573, 23.4962 ], [ 73.1582, 23.4983 ], [ 73.1543, 23.4987 ], [ 73.1573, 23.4962 ] ] ] } },
{ "type": "Feature", "properties": { "district": "Surat", "did": "gujarat:Surat", "state_key": "gujarat" }, "geometry": { "type": "Polygon", "coordinates": [ [ [ 73.0085, 21.0223 ], [ 73.0071, 21.0333 ], [ 73.0135, 21.0362 ], [ 73.0185, 21.0579 ], [ 72.9937, 21.0794 ], [ 72.9899, 21.0749 ], [ 72.9957, 21.0721 ], [ 72.9953, 21.0598 ], [ 72.9773, 21.0652 ], [ 72.9645, 21.0581 ], [ 72.9697, 21.0688 ], [ 72.962, 21.0741 ], [ 72.9625, 21.0658 ], [ 72.9522, 21.0695 ], [ 72.9456, 21.0592 ], [ 72.9264, 21.0518 ], [ 72.9282, 21.0425 ], [ 72.908, 21.0417 ], [ 72.892, 21.0622 ], [ 72.888, 21.0479 ], [ 72.8812, 21.0553 ], [ 72.871, 21.0562 ], [ 72.8711, 21.0492 ], [ 72.8567, 21.0499 ], [ 72.8608, 21.0374 ], [ 72.8528, 21.0375 ], [ 72.8451, 21.047 ], [ 72.8358, 21.0342 ], [ 72.8312, 21.0555 ], [ 72.8266, 21.0593 ], [ 72.8141, 21.0557 ], [ 72.7929, 21.0736 ], [ 72.7751, 21.0622 ], [ 72.7532, 21.0627 ], [ 72.7362, 21.0766 ], [ 72.7084, 21.0807 ], [ 72.7025, 21.0962 ], [ 72.6955, 21.0952 ], [ 72.6956, 21.0848 ], [ 72.6848, 21.083 ], [ 72.6863, 21.0939 ], [ 72.6699, 21.1059 ], [ 72.6698, 21.115 ], [ 72.6448, 21.0861 ], [ 72.6354, 21.0846 ], [ 72.6232, 21.0931 ], [ 72.6191, 21.1146 ], [ 72.6381, 21.2111 ], [ 72.6521, 21.2147 ], [ 72.6574, 21.2247 ], [ 72.6452, 21.2252 ], [ 72.6223, 21.2426 ], [ 72.6093, 21.2689 ], [ 72.6105, 21.2808 ], [ 72.6003, 21.2899 ], [ 72.6012, 21.3886 ], [ 72.6414, 21.4121 ], [ 72.6652, 21.4363 ], [ 72.6811, 21.4413 ], [ 72.6949, 21.4629 ], [ 72.7353, 21.4748 ], [ 72.7504, 21.4669 ], [ 72.752, 21.4547 ], [ 72.7611, 21.4487 ], [ 72.7848, 21.4595 ], [ 72.7883, 21.4463 ], [ 72.7831, 21.4285 ], [ 72.7894, 21.4213 ], [ 72.8232, 21.4262 ], [ 72.8371, 21.4486 ], [ 72.8508, 21.4535 ], [ 72.8679, 21.4441 ], [ 72.871, 21.456 ], [ 72.8778, 21.4464 ], [ 72.8681, 21.4335 ], [ 72.8875, 21.4449 ], [ 72.8937, 21.4334 ], [ 72.9068, 21.43 ], [ 72.9216, 21.4527 ], [ 72.9233, 21.4694 ], [ 72.9529, 21.484 ], [ 72.9413, 21.5125 ], [ 72.9838, 21.5228 ], [ 72.9863, 21.5414 ], [ 72.9958, 21.5418 ], [ 73.0079, 21.524 ], [ 73.0207, 21.5212 ], [ 73.0166, 21.4989 ], [ 73.0261, 21.4827 ], [ 73.0367, 21.4848 ], [ 73.0422, 21.4771 ], [ 73.0547, 21.4842 ], [ 73.0562, 21.5029 ], [ 73.0366, 21.5334 ], [ 73.0484, 21.5421 ], [ 73.0469, 21.5634 ], [ 73.0551, 21.5693 ], [ 73.0681, 21.5638 ], [ 73.0755, 21.5517 ], [ 73.0778, 21.5054 ], [ 73.1034, 21.508 ], [ 73.1012, 21.5001 ], [ 73.1157, 21.4981 ], [ 73.1194, 21.4837 ], [ 73.1414, 21.4982 ], [ 73.1716, 21.4953 ], [ 73.1887, 21.5068 ], [ 73.2156, 21.5048 ], [ 73.2341, 21.4939 ], [ 73.2502, 21.4939 ], [ 73.2576, 21.4979 ], [ 73.2565, 21.5038 ], [ 73.2726, 21.5109 ], [ 73.3093, 21.5079 ], [ 73.3065, 21.5017 ], [ 73.3244, 21.4855 ], [ 73.3399, 21.5022 ], [ 73.346, 21.5221 ], [ 73.3769, 21.5194 ], [ 73.399, 21.5088 ], [ 73.4124, 21.5113 ], [ 73.4159, 21.5209 ], [ 73.4528, 21.528 ], [ 73.4653, 21.5199 ], [ 73.4683, 21.5083 ], [ 73.488, 21.5154 ], [ 73.4861, 21.4945 ], [ 73.4945, 21.4856 ], [ 73.5107, 21.4874 ], [ 73.5279, 21.4794 ], [ 73.5481, 21.4803 ], [ 73.555, 21.4745 ], [ 73.5973, 21.4848 ], [ 73.6069, 21.4725 ], [ 73.6287, 21.4729 ], [ 73.6495, 21.4806 ], [ 73.6763, 21.4728 ], [ 73.6953, 21.4285 ], [ 73.6925, 21.402 ], [ 73.6991, 21.3964 ], [ 73.6644, 21.3825 ], [ 73.6133, 21.3785 ], [ 73.6088, 21.3704 ], [ 73.5938, 21.3706 ], [ 73.5897, 21.3657 ], [ 73.5798, 21.3695 ], [ 73.5455, 21.3637 ], [ 73.5348, 21.3687 ], [ 73.5256, 21.3649 ], [ 73.5248, 21.3502 ], [ 73.5118, 21.3574 ], [ 73.5101, 21.3787 ], [ 73.4548, 21.3839 ], [ 73.4323, 21.3139 ], [ 73.4395, 21.3154 ], [ 73.4475, 21.3076 ], [ 73.4483, 21.2775 ], [ 73.4422, 21.2678 ], [ 73.4124, 21.2781 ], [ 73.365, 21.269 ], [ 73.377, 21.2411 ], [ 73.3751, 21.2253 ], [ 73.3635, 21.2165 ], [ 73.3341, 21.2168 ], [ 73.3083, 21.1998 ], [ 73.2886, 21.1966 ], [ 73.2831, 21.1843 ], [ 73.2848, 21.1565 ], [ 73.2707, 21.1474 ], [ 73.2693, 21.1317 ], [ 73.2603, 21.1327 ], [ 73.2539, 21.1221 ], [ 73.2471, 21.1286 ], [ 73.2233, 21.1339 ], [ 73.2272, 21.1174 ], [ 73.2471, 21.1146 ], [ 73.2531, 21.0929 ], [ 73.247, 21.0885 ], [ 73.2276, 21.0922 ], [ 73.2232, 21.0792 ], [ 73.1985, 21.0776 ], [ 73.1999, 21.0583 ], [ 73.2098, 21.0515 ], [ 73.2123, 21.0387 ], [ 73.2013, 21.028 ], [ 73.2044, 21.0192 ], [ 73.2138, 21.0111 ], [ 73.2263, 21.0098 ], [ 73.2405, 20.9914 ], [ 73.2098, 20.9575 ], [ 73.2553, 20.9476 ], [ 73.2602, 20.9225 ], [ 73.2884, 20.9324 ], [ 73.2946, 20.9183 ], [ 73.3156, 20.9023 ], [ 73.3167, 20.8799 ], [ 73.3066, 20.8783 ], [ 73.3018, 20.8542 ], [ 73.3129, 20.8415 ], [ 73.3028, 20.837 ], [ 73.3008, 20.8173 ], [ 73.2535, 20.8199 ], [ 73.244, 20.8326 ], [ 73.2475, 20.8485 ], [ 73.2122, 20.8615 ], [ 73.1956, 20.8598 ], [ 73.1851, 20.889 ], [ 73.1662, 20.9028 ], [ 73.1401, 20.9055 ], [ 73.1349, 20.8977 ], [ 73.1257, 20.8976 ], [ 73.1255, 20.9229 ], [ 73.0987, 20.9304 ], [ 73.0903, 20.9407 ], [ 73.0884, 20.967 ], [ 73.0829, 20.9661 ], [ 73.0739, 20.9772 ], [ 73.0652, 20.9747 ], [ 73.0635, 20.9838 ], [ 73.0388, 21.0066 ], [ 73.0308, 21.0076 ], [ 73.0247, 21.0203 ], [ 73.0085, 21.0223 ] ] ] } },
{ "type": "Feature", "properties": { "district": "Surendranagar", "did": "gujarat:Surendranagar", "state_key": "gujarat" }, "geometry": { "type": "MultiPolygon", "coordinates": [ [ [ [ 71.3037, 22.2507 ], [ 71.288, 22.2543 ], [ 71.2825, 22.2643 ], [ 71.2861, 22.2685 ], [ 71.2348, 22.276 ], [ 71.2329, 22.252 ], [ 71.2137, 22.2416 ], [ 71.2213, 22.2275 ], [ 71.2174, 22.2198 ], [ 71.2525, 22.2216 ], [ 71.2694, 22.2137 ], [ 71.2817, 22.2178 ], [ 71.3029, 22.1846 ], [ 71.2915, 22.1624 ], [ 71.2729, 22.1597 ], [ 71.2496, 22.1691 ], [ 71.2323, 22.1637 ], [ 71.2175, 22.1867 ], [ 71.1923, 22.1746 ], [ 71.197, 22.1639 ], [ 71.1756, 22.1585 ], [ 71.1773, 22.1436 ], [ 71.1473, 22.1326 ], [ 71.1442, 22.1241 ], [ 71.125, 22.1245 ], [ 71.1182, 22.1348 ], [ 71.127, 22.1496 ], [ 71.1591, 22.165 ], [ 71.1628, 22.1856 ], [ 71.1424, 22.1918 ], [ 71.1204, 22.2212 ], [ 71.1081, 22.2458 ], [ 71.1156, 22.2548 ], [ 71.0819, 22.2553 ], [ 71.0725, 22.2725 ], [ 71.057, 22.2789 ], [ 71.0648, 22.3075 ], [ 71.0213, 22.3298 ], [ 71.0126, 22.3582 ], [ 71.0191, 22.3656 ], [ 71.0184, 22.378 ], [ 71.0316, 22.3794 ], [ 71.0407, 22.3885 ], [ 71.0127, 22.412 ], [ 70.9915, 22.4017 ], [ 70.9808, 22.4149 ], [ 71.0242, 22.4404 ], [ 71.0378, 22.441 ], [ 71.0496, 22.4345 ], [ 71.0581, 22.4373 ], [ 71.0722, 22.423 ], [ 71.0764, 22.4046 ], [ 71.0872, 22.3972 ], [ 71.0944, 22.3994 ], [ 71.1005, 22.4324 ], [ 71.1262, 22.4377 ], [ 71.1173, 22.4513 ], [ 71.1311, 22.4609 ], [ 71.1303, 22.4809 ], [ 71.1455, 22.4781 ], [ 71.1643, 22.4843 ], [ 71.1639, 22.5045 ], [ 71.1442, 22.5248 ], [ 71.1343, 22.5459 ], [ 71.1158, 22.5476 ], [ 71.1005, 22.5122 ], [ 71.0617, 22.5375 ], [ 71.0727, 22.5436 ], [ 71.0757, 22.5569 ], [ 71.0944, 22.5634 ], [ 71.1022, 22.5832 ], [ 71.0932, 22.5899 ], [ 71.0934, 22.6062 ], [ 71.1027, 22.6027 ], [ 71.0967, 22.6185 ], [ 71.1019, 22.6309 ], [ 71.1099, 22.6424 ], [ 71.1294, 22.635 ], [ 71.128, 22.6526 ], [ 71.1626, 22.6839 ], [ 71.1638, 22.7026 ], [ 71.1479, 22.7126 ], [ 71.1258, 22.7426 ], [ 71.1229, 22.7568 ], [ 71.133, 22.762 ], [ 71.1251, 22.7979 ], [ 71.0995, 22.8232 ], [ 71.1451, 22.8275 ], [ 71.139, 22.8624 ], [ 71.1614, 22.8616 ], [ 71.1837, 22.8259 ], [ 71.2071, 22.8305 ], [ 71.2274, 22.8223 ], [ 71.2547, 22.8372 ], [ 71.2452, 22.8628 ], [ 71.2624, 22.8723 ], [ 71.2706, 22.9059 ], [ 71.2922, 22.9191 ], [ 71.2898, 22.934 ], [ 71.3028, 22.9478 ], [ 71.2936, 22.9739 ], [ 71.3165, 22.9873 ], [ 71.3147, 23.014 ], [ 71.2955, 23.0185 ], [ 71.294, 23.0304 ], [ 71.3023, 23.0449 ], [ 71.2918, 23.068 ], [ 71.2976, 23.0751 ], [ 71.3061, 23.0751 ], [ 71.307, 23.0825 ], [ 71.34, 23.0923 ], [ 71.3475, 23.0984 ], [ 71.3427, 23.1152 ], [ 71.3596, 23.1209 ], [ 71.3532, 23.1335 ], [ 71.3456, 23.1359 ], [ 71.3353, 23.1334 ], [ 71.3373, 23.1261 ], [ 71.3067, 23.1141 ], [ 71.2762, 23.1183 ], [ 71.27, 23.1555 ], [ 71.2859, 23.1499 ], [ 71.2797, 23.1676 ], [ 71.2841, 23.1695 ], [ 71.2871, 23.1639 ], [ 71.2912, 23.1753 ], [ 71.3005, 23.1799 ], [ 71.3026, 23.1688 ], [ 71.3121, 23.1663 ], [ 71.3198, 23.1862 ], [ 71.3255, 23.1734 ], [ 71.3333, 23.1715 ], [ 71.332, 23.1612 ], [ 71.3407, 23.1626 ], [ 71.35, 23.1745 ], [ 71.3605, 23.173 ], [ 71.3653, 23.1594 ], [ 71.3892, 23.1538 ], [ 71.3867, 23.1469 ], [ 71.3962, 23.1532 ], [ 71.4248, 23.1418 ], [ 71.4296, 23.1472 ], [ 71.4447, 23.1462 ], [ 71.4504, 23.1329 ], [ 71.4538, 23.139 ], [ 71.4672, 23.1397 ], [ 71.4755, 23.1466 ], [ 71.5033, 23.1499 ], [ 71.5067, 23.1554 ], [ 71.5126, 23.1506 ], [ 71.5156, 23.1585 ], [ 71.5207, 23.1535 ], [ 71.5389, 23.1551 ], [ 71.5507, 23.1403 ], [ 71.5694, 23.1421 ], [ 71.5737, 23.133 ], [ 71.5942, 23.1325 ], [ 71.6013, 23.1439 ], [ 71.6059, 23.1349 ], [ 71.6105, 23.1447 ], [ 71.613, 23.1397 ], [ 71.6407, 23.1443 ], [ 71.6619, 23.1385 ], [ 71.6696, 23.1431 ], [ 71.6723, 23.1347 ], [ 71.6893, 23.1312 ], [ 71.69, 23.1247 ], [ 71.7083, 23.1156 ], [ 71.7103, 23.0953 ], [ 71.7198, 23.0908 ], [ 71.7224, 23.1036 ], [ 71.7359, 23.1195 ], [ 71.7495, 23.1221 ], [ 71.7612, 23.1172 ], [ 71.7449, 23.1359 ], [ 71.7593, 23.1426 ], [ 71.7624, 23.1577 ], [ 71.7502, 23.1677 ], [ 71.7485, 23.1781 ], [ 71.7323, 23.1771 ], [ 71.7239, 23.1652 ], [ 71.7028, 23.1726 ], [ 71.7064, 23.1851 ], [ 71.7206, 23.1987 ], [ 71.709, 23.2009 ], [ 71.6893, 23.1819 ], [ 71.683, 23.1845 ], [ 71.6768, 23.2021 ], [ 71.6575, 23.2076 ], [ 71.6706, 23.2264 ], [ 71.6536, 23.2324 ], [ 71.6536, 23.2368 ], [ 71.6928, 23.242 ], [ 71.6966, 23.2515 ], [ 71.6867, 23.2494 ], [ 71.6778, 23.258 ], [ 71.6596, 23.2601 ], [ 71.6603, 23.2745 ], [ 71.6758, 23.2748 ], [ 71.6746, 23.2932 ], [ 71.6713, 23.2881 ], [ 71.6592, 23.2905 ], [ 71.6467, 23.2788 ], [ 71.6291, 23.2915 ], [ 71.6514, 23.3185 ], [ 71.6467, 23.3318 ], [ 71.6294, 23.3487 ], [ 71.616, 23.3546 ], [ 71.6034, 23.3514 ], [ 71.5878, 23.3553 ], [ 71.5836, 23.3631 ], [ 71.5616, 23.3524 ], [ 71.5668, 23.3618 ], [ 71.5857, 23.3651 ], [ 71.6008, 23.3751 ], [ 71.5944, 23.3777 ], [ 71.5834, 23.369 ], [ 71.5638, 23.3729 ], [ 71.5722, 23.3905 ], [ 71.5892, 23.3972 ], [ 71.581, 23.4003 ], [ 71.5818, 23.4056 ], [ 71.6028, 23.4237 ], [ 71.57, 23.4116 ], [ 71.5612, 23.4404 ], [ 71.5479, 23.4559 ], [ 71.5321, 23.461 ], [ 71.5337, 23.4789 ], [ 71.5647, 23.4956 ], [ 71.5816, 23.4915 ], [ 71.5982, 23.502 ], [ 71.5996, 23.4978 ], [ 71.6136, 23.5013 ], [ 71.6664, 23.4847 ], [ 71.6918, 23.4878 ], [ 71.7023, 23.4812 ], [ 71.7305, 23.4907 ], [ 71.7264, 23.4682 ], [ 71.7434, 23.4674 ], [ 71.7451, 23.474 ], [ 71.7582, 23.4663 ], [ 71.7717, 23.468 ], [ 71.7778, 23.4546 ], [ 71.7694, 23.4352 ], [ 71.7622, 23.4325 ], [ 71.758, 23.4153 ], [ 71.762, 23.4029 ], [ 71.7916, 23.392 ], [ 71.8027, 23.3941 ], [ 71.8377, 23.4194 ], [ 71.8498, 23.4355 ], [ 71.8513, 23.4567 ], [ 71.8642, 23.4726 ], [ 71.887, 23.4855 ], [ 71.9021, 23.4849 ], [ 71.9012, 23.4907 ], [ 71.9049, 23.4871 ], [ 71.9082, 23.4939 ], [ 71.9288, 23.4923 ], [ 71.9424, 23.5 ], [ 71.943, 23.5183 ], [ 71.9688, 23.5267 ], [ 71.9794, 23.5197 ], [ 71.9806, 23.5023 ], [ 71.9984, 23.4989 ], [ 71.993, 23.4847 ], [ 71.9635, 23.4618 ], [ 71.9704, 23.4311 ], [ 71.9635, 23.3977 ], [ 71.9559, 23.3875 ], [ 71.9283, 23.3898 ], [ 71.903, 23.3808 ], [ 71.8879, 23.3908 ], [ 71.8705, 23.3818 ], [ 71.8944, 23.3294 ], [ 71.88, 23.3216 ], [ 71.8762, 23.3098 ], [ 71.884, 23.3024 ], [ 71.8726, 23.2793 ], [ 71.8797, 23.2537 ], [ 71.87, 23.2185 ], [ 71.897, 23.2191 ], [ 71.9025, 23.2561 ], [ 71.9197, 23.2641 ], [ 71.9336, 23.2616 ], [ 71.9432, 23.237 ], [ 71.9613, 23.2404 ], [ 71.97, 23.2503 ], [ 71.9907, 23.2504 ], [ 71.997, 23.2457 ], [ 71.9883, 23.2094 ], [ 71.9671, 23.2094 ], [ 71.9545, 23.2002 ], [ 71.9497, 23.2041 ], [ 71.9313, 23.1912 ], [ 71.9279, 23.1805 ], [ 71.9061, 23.1762 ], [ 71.8993, 23.1044 ], [ 71.9188, 23.0661 ], [ 71.932, 23.0598 ], [ 71.9455, 23.063 ], [ 71.9513, 23.0476 ], [ 71.9461, 23.0353 ], [ 71.9548, 23.0278 ], [ 71.9621, 23.0286 ], [ 71.9608, 23.0471 ], [ 71.9734, 23.0586 ], [ 72.0155, 23.0581 ], [ 72.0217, 23.0184 ], [ 72.0104, 23.012 ], [ 72.0088, 23.0017 ], [ 72.0113, 22.9931 ], [ 72.0208, 22.9922 ], [ 71.9957, 22.9519 ], [ 71.994, 22.9379 ], [ 72.0053, 22.9245 ], [ 72.0024, 22.8971 ], [ 71.9898, 22.8813 ], [ 71.9903, 22.8602 ], [ 72.0136, 22.8182 ], [ 72.028, 22.8286 ], [ 72.0344, 22.86 ], [ 72.0345, 22.8396 ], [ 72.0418, 22.8267 ], [ 72.0356, 22.8098 ], [ 72.0572, 22.7967 ], [ 72.0471, 22.7685 ], [ 72.0557, 22.7706 ], [ 72.0544, 22.7597 ], [ 72.0625, 22.7569 ], [ 72.054, 22.7507 ], [ 72.0698, 22.734 ], [ 72.1081, 22.7212 ], [ 72.094, 22.6756 ], [ 72.0677, 22.6751 ], [ 72.0573, 22.6941 ], [ 72.023, 22.6802 ], [ 72.0614, 22.6537 ], [ 72.0636, 22.6221 ], [ 72.0883, 22.6239 ], [ 72.0864, 22.6106 ], [ 72.1502, 22.584 ], [ 72.1847, 22.554 ], [ 72.1894, 22.5424 ], [ 72.1726, 22.537 ], [ 72.1453, 22.5171 ], [ 72.1527, 22.5013 ], [ 72.148, 22.4958 ], [ 72.164, 22.4797 ], [ 72.1571, 22.4811 ], [ 72.1206, 22.4614 ], [ 72.0901, 22.4359 ], [ 72.0531, 22.4431 ], [ 72.0509, 22.4758 ], [ 72.0455, 22.4747 ], [ 72.039, 22.4834 ], [ 72.0333, 22.5068 ], [ 72.0157, 22.5126 ], [ 71.967, 22.5156 ], [ 71.9708, 22.5387 ], [ 71.9415, 22.5486 ], [ 71.926, 22.5294 ], [ 71.9135, 22.5265 ], [ 71.9185, 22.51 ], [ 71.9276, 22.5094 ], [ 71.9314, 22.503 ], [ 71.9193, 22.5018 ], [ 71.9167, 22.4825 ], [ 71.9367, 22.4798 ], [ 71.9416, 22.4871 ], [ 71.9674, 22.4927 ], [ 71.9723, 22.4727 ], [ 71.9422, 22.4636 ], [ 71.934, 22.4534 ], [ 71.9444, 22.4051 ], [ 71.9411, 22.381 ], [ 71.9281, 22.3879 ], [ 71.9211, 22.3806 ], [ 71.9176, 22.4006 ], [ 71.9021, 22.4239 ], [ 71.892, 22.4225 ], [ 71.8823, 22.4069 ], [ 71.8606, 22.3963 ], [ 71.8629, 22.3714 ], [ 71.8525, 22.3686 ], [ 71.8449, 22.3579 ], [ 71.8317, 22.3608 ], [ 71.8368, 22.3965 ], [ 71.7996, 22.3926 ], [ 71.7963, 22.3962 ], [ 71.7891, 22.3892 ], [ 71.793, 22.3638 ], [ 71.7547, 22.3612 ], [ 71.7413, 22.3637 ], [ 71.7355, 22.3825 ], [ 71.7209, 22.3823 ], [ 71.7115, 22.3993 ], [ 71.674, 22.3845 ], [ 71.6497, 22.4025 ], [ 71.6357, 22.3805 ], [ 71.6263, 22.383 ], [ 71.6299, 22.344 ], [ 71.6018, 22.3399 ], [ 71.6015, 22.3514 ], [ 71.5921, 22.3546 ], [ 71.5922, 22.3475 ], [ 71.5824, 22.3474 ], [ 71.5885, 22.3333 ], [ 71.5788, 22.3201 ], [ 71.5691, 22.3226 ], [ 71.5651, 22.342 ], [ 71.5303, 22.3432 ], [ 71.4954, 22.304 ], [ 71.4458, 22.2894 ], [ 71.4468, 22.2755 ], [ 71.429, 22.2357 ], [ 71.4007, 22.2229 ], [ 71.3915, 22.2254 ], [ 71.3919, 22.2779 ], [ 71.3749, 22.2749 ], [ 71.3689, 22.2807 ], [ 71.374, 22.2919 ], [ 71.3663, 22.2915 ], [ 71.362, 22.2694 ], [ 71.3467, 22.2589 ], [ 71.3275, 22.2756 ], [ 71.3098, 22.2789 ], [ 71.3037, 22.2507 ] ] ] ] } },
{ "type": "Feature", "properties": { "district": "Tapi", "did": "gujarat:Tapi", "state_key": "gujarat" }, "geometry": { "type": "Polygon", "coordinates": [ [ [ 73.3341, 21.2168 ], [ 73.3635, 21.2165 ], [ 73.3751, 21.2253 ], [ 73.377, 21.2411 ], [ 73.365, 21.269 ], [ 73.4124, 21.2781 ], [ 73.4422, 21.2678 ], [ 73.4483, 21.2775 ], [ 73.4475, 21.3076 ], [ 73.4395, 21.3154 ], [ 73.4323, 21.3139 ], [ 73.4548, 21.3839 ], [ 73.5101, 21.3787 ], [ 73.5118, 21.3574 ], [ 73.5248, 21.3502 ], [ 73.5256, 21.3649 ], [ 73.5348, 21.3687 ], [ 73.5455, 21.3637 ], [ 73.5798, 21.3695 ], [ 73.5897, 21.3657 ], [ 73.5938, 21.3706 ], [ 73.6088, 21.3704 ], [ 73.6133, 21.3785 ], [ 73.6652, 21.3826 ], [ 73.7306, 21.4088 ], [ 73.8025, 21.4116 ], [ 73.8186, 21.4012 ], [ 73.834, 21.4123 ], [ 73.8376, 21.4239 ], [ 73.8818, 21.4509 ], [ 73.9175, 21.4493 ], [ 73.9451, 21.4605 ], [ 73.9714, 21.4617 ], [ 73.9892, 21.4814 ], [ 73.9728, 21.4887 ], [ 73.9805, 21.4954 ], [ 73.9746, 21.5096 ], [ 73.9829, 21.5206 ], [ 73.9742, 21.5433 ], [ 73.9932, 21.5433 ], [ 73.9974, 21.539 ], [ 74.0058, 21.5528 ], [ 74.0309, 21.5452 ], [ 74.0375, 21.5506 ], [ 74.0436, 21.5425 ], [ 74.0445, 21.5482 ], [ 74.0538, 21.5475 ], [ 74.054, 21.5579 ], [ 74.0599, 21.5503 ], [ 74.0732, 21.5479 ], [ 74.0816, 21.5488 ], [ 74.0792, 21.5544 ], [ 74.0964, 21.5512 ], [ 74.1045, 21.5564 ], [ 74.1132, 21.5488 ], [ 74.1201, 21.5563 ], [ 74.1201, 21.5514 ], [ 74.137, 21.5469 ], [ 74.1389, 21.555 ], [ 74.154, 21.5568 ], [ 74.1559, 21.5683 ], [ 74.1759, 21.569 ], [ 74.1827, 21.5423 ], [ 74.1934, 21.5394 ], [ 74.1958, 21.5321 ], [ 74.2276, 21.5488 ], [ 74.229, 21.5545 ], [ 74.2362, 21.5397 ], [ 74.2633, 21.5399 ], [ 74.2691, 21.5529 ], [ 74.2785, 21.5536 ], [ 74.2767, 21.5623 ], [ 74.2955, 21.5691 ], [ 74.3038, 21.5655 ], [ 74.3032, 21.5522 ], [ 74.3312, 21.5524 ], [ 74.3308, 21.5355 ], [ 74.3215, 21.5296 ], [ 74.3208, 21.4985 ], [ 74.3039, 21.4994 ], [ 74.3041, 21.4881 ], [ 74.2559, 21.4768 ], [ 74.2536, 21.4677 ], [ 74.2357, 21.4678 ], [ 74.2344, 21.4823 ], [ 74.2142, 21.4817 ], [ 74.2093, 21.4622 ], [ 74.1978, 21.4587 ], [ 74.1877, 21.4582 ], [ 74.1823, 21.4692 ], [ 74.1612, 21.4689 ], [ 74.1483, 21.458 ], [ 74.1358, 21.4561 ], [ 74.1337, 21.4659 ], [ 74.1252, 21.4667 ], [ 74.1172, 21.4621 ], [ 74.1165, 21.4524 ], [ 74.1007, 21.4476 ], [ 74.0946, 21.4557 ], [ 74.0723, 21.457 ], [ 74.0728, 21.4688 ], [ 74.0629, 21.4745 ], [ 74.0614, 21.462 ], [ 74.0457, 21.4462 ], [ 74.0497, 21.4402 ], [ 74.0446, 21.4192 ], [ 74.0026, 21.4214 ], [ 73.9822, 21.4079 ], [ 73.9769, 21.4119 ], [ 73.9704, 21.3978 ], [ 73.9595, 21.3954 ], [ 73.9389, 21.405 ], [ 73.9492, 21.3512 ], [ 73.9422, 21.2993 ], [ 73.8796, 21.266 ], [ 73.8497, 21.2747 ], [ 73.8265, 21.2677 ], [ 73.8229, 21.2709 ], [ 73.8285, 21.24 ], [ 73.8118, 21.2312 ], [ 73.8107, 21.2076 ], [ 73.8154, 21.1973 ], [ 73.826, 21.2001 ], [ 73.8259, 21.1872 ], [ 73.8199, 21.1867 ], [ 73.8158, 21.174 ], [ 73.7847, 21.184 ], [ 73.7814, 21.1711 ], [ 73.7723, 21.1646 ], [ 73.7402, 21.1676 ], [ 73.7401, 21.1711 ], [ 73.7285, 21.1619 ], [ 73.7371, 21.1532 ], [ 73.7332, 21.1424 ], [ 73.719, 21.1398 ], [ 73.7013, 21.1463 ], [ 73.7018, 21.1537 ], [ 73.6675, 21.1546 ], [ 73.6649, 21.1473 ], [ 73.6346, 21.1409 ], [ 73.6274, 21.1434 ], [ 73.6293, 21.1549 ], [ 73.6078, 21.159 ], [ 73.6065, 21.1788 ], [ 73.5996, 21.1817 ], [ 73.5939, 21.1744 ], [ 73.5774, 21.1708 ], [ 73.5833, 21.161 ], [ 73.5769, 21.1567 ], [ 73.5785, 21.1505 ], [ 73.5988, 21.1566 ], [ 73.6051, 21.144 ], [ 73.6176, 21.1427 ], [ 73.6119, 21.1381 ], [ 73.6185, 21.1185 ], [ 73.631, 21.1233 ], [ 73.6464, 21.1212 ], [ 73.6519, 21.1076 ], [ 73.6772, 21.1086 ], [ 73.6889, 21.1008 ], [ 73.7031, 21.1186 ], [ 73.7055, 21.1084 ], [ 73.7297, 21.0999 ], [ 73.7438, 21.1152 ], [ 73.7299, 21.0824 ], [ 73.7371, 21.08 ], [ 73.7381, 21.0414 ], [ 73.7616, 21.0383 ], [ 73.7683, 21.031 ], [ 73.762, 21.0109 ], [ 73.8023, 21.0242 ], [ 73.8077, 20.996 ], [ 73.8436, 20.9876 ], [ 73.846, 21.0 ], [ 73.869, 20.9853 ], [ 73.8924, 20.9795 ], [ 73.9013, 20.9823 ], [ 73.908, 20.9597 ], [ 73.8923, 20.9557 ], [ 73.8857, 20.9296 ], [ 73.8759, 20.9278 ], [ 73.867, 20.9441 ], [ 73.8216, 20.9537 ], [ 73.8185, 20.9481 ], [ 73.8121, 20.9558 ], [ 73.7973, 20.9587 ], [ 73.7921, 20.9828 ], [ 73.7653, 20.9932 ], [ 73.7527, 21.0061 ], [ 73.7409, 21.0023 ], [ 73.7288, 21.0061 ], [ 73.7253, 21.0013 ], [ 73.7053, 21.0064 ], [ 73.693, 21.0008 ], [ 73.687, 21.0057 ], [ 73.6713, 21.0011 ], [ 73.6602, 21.0077 ], [ 73.6378, 20.9753 ], [ 73.6203, 20.9909 ], [ 73.6107, 20.9926 ], [ 73.6133, 20.9814 ], [ 73.6006, 20.9746 ], [ 73.5958, 20.9589 ], [ 73.585, 20.9701 ], [ 73.5911, 20.9996 ], [ 73.5728, 21.013 ], [ 73.5669, 21.01 ], [ 73.5576, 21.0149 ], [ 73.5469, 21.0066 ], [ 73.5374, 20.9513 ], [ 73.5198, 20.9471 ], [ 73.5301, 20.9344 ], [ 73.5124, 20.9354 ], [ 73.511, 20.9261 ], [ 73.4896, 20.9145 ], [ 73.4881, 20.8913 ], [ 73.4992, 20.8776 ], [ 73.4918, 20.8617 ], [ 73.5028, 20.856 ], [ 73.5048, 20.8437 ], [ 73.4989, 20.8393 ], [ 73.4961, 20.8192 ], [ 73.4833, 20.815 ], [ 73.4605, 20.8171 ], [ 73.4535, 20.809 ], [ 73.4423, 20.8086 ], [ 73.3962, 20.8274 ], [ 73.3805, 20.8243 ], [ 73.3672, 20.8326 ], [ 73.3658, 20.8414 ], [ 73.3504, 20.8486 ], [ 73.3497, 20.8597 ], [ 73.3328, 20.8598 ], [ 73.3328, 20.8671 ], [ 73.3223, 20.8695 ], [ 73.3156, 20.9023 ], [ 73.2946, 20.9183 ], [ 73.2884, 20.9324 ], [ 73.2602, 20.9225 ], [ 73.2553, 20.9476 ], [ 73.2098, 20.9575 ], [ 73.2405, 20.9914 ], [ 73.2263, 21.0098 ], [ 73.2138, 21.0111 ], [ 73.2044, 21.0192 ], [ 73.2013, 21.028 ], [ 73.2123, 21.0387 ], [ 73.2098, 21.0515 ], [ 73.1999, 21.0583 ], [ 73.1985, 21.0776 ], [ 73.2232, 21.0792 ], [ 73.2276, 21.0922 ], [ 73.247, 21.0885 ], [ 73.2531, 21.0929 ], [ 73.2471, 21.1146 ], [ 73.2272, 21.1174 ], [ 73.2233, 21.1339 ], [ 73.2471, 21.1286 ], [ 73.2539, 21.1221 ], [ 73.2603, 21.1327 ], [ 73.2693, 21.1317 ], [ 73.2707, 21.1474 ], [ 73.2848, 21.1565 ], [ 73.2831, 21.1843 ], [ 73.2886, 21.1966 ], [ 73.3087, 21.2002 ], [ 73.3341, 21.2168 ] ] ] } },
{ "type": "Feature", "properties": { "district": "Vadodara", "did": "gujarat:Vadodara", "state_key": "gujarat" }, "geometry": { "type": "Polygon", "coordinates": [ [ [ 73.4396, 21.9289 ], [ 73.4192, 21.9112 ], [ 73.3998, 21.9116 ], [ 73.3734, 21.9302 ], [ 73.351, 21.9251 ], [ 73.3441, 21.9109 ], [ 73.3464, 21.8807 ], [ 73.3354, 21.8743 ], [ 73.3144, 21.8806 ], [ 73.2831, 21.9012 ], [ 73.2576, 21.9352 ], [ 73.2366, 21.9306 ], [ 73.2206, 21.9089 ], [ 73.226, 21.8905 ], [ 73.2485, 21.8651 ], [ 73.2463, 21.8406 ], [ 73.2096, 21.8223 ], [ 73.184, 21.8314 ], [ 73.1592, 21.8558 ], [ 73.1418, 21.8546 ], [ 73.1421, 21.8643 ], [ 73.1319, 21.8662 ], [ 73.1254, 21.8776 ], [ 73.0912, 21.8722 ], [ 73.0859, 21.8807 ], [ 73.0718, 21.8771 ], [ 73.0592, 21.8823 ], [ 73.0627, 21.9118 ], [ 73.0871, 21.9178 ], [ 73.0904, 21.9296 ], [ 73.0752, 21.9304 ], [ 73.0532, 21.9222 ], [ 73.0474, 21.9354 ], [ 73.0356, 21.9198 ], [ 73.0, 21.9108 ], [ 72.9939, 21.9271 ], [ 73.0021, 21.9357 ], [ 73.016, 21.942 ], [ 73.048, 21.9395 ], [ 73.0489, 21.9762 ], [ 73.068, 21.984 ], [ 73.0633, 22.0166 ], [ 73.0504, 22.0124 ], [ 73.048, 22.0034 ], [ 73.026, 21.9956 ], [ 73.009, 22.0172 ], [ 72.9979, 22.019 ], [ 72.9893, 22.0277 ], [ 72.9793, 22.0526 ], [ 72.9605, 22.0463 ], [ 72.9537, 22.0528 ], [ 72.9405, 22.0537 ], [ 72.9399, 22.0459 ], [ 72.9317, 22.0418 ], [ 72.9265, 22.0495 ], [ 72.9136, 22.0471 ], [ 72.9222, 22.0605 ], [ 72.9048, 22.0681 ], [ 72.8978, 22.0949 ], [ 72.8846, 22.0933 ], [ 72.8719, 22.1124 ], [ 72.8799, 22.119 ], [ 72.8736, 22.1393 ], [ 72.8639, 22.1409 ], [ 72.8629, 22.1552 ], [ 72.8858, 22.1721 ], [ 72.8904, 22.1602 ], [ 72.9268, 22.1691 ], [ 72.9268, 22.1861 ], [ 72.9151, 22.1924 ], [ 72.8832, 22.1751 ], [ 72.8768, 22.1814 ], [ 72.8771, 22.2059 ], [ 72.8688, 22.2095 ], [ 72.8488, 22.2485 ], [ 72.8492, 22.275 ], [ 72.8699, 22.2743 ], [ 72.8954, 22.2599 ], [ 72.913, 22.2631 ], [ 72.917, 22.2743 ], [ 72.9111, 22.2937 ], [ 72.9258, 22.3058 ], [ 72.9442, 22.3035 ], [ 72.9517, 22.2633 ], [ 72.9682, 22.2628 ], [ 72.9745, 22.2541 ], [ 73.0092, 22.2677 ], [ 73.0351, 22.2958 ], [ 73.0599, 22.3111 ], [ 73.0636, 22.3204 ], [ 73.0468, 22.3628 ], [ 73.073, 22.3971 ], [ 73.065, 22.4284 ], [ 73.0934, 22.4555 ], [ 73.0879, 22.5027 ], [ 73.1, 22.5155 ], [ 73.1165, 22.5159 ], [ 73.1373, 22.5261 ], [ 73.1597, 22.5922 ], [ 73.1913, 22.6032 ], [ 73.2011, 22.6179 ], [ 73.2188, 22.6213 ], [ 73.2386, 22.6453 ], [ 73.2692, 22.6665 ], [ 73.2519, 22.7194 ], [ 73.2588, 22.7694 ], [ 73.276, 22.7822 ], [ 73.3156, 22.7816 ], [ 73.3502, 22.7924 ], [ 73.359, 22.7873 ], [ 73.362, 22.7711 ], [ 73.3809, 22.758 ], [ 73.3775, 22.8014 ], [ 73.3836, 22.7948 ], [ 73.3844, 22.8116 ], [ 73.3987, 22.808 ], [ 73.4047, 22.8146 ], [ 73.404, 22.7938 ], [ 73.4228, 22.7856 ], [ 73.4267, 22.7625 ], [ 73.4104, 22.7592 ], [ 73.3847, 22.7421 ], [ 73.3829, 22.7198 ], [ 73.3912, 22.6875 ], [ 73.4028, 22.6904 ], [ 73.407, 22.6781 ], [ 73.4157, 22.6756 ], [ 73.4168, 22.6612 ], [ 73.4071, 22.6544 ], [ 73.4002, 22.6567 ], [ 73.3971, 22.6435 ], [ 73.3838, 22.65 ], [ 73.3682, 22.6477 ], [ 73.3625, 22.6275 ], [ 73.3841, 22.6269 ], [ 73.3889, 22.6137 ], [ 73.3831, 22.6117 ], [ 73.3779, 22.5857 ], [ 73.3828, 22.5793 ], [ 73.372, 22.5564 ], [ 73.414, 22.5537 ], [ 73.4212, 22.5468 ], [ 73.4113, 22.5251 ], [ 73.4148, 22.5176 ], [ 73.4052, 22.5069 ], [ 73.4147, 22.5057 ], [ 73.4274, 22.4857 ], [ 73.4302, 22.4619 ], [ 73.427, 22.4496 ], [ 73.4205, 22.4471 ], [ 73.4199, 22.4285 ], [ 73.4329, 22.4216 ], [ 73.4456, 22.4253 ], [ 73.4379, 22.4001 ], [ 73.4488, 22.3966 ], [ 73.458, 22.3812 ], [ 73.4724, 22.3818 ], [ 73.4643, 22.3602 ], [ 73.4822, 22.3495 ], [ 73.5107, 22.3523 ], [ 73.5177, 22.3412 ], [ 73.5463, 22.3459 ], [ 73.5543, 22.3365 ], [ 73.5662, 22.3364 ], [ 73.5628, 22.3286 ], [ 73.5442, 22.3312 ], [ 73.5473, 22.3145 ], [ 73.5415, 22.2977 ], [ 73.5491, 22.2882 ], [ 73.5396, 22.2868 ], [ 73.5434, 22.27 ], [ 73.5246, 22.2614 ], [ 73.5211, 22.2481 ], [ 73.5084, 22.249 ], [ 73.4981, 22.2356 ], [ 73.4916, 22.2359 ], [ 73.4916, 22.2246 ], [ 73.4809, 22.219 ], [ 73.4865, 22.2077 ], [ 73.5053, 22.1995 ], [ 73.4963, 22.1669 ], [ 73.5084, 22.1523 ], [ 73.506, 22.1447 ], [ 73.5189, 22.1448 ], [ 73.507, 22.1344 ], [ 73.5009, 22.1124 ], [ 73.4791, 22.1034 ], [ 73.4761, 22.0868 ], [ 73.4879, 22.0706 ], [ 73.4891, 22.0781 ], [ 73.5017, 22.0785 ], [ 73.5142, 22.0921 ], [ 73.5403, 22.0913 ], [ 73.5324, 22.0715 ], [ 73.5433, 22.0648 ], [ 73.5291, 22.062 ], [ 73.5309, 22.0507 ], [ 73.5216, 22.0565 ], [ 73.514, 22.0377 ], [ 73.4999, 22.0396 ], [ 73.5024, 22.0226 ], [ 73.4949, 22.0174 ], [ 73.5111, 22.0036 ], [ 73.5142, 21.9902 ], [ 73.5129, 21.981 ], [ 73.5047, 21.9772 ], [ 73.5038, 21.9629 ], [ 73.4618, 21.9799 ], [ 73.4587, 21.975 ], [ 73.4471, 21.9745 ], [ 73.4399, 21.9618 ], [ 73.4396, 21.9289 ] ] ] } },
{ "type": "Feature", "properties": { "district": "Valsad", "did": "gujarat:Valsad", "state_key": "gujarat" }, "geometry": { "type": "MultiPolygon", "coordinates": [ [ [ [ 72.9838, 20.2131 ], [ 72.9759, 20.2183 ], [ 72.9792, 20.234 ], [ 72.9895, 20.2388 ], [ 73.0055, 20.232 ], [ 73.0011, 20.2144 ], [ 72.9838, 20.2131 ] ] ], [ [ [ 72.8907, 20.3726 ], [ 72.8966, 20.38 ], [ 72.8869, 20.3855 ], [ 72.8828, 20.3978 ], [ 72.9026, 20.4058 ], [ 72.9041, 20.4148 ], [ 72.8932, 20.4217 ], [ 72.8718, 20.4139 ], [ 72.8573, 20.4189 ], [ 72.8748, 20.4456 ], [ 72.8877, 20.4382 ], [ 72.8953, 20.4443 ], [ 72.8865, 20.4623 ], [ 72.8581, 20.4656 ], [ 72.8726, 20.4932 ], [ 72.8859, 20.4977 ], [ 72.8862, 20.5436 ], [ 72.8982, 20.5745 ], [ 72.8843, 20.6403 ], [ 72.876, 20.6492 ], [ 72.8542, 20.715 ], [ 72.8488, 20.7445 ], [ 72.854, 20.7517 ], [ 72.8803, 20.7336 ], [ 72.9288, 20.7344 ], [ 72.9414, 20.7229 ], [ 72.9579, 20.7191 ], [ 72.9684, 20.7273 ], [ 72.9629, 20.7415 ], [ 72.972, 20.7451 ], [ 72.9902, 20.7335 ], [ 72.9966, 20.7351 ], [ 72.9939, 20.7268 ], [ 73.0162, 20.73 ], [ 73.0122, 20.7271 ], [ 73.0183, 20.7111 ], [ 73.0473, 20.6991 ], [ 73.0393, 20.6805 ], [ 73.0285, 20.6767 ], [ 73.0329, 20.665 ], [ 73.0558, 20.6641 ], [ 73.0728, 20.6528 ], [ 73.0656, 20.627 ], [ 73.0714, 20.6226 ], [ 73.0673, 20.6119 ], [ 73.0728, 20.6 ], [ 73.1003, 20.6001 ], [ 73.1151, 20.5942 ], [ 73.1215, 20.6016 ], [ 73.1403, 20.5991 ], [ 73.1525, 20.6056 ], [ 73.1656, 20.5994 ], [ 73.1723, 20.6027 ], [ 73.1869, 20.5918 ], [ 73.2037, 20.5934 ], [ 73.2102, 20.6024 ], [ 73.2189, 20.6023 ], [ 73.2252, 20.5959 ], [ 73.2418, 20.5935 ], [ 73.2589, 20.5798 ], [ 73.2733, 20.5814 ], [ 73.29, 20.593 ], [ 73.3063, 20.5913 ], [ 73.315, 20.6019 ], [ 73.3223, 20.5958 ], [ 73.3251, 20.6008 ], [ 73.3525, 20.6079 ], [ 73.3594, 20.6165 ], [ 73.3683, 20.6132 ], [ 73.3793, 20.6184 ], [ 73.3843, 20.614 ], [ 73.4186, 20.6277 ], [ 73.4296, 20.5952 ], [ 73.4495, 20.594 ], [ 73.474, 20.5834 ], [ 73.4792, 20.5602 ], [ 73.4753, 20.5433 ], [ 73.4932, 20.5367 ], [ 73.4699, 20.5203 ], [ 73.4677, 20.4965 ], [ 73.431, 20.4544 ], [ 73.4196, 20.4131 ], [ 73.414, 20.4162 ], [ 73.4049, 20.41 ], [ 73.4059, 20.403 ], [ 73.3995, 20.4058 ], [ 73.3964, 20.3967 ], [ 73.3873, 20.3983 ], [ 73.3793, 20.3903 ], [ 73.3842, 20.372 ], [ 73.4055, 20.3854 ], [ 73.4127, 20.3609 ], [ 73.4092, 20.3492 ], [ 73.4185, 20.3305 ], [ 73.4138, 20.3257 ], [ 73.4277, 20.2801 ], [ 73.4142, 20.2741 ], [ 73.4122, 20.2655 ], [ 73.4125, 20.2445 ], [ 73.4174, 20.2427 ], [ 73.4104, 20.2385 ], [ 73.4211, 20.2064 ], [ 73.4165, 20.1983 ], [ 73.3945, 20.1986 ], [ 73.3893, 20.1926 ], [ 73.3825, 20.2117 ], [ 73.3662, 20.2039 ], [ 73.3648, 20.1956 ], [ 73.3536, 20.2004 ], [ 73.3613, 20.2076 ], [ 73.3565, 20.213 ], [ 73.3464, 20.2093 ], [ 73.3438, 20.1994 ], [ 73.3244, 20.2062 ], [ 73.3141, 20.2021 ], [ 73.2991, 20.2092 ], [ 73.2831, 20.1981 ], [ 73.2792, 20.1501 ], [ 73.2539, 20.138 ], [ 73.2493, 20.1223 ], [ 73.2432, 20.1281 ], [ 73.225, 20.1238 ], [ 73.2257, 20.1401 ], [ 73.2179, 20.1366 ], [ 73.2106, 20.1205 ], [ 73.1878, 20.1286 ], [ 73.1845, 20.1472 ], [ 73.1897, 20.1643 ], [ 73.2055, 20.1642 ], [ 73.2177, 20.1859 ], [ 73.1917, 20.1974 ], [ 73.1779, 20.1926 ], [ 73.1683, 20.2082 ], [ 73.1572, 20.1983 ], [ 73.1522, 20.2039 ], [ 73.1476, 20.2007 ], [ 73.133, 20.2058 ], [ 73.1339, 20.1878 ], [ 73.1419, 20.1774 ], [ 73.136, 20.17 ], [ 73.1284, 20.1734 ], [ 73.1192, 20.1682 ], [ 73.1151, 20.1519 ], [ 73.0903, 20.1603 ], [ 73.087, 20.1703 ], [ 73.0793, 20.1732 ], [ 73.0736, 20.1556 ], [ 73.0602, 20.1619 ], [ 73.0595, 20.1939 ], [ 73.0488, 20.2009 ], [ 73.0636, 20.2278 ], [ 73.0705, 20.2321 ], [ 73.0893, 20.2268 ], [ 73.0977, 20.2293 ], [ 73.0973, 20.2387 ], [ 73.107, 20.2508 ], [ 73.126, 20.2608 ], [ 73.1312, 20.275 ], [ 73.14, 20.2738 ], [ 73.1458, 20.2886 ], [ 73.1517, 20.292 ], [ 73.1582, 20.2813 ], [ 73.1663, 20.2879 ], [ 73.1657, 20.3104 ], [ 73.1594, 20.3089 ], [ 73.1508, 20.3183 ], [ 73.1294, 20.3183 ], [ 73.127, 20.3055 ], [ 73.1028, 20.3018 ], [ 73.1113, 20.3378 ], [ 73.0958, 20.3613 ], [ 73.0891, 20.3587 ], [ 73.0903, 20.3439 ], [ 73.0772, 20.3235 ], [ 73.0666, 20.33 ], [ 73.0417, 20.326 ], [ 73.0343, 20.2916 ], [ 73.0153, 20.294 ], [ 73.0167, 20.3104 ], [ 73.0062, 20.3128 ], [ 73.01, 20.2912 ], [ 72.9812, 20.2893 ], [ 72.9819, 20.2755 ], [ 72.9712, 20.2691 ], [ 72.9379, 20.2944 ], [ 72.9124, 20.2754 ], [ 72.9306, 20.2444 ], [ 72.954, 20.2383 ], [ 72.9649, 20.2267 ], [ 72.9625, 20.2097 ], [ 72.8994, 20.2278 ], [ 72.8896, 20.2202 ], [ 72.8705, 20.2283 ], [ 72.8587, 20.2247 ], [ 72.8612, 20.2076 ], [ 72.839, 20.2091 ], [ 72.8309, 20.1968 ], [ 72.837, 20.1885 ], [ 72.816, 20.1844 ], [ 72.8163, 20.1567 ], [ 72.8224, 20.155 ], [ 72.8245, 20.142 ], [ 72.8058, 20.1545 ], [ 72.7886, 20.1493 ], [ 72.7853, 20.1451 ], [ 72.7941, 20.1233 ], [ 72.7773, 20.1317 ], [ 72.74, 20.1348 ], [ 72.7505, 20.2037 ], [ 72.7424, 20.2412 ], [ 72.7537, 20.2604 ], [ 72.7569, 20.291 ], [ 72.7634, 20.2993 ], [ 72.7744, 20.3018 ], [ 72.7771, 20.3317 ], [ 72.7901, 20.3484 ], [ 72.8141, 20.3528 ], [ 72.8238, 20.3672 ], [ 72.8359, 20.3733 ], [ 72.8907, 20.3726 ] ], [ [ 72.9708, 20.2969 ], [ 72.9824, 20.3183 ], [ 72.9791, 20.3322 ], [ 72.9611, 20.3324 ], [ 72.9528, 20.314 ], [ 72.9708, 20.2969 ] ] ] ] } }
]
}
