{
"type": "FeatureCollection",
"crs": { "type": "name", "properties": { "name": "urn:ogc:def:crs:OGC:1.3:CRS84" } },
"xy_coordinate_resolution": 0.0001,
"features": [
{ "type": "Feature", "properties": { "district": "Bokaro", "did": "jharkhand:Bokaro", "state_key": "jharkhand" }, "geometry": { "type": "Polygon", "coordinates": [ [ [ 86.3476, 23.7134 ], [ 86.3728, 23.7106 ], [ 86.3725, 23.6955 ], [ 86.3838, 23.6888 ], [ 86.3881, 23.6705 ], [ 86.4109, 23.6687 ], [ 86.4254, 23.6557 ], [ 86.4571, 23.6469 ], [ 86.4689, 23.6382 ], [ 86.4884, 23.6377 ], [ 86.4633, 23.631 ], [ 86.4542, 23.6195 ], [ 86.4464, 23.6187 ], [ 86.4471, 23.5981 ], [ 86.4362, 23.599 ], [ 86.4212, 23.5901 ], [ 86.4136, 23.5757 ], [ 86.3995, 23.5786 ], [ 86.3882, 23.5739 ], [ 86.3894, 23.5612 ], [ 86.3651, 23.5327 ], [ 86.3646, 23.5217 ], [ 86.3752, 23.5103 ], [ 86.3636, 23.5016 ], [ 86.3624, 23.4842 ], [ 86.3654, 23.4803 ], [ 86.3788, 23.4848 ], [ 86.3795, 23.4736 ], [ 86.3641, 23.4717 ], [ 86.3574, 23.4607 ], [ 86.3597, 23.4522 ], [ 86.3497, 23.4515 ], [ 86.3515, 23.4421 ], [ 86.3368, 23.4402 ], [ 86.3348, 23.4466 ], [ 86.3058, 23.4348 ], [ 86.3118, 23.4245 ], [ 86.3176, 23.4265 ], [ 86.3178, 23.4164 ], [ 86.3106, 23.4114 ], [ 86.2909, 23.4176 ], [ 86.2895, 23.4291 ], [ 86.2641, 23.4308 ], [ 86.2522, 23.4268 ], [ 86.2591, 23.4133 ], [ 86.2474, 23.4111 ], [ 86.2489, 23.4225 ], [ 86.2343, 23.4209 ], [ 86.2299, 23.4308 ], [ 86.2456, 23.4593 ], [ 86.2326, 23.4622 ], [ 86.2284, 23.4429 ], [ 86.1817, 23.4601 ], [ 86.1783, 23.4698 ], [ 86.1488, 23.4653 ], [ 86.1624, 23.5085 ], [ 86.1486, 23.5193 ], [ 86.1575, 23.537 ], [ 86.1523, 23.5491 ], [ 86.1583, 23.56 ], [ 86.1433, 23.564 ], [ 86.1312, 23.5593 ], [ 86.1267, 23.5694 ], [ 86.1158, 23.5661 ], [ 86.1085, 23.5697 ], [ 86.0939, 23.5632 ], [ 86.0809, 23.5657 ], [ 86.0727, 23.5688 ], [ 86.0774, 23.5792 ], [ 86.0522, 23.5862 ], [ 86.0421, 23.5869 ], [ 86.0401, 23.5753 ], [ 86.0178, 23.5596 ], [ 86.0163, 23.5473 ], [ 86.0276, 23.5421 ], [ 86.0237, 23.5369 ], [ 86.0392, 23.515 ], [ 86.0382, 23.4978 ], [ 86.0567, 23.4951 ], [ 86.0538, 23.4871 ], [ 86.0087, 23.4843 ], [ 85.9533, 23.4709 ], [ 85.9328, 23.4729 ], [ 85.9086, 23.4836 ], [ 85.8863, 23.4821 ], [ 85.8844, 23.4932 ], [ 85.8594, 23.5175 ], [ 85.8455, 23.5131 ], [ 85.8355, 23.5205 ], [ 85.8417, 23.5348 ], [ 85.8279, 23.5406 ], [ 85.8213, 23.5501 ], [ 85.8363, 23.5569 ], [ 85.8399, 23.5649 ], [ 85.8334, 23.5731 ], [ 85.8133, 23.5767 ], [ 85.8051, 23.6126 ], [ 85.7895, 23.6287 ], [ 85.7946, 23.6371 ], [ 85.7691, 23.6534 ], [ 85.7707, 23.674 ], [ 85.7619, 23.6861 ], [ 85.7554, 23.6626 ], [ 85.7387, 23.6531 ], [ 85.7282, 23.6541 ], [ 85.7133, 23.6326 ], [ 85.7001, 23.6462 ], [ 85.6909, 23.6415 ], [ 85.6787, 23.6469 ], [ 85.6783, 23.6361 ], [ 85.6632, 23.6292 ], [ 85.6648, 23.6224 ], [ 85.6532, 23.6083 ], [ 85.6155, 23.6325 ], [ 85.6172, 23.694 ], [ 85.6098, 23.7001 ], [ 85.6222, 23.7222 ], [ 85.6156, 23.7653 ], [ 85.6292, 23.7677 ], [ 85.6409, 23.7857 ], [ 85.6525, 23.7921 ], [ 85.6499, 23.8057 ], [ 85.6552, 23.8134 ], [ 85.6518, 23.8225 ], [ 85.6426, 23.8215 ], [ 85.6356, 23.8029 ], [ 85.6242, 23.796 ], [ 85.6143, 23.7977 ], [ 85.6001, 23.8107 ], [ 85.5999, 23.8316 ], [ 85.5917, 23.85 ], [ 85.5837, 23.8533 ], [ 85.5932, 23.8656 ], [ 85.6179, 23.8741 ], [ 85.6113, 23.8932 ], [ 85.6162, 23.9076 ], [ 85.66, 23.9347 ], [ 85.6455, 23.9544 ], [ 85.6671, 23.9571 ], [ 85.6721, 23.9684 ], [ 85.6675, 23.9751 ], [ 85.675, 23.9754 ], [ 85.6763, 23.9867 ], [ 85.6981, 23.9793 ], [ 85.6853, 23.9717 ], [ 85.6847, 23.9648 ], [ 85.7001, 23.9398 ], [ 85.7129, 23.9351 ], [ 85.714, 23.923 ], [ 85.728, 23.9386 ], [ 85.7392, 23.9421 ], [ 85.7385, 23.9502 ], [ 85.7488, 23.9427 ], [ 85.7566, 23.9472 ], [ 85.7642, 23.9441 ], [ 85.7646, 23.9259 ], [ 85.7838, 23.918 ], [ 85.7856, 23.9003 ], [ 85.8009, 23.8959 ], [ 85.7969, 23.8898 ], [ 85.805, 23.8729 ], [ 85.8033, 23.8597 ], [ 85.8135, 23.8545 ], [ 85.8141, 23.8448 ], [ 85.836, 23.8401 ], [ 85.8412, 23.8516 ], [ 85.8622, 23.8647 ], [ 85.8624, 23.8788 ], [ 85.8862, 23.9087 ], [ 85.8833, 23.9464 ], [ 85.8924, 23.9589 ], [ 85.9077, 23.948 ], [ 85.9278, 23.9451 ], [ 85.9319, 23.9251 ], [ 85.947, 23.938 ], [ 85.9448, 23.9275 ], [ 85.9637, 23.9129 ], [ 85.962, 23.8998 ], [ 85.9664, 23.9019 ], [ 85.9705, 23.893 ], [ 85.996, 23.9112 ], [ 86.0262, 23.9109 ], [ 86.0723, 23.9216 ], [ 86.0938, 23.8861 ], [ 86.1203, 23.8882 ], [ 86.118, 23.8691 ], [ 86.1405, 23.8592 ], [ 86.1428, 23.8458 ], [ 86.136, 23.843 ], [ 86.1438, 23.8301 ], [ 86.1629, 23.8272 ], [ 86.161, 23.798 ], [ 86.1673, 23.7855 ], [ 86.1751, 23.7834 ], [ 86.1734, 23.7753 ], [ 86.184, 23.7691 ], [ 86.1827, 23.7617 ], [ 86.1925, 23.749 ], [ 86.1832, 23.7256 ], [ 86.1899, 23.72 ], [ 86.2164, 23.712 ], [ 86.2608, 23.7101 ], [ 86.2906, 23.7202 ], [ 86.3099, 23.7204 ], [ 86.3386, 23.7033 ], [ 86.3476, 23.7134 ] ] ] } },
{ "type": "Feature", "properties": { "district": "Chatra", "did": "jharkhand:Chatra", "state_key": "jharkhand" }, "geometry": { "type": "MultiPolygon", "coordinates": [ [ [ [ 85.2339, 24.0752 ], [ 85.2484, 24.0626 ], [ 85.2459, 24.0408 ], [ 85.2523, 24.0224 ], [ 85.2489, 24.012 ], [ 85.2307, 24.011 ], [ 85.2267, 23.994 ], [ 85.2141, 23.9921 ], [ 85.2109, 23.9788 ], [ 85.2027, 23.973 ], [ 85.2017, 23.9558 ], [ 85.1859, 23.9477 ], [ 85.1495, 23.9501 ], [ 85.1251, 23.9759 ], [ 85.1201, 23.9707 ], [ 85.0995, 23.9754 ], [ 85.0857, 23.9582 ], [ 85.0758, 23.9614 ], [ 85.0827, 23.9691 ], [ 85.0776, 23.983 ], [ 85.0546, 23.9855 ], [ 85.0558, 23.9922 ], [ 85.0443, 24.0018 ], [ 85.0259, 23.9913 ], [ 85.0291, 23.9636 ], [ 85.039, 23.9662 ], [ 85.0568, 23.958 ], [ 85.0395, 23.9387 ], [ 85.046, 23.9308 ], [ 85.04, 23.9227 ], [ 85.0491, 23.9193 ], [ 85.0474, 23.9133 ], [ 85.0292, 23.9151 ], [ 85.0215, 23.8973 ], [ 85.0268, 23.8893 ], [ 85.0229, 23.8789 ], [ 85.0336, 23.8779 ], [ 85.0315, 23.8597 ], [ 85.0607, 23.8334 ], [ 85.0601, 23.8273 ], [ 85.0483, 23.8275 ], [ 85.0451, 23.8085 ], [ 85.058, 23.7972 ], [ 85.1298, 23.7795 ], [ 85.1375, 23.7714 ], [ 85.1255, 23.7594 ], [ 85.1284, 23.7522 ], [ 85.1031, 23.7457 ], [ 85.1039, 23.7291 ], [ 85.0826, 23.7321 ], [ 85.1044, 23.7059 ], [ 85.1168, 23.7057 ], [ 85.1079, 23.688 ], [ 85.1065, 23.6639 ], [ 85.0778, 23.6677 ], [ 85.0752, 23.6756 ], [ 85.0615, 23.6821 ], [ 85.06, 23.6934 ], [ 85.0716, 23.6964 ], [ 85.0707, 23.7064 ], [ 85.0563, 23.707 ], [ 85.0539, 23.7131 ], [ 85.0408, 23.7026 ], [ 85.0373, 23.6899 ], [ 85.0202, 23.6887 ], [ 85.0121, 23.6956 ], [ 85.0045, 23.6803 ], [ 84.9945, 23.6892 ], [ 84.9904, 23.7041 ], [ 84.9791, 23.7068 ], [ 84.9724, 23.7166 ], [ 84.9616, 23.7163 ], [ 84.9564, 23.7291 ], [ 84.9395, 23.7324 ], [ 84.9283, 23.7608 ], [ 84.9301, 23.7711 ], [ 84.9045, 23.7766 ], [ 84.909, 23.8025 ], [ 84.9236, 23.8089 ], [ 84.9479, 23.807 ], [ 84.9488, 23.8461 ], [ 84.9434, 23.8563 ], [ 84.9303, 23.8613 ], [ 84.9373, 23.8715 ], [ 84.9536, 23.8761 ], [ 84.9431, 23.9071 ], [ 84.9275, 23.9144 ], [ 84.9351, 23.9344 ], [ 84.9286, 23.9478 ], [ 84.9215, 23.9524 ], [ 84.9044, 23.9517 ], [ 84.8905, 23.9436 ], [ 84.8803, 23.9544 ], [ 84.8665, 23.9546 ], [ 84.8476, 23.966 ], [ 84.831, 23.9572 ], [ 84.8276, 23.9871 ], [ 84.813, 23.9826 ], [ 84.8071, 23.9726 ], [ 84.7836, 23.9767 ], [ 84.774, 23.969 ], [ 84.7622, 23.974 ], [ 84.7747, 23.9858 ], [ 84.7644, 23.9974 ], [ 84.7724, 24.0108 ], [ 84.7561, 24.0297 ], [ 84.759, 24.0398 ], [ 84.756, 24.0425 ], [ 84.752, 24.0373 ], [ 84.7465, 24.0487 ], [ 84.7367, 24.0409 ], [ 84.7243, 24.0448 ], [ 84.7153, 24.0397 ], [ 84.7169, 24.0259 ], [ 84.7075, 24.0218 ], [ 84.6947, 24.0249 ], [ 84.6809, 24.003 ], [ 84.6717, 23.9986 ], [ 84.654, 24.0053 ], [ 84.638, 23.9898 ], [ 84.6331, 23.9931 ], [ 84.6186, 23.9873 ], [ 84.6091, 23.9913 ], [ 84.5985, 23.9823 ], [ 84.5928, 23.9876 ], [ 84.5717, 23.9871 ], [ 84.5555, 24.0083 ], [ 84.5586, 24.0252 ], [ 84.5667, 24.0308 ], [ 84.5559, 24.0456 ], [ 84.5699, 24.0511 ], [ 84.5788, 24.0706 ], [ 84.5662, 24.0759 ], [ 84.5556, 24.101 ], [ 84.5776, 24.1198 ], [ 84.5835, 24.141 ], [ 84.5535, 24.1514 ], [ 84.5489, 24.1675 ], [ 84.5338, 24.1773 ], [ 84.5297, 24.1866 ], [ 84.5393, 24.2015 ], [ 84.5296, 24.2056 ], [ 84.5239, 24.1989 ], [ 84.5028, 24.1974 ], [ 84.4764, 24.2052 ], [ 84.4761, 24.2263 ], [ 84.4488, 24.239 ], [ 84.4488, 24.2467 ], [ 84.4593, 24.2655 ], [ 84.4752, 24.266 ], [ 84.466, 24.2591 ], [ 84.4916, 24.2613 ], [ 84.4879, 24.2732 ], [ 84.4928, 24.2861 ], [ 84.5019, 24.2884 ], [ 84.5095, 24.3153 ], [ 84.5316, 24.3388 ], [ 84.5245, 24.35 ], [ 84.5351, 24.3632 ], [ 84.5278, 24.3757 ], [ 84.5469, 24.3772 ], [ 84.5538, 24.3729 ], [ 84.5724, 24.3826 ], [ 84.5741, 24.3892 ], [ 84.5621, 24.3966 ], [ 84.5682, 24.4094 ], [ 84.5844, 24.4127 ], [ 84.5868, 24.4006 ], [ 84.5968, 24.4051 ], [ 84.6148, 24.3989 ], [ 84.6308, 24.4054 ], [ 84.6427, 24.3988 ], [ 84.6463, 24.4031 ], [ 84.6651, 24.3909 ], [ 84.6686, 24.4097 ], [ 84.6745, 24.4109 ], [ 84.676, 24.426 ], [ 84.6705, 24.4281 ], [ 84.6853, 24.4551 ], [ 84.7102, 24.4712 ], [ 84.7292, 24.4702 ], [ 84.7556, 24.5 ], [ 84.7861, 24.5038 ], [ 84.7895, 24.5183 ], [ 84.8019, 24.5307 ], [ 84.8083, 24.522 ], [ 84.8256, 24.5254 ], [ 84.8389, 24.5126 ], [ 84.8329, 24.4702 ], [ 84.8406, 24.4689 ], [ 84.8401, 24.4522 ], [ 84.8488, 24.4544 ], [ 84.854, 24.4667 ], [ 84.864, 24.4573 ], [ 84.871, 24.4583 ], [ 84.8748, 24.4672 ], [ 84.8873, 24.4633 ], [ 84.8874, 24.432 ], [ 84.8823, 24.4248 ], [ 84.9042, 24.3955 ], [ 84.909, 24.3835 ], [ 84.9003, 24.3768 ], [ 84.9038, 24.3722 ], [ 84.9375, 24.3799 ], [ 84.9548, 24.3713 ], [ 84.9749, 24.3747 ], [ 84.9838, 24.3875 ], [ 85.0312, 24.4146 ], [ 85.0611, 24.4059 ], [ 85.081, 24.433 ], [ 85.0831, 24.3997 ], [ 85.0732, 24.3782 ], [ 85.0898, 24.3727 ], [ 85.0861, 24.3531 ], [ 85.0998, 24.3404 ], [ 85.1016, 24.328 ], [ 85.1122, 24.3326 ], [ 85.1366, 24.3256 ], [ 85.1434, 24.3287 ], [ 85.1368, 24.3558 ], [ 85.1526, 24.3537 ], [ 85.1589, 24.3463 ], [ 85.1629, 24.3491 ], [ 85.1646, 24.3398 ], [ 85.1841, 24.3363 ], [ 85.1867, 24.3301 ], [ 85.2011, 24.3251 ], [ 85.2076, 24.339 ], [ 85.228, 24.3438 ], [ 85.2835, 24.3321 ], [ 85.2938, 24.3391 ], [ 85.3055, 24.3387 ], [ 85.3272, 24.3191 ], [ 85.3412, 24.3136 ], [ 85.3504, 24.3165 ], [ 85.3619, 24.308 ], [ 85.3803, 24.3211 ], [ 85.3811, 24.3092 ], [ 85.3573, 24.2921 ], [ 85.3479, 24.3062 ], [ 85.3398, 24.3016 ], [ 85.3345, 24.3092 ], [ 85.3227, 24.3092 ], [ 85.3275, 24.2948 ], [ 85.3183, 24.2916 ], [ 85.322, 24.2625 ], [ 85.315, 24.2531 ], [ 85.3227, 24.2473 ], [ 85.3108, 24.2456 ], [ 85.3013, 24.236 ], [ 85.3028, 24.2251 ], [ 85.2969, 24.2219 ], [ 85.3034, 24.199 ], [ 85.29, 24.2004 ], [ 85.2872, 24.2088 ], [ 85.2803, 24.2082 ], [ 85.273, 24.216 ], [ 85.2543, 24.2128 ], [ 85.2387, 24.2232 ], [ 85.2169, 24.219 ], [ 85.1872, 24.2283 ], [ 85.1745, 24.2251 ], [ 85.1618, 24.2294 ], [ 85.1502, 24.2089 ], [ 85.1373, 24.2068 ], [ 85.1349, 24.2018 ], [ 85.1406, 24.2009 ], [ 85.1499, 24.1823 ], [ 85.144, 24.1558 ], [ 85.1526, 24.1569 ], [ 85.1754, 24.1235 ], [ 85.1667, 24.1209 ], [ 85.1756, 24.1108 ], [ 85.1712, 24.0993 ], [ 85.2339, 24.0752 ] ] ], [ [ [ 84.4885, 24.3151 ], [ 84.4837, 24.2981 ], [ 84.4719, 24.3046 ], [ 84.4705, 24.3152 ], [ 84.4866, 24.3131 ], [ 84.4955, 24.3253 ], [ 84.5053, 24.3313 ], [ 84.5078, 24.3251 ], [ 84.4885, 24.3151 ] ] ] ] } },
{ "type": "Feature", "properties": { "district": "Deoghar", "did": "jharkhand:Deoghar", "state_key": "jharkhand" }, "geometry": { "type": "MultiPolygon", "coordinates": [ [ [ [ 86.699, 24.1122 ], [ 86.7006, 24.134 ], [ 86.7172, 24.1422 ], [ 86.7174, 24.1536 ], [ 86.6974, 24.1654 ], [ 86.6931, 24.1426 ], [ 86.6821, 24.1287 ], [ 86.6289, 24.1316 ], [ 86.6051, 24.1415 ], [ 86.5957, 24.1361 ], [ 86.5746, 24.1388 ], [ 86.5512, 24.1552 ], [ 86.5243, 24.1582 ], [ 86.5058, 24.1482 ], [ 86.4851, 24.152 ], [ 86.5019, 24.181 ], [ 86.5003, 24.1994 ], [ 86.5115, 24.2077 ], [ 86.507, 24.2093 ], [ 86.517, 24.2221 ], [ 86.5087, 24.2308 ], [ 86.5161, 24.2394 ], [ 86.5046, 24.2825 ], [ 86.4884, 24.2869 ], [ 86.4725, 24.3126 ], [ 86.4756, 24.3301 ], [ 86.4577, 24.3349 ], [ 86.4703, 24.3527 ], [ 86.457, 24.356 ], [ 86.4554, 24.3719 ], [ 86.4719, 24.3933 ], [ 86.4664, 24.4237 ], [ 86.4913, 24.4281 ], [ 86.4953, 24.4563 ], [ 86.4867, 24.4641 ], [ 86.5027, 24.4932 ], [ 86.5008, 24.504 ], [ 86.5096, 24.5222 ], [ 86.5294, 24.5403 ], [ 86.5523, 24.536 ], [ 86.5638, 24.5525 ], [ 86.5592, 24.5623 ], [ 86.5803, 24.5665 ], [ 86.6033, 24.6084 ], [ 86.6146, 24.6083 ], [ 86.6104, 24.5987 ], [ 86.6244, 24.5994 ], [ 86.6242, 24.5886 ], [ 86.6702, 24.5649 ], [ 86.7231, 24.584 ], [ 86.7347, 24.5795 ], [ 86.7498, 24.5951 ], [ 86.754, 24.6213 ], [ 86.7732, 24.6218 ], [ 86.789, 24.6187 ], [ 86.8112, 24.5983 ], [ 86.8072, 24.5926 ], [ 86.8117, 24.5825 ], [ 86.8031, 24.5703 ], [ 86.8426, 24.5742 ], [ 86.843, 24.5581 ], [ 86.8568, 24.5549 ], [ 86.8636, 24.5666 ], [ 86.8813, 24.572 ], [ 86.8869, 24.5588 ], [ 86.8951, 24.5608 ], [ 86.9192, 24.5361 ], [ 86.9191, 24.496 ], [ 86.9047, 24.4719 ], [ 86.9116, 24.4633 ], [ 86.9031, 24.4496 ], [ 86.8902, 24.4463 ], [ 86.8906, 24.4325 ], [ 86.903, 24.4324 ], [ 86.8987, 24.4234 ], [ 86.9049, 24.4113 ], [ 86.9212, 24.4101 ], [ 86.9284, 24.4187 ], [ 86.9473, 24.4201 ], [ 86.9278, 24.3874 ], [ 86.9386, 24.3803 ], [ 86.9331, 24.3724 ], [ 86.9395, 24.3589 ], [ 86.9682, 24.3512 ], [ 86.9629, 24.3128 ], [ 86.9913, 24.3045 ], [ 86.9987, 24.3093 ], [ 87.022, 24.3059 ], [ 87.0316, 24.2637 ], [ 87.068, 24.2511 ], [ 87.0466, 24.2228 ], [ 87.0521, 24.2052 ], [ 87.0422, 24.1958 ], [ 87.0135, 24.2124 ], [ 86.9747, 24.2129 ], [ 86.9811, 24.1806 ], [ 86.9654, 24.1777 ], [ 86.9592, 24.1627 ], [ 86.9459, 24.1651 ], [ 86.9357, 24.1354 ], [ 86.9674, 24.1265 ], [ 86.9637, 24.1144 ], [ 86.9775, 24.107 ], [ 86.9715, 24.0974 ], [ 86.9797, 24.0787 ], [ 86.9772, 24.0608 ], [ 86.9577, 24.0531 ], [ 86.9558, 24.0415 ], [ 86.9311, 24.0443 ], [ 86.9159, 24.0536 ], [ 86.9192, 24.062 ], [ 86.9031, 24.0579 ], [ 86.888, 24.069 ], [ 86.8818, 24.0608 ], [ 86.87, 24.0642 ], [ 86.8399, 24.0499 ], [ 86.8313, 24.0623 ], [ 86.8212, 24.063 ], [ 86.8159, 24.0826 ], [ 86.7942, 24.0781 ], [ 86.7913, 24.0626 ], [ 86.774, 24.0658 ], [ 86.7589, 24.0788 ], [ 86.7679, 24.087 ], [ 86.699, 24.1122 ] ] ], [ [ [ 87.6175, 24.7802 ], [ 87.6247, 24.7846 ], [ 87.6265, 24.7778 ], [ 87.6175, 24.7802 ] ] ] ] } },
{ "type": "Feature", "properties": { "district": "Dhanbad", "did": "jharkhand:Dhanbad", "state_key": "jharkhand" }, "geometry": { "type": "Polygon", "coordinates": [ [ [ 86.4689, 23.6382 ], [ 86.4571, 23.6469 ], [ 86.4254, 23.6557 ], [ 86.4109, 23.6687 ], [ 86.3909, 23.669 ], [ 86.3841, 23.6751 ], [ 86.3838, 23.6888 ], [ 86.3725, 23.6955 ], [ 86.3728, 23.7106 ], [ 86.3476, 23.7134 ], [ 86.3362, 23.7033 ], [ 86.3099, 23.7204 ], [ 86.2906, 23.7202 ], [ 86.2608, 23.7101 ], [ 86.2164, 23.712 ], [ 86.1899, 23.72 ], [ 86.1832, 23.7256 ], [ 86.1925, 23.749 ], [ 86.1827, 23.7617 ], [ 86.184, 23.7691 ], [ 86.1734, 23.7753 ], [ 86.1751, 23.7834 ], [ 86.1673, 23.7855 ], [ 86.161, 23.798 ], [ 86.1628, 23.8274 ], [ 86.1441, 23.8297 ], [ 86.136, 23.843 ], [ 86.1428, 23.8458 ], [ 86.1405, 23.8592 ], [ 86.118, 23.8691 ], [ 86.1207, 23.8875 ], [ 86.1113, 23.889 ], [ 86.1264, 23.9015 ], [ 86.1267, 23.9167 ], [ 86.1372, 23.9335 ], [ 86.1517, 23.9296 ], [ 86.1957, 23.9423 ], [ 86.2126, 23.9368 ], [ 86.2235, 23.9404 ], [ 86.2504, 23.9312 ], [ 86.2598, 23.9211 ], [ 86.2805, 23.9237 ], [ 86.2939, 23.9158 ], [ 86.3137, 23.9768 ], [ 86.3405, 24.0065 ], [ 86.3411, 24.0178 ], [ 86.3265, 24.0194 ], [ 86.3182, 24.0303 ], [ 86.3338, 24.0361 ], [ 86.3325, 24.0489 ], [ 86.3391, 24.0527 ], [ 86.3669, 24.0482 ], [ 86.3809, 24.0593 ], [ 86.3949, 24.0411 ], [ 86.4209, 24.0301 ], [ 86.4422, 24.0312 ], [ 86.5224, 23.9872 ], [ 86.5512, 23.9889 ], [ 86.5842, 23.9825 ], [ 86.6058, 23.9577 ], [ 86.6552, 23.9262 ], [ 86.7183, 23.9009 ], [ 86.7368, 23.8595 ], [ 86.743, 23.8577 ], [ 86.7565, 23.866 ], [ 86.7722, 23.8607 ], [ 86.81, 23.8216 ], [ 86.8034, 23.8013 ], [ 86.8259, 23.7767 ], [ 86.8279, 23.7527 ], [ 86.8123, 23.7448 ], [ 86.7993, 23.7037 ], [ 86.8058, 23.6959 ], [ 86.7987, 23.6888 ], [ 86.7473, 23.6788 ], [ 86.7391, 23.6942 ], [ 86.717, 23.6991 ], [ 86.6338, 23.6752 ], [ 86.6007, 23.6746 ], [ 86.596, 23.6721 ], [ 86.599, 23.6655 ], [ 86.5744, 23.648 ], [ 86.531, 23.6305 ], [ 86.4689, 23.6382 ] ] ] } },
{ "type": "Feature", "properties": { "district": "Dumka", "did": "jharkhand:Dumka", "state_key": "jharkhand" }, "geometry": { "type": "Polygon", "coordinates": [ [ [ 87.2333, 24.0241 ], [ 87.17, 24.0301 ], [ 87.1496, 24.0397 ], [ 87.1378, 24.0363 ], [ 87.1125, 24.0631 ], [ 87.0959, 24.0989 ], [ 87.0981, 24.1064 ], [ 87.076, 24.1061 ], [ 87.0486, 24.136 ], [ 87.0093, 24.1462 ], [ 87.0108, 24.1389 ], [ 86.9994, 24.1263 ], [ 86.9814, 24.1238 ], [ 86.9775, 24.107 ], [ 86.9637, 24.1144 ], [ 86.9674, 24.1265 ], [ 86.9357, 24.1354 ], [ 86.9459, 24.1651 ], [ 86.9592, 24.1627 ], [ 86.9654, 24.1777 ], [ 86.9811, 24.1806 ], [ 86.9743, 24.2126 ], [ 87.0135, 24.2124 ], [ 87.0422, 24.1958 ], [ 87.0521, 24.2052 ], [ 87.0466, 24.2228 ], [ 87.068, 24.2511 ], [ 87.0316, 24.2637 ], [ 87.022, 24.3059 ], [ 86.9987, 24.3093 ], [ 86.9913, 24.3045 ], [ 86.9629, 24.3128 ], [ 86.9682, 24.3512 ], [ 86.9395, 24.3589 ], [ 86.9331, 24.3724 ], [ 86.9386, 24.3803 ], [ 86.9278, 24.3874 ], [ 86.9473, 24.4201 ], [ 86.9284, 24.4187 ], [ 86.9212, 24.4101 ], [ 86.9049, 24.4113 ], [ 86.8987, 24.4234 ], [ 86.903, 24.4324 ], [ 86.8898, 24.4341 ], [ 86.8902, 24.4463 ], [ 86.9031, 24.4496 ], [ 86.9116, 24.4633 ], [ 86.9047, 24.4719 ], [ 86.9192, 24.497 ], [ 86.9176, 24.5609 ], [ 86.9073, 24.5882 ], [ 86.9268, 24.6137 ], [ 86.9276, 24.6245 ], [ 86.9449, 24.6358 ], [ 86.9376, 24.6502 ], [ 86.9582, 24.6476 ], [ 86.9528, 24.6315 ], [ 86.9776, 24.6396 ], [ 86.9961, 24.6201 ], [ 87.0063, 24.623 ], [ 87.0108, 24.6312 ], [ 87.0213, 24.6295 ], [ 87.023, 24.6157 ], [ 87.0381, 24.6172 ], [ 87.0482, 24.6088 ], [ 87.0563, 24.6389 ], [ 87.0657, 24.6426 ], [ 87.0773, 24.6366 ], [ 87.0889, 24.6387 ], [ 87.1088, 24.6275 ], [ 87.1175, 24.6345 ], [ 87.1244, 24.6329 ], [ 87.1332, 24.621 ], [ 87.1498, 24.6129 ], [ 87.1676, 24.6161 ], [ 87.1771, 24.6056 ], [ 87.1875, 24.6067 ], [ 87.1934, 24.5967 ], [ 87.2113, 24.5904 ], [ 87.2201, 24.5983 ], [ 87.2454, 24.5857 ], [ 87.2771, 24.6049 ], [ 87.2913, 24.596 ], [ 87.3088, 24.5981 ], [ 87.3277, 24.5773 ], [ 87.3244, 24.5698 ], [ 87.3707, 24.5205 ], [ 87.3722, 24.5053 ], [ 87.3808, 24.502 ], [ 87.3979, 24.5006 ], [ 87.4271, 24.516 ], [ 87.4311, 24.5128 ], [ 87.4376, 24.5183 ], [ 87.4569, 24.518 ], [ 87.4628, 24.5231 ], [ 87.4787, 24.5233 ], [ 87.4809, 24.5288 ], [ 87.4991, 24.5285 ], [ 87.5384, 24.5072 ], [ 87.5483, 24.5192 ], [ 87.5643, 24.5233 ], [ 87.5766, 24.5067 ], [ 87.5683, 24.4973 ], [ 87.5711, 24.3878 ], [ 87.5896, 24.3239 ], [ 87.5835, 24.2567 ], [ 87.5879, 24.2528 ], [ 87.5942, 24.2577 ], [ 87.6271, 24.2577 ], [ 87.6404, 24.2542 ], [ 87.6333, 24.237 ], [ 87.6454, 24.2346 ], [ 87.6465, 24.2255 ], [ 87.6384, 24.2141 ], [ 87.6543, 24.2077 ], [ 87.6756, 24.2083 ], [ 87.6763, 24.1937 ], [ 87.6985, 24.1879 ], [ 87.7026, 24.1806 ], [ 87.6944, 24.1502 ], [ 87.6787, 24.1481 ], [ 87.6575, 24.1589 ], [ 87.6422, 24.1531 ], [ 87.6316, 24.1643 ], [ 87.6153, 24.1661 ], [ 87.6064, 24.1606 ], [ 87.5761, 24.1613 ], [ 87.6102, 24.1325 ], [ 87.591, 24.127 ], [ 87.5766, 24.1123 ], [ 87.5802, 24.0864 ], [ 87.5709, 24.0884 ], [ 87.5599, 24.082 ], [ 87.5539, 24.0888 ], [ 87.5431, 24.0861 ], [ 87.5322, 24.1084 ], [ 87.4976, 24.119 ], [ 87.5004, 24.1018 ], [ 87.4898, 24.0901 ], [ 87.5107, 24.0822 ], [ 87.5026, 24.0738 ], [ 87.4927, 24.0769 ], [ 87.4906, 24.0706 ], [ 87.4999, 24.0652 ], [ 87.4935, 24.0542 ], [ 87.5094, 24.047 ], [ 87.512, 24.0358 ], [ 87.4761, 24.0123 ], [ 87.4723, 24.0163 ], [ 87.4617, 24.0132 ], [ 87.4594, 24.0188 ], [ 87.4383, 24.0136 ], [ 87.4387, 24.0089 ], [ 87.4488, 24.0114 ], [ 87.4453, 24.002 ], [ 87.4555, 24.0019 ], [ 87.4617, 23.9949 ], [ 87.4604, 23.9838 ], [ 87.4495, 23.988 ], [ 87.4457, 23.9821 ], [ 87.4368, 23.9821 ], [ 87.4277, 23.9923 ], [ 87.3604, 24.0131 ], [ 87.352, 23.9992 ], [ 87.3282, 23.9987 ], [ 87.3192, 24.0085 ], [ 87.3358, 24.0207 ], [ 87.3371, 24.0343 ], [ 87.2926, 24.0334 ], [ 87.2875, 24.0289 ], [ 87.2471, 24.0453 ], [ 87.2333, 24.0241 ] ] ] } },
{ "type": "Feature", "properties": { "district": "East Singhbhum", "did": "jharkhand:East Singhbhum", "state_key": "jharkhand" }, "geometry": { "type": "Polygon", "coordinates": [ [ [ 86.4873, 22.3477 ], [ 86.4835, 22.3381 ], [ 86.4715, 22.3358 ], [ 86.4619, 22.3261 ], [ 86.4453, 22.3289 ], [ 86.4423, 22.3068 ], [ 86.4309, 22.3072 ], [ 86.4268, 22.3176 ], [ 86.4083, 22.321 ], [ 86.3575, 22.3498 ], [ 86.3502, 22.3643 ], [ 86.3212, 22.3854 ], [ 86.3208, 22.3974 ], [ 86.3064, 22.4096 ], [ 86.3026, 22.4222 ], [ 86.293, 22.4267 ], [ 86.2813, 22.4487 ], [ 86.2685, 22.4422 ], [ 86.2247, 22.4525 ], [ 86.2174, 22.4626 ], [ 86.2226, 22.4673 ], [ 86.2139, 22.4664 ], [ 86.2079, 22.4735 ], [ 86.1166, 22.487 ], [ 86.0655, 22.555 ], [ 86.1021, 22.5811 ], [ 86.1167, 22.6039 ], [ 86.147, 22.6253 ], [ 86.1668, 22.6688 ], [ 86.1597, 22.752 ], [ 86.172, 22.7634 ], [ 86.1754, 22.7881 ], [ 86.1592, 22.8014 ], [ 86.1482, 22.7987 ], [ 86.1459, 22.8053 ], [ 86.1598, 22.8223 ], [ 86.1606, 22.8362 ], [ 86.1993, 22.8178 ], [ 86.1953, 22.8257 ], [ 86.2004, 22.8546 ], [ 86.2199, 22.8892 ], [ 86.1967, 22.8949 ], [ 86.1897, 22.9206 ], [ 86.1962, 22.9412 ], [ 86.1884, 22.9475 ], [ 86.1997, 22.9676 ], [ 86.2427, 22.9731 ], [ 86.2482, 22.9832 ], [ 86.2393, 22.9963 ], [ 86.2658, 22.998 ], [ 86.2921, 23.013 ], [ 86.2994, 23.0098 ], [ 86.3037, 23.016 ], [ 86.3089, 23.0034 ], [ 86.3259, 22.9949 ], [ 86.3395, 22.9898 ], [ 86.3437, 22.9965 ], [ 86.3545, 22.993 ], [ 86.3544, 22.9993 ], [ 86.3728, 22.9982 ], [ 86.385, 22.9953 ], [ 86.3948, 22.9802 ], [ 86.4172, 22.9932 ], [ 86.4193, 23.0003 ], [ 86.4464, 22.9882 ], [ 86.5011, 22.9936 ], [ 86.5138, 22.9775 ], [ 86.5086, 22.973 ], [ 86.5194, 22.9708 ], [ 86.5262, 22.9726 ], [ 86.5281, 22.9806 ], [ 86.5474, 22.9882 ], [ 86.5506, 22.978 ], [ 86.545, 22.9659 ], [ 86.5316, 22.9652 ], [ 86.526, 22.9476 ], [ 86.5026, 22.9519 ], [ 86.4891, 22.9372 ], [ 86.4763, 22.9512 ], [ 86.46, 22.9351 ], [ 86.4353, 22.9252 ], [ 86.453, 22.9025 ], [ 86.4671, 22.8999 ], [ 86.4534, 22.8859 ], [ 86.4508, 22.8615 ], [ 86.4397, 22.8643 ], [ 86.435, 22.8605 ], [ 86.4388, 22.831 ], [ 86.4225, 22.81 ], [ 86.4255, 22.7993 ], [ 86.4233, 22.7919 ], [ 86.4163, 22.7914 ], [ 86.4176, 22.7837 ], [ 86.4484, 22.7619 ], [ 86.4602, 22.7619 ], [ 86.4815, 22.7279 ], [ 86.4932, 22.7264 ], [ 86.5113, 22.705 ], [ 86.5129, 22.7166 ], [ 86.5442, 22.7216 ], [ 86.5853, 22.6911 ], [ 86.6025, 22.6873 ], [ 86.636, 22.665 ], [ 86.6424, 22.657 ], [ 86.6341, 22.6104 ], [ 86.6394, 22.5978 ], [ 86.657, 22.5908 ], [ 86.6536, 22.5818 ], [ 86.6595, 22.575 ], [ 86.7111, 22.5824 ], [ 86.7669, 22.575 ], [ 86.7691, 22.5546 ], [ 86.7752, 22.5488 ], [ 86.7893, 22.549 ], [ 86.7869, 22.5269 ], [ 86.7929, 22.525 ], [ 86.7927, 22.5113 ], [ 86.8024, 22.503 ], [ 86.7938, 22.4965 ], [ 86.8016, 22.4888 ], [ 86.7912, 22.4774 ], [ 86.7499, 22.4829 ], [ 86.751, 22.4567 ], [ 86.7632, 22.4484 ], [ 86.759, 22.4458 ], [ 86.7645, 22.4273 ], [ 86.8071, 22.4213 ], [ 86.8464, 22.3991 ], [ 86.8316, 22.3288 ], [ 86.8397, 22.3189 ], [ 86.8878, 22.2975 ], [ 86.8884, 22.2614 ], [ 86.8863, 22.2572 ], [ 86.8591, 22.258 ], [ 86.8511, 22.2652 ], [ 86.8427, 22.2616 ], [ 86.8233, 22.2667 ], [ 86.8183, 22.2537 ], [ 86.8136, 22.2674 ], [ 86.804, 22.2436 ], [ 86.798, 22.247 ], [ 86.8011, 22.2652 ], [ 86.7923, 22.2663 ], [ 86.7949, 22.2432 ], [ 86.7992, 22.2379 ], [ 86.8035, 22.2432 ], [ 86.812, 22.2412 ], [ 86.8024, 22.2175 ], [ 86.7919, 22.2218 ], [ 86.7847, 22.2151 ], [ 86.7786, 22.2173 ], [ 86.7845, 22.2306 ], [ 86.7932, 22.2242 ], [ 86.7949, 22.2278 ], [ 86.7839, 22.2364 ], [ 86.7748, 22.2333 ], [ 86.7764, 22.2179 ], [ 86.7711, 22.2204 ], [ 86.7579, 22.2117 ], [ 86.7079, 22.2233 ], [ 86.6875, 22.2217 ], [ 86.6759, 22.2286 ], [ 86.6703, 22.2423 ], [ 86.6532, 22.2374 ], [ 86.6547, 22.2507 ], [ 86.6441, 22.2687 ], [ 86.6397, 22.2655 ], [ 86.6322, 22.2732 ], [ 86.6273, 22.2695 ], [ 86.6105, 22.2833 ], [ 86.5931, 22.2786 ], [ 86.5823, 22.3016 ], [ 86.5769, 22.2956 ], [ 86.5689, 22.3014 ], [ 86.5541, 22.2985 ], [ 86.5407, 22.3082 ], [ 86.5328, 22.301 ], [ 86.5232, 22.3147 ], [ 86.5271, 22.3235 ], [ 86.5082, 22.3279 ], [ 86.5021, 22.3436 ], [ 86.4873, 22.3477 ] ] ] } },
{ "type": "Feature", "properties": { "district": "Garhwa", "did": "jharkhand:Garhwa", "state_key": "jharkhand" }, "geometry": { "type": "Polygon", "coordinates": [ [ [ 83.5157, 23.9796 ], [ 83.5138, 23.9964 ], [ 83.5239, 24.0114 ], [ 83.5157, 24.0272 ], [ 83.4778, 24.0412 ], [ 83.4529, 24.042 ], [ 83.4378, 24.0582 ], [ 83.4322, 24.086 ], [ 83.4066, 24.0804 ], [ 83.4011, 24.092 ], [ 83.3883, 24.1 ], [ 83.3642, 24.1033 ], [ 83.3477, 24.0963 ], [ 83.3293, 24.1013 ], [ 83.3449, 24.1109 ], [ 83.3541, 24.1249 ], [ 83.362, 24.1564 ], [ 83.383, 24.1979 ], [ 83.3786, 24.2108 ], [ 83.3846, 24.2205 ], [ 83.3787, 24.2304 ], [ 83.3976, 24.2438 ], [ 83.4091, 24.2663 ], [ 83.4072, 24.2888 ], [ 83.4015, 24.2955 ], [ 83.3862, 24.2988 ], [ 83.38, 24.3131 ], [ 83.4114, 24.3399 ], [ 83.4335, 24.3388 ], [ 83.4452, 24.3588 ], [ 83.4573, 24.3645 ], [ 83.4335, 24.3933 ], [ 83.4344, 24.4008 ], [ 83.4051, 24.4048 ], [ 83.4049, 24.436 ], [ 83.3941, 24.4346 ], [ 83.3855, 24.4513 ], [ 83.3969, 24.4969 ], [ 83.4015, 24.5034 ], [ 83.4294, 24.5109 ], [ 83.5046, 24.5256 ], [ 83.5509, 24.5233 ], [ 83.597, 24.5125 ], [ 83.6882, 24.5137 ], [ 83.7253, 24.5038 ], [ 83.7593, 24.511 ], [ 83.8002, 24.5295 ], [ 83.8627, 24.5367 ], [ 83.8747, 24.5307 ], [ 83.8538, 24.4811 ], [ 83.8577, 24.4256 ], [ 83.853, 24.4014 ], [ 83.822, 24.3783 ], [ 83.8136, 24.3591 ], [ 83.8322, 24.3182 ], [ 83.8183, 24.2918 ], [ 83.8608, 24.2412 ], [ 83.8823, 24.2051 ], [ 83.9361, 24.1632 ], [ 83.9692, 24.15 ], [ 83.9912, 24.1062 ], [ 83.9898, 24.1011 ], [ 83.9782, 24.1008 ], [ 83.9609, 24.1092 ], [ 83.9524, 24.0949 ], [ 83.9398, 24.1008 ], [ 83.9214, 24.0884 ], [ 83.9117, 24.0949 ], [ 83.9084, 24.0882 ], [ 83.8927, 24.0862 ], [ 83.8738, 24.0694 ], [ 83.8662, 24.0691 ], [ 83.8626, 24.0385 ], [ 83.8492, 24.0365 ], [ 83.8268, 24.0009 ], [ 83.8426, 23.9909 ], [ 83.836, 23.9698 ], [ 83.818, 23.9604 ], [ 83.8333, 23.9502 ], [ 83.8674, 23.9547 ], [ 83.8677, 23.9813 ], [ 83.8849, 23.9847 ], [ 83.8947, 23.9808 ], [ 83.8969, 23.9662 ], [ 83.9199, 23.9417 ], [ 83.9153, 23.9372 ], [ 83.9263, 23.9358 ], [ 83.9277, 23.9248 ], [ 83.9415, 23.9227 ], [ 83.9422, 23.9043 ], [ 83.9359, 23.9006 ], [ 83.9329, 23.8825 ], [ 83.938, 23.8681 ], [ 83.958, 23.8575 ], [ 83.9816, 23.8541 ], [ 83.984, 23.8374 ], [ 84.0019, 23.8172 ], [ 83.9992, 23.7938 ], [ 84.0188, 23.797 ], [ 84.0253, 23.7833 ], [ 84.01, 23.7646 ], [ 84.007, 23.7475 ], [ 83.9838, 23.7332 ], [ 83.9856, 23.7241 ], [ 84.0241, 23.6952 ], [ 84.0497, 23.6932 ], [ 84.0583, 23.7001 ], [ 84.0649, 23.6959 ], [ 84.062, 23.6912 ], [ 84.0697, 23.6934 ], [ 84.0527, 23.6604 ], [ 84.0177, 23.6342 ], [ 83.9806, 23.6337 ], [ 83.9804, 23.6249 ], [ 83.9478, 23.6267 ], [ 83.9319, 23.6204 ], [ 83.9377, 23.569 ], [ 83.8994, 23.5824 ], [ 83.8881, 23.5788 ], [ 83.8154, 23.5962 ], [ 83.807, 23.5875 ], [ 83.8006, 23.602 ], [ 83.7753, 23.609 ], [ 83.7746, 23.6226 ], [ 83.7587, 23.6267 ], [ 83.7517, 23.6407 ], [ 83.7616, 23.6508 ], [ 83.7236, 23.6839 ], [ 83.7421, 23.7038 ], [ 83.7461, 23.7195 ], [ 83.7377, 23.7605 ], [ 83.7216, 23.7715 ], [ 83.722, 23.788 ], [ 83.7047, 23.8048 ], [ 83.7069, 23.8188 ], [ 83.6927, 23.8263 ], [ 83.6828, 23.8194 ], [ 83.6743, 23.8272 ], [ 83.6645, 23.8277 ], [ 83.6685, 23.8367 ], [ 83.6595, 23.8493 ], [ 83.6434, 23.8469 ], [ 83.5897, 23.8633 ], [ 83.5712, 23.8621 ], [ 83.5695, 23.8691 ], [ 83.5835, 23.8778 ], [ 83.5858, 23.8864 ], [ 83.5741, 23.8937 ], [ 83.5547, 23.8956 ], [ 83.5469, 23.9143 ], [ 83.5491, 23.929 ], [ 83.5157, 23.9796 ] ] ] } },
{ "type": "Feature", "properties": { "district": "Giridih", "did": "jharkhand:Giridih", "state_key": "jharkhand" }, "geometry": { "type": "Polygon", "coordinates": [ [ [ 85.8989, 23.9919 ], [ 85.8932, 24.0147 ], [ 85.8852, 24.017 ], [ 85.8831, 24.0072 ], [ 85.8766, 24.006 ], [ 85.8579, 24.0178 ], [ 85.8768, 24.0327 ], [ 85.8729, 24.0514 ], [ 85.8649, 24.0459 ], [ 85.8552, 24.0477 ], [ 85.8538, 24.0595 ], [ 85.8478, 24.064 ], [ 85.8393, 24.0605 ], [ 85.8369, 24.0717 ], [ 85.8243, 24.0723 ], [ 85.8167, 24.0618 ], [ 85.8022, 24.0673 ], [ 85.8058, 24.0782 ], [ 85.798, 24.0783 ], [ 85.7862, 24.09 ], [ 85.7719, 24.0911 ], [ 85.7784, 24.1006 ], [ 85.7707, 24.1032 ], [ 85.7577, 24.0976 ], [ 85.749, 24.1032 ], [ 85.7349, 24.094 ], [ 85.7292, 24.0994 ], [ 85.7117, 24.1011 ], [ 85.7168, 24.1179 ], [ 85.713, 24.1259 ], [ 85.6754, 24.1466 ], [ 85.6759, 24.1519 ], [ 85.6879, 24.1782 ], [ 85.7348, 24.1899 ], [ 85.7359, 24.1986 ], [ 85.7561, 24.2007 ], [ 85.7703, 24.2101 ], [ 85.778, 24.2068 ], [ 85.7934, 24.2111 ], [ 85.8026, 24.226 ], [ 85.8201, 24.209 ], [ 85.829, 24.2171 ], [ 85.8412, 24.214 ], [ 85.8484, 24.2188 ], [ 85.8529, 24.2113 ], [ 85.8605, 24.2116 ], [ 85.855, 24.2482 ], [ 85.8363, 24.2552 ], [ 85.8592, 24.2751 ], [ 85.8629, 24.2871 ], [ 85.8747, 24.2872 ], [ 85.8713, 24.3232 ], [ 85.8698, 24.3283 ], [ 85.8522, 24.3275 ], [ 85.852, 24.3375 ], [ 85.8462, 24.3402 ], [ 85.8533, 24.3614 ], [ 85.8497, 24.3751 ], [ 85.8555, 24.3949 ], [ 85.8507, 24.406 ], [ 85.8561, 24.4135 ], [ 85.8376, 24.4243 ], [ 85.8313, 24.4449 ], [ 85.8573, 24.4676 ], [ 85.8695, 24.5257 ], [ 85.8396, 24.5443 ], [ 85.8109, 24.5487 ], [ 85.8049, 24.5638 ], [ 85.8083, 24.573 ], [ 85.7922, 24.5892 ], [ 85.8028, 24.6087 ], [ 85.7871, 24.6018 ], [ 85.7745, 24.61 ], [ 85.7737, 24.6436 ], [ 85.7847, 24.6473 ], [ 85.7946, 24.667 ], [ 85.8069, 24.6728 ], [ 85.8285, 24.662 ], [ 85.8431, 24.6682 ], [ 85.8335, 24.6803 ], [ 85.8312, 24.703 ], [ 85.8189, 24.715 ], [ 85.8198, 24.7248 ], [ 85.8548, 24.7345 ], [ 85.8562, 24.7392 ], [ 85.887, 24.7311 ], [ 85.8913, 24.7368 ], [ 85.8831, 24.7433 ], [ 85.886, 24.7503 ], [ 85.9006, 24.7558 ], [ 85.9036, 24.7656 ], [ 85.9139, 24.75 ], [ 85.9356, 24.7356 ], [ 85.969, 24.7331 ], [ 85.9801, 24.7488 ], [ 86.0375, 24.7765 ], [ 86.0551, 24.7797 ], [ 86.0569, 24.7611 ], [ 86.0351, 24.7464 ], [ 86.0371, 24.7411 ], [ 86.0663, 24.7516 ], [ 86.0907, 24.746 ], [ 86.1074, 24.7348 ], [ 86.1284, 24.6986 ], [ 86.1319, 24.6759 ], [ 86.1247, 24.6711 ], [ 86.1251, 24.6546 ], [ 86.1152, 24.6439 ], [ 86.1211, 24.6182 ], [ 86.1326, 24.6055 ], [ 86.1507, 24.6026 ], [ 86.1502, 24.5951 ], [ 86.1615, 24.5862 ], [ 86.1805, 24.5837 ], [ 86.2145, 24.5949 ], [ 86.2143, 24.6138 ], [ 86.2383, 24.6001 ], [ 86.2415, 24.59 ], [ 86.2545, 24.5871 ], [ 86.2592, 24.5787 ], [ 86.2643, 24.5843 ], [ 86.2747, 24.5771 ], [ 86.2695, 24.5848 ], [ 86.2746, 24.5866 ], [ 86.3233, 24.5866 ], [ 86.3008, 24.5601 ], [ 86.308, 24.5488 ], [ 86.2975, 24.5335 ], [ 86.3057, 24.5277 ], [ 86.309, 24.5098 ], [ 86.2934, 24.4812 ], [ 86.2818, 24.4791 ], [ 86.276, 24.4658 ], [ 86.2986, 24.4596 ], [ 86.2949, 24.4509 ], [ 86.3136, 24.4471 ], [ 86.3174, 24.4415 ], [ 86.3499, 24.4474 ], [ 86.3582, 24.4293 ], [ 86.3968, 24.4037 ], [ 86.413, 24.3803 ], [ 86.4326, 24.3801 ], [ 86.4445, 24.3678 ], [ 86.4578, 24.3713 ], [ 86.457, 24.356 ], [ 86.4703, 24.3536 ], [ 86.4577, 24.3349 ], [ 86.4756, 24.3301 ], [ 86.4725, 24.3126 ], [ 86.4884, 24.2869 ], [ 86.5046, 24.2825 ], [ 86.5161, 24.2398 ], [ 86.5087, 24.2308 ], [ 86.517, 24.2221 ], [ 86.507, 24.2093 ], [ 86.5115, 24.2077 ], [ 86.5003, 24.1994 ], [ 86.5019, 24.181 ], [ 86.4851, 24.152 ], [ 86.5147, 24.1494 ], [ 86.5243, 24.1582 ], [ 86.5512, 24.1552 ], [ 86.572, 24.1426 ], [ 86.565, 24.1365 ], [ 86.5656, 24.1244 ], [ 86.5464, 24.0897 ], [ 86.5437, 24.0711 ], [ 86.5303, 24.0539 ], [ 86.4953, 24.0407 ], [ 86.481, 24.0434 ], [ 86.4764, 24.0276 ], [ 86.4839, 24.0304 ], [ 86.4839, 24.0218 ], [ 86.4675, 24.0187 ], [ 86.4416, 24.0314 ], [ 86.4151, 24.0316 ], [ 86.3946, 24.0413 ], [ 86.3809, 24.0593 ], [ 86.3678, 24.0484 ], [ 86.3445, 24.0535 ], [ 86.3327, 24.0491 ], [ 86.3338, 24.0361 ], [ 86.3182, 24.0303 ], [ 86.3265, 24.0194 ], [ 86.3411, 24.0178 ], [ 86.3405, 24.0065 ], [ 86.3137, 23.9768 ], [ 86.3138, 23.964 ], [ 86.2935, 23.9156 ], [ 86.2805, 23.9237 ], [ 86.2598, 23.9211 ], [ 86.2334, 23.9384 ], [ 86.2126, 23.9368 ], [ 86.1957, 23.9423 ], [ 86.1517, 23.9296 ], [ 86.1359, 23.9329 ], [ 86.1267, 23.9167 ], [ 86.1264, 23.9015 ], [ 86.0995, 23.8836 ], [ 86.0723, 23.9216 ], [ 86.0262, 23.9109 ], [ 85.996, 23.9112 ], [ 85.9705, 23.893 ], [ 85.9664, 23.9019 ], [ 85.962, 23.8998 ], [ 85.9637, 23.9129 ], [ 85.9448, 23.9275 ], [ 85.947, 23.938 ], [ 85.9319, 23.9251 ], [ 85.9278, 23.9451 ], [ 85.9127, 23.9478 ], [ 85.9135, 23.9551 ], [ 85.9309, 23.9584 ], [ 85.9316, 23.9784 ], [ 85.8989, 23.9919 ] ] ] } },
{ "type": "Feature", "properties": { "district": "Godda", "did": "jharkhand:Godda", "state_key": "jharkhand" }, "geometry": { "type": "MultiPolygon", "coordinates": [ [ [ [ 87.4154, 24.5397 ], [ 87.4076, 24.5409 ], [ 87.4062, 24.5356 ], [ 87.3924, 24.5476 ], [ 87.3874, 24.5244 ], [ 87.3942, 24.5103 ], [ 87.4169, 24.5103 ], [ 87.4226, 24.5169 ], [ 87.4206, 24.5087 ], [ 87.3979, 24.5006 ], [ 87.3808, 24.502 ], [ 87.3722, 24.5053 ], [ 87.3707, 24.5205 ], [ 87.3244, 24.5698 ], [ 87.3277, 24.5773 ], [ 87.3088, 24.5981 ], [ 87.2913, 24.596 ], [ 87.2771, 24.6049 ], [ 87.2454, 24.5857 ], [ 87.2201, 24.5983 ], [ 87.2149, 24.5906 ], [ 87.2003, 24.5932 ], [ 87.1875, 24.6067 ], [ 87.1771, 24.6056 ], [ 87.1676, 24.6161 ], [ 87.1498, 24.6129 ], [ 87.1185, 24.6345 ], [ 87.1088, 24.6275 ], [ 87.0889, 24.6387 ], [ 87.0773, 24.6366 ], [ 87.0657, 24.6426 ], [ 87.0563, 24.6389 ], [ 87.0489, 24.6214 ], [ 87.0462, 24.6299 ], [ 87.0541, 24.6693 ], [ 87.0803, 24.7262 ], [ 87.0696, 24.7443 ], [ 87.0843, 24.7561 ], [ 87.0787, 24.7775 ], [ 87.0957, 24.8027 ], [ 87.0733, 24.8086 ], [ 87.0743, 24.8199 ], [ 87.0774, 24.8253 ], [ 87.0912, 24.8255 ], [ 87.1061, 24.8551 ], [ 87.1206, 24.8552 ], [ 87.1324, 24.8626 ], [ 87.1426, 24.8606 ], [ 87.1554, 24.8844 ], [ 87.1538, 24.9 ], [ 87.1424, 24.9137 ], [ 87.1517, 24.9316 ], [ 87.1436, 24.9441 ], [ 87.1513, 24.9873 ], [ 87.1465, 25.0205 ], [ 87.1589, 25.029 ], [ 87.1777, 25.063 ], [ 87.2127, 25.0819 ], [ 87.2143, 25.0912 ], [ 87.2374, 25.0858 ], [ 87.2405, 25.098 ], [ 87.2493, 25.1001 ], [ 87.2503, 25.1057 ], [ 87.2632, 25.1033 ], [ 87.2698, 25.094 ], [ 87.2954, 25.0885 ], [ 87.3049, 25.1429 ], [ 87.319, 25.1648 ], [ 87.3154, 25.1801 ], [ 87.3273, 25.2236 ], [ 87.3343, 25.2161 ], [ 87.3715, 25.2062 ], [ 87.3816, 25.2232 ], [ 87.3914, 25.2279 ], [ 87.4626, 25.1949 ], [ 87.4799, 25.1939 ], [ 87.5011, 25.1395 ], [ 87.4741, 25.1045 ], [ 87.5081, 25.0793 ], [ 87.5118, 25.066 ], [ 87.5228, 25.0593 ], [ 87.5059, 25.0529 ], [ 87.5123, 25.0389 ], [ 87.5013, 25.0196 ], [ 87.4675, 25.0021 ], [ 87.4594, 24.9916 ], [ 87.4594, 24.9839 ], [ 87.4791, 24.9766 ], [ 87.4706, 24.9687 ], [ 87.4723, 24.9549 ], [ 87.4631, 24.9542 ], [ 87.4656, 24.9489 ], [ 87.4558, 24.9388 ], [ 87.4617, 24.9171 ], [ 87.468, 24.919 ], [ 87.4692, 24.9032 ], [ 87.4545, 24.891 ], [ 87.4695, 24.8798 ], [ 87.4697, 24.873 ], [ 87.4573, 24.8695 ], [ 87.4575, 24.864 ], [ 87.476, 24.8548 ], [ 87.4838, 24.8211 ], [ 87.4941, 24.8139 ], [ 87.4974, 24.8026 ], [ 87.5111, 24.798 ], [ 87.4976, 24.7902 ], [ 87.4992, 24.7823 ], [ 87.4884, 24.7895 ], [ 87.4604, 24.7922 ], [ 87.4603, 24.7859 ], [ 87.4542, 24.7859 ], [ 87.4567, 24.7793 ], [ 87.4369, 24.7588 ], [ 87.4654, 24.7206 ], [ 87.4647, 24.7053 ], [ 87.4743, 24.6888 ], [ 87.4687, 24.682 ], [ 87.4751, 24.6475 ], [ 87.4486, 24.6317 ], [ 87.4458, 24.6183 ], [ 87.4621, 24.6167 ], [ 87.4648, 24.6037 ], [ 87.4568, 24.5991 ], [ 87.4562, 24.5895 ], [ 87.4671, 24.5809 ], [ 87.4679, 24.5689 ], [ 87.4504, 24.562 ], [ 87.4406, 24.5685 ], [ 87.4381, 24.5574 ], [ 87.4206, 24.5512 ], [ 87.4154, 24.5397 ] ] ], [ [ [ 87.5018, 24.9711 ], [ 87.4957, 24.9653 ], [ 87.4869, 24.9697 ], [ 87.4877, 24.974 ], [ 87.5018, 24.9711 ] ] ], [ [ [ 87.4951, 25.0116 ], [ 87.5007, 25.014 ], [ 87.5038, 25.0084 ], [ 87.4951, 25.0116 ] ] ], [ [ [ 87.5382, 25.0702 ], [ 87.5309, 25.0684 ], [ 87.5379, 25.0758 ], [ 87.5428, 25.0681 ], [ 87.5382, 25.0702 ] ] ] ] } },
{ "type": "Feature", "properties": { "district": "Gumla", "did": "jharkhand:Gumla", "state_key": "jharkhand" }, "geometry": { "type": "Polygon", "coordinates": [ [ [ 84.4494, 22.8349 ], [ 84.4481, 22.8125 ], [ 84.4293, 22.8111 ], [ 84.4353, 22.7982 ], [ 84.4164, 22.7649 ], [ 84.3998, 22.7765 ], [ 84.3925, 22.7754 ], [ 84.3914, 22.7658 ], [ 84.3797, 22.7646 ], [ 84.3719, 22.7543 ], [ 84.3492, 22.762 ], [ 84.3543, 22.7507 ], [ 84.3428, 22.7468 ], [ 84.3253, 22.764 ], [ 84.2919, 22.7743 ], [ 84.2993, 22.7959 ], [ 84.3151, 22.8007 ], [ 84.3242, 22.8509 ], [ 84.3348, 22.8615 ], [ 84.3697, 22.8636 ], [ 84.3805, 22.8767 ], [ 84.3829, 22.8953 ], [ 84.3752, 22.9045 ], [ 84.3928, 22.9194 ], [ 84.3956, 22.9287 ], [ 84.3773, 22.9752 ], [ 84.3438, 22.9761 ], [ 84.3281, 22.9819 ], [ 84.3076, 22.9674 ], [ 84.2811, 22.9637 ], [ 84.2738, 22.9821 ], [ 84.277, 22.9934 ], [ 84.253, 22.9729 ], [ 84.241, 22.9836 ], [ 84.2192, 22.9791 ], [ 84.2008, 23.0053 ], [ 84.2017, 23.0211 ], [ 84.1858, 23.0271 ], [ 84.1752, 23.0095 ], [ 84.1755, 22.976 ], [ 84.1718, 22.9708 ], [ 84.1492, 22.9657 ], [ 84.1402, 23.0096 ], [ 84.1255, 23.0365 ], [ 84.1335, 23.0831 ], [ 84.1157, 23.09 ], [ 84.0932, 23.1128 ], [ 84.0724, 23.109 ], [ 84.0626, 23.1134 ], [ 84.0583, 23.1262 ], [ 84.0375, 23.1399 ], [ 84.032, 23.1561 ], [ 84.0429, 23.1826 ], [ 84.0632, 23.2056 ], [ 84.0537, 23.2473 ], [ 84.0681, 23.2938 ], [ 84.0622, 23.3077 ], [ 84.0743, 23.3338 ], [ 84.0974, 23.3313 ], [ 84.1161, 23.3507 ], [ 84.15, 23.3352 ], [ 84.1921, 23.3253 ], [ 84.2022, 23.3383 ], [ 84.2443, 23.3503 ], [ 84.2477, 23.3666 ], [ 84.2601, 23.3823 ], [ 84.2512, 23.4089 ], [ 84.2551, 23.4294 ], [ 84.2466, 23.4468 ], [ 84.2569, 23.4589 ], [ 84.2739, 23.4634 ], [ 84.2764, 23.4717 ], [ 84.2821, 23.4671 ], [ 84.2906, 23.4936 ], [ 84.3018, 23.4843 ], [ 84.3175, 23.4819 ], [ 84.3166, 23.4933 ], [ 84.3289, 23.493 ], [ 84.3266, 23.5149 ], [ 84.3327, 23.5294 ], [ 84.3274, 23.5322 ], [ 84.319, 23.5803 ], [ 84.342, 23.5847 ], [ 84.3423, 23.5993 ], [ 84.3508, 23.5994 ], [ 84.3585, 23.6089 ], [ 84.3827, 23.6077 ], [ 84.3964, 23.5973 ], [ 84.4058, 23.6031 ], [ 84.437, 23.5895 ], [ 84.4562, 23.5973 ], [ 84.4538, 23.5848 ], [ 84.4717, 23.5797 ], [ 84.4624, 23.5346 ], [ 84.4712, 23.5202 ], [ 84.4765, 23.4861 ], [ 84.4652, 23.4678 ], [ 84.4311, 23.4356 ], [ 84.4427, 23.4048 ], [ 84.4757, 23.4043 ], [ 84.4813, 23.394 ], [ 84.4731, 23.3862 ], [ 84.4726, 23.3692 ], [ 84.4872, 23.3523 ], [ 84.5007, 23.3526 ], [ 84.5005, 23.3711 ], [ 84.5151, 23.3847 ], [ 84.5399, 23.3456 ], [ 84.5639, 23.3459 ], [ 84.592, 23.3186 ], [ 84.6082, 23.3153 ], [ 84.6142, 23.3224 ], [ 84.63, 23.3071 ], [ 84.652, 23.3112 ], [ 84.6623, 23.3067 ], [ 84.664, 23.3148 ], [ 84.6787, 23.3213 ], [ 84.6914, 23.3079 ], [ 84.7024, 23.3089 ], [ 84.7376, 23.332 ], [ 84.7461, 23.3306 ], [ 84.7503, 23.3216 ], [ 84.7882, 23.3217 ], [ 84.7945, 23.313 ], [ 84.7868, 23.281 ], [ 84.7939, 23.279 ], [ 84.8138, 23.2829 ], [ 84.8178, 23.2951 ], [ 84.843, 23.2995 ], [ 84.8504, 23.315 ], [ 84.8669, 23.3154 ], [ 84.8754, 23.3101 ], [ 84.8962, 23.3168 ], [ 84.9072, 23.3272 ], [ 84.9208, 23.3204 ], [ 84.9264, 23.3084 ], [ 84.9014, 23.2861 ], [ 84.8976, 23.2588 ], [ 84.9129, 23.256 ], [ 84.9116, 23.2433 ], [ 84.9388, 23.2308 ], [ 84.9504, 23.2313 ], [ 84.9518, 23.2249 ], [ 84.9362, 23.2013 ], [ 84.9118, 23.1945 ], [ 84.9258, 23.1876 ], [ 84.9216, 23.1678 ], [ 84.9013, 23.173 ], [ 84.892, 23.167 ], [ 84.8882, 23.1187 ], [ 84.8997, 23.1097 ], [ 84.8964, 23.0987 ], [ 84.8687, 23.0983 ], [ 84.8693, 23.0886 ], [ 84.8745, 23.0679 ], [ 84.9047, 23.0562 ], [ 84.9138, 23.0294 ], [ 84.9299, 23.0281 ], [ 84.927, 23.0347 ], [ 84.9316, 23.0355 ], [ 84.9433, 23.0238 ], [ 84.9373, 23.0153 ], [ 84.9474, 23.0089 ], [ 84.9403, 22.995 ], [ 84.9467, 22.967 ], [ 84.9556, 22.9648 ], [ 84.9642, 22.971 ], [ 84.9851, 22.9663 ], [ 85.0122, 22.9453 ], [ 85.0163, 22.9323 ], [ 85.0105, 22.9239 ], [ 84.9885, 22.9244 ], [ 84.9799, 22.8987 ], [ 84.9898, 22.8972 ], [ 84.9877, 22.8586 ], [ 84.9988, 22.8441 ], [ 85.0071, 22.8022 ], [ 84.9826, 22.8045 ], [ 84.9805, 22.7857 ], [ 84.9687, 22.7852 ], [ 84.9589, 22.7752 ], [ 84.9453, 22.778 ], [ 84.9306, 22.7922 ], [ 84.913, 22.7621 ], [ 84.8983, 22.7582 ], [ 84.9002, 22.7542 ], [ 84.8812, 22.7386 ], [ 84.8588, 22.7658 ], [ 84.8433, 22.7702 ], [ 84.8414, 22.7571 ], [ 84.8578, 22.7199 ], [ 84.8314, 22.7306 ], [ 84.8311, 22.7416 ], [ 84.82, 22.7505 ], [ 84.8145, 22.7361 ], [ 84.8213, 22.716 ], [ 84.8103, 22.7093 ], [ 84.7866, 22.7232 ], [ 84.7947, 22.7598 ], [ 84.7925, 22.7722 ], [ 84.7843, 22.7588 ], [ 84.7754, 22.765 ], [ 84.7805, 22.7952 ], [ 84.769, 22.7896 ], [ 84.7342, 22.8019 ], [ 84.7173, 22.7849 ], [ 84.7294, 22.7751 ], [ 84.7247, 22.7655 ], [ 84.7043, 22.7648 ], [ 84.6954, 22.7416 ], [ 84.6865, 22.737 ], [ 84.6697, 22.7394 ], [ 84.6661, 22.731 ], [ 84.6486, 22.7396 ], [ 84.6453, 22.7316 ], [ 84.6123, 22.7336 ], [ 84.6044, 22.7309 ], [ 84.6051, 22.723 ], [ 84.5922, 22.7128 ], [ 84.5593, 22.7309 ], [ 84.5694, 22.747 ], [ 84.5468, 22.7643 ], [ 84.5393, 22.7615 ], [ 84.5288, 22.7406 ], [ 84.5158, 22.754 ], [ 84.5312, 22.7692 ], [ 84.5437, 22.7659 ], [ 84.5543, 22.7715 ], [ 84.5532, 22.7918 ], [ 84.5025, 22.7986 ], [ 84.5034, 22.8247 ], [ 84.4574, 22.8373 ], [ 84.4494, 22.8349 ] ] ] } },
{ "type": "Feature", "properties": { "district": "Hazaribagh", "did": "jharkhand:Hazaribagh", "state_key": "jharkhand" }, "geometry": { "type": "Polygon", "coordinates": [ [ [ 85.4325, 23.7773 ], [ 85.4707, 23.7651 ], [ 85.461, 23.7574 ], [ 85.4643, 23.7435 ], [ 85.4555, 23.7402 ], [ 85.4561, 23.7273 ], [ 85.4414, 23.7218 ], [ 85.4405, 23.7088 ], [ 85.4278, 23.7085 ], [ 85.4247, 23.684 ], [ 85.4471, 23.6628 ], [ 85.4459, 23.6548 ], [ 85.4036, 23.6525 ], [ 85.3977, 23.6653 ], [ 85.3856, 23.66 ], [ 85.3854, 23.6708 ], [ 85.3611, 23.6735 ], [ 85.3376, 23.6958 ], [ 85.3369, 23.7038 ], [ 85.3067, 23.6834 ], [ 85.2983, 23.6903 ], [ 85.2852, 23.6866 ], [ 85.2623, 23.6966 ], [ 85.2451, 23.7121 ], [ 85.2326, 23.6848 ], [ 85.2256, 23.6853 ], [ 85.2248, 23.7007 ], [ 85.1881, 23.7095 ], [ 85.167, 23.6658 ], [ 85.1589, 23.6738 ], [ 85.1134, 23.6621 ], [ 85.1067, 23.664 ], [ 85.1069, 23.6821 ], [ 85.1168, 23.7057 ], [ 85.1044, 23.7059 ], [ 85.0826, 23.7321 ], [ 85.1039, 23.7291 ], [ 85.1031, 23.7457 ], [ 85.1284, 23.7522 ], [ 85.1255, 23.7594 ], [ 85.1313, 23.7603 ], [ 85.1357, 23.7765 ], [ 85.058, 23.7972 ], [ 85.0488, 23.8049 ], [ 85.0483, 23.8275 ], [ 85.0601, 23.8273 ], [ 85.0607, 23.8334 ], [ 85.0315, 23.8597 ], [ 85.0329, 23.8792 ], [ 85.0225, 23.8799 ], [ 85.0268, 23.8893 ], [ 85.0215, 23.8973 ], [ 85.0292, 23.9151 ], [ 85.0474, 23.9133 ], [ 85.0491, 23.9193 ], [ 85.04, 23.9227 ], [ 85.046, 23.9308 ], [ 85.0395, 23.9387 ], [ 85.0568, 23.958 ], [ 85.039, 23.9662 ], [ 85.0291, 23.9636 ], [ 85.0263, 23.9916 ], [ 85.0443, 24.0018 ], [ 85.0558, 23.9922 ], [ 85.0546, 23.9855 ], [ 85.0776, 23.983 ], [ 85.0827, 23.9691 ], [ 85.0758, 23.9614 ], [ 85.0857, 23.9582 ], [ 85.0995, 23.9754 ], [ 85.1201, 23.9707 ], [ 85.1251, 23.9759 ], [ 85.1495, 23.9501 ], [ 85.1859, 23.9477 ], [ 85.2026, 23.9567 ], [ 85.2028, 23.9733 ], [ 85.2109, 23.9788 ], [ 85.2143, 23.9923 ], [ 85.2292, 23.9969 ], [ 85.2307, 24.011 ], [ 85.2503, 24.0149 ], [ 85.2484, 24.0626 ], [ 85.2339, 24.0752 ], [ 85.213, 24.0787 ], [ 85.1927, 24.0932 ], [ 85.1712, 24.0993 ], [ 85.1756, 24.1108 ], [ 85.1667, 24.1209 ], [ 85.1754, 24.1235 ], [ 85.1526, 24.1569 ], [ 85.144, 24.1558 ], [ 85.1499, 24.1823 ], [ 85.1406, 24.2009 ], [ 85.1349, 24.2018 ], [ 85.1373, 24.2068 ], [ 85.1502, 24.2089 ], [ 85.1618, 24.2294 ], [ 85.1745, 24.2251 ], [ 85.1872, 24.2283 ], [ 85.2169, 24.219 ], [ 85.2387, 24.2232 ], [ 85.2543, 24.2128 ], [ 85.273, 24.216 ], [ 85.2803, 24.2082 ], [ 85.2872, 24.2088 ], [ 85.29, 24.2004 ], [ 85.3034, 24.199 ], [ 85.2969, 24.2219 ], [ 85.3028, 24.2251 ], [ 85.3013, 24.236 ], [ 85.3108, 24.2456 ], [ 85.3227, 24.2473 ], [ 85.315, 24.2531 ], [ 85.322, 24.2625 ], [ 85.3183, 24.2916 ], [ 85.3275, 24.2948 ], [ 85.3227, 24.3092 ], [ 85.3345, 24.3092 ], [ 85.3398, 24.3016 ], [ 85.3479, 24.3062 ], [ 85.3573, 24.2921 ], [ 85.3815, 24.3098 ], [ 85.3803, 24.3211 ], [ 85.3639, 24.308 ], [ 85.3504, 24.3165 ], [ 85.3407, 24.3137 ], [ 85.318, 24.325 ], [ 85.3055, 24.3387 ], [ 85.2938, 24.3391 ], [ 85.2835, 24.3321 ], [ 85.2434, 24.3402 ], [ 85.2419, 24.3524 ], [ 85.2389, 24.3411 ], [ 85.2275, 24.3438 ], [ 85.2076, 24.339 ], [ 85.2011, 24.3251 ], [ 85.1867, 24.3301 ], [ 85.1841, 24.3363 ], [ 85.1685, 24.3386 ], [ 85.1629, 24.3491 ], [ 85.1589, 24.3463 ], [ 85.1526, 24.3537 ], [ 85.1373, 24.3557 ], [ 85.1434, 24.3287 ], [ 85.1366, 24.3256 ], [ 85.1122, 24.3326 ], [ 85.1016, 24.328 ], [ 85.0998, 24.3404 ], [ 85.0865, 24.3521 ], [ 85.0869, 24.3689 ], [ 85.1034, 24.3771 ], [ 85.1027, 24.3849 ], [ 85.1168, 24.3914 ], [ 85.1224, 24.4015 ], [ 85.1623, 24.4126 ], [ 85.1749, 24.4221 ], [ 85.1541, 24.455 ], [ 85.1619, 24.4606 ], [ 85.1999, 24.4605 ], [ 85.2066, 24.4673 ], [ 85.2258, 24.4631 ], [ 85.2322, 24.4731 ], [ 85.2413, 24.4752 ], [ 85.2491, 24.4907 ], [ 85.2823, 24.4917 ], [ 85.2814, 24.5202 ], [ 85.2912, 24.5237 ], [ 85.3222, 24.52 ], [ 85.3542, 24.5238 ], [ 85.3566, 24.5165 ], [ 85.3324, 24.5092 ], [ 85.3293, 24.4995 ], [ 85.3285, 24.4862 ], [ 85.345, 24.4721 ], [ 85.3772, 24.4686 ], [ 85.3925, 24.481 ], [ 85.4092, 24.4812 ], [ 85.4139, 24.4451 ], [ 85.4301, 24.4285 ], [ 85.4393, 24.4272 ], [ 85.4428, 24.4185 ], [ 85.4296, 24.422 ], [ 85.4229, 24.4049 ], [ 85.4099, 24.407 ], [ 85.4004, 24.3931 ], [ 85.4107, 24.3881 ], [ 85.4092, 24.3795 ], [ 85.4215, 24.3742 ], [ 85.4126, 24.3545 ], [ 85.4249, 24.3569 ], [ 85.4325, 24.352 ], [ 85.4367, 24.3318 ], [ 85.4526, 24.3367 ], [ 85.4658, 24.3244 ], [ 85.477, 24.331 ], [ 85.5173, 24.317 ], [ 85.5272, 24.3328 ], [ 85.5408, 24.3321 ], [ 85.5473, 24.3467 ], [ 85.5715, 24.3385 ], [ 85.5781, 24.3512 ], [ 85.5925, 24.3324 ], [ 85.608, 24.3393 ], [ 85.6189, 24.3258 ], [ 85.6346, 24.3239 ], [ 85.6429, 24.3303 ], [ 85.6422, 24.3118 ], [ 85.6609, 24.3094 ], [ 85.6625, 24.3318 ], [ 85.6931, 24.314 ], [ 85.695, 24.3045 ], [ 85.7038, 24.3038 ], [ 85.7115, 24.2921 ], [ 85.7284, 24.2993 ], [ 85.7384, 24.2857 ], [ 85.7525, 24.2826 ], [ 85.7637, 24.2899 ], [ 85.7642, 24.3032 ], [ 85.8001, 24.2916 ], [ 85.8197, 24.2938 ], [ 85.8205, 24.2632 ], [ 85.8354, 24.2811 ], [ 85.8532, 24.2727 ], [ 85.8363, 24.2545 ], [ 85.855, 24.2482 ], [ 85.8603, 24.2111 ], [ 85.8529, 24.2113 ], [ 85.8484, 24.2188 ], [ 85.8412, 24.214 ], [ 85.829, 24.2171 ], [ 85.8201, 24.209 ], [ 85.8026, 24.226 ], [ 85.7934, 24.2111 ], [ 85.778, 24.2068 ], [ 85.7703, 24.2101 ], [ 85.7561, 24.2007 ], [ 85.7359, 24.1986 ], [ 85.7348, 24.1899 ], [ 85.6828, 24.1751 ], [ 85.6754, 24.1466 ], [ 85.713, 24.1259 ], [ 85.7168, 24.1179 ], [ 85.7117, 24.1011 ], [ 85.7292, 24.0994 ], [ 85.7349, 24.094 ], [ 85.749, 24.1032 ], [ 85.7577, 24.0976 ], [ 85.7707, 24.1032 ], [ 85.7784, 24.1006 ], [ 85.7719, 24.0911 ], [ 85.7862, 24.09 ], [ 85.798, 24.0783 ], [ 85.8058, 24.0782 ], [ 85.8022, 24.0673 ], [ 85.8167, 24.0618 ], [ 85.8243, 24.0723 ], [ 85.8369, 24.0717 ], [ 85.8393, 24.0605 ], [ 85.8478, 24.064 ], [ 85.8538, 24.0595 ], [ 85.8552, 24.0477 ], [ 85.8649, 24.0459 ], [ 85.8729, 24.0514 ], [ 85.8768, 24.0327 ], [ 85.8579, 24.0178 ], [ 85.8766, 24.006 ], [ 85.8831, 24.0072 ], [ 85.8852, 24.017 ], [ 85.8957, 24.0134 ], [ 85.8989, 23.9919 ], [ 85.924, 23.9854 ], [ 85.9323, 23.9748 ], [ 85.9307, 23.9581 ], [ 85.9135, 23.9551 ], [ 85.9127, 23.9477 ], [ 85.9037, 23.955 ], [ 85.8879, 23.9569 ], [ 85.8823, 23.9248 ], [ 85.8889, 23.9184 ], [ 85.8862, 23.9087 ], [ 85.8624, 23.8788 ], [ 85.8622, 23.8647 ], [ 85.8412, 23.8516 ], [ 85.836, 23.8401 ], [ 85.8141, 23.8448 ], [ 85.8135, 23.8545 ], [ 85.8033, 23.8597 ], [ 85.805, 23.8729 ], [ 85.7969, 23.8898 ], [ 85.8009, 23.8959 ], [ 85.7856, 23.9003 ], [ 85.7838, 23.918 ], [ 85.7646, 23.9259 ], [ 85.7642, 23.9441 ], [ 85.7566, 23.9472 ], [ 85.7488, 23.9427 ], [ 85.7385, 23.9502 ], [ 85.7392, 23.9421 ], [ 85.728, 23.9386 ], [ 85.714, 23.923 ], [ 85.7129, 23.9351 ], [ 85.7001, 23.9398 ], [ 85.6847, 23.9648 ], [ 85.6853, 23.9717 ], [ 85.6981, 23.9793 ], [ 85.6763, 23.9867 ], [ 85.675, 23.9754 ], [ 85.6675, 23.9751 ], [ 85.6721, 23.9684 ], [ 85.6671, 23.9571 ], [ 85.6579, 23.954 ], [ 85.6458, 23.9552 ], [ 85.6399, 23.9618 ], [ 85.617, 23.9621 ], [ 85.6089, 23.9578 ], [ 85.6078, 23.9367 ], [ 85.5949, 23.9337 ], [ 85.5845, 23.9177 ], [ 85.5765, 23.9182 ], [ 85.579, 23.9096 ], [ 85.5651, 23.8963 ], [ 85.5732, 23.8935 ], [ 85.5672, 23.8845 ], [ 85.5739, 23.8783 ], [ 85.5625, 23.8474 ], [ 85.555, 23.845 ], [ 85.5394, 23.8538 ], [ 85.5301, 23.8494 ], [ 85.5184, 23.8522 ], [ 85.5152, 23.8416 ], [ 85.4892, 23.8385 ], [ 85.4859, 23.8261 ], [ 85.4803, 23.8297 ], [ 85.4473, 23.8016 ], [ 85.4272, 23.7919 ], [ 85.4325, 23.7773 ] ] ] } },
{ "type": "Feature", "properties": { "district": "Jamtara", "did": "jharkhand:Jamtara", "state_key": "jharkhand" }, "geometry": { "type": "Polygon", "coordinates": [ [ [ 87.1293, 23.8686 ], [ 87.13, 23.8539 ], [ 87.1537, 23.8295 ], [ 87.1598, 23.8313 ], [ 87.1671, 23.8251 ], [ 87.1495, 23.7971 ], [ 87.1399, 23.8042 ], [ 87.1311, 23.7979 ], [ 87.1129, 23.7992 ], [ 87.1167, 23.8075 ], [ 87.1033, 23.8045 ], [ 87.0918, 23.8154 ], [ 87.0814, 23.8101 ], [ 87.056, 23.8219 ], [ 87.038, 23.8392 ], [ 86.9732, 23.8688 ], [ 86.9657, 23.8648 ], [ 86.9615, 23.8492 ], [ 86.946, 23.8466 ], [ 86.9357, 23.8518 ], [ 86.9325, 23.8687 ], [ 86.9156, 23.8824 ], [ 86.8959, 23.8783 ], [ 86.8802, 23.8623 ], [ 86.8928, 23.8373 ], [ 86.8903, 23.8205 ], [ 86.8742, 23.8473 ], [ 86.8636, 23.8445 ], [ 86.8529, 23.825 ], [ 86.8388, 23.8246 ], [ 86.8258, 23.814 ], [ 86.813, 23.8205 ], [ 86.8103, 23.8353 ], [ 86.8, 23.8343 ], [ 86.7722, 23.8607 ], [ 86.7565, 23.866 ], [ 86.743, 23.8577 ], [ 86.7368, 23.8595 ], [ 86.7183, 23.9009 ], [ 86.6552, 23.9262 ], [ 86.6058, 23.9577 ], [ 86.5842, 23.9825 ], [ 86.5498, 23.989 ], [ 86.524, 23.9866 ], [ 86.4675, 24.0198 ], [ 86.4845, 24.0223 ], [ 86.4836, 24.0307 ], [ 86.4764, 24.0276 ], [ 86.4832, 24.0451 ], [ 86.4953, 24.0407 ], [ 86.5303, 24.0539 ], [ 86.5457, 24.0743 ], [ 86.5455, 24.0874 ], [ 86.572, 24.1426 ], [ 86.5957, 24.1361 ], [ 86.6015, 24.1412 ], [ 86.6186, 24.1392 ], [ 86.6289, 24.1316 ], [ 86.6821, 24.1287 ], [ 86.6931, 24.1426 ], [ 86.6974, 24.1654 ], [ 86.7174, 24.1536 ], [ 86.7172, 24.1422 ], [ 86.7006, 24.134 ], [ 86.699, 24.1122 ], [ 86.763, 24.0921 ], [ 86.7688, 24.0849 ], [ 86.7589, 24.0788 ], [ 86.774, 24.0658 ], [ 86.7913, 24.0626 ], [ 86.7942, 24.0781 ], [ 86.8159, 24.0826 ], [ 86.8212, 24.063 ], [ 86.8313, 24.0623 ], [ 86.8399, 24.0499 ], [ 86.87, 24.0642 ], [ 86.8818, 24.0608 ], [ 86.888, 24.069 ], [ 86.9031, 24.0579 ], [ 86.9192, 24.062 ], [ 86.9203, 24.0491 ], [ 86.9511, 24.0409 ], [ 86.9606, 24.0456 ], [ 86.9577, 24.0531 ], [ 86.9772, 24.0608 ], [ 86.9797, 24.0787 ], [ 86.9715, 24.0979 ], [ 86.9814, 24.1238 ], [ 86.9994, 24.1263 ], [ 87.0117, 24.1465 ], [ 87.0486, 24.136 ], [ 87.076, 24.1061 ], [ 87.0981, 24.1064 ], [ 87.0959, 24.0989 ], [ 87.1125, 24.0631 ], [ 87.1378, 24.0363 ], [ 87.1496, 24.0397 ], [ 87.17, 24.0301 ], [ 87.2333, 24.0241 ], [ 87.2449, 24.0161 ], [ 87.2409, 24.0119 ], [ 87.2505, 23.997 ], [ 87.2642, 24.0006 ], [ 87.2683, 23.9891 ], [ 87.2615, 23.9676 ], [ 87.2932, 23.9586 ], [ 87.2835, 23.9209 ], [ 87.2916, 23.9154 ], [ 87.295, 23.9023 ], [ 87.2882, 23.8986 ], [ 87.2855, 23.884 ], [ 87.2831, 23.8894 ], [ 87.2691, 23.8746 ], [ 87.259, 23.8832 ], [ 87.2634, 23.8825 ], [ 87.2546, 23.9 ], [ 87.2583, 23.9063 ], [ 87.2522, 23.913 ], [ 87.2451, 23.9082 ], [ 87.2415, 23.8697 ], [ 87.2487, 23.8687 ], [ 87.2443, 23.8569 ], [ 87.2549, 23.847 ], [ 87.2409, 23.8274 ], [ 87.2279, 23.8251 ], [ 87.2167, 23.831 ], [ 87.2232, 23.8456 ], [ 87.2373, 23.8544 ], [ 87.2337, 23.8571 ], [ 87.2212, 23.8606 ], [ 87.2139, 23.8506 ], [ 87.2058, 23.8563 ], [ 87.2031, 23.8477 ], [ 87.1963, 23.8496 ], [ 87.1886, 23.8432 ], [ 87.1961, 23.8578 ], [ 87.1873, 23.8596 ], [ 87.1799, 23.852 ], [ 87.1658, 23.8648 ], [ 87.1293, 23.8686 ] ] ] } },
{ "type": "Feature", "properties": { "district": "Khunti", "did": "jharkhand:Khunti", "state_key": "jharkhand" }, "geometry": { "type": "Polygon", "coordinates": [ [ [ 85.1415, 22.787 ], [ 85.1369, 22.7542 ], [ 85.1478, 22.747 ], [ 85.1435, 22.7399 ], [ 85.129, 22.7382 ], [ 85.1333, 22.721 ], [ 85.1199, 22.7099 ], [ 85.1198, 22.6752 ], [ 85.1124, 22.6593 ], [ 85.0969, 22.6516 ], [ 85.0913, 22.6339 ], [ 85.0756, 22.6185 ], [ 85.0904, 22.608 ], [ 85.095, 22.597 ], [ 85.089, 22.5757 ], [ 85.077, 22.5734 ], [ 85.0685, 22.5907 ], [ 85.0701, 22.6053 ], [ 85.054, 22.6112 ], [ 85.0569, 22.6229 ], [ 85.0497, 22.6358 ], [ 85.061, 22.6681 ], [ 85.0415, 22.6811 ], [ 85.0586, 22.7384 ], [ 85.0492, 22.7533 ], [ 85.0276, 22.7558 ], [ 85.0102, 22.7698 ], [ 85.0056, 22.7872 ], [ 84.9803, 22.7859 ], [ 84.9826, 22.8045 ], [ 85.0071, 22.8022 ], [ 85.0077, 22.8126 ], [ 84.9956, 22.8525 ], [ 84.9877, 22.8586 ], [ 84.9898, 22.8972 ], [ 84.9799, 22.8987 ], [ 84.9885, 22.9244 ], [ 85.0105, 22.9239 ], [ 85.0159, 22.9343 ], [ 85.0122, 22.9453 ], [ 84.9851, 22.9663 ], [ 84.9642, 22.971 ], [ 84.9556, 22.9648 ], [ 84.9472, 22.9665 ], [ 84.9403, 22.9972 ], [ 84.9529, 23.0122 ], [ 84.9651, 23.0119 ], [ 84.9659, 23.0239 ], [ 84.9795, 23.0221 ], [ 84.983, 23.0366 ], [ 84.9903, 23.0361 ], [ 84.9965, 23.0513 ], [ 84.9946, 23.0762 ], [ 85.0077, 23.0859 ], [ 85.0254, 23.0848 ], [ 85.0346, 23.0902 ], [ 85.0353, 23.1034 ], [ 85.0267, 23.1153 ], [ 85.0549, 23.1193 ], [ 85.0564, 23.1291 ], [ 85.0483, 23.1401 ], [ 85.0592, 23.1513 ], [ 85.0586, 23.1602 ], [ 85.0412, 23.1792 ], [ 85.0494, 23.197 ], [ 85.0678, 23.2218 ], [ 85.0871, 23.2321 ], [ 85.0893, 23.2427 ], [ 85.0979, 23.2417 ], [ 85.1091, 23.2506 ], [ 85.1235, 23.2486 ], [ 85.1347, 23.2573 ], [ 85.1423, 23.2536 ], [ 85.1431, 23.2679 ], [ 85.1549, 23.2733 ], [ 85.153, 23.2848 ], [ 85.1932, 23.2641 ], [ 85.2037, 23.2629 ], [ 85.2074, 23.2708 ], [ 85.2282, 23.2669 ], [ 85.2265, 23.2311 ], [ 85.2384, 23.2278 ], [ 85.236, 23.2167 ], [ 85.222, 23.208 ], [ 85.2313, 23.1983 ], [ 85.2456, 23.1984 ], [ 85.2526, 23.2053 ], [ 85.252, 23.2165 ], [ 85.2706, 23.2186 ], [ 85.2735, 23.2255 ], [ 85.2828, 23.2263 ], [ 85.2828, 23.2181 ], [ 85.2894, 23.2164 ], [ 85.2875, 23.2042 ], [ 85.298, 23.1924 ], [ 85.3205, 23.1869 ], [ 85.3228, 23.1775 ], [ 85.339, 23.1876 ], [ 85.3383, 23.2075 ], [ 85.357, 23.1841 ], [ 85.3765, 23.1838 ], [ 85.3852, 23.1934 ], [ 85.4014, 23.1902 ], [ 85.4025, 23.1781 ], [ 85.4169, 23.1728 ], [ 85.4663, 23.1804 ], [ 85.4606, 23.1634 ], [ 85.4659, 23.1618 ], [ 85.4736, 23.1288 ], [ 85.4838, 23.1237 ], [ 85.5423, 23.1171 ], [ 85.5611, 23.1196 ], [ 85.5762, 23.112 ], [ 85.5847, 23.1206 ], [ 85.5929, 23.1154 ], [ 85.6018, 23.1194 ], [ 85.6151, 23.1149 ], [ 85.6221, 23.0937 ], [ 85.6185, 23.0815 ], [ 85.5984, 23.0774 ], [ 85.5808, 23.064 ], [ 85.5995, 23.0625 ], [ 85.6276, 23.0696 ], [ 85.6387, 23.0558 ], [ 85.6221, 23.0505 ], [ 85.6265, 23.0305 ], [ 85.6328, 23.0343 ], [ 85.6304, 23.0281 ], [ 85.6443, 23.0261 ], [ 85.64, 23.0169 ], [ 85.6558, 23.0046 ], [ 85.6299, 22.9908 ], [ 85.5956, 22.9993 ], [ 85.6038, 22.9632 ], [ 85.5919, 22.9626 ], [ 85.5871, 22.9458 ], [ 85.5796, 22.952 ], [ 85.5646, 22.9514 ], [ 85.5621, 22.9371 ], [ 85.5493, 22.9303 ], [ 85.5506, 22.9236 ], [ 85.5549, 22.9258 ], [ 85.5806, 22.9071 ], [ 85.5831, 22.8949 ], [ 85.6022, 22.8938 ], [ 85.575, 22.8628 ], [ 85.5608, 22.8608 ], [ 85.558, 22.8801 ], [ 85.5409, 22.865 ], [ 85.5334, 22.8684 ], [ 85.5294, 22.8466 ], [ 85.5217, 22.8424 ], [ 85.5199, 22.8288 ], [ 85.5132, 22.8272 ], [ 85.517, 22.807 ], [ 85.5027, 22.8 ], [ 85.4792, 22.8056 ], [ 85.4717, 22.7993 ], [ 85.4544, 22.8016 ], [ 85.4507, 22.8233 ], [ 85.4413, 22.8211 ], [ 85.4425, 22.8305 ], [ 85.4342, 22.8372 ], [ 85.4197, 22.832 ], [ 85.4197, 22.8402 ], [ 85.4136, 22.839 ], [ 85.4058, 22.8481 ], [ 85.3886, 22.8422 ], [ 85.3921, 22.8574 ], [ 85.387, 22.8676 ], [ 85.372, 22.8634 ], [ 85.3589, 22.8711 ], [ 85.355, 22.8809 ], [ 85.3414, 22.881 ], [ 85.3394, 22.8864 ], [ 85.318, 22.8775 ], [ 85.3091, 22.8831 ], [ 85.3048, 22.8749 ], [ 85.281, 22.8704 ], [ 85.2751, 22.8608 ], [ 85.2657, 22.8579 ], [ 85.2641, 22.8457 ], [ 85.2524, 22.8446 ], [ 85.2494, 22.8347 ], [ 85.2327, 22.8406 ], [ 85.2007, 22.8143 ], [ 85.1975, 22.8184 ], [ 85.1899, 22.8148 ], [ 85.1958, 22.8253 ], [ 85.1851, 22.8245 ], [ 85.1718, 22.835 ], [ 85.1602, 22.8338 ], [ 85.1415, 22.787 ] ] ] } },
{ "type": "Feature", "properties": { "district": "Kodarma", "did": "jharkhand:Kodarma", "state_key": "jharkhand" }, "geometry": { "type": "MultiPolygon", "coordinates": [ [ [ [ 85.1643, 24.34 ], [ 85.1639, 24.3428 ], [ 85.1692, 24.3425 ], [ 85.1643, 24.34 ] ] ], [ [ [ 85.239, 24.3411 ], [ 85.2419, 24.3524 ], [ 85.2443, 24.3483 ], [ 85.239, 24.3411 ] ] ], [ [ [ 85.7637, 24.2899 ], [ 85.7525, 24.2826 ], [ 85.7384, 24.2857 ], [ 85.7284, 24.2993 ], [ 85.7115, 24.2921 ], [ 85.7038, 24.3038 ], [ 85.695, 24.3045 ], [ 85.6931, 24.314 ], [ 85.6633, 24.3315 ], [ 85.6609, 24.3094 ], [ 85.6422, 24.3118 ], [ 85.6429, 24.3303 ], [ 85.6346, 24.3239 ], [ 85.6189, 24.3258 ], [ 85.608, 24.3393 ], [ 85.5925, 24.3324 ], [ 85.5774, 24.3513 ], [ 85.5715, 24.3385 ], [ 85.5473, 24.3467 ], [ 85.5408, 24.3321 ], [ 85.5272, 24.3328 ], [ 85.5173, 24.317 ], [ 85.477, 24.331 ], [ 85.4658, 24.3244 ], [ 85.4526, 24.3367 ], [ 85.4367, 24.3318 ], [ 85.4325, 24.352 ], [ 85.4249, 24.3569 ], [ 85.4126, 24.3545 ], [ 85.4215, 24.3742 ], [ 85.4092, 24.3795 ], [ 85.4107, 24.3881 ], [ 85.4004, 24.3931 ], [ 85.4099, 24.407 ], [ 85.4229, 24.4049 ], [ 85.4296, 24.422 ], [ 85.4428, 24.4185 ], [ 85.4393, 24.4272 ], [ 85.4301, 24.4285 ], [ 85.4139, 24.4451 ], [ 85.4092, 24.4812 ], [ 85.3925, 24.481 ], [ 85.3838, 24.4697 ], [ 85.3603, 24.469 ], [ 85.345, 24.4721 ], [ 85.3282, 24.489 ], [ 85.3324, 24.5092 ], [ 85.3566, 24.5165 ], [ 85.3542, 24.5238 ], [ 85.3919, 24.5303 ], [ 85.3975, 24.5448 ], [ 85.3708, 24.5553 ], [ 85.3844, 24.5555 ], [ 85.4346, 24.5285 ], [ 85.4368, 24.5343 ], [ 85.4596, 24.5362 ], [ 85.4714, 24.5448 ], [ 85.4917, 24.5481 ], [ 85.5088, 24.5377 ], [ 85.5073, 24.5253 ], [ 85.524, 24.5213 ], [ 85.5408, 24.5305 ], [ 85.5454, 24.548 ], [ 85.5407, 24.5627 ], [ 85.5602, 24.5527 ], [ 85.5615, 24.5587 ], [ 85.5718, 24.5618 ], [ 85.566, 24.5873 ], [ 85.5808, 24.6007 ], [ 85.602, 24.5956 ], [ 85.6147, 24.5807 ], [ 85.6513, 24.5745 ], [ 85.669, 24.58 ], [ 85.6775, 24.5907 ], [ 85.6762, 24.6166 ], [ 85.6626, 24.6496 ], [ 85.6668, 24.6609 ], [ 85.6492, 24.6848 ], [ 85.682, 24.6919 ], [ 85.7083, 24.7259 ], [ 85.7074, 24.7798 ], [ 85.7224, 24.7857 ], [ 85.7367, 24.8211 ], [ 85.7622, 24.8128 ], [ 85.7783, 24.7966 ], [ 85.8096, 24.794 ], [ 85.8153, 24.804 ], [ 85.8273, 24.8083 ], [ 85.8672, 24.8042 ], [ 85.8894, 24.7924 ], [ 85.886, 24.7851 ], [ 85.9036, 24.7656 ], [ 85.9006, 24.7558 ], [ 85.886, 24.7503 ], [ 85.8831, 24.7433 ], [ 85.8913, 24.7368 ], [ 85.887, 24.7311 ], [ 85.8562, 24.7392 ], [ 85.8548, 24.7345 ], [ 85.8198, 24.7248 ], [ 85.8189, 24.715 ], [ 85.8312, 24.703 ], [ 85.8335, 24.6803 ], [ 85.8428, 24.6676 ], [ 85.8285, 24.662 ], [ 85.8062, 24.6728 ], [ 85.7874, 24.659 ], [ 85.7847, 24.6473 ], [ 85.7736, 24.6432 ], [ 85.7748, 24.6097 ], [ 85.7871, 24.6018 ], [ 85.8028, 24.6087 ], [ 85.7922, 24.5892 ], [ 85.8083, 24.573 ], [ 85.8049, 24.5638 ], [ 85.8109, 24.5487 ], [ 85.8396, 24.5443 ], [ 85.8695, 24.5257 ], [ 85.8573, 24.4676 ], [ 85.8313, 24.4449 ], [ 85.8376, 24.4243 ], [ 85.8561, 24.4135 ], [ 85.8507, 24.406 ], [ 85.8555, 24.3949 ], [ 85.8497, 24.3751 ], [ 85.8533, 24.3614 ], [ 85.8462, 24.3402 ], [ 85.852, 24.3375 ], [ 85.8522, 24.3275 ], [ 85.8702, 24.3281 ], [ 85.8747, 24.2872 ], [ 85.8629, 24.2871 ], [ 85.854, 24.2715 ], [ 85.8354, 24.2811 ], [ 85.8212, 24.263 ], [ 85.8197, 24.2938 ], [ 85.8001, 24.2916 ], [ 85.7641, 24.3025 ], [ 85.7637, 24.2899 ] ] ] ] } },
{ "type": "Feature", "properties": { "district": "Latehar", "did": "jharkhand:Latehar", "state_key": "jharkhand" }, "geometry": { "type": "MultiPolygon", "coordinates": [ [ [ [ 84.2821, 23.4671 ], [ 84.2764, 23.4717 ], [ 84.2743, 23.4638 ], [ 84.2569, 23.4589 ], [ 84.246, 23.445 ], [ 84.2551, 23.4294 ], [ 84.2512, 23.4089 ], [ 84.2601, 23.3823 ], [ 84.2477, 23.3666 ], [ 84.248, 23.356 ], [ 84.2255, 23.3416 ], [ 84.2022, 23.3383 ], [ 84.1937, 23.3256 ], [ 84.15, 23.3352 ], [ 84.1161, 23.3507 ], [ 84.0974, 23.3313 ], [ 84.0776, 23.3324 ], [ 84.0543, 23.3524 ], [ 84.0508, 23.3748 ], [ 84.0239, 23.3765 ], [ 84.0119, 23.3545 ], [ 84.0057, 23.3539 ], [ 83.9803, 23.3646 ], [ 83.9694, 23.3812 ], [ 83.9675, 23.391 ], [ 83.9862, 23.4303 ], [ 83.9739, 23.4599 ], [ 83.9848, 23.4657 ], [ 84.0008, 23.4969 ], [ 84.0146, 23.5035 ], [ 84.0281, 23.5456 ], [ 84.0301, 23.6 ], [ 84.0167, 23.6084 ], [ 84.0085, 23.6274 ], [ 84.0527, 23.6604 ], [ 84.0619, 23.6856 ], [ 84.0699, 23.6905 ], [ 84.0677, 23.695 ], [ 84.062, 23.6912 ], [ 84.0649, 23.6959 ], [ 84.0583, 23.7001 ], [ 84.0497, 23.6932 ], [ 84.0241, 23.6952 ], [ 83.9868, 23.7226 ], [ 83.9832, 23.7319 ], [ 84.007, 23.7475 ], [ 84.01, 23.7646 ], [ 84.0251, 23.7801 ], [ 84.0207, 23.8018 ], [ 84.0357, 23.7957 ], [ 84.0453, 23.8116 ], [ 84.0564, 23.8155 ], [ 84.0518, 23.8337 ], [ 84.062, 23.8426 ], [ 84.0648, 23.8571 ], [ 84.0895, 23.8654 ], [ 84.1185, 23.8985 ], [ 84.1388, 23.9042 ], [ 84.1471, 23.9218 ], [ 84.1422, 23.9453 ], [ 84.1845, 23.9354 ], [ 84.2003, 23.9172 ], [ 84.2144, 23.9165 ], [ 84.2182, 23.8979 ], [ 84.2376, 23.8994 ], [ 84.2485, 23.8836 ], [ 84.2774, 23.8805 ], [ 84.2785, 23.8661 ], [ 84.2892, 23.8696 ], [ 84.3037, 23.8652 ], [ 84.3183, 23.8783 ], [ 84.3341, 23.8781 ], [ 84.3276, 23.8959 ], [ 84.3375, 23.9119 ], [ 84.3343, 23.9191 ], [ 84.344, 23.9532 ], [ 84.3693, 23.9405 ], [ 84.3825, 23.9422 ], [ 84.4068, 23.934 ], [ 84.4145, 23.946 ], [ 84.438, 23.9476 ], [ 84.4542, 23.9613 ], [ 84.4629, 23.9531 ], [ 84.4704, 23.9569 ], [ 84.4696, 23.9475 ], [ 84.4818, 23.9295 ], [ 84.4733, 23.9276 ], [ 84.4711, 23.9162 ], [ 84.4818, 23.9083 ], [ 84.4871, 23.8941 ], [ 84.4967, 23.8984 ], [ 84.4962, 23.8939 ], [ 84.5263, 23.9012 ], [ 84.5188, 23.9208 ], [ 84.5312, 23.9234 ], [ 84.5325, 23.9331 ], [ 84.5686, 23.9278 ], [ 84.5714, 23.959 ], [ 84.5907, 23.9768 ], [ 84.5815, 23.9861 ], [ 84.5928, 23.9876 ], [ 84.5985, 23.9823 ], [ 84.6091, 23.9913 ], [ 84.6186, 23.9873 ], [ 84.6331, 23.9931 ], [ 84.638, 23.9898 ], [ 84.654, 24.0053 ], [ 84.6717, 23.9986 ], [ 84.6809, 24.003 ], [ 84.6947, 24.0249 ], [ 84.7075, 24.0218 ], [ 84.7169, 24.0259 ], [ 84.7153, 24.0397 ], [ 84.7243, 24.0448 ], [ 84.7367, 24.0409 ], [ 84.7465, 24.0487 ], [ 84.752, 24.0373 ], [ 84.756, 24.0425 ], [ 84.759, 24.0398 ], [ 84.7561, 24.0297 ], [ 84.7724, 24.0108 ], [ 84.7644, 23.9974 ], [ 84.7747, 23.9858 ], [ 84.7622, 23.974 ], [ 84.774, 23.969 ], [ 84.7836, 23.9767 ], [ 84.8071, 23.9726 ], [ 84.813, 23.9826 ], [ 84.8276, 23.9871 ], [ 84.831, 23.9572 ], [ 84.8476, 23.966 ], [ 84.8665, 23.9546 ], [ 84.8803, 23.9544 ], [ 84.8905, 23.9436 ], [ 84.9044, 23.9517 ], [ 84.9215, 23.9524 ], [ 84.9286, 23.9478 ], [ 84.9351, 23.9344 ], [ 84.9275, 23.9144 ], [ 84.9431, 23.9071 ], [ 84.9536, 23.8761 ], [ 84.9373, 23.8715 ], [ 84.9303, 23.8613 ], [ 84.9434, 23.8563 ], [ 84.9488, 23.8461 ], [ 84.9479, 23.807 ], [ 84.9172, 23.8081 ], [ 84.9084, 23.8018 ], [ 84.9043, 23.7778 ], [ 84.9301, 23.7711 ], [ 84.9388, 23.7333 ], [ 84.9619, 23.7253 ], [ 84.9676, 23.7053 ], [ 84.9624, 23.696 ], [ 84.9503, 23.7025 ], [ 84.9363, 23.6899 ], [ 84.9367, 23.6793 ], [ 84.9237, 23.6694 ], [ 84.9207, 23.6487 ], [ 84.944, 23.6379 ], [ 84.9485, 23.6077 ], [ 84.9346, 23.5727 ], [ 84.9365, 23.5502 ], [ 84.9253, 23.5551 ], [ 84.9179, 23.5411 ], [ 84.9108, 23.5419 ], [ 84.912, 23.5751 ], [ 84.9062, 23.5851 ], [ 84.8973, 23.5584 ], [ 84.8777, 23.5595 ], [ 84.874, 23.5444 ], [ 84.8619, 23.5426 ], [ 84.8592, 23.5328 ], [ 84.8218, 23.5464 ], [ 84.8237, 23.5689 ], [ 84.7997, 23.5644 ], [ 84.8034, 23.5795 ], [ 84.7941, 23.5762 ], [ 84.7902, 23.545 ], [ 84.7819, 23.5531 ], [ 84.7859, 23.572 ], [ 84.7726, 23.5769 ], [ 84.7602, 23.6058 ], [ 84.7467, 23.6085 ], [ 84.7448, 23.6325 ], [ 84.7373, 23.6396 ], [ 84.7315, 23.64 ], [ 84.7232, 23.6197 ], [ 84.6793, 23.6058 ], [ 84.6823, 23.6178 ], [ 84.6659, 23.626 ], [ 84.6605, 23.6479 ], [ 84.6426, 23.6685 ], [ 84.6143, 23.6584 ], [ 84.6011, 23.6682 ], [ 84.5911, 23.6643 ], [ 84.5836, 23.6169 ], [ 84.5648, 23.616 ], [ 84.54, 23.6686 ], [ 84.5048, 23.6753 ], [ 84.4953, 23.6713 ], [ 84.4916, 23.6617 ], [ 84.4822, 23.6637 ], [ 84.4704, 23.6583 ], [ 84.4623, 23.645 ], [ 84.4668, 23.6274 ], [ 84.4434, 23.6372 ], [ 84.4366, 23.6293 ], [ 84.4122, 23.639 ], [ 84.3982, 23.6379 ], [ 84.3995, 23.6029 ], [ 84.3585, 23.6089 ], [ 84.3508, 23.5994 ], [ 84.3423, 23.5993 ], [ 84.342, 23.5847 ], [ 84.319, 23.5803 ], [ 84.3274, 23.5322 ], [ 84.3327, 23.5294 ], [ 84.3263, 23.512 ], [ 84.3292, 23.4936 ], [ 84.3166, 23.4933 ], [ 84.3175, 23.4819 ], [ 84.3018, 23.4843 ], [ 84.2908, 23.4935 ], [ 84.2821, 23.4671 ] ] ] ] } },
{ "type": "Feature", "properties": { "district": "Lohardaga", "did": "jharkhand:Lohardaga", "state_key": "jharkhand" }, "geometry": { "type": "Polygon", "coordinates": [ [ [ 84.664, 23.3148 ], [ 84.6608, 23.3064 ], [ 84.652, 23.3112 ], [ 84.6426, 23.3062 ], [ 84.6273, 23.308 ], [ 84.6142, 23.3224 ], [ 84.6082, 23.3153 ], [ 84.5946, 23.3175 ], [ 84.5639, 23.3459 ], [ 84.5399, 23.3456 ], [ 84.5151, 23.3847 ], [ 84.5005, 23.3711 ], [ 84.5007, 23.3526 ], [ 84.4873, 23.3522 ], [ 84.4764, 23.3591 ], [ 84.4729, 23.3853 ], [ 84.4813, 23.394 ], [ 84.4757, 23.4043 ], [ 84.4427, 23.4048 ], [ 84.4311, 23.4356 ], [ 84.4652, 23.4678 ], [ 84.4765, 23.4861 ], [ 84.4712, 23.5202 ], [ 84.4624, 23.5346 ], [ 84.4742, 23.5736 ], [ 84.4654, 23.5834 ], [ 84.4535, 23.5851 ], [ 84.4562, 23.5973 ], [ 84.437, 23.5895 ], [ 84.4058, 23.6031 ], [ 84.3958, 23.5974 ], [ 84.3868, 23.6052 ], [ 84.4004, 23.6047 ], [ 84.3982, 23.6379 ], [ 84.4122, 23.639 ], [ 84.4366, 23.6293 ], [ 84.4434, 23.6372 ], [ 84.4668, 23.6274 ], [ 84.4623, 23.645 ], [ 84.4704, 23.6583 ], [ 84.4822, 23.6637 ], [ 84.4916, 23.6617 ], [ 84.4953, 23.6713 ], [ 84.5107, 23.6749 ], [ 84.54, 23.6686 ], [ 84.5567, 23.6408 ], [ 84.5542, 23.6295 ], [ 84.5648, 23.616 ], [ 84.5733, 23.6149 ], [ 84.5841, 23.6177 ], [ 84.5911, 23.6643 ], [ 84.6017, 23.6682 ], [ 84.6143, 23.6584 ], [ 84.6426, 23.6685 ], [ 84.6605, 23.6479 ], [ 84.6659, 23.626 ], [ 84.6823, 23.6178 ], [ 84.6793, 23.6058 ], [ 84.7232, 23.6197 ], [ 84.7349, 23.6406 ], [ 84.7448, 23.6325 ], [ 84.7467, 23.6085 ], [ 84.7602, 23.6058 ], [ 84.7726, 23.5769 ], [ 84.7859, 23.572 ], [ 84.7834, 23.5494 ], [ 84.7928, 23.545 ], [ 84.7941, 23.5762 ], [ 84.8034, 23.5795 ], [ 84.7997, 23.5644 ], [ 84.8237, 23.5689 ], [ 84.8218, 23.5464 ], [ 84.8592, 23.5328 ], [ 84.8619, 23.5426 ], [ 84.874, 23.5444 ], [ 84.8777, 23.5595 ], [ 84.8973, 23.5584 ], [ 84.9069, 23.5849 ], [ 84.9107, 23.5423 ], [ 84.9179, 23.5411 ], [ 84.9084, 23.5384 ], [ 84.9083, 23.5233 ], [ 84.9259, 23.5216 ], [ 84.9297, 23.5267 ], [ 84.9412, 23.52 ], [ 84.9467, 23.5004 ], [ 84.9234, 23.4692 ], [ 84.9245, 23.4622 ], [ 84.9108, 23.4541 ], [ 84.8973, 23.433 ], [ 84.8973, 23.411 ], [ 84.887, 23.405 ], [ 84.8952, 23.3848 ], [ 84.8869, 23.373 ], [ 84.8907, 23.3668 ], [ 84.9045, 23.3637 ], [ 84.9085, 23.3469 ], [ 84.9, 23.3189 ], [ 84.8754, 23.3101 ], [ 84.8669, 23.3154 ], [ 84.8504, 23.315 ], [ 84.843, 23.2995 ], [ 84.8178, 23.2951 ], [ 84.8138, 23.2829 ], [ 84.7994, 23.279 ], [ 84.7869, 23.2803 ], [ 84.7945, 23.313 ], [ 84.7882, 23.3217 ], [ 84.7503, 23.3216 ], [ 84.7461, 23.3306 ], [ 84.7376, 23.332 ], [ 84.7024, 23.3089 ], [ 84.6914, 23.3079 ], [ 84.6787, 23.3213 ], [ 84.664, 23.3148 ] ] ] } },
{ "type": "Feature", "properties": { "district": "Pakur", "did": "jharkhand:Pakur", "state_key": "jharkhand" }, "geometry": { "type": "Polygon", "coordinates": [ [ [ 87.7616, 24.3085 ], [ 87.7549, 24.3103 ], [ 87.7296, 24.2885 ], [ 87.7137, 24.2944 ], [ 87.7066, 24.2622 ], [ 87.6904, 24.2579 ], [ 87.6875, 24.2464 ], [ 87.6639, 24.2457 ], [ 87.6592, 24.2361 ], [ 87.6466, 24.2519 ], [ 87.6271, 24.2577 ], [ 87.5942, 24.2577 ], [ 87.5874, 24.253 ], [ 87.5896, 24.3239 ], [ 87.5711, 24.3878 ], [ 87.5683, 24.4973 ], [ 87.5766, 24.5067 ], [ 87.5673, 24.521 ], [ 87.5499, 24.5202 ], [ 87.5384, 24.5072 ], [ 87.4991, 24.5285 ], [ 87.4809, 24.5288 ], [ 87.4781, 24.523 ], [ 87.4376, 24.5183 ], [ 87.4318, 24.5129 ], [ 87.4226, 24.5169 ], [ 87.4169, 24.5103 ], [ 87.4021, 24.5081 ], [ 87.3942, 24.5103 ], [ 87.3874, 24.5244 ], [ 87.3924, 24.5476 ], [ 87.4062, 24.5356 ], [ 87.4076, 24.5409 ], [ 87.4154, 24.5397 ], [ 87.4209, 24.554 ], [ 87.4381, 24.5574 ], [ 87.4406, 24.5685 ], [ 87.4504, 24.562 ], [ 87.4683, 24.5698 ], [ 87.4671, 24.5809 ], [ 87.4563, 24.5881 ], [ 87.4568, 24.5991 ], [ 87.4648, 24.6037 ], [ 87.4621, 24.6167 ], [ 87.4458, 24.6183 ], [ 87.4486, 24.6317 ], [ 87.4751, 24.6475 ], [ 87.4687, 24.682 ], [ 87.4743, 24.6888 ], [ 87.4647, 24.7053 ], [ 87.4654, 24.7206 ], [ 87.4577, 24.7266 ], [ 87.4607, 24.7316 ], [ 87.4369, 24.7588 ], [ 87.4621, 24.7931 ], [ 87.4805, 24.7869 ], [ 87.4884, 24.7895 ], [ 87.4992, 24.7823 ], [ 87.4976, 24.7902 ], [ 87.5117, 24.7994 ], [ 87.5409, 24.8014 ], [ 87.537, 24.8231 ], [ 87.5503, 24.8294 ], [ 87.5718, 24.8082 ], [ 87.6077, 24.8081 ], [ 87.6233, 24.7935 ], [ 87.5994, 24.805 ], [ 87.5921, 24.8028 ], [ 87.5953, 24.7943 ], [ 87.586, 24.7907 ], [ 87.5995, 24.7929 ], [ 87.6127, 24.7778 ], [ 87.6308, 24.7766 ], [ 87.6446, 24.7681 ], [ 87.6564, 24.7697 ], [ 87.6652, 24.7597 ], [ 87.6726, 24.7649 ], [ 87.6805, 24.761 ], [ 87.6886, 24.7424 ], [ 87.7001, 24.7463 ], [ 87.7138, 24.741 ], [ 87.7162, 24.7295 ], [ 87.7366, 24.7647 ], [ 87.7492, 24.7678 ], [ 87.7551, 24.7642 ], [ 87.7445, 24.7557 ], [ 87.7576, 24.7475 ], [ 87.7734, 24.7465 ], [ 87.7813, 24.7534 ], [ 87.7893, 24.7501 ], [ 87.8004, 24.7285 ], [ 87.7947, 24.7243 ], [ 87.7985, 24.7147 ], [ 87.8113, 24.7268 ], [ 87.8228, 24.7238 ], [ 87.8337, 24.7282 ], [ 87.8495, 24.7203 ], [ 87.8445, 24.7404 ], [ 87.8741, 24.7321 ], [ 87.883, 24.7413 ], [ 87.89, 24.7252 ], [ 87.9084, 24.7216 ], [ 87.9006, 24.7113 ], [ 87.9011, 24.6941 ], [ 87.8877, 24.68 ], [ 87.9166, 24.6658 ], [ 87.9109, 24.6534 ], [ 87.9141, 24.6377 ], [ 87.9099, 24.6314 ], [ 87.8918, 24.6341 ], [ 87.8879, 24.6303 ], [ 87.8974, 24.6256 ], [ 87.9058, 24.6293 ], [ 87.906, 24.615 ], [ 87.8758, 24.6152 ], [ 87.8935, 24.6055 ], [ 87.8925, 24.6097 ], [ 87.9108, 24.6104 ], [ 87.914, 24.5962 ], [ 87.9083, 24.5889 ], [ 87.8919, 24.5842 ], [ 87.8893, 24.5651 ], [ 87.8692, 24.5645 ], [ 87.8694, 24.556 ], [ 87.8524, 24.5618 ], [ 87.8494, 24.5538 ], [ 87.8408, 24.5598 ], [ 87.8263, 24.5587 ], [ 87.8253, 24.5691 ], [ 87.8122, 24.5786 ], [ 87.7712, 24.583 ], [ 87.7702, 24.5705 ], [ 87.7925, 24.5717 ], [ 87.8086, 24.5467 ], [ 87.7976, 24.5388 ], [ 87.8042, 24.5192 ], [ 87.7981, 24.5114 ], [ 87.8015, 24.5044 ], [ 87.7941, 24.5011 ], [ 87.8013, 24.4937 ], [ 87.8093, 24.5145 ], [ 87.8172, 24.5006 ], [ 87.8117, 24.4908 ], [ 87.8231, 24.4946 ], [ 87.8238, 24.5004 ], [ 87.8281, 24.4962 ], [ 87.8265, 24.4886 ], [ 87.8143, 24.4884 ], [ 87.8107, 24.4764 ], [ 87.8227, 24.471 ], [ 87.8238, 24.4585 ], [ 87.8031, 24.454 ], [ 87.8039, 24.4416 ], [ 87.7946, 24.4364 ], [ 87.7955, 24.4214 ], [ 87.7888, 24.4165 ], [ 87.8005, 24.4093 ], [ 87.8066, 24.4203 ], [ 87.8121, 24.4103 ], [ 87.8022, 24.4 ], [ 87.7942, 24.4001 ], [ 87.8011, 24.3822 ], [ 87.7938, 24.3831 ], [ 87.786, 24.3625 ], [ 87.7657, 24.3414 ], [ 87.7626, 24.3308 ], [ 87.7706, 24.3221 ], [ 87.763, 24.3213 ], [ 87.7616, 24.3085 ] ] ] } },
{ "type": "Feature", "properties": { "district": "Palamu", "did": "jharkhand:Palamu", "state_key": "jharkhand" }, "geometry": { "type": "Polygon", "coordinates": [ [ [ 84.1471, 23.9218 ], [ 84.1388, 23.9042 ], [ 84.1185, 23.8985 ], [ 84.0895, 23.8654 ], [ 84.0648, 23.8571 ], [ 84.062, 23.8426 ], [ 84.0518, 23.8337 ], [ 84.0567, 23.816 ], [ 84.0453, 23.8116 ], [ 84.038, 23.797 ], [ 84.0239, 23.8031 ], [ 84.0022, 23.7926 ], [ 84.0019, 23.8172 ], [ 83.984, 23.8374 ], [ 83.9816, 23.8541 ], [ 83.958, 23.8575 ], [ 83.938, 23.8681 ], [ 83.9329, 23.8825 ], [ 83.9359, 23.9006 ], [ 83.9422, 23.9043 ], [ 83.9417, 23.9224 ], [ 83.9277, 23.9248 ], [ 83.9263, 23.9358 ], [ 83.915, 23.9374 ], [ 83.9201, 23.9412 ], [ 83.8969, 23.9662 ], [ 83.8946, 23.981 ], [ 83.8835, 23.9849 ], [ 83.8681, 23.9818 ], [ 83.8674, 23.9547 ], [ 83.8333, 23.9502 ], [ 83.818, 23.9604 ], [ 83.836, 23.9698 ], [ 83.8426, 23.9909 ], [ 83.8268, 24.0009 ], [ 83.8492, 24.0365 ], [ 83.8626, 24.0385 ], [ 83.8662, 24.0691 ], [ 83.8738, 24.0694 ], [ 83.8927, 24.0862 ], [ 83.9084, 24.0882 ], [ 83.9117, 24.0949 ], [ 83.9214, 24.0884 ], [ 83.9398, 24.1008 ], [ 83.9524, 24.0949 ], [ 83.9609, 24.1092 ], [ 83.9782, 24.1008 ], [ 83.9908, 24.1037 ], [ 83.9692, 24.15 ], [ 83.9361, 24.1632 ], [ 83.8823, 24.2051 ], [ 83.8608, 24.2412 ], [ 83.8199, 24.2886 ], [ 83.8318, 24.3226 ], [ 83.8134, 24.3549 ], [ 83.822, 24.3783 ], [ 83.853, 24.4014 ], [ 83.8577, 24.4256 ], [ 83.8538, 24.4811 ], [ 83.8745, 24.5323 ], [ 83.9361, 24.5491 ], [ 83.9754, 24.5914 ], [ 83.994, 24.6317 ], [ 84.0078, 24.6429 ], [ 84.0273, 24.6335 ], [ 84.0244, 24.6286 ], [ 84.0334, 24.63 ], [ 84.0331, 24.6204 ], [ 84.052, 24.6099 ], [ 84.0469, 24.6042 ], [ 84.0572, 24.5925 ], [ 84.051, 24.5866 ], [ 84.0618, 24.5865 ], [ 84.0606, 24.5736 ], [ 84.0729, 24.5672 ], [ 84.0781, 24.5404 ], [ 84.0932, 24.5336 ], [ 84.0856, 24.5052 ], [ 84.092, 24.5043 ], [ 84.0899, 24.4978 ], [ 84.1108, 24.4767 ], [ 84.1247, 24.4807 ], [ 84.1273, 24.4951 ], [ 84.1405, 24.5005 ], [ 84.1343, 24.5243 ], [ 84.1443, 24.5383 ], [ 84.1635, 24.5334 ], [ 84.1525, 24.5152 ], [ 84.1697, 24.5033 ], [ 84.1786, 24.5056 ], [ 84.1849, 24.5196 ], [ 84.1732, 24.5447 ], [ 84.1843, 24.5448 ], [ 84.1872, 24.5529 ], [ 84.1999, 24.554 ], [ 84.1993, 24.5469 ], [ 84.2151, 24.5327 ], [ 84.2209, 24.5461 ], [ 84.2364, 24.5493 ], [ 84.2363, 24.5389 ], [ 84.2423, 24.5415 ], [ 84.2568, 24.5269 ], [ 84.259, 24.5343 ], [ 84.2799, 24.5479 ], [ 84.2705, 24.56 ], [ 84.2975, 24.5601 ], [ 84.3124, 24.5235 ], [ 84.3225, 24.5167 ], [ 84.3275, 24.4924 ], [ 84.3274, 24.4873 ], [ 84.3152, 24.4862 ], [ 84.2961, 24.4735 ], [ 84.2915, 24.4664 ], [ 84.2974, 24.4494 ], [ 84.3218, 24.4464 ], [ 84.3356, 24.4315 ], [ 84.3356, 24.4249 ], [ 84.3245, 24.4275 ], [ 84.3205, 24.4211 ], [ 84.3345, 24.4206 ], [ 84.3303, 24.4106 ], [ 84.3446, 24.3994 ], [ 84.3416, 24.3935 ], [ 84.3735, 24.3835 ], [ 84.3882, 24.3893 ], [ 84.3939, 24.3734 ], [ 84.4066, 24.3749 ], [ 84.4004, 24.3646 ], [ 84.4311, 24.3565 ], [ 84.425, 24.3492 ], [ 84.4244, 24.3298 ], [ 84.4599, 24.337 ], [ 84.4719, 24.3046 ], [ 84.4823, 24.2979 ], [ 84.4904, 24.3039 ], [ 84.4968, 24.2996 ], [ 84.4892, 24.2945 ], [ 84.4916, 24.2613 ], [ 84.466, 24.2591 ], [ 84.4752, 24.266 ], [ 84.4593, 24.2655 ], [ 84.4488, 24.239 ], [ 84.4761, 24.2263 ], [ 84.4761, 24.2056 ], [ 84.4908, 24.1991 ], [ 84.5239, 24.1989 ], [ 84.5296, 24.2056 ], [ 84.5393, 24.2015 ], [ 84.5297, 24.1866 ], [ 84.5338, 24.1773 ], [ 84.5489, 24.1675 ], [ 84.5535, 24.1514 ], [ 84.5835, 24.141 ], [ 84.5776, 24.1198 ], [ 84.5556, 24.101 ], [ 84.5662, 24.0759 ], [ 84.5788, 24.0706 ], [ 84.5699, 24.0511 ], [ 84.5561, 24.0473 ], [ 84.5667, 24.0308 ], [ 84.5586, 24.0252 ], [ 84.5553, 24.011 ], [ 84.5717, 23.9871 ], [ 84.5817, 23.986 ], [ 84.5901, 23.9743 ], [ 84.5717, 23.9597 ], [ 84.573, 23.9348 ], [ 84.5677, 23.9271 ], [ 84.5325, 23.9331 ], [ 84.5312, 23.9234 ], [ 84.5188, 23.9208 ], [ 84.5263, 23.9012 ], [ 84.4871, 23.8941 ], [ 84.4818, 23.9083 ], [ 84.4711, 23.9162 ], [ 84.4733, 23.9276 ], [ 84.4818, 23.9295 ], [ 84.4696, 23.9475 ], [ 84.4704, 23.9569 ], [ 84.4629, 23.9531 ], [ 84.4511, 23.9607 ], [ 84.438, 23.9476 ], [ 84.4145, 23.946 ], [ 84.4068, 23.934 ], [ 84.3825, 23.9422 ], [ 84.3693, 23.9405 ], [ 84.3449, 23.9535 ], [ 84.3343, 23.9191 ], [ 84.3375, 23.9119 ], [ 84.3276, 23.8959 ], [ 84.3325, 23.8754 ], [ 84.3183, 23.8783 ], [ 84.3037, 23.8652 ], [ 84.2892, 23.8696 ], [ 84.2785, 23.8661 ], [ 84.2774, 23.8805 ], [ 84.2485, 23.8836 ], [ 84.2376, 23.8994 ], [ 84.2182, 23.8979 ], [ 84.2144, 23.9165 ], [ 84.2003, 23.9172 ], [ 84.1845, 23.9354 ], [ 84.1417, 23.9435 ], [ 84.1471, 23.9218 ] ] ] } },
{ "type": "Feature", "properties": { "district": "Ramgarh", "did": "jharkhand:Ramgarh", "state_key": "jharkhand" }, "geometry": { "type": "Polygon", "coordinates": [ [ [ 85.6336, 23.4689 ], [ 85.6081, 23.4816 ], [ 85.6072, 23.4898 ], [ 85.5916, 23.4945 ], [ 85.5903, 23.504 ], [ 85.5722, 23.5145 ], [ 85.5476, 23.543 ], [ 85.5341, 23.5409 ], [ 85.5304, 23.5343 ], [ 85.5193, 23.5419 ], [ 85.5299, 23.5618 ], [ 85.5221, 23.5793 ], [ 85.5049, 23.5701 ], [ 85.5147, 23.5579 ], [ 85.5126, 23.5435 ], [ 85.4923, 23.5456 ], [ 85.4821, 23.554 ], [ 85.4883, 23.5633 ], [ 85.4735, 23.5716 ], [ 85.4714, 23.5581 ], [ 85.4521, 23.5494 ], [ 85.4167, 23.5608 ], [ 85.3967, 23.5546 ], [ 85.3927, 23.5623 ], [ 85.3856, 23.5498 ], [ 85.3658, 23.5625 ], [ 85.337, 23.5594 ], [ 85.3236, 23.5696 ], [ 85.2789, 23.5804 ], [ 85.2678, 23.5782 ], [ 85.2614, 23.5898 ], [ 85.2432, 23.5934 ], [ 85.2459, 23.6026 ], [ 85.2366, 23.6186 ], [ 85.2102, 23.6208 ], [ 85.2033, 23.6363 ], [ 85.2144, 23.6545 ], [ 85.2235, 23.6542 ], [ 85.2227, 23.6712 ], [ 85.2362, 23.683 ], [ 85.2359, 23.698 ], [ 85.2451, 23.7121 ], [ 85.2623, 23.6966 ], [ 85.2852, 23.6866 ], [ 85.2983, 23.6903 ], [ 85.3067, 23.6834 ], [ 85.3369, 23.7038 ], [ 85.3376, 23.6958 ], [ 85.3611, 23.6735 ], [ 85.3854, 23.6708 ], [ 85.3856, 23.66 ], [ 85.3977, 23.6653 ], [ 85.4036, 23.6525 ], [ 85.4459, 23.6548 ], [ 85.4471, 23.6628 ], [ 85.4247, 23.684 ], [ 85.4278, 23.7085 ], [ 85.4405, 23.7088 ], [ 85.4414, 23.7218 ], [ 85.4561, 23.7273 ], [ 85.4555, 23.7402 ], [ 85.4643, 23.7435 ], [ 85.461, 23.7574 ], [ 85.4707, 23.7651 ], [ 85.4325, 23.7773 ], [ 85.4269, 23.7938 ], [ 85.4473, 23.8016 ], [ 85.4803, 23.8297 ], [ 85.4859, 23.8261 ], [ 85.4892, 23.8385 ], [ 85.5152, 23.8416 ], [ 85.5184, 23.8522 ], [ 85.5301, 23.8494 ], [ 85.5394, 23.8538 ], [ 85.555, 23.845 ], [ 85.5625, 23.8474 ], [ 85.5739, 23.8783 ], [ 85.5672, 23.8845 ], [ 85.5732, 23.8935 ], [ 85.5651, 23.8963 ], [ 85.579, 23.9096 ], [ 85.5765, 23.9182 ], [ 85.5845, 23.9177 ], [ 85.5949, 23.9337 ], [ 85.6078, 23.9367 ], [ 85.6089, 23.9578 ], [ 85.617, 23.9621 ], [ 85.6399, 23.9618 ], [ 85.66, 23.9347 ], [ 85.6162, 23.9076 ], [ 85.6113, 23.8932 ], [ 85.6179, 23.8741 ], [ 85.5932, 23.8656 ], [ 85.5837, 23.8533 ], [ 85.5917, 23.85 ], [ 85.5999, 23.8316 ], [ 85.6001, 23.8107 ], [ 85.6143, 23.7977 ], [ 85.6242, 23.796 ], [ 85.6356, 23.8029 ], [ 85.6426, 23.8215 ], [ 85.6518, 23.8225 ], [ 85.6552, 23.8134 ], [ 85.6499, 23.8057 ], [ 85.6525, 23.7921 ], [ 85.6409, 23.7857 ], [ 85.6292, 23.7677 ], [ 85.6156, 23.7653 ], [ 85.6222, 23.7222 ], [ 85.6098, 23.7001 ], [ 85.6172, 23.694 ], [ 85.6155, 23.6325 ], [ 85.6532, 23.6083 ], [ 85.6648, 23.6224 ], [ 85.6632, 23.6292 ], [ 85.6783, 23.6361 ], [ 85.6787, 23.6469 ], [ 85.6909, 23.6415 ], [ 85.7001, 23.6462 ], [ 85.7133, 23.6326 ], [ 85.7282, 23.6541 ], [ 85.7387, 23.6531 ], [ 85.7554, 23.6626 ], [ 85.7619, 23.6861 ], [ 85.7707, 23.674 ], [ 85.7691, 23.6534 ], [ 85.7946, 23.6371 ], [ 85.7895, 23.6287 ], [ 85.8051, 23.6126 ], [ 85.8133, 23.5767 ], [ 85.8334, 23.5731 ], [ 85.8399, 23.5649 ], [ 85.8363, 23.5569 ], [ 85.8213, 23.5501 ], [ 85.8279, 23.5406 ], [ 85.8417, 23.5348 ], [ 85.8355, 23.5205 ], [ 85.8455, 23.5131 ], [ 85.8594, 23.5175 ], [ 85.888, 23.4869 ], [ 85.87, 23.4749 ], [ 85.8625, 23.4615 ], [ 85.8646, 23.4312 ], [ 85.8581, 23.426 ], [ 85.8486, 23.4302 ], [ 85.8449, 23.4221 ], [ 85.8295, 23.4402 ], [ 85.8296, 23.449 ], [ 85.817, 23.4567 ], [ 85.806, 23.4566 ], [ 85.7982, 23.4498 ], [ 85.7936, 23.4568 ], [ 85.7567, 23.4618 ], [ 85.7365, 23.4497 ], [ 85.7306, 23.4551 ], [ 85.7172, 23.4437 ], [ 85.6753, 23.451 ], [ 85.6581, 23.467 ], [ 85.6336, 23.4689 ] ] ] } },
{ "type": "Feature", "properties": { "district": "Ranchi", "did": "jharkhand:Ranchi", "state_key": "jharkhand" }, "geometry": { "type": "Polygon", "coordinates": [ [ [ 85.0876, 23.2327 ], [ 85.0678, 23.2218 ], [ 85.0413, 23.1799 ], [ 85.0435, 23.1713 ], [ 85.0586, 23.1602 ], [ 85.0592, 23.1513 ], [ 85.0483, 23.1401 ], [ 85.0564, 23.1291 ], [ 85.0549, 23.1193 ], [ 85.0267, 23.1153 ], [ 85.0353, 23.1034 ], [ 85.0346, 23.0902 ], [ 85.0254, 23.0848 ], [ 85.0077, 23.0859 ], [ 84.9946, 23.0762 ], [ 84.9965, 23.0513 ], [ 84.9903, 23.0361 ], [ 84.983, 23.0366 ], [ 84.9797, 23.0223 ], [ 84.9663, 23.0241 ], [ 84.9651, 23.0119 ], [ 84.9529, 23.0122 ], [ 84.9441, 23.0019 ], [ 84.9474, 23.0089 ], [ 84.9373, 23.0153 ], [ 84.9433, 23.0238 ], [ 84.9329, 23.0348 ], [ 84.9273, 23.0352 ], [ 84.9299, 23.0281 ], [ 84.916, 23.0278 ], [ 84.9047, 23.0562 ], [ 84.8745, 23.0679 ], [ 84.8686, 23.0973 ], [ 84.8964, 23.0987 ], [ 84.8997, 23.1097 ], [ 84.8888, 23.1169 ], [ 84.8929, 23.1294 ], [ 84.8861, 23.1401 ], [ 84.8917, 23.1664 ], [ 84.9013, 23.173 ], [ 84.9216, 23.1678 ], [ 84.9258, 23.1876 ], [ 84.9118, 23.1945 ], [ 84.9362, 23.2013 ], [ 84.9518, 23.2249 ], [ 84.9504, 23.2313 ], [ 84.9388, 23.2308 ], [ 84.9116, 23.2433 ], [ 84.9129, 23.256 ], [ 84.8976, 23.2588 ], [ 84.9014, 23.2861 ], [ 84.9269, 23.3109 ], [ 84.9111, 23.327 ], [ 84.9019, 23.3228 ], [ 84.9085, 23.3469 ], [ 84.9045, 23.3637 ], [ 84.8882, 23.3694 ], [ 84.8864, 23.3784 ], [ 84.8952, 23.3848 ], [ 84.8866, 23.4032 ], [ 84.897, 23.4104 ], [ 84.8958, 23.4295 ], [ 84.9097, 23.4524 ], [ 84.9245, 23.4622 ], [ 84.9234, 23.4692 ], [ 84.946, 23.4963 ], [ 84.9412, 23.52 ], [ 84.9293, 23.5267 ], [ 84.9259, 23.5216 ], [ 84.9117, 23.5209 ], [ 84.9066, 23.5277 ], [ 84.9084, 23.5384 ], [ 84.9179, 23.5411 ], [ 84.9253, 23.5551 ], [ 84.9365, 23.5502 ], [ 84.9346, 23.5727 ], [ 84.9485, 23.6077 ], [ 84.944, 23.6379 ], [ 84.9207, 23.6487 ], [ 84.9237, 23.6694 ], [ 84.9367, 23.6793 ], [ 84.9363, 23.6899 ], [ 84.9503, 23.7025 ], [ 84.9638, 23.6967 ], [ 84.9695, 23.7171 ], [ 84.9791, 23.7068 ], [ 84.9904, 23.7041 ], [ 84.9945, 23.6892 ], [ 85.0045, 23.6803 ], [ 85.0121, 23.6956 ], [ 85.0192, 23.6889 ], [ 85.0364, 23.6895 ], [ 85.0504, 23.7113 ], [ 85.0577, 23.7068 ], [ 85.0677, 23.7097 ], [ 85.0719, 23.6969 ], [ 85.0603, 23.6944 ], [ 85.0615, 23.6821 ], [ 85.0752, 23.6756 ], [ 85.0778, 23.6677 ], [ 85.1146, 23.6619 ], [ 85.1589, 23.6738 ], [ 85.167, 23.6658 ], [ 85.1881, 23.7095 ], [ 85.2248, 23.7007 ], [ 85.2256, 23.6853 ], [ 85.2363, 23.6833 ], [ 85.2229, 23.6716 ], [ 85.2235, 23.6542 ], [ 85.2147, 23.6547 ], [ 85.2071, 23.6453 ], [ 85.2055, 23.6269 ], [ 85.2103, 23.6208 ], [ 85.2366, 23.6186 ], [ 85.2459, 23.6026 ], [ 85.2432, 23.5934 ], [ 85.2614, 23.5898 ], [ 85.2678, 23.5782 ], [ 85.2789, 23.5804 ], [ 85.3236, 23.5696 ], [ 85.337, 23.5594 ], [ 85.3658, 23.5625 ], [ 85.3856, 23.5498 ], [ 85.3927, 23.5623 ], [ 85.3967, 23.5546 ], [ 85.4167, 23.5608 ], [ 85.4521, 23.5494 ], [ 85.4714, 23.5581 ], [ 85.4735, 23.5716 ], [ 85.4883, 23.5633 ], [ 85.4821, 23.554 ], [ 85.4891, 23.5481 ], [ 85.5092, 23.543 ], [ 85.5147, 23.5448 ], [ 85.5147, 23.5579 ], [ 85.5049, 23.5701 ], [ 85.5221, 23.5793 ], [ 85.5299, 23.5618 ], [ 85.5193, 23.5419 ], [ 85.5304, 23.5343 ], [ 85.5341, 23.5409 ], [ 85.5476, 23.543 ], [ 85.5722, 23.5145 ], [ 85.5903, 23.504 ], [ 85.5916, 23.4945 ], [ 85.6072, 23.4898 ], [ 85.6081, 23.4816 ], [ 85.6336, 23.4689 ], [ 85.6578, 23.4672 ], [ 85.6753, 23.451 ], [ 85.7194, 23.4437 ], [ 85.731, 23.4552 ], [ 85.7353, 23.4494 ], [ 85.7554, 23.4616 ], [ 85.7779, 23.4612 ], [ 85.7834, 23.4558 ], [ 85.7946, 23.4565 ], [ 85.7972, 23.4499 ], [ 85.8073, 23.4569 ], [ 85.8244, 23.454 ], [ 85.844, 23.4223 ], [ 85.8501, 23.4244 ], [ 85.8486, 23.4302 ], [ 85.8581, 23.426 ], [ 85.8628, 23.4313 ], [ 85.8858, 23.4276 ], [ 85.8803, 23.4224 ], [ 85.891, 23.4116 ], [ 85.8867, 23.4046 ], [ 85.8987, 23.405 ], [ 85.9025, 23.3971 ], [ 85.8708, 23.3888 ], [ 85.8784, 23.3817 ], [ 85.8752, 23.3598 ], [ 85.8831, 23.3508 ], [ 85.8663, 23.3415 ], [ 85.8682, 23.3298 ], [ 85.8384, 23.3065 ], [ 85.8197, 23.2681 ], [ 85.8386, 23.2468 ], [ 85.8366, 23.2205 ], [ 85.8638, 23.2224 ], [ 85.8825, 23.1987 ], [ 85.8816, 23.1703 ], [ 85.8939, 23.1559 ], [ 85.8727, 23.1563 ], [ 85.8711, 23.1398 ], [ 85.8607, 23.147 ], [ 85.8449, 23.1378 ], [ 85.8367, 23.121 ], [ 85.8245, 23.1137 ], [ 85.8175, 23.0927 ], [ 85.8049, 23.0916 ], [ 85.8003, 23.0823 ], [ 85.8108, 23.0764 ], [ 85.8242, 23.0277 ], [ 85.8135, 23.0104 ], [ 85.8212, 23.0074 ], [ 85.8288, 22.9913 ], [ 85.8476, 22.9847 ], [ 85.8537, 22.9432 ], [ 85.8654, 22.9445 ], [ 85.8768, 22.9301 ], [ 85.8713, 22.91 ], [ 85.8582, 22.9 ], [ 85.8648, 22.884 ], [ 85.8373, 22.8896 ], [ 85.8373, 22.9047 ], [ 85.7984, 22.9087 ], [ 85.7882, 22.9191 ], [ 85.7748, 22.9199 ], [ 85.7695, 22.9306 ], [ 85.7563, 22.9309 ], [ 85.7309, 22.9436 ], [ 85.7052, 22.9446 ], [ 85.689, 22.9342 ], [ 85.6577, 22.9374 ], [ 85.6534, 22.936 ], [ 85.6568, 22.9236 ], [ 85.6491, 22.9181 ], [ 85.6191, 22.9143 ], [ 85.6159, 22.9308 ], [ 85.6043, 22.935 ], [ 85.5806, 22.9071 ], [ 85.5549, 22.9258 ], [ 85.5506, 22.9236 ], [ 85.5493, 22.9303 ], [ 85.566, 22.943 ], [ 85.5646, 22.9514 ], [ 85.5796, 22.952 ], [ 85.5871, 22.9458 ], [ 85.5919, 22.9626 ], [ 85.6038, 22.9632 ], [ 85.5962, 22.9999 ], [ 85.6299, 22.9908 ], [ 85.6558, 23.0046 ], [ 85.64, 23.0169 ], [ 85.6443, 23.0261 ], [ 85.6304, 23.0281 ], [ 85.6343, 23.0286 ], [ 85.6328, 23.0343 ], [ 85.6265, 23.0305 ], [ 85.6221, 23.0505 ], [ 85.6387, 23.0558 ], [ 85.6276, 23.0696 ], [ 85.5995, 23.0625 ], [ 85.5808, 23.064 ], [ 85.5984, 23.0774 ], [ 85.6185, 23.0815 ], [ 85.6221, 23.0937 ], [ 85.6151, 23.1149 ], [ 85.6018, 23.1194 ], [ 85.5929, 23.1154 ], [ 85.5847, 23.1206 ], [ 85.5762, 23.112 ], [ 85.5611, 23.1196 ], [ 85.5423, 23.1171 ], [ 85.4838, 23.1237 ], [ 85.4736, 23.1288 ], [ 85.4659, 23.1618 ], [ 85.4606, 23.1634 ], [ 85.4663, 23.1804 ], [ 85.4169, 23.1728 ], [ 85.4025, 23.1781 ], [ 85.4014, 23.1902 ], [ 85.3852, 23.1934 ], [ 85.3765, 23.1838 ], [ 85.357, 23.1841 ], [ 85.3383, 23.2075 ], [ 85.339, 23.1876 ], [ 85.3228, 23.1775 ], [ 85.3205, 23.1869 ], [ 85.298, 23.1924 ], [ 85.2875, 23.2042 ], [ 85.2894, 23.2164 ], [ 85.2828, 23.2181 ], [ 85.2828, 23.2263 ], [ 85.2735, 23.2255 ], [ 85.2706, 23.2186 ], [ 85.252, 23.2165 ], [ 85.2526, 23.2053 ], [ 85.2456, 23.1984 ], [ 85.2313, 23.1983 ], [ 85.222, 23.208 ], [ 85.236, 23.2167 ], [ 85.2384, 23.2278 ], [ 85.2265, 23.2311 ], [ 85.2282, 23.2669 ], [ 85.2074, 23.2708 ], [ 85.2032, 23.2627 ], [ 85.1919, 23.2644 ], [ 85.1778, 23.2681 ], [ 85.1732, 23.2757 ], [ 85.165, 23.2749 ], [ 85.1587, 23.2848 ], [ 85.153, 23.2848 ], [ 85.1536, 23.2718 ], [ 85.1425, 23.2668 ], [ 85.1423, 23.2536 ], [ 85.1347, 23.2573 ], [ 85.1235, 23.2486 ], [ 85.1091, 23.2506 ], [ 85.0979, 23.2417 ], [ 85.0887, 23.2418 ], [ 85.0876, 23.2327 ] ] ] } },
{ "type": "Feature", "properties": { "district": "Sahibganj", "did": "jharkhand:Sahibganj", "state_key": "jharkhand" }, "geometry": { "type": "Polygon", "coordinates": [ [ [ 87.6251, 24.7844 ], [ 87.6127, 24.7778 ], [ 87.5995, 24.7929 ], [ 87.586, 24.7907 ], [ 87.5953, 24.7943 ], [ 87.5921, 24.8028 ], [ 87.5994, 24.805 ], [ 87.6233, 24.7935 ], [ 87.6081, 24.808 ], [ 87.5718, 24.8082 ], [ 87.556, 24.8285 ], [ 87.537, 24.8231 ], [ 87.5409, 24.8014 ], [ 87.5193, 24.801 ], [ 87.5179, 24.797 ], [ 87.4974, 24.8026 ], [ 87.4788, 24.8308 ], [ 87.476, 24.8548 ], [ 87.4575, 24.864 ], [ 87.4573, 24.8695 ], [ 87.4697, 24.873 ], [ 87.4695, 24.8798 ], [ 87.4545, 24.891 ], [ 87.4692, 24.9032 ], [ 87.468, 24.919 ], [ 87.4617, 24.9171 ], [ 87.4558, 24.9388 ], [ 87.4656, 24.9489 ], [ 87.4631, 24.9542 ], [ 87.4723, 24.9549 ], [ 87.4706, 24.9687 ], [ 87.4791, 24.9766 ], [ 87.4594, 24.9839 ], [ 87.4596, 24.9923 ], [ 87.4675, 25.0021 ], [ 87.5013, 25.0196 ], [ 87.5123, 25.0389 ], [ 87.5059, 25.0529 ], [ 87.5228, 25.0593 ], [ 87.5118, 25.066 ], [ 87.5081, 25.0793 ], [ 87.4741, 25.1045 ], [ 87.5011, 25.1395 ], [ 87.4778, 25.1943 ], [ 87.4764, 25.2378 ], [ 87.4906, 25.2613 ], [ 87.5005, 25.2598 ], [ 87.4986, 25.2767 ], [ 87.49, 25.2804 ], [ 87.4861, 25.2973 ], [ 87.4937, 25.3075 ], [ 87.5016, 25.2923 ], [ 87.5168, 25.2933 ], [ 87.5324, 25.2803 ], [ 87.5427, 25.2809 ], [ 87.5517, 25.3325 ], [ 87.571, 25.3333 ], [ 87.5839, 25.3492 ], [ 87.5919, 25.3419 ], [ 87.5841, 25.3314 ], [ 87.612, 25.3127 ], [ 87.6174, 25.3181 ], [ 87.627, 25.3116 ], [ 87.6304, 25.3197 ], [ 87.655, 25.3076 ], [ 87.6921, 25.3115 ], [ 87.6848, 25.3069 ], [ 87.6986, 25.304 ], [ 87.6931, 25.2851 ], [ 87.7115, 25.2746 ], [ 87.7113, 25.2576 ], [ 87.7474, 25.2638 ], [ 87.7672, 25.261 ], [ 87.7854, 25.2497 ], [ 87.7897, 25.2063 ], [ 87.7744, 25.1214 ], [ 87.8058, 25.0727 ], [ 87.8573, 25.0546 ], [ 87.8994, 25.0068 ], [ 87.9405, 24.9909 ], [ 87.9578, 24.9709 ], [ 87.9628, 24.9371 ], [ 87.9529, 24.9078 ], [ 87.9167, 24.8845 ], [ 87.8913, 24.856 ], [ 87.9003, 24.8241 ], [ 87.8912, 24.827 ], [ 87.888, 24.823 ], [ 87.8861, 24.8282 ], [ 87.8826, 24.8233 ], [ 87.8828, 24.8295 ], [ 87.8793, 24.8225 ], [ 87.8691, 24.8246 ], [ 87.8746, 24.8084 ], [ 87.8816, 24.8054 ], [ 87.8783, 24.7897 ], [ 87.8698, 24.7939 ], [ 87.8692, 24.775 ], [ 87.8523, 24.762 ], [ 87.8433, 24.7686 ], [ 87.8374, 24.7658 ], [ 87.836, 24.7783 ], [ 87.8421, 24.7857 ], [ 87.8362, 24.7902 ], [ 87.8301, 24.77 ], [ 87.8232, 24.7701 ], [ 87.8167, 24.7607 ], [ 87.8445, 24.7404 ], [ 87.8484, 24.7198 ], [ 87.8337, 24.7282 ], [ 87.8228, 24.7238 ], [ 87.8113, 24.7268 ], [ 87.7985, 24.7147 ], [ 87.7947, 24.7243 ], [ 87.8004, 24.7285 ], [ 87.7893, 24.7501 ], [ 87.7813, 24.7534 ], [ 87.7734, 24.7465 ], [ 87.7576, 24.7475 ], [ 87.7445, 24.7557 ], [ 87.7551, 24.7642 ], [ 87.7492, 24.7678 ], [ 87.7366, 24.7647 ], [ 87.7162, 24.7295 ], [ 87.7138, 24.741 ], [ 87.7001, 24.7463 ], [ 87.6886, 24.7424 ], [ 87.6805, 24.761 ], [ 87.6726, 24.7649 ], [ 87.6652, 24.7597 ], [ 87.6572, 24.7693 ], [ 87.6405, 24.7689 ], [ 87.628, 24.7757 ], [ 87.6251, 24.7844 ] ], [ [ 87.4906, 24.9657 ], [ 87.5004, 24.9665 ], [ 87.5018, 24.9711 ], [ 87.4871, 24.9737 ], [ 87.4906, 24.9657 ] ], [ [ 87.5449, 25.0699 ], [ 87.5379, 25.0758 ], [ 87.5309, 25.0684 ], [ 87.5449, 25.0699 ] ], [ [ 87.4989, 25.0062 ], [ 87.5038, 25.0084 ], [ 87.5007, 25.014 ], [ 87.4951, 25.0116 ], [ 87.4989, 25.0062 ] ] ] } },
{ "type": "Feature", "properties": { "district": "Saraikela-kharsawan", "did": "jharkhand:Saraikela-kharsawan", "state_key": "jharkhand" }, "geometry": { "type": "Polygon", "coordinates": [ [ [ 85.8818, 22.616 ], [ 85.8701, 22.6161 ], [ 85.8699, 22.6297 ], [ 85.8785, 22.6367 ], [ 85.8674, 22.6429 ], [ 85.8635, 22.6603 ], [ 85.8705, 22.6834 ], [ 85.8607, 22.7 ], [ 85.8662, 22.7112 ], [ 85.8537, 22.7226 ], [ 85.8411, 22.7083 ], [ 85.8287, 22.7212 ], [ 85.8089, 22.7124 ], [ 85.8007, 22.7181 ], [ 85.7935, 22.7162 ], [ 85.7975, 22.7098 ], [ 85.7765, 22.7078 ], [ 85.7764, 22.6997 ], [ 85.7491, 22.7023 ], [ 85.746, 22.6918 ], [ 85.7343, 22.6907 ], [ 85.7322, 22.6841 ], [ 85.7006, 22.6982 ], [ 85.6836, 22.7336 ], [ 85.6923, 22.7445 ], [ 85.7162, 22.7438 ], [ 85.7176, 22.7548 ], [ 85.7047, 22.7599 ], [ 85.6954, 22.7787 ], [ 85.7024, 22.8065 ], [ 85.6956, 22.8155 ], [ 85.6658, 22.8291 ], [ 85.6469, 22.8507 ], [ 85.6207, 22.8475 ], [ 85.6102, 22.8263 ], [ 85.5674, 22.8338 ], [ 85.5587, 22.8219 ], [ 85.5395, 22.8202 ], [ 85.5364, 22.8072 ], [ 85.517, 22.807 ], [ 85.5132, 22.8272 ], [ 85.5199, 22.8288 ], [ 85.5217, 22.8424 ], [ 85.5294, 22.8466 ], [ 85.5334, 22.8684 ], [ 85.5409, 22.865 ], [ 85.558, 22.8801 ], [ 85.5616, 22.8601 ], [ 85.5821, 22.8665 ], [ 85.5872, 22.8809 ], [ 85.6022, 22.8938 ], [ 85.5831, 22.8949 ], [ 85.5806, 22.9071 ], [ 85.6043, 22.935 ], [ 85.6159, 22.9308 ], [ 85.6191, 22.9143 ], [ 85.6491, 22.9181 ], [ 85.6568, 22.9236 ], [ 85.6534, 22.936 ], [ 85.6577, 22.9374 ], [ 85.689, 22.9342 ], [ 85.7052, 22.9446 ], [ 85.7309, 22.9436 ], [ 85.7563, 22.9309 ], [ 85.7695, 22.9306 ], [ 85.7748, 22.9199 ], [ 85.7882, 22.9191 ], [ 85.7984, 22.9087 ], [ 85.8373, 22.9047 ], [ 85.8373, 22.8896 ], [ 85.8646, 22.8839 ], [ 85.8582, 22.9 ], [ 85.8713, 22.91 ], [ 85.8768, 22.9301 ], [ 85.8654, 22.9445 ], [ 85.8537, 22.9432 ], [ 85.8476, 22.9847 ], [ 85.8288, 22.9913 ], [ 85.8212, 23.0074 ], [ 85.8135, 23.0104 ], [ 85.8242, 23.0277 ], [ 85.8108, 23.0764 ], [ 85.8007, 23.0808 ], [ 85.8014, 23.0875 ], [ 85.8175, 23.0927 ], [ 85.8245, 23.1137 ], [ 85.8367, 23.121 ], [ 85.8449, 23.1378 ], [ 85.8607, 23.147 ], [ 85.8711, 23.1398 ], [ 85.8727, 23.1563 ], [ 85.8867, 23.1531 ], [ 85.8892, 23.1581 ], [ 85.9277, 23.1486 ], [ 85.9514, 23.1517 ], [ 85.957, 23.1611 ], [ 86.0012, 23.1483 ], [ 86.0134, 23.1479 ], [ 86.0178, 23.1547 ], [ 86.0245, 23.1443 ], [ 86.0445, 23.1442 ], [ 86.0559, 23.1227 ], [ 86.0545, 23.1035 ], [ 86.0769, 23.0943 ], [ 86.09, 23.0947 ], [ 86.098, 23.0842 ], [ 86.1272, 23.0869 ], [ 86.1463, 23.075 ], [ 86.142, 23.0542 ], [ 86.158, 23.0462 ], [ 86.156, 23.0312 ], [ 86.1631, 23.0283 ], [ 86.1677, 23.0326 ], [ 86.1839, 23.0059 ], [ 86.2084, 23.0065 ], [ 86.2062, 23.0004 ], [ 86.2393, 22.9963 ], [ 86.2481, 22.9817 ], [ 86.242, 22.9727 ], [ 86.2201, 22.9736 ], [ 86.2183, 22.9679 ], [ 86.1997, 22.9676 ], [ 86.1884, 22.9475 ], [ 86.1962, 22.9412 ], [ 86.1897, 22.9206 ], [ 86.1967, 22.8949 ], [ 86.2199, 22.8892 ], [ 86.2004, 22.8546 ], [ 86.1988, 22.8173 ], [ 86.1606, 22.8362 ], [ 86.1598, 22.8223 ], [ 86.1475, 22.8111 ], [ 86.1482, 22.7987 ], [ 86.1592, 22.8014 ], [ 86.1754, 22.7881 ], [ 86.172, 22.7634 ], [ 86.1597, 22.752 ], [ 86.1668, 22.6688 ], [ 86.1546, 22.6356 ], [ 86.1167, 22.6039 ], [ 86.104, 22.5828 ], [ 86.0655, 22.555 ], [ 86.0454, 22.5675 ], [ 86.024, 22.5446 ], [ 86.0338, 22.5345 ], [ 86.0265, 22.524 ], [ 86.0209, 22.5273 ], [ 86.001, 22.5146 ], [ 85.9845, 22.5151 ], [ 85.9734, 22.5059 ], [ 85.9712, 22.4889 ], [ 85.9628, 22.4851 ], [ 85.9287, 22.4982 ], [ 85.9011, 22.5254 ], [ 85.9072, 22.5454 ], [ 85.8933, 22.5563 ], [ 85.8808, 22.5551 ], [ 85.8739, 22.5621 ], [ 85.8758, 22.5683 ], [ 85.9011, 22.5789 ], [ 85.9038, 22.5942 ], [ 85.9141, 22.6039 ], [ 85.8846, 22.6241 ], [ 85.8818, 22.616 ] ] ] } },
{ "type": "Feature", "properties": { "district": "Simdega", "did": "jharkhand:Simdega", "state_key": "jharkhand" }, "geometry": { "type": "Polygon", "coordinates": [ [ [ 84.4311, 22.3711 ], [ 84.4343, 22.3605 ], [ 84.4281, 22.3533 ], [ 84.4003, 22.3465 ], [ 84.3703, 22.3557 ], [ 84.3656, 22.3482 ], [ 84.2953, 22.341 ], [ 84.2688, 22.3546 ], [ 84.2515, 22.3781 ], [ 84.199, 22.3758 ], [ 84.1413, 22.4241 ], [ 84.1407, 22.4739 ], [ 84.1135, 22.4757 ], [ 84.1079, 22.4838 ], [ 84.0702, 22.5014 ], [ 84.0755, 22.5062 ], [ 84.0651, 22.5076 ], [ 84.0597, 22.5164 ], [ 84.0531, 22.5129 ], [ 84.0296, 22.5192 ], [ 84.0255, 22.5258 ], [ 84.0092, 22.5256 ], [ 84.0028, 22.5459 ], [ 84.0095, 22.573 ], [ 84.0244, 22.5918 ], [ 84.0541, 22.5981 ], [ 84.084, 22.6381 ], [ 84.1525, 22.6368 ], [ 84.2002, 22.6665 ], [ 84.2241, 22.6699 ], [ 84.2382, 22.6915 ], [ 84.2303, 22.7382 ], [ 84.2596, 22.767 ], [ 84.276, 22.7687 ], [ 84.2861, 22.7632 ], [ 84.2945, 22.7737 ], [ 84.3253, 22.764 ], [ 84.3435, 22.7468 ], [ 84.3543, 22.7507 ], [ 84.3492, 22.762 ], [ 84.3719, 22.7543 ], [ 84.3797, 22.7646 ], [ 84.3914, 22.7658 ], [ 84.3925, 22.7754 ], [ 84.3998, 22.7765 ], [ 84.4164, 22.7649 ], [ 84.4353, 22.7982 ], [ 84.4293, 22.8111 ], [ 84.4408, 22.809 ], [ 84.4494, 22.8137 ], [ 84.4532, 22.8375 ], [ 84.5034, 22.8247 ], [ 84.5025, 22.7986 ], [ 84.5532, 22.7918 ], [ 84.5543, 22.7715 ], [ 84.5437, 22.7659 ], [ 84.5312, 22.7692 ], [ 84.5158, 22.754 ], [ 84.5288, 22.7406 ], [ 84.5393, 22.7615 ], [ 84.5468, 22.7643 ], [ 84.5694, 22.747 ], [ 84.5593, 22.7309 ], [ 84.5922, 22.7128 ], [ 84.6051, 22.723 ], [ 84.6044, 22.7309 ], [ 84.6123, 22.7336 ], [ 84.6453, 22.7316 ], [ 84.6486, 22.7396 ], [ 84.6661, 22.731 ], [ 84.6697, 22.7394 ], [ 84.6865, 22.737 ], [ 84.6954, 22.7416 ], [ 84.7043, 22.7648 ], [ 84.7247, 22.7655 ], [ 84.7294, 22.7751 ], [ 84.7173, 22.7849 ], [ 84.7333, 22.8018 ], [ 84.769, 22.7896 ], [ 84.7805, 22.7952 ], [ 84.7754, 22.765 ], [ 84.7843, 22.7588 ], [ 84.7925, 22.7722 ], [ 84.7947, 22.7598 ], [ 84.7866, 22.7232 ], [ 84.8103, 22.7093 ], [ 84.8213, 22.716 ], [ 84.8145, 22.7361 ], [ 84.82, 22.7505 ], [ 84.8311, 22.7416 ], [ 84.8314, 22.7306 ], [ 84.8578, 22.7199 ], [ 84.8414, 22.7571 ], [ 84.8433, 22.7702 ], [ 84.8588, 22.7658 ], [ 84.8812, 22.7386 ], [ 84.9002, 22.7542 ], [ 84.8983, 22.7582 ], [ 84.913, 22.7621 ], [ 84.9306, 22.7922 ], [ 84.9503, 22.7757 ], [ 84.9612, 22.7757 ], [ 84.9687, 22.7852 ], [ 85.0051, 22.7875 ], [ 85.0102, 22.7698 ], [ 85.0214, 22.7655 ], [ 85.0268, 22.7563 ], [ 85.0498, 22.7529 ], [ 85.0589, 22.7359 ], [ 85.0415, 22.6811 ], [ 85.061, 22.6681 ], [ 85.0496, 22.6366 ], [ 85.0569, 22.6229 ], [ 85.054, 22.6112 ], [ 85.0707, 22.6034 ], [ 85.0685, 22.5907 ], [ 85.0758, 22.5741 ], [ 85.0685, 22.5652 ], [ 85.0723, 22.548 ], [ 85.0646, 22.5394 ], [ 85.0799, 22.5172 ], [ 85.0673, 22.4842 ], [ 85.0359, 22.4824 ], [ 85.0372, 22.4728 ], [ 85.0194, 22.4706 ], [ 84.9594, 22.4431 ], [ 84.9567, 22.4582 ], [ 84.9402, 22.4452 ], [ 84.9239, 22.4436 ], [ 84.9262, 22.4349 ], [ 84.9102, 22.4233 ], [ 84.8856, 22.4211 ], [ 84.8824, 22.4485 ], [ 84.8731, 22.4395 ], [ 84.8456, 22.4363 ], [ 84.8386, 22.4309 ], [ 84.8176, 22.4376 ], [ 84.8125, 22.4529 ], [ 84.796, 22.4463 ], [ 84.7593, 22.4475 ], [ 84.7497, 22.419 ], [ 84.6986, 22.4164 ], [ 84.6741, 22.4219 ], [ 84.6681, 22.4181 ], [ 84.6286, 22.4346 ], [ 84.6026, 22.4288 ], [ 84.5979, 22.4348 ], [ 84.5942, 22.4301 ], [ 84.5493, 22.421 ], [ 84.5362, 22.4274 ], [ 84.5244, 22.42 ], [ 84.483, 22.4135 ], [ 84.4767, 22.4053 ], [ 84.4846, 22.3888 ], [ 84.4612, 22.3791 ], [ 84.4532, 22.381 ], [ 84.4311, 22.3711 ] ] ] } },
{ "type": "Feature", "properties": { "district": "West Singhbhum", "did": "jharkhand:West Singhbhum", "state_key": "jharkhand" }, "geometry": { "type": "Polygon", "coordinates": [ [ [ 85.5662, 22.0889 ], [ 85.5604, 22.0961 ], [ 85.543, 22.0905 ], [ 85.5398, 22.1018 ], [ 85.5098, 22.1177 ], [ 85.4899, 22.1211 ], [ 85.4211, 22.1588 ], [ 85.3973, 22.1632 ], [ 85.3826, 22.1564 ], [ 85.3711, 22.161 ], [ 85.3604, 22.144 ], [ 85.3644, 22.1237 ], [ 85.3465, 22.1302 ], [ 85.3231, 22.1275 ], [ 85.2813, 22.0904 ], [ 85.2517, 22.027 ], [ 85.2363, 22.0098 ], [ 85.2214, 22.018 ], [ 85.2134, 22.0497 ], [ 85.1857, 22.0592 ], [ 85.1806, 22.0732 ], [ 85.1676, 22.0695 ], [ 85.1739, 22.0514 ], [ 85.1669, 22.0537 ], [ 85.1548, 22.0788 ], [ 85.1318, 22.0768 ], [ 85.1201, 22.0702 ], [ 85.0949, 22.1084 ], [ 85.089, 22.1057 ], [ 85.0403, 22.1159 ], [ 85.0213, 22.1084 ], [ 85.0087, 22.0889 ], [ 84.9925, 22.0812 ], [ 84.9846, 22.0866 ], [ 84.9834, 22.0955 ], [ 85.0268, 22.1225 ], [ 85.0342, 22.147 ], [ 85.0291, 22.1635 ], [ 85.0527, 22.1825 ], [ 85.0492, 22.1954 ], [ 85.0592, 22.206 ], [ 85.0722, 22.2377 ], [ 85.0702, 22.2481 ], [ 85.0782, 22.2574 ], [ 85.0706, 22.2737 ], [ 85.0996, 22.2936 ], [ 85.116, 22.2941 ], [ 85.1181, 22.3176 ], [ 85.1064, 22.3215 ], [ 85.0955, 22.3157 ], [ 85.0907, 22.3186 ], [ 85.0957, 22.3447 ], [ 85.0833, 22.3453 ], [ 85.0767, 22.3562 ], [ 85.087, 22.3825 ], [ 85.0865, 22.3994 ], [ 85.0821, 22.4165 ], [ 85.0678, 22.4284 ], [ 85.0603, 22.4496 ], [ 85.0771, 22.4638 ], [ 85.078, 22.4775 ], [ 85.0673, 22.4842 ], [ 85.0799, 22.5172 ], [ 85.0646, 22.54 ], [ 85.0723, 22.548 ], [ 85.0687, 22.5659 ], [ 85.0758, 22.5741 ], [ 85.089, 22.5757 ], [ 85.0948, 22.5958 ], [ 85.0904, 22.608 ], [ 85.0756, 22.6185 ], [ 85.0913, 22.6339 ], [ 85.0969, 22.6516 ], [ 85.115, 22.6637 ], [ 85.1225, 22.6886 ], [ 85.1199, 22.7099 ], [ 85.1333, 22.721 ], [ 85.129, 22.7382 ], [ 85.1435, 22.7399 ], [ 85.1478, 22.747 ], [ 85.1369, 22.7542 ], [ 85.1477, 22.8056 ], [ 85.1602, 22.8226 ], [ 85.1581, 22.8319 ], [ 85.1702, 22.8354 ], [ 85.1851, 22.8245 ], [ 85.1933, 22.8267 ], [ 85.1965, 22.8218 ], [ 85.1899, 22.8148 ], [ 85.1975, 22.8184 ], [ 85.2007, 22.8143 ], [ 85.2327, 22.8406 ], [ 85.2494, 22.8347 ], [ 85.2529, 22.8451 ], [ 85.2647, 22.8462 ], [ 85.2662, 22.8585 ], [ 85.2751, 22.8608 ], [ 85.281, 22.8704 ], [ 85.3048, 22.8749 ], [ 85.3091, 22.8831 ], [ 85.318, 22.8775 ], [ 85.3394, 22.8864 ], [ 85.3414, 22.881 ], [ 85.355, 22.8809 ], [ 85.3589, 22.8711 ], [ 85.372, 22.8634 ], [ 85.387, 22.8676 ], [ 85.3921, 22.8574 ], [ 85.3886, 22.8422 ], [ 85.4058, 22.8481 ], [ 85.4136, 22.839 ], [ 85.4197, 22.8402 ], [ 85.4197, 22.832 ], [ 85.4342, 22.8372 ], [ 85.4425, 22.8305 ], [ 85.4413, 22.8211 ], [ 85.4507, 22.8233 ], [ 85.4544, 22.8016 ], [ 85.4717, 22.7993 ], [ 85.4792, 22.8056 ], [ 85.5027, 22.8 ], [ 85.5135, 22.8072 ], [ 85.5364, 22.8072 ], [ 85.5395, 22.8202 ], [ 85.5587, 22.8219 ], [ 85.5674, 22.8338 ], [ 85.6102, 22.8263 ], [ 85.6207, 22.8475 ], [ 85.6469, 22.8507 ], [ 85.6658, 22.8291 ], [ 85.6956, 22.8155 ], [ 85.7024, 22.8065 ], [ 85.6954, 22.7787 ], [ 85.7047, 22.7599 ], [ 85.7176, 22.7548 ], [ 85.7162, 22.7438 ], [ 85.6909, 22.7441 ], [ 85.684, 22.7295 ], [ 85.7006, 22.6982 ], [ 85.7247, 22.6839 ], [ 85.746, 22.6918 ], [ 85.7491, 22.7023 ], [ 85.7764, 22.6997 ], [ 85.7765, 22.7078 ], [ 85.7975, 22.7098 ], [ 85.7935, 22.7162 ], [ 85.8007, 22.7181 ], [ 85.8089, 22.7124 ], [ 85.8291, 22.7212 ], [ 85.8411, 22.7083 ], [ 85.8537, 22.7226 ], [ 85.8662, 22.7112 ], [ 85.8607, 22.7 ], [ 85.8705, 22.6834 ], [ 85.8635, 22.6603 ], [ 85.8674, 22.6429 ], [ 85.8785, 22.6367 ], [ 85.8699, 22.6297 ], [ 85.8701, 22.6161 ], [ 85.8818, 22.616 ], [ 85.8846, 22.6241 ], [ 85.8943, 22.6132 ], [ 85.9141, 22.6045 ], [ 85.9038, 22.5942 ], [ 85.9011, 22.5789 ], [ 85.8758, 22.5683 ], [ 85.8739, 22.5621 ], [ 85.8808, 22.5551 ], [ 85.8933, 22.5563 ], [ 85.9072, 22.5454 ], [ 85.9011, 22.5254 ], [ 85.9287, 22.4982 ], [ 85.9628, 22.4851 ], [ 85.9571, 22.4643 ], [ 85.9679, 22.4612 ], [ 85.9656, 22.4512 ], [ 85.9978, 22.4281 ], [ 86.0154, 22.428 ], [ 86.0271, 22.3806 ], [ 86.0192, 22.3609 ], [ 85.998, 22.3416 ], [ 86.0034, 22.3357 ], [ 86.0108, 22.3412 ], [ 86.0267, 22.3349 ], [ 86.0119, 22.3223 ], [ 86.0137, 22.3131 ], [ 86.0289, 22.3077 ], [ 86.0407, 22.3125 ], [ 86.0473, 22.3094 ], [ 86.0143, 22.2973 ], [ 85.9883, 22.267 ], [ 85.9897, 22.2544 ], [ 85.9739, 22.2471 ], [ 86.0314, 22.1909 ], [ 85.9968, 22.1324 ], [ 86.0074, 22.1171 ], [ 85.9436, 22.0204 ], [ 85.9309, 22.0233 ], [ 85.9162, 22.0088 ], [ 85.9082, 21.9707 ], [ 85.8958, 21.9844 ], [ 85.8821, 21.9801 ], [ 85.8532, 21.9838 ], [ 85.8244, 21.9754 ], [ 85.817, 21.9858 ], [ 85.8054, 21.9894 ], [ 85.7828, 21.9849 ], [ 85.763, 21.9961 ], [ 85.7608, 22.0145 ], [ 85.7796, 22.0297 ], [ 85.7838, 22.0402 ], [ 85.7749, 22.0563 ], [ 85.7934, 22.0818 ], [ 85.8161, 22.0736 ], [ 85.8359, 22.0802 ], [ 85.8327, 22.093 ], [ 85.8133, 22.0943 ], [ 85.821, 22.1065 ], [ 85.8074, 22.1161 ], [ 85.7973, 22.1048 ], [ 85.7673, 22.0928 ], [ 85.7494, 22.0736 ], [ 85.7092, 22.0582 ], [ 85.6917, 22.0623 ], [ 85.6863, 22.0541 ], [ 85.6773, 22.057 ], [ 85.6784, 22.0629 ], [ 85.6516, 22.0954 ], [ 85.6237, 22.0818 ], [ 85.6134, 22.0815 ], [ 85.6112, 22.087 ], [ 85.6068, 22.0798 ], [ 85.5932, 22.0801 ], [ 85.5662, 22.0889 ] ] ] } }
]
}
