{
"type": "FeatureCollection",
"crs": { "type": "name", "properties": { "name": "urn:ogc:def:crs:OGC:1.3:CRS84" } },
"xy_coordinate_resolution": 0.0001,
"features": [
{ "type": "Feature", "properties": { "district": "Adilabad", "did": "telangana:Adilabad", "state_key": "telangana" }, "geometry": { "type": "Polygon", "coordinates": [ [ [ 78.5703, 19.2865 ], [ 78.5473, 19.262 ], [ 78.5257, 19.255 ], [ 78.5179, 19.2454 ], [ 78.519, 19.2262 ], [ 78.5094, 19.2147 ], [ 78.4837, 19.2267 ], [ 78.4566, 19.2268 ], [ 78.4566, 19.1954 ], [ 78.4493, 19.1801 ], [ 78.4362, 19.1845 ], [ 78.4309, 19.1727 ], [ 78.421, 19.1758 ], [ 78.4146, 19.1724 ], [ 78.4017, 19.1799 ], [ 78.3885, 19.1758 ], [ 78.3693, 19.1823 ], [ 78.363, 19.1999 ], [ 78.3544, 19.1985 ], [ 78.3472, 19.2072 ], [ 78.3301, 19.2069 ], [ 78.3184, 19.2147 ], [ 78.3039, 19.2357 ], [ 78.2957, 19.2626 ], [ 78.2754, 19.2659 ], [ 78.2703, 19.2817 ], [ 78.2485, 19.2903 ], [ 78.2312, 19.3085 ], [ 78.2181, 19.3125 ], [ 78.2075, 19.3071 ], [ 78.1974, 19.309 ], [ 78.1923, 19.3258 ], [ 78.1752, 19.3368 ], [ 78.1721, 19.3597 ], [ 78.1792, 19.3628 ], [ 78.1877, 19.3946 ], [ 78.1762, 19.4123 ], [ 78.1951, 19.4068 ], [ 78.22, 19.433 ], [ 78.2356, 19.4268 ], [ 78.2445, 19.4288 ], [ 78.2465, 19.4352 ], [ 78.2687, 19.4485 ], [ 78.2704, 19.4562 ], [ 78.287, 19.4485 ], [ 78.3028, 19.455 ], [ 78.3061, 19.4627 ], [ 78.3092, 19.4811 ], [ 78.2904, 19.5276 ], [ 78.2932, 19.5422 ], [ 78.2839, 19.5414 ], [ 78.2743, 19.554 ], [ 78.2753, 19.5625 ], [ 78.2936, 19.559 ], [ 78.3037, 19.5693 ], [ 78.3056, 19.6071 ], [ 78.2939, 19.6194 ], [ 78.2905, 19.646 ], [ 78.2626, 19.6651 ], [ 78.2762, 19.6924 ], [ 78.2878, 19.688 ], [ 78.3118, 19.6911 ], [ 78.3187, 19.7055 ], [ 78.3431, 19.7132 ], [ 78.3412, 19.7358 ], [ 78.3493, 19.738 ], [ 78.3647, 19.7812 ], [ 78.3574, 19.8054 ], [ 78.334, 19.8146 ], [ 78.3364, 19.8379 ], [ 78.3015, 19.8404 ], [ 78.2861, 19.8479 ], [ 78.307, 19.9143 ], [ 78.3318, 19.9134 ], [ 78.3341, 19.9053 ], [ 78.3244, 19.8948 ], [ 78.3321, 19.8849 ], [ 78.3807, 19.8804 ], [ 78.3865, 19.8454 ], [ 78.423, 19.8176 ], [ 78.452, 19.8129 ], [ 78.4725, 19.8173 ], [ 78.4902, 19.7927 ], [ 78.5072, 19.7975 ], [ 78.515, 19.8189 ], [ 78.552, 19.8241 ], [ 78.5723, 19.8158 ], [ 78.6073, 19.8176 ], [ 78.619, 19.81 ], [ 78.6427, 19.8078 ], [ 78.6926, 19.791 ], [ 78.7014, 19.7867 ], [ 78.7061, 19.7723 ], [ 78.7192, 19.7666 ], [ 78.73, 19.7802 ], [ 78.7401, 19.7831 ], [ 78.7564, 19.7725 ], [ 78.7711, 19.7794 ], [ 78.7824, 19.7784 ], [ 78.8022, 19.7565 ], [ 78.8169, 19.7618 ], [ 78.8259, 19.7551 ], [ 78.841, 19.7619 ], [ 78.8599, 19.6895 ], [ 78.8519, 19.6584 ], [ 78.8867, 19.6551 ], [ 78.8864, 19.6625 ], [ 78.9035, 19.67 ], [ 78.9199, 19.667 ], [ 78.9197, 19.662 ], [ 78.9442, 19.6617 ], [ 78.9556, 19.6558 ], [ 78.9618, 19.6374 ], [ 78.9556, 19.6002 ], [ 78.9718, 19.59 ], [ 78.9728, 19.5824 ], [ 78.9525, 19.565 ], [ 78.9377, 19.5619 ], [ 78.9407, 19.5531 ], [ 78.9356, 19.5474 ], [ 78.9503, 19.5333 ], [ 78.9421, 19.5138 ], [ 78.9489, 19.5102 ], [ 78.9491, 19.5013 ], [ 78.9588, 19.5029 ], [ 78.9776, 19.4924 ], [ 78.9576, 19.4735 ], [ 78.9268, 19.4621 ], [ 78.9146, 19.4734 ], [ 78.9038, 19.4742 ], [ 78.8845, 19.4455 ], [ 78.853, 19.4472 ], [ 78.8413, 19.4339 ], [ 78.8445, 19.4226 ], [ 78.8294, 19.4094 ], [ 78.8209, 19.3878 ], [ 78.8099, 19.3866 ], [ 78.8106, 19.3809 ], [ 78.8248, 19.3746 ], [ 78.8541, 19.3685 ], [ 78.8583, 19.3314 ], [ 78.8488, 19.2627 ], [ 78.8432, 19.2547 ], [ 78.8197, 19.2467 ], [ 78.8121, 19.2215 ], [ 78.7999, 19.214 ], [ 78.7901, 19.2405 ], [ 78.7679, 19.2566 ], [ 78.7588, 19.2782 ], [ 78.7199, 19.2965 ], [ 78.7225, 19.3264 ], [ 78.6737, 19.316 ], [ 78.6211, 19.2741 ], [ 78.6154, 19.261 ], [ 78.5886, 19.2875 ], [ 78.5703, 19.2865 ] ] ] } },
{ "type": "Feature", "properties": { "district": "Bhadradri Kothagudem", "did": "telangana:Bhadradri Kothagudem", "state_key": "telangana" }, "geometry": { "type": "Polygon", "coordinates": [ [ [ 80.8317, 17.3631 ], [ 80.8128, 17.3371 ], [ 80.7787, 17.3373 ], [ 80.7754, 17.3082 ], [ 80.761, 17.3139 ], [ 80.7485, 17.2913 ], [ 80.7224, 17.3053 ], [ 80.6925, 17.2889 ], [ 80.6829, 17.2967 ], [ 80.6819, 17.3069 ], [ 80.6875, 17.3109 ], [ 80.6797, 17.3378 ], [ 80.6458, 17.3463 ], [ 80.6461, 17.3602 ], [ 80.6344, 17.3628 ], [ 80.6285, 17.3387 ], [ 80.6149, 17.3429 ], [ 80.6173, 17.3488 ], [ 80.6094, 17.3563 ], [ 80.6195, 17.3714 ], [ 80.6048, 17.3832 ], [ 80.5922, 17.3822 ], [ 80.5821, 17.357 ], [ 80.5694, 17.3538 ], [ 80.5563, 17.3411 ], [ 80.5553, 17.368 ], [ 80.5672, 17.388 ], [ 80.5664, 17.4173 ], [ 80.5926, 17.4245 ], [ 80.5851, 17.4321 ], [ 80.587, 17.4449 ], [ 80.5752, 17.4458 ], [ 80.5728, 17.4591 ], [ 80.5616, 17.4572 ], [ 80.553, 17.4726 ], [ 80.531, 17.4783 ], [ 80.5136, 17.4717 ], [ 80.5059, 17.4786 ], [ 80.4915, 17.4726 ], [ 80.476, 17.4557 ], [ 80.4505, 17.4479 ], [ 80.4341, 17.4126 ], [ 80.4062, 17.4211 ], [ 80.3838, 17.4148 ], [ 80.3759, 17.4169 ], [ 80.4313, 17.4973 ], [ 80.4058, 17.5135 ], [ 80.3968, 17.5282 ], [ 80.361, 17.501 ], [ 80.3605, 17.4864 ], [ 80.3465, 17.4852 ], [ 80.3478, 17.5093 ], [ 80.3397, 17.5226 ], [ 80.3436, 17.5351 ], [ 80.356, 17.5312 ], [ 80.3685, 17.5678 ], [ 80.3461, 17.5678 ], [ 80.324, 17.5609 ], [ 80.286, 17.5731 ], [ 80.2825, 17.5634 ], [ 80.2923, 17.5558 ], [ 80.2808, 17.5426 ], [ 80.248, 17.5619 ], [ 80.238, 17.5592 ], [ 80.2337, 17.5663 ], [ 80.2302, 17.5524 ], [ 80.2019, 17.5581 ], [ 80.2232, 17.6062 ], [ 80.2098, 17.6137 ], [ 80.2068, 17.6527 ], [ 80.2212, 17.6609 ], [ 80.2367, 17.6553 ], [ 80.2485, 17.7382 ], [ 80.2594, 17.7501 ], [ 80.2478, 17.8244 ], [ 80.277, 17.8813 ], [ 80.2778, 17.9069 ], [ 80.2676, 17.9285 ], [ 80.275, 17.9664 ], [ 80.2943, 17.9645 ], [ 80.3097, 17.9753 ], [ 80.3162, 17.996 ], [ 80.3412, 18.0144 ], [ 80.3465, 18.0366 ], [ 80.3919, 18.0817 ], [ 80.4313, 18.06 ], [ 80.4454, 18.067 ], [ 80.4557, 18.0602 ], [ 80.4823, 18.0598 ], [ 80.4994, 18.0507 ], [ 80.514, 18.0518 ], [ 80.5272, 18.0647 ], [ 80.5379, 18.0552 ], [ 80.5585, 18.0589 ], [ 80.5658, 18.0509 ], [ 80.5739, 18.0547 ], [ 80.6078, 18.0883 ], [ 80.6164, 18.1184 ], [ 80.6195, 18.1128 ], [ 80.6351, 18.1094 ], [ 80.6431, 18.1254 ], [ 80.6234, 18.1293 ], [ 80.6323, 18.1424 ], [ 80.6382, 18.1362 ], [ 80.6548, 18.1349 ], [ 80.6571, 18.1437 ], [ 80.647, 18.1565 ], [ 80.6553, 18.1538 ], [ 80.6734, 18.1825 ], [ 80.6816, 18.1655 ], [ 80.694, 18.1615 ], [ 80.7042, 18.1359 ], [ 80.755, 18.0738 ], [ 80.7487, 18.1016 ], [ 80.7542, 18.1687 ], [ 80.8001, 18.169 ], [ 80.8241, 18.191 ], [ 80.8236, 18.2361 ], [ 80.8367, 18.2389 ], [ 80.8434, 18.2324 ], [ 80.8659, 18.2301 ], [ 80.8726, 18.2106 ], [ 80.871, 18.2048 ], [ 80.8529, 18.202 ], [ 80.8667, 18.1369 ], [ 80.9142, 18.1412 ], [ 80.9516, 18.1637 ], [ 80.9577, 18.1735 ], [ 80.979, 18.1754 ], [ 80.9787, 18.1508 ], [ 80.9555, 18.1291 ], [ 80.9493, 18.0829 ], [ 80.9691, 18.0464 ], [ 80.9643, 18.0381 ], [ 80.9792, 18.0044 ], [ 80.9878, 17.9444 ], [ 80.9983, 17.9168 ], [ 80.9965, 17.8491 ], [ 81.0082, 17.7994 ], [ 81.0177, 17.7914 ], [ 81.0466, 17.7823 ], [ 81.0733, 17.7865 ], [ 81.0856, 17.798 ], [ 81.096, 17.7745 ], [ 81.1043, 17.772 ], [ 81.0582, 17.7331 ], [ 81.0505, 17.734 ], [ 81.0406, 17.7476 ], [ 81.0159, 17.745 ], [ 80.9913, 17.7499 ], [ 80.9734, 17.7801 ], [ 80.9553, 17.7746 ], [ 80.9463, 17.7602 ], [ 80.9279, 17.7618 ], [ 80.9176, 17.7481 ], [ 80.9024, 17.7462 ], [ 80.8855, 17.7357 ], [ 80.8947, 17.7029 ], [ 80.8764, 17.6684 ], [ 80.8781, 17.6507 ], [ 80.897, 17.6406 ], [ 80.9381, 17.6326 ], [ 80.9801, 17.6526 ], [ 81.0053, 17.6488 ], [ 81.007, 17.6217 ], [ 80.9959, 17.6291 ], [ 80.9841, 17.6262 ], [ 80.9755, 17.6191 ], [ 80.9693, 17.5984 ], [ 80.9984, 17.5647 ], [ 81.0137, 17.5366 ], [ 81.0148, 17.5221 ], [ 81.0801, 17.515 ], [ 81.0976, 17.5043 ], [ 81.1273, 17.5264 ], [ 81.1385, 17.5162 ], [ 81.1421, 17.4886 ], [ 81.1597, 17.4844 ], [ 81.1483, 17.4637 ], [ 81.1755, 17.4636 ], [ 81.1723, 17.449 ], [ 81.1933, 17.4356 ], [ 81.2027, 17.434 ], [ 81.2053, 17.4496 ], [ 81.2118, 17.4417 ], [ 81.2455, 17.433 ], [ 81.2685, 17.4183 ], [ 81.3124, 17.4087 ], [ 81.3226, 17.3745 ], [ 81.3011, 17.3407 ], [ 81.274, 17.3172 ], [ 81.2457, 17.3258 ], [ 81.2336, 17.3204 ], [ 81.1904, 17.3248 ], [ 81.1767, 17.2877 ], [ 81.1782, 17.269 ], [ 81.1876, 17.2547 ], [ 81.174, 17.2303 ], [ 81.1094, 17.2235 ], [ 81.0796, 17.2153 ], [ 81.0546, 17.2249 ], [ 81.0495, 17.2071 ], [ 81.0313, 17.1903 ], [ 81.0154, 17.1944 ], [ 80.9944, 17.1913 ], [ 80.9603, 17.2041 ], [ 80.9413, 17.2193 ], [ 80.911, 17.2198 ], [ 80.8653, 17.2358 ], [ 80.8762, 17.2647 ], [ 80.8689, 17.2832 ], [ 80.872, 17.323 ], [ 80.8592, 17.3651 ], [ 80.8317, 17.3631 ] ] ] } },
{ "type": "Feature", "properties": { "district": "Hyderabad", "did": "telangana:Hyderabad", "state_key": "telangana" }, "geometry": { "type": "Polygon", "coordinates": [ [ [ 78.5351, 17.4052 ], [ 78.5232, 17.4062 ], [ 78.5222, 17.4026 ], [ 78.5278, 17.4013 ], [ 78.5279, 17.3741 ], [ 78.5326, 17.3692 ], [ 78.5408, 17.3714 ], [ 78.5298, 17.3589 ], [ 78.5319, 17.3458 ], [ 78.5288, 17.3491 ], [ 78.5223, 17.3428 ], [ 78.5175, 17.3519 ], [ 78.5066, 17.3493 ], [ 78.5072, 17.3185 ], [ 78.5019, 17.322 ], [ 78.4773, 17.3177 ], [ 78.4688, 17.298 ], [ 78.4611, 17.2982 ], [ 78.4517, 17.3237 ], [ 78.44, 17.3363 ], [ 78.4234, 17.3407 ], [ 78.4272, 17.3511 ], [ 78.4423, 17.3489 ], [ 78.4269, 17.3601 ], [ 78.4286, 17.3727 ], [ 78.388, 17.3709 ], [ 78.3732, 17.3729 ], [ 78.3679, 17.3787 ], [ 78.3951, 17.386 ], [ 78.3927, 17.4018 ], [ 78.404, 17.4077 ], [ 78.395, 17.4231 ], [ 78.4097, 17.4345 ], [ 78.4094, 17.442 ], [ 78.4278, 17.4443 ], [ 78.4339, 17.4512 ], [ 78.4604, 17.4465 ], [ 78.4637, 17.4726 ], [ 78.4771, 17.4826 ], [ 78.4828, 17.4759 ], [ 78.4759, 17.4634 ], [ 78.4854, 17.4563 ], [ 78.5047, 17.4685 ], [ 78.498, 17.4746 ], [ 78.5003, 17.483 ], [ 78.5223, 17.4824 ], [ 78.5178, 17.4407 ], [ 78.5314, 17.437 ], [ 78.5439, 17.4432 ], [ 78.549, 17.4376 ], [ 78.5384, 17.4231 ], [ 78.5266, 17.4218 ], [ 78.5351, 17.4052 ] ] ] } },
{ "type": "Feature", "properties": { "district": "Jagtial", "did": "telangana:Jagtial", "state_key": "telangana" }, "geometry": { "type": "Polygon", "coordinates": [ [ [ 78.9884, 18.65 ], [ 78.9677, 18.609 ], [ 78.975, 18.5959 ], [ 78.981, 18.5959 ], [ 78.9894, 18.5739 ], [ 78.9832, 18.5685 ], [ 78.9392, 18.5838 ], [ 78.9288, 18.5662 ], [ 78.9163, 18.5753 ], [ 78.9125, 18.5723 ], [ 78.9028, 18.55 ], [ 78.8971, 18.5593 ], [ 78.9015, 18.5777 ], [ 78.8933, 18.5971 ], [ 78.8737, 18.5867 ], [ 78.8628, 18.5925 ], [ 78.8507, 18.5883 ], [ 78.8246, 18.6047 ], [ 78.8124, 18.6046 ], [ 78.7916, 18.6208 ], [ 78.7605, 18.6189 ], [ 78.7545, 18.6305 ], [ 78.7219, 18.6322 ], [ 78.7061, 18.6411 ], [ 78.6967, 18.6418 ], [ 78.6901, 18.6329 ], [ 78.6846, 18.6344 ], [ 78.6699, 18.6233 ], [ 78.6643, 18.6335 ], [ 78.6528, 18.6387 ], [ 78.6316, 18.6775 ], [ 78.6408, 18.7019 ], [ 78.6372, 18.7233 ], [ 78.6147, 18.73 ], [ 78.5816, 18.7228 ], [ 78.5712, 18.7383 ], [ 78.5527, 18.7425 ], [ 78.5543, 18.7651 ], [ 78.5635, 18.7788 ], [ 78.5525, 18.7911 ], [ 78.5509, 18.8135 ], [ 78.5417, 18.8153 ], [ 78.5481, 18.8307 ], [ 78.5374, 18.8442 ], [ 78.5433, 18.8596 ], [ 78.5361, 18.8843 ], [ 78.5141, 18.8923 ], [ 78.528, 18.9427 ], [ 78.5482, 18.9463 ], [ 78.5552, 18.9755 ], [ 78.58, 18.9996 ], [ 78.5888, 19.0054 ], [ 78.6064, 18.9855 ], [ 78.6363, 18.9779 ], [ 78.6602, 19.0008 ], [ 78.6655, 19.0146 ], [ 78.7009, 19.0359 ], [ 78.7623, 19.0113 ], [ 78.7701, 19.0143 ], [ 78.7708, 19.0297 ], [ 78.7788, 19.0377 ], [ 78.7988, 19.0483 ], [ 78.8211, 19.0489 ], [ 78.8355, 19.0684 ], [ 78.8448, 19.0703 ], [ 78.9109, 19.0305 ], [ 78.9532, 19.0771 ], [ 78.9881, 19.0719 ], [ 79.0228, 19.0753 ], [ 79.0659, 19.0495 ], [ 79.0855, 19.0232 ], [ 79.1068, 18.9468 ], [ 79.1788, 18.8713 ], [ 79.2343, 18.8605 ], [ 79.249, 18.853 ], [ 79.2713, 18.828 ], [ 79.3074, 18.8152 ], [ 79.2913, 18.7773 ], [ 79.2948, 18.7448 ], [ 79.2815, 18.7432 ], [ 79.2755, 18.7468 ], [ 79.2783, 18.7511 ], [ 79.2572, 18.7647 ], [ 79.228, 18.749 ], [ 79.1629, 18.7557 ], [ 79.1503, 18.7256 ], [ 79.1406, 18.7248 ], [ 79.1301, 18.7089 ], [ 79.1122, 18.7103 ], [ 79.1255, 18.6836 ], [ 79.1159, 18.6592 ], [ 79.1067, 18.6637 ], [ 79.1032, 18.6495 ], [ 79.0952, 18.6518 ], [ 79.0856, 18.646 ], [ 79.0652, 18.6535 ], [ 79.0601, 18.6661 ], [ 79.0498, 18.6472 ], [ 79.0359, 18.6446 ], [ 79.0363, 18.6511 ], [ 79.0179, 18.6541 ], [ 79.0118, 18.6757 ], [ 79.0043, 18.6783 ], [ 78.9892, 18.6728 ], [ 78.983, 18.6602 ], [ 78.9884, 18.65 ] ] ] } },
{ "type": "Feature", "properties": { "district": "Jangaon", "did": "telangana:Jangaon", "state_key": "telangana" }, "geometry": { "type": "Polygon", "coordinates": [ [ [ 79.363, 17.5007 ], [ 79.3661, 17.486 ], [ 79.3438, 17.4663 ], [ 79.3407, 17.4564 ], [ 79.3281, 17.4508 ], [ 79.2851, 17.4692 ], [ 79.2938, 17.4865 ], [ 79.2747, 17.4976 ], [ 79.2631, 17.4905 ], [ 79.2571, 17.4709 ], [ 79.2298, 17.4969 ], [ 79.2142, 17.4999 ], [ 79.2052, 17.5102 ], [ 79.1766, 17.5102 ], [ 79.1574, 17.5241 ], [ 79.1399, 17.5243 ], [ 79.1361, 17.5445 ], [ 79.1677, 17.5754 ], [ 79.1512, 17.5873 ], [ 79.1577, 17.622 ], [ 79.1442, 17.6282 ], [ 79.1348, 17.6428 ], [ 79.1302, 17.6722 ], [ 79.1191, 17.6689 ], [ 79.0997, 17.6775 ], [ 79.0896, 17.7015 ], [ 79.0688, 17.7192 ], [ 79.0461, 17.726 ], [ 79.0375, 17.7095 ], [ 79.025, 17.7128 ], [ 78.9957, 17.751 ], [ 79.0013, 17.7708 ], [ 78.9865, 17.796 ], [ 78.9798, 17.7982 ], [ 78.9509, 17.7879 ], [ 78.9071, 17.8125 ], [ 78.8997, 17.8048 ], [ 78.8661, 17.8103 ], [ 78.8676, 17.8251 ], [ 78.8783, 17.8262 ], [ 78.8775, 17.8337 ], [ 78.8887, 17.8416 ], [ 78.8989, 17.8399 ], [ 78.9056, 17.8446 ], [ 78.9222, 17.8365 ], [ 78.9167, 17.8577 ], [ 78.9211, 17.8731 ], [ 78.9299, 17.8776 ], [ 78.9456, 17.8794 ], [ 78.9578, 17.8669 ], [ 78.9714, 17.8681 ], [ 78.9987, 17.8448 ], [ 79.0031, 17.8583 ], [ 79.0202, 17.8761 ], [ 79.0391, 17.8723 ], [ 79.0438, 17.8609 ], [ 79.065, 17.8736 ], [ 79.0921, 17.8732 ], [ 79.1117, 17.899 ], [ 79.1243, 17.9022 ], [ 79.1022, 17.9143 ], [ 79.1213, 17.9412 ], [ 79.1315, 17.9468 ], [ 79.1438, 17.9659 ], [ 79.139, 17.9781 ], [ 79.1535, 17.992 ], [ 79.1842, 17.9939 ], [ 79.1923, 18.0016 ], [ 79.2329, 17.9945 ], [ 79.232, 17.9863 ], [ 79.2633, 17.9836 ], [ 79.2711, 17.9786 ], [ 79.2675, 17.9527 ], [ 79.2862, 17.9531 ], [ 79.3241, 17.9438 ], [ 79.336, 17.9384 ], [ 79.3428, 17.9212 ], [ 79.352, 17.9239 ], [ 79.3863, 17.9018 ], [ 79.3944, 17.908 ], [ 79.4043, 17.8985 ], [ 79.4201, 17.896 ], [ 79.4374, 17.9132 ], [ 79.4486, 17.9087 ], [ 79.4491, 17.879 ], [ 79.4584, 17.8744 ], [ 79.4641, 17.8729 ], [ 79.478, 17.8928 ], [ 79.4875, 17.8877 ], [ 79.4943, 17.9002 ], [ 79.5293, 17.8864 ], [ 79.525, 17.8326 ], [ 79.5121, 17.8228 ], [ 79.5146, 17.7741 ], [ 79.5053, 17.7486 ], [ 79.4905, 17.7545 ], [ 79.481, 17.7452 ], [ 79.4953, 17.7383 ], [ 79.5042, 17.7242 ], [ 79.5023, 17.7154 ], [ 79.481, 17.7053 ], [ 79.4906, 17.6962 ], [ 79.4813, 17.6748 ], [ 79.4898, 17.6629 ], [ 79.5222, 17.6614 ], [ 79.5245, 17.6331 ], [ 79.5364, 17.6303 ], [ 79.5405, 17.6379 ], [ 79.5622, 17.6192 ], [ 79.5778, 17.6204 ], [ 79.5909, 17.5943 ], [ 79.5793, 17.5762 ], [ 79.6026, 17.548 ], [ 79.5897, 17.5289 ], [ 79.5971, 17.5007 ], [ 79.576, 17.5036 ], [ 79.566, 17.4973 ], [ 79.5416, 17.527 ], [ 79.5168, 17.4942 ], [ 79.5009, 17.4962 ], [ 79.4724, 17.5146 ], [ 79.4534, 17.5117 ], [ 79.4302, 17.5166 ], [ 79.4246, 17.5025 ], [ 79.4125, 17.4986 ], [ 79.3787, 17.5107 ], [ 79.363, 17.5007 ] ] ] } },
{ "type": "Feature", "properties": { "district": "Jayashankar Bhupalapally", "did": "telangana:Jayashankar Bhupalapally", "state_key": "telangana" }, "geometry": { "type": "Polygon", "coordinates": [ [ [ 79.8549, 18.2426 ], [ 79.8431, 18.2208 ], [ 79.8445, 18.2128 ], [ 79.8631, 18.2029 ], [ 79.8363, 18.1864 ], [ 79.8443, 18.1582 ], [ 79.8587, 18.1502 ], [ 79.842, 18.1325 ], [ 79.8183, 18.1406 ], [ 79.796, 18.1983 ], [ 79.7537, 18.1743 ], [ 79.724, 18.1944 ], [ 79.7228, 18.2006 ], [ 79.7282, 18.1986 ], [ 79.7358, 18.205 ], [ 79.7225, 18.2095 ], [ 79.7108, 18.2409 ], [ 79.6953, 18.2509 ], [ 79.7044, 18.2716 ], [ 79.6971, 18.2777 ], [ 79.6707, 18.2553 ], [ 79.6525, 18.2525 ], [ 79.6329, 18.2853 ], [ 79.6204, 18.2624 ], [ 79.6067, 18.2592 ], [ 79.5974, 18.2628 ], [ 79.5821, 18.2566 ], [ 79.5631, 18.2628 ], [ 79.5674, 18.2799 ], [ 79.5598, 18.3 ], [ 79.565, 18.3092 ], [ 79.5765, 18.3092 ], [ 79.5795, 18.3487 ], [ 79.5748, 18.3692 ], [ 79.5805, 18.4133 ], [ 79.5688, 18.416 ], [ 79.5671, 18.4239 ], [ 79.588, 18.4456 ], [ 79.5879, 18.4619 ], [ 79.5968, 18.4726 ], [ 79.6026, 18.4745 ], [ 79.6121, 18.4636 ], [ 79.6229, 18.4864 ], [ 79.6422, 18.4755 ], [ 79.6699, 18.4802 ], [ 79.7057, 18.5207 ], [ 79.712, 18.5608 ], [ 79.7248, 18.5736 ], [ 79.7843, 18.5687 ], [ 79.7925, 18.5735 ], [ 79.8042, 18.6213 ], [ 79.8308, 18.6559 ], [ 79.8306, 18.6805 ], [ 79.8072, 18.7049 ], [ 79.8245, 18.7248 ], [ 79.8178, 18.7578 ], [ 79.8417, 18.7808 ], [ 79.8471, 18.7946 ], [ 79.8248, 18.8292 ], [ 79.8264, 18.8572 ], [ 79.8408, 18.872 ], [ 79.8546, 18.864 ], [ 79.8689, 18.8337 ], [ 79.8862, 18.8265 ], [ 79.9022, 18.8301 ], [ 79.9139, 18.8262 ], [ 79.9222, 18.8088 ], [ 79.9628, 18.7746 ], [ 79.9931, 18.7699 ], [ 80.001, 18.7761 ], [ 80.0185, 18.7704 ], [ 80.025, 18.7549 ], [ 80.0387, 18.753 ], [ 80.0528, 18.7251 ], [ 80.0646, 18.7233 ], [ 80.0746, 18.7105 ], [ 80.0885, 18.7073 ], [ 80.1147, 18.6815 ], [ 80.1232, 18.6808 ], [ 80.14, 18.693 ], [ 80.1651, 18.7009 ], [ 80.1777, 18.6838 ], [ 80.1966, 18.6808 ], [ 80.2128, 18.7057 ], [ 80.2337, 18.7024 ], [ 80.2522, 18.7068 ], [ 80.2715, 18.7233 ], [ 80.2808, 18.7203 ], [ 80.306, 18.6825 ], [ 80.3187, 18.6421 ], [ 80.3275, 18.6354 ], [ 80.344, 18.5983 ], [ 80.3028, 18.5888 ], [ 80.2677, 18.5898 ], [ 80.2295, 18.5533 ], [ 80.2244, 18.4273 ], [ 80.2167, 18.3895 ], [ 80.1726, 18.3494 ], [ 80.1425, 18.3795 ], [ 80.1508, 18.4139 ], [ 80.0986, 18.4317 ], [ 80.0809, 18.4211 ], [ 80.0742, 18.3883 ], [ 80.0573, 18.4016 ], [ 80.0423, 18.4043 ], [ 79.9902, 18.3865 ], [ 79.9395, 18.3964 ], [ 79.9223, 18.4062 ], [ 79.9079, 18.3993 ], [ 79.8909, 18.3993 ], [ 79.8996, 18.3711 ], [ 79.9096, 18.371 ], [ 79.9254, 18.3516 ], [ 79.9539, 18.3395 ], [ 79.9446, 18.3184 ], [ 79.8929, 18.317 ], [ 79.8928, 18.3069 ], [ 79.882, 18.2992 ], [ 79.8892, 18.2853 ], [ 79.873, 18.278 ], [ 79.8657, 18.2607 ], [ 79.8548, 18.2566 ], [ 79.8549, 18.2426 ] ] ] } },
{ "type": "Feature", "properties": { "district": "Jogulamba Gadwal", "did": "telangana:Jogulamba Gadwal", "state_key": "telangana" }, "geometry": { "type": "Polygon", "coordinates": [ [ [ 78.0293, 16.0598 ], [ 78.0465, 16.0326 ], [ 78.0694, 16.0143 ], [ 78.1274, 16.0024 ], [ 78.1361, 15.9962 ], [ 78.1466, 15.9623 ], [ 78.1597, 15.9482 ], [ 78.2214, 15.9439 ], [ 78.2404, 15.955 ], [ 78.2512, 15.9751 ], [ 78.2516, 15.9352 ], [ 78.2321, 15.924 ], [ 78.1844, 15.9098 ], [ 78.1794, 15.9019 ], [ 78.1899, 15.8923 ], [ 78.1767, 15.8768 ], [ 78.1753, 15.8581 ], [ 78.1355, 15.8547 ], [ 78.1301, 15.8507 ], [ 78.134, 15.8363 ], [ 78.0988, 15.836 ], [ 78.0836, 15.8409 ], [ 78.0849, 15.8451 ], [ 78.0714, 15.8504 ], [ 78.0715, 15.8617 ], [ 78.0558, 15.8663 ], [ 78.0562, 15.8746 ], [ 78.0468, 15.8749 ], [ 78.0449, 15.9041 ], [ 78.0319, 15.9073 ], [ 78.0089, 15.8618 ], [ 77.9753, 15.8833 ], [ 77.937, 15.8835 ], [ 77.888, 15.9061 ], [ 77.8782, 15.9052 ], [ 77.8585, 15.8837 ], [ 77.8387, 15.8851 ], [ 77.8035, 15.8741 ], [ 77.7824, 15.8762 ], [ 77.7669, 15.8861 ], [ 77.744, 15.8861 ], [ 77.7241, 15.8958 ], [ 77.6927, 15.8833 ], [ 77.6592, 15.8855 ], [ 77.6365, 15.8961 ], [ 77.6114, 15.9179 ], [ 77.5933, 15.9119 ], [ 77.5808, 15.9185 ], [ 77.5149, 15.9262 ], [ 77.5198, 15.9669 ], [ 77.5096, 15.9804 ], [ 77.5141, 16.0081 ], [ 77.5044, 16.0113 ], [ 77.494, 16.037 ], [ 77.5069, 16.079 ], [ 77.4938, 16.0872 ], [ 77.5009, 16.1062 ], [ 77.5133, 16.108 ], [ 77.5002, 16.1206 ], [ 77.4898, 16.1196 ], [ 77.4907, 16.1596 ], [ 77.4862, 16.163 ], [ 77.4995, 16.1986 ], [ 77.5011, 16.2217 ], [ 77.515, 16.222 ], [ 77.5157, 16.2278 ], [ 77.4923, 16.2293 ], [ 77.4901, 16.2552 ], [ 77.5024, 16.2631 ], [ 77.5048, 16.2758 ], [ 77.5219, 16.278 ], [ 77.5369, 16.2668 ], [ 77.5451, 16.2917 ], [ 77.5632, 16.3016 ], [ 77.5689, 16.3036 ], [ 77.582, 16.2913 ], [ 77.5977, 16.2928 ], [ 77.588, 16.3334 ], [ 77.5961, 16.3429 ], [ 77.6389, 16.3631 ], [ 77.6742, 16.3622 ], [ 77.6924, 16.3431 ], [ 77.7287, 16.3317 ], [ 77.7749, 16.3068 ], [ 77.9123, 16.2127 ], [ 77.9317, 16.1932 ], [ 77.9311, 16.1748 ], [ 77.9424, 16.1532 ], [ 77.9466, 16.1192 ], [ 77.9738, 16.0952 ], [ 78.0293, 16.0598 ] ] ] } },
{ "type": "Feature", "properties": { "district": "Kamareddy", "did": "telangana:Kamareddy", "state_key": "telangana" }, "geometry": { "type": "Polygon", "coordinates": [ [ [ 78.0841, 18.0672 ], [ 78.0739, 18.0719 ], [ 78.0716, 18.0599 ], [ 78.0554, 18.0793 ], [ 78.0523, 18.0736 ], [ 78.044, 18.0797 ], [ 78.0451, 18.0681 ], [ 78.0374, 18.0695 ], [ 78.0344, 18.0643 ], [ 78.0294, 18.0839 ], [ 78.0199, 18.0818 ], [ 78.0122, 18.0901 ], [ 78.0143, 18.0758 ], [ 78.0043, 18.0877 ], [ 78.0008, 18.0813 ], [ 77.9951, 18.107 ], [ 77.9757, 18.115 ], [ 77.9397, 18.1117 ], [ 77.9298, 18.0984 ], [ 77.911, 18.0999 ], [ 77.8957, 18.0913 ], [ 77.8988, 18.0993 ], [ 77.908, 18.0999 ], [ 77.9054, 18.1008 ], [ 77.9056, 18.106 ], [ 77.9141, 18.1009 ], [ 77.918, 18.1064 ], [ 77.9269, 18.1041 ], [ 77.9294, 18.116 ], [ 77.9186, 18.1133 ], [ 77.909, 18.1241 ], [ 77.9235, 18.1279 ], [ 77.9191, 18.1364 ], [ 77.9305, 18.1402 ], [ 77.9356, 18.149 ], [ 77.9279, 18.1557 ], [ 77.9214, 18.153 ], [ 77.923, 18.1473 ], [ 77.9144, 18.1484 ], [ 77.9146, 18.1411 ], [ 77.91, 18.1472 ], [ 77.9025, 18.1446 ], [ 77.9042, 18.1524 ], [ 77.8947, 18.1566 ], [ 77.9034, 18.1681 ], [ 77.9037, 18.1924 ], [ 77.8823, 18.1867 ], [ 77.8687, 18.1892 ], [ 77.8624, 18.1944 ], [ 77.865, 18.2022 ], [ 77.8538, 18.2075 ], [ 77.8488, 18.2017 ], [ 77.8293, 18.2003 ], [ 77.827, 18.194 ], [ 77.811, 18.1957 ], [ 77.7966, 18.2047 ], [ 77.7865, 18.1964 ], [ 77.7798, 18.1998 ], [ 77.7767, 18.1905 ], [ 77.7696, 18.1881 ], [ 77.7585, 18.205 ], [ 77.7421, 18.2053 ], [ 77.7434, 18.2244 ], [ 77.7378, 18.2241 ], [ 77.7364, 18.2349 ], [ 77.7281, 18.2334 ], [ 77.7289, 18.2534 ], [ 77.7196, 18.2603 ], [ 77.6876, 18.2602 ], [ 77.6651, 18.2836 ], [ 77.6406, 18.286 ], [ 77.6254, 18.2839 ], [ 77.6199, 18.2745 ], [ 77.6006, 18.2755 ], [ 77.6054, 18.2813 ], [ 77.5818, 18.2854 ], [ 77.5728, 18.2932 ], [ 77.5621, 18.2848 ], [ 77.5514, 18.2919 ], [ 77.5714, 18.3088 ], [ 77.5705, 18.3181 ], [ 77.558, 18.3314 ], [ 77.5257, 18.3421 ], [ 77.5202, 18.3572 ], [ 77.5255, 18.3727 ], [ 77.5386, 18.3859 ], [ 77.5516, 18.3889 ], [ 77.5567, 18.4192 ], [ 77.5282, 18.4289 ], [ 77.5275, 18.4421 ], [ 77.5406, 18.4447 ], [ 77.5642, 18.4373 ], [ 77.5853, 18.4468 ], [ 77.5836, 18.4562 ], [ 77.5508, 18.4604 ], [ 77.5486, 18.4686 ], [ 77.5729, 18.4698 ], [ 77.5764, 18.4868 ], [ 77.5923, 18.4847 ], [ 77.5943, 18.4769 ], [ 77.6031, 18.4768 ], [ 77.6047, 18.4964 ], [ 77.5944, 18.4962 ], [ 77.5859, 18.504 ], [ 77.5878, 18.5129 ], [ 77.6003, 18.5223 ], [ 77.5966, 18.5302 ], [ 77.5907, 18.5267 ], [ 77.5964, 18.5489 ], [ 77.6101, 18.5499 ], [ 77.6125, 18.5445 ], [ 77.6152, 18.5508 ], [ 77.6293, 18.5537 ], [ 77.634, 18.5439 ], [ 77.6396, 18.5549 ], [ 77.6479, 18.5549 ], [ 77.6521, 18.5518 ], [ 77.6459, 18.5388 ], [ 77.6559, 18.5309 ], [ 77.7016, 18.5552 ], [ 77.7385, 18.5568 ], [ 77.7615, 18.5256 ], [ 77.7567, 18.5025 ], [ 77.7784, 18.5056 ], [ 77.7895, 18.4971 ], [ 77.8647, 18.508 ], [ 77.8813, 18.5017 ], [ 77.8893, 18.4924 ], [ 77.9375, 18.4915 ], [ 77.9749, 18.4705 ], [ 77.9815, 18.4592 ], [ 77.9749, 18.4463 ], [ 78.0221, 18.4361 ], [ 78.0378, 18.4649 ], [ 78.0414, 18.4894 ], [ 78.0342, 18.5089 ], [ 78.0395, 18.5178 ], [ 78.0699, 18.5083 ], [ 78.0762, 18.5146 ], [ 78.1035, 18.5042 ], [ 78.1059, 18.4916 ], [ 78.1181, 18.4927 ], [ 78.1349, 18.4823 ], [ 78.1596, 18.4773 ], [ 78.1758, 18.5009 ], [ 78.1922, 18.5087 ], [ 78.1929, 18.5038 ], [ 78.2169, 18.499 ], [ 78.2249, 18.4908 ], [ 78.25, 18.4864 ], [ 78.2581, 18.4759 ], [ 78.2545, 18.4582 ], [ 78.2697, 18.4506 ], [ 78.2753, 18.458 ], [ 78.281, 18.4537 ], [ 78.3073, 18.454 ], [ 78.3166, 18.4652 ], [ 78.3294, 18.4669 ], [ 78.3504, 18.4574 ], [ 78.3837, 18.4539 ], [ 78.3988, 18.482 ], [ 78.4059, 18.4827 ], [ 78.4246, 18.475 ], [ 78.4526, 18.4827 ], [ 78.4522, 18.4723 ], [ 78.4643, 18.4604 ], [ 78.4678, 18.4475 ], [ 78.4921, 18.4378 ], [ 78.5182, 18.4564 ], [ 78.521, 18.4644 ], [ 78.5434, 18.4597 ], [ 78.5541, 18.4303 ], [ 78.5415, 18.42 ], [ 78.5419, 18.4124 ], [ 78.565, 18.3905 ], [ 78.5629, 18.3855 ], [ 78.5315, 18.3875 ], [ 78.5334, 18.3605 ], [ 78.5495, 18.3364 ], [ 78.5373, 18.3178 ], [ 78.5412, 18.3001 ], [ 78.5239, 18.2881 ], [ 78.5212, 18.2787 ], [ 78.5319, 18.2715 ], [ 78.5403, 18.2732 ], [ 78.5534, 18.2581 ], [ 78.5676, 18.2232 ], [ 78.5612, 18.2076 ], [ 78.5695, 18.1955 ], [ 78.566, 18.176 ], [ 78.5445, 18.1798 ], [ 78.5368, 18.1867 ], [ 78.5219, 18.1824 ], [ 78.5158, 18.1664 ], [ 78.5023, 18.1755 ], [ 78.4838, 18.1483 ], [ 78.4915, 18.1325 ], [ 78.4582, 18.1206 ], [ 78.4416, 18.1301 ], [ 78.4457, 18.145 ], [ 78.4331, 18.1629 ], [ 78.4119, 18.1307 ], [ 78.3897, 18.1288 ], [ 78.3845, 18.1234 ], [ 78.3744, 18.1446 ], [ 78.3632, 18.1468 ], [ 78.3578, 18.1718 ], [ 78.3378, 18.1801 ], [ 78.3325, 18.1962 ], [ 78.3127, 18.2024 ], [ 78.3138, 18.179 ], [ 78.2778, 18.1431 ], [ 78.257, 18.1396 ], [ 78.2275, 18.1753 ], [ 78.2164, 18.1755 ], [ 78.2218, 18.1826 ], [ 78.2174, 18.2076 ], [ 78.2065, 18.2175 ], [ 78.195, 18.2069 ], [ 78.1806, 18.2045 ], [ 78.1688, 18.1673 ], [ 78.1693, 18.1529 ], [ 78.1798, 18.135 ], [ 78.1793, 18.0971 ], [ 78.1541, 18.0857 ], [ 78.1431, 18.0683 ], [ 78.1169, 18.0727 ], [ 78.1153, 18.0883 ], [ 78.1079, 18.0934 ], [ 78.1011, 18.0905 ], [ 78.0968, 18.0701 ], [ 78.0851, 18.0714 ], [ 78.0841, 18.0672 ] ] ] } },
{ "type": "Feature", "properties": { "district": "Karimnagar", "did": "telangana:Karimnagar", "state_key": "telangana" }, "geometry": { "type": "Polygon", "coordinates": [ [ [ 79.2106, 18.1749 ], [ 79.2123, 18.1616 ], [ 79.1925, 18.1639 ], [ 79.1878, 18.1702 ], [ 79.1625, 18.1572 ], [ 79.1602, 18.1665 ], [ 79.1459, 18.171 ], [ 79.1372, 18.2063 ], [ 79.1082, 18.2214 ], [ 79.1085, 18.2373 ], [ 79.1233, 18.2431 ], [ 79.1203, 18.2554 ], [ 79.1337, 18.2713 ], [ 79.1198, 18.277 ], [ 79.1147, 18.2904 ], [ 79.1192, 18.3042 ], [ 79.109, 18.3084 ], [ 79.1103, 18.316 ], [ 79.1019, 18.3205 ], [ 79.1058, 18.3353 ], [ 79.1303, 18.3488 ], [ 79.1575, 18.3551 ], [ 79.1535, 18.378 ], [ 79.1278, 18.3851 ], [ 79.1266, 18.3966 ], [ 79.0934, 18.4069 ], [ 79.0755, 18.4247 ], [ 79.0551, 18.4182 ], [ 79.0314, 18.4012 ], [ 78.9971, 18.3999 ], [ 78.9894, 18.4174 ], [ 78.9782, 18.4202 ], [ 78.9741, 18.4274 ], [ 78.9783, 18.442 ], [ 78.9915, 18.4409 ], [ 78.9874, 18.462 ], [ 78.9576, 18.4526 ], [ 78.948, 18.4438 ], [ 78.923, 18.4745 ], [ 78.9279, 18.4905 ], [ 78.9468, 18.4995 ], [ 78.954, 18.513 ], [ 78.9607, 18.5362 ], [ 78.949, 18.5539 ], [ 78.9571, 18.5767 ], [ 78.9677, 18.5775 ], [ 78.9832, 18.5685 ], [ 78.9894, 18.5739 ], [ 78.981, 18.5959 ], [ 78.975, 18.5959 ], [ 78.9677, 18.609 ], [ 78.9884, 18.65 ], [ 78.982, 18.6612 ], [ 78.9925, 18.6749 ], [ 79.0112, 18.6762 ], [ 79.0179, 18.6541 ], [ 79.0363, 18.6511 ], [ 79.0359, 18.6446 ], [ 79.0498, 18.6472 ], [ 79.0595, 18.666 ], [ 79.0646, 18.6538 ], [ 79.0863, 18.6459 ], [ 79.0952, 18.6518 ], [ 79.1032, 18.6495 ], [ 79.11, 18.6633 ], [ 79.1177, 18.6516 ], [ 79.1111, 18.6451 ], [ 79.1106, 18.6227 ], [ 79.1152, 18.6206 ], [ 79.1272, 18.6284 ], [ 79.1379, 18.6247 ], [ 79.1477, 18.628 ], [ 79.161, 18.647 ], [ 79.1762, 18.6544 ], [ 79.1849, 18.6107 ], [ 79.2044, 18.5952 ], [ 79.2053, 18.5779 ], [ 79.2302, 18.5668 ], [ 79.2278, 18.5466 ], [ 79.2205, 18.5455 ], [ 79.2155, 18.5347 ], [ 79.2213, 18.5279 ], [ 79.2157, 18.4919 ], [ 79.2366, 18.4476 ], [ 79.2821, 18.4802 ], [ 79.2978, 18.4824 ], [ 79.3295, 18.47 ], [ 79.3728, 18.4354 ], [ 79.4394, 18.4107 ], [ 79.4746, 18.386 ], [ 79.4854, 18.386 ], [ 79.5066, 18.3992 ], [ 79.5337, 18.3999 ], [ 79.5671, 18.4239 ], [ 79.5688, 18.416 ], [ 79.5805, 18.4133 ], [ 79.5765, 18.3092 ], [ 79.565, 18.3092 ], [ 79.5598, 18.3 ], [ 79.5674, 18.2799 ], [ 79.5631, 18.2628 ], [ 79.5519, 18.2678 ], [ 79.55, 18.2473 ], [ 79.5347, 18.2352 ], [ 79.5195, 18.2412 ], [ 79.4915, 18.2294 ], [ 79.4738, 18.2299 ], [ 79.4654, 18.2007 ], [ 79.4735, 18.1956 ], [ 79.4611, 18.1873 ], [ 79.462, 18.1644 ], [ 79.4312, 18.1568 ], [ 79.4192, 18.1692 ], [ 79.4132, 18.1649 ], [ 79.3991, 18.1662 ], [ 79.3969, 18.148 ], [ 79.3794, 18.1567 ], [ 79.3656, 18.1398 ], [ 79.3273, 18.1482 ], [ 79.3139, 18.1342 ], [ 79.3012, 18.13 ], [ 79.2874, 18.1535 ], [ 79.2509, 18.1542 ], [ 79.2442, 18.1839 ], [ 79.2106, 18.1749 ] ] ] } },
{ "type": "Feature", "properties": { "district": "Khammam", "did": "telangana:Khammam", "state_key": "telangana" }, "geometry": { "type": "Polygon", "coordinates": [ [ [ 80.305, 16.9537 ], [ 80.3066, 16.9738 ], [ 80.2903, 16.9811 ], [ 80.2945, 16.995 ], [ 80.2836, 17.0072 ], [ 80.2649, 16.9972 ], [ 80.2404, 17.0021 ], [ 80.2262, 17.0153 ], [ 80.2229, 17.0078 ], [ 80.2114, 17.0103 ], [ 80.2021, 17.017 ], [ 80.2041, 17.0383 ], [ 80.1965, 17.044 ], [ 80.1873, 17.02 ], [ 80.1702, 17.0168 ], [ 80.1678, 17.0056 ], [ 80.1534, 17.0069 ], [ 80.1402, 16.9906 ], [ 80.1096, 16.9872 ], [ 80.0952, 16.9907 ], [ 80.0916, 16.9683 ], [ 80.0554, 16.9714 ], [ 80.062, 17.0093 ], [ 80.051, 17.0111 ], [ 80.0369, 17.0242 ], [ 80.0398, 17.0512 ], [ 79.9966, 17.0759 ], [ 79.9621, 17.1244 ], [ 79.9462, 17.135 ], [ 79.9319, 17.1274 ], [ 79.9184, 17.1295 ], [ 79.9125, 17.1487 ], [ 79.881, 17.1736 ], [ 79.8766, 17.1936 ], [ 79.8862, 17.2091 ], [ 79.9019, 17.2115 ], [ 79.8957, 17.2309 ], [ 79.9007, 17.2538 ], [ 79.8728, 17.266 ], [ 79.8681, 17.2623 ], [ 79.8404, 17.2793 ], [ 79.8305, 17.2702 ], [ 79.8177, 17.282 ], [ 79.8188, 17.29 ], [ 79.8015, 17.313 ], [ 79.8043, 17.3252 ], [ 79.8315, 17.3359 ], [ 79.8435, 17.3292 ], [ 79.8499, 17.3346 ], [ 79.8754, 17.3305 ], [ 79.8789, 17.3535 ], [ 79.8958, 17.3565 ], [ 79.9031, 17.3759 ], [ 79.9302, 17.3725 ], [ 79.9306, 17.3664 ], [ 79.9404, 17.3822 ], [ 79.9366, 17.3951 ], [ 79.9648, 17.3984 ], [ 79.9697, 17.4066 ], [ 79.9915, 17.3994 ], [ 79.9925, 17.3641 ], [ 80.0466, 17.3523 ], [ 80.0523, 17.3466 ], [ 80.074, 17.351 ], [ 80.0766, 17.3643 ], [ 80.0858, 17.3671 ], [ 80.1004, 17.358 ], [ 80.1084, 17.3587 ], [ 80.1204, 17.3827 ], [ 80.1283, 17.3795 ], [ 80.1299, 17.3882 ], [ 80.1437, 17.3939 ], [ 80.1607, 17.3768 ], [ 80.1603, 17.4032 ], [ 80.1663, 17.4076 ], [ 80.1625, 17.4205 ], [ 80.1701, 17.4385 ], [ 80.2032, 17.442 ], [ 80.1958, 17.476 ], [ 80.2002, 17.4868 ], [ 80.2041, 17.4745 ], [ 80.2099, 17.471 ], [ 80.2166, 17.4753 ], [ 80.2277, 17.5045 ], [ 80.2283, 17.5306 ], [ 80.2049, 17.5456 ], [ 80.2019, 17.5581 ], [ 80.2302, 17.5524 ], [ 80.2337, 17.5663 ], [ 80.238, 17.5592 ], [ 80.248, 17.5619 ], [ 80.2808, 17.5426 ], [ 80.2923, 17.5558 ], [ 80.2825, 17.5634 ], [ 80.286, 17.5731 ], [ 80.324, 17.5609 ], [ 80.3461, 17.5678 ], [ 80.3685, 17.5678 ], [ 80.356, 17.5312 ], [ 80.3436, 17.5351 ], [ 80.3397, 17.5226 ], [ 80.3478, 17.5093 ], [ 80.3465, 17.4852 ], [ 80.3605, 17.4864 ], [ 80.361, 17.501 ], [ 80.3968, 17.5282 ], [ 80.4058, 17.5135 ], [ 80.4313, 17.4973 ], [ 80.3759, 17.4169 ], [ 80.3851, 17.4147 ], [ 80.4062, 17.4211 ], [ 80.4297, 17.4111 ], [ 80.4505, 17.4479 ], [ 80.476, 17.4557 ], [ 80.4939, 17.4742 ], [ 80.5059, 17.4786 ], [ 80.517, 17.4716 ], [ 80.5323, 17.4783 ], [ 80.553, 17.4726 ], [ 80.5616, 17.4572 ], [ 80.5728, 17.4591 ], [ 80.5752, 17.4458 ], [ 80.587, 17.4449 ], [ 80.5851, 17.4321 ], [ 80.5926, 17.4245 ], [ 80.5664, 17.4173 ], [ 80.5672, 17.388 ], [ 80.5553, 17.368 ], [ 80.5563, 17.3411 ], [ 80.5694, 17.3538 ], [ 80.5821, 17.357 ], [ 80.5922, 17.3822 ], [ 80.6048, 17.3832 ], [ 80.6195, 17.3714 ], [ 80.6094, 17.3563 ], [ 80.6173, 17.3488 ], [ 80.6149, 17.3429 ], [ 80.6285, 17.3387 ], [ 80.6344, 17.3628 ], [ 80.6461, 17.3602 ], [ 80.6458, 17.3463 ], [ 80.6797, 17.3378 ], [ 80.6875, 17.3109 ], [ 80.6824, 17.299 ], [ 80.6912, 17.2893 ], [ 80.7257, 17.3054 ], [ 80.7485, 17.2913 ], [ 80.761, 17.3139 ], [ 80.7754, 17.3082 ], [ 80.7787, 17.3373 ], [ 80.8128, 17.3371 ], [ 80.8317, 17.3631 ], [ 80.8451, 17.3673 ], [ 80.8599, 17.3647 ], [ 80.8722, 17.3218 ], [ 80.8689, 17.2832 ], [ 80.8762, 17.2647 ], [ 80.8653, 17.2358 ], [ 80.9188, 17.22 ], [ 80.9184, 17.1897 ], [ 80.9265, 17.1831 ], [ 80.924, 17.1578 ], [ 80.9166, 17.1537 ], [ 80.8794, 17.1608 ], [ 80.8783, 17.1351 ], [ 80.8677, 17.1231 ], [ 80.8764, 17.1056 ], [ 80.8676, 17.0804 ], [ 80.8772, 17.0704 ], [ 80.8453, 17.04 ], [ 80.8288, 17.0528 ], [ 80.765, 17.0666 ], [ 80.7389, 17.0796 ], [ 80.6994, 17.0838 ], [ 80.695, 17.0741 ], [ 80.6735, 17.0666 ], [ 80.6538, 17.0686 ], [ 80.6499, 17.0714 ], [ 80.6571, 17.0896 ], [ 80.6706, 17.1012 ], [ 80.642, 17.1159 ], [ 80.6455, 17.1235 ], [ 80.6183, 17.1284 ], [ 80.58, 17.1531 ], [ 80.5632, 17.1331 ], [ 80.5543, 17.1336 ], [ 80.5276, 17.1189 ], [ 80.5141, 17.1221 ], [ 80.504, 17.0926 ], [ 80.5101, 17.0869 ], [ 80.5054, 17.0685 ], [ 80.4909, 17.051 ], [ 80.4714, 17.0504 ], [ 80.4649, 17.03 ], [ 80.4386, 17.0376 ], [ 80.417, 17.0736 ], [ 80.419, 17.0923 ], [ 80.4094, 17.0918 ], [ 80.3873, 17.0713 ], [ 80.3985, 17.0526 ], [ 80.3958, 17.0357 ], [ 80.4074, 17.0256 ], [ 80.407, 17.0158 ], [ 80.3879, 17.0093 ], [ 80.3634, 16.9761 ], [ 80.4497, 16.9548 ], [ 80.4934, 16.9274 ], [ 80.4992, 16.9563 ], [ 80.5261, 16.9479 ], [ 80.5347, 16.9614 ], [ 80.5735, 16.9413 ], [ 80.6019, 16.9186 ], [ 80.5871, 16.9042 ], [ 80.5948, 16.8989 ], [ 80.5959, 16.8846 ], [ 80.5776, 16.879 ], [ 80.5683, 16.8694 ], [ 80.5701, 16.8485 ], [ 80.5628, 16.8328 ], [ 80.5944, 16.8028 ], [ 80.613, 16.7935 ], [ 80.5971, 16.7922 ], [ 80.5702, 16.768 ], [ 80.5516, 16.775 ], [ 80.5044, 16.7787 ], [ 80.4863, 16.7911 ], [ 80.4645, 16.7954 ], [ 80.4642, 16.82 ], [ 80.4286, 16.8381 ], [ 80.4277, 16.8498 ], [ 80.3832, 16.8653 ], [ 80.3786, 16.8518 ], [ 80.4078, 16.8482 ], [ 80.4042, 16.832 ], [ 80.3867, 16.8254 ], [ 80.387, 16.8173 ], [ 80.3813, 16.8168 ], [ 80.3739, 16.8272 ], [ 80.3796, 16.8411 ], [ 80.3734, 16.8395 ], [ 80.3741, 16.8524 ], [ 80.3409, 16.8597 ], [ 80.344, 16.8744 ], [ 80.3217, 16.8796 ], [ 80.3238, 16.9064 ], [ 80.3116, 16.9167 ], [ 80.3151, 16.9461 ], [ 80.305, 16.9537 ] ] ] } },
{ "type": "Feature", "properties": { "district": "Kumuram Bheem", "did": "telangana:Kumuram Bheem", "state_key": "telangana" }, "geometry": { "type": "Polygon", "coordinates": [ [ [ 79.3394, 19.211 ], [ 79.3509, 19.2106 ], [ 79.3509, 19.1924 ], [ 79.3433, 19.1793 ], [ 79.3483, 19.1772 ], [ 79.3174, 19.1633 ], [ 79.3263, 19.1452 ], [ 79.3171, 19.1259 ], [ 79.316, 19.0924 ], [ 79.3039, 19.0951 ], [ 79.2769, 19.1167 ], [ 79.2737, 19.0599 ], [ 79.2621, 19.0445 ], [ 79.2672, 19.0337 ], [ 79.2443, 19.0299 ], [ 79.2261, 19.0331 ], [ 79.2237, 19.0493 ], [ 79.203, 19.0667 ], [ 79.1956, 19.0824 ], [ 79.1506, 19.0926 ], [ 79.1411, 19.1114 ], [ 79.1351, 19.1114 ], [ 79.1365, 19.1284 ], [ 79.1245, 19.1369 ], [ 79.1046, 19.1696 ], [ 79.07, 19.1873 ], [ 79.0578, 19.2086 ], [ 78.9986, 19.2204 ], [ 78.9977, 19.2318 ], [ 78.9909, 19.2359 ], [ 78.9788, 19.2299 ], [ 78.9713, 19.2319 ], [ 78.9664, 19.2448 ], [ 78.9507, 19.2537 ], [ 78.9417, 19.2522 ], [ 78.8939, 19.2901 ], [ 78.8855, 19.2727 ], [ 78.8688, 19.2825 ], [ 78.8547, 19.2788 ], [ 78.8499, 19.2947 ], [ 78.8584, 19.324 ], [ 78.8541, 19.3685 ], [ 78.8248, 19.3746 ], [ 78.8106, 19.3809 ], [ 78.8099, 19.3866 ], [ 78.8209, 19.3878 ], [ 78.8294, 19.4094 ], [ 78.8445, 19.4226 ], [ 78.8413, 19.4339 ], [ 78.853, 19.4472 ], [ 78.8845, 19.4455 ], [ 78.9038, 19.4742 ], [ 78.9146, 19.4734 ], [ 78.9268, 19.4621 ], [ 78.9576, 19.4735 ], [ 78.9759, 19.4901 ], [ 78.9588, 19.5029 ], [ 78.9491, 19.5013 ], [ 78.9489, 19.5102 ], [ 78.9421, 19.5138 ], [ 78.9503, 19.5333 ], [ 78.9354, 19.5499 ], [ 78.9742, 19.5494 ], [ 78.9813, 19.5608 ], [ 78.9977, 19.5491 ], [ 78.998, 19.5401 ], [ 79.046, 19.5483 ], [ 79.0769, 19.5324 ], [ 79.0963, 19.5327 ], [ 79.1614, 19.4883 ], [ 79.1678, 19.4724 ], [ 79.1909, 19.4589 ], [ 79.2236, 19.4691 ], [ 79.2039, 19.4941 ], [ 79.2212, 19.521 ], [ 79.2337, 19.52 ], [ 79.24, 19.5352 ], [ 79.2371, 19.5571 ], [ 79.251, 19.5775 ], [ 79.2531, 19.5933 ], [ 79.2444, 19.5949 ], [ 79.2386, 19.6062 ], [ 79.2436, 19.6167 ], [ 79.2729, 19.5988 ], [ 79.3068, 19.5966 ], [ 79.3139, 19.5664 ], [ 79.3184, 19.5767 ], [ 79.3657, 19.5763 ], [ 79.3728, 19.561 ], [ 79.3857, 19.5583 ], [ 79.4053, 19.5357 ], [ 79.4205, 19.5298 ], [ 79.4226, 19.538 ], [ 79.4333, 19.5373 ], [ 79.469, 19.5096 ], [ 79.4714, 19.5002 ], [ 79.4826, 19.5063 ], [ 79.4984, 19.5057 ], [ 79.5186, 19.5202 ], [ 79.5186, 19.5431 ], [ 79.5399, 19.5547 ], [ 79.5529, 19.5242 ], [ 79.5962, 19.5073 ], [ 79.603, 19.5146 ], [ 79.6141, 19.5597 ], [ 79.6279, 19.5732 ], [ 79.709, 19.5845 ], [ 79.745, 19.6087 ], [ 79.7786, 19.5997 ], [ 79.7986, 19.582 ], [ 79.8145, 19.5757 ], [ 79.8284, 19.5434 ], [ 79.8456, 19.5328 ], [ 79.8646, 19.5105 ], [ 79.9145, 19.496 ], [ 79.9464, 19.4678 ], [ 79.9476, 19.4497 ], [ 79.9724, 19.4162 ], [ 79.9797, 19.3894 ], [ 79.9718, 19.3816 ], [ 79.9591, 19.3359 ], [ 79.9659, 19.303 ], [ 79.9364, 19.2641 ], [ 79.9248, 19.2277 ], [ 79.9255, 19.2106 ], [ 79.9465, 19.1742 ], [ 79.931, 19.1555 ], [ 79.924, 19.1652 ], [ 79.8949, 19.1624 ], [ 79.8743, 19.1733 ], [ 79.8548, 19.1731 ], [ 79.8509, 19.1683 ], [ 79.8387, 19.1687 ], [ 79.8335, 19.1583 ], [ 79.8203, 19.1571 ], [ 79.8142, 19.1511 ], [ 79.7992, 19.1516 ], [ 79.7836, 19.1622 ], [ 79.7873, 19.1839 ], [ 79.7621, 19.1899 ], [ 79.7593, 19.1825 ], [ 79.7515, 19.1822 ], [ 79.7321, 19.1868 ], [ 79.7196, 19.1978 ], [ 79.7115, 19.1884 ], [ 79.7045, 19.1938 ], [ 79.6974, 19.1841 ], [ 79.6813, 19.1797 ], [ 79.674, 19.1873 ], [ 79.6761, 19.199 ], [ 79.6539, 19.2013 ], [ 79.6656, 19.2135 ], [ 79.6342, 19.2193 ], [ 79.6224, 19.2319 ], [ 79.6216, 19.2425 ], [ 79.5797, 19.2343 ], [ 79.5555, 19.2391 ], [ 79.5526, 19.2443 ], [ 79.5606, 19.2584 ], [ 79.5497, 19.2641 ], [ 79.5406, 19.2648 ], [ 79.5241, 19.2513 ], [ 79.532, 19.2493 ], [ 79.5306, 19.2328 ], [ 79.549, 19.2127 ], [ 79.5477, 19.2023 ], [ 79.5067, 19.2073 ], [ 79.5022, 19.2026 ], [ 79.4807, 19.2014 ], [ 79.4705, 19.1875 ], [ 79.478, 19.1835 ], [ 79.4723, 19.1745 ], [ 79.4659, 19.1772 ], [ 79.4623, 19.1716 ], [ 79.438, 19.1797 ], [ 79.4079, 19.2011 ], [ 79.3694, 19.207 ], [ 79.3399, 19.2192 ], [ 79.3394, 19.211 ] ] ] } },
{ "type": "Feature", "properties": { "district": "Mahabubabad", "did": "telangana:Mahabubabad", "state_key": "telangana" }, "geometry": { "type": "Polygon", "coordinates": [ [ [ 79.9697, 17.4066 ], [ 79.9689, 17.3998 ], [ 79.9582, 17.3963 ], [ 79.9366, 17.3951 ], [ 79.9404, 17.3822 ], [ 79.9306, 17.3664 ], [ 79.9302, 17.3725 ], [ 79.9031, 17.3759 ], [ 79.8958, 17.3565 ], [ 79.8789, 17.3535 ], [ 79.8754, 17.3305 ], [ 79.8499, 17.3346 ], [ 79.8435, 17.3292 ], [ 79.8315, 17.3359 ], [ 79.8037, 17.3243 ], [ 79.7928, 17.326 ], [ 79.7961, 17.354 ], [ 79.7776, 17.369 ], [ 79.7812, 17.3811 ], [ 79.7914, 17.3839 ], [ 79.797, 17.3935 ], [ 79.7755, 17.403 ], [ 79.7725, 17.3994 ], [ 79.7622, 17.4078 ], [ 79.762, 17.4299 ], [ 79.7543, 17.438 ], [ 79.7436, 17.4291 ], [ 79.7296, 17.4284 ], [ 79.7003, 17.4478 ], [ 79.6999, 17.4561 ], [ 79.6902, 17.4546 ], [ 79.6565, 17.4708 ], [ 79.6554, 17.494 ], [ 79.6391, 17.4863 ], [ 79.6208, 17.5003 ], [ 79.6036, 17.4987 ], [ 79.5951, 17.5272 ], [ 79.5897, 17.5289 ], [ 79.6026, 17.548 ], [ 79.5793, 17.5762 ], [ 79.5909, 17.5943 ], [ 79.5773, 17.6246 ], [ 79.5777, 17.6285 ], [ 79.6139, 17.6362 ], [ 79.6164, 17.6218 ], [ 79.6535, 17.628 ], [ 79.6614, 17.6495 ], [ 79.6825, 17.6547 ], [ 79.6914, 17.6865 ], [ 79.7141, 17.6838 ], [ 79.7154, 17.6978 ], [ 79.7215, 17.7008 ], [ 79.7228, 17.6959 ], [ 79.7415, 17.6889 ], [ 79.7678, 17.6867 ], [ 79.7713, 17.6972 ], [ 79.791, 17.7088 ], [ 79.8244, 17.6952 ], [ 79.8215, 17.7134 ], [ 79.8636, 17.7196 ], [ 79.8613, 17.7281 ], [ 79.8721, 17.7393 ], [ 79.8692, 17.7424 ], [ 79.8934, 17.7301 ], [ 79.9037, 17.7469 ], [ 79.9037, 17.7617 ], [ 79.8834, 17.7794 ], [ 79.8756, 17.8085 ], [ 79.9107, 17.8134 ], [ 79.9154, 17.7988 ], [ 79.939, 17.841 ], [ 79.9472, 17.8357 ], [ 79.9528, 17.8607 ], [ 79.9609, 17.8643 ], [ 79.9754, 17.8614 ], [ 79.9942, 17.8895 ], [ 79.9887, 17.9048 ], [ 79.9942, 17.917 ], [ 79.9767, 17.9524 ], [ 79.9809, 17.9491 ], [ 79.9857, 17.9537 ], [ 79.9864, 17.9917 ], [ 79.994, 18.0009 ], [ 79.9794, 18.0202 ], [ 79.9812, 18.0606 ], [ 79.9919, 18.1075 ], [ 80.0181, 18.117 ], [ 80.0362, 18.1154 ], [ 80.0546, 18.0854 ], [ 80.0794, 18.0705 ], [ 80.1449, 18.0949 ], [ 80.1495, 18.0838 ], [ 80.1642, 18.0807 ], [ 80.1858, 18.0625 ], [ 80.2375, 18.0371 ], [ 80.2812, 17.9983 ], [ 80.3046, 18.0 ], [ 80.3162, 17.996 ], [ 80.3097, 17.9753 ], [ 80.2943, 17.9645 ], [ 80.275, 17.9664 ], [ 80.2685, 17.9505 ], [ 80.277, 17.8813 ], [ 80.2478, 17.8244 ], [ 80.2594, 17.7501 ], [ 80.2485, 17.7382 ], [ 80.2367, 17.6553 ], [ 80.2212, 17.6609 ], [ 80.2068, 17.6527 ], [ 80.2098, 17.6137 ], [ 80.2232, 17.6062 ], [ 80.2015, 17.5574 ], [ 80.2045, 17.546 ], [ 80.2283, 17.5306 ], [ 80.2288, 17.5225 ], [ 80.2177, 17.4767 ], [ 80.2099, 17.471 ], [ 80.2002, 17.4868 ], [ 80.1958, 17.476 ], [ 80.2032, 17.442 ], [ 80.1701, 17.4385 ], [ 80.1625, 17.4205 ], [ 80.1663, 17.4076 ], [ 80.1603, 17.4032 ], [ 80.1607, 17.3768 ], [ 80.1402, 17.3929 ], [ 80.1299, 17.3882 ], [ 80.1283, 17.3795 ], [ 80.1204, 17.3827 ], [ 80.1084, 17.3587 ], [ 80.1004, 17.358 ], [ 80.0858, 17.3671 ], [ 80.0766, 17.3643 ], [ 80.074, 17.351 ], [ 80.0686, 17.3531 ], [ 80.0573, 17.3465 ], [ 79.9925, 17.3641 ], [ 79.9926, 17.3973 ], [ 79.9697, 17.4066 ] ] ] } },
{ "type": "Feature", "properties": { "district": "Mahabubnagar", "did": "telangana:Mahabubnagar", "state_key": "telangana" }, "geometry": { "type": "Polygon", "coordinates": [ [ [ 77.87, 16.4213 ], [ 77.8627, 16.3718 ], [ 77.855, 16.3719 ], [ 77.8401, 16.395 ], [ 77.8318, 16.3971 ], [ 77.8171, 16.3914 ], [ 77.8022, 16.3976 ], [ 77.7913, 16.4092 ], [ 77.7934, 16.4219 ], [ 77.7542, 16.4213 ], [ 77.7618, 16.3939 ], [ 77.7492, 16.3879 ], [ 77.7455, 16.4187 ], [ 77.7504, 16.4338 ], [ 77.7394, 16.4663 ], [ 77.7594, 16.4803 ], [ 77.768, 16.4797 ], [ 77.7684, 16.4848 ], [ 77.7645, 16.526 ], [ 77.7497, 16.5501 ], [ 77.7496, 16.5665 ], [ 77.7784, 16.5652 ], [ 77.7875, 16.5744 ], [ 77.7812, 16.6157 ], [ 77.7989, 16.6163 ], [ 77.7979, 16.6305 ], [ 77.7735, 16.6547 ], [ 77.7646, 16.6882 ], [ 77.7492, 16.6934 ], [ 77.7534, 16.7238 ], [ 77.7452, 16.7395 ], [ 77.7266, 16.7514 ], [ 77.6968, 16.7483 ], [ 77.6795, 16.7567 ], [ 77.6744, 16.7767 ], [ 77.6805, 16.7812 ], [ 77.6794, 16.7949 ], [ 77.6945, 16.7933 ], [ 77.7082, 16.7832 ], [ 77.7111, 16.7928 ], [ 77.7353, 16.7893 ], [ 77.7415, 16.7931 ], [ 77.7295, 16.8111 ], [ 77.7437, 16.8274 ], [ 77.7274, 16.8503 ], [ 77.746, 16.9107 ], [ 77.7403, 16.9384 ], [ 77.7301, 16.9393 ], [ 77.7302, 16.9438 ], [ 77.7503, 16.953 ], [ 77.7558, 16.9687 ], [ 77.7505, 16.9775 ], [ 77.7602, 17.0022 ], [ 77.7984, 16.9989 ], [ 77.7988, 16.9926 ], [ 77.8134, 16.9946 ], [ 77.8251, 16.9869 ], [ 77.8343, 16.9877 ], [ 77.8246, 16.9566 ], [ 77.8335, 16.9487 ], [ 77.8416, 16.9608 ], [ 77.849, 16.9506 ], [ 77.861, 16.9503 ], [ 77.8704, 16.9676 ], [ 77.8783, 16.9679 ], [ 77.8842, 16.9579 ], [ 77.8696, 16.9275 ], [ 77.9033, 16.9262 ], [ 77.9146, 16.921 ], [ 77.9318, 16.9068 ], [ 77.9482, 16.8718 ], [ 77.9669, 16.8501 ], [ 77.9774, 16.8468 ], [ 77.9904, 16.8706 ], [ 77.9785, 16.8765 ], [ 77.9815, 16.8932 ], [ 78.0086, 16.9025 ], [ 78.0112, 16.9092 ], [ 78.0046, 16.9359 ], [ 78.0108, 16.9496 ], [ 77.994, 16.9492 ], [ 77.9855, 16.9597 ], [ 77.9952, 16.9637 ], [ 77.9997, 16.9797 ], [ 78.0126, 16.9813 ], [ 78.0119, 17.0033 ], [ 78.0306, 17.0108 ], [ 78.0578, 17.001 ], [ 78.0683, 17.0054 ], [ 78.0851, 16.9963 ], [ 78.0921, 16.9832 ], [ 78.1197, 16.9829 ], [ 78.1267, 16.9942 ], [ 78.1363, 16.993 ], [ 78.1358, 17.0073 ], [ 78.1439, 17.0124 ], [ 78.1741, 17.0082 ], [ 78.1858, 16.9883 ], [ 78.1812, 16.9734 ], [ 78.2112, 16.9521 ], [ 78.2195, 16.9388 ], [ 78.2331, 16.9403 ], [ 78.2405, 16.9635 ], [ 78.2617, 16.9608 ], [ 78.2695, 16.9648 ], [ 78.2763, 16.9574 ], [ 78.2748, 16.9245 ], [ 78.3016, 16.919 ], [ 78.3041, 16.8895 ], [ 78.2993, 16.8789 ], [ 78.3162, 16.8743 ], [ 78.3205, 16.8561 ], [ 78.3283, 16.8514 ], [ 78.3229, 16.825 ], [ 78.3447, 16.7851 ], [ 78.355, 16.7965 ], [ 78.3891, 16.7839 ], [ 78.3981, 16.7989 ], [ 78.4132, 16.798 ], [ 78.4343, 16.7782 ], [ 78.4649, 16.7739 ], [ 78.4743, 16.7778 ], [ 78.4937, 16.7594 ], [ 78.487, 16.751 ], [ 78.4652, 16.7522 ], [ 78.4644, 16.7307 ], [ 78.4428, 16.7077 ], [ 78.4303, 16.7056 ], [ 78.4243, 16.68 ], [ 78.4049, 16.6739 ], [ 78.4048, 16.6555 ], [ 78.3785, 16.6606 ], [ 78.3687, 16.6563 ], [ 78.3662, 16.6447 ], [ 78.3429, 16.6583 ], [ 78.3291, 16.6559 ], [ 78.317, 16.6845 ], [ 78.2671, 16.7095 ], [ 78.235, 16.742 ], [ 78.2236, 16.7413 ], [ 78.2116, 16.7107 ], [ 78.1983, 16.701 ], [ 78.1824, 16.7037 ], [ 78.1832, 16.7308 ], [ 78.163, 16.7289 ], [ 78.1403, 16.6746 ], [ 78.1401, 16.6608 ], [ 78.1508, 16.6477 ], [ 78.1302, 16.6257 ], [ 78.1252, 16.5914 ], [ 78.0768, 16.6088 ], [ 78.069, 16.6245 ], [ 78.0381, 16.6257 ], [ 78.0254, 16.6162 ], [ 78.0083, 16.6154 ], [ 78.0, 16.607 ], [ 78.0003, 16.5944 ], [ 77.9889, 16.5923 ], [ 78.0041, 16.5681 ], [ 77.9978, 16.5541 ], [ 78.0139, 16.5452 ], [ 78.0186, 16.5284 ], [ 77.9987, 16.5315 ], [ 77.9948, 16.5159 ], [ 77.9849, 16.5138 ], [ 77.9824, 16.5025 ], [ 77.9412, 16.5003 ], [ 77.931, 16.482 ], [ 77.9187, 16.4881 ], [ 77.934, 16.5217 ], [ 77.8966, 16.5277 ], [ 77.8901, 16.5174 ], [ 77.8973, 16.5024 ], [ 77.8911, 16.4748 ], [ 77.9069, 16.4635 ], [ 77.9187, 16.4652 ], [ 77.9239, 16.4515 ], [ 77.9164, 16.4424 ], [ 77.8946, 16.4512 ], [ 77.8638, 16.4465 ], [ 77.87, 16.4213 ] ] ] } },
{ "type": "Feature", "properties": { "district": "Mancherial", "did": "telangana:Mancherial", "state_key": "telangana" }, "geometry": { "type": "Polygon", "coordinates": [ [ [ 79.4805, 18.8175 ], [ 79.4204, 18.8534 ], [ 79.3811, 18.8548 ], [ 79.353, 18.8196 ], [ 79.3075, 18.8152 ], [ 79.2713, 18.828 ], [ 79.249, 18.853 ], [ 79.2343, 18.8605 ], [ 79.1821, 18.8685 ], [ 79.1068, 18.9468 ], [ 79.0855, 19.0232 ], [ 79.0659, 19.0495 ], [ 79.0219, 19.0756 ], [ 78.9881, 19.0719 ], [ 78.9633, 19.0777 ], [ 78.9475, 19.0727 ], [ 78.9408, 19.0807 ], [ 78.9412, 19.1085 ], [ 78.9305, 19.1185 ], [ 78.9237, 19.1139 ], [ 78.9135, 19.1163 ], [ 78.9211, 19.1063 ], [ 78.9029, 19.0938 ], [ 78.8892, 19.1035 ], [ 78.8803, 19.1133 ], [ 78.888, 19.1312 ], [ 78.8776, 19.1602 ], [ 78.9026, 19.1778 ], [ 78.9213, 19.1838 ], [ 78.9179, 19.2014 ], [ 78.9337, 19.2142 ], [ 78.9361, 19.2284 ], [ 78.9532, 19.2497 ], [ 78.9664, 19.2448 ], [ 78.9713, 19.2319 ], [ 78.9944, 19.2345 ], [ 78.9986, 19.2204 ], [ 79.0077, 19.2167 ], [ 79.0578, 19.2086 ], [ 79.07, 19.1873 ], [ 79.1046, 19.1696 ], [ 79.1245, 19.1369 ], [ 79.1365, 19.1284 ], [ 79.1351, 19.1114 ], [ 79.1411, 19.1114 ], [ 79.1506, 19.0926 ], [ 79.1956, 19.0824 ], [ 79.203, 19.0667 ], [ 79.2237, 19.0493 ], [ 79.2261, 19.0331 ], [ 79.2486, 19.0295 ], [ 79.2672, 19.0337 ], [ 79.2621, 19.0445 ], [ 79.2737, 19.0599 ], [ 79.2769, 19.1167 ], [ 79.3039, 19.0951 ], [ 79.316, 19.0924 ], [ 79.3171, 19.1259 ], [ 79.3263, 19.1452 ], [ 79.3174, 19.1633 ], [ 79.3483, 19.1772 ], [ 79.3433, 19.1793 ], [ 79.3509, 19.1924 ], [ 79.3509, 19.2106 ], [ 79.3394, 19.211 ], [ 79.3403, 19.2212 ], [ 79.3694, 19.207 ], [ 79.4079, 19.2011 ], [ 79.438, 19.1797 ], [ 79.4623, 19.1716 ], [ 79.4659, 19.1772 ], [ 79.4723, 19.1745 ], [ 79.478, 19.1835 ], [ 79.4705, 19.1875 ], [ 79.4807, 19.2014 ], [ 79.5022, 19.2026 ], [ 79.5067, 19.2073 ], [ 79.5477, 19.2023 ], [ 79.549, 19.2127 ], [ 79.5306, 19.2328 ], [ 79.532, 19.2493 ], [ 79.5241, 19.2513 ], [ 79.5406, 19.2648 ], [ 79.5606, 19.2584 ], [ 79.5526, 19.2443 ], [ 79.5555, 19.2391 ], [ 79.5797, 19.2343 ], [ 79.6216, 19.2425 ], [ 79.6224, 19.2319 ], [ 79.6342, 19.2193 ], [ 79.6656, 19.2135 ], [ 79.6539, 19.2013 ], [ 79.6761, 19.199 ], [ 79.674, 19.1873 ], [ 79.6813, 19.1797 ], [ 79.6974, 19.1841 ], [ 79.7045, 19.1938 ], [ 79.7115, 19.1884 ], [ 79.7169, 19.1979 ], [ 79.7321, 19.1868 ], [ 79.7515, 19.1822 ], [ 79.7593, 19.1825 ], [ 79.7608, 19.1898 ], [ 79.7725, 19.19 ], [ 79.7873, 19.1839 ], [ 79.7838, 19.1616 ], [ 79.8031, 19.1513 ], [ 79.8335, 19.1583 ], [ 79.8387, 19.1687 ], [ 79.8509, 19.1683 ], [ 79.8529, 19.173 ], [ 79.8743, 19.1733 ], [ 79.8949, 19.1624 ], [ 79.9246, 19.1649 ], [ 79.931, 19.1555 ], [ 79.8738, 19.1241 ], [ 79.8594, 19.1086 ], [ 79.8584, 19.0959 ], [ 79.8718, 19.0405 ], [ 79.9002, 19.0404 ], [ 79.9224, 19.0499 ], [ 79.9381, 19.0411 ], [ 79.9416, 18.9921 ], [ 79.957, 18.9429 ], [ 79.9536, 18.9045 ], [ 79.9613, 18.8647 ], [ 79.914, 18.8261 ], [ 79.9022, 18.8301 ], [ 79.8874, 18.8263 ], [ 79.8667, 18.8359 ], [ 79.8504, 18.8684 ], [ 79.8408, 18.872 ], [ 79.8331, 18.8673 ], [ 79.8257, 18.8545 ], [ 79.8249, 18.8281 ], [ 79.8469, 18.7939 ], [ 79.8417, 18.7808 ], [ 79.8178, 18.7578 ], [ 79.8244, 18.7242 ], [ 79.7981, 18.6966 ], [ 79.7693, 18.6966 ], [ 79.7476, 18.6822 ], [ 79.7132, 18.6852 ], [ 79.6979, 18.6726 ], [ 79.6859, 18.6706 ], [ 79.6678, 18.6841 ], [ 79.6515, 18.7154 ], [ 79.6329, 18.7296 ], [ 79.5364, 18.784 ], [ 79.5107, 18.7848 ], [ 79.4805, 18.8175 ] ] ] } },
{ "type": "Feature", "properties": { "district": "Medak", "did": "telangana:Medak", "state_key": "telangana" }, "geometry": { "type": "Polygon", "coordinates": [ [ [ 78.3129, 17.7392 ], [ 78.318, 17.7228 ], [ 78.3238, 17.7249 ], [ 78.3198, 17.7111 ], [ 78.3252, 17.7034 ], [ 78.3196, 17.6634 ], [ 78.3055, 17.6674 ], [ 78.311, 17.6771 ], [ 78.2902, 17.6773 ], [ 78.2816, 17.6872 ], [ 78.2651, 17.6872 ], [ 78.2566, 17.693 ], [ 78.2306, 17.6919 ], [ 78.2295, 17.7023 ], [ 78.238, 17.7051 ], [ 78.2263, 17.7147 ], [ 78.2352, 17.7239 ], [ 78.2349, 17.7353 ], [ 78.2181, 17.732 ], [ 78.2152, 17.7415 ], [ 78.2014, 17.7358 ], [ 78.2044, 17.7651 ], [ 78.1961, 17.7637 ], [ 78.1956, 17.7732 ], [ 78.2039, 17.8027 ], [ 78.196, 17.8052 ], [ 78.1932, 17.7978 ], [ 78.1735, 17.7885 ], [ 78.1659, 17.7898 ], [ 78.1633, 17.7977 ], [ 78.1664, 17.8139 ], [ 78.1876, 17.8306 ], [ 78.1755, 17.8281 ], [ 78.1747, 17.8226 ], [ 78.1492, 17.8059 ], [ 78.1485, 17.8362 ], [ 78.1391, 17.8317 ], [ 78.1315, 17.8114 ], [ 78.12, 17.8006 ], [ 78.1139, 17.8027 ], [ 78.0973, 17.818 ], [ 78.0944, 17.8606 ], [ 78.0734, 17.8692 ], [ 78.0791, 17.9053 ], [ 78.0636, 17.9246 ], [ 78.0602, 17.9171 ], [ 78.0463, 17.9139 ], [ 78.0474, 17.8927 ], [ 78.0346, 17.8785 ], [ 78.0141, 17.8895 ], [ 77.9722, 17.8822 ], [ 77.9706, 17.854 ], [ 77.9557, 17.8561 ], [ 77.9526, 17.8419 ], [ 77.9317, 17.8438 ], [ 77.9197, 17.8572 ], [ 77.9127, 17.8572 ], [ 77.9055, 17.8471 ], [ 77.8947, 17.847 ], [ 77.8954, 17.8694 ], [ 77.8864, 17.8886 ], [ 77.878, 17.8887 ], [ 77.8792, 17.896 ], [ 77.8661, 17.8978 ], [ 77.8657, 17.9036 ], [ 77.8513, 17.9111 ], [ 77.855, 17.918 ], [ 77.88, 17.9185 ], [ 77.884, 17.9107 ], [ 77.8983, 17.9106 ], [ 77.9067, 17.959 ], [ 77.8906, 17.9643 ], [ 77.888, 17.9847 ], [ 77.9049, 18.0007 ], [ 77.8913, 18.005 ], [ 77.8714, 18.0018 ], [ 77.8709, 18.0171 ], [ 77.8527, 18.0509 ], [ 77.8513, 18.073 ], [ 77.8882, 18.0706 ], [ 77.9027, 18.0973 ], [ 77.9279, 18.0977 ], [ 77.9397, 18.1117 ], [ 77.9757, 18.115 ], [ 77.9951, 18.107 ], [ 78.0008, 18.0813 ], [ 78.0043, 18.0877 ], [ 78.0143, 18.0758 ], [ 78.0122, 18.0901 ], [ 78.0199, 18.0818 ], [ 78.0294, 18.0839 ], [ 78.0344, 18.0643 ], [ 78.0374, 18.0695 ], [ 78.0451, 18.0681 ], [ 78.044, 18.0797 ], [ 78.0523, 18.0736 ], [ 78.0554, 18.0793 ], [ 78.0716, 18.0599 ], [ 78.0743, 18.0722 ], [ 78.0939, 18.0684 ], [ 78.1063, 18.0935 ], [ 78.115, 18.0891 ], [ 78.1169, 18.0727 ], [ 78.1431, 18.0683 ], [ 78.1541, 18.0857 ], [ 78.1796, 18.0975 ], [ 78.1798, 18.135 ], [ 78.1693, 18.1529 ], [ 78.1688, 18.1673 ], [ 78.1806, 18.2045 ], [ 78.195, 18.2069 ], [ 78.2065, 18.2175 ], [ 78.2174, 18.2076 ], [ 78.2218, 18.1826 ], [ 78.2164, 18.1755 ], [ 78.2275, 18.1753 ], [ 78.257, 18.1396 ], [ 78.2778, 18.1431 ], [ 78.3138, 18.179 ], [ 78.3127, 18.2024 ], [ 78.3325, 18.1962 ], [ 78.3378, 18.1801 ], [ 78.3578, 18.1718 ], [ 78.3632, 18.1468 ], [ 78.3744, 18.1446 ], [ 78.3845, 18.1234 ], [ 78.3897, 18.1288 ], [ 78.4119, 18.1307 ], [ 78.4331, 18.1629 ], [ 78.4457, 18.145 ], [ 78.4416, 18.1301 ], [ 78.4582, 18.1206 ], [ 78.4718, 18.1276 ], [ 78.4798, 18.126 ], [ 78.4915, 18.1325 ], [ 78.4838, 18.1483 ], [ 78.5022, 18.1754 ], [ 78.5158, 18.1664 ], [ 78.5271, 18.1856 ], [ 78.5371, 18.1867 ], [ 78.5445, 18.1798 ], [ 78.5646, 18.1756 ], [ 78.5688, 18.1849 ], [ 78.5733, 18.1817 ], [ 78.5809, 18.1632 ], [ 78.5667, 18.1621 ], [ 78.5693, 18.1573 ], [ 78.5532, 18.1435 ], [ 78.5453, 18.1164 ], [ 78.5478, 18.1121 ], [ 78.5795, 18.1061 ], [ 78.5691, 18.0789 ], [ 78.5721, 18.0699 ], [ 78.5657, 18.0602 ], [ 78.5533, 18.0568 ], [ 78.5603, 18.0451 ], [ 78.5864, 18.0301 ], [ 78.5878, 18.0228 ], [ 78.5833, 18.0061 ], [ 78.5616, 18.003 ], [ 78.5358, 17.9695 ], [ 78.5318, 17.95 ], [ 78.5417, 17.9412 ], [ 78.5297, 17.9249 ], [ 78.5459, 17.915 ], [ 78.5243, 17.8965 ], [ 78.5373, 17.8876 ], [ 78.5519, 17.8893 ], [ 78.5699, 17.905 ], [ 78.5777, 17.8824 ], [ 78.561, 17.877 ], [ 78.561, 17.8703 ], [ 78.5391, 17.8604 ], [ 78.5404, 17.837 ], [ 78.5311, 17.8339 ], [ 78.5202, 17.8068 ], [ 78.5108, 17.7553 ], [ 78.5265, 17.7507 ], [ 78.5255, 17.7286 ], [ 78.5061, 17.7193 ], [ 78.5045, 17.6945 ], [ 78.4964, 17.6855 ], [ 78.4943, 17.6949 ], [ 78.4715, 17.69 ], [ 78.4598, 17.6978 ], [ 78.4404, 17.7267 ], [ 78.4327, 17.7296 ], [ 78.416, 17.7326 ], [ 78.3963, 17.6992 ], [ 78.388, 17.6992 ], [ 78.3717, 17.709 ], [ 78.3724, 17.7263 ], [ 78.361, 17.7314 ], [ 78.3608, 17.7395 ], [ 78.3518, 17.7437 ], [ 78.3181, 17.7434 ], [ 78.3129, 17.7392 ] ] ] } },
{ "type": "Feature", "properties": { "district": "Medchal-malkajgiri", "did": "telangana:Medchal-malkajgiri", "state_key": "telangana" }, "geometry": { "type": "Polygon", "coordinates": [ [ [ 78.5781, 17.3892 ], [ 78.5785, 17.384 ], [ 78.5717, 17.3826 ], [ 78.5783, 17.3626 ], [ 78.5569, 17.3612 ], [ 78.5499, 17.3725 ], [ 78.5292, 17.3715 ], [ 78.5278, 17.4013 ], [ 78.5222, 17.4023 ], [ 78.5232, 17.4062 ], [ 78.5351, 17.4052 ], [ 78.5264, 17.422 ], [ 78.5368, 17.422 ], [ 78.549, 17.4376 ], [ 78.5439, 17.4432 ], [ 78.5314, 17.437 ], [ 78.5178, 17.4407 ], [ 78.5223, 17.4824 ], [ 78.5003, 17.483 ], [ 78.498, 17.4746 ], [ 78.5047, 17.4685 ], [ 78.4854, 17.4563 ], [ 78.4759, 17.4634 ], [ 78.4828, 17.4759 ], [ 78.4771, 17.4826 ], [ 78.4637, 17.4726 ], [ 78.4604, 17.4465 ], [ 78.4339, 17.4512 ], [ 78.4278, 17.4443 ], [ 78.4145, 17.4459 ], [ 78.4089, 17.4415 ], [ 78.404, 17.4478 ], [ 78.3948, 17.4482 ], [ 78.3931, 17.4596 ], [ 78.3734, 17.478 ], [ 78.3821, 17.5088 ], [ 78.3715, 17.5191 ], [ 78.3476, 17.5225 ], [ 78.3485, 17.5352 ], [ 78.3614, 17.5497 ], [ 78.3551, 17.562 ], [ 78.363, 17.5681 ], [ 78.3768, 17.5625 ], [ 78.3837, 17.5955 ], [ 78.3889, 17.5943 ], [ 78.3869, 17.6066 ], [ 78.3714, 17.6148 ], [ 78.3906, 17.6214 ], [ 78.3812, 17.6424 ], [ 78.3953, 17.6759 ], [ 78.4099, 17.6698 ], [ 78.4211, 17.6716 ], [ 78.4486, 17.7079 ], [ 78.4715, 17.69 ], [ 78.4943, 17.6949 ], [ 78.4964, 17.6855 ], [ 78.5088, 17.6837 ], [ 78.5189, 17.702 ], [ 78.5215, 17.6962 ], [ 78.5359, 17.6964 ], [ 78.5616, 17.6839 ], [ 78.574, 17.6849 ], [ 78.5751, 17.6955 ], [ 78.5926, 17.6967 ], [ 78.6169, 17.6722 ], [ 78.6341, 17.6689 ], [ 78.6502, 17.6764 ], [ 78.6591, 17.6972 ], [ 78.6695, 17.6982 ], [ 78.6858, 17.6932 ], [ 78.6852, 17.6882 ], [ 78.7052, 17.6862 ], [ 78.7238, 17.6681 ], [ 78.7113, 17.6521 ], [ 78.7112, 17.64 ], [ 78.6963, 17.6374 ], [ 78.7009, 17.6315 ], [ 78.6853, 17.6217 ], [ 78.7019, 17.6114 ], [ 78.6866, 17.595 ], [ 78.6931, 17.5922 ], [ 78.6913, 17.5844 ], [ 78.6765, 17.5759 ], [ 78.6891, 17.5623 ], [ 78.7056, 17.5576 ], [ 78.695, 17.5513 ], [ 78.7124, 17.5207 ], [ 78.7092, 17.4763 ], [ 78.7169, 17.4682 ], [ 78.7514, 17.4714 ], [ 78.7607, 17.4603 ], [ 78.7511, 17.4383 ], [ 78.7594, 17.4268 ], [ 78.7548, 17.4047 ], [ 78.7409, 17.3998 ], [ 78.7375, 17.386 ], [ 78.7316, 17.385 ], [ 78.7192, 17.3999 ], [ 78.702, 17.3939 ], [ 78.6874, 17.405 ], [ 78.6763, 17.3999 ], [ 78.6729, 17.3834 ], [ 78.6622, 17.3783 ], [ 78.6477, 17.3855 ], [ 78.5781, 17.3892 ] ] ] } },
{ "type": "Feature", "properties": { "district": "Mulugu", "did": "telangana:Mulugu", "state_key": "telangana" }, "geometry": { "type": "Polygon", "coordinates": [ [ [ 80.0809, 18.4211 ], [ 80.0986, 18.4317 ], [ 80.1508, 18.4139 ], [ 80.1425, 18.3795 ], [ 80.1724, 18.3494 ], [ 80.2167, 18.3895 ], [ 80.2244, 18.4273 ], [ 80.2295, 18.5533 ], [ 80.2677, 18.5898 ], [ 80.3028, 18.5888 ], [ 80.344, 18.5983 ], [ 80.3541, 18.5942 ], [ 80.3752, 18.6107 ], [ 80.3885, 18.5967 ], [ 80.3959, 18.6049 ], [ 80.42, 18.6104 ], [ 80.4224, 18.6151 ], [ 80.4276, 18.6129 ], [ 80.4561, 18.6294 ], [ 80.4655, 18.6239 ], [ 80.4883, 18.6311 ], [ 80.5147, 18.6193 ], [ 80.5345, 18.5884 ], [ 80.5999, 18.553 ], [ 80.6185, 18.5277 ], [ 80.6376, 18.5225 ], [ 80.6372, 18.5043 ], [ 80.6553, 18.4759 ], [ 80.6861, 18.4583 ], [ 80.6881, 18.4474 ], [ 80.7053, 18.4399 ], [ 80.6982, 18.4376 ], [ 80.699, 18.4214 ], [ 80.7183, 18.4097 ], [ 80.7229, 18.4152 ], [ 80.7349, 18.4128 ], [ 80.7322, 18.4012 ], [ 80.7197, 18.3908 ], [ 80.7294, 18.3788 ], [ 80.7315, 18.3549 ], [ 80.7477, 18.33 ], [ 80.7487, 18.3089 ], [ 80.7806, 18.266 ], [ 80.7942, 18.2596 ], [ 80.7927, 18.2495 ], [ 80.7372, 18.2221 ], [ 80.7368, 18.1773 ], [ 80.7542, 18.1687 ], [ 80.7487, 18.1016 ], [ 80.755, 18.0738 ], [ 80.7042, 18.1359 ], [ 80.694, 18.1615 ], [ 80.6816, 18.1655 ], [ 80.6734, 18.1825 ], [ 80.6553, 18.1538 ], [ 80.647, 18.1565 ], [ 80.6571, 18.1437 ], [ 80.6548, 18.1349 ], [ 80.6382, 18.1362 ], [ 80.6323, 18.1424 ], [ 80.6234, 18.1293 ], [ 80.6431, 18.1254 ], [ 80.6351, 18.1094 ], [ 80.6195, 18.1128 ], [ 80.6164, 18.1184 ], [ 80.6078, 18.0883 ], [ 80.5739, 18.0547 ], [ 80.5658, 18.0509 ], [ 80.5585, 18.0589 ], [ 80.5379, 18.0552 ], [ 80.5272, 18.0647 ], [ 80.514, 18.0518 ], [ 80.4994, 18.0507 ], [ 80.4823, 18.0598 ], [ 80.4557, 18.0602 ], [ 80.4454, 18.067 ], [ 80.4313, 18.06 ], [ 80.3919, 18.0817 ], [ 80.3465, 18.0366 ], [ 80.3411, 18.0142 ], [ 80.3162, 17.996 ], [ 80.3046, 18.0 ], [ 80.2812, 17.9983 ], [ 80.2375, 18.0371 ], [ 80.1858, 18.0625 ], [ 80.1642, 18.0807 ], [ 80.1495, 18.0838 ], [ 80.1449, 18.0949 ], [ 80.0794, 18.0705 ], [ 80.0546, 18.0854 ], [ 80.0362, 18.1154 ], [ 80.0284, 18.1164 ], [ 79.9919, 18.1075 ], [ 79.9795, 18.1119 ], [ 79.9578, 18.0895 ], [ 79.9363, 18.0836 ], [ 79.8845, 18.0857 ], [ 79.8872, 18.0982 ], [ 79.8145, 18.0919 ], [ 79.8198, 18.1131 ], [ 79.8587, 18.1502 ], [ 79.8443, 18.1582 ], [ 79.8363, 18.1864 ], [ 79.8631, 18.2029 ], [ 79.8442, 18.2144 ], [ 79.8574, 18.2509 ], [ 79.8534, 18.2596 ], [ 79.8648, 18.26 ], [ 79.8723, 18.2774 ], [ 79.8892, 18.2853 ], [ 79.882, 18.2992 ], [ 79.8928, 18.3069 ], [ 79.8929, 18.317 ], [ 79.9446, 18.3184 ], [ 79.9539, 18.3395 ], [ 79.9254, 18.3516 ], [ 79.9096, 18.371 ], [ 79.8996, 18.3711 ], [ 79.8909, 18.3993 ], [ 79.9079, 18.3993 ], [ 79.9223, 18.4062 ], [ 79.9395, 18.3964 ], [ 79.9902, 18.3865 ], [ 80.0423, 18.4043 ], [ 80.0573, 18.4016 ], [ 80.0736, 18.3883 ], [ 80.0789, 18.3933 ], [ 80.0809, 18.4211 ] ] ] } },
{ "type": "Feature", "properties": { "district": "Nagarkurnool", "did": "telangana:Nagarkurnool", "state_key": "telangana" }, "geometry": { "type": "Polygon", "coordinates": [ [ [ 78.6429, 16.0824 ], [ 78.61, 16.0871 ], [ 78.5986, 16.0811 ], [ 78.5869, 16.0634 ], [ 78.5475, 16.0428 ], [ 78.4766, 16.0681 ], [ 78.4101, 16.0751 ], [ 78.3967, 16.0657 ], [ 78.3844, 16.0646 ], [ 78.3654, 16.0468 ], [ 78.3477, 16.0475 ], [ 78.3266, 16.0367 ], [ 78.3219, 16.0171 ], [ 78.3123, 16.0115 ], [ 78.2979, 16.012 ], [ 78.27, 16.0268 ], [ 78.2586, 16.0232 ], [ 78.2398, 16.0285 ], [ 78.2511, 16.0449 ], [ 78.2286, 16.0596 ], [ 78.2369, 16.1059 ], [ 78.2241, 16.1347 ], [ 78.2149, 16.1374 ], [ 78.2272, 16.1746 ], [ 78.2092, 16.18 ], [ 78.2112, 16.2007 ], [ 78.1967, 16.2086 ], [ 78.1999, 16.2218 ], [ 78.1925, 16.2278 ], [ 78.2, 16.2355 ], [ 78.1988, 16.2597 ], [ 78.1642, 16.2671 ], [ 78.1627, 16.2962 ], [ 78.1685, 16.3083 ], [ 78.1888, 16.3165 ], [ 78.1898, 16.3219 ], [ 78.2133, 16.3214 ], [ 78.2212, 16.3036 ], [ 78.2543, 16.2882 ], [ 78.2637, 16.3328 ], [ 78.2928, 16.326 ], [ 78.3015, 16.3476 ], [ 78.3086, 16.3484 ], [ 78.3148, 16.3792 ], [ 78.3096, 16.3883 ], [ 78.2887, 16.4 ], [ 78.2645, 16.4007 ], [ 78.2468, 16.4155 ], [ 78.2332, 16.4184 ], [ 78.2014, 16.4092 ], [ 78.2008, 16.4472 ], [ 78.1478, 16.4561 ], [ 78.0999, 16.4872 ], [ 78.1111, 16.5376 ], [ 78.1226, 16.5522 ], [ 78.1162, 16.573 ], [ 78.1262, 16.5935 ], [ 78.1302, 16.6257 ], [ 78.1508, 16.6477 ], [ 78.1401, 16.6608 ], [ 78.1403, 16.6746 ], [ 78.1638, 16.7293 ], [ 78.1832, 16.7308 ], [ 78.1824, 16.7037 ], [ 78.1983, 16.701 ], [ 78.2116, 16.7107 ], [ 78.2236, 16.7413 ], [ 78.235, 16.742 ], [ 78.2671, 16.7095 ], [ 78.317, 16.6845 ], [ 78.3291, 16.6559 ], [ 78.3429, 16.6583 ], [ 78.3662, 16.6447 ], [ 78.3687, 16.6563 ], [ 78.3785, 16.6606 ], [ 78.4048, 16.6555 ], [ 78.4049, 16.6739 ], [ 78.4243, 16.68 ], [ 78.4303, 16.7056 ], [ 78.4428, 16.7077 ], [ 78.4644, 16.7307 ], [ 78.4652, 16.7522 ], [ 78.487, 16.751 ], [ 78.4937, 16.7594 ], [ 78.4716, 16.7776 ], [ 78.4827, 16.821 ], [ 78.514, 16.8217 ], [ 78.5263, 16.8159 ], [ 78.5368, 16.8215 ], [ 78.5604, 16.8181 ], [ 78.5706, 16.8061 ], [ 78.5908, 16.7961 ], [ 78.6159, 16.7942 ], [ 78.616, 16.7839 ], [ 78.633, 16.7765 ], [ 78.6673, 16.8039 ], [ 78.6667, 16.8324 ], [ 78.6825, 16.8114 ], [ 78.6831, 16.7888 ], [ 78.6527, 16.7745 ], [ 78.6527, 16.7669 ], [ 78.6646, 16.7604 ], [ 78.6785, 16.7676 ], [ 78.6962, 16.7655 ], [ 78.6961, 16.7543 ], [ 78.703, 16.7578 ], [ 78.7171, 16.7514 ], [ 78.7385, 16.7574 ], [ 78.7544, 16.7514 ], [ 78.7596, 16.7306 ], [ 78.7556, 16.7061 ], [ 78.7408, 16.7067 ], [ 78.7101, 16.6783 ], [ 78.7073, 16.6661 ], [ 78.7135, 16.6505 ], [ 78.6674, 16.6518 ], [ 78.6799, 16.6241 ], [ 78.6985, 16.6188 ], [ 78.7162, 16.5819 ], [ 78.7014, 16.5646 ], [ 78.6619, 16.5462 ], [ 78.6723, 16.5294 ], [ 78.6839, 16.5373 ], [ 78.7243, 16.5395 ], [ 78.7653, 16.5333 ], [ 78.7891, 16.5152 ], [ 78.8007, 16.514 ], [ 78.836, 16.5437 ], [ 78.8557, 16.5509 ], [ 78.8699, 16.5436 ], [ 78.9094, 16.5515 ], [ 78.9225, 16.5234 ], [ 78.9393, 16.5103 ], [ 78.9859, 16.4933 ], [ 79.0463, 16.4587 ], [ 79.0731, 16.4424 ], [ 79.0915, 16.4216 ], [ 79.1099, 16.4208 ], [ 79.1225, 16.4063 ], [ 79.1517, 16.3997 ], [ 79.1548, 16.381 ], [ 79.1909, 16.3598 ], [ 79.2036, 16.3624 ], [ 79.2338, 16.3358 ], [ 79.2301, 16.2808 ], [ 79.2139, 16.2251 ], [ 79.1569, 16.2093 ], [ 79.1197, 16.2319 ], [ 79.1016, 16.2228 ], [ 79.0841, 16.2301 ], [ 79.0721, 16.2271 ], [ 79.048, 16.2387 ], [ 79.0095, 16.2402 ], [ 78.9857, 16.2107 ], [ 78.9603, 16.2091 ], [ 78.9054, 16.1836 ], [ 78.9243, 16.1358 ], [ 78.922, 16.1043 ], [ 78.8956, 16.0856 ], [ 78.889, 16.0852 ], [ 78.8721, 16.144 ], [ 78.8525, 16.1489 ], [ 78.8338, 16.1445 ], [ 78.8403, 16.0781 ], [ 78.8194, 16.0483 ], [ 78.8012, 16.0378 ], [ 78.7899, 16.0231 ], [ 78.7355, 16.0082 ], [ 78.7236, 16.0201 ], [ 78.6812, 16.0348 ], [ 78.6429, 16.0824 ] ] ] } },
{ "type": "Feature", "properties": { "district": "Nalgonda", "did": "telangana:Nalgonda", "state_key": "telangana" }, "geometry": { "type": "Polygon", "coordinates": [ [ [ 79.2448, 16.5318 ], [ 79.2272, 16.5238 ], [ 79.2167, 16.4995 ], [ 79.2157, 16.4801 ], [ 79.2334, 16.4592 ], [ 79.2116, 16.4474 ], [ 79.2106, 16.3562 ], [ 79.2031, 16.3626 ], [ 79.1939, 16.359 ], [ 79.1718, 16.368 ], [ 79.1642, 16.3787 ], [ 79.1536, 16.3824 ], [ 79.1517, 16.3997 ], [ 79.1225, 16.4063 ], [ 79.1099, 16.4208 ], [ 79.0915, 16.4216 ], [ 79.0731, 16.4424 ], [ 79.0463, 16.4587 ], [ 78.9859, 16.4933 ], [ 78.9393, 16.5103 ], [ 78.9225, 16.5234 ], [ 78.9094, 16.5515 ], [ 78.8699, 16.5436 ], [ 78.8557, 16.5509 ], [ 78.836, 16.5437 ], [ 78.8007, 16.514 ], [ 78.7891, 16.5152 ], [ 78.7653, 16.5333 ], [ 78.7243, 16.5395 ], [ 78.6839, 16.5373 ], [ 78.6723, 16.5294 ], [ 78.6619, 16.5462 ], [ 78.7014, 16.5646 ], [ 78.7162, 16.5819 ], [ 78.6985, 16.6188 ], [ 78.6799, 16.6241 ], [ 78.6674, 16.6518 ], [ 78.7135, 16.6505 ], [ 78.7073, 16.6661 ], [ 78.7101, 16.6783 ], [ 78.7408, 16.7067 ], [ 78.7556, 16.7061 ], [ 78.7573, 16.7476 ], [ 78.7808, 16.7461 ], [ 78.7893, 16.7612 ], [ 78.7952, 16.7853 ], [ 78.7918, 16.802 ], [ 78.8021, 16.8262 ], [ 78.7875, 16.8317 ], [ 78.789, 16.8397 ], [ 78.7757, 16.8438 ], [ 78.7808, 16.8683 ], [ 78.772, 16.8825 ], [ 78.7498, 16.8546 ], [ 78.7303, 16.8645 ], [ 78.7289, 16.8949 ], [ 78.7453, 16.9149 ], [ 78.6958, 16.9356 ], [ 78.7039, 16.9496 ], [ 78.7021, 16.9645 ], [ 78.7318, 16.9732 ], [ 78.7564, 16.9695 ], [ 78.7539, 16.9844 ], [ 78.7891, 16.9762 ], [ 78.799, 16.9997 ], [ 78.8163, 17.0007 ], [ 78.825, 17.0193 ], [ 78.7766, 17.0315 ], [ 78.7829, 17.0405 ], [ 78.7926, 17.0418 ], [ 78.7971, 17.0357 ], [ 78.8219, 17.0303 ], [ 78.8339, 17.0364 ], [ 78.8416, 17.074 ], [ 78.8734, 17.0616 ], [ 78.8807, 17.0467 ], [ 78.892, 17.0436 ], [ 78.9021, 17.0788 ], [ 78.9149, 17.0907 ], [ 78.9283, 17.0813 ], [ 78.9384, 17.1065 ], [ 78.9482, 17.1102 ], [ 78.9514, 17.1319 ], [ 78.9745, 17.1286 ], [ 78.9927, 17.1553 ], [ 78.9571, 17.1988 ], [ 78.9737, 17.2148 ], [ 78.9789, 17.2488 ], [ 78.9865, 17.2507 ], [ 78.9818, 17.2796 ], [ 78.9978, 17.2785 ], [ 78.9977, 17.2716 ], [ 79.0363, 17.2688 ], [ 79.0553, 17.2571 ], [ 79.1034, 17.2427 ], [ 79.117, 17.2777 ], [ 79.1556, 17.2811 ], [ 79.1497, 17.2715 ], [ 79.1567, 17.2595 ], [ 79.1779, 17.2517 ], [ 79.1842, 17.2733 ], [ 79.205, 17.2621 ], [ 79.2194, 17.3138 ], [ 79.2289, 17.3179 ], [ 79.2481, 17.3154 ], [ 79.2507, 17.3588 ], [ 79.3255, 17.3602 ], [ 79.3694, 17.3441 ], [ 79.4021, 17.3485 ], [ 79.4499, 17.3461 ], [ 79.4751, 17.3304 ], [ 79.4972, 17.2624 ], [ 79.494, 17.2334 ], [ 79.5197, 17.2333 ], [ 79.5254, 17.1862 ], [ 79.5617, 17.1418 ], [ 79.5921, 17.0836 ], [ 79.5928, 17.0596 ], [ 79.6012, 17.0447 ], [ 79.599, 17.0264 ], [ 79.6156, 16.9843 ], [ 79.6168, 16.9236 ], [ 79.6418, 16.8877 ], [ 79.6458, 16.8661 ], [ 79.6679, 16.8414 ], [ 79.6665, 16.8031 ], [ 79.6741, 16.7636 ], [ 79.6681, 16.7333 ], [ 79.6745, 16.7241 ], [ 79.6998, 16.7185 ], [ 79.6791, 16.6934 ], [ 79.6622, 16.6866 ], [ 79.635, 16.6611 ], [ 79.5989, 16.6732 ], [ 79.5756, 16.6498 ], [ 79.5421, 16.6322 ], [ 79.5038, 16.6359 ], [ 79.4833, 16.6231 ], [ 79.4505, 16.621 ], [ 79.4391, 16.6129 ], [ 79.4331, 16.5907 ], [ 79.4186, 16.5802 ], [ 79.3401, 16.5826 ], [ 79.3082, 16.5741 ], [ 79.291, 16.5616 ], [ 79.2568, 16.5658 ], [ 79.2448, 16.5318 ] ] ] } },
{ "type": "Feature", "properties": { "district": "Narayanpet", "did": "telangana:Narayanpet", "state_key": "telangana" }, "geometry": { "type": "Polygon", "coordinates": [ [ [ 77.7497, 16.5501 ], [ 77.7645, 16.526 ], [ 77.7682, 16.4802 ], [ 77.7594, 16.4803 ], [ 77.7394, 16.4663 ], [ 77.7504, 16.4338 ], [ 77.7455, 16.4187 ], [ 77.7506, 16.3973 ], [ 77.7449, 16.3768 ], [ 77.7338, 16.3697 ], [ 77.7393, 16.3655 ], [ 77.7183, 16.3674 ], [ 77.7156, 16.3343 ], [ 77.6924, 16.3431 ], [ 77.6775, 16.3605 ], [ 77.6664, 16.364 ], [ 77.6566, 16.3603 ], [ 77.6389, 16.3631 ], [ 77.6008, 16.343 ], [ 77.5734, 16.3407 ], [ 77.5388, 16.3582 ], [ 77.5234, 16.3758 ], [ 77.4897, 16.385 ], [ 77.441, 16.3808 ], [ 77.4209, 16.3662 ], [ 77.378, 16.3856 ], [ 77.3497, 16.3836 ], [ 77.3334, 16.3954 ], [ 77.2882, 16.4087 ], [ 77.269, 16.4305 ], [ 77.2621, 16.4518 ], [ 77.2358, 16.4727 ], [ 77.2458, 16.4777 ], [ 77.265, 16.4725 ], [ 77.294, 16.4767 ], [ 77.2987, 16.4962 ], [ 77.3296, 16.4859 ], [ 77.3514, 16.4911 ], [ 77.369, 16.4887 ], [ 77.3701, 16.5046 ], [ 77.3778, 16.5137 ], [ 77.4022, 16.5215 ], [ 77.4169, 16.5173 ], [ 77.4191, 16.5224 ], [ 77.419, 16.5489 ], [ 77.4038, 16.5512 ], [ 77.3929, 16.57 ], [ 77.4227, 16.5685 ], [ 77.4397, 16.5871 ], [ 77.4634, 16.587 ], [ 77.4678, 16.6098 ], [ 77.4536, 16.6167 ], [ 77.4761, 16.6501 ], [ 77.4624, 16.6543 ], [ 77.4447, 16.6392 ], [ 77.4343, 16.6414 ], [ 77.4386, 16.6453 ], [ 77.4297, 16.6562 ], [ 77.419, 16.6584 ], [ 77.4189, 16.6686 ], [ 77.4426, 16.6698 ], [ 77.4477, 16.6793 ], [ 77.4639, 16.6763 ], [ 77.47, 16.6877 ], [ 77.474, 16.7166 ], [ 77.4472, 16.7207 ], [ 77.4385, 16.7117 ], [ 77.426, 16.7215 ], [ 77.4431, 16.7625 ], [ 77.4395, 16.7891 ], [ 77.4672, 16.7805 ], [ 77.4745, 16.7812 ], [ 77.4765, 16.7884 ], [ 77.4571, 16.8302 ], [ 77.4641, 16.8506 ], [ 77.454, 16.9139 ], [ 77.4694, 16.9192 ], [ 77.4642, 16.9299 ], [ 77.4662, 16.9541 ], [ 77.5231, 16.9483 ], [ 77.5158, 16.9334 ], [ 77.5249, 16.9255 ], [ 77.5377, 16.9303 ], [ 77.5537, 16.9029 ], [ 77.5659, 16.9115 ], [ 77.5788, 16.9058 ], [ 77.5839, 16.9125 ], [ 77.5965, 16.9143 ], [ 77.5932, 16.9307 ], [ 77.6028, 16.936 ], [ 77.6036, 16.9466 ], [ 77.6231, 16.9529 ], [ 77.624, 16.9844 ], [ 77.6441, 16.9903 ], [ 77.6532, 17.0031 ], [ 77.648, 17.0081 ], [ 77.6306, 17.0021 ], [ 77.641, 17.0186 ], [ 77.6519, 17.0178 ], [ 77.6594, 17.0321 ], [ 77.6671, 17.0345 ], [ 77.6873, 17.0206 ], [ 77.7041, 17.0265 ], [ 77.7146, 17.0402 ], [ 77.7276, 17.0384 ], [ 77.734, 17.0337 ], [ 77.7311, 17.0289 ], [ 77.7658, 17.0218 ], [ 77.7505, 16.9775 ], [ 77.7558, 16.9687 ], [ 77.7509, 16.9542 ], [ 77.7302, 16.9438 ], [ 77.7301, 16.9393 ], [ 77.7403, 16.9384 ], [ 77.746, 16.9107 ], [ 77.7274, 16.8503 ], [ 77.7437, 16.8274 ], [ 77.7295, 16.8111 ], [ 77.7415, 16.7931 ], [ 77.7353, 16.7893 ], [ 77.7111, 16.7928 ], [ 77.7082, 16.7832 ], [ 77.6945, 16.7933 ], [ 77.6794, 16.7949 ], [ 77.6805, 16.7812 ], [ 77.6744, 16.7767 ], [ 77.6795, 16.7567 ], [ 77.6968, 16.7483 ], [ 77.7266, 16.7514 ], [ 77.7452, 16.7395 ], [ 77.7534, 16.7238 ], [ 77.7492, 16.6934 ], [ 77.7646, 16.6882 ], [ 77.7735, 16.6547 ], [ 77.797, 16.6331 ], [ 77.7989, 16.6163 ], [ 77.7812, 16.6157 ], [ 77.7875, 16.5744 ], [ 77.7784, 16.5652 ], [ 77.7495, 16.5646 ], [ 77.7497, 16.5501 ] ] ] } },
{ "type": "Feature", "properties": { "district": "Nirmal", "did": "telangana:Nirmal", "state_key": "telangana" }, "geometry": { "type": "Polygon", "coordinates": [ [ [ 78.1934, 18.9978 ], [ 78.1672, 18.9976 ], [ 78.1496, 18.9674 ], [ 78.1327, 18.9611 ], [ 78.1132, 18.9613 ], [ 78.0899, 18.9402 ], [ 78.0523, 18.94 ], [ 78.0464, 18.9355 ], [ 78.0377, 18.8774 ], [ 78.028, 18.8765 ], [ 78.014, 18.8844 ], [ 77.988, 18.8797 ], [ 77.9682, 18.8705 ], [ 77.9489, 18.8433 ], [ 77.9348, 18.8451 ], [ 77.9375, 18.8516 ], [ 77.9294, 18.8536 ], [ 77.9301, 18.8587 ], [ 77.9032, 18.8666 ], [ 77.9039, 18.8812 ], [ 77.8916, 18.8814 ], [ 77.8854, 18.9042 ], [ 77.8739, 18.9077 ], [ 77.8579, 18.9024 ], [ 77.8433, 18.9087 ], [ 77.8587, 18.949 ], [ 77.8419, 18.9499 ], [ 77.8325, 18.9416 ], [ 77.8192, 18.9459 ], [ 77.8218, 18.9785 ], [ 77.7911, 18.9828 ], [ 77.7876, 18.9726 ], [ 77.7715, 18.9792 ], [ 77.7754, 19.0006 ], [ 77.7619, 19.0362 ], [ 77.7648, 19.0627 ], [ 77.8003, 19.0511 ], [ 77.7968, 19.0726 ], [ 77.8099, 19.1047 ], [ 77.8181, 19.105 ], [ 77.8313, 19.0861 ], [ 77.8504, 19.0886 ], [ 77.8477, 19.116 ], [ 77.8341, 19.1343 ], [ 77.8525, 19.1547 ], [ 77.8605, 19.1804 ], [ 77.8477, 19.1896 ], [ 77.866, 19.2264 ], [ 77.8714, 19.255 ], [ 77.89, 19.2609 ], [ 77.9028, 19.2565 ], [ 77.9076, 19.2682 ], [ 77.9035, 19.278 ], [ 77.8656, 19.2838 ], [ 77.8635, 19.3042 ], [ 77.89, 19.3133 ], [ 77.8943, 19.3205 ], [ 77.9115, 19.3163 ], [ 77.9451, 19.3425 ], [ 77.9619, 19.3356 ], [ 77.9987, 19.2998 ], [ 78.0135, 19.2947 ], [ 78.0148, 19.279 ], [ 78.0425, 19.2706 ], [ 78.0359, 19.2506 ], [ 78.0416, 19.2434 ], [ 78.0557, 19.2371 ], [ 78.0791, 19.2548 ], [ 78.0891, 19.2394 ], [ 78.117, 19.2486 ], [ 78.1461, 19.2292 ], [ 78.1753, 19.2376 ], [ 78.1818, 19.2476 ], [ 78.1767, 19.2785 ], [ 78.1932, 19.3171 ], [ 78.2039, 19.3069 ], [ 78.2181, 19.3125 ], [ 78.2374, 19.3054 ], [ 78.2485, 19.2903 ], [ 78.2659, 19.2858 ], [ 78.2754, 19.2659 ], [ 78.2994, 19.2594 ], [ 78.3039, 19.2357 ], [ 78.3184, 19.2147 ], [ 78.3301, 19.2069 ], [ 78.3472, 19.2072 ], [ 78.3544, 19.1985 ], [ 78.363, 19.1999 ], [ 78.3693, 19.1823 ], [ 78.3885, 19.1758 ], [ 78.4017, 19.1799 ], [ 78.4146, 19.1724 ], [ 78.421, 19.1758 ], [ 78.4309, 19.1727 ], [ 78.4362, 19.1845 ], [ 78.4493, 19.1801 ], [ 78.4566, 19.1954 ], [ 78.4566, 19.2268 ], [ 78.4837, 19.2267 ], [ 78.5094, 19.2147 ], [ 78.519, 19.2262 ], [ 78.5218, 19.2506 ], [ 78.5473, 19.262 ], [ 78.5703, 19.2865 ], [ 78.5877, 19.288 ], [ 78.6154, 19.261 ], [ 78.6211, 19.2741 ], [ 78.6737, 19.316 ], [ 78.7225, 19.3264 ], [ 78.7199, 19.2965 ], [ 78.7588, 19.2782 ], [ 78.7679, 19.2566 ], [ 78.7901, 19.2405 ], [ 78.8005, 19.2138 ], [ 78.8121, 19.2215 ], [ 78.8197, 19.2467 ], [ 78.8448, 19.2565 ], [ 78.8538, 19.2781 ], [ 78.8688, 19.2825 ], [ 78.8855, 19.2727 ], [ 78.8939, 19.2901 ], [ 78.9417, 19.2522 ], [ 78.9544, 19.2506 ], [ 78.9361, 19.2284 ], [ 78.9337, 19.2142 ], [ 78.9179, 19.2014 ], [ 78.9213, 19.1838 ], [ 78.9026, 19.1778 ], [ 78.8773, 19.1595 ], [ 78.888, 19.1312 ], [ 78.8803, 19.1133 ], [ 78.8892, 19.1035 ], [ 78.9029, 19.0938 ], [ 78.9211, 19.1063 ], [ 78.9135, 19.1163 ], [ 78.9237, 19.1139 ], [ 78.9305, 19.1185 ], [ 78.9412, 19.1085 ], [ 78.9408, 19.0807 ], [ 78.9475, 19.0727 ], [ 78.9139, 19.0307 ], [ 78.8451, 19.0702 ], [ 78.8361, 19.0687 ], [ 78.8213, 19.049 ], [ 78.7988, 19.0483 ], [ 78.7788, 19.0377 ], [ 78.7708, 19.0297 ], [ 78.7701, 19.0143 ], [ 78.7623, 19.0113 ], [ 78.7029, 19.0355 ], [ 78.6918, 19.033 ], [ 78.6655, 19.0146 ], [ 78.6602, 19.0008 ], [ 78.6363, 18.9779 ], [ 78.6064, 18.9855 ], [ 78.5884, 19.0054 ], [ 78.5569, 18.9781 ], [ 78.546, 18.9456 ], [ 78.5274, 18.9492 ], [ 78.5082, 18.9723 ], [ 78.4908, 18.9728 ], [ 78.4772, 18.958 ], [ 78.4568, 18.9555 ], [ 78.4525, 18.964 ], [ 78.4263, 18.977 ], [ 78.41, 19.0038 ], [ 78.3711, 18.996 ], [ 78.314, 18.9515 ], [ 78.2851, 18.9426 ], [ 78.2771, 18.953 ], [ 78.2787, 18.9901 ], [ 78.2487, 19.0147 ], [ 78.1934, 18.9978 ] ] ] } },
{ "type": "Feature", "properties": { "district": "Nizamabad", "did": "telangana:Nizamabad", "state_key": "telangana" }, "geometry": { "type": "Polygon", "coordinates": [ [ [ 78.1582, 18.4774 ], [ 78.1349, 18.4823 ], [ 78.1181, 18.4927 ], [ 78.1059, 18.4916 ], [ 78.1035, 18.5042 ], [ 78.0762, 18.5146 ], [ 78.0699, 18.5083 ], [ 78.0395, 18.5178 ], [ 78.0342, 18.5089 ], [ 78.0414, 18.4894 ], [ 78.0378, 18.4649 ], [ 78.0221, 18.4361 ], [ 77.9749, 18.4463 ], [ 77.9815, 18.4592 ], [ 77.9749, 18.4705 ], [ 77.9375, 18.4915 ], [ 77.8893, 18.4924 ], [ 77.8813, 18.5017 ], [ 77.8647, 18.508 ], [ 77.7895, 18.4971 ], [ 77.7784, 18.5056 ], [ 77.7567, 18.5025 ], [ 77.7615, 18.5256 ], [ 77.737, 18.5638 ], [ 77.7503, 18.5892 ], [ 77.7457, 18.6213 ], [ 77.7305, 18.6451 ], [ 77.7357, 18.661 ], [ 77.7301, 18.6672 ], [ 77.7492, 18.6827 ], [ 77.7507, 18.6956 ], [ 77.7609, 18.7071 ], [ 77.7732, 18.7014 ], [ 77.772, 18.6889 ], [ 77.7873, 18.6826 ], [ 77.84, 18.8048 ], [ 77.9067, 18.8267 ], [ 77.9431, 18.8248 ], [ 77.9605, 18.8617 ], [ 77.988, 18.8797 ], [ 78.014, 18.8844 ], [ 78.0372, 18.877 ], [ 78.0468, 18.9361 ], [ 78.0577, 18.9421 ], [ 78.0893, 18.9399 ], [ 78.1132, 18.9613 ], [ 78.1468, 18.9655 ], [ 78.1606, 18.9794 ], [ 78.1681, 18.998 ], [ 78.1916, 18.9974 ], [ 78.2376, 19.0156 ], [ 78.2487, 19.0147 ], [ 78.2796, 18.9887 ], [ 78.2771, 18.953 ], [ 78.2851, 18.9426 ], [ 78.314, 18.9515 ], [ 78.3711, 18.996 ], [ 78.4017, 19.0032 ], [ 78.4161, 19.0005 ], [ 78.4263, 18.977 ], [ 78.4525, 18.964 ], [ 78.4575, 18.9553 ], [ 78.4772, 18.958 ], [ 78.4908, 18.9728 ], [ 78.509, 18.972 ], [ 78.5254, 18.9508 ], [ 78.537, 18.9458 ], [ 78.5259, 18.939 ], [ 78.528, 18.9301 ], [ 78.521, 18.9229 ], [ 78.5141, 18.8923 ], [ 78.5361, 18.8843 ], [ 78.5433, 18.8596 ], [ 78.5374, 18.8442 ], [ 78.5481, 18.8307 ], [ 78.5417, 18.8153 ], [ 78.5509, 18.8135 ], [ 78.5525, 18.7911 ], [ 78.5635, 18.7788 ], [ 78.5543, 18.7651 ], [ 78.5527, 18.7425 ], [ 78.5712, 18.7383 ], [ 78.5816, 18.7228 ], [ 78.6147, 18.73 ], [ 78.6395, 18.7204 ], [ 78.6408, 18.7019 ], [ 78.6316, 18.6775 ], [ 78.6528, 18.6387 ], [ 78.6643, 18.6335 ], [ 78.6699, 18.6233 ], [ 78.6541, 18.5963 ], [ 78.6151, 18.591 ], [ 78.5999, 18.5739 ], [ 78.5972, 18.5507 ], [ 78.5636, 18.5549 ], [ 78.5599, 18.5526 ], [ 78.5695, 18.5438 ], [ 78.5535, 18.5307 ], [ 78.5517, 18.5041 ], [ 78.5394, 18.4962 ], [ 78.5302, 18.4655 ], [ 78.521, 18.4644 ], [ 78.5182, 18.4564 ], [ 78.4921, 18.4378 ], [ 78.4678, 18.4475 ], [ 78.4643, 18.4604 ], [ 78.4522, 18.4723 ], [ 78.4526, 18.4827 ], [ 78.4246, 18.475 ], [ 78.3988, 18.482 ], [ 78.3826, 18.4537 ], [ 78.3504, 18.4574 ], [ 78.3294, 18.4669 ], [ 78.3166, 18.4652 ], [ 78.3073, 18.454 ], [ 78.281, 18.4537 ], [ 78.2753, 18.458 ], [ 78.2697, 18.4506 ], [ 78.2545, 18.4582 ], [ 78.2581, 18.4759 ], [ 78.2494, 18.4868 ], [ 78.2249, 18.4908 ], [ 78.2169, 18.499 ], [ 78.1929, 18.5038 ], [ 78.1922, 18.5087 ], [ 78.1758, 18.5007 ], [ 78.1582, 18.4774 ] ] ] } },
{ "type": "Feature", "properties": { "district": "Peddapalli", "did": "telangana:Peddapalli", "state_key": "telangana" }, "geometry": { "type": "Polygon", "coordinates": [ [ [ 79.5337, 18.3999 ], [ 79.5066, 18.3992 ], [ 79.4854, 18.386 ], [ 79.4746, 18.386 ], [ 79.4394, 18.4107 ], [ 79.3728, 18.4354 ], [ 79.3295, 18.47 ], [ 79.2978, 18.4824 ], [ 79.2821, 18.4802 ], [ 79.2366, 18.4476 ], [ 79.2157, 18.4919 ], [ 79.2213, 18.5279 ], [ 79.2155, 18.5347 ], [ 79.2205, 18.5455 ], [ 79.2278, 18.5466 ], [ 79.2302, 18.5668 ], [ 79.2053, 18.5779 ], [ 79.2044, 18.5952 ], [ 79.1849, 18.6107 ], [ 79.1762, 18.6544 ], [ 79.161, 18.647 ], [ 79.1477, 18.628 ], [ 79.1106, 18.6227 ], [ 79.1153, 18.6642 ], [ 79.1255, 18.6836 ], [ 79.1122, 18.7103 ], [ 79.1301, 18.7089 ], [ 79.1406, 18.7248 ], [ 79.1503, 18.7256 ], [ 79.1629, 18.7557 ], [ 79.228, 18.749 ], [ 79.2572, 18.7647 ], [ 79.2783, 18.7511 ], [ 79.2755, 18.7468 ], [ 79.2815, 18.7432 ], [ 79.2948, 18.7448 ], [ 79.2913, 18.7773 ], [ 79.3074, 18.8152 ], [ 79.3509, 18.8187 ], [ 79.3737, 18.8512 ], [ 79.4055, 18.8564 ], [ 79.4277, 18.8508 ], [ 79.4805, 18.8175 ], [ 79.5076, 18.7861 ], [ 79.5327, 18.7859 ], [ 79.6329, 18.7296 ], [ 79.6515, 18.7154 ], [ 79.6633, 18.6902 ], [ 79.6796, 18.6728 ], [ 79.6979, 18.6726 ], [ 79.7143, 18.6854 ], [ 79.7485, 18.6824 ], [ 79.7687, 18.6964 ], [ 79.7936, 18.6947 ], [ 79.8112, 18.7034 ], [ 79.8306, 18.6805 ], [ 79.8308, 18.6559 ], [ 79.8042, 18.6213 ], [ 79.7923, 18.573 ], [ 79.7843, 18.5687 ], [ 79.7248, 18.5736 ], [ 79.712, 18.5608 ], [ 79.7057, 18.5207 ], [ 79.6721, 18.4822 ], [ 79.6422, 18.4755 ], [ 79.6229, 18.4864 ], [ 79.6121, 18.4636 ], [ 79.6026, 18.4745 ], [ 79.5968, 18.4726 ], [ 79.5879, 18.4619 ], [ 79.5873, 18.4447 ], [ 79.5337, 18.3999 ] ] ] } },
{ "type": "Feature", "properties": { "district": "Rangareddy", "did": "telangana:Rangareddy", "state_key": "telangana" }, "geometry": { "type": "Polygon", "coordinates": [ [ [ 78.3162, 16.8743 ], [ 78.2993, 16.8789 ], [ 78.3041, 16.8895 ], [ 78.3016, 16.919 ], [ 78.2748, 16.9245 ], [ 78.277, 16.9561 ], [ 78.2695, 16.9648 ], [ 78.2617, 16.9608 ], [ 78.2405, 16.9635 ], [ 78.2331, 16.9403 ], [ 78.2195, 16.9388 ], [ 78.2112, 16.9521 ], [ 78.1812, 16.9734 ], [ 78.1858, 16.9883 ], [ 78.1741, 17.0082 ], [ 78.15, 17.0134 ], [ 78.1358, 17.0073 ], [ 78.1363, 16.993 ], [ 78.1267, 16.9942 ], [ 78.1197, 16.9829 ], [ 78.0921, 16.9832 ], [ 78.0851, 16.9963 ], [ 78.0683, 17.0054 ], [ 78.0578, 17.001 ], [ 78.0242, 17.0101 ], [ 78.0099, 17.001 ], [ 78.0105, 16.9783 ], [ 77.9997, 16.9797 ], [ 77.9783, 17.0101 ], [ 77.9536, 17.0144 ], [ 77.9349, 17.028 ], [ 77.9322, 17.048 ], [ 77.9227, 17.0518 ], [ 77.9242, 17.066 ], [ 77.949, 17.0755 ], [ 77.9492, 17.0807 ], [ 77.9341, 17.086 ], [ 77.9542, 17.0992 ], [ 77.99, 17.1033 ], [ 77.9917, 17.1282 ], [ 78.004, 17.1474 ], [ 78.0113, 17.1476 ], [ 78.0161, 17.1655 ], [ 78.0442, 17.1686 ], [ 78.0453, 17.1878 ], [ 78.0408, 17.1884 ], [ 78.0469, 17.2084 ], [ 78.0548, 17.2144 ], [ 78.064, 17.211 ], [ 78.0695, 17.2306 ], [ 78.051, 17.2354 ], [ 78.0508, 17.2436 ], [ 78.0595, 17.2512 ], [ 78.0434, 17.275 ], [ 78.0472, 17.2952 ], [ 78.0315, 17.303 ], [ 78.0325, 17.3086 ], [ 78.0148, 17.3119 ], [ 78.0053, 17.328 ], [ 78.0072, 17.3405 ], [ 78.0172, 17.3442 ], [ 78.022, 17.3701 ], [ 78.0512, 17.4119 ], [ 78.0695, 17.4097 ], [ 78.0722, 17.4133 ], [ 78.0723, 17.4375 ], [ 78.0628, 17.4501 ], [ 78.0702, 17.4558 ], [ 78.0595, 17.4607 ], [ 78.05, 17.4759 ], [ 78.0712, 17.4959 ], [ 78.0581, 17.5089 ], [ 78.0668, 17.5076 ], [ 78.0708, 17.5184 ], [ 78.0821, 17.5164 ], [ 78.0838, 17.4913 ], [ 78.1054, 17.4902 ], [ 78.1111, 17.4797 ], [ 78.122, 17.4851 ], [ 78.1453, 17.4841 ], [ 78.1451, 17.4678 ], [ 78.1643, 17.4628 ], [ 78.1897, 17.4757 ], [ 78.1915, 17.4869 ], [ 78.2138, 17.4861 ], [ 78.2178, 17.4385 ], [ 78.231, 17.4294 ], [ 78.2501, 17.4274 ], [ 78.2701, 17.4295 ], [ 78.2756, 17.4348 ], [ 78.2881, 17.4313 ], [ 78.3018, 17.4608 ], [ 78.298, 17.491 ], [ 78.3176, 17.4946 ], [ 78.3075, 17.5101 ], [ 78.337, 17.5037 ], [ 78.3476, 17.5225 ], [ 78.3715, 17.5191 ], [ 78.3821, 17.5088 ], [ 78.3734, 17.478 ], [ 78.3931, 17.4596 ], [ 78.3948, 17.4482 ], [ 78.4046, 17.4473 ], [ 78.4098, 17.4352 ], [ 78.395, 17.4231 ], [ 78.404, 17.4077 ], [ 78.3927, 17.4018 ], [ 78.3951, 17.386 ], [ 78.3675, 17.377 ], [ 78.388, 17.3709 ], [ 78.4286, 17.3727 ], [ 78.4269, 17.3601 ], [ 78.4423, 17.3489 ], [ 78.4272, 17.3511 ], [ 78.4234, 17.3407 ], [ 78.44, 17.3363 ], [ 78.4517, 17.3237 ], [ 78.4611, 17.2982 ], [ 78.4688, 17.298 ], [ 78.4773, 17.3177 ], [ 78.5019, 17.322 ], [ 78.5072, 17.3185 ], [ 78.5059, 17.3487 ], [ 78.5158, 17.3521 ], [ 78.5212, 17.3431 ], [ 78.5288, 17.3491 ], [ 78.5319, 17.3458 ], [ 78.5298, 17.3589 ], [ 78.5415, 17.3718 ], [ 78.5526, 17.3708 ], [ 78.5569, 17.3612 ], [ 78.5816, 17.3637 ], [ 78.5721, 17.378 ], [ 78.5781, 17.3892 ], [ 78.6477, 17.3855 ], [ 78.6614, 17.3782 ], [ 78.6724, 17.3828 ], [ 78.675, 17.3979 ], [ 78.6825, 17.4039 ], [ 78.6922, 17.4037 ], [ 78.702, 17.3939 ], [ 78.7187, 17.4001 ], [ 78.7285, 17.3854 ], [ 78.7375, 17.386 ], [ 78.7323, 17.3541 ], [ 78.716, 17.3589 ], [ 78.7071, 17.3464 ], [ 78.72, 17.3285 ], [ 78.7532, 17.3292 ], [ 78.7622, 17.3034 ], [ 78.7411, 17.2957 ], [ 78.7525, 17.2814 ], [ 78.7533, 17.2609 ], [ 78.778, 17.2457 ], [ 78.7979, 17.2435 ], [ 78.8194, 17.2319 ], [ 78.8162, 17.2121 ], [ 78.7979, 17.2028 ], [ 78.7592, 17.214 ], [ 78.7726, 17.1889 ], [ 78.7809, 17.1863 ], [ 78.7893, 17.1648 ], [ 78.785, 17.1591 ], [ 78.7776, 17.1622 ], [ 78.7737, 17.1553 ], [ 78.7807, 17.1435 ], [ 78.8335, 17.1125 ], [ 78.8334, 17.1034 ], [ 78.8191, 17.109 ], [ 78.8154, 17.0962 ], [ 78.8281, 17.092 ], [ 78.8442, 17.0685 ], [ 78.836, 17.0552 ], [ 78.8369, 17.0394 ], [ 78.8225, 17.0303 ], [ 78.7971, 17.0357 ], [ 78.7926, 17.0418 ], [ 78.7829, 17.0405 ], [ 78.7766, 17.0315 ], [ 78.825, 17.0193 ], [ 78.8227, 17.0057 ], [ 78.8152, 17.0003 ], [ 78.799, 16.9997 ], [ 78.7891, 16.9762 ], [ 78.757, 16.9848 ], [ 78.7564, 16.9695 ], [ 78.7318, 16.9732 ], [ 78.7073, 16.9674 ], [ 78.6958, 16.9356 ], [ 78.7453, 16.9149 ], [ 78.7285, 16.8937 ], [ 78.7308, 16.8638 ], [ 78.7498, 16.8546 ], [ 78.772, 16.8825 ], [ 78.7808, 16.8683 ], [ 78.7757, 16.8438 ], [ 78.789, 16.8397 ], [ 78.7875, 16.8317 ], [ 78.8021, 16.8262 ], [ 78.7918, 16.802 ], [ 78.7952, 16.7853 ], [ 78.7896, 16.7622 ], [ 78.7808, 16.7461 ], [ 78.7573, 16.7476 ], [ 78.7336, 16.7581 ], [ 78.7213, 16.7519 ], [ 78.703, 16.7578 ], [ 78.6961, 16.7543 ], [ 78.6962, 16.7655 ], [ 78.6838, 16.7679 ], [ 78.6646, 16.7604 ], [ 78.6527, 16.7669 ], [ 78.6527, 16.7745 ], [ 78.6831, 16.7888 ], [ 78.6825, 16.8114 ], [ 78.6667, 16.8324 ], [ 78.6673, 16.8039 ], [ 78.633, 16.7765 ], [ 78.616, 16.7839 ], [ 78.6159, 16.7942 ], [ 78.5908, 16.7961 ], [ 78.5706, 16.8061 ], [ 78.5649, 16.8162 ], [ 78.5377, 16.8215 ], [ 78.5263, 16.8159 ], [ 78.514, 16.8217 ], [ 78.4827, 16.821 ], [ 78.4716, 16.7776 ], [ 78.4649, 16.7739 ], [ 78.4343, 16.7782 ], [ 78.4132, 16.798 ], [ 78.3981, 16.7989 ], [ 78.3891, 16.7839 ], [ 78.355, 16.7965 ], [ 78.346, 16.7843 ], [ 78.3333, 16.7979 ], [ 78.3344, 16.8072 ], [ 78.3229, 16.825 ], [ 78.3283, 16.8514 ], [ 78.3162, 16.8743 ] ] ] } },
{ "type": "Feature", "properties": { "district": "Ranjanna Sircilla", "did": "telangana:Ranjanna Sircilla", "state_key": "telangana" }, "geometry": { "type": "Polygon", "coordinates": [ [ [ 79.0181, 18.3995 ], [ 79.0054, 18.3863 ], [ 79.0247, 18.3662 ], [ 79.0113, 18.3456 ], [ 79.0213, 18.3234 ], [ 79.0149, 18.3111 ], [ 78.991, 18.3009 ], [ 78.9868, 18.2727 ], [ 78.9956, 18.2412 ], [ 78.9641, 18.2073 ], [ 78.9545, 18.2076 ], [ 78.9543, 18.2534 ], [ 78.9145, 18.2556 ], [ 78.8914, 18.2448 ], [ 78.8901, 18.2391 ], [ 78.869, 18.2403 ], [ 78.8557, 18.2347 ], [ 78.8458, 18.247 ], [ 78.8282, 18.2532 ], [ 78.7927, 18.2537 ], [ 78.7691, 18.2627 ], [ 78.75, 18.2212 ], [ 78.7355, 18.2147 ], [ 78.7234, 18.2155 ], [ 78.7271, 18.2268 ], [ 78.7183, 18.2319 ], [ 78.7027, 18.2348 ], [ 78.69, 18.2299 ], [ 78.6402, 18.2567 ], [ 78.6277, 18.2465 ], [ 78.5886, 18.2487 ], [ 78.5748, 18.2234 ], [ 78.5676, 18.2226 ], [ 78.5528, 18.2589 ], [ 78.5403, 18.2732 ], [ 78.5319, 18.2715 ], [ 78.5212, 18.2787 ], [ 78.5239, 18.2881 ], [ 78.5412, 18.3001 ], [ 78.5373, 18.3178 ], [ 78.5495, 18.3364 ], [ 78.5334, 18.3605 ], [ 78.5315, 18.3875 ], [ 78.5629, 18.3855 ], [ 78.565, 18.3905 ], [ 78.5419, 18.4124 ], [ 78.5415, 18.42 ], [ 78.5541, 18.4308 ], [ 78.5445, 18.458 ], [ 78.5301, 18.4682 ], [ 78.5394, 18.4962 ], [ 78.5517, 18.5041 ], [ 78.5535, 18.5307 ], [ 78.5695, 18.5438 ], [ 78.5596, 18.5524 ], [ 78.5974, 18.5508 ], [ 78.5999, 18.5739 ], [ 78.6136, 18.5897 ], [ 78.6541, 18.5963 ], [ 78.6699, 18.6233 ], [ 78.6846, 18.6344 ], [ 78.6901, 18.6329 ], [ 78.6967, 18.6418 ], [ 78.7306, 18.6304 ], [ 78.7545, 18.6305 ], [ 78.7605, 18.6189 ], [ 78.7916, 18.6208 ], [ 78.8124, 18.6046 ], [ 78.8246, 18.6047 ], [ 78.8507, 18.5883 ], [ 78.8628, 18.5925 ], [ 78.8737, 18.5867 ], [ 78.8933, 18.5971 ], [ 78.9015, 18.5777 ], [ 78.8971, 18.5593 ], [ 78.9028, 18.55 ], [ 78.9163, 18.5753 ], [ 78.9278, 18.566 ], [ 78.9388, 18.5837 ], [ 78.9537, 18.5802 ], [ 78.9567, 18.573 ], [ 78.949, 18.5539 ], [ 78.9608, 18.5357 ], [ 78.954, 18.513 ], [ 78.9468, 18.4995 ], [ 78.9279, 18.4905 ], [ 78.9225, 18.4763 ], [ 78.948, 18.4438 ], [ 78.9576, 18.4526 ], [ 78.9874, 18.462 ], [ 78.9915, 18.4409 ], [ 78.9783, 18.442 ], [ 78.9741, 18.4274 ], [ 78.9782, 18.4202 ], [ 78.9894, 18.4174 ], [ 78.9989, 18.3999 ], [ 79.0181, 18.3995 ] ] ] } },
{ "type": "Feature", "properties": { "district": "Sangareddy", "did": "telangana:Sangareddy", "state_key": "telangana" }, "geometry": { "type": "Polygon", "coordinates": [ [ [ 77.7464, 17.6241 ], [ 77.7496, 17.6135 ], [ 77.7674, 17.6126 ], [ 77.7742, 17.601 ], [ 77.7699, 17.5841 ], [ 77.7615, 17.5792 ], [ 77.7613, 17.558 ], [ 77.7094, 17.5258 ], [ 77.6905, 17.5263 ], [ 77.6834, 17.5082 ], [ 77.6686, 17.5116 ], [ 77.662, 17.5228 ], [ 77.628, 17.5236 ], [ 77.6121, 17.5348 ], [ 77.5969, 17.5343 ], [ 77.5938, 17.5645 ], [ 77.5506, 17.5517 ], [ 77.5374, 17.5754 ], [ 77.5284, 17.5754 ], [ 77.5069, 17.5423 ], [ 77.5, 17.5467 ], [ 77.4941, 17.5684 ], [ 77.4781, 17.5668 ], [ 77.4618, 17.5808 ], [ 77.4431, 17.584 ], [ 77.4448, 17.6094 ], [ 77.4558, 17.6325 ], [ 77.4482, 17.6511 ], [ 77.4548, 17.6745 ], [ 77.4524, 17.6947 ], [ 77.4923, 17.7081 ], [ 77.4971, 17.7155 ], [ 77.5091, 17.7163 ], [ 77.522, 17.726 ], [ 77.546, 17.7268 ], [ 77.5486, 17.7358 ], [ 77.5685, 17.7489 ], [ 77.5691, 17.7665 ], [ 77.5549, 17.764 ], [ 77.5375, 17.7799 ], [ 77.5066, 17.786 ], [ 77.5149, 17.8054 ], [ 77.529, 17.8129 ], [ 77.5282, 17.8279 ], [ 77.5467, 17.8285 ], [ 77.5489, 17.8194 ], [ 77.554, 17.8201 ], [ 77.5764, 17.8754 ], [ 77.5991, 17.8731 ], [ 77.6004, 17.8806 ], [ 77.586, 17.8938 ], [ 77.5861, 17.9078 ], [ 77.619, 17.9041 ], [ 77.6187, 17.9395 ], [ 77.6325, 17.9467 ], [ 77.6329, 17.9558 ], [ 77.6245, 17.9596 ], [ 77.633, 17.9674 ], [ 77.6372, 17.9523 ], [ 77.6495, 17.95 ], [ 77.6558, 17.9683 ], [ 77.6482, 17.9803 ], [ 77.6489, 17.9989 ], [ 77.6278, 17.9968 ], [ 77.6197, 18.0065 ], [ 77.6075, 18.0099 ], [ 77.6059, 18.0202 ], [ 77.5886, 18.0122 ], [ 77.5806, 18.0316 ], [ 77.5538, 18.0358 ], [ 77.5476, 18.0561 ], [ 77.5483, 18.0652 ], [ 77.5574, 18.0637 ], [ 77.5659, 18.0767 ], [ 77.597, 18.0868 ], [ 77.6016, 18.1059 ], [ 77.5945, 18.1314 ], [ 77.5968, 18.1559 ], [ 77.5813, 18.1623 ], [ 77.5707, 18.1922 ], [ 77.5635, 18.1954 ], [ 77.5653, 18.204 ], [ 77.5748, 18.2016 ], [ 77.5853, 18.2198 ], [ 77.5718, 18.244 ], [ 77.6004, 18.2756 ], [ 77.6199, 18.2745 ], [ 77.6258, 18.2841 ], [ 77.6651, 18.2836 ], [ 77.6876, 18.2602 ], [ 77.7196, 18.2603 ], [ 77.7289, 18.2534 ], [ 77.7281, 18.2334 ], [ 77.7364, 18.2349 ], [ 77.7378, 18.2241 ], [ 77.7434, 18.2244 ], [ 77.7421, 18.2053 ], [ 77.7585, 18.205 ], [ 77.7696, 18.1881 ], [ 77.7767, 18.1905 ], [ 77.7798, 18.1998 ], [ 77.7865, 18.1964 ], [ 77.7966, 18.2047 ], [ 77.811, 18.1957 ], [ 77.827, 18.194 ], [ 77.8293, 18.2003 ], [ 77.8488, 18.2017 ], [ 77.8542, 18.2075 ], [ 77.865, 18.2022 ], [ 77.8624, 18.1944 ], [ 77.8687, 18.1892 ], [ 77.8823, 18.1867 ], [ 77.9037, 18.1924 ], [ 77.9034, 18.1681 ], [ 77.8947, 18.1566 ], [ 77.9042, 18.1524 ], [ 77.9027, 18.1443 ], [ 77.91, 18.1472 ], [ 77.9146, 18.1411 ], [ 77.9144, 18.1484 ], [ 77.923, 18.1473 ], [ 77.9214, 18.153 ], [ 77.9279, 18.1557 ], [ 77.9355, 18.1492 ], [ 77.9305, 18.1402 ], [ 77.9191, 18.1364 ], [ 77.9235, 18.1279 ], [ 77.909, 18.1241 ], [ 77.9186, 18.1133 ], [ 77.9294, 18.116 ], [ 77.9269, 18.1041 ], [ 77.918, 18.1064 ], [ 77.9141, 18.1009 ], [ 77.9052, 18.1058 ], [ 77.908, 18.0999 ], [ 77.8988, 18.0993 ], [ 77.8882, 18.0706 ], [ 77.8513, 18.073 ], [ 77.8527, 18.0509 ], [ 77.8709, 18.0171 ], [ 77.8714, 18.0018 ], [ 77.8913, 18.005 ], [ 77.9049, 18.0007 ], [ 77.888, 17.9847 ], [ 77.8906, 17.9643 ], [ 77.9067, 17.959 ], [ 77.8983, 17.9106 ], [ 77.884, 17.9107 ], [ 77.88, 17.9185 ], [ 77.855, 17.918 ], [ 77.8513, 17.9111 ], [ 77.8657, 17.9036 ], [ 77.8661, 17.8978 ], [ 77.8792, 17.896 ], [ 77.878, 17.8887 ], [ 77.8864, 17.8886 ], [ 77.8954, 17.8694 ], [ 77.8947, 17.847 ], [ 77.9055, 17.8471 ], [ 77.9127, 17.8572 ], [ 77.9197, 17.8572 ], [ 77.9317, 17.8438 ], [ 77.9526, 17.8419 ], [ 77.9557, 17.8561 ], [ 77.9706, 17.854 ], [ 77.9722, 17.8822 ], [ 78.0141, 17.8895 ], [ 78.0346, 17.8785 ], [ 78.0474, 17.8927 ], [ 78.0463, 17.9139 ], [ 78.0602, 17.9171 ], [ 78.0636, 17.9246 ], [ 78.0791, 17.9053 ], [ 78.0734, 17.8692 ], [ 78.0944, 17.8606 ], [ 78.0973, 17.818 ], [ 78.1139, 17.8027 ], [ 78.12, 17.8006 ], [ 78.1315, 17.8114 ], [ 78.1391, 17.8317 ], [ 78.1485, 17.8362 ], [ 78.1492, 17.8059 ], [ 78.1747, 17.8226 ], [ 78.1755, 17.8281 ], [ 78.1876, 17.8306 ], [ 78.1664, 17.8139 ], [ 78.1633, 17.7977 ], [ 78.1659, 17.7898 ], [ 78.1735, 17.7885 ], [ 78.1932, 17.7978 ], [ 78.196, 17.8052 ], [ 78.2039, 17.8027 ], [ 78.1956, 17.7732 ], [ 78.1961, 17.7637 ], [ 78.2044, 17.7651 ], [ 78.2014, 17.7358 ], [ 78.2152, 17.7415 ], [ 78.2181, 17.732 ], [ 78.2349, 17.7353 ], [ 78.2352, 17.7239 ], [ 78.2263, 17.7147 ], [ 78.238, 17.7051 ], [ 78.2294, 17.702 ], [ 78.2311, 17.6916 ], [ 78.2566, 17.693 ], [ 78.2651, 17.6872 ], [ 78.2816, 17.6872 ], [ 78.2902, 17.6773 ], [ 78.311, 17.6771 ], [ 78.3055, 17.6674 ], [ 78.3196, 17.6634 ], [ 78.3252, 17.7034 ], [ 78.3198, 17.7111 ], [ 78.3238, 17.7249 ], [ 78.318, 17.7228 ], [ 78.3129, 17.7392 ], [ 78.3181, 17.7435 ], [ 78.3518, 17.7437 ], [ 78.3608, 17.7395 ], [ 78.361, 17.7314 ], [ 78.3724, 17.7263 ], [ 78.3717, 17.709 ], [ 78.385, 17.6999 ], [ 78.3963, 17.6992 ], [ 78.4164, 17.7328 ], [ 78.4404, 17.7267 ], [ 78.45, 17.711 ], [ 78.4457, 17.6982 ], [ 78.4211, 17.6716 ], [ 78.4099, 17.6698 ], [ 78.3953, 17.6759 ], [ 78.3812, 17.6424 ], [ 78.3906, 17.6214 ], [ 78.3714, 17.6148 ], [ 78.3869, 17.6066 ], [ 78.3898, 17.5988 ], [ 78.3889, 17.5943 ], [ 78.3837, 17.5955 ], [ 78.3772, 17.5631 ], [ 78.363, 17.5681 ], [ 78.3551, 17.562 ], [ 78.3614, 17.5497 ], [ 78.3485, 17.5352 ], [ 78.3514, 17.5286 ], [ 78.337, 17.5037 ], [ 78.3075, 17.5101 ], [ 78.3176, 17.4946 ], [ 78.298, 17.491 ], [ 78.3018, 17.4608 ], [ 78.2881, 17.4313 ], [ 78.2756, 17.4348 ], [ 78.2628, 17.428 ], [ 78.231, 17.4294 ], [ 78.2178, 17.4385 ], [ 78.2138, 17.4861 ], [ 78.1915, 17.4869 ], [ 78.1897, 17.4757 ], [ 78.1643, 17.4628 ], [ 78.1451, 17.4678 ], [ 78.1453, 17.4841 ], [ 78.122, 17.4851 ], [ 78.1111, 17.4797 ], [ 78.1054, 17.4902 ], [ 78.0838, 17.4913 ], [ 78.0811, 17.5167 ], [ 78.0708, 17.5184 ], [ 78.0668, 17.5076 ], [ 78.0581, 17.5089 ], [ 78.0711, 17.5004 ], [ 78.05, 17.4759 ], [ 78.0595, 17.4607 ], [ 78.0702, 17.4558 ], [ 78.0629, 17.4487 ], [ 78.0477, 17.4513 ], [ 78.0408, 17.4578 ], [ 78.0404, 17.4712 ], [ 78.0226, 17.465 ], [ 78.0043, 17.4751 ], [ 78.0005, 17.4829 ], [ 78.0078, 17.4961 ], [ 77.991, 17.5069 ], [ 77.9808, 17.4838 ], [ 77.9646, 17.4845 ], [ 77.966, 17.5047 ], [ 77.9742, 17.5185 ], [ 77.963, 17.5339 ], [ 77.9367, 17.5389 ], [ 77.9365, 17.5675 ], [ 77.8973, 17.5821 ], [ 77.8727, 17.5826 ], [ 77.8687, 17.5968 ], [ 77.8749, 17.603 ], [ 77.8666, 17.62 ], [ 77.8618, 17.613 ], [ 77.8528, 17.6084 ], [ 77.8515, 17.6169 ], [ 77.8229, 17.632 ], [ 77.7998, 17.625 ], [ 77.7835, 17.6387 ], [ 77.7819, 17.6307 ], [ 77.7464, 17.6241 ] ] ] } },
{ "type": "Feature", "properties": { "district": "Siddipet", "did": "telangana:Siddipet", "state_key": "telangana" }, "geometry": { "type": "Polygon", "coordinates": [ [ [ 78.7885, 17.7018 ], [ 78.7766, 17.6917 ], [ 78.7452, 17.6836 ], [ 78.7296, 17.6678 ], [ 78.718, 17.6694 ], [ 78.7052, 17.6862 ], [ 78.6852, 17.6882 ], [ 78.6858, 17.6932 ], [ 78.6695, 17.6982 ], [ 78.6591, 17.6972 ], [ 78.6502, 17.6764 ], [ 78.6341, 17.6689 ], [ 78.6169, 17.6722 ], [ 78.5926, 17.6967 ], [ 78.5751, 17.6955 ], [ 78.574, 17.6849 ], [ 78.5616, 17.6839 ], [ 78.5359, 17.6964 ], [ 78.5215, 17.6962 ], [ 78.5189, 17.702 ], [ 78.5088, 17.6837 ], [ 78.4992, 17.6857 ], [ 78.5061, 17.7193 ], [ 78.5255, 17.7286 ], [ 78.5265, 17.7507 ], [ 78.5108, 17.7553 ], [ 78.5202, 17.8068 ], [ 78.5303, 17.8327 ], [ 78.5422, 17.8431 ], [ 78.5391, 17.8604 ], [ 78.561, 17.8703 ], [ 78.561, 17.877 ], [ 78.5777, 17.8824 ], [ 78.5699, 17.905 ], [ 78.5519, 17.8893 ], [ 78.5373, 17.8876 ], [ 78.5243, 17.8965 ], [ 78.5459, 17.915 ], [ 78.5297, 17.9249 ], [ 78.5417, 17.9412 ], [ 78.5318, 17.95 ], [ 78.5358, 17.9695 ], [ 78.5616, 18.003 ], [ 78.5833, 18.0061 ], [ 78.5879, 18.0233 ], [ 78.5864, 18.0301 ], [ 78.5603, 18.0451 ], [ 78.5533, 18.0568 ], [ 78.5657, 18.0602 ], [ 78.5721, 18.0699 ], [ 78.5691, 18.0789 ], [ 78.5795, 18.1061 ], [ 78.5478, 18.1121 ], [ 78.5453, 18.1164 ], [ 78.5532, 18.1435 ], [ 78.5693, 18.1573 ], [ 78.5667, 18.1621 ], [ 78.5809, 18.1632 ], [ 78.5613, 18.2068 ], [ 78.5638, 18.215 ], [ 78.5676, 18.2226 ], [ 78.5748, 18.2234 ], [ 78.5886, 18.2487 ], [ 78.6277, 18.2465 ], [ 78.6402, 18.2567 ], [ 78.69, 18.2299 ], [ 78.7027, 18.2348 ], [ 78.7183, 18.2319 ], [ 78.7271, 18.2268 ], [ 78.7235, 18.2153 ], [ 78.7423, 18.2161 ], [ 78.7589, 18.2352 ], [ 78.7691, 18.2627 ], [ 78.7927, 18.2537 ], [ 78.8282, 18.2532 ], [ 78.8458, 18.247 ], [ 78.8557, 18.2347 ], [ 78.869, 18.2403 ], [ 78.8901, 18.2391 ], [ 78.8914, 18.2448 ], [ 78.9145, 18.2556 ], [ 78.9543, 18.2534 ], [ 78.9545, 18.2076 ], [ 78.9641, 18.2073 ], [ 78.9956, 18.2412 ], [ 78.9868, 18.2727 ], [ 78.991, 18.3009 ], [ 79.0149, 18.3111 ], [ 79.0213, 18.3234 ], [ 79.0113, 18.3456 ], [ 79.0247, 18.3662 ], [ 79.0193, 18.3754 ], [ 79.0063, 18.3809 ], [ 79.0059, 18.3878 ], [ 79.0181, 18.3995 ], [ 79.0353, 18.4027 ], [ 79.0594, 18.4205 ], [ 79.0775, 18.4243 ], [ 79.091, 18.4082 ], [ 79.1266, 18.3966 ], [ 79.1278, 18.3851 ], [ 79.1535, 18.378 ], [ 79.1575, 18.3551 ], [ 79.1303, 18.3488 ], [ 79.1058, 18.3353 ], [ 79.1019, 18.3205 ], [ 79.1103, 18.316 ], [ 79.109, 18.3084 ], [ 79.1192, 18.3042 ], [ 79.1147, 18.2904 ], [ 79.1198, 18.277 ], [ 79.1337, 18.2713 ], [ 79.1203, 18.2554 ], [ 79.1233, 18.2431 ], [ 79.1085, 18.2373 ], [ 79.1082, 18.2214 ], [ 79.1372, 18.2063 ], [ 79.1459, 18.171 ], [ 79.1602, 18.1665 ], [ 79.1625, 18.1572 ], [ 79.1878, 18.1702 ], [ 79.1925, 18.1639 ], [ 79.2123, 18.1616 ], [ 79.2106, 18.1749 ], [ 79.2445, 18.184 ], [ 79.2509, 18.1542 ], [ 79.2901, 18.1516 ], [ 79.3012, 18.13 ], [ 79.2906, 18.1212 ], [ 79.293, 18.1008 ], [ 79.2818, 18.0657 ], [ 79.2662, 18.0395 ], [ 79.2462, 18.0507 ], [ 79.2273, 18.0541 ], [ 79.2213, 18.0349 ], [ 79.2328, 17.9945 ], [ 79.1923, 18.0016 ], [ 79.1842, 17.9939 ], [ 79.1535, 17.992 ], [ 79.1393, 17.9784 ], [ 79.1438, 17.9659 ], [ 79.1022, 17.9143 ], [ 79.1243, 17.9022 ], [ 79.1117, 17.899 ], [ 79.0921, 17.8732 ], [ 79.065, 17.8736 ], [ 79.0438, 17.8609 ], [ 79.0391, 17.8723 ], [ 79.0202, 17.8761 ], [ 79.0031, 17.8583 ], [ 78.9987, 17.8448 ], [ 78.9876, 17.858 ], [ 78.9755, 17.8609 ], [ 78.9714, 17.8681 ], [ 78.9578, 17.8669 ], [ 78.9456, 17.8794 ], [ 78.9211, 17.8731 ], [ 78.9165, 17.8546 ], [ 78.9222, 17.8365 ], [ 78.9056, 17.8446 ], [ 78.8989, 17.8399 ], [ 78.8887, 17.8416 ], [ 78.8775, 17.8337 ], [ 78.8783, 17.8262 ], [ 78.8676, 17.8251 ], [ 78.8697, 17.7849 ], [ 78.8581, 17.7482 ], [ 78.8413, 17.7525 ], [ 78.8216, 17.7394 ], [ 78.8154, 17.7021 ], [ 78.7903, 17.7112 ], [ 78.7819, 17.7112 ], [ 78.7885, 17.7018 ] ] ] } },
{ "type": "Feature", "properties": { "district": "Suryapet", "did": "telangana:Suryapet", "state_key": "telangana" }, "geometry": { "type": "Polygon", "coordinates": [ [ [ 79.7728, 16.7306 ], [ 79.7446, 16.7191 ], [ 79.7229, 16.6903 ], [ 79.6791, 16.6934 ], [ 79.6998, 16.7185 ], [ 79.6745, 16.7241 ], [ 79.6681, 16.7333 ], [ 79.6741, 16.7636 ], [ 79.6665, 16.8031 ], [ 79.6679, 16.8414 ], [ 79.6458, 16.8661 ], [ 79.6418, 16.8877 ], [ 79.6168, 16.9236 ], [ 79.6156, 16.9843 ], [ 79.599, 17.0264 ], [ 79.6012, 17.0447 ], [ 79.5928, 17.0596 ], [ 79.5921, 17.0836 ], [ 79.5617, 17.1418 ], [ 79.5254, 17.1862 ], [ 79.5197, 17.2333 ], [ 79.494, 17.2334 ], [ 79.4972, 17.2624 ], [ 79.4751, 17.3304 ], [ 79.4537, 17.345 ], [ 79.442, 17.3638 ], [ 79.4218, 17.3762 ], [ 79.4124, 17.3991 ], [ 79.4247, 17.4156 ], [ 79.4198, 17.433 ], [ 79.4068, 17.4517 ], [ 79.3662, 17.4863 ], [ 79.363, 17.5007 ], [ 79.373, 17.503 ], [ 79.3789, 17.5112 ], [ 79.4125, 17.4986 ], [ 79.4246, 17.5025 ], [ 79.4302, 17.5166 ], [ 79.4534, 17.5117 ], [ 79.4724, 17.5146 ], [ 79.5009, 17.4962 ], [ 79.5168, 17.4942 ], [ 79.5416, 17.527 ], [ 79.566, 17.4973 ], [ 79.5767, 17.5036 ], [ 79.5932, 17.499 ], [ 79.5922, 17.5287 ], [ 79.6036, 17.4987 ], [ 79.6208, 17.5003 ], [ 79.6391, 17.4863 ], [ 79.6554, 17.494 ], [ 79.6565, 17.4708 ], [ 79.6902, 17.4546 ], [ 79.6999, 17.4561 ], [ 79.7003, 17.4478 ], [ 79.7101, 17.4455 ], [ 79.7183, 17.4342 ], [ 79.7304, 17.4282 ], [ 79.7436, 17.4291 ], [ 79.7525, 17.4395 ], [ 79.762, 17.4299 ], [ 79.7622, 17.4078 ], [ 79.7725, 17.3994 ], [ 79.7755, 17.403 ], [ 79.797, 17.3935 ], [ 79.7914, 17.3839 ], [ 79.7812, 17.3811 ], [ 79.7776, 17.369 ], [ 79.7961, 17.354 ], [ 79.7928, 17.326 ], [ 79.8035, 17.3251 ], [ 79.8017, 17.3124 ], [ 79.8188, 17.29 ], [ 79.818, 17.2816 ], [ 79.8305, 17.2702 ], [ 79.8404, 17.2793 ], [ 79.8681, 17.2623 ], [ 79.8728, 17.266 ], [ 79.9007, 17.2538 ], [ 79.8957, 17.2309 ], [ 79.9019, 17.2115 ], [ 79.8862, 17.2091 ], [ 79.8766, 17.1936 ], [ 79.881, 17.1736 ], [ 79.9125, 17.1487 ], [ 79.9184, 17.1295 ], [ 79.9319, 17.1274 ], [ 79.9462, 17.135 ], [ 79.9621, 17.1244 ], [ 79.9954, 17.077 ], [ 80.0398, 17.0512 ], [ 80.0369, 17.0242 ], [ 80.051, 17.0111 ], [ 80.062, 17.0093 ], [ 80.0562, 16.9989 ], [ 80.0612, 16.9873 ], [ 80.0574, 16.964 ], [ 80.0482, 16.9494 ], [ 80.0504, 16.936 ], [ 80.0396, 16.9171 ], [ 80.0174, 16.915 ], [ 79.9988, 16.8652 ], [ 80.017, 16.8542 ], [ 80.0468, 16.8533 ], [ 80.0482, 16.8332 ], [ 80.0733, 16.8172 ], [ 80.068, 16.7914 ], [ 80.0539, 16.7654 ], [ 80.055, 16.7446 ], [ 80.03, 16.7144 ], [ 79.9974, 16.7021 ], [ 79.9648, 16.645 ], [ 79.9341, 16.6316 ], [ 79.9101, 16.6339 ], [ 79.8937, 16.6501 ], [ 79.8784, 16.6967 ], [ 79.8511, 16.7058 ], [ 79.8173, 16.6919 ], [ 79.7872, 16.7297 ], [ 79.7728, 16.7306 ] ] ] } },
{ "type": "Feature", "properties": { "district": "Vikarabad", "did": "telangana:Vikarabad", "state_key": "telangana" }, "geometry": { "type": "Polygon", "coordinates": [ [ [ 77.6306, 17.0021 ], [ 77.648, 17.0081 ], [ 77.6532, 17.0031 ], [ 77.6441, 16.9903 ], [ 77.624, 16.9844 ], [ 77.6231, 16.9529 ], [ 77.6036, 16.9466 ], [ 77.6028, 16.936 ], [ 77.5932, 16.9307 ], [ 77.5965, 16.9143 ], [ 77.5839, 16.9125 ], [ 77.5788, 16.9058 ], [ 77.5659, 16.9115 ], [ 77.5537, 16.9029 ], [ 77.5377, 16.9303 ], [ 77.5249, 16.9255 ], [ 77.5158, 16.9334 ], [ 77.5231, 16.9483 ], [ 77.4662, 16.9541 ], [ 77.4819, 16.972 ], [ 77.4795, 16.996 ], [ 77.5025, 17.0141 ], [ 77.4949, 17.0271 ], [ 77.4967, 17.0427 ], [ 77.4881, 17.0472 ], [ 77.4799, 17.0688 ], [ 77.481, 17.0792 ], [ 77.4629, 17.0941 ], [ 77.4636, 17.11 ], [ 77.4067, 17.1245 ], [ 77.4038, 17.1329 ], [ 77.3777, 17.1401 ], [ 77.3782, 17.1526 ], [ 77.3669, 17.1544 ], [ 77.3624, 17.1638 ], [ 77.3723, 17.1956 ], [ 77.3939, 17.1944 ], [ 77.3964, 17.2075 ], [ 77.4037, 17.2099 ], [ 77.3802, 17.2225 ], [ 77.4083, 17.2412 ], [ 77.4204, 17.2376 ], [ 77.4263, 17.2565 ], [ 77.4585, 17.279 ], [ 77.4549, 17.2872 ], [ 77.4379, 17.2919 ], [ 77.456, 17.3312 ], [ 77.4536, 17.374 ], [ 77.4791, 17.3707 ], [ 77.4744, 17.3615 ], [ 77.4838, 17.355 ], [ 77.5241, 17.3642 ], [ 77.5332, 17.3801 ], [ 77.5243, 17.388 ], [ 77.5378, 17.4061 ], [ 77.5142, 17.4142 ], [ 77.513, 17.4309 ], [ 77.5373, 17.4437 ], [ 77.5759, 17.4307 ], [ 77.5762, 17.4562 ], [ 77.6029, 17.4442 ], [ 77.6143, 17.4459 ], [ 77.6152, 17.4729 ], [ 77.6448, 17.4776 ], [ 77.6479, 17.4961 ], [ 77.6571, 17.5066 ], [ 77.6523, 17.4827 ], [ 77.6886, 17.4753 ], [ 77.6905, 17.5263 ], [ 77.7094, 17.5258 ], [ 77.7613, 17.558 ], [ 77.7615, 17.5792 ], [ 77.7699, 17.5841 ], [ 77.7742, 17.601 ], [ 77.7674, 17.6126 ], [ 77.7496, 17.6135 ], [ 77.7464, 17.6241 ], [ 77.7762, 17.6268 ], [ 77.7861, 17.6384 ], [ 77.7998, 17.625 ], [ 77.8229, 17.632 ], [ 77.8515, 17.6169 ], [ 77.8528, 17.6084 ], [ 77.8674, 17.6196 ], [ 77.8749, 17.603 ], [ 77.8687, 17.5968 ], [ 77.8727, 17.5826 ], [ 77.8973, 17.5821 ], [ 77.9294, 17.5722 ], [ 77.9365, 17.5675 ], [ 77.9338, 17.5608 ], [ 77.9402, 17.5509 ], [ 77.9367, 17.5389 ], [ 77.9679, 17.5301 ], [ 77.9742, 17.5178 ], [ 77.966, 17.5047 ], [ 77.9646, 17.4845 ], [ 77.9808, 17.4838 ], [ 77.991, 17.5069 ], [ 78.0078, 17.4961 ], [ 78.0005, 17.4829 ], [ 78.0043, 17.4751 ], [ 78.0226, 17.465 ], [ 78.0404, 17.4712 ], [ 78.0408, 17.4578 ], [ 78.0477, 17.4513 ], [ 78.0629, 17.4487 ], [ 78.0723, 17.4375 ], [ 78.0714, 17.4115 ], [ 78.0512, 17.4119 ], [ 78.022, 17.3701 ], [ 78.0172, 17.3442 ], [ 78.0056, 17.3379 ], [ 78.0148, 17.3119 ], [ 78.0325, 17.3086 ], [ 78.0315, 17.303 ], [ 78.0472, 17.2952 ], [ 78.0434, 17.275 ], [ 78.0595, 17.2512 ], [ 78.0508, 17.2436 ], [ 78.051, 17.2354 ], [ 78.0695, 17.2306 ], [ 78.064, 17.211 ], [ 78.0548, 17.2144 ], [ 78.0469, 17.2084 ], [ 78.0408, 17.1884 ], [ 78.0453, 17.1878 ], [ 78.0442, 17.1686 ], [ 78.0161, 17.1655 ], [ 78.0113, 17.1476 ], [ 78.004, 17.1474 ], [ 77.9917, 17.1282 ], [ 77.99, 17.1033 ], [ 77.9542, 17.0992 ], [ 77.9338, 17.0853 ], [ 77.9492, 17.0807 ], [ 77.949, 17.0755 ], [ 77.9229, 17.0634 ], [ 77.9349, 17.028 ], [ 77.9536, 17.0144 ], [ 77.9783, 17.0101 ], [ 77.9837, 16.9961 ], [ 77.9988, 16.9826 ], [ 77.9952, 16.9637 ], [ 77.9857, 16.9604 ], [ 77.9878, 16.953 ], [ 78.0108, 16.9496 ], [ 78.0046, 16.9359 ], [ 78.0112, 16.9092 ], [ 78.0086, 16.9025 ], [ 77.9815, 16.8932 ], [ 77.9785, 16.8765 ], [ 77.9904, 16.8706 ], [ 77.9801, 16.8488 ], [ 77.966, 16.8511 ], [ 77.9363, 16.8885 ], [ 77.9318, 16.9068 ], [ 77.9146, 16.921 ], [ 77.9033, 16.9262 ], [ 77.8696, 16.9275 ], [ 77.8842, 16.9579 ], [ 77.8783, 16.9679 ], [ 77.8704, 16.9676 ], [ 77.861, 16.9503 ], [ 77.849, 16.9506 ], [ 77.8416, 16.9608 ], [ 77.8335, 16.9487 ], [ 77.8246, 16.9566 ], [ 77.8343, 16.9877 ], [ 77.8251, 16.9869 ], [ 77.8134, 16.9946 ], [ 77.7988, 16.9926 ], [ 77.7984, 16.9989 ], [ 77.7602, 17.0022 ], [ 77.7658, 17.0218 ], [ 77.7311, 17.0289 ], [ 77.734, 17.0337 ], [ 77.7276, 17.0384 ], [ 77.7146, 17.0402 ], [ 77.7041, 17.0265 ], [ 77.6873, 17.0206 ], [ 77.6622, 17.0335 ], [ 77.6519, 17.0178 ], [ 77.6461, 17.019 ], [ 77.6306, 17.0021 ] ] ] } },
{ "type": "Feature", "properties": { "district": "Wanaparthy", "did": "telangana:Wanaparthy", "state_key": "telangana" }, "geometry": { "type": "Polygon", "coordinates": [ [ [ 78.2241, 16.1347 ], [ 78.2369, 16.1059 ], [ 78.2286, 16.0596 ], [ 78.2511, 16.0449 ], [ 78.2398, 16.0285 ], [ 78.2586, 16.0232 ], [ 78.2598, 15.9956 ], [ 78.2411, 15.956 ], [ 78.2298, 15.9469 ], [ 78.2123, 15.9431 ], [ 78.1634, 15.9472 ], [ 78.1486, 15.9583 ], [ 78.1361, 15.9962 ], [ 78.1274, 16.0024 ], [ 78.0694, 16.0143 ], [ 78.0465, 16.0326 ], [ 78.0293, 16.0598 ], [ 77.9471, 16.1186 ], [ 77.9424, 16.1532 ], [ 77.9311, 16.1748 ], [ 77.9317, 16.1932 ], [ 77.9123, 16.2127 ], [ 77.7749, 16.3068 ], [ 77.7156, 16.3343 ], [ 77.7183, 16.3674 ], [ 77.7393, 16.3655 ], [ 77.7338, 16.3697 ], [ 77.7449, 16.3768 ], [ 77.7487, 16.3911 ], [ 77.7618, 16.3939 ], [ 77.7542, 16.4213 ], [ 77.7934, 16.4219 ], [ 77.7913, 16.4092 ], [ 77.8022, 16.3976 ], [ 77.8171, 16.3914 ], [ 77.8318, 16.3971 ], [ 77.8401, 16.395 ], [ 77.855, 16.3719 ], [ 77.8627, 16.3718 ], [ 77.87, 16.4213 ], [ 77.8638, 16.4465 ], [ 77.8959, 16.4511 ], [ 77.9027, 16.4444 ], [ 77.9164, 16.4424 ], [ 77.9239, 16.4515 ], [ 77.9187, 16.4652 ], [ 77.9069, 16.4635 ], [ 77.8911, 16.4748 ], [ 77.8973, 16.5024 ], [ 77.8901, 16.5161 ], [ 77.8942, 16.5258 ], [ 77.934, 16.5217 ], [ 77.9217, 16.4994 ], [ 77.9211, 16.4839 ], [ 77.931, 16.482 ], [ 77.9412, 16.5003 ], [ 77.9824, 16.5025 ], [ 77.9849, 16.5138 ], [ 77.9948, 16.5159 ], [ 77.9979, 16.531 ], [ 78.0186, 16.5284 ], [ 78.0201, 16.5331 ], [ 78.0139, 16.5452 ], [ 77.9978, 16.5541 ], [ 78.0041, 16.5681 ], [ 77.9889, 16.5923 ], [ 78.0003, 16.5944 ], [ 78.0, 16.607 ], [ 78.0083, 16.6154 ], [ 78.0254, 16.6162 ], [ 78.0381, 16.6257 ], [ 78.069, 16.6245 ], [ 78.0768, 16.6088 ], [ 78.1252, 16.5914 ], [ 78.1162, 16.573 ], [ 78.1226, 16.5522 ], [ 78.1111, 16.5376 ], [ 78.0999, 16.4872 ], [ 78.1478, 16.4561 ], [ 78.2008, 16.4472 ], [ 78.2014, 16.4092 ], [ 78.2332, 16.4184 ], [ 78.2468, 16.4155 ], [ 78.2641, 16.4009 ], [ 78.2883, 16.4002 ], [ 78.3143, 16.3813 ], [ 78.3086, 16.3484 ], [ 78.3015, 16.3476 ], [ 78.2928, 16.326 ], [ 78.2637, 16.3328 ], [ 78.2543, 16.2882 ], [ 78.2212, 16.3036 ], [ 78.2133, 16.3214 ], [ 78.1898, 16.3219 ], [ 78.1888, 16.3165 ], [ 78.1685, 16.3083 ], [ 78.1631, 16.2974 ], [ 78.1642, 16.2671 ], [ 78.1988, 16.2597 ], [ 78.2, 16.2355 ], [ 78.1925, 16.2278 ], [ 78.1999, 16.2218 ], [ 78.1967, 16.2086 ], [ 78.2112, 16.2007 ], [ 78.2092, 16.18 ], [ 78.2272, 16.1746 ], [ 78.217, 16.137 ], [ 78.2241, 16.1347 ] ] ] } },
{ "type": "Feature", "properties": { "district": "Warangal (rural)", "did": "telangana:Warangal (rural)", "state_key": "telangana" }, "geometry": { "type": "Polygon", "coordinates": [ [ [ 79.6825, 17.6547 ], [ 79.6614, 17.6495 ], [ 79.6535, 17.628 ], [ 79.6164, 17.6218 ], [ 79.6139, 17.6362 ], [ 79.5777, 17.6285 ], [ 79.5723, 17.6178 ], [ 79.5608, 17.62 ], [ 79.5405, 17.6379 ], [ 79.5364, 17.6303 ], [ 79.5245, 17.6331 ], [ 79.5222, 17.6614 ], [ 79.4898, 17.6629 ], [ 79.4813, 17.6748 ], [ 79.4906, 17.6962 ], [ 79.481, 17.7053 ], [ 79.5023, 17.7154 ], [ 79.5042, 17.7242 ], [ 79.4953, 17.7383 ], [ 79.481, 17.7452 ], [ 79.4905, 17.7545 ], [ 79.5053, 17.7486 ], [ 79.5146, 17.7741 ], [ 79.5121, 17.8228 ], [ 79.525, 17.8326 ], [ 79.5303, 17.8826 ], [ 79.5562, 17.8883 ], [ 79.5666, 17.9126 ], [ 79.5874, 17.8979 ], [ 79.6078, 17.8974 ], [ 79.6083, 17.9082 ], [ 79.6142, 17.9084 ], [ 79.6194, 17.9252 ], [ 79.6255, 17.9256 ], [ 79.6316, 17.9534 ], [ 79.6232, 17.9773 ], [ 79.6403, 17.9855 ], [ 79.6431, 18.0009 ], [ 79.6314, 18.0098 ], [ 79.6519, 18.0114 ], [ 79.6592, 18.0237 ], [ 79.6714, 18.0262 ], [ 79.651, 18.0422 ], [ 79.6208, 18.0397 ], [ 79.6233, 18.0681 ], [ 79.6177, 18.0687 ], [ 79.6124, 18.0924 ], [ 79.6033, 18.0963 ], [ 79.6049, 18.117 ], [ 79.622, 18.1167 ], [ 79.6273, 18.1246 ], [ 79.622, 18.1374 ], [ 79.6013, 18.1415 ], [ 79.6127, 18.1885 ], [ 79.597, 18.1982 ], [ 79.5978, 18.2154 ], [ 79.5781, 18.2429 ], [ 79.5859, 18.2597 ], [ 79.6204, 18.2624 ], [ 79.6329, 18.2853 ], [ 79.6525, 18.2525 ], [ 79.6707, 18.2553 ], [ 79.6971, 18.2777 ], [ 79.7042, 18.272 ], [ 79.6953, 18.2509 ], [ 79.7108, 18.2409 ], [ 79.7225, 18.2095 ], [ 79.7358, 18.205 ], [ 79.7222, 18.1977 ], [ 79.744, 18.1773 ], [ 79.7537, 18.1743 ], [ 79.7875, 18.1964 ], [ 79.8007, 18.1947 ], [ 79.8183, 18.1406 ], [ 79.842, 18.1325 ], [ 79.8198, 18.1131 ], [ 79.8145, 18.0919 ], [ 79.8872, 18.0982 ], [ 79.8845, 18.0857 ], [ 79.9363, 18.0836 ], [ 79.9578, 18.0895 ], [ 79.9795, 18.1119 ], [ 79.9919, 18.1075 ], [ 79.9794, 18.0202 ], [ 79.994, 18.0009 ], [ 79.9864, 17.9917 ], [ 79.9857, 17.9537 ], [ 79.9809, 17.9491 ], [ 79.9767, 17.9524 ], [ 79.9942, 17.917 ], [ 79.9887, 17.9048 ], [ 79.9942, 17.8895 ], [ 79.9754, 17.8614 ], [ 79.9609, 17.8643 ], [ 79.9528, 17.8607 ], [ 79.9472, 17.8357 ], [ 79.939, 17.841 ], [ 79.9154, 17.7988 ], [ 79.9107, 17.8134 ], [ 79.8756, 17.8085 ], [ 79.8834, 17.7794 ], [ 79.9037, 17.7617 ], [ 79.9037, 17.7469 ], [ 79.8934, 17.7301 ], [ 79.8692, 17.7424 ], [ 79.8721, 17.7393 ], [ 79.8613, 17.7281 ], [ 79.8636, 17.7196 ], [ 79.8215, 17.7134 ], [ 79.8244, 17.6952 ], [ 79.791, 17.7088 ], [ 79.7713, 17.6972 ], [ 79.7678, 17.6867 ], [ 79.7415, 17.6889 ], [ 79.7228, 17.6959 ], [ 79.7219, 17.7009 ], [ 79.7154, 17.6978 ], [ 79.7141, 17.6838 ], [ 79.6914, 17.6865 ], [ 79.6825, 17.6547 ] ] ] } },
{ "type": "Feature", "properties": { "district": "Warangal (urban)", "did": "telangana:Warangal (urban)", "state_key": "telangana" }, "geometry": { "type": "Polygon", "coordinates": [ [ [ 79.651, 18.0422 ], [ 79.6717, 18.0271 ], [ 79.6592, 18.0237 ], [ 79.6519, 18.0114 ], [ 79.6314, 18.0098 ], [ 79.6431, 18.0009 ], [ 79.6403, 17.9855 ], [ 79.6232, 17.9773 ], [ 79.6316, 17.9534 ], [ 79.6255, 17.9256 ], [ 79.6194, 17.9252 ], [ 79.6142, 17.9084 ], [ 79.6083, 17.9082 ], [ 79.6078, 17.8974 ], [ 79.5874, 17.8979 ], [ 79.5666, 17.9126 ], [ 79.5562, 17.8883 ], [ 79.5303, 17.8826 ], [ 79.5098, 17.8973 ], [ 79.4943, 17.9002 ], [ 79.4875, 17.8877 ], [ 79.478, 17.8928 ], [ 79.4641, 17.8729 ], [ 79.4491, 17.879 ], [ 79.4486, 17.9087 ], [ 79.4432, 17.9112 ], [ 79.4374, 17.9132 ], [ 79.4201, 17.896 ], [ 79.4043, 17.8985 ], [ 79.3944, 17.908 ], [ 79.3902, 17.9005 ], [ 79.352, 17.9239 ], [ 79.3428, 17.9212 ], [ 79.336, 17.9384 ], [ 79.3241, 17.9438 ], [ 79.2862, 17.9531 ], [ 79.2675, 17.9527 ], [ 79.2711, 17.9786 ], [ 79.2287, 17.9878 ], [ 79.2329, 17.9945 ], [ 79.2213, 18.0349 ], [ 79.2273, 18.0541 ], [ 79.2462, 18.0507 ], [ 79.2662, 18.0395 ], [ 79.2909, 18.0893 ], [ 79.2906, 18.1212 ], [ 79.3273, 18.1482 ], [ 79.3656, 18.1398 ], [ 79.3794, 18.1567 ], [ 79.3969, 18.148 ], [ 79.3991, 18.1662 ], [ 79.4132, 18.1649 ], [ 79.4192, 18.1692 ], [ 79.4312, 18.1568 ], [ 79.462, 18.1644 ], [ 79.4611, 18.1873 ], [ 79.4735, 18.1956 ], [ 79.4654, 18.2007 ], [ 79.4738, 18.2299 ], [ 79.4915, 18.2294 ], [ 79.5195, 18.2412 ], [ 79.5347, 18.2352 ], [ 79.5405, 18.2379 ], [ 79.5503, 18.2478 ], [ 79.5519, 18.2678 ], [ 79.5821, 18.2566 ], [ 79.5781, 18.2429 ], [ 79.5978, 18.2154 ], [ 79.597, 18.1982 ], [ 79.6127, 18.1885 ], [ 79.6013, 18.1415 ], [ 79.622, 18.1374 ], [ 79.627, 18.1194 ], [ 79.6049, 18.117 ], [ 79.6033, 18.0963 ], [ 79.6124, 18.0924 ], [ 79.6177, 18.0687 ], [ 79.6233, 18.0681 ], [ 79.6206, 18.0421 ], [ 79.651, 18.0422 ] ] ] } },
{ "type": "Feature", "properties": { "district": "Yadadri Bhuvanagiri", "did": "telangana:Yadadri Bhuvanagiri", "state_key": "telangana" }, "geometry": { "type": "Polygon", "coordinates": [ [ [ 78.9606, 17.1908 ], [ 78.9723, 17.1838 ], [ 78.9779, 17.1684 ], [ 78.9927, 17.1553 ], [ 78.9722, 17.127 ], [ 78.9514, 17.1319 ], [ 78.9482, 17.1102 ], [ 78.9384, 17.1065 ], [ 78.9307, 17.0844 ], [ 78.9283, 17.0813 ], [ 78.9113, 17.0901 ], [ 78.9021, 17.0788 ], [ 78.892, 17.0436 ], [ 78.883, 17.0453 ], [ 78.8795, 17.0575 ], [ 78.8394, 17.0748 ], [ 78.8281, 17.092 ], [ 78.8154, 17.0962 ], [ 78.8191, 17.109 ], [ 78.8334, 17.1034 ], [ 78.8319, 17.1143 ], [ 78.7854, 17.1373 ], [ 78.7745, 17.153 ], [ 78.7776, 17.1622 ], [ 78.785, 17.1591 ], [ 78.7893, 17.1648 ], [ 78.7809, 17.1863 ], [ 78.7726, 17.1889 ], [ 78.7592, 17.214 ], [ 78.7979, 17.2028 ], [ 78.8162, 17.2121 ], [ 78.8203, 17.2283 ], [ 78.8066, 17.2404 ], [ 78.778, 17.2457 ], [ 78.7533, 17.2609 ], [ 78.7525, 17.2814 ], [ 78.7411, 17.2957 ], [ 78.7622, 17.3034 ], [ 78.7532, 17.3292 ], [ 78.72, 17.3285 ], [ 78.7071, 17.3464 ], [ 78.716, 17.3589 ], [ 78.7323, 17.3541 ], [ 78.7391, 17.396 ], [ 78.7548, 17.4047 ], [ 78.7594, 17.4268 ], [ 78.7511, 17.4383 ], [ 78.7607, 17.4603 ], [ 78.7514, 17.4714 ], [ 78.7169, 17.4682 ], [ 78.7092, 17.4763 ], [ 78.7124, 17.5207 ], [ 78.695, 17.5513 ], [ 78.7056, 17.5576 ], [ 78.6891, 17.5623 ], [ 78.6765, 17.5759 ], [ 78.6913, 17.5844 ], [ 78.6931, 17.5922 ], [ 78.6866, 17.595 ], [ 78.7019, 17.6114 ], [ 78.6853, 17.6217 ], [ 78.7009, 17.6315 ], [ 78.6963, 17.6374 ], [ 78.7112, 17.64 ], [ 78.7113, 17.6521 ], [ 78.7238, 17.6681 ], [ 78.738, 17.6729 ], [ 78.7452, 17.6836 ], [ 78.7766, 17.6917 ], [ 78.7885, 17.7018 ], [ 78.7819, 17.7112 ], [ 78.8154, 17.7021 ], [ 78.8216, 17.7394 ], [ 78.8413, 17.7525 ], [ 78.8597, 17.7508 ], [ 78.8697, 17.7849 ], [ 78.8667, 17.8082 ], [ 78.8997, 17.8048 ], [ 78.9071, 17.8125 ], [ 78.9478, 17.7884 ], [ 78.9798, 17.7982 ], [ 78.9906, 17.7938 ], [ 79.0013, 17.7708 ], [ 78.9957, 17.751 ], [ 79.025, 17.7128 ], [ 79.0375, 17.7095 ], [ 79.0461, 17.726 ], [ 79.0688, 17.7192 ], [ 79.0896, 17.7015 ], [ 79.0997, 17.6775 ], [ 79.1191, 17.6689 ], [ 79.1302, 17.6722 ], [ 79.1348, 17.6428 ], [ 79.1442, 17.6282 ], [ 79.1577, 17.622 ], [ 79.1512, 17.5873 ], [ 79.1677, 17.5754 ], [ 79.1361, 17.5445 ], [ 79.1399, 17.5243 ], [ 79.1574, 17.5241 ], [ 79.1766, 17.5102 ], [ 79.2052, 17.5102 ], [ 79.2142, 17.4999 ], [ 79.2298, 17.4969 ], [ 79.2571, 17.4709 ], [ 79.2631, 17.4905 ], [ 79.2747, 17.4976 ], [ 79.2938, 17.4865 ], [ 79.2851, 17.4692 ], [ 79.3281, 17.4508 ], [ 79.3407, 17.4564 ], [ 79.3438, 17.4663 ], [ 79.3678, 17.4855 ], [ 79.4192, 17.4341 ], [ 79.4249, 17.4163 ], [ 79.4129, 17.4016 ], [ 79.4145, 17.3915 ], [ 79.4218, 17.3762 ], [ 79.442, 17.3638 ], [ 79.4537, 17.345 ], [ 79.4021, 17.3485 ], [ 79.3738, 17.3436 ], [ 79.3255, 17.3602 ], [ 79.2507, 17.3588 ], [ 79.2481, 17.3154 ], [ 79.2289, 17.3179 ], [ 79.2194, 17.3138 ], [ 79.205, 17.2621 ], [ 79.1842, 17.2733 ], [ 79.1779, 17.2517 ], [ 79.1567, 17.2595 ], [ 79.1497, 17.2715 ], [ 79.1556, 17.2811 ], [ 79.117, 17.2777 ], [ 79.1034, 17.2427 ], [ 79.0553, 17.2571 ], [ 79.0363, 17.2688 ], [ 78.9977, 17.2716 ], [ 78.9978, 17.2785 ], [ 78.9818, 17.2796 ], [ 78.9865, 17.2507 ], [ 78.9789, 17.2488 ], [ 78.9737, 17.2148 ], [ 78.9571, 17.1988 ], [ 78.9606, 17.1908 ] ] ] } }
]
}
