{
"type": "FeatureCollection",
"crs": { "type": "name", "properties": { "name": "urn:ogc:def:crs:OGC:1.3:CRS84" } },
"xy_coordinate_resolution": 0.0001,
"features": [
{ "type": "Feature", "properties": { "district": "Bagalkot", "did": "karnataka:Bagalkot", "state_key": "karnataka" }, "geometry": { "type": "Polygon", "coordinates": [ [ [ 75.8365, 15.9256 ], [ 75.7887, 15.925 ], [ 75.7762, 15.9183 ], [ 75.7789, 15.9075 ], [ 75.7735, 15.9024 ], [ 75.7791, 15.8974 ], [ 75.8103, 15.8937 ], [ 75.8119, 15.8999 ], [ 75.8273, 15.9004 ], [ 75.8352, 15.8823 ], [ 75.828, 15.8665 ], [ 75.8382, 15.865 ], [ 75.8401, 15.8718 ], [ 75.8485, 15.8722 ], [ 75.8499, 15.8614 ], [ 75.8432, 15.8383 ], [ 75.8278, 15.8406 ], [ 75.8207, 15.8498 ], [ 75.8061, 15.8486 ], [ 75.8091, 15.8547 ], [ 75.7999, 15.8577 ], [ 75.7976, 15.8478 ], [ 75.7802, 15.8527 ], [ 75.7744, 15.8273 ], [ 75.7796, 15.8172 ], [ 75.7369, 15.8134 ], [ 75.7219, 15.8179 ], [ 75.7139, 15.8276 ], [ 75.6959, 15.8247 ], [ 75.6879, 15.8308 ], [ 75.6771, 15.8209 ], [ 75.6721, 15.8363 ], [ 75.6627, 15.8378 ], [ 75.6568, 15.8266 ], [ 75.6428, 15.832 ], [ 75.6424, 15.8413 ], [ 75.6312, 15.8308 ], [ 75.6177, 15.8356 ], [ 75.6166, 15.8212 ], [ 75.6054, 15.8271 ], [ 75.609, 15.8306 ], [ 75.6, 15.8268 ], [ 75.5871, 15.8333 ], [ 75.5769, 15.8248 ], [ 75.5767, 15.8306 ], [ 75.566, 15.8296 ], [ 75.5713, 15.8337 ], [ 75.5675, 15.8382 ], [ 75.5527, 15.8247 ], [ 75.5564, 15.8325 ], [ 75.5497, 15.8355 ], [ 75.5299, 15.8349 ], [ 75.5314, 15.842 ], [ 75.5223, 15.8401 ], [ 75.5123, 15.8513 ], [ 75.5206, 15.8529 ], [ 75.5196, 15.8577 ], [ 75.5023, 15.8583 ], [ 75.4978, 15.8723 ], [ 75.4802, 15.8777 ], [ 75.4788, 15.8711 ], [ 75.4654, 15.8814 ], [ 75.4598, 15.8801 ], [ 75.4614, 15.8868 ], [ 75.4433, 15.8892 ], [ 75.4466, 15.8931 ], [ 75.4376, 15.8948 ], [ 75.4415, 15.9186 ], [ 75.4249, 15.9214 ], [ 75.4396, 15.9665 ], [ 75.4316, 15.9754 ], [ 75.4378, 16.003 ], [ 75.4261, 16.0094 ], [ 75.4154, 16.0524 ], [ 75.4194, 16.0566 ], [ 75.4449, 16.0529 ], [ 75.4452, 16.0693 ], [ 75.4312, 16.0693 ], [ 75.4279, 16.0929 ], [ 75.4358, 16.0966 ], [ 75.4389, 16.1155 ], [ 75.4159, 16.1158 ], [ 75.4119, 16.1306 ], [ 75.4046, 16.1139 ], [ 75.3554, 16.1153 ], [ 75.3544, 16.1286 ], [ 75.3278, 16.1153 ], [ 75.2758, 16.1203 ], [ 75.2923, 16.1727 ], [ 75.2843, 16.1764 ], [ 75.2888, 16.1922 ], [ 75.2854, 16.2016 ], [ 75.2807, 16.1997 ], [ 75.27, 16.2078 ], [ 75.2491, 16.2046 ], [ 75.2323, 16.2101 ], [ 75.2296, 16.2334 ], [ 75.2384, 16.251 ], [ 75.2322, 16.2502 ], [ 75.2341, 16.2595 ], [ 75.2032, 16.2728 ], [ 75.1481, 16.2824 ], [ 75.1606, 16.3181 ], [ 75.1472, 16.3159 ], [ 75.1296, 16.3309 ], [ 75.0963, 16.3249 ], [ 75.0854, 16.3308 ], [ 75.0651, 16.3267 ], [ 75.057, 16.3308 ], [ 75.0432, 16.3182 ], [ 75.0346, 16.338 ], [ 75.0351, 16.3868 ], [ 75.0396, 16.398 ], [ 75.073, 16.4044 ], [ 75.0778, 16.4378 ], [ 75.028, 16.4336 ], [ 75.0177, 16.4398 ], [ 75.0168, 16.4584 ], [ 74.9884, 16.4536 ], [ 74.9879, 16.4986 ], [ 75.001, 16.5297 ], [ 75.0076, 16.5384 ], [ 75.0668, 16.5394 ], [ 75.0713, 16.5676 ], [ 75.0844, 16.5593 ], [ 75.0902, 16.5382 ], [ 75.1104, 16.507 ], [ 75.1214, 16.5086 ], [ 75.1356, 16.5246 ], [ 75.1548, 16.5284 ], [ 75.1659, 16.5471 ], [ 75.157, 16.569 ], [ 75.1599, 16.5903 ], [ 75.1759, 16.6034 ], [ 75.219, 16.6167 ], [ 75.2523, 16.6051 ], [ 75.2586, 16.6074 ], [ 75.2553, 16.619 ], [ 75.2615, 16.6204 ], [ 75.2682, 16.641 ], [ 75.2652, 16.6931 ], [ 75.2899, 16.7158 ], [ 75.3186, 16.7186 ], [ 75.3626, 16.7144 ], [ 75.3662, 16.7601 ], [ 75.4077, 16.7615 ], [ 75.426, 16.7679 ], [ 75.4428, 16.7573 ], [ 75.4918, 16.7456 ], [ 75.4883, 16.6945 ], [ 75.4626, 16.6999 ], [ 75.4378, 16.6979 ], [ 75.4472, 16.6651 ], [ 75.4549, 16.6639 ], [ 75.4621, 16.6226 ], [ 75.4849, 16.6064 ], [ 75.4936, 16.5932 ], [ 75.4722, 16.5634 ], [ 75.4884, 16.5551 ], [ 75.4859, 16.5086 ], [ 75.4555, 16.5067 ], [ 75.4632, 16.4738 ], [ 75.4323, 16.4366 ], [ 75.4481, 16.4136 ], [ 75.4885, 16.4185 ], [ 75.4985, 16.4307 ], [ 75.4991, 16.4536 ], [ 75.5314, 16.4662 ], [ 75.5522, 16.4559 ], [ 75.5568, 16.4246 ], [ 75.5698, 16.4118 ], [ 75.5994, 16.4465 ], [ 75.637, 16.443 ], [ 75.6778, 16.4242 ], [ 75.7208, 16.391 ], [ 75.7732, 16.3832 ], [ 75.7892, 16.3741 ], [ 75.8103, 16.3703 ], [ 75.8405, 16.349 ], [ 75.8733, 16.3447 ], [ 75.8912, 16.327 ], [ 75.9304, 16.3158 ], [ 75.956, 16.2972 ], [ 76.0095, 16.3045 ], [ 76.0264, 16.3007 ], [ 76.0324, 16.2894 ], [ 76.0653, 16.2621 ], [ 76.068, 16.2437 ], [ 76.0579, 16.2277 ], [ 76.0631, 16.2105 ], [ 76.1392, 16.1811 ], [ 76.1647, 16.186 ], [ 76.2387, 16.1667 ], [ 76.2342, 16.1307 ], [ 76.2465, 16.1281 ], [ 76.2441, 16.1137 ], [ 76.2542, 16.1102 ], [ 76.2555, 16.0971 ], [ 76.2618, 16.0968 ], [ 76.2678, 16.1097 ], [ 76.3323, 16.0919 ], [ 76.328, 16.0775 ], [ 76.2938, 16.0884 ], [ 76.2572, 16.0884 ], [ 76.2588, 16.074 ], [ 76.3032, 16.0735 ], [ 76.3029, 16.0382 ], [ 76.3119, 16.0001 ], [ 76.2979, 15.9991 ], [ 76.298, 15.9895 ], [ 76.3094, 15.9572 ], [ 76.3227, 15.956 ], [ 76.329, 15.9348 ], [ 76.3132, 15.9294 ], [ 76.312, 15.9226 ], [ 76.3023, 15.9236 ], [ 76.3018, 15.9306 ], [ 76.2853, 15.929 ], [ 76.2853, 15.9027 ], [ 76.2761, 15.9038 ], [ 76.276, 15.9105 ], [ 76.2716, 15.905 ], [ 76.2621, 15.9067 ], [ 76.2569, 15.9228 ], [ 76.2299, 15.9232 ], [ 76.2266, 15.9409 ], [ 76.2004, 15.9438 ], [ 76.1997, 15.9351 ], [ 76.1723, 15.9316 ], [ 76.172, 15.9247 ], [ 76.1605, 15.9212 ], [ 76.1452, 15.8953 ], [ 76.1254, 15.8937 ], [ 76.1173, 15.8864 ], [ 76.103, 15.8939 ], [ 76.1012, 15.9006 ], [ 76.0582, 15.9073 ], [ 76.0845, 15.9961 ], [ 76.0788, 16.0108 ], [ 76.0566, 16.0118 ], [ 76.0521, 16.0033 ], [ 76.0216, 16.0092 ], [ 76.0121, 16.0021 ], [ 75.9896, 16.0052 ], [ 75.9871, 15.9959 ], [ 75.974, 15.9874 ], [ 75.979, 15.8733 ], [ 75.9727, 15.8611 ], [ 75.9663, 15.8592 ], [ 75.9634, 15.8655 ], [ 75.9444, 15.8669 ], [ 75.9415, 15.8745 ], [ 75.9283, 15.8756 ], [ 75.9271, 15.895 ], [ 75.9017, 15.9235 ], [ 75.9028, 15.9182 ], [ 75.8924, 15.916 ], [ 75.8784, 15.9316 ], [ 75.8546, 15.9355 ], [ 75.8365, 15.9256 ] ] ] } },
{ "type": "Feature", "properties": { "district": "Ballari", "did": "karnataka:Ballari", "state_key": "karnataka" }, "geometry": { "type": "Polygon", "coordinates": [ [ [ 76.6779, 14.8872 ], [ 76.6975, 14.8882 ], [ 76.7136, 14.865 ], [ 76.7117, 14.8373 ], [ 76.7406, 14.826 ], [ 76.7417, 14.8183 ], [ 76.7342, 14.8135 ], [ 76.7046, 14.8179 ], [ 76.6828, 14.8086 ], [ 76.6748, 14.7941 ], [ 76.6675, 14.7938 ], [ 76.6729, 14.7883 ], [ 76.6669, 14.7753 ], [ 76.6598, 14.7717 ], [ 76.6554, 14.7577 ], [ 76.6488, 14.7563 ], [ 76.6512, 14.7253 ], [ 76.6448, 14.713 ], [ 76.6083, 14.6876 ], [ 76.6106, 14.6687 ], [ 76.598, 14.6693 ], [ 76.5973, 14.6534 ], [ 76.6121, 14.6484 ], [ 76.596, 14.6306 ], [ 76.6009, 14.6208 ], [ 76.5851, 14.6174 ], [ 76.5675, 14.5873 ], [ 76.5506, 14.5789 ], [ 76.5344, 14.5609 ], [ 76.51, 14.5604 ], [ 76.4623, 14.5763 ], [ 76.4236, 14.5817 ], [ 76.4321, 14.6183 ], [ 76.4217, 14.6248 ], [ 76.3936, 14.6269 ], [ 76.3899, 14.6486 ], [ 76.3745, 14.6466 ], [ 76.3793, 14.662 ], [ 76.3429, 14.6657 ], [ 76.3381, 14.6857 ], [ 76.3221, 14.6924 ], [ 76.3123, 14.6872 ], [ 76.3016, 14.69 ], [ 76.2795, 14.6846 ], [ 76.2723, 14.6957 ], [ 76.2579, 14.696 ], [ 76.2569, 14.7007 ], [ 76.249, 14.6975 ], [ 76.2305, 14.6493 ], [ 76.2044, 14.6779 ], [ 76.1935, 14.682 ], [ 76.1934, 14.698 ], [ 76.1837, 14.7003 ], [ 76.1871, 14.7225 ], [ 76.1971, 14.725 ], [ 76.2009, 14.7391 ], [ 76.1923, 14.7683 ], [ 76.1809, 14.7641 ], [ 76.1689, 14.7852 ], [ 76.1494, 14.7839 ], [ 76.1429, 14.7932 ], [ 76.1464, 14.8235 ], [ 76.1533, 14.8213 ], [ 76.1606, 14.8299 ], [ 76.1761, 14.822 ], [ 76.1943, 14.8208 ], [ 76.1907, 14.8465 ], [ 76.1593, 14.8472 ], [ 76.1547, 14.8612 ], [ 76.1305, 14.8608 ], [ 76.1289, 14.8691 ], [ 76.0877, 14.8726 ], [ 76.0727, 14.8688 ], [ 76.0662, 14.884 ], [ 76.0847, 14.9134 ], [ 76.0697, 14.9089 ], [ 76.0621, 14.9158 ], [ 76.0513, 14.9162 ], [ 76.0448, 14.9319 ], [ 76.0326, 14.9245 ], [ 76.0127, 14.8963 ], [ 76.0105, 14.9052 ], [ 75.9973, 14.8981 ], [ 75.9845, 14.9082 ], [ 75.9771, 14.8984 ], [ 75.9659, 14.9085 ], [ 75.9653, 14.903 ], [ 75.94, 14.9 ], [ 75.9343, 14.892 ], [ 75.8977, 14.8808 ], [ 75.8874, 14.8686 ], [ 75.8732, 14.868 ], [ 75.8691, 14.8544 ], [ 75.8537, 14.8636 ], [ 75.8539, 14.8836 ], [ 75.8448, 14.8898 ], [ 75.8322, 14.8835 ], [ 75.8257, 14.8992 ], [ 75.816, 14.8998 ], [ 75.8017, 14.8689 ], [ 75.8111, 14.8293 ], [ 75.818, 14.8345 ], [ 75.8331, 14.8131 ], [ 75.827, 14.7818 ], [ 75.7988, 14.7689 ], [ 75.7729, 14.7916 ], [ 75.7715, 14.7823 ], [ 75.7598, 14.7757 ], [ 75.7562, 14.7388 ], [ 75.7192, 14.72 ], [ 75.7071, 14.7227 ], [ 75.7021, 14.7306 ], [ 75.7206, 14.7511 ], [ 75.7224, 14.7719 ], [ 75.7134, 14.7788 ], [ 75.6918, 14.7823 ], [ 75.6777, 14.798 ], [ 75.6636, 14.8035 ], [ 75.6903, 14.8568 ], [ 75.6937, 14.8589 ], [ 75.6952, 14.8522 ], [ 75.7125, 14.8527 ], [ 75.7216, 14.8642 ], [ 75.7327, 14.8636 ], [ 75.7391, 14.8873 ], [ 75.7281, 14.8975 ], [ 75.6962, 14.8921 ], [ 75.6834, 14.9409 ], [ 75.7203, 14.9512 ], [ 75.7416, 14.945 ], [ 75.7607, 14.9684 ], [ 75.7792, 14.9772 ], [ 75.7848, 15.0023 ], [ 75.8077, 15.0245 ], [ 75.8333, 15.0287 ], [ 75.8385, 15.0416 ], [ 75.8461, 15.0449 ], [ 75.8595, 15.0364 ], [ 75.8739, 15.0353 ], [ 75.8837, 15.0523 ], [ 75.9035, 15.0567 ], [ 75.9088, 15.0767 ], [ 75.8849, 15.1076 ], [ 75.9009, 15.1215 ], [ 75.9023, 15.1317 ], [ 75.9281, 15.1419 ], [ 75.9542, 15.1379 ], [ 75.9785, 15.1528 ], [ 76.0248, 15.1427 ], [ 76.0414, 15.1444 ], [ 76.0568, 15.157 ], [ 76.0937, 15.1628 ], [ 76.1034, 15.1684 ], [ 76.1117, 15.1986 ], [ 76.125, 15.2034 ], [ 76.1559, 15.1958 ], [ 76.1599, 15.2149 ], [ 76.1875, 15.235 ], [ 76.2312, 15.2313 ], [ 76.2188, 15.1966 ], [ 76.2297, 15.1884 ], [ 76.249, 15.1907 ], [ 76.2572, 15.2063 ], [ 76.2682, 15.2066 ], [ 76.2913, 15.223 ], [ 76.3028, 15.2557 ], [ 76.3197, 15.2644 ], [ 76.3336, 15.2636 ], [ 76.3507, 15.3104 ], [ 76.364, 15.3284 ], [ 76.3889, 15.3308 ], [ 76.4046, 15.3257 ], [ 76.4318, 15.3391 ], [ 76.4506, 15.3392 ], [ 76.4772, 15.3495 ], [ 76.4933, 15.345 ], [ 76.555, 15.3967 ], [ 76.5923, 15.413 ], [ 76.6123, 15.4428 ], [ 76.6674, 15.4504 ], [ 76.6824, 15.4703 ], [ 76.709, 15.4885 ], [ 76.7785, 15.4925 ], [ 76.797, 15.5011 ], [ 76.8122, 15.5147 ], [ 76.8107, 15.5474 ], [ 76.8347, 15.5643 ], [ 76.8336, 15.6267 ], [ 76.8576, 15.6424 ], [ 76.8894, 15.6849 ], [ 76.9169, 15.6997 ], [ 76.9223, 15.7281 ], [ 76.9428, 15.7619 ], [ 76.967, 15.7743 ], [ 77.0252, 15.8375 ], [ 77.0359, 15.8296 ], [ 77.0631, 15.8296 ], [ 77.0672, 15.7877 ], [ 77.0609, 15.7863 ], [ 77.0569, 15.7687 ], [ 77.0523, 15.7699 ], [ 77.0565, 15.7628 ], [ 77.0543, 15.7562 ], [ 77.048, 15.7562 ], [ 77.0459, 15.7404 ], [ 77.0491, 15.7303 ], [ 77.0797, 15.7275 ], [ 77.0789, 15.7163 ], [ 77.0874, 15.7155 ], [ 77.0787, 15.6951 ], [ 77.1092, 15.6815 ], [ 77.1201, 15.6676 ], [ 77.1289, 15.6659 ], [ 77.1214, 15.6311 ], [ 77.1062, 15.6374 ], [ 77.1014, 15.6485 ], [ 77.0832, 15.6591 ], [ 77.0717, 15.6467 ], [ 77.0304, 15.6345 ], [ 77.03, 15.5026 ], [ 76.9745, 15.5105 ], [ 76.9738, 15.4995 ], [ 76.9771, 15.4898 ], [ 76.9973, 15.478 ], [ 77.0108, 15.4487 ], [ 77.0335, 15.4329 ], [ 77.0292, 15.4044 ], [ 77.0472, 15.39 ], [ 77.0418, 15.3619 ], [ 77.0649, 15.3436 ], [ 77.0637, 15.328 ], [ 77.0744, 15.3259 ], [ 77.1131, 15.3337 ], [ 77.1184, 15.2949 ], [ 77.1516, 15.2924 ], [ 77.1471, 15.2729 ], [ 77.1669, 15.2686 ], [ 77.1677, 15.2585 ], [ 77.1438, 15.2572 ], [ 77.1362, 15.241 ], [ 77.1264, 15.2404 ], [ 77.1251, 15.2269 ], [ 77.1477, 15.2239 ], [ 77.1659, 15.1894 ], [ 77.1691, 15.1713 ], [ 77.1628, 15.1574 ], [ 77.1408, 15.1586 ], [ 77.1347, 15.1483 ], [ 77.1379, 15.1435 ], [ 77.1573, 15.1405 ], [ 77.1563, 15.1229 ], [ 77.1421, 15.1046 ], [ 77.1301, 15.1008 ], [ 77.1282, 15.0723 ], [ 77.1129, 15.0341 ], [ 77.0937, 15.0361 ], [ 77.0909, 15.0293 ], [ 77.0847, 15.0307 ], [ 77.0825, 15.0061 ], [ 77.072, 15.0046 ], [ 77.0441, 15.0098 ], [ 77.0496, 15.0331 ], [ 77.0041, 15.0338 ], [ 76.986, 15.0265 ], [ 76.9852, 15.0152 ], [ 76.9659, 15.018 ], [ 76.9496, 15.0304 ], [ 76.9222, 15.0313 ], [ 76.9184, 15.0355 ], [ 76.9072, 15.0325 ], [ 76.895, 15.0371 ], [ 76.8772, 15.0302 ], [ 76.8659, 15.0597 ], [ 76.836, 15.0792 ], [ 76.8238, 15.08 ], [ 76.797, 15.0943 ], [ 76.786, 15.0878 ], [ 76.7821, 15.0773 ], [ 76.7767, 15.0784 ], [ 76.7736, 15.0591 ], [ 76.7901, 15.0207 ], [ 76.7871, 15.0079 ], [ 76.7787, 15.0046 ], [ 76.7724, 14.9908 ], [ 76.7508, 14.9832 ], [ 76.7341, 14.9854 ], [ 76.7275, 14.9974 ], [ 76.7361, 15.0229 ], [ 76.7301, 15.0328 ], [ 76.7037, 15.0334 ], [ 76.7016, 15.0161 ], [ 76.686, 15.0188 ], [ 76.6881, 15.025 ], [ 76.6726, 15.0206 ], [ 76.6887, 14.9786 ], [ 76.7114, 14.9757 ], [ 76.7171, 14.9682 ], [ 76.7167, 14.9476 ], [ 76.7128, 14.9395 ], [ 76.706, 14.9423 ], [ 76.7068, 14.931 ], [ 76.6971, 14.9276 ], [ 76.6793, 14.9388 ], [ 76.6598, 14.9418 ], [ 76.6653, 14.9158 ], [ 76.6773, 14.9112 ], [ 76.6779, 14.8872 ] ] ] } },
{ "type": "Feature", "properties": { "district": "Belagavi", "did": "karnataka:Belagavi", "state_key": "karnataka" }, "geometry": { "type": "MultiPolygon", "coordinates": [ [ [ [ 74.7271, 15.4881 ], [ 74.7319, 15.4709 ], [ 74.7444, 15.4635 ], [ 74.7296, 15.4315 ], [ 74.7408, 15.411 ], [ 74.6994, 15.41 ], [ 74.6896, 15.3979 ], [ 74.6493, 15.39 ], [ 74.6324, 15.367 ], [ 74.6139, 15.3585 ], [ 74.5683, 15.4024 ], [ 74.5447, 15.4168 ], [ 74.5353, 15.4187 ], [ 74.5169, 15.4023 ], [ 74.5028, 15.4037 ], [ 74.4826, 15.3958 ], [ 74.4726, 15.3978 ], [ 74.4645, 15.4151 ], [ 74.4565, 15.4031 ], [ 74.4458, 15.4067 ], [ 74.4264, 15.3984 ], [ 74.4219, 15.4636 ], [ 74.4133, 15.4739 ], [ 74.3867, 15.4841 ], [ 74.3748, 15.4808 ], [ 74.3425, 15.518 ], [ 74.2782, 15.5228 ], [ 74.2827, 15.5314 ], [ 74.2779, 15.5461 ], [ 74.2617, 15.5649 ], [ 74.2583, 15.5617 ], [ 74.2452, 15.5666 ], [ 74.2602, 15.5926 ], [ 74.2643, 15.6155 ], [ 74.2537, 15.6267 ], [ 74.2483, 15.6229 ], [ 74.2442, 15.6261 ], [ 74.252, 15.6543 ], [ 74.2364, 15.6686 ], [ 74.2284, 15.6644 ], [ 74.2238, 15.669 ], [ 74.2151, 15.6629 ], [ 74.2222, 15.6556 ], [ 74.2051, 15.651 ], [ 74.2041, 15.6637 ], [ 74.1868, 15.6674 ], [ 74.1899, 15.6791 ], [ 74.1815, 15.6821 ], [ 74.1674, 15.672 ], [ 74.1644, 15.6535 ], [ 74.1355, 15.6484 ], [ 74.1019, 15.6584 ], [ 74.0883, 15.6699 ], [ 74.0914, 15.6746 ], [ 74.1088, 15.6727 ], [ 74.1258, 15.681 ], [ 74.1321, 15.7024 ], [ 74.1222, 15.7207 ], [ 74.151, 15.7358 ], [ 74.1616, 15.7513 ], [ 74.1895, 15.7521 ], [ 74.2014, 15.7586 ], [ 74.209, 15.7813 ], [ 74.221, 15.786 ], [ 74.2335, 15.787 ], [ 74.2265, 15.7626 ], [ 74.2403, 15.7433 ], [ 74.254, 15.7452 ], [ 74.2683, 15.7547 ], [ 74.2873, 15.742 ], [ 74.3079, 15.7485 ], [ 74.3231, 15.7727 ], [ 74.3457, 15.7646 ], [ 74.3584, 15.7748 ], [ 74.372, 15.7982 ], [ 74.3699, 15.8115 ], [ 74.3606, 15.8178 ], [ 74.381, 15.8354 ], [ 74.3831, 15.8491 ], [ 74.345, 15.8504 ], [ 74.3382, 15.8549 ], [ 74.3633, 15.8749 ], [ 74.3647, 15.8939 ], [ 74.3686, 15.8944 ], [ 74.3881, 15.8543 ], [ 74.3975, 15.8511 ], [ 74.4062, 15.8554 ], [ 74.4064, 15.8644 ], [ 74.3928, 15.8784 ], [ 74.3934, 15.9 ], [ 74.3869, 15.905 ], [ 74.4308, 15.9566 ], [ 74.4632, 16.0392 ], [ 74.4565, 16.0411 ], [ 74.463, 16.0416 ], [ 74.4622, 16.0498 ], [ 74.4297, 16.0592 ], [ 74.4055, 16.0518 ], [ 74.381, 16.0355 ], [ 74.3734, 16.0364 ], [ 74.369, 16.0392 ], [ 74.3773, 16.0551 ], [ 74.3613, 16.0538 ], [ 74.3722, 16.0782 ], [ 74.3836, 16.0829 ], [ 74.3909, 16.0805 ], [ 74.39, 16.0895 ], [ 74.407, 16.0935 ], [ 74.41, 16.1021 ], [ 74.4276, 16.112 ], [ 74.4587, 16.1038 ], [ 74.4816, 16.0889 ], [ 74.4912, 16.1043 ], [ 74.4798, 16.1471 ], [ 74.4884, 16.1573 ], [ 74.4938, 16.1864 ], [ 74.5062, 16.1902 ], [ 74.508, 16.2023 ], [ 74.4959, 16.2143 ], [ 74.5031, 16.2254 ], [ 74.4805, 16.2501 ], [ 74.4686, 16.2402 ], [ 74.4561, 16.2439 ], [ 74.4548, 16.2534 ], [ 74.4356, 16.2511 ], [ 74.4358, 16.2588 ], [ 74.4176, 16.258 ], [ 74.4159, 16.2801 ], [ 74.4105, 16.2831 ], [ 74.3826, 16.2774 ], [ 74.3806, 16.262 ], [ 74.373, 16.2616 ], [ 74.3548, 16.2926 ], [ 74.343, 16.2907 ], [ 74.3536, 16.2831 ], [ 74.3505, 16.2754 ], [ 74.3438, 16.2781 ], [ 74.3384, 16.2714 ], [ 74.3333, 16.276 ], [ 74.3341, 16.2688 ], [ 74.3249, 16.2718 ], [ 74.3208, 16.2845 ], [ 74.328, 16.2932 ], [ 74.342, 16.2912 ], [ 74.3425, 16.298 ], [ 74.3359, 16.3071 ], [ 74.3319, 16.3053 ], [ 74.3332, 16.3135 ], [ 74.3252, 16.3137 ], [ 74.3287, 16.3237 ], [ 74.3166, 16.3266 ], [ 74.3225, 16.3344 ], [ 74.3153, 16.3401 ], [ 74.327, 16.3425 ], [ 74.3176, 16.3531 ], [ 74.3248, 16.3599 ], [ 74.3172, 16.381 ], [ 74.3248, 16.3783 ], [ 74.3275, 16.3915 ], [ 74.3359, 16.3937 ], [ 74.3473, 16.3683 ], [ 74.3534, 16.3664 ], [ 74.3637, 16.4051 ], [ 74.3351, 16.4014 ], [ 74.3289, 16.419 ], [ 74.3367, 16.4288 ], [ 74.3326, 16.4548 ], [ 74.3125, 16.4532 ], [ 74.297, 16.4645 ], [ 74.2893, 16.463 ], [ 74.2909, 16.5049 ], [ 74.2797, 16.5048 ], [ 74.2744, 16.4856 ], [ 74.2608, 16.4801 ], [ 74.2474, 16.4969 ], [ 74.2782, 16.5049 ], [ 74.2761, 16.5213 ], [ 74.2697, 16.5222 ], [ 74.2641, 16.5398 ], [ 74.2724, 16.5477 ], [ 74.2811, 16.5411 ], [ 74.2831, 16.5246 ], [ 74.2916, 16.5339 ], [ 74.3014, 16.5293 ], [ 74.3061, 16.5037 ], [ 74.3151, 16.5046 ], [ 74.3157, 16.5545 ], [ 74.3252, 16.5563 ], [ 74.3397, 16.5478 ], [ 74.3562, 16.5597 ], [ 74.3579, 16.5383 ], [ 74.3798, 16.5286 ], [ 74.3871, 16.5362 ], [ 74.3869, 16.5599 ], [ 74.3966, 16.5833 ], [ 74.4221, 16.5845 ], [ 74.4354, 16.6011 ], [ 74.4667, 16.6068 ], [ 74.4658, 16.6247 ], [ 74.4548, 16.6473 ], [ 74.4687, 16.6638 ], [ 74.489, 16.6301 ], [ 74.5445, 16.6355 ], [ 74.5435, 16.5953 ], [ 74.5588, 16.5947 ], [ 74.5669, 16.5854 ], [ 74.5548, 16.5645 ], [ 74.5685, 16.5539 ], [ 74.5846, 16.5591 ], [ 74.5879, 16.5661 ], [ 74.599, 16.5643 ], [ 74.6095, 16.5696 ], [ 74.6188, 16.5841 ], [ 74.6286, 16.5777 ], [ 74.6359, 16.5839 ], [ 74.6334, 16.6004 ], [ 74.64, 16.6105 ], [ 74.66, 16.6029 ], [ 74.6738, 16.6092 ], [ 74.687, 16.6068 ], [ 74.6876, 16.6179 ], [ 74.6535, 16.6388 ], [ 74.6652, 16.6657 ], [ 74.6795, 16.6662 ], [ 74.679, 16.6731 ], [ 74.6896, 16.677 ], [ 74.6808, 16.6859 ], [ 74.6894, 16.6865 ], [ 74.691, 16.7155 ], [ 74.7321, 16.7183 ], [ 74.772, 16.7507 ], [ 74.7957, 16.7477 ], [ 74.7987, 16.7537 ], [ 74.8445, 16.7618 ], [ 74.8498, 16.7728 ], [ 74.8657, 16.7634 ], [ 74.8694, 16.7741 ], [ 74.9201, 16.7725 ], [ 74.9108, 16.7895 ], [ 74.9103, 16.8351 ], [ 74.9015, 16.8626 ], [ 74.9265, 16.8635 ], [ 74.9255, 16.872 ], [ 74.9352, 16.8711 ], [ 74.9359, 16.8792 ], [ 74.9604, 16.8809 ], [ 74.9636, 16.9097 ], [ 74.9553, 16.9053 ], [ 74.9549, 16.9102 ], [ 74.9444, 16.9108 ], [ 74.9327, 16.9189 ], [ 74.9342, 16.9242 ], [ 74.9218, 16.9299 ], [ 74.9232, 16.9393 ], [ 74.9317, 16.9448 ], [ 74.9645, 16.9268 ], [ 74.9602, 16.9373 ], [ 74.9675, 16.9416 ], [ 74.9644, 16.9476 ], [ 74.9929, 16.9521 ], [ 75.0266, 16.9441 ], [ 75.0252, 16.928 ], [ 75.0445, 16.9417 ], [ 75.062, 16.9415 ], [ 75.0744, 16.95 ], [ 75.0893, 16.9516 ], [ 75.0963, 16.9137 ], [ 75.1175, 16.9134 ], [ 75.1203, 16.9025 ], [ 75.1348, 16.8947 ], [ 75.1365, 16.8745 ], [ 75.1766, 16.8677 ], [ 75.189, 16.8753 ], [ 75.1818, 16.8434 ], [ 75.2142, 16.8417 ], [ 75.2276, 16.8432 ], [ 75.2377, 16.8679 ], [ 75.2647, 16.8628 ], [ 75.282, 16.8803 ], [ 75.2899, 16.904 ], [ 75.2794, 16.9233 ], [ 75.2796, 16.9566 ], [ 75.3416, 16.9562 ], [ 75.3342, 16.9124 ], [ 75.3356, 16.8694 ], [ 75.3538, 16.8711 ], [ 75.3949, 16.8631 ], [ 75.3789, 16.8241 ], [ 75.3844, 16.7634 ], [ 75.3662, 16.7601 ], [ 75.3626, 16.7144 ], [ 75.3186, 16.7186 ], [ 75.2879, 16.7151 ], [ 75.2646, 16.6916 ], [ 75.2682, 16.641 ], [ 75.2615, 16.6204 ], [ 75.2553, 16.619 ], [ 75.2586, 16.6074 ], [ 75.2523, 16.6051 ], [ 75.2213, 16.6169 ], [ 75.171, 16.6004 ], [ 75.157, 16.5838 ], [ 75.1659, 16.5509 ], [ 75.162, 16.5345 ], [ 75.1524, 16.5271 ], [ 75.1332, 16.5233 ], [ 75.1195, 16.5077 ], [ 75.1053, 16.511 ], [ 75.0868, 16.5554 ], [ 75.0713, 16.5676 ], [ 75.0668, 16.5394 ], [ 75.0076, 16.5384 ], [ 74.9885, 16.501 ], [ 74.9865, 16.4631 ], [ 74.9913, 16.4628 ], [ 74.9884, 16.4536 ], [ 75.0168, 16.4584 ], [ 75.0177, 16.4398 ], [ 75.028, 16.4336 ], [ 75.0778, 16.4378 ], [ 75.073, 16.4044 ], [ 75.0396, 16.398 ], [ 75.0351, 16.3868 ], [ 75.0346, 16.338 ], [ 75.0432, 16.3182 ], [ 75.0559, 16.3304 ], [ 75.0651, 16.3267 ], [ 75.0762, 16.3316 ], [ 75.0963, 16.3249 ], [ 75.1296, 16.3309 ], [ 75.1486, 16.3154 ], [ 75.1594, 16.3208 ], [ 75.1481, 16.2824 ], [ 75.2032, 16.2728 ], [ 75.2341, 16.2595 ], [ 75.2322, 16.2502 ], [ 75.2384, 16.251 ], [ 75.2296, 16.2334 ], [ 75.2323, 16.2101 ], [ 75.2491, 16.2046 ], [ 75.2688, 16.208 ], [ 75.2859, 16.2012 ], [ 75.2843, 16.1764 ], [ 75.2923, 16.1727 ], [ 75.2758, 16.1203 ], [ 75.3278, 16.1153 ], [ 75.3544, 16.1286 ], [ 75.3554, 16.1153 ], [ 75.4046, 16.1139 ], [ 75.4119, 16.1306 ], [ 75.4159, 16.1158 ], [ 75.4389, 16.1155 ], [ 75.4358, 16.0966 ], [ 75.4279, 16.0929 ], [ 75.4312, 16.0693 ], [ 75.4452, 16.0693 ], [ 75.4449, 16.0529 ], [ 75.4194, 16.0566 ], [ 75.4155, 16.04 ], [ 75.4165, 16.0328 ], [ 75.4233, 16.0329 ], [ 75.4261, 16.0094 ], [ 75.4378, 16.003 ], [ 75.4316, 15.9754 ], [ 75.4396, 15.9665 ], [ 75.4249, 15.9214 ], [ 75.4415, 15.9186 ], [ 75.4379, 15.8936 ], [ 75.4466, 15.8931 ], [ 75.4433, 15.8892 ], [ 75.4539, 15.881 ], [ 75.4578, 15.8185 ], [ 75.4472, 15.7938 ], [ 75.4401, 15.7953 ], [ 75.4372, 15.7787 ], [ 75.4142, 15.7848 ], [ 75.4246, 15.8419 ], [ 75.3903, 15.8378 ], [ 75.3749, 15.8453 ], [ 75.3647, 15.8049 ], [ 75.3411, 15.8048 ], [ 75.3393, 15.8276 ], [ 75.3299, 15.824 ], [ 75.3328, 15.8163 ], [ 75.3249, 15.8112 ], [ 75.3036, 15.8126 ], [ 75.3061, 15.766 ], [ 75.3183, 15.7645 ], [ 75.3183, 15.7449 ], [ 75.3142, 15.73 ], [ 75.2996, 15.7276 ], [ 75.2931, 15.7282 ], [ 75.2938, 15.741 ], [ 75.2746, 15.7404 ], [ 75.2789, 15.6885 ], [ 75.2737, 15.6487 ], [ 75.2491, 15.647 ], [ 75.2363, 15.679 ], [ 75.2179, 15.677 ], [ 75.2177, 15.6816 ], [ 75.2026, 15.6815 ], [ 75.2027, 15.6491 ], [ 75.1872, 15.649 ], [ 75.184, 15.6576 ], [ 75.1713, 15.6605 ], [ 75.1324, 15.6601 ], [ 75.1082, 15.672 ], [ 75.0918, 15.6079 ], [ 75.0807, 15.6229 ], [ 75.0639, 15.6257 ], [ 75.0563, 15.6325 ], [ 75.0632, 15.6693 ], [ 75.0598, 15.6821 ], [ 75.0498, 15.6825 ], [ 75.0467, 15.6706 ], [ 75.0283, 15.6698 ], [ 75.028, 15.6518 ], [ 75.0194, 15.6439 ], [ 74.9663, 15.6543 ], [ 74.9651, 15.6272 ], [ 74.9327, 15.6236 ], [ 74.9022, 15.6319 ], [ 74.8873, 15.6297 ], [ 74.8789, 15.6179 ], [ 74.8305, 15.6103 ], [ 74.8299, 15.5903 ], [ 74.8409, 15.5747 ], [ 74.8224, 15.5685 ], [ 74.7979, 15.5485 ], [ 74.8139, 15.505 ], [ 74.8035, 15.503 ], [ 74.8058, 15.498 ], [ 74.798, 15.4977 ], [ 74.7959, 15.4875 ], [ 74.7869, 15.4861 ], [ 74.7886, 15.474 ], [ 74.7783, 15.4593 ], [ 74.7646, 15.4739 ], [ 74.7611, 15.4705 ], [ 74.7486, 15.4962 ], [ 74.7271, 15.4881 ] ] ], [ [ [ 74.3134, 15.7964 ], [ 74.3018, 15.7873 ], [ 74.2933, 15.7953 ], [ 74.2898, 15.7877 ], [ 74.2854, 15.7879 ], [ 74.2665, 15.7978 ], [ 74.269, 15.8166 ], [ 74.2617, 15.8296 ], [ 74.2912, 15.8321 ], [ 74.3134, 15.7964 ] ] ] ] } },
{ "type": "Feature", "properties": { "district": "Bengaluru Rural", "did": "karnataka:Bengaluru Rural", "state_key": "karnataka" }, "geometry": { "type": "Polygon", "coordinates": [ [ [ 77.8909, 13.2345 ], [ 77.9139, 13.2319 ], [ 77.9141, 13.2397 ], [ 77.929, 13.2382 ], [ 77.935, 13.2461 ], [ 77.9456, 13.2437 ], [ 77.9486, 13.25 ], [ 77.9649, 13.244 ], [ 77.9639, 13.2328 ], [ 77.9452, 13.2142 ], [ 77.9579, 13.2187 ], [ 77.9551, 13.2009 ], [ 77.9606, 13.2002 ], [ 77.9638, 13.1893 ], [ 77.953, 13.1606 ], [ 77.9588, 13.1574 ], [ 77.9577, 13.1303 ], [ 77.9562, 13.1263 ], [ 77.9393, 13.1251 ], [ 77.9373, 13.1081 ], [ 77.9154, 13.119 ], [ 77.9141, 13.1111 ], [ 77.9013, 13.1024 ], [ 77.9161, 13.0876 ], [ 77.9133, 13.0808 ], [ 77.927, 13.0827 ], [ 77.9262, 13.0759 ], [ 77.9318, 13.074 ], [ 77.9396, 13.0836 ], [ 77.9415, 13.0688 ], [ 77.9282, 13.0684 ], [ 77.9137, 13.0484 ], [ 77.8939, 13.0538 ], [ 77.8888, 13.0454 ], [ 77.8872, 13.0371 ], [ 77.8933, 13.035 ], [ 77.8859, 13.0086 ], [ 77.8741, 12.9976 ], [ 77.8714, 12.9729 ], [ 77.8647, 12.9736 ], [ 77.8716, 12.9598 ], [ 77.8707, 12.9371 ], [ 77.851, 12.9321 ], [ 77.8396, 12.9222 ], [ 77.8422, 12.914 ], [ 77.8619, 12.9143 ], [ 77.8523, 12.8909 ], [ 77.8557, 12.8762 ], [ 77.8664, 12.8761 ], [ 77.8677, 12.8681 ], [ 77.8509, 12.8661 ], [ 77.8296, 12.8775 ], [ 77.8298, 12.8894 ], [ 77.8162, 12.9147 ], [ 77.8168, 12.9214 ], [ 77.8299, 12.9196 ], [ 77.8323, 12.9266 ], [ 77.8163, 12.9264 ], [ 77.811, 12.9331 ], [ 77.7975, 12.9182 ], [ 77.7981, 12.9252 ], [ 77.7788, 12.9289 ], [ 77.7754, 12.9387 ], [ 77.7651, 12.9425 ], [ 77.7726, 12.9511 ], [ 77.7671, 12.9594 ], [ 77.7792, 12.9702 ], [ 77.7713, 13.0142 ], [ 77.7811, 13.0338 ], [ 77.7603, 13.0738 ], [ 77.7596, 13.0818 ], [ 77.7669, 13.0846 ], [ 77.765, 13.1078 ], [ 77.75, 13.1163 ], [ 77.7323, 13.1148 ], [ 77.7337, 13.1235 ], [ 77.7245, 13.1266 ], [ 77.7326, 13.1594 ], [ 77.7256, 13.1927 ], [ 77.7121, 13.1962 ], [ 77.7074, 13.1898 ], [ 77.6985, 13.1894 ], [ 77.6843, 13.2034 ], [ 77.6867, 13.1933 ], [ 77.663, 13.184 ], [ 77.6545, 13.1881 ], [ 77.6604, 13.2009 ], [ 77.6475, 13.2003 ], [ 77.6174, 13.2105 ], [ 77.6001, 13.1965 ], [ 77.5743, 13.1987 ], [ 77.5668, 13.2014 ], [ 77.5695, 13.2161 ], [ 77.5566, 13.2192 ], [ 77.5593, 13.2323 ], [ 77.5432, 13.2328 ], [ 77.5369, 13.219 ], [ 77.5266, 13.2211 ], [ 77.5223, 13.2088 ], [ 77.5114, 13.2286 ], [ 77.4799, 13.2234 ], [ 77.4679, 13.1625 ], [ 77.4318, 13.1651 ], [ 77.4086, 13.1237 ], [ 77.3976, 13.1235 ], [ 77.3929, 13.1176 ], [ 77.4013, 13.1181 ], [ 77.4009, 13.1117 ], [ 77.4179, 13.1049 ], [ 77.416, 13.0932 ], [ 77.4205, 13.0865 ], [ 77.4288, 13.0865 ], [ 77.4237, 13.0703 ], [ 77.3977, 13.0732 ], [ 77.3837, 13.0674 ], [ 77.383, 13.0572 ], [ 77.394, 13.0529 ], [ 77.3891, 13.0265 ], [ 77.3756, 13.0288 ], [ 77.3757, 13.0149 ], [ 77.3692, 13.0082 ], [ 77.3718, 12.9921 ], [ 77.3559, 12.986 ], [ 77.3525, 12.9762 ], [ 77.3381, 12.9728 ], [ 77.3373, 12.9778 ], [ 77.3287, 12.9776 ], [ 77.3219, 13.0079 ], [ 77.3278, 13.0089 ], [ 77.3292, 13.0499 ], [ 77.3111, 13.0463 ], [ 77.3097, 13.0529 ], [ 77.3143, 13.1061 ], [ 77.2928, 13.1101 ], [ 77.2847, 13.1344 ], [ 77.2791, 13.1338 ], [ 77.2765, 13.1194 ], [ 77.2684, 13.1189 ], [ 77.2671, 13.1427 ], [ 77.2739, 13.1398 ], [ 77.275, 13.1526 ], [ 77.2175, 13.1449 ], [ 77.2163, 13.1616 ], [ 77.2036, 13.1845 ], [ 77.2075, 13.1966 ], [ 77.201, 13.1945 ], [ 77.1941, 13.2243 ], [ 77.1827, 13.2291 ], [ 77.1925, 13.2436 ], [ 77.1835, 13.2574 ], [ 77.1884, 13.2764 ], [ 77.2046, 13.2623 ], [ 77.2193, 13.2629 ], [ 77.229, 13.3133 ], [ 77.2494, 13.3017 ], [ 77.2547, 13.3089 ], [ 77.2698, 13.3112 ], [ 77.2753, 13.2977 ], [ 77.2817, 13.2973 ], [ 77.2812, 13.3104 ], [ 77.3087, 13.3106 ], [ 77.3119, 13.3221 ], [ 77.3293, 13.3304 ], [ 77.3385, 13.3291 ], [ 77.3438, 13.3397 ], [ 77.3459, 13.4176 ], [ 77.3585, 13.4148 ], [ 77.3629, 13.42 ], [ 77.362, 13.4369 ], [ 77.3484, 13.4466 ], [ 77.3486, 13.4572 ], [ 77.3734, 13.47 ], [ 77.3702, 13.4782 ], [ 77.3847, 13.4991 ], [ 77.4155, 13.492 ], [ 77.4156, 13.4861 ], [ 77.4248, 13.4816 ], [ 77.4229, 13.4719 ], [ 77.4344, 13.4687 ], [ 77.433, 13.464 ], [ 77.4461, 13.4616 ], [ 77.4581, 13.4691 ], [ 77.4613, 13.4629 ], [ 77.4715, 13.4694 ], [ 77.5047, 13.4578 ], [ 77.5041, 13.4455 ], [ 77.5159, 13.4439 ], [ 77.5225, 13.4315 ], [ 77.5484, 13.4359 ], [ 77.5515, 13.4196 ], [ 77.5914, 13.4188 ], [ 77.5898, 13.4363 ], [ 77.5996, 13.4361 ], [ 77.6031, 13.4413 ], [ 77.6075, 13.4252 ], [ 77.6154, 13.4211 ], [ 77.5992, 13.4151 ], [ 77.6024, 13.3982 ], [ 77.6074, 13.4072 ], [ 77.6191, 13.4024 ], [ 77.6128, 13.3871 ], [ 77.6209, 13.3847 ], [ 77.6209, 13.3754 ], [ 77.6339, 13.3759 ], [ 77.6385, 13.3938 ], [ 77.6478, 13.3918 ], [ 77.6576, 13.3978 ], [ 77.652, 13.387 ], [ 77.662, 13.3775 ], [ 77.6559, 13.3582 ], [ 77.6671, 13.348 ], [ 77.6799, 13.3449 ], [ 77.6843, 13.3519 ], [ 77.6999, 13.3374 ], [ 77.6987, 13.359 ], [ 77.711, 13.3662 ], [ 77.7167, 13.3656 ], [ 77.7164, 13.3518 ], [ 77.7285, 13.3517 ], [ 77.7265, 13.3633 ], [ 77.7439, 13.3538 ], [ 77.7428, 13.3603 ], [ 77.7541, 13.3638 ], [ 77.7747, 13.3531 ], [ 77.789, 13.3518 ], [ 77.7964, 13.3407 ], [ 77.8102, 13.3383 ], [ 77.8272, 13.327 ], [ 77.8173, 13.3102 ], [ 77.8102, 13.3101 ], [ 77.8144, 13.3043 ], [ 77.8276, 13.3055 ], [ 77.8296, 13.2907 ], [ 77.8159, 13.2976 ], [ 77.8088, 13.2615 ], [ 77.821, 13.2582 ], [ 77.8076, 13.2431 ], [ 77.8144, 13.2395 ], [ 77.8213, 13.2526 ], [ 77.8508, 13.2411 ], [ 77.85, 13.2195 ], [ 77.8583, 13.2204 ], [ 77.8636, 13.2411 ], [ 77.8766, 13.2343 ], [ 77.8741, 13.2439 ], [ 77.8886, 13.2508 ], [ 77.8908, 13.2576 ], [ 77.9056, 13.2506 ], [ 77.8909, 13.2345 ] ] ] } },
{ "type": "Feature", "properties": { "district": "Bengaluru Urban", "did": "karnataka:Bengaluru Urban", "state_key": "karnataka" }, "geometry": { "type": "Polygon", "coordinates": [ [ [ 77.7754, 12.9387 ], [ 77.7788, 12.9289 ], [ 77.7981, 12.9252 ], [ 77.7975, 12.9182 ], [ 77.811, 12.9331 ], [ 77.8163, 12.9264 ], [ 77.8323, 12.9266 ], [ 77.8299, 12.9196 ], [ 77.8168, 12.9214 ], [ 77.8162, 12.9147 ], [ 77.836, 12.8706 ], [ 77.8325, 12.862 ], [ 77.8079, 12.8477 ], [ 77.7991, 12.8515 ], [ 77.7925, 12.8427 ], [ 77.7959, 12.8345 ], [ 77.8099, 12.8315 ], [ 77.8099, 12.8155 ], [ 77.8022, 12.817 ], [ 77.7997, 12.8052 ], [ 77.8085, 12.7967 ], [ 77.7986, 12.7951 ], [ 77.7788, 12.7678 ], [ 77.7944, 12.7576 ], [ 77.793, 12.7482 ], [ 77.7633, 12.7369 ], [ 77.7611, 12.7275 ], [ 77.7745, 12.7242 ], [ 77.7618, 12.6976 ], [ 77.7375, 12.6977 ], [ 77.7392, 12.6725 ], [ 77.7246, 12.6712 ], [ 77.7228, 12.6796 ], [ 77.7116, 12.6831 ], [ 77.711, 12.6671 ], [ 77.7042, 12.6614 ], [ 77.6787, 12.6604 ], [ 77.6764, 12.6795 ], [ 77.6599, 12.6838 ], [ 77.5989, 12.6672 ], [ 77.5973, 12.6574 ], [ 77.5955, 12.6685 ], [ 77.6154, 12.7092 ], [ 77.5941, 12.7221 ], [ 77.5674, 12.7011 ], [ 77.5558, 12.7327 ], [ 77.5689, 12.7298 ], [ 77.5761, 12.7521 ], [ 77.5947, 12.7523 ], [ 77.5979, 12.7635 ], [ 77.5905, 12.7818 ], [ 77.5804, 12.7872 ], [ 77.5708, 12.778 ], [ 77.5716, 12.7649 ], [ 77.5655, 12.7589 ], [ 77.5561, 12.7769 ], [ 77.5628, 12.7871 ], [ 77.5547, 12.7886 ], [ 77.5569, 12.7991 ], [ 77.5449, 12.7986 ], [ 77.5488, 12.786 ], [ 77.544, 12.776 ], [ 77.5523, 12.7722 ], [ 77.5463, 12.7701 ], [ 77.5407, 12.7502 ], [ 77.5346, 12.7562 ], [ 77.5213, 12.7324 ], [ 77.5209, 12.7444 ], [ 77.5138, 12.7502 ], [ 77.5049, 12.7324 ], [ 77.4735, 12.7569 ], [ 77.4777, 12.7815 ], [ 77.4693, 12.7951 ], [ 77.471, 12.7996 ], [ 77.4763, 12.7968 ], [ 77.4847, 12.8008 ], [ 77.48, 12.8086 ], [ 77.4659, 12.8086 ], [ 77.4516, 12.8181 ], [ 77.4436, 12.8082 ], [ 77.436, 12.8104 ], [ 77.4334, 12.8233 ], [ 77.4196, 12.8263 ], [ 77.4251, 12.8378 ], [ 77.4346, 12.8392 ], [ 77.4379, 12.8502 ], [ 77.4266, 12.8503 ], [ 77.4289, 12.8567 ], [ 77.4184, 12.8695 ], [ 77.4292, 12.8706 ], [ 77.4299, 12.8754 ], [ 77.4158, 12.8717 ], [ 77.4104, 12.8766 ], [ 77.4027, 12.8654 ], [ 77.3974, 12.8683 ], [ 77.3794, 12.8549 ], [ 77.3698, 12.8576 ], [ 77.3656, 12.8716 ], [ 77.3463, 12.8701 ], [ 77.3449, 12.8765 ], [ 77.335, 12.8784 ], [ 77.3331, 12.8873 ], [ 77.3434, 12.888 ], [ 77.3365, 12.9121 ], [ 77.3395, 12.9441 ], [ 77.3262, 12.9739 ], [ 77.333, 12.9787 ], [ 77.3381, 12.9728 ], [ 77.3518, 12.9759 ], [ 77.3559, 12.986 ], [ 77.3718, 12.9921 ], [ 77.3699, 13.0133 ], [ 77.3757, 13.0149 ], [ 77.3756, 13.0288 ], [ 77.3891, 13.0265 ], [ 77.394, 13.0529 ], [ 77.383, 13.0572 ], [ 77.3837, 13.0674 ], [ 77.3977, 13.0732 ], [ 77.4237, 13.0703 ], [ 77.4288, 13.0865 ], [ 77.4205, 13.0865 ], [ 77.416, 13.0932 ], [ 77.4179, 13.1049 ], [ 77.4009, 13.1117 ], [ 77.4013, 13.1181 ], [ 77.3929, 13.1176 ], [ 77.3976, 13.1235 ], [ 77.4086, 13.1237 ], [ 77.4318, 13.1651 ], [ 77.4679, 13.1625 ], [ 77.4799, 13.2234 ], [ 77.5114, 13.2286 ], [ 77.5223, 13.2088 ], [ 77.5266, 13.2211 ], [ 77.5369, 13.219 ], [ 77.5432, 13.2328 ], [ 77.5593, 13.2323 ], [ 77.5566, 13.2192 ], [ 77.5695, 13.2161 ], [ 77.5668, 13.2014 ], [ 77.5743, 13.1987 ], [ 77.6001, 13.1965 ], [ 77.6174, 13.2105 ], [ 77.6475, 13.2003 ], [ 77.6604, 13.2009 ], [ 77.6545, 13.1881 ], [ 77.663, 13.184 ], [ 77.6867, 13.1933 ], [ 77.6843, 13.2034 ], [ 77.6985, 13.1894 ], [ 77.7074, 13.1898 ], [ 77.7121, 13.1962 ], [ 77.7256, 13.1927 ], [ 77.7326, 13.1594 ], [ 77.7245, 13.1266 ], [ 77.7337, 13.1235 ], [ 77.7323, 13.1148 ], [ 77.75, 13.1163 ], [ 77.765, 13.1078 ], [ 77.7669, 13.0846 ], [ 77.7596, 13.0818 ], [ 77.7603, 13.0738 ], [ 77.7811, 13.0338 ], [ 77.7713, 13.0142 ], [ 77.7792, 12.9702 ], [ 77.7671, 12.9594 ], [ 77.7726, 12.9511 ], [ 77.7654, 12.9421 ], [ 77.7754, 12.9387 ] ] ] } },
{ "type": "Feature", "properties": { "district": "Bidar", "did": "karnataka:Bidar", "state_key": "karnataka" }, "geometry": { "type": "MultiPolygon", "coordinates": [ [ [ [ 77.5806, 18.0316 ], [ 77.5896, 18.0117 ], [ 77.6059, 18.0202 ], [ 77.6075, 18.0099 ], [ 77.6197, 18.0065 ], [ 77.6278, 17.9968 ], [ 77.6489, 17.9989 ], [ 77.6482, 17.9803 ], [ 77.6558, 17.9683 ], [ 77.6495, 17.95 ], [ 77.6372, 17.9523 ], [ 77.633, 17.9674 ], [ 77.6245, 17.9596 ], [ 77.6329, 17.9558 ], [ 77.6325, 17.9467 ], [ 77.6187, 17.9395 ], [ 77.619, 17.9041 ], [ 77.5861, 17.9078 ], [ 77.586, 17.8938 ], [ 77.6004, 17.8806 ], [ 77.5991, 17.8731 ], [ 77.5764, 17.8754 ], [ 77.554, 17.8201 ], [ 77.5489, 17.8194 ], [ 77.5467, 17.8285 ], [ 77.5282, 17.8279 ], [ 77.529, 17.8129 ], [ 77.5149, 17.8054 ], [ 77.5066, 17.786 ], [ 77.5375, 17.7799 ], [ 77.5549, 17.764 ], [ 77.5691, 17.7665 ], [ 77.5685, 17.7489 ], [ 77.5486, 17.7358 ], [ 77.546, 17.7268 ], [ 77.522, 17.726 ], [ 77.5091, 17.7163 ], [ 77.4971, 17.7155 ], [ 77.4923, 17.7081 ], [ 77.4524, 17.6947 ], [ 77.4548, 17.6745 ], [ 77.4482, 17.6511 ], [ 77.4559, 17.6342 ], [ 77.4448, 17.6094 ], [ 77.4441, 17.5844 ], [ 77.3788, 17.5839 ], [ 77.3792, 17.595 ], [ 77.3596, 17.6002 ], [ 77.3518, 17.6001 ], [ 77.3404, 17.5879 ], [ 77.3003, 17.5977 ], [ 77.2951, 17.6151 ], [ 77.2915, 17.6112 ], [ 77.2848, 17.6192 ], [ 77.2795, 17.6176 ], [ 77.2749, 17.6268 ], [ 77.2582, 17.6233 ], [ 77.2305, 17.6325 ], [ 77.2073, 17.6268 ], [ 77.1975, 17.632 ], [ 77.1942, 17.6155 ], [ 77.1889, 17.6154 ], [ 77.1713, 17.6278 ], [ 77.15, 17.6324 ], [ 77.1448, 17.6557 ], [ 77.1327, 17.6622 ], [ 77.1325, 17.6824 ], [ 77.1236, 17.687 ], [ 77.1167, 17.6873 ], [ 77.1046, 17.669 ], [ 77.0894, 17.6692 ], [ 77.0853, 17.659 ], [ 77.0581, 17.6731 ], [ 77.0353, 17.6694 ], [ 77.0342, 17.6806 ], [ 77.0176, 17.6779 ], [ 77.0006, 17.696 ], [ 76.9909, 17.696 ], [ 76.981, 17.6915 ], [ 76.9771, 17.6799 ], [ 76.9778, 17.6649 ], [ 76.988, 17.6619 ], [ 76.9871, 17.6581 ], [ 76.9619, 17.6396 ], [ 76.9581, 17.621 ], [ 76.9513, 17.6244 ], [ 76.9404, 17.6089 ], [ 76.921, 17.6107 ], [ 76.9178, 17.6236 ], [ 76.9252, 17.626 ], [ 76.9289, 17.6375 ], [ 76.9078, 17.6351 ], [ 76.8988, 17.6447 ], [ 76.8524, 17.6446 ], [ 76.8418, 17.6537 ], [ 76.8368, 17.6494 ], [ 76.8079, 17.649 ], [ 76.7929, 17.6532 ], [ 76.7844, 17.6364 ], [ 76.7785, 17.636 ], [ 76.7701, 17.6463 ], [ 76.7735, 17.6668 ], [ 76.7327, 17.6656 ], [ 76.7144, 17.6388 ], [ 76.6982, 17.6426 ], [ 76.7123, 17.6576 ], [ 76.7092, 17.6625 ], [ 76.6943, 17.6622 ], [ 76.6913, 17.6878 ], [ 76.6942, 17.6957 ], [ 76.7069, 17.6936 ], [ 76.7136, 17.6991 ], [ 76.7009, 17.7067 ], [ 76.7044, 17.7226 ], [ 76.6994, 17.7268 ], [ 76.7283, 17.7376 ], [ 76.7248, 17.7511 ], [ 76.7188, 17.7515 ], [ 76.7211, 17.7695 ], [ 76.7119, 17.7733 ], [ 76.7141, 17.7809 ], [ 76.7209, 17.7881 ], [ 76.7406, 17.7795 ], [ 76.7425, 17.7842 ], [ 76.762, 17.787 ], [ 76.7665, 17.7985 ], [ 76.7787, 17.8005 ], [ 76.7904, 17.8263 ], [ 76.7675, 17.8521 ], [ 76.7515, 17.8581 ], [ 76.7385, 17.8567 ], [ 76.74, 17.8997 ], [ 76.7682, 17.9012 ], [ 76.775, 17.8777 ], [ 76.8067, 17.8706 ], [ 76.8102, 17.887 ], [ 76.8312, 17.8856 ], [ 76.8319, 17.8953 ], [ 76.839, 17.8991 ], [ 76.8843, 17.8943 ], [ 76.884, 17.899 ], [ 76.8942, 17.8998 ], [ 76.9013, 17.9172 ], [ 76.9191, 17.9162 ], [ 76.9131, 17.9969 ], [ 76.9067, 17.9966 ], [ 76.9056, 18.0097 ], [ 76.9143, 18.0354 ], [ 76.9523, 18.0402 ], [ 76.9449, 18.0484 ], [ 76.9516, 18.0611 ], [ 76.9452, 18.0832 ], [ 76.9629, 18.0896 ], [ 76.9663, 18.0982 ], [ 76.9543, 18.1105 ], [ 76.9205, 18.1182 ], [ 76.9202, 18.1251 ], [ 76.9318, 18.1335 ], [ 76.924, 18.1466 ], [ 76.9315, 18.1597 ], [ 76.9424, 18.1564 ], [ 76.9519, 18.1881 ], [ 76.9906, 18.19 ], [ 77.0011, 18.1609 ], [ 77.0233, 18.1585 ], [ 77.0231, 18.1757 ], [ 77.0332, 18.182 ], [ 77.052, 18.1732 ], [ 77.0532, 18.1595 ], [ 77.064, 18.1507 ], [ 77.0848, 18.1508 ], [ 77.0995, 18.1582 ], [ 77.1115, 18.1558 ], [ 77.1163, 18.171 ], [ 77.0976, 18.1967 ], [ 77.1113, 18.2042 ], [ 77.1401, 18.2077 ], [ 77.1427, 18.217 ], [ 77.1515, 18.217 ], [ 77.1486, 18.239 ], [ 77.1591, 18.2558 ], [ 77.1697, 18.2609 ], [ 77.1748, 18.2849 ], [ 77.1882, 18.2847 ], [ 77.1975, 18.2766 ], [ 77.213, 18.2803 ], [ 77.1987, 18.3155 ], [ 77.2017, 18.3222 ], [ 77.2118, 18.3163 ], [ 77.2191, 18.3257 ], [ 77.2296, 18.3482 ], [ 77.2201, 18.3493 ], [ 77.2258, 18.3652 ], [ 77.2464, 18.3708 ], [ 77.2484, 18.3761 ], [ 77.2395, 18.3786 ], [ 77.2337, 18.3882 ], [ 77.2418, 18.4126 ], [ 77.2594, 18.4133 ], [ 77.279, 18.4298 ], [ 77.3169, 18.4423 ], [ 77.3199, 18.458 ], [ 77.3264, 18.4588 ], [ 77.3269, 18.4517 ], [ 77.336, 18.4502 ], [ 77.3357, 18.4423 ], [ 77.3452, 18.4336 ], [ 77.3535, 18.4477 ], [ 77.3656, 18.4516 ], [ 77.3621, 18.4299 ], [ 77.3706, 18.4188 ], [ 77.3728, 18.4011 ], [ 77.4002, 18.402 ], [ 77.4141, 18.3931 ], [ 77.4098, 18.3774 ], [ 77.3949, 18.3685 ], [ 77.4001, 18.3474 ], [ 77.3943, 18.3474 ], [ 77.395, 18.3415 ], [ 77.3824, 18.3423 ], [ 77.3809, 18.331 ], [ 77.3567, 18.3202 ], [ 77.3658, 18.3071 ], [ 77.3851, 18.3093 ], [ 77.409, 18.3015 ], [ 77.4283, 18.3124 ], [ 77.4377, 18.3103 ], [ 77.4365, 18.2932 ], [ 77.4403, 18.2826 ], [ 77.4459, 18.2838 ], [ 77.4476, 18.27 ], [ 77.465, 18.2625 ], [ 77.4757, 18.2647 ], [ 77.4814, 18.2724 ], [ 77.4927, 18.2672 ], [ 77.4987, 18.2767 ], [ 77.5116, 18.282 ], [ 77.5126, 18.3096 ], [ 77.5237, 18.3082 ], [ 77.5613, 18.2849 ], [ 77.5726, 18.2933 ], [ 77.5818, 18.2854 ], [ 77.6054, 18.2813 ], [ 77.5718, 18.244 ], [ 77.5853, 18.2198 ], [ 77.5748, 18.2016 ], [ 77.5655, 18.2042 ], [ 77.5635, 18.1961 ], [ 77.5707, 18.1922 ], [ 77.5813, 18.1623 ], [ 77.5968, 18.1559 ], [ 77.5945, 18.1314 ], [ 77.6011, 18.1031 ], [ 77.597, 18.0868 ], [ 77.5659, 18.0767 ], [ 77.5574, 18.0637 ], [ 77.5483, 18.0652 ], [ 77.5538, 18.0358 ], [ 77.5806, 18.0316 ] ] ], [ [ [ 77.2963, 18.4771 ], [ 77.2995, 18.4649 ], [ 77.2888, 18.4553 ], [ 77.2675, 18.4546 ], [ 77.275, 18.4777 ], [ 77.2963, 18.4771 ] ] ] ] } },
{ "type": "Feature", "properties": { "district": "Chamarajanagar", "did": "karnataka:Chamarajanagar", "state_key": "karnataka" }, "geometry": { "type": "Polygon", "coordinates": [ [ [ 76.835, 11.6554 ], [ 76.8346, 11.6395 ], [ 76.8451, 11.6341 ], [ 76.8428, 11.6271 ], [ 76.8521, 11.6217 ], [ 76.8505, 11.616 ], [ 76.8581, 11.614 ], [ 76.8565, 11.5993 ], [ 76.8469, 11.5945 ], [ 76.8228, 11.6081 ], [ 76.8176, 11.6047 ], [ 76.7569, 11.6184 ], [ 76.7471, 11.6138 ], [ 76.6305, 11.6138 ], [ 76.614, 11.6076 ], [ 76.5976, 11.6106 ], [ 76.5923, 11.6187 ], [ 76.5771, 11.6144 ], [ 76.5752, 11.6192 ], [ 76.56, 11.6225 ], [ 76.5506, 11.6742 ], [ 76.5372, 11.6908 ], [ 76.5117, 11.705 ], [ 76.4936, 11.693 ], [ 76.4817, 11.6925 ], [ 76.4826, 11.6861 ], [ 76.4582, 11.6643 ], [ 76.4435, 11.6636 ], [ 76.4167, 11.6717 ], [ 76.4034, 11.7109 ], [ 76.4118, 11.7158 ], [ 76.414, 11.7113 ], [ 76.4274, 11.726 ], [ 76.4182, 11.7426 ], [ 76.4105, 11.7423 ], [ 76.4229, 11.7756 ], [ 76.4142, 11.7787 ], [ 76.4129, 11.7878 ], [ 76.4286, 11.7959 ], [ 76.4243, 11.8046 ], [ 76.4099, 11.8112 ], [ 76.4622, 11.7926 ], [ 76.4688, 11.8191 ], [ 76.4928, 11.8221 ], [ 76.4911, 11.861 ], [ 76.5347, 11.8732 ], [ 76.5537, 11.8586 ], [ 76.557, 11.8947 ], [ 76.5766, 11.9235 ], [ 76.5703, 11.9281 ], [ 76.5713, 11.9401 ], [ 76.5575, 11.9489 ], [ 76.5743, 11.9684 ], [ 76.5783, 11.9882 ], [ 76.596, 11.9843 ], [ 76.6134, 11.9916 ], [ 76.6428, 11.9828 ], [ 76.6511, 12.0079 ], [ 76.6946, 12.0004 ], [ 76.7015, 11.9978 ], [ 76.7051, 11.9851 ], [ 76.7173, 11.9849 ], [ 76.7192, 11.9907 ], [ 76.7294, 11.9905 ], [ 76.7409, 12.0093 ], [ 76.7511, 11.9999 ], [ 76.7667, 11.9992 ], [ 76.7799, 11.9852 ], [ 76.7937, 11.9863 ], [ 76.7977, 11.9986 ], [ 76.7921, 12.0107 ], [ 76.8117, 12.0268 ], [ 76.8203, 12.0272 ], [ 76.8213, 12.0108 ], [ 76.8374, 12.0036 ], [ 76.8365, 11.9998 ], [ 76.8566, 11.9995 ], [ 76.8582, 12.0076 ], [ 76.873, 12.0055 ], [ 76.8831, 12.0154 ], [ 76.8859, 12.0012 ], [ 76.9042, 11.999 ], [ 76.9237, 12.0131 ], [ 76.9361, 12.0131 ], [ 76.9388, 12.0262 ], [ 76.9151, 12.0259 ], [ 76.9101, 12.0411 ], [ 76.8905, 12.049 ], [ 76.8907, 12.0582 ], [ 76.8699, 12.0553 ], [ 76.8683, 12.0597 ], [ 76.8535, 12.0598 ], [ 76.87, 12.0631 ], [ 76.8741, 12.0757 ], [ 76.8841, 12.0825 ], [ 76.8767, 12.1152 ], [ 76.8477, 12.1187 ], [ 76.8458, 12.1132 ], [ 76.8315, 12.1319 ], [ 76.8411, 12.1454 ], [ 76.8408, 12.1561 ], [ 76.8535, 12.1594 ], [ 76.8456, 12.1674 ], [ 76.8532, 12.1703 ], [ 76.852, 12.1793 ], [ 76.8626, 12.1803 ], [ 76.8714, 12.174 ], [ 76.8714, 12.1413 ], [ 76.882, 12.1295 ], [ 76.8902, 12.1308 ], [ 76.8909, 12.1211 ], [ 76.9026, 12.1226 ], [ 76.9063, 12.1133 ], [ 76.9236, 12.1141 ], [ 76.9488, 12.0974 ], [ 76.9704, 12.1125 ], [ 76.9762, 12.1343 ], [ 76.9891, 12.1404 ], [ 76.9931, 12.1766 ], [ 76.9987, 12.1771 ], [ 77.0039, 12.1599 ], [ 77.0143, 12.1632 ], [ 77.0158, 12.134 ], [ 77.037, 12.1392 ], [ 77.0398, 12.1283 ], [ 77.0457, 12.136 ], [ 77.0392, 12.1472 ], [ 77.0447, 12.1692 ], [ 77.0614, 12.171 ], [ 77.0846, 12.191 ], [ 77.1074, 12.1898 ], [ 77.1223, 12.1972 ], [ 77.1319, 12.2072 ], [ 77.1342, 12.2256 ], [ 77.1244, 12.2374 ], [ 77.1253, 12.2453 ], [ 77.17, 12.2598 ], [ 77.1665, 12.3101 ], [ 77.2176, 12.3086 ], [ 77.2251, 12.3034 ], [ 77.2368, 12.3102 ], [ 77.2489, 12.3083 ], [ 77.2667, 12.3141 ], [ 77.3028, 12.2987 ], [ 77.3269, 12.3077 ], [ 77.3391, 12.2853 ], [ 77.3489, 12.2789 ], [ 77.3655, 12.2839 ], [ 77.4035, 12.2794 ], [ 77.4193, 12.2893 ], [ 77.4303, 12.2871 ], [ 77.447, 12.2623 ], [ 77.4483, 12.25 ], [ 77.4785, 12.2401 ], [ 77.4826, 12.2289 ], [ 77.472, 12.2079 ], [ 77.4927, 12.1973 ], [ 77.5187, 12.1945 ], [ 77.5463, 12.2047 ], [ 77.5658, 12.1963 ], [ 77.5739, 12.2009 ], [ 77.5967, 12.1993 ], [ 77.6108, 12.2061 ], [ 77.6376, 12.1967 ], [ 77.6652, 12.1982 ], [ 77.6986, 12.1851 ], [ 77.7328, 12.1787 ], [ 77.7498, 12.1385 ], [ 77.7738, 12.1205 ], [ 77.7764, 12.1123 ], [ 77.7678, 12.1066 ], [ 77.7557, 12.0797 ], [ 77.7275, 12.062 ], [ 77.7089, 12.036 ], [ 77.6747, 11.9659 ], [ 77.6757, 11.952 ], [ 77.6574, 11.9498 ], [ 77.6521, 11.9548 ], [ 77.6035, 11.9377 ], [ 77.5753, 11.9365 ], [ 77.5582, 11.9415 ], [ 77.5425, 11.9382 ], [ 77.538, 11.9324 ], [ 77.4948, 11.9438 ], [ 77.4906, 11.9085 ], [ 77.4831, 11.8996 ], [ 77.4862, 11.8874 ], [ 77.4806, 11.8934 ], [ 77.4772, 11.8905 ], [ 77.4735, 11.8992 ], [ 77.4616, 11.9 ], [ 77.4605, 11.8812 ], [ 77.4659, 11.8742 ], [ 77.4599, 11.8634 ], [ 77.4666, 11.8471 ], [ 77.4498, 11.796 ], [ 77.4405, 11.7888 ], [ 77.4273, 11.7609 ], [ 77.4222, 11.7724 ], [ 77.3945, 11.7876 ], [ 77.3703, 11.7867 ], [ 77.3648, 11.7904 ], [ 77.3604, 11.7795 ], [ 77.3351, 11.7712 ], [ 77.2939, 11.809 ], [ 77.288, 11.8004 ], [ 77.2499, 11.813 ], [ 77.2496, 11.8042 ], [ 77.2386, 11.7947 ], [ 77.1892, 11.7925 ], [ 77.182, 11.7863 ], [ 77.1471, 11.7819 ], [ 77.1381, 11.7726 ], [ 77.1107, 11.7735 ], [ 77.1085, 11.7526 ], [ 77.1177, 11.7211 ], [ 77.105, 11.7328 ], [ 77.0802, 11.736 ], [ 77.0828, 11.7398 ], [ 77.0564, 11.7698 ], [ 77.0698, 11.7821 ], [ 77.0669, 11.788 ], [ 77.0465, 11.7876 ], [ 77.0351, 11.7698 ], [ 77.0289, 11.7747 ], [ 77.0387, 11.7938 ], [ 77.0299, 11.8047 ], [ 77.0169, 11.8107 ], [ 77.014, 11.8062 ], [ 77.0129, 11.8146 ], [ 76.9935, 11.8092 ], [ 76.983, 11.8118 ], [ 76.9836, 11.8017 ], [ 76.9699, 11.7769 ], [ 76.9539, 11.7921 ], [ 76.9441, 11.7879 ], [ 76.9075, 11.7947 ], [ 76.8966, 11.7765 ], [ 76.8883, 11.7336 ], [ 76.8626, 11.711 ], [ 76.835, 11.6554 ] ] ] } },
{ "type": "Feature", "properties": { "district": "Chik Ballapur", "did": "karnataka:Chik Ballapur", "state_key": "karnataka" }, "geometry": { "type": "Polygon", "coordinates": [ [ [ 78.077, 13.6734 ], [ 78.0897, 13.6591 ], [ 78.0871, 13.6431 ], [ 78.0989, 13.6428 ], [ 78.1023, 13.6511 ], [ 78.1143, 13.6574 ], [ 78.1561, 13.6586 ], [ 78.1691, 13.6539 ], [ 78.1682, 13.6329 ], [ 78.2042, 13.6284 ], [ 78.2033, 13.6065 ], [ 78.1903, 13.5901 ], [ 78.1896, 13.5752 ], [ 78.193, 13.5648 ], [ 78.2013, 13.5639 ], [ 78.1938, 13.5485 ], [ 78.2037, 13.5278 ], [ 78.1878, 13.5136 ], [ 78.1982, 13.5126 ], [ 78.2007, 13.4841 ], [ 78.2104, 13.471 ], [ 78.2015, 13.4499 ], [ 78.1934, 13.4471 ], [ 78.1943, 13.4384 ], [ 78.1886, 13.4425 ], [ 78.1855, 13.4389 ], [ 78.1826, 13.4206 ], [ 78.1357, 13.4053 ], [ 78.1246, 13.386 ], [ 78.1224, 13.3752 ], [ 78.1426, 13.3759 ], [ 78.1501, 13.3579 ], [ 78.1503, 13.3506 ], [ 78.1319, 13.3525 ], [ 78.1308, 13.3284 ], [ 78.109, 13.3233 ], [ 78.1218, 13.3155 ], [ 78.1232, 13.3084 ], [ 78.1365, 13.3043 ], [ 78.1338, 13.2876 ], [ 78.092, 13.3102 ], [ 78.0868, 13.3022 ], [ 78.0606, 13.299 ], [ 78.0591, 13.2928 ], [ 78.0521, 13.2934 ], [ 78.0469, 13.2783 ], [ 78.0155, 13.2829 ], [ 78.0113, 13.3015 ], [ 77.9896, 13.3043 ], [ 77.9845, 13.2861 ], [ 77.9612, 13.2842 ], [ 77.9562, 13.2697 ], [ 77.9382, 13.268 ], [ 77.9414, 13.2585 ], [ 77.929, 13.2382 ], [ 77.9141, 13.2397 ], [ 77.9116, 13.2313 ], [ 77.8909, 13.2345 ], [ 77.9056, 13.2506 ], [ 77.8908, 13.2576 ], [ 77.8886, 13.2508 ], [ 77.8741, 13.2439 ], [ 77.8766, 13.2343 ], [ 77.8636, 13.2411 ], [ 77.8583, 13.2204 ], [ 77.85, 13.2195 ], [ 77.8508, 13.2411 ], [ 77.8213, 13.2526 ], [ 77.8144, 13.2395 ], [ 77.8076, 13.2431 ], [ 77.821, 13.2582 ], [ 77.8088, 13.2615 ], [ 77.8159, 13.2976 ], [ 77.8296, 13.2907 ], [ 77.8276, 13.3055 ], [ 77.8144, 13.3043 ], [ 77.8102, 13.3101 ], [ 77.8173, 13.3102 ], [ 77.8272, 13.327 ], [ 77.8102, 13.3383 ], [ 77.7964, 13.3407 ], [ 77.7905, 13.3509 ], [ 77.7541, 13.3638 ], [ 77.7428, 13.3603 ], [ 77.7439, 13.3538 ], [ 77.7265, 13.3633 ], [ 77.7285, 13.3517 ], [ 77.7164, 13.3518 ], [ 77.7167, 13.3656 ], [ 77.711, 13.3662 ], [ 77.6987, 13.359 ], [ 77.6999, 13.3374 ], [ 77.6843, 13.3519 ], [ 77.6799, 13.3449 ], [ 77.6671, 13.348 ], [ 77.6559, 13.3582 ], [ 77.662, 13.3775 ], [ 77.652, 13.387 ], [ 77.6576, 13.3978 ], [ 77.6478, 13.3918 ], [ 77.6385, 13.3938 ], [ 77.6339, 13.3759 ], [ 77.6209, 13.3754 ], [ 77.6209, 13.3847 ], [ 77.6128, 13.3871 ], [ 77.6191, 13.4024 ], [ 77.6074, 13.4072 ], [ 77.6024, 13.3982 ], [ 77.5992, 13.4151 ], [ 77.6154, 13.4211 ], [ 77.6075, 13.4252 ], [ 77.6031, 13.4413 ], [ 77.5996, 13.4361 ], [ 77.5898, 13.4363 ], [ 77.5914, 13.4188 ], [ 77.5515, 13.4196 ], [ 77.5484, 13.4359 ], [ 77.5225, 13.4315 ], [ 77.5159, 13.4439 ], [ 77.5041, 13.4455 ], [ 77.5047, 13.4578 ], [ 77.4715, 13.4694 ], [ 77.4613, 13.4629 ], [ 77.4581, 13.4691 ], [ 77.4461, 13.4616 ], [ 77.433, 13.464 ], [ 77.4344, 13.4687 ], [ 77.4229, 13.4719 ], [ 77.4248, 13.4816 ], [ 77.4156, 13.4861 ], [ 77.4155, 13.492 ], [ 77.408, 13.4968 ], [ 77.3986, 13.4929 ], [ 77.382, 13.5012 ], [ 77.3809, 13.5151 ], [ 77.3899, 13.5197 ], [ 77.3914, 13.5341 ], [ 77.3827, 13.5372 ], [ 77.3812, 13.5438 ], [ 77.3824, 13.5753 ], [ 77.3742, 13.59 ], [ 77.3631, 13.5902 ], [ 77.3599, 13.6124 ], [ 77.3689, 13.6416 ], [ 77.3785, 13.6452 ], [ 77.3833, 13.6624 ], [ 77.4037, 13.6753 ], [ 77.4351, 13.6726 ], [ 77.4371, 13.6843 ], [ 77.4879, 13.6867 ], [ 77.4921, 13.6898 ], [ 77.485, 13.7148 ], [ 77.5142, 13.7132 ], [ 77.5124, 13.6972 ], [ 77.5252, 13.691 ], [ 77.5344, 13.707 ], [ 77.5366, 13.7306 ], [ 77.522, 13.7446 ], [ 77.5273, 13.7538 ], [ 77.5474, 13.7529 ], [ 77.5606, 13.7224 ], [ 77.5717, 13.7382 ], [ 77.5868, 13.7335 ], [ 77.6, 13.7508 ], [ 77.6136, 13.7519 ], [ 77.6278, 13.7346 ], [ 77.6414, 13.7419 ], [ 77.6419, 13.7478 ], [ 77.6188, 13.755 ], [ 77.6177, 13.7627 ], [ 77.6515, 13.7841 ], [ 77.6801, 13.7868 ], [ 77.6799, 13.7723 ], [ 77.6717, 13.7605 ], [ 77.7033, 13.7698 ], [ 77.7085, 13.741 ], [ 77.7174, 13.7411 ], [ 77.7193, 13.8003 ], [ 77.7407, 13.8124 ], [ 77.7815, 13.8183 ], [ 77.7891, 13.8305 ], [ 77.7823, 13.8441 ], [ 77.812, 13.849 ], [ 77.8202, 13.8632 ], [ 77.8371, 13.8697 ], [ 77.8273, 13.8744 ], [ 77.8355, 13.881 ], [ 77.832, 13.8957 ], [ 77.8162, 13.903 ], [ 77.8135, 13.9146 ], [ 77.8148, 13.9319 ], [ 77.8266, 13.9447 ], [ 77.8388, 13.9359 ], [ 77.8957, 13.941 ], [ 77.8958, 13.9204 ], [ 77.9268, 13.9053 ], [ 77.9462, 13.9353 ], [ 77.9573, 13.9367 ], [ 77.9674, 13.9602 ], [ 77.9875, 13.9555 ], [ 77.9802, 13.9279 ], [ 77.9846, 13.8974 ], [ 77.9491, 13.8864 ], [ 77.953, 13.8274 ], [ 77.9761, 13.8295 ], [ 77.9921, 13.8688 ], [ 78.0005, 13.8729 ], [ 78.0116, 13.8719 ], [ 78.0212, 13.8638 ], [ 78.0413, 13.8603 ], [ 78.0462, 13.8621 ], [ 78.0489, 13.8961 ], [ 78.079, 13.8812 ], [ 78.0819, 13.8612 ], [ 78.1148, 13.8629 ], [ 78.1255, 13.832 ], [ 78.1138, 13.8075 ], [ 78.1266, 13.7871 ], [ 78.1138, 13.7634 ], [ 78.0999, 13.7585 ], [ 78.0915, 13.7423 ], [ 78.1043, 13.7365 ], [ 78.1208, 13.7156 ], [ 78.1132, 13.6927 ], [ 78.0924, 13.6912 ], [ 78.0691, 13.6978 ], [ 78.0736, 13.6877 ], [ 78.0664, 13.6764 ], [ 78.077, 13.6734 ] ] ] } },
{ "type": "Feature", "properties": { "district": "Chikkamagaluru", "did": "karnataka:Chikkamagaluru", "state_key": "karnataka" }, "geometry": { "type": "MultiPolygon", "coordinates": [ [ [ [ 75.5722, 12.9347 ], [ 75.5567, 12.9128 ], [ 75.5562, 12.943 ], [ 75.5143, 12.9789 ], [ 75.5246, 13.0004 ], [ 75.5325, 13.0045 ], [ 75.5311, 13.0213 ], [ 75.5197, 13.0273 ], [ 75.5255, 13.0495 ], [ 75.5157, 13.0563 ], [ 75.5152, 13.066 ], [ 75.4861, 13.0924 ], [ 75.4797, 13.0772 ], [ 75.4704, 13.0776 ], [ 75.4709, 13.0971 ], [ 75.4551, 13.1101 ], [ 75.4448, 13.1047 ], [ 75.4337, 13.1217 ], [ 75.4247, 13.1063 ], [ 75.4071, 13.1117 ], [ 75.4096, 13.1495 ], [ 75.3823, 13.1788 ], [ 75.352, 13.1852 ], [ 75.3423, 13.1816 ], [ 75.3331, 13.1698 ], [ 75.3281, 13.1709 ], [ 75.3164, 13.1364 ], [ 75.3111, 13.1319 ], [ 75.2975, 13.1327 ], [ 75.2943, 13.1244 ], [ 75.2848, 13.1349 ], [ 75.2775, 13.1268 ], [ 75.2522, 13.1289 ], [ 75.2447, 13.1373 ], [ 75.2337, 13.1384 ], [ 75.2172, 13.1565 ], [ 75.2075, 13.1532 ], [ 75.2112, 13.1646 ], [ 75.2063, 13.1767 ], [ 75.1898, 13.1831 ], [ 75.1736, 13.204 ], [ 75.1667, 13.2028 ], [ 75.1529, 13.2643 ], [ 75.1399, 13.2881 ], [ 75.1125, 13.2825 ], [ 75.0785, 13.343 ], [ 75.0888, 13.3499 ], [ 75.0897, 13.3612 ], [ 75.112, 13.3564 ], [ 75.1277, 13.3661 ], [ 75.1271, 13.3852 ], [ 75.1319, 13.3912 ], [ 75.1396, 13.3868 ], [ 75.1463, 13.3928 ], [ 75.1399, 13.4068 ], [ 75.155, 13.4303 ], [ 75.1487, 13.4368 ], [ 75.1545, 13.4531 ], [ 75.1441, 13.4547 ], [ 75.1363, 13.4724 ], [ 75.1697, 13.5079 ], [ 75.1762, 13.4991 ], [ 75.1884, 13.5088 ], [ 75.2027, 13.509 ], [ 75.2111, 13.517 ], [ 75.2041, 13.5182 ], [ 75.2088, 13.5247 ], [ 75.2262, 13.5282 ], [ 75.2207, 13.5332 ], [ 75.2244, 13.5486 ], [ 75.2159, 13.5579 ], [ 75.2264, 13.5683 ], [ 75.2117, 13.5781 ], [ 75.2107, 13.5853 ], [ 75.2238, 13.596 ], [ 75.2257, 13.6059 ], [ 75.2355, 13.5984 ], [ 75.2448, 13.6051 ], [ 75.2549, 13.5948 ], [ 75.2565, 13.5837 ], [ 75.2645, 13.5866 ], [ 75.2789, 13.5645 ], [ 75.295, 13.5847 ], [ 75.308, 13.584 ], [ 75.3262, 13.5925 ], [ 75.3282, 13.5859 ], [ 75.3408, 13.5857 ], [ 75.3443, 13.5806 ], [ 75.3574, 13.5956 ], [ 75.3697, 13.5971 ], [ 75.3639, 13.6042 ], [ 75.366, 13.6219 ], [ 75.3727, 13.6267 ], [ 75.3782, 13.615 ], [ 75.3861, 13.6132 ], [ 75.3943, 13.6305 ], [ 75.4073, 13.6256 ], [ 75.4147, 13.6529 ], [ 75.3942, 13.7003 ], [ 75.3823, 13.7026 ], [ 75.3829, 13.7109 ], [ 75.4025, 13.7038 ], [ 75.4192, 13.7061 ], [ 75.4266, 13.7151 ], [ 75.4543, 13.7236 ], [ 75.4612, 13.7417 ], [ 75.4886, 13.7597 ], [ 75.4868, 13.7683 ], [ 75.4983, 13.7581 ], [ 75.5069, 13.7657 ], [ 75.5107, 13.755 ], [ 75.521, 13.7518 ], [ 75.5216, 13.7436 ], [ 75.5409, 13.728 ], [ 75.5658, 13.7408 ], [ 75.5714, 13.7554 ], [ 75.6108, 13.7609 ], [ 75.609, 13.746 ], [ 75.6279, 13.7332 ], [ 75.6173, 13.7229 ], [ 75.6225, 13.7057 ], [ 75.6357, 13.7014 ], [ 75.6479, 13.7091 ], [ 75.6512, 13.7187 ], [ 75.6747, 13.7232 ], [ 75.6559, 13.7461 ], [ 75.6692, 13.7641 ], [ 75.6765, 13.7511 ], [ 75.6865, 13.7499 ], [ 75.682, 13.7613 ], [ 75.6872, 13.7667 ], [ 75.7317, 13.769 ], [ 75.7491, 13.7809 ], [ 75.7646, 13.7815 ], [ 75.7669, 13.79 ], [ 75.7607, 13.7942 ], [ 75.7671, 13.7971 ], [ 75.7776, 13.7885 ], [ 75.7918, 13.7969 ], [ 75.8078, 13.7944 ], [ 75.8254, 13.8186 ], [ 75.8955, 13.8062 ], [ 75.9203, 13.8071 ], [ 75.9276, 13.8139 ], [ 75.9523, 13.816 ], [ 75.9497, 13.8338 ], [ 75.9702, 13.8564 ], [ 75.9804, 13.8478 ], [ 75.9888, 13.8485 ], [ 76.0158, 13.8719 ], [ 76.0233, 13.8635 ], [ 76.0306, 13.8693 ], [ 76.0333, 13.8977 ], [ 76.0501, 13.8992 ], [ 76.0555, 13.8808 ], [ 76.0774, 13.8802 ], [ 76.0986, 13.8639 ], [ 76.1152, 13.8121 ], [ 76.1295, 13.8143 ], [ 76.1489, 13.7325 ], [ 76.17, 13.7269 ], [ 76.1736, 13.7168 ], [ 76.195, 13.7113 ], [ 76.2197, 13.7133 ], [ 76.2217, 13.6821 ], [ 76.2359, 13.6779 ], [ 76.2632, 13.6488 ], [ 76.2865, 13.6466 ], [ 76.2731, 13.605 ], [ 76.2819, 13.6068 ], [ 76.2877, 13.5948 ], [ 76.2925, 13.5974 ], [ 76.2929, 13.5905 ], [ 76.3003, 13.5889 ], [ 76.3332, 13.5963 ], [ 76.3412, 13.5761 ], [ 76.3531, 13.5795 ], [ 76.3639, 13.5471 ], [ 76.3627, 13.5305 ], [ 76.3485, 13.5255 ], [ 76.3423, 13.5137 ], [ 76.3159, 13.5397 ], [ 76.312, 13.5254 ], [ 76.3, 13.5221 ], [ 76.2932, 13.5271 ], [ 76.2899, 13.5048 ], [ 76.2621, 13.5052 ], [ 76.2601, 13.5114 ], [ 76.2339, 13.5075 ], [ 76.2383, 13.4948 ], [ 76.2291, 13.484 ], [ 76.2341, 13.4834 ], [ 76.2311, 13.4679 ], [ 76.198, 13.4689 ], [ 76.1964, 13.4503 ], [ 76.1873, 13.4527 ], [ 76.1934, 13.4689 ], [ 76.1622, 13.4697 ], [ 76.1372, 13.4423 ], [ 76.1394, 13.4066 ], [ 76.1289, 13.4004 ], [ 76.1112, 13.4006 ], [ 76.0996, 13.3925 ], [ 76.0899, 13.3937 ], [ 76.0889, 13.3715 ], [ 76.0558, 13.3809 ], [ 76.0416, 13.3744 ], [ 76.0288, 13.3456 ], [ 76.0347, 13.3365 ], [ 76.027, 13.3269 ], [ 76.027, 13.3213 ], [ 76.0429, 13.3238 ], [ 76.0353, 13.3005 ], [ 76.0382, 13.2801 ], [ 76.0443, 13.275 ], [ 76.0364, 13.2486 ], [ 76.0163, 13.2509 ], [ 76.0149, 13.2612 ], [ 75.9901, 13.2581 ], [ 75.9839, 13.2646 ], [ 75.9361, 13.2562 ], [ 75.9184, 13.2574 ], [ 75.9161, 13.2631 ], [ 75.9034, 13.2579 ], [ 75.8994, 13.2663 ], [ 75.8768, 13.2603 ], [ 75.8615, 13.24 ], [ 75.8573, 13.2583 ], [ 75.8389, 13.2519 ], [ 75.816, 13.2589 ], [ 75.8088, 13.2545 ], [ 75.8125, 13.2307 ], [ 75.8057, 13.2159 ], [ 75.779, 13.2099 ], [ 75.7758, 13.2161 ], [ 75.766, 13.2121 ], [ 75.7583, 13.2174 ], [ 75.7506, 13.2064 ], [ 75.7432, 13.2078 ], [ 75.7287, 13.1832 ], [ 75.7302, 13.1644 ], [ 75.7408, 13.1491 ], [ 75.7518, 13.1457 ], [ 75.7537, 13.136 ], [ 75.7353, 13.1235 ], [ 75.7383, 13.1101 ], [ 75.7271, 13.0994 ], [ 75.7425, 13.0694 ], [ 75.7402, 13.03 ], [ 75.7279, 13.0235 ], [ 75.7248, 13.0314 ], [ 75.7165, 13.0309 ], [ 75.7104, 13.0382 ], [ 75.6964, 13.0368 ], [ 75.6947, 13.046 ], [ 75.6906, 13.0337 ], [ 75.6649, 13.0318 ], [ 75.6556, 13.0225 ], [ 75.6546, 13.0294 ], [ 75.6427, 13.0313 ], [ 75.6376, 13.0112 ], [ 75.6314, 13.0116 ], [ 75.6088, 12.9811 ], [ 75.6029, 12.9584 ], [ 75.5912, 12.943 ], [ 75.5722, 12.9347 ] ] ] ] } },
{ "type": "Feature", "properties": { "district": "Chitradurga", "did": "karnataka:Chitradurga", "state_key": "karnataka" }, "geometry": { "type": "Polygon", "coordinates": [ [ [ 76.5397, 13.6631 ], [ 76.5295, 13.6661 ], [ 76.534, 13.6509 ], [ 76.5185, 13.6411 ], [ 76.517, 13.6343 ], [ 76.4972, 13.6271 ], [ 76.5001, 13.6217 ], [ 76.4612, 13.6192 ], [ 76.4553, 13.6114 ], [ 76.4617, 13.6002 ], [ 76.4551, 13.5909 ], [ 76.4303, 13.5931 ], [ 76.4172, 13.5783 ], [ 76.4099, 13.5797 ], [ 76.3995, 13.5949 ], [ 76.3827, 13.5769 ], [ 76.3735, 13.5931 ], [ 76.3412, 13.5761 ], [ 76.3332, 13.5963 ], [ 76.3003, 13.5889 ], [ 76.2929, 13.5905 ], [ 76.2925, 13.5974 ], [ 76.2877, 13.5948 ], [ 76.2819, 13.6068 ], [ 76.2731, 13.605 ], [ 76.2865, 13.6466 ], [ 76.2632, 13.6488 ], [ 76.2359, 13.6779 ], [ 76.2217, 13.6821 ], [ 76.2197, 13.7133 ], [ 76.195, 13.7113 ], [ 76.1736, 13.7168 ], [ 76.17, 13.7269 ], [ 76.1489, 13.7325 ], [ 76.1295, 13.8143 ], [ 76.1152, 13.8121 ], [ 76.0986, 13.8639 ], [ 76.0774, 13.8802 ], [ 76.0555, 13.8808 ], [ 76.0504, 13.8991 ], [ 76.0284, 13.8987 ], [ 76.0294, 13.9184 ], [ 76.0446, 13.9424 ], [ 76.0656, 13.9415 ], [ 76.0722, 13.9822 ], [ 76.0508, 13.9786 ], [ 76.0432, 13.9873 ], [ 76.0546, 14.089 ], [ 76.0469, 14.0974 ], [ 76.0332, 14.0901 ], [ 76.0349, 14.0995 ], [ 76.0253, 14.1 ], [ 76.025, 14.1131 ], [ 76.0326, 14.1339 ], [ 76.0464, 14.1451 ], [ 76.0463, 14.1549 ], [ 76.0633, 14.1595 ], [ 76.0659, 14.1813 ], [ 76.0575, 14.1812 ], [ 76.0563, 14.1946 ], [ 76.0656, 14.2062 ], [ 76.061, 14.2225 ], [ 76.0721, 14.226 ], [ 76.079, 14.2451 ], [ 76.1052, 14.2465 ], [ 76.1349, 14.256 ], [ 76.1299, 14.2799 ], [ 76.1249, 14.2825 ], [ 76.117, 14.2775 ], [ 76.1201, 14.2948 ], [ 76.1064, 14.3103 ], [ 76.1161, 14.3232 ], [ 76.1565, 14.32 ], [ 76.1568, 14.3604 ], [ 76.1507, 14.3663 ], [ 76.1553, 14.3869 ], [ 76.1362, 14.427 ], [ 76.172, 14.448 ], [ 76.1734, 14.4606 ], [ 76.2077, 14.4574 ], [ 76.2185, 14.4419 ], [ 76.2381, 14.4504 ], [ 76.2474, 14.444 ], [ 76.2613, 14.4443 ], [ 76.2662, 14.4238 ], [ 76.2812, 14.4042 ], [ 76.2931, 14.4088 ], [ 76.3326, 14.4095 ], [ 76.3392, 14.419 ], [ 76.3839, 14.4204 ], [ 76.3832, 14.427 ], [ 76.3932, 14.4263 ], [ 76.3965, 14.4344 ], [ 76.4239, 14.4385 ], [ 76.4235, 14.45 ], [ 76.4597, 14.4516 ], [ 76.4556, 14.4716 ], [ 76.4614, 14.5061 ], [ 76.4848, 14.5045 ], [ 76.5214, 14.5243 ], [ 76.5331, 14.5427 ], [ 76.5238, 14.5531 ], [ 76.5148, 14.5511 ], [ 76.51, 14.5604 ], [ 76.5353, 14.5612 ], [ 76.5506, 14.5789 ], [ 76.5675, 14.5873 ], [ 76.5851, 14.6174 ], [ 76.6009, 14.6208 ], [ 76.596, 14.6306 ], [ 76.6121, 14.6484 ], [ 76.5973, 14.6534 ], [ 76.598, 14.6693 ], [ 76.6106, 14.6687 ], [ 76.6083, 14.6876 ], [ 76.6448, 14.713 ], [ 76.6512, 14.7253 ], [ 76.6488, 14.7563 ], [ 76.6554, 14.7577 ], [ 76.6598, 14.7717 ], [ 76.6669, 14.7753 ], [ 76.6729, 14.7883 ], [ 76.6675, 14.7938 ], [ 76.6748, 14.7941 ], [ 76.6828, 14.8086 ], [ 76.7046, 14.8179 ], [ 76.7342, 14.8135 ], [ 76.7417, 14.8183 ], [ 76.7406, 14.826 ], [ 76.7117, 14.8373 ], [ 76.7136, 14.865 ], [ 76.6975, 14.8882 ], [ 76.6779, 14.8872 ], [ 76.6773, 14.9112 ], [ 76.6653, 14.9158 ], [ 76.6598, 14.9418 ], [ 76.6793, 14.9388 ], [ 76.6972, 14.9276 ], [ 76.7069, 14.9311 ], [ 76.706, 14.9423 ], [ 76.7129, 14.9396 ], [ 76.7155, 14.9727 ], [ 76.6887, 14.9786 ], [ 76.6715, 15.0187 ], [ 76.6881, 15.025 ], [ 76.686, 15.0188 ], [ 76.7019, 15.0161 ], [ 76.7037, 15.0334 ], [ 76.7173, 15.036 ], [ 76.7327, 15.0318 ], [ 76.7361, 15.0231 ], [ 76.7277, 15.0046 ], [ 76.7341, 14.9854 ], [ 76.7508, 14.9832 ], [ 76.7606, 14.9899 ], [ 76.7671, 14.9749 ], [ 76.8183, 14.9694 ], [ 76.8285, 14.9565 ], [ 76.8419, 14.9664 ], [ 76.8675, 14.9698 ], [ 76.8638, 14.8956 ], [ 76.8473, 14.896 ], [ 76.8455, 14.8893 ], [ 76.8525, 14.887 ], [ 76.8572, 14.8691 ], [ 76.8541, 14.8432 ], [ 76.8418, 14.8366 ], [ 76.846, 14.822 ], [ 76.8546, 14.8181 ], [ 76.854, 14.8094 ], [ 76.8374, 14.8106 ], [ 76.8367, 14.7908 ], [ 76.8191, 14.7931 ], [ 76.8177, 14.7876 ], [ 76.7827, 14.7859 ], [ 76.7895, 14.7601 ], [ 76.8029, 14.7419 ], [ 76.7753, 14.681 ], [ 76.765, 14.6021 ], [ 76.7802, 14.5931 ], [ 76.7818, 14.5965 ], [ 76.7914, 14.5547 ], [ 76.8063, 14.5311 ], [ 76.8235, 14.5268 ], [ 76.831, 14.5304 ], [ 76.8355, 14.5213 ], [ 76.8556, 14.5096 ], [ 76.868, 14.474 ], [ 76.8843, 14.4771 ], [ 76.8865, 14.4835 ], [ 76.9007, 14.4892 ], [ 76.9748, 14.4853 ], [ 76.9598, 14.4502 ], [ 76.9448, 14.4509 ], [ 76.9478, 14.4132 ], [ 76.9427, 14.3993 ], [ 76.9158, 14.4207 ], [ 76.8986, 14.3979 ], [ 76.8848, 14.3957 ], [ 76.8823, 14.3558 ], [ 76.9034, 14.3227 ], [ 76.9456, 14.3132 ], [ 76.9567, 14.2943 ], [ 76.9249, 14.2738 ], [ 76.9398, 14.2449 ], [ 76.9519, 14.2419 ], [ 76.9856, 14.2473 ], [ 76.9989, 14.2409 ], [ 77.0057, 14.2358 ], [ 76.9993, 14.2291 ], [ 77.0064, 14.2151 ], [ 77.0028, 14.198 ], [ 77.0238, 14.1855 ], [ 77.0221, 14.1774 ], [ 77.0055, 14.184 ], [ 76.9838, 14.1788 ], [ 76.9606, 14.1818 ], [ 76.9476, 14.1982 ], [ 76.9427, 14.1954 ], [ 76.9424, 14.1733 ], [ 76.9219, 14.1694 ], [ 76.9197, 14.1645 ], [ 76.8945, 14.1678 ], [ 76.8859, 14.1382 ], [ 76.9128, 14.1288 ], [ 76.925, 14.1371 ], [ 76.9443, 14.1207 ], [ 76.9534, 14.0992 ], [ 76.9284, 14.0778 ], [ 76.923, 14.057 ], [ 76.9101, 14.0643 ], [ 76.8886, 14.0478 ], [ 76.8728, 14.0092 ], [ 76.8372, 14.0182 ], [ 76.8334, 14.0032 ], [ 76.8249, 14.0012 ], [ 76.8234, 13.9943 ], [ 76.8485, 13.9804 ], [ 76.8499, 13.9636 ], [ 76.8219, 13.9505 ], [ 76.8194, 13.9366 ], [ 76.8114, 13.9365 ], [ 76.8154, 13.916 ], [ 76.7647, 13.9244 ], [ 76.7495, 13.9161 ], [ 76.7525, 13.9066 ], [ 76.7229, 13.8984 ], [ 76.7358, 13.8701 ], [ 76.7666, 13.8358 ], [ 76.7688, 13.7951 ], [ 76.7645, 13.782 ], [ 76.749, 13.7806 ], [ 76.731, 13.7846 ], [ 76.7237, 13.7997 ], [ 76.698, 13.7714 ], [ 76.6844, 13.7297 ], [ 76.6898, 13.7224 ], [ 76.685, 13.6905 ], [ 76.6725, 13.7061 ], [ 76.673, 13.7187 ], [ 76.6618, 13.7213 ], [ 76.6298, 13.7136 ], [ 76.6211, 13.734 ], [ 76.6094, 13.7235 ], [ 76.6038, 13.7257 ], [ 76.5694, 13.7146 ], [ 76.5767, 13.6903 ], [ 76.5593, 13.6837 ], [ 76.5397, 13.6631 ] ] ] } },
{ "type": "Feature", "properties": { "district": "Dakshina Kannada", "did": "karnataka:Dakshina Kannada", "state_key": "karnataka" }, "geometry": { "type": "Polygon", "coordinates": [ [ [ 75.6339, 12.6898 ], [ 75.6379, 12.6953 ], [ 75.6669, 12.6978 ], [ 75.648, 12.6657 ], [ 75.642, 12.6329 ], [ 75.6423, 12.6262 ], [ 75.654, 12.6194 ], [ 75.6631, 12.5911 ], [ 75.6621, 12.5779 ], [ 75.6685, 12.5722 ], [ 75.6631, 12.5696 ], [ 75.6705, 12.5587 ], [ 75.6664, 12.5464 ], [ 75.6443, 12.5394 ], [ 75.6323, 12.5211 ], [ 75.6148, 12.5102 ], [ 75.6055, 12.5127 ], [ 75.6057, 12.5211 ], [ 75.591, 12.5401 ], [ 75.5809, 12.5193 ], [ 75.5562, 12.5012 ], [ 75.5648, 12.4951 ], [ 75.5659, 12.4861 ], [ 75.5292, 12.4995 ], [ 75.5237, 12.4898 ], [ 75.4933, 12.4837 ], [ 75.4899, 12.4601 ], [ 75.4646, 12.4719 ], [ 75.462, 12.4879 ], [ 75.4725, 12.4995 ], [ 75.4613, 12.505 ], [ 75.4581, 12.5159 ], [ 75.4532, 12.5137 ], [ 75.4343, 12.5301 ], [ 75.4289, 12.515 ], [ 75.4164, 12.5153 ], [ 75.4161, 12.5 ], [ 75.3822, 12.502 ], [ 75.3681, 12.4912 ], [ 75.3726, 12.477 ], [ 75.3608, 12.465 ], [ 75.3366, 12.4641 ], [ 75.3415, 12.4691 ], [ 75.333, 12.4983 ], [ 75.315, 12.4971 ], [ 75.3145, 12.5029 ], [ 75.3046, 12.5041 ], [ 75.3041, 12.5233 ], [ 75.2803, 12.5253 ], [ 75.2706, 12.5483 ], [ 75.2729, 12.569 ], [ 75.2847, 12.5696 ], [ 75.2905, 12.5826 ], [ 75.3154, 12.5725 ], [ 75.3264, 12.5814 ], [ 75.327, 12.5924 ], [ 75.3122, 12.5897 ], [ 75.3019, 12.6054 ], [ 75.2916, 12.6019 ], [ 75.2896, 12.6104 ], [ 75.2763, 12.6185 ], [ 75.2672, 12.6147 ], [ 75.2497, 12.5846 ], [ 75.2387, 12.5807 ], [ 75.2375, 12.5698 ], [ 75.2203, 12.5691 ], [ 75.2095, 12.5911 ], [ 75.2011, 12.5877 ], [ 75.21, 12.6002 ], [ 75.1993, 12.6121 ], [ 75.2017, 12.63 ], [ 75.1829, 12.6328 ], [ 75.17, 12.6223 ], [ 75.1607, 12.6221 ], [ 75.1385, 12.6434 ], [ 75.1508, 12.6501 ], [ 75.162, 12.672 ], [ 75.1499, 12.6733 ], [ 75.152, 12.6832 ], [ 75.1325, 12.6761 ], [ 75.1115, 12.6818 ], [ 75.1062, 12.6968 ], [ 75.086, 12.704 ], [ 75.0809, 12.6991 ], [ 75.0852, 12.6748 ], [ 75.0741, 12.6722 ], [ 75.0686, 12.6647 ], [ 75.0598, 12.6718 ], [ 75.0575, 12.6661 ], [ 75.054, 12.6702 ], [ 75.0466, 12.6676 ], [ 75.0405, 12.6854 ], [ 75.0439, 12.6926 ], [ 75.0556, 12.6935 ], [ 75.0525, 12.7201 ], [ 75.0336, 12.7235 ], [ 75.0186, 12.7211 ], [ 75.015, 12.7142 ], [ 75.001, 12.7164 ], [ 75.0134, 12.728 ], [ 74.9925, 12.7399 ], [ 74.9856, 12.7336 ], [ 74.9833, 12.7372 ], [ 75.0094, 12.7675 ], [ 75.0032, 12.7917 ], [ 74.9983, 12.7859 ], [ 74.989, 12.7955 ], [ 74.9873, 12.783 ], [ 74.9684, 12.7764 ], [ 74.9582, 12.7847 ], [ 74.9329, 12.7805 ], [ 74.8823, 12.754 ], [ 74.8672, 12.7614 ], [ 74.8678, 12.7659 ], [ 74.8644, 12.7709 ], [ 74.8642, 12.7613 ], [ 74.824, 12.8506 ], [ 74.7817, 13.0425 ], [ 74.7775, 13.1027 ], [ 74.7918, 13.0965 ], [ 74.7985, 13.1075 ], [ 74.7921, 13.117 ], [ 74.8096, 13.1132 ], [ 74.8254, 13.1293 ], [ 74.8463, 13.1295 ], [ 74.8682, 13.1215 ], [ 74.8782, 13.0953 ], [ 74.9119, 13.1081 ], [ 74.9106, 13.1329 ], [ 74.9333, 13.1497 ], [ 74.9427, 13.1433 ], [ 74.9402, 13.1333 ], [ 74.9533, 13.121 ], [ 74.9749, 13.1294 ], [ 74.9942, 13.1573 ], [ 75.0152, 13.1308 ], [ 75.0366, 13.1416 ], [ 75.061, 13.1318 ], [ 75.0712, 13.1365 ], [ 75.0764, 13.1478 ], [ 75.0836, 13.1459 ], [ 75.0809, 13.1618 ], [ 75.0893, 13.1646 ], [ 75.0993, 13.1645 ], [ 75.0971, 13.1559 ], [ 75.1037, 13.1577 ], [ 75.1037, 13.1511 ], [ 75.1129, 13.1508 ], [ 75.1207, 13.1362 ], [ 75.1151, 13.1312 ], [ 75.1364, 13.1338 ], [ 75.15, 13.1247 ], [ 75.1677, 13.1362 ], [ 75.1803, 13.158 ], [ 75.2058, 13.1773 ], [ 75.2112, 13.1646 ], [ 75.2075, 13.1532 ], [ 75.2172, 13.1565 ], [ 75.2337, 13.1384 ], [ 75.2447, 13.1373 ], [ 75.2522, 13.1289 ], [ 75.2775, 13.1268 ], [ 75.2848, 13.1349 ], [ 75.2943, 13.1244 ], [ 75.2975, 13.1327 ], [ 75.3111, 13.1319 ], [ 75.3164, 13.1364 ], [ 75.3281, 13.1709 ], [ 75.3331, 13.1698 ], [ 75.3413, 13.1809 ], [ 75.352, 13.1852 ], [ 75.3765, 13.1818 ], [ 75.4094, 13.1501 ], [ 75.4071, 13.1117 ], [ 75.4247, 13.1063 ], [ 75.4337, 13.1217 ], [ 75.4448, 13.1047 ], [ 75.4551, 13.1101 ], [ 75.4709, 13.0971 ], [ 75.4701, 13.0779 ], [ 75.4797, 13.0772 ], [ 75.4887, 13.0912 ], [ 75.5251, 13.0507 ], [ 75.5197, 13.0273 ], [ 75.5311, 13.0213 ], [ 75.5325, 13.0045 ], [ 75.5246, 13.0004 ], [ 75.5143, 12.9789 ], [ 75.5564, 12.9427 ], [ 75.5545, 12.9064 ], [ 75.5636, 12.8665 ], [ 75.6028, 12.8755 ], [ 75.6023, 12.865 ], [ 75.6213, 12.8553 ], [ 75.6144, 12.7972 ], [ 75.6228, 12.7916 ], [ 75.6212, 12.7789 ], [ 75.6294, 12.779 ], [ 75.6412, 12.77 ], [ 75.6383, 12.7609 ], [ 75.6551, 12.7493 ], [ 75.6574, 12.752 ], [ 75.6518, 12.7199 ], [ 75.6261, 12.7051 ], [ 75.6339, 12.6898 ] ] ] } },
{ "type": "Feature", "properties": { "district": "Davangere", "did": "karnataka:Davangere", "state_key": "karnataka" }, "geometry": { "type": "Polygon", "coordinates": [ [ [ 76.0656, 14.2062 ], [ 76.0563, 14.1946 ], [ 76.0575, 14.1812 ], [ 76.0659, 14.1813 ], [ 76.0633, 14.1595 ], [ 76.0463, 14.1549 ], [ 76.0464, 14.1451 ], [ 76.0326, 14.1339 ], [ 76.025, 14.1131 ], [ 76.0253, 14.1 ], [ 76.0349, 14.0995 ], [ 76.0332, 14.0901 ], [ 76.0469, 14.0974 ], [ 76.0546, 14.089 ], [ 76.0563, 14.0705 ], [ 76.0476, 14.0472 ], [ 76.0508, 14.0237 ], [ 76.0426, 13.9908 ], [ 76.0508, 13.9786 ], [ 76.0722, 13.9822 ], [ 76.0656, 13.9415 ], [ 76.0446, 13.9424 ], [ 76.0294, 13.9184 ], [ 76.0304, 13.8687 ], [ 76.0224, 13.8635 ], [ 76.0158, 13.8719 ], [ 76.0108, 13.8659 ], [ 76.0081, 13.8686 ], [ 75.9888, 13.8485 ], [ 75.9804, 13.8478 ], [ 75.9702, 13.8564 ], [ 75.9497, 13.8338 ], [ 75.9523, 13.816 ], [ 75.9276, 13.8139 ], [ 75.9203, 13.8071 ], [ 75.8788, 13.8101 ], [ 75.8714, 13.8511 ], [ 75.8629, 13.8727 ], [ 75.8553, 13.8727 ], [ 75.8596, 13.9104 ], [ 75.8291, 13.9717 ], [ 75.8239, 14.0189 ], [ 75.8034, 14.0261 ], [ 75.7988, 14.0333 ], [ 75.801, 14.0437 ], [ 75.8139, 14.0488 ], [ 75.821, 14.065 ], [ 75.8141, 14.1056 ], [ 75.8058, 14.0981 ], [ 75.7685, 14.1036 ], [ 75.7682, 14.1094 ], [ 75.756, 14.1103 ], [ 75.7531, 14.1017 ], [ 75.7388, 14.1011 ], [ 75.7382, 14.0874 ], [ 75.7211, 14.0834 ], [ 75.7255, 14.0758 ], [ 75.673, 14.0649 ], [ 75.6343, 14.0798 ], [ 75.6307, 14.0735 ], [ 75.6175, 14.0766 ], [ 75.6036, 14.0565 ], [ 75.5913, 14.0639 ], [ 75.5852, 14.0579 ], [ 75.5537, 14.0788 ], [ 75.5432, 14.0781 ], [ 75.5313, 14.0975 ], [ 75.5236, 14.0945 ], [ 75.51, 14.1011 ], [ 75.4928, 14.0995 ], [ 75.4905, 14.1047 ], [ 75.4485, 14.0954 ], [ 75.4329, 14.1065 ], [ 75.3988, 14.1169 ], [ 75.4154, 14.1412 ], [ 75.4437, 14.1634 ], [ 75.4611, 14.1747 ], [ 75.4842, 14.1762 ], [ 75.4529, 14.2047 ], [ 75.4762, 14.2149 ], [ 75.5069, 14.2191 ], [ 75.5209, 14.2025 ], [ 75.5268, 14.2028 ], [ 75.5299, 14.2774 ], [ 75.5516, 14.2742 ], [ 75.5824, 14.2782 ], [ 75.5877, 14.2894 ], [ 75.6034, 14.293 ], [ 75.6109, 14.3159 ], [ 75.634, 14.3149 ], [ 75.6229, 14.3442 ], [ 75.6429, 14.4313 ], [ 75.6346, 14.4329 ], [ 75.6365, 14.441 ], [ 75.6304, 14.4447 ], [ 75.6368, 14.4656 ], [ 75.6548, 14.4637 ], [ 75.6616, 14.4518 ], [ 75.6897, 14.4918 ], [ 75.7002, 14.4911 ], [ 75.708, 14.4751 ], [ 75.7156, 14.4723 ], [ 75.7575, 14.5144 ], [ 75.7729, 14.5184 ], [ 75.7992, 14.5107 ], [ 75.7996, 14.5412 ], [ 75.8202, 14.567 ], [ 75.8045, 14.5984 ], [ 75.8107, 14.6546 ], [ 75.7989, 14.6676 ], [ 75.7971, 14.6825 ], [ 75.7635, 14.6753 ], [ 75.7396, 14.6852 ], [ 75.738, 14.6912 ], [ 75.7643, 14.7233 ], [ 75.756, 14.7405 ], [ 75.7597, 14.7753 ], [ 75.7715, 14.7823 ], [ 75.7729, 14.7916 ], [ 75.7988, 14.7689 ], [ 75.8231, 14.7764 ], [ 75.8333, 14.7954 ], [ 75.8331, 14.8131 ], [ 75.818, 14.8345 ], [ 75.8111, 14.8293 ], [ 75.8053, 14.8413 ], [ 75.8101, 14.8462 ], [ 75.8017, 14.8689 ], [ 75.816, 14.8998 ], [ 75.8257, 14.8992 ], [ 75.8322, 14.8835 ], [ 75.8448, 14.8898 ], [ 75.8539, 14.8836 ], [ 75.8537, 14.8636 ], [ 75.8691, 14.8544 ], [ 75.8732, 14.868 ], [ 75.8874, 14.8686 ], [ 75.8977, 14.8808 ], [ 75.9343, 14.892 ], [ 75.94, 14.9 ], [ 75.9653, 14.903 ], [ 75.9659, 14.9085 ], [ 75.9771, 14.8984 ], [ 75.9845, 14.9082 ], [ 75.9973, 14.8981 ], [ 76.0105, 14.9052 ], [ 76.0127, 14.8963 ], [ 76.0326, 14.9245 ], [ 76.0448, 14.9319 ], [ 76.0513, 14.9162 ], [ 76.0621, 14.9158 ], [ 76.0697, 14.9089 ], [ 76.0847, 14.9134 ], [ 76.0662, 14.884 ], [ 76.0727, 14.8688 ], [ 76.0877, 14.8726 ], [ 76.1289, 14.8691 ], [ 76.1305, 14.8608 ], [ 76.1547, 14.8612 ], [ 76.1593, 14.8472 ], [ 76.1907, 14.8465 ], [ 76.1943, 14.8208 ], [ 76.1761, 14.822 ], [ 76.1606, 14.8299 ], [ 76.1533, 14.8213 ], [ 76.1464, 14.8235 ], [ 76.1429, 14.7932 ], [ 76.1494, 14.7839 ], [ 76.1689, 14.7852 ], [ 76.1809, 14.7641 ], [ 76.1923, 14.7683 ], [ 76.2009, 14.7391 ], [ 76.1971, 14.725 ], [ 76.1871, 14.7225 ], [ 76.1837, 14.7003 ], [ 76.1934, 14.698 ], [ 76.1935, 14.682 ], [ 76.2044, 14.6779 ], [ 76.2305, 14.6493 ], [ 76.2465, 14.6945 ], [ 76.2569, 14.7007 ], [ 76.2579, 14.696 ], [ 76.2723, 14.6957 ], [ 76.2795, 14.6846 ], [ 76.3016, 14.69 ], [ 76.3123, 14.6872 ], [ 76.3162, 14.6926 ], [ 76.3353, 14.6878 ], [ 76.3429, 14.6657 ], [ 76.3793, 14.662 ], [ 76.3745, 14.6466 ], [ 76.3899, 14.6486 ], [ 76.3936, 14.6269 ], [ 76.4217, 14.6248 ], [ 76.4321, 14.6183 ], [ 76.4236, 14.5817 ], [ 76.5051, 14.5654 ], [ 76.5148, 14.5511 ], [ 76.5238, 14.5531 ], [ 76.5336, 14.5408 ], [ 76.5214, 14.5243 ], [ 76.4848, 14.5045 ], [ 76.4614, 14.5061 ], [ 76.4556, 14.4716 ], [ 76.4597, 14.4516 ], [ 76.4235, 14.45 ], [ 76.4239, 14.4385 ], [ 76.3965, 14.4344 ], [ 76.3932, 14.4263 ], [ 76.3832, 14.427 ], [ 76.3831, 14.4202 ], [ 76.3392, 14.419 ], [ 76.3326, 14.4095 ], [ 76.2931, 14.4088 ], [ 76.2812, 14.4042 ], [ 76.2662, 14.4238 ], [ 76.2613, 14.4443 ], [ 76.2474, 14.444 ], [ 76.2381, 14.4504 ], [ 76.2185, 14.4419 ], [ 76.2077, 14.4574 ], [ 76.1734, 14.4606 ], [ 76.172, 14.448 ], [ 76.1362, 14.427 ], [ 76.1553, 14.3869 ], [ 76.1507, 14.3663 ], [ 76.1568, 14.3604 ], [ 76.1565, 14.32 ], [ 76.1161, 14.3232 ], [ 76.1064, 14.3103 ], [ 76.1201, 14.2948 ], [ 76.117, 14.2775 ], [ 76.1249, 14.2825 ], [ 76.1299, 14.2799 ], [ 76.1349, 14.256 ], [ 76.1052, 14.2465 ], [ 76.079, 14.2451 ], [ 76.0721, 14.226 ], [ 76.0619, 14.2202 ], [ 76.0656, 14.2062 ] ] ] } },
{ "type": "Feature", "properties": { "district": "Dharwad", "did": "karnataka:Dharwad", "state_key": "karnataka" }, "geometry": { "type": "Polygon", "coordinates": [ [ [ 75.1318, 15.1448 ], [ 75.1036, 15.1403 ], [ 75.1135, 15.1172 ], [ 75.0953, 15.1139 ], [ 75.0953, 15.1102 ], [ 75.0774, 15.1103 ], [ 75.0806, 15.0739 ], [ 75.0582, 15.0723 ], [ 75.054, 15.0829 ], [ 75.0129, 15.0683 ], [ 74.994, 15.0735 ], [ 74.9576, 15.0648 ], [ 74.9406, 15.0664 ], [ 74.9406, 15.0519 ], [ 74.9239, 15.0484 ], [ 74.9171, 15.0388 ], [ 74.9081, 15.0508 ], [ 74.8909, 15.0448 ], [ 74.8872, 15.0656 ], [ 74.8785, 15.0738 ], [ 74.8801, 15.0848 ], [ 74.8895, 15.0888 ], [ 74.892, 15.097 ], [ 74.8593, 15.1027 ], [ 74.8513, 15.1209 ], [ 74.8315, 15.1318 ], [ 74.8293, 15.1396 ], [ 74.8374, 15.1439 ], [ 74.835, 15.1503 ], [ 74.8511, 15.1716 ], [ 74.8774, 15.1932 ], [ 74.8731, 15.2163 ], [ 74.9102, 15.251 ], [ 74.9009, 15.2918 ], [ 74.8889, 15.3071 ], [ 74.8819, 15.2988 ], [ 74.8737, 15.2985 ], [ 74.8762, 15.3166 ], [ 74.8607, 15.3272 ], [ 74.8536, 15.3412 ], [ 74.8358, 15.3346 ], [ 74.8284, 15.3406 ], [ 74.8191, 15.3704 ], [ 74.8309, 15.3728 ], [ 74.821, 15.3851 ], [ 74.7971, 15.3771 ], [ 74.7824, 15.3943 ], [ 74.7652, 15.3996 ], [ 74.7685, 15.4161 ], [ 74.7414, 15.4123 ], [ 74.7296, 15.4315 ], [ 74.7444, 15.4635 ], [ 74.7319, 15.4709 ], [ 74.7273, 15.4889 ], [ 74.7486, 15.4962 ], [ 74.7611, 15.4705 ], [ 74.7646, 15.4739 ], [ 74.7783, 15.4593 ], [ 74.7886, 15.474 ], [ 74.7869, 15.4861 ], [ 74.7959, 15.4875 ], [ 74.798, 15.4977 ], [ 74.8058, 15.498 ], [ 74.8035, 15.503 ], [ 74.8139, 15.505 ], [ 74.7979, 15.5485 ], [ 74.8224, 15.5685 ], [ 74.8409, 15.5747 ], [ 74.8299, 15.5903 ], [ 74.8298, 15.6098 ], [ 74.8789, 15.6179 ], [ 74.8873, 15.6297 ], [ 74.9004, 15.6316 ], [ 74.9327, 15.6236 ], [ 74.9651, 15.6272 ], [ 74.9663, 15.6543 ], [ 75.0194, 15.6439 ], [ 75.028, 15.6518 ], [ 75.0283, 15.6698 ], [ 75.0467, 15.6706 ], [ 75.0498, 15.6825 ], [ 75.0598, 15.6821 ], [ 75.0632, 15.6693 ], [ 75.0563, 15.6325 ], [ 75.0639, 15.6257 ], [ 75.0807, 15.6229 ], [ 75.0918, 15.6079 ], [ 75.1082, 15.672 ], [ 75.1324, 15.6601 ], [ 75.1713, 15.6605 ], [ 75.184, 15.6576 ], [ 75.1872, 15.649 ], [ 75.2027, 15.6491 ], [ 75.2026, 15.6815 ], [ 75.2177, 15.6816 ], [ 75.2179, 15.677 ], [ 75.2363, 15.679 ], [ 75.2491, 15.647 ], [ 75.2737, 15.6487 ], [ 75.2779, 15.6871 ], [ 75.2956, 15.6919 ], [ 75.3131, 15.6801 ], [ 75.337, 15.6738 ], [ 75.3356, 15.6487 ], [ 75.3594, 15.6456 ], [ 75.3624, 15.6687 ], [ 75.413, 15.6554 ], [ 75.4244, 15.6625 ], [ 75.4251, 15.6705 ], [ 75.4413, 15.6723 ], [ 75.4476, 15.6823 ], [ 75.4505, 15.678 ], [ 75.4701, 15.6841 ], [ 75.4685, 15.7008 ], [ 75.4876, 15.7025 ], [ 75.5025, 15.6474 ], [ 75.5544, 15.6473 ], [ 75.5493, 15.6144 ], [ 75.5344, 15.5916 ], [ 75.5295, 15.5379 ], [ 75.5053, 15.5297 ], [ 75.4817, 15.5317 ], [ 75.475, 15.5166 ], [ 75.4718, 15.4927 ], [ 75.487, 15.4893 ], [ 75.4951, 15.4698 ], [ 75.499, 15.4238 ], [ 75.4924, 15.3687 ], [ 75.4817, 15.3786 ], [ 75.4818, 15.3932 ], [ 75.4753, 15.3958 ], [ 75.4698, 15.3975 ], [ 75.4689, 15.3859 ], [ 75.4446, 15.3861 ], [ 75.4577, 15.3421 ], [ 75.4485, 15.3276 ], [ 75.4497, 15.3018 ], [ 75.4124, 15.2997 ], [ 75.4061, 15.2776 ], [ 75.4161, 15.2792 ], [ 75.4168, 15.2749 ], [ 75.402, 15.2733 ], [ 75.4028, 15.2603 ], [ 75.4165, 15.2625 ], [ 75.4158, 15.2346 ], [ 75.422, 15.2352 ], [ 75.4227, 15.226 ], [ 75.4402, 15.2272 ], [ 75.4491, 15.2081 ], [ 75.4332, 15.21 ], [ 75.4329, 15.1989 ], [ 75.3988, 15.2013 ], [ 75.4007, 15.1732 ], [ 75.3952, 15.1721 ], [ 75.3958, 15.1655 ], [ 75.4017, 15.1656 ], [ 75.4031, 15.1716 ], [ 75.4335, 15.1094 ], [ 75.4166, 15.0849 ], [ 75.4166, 15.0595 ], [ 75.3992, 15.0599 ], [ 75.3692, 15.0501 ], [ 75.3572, 15.0652 ], [ 75.3397, 15.0697 ], [ 75.333, 15.0867 ], [ 75.35, 15.0947 ], [ 75.3506, 15.101 ], [ 75.337, 15.1122 ], [ 75.3364, 15.1618 ], [ 75.3071, 15.1551 ], [ 75.3098, 15.1383 ], [ 75.2871, 15.1369 ], [ 75.288, 15.1305 ], [ 75.2699, 15.1176 ], [ 75.2605, 15.1183 ], [ 75.2584, 15.0985 ], [ 75.2533, 15.098 ], [ 75.2512, 15.1076 ], [ 75.2389, 15.1089 ], [ 75.2258, 15.1074 ], [ 75.2249, 15.1012 ], [ 75.1882, 15.0979 ], [ 75.1861, 15.1043 ], [ 75.1582, 15.1015 ], [ 75.1587, 15.1097 ], [ 75.1391, 15.1043 ], [ 75.1331, 15.119 ], [ 75.1529, 15.1456 ], [ 75.141, 15.1614 ], [ 75.1318, 15.1448 ] ] ] } },
{ "type": "Feature", "properties": { "district": "Gadag", "did": "karnataka:Gadag", "state_key": "karnataka" }, "geometry": { "type": "MultiPolygon", "coordinates": [ [ [ [ 75.4227, 15.226 ], [ 75.422, 15.2352 ], [ 75.4154, 15.2362 ], [ 75.4165, 15.2625 ], [ 75.4028, 15.2603 ], [ 75.4018, 15.2724 ], [ 75.4168, 15.2749 ], [ 75.4161, 15.2792 ], [ 75.4061, 15.2776 ], [ 75.4124, 15.2997 ], [ 75.4497, 15.3018 ], [ 75.4485, 15.3276 ], [ 75.4577, 15.3421 ], [ 75.4446, 15.3861 ], [ 75.4689, 15.3859 ], [ 75.4698, 15.3975 ], [ 75.4753, 15.3958 ], [ 75.4818, 15.3932 ], [ 75.4817, 15.3786 ], [ 75.4925, 15.3692 ], [ 75.499, 15.4238 ], [ 75.4951, 15.4698 ], [ 75.487, 15.4893 ], [ 75.4718, 15.4927 ], [ 75.475, 15.5166 ], [ 75.4817, 15.5317 ], [ 75.5053, 15.5297 ], [ 75.5295, 15.5379 ], [ 75.5344, 15.5916 ], [ 75.5493, 15.6144 ], [ 75.5544, 15.6473 ], [ 75.5025, 15.6474 ], [ 75.4876, 15.7025 ], [ 75.4685, 15.7008 ], [ 75.4701, 15.6841 ], [ 75.4505, 15.678 ], [ 75.4476, 15.6823 ], [ 75.4413, 15.6723 ], [ 75.4251, 15.6705 ], [ 75.4244, 15.6625 ], [ 75.413, 15.6554 ], [ 75.3624, 15.6687 ], [ 75.3594, 15.6456 ], [ 75.3356, 15.6487 ], [ 75.337, 15.6738 ], [ 75.3131, 15.6801 ], [ 75.2956, 15.6919 ], [ 75.2789, 15.6885 ], [ 75.2746, 15.7404 ], [ 75.2938, 15.741 ], [ 75.2931, 15.7282 ], [ 75.2996, 15.7276 ], [ 75.3142, 15.73 ], [ 75.3183, 15.7449 ], [ 75.3183, 15.7645 ], [ 75.3061, 15.766 ], [ 75.3036, 15.8126 ], [ 75.3249, 15.8112 ], [ 75.3328, 15.8163 ], [ 75.3299, 15.824 ], [ 75.3393, 15.8276 ], [ 75.3411, 15.8048 ], [ 75.3647, 15.8049 ], [ 75.3749, 15.8453 ], [ 75.3903, 15.8378 ], [ 75.4246, 15.8419 ], [ 75.4142, 15.7848 ], [ 75.4372, 15.7787 ], [ 75.4401, 15.7953 ], [ 75.4472, 15.7938 ], [ 75.4578, 15.8185 ], [ 75.4573, 15.8615 ], [ 75.4511, 15.8628 ], [ 75.4539, 15.881 ], [ 75.4488, 15.8848 ], [ 75.4603, 15.887 ], [ 75.4598, 15.8801 ], [ 75.4654, 15.8814 ], [ 75.4788, 15.8711 ], [ 75.4802, 15.8777 ], [ 75.4978, 15.8723 ], [ 75.507, 15.8555 ], [ 75.5078, 15.8602 ], [ 75.5196, 15.8577 ], [ 75.5206, 15.8529 ], [ 75.5123, 15.8513 ], [ 75.5211, 15.8411 ], [ 75.5314, 15.842 ], [ 75.5299, 15.8349 ], [ 75.5564, 15.8325 ], [ 75.5527, 15.8247 ], [ 75.5665, 15.8383 ], [ 75.5713, 15.8337 ], [ 75.566, 15.8296 ], [ 75.5767, 15.8306 ], [ 75.5769, 15.8248 ], [ 75.5871, 15.8333 ], [ 75.6, 15.8268 ], [ 75.609, 15.8306 ], [ 75.6054, 15.8271 ], [ 75.6166, 15.8212 ], [ 75.6177, 15.8356 ], [ 75.6312, 15.8308 ], [ 75.6424, 15.8413 ], [ 75.6428, 15.832 ], [ 75.6568, 15.8266 ], [ 75.6627, 15.8378 ], [ 75.6721, 15.8363 ], [ 75.6771, 15.8209 ], [ 75.6879, 15.8308 ], [ 75.6959, 15.8247 ], [ 75.7139, 15.8276 ], [ 75.7219, 15.8179 ], [ 75.7369, 15.8134 ], [ 75.7796, 15.8172 ], [ 75.7744, 15.8273 ], [ 75.7767, 15.8491 ], [ 75.7804, 15.8527 ], [ 75.7976, 15.8478 ], [ 75.7999, 15.8577 ], [ 75.8091, 15.8547 ], [ 75.8061, 15.8486 ], [ 75.8207, 15.8498 ], [ 75.8295, 15.8398 ], [ 75.8478, 15.8387 ], [ 75.8719, 15.8291 ], [ 75.929, 15.7909 ], [ 75.961, 15.7838 ], [ 75.9638, 15.7946 ], [ 75.9844, 15.8024 ], [ 75.9945, 15.7807 ], [ 76.0098, 15.7839 ], [ 76.0389, 15.7708 ], [ 76.0347, 15.7546 ], [ 76.0399, 15.7538 ], [ 76.0373, 15.7369 ], [ 76.0435, 15.7365 ], [ 76.0417, 15.7185 ], [ 76.0232, 15.7093 ], [ 76.019, 15.715 ], [ 76.0049, 15.7155 ], [ 75.9844, 15.6938 ], [ 75.9833, 15.6672 ], [ 75.995, 15.6779 ], [ 76.0142, 15.6802 ], [ 76.0112, 15.6624 ], [ 75.968, 15.6642 ], [ 75.967, 15.6789 ], [ 75.9436, 15.6764 ], [ 75.9403, 15.6932 ], [ 75.9259, 15.6923 ], [ 75.9154, 15.6977 ], [ 75.9214, 15.7261 ], [ 75.9104, 15.7317 ], [ 75.9106, 15.7444 ], [ 75.8974, 15.7505 ], [ 75.8927, 15.7384 ], [ 75.8831, 15.7375 ], [ 75.8911, 15.7284 ], [ 75.8869, 15.7168 ], [ 75.871, 15.7144 ], [ 75.871, 15.6726 ], [ 75.8875, 15.6683 ], [ 75.8858, 15.6337 ], [ 75.8947, 15.6324 ], [ 75.8984, 15.6248 ], [ 75.8975, 15.6071 ], [ 75.8824, 15.597 ], [ 75.8668, 15.596 ], [ 75.8602, 15.5138 ], [ 75.8505, 15.5158 ], [ 75.8313, 15.5068 ], [ 75.8191, 15.5079 ], [ 75.824, 15.4957 ], [ 75.8149, 15.4955 ], [ 75.8157, 15.4869 ], [ 75.8096, 15.4867 ], [ 75.8129, 15.4675 ], [ 75.8187, 15.4686 ], [ 75.8238, 15.4517 ], [ 75.8399, 15.4427 ], [ 75.8589, 15.4442 ], [ 75.8658, 15.4078 ], [ 75.8844, 15.4088 ], [ 75.904, 15.4029 ], [ 75.9028, 15.3544 ], [ 75.8874, 15.3532 ], [ 75.8933, 15.3186 ], [ 75.8887, 15.2904 ], [ 75.8992, 15.2766 ], [ 75.8948, 15.2733 ], [ 75.9, 15.2453 ], [ 75.9032, 15.2394 ], [ 75.9117, 15.2405 ], [ 75.9244, 15.2059 ], [ 75.9247, 15.1827 ], [ 75.9482, 15.1731 ], [ 75.9517, 15.1377 ], [ 75.9242, 15.1413 ], [ 75.9023, 15.1317 ], [ 75.9009, 15.1215 ], [ 75.8857, 15.1098 ], [ 75.8885, 15.0969 ], [ 75.9088, 15.0767 ], [ 75.9035, 15.0567 ], [ 75.8837, 15.0523 ], [ 75.8739, 15.0353 ], [ 75.8595, 15.0364 ], [ 75.8461, 15.0449 ], [ 75.8385, 15.0416 ], [ 75.8333, 15.0287 ], [ 75.8077, 15.0245 ], [ 75.7848, 15.0023 ], [ 75.7792, 14.9772 ], [ 75.7607, 14.9684 ], [ 75.7393, 14.9441 ], [ 75.7213, 14.9512 ], [ 75.7011, 14.9484 ], [ 75.6894, 14.9748 ], [ 75.6511, 14.991 ], [ 75.6318, 14.9914 ], [ 75.6293, 14.9836 ], [ 75.6175, 14.9806 ], [ 75.6181, 14.9738 ], [ 75.6089, 14.973 ], [ 75.6107, 14.9584 ], [ 75.5979, 14.9548 ], [ 75.5837, 14.9684 ], [ 75.5652, 14.9714 ], [ 75.5655, 14.9792 ], [ 75.5413, 14.9787 ], [ 75.5428, 15.0136 ], [ 75.5328, 15.0345 ], [ 75.521, 15.0332 ], [ 75.4951, 15.0471 ], [ 75.4611, 15.0439 ], [ 75.4487, 15.0607 ], [ 75.4171, 15.0615 ], [ 75.4166, 15.0849 ], [ 75.4335, 15.1094 ], [ 75.4291, 15.1263 ], [ 75.4119, 15.146 ], [ 75.41, 15.1614 ], [ 75.4031, 15.1716 ], [ 75.4017, 15.1656 ], [ 75.3958, 15.1655 ], [ 75.3952, 15.1719 ], [ 75.4007, 15.1732 ], [ 75.3988, 15.2013 ], [ 75.4329, 15.1989 ], [ 75.4332, 15.21 ], [ 75.4491, 15.2081 ], [ 75.4402, 15.2272 ], [ 75.4227, 15.226 ] ] ] ] } },
{ "type": "Feature", "properties": { "district": "Hassan", "did": "karnataka:Hassan", "state_key": "karnataka" }, "geometry": { "type": "Polygon", "coordinates": [ [ [ 76.1965, 12.5773 ], [ 76.1524, 12.5796 ], [ 76.1481, 12.5662 ], [ 76.1577, 12.5628 ], [ 76.1513, 12.5471 ], [ 76.1426, 12.5452 ], [ 76.1409, 12.5366 ], [ 76.1344, 12.537 ], [ 76.1334, 12.5287 ], [ 76.1142, 12.5269 ], [ 76.1153, 12.5128 ], [ 76.1061, 12.5173 ], [ 76.1033, 12.5291 ], [ 76.0862, 12.5388 ], [ 76.0906, 12.5456 ], [ 76.0711, 12.5492 ], [ 76.0675, 12.5573 ], [ 76.0521, 12.5542 ], [ 76.0456, 12.577 ], [ 76.0342, 12.5735 ], [ 76.0217, 12.5769 ], [ 76.0139, 12.5695 ], [ 75.9922, 12.5887 ], [ 75.9885, 12.5741 ], [ 75.9688, 12.5767 ], [ 75.9755, 12.5635 ], [ 75.9626, 12.5612 ], [ 75.9395, 12.6087 ], [ 75.9496, 12.6248 ], [ 75.9356, 12.63 ], [ 75.9435, 12.6365 ], [ 75.9389, 12.653 ], [ 75.9479, 12.6639 ], [ 75.9399, 12.6764 ], [ 75.9542, 12.6767 ], [ 75.9596, 12.6833 ], [ 75.9652, 12.711 ], [ 75.9419, 12.7202 ], [ 75.9345, 12.7337 ], [ 75.933, 12.764 ], [ 75.9546, 12.7686 ], [ 75.9578, 12.782 ], [ 75.9708, 12.7839 ], [ 75.9691, 12.805 ], [ 75.9494, 12.8005 ], [ 75.9462, 12.8079 ], [ 75.9302, 12.8079 ], [ 75.9278, 12.8217 ], [ 75.9195, 12.8284 ], [ 75.9113, 12.8152 ], [ 75.9001, 12.8278 ], [ 75.8795, 12.8342 ], [ 75.8768, 12.8236 ], [ 75.8638, 12.8186 ], [ 75.8639, 12.7964 ], [ 75.8782, 12.7767 ], [ 75.8749, 12.7698 ], [ 75.8583, 12.7696 ], [ 75.86, 12.7572 ], [ 75.8495, 12.7498 ], [ 75.8549, 12.7235 ], [ 75.8725, 12.7091 ], [ 75.8866, 12.705 ], [ 75.8875, 12.6787 ], [ 75.8779, 12.6718 ], [ 75.8329, 12.6715 ], [ 75.8077, 12.7017 ], [ 75.7916, 12.6884 ], [ 75.7772, 12.6888 ], [ 75.7731, 12.6794 ], [ 75.7684, 12.6817 ], [ 75.7608, 12.6741 ], [ 75.7456, 12.6797 ], [ 75.7313, 12.6979 ], [ 75.7214, 12.6963 ], [ 75.7129, 12.7077 ], [ 75.7115, 12.7054 ], [ 75.668, 12.6973 ], [ 75.6379, 12.6953 ], [ 75.6339, 12.6898 ], [ 75.6261, 12.7051 ], [ 75.6506, 12.7179 ], [ 75.6583, 12.7428 ], [ 75.6574, 12.752 ], [ 75.6551, 12.7493 ], [ 75.6381, 12.7612 ], [ 75.6412, 12.77 ], [ 75.6294, 12.779 ], [ 75.6212, 12.7789 ], [ 75.6228, 12.7916 ], [ 75.6144, 12.7972 ], [ 75.6213, 12.8553 ], [ 75.6023, 12.865 ], [ 75.6028, 12.8755 ], [ 75.5638, 12.8663 ], [ 75.5546, 12.9073 ], [ 75.5722, 12.9347 ], [ 75.5866, 12.942 ], [ 75.5912, 12.943 ], [ 75.5935, 12.9434 ], [ 75.5954, 12.9438 ], [ 75.6041, 12.9735 ], [ 75.6314, 13.0116 ], [ 75.6376, 13.0112 ], [ 75.6427, 13.0313 ], [ 75.6546, 13.0294 ], [ 75.6556, 13.0225 ], [ 75.6649, 13.0318 ], [ 75.6906, 13.0337 ], [ 75.6947, 13.046 ], [ 75.6964, 13.0368 ], [ 75.7104, 13.0382 ], [ 75.7165, 13.0309 ], [ 75.7248, 13.0314 ], [ 75.7279, 13.0235 ], [ 75.7402, 13.03 ], [ 75.7425, 13.0694 ], [ 75.7271, 13.0994 ], [ 75.7383, 13.1101 ], [ 75.7353, 13.1235 ], [ 75.7537, 13.136 ], [ 75.7518, 13.1457 ], [ 75.7408, 13.1491 ], [ 75.7302, 13.1644 ], [ 75.7287, 13.1832 ], [ 75.7432, 13.2078 ], [ 75.7506, 13.2064 ], [ 75.7583, 13.2174 ], [ 75.766, 13.2121 ], [ 75.7758, 13.2161 ], [ 75.779, 13.2099 ], [ 75.8057, 13.2159 ], [ 75.8125, 13.2307 ], [ 75.8088, 13.2545 ], [ 75.816, 13.2589 ], [ 75.8389, 13.2519 ], [ 75.8573, 13.2583 ], [ 75.8615, 13.24 ], [ 75.8768, 13.2603 ], [ 75.8994, 13.2663 ], [ 75.9034, 13.2579 ], [ 75.9161, 13.2631 ], [ 75.9184, 13.2574 ], [ 75.9361, 13.2562 ], [ 75.9839, 13.2646 ], [ 75.9901, 13.2581 ], [ 76.0149, 13.2612 ], [ 76.0163, 13.2509 ], [ 76.0364, 13.2486 ], [ 76.0443, 13.275 ], [ 76.0382, 13.2801 ], [ 76.0353, 13.3005 ], [ 76.0429, 13.3238 ], [ 76.027, 13.3213 ], [ 76.027, 13.3269 ], [ 76.0347, 13.3365 ], [ 76.0288, 13.3456 ], [ 76.0416, 13.3744 ], [ 76.0558, 13.3809 ], [ 76.0889, 13.3715 ], [ 76.0899, 13.3937 ], [ 76.0996, 13.3925 ], [ 76.1112, 13.4006 ], [ 76.1289, 13.4004 ], [ 76.1394, 13.4066 ], [ 76.1372, 13.4423 ], [ 76.1622, 13.4697 ], [ 76.1934, 13.4689 ], [ 76.1873, 13.4527 ], [ 76.1997, 13.4503 ], [ 76.198, 13.4689 ], [ 76.2311, 13.4679 ], [ 76.2341, 13.4834 ], [ 76.2291, 13.484 ], [ 76.2383, 13.4948 ], [ 76.2339, 13.5075 ], [ 76.2601, 13.5114 ], [ 76.2621, 13.5052 ], [ 76.2899, 13.5048 ], [ 76.2932, 13.5271 ], [ 76.3, 13.5221 ], [ 76.312, 13.5254 ], [ 76.3159, 13.5397 ], [ 76.3297, 13.5221 ], [ 76.3457, 13.5138 ], [ 76.3485, 13.5255 ], [ 76.3627, 13.5305 ], [ 76.3639, 13.5471 ], [ 76.3702, 13.5479 ], [ 76.3877, 13.5342 ], [ 76.3956, 13.536 ], [ 76.4005, 13.5264 ], [ 76.4273, 13.5256 ], [ 76.4152, 13.509 ], [ 76.3965, 13.5039 ], [ 76.396, 13.4935 ], [ 76.4152, 13.4788 ], [ 76.407, 13.4592 ], [ 76.4197, 13.4484 ], [ 76.3894, 13.3961 ], [ 76.3923, 13.3794 ], [ 76.3814, 13.3641 ], [ 76.3466, 13.3582 ], [ 76.3562, 13.2491 ], [ 76.362, 13.249 ], [ 76.3645, 13.234 ], [ 76.3799, 13.2315 ], [ 76.38, 13.2225 ], [ 76.3699, 13.2122 ], [ 76.3708, 13.2004 ], [ 76.3938, 13.1979 ], [ 76.3943, 13.1905 ], [ 76.4124, 13.1918 ], [ 76.4256, 13.1834 ], [ 76.4289, 13.173 ], [ 76.445, 13.1698 ], [ 76.455, 13.1499 ], [ 76.4732, 13.1499 ], [ 76.4722, 13.0932 ], [ 76.4947, 13.0946 ], [ 76.4957, 13.0867 ], [ 76.5138, 13.0695 ], [ 76.5277, 13.079 ], [ 76.5857, 13.0704 ], [ 76.5993, 13.0743 ], [ 76.6179, 13.0638 ], [ 76.6198, 13.054 ], [ 76.6053, 13.0532 ], [ 76.6021, 13.0402 ], [ 76.6089, 13.031 ], [ 76.6042, 13.0172 ], [ 76.6129, 13.0058 ], [ 76.6192, 13.0088 ], [ 76.6322, 13.0042 ], [ 76.6336, 12.9813 ], [ 76.6222, 12.9658 ], [ 76.6118, 12.9653 ], [ 76.6162, 12.9371 ], [ 76.606, 12.9386 ], [ 76.6031, 12.9229 ], [ 76.5965, 12.9211 ], [ 76.5996, 12.9047 ], [ 76.591, 12.8909 ], [ 76.5965, 12.8809 ], [ 76.5791, 12.8731 ], [ 76.5777, 12.8469 ], [ 76.5541, 12.8453 ], [ 76.5466, 12.8402 ], [ 76.5355, 12.8443 ], [ 76.5205, 12.8414 ], [ 76.5183, 12.8263 ], [ 76.5029, 12.822 ], [ 76.4901, 12.8064 ], [ 76.4944, 12.8027 ], [ 76.4906, 12.7886 ], [ 76.4998, 12.7803 ], [ 76.4929, 12.7672 ], [ 76.4896, 12.7858 ], [ 76.4782, 12.7806 ], [ 76.4748, 12.7717 ], [ 76.455, 12.781 ], [ 76.4714, 12.7987 ], [ 76.4643, 12.806 ], [ 76.458, 12.8045 ], [ 76.4459, 12.8233 ], [ 76.4253, 12.825 ], [ 76.4201, 12.8417 ], [ 76.4253, 12.8579 ], [ 76.4176, 12.8582 ], [ 76.4136, 12.8644 ], [ 76.4072, 12.865 ], [ 76.4085, 12.844 ], [ 76.3862, 12.8451 ], [ 76.3829, 12.8311 ], [ 76.3694, 12.8286 ], [ 76.3683, 12.809 ], [ 76.3318, 12.812 ], [ 76.3344, 12.7877 ], [ 76.3496, 12.7856 ], [ 76.3429, 12.7605 ], [ 76.3571, 12.75 ], [ 76.3553, 12.7438 ], [ 76.3441, 12.7423 ], [ 76.3413, 12.732 ], [ 76.3502, 12.7134 ], [ 76.3615, 12.7118 ], [ 76.3628, 12.7013 ], [ 76.36, 12.6869 ], [ 76.3537, 12.6852 ], [ 76.3529, 12.668 ], [ 76.3475, 12.668 ], [ 76.3381, 12.6464 ], [ 76.3235, 12.6351 ], [ 76.3277, 12.6114 ], [ 76.3063, 12.6104 ], [ 76.3098, 12.6225 ], [ 76.3015, 12.6219 ], [ 76.3003, 12.6291 ], [ 76.2926, 12.6263 ], [ 76.2906, 12.6166 ], [ 76.2803, 12.6167 ], [ 76.2798, 12.6337 ], [ 76.2654, 12.6289 ], [ 76.2649, 12.6193 ], [ 76.2545, 12.6203 ], [ 76.2458, 12.6259 ], [ 76.2457, 12.637 ], [ 76.2209, 12.6446 ], [ 76.2073, 12.6333 ], [ 76.2154, 12.6217 ], [ 76.2054, 12.6169 ], [ 76.1921, 12.5913 ], [ 76.1965, 12.5773 ] ] ] } },
{ "type": "Feature", "properties": { "district": "Haveri", "did": "karnataka:Haveri", "state_key": "karnataka" }, "geometry": { "type": "MultiPolygon", "coordinates": [ [ [ [ 75.6229, 14.3451 ], [ 75.634, 14.3149 ], [ 75.6109, 14.3159 ], [ 75.6034, 14.293 ], [ 75.5877, 14.2894 ], [ 75.5824, 14.2782 ], [ 75.5516, 14.2742 ], [ 75.5356, 14.2774 ], [ 75.5341, 14.2895 ], [ 75.5027, 14.3078 ], [ 75.501, 14.3443 ], [ 75.4898, 14.3473 ], [ 75.4887, 14.3387 ], [ 75.4765, 14.3438 ], [ 75.4773, 14.3174 ], [ 75.4293, 14.3491 ], [ 75.4102, 14.3524 ], [ 75.3974, 14.3661 ], [ 75.3737, 14.3702 ], [ 75.3486, 14.388 ], [ 75.3594, 14.4093 ], [ 75.3779, 14.4078 ], [ 75.3821, 14.4335 ], [ 75.3646, 14.4416 ], [ 75.3561, 14.4283 ], [ 75.3401, 14.4357 ], [ 75.3472, 14.4574 ], [ 75.3399, 14.4687 ], [ 75.3461, 14.4853 ], [ 75.3294, 14.4945 ], [ 75.3196, 14.5134 ], [ 75.275, 14.5109 ], [ 75.2675, 14.5149 ], [ 75.2678, 14.5278 ], [ 75.2783, 14.5341 ], [ 75.2901, 14.5316 ], [ 75.2972, 14.5405 ], [ 75.2654, 14.5797 ], [ 75.2435, 14.5779 ], [ 75.2404, 14.5549 ], [ 75.2251, 14.5677 ], [ 75.2274, 14.5838 ], [ 75.2216, 14.5849 ], [ 75.2075, 14.5721 ], [ 75.1973, 14.5774 ], [ 75.1977, 14.5827 ], [ 75.1841, 14.5858 ], [ 75.1817, 14.5977 ], [ 75.2051, 14.5975 ], [ 75.2106, 14.6233 ], [ 75.2055, 14.6376 ], [ 75.2007, 14.6379 ], [ 75.2024, 14.6277 ], [ 75.1878, 14.6225 ], [ 75.1719, 14.6343 ], [ 75.1654, 14.6333 ], [ 75.1602, 14.6173 ], [ 75.1528, 14.6261 ], [ 75.1441, 14.6203 ], [ 75.1425, 14.6338 ], [ 75.1242, 14.6312 ], [ 75.0992, 14.6528 ], [ 75.0726, 14.6552 ], [ 75.0508, 14.6495 ], [ 75.0405, 14.6607 ], [ 75.0352, 14.658 ], [ 75.0321, 14.7079 ], [ 75.0172, 14.7099 ], [ 75.0152, 14.7207 ], [ 75.0304, 14.7299 ], [ 75.0383, 14.7279 ], [ 75.0378, 14.7383 ], [ 75.0471, 14.7445 ], [ 75.0411, 14.774 ], [ 75.0629, 14.7764 ], [ 75.0699, 14.783 ], [ 75.0685, 14.7984 ], [ 75.0558, 14.805 ], [ 75.0554, 14.8147 ], [ 75.0749, 14.8086 ], [ 75.0916, 14.8111 ], [ 75.0903, 14.8202 ], [ 75.0738, 14.8258 ], [ 75.068, 14.8371 ], [ 75.0744, 14.8689 ], [ 75.0673, 14.9187 ], [ 75.0848, 14.9214 ], [ 75.0822, 14.9259 ], [ 75.1013, 14.9268 ], [ 75.1029, 14.9342 ], [ 75.0945, 14.9513 ], [ 75.0989, 14.9563 ], [ 75.0838, 14.9564 ], [ 75.0762, 14.9738 ], [ 75.0693, 15.0152 ], [ 75.082, 15.0746 ], [ 75.0774, 15.1103 ], [ 75.0953, 15.1102 ], [ 75.0953, 15.1139 ], [ 75.1135, 15.1172 ], [ 75.1036, 15.1403 ], [ 75.1318, 15.1448 ], [ 75.1367, 15.1607 ], [ 75.1529, 15.1456 ], [ 75.1331, 15.119 ], [ 75.1391, 15.1043 ], [ 75.1587, 15.1097 ], [ 75.1582, 15.1015 ], [ 75.1861, 15.1043 ], [ 75.1882, 15.0979 ], [ 75.2249, 15.1012 ], [ 75.2258, 15.1074 ], [ 75.2389, 15.1089 ], [ 75.2512, 15.1076 ], [ 75.2533, 15.098 ], [ 75.2584, 15.0985 ], [ 75.2605, 15.1183 ], [ 75.2699, 15.1176 ], [ 75.288, 15.1305 ], [ 75.2871, 15.1369 ], [ 75.3098, 15.1383 ], [ 75.3071, 15.1551 ], [ 75.3364, 15.1618 ], [ 75.3367, 15.1136 ], [ 75.3506, 15.1001 ], [ 75.35, 15.0947 ], [ 75.333, 15.0867 ], [ 75.3339, 15.0818 ], [ 75.3347, 15.0814 ], [ 75.3369, 15.0751 ], [ 75.3397, 15.0697 ], [ 75.3405, 15.069 ], [ 75.3572, 15.0652 ], [ 75.3677, 15.0503 ], [ 75.3992, 15.0599 ], [ 75.4487, 15.0607 ], [ 75.4611, 15.0439 ], [ 75.4951, 15.0471 ], [ 75.521, 15.0332 ], [ 75.5328, 15.0345 ], [ 75.5428, 15.0136 ], [ 75.5413, 14.9787 ], [ 75.5655, 14.9792 ], [ 75.5652, 14.9714 ], [ 75.5837, 14.9684 ], [ 75.5979, 14.9548 ], [ 75.6107, 14.9584 ], [ 75.6089, 14.973 ], [ 75.6181, 14.9738 ], [ 75.6175, 14.9806 ], [ 75.6293, 14.9836 ], [ 75.6318, 14.9914 ], [ 75.6668, 14.9873 ], [ 75.6928, 14.9714 ], [ 75.7011, 14.9484 ], [ 75.6854, 14.9428 ], [ 75.6821, 14.9355 ], [ 75.6962, 14.8921 ], [ 75.7281, 14.8975 ], [ 75.7391, 14.8873 ], [ 75.7327, 14.8636 ], [ 75.7216, 14.8642 ], [ 75.7125, 14.8527 ], [ 75.6952, 14.8522 ], [ 75.6937, 14.8589 ], [ 75.6903, 14.8568 ], [ 75.6636, 14.8035 ], [ 75.6777, 14.798 ], [ 75.6918, 14.7823 ], [ 75.7134, 14.7788 ], [ 75.7224, 14.7719 ], [ 75.7206, 14.7511 ], [ 75.7024, 14.7316 ], [ 75.7063, 14.7233 ], [ 75.7178, 14.7195 ], [ 75.7557, 14.7387 ], [ 75.7621, 14.7348 ], [ 75.7638, 14.7223 ], [ 75.7411, 14.7008 ], [ 75.7392, 14.6855 ], [ 75.7635, 14.6753 ], [ 75.7988, 14.6812 ], [ 75.7989, 14.6676 ], [ 75.8113, 14.6492 ], [ 75.8045, 14.5984 ], [ 75.8202, 14.567 ], [ 75.7996, 14.5412 ], [ 75.7978, 14.5096 ], [ 75.7744, 14.5182 ], [ 75.7575, 14.5144 ], [ 75.7156, 14.4723 ], [ 75.708, 14.4751 ], [ 75.7002, 14.4911 ], [ 75.6897, 14.4918 ], [ 75.6616, 14.4518 ], [ 75.6548, 14.4637 ], [ 75.6368, 14.4656 ], [ 75.6304, 14.4447 ], [ 75.6365, 14.441 ], [ 75.6346, 14.4329 ], [ 75.6429, 14.4313 ], [ 75.6229, 14.3451 ] ] ] ] } },
{ "type": "Feature", "properties": { "district": "Kalaburagi", "did": "karnataka:Kalaburagi", "state_key": "karnataka" }, "geometry": { "type": "MultiPolygon", "coordinates": [ [ [ [ 77.383, 17.218 ], [ 77.4037, 17.2099 ], [ 77.3964, 17.2075 ], [ 77.3939, 17.1944 ], [ 77.3723, 17.1956 ], [ 77.3637, 17.1588 ], [ 77.3782, 17.1527 ], [ 77.3779, 17.1399 ], [ 77.4038, 17.1329 ], [ 77.4067, 17.1245 ], [ 77.4636, 17.11 ], [ 77.4629, 17.0941 ], [ 77.481, 17.0792 ], [ 77.4879, 17.0476 ], [ 77.4967, 17.0427 ], [ 77.4949, 17.0271 ], [ 77.5022, 17.0094 ], [ 77.4795, 16.996 ], [ 77.4813, 16.9704 ], [ 77.4721, 16.9571 ], [ 77.4652, 16.9566 ], [ 77.4694, 16.9192 ], [ 77.454, 16.9139 ], [ 77.4559, 16.8853 ], [ 77.425, 16.8851 ], [ 77.4111, 16.8747 ], [ 77.4014, 16.8832 ], [ 77.4065, 16.9019 ], [ 77.3957, 16.9033 ], [ 77.3894, 16.8912 ], [ 77.3847, 16.8985 ], [ 77.384, 16.8941 ], [ 77.3765, 16.8946 ], [ 77.3658, 16.9046 ], [ 77.3516, 16.908 ], [ 77.3417, 16.9342 ], [ 77.336, 16.9299 ], [ 77.3187, 16.9364 ], [ 77.3114, 16.9274 ], [ 77.2895, 16.9372 ], [ 77.2891, 16.9335 ], [ 77.263, 16.9282 ], [ 77.2462, 16.9329 ], [ 77.2419, 16.9431 ], [ 77.2327, 16.9391 ], [ 77.2316, 16.9428 ], [ 77.2114, 16.9449 ], [ 77.1961, 16.9268 ], [ 77.184, 16.9424 ], [ 77.1656, 16.9389 ], [ 77.1602, 16.9156 ], [ 77.1256, 16.9179 ], [ 77.1106, 16.9057 ], [ 77.0947, 16.9062 ], [ 77.0861, 16.9368 ], [ 77.0758, 16.9427 ], [ 77.0714, 16.9397 ], [ 77.0726, 16.9527 ], [ 77.0639, 16.954 ], [ 77.0629, 16.9454 ], [ 77.0584, 16.9466 ], [ 77.0411, 16.923 ], [ 77.0195, 16.9274 ], [ 77.0176, 16.8986 ], [ 77.0338, 16.8933 ], [ 77.0339, 16.8838 ], [ 77.0428, 16.8807 ], [ 77.0414, 16.87 ], [ 77.0197, 16.8674 ], [ 77.007, 16.8579 ], [ 76.9799, 16.8614 ], [ 76.9832, 16.8399 ], [ 76.9951, 16.8373 ], [ 76.9906, 16.8122 ], [ 76.9808, 16.8098 ], [ 76.9444, 16.8311 ], [ 76.9267, 16.8304 ], [ 76.9195, 16.8179 ], [ 76.9107, 16.8166 ], [ 76.9017, 16.8547 ], [ 76.9206, 16.87 ], [ 76.9015, 16.8782 ], [ 76.9015, 16.8926 ], [ 76.8705, 16.8959 ], [ 76.8568, 16.8912 ], [ 76.8546, 16.8788 ], [ 76.8413, 16.8664 ], [ 76.8164, 16.8737 ], [ 76.8131, 16.8586 ], [ 76.8048, 16.8503 ], [ 76.7911, 16.85 ], [ 76.7889, 16.8373 ], [ 76.7599, 16.8441 ], [ 76.7634, 16.8405 ], [ 76.7546, 16.8204 ], [ 76.7447, 16.8159 ], [ 76.7437, 16.751 ], [ 76.7289, 16.7539 ], [ 76.729, 16.7723 ], [ 76.7364, 16.7735 ], [ 76.7349, 16.7787 ], [ 76.7247, 16.7847 ], [ 76.7194, 16.7779 ], [ 76.7092, 16.7806 ], [ 76.7094, 16.7925 ], [ 76.702, 16.793 ], [ 76.6976, 16.7865 ], [ 76.6794, 16.7847 ], [ 76.6755, 16.7652 ], [ 76.6608, 16.767 ], [ 76.6527, 16.751 ], [ 76.6587, 16.7251 ], [ 76.6354, 16.7351 ], [ 76.6355, 16.7458 ], [ 76.623, 16.7425 ], [ 76.6236, 16.7655 ], [ 76.6009, 16.7672 ], [ 76.5813, 16.7655 ], [ 76.5805, 16.7584 ], [ 76.5472, 16.7479 ], [ 76.5164, 16.7511 ], [ 76.5033, 16.7412 ], [ 76.5029, 16.723 ], [ 76.4813, 16.7122 ], [ 76.4608, 16.7111 ], [ 76.4594, 16.7233 ], [ 76.4463, 16.7227 ], [ 76.4417, 16.7136 ], [ 76.4226, 16.7169 ], [ 76.4289, 16.7378 ], [ 76.4404, 16.742 ], [ 76.4427, 16.7576 ], [ 76.4361, 16.7645 ], [ 76.3709, 16.7686 ], [ 76.3774, 16.8017 ], [ 76.3964, 16.8059 ], [ 76.4102, 16.7988 ], [ 76.4137, 16.8134 ], [ 76.3524, 16.8197 ], [ 76.3588, 16.8426 ], [ 76.3743, 16.8588 ], [ 76.4043, 16.8585 ], [ 76.404, 16.854 ], [ 76.4291, 16.8508 ], [ 76.4295, 16.8374 ], [ 76.46, 16.833 ], [ 76.471, 16.8388 ], [ 76.4585, 16.8669 ], [ 76.4381, 16.868 ], [ 76.4332, 16.8818 ], [ 76.4336, 16.8976 ], [ 76.4653, 16.9027 ], [ 76.4585, 16.9279 ], [ 76.4518, 16.9278 ], [ 76.4476, 16.9406 ], [ 76.4341, 16.9433 ], [ 76.4279, 16.9274 ], [ 76.3991, 16.9353 ], [ 76.4004, 16.9771 ], [ 76.4366, 16.9817 ], [ 76.4404, 16.9968 ], [ 76.4273, 17.0535 ], [ 76.4294, 17.0996 ], [ 76.4101, 17.0892 ], [ 76.3993, 17.0708 ], [ 76.3886, 17.072 ], [ 76.3904, 17.0971 ], [ 76.3661, 17.1073 ], [ 76.3623, 17.116 ], [ 76.3674, 17.1238 ], [ 76.3912, 17.1308 ], [ 76.3946, 17.143 ], [ 76.3835, 17.1466 ], [ 76.3675, 17.1377 ], [ 76.36, 17.1402 ], [ 76.3689, 17.1667 ], [ 76.3563, 17.1887 ], [ 76.3332, 17.1708 ], [ 76.2768, 17.1675 ], [ 76.2637, 17.151 ], [ 76.2426, 17.1508 ], [ 76.2205, 17.1854 ], [ 76.1881, 17.1864 ], [ 76.1275, 17.245 ], [ 76.0884, 17.257 ], [ 76.0869, 17.2685 ], [ 76.0994, 17.291 ], [ 76.065, 17.3114 ], [ 76.0731, 17.3365 ], [ 76.0788, 17.3316 ], [ 76.087, 17.3359 ], [ 76.0935, 17.3494 ], [ 76.0894, 17.3531 ], [ 76.0997, 17.3647 ], [ 76.119, 17.3705 ], [ 76.1411, 17.3535 ], [ 76.1626, 17.3452 ], [ 76.1651, 17.3033 ], [ 76.1763, 17.3008 ], [ 76.1832, 17.3194 ], [ 76.1766, 17.3246 ], [ 76.1703, 17.3526 ], [ 76.1964, 17.3637 ], [ 76.2294, 17.3652 ], [ 76.2285, 17.3758 ], [ 76.2421, 17.3788 ], [ 76.2507, 17.3604 ], [ 76.272, 17.3606 ], [ 76.2764, 17.3346 ], [ 76.3177, 17.3324 ], [ 76.3143, 17.3484 ], [ 76.3453, 17.3544 ], [ 76.354, 17.3143 ], [ 76.3832, 17.3145 ], [ 76.3966, 17.3471 ], [ 76.4122, 17.3511 ], [ 76.4091, 17.3714 ], [ 76.3634, 17.3777 ], [ 76.3715, 17.4364 ], [ 76.3333, 17.4339 ], [ 76.3307, 17.4702 ], [ 76.3504, 17.4742 ], [ 76.3755, 17.4902 ], [ 76.3747, 17.4956 ], [ 76.3458, 17.4925 ], [ 76.3466, 17.5126 ], [ 76.3646, 17.515 ], [ 76.3672, 17.5195 ], [ 76.3627, 17.5374 ], [ 76.3407, 17.5425 ], [ 76.3313, 17.5974 ], [ 76.35, 17.5941 ], [ 76.3817, 17.6022 ], [ 76.4197, 17.6037 ], [ 76.4292, 17.645 ], [ 76.445, 17.641 ], [ 76.4418, 17.6493 ], [ 76.4545, 17.6498 ], [ 76.4529, 17.6558 ], [ 76.4897, 17.6605 ], [ 76.4845, 17.6785 ], [ 76.4872, 17.7148 ], [ 76.5007, 17.7184 ], [ 76.5239, 17.7152 ], [ 76.5232, 17.7598 ], [ 76.5613, 17.7646 ], [ 76.5727, 17.7605 ], [ 76.564, 17.7508 ], [ 76.5703, 17.7054 ], [ 76.5822, 17.7053 ], [ 76.6011, 17.7259 ], [ 76.6053, 17.7586 ], [ 76.6136, 17.7709 ], [ 76.6319, 17.7546 ], [ 76.6333, 17.7282 ], [ 76.6556, 17.7179 ], [ 76.6642, 17.6876 ], [ 76.6726, 17.6905 ], [ 76.6844, 17.6859 ], [ 76.695, 17.6773 ], [ 76.6945, 17.6618 ], [ 76.711, 17.6613 ], [ 76.6988, 17.6422 ], [ 76.7144, 17.6388 ], [ 76.7327, 17.6656 ], [ 76.7735, 17.6668 ], [ 76.7701, 17.6463 ], [ 76.7785, 17.636 ], [ 76.7844, 17.6364 ], [ 76.7929, 17.6532 ], [ 76.8079, 17.649 ], [ 76.8368, 17.6494 ], [ 76.8418, 17.6537 ], [ 76.8524, 17.6446 ], [ 76.8988, 17.6447 ], [ 76.9078, 17.6351 ], [ 76.9289, 17.6375 ], [ 76.9252, 17.626 ], [ 76.9178, 17.6236 ], [ 76.921, 17.6107 ], [ 76.9404, 17.6089 ], [ 76.9513, 17.6244 ], [ 76.9581, 17.621 ], [ 76.9619, 17.6396 ], [ 76.9871, 17.6581 ], [ 76.988, 17.6619 ], [ 76.9778, 17.6649 ], [ 76.9771, 17.6799 ], [ 76.981, 17.6915 ], [ 76.9909, 17.696 ], [ 77.0006, 17.696 ], [ 77.0176, 17.6779 ], [ 77.0342, 17.6806 ], [ 77.0353, 17.6694 ], [ 77.0581, 17.6731 ], [ 77.0853, 17.659 ], [ 77.0894, 17.6692 ], [ 77.1046, 17.669 ], [ 77.1167, 17.6873 ], [ 77.1239, 17.687 ], [ 77.1325, 17.6824 ], [ 77.1327, 17.6622 ], [ 77.1448, 17.6557 ], [ 77.15, 17.6324 ], [ 77.1713, 17.6278 ], [ 77.1889, 17.6154 ], [ 77.1942, 17.6155 ], [ 77.1975, 17.632 ], [ 77.2073, 17.6268 ], [ 77.2376, 17.6315 ], [ 77.2582, 17.6233 ], [ 77.2744, 17.627 ], [ 77.2795, 17.6176 ], [ 77.2848, 17.6192 ], [ 77.2915, 17.6112 ], [ 77.2951, 17.6151 ], [ 77.3003, 17.5977 ], [ 77.311, 17.5947 ], [ 77.3404, 17.5879 ], [ 77.3518, 17.6001 ], [ 77.3596, 17.6002 ], [ 77.3792, 17.595 ], [ 77.3788, 17.5839 ], [ 77.4305, 17.586 ], [ 77.4618, 17.5808 ], [ 77.4781, 17.5668 ], [ 77.4941, 17.5684 ], [ 77.5, 17.5467 ], [ 77.5069, 17.5423 ], [ 77.5284, 17.5754 ], [ 77.5374, 17.5754 ], [ 77.5506, 17.5517 ], [ 77.5938, 17.5645 ], [ 77.5969, 17.5343 ], [ 77.6121, 17.5348 ], [ 77.628, 17.5236 ], [ 77.662, 17.5228 ], [ 77.6755, 17.5086 ], [ 77.6877, 17.5118 ], [ 77.6925, 17.4989 ], [ 77.6884, 17.4752 ], [ 77.6523, 17.4827 ], [ 77.6571, 17.5066 ], [ 77.6479, 17.4961 ], [ 77.6448, 17.4776 ], [ 77.6152, 17.4729 ], [ 77.6143, 17.4459 ], [ 77.6029, 17.4442 ], [ 77.5762, 17.4562 ], [ 77.5759, 17.4307 ], [ 77.5373, 17.4437 ], [ 77.513, 17.4309 ], [ 77.5142, 17.4142 ], [ 77.5378, 17.4061 ], [ 77.5243, 17.388 ], [ 77.5332, 17.3805 ], [ 77.5298, 17.3707 ], [ 77.5158, 17.3604 ], [ 77.4838, 17.355 ], [ 77.4744, 17.3615 ], [ 77.4791, 17.3707 ], [ 77.4536, 17.374 ], [ 77.456, 17.3312 ], [ 77.4379, 17.2919 ], [ 77.4549, 17.2872 ], [ 77.4585, 17.279 ], [ 77.4263, 17.2565 ], [ 77.4204, 17.2376 ], [ 77.4083, 17.2412 ], [ 77.3833, 17.2244 ], [ 77.383, 17.218 ] ] ], [ [ [ 76.7133, 17.7001 ], [ 76.711, 17.6945 ], [ 76.6942, 17.6957 ], [ 76.6925, 17.7067 ], [ 76.7133, 17.7001 ] ] ] ] } },
{ "type": "Feature", "properties": { "district": "Kodagu", "did": "karnataka:Kodagu", "state_key": "karnataka" }, "geometry": { "type": "MultiPolygon", "coordinates": [ [ [ [ 75.9323, 12.3823 ], [ 75.9605, 12.3439 ], [ 75.9817, 12.3425 ], [ 76.0011, 12.3306 ], [ 75.9947, 12.3174 ], [ 76.0145, 12.2922 ], [ 76.0151, 12.2667 ], [ 76.0247, 12.2488 ], [ 76.0403, 12.2526 ], [ 76.0519, 12.2464 ], [ 76.0622, 12.249 ], [ 76.1019, 12.1972 ], [ 76.1187, 12.1907 ], [ 76.1293, 12.1948 ], [ 76.1332, 12.1915 ], [ 76.1442, 12.1545 ], [ 76.1709, 12.1187 ], [ 76.1758, 12.0761 ], [ 76.1893, 12.05 ], [ 76.1828, 12.0323 ], [ 76.1508, 12.0184 ], [ 76.1245, 11.9831 ], [ 76.0935, 11.9685 ], [ 76.0701, 11.9671 ], [ 76.0337, 11.9403 ], [ 76.0131, 11.9417 ], [ 76.0032, 11.9314 ], [ 75.8704, 11.9526 ], [ 75.8546, 11.9641 ], [ 75.8469, 11.982 ], [ 75.837, 11.9809 ], [ 75.8273, 11.9877 ], [ 75.8252, 12.0027 ], [ 75.8204, 12.0025 ], [ 75.8229, 12.0134 ], [ 75.8099, 12.0227 ], [ 75.794, 12.055 ], [ 75.7987, 12.056 ], [ 75.8026, 12.0786 ], [ 75.7854, 12.0843 ], [ 75.7535, 12.0841 ], [ 75.7471, 12.0782 ], [ 75.7361, 12.0789 ], [ 75.7147, 12.0704 ], [ 75.7179, 12.0856 ], [ 75.7021, 12.0923 ], [ 75.7033, 12.1082 ], [ 75.6872, 12.1102 ], [ 75.6769, 12.0982 ], [ 75.662, 12.0992 ], [ 75.6491, 12.1093 ], [ 75.6361, 12.1492 ], [ 75.619, 12.1565 ], [ 75.5959, 12.1543 ], [ 75.5929, 12.1478 ], [ 75.5833, 12.1591 ], [ 75.5772, 12.1578 ], [ 75.5526, 12.1928 ], [ 75.5398, 12.2027 ], [ 75.5326, 12.2014 ], [ 75.5397, 12.2168 ], [ 75.5269, 12.2257 ], [ 75.5054, 12.2707 ], [ 75.4939, 12.2728 ], [ 75.4794, 12.2954 ], [ 75.4701, 12.3007 ], [ 75.4599, 12.294 ], [ 75.4301, 12.299 ], [ 75.4139, 12.2907 ], [ 75.4322, 12.309 ], [ 75.4203, 12.319 ], [ 75.4104, 12.3472 ], [ 75.4196, 12.3569 ], [ 75.4219, 12.3727 ], [ 75.3792, 12.3924 ], [ 75.3662, 12.4118 ], [ 75.3715, 12.4377 ], [ 75.3658, 12.4577 ], [ 75.3863, 12.4583 ], [ 75.3934, 12.4514 ], [ 75.4233, 12.4668 ], [ 75.4164, 12.5153 ], [ 75.4289, 12.515 ], [ 75.4343, 12.5301 ], [ 75.4532, 12.5137 ], [ 75.4581, 12.5159 ], [ 75.4613, 12.505 ], [ 75.4725, 12.4995 ], [ 75.462, 12.4879 ], [ 75.4646, 12.4719 ], [ 75.4899, 12.4601 ], [ 75.4933, 12.4837 ], [ 75.5237, 12.4898 ], [ 75.5292, 12.4995 ], [ 75.5659, 12.4861 ], [ 75.5648, 12.4951 ], [ 75.5562, 12.5012 ], [ 75.5809, 12.5193 ], [ 75.591, 12.5401 ], [ 75.6057, 12.5211 ], [ 75.6055, 12.5127 ], [ 75.6148, 12.5102 ], [ 75.6323, 12.5211 ], [ 75.6443, 12.5394 ], [ 75.668, 12.5478 ], [ 75.6615, 12.5966 ], [ 75.654, 12.6194 ], [ 75.6423, 12.6262 ], [ 75.642, 12.6329 ], [ 75.648, 12.6657 ], [ 75.6669, 12.6978 ], [ 75.6755, 12.7005 ], [ 75.6871, 12.7007 ], [ 75.6951, 12.7025 ], [ 75.7067, 12.7072 ], [ 75.7115, 12.7054 ], [ 75.7132, 12.7076 ], [ 75.7214, 12.6963 ], [ 75.7313, 12.6979 ], [ 75.7456, 12.6797 ], [ 75.7608, 12.6741 ], [ 75.7684, 12.6817 ], [ 75.7731, 12.6794 ], [ 75.7772, 12.6888 ], [ 75.7916, 12.6884 ], [ 75.8077, 12.7017 ], [ 75.8346, 12.6709 ], [ 75.8525, 12.6693 ], [ 75.8673, 12.6748 ], [ 75.8779, 12.6718 ], [ 75.8867, 12.6765 ], [ 75.8853, 12.7077 ], [ 75.8725, 12.7091 ], [ 75.8549, 12.7235 ], [ 75.8495, 12.7498 ], [ 75.86, 12.7572 ], [ 75.8583, 12.7696 ], [ 75.8749, 12.7698 ], [ 75.8782, 12.7767 ], [ 75.865, 12.7935 ], [ 75.8637, 12.8176 ], [ 75.8768, 12.8236 ], [ 75.8802, 12.8342 ], [ 75.9001, 12.8278 ], [ 75.9113, 12.8152 ], [ 75.9198, 12.8283 ], [ 75.9278, 12.8217 ], [ 75.9299, 12.8081 ], [ 75.9462, 12.8079 ], [ 75.9492, 12.8005 ], [ 75.9691, 12.805 ], [ 75.9708, 12.7839 ], [ 75.9578, 12.782 ], [ 75.9546, 12.7686 ], [ 75.933, 12.764 ], [ 75.9345, 12.7337 ], [ 75.9419, 12.7202 ], [ 75.9652, 12.711 ], [ 75.9596, 12.6833 ], [ 75.9542, 12.6767 ], [ 75.9398, 12.676 ], [ 75.9479, 12.6639 ], [ 75.9389, 12.653 ], [ 75.9435, 12.6365 ], [ 75.9356, 12.63 ], [ 75.9498, 12.6233 ], [ 75.9395, 12.6087 ], [ 75.9626, 12.5612 ], [ 75.9755, 12.5635 ], [ 75.9688, 12.5767 ], [ 75.9885, 12.5741 ], [ 75.9922, 12.5887 ], [ 76.0036, 12.5745 ], [ 76.0191, 12.5716 ], [ 76.0125, 12.5542 ], [ 75.9913, 12.5614 ], [ 75.9989, 12.5474 ], [ 75.9949, 12.541 ], [ 75.9867, 12.545 ], [ 75.9834, 12.5404 ], [ 75.9939, 12.5221 ], [ 75.9753, 12.5198 ], [ 75.9622, 12.5065 ], [ 75.9582, 12.4905 ], [ 75.9664, 12.4831 ], [ 75.9641, 12.4743 ], [ 75.9716, 12.4708 ], [ 75.9669, 12.4614 ], [ 75.9717, 12.4503 ], [ 75.9456, 12.449 ], [ 75.9262, 12.4368 ], [ 75.9092, 12.4018 ], [ 75.9137, 12.3864 ], [ 75.9323, 12.3823 ] ] ] ] } },
{ "type": "Feature", "properties": { "district": "Kolar", "did": "karnataka:Kolar", "state_key": "karnataka" }, "geometry": { "type": "Polygon", "coordinates": [ [ [ 78.4636, 13.0053 ], [ 78.4748, 12.9914 ], [ 78.4675, 12.975 ], [ 78.4353, 12.981 ], [ 78.4327, 12.9678 ], [ 78.438, 12.964 ], [ 78.4292, 12.9575 ], [ 78.4193, 12.9587 ], [ 78.4204, 12.9477 ], [ 78.4112, 12.9453 ], [ 78.4188, 12.9217 ], [ 78.4282, 12.9321 ], [ 78.438, 12.929 ], [ 78.4667, 12.9054 ], [ 78.4648, 12.8668 ], [ 78.4641, 12.8777 ], [ 78.4472, 12.8922 ], [ 78.4456, 12.9118 ], [ 78.4349, 12.9118 ], [ 78.4287, 12.9021 ], [ 78.4122, 12.9032 ], [ 78.3987, 12.9173 ], [ 78.3964, 12.9073 ], [ 78.3887, 12.9069 ], [ 78.3559, 12.9407 ], [ 78.3397, 12.9032 ], [ 78.3235, 12.9018 ], [ 78.3203, 12.8873 ], [ 78.3292, 12.8846 ], [ 78.3345, 12.8892 ], [ 78.3371, 12.8824 ], [ 78.331, 12.8756 ], [ 78.3136, 12.8765 ], [ 78.3124, 12.8585 ], [ 78.2821, 12.8593 ], [ 78.2684, 12.8677 ], [ 78.2653, 12.862 ], [ 78.2522, 12.8606 ], [ 78.2456, 12.7883 ], [ 78.231, 12.7607 ], [ 78.1952, 12.7738 ], [ 78.1774, 12.7759 ], [ 78.1677, 12.7701 ], [ 78.1342, 12.782 ], [ 78.125, 12.7982 ], [ 78.0902, 12.8174 ], [ 78.0862, 12.8319 ], [ 78.0739, 12.8305 ], [ 78.077, 12.8391 ], [ 78.0602, 12.8438 ], [ 78.0536, 12.8538 ], [ 78.0505, 12.8487 ], [ 78.0307, 12.8524 ], [ 78.0307, 12.858 ], [ 78.0239, 12.8565 ], [ 78.029, 12.8452 ], [ 78.0191, 12.8439 ], [ 78.0183, 12.8311 ], [ 78.0037, 12.8248 ], [ 78.0151, 12.8134 ], [ 78.0098, 12.8057 ], [ 77.9952, 12.8059 ], [ 77.9885, 12.8082 ], [ 77.9898, 12.8215 ], [ 77.9793, 12.827 ], [ 77.9804, 12.8351 ], [ 77.9643, 12.8328 ], [ 77.9654, 12.8482 ], [ 77.9528, 12.8501 ], [ 77.9523, 12.8571 ], [ 77.9436, 12.8578 ], [ 77.94, 12.8531 ], [ 77.9466, 12.8387 ], [ 77.9407, 12.8233 ], [ 77.9186, 12.8306 ], [ 77.9228, 12.8556 ], [ 77.9413, 12.8687 ], [ 77.9416, 12.8727 ], [ 77.9277, 12.8749 ], [ 77.9271, 12.8815 ], [ 77.9361, 12.8836 ], [ 77.9293, 12.8909 ], [ 77.9219, 12.8847 ], [ 77.9088, 12.8848 ], [ 77.9084, 12.8788 ], [ 77.8949, 12.8786 ], [ 77.8903, 12.8697 ], [ 77.8685, 12.8678 ], [ 77.8664, 12.8761 ], [ 77.8557, 12.8762 ], [ 77.8523, 12.8909 ], [ 77.8619, 12.9143 ], [ 77.8422, 12.914 ], [ 77.8396, 12.9222 ], [ 77.851, 12.9321 ], [ 77.8707, 12.9371 ], [ 77.8716, 12.9598 ], [ 77.8647, 12.9736 ], [ 77.8714, 12.9729 ], [ 77.8741, 12.9976 ], [ 77.8859, 13.0086 ], [ 77.8933, 13.035 ], [ 77.8872, 13.0371 ], [ 77.8888, 13.0454 ], [ 77.8939, 13.0538 ], [ 77.9137, 13.0484 ], [ 77.9282, 13.0684 ], [ 77.9415, 13.0688 ], [ 77.9396, 13.0836 ], [ 77.9318, 13.074 ], [ 77.9262, 13.0759 ], [ 77.927, 13.0827 ], [ 77.9133, 13.0808 ], [ 77.9161, 13.0876 ], [ 77.9013, 13.1024 ], [ 77.9141, 13.1111 ], [ 77.9154, 13.119 ], [ 77.9373, 13.1081 ], [ 77.9393, 13.1251 ], [ 77.9562, 13.1263 ], [ 77.9577, 13.1303 ], [ 77.9588, 13.1574 ], [ 77.953, 13.1606 ], [ 77.9638, 13.1893 ], [ 77.9606, 13.2002 ], [ 77.9551, 13.2009 ], [ 77.9579, 13.2187 ], [ 77.9452, 13.2142 ], [ 77.9639, 13.2328 ], [ 77.9649, 13.244 ], [ 77.9486, 13.25 ], [ 77.9456, 13.2437 ], [ 77.935, 13.2461 ], [ 77.9414, 13.2585 ], [ 77.9382, 13.268 ], [ 77.9562, 13.2697 ], [ 77.9612, 13.2842 ], [ 77.9845, 13.2861 ], [ 77.9852, 13.2992 ], [ 77.994, 13.3049 ], [ 78.0113, 13.3015 ], [ 78.0155, 13.2829 ], [ 78.0469, 13.2783 ], [ 78.0521, 13.2934 ], [ 78.0591, 13.2928 ], [ 78.0606, 13.299 ], [ 78.0868, 13.3022 ], [ 78.092, 13.3102 ], [ 78.1338, 13.2876 ], [ 78.1365, 13.3043 ], [ 78.1232, 13.3084 ], [ 78.1218, 13.3155 ], [ 78.109, 13.3233 ], [ 78.1308, 13.3284 ], [ 78.1319, 13.3525 ], [ 78.1503, 13.3506 ], [ 78.1501, 13.3579 ], [ 78.1426, 13.3759 ], [ 78.1224, 13.3752 ], [ 78.1246, 13.386 ], [ 78.1357, 13.4053 ], [ 78.1826, 13.4206 ], [ 78.1855, 13.4389 ], [ 78.1886, 13.4425 ], [ 78.1943, 13.4384 ], [ 78.1934, 13.4471 ], [ 78.202, 13.4506 ], [ 78.2104, 13.471 ], [ 78.2007, 13.4841 ], [ 78.1982, 13.5126 ], [ 78.1878, 13.5136 ], [ 78.2037, 13.5278 ], [ 78.1938, 13.5485 ], [ 78.2013, 13.5639 ], [ 78.1962, 13.5663 ], [ 78.2192, 13.5925 ], [ 78.2326, 13.586 ], [ 78.2363, 13.5986 ], [ 78.2586, 13.583 ], [ 78.3262, 13.5948 ], [ 78.3486, 13.5869 ], [ 78.3843, 13.5919 ], [ 78.402, 13.588 ], [ 78.4016, 13.5785 ], [ 78.4067, 13.5769 ], [ 78.3931, 13.5526 ], [ 78.3855, 13.5156 ], [ 78.3753, 13.509 ], [ 78.3788, 13.482 ], [ 78.3708, 13.4695 ], [ 78.3817, 13.397 ], [ 78.3651, 13.3618 ], [ 78.3697, 13.3583 ], [ 78.3776, 13.3631 ], [ 78.4087, 13.3429 ], [ 78.4073, 13.3375 ], [ 78.393, 13.3338 ], [ 78.3849, 13.3349 ], [ 78.3877, 13.3428 ], [ 78.383, 13.3436 ], [ 78.3771, 13.332 ], [ 78.3871, 13.3318 ], [ 78.4011, 13.3155 ], [ 78.4189, 13.3206 ], [ 78.4279, 13.3313 ], [ 78.4404, 13.3284 ], [ 78.4442, 13.3081 ], [ 78.4769, 13.3226 ], [ 78.4834, 13.3212 ], [ 78.4793, 13.3013 ], [ 78.4988, 13.2996 ], [ 78.5048, 13.2914 ], [ 78.514, 13.2906 ], [ 78.522, 13.273 ], [ 78.5322, 13.2669 ], [ 78.5393, 13.2879 ], [ 78.5541, 13.2832 ], [ 78.5616, 13.2885 ], [ 78.5655, 13.312 ], [ 78.5776, 13.2953 ], [ 78.5786, 13.2804 ], [ 78.5874, 13.2806 ], [ 78.5853, 13.2622 ], [ 78.5701, 13.2471 ], [ 78.5664, 13.2209 ], [ 78.5785, 13.218 ], [ 78.5787, 13.213 ], [ 78.5711, 13.212 ], [ 78.5678, 13.2015 ], [ 78.5501, 13.2002 ], [ 78.5498, 13.1897 ], [ 78.5673, 13.1933 ], [ 78.5761, 13.1867 ], [ 78.5798, 13.1674 ], [ 78.5734, 13.1689 ], [ 78.5682, 13.1618 ], [ 78.5501, 13.1642 ], [ 78.5414, 13.1557 ], [ 78.5484, 13.1485 ], [ 78.5446, 13.142 ], [ 78.5313, 13.1414 ], [ 78.5233, 13.1305 ], [ 78.517, 13.1316 ], [ 78.5185, 13.1198 ], [ 78.5385, 13.1057 ], [ 78.5095, 13.0915 ], [ 78.5143, 13.0619 ], [ 78.4981, 13.0612 ], [ 78.4874, 13.0524 ], [ 78.4785, 13.0545 ], [ 78.4731, 13.0429 ], [ 78.4622, 13.0432 ], [ 78.4636, 13.0053 ] ] ] } },
{ "type": "Feature", "properties": { "district": "Koppal", "did": "karnataka:Koppal", "state_key": "karnataka" }, "geometry": { "type": "Polygon", "coordinates": [ [ [ 76.4046, 15.3257 ], [ 76.3889, 15.3308 ], [ 76.3592, 15.325 ], [ 76.3336, 15.2636 ], [ 76.3197, 15.2644 ], [ 76.3028, 15.2557 ], [ 76.2913, 15.223 ], [ 76.2682, 15.2066 ], [ 76.2572, 15.2063 ], [ 76.249, 15.1907 ], [ 76.2297, 15.1884 ], [ 76.2188, 15.1966 ], [ 76.2312, 15.2313 ], [ 76.1875, 15.235 ], [ 76.1599, 15.2149 ], [ 76.1559, 15.1958 ], [ 76.125, 15.2034 ], [ 76.1117, 15.1986 ], [ 76.1034, 15.1684 ], [ 76.0937, 15.1628 ], [ 76.0568, 15.157 ], [ 76.0433, 15.1447 ], [ 76.0272, 15.1428 ], [ 75.9785, 15.1528 ], [ 75.9517, 15.1377 ], [ 75.9482, 15.1731 ], [ 75.9247, 15.1827 ], [ 75.9244, 15.2059 ], [ 75.9117, 15.2405 ], [ 75.9032, 15.2394 ], [ 75.9, 15.2453 ], [ 75.8948, 15.2733 ], [ 75.8992, 15.2766 ], [ 75.8887, 15.2904 ], [ 75.8933, 15.3186 ], [ 75.8874, 15.3532 ], [ 75.9028, 15.3544 ], [ 75.904, 15.4029 ], [ 75.8844, 15.4088 ], [ 75.8658, 15.4078 ], [ 75.8589, 15.4442 ], [ 75.8399, 15.4427 ], [ 75.8238, 15.4517 ], [ 75.8187, 15.4686 ], [ 75.8129, 15.4675 ], [ 75.8096, 15.4867 ], [ 75.8157, 15.4869 ], [ 75.8149, 15.4955 ], [ 75.824, 15.4957 ], [ 75.8191, 15.5079 ], [ 75.8313, 15.5068 ], [ 75.8505, 15.5158 ], [ 75.8602, 15.5138 ], [ 75.8668, 15.596 ], [ 75.8824, 15.597 ], [ 75.8975, 15.6071 ], [ 75.8984, 15.6248 ], [ 75.8947, 15.6324 ], [ 75.8858, 15.6337 ], [ 75.8875, 15.6683 ], [ 75.871, 15.6726 ], [ 75.871, 15.7144 ], [ 75.8869, 15.7168 ], [ 75.8911, 15.7284 ], [ 75.8831, 15.7375 ], [ 75.8927, 15.7384 ], [ 75.8974, 15.7505 ], [ 75.9106, 15.7444 ], [ 75.9104, 15.7317 ], [ 75.9214, 15.7261 ], [ 75.9154, 15.6977 ], [ 75.9259, 15.6923 ], [ 75.9403, 15.6932 ], [ 75.9436, 15.6764 ], [ 75.967, 15.6789 ], [ 75.968, 15.6642 ], [ 76.0112, 15.6624 ], [ 76.0142, 15.6802 ], [ 75.995, 15.6779 ], [ 75.9833, 15.6672 ], [ 75.9844, 15.6938 ], [ 76.0049, 15.7155 ], [ 76.019, 15.715 ], [ 76.0232, 15.7093 ], [ 76.0416, 15.7183 ], [ 76.0435, 15.7365 ], [ 76.0373, 15.7369 ], [ 76.0399, 15.7538 ], [ 76.0347, 15.7546 ], [ 76.0395, 15.7684 ], [ 76.0098, 15.7839 ], [ 75.9945, 15.7807 ], [ 75.9844, 15.8024 ], [ 75.9638, 15.7946 ], [ 75.961, 15.7838 ], [ 75.929, 15.7909 ], [ 75.9078, 15.8088 ], [ 75.8463, 15.8394 ], [ 75.8487, 15.8719 ], [ 75.8401, 15.8718 ], [ 75.8382, 15.865 ], [ 75.828, 15.8665 ], [ 75.8352, 15.8823 ], [ 75.8273, 15.9004 ], [ 75.8119, 15.8999 ], [ 75.8103, 15.8937 ], [ 75.7791, 15.8974 ], [ 75.7735, 15.9026 ], [ 75.7789, 15.9075 ], [ 75.777, 15.9191 ], [ 75.7887, 15.925 ], [ 75.8365, 15.9256 ], [ 75.8532, 15.9356 ], [ 75.8782, 15.9317 ], [ 75.8915, 15.9163 ], [ 75.9028, 15.9182 ], [ 75.9017, 15.9235 ], [ 75.914, 15.9124 ], [ 75.9271, 15.895 ], [ 75.9283, 15.8756 ], [ 75.9415, 15.8745 ], [ 75.9444, 15.8669 ], [ 75.9634, 15.8655 ], [ 75.9663, 15.8592 ], [ 75.9727, 15.8611 ], [ 75.979, 15.8733 ], [ 75.9737, 15.9869 ], [ 75.9871, 15.9959 ], [ 75.9896, 16.0052 ], [ 76.0121, 16.0021 ], [ 76.0216, 16.0092 ], [ 76.0521, 16.0033 ], [ 76.0566, 16.0118 ], [ 76.0788, 16.0108 ], [ 76.0845, 15.9969 ], [ 76.0582, 15.9074 ], [ 76.1012, 15.9006 ], [ 76.103, 15.8939 ], [ 76.1172, 15.8863 ], [ 76.1254, 15.8937 ], [ 76.1452, 15.8953 ], [ 76.1605, 15.9212 ], [ 76.172, 15.9247 ], [ 76.1723, 15.9316 ], [ 76.1997, 15.9351 ], [ 76.2004, 15.9438 ], [ 76.2266, 15.9409 ], [ 76.2299, 15.9232 ], [ 76.2569, 15.9228 ], [ 76.2621, 15.9067 ], [ 76.2716, 15.905 ], [ 76.276, 15.9105 ], [ 76.2761, 15.9038 ], [ 76.2853, 15.9027 ], [ 76.2907, 15.8923 ], [ 76.3136, 15.8947 ], [ 76.316, 15.905 ], [ 76.3449, 15.9005 ], [ 76.3379, 15.8718 ], [ 76.3512, 15.8637 ], [ 76.3588, 15.8817 ], [ 76.3587, 15.9014 ], [ 76.3534, 15.9028 ], [ 76.3735, 15.9174 ], [ 76.3751, 15.9022 ], [ 76.4037, 15.9021 ], [ 76.4268, 15.8903 ], [ 76.4182, 15.8689 ], [ 76.4512, 15.849 ], [ 76.4422, 15.824 ], [ 76.4132, 15.8045 ], [ 76.4222, 15.7856 ], [ 76.4395, 15.7844 ], [ 76.4391, 15.75 ], [ 76.4474, 15.744 ], [ 76.4472, 15.7342 ], [ 76.4822, 15.7192 ], [ 76.4915, 15.7075 ], [ 76.5104, 15.7167 ], [ 76.5319, 15.6992 ], [ 76.5399, 15.7041 ], [ 76.5415, 15.6987 ], [ 76.553, 15.6999 ], [ 76.5618, 15.7057 ], [ 76.586, 15.6976 ], [ 76.597, 15.6996 ], [ 76.5995, 15.6739 ], [ 76.6539, 15.6657 ], [ 76.6534, 15.6603 ], [ 76.6718, 15.6582 ], [ 76.6702, 15.6389 ], [ 76.6906, 15.6482 ], [ 76.6936, 15.6246 ], [ 76.6804, 15.627 ], [ 76.6796, 15.6127 ], [ 76.6802, 15.6066 ], [ 76.6908, 15.6013 ], [ 76.6888, 15.5958 ], [ 76.7003, 15.591 ], [ 76.7009, 15.5945 ], [ 76.7489, 15.5898 ], [ 76.7589, 15.5669 ], [ 76.8107, 15.5474 ], [ 76.8122, 15.5147 ], [ 76.797, 15.5011 ], [ 76.7785, 15.4925 ], [ 76.709, 15.4885 ], [ 76.6824, 15.4703 ], [ 76.6674, 15.4504 ], [ 76.6114, 15.4424 ], [ 76.5923, 15.413 ], [ 76.555, 15.3967 ], [ 76.4933, 15.345 ], [ 76.4783, 15.3497 ], [ 76.4718, 15.3444 ], [ 76.4233, 15.3348 ], [ 76.4046, 15.3257 ] ] ] } },
{ "type": "Feature", "properties": { "district": "Mandya", "did": "karnataka:Mandya", "state_key": "karnataka" }, "geometry": { "type": "MultiPolygon", "coordinates": [ [ [ [ 76.9691, 12.2586 ], [ 76.9696, 12.275 ], [ 76.982, 12.2702 ], [ 76.9857, 12.2606 ], [ 76.9761, 12.2544 ], [ 76.9691, 12.2586 ] ] ], [ [ [ 77.2258, 12.4895 ], [ 77.2255, 12.4744 ], [ 77.2298, 12.4837 ], [ 77.2352, 12.4834 ], [ 77.2362, 12.47 ], [ 77.2542, 12.4703 ], [ 77.2643, 12.4616 ], [ 77.2691, 12.4648 ], [ 77.2748, 12.4396 ], [ 77.27, 12.434 ], [ 77.2852, 12.4287 ], [ 77.2859, 12.3931 ], [ 77.3134, 12.3924 ], [ 77.3306, 12.3621 ], [ 77.3253, 12.3079 ], [ 77.3028, 12.2987 ], [ 77.268, 12.3141 ], [ 77.2489, 12.3083 ], [ 77.2368, 12.3102 ], [ 77.2251, 12.3034 ], [ 77.2176, 12.3086 ], [ 77.1668, 12.3102 ], [ 77.17, 12.2598 ], [ 77.1085, 12.2408 ], [ 77.1062, 12.2206 ], [ 77.0778, 12.2212 ], [ 77.0787, 12.2365 ], [ 77.0646, 12.2329 ], [ 77.0499, 12.2386 ], [ 77.0363, 12.2322 ], [ 77.0132, 12.2441 ], [ 76.9953, 12.2422 ], [ 76.9896, 12.2561 ], [ 76.9907, 12.287 ], [ 76.9717, 12.2903 ], [ 76.977, 12.3071 ], [ 76.993, 12.3006 ], [ 76.9979, 12.313 ], [ 76.9872, 12.3194 ], [ 76.9866, 12.3334 ], [ 76.9768, 12.3277 ], [ 76.9769, 12.3528 ], [ 76.9589, 12.3557 ], [ 76.9563, 12.3523 ], [ 76.9577, 12.3269 ], [ 76.948, 12.3304 ], [ 76.9219, 12.3217 ], [ 76.9319, 12.3382 ], [ 76.9242, 12.3531 ], [ 76.939, 12.3526 ], [ 76.9377, 12.4003 ], [ 76.9244, 12.4211 ], [ 76.9224, 12.4418 ], [ 76.9049, 12.4367 ], [ 76.9003, 12.4089 ], [ 76.8809, 12.4052 ], [ 76.8776, 12.3997 ], [ 76.862, 12.3997 ], [ 76.8617, 12.4063 ], [ 76.8544, 12.4087 ], [ 76.8483, 12.4032 ], [ 76.8324, 12.4025 ], [ 76.8332, 12.3845 ], [ 76.8282, 12.3886 ], [ 76.8147, 12.387 ], [ 76.8114, 12.3629 ], [ 76.8066, 12.3599 ], [ 76.8028, 12.3674 ], [ 76.8028, 12.355 ], [ 76.7953, 12.3546 ], [ 76.7898, 12.3471 ], [ 76.7778, 12.3524 ], [ 76.7657, 12.3504 ], [ 76.7639, 12.3117 ], [ 76.754, 12.3021 ], [ 76.7434, 12.3182 ], [ 76.7371, 12.3211 ], [ 76.7317, 12.3165 ], [ 76.7305, 12.3425 ], [ 76.7177, 12.3516 ], [ 76.719, 12.3566 ], [ 76.7002, 12.3506 ], [ 76.6902, 12.3645 ], [ 76.6819, 12.3669 ], [ 76.6828, 12.3911 ], [ 76.6631, 12.3867 ], [ 76.6551, 12.3956 ], [ 76.6435, 12.3952 ], [ 76.6249, 12.3693 ], [ 76.595, 12.3657 ], [ 76.592, 12.3559 ], [ 76.5717, 12.348 ], [ 76.5602, 12.3642 ], [ 76.5662, 12.3817 ], [ 76.555, 12.3919 ], [ 76.5583, 12.4001 ], [ 76.5654, 12.3991 ], [ 76.5673, 12.4259 ], [ 76.5481, 12.4397 ], [ 76.5318, 12.4416 ], [ 76.5104, 12.4533 ], [ 76.5019, 12.4515 ], [ 76.4884, 12.4678 ], [ 76.4517, 12.4836 ], [ 76.4522, 12.5054 ], [ 76.4493, 12.5091 ], [ 76.4428, 12.5065 ], [ 76.4228, 12.5326 ], [ 76.4277, 12.5423 ], [ 76.4148, 12.5486 ], [ 76.4113, 12.5579 ], [ 76.3909, 12.5518 ], [ 76.3962, 12.5733 ], [ 76.3768, 12.5766 ], [ 76.37, 12.6061 ], [ 76.3635, 12.6077 ], [ 76.3626, 12.6286 ], [ 76.3522, 12.6397 ], [ 76.3516, 12.6507 ], [ 76.342, 12.6557 ], [ 76.3475, 12.668 ], [ 76.3529, 12.668 ], [ 76.3628, 12.7059 ], [ 76.3615, 12.7118 ], [ 76.3479, 12.716 ], [ 76.3413, 12.732 ], [ 76.3441, 12.7423 ], [ 76.3553, 12.7438 ], [ 76.3571, 12.75 ], [ 76.3429, 12.7605 ], [ 76.3496, 12.7856 ], [ 76.3348, 12.7872 ], [ 76.3306, 12.8102 ], [ 76.3683, 12.809 ], [ 76.3694, 12.8286 ], [ 76.3829, 12.8311 ], [ 76.3862, 12.8451 ], [ 76.4085, 12.844 ], [ 76.4072, 12.865 ], [ 76.4136, 12.8644 ], [ 76.4176, 12.8582 ], [ 76.4253, 12.8579 ], [ 76.4201, 12.8417 ], [ 76.4253, 12.825 ], [ 76.4459, 12.8233 ], [ 76.458, 12.8045 ], [ 76.4643, 12.806 ], [ 76.4714, 12.7987 ], [ 76.455, 12.781 ], [ 76.4748, 12.7717 ], [ 76.4782, 12.7806 ], [ 76.4896, 12.7858 ], [ 76.4929, 12.7672 ], [ 76.4998, 12.7803 ], [ 76.4906, 12.7886 ], [ 76.4944, 12.8027 ], [ 76.4901, 12.8064 ], [ 76.5029, 12.822 ], [ 76.5183, 12.8263 ], [ 76.5205, 12.8414 ], [ 76.5355, 12.8443 ], [ 76.5466, 12.8402 ], [ 76.5541, 12.8453 ], [ 76.5777, 12.8469 ], [ 76.5791, 12.8731 ], [ 76.5965, 12.8809 ], [ 76.591, 12.8909 ], [ 76.5996, 12.9047 ], [ 76.5965, 12.9211 ], [ 76.6031, 12.9229 ], [ 76.606, 12.9386 ], [ 76.6162, 12.9371 ], [ 76.6118, 12.9653 ], [ 76.6314, 12.9727 ], [ 76.6322, 13.0042 ], [ 76.6407, 13.0095 ], [ 76.6526, 13.0073 ], [ 76.6576, 13.0133 ], [ 76.6728, 13.0553 ], [ 76.6935, 13.0367 ], [ 76.7021, 13.0415 ], [ 76.7253, 13.0412 ], [ 76.7717, 13.0344 ], [ 76.7831, 13.0294 ], [ 76.7858, 13.0153 ], [ 76.8147, 13.0137 ], [ 76.8523, 12.9796 ], [ 76.8505, 12.9735 ], [ 76.8397, 12.9735 ], [ 76.8396, 12.9458 ], [ 76.8625, 12.9347 ], [ 76.8626, 12.9279 ], [ 76.8844, 12.9351 ], [ 76.8915, 12.9326 ], [ 76.8962, 12.9205 ], [ 76.8672, 12.9186 ], [ 76.8655, 12.905 ], [ 76.8732, 12.8971 ], [ 76.8892, 12.8974 ], [ 76.8923, 12.8471 ], [ 76.9002, 12.8448 ], [ 76.9246, 12.804 ], [ 76.9328, 12.8005 ], [ 76.9413, 12.8056 ], [ 76.9507, 12.8015 ], [ 76.9731, 12.8035 ], [ 76.9756, 12.791 ], [ 76.9834, 12.793 ], [ 76.9983, 12.7759 ], [ 77.0096, 12.7824 ], [ 77.0092, 12.7643 ], [ 77.0252, 12.7631 ], [ 77.0436, 12.7781 ], [ 77.0489, 12.7474 ], [ 77.0674, 12.7583 ], [ 77.0836, 12.7428 ], [ 77.0728, 12.7042 ], [ 77.0737, 12.6807 ], [ 77.0975, 12.6755 ], [ 77.1004, 12.6305 ], [ 77.1224, 12.6237 ], [ 77.1081, 12.6084 ], [ 77.1169, 12.582 ], [ 77.1285, 12.5699 ], [ 77.1278, 12.5533 ], [ 77.1145, 12.5533 ], [ 77.1145, 12.543 ], [ 77.1253, 12.5354 ], [ 77.125, 12.5233 ], [ 77.1317, 12.5186 ], [ 77.1254, 12.4802 ], [ 77.133, 12.4792 ], [ 77.138, 12.4662 ], [ 77.1472, 12.462 ], [ 77.1578, 12.4755 ], [ 77.1648, 12.475 ], [ 77.1681, 12.4853 ], [ 77.1782, 12.4793 ], [ 77.1978, 12.4832 ], [ 77.2002, 12.4905 ], [ 77.2133, 12.4851 ], [ 77.2165, 12.4922 ], [ 77.2222, 12.4915 ], [ 77.2241, 12.5026 ], [ 77.2378, 12.4999 ], [ 77.2386, 12.4894 ], [ 77.2258, 12.4895 ] ] ], [ [ [ 76.9201, 12.3591 ], [ 76.9093, 12.352 ], [ 76.9095, 12.356 ], [ 76.8976, 12.3581 ], [ 76.899, 12.3737 ], [ 76.91, 12.3749 ], [ 76.9112, 12.3835 ], [ 76.9194, 12.3817 ], [ 76.9201, 12.3591 ] ] ] ] } },
{ "type": "Feature", "properties": { "district": "Mysuru", "did": "karnataka:Mysuru", "state_key": "karnataka" }, "geometry": { "type": "Polygon", "coordinates": [ [ [ 76.4928, 11.8221 ], [ 76.4688, 11.8191 ], [ 76.4622, 11.7926 ], [ 76.4099, 11.8112 ], [ 76.4243, 11.8046 ], [ 76.4287, 11.7955 ], [ 76.413, 11.7879 ], [ 76.4142, 11.7787 ], [ 76.4229, 11.7763 ], [ 76.4143, 11.7588 ], [ 76.3986, 11.7508 ], [ 76.3913, 11.7548 ], [ 76.377, 11.7445 ], [ 76.3628, 11.7484 ], [ 76.3522, 11.7382 ], [ 76.3397, 11.739 ], [ 76.3173, 11.7521 ], [ 76.3077, 11.7842 ], [ 76.2902, 11.7928 ], [ 76.2802, 11.8116 ], [ 76.2456, 11.8029 ], [ 76.2237, 11.8082 ], [ 76.2099, 11.8282 ], [ 76.2131, 11.8426 ], [ 76.2075, 11.8615 ], [ 76.1904, 11.8712 ], [ 76.156, 11.8701 ], [ 76.1199, 11.8505 ], [ 76.1129, 11.8587 ], [ 76.1124, 11.9786 ], [ 76.1283, 11.9857 ], [ 76.152, 12.0194 ], [ 76.1838, 12.0339 ], [ 76.1893, 12.05 ], [ 76.1758, 12.0761 ], [ 76.1709, 12.1187 ], [ 76.1442, 12.1545 ], [ 76.1332, 12.1915 ], [ 76.1293, 12.1948 ], [ 76.1187, 12.1907 ], [ 76.1019, 12.1972 ], [ 76.0622, 12.249 ], [ 76.0519, 12.2464 ], [ 76.0403, 12.2526 ], [ 76.0247, 12.2488 ], [ 76.0151, 12.2667 ], [ 76.0145, 12.2922 ], [ 75.9947, 12.3174 ], [ 76.0011, 12.3306 ], [ 75.9817, 12.3425 ], [ 75.9605, 12.3439 ], [ 75.9323, 12.3823 ], [ 75.9131, 12.3856 ], [ 75.9099, 12.3943 ], [ 75.9278, 12.4384 ], [ 75.949, 12.4499 ], [ 75.9715, 12.4498 ], [ 75.9669, 12.4614 ], [ 75.9716, 12.4708 ], [ 75.9641, 12.4743 ], [ 75.9664, 12.4831 ], [ 75.9582, 12.4905 ], [ 75.9622, 12.5065 ], [ 75.9753, 12.5198 ], [ 75.9939, 12.5221 ], [ 75.9834, 12.5404 ], [ 75.9867, 12.545 ], [ 75.9949, 12.541 ], [ 75.9989, 12.5474 ], [ 75.9915, 12.5617 ], [ 76.0125, 12.5542 ], [ 76.0217, 12.5769 ], [ 76.0342, 12.5735 ], [ 76.0456, 12.577 ], [ 76.0521, 12.5542 ], [ 76.0675, 12.5573 ], [ 76.0711, 12.5492 ], [ 76.0906, 12.5456 ], [ 76.0862, 12.5388 ], [ 76.1033, 12.5291 ], [ 76.1061, 12.5173 ], [ 76.1153, 12.5128 ], [ 76.1142, 12.5269 ], [ 76.1334, 12.5287 ], [ 76.1344, 12.537 ], [ 76.1409, 12.5366 ], [ 76.1426, 12.5452 ], [ 76.1513, 12.5471 ], [ 76.1577, 12.5628 ], [ 76.1481, 12.5662 ], [ 76.1524, 12.5796 ], [ 76.1965, 12.5773 ], [ 76.192, 12.5941 ], [ 76.2054, 12.6169 ], [ 76.2154, 12.6217 ], [ 76.2134, 12.6279 ], [ 76.2057, 12.629 ], [ 76.2191, 12.6443 ], [ 76.2457, 12.637 ], [ 76.2458, 12.6259 ], [ 76.2545, 12.6203 ], [ 76.2649, 12.6193 ], [ 76.2654, 12.6289 ], [ 76.2798, 12.6337 ], [ 76.2803, 12.6167 ], [ 76.2906, 12.6166 ], [ 76.2926, 12.6263 ], [ 76.3003, 12.6291 ], [ 76.3015, 12.6219 ], [ 76.3098, 12.6225 ], [ 76.3063, 12.6104 ], [ 76.3266, 12.6109 ], [ 76.3235, 12.6351 ], [ 76.3381, 12.6464 ], [ 76.3381, 12.6532 ], [ 76.35, 12.6523 ], [ 76.3768, 12.5766 ], [ 76.3962, 12.5733 ], [ 76.3903, 12.5523 ], [ 76.4113, 12.5579 ], [ 76.4148, 12.5486 ], [ 76.4277, 12.5423 ], [ 76.4228, 12.5326 ], [ 76.4428, 12.5065 ], [ 76.4493, 12.5091 ], [ 76.4522, 12.5054 ], [ 76.4517, 12.4836 ], [ 76.4884, 12.4678 ], [ 76.5019, 12.4515 ], [ 76.5104, 12.4533 ], [ 76.5318, 12.4416 ], [ 76.5481, 12.4397 ], [ 76.5673, 12.4259 ], [ 76.5654, 12.3991 ], [ 76.5583, 12.4001 ], [ 76.555, 12.3919 ], [ 76.5662, 12.3817 ], [ 76.5602, 12.3642 ], [ 76.5717, 12.348 ], [ 76.592, 12.3559 ], [ 76.595, 12.3657 ], [ 76.6249, 12.3693 ], [ 76.6435, 12.3952 ], [ 76.6551, 12.3956 ], [ 76.6631, 12.3867 ], [ 76.6828, 12.3911 ], [ 76.6819, 12.3669 ], [ 76.6902, 12.3645 ], [ 76.7002, 12.3506 ], [ 76.719, 12.3566 ], [ 76.7177, 12.3516 ], [ 76.7305, 12.3425 ], [ 76.7317, 12.3165 ], [ 76.7371, 12.3211 ], [ 76.7434, 12.3182 ], [ 76.754, 12.3021 ], [ 76.7639, 12.3117 ], [ 76.7657, 12.3504 ], [ 76.7778, 12.3524 ], [ 76.7898, 12.3471 ], [ 76.7953, 12.3546 ], [ 76.8028, 12.355 ], [ 76.8028, 12.3674 ], [ 76.8066, 12.3599 ], [ 76.8114, 12.3629 ], [ 76.8147, 12.387 ], [ 76.8282, 12.3886 ], [ 76.8332, 12.3845 ], [ 76.8324, 12.4025 ], [ 76.8483, 12.4032 ], [ 76.8544, 12.4087 ], [ 76.8617, 12.4063 ], [ 76.862, 12.3997 ], [ 76.8776, 12.3997 ], [ 76.8809, 12.4052 ], [ 76.9003, 12.4089 ], [ 76.9049, 12.4367 ], [ 76.9224, 12.4418 ], [ 76.9244, 12.4211 ], [ 76.9377, 12.4003 ], [ 76.939, 12.3526 ], [ 76.9242, 12.3531 ], [ 76.9319, 12.3382 ], [ 76.9219, 12.3217 ], [ 76.948, 12.3304 ], [ 76.9577, 12.3269 ], [ 76.9563, 12.3523 ], [ 76.9589, 12.3557 ], [ 76.9769, 12.3528 ], [ 76.9768, 12.3277 ], [ 76.9866, 12.3334 ], [ 76.9872, 12.3194 ], [ 76.9979, 12.313 ], [ 76.993, 12.3006 ], [ 76.977, 12.3071 ], [ 76.9717, 12.2903 ], [ 76.9907, 12.287 ], [ 76.9896, 12.2561 ], [ 76.9953, 12.2422 ], [ 77.0132, 12.2441 ], [ 77.0363, 12.2322 ], [ 77.0499, 12.2386 ], [ 77.0646, 12.2329 ], [ 77.0787, 12.2365 ], [ 77.0778, 12.2212 ], [ 77.0883, 12.2179 ], [ 77.1062, 12.2206 ], [ 77.1085, 12.2408 ], [ 77.1241, 12.2427 ], [ 77.134, 12.2276 ], [ 77.1319, 12.2072 ], [ 77.1223, 12.1972 ], [ 77.1074, 12.1898 ], [ 77.0846, 12.191 ], [ 77.0614, 12.171 ], [ 77.0447, 12.1692 ], [ 77.0392, 12.1472 ], [ 77.0457, 12.136 ], [ 77.0398, 12.1283 ], [ 77.037, 12.1392 ], [ 77.016, 12.1337 ], [ 77.0143, 12.1632 ], [ 77.0039, 12.1599 ], [ 76.9987, 12.1771 ], [ 76.99, 12.1747 ], [ 76.9891, 12.1404 ], [ 76.9762, 12.1343 ], [ 76.9704, 12.1125 ], [ 76.9488, 12.0974 ], [ 76.9236, 12.1141 ], [ 76.9063, 12.1133 ], [ 76.9026, 12.1226 ], [ 76.8909, 12.1211 ], [ 76.8902, 12.1308 ], [ 76.882, 12.1295 ], [ 76.8714, 12.1413 ], [ 76.8714, 12.174 ], [ 76.8626, 12.1803 ], [ 76.852, 12.1793 ], [ 76.8532, 12.1703 ], [ 76.8456, 12.1674 ], [ 76.8535, 12.1594 ], [ 76.8408, 12.1561 ], [ 76.8411, 12.1454 ], [ 76.8315, 12.1319 ], [ 76.8458, 12.1132 ], [ 76.8477, 12.1187 ], [ 76.8767, 12.1152 ], [ 76.8841, 12.0825 ], [ 76.8741, 12.0757 ], [ 76.87, 12.0631 ], [ 76.8535, 12.0598 ], [ 76.8683, 12.0597 ], [ 76.8699, 12.0553 ], [ 76.8907, 12.0582 ], [ 76.8905, 12.049 ], [ 76.9101, 12.0411 ], [ 76.9151, 12.0259 ], [ 76.9388, 12.0262 ], [ 76.9361, 12.0131 ], [ 76.9237, 12.0131 ], [ 76.9042, 11.999 ], [ 76.8859, 12.0012 ], [ 76.8831, 12.0154 ], [ 76.873, 12.0055 ], [ 76.8582, 12.0076 ], [ 76.8566, 11.9995 ], [ 76.8365, 11.9998 ], [ 76.8374, 12.0036 ], [ 76.8213, 12.0108 ], [ 76.8203, 12.0272 ], [ 76.8117, 12.0268 ], [ 76.7921, 12.0107 ], [ 76.7977, 11.9986 ], [ 76.7937, 11.9863 ], [ 76.7799, 11.9852 ], [ 76.7667, 11.9992 ], [ 76.7511, 11.9999 ], [ 76.7409, 12.0093 ], [ 76.7294, 11.9905 ], [ 76.7192, 11.9907 ], [ 76.7173, 11.9849 ], [ 76.7051, 11.9851 ], [ 76.7015, 11.9978 ], [ 76.6946, 12.0004 ], [ 76.6511, 12.0079 ], [ 76.6428, 11.9828 ], [ 76.6134, 11.9916 ], [ 76.596, 11.9843 ], [ 76.5783, 11.9882 ], [ 76.5743, 11.9684 ], [ 76.5575, 11.9489 ], [ 76.5713, 11.9401 ], [ 76.5703, 11.9281 ], [ 76.5766, 11.9235 ], [ 76.557, 11.8947 ], [ 76.5537, 11.8586 ], [ 76.5347, 11.8732 ], [ 76.4911, 11.861 ], [ 76.4928, 11.8221 ] ], [ [ 76.899, 12.3737 ], [ 76.8976, 12.3581 ], [ 76.91, 12.352 ], [ 76.9201, 12.3591 ], [ 76.9229, 12.3821 ], [ 76.9112, 12.3835 ], [ 76.9093, 12.3752 ], [ 76.899, 12.3737 ] ], [ [ 76.9705, 12.2552 ], [ 76.9824, 12.2545 ], [ 76.982, 12.2702 ], [ 76.9696, 12.275 ], [ 76.9705, 12.2552 ] ] ] } },
{ "type": "Feature", "properties": { "district": "Raichur", "did": "karnataka:Raichur", "state_key": "karnataka" }, "geometry": { "type": "Polygon", "coordinates": [ [ [ 77.016, 15.8222 ], [ 76.9988, 15.8112 ], [ 76.967, 15.7743 ], [ 76.9428, 15.7619 ], [ 76.9223, 15.7281 ], [ 76.9169, 15.6997 ], [ 76.8894, 15.6849 ], [ 76.8576, 15.6424 ], [ 76.8343, 15.6278 ], [ 76.832, 15.5609 ], [ 76.8107, 15.5474 ], [ 76.7784, 15.5571 ], [ 76.7583, 15.5673 ], [ 76.7518, 15.5887 ], [ 76.7009, 15.5945 ], [ 76.7003, 15.591 ], [ 76.6888, 15.5958 ], [ 76.6908, 15.6013 ], [ 76.6802, 15.6066 ], [ 76.6796, 15.6127 ], [ 76.6804, 15.627 ], [ 76.6936, 15.6246 ], [ 76.6906, 15.6482 ], [ 76.6702, 15.6389 ], [ 76.6718, 15.6582 ], [ 76.6534, 15.6603 ], [ 76.6539, 15.6657 ], [ 76.5995, 15.6739 ], [ 76.597, 15.6996 ], [ 76.586, 15.6976 ], [ 76.5618, 15.7057 ], [ 76.553, 15.6999 ], [ 76.5415, 15.6987 ], [ 76.5399, 15.7041 ], [ 76.5319, 15.6992 ], [ 76.5104, 15.7167 ], [ 76.4915, 15.7075 ], [ 76.4822, 15.7192 ], [ 76.4472, 15.7342 ], [ 76.4474, 15.744 ], [ 76.4391, 15.75 ], [ 76.4395, 15.7844 ], [ 76.4222, 15.7856 ], [ 76.413, 15.7967 ], [ 76.4132, 15.8045 ], [ 76.4422, 15.824 ], [ 76.4515, 15.8459 ], [ 76.4478, 15.8538 ], [ 76.4182, 15.8689 ], [ 76.4268, 15.8903 ], [ 76.4037, 15.9021 ], [ 76.3751, 15.9022 ], [ 76.3735, 15.9174 ], [ 76.3534, 15.9028 ], [ 76.3587, 15.9014 ], [ 76.3588, 15.8817 ], [ 76.3512, 15.8637 ], [ 76.3379, 15.8718 ], [ 76.3449, 15.9005 ], [ 76.316, 15.905 ], [ 76.3136, 15.8947 ], [ 76.2898, 15.8928 ], [ 76.2853, 15.929 ], [ 76.3018, 15.9306 ], [ 76.3023, 15.9236 ], [ 76.312, 15.9226 ], [ 76.3132, 15.9294 ], [ 76.329, 15.9348 ], [ 76.3227, 15.956 ], [ 76.3094, 15.9572 ], [ 76.298, 15.9895 ], [ 76.2979, 15.9991 ], [ 76.3119, 16.0001 ], [ 76.3029, 16.0382 ], [ 76.3032, 16.0735 ], [ 76.2588, 16.074 ], [ 76.2572, 16.0884 ], [ 76.2938, 16.0884 ], [ 76.328, 16.0775 ], [ 76.3323, 16.0919 ], [ 76.2678, 16.1097 ], [ 76.2618, 16.0968 ], [ 76.2555, 16.0971 ], [ 76.2542, 16.1102 ], [ 76.2441, 16.1137 ], [ 76.2465, 16.1281 ], [ 76.2342, 16.1307 ], [ 76.2387, 16.1667 ], [ 76.2685, 16.1527 ], [ 76.2805, 16.1527 ], [ 76.2982, 16.1855 ], [ 76.3514, 16.2005 ], [ 76.3687, 16.218 ], [ 76.4158, 16.2455 ], [ 76.4166, 16.253 ], [ 76.4821, 16.2943 ], [ 76.5178, 16.3022 ], [ 76.5682, 16.3299 ], [ 76.6112, 16.3416 ], [ 76.7016, 16.3923 ], [ 76.7443, 16.4096 ], [ 76.7608, 16.4286 ], [ 76.7855, 16.4178 ], [ 76.841, 16.4304 ], [ 76.8647, 16.4568 ], [ 76.8632, 16.4826 ], [ 76.8707, 16.4897 ], [ 76.8823, 16.4924 ], [ 76.9118, 16.4849 ], [ 76.9412, 16.4996 ], [ 76.9713, 16.5038 ], [ 76.9766, 16.5167 ], [ 76.9693, 16.5515 ], [ 76.9741, 16.559 ], [ 76.9852, 16.562 ], [ 76.9989, 16.5575 ], [ 77.0094, 16.5456 ], [ 77.0051, 16.5173 ], [ 77.0132, 16.4996 ], [ 77.0256, 16.5016 ], [ 77.044, 16.5183 ], [ 77.0576, 16.5198 ], [ 77.0921, 16.4935 ], [ 77.1561, 16.4726 ], [ 77.1641, 16.4602 ], [ 77.1622, 16.4453 ], [ 77.1739, 16.4323 ], [ 77.2429, 16.4176 ], [ 77.2635, 16.4042 ], [ 77.2971, 16.407 ], [ 77.3116, 16.3987 ], [ 77.3346, 16.3949 ], [ 77.3497, 16.3836 ], [ 77.3787, 16.3854 ], [ 77.4126, 16.3672 ], [ 77.4259, 16.3676 ], [ 77.4416, 16.3809 ], [ 77.4897, 16.385 ], [ 77.5234, 16.3758 ], [ 77.5388, 16.3582 ], [ 77.5727, 16.3409 ], [ 77.5957, 16.3414 ], [ 77.588, 16.3334 ], [ 77.5977, 16.2928 ], [ 77.582, 16.2913 ], [ 77.5689, 16.3036 ], [ 77.5632, 16.3016 ], [ 77.5451, 16.2917 ], [ 77.5369, 16.2668 ], [ 77.5219, 16.278 ], [ 77.5048, 16.2758 ], [ 77.5024, 16.2631 ], [ 77.4901, 16.2552 ], [ 77.4923, 16.2293 ], [ 77.5157, 16.2278 ], [ 77.515, 16.222 ], [ 77.5011, 16.2217 ], [ 77.4995, 16.1986 ], [ 77.4862, 16.163 ], [ 77.4907, 16.1596 ], [ 77.4898, 16.1196 ], [ 77.5002, 16.1206 ], [ 77.5133, 16.108 ], [ 77.5009, 16.1062 ], [ 77.4937, 16.0863 ], [ 77.5069, 16.0796 ], [ 77.494, 16.037 ], [ 77.5044, 16.0113 ], [ 77.5141, 16.0081 ], [ 77.5096, 15.9804 ], [ 77.5198, 15.9669 ], [ 77.5134, 15.9268 ], [ 77.4987, 15.9332 ], [ 77.466, 15.9345 ], [ 77.4296, 15.9491 ], [ 77.4163, 15.9424 ], [ 77.3977, 15.9445 ], [ 77.3801, 15.9398 ], [ 77.3612, 15.9494 ], [ 77.3241, 15.9502 ], [ 77.3011, 15.958 ], [ 77.2847, 15.9538 ], [ 77.2489, 15.9646 ], [ 77.2355, 15.9571 ], [ 77.1853, 15.9567 ], [ 77.1489, 15.9478 ], [ 77.1373, 15.9382 ], [ 77.1026, 15.9287 ], [ 77.0748, 15.912 ], [ 77.016, 15.8222 ] ] ] } },
{ "type": "Feature", "properties": { "district": "Ramanagaram", "did": "karnataka:Ramanagaram", "state_key": "karnataka" }, "geometry": { "type": "Polygon", "coordinates": [ [ [ 77.5049, 12.7324 ], [ 77.5138, 12.7502 ], [ 77.5209, 12.7444 ], [ 77.5213, 12.7324 ], [ 77.5346, 12.7562 ], [ 77.5405, 12.7498 ], [ 77.5463, 12.7701 ], [ 77.5523, 12.7722 ], [ 77.544, 12.776 ], [ 77.5488, 12.786 ], [ 77.5431, 12.7974 ], [ 77.5569, 12.7991 ], [ 77.5547, 12.7886 ], [ 77.5628, 12.7871 ], [ 77.5561, 12.7769 ], [ 77.5655, 12.7589 ], [ 77.5716, 12.7649 ], [ 77.5708, 12.778 ], [ 77.5804, 12.7872 ], [ 77.5921, 12.7804 ], [ 77.5982, 12.761 ], [ 77.5947, 12.7523 ], [ 77.5761, 12.7521 ], [ 77.5689, 12.7298 ], [ 77.5558, 12.7327 ], [ 77.5674, 12.7011 ], [ 77.5941, 12.7221 ], [ 77.6154, 12.7092 ], [ 77.5952, 12.6672 ], [ 77.606, 12.628 ], [ 77.5926, 12.6193 ], [ 77.5914, 12.5921 ], [ 77.5793, 12.5731 ], [ 77.5872, 12.5148 ], [ 77.6124, 12.5149 ], [ 77.6163, 12.5092 ], [ 77.5837, 12.4788 ], [ 77.6074, 12.4751 ], [ 77.6261, 12.4963 ], [ 77.6348, 12.4868 ], [ 77.6272, 12.4585 ], [ 77.6296, 12.4183 ], [ 77.6233, 12.4123 ], [ 77.6143, 12.3622 ], [ 77.6009, 12.3585 ], [ 77.5915, 12.3401 ], [ 77.5786, 12.3357 ], [ 77.566, 12.3062 ], [ 77.5579, 12.3057 ], [ 77.5513, 12.2912 ], [ 77.5328, 12.2915 ], [ 77.5272, 12.2788 ], [ 77.5142, 12.2754 ], [ 77.5, 12.2826 ], [ 77.4876, 12.2805 ], [ 77.468, 12.2432 ], [ 77.4483, 12.25 ], [ 77.4378, 12.2793 ], [ 77.4226, 12.2895 ], [ 77.4035, 12.2794 ], [ 77.3655, 12.2839 ], [ 77.3489, 12.2789 ], [ 77.3414, 12.2827 ], [ 77.3227, 12.3127 ], [ 77.3338, 12.3542 ], [ 77.3306, 12.3621 ], [ 77.3134, 12.3924 ], [ 77.2859, 12.3931 ], [ 77.2852, 12.4287 ], [ 77.27, 12.434 ], [ 77.2748, 12.4396 ], [ 77.2691, 12.4648 ], [ 77.2643, 12.4616 ], [ 77.2542, 12.4703 ], [ 77.2362, 12.47 ], [ 77.2352, 12.4834 ], [ 77.2298, 12.4837 ], [ 77.2255, 12.4744 ], [ 77.2258, 12.4895 ], [ 77.236, 12.4863 ], [ 77.2378, 12.4999 ], [ 77.2241, 12.5026 ], [ 77.2222, 12.4915 ], [ 77.2165, 12.4922 ], [ 77.2133, 12.4851 ], [ 77.2002, 12.4905 ], [ 77.1978, 12.4832 ], [ 77.1782, 12.4793 ], [ 77.1681, 12.4853 ], [ 77.1648, 12.475 ], [ 77.1578, 12.4755 ], [ 77.1472, 12.462 ], [ 77.124, 12.4841 ], [ 77.1317, 12.5186 ], [ 77.125, 12.5233 ], [ 77.1253, 12.5354 ], [ 77.1145, 12.543 ], [ 77.1145, 12.5533 ], [ 77.1278, 12.5533 ], [ 77.1285, 12.5699 ], [ 77.1169, 12.582 ], [ 77.1081, 12.6084 ], [ 77.1224, 12.6237 ], [ 77.1004, 12.6305 ], [ 77.0992, 12.6733 ], [ 77.0737, 12.6807 ], [ 77.0726, 12.7024 ], [ 77.0838, 12.7412 ], [ 77.0801, 12.7591 ], [ 77.0926, 12.7527 ], [ 77.0975, 12.7763 ], [ 77.1075, 12.7803 ], [ 77.1226, 12.7736 ], [ 77.1367, 12.7837 ], [ 77.1452, 12.7816 ], [ 77.1509, 12.7919 ], [ 77.1392, 12.81 ], [ 77.1419, 12.8203 ], [ 77.1588, 12.8274 ], [ 77.1494, 12.8304 ], [ 77.1492, 12.8486 ], [ 77.1311, 12.8592 ], [ 77.1314, 12.8881 ], [ 77.1187, 12.884 ], [ 77.107, 12.8944 ], [ 77.1248, 12.9021 ], [ 77.1326, 12.898 ], [ 77.1399, 12.9182 ], [ 77.1581, 12.9134 ], [ 77.1654, 12.929 ], [ 77.1565, 12.9425 ], [ 77.1573, 12.9582 ], [ 77.1298, 12.9779 ], [ 77.1328, 12.9864 ], [ 77.1418, 12.9837 ], [ 77.1448, 12.9876 ], [ 77.1344, 13.0053 ], [ 77.1245, 13.0062 ], [ 77.1295, 12.9955 ], [ 77.1066, 12.9965 ], [ 77.1055, 12.9927 ], [ 77.0981, 12.9993 ], [ 77.1183, 13.0146 ], [ 77.0822, 13.0385 ], [ 77.0698, 13.0402 ], [ 77.0774, 13.0581 ], [ 77.0682, 13.068 ], [ 77.0758, 13.0723 ], [ 77.0808, 13.0903 ], [ 77.0703, 13.1208 ], [ 77.0719, 13.1309 ], [ 77.092, 13.1356 ], [ 77.0959, 13.1458 ], [ 77.1081, 13.1426 ], [ 77.1079, 13.1333 ], [ 77.1161, 13.13 ], [ 77.1189, 13.1621 ], [ 77.1311, 13.1663 ], [ 77.1385, 13.1782 ], [ 77.1478, 13.174 ], [ 77.1555, 13.1934 ], [ 77.1665, 13.197 ], [ 77.1688, 13.1838 ], [ 77.1844, 13.1866 ], [ 77.1978, 13.1802 ], [ 77.2036, 13.1845 ], [ 77.2163, 13.1616 ], [ 77.2175, 13.1449 ], [ 77.275, 13.1526 ], [ 77.2739, 13.1398 ], [ 77.2671, 13.1427 ], [ 77.2684, 13.1189 ], [ 77.2765, 13.1194 ], [ 77.2791, 13.1338 ], [ 77.2847, 13.1344 ], [ 77.2928, 13.1101 ], [ 77.3143, 13.1061 ], [ 77.3111, 13.0463 ], [ 77.3284, 13.0502 ], [ 77.3311, 13.0429 ], [ 77.3278, 13.0089 ], [ 77.3219, 13.0079 ], [ 77.3256, 12.9713 ], [ 77.3395, 12.9441 ], [ 77.3365, 12.9121 ], [ 77.3434, 12.888 ], [ 77.3332, 12.8879 ], [ 77.335, 12.8784 ], [ 77.3449, 12.8765 ], [ 77.3463, 12.8701 ], [ 77.3656, 12.8716 ], [ 77.3698, 12.8576 ], [ 77.3794, 12.8549 ], [ 77.3974, 12.8683 ], [ 77.4027, 12.8654 ], [ 77.4104, 12.8766 ], [ 77.4158, 12.8717 ], [ 77.4299, 12.8754 ], [ 77.4292, 12.8706 ], [ 77.4184, 12.8695 ], [ 77.4289, 12.8567 ], [ 77.4266, 12.8503 ], [ 77.4379, 12.8502 ], [ 77.4346, 12.8392 ], [ 77.4251, 12.8378 ], [ 77.4196, 12.8263 ], [ 77.4334, 12.8233 ], [ 77.436, 12.8104 ], [ 77.4436, 12.8082 ], [ 77.4516, 12.8181 ], [ 77.4659, 12.8086 ], [ 77.48, 12.8086 ], [ 77.4847, 12.8008 ], [ 77.4763, 12.7968 ], [ 77.471, 12.7996 ], [ 77.4693, 12.7951 ], [ 77.4777, 12.7815 ], [ 77.476, 12.7547 ], [ 77.5049, 12.7324 ] ], [ [ 77.0832, 13.071 ], [ 77.0824, 13.0739 ], [ 77.0811, 13.0739 ], [ 77.0832, 13.071 ] ] ] } },
{ "type": "Feature", "properties": { "district": "Shivamogga", "did": "karnataka:Shivamogga", "state_key": "karnataka" }, "geometry": { "type": "Polygon", "coordinates": [ [ [ 75.4886, 13.7597 ], [ 75.4612, 13.7417 ], [ 75.4543, 13.7236 ], [ 75.4266, 13.7151 ], [ 75.4192, 13.7061 ], [ 75.4025, 13.7038 ], [ 75.3829, 13.7109 ], [ 75.3823, 13.7026 ], [ 75.3942, 13.7003 ], [ 75.4147, 13.6529 ], [ 75.4073, 13.6256 ], [ 75.3943, 13.6305 ], [ 75.3861, 13.6132 ], [ 75.3782, 13.615 ], [ 75.3727, 13.6267 ], [ 75.366, 13.6219 ], [ 75.3639, 13.6042 ], [ 75.3697, 13.5971 ], [ 75.3574, 13.5956 ], [ 75.3443, 13.5806 ], [ 75.3408, 13.5857 ], [ 75.3282, 13.5859 ], [ 75.3262, 13.5925 ], [ 75.308, 13.584 ], [ 75.295, 13.5847 ], [ 75.2789, 13.5645 ], [ 75.2645, 13.5866 ], [ 75.2565, 13.5837 ], [ 75.2549, 13.5948 ], [ 75.2448, 13.6051 ], [ 75.2355, 13.5984 ], [ 75.2257, 13.6059 ], [ 75.2238, 13.596 ], [ 75.2107, 13.5853 ], [ 75.2117, 13.5781 ], [ 75.2264, 13.5683 ], [ 75.2159, 13.5579 ], [ 75.2244, 13.5486 ], [ 75.2207, 13.5332 ], [ 75.226, 13.5279 ], [ 75.2088, 13.5247 ], [ 75.2041, 13.5182 ], [ 75.2111, 13.517 ], [ 75.2027, 13.509 ], [ 75.1884, 13.5088 ], [ 75.1762, 13.4991 ], [ 75.1697, 13.5079 ], [ 75.1363, 13.4724 ], [ 75.1407, 13.4613 ], [ 75.1267, 13.4621 ], [ 75.1158, 13.4568 ], [ 75.1023, 13.4889 ], [ 75.0968, 13.4864 ], [ 75.0876, 13.4944 ], [ 75.0799, 13.4925 ], [ 75.0768, 13.5143 ], [ 75.0683, 13.5235 ], [ 75.0596, 13.5194 ], [ 75.0627, 13.5287 ], [ 75.049, 13.5373 ], [ 75.0496, 13.554 ], [ 75.035, 13.5671 ], [ 75.0378, 13.58 ], [ 75.059, 13.5896 ], [ 75.0613, 13.6026 ], [ 75.0558, 13.6105 ], [ 75.0394, 13.6103 ], [ 75.0282, 13.6271 ], [ 75.0154, 13.6347 ], [ 75.0127, 13.6578 ], [ 75.0157, 13.6636 ], [ 75.0243, 13.6605 ], [ 75.029, 13.6669 ], [ 75.0121, 13.6767 ], [ 75.011, 13.691 ], [ 75.0213, 13.6981 ], [ 75.0112, 13.7075 ], [ 74.9911, 13.71 ], [ 74.9887, 13.7202 ], [ 74.9985, 13.7383 ], [ 74.9481, 13.7569 ], [ 74.9353, 13.7717 ], [ 74.928, 13.7688 ], [ 74.9334, 13.7876 ], [ 74.9244, 13.7963 ], [ 74.9106, 13.8566 ], [ 74.8787, 13.8674 ], [ 74.8763, 13.8605 ], [ 74.8651, 13.8572 ], [ 74.8399, 13.8974 ], [ 74.8196, 13.9078 ], [ 74.7946, 13.9104 ], [ 74.7915, 13.9055 ], [ 74.7878, 13.9132 ], [ 74.7626, 13.916 ], [ 74.755, 13.909 ], [ 74.7418, 13.9148 ], [ 74.7117, 13.9051 ], [ 74.7077, 13.9268 ], [ 74.6905, 13.9335 ], [ 74.6996, 13.939 ], [ 74.6987, 13.9506 ], [ 74.6846, 13.9577 ], [ 74.6658, 13.98 ], [ 74.6631, 13.9939 ], [ 74.6775, 14.0348 ], [ 74.6552, 14.0391 ], [ 74.6608, 14.0584 ], [ 74.6374, 14.0946 ], [ 74.6557, 14.1133 ], [ 74.6463, 14.1144 ], [ 74.6449, 14.1421 ], [ 74.629, 14.1442 ], [ 74.6252, 14.1625 ], [ 74.6506, 14.1701 ], [ 74.6655, 14.1844 ], [ 74.6905, 14.1662 ], [ 74.6975, 14.1731 ], [ 74.7075, 14.17 ], [ 74.7234, 14.1526 ], [ 74.743, 14.149 ], [ 74.7479, 14.1427 ], [ 74.7484, 14.1569 ], [ 74.7287, 14.1749 ], [ 74.7187, 14.2139 ], [ 74.7159, 14.2332 ], [ 74.73, 14.2638 ], [ 74.7637, 14.2379 ], [ 74.7729, 14.2394 ], [ 74.7918, 14.2274 ], [ 74.8033, 14.232 ], [ 74.8323, 14.23 ], [ 74.8534, 14.2112 ], [ 74.8663, 14.2197 ], [ 74.8732, 14.2412 ], [ 74.8802, 14.2346 ], [ 74.8776, 14.2158 ], [ 74.8928, 14.2176 ], [ 74.9006, 14.2299 ], [ 74.9198, 14.2275 ], [ 74.9289, 14.2353 ], [ 74.9383, 14.2563 ], [ 74.9284, 14.2647 ], [ 74.9263, 14.2774 ], [ 74.9166, 14.2731 ], [ 74.91, 14.2782 ], [ 74.907, 14.2948 ], [ 74.9252, 14.3194 ], [ 74.937, 14.3223 ], [ 74.9518, 14.3169 ], [ 74.9578, 14.3234 ], [ 74.9714, 14.3157 ], [ 74.9769, 14.3206 ], [ 74.9696, 14.3259 ], [ 74.9762, 14.3321 ], [ 74.9392, 14.3585 ], [ 74.9498, 14.376 ], [ 74.9487, 14.399 ], [ 74.9336, 14.4039 ], [ 74.9171, 14.4315 ], [ 74.8808, 14.4292 ], [ 74.8746, 14.4476 ], [ 74.8906, 14.4622 ], [ 74.9209, 14.4591 ], [ 74.9183, 14.4664 ], [ 74.8892, 14.4793 ], [ 74.8946, 14.5074 ], [ 74.9021, 14.5152 ], [ 74.9009, 14.5293 ], [ 74.9268, 14.529 ], [ 74.9357, 14.5187 ], [ 74.9542, 14.5512 ], [ 74.9768, 14.5487 ], [ 74.9797, 14.5242 ], [ 74.9718, 14.5208 ], [ 74.9906, 14.5011 ], [ 74.9845, 14.4863 ], [ 74.9894, 14.4727 ], [ 75.0055, 14.4805 ], [ 75.0186, 14.4967 ], [ 75.0406, 14.5002 ], [ 75.0369, 14.5294 ], [ 75.0523, 14.5336 ], [ 75.0613, 14.5436 ], [ 75.0549, 14.5488 ], [ 75.0469, 14.5454 ], [ 75.0399, 14.5489 ], [ 75.0335, 14.5588 ], [ 75.023, 14.5626 ], [ 75.0208, 14.574 ], [ 75.0267, 14.5835 ], [ 75.0267, 14.6157 ], [ 75.0508, 14.6495 ], [ 75.0726, 14.6552 ], [ 75.0992, 14.6528 ], [ 75.1242, 14.6312 ], [ 75.1425, 14.6338 ], [ 75.1441, 14.6203 ], [ 75.1528, 14.6261 ], [ 75.1602, 14.6173 ], [ 75.1654, 14.6333 ], [ 75.1719, 14.6343 ], [ 75.1878, 14.6225 ], [ 75.2024, 14.6277 ], [ 75.2007, 14.6379 ], [ 75.2055, 14.6376 ], [ 75.2106, 14.6233 ], [ 75.2051, 14.5975 ], [ 75.1817, 14.5977 ], [ 75.1841, 14.5858 ], [ 75.1977, 14.5827 ], [ 75.1973, 14.5774 ], [ 75.2075, 14.5721 ], [ 75.2216, 14.5849 ], [ 75.2274, 14.5838 ], [ 75.2251, 14.5677 ], [ 75.2404, 14.5549 ], [ 75.2435, 14.5779 ], [ 75.2654, 14.5797 ], [ 75.2972, 14.5405 ], [ 75.2901, 14.5316 ], [ 75.2783, 14.5341 ], [ 75.2678, 14.5278 ], [ 75.2675, 14.5149 ], [ 75.275, 14.5109 ], [ 75.3196, 14.5134 ], [ 75.3294, 14.4945 ], [ 75.3461, 14.4853 ], [ 75.3399, 14.4687 ], [ 75.3472, 14.4574 ], [ 75.3401, 14.4357 ], [ 75.3561, 14.4283 ], [ 75.3646, 14.4416 ], [ 75.3821, 14.4335 ], [ 75.3779, 14.4078 ], [ 75.3594, 14.4093 ], [ 75.3486, 14.388 ], [ 75.3737, 14.3702 ], [ 75.3974, 14.3661 ], [ 75.4102, 14.3524 ], [ 75.4293, 14.3491 ], [ 75.4773, 14.3174 ], [ 75.4765, 14.3438 ], [ 75.4887, 14.3387 ], [ 75.4898, 14.3473 ], [ 75.501, 14.3443 ], [ 75.5027, 14.3078 ], [ 75.5341, 14.2895 ], [ 75.5356, 14.2774 ], [ 75.5299, 14.2774 ], [ 75.527, 14.2583 ], [ 75.5268, 14.2028 ], [ 75.5209, 14.2025 ], [ 75.5069, 14.2191 ], [ 75.4762, 14.2149 ], [ 75.4529, 14.2047 ], [ 75.4842, 14.1762 ], [ 75.4611, 14.1747 ], [ 75.4437, 14.1634 ], [ 75.4154, 14.1412 ], [ 75.3988, 14.1169 ], [ 75.4329, 14.1065 ], [ 75.4485, 14.0954 ], [ 75.4905, 14.1047 ], [ 75.4928, 14.0995 ], [ 75.51, 14.1011 ], [ 75.5236, 14.0945 ], [ 75.5313, 14.0975 ], [ 75.5432, 14.0781 ], [ 75.5537, 14.0788 ], [ 75.5852, 14.0579 ], [ 75.5913, 14.0639 ], [ 75.6036, 14.0565 ], [ 75.6175, 14.0766 ], [ 75.6307, 14.0735 ], [ 75.6343, 14.0798 ], [ 75.673, 14.0649 ], [ 75.7255, 14.0758 ], [ 75.7211, 14.0834 ], [ 75.7382, 14.0874 ], [ 75.7388, 14.1011 ], [ 75.7531, 14.1017 ], [ 75.756, 14.1103 ], [ 75.7682, 14.1094 ], [ 75.7685, 14.1036 ], [ 75.8058, 14.0981 ], [ 75.8141, 14.1056 ], [ 75.821, 14.065 ], [ 75.8139, 14.0488 ], [ 75.801, 14.0437 ], [ 75.7988, 14.0333 ], [ 75.8034, 14.0261 ], [ 75.8239, 14.0189 ], [ 75.8291, 13.9717 ], [ 75.8596, 13.9104 ], [ 75.8553, 13.8727 ], [ 75.8629, 13.8727 ], [ 75.8714, 13.8511 ], [ 75.8788, 13.8101 ], [ 75.8254, 13.8186 ], [ 75.8078, 13.7944 ], [ 75.7918, 13.7969 ], [ 75.7776, 13.7885 ], [ 75.7671, 13.7971 ], [ 75.7607, 13.7942 ], [ 75.7669, 13.79 ], [ 75.7646, 13.7815 ], [ 75.7491, 13.7809 ], [ 75.7317, 13.769 ], [ 75.6872, 13.7667 ], [ 75.682, 13.7613 ], [ 75.6865, 13.7499 ], [ 75.6765, 13.7511 ], [ 75.6692, 13.7641 ], [ 75.6559, 13.7461 ], [ 75.6747, 13.7232 ], [ 75.6512, 13.7187 ], [ 75.6479, 13.7091 ], [ 75.6349, 13.7012 ], [ 75.6225, 13.7057 ], [ 75.6173, 13.7229 ], [ 75.6279, 13.7332 ], [ 75.609, 13.746 ], [ 75.6108, 13.7609 ], [ 75.5714, 13.7554 ], [ 75.5658, 13.7408 ], [ 75.5409, 13.728 ], [ 75.5216, 13.7436 ], [ 75.521, 13.7518 ], [ 75.5107, 13.755 ], [ 75.5069, 13.7657 ], [ 75.4983, 13.7581 ], [ 75.4864, 13.7679 ], [ 75.4886, 13.7597 ] ] ] } },
{ "type": "Feature", "properties": { "district": "Tumakuru", "did": "karnataka:Tumakuru", "state_key": "karnataka" }, "geometry": { "type": "MultiPolygon", "coordinates": [ [ [ [ 77.0719, 13.1309 ], [ 77.0704, 13.122 ], [ 77.0808, 13.0903 ], [ 77.0758, 13.0723 ], [ 77.0682, 13.068 ], [ 77.0774, 13.0581 ], [ 77.0698, 13.0402 ], [ 77.0822, 13.0385 ], [ 77.1183, 13.0146 ], [ 77.0981, 12.9993 ], [ 77.1055, 12.9927 ], [ 77.1066, 12.9965 ], [ 77.1295, 12.9955 ], [ 77.1245, 13.0062 ], [ 77.1344, 13.0053 ], [ 77.1448, 12.9876 ], [ 77.1418, 12.9837 ], [ 77.1328, 12.9864 ], [ 77.1298, 12.9779 ], [ 77.1573, 12.9582 ], [ 77.1565, 12.9425 ], [ 77.1654, 12.929 ], [ 77.1581, 12.9134 ], [ 77.1399, 12.9182 ], [ 77.1326, 12.898 ], [ 77.1248, 12.9021 ], [ 77.107, 12.8944 ], [ 77.1187, 12.884 ], [ 77.1314, 12.8881 ], [ 77.1311, 12.8592 ], [ 77.1492, 12.8486 ], [ 77.1494, 12.8304 ], [ 77.1588, 12.8274 ], [ 77.1419, 12.8203 ], [ 77.1392, 12.81 ], [ 77.1502, 12.787 ], [ 77.1243, 12.7739 ], [ 77.1075, 12.7803 ], [ 77.0975, 12.7763 ], [ 77.0926, 12.7527 ], [ 77.0801, 12.7591 ], [ 77.0767, 12.7455 ], [ 77.0674, 12.7583 ], [ 77.0489, 12.7474 ], [ 77.0436, 12.7781 ], [ 77.0252, 12.7631 ], [ 77.0092, 12.7643 ], [ 77.0096, 12.7824 ], [ 76.9983, 12.7759 ], [ 76.9834, 12.793 ], [ 76.9756, 12.791 ], [ 76.9731, 12.8035 ], [ 76.9507, 12.8015 ], [ 76.9413, 12.8056 ], [ 76.9328, 12.8005 ], [ 76.9246, 12.804 ], [ 76.9002, 12.8448 ], [ 76.8923, 12.8471 ], [ 76.8892, 12.8974 ], [ 76.8732, 12.8971 ], [ 76.8655, 12.905 ], [ 76.8672, 12.9186 ], [ 76.8962, 12.9205 ], [ 76.8915, 12.9326 ], [ 76.8844, 12.9351 ], [ 76.8626, 12.9279 ], [ 76.8625, 12.9347 ], [ 76.8396, 12.9458 ], [ 76.8397, 12.9735 ], [ 76.8505, 12.9735 ], [ 76.8529, 12.9787 ], [ 76.8147, 13.0137 ], [ 76.7858, 13.0153 ], [ 76.7831, 13.0294 ], [ 76.7646, 13.0358 ], [ 76.7253, 13.0412 ], [ 76.7021, 13.0415 ], [ 76.6935, 13.0367 ], [ 76.6728, 13.0553 ], [ 76.6526, 13.0073 ], [ 76.6129, 13.0058 ], [ 76.6042, 13.0172 ], [ 76.6081, 13.0376 ], [ 76.6021, 13.0402 ], [ 76.606, 13.0548 ], [ 76.6198, 13.054 ], [ 76.6179, 13.0638 ], [ 76.6075, 13.0711 ], [ 76.525, 13.079 ], [ 76.5158, 13.0688 ], [ 76.4957, 13.0867 ], [ 76.4947, 13.0946 ], [ 76.4723, 13.0931 ], [ 76.4686, 13.1202 ], [ 76.4732, 13.1499 ], [ 76.455, 13.1499 ], [ 76.445, 13.1698 ], [ 76.4289, 13.173 ], [ 76.4256, 13.1834 ], [ 76.4124, 13.1918 ], [ 76.3943, 13.1905 ], [ 76.3938, 13.1979 ], [ 76.3708, 13.2004 ], [ 76.3699, 13.2122 ], [ 76.38, 13.2225 ], [ 76.3799, 13.2315 ], [ 76.3645, 13.234 ], [ 76.362, 13.249 ], [ 76.3562, 13.2491 ], [ 76.357, 13.2873 ], [ 76.3476, 13.3012 ], [ 76.3523, 13.3305 ], [ 76.347, 13.36 ], [ 76.3814, 13.3641 ], [ 76.3923, 13.3794 ], [ 76.3894, 13.3961 ], [ 76.3969, 13.4022 ], [ 76.4006, 13.4228 ], [ 76.4197, 13.4484 ], [ 76.407, 13.4592 ], [ 76.4152, 13.4788 ], [ 76.396, 13.4935 ], [ 76.3965, 13.5039 ], [ 76.4152, 13.509 ], [ 76.4273, 13.5256 ], [ 76.4005, 13.5264 ], [ 76.3956, 13.536 ], [ 76.3877, 13.5342 ], [ 76.3702, 13.5479 ], [ 76.3639, 13.5471 ], [ 76.3531, 13.5795 ], [ 76.3735, 13.5931 ], [ 76.3827, 13.5769 ], [ 76.3995, 13.5949 ], [ 76.4133, 13.5782 ], [ 76.4244, 13.5814 ], [ 76.4303, 13.5931 ], [ 76.4551, 13.5909 ], [ 76.4617, 13.6002 ], [ 76.4553, 13.6114 ], [ 76.4607, 13.6189 ], [ 76.5001, 13.6217 ], [ 76.4972, 13.6271 ], [ 76.517, 13.6343 ], [ 76.5185, 13.6411 ], [ 76.534, 13.6509 ], [ 76.5295, 13.6661 ], [ 76.5397, 13.6631 ], [ 76.5555, 13.6826 ], [ 76.5766, 13.6901 ], [ 76.5694, 13.7146 ], [ 76.6038, 13.7257 ], [ 76.6094, 13.7235 ], [ 76.6209, 13.734 ], [ 76.6298, 13.7136 ], [ 76.6618, 13.7213 ], [ 76.673, 13.7187 ], [ 76.6725, 13.7061 ], [ 76.685, 13.6905 ], [ 76.6898, 13.7224 ], [ 76.6844, 13.7297 ], [ 76.698, 13.7714 ], [ 76.7237, 13.7997 ], [ 76.731, 13.7846 ], [ 76.749, 13.7806 ], [ 76.7645, 13.782 ], [ 76.7688, 13.7951 ], [ 76.7666, 13.8358 ], [ 76.7358, 13.8701 ], [ 76.7229, 13.8984 ], [ 76.7525, 13.9066 ], [ 76.7495, 13.9161 ], [ 76.7647, 13.9244 ], [ 76.8154, 13.916 ], [ 76.8114, 13.9365 ], [ 76.8194, 13.9366 ], [ 76.8219, 13.9505 ], [ 76.8499, 13.9636 ], [ 76.8485, 13.9804 ], [ 76.8234, 13.9943 ], [ 76.8249, 14.0012 ], [ 76.8334, 14.0032 ], [ 76.8372, 14.0182 ], [ 76.8728, 14.0092 ], [ 76.8886, 14.0478 ], [ 76.9101, 14.0643 ], [ 76.923, 14.057 ], [ 76.9284, 14.0778 ], [ 76.9484, 14.0921 ], [ 76.9734, 14.0835 ], [ 76.9766, 14.0657 ], [ 76.9717, 14.058 ], [ 76.9324, 14.0539 ], [ 76.9311, 14.0302 ], [ 76.9435, 14.0297 ], [ 76.9499, 14.0151 ], [ 76.9654, 14.0115 ], [ 76.9995, 13.9903 ], [ 76.9938, 13.9626 ], [ 77.0142, 13.9549 ], [ 77.0244, 13.94 ], [ 77.0417, 13.9334 ], [ 77.0473, 13.9066 ], [ 77.023, 13.9026 ], [ 77.0142, 13.8603 ], [ 77.0065, 13.8521 ], [ 76.9922, 13.849 ], [ 76.9889, 13.8353 ], [ 76.978, 13.8269 ], [ 76.9764, 13.8173 ], [ 76.9897, 13.8129 ], [ 76.9852, 13.7908 ], [ 76.9985, 13.7456 ], [ 77.0165, 13.7385 ], [ 77.0245, 13.7792 ], [ 77.0434, 13.7778 ], [ 77.0647, 13.7438 ], [ 77.0856, 13.7424 ], [ 77.0838, 13.7566 ], [ 77.0904, 13.7671 ], [ 77.106, 13.7678 ], [ 77.1368, 13.7583 ], [ 77.1409, 13.765 ], [ 77.1511, 13.7662 ], [ 77.1731, 13.762 ], [ 77.1785, 13.7827 ], [ 77.1575, 13.806 ], [ 77.1687, 13.8296 ], [ 77.1537, 13.8341 ], [ 77.156, 13.8444 ], [ 77.1322, 13.8462 ], [ 77.1282, 13.8565 ], [ 77.136, 13.8565 ], [ 77.1476, 13.8685 ], [ 77.1686, 13.8645 ], [ 77.1619, 13.9066 ], [ 77.1699, 13.9206 ], [ 77.1847, 13.9252 ], [ 77.1908, 13.9119 ], [ 77.1814, 13.8698 ], [ 77.2004, 13.863 ], [ 77.2152, 13.8863 ], [ 77.2153, 13.8683 ], [ 77.2199, 13.8677 ], [ 77.2306, 13.9033 ], [ 77.2451, 13.903 ], [ 77.2464, 13.8679 ], [ 77.2591, 13.8631 ], [ 77.2567, 13.8465 ], [ 77.2803, 13.851 ], [ 77.2883, 13.8475 ], [ 77.3115, 13.8666 ], [ 77.3214, 13.8559 ], [ 77.3254, 13.8332 ], [ 77.3368, 13.8327 ], [ 77.3624, 13.8542 ], [ 77.3769, 13.8507 ], [ 77.3819, 13.8394 ], [ 77.4155, 13.8397 ], [ 77.4292, 13.8448 ], [ 77.4313, 13.8366 ], [ 77.4162, 13.8077 ], [ 77.4287, 13.8068 ], [ 77.4226, 13.7991 ], [ 77.437, 13.7967 ], [ 77.4453, 13.811 ], [ 77.4646, 13.8061 ], [ 77.4565, 13.7887 ], [ 77.4614, 13.7884 ], [ 77.4651, 13.7587 ], [ 77.4706, 13.758 ], [ 77.4651, 13.7109 ], [ 77.4501, 13.7109 ], [ 77.4553, 13.6823 ], [ 77.4371, 13.6843 ], [ 77.4351, 13.6726 ], [ 77.3972, 13.6735 ], [ 77.3933, 13.6649 ], [ 77.3833, 13.6624 ], [ 77.3785, 13.6452 ], [ 77.3689, 13.6416 ], [ 77.3621, 13.6253 ], [ 77.3631, 13.5902 ], [ 77.3742, 13.59 ], [ 77.3824, 13.5753 ], [ 77.3812, 13.5438 ], [ 77.3915, 13.5325 ], [ 77.3899, 13.5197 ], [ 77.3809, 13.5151 ], [ 77.3847, 13.4991 ], [ 77.3702, 13.4782 ], [ 77.3734, 13.47 ], [ 77.3486, 13.4572 ], [ 77.3484, 13.4466 ], [ 77.362, 13.4369 ], [ 77.3629, 13.42 ], [ 77.3585, 13.4148 ], [ 77.3459, 13.4176 ], [ 77.3438, 13.3397 ], [ 77.3385, 13.3291 ], [ 77.3293, 13.3304 ], [ 77.3119, 13.3221 ], [ 77.3087, 13.3106 ], [ 77.2812, 13.3104 ], [ 77.2817, 13.2973 ], [ 77.2753, 13.2977 ], [ 77.2698, 13.3112 ], [ 77.2547, 13.3089 ], [ 77.2494, 13.3017 ], [ 77.229, 13.3133 ], [ 77.2193, 13.2629 ], [ 77.2046, 13.2623 ], [ 77.1884, 13.2764 ], [ 77.1835, 13.2576 ], [ 77.1925, 13.2436 ], [ 77.1827, 13.2287 ], [ 77.1941, 13.2243 ], [ 77.201, 13.1945 ], [ 77.2075, 13.1966 ], [ 77.2025, 13.183 ], [ 77.1688, 13.1838 ], [ 77.1665, 13.197 ], [ 77.1555, 13.1934 ], [ 77.1478, 13.174 ], [ 77.1385, 13.1782 ], [ 77.1311, 13.1663 ], [ 77.1189, 13.1621 ], [ 77.1161, 13.13 ], [ 77.1079, 13.1333 ], [ 77.1081, 13.1426 ], [ 77.0983, 13.1457 ], [ 77.092, 13.1356 ], [ 77.0719, 13.1309 ] ] ], [ [ [ 77.0832, 13.071 ], [ 77.0796, 13.0697 ], [ 77.0811, 13.0739 ], [ 77.0832, 13.071 ] ] ], [ [ [ 77.1693, 14.3354 ], [ 77.1787, 14.3355 ], [ 77.1974, 14.3212 ], [ 77.2382, 14.3174 ], [ 77.2473, 14.3178 ], [ 77.2586, 14.3309 ], [ 77.2866, 14.3401 ], [ 77.2835, 14.2827 ], [ 77.3638, 14.2758 ], [ 77.3595, 14.234 ], [ 77.3792, 14.2265 ], [ 77.3832, 14.2074 ], [ 77.392, 14.1989 ], [ 77.4141, 14.2048 ], [ 77.4194, 14.2116 ], [ 77.4177, 14.2258 ], [ 77.4097, 14.2319 ], [ 77.4088, 14.2599 ], [ 77.4054, 14.2667 ], [ 77.3874, 14.2709 ], [ 77.3851, 14.293 ], [ 77.3778, 14.3014 ], [ 77.379, 14.3227 ], [ 77.3891, 14.3331 ], [ 77.4109, 14.3369 ], [ 77.4284, 14.3286 ], [ 77.4313, 14.313 ], [ 77.4462, 14.3175 ], [ 77.4503, 14.2807 ], [ 77.4596, 14.2805 ], [ 77.4789, 14.2922 ], [ 77.4871, 14.2817 ], [ 77.4983, 14.2788 ], [ 77.5034, 14.2598 ], [ 77.4928, 14.231 ], [ 77.5046, 14.194 ], [ 77.517, 14.186 ], [ 77.5035, 14.1571 ], [ 77.4681, 14.1649 ], [ 77.467, 14.1716 ], [ 77.4302, 14.1705 ], [ 77.4204, 14.1769 ], [ 77.3937, 14.1742 ], [ 77.3949, 14.1608 ], [ 77.3851, 14.1533 ], [ 77.3789, 14.1358 ], [ 77.3514, 14.13 ], [ 77.3475, 14.1036 ], [ 77.3617, 14.1153 ], [ 77.3906, 14.1266 ], [ 77.4009, 14.1187 ], [ 77.3605, 14.0626 ], [ 77.3405, 14.0602 ], [ 77.3323, 14.0307 ], [ 77.3902, 14.0167 ], [ 77.3797, 13.9898 ], [ 77.3816, 13.9762 ], [ 77.3957, 13.9837 ], [ 77.4259, 13.9861 ], [ 77.4379, 13.9755 ], [ 77.4354, 13.9475 ], [ 77.4121, 13.9456 ], [ 77.4159, 13.9242 ], [ 77.4349, 13.9197 ], [ 77.435, 13.915 ], [ 77.4055, 13.8894 ], [ 77.3987, 13.8881 ], [ 77.3979, 13.9062 ], [ 77.3544, 13.9041 ], [ 77.3478, 13.916 ], [ 77.3713, 13.9528 ], [ 77.3495, 13.9581 ], [ 77.3611, 13.9908 ], [ 77.3362, 13.9954 ], [ 77.3222, 14.03 ], [ 77.3066, 14.032 ], [ 77.2983, 14.0216 ], [ 77.275, 14.0113 ], [ 77.2788, 14.0324 ], [ 77.2704, 14.0345 ], [ 77.2454, 14.0119 ], [ 77.2198, 14.0136 ], [ 77.2047, 14.0083 ], [ 77.174, 14.013 ], [ 77.1728, 14.0011 ], [ 77.1513, 14.0007 ], [ 77.1411, 14.0039 ], [ 77.1274, 14.047 ], [ 77.0789, 14.0426 ], [ 77.0761, 14.0533 ], [ 77.0315, 14.0565 ], [ 77.0254, 14.0657 ], [ 77.0298, 14.0882 ], [ 77.0147, 14.1004 ], [ 77.0262, 14.125 ], [ 77.0201, 14.1309 ], [ 77.026, 14.1748 ], [ 77.0215, 14.1888 ], [ 77.0028, 14.198 ], [ 77.0064, 14.2151 ], [ 76.9993, 14.2291 ], [ 77.0085, 14.238 ], [ 77.0361, 14.2467 ], [ 77.0577, 14.2438 ], [ 77.0618, 14.2295 ], [ 77.0759, 14.2234 ], [ 77.0812, 14.2142 ], [ 77.1149, 14.2231 ], [ 77.1205, 14.2629 ], [ 77.1112, 14.2616 ], [ 77.1102, 14.2682 ], [ 77.1156, 14.2925 ], [ 77.1306, 14.3068 ], [ 77.1357, 14.3369 ], [ 77.1657, 14.3421 ], [ 77.1693, 14.3354 ] ] ] ] } },
{ "type": "Feature", "properties": { "district": "Udupi", "did": "karnataka:Udupi", "state_key": "karnataka" }, "geometry": { "type": "Polygon", "coordinates": [ [ [ 75.0785, 13.4941 ], [ 75.0907, 13.4933 ], [ 75.0968, 13.4864 ], [ 75.1018, 13.4894 ], [ 75.1158, 13.4568 ], [ 75.1267, 13.4621 ], [ 75.1407, 13.4613 ], [ 75.1441, 13.4547 ], [ 75.1545, 13.4531 ], [ 75.1487, 13.4368 ], [ 75.155, 13.4303 ], [ 75.1399, 13.4068 ], [ 75.1463, 13.3928 ], [ 75.1396, 13.3868 ], [ 75.1319, 13.3912 ], [ 75.1271, 13.3852 ], [ 75.1277, 13.3661 ], [ 75.112, 13.3564 ], [ 75.0897, 13.3612 ], [ 75.0888, 13.3499 ], [ 75.0785, 13.343 ], [ 75.1125, 13.2825 ], [ 75.1399, 13.2881 ], [ 75.1529, 13.2643 ], [ 75.1667, 13.2028 ], [ 75.1765, 13.2019 ], [ 75.1867, 13.1858 ], [ 75.2049, 13.1754 ], [ 75.1803, 13.158 ], [ 75.1677, 13.1362 ], [ 75.15, 13.1247 ], [ 75.1364, 13.1338 ], [ 75.1151, 13.1312 ], [ 75.1207, 13.1362 ], [ 75.1129, 13.1508 ], [ 75.1037, 13.1511 ], [ 75.1037, 13.1577 ], [ 75.0971, 13.1559 ], [ 75.0975, 13.1649 ], [ 75.0809, 13.1618 ], [ 75.0836, 13.1459 ], [ 75.0764, 13.1478 ], [ 75.0712, 13.1365 ], [ 75.0585, 13.1315 ], [ 75.0366, 13.1416 ], [ 75.0152, 13.1308 ], [ 74.9942, 13.1573 ], [ 74.9749, 13.1294 ], [ 74.9533, 13.121 ], [ 74.9402, 13.1333 ], [ 74.9427, 13.1433 ], [ 74.9333, 13.1497 ], [ 74.9106, 13.1329 ], [ 74.9119, 13.1081 ], [ 74.8782, 13.0953 ], [ 74.8629, 13.1269 ], [ 74.8261, 13.1296 ], [ 74.8096, 13.1132 ], [ 74.7921, 13.117 ], [ 74.7985, 13.1075 ], [ 74.7918, 13.0965 ], [ 74.7775, 13.1027 ], [ 74.7763, 13.0715 ], [ 74.7164, 13.3126 ], [ 74.7075, 13.3347 ], [ 74.6936, 13.3437 ], [ 74.7003, 13.3444 ], [ 74.6912, 13.455 ], [ 74.6954, 13.4552 ], [ 74.6888, 13.4643 ], [ 74.6685, 13.6402 ], [ 74.6456, 13.682 ], [ 74.6101, 13.865 ], [ 74.5961, 13.8831 ], [ 74.582, 13.9252 ], [ 74.5946, 13.9406 ], [ 74.5971, 13.9317 ], [ 74.6055, 13.9407 ], [ 74.6189, 13.9411 ], [ 74.6236, 13.9361 ], [ 74.6304, 13.9454 ], [ 74.6376, 13.9377 ], [ 74.647, 13.94 ], [ 74.6516, 13.9459 ], [ 74.6443, 13.9575 ], [ 74.6652, 13.9822 ], [ 74.6846, 13.9577 ], [ 74.6987, 13.9506 ], [ 74.6996, 13.939 ], [ 74.6905, 13.9335 ], [ 74.7077, 13.9268 ], [ 74.7117, 13.9051 ], [ 74.7418, 13.9148 ], [ 74.755, 13.909 ], [ 74.7626, 13.916 ], [ 74.7878, 13.9132 ], [ 74.7915, 13.9055 ], [ 74.7946, 13.9104 ], [ 74.8196, 13.9078 ], [ 74.8399, 13.8974 ], [ 74.8651, 13.8572 ], [ 74.8763, 13.8605 ], [ 74.8787, 13.8674 ], [ 74.908, 13.8594 ], [ 74.9244, 13.7963 ], [ 74.9333, 13.7882 ], [ 74.928, 13.7688 ], [ 74.9353, 13.7717 ], [ 74.9481, 13.7569 ], [ 74.9985, 13.7383 ], [ 74.9887, 13.7202 ], [ 74.9911, 13.71 ], [ 75.0112, 13.7075 ], [ 75.0213, 13.6981 ], [ 75.011, 13.691 ], [ 75.0121, 13.6767 ], [ 75.029, 13.6669 ], [ 75.0243, 13.6605 ], [ 75.0157, 13.6636 ], [ 75.0127, 13.6578 ], [ 75.0154, 13.6347 ], [ 75.0282, 13.6271 ], [ 75.0394, 13.6103 ], [ 75.0558, 13.6105 ], [ 75.0613, 13.6026 ], [ 75.059, 13.5896 ], [ 75.0378, 13.58 ], [ 75.035, 13.5671 ], [ 75.0496, 13.554 ], [ 75.049, 13.5373 ], [ 75.0627, 13.5287 ], [ 75.0596, 13.5194 ], [ 75.0683, 13.5235 ], [ 75.0771, 13.5132 ], [ 75.0785, 13.4941 ] ] ] } },
{ "type": "Feature", "properties": { "district": "Uttara Kannada", "did": "karnataka:Uttara Kannada", "state_key": "karnataka" }, "geometry": { "type": "MultiPolygon", "coordinates": [ [ [ [ 74.2376, 14.71 ], [ 74.2408, 14.712 ], [ 74.2417, 14.7107 ], [ 74.2376, 14.71 ] ] ], [ [ [ 74.1536, 14.7423 ], [ 74.158, 14.7381 ], [ 74.1563, 14.7369 ], [ 74.1536, 14.7423 ] ] ], [ [ [ 74.1195, 14.7528 ], [ 74.1097, 14.7539 ], [ 74.1098, 14.7619 ], [ 74.1195, 14.7528 ] ] ], [ [ [ 74.086, 14.7959 ], [ 74.0861, 14.7965 ], [ 74.0892, 14.7953 ], [ 74.086, 14.7959 ] ] ], [ [ [ 74.0545, 14.8159 ], [ 74.054, 14.8166 ], [ 74.0562, 14.8172 ], [ 74.0545, 14.8159 ] ] ], [ [ [ 74.0623, 14.8211 ], [ 74.0657, 14.8203 ], [ 74.0655, 14.8198 ], [ 74.0623, 14.8211 ] ] ], [ [ [ 74.0613, 14.8198 ], [ 74.0571, 14.8189 ], [ 74.0581, 14.8222 ], [ 74.0613, 14.8198 ] ] ], [ [ [ 74.0936, 14.8388 ], [ 74.0957, 14.8381 ], [ 74.0936, 14.8358 ], [ 74.0936, 14.8388 ] ] ], [ [ [ 74.1002, 14.8412 ], [ 74.0961, 14.8458 ], [ 74.0973, 14.8464 ], [ 74.1002, 14.8412 ] ] ], [ [ [ 74.1065, 14.8656 ], [ 74.1077, 14.8655 ], [ 74.1076, 14.8651 ], [ 74.1065, 14.8656 ] ] ], [ [ [ 74.2268, 14.748 ], [ 74.2276, 14.738 ], [ 74.2104, 14.7336 ], [ 74.2038, 14.7364 ], [ 74.2084, 14.7176 ], [ 74.1927, 14.7266 ], [ 74.1931, 14.7346 ], [ 74.1772, 14.7506 ], [ 74.1632, 14.7526 ], [ 74.1576, 14.7449 ], [ 74.1521, 14.7471 ], [ 74.1578, 14.7599 ], [ 74.1414, 14.7792 ], [ 74.1281, 14.7806 ], [ 74.119, 14.7743 ], [ 74.1178, 14.7866 ], [ 74.1102, 14.785 ], [ 74.1095, 14.7925 ], [ 74.0928, 14.804 ], [ 74.1126, 14.8051 ], [ 74.1133, 14.7968 ], [ 74.1243, 14.805 ], [ 74.1248, 14.8395 ], [ 74.1128, 14.845 ], [ 74.1104, 14.8629 ], [ 74.0965, 14.8974 ], [ 74.085, 14.8998 ], [ 74.1016, 14.9158 ], [ 74.12, 14.9169 ], [ 74.1242, 14.9253 ], [ 74.1621, 14.9121 ], [ 74.1659, 14.9186 ], [ 74.1542, 14.9434 ], [ 74.1636, 14.9585 ], [ 74.1795, 14.957 ], [ 74.2015, 14.9257 ], [ 74.2137, 14.9477 ], [ 74.2298, 14.9505 ], [ 74.2367, 14.9668 ], [ 74.2526, 14.9591 ], [ 74.2643, 14.9785 ], [ 74.2536, 14.9981 ], [ 74.2681, 15.002 ], [ 74.2833, 15.0316 ], [ 74.2965, 15.0412 ], [ 74.2726, 15.0975 ], [ 74.2849, 15.1139 ], [ 74.2851, 15.149 ], [ 74.2957, 15.1512 ], [ 74.317, 15.1863 ], [ 74.3016, 15.2243 ], [ 74.2915, 15.2338 ], [ 74.2595, 15.241 ], [ 74.2511, 15.2588 ], [ 74.261, 15.2602 ], [ 74.2763, 15.2835 ], [ 74.2818, 15.2804 ], [ 74.2943, 15.2892 ], [ 74.308, 15.2833 ], [ 74.3264, 15.2837 ], [ 74.3364, 15.2949 ], [ 74.317, 15.3291 ], [ 74.3218, 15.3436 ], [ 74.3163, 15.363 ], [ 74.3232, 15.3677 ], [ 74.2987, 15.3819 ], [ 74.283, 15.3829 ], [ 74.2759, 15.3916 ], [ 74.2783, 15.4057 ], [ 74.2688, 15.4191 ], [ 74.2774, 15.4405 ], [ 74.2509, 15.4916 ], [ 74.2538, 15.5017 ], [ 74.2749, 15.5131 ], [ 74.2819, 15.5237 ], [ 74.3425, 15.518 ], [ 74.3748, 15.4808 ], [ 74.3867, 15.4841 ], [ 74.4129, 15.4742 ], [ 74.4219, 15.4636 ], [ 74.4264, 15.3984 ], [ 74.4458, 15.4067 ], [ 74.4565, 15.4031 ], [ 74.4645, 15.4151 ], [ 74.4726, 15.3978 ], [ 74.4826, 15.3958 ], [ 74.5028, 15.4037 ], [ 74.5169, 15.4023 ], [ 74.5353, 15.4187 ], [ 74.5447, 15.4168 ], [ 74.5683, 15.4024 ], [ 74.6139, 15.3585 ], [ 74.6324, 15.367 ], [ 74.6493, 15.39 ], [ 74.6896, 15.3979 ], [ 74.6994, 15.41 ], [ 74.7339, 15.4086 ], [ 74.7667, 15.4172 ], [ 74.7707, 15.4079 ], [ 74.7652, 15.3996 ], [ 74.7824, 15.3943 ], [ 74.794, 15.3784 ], [ 74.821, 15.3851 ], [ 74.8309, 15.3728 ], [ 74.8191, 15.3704 ], [ 74.8284, 15.3406 ], [ 74.8358, 15.3346 ], [ 74.8536, 15.3412 ], [ 74.8607, 15.3272 ], [ 74.8762, 15.3166 ], [ 74.8737, 15.2985 ], [ 74.8819, 15.2988 ], [ 74.8889, 15.3071 ], [ 74.9044, 15.2822 ], [ 74.9102, 15.251 ], [ 74.8731, 15.2163 ], [ 74.8774, 15.1932 ], [ 74.8511, 15.1716 ], [ 74.835, 15.1503 ], [ 74.8374, 15.1439 ], [ 74.8293, 15.1396 ], [ 74.8315, 15.1318 ], [ 74.8513, 15.1209 ], [ 74.8593, 15.1027 ], [ 74.892, 15.097 ], [ 74.8895, 15.0888 ], [ 74.8801, 15.0848 ], [ 74.8785, 15.0738 ], [ 74.8872, 15.0656 ], [ 74.8909, 15.0448 ], [ 74.9081, 15.0508 ], [ 74.9171, 15.0388 ], [ 74.9239, 15.0484 ], [ 74.9406, 15.0519 ], [ 74.9406, 15.0664 ], [ 74.9576, 15.0648 ], [ 74.994, 15.0735 ], [ 75.0129, 15.0683 ], [ 75.054, 15.0829 ], [ 75.0582, 15.0723 ], [ 75.082, 15.0746 ], [ 75.0693, 15.0152 ], [ 75.0762, 14.9738 ], [ 75.0838, 14.9564 ], [ 75.0989, 14.9563 ], [ 75.0945, 14.9513 ], [ 75.1029, 14.9342 ], [ 75.1013, 14.9268 ], [ 75.0822, 14.9259 ], [ 75.0848, 14.9214 ], [ 75.0673, 14.9187 ], [ 75.0744, 14.8689 ], [ 75.068, 14.8371 ], [ 75.0738, 14.8258 ], [ 75.0903, 14.8202 ], [ 75.0916, 14.8111 ], [ 75.0749, 14.8086 ], [ 75.0554, 14.8147 ], [ 75.0558, 14.805 ], [ 75.0685, 14.7984 ], [ 75.0699, 14.783 ], [ 75.0629, 14.7764 ], [ 75.0411, 14.774 ], [ 75.0471, 14.7445 ], [ 75.0378, 14.7383 ], [ 75.0383, 14.7279 ], [ 75.0304, 14.7299 ], [ 75.0151, 14.7204 ], [ 75.0172, 14.7099 ], [ 75.0321, 14.7079 ], [ 75.036, 14.6756 ], [ 75.031, 14.6649 ], [ 75.0508, 14.6495 ], [ 75.0267, 14.6157 ], [ 75.021, 14.5695 ], [ 75.0441, 14.546 ], [ 75.0547, 14.5489 ], [ 75.0613, 14.5436 ], [ 75.0523, 14.5336 ], [ 75.0369, 14.5294 ], [ 75.0406, 14.5002 ], [ 75.0186, 14.4967 ], [ 75.0055, 14.4805 ], [ 74.9895, 14.4727 ], [ 74.9845, 14.4863 ], [ 74.9906, 14.5011 ], [ 74.9718, 14.5208 ], [ 74.9797, 14.5242 ], [ 74.9768, 14.5487 ], [ 74.9542, 14.5512 ], [ 74.9357, 14.5187 ], [ 74.9268, 14.529 ], [ 74.9009, 14.5293 ], [ 74.9021, 14.5152 ], [ 74.8946, 14.5074 ], [ 74.8892, 14.4793 ], [ 74.9183, 14.4664 ], [ 74.9209, 14.4591 ], [ 74.8906, 14.4622 ], [ 74.8746, 14.4476 ], [ 74.8808, 14.4292 ], [ 74.9171, 14.4315 ], [ 74.9336, 14.4039 ], [ 74.9487, 14.399 ], [ 74.9498, 14.376 ], [ 74.9392, 14.3585 ], [ 74.9591, 14.3421 ], [ 74.9744, 14.3375 ], [ 74.9696, 14.3257 ], [ 74.9768, 14.3197 ], [ 74.9681, 14.3151 ], [ 74.9578, 14.3234 ], [ 74.9518, 14.3169 ], [ 74.9368, 14.3223 ], [ 74.9203, 14.3157 ], [ 74.9069, 14.2947 ], [ 74.9076, 14.2853 ], [ 74.9166, 14.2731 ], [ 74.9272, 14.2766 ], [ 74.9284, 14.2647 ], [ 74.9383, 14.2563 ], [ 74.9353, 14.2431 ], [ 74.9198, 14.2275 ], [ 74.9002, 14.2297 ], [ 74.8901, 14.2168 ], [ 74.8776, 14.2158 ], [ 74.8802, 14.2346 ], [ 74.8732, 14.2412 ], [ 74.8663, 14.2197 ], [ 74.8534, 14.2112 ], [ 74.8323, 14.23 ], [ 74.8033, 14.232 ], [ 74.7918, 14.2274 ], [ 74.7729, 14.2394 ], [ 74.7637, 14.2379 ], [ 74.73, 14.2638 ], [ 74.7159, 14.2332 ], [ 74.7187, 14.2139 ], [ 74.7287, 14.1749 ], [ 74.7484, 14.1569 ], [ 74.7479, 14.1427 ], [ 74.743, 14.149 ], [ 74.7234, 14.1526 ], [ 74.7075, 14.17 ], [ 74.6975, 14.1731 ], [ 74.6905, 14.1662 ], [ 74.6655, 14.1844 ], [ 74.6506, 14.1701 ], [ 74.6252, 14.1625 ], [ 74.629, 14.1442 ], [ 74.6449, 14.1421 ], [ 74.6463, 14.1144 ], [ 74.6557, 14.1133 ], [ 74.6374, 14.0946 ], [ 74.6608, 14.0584 ], [ 74.6552, 14.0391 ], [ 74.6775, 14.0348 ], [ 74.6631, 13.9939 ], [ 74.6652, 13.9822 ], [ 74.6454, 13.96 ], [ 74.6516, 13.9456 ], [ 74.6415, 13.9379 ], [ 74.6304, 13.9454 ], [ 74.6236, 13.9361 ], [ 74.6189, 13.9411 ], [ 74.6055, 13.9407 ], [ 74.5971, 13.9317 ], [ 74.5957, 13.9413 ], [ 74.5901, 13.9303 ], [ 74.5789, 13.9258 ], [ 74.5672, 13.9488 ], [ 74.5613, 13.9454 ], [ 74.5572, 13.9513 ], [ 74.5493, 13.9492 ], [ 74.514, 13.9869 ], [ 74.5014, 14.0234 ], [ 74.4689, 14.1887 ], [ 74.4639, 14.2005 ], [ 74.4535, 14.2003 ], [ 74.4417, 14.2246 ], [ 74.413, 14.3173 ], [ 74.3977, 14.4082 ], [ 74.3938, 14.4186 ], [ 74.386, 14.4183 ], [ 74.3811, 14.4244 ], [ 74.3836, 14.4395 ], [ 74.3638, 14.4941 ], [ 74.3546, 14.5025 ], [ 74.3599, 14.5109 ], [ 74.3547, 14.5222 ], [ 74.3447, 14.5214 ], [ 74.3403, 14.5147 ], [ 74.3371, 14.5193 ], [ 74.3267, 14.516 ], [ 74.3102, 14.5214 ], [ 74.316, 14.5266 ], [ 74.3108, 14.5367 ], [ 74.3147, 14.5457 ], [ 74.293, 14.5965 ], [ 74.2704, 14.6272 ], [ 74.2816, 14.6265 ], [ 74.2864, 14.6342 ], [ 74.2787, 14.6565 ], [ 74.2843, 14.6636 ], [ 74.2756, 14.6666 ], [ 74.2825, 14.6765 ], [ 74.2722, 14.7003 ], [ 74.2572, 14.7067 ], [ 74.2649, 14.7129 ], [ 74.2492, 14.7411 ], [ 74.2268, 14.748 ] ] ] ] } },
{ "type": "Feature", "properties": { "district": "Vijayapura", "did": "karnataka:Vijayapura", "state_key": "karnataka" }, "geometry": { "type": "Polygon", "coordinates": [ [ [ 76.4229, 16.5733 ], [ 76.4225, 16.5518 ], [ 76.434, 16.5188 ], [ 76.4298, 16.4986 ], [ 76.4348, 16.4359 ], [ 76.4031, 16.4329 ], [ 76.3903, 16.438 ], [ 76.3852, 16.4256 ], [ 76.3575, 16.4222 ], [ 76.3321, 16.427 ], [ 76.3305, 16.4096 ], [ 76.3387, 16.4059 ], [ 76.3332, 16.3911 ], [ 76.3105, 16.3967 ], [ 76.3048, 16.3771 ], [ 76.3142, 16.3454 ], [ 76.3054, 16.3457 ], [ 76.2913, 16.3305 ], [ 76.2951, 16.3203 ], [ 76.3028, 16.319 ], [ 76.2996, 16.2832 ], [ 76.3201, 16.287 ], [ 76.3202, 16.2821 ], [ 76.3478, 16.2777 ], [ 76.3461, 16.2497 ], [ 76.3528, 16.2354 ], [ 76.3474, 16.2157 ], [ 76.3315, 16.194 ], [ 76.2971, 16.1847 ], [ 76.2876, 16.1582 ], [ 76.2778, 16.1517 ], [ 76.2431, 16.1665 ], [ 76.172, 16.1849 ], [ 76.1392, 16.1811 ], [ 76.0677, 16.2076 ], [ 76.0579, 16.2277 ], [ 76.068, 16.2437 ], [ 76.0653, 16.2621 ], [ 76.0324, 16.2894 ], [ 76.0264, 16.3007 ], [ 76.0095, 16.3045 ], [ 75.956, 16.2972 ], [ 75.9304, 16.3158 ], [ 75.8912, 16.327 ], [ 75.8733, 16.3447 ], [ 75.8405, 16.349 ], [ 75.8103, 16.3703 ], [ 75.7892, 16.3741 ], [ 75.7732, 16.3832 ], [ 75.7208, 16.391 ], [ 75.6778, 16.4242 ], [ 75.6346, 16.4438 ], [ 75.5994, 16.4465 ], [ 75.5698, 16.4118 ], [ 75.5568, 16.4246 ], [ 75.5522, 16.4559 ], [ 75.5332, 16.4664 ], [ 75.4991, 16.4536 ], [ 75.4985, 16.4307 ], [ 75.4868, 16.4176 ], [ 75.4487, 16.4133 ], [ 75.4341, 16.4289 ], [ 75.4331, 16.4384 ], [ 75.4634, 16.4744 ], [ 75.4555, 16.5067 ], [ 75.4854, 16.5079 ], [ 75.4904, 16.521 ], [ 75.4884, 16.5551 ], [ 75.4722, 16.5634 ], [ 75.4936, 16.5932 ], [ 75.4849, 16.6064 ], [ 75.4621, 16.6226 ], [ 75.4549, 16.6639 ], [ 75.4472, 16.6651 ], [ 75.4378, 16.6979 ], [ 75.4626, 16.6999 ], [ 75.4883, 16.6945 ], [ 75.4918, 16.7456 ], [ 75.4428, 16.7573 ], [ 75.426, 16.7679 ], [ 75.3924, 16.7596 ], [ 75.3844, 16.7634 ], [ 75.3789, 16.8241 ], [ 75.3949, 16.8631 ], [ 75.3538, 16.8711 ], [ 75.3356, 16.8694 ], [ 75.3342, 16.9124 ], [ 75.3416, 16.9562 ], [ 75.3921, 16.9801 ], [ 75.4279, 16.9665 ], [ 75.4416, 16.9822 ], [ 75.4656, 16.9884 ], [ 75.4662, 16.9813 ], [ 75.4832, 16.976 ], [ 75.4904, 16.9447 ], [ 75.5097, 16.9503 ], [ 75.5293, 16.9694 ], [ 75.5677, 16.9657 ], [ 75.5672, 17.009 ], [ 75.5731, 17.0096 ], [ 75.6069, 17.0046 ], [ 75.6079, 16.971 ], [ 75.6339, 16.9703 ], [ 75.6421, 16.9546 ], [ 75.6766, 16.9679 ], [ 75.6661, 16.9798 ], [ 75.6697, 17.0382 ], [ 75.65, 17.0322 ], [ 75.641, 17.0376 ], [ 75.6503, 17.0573 ], [ 75.6604, 17.0645 ], [ 75.6767, 17.0654 ], [ 75.6723, 17.116 ], [ 75.6503, 17.1157 ], [ 75.6495, 17.1344 ], [ 75.6254, 17.174 ], [ 75.6284, 17.1887 ], [ 75.6399, 17.1889 ], [ 75.6619, 17.2146 ], [ 75.6577, 17.2632 ], [ 75.6542, 17.2738 ], [ 75.6278, 17.2743 ], [ 75.6224, 17.2951 ], [ 75.6037, 17.3055 ], [ 75.6121, 17.3251 ], [ 75.61, 17.345 ], [ 75.5808, 17.3512 ], [ 75.5741, 17.3833 ], [ 75.6061, 17.3945 ], [ 75.6135, 17.3919 ], [ 75.6066, 17.4204 ], [ 75.6134, 17.4247 ], [ 75.6216, 17.4592 ], [ 75.633, 17.4772 ], [ 75.6488, 17.4703 ], [ 75.6588, 17.4581 ], [ 75.6759, 17.4559 ], [ 75.6835, 17.4169 ], [ 75.6907, 17.4095 ], [ 75.7124, 17.4079 ], [ 75.7336, 17.4201 ], [ 75.7531, 17.4071 ], [ 75.7659, 17.4053 ], [ 75.772, 17.3857 ], [ 75.7929, 17.3697 ], [ 75.8061, 17.368 ], [ 75.8137, 17.3728 ], [ 75.8214, 17.4212 ], [ 75.8303, 17.4218 ], [ 75.8511, 17.4105 ], [ 75.8609, 17.3856 ], [ 75.8752, 17.3981 ], [ 75.8765, 17.4161 ], [ 75.8842, 17.418 ], [ 75.8941, 17.4012 ], [ 75.8906, 17.3565 ], [ 75.9308, 17.3226 ], [ 75.9687, 17.3365 ], [ 75.9983, 17.338 ], [ 76.0115, 17.353 ], [ 76.0616, 17.3549 ], [ 76.0732, 17.3324 ], [ 76.0658, 17.3097 ], [ 76.0998, 17.2898 ], [ 76.0869, 17.2685 ], [ 76.0884, 17.257 ], [ 76.1275, 17.245 ], [ 76.1881, 17.1864 ], [ 76.2205, 17.1854 ], [ 76.2426, 17.1508 ], [ 76.2637, 17.151 ], [ 76.2768, 17.1675 ], [ 76.332, 17.1705 ], [ 76.3535, 17.1884 ], [ 76.3622, 17.185 ], [ 76.3689, 17.1653 ], [ 76.36, 17.1402 ], [ 76.3675, 17.1377 ], [ 76.3857, 17.1467 ], [ 76.3949, 17.1418 ], [ 76.3912, 17.1308 ], [ 76.3674, 17.1238 ], [ 76.3623, 17.116 ], [ 76.3661, 17.1073 ], [ 76.3904, 17.0971 ], [ 76.3886, 17.072 ], [ 76.3993, 17.0708 ], [ 76.4101, 17.0892 ], [ 76.4294, 17.0996 ], [ 76.4273, 17.0535 ], [ 76.4404, 16.9968 ], [ 76.4366, 16.9817 ], [ 76.4004, 16.9771 ], [ 76.3991, 16.9353 ], [ 76.4279, 16.9274 ], [ 76.4341, 16.9433 ], [ 76.4476, 16.9406 ], [ 76.4518, 16.9278 ], [ 76.4585, 16.9279 ], [ 76.4653, 16.9027 ], [ 76.4336, 16.8976 ], [ 76.4332, 16.8818 ], [ 76.4381, 16.868 ], [ 76.4585, 16.8669 ], [ 76.462, 16.8493 ], [ 76.4707, 16.8465 ], [ 76.471, 16.8388 ], [ 76.46, 16.833 ], [ 76.4295, 16.8374 ], [ 76.4291, 16.8508 ], [ 76.404, 16.854 ], [ 76.4043, 16.8585 ], [ 76.3743, 16.8588 ], [ 76.3537, 16.8299 ], [ 76.3531, 16.8195 ], [ 76.4137, 16.8134 ], [ 76.4102, 16.7988 ], [ 76.3964, 16.8059 ], [ 76.3774, 16.8017 ], [ 76.3709, 16.7686 ], [ 76.4361, 16.7645 ], [ 76.4427, 16.7576 ], [ 76.4404, 16.742 ], [ 76.4289, 16.7378 ], [ 76.4226, 16.7169 ], [ 76.4417, 16.7136 ], [ 76.4463, 16.7227 ], [ 76.4594, 16.7233 ], [ 76.462, 16.7083 ], [ 76.4521, 16.7141 ], [ 76.4253, 16.6955 ], [ 76.4204, 16.6729 ], [ 76.4049, 16.6533 ], [ 76.4133, 16.5902 ], [ 76.4229, 16.5733 ] ] ] } },
{ "type": "Feature", "properties": { "district": "Yadgir", "did": "karnataka:Yadgir", "state_key": "karnataka" }, "geometry": { "type": "Polygon", "coordinates": [ [ [ 76.8634, 16.4832 ], [ 76.8647, 16.4568 ], [ 76.841, 16.4304 ], [ 76.7855, 16.4178 ], [ 76.7608, 16.4286 ], [ 76.7443, 16.4096 ], [ 76.7016, 16.3923 ], [ 76.6112, 16.3416 ], [ 76.5682, 16.3299 ], [ 76.5178, 16.3022 ], [ 76.4821, 16.2943 ], [ 76.4166, 16.253 ], [ 76.4158, 16.2455 ], [ 76.3687, 16.218 ], [ 76.3514, 16.2005 ], [ 76.3315, 16.194 ], [ 76.3474, 16.2157 ], [ 76.3528, 16.2354 ], [ 76.3461, 16.2497 ], [ 76.3478, 16.2777 ], [ 76.3202, 16.2821 ], [ 76.3201, 16.287 ], [ 76.2996, 16.2832 ], [ 76.3028, 16.319 ], [ 76.2951, 16.3203 ], [ 76.2916, 16.3324 ], [ 76.3057, 16.3459 ], [ 76.3142, 16.3454 ], [ 76.3054, 16.3829 ], [ 76.3105, 16.3967 ], [ 76.3346, 16.3934 ], [ 76.3387, 16.4059 ], [ 76.3305, 16.4096 ], [ 76.3321, 16.427 ], [ 76.3575, 16.4222 ], [ 76.3852, 16.4256 ], [ 76.3903, 16.438 ], [ 76.4031, 16.4329 ], [ 76.4348, 16.4359 ], [ 76.4298, 16.4986 ], [ 76.434, 16.5188 ], [ 76.4034, 16.6464 ], [ 76.4265, 16.686 ], [ 76.4252, 16.6953 ], [ 76.4411, 16.7087 ], [ 76.4521, 16.7141 ], [ 76.4595, 16.7083 ], [ 76.4801, 16.7118 ], [ 76.5029, 16.723 ], [ 76.5033, 16.7412 ], [ 76.5164, 16.7511 ], [ 76.5472, 16.7479 ], [ 76.5805, 16.7584 ], [ 76.5813, 16.7655 ], [ 76.6009, 16.7672 ], [ 76.6236, 16.7655 ], [ 76.623, 16.7425 ], [ 76.6355, 16.7458 ], [ 76.6354, 16.7351 ], [ 76.6587, 16.7251 ], [ 76.6527, 16.751 ], [ 76.6608, 16.767 ], [ 76.6755, 16.7652 ], [ 76.6794, 16.7847 ], [ 76.6976, 16.7865 ], [ 76.702, 16.793 ], [ 76.7094, 16.7925 ], [ 76.7092, 16.7806 ], [ 76.7194, 16.7779 ], [ 76.7247, 16.7847 ], [ 76.7349, 16.7787 ], [ 76.7364, 16.7735 ], [ 76.729, 16.7723 ], [ 76.7289, 16.7539 ], [ 76.7437, 16.751 ], [ 76.7447, 16.8159 ], [ 76.7546, 16.8204 ], [ 76.7634, 16.8405 ], [ 76.7599, 16.8441 ], [ 76.7889, 16.8373 ], [ 76.7911, 16.85 ], [ 76.8048, 16.8503 ], [ 76.8131, 16.8586 ], [ 76.8164, 16.8737 ], [ 76.8413, 16.8664 ], [ 76.8546, 16.8788 ], [ 76.8568, 16.8912 ], [ 76.8705, 16.8959 ], [ 76.9015, 16.8926 ], [ 76.9015, 16.8782 ], [ 76.9206, 16.87 ], [ 76.9017, 16.8547 ], [ 76.9107, 16.8166 ], [ 76.9195, 16.8179 ], [ 76.9267, 16.8304 ], [ 76.9444, 16.8311 ], [ 76.9808, 16.8098 ], [ 76.9906, 16.8122 ], [ 76.9951, 16.8373 ], [ 76.9832, 16.8399 ], [ 76.9799, 16.8614 ], [ 77.007, 16.8579 ], [ 77.0197, 16.8674 ], [ 77.0414, 16.87 ], [ 77.0428, 16.8807 ], [ 77.0339, 16.8838 ], [ 77.0338, 16.8933 ], [ 77.0176, 16.8986 ], [ 77.0195, 16.9274 ], [ 77.0411, 16.923 ], [ 77.0584, 16.9466 ], [ 77.0629, 16.9454 ], [ 77.0639, 16.954 ], [ 77.0726, 16.9527 ], [ 77.0714, 16.9397 ], [ 77.0758, 16.9427 ], [ 77.0861, 16.9368 ], [ 77.0947, 16.9062 ], [ 77.1106, 16.9057 ], [ 77.1256, 16.9179 ], [ 77.1602, 16.9156 ], [ 77.1656, 16.9389 ], [ 77.184, 16.9424 ], [ 77.1961, 16.9268 ], [ 77.2114, 16.9449 ], [ 77.2316, 16.9428 ], [ 77.2327, 16.9391 ], [ 77.2419, 16.9431 ], [ 77.2462, 16.9329 ], [ 77.263, 16.9282 ], [ 77.2891, 16.9335 ], [ 77.2895, 16.9372 ], [ 77.3114, 16.9274 ], [ 77.3187, 16.9364 ], [ 77.336, 16.9299 ], [ 77.3417, 16.9342 ], [ 77.3516, 16.908 ], [ 77.3658, 16.9046 ], [ 77.3765, 16.8946 ], [ 77.384, 16.8941 ], [ 77.3847, 16.8985 ], [ 77.3894, 16.8912 ], [ 77.3957, 16.9033 ], [ 77.4065, 16.9019 ], [ 77.4014, 16.8832 ], [ 77.4111, 16.8747 ], [ 77.425, 16.8851 ], [ 77.4604, 16.8848 ], [ 77.4641, 16.8506 ], [ 77.4571, 16.8302 ], [ 77.4765, 16.7884 ], [ 77.4745, 16.7812 ], [ 77.4672, 16.7805 ], [ 77.4395, 16.7891 ], [ 77.4431, 16.7625 ], [ 77.426, 16.7211 ], [ 77.4385, 16.7117 ], [ 77.4472, 16.7207 ], [ 77.474, 16.7166 ], [ 77.47, 16.6877 ], [ 77.4639, 16.6763 ], [ 77.4477, 16.6793 ], [ 77.4426, 16.6698 ], [ 77.4189, 16.6686 ], [ 77.419, 16.6584 ], [ 77.4297, 16.6562 ], [ 77.4386, 16.6453 ], [ 77.4343, 16.6414 ], [ 77.4447, 16.6392 ], [ 77.4624, 16.6543 ], [ 77.4761, 16.6501 ], [ 77.4536, 16.6167 ], [ 77.4678, 16.6098 ], [ 77.4638, 16.5881 ], [ 77.4397, 16.5871 ], [ 77.4227, 16.5685 ], [ 77.3929, 16.57 ], [ 77.4038, 16.5512 ], [ 77.419, 16.5489 ], [ 77.4191, 16.5224 ], [ 77.4169, 16.5173 ], [ 77.4022, 16.5215 ], [ 77.3778, 16.5137 ], [ 77.3701, 16.5046 ], [ 77.369, 16.4887 ], [ 77.3514, 16.4911 ], [ 77.3296, 16.4859 ], [ 77.2987, 16.4962 ], [ 77.294, 16.4767 ], [ 77.265, 16.4725 ], [ 77.2458, 16.4777 ], [ 77.2358, 16.4728 ], [ 77.2621, 16.4518 ], [ 77.269, 16.4305 ], [ 77.2882, 16.4087 ], [ 77.2635, 16.4042 ], [ 77.2429, 16.4176 ], [ 77.1733, 16.4326 ], [ 77.1622, 16.4453 ], [ 77.1641, 16.4602 ], [ 77.1561, 16.4726 ], [ 77.0921, 16.4935 ], [ 77.0576, 16.5198 ], [ 77.044, 16.5183 ], [ 77.0256, 16.5016 ], [ 77.0132, 16.4996 ], [ 77.0051, 16.5173 ], [ 77.0098, 16.5448 ], [ 76.9882, 16.5616 ], [ 76.976, 16.5602 ], [ 76.9693, 16.5515 ], [ 76.9766, 16.5167 ], [ 76.9713, 16.5038 ], [ 76.9412, 16.4996 ], [ 76.9118, 16.4849 ], [ 76.8785, 16.4917 ], [ 76.8634, 16.4832 ] ] ] } }
]
}
