{
"type": "FeatureCollection",
"crs": { "type": "name", "properties": { "name": "urn:ogc:def:crs:OGC:1.3:CRS84" } },
"xy_coordinate_resolution": 0.0001,
"features": [
{ "type": "Feature", "properties": { "district": "Ananthapur", "did": "andhra_pradesh:Ananthapur", "state_key": "andhra_pradesh" }, "geometry": { "type": "Polygon", "coordinates": [ [ [ 77.0855, 13.7623 ], [ 77.0856, 13.7424 ], [ 77.0647, 13.7438 ], [ 77.0434, 13.7778 ], [ 77.0245, 13.7792 ], [ 77.0165, 13.7385 ], [ 76.9969, 13.7477 ], [ 76.9852, 13.7908 ], [ 76.9897, 13.8129 ], [ 76.9764, 13.8173 ], [ 76.978, 13.8269 ], [ 76.9889, 13.8353 ], [ 76.9922, 13.849 ], [ 77.0065, 13.8521 ], [ 77.0142, 13.8603 ], [ 77.023, 13.9026 ], [ 77.0473, 13.9066 ], [ 77.0417, 13.9334 ], [ 77.0244, 13.94 ], [ 77.0142, 13.9549 ], [ 76.9938, 13.9626 ], [ 76.9995, 13.9903 ], [ 76.9654, 14.0115 ], [ 76.9499, 14.0151 ], [ 76.9435, 14.0297 ], [ 76.9311, 14.0302 ], [ 76.9324, 14.0539 ], [ 76.9717, 14.058 ], [ 76.9776, 14.0713 ], [ 76.9734, 14.0835 ], [ 76.9484, 14.0921 ], [ 76.9535, 14.0997 ], [ 76.9457, 14.1182 ], [ 76.925, 14.1371 ], [ 76.9128, 14.1288 ], [ 76.8859, 14.1382 ], [ 76.8945, 14.1678 ], [ 76.9197, 14.1645 ], [ 76.9219, 14.1694 ], [ 76.9424, 14.1733 ], [ 76.9427, 14.1954 ], [ 76.9476, 14.1982 ], [ 76.9606, 14.1818 ], [ 76.9838, 14.1788 ], [ 77.0055, 14.184 ], [ 77.0233, 14.1767 ], [ 77.0201, 14.1309 ], [ 77.0262, 14.125 ], [ 77.0147, 14.1 ], [ 77.0298, 14.0882 ], [ 77.0277, 14.0617 ], [ 77.0348, 14.0557 ], [ 77.0761, 14.0533 ], [ 77.0789, 14.0426 ], [ 77.1274, 14.047 ], [ 77.1411, 14.0039 ], [ 77.1492, 14.0012 ], [ 77.1728, 14.0011 ], [ 77.174, 14.013 ], [ 77.2047, 14.0083 ], [ 77.2198, 14.0136 ], [ 77.2454, 14.0119 ], [ 77.2704, 14.0345 ], [ 77.2788, 14.0324 ], [ 77.275, 14.0113 ], [ 77.2983, 14.0216 ], [ 77.3066, 14.032 ], [ 77.3222, 14.03 ], [ 77.3362, 13.9954 ], [ 77.3611, 13.9908 ], [ 77.3495, 13.9581 ], [ 77.3713, 13.9528 ], [ 77.3478, 13.916 ], [ 77.3576, 13.9034 ], [ 77.3979, 13.9062 ], [ 77.3987, 13.8881 ], [ 77.4205, 13.8993 ], [ 77.435, 13.915 ], [ 77.4349, 13.9197 ], [ 77.4159, 13.9242 ], [ 77.4121, 13.9456 ], [ 77.4354, 13.9475 ], [ 77.4379, 13.9755 ], [ 77.4259, 13.9861 ], [ 77.3957, 13.9837 ], [ 77.3816, 13.9762 ], [ 77.3797, 13.9898 ], [ 77.3902, 14.0167 ], [ 77.3323, 14.0307 ], [ 77.3405, 14.0602 ], [ 77.3605, 14.0626 ], [ 77.4009, 14.1187 ], [ 77.3906, 14.1266 ], [ 77.3617, 14.1153 ], [ 77.3475, 14.1036 ], [ 77.3517, 14.1311 ], [ 77.3789, 14.1358 ], [ 77.3851, 14.1533 ], [ 77.3949, 14.1608 ], [ 77.3937, 14.1742 ], [ 77.4204, 14.1769 ], [ 77.4302, 14.1705 ], [ 77.467, 14.1716 ], [ 77.4681, 14.1649 ], [ 77.5035, 14.1571 ], [ 77.5171, 14.1844 ], [ 77.5046, 14.194 ], [ 77.4928, 14.231 ], [ 77.5034, 14.2598 ], [ 77.4983, 14.2788 ], [ 77.4871, 14.2817 ], [ 77.4789, 14.2922 ], [ 77.4596, 14.2805 ], [ 77.4503, 14.2807 ], [ 77.4462, 14.3175 ], [ 77.4313, 14.313 ], [ 77.4284, 14.3286 ], [ 77.4064, 14.3377 ], [ 77.3891, 14.3331 ], [ 77.379, 14.3227 ], [ 77.377, 14.3076 ], [ 77.3874, 14.2709 ], [ 77.4054, 14.2667 ], [ 77.4088, 14.2599 ], [ 77.4097, 14.2319 ], [ 77.4177, 14.2258 ], [ 77.4183, 14.2091 ], [ 77.3926, 14.1988 ], [ 77.3832, 14.2074 ], [ 77.3792, 14.2265 ], [ 77.3595, 14.234 ], [ 77.3638, 14.2758 ], [ 77.2835, 14.2827 ], [ 77.2866, 14.3401 ], [ 77.2586, 14.3309 ], [ 77.2473, 14.3178 ], [ 77.2382, 14.3174 ], [ 77.1974, 14.3212 ], [ 77.1787, 14.3355 ], [ 77.1693, 14.3354 ], [ 77.1668, 14.3421 ], [ 77.1389, 14.34 ], [ 77.1323, 14.3107 ], [ 77.1156, 14.2925 ], [ 77.1102, 14.2683 ], [ 77.1112, 14.2616 ], [ 77.1205, 14.2629 ], [ 77.1153, 14.2545 ], [ 77.1167, 14.2264 ], [ 77.1008, 14.2171 ], [ 77.0812, 14.2142 ], [ 77.0759, 14.2234 ], [ 77.0618, 14.2295 ], [ 77.0525, 14.2455 ], [ 77.0361, 14.2467 ], [ 77.0057, 14.2358 ], [ 76.9856, 14.2473 ], [ 76.9519, 14.2419 ], [ 76.9401, 14.2446 ], [ 76.9249, 14.2738 ], [ 76.9567, 14.2943 ], [ 76.9456, 14.3132 ], [ 76.9034, 14.3227 ], [ 76.8846, 14.3475 ], [ 76.8848, 14.3957 ], [ 76.8986, 14.3979 ], [ 76.9158, 14.4207 ], [ 76.9427, 14.3993 ], [ 76.9478, 14.4132 ], [ 76.9448, 14.4509 ], [ 76.9598, 14.4502 ], [ 76.9748, 14.4853 ], [ 76.9007, 14.4892 ], [ 76.8865, 14.4835 ], [ 76.8843, 14.4771 ], [ 76.868, 14.474 ], [ 76.8556, 14.5096 ], [ 76.8355, 14.5213 ], [ 76.831, 14.5304 ], [ 76.8235, 14.5268 ], [ 76.8063, 14.5311 ], [ 76.7914, 14.5547 ], [ 76.7818, 14.5965 ], [ 76.7802, 14.5931 ], [ 76.765, 14.6021 ], [ 76.7753, 14.681 ], [ 76.8029, 14.7419 ], [ 76.7895, 14.7601 ], [ 76.7827, 14.7859 ], [ 76.8177, 14.7876 ], [ 76.8191, 14.7931 ], [ 76.8367, 14.7908 ], [ 76.8374, 14.8106 ], [ 76.854, 14.8094 ], [ 76.8546, 14.8181 ], [ 76.846, 14.822 ], [ 76.8418, 14.8366 ], [ 76.8541, 14.8432 ], [ 76.8572, 14.8691 ], [ 76.8525, 14.887 ], [ 76.8455, 14.8893 ], [ 76.8473, 14.896 ], [ 76.8638, 14.8956 ], [ 76.8696, 14.9377 ], [ 76.8675, 14.9698 ], [ 76.8419, 14.9664 ], [ 76.8285, 14.9565 ], [ 76.8183, 14.9694 ], [ 76.7665, 14.9756 ], [ 76.7606, 14.9899 ], [ 76.775, 14.9931 ], [ 76.7901, 15.0207 ], [ 76.7736, 15.0591 ], [ 76.7767, 15.0784 ], [ 76.7821, 15.0773 ], [ 76.786, 15.0878 ], [ 76.8002, 15.0958 ], [ 76.8659, 15.0597 ], [ 76.8772, 15.0302 ], [ 76.895, 15.0371 ], [ 76.9072, 15.0325 ], [ 76.9184, 15.0355 ], [ 76.9222, 15.0313 ], [ 76.9496, 15.0304 ], [ 76.9775, 15.0157 ], [ 76.9852, 15.0152 ], [ 76.986, 15.0265 ], [ 77.0041, 15.0338 ], [ 77.0496, 15.0331 ], [ 77.0441, 15.0098 ], [ 77.072, 15.0046 ], [ 77.0825, 15.0061 ], [ 77.0847, 15.0307 ], [ 77.0909, 15.0293 ], [ 77.0937, 15.0361 ], [ 77.1129, 15.0341 ], [ 77.1282, 15.0723 ], [ 77.1301, 15.1008 ], [ 77.1421, 15.1046 ], [ 77.1563, 15.1229 ], [ 77.1573, 15.1405 ], [ 77.1379, 15.1435 ], [ 77.1347, 15.1483 ], [ 77.1408, 15.1586 ], [ 77.1628, 15.1574 ], [ 77.1691, 15.1713 ], [ 77.1548, 15.2148 ], [ 77.1454, 15.2251 ], [ 77.1251, 15.2269 ], [ 77.1263, 15.24 ], [ 77.1362, 15.241 ], [ 77.1438, 15.2572 ], [ 77.1677, 15.2585 ], [ 77.1669, 15.2686 ], [ 77.1471, 15.2729 ], [ 77.1516, 15.2924 ], [ 77.1184, 15.2949 ], [ 77.1131, 15.3337 ], [ 77.0744, 15.3259 ], [ 77.0637, 15.328 ], [ 77.0649, 15.3436 ], [ 77.0418, 15.3619 ], [ 77.0472, 15.39 ], [ 77.0288, 15.4061 ], [ 77.0338, 15.4189 ], [ 77.0666, 15.4164 ], [ 77.0643, 15.4056 ], [ 77.1049, 15.413 ], [ 77.1305, 15.4264 ], [ 77.155, 15.414 ], [ 77.1573, 15.4052 ], [ 77.1659, 15.4086 ], [ 77.1741, 15.4012 ], [ 77.1787, 15.4037 ], [ 77.163, 15.3571 ], [ 77.1829, 15.3461 ], [ 77.1816, 15.3387 ], [ 77.2028, 15.3312 ], [ 77.205, 15.3091 ], [ 77.1958, 15.286 ], [ 77.2123, 15.2859 ], [ 77.2085, 15.2469 ], [ 77.2322, 15.2455 ], [ 77.23, 15.2178 ], [ 77.2196, 15.2183 ], [ 77.2079, 15.1863 ], [ 77.2215, 15.1763 ], [ 77.2133, 15.1516 ], [ 77.2298, 15.1438 ], [ 77.2641, 15.1427 ], [ 77.2711, 15.1307 ], [ 77.2918, 15.1309 ], [ 77.2998, 15.1541 ], [ 77.31, 15.1544 ], [ 77.3164, 15.1774 ], [ 77.3515, 15.1775 ], [ 77.363, 15.2229 ], [ 77.395, 15.2171 ], [ 77.4063, 15.2191 ], [ 77.4089, 15.2254 ], [ 77.426, 15.2231 ], [ 77.433, 15.2204 ], [ 77.4341, 15.2102 ], [ 77.4502, 15.205 ], [ 77.4464, 15.2135 ], [ 77.4511, 15.2218 ], [ 77.481, 15.2079 ], [ 77.5016, 15.2214 ], [ 77.527, 15.224 ], [ 77.5416, 15.2089 ], [ 77.5755, 15.1994 ], [ 77.5822, 15.1879 ], [ 77.6114, 15.1835 ], [ 77.6154, 15.2064 ], [ 77.6351, 15.207 ], [ 77.6377, 15.2219 ], [ 77.6497, 15.225 ], [ 77.6516, 15.2326 ], [ 77.6633, 15.2343 ], [ 77.6754, 15.2302 ], [ 77.6788, 15.2171 ], [ 77.6978, 15.2058 ], [ 77.693, 15.184 ], [ 77.7026, 15.1801 ], [ 77.7115, 15.1869 ], [ 77.7165, 15.1724 ], [ 77.7332, 15.1687 ], [ 77.7304, 15.1508 ], [ 77.7466, 15.141 ], [ 77.7496, 15.1291 ], [ 77.774, 15.1242 ], [ 77.7744, 15.1117 ], [ 77.7847, 15.113 ], [ 77.7917, 15.1061 ], [ 77.7963, 15.1189 ], [ 77.8112, 15.1286 ], [ 77.8157, 15.1429 ], [ 77.8388, 15.1449 ], [ 77.8427, 15.1296 ], [ 77.8544, 15.1351 ], [ 77.8754, 15.1352 ], [ 77.8882, 15.1789 ], [ 77.9193, 15.174 ], [ 77.923, 15.1641 ], [ 77.9244, 15.1483 ], [ 77.9094, 15.1395 ], [ 77.915, 15.1289 ], [ 77.9071, 15.1306 ], [ 77.9063, 15.1226 ], [ 77.9327, 15.1124 ], [ 77.9613, 15.1086 ], [ 77.9744, 15.1389 ], [ 77.9927, 15.1334 ], [ 77.997, 15.1244 ], [ 78.0064, 15.1225 ], [ 78.0137, 15.1021 ], [ 78.0052, 15.0811 ], [ 77.9976, 15.0813 ], [ 77.9951, 15.0639 ], [ 78.0106, 15.0508 ], [ 78.0113, 15.027 ], [ 78.0266, 15.0164 ], [ 78.0339, 14.9995 ], [ 78.0547, 14.9921 ], [ 78.0599, 15.003 ], [ 78.0885, 14.9822 ], [ 78.0873, 14.9722 ], [ 78.1338, 14.9612 ], [ 78.1351, 14.9398 ], [ 78.1311, 14.9341 ], [ 78.1234, 14.9368 ], [ 78.113, 14.9316 ], [ 78.0942, 14.8842 ], [ 78.089, 14.8576 ], [ 78.1135, 14.8506 ], [ 78.1012, 14.817 ], [ 78.0762, 14.8271 ], [ 78.0655, 14.7972 ], [ 78.046, 14.772 ], [ 78.0763, 14.7523 ], [ 78.0634, 14.7183 ], [ 78.0903, 14.7151 ], [ 78.0965, 14.7009 ], [ 78.1093, 14.7012 ], [ 78.1094, 14.6923 ], [ 78.128, 14.6968 ], [ 78.1346, 14.6953 ], [ 78.1347, 14.6873 ], [ 78.1295, 14.649 ], [ 78.1193, 14.6341 ], [ 78.1218, 14.6238 ], [ 78.0881, 14.6304 ], [ 78.0645, 14.5723 ], [ 78.0382, 14.5641 ], [ 78.0443, 14.5465 ], [ 78.0405, 14.5336 ], [ 78.0331, 14.5306 ], [ 77.987, 14.5406 ], [ 77.9829, 14.5669 ], [ 77.9695, 14.575 ], [ 77.9659, 14.5883 ], [ 77.944, 14.5703 ], [ 77.9612, 14.56 ], [ 77.9769, 14.5378 ], [ 77.9725, 14.5321 ], [ 77.9981, 14.5004 ], [ 78.0006, 14.4886 ], [ 78.085, 14.4214 ], [ 78.1067, 14.3929 ], [ 78.1709, 14.3543 ], [ 78.1885, 14.3498 ], [ 78.2289, 14.3153 ], [ 78.2533, 14.3046 ], [ 78.2772, 14.3046 ], [ 78.2849, 14.2917 ], [ 78.3205, 14.2934 ], [ 78.3386, 14.2882 ], [ 78.3571, 14.2927 ], [ 78.3956, 14.2767 ], [ 78.4159, 14.2777 ], [ 78.4205, 14.2829 ], [ 78.4238, 14.2734 ], [ 78.4059, 14.201 ], [ 78.4293, 14.1963 ], [ 78.4302, 14.1828 ], [ 78.4198, 14.1679 ], [ 78.4217, 14.1484 ], [ 78.4283, 14.1389 ], [ 78.4388, 14.134 ], [ 78.4434, 14.1377 ], [ 78.4612, 14.1068 ], [ 78.4543, 14.0842 ], [ 78.4424, 14.0804 ], [ 78.4487, 14.0521 ], [ 78.4398, 14.043 ], [ 78.4403, 14.0185 ], [ 78.4693, 14.007 ], [ 78.4604, 13.9873 ], [ 78.4271, 13.9792 ], [ 78.4205, 13.9633 ], [ 78.3994, 13.9527 ], [ 78.3874, 13.9389 ], [ 78.3724, 13.9444 ], [ 78.3756, 13.9523 ], [ 78.3703, 13.9567 ], [ 78.3468, 13.9348 ], [ 78.3373, 13.9367 ], [ 78.3314, 13.918 ], [ 78.3182, 13.9208 ], [ 78.2993, 13.9063 ], [ 78.2983, 13.8937 ], [ 78.2727, 13.8949 ], [ 78.2782, 13.8894 ], [ 78.2631, 13.8642 ], [ 78.265, 13.8576 ], [ 78.2422, 13.8505 ], [ 78.2408, 13.8451 ], [ 78.2566, 13.8344 ], [ 78.2548, 13.8064 ], [ 78.263, 13.7983 ], [ 78.2615, 13.7914 ], [ 78.2512, 13.7916 ], [ 78.237, 13.7788 ], [ 78.2088, 13.781 ], [ 78.1894, 13.7882 ], [ 78.1512, 13.7856 ], [ 78.147, 13.7814 ], [ 78.1289, 13.7855 ], [ 78.1138, 13.8075 ], [ 78.1255, 13.832 ], [ 78.1148, 13.8629 ], [ 78.0819, 13.8612 ], [ 78.079, 13.8812 ], [ 78.0495, 13.896 ], [ 78.0462, 13.8621 ], [ 78.0212, 13.8638 ], [ 78.0116, 13.8719 ], [ 78.0005, 13.8729 ], [ 77.9921, 13.8688 ], [ 77.9761, 13.8295 ], [ 77.953, 13.8274 ], [ 77.9491, 13.8864 ], [ 77.9843, 13.8972 ], [ 77.9866, 13.903 ], [ 77.9802, 13.9279 ], [ 77.9875, 13.9555 ], [ 77.9681, 13.9602 ], [ 77.9573, 13.9367 ], [ 77.9462, 13.9353 ], [ 77.9268, 13.9053 ], [ 77.8958, 13.9204 ], [ 77.8957, 13.941 ], [ 77.8388, 13.9359 ], [ 77.8266, 13.9447 ], [ 77.8148, 13.9319 ], [ 77.8135, 13.9146 ], [ 77.8162, 13.903 ], [ 77.832, 13.8957 ], [ 77.8355, 13.881 ], [ 77.8273, 13.8744 ], [ 77.8371, 13.8697 ], [ 77.8202, 13.8632 ], [ 77.812, 13.849 ], [ 77.7823, 13.8441 ], [ 77.7891, 13.8305 ], [ 77.7815, 13.8183 ], [ 77.7407, 13.8124 ], [ 77.7193, 13.8003 ], [ 77.7174, 13.7411 ], [ 77.7085, 13.741 ], [ 77.7033, 13.7698 ], [ 77.6717, 13.7605 ], [ 77.6799, 13.7723 ], [ 77.6801, 13.7868 ], [ 77.6513, 13.7841 ], [ 77.6211, 13.7684 ], [ 77.6188, 13.755 ], [ 77.6422, 13.7468 ], [ 77.6277, 13.7346 ], [ 77.6136, 13.7519 ], [ 77.6, 13.7508 ], [ 77.5868, 13.7335 ], [ 77.5717, 13.7382 ], [ 77.5606, 13.7224 ], [ 77.5474, 13.7529 ], [ 77.5273, 13.7538 ], [ 77.522, 13.7446 ], [ 77.5366, 13.7306 ], [ 77.5344, 13.707 ], [ 77.5252, 13.691 ], [ 77.5124, 13.6972 ], [ 77.5142, 13.7132 ], [ 77.485, 13.7148 ], [ 77.4921, 13.6898 ], [ 77.4553, 13.6823 ], [ 77.4501, 13.7109 ], [ 77.4651, 13.7109 ], [ 77.4706, 13.758 ], [ 77.4651, 13.7587 ], [ 77.4614, 13.7884 ], [ 77.4565, 13.7887 ], [ 77.4646, 13.8061 ], [ 77.4453, 13.811 ], [ 77.437, 13.7967 ], [ 77.4226, 13.7991 ], [ 77.4287, 13.8068 ], [ 77.4164, 13.8088 ], [ 77.4325, 13.8432 ], [ 77.3819, 13.8394 ], [ 77.3769, 13.8507 ], [ 77.3624, 13.8542 ], [ 77.3368, 13.8327 ], [ 77.3254, 13.8332 ], [ 77.3214, 13.8559 ], [ 77.3115, 13.8666 ], [ 77.2883, 13.8475 ], [ 77.2803, 13.851 ], [ 77.2567, 13.8465 ], [ 77.2591, 13.8631 ], [ 77.2464, 13.8679 ], [ 77.2483, 13.9012 ], [ 77.2356, 13.9041 ], [ 77.2306, 13.9033 ], [ 77.2199, 13.8677 ], [ 77.2154, 13.8679 ], [ 77.2131, 13.8862 ], [ 77.2004, 13.863 ], [ 77.1814, 13.8698 ], [ 77.1908, 13.9119 ], [ 77.1847, 13.9252 ], [ 77.1699, 13.9206 ], [ 77.1619, 13.9066 ], [ 77.1686, 13.8645 ], [ 77.1476, 13.8685 ], [ 77.136, 13.8565 ], [ 77.1282, 13.8565 ], [ 77.1322, 13.8462 ], [ 77.156, 13.8444 ], [ 77.1537, 13.8341 ], [ 77.1687, 13.8296 ], [ 77.1575, 13.806 ], [ 77.1785, 13.7827 ], [ 77.1731, 13.762 ], [ 77.1511, 13.7662 ], [ 77.1409, 13.765 ], [ 77.1368, 13.7583 ], [ 77.097, 13.7667 ], [ 77.0855, 13.7623 ] ] ] } },
{ "type": "Feature", "properties": { "district": "Chittoor", "did": "andhra_pradesh:Chittoor", "state_key": "andhra_pradesh" }, "geometry": { "type": "MultiPolygon", "coordinates": [ [ [ [ 78.5632, 12.7522 ], [ 78.5553, 12.7393 ], [ 78.5638, 12.7363 ], [ 78.5543, 12.718 ], [ 78.5616, 12.7098 ], [ 78.5409, 12.6907 ], [ 78.5347, 12.6914 ], [ 78.5293, 12.7091 ], [ 78.5443, 12.7109 ], [ 78.5375, 12.717 ], [ 78.5251, 12.7154 ], [ 78.5209, 12.7361 ], [ 78.5167, 12.7244 ], [ 78.5053, 12.743 ], [ 78.4932, 12.7471 ], [ 78.4891, 12.742 ], [ 78.506, 12.7225 ], [ 78.5202, 12.7187 ], [ 78.52, 12.712 ], [ 78.5118, 12.7077 ], [ 78.5031, 12.7168 ], [ 78.5019, 12.7044 ], [ 78.4966, 12.7033 ], [ 78.5074, 12.6914 ], [ 78.4993, 12.6751 ], [ 78.4845, 12.6717 ], [ 78.4679, 12.6759 ], [ 78.4748, 12.6476 ], [ 78.4649, 12.624 ], [ 78.4585, 12.6296 ], [ 78.4348, 12.6296 ], [ 78.4271, 12.6352 ], [ 78.4126, 12.6269 ], [ 78.3714, 12.6271 ], [ 78.3436, 12.6487 ], [ 78.3322, 12.6493 ], [ 78.3184, 12.6619 ], [ 78.301, 12.6659 ], [ 78.2711, 12.7051 ], [ 78.2446, 12.7063 ], [ 78.2377, 12.6858 ], [ 78.2106, 12.6861 ], [ 78.1997, 12.6929 ], [ 78.2099, 12.7005 ], [ 78.2072, 12.7082 ], [ 78.2312, 12.7126 ], [ 78.241, 12.7299 ], [ 78.231, 12.7607 ], [ 78.2456, 12.7883 ], [ 78.2522, 12.8606 ], [ 78.2653, 12.862 ], [ 78.2684, 12.8677 ], [ 78.2821, 12.8593 ], [ 78.3124, 12.8585 ], [ 78.3136, 12.8765 ], [ 78.331, 12.8756 ], [ 78.3371, 12.8824 ], [ 78.3345, 12.8892 ], [ 78.3292, 12.8846 ], [ 78.3203, 12.8873 ], [ 78.3235, 12.9018 ], [ 78.3397, 12.9032 ], [ 78.3441, 12.9085 ], [ 78.3541, 12.9397 ], [ 78.3887, 12.9069 ], [ 78.3964, 12.9073 ], [ 78.3987, 12.9173 ], [ 78.4122, 12.9032 ], [ 78.4287, 12.9021 ], [ 78.4349, 12.9118 ], [ 78.4456, 12.9118 ], [ 78.4472, 12.8922 ], [ 78.4641, 12.8777 ], [ 78.4648, 12.8668 ], [ 78.4667, 12.9054 ], [ 78.438, 12.929 ], [ 78.4282, 12.9321 ], [ 78.4188, 12.9217 ], [ 78.4112, 12.9453 ], [ 78.4204, 12.9477 ], [ 78.4193, 12.9587 ], [ 78.4292, 12.9575 ], [ 78.438, 12.964 ], [ 78.4327, 12.9678 ], [ 78.4353, 12.981 ], [ 78.4675, 12.975 ], [ 78.4748, 12.9914 ], [ 78.4636, 13.0053 ], [ 78.4622, 13.0432 ], [ 78.4731, 13.0429 ], [ 78.4785, 13.0545 ], [ 78.4874, 13.0524 ], [ 78.4981, 13.0612 ], [ 78.5143, 13.0619 ], [ 78.5095, 13.0915 ], [ 78.5385, 13.1057 ], [ 78.5185, 13.1198 ], [ 78.517, 13.1316 ], [ 78.5233, 13.1305 ], [ 78.5313, 13.1414 ], [ 78.5446, 13.142 ], [ 78.5484, 13.1485 ], [ 78.5414, 13.1557 ], [ 78.5501, 13.1642 ], [ 78.5682, 13.1618 ], [ 78.5734, 13.1689 ], [ 78.5798, 13.1674 ], [ 78.5761, 13.1867 ], [ 78.5673, 13.1933 ], [ 78.5498, 13.1897 ], [ 78.5501, 13.2002 ], [ 78.5678, 13.2015 ], [ 78.5711, 13.212 ], [ 78.5787, 13.213 ], [ 78.5785, 13.218 ], [ 78.5664, 13.2209 ], [ 78.5701, 13.2471 ], [ 78.5853, 13.2622 ], [ 78.5874, 13.2806 ], [ 78.5786, 13.2804 ], [ 78.5776, 13.2953 ], [ 78.5655, 13.312 ], [ 78.5616, 13.2885 ], [ 78.5541, 13.2832 ], [ 78.5393, 13.2879 ], [ 78.5322, 13.2669 ], [ 78.522, 13.273 ], [ 78.514, 13.2906 ], [ 78.5048, 13.2914 ], [ 78.4988, 13.2996 ], [ 78.4793, 13.3013 ], [ 78.4834, 13.3212 ], [ 78.4769, 13.3226 ], [ 78.4442, 13.3081 ], [ 78.4404, 13.3284 ], [ 78.4279, 13.3313 ], [ 78.4189, 13.3206 ], [ 78.4011, 13.3155 ], [ 78.3871, 13.3318 ], [ 78.3771, 13.332 ], [ 78.383, 13.3436 ], [ 78.3877, 13.3428 ], [ 78.3849, 13.3349 ], [ 78.393, 13.3338 ], [ 78.4073, 13.3375 ], [ 78.4087, 13.3429 ], [ 78.3776, 13.3631 ], [ 78.3697, 13.3583 ], [ 78.3651, 13.3618 ], [ 78.3817, 13.397 ], [ 78.3708, 13.4695 ], [ 78.3788, 13.482 ], [ 78.3753, 13.509 ], [ 78.3855, 13.5156 ], [ 78.3931, 13.5526 ], [ 78.4067, 13.5769 ], [ 78.4016, 13.5785 ], [ 78.402, 13.588 ], [ 78.3843, 13.5919 ], [ 78.3486, 13.5869 ], [ 78.3262, 13.5948 ], [ 78.2586, 13.583 ], [ 78.2363, 13.5986 ], [ 78.2326, 13.586 ], [ 78.2192, 13.5925 ], [ 78.2029, 13.5688 ], [ 78.193, 13.5648 ], [ 78.1903, 13.5901 ], [ 78.2033, 13.6065 ], [ 78.2042, 13.6284 ], [ 78.1682, 13.6329 ], [ 78.1676, 13.6558 ], [ 78.1143, 13.6574 ], [ 78.1023, 13.6511 ], [ 78.0989, 13.6428 ], [ 78.0871, 13.6431 ], [ 78.0897, 13.6591 ], [ 78.077, 13.6734 ], [ 78.0657, 13.6761 ], [ 78.0736, 13.6877 ], [ 78.0691, 13.6978 ], [ 78.0924, 13.6912 ], [ 78.1132, 13.6927 ], [ 78.1208, 13.7156 ], [ 78.1043, 13.7365 ], [ 78.0915, 13.7423 ], [ 78.0999, 13.7585 ], [ 78.1138, 13.7634 ], [ 78.1265, 13.7879 ], [ 78.147, 13.7814 ], [ 78.1512, 13.7856 ], [ 78.1894, 13.7882 ], [ 78.2088, 13.781 ], [ 78.237, 13.7788 ], [ 78.2512, 13.7916 ], [ 78.2614, 13.7914 ], [ 78.263, 13.7983 ], [ 78.2548, 13.8064 ], [ 78.2566, 13.8344 ], [ 78.2408, 13.8451 ], [ 78.2422, 13.8505 ], [ 78.265, 13.8576 ], [ 78.2631, 13.8642 ], [ 78.2782, 13.8894 ], [ 78.2727, 13.8949 ], [ 78.2983, 13.8937 ], [ 78.2993, 13.9063 ], [ 78.3182, 13.9208 ], [ 78.3314, 13.918 ], [ 78.3373, 13.9367 ], [ 78.3468, 13.9348 ], [ 78.3703, 13.9567 ], [ 78.3756, 13.9523 ], [ 78.3724, 13.9444 ], [ 78.3874, 13.9389 ], [ 78.3994, 13.9527 ], [ 78.4205, 13.9633 ], [ 78.4271, 13.9792 ], [ 78.4533, 13.9842 ], [ 78.4649, 13.9948 ], [ 78.4757, 13.9836 ], [ 78.4683, 13.9587 ], [ 78.4932, 13.9379 ], [ 78.5039, 13.9592 ], [ 78.5186, 13.9664 ], [ 78.5272, 13.9786 ], [ 78.5394, 13.9814 ], [ 78.5444, 13.9907 ], [ 78.5848, 13.985 ], [ 78.5719, 13.963 ], [ 78.5991, 13.9598 ], [ 78.5872, 13.9108 ], [ 78.6149, 13.9128 ], [ 78.6207, 13.9069 ], [ 78.6356, 13.9078 ], [ 78.638, 13.9012 ], [ 78.6547, 13.9097 ], [ 78.654, 13.8977 ], [ 78.6438, 13.892 ], [ 78.6428, 13.8679 ], [ 78.6981, 13.8715 ], [ 78.7086, 13.8773 ], [ 78.706, 13.8856 ], [ 78.7109, 13.8882 ], [ 78.729, 13.8855 ], [ 78.7403, 13.8701 ], [ 78.7459, 13.8713 ], [ 78.759, 13.8346 ], [ 78.771, 13.8275 ], [ 78.7838, 13.8297 ], [ 78.7884, 13.8536 ], [ 78.7803, 13.8642 ], [ 78.7981, 13.8808 ], [ 78.8593, 13.8866 ], [ 78.8696, 13.8981 ], [ 78.8843, 13.8996 ], [ 78.9096, 13.8956 ], [ 78.9173, 13.8889 ], [ 78.9182, 13.8969 ], [ 78.9357, 13.8971 ], [ 78.9416, 13.8847 ], [ 78.9561, 13.8852 ], [ 78.9837, 13.8919 ], [ 78.9894, 13.9118 ], [ 79.0236, 13.8966 ], [ 79.0236, 13.8915 ], [ 79.0906, 13.8806 ], [ 79.0995, 13.8503 ], [ 79.1268, 13.8501 ], [ 79.1487, 13.8652 ], [ 79.1567, 13.853 ], [ 79.1716, 13.8479 ], [ 79.1774, 13.838 ], [ 79.216, 13.8134 ], [ 79.2105, 13.8068 ], [ 79.1951, 13.803 ], [ 79.1909, 13.7933 ], [ 79.2159, 13.7747 ], [ 79.2249, 13.7577 ], [ 79.2422, 13.7517 ], [ 79.2416, 13.7606 ], [ 79.293, 13.7597 ], [ 79.3058, 13.7241 ], [ 79.3724, 13.7564 ], [ 79.4183, 13.7652 ], [ 79.4193, 13.7846 ], [ 79.4455, 13.7826 ], [ 79.4675, 13.7951 ], [ 79.4687, 13.7989 ], [ 79.4568, 13.8016 ], [ 79.4545, 13.8258 ], [ 79.4376, 13.8562 ], [ 79.4339, 13.877 ], [ 79.4487, 13.8951 ], [ 79.474, 13.8996 ], [ 79.478, 13.9131 ], [ 79.5525, 13.9145 ], [ 79.5928, 13.9229 ], [ 79.595, 13.8889 ], [ 79.62, 13.8855 ], [ 79.624, 13.8806 ], [ 79.6193, 13.8632 ], [ 79.6072, 13.8535 ], [ 79.6684, 13.8359 ], [ 79.6746, 13.8711 ], [ 79.6694, 13.8847 ], [ 79.6787, 13.9242 ], [ 79.6969, 13.9123 ], [ 79.7288, 13.9047 ], [ 79.7269, 13.8627 ], [ 79.7388, 13.8577 ], [ 79.731, 13.8184 ], [ 79.7499, 13.81 ], [ 79.7448, 13.8034 ], [ 79.7599, 13.7977 ], [ 79.7764, 13.803 ], [ 79.7834, 13.783 ], [ 79.7917, 13.7859 ], [ 79.8119, 13.7817 ], [ 79.8141, 13.7885 ], [ 79.8202, 13.7717 ], [ 79.851, 13.7691 ], [ 79.8505, 13.7601 ], [ 79.8608, 13.7562 ], [ 79.8582, 13.7396 ], [ 79.8673, 13.7349 ], [ 79.8633, 13.7194 ], [ 79.87, 13.7064 ], [ 79.8855, 13.7003 ], [ 79.957, 13.7076 ], [ 79.9583, 13.699 ], [ 79.9721, 13.689 ], [ 79.9574, 13.6665 ], [ 79.9649, 13.6503 ], [ 79.9754, 13.6435 ], [ 79.9929, 13.6478 ], [ 80.0001, 13.6433 ], [ 80.0044, 13.6172 ], [ 80.0169, 13.6036 ], [ 80.017, 13.5945 ], [ 80.0235, 13.5925 ], [ 80.0221, 13.576 ], [ 80.0474, 13.5726 ], [ 80.0512, 13.5582 ], [ 80.0394, 13.5555 ], [ 80.0381, 13.539 ], [ 80.0284, 13.5388 ], [ 80.0169, 13.5472 ], [ 79.9986, 13.5427 ], [ 80.0005, 13.5257 ], [ 80.0177, 13.5296 ], [ 80.0272, 13.5137 ], [ 80.0355, 13.5183 ], [ 80.0484, 13.5123 ], [ 80.0466, 13.4937 ], [ 80.0159, 13.498 ], [ 80.0075, 13.4786 ], [ 79.9841, 13.4796 ], [ 79.9824, 13.4705 ], [ 79.9724, 13.4691 ], [ 79.9733, 13.4297 ], [ 79.9567, 13.4222 ], [ 79.9396, 13.425 ], [ 79.9418, 13.4167 ], [ 79.9346, 13.4165 ], [ 79.9457, 13.4077 ], [ 79.9444, 13.3969 ], [ 79.9615, 13.3956 ], [ 79.9628, 13.3914 ], [ 79.958, 13.3792 ], [ 79.945, 13.3818 ], [ 79.9495, 13.3755 ], [ 79.938, 13.3555 ], [ 79.9313, 13.3515 ], [ 79.916, 13.3599 ], [ 79.9149, 13.3481 ], [ 79.8835, 13.3329 ], [ 79.8829, 13.3233 ], [ 79.8681, 13.3311 ], [ 79.8628, 13.3169 ], [ 79.8535, 13.3207 ], [ 79.8533, 13.316 ], [ 79.8361, 13.3142 ], [ 79.8089, 13.3173 ], [ 79.8016, 13.3005 ], [ 79.7917, 13.2935 ], [ 79.7603, 13.3182 ], [ 79.7567, 13.2953 ], [ 79.734, 13.289 ], [ 79.7307, 13.2829 ], [ 79.7612, 13.2575 ], [ 79.7947, 13.2421 ], [ 79.7945, 13.2263 ], [ 79.7848, 13.2279 ], [ 79.7755, 13.2153 ], [ 79.7643, 13.2191 ], [ 79.7546, 13.2065 ], [ 79.7373, 13.2365 ], [ 79.7303, 13.2325 ], [ 79.7314, 13.2224 ], [ 79.7216, 13.2235 ], [ 79.7164, 13.2164 ], [ 79.7022, 13.2241 ], [ 79.7061, 13.2342 ], [ 79.7141, 13.2357 ], [ 79.7091, 13.251 ], [ 79.6983, 13.251 ], [ 79.6959, 13.2386 ], [ 79.6843, 13.2444 ], [ 79.6783, 13.2617 ], [ 79.6877, 13.2667 ], [ 79.6911, 13.261 ], [ 79.6957, 13.2673 ], [ 79.6888, 13.2709 ], [ 79.6939, 13.2798 ], [ 79.6813, 13.288 ], [ 79.6826, 13.2958 ], [ 79.6781, 13.2974 ], [ 79.6742, 13.2818 ], [ 79.6654, 13.2787 ], [ 79.6639, 13.2898 ], [ 79.6578, 13.2838 ], [ 79.6518, 13.2918 ], [ 79.6425, 13.2901 ], [ 79.6413, 13.2756 ], [ 79.6385, 13.2875 ], [ 79.6316, 13.2697 ], [ 79.6141, 13.2827 ], [ 79.6061, 13.2795 ], [ 79.6087, 13.2875 ], [ 79.5961, 13.2849 ], [ 79.5913, 13.2614 ], [ 79.5793, 13.2578 ], [ 79.5584, 13.2727 ], [ 79.5346, 13.2754 ], [ 79.5412, 13.2924 ], [ 79.5349, 13.3014 ], [ 79.5441, 13.3168 ], [ 79.5373, 13.3386 ], [ 79.5259, 13.3444 ], [ 79.5111, 13.342 ], [ 79.5101, 13.3342 ], [ 79.4974, 13.332 ], [ 79.4997, 13.3478 ], [ 79.4805, 13.34 ], [ 79.4563, 13.3386 ], [ 79.4354, 13.3517 ], [ 79.4317, 13.3367 ], [ 79.421, 13.3363 ], [ 79.4147, 13.33 ], [ 79.4054, 13.335 ], [ 79.3984, 13.3302 ], [ 79.402, 13.3174 ], [ 79.3878, 13.318 ], [ 79.3819, 13.3075 ], [ 79.3887, 13.3098 ], [ 79.3898, 13.2974 ], [ 79.4158, 13.2996 ], [ 79.42, 13.2895 ], [ 79.4305, 13.3002 ], [ 79.4454, 13.3013 ], [ 79.4463, 13.2916 ], [ 79.4347, 13.2891 ], [ 79.4337, 13.275 ], [ 79.4084, 13.2653 ], [ 79.4162, 13.2604 ], [ 79.4169, 13.2517 ], [ 79.4226, 13.2513 ], [ 79.4185, 13.243 ], [ 79.4377, 13.2429 ], [ 79.4315, 13.2361 ], [ 79.4398, 13.2359 ], [ 79.4299, 13.2312 ], [ 79.4309, 13.2298 ], [ 79.44, 13.2306 ], [ 79.4415, 13.238 ], [ 79.4533, 13.2385 ], [ 79.4538, 13.2169 ], [ 79.4374, 13.2196 ], [ 79.4362, 13.2127 ], [ 79.4439, 13.2078 ], [ 79.4324, 13.197 ], [ 79.4384, 13.1882 ], [ 79.4102, 13.1905 ], [ 79.4092, 13.194 ], [ 79.3991, 13.1878 ], [ 79.392, 13.1924 ], [ 79.374, 13.1893 ], [ 79.3877, 13.1775 ], [ 79.3727, 13.1788 ], [ 79.3695, 13.1729 ], [ 79.3792, 13.1715 ], [ 79.38, 13.1629 ], [ 79.3561, 13.1646 ], [ 79.3655, 13.1339 ], [ 79.3605, 13.1235 ], [ 79.3451, 13.1213 ], [ 79.3413, 13.1368 ], [ 79.3396, 13.1305 ], [ 79.329, 13.1305 ], [ 79.3187, 13.1235 ], [ 79.3242, 13.1185 ], [ 79.3119, 13.1166 ], [ 79.319, 13.1133 ], [ 79.3099, 13.112 ], [ 79.3072, 13.1055 ], [ 79.2943, 13.1096 ], [ 79.3125, 13.1261 ], [ 79.284, 13.1228 ], [ 79.2803, 13.1529 ], [ 79.2745, 13.1557 ], [ 79.2621, 13.149 ], [ 79.2575, 13.1607 ], [ 79.2522, 13.1577 ], [ 79.2539, 13.1458 ], [ 79.2453, 13.1383 ], [ 79.2402, 13.1444 ], [ 79.245, 13.1488 ], [ 79.2427, 13.171 ], [ 79.2349, 13.1708 ], [ 79.2273, 13.1556 ], [ 79.2147, 13.157 ], [ 79.21, 13.1485 ], [ 79.2329, 13.1394 ], [ 79.2304, 13.1264 ], [ 79.2384, 13.1186 ], [ 79.2344, 13.1052 ], [ 79.2009, 13.0888 ], [ 79.1983, 13.0813 ], [ 79.1907, 13.0887 ], [ 79.1877, 13.0835 ], [ 79.1807, 13.0842 ], [ 79.1921, 13.0674 ], [ 79.1873, 13.0607 ], [ 79.1801, 13.0643 ], [ 79.1783, 13.0592 ], [ 79.1921, 13.0561 ], [ 79.1797, 13.0545 ], [ 79.1804, 13.0488 ], [ 79.193, 13.0467 ], [ 79.1848, 13.0299 ], [ 79.1631, 13.0203 ], [ 79.1373, 13.0348 ], [ 79.1145, 13.0393 ], [ 79.1075, 13.0383 ], [ 79.0983, 13.0261 ], [ 79.0809, 13.0257 ], [ 79.0629, 13.0406 ], [ 79.0634, 13.0531 ], [ 79.0387, 13.0611 ], [ 79.0369, 13.0706 ], [ 79.0095, 13.0772 ], [ 78.995, 13.0866 ], [ 78.9723, 13.0838 ], [ 78.9703, 13.0747 ], [ 78.9621, 13.0787 ], [ 78.9554, 13.0758 ], [ 78.9492, 13.084 ], [ 78.9415, 13.0785 ], [ 78.9239, 13.0808 ], [ 78.9217, 13.0661 ], [ 78.9126, 13.0659 ], [ 78.9037, 13.0477 ], [ 78.9292, 13.0458 ], [ 78.9408, 13.0364 ], [ 78.9371, 13.0304 ], [ 78.9291, 13.0365 ], [ 78.8916, 13.0331 ], [ 78.889, 13.0734 ], [ 78.8957, 13.0951 ], [ 78.8912, 13.0972 ], [ 78.8751, 13.0968 ], [ 78.871, 13.0819 ], [ 78.842, 13.0786 ], [ 78.8131, 13.0891 ], [ 78.7943, 13.0666 ], [ 78.7518, 13.0549 ], [ 78.7403, 13.064 ], [ 78.7145, 13.0687 ], [ 78.7053, 13.0152 ], [ 78.6562, 13.0312 ], [ 78.6555, 13.0152 ], [ 78.6209, 12.9912 ], [ 78.6472, 12.9662 ], [ 78.6382, 12.9641 ], [ 78.657, 12.9321 ], [ 78.6334, 12.9317 ], [ 78.6131, 12.8679 ], [ 78.6016, 12.8508 ], [ 78.6078, 12.8219 ], [ 78.6004, 12.8184 ], [ 78.6012, 12.8037 ], [ 78.5931, 12.7982 ], [ 78.5925, 12.7827 ], [ 78.5562, 12.7569 ], [ 78.5599, 12.7501 ], [ 78.5632, 12.7522 ] ], [ [ 79.85, 13.3235 ], [ 79.8457, 13.3276 ], [ 79.8427, 13.3241 ], [ 79.85, 13.3235 ] ] ], [ [ [ 78.6568, 13.908 ], [ 78.6584, 13.9082 ], [ 78.6565, 13.9062 ], [ 78.6568, 13.908 ] ] ] ] } },
{ "type": "Feature", "properties": { "district": "East Godavari", "did": "andhra_pradesh:East Godavari", "state_key": "andhra_pradesh" }, "geometry": { "type": "Polygon", "coordinates": [ [ [ 81.7166, 16.3073 ], [ 81.7192, 16.3156 ], [ 81.7109, 16.3167 ], [ 81.7167, 16.3229 ], [ 81.717, 16.3585 ], [ 81.6982, 16.409 ], [ 81.7, 16.4228 ], [ 81.7103, 16.4429 ], [ 81.7188, 16.4473 ], [ 81.7284, 16.4406 ], [ 81.7364, 16.4223 ], [ 81.7555, 16.4234 ], [ 81.8069, 16.4835 ], [ 81.8464, 16.4959 ], [ 81.8448, 16.5292 ], [ 81.8581, 16.6021 ], [ 81.841, 16.6485 ], [ 81.7855, 16.708 ], [ 81.7948, 16.733 ], [ 81.7909, 16.7454 ], [ 81.765, 16.7614 ], [ 81.7446, 16.7933 ], [ 81.7533, 16.8248 ], [ 81.7516, 16.8511 ], [ 81.7467, 16.8662 ], [ 81.7333, 16.8797 ], [ 81.7312, 16.9142 ], [ 81.7243, 16.9143 ], [ 81.7292, 16.944 ], [ 81.7449, 16.9649 ], [ 81.7425, 17.007 ], [ 81.7311, 17.0207 ], [ 81.7187, 17.0594 ], [ 81.6971, 17.0852 ], [ 81.6808, 17.0945 ], [ 81.6648, 17.1333 ], [ 81.6582, 17.1703 ], [ 81.6407, 17.2073 ], [ 81.6417, 17.2298 ], [ 81.6555, 17.2492 ], [ 81.6627, 17.2822 ], [ 81.6806, 17.2945 ], [ 81.6776, 17.3043 ], [ 81.6658, 17.3117 ], [ 81.615, 17.331 ], [ 81.6148, 17.352 ], [ 81.6047, 17.3758 ], [ 81.6146, 17.4065 ], [ 81.6032, 17.4114 ], [ 81.5863, 17.4056 ], [ 81.576, 17.4328 ], [ 81.5637, 17.44 ], [ 81.541, 17.4366 ], [ 81.531, 17.4403 ], [ 81.5126, 17.4728 ], [ 81.4983, 17.4814 ], [ 81.4767, 17.468 ], [ 81.4446, 17.4619 ], [ 81.407, 17.4649 ], [ 81.3905, 17.4733 ], [ 81.3834, 17.4916 ], [ 81.3635, 17.4993 ], [ 81.3492, 17.4999 ], [ 81.3162, 17.4875 ], [ 81.3043, 17.4909 ], [ 81.2955, 17.4961 ], [ 81.2881, 17.524 ], [ 81.2584, 17.564 ], [ 81.2449, 17.5696 ], [ 81.2221, 17.5642 ], [ 81.2108, 17.571 ], [ 81.1851, 17.5711 ], [ 81.1366, 17.5813 ], [ 81.1273, 17.587 ], [ 81.115, 17.6191 ], [ 81.0597, 17.6079 ], [ 81.0397, 17.5977 ], [ 81.0159, 17.5983 ], [ 81.007, 17.6068 ], [ 81.0095, 17.6436 ], [ 81.0036, 17.6498 ], [ 80.9801, 17.6526 ], [ 80.9524, 17.637 ], [ 80.9337, 17.633 ], [ 80.8822, 17.6463 ], [ 80.8762, 17.667 ], [ 80.8946, 17.7013 ], [ 80.8855, 17.7357 ], [ 80.9024, 17.7462 ], [ 80.9176, 17.7481 ], [ 80.9279, 17.7618 ], [ 80.9463, 17.7602 ], [ 80.9553, 17.7746 ], [ 80.9734, 17.7801 ], [ 80.9913, 17.7499 ], [ 81.0159, 17.745 ], [ 81.0406, 17.7476 ], [ 81.0505, 17.734 ], [ 81.0582, 17.7331 ], [ 81.1043, 17.772 ], [ 81.096, 17.7745 ], [ 81.0856, 17.798 ], [ 81.094, 17.8093 ], [ 81.1279, 17.827 ], [ 81.1661, 17.8576 ], [ 81.1993, 17.8469 ], [ 81.2663, 17.8095 ], [ 81.3541, 17.8123 ], [ 81.3919, 17.7942 ], [ 81.3966, 17.8202 ], [ 81.4156, 17.8134 ], [ 81.4341, 17.8319 ], [ 81.4442, 17.825 ], [ 81.4739, 17.838 ], [ 81.49, 17.8127 ], [ 81.5637, 17.8257 ], [ 81.5743, 17.8372 ], [ 81.5942, 17.834 ], [ 81.6165, 17.8221 ], [ 81.6223, 17.8334 ], [ 81.6301, 17.832 ], [ 81.6408, 17.8402 ], [ 81.6619, 17.8812 ], [ 81.6709, 17.8872 ], [ 81.6861, 17.8853 ], [ 81.6996, 17.901 ], [ 81.7104, 17.8719 ], [ 81.7901, 17.9208 ], [ 81.8099, 17.951 ], [ 81.9037, 17.9767 ], [ 81.9199, 17.9912 ], [ 81.9366, 17.9903 ], [ 81.963, 17.9993 ], [ 81.9794, 18.0144 ], [ 81.9819, 18.0059 ], [ 81.9965, 17.9997 ], [ 82.0099, 17.9803 ], [ 82.0073, 17.9653 ], [ 82.0224, 17.9569 ], [ 82.0296, 17.9393 ], [ 82.0027, 17.9008 ], [ 82.0009, 17.8861 ], [ 82.0049, 17.8709 ], [ 82.0171, 17.8621 ], [ 82.0197, 17.8396 ], [ 82.0099, 17.8278 ], [ 82.0079, 17.8451 ], [ 81.9933, 17.8456 ], [ 81.9874, 17.8533 ], [ 81.9778, 17.8483 ], [ 81.9607, 17.8179 ], [ 81.9233, 17.8085 ], [ 81.9252, 17.8014 ], [ 81.8995, 17.7893 ], [ 81.8601, 17.7528 ], [ 81.8772, 17.7414 ], [ 81.8984, 17.7452 ], [ 81.9354, 17.7384 ], [ 81.9725, 17.7467 ], [ 81.9597, 17.7592 ], [ 81.9808, 17.77 ], [ 82.0161, 17.7534 ], [ 82.0113, 17.738 ], [ 82.0278, 17.7281 ], [ 82.0332, 17.7141 ], [ 82.0247, 17.703 ], [ 82.0287, 17.6955 ], [ 82.0194, 17.6765 ], [ 82.0222, 17.6693 ], [ 82.0164, 17.6613 ], [ 82.0061, 17.6591 ], [ 82.0103, 17.6467 ], [ 82.0018, 17.6391 ], [ 82.0162, 17.6184 ], [ 82.0245, 17.6233 ], [ 82.0233, 17.6324 ], [ 82.0336, 17.6323 ], [ 82.0517, 17.6431 ], [ 82.0581, 17.6359 ], [ 82.091, 17.6568 ], [ 82.1061, 17.6507 ], [ 82.1207, 17.6549 ], [ 82.1362, 17.6485 ], [ 82.1377, 17.6354 ], [ 82.163, 17.6102 ], [ 82.1815, 17.6085 ], [ 82.1908, 17.6225 ], [ 82.2281, 17.6387 ], [ 82.2487, 17.6194 ], [ 82.2767, 17.6241 ], [ 82.2747, 17.6119 ], [ 82.3041, 17.5899 ], [ 82.3219, 17.5851 ], [ 82.341, 17.5873 ], [ 82.3419, 17.5739 ], [ 82.3289, 17.5557 ], [ 82.3376, 17.524 ], [ 82.3314, 17.5034 ], [ 82.3448, 17.4944 ], [ 82.3592, 17.5083 ], [ 82.3756, 17.5108 ], [ 82.3787, 17.507 ], [ 82.3675, 17.4894 ], [ 82.373, 17.4794 ], [ 82.3889, 17.479 ], [ 82.4103, 17.4669 ], [ 82.4379, 17.4711 ], [ 82.4391, 17.4781 ], [ 82.4513, 17.4806 ], [ 82.4543, 17.4899 ], [ 82.4499, 17.5112 ], [ 82.4652, 17.5117 ], [ 82.4684, 17.5186 ], [ 82.4608, 17.5302 ], [ 82.4682, 17.5312 ], [ 82.4667, 17.5359 ], [ 82.4764, 17.5272 ], [ 82.4725, 17.5217 ], [ 82.4775, 17.5201 ], [ 82.4804, 17.5012 ], [ 82.4874, 17.4993 ], [ 82.5004, 17.508 ], [ 82.518, 17.5019 ], [ 82.5374, 17.5066 ], [ 82.5473, 17.5134 ], [ 82.5527, 17.5271 ], [ 82.5591, 17.522 ], [ 82.5615, 17.491 ], [ 82.568, 17.4925 ], [ 82.5854, 17.4689 ], [ 82.6043, 17.4563 ], [ 82.583, 17.4248 ], [ 82.5608, 17.4084 ], [ 82.5563, 17.3904 ], [ 82.5437, 17.3742 ], [ 82.5557, 17.3521 ], [ 82.5659, 17.3494 ], [ 82.5576, 17.326 ], [ 82.5354, 17.3273 ], [ 82.5347, 17.3058 ], [ 82.5183, 17.2986 ], [ 82.5255, 17.2717 ], [ 82.5389, 17.2639 ], [ 82.5423, 17.2491 ], [ 82.4431, 17.1748 ], [ 82.3193, 17.0578 ], [ 82.2882, 17.016 ], [ 82.2686, 16.9565 ], [ 82.2714, 16.948 ], [ 82.2723, 16.9478 ], [ 82.2757, 16.9514 ], [ 82.2771, 16.9517 ], [ 82.2649, 16.9389 ], [ 82.2706, 16.9414 ], [ 82.2735, 16.9476 ], [ 82.2768, 16.9506 ], [ 82.2779, 16.9507 ], [ 82.2711, 16.9413 ], [ 82.2467, 16.9178 ], [ 82.243, 16.9178 ], [ 82.2491, 16.876 ], [ 82.2598, 16.8845 ], [ 82.266, 16.8698 ], [ 82.2752, 16.8675 ], [ 82.2819, 16.872 ], [ 82.2823, 16.8648 ], [ 82.3016, 16.8626 ], [ 82.3142, 16.8459 ], [ 82.3267, 16.8551 ], [ 82.3378, 16.8565 ], [ 82.3494, 16.8505 ], [ 82.3616, 16.8544 ], [ 82.3633, 16.9173 ], [ 82.3577, 16.95 ], [ 82.3263, 16.9883 ], [ 82.3384, 16.9867 ], [ 82.3495, 16.9769 ], [ 82.3599, 16.9572 ], [ 82.3664, 16.9114 ], [ 82.3653, 16.876 ], [ 82.3418, 16.7284 ], [ 82.3393, 16.7161 ], [ 82.3333, 16.7167 ], [ 82.3449, 16.7046 ], [ 82.3347, 16.6991 ], [ 82.3354, 16.6901 ], [ 82.3277, 16.6849 ], [ 82.3378, 16.6898 ], [ 82.354, 16.7056 ], [ 82.3464, 16.7156 ], [ 82.3537, 16.7136 ], [ 82.355, 16.7043 ], [ 82.3599, 16.7108 ], [ 82.3653, 16.7067 ], [ 82.3455, 16.6965 ], [ 82.3173, 16.6623 ], [ 82.3291, 16.6145 ], [ 82.3189, 16.5768 ], [ 82.3136, 16.5749 ], [ 82.3178, 16.5817 ], [ 82.3148, 16.5811 ], [ 82.3092, 16.5926 ], [ 82.3173, 16.5866 ], [ 82.3255, 16.6168 ], [ 82.3128, 16.668 ], [ 82.3121, 16.6271 ], [ 82.309, 16.6295 ], [ 82.3069, 16.6228 ], [ 82.3075, 16.6399 ], [ 82.3042, 16.6288 ], [ 82.3045, 16.6367 ], [ 82.296, 16.626 ], [ 82.2999, 16.6363 ], [ 82.2956, 16.626 ], [ 82.2843, 16.626 ], [ 82.2904, 16.6097 ], [ 82.2849, 16.6 ], [ 82.2946, 16.6025 ], [ 82.2988, 16.5864 ], [ 82.2873, 16.571 ], [ 82.2631, 16.563 ], [ 82.2769, 16.5594 ], [ 82.2935, 16.563 ], [ 82.2937, 16.5676 ], [ 82.2971, 16.5676 ], [ 82.2937, 16.5581 ], [ 82.281, 16.5586 ], [ 82.29, 16.5549 ], [ 82.2996, 16.5582 ], [ 82.2992, 16.5722 ], [ 82.3009, 16.5624 ], [ 82.3107, 16.5677 ], [ 82.3134, 16.5648 ], [ 82.3138, 16.5588 ], [ 82.3129, 16.5635 ], [ 82.2995, 16.5559 ], [ 82.2323, 16.5449 ], [ 81.9704, 16.4076 ], [ 81.9577, 16.3924 ], [ 81.9394, 16.3954 ], [ 81.8866, 16.3852 ], [ 81.7166, 16.3073 ] ], [ [ 82.2842, 16.7053 ], [ 82.3026, 16.7183 ], [ 82.3106, 16.735 ], [ 82.3015, 16.7552 ], [ 82.2885, 16.7349 ], [ 82.2349, 16.7293 ], [ 82.2178, 16.7433 ], [ 82.2276, 16.7569 ], [ 82.2255, 16.7637 ], [ 82.1966, 16.7392 ], [ 82.1824, 16.7371 ], [ 82.2014, 16.7205 ], [ 82.2233, 16.7219 ], [ 82.2544, 16.7036 ], [ 82.2842, 16.7053 ] ] ] } },
{ "type": "Feature", "properties": { "district": "Guntur", "did": "andhra_pradesh:Guntur", "state_key": "andhra_pradesh" }, "geometry": { "type": "Polygon", "coordinates": [ [ [ 79.878, 15.9247 ], [ 79.8696, 15.9161 ], [ 79.8472, 15.9225 ], [ 79.846, 15.9288 ], [ 79.7912, 15.9407 ], [ 79.7834, 15.9147 ], [ 79.7554, 15.8996 ], [ 79.7539, 15.871 ], [ 79.7469, 15.8592 ], [ 79.7542, 15.8474 ], [ 79.7727, 15.8421 ], [ 79.7709, 15.8252 ], [ 79.7621, 15.8235 ], [ 79.7398, 15.8263 ], [ 79.7318, 15.8356 ], [ 79.7106, 15.8372 ], [ 79.7186, 15.8612 ], [ 79.7088, 15.8703 ], [ 79.6885, 15.8758 ], [ 79.6934, 15.8978 ], [ 79.6762, 15.9034 ], [ 79.6631, 15.9172 ], [ 79.6553, 15.9206 ], [ 79.6358, 15.907 ], [ 79.6116, 15.922 ], [ 79.6154, 15.9325 ], [ 79.5898, 15.9401 ], [ 79.5724, 15.9369 ], [ 79.5592, 15.9478 ], [ 79.5726, 16.0049 ], [ 79.563, 16.0121 ], [ 79.5637, 16.033 ], [ 79.5473, 16.0677 ], [ 79.5554, 16.1008 ], [ 79.5384, 16.1333 ], [ 79.5367, 16.1632 ], [ 79.5593, 16.1943 ], [ 79.5563, 16.2137 ], [ 79.5631, 16.2272 ], [ 79.5611, 16.2608 ], [ 79.5667, 16.2759 ], [ 79.55, 16.2843 ], [ 79.5363, 16.3058 ], [ 79.528, 16.2971 ], [ 79.4986, 16.2904 ], [ 79.4731, 16.2905 ], [ 79.4474, 16.3026 ], [ 79.3711, 16.2327 ], [ 79.326, 16.2283 ], [ 79.2963, 16.2146 ], [ 79.2593, 16.1934 ], [ 79.2498, 16.1795 ], [ 79.2221, 16.1629 ], [ 79.2156, 16.1813 ], [ 79.2151, 16.226 ], [ 79.2304, 16.2825 ], [ 79.2343, 16.3346 ], [ 79.2123, 16.3521 ], [ 79.2077, 16.3848 ], [ 79.2116, 16.4474 ], [ 79.2334, 16.4592 ], [ 79.215, 16.4821 ], [ 79.2192, 16.5104 ], [ 79.2272, 16.5238 ], [ 79.2448, 16.5318 ], [ 79.2591, 16.5669 ], [ 79.291, 16.5616 ], [ 79.3082, 16.5741 ], [ 79.3401, 16.5826 ], [ 79.4186, 16.5802 ], [ 79.4331, 16.5907 ], [ 79.4391, 16.6129 ], [ 79.4472, 16.6197 ], [ 79.4833, 16.6231 ], [ 79.5038, 16.6359 ], [ 79.5421, 16.6322 ], [ 79.5756, 16.6498 ], [ 79.5989, 16.6732 ], [ 79.6331, 16.6604 ], [ 79.6622, 16.6866 ], [ 79.6815, 16.6944 ], [ 79.7229, 16.6903 ], [ 79.7446, 16.7191 ], [ 79.7728, 16.7306 ], [ 79.7886, 16.729 ], [ 79.8173, 16.6919 ], [ 79.8511, 16.7058 ], [ 79.8775, 16.6973 ], [ 79.8859, 16.6861 ], [ 79.8929, 16.6518 ], [ 79.9065, 16.6363 ], [ 79.9305, 16.6313 ], [ 79.9475, 16.635 ], [ 79.9657, 16.6461 ], [ 79.9974, 16.7021 ], [ 80.03, 16.7144 ], [ 80.055, 16.7446 ], [ 80.0539, 16.7654 ], [ 80.0665, 16.7864 ], [ 80.0733, 16.8172 ], [ 80.1146, 16.8215 ], [ 80.1304, 16.7966 ], [ 80.1329, 16.7664 ], [ 80.1477, 16.724 ], [ 80.1408, 16.708 ], [ 80.1493, 16.6883 ], [ 80.1359, 16.6667 ], [ 80.1416, 16.6509 ], [ 80.1694, 16.6408 ], [ 80.1839, 16.6418 ], [ 80.2529, 16.6106 ], [ 80.3311, 16.6114 ], [ 80.3675, 16.5875 ], [ 80.4807, 16.586 ], [ 80.5288, 16.5626 ], [ 80.5546, 16.5415 ], [ 80.5552, 16.5328 ], [ 80.636, 16.4904 ], [ 80.6696, 16.4665 ], [ 80.663, 16.4496 ], [ 80.6661, 16.4406 ], [ 80.6747, 16.4424 ], [ 80.6742, 16.4245 ], [ 80.7256, 16.3805 ], [ 80.7485, 16.3297 ], [ 80.7853, 16.2892 ], [ 80.7989, 16.2827 ], [ 80.8026, 16.2409 ], [ 80.8174, 16.2408 ], [ 80.8203, 16.2179 ], [ 80.8412, 16.2155 ], [ 80.8282, 16.1989 ], [ 80.8635, 16.1326 ], [ 80.8551, 16.1036 ], [ 80.8678, 16.1054 ], [ 80.8663, 16.091 ], [ 80.8755, 16.0796 ], [ 80.8715, 16.0683 ], [ 80.8808, 16.0684 ], [ 80.8768, 16.0528 ], [ 80.8914, 16.0008 ], [ 80.8902, 15.9608 ], [ 80.8967, 15.965 ], [ 80.8981, 15.9538 ], [ 80.8949, 15.9227 ], [ 80.9032, 15.917 ], [ 80.8972, 15.8883 ], [ 80.8863, 15.8561 ], [ 80.8808, 15.8569 ], [ 80.8727, 15.846 ], [ 80.8617, 15.8091 ], [ 80.8415, 15.7718 ], [ 80.8322, 15.7418 ], [ 80.831, 15.7065 ], [ 80.829, 15.7094 ], [ 80.8252, 15.708 ], [ 80.8157, 15.7134 ], [ 80.8095, 15.7222 ], [ 80.8092, 15.735 ], [ 80.7978, 15.7427 ], [ 80.7902, 15.7527 ], [ 80.788, 15.7598 ], [ 80.7877, 15.7643 ], [ 80.7909, 15.7707 ], [ 80.7995, 15.7769 ], [ 80.7904, 15.7687 ], [ 80.7912, 15.7536 ], [ 80.8102, 15.7353 ], [ 80.8114, 15.7271 ], [ 80.8167, 15.717 ], [ 80.8223, 15.7104 ], [ 80.8133, 15.7287 ], [ 80.8163, 15.7414 ], [ 80.8153, 15.7328 ], [ 80.8171, 15.7271 ], [ 80.8175, 15.7494 ], [ 80.8136, 15.7491 ], [ 80.8042, 15.7843 ], [ 80.7811, 15.8306 ], [ 80.7797, 15.8411 ], [ 80.8009, 15.8058 ], [ 80.8025, 15.8161 ], [ 80.8156, 15.8107 ], [ 80.8114, 15.8341 ], [ 80.7817, 15.8631 ], [ 80.7291, 15.8785 ], [ 80.6798, 15.8854 ], [ 80.6767, 15.8803 ], [ 80.5908, 15.867 ], [ 80.5365, 15.8523 ], [ 80.4183, 15.7971 ], [ 80.4173, 15.8074 ], [ 80.4476, 15.8228 ], [ 80.4538, 15.82 ], [ 80.4474, 15.8473 ], [ 80.4751, 15.8525 ], [ 80.4715, 15.8592 ], [ 80.4508, 15.857 ], [ 80.437, 15.8778 ], [ 80.4068, 15.8572 ], [ 80.3868, 15.8914 ], [ 80.3781, 15.8965 ], [ 80.3797, 15.9736 ], [ 80.3971, 15.9741 ], [ 80.4178, 15.9634 ], [ 80.4268, 15.9814 ], [ 80.4262, 15.9995 ], [ 80.3718, 16.013 ], [ 80.3586, 16.0268 ], [ 80.3455, 16.0286 ], [ 80.3355, 16.015 ], [ 80.3254, 16.0187 ], [ 80.328, 16.0249 ], [ 80.3138, 16.0288 ], [ 80.3185, 16.0446 ], [ 80.3019, 16.0554 ], [ 80.3009, 16.0497 ], [ 80.2625, 16.0533 ], [ 80.2611, 16.0457 ], [ 80.2401, 16.0522 ], [ 80.2373, 16.037 ], [ 80.2299, 16.0376 ], [ 80.23, 16.0319 ], [ 80.1901, 16.0384 ], [ 80.1874, 16.0253 ], [ 80.1816, 16.0266 ], [ 80.1823, 16.0344 ], [ 80.1548, 16.0414 ], [ 80.1553, 16.0456 ], [ 80.1373, 16.0455 ], [ 80.1331, 16.0197 ], [ 80.1398, 16.0166 ], [ 80.1398, 16.0156 ], [ 80.1206, 16.0205 ], [ 80.1001, 16.0112 ], [ 80.0918, 16.0129 ], [ 80.0826, 16.0629 ], [ 80.0708, 16.075 ], [ 80.0741, 16.092 ], [ 80.0679, 16.0946 ], [ 80.0475, 16.0852 ], [ 80.0406, 16.0923 ], [ 80.0517, 16.1294 ], [ 80.0434, 16.1298 ], [ 80.0269, 16.1158 ], [ 80.0127, 16.1167 ], [ 80.0006, 16.1399 ], [ 79.974, 16.1461 ], [ 79.9723, 16.1547 ], [ 79.9528, 16.1643 ], [ 79.9493, 16.1451 ], [ 79.9326, 16.1322 ], [ 79.9016, 16.1494 ], [ 79.8786, 16.1548 ], [ 79.8678, 16.1401 ], [ 79.8668, 16.1323 ], [ 79.8751, 16.1287 ], [ 79.8685, 16.0961 ], [ 79.8817, 16.0922 ], [ 79.885, 16.0857 ], [ 79.8952, 16.0872 ], [ 79.8955, 16.0769 ], [ 79.9158, 16.0747 ], [ 79.9206, 16.0625 ], [ 79.9174, 16.047 ], [ 79.88, 16.0387 ], [ 79.8665, 16.0215 ], [ 79.8629, 15.9932 ], [ 79.8792, 15.9993 ], [ 79.8904, 15.9945 ], [ 79.8906, 15.9874 ], [ 79.9026, 15.9832 ], [ 79.8986, 15.9707 ], [ 79.9123, 15.9669 ], [ 79.9032, 15.9424 ], [ 79.8968, 15.9467 ], [ 79.8941, 15.9393 ], [ 79.88, 15.9402 ], [ 79.878, 15.9247 ] ] ] } },
{ "type": "Feature", "properties": { "district": "Krishna", "did": "andhra_pradesh:Krishna", "state_key": "andhra_pradesh" }, "geometry": { "type": "Polygon", "coordinates": [ [ [ 81.0034, 15.8342 ], [ 81.0206, 15.793 ], [ 81.0113, 15.8015 ], [ 81.0072, 15.7901 ], [ 81.0145, 15.7713 ], [ 81.0119, 15.766 ], [ 80.9985, 15.7697 ], [ 80.9993, 15.7589 ], [ 81.0048, 15.7568 ], [ 81.0095, 15.7618 ], [ 81.0078, 15.7523 ], [ 80.9715, 15.7327 ], [ 80.9624, 15.7336 ], [ 80.9621, 15.7271 ], [ 80.9372, 15.7144 ], [ 80.932, 15.7237 ], [ 80.9257, 15.7187 ], [ 80.8696, 15.7089 ], [ 80.8305, 15.706 ], [ 80.8387, 15.7642 ], [ 80.8727, 15.846 ], [ 80.8808, 15.8569 ], [ 80.8863, 15.8561 ], [ 80.9032, 15.917 ], [ 80.8949, 15.9227 ], [ 80.8981, 15.9538 ], [ 80.8967, 15.965 ], [ 80.8902, 15.9608 ], [ 80.8914, 16.0008 ], [ 80.8768, 16.0528 ], [ 80.881, 16.0674 ], [ 80.8715, 16.0683 ], [ 80.8755, 16.0796 ], [ 80.8663, 16.091 ], [ 80.8678, 16.1054 ], [ 80.8551, 16.1036 ], [ 80.8635, 16.1326 ], [ 80.8282, 16.1989 ], [ 80.8412, 16.2155 ], [ 80.8203, 16.2179 ], [ 80.8174, 16.2408 ], [ 80.8026, 16.2409 ], [ 80.7989, 16.2827 ], [ 80.7853, 16.2892 ], [ 80.7485, 16.3297 ], [ 80.7256, 16.3805 ], [ 80.6742, 16.4245 ], [ 80.6747, 16.4424 ], [ 80.6661, 16.4406 ], [ 80.663, 16.4496 ], [ 80.6705, 16.4653 ], [ 80.636, 16.4904 ], [ 80.5552, 16.5328 ], [ 80.5546, 16.5415 ], [ 80.5288, 16.5626 ], [ 80.4807, 16.586 ], [ 80.3675, 16.5875 ], [ 80.3311, 16.6114 ], [ 80.2529, 16.6106 ], [ 80.1839, 16.6418 ], [ 80.1694, 16.6408 ], [ 80.1416, 16.6509 ], [ 80.1359, 16.6667 ], [ 80.1493, 16.6883 ], [ 80.1408, 16.708 ], [ 80.1477, 16.724 ], [ 80.1329, 16.7664 ], [ 80.1304, 16.7966 ], [ 80.1173, 16.8196 ], [ 80.1014, 16.8222 ], [ 80.072, 16.8171 ], [ 80.0478, 16.8337 ], [ 80.0468, 16.8533 ], [ 80.017, 16.8542 ], [ 79.9988, 16.8652 ], [ 80.0174, 16.915 ], [ 80.0396, 16.9171 ], [ 80.0504, 16.936 ], [ 80.0554, 16.9714 ], [ 80.0916, 16.9683 ], [ 80.0952, 16.9907 ], [ 80.1096, 16.9872 ], [ 80.1402, 16.9906 ], [ 80.1534, 17.0069 ], [ 80.1678, 17.0056 ], [ 80.1702, 17.0168 ], [ 80.1873, 17.02 ], [ 80.1965, 17.044 ], [ 80.2041, 17.0383 ], [ 80.2021, 17.017 ], [ 80.2114, 17.0103 ], [ 80.2229, 17.0078 ], [ 80.2262, 17.0153 ], [ 80.2404, 17.0021 ], [ 80.2649, 16.9972 ], [ 80.2827, 17.0077 ], [ 80.2936, 16.9963 ], [ 80.2903, 16.9811 ], [ 80.3066, 16.9738 ], [ 80.305, 16.9537 ], [ 80.3165, 16.9484 ], [ 80.3116, 16.9167 ], [ 80.3238, 16.9064 ], [ 80.3217, 16.8796 ], [ 80.344, 16.8744 ], [ 80.3409, 16.8597 ], [ 80.3741, 16.8524 ], [ 80.3734, 16.8395 ], [ 80.3796, 16.8411 ], [ 80.3737, 16.8282 ], [ 80.3804, 16.8174 ], [ 80.386, 16.8162 ], [ 80.3861, 16.8249 ], [ 80.4042, 16.832 ], [ 80.4078, 16.8482 ], [ 80.3786, 16.8518 ], [ 80.3832, 16.8653 ], [ 80.4277, 16.8498 ], [ 80.4286, 16.8381 ], [ 80.4642, 16.82 ], [ 80.4645, 16.7954 ], [ 80.4863, 16.7911 ], [ 80.5044, 16.7787 ], [ 80.5516, 16.775 ], [ 80.5702, 16.768 ], [ 80.5971, 16.7922 ], [ 80.613, 16.7935 ], [ 80.5944, 16.8028 ], [ 80.5628, 16.8328 ], [ 80.5701, 16.8485 ], [ 80.5683, 16.8694 ], [ 80.5776, 16.879 ], [ 80.5959, 16.8846 ], [ 80.5948, 16.8989 ], [ 80.5871, 16.9042 ], [ 80.6019, 16.9186 ], [ 80.5735, 16.9413 ], [ 80.5347, 16.9614 ], [ 80.5261, 16.9479 ], [ 80.4992, 16.9563 ], [ 80.4934, 16.9274 ], [ 80.4497, 16.9548 ], [ 80.3634, 16.9761 ], [ 80.3879, 17.0093 ], [ 80.407, 17.0158 ], [ 80.4074, 17.0256 ], [ 80.3958, 17.0357 ], [ 80.3985, 17.0526 ], [ 80.3857, 17.0679 ], [ 80.409, 17.0915 ], [ 80.419, 17.0923 ], [ 80.417, 17.0736 ], [ 80.4386, 17.0376 ], [ 80.4649, 17.03 ], [ 80.4714, 17.0504 ], [ 80.4909, 17.051 ], [ 80.5054, 17.0685 ], [ 80.5101, 17.0869 ], [ 80.504, 17.0926 ], [ 80.5141, 17.1221 ], [ 80.5276, 17.1189 ], [ 80.5543, 17.1336 ], [ 80.5632, 17.1331 ], [ 80.58, 17.1531 ], [ 80.6183, 17.1284 ], [ 80.6455, 17.1235 ], [ 80.642, 17.1159 ], [ 80.6706, 17.1012 ], [ 80.6571, 17.0896 ], [ 80.6499, 17.0714 ], [ 80.6559, 17.068 ], [ 80.6735, 17.0666 ], [ 80.6935, 17.0736 ], [ 80.6994, 17.0838 ], [ 80.7389, 17.0796 ], [ 80.765, 17.0666 ], [ 80.8288, 17.0528 ], [ 80.8453, 17.04 ], [ 80.8751, 17.0709 ], [ 80.8966, 17.0642 ], [ 80.9063, 17.0697 ], [ 80.9185, 17.0644 ], [ 80.928, 17.0712 ], [ 80.9426, 17.0673 ], [ 80.9585, 17.0514 ], [ 80.9641, 17.032 ], [ 80.9522, 16.9914 ], [ 80.9364, 16.9827 ], [ 80.9351, 16.9586 ], [ 80.9562, 16.9357 ], [ 80.961, 16.9118 ], [ 80.9749, 16.8954 ], [ 80.9979, 16.8374 ], [ 80.9962, 16.8277 ], [ 81.0164, 16.8211 ], [ 81.0247, 16.8075 ], [ 81.0369, 16.8077 ], [ 81.0428, 16.7852 ], [ 81.0272, 16.7762 ], [ 81.0173, 16.7767 ], [ 81.0008, 16.7522 ], [ 80.9933, 16.7271 ], [ 80.9894, 16.7217 ], [ 80.9815, 16.7232 ], [ 80.9899, 16.6813 ], [ 81.0074, 16.6721 ], [ 80.9987, 16.6646 ], [ 81.0186, 16.6501 ], [ 81.0088, 16.6338 ], [ 80.9955, 16.6355 ], [ 80.976, 16.665 ], [ 80.9544, 16.6714 ], [ 80.9695, 16.6464 ], [ 80.973, 16.6262 ], [ 81.0064, 16.5861 ], [ 81.0115, 16.5601 ], [ 81.0186, 16.5617 ], [ 81.0225, 16.5567 ], [ 81.0485, 16.5697 ], [ 81.0788, 16.5748 ], [ 81.0949, 16.5873 ], [ 81.0869, 16.5923 ], [ 81.0891, 16.6053 ], [ 81.1009, 16.6053 ], [ 81.1157, 16.5923 ], [ 81.1371, 16.6066 ], [ 81.1515, 16.5946 ], [ 81.1675, 16.6195 ], [ 81.189, 16.6212 ], [ 81.2365, 16.5698 ], [ 81.2421, 16.5759 ], [ 81.2376, 16.5923 ], [ 81.2654, 16.6065 ], [ 81.2797, 16.6566 ], [ 81.3074, 16.6925 ], [ 81.329, 16.6889 ], [ 81.3338, 16.6703 ], [ 81.3277, 16.6193 ], [ 81.3453, 16.6039 ], [ 81.3545, 16.6103 ], [ 81.3574, 16.5982 ], [ 81.3462, 16.5911 ], [ 81.3437, 16.5303 ], [ 81.339, 16.5129 ], [ 81.3326, 16.5104 ], [ 81.3384, 16.5049 ], [ 81.3629, 16.507 ], [ 81.3708, 16.4994 ], [ 81.369, 16.4754 ], [ 81.3786, 16.4671 ], [ 81.3732, 16.4587 ], [ 81.3885, 16.4461 ], [ 81.3844, 16.4433 ], [ 81.401, 16.4389 ], [ 81.3998, 16.4303 ], [ 81.4121, 16.4202 ], [ 81.4259, 16.419 ], [ 81.4364, 16.399 ], [ 81.4528, 16.4048 ], [ 81.47, 16.3982 ], [ 81.4948, 16.3699 ], [ 81.5128, 16.37 ], [ 81.5228, 16.3807 ], [ 81.5467, 16.378 ], [ 81.5526, 16.3474 ], [ 81.4872, 16.3551 ], [ 81.3938, 16.3425 ], [ 81.3243, 16.3141 ], [ 81.2651, 16.2781 ], [ 81.2462, 16.2589 ], [ 81.2138, 16.2072 ], [ 81.1914, 16.1028 ], [ 81.1455, 16.0129 ], [ 81.148, 15.9737 ], [ 81.1414, 15.9687 ], [ 81.1349, 15.9722 ], [ 81.1325, 15.9621 ], [ 81.0554, 15.8972 ], [ 81.0034, 15.8342 ] ] ] } },
{ "type": "Feature", "properties": { "district": "Kurnool", "did": "andhra_pradesh:Kurnool", "state_key": "andhra_pradesh" }, "geometry": { "type": "Polygon", "coordinates": [ [ [ 77.363, 15.2229 ], [ 77.3515, 15.1775 ], [ 77.3164, 15.1774 ], [ 77.31, 15.1544 ], [ 77.2998, 15.1541 ], [ 77.2918, 15.1309 ], [ 77.2711, 15.1307 ], [ 77.2641, 15.1427 ], [ 77.2298, 15.1438 ], [ 77.2133, 15.1516 ], [ 77.2215, 15.1763 ], [ 77.2082, 15.1882 ], [ 77.2196, 15.2183 ], [ 77.23, 15.2178 ], [ 77.2322, 15.2455 ], [ 77.2085, 15.2469 ], [ 77.2123, 15.2859 ], [ 77.1958, 15.286 ], [ 77.205, 15.3091 ], [ 77.2028, 15.3312 ], [ 77.1816, 15.3387 ], [ 77.1829, 15.3461 ], [ 77.163, 15.3571 ], [ 77.1787, 15.4037 ], [ 77.1741, 15.4012 ], [ 77.1659, 15.4086 ], [ 77.1573, 15.4052 ], [ 77.155, 15.414 ], [ 77.1305, 15.4264 ], [ 77.1049, 15.413 ], [ 77.0643, 15.4056 ], [ 77.0666, 15.4164 ], [ 77.0338, 15.4189 ], [ 77.0322, 15.4349 ], [ 77.0086, 15.4513 ], [ 76.9963, 15.4791 ], [ 76.9762, 15.4912 ], [ 76.9745, 15.5105 ], [ 77.03, 15.5026 ], [ 77.0304, 15.6345 ], [ 77.0717, 15.6467 ], [ 77.0832, 15.6591 ], [ 77.1014, 15.6485 ], [ 77.1062, 15.6374 ], [ 77.1214, 15.6311 ], [ 77.1289, 15.6659 ], [ 77.1201, 15.6676 ], [ 77.1092, 15.6815 ], [ 77.0787, 15.6951 ], [ 77.0874, 15.7155 ], [ 77.0789, 15.7163 ], [ 77.0797, 15.7275 ], [ 77.0491, 15.7303 ], [ 77.0459, 15.7404 ], [ 77.048, 15.7562 ], [ 77.0543, 15.7562 ], [ 77.0565, 15.7628 ], [ 77.0523, 15.7699 ], [ 77.0569, 15.7687 ], [ 77.0609, 15.7863 ], [ 77.0672, 15.7877 ], [ 77.0652, 15.8282 ], [ 77.0426, 15.8288 ], [ 77.0407, 15.8327 ], [ 77.0359, 15.8296 ], [ 77.0252, 15.8375 ], [ 77.0337, 15.8589 ], [ 77.0559, 15.8815 ], [ 77.071, 15.9088 ], [ 77.0846, 15.9186 ], [ 77.1373, 15.9382 ], [ 77.1551, 15.95 ], [ 77.1741, 15.9508 ], [ 77.1853, 15.9567 ], [ 77.2355, 15.9571 ], [ 77.2489, 15.9646 ], [ 77.2847, 15.9538 ], [ 77.3011, 15.958 ], [ 77.3241, 15.9502 ], [ 77.3612, 15.9494 ], [ 77.3795, 15.9398 ], [ 77.3977, 15.9445 ], [ 77.4143, 15.942 ], [ 77.4296, 15.9491 ], [ 77.466, 15.9345 ], [ 77.4987, 15.9332 ], [ 77.549, 15.9191 ], [ 77.5808, 15.9185 ], [ 77.595, 15.9118 ], [ 77.6114, 15.9179 ], [ 77.6365, 15.8961 ], [ 77.6592, 15.8855 ], [ 77.6927, 15.8833 ], [ 77.7241, 15.8958 ], [ 77.744, 15.8861 ], [ 77.7669, 15.8861 ], [ 77.7824, 15.8762 ], [ 77.8035, 15.8741 ], [ 77.8387, 15.8851 ], [ 77.8585, 15.8837 ], [ 77.8782, 15.9052 ], [ 77.888, 15.9061 ], [ 77.937, 15.8835 ], [ 77.9753, 15.8833 ], [ 78.0089, 15.8618 ], [ 78.0319, 15.9073 ], [ 78.0449, 15.9041 ], [ 78.0468, 15.8749 ], [ 78.0562, 15.8746 ], [ 78.0558, 15.8663 ], [ 78.0715, 15.8617 ], [ 78.0714, 15.8504 ], [ 78.0849, 15.8451 ], [ 78.0836, 15.8409 ], [ 78.0988, 15.836 ], [ 78.134, 15.8363 ], [ 78.1301, 15.8507 ], [ 78.1355, 15.8547 ], [ 78.1753, 15.8581 ], [ 78.1767, 15.8768 ], [ 78.1899, 15.8923 ], [ 78.1794, 15.9019 ], [ 78.1844, 15.9098 ], [ 78.2321, 15.924 ], [ 78.2516, 15.9352 ], [ 78.2514, 15.9779 ], [ 78.26, 15.9971 ], [ 78.2555, 16.0129 ], [ 78.2624, 16.0267 ], [ 78.2813, 16.0228 ], [ 78.2994, 16.0115 ], [ 78.3123, 16.0115 ], [ 78.3219, 16.0171 ], [ 78.3266, 16.0367 ], [ 78.3477, 16.0475 ], [ 78.3654, 16.0468 ], [ 78.3844, 16.0646 ], [ 78.3967, 16.0657 ], [ 78.4101, 16.0751 ], [ 78.4766, 16.0681 ], [ 78.5518, 16.0428 ], [ 78.5869, 16.0634 ], [ 78.6016, 16.0839 ], [ 78.621, 16.088 ], [ 78.6502, 16.0788 ], [ 78.6812, 16.0348 ], [ 78.7236, 16.0201 ], [ 78.7409, 16.0087 ], [ 78.751, 16.0157 ], [ 78.7907, 16.0236 ], [ 78.8371, 16.0704 ], [ 78.8426, 16.0902 ], [ 78.8347, 16.1452 ], [ 78.8547, 16.1488 ], [ 78.8729, 16.1433 ], [ 78.8895, 16.0847 ], [ 78.9213, 16.1028 ], [ 78.9226, 16.1266 ], [ 78.931, 16.0926 ], [ 78.9108, 15.9676 ], [ 78.8363, 15.9057 ], [ 78.8094, 15.8657 ], [ 78.7714, 15.6644 ], [ 78.7767, 15.5333 ], [ 78.7713, 15.4198 ], [ 78.7365, 15.3262 ], [ 78.7369, 15.1998 ], [ 78.7422, 15.1816 ], [ 78.7583, 15.1847 ], [ 78.75, 15.1344 ], [ 78.7619, 15.0561 ], [ 78.7522, 15.0367 ], [ 78.7154, 15.001 ], [ 78.718, 14.9686 ], [ 78.6916, 14.968 ], [ 78.6845, 14.9385 ], [ 78.63, 14.9255 ], [ 78.6303, 14.9443 ], [ 78.6013, 14.9543 ], [ 78.5918, 14.939 ], [ 78.582, 14.9459 ], [ 78.5625, 14.9308 ], [ 78.5531, 14.9303 ], [ 78.5468, 14.9327 ], [ 78.5514, 14.9613 ], [ 78.5401, 14.9649 ], [ 78.5195, 14.9537 ], [ 78.5196, 14.943 ], [ 78.4852, 14.9004 ], [ 78.4772, 14.9022 ], [ 78.4982, 14.9555 ], [ 78.5048, 14.9545 ], [ 78.5166, 14.9966 ], [ 78.5083, 15.0049 ], [ 78.5153, 15.0134 ], [ 78.5155, 15.0604 ], [ 78.5055, 15.0697 ], [ 78.487, 15.072 ], [ 78.4815, 15.0711 ], [ 78.4812, 15.0631 ], [ 78.4738, 15.0627 ], [ 78.4812, 15.0503 ], [ 78.4874, 15.05 ], [ 78.4852, 15.0366 ], [ 78.4824, 15.0429 ], [ 78.4742, 15.0353 ], [ 78.4616, 15.039 ], [ 78.4572, 15.0307 ], [ 78.4386, 15.0367 ], [ 78.4361, 15.0322 ], [ 78.4193, 15.0314 ], [ 78.4096, 14.9726 ], [ 78.3872, 14.9694 ], [ 78.3592, 14.9855 ], [ 78.3427, 15.0028 ], [ 78.3531, 15.0309 ], [ 78.3696, 15.026 ], [ 78.3755, 15.036 ], [ 78.3998, 15.0486 ], [ 78.378, 15.0563 ], [ 78.3827, 15.0692 ], [ 78.371, 15.0716 ], [ 78.3636, 15.0519 ], [ 78.3533, 15.0544 ], [ 78.3545, 15.0618 ], [ 78.3327, 15.0663 ], [ 78.3252, 15.0732 ], [ 78.3137, 15.0687 ], [ 78.2928, 15.0732 ], [ 78.275, 15.058 ], [ 78.2837, 15.031 ], [ 78.26, 15.0265 ], [ 78.2438, 14.9992 ], [ 78.2358, 15.0032 ], [ 78.2203, 14.9551 ], [ 78.2105, 14.952 ], [ 78.1799, 14.9642 ], [ 78.1677, 14.9639 ], [ 78.1533, 14.9596 ], [ 78.1513, 14.9486 ], [ 78.1369, 14.9477 ], [ 78.1338, 14.9612 ], [ 78.0873, 14.9722 ], [ 78.0885, 14.9822 ], [ 78.0599, 15.003 ], [ 78.0547, 14.9921 ], [ 78.0339, 14.9995 ], [ 78.0266, 15.0164 ], [ 78.0113, 15.027 ], [ 78.0106, 15.0508 ], [ 77.9951, 15.0639 ], [ 77.9976, 15.0813 ], [ 78.0057, 15.0818 ], [ 78.0141, 15.1119 ], [ 77.9932, 15.1331 ], [ 77.9744, 15.1389 ], [ 77.9613, 15.1086 ], [ 77.9327, 15.1124 ], [ 77.9063, 15.1226 ], [ 77.9071, 15.1306 ], [ 77.915, 15.1289 ], [ 77.9094, 15.1395 ], [ 77.9244, 15.1483 ], [ 77.9193, 15.174 ], [ 77.8846, 15.1786 ], [ 77.8754, 15.1352 ], [ 77.8544, 15.1351 ], [ 77.8427, 15.1296 ], [ 77.8388, 15.1449 ], [ 77.8157, 15.1429 ], [ 77.8112, 15.1286 ], [ 77.7963, 15.1189 ], [ 77.7917, 15.1061 ], [ 77.7847, 15.113 ], [ 77.7708, 15.1139 ], [ 77.774, 15.1242 ], [ 77.748, 15.1304 ], [ 77.7466, 15.141 ], [ 77.7298, 15.1518 ], [ 77.7333, 15.1686 ], [ 77.7165, 15.1724 ], [ 77.7117, 15.1867 ], [ 77.7026, 15.1801 ], [ 77.693, 15.184 ], [ 77.6978, 15.2058 ], [ 77.68, 15.2159 ], [ 77.67, 15.2327 ], [ 77.6515, 15.2326 ], [ 77.6497, 15.225 ], [ 77.6371, 15.2211 ], [ 77.6344, 15.2066 ], [ 77.6155, 15.2065 ], [ 77.6114, 15.1835 ], [ 77.5822, 15.1879 ], [ 77.5755, 15.1994 ], [ 77.5416, 15.2089 ], [ 77.527, 15.224 ], [ 77.5016, 15.2214 ], [ 77.481, 15.2079 ], [ 77.4511, 15.2218 ], [ 77.4464, 15.2135 ], [ 77.4502, 15.205 ], [ 77.4341, 15.2102 ], [ 77.433, 15.2204 ], [ 77.4267, 15.2229 ], [ 77.4089, 15.2254 ], [ 77.4031, 15.2192 ], [ 77.363, 15.2229 ] ] ] } },
{ "type": "Feature", "properties": { "district": "Potti Sriramulu Nellore", "did": "andhra_pradesh:Potti Sriramulu Nellore", "state_key": "andhra_pradesh" }, "geometry": { "type": "Polygon", "coordinates": [ [ [ 79.6694, 13.8847 ], [ 79.6746, 13.8711 ], [ 79.6689, 13.8359 ], [ 79.6283, 13.844 ], [ 79.6072, 13.8535 ], [ 79.6193, 13.8632 ], [ 79.624, 13.8806 ], [ 79.62, 13.8855 ], [ 79.595, 13.8889 ], [ 79.5928, 13.9229 ], [ 79.5525, 13.9145 ], [ 79.478, 13.9131 ], [ 79.474, 13.8996 ], [ 79.4431, 13.8903 ], [ 79.4419, 13.905 ], [ 79.4552, 13.9234 ], [ 79.4588, 13.9464 ], [ 79.4499, 13.9712 ], [ 79.455, 13.9875 ], [ 79.4427, 13.9978 ], [ 79.4367, 14.0237 ], [ 79.4542, 14.1007 ], [ 79.4447, 14.1163 ], [ 79.4224, 14.206 ], [ 79.4354, 14.2431 ], [ 79.4196, 14.265 ], [ 79.4224, 14.2783 ], [ 79.3895, 14.3406 ], [ 79.366, 14.3513 ], [ 79.3642, 14.3784 ], [ 79.33, 14.4258 ], [ 79.3267, 14.4572 ], [ 79.3167, 14.4761 ], [ 79.3052, 14.4838 ], [ 79.2929, 14.4847 ], [ 79.2782, 14.5325 ], [ 79.2486, 14.5704 ], [ 79.2417, 14.593 ], [ 79.2294, 14.6023 ], [ 79.2197, 14.5879 ], [ 79.2004, 14.6136 ], [ 79.1889, 14.6162 ], [ 79.1816, 14.6435 ], [ 79.1873, 14.6588 ], [ 79.1791, 14.6635 ], [ 79.1823, 14.6681 ], [ 79.174, 14.6823 ], [ 79.1839, 14.6885 ], [ 79.1863, 14.7105 ], [ 79.1506, 14.7933 ], [ 79.1338, 14.8668 ], [ 79.1083, 14.8948 ], [ 79.1118, 14.8985 ], [ 79.1042, 14.8983 ], [ 79.1022, 14.9031 ], [ 79.0815, 14.9814 ], [ 79.0872, 15.0463 ], [ 79.0947, 15.0537 ], [ 79.1005, 15.0837 ], [ 79.1301, 15.0852 ], [ 79.1287, 15.0996 ], [ 79.1489, 15.0984 ], [ 79.165, 15.0898 ], [ 79.2147, 15.0855 ], [ 79.2487, 15.1051 ], [ 79.2606, 15.1066 ], [ 79.2659, 15.0967 ], [ 79.3037, 15.0955 ], [ 79.3095, 15.0934 ], [ 79.3074, 15.0872 ], [ 79.3276, 15.1146 ], [ 79.3358, 15.1166 ], [ 79.3375, 15.1039 ], [ 79.3341, 15.0967 ], [ 79.3288, 15.0996 ], [ 79.3283, 15.0905 ], [ 79.3443, 15.0852 ], [ 79.3523, 15.1166 ], [ 79.3601, 15.1113 ], [ 79.3575, 15.1025 ], [ 79.3679, 15.0851 ], [ 79.3876, 15.0851 ], [ 79.3928, 15.091 ], [ 79.3904, 15.0754 ], [ 79.4032, 15.0787 ], [ 79.4193, 15.0734 ], [ 79.417, 15.059 ], [ 79.4393, 15.0553 ], [ 79.4691, 15.0684 ], [ 79.4766, 15.0581 ], [ 79.5018, 15.0562 ], [ 79.5197, 15.037 ], [ 79.5299, 15.0378 ], [ 79.5441, 15.0251 ], [ 79.56, 15.0218 ], [ 79.5634, 15.0435 ], [ 79.5803, 15.0433 ], [ 79.5809, 15.0362 ], [ 79.609, 15.0401 ], [ 79.6229, 15.0327 ], [ 79.6654, 15.0378 ], [ 79.672, 15.0325 ], [ 79.6888, 15.0353 ], [ 79.7149, 15.0531 ], [ 79.7151, 15.044 ], [ 79.7341, 15.0307 ], [ 79.7526, 15.0534 ], [ 79.7599, 15.0531 ], [ 79.7783, 15.0668 ], [ 79.7972, 15.0553 ], [ 79.7929, 15.0387 ], [ 79.7818, 15.0291 ], [ 79.7936, 15.0205 ], [ 79.7795, 14.9811 ], [ 79.7901, 14.9819 ], [ 79.8425, 14.9655 ], [ 79.8658, 14.9638 ], [ 79.8736, 14.9877 ], [ 79.8885, 14.9892 ], [ 79.8933, 15.0041 ], [ 79.9165, 15.011 ], [ 79.9153, 15.0156 ], [ 79.9338, 15.0229 ], [ 79.9526, 15.0191 ], [ 79.9642, 15.0223 ], [ 79.9892, 14.9986 ], [ 80.0273, 14.9806 ], [ 80.0402, 15.0091 ], [ 80.0544, 15.0042 ], [ 80.068, 14.9304 ], [ 80.0844, 14.8832 ], [ 80.0998, 14.7732 ], [ 80.1134, 14.7379 ], [ 80.1421, 14.7035 ], [ 80.1712, 14.6117 ], [ 80.1955, 14.5858 ], [ 80.1773, 14.495 ], [ 80.1716, 14.3734 ], [ 80.1301, 14.2312 ], [ 80.1264, 14.1643 ], [ 80.1338, 14.0969 ], [ 80.1498, 14.0318 ], [ 80.2209, 13.875 ], [ 80.2531, 13.7859 ], [ 80.2375, 13.7239 ], [ 80.2336, 13.6584 ], [ 80.2426, 13.6164 ], [ 80.2685, 13.5645 ], [ 80.2418, 13.4706 ], [ 80.2259, 13.4851 ], [ 80.2138, 13.4861 ], [ 80.2146, 13.4903 ], [ 80.21, 13.4863 ], [ 80.1451, 13.4914 ], [ 80.1392, 13.5043 ], [ 80.1317, 13.5014 ], [ 80.1128, 13.5059 ], [ 80.1082, 13.4889 ], [ 80.1052, 13.4934 ], [ 80.1031, 13.4869 ], [ 80.0782, 13.4888 ], [ 80.0771, 13.5268 ], [ 80.0886, 13.5354 ], [ 80.0813, 13.5498 ], [ 80.0628, 13.5454 ], [ 80.0569, 13.5366 ], [ 80.0381, 13.539 ], [ 80.0394, 13.5555 ], [ 80.0512, 13.5582 ], [ 80.0474, 13.5726 ], [ 80.0221, 13.576 ], [ 80.0235, 13.5925 ], [ 80.017, 13.5945 ], [ 80.0169, 13.6036 ], [ 80.0044, 13.6172 ], [ 80.0001, 13.6433 ], [ 79.9929, 13.6478 ], [ 79.9754, 13.6435 ], [ 79.9649, 13.6503 ], [ 79.9574, 13.6665 ], [ 79.9721, 13.689 ], [ 79.9583, 13.699 ], [ 79.957, 13.7076 ], [ 79.8855, 13.7003 ], [ 79.87, 13.7064 ], [ 79.8633, 13.7194 ], [ 79.8673, 13.7349 ], [ 79.8582, 13.7396 ], [ 79.8608, 13.7562 ], [ 79.8505, 13.7601 ], [ 79.851, 13.7691 ], [ 79.8202, 13.7717 ], [ 79.8141, 13.7885 ], [ 79.8119, 13.7817 ], [ 79.7917, 13.7859 ], [ 79.7834, 13.783 ], [ 79.7764, 13.803 ], [ 79.7599, 13.7977 ], [ 79.7448, 13.8034 ], [ 79.7499, 13.81 ], [ 79.7419, 13.8169 ], [ 79.731, 13.8184 ], [ 79.7388, 13.8577 ], [ 79.7269, 13.8627 ], [ 79.7288, 13.9047 ], [ 79.6969, 13.9123 ], [ 79.682, 13.9258 ], [ 79.6694, 13.8847 ] ] ] } },
{ "type": "Feature", "properties": { "district": "Prakasam", "did": "andhra_pradesh:Prakasam", "state_key": "andhra_pradesh" }, "geometry": { "type": "Polygon", "coordinates": [ [ [ 79.609, 15.0401 ], [ 79.5809, 15.0362 ], [ 79.5803, 15.0433 ], [ 79.5634, 15.0435 ], [ 79.56, 15.0218 ], [ 79.5505, 15.0223 ], [ 79.5299, 15.0378 ], [ 79.5197, 15.037 ], [ 79.5018, 15.0562 ], [ 79.4766, 15.0581 ], [ 79.4691, 15.0684 ], [ 79.4393, 15.0553 ], [ 79.4235, 15.0566 ], [ 79.417, 15.059 ], [ 79.4193, 15.0734 ], [ 79.4032, 15.0787 ], [ 79.3904, 15.0754 ], [ 79.3928, 15.091 ], [ 79.3876, 15.0851 ], [ 79.3679, 15.0851 ], [ 79.3575, 15.1025 ], [ 79.3601, 15.1113 ], [ 79.3514, 15.1167 ], [ 79.3443, 15.0852 ], [ 79.3283, 15.0905 ], [ 79.3288, 15.0996 ], [ 79.3341, 15.0967 ], [ 79.3375, 15.1039 ], [ 79.3358, 15.1166 ], [ 79.3276, 15.1146 ], [ 79.3074, 15.0872 ], [ 79.3095, 15.0934 ], [ 79.3037, 15.0955 ], [ 79.2659, 15.0967 ], [ 79.2606, 15.1066 ], [ 79.2487, 15.1051 ], [ 79.2147, 15.0855 ], [ 79.165, 15.0898 ], [ 79.1489, 15.0984 ], [ 79.1287, 15.0996 ], [ 79.1301, 15.0852 ], [ 79.1005, 15.0837 ], [ 79.1013, 15.0723 ], [ 79.0892, 15.0482 ], [ 79.0721, 15.1429 ], [ 79.0734, 15.1651 ], [ 79.0832, 15.1735 ], [ 79.0202, 15.1796 ], [ 79.0115, 15.1755 ], [ 79.0101, 15.1675 ], [ 78.9814, 15.1646 ], [ 78.9722, 15.1683 ], [ 78.9574, 15.176 ], [ 78.9476, 15.2033 ], [ 78.9477, 15.2284 ], [ 78.927, 15.2285 ], [ 78.9194, 15.187 ], [ 78.8714, 15.1975 ], [ 78.7774, 15.1996 ], [ 78.7583, 15.1847 ], [ 78.7422, 15.1816 ], [ 78.7369, 15.1998 ], [ 78.7365, 15.3262 ], [ 78.7713, 15.4198 ], [ 78.7767, 15.5333 ], [ 78.7714, 15.6644 ], [ 78.8098, 15.8672 ], [ 78.8363, 15.9057 ], [ 78.9108, 15.9676 ], [ 78.931, 16.0926 ], [ 78.9239, 16.1374 ], [ 78.9049, 16.1829 ], [ 78.9603, 16.2091 ], [ 78.9857, 16.2107 ], [ 79.0101, 16.2404 ], [ 79.048, 16.2387 ], [ 79.0721, 16.2271 ], [ 79.0841, 16.2301 ], [ 79.1016, 16.2228 ], [ 79.1197, 16.2319 ], [ 79.1569, 16.2093 ], [ 79.2151, 16.226 ], [ 79.2156, 16.1813 ], [ 79.2221, 16.1629 ], [ 79.2498, 16.1795 ], [ 79.2593, 16.1934 ], [ 79.2963, 16.2146 ], [ 79.326, 16.2283 ], [ 79.3711, 16.2327 ], [ 79.4474, 16.3026 ], [ 79.4731, 16.2905 ], [ 79.4986, 16.2904 ], [ 79.528, 16.2971 ], [ 79.5363, 16.3058 ], [ 79.55, 16.2843 ], [ 79.5667, 16.2759 ], [ 79.5611, 16.2608 ], [ 79.5631, 16.2272 ], [ 79.5563, 16.2137 ], [ 79.5593, 16.1943 ], [ 79.5367, 16.1632 ], [ 79.5384, 16.1333 ], [ 79.5554, 16.1008 ], [ 79.5473, 16.0677 ], [ 79.5637, 16.033 ], [ 79.563, 16.0121 ], [ 79.5726, 16.0049 ], [ 79.5592, 15.9478 ], [ 79.5724, 15.9369 ], [ 79.5898, 15.9401 ], [ 79.6154, 15.9325 ], [ 79.6116, 15.922 ], [ 79.6358, 15.907 ], [ 79.6553, 15.9206 ], [ 79.6762, 15.9034 ], [ 79.6932, 15.898 ], [ 79.6885, 15.8758 ], [ 79.7143, 15.8674 ], [ 79.7198, 15.8588 ], [ 79.7106, 15.8372 ], [ 79.7318, 15.8356 ], [ 79.7435, 15.8253 ], [ 79.7709, 15.8252 ], [ 79.7727, 15.8421 ], [ 79.7542, 15.8474 ], [ 79.7469, 15.8592 ], [ 79.7539, 15.871 ], [ 79.7554, 15.8996 ], [ 79.7834, 15.9147 ], [ 79.7912, 15.9407 ], [ 79.846, 15.9288 ], [ 79.8472, 15.9225 ], [ 79.8696, 15.9161 ], [ 79.878, 15.9247 ], [ 79.88, 15.9402 ], [ 79.8941, 15.9393 ], [ 79.8968, 15.9467 ], [ 79.9033, 15.9425 ], [ 79.9123, 15.9669 ], [ 79.8986, 15.9707 ], [ 79.9026, 15.9832 ], [ 79.8796, 15.9993 ], [ 79.8629, 15.9932 ], [ 79.8698, 16.0303 ], [ 79.8807, 16.039 ], [ 79.9174, 16.047 ], [ 79.9205, 16.0606 ], [ 79.9158, 16.0747 ], [ 79.8955, 16.0769 ], [ 79.8952, 16.0872 ], [ 79.885, 16.0857 ], [ 79.8817, 16.0922 ], [ 79.8685, 16.0961 ], [ 79.8751, 16.1287 ], [ 79.866, 16.1347 ], [ 79.8786, 16.1548 ], [ 79.9016, 16.1494 ], [ 79.9326, 16.1322 ], [ 79.9493, 16.1451 ], [ 79.9528, 16.1643 ], [ 79.9723, 16.1547 ], [ 79.974, 16.1461 ], [ 80.0006, 16.1399 ], [ 80.0115, 16.1262 ], [ 80.0102, 16.119 ], [ 80.0206, 16.1145 ], [ 80.0503, 16.1306 ], [ 80.0406, 16.0923 ], [ 80.0475, 16.0852 ], [ 80.0679, 16.0946 ], [ 80.0741, 16.092 ], [ 80.0708, 16.075 ], [ 80.0826, 16.0629 ], [ 80.0862, 16.0207 ], [ 80.0971, 16.0111 ], [ 80.1206, 16.0205 ], [ 80.1398, 16.0156 ], [ 80.1331, 16.0197 ], [ 80.1373, 16.0455 ], [ 80.1553, 16.0456 ], [ 80.1548, 16.0414 ], [ 80.1823, 16.0344 ], [ 80.1816, 16.0266 ], [ 80.1874, 16.0253 ], [ 80.1901, 16.0384 ], [ 80.23, 16.0319 ], [ 80.2299, 16.0376 ], [ 80.2373, 16.037 ], [ 80.2401, 16.0522 ], [ 80.2611, 16.0457 ], [ 80.2625, 16.0533 ], [ 80.3009, 16.0497 ], [ 80.3019, 16.0554 ], [ 80.3185, 16.0446 ], [ 80.3138, 16.0288 ], [ 80.328, 16.0249 ], [ 80.3254, 16.0187 ], [ 80.3355, 16.015 ], [ 80.3455, 16.0286 ], [ 80.3586, 16.0268 ], [ 80.3718, 16.013 ], [ 80.4262, 15.9995 ], [ 80.4268, 15.9814 ], [ 80.4178, 15.9634 ], [ 80.3971, 15.9741 ], [ 80.3797, 15.9736 ], [ 80.3781, 15.8965 ], [ 80.3868, 15.8914 ], [ 80.4068, 15.8572 ], [ 80.437, 15.8778 ], [ 80.4508, 15.857 ], [ 80.4715, 15.8592 ], [ 80.4751, 15.8525 ], [ 80.4474, 15.8473 ], [ 80.4538, 15.82 ], [ 80.4476, 15.8228 ], [ 80.4173, 15.8074 ], [ 80.4182, 15.7975 ], [ 80.3619, 15.7634 ], [ 80.3107, 15.718 ], [ 80.2822, 15.6853 ], [ 80.2491, 15.628 ], [ 80.2431, 15.6301 ], [ 80.2479, 15.6258 ], [ 80.2397, 15.6216 ], [ 80.245, 15.6203 ], [ 80.2372, 15.6007 ], [ 80.2291, 15.6042 ], [ 80.2206, 15.6009 ], [ 80.2347, 15.5991 ], [ 80.2241, 15.595 ], [ 80.2225, 15.5826 ], [ 80.2255, 15.5931 ], [ 80.2266, 15.5892 ], [ 80.2269, 15.5932 ], [ 80.2351, 15.5912 ], [ 80.2247, 15.5683 ], [ 80.229, 15.5689 ], [ 80.2279, 15.5468 ], [ 80.2197, 15.5383 ], [ 80.2257, 15.54 ], [ 80.2249, 15.5337 ], [ 80.2185, 15.5233 ], [ 80.214, 15.5262 ], [ 80.2153, 15.5157 ], [ 80.211, 15.512 ], [ 80.2021, 15.5154 ], [ 80.2096, 15.5115 ], [ 80.1942, 15.505 ], [ 80.2031, 15.5061 ], [ 80.1988, 15.4931 ], [ 80.2104, 15.4938 ], [ 80.2079, 15.4802 ], [ 80.1218, 15.3679 ], [ 80.0847, 15.2833 ], [ 80.0824, 15.2527 ], [ 80.0881, 15.2387 ], [ 80.0817, 15.2492 ], [ 80.0807, 15.241 ], [ 80.0875, 15.2245 ], [ 80.0834, 15.2224 ], [ 80.0884, 15.2239 ], [ 80.0889, 15.2357 ], [ 80.089, 15.2119 ], [ 80.0836, 15.1911 ], [ 80.0709, 15.1826 ], [ 80.0797, 15.1811 ], [ 80.0629, 15.1456 ], [ 80.0471, 15.0834 ], [ 80.0544, 15.0042 ], [ 80.0402, 15.0091 ], [ 80.0273, 14.9806 ], [ 79.9892, 14.9986 ], [ 79.9642, 15.0223 ], [ 79.9526, 15.0191 ], [ 79.9338, 15.0229 ], [ 79.9153, 15.0156 ], [ 79.9165, 15.011 ], [ 79.8933, 15.0041 ], [ 79.8885, 14.9892 ], [ 79.8736, 14.9877 ], [ 79.8658, 14.9638 ], [ 79.8567, 14.9642 ], [ 79.7795, 14.9811 ], [ 79.7936, 15.0205 ], [ 79.7818, 15.0291 ], [ 79.7929, 15.0387 ], [ 79.7972, 15.0553 ], [ 79.7783, 15.0668 ], [ 79.7599, 15.0531 ], [ 79.7526, 15.0534 ], [ 79.7341, 15.0307 ], [ 79.7151, 15.044 ], [ 79.7149, 15.0531 ], [ 79.6888, 15.0353 ], [ 79.6292, 15.0342 ], [ 79.609, 15.0401 ] ] ] } },
{ "type": "Feature", "properties": { "district": "Srikakulam", "did": "andhra_pradesh:Srikakulam", "state_key": "andhra_pradesh" }, "geometry": { "type": "Polygon", "coordinates": [ [ [ 83.7302, 18.1187 ], [ 83.6634, 18.0778 ], [ 83.6633, 18.0869 ], [ 83.6448, 18.1063 ], [ 83.6348, 18.1056 ], [ 83.6222, 18.1142 ], [ 83.624, 18.1293 ], [ 83.6074, 18.1433 ], [ 83.6024, 18.1604 ], [ 83.603, 18.1647 ], [ 83.6117, 18.1653 ], [ 83.614, 18.1792 ], [ 83.61, 18.1927 ], [ 83.6031, 18.1933 ], [ 83.6088, 18.2029 ], [ 83.6036, 18.2067 ], [ 83.6087, 18.2133 ], [ 83.6255, 18.2123 ], [ 83.636, 18.2197 ], [ 83.6527, 18.2072 ], [ 83.6674, 18.233 ], [ 83.6678, 18.2689 ], [ 83.6743, 18.2828 ], [ 83.7033, 18.2895 ], [ 83.71, 18.2957 ], [ 83.6796, 18.3135 ], [ 83.672, 18.3111 ], [ 83.6664, 18.3171 ], [ 83.6589, 18.3164 ], [ 83.6571, 18.3225 ], [ 83.6279, 18.3219 ], [ 83.6244, 18.3336 ], [ 83.6061, 18.3283 ], [ 83.6115, 18.3362 ], [ 83.5857, 18.3544 ], [ 83.5898, 18.365 ], [ 83.6003, 18.3672 ], [ 83.5957, 18.3721 ], [ 83.6032, 18.375 ], [ 83.6074, 18.3897 ], [ 83.5968, 18.4082 ], [ 83.5814, 18.4092 ], [ 83.5747, 18.4148 ], [ 83.5747, 18.4264 ], [ 83.5792, 18.4301 ], [ 83.5919, 18.4274 ], [ 83.5958, 18.4344 ], [ 83.5829, 18.4473 ], [ 83.588, 18.4596 ], [ 83.605, 18.4603 ], [ 83.6157, 18.4539 ], [ 83.6143, 18.4663 ], [ 83.5973, 18.4768 ], [ 83.5963, 18.4884 ], [ 83.5801, 18.492 ], [ 83.5811, 18.4996 ], [ 83.5903, 18.509 ], [ 83.6195, 18.5054 ], [ 83.6278, 18.5107 ], [ 83.6312, 18.5596 ], [ 83.5856, 18.5633 ], [ 83.5765, 18.5687 ], [ 83.5607, 18.5613 ], [ 83.5586, 18.5377 ], [ 83.551, 18.5366 ], [ 83.5396, 18.5408 ], [ 83.5384, 18.5512 ], [ 83.5266, 18.5523 ], [ 83.5331, 18.5662 ], [ 83.5382, 18.5633 ], [ 83.5443, 18.5833 ], [ 83.5506, 18.5803 ], [ 83.5707, 18.5924 ], [ 83.5492, 18.5958 ], [ 83.548, 18.6252 ], [ 83.556, 18.6381 ], [ 83.55, 18.6487 ], [ 83.5614, 18.667 ], [ 83.5536, 18.6826 ], [ 83.5408, 18.6887 ], [ 83.5383, 18.7104 ], [ 83.5476, 18.711 ], [ 83.5485, 18.7235 ], [ 83.5677, 18.7295 ], [ 83.5685, 18.7372 ], [ 83.5899, 18.7386 ], [ 83.5863, 18.7537 ], [ 83.6073, 18.7537 ], [ 83.6167, 18.7671 ], [ 83.6559, 18.7779 ], [ 83.6647, 18.7861 ], [ 83.6626, 18.7931 ], [ 83.6738, 18.7922 ], [ 83.6885, 18.8065 ], [ 83.6931, 18.7973 ], [ 83.7047, 18.7976 ], [ 83.7114, 18.7883 ], [ 83.7343, 18.7798 ], [ 83.7387, 18.7717 ], [ 83.7521, 18.788 ], [ 83.7463, 18.8027 ], [ 83.754, 18.8172 ], [ 83.7467, 18.8243 ], [ 83.7543, 18.8274 ], [ 83.774, 18.8205 ], [ 83.784, 18.8267 ], [ 83.8045, 18.8259 ], [ 83.8127, 18.8339 ], [ 83.8053, 18.85 ], [ 83.8089, 18.8615 ], [ 83.8051, 18.865 ], [ 83.7955, 18.8602 ], [ 83.7746, 18.8982 ], [ 83.7564, 18.9106 ], [ 83.7519, 18.926 ], [ 83.7632, 18.9273 ], [ 83.7694, 18.9143 ], [ 83.7782, 18.9114 ], [ 83.7877, 18.9182 ], [ 83.7696, 18.9548 ], [ 83.759, 18.9506 ], [ 83.7553, 18.9713 ], [ 83.7459, 18.9806 ], [ 83.7475, 18.9959 ], [ 83.782, 19.0084 ], [ 83.7779, 19.0175 ], [ 83.7947, 19.018 ], [ 83.7951, 19.0037 ], [ 83.8089, 18.9923 ], [ 83.8218, 18.9602 ], [ 83.819, 18.9452 ], [ 83.8289, 18.9306 ], [ 83.8266, 18.9163 ], [ 83.8403, 18.9185 ], [ 83.8458, 18.9136 ], [ 83.846, 18.8691 ], [ 83.8877, 18.831 ], [ 83.8932, 18.8145 ], [ 83.8996, 18.8244 ], [ 83.9158, 18.828 ], [ 83.9316, 18.8159 ], [ 83.9423, 18.8155 ], [ 83.9417, 18.8083 ], [ 83.9502, 18.8052 ], [ 83.9651, 18.8146 ], [ 84.0157, 18.8088 ], [ 84.0155, 18.8171 ], [ 84.033, 18.8116 ], [ 84.0385, 18.8164 ], [ 84.0456, 18.8129 ], [ 84.0467, 18.8016 ], [ 84.0599, 18.7992 ], [ 84.0599, 18.7824 ], [ 84.068, 18.7823 ], [ 84.0764, 18.7644 ], [ 84.0896, 18.764 ], [ 84.0895, 18.7568 ], [ 84.1224, 18.7679 ], [ 84.1374, 18.7612 ], [ 84.1404, 18.7773 ], [ 84.1584, 18.7829 ], [ 84.1593, 18.7879 ], [ 84.1697, 18.7882 ], [ 84.1758, 18.7801 ], [ 84.1899, 18.7777 ], [ 84.1953, 18.7917 ], [ 84.2181, 18.7901 ], [ 84.2144, 18.7954 ], [ 84.2263, 18.7988 ], [ 84.2408, 18.7971 ], [ 84.2431, 18.7886 ], [ 84.261, 18.7832 ], [ 84.2865, 18.7923 ], [ 84.2887, 18.8047 ], [ 84.3213, 18.7865 ], [ 84.3266, 18.7988 ], [ 84.3445, 18.8018 ], [ 84.3311, 18.8178 ], [ 84.3494, 18.8201 ], [ 84.3521, 18.8315 ], [ 84.3596, 18.8312 ], [ 84.3638, 18.8371 ], [ 84.3331, 18.8605 ], [ 84.3256, 18.8761 ], [ 84.3305, 18.8832 ], [ 84.3368, 18.8902 ], [ 84.3621, 18.8609 ], [ 84.3742, 18.8614 ], [ 84.3842, 18.8741 ], [ 84.3726, 18.8781 ], [ 84.3603, 18.8946 ], [ 84.3826, 18.8814 ], [ 84.3815, 18.8864 ], [ 84.3881, 18.8842 ], [ 84.3921, 18.8763 ], [ 84.3975, 18.8903 ], [ 84.3851, 18.8959 ], [ 84.3789, 18.9042 ], [ 84.3856, 18.9004 ], [ 84.3935, 18.9043 ], [ 84.4001, 18.8953 ], [ 84.418, 18.8972 ], [ 84.4186, 18.9173 ], [ 84.4284, 18.909 ], [ 84.438, 18.9205 ], [ 84.4386, 18.9316 ], [ 84.4277, 18.9321 ], [ 84.4242, 18.9473 ], [ 84.4324, 18.9591 ], [ 84.4311, 18.9692 ], [ 84.4417, 18.9686 ], [ 84.4524, 18.976 ], [ 84.4433, 18.9905 ], [ 84.4322, 18.9951 ], [ 84.4325, 19.0066 ], [ 84.422, 19.0127 ], [ 84.4211, 19.022 ], [ 84.4416, 19.0035 ], [ 84.4789, 18.9885 ], [ 84.4826, 19.0166 ], [ 84.4944, 19.029 ], [ 84.5164, 19.0484 ], [ 84.5261, 19.046 ], [ 84.5566, 19.0566 ], [ 84.5729, 19.0737 ], [ 84.5747, 19.0676 ], [ 84.5831, 19.0727 ], [ 84.5773, 19.0405 ], [ 84.5833, 19.0425 ], [ 84.5817, 19.0301 ], [ 84.5915, 19.023 ], [ 84.6009, 19.0248 ], [ 84.6134, 19.0566 ], [ 84.6224, 19.0599 ], [ 84.6183, 19.0659 ], [ 84.6371, 19.06 ], [ 84.6416, 19.0673 ], [ 84.6611, 19.063 ], [ 84.6631, 19.0746 ], [ 84.6709, 19.0763 ], [ 84.659, 19.0944 ], [ 84.647, 19.0963 ], [ 84.6312, 19.0821 ], [ 84.6319, 19.0866 ], [ 84.6255, 19.0849 ], [ 84.6255, 19.0991 ], [ 84.6197, 19.1044 ], [ 84.6187, 19.1001 ], [ 84.6095, 19.1008 ], [ 84.6028, 19.1266 ], [ 84.5955, 19.1324 ], [ 84.6298, 19.1267 ], [ 84.6441, 19.1337 ], [ 84.6673, 19.1299 ], [ 84.6709, 19.166 ], [ 84.6778, 19.1668 ], [ 84.6843, 19.16 ], [ 84.711, 19.1592 ], [ 84.7128, 19.1495 ], [ 84.7, 19.1444 ], [ 84.7061, 19.141 ], [ 84.6978, 19.1264 ], [ 84.7028, 19.1179 ], [ 84.7615, 19.0791 ], [ 84.6869, 18.9709 ], [ 84.6764, 18.9677 ], [ 84.6845, 18.9675 ], [ 84.6049, 18.8911 ], [ 84.5871, 18.8674 ], [ 84.5749, 18.8376 ], [ 84.5578, 18.8178 ], [ 84.5515, 18.7905 ], [ 84.4931, 18.7401 ], [ 84.4532, 18.6929 ], [ 84.4399, 18.6595 ], [ 84.3684, 18.5931 ], [ 84.3547, 18.5549 ], [ 84.215, 18.4413 ], [ 84.1507, 18.3773 ], [ 84.1269, 18.3439 ], [ 84.1291, 18.3166 ], [ 84.1238, 18.3109 ], [ 84.0788, 18.2877 ], [ 84.071, 18.2766 ], [ 83.9359, 18.209 ], [ 83.8882, 18.1955 ], [ 83.8604, 18.1743 ], [ 83.8099, 18.156 ], [ 83.7954, 18.1686 ], [ 83.8059, 18.1547 ], [ 83.7302, 18.1187 ] ], [ [ 84.3533, 18.7899 ], [ 84.3497, 18.7919 ], [ 84.3497, 18.7887 ], [ 84.3533, 18.7899 ] ], [ [ 84.3293, 18.7872 ], [ 84.3394, 18.7787 ], [ 84.3396, 18.7894 ], [ 84.3293, 18.7872 ] ] ] } },
{ "type": "Feature", "properties": { "district": "Vishakhapatnam", "did": "andhra_pradesh:Vishakhapatnam", "state_key": "andhra_pradesh" }, "geometry": { "type": "Polygon", "coordinates": [ [ [ 82.5426, 17.2486 ], [ 82.5389, 17.2639 ], [ 82.5255, 17.2717 ], [ 82.519, 17.3001 ], [ 82.5347, 17.3058 ], [ 82.5354, 17.3273 ], [ 82.5563, 17.3242 ], [ 82.5598, 17.3417 ], [ 82.5651, 17.3418 ], [ 82.5659, 17.3494 ], [ 82.5557, 17.3521 ], [ 82.5437, 17.3742 ], [ 82.5563, 17.3904 ], [ 82.5608, 17.4084 ], [ 82.583, 17.4248 ], [ 82.6043, 17.4563 ], [ 82.5854, 17.4689 ], [ 82.568, 17.4925 ], [ 82.5615, 17.491 ], [ 82.5591, 17.522 ], [ 82.5527, 17.5271 ], [ 82.5473, 17.5134 ], [ 82.5374, 17.5066 ], [ 82.518, 17.5019 ], [ 82.5004, 17.508 ], [ 82.4874, 17.4993 ], [ 82.4804, 17.5012 ], [ 82.4775, 17.5201 ], [ 82.4725, 17.5217 ], [ 82.4764, 17.5272 ], [ 82.4667, 17.5359 ], [ 82.4682, 17.5312 ], [ 82.4608, 17.5302 ], [ 82.4681, 17.5208 ], [ 82.4655, 17.5121 ], [ 82.4499, 17.5112 ], [ 82.4513, 17.4806 ], [ 82.4391, 17.4781 ], [ 82.4379, 17.4711 ], [ 82.4103, 17.4669 ], [ 82.3889, 17.479 ], [ 82.373, 17.4794 ], [ 82.3675, 17.4894 ], [ 82.3787, 17.507 ], [ 82.3756, 17.5108 ], [ 82.3592, 17.5083 ], [ 82.3448, 17.4944 ], [ 82.3314, 17.5034 ], [ 82.3376, 17.524 ], [ 82.3291, 17.5569 ], [ 82.3435, 17.582 ], [ 82.341, 17.5873 ], [ 82.3219, 17.5851 ], [ 82.3041, 17.5899 ], [ 82.2747, 17.6119 ], [ 82.2767, 17.6241 ], [ 82.2487, 17.6194 ], [ 82.2254, 17.639 ], [ 82.1908, 17.6225 ], [ 82.1815, 17.6085 ], [ 82.163, 17.6102 ], [ 82.1377, 17.6354 ], [ 82.1362, 17.6485 ], [ 82.1166, 17.6556 ], [ 82.1055, 17.6507 ], [ 82.0919, 17.6568 ], [ 82.0581, 17.6359 ], [ 82.0517, 17.6431 ], [ 82.0336, 17.6323 ], [ 82.0233, 17.6324 ], [ 82.0245, 17.6233 ], [ 82.0162, 17.6184 ], [ 82.0018, 17.6391 ], [ 82.0103, 17.6467 ], [ 82.0061, 17.6591 ], [ 82.0164, 17.6613 ], [ 82.0222, 17.6693 ], [ 82.0194, 17.6765 ], [ 82.0287, 17.6955 ], [ 82.0247, 17.703 ], [ 82.0332, 17.7141 ], [ 82.0278, 17.7281 ], [ 82.0113, 17.738 ], [ 82.0161, 17.7534 ], [ 81.9808, 17.77 ], [ 81.9597, 17.7592 ], [ 81.9725, 17.7467 ], [ 81.9354, 17.7384 ], [ 81.8984, 17.7452 ], [ 81.8772, 17.7414 ], [ 81.8596, 17.7535 ], [ 81.8995, 17.7893 ], [ 81.9252, 17.8014 ], [ 81.9233, 17.8085 ], [ 81.9607, 17.8179 ], [ 81.9778, 17.8483 ], [ 81.9874, 17.8533 ], [ 81.9933, 17.8456 ], [ 82.0079, 17.8451 ], [ 82.0099, 17.8278 ], [ 82.0197, 17.8396 ], [ 82.0171, 17.8621 ], [ 82.0049, 17.8709 ], [ 82.0009, 17.8861 ], [ 82.0027, 17.9008 ], [ 82.0296, 17.9393 ], [ 82.0224, 17.9569 ], [ 82.0073, 17.9653 ], [ 82.01, 17.9802 ], [ 81.9965, 17.9997 ], [ 81.9785, 18.0111 ], [ 81.9943, 18.0273 ], [ 82.0103, 18.0312 ], [ 82.0087, 18.0577 ], [ 82.033, 18.0694 ], [ 82.0404, 18.0573 ], [ 82.0649, 18.0561 ], [ 82.0766, 18.0752 ], [ 82.102, 18.0602 ], [ 82.1206, 18.0642 ], [ 82.1335, 18.0599 ], [ 82.1372, 18.0439 ], [ 82.1468, 18.0523 ], [ 82.1532, 18.0479 ], [ 82.1688, 18.052 ], [ 82.1843, 18.0288 ], [ 82.1786, 18.0204 ], [ 82.1878, 18.0147 ], [ 82.2053, 18.0184 ], [ 82.2082, 18.0104 ], [ 82.2235, 18.0013 ], [ 82.2561, 17.9977 ], [ 82.268, 18.0 ], [ 82.2712, 18.0089 ], [ 82.2734, 18.0224 ], [ 82.2616, 18.0419 ], [ 82.2689, 18.0452 ], [ 82.2726, 18.0572 ], [ 82.2914, 18.0689 ], [ 82.302, 18.0692 ], [ 82.2987, 18.0553 ], [ 82.3103, 18.0539 ], [ 82.3077, 18.0451 ], [ 82.3198, 18.0448 ], [ 82.3223, 18.0599 ], [ 82.3341, 18.0513 ], [ 82.3439, 18.058 ], [ 82.3518, 18.0766 ], [ 82.347, 18.0982 ], [ 82.3385, 18.0991 ], [ 82.3358, 18.1059 ], [ 82.3388, 18.1469 ], [ 82.3402, 18.1506 ], [ 82.3632, 18.1348 ], [ 82.3723, 18.1482 ], [ 82.3534, 18.1717 ], [ 82.3374, 18.1722 ], [ 82.3155, 18.184 ], [ 82.3108, 18.2041 ], [ 82.3371, 18.2243 ], [ 82.3244, 18.2312 ], [ 82.3365, 18.2408 ], [ 82.3334, 18.2529 ], [ 82.3447, 18.2805 ], [ 82.3765, 18.2807 ], [ 82.3923, 18.2979 ], [ 82.3951, 18.3156 ], [ 82.389, 18.3285 ], [ 82.3751, 18.3287 ], [ 82.3559, 18.3159 ], [ 82.3382, 18.3267 ], [ 82.349, 18.3304 ], [ 82.3699, 18.3585 ], [ 82.3855, 18.3675 ], [ 82.3796, 18.4038 ], [ 82.3642, 18.4215 ], [ 82.382, 18.4326 ], [ 82.4035, 18.4642 ], [ 82.4319, 18.4869 ], [ 82.4447, 18.5141 ], [ 82.4873, 18.5498 ], [ 82.4935, 18.5428 ], [ 82.4813, 18.5406 ], [ 82.4868, 18.5275 ], [ 82.5051, 18.5135 ], [ 82.5152, 18.5181 ], [ 82.5322, 18.511 ], [ 82.5265, 18.4963 ], [ 82.5333, 18.4883 ], [ 82.5279, 18.4807 ], [ 82.5342, 18.4777 ], [ 82.5194, 18.4656 ], [ 82.5283, 18.4642 ], [ 82.5396, 18.4436 ], [ 82.5424, 18.4576 ], [ 82.5614, 18.4485 ], [ 82.552, 18.4286 ], [ 82.5414, 18.4219 ], [ 82.5471, 18.4126 ], [ 82.5355, 18.4062 ], [ 82.5553, 18.3936 ], [ 82.5624, 18.4 ], [ 82.5758, 18.3962 ], [ 82.5839, 18.3867 ], [ 82.5886, 18.3916 ], [ 82.5948, 18.3892 ], [ 82.5995, 18.3798 ], [ 82.6053, 18.382 ], [ 82.606, 18.3661 ], [ 82.6212, 18.3597 ], [ 82.6145, 18.3509 ], [ 82.602, 18.3523 ], [ 82.6089, 18.3271 ], [ 82.5949, 18.3289 ], [ 82.5813, 18.3152 ], [ 82.5852, 18.3085 ], [ 82.5961, 18.3103 ], [ 82.5987, 18.3042 ], [ 82.5878, 18.2761 ], [ 82.5968, 18.2744 ], [ 82.5969, 18.2648 ], [ 82.6138, 18.2584 ], [ 82.6377, 18.2367 ], [ 82.6525, 18.25 ], [ 82.6423, 18.2638 ], [ 82.6522, 18.2811 ], [ 82.6438, 18.288 ], [ 82.6426, 18.302 ], [ 82.6574, 18.2961 ], [ 82.6668, 18.298 ], [ 82.6763, 18.3066 ], [ 82.6844, 18.3036 ], [ 82.6945, 18.3123 ], [ 82.7094, 18.3132 ], [ 82.715, 18.3225 ], [ 82.7343, 18.3202 ], [ 82.7429, 18.33 ], [ 82.7552, 18.3302 ], [ 82.7597, 18.3396 ], [ 82.7648, 18.3362 ], [ 82.7741, 18.3403 ], [ 82.7906, 18.3632 ], [ 82.7826, 18.3819 ], [ 82.7939, 18.386 ], [ 82.7915, 18.3961 ], [ 82.7995, 18.4067 ], [ 82.7869, 18.4107 ], [ 82.7822, 18.4308 ], [ 82.8084, 18.4505 ], [ 82.8458, 18.4338 ], [ 82.8524, 18.4192 ], [ 82.8564, 18.4254 ], [ 82.8713, 18.4185 ], [ 82.895, 18.4241 ], [ 82.8942, 18.3816 ], [ 82.9131, 18.3685 ], [ 82.9222, 18.3754 ], [ 82.9397, 18.3608 ], [ 82.9601, 18.3664 ], [ 82.9705, 18.36 ], [ 82.9832, 18.3664 ], [ 82.9968, 18.3855 ], [ 83.0053, 18.3828 ], [ 83.0219, 18.3917 ], [ 83.0431, 18.3794 ], [ 83.0545, 18.38 ], [ 83.0866, 18.4122 ], [ 83.1, 18.4136 ], [ 83.0955, 18.394 ], [ 83.075, 18.3709 ], [ 83.0792, 18.3467 ], [ 83.0915, 18.3425 ], [ 83.0939, 18.3531 ], [ 83.1045, 18.3576 ], [ 83.1119, 18.3487 ], [ 83.1331, 18.3498 ], [ 83.1511, 18.3411 ], [ 83.1485, 18.3272 ], [ 83.1614, 18.3287 ], [ 83.159, 18.3231 ], [ 83.1679, 18.3136 ], [ 83.1905, 18.3299 ], [ 83.2187, 18.3341 ], [ 83.2104, 18.2863 ], [ 83.2252, 18.2817 ], [ 83.2295, 18.2885 ], [ 83.2588, 18.2767 ], [ 83.258, 18.2509 ], [ 83.2669, 18.2166 ], [ 83.2324, 18.2375 ], [ 83.2326, 18.2236 ], [ 83.2406, 18.2225 ], [ 83.2415, 18.2026 ], [ 83.2285, 18.2053 ], [ 83.2267, 18.2185 ], [ 83.219, 18.2247 ], [ 83.2151, 18.2013 ], [ 83.2254, 18.194 ], [ 83.2214, 18.189 ], [ 83.2088, 18.1891 ], [ 83.1956, 18.1995 ], [ 83.1894, 18.1981 ], [ 83.1808, 18.2161 ], [ 83.184, 18.2232 ], [ 83.1742, 18.2288 ], [ 83.1679, 18.2111 ], [ 83.1562, 18.2091 ], [ 83.1579, 18.2001 ], [ 83.1437, 18.1998 ], [ 83.1457, 18.1919 ], [ 83.1529, 18.1906 ], [ 83.1366, 18.1849 ], [ 83.1327, 18.1759 ], [ 83.1174, 18.1869 ], [ 83.1043, 18.1889 ], [ 83.1182, 18.1698 ], [ 83.1075, 18.1585 ], [ 83.1184, 18.1542 ], [ 83.1115, 18.1388 ], [ 83.1037, 18.1417 ], [ 83.1021, 18.1345 ], [ 83.1207, 18.1223 ], [ 83.1224, 18.1154 ], [ 83.1046, 18.1099 ], [ 83.1287, 18.1089 ], [ 83.1273, 18.0984 ], [ 83.0743, 18.0857 ], [ 83.0668, 18.0728 ], [ 83.0466, 18.0722 ], [ 83.0509, 18.0635 ], [ 83.0241, 18.0598 ], [ 83.0078, 18.0355 ], [ 83.0155, 18.0345 ], [ 83.0064, 18.0234 ], [ 83.0117, 17.9976 ], [ 83.0065, 17.9773 ], [ 83.0523, 17.9641 ], [ 83.0696, 17.9443 ], [ 83.1105, 17.9393 ], [ 83.1077, 17.9234 ], [ 83.1202, 17.917 ], [ 83.1251, 17.9076 ], [ 83.1273, 17.877 ], [ 83.1454, 17.8702 ], [ 83.1456, 17.8451 ], [ 83.1613, 17.8404 ], [ 83.1643, 17.8489 ], [ 83.1853, 17.8458 ], [ 83.186, 17.8529 ], [ 83.2054, 17.8474 ], [ 83.214, 17.8616 ], [ 83.2056, 17.863 ], [ 83.2111, 17.8821 ], [ 83.2286, 17.8736 ], [ 83.2391, 17.904 ], [ 83.2609, 17.9155 ], [ 83.2467, 17.9284 ], [ 83.2362, 17.9245 ], [ 83.2242, 17.9462 ], [ 83.2428, 17.9509 ], [ 83.2503, 17.9734 ], [ 83.2609, 17.9809 ], [ 83.2732, 18.0074 ], [ 83.2802, 18.008 ], [ 83.2932, 17.9966 ], [ 83.2889, 18.0083 ], [ 83.3152, 18.0054 ], [ 83.3051, 18.031 ], [ 83.3178, 18.0258 ], [ 83.334, 18.0458 ], [ 83.3449, 18.0509 ], [ 83.3533, 18.0486 ], [ 83.3579, 18.0647 ], [ 83.3658, 18.0645 ], [ 83.3642, 18.0568 ], [ 83.3766, 18.0513 ], [ 83.3953, 18.0509 ], [ 83.4037, 18.0577 ], [ 83.3928, 18.0172 ], [ 83.4211, 18.0138 ], [ 83.4243, 17.9949 ], [ 83.4146, 17.987 ], [ 83.414, 17.9712 ], [ 83.4064, 17.9634 ], [ 83.4432, 17.9226 ], [ 83.4506, 17.9251 ], [ 83.4373, 17.9472 ], [ 83.4509, 17.945 ], [ 83.4515, 17.9603 ], [ 83.4664, 17.9659 ], [ 83.4734, 17.9646 ], [ 83.4826, 17.9488 ], [ 83.5107, 17.9551 ], [ 83.525, 17.9473 ], [ 83.4587, 17.9011 ], [ 83.4437, 17.8728 ], [ 83.4071, 17.841 ], [ 83.4162, 17.8337 ], [ 83.4109, 17.8094 ], [ 83.389, 17.7902 ], [ 83.3858, 17.7774 ], [ 83.3546, 17.756 ], [ 83.344, 17.7376 ], [ 83.3464, 17.7261 ], [ 83.2969, 17.6933 ], [ 83.2949, 17.6745 ], [ 83.2385, 17.63 ], [ 83.2165, 17.5955 ], [ 83.1487, 17.5572 ], [ 83.0325, 17.5144 ], [ 82.9748, 17.4661 ], [ 82.7264, 17.3549 ], [ 82.5426, 17.2486 ] ] ] } },
{ "type": "Feature", "properties": { "district": "Vizianagaram", "did": "andhra_pradesh:Vizianagaram", "state_key": "andhra_pradesh" }, "geometry": { "type": "Polygon", "coordinates": [ [ [ 83.2426, 17.9507 ], [ 83.2242, 17.9462 ], [ 83.2362, 17.9245 ], [ 83.2467, 17.9284 ], [ 83.2609, 17.9155 ], [ 83.2391, 17.904 ], [ 83.2286, 17.8736 ], [ 83.2111, 17.8821 ], [ 83.2056, 17.863 ], [ 83.214, 17.8616 ], [ 83.2054, 17.8474 ], [ 83.186, 17.8529 ], [ 83.1853, 17.8458 ], [ 83.1643, 17.8489 ], [ 83.1613, 17.8404 ], [ 83.1456, 17.8451 ], [ 83.1444, 17.8716 ], [ 83.1273, 17.877 ], [ 83.1251, 17.9076 ], [ 83.1202, 17.917 ], [ 83.1077, 17.9234 ], [ 83.1105, 17.9393 ], [ 83.0696, 17.9443 ], [ 83.0523, 17.9641 ], [ 83.0065, 17.9773 ], [ 83.0117, 17.9976 ], [ 83.0064, 18.0234 ], [ 83.0155, 18.0345 ], [ 83.0078, 18.0355 ], [ 83.0143, 18.0509 ], [ 83.0259, 18.0608 ], [ 83.0509, 18.0635 ], [ 83.0466, 18.0722 ], [ 83.0686, 18.0734 ], [ 83.0743, 18.0857 ], [ 83.1286, 18.1009 ], [ 83.1252, 18.1102 ], [ 83.1046, 18.1099 ], [ 83.1224, 18.1154 ], [ 83.1207, 18.1223 ], [ 83.1021, 18.1345 ], [ 83.1037, 18.1417 ], [ 83.1115, 18.1388 ], [ 83.1184, 18.1542 ], [ 83.1075, 18.1585 ], [ 83.1182, 18.1698 ], [ 83.1043, 18.1889 ], [ 83.1174, 18.1869 ], [ 83.1327, 18.1759 ], [ 83.1366, 18.1849 ], [ 83.1529, 18.1906 ], [ 83.1457, 18.1919 ], [ 83.1437, 18.1998 ], [ 83.1579, 18.2001 ], [ 83.1562, 18.2091 ], [ 83.1679, 18.2111 ], [ 83.1742, 18.2288 ], [ 83.184, 18.2232 ], [ 83.1808, 18.2161 ], [ 83.1894, 18.1981 ], [ 83.1956, 18.1995 ], [ 83.2088, 18.1891 ], [ 83.2214, 18.189 ], [ 83.2254, 18.194 ], [ 83.2151, 18.2013 ], [ 83.219, 18.2247 ], [ 83.2267, 18.2185 ], [ 83.2285, 18.2053 ], [ 83.2415, 18.2026 ], [ 83.2406, 18.2225 ], [ 83.2326, 18.2236 ], [ 83.2324, 18.2375 ], [ 83.2669, 18.2166 ], [ 83.258, 18.2509 ], [ 83.2588, 18.2767 ], [ 83.2295, 18.2885 ], [ 83.2252, 18.2817 ], [ 83.2104, 18.2863 ], [ 83.2187, 18.3341 ], [ 83.1905, 18.3299 ], [ 83.1679, 18.3136 ], [ 83.159, 18.3231 ], [ 83.1614, 18.3287 ], [ 83.1485, 18.3272 ], [ 83.1511, 18.3411 ], [ 83.1331, 18.3498 ], [ 83.1119, 18.3487 ], [ 83.1045, 18.3576 ], [ 83.0939, 18.3531 ], [ 83.0915, 18.3425 ], [ 83.079, 18.3469 ], [ 83.075, 18.3709 ], [ 83.0955, 18.394 ], [ 83.1037, 18.4131 ], [ 83.0866, 18.4122 ], [ 83.0779, 18.4032 ], [ 83.0643, 18.4094 ], [ 83.0574, 18.4194 ], [ 83.0673, 18.4301 ], [ 83.0586, 18.4367 ], [ 83.0425, 18.4242 ], [ 83.0409, 18.4408 ], [ 83.0246, 18.4485 ], [ 83.0209, 18.4562 ], [ 83.0551, 18.4856 ], [ 83.0552, 18.4957 ], [ 83.0751, 18.5146 ], [ 83.077, 18.5261 ], [ 83.095, 18.5466 ], [ 83.0809, 18.554 ], [ 83.0619, 18.542 ], [ 83.0454, 18.5442 ], [ 83.0298, 18.5735 ], [ 83.0401, 18.5865 ], [ 83.0531, 18.5881 ], [ 83.0527, 18.601 ], [ 83.0238, 18.5896 ], [ 83.0136, 18.5944 ], [ 83.0152, 18.6054 ], [ 83.0005, 18.608 ], [ 82.9994, 18.6189 ], [ 83.0196, 18.6351 ], [ 83.0131, 18.6459 ], [ 83.0167, 18.65 ], [ 83.058, 18.6653 ], [ 83.0728, 18.7055 ], [ 83.0948, 18.7314 ], [ 83.1017, 18.7327 ], [ 83.1124, 18.7528 ], [ 83.1222, 18.7575 ], [ 83.1151, 18.7681 ], [ 83.138, 18.7848 ], [ 83.1565, 18.7682 ], [ 83.1779, 18.7709 ], [ 83.1932, 18.7531 ], [ 83.2065, 18.7514 ], [ 83.2125, 18.7305 ], [ 83.2277, 18.7552 ], [ 83.2246, 18.7751 ], [ 83.2714, 18.7646 ], [ 83.2814, 18.7746 ], [ 83.2753, 18.7829 ], [ 83.2843, 18.7979 ], [ 83.3093, 18.8095 ], [ 83.3306, 18.8063 ], [ 83.3282, 18.8181 ], [ 83.3682, 18.8441 ], [ 83.3783, 18.8307 ], [ 83.4059, 18.8425 ], [ 83.4049, 18.8619 ], [ 83.4148, 18.875 ], [ 83.3974, 18.8785 ], [ 83.3819, 18.8918 ], [ 83.3783, 18.897 ], [ 83.3906, 18.9096 ], [ 83.3818, 18.9139 ], [ 83.3697, 18.9079 ], [ 83.3598, 18.9147 ], [ 83.3525, 18.9435 ], [ 83.3701, 18.9417 ], [ 83.3706, 18.926 ], [ 83.3874, 18.933 ], [ 83.3713, 18.9427 ], [ 83.3671, 18.963 ], [ 83.3547, 18.9673 ], [ 83.3483, 18.9604 ], [ 83.3502, 18.9433 ], [ 83.3438, 18.9411 ], [ 83.3484, 18.9263 ], [ 83.3352, 18.9249 ], [ 83.3265, 18.932 ], [ 83.3271, 18.9446 ], [ 83.3378, 18.9463 ], [ 83.339, 18.9528 ], [ 83.3325, 18.9577 ], [ 83.3348, 18.9685 ], [ 83.3187, 18.9734 ], [ 83.3106, 18.9987 ], [ 83.3272, 19.0024 ], [ 83.3388, 18.997 ], [ 83.3429, 19.0181 ], [ 83.3675, 19.0165 ], [ 83.3666, 19.0061 ], [ 83.3726, 19.0023 ], [ 83.3846, 19.0013 ], [ 83.4005, 19.0094 ], [ 83.4113, 19.0003 ], [ 83.4141, 19.0037 ], [ 83.4196, 19.0003 ], [ 83.4153, 18.9892 ], [ 83.4389, 18.9764 ], [ 83.4459, 18.9578 ], [ 83.4618, 18.9548 ], [ 83.4698, 18.9693 ], [ 83.4686, 18.9804 ], [ 83.4642, 18.9801 ], [ 83.4678, 18.9911 ], [ 83.4553, 18.9913 ], [ 83.4499, 19.0097 ], [ 83.4797, 19.0085 ], [ 83.4833, 19.0335 ], [ 83.4707, 19.0429 ], [ 83.4692, 19.0611 ], [ 83.4623, 19.0638 ], [ 83.4663, 19.0799 ], [ 83.4784, 19.0793 ], [ 83.468, 19.0931 ], [ 83.4834, 19.0923 ], [ 83.4808, 19.0785 ], [ 83.5006, 19.0606 ], [ 83.5117, 19.0703 ], [ 83.5193, 19.0391 ], [ 83.5148, 19.0285 ], [ 83.5085, 19.0355 ], [ 83.4965, 19.0355 ], [ 83.5009, 19.0207 ], [ 83.5367, 19.0095 ], [ 83.5417, 19.0415 ], [ 83.5576, 19.0562 ], [ 83.549, 19.0805 ], [ 83.5602, 19.0871 ], [ 83.567, 19.0717 ], [ 83.5603, 19.0645 ], [ 83.5634, 19.0579 ], [ 83.575, 19.0614 ], [ 83.5845, 19.0576 ], [ 83.5856, 19.0866 ], [ 83.6106, 19.0961 ], [ 83.5978, 19.1188 ], [ 83.5991, 19.1302 ], [ 83.608, 19.1397 ], [ 83.616, 19.1371 ], [ 83.6208, 19.1417 ], [ 83.6275, 19.1506 ], [ 83.626, 19.1627 ], [ 83.6377, 19.1532 ], [ 83.6317, 19.1408 ], [ 83.637, 19.1315 ], [ 83.655, 19.1296 ], [ 83.647, 19.1184 ], [ 83.6628, 19.099 ], [ 83.661, 19.0811 ], [ 83.6853, 19.0585 ], [ 83.7001, 19.0255 ], [ 83.73, 19.022 ], [ 83.7239, 19.0102 ], [ 83.7103, 19.0072 ], [ 83.7096, 19.0022 ], [ 83.7142, 18.993 ], [ 83.733, 18.9877 ], [ 83.7564, 18.9106 ], [ 83.7746, 18.8982 ], [ 83.7955, 18.8602 ], [ 83.8051, 18.865 ], [ 83.8089, 18.8615 ], [ 83.8053, 18.85 ], [ 83.8133, 18.8365 ], [ 83.8023, 18.8253 ], [ 83.784, 18.8267 ], [ 83.7721, 18.8203 ], [ 83.7543, 18.8274 ], [ 83.7464, 18.8241 ], [ 83.754, 18.8172 ], [ 83.7463, 18.8027 ], [ 83.7521, 18.788 ], [ 83.7387, 18.7717 ], [ 83.7343, 18.7798 ], [ 83.7114, 18.7883 ], [ 83.7047, 18.7976 ], [ 83.6931, 18.7973 ], [ 83.6885, 18.8065 ], [ 83.6738, 18.7922 ], [ 83.6626, 18.7931 ], [ 83.6647, 18.7861 ], [ 83.6559, 18.7779 ], [ 83.6167, 18.7671 ], [ 83.6073, 18.7537 ], [ 83.5863, 18.7537 ], [ 83.5899, 18.7386 ], [ 83.5685, 18.7372 ], [ 83.5677, 18.7295 ], [ 83.5485, 18.7235 ], [ 83.5476, 18.7109 ], [ 83.5383, 18.7104 ], [ 83.5416, 18.6854 ], [ 83.5536, 18.6826 ], [ 83.5614, 18.667 ], [ 83.55, 18.6487 ], [ 83.556, 18.6381 ], [ 83.548, 18.6252 ], [ 83.5492, 18.5958 ], [ 83.5707, 18.5924 ], [ 83.5506, 18.5803 ], [ 83.5443, 18.5833 ], [ 83.5382, 18.5633 ], [ 83.5331, 18.5662 ], [ 83.5266, 18.5523 ], [ 83.5384, 18.5512 ], [ 83.5396, 18.5408 ], [ 83.551, 18.5366 ], [ 83.5586, 18.5377 ], [ 83.5607, 18.5613 ], [ 83.5765, 18.5687 ], [ 83.6079, 18.5606 ], [ 83.6242, 18.5629 ], [ 83.6318, 18.5558 ], [ 83.6278, 18.5107 ], [ 83.6195, 18.5054 ], [ 83.5903, 18.509 ], [ 83.5811, 18.4996 ], [ 83.5801, 18.492 ], [ 83.5963, 18.4884 ], [ 83.5973, 18.4768 ], [ 83.6143, 18.4663 ], [ 83.6157, 18.4539 ], [ 83.605, 18.4603 ], [ 83.588, 18.4596 ], [ 83.5829, 18.4473 ], [ 83.5958, 18.4344 ], [ 83.5919, 18.4274 ], [ 83.5792, 18.4301 ], [ 83.5747, 18.4264 ], [ 83.5747, 18.4148 ], [ 83.5814, 18.4092 ], [ 83.5968, 18.4082 ], [ 83.6074, 18.3897 ], [ 83.6032, 18.375 ], [ 83.5957, 18.3721 ], [ 83.6003, 18.3672 ], [ 83.5898, 18.365 ], [ 83.5858, 18.3541 ], [ 83.6115, 18.3362 ], [ 83.6061, 18.3283 ], [ 83.6244, 18.3336 ], [ 83.6279, 18.3219 ], [ 83.6571, 18.3225 ], [ 83.6589, 18.3164 ], [ 83.6664, 18.3171 ], [ 83.672, 18.3111 ], [ 83.6796, 18.3135 ], [ 83.71, 18.2957 ], [ 83.7033, 18.2895 ], [ 83.6743, 18.2828 ], [ 83.6678, 18.2689 ], [ 83.6674, 18.233 ], [ 83.6527, 18.2072 ], [ 83.636, 18.2197 ], [ 83.6255, 18.2123 ], [ 83.6087, 18.2133 ], [ 83.6035, 18.2062 ], [ 83.6088, 18.2029 ], [ 83.6032, 18.193 ], [ 83.61, 18.1927 ], [ 83.614, 18.1843 ], [ 83.6117, 18.1653 ], [ 83.6027, 18.1645 ], [ 83.6074, 18.1433 ], [ 83.624, 18.1293 ], [ 83.6236, 18.1127 ], [ 83.6358, 18.1052 ], [ 83.6448, 18.1063 ], [ 83.6658, 18.0815 ], [ 83.5694, 18.0118 ], [ 83.5588, 17.9966 ], [ 83.5583, 17.9824 ], [ 83.5298, 17.9499 ], [ 83.5249, 17.9475 ], [ 83.5107, 17.9551 ], [ 83.4826, 17.9488 ], [ 83.4686, 17.966 ], [ 83.4515, 17.9603 ], [ 83.4509, 17.945 ], [ 83.4373, 17.9472 ], [ 83.4463, 17.9381 ], [ 83.4472, 17.9233 ], [ 83.422, 17.9411 ], [ 83.4064, 17.9634 ], [ 83.414, 17.9712 ], [ 83.4146, 17.987 ], [ 83.4243, 17.9949 ], [ 83.4211, 18.0138 ], [ 83.3928, 18.0172 ], [ 83.4037, 18.0577 ], [ 83.3953, 18.0509 ], [ 83.3766, 18.0513 ], [ 83.3642, 18.0568 ], [ 83.3658, 18.0645 ], [ 83.3579, 18.0647 ], [ 83.3533, 18.0486 ], [ 83.3449, 18.0509 ], [ 83.334, 18.0458 ], [ 83.3178, 18.0258 ], [ 83.3051, 18.031 ], [ 83.3152, 18.0054 ], [ 83.2889, 18.0083 ], [ 83.2932, 17.9966 ], [ 83.2802, 18.008 ], [ 83.2732, 18.0074 ], [ 83.2426, 17.9507 ] ] ] } },
{ "type": "Feature", "properties": { "district": "West Godavari", "did": "andhra_pradesh:West Godavari", "state_key": "andhra_pradesh" }, "geometry": { "type": "Polygon", "coordinates": [ [ [ 81.349, 16.5648 ], [ 81.3462, 16.5911 ], [ 81.3574, 16.5982 ], [ 81.3545, 16.6103 ], [ 81.3453, 16.6039 ], [ 81.3277, 16.6193 ], [ 81.3338, 16.6703 ], [ 81.329, 16.6889 ], [ 81.3074, 16.6925 ], [ 81.2797, 16.6566 ], [ 81.2654, 16.6065 ], [ 81.2376, 16.5923 ], [ 81.2421, 16.5759 ], [ 81.2365, 16.5698 ], [ 81.189, 16.6212 ], [ 81.1675, 16.6195 ], [ 81.1515, 16.5946 ], [ 81.1371, 16.6066 ], [ 81.1157, 16.5923 ], [ 81.1009, 16.6053 ], [ 81.0891, 16.6053 ], [ 81.0869, 16.5923 ], [ 81.0949, 16.5873 ], [ 81.0788, 16.5748 ], [ 81.0485, 16.5697 ], [ 81.0399, 16.5616 ], [ 81.036, 16.5641 ], [ 81.0205, 16.557 ], [ 81.0186, 16.5617 ], [ 81.0115, 16.5601 ], [ 81.0064, 16.5861 ], [ 80.9732, 16.6259 ], [ 80.9695, 16.6464 ], [ 80.9541, 16.6652 ], [ 80.9544, 16.6714 ], [ 80.9758, 16.6652 ], [ 80.9955, 16.6355 ], [ 81.0111, 16.6363 ], [ 81.0186, 16.6501 ], [ 80.9987, 16.6646 ], [ 81.0074, 16.6721 ], [ 80.9899, 16.6813 ], [ 80.9815, 16.7232 ], [ 80.9894, 16.7217 ], [ 80.9933, 16.7271 ], [ 81.0008, 16.7522 ], [ 81.0173, 16.7767 ], [ 81.0272, 16.7762 ], [ 81.0428, 16.7852 ], [ 81.0369, 16.8077 ], [ 81.0247, 16.8075 ], [ 81.0164, 16.8211 ], [ 80.9962, 16.8277 ], [ 80.9979, 16.8374 ], [ 80.9749, 16.8954 ], [ 80.961, 16.9118 ], [ 80.9562, 16.9357 ], [ 80.9351, 16.9586 ], [ 80.9366, 16.9832 ], [ 80.9522, 16.9914 ], [ 80.9597, 17.0117 ], [ 80.9641, 17.0328 ], [ 80.9585, 17.0514 ], [ 80.9426, 17.0673 ], [ 80.928, 17.0712 ], [ 80.9185, 17.0644 ], [ 80.9063, 17.0697 ], [ 80.8966, 17.0642 ], [ 80.8856, 17.0709 ], [ 80.878, 17.0695 ], [ 80.8681, 17.0789 ], [ 80.8764, 17.1056 ], [ 80.8678, 17.1239 ], [ 80.8783, 17.1351 ], [ 80.8794, 17.1608 ], [ 80.907, 17.1539 ], [ 80.924, 17.1578 ], [ 80.9264, 17.1835 ], [ 80.9184, 17.1897 ], [ 80.9189, 17.2197 ], [ 80.9413, 17.2193 ], [ 80.9603, 17.2041 ], [ 80.9944, 17.1913 ], [ 81.0154, 17.1944 ], [ 81.0313, 17.1903 ], [ 81.0495, 17.2071 ], [ 81.0546, 17.2249 ], [ 81.0796, 17.2153 ], [ 81.1094, 17.2235 ], [ 81.174, 17.2303 ], [ 81.1876, 17.2547 ], [ 81.1782, 17.269 ], [ 81.1767, 17.2877 ], [ 81.1904, 17.3248 ], [ 81.2336, 17.3204 ], [ 81.2457, 17.3258 ], [ 81.274, 17.3172 ], [ 81.3011, 17.3407 ], [ 81.3226, 17.3745 ], [ 81.3124, 17.4087 ], [ 81.2685, 17.4183 ], [ 81.2455, 17.433 ], [ 81.2118, 17.4417 ], [ 81.2053, 17.4496 ], [ 81.2027, 17.434 ], [ 81.1933, 17.4356 ], [ 81.1723, 17.449 ], [ 81.1755, 17.4636 ], [ 81.1483, 17.4637 ], [ 81.1597, 17.4844 ], [ 81.1421, 17.4886 ], [ 81.1385, 17.5162 ], [ 81.1273, 17.5264 ], [ 81.0976, 17.5043 ], [ 81.0801, 17.515 ], [ 81.0148, 17.5221 ], [ 81.0137, 17.5366 ], [ 80.9984, 17.5647 ], [ 80.9693, 17.5984 ], [ 80.9757, 17.6194 ], [ 80.9955, 17.6291 ], [ 81.007, 17.6217 ], [ 81.0077, 17.6044 ], [ 81.0147, 17.5985 ], [ 81.0397, 17.5977 ], [ 81.0597, 17.6079 ], [ 81.1106, 17.6203 ], [ 81.1281, 17.595 ], [ 81.1277, 17.5864 ], [ 81.1421, 17.5792 ], [ 81.2108, 17.571 ], [ 81.2221, 17.5642 ], [ 81.2484, 17.569 ], [ 81.2647, 17.5587 ], [ 81.2816, 17.535 ], [ 81.2955, 17.4961 ], [ 81.3136, 17.4876 ], [ 81.3492, 17.4999 ], [ 81.3635, 17.4993 ], [ 81.3834, 17.4916 ], [ 81.3905, 17.4733 ], [ 81.407, 17.4649 ], [ 81.4446, 17.4619 ], [ 81.4753, 17.4675 ], [ 81.5013, 17.4805 ], [ 81.5126, 17.4728 ], [ 81.531, 17.4403 ], [ 81.541, 17.4366 ], [ 81.5637, 17.44 ], [ 81.576, 17.4328 ], [ 81.5863, 17.4056 ], [ 81.6032, 17.4114 ], [ 81.614, 17.4071 ], [ 81.6164, 17.4006 ], [ 81.6099, 17.3971 ], [ 81.6047, 17.3758 ], [ 81.6148, 17.352 ], [ 81.615, 17.331 ], [ 81.6426, 17.324 ], [ 81.6794, 17.3016 ], [ 81.6803, 17.2911 ], [ 81.6605, 17.2771 ], [ 81.6555, 17.2492 ], [ 81.6417, 17.2298 ], [ 81.6407, 17.2073 ], [ 81.6582, 17.1703 ], [ 81.6648, 17.1333 ], [ 81.6808, 17.0945 ], [ 81.6971, 17.0852 ], [ 81.7187, 17.0594 ], [ 81.7311, 17.0207 ], [ 81.7419, 17.0096 ], [ 81.7449, 16.9649 ], [ 81.7292, 16.944 ], [ 81.7243, 16.9143 ], [ 81.7312, 16.9142 ], [ 81.7333, 16.8797 ], [ 81.7467, 16.8662 ], [ 81.7516, 16.8511 ], [ 81.7533, 16.8248 ], [ 81.7446, 16.7933 ], [ 81.765, 16.7614 ], [ 81.7903, 16.7463 ], [ 81.7948, 16.733 ], [ 81.7855, 16.708 ], [ 81.8397, 16.6502 ], [ 81.8562, 16.6138 ], [ 81.854, 16.559 ], [ 81.8448, 16.5292 ], [ 81.8472, 16.4972 ], [ 81.8069, 16.4835 ], [ 81.7549, 16.4232 ], [ 81.7364, 16.4223 ], [ 81.7234, 16.4464 ], [ 81.7103, 16.4429 ], [ 81.6976, 16.4134 ], [ 81.717, 16.3585 ], [ 81.7167, 16.3229 ], [ 81.7107, 16.3165 ], [ 81.6906, 16.3275 ], [ 81.5525, 16.3471 ], [ 81.5467, 16.378 ], [ 81.5228, 16.3807 ], [ 81.5128, 16.37 ], [ 81.4948, 16.3699 ], [ 81.47, 16.3982 ], [ 81.4528, 16.4048 ], [ 81.4371, 16.3985 ], [ 81.4259, 16.419 ], [ 81.4121, 16.4202 ], [ 81.3998, 16.4303 ], [ 81.401, 16.4389 ], [ 81.3844, 16.4433 ], [ 81.3885, 16.4461 ], [ 81.3732, 16.4587 ], [ 81.3786, 16.4671 ], [ 81.369, 16.4754 ], [ 81.3708, 16.4994 ], [ 81.3629, 16.507 ], [ 81.3384, 16.5049 ], [ 81.3326, 16.5104 ], [ 81.339, 16.5129 ], [ 81.349, 16.5648 ] ] ] } },
{ "type": "Feature", "properties": { "district": "Y S R Kadapa", "did": "andhra_pradesh:Y S R Kadapa", "state_key": "andhra_pradesh" }, "geometry": { "type": "Polygon", "coordinates": [ [ [ 78.5444, 13.9907 ], [ 78.5394, 13.9814 ], [ 78.5272, 13.9786 ], [ 78.5186, 13.9664 ], [ 78.5039, 13.9592 ], [ 78.4933, 13.9379 ], [ 78.4683, 13.9587 ], [ 78.4757, 13.9836 ], [ 78.4659, 13.9943 ], [ 78.4693, 14.007 ], [ 78.4403, 14.0185 ], [ 78.4398, 14.043 ], [ 78.4487, 14.0521 ], [ 78.4424, 14.0804 ], [ 78.4543, 14.0842 ], [ 78.4612, 14.1068 ], [ 78.4434, 14.1377 ], [ 78.4388, 14.134 ], [ 78.4283, 14.1389 ], [ 78.4217, 14.1484 ], [ 78.4198, 14.1679 ], [ 78.4302, 14.1828 ], [ 78.4293, 14.1963 ], [ 78.4059, 14.201 ], [ 78.4238, 14.2734 ], [ 78.4205, 14.2829 ], [ 78.4159, 14.2777 ], [ 78.3956, 14.2767 ], [ 78.3571, 14.2927 ], [ 78.3386, 14.2882 ], [ 78.3205, 14.2934 ], [ 78.2849, 14.2917 ], [ 78.2772, 14.3046 ], [ 78.2533, 14.3046 ], [ 78.2289, 14.3153 ], [ 78.1885, 14.3498 ], [ 78.1709, 14.3543 ], [ 78.1067, 14.3929 ], [ 78.085, 14.4214 ], [ 78.0006, 14.4886 ], [ 77.9981, 14.5004 ], [ 77.9725, 14.5321 ], [ 77.9769, 14.5378 ], [ 77.9612, 14.56 ], [ 77.9441, 14.5705 ], [ 77.9659, 14.5883 ], [ 77.9695, 14.575 ], [ 77.9829, 14.5669 ], [ 77.987, 14.5406 ], [ 78.0332, 14.5306 ], [ 78.0435, 14.5414 ], [ 78.0392, 14.566 ], [ 78.0645, 14.5723 ], [ 78.0881, 14.6304 ], [ 78.1218, 14.6237 ], [ 78.1193, 14.6341 ], [ 78.1295, 14.6493 ], [ 78.1346, 14.6953 ], [ 78.1193, 14.6971 ], [ 78.1189, 14.6928 ], [ 78.1094, 14.6923 ], [ 78.1092, 14.7012 ], [ 78.0965, 14.7009 ], [ 78.0938, 14.7135 ], [ 78.0634, 14.7183 ], [ 78.0763, 14.7523 ], [ 78.0465, 14.774 ], [ 78.0655, 14.7972 ], [ 78.0762, 14.8271 ], [ 78.1012, 14.817 ], [ 78.1135, 14.8506 ], [ 78.089, 14.8576 ], [ 78.0892, 14.8614 ], [ 78.113, 14.9316 ], [ 78.1234, 14.9368 ], [ 78.1311, 14.9341 ], [ 78.1369, 14.9477 ], [ 78.1513, 14.9486 ], [ 78.1585, 14.9624 ], [ 78.1794, 14.9642 ], [ 78.2105, 14.952 ], [ 78.2203, 14.9551 ], [ 78.2358, 15.0032 ], [ 78.2438, 14.9992 ], [ 78.26, 15.0265 ], [ 78.2837, 15.031 ], [ 78.2747, 15.0546 ], [ 78.2845, 15.0706 ], [ 78.3019, 15.0736 ], [ 78.3137, 15.0687 ], [ 78.3251, 15.0732 ], [ 78.3327, 15.0663 ], [ 78.3545, 15.0618 ], [ 78.3533, 15.0544 ], [ 78.3636, 15.0519 ], [ 78.371, 15.0716 ], [ 78.3827, 15.0692 ], [ 78.378, 15.0563 ], [ 78.3998, 15.0486 ], [ 78.3755, 15.036 ], [ 78.3696, 15.026 ], [ 78.3531, 15.0309 ], [ 78.3427, 15.0028 ], [ 78.3592, 14.9855 ], [ 78.3921, 14.968 ], [ 78.4096, 14.9726 ], [ 78.4193, 15.0314 ], [ 78.4361, 15.0322 ], [ 78.4386, 15.0367 ], [ 78.4572, 15.0307 ], [ 78.4616, 15.039 ], [ 78.4742, 15.0353 ], [ 78.4824, 15.0429 ], [ 78.4852, 15.0366 ], [ 78.4874, 15.05 ], [ 78.4812, 15.0503 ], [ 78.4738, 15.0627 ], [ 78.4812, 15.0631 ], [ 78.4815, 15.0711 ], [ 78.5063, 15.0694 ], [ 78.5155, 15.0604 ], [ 78.5153, 15.0134 ], [ 78.5083, 15.0049 ], [ 78.5166, 14.9966 ], [ 78.5048, 14.9545 ], [ 78.4982, 14.9555 ], [ 78.4772, 14.9022 ], [ 78.4852, 14.9004 ], [ 78.5196, 14.943 ], [ 78.5195, 14.9537 ], [ 78.5401, 14.9649 ], [ 78.5514, 14.9613 ], [ 78.5468, 14.9327 ], [ 78.5531, 14.9303 ], [ 78.5625, 14.9308 ], [ 78.582, 14.9459 ], [ 78.5918, 14.939 ], [ 78.6013, 14.9543 ], [ 78.6303, 14.9443 ], [ 78.63, 14.9255 ], [ 78.6603, 14.9298 ], [ 78.6845, 14.9385 ], [ 78.6916, 14.968 ], [ 78.718, 14.9686 ], [ 78.7154, 15.001 ], [ 78.7522, 15.0367 ], [ 78.7614, 15.0533 ], [ 78.75, 15.1344 ], [ 78.7583, 15.1847 ], [ 78.7774, 15.1996 ], [ 78.8714, 15.1975 ], [ 78.9194, 15.187 ], [ 78.927, 15.2285 ], [ 78.9477, 15.2284 ], [ 78.9476, 15.2033 ], [ 78.9574, 15.176 ], [ 78.9722, 15.1683 ], [ 78.9814, 15.1646 ], [ 79.0101, 15.1675 ], [ 79.0115, 15.1755 ], [ 79.0202, 15.1796 ], [ 79.0832, 15.1735 ], [ 79.0734, 15.1651 ], [ 79.072, 15.1453 ], [ 79.0892, 15.0482 ], [ 79.0816, 14.9807 ], [ 79.1022, 14.9031 ], [ 79.1042, 14.8983 ], [ 79.1118, 14.8985 ], [ 79.1083, 14.8948 ], [ 79.1338, 14.8668 ], [ 79.1506, 14.7933 ], [ 79.1863, 14.7105 ], [ 79.1839, 14.6885 ], [ 79.174, 14.6823 ], [ 79.1823, 14.6681 ], [ 79.1791, 14.6635 ], [ 79.1873, 14.6588 ], [ 79.1816, 14.6435 ], [ 79.1889, 14.6162 ], [ 79.2004, 14.6136 ], [ 79.2197, 14.5879 ], [ 79.2294, 14.6023 ], [ 79.2417, 14.593 ], [ 79.2486, 14.5704 ], [ 79.2782, 14.5325 ], [ 79.2929, 14.4847 ], [ 79.3052, 14.4838 ], [ 79.3167, 14.4761 ], [ 79.3267, 14.4572 ], [ 79.33, 14.4258 ], [ 79.3642, 14.3784 ], [ 79.366, 14.3513 ], [ 79.3895, 14.3406 ], [ 79.4224, 14.2783 ], [ 79.4196, 14.265 ], [ 79.4354, 14.2431 ], [ 79.4224, 14.206 ], [ 79.4447, 14.1163 ], [ 79.4542, 14.1007 ], [ 79.4367, 14.0237 ], [ 79.4427, 13.9978 ], [ 79.455, 13.9875 ], [ 79.4499, 13.9712 ], [ 79.4588, 13.9464 ], [ 79.4337, 13.8726 ], [ 79.4544, 13.8263 ], [ 79.4568, 13.8016 ], [ 79.4688, 13.7977 ], [ 79.4463, 13.7828 ], [ 79.4183, 13.7841 ], [ 79.4179, 13.765 ], [ 79.3724, 13.7564 ], [ 79.3058, 13.7241 ], [ 79.293, 13.7597 ], [ 79.2416, 13.7606 ], [ 79.2422, 13.7517 ], [ 79.2249, 13.7577 ], [ 79.2159, 13.7747 ], [ 79.1909, 13.7933 ], [ 79.1951, 13.803 ], [ 79.2105, 13.8068 ], [ 79.216, 13.8134 ], [ 79.1774, 13.838 ], [ 79.1716, 13.8479 ], [ 79.1567, 13.853 ], [ 79.1487, 13.8652 ], [ 79.1268, 13.8501 ], [ 79.0995, 13.8503 ], [ 79.0906, 13.8806 ], [ 79.0236, 13.8915 ], [ 79.0236, 13.8966 ], [ 78.9894, 13.9118 ], [ 78.9837, 13.8919 ], [ 78.9561, 13.8852 ], [ 78.9416, 13.8847 ], [ 78.9357, 13.8971 ], [ 78.9182, 13.8969 ], [ 78.9173, 13.8889 ], [ 78.9096, 13.8956 ], [ 78.8843, 13.8996 ], [ 78.8696, 13.8981 ], [ 78.8593, 13.8866 ], [ 78.7981, 13.8808 ], [ 78.7803, 13.8642 ], [ 78.7884, 13.8536 ], [ 78.7838, 13.8297 ], [ 78.771, 13.8275 ], [ 78.759, 13.8346 ], [ 78.7459, 13.8713 ], [ 78.7403, 13.8701 ], [ 78.729, 13.8855 ], [ 78.7109, 13.8882 ], [ 78.706, 13.8856 ], [ 78.7086, 13.8773 ], [ 78.6981, 13.8715 ], [ 78.6428, 13.8679 ], [ 78.6438, 13.892 ], [ 78.654, 13.8977 ], [ 78.6547, 13.9097 ], [ 78.638, 13.9012 ], [ 78.6356, 13.9078 ], [ 78.6207, 13.9069 ], [ 78.6149, 13.9128 ], [ 78.5872, 13.9108 ], [ 78.5991, 13.9598 ], [ 78.5719, 13.963 ], [ 78.5848, 13.9851 ], [ 78.5444, 13.9907 ] ], [ [ 78.6563, 13.9061 ], [ 78.6584, 13.9082 ], [ 78.6568, 13.908 ], [ 78.6563, 13.9061 ] ] ] } }
]
}
