{
"type": "FeatureCollection",
"crs": { "type": "name", "properties": { "name": "urn:ogc:def:crs:OGC:1.3:CRS84" } },
"xy_coordinate_resolution": 0.0001,
"features": [
{ "type": "Feature", "properties": { "name": "India" }, "geometry": { "type": "MultiPolygon", "coordinates": [ [ [ [ 73.0479, 8.2674 ], [ 73.0238, 8.2684 ], [ 73.0182, 8.2714 ], [ 73.017, 8.2769 ], [ 73.047, 8.2767 ], [ 73.0629, 8.2951 ], [ 73.0679, 8.3103 ], [ 73.0742, 8.3218 ], [ 73.0776, 8.3255 ], [ 73.0652, 8.2862 ], [ 73.0479, 8.2674 ] ] ], [ [ [ 73.0132, 8.3032 ], [ 73.013, 8.3032 ], [ 73.0132, 8.3036 ], [ 73.0132, 8.3032 ] ] ], [ [ [ 72.2898, 10.0543 ], [ 72.288, 10.0467 ], [ 72.2848, 10.0474 ], [ 72.2898, 10.0543 ] ] ], [ [ [ 73.6307, 10.07 ], [ 73.6309, 10.0698 ], [ 73.6297, 10.0693 ], [ 73.6307, 10.07 ] ] ], [ [ [ 73.6317, 10.0699 ], [ 73.6316, 10.0705 ], [ 73.6324, 10.0704 ], [ 73.6317, 10.0699 ] ] ], [ [ [ 73.6331, 10.0725 ], [ 73.6328, 10.0733 ], [ 73.634, 10.0729 ], [ 73.6331, 10.0725 ] ] ], [ [ [ 73.6258, 10.0732 ], [ 73.6253, 10.0739 ], [ 73.6273, 10.0755 ], [ 73.6258, 10.0732 ] ] ], [ [ [ 73.6304, 10.075 ], [ 73.6302, 10.0743 ], [ 73.6298, 10.0746 ], [ 73.6304, 10.075 ] ] ], [ [ [ 73.6342, 10.0724 ], [ 73.6504, 10.1031 ], [ 73.6404, 10.0583 ], [ 73.6342, 10.0724 ] ] ], [ [ [ 72.3364, 10.1076 ], [ 72.3376, 10.106 ], [ 72.3342, 10.1009 ], [ 72.3364, 10.1076 ] ] ], [ [ [ 73.6515, 10.1097 ], [ 73.6511, 10.1102 ], [ 73.6518, 10.1103 ], [ 73.6515, 10.1097 ] ] ], [ [ [ 72.3275, 10.1399 ], [ 72.331, 10.1341 ], [ 72.3266, 10.131 ], [ 72.3275, 10.1399 ] ] ], [ [ [ 73.6592, 10.1303 ], [ 73.6583, 10.1565 ], [ 73.6634, 10.1408 ], [ 73.6606, 10.131 ], [ 73.6592, 10.1303 ] ] ], [ [ [ 72.6489, 10.5646 ], [ 72.6164, 10.5433 ], [ 72.6399, 10.5804 ], [ 72.6489, 10.5646 ] ] ], [ [ [ 73.6709, 10.8051 ], [ 73.6587, 10.8144 ], [ 73.6986, 10.8175 ], [ 73.7009, 10.8154 ], [ 73.6709, 10.8051 ] ] ], [ [ [ 72.164, 10.8142 ], [ 72.168, 10.8164 ], [ 72.1679, 10.8139 ], [ 72.164, 10.8142 ] ] ], [ [ [ 72.1939, 10.8724 ], [ 72.2054, 10.8796 ], [ 72.179, 10.8299 ], [ 72.1694, 10.8193 ], [ 72.1939, 10.8724 ] ] ], [ [ [ 72.2849, 10.9373 ], [ 72.2864, 10.9474 ], [ 72.292, 10.9381 ], [ 72.2849, 10.9373 ] ] ], [ [ [ 72.3263, 10.9526 ], [ 72.3261, 10.9522 ], [ 72.3147, 10.9447 ], [ 72.3263, 10.9526 ] ] ], [ [ [ 72.3327, 10.9539 ], [ 72.3326, 10.9531 ], [ 72.3296, 10.9527 ], [ 72.3327, 10.9539 ] ] ], [ [ [ 72.3331, 10.9541 ], [ 72.3324, 10.9561 ], [ 72.334, 10.9564 ], [ 72.3331, 10.9541 ] ] ], [ [ [ 72.3335, 10.9604 ], [ 72.3345, 10.9575 ], [ 72.3333, 10.9602 ], [ 72.3335, 10.9604 ] ] ], [ [ [ 72.7283, 11.1236 ], [ 72.718, 11.1164 ], [ 72.7186, 11.1297 ], [ 72.7329, 11.1375 ], [ 72.7283, 11.1236 ] ] ], [ [ [ 72.7763, 11.2185 ], [ 72.7614, 11.1846 ], [ 72.7787, 11.2437 ], [ 72.7895, 11.2615 ], [ 72.7763, 11.2185 ] ] ], [ [ [ 73.0092, 11.4887 ], [ 73.0064, 11.4711 ], [ 72.9974, 11.4983 ], [ 72.9991, 11.4996 ], [ 73.0092, 11.4887 ] ] ], [ [ [ 72.1848, 11.603 ], [ 72.1885, 11.6017 ], [ 72.1857, 11.5999 ], [ 72.1848, 11.603 ] ] ], [ [ [ 72.7157, 11.705 ], [ 72.7166, 11.6958 ], [ 72.7048, 11.6838 ], [ 72.7157, 11.705 ] ] ], [ [ [ 74.0872, 14.7937 ], [ 74.0861, 14.7965 ], [ 74.0892, 14.7953 ], [ 74.0872, 14.7937 ] ] ], [ [ [ 74.054, 14.8162 ], [ 74.0557, 14.8173 ], [ 74.0571, 14.8153 ], [ 74.054, 14.8162 ] ] ], [ [ [ 74.0571, 14.8189 ], [ 74.0579, 14.822 ], [ 74.0613, 14.8198 ], [ 74.0571, 14.8189 ] ] ], [ [ [ 74.0621, 14.8207 ], [ 74.0637, 14.8215 ], [ 74.0657, 14.8201 ], [ 74.0621, 14.8207 ] ] ], [ [ [ 74.0957, 14.8381 ], [ 74.0958, 14.8373 ], [ 74.0936, 14.8388 ], [ 74.0957, 14.8381 ] ] ], [ [ [ 74.0861, 14.8998 ], [ 74.0865, 14.8996 ], [ 74.0851, 14.8996 ], [ 74.0861, 14.8998 ] ] ], [ [ [ 74.0279, 14.9968 ], [ 74.021, 15.0172 ], [ 74.0137, 15.009 ], [ 73.9895, 15.0189 ], [ 73.9884, 15.0551 ], [ 73.975, 15.0489 ], [ 73.955, 15.0719 ], [ 73.9129, 15.0836 ], [ 73.9277, 15.0953 ], [ 73.9185, 15.1062 ], [ 73.9413, 15.1166 ], [ 73.9368, 15.1322 ], [ 73.9465, 15.1408 ], [ 73.9503, 15.1403 ], [ 73.9541, 15.1366 ], [ 73.9557, 15.1355 ], [ 73.9565, 15.1355 ], [ 73.8945, 15.3308 ], [ 73.8737, 15.3679 ], [ 73.8424, 15.3584 ], [ 73.8089, 15.3756 ], [ 73.7832, 15.4095 ], [ 73.7897, 15.4638 ], [ 73.7666, 15.4928 ], [ 73.7322, 15.5886 ], [ 73.7321, 15.6069 ], [ 73.7447, 15.6057 ], [ 73.7228, 15.6267 ], [ 73.6895, 15.7191 ], [ 73.7167, 15.7244 ], [ 73.7263, 15.717 ], [ 73.7428, 15.7366 ], [ 73.7209, 15.7257 ], [ 73.7068, 15.7324 ], [ 73.691, 15.729 ], [ 73.696, 15.7218 ], [ 73.6799, 15.7211 ], [ 73.6902, 15.7288 ], [ 73.6769, 15.7259 ], [ 73.6499, 15.7449 ], [ 73.6644, 15.7531 ], [ 73.6563, 15.7958 ], [ 73.6361, 15.8154 ], [ 73.6261, 15.8518 ], [ 73.6136, 15.8548 ], [ 73.587, 15.9106 ], [ 73.5357, 15.9392 ], [ 73.5308, 15.9323 ], [ 73.5101, 15.9405 ], [ 73.4844, 16.0337 ], [ 73.4564, 16.0528 ], [ 73.4649, 16.0869 ], [ 73.4396, 16.1913 ], [ 73.4271, 16.2037 ], [ 73.3867, 16.3584 ], [ 73.3689, 16.3629 ], [ 73.3587, 16.4417 ], [ 73.3109, 16.5414 ], [ 73.3453, 16.5726 ], [ 73.3234, 16.5823 ], [ 73.3174, 16.6017 ], [ 73.3535, 16.6078 ], [ 73.3552, 16.619 ], [ 73.3305, 16.6199 ], [ 73.3391, 16.6378 ], [ 73.323, 16.6386 ], [ 73.3331, 16.6506 ], [ 73.3297, 16.6874 ], [ 73.3054, 16.7303 ], [ 73.3044, 16.7659 ], [ 73.3191, 16.7953 ], [ 73.2964, 16.8164 ], [ 73.2891, 16.8443 ], [ 73.2874, 16.8809 ], [ 73.303, 16.8914 ], [ 73.2786, 16.893 ], [ 73.2832, 16.9504 ], [ 73.2997, 16.9819 ], [ 73.2793, 16.9934 ], [ 73.2712, 16.9851 ], [ 73.2678, 16.9975 ], [ 73.2818, 16.9985 ], [ 73.2841, 17.0111 ], [ 73.2554, 17.0277 ], [ 73.2582, 17.0488 ], [ 73.277, 17.0363 ], [ 73.2867, 17.0543 ], [ 73.2825, 17.1072 ], [ 73.2676, 17.1147 ], [ 73.2529, 17.1894 ], [ 73.2316, 17.1991 ], [ 73.2466, 17.2043 ], [ 73.2447, 17.2224 ], [ 73.1925, 17.3042 ], [ 73.2229, 17.3062 ], [ 73.2292, 17.2825 ], [ 73.2588, 17.286 ], [ 73.2356, 17.2881 ], [ 73.2388, 17.317 ], [ 73.2189, 17.3286 ], [ 73.2199, 17.3331 ], [ 73.2293, 17.334 ], [ 73.2294, 17.3352 ], [ 73.2148, 17.3463 ], [ 73.2056, 17.3873 ], [ 73.1833, 17.3841 ], [ 73.1673, 17.4044 ], [ 73.1987, 17.4391 ], [ 73.1845, 17.4431 ], [ 73.1922, 17.47 ], [ 73.1739, 17.5169 ], [ 73.1371, 17.5559 ], [ 73.1526, 17.5994 ], [ 73.1383, 17.6096 ], [ 73.1136, 17.6898 ], [ 73.1348, 17.7075 ], [ 73.1331, 17.7244 ], [ 73.1212, 17.7667 ], [ 73.1108, 17.7902 ], [ 73.1066, 17.793 ], [ 73.1031, 17.803 ], [ 73.0986, 17.8082 ], [ 73.0894, 17.8123 ], [ 73.0963, 17.8258 ], [ 73.075, 17.8825 ], [ 73.0512, 17.9063 ], [ 73.0509, 17.9307 ], [ 73.0308, 17.9428 ], [ 73.0403, 17.9784 ], [ 73.0194, 17.9898 ], [ 73.0051, 18.0197 ], [ 73.0213, 18.0275 ], [ 73.0061, 18.0521 ], [ 72.9904, 18.0558 ], [ 72.9968, 18.0842 ], [ 72.971, 18.1329 ], [ 72.9887, 18.1579 ], [ 72.9809, 18.1963 ], [ 72.9564, 18.2196 ], [ 72.9318, 18.2204 ], [ 72.9426, 18.2341 ], [ 72.938, 18.2837 ], [ 72.9643, 18.2802 ], [ 72.973, 18.2662 ], [ 72.9865, 18.2823 ], [ 72.9559, 18.3159 ], [ 72.9539, 18.335 ], [ 72.9152, 18.3551 ], [ 72.9259, 18.3834 ], [ 72.907, 18.403 ], [ 72.8937, 18.4718 ], [ 72.9111, 18.5026 ], [ 72.9053, 18.5386 ], [ 72.9212, 18.5506 ], [ 72.8781, 18.6308 ], [ 72.8601, 18.6335 ], [ 72.8511, 18.6988 ], [ 72.8658, 18.8076 ], [ 72.9145, 18.8003 ], [ 72.9452, 18.8264 ], [ 72.9571, 18.7992 ], [ 72.9959, 18.773 ], [ 72.9783, 18.8076 ], [ 72.9993, 18.8092 ], [ 72.9751, 18.8395 ], [ 72.9954, 18.8715 ], [ 72.9734, 18.8628 ], [ 72.961, 18.841 ], [ 72.9183, 18.8554 ], [ 72.9041, 18.9044 ], [ 72.9371, 18.9093 ], [ 72.9408, 18.9445 ], [ 72.9592, 18.9572 ], [ 72.9471, 18.9869 ], [ 72.8853, 18.9815 ], [ 72.8782, 19.0219 ], [ 72.8543, 18.9972 ], [ 72.8605, 18.9815 ], [ 72.8488, 18.9777 ], [ 72.8434, 18.9303 ], [ 72.812, 18.8951 ], [ 72.8036, 18.8988 ], [ 72.8256, 18.9194 ], [ 72.8236, 18.9412 ], [ 72.8122, 18.9553 ], [ 72.7933, 18.9394 ], [ 72.7925, 18.9499 ], [ 72.8138, 18.983 ], [ 72.8175, 19.0256 ], [ 72.823, 19.0174 ], [ 72.8326, 19.0237 ], [ 72.8386, 19.0465 ], [ 72.8318, 19.0532 ], [ 72.817, 19.0415 ], [ 72.8332, 19.0848 ], [ 72.8068, 19.1515 ], [ 72.7861, 19.1335 ], [ 72.7816, 19.1679 ], [ 72.7949, 19.1747 ], [ 72.7955, 19.1947 ], [ 72.7814, 19.1954 ], [ 72.7787, 19.2789 ], [ 72.7869, 19.3077 ], [ 72.8157, 19.3145 ], [ 72.83, 19.3346 ], [ 72.8002, 19.3238 ], [ 72.7447, 19.378 ], [ 72.7599, 19.3927 ], [ 72.7431, 19.4584 ], [ 72.7495, 19.4893 ], [ 72.7441, 19.4994 ], [ 72.7197, 19.5008 ], [ 72.7218, 19.5333 ], [ 72.7111, 19.5408 ], [ 72.7089, 19.5988 ], [ 72.7253, 19.6096 ], [ 72.6991, 19.6615 ], [ 72.7081, 19.7038 ], [ 72.6971, 19.7192 ], [ 72.6755, 19.7157 ], [ 72.6828, 19.7935 ], [ 72.6713, 19.8136 ], [ 72.6677, 19.8013 ], [ 72.654, 19.8109 ], [ 72.642, 19.844 ], [ 72.6481, 19.8701 ], [ 72.6555, 19.8619 ], [ 72.6803, 19.8649 ], [ 72.6788, 19.9207 ], [ 72.6642, 19.9335 ], [ 72.722, 19.9706 ], [ 72.7079, 20.07 ], [ 72.7466, 20.1161 ], [ 72.7377, 20.1343 ], [ 72.7941, 20.1233 ], [ 72.74, 20.1348 ], [ 72.7505, 20.2037 ], [ 72.7424, 20.2412 ], [ 72.7788, 20.335 ], [ 72.8258, 20.3665 ], [ 72.8046, 20.3723 ], [ 72.8212, 20.4368 ], [ 72.8463, 20.478 ], [ 72.8632, 20.4714 ], [ 72.8859, 20.4977 ], [ 72.8979, 20.5866 ], [ 72.8542, 20.715 ], [ 72.8529, 20.7568 ], [ 72.8202, 20.7938 ], [ 72.8392, 20.8052 ], [ 72.7802, 20.9212 ], [ 72.82, 20.9275 ], [ 72.8204, 20.9523 ], [ 72.7547, 20.9387 ], [ 72.7222, 21.0377 ], [ 72.7262, 21.061 ], [ 72.7361, 21.0509 ], [ 72.7489, 21.0572 ], [ 72.7412, 21.0745 ], [ 72.7099, 21.0798 ], [ 72.7025, 21.0962 ], [ 72.6848, 21.083 ], [ 72.6698, 21.115 ], [ 72.6415, 21.0852 ], [ 72.6199, 21.1007 ], [ 72.6381, 21.2111 ], [ 72.6574, 21.2247 ], [ 72.6223, 21.2426 ], [ 72.6003, 21.2899 ], [ 72.6012, 21.3886 ], [ 72.6793, 21.44 ], [ 72.6873, 21.4524 ], [ 72.6611, 21.4439 ], [ 72.6457, 21.4195 ], [ 72.6131, 21.4001 ], [ 72.5852, 21.4023 ], [ 72.5796, 21.4139 ], [ 72.6558, 21.4692 ], [ 72.7028, 21.5257 ], [ 72.7387, 21.534 ], [ 72.75, 21.5275 ], [ 72.7702, 21.5625 ], [ 72.7601, 21.5603 ], [ 72.7545, 21.5663 ], [ 72.7851, 21.5874 ], [ 72.8022, 21.5872 ], [ 72.7977, 21.5956 ], [ 72.8301, 21.6284 ], [ 72.8285, 21.6509 ], [ 72.8417, 21.6558 ], [ 72.8679, 21.6422 ], [ 72.8772, 21.6726 ], [ 72.895, 21.6751 ], [ 72.9068, 21.6649 ], [ 72.963, 21.674 ], [ 72.9611, 21.6819 ], [ 72.9228, 21.676 ], [ 72.8619, 21.6876 ], [ 72.8013, 21.6577 ], [ 72.7622, 21.67 ], [ 72.7381, 21.691 ], [ 72.7129, 21.6796 ], [ 72.6081, 21.6881 ], [ 72.5436, 21.6605 ], [ 72.5325, 21.7181 ], [ 72.5459, 21.735 ], [ 72.6072, 21.7531 ], [ 72.601, 21.7841 ], [ 72.61, 21.7902 ], [ 72.593, 21.8049 ], [ 72.6204, 21.8299 ], [ 72.6103, 21.8397 ], [ 72.6234, 21.8838 ], [ 72.633, 21.8804 ], [ 72.6482, 21.8973 ], [ 72.6913, 21.8826 ], [ 72.6919, 21.9419 ], [ 72.7194, 21.9392 ], [ 72.7483, 21.9675 ], [ 72.7252, 21.9965 ], [ 72.7078, 21.9534 ], [ 72.64, 21.9568 ], [ 72.588, 21.9224 ], [ 72.5454, 21.911 ], [ 72.528, 21.937 ], [ 72.5479, 21.9644 ], [ 72.5305, 21.9551 ], [ 72.5259, 21.9599 ], [ 72.5398, 21.9618 ], [ 72.5281, 21.9823 ], [ 72.5485, 21.9911 ], [ 72.5369, 22.0608 ], [ 72.5472, 22.0788 ], [ 72.5432, 22.1263 ], [ 72.581, 22.1992 ], [ 72.6157, 22.2161 ], [ 72.65, 22.2155 ], [ 72.6644, 22.2074 ], [ 72.659, 22.2018 ], [ 72.6595, 22.1994 ], [ 72.6706, 22.1968 ], [ 72.6684, 22.2046 ], [ 72.7827, 22.1576 ], [ 72.7828, 22.1929 ], [ 72.8227, 22.2092 ], [ 72.8225, 22.2282 ], [ 72.8538, 22.2389 ], [ 72.8469, 22.2751 ], [ 72.7752, 22.2292 ], [ 72.699, 22.1999 ], [ 72.6242, 22.2339 ], [ 72.5437, 22.2231 ], [ 72.3, 22.0334 ], [ 72.2689, 21.9706 ], [ 72.2417, 21.9758 ], [ 72.2117, 21.9621 ], [ 72.2042, 21.8911 ], [ 72.2425, 21.8298 ], [ 72.2355, 21.812 ], [ 72.2028, 21.8191 ], [ 72.2828, 21.697 ], [ 72.3061, 21.626 ], [ 72.27, 21.5726 ], [ 72.2354, 21.456 ], [ 72.1078, 21.3025 ], [ 72.0827, 21.2451 ], [ 72.1121, 21.1986 ], [ 72.0178, 21.1539 ], [ 72.0102, 21.1347 ], [ 71.9966, 21.1419 ], [ 71.9739, 21.1222 ], [ 71.8983, 21.1099 ], [ 71.879, 21.0888 ], [ 71.8131, 21.0675 ], [ 71.7976, 21.0552 ], [ 71.8059, 21.0381 ], [ 71.7805, 21.0392 ], [ 71.7844, 21.03 ], [ 71.761, 21.0206 ], [ 71.7167, 21.0208 ], [ 71.6819, 20.9965 ], [ 71.6471, 20.9942 ], [ 71.6368, 20.9807 ], [ 71.6477, 20.9747 ], [ 71.6171, 20.967 ], [ 71.6188, 20.9771 ], [ 71.6075, 20.978 ], [ 71.6107, 20.9662 ], [ 71.5656, 20.949 ], [ 71.5167, 20.9481 ], [ 71.5067, 20.9188 ], [ 71.44, 20.8695 ], [ 71.3969, 20.8652 ], [ 71.3799, 20.8743 ], [ 71.3841, 20.8568 ], [ 71.3217, 20.8466 ], [ 71.2092, 20.8009 ], [ 71.2029, 20.7892 ], [ 71.1464, 20.7713 ], [ 71.1458, 20.7578 ], [ 71.0865, 20.7555 ], [ 71.0718, 20.7346 ], [ 71.0462, 20.7304 ], [ 70.9995, 20.7422 ], [ 71.0074, 20.7375 ], [ 70.9931, 20.7266 ], [ 70.9974, 20.7139 ], [ 70.977, 20.7028 ], [ 70.9301, 20.7123 ], [ 70.9133, 20.6995 ], [ 70.8735, 20.7069 ], [ 70.873, 20.7045 ], [ 70.8441, 20.7065 ], [ 70.839, 20.6901 ], [ 70.8281, 20.6901 ], [ 70.7662, 20.7202 ], [ 70.7423, 20.7185 ], [ 70.6668, 20.761 ], [ 70.6573, 20.7557 ], [ 70.5857, 20.7816 ], [ 70.4377, 20.8529 ], [ 70.3937, 20.8928 ], [ 70.3228, 20.926 ], [ 70.0924, 21.1133 ], [ 69.616, 21.6246 ], [ 69.5662, 21.6515 ], [ 69.3731, 21.8321 ], [ 69.3298, 21.8555 ], [ 69.2166, 21.9575 ], [ 68.9812, 22.2123 ], [ 68.9659, 22.2341 ], [ 68.9738, 22.2365 ], [ 68.9582, 22.2381 ], [ 68.9358, 22.3118 ], [ 68.9771, 22.4036 ], [ 68.9818, 22.4016 ], [ 68.9964, 22.4016 ], [ 69.0, 22.4041 ], [ 68.9806, 22.4023 ], [ 68.9845, 22.4134 ], [ 69.0681, 22.4814 ], [ 69.0836, 22.4746 ], [ 69.0497, 22.4378 ], [ 69.0517, 22.4458 ], [ 69.0395, 22.4457 ], [ 69.0468, 22.4232 ], [ 69.0355, 22.3903 ], [ 69.049, 22.3979 ], [ 69.0608, 22.3833 ], [ 69.0818, 22.3882 ], [ 69.1105, 22.4099 ], [ 69.128, 22.3951 ], [ 69.1212, 22.3756 ], [ 69.1303, 22.3951 ], [ 69.1604, 22.4121 ], [ 69.1569, 22.4056 ], [ 69.1689, 22.4075 ], [ 69.1758, 22.423 ], [ 69.1948, 22.4218 ], [ 69.1877, 22.4025 ], [ 69.2009, 22.4014 ], [ 69.1975, 22.3878 ], [ 69.1679, 22.3733 ], [ 69.1809, 22.3707 ], [ 69.1754, 22.3479 ], [ 69.1634, 22.3486 ], [ 69.1539, 22.2487 ], [ 69.1338, 22.2226 ], [ 69.1364, 22.1955 ], [ 69.1482, 22.195 ], [ 69.1785, 22.2128 ], [ 69.1792, 22.2281 ], [ 69.1903, 22.2436 ], [ 69.2128, 22.2103 ], [ 69.2376, 22.2227 ], [ 69.2336, 22.2499 ], [ 69.2528, 22.2664 ], [ 69.2795, 22.2699 ], [ 69.2805, 22.2677 ], [ 69.2799, 22.2665 ], [ 69.2804, 22.2647 ], [ 69.2798, 22.263 ], [ 69.2796, 22.2608 ], [ 69.28, 22.2594 ], [ 69.2817, 22.2578 ], [ 69.2826, 22.2557 ], [ 69.2838, 22.2546 ], [ 69.2928, 22.2868 ], [ 69.3125, 22.287 ], [ 69.3361, 22.3051 ], [ 69.3327, 22.3278 ], [ 69.4232, 22.316 ], [ 69.4434, 22.3303 ], [ 69.4903, 22.3374 ], [ 69.4995, 22.3663 ], [ 69.5404, 22.3772 ], [ 69.5613, 22.3558 ], [ 69.5796, 22.3674 ], [ 69.5977, 22.3462 ], [ 69.6094, 22.3525 ], [ 69.6174, 22.3454 ], [ 69.6211, 22.3718 ], [ 69.6355, 22.3582 ], [ 69.6554, 22.3596 ], [ 69.6609, 22.3962 ], [ 69.7022, 22.3987 ], [ 69.6961, 22.4525 ], [ 69.7307, 22.4846 ], [ 69.7437, 22.4589 ], [ 69.7328, 22.4428 ], [ 69.746, 22.428 ], [ 69.7591, 22.4433 ], [ 69.7897, 22.4138 ], [ 69.7976, 22.4046 ], [ 69.7912, 22.3836 ], [ 69.7919, 22.3802 ], [ 69.7965, 22.3777 ], [ 69.8328, 22.4471 ], [ 69.871, 22.423 ], [ 69.8878, 22.4546 ], [ 69.9067, 22.4485 ], [ 69.9149, 22.4655 ], [ 69.9374, 22.4633 ], [ 69.9398, 22.4828 ], [ 69.9793, 22.4682 ], [ 69.9877, 22.5105 ], [ 70.0103, 22.4999 ], [ 70.0731, 22.5178 ], [ 70.0912, 22.5082 ], [ 70.0858, 22.4941 ], [ 70.1163, 22.501 ], [ 70.1181, 22.487 ], [ 70.1202, 22.4864 ], [ 70.1241, 22.5126 ], [ 70.1492, 22.512 ], [ 70.172, 22.5293 ], [ 70.1847, 22.5222 ], [ 70.1792, 22.5675 ], [ 70.2041, 22.582 ], [ 70.2109, 22.611 ], [ 70.2635, 22.6535 ], [ 70.2787, 22.7253 ], [ 70.4133, 22.8184 ], [ 70.4623, 22.8313 ], [ 70.4911, 22.8899 ], [ 70.5223, 22.9148 ], [ 70.5351, 22.9121 ], [ 70.5397, 22.9255 ], [ 70.4803, 22.9371 ], [ 70.4327, 22.9671 ], [ 70.4792, 22.9749 ], [ 70.5417, 22.9596 ], [ 70.5617, 23.029 ], [ 70.6022, 23.0343 ], [ 70.5971, 23.0609 ], [ 70.6293, 23.0625 ], [ 70.6386, 23.0812 ], [ 70.6937, 23.1201 ], [ 70.7654, 23.1454 ], [ 70.7676, 23.167 ], [ 70.7814, 23.1584 ], [ 70.7918, 23.1651 ], [ 70.7872, 23.1507 ], [ 70.8161, 23.1646 ], [ 70.8153, 23.1369 ], [ 70.8345, 23.1284 ], [ 70.8232, 23.1104 ], [ 70.8286, 23.0799 ], [ 70.8358, 23.1119 ], [ 70.8582, 23.1297 ], [ 70.8276, 23.1574 ], [ 70.8466, 23.1524 ], [ 70.8486, 23.1693 ], [ 70.9016, 23.1708 ], [ 70.9592, 23.1948 ], [ 70.9189, 23.1984 ], [ 70.8906, 23.1827 ], [ 70.8629, 23.1924 ], [ 70.8733, 23.204 ], [ 70.8602, 23.2085 ], [ 70.8931, 23.2247 ], [ 70.8331, 23.2499 ], [ 70.8122, 23.2301 ], [ 70.7828, 23.2495 ], [ 70.7677, 23.2461 ], [ 70.7445, 23.2209 ], [ 70.7239, 23.2177 ], [ 70.728, 23.2059 ], [ 70.6508, 23.2239 ], [ 70.649, 23.192 ], [ 70.579, 23.1777 ], [ 70.5012, 23.1781 ], [ 70.428, 23.2175 ], [ 70.4363, 23.2334 ], [ 70.4248, 23.2373 ], [ 70.378, 23.2316 ], [ 70.3664, 23.2199 ], [ 70.3019, 23.2237 ], [ 70.2676, 23.1785 ], [ 70.2497, 23.1779 ], [ 70.2385, 23.1649 ], [ 70.2088, 23.1604 ], [ 70.2073, 23.1256 ], [ 70.1493, 23.037 ], [ 70.1696, 23.0428 ], [ 70.1886, 23.0728 ], [ 70.2108, 23.0746 ], [ 70.2264, 22.9518 ], [ 70.1644, 22.9383 ], [ 70.1211, 22.9626 ], [ 70.1581, 23.0323 ], [ 70.1482, 23.0348 ], [ 70.1038, 22.98 ], [ 70.0365, 22.9527 ], [ 70.0273, 22.927 ], [ 69.9848, 22.9146 ], [ 69.9622, 22.8936 ], [ 69.927, 22.896 ], [ 69.8987, 22.8713 ], [ 69.8563, 22.8687 ], [ 69.7949, 22.8484 ], [ 69.7485, 22.8186 ], [ 69.6661, 22.7975 ], [ 69.6474, 22.7962 ], [ 69.6459, 22.81 ], [ 69.6183, 22.8123 ], [ 69.6059, 22.803 ], [ 69.5756, 22.8177 ], [ 69.5308, 22.7999 ], [ 69.5053, 22.8089 ], [ 69.4943, 22.7969 ], [ 69.4828, 22.8057 ], [ 69.4773, 22.7955 ], [ 69.4573, 22.8143 ], [ 69.4182, 22.8127 ], [ 69.47, 22.7764 ], [ 69.4947, 22.7799 ], [ 69.4723, 22.7737 ], [ 69.3812, 22.8188 ], [ 69.314, 22.8333 ], [ 69.2679, 22.8252 ], [ 69.1958, 22.838 ], [ 69.1942, 22.8519 ], [ 69.1312, 22.8723 ], [ 68.8128, 23.0584 ], [ 68.8703, 23.0272 ], [ 68.8367, 23.0464 ], [ 68.847, 23.0484 ], [ 68.8418, 23.0586 ], [ 68.8348, 23.0506 ], [ 68.8152, 23.077 ], [ 68.8117, 23.0614 ], [ 68.8032, 23.0649 ], [ 68.8118, 23.0588 ], [ 68.7614, 23.0787 ], [ 68.75, 23.0872 ], [ 68.7636, 23.0876 ], [ 68.7651, 23.079 ], [ 68.77, 23.0773 ], [ 68.7785, 23.0776 ], [ 68.7815, 23.0833 ], [ 68.7723, 23.0783 ], [ 68.7601, 23.0998 ], [ 68.7836, 23.12 ], [ 68.7544, 23.123 ], [ 68.7459, 23.11 ], [ 68.7122, 23.1514 ], [ 68.6828, 23.1527 ], [ 68.6826, 23.1758 ], [ 68.6596, 23.1977 ], [ 68.6737, 23.2019 ], [ 68.6692, 23.2182 ], [ 68.621, 23.2057 ], [ 68.6535, 23.2311 ], [ 68.702, 23.2401 ], [ 68.7147, 23.2641 ], [ 68.7245, 23.2551 ], [ 68.7242, 23.2668 ], [ 68.7055, 23.2707 ], [ 68.7119, 23.2867 ], [ 68.6993, 23.2842 ], [ 68.714, 23.2956 ], [ 68.7135, 23.318 ], [ 68.6814, 23.3118 ], [ 68.685, 23.3289 ], [ 68.6683, 23.3315 ], [ 68.6605, 23.3475 ], [ 68.6523, 23.3031 ], [ 68.64, 23.3232 ], [ 68.6526, 23.3356 ], [ 68.636, 23.3389 ], [ 68.6258, 23.3649 ], [ 68.6119, 23.3691 ], [ 68.6204, 23.374 ], [ 68.6096, 23.372 ], [ 68.5659, 23.4172 ], [ 68.5435, 23.4202 ], [ 68.5306, 23.4452 ], [ 68.5463, 23.4651 ], [ 68.5294, 23.4494 ], [ 68.4836, 23.5487 ], [ 68.4948, 23.5592 ], [ 68.4929, 23.6058 ], [ 68.5157, 23.6214 ], [ 68.5106, 23.6395 ], [ 68.529, 23.6358 ], [ 68.5334, 23.6492 ], [ 68.5218, 23.6421 ], [ 68.5207, 23.6496 ], [ 68.5429, 23.6532 ], [ 68.568, 23.6849 ], [ 68.5525, 23.6993 ], [ 68.5483, 23.6918 ], [ 68.5572, 23.7166 ], [ 68.5733, 23.7214 ], [ 68.5717, 23.7088 ], [ 68.5872, 23.7026 ], [ 68.6005, 23.7088 ], [ 68.5968, 23.7241 ], [ 68.6128, 23.718 ], [ 68.6322, 23.7278 ], [ 68.6287, 23.7345 ], [ 68.6157, 23.7259 ], [ 68.6185, 23.738 ], [ 68.6488, 23.7389 ], [ 68.6353, 23.761 ], [ 68.6506, 23.7926 ], [ 68.6725, 23.804 ], [ 68.6815, 23.795 ], [ 68.7083, 23.8343 ], [ 68.6882, 23.8464 ], [ 68.6555, 23.8328 ], [ 68.6026, 23.8295 ], [ 68.5767, 23.8173 ], [ 68.527, 23.7458 ], [ 68.5088, 23.7505 ], [ 68.4884, 23.7316 ], [ 68.464, 23.7422 ], [ 68.421, 23.7332 ], [ 68.3872, 23.5948 ], [ 68.291, 23.5714 ], [ 68.2781, 23.5597 ], [ 68.1875, 23.5823 ], [ 68.1854, 23.5956 ], [ 68.1922, 23.5867 ], [ 68.2077, 23.5862 ], [ 68.1805, 23.607 ], [ 68.1775, 23.6279 ], [ 68.1873, 23.6462 ], [ 68.2085, 23.6507 ], [ 68.1826, 23.655 ], [ 68.2067, 23.6689 ], [ 68.1817, 23.7216 ], [ 68.2026, 23.7667 ], [ 68.2066, 23.872 ], [ 68.2522, 23.8969 ], [ 68.2799, 23.9308 ], [ 68.3329, 23.9251 ], [ 68.3367, 23.9617 ], [ 68.3504, 23.976 ], [ 68.3739, 23.9851 ], [ 68.3897, 23.9666 ], [ 68.753, 23.9713 ], [ 68.7647, 24.2958 ], [ 68.8082, 24.3136 ], [ 68.8307, 24.3119 ], [ 68.8648, 24.2128 ], [ 68.8803, 24.2166 ], [ 68.9068, 24.2798 ], [ 68.9453, 24.3025 ], [ 68.9847, 24.2276 ], [ 69.0053, 24.2231 ], [ 69.0948, 24.2745 ], [ 69.1938, 24.2361 ], [ 69.3127, 24.2816 ], [ 69.3763, 24.2695 ], [ 69.446, 24.2803 ], [ 69.494, 24.2678 ], [ 69.5944, 24.2924 ], [ 69.7312, 24.1711 ], [ 70.0251, 24.1713 ], [ 70.0668, 24.1992 ], [ 70.1099, 24.295 ], [ 70.2507, 24.3244 ], [ 70.3256, 24.3519 ], [ 70.3685, 24.3508 ], [ 70.4117, 24.3756 ], [ 70.5731, 24.4224 ], [ 70.6025, 24.4081 ], [ 70.5805, 24.3633 ], [ 70.562, 24.3545 ], [ 70.5845, 24.2904 ], [ 70.5712, 24.2517 ], [ 70.6669, 24.2196 ], [ 70.8055, 24.2209 ], [ 70.9073, 24.2588 ], [ 70.8757, 24.2802 ], [ 70.8745, 24.2945 ], [ 70.9477, 24.3481 ], [ 70.9865, 24.3647 ], [ 71.0035, 24.351 ], [ 71.0421, 24.3513 ], [ 71.0819, 24.3929 ], [ 71.1218, 24.4057 ], [ 71.1255, 24.4201 ], [ 71.1031, 24.4357 ], [ 71.0375, 24.4319 ], [ 70.9986, 24.4444 ], [ 71.0052, 24.523 ], [ 70.9874, 24.5434 ], [ 70.9863, 24.5955 ], [ 70.9988, 24.6218 ], [ 71.0747, 24.6619 ], [ 71.0965, 24.6887 ], [ 71.0986, 24.6879 ], [ 71.0653, 24.7175 ], [ 71.0265, 24.8088 ], [ 70.9376, 24.9386 ], [ 70.8887, 25.1482 ], [ 70.7516, 25.2778 ], [ 70.7368, 25.3326 ], [ 70.6648, 25.3969 ], [ 70.6785, 25.5252 ], [ 70.6671, 25.5313 ], [ 70.6739, 25.6758 ], [ 70.6601, 25.7022 ], [ 70.6473, 25.7126 ], [ 70.6089, 25.715 ], [ 70.5302, 25.6835 ], [ 70.387, 25.6738 ], [ 70.2687, 25.7136 ], [ 70.2472, 25.7616 ], [ 70.1745, 25.8284 ], [ 70.0998, 25.9383 ], [ 70.0834, 26.0833 ], [ 70.1412, 26.1558 ], [ 70.175, 26.2515 ], [ 70.1635, 26.2949 ], [ 70.1854, 26.3743 ], [ 70.1742, 26.5514 ], [ 70.1172, 26.5869 ], [ 70.0562, 26.6006 ], [ 69.8868, 26.5789 ], [ 69.8231, 26.589 ], [ 69.7919, 26.5983 ], [ 69.7301, 26.6484 ], [ 69.7197, 26.6547 ], [ 69.5103, 26.7435 ], [ 69.4844, 26.8048 ], [ 69.5133, 27.01 ], [ 69.5868, 27.1833 ], [ 69.8625, 27.4018 ], [ 69.9339, 27.4978 ], [ 70.0259, 27.5629 ], [ 70.1324, 27.806 ], [ 70.227, 27.9014 ], [ 70.2962, 27.936 ], [ 70.3722, 28.0118 ], [ 70.5058, 28.037 ], [ 70.5895, 28.0104 ], [ 70.6774, 27.9218 ], [ 70.6844, 27.8282 ], [ 70.7398, 27.7419 ], [ 70.7593, 27.7213 ], [ 70.8718, 27.7056 ], [ 70.9632, 27.7294 ], [ 71.2055, 27.8354 ], [ 71.3831, 27.8726 ], [ 71.6664, 27.8778 ], [ 71.8918, 27.9597 ], [ 71.9274, 28.1217 ], [ 72.0043, 28.2187 ], [ 72.1322, 28.3131 ], [ 72.2061, 28.3943 ], [ 72.2992, 28.6698 ], [ 72.3907, 28.7704 ], [ 72.7331, 28.9481 ], [ 72.9458, 29.0279 ], [ 73.0044, 29.153 ], [ 73.0844, 29.2363 ], [ 73.2821, 29.572 ], [ 73.3969, 29.946 ], [ 73.597, 30.019 ], [ 73.8066, 30.068 ], [ 73.9678, 30.1944 ], [ 73.9598, 30.2702 ], [ 73.9309, 30.3201 ], [ 73.8798, 30.3597 ], [ 73.9647, 30.4246 ], [ 73.9738, 30.4438 ], [ 73.9263, 30.4389 ], [ 73.9373, 30.4451 ], [ 73.9345, 30.4903 ], [ 73.9477, 30.4839 ], [ 73.9501, 30.4601 ], [ 73.9641, 30.4565 ], [ 73.9637, 30.4849 ], [ 73.982, 30.504 ], [ 74.02, 30.5142 ], [ 74.012, 30.5336 ], [ 74.031, 30.5269 ], [ 74.0392, 30.5426 ], [ 74.0573, 30.5187 ], [ 74.0723, 30.5229 ], [ 74.0909, 30.5494 ], [ 74.0734, 30.5547 ], [ 74.1021, 30.5792 ], [ 74.096, 30.6116 ], [ 74.1051, 30.6193 ], [ 74.1181, 30.6079 ], [ 74.1274, 30.6348 ], [ 74.1478, 30.6311 ], [ 74.1933, 30.6652 ], [ 74.2327, 30.7246 ], [ 74.2865, 30.7357 ], [ 74.2602, 30.7731 ], [ 74.302, 30.7794 ], [ 74.3068, 30.7892 ], [ 74.2949, 30.7945 ], [ 74.3204, 30.8466 ], [ 74.3481, 30.8549 ], [ 74.3634, 30.8473 ], [ 74.3821, 30.8604 ], [ 74.3608, 30.8737 ], [ 74.3659, 30.8929 ], [ 74.3973, 30.9094 ], [ 74.4227, 30.9078 ], [ 74.4103, 30.9235 ], [ 74.4235, 30.9207 ], [ 74.4287, 30.9312 ], [ 74.4139, 30.9296 ], [ 74.4164, 30.9403 ], [ 74.4395, 30.9422 ], [ 74.4797, 30.9743 ], [ 74.5035, 30.9648 ], [ 74.5462, 30.9924 ], [ 74.5425, 31.0174 ], [ 74.5682, 31.0547 ], [ 74.5968, 31.0377 ], [ 74.6712, 31.0536 ], [ 74.6959, 31.0742 ], [ 74.7023, 31.0924 ], [ 74.6891, 31.128 ], [ 74.667, 31.1243 ], [ 74.659, 31.134 ], [ 74.6362, 31.1183 ], [ 74.6309, 31.1327 ], [ 74.6031, 31.1336 ], [ 74.6107, 31.0993 ], [ 74.5713, 31.0814 ], [ 74.5515, 31.0864 ], [ 74.5484, 31.1219 ], [ 74.5104, 31.1319 ], [ 74.5108, 31.1812 ], [ 74.526, 31.2118 ], [ 74.517, 31.2279 ], [ 74.5192, 31.2336 ], [ 74.5282, 31.24 ], [ 74.5327, 31.2497 ], [ 74.5206, 31.2689 ], [ 74.542, 31.3038 ], [ 74.5263, 31.312 ], [ 74.5489, 31.3348 ], [ 74.5517, 31.3644 ], [ 74.5835, 31.379 ], [ 74.6025, 31.4205 ], [ 74.6193, 31.42 ], [ 74.6224, 31.4301 ], [ 74.6432, 31.416 ], [ 74.6546, 31.426 ], [ 74.6386, 31.4444 ], [ 74.6521, 31.4573 ], [ 74.6275, 31.4769 ], [ 74.6365, 31.4848 ], [ 74.6252, 31.486 ], [ 74.6224, 31.4819 ], [ 74.6098, 31.4999 ], [ 74.5752, 31.5012 ], [ 74.5871, 31.504 ], [ 74.5843, 31.5209 ], [ 74.6129, 31.5273 ], [ 74.6187, 31.5516 ], [ 74.6068, 31.563 ], [ 74.6156, 31.569 ], [ 74.5923, 31.5741 ], [ 74.5753, 31.6038 ], [ 74.5553, 31.6078 ], [ 74.5287, 31.6666 ], [ 74.535, 31.6776 ], [ 74.4866, 31.715 ], [ 74.5037, 31.7405 ], [ 74.5594, 31.7579 ], [ 74.5514, 31.779 ], [ 74.5671, 31.7964 ], [ 74.5579, 31.8048 ], [ 74.5731, 31.816 ], [ 74.5721, 31.8388 ], [ 74.6066, 31.8685 ], [ 74.6079, 31.8904 ], [ 74.6363, 31.8842 ], [ 74.6667, 31.9227 ], [ 74.7192, 31.9237 ], [ 74.7202, 31.9414 ], [ 74.7566, 31.9437 ], [ 74.7556, 31.9558 ], [ 74.7684, 31.9477 ], [ 74.8191, 31.9587 ], [ 74.8289, 31.9986 ], [ 74.88, 32.032 ], [ 74.8689, 32.0416 ], [ 74.8795, 32.0538 ], [ 74.9048, 32.0502 ], [ 74.928, 32.0665 ], [ 75.0124, 32.0357 ], [ 75.0216, 32.0486 ], [ 75.0407, 32.0427 ], [ 75.0687, 32.0672 ], [ 75.084, 32.06 ], [ 75.0912, 32.0718 ], [ 75.1049, 32.0586 ], [ 75.1229, 32.0814 ], [ 75.1577, 32.0818 ], [ 75.1742, 32.0675 ], [ 75.1985, 32.0827 ], [ 75.2025, 32.1202 ], [ 75.2158, 32.1211 ], [ 75.2237, 32.0982 ], [ 75.2354, 32.1035 ], [ 75.2314, 32.0916 ], [ 75.2613, 32.1014 ], [ 75.2794, 32.1178 ], [ 75.2854, 32.1515 ], [ 75.3224, 32.1795 ], [ 75.3103, 32.1946 ], [ 75.3164, 32.208 ], [ 75.3724, 32.2261 ], [ 75.3708, 32.2576 ], [ 75.3819, 32.269 ], [ 75.3205, 32.2974 ], [ 75.336, 32.3335 ], [ 75.3278, 32.3261 ], [ 75.3227, 32.3435 ], [ 75.2883, 32.3545 ], [ 75.2897, 32.3698 ], [ 75.2581, 32.3714 ], [ 75.2559, 32.3893 ], [ 75.194, 32.4005 ], [ 75.1996, 32.4204 ], [ 75.1898, 32.4258 ], [ 75.1314, 32.4089 ], [ 75.1332, 32.4278 ], [ 75.1067, 32.4741 ], [ 75.0855, 32.4688 ], [ 75.028, 32.4971 ], [ 75.0193, 32.4662 ], [ 74.9527, 32.4475 ], [ 74.9379, 32.4713 ], [ 74.9174, 32.4643 ], [ 74.8793, 32.4767 ], [ 74.8773, 32.493 ], [ 74.8653, 32.4863 ], [ 74.8188, 32.4979 ], [ 74.8128, 32.4796 ], [ 74.7948, 32.4764 ], [ 74.7145, 32.4769 ], [ 74.7102, 32.4926 ], [ 74.6879, 32.4869 ], [ 74.6906, 32.533 ], [ 74.6629, 32.5445 ], [ 74.6738, 32.568 ], [ 74.6525, 32.563 ], [ 74.6588, 32.5968 ], [ 74.6418, 32.6005 ], [ 74.639, 32.6146 ], [ 74.6549, 32.6152 ], [ 74.6551, 32.637 ], [ 74.6953, 32.6613 ], [ 74.6535, 32.6967 ], [ 74.7048, 32.8419 ], [ 74.6405, 32.8189 ], [ 74.6346, 32.8066 ], [ 74.6584, 32.7877 ], [ 74.6323, 32.7764 ], [ 74.6343, 32.7495 ], [ 74.6192, 32.7607 ], [ 74.5768, 32.7479 ], [ 74.5629, 32.7601 ], [ 74.5482, 32.7468 ], [ 74.5116, 32.7455 ], [ 74.5116, 32.7645 ], [ 74.4861, 32.7644 ], [ 74.4594, 32.7877 ], [ 74.4153, 32.7846 ], [ 74.391, 32.7632 ], [ 74.355, 32.767 ], [ 74.3145, 32.7968 ], [ 74.3034, 32.8298 ], [ 74.2196, 32.8488 ], [ 74.2113, 32.8734 ], [ 74.1788, 32.8895 ], [ 74.069, 32.9096 ], [ 74.0582, 32.9345 ], [ 73.9997, 32.9354 ], [ 74.0062, 32.9549 ], [ 73.9724, 32.9672 ], [ 73.9646, 32.9871 ], [ 73.8257, 33.004 ], [ 73.826, 32.9772 ], [ 73.7904, 32.9668 ], [ 73.7945, 33.0036 ], [ 73.7491, 33.0336 ], [ 73.7428, 33.0662 ], [ 73.6997, 33.0849 ], [ 73.6399, 33.0831 ], [ 73.633, 33.0918 ], [ 73.6312, 33.1395 ], [ 73.6487, 33.1375 ], [ 73.6499, 33.1566 ], [ 73.6645, 33.1613 ], [ 73.668, 33.2019 ], [ 73.6476, 33.2228 ], [ 73.6335, 33.2076 ], [ 73.6376, 33.2304 ], [ 73.6218, 33.236 ], [ 73.6065, 33.2737 ], [ 73.6142, 33.2929 ], [ 73.5956, 33.3028 ], [ 73.5893, 33.3235 ], [ 73.598, 33.3375 ], [ 73.5784, 33.3286 ], [ 73.5705, 33.343 ], [ 73.5838, 33.3557 ], [ 73.5652, 33.3663 ], [ 73.5733, 33.3918 ], [ 73.6032, 33.4191 ], [ 73.5867, 33.4228 ], [ 73.5961, 33.439 ], [ 73.6319, 33.4476 ], [ 73.6021, 33.4967 ], [ 73.6187, 33.4954 ], [ 73.6114, 33.5131 ], [ 73.6418, 33.5285 ], [ 73.6244, 33.5409 ], [ 73.6287, 33.5711 ], [ 73.605, 33.5887 ], [ 73.6119, 33.6038 ], [ 73.5672, 33.6177 ], [ 73.5777, 33.6381 ], [ 73.5675, 33.6685 ], [ 73.6031, 33.7151 ], [ 73.5946, 33.7512 ], [ 73.5599, 33.7813 ], [ 73.5928, 33.8938 ], [ 73.5476, 33.9369 ], [ 73.5165, 33.9988 ], [ 73.4909, 34.1397 ], [ 73.4985, 34.2112 ], [ 73.4728, 34.2523 ], [ 73.4808, 34.2894 ], [ 73.4567, 34.2765 ], [ 73.4299, 34.3463 ], [ 73.4079, 34.3503 ], [ 73.3961, 34.3716 ], [ 73.4092, 34.3776 ], [ 73.4277, 34.426 ], [ 73.4219, 34.4661 ], [ 73.4483, 34.5671 ], [ 73.5322, 34.571 ], [ 73.5561, 34.5898 ], [ 73.6111, 34.5848 ], [ 73.633, 34.5626 ], [ 73.6503, 34.562 ], [ 73.6538, 34.6005 ], [ 73.695, 34.6501 ], [ 73.6591, 34.6731 ], [ 73.7046, 34.722 ], [ 73.7299, 34.7722 ], [ 73.7723, 34.7961 ], [ 73.8218, 34.7921 ], [ 73.8377, 34.8132 ], [ 73.9194, 34.8116 ], [ 73.9305, 34.8324 ], [ 73.961, 34.8386 ], [ 73.9674, 34.8638 ], [ 74.0299, 34.8763 ], [ 74.042, 34.891 ], [ 74.0372, 34.9192 ], [ 74.0712, 34.9355 ], [ 74.0593, 34.9927 ], [ 74.1097, 35.0161 ], [ 74.0667, 35.0463 ], [ 74.1014, 35.0991 ], [ 74.1473, 35.097 ], [ 74.1059, 35.1257 ], [ 74.1123, 35.1485 ], [ 74.0338, 35.1469 ], [ 74.0048, 35.1677 ], [ 74.0028, 35.1836 ], [ 73.9568, 35.168 ], [ 73.9245, 35.2039 ], [ 73.8612, 35.2071 ], [ 73.8083, 35.2395 ], [ 73.7705, 35.236 ], [ 73.7294, 35.2097 ], [ 73.708, 35.2225 ], [ 73.725, 35.273 ], [ 73.6948, 35.3184 ], [ 73.6939, 35.3594 ], [ 73.727, 35.419 ], [ 73.792, 35.4542 ], [ 73.7785, 35.5229 ], [ 73.7296, 35.5295 ], [ 73.7213, 35.5492 ], [ 73.6588, 35.5476 ], [ 73.6284, 35.569 ], [ 73.5616, 35.5464 ], [ 73.5279, 35.5673 ], [ 73.5015, 35.5576 ], [ 73.4774, 35.5719 ], [ 73.3981, 35.5571 ], [ 73.3635, 35.5972 ], [ 73.2687, 35.6244 ], [ 73.1329, 35.7108 ], [ 73.1265, 35.7762 ], [ 73.1487, 35.8312 ], [ 73.0839, 35.8775 ], [ 73.0288, 35.8471 ], [ 72.9871, 35.8598 ], [ 72.9184, 35.8391 ], [ 72.8924, 35.8445 ], [ 72.8911, 35.8737 ], [ 72.8393, 35.8671 ], [ 72.8192, 35.8817 ], [ 72.7843, 35.8415 ], [ 72.7614, 35.8323 ], [ 72.7266, 35.8531 ], [ 72.6844, 35.8225 ], [ 72.6281, 35.8579 ], [ 72.5851, 35.8594 ], [ 72.5582, 35.8977 ], [ 72.5185, 35.9055 ], [ 72.5131, 35.9387 ], [ 72.5349, 35.9506 ], [ 72.5387, 35.9851 ], [ 72.56, 35.987 ], [ 72.5846, 36.0251 ], [ 72.5688, 36.0446 ], [ 72.5357, 36.0473 ], [ 72.5167, 36.0673 ], [ 72.5276, 36.1102 ], [ 72.5617, 36.1399 ], [ 72.5359, 36.1733 ], [ 72.5473, 36.2054 ], [ 72.5739, 36.2238 ], [ 72.5847, 36.2569 ], [ 72.6117, 36.2695 ], [ 72.6848, 36.2439 ], [ 72.6806, 36.271 ], [ 72.7112, 36.2763 ], [ 72.7311, 36.2983 ], [ 72.7592, 36.2986 ], [ 72.8033, 36.3308 ], [ 72.8161, 36.3564 ], [ 72.8537, 36.3663 ], [ 72.8755, 36.3946 ], [ 72.8758, 36.4169 ], [ 72.8597, 36.4356 ], [ 72.9081, 36.4609 ], [ 72.9794, 36.4573 ], [ 72.9879, 36.4693 ], [ 72.9742, 36.4754 ], [ 72.9779, 36.5115 ], [ 73.0519, 36.533 ], [ 73.0972, 36.606 ], [ 73.0741, 36.6288 ], [ 73.0804, 36.67 ], [ 73.0676, 36.7006 ], [ 73.1164, 36.6842 ], [ 73.1625, 36.7076 ], [ 73.1707, 36.724 ], [ 73.2014, 36.6955 ], [ 73.238, 36.7115 ], [ 73.2941, 36.7042 ], [ 73.3478, 36.7164 ], [ 73.3516, 36.735 ], [ 73.3944, 36.7301 ], [ 73.4214, 36.743 ], [ 73.4976, 36.7131 ], [ 73.5098, 36.7219 ], [ 73.5199, 36.7103 ], [ 73.5543, 36.7096 ], [ 73.5793, 36.7224 ], [ 73.5927, 36.6928 ], [ 73.638, 36.6979 ], [ 73.6831, 36.6866 ], [ 73.7099, 36.7123 ], [ 73.7748, 36.7021 ], [ 73.7956, 36.7188 ], [ 73.8718, 36.7014 ], [ 73.8853, 36.7299 ], [ 73.868, 36.7663 ], [ 73.837, 36.7951 ], [ 73.8015, 36.7942 ], [ 73.7976, 36.8182 ], [ 73.7588, 36.8162 ], [ 73.7055, 36.8378 ], [ 73.7062, 36.858 ], [ 73.667, 36.8809 ], [ 73.6711, 36.9117 ], [ 73.6972, 36.9143 ], [ 73.7287, 36.898 ], [ 73.7513, 36.9097 ], [ 73.7736, 36.8963 ], [ 73.7941, 36.9002 ], [ 73.8007, 36.8875 ], [ 73.8204, 36.9031 ], [ 73.8593, 36.8973 ], [ 73.893, 36.8755 ], [ 73.9149, 36.883 ], [ 73.9615, 36.8393 ], [ 74.0084, 36.8338 ], [ 74.0465, 36.8108 ], [ 74.0855, 36.8415 ], [ 74.1163, 36.8357 ], [ 74.1335, 36.8479 ], [ 74.1558, 36.9105 ], [ 74.249, 36.8936 ], [ 74.4264, 36.9957 ], [ 74.523, 36.9951 ], [ 74.5403, 36.9633 ], [ 74.5641, 36.9579 ], [ 74.5804, 37.021 ], [ 74.5681, 37.0518 ], [ 74.6901, 37.0881 ], [ 74.7074, 37.0873 ], [ 74.7119, 37.0638 ], [ 74.7494, 37.0194 ], [ 74.7691, 37.0412 ], [ 74.8389, 37.0358 ], [ 74.8348, 37.0053 ], [ 74.9156, 36.9203 ], [ 75.0157, 36.9907 ], [ 75.1092, 36.9619 ], [ 75.153, 36.9882 ], [ 75.211, 37.05 ], [ 75.3413, 37.0608 ], [ 75.3544, 36.9885 ], [ 75.3689, 36.9752 ], [ 75.4037, 36.9822 ], [ 75.4184, 36.9724 ], [ 75.4249, 36.9524 ], [ 75.4069, 36.908 ], [ 75.4498, 36.8889 ], [ 75.4633, 36.8303 ], [ 75.6127, 36.7753 ], [ 75.7444, 36.6077 ], [ 75.807, 36.5634 ], [ 75.8524, 36.5583 ], [ 75.945, 36.5116 ], [ 76.0712, 36.4842 ], [ 76.164, 36.4065 ], [ 76.2665, 36.3588 ], [ 76.3539, 36.3694 ], [ 76.4375, 36.3104 ], [ 76.4485, 36.272 ], [ 76.4368, 36.2578 ], [ 76.481, 36.2197 ], [ 76.5941, 36.1783 ], [ 76.6169, 36.178 ], [ 76.6447, 36.1977 ], [ 76.6559, 36.1922 ], [ 76.7111, 36.1401 ], [ 76.7201, 36.0977 ], [ 76.7838, 36.0719 ], [ 76.8137, 36.0406 ], [ 76.8104, 36.0229 ], [ 76.7877, 36.0167 ], [ 76.7321, 35.9546 ], [ 76.783, 35.9052 ], [ 76.8075, 35.8497 ], [ 76.8611, 35.836 ], [ 76.9356, 35.789 ], [ 76.9824, 35.7876 ], [ 77.001, 35.7756 ], [ 77.1157, 35.7981 ], [ 77.1522, 35.7686 ], [ 77.1764, 35.7681 ], [ 77.169, 35.7405 ], [ 77.1797, 35.7302 ], [ 77.213, 35.7333 ], [ 77.2583, 35.7043 ], [ 77.2874, 35.7226 ], [ 77.3211, 35.701 ], [ 77.3355, 35.7198 ], [ 77.3659, 35.7152 ], [ 77.4116, 35.6563 ], [ 77.4379, 35.6561 ], [ 77.4401, 35.6021 ], [ 77.4719, 35.5843 ], [ 77.4652, 35.55 ], [ 77.4828, 35.5296 ], [ 77.4734, 35.5177 ], [ 77.4305, 35.5137 ], [ 77.3887, 35.5394 ], [ 77.362, 35.5432 ], [ 77.332, 35.5303 ], [ 77.3852, 35.4739 ], [ 77.4437, 35.4595 ], [ 77.4961, 35.4778 ], [ 77.6286, 35.465 ], [ 77.6531, 35.4812 ], [ 77.6852, 35.4668 ], [ 77.7288, 35.4773 ], [ 77.7359, 35.5211 ], [ 77.7863, 35.488 ], [ 77.8292, 35.5051 ], [ 77.8626, 35.4762 ], [ 77.8861, 35.4774 ], [ 77.9121, 35.4611 ], [ 77.9293, 35.4903 ], [ 77.9853, 35.4483 ], [ 77.9393, 35.5069 ], [ 77.9679, 35.5718 ], [ 77.9578, 35.6049 ], [ 78.0014, 35.5824 ], [ 78.0556, 35.5818 ], [ 78.0844, 35.552 ], [ 78.1368, 35.5366 ], [ 78.1649, 35.5517 ], [ 78.1698, 35.625 ], [ 78.1974, 35.6228 ], [ 78.212, 35.666 ], [ 78.2656, 35.6474 ], [ 78.2845, 35.6645 ], [ 78.277, 35.7184 ], [ 78.2979, 35.7281 ], [ 78.338, 35.7189 ], [ 78.4039, 35.7358 ], [ 78.4427, 35.7836 ], [ 78.5342, 35.7625 ], [ 78.61, 35.8121 ], [ 78.6464, 35.8211 ], [ 78.6733, 35.8542 ], [ 78.7862, 35.8689 ], [ 78.8391, 35.8561 ], [ 78.9251, 35.8675 ], [ 78.9692, 35.8902 ], [ 79.0322, 35.8477 ], [ 79.1647, 35.8382 ], [ 79.2128, 35.8779 ], [ 79.2045, 35.9277 ], [ 79.2309, 35.9722 ], [ 79.2517, 35.9848 ], [ 79.358, 35.9917 ], [ 79.4104, 35.986 ], [ 79.4402, 35.8941 ], [ 79.5362, 35.8796 ], [ 79.6823, 35.8325 ], [ 79.7511, 35.7969 ], [ 79.899, 35.7751 ], [ 79.9677, 35.8252 ], [ 80.0157, 35.8262 ], [ 80.0426, 35.8027 ], [ 80.0775, 35.7257 ], [ 80.1289, 35.6567 ], [ 80.2131, 35.6387 ], [ 80.3117, 35.588 ], [ 80.3146, 35.5361 ], [ 80.3268, 35.5289 ], [ 80.3451, 35.4612 ], [ 80.2985, 35.417 ], [ 80.2975, 35.3529 ], [ 80.2427, 35.208 ], [ 80.185, 35.1306 ], [ 80.1869, 35.008 ], [ 80.1272, 34.8725 ], [ 80.075, 34.8054 ], [ 80.0653, 34.6929 ], [ 79.9737, 34.6768 ], [ 79.9447, 34.6609 ], [ 79.8783, 34.6749 ], [ 79.7766, 34.6104 ], [ 79.7944, 34.5805 ], [ 79.7698, 34.5378 ], [ 79.821, 34.5145 ], [ 79.8161, 34.4831 ], [ 79.7914, 34.4668 ], [ 79.7444, 34.4621 ], [ 79.5984, 34.4868 ], [ 79.5222, 34.4636 ], [ 79.5316, 34.4088 ], [ 79.5689, 34.4006 ], [ 79.5685, 34.3202 ], [ 79.597, 34.278 ], [ 79.5921, 34.2358 ], [ 79.5401, 34.1913 ], [ 79.5131, 34.2009 ], [ 79.4937, 34.1847 ], [ 79.496, 34.1244 ], [ 79.466, 34.0941 ], [ 79.4211, 34.0759 ], [ 79.4145, 34.0417 ], [ 79.4429, 34.0212 ], [ 79.4374, 34.0126 ], [ 79.4155, 33.999 ], [ 79.3737, 34.0268 ], [ 79.2829, 34.0276 ], [ 79.2321, 34.0471 ], [ 79.206, 34.0404 ], [ 79.1729, 34.0583 ], [ 79.148, 34.0551 ], [ 79.1382, 34.0175 ], [ 79.1127, 34.0089 ], [ 79.0011, 34.0336 ], [ 78.9532, 34.0131 ], [ 78.9183, 33.9639 ], [ 79.0132, 33.7829 ], [ 79.0304, 33.7881 ], [ 79.0605, 33.7758 ], [ 79.0641, 33.7647 ], [ 79.038, 33.7454 ], [ 79.0161, 33.7023 ], [ 79.0463, 33.6738 ], [ 79.078, 33.6861 ], [ 79.1002, 33.6163 ], [ 78.9029, 33.622 ], [ 78.9145, 33.606 ], [ 78.9063, 33.5737 ], [ 78.9438, 33.5261 ], [ 78.9271, 33.4543 ], [ 78.9784, 33.3364 ], [ 79.1077, 33.2891 ], [ 79.2237, 33.2963 ], [ 79.3001, 33.2733 ], [ 79.3556, 33.2821 ], [ 79.4461, 33.2577 ], [ 79.443, 33.2004 ], [ 79.3732, 33.1064 ], [ 79.3803, 33.0277 ], [ 79.3249, 33.0122 ], [ 79.4461, 32.9118 ], [ 79.5571, 32.7677 ], [ 79.5881, 32.7661 ], [ 79.6119, 32.735 ], [ 79.5672, 32.6701 ], [ 79.5375, 32.6596 ], [ 79.5253, 32.6307 ], [ 79.4293, 32.5235 ], [ 79.3845, 32.5228 ], [ 79.373, 32.5605 ], [ 79.3053, 32.5858 ], [ 79.2598, 32.5227 ], [ 79.2302, 32.5133 ], [ 79.1821, 32.4738 ], [ 79.125, 32.465 ], [ 79.1352, 32.4323 ], [ 79.0937, 32.3771 ], [ 79.0454, 32.3874 ], [ 79.0035, 32.3749 ], [ 78.9712, 32.3357 ], [ 78.8394, 32.4336 ], [ 78.8067, 32.4442 ], [ 78.7592, 32.5678 ], [ 78.7824, 32.5958 ], [ 78.7755, 32.621 ], [ 78.7433, 32.655 ], [ 78.7507, 32.6928 ], [ 78.7087, 32.6561 ], [ 78.6484, 32.6439 ], [ 78.6053, 32.5911 ], [ 78.5655, 32.6148 ], [ 78.4513, 32.5776 ], [ 78.4277, 32.5634 ], [ 78.4099, 32.524 ], [ 78.4066, 32.5222 ], [ 78.4612, 32.5038 ], [ 78.4655, 32.4547 ], [ 78.4958, 32.422 ], [ 78.5335, 32.4155 ], [ 78.5148, 32.375 ], [ 78.4848, 32.3491 ], [ 78.4834, 32.2814 ], [ 78.4608, 32.2417 ], [ 78.5595, 32.2487 ], [ 78.588, 32.2361 ], [ 78.6147, 32.2088 ], [ 78.6138, 32.1754 ], [ 78.5962, 32.1578 ], [ 78.6177, 32.1152 ], [ 78.6566, 32.1115 ], [ 78.7189, 32.0357 ], [ 78.7581, 32.001 ], [ 78.7886, 31.9932 ], [ 78.7782, 31.9352 ], [ 78.7501, 31.9045 ], [ 78.7402, 31.8375 ], [ 78.7099, 31.7866 ], [ 78.7202, 31.7645 ], [ 78.7412, 31.7576 ], [ 78.7284, 31.7417 ], [ 78.754, 31.6856 ], [ 78.7982, 31.6818 ], [ 78.807, 31.6471 ], [ 78.8533, 31.6074 ], [ 78.8189, 31.5722 ], [ 78.736, 31.5285 ], [ 78.7343, 31.485 ], [ 78.7666, 31.4864 ], [ 78.8128, 31.4497 ], [ 78.8166, 31.4193 ], [ 78.792, 31.3955 ], [ 78.8362, 31.3849 ], [ 78.8588, 31.3664 ], [ 78.8546, 31.3235 ], [ 78.8924, 31.2879 ], [ 78.926, 31.2201 ], [ 78.9117, 31.253 ], [ 78.9371, 31.2606 ], [ 78.9476, 31.3195 ], [ 79.0108, 31.3571 ], [ 79.0642, 31.4621 ], [ 79.1436, 31.4255 ], [ 79.1922, 31.3628 ], [ 79.2465, 31.33 ], [ 79.2392, 31.3142 ], [ 79.2719, 31.2832 ], [ 79.2519, 31.243 ], [ 79.2926, 31.2212 ], [ 79.3175, 31.1367 ], [ 79.3988, 31.1078 ], [ 79.4077, 31.077 ], [ 79.4246, 31.0711 ], [ 79.4248, 31.0305 ], [ 79.519, 31.0267 ], [ 79.5484, 30.9895 ], [ 79.5403, 30.9755 ], [ 79.5525, 30.9601 ], [ 79.6035, 30.9327 ], [ 79.6199, 30.9513 ], [ 79.6636, 30.9665 ], [ 79.665, 30.9829 ], [ 79.7171, 30.976 ], [ 79.738, 30.9837 ], [ 79.753, 31.0079 ], [ 79.8164, 30.9739 ], [ 79.8627, 30.9754 ], [ 79.8824, 30.9554 ], [ 79.8903, 30.9186 ], [ 79.9104, 30.9151 ], [ 79.9291, 30.8824 ], [ 79.9622, 30.89 ], [ 80.042, 30.8358 ], [ 80.056, 30.8415 ], [ 80.1109, 30.7793 ], [ 80.1574, 30.7887 ], [ 80.1581, 30.8059 ], [ 80.1778, 30.8041 ], [ 80.2149, 30.7491 ], [ 80.2397, 30.7621 ], [ 80.2505, 30.7371 ], [ 80.2364, 30.6904 ], [ 80.1997, 30.683 ], [ 80.1972, 30.6621 ], [ 80.2212, 30.6418 ], [ 80.2117, 30.6224 ], [ 80.2288, 30.6035 ], [ 80.2268, 30.5789 ], [ 80.2578, 30.5588 ], [ 80.2831, 30.5722 ], [ 80.3856, 30.515 ], [ 80.4156, 30.5253 ], [ 80.4477, 30.4977 ], [ 80.5171, 30.4732 ], [ 80.5391, 30.4492 ], [ 80.5802, 30.4809 ], [ 80.598, 30.4788 ], [ 80.752, 30.3935 ], [ 80.8216, 30.3156 ], [ 81.0055, 30.2631 ], [ 81.0332, 30.2464 ], [ 81.0271, 30.2285 ], [ 81.0466, 30.2109 ], [ 81.0311, 30.1964 ], [ 80.95, 30.1783 ], [ 80.9183, 30.1898 ], [ 80.9197, 30.2142 ], [ 80.9027, 30.2154 ], [ 80.8678, 30.1739 ], [ 80.8748, 30.1265 ], [ 80.8447, 30.1162 ], [ 80.8398, 30.0987 ], [ 80.8056, 30.09 ], [ 80.761, 30.0495 ], [ 80.7446, 30.0039 ], [ 80.719, 30.0006 ], [ 80.6745, 29.9572 ], [ 80.6296, 29.9654 ], [ 80.6018, 29.9581 ], [ 80.5741, 29.924 ], [ 80.5531, 29.8513 ], [ 80.5067, 29.823 ], [ 80.4939, 29.7958 ], [ 80.435, 29.806 ], [ 80.4069, 29.7947 ], [ 80.3974, 29.7589 ], [ 80.3664, 29.7492 ], [ 80.3842, 29.6751 ], [ 80.4203, 29.6383 ], [ 80.4079, 29.596 ], [ 80.3785, 29.5611 ], [ 80.3425, 29.5528 ], [ 80.3415, 29.5405 ], [ 80.3579, 29.5328 ], [ 80.3497, 29.5192 ], [ 80.3142, 29.4994 ], [ 80.3131, 29.4848 ], [ 80.2987, 29.4906 ], [ 80.2869, 29.477 ], [ 80.3018, 29.4528 ], [ 80.2757, 29.4585 ], [ 80.2422, 29.4429 ], [ 80.2421, 29.4115 ], [ 80.2757, 29.3922 ], [ 80.2714, 29.3644 ], [ 80.3185, 29.3035 ], [ 80.2906, 29.2318 ], [ 80.2937, 29.1978 ], [ 80.2604, 29.2069 ], [ 80.2526, 29.2214 ], [ 80.2406, 29.2029 ], [ 80.2587, 29.187 ], [ 80.2727, 29.1424 ], [ 80.233, 29.1185 ], [ 80.1832, 29.1372 ], [ 80.1448, 29.1022 ], [ 80.1264, 29.0319 ], [ 80.1245, 29.0131 ], [ 80.1354, 29.0074 ], [ 80.1179, 28.9815 ], [ 80.1005, 28.9869 ], [ 80.0585, 28.9166 ], [ 80.0654, 28.8369 ], [ 80.0748, 28.8245 ], [ 80.1181, 28.829 ], [ 80.216, 28.7556 ], [ 80.2566, 28.7543 ], [ 80.2656, 28.7436 ], [ 80.2565, 28.7292 ], [ 80.2792, 28.7097 ], [ 80.3171, 28.7001 ], [ 80.3257, 28.6665 ], [ 80.361, 28.6353 ], [ 80.3764, 28.6289 ], [ 80.4208, 28.6399 ], [ 80.4519, 28.6289 ], [ 80.4687, 28.5835 ], [ 80.4814, 28.5853 ], [ 80.5176, 28.552 ], [ 80.5306, 28.5726 ], [ 80.5059, 28.6708 ], [ 80.5395, 28.6908 ], [ 80.5905, 28.68 ], [ 80.5802, 28.6615 ], [ 80.5974, 28.656 ], [ 80.5894, 28.648 ], [ 80.6062, 28.6524 ], [ 80.6116, 28.6395 ], [ 80.6414, 28.6433 ], [ 80.6513, 28.6341 ], [ 80.6676, 28.6422 ], [ 80.6775, 28.6044 ], [ 80.6958, 28.6035 ], [ 80.6904, 28.5876 ], [ 80.7145, 28.5684 ], [ 80.7244, 28.5753 ], [ 80.7385, 28.5664 ], [ 80.7383, 28.5748 ], [ 80.7686, 28.5659 ], [ 80.7697, 28.5499 ], [ 80.7896, 28.5434 ], [ 80.7892, 28.5245 ], [ 80.8154, 28.5207 ], [ 80.8659, 28.4896 ], [ 80.8615, 28.5044 ], [ 80.8961, 28.507 ], [ 80.9087, 28.4981 ], [ 80.9015, 28.4861 ], [ 80.9154, 28.4576 ], [ 80.9141, 28.4684 ], [ 80.9305, 28.4578 ], [ 80.9426, 28.4689 ], [ 80.932, 28.4589 ], [ 80.9517, 28.4476 ], [ 80.9802, 28.4552 ], [ 80.9646, 28.4448 ], [ 80.9788, 28.4342 ], [ 80.9989, 28.4531 ], [ 81.0168, 28.4513 ], [ 81.0126, 28.4378 ], [ 81.0294, 28.4388 ], [ 81.0342, 28.4282 ], [ 81.0175, 28.4155 ], [ 81.0338, 28.3989 ], [ 81.0357, 28.4136 ], [ 81.0797, 28.3851 ], [ 81.2106, 28.3608 ], [ 81.2345, 28.3247 ], [ 81.2326, 28.2891 ], [ 81.3209, 28.1976 ], [ 81.3213, 28.1689 ], [ 81.302, 28.1648 ], [ 81.3281, 28.1481 ], [ 81.318, 28.1337 ], [ 81.3711, 28.1435 ], [ 81.3735, 28.1773 ], [ 81.4467, 28.161 ], [ 81.4499, 28.1409 ], [ 81.484, 28.1186 ], [ 81.4783, 28.0827 ], [ 81.624, 28.0016 ], [ 81.6984, 27.9882 ], [ 81.8049, 27.9033 ], [ 81.8341, 27.8972 ], [ 81.885, 27.857 ], [ 81.9258, 27.8598 ], [ 81.9252, 27.8753 ], [ 81.9683, 27.9291 ], [ 82.07, 27.9236 ], [ 82.1214, 27.8658 ], [ 82.1485, 27.8584 ], [ 82.154, 27.8668 ], [ 82.2083, 27.8436 ], [ 82.4487, 27.6793 ], [ 82.5413, 27.6857 ], [ 82.6643, 27.7226 ], [ 82.6809, 27.7139 ], [ 82.7077, 27.7229 ], [ 82.7183, 27.6874 ], [ 82.7115, 27.6653 ], [ 82.7366, 27.6435 ], [ 82.7351, 27.6099 ], [ 82.7558, 27.5878 ], [ 82.7378, 27.5466 ], [ 82.7496, 27.5226 ], [ 82.7355, 27.5024 ], [ 82.9293, 27.5012 ], [ 82.9541, 27.4677 ], [ 83.0346, 27.4487 ], [ 83.1879, 27.4543 ], [ 83.2188, 27.4162 ], [ 83.2722, 27.3833 ], [ 83.2724, 27.3526 ], [ 83.3176, 27.3302 ], [ 83.3592, 27.3433 ], [ 83.4093, 27.4128 ], [ 83.3839, 27.4363 ], [ 83.4017, 27.4575 ], [ 83.3882, 27.4798 ], [ 83.6143, 27.4694 ], [ 83.6295, 27.463 ], [ 83.8027, 27.3828 ], [ 83.8308, 27.3698 ], [ 83.8641, 27.3472 ], [ 83.8366, 27.3222 ], [ 83.8623, 27.3357 ], [ 83.8833, 27.3742 ], [ 83.8331, 27.4251 ], [ 83.8473, 27.4456 ], [ 83.8755, 27.4354 ], [ 83.9335, 27.4505 ], [ 83.946, 27.4409 ], [ 83.9967, 27.4461 ], [ 84.0269, 27.4335 ], [ 84.0612, 27.4527 ], [ 84.0695, 27.4806 ], [ 84.0948, 27.489 ], [ 84.0977, 27.5171 ], [ 84.1242, 27.5108 ], [ 84.1514, 27.5167 ], [ 84.1491, 27.4859 ], [ 84.2054, 27.4704 ], [ 84.2089, 27.4426 ], [ 84.2207, 27.4412 ], [ 84.2308, 27.4563 ], [ 84.2543, 27.454 ], [ 84.2783, 27.4158 ], [ 84.2769, 27.3958 ], [ 84.2924, 27.3848 ], [ 84.3005, 27.3907 ], [ 84.3919, 27.368 ], [ 84.4404, 27.3705 ], [ 84.4703, 27.3547 ], [ 84.4764, 27.3623 ], [ 84.6219, 27.3369 ], [ 84.6911, 27.2148 ], [ 84.6757, 27.1712 ], [ 84.6868, 27.1584 ], [ 84.6745, 27.0959 ], [ 84.6462, 27.0756 ], [ 84.6434, 27.0461 ], [ 84.7567, 27.0028 ], [ 84.7734, 27.0177 ], [ 84.7936, 26.9958 ], [ 84.8085, 27.0181 ], [ 84.8254, 27.0209 ], [ 84.855, 27.0077 ], [ 84.8557, 26.9864 ], [ 84.8916, 26.9697 ], [ 84.9626, 26.9605 ], [ 84.9785, 26.9401 ], [ 84.9681, 26.9161 ], [ 85.0001, 26.9119 ], [ 84.9928, 26.903 ], [ 85.005, 26.8947 ], [ 85.0612, 26.8866 ], [ 85.0604, 26.8846 ], [ 85.0562, 26.8811 ], [ 85.0493, 26.8846 ], [ 85.0427, 26.8741 ], [ 85.0309, 26.8744 ], [ 85.024, 26.8544 ], [ 85.0839, 26.8535 ], [ 85.0865, 26.8668 ], [ 85.1054, 26.8717 ], [ 85.1908, 26.8698 ], [ 85.1912, 26.8308 ], [ 85.1767, 26.8096 ], [ 85.211, 26.7584 ], [ 85.24, 26.762 ], [ 85.3345, 26.7417 ], [ 85.4077, 26.7913 ], [ 85.4546, 26.7818 ], [ 85.4792, 26.8021 ], [ 85.4956, 26.797 ], [ 85.4977, 26.8119 ], [ 85.5197, 26.8146 ], [ 85.5433, 26.8384 ], [ 85.566, 26.8411 ], [ 85.5756, 26.861 ], [ 85.5857, 26.8474 ], [ 85.6346, 26.8722 ], [ 85.6424, 26.8533 ], [ 85.7211, 26.8204 ], [ 85.7345, 26.7959 ], [ 85.7233, 26.6998 ], [ 85.7342, 26.6508 ], [ 85.8018, 26.6243 ], [ 85.8177, 26.6028 ], [ 85.8513, 26.6087 ], [ 85.8492, 26.569 ], [ 85.8875, 26.583 ], [ 85.9291, 26.6168 ], [ 85.9482, 26.614 ], [ 85.9601, 26.651 ], [ 86.0116, 26.6552 ], [ 86.0276, 26.6668 ], [ 86.1388, 26.6288 ], [ 86.1363, 26.6063 ], [ 86.1922, 26.6148 ], [ 86.1963, 26.5939 ], [ 86.2177, 26.5885 ], [ 86.2344, 26.5907 ], [ 86.2527, 26.6171 ], [ 86.3329, 26.6191 ], [ 86.3448, 26.6169 ], [ 86.3415, 26.6059 ], [ 86.3971, 26.5933 ], [ 86.3952, 26.5851 ], [ 86.4559, 26.568 ], [ 86.4986, 26.5421 ], [ 86.5415, 26.5387 ], [ 86.5703, 26.4966 ], [ 86.6211, 26.4842 ], [ 86.6334, 26.4643 ], [ 86.6932, 26.4512 ], [ 86.7314, 26.4226 ], [ 86.7665, 26.4594 ], [ 86.8338, 26.4391 ], [ 86.8614, 26.4579 ], [ 86.8942, 26.4619 ], [ 86.8917, 26.4862 ], [ 86.93, 26.4897 ], [ 86.9322, 26.517 ], [ 87.0154, 26.532 ], [ 87.0447, 26.5872 ], [ 87.0718, 26.5858 ], [ 87.0917, 26.4503 ], [ 87.1626, 26.4039 ], [ 87.1892, 26.4053 ], [ 87.1858, 26.4142 ], [ 87.2124, 26.413 ], [ 87.2191, 26.4028 ], [ 87.2288, 26.4136 ], [ 87.2611, 26.4093 ], [ 87.266, 26.3739 ], [ 87.3125, 26.3716 ], [ 87.3411, 26.3475 ], [ 87.3584, 26.3611 ], [ 87.3689, 26.4079 ], [ 87.4638, 26.4395 ], [ 87.5477, 26.4184 ], [ 87.553, 26.4057 ], [ 87.593, 26.3922 ], [ 87.5924, 26.3816 ], [ 87.6104, 26.3808 ], [ 87.6519, 26.3934 ], [ 87.6502, 26.406 ], [ 87.6781, 26.4158 ], [ 87.6776, 26.4355 ], [ 87.7111, 26.4275 ], [ 87.7339, 26.4076 ], [ 87.7393, 26.4176 ], [ 87.7648, 26.4099 ], [ 87.7895, 26.4694 ], [ 87.8488, 26.4365 ], [ 87.8584, 26.4639 ], [ 87.8883, 26.4868 ], [ 87.9098, 26.4576 ], [ 87.8987, 26.4487 ], [ 87.9251, 26.4448 ], [ 87.916, 26.4318 ], [ 87.9269, 26.4178 ], [ 87.9919, 26.3926 ], [ 87.9954, 26.366 ], [ 88.0305, 26.3649 ], [ 88.0345, 26.3919 ], [ 88.0713, 26.4081 ], [ 88.096, 26.44 ], [ 88.0921, 26.4633 ], [ 88.107, 26.4757 ], [ 88.0902, 26.5073 ], [ 88.103, 26.5183 ], [ 88.0981, 26.5379 ], [ 88.1071, 26.5355 ], [ 88.1035, 26.5385 ], [ 88.1126, 26.5718 ], [ 88.1304, 26.5738 ], [ 88.1421, 26.6258 ], [ 88.1603, 26.6364 ], [ 88.1879, 26.7718 ], [ 88.1678, 26.8375 ], [ 88.174, 26.8653 ], [ 88.1364, 26.8985 ], [ 88.1447, 26.9225 ], [ 88.1201, 26.9507 ], [ 88.1344, 26.9862 ], [ 88.0921, 27.0047 ], [ 88.0777, 27.0354 ], [ 88.0378, 27.0363 ], [ 88.0161, 27.0737 ], [ 88.021, 27.0878 ], [ 87.9909, 27.1056 ], [ 87.9913, 27.1307 ], [ 88.0192, 27.1711 ], [ 88.0143, 27.2129 ], [ 88.0189, 27.2157 ], [ 88.0123, 27.2159 ], [ 88.0309, 27.2499 ], [ 88.032, 27.2864 ], [ 88.0669, 27.3358 ], [ 88.0416, 27.3729 ], [ 88.0507, 27.413 ], [ 88.0751, 27.4332 ], [ 88.0441, 27.4958 ], [ 88.0619, 27.5122 ], [ 88.0587, 27.5348 ], [ 88.0818, 27.5842 ], [ 88.1139, 27.6103 ], [ 88.1202, 27.6452 ], [ 88.1447, 27.6654 ], [ 88.1562, 27.7361 ], [ 88.1784, 27.7462 ], [ 88.1972, 27.7912 ], [ 88.1736, 27.8206 ], [ 88.2019, 27.8425 ], [ 88.135, 27.8816 ], [ 88.1196, 27.916 ], [ 88.1379, 27.9372 ], [ 88.1294, 27.9494 ], [ 88.1452, 27.9641 ], [ 88.2064, 27.9417 ], [ 88.208, 27.9617 ], [ 88.2372, 27.9708 ], [ 88.2511, 27.9424 ], [ 88.3523, 27.9899 ], [ 88.3991, 27.978 ], [ 88.4306, 28.0081 ], [ 88.4678, 28.0171 ], [ 88.4956, 28.0539 ], [ 88.5235, 28.035 ], [ 88.5508, 28.0376 ], [ 88.5525, 28.0814 ], [ 88.6193, 28.0981 ], [ 88.61, 28.1287 ], [ 88.6287, 28.1244 ], [ 88.6721, 28.0723 ], [ 88.7563, 28.076 ], [ 88.8136, 28.0224 ], [ 88.8363, 28.0148 ], [ 88.8369, 27.9288 ], [ 88.8604, 27.9272 ], [ 88.8826, 27.8908 ], [ 88.8827, 27.8343 ], [ 88.8558, 27.8151 ], [ 88.8533, 27.7645 ], [ 88.8651, 27.7422 ], [ 88.8563, 27.7165 ], [ 88.838, 27.7063 ], [ 88.8484, 27.668 ], [ 88.8279, 27.6443 ], [ 88.8153, 27.6461 ], [ 88.7913, 27.5751 ], [ 88.7637, 27.5651 ], [ 88.7773, 27.5326 ], [ 88.7928, 27.5289 ], [ 88.7825, 27.4497 ], [ 88.7963, 27.4473 ], [ 88.7952, 27.4289 ], [ 88.809, 27.4234 ], [ 88.8062, 27.4068 ], [ 88.8233, 27.3906 ], [ 88.8377, 27.3792 ], [ 88.861, 27.3865 ], [ 88.884, 27.3425 ], [ 88.9192, 27.328 ], [ 88.9077, 27.277 ], [ 88.8791, 27.2611 ], [ 88.8321, 27.2623 ], [ 88.8031, 27.2478 ], [ 88.7868, 27.182 ], [ 88.7646, 27.177 ], [ 88.7601, 27.1522 ], [ 88.7495, 27.1439 ], [ 88.802, 27.1395 ], [ 88.8425, 27.1112 ], [ 88.8677, 27.1124 ], [ 88.8812, 27.062 ], [ 88.8703, 26.9957 ], [ 88.8771, 26.9444 ], [ 88.9217, 26.9939 ], [ 88.9525, 26.9684 ], [ 88.9439, 26.9341 ], [ 88.9803, 26.9172 ], [ 89.0216, 26.9407 ], [ 89.03, 26.9231 ], [ 89.0509, 26.916 ], [ 89.0489, 26.8991 ], [ 89.0694, 26.9037 ], [ 89.0957, 26.8917 ], [ 89.1007, 26.8425 ], [ 89.1345, 26.8076 ], [ 89.1763, 26.8191 ], [ 89.1935, 26.8108 ], [ 89.2624, 26.8138 ], [ 89.3185, 26.8513 ], [ 89.3268, 26.8432 ], [ 89.379, 26.8622 ], [ 89.3898, 26.8419 ], [ 89.4395, 26.8403 ], [ 89.4695, 26.8027 ], [ 89.5602, 26.8129 ], [ 89.5659, 26.7994 ], [ 89.6499, 26.7767 ], [ 89.6435, 26.7485 ], [ 89.6174, 26.7293 ], [ 89.6238, 26.7184 ], [ 89.6579, 26.7187 ], [ 89.6718, 26.7398 ], [ 89.7241, 26.7223 ], [ 89.7528, 26.7353 ], [ 89.7714, 26.701 ], [ 89.8256, 26.7086 ], [ 89.8624, 26.7015 ], [ 89.8674, 26.6941 ], [ 89.8589, 26.7349 ], [ 89.9671, 26.7235 ], [ 90.0495, 26.7304 ], [ 90.1399, 26.7536 ], [ 90.1945, 26.7733 ], [ 90.1877, 26.8068 ], [ 90.2008, 26.8353 ], [ 90.2305, 26.8589 ], [ 90.3003, 26.8482 ], [ 90.3478, 26.8753 ], [ 90.3566, 26.9007 ], [ 90.4166, 26.9045 ], [ 90.5466, 26.8166 ], [ 90.6344, 26.7938 ], [ 90.6466, 26.7766 ], [ 90.676, 26.7841 ], [ 90.7173, 26.7683 ], [ 90.9919, 26.7906 ], [ 91.0541, 26.781 ], [ 91.0976, 26.822 ], [ 91.1459, 26.8109 ], [ 91.2369, 26.812 ], [ 91.3372, 26.7809 ], [ 91.376, 26.7952 ], [ 91.4076, 26.8396 ], [ 91.4951, 26.7912 ], [ 91.5924, 26.8052 ], [ 91.6255, 26.8209 ], [ 91.6898, 26.8065 ], [ 91.7208, 26.8118 ], [ 91.8241, 26.864 ], [ 91.8591, 26.9133 ], [ 91.8917, 26.9191 ], [ 91.9642, 26.8825 ], [ 91.9835, 26.8582 ], [ 92.0567, 26.8474 ], [ 92.1027, 26.8672 ], [ 92.1144, 26.8936 ], [ 92.1199, 26.8933 ], [ 92.1181, 26.9744 ], [ 92.1048, 26.9799 ], [ 92.1035, 27.004 ], [ 92.0784, 27.0174 ], [ 92.0817, 27.0408 ], [ 92.0441, 27.0514 ], [ 92.0231, 27.1096 ], [ 92.0358, 27.1349 ], [ 92.0267, 27.1683 ], [ 92.0584, 27.1903 ], [ 92.0726, 27.2331 ], [ 92.038, 27.2584 ], [ 92.0671, 27.2772 ], [ 92.1035, 27.2687 ], [ 92.125, 27.282 ], [ 92.0646, 27.327 ], [ 92.0482, 27.3631 ], [ 92.0585, 27.3997 ], [ 92.0425, 27.4352 ], [ 92.0222, 27.448 ], [ 92.0194, 27.4781 ], [ 91.9436, 27.4597 ], [ 91.9231, 27.474 ], [ 91.8716, 27.4708 ], [ 91.8486, 27.4865 ], [ 91.8253, 27.4679 ], [ 91.7982, 27.4743 ], [ 91.767, 27.4648 ], [ 91.763, 27.475 ], [ 91.7146, 27.4745 ], [ 91.7136, 27.4935 ], [ 91.6951, 27.5053 ], [ 91.6525, 27.483 ], [ 91.6123, 27.5437 ], [ 91.5937, 27.5421 ], [ 91.5663, 27.5831 ], [ 91.5844, 27.6082 ], [ 91.5641, 27.6414 ], [ 91.5731, 27.6607 ], [ 91.6285, 27.6994 ], [ 91.6454, 27.7634 ], [ 91.6351, 27.8029 ], [ 91.6146, 27.8218 ], [ 91.581, 27.812 ], [ 91.566, 27.8186 ], [ 91.5536, 27.8514 ], [ 91.5699, 27.848 ], [ 91.5755, 27.8643 ], [ 91.5928, 27.8541 ], [ 91.6023, 27.8641 ], [ 91.6632, 27.853 ], [ 91.7098, 27.808 ], [ 91.7613, 27.8 ], [ 91.8124, 27.8048 ], [ 91.8207, 27.816 ], [ 91.8622, 27.7397 ], [ 91.9277, 27.7226 ], [ 91.9935, 27.7712 ], [ 92.0514, 27.7639 ], [ 92.1095, 27.8095 ], [ 92.2187, 27.8695 ], [ 92.2775, 27.8691 ], [ 92.3128, 27.7885 ], [ 92.3851, 27.8006 ], [ 92.3898, 27.8214 ], [ 92.4163, 27.8306 ], [ 92.4563, 27.8141 ], [ 92.5034, 27.854 ], [ 92.5562, 27.8244 ], [ 92.6153, 27.8945 ], [ 92.6577, 27.9019 ], [ 92.7424, 27.9926 ], [ 92.7207, 28.0305 ], [ 92.6665, 28.0638 ], [ 92.6879, 28.1274 ], [ 92.8148, 28.211 ], [ 92.8256, 28.1791 ], [ 92.8361, 28.1791 ], [ 92.8969, 28.2052 ], [ 92.9228, 28.24 ], [ 92.9627, 28.2586 ], [ 92.9841, 28.2524 ], [ 92.9973, 28.2294 ], [ 93.0283, 28.2687 ], [ 93.0223, 28.3104 ], [ 93.0905, 28.3059 ], [ 93.1222, 28.3284 ], [ 93.1894, 28.3183 ], [ 93.218, 28.3261 ], [ 93.2242, 28.4055 ], [ 93.1805, 28.4349 ], [ 93.2777, 28.5013 ], [ 93.3067, 28.5793 ], [ 93.3016, 28.599 ], [ 93.3249, 28.6092 ], [ 93.3334, 28.6391 ], [ 93.406, 28.6513 ], [ 93.446, 28.6747 ], [ 93.4705, 28.6527 ], [ 93.478, 28.6756 ], [ 93.4961, 28.686 ], [ 93.5142, 28.6817 ], [ 93.5224, 28.6591 ], [ 93.6194, 28.6534 ], [ 93.7399, 28.6846 ], [ 93.7841, 28.6634 ], [ 93.8506, 28.707 ], [ 93.9356, 28.6661 ], [ 93.9618, 28.6936 ], [ 93.973, 28.7432 ], [ 94.0103, 28.7728 ], [ 93.9867, 28.8038 ], [ 94.0072, 28.8407 ], [ 94.0366, 28.8511 ], [ 94.1645, 28.9575 ], [ 94.1861, 29.0287 ], [ 94.2241, 29.0878 ], [ 94.2937, 29.1454 ], [ 94.3625, 29.1526 ], [ 94.3749, 29.185 ], [ 94.4381, 29.2232 ], [ 94.4867, 29.2134 ], [ 94.5507, 29.2208 ], [ 94.631, 29.3412 ], [ 94.6886, 29.3179 ], [ 94.7413, 29.2747 ], [ 94.793, 29.2153 ], [ 94.8041, 29.1624 ], [ 94.8787, 29.175 ], [ 94.9158, 29.1521 ], [ 94.9584, 29.1564 ], [ 94.9883, 29.1375 ], [ 95.0224, 29.1339 ], [ 94.9753, 29.1565 ], [ 94.9798, 29.1733 ], [ 94.9928, 29.1708 ], [ 95.0951, 29.1396 ], [ 95.1064, 29.1189 ], [ 95.2417, 29.1106 ], [ 95.242, 29.0636 ], [ 95.2601, 29.0541 ], [ 95.2879, 29.0626 ], [ 95.4107, 29.0305 ], [ 95.4212, 29.0414 ], [ 95.4403, 29.0366 ], [ 95.4665, 29.0665 ], [ 95.481, 29.1431 ], [ 95.5307, 29.1305 ], [ 95.5269, 29.2157 ], [ 95.5722, 29.2228 ], [ 95.583, 29.2606 ], [ 95.6193, 29.2497 ], [ 95.6598, 29.2716 ], [ 95.689, 29.3046 ], [ 95.721, 29.3127 ], [ 95.7769, 29.3617 ], [ 95.7821, 29.3414 ], [ 95.8111, 29.3596 ], [ 95.831, 29.3588 ], [ 95.8617, 29.3951 ], [ 95.9418, 29.3877 ], [ 96.0088, 29.4277 ], [ 96.0306, 29.4533 ], [ 96.0673, 29.4659 ], [ 96.1406, 29.4021 ], [ 96.1765, 29.3452 ], [ 96.1799, 29.3075 ], [ 96.2355, 29.2419 ], [ 96.2896, 29.2446 ], [ 96.3543, 29.2921 ], [ 96.3696, 29.2873 ], [ 96.3808, 29.2546 ], [ 96.342, 29.1784 ], [ 96.245, 29.1658 ], [ 96.2105, 29.1481 ], [ 96.1736, 29.0992 ], [ 96.1021, 29.079 ], [ 96.1409, 29.0583 ], [ 96.1715, 28.9992 ], [ 96.1718, 28.9698 ], [ 96.1423, 28.9567 ], [ 96.1349, 28.9352 ], [ 96.1609, 28.8978 ], [ 96.2202, 28.9298 ], [ 96.3269, 29.028 ], [ 96.4231, 29.0375 ], [ 96.5136, 29.074 ], [ 96.4647, 28.9831 ], [ 96.4812, 28.9585 ], [ 96.5094, 28.9664 ], [ 96.5301, 28.9102 ], [ 96.5261, 28.8825 ], [ 96.609, 28.7798 ], [ 96.6042, 28.7444 ], [ 96.5793, 28.7116 ], [ 96.4669, 28.6752 ], [ 96.4874, 28.6389 ], [ 96.4745, 28.6218 ], [ 96.4248, 28.5821 ], [ 96.402, 28.5809 ], [ 96.4, 28.5593 ], [ 96.3448, 28.554 ], [ 96.3186, 28.526 ], [ 96.3515, 28.5038 ], [ 96.3621, 28.4803 ], [ 96.2534, 28.407 ], [ 96.2906, 28.3997 ], [ 96.3167, 28.3776 ], [ 96.3626, 28.3864 ], [ 96.3955, 28.3359 ], [ 96.4174, 28.3409 ], [ 96.4571, 28.4138 ], [ 96.5054, 28.411 ], [ 96.5707, 28.4523 ], [ 96.6411, 28.4578 ], [ 96.7408, 28.4138 ], [ 96.7703, 28.367 ], [ 96.8345, 28.3607 ], [ 96.8897, 28.3785 ], [ 96.9258, 28.3369 ], [ 96.9876, 28.3033 ], [ 97.0753, 28.3496 ], [ 97.1057, 28.347 ], [ 97.1405, 28.3276 ], [ 97.1711, 28.2857 ], [ 97.2267, 28.2846 ], [ 97.2395, 28.2682 ], [ 97.2953, 28.2619 ], [ 97.3784, 28.2178 ], [ 97.401, 28.1923 ], [ 97.4012, 28.1815 ], [ 97.3638, 28.1891 ], [ 97.3279, 28.1502 ], [ 97.3244, 28.1375 ], [ 97.3472, 28.1105 ], [ 97.3104, 28.0745 ], [ 97.3258, 28.0527 ], [ 97.3809, 28.0593 ], [ 97.3757, 28.0402 ], [ 97.4129, 28.0148 ], [ 97.373, 27.968 ], [ 97.3824, 27.951 ], [ 97.3736, 27.8802 ], [ 97.3571, 27.8789 ], [ 97.309, 27.915 ], [ 97.249, 27.8993 ], [ 97.1646, 27.8106 ], [ 97.104, 27.7697 ], [ 97.0938, 27.7401 ], [ 97.0362, 27.7424 ], [ 96.9831, 27.6643 ], [ 96.9417, 27.6607 ], [ 96.8967, 27.6093 ], [ 96.8967, 27.5815 ], [ 96.9122, 27.5805 ], [ 96.913, 27.5439 ], [ 96.9298, 27.5242 ], [ 96.9032, 27.4527 ], [ 96.9623, 27.4016 ], [ 96.9621, 27.3731 ], [ 96.9981, 27.319 ], [ 97.0283, 27.3079 ], [ 97.0885, 27.2382 ], [ 97.0905, 27.2136 ], [ 97.1639, 27.1422 ], [ 97.1385, 27.091 ], [ 97.1003, 27.1084 ], [ 97.0963, 27.0959 ], [ 97.0634, 27.0915 ], [ 97.0303, 27.1315 ], [ 96.9933, 27.14 ], [ 96.9848, 27.1543 ], [ 96.8744, 27.1807 ], [ 96.8548, 27.2102 ], [ 96.8852, 27.2265 ], [ 96.8847, 27.2597 ], [ 96.847, 27.2711 ], [ 96.848, 27.2903 ], [ 96.7967, 27.3456 ], [ 96.7049, 27.372 ], [ 96.6975, 27.3577 ], [ 96.6053, 27.3655 ], [ 96.5913, 27.3484 ], [ 96.5957, 27.3339 ], [ 96.5512, 27.3185 ], [ 96.5239, 27.2865 ], [ 96.5081, 27.2991 ], [ 96.4406, 27.3063 ], [ 96.3868, 27.2846 ], [ 96.3073, 27.2943 ], [ 96.2746, 27.2834 ], [ 96.271, 27.2715 ], [ 96.228, 27.2787 ], [ 96.1853, 27.2489 ], [ 96.1556, 27.2484 ], [ 96.0906, 27.2233 ], [ 96.023, 27.1801 ], [ 96.0105, 27.1422 ], [ 95.9686, 27.0999 ], [ 95.946, 27.0516 ], [ 95.9042, 27.0387 ], [ 95.8701, 27.0127 ], [ 95.802, 27.0145 ], [ 95.755, 26.9538 ], [ 95.7449, 26.8963 ], [ 95.7241, 26.8822 ], [ 95.7062, 26.8806 ], [ 95.667, 26.9029 ], [ 95.6319, 26.8736 ], [ 95.6085, 26.8129 ], [ 95.5705, 26.8159 ], [ 95.5431, 26.8354 ], [ 95.5074, 26.8088 ], [ 95.4828, 26.7471 ], [ 95.4591, 26.7439 ], [ 95.4314, 26.7007 ], [ 95.3605, 26.671 ], [ 95.3358, 26.6745 ], [ 95.304, 26.651 ], [ 95.2587, 26.6558 ], [ 95.2571, 26.6762 ], [ 95.2332, 26.682 ], [ 95.2332, 26.6811 ], [ 95.2096, 26.6488 ], [ 95.1807, 26.6428 ], [ 95.1489, 26.6159 ], [ 95.1542, 26.5831 ], [ 95.1389, 26.5566 ], [ 95.1075, 26.5415 ], [ 95.1145, 26.5185 ], [ 95.062, 26.4502 ], [ 95.0661, 26.4418 ], [ 95.0845, 26.4471 ], [ 95.1039, 26.4207 ], [ 95.0998, 26.3937 ], [ 95.1321, 26.3778 ], [ 95.1212, 26.3496 ], [ 95.1273, 26.254 ], [ 95.1146, 26.2329 ], [ 95.1427, 26.2116 ], [ 95.122, 26.1852 ], [ 95.1179, 26.1011 ], [ 95.1503, 26.0865 ], [ 95.1653, 26.0921 ], [ 95.1859, 26.0731 ], [ 95.1261, 25.9858 ], [ 95.0895, 25.9505 ], [ 95.0439, 25.9269 ], [ 95.0314, 25.9311 ], [ 95.0118, 25.8978 ], [ 95.0194, 25.8814 ], [ 95.0092, 25.8666 ], [ 95.05, 25.8 ], [ 95.049, 25.7594 ], [ 95.0399, 25.7412 ], [ 94.9972, 25.725 ], [ 94.9706, 25.6891 ], [ 94.936, 25.6676 ], [ 94.9151, 25.6077 ], [ 94.8817, 25.591 ], [ 94.8985, 25.5653 ], [ 94.8459, 25.5619 ], [ 94.8258, 25.5425 ], [ 94.808, 25.4933 ], [ 94.7835, 25.4804 ], [ 94.7514, 25.4939 ], [ 94.744, 25.4811 ], [ 94.6836, 25.4664 ], [ 94.6711, 25.455 ], [ 94.6803, 25.454 ], [ 94.6671, 25.4146 ], [ 94.6346, 25.395 ], [ 94.6346, 25.3579 ], [ 94.5848, 25.2665 ], [ 94.5756, 25.2141 ], [ 94.6058, 25.1813 ], [ 94.62, 25.1867 ], [ 94.6401, 25.1662 ], [ 94.68, 25.1493 ], [ 94.6899, 25.1579 ], [ 94.7366, 25.1348 ], [ 94.7442, 25.0373 ], [ 94.6966, 24.9685 ], [ 94.7134, 24.9344 ], [ 94.6879, 24.8881 ], [ 94.6319, 24.8395 ], [ 94.6186, 24.7798 ], [ 94.6294, 24.757 ], [ 94.6051, 24.7123 ], [ 94.5851, 24.7054 ], [ 94.5794, 24.7237 ], [ 94.5728, 24.7129 ], [ 94.5497, 24.7128 ], [ 94.5501, 24.6589 ], [ 94.5292, 24.618 ], [ 94.4922, 24.5746 ], [ 94.4615, 24.558 ], [ 94.4252, 24.4861 ], [ 94.4031, 24.4753 ], [ 94.4087, 24.4371 ], [ 94.3976, 24.4073 ], [ 94.3671, 24.3946 ], [ 94.3801, 24.3746 ], [ 94.354, 24.3345 ], [ 94.3272, 24.3277 ], [ 94.3153, 24.2527 ], [ 94.2927, 24.236 ], [ 94.2832, 24.1793 ], [ 94.2599, 24.1623 ], [ 94.2515, 24.0819 ], [ 94.1873, 23.9646 ], [ 94.1869, 23.9413 ], [ 94.1654, 23.9296 ], [ 94.155, 23.8552 ], [ 94.1376, 23.8524 ], [ 94.1256, 23.8333 ], [ 94.0843, 23.8814 ], [ 94.0622, 23.8806 ], [ 93.9912, 23.9276 ], [ 93.9583, 23.9295 ], [ 93.9442, 23.9463 ], [ 93.8937, 23.9531 ], [ 93.8594, 23.932 ], [ 93.8074, 23.9271 ], [ 93.7542, 24.0054 ], [ 93.7244, 23.9972 ], [ 93.6234, 24.0109 ], [ 93.6082, 23.9716 ], [ 93.5917, 23.9606 ], [ 93.5598, 23.9821 ], [ 93.5501, 23.9592 ], [ 93.5048, 23.9422 ], [ 93.4635, 23.9734 ], [ 93.4636, 23.9941 ], [ 93.4331, 24.024 ], [ 93.4169, 24.0714 ], [ 93.399, 24.0852 ], [ 93.3581, 24.091 ], [ 93.3488, 24.1047 ], [ 93.3538, 24.0905 ], [ 93.3285, 24.0812 ], [ 93.3321, 24.0531 ], [ 93.2835, 24.0484 ], [ 93.3258, 24.0504 ], [ 93.3375, 24.0412 ], [ 93.3259, 24.0299 ], [ 93.339, 24.0215 ], [ 93.3296, 24.0204 ], [ 93.3375, 23.9897 ], [ 93.3289, 23.9848 ], [ 93.3511, 23.9617 ], [ 93.3508, 23.9416 ], [ 93.3943, 23.9243 ], [ 93.385, 23.8481 ], [ 93.4033, 23.807 ], [ 93.3916, 23.7567 ], [ 93.411, 23.7294 ], [ 93.4073, 23.7072 ], [ 93.4369, 23.687 ], [ 93.4165, 23.6476 ], [ 93.4286, 23.5883 ], [ 93.4098, 23.5636 ], [ 93.4185, 23.54 ], [ 93.3947, 23.5038 ], [ 93.388, 23.4464 ], [ 93.4016, 23.3837 ], [ 93.3865, 23.3741 ], [ 93.3876, 23.3594 ], [ 93.3558, 23.3519 ], [ 93.3729, 23.3294 ], [ 93.3626, 23.2791 ], [ 93.3886, 23.2169 ], [ 93.3755, 23.2042 ], [ 93.3682, 23.1441 ], [ 93.3865, 23.1441 ], [ 93.3856, 23.1338 ], [ 93.3557, 23.1161 ], [ 93.3393, 23.0738 ], [ 93.3521, 23.0704 ], [ 93.2935, 23.0064 ], [ 93.2295, 23.0116 ], [ 93.2099, 23.0485 ], [ 93.1846, 23.0595 ], [ 93.1561, 23.0432 ], [ 93.1363, 23.0606 ], [ 93.1258, 23.0407 ], [ 93.1202, 23.0024 ], [ 93.1406, 22.99 ], [ 93.138, 22.9506 ], [ 93.1645, 22.9105 ], [ 93.1312, 22.9061 ], [ 93.1105, 22.8181 ], [ 93.0947, 22.8062 ], [ 93.1074, 22.7526 ], [ 93.091, 22.7048 ], [ 93.0955, 22.6725 ], [ 93.1403, 22.5923 ], [ 93.1121, 22.5576 ], [ 93.1066, 22.527 ], [ 93.1282, 22.5237 ], [ 93.1387, 22.4545 ], [ 93.1635, 22.4513 ], [ 93.1853, 22.4282 ], [ 93.1896, 22.3008 ], [ 93.2018, 22.2626 ], [ 93.1776, 22.2457 ], [ 93.1421, 22.2455 ], [ 93.1615, 22.1971 ], [ 93.1508, 22.1763 ], [ 93.1236, 22.1735 ], [ 93.111, 22.204 ], [ 93.0887, 22.1965 ], [ 93.0633, 22.2073 ], [ 93.0382, 22.195 ], [ 93.0491, 22.1689 ], [ 93.0372, 22.1444 ], [ 93.0596, 22.1013 ], [ 93.0045, 22.1036 ], [ 93.0116, 22.0884 ], [ 92.9948, 22.0322 ], [ 93.0074, 21.9823 ], [ 92.9806, 21.9801 ], [ 92.9522, 22.0297 ], [ 92.94, 22.0136 ], [ 92.9272, 22.0156 ], [ 92.9358, 22.0057 ], [ 92.9039, 21.94 ], [ 92.8944, 22.0037 ], [ 92.8651, 22.0237 ], [ 92.8634, 22.0627 ], [ 92.8411, 22.0594 ], [ 92.8099, 22.0959 ], [ 92.7972, 22.094 ], [ 92.7268, 22.1491 ], [ 92.6998, 22.1551 ], [ 92.6896, 22.0719 ], [ 92.6818, 22.1035 ], [ 92.6797, 22.0116 ], [ 92.6516, 22.0159 ], [ 92.6349, 21.9832 ], [ 92.6032, 21.9776 ], [ 92.6128, 21.9901 ], [ 92.5926, 22.0374 ], [ 92.6027, 22.0611 ], [ 92.5626, 22.128 ], [ 92.5785, 22.1434 ], [ 92.6057, 22.1234 ], [ 92.6092, 22.164 ], [ 92.5952, 22.1754 ], [ 92.5812, 22.3218 ], [ 92.5521, 22.409 ], [ 92.5426, 22.4988 ], [ 92.5513, 22.5133 ], [ 92.5217, 22.5599 ], [ 92.5394, 22.5891 ], [ 92.5287, 22.6652 ], [ 92.5132, 22.7328 ], [ 92.4738, 22.7462 ], [ 92.4723, 22.7959 ], [ 92.4542, 22.8189 ], [ 92.4645, 22.8547 ], [ 92.4527, 22.8622 ], [ 92.4605, 22.8709 ], [ 92.4485, 22.8764 ], [ 92.4492, 22.895 ], [ 92.4337, 22.8858 ], [ 92.4203, 22.9183 ], [ 92.4011, 22.912 ], [ 92.3976, 22.9297 ], [ 92.3718, 22.9362 ], [ 92.3924, 23.0565 ], [ 92.358, 23.1033 ], [ 92.3682, 23.1273 ], [ 92.357, 23.1342 ], [ 92.3644, 23.1566 ], [ 92.3468, 23.2357 ], [ 92.4042, 23.2407 ], [ 92.3812, 23.2851 ], [ 92.3857, 23.3062 ], [ 92.3644, 23.3229 ], [ 92.3791, 23.3618 ], [ 92.3564, 23.3723 ], [ 92.3651, 23.3796 ], [ 92.3527, 23.3809 ], [ 92.3574, 23.4107 ], [ 92.3465, 23.4332 ], [ 92.3339, 23.4288 ], [ 92.3318, 23.4661 ], [ 92.3171, 23.4717 ], [ 92.3262, 23.4788 ], [ 92.3063, 23.535 ], [ 92.3134, 23.5564 ], [ 92.3018, 23.5924 ], [ 92.2873, 23.596 ], [ 92.296, 23.6211 ], [ 92.2786, 23.6249 ], [ 92.273, 23.6417 ], [ 92.2909, 23.6908 ], [ 92.2655, 23.725 ], [ 92.2655, 23.7248 ], [ 92.2392, 23.7184 ], [ 92.2421, 23.6949 ], [ 92.2226, 23.6528 ], [ 92.2066, 23.661 ], [ 92.207, 23.7006 ], [ 92.1777, 23.7076 ], [ 92.1697, 23.7397 ], [ 92.1445, 23.7334 ], [ 92.0997, 23.6767 ], [ 92.083, 23.6801 ], [ 92.0792, 23.6485 ], [ 92.0633, 23.645 ], [ 92.0004, 23.6707 ], [ 91.9783, 23.7331 ], [ 91.9507, 23.7262 ], [ 91.9579, 23.6944 ], [ 91.934, 23.6846 ], [ 91.9704, 23.4783 ], [ 91.9367, 23.4666 ], [ 91.9426, 23.435 ], [ 91.8997, 23.4406 ], [ 91.8606, 23.4052 ], [ 91.845, 23.4047 ], [ 91.8251, 23.3523 ], [ 91.7624, 23.3029 ], [ 91.7614, 23.2771 ], [ 91.7771, 23.2692 ], [ 91.7762, 23.2432 ], [ 91.8101, 23.1651 ], [ 91.8135, 23.0992 ], [ 91.8358, 23.093 ], [ 91.806, 23.063 ], [ 91.7745, 23.0696 ], [ 91.7806, 23.0291 ], [ 91.7685, 23.0409 ], [ 91.7719, 23.033 ], [ 91.7206, 22.9874 ], [ 91.6937, 22.9883 ], [ 91.6818, 22.9772 ], [ 91.6455, 22.985 ], [ 91.6182, 22.9385 ], [ 91.6158, 22.9515 ], [ 91.6002, 22.9547 ], [ 91.6055, 22.9624 ], [ 91.6138, 22.9584 ], [ 91.6061, 22.9719 ], [ 91.5906, 22.9769 ], [ 91.5768, 22.9652 ], [ 91.5572, 22.9785 ], [ 91.557, 22.9966 ], [ 91.5425, 22.9995 ], [ 91.5504, 23.0384 ], [ 91.5305, 23.0383 ], [ 91.5298, 23.0917 ], [ 91.5113, 23.1042 ], [ 91.5176, 23.1254 ], [ 91.5031, 23.1305 ], [ 91.5153, 23.145 ], [ 91.4987, 23.1425 ], [ 91.5072, 23.1542 ], [ 91.4909, 23.1576 ], [ 91.4917, 23.1776 ], [ 91.5075, 23.1837 ], [ 91.4708, 23.1964 ], [ 91.4844, 23.2092 ], [ 91.4754, 23.2204 ], [ 91.4506, 23.2194 ], [ 91.4703, 23.2276 ], [ 91.4452, 23.2471 ], [ 91.4542, 23.2604 ], [ 91.4183, 23.2554 ], [ 91.4089, 23.2852 ], [ 91.4113, 23.2557 ], [ 91.3976, 23.2651 ], [ 91.4087, 23.2476 ], [ 91.3926, 23.2459 ], [ 91.4009, 23.2291 ], [ 91.3865, 23.2276 ], [ 91.3799, 23.1845 ], [ 91.416, 23.0626 ], [ 91.3959, 23.056 ], [ 91.3698, 23.0704 ], [ 91.347, 23.1023 ], [ 91.3233, 23.158 ], [ 91.3266, 23.2523 ], [ 91.3098, 23.2764 ], [ 91.3167, 23.2819 ], [ 91.3002, 23.2925 ], [ 91.315, 23.2966 ], [ 91.3132, 23.3063 ], [ 91.2899, 23.3185 ], [ 91.2962, 23.3409 ], [ 91.3108, 23.3424 ], [ 91.3201, 23.3601 ], [ 91.2911, 23.3507 ], [ 91.2842, 23.3711 ], [ 91.2943, 23.3747 ], [ 91.2798, 23.3766 ], [ 91.2493, 23.4902 ], [ 91.2364, 23.489 ], [ 91.2356, 23.5018 ], [ 91.218, 23.4995 ], [ 91.2236, 23.514 ], [ 91.2008, 23.52 ], [ 91.2129, 23.5504 ], [ 91.1945, 23.5472 ], [ 91.1771, 23.5932 ], [ 91.1625, 23.595 ], [ 91.1563, 23.6707 ], [ 91.1994, 23.6466 ], [ 91.2085, 23.6864 ], [ 91.1542, 23.6884 ], [ 91.1571, 23.742 ], [ 91.1966, 23.7511 ], [ 91.219, 23.7364 ], [ 91.2266, 23.7916 ], [ 91.2541, 23.8372 ], [ 91.2296, 23.8806 ], [ 91.2285, 23.8986 ], [ 91.2462, 23.9131 ], [ 91.233, 23.927 ], [ 91.2762, 23.9225 ], [ 91.2642, 23.9442 ], [ 91.2847, 23.9821 ], [ 91.2877, 23.968 ], [ 91.2998, 23.9721 ], [ 91.304, 23.998 ], [ 91.3795, 23.9753 ], [ 91.3733, 24.0026 ], [ 91.3966, 24.0496 ], [ 91.3746, 24.1078 ], [ 91.4732, 24.1018 ], [ 91.5453, 24.0742 ], [ 91.5744, 24.08 ], [ 91.5861, 24.0726 ], [ 91.5945, 24.0965 ], [ 91.6114, 24.0917 ], [ 91.6379, 24.1029 ], [ 91.6344, 24.1381 ], [ 91.6601, 24.1895 ], [ 91.6477, 24.2185 ], [ 91.6652, 24.2335 ], [ 91.6883, 24.1621 ], [ 91.7594, 24.1415 ], [ 91.745, 24.247 ], [ 91.8164, 24.2099 ], [ 91.8447, 24.2258 ], [ 91.8552, 24.2124 ], [ 91.8454, 24.1914 ], [ 91.874, 24.1745 ], [ 91.8846, 24.1386 ], [ 91.9058, 24.1386 ], [ 91.9408, 24.2681 ], [ 91.92, 24.3375 ], [ 91.9568, 24.3566 ], [ 91.9771, 24.3274 ], [ 91.996, 24.3221 ], [ 91.9669, 24.3798 ], [ 91.972, 24.3848 ], [ 91.9858, 24.3769 ], [ 91.9964, 24.3937 ], [ 92.0071, 24.3815 ], [ 92.0201, 24.3865 ], [ 92.044, 24.3749 ], [ 92.0904, 24.3716 ], [ 92.1219, 24.3822 ], [ 92.1368, 24.425 ], [ 92.164, 24.4184 ], [ 92.1691, 24.4278 ], [ 92.1505, 24.4952 ], [ 92.155, 24.523 ], [ 92.1709, 24.5306 ], [ 92.2018, 24.5074 ], [ 92.2136, 24.505 ], [ 92.2311, 24.5312 ], [ 92.2544, 24.678 ], [ 92.296, 24.7365 ], [ 92.2792, 24.7453 ], [ 92.2889, 24.7845 ], [ 92.2731, 24.8002 ], [ 92.2731, 24.8274 ], [ 92.2491, 24.8297 ], [ 92.255, 24.8384 ], [ 92.2415, 24.842 ], [ 92.2349, 24.8614 ], [ 92.2481, 24.8855 ], [ 92.2329, 24.9001 ], [ 92.2994, 24.9157 ], [ 92.3392, 24.8783 ], [ 92.348, 24.8916 ], [ 92.4001, 24.8487 ], [ 92.4064, 24.8589 ], [ 92.4374, 24.8556 ], [ 92.4448, 24.872 ], [ 92.4879, 24.8713 ], [ 92.4968, 24.902 ], [ 92.4876, 24.9468 ], [ 92.4493, 24.9388 ], [ 92.4682, 24.963 ], [ 92.4576, 24.9706 ], [ 92.4203, 24.9659 ], [ 92.4163, 24.9899 ], [ 92.437, 25.0406 ], [ 92.4215, 25.0278 ], [ 92.3415, 25.0485 ], [ 92.3486, 25.0735 ], [ 92.3349, 25.0784 ], [ 92.3106, 25.069 ], [ 92.2276, 25.0937 ], [ 92.1962, 25.108 ], [ 92.2004, 25.12 ], [ 92.2194, 25.117 ], [ 92.1893, 25.1363 ], [ 92.1839, 25.1179 ], [ 92.1596, 25.1266 ], [ 92.1657, 25.136 ], [ 92.1358, 25.1387 ], [ 92.1446, 25.1397 ], [ 92.1329, 25.1601 ], [ 92.0739, 25.1849 ], [ 92.0038, 25.1862 ], [ 91.9717, 25.1676 ], [ 91.9668, 25.1764 ], [ 91.9163, 25.1813 ], [ 91.8806, 25.1729 ], [ 91.827, 25.1778 ], [ 91.7746, 25.1631 ], [ 91.756, 25.1775 ], [ 91.7447, 25.1698 ], [ 91.7476, 25.1402 ], [ 91.7038, 25.16 ], [ 91.6918, 25.1371 ], [ 91.6379, 25.1225 ], [ 91.6232, 25.1279 ], [ 91.6215, 25.1434 ], [ 91.6021, 25.1427 ], [ 91.6097, 25.177 ], [ 91.5771, 25.172 ], [ 91.5766, 25.1598 ], [ 91.5572, 25.1498 ], [ 91.471, 25.1336 ], [ 91.4686, 25.1518 ], [ 91.4406, 25.1496 ], [ 91.4146, 25.1711 ], [ 91.3986, 25.1645 ], [ 91.3638, 25.1781 ], [ 91.3538, 25.1713 ], [ 91.2866, 25.1854 ], [ 91.2922, 25.1933 ], [ 91.268, 25.2072 ], [ 91.2516, 25.1952 ], [ 91.0696, 25.1984 ], [ 90.928, 25.1622 ], [ 90.884, 25.1667 ], [ 90.862, 25.1576 ], [ 90.8059, 25.1659 ], [ 90.7804, 25.1861 ], [ 90.7604, 25.1682 ], [ 90.7342, 25.1668 ], [ 90.7333, 25.1549 ], [ 90.71, 25.1681 ], [ 90.6981, 25.1568 ], [ 90.6757, 25.1764 ], [ 90.666, 25.1658 ], [ 90.6634, 25.1979 ], [ 90.6569, 25.1848 ], [ 90.6476, 25.1941 ], [ 90.6409, 25.1745 ], [ 90.5086, 25.1754 ], [ 90.4411, 25.1445 ], [ 90.3705, 25.1628 ], [ 90.3302, 25.1938 ], [ 90.2255, 25.2005 ], [ 90.1715, 25.2231 ], [ 90.1181, 25.2235 ], [ 90.0545, 25.2614 ], [ 89.9808, 25.2809 ], [ 89.9667, 25.3037 ], [ 89.9492, 25.2927 ], [ 89.9439, 25.3044 ], [ 89.907, 25.3077 ], [ 89.8766, 25.2853 ], [ 89.8312, 25.296 ], [ 89.8414, 25.3148 ], [ 89.8214, 25.3555 ], [ 89.8254, 25.4133 ], [ 89.843, 25.4565 ], [ 89.8717, 25.4773 ], [ 89.8522, 25.4659 ], [ 89.8493, 25.4928 ], [ 89.8696, 25.5109 ], [ 89.8513, 25.5386 ], [ 89.866, 25.5462 ], [ 89.8818, 25.6259 ], [ 89.8467, 25.6956 ], [ 89.8505, 25.713 ], [ 89.8284, 25.7283 ], [ 89.8403, 25.7667 ], [ 89.8165, 25.8143 ], [ 89.8353, 25.8407 ], [ 89.8326, 25.8706 ], [ 89.8871, 25.9452 ], [ 89.8254, 25.9455 ], [ 89.8306, 25.9552 ], [ 89.8493, 25.9491 ], [ 89.8386, 25.9679 ], [ 89.8668, 25.972 ], [ 89.871, 25.9808 ], [ 89.8358, 26.0126 ], [ 89.8359, 25.9824 ], [ 89.8203, 25.9876 ], [ 89.8074, 26.044 ], [ 89.7977, 26.0245 ], [ 89.7916, 26.0182 ], [ 89.788, 26.0192 ], [ 89.8018, 26.0403 ], [ 89.7737, 26.0376 ], [ 89.7988, 26.0596 ], [ 89.7949, 26.0875 ], [ 89.7813, 26.0834 ], [ 89.7832, 26.106 ], [ 89.7562, 26.1094 ], [ 89.7666, 26.1305 ], [ 89.7477, 26.1574 ], [ 89.7205, 26.1563 ], [ 89.7293, 26.1714 ], [ 89.7128, 26.1681 ], [ 89.7014, 26.1518 ], [ 89.6813, 26.1636 ], [ 89.7021, 26.174 ], [ 89.6735, 26.2014 ], [ 89.6915, 26.2117 ], [ 89.6794, 26.2148 ], [ 89.6861, 26.2307 ], [ 89.6787, 26.2382 ], [ 89.662, 26.2192 ], [ 89.6344, 26.2294 ], [ 89.6327, 26.2099 ], [ 89.65, 26.1902 ], [ 89.6302, 26.1958 ], [ 89.6278, 26.1839 ], [ 89.6587, 26.1762 ], [ 89.6461, 26.1644 ], [ 89.6325, 26.1808 ], [ 89.624, 26.1711 ], [ 89.6239, 26.1791 ], [ 89.6075, 26.1791 ], [ 89.6198, 26.1678 ], [ 89.609, 26.1536 ], [ 89.5914, 26.1576 ], [ 89.5966, 26.135 ], [ 89.6042, 26.1175 ], [ 89.6253, 26.1286 ], [ 89.6304, 26.1183 ], [ 89.6162, 26.1069 ], [ 89.5979, 26.113 ], [ 89.5939, 26.1022 ], [ 89.6086, 26.0884 ], [ 89.614, 26.1036 ], [ 89.63, 26.107 ], [ 89.6501, 26.063 ], [ 89.6205, 26.0533 ], [ 89.6054, 26.0638 ], [ 89.6128, 26.0526 ], [ 89.5787, 26.0263 ], [ 89.5868, 25.9809 ], [ 89.5742, 25.9803 ], [ 89.5772, 25.9688 ], [ 89.566, 25.9803 ], [ 89.5577, 25.9654 ], [ 89.5404, 25.97 ], [ 89.5409, 26.0059 ], [ 89.4913, 26.006 ], [ 89.4804, 25.9961 ], [ 89.4308, 26.0111 ], [ 89.4328, 26.0375 ], [ 89.4238, 26.0469 ], [ 89.3909, 26.0229 ], [ 89.3928, 26.0072 ], [ 89.3491, 26.0104 ], [ 89.3004, 26.0504 ], [ 89.2758, 26.0491 ], [ 89.2811, 26.0656 ], [ 89.2544, 26.0641 ], [ 89.2668, 26.0926 ], [ 89.2516, 26.0914 ], [ 89.2294, 26.1239 ], [ 89.1624, 26.133 ], [ 89.1485, 26.1581 ], [ 89.1573, 26.1632 ], [ 89.1346, 26.181 ], [ 89.1494, 26.2091 ], [ 89.1409, 26.2358 ], [ 89.1001, 26.2795 ], [ 89.1047, 26.3158 ], [ 89.1221, 26.2871 ], [ 89.1363, 26.3201 ], [ 89.1127, 26.3184 ], [ 89.0972, 26.3293 ], [ 89.0919, 26.3203 ], [ 89.0835, 26.3224 ], [ 89.1013, 26.3365 ], [ 89.0983, 26.3589 ], [ 89.0797, 26.3628 ], [ 89.0963, 26.3912 ], [ 89.0632, 26.4007 ], [ 89.0336, 26.3954 ], [ 89.0055, 26.4216 ], [ 88.9937, 26.423 ], [ 88.9986, 26.4139 ], [ 88.994, 26.4128 ], [ 88.9808, 26.4253 ], [ 88.9833, 26.4465 ], [ 88.9651, 26.4578 ], [ 88.9462, 26.4479 ], [ 88.9448, 26.4256 ], [ 88.9262, 26.4321 ], [ 88.9266, 26.4068 ], [ 88.9048, 26.4085 ], [ 88.9182, 26.4004 ], [ 88.9091, 26.38 ], [ 88.9214, 26.3772 ], [ 88.9133, 26.3742 ], [ 88.9101, 26.3698 ], [ 88.9197, 26.3593 ], [ 88.9584, 26.3617 ], [ 88.9463, 26.3458 ], [ 88.9591, 26.3435 ], [ 88.956, 26.33 ], [ 88.9614, 26.3523 ], [ 88.9872, 26.3483 ], [ 88.9855, 26.3328 ], [ 89.001, 26.3297 ], [ 88.9971, 26.3137 ], [ 88.9846, 26.318 ], [ 88.9827, 26.3095 ], [ 88.9957, 26.2902 ], [ 89.0069, 26.3044 ], [ 89.0184, 26.2898 ], [ 89.0216, 26.309 ], [ 89.0201, 26.2891 ], [ 89.0451, 26.2751 ], [ 89.0459, 26.2954 ], [ 89.0595, 26.2934 ], [ 89.0626, 26.2538 ], [ 89.0513, 26.2553 ], [ 89.0507, 26.2417 ], [ 88.9573, 26.2403 ], [ 88.9263, 26.2838 ], [ 88.8983, 26.2886 ], [ 88.8614, 26.2727 ], [ 88.8779, 26.2334 ], [ 88.8417, 26.2307 ], [ 88.8129, 26.256 ], [ 88.8191, 26.2945 ], [ 88.7936, 26.31 ], [ 88.7297, 26.2946 ], [ 88.7171, 26.2811 ], [ 88.6997, 26.2842 ], [ 88.6832, 26.2608 ], [ 88.6662, 26.2627 ], [ 88.668, 26.2972 ], [ 88.6831, 26.3085 ], [ 88.6751, 26.3201 ], [ 88.6957, 26.3287 ], [ 88.6933, 26.314 ], [ 88.7188, 26.3121 ], [ 88.7465, 26.3224 ], [ 88.7487, 26.3319 ], [ 88.7339, 26.3287 ], [ 88.7459, 26.3471 ], [ 88.7333, 26.3538 ], [ 88.7028, 26.3344 ], [ 88.681, 26.3794 ], [ 88.7023, 26.3884 ], [ 88.6723, 26.3957 ], [ 88.6868, 26.406 ], [ 88.6238, 26.4348 ], [ 88.6229, 26.4711 ], [ 88.5948, 26.4706 ], [ 88.593, 26.4498 ], [ 88.5609, 26.4565 ], [ 88.5568, 26.4848 ], [ 88.5265, 26.4814 ], [ 88.5214, 26.5105 ], [ 88.4898, 26.5104 ], [ 88.485, 26.5407 ], [ 88.4589, 26.5471 ], [ 88.4483, 26.5353 ], [ 88.436, 26.545 ], [ 88.4093, 26.6348 ], [ 88.387, 26.612 ], [ 88.3984, 26.6035 ], [ 88.376, 26.5947 ], [ 88.3319, 26.4818 ], [ 88.3548, 26.447 ], [ 88.3605, 26.4846 ], [ 88.3712, 26.4882 ], [ 88.3885, 26.4783 ], [ 88.405, 26.4858 ], [ 88.4198, 26.4657 ], [ 88.4277, 26.473 ], [ 88.4852, 26.4603 ], [ 88.4789, 26.4523 ], [ 88.4962, 26.4371 ], [ 88.4956, 26.4095 ], [ 88.5192, 26.39 ], [ 88.5232, 26.3605 ], [ 88.505, 26.3486 ], [ 88.5077, 26.3625 ], [ 88.4884, 26.3603 ], [ 88.4824, 26.3497 ], [ 88.4586, 26.3621 ], [ 88.4577, 26.3767 ], [ 88.4356, 26.3358 ], [ 88.4044, 26.3298 ], [ 88.4149, 26.3148 ], [ 88.3847, 26.3133 ], [ 88.3497, 26.2822 ], [ 88.3486, 26.2503 ], [ 88.3597, 26.2424 ], [ 88.3505, 26.2204 ], [ 88.2693, 26.1865 ], [ 88.2418, 26.1891 ], [ 88.2269, 26.1684 ], [ 88.1773, 26.1481 ], [ 88.1584, 26.0798 ], [ 88.1833, 26.0729 ], [ 88.1793, 26.0465 ], [ 88.1695, 26.0452 ], [ 88.1832, 26.0268 ], [ 88.1397, 26.0129 ], [ 88.1437, 26.0004 ], [ 88.1297, 25.9969 ], [ 88.1152, 25.9628 ], [ 88.1224, 25.9484 ], [ 88.0863, 25.9175 ], [ 88.103, 25.8892 ], [ 88.0942, 25.8734 ], [ 88.1025, 25.8618 ], [ 88.1103, 25.8685 ], [ 88.1139, 25.8545 ], [ 88.1012, 25.829 ], [ 88.1201, 25.8124 ], [ 88.1145, 25.7979 ], [ 88.1443, 25.7936 ], [ 88.1515, 25.7756 ], [ 88.1838, 25.8017 ], [ 88.2095, 25.7868 ], [ 88.2363, 25.8094 ], [ 88.2696, 25.8082 ], [ 88.2665, 25.7824 ], [ 88.3172, 25.7525 ], [ 88.321, 25.7375 ], [ 88.3743, 25.7171 ], [ 88.3715, 25.6965 ], [ 88.4052, 25.6842 ], [ 88.4017, 25.6726 ], [ 88.4538, 25.6649 ], [ 88.4444, 25.5969 ], [ 88.4576, 25.5987 ], [ 88.4696, 25.5831 ], [ 88.4999, 25.5839 ], [ 88.4935, 25.5588 ], [ 88.5235, 25.5352 ], [ 88.5331, 25.5421 ], [ 88.54, 25.5083 ], [ 88.5524, 25.5208 ], [ 88.5955, 25.5059 ], [ 88.6091, 25.5163 ], [ 88.6225, 25.497 ], [ 88.6484, 25.4964 ], [ 88.6471, 25.4778 ], [ 88.6995, 25.4712 ], [ 88.7075, 25.4999 ], [ 88.7421, 25.505 ], [ 88.74, 25.4893 ], [ 88.745, 25.4879 ], [ 88.7688, 25.4985 ], [ 88.7587, 25.5252 ], [ 88.7824, 25.5151 ], [ 88.8105, 25.5231 ], [ 88.8137, 25.488 ], [ 88.8297, 25.4903 ], [ 88.8393, 25.4583 ], [ 88.8262, 25.4445 ], [ 88.83, 25.4169 ], [ 88.8123, 25.4105 ], [ 88.8409, 25.3976 ], [ 88.8402, 25.3638 ], [ 88.8689, 25.3522 ], [ 88.8851, 25.3256 ], [ 88.8877, 25.3371 ], [ 88.9063, 25.3377 ], [ 88.9295, 25.3041 ], [ 88.9853, 25.3059 ], [ 88.9961, 25.2956 ], [ 89.009, 25.303 ], [ 89.0076, 25.2636 ], [ 88.9868, 25.2745 ], [ 88.9562, 25.2549 ], [ 88.9618, 25.2091 ], [ 88.9364, 25.2105 ], [ 88.9488, 25.1766 ], [ 88.9326, 25.1809 ], [ 88.9231, 25.1649 ], [ 88.911, 25.1803 ], [ 88.8753, 25.1793 ], [ 88.875, 25.1962 ], [ 88.8644, 25.19 ], [ 88.8438, 25.2138 ], [ 88.8059, 25.1705 ], [ 88.7737, 25.1794 ], [ 88.7694, 25.1898 ], [ 88.7491, 25.1769 ], [ 88.7115, 25.2077 ], [ 88.6801, 25.2089 ], [ 88.6691, 25.1982 ], [ 88.6127, 25.2042 ], [ 88.5656, 25.1751 ], [ 88.5576, 25.1926 ], [ 88.534, 25.1875 ], [ 88.5378, 25.1978 ], [ 88.4991, 25.2104 ], [ 88.4755, 25.2134 ], [ 88.4718, 25.1974 ], [ 88.4437, 25.1973 ], [ 88.442, 25.1743 ], [ 88.4614, 25.1494 ], [ 88.4414, 25.1275 ], [ 88.4529, 25.0793 ], [ 88.435, 25.056 ], [ 88.4527, 25.0369 ], [ 88.4365, 25.0065 ], [ 88.4256, 25.0164 ], [ 88.4121, 24.9988 ], [ 88.4174, 24.9748 ], [ 88.4051, 24.9797 ], [ 88.3952, 24.9691 ], [ 88.3988, 24.9453 ], [ 88.3816, 24.9391 ], [ 88.364, 24.9533 ], [ 88.3409, 24.9406 ], [ 88.3366, 24.9187 ], [ 88.3243, 24.9168 ], [ 88.347, 24.8924 ], [ 88.3306, 24.8701 ], [ 88.3211, 24.8835 ], [ 88.3019, 24.8719 ], [ 88.302, 24.8858 ], [ 88.2781, 24.8881 ], [ 88.2761, 24.8978 ], [ 88.2583, 24.8776 ], [ 88.2605, 24.9192 ], [ 88.2261, 24.9597 ], [ 88.1702, 24.9504 ], [ 88.1575, 24.9335 ], [ 88.138, 24.9362 ], [ 88.1404, 24.914 ], [ 88.1693, 24.8925 ], [ 88.1527, 24.8844 ], [ 88.175, 24.8602 ], [ 88.1319, 24.836 ], [ 88.1363, 24.8053 ], [ 88.1235, 24.8231 ], [ 88.1052, 24.8003 ], [ 88.1061, 24.7796 ], [ 88.089, 24.7829 ], [ 88.0683, 24.7692 ], [ 88.0628, 24.7216 ], [ 88.0088, 24.6678 ], [ 88.0412, 24.6433 ], [ 88.1408, 24.5112 ], [ 88.1984, 24.4625 ], [ 88.2719, 24.4406 ], [ 88.334, 24.3814 ], [ 88.3893, 24.3719 ], [ 88.4249, 24.3832 ], [ 88.4464, 24.3786 ], [ 88.5079, 24.3425 ], [ 88.5271, 24.3444 ], [ 88.5551, 24.2933 ], [ 88.5677, 24.3267 ], [ 88.6033, 24.3101 ], [ 88.6236, 24.3157 ], [ 88.6285, 24.3051 ], [ 88.6966, 24.3154 ], [ 88.7293, 24.2898 ], [ 88.741, 24.2539 ], [ 88.7316, 24.1716 ], [ 88.7465, 24.1471 ], [ 88.6932, 24.1112 ], [ 88.7416, 24.0571 ], [ 88.7248, 24.0416 ], [ 88.7575, 24.0321 ], [ 88.7347, 24.0175 ], [ 88.729, 23.9961 ], [ 88.7602, 24.0061 ], [ 88.7687, 23.9815 ], [ 88.7382, 23.983 ], [ 88.7434, 23.9302 ], [ 88.7349, 23.9329 ], [ 88.7334, 23.911 ], [ 88.7064, 23.9163 ], [ 88.7043, 23.8992 ], [ 88.6884, 23.9015 ], [ 88.6643, 23.8824 ], [ 88.6676, 23.8694 ], [ 88.6264, 23.8649 ], [ 88.6164, 23.8765 ], [ 88.608, 23.8623 ], [ 88.5875, 23.8715 ], [ 88.5756, 23.8616 ], [ 88.5784, 23.8507 ], [ 88.5911, 23.853 ], [ 88.5865, 23.8312 ], [ 88.602, 23.8163 ], [ 88.5851, 23.8136 ], [ 88.5962, 23.8049 ], [ 88.5781, 23.7866 ], [ 88.5713, 23.783 ], [ 88.5593, 23.786 ], [ 88.556, 23.7842 ], [ 88.5796, 23.7747 ], [ 88.5645, 23.7113 ], [ 88.5738, 23.6669 ], [ 88.5582, 23.6492 ], [ 88.5622, 23.6371 ], [ 88.5938, 23.6408 ], [ 88.5941, 23.6176 ], [ 88.5801, 23.603 ], [ 88.6455, 23.6093 ], [ 88.6388, 23.5907 ], [ 88.6506, 23.5854 ], [ 88.6543, 23.5562 ], [ 88.6783, 23.5458 ], [ 88.6958, 23.5173 ], [ 88.7251, 23.5118 ], [ 88.7414, 23.4797 ], [ 88.7609, 23.4784 ], [ 88.7607, 23.4899 ], [ 88.7749, 23.4798 ], [ 88.7682, 23.4901 ], [ 88.786, 23.5072 ], [ 88.7845, 23.4972 ], [ 88.8008, 23.4971 ], [ 88.7873, 23.4691 ], [ 88.7953, 23.443 ], [ 88.7791, 23.4373 ], [ 88.7643, 23.4482 ], [ 88.7612, 23.4084 ], [ 88.7493, 23.4006 ], [ 88.7654, 23.3679 ], [ 88.7477, 23.362 ], [ 88.746, 23.349 ], [ 88.732, 23.352 ], [ 88.7453, 23.3078 ], [ 88.7318, 23.308 ], [ 88.7304, 23.3196 ], [ 88.7254, 23.2987 ], [ 88.7062, 23.3048 ], [ 88.7116, 23.3126 ], [ 88.6972, 23.2925 ], [ 88.7239, 23.2727 ], [ 88.7189, 23.2548 ], [ 88.7519, 23.2402 ], [ 88.7695, 23.2448 ], [ 88.7787, 23.2207 ], [ 88.8114, 23.2215 ], [ 88.8115, 23.2561 ], [ 88.8288, 23.2449 ], [ 88.8238, 23.2334 ], [ 88.8365, 23.2433 ], [ 88.8449, 23.2305 ], [ 88.8747, 23.2342 ], [ 88.8862, 23.2259 ], [ 88.9069, 23.236 ], [ 88.9146, 23.2135 ], [ 88.9267, 23.2179 ], [ 88.9426, 23.2061 ], [ 88.9709, 23.2227 ], [ 88.9787, 23.2145 ], [ 88.9759, 23.2244 ], [ 88.9957, 23.2147 ], [ 88.9797, 23.2129 ], [ 88.9804, 23.1825 ], [ 88.9623, 23.1931 ], [ 88.9391, 23.1768 ], [ 88.9179, 23.1291 ], [ 88.8684, 23.1011 ], [ 88.8746, 23.0898 ], [ 88.861, 23.0773 ], [ 88.8841, 23.0404 ], [ 88.872, 23.0168 ], [ 88.8798, 23.0063 ], [ 88.8451, 23.0099 ], [ 88.8645, 23.001 ], [ 88.871, 22.9786 ], [ 88.857, 22.9689 ], [ 88.8594, 22.9432 ], [ 88.8943, 22.952 ], [ 88.8869, 22.9332 ], [ 88.9081, 22.9198 ], [ 88.8957, 22.9131 ], [ 88.9094, 22.8799 ], [ 88.9283, 22.8725 ], [ 88.9454, 22.8807 ], [ 88.9686, 22.8443 ], [ 88.9579, 22.7959 ], [ 88.9381, 22.793 ], [ 88.911, 22.7577 ], [ 88.9279, 22.7181 ], [ 88.9624, 22.695 ], [ 88.9271, 22.6496 ], [ 88.9349, 22.6212 ], [ 88.9601, 22.6166 ], [ 88.9389, 22.5922 ], [ 88.9407, 22.5613 ], [ 88.9619, 22.5487 ], [ 88.9747, 22.4962 ], [ 88.9961, 22.469 ], [ 88.9885, 22.4451 ], [ 89.0001, 22.4298 ], [ 88.9719, 22.4099 ], [ 88.9943, 22.3887 ], [ 88.9823, 22.3735 ], [ 88.9845, 22.3267 ], [ 89.0004, 22.3243 ], [ 89.0245, 22.2972 ], [ 88.9994, 22.297 ], [ 88.9951, 22.2863 ], [ 89.0205, 22.2685 ], [ 89.0139, 22.254 ], [ 89.0342, 22.2583 ], [ 89.0389, 22.2307 ], [ 89.0716, 22.1969 ], [ 89.0718, 22.1463 ], [ 89.0985, 22.1534 ], [ 89.0379, 22.0942 ], [ 89.0433, 22.0617 ], [ 89.0769, 22.0084 ], [ 89.0727, 21.9444 ], [ 89.0663, 21.9308 ], [ 89.0278, 21.9289 ], [ 88.9963, 21.9549 ], [ 89.0141, 21.9767 ], [ 89.0118, 21.9843 ], [ 89.0012, 21.9864 ], [ 89.0272, 21.9975 ], [ 89.0304, 22.001 ], [ 89.0137, 21.9965 ], [ 89.0003, 21.9877 ], [ 88.9894, 21.9743 ], [ 88.989, 21.9834 ], [ 88.9644, 22.0061 ], [ 88.9357, 22.0118 ], [ 88.9329, 21.9908 ], [ 88.9178, 21.9809 ], [ 88.9151, 22.0085 ], [ 88.9025, 22.0039 ], [ 88.9044, 21.9279 ], [ 88.8582, 21.9204 ], [ 88.8239, 21.9411 ], [ 88.8057, 21.9381 ], [ 88.799, 21.9221 ], [ 88.8398, 21.8864 ], [ 88.8201, 21.8378 ], [ 88.8308, 21.8081 ], [ 88.8215, 21.7814 ], [ 88.8326, 21.7662 ], [ 88.8647, 21.7614 ], [ 88.8412, 21.7169 ], [ 88.8615, 21.6409 ], [ 88.8456, 21.6191 ], [ 88.8045, 21.6372 ], [ 88.8224, 21.667 ], [ 88.8146, 21.7107 ], [ 88.803, 21.7175 ], [ 88.7627, 21.702 ], [ 88.7938, 21.737 ], [ 88.7905, 21.75 ], [ 88.7899, 21.7379 ], [ 88.7559, 21.7353 ], [ 88.7672, 21.7633 ], [ 88.7501, 21.7705 ], [ 88.7657, 21.7864 ], [ 88.7811, 21.8252 ], [ 88.7455, 21.7732 ], [ 88.7598, 21.7618 ], [ 88.7524, 21.7333 ], [ 88.7776, 21.7213 ], [ 88.7565, 21.703 ], [ 88.7687, 21.6937 ], [ 88.8099, 21.7045 ], [ 88.8079, 21.6627 ], [ 88.7448, 21.6608 ], [ 88.7114, 21.6896 ], [ 88.6938, 21.7453 ], [ 88.7113, 21.787 ], [ 88.696, 21.8426 ], [ 88.7255, 21.9795 ], [ 88.7515, 22.0062 ], [ 88.7102, 21.996 ], [ 88.6896, 21.9716 ], [ 88.6956, 21.9513 ], [ 88.6786, 21.9431 ], [ 88.6307, 21.9544 ], [ 88.6349, 22.0108 ], [ 88.6128, 22.0064 ], [ 88.6024, 21.9972 ], [ 88.5994, 21.9918 ], [ 88.5969, 21.991 ], [ 88.5948, 21.9887 ], [ 88.5812, 22.0 ], [ 88.5712, 22.0004 ], [ 88.5841, 21.9897 ], [ 88.5741, 21.9779 ], [ 88.5745, 21.9616 ], [ 88.554, 21.9764 ], [ 88.5349, 21.9687 ], [ 88.5488, 21.9203 ], [ 88.5687, 21.9041 ], [ 88.541, 21.9074 ], [ 88.5388, 21.8632 ], [ 88.5297, 21.8725 ], [ 88.5186, 21.8756 ], [ 88.5372, 21.8565 ], [ 88.5254, 21.8526 ], [ 88.4969, 21.8861 ], [ 88.4496, 21.9057 ], [ 88.4388, 21.906 ], [ 88.4311, 21.9012 ], [ 88.4212, 21.9041 ], [ 88.418, 21.9026 ], [ 88.4343, 21.899 ], [ 88.4507, 21.9049 ], [ 88.483, 21.872 ], [ 88.4879, 21.8404 ], [ 88.4733, 21.8375 ], [ 88.4474, 21.813 ], [ 88.4604, 21.7924 ], [ 88.4452, 21.803 ], [ 88.4299, 21.8006 ], [ 88.4259, 21.8145 ], [ 88.4174, 21.8132 ], [ 88.3794, 21.7876 ], [ 88.3746, 21.7681 ], [ 88.3428, 21.7613 ], [ 88.3443, 21.721 ], [ 88.3339, 21.7139 ], [ 88.3273, 21.7265 ], [ 88.3208, 21.7087 ], [ 88.3061, 21.7177 ], [ 88.3095, 21.7339 ], [ 88.3, 21.7814 ], [ 88.283, 21.7895 ], [ 88.2817, 21.7623 ], [ 88.2615, 21.7322 ], [ 88.3012, 21.6824 ], [ 88.2844, 21.6007 ], [ 88.3103, 21.5813 ], [ 88.293, 21.5627 ], [ 88.2668, 21.5565 ], [ 88.2444, 21.5659 ], [ 88.2449, 21.589 ], [ 88.2185, 21.6159 ], [ 88.2375, 21.6443 ], [ 88.2298, 21.6732 ], [ 88.1998, 21.6827 ], [ 88.2204, 21.7019 ], [ 88.2153, 21.778 ], [ 88.1998, 21.836 ], [ 88.1973, 21.8405 ], [ 88.1946, 21.8456 ], [ 88.1775, 21.8616 ], [ 88.1634, 21.8837 ], [ 88.1711, 21.9286 ], [ 88.1498, 21.9569 ], [ 88.1981, 22.0079 ], [ 88.2232, 22.0707 ], [ 88.2104, 22.1489 ], [ 88.188, 22.188 ], [ 88.1168, 22.2094 ], [ 88.0728, 22.2095 ], [ 88.0877, 22.2424 ], [ 88.0846, 22.2563 ], [ 88.0606, 22.2058 ], [ 88.0222, 22.2178 ], [ 88.0001, 22.243 ], [ 87.9865, 22.2383 ], [ 87.9559, 22.2697 ], [ 87.9476, 22.2548 ], [ 88.0067, 22.2026 ], [ 88.0348, 22.2089 ], [ 88.0737, 22.1871 ], [ 88.1367, 22.1842 ], [ 88.1901, 22.1163 ], [ 88.1834, 22.0945 ], [ 88.1537, 22.0636 ], [ 88.0863, 22.0234 ], [ 88.0631, 22.0133 ], [ 88.0557, 22.0202 ], [ 87.9681, 21.8548 ], [ 87.9119, 21.802 ], [ 87.8833, 21.7933 ], [ 87.8608, 21.7533 ], [ 87.8051, 21.7034 ], [ 87.7855, 21.6942 ], [ 87.7491, 21.7008 ], [ 87.7371, 21.6782 ], [ 87.7085, 21.6639 ], [ 87.6514, 21.6485 ], [ 87.6439, 21.6631 ], [ 87.632, 21.6478 ], [ 87.5536, 21.638 ], [ 87.4848, 21.6113 ], [ 87.486, 21.6322 ], [ 87.4848, 21.6125 ], [ 87.4076, 21.5887 ], [ 87.3619, 21.5578 ], [ 87.25, 21.5568 ], [ 87.1995, 21.5466 ], [ 87.1309, 21.5127 ], [ 87.1185, 21.5171 ], [ 86.9468, 21.3756 ], [ 86.8925, 21.3184 ], [ 86.8315, 21.215 ], [ 86.8326, 21.2061 ], [ 86.8563, 21.2056 ], [ 86.8415, 21.1751 ], [ 86.8508, 21.0874 ], [ 86.9809, 20.857 ], [ 86.9674, 20.7914 ], [ 86.9442, 20.7665 ], [ 86.9925, 20.7702 ], [ 87.0056, 20.7346 ], [ 86.9965, 20.7122 ], [ 87.0, 20.6978 ], [ 87.0582, 20.7168 ], [ 86.7894, 20.5339 ], [ 86.7594, 20.5004 ], [ 86.7334, 20.4616 ], [ 86.7244, 20.3938 ], [ 86.7392, 20.4008 ], [ 86.7464, 20.3786 ], [ 86.7766, 20.4051 ], [ 86.7809, 20.3786 ], [ 86.7973, 20.3758 ], [ 86.7908, 20.3658 ], [ 86.7889, 20.3746 ], [ 86.7819, 20.3659 ], [ 86.7788, 20.3566 ], [ 86.7981, 20.364 ], [ 86.7751, 20.3313 ], [ 86.6798, 20.2642 ], [ 86.6693, 20.2757 ], [ 86.6802, 20.2599 ], [ 86.5956, 20.2245 ], [ 86.5238, 20.1734 ], [ 86.434, 20.0521 ], [ 86.414, 19.9973 ], [ 86.378, 19.9668 ], [ 86.3841, 19.9598 ], [ 86.4116, 19.9758 ], [ 86.3894, 19.9553 ], [ 86.3096, 19.9413 ], [ 86.1437, 19.8735 ], [ 85.781, 19.7809 ], [ 85.678, 19.7439 ], [ 85.381, 19.6034 ], [ 85.1653, 19.4616 ], [ 85.1056, 19.4138 ], [ 85.0793, 19.3743 ], [ 84.9302, 19.2762 ], [ 84.8178, 19.1656 ], [ 84.7663, 19.0781 ], [ 84.7028, 19.1179 ], [ 84.7615, 19.0791 ], [ 84.6845, 18.9675 ], [ 84.5871, 18.8674 ], [ 84.5515, 18.7905 ], [ 84.4931, 18.7401 ], [ 84.4399, 18.6595 ], [ 84.3684, 18.5931 ], [ 84.3547, 18.5549 ], [ 84.1474, 18.3734 ], [ 84.1269, 18.3439 ], [ 84.1269, 18.3134 ], [ 83.8604, 18.1743 ], [ 83.8099, 18.156 ], [ 83.795, 18.1684 ], [ 83.8053, 18.154 ], [ 83.7073, 18.106 ], [ 83.6048, 18.0373 ], [ 83.5694, 18.0118 ], [ 83.5318, 17.9511 ], [ 83.4587, 17.9011 ], [ 83.4071, 17.841 ], [ 83.4109, 17.8094 ], [ 83.3546, 17.756 ], [ 83.3464, 17.7261 ], [ 83.2969, 17.6933 ], [ 83.2949, 17.6745 ], [ 83.2385, 17.63 ], [ 83.2165, 17.5955 ], [ 83.1487, 17.5572 ], [ 83.0325, 17.5144 ], [ 82.9748, 17.4661 ], [ 82.7264, 17.3549 ], [ 82.5619, 17.2616 ], [ 82.4431, 17.1748 ], [ 82.3193, 17.0578 ], [ 82.2882, 17.016 ], [ 82.2649, 16.9389 ], [ 82.2706, 16.9414 ], [ 82.2779, 16.9507 ], [ 82.2711, 16.9413 ], [ 82.2467, 16.9178 ], [ 82.243, 16.9178 ], [ 82.2414, 16.908 ], [ 82.2483, 16.8765 ], [ 82.2598, 16.8845 ], [ 82.266, 16.8698 ], [ 82.3016, 16.8626 ], [ 82.3142, 16.8459 ], [ 82.3267, 16.8551 ], [ 82.3616, 16.8544 ], [ 82.3577, 16.95 ], [ 82.3254, 16.9862 ], [ 82.3384, 16.9867 ], [ 82.3593, 16.9595 ], [ 82.3665, 16.9084 ], [ 82.3581, 16.8107 ], [ 82.3333, 16.7167 ], [ 82.3449, 16.7046 ], [ 82.3277, 16.6849 ], [ 82.3378, 16.6898 ], [ 82.354, 16.7056 ], [ 82.3464, 16.7156 ], [ 82.3537, 16.7136 ], [ 82.355, 16.7043 ], [ 82.3653, 16.7067 ], [ 82.3173, 16.6623 ], [ 82.3291, 16.6145 ], [ 82.3189, 16.5768 ], [ 82.3092, 16.5926 ], [ 82.3173, 16.5866 ], [ 82.3255, 16.6168 ], [ 82.3128, 16.668 ], [ 82.3088, 16.6534 ], [ 82.3121, 16.6271 ], [ 82.3075, 16.6399 ], [ 82.3042, 16.6288 ], [ 82.3045, 16.6367 ], [ 82.296, 16.626 ], [ 82.2999, 16.6363 ], [ 82.2843, 16.626 ], [ 82.2849, 16.6 ], [ 82.2946, 16.6025 ], [ 82.2988, 16.5864 ], [ 82.2631, 16.563 ], [ 82.2971, 16.5676 ], [ 82.2937, 16.5581 ], [ 82.281, 16.5586 ], [ 82.29, 16.5549 ], [ 82.2996, 16.5582 ], [ 82.2992, 16.5722 ], [ 82.3015, 16.5673 ], [ 82.3009, 16.5624 ], [ 82.3107, 16.5677 ], [ 82.3134, 16.5648 ], [ 82.3137, 16.5587 ], [ 82.3129, 16.5635 ], [ 82.2995, 16.5559 ], [ 82.2349, 16.546 ], [ 81.9704, 16.4076 ], [ 81.9577, 16.3924 ], [ 81.8782, 16.3826 ], [ 81.7208, 16.3069 ], [ 81.6906, 16.3275 ], [ 81.4872, 16.3551 ], [ 81.3938, 16.3425 ], [ 81.3054, 16.3035 ], [ 81.2462, 16.2589 ], [ 81.2138, 16.2072 ], [ 81.1914, 16.1028 ], [ 81.1455, 16.0129 ], [ 81.148, 15.9737 ], [ 81.0554, 15.8972 ], [ 81.0048, 15.8378 ], [ 81.0206, 15.793 ], [ 81.0113, 15.8015 ], [ 81.0145, 15.7713 ], [ 80.9985, 15.7697 ], [ 81.0085, 15.7529 ], [ 80.9372, 15.7144 ], [ 80.932, 15.7237 ], [ 80.85, 15.7059 ], [ 80.8215, 15.7093 ], [ 80.7884, 15.7572 ], [ 80.7995, 15.7769 ], [ 80.7912, 15.7536 ], [ 80.8102, 15.7353 ], [ 80.8223, 15.7104 ], [ 80.8175, 15.7494 ], [ 80.7796, 15.8353 ], [ 80.8009, 15.8058 ], [ 80.8025, 15.8161 ], [ 80.8156, 15.8107 ], [ 80.807, 15.8404 ], [ 80.7739, 15.8663 ], [ 80.6806, 15.8854 ], [ 80.5365, 15.8523 ], [ 80.4286, 15.8047 ], [ 80.3456, 15.7512 ], [ 80.2842, 15.6878 ], [ 80.2431, 15.6301 ], [ 80.2372, 15.6007 ], [ 80.2206, 15.6009 ], [ 80.2347, 15.5991 ], [ 80.2241, 15.595 ], [ 80.2224, 15.5827 ], [ 80.2233, 15.5837 ], [ 80.2243, 15.5917 ], [ 80.2255, 15.5931 ], [ 80.2351, 15.5906 ], [ 80.2248, 15.5335 ], [ 80.1942, 15.505 ], [ 80.2105, 15.4935 ], [ 80.205, 15.4739 ], [ 80.1218, 15.3679 ], [ 80.0847, 15.2833 ], [ 80.089, 15.2119 ], [ 80.0709, 15.1826 ], [ 80.0797, 15.1811 ], [ 80.047, 15.0802 ], [ 80.0977, 14.7795 ], [ 80.1421, 14.7035 ], [ 80.1712, 14.6117 ], [ 80.1955, 14.5858 ], [ 80.1716, 14.3734 ], [ 80.1301, 14.2312 ], [ 80.1264, 14.1643 ], [ 80.1498, 14.0318 ], [ 80.2531, 13.7859 ], [ 80.2336, 13.6584 ], [ 80.2685, 13.5645 ], [ 80.2418, 13.4706 ], [ 80.2687, 13.5646 ], [ 80.326, 13.4417 ], [ 80.3453, 13.2799 ], [ 80.2984, 13.1375 ], [ 80.305, 13.1101 ], [ 80.2949, 13.0929 ], [ 80.3108, 13.1082 ], [ 80.2868, 13.0644 ], [ 80.2594, 12.9346 ], [ 80.2552, 12.7827 ], [ 80.1663, 12.5297 ], [ 80.1571, 12.4683 ], [ 80.0342, 12.3018 ], [ 79.8736, 12.042 ], [ 79.8514, 12.0085 ], [ 79.841, 12.0131 ], [ 79.8409, 12.0128 ], [ 79.8568, 12.0061 ], [ 79.8406, 11.9558 ], [ 79.8078, 11.8366 ], [ 79.8061, 11.8411 ], [ 79.8033, 11.8357 ], [ 79.8071, 11.8335 ], [ 79.7959, 11.7857 ], [ 79.757, 11.5561 ], [ 79.8426, 11.3507 ], [ 79.8343, 11.3217 ], [ 79.8566, 11.1714 ], [ 79.8538, 10.9832 ], [ 79.8515, 10.9863 ], [ 79.8507, 10.8278 ], [ 79.8311, 10.8274 ], [ 79.8525, 10.8272 ], [ 79.8533, 10.6794 ], [ 79.841, 10.6763 ], [ 79.8533, 10.6765 ], [ 79.8585, 10.4723 ], [ 79.8804, 10.3047 ], [ 79.8603, 10.2824 ], [ 79.8168, 10.2758 ], [ 79.8133, 10.2887 ], [ 79.8139, 10.2756 ], [ 79.7801, 10.2725 ], [ 79.7834, 10.2961 ], [ 79.7487, 10.3144 ], [ 79.7487, 10.3007 ], [ 79.7775, 10.2846 ], [ 79.7783, 10.2729 ], [ 79.7677, 10.2718 ], [ 79.5317, 10.3084 ], [ 79.5492, 10.3178 ], [ 79.5441, 10.3249 ], [ 79.5129, 10.3131 ], [ 79.3959, 10.3186 ], [ 79.2985, 10.2633 ], [ 79.2683, 10.2328 ], [ 79.2774, 10.2133 ], [ 79.2415, 10.1849 ], [ 79.2257, 10.1458 ], [ 79.2285, 10.1065 ], [ 79.2231, 10.106 ], [ 79.2199, 10.1126 ], [ 79.2195, 10.1131 ], [ 79.2191, 10.1126 ], [ 79.2271, 10.0736 ], [ 79.2317, 10.082 ], [ 79.2341, 10.0706 ], [ 79.2481, 10.0709 ], [ 79.2393, 10.0578 ], [ 79.2661, 10.0392 ], [ 79.2149, 10.0001 ], [ 79.1505, 9.9196 ], [ 79.1389, 9.9209 ], [ 79.147, 9.9114 ], [ 79.1315, 9.8971 ], [ 79.1281, 9.9028 ], [ 79.1269, 9.9037 ], [ 79.1255, 9.9037 ], [ 79.124, 9.8836 ], [ 79.1184, 9.8907 ], [ 79.1113, 9.8928 ], [ 79.1208, 9.8553 ], [ 79.1058, 9.8538 ], [ 79.0942, 9.83 ], [ 79.0897, 9.8341 ], [ 79.085, 9.8347 ], [ 79.0939, 9.8294 ], [ 79.0785, 9.8 ], [ 79.0767, 9.8136 ], [ 79.0591, 9.773 ], [ 79.0323, 9.7553 ], [ 79.0313, 9.7594 ], [ 79.0299, 9.7615 ], [ 79.0159, 9.7323 ], [ 79.016, 9.7404 ], [ 79.0132, 9.7448 ], [ 78.9598, 9.6309 ], [ 78.9336, 9.6062 ], [ 78.9152, 9.499 ], [ 78.8983, 9.4899 ], [ 78.9363, 9.4083 ], [ 79.009, 9.3358 ], [ 79.0693, 9.2957 ], [ 79.2112, 9.2833 ], [ 79.2659, 9.2927 ], [ 79.3099, 9.3276 ], [ 79.3293, 9.3201 ], [ 79.335, 9.3093 ], [ 79.3147, 9.2812 ], [ 79.324, 9.2636 ], [ 79.4164, 9.1871 ], [ 79.4358, 9.1642 ], [ 79.436, 9.1585 ], [ 79.2994, 9.2468 ], [ 79.253, 9.2598 ], [ 79.2198, 9.2573 ], [ 79.2092, 9.2824 ], [ 79.0807, 9.2612 ], [ 78.9789, 9.2749 ], [ 78.9265, 9.2677 ], [ 78.8957, 9.2515 ], [ 78.8611, 9.2554 ], [ 78.7326, 9.2119 ], [ 78.7173, 9.1895 ], [ 78.6638, 9.1936 ], [ 78.6422, 9.1747 ], [ 78.6571, 9.1577 ], [ 78.6155, 9.1514 ], [ 78.5782, 9.131 ], [ 78.5309, 9.1381 ], [ 78.4087, 9.1113 ], [ 78.215, 8.966 ], [ 78.1866, 8.9236 ], [ 78.1581, 8.797 ], [ 78.1618, 8.7777 ], [ 78.1871, 8.7641 ], [ 78.1991, 8.7875 ], [ 78.1983, 8.7611 ], [ 78.1916, 8.7479 ], [ 78.163, 8.7413 ], [ 78.1256, 8.6651 ], [ 78.138, 8.586 ], [ 78.1219, 8.5157 ], [ 78.1306, 8.4969 ], [ 78.0639, 8.418 ], [ 78.0569, 8.3794 ], [ 78.0674, 8.3733 ], [ 77.9717, 8.3333 ], [ 77.8803, 8.269 ], [ 77.8029, 8.2402 ], [ 77.7813, 8.201 ], [ 77.7447, 8.1769 ], [ 77.5771, 8.1367 ], [ 77.5588, 8.1193 ], [ 77.5643, 8.0923 ], [ 77.5509, 8.078 ], [ 77.4447, 8.0946 ], [ 77.3342, 8.1259 ], [ 77.3158, 8.1218 ], [ 77.2982, 8.1474 ], [ 77.24, 8.1768 ], [ 77.0961, 8.2931 ], [ 77.096, 8.293 ], [ 76.9789, 8.382 ], [ 76.9549, 8.4266 ], [ 76.6987, 8.738 ], [ 76.6314, 8.8365 ], [ 76.5467, 8.9039 ], [ 76.4991, 9.0582 ], [ 76.3302, 9.4412 ], [ 76.2412, 9.9676 ], [ 76.2185, 10.0035 ], [ 76.1003, 10.3815 ], [ 75.9101, 10.7861 ], [ 75.8467, 11.0629 ], [ 75.7304, 11.3593 ], [ 75.6816, 11.4496 ], [ 75.6474, 11.468 ], [ 75.6342, 11.461 ], [ 75.6168, 11.4764 ], [ 75.5362, 11.6935 ], [ 75.529, 11.7013 ], [ 75.5309, 11.7036 ], [ 75.53, 11.7036 ], [ 75.4727, 11.7643 ], [ 75.4537, 11.7703 ], [ 75.4361, 11.8054 ], [ 75.3858, 11.8563 ], [ 75.3676, 11.8513 ], [ 75.3557, 11.8598 ], [ 75.2503, 12.0082 ], [ 75.2291, 12.0226 ], [ 75.2011, 12.0061 ], [ 75.0581, 12.3517 ], [ 74.9738, 12.5004 ], [ 74.8646, 12.7602 ], [ 74.8823, 12.754 ], [ 74.8644, 12.7709 ], [ 74.8642, 12.7614 ], [ 74.8244, 12.8491 ], [ 74.7164, 13.3126 ], [ 74.6936, 13.3437 ], [ 74.6954, 13.4552 ], [ 74.6685, 13.6402 ], [ 74.6456, 13.682 ], [ 74.6099, 13.8656 ], [ 74.5692, 13.9468 ], [ 74.5493, 13.9492 ], [ 74.514, 13.9869 ], [ 74.4689, 14.1887 ], [ 74.4417, 14.2246 ], [ 74.3977, 14.4082 ], [ 74.3811, 14.4244 ], [ 74.3547, 14.5222 ], [ 74.3403, 14.5147 ], [ 74.3102, 14.5214 ], [ 74.3147, 14.5457 ], [ 74.2704, 14.627 ], [ 74.2864, 14.6342 ], [ 74.2843, 14.6636 ], [ 74.2723, 14.7001 ], [ 74.2568, 14.7076 ], [ 74.2628, 14.7198 ], [ 74.2342, 14.7484 ], [ 74.2276, 14.738 ], [ 74.2038, 14.7364 ], [ 74.204, 14.7193 ], [ 74.1772, 14.7506 ], [ 74.1521, 14.7471 ], [ 74.1578, 14.7599 ], [ 74.1424, 14.7785 ], [ 74.1194, 14.774 ], [ 74.0928, 14.804 ], [ 74.1126, 14.8051 ], [ 74.1133, 14.7968 ], [ 74.1243, 14.805 ], [ 74.1251, 14.8379 ], [ 74.0859, 14.9007 ], [ 74.0854, 14.9003 ], [ 74.0445, 14.9161 ], [ 74.041, 14.9954 ], [ 74.0279, 14.9968 ] ], [ [ 70.9811, 20.7228 ], [ 70.9813, 20.7227 ], [ 70.9995, 20.7422 ], [ 70.9811, 20.7228 ] ], [ [ 83.8593, 27.3081 ], [ 83.8645, 27.3102 ], [ 83.8366, 27.3222 ], [ 83.8593, 27.3081 ] ], [ [ 84.7092, 19.155 ], [ 84.7, 19.1444 ], [ 84.7028, 19.1179 ], [ 84.7092, 19.155 ] ], [ [ 75.5442, 11.7045 ], [ 75.5359, 11.704 ], [ 75.5362, 11.6935 ], [ 75.5442, 11.7045 ] ], [ [ 89.7098, 26.173 ], [ 89.6986, 26.1912 ], [ 89.7092, 26.1728 ], [ 89.7098, 26.173 ] ], [ [ 89.7329, 26.1775 ], [ 89.7286, 26.1766 ], [ 89.7315, 26.1752 ], [ 89.7329, 26.1775 ] ], [ [ 79.8493, 28.7996 ], [ 79.8095, 28.8009 ], [ 79.8088, 28.8 ], [ 79.8493, 28.7996 ] ], [ [ 79.8331, 28.8707 ], [ 79.8387, 28.8728 ], [ 79.8293, 28.8845 ], [ 79.8202, 28.8854 ], [ 79.8331, 28.8707 ] ], [ [ 79.8077, 28.8867 ], [ 79.7998, 28.8875 ], [ 79.7984, 28.8856 ], [ 79.8077, 28.8867 ] ], [ [ 79.7846, 28.8726 ], [ 79.7491, 28.8718 ], [ 79.7834, 28.8712 ], [ 79.7846, 28.8726 ] ], [ [ 79.4667, 28.8702 ], [ 79.4516, 28.8716 ], [ 79.4481, 28.8685 ], [ 79.4667, 28.8702 ] ], [ [ 79.4284, 28.8667 ], [ 79.4256, 28.8678 ], [ 79.4256, 28.8664 ], [ 79.4284, 28.8667 ] ], [ [ 79.4196, 28.9333 ], [ 79.419, 28.94 ], [ 79.4085, 28.9511 ], [ 79.4196, 28.9333 ] ], [ [ 79.4078, 28.9519 ], [ 79.4075, 28.9522 ], [ 79.4048, 28.9519 ], [ 79.4078, 28.9519 ] ], [ [ 79.3865, 28.9518 ], [ 79.3724, 28.9875 ], [ 79.3853, 28.9518 ], [ 79.3865, 28.9518 ] ], [ [ 77.9672, 29.5802 ], [ 77.9333, 29.6005 ], [ 77.9671, 29.5801 ], [ 77.9672, 29.5802 ] ], [ [ 77.9399, 29.6961 ], [ 77.953, 29.7073 ], [ 77.9456, 29.7093 ], [ 77.9399, 29.6961 ] ], [ [ 77.6046, 30.3674 ], [ 77.576, 30.3974 ], [ 77.5723, 30.4105 ], [ 77.5799, 30.3796 ], [ 77.6046, 30.3674 ] ], [ [ 77.59, 30.4223 ], [ 77.5862, 30.4216 ], [ 77.5723, 30.4105 ], [ 77.59, 30.4223 ] ], [ [ 77.578, 30.3308 ], [ 77.5826, 30.31 ], [ 77.5863, 30.3127 ], [ 77.578, 30.3308 ] ], [ [ 77.4758, 30.1797 ], [ 77.4694, 30.1736 ], [ 77.4754, 30.1791 ], [ 77.4758, 30.1797 ] ], [ [ 77.4572, 30.1626 ], [ 77.4559, 30.1624 ], [ 77.4569, 30.1623 ], [ 77.4572, 30.1626 ] ], [ [ 77.429, 30.1586 ], [ 77.4257, 30.1581 ], [ 77.4251, 30.1315 ], [ 77.429, 30.1586 ] ], [ [ 77.1887, 29.909 ], [ 77.1858, 29.9075 ], [ 77.202, 29.8689 ], [ 77.1887, 29.909 ] ], [ [ 77.1782, 29.8458 ], [ 77.1792, 29.8128 ], [ 77.1794, 29.8131 ], [ 77.1782, 29.8458 ] ], [ [ 77.0856, 29.5879 ], [ 77.084, 29.5872 ], [ 77.1268, 29.5595 ], [ 77.0856, 29.5879 ] ], [ [ 77.1491, 29.1176 ], [ 77.134, 29.096 ], [ 77.1345, 29.0957 ], [ 77.1491, 29.1176 ] ], [ [ 77.2027, 28.9853 ], [ 77.1959, 28.9393 ], [ 77.1966, 28.939 ], [ 77.2027, 28.9853 ] ], [ [ 77.2307, 28.9136 ], [ 77.2286, 28.8878 ], [ 77.2345, 28.9108 ], [ 77.2307, 28.9136 ] ], [ [ 77.227, 28.8814 ], [ 77.2213, 28.8822 ], [ 77.2267, 28.8801 ], [ 77.227, 28.8814 ] ], [ [ 77.2001, 28.8855 ], [ 77.1955, 28.8862 ], [ 77.1943, 28.8828 ], [ 77.2001, 28.8855 ] ], [ [ 77.19, 28.87 ], [ 77.1893, 28.8679 ], [ 77.1903, 28.8674 ], [ 77.19, 28.87 ] ], [ [ 77.2084, 28.8577 ], [ 77.1754, 28.8583 ], [ 77.212, 28.856 ], [ 77.2084, 28.8577 ] ], [ [ 77.2146, 28.8547 ], [ 77.2244, 28.8253 ], [ 77.2159, 28.8541 ], [ 77.2146, 28.8547 ] ], [ [ 77.2024, 28.7965 ], [ 77.2026, 28.7925 ], [ 77.2341, 28.7837 ], [ 77.2024, 28.7965 ] ], [ [ 77.3424, 28.6089 ], [ 77.3134, 28.5966 ], [ 77.308, 28.5864 ], [ 77.3424, 28.6089 ] ], [ [ 77.2992, 28.5699 ], [ 77.2971, 28.566 ], [ 77.2997, 28.5635 ], [ 77.2992, 28.5699 ] ], [ [ 77.3451, 28.5132 ], [ 77.3513, 28.5018 ], [ 77.3474, 28.5205 ], [ 77.3294, 28.5354 ], [ 77.3474, 28.5184 ], [ 77.3141, 28.4836 ], [ 77.3451, 28.5132 ] ], [ [ 77.3522, 28.5 ], [ 77.3525, 28.4996 ], [ 77.3717, 28.4984 ], [ 77.3522, 28.5 ] ], [ [ 77.4824, 28.1068 ], [ 77.4821, 28.107 ], [ 77.478, 28.0962 ], [ 77.4824, 28.1068 ] ], [ [ 77.4745, 28.0872 ], [ 77.4744, 28.0867 ], [ 77.5012, 28.0585 ], [ 77.4745, 28.0872 ] ], [ [ 77.5424, 27.9891 ], [ 77.5188, 27.9742 ], [ 77.5188, 27.9725 ], [ 77.5424, 27.9891 ] ], [ [ 77.5187, 27.9621 ], [ 77.5432, 27.9584 ], [ 77.5442, 27.9622 ], [ 77.5187, 27.9621 ] ], [ [ 77.5397, 27.9456 ], [ 77.5334, 27.9332 ], [ 77.5366, 27.934 ], [ 77.5397, 27.9456 ] ], [ [ 77.5018, 27.9252 ], [ 77.5214, 27.9302 ], [ 77.5168, 27.9331 ], [ 77.5016, 27.9253 ], [ 77.5018, 27.9252 ] ], [ [ 77.5013, 27.9255 ], [ 77.4922, 27.9385 ], [ 77.4852, 27.9347 ], [ 77.5013, 27.9255 ] ], [ [ 77.4846, 27.9343 ], [ 77.4753, 27.9293 ], [ 77.4776, 27.9058 ], [ 77.4846, 27.9343 ] ], [ [ 77.4735, 27.8891 ], [ 77.4628, 27.8782 ], [ 77.4722, 27.8836 ], [ 77.4735, 27.8891 ] ], [ [ 77.4536, 27.8728 ], [ 77.4502, 27.8712 ], [ 77.4505, 27.871 ], [ 77.4536, 27.8728 ] ], [ [ 77.3328, 27.8334 ], [ 77.2965, 27.8252 ], [ 77.3312, 27.8311 ], [ 77.3328, 27.8334 ] ], [ [ 77.3038, 27.7909 ], [ 77.3181, 27.7414 ], [ 77.3104, 27.7881 ], [ 77.3038, 27.7909 ] ], [ [ 77.3189, 27.7363 ], [ 77.303, 27.7259 ], [ 77.3194, 27.7335 ], [ 77.3189, 27.7363 ] ], [ [ 77.3039, 27.7111 ], [ 77.3039, 27.7108 ], [ 77.3412, 27.7034 ], [ 77.3039, 27.7111 ] ], [ [ 77.4398, 27.3907 ], [ 77.44, 27.3903 ], [ 77.5072, 27.3771 ], [ 77.4398, 27.3907 ] ], [ [ 77.7377, 27.0298 ], [ 77.7559, 27.0199 ], [ 77.751, 27.029 ], [ 77.7377, 27.0298 ] ], [ [ 77.7606, 27.0112 ], [ 77.7616, 27.0052 ], [ 77.763, 27.0068 ], [ 77.7606, 27.0112 ] ], [ [ 77.7584, 27.0013 ], [ 77.7503, 27.0019 ], [ 77.7561, 26.9985 ], [ 77.7584, 27.0013 ] ], [ [ 77.4669, 26.7737 ], [ 77.4546, 26.7419 ], [ 77.4606, 26.7431 ], [ 77.4669, 26.7737 ] ], [ [ 77.7532, 26.9169 ], [ 77.7604, 26.9322 ], [ 77.7599, 26.9325 ], [ 77.7532, 26.9169 ] ], [ [ 78.1112, 26.8959 ], [ 78.1019, 26.9176 ], [ 78.1016, 26.917 ], [ 78.1112, 26.8959 ] ], [ [ 78.1188, 26.945 ], [ 78.1215, 26.947 ], [ 78.1186, 26.947 ], [ 78.1188, 26.945 ] ], [ [ 78.2246, 26.9459 ], [ 78.2356, 26.9309 ], [ 78.225, 26.9463 ], [ 78.2246, 26.9459 ] ], [ [ 78.2549, 26.9336 ], [ 78.2384, 26.9269 ], [ 78.2386, 26.9266 ], [ 78.2546, 26.9258 ], [ 78.2549, 26.9336 ] ], [ [ 78.2562, 26.9341 ], [ 78.2601, 26.9305 ], [ 78.2573, 26.9346 ], [ 78.2562, 26.9341 ] ], [ [ 78.2698, 26.9164 ], [ 78.2326, 26.8743 ], [ 78.2708, 26.9151 ], [ 78.2698, 26.9164 ] ], [ [ 78.2086, 26.8689 ], [ 78.197, 26.8822 ], [ 78.1995, 26.8771 ], [ 78.2086, 26.8689 ] ], [ [ 78.2243, 26.8305 ], [ 78.2222, 26.8315 ], [ 78.2223, 26.8313 ], [ 78.2101, 26.8288 ], [ 78.2243, 26.8305 ] ], [ [ 78.2661, 26.815 ], [ 78.2691, 26.8138 ], [ 78.2697, 26.8155 ], [ 78.2661, 26.815 ] ], [ [ 78.5779, 26.7491 ], [ 78.5784, 26.7488 ], [ 78.613, 26.7524 ], [ 78.5779, 26.7491 ] ], [ [ 78.6845, 26.7888 ], [ 78.723, 26.797 ], [ 78.7229, 26.7973 ], [ 78.6845, 26.7888 ] ], [ [ 78.9455, 26.6548 ], [ 78.981, 26.6755 ], [ 78.9791, 26.6756 ], [ 78.9455, 26.6548 ] ], [ [ 78.9933, 26.6745 ], [ 79.0033, 26.6722 ], [ 79.0038, 26.6737 ], [ 78.9933, 26.6745 ] ], [ [ 78.9896, 26.5837 ], [ 78.9898, 26.5785 ], [ 78.9985, 26.572 ], [ 78.9896, 26.5837 ] ], [ [ 79.0074, 26.5603 ], [ 79.0077, 26.5439 ], [ 79.0143, 26.551 ], [ 79.0074, 26.5603 ] ], [ [ 79.0862, 26.3614 ], [ 79.0842, 26.3593 ], [ 79.1388, 26.3375 ], [ 79.0862, 26.3614 ] ], [ [ 79.1185, 26.3008 ], [ 79.1183, 26.3004 ], [ 79.1186, 26.3003 ], [ 79.1185, 26.3008 ] ], [ [ 78.8726, 25.8351 ], [ 78.8678, 25.7985 ], [ 78.8724, 25.8014 ], [ 78.8726, 25.8351 ] ], [ [ 78.8622, 25.795 ], [ 78.8549, 25.7976 ], [ 78.8571, 25.7918 ], [ 78.8622, 25.795 ] ], [ [ 78.226, 24.521 ], [ 78.2258, 24.5201 ], [ 78.246, 24.5095 ], [ 78.226, 24.521 ] ], [ [ 78.33, 24.3282 ], [ 78.3291, 24.3271 ], [ 78.3335, 24.3226 ], [ 78.33, 24.3282 ] ], [ [ 78.3837, 24.2712 ], [ 78.3849, 24.27 ], [ 78.3851, 24.2701 ], [ 78.3837, 24.2712 ] ], [ [ 78.4234, 24.2817 ], [ 78.4311, 24.284 ], [ 78.4333, 24.2902 ], [ 78.4234, 24.2817 ] ], [ [ 78.4945, 24.3816 ], [ 78.5184, 24.3878 ], [ 78.5005, 24.3891 ], [ 78.4945, 24.3816 ] ], [ [ 78.7817, 24.1957 ], [ 78.7855, 24.1835 ], [ 78.7895, 24.1824 ], [ 78.7817, 24.1957 ] ], [ [ 78.8027, 24.1789 ], [ 78.8055, 24.1782 ], [ 78.806, 24.1796 ], [ 78.8027, 24.1789 ] ], [ [ 78.9318, 25.4907 ], [ 78.927, 25.4918 ], [ 78.9268, 25.49 ], [ 78.9318, 25.4907 ] ], [ [ 78.8457, 25.3556 ], [ 78.841, 25.345 ], [ 78.846, 25.3394 ], [ 78.8457, 25.3556 ] ], [ [ 80.4549, 25.0057 ], [ 80.4368, 25.0015 ], [ 80.437, 24.9945 ], [ 80.4549, 25.0057 ] ], [ [ 81.4477, 25.1072 ], [ 81.4137, 25.1079 ], [ 81.4073, 25.1049 ], [ 81.4477, 25.1072 ] ], [ [ 82.2179, 24.7767 ], [ 82.1965, 24.7781 ], [ 82.2094, 24.7715 ], [ 82.2179, 24.7767 ] ], [ [ 82.6829, 24.1546 ], [ 82.6643, 24.1286 ], [ 82.6666, 24.1269 ], [ 82.6829, 24.1546 ] ], [ [ 82.837, 23.9568 ], [ 82.8126, 23.9599 ], [ 82.8122, 23.9597 ], [ 82.837, 23.9568 ] ], [ [ 82.9479, 23.8714 ], [ 83.0418, 23.8787 ], [ 83.0353, 23.8796 ], [ 82.9479, 23.8714 ] ], [ [ 83.0669, 23.8751 ], [ 83.0819, 23.8705 ], [ 83.0882, 23.872 ], [ 83.0669, 23.8751 ] ], [ [ 83.2027, 23.9199 ], [ 83.2079, 23.9214 ], [ 83.2108, 23.9335 ], [ 83.2027, 23.9199 ] ], [ [ 83.2966, 24.0705 ], [ 83.3069, 24.0852 ], [ 83.2995, 24.0789 ], [ 83.2966, 24.0705 ] ], [ [ 83.3306, 24.1052 ], [ 83.3332, 24.105 ], [ 83.3541, 24.1249 ], [ 83.3306, 24.1052 ] ], [ [ 83.4529, 24.042 ], [ 83.5158, 24.027 ], [ 83.5157, 24.0272 ], [ 83.4529, 24.042 ] ], [ [ 83.5159, 24.0267 ], [ 83.5153, 23.9807 ], [ 83.5239, 24.0114 ], [ 83.5159, 24.0267 ] ], [ [ 83.7751, 23.6219 ], [ 83.7725, 23.6109 ], [ 83.7753, 23.61 ], [ 83.7751, 23.6219 ] ], [ [ 84.2191, 22.9794 ], [ 84.2192, 22.9791 ], [ 84.241, 22.9836 ], [ 84.2191, 22.9794 ] ], [ [ 84.2778, 22.9934 ], [ 84.2771, 22.9928 ], [ 84.2811, 22.9637 ], [ 84.2839, 22.9648 ], [ 84.2778, 22.9934 ] ], [ [ 84.3281, 22.9819 ], [ 84.3737, 22.9771 ], [ 84.3729, 22.9784 ], [ 84.3281, 22.9819 ] ], [ [ 84.3795, 22.967 ], [ 84.3921, 22.9368 ], [ 84.3937, 22.9425 ], [ 84.3795, 22.967 ] ], [ [ 84.3872, 22.9188 ], [ 84.3752, 22.9045 ], [ 84.3785, 22.887 ], [ 84.3872, 22.9188 ] ], [ [ 84.3733, 22.868 ], [ 84.371, 22.8651 ], [ 84.3726, 22.8653 ], [ 84.3733, 22.868 ] ], [ [ 84.3479, 22.8623 ], [ 84.3348, 22.8615 ], [ 84.3338, 22.8606 ], [ 84.3479, 22.8623 ] ], [ [ 84.3335, 22.8603 ], [ 84.3242, 22.8509 ], [ 84.3151, 22.8007 ], [ 84.3335, 22.8603 ] ], [ [ 84.2979, 22.7943 ], [ 84.2881, 22.7662 ], [ 84.2894, 22.7661 ], [ 84.2979, 22.7943 ] ], [ [ 84.2331, 22.6836 ], [ 84.2287, 22.6769 ], [ 84.2332, 22.6792 ], [ 84.2331, 22.6836 ] ], [ [ 84.0095, 22.573 ], [ 84.0028, 22.5459 ], [ 84.0104, 22.5313 ], [ 84.0095, 22.573 ] ], [ [ 85.0367, 22.4765 ], [ 85.0525, 22.4834 ], [ 85.0359, 22.4824 ], [ 85.0367, 22.4765 ] ], [ [ 85.0647, 22.484 ], [ 85.0681, 22.4823 ], [ 85.0673, 22.4842 ], [ 85.0647, 22.484 ] ], [ [ 85.0771, 22.4638 ], [ 85.0737, 22.4708 ], [ 85.0603, 22.4496 ], [ 85.0612, 22.4478 ], [ 85.0771, 22.4638 ] ], [ [ 85.0853, 22.394 ], [ 85.0767, 22.3562 ], [ 85.0879, 22.3885 ], [ 85.0853, 22.394 ] ], [ [ 85.0272, 22.1296 ], [ 84.9834, 22.0955 ], [ 85.0268, 22.1225 ], [ 85.0272, 22.1296 ] ], [ [ 84.9859, 22.0867 ], [ 84.9869, 22.0828 ], [ 84.9944, 22.0875 ], [ 84.9859, 22.0867 ] ], [ [ 85.0399, 22.1155 ], [ 85.0949, 22.1084 ], [ 85.0403, 22.1159 ], [ 85.0399, 22.1155 ] ], [ [ 85.2363, 22.0098 ], [ 85.279, 22.0863 ], [ 85.2751, 22.0823 ], [ 85.2363, 22.0098 ] ], [ [ 85.2934, 22.1012 ], [ 85.3139, 22.1194 ], [ 85.3096, 22.1179 ], [ 85.2934, 22.1012 ] ], [ [ 85.3348, 22.1264 ], [ 85.3629, 22.1239 ], [ 85.3462, 22.1303 ], [ 85.3348, 22.1264 ] ], [ [ 85.3661, 22.1589 ], [ 85.364, 22.1238 ], [ 85.3644, 22.1237 ], [ 85.3708, 22.1595 ], [ 85.3661, 22.1589 ] ], [ [ 85.379, 22.1606 ], [ 85.4072, 22.1594 ], [ 85.3979, 22.1632 ], [ 85.379, 22.1606 ] ], [ [ 85.4895, 22.126 ], [ 85.5195, 22.1116 ], [ 85.515, 22.1156 ], [ 85.4895, 22.126 ] ], [ [ 85.8958, 21.9844 ], [ 85.9069, 21.9701 ], [ 85.9073, 21.9717 ], [ 85.8958, 21.9844 ] ], [ [ 86.024, 22.5446 ], [ 86.0494, 22.5631 ], [ 86.0454, 22.5675 ], [ 86.024, 22.5446 ] ], [ [ 86.2813, 22.4487 ], [ 86.3575, 22.3498 ], [ 86.3579, 22.3496 ], [ 86.2813, 22.4487 ] ], [ [ 86.3766, 22.3387 ], [ 86.4303, 22.3075 ], [ 86.4315, 22.3074 ], [ 86.3766, 22.3387 ] ], [ [ 86.4448, 22.3287 ], [ 86.4381, 22.307 ], [ 86.4423, 22.3068 ], [ 86.4452, 22.3286 ], [ 86.4448, 22.3287 ] ], [ [ 86.4968, 22.3471 ], [ 86.5082, 22.3279 ], [ 86.4969, 22.3472 ], [ 86.4968, 22.3471 ] ], [ [ 86.6444, 22.2685 ], [ 86.6442, 22.2686 ], [ 86.6543, 22.2363 ], [ 86.6547, 22.2364 ], [ 86.6444, 22.2685 ] ], [ [ 86.8337, 22.0987 ], [ 86.9613, 22.0861 ], [ 86.958, 22.0886 ], [ 86.8337, 22.0987 ] ], [ [ 86.9997, 21.9132 ], [ 87.033, 21.8704 ], [ 87.0347, 21.8703 ], [ 86.9997, 21.9132 ] ], [ [ 87.2316, 21.9571 ], [ 87.2358, 21.9522 ], [ 87.2318, 21.957 ], [ 87.2316, 21.9571 ] ], [ [ 87.2498, 21.935 ], [ 87.2493, 21.9356 ], [ 87.2343, 21.9011 ], [ 87.2344, 21.9007 ], [ 87.2498, 21.935 ] ], [ [ 87.2771, 21.8056 ], [ 87.2774, 21.805 ], [ 87.297, 21.8116 ], [ 87.2771, 21.8056 ] ], [ [ 87.4444, 21.7681 ], [ 87.4538, 21.7408 ], [ 87.4456, 21.7682 ], [ 87.4444, 21.7681 ] ], [ [ 87.4543, 21.7393 ], [ 87.4448, 21.734 ], [ 87.4543, 21.7391 ], [ 87.4543, 21.7393 ] ], [ [ 74.0634, 15.6265 ], [ 74.0914, 15.6397 ], [ 74.0312, 15.6226 ], [ 74.0634, 15.6265 ] ], [ [ 74.111, 15.649 ], [ 74.1176, 15.6521 ], [ 74.1275, 15.6524 ], [ 74.0885, 15.672 ], [ 74.111, 15.649 ] ], [ [ 74.2501, 15.6553 ], [ 74.2504, 15.6573 ], [ 74.2238, 15.669 ], [ 74.2501, 15.6553 ] ], [ [ 74.1592, 14.9559 ], [ 74.1594, 14.9518 ], [ 74.1621, 14.956 ], [ 74.1592, 14.9559 ] ], [ [ 73.8452, 15.7801 ], [ 73.8297, 15.7643 ], [ 73.8266, 15.7434 ], [ 73.8452, 15.7801 ] ], [ [ 73.8801, 15.7743 ], [ 73.8634, 15.7988 ], [ 73.8605, 15.7958 ], [ 73.8801, 15.7743 ] ], [ [ 73.1922, 20.127 ], [ 73.2139, 20.1169 ], [ 73.2097, 20.0853 ], [ 73.2166, 20.1283 ], [ 73.2106, 20.1205 ], [ 73.1922, 20.127 ] ], [ [ 73.1023, 20.0912 ], [ 73.1061, 20.0742 ], [ 73.112, 20.0712 ], [ 73.1023, 20.0912 ] ], [ [ 73.0132, 20.1296 ], [ 73.01, 20.1325 ], [ 73.0007, 20.1123 ], [ 73.0132, 20.1296 ] ], [ [ 72.9992, 20.1426 ], [ 72.999, 20.1418 ], [ 73.0018, 20.1401 ], [ 72.9992, 20.1426 ] ], [ [ 72.9741, 20.116 ], [ 72.9774, 20.1128 ], [ 72.9918, 20.1177 ], [ 72.9741, 20.116 ] ], [ [ 72.964, 20.1275 ], [ 72.9636, 20.126 ], [ 72.9661, 20.1236 ], [ 72.964, 20.1275 ] ], [ [ 72.9619, 20.1856 ], [ 72.9619, 20.1835 ], [ 72.9769, 20.1786 ], [ 72.9619, 20.1856 ] ], [ [ 72.962, 20.2098 ], [ 72.962, 20.1945 ], [ 72.966, 20.2249 ], [ 72.9647, 20.2255 ], [ 72.9625, 20.2097 ], [ 72.962, 20.2098 ] ], [ [ 73.8951, 29.9741 ], [ 74.5272, 29.9429 ], [ 74.5098, 29.9084 ], [ 74.5316, 29.9497 ], [ 73.8951, 29.9741 ] ], [ [ 74.4835, 29.8136 ], [ 74.4791, 29.793 ], [ 74.4844, 29.8141 ], [ 74.4835, 29.8136 ] ], [ [ 74.4736, 29.7672 ], [ 74.4779, 29.7468 ], [ 74.4738, 29.7679 ], [ 74.4736, 29.7672 ] ], [ [ 74.5067, 29.7423 ], [ 74.5347, 29.7406 ], [ 74.5045, 29.7427 ], [ 74.5067, 29.7423 ] ], [ [ 75.9737, 27.8503 ], [ 76.0046, 27.8344 ], [ 75.9738, 27.8507 ], [ 75.9737, 27.8503 ] ], [ [ 76.5447, 27.9637 ], [ 76.5474, 27.9648 ], [ 76.536, 27.9795 ], [ 76.5447, 27.9637 ] ], [ [ 76.6874, 28.0877 ], [ 76.6573, 28.0893 ], [ 76.6573, 28.0892 ], [ 76.6874, 28.0877 ] ], [ [ 76.8683, 28.2191 ], [ 76.8681, 28.2197 ], [ 76.8663, 28.2195 ], [ 76.8683, 28.2191 ] ], [ [ 76.8727, 28.2058 ], [ 76.9068, 28.2003 ], [ 76.8728, 28.2063 ], [ 76.8727, 28.2058 ] ], [ [ 76.8925, 28.1836 ], [ 76.901, 28.1787 ], [ 76.8948, 28.1863 ], [ 76.8925, 28.1836 ] ], [ [ 76.9482, 28.1422 ], [ 76.9705, 28.1384 ], [ 76.9506, 28.1489 ], [ 76.9482, 28.1422 ] ], [ [ 76.8927, 27.7335 ], [ 76.8927, 27.7329 ], [ 76.919, 27.8041 ], [ 76.8927, 27.7335 ] ], [ [ 76.8899, 27.7007 ], [ 76.8936, 27.6975 ], [ 76.9247, 27.6999 ], [ 76.8899, 27.7007 ] ], [ [ 76.9108, 27.6547 ], [ 76.9112, 27.6547 ], [ 76.8986, 27.6775 ], [ 76.9108, 27.6547 ] ], [ [ 77.2367, 27.7845 ], [ 77.2379, 27.7857 ], [ 77.2359, 27.7868 ], [ 77.2367, 27.7845 ] ], [ [ 78.1687, 26.8204 ], [ 78.1695, 26.8186 ], [ 78.171, 26.8209 ], [ 78.1687, 26.8204 ] ], [ [ 78.184, 26.7838 ], [ 78.1866, 26.7961 ], [ 78.1733, 26.8094 ], [ 78.184, 26.7838 ] ], [ [ 78.0741, 26.6706 ], [ 78.0897, 26.6745 ], [ 78.0898, 26.6754 ], [ 78.0741, 26.6706 ] ], [ [ 77.3777, 26.3639 ], [ 77.3904, 26.3565 ], [ 77.4447, 26.3618 ], [ 77.3777, 26.3639 ] ], [ [ 77.3684, 26.3642 ], [ 77.3595, 26.3593 ], [ 77.3707, 26.3641 ], [ 77.3684, 26.3642 ] ], [ [ 77.329, 26.3426 ], [ 77.3242, 26.3306 ], [ 77.3392, 26.3482 ], [ 77.329, 26.3426 ] ], [ [ 77.1922, 26.2337 ], [ 77.2039, 26.2299 ], [ 77.2108, 26.2338 ], [ 77.1922, 26.2337 ] ], [ [ 77.136, 26.2335 ], [ 77.1358, 26.2331 ], [ 77.1383, 26.2335 ], [ 77.136, 26.2335 ] ], [ [ 77.0291, 26.1712 ], [ 76.9976, 26.1291 ], [ 77.0307, 26.1715 ], [ 77.0291, 26.1712 ] ], [ [ 76.8998, 26.0925 ], [ 76.8848, 26.048 ], [ 76.9005, 26.0927 ], [ 76.8998, 26.0925 ] ], [ [ 76.5828, 25.871 ], [ 76.5823, 25.8704 ], [ 76.6232, 25.8706 ], [ 76.5828, 25.871 ] ], [ [ 76.4975, 25.65 ], [ 76.5042, 25.6717 ], [ 76.5035, 25.6721 ], [ 76.4975, 25.65 ] ], [ [ 76.4967, 25.647 ], [ 76.4966, 25.6468 ], [ 76.5081, 25.6179 ], [ 76.5099, 25.6309 ], [ 76.4967, 25.647 ] ], [ [ 76.5038, 25.5798 ], [ 76.5134, 25.54 ], [ 76.5039, 25.5802 ], [ 76.5038, 25.5798 ] ], [ [ 76.5165, 25.527 ], [ 76.5166, 25.5267 ], [ 76.555, 25.4831 ], [ 76.555, 25.4834 ], [ 76.5165, 25.527 ] ], [ [ 76.556, 25.453 ], [ 76.556, 25.452 ], [ 76.5846, 25.4346 ], [ 76.5824, 25.4369 ], [ 76.556, 25.453 ] ], [ [ 76.5985, 25.3923 ], [ 76.588, 25.4311 ], [ 76.5866, 25.4325 ], [ 76.5985, 25.3923 ] ], [ [ 76.7111, 25.3461 ], [ 76.7312, 25.3519 ], [ 76.7016, 25.3505 ], [ 76.7293, 25.3286 ], [ 76.7732, 25.317 ], [ 76.7557, 25.3228 ], [ 76.7111, 25.3461 ] ], [ [ 76.7788, 25.3156 ], [ 76.8573, 25.3328 ], [ 76.7781, 25.3157 ], [ 76.7788, 25.3156 ] ], [ [ 76.9422, 25.2822 ], [ 76.9424, 25.2822 ], [ 76.9233, 25.2855 ], [ 76.9422, 25.2822 ] ], [ [ 77.2909, 25.4221 ], [ 77.2899, 25.4217 ], [ 77.2339, 25.3787 ], [ 77.2909, 25.4221 ] ], [ [ 77.3675, 25.4099 ], [ 77.3609, 25.419 ], [ 77.3155, 25.4315 ], [ 77.3675, 25.4099 ] ], [ [ 77.3697, 25.4069 ], [ 77.3505, 25.3841 ], [ 77.3543, 25.3785 ], [ 77.3706, 25.4057 ], [ 77.3697, 25.4069 ] ], [ [ 77.3706, 25.3248 ], [ 77.3688, 25.3284 ], [ 77.3679, 25.3282 ], [ 77.3706, 25.3248 ] ], [ [ 77.374, 25.2745 ], [ 77.3816, 25.3032 ], [ 77.3774, 25.3113 ], [ 77.374, 25.2745 ] ], [ [ 76.9008, 24.1283 ], [ 76.9013, 24.1282 ], [ 76.9163, 24.1879 ], [ 76.9008, 24.1283 ] ], [ [ 75.762, 24.1297 ], [ 75.7601, 24.1204 ], [ 75.7701, 24.1198 ], [ 75.762, 24.1297 ] ], [ [ 75.7768, 24.2083 ], [ 75.7756, 24.2077 ], [ 75.7699, 24.1909 ], [ 75.7768, 24.2083 ] ], [ [ 75.1929, 24.7736 ], [ 75.2054, 24.7695 ], [ 75.2081, 24.7716 ], [ 75.1929, 24.7736 ] ], [ [ 75.1569, 25.0341 ], [ 75.2152, 25.0365 ], [ 75.1994, 25.0404 ], [ 75.2012, 25.0377 ], [ 75.157, 25.0342 ], [ 75.1569, 25.0341 ] ], [ [ 75.1839, 25.0371 ], [ 75.1927, 25.0421 ], [ 75.1671, 25.0484 ], [ 75.1652, 25.0457 ], [ 75.1673, 25.0482 ], [ 75.1839, 25.0371 ] ], [ [ 75.1514, 25.0262 ], [ 75.1527, 25.0246 ], [ 75.154, 25.0299 ], [ 75.1514, 25.0262 ] ], [ [ 74.9823, 24.0254 ], [ 74.974, 24.0403 ], [ 74.9393, 24.0539 ], [ 74.9823, 24.0254 ] ], [ [ 74.7264, 23.215 ], [ 74.7475, 23.2267 ], [ 74.6921, 23.2192 ], [ 74.7264, 23.215 ] ], [ [ 74.3189, 23.0587 ], [ 74.3154, 23.0616 ], [ 74.3219, 23.0412 ], [ 74.3328, 23.0341 ], [ 74.3189, 23.0587 ] ], [ [ 74.3651, 22.9769 ], [ 74.3653, 22.977 ], [ 74.3645, 22.9785 ], [ 74.3651, 22.9769 ] ], [ [ 74.1351, 22.5204 ], [ 74.1353, 22.5203 ], [ 74.1355, 22.5204 ], [ 74.1351, 22.5204 ] ], [ [ 74.0379, 22.5345 ], [ 74.0375, 22.5311 ], [ 74.0389, 22.535 ], [ 74.0379, 22.5345 ] ], [ [ 74.0334, 22.4899 ], [ 74.0371, 22.4934 ], [ 74.0343, 22.4988 ], [ 74.0334, 22.4899 ] ], [ [ 74.0537, 22.5089 ], [ 74.053, 22.5089 ], [ 74.0522, 22.5075 ], [ 74.0537, 22.5089 ] ], [ [ 74.1403, 21.9727 ], [ 74.1445, 21.955 ], [ 74.1506, 21.9866 ], [ 74.1403, 21.9727 ] ], [ [ 74.1456, 21.9504 ], [ 74.1489, 21.9505 ], [ 74.1451, 21.9526 ], [ 74.1456, 21.9504 ] ], [ [ 73.8709, 21.8415 ], [ 73.8716, 21.8415 ], [ 73.875, 21.8431 ], [ 73.8709, 21.8415 ] ], [ [ 73.8139, 21.8398 ], [ 73.796, 21.8247 ], [ 73.8173, 21.8399 ], [ 73.8139, 21.8398 ] ], [ [ 73.9663, 21.5221 ], [ 73.9766, 21.5224 ], [ 73.9551, 21.5408 ], [ 73.9663, 21.5221 ] ], [ [ 73.9823, 21.5226 ], [ 73.9742, 21.5433 ], [ 73.9773, 21.5224 ], [ 73.9823, 21.5226 ] ], [ [ 74.1666, 21.569 ], [ 74.1576, 21.5689 ], [ 74.137, 21.5469 ], [ 74.1666, 21.569 ] ], [ [ 74.1958, 21.5321 ], [ 74.1759, 21.569 ], [ 74.1668, 21.569 ], [ 74.1958, 21.5321 ] ], [ [ 74.2632, 21.5398 ], [ 74.2632, 21.5399 ], [ 74.2362, 21.5397 ], [ 74.2632, 21.5398 ] ], [ [ 74.2972, 21.5655 ], [ 74.2955, 21.5691 ], [ 74.2767, 21.5623 ], [ 74.2972, 21.5655 ] ], [ [ 74.3306, 21.5524 ], [ 74.3305, 21.5528 ], [ 74.3032, 21.5522 ], [ 74.3306, 21.5524 ] ], [ [ 74.3208, 21.4985 ], [ 74.3323, 21.5435 ], [ 74.3309, 21.551 ], [ 74.3208, 21.4985 ] ], [ [ 73.7657, 21.0697 ], [ 73.7665, 21.0694 ], [ 73.7892, 21.0711 ], [ 73.7657, 21.0697 ] ], [ [ 73.8021, 21.051 ], [ 73.8109, 21.0595 ], [ 73.8077, 21.0849 ], [ 73.8021, 21.051 ] ], [ [ 73.8001, 21.0388 ], [ 73.8022, 21.0372 ], [ 73.8002, 21.0393 ], [ 73.8001, 21.0388 ] ], [ [ 73.8211, 21.0225 ], [ 73.8342, 21.0247 ], [ 73.8144, 21.0277 ], [ 73.8211, 21.0225 ] ], [ [ 73.8354, 21.0114 ], [ 73.8384, 21.009 ], [ 73.8342, 21.0247 ], [ 73.8354, 21.0114 ] ], [ [ 73.9378, 20.8162 ], [ 73.944, 20.8241 ], [ 73.9394, 20.8304 ], [ 73.9378, 20.8162 ] ], [ [ 73.9319, 20.7606 ], [ 73.9427, 20.7421 ], [ 73.935, 20.7897 ], [ 73.9319, 20.7606 ] ], [ [ 73.9226, 20.7285 ], [ 73.9296, 20.7276 ], [ 73.9427, 20.7421 ], [ 73.9226, 20.7285 ] ], [ [ 73.8744, 20.7295 ], [ 73.8552, 20.6923 ], [ 73.8796, 20.729 ], [ 73.8744, 20.7295 ] ], [ [ 73.6554, 20.5657 ], [ 73.6609, 20.5625 ], [ 73.6954, 20.5784 ], [ 73.6554, 20.5657 ] ], [ [ 73.4492, 20.7172 ], [ 73.4443, 20.6811 ], [ 73.4494, 20.7172 ], [ 73.4492, 20.7172 ] ], [ [ 73.2998, 20.2095 ], [ 73.2984, 20.2085 ], [ 73.3438, 20.1994 ], [ 73.2998, 20.2095 ] ], [ [ 73.2501, 20.1253 ], [ 73.2534, 20.1257 ], [ 73.2539, 20.138 ], [ 73.2501, 20.1253 ] ], [ [ 73.227, 20.1237 ], [ 73.227, 20.123 ], [ 73.2314, 20.1234 ], [ 73.227, 20.1237 ] ], [ [ 73.1663, 20.2879 ], [ 73.1657, 20.3104 ], [ 73.1659, 20.2876 ], [ 73.1663, 20.2879 ] ], [ [ 73.1582, 20.2813 ], [ 73.1647, 20.2865 ], [ 73.1458, 20.2886 ], [ 73.1582, 20.2813 ] ], [ [ 73.0728, 20.1559 ], [ 73.0718, 20.1562 ], [ 73.0725, 20.155 ], [ 73.0728, 20.1559 ] ], [ [ 73.133, 20.2058 ], [ 73.1419, 20.1774 ], [ 73.138, 20.2042 ], [ 73.133, 20.2058 ] ], [ [ 73.2055, 20.1642 ], [ 73.2078, 20.1682 ], [ 73.2006, 20.1642 ], [ 73.2055, 20.1642 ] ], [ [ 73.1854, 20.1558 ], [ 73.187, 20.1294 ], [ 73.1878, 20.1291 ], [ 73.1893, 20.158 ], [ 73.1854, 20.1558 ] ], [ [ 72.9124, 20.2754 ], [ 72.9139, 20.2728 ], [ 72.9283, 20.2872 ], [ 72.9124, 20.2754 ] ], [ [ 72.9379, 20.2944 ], [ 72.937, 20.2937 ], [ 72.9712, 20.2691 ], [ 72.9379, 20.2944 ] ], [ [ 73.0958, 20.3613 ], [ 73.0928, 20.3552 ], [ 73.1113, 20.3378 ], [ 73.0958, 20.3613 ] ], [ [ 72.9748, 20.2193 ], [ 72.9929, 20.2142 ], [ 72.9941, 20.2154 ], [ 72.9748, 20.2193 ] ], [ [ 72.9611, 20.3324 ], [ 72.9628, 20.3263 ], [ 72.9678, 20.3324 ], [ 72.9611, 20.3324 ] ], [ [ 72.9791, 20.3322 ], [ 72.968, 20.3324 ], [ 72.9773, 20.3247 ], [ 72.9791, 20.3322 ] ], [ [ 72.8966, 20.3799 ], [ 72.8828, 20.3978 ], [ 72.8949, 20.379 ], [ 72.8966, 20.3799 ] ], [ [ 72.8767, 20.3698 ], [ 72.892, 20.3775 ], [ 72.8564, 20.3715 ], [ 72.8767, 20.3698 ] ], [ [ 72.904, 20.415 ], [ 72.8578, 20.4197 ], [ 72.8573, 20.4189 ], [ 72.904, 20.415 ] ], [ [ 70.8781, 20.7285 ], [ 70.8762, 20.7197 ], [ 70.8801, 20.7293 ], [ 70.8781, 20.7285 ] ], [ [ 72.9107, 24.3372 ], [ 72.9751, 24.3688 ], [ 72.975, 24.3715 ], [ 72.9666, 24.3665 ], [ 72.9749, 24.3727 ], [ 72.9749, 24.3731 ], [ 72.9107, 24.3372 ] ], [ [ 72.9747, 24.377 ], [ 72.9744, 24.3828 ], [ 72.9597, 24.3895 ], [ 72.9747, 24.377 ] ], [ [ 72.9552, 24.4028 ], [ 72.9511, 24.4003 ], [ 72.9493, 24.3982 ], [ 72.9546, 24.3938 ], [ 72.9684, 24.4149 ], [ 72.9676, 24.419 ], [ 72.9532, 24.4026 ], [ 72.9552, 24.4028 ] ], [ [ 72.9812, 24.4344 ], [ 72.9724, 24.4244 ], [ 72.9684, 24.4149 ], [ 72.9812, 24.4344 ] ], [ [ 73.0877, 24.4975 ], [ 73.0926, 24.4769 ], [ 73.1024, 24.4889 ], [ 73.1121, 24.4602 ], [ 73.1089, 24.4858 ], [ 73.0879, 24.4977 ], [ 73.0877, 24.4975 ] ], [ [ 73.1011, 24.4403 ], [ 73.1121, 24.4599 ], [ 73.1121, 24.4601 ], [ 73.1033, 24.4558 ], [ 73.0941, 24.4704 ], [ 73.1011, 24.4403 ] ], [ [ 73.1239, 24.2712 ], [ 73.1243, 24.2717 ], [ 73.1247, 24.2728 ], [ 73.1213, 24.2701 ], [ 73.1239, 24.2712 ] ], [ [ 73.089, 24.236 ], [ 73.1096, 24.2568 ], [ 73.1085, 24.2599 ], [ 73.0954, 24.2493 ], [ 73.089, 24.236 ] ], [ [ 73.0883, 24.2346 ], [ 73.0879, 24.2338 ], [ 73.09, 24.2332 ], [ 73.0883, 24.2346 ] ], [ [ 73.0953, 24.2289 ], [ 73.0906, 24.2234 ], [ 73.0987, 24.2262 ], [ 73.0953, 24.2289 ] ], [ [ 73.0689, 24.1979 ], [ 73.0655, 24.1939 ], [ 73.0682, 24.1964 ], [ 73.0689, 24.1979 ] ], [ [ 73.0716, 24.1868 ], [ 73.0703, 24.19 ], [ 73.0735, 24.1846 ], [ 73.1252, 24.1249 ], [ 73.0674, 24.1947 ], [ 73.0655, 24.1939 ], [ 73.0716, 24.1868 ] ], [ [ 73.1553, 24.108 ], [ 73.1535, 24.1128 ], [ 73.1252, 24.1249 ], [ 73.1553, 24.108 ] ], [ [ 73.2132, 24.078 ], [ 73.2051, 24.0801 ], [ 73.2122, 24.0761 ], [ 73.2132, 24.078 ] ], [ [ 73.3351, 24.102 ], [ 73.3331, 24.1084 ], [ 73.33, 24.1088 ], [ 73.3279, 24.1088 ], [ 73.327, 24.1092 ], [ 73.3351, 24.102 ] ], [ [ 73.339, 24.0984 ], [ 73.362, 24.1047 ], [ 73.3486, 24.1064 ], [ 73.3369, 24.1004 ], [ 73.339, 24.0984 ] ], [ [ 73.4028, 24.0428 ], [ 73.4039, 24.0352 ], [ 73.4047, 24.041 ], [ 73.4028, 24.0428 ] ], [ [ 73.9338, 23.3395 ], [ 73.9357, 23.3397 ], [ 73.938, 23.3679 ], [ 73.9338, 23.3395 ] ], [ [ 73.9575, 23.3795 ], [ 73.9744, 23.372 ], [ 73.9742, 23.3727 ], [ 73.9575, 23.3795 ] ], [ [ 74.0382, 23.2934 ], [ 74.0922, 23.2938 ], [ 74.0859, 23.298 ], [ 74.0382, 23.2934 ] ], [ [ 74.1042, 23.2855 ], [ 74.1092, 23.2744 ], [ 74.1326, 23.2662 ], [ 74.1042, 23.2855 ] ], [ [ 74.1731, 22.4174 ], [ 74.1769, 22.4056 ], [ 74.1752, 22.4181 ], [ 74.1731, 22.4174 ] ], [ [ 74.1651, 22.3973 ], [ 74.1784, 22.3885 ], [ 74.1634, 22.4053 ], [ 74.1651, 22.3973 ] ], [ [ 74.1792, 22.388 ], [ 74.179, 22.3892 ], [ 74.1789, 22.3882 ], [ 74.1792, 22.388 ] ], [ [ 76.4354, 28.1101 ], [ 76.4359, 28.111 ], [ 76.4229, 28.1143 ], [ 76.4354, 28.1101 ] ], [ [ 76.441, 28.1199 ], [ 76.4407, 28.1204 ], [ 76.4406, 28.119 ], [ 76.441, 28.1199 ] ], [ [ 76.7327, 25.3519 ], [ 76.761, 25.3414 ], [ 76.7338, 25.352 ], [ 76.7327, 25.3519 ] ], [ [ 82.7859, 23.9409 ], [ 82.794, 23.9516 ], [ 82.7545, 23.9342 ], [ 82.7859, 23.9409 ] ], [ [ 82.5245, 23.7837 ], [ 82.5515, 23.7906 ], [ 82.5238, 23.7838 ], [ 82.5245, 23.7837 ] ], [ [ 81.0062, 22.0632 ], [ 81.0113, 22.0956 ], [ 81.0054, 22.0622 ], [ 81.0062, 22.0632 ] ], [ [ 80.9694, 22.058 ], [ 80.9699, 22.0578 ], [ 80.9695, 22.0595 ], [ 80.9694, 22.058 ] ], [ [ 80.952, 22.1118 ], [ 80.9593, 22.1012 ], [ 80.957, 22.1104 ], [ 80.952, 22.1118 ] ], [ [ 80.8527, 21.9573 ], [ 80.8907, 22.062 ], [ 80.8827, 22.059 ], [ 80.8527, 21.9573 ] ], [ [ 80.8327, 21.892 ], [ 80.8477, 21.9325 ], [ 80.8321, 21.908 ], [ 80.8327, 21.892 ] ], [ [ 80.8486, 21.8765 ], [ 80.8327, 21.8898 ], [ 80.8328, 21.8891 ], [ 80.8486, 21.8765 ] ], [ [ 80.8533, 21.8726 ], [ 80.8532, 21.8727 ], [ 80.8428, 21.8653 ], [ 80.8533, 21.8726 ] ], [ [ 80.8514, 21.8542 ], [ 80.8526, 21.8549 ], [ 80.8428, 21.8653 ], [ 80.8514, 21.8542 ] ], [ [ 80.8402, 21.8021 ], [ 80.8394, 21.8477 ], [ 80.8393, 21.8477 ], [ 80.8402, 21.8021 ] ], [ [ 80.7378, 21.4731 ], [ 80.7276, 21.4962 ], [ 80.7371, 21.4722 ], [ 80.7378, 21.4731 ] ], [ [ 80.6816, 21.3136 ], [ 80.6795, 21.3155 ], [ 80.6815, 21.3133 ], [ 80.6816, 21.3136 ] ], [ [ 80.6796, 21.2988 ], [ 80.6814, 21.3127 ], [ 80.6706, 21.295 ], [ 80.6796, 21.2988 ] ], [ [ 80.4575, 21.1143 ], [ 80.4581, 21.1149 ], [ 80.4447, 21.122 ], [ 80.4575, 21.1143 ] ], [ [ 80.4244, 21.0087 ], [ 80.4526, 21.0388 ], [ 80.4242, 21.0089 ], [ 80.4244, 21.0087 ] ], [ [ 80.4637, 20.9293 ], [ 80.4438, 20.994 ], [ 80.4636, 20.9292 ], [ 80.4637, 20.9293 ] ], [ [ 80.5461, 20.935 ], [ 80.4834, 20.9306 ], [ 80.5461, 20.9348 ], [ 80.5461, 20.935 ] ], [ [ 80.5188, 20.6553 ], [ 80.5801, 20.6729 ], [ 80.5213, 20.6573 ], [ 80.5188, 20.6553 ] ], [ [ 80.4984, 20.6391 ], [ 80.5063, 20.6456 ], [ 80.4985, 20.6394 ], [ 80.4984, 20.6391 ] ], [ [ 80.5044, 20.5834 ], [ 80.4969, 20.6048 ], [ 80.4967, 20.6024 ], [ 80.5044, 20.5834 ] ], [ [ 80.5808, 20.6084 ], [ 80.521, 20.5805 ], [ 80.5215, 20.5804 ], [ 80.5808, 20.6084 ] ], [ [ 80.8356, 19.5664 ], [ 80.7751, 19.5625 ], [ 80.8357, 19.5661 ], [ 80.8356, 19.5664 ] ], [ [ 80.8977, 19.4804 ], [ 80.895, 19.5196 ], [ 80.8949, 19.4763 ], [ 80.8977, 19.4804 ] ], [ [ 80.7557, 19.2893 ], [ 80.7742, 19.3136 ], [ 80.7554, 19.2893 ], [ 80.7557, 19.2893 ] ], [ [ 80.5737, 19.401 ], [ 80.6125, 19.3095 ], [ 80.5759, 19.4024 ], [ 80.5737, 19.401 ] ], [ [ 80.446, 19.2642 ], [ 80.4469, 19.2659 ], [ 80.4349, 19.2601 ], [ 80.446, 19.2642 ] ], [ [ 80.3893, 19.232 ], [ 80.3917, 19.2392 ], [ 80.389, 19.238 ], [ 80.3893, 19.232 ] ], [ [ 80.3938, 19.1878 ], [ 80.3907, 19.1967 ], [ 80.3911, 19.1859 ], [ 80.3938, 19.1878 ] ], [ [ 80.2732, 18.9916 ], [ 80.3031, 19.0222 ], [ 80.2732, 18.9924 ], [ 80.2732, 18.9916 ] ], [ [ 80.2709, 18.9391 ], [ 80.2726, 18.9809 ], [ 80.2703, 18.9399 ], [ 80.2709, 18.9391 ] ], [ [ 80.3352, 18.8686 ], [ 80.2792, 18.9295 ], [ 80.3379, 18.861 ], [ 80.3352, 18.8686 ] ], [ [ 80.3527, 18.819 ], [ 80.3509, 18.8243 ], [ 80.3513, 18.8183 ], [ 80.3527, 18.819 ] ], [ [ 80.2768, 18.7666 ], [ 80.2999, 18.7944 ], [ 80.2764, 18.7667 ], [ 80.2768, 18.7666 ] ], [ [ 80.2489, 18.7623 ], [ 80.2511, 18.7644 ], [ 80.2477, 18.7642 ], [ 80.2489, 18.7623 ] ], [ [ 80.2724, 18.7235 ], [ 80.2591, 18.7125 ], [ 80.2772, 18.7196 ], [ 80.2689, 18.7293 ], [ 80.2724, 18.7235 ] ], [ [ 80.3007, 18.6921 ], [ 80.2862, 18.709 ], [ 80.338, 18.613 ], [ 80.3007, 18.6921 ] ], [ [ 80.3752, 18.6107 ], [ 80.3472, 18.5958 ], [ 80.3481, 18.5941 ], [ 80.3752, 18.6107 ] ], [ [ 80.7942, 18.2596 ], [ 80.7487, 18.3089 ], [ 80.7935, 18.2555 ], [ 80.7942, 18.2596 ] ], [ [ 80.7927, 18.2495 ], [ 80.7933, 18.254 ], [ 80.7372, 18.2221 ], [ 80.7927, 18.2495 ] ], [ [ 80.7369, 18.1772 ], [ 80.7441, 18.1761 ], [ 80.7372, 18.2221 ], [ 80.7369, 18.1772 ] ], [ [ 81.0496, 17.7835 ], [ 81.0452, 17.7829 ], [ 81.0466, 17.7823 ], [ 81.0496, 17.7835 ] ], [ [ 80.8797, 17.6502 ], [ 80.8791, 17.6536 ], [ 80.8781, 17.6507 ], [ 80.8797, 17.6502 ] ], [ [ 81.0053, 17.6488 ], [ 80.9801, 17.6526 ], [ 81.0053, 17.6479 ], [ 81.0053, 17.6488 ] ], [ [ 81.1892, 17.4383 ], [ 81.1822, 17.4427 ], [ 81.183, 17.4402 ], [ 81.1892, 17.4383 ] ], [ [ 81.3124, 17.4087 ], [ 81.2053, 17.4496 ], [ 81.3125, 17.4085 ], [ 81.3124, 17.4087 ] ], [ [ 79.9631, 16.6435 ], [ 79.9974, 16.7021 ], [ 79.9619, 16.643 ], [ 79.9631, 16.6435 ] ], [ [ 79.9341, 16.6316 ], [ 79.9602, 16.6423 ], [ 79.9101, 16.6339 ], [ 79.9341, 16.6316 ] ], [ [ 79.2583, 16.5656 ], [ 79.291, 16.5616 ], [ 79.2591, 16.5669 ], [ 79.2583, 16.5656 ] ], [ [ 79.2165, 16.2274 ], [ 79.2343, 16.3338 ], [ 79.2137, 16.2265 ], [ 79.2165, 16.2274 ] ], [ [ 78.9243, 16.1358 ], [ 78.9056, 16.1831 ], [ 78.9049, 16.1829 ], [ 78.9243, 16.1358 ] ], [ [ 78.9206, 16.1033 ], [ 78.922, 16.1043 ], [ 78.9243, 16.1358 ], [ 78.9206, 16.1033 ] ], [ [ 78.8956, 16.0856 ], [ 78.9129, 16.0978 ], [ 78.8947, 16.0878 ], [ 78.8956, 16.0856 ] ], [ [ 78.8724, 16.1433 ], [ 78.8739, 16.1396 ], [ 78.8729, 16.1433 ], [ 78.8724, 16.1433 ] ], [ [ 78.8347, 16.1445 ], [ 78.8537, 16.1442 ], [ 78.8347, 16.1452 ], [ 78.8347, 16.1445 ] ], [ [ 78.8378, 16.0719 ], [ 78.8359, 16.1059 ], [ 78.837, 16.0712 ], [ 78.8378, 16.0719 ] ], [ [ 78.7831, 16.0203 ], [ 78.7847, 16.0218 ], [ 78.7604, 16.0145 ], [ 78.7831, 16.0203 ] ], [ [ 78.7355, 16.0082 ], [ 78.7397, 16.0092 ], [ 78.6812, 16.0348 ], [ 78.7355, 16.0082 ] ], [ [ 78.6016, 16.0839 ], [ 78.6238, 16.0871 ], [ 78.621, 16.088 ], [ 78.6016, 16.0839 ] ], [ [ 78.4757, 16.0682 ], [ 78.5518, 16.0428 ], [ 78.4766, 16.0681 ], [ 78.4757, 16.0682 ] ], [ [ 78.4094, 16.0747 ], [ 78.4537, 16.0705 ], [ 78.4101, 16.0751 ], [ 78.4094, 16.0747 ] ], [ [ 78.2623, 16.0254 ], [ 78.3123, 16.0115 ], [ 78.2624, 16.0267 ], [ 78.2623, 16.0254 ] ], [ [ 77.549, 15.9191 ], [ 77.5553, 15.919 ], [ 77.5327, 15.9232 ], [ 77.549, 15.9191 ] ], [ [ 77.3795, 15.9398 ], [ 77.3797, 15.9398 ], [ 77.2489, 15.9646 ], [ 77.3795, 15.9398 ] ], [ [ 77.1853, 15.9567 ], [ 77.1762, 15.9533 ], [ 77.2489, 15.9646 ], [ 77.1853, 15.9567 ] ], [ [ 77.0809, 15.9143 ], [ 77.1092, 15.928 ], [ 77.0846, 15.9186 ], [ 77.0809, 15.9143 ] ], [ [ 77.0252, 15.8375 ], [ 77.0564, 15.8855 ], [ 77.0337, 15.8589 ], [ 77.0252, 15.8375 ] ], [ [ 77.0652, 15.8274 ], [ 77.0652, 15.8282 ], [ 77.0252, 15.8375 ], [ 77.0652, 15.8274 ] ], [ [ 77.0484, 15.7459 ], [ 77.0672, 15.7877 ], [ 77.048, 15.7562 ], [ 77.0484, 15.7459 ] ], [ [ 77.0335, 15.4329 ], [ 76.9741, 15.4993 ], [ 76.974, 15.4982 ], [ 77.0335, 15.4329 ] ], [ [ 77.526, 13.6936 ], [ 77.5124, 13.6972 ], [ 77.5252, 13.691 ], [ 77.526, 13.6936 ] ], [ [ 77.5256, 13.7533 ], [ 77.5262, 13.752 ], [ 77.527, 13.7533 ], [ 77.5256, 13.7533 ] ], [ [ 77.5608, 13.7226 ], [ 77.5474, 13.7529 ], [ 77.5606, 13.7224 ], [ 77.5608, 13.7226 ] ], [ [ 77.63, 13.7365 ], [ 77.6136, 13.7519 ], [ 77.6277, 13.7346 ], [ 77.63, 13.7365 ] ], [ [ 77.6412, 13.7472 ], [ 77.6357, 13.7413 ], [ 77.6422, 13.7468 ], [ 77.6412, 13.7472 ] ], [ [ 77.6177, 13.7627 ], [ 77.6199, 13.7613 ], [ 77.6204, 13.7644 ], [ 77.6177, 13.7627 ] ], [ [ 77.6515, 13.7841 ], [ 77.6322, 13.7719 ], [ 77.6801, 13.7868 ], [ 77.6515, 13.7841 ] ], [ [ 77.9875, 13.9555 ], [ 77.9827, 13.9566 ], [ 77.9846, 13.8974 ], [ 77.9875, 13.9555 ] ], [ [ 78.1255, 13.832 ], [ 78.1224, 13.8408 ], [ 78.1138, 13.8075 ], [ 78.1255, 13.832 ] ], [ [ 78.1262, 13.7866 ], [ 78.1266, 13.7871 ], [ 78.1138, 13.8075 ], [ 78.1262, 13.7866 ] ], [ [ 78.3693, 13.36 ], [ 78.3668, 13.3611 ], [ 78.3658, 13.3587 ], [ 78.3693, 13.36 ] ], [ [ 78.4087, 13.3429 ], [ 78.4073, 13.3435 ], [ 78.4062, 13.3415 ], [ 78.4087, 13.3429 ] ], [ [ 78.393, 13.3338 ], [ 78.3962, 13.3356 ], [ 78.3915, 13.3353 ], [ 78.393, 13.3338 ] ], [ [ 78.3793, 13.3362 ], [ 78.383, 13.3436 ], [ 78.3783, 13.3372 ], [ 78.3793, 13.3362 ] ], [ [ 78.5588, 13.2884 ], [ 78.5393, 13.2879 ], [ 78.5564, 13.2838 ], [ 78.5588, 13.2884 ] ], [ [ 78.5655, 13.312 ], [ 78.563, 13.2966 ], [ 78.5687, 13.3075 ], [ 78.5655, 13.312 ] ], [ [ 78.5787, 13.213 ], [ 78.5778, 13.2136 ], [ 78.5765, 13.212 ], [ 78.5787, 13.213 ] ], [ [ 78.5761, 13.1867 ], [ 78.5701, 13.1874 ], [ 78.5798, 13.1674 ], [ 78.5761, 13.1867 ] ], [ [ 78.355, 12.9388 ], [ 78.3887, 12.9069 ], [ 78.3559, 12.9407 ], [ 78.355, 12.9388 ] ], [ [ 78.3441, 12.9085 ], [ 78.3502, 12.9274 ], [ 78.3417, 12.9077 ], [ 78.3441, 12.9085 ] ], [ [ 78.2057, 12.7064 ], [ 78.1996, 12.6931 ], [ 78.2011, 12.6921 ], [ 78.2066, 12.7066 ], [ 78.2057, 12.7064 ] ], [ [ 78.2377, 12.6858 ], [ 78.202, 12.6916 ], [ 78.2106, 12.6861 ], [ 78.2377, 12.6858 ] ], [ [ 78.4932, 12.7471 ], [ 78.4968, 12.7424 ], [ 78.4979, 12.7425 ], [ 78.4932, 12.7471 ] ], [ [ 78.5357, 12.6915 ], [ 78.5296, 12.7102 ], [ 78.5349, 12.6911 ], [ 78.5357, 12.6915 ] ], [ [ 78.5566, 12.706 ], [ 78.5392, 12.6929 ], [ 78.555, 12.6993 ], [ 78.5566, 12.706 ] ], [ [ 78.5556, 12.7558 ], [ 78.5601, 12.7213 ], [ 78.5639, 12.7376 ], [ 78.5556, 12.7558 ] ], [ [ 78.8814, 13.0982 ], [ 78.8806, 13.0969 ], [ 78.8867, 13.0971 ], [ 78.8814, 13.0982 ] ], [ [ 78.8916, 13.0331 ], [ 78.8918, 13.033 ], [ 78.8957, 13.0951 ], [ 78.8912, 13.0961 ], [ 78.8916, 13.0331 ] ], [ [ 79.6826, 13.2958 ], [ 79.6825, 13.2957 ], [ 79.6957, 13.2673 ], [ 79.6826, 13.2958 ] ], [ [ 79.6983, 13.251 ], [ 79.6959, 13.2386 ], [ 79.7003, 13.251 ], [ 79.6983, 13.251 ] ], [ [ 79.7091, 13.251 ], [ 79.7038, 13.251 ], [ 79.7108, 13.246 ], [ 79.7091, 13.251 ] ], [ [ 79.7141, 13.2357 ], [ 79.7118, 13.2429 ], [ 79.7044, 13.2263 ], [ 79.7141, 13.2357 ] ], [ [ 79.7115, 13.2191 ], [ 79.7032, 13.2236 ], [ 79.7027, 13.2224 ], [ 79.7115, 13.2191 ] ], [ [ 79.7373, 13.2365 ], [ 79.717, 13.217 ], [ 79.7184, 13.2165 ], [ 79.7373, 13.2365 ] ], [ [ 79.7643, 13.2191 ], [ 79.7577, 13.2102 ], [ 79.7598, 13.2074 ], [ 79.7643, 13.2191 ] ], [ [ 79.7307, 13.2829 ], [ 79.7346, 13.2804 ], [ 79.7342, 13.2845 ], [ 79.7307, 13.2829 ] ], [ [ 79.7603, 13.3182 ], [ 79.7567, 13.2953 ], [ 79.7607, 13.3179 ], [ 79.7603, 13.3182 ] ], [ [ 79.945, 13.3818 ], [ 79.9348, 13.3562 ], [ 79.938, 13.3555 ], [ 79.945, 13.3818 ] ], [ [ 79.8155, 11.0039 ], [ 79.8444, 10.9959 ], [ 79.8401, 11.0016 ], [ 79.8155, 11.0039 ] ], [ [ 79.7489, 11.0027 ], [ 79.7865, 10.9972 ], [ 79.7487, 11.0033 ], [ 79.7489, 11.0027 ] ], [ [ 79.7286, 10.9677 ], [ 79.7347, 10.9671 ], [ 79.7312, 10.9705 ], [ 79.7286, 10.9677 ] ], [ [ 79.7199, 10.9568 ], [ 79.7199, 10.958 ], [ 79.7192, 10.9572 ], [ 79.7199, 10.9568 ] ], [ [ 79.7317, 10.9526 ], [ 79.727, 10.9526 ], [ 79.73, 10.9509 ], [ 79.7317, 10.9526 ] ], [ [ 79.7376, 10.9526 ], [ 79.7347, 10.9526 ], [ 79.727, 10.9338 ], [ 79.7376, 10.9526 ] ], [ [ 79.7251, 10.9292 ], [ 79.7432, 10.9217 ], [ 79.7431, 10.925 ], [ 79.7253, 10.9296 ], [ 79.7251, 10.9292 ] ], [ [ 79.7624, 10.9144 ], [ 79.761, 10.9144 ], [ 79.7623, 10.9139 ], [ 79.7624, 10.9144 ] ], [ [ 76.4105, 11.7421 ], [ 76.4272, 11.7262 ], [ 76.4274, 11.7263 ], [ 76.4105, 11.7421 ] ], [ [ 76.4159, 11.6728 ], [ 76.4166, 11.6721 ], [ 76.4044, 11.7085 ], [ 76.4035, 11.7078 ], [ 76.4159, 11.6728 ] ], [ [ 76.4423, 11.6448 ], [ 76.4441, 11.6472 ], [ 76.4314, 11.6664 ], [ 76.4582, 11.6643 ], [ 76.417, 11.6717 ], [ 76.4423, 11.6448 ] ], [ [ 76.5113, 11.7048 ], [ 76.5506, 11.6742 ], [ 76.5117, 11.705 ], [ 76.5113, 11.7048 ] ], [ [ 76.56, 11.6225 ], [ 76.5767, 11.6145 ], [ 76.5829, 11.6161 ], [ 76.56, 11.6225 ] ], [ [ 76.8353, 11.601 ], [ 76.8469, 11.5945 ], [ 76.849, 11.598 ], [ 76.8353, 11.601 ] ], [ [ 76.8883, 11.7336 ], [ 76.908, 11.7952 ], [ 76.9004, 11.7839 ], [ 76.8883, 11.7336 ] ], [ [ 76.9829, 11.8116 ], [ 77.0129, 11.8146 ], [ 76.983, 11.8118 ], [ 76.9829, 11.8116 ] ], [ [ 77.0305, 11.8005 ], [ 77.0299, 11.8047 ], [ 77.0129, 11.8146 ], [ 77.0305, 11.8005 ] ], [ [ 77.0331, 11.7829 ], [ 77.0289, 11.7747 ], [ 77.0351, 11.7698 ], [ 77.0331, 11.7829 ] ], [ [ 77.065, 11.7879 ], [ 77.0661, 11.7865 ], [ 77.0669, 11.788 ], [ 77.065, 11.7879 ] ], [ [ 77.7075, 12.0324 ], [ 77.7129, 12.0405 ], [ 77.7089, 12.036 ], [ 77.7075, 12.0324 ] ], [ [ 77.737, 12.0678 ], [ 77.7557, 12.0797 ], [ 77.7669, 12.1015 ], [ 77.737, 12.0678 ] ], [ [ 77.7737, 12.1149 ], [ 77.7756, 12.1184 ], [ 77.754, 12.1343 ], [ 77.7737, 12.1149 ] ], [ [ 77.7508, 12.1375 ], [ 77.748, 12.1428 ], [ 77.7498, 12.1385 ], [ 77.7508, 12.1375 ] ], [ [ 77.729, 12.1791 ], [ 77.7277, 12.1815 ], [ 77.6108, 12.2061 ], [ 77.729, 12.1791 ] ], [ [ 77.546, 12.2046 ], [ 77.5653, 12.1963 ], [ 77.5657, 12.1964 ], [ 77.5463, 12.2047 ], [ 77.546, 12.2046 ] ], [ [ 77.5457, 12.2046 ], [ 77.5039, 12.1989 ], [ 77.5187, 12.1945 ], [ 77.5457, 12.2046 ] ], [ [ 77.4758, 12.2428 ], [ 77.4719, 12.2084 ], [ 77.4722, 12.2083 ], [ 77.4826, 12.2302 ], [ 77.4758, 12.2428 ] ], [ [ 77.478, 12.2615 ], [ 77.4876, 12.2805 ], [ 77.4791, 12.2713 ], [ 77.478, 12.2615 ] ], [ [ 77.9277, 12.8749 ], [ 77.9394, 12.8696 ], [ 77.9418, 12.8716 ], [ 77.9277, 12.8749 ] ], [ [ 77.9228, 12.8556 ], [ 77.9186, 12.8306 ], [ 77.9207, 12.8299 ], [ 77.9228, 12.8556 ] ], [ [ 77.9718, 12.8339 ], [ 77.9858, 12.8171 ], [ 77.9804, 12.8351 ], [ 77.9718, 12.8339 ] ], [ [ 77.9938, 12.8076 ], [ 77.9952, 12.8059 ], [ 77.9984, 12.8071 ], [ 77.9938, 12.8076 ] ], [ [ 78.0083, 12.8108 ], [ 78.0151, 12.8134 ], [ 78.0043, 12.8241 ], [ 78.0083, 12.8108 ] ], [ [ 78.0041, 12.8251 ], [ 78.029, 12.8452 ], [ 78.0039, 12.8256 ], [ 78.0041, 12.8251 ] ], [ [ 78.0239, 12.8565 ], [ 78.0534, 12.8538 ], [ 78.0533, 12.8539 ], [ 78.0239, 12.8565 ] ], [ [ 76.4322, 11.6313 ], [ 76.4325, 11.6313 ], [ 76.4334, 11.6326 ], [ 76.4322, 11.6313 ] ], [ [ 76.3502, 11.5908 ], [ 76.3546, 11.5893 ], [ 76.378, 11.6019 ], [ 76.3502, 11.5908 ] ], [ [ 76.2345, 11.5721 ], [ 76.2347, 11.5718 ], [ 76.2789, 11.6009 ], [ 76.2345, 11.5721 ] ], [ [ 76.4815, 11.2094 ], [ 76.4724, 11.2088 ], [ 76.473, 11.2014 ], [ 76.4815, 11.2094 ] ], [ [ 76.7042, 11.2353 ], [ 76.6983, 11.2396 ], [ 76.6968, 11.2387 ], [ 76.7042, 11.2353 ] ], [ [ 76.729, 11.191 ], [ 76.7314, 11.2156 ], [ 76.7263, 11.2193 ], [ 76.729, 11.191 ] ], [ [ 75.5375, 11.7626 ], [ 75.5382, 11.7582 ], [ 75.5385, 11.7603 ], [ 75.5375, 11.7626 ] ], [ [ 75.5267, 11.7266 ], [ 75.531, 11.7083 ], [ 75.5346, 11.7332 ], [ 75.5267, 11.7266 ] ], [ [ 79.7124, 11.9866 ], [ 79.7532, 12.0053 ], [ 79.7604, 11.9892 ], [ 79.7624, 12.0027 ], [ 79.7465, 12.0077 ], [ 79.7124, 11.9866 ] ], [ [ 79.7098, 11.8893 ], [ 79.674, 11.8807 ], [ 79.7098, 11.8892 ], [ 79.7098, 11.8893 ] ], [ [ 79.7193, 11.8549 ], [ 79.7186, 11.8545 ], [ 79.7189, 11.8533 ], [ 79.7193, 11.8549 ] ], [ [ 79.7397, 11.8646 ], [ 79.7395, 11.8645 ], [ 79.7412, 11.8623 ], [ 79.7397, 11.8646 ] ], [ [ 79.7508, 11.8497 ], [ 79.7519, 11.8483 ], [ 79.7636, 11.876 ], [ 79.7574, 11.8761 ], [ 79.7508, 11.8497 ] ], [ [ 79.7685, 11.8759 ], [ 79.7641, 11.876 ], [ 79.7669, 11.8509 ], [ 79.7685, 11.8759 ] ], [ [ 79.7691, 11.8399 ], [ 79.768, 11.8401 ], [ 79.7682, 11.8388 ], [ 79.7691, 11.8399 ] ], [ [ 79.7817, 11.8558 ], [ 79.7814, 11.8548 ], [ 79.7822, 11.8558 ], [ 79.7817, 11.8558 ] ], [ [ 79.8007, 11.8553 ], [ 79.7826, 11.8557 ], [ 79.8038, 11.8471 ], [ 79.8007, 11.8553 ] ], [ [ 79.775, 11.828 ], [ 79.7795, 11.8313 ], [ 79.7784, 11.8317 ], [ 79.775, 11.828 ] ], [ [ 79.7678, 11.8227 ], [ 79.7688, 11.8234 ], [ 79.75, 11.8356 ], [ 79.7678, 11.8227 ] ], [ [ 79.7367, 11.8421 ], [ 79.7383, 11.8432 ], [ 79.7367, 11.8442 ], [ 79.7367, 11.8421 ] ], [ [ 79.7131, 11.7912 ], [ 79.7245, 11.8104 ], [ 79.7124, 11.7915 ], [ 79.7131, 11.7912 ] ], [ [ 79.8074, 10.8775 ], [ 79.8075, 10.8798 ], [ 79.807, 10.8802 ], [ 79.806, 10.8791 ], [ 79.8074, 10.8775 ] ], [ [ 79.8072, 10.8804 ], [ 79.8075, 10.8804 ], [ 79.8075, 10.8806 ], [ 79.8072, 10.8804 ] ], [ [ 79.7888, 12.0264 ], [ 79.796, 12.0213 ], [ 79.8041, 12.0249 ], [ 79.8043, 12.0259 ], [ 79.7888, 12.0264 ] ], [ [ 79.7396, 10.9203 ], [ 79.7397, 10.92 ], [ 79.7398, 10.9201 ], [ 79.7396, 10.9203 ] ], [ [ 79.7392, 10.9197 ], [ 79.7396, 10.92 ], [ 79.7394, 10.9207 ], [ 79.739, 10.9212 ], [ 79.7392, 10.9197 ] ], [ [ 79.7204, 10.9372 ], [ 79.7219, 10.9352 ], [ 79.722, 10.9355 ], [ 79.7204, 10.9372 ] ], [ [ 79.7034, 12.0244 ], [ 79.7036, 12.0314 ], [ 79.7007, 12.0298 ], [ 79.7034, 12.0244 ] ], [ [ 79.657, 11.9914 ], [ 79.6607, 11.9922 ], [ 79.66, 12.0065 ], [ 79.6576, 12.0052 ], [ 79.657, 11.9914 ] ], [ [ 79.702, 11.8229 ], [ 79.6984, 11.8193 ], [ 79.7042, 11.8135 ], [ 79.702, 11.8229 ] ], [ [ 79.6759, 11.8143 ], [ 79.6874, 11.8042 ], [ 79.6906, 11.8086 ], [ 79.6759, 11.8143 ] ], [ [ 79.6746, 11.8035 ], [ 79.6814, 11.7962 ], [ 79.6759, 11.8143 ], [ 79.6746, 11.8035 ] ], [ [ 79.6591, 11.9627 ], [ 79.6538, 11.9607 ], [ 79.6559, 11.9561 ], [ 79.6591, 11.9627 ] ], [ [ 79.6575, 11.9528 ], [ 79.6588, 11.9501 ], [ 79.6657, 11.9509 ], [ 79.6575, 11.9528 ] ], [ [ 79.6782, 11.9525 ], [ 79.6847, 11.9534 ], [ 79.6865, 11.9733 ], [ 79.6782, 11.9525 ] ], [ [ 79.6473, 11.8442 ], [ 79.6662, 11.828 ], [ 79.6618, 11.8394 ], [ 79.6473, 11.8442 ] ], [ [ 79.6713, 11.8149 ], [ 79.6465, 11.8214 ], [ 79.6463, 11.8162 ], [ 79.6713, 11.8149 ] ], [ [ 79.6228, 11.9403 ], [ 79.6179, 11.936 ], [ 79.62, 11.931 ], [ 79.6228, 11.9403 ] ], [ [ 79.6459, 11.9735 ], [ 79.651, 12.0218 ], [ 79.636, 11.996 ], [ 79.6459, 11.9735 ] ], [ [ 79.6322, 12.0295 ], [ 79.6255, 12.0322 ], [ 79.6172, 11.9896 ], [ 79.6322, 12.0295 ] ], [ [ 79.6266, 11.9524 ], [ 79.6288, 11.9596 ], [ 79.6172, 11.9896 ], [ 79.6266, 11.9524 ] ], [ [ 79.6085, 11.8772 ], [ 79.5994, 11.883 ], [ 79.6082, 11.8769 ], [ 79.6085, 11.8772 ] ], [ [ 79.6627, 11.8673 ], [ 79.6542, 11.8529 ], [ 79.6579, 11.8527 ], [ 79.6627, 11.8673 ] ], [ [ 79.6412, 11.8866 ], [ 79.6381, 11.8852 ], [ 79.6627, 11.8673 ], [ 79.6412, 11.8866 ] ], [ [ 78.7113, 12.3133 ], [ 78.7116, 12.3145 ], [ 78.7114, 12.314 ], [ 78.7113, 12.3133 ] ], [ [ 79.7693, 11.9017 ], [ 79.7728, 11.8752 ], [ 79.7787, 11.8693 ], [ 79.7693, 11.9017 ] ], [ [ 79.7924, 11.8768 ], [ 79.7828, 11.8653 ], [ 79.7852, 11.8628 ], [ 79.7924, 11.8768 ] ], [ [ 74.524, 21.9109 ], [ 74.5241, 21.9112 ], [ 74.5084, 21.9373 ], [ 74.524, 21.9109 ] ], [ [ 75.1258, 21.4493 ], [ 75.2033, 21.4152 ], [ 75.1072, 21.4627 ], [ 75.1258, 21.4493 ] ], [ [ 75.2189, 21.4083 ], [ 75.2347, 21.4146 ], [ 75.2156, 21.4098 ], [ 75.2189, 21.4083 ] ], [ [ 75.8874, 21.3939 ], [ 75.8856, 21.3947 ], [ 75.8334, 21.3766 ], [ 75.8874, 21.3939 ] ], [ [ 76.049, 21.3497 ], [ 76.0966, 21.3718 ], [ 76.0488, 21.3498 ], [ 76.049, 21.3497 ] ], [ [ 76.1116, 21.1668 ], [ 76.1124, 21.1619 ], [ 76.1293, 21.1758 ], [ 76.1116, 21.1668 ] ], [ [ 76.1135, 21.1554 ], [ 76.1425, 21.1352 ], [ 76.1127, 21.1601 ], [ 76.1135, 21.1554 ] ], [ [ 76.4556, 21.1081 ], [ 76.4555, 21.1083 ], [ 76.4107, 21.1024 ], [ 76.4556, 21.1081 ] ], [ [ 76.4933, 21.1938 ], [ 76.4932, 21.1939 ], [ 76.4807, 21.1822 ], [ 76.4933, 21.1938 ] ], [ [ 77.5639, 21.3691 ], [ 77.5644, 21.3691 ], [ 77.5639, 21.3692 ], [ 77.5639, 21.3691 ] ], [ [ 77.6056, 21.3626 ], [ 77.606, 21.3648 ], [ 77.5974, 21.3639 ], [ 77.6056, 21.3626 ] ], [ [ 77.6116, 21.3908 ], [ 77.605, 21.3907 ], [ 77.6072, 21.3704 ], [ 77.6116, 21.3908 ] ], [ [ 77.6533, 21.3912 ], [ 77.6531, 21.3915 ], [ 77.6472, 21.3914 ], [ 77.6533, 21.3912 ] ], [ [ 77.7506, 21.3829 ], [ 77.75, 21.3828 ], [ 77.7371, 21.3622 ], [ 77.7506, 21.3829 ] ], [ [ 78.4264, 21.5995 ], [ 78.3874, 21.6148 ], [ 78.3726, 21.6134 ], [ 78.4264, 21.5995 ] ], [ [ 78.4242, 21.5444 ], [ 78.4272, 21.5992 ], [ 78.4271, 21.5992 ], [ 78.4242, 21.5444 ] ], [ [ 79.2681, 21.7154 ], [ 79.2312, 21.7223 ], [ 79.2312, 21.7221 ], [ 79.2681, 21.7154 ] ], [ [ 80.121, 21.6098 ], [ 80.1197, 21.6099 ], [ 80.1161, 21.5933 ], [ 80.121, 21.6098 ] ], [ [ 80.2611, 21.6188 ], [ 80.2534, 21.6248 ], [ 80.2215, 21.621 ], [ 80.2611, 21.6188 ] ], [ [ 80.2981, 21.5758 ], [ 80.2941, 21.5933 ], [ 80.2736, 21.6092 ], [ 80.2981, 21.5758 ] ], [ [ 80.3393, 21.5551 ], [ 80.3278, 21.5714 ], [ 80.3249, 21.5718 ], [ 80.3393, 21.5551 ] ], [ [ 80.384, 21.4901 ], [ 80.3772, 21.5222 ], [ 80.3767, 21.5225 ], [ 80.384, 21.4901 ] ], [ [ 74.0883, 15.6723 ], [ 74.1258, 15.681 ], [ 74.0881, 15.6725 ], [ 74.0883, 15.6723 ] ], [ [ 74.2014, 15.7586 ], [ 74.2194, 15.7837 ], [ 74.209, 15.7813 ], [ 74.2014, 15.7586 ] ], [ [ 74.2335, 15.787 ], [ 74.2265, 15.7626 ], [ 74.2283, 15.7601 ], [ 74.2335, 15.787 ] ], [ [ 74.2367, 15.7483 ], [ 74.2403, 15.7433 ], [ 74.2416, 15.7439 ], [ 74.2367, 15.7483 ] ], [ [ 74.3382, 15.8549 ], [ 74.3633, 15.8749 ], [ 74.3643, 15.8888 ], [ 74.3382, 15.8549 ] ], [ [ 77.3169, 18.4423 ], [ 77.3238, 18.4543 ], [ 77.3199, 18.458 ], [ 77.3169, 18.4423 ] ], [ [ 77.3452, 18.4336 ], [ 77.3658, 18.4507 ], [ 77.3656, 18.4516 ], [ 77.3452, 18.4336 ] ], [ [ 77.5116, 18.282 ], [ 77.5126, 18.3095 ], [ 77.5125, 18.3096 ], [ 77.5116, 18.282 ] ], [ [ 77.5513, 18.2917 ], [ 77.5145, 18.3086 ], [ 77.5613, 18.2849 ], [ 77.5667, 18.2889 ], [ 77.5515, 18.2919 ], [ 77.5513, 18.2917 ] ], [ [ 77.6785, 17.5099 ], [ 77.6917, 17.4996 ], [ 77.6888, 17.5109 ], [ 77.6785, 17.5099 ] ], [ [ 77.6923, 17.4974 ], [ 77.6903, 17.4853 ], [ 77.6924, 17.4969 ], [ 77.6923, 17.4974 ] ], [ [ 77.6884, 17.4754 ], [ 77.6844, 17.4759 ], [ 77.6884, 17.4752 ], [ 77.6884, 17.4754 ] ], [ [ 77.6631, 17.4799 ], [ 77.6574, 17.4814 ], [ 77.6574, 17.4809 ], [ 77.6631, 17.4799 ] ], [ [ 74.2929, 15.7902 ], [ 74.3023, 15.7875 ], [ 74.3102, 15.7955 ], [ 74.2929, 15.7902 ] ], [ [ 74.3125, 15.7978 ], [ 74.3129, 15.7982 ], [ 74.2955, 15.8253 ], [ 74.3125, 15.7978 ] ], [ [ 77.5705, 18.3181 ], [ 77.5636, 18.3221 ], [ 77.568, 18.3146 ], [ 77.5705, 18.3181 ] ], [ [ 77.5255, 18.3727 ], [ 77.5223, 18.3465 ], [ 77.5228, 18.3463 ], [ 77.5255, 18.3727 ] ], [ [ 77.9483, 18.8291 ], [ 77.9483, 18.8298 ], [ 77.9443, 18.8289 ], [ 77.9483, 18.8291 ] ], [ [ 77.9489, 18.8433 ], [ 77.9356, 18.8501 ], [ 77.9483, 18.8302 ], [ 77.9489, 18.8433 ] ], [ [ 79.6291, 19.5733 ], [ 79.6279, 19.5732 ], [ 79.5962, 19.5073 ], [ 79.6291, 19.5733 ] ], [ [ 79.8147, 19.5751 ], [ 79.8145, 19.5757 ], [ 79.8126, 19.5765 ], [ 79.8147, 19.5751 ] ], [ [ 79.9591, 19.3359 ], [ 79.9796, 19.3903 ], [ 79.9768, 19.3966 ], [ 79.9591, 19.3359 ] ], [ [ 79.9245, 19.2257 ], [ 79.9385, 19.189 ], [ 79.925, 19.2266 ], [ 79.9245, 19.2257 ] ], [ [ 79.8738, 19.1241 ], [ 79.9457, 19.1689 ], [ 79.9455, 19.1693 ], [ 79.8738, 19.1241 ] ], [ [ 79.9376, 19.0362 ], [ 79.9289, 19.0492 ], [ 79.9281, 19.0491 ], [ 79.9376, 19.0362 ] ], [ [ 79.9616, 18.8666 ], [ 79.9404, 19.032 ], [ 79.9403, 19.0321 ], [ 79.9616, 18.8666 ] ], [ [ 79.9158, 18.8299 ], [ 79.9168, 18.8263 ], [ 79.9616, 18.8666 ], [ 79.9158, 18.8299 ] ], [ [ 79.921, 18.8102 ], [ 79.9642, 18.7738 ], [ 79.9186, 18.8192 ], [ 79.921, 18.8102 ] ], [ [ 80.2337, 18.7024 ], [ 80.2442, 18.7066 ], [ 80.2128, 18.7057 ], [ 80.2337, 18.7024 ] ], [ [ 77.2998, 18.4741 ], [ 77.2993, 18.4728 ], [ 77.2999, 18.4742 ], [ 77.275, 18.4777 ], [ 77.2998, 18.4741 ] ], [ [ 77.292, 18.4571 ], [ 77.2927, 18.4586 ], [ 77.2701, 18.4549 ], [ 77.292, 18.4571 ] ], [ [ 74.1501, 22.5197 ], [ 74.1393, 22.5182 ], [ 74.1478, 22.5139 ], [ 74.1501, 22.5197 ] ], [ [ 79.3729, 25.1239 ], [ 79.3872, 25.0857 ], [ 79.3809, 25.1224 ], [ 79.3729, 25.1239 ] ], [ [ 79.3655, 25.1436 ], [ 79.3691, 25.1342 ], [ 79.3742, 25.1426 ], [ 79.3655, 25.1436 ] ], [ [ 79.352, 25.121 ], [ 79.3649, 25.1437 ], [ 79.3603, 25.1443 ], [ 79.352, 25.121 ] ], [ [ 79.3797, 25.1012 ], [ 79.3509, 25.1178 ], [ 79.3506, 25.117 ], [ 79.3797, 25.1012 ] ], [ [ 79.4259, 25.0586 ], [ 79.4127, 25.0386 ], [ 79.422, 25.0416 ], [ 79.4259, 25.0586 ] ], [ [ 79.3595, 25.1886 ], [ 79.3718, 25.1805 ], [ 79.3723, 25.1807 ], [ 79.3595, 25.1886 ] ], [ [ 75.2321, 24.8511 ], [ 75.2276, 24.8478 ], [ 75.2292, 24.8466 ], [ 75.2321, 24.8511 ] ], [ [ 79.7625, 10.9062 ], [ 79.7629, 10.9058 ], [ 79.7641, 10.9122 ], [ 79.7625, 10.9062 ] ], [ [ 79.7704, 10.9014 ], [ 79.7672, 10.9012 ], [ 79.7678, 10.8987 ], [ 79.7704, 10.9014 ] ], [ [ 79.7907, 11.8945 ], [ 79.79, 11.8952 ], [ 79.789, 11.895 ], [ 79.7907, 11.8945 ] ], [ [ 81.3919, 17.7942 ], [ 81.3919, 17.7945 ], [ 81.3541, 17.8123 ], [ 81.3919, 17.7942 ] ], [ [ 81.3956, 17.8151 ], [ 81.394, 17.8152 ], [ 81.393, 17.8006 ], [ 81.3956, 17.8151 ] ], [ [ 81.4, 17.8918 ], [ 81.3993, 17.8919 ], [ 81.3979, 17.8725 ], [ 81.4, 17.8918 ] ], [ [ 81.8475, 19.9664 ], [ 81.8453, 19.9595 ], [ 81.8455, 19.9593 ], [ 81.8475, 19.9664 ] ], [ [ 82.3442, 19.835 ], [ 82.3949, 19.888 ], [ 82.3441, 19.8352 ], [ 82.3442, 19.835 ] ], [ [ 82.6967, 19.8306 ], [ 82.6989, 19.832 ], [ 82.6522, 19.8322 ], [ 82.6967, 19.8306 ] ], [ [ 82.7114, 19.84 ], [ 82.7147, 19.8489 ], [ 82.7074, 19.8374 ], [ 82.7114, 19.84 ] ], [ [ 82.9904, 21.1398 ], [ 83.016, 21.1463 ], [ 82.9904, 21.1399 ], [ 82.9904, 21.1398 ] ], [ [ 83.1981, 21.1454 ], [ 83.2015, 21.162 ], [ 83.1946, 21.1447 ], [ 83.1981, 21.1454 ] ], [ [ 83.2713, 21.2729 ], [ 83.272, 21.2749 ], [ 83.2711, 21.273 ], [ 83.2713, 21.2729 ] ], [ [ 83.2793, 21.295 ], [ 83.2573, 21.3205 ], [ 83.2777, 21.2906 ], [ 83.2793, 21.295 ] ], [ [ 83.4067, 21.3514 ], [ 83.4067, 21.3516 ], [ 83.3789, 21.3446 ], [ 83.4067, 21.3514 ] ], [ [ 83.6289, 22.2048 ], [ 83.6273, 22.2038 ], [ 83.6082, 22.1544 ], [ 83.6289, 22.2048 ] ], [ [ 81.4743, 17.838 ], [ 81.474, 17.8379 ], [ 81.49, 17.8127 ], [ 81.4743, 17.838 ] ], [ [ 81.6168, 17.8224 ], [ 81.5743, 17.8372 ], [ 81.6165, 17.8221 ], [ 81.6168, 17.8224 ] ], [ [ 82.0093, 18.0301 ], [ 82.0074, 18.0563 ], [ 82.0323, 18.0693 ], [ 82.0062, 18.0577 ], [ 82.0093, 18.0301 ] ], [ [ 82.2231, 18.0016 ], [ 82.2053, 18.0184 ], [ 82.2222, 18.0017 ], [ 82.2231, 18.0016 ] ], [ [ 82.2661, 18.0001 ], [ 82.2306, 18.0011 ], [ 82.2656, 17.9986 ], [ 82.2661, 18.0001 ] ], [ [ 82.2831, 18.0733 ], [ 82.2877, 18.0633 ], [ 82.3013, 18.0689 ], [ 82.2831, 18.0733 ] ], [ [ 82.3019, 18.0687 ], [ 82.2987, 18.0553 ], [ 82.3072, 18.0511 ], [ 82.3044, 18.0681 ], [ 82.3019, 18.0687 ] ], [ [ 82.3199, 18.045 ], [ 82.3194, 18.045 ], [ 82.3198, 18.0448 ], [ 82.3199, 18.045 ] ], [ [ 82.3396, 18.0551 ], [ 82.3223, 18.0599 ], [ 82.3341, 18.0513 ], [ 82.3396, 18.0551 ] ], [ [ 82.3518, 18.0766 ], [ 82.3415, 18.0564 ], [ 82.3439, 18.058 ], [ 82.3518, 18.0766 ] ], [ [ 82.3398, 18.1498 ], [ 82.3395, 18.1466 ], [ 82.3632, 18.1348 ], [ 82.3398, 18.1498 ] ], [ [ 82.3694, 18.3211 ], [ 82.3893, 18.3257 ], [ 82.389, 18.3285 ], [ 82.3694, 18.3211 ] ], [ [ 82.3335, 18.3387 ], [ 82.3332, 18.339 ], [ 82.3354, 18.3356 ], [ 82.3347, 18.3372 ], [ 82.3341, 18.3381 ], [ 82.3337, 18.3383 ], [ 82.3335, 18.3387 ] ], [ [ 82.3366, 18.3297 ], [ 82.3399, 18.323 ], [ 82.3495, 18.3164 ], [ 82.3536, 18.3173 ], [ 82.3382, 18.3267 ], [ 82.3401, 18.3283 ], [ 82.3375, 18.3281 ], [ 82.3354, 18.3356 ], [ 82.3366, 18.3297 ] ], [ [ 83.7099, 19.0024 ], [ 83.73, 19.022 ], [ 83.7095, 19.0026 ], [ 83.7099, 19.0024 ] ], [ [ 83.7822, 18.9254 ], [ 83.7782, 18.9114 ], [ 83.7879, 18.9159 ], [ 83.7822, 18.9254 ] ], [ [ 83.759, 18.9506 ], [ 83.7656, 18.9532 ], [ 83.7449, 18.988 ], [ 83.759, 18.9506 ] ], [ [ 84.1404, 18.7773 ], [ 84.1375, 18.7617 ], [ 84.1381, 18.7615 ], [ 84.1404, 18.7773 ] ], [ [ 84.1601, 18.7876 ], [ 84.1593, 18.7879 ], [ 84.1404, 18.7773 ], [ 84.1601, 18.7876 ] ], [ [ 84.2263, 18.7988 ], [ 84.1953, 18.7917 ], [ 84.2295, 18.7973 ], [ 84.2263, 18.7988 ] ], [ [ 84.583, 19.0732 ], [ 84.5729, 19.0737 ], [ 84.5829, 19.0728 ], [ 84.583, 19.0732 ] ], [ [ 84.5887, 19.0282 ], [ 84.5818, 19.0355 ], [ 84.5817, 19.0301 ], [ 84.5887, 19.0282 ] ], [ [ 84.6183, 19.0659 ], [ 84.5963, 19.0261 ], [ 84.6009, 19.0248 ], [ 84.6183, 19.0659 ] ], [ [ 84.6709, 19.166 ], [ 84.6673, 19.1299 ], [ 84.6774, 19.165 ], [ 84.6709, 19.166 ] ], [ [ 84.71, 19.1597 ], [ 84.6977, 19.1617 ], [ 84.7098, 19.1588 ], [ 84.71, 19.1597 ] ], [ [ 79.8457, 13.3276 ], [ 79.8496, 13.3234 ], [ 79.85, 13.3235 ], [ 79.8457, 13.3276 ] ], [ [ 79.8469, 13.3227 ], [ 79.8435, 13.3221 ], [ 79.8434, 13.3217 ], [ 79.8469, 13.3227 ] ], [ [ 84.3517, 18.7858 ], [ 84.3533, 18.7899 ], [ 84.3501, 18.7876 ], [ 84.3517, 18.7858 ] ], [ [ 84.3293, 18.7872 ], [ 84.3387, 18.7878 ], [ 84.3394, 18.7787 ], [ 84.3396, 18.7894 ], [ 84.3293, 18.7872 ] ], [ [ 82.2613, 16.7019 ], [ 82.2669, 16.7041 ], [ 82.2481, 16.7088 ], [ 82.2613, 16.7019 ] ], [ [ 82.3106, 16.735 ], [ 82.3051, 16.7473 ], [ 82.3026, 16.7183 ], [ 82.3106, 16.735 ] ], [ [ 82.3015, 16.7552 ], [ 82.2885, 16.7349 ], [ 82.3036, 16.7505 ], [ 82.3015, 16.7552 ] ], [ [ 82.2188, 16.74 ], [ 82.2282, 16.7304 ], [ 82.2331, 16.7308 ], [ 82.2194, 16.742 ], [ 82.2188, 16.74 ] ], [ [ 82.2296, 16.7624 ], [ 82.2243, 16.7595 ], [ 82.2213, 16.7489 ], [ 82.2296, 16.7624 ] ], [ [ 74.6277, 29.9084 ], [ 74.5833, 29.9206 ], [ 74.5973, 29.9128 ], [ 74.6277, 29.9084 ] ], [ [ 74.6508, 29.9054 ], [ 74.6495, 29.9053 ], [ 74.6508, 29.9051 ], [ 74.6508, 29.9054 ] ], [ [ 74.809, 29.9908 ], [ 74.731, 29.9615 ], [ 74.7785, 29.9717 ], [ 74.809, 29.9908 ] ], [ [ 74.813, 29.9923 ], [ 74.8122, 29.992 ], [ 74.8243, 29.9858 ], [ 74.813, 29.9923 ] ], [ [ 75.0888, 29.9172 ], [ 75.0882, 29.916 ], [ 75.0929, 29.9146 ], [ 75.0888, 29.9172 ] ], [ [ 75.1093, 29.9041 ], [ 75.1001, 29.91 ], [ 75.1147, 29.8787 ], [ 75.1093, 29.9041 ] ], [ [ 75.0923, 29.8563 ], [ 75.0901, 29.854 ], [ 75.1186, 29.8318 ], [ 75.1189, 29.8319 ], [ 75.0923, 29.8563 ] ], [ [ 75.1008, 29.8071 ], [ 75.1008, 29.8074 ], [ 75.1006, 29.8071 ], [ 75.1008, 29.8071 ] ], [ [ 75.1549, 29.7778 ], [ 75.1351, 29.8073 ], [ 75.151, 29.7755 ], [ 75.1549, 29.7778 ] ], [ [ 75.1668, 29.7851 ], [ 75.1641, 29.7831 ], [ 75.1668, 29.7847 ], [ 75.1668, 29.7851 ] ], [ [ 75.1641, 29.8241 ], [ 75.1667, 29.7879 ], [ 75.1657, 29.8251 ], [ 75.1641, 29.8241 ] ], [ [ 75.2107, 29.8324 ], [ 75.2103, 29.8326 ], [ 75.2085, 29.7927 ], [ 75.2107, 29.8324 ] ], [ [ 75.2416, 29.7546 ], [ 75.2263, 29.7891 ], [ 75.2405, 29.7527 ], [ 75.2416, 29.7546 ] ], [ [ 75.1876, 29.6518 ], [ 75.168, 29.6697 ], [ 75.1676, 29.6695 ], [ 75.1876, 29.6518 ] ], [ [ 76.8499, 30.6568 ], [ 76.852, 30.6588 ], [ 76.8458, 30.6686 ], [ 76.8499, 30.6568 ] ], [ [ 76.8321, 30.6649 ], [ 76.8326, 30.6631 ], [ 76.8458, 30.6686 ], [ 76.8321, 30.6649 ] ], [ [ 76.8456, 30.7228 ], [ 76.84, 30.7066 ], [ 76.8494, 30.7183 ], [ 76.8456, 30.7228 ] ], [ [ 76.8315, 30.7395 ], [ 76.857, 30.7947 ], [ 76.8375, 30.7541 ], [ 76.8357, 30.7556 ], [ 76.8315, 30.7395 ] ], [ [ 76.7719, 30.9068 ], [ 76.7578, 30.9209 ], [ 76.814, 30.843 ], [ 76.7761, 30.906 ], [ 76.8132, 30.924 ], [ 76.7719, 30.9068 ] ], [ [ 76.8231, 30.9282 ], [ 76.8227, 30.928 ], [ 76.8262, 30.9219 ], [ 76.8231, 30.9282 ] ], [ [ 77.1403, 28.8621 ], [ 77.122, 28.8585 ], [ 77.1234, 28.8576 ], [ 77.1403, 28.8621 ] ], [ [ 77.146, 28.8379 ], [ 77.1577, 28.8367 ], [ 77.1459, 28.8384 ], [ 77.146, 28.8379 ] ], [ [ 77.2471, 28.4474 ], [ 77.2466, 28.4527 ], [ 77.2463, 28.4528 ], [ 77.2471, 28.4474 ] ], [ [ 77.2427, 28.4225 ], [ 77.2493, 28.4242 ], [ 77.2492, 28.4256 ], [ 77.2427, 28.4225 ] ], [ [ 77.1108, 28.4713 ], [ 77.1236, 28.4455 ], [ 77.1267, 28.4441 ], [ 77.1108, 28.4713 ] ], [ [ 77.0931, 28.5141 ], [ 77.0589, 28.5126 ], [ 77.0934, 28.5139 ], [ 77.0931, 28.5141 ] ], [ [ 76.8441, 28.555 ], [ 76.8454, 28.5504 ], [ 76.8871, 28.5206 ], [ 76.8441, 28.555 ] ], [ [ 76.8395, 28.5828 ], [ 76.8389, 28.5733 ], [ 76.8416, 28.5637 ], [ 76.8395, 28.5828 ] ], [ [ 76.8643, 28.586 ], [ 76.8652, 28.5878 ], [ 76.8395, 28.5828 ], [ 76.8643, 28.586 ] ], [ [ 76.9065, 28.6238 ], [ 76.8883, 28.632 ], [ 76.8881, 28.6315 ], [ 76.9065, 28.6238 ] ], [ [ 76.9346, 28.6184 ], [ 76.9202, 28.6315 ], [ 76.92, 28.6314 ], [ 76.9346, 28.6184 ] ], [ [ 76.9618, 28.8148 ], [ 76.951, 28.8182 ], [ 76.9497, 28.8153 ], [ 76.9618, 28.8148 ] ], [ [ 76.9242, 30.8765 ], [ 76.922, 30.8826 ], [ 76.9218, 30.8828 ], [ 76.9242, 30.8765 ] ], [ [ 77.8227, 30.5184 ], [ 77.8181, 30.5079 ], [ 77.8185, 30.5081 ], [ 77.8227, 30.5184 ] ], [ [ 77.8179, 30.561 ], [ 77.8267, 30.5282 ], [ 77.8278, 30.531 ], [ 77.8179, 30.561 ] ], [ [ 77.7432, 30.5931 ], [ 77.774, 30.5578 ], [ 77.7432, 30.5934 ], [ 77.7432, 30.5931 ] ], [ [ 77.7474, 30.6799 ], [ 77.7913, 30.6592 ], [ 77.7921, 30.6602 ], [ 77.7474, 30.6799 ] ], [ [ 77.8928, 31.1292 ], [ 77.8898, 31.1213 ], [ 77.8907, 31.1218 ], [ 77.8928, 31.1292 ] ], [ [ 77.9013, 31.1518 ], [ 77.9007, 31.1502 ], [ 77.9248, 31.1504 ], [ 77.9013, 31.1518 ] ], [ [ 75.43, 32.315 ], [ 75.4305, 32.3151 ], [ 75.3493, 32.3453 ], [ 75.3472, 32.3434 ], [ 75.43, 32.315 ] ], [ [ 75.5113, 32.308 ], [ 75.5039, 32.2913 ], [ 75.5133, 32.3071 ], [ 75.5113, 32.308 ] ], [ [ 75.5275, 32.2801 ], [ 75.5322, 32.2778 ], [ 75.5354, 32.3039 ], [ 75.5275, 32.2801 ] ], [ [ 75.5494, 32.346 ], [ 75.5545, 32.3514 ], [ 75.5503, 32.3487 ], [ 75.5494, 32.346 ] ], [ [ 75.7287, 32.4391 ], [ 75.7298, 32.4528 ], [ 75.7293, 32.4527 ], [ 75.7287, 32.4391 ] ], [ [ 75.7759, 32.4649 ], [ 75.7769, 32.4651 ], [ 75.7797, 32.4674 ], [ 75.7759, 32.4649 ] ], [ [ 75.8322, 32.5107 ], [ 75.9028, 32.4523 ], [ 75.8306, 32.513 ], [ 75.8315, 32.5101 ], [ 75.8322, 32.5107 ] ], [ [ 76.3758, 31.4361 ], [ 76.4323, 31.3266 ], [ 76.3762, 31.4375 ], [ 76.3758, 31.4361 ] ], [ [ 76.7084, 30.9703 ], [ 76.7087, 30.97 ], [ 76.7085, 30.9703 ], [ 76.7084, 30.9703 ] ], [ [ 76.8161, 30.7774 ], [ 76.8135, 30.7802 ], [ 76.7835, 30.7706 ], [ 76.8161, 30.7774 ] ], [ [ 76.8054, 30.765 ], [ 76.8196, 30.7737 ], [ 76.8171, 30.7764 ], [ 76.8054, 30.765 ] ], [ [ 76.743, 30.7694 ], [ 76.7434, 30.7698 ], [ 76.7108, 30.761 ], [ 76.743, 30.7694 ] ], [ [ 76.7721, 30.794 ], [ 76.7715, 30.7952 ], [ 76.7467, 30.7726 ], [ 76.7721, 30.794 ] ], [ [ 76.8415, 33.2438 ], [ 76.8432, 33.2467 ], [ 76.8393, 33.2449 ], [ 76.8415, 33.2438 ] ], [ [ 76.818, 33.1571 ], [ 76.8551, 33.1144 ], [ 76.818, 33.1588 ], [ 76.818, 33.1571 ] ], [ [ 76.8888, 33.1172 ], [ 76.8851, 33.1214 ], [ 76.8551, 33.1144 ], [ 76.8888, 33.1172 ] ], [ [ 76.9087, 33.0944 ], [ 76.9087, 33.0946 ], [ 76.9025, 33.1016 ], [ 76.9087, 33.0944 ] ], [ [ 77.339, 32.8168 ], [ 77.3729, 32.8232 ], [ 77.3389, 32.817 ], [ 77.339, 32.8168 ] ], [ [ 78.3136, 32.5659 ], [ 78.3135, 32.5656 ], [ 78.4097, 32.6231 ], [ 78.3136, 32.5659 ] ], [ [ 78.2929, 32.4848 ], [ 78.3067, 32.5115 ], [ 78.3133, 32.5647 ], [ 78.2929, 32.4848 ] ], [ [ 78.2874, 32.463 ], [ 78.305, 32.4549 ], [ 78.2882, 32.4664 ], [ 78.2874, 32.463 ] ], [ [ 78.3298, 32.4435 ], [ 78.3296, 32.4468 ], [ 78.3255, 32.4455 ], [ 78.3298, 32.4435 ] ], [ [ 76.3066, 33.6082 ], [ 76.2996, 33.5982 ], [ 76.3098, 33.5715 ], [ 76.3066, 33.6082 ] ], [ [ 76.3587, 33.6037 ], [ 76.3077, 33.6096 ], [ 76.3075, 33.6094 ], [ 76.3587, 33.6037 ] ], [ [ 76.4359, 33.5422 ], [ 76.4375, 33.5449 ], [ 76.4354, 33.5421 ], [ 76.4359, 33.5422 ] ], [ [ 76.4647, 33.5452 ], [ 76.4507, 33.5625 ], [ 76.4503, 33.5619 ], [ 76.4647, 33.5452 ] ], [ [ 76.6593, 33.3567 ], [ 76.6671, 33.3506 ], [ 76.629, 33.4349 ], [ 76.6593, 33.3567 ] ], [ [ 76.696, 33.328 ], [ 76.7177, 33.329 ], [ 76.6821, 33.3388 ], [ 76.696, 33.328 ] ], [ [ 76.7594, 33.249 ], [ 76.773, 33.2416 ], [ 76.7717, 33.251 ], [ 76.8026, 33.2529 ], [ 76.7992, 33.2562 ], [ 76.7594, 33.249 ] ], [ [ 75.8304, 32.5137 ], [ 75.8305, 32.5134 ], [ 75.8722, 32.5482 ], [ 75.8723, 32.5487 ], [ 75.8304, 32.5137 ] ], [ [ 75.8661, 32.5625 ], [ 75.8726, 32.5506 ], [ 75.8781, 32.5854 ], [ 75.8661, 32.5625 ] ], [ [ 75.8789, 32.587 ], [ 75.8785, 32.5861 ], [ 75.887, 32.5886 ], [ 75.8789, 32.587 ] ], [ [ 75.9186, 32.6331 ], [ 75.8983, 32.5919 ], [ 75.8991, 32.5921 ], [ 75.9257, 32.6321 ], [ 75.9186, 32.6331 ] ], [ [ 75.9328, 32.6447 ], [ 75.9324, 32.6422 ], [ 75.9342, 32.6448 ], [ 75.9328, 32.6447 ] ], [ [ 75.8371, 32.9278 ], [ 75.8335, 32.9239 ], [ 75.877, 32.917 ], [ 75.8371, 32.9278 ] ], [ [ 75.9189, 32.9058 ], [ 75.9089, 32.9085 ], [ 75.9501, 32.8728 ], [ 75.9189, 32.9058 ] ], [ [ 76.6426, 33.1625 ], [ 76.6126, 33.1734 ], [ 76.6394, 33.1617 ], [ 76.6426, 33.1625 ] ], [ [ 76.7746, 33.2294 ], [ 76.7468, 33.1784 ], [ 76.7758, 33.2205 ], [ 76.7746, 33.2294 ] ], [ [ 76.5372, 33.9341 ], [ 76.5374, 33.9335 ], [ 76.5378, 33.9329 ], [ 76.5372, 33.9341 ] ], [ [ 78.4943, 25.1526 ], [ 78.5296, 25.1802 ], [ 78.5031, 25.1632 ], [ 78.4957, 25.1553 ], [ 78.4943, 25.1526 ] ], [ [ 87.778, 25.2525 ], [ 87.7763, 25.2566 ], [ 87.8243, 25.2365 ], [ 87.8244, 25.2365 ], [ 87.7672, 25.261 ], [ 87.7568, 25.2604 ], [ 87.778, 25.2525 ] ], [ [ 87.8624, 25.2741 ], [ 87.8609, 25.2791 ], [ 87.8553, 25.2553 ], [ 87.8624, 25.2741 ] ], [ [ 87.7646, 25.4111 ], [ 87.7659, 25.3853 ], [ 87.7689, 25.3839 ], [ 87.7646, 25.4111 ] ], [ [ 87.7752, 25.4089 ], [ 87.7645, 25.4138 ], [ 87.7645, 25.4131 ], [ 87.7752, 25.4089 ] ], [ [ 87.8227, 25.4371 ], [ 87.8234, 25.4384 ], [ 87.7873, 25.4504 ], [ 87.8227, 25.4371 ] ], [ [ 87.8632, 25.4641 ], [ 87.865, 25.4688 ], [ 87.8393, 25.4678 ], [ 87.8632, 25.4641 ] ], [ [ 87.877, 25.5009 ], [ 87.8678, 25.4939 ], [ 87.8687, 25.4788 ], [ 87.877, 25.5009 ] ], [ [ 88.012, 25.5004 ], [ 88.0155, 25.499 ], [ 88.012, 25.5008 ], [ 88.012, 25.5004 ] ], [ [ 88.0493, 25.486 ], [ 88.0734, 25.4843 ], [ 88.0385, 25.4902 ], [ 88.0493, 25.486 ] ], [ [ 88.0481, 25.6979 ], [ 88.0468, 25.6978 ], [ 88.0481, 25.6973 ], [ 88.0481, 25.6979 ] ], [ [ 88.2938, 26.3517 ], [ 88.2763, 26.3794 ], [ 88.2931, 26.3516 ], [ 88.2938, 26.3517 ] ], [ [ 88.0742, 27.2055 ], [ 88.0647, 27.2143 ], [ 88.0644, 27.2143 ], [ 88.0742, 27.2055 ] ], [ [ 88.0727, 27.1872 ], [ 88.0793, 27.2008 ], [ 88.0791, 27.201 ], [ 88.0727, 27.1872 ] ], [ [ 88.1366, 27.1146 ], [ 88.1563, 27.11 ], [ 88.1365, 27.1147 ], [ 88.1366, 27.1146 ] ], [ [ 88.5231, 27.174 ], [ 88.5211, 27.1735 ], [ 88.5212, 27.1731 ], [ 88.5231, 27.174 ] ], [ [ 88.5925, 27.1912 ], [ 88.5922, 27.1913 ], [ 88.5906, 27.1909 ], [ 88.5925, 27.1912 ] ], [ [ 88.7171, 27.1496 ], [ 88.716, 27.16 ], [ 88.6915, 27.1784 ], [ 88.7171, 27.1496 ] ], [ [ 88.729, 27.1363 ], [ 88.7323, 27.1378 ], [ 88.7252, 27.1405 ], [ 88.729, 27.1363 ] ], [ [ 83.4114, 24.3399 ], [ 83.3804, 24.3138 ], [ 83.3806, 24.3136 ], [ 83.4114, 24.3399 ] ], [ [ 83.4335, 24.3388 ], [ 83.4573, 24.3645 ], [ 83.4332, 24.3388 ], [ 83.4335, 24.3388 ] ], [ [ 83.3874, 24.4476 ], [ 83.3941, 24.4346 ], [ 83.4049, 24.436 ], [ 83.3874, 24.4476 ] ], [ [ 83.3855, 24.4513 ], [ 83.3868, 24.4489 ], [ 83.4, 24.4977 ], [ 83.3969, 24.4969 ], [ 83.3855, 24.4513 ] ], [ [ 83.5007, 24.5247 ], [ 83.5035, 24.5253 ], [ 83.5033, 24.5254 ], [ 83.5007, 24.5247 ] ], [ [ 83.7206, 24.5035 ], [ 83.6882, 24.5137 ], [ 83.6285, 24.5129 ], [ 83.7206, 24.5035 ] ], [ [ 87.1425, 24.914 ], [ 87.1424, 24.9137 ], [ 87.1555, 24.885 ], [ 87.1425, 24.914 ] ], [ [ 87.1494, 25.0233 ], [ 87.1462, 25.02 ], [ 87.1517, 24.9316 ], [ 87.1494, 25.0233 ] ], [ [ 87.493, 25.3066 ], [ 87.4861, 25.2973 ], [ 87.4864, 25.2964 ], [ 87.493, 25.3066 ] ], [ [ 87.5419, 25.2812 ], [ 87.5016, 25.2923 ], [ 87.5418, 25.2807 ], [ 87.5419, 25.2812 ] ], [ [ 87.7744, 25.1214 ], [ 87.7907, 25.2216 ], [ 87.7843, 25.2372 ], [ 87.7744, 25.1214 ] ], [ [ 87.9529, 24.9078 ], [ 87.9628, 24.9345 ], [ 87.9626, 24.9364 ], [ 87.9529, 24.9078 ] ], [ [ 86.0522, 23.5862 ], [ 86.0421, 23.5869 ], [ 86.0774, 23.5792 ], [ 86.0522, 23.5862 ] ], [ [ 85.9545, 23.4711 ], [ 85.955, 23.471 ], [ 86.0538, 23.4871 ], [ 85.9545, 23.4711 ] ], [ [ 85.8872, 23.4843 ], [ 85.8794, 23.4772 ], [ 85.8993, 23.4819 ], [ 85.8872, 23.4843 ] ], [ [ 85.8625, 23.4615 ], [ 85.8639, 23.4314 ], [ 85.869, 23.4675 ], [ 85.8625, 23.4615 ] ], [ [ 86.1865, 23.005 ], [ 86.2485, 22.9949 ], [ 86.1864, 23.0052 ], [ 86.1865, 23.005 ] ], [ [ 86.8, 22.4968 ], [ 86.8024, 22.503 ], [ 86.797, 22.5113 ], [ 86.8, 22.4968 ] ], [ [ 86.7916, 22.4779 ], [ 86.7926, 22.4778 ], [ 86.7934, 22.4798 ], [ 86.7916, 22.4779 ] ], [ [ 86.751, 22.4567 ], [ 86.7612, 22.4345 ], [ 86.7499, 22.4829 ], [ 86.751, 22.4567 ] ], [ [ 86.7645, 22.4273 ], [ 86.7785, 22.4253 ], [ 86.7626, 22.4314 ], [ 86.7645, 22.4273 ] ], [ [ 86.8316, 22.3288 ], [ 86.8323, 22.3284 ], [ 86.8464, 22.3991 ], [ 86.8316, 22.3288 ] ], [ [ 88.7274, 23.319 ], [ 88.7267, 23.3189 ], [ 88.7258, 23.3185 ], [ 88.7274, 23.319 ] ], [ [ 83.5476, 24.623 ], [ 83.548, 24.6233 ], [ 83.5247, 24.6278 ], [ 83.5476, 24.623 ] ], [ [ 83.3966, 24.8323 ], [ 83.3577, 24.8707 ], [ 83.3575, 24.8705 ], [ 83.3966, 24.8323 ] ], [ [ 84.1725, 26.0246 ], [ 84.1178, 26.08 ], [ 84.114, 26.0826 ], [ 84.1725, 26.0246 ] ], [ [ 84.0982, 26.0936 ], [ 84.0887, 26.1002 ], [ 84.056, 26.1 ], [ 84.0982, 26.0936 ] ], [ [ 84.013, 26.1928 ], [ 84.0164, 26.1949 ], [ 84.0132, 26.194 ], [ 84.013, 26.1928 ] ], [ [ 84.0392, 26.2091 ], [ 84.0166, 26.2286 ], [ 84.0153, 26.2233 ], [ 84.0336, 26.2056 ], [ 84.0392, 26.2091 ] ], [ [ 84.0183, 26.2353 ], [ 84.0233, 26.2377 ], [ 84.0192, 26.2389 ], [ 84.0183, 26.2353 ] ], [ [ 84.1764, 26.3708 ], [ 84.1764, 26.3713 ], [ 84.122, 26.3851 ], [ 84.1764, 26.3708 ] ], [ [ 83.9913, 26.4322 ], [ 83.908, 26.4473 ], [ 83.908, 26.4471 ], [ 83.9913, 26.4322 ] ], [ [ 83.9051, 27.2576 ], [ 83.9204, 27.2878 ], [ 83.9058, 27.275 ], [ 83.9051, 27.2576 ] ], [ [ 83.9308, 27.3081 ], [ 83.9325, 27.3114 ], [ 83.9276, 27.316 ], [ 83.9308, 27.3081 ] ], [ [ 83.921, 27.3224 ], [ 83.9166, 27.3265 ], [ 83.9115, 27.3244 ], [ 83.921, 27.3224 ] ], [ [ 92.315, 23.8605 ], [ 92.3156, 23.8633 ], [ 92.313, 23.8609 ], [ 92.315, 23.8605 ] ], [ [ 92.2862, 23.8669 ], [ 92.2932, 23.8654 ], [ 92.2876, 23.8685 ], [ 92.2862, 23.8669 ] ], [ [ 92.2702, 23.8445 ], [ 92.2806, 23.8603 ], [ 92.2692, 23.8469 ], [ 92.2702, 23.8445 ] ], [ [ 92.2571, 23.8125 ], [ 92.2823, 23.8146 ], [ 92.282, 23.8153 ], [ 92.2571, 23.8128 ], [ 92.2571, 23.8125 ] ], [ [ 92.7869, 25.3144 ], [ 92.7818, 25.3332 ], [ 92.7925, 25.2826 ], [ 92.7869, 25.3144 ] ], [ [ 92.8029, 25.2162 ], [ 92.8003, 25.2173 ], [ 92.7983, 25.2133 ], [ 92.8029, 25.2162 ] ], [ [ 92.7762, 25.1996 ], [ 92.7787, 25.2012 ], [ 92.7759, 25.1997 ], [ 92.7762, 25.1996 ] ], [ [ 92.5394, 25.0991 ], [ 92.5226, 25.1388 ], [ 92.5216, 25.139 ], [ 92.5394, 25.0991 ] ], [ [ 92.481, 25.1086 ], [ 92.4809, 25.1083 ], [ 92.5394, 25.0991 ], [ 92.481, 25.1086 ] ], [ [ 92.4403, 25.0434 ], [ 92.4643, 25.0374 ], [ 92.4425, 25.0452 ], [ 92.4403, 25.0434 ] ], [ [ 89.8784, 25.5503 ], [ 89.8779, 25.5492 ], [ 89.9722, 25.5735 ], [ 89.8784, 25.5503 ] ], [ [ 89.9375, 25.7454 ], [ 89.8947, 25.745 ], [ 89.9373, 25.7451 ], [ 89.9375, 25.7454 ] ], [ [ 90.0085, 25.8813 ], [ 90.0056, 25.8785 ], [ 90.0203, 25.8624 ], [ 90.0238, 25.8672 ], [ 90.0085, 25.8813 ] ], [ [ 90.0194, 25.8921 ], [ 90.0122, 25.885 ], [ 90.0206, 25.8918 ], [ 90.0194, 25.8921 ] ], [ [ 90.1163, 25.9569 ], [ 90.0425, 25.8877 ], [ 90.1166, 25.957 ], [ 90.1163, 25.9569 ] ], [ [ 90.1511, 25.9667 ], [ 90.1381, 25.963 ], [ 90.1512, 25.9666 ], [ 90.1511, 25.9667 ] ], [ [ 90.3197, 25.9725 ], [ 90.2115, 25.9526 ], [ 90.2706, 25.9603 ], [ 90.3197, 25.9725 ] ], [ [ 90.3522, 26.0049 ], [ 90.3497, 26.0041 ], [ 90.3251, 25.9738 ], [ 90.3274, 25.9744 ], [ 90.3522, 26.0049 ] ], [ [ 90.3722, 26.0113 ], [ 90.3558, 26.0061 ], [ 90.3997, 26.0125 ], [ 90.3722, 26.0113 ] ], [ [ 90.4241, 25.9889 ], [ 90.4248, 25.9892 ], [ 90.3997, 26.0125 ], [ 90.4241, 25.9889 ] ], [ [ 91.8254, 26.1194 ], [ 91.823, 26.1169 ], [ 91.8792, 26.098 ], [ 91.8254, 26.1194 ] ], [ [ 89.7897, 26.3418 ], [ 89.7998, 26.3343 ], [ 89.7903, 26.3422 ], [ 89.7897, 26.3418 ] ], [ [ 89.8023, 26.3506 ], [ 89.7919, 26.3434 ], [ 89.8052, 26.3485 ], [ 89.8023, 26.3506 ] ], [ [ 89.8186, 26.3388 ], [ 89.8105, 26.3447 ], [ 89.8183, 26.3353 ], [ 89.8186, 26.3388 ] ], [ [ 89.8174, 26.3209 ], [ 89.8176, 26.3245 ], [ 89.8155, 26.3224 ], [ 89.8174, 26.3209 ] ], [ [ 93.0965, 24.0423 ], [ 93.1407, 24.0827 ], [ 93.1378, 24.084 ], [ 93.0965, 24.0423 ] ], [ [ 93.3234, 26.96 ], [ 93.4488, 26.9508 ], [ 93.3241, 26.9601 ], [ 93.3234, 26.96 ] ], [ [ 93.4693, 26.9374 ], [ 93.4706, 26.9366 ], [ 93.4748, 26.9371 ], [ 93.4693, 26.9374 ] ], [ [ 93.5301, 26.9437 ], [ 93.5867, 26.9505 ], [ 93.6416, 26.9642 ], [ 93.5301, 26.9437 ] ], [ [ 93.6675, 26.9707 ], [ 93.6708, 26.9715 ], [ 93.7234, 27.0208 ], [ 93.6675, 26.9707 ] ], [ [ 95.8239, 27.9715 ], [ 95.9711, 27.9625 ], [ 95.9713, 27.9627 ], [ 95.8239, 27.9715 ] ], [ [ 95.509, 27.2619 ], [ 95.5088, 27.2619 ], [ 95.4576, 27.2088 ], [ 95.509, 27.2619 ] ], [ [ 95.1925, 27.0352 ], [ 95.192, 26.9845 ], [ 95.1929, 27.0358 ], [ 95.112, 26.9807 ], [ 95.1925, 27.0352 ] ], [ [ 95.2107, 27.0285 ], [ 95.1931, 27.0359 ], [ 95.1929, 27.0358 ], [ 95.2107, 27.0285 ] ], [ [ 93.3433, 25.56 ], [ 93.327, 25.5465 ], [ 93.3272, 25.5463 ], [ 93.3433, 25.56 ] ], [ [ 93.4736, 25.3793 ], [ 93.4484, 25.3406 ], [ 93.4486, 25.3404 ], [ 93.4736, 25.3793 ] ], [ [ 93.3459, 25.1698 ], [ 93.3345, 25.1054 ], [ 93.3413, 25.1136 ], [ 93.3459, 25.1698 ] ], [ [ 93.3186, 25.0865 ], [ 93.3149, 25.0846 ], [ 93.3131, 25.08 ], [ 93.3186, 25.0865 ] ], [ [ 93.2596, 25.0011 ], [ 93.2591, 24.9989 ], [ 93.2599, 25.0011 ], [ 93.2596, 25.0011 ] ], [ [ 93.1948, 24.8538 ], [ 93.1918, 24.8088 ], [ 93.197, 24.8114 ], [ 93.1948, 24.8538 ] ], [ [ 93.1102, 24.8119 ], [ 93.1094, 24.8115 ], [ 93.0983, 24.7544 ], [ 93.1102, 24.8119 ] ], [ [ 93.0739, 24.7079 ], [ 93.0735, 24.7078 ], [ 93.0901, 24.6772 ], [ 93.0739, 24.7079 ] ], [ [ 93.1034, 24.6743 ], [ 93.1043, 24.6754 ], [ 93.0901, 24.6772 ], [ 93.1034, 24.6743 ] ], [ [ 93.0842, 24.6136 ], [ 93.0712, 24.6006 ], [ 93.0718, 24.6003 ], [ 93.0842, 24.6136 ] ], [ [ 93.059, 24.5737 ], [ 93.0582, 24.5738 ], [ 93.0708, 24.558 ], [ 93.059, 24.5737 ] ], [ [ 93.0329, 24.4288 ], [ 93.041, 24.4142 ], [ 93.0426, 24.4149 ], [ 93.0329, 24.4288 ] ], [ [ 92.9983, 24.3998 ], [ 93.012, 24.4167 ], [ 92.9948, 24.3994 ], [ 93.0204, 24.3879 ], [ 92.9983, 24.3998 ] ], [ [ 93.0393, 24.3407 ], [ 93.007, 24.2855 ], [ 93.0066, 24.2823 ], [ 93.0393, 24.3407 ] ], [ [ 93.0225, 24.23 ], [ 93.0149, 24.2054 ], [ 93.0181, 24.2075 ], [ 93.0225, 24.23 ] ], [ [ 92.8296, 24.3739 ], [ 92.8299, 24.4003 ], [ 92.8294, 24.3737 ], [ 92.8296, 24.3739 ] ], [ [ 92.9512, 24.403 ], [ 92.9323, 24.3935 ], [ 92.9337, 24.3923 ], [ 92.9512, 24.403 ] ], [ [ 92.9737, 24.4083 ], [ 92.9598, 24.3924 ], [ 92.9602, 24.3919 ], [ 92.9744, 24.408 ], [ 92.9737, 24.4083 ] ], [ [ 92.4192, 24.1925 ], [ 92.4225, 24.2549 ], [ 92.4189, 24.1927 ], [ 92.4192, 24.1925 ] ], [ [ 92.4646, 24.1363 ], [ 92.4364, 24.153 ], [ 92.4643, 24.1362 ], [ 92.4646, 24.1363 ] ], [ [ 92.4787, 24.1422 ], [ 92.4741, 24.1402 ], [ 92.4787, 24.142 ], [ 92.4787, 24.1422 ] ], [ [ 92.4839, 24.1632 ], [ 92.4839, 24.163 ], [ 92.5015, 24.1604 ], [ 92.4839, 24.1632 ] ], [ [ 92.763, 24.5211 ], [ 92.6848, 24.3465 ], [ 92.7633, 24.5204 ], [ 92.763, 24.5211 ] ], [ [ 93.9614, 25.5523 ], [ 93.8965, 25.5646 ], [ 93.8929, 25.5635 ], [ 93.9614, 25.5523 ] ], [ [ 95.2114, 26.9448 ], [ 95.2112, 26.9314 ], [ 95.2261, 26.9221 ], [ 95.2114, 26.9448 ] ], [ [ 95.2306, 26.9149 ], [ 95.2287, 26.918 ], [ 95.2305, 26.8852 ], [ 95.2306, 26.9149 ] ] ], [ [ [ 73.2856, 16.9895 ], [ 73.2855, 16.9893 ], [ 73.2855, 16.9895 ], [ 73.2856, 16.9895 ] ] ], [ [ [ 73.1197, 17.7661 ], [ 73.1202, 17.7666 ], [ 73.1195, 17.7655 ], [ 73.1197, 17.7661 ] ] ], [ [ [ 73.1016, 17.8041 ], [ 73.1014, 17.8041 ], [ 73.1013, 17.8047 ], [ 73.1016, 17.8041 ] ] ], [ [ [ 71.1513, 20.7639 ], [ 71.1553, 20.7611 ], [ 71.1499, 20.7594 ], [ 71.1513, 20.7639 ] ] ], [ [ [ 71.148, 20.7583 ], [ 71.1464, 20.7713 ], [ 71.1497, 20.7619 ], [ 71.148, 20.7583 ] ] ], [ [ [ 71.2571, 20.8133 ], [ 71.2561, 20.8116 ], [ 71.2546, 20.814 ], [ 71.2571, 20.8133 ] ] ], [ [ [ 71.2629, 20.8168 ], [ 71.2619, 20.8149 ], [ 71.2619, 20.817 ], [ 71.2629, 20.8168 ] ] ], [ [ [ 71.2689, 20.8212 ], [ 71.2701, 20.8213 ], [ 71.2709, 20.8194 ], [ 71.2689, 20.8212 ] ] ], [ [ [ 71.3049, 20.8325 ], [ 71.3034, 20.8315 ], [ 71.3029, 20.832 ], [ 71.3049, 20.8325 ] ] ], [ [ [ 71.3092, 20.8328 ], [ 71.309, 20.8325 ], [ 71.3078, 20.8326 ], [ 71.3092, 20.8328 ] ] ], [ [ [ 71.3041, 20.8342 ], [ 71.3038, 20.8337 ], [ 71.3036, 20.8344 ], [ 71.3041, 20.8342 ] ] ], [ [ [ 71.4561, 20.8773 ], [ 71.4562, 20.8785 ], [ 71.4591, 20.8778 ], [ 71.4561, 20.8773 ] ] ], [ [ [ 71.5361, 20.9032 ], [ 71.5356, 20.9027 ], [ 71.535, 20.9032 ], [ 71.5361, 20.9032 ] ] ], [ [ [ 71.507, 20.9029 ], [ 71.5193, 20.9129 ], [ 71.5216, 20.9051 ], [ 71.5324, 20.9029 ], [ 71.507, 20.9029 ] ] ], [ [ [ 71.5458, 20.912 ], [ 71.5469, 20.9134 ], [ 71.5485, 20.9124 ], [ 71.5458, 20.912 ] ] ], [ [ [ 71.5213, 20.9134 ], [ 71.5208, 20.9128 ], [ 71.5207, 20.9136 ], [ 71.5213, 20.9134 ] ] ], [ [ [ 71.5455, 20.9142 ], [ 71.5455, 20.9136 ], [ 71.5453, 20.9143 ], [ 71.5455, 20.9142 ] ] ], [ [ [ 72.5988, 21.5487 ], [ 72.6174, 21.547 ], [ 72.607, 21.5876 ], [ 72.6266, 21.6288 ], [ 72.6719, 21.6453 ], [ 72.74, 21.6448 ], [ 72.7699, 21.657 ], [ 72.8159, 21.6528 ], [ 72.8198, 21.6239 ], [ 72.7277, 21.5858 ], [ 72.7019, 21.5921 ], [ 72.6705, 21.5731 ], [ 72.6422, 21.5322 ], [ 72.6257, 21.5394 ], [ 72.5756, 21.5318 ], [ 72.5802, 21.5857 ], [ 72.6005, 21.5779 ], [ 72.5988, 21.5487 ] ] ], [ [ [ 72.3503, 21.6084 ], [ 72.3612, 21.5957 ], [ 72.3502, 21.6025 ], [ 72.3503, 21.6084 ] ] ], [ [ [ 69.3234, 22.3813 ], [ 69.3363, 22.3868 ], [ 69.3327, 22.3728 ], [ 69.3234, 22.3813 ] ] ], [ [ [ 69.5903, 22.4307 ], [ 69.6212, 22.4573 ], [ 69.6568, 22.4254 ], [ 69.6365, 22.4057 ], [ 69.5903, 22.4307 ] ] ], [ [ [ 69.1083, 22.437 ], [ 69.0858, 22.421 ], [ 69.094, 22.4609 ], [ 69.1416, 22.4768 ], [ 69.1447, 22.4504 ], [ 69.1421, 22.4631 ], [ 69.1154, 22.4668 ], [ 69.1083, 22.437 ] ] ], [ [ [ 70.0402, 22.5528 ], [ 70.0594, 22.5374 ], [ 70.0489, 22.5394 ], [ 70.0461, 22.5236 ], [ 70.0349, 22.5356 ], [ 70.0402, 22.5528 ] ] ], [ [ [ 70.2566, 23.1706 ], [ 70.2565, 23.1738 ], [ 70.2578, 23.1706 ], [ 70.2566, 23.1706 ] ] ], [ [ [ 70.2496, 23.177 ], [ 70.2527, 23.1774 ], [ 70.2526, 23.1709 ], [ 70.2496, 23.177 ] ] ], [ [ [ 68.5287, 23.674 ], [ 68.5339, 23.6621 ], [ 68.522, 23.6535 ], [ 68.5309, 23.6888 ], [ 68.5298, 23.6757 ], [ 68.5386, 23.6856 ], [ 68.5474, 23.675 ], [ 68.5287, 23.674 ] ] ], [ [ [ 78.2162, 8.8415 ], [ 78.2161, 8.8319 ], [ 78.2053, 8.8418 ], [ 78.2162, 8.8415 ] ] ], [ [ [ 78.2267, 8.8663 ], [ 78.2218, 8.8724 ], [ 78.2278, 8.8684 ], [ 78.2267, 8.8663 ] ] ], [ [ [ 78.2736, 8.9445 ], [ 78.2733, 8.9425 ], [ 78.2695, 8.9419 ], [ 78.2736, 8.9445 ] ] ], [ [ [ 78.2548, 8.9555 ], [ 78.2544, 8.9527 ], [ 78.2517, 8.9563 ], [ 78.2548, 8.9555 ] ] ], [ [ [ 78.4952, 9.0911 ], [ 78.4934, 9.0867 ], [ 78.4899, 9.0934 ], [ 78.4952, 9.0911 ] ] ], [ [ [ 78.5391, 9.106 ], [ 78.5384, 9.1026 ], [ 78.5386, 9.1061 ], [ 78.5391, 9.106 ] ] ], [ [ [ 78.5716, 9.1007 ], [ 78.5793, 9.1128 ], [ 78.5878, 9.1068 ], [ 78.5716, 9.1007 ] ] ], [ [ [ 79.4919, 9.124 ], [ 79.4961, 9.1253 ], [ 79.4966, 9.1232 ], [ 79.4919, 9.124 ] ] ], [ [ [ 79.4887, 9.1283 ], [ 79.4883, 9.1265 ], [ 79.4872, 9.1275 ], [ 79.4887, 9.1283 ] ] ], [ [ [ 79.4811, 9.1306 ], [ 79.482, 9.1299 ], [ 79.4797, 9.1297 ], [ 79.4811, 9.1306 ] ] ], [ [ [ 79.4833, 9.1342 ], [ 79.4835, 9.1331 ], [ 79.4816, 9.1331 ], [ 79.4833, 9.1342 ] ] ], [ [ [ 79.4707, 9.14 ], [ 79.4736, 9.1384 ], [ 79.4698, 9.1389 ], [ 79.4707, 9.14 ] ] ], [ [ [ 79.4678, 9.1404 ], [ 79.4651, 9.1429 ], [ 79.4674, 9.1434 ], [ 79.4678, 9.1404 ] ] ], [ [ [ 79.454, 9.1437 ], [ 79.4538, 9.1439 ], [ 79.4547, 9.1453 ], [ 79.454, 9.1437 ] ] ], [ [ [ 79.4554, 9.1476 ], [ 79.456, 9.1476 ], [ 79.4564, 9.1467 ], [ 79.4554, 9.1476 ] ] ], [ [ [ 79.4524, 9.1498 ], [ 79.4545, 9.1477 ], [ 79.4501, 9.148 ], [ 79.4524, 9.1498 ] ] ], [ [ [ 79.4447, 9.151 ], [ 79.4445, 9.1523 ], [ 79.4458, 9.1521 ], [ 79.4447, 9.151 ] ] ], [ [ [ 78.6965, 9.1558 ], [ 78.6963, 9.1513 ], [ 78.6949, 9.155 ], [ 78.6965, 9.1558 ] ] ], [ [ [ 78.7314, 9.1559 ], [ 78.732, 9.154 ], [ 78.728, 9.1532 ], [ 78.7314, 9.1559 ] ] ], [ [ [ 78.7519, 9.157 ], [ 78.7525, 9.1557 ], [ 78.7509, 9.1564 ], [ 78.7519, 9.157 ] ] ], [ [ [ 79.4445, 9.158 ], [ 79.4458, 9.1579 ], [ 79.4436, 9.1565 ], [ 79.4445, 9.158 ] ] ], [ [ [ 78.6984, 9.1588 ], [ 78.699, 9.1585 ], [ 78.6983, 9.1579 ], [ 78.6984, 9.1588 ] ] ], [ [ [ 78.8169, 9.1604 ], [ 78.8195, 9.1652 ], [ 78.8187, 9.1607 ], [ 78.8169, 9.1604 ] ] ], [ [ [ 78.8285, 9.1737 ], [ 78.829, 9.1705 ], [ 78.824, 9.1665 ], [ 78.8285, 9.1737 ] ] ], [ [ [ 78.9235, 9.1833 ], [ 78.8973, 9.1797 ], [ 78.9432, 9.1878 ], [ 78.9308, 9.1815 ], [ 78.9235, 9.1833 ] ] ], [ [ [ 78.9681, 9.1857 ], [ 78.9676, 9.1828 ], [ 78.9669, 9.1874 ], [ 78.9704, 9.1861 ], [ 78.9702, 9.1844 ], [ 78.9689, 9.1862 ], [ 78.9686, 9.1861 ], [ 78.9681, 9.1857 ] ] ], [ [ [ 78.9105, 9.1863 ], [ 78.9103, 9.1859 ], [ 78.9101, 9.186 ], [ 78.9105, 9.1863 ] ] ], [ [ [ 79.057, 9.1973 ], [ 79.0696, 9.2107 ], [ 79.0864, 9.1917 ], [ 79.057, 9.1973 ] ] ], [ [ [ 79.139, 9.2138 ], [ 79.1415, 9.2143 ], [ 79.139, 9.2128 ], [ 79.139, 9.2138 ] ] ], [ [ [ 79.1295, 9.2138 ], [ 79.1223, 9.2157 ], [ 79.1291, 9.2146 ], [ 79.134, 9.2156 ], [ 79.1295, 9.2138 ] ] ], [ [ [ 79.2236, 9.2472 ], [ 79.1993, 9.2302 ], [ 79.1798, 9.2375 ], [ 79.1804, 9.2496 ], [ 79.2089, 9.2507 ], [ 79.2177, 9.2504 ], [ 79.2023, 9.2415 ], [ 79.2236, 9.2472 ] ] ], [ [ [ 79.2327, 9.2435 ], [ 79.2356, 9.2436 ], [ 79.2357, 9.2402 ], [ 79.2327, 9.2435 ] ] ], [ [ [ 74.2401, 14.7087 ], [ 74.2376, 14.7096 ], [ 74.2408, 14.712 ], [ 74.2401, 14.7087 ] ] ], [ [ [ 74.1536, 14.7423 ], [ 74.1581, 14.7387 ], [ 74.1524, 14.74 ], [ 74.1536, 14.7423 ] ] ], [ [ [ 74.1097, 14.7539 ], [ 74.1098, 14.7619 ], [ 74.119, 14.7552 ], [ 74.1195, 14.7528 ], [ 74.1097, 14.7539 ] ] ], [ [ [ 74.1005, 14.8412 ], [ 74.0961, 14.8458 ], [ 74.0973, 14.8464 ], [ 74.1005, 14.8412 ] ] ], [ [ [ 74.1063, 14.8654 ], [ 74.1076, 14.8657 ], [ 74.1066, 14.8648 ], [ 74.1063, 14.8654 ] ] ], [ [ [ 74.7157, 23.2191 ], [ 74.734, 23.2206 ], [ 74.7264, 23.215 ], [ 74.7157, 23.2191 ] ] ], [ [ [ 92.2134, 10.9728 ], [ 92.2086, 10.9806 ], [ 92.2247, 10.9781 ], [ 92.2134, 10.9728 ] ] ], [ [ [ 92.2079, 11.5324 ], [ 92.207, 11.5322 ], [ 92.2069, 11.5333 ], [ 92.2079, 11.5324 ] ] ], [ [ [ 92.205, 11.5344 ], [ 92.2058, 11.5342 ], [ 92.2053, 11.5339 ], [ 92.205, 11.5344 ] ] ], [ [ [ 92.2071, 11.5359 ], [ 92.2074, 11.5356 ], [ 92.2067, 11.5357 ], [ 92.2071, 11.5359 ] ] ], [ [ [ 92.1966, 11.5773 ], [ 92.1965, 11.5783 ], [ 92.197, 11.5774 ], [ 92.1966, 11.5773 ] ] ], [ [ [ 92.1966, 11.5833 ], [ 92.1967, 11.5807 ], [ 92.1962, 11.5809 ], [ 92.1966, 11.5833 ] ] ], [ [ [ 92.1972, 11.5874 ], [ 92.199, 11.5882 ], [ 92.197, 11.5841 ], [ 92.1972, 11.5874 ] ] ], [ [ [ 92.1988, 11.5891 ], [ 92.2004, 11.5908 ], [ 92.201, 11.5884 ], [ 92.1988, 11.5891 ] ] ], [ [ [ 92.2228, 11.5934 ], [ 92.2224, 11.5926 ], [ 92.2218, 11.5944 ], [ 92.2228, 11.5934 ] ] ], [ [ [ 86.7845, 20.364 ], [ 86.7801, 20.3581 ], [ 86.7827, 20.3637 ], [ 86.7845, 20.364 ] ] ], [ [ [ 86.7989, 20.3645 ], [ 86.7968, 20.4004 ], [ 86.8075, 20.3735 ], [ 86.7989, 20.3645 ] ] ], [ [ [ 86.7915, 20.3864 ], [ 86.7926, 20.3823 ], [ 86.7905, 20.3856 ], [ 86.7915, 20.3864 ] ] ], [ [ [ 86.7902, 20.4326 ], [ 86.8, 20.4431 ], [ 86.7932, 20.4932 ], [ 86.8082, 20.4531 ], [ 86.787, 20.3847 ], [ 86.7902, 20.4326 ] ] ], [ [ [ 87.0131, 20.7172 ], [ 87.0117, 20.7123 ], [ 87.0067, 20.7122 ], [ 87.0131, 20.7172 ] ] ], [ [ [ 87.0073, 20.7193 ], [ 87.0081, 20.7195 ], [ 87.0017, 20.7115 ], [ 87.0073, 20.7193 ] ] ], [ [ [ 87.0563, 20.7329 ], [ 87.0579, 20.731 ], [ 87.0533, 20.7304 ], [ 87.0563, 20.7329 ] ] ], [ [ [ 87.0779, 20.7439 ], [ 87.0728, 20.7303 ], [ 87.0696, 20.7335 ], [ 87.0779, 20.7439 ] ] ], [ [ [ 87.051, 20.7384 ], [ 87.0521, 20.7376 ], [ 87.0516, 20.7369 ], [ 87.051, 20.7384 ] ] ], [ [ [ 87.0723, 20.749 ], [ 87.071, 20.7363 ], [ 87.0702, 20.7395 ], [ 87.0723, 20.749 ] ] ], [ [ [ 87.0494, 20.744 ], [ 87.0548, 20.7455 ], [ 87.05, 20.7433 ], [ 87.0494, 20.744 ] ] ], [ [ [ 87.0968, 20.7481 ], [ 87.0973, 20.7484 ], [ 87.0979, 20.7474 ], [ 87.0968, 20.7481 ] ] ], [ [ [ 87.0997, 20.7505 ], [ 87.1017, 20.7515 ], [ 87.1004, 20.7489 ], [ 87.0997, 20.7505 ] ] ], [ [ [ 87.0731, 20.7535 ], [ 87.0824, 20.7639 ], [ 87.0975, 20.7549 ], [ 87.0731, 20.7535 ] ] ], [ [ [ 87.0748, 20.7674 ], [ 87.0693, 20.7939 ], [ 87.076, 20.772 ], [ 87.0748, 20.7674 ] ] ], [ [ [ 86.9826, 20.7848 ], [ 86.9817, 20.7777 ], [ 86.9814, 20.7842 ], [ 86.9826, 20.7848 ] ] ], [ [ [ 86.9861, 20.803 ], [ 86.9892, 20.8039 ], [ 86.9866, 20.802 ], [ 86.9861, 20.803 ] ] ], [ [ [ 88.0132, 21.547 ], [ 88.0102, 21.559 ], [ 88.0184, 21.5511 ], [ 88.0132, 21.547 ] ] ], [ [ [ 88.5345, 21.5272 ], [ 88.4848, 21.5522 ], [ 88.4962, 21.5993 ], [ 88.5372, 21.578 ], [ 88.5307, 21.5636 ], [ 88.5478, 21.5367 ], [ 88.5345, 21.5272 ] ] ], [ [ [ 88.8942, 21.5791 ], [ 88.9007, 21.5433 ], [ 88.8582, 21.536 ], [ 88.8311, 21.5513 ], [ 88.837, 21.6054 ], [ 88.8942, 21.5791 ] ] ], [ [ [ 88.2044, 21.547 ], [ 88.197, 21.541 ], [ 88.1757, 21.5499 ], [ 88.1639, 21.5861 ], [ 88.167, 21.6029 ], [ 88.2044, 21.547 ] ] ], [ [ [ 87.4137, 21.5602 ], [ 87.419, 21.5787 ], [ 87.4285, 21.5843 ], [ 87.4166, 21.57 ], [ 87.4137, 21.5602 ] ] ], [ [ [ 89.1358, 21.6006 ], [ 89.1503, 21.601 ], [ 89.1389, 21.593 ], [ 89.1358, 21.6006 ] ] ], [ [ [ 88.9469, 21.6007 ], [ 88.9482, 21.5969 ], [ 88.9447, 21.5995 ], [ 88.9469, 21.6007 ] ] ], [ [ [ 88.7078, 21.6814 ], [ 88.7438, 21.6521 ], [ 88.769, 21.656 ], [ 88.773, 21.6258 ], [ 88.7972, 21.5971 ], [ 88.7948, 21.5821 ], [ 88.7597, 21.5648 ], [ 88.7262, 21.5666 ], [ 88.7072, 21.5901 ], [ 88.7175, 21.644 ], [ 88.6844, 21.6843 ], [ 88.6925, 21.7202 ], [ 88.7078, 21.6814 ] ] ], [ [ [ 88.3396, 21.6194 ], [ 88.3178, 21.6052 ], [ 88.3064, 21.6149 ], [ 88.3161, 21.6627 ], [ 88.3066, 21.7056 ], [ 88.3337, 21.6998 ], [ 88.3514, 21.6773 ], [ 88.3505, 21.6468 ], [ 88.3396, 21.6194 ] ] ], [ [ [ 88.6309, 21.6733 ], [ 88.6412, 21.6796 ], [ 88.6361, 21.6509 ], [ 88.6316, 21.6494 ], [ 88.6309, 21.6733 ] ] ], [ [ [ 88.4016, 21.7373 ], [ 88.4281, 21.7025 ], [ 88.4133, 21.6929 ], [ 88.4111, 21.6558 ], [ 88.4319, 21.6204 ], [ 88.3969, 21.5899 ], [ 88.3809, 21.6629 ], [ 88.4042, 21.7166 ], [ 88.3688, 21.727 ], [ 88.3891, 21.7358 ], [ 88.3958, 21.7546 ], [ 88.4016, 21.7373 ] ] ], [ [ [ 88.0494, 21.6945 ], [ 88.0502, 21.7003 ], [ 88.0513, 21.6962 ], [ 88.0494, 21.6945 ] ] ], [ [ [ 88.0454, 21.6994 ], [ 88.0451, 21.6954 ], [ 88.0445, 21.6991 ], [ 88.0454, 21.6994 ] ] ], [ [ [ 88.0428, 21.709 ], [ 88.0447, 21.7023 ], [ 88.0423, 21.7034 ], [ 88.0428, 21.709 ] ] ], [ [ [ 88.4191, 21.6829 ], [ 88.4325, 21.7044 ], [ 88.3834, 21.7777 ], [ 88.424, 21.8101 ], [ 88.43, 21.7993 ], [ 88.4556, 21.7891 ], [ 88.4714, 21.7925 ], [ 88.4528, 21.7184 ], [ 88.4715, 21.6739 ], [ 88.4502, 21.6118 ], [ 88.434, 21.6037 ], [ 88.4411, 21.6228 ], [ 88.4204, 21.6531 ], [ 88.4191, 21.6829 ] ] ], [ [ [ 88.2067, 21.7092 ], [ 88.1808, 21.689 ], [ 88.186, 21.7081 ], [ 88.2037, 21.7258 ], [ 88.2067, 21.7092 ] ] ], [ [ [ 88.0557, 21.7114 ], [ 88.0543, 21.7043 ], [ 88.0537, 21.7109 ], [ 88.0557, 21.7114 ] ] ], [ [ [ 88.5887, 21.7041 ], [ 88.6086, 21.6815 ], [ 88.591, 21.6583 ], [ 88.6027, 21.6125 ], [ 88.5423, 21.6409 ], [ 88.5262, 21.6629 ], [ 88.5063, 21.7584 ], [ 88.5162, 21.7874 ], [ 88.5432, 21.8117 ], [ 88.5733, 21.7885 ], [ 88.5601, 21.7679 ], [ 88.5887, 21.7041 ] ] ], [ [ [ 88.3945, 21.7132 ], [ 88.3571, 21.6865 ], [ 88.3384, 21.7116 ], [ 88.3485, 21.7225 ], [ 88.3443, 21.7564 ], [ 88.3887, 21.7616 ], [ 88.3859, 21.7405 ], [ 88.3633, 21.7259 ], [ 88.3945, 21.7132 ] ] ], [ [ [ 88.5971, 21.7157 ], [ 88.6203, 21.728 ], [ 88.6217, 21.74 ], [ 88.5874, 21.7572 ], [ 88.5888, 21.7766 ], [ 88.6215, 21.7812 ], [ 88.6299, 21.7361 ], [ 88.6109, 21.7048 ], [ 88.5971, 21.7157 ] ] ], [ [ [ 88.2798, 21.7349 ], [ 88.2891, 21.7788 ], [ 88.305, 21.7325 ], [ 88.2919, 21.7121 ], [ 88.2798, 21.7349 ] ] ], [ [ [ 88.0569, 21.7097 ], [ 88.0552, 21.7209 ], [ 88.0765, 21.7518 ], [ 88.1016, 21.8321 ], [ 88.1358, 21.8753 ], [ 88.171, 21.8093 ], [ 88.1707, 21.7366 ], [ 88.1532, 21.682 ], [ 88.1342, 21.6785 ], [ 88.1451, 21.639 ], [ 88.115, 21.6256 ], [ 88.048, 21.6447 ], [ 88.0414, 21.6756 ], [ 88.051, 21.6876 ], [ 88.0569, 21.7097 ] ] ], [ [ [ 88.5822, 21.7764 ], [ 88.5873, 21.7533 ], [ 88.6192, 21.7386 ], [ 88.602, 21.725 ], [ 88.5788, 21.7275 ], [ 88.5846, 21.7484 ], [ 88.5688, 21.7697 ], [ 88.5822, 21.7764 ] ] ], [ [ [ 89.02, 21.6404 ], [ 89.0365, 21.6183 ], [ 89.0238, 21.6029 ], [ 88.998, 21.6032 ], [ 88.9973, 21.622 ], [ 88.9683, 21.6198 ], [ 88.9387, 21.6461 ], [ 88.9513, 21.6939 ], [ 88.9213, 21.7215 ], [ 88.9317, 21.7444 ], [ 88.9208, 21.7624 ], [ 88.9147, 21.7162 ], [ 88.9401, 21.689 ], [ 88.923, 21.6323 ], [ 88.8841, 21.6612 ], [ 88.8696, 21.7042 ], [ 88.8772, 21.7666 ], [ 88.8351, 21.7828 ], [ 88.8368, 21.843 ], [ 88.8537, 21.8662 ], [ 88.8532, 21.8889 ], [ 88.819, 21.9293 ], [ 88.8597, 21.9127 ], [ 88.9026, 21.921 ], [ 88.9118, 21.9309 ], [ 89.0313, 21.864 ], [ 89.0124, 21.7942 ], [ 89.0195, 21.7662 ], [ 89.0559, 21.7325 ], [ 89.0676, 21.6911 ], [ 89.0936, 21.6637 ], [ 89.0942, 21.6413 ], [ 89.0607, 21.6157 ], [ 89.0292, 21.6351 ], [ 89.0241, 21.6582 ], [ 89.02, 21.6404 ] ] ], [ [ [ 88.1926, 21.7797 ], [ 88.1975, 21.771 ], [ 88.1926, 21.7582 ], [ 88.1926, 21.7797 ] ] ], [ [ [ 88.1792, 21.7993 ], [ 88.1815, 21.7838 ], [ 88.1763, 21.7935 ], [ 88.1792, 21.7993 ] ] ], [ [ [ 88.4999, 21.8113 ], [ 88.4855, 21.7989 ], [ 88.4639, 21.8002 ], [ 88.4519, 21.8136 ], [ 88.486, 21.8342 ], [ 88.4999, 21.8113 ] ] ], [ [ [ 88.2018, 21.8179 ], [ 88.1973, 21.8405 ], [ 88.2011, 21.8272 ], [ 88.2023, 21.8227 ], [ 88.2018, 21.8179 ] ] ], [ [ [ 88.1664, 21.8697 ], [ 88.1952, 21.8395 ], [ 88.1862, 21.8337 ], [ 88.1673, 21.8639 ], [ 88.1664, 21.8697 ] ] ], [ [ [ 88.5738, 21.8556 ], [ 88.5567, 21.8277 ], [ 88.56, 21.8515 ], [ 88.5541, 21.8757 ], [ 88.5713, 21.8795 ], [ 88.5738, 21.8556 ] ] ], [ [ [ 88.592, 21.7976 ], [ 88.5782, 21.8135 ], [ 88.5802, 21.8347 ], [ 88.617, 21.896 ], [ 88.6366, 21.9218 ], [ 88.6701, 21.9142 ], [ 88.6528, 21.8725 ], [ 88.6446, 21.7879 ], [ 88.592, 21.7976 ] ] ], [ [ [ 88.5647, 21.8978 ], [ 88.5762, 21.8831 ], [ 88.553, 21.8767 ], [ 88.552, 21.8166 ], [ 88.544, 21.843 ], [ 88.5379, 21.8323 ], [ 88.5309, 21.8477 ], [ 88.5433, 21.8546 ], [ 88.5505, 21.8794 ], [ 88.5414, 21.9022 ], [ 88.5647, 21.8978 ] ] ], [ [ [ 88.1653, 21.8792 ], [ 88.1741, 21.8635 ], [ 88.167, 21.8732 ], [ 88.1653, 21.8792 ] ] ], [ [ [ 88.1155, 21.9211 ], [ 88.1241, 21.9307 ], [ 88.145, 21.9169 ], [ 88.129, 21.8992 ], [ 88.1155, 21.9211 ] ] ], [ [ [ 88.5745, 21.9595 ], [ 88.61, 21.9247 ], [ 88.5826, 21.8914 ], [ 88.5501, 21.9224 ], [ 88.5444, 21.9709 ], [ 88.5745, 21.9595 ] ] ], [ [ [ 88.9886, 21.951 ], [ 89.017, 21.9264 ], [ 89.0123, 21.903 ], [ 88.9288, 21.9451 ], [ 88.9249, 21.9651 ], [ 88.9436, 22.0009 ], [ 88.9876, 21.9715 ], [ 89.0098, 21.9803 ], [ 88.9886, 21.951 ] ] ], [ [ [ 88.5765, 21.9606 ], [ 88.5774, 21.9813 ], [ 88.5958, 21.9886 ], [ 88.5996, 21.9915 ], [ 88.603, 21.9975 ], [ 88.6071, 22.0 ], [ 88.615, 21.9375 ], [ 88.6104, 21.9293 ], [ 88.5765, 21.9606 ] ] ], [ [ [ 92.5605, 10.7958 ], [ 92.5792, 10.7854 ], [ 92.5615, 10.8028 ], [ 92.5712, 10.8106 ], [ 92.5867, 10.7899 ], [ 92.5834, 10.7442 ], [ 92.5997, 10.7013 ], [ 92.5974, 10.6778 ], [ 92.5803, 10.6808 ], [ 92.5824, 10.658 ], [ 92.5388, 10.6175 ], [ 92.5423, 10.5948 ], [ 92.5693, 10.5774 ], [ 92.5329, 10.5185 ], [ 92.5126, 10.5108 ], [ 92.4815, 10.5175 ], [ 92.4351, 10.5489 ], [ 92.4019, 10.5305 ], [ 92.3833, 10.5347 ], [ 92.4192, 10.615 ], [ 92.4011, 10.6595 ], [ 92.3814, 10.6703 ], [ 92.3718, 10.7739 ], [ 92.385, 10.7953 ], [ 92.3953, 10.7851 ], [ 92.3924, 10.7752 ], [ 92.3952, 10.749 ], [ 92.3988, 10.7439 ], [ 92.396, 10.7605 ], [ 92.4035, 10.7684 ], [ 92.4084, 10.764 ], [ 92.4061, 10.7582 ], [ 92.4084, 10.7553 ], [ 92.4193, 10.7726 ], [ 92.4104, 10.7644 ], [ 92.4026, 10.769 ], [ 92.3969, 10.7631 ], [ 92.3934, 10.7752 ], [ 92.3939, 10.7777 ], [ 92.3956, 10.7739 ], [ 92.4042, 10.7754 ], [ 92.4106, 10.7783 ], [ 92.3957, 10.7749 ], [ 92.3956, 10.7863 ], [ 92.4169, 10.7957 ], [ 92.4255, 10.8268 ], [ 92.4573, 10.8417 ], [ 92.4545, 10.8669 ], [ 92.4793, 10.8731 ], [ 92.4965, 10.8971 ], [ 92.511, 10.8718 ], [ 92.5024, 10.8738 ], [ 92.4914, 10.8715 ], [ 92.4901, 10.86 ], [ 92.4861, 10.8622 ], [ 92.4768, 10.8618 ], [ 92.4906, 10.8596 ], [ 92.4959, 10.8707 ], [ 92.5003, 10.8632 ], [ 92.5038, 10.8625 ], [ 92.5064, 10.8637 ], [ 92.508, 10.8628 ], [ 92.498, 10.8712 ], [ 92.5105, 10.8699 ], [ 92.5179, 10.8774 ], [ 92.503, 10.8977 ], [ 92.5329, 10.8909 ], [ 92.5281, 10.8849 ], [ 92.5295, 10.8671 ], [ 92.542, 10.8589 ], [ 92.5299, 10.8689 ], [ 92.5338, 10.89 ], [ 92.562, 10.8636 ], [ 92.5674, 10.8103 ], [ 92.5483, 10.8095 ], [ 92.5588, 10.8092 ], [ 92.5605, 10.7958 ] ] ], [ [ [ 92.6207, 10.9251 ], [ 92.6227, 10.9258 ], [ 92.6223, 10.9234 ], [ 92.6207, 10.9251 ] ] ], [ [ [ 92.602, 10.9363 ], [ 92.6085, 10.9396 ], [ 92.6213, 10.9286 ], [ 92.6115, 10.9264 ], [ 92.602, 10.9363 ] ] ], [ [ [ 92.6011, 10.9411 ], [ 92.6045, 10.9412 ], [ 92.6047, 10.9393 ], [ 92.6011, 10.9411 ] ] ], [ [ [ 92.6072, 10.9422 ], [ 92.608, 10.9426 ], [ 92.6078, 10.9418 ], [ 92.6072, 10.9422 ] ] ], [ [ [ 92.6061, 10.9423 ], [ 92.6059, 10.9432 ], [ 92.6066, 10.9423 ], [ 92.6061, 10.9423 ] ] ], [ [ [ 92.599, 10.9415 ], [ 92.5975, 10.9421 ], [ 92.5973, 10.9449 ], [ 92.599, 10.9415 ] ] ], [ [ [ 92.6056, 10.9456 ], [ 92.6053, 10.9448 ], [ 92.6034, 10.9464 ], [ 92.6056, 10.9456 ] ] ], [ [ [ 92.6008, 10.9516 ], [ 92.6006, 10.9509 ], [ 92.5998, 10.9515 ], [ 92.6008, 10.9516 ] ] ], [ [ [ 92.6657, 10.993 ], [ 92.6681, 10.9847 ], [ 92.6609, 10.9806 ], [ 92.6575, 10.9896 ], [ 92.6657, 10.993 ] ] ], [ [ [ 92.6743, 11.1903 ], [ 92.6761, 11.1887 ], [ 92.6759, 11.1768 ], [ 92.6743, 11.1903 ] ] ], [ [ [ 92.6721, 11.1955 ], [ 92.6724, 11.1955 ], [ 92.672, 11.195 ], [ 92.6721, 11.1955 ] ] ], [ [ [ 92.6862, 11.2418 ], [ 92.6921, 11.281 ], [ 92.7047, 11.2902 ], [ 92.7039, 11.2623 ], [ 92.6862, 11.2418 ] ] ], [ [ [ 92.5515, 11.3926 ], [ 92.5621, 11.3983 ], [ 92.5558, 11.39 ], [ 92.5515, 11.3926 ] ] ], [ [ [ 92.5508, 11.3959 ], [ 92.5447, 11.3899 ], [ 92.5404, 11.3967 ], [ 92.55, 11.3986 ], [ 92.5508, 11.3959 ] ] ], [ [ [ 92.6528, 11.4074 ], [ 92.6627, 11.3954 ], [ 92.6748, 11.3998 ], [ 92.6923, 11.3873 ], [ 92.6907, 11.3745 ], [ 92.6637, 11.3528 ], [ 92.5977, 11.345 ], [ 92.5796, 11.3674 ], [ 92.5912, 11.3792 ], [ 92.5857, 11.4 ], [ 92.6218, 11.4045 ], [ 92.6107, 11.4723 ], [ 92.6366, 11.514 ], [ 92.6444, 11.5 ], [ 92.6743, 11.4904 ], [ 92.6846, 11.4361 ], [ 92.671, 11.4155 ], [ 92.6502, 11.4094 ], [ 92.6363, 11.4169 ], [ 92.6337, 11.4037 ], [ 92.6411, 11.4096 ], [ 92.6438, 11.3942 ], [ 92.6528, 11.4074 ] ] ], [ [ [ 92.615, 11.5111 ], [ 92.6122, 11.5054 ], [ 92.6031, 11.5031 ], [ 92.615, 11.5111 ] ] ], [ [ [ 92.6434, 11.5134 ], [ 92.6432, 11.5141 ], [ 92.6447, 11.5144 ], [ 92.6434, 11.5134 ] ] ], [ [ [ 92.5608, 11.5138 ], [ 92.5605, 11.5141 ], [ 92.5609, 11.5144 ], [ 92.5608, 11.5138 ] ] ], [ [ [ 92.2547, 11.5141 ], [ 92.2554, 11.5151 ], [ 92.2583, 11.5142 ], [ 92.2547, 11.5141 ] ] ], [ [ [ 92.239, 11.5159 ], [ 92.2403, 11.5162 ], [ 92.2392, 11.5154 ], [ 92.239, 11.5159 ] ] ], [ [ [ 92.2396, 11.5178 ], [ 92.24, 11.5174 ], [ 92.2393, 11.5172 ], [ 92.2396, 11.5178 ] ] ], [ [ [ 92.2697, 11.5156 ], [ 92.2665, 11.5166 ], [ 92.2703, 11.5201 ], [ 92.2697, 11.5156 ] ] ], [ [ [ 92.6059, 11.5188 ], [ 92.5964, 11.5301 ], [ 92.6054, 11.5327 ], [ 92.6059, 11.5188 ] ] ], [ [ [ 92.6158, 11.5277 ], [ 92.6153, 11.5285 ], [ 92.6163, 11.528 ], [ 92.6158, 11.5277 ] ] ], [ [ [ 92.5512, 11.5289 ], [ 92.5522, 11.5404 ], [ 92.5685, 11.5297 ], [ 92.565, 11.5165 ], [ 92.5512, 11.5289 ] ] ], [ [ [ 92.5866, 11.5308 ], [ 92.5882, 11.5305 ], [ 92.5867, 11.5304 ], [ 92.5866, 11.5308 ] ] ], [ [ [ 92.5895, 11.5308 ], [ 92.5896, 11.5316 ], [ 92.5923, 11.5301 ], [ 92.5895, 11.5308 ] ] ], [ [ [ 92.6148, 11.5318 ], [ 92.615, 11.532 ], [ 92.6159, 11.5315 ], [ 92.6148, 11.5318 ] ] ], [ [ [ 92.6305, 11.5329 ], [ 92.6307, 11.5336 ], [ 92.6308, 11.5336 ], [ 92.6305, 11.5329 ] ] ], [ [ [ 92.5827, 11.5343 ], [ 92.5821, 11.5396 ], [ 92.5852, 11.5403 ], [ 92.5827, 11.5343 ] ] ], [ [ [ 92.5549, 11.5393 ], [ 92.5546, 11.5395 ], [ 92.5555, 11.54 ], [ 92.5549, 11.5393 ] ] ], [ [ [ 92.6272, 11.5422 ], [ 92.6258, 11.5437 ], [ 92.6285, 11.5478 ], [ 92.6272, 11.5422 ] ] ], [ [ [ 92.6084, 11.5537 ], [ 92.6111, 11.5611 ], [ 92.6194, 11.5522 ], [ 92.6164, 11.536 ], [ 92.6096, 11.5314 ], [ 92.6013, 11.5547 ], [ 92.6084, 11.5537 ] ] ], [ [ [ 92.2104, 11.5308 ], [ 92.2028, 11.5874 ], [ 92.2693, 11.5852 ], [ 92.2667, 11.5617 ], [ 92.273, 11.5353 ], [ 92.2601, 11.5172 ], [ 92.2104, 11.5308 ] ] ], [ [ [ 92.5437, 11.5539 ], [ 92.5408, 11.5537 ], [ 92.5415, 11.5558 ], [ 92.5437, 11.5539 ] ] ], [ [ [ 92.595, 11.5334 ], [ 92.5878, 11.5326 ], [ 92.5915, 11.578 ], [ 92.595, 11.5334 ] ] ], [ [ [ 92.5384, 11.5551 ], [ 92.5399, 11.5585 ], [ 92.5413, 11.5565 ], [ 92.5394, 11.5543 ], [ 92.5384, 11.5551 ] ] ], [ [ [ 92.6311, 11.5561 ], [ 92.6309, 11.5563 ], [ 92.6318, 11.5574 ], [ 92.6311, 11.5561 ] ] ], [ [ [ 92.5622, 11.5573 ], [ 92.5621, 11.5573 ], [ 92.5621, 11.5577 ], [ 92.5622, 11.5573 ] ] ], [ [ [ 92.5667, 11.5592 ], [ 92.5667, 11.5598 ], [ 92.5674, 11.5594 ], [ 92.5667, 11.5592 ] ] ], [ [ [ 92.608, 11.5558 ], [ 92.6063, 11.5588 ], [ 92.6065, 11.5632 ], [ 92.608, 11.5558 ] ] ], [ [ [ 92.5706, 11.5598 ], [ 92.5701, 11.5595 ], [ 92.57, 11.5598 ], [ 92.5706, 11.5598 ] ] ], [ [ [ 92.5735, 11.5592 ], [ 92.5734, 11.5594 ], [ 92.5743, 11.5602 ], [ 92.5735, 11.5592 ] ] ], [ [ [ 92.5629, 11.5596 ], [ 92.5627, 11.5598 ], [ 92.5631, 11.5598 ], [ 92.5629, 11.5596 ] ] ], [ [ [ 92.5764, 11.5711 ], [ 92.5741, 11.562 ], [ 92.5727, 11.5667 ], [ 92.5764, 11.5711 ] ] ], [ [ [ 92.5649, 11.5671 ], [ 92.5636, 11.5681 ], [ 92.5669, 11.5701 ], [ 92.5649, 11.5671 ] ] ], [ [ [ 92.5297, 11.5711 ], [ 92.5302, 11.5707 ], [ 92.5291, 11.5689 ], [ 92.5297, 11.5711 ] ] ], [ [ [ 92.2691, 11.5729 ], [ 92.2684, 11.5712 ], [ 92.2684, 11.5728 ], [ 92.2691, 11.5729 ] ] ], [ [ [ 92.5698, 11.5726 ], [ 92.5688, 11.5726 ], [ 92.5688, 11.573 ], [ 92.5698, 11.5726 ] ] ], [ [ [ 92.6011, 11.5859 ], [ 92.6176, 11.5782 ], [ 92.614, 11.5631 ], [ 92.6, 11.5676 ], [ 92.6011, 11.5859 ] ] ], [ [ [ 92.57, 11.5779 ], [ 92.5695, 11.5781 ], [ 92.5702, 11.5784 ], [ 92.57, 11.5779 ] ] ], [ [ [ 92.5261, 11.5801 ], [ 92.5298, 11.5774 ], [ 92.5284, 11.5765 ], [ 92.5261, 11.5801 ] ] ], [ [ [ 92.569, 11.5794 ], [ 92.5682, 11.5794 ], [ 92.569, 11.5796 ], [ 92.569, 11.5794 ] ] ], [ [ [ 92.5617, 11.5963 ], [ 92.5716, 11.5878 ], [ 92.5541, 11.558 ], [ 92.5401, 11.5623 ], [ 92.5268, 11.5537 ], [ 92.5344, 11.5661 ], [ 92.528, 11.5963 ], [ 92.5428, 11.6063 ], [ 92.5439, 11.5914 ], [ 92.5617, 11.5963 ] ] ], [ [ [ 92.5774, 11.5876 ], [ 92.5775, 11.5824 ], [ 92.5762, 11.5863 ], [ 92.5774, 11.5876 ] ] ], [ [ [ 92.5995, 11.5864 ], [ 92.5991, 11.5876 ], [ 92.5993, 11.5876 ], [ 92.5995, 11.5864 ] ] ], [ [ [ 92.2661, 11.5888 ], [ 92.2654, 11.5886 ], [ 92.2648, 11.5899 ], [ 92.2661, 11.5888 ] ] ], [ [ [ 92.5927, 11.5904 ], [ 92.5945, 11.5891 ], [ 92.5923, 11.5897 ], [ 92.5927, 11.5904 ] ] ], [ [ [ 92.5522, 11.5938 ], [ 92.5512, 11.5951 ], [ 92.5527, 11.5944 ], [ 92.5522, 11.5938 ] ] ], [ [ [ 92.2283, 11.5938 ], [ 92.2282, 11.595 ], [ 92.2295, 11.5945 ], [ 92.2283, 11.5938 ] ] ], [ [ [ 92.6862, 11.6297 ], [ 92.6862, 11.6309 ], [ 92.6872, 11.6304 ], [ 92.6862, 11.6297 ] ] ], [ [ [ 92.6864, 11.6405 ], [ 92.6887, 11.6354 ], [ 92.6853, 11.6359 ], [ 92.6864, 11.6405 ] ] ], [ [ [ 92.6999, 11.6592 ], [ 92.6922, 11.6607 ], [ 92.6969, 11.664 ], [ 92.6999, 11.6592 ] ] ], [ [ [ 92.587, 11.7013 ], [ 92.5868, 11.7001 ], [ 92.5858, 11.7007 ], [ 92.587, 11.7013 ] ] ], [ [ [ 92.5849, 11.7039 ], [ 92.5849, 11.7048 ], [ 92.5853, 11.7043 ], [ 92.5849, 11.7039 ] ] ], [ [ [ 92.583, 11.7083 ], [ 92.5829, 11.7077 ], [ 92.5827, 11.7078 ], [ 92.583, 11.7083 ] ] ], [ [ [ 92.751, 12.1806 ], [ 92.7566, 12.1632 ], [ 92.7254, 12.0959 ], [ 92.7361, 12.0788 ], [ 92.7324, 12.0723 ], [ 92.7295, 12.0753 ], [ 92.7282, 12.0754 ], [ 92.7241, 12.0729 ], [ 92.7228, 12.0644 ], [ 92.7251, 12.0734 ], [ 92.7329, 12.0684 ], [ 92.7369, 12.0781 ], [ 92.7336, 12.0653 ], [ 92.7378, 12.0565 ], [ 92.7332, 12.0614 ], [ 92.7275, 12.0595 ], [ 92.7253, 12.0574 ], [ 92.7251, 12.0497 ], [ 92.7206, 12.0525 ], [ 92.7181, 12.0494 ], [ 92.7138, 12.0528 ], [ 92.7124, 12.0515 ], [ 92.7134, 12.049 ], [ 92.711, 12.0507 ], [ 92.7098, 12.0498 ], [ 92.7093, 12.0464 ], [ 92.7071, 12.0471 ], [ 92.7007, 12.0407 ], [ 92.6987, 12.0425 ], [ 92.6973, 12.0407 ], [ 92.6966, 12.0425 ], [ 92.6968, 12.0402 ], [ 92.7007, 12.0401 ], [ 92.7132, 12.0479 ], [ 92.715, 12.0517 ], [ 92.7096, 12.0339 ], [ 92.7094, 12.032 ], [ 92.7104, 12.031 ], [ 92.7161, 12.0498 ], [ 92.7196, 12.0485 ], [ 92.7211, 12.0516 ], [ 92.7254, 12.0488 ], [ 92.7273, 12.0543 ], [ 92.7281, 12.0355 ], [ 92.74, 12.0286 ], [ 92.7386, 12.0243 ], [ 92.726, 12.0254 ], [ 92.7249, 12.0246 ], [ 92.7251, 12.0233 ], [ 92.7383, 12.0107 ], [ 92.7493, 12.0191 ], [ 92.7515, 12.0032 ], [ 92.7662, 12.0121 ], [ 92.7705, 11.9986 ], [ 92.7639, 11.9866 ], [ 92.7599, 11.9946 ], [ 92.7439, 11.9997 ], [ 92.7436, 11.9943 ], [ 92.7412, 11.9972 ], [ 92.7402, 11.9977 ], [ 92.7305, 11.9997 ], [ 92.7219, 11.9931 ], [ 92.7316, 11.9711 ], [ 92.7152, 11.9671 ], [ 92.7105, 11.9331 ], [ 92.7128, 11.9342 ], [ 92.711, 11.9257 ], [ 92.7141, 11.9219 ], [ 92.723, 11.9314 ], [ 92.7251, 11.8973 ], [ 92.7182, 11.8921 ], [ 92.7133, 11.8979 ], [ 92.7116, 11.8982 ], [ 92.7099, 11.8965 ], [ 92.7072, 11.9009 ], [ 92.7039, 11.9008 ], [ 92.7137, 11.8891 ], [ 92.7242, 11.8912 ], [ 92.7222, 11.8789 ], [ 92.7098, 11.8728 ], [ 92.7064, 11.8644 ], [ 92.7225, 11.8771 ], [ 92.7253, 11.8625 ], [ 92.7097, 11.8204 ], [ 92.6928, 11.8173 ], [ 92.6972, 11.821 ], [ 92.7008, 11.8287 ], [ 92.6978, 11.83 ], [ 92.6916, 11.8177 ], [ 92.6952, 11.8129 ], [ 92.6744, 11.8214 ], [ 92.6727, 11.8203 ], [ 92.6694, 11.8214 ], [ 92.6646, 11.8197 ], [ 92.667, 11.8231 ], [ 92.6628, 11.8226 ], [ 92.6607, 11.8288 ], [ 92.6546, 11.8336 ], [ 92.664, 11.8194 ], [ 92.6919, 11.8137 ], [ 92.6807, 11.8039 ], [ 92.6775, 11.792 ], [ 92.6745, 11.7986 ], [ 92.67, 11.798 ], [ 92.6745, 11.798 ], [ 92.676, 11.7919 ], [ 92.6778, 11.7919 ], [ 92.6724, 11.7828 ], [ 92.6777, 11.7776 ], [ 92.6822, 11.8025 ], [ 92.6975, 11.8125 ], [ 92.7058, 11.7927 ], [ 92.6996, 11.8096 ], [ 92.7122, 11.8124 ], [ 92.7297, 11.8548 ], [ 92.7313, 11.9047 ], [ 92.75, 11.9366 ], [ 92.783, 11.9369 ], [ 92.7791, 11.8916 ], [ 92.79, 11.8855 ], [ 92.7545, 11.7006 ], [ 92.7434, 11.7115 ], [ 92.7447, 11.6904 ], [ 92.7165, 11.7054 ], [ 92.7109, 11.6932 ], [ 92.6965, 11.7189 ], [ 92.69, 11.6977 ], [ 92.689, 11.7073 ], [ 92.6852, 11.7092 ], [ 92.6853, 11.7127 ], [ 92.6822, 11.7141 ], [ 92.6863, 11.6922 ], [ 92.7057, 11.7001 ], [ 92.7077, 11.6705 ], [ 92.6916, 11.6681 ], [ 92.6826, 11.6507 ], [ 92.6667, 11.6548 ], [ 92.6601, 11.6522 ], [ 92.6737, 11.624 ], [ 92.6811, 11.6381 ], [ 92.6841, 11.6261 ], [ 92.6866, 11.6282 ], [ 92.6875, 11.626 ], [ 92.6912, 11.6225 ], [ 92.6885, 11.6242 ], [ 92.6872, 11.6233 ], [ 92.6884, 11.6181 ], [ 92.6849, 11.6202 ], [ 92.6834, 11.6203 ], [ 92.6817, 11.6193 ], [ 92.672, 11.6092 ], [ 92.6729, 11.6074 ], [ 92.6888, 11.6174 ], [ 92.6922, 11.6227 ], [ 92.6878, 11.6274 ], [ 92.6906, 11.6274 ], [ 92.6949, 11.6164 ], [ 92.6893, 11.6145 ], [ 92.6864, 11.603 ], [ 92.7016, 11.6177 ], [ 92.6941, 11.6529 ], [ 92.7101, 11.6433 ], [ 92.7092, 11.6524 ], [ 92.7282, 11.6582 ], [ 92.7144, 11.6784 ], [ 92.7472, 11.6767 ], [ 92.756, 11.665 ], [ 92.7548, 11.6464 ], [ 92.739, 11.6415 ], [ 92.7377, 11.6387 ], [ 92.7483, 11.64 ], [ 92.7543, 11.6142 ], [ 92.7102, 11.4774 ], [ 92.6969, 11.5058 ], [ 92.6838, 11.5113 ], [ 92.6675, 11.5018 ], [ 92.6452, 11.5225 ], [ 92.6463, 11.5724 ], [ 92.6324, 11.5808 ], [ 92.6165, 11.5634 ], [ 92.6188, 11.5826 ], [ 92.6018, 11.6086 ], [ 92.627, 11.6264 ], [ 92.6349, 11.6155 ], [ 92.6447, 11.6353 ], [ 92.6341, 11.6331 ], [ 92.6304, 11.6519 ], [ 92.6304, 11.6283 ], [ 92.6081, 11.6324 ], [ 92.5977, 11.6491 ], [ 92.5897, 11.7079 ], [ 92.6038, 11.707 ], [ 92.5867, 11.7167 ], [ 92.5913, 11.7383 ], [ 92.5849, 11.7134 ], [ 92.5743, 11.7155 ], [ 92.571, 11.6968 ], [ 92.5581, 11.6923 ], [ 92.5498, 11.7375 ], [ 92.5587, 11.7727 ], [ 92.5496, 11.8022 ], [ 92.5407, 11.7855 ], [ 92.5294, 11.795 ], [ 92.5428, 11.8013 ], [ 92.5496, 11.8097 ], [ 92.5317, 11.8059 ], [ 92.5467, 11.8294 ], [ 92.5469, 11.8362 ], [ 92.545, 11.8433 ], [ 92.5238, 11.8074 ], [ 92.5057, 11.8245 ], [ 92.5201, 11.8397 ], [ 92.5075, 11.8415 ], [ 92.5082, 11.8563 ], [ 92.5204, 11.8562 ], [ 92.514, 11.8724 ], [ 92.5276, 11.8725 ], [ 92.5202, 11.8986 ], [ 92.5385, 11.9035 ], [ 92.5403, 11.931 ], [ 92.5495, 11.9279 ], [ 92.5614, 11.9468 ], [ 92.5678, 11.941 ], [ 92.5641, 11.9508 ], [ 92.5692, 11.9505 ], [ 92.5718, 11.9289 ], [ 92.5805, 11.9314 ], [ 92.5829, 11.877 ], [ 92.5939, 11.9019 ], [ 92.6005, 11.8982 ], [ 92.5989, 11.8672 ], [ 92.6048, 11.8529 ], [ 92.6103, 11.8473 ], [ 92.5996, 11.8673 ], [ 92.6063, 11.9135 ], [ 92.6198, 11.9218 ], [ 92.6204, 11.9311 ], [ 92.6166, 11.9213 ], [ 92.608, 11.9206 ], [ 92.6087, 11.9219 ], [ 92.609, 11.9239 ], [ 92.6132, 11.924 ], [ 92.614, 11.925 ], [ 92.6162, 11.9288 ], [ 92.6164, 11.9294 ], [ 92.615, 11.9331 ], [ 92.6159, 11.933 ], [ 92.6162, 11.934 ], [ 92.6153, 11.9376 ], [ 92.5987, 11.9045 ], [ 92.5926, 11.9185 ], [ 92.6076, 11.9298 ], [ 92.6118, 11.9999 ], [ 92.6282, 12.043 ], [ 92.622, 12.1014 ], [ 92.6641, 12.2218 ], [ 92.6553, 12.1801 ], [ 92.6742, 12.2178 ], [ 92.6752, 12.1869 ], [ 92.6812, 12.1918 ], [ 92.6877, 12.235 ], [ 92.7011, 12.2332 ], [ 92.7119, 12.1897 ], [ 92.7036, 12.191 ], [ 92.701, 12.1869 ], [ 92.709, 12.1887 ], [ 92.7026, 12.1631 ], [ 92.7122, 12.1755 ], [ 92.7063, 12.1583 ], [ 92.7088, 12.1483 ], [ 92.7194, 12.1797 ], [ 92.7475, 12.1773 ], [ 92.751, 12.1806 ] ], [ [ 92.7283, 11.6035 ], [ 92.7146, 11.5829 ], [ 92.7296, 11.5665 ], [ 92.7398, 11.5914 ], [ 92.7283, 11.6035 ] ] ], [ [ [ 92.6033, 11.929 ], [ 92.6033, 11.9319 ], [ 92.6048, 11.9353 ], [ 92.6033, 11.929 ] ] ], [ [ [ 92.6022, 11.9765 ], [ 92.6019, 11.9641 ], [ 92.6081, 11.9401 ], [ 92.6048, 11.9353 ], [ 92.5975, 11.925 ], [ 92.5863, 11.9753 ], [ 92.6022, 11.9765 ] ] ], [ [ [ 92.6046, 11.9666 ], [ 92.6075, 11.9663 ], [ 92.6065, 11.9595 ], [ 92.6046, 11.9666 ] ] ], [ [ [ 92.5813, 11.9827 ], [ 92.583, 11.9825 ], [ 92.5798, 11.9773 ], [ 92.5813, 11.9827 ] ] ], [ [ [ 92.6001, 11.9825 ], [ 92.6004, 11.9823 ], [ 92.5999, 11.982 ], [ 92.6001, 11.9825 ] ] ], [ [ [ 92.6966, 12.2502 ], [ 92.6982, 12.2435 ], [ 92.6954, 12.2488 ], [ 92.6966, 12.2502 ] ] ], [ [ [ 92.6618, 12.5329 ], [ 92.6848, 12.5542 ], [ 92.6842, 12.5169 ], [ 92.6781, 12.5056 ], [ 92.6618, 12.5329 ] ] ], [ [ [ 92.6544, 12.7695 ], [ 92.6535, 12.7714 ], [ 92.6563, 12.774 ], [ 92.6544, 12.7695 ] ] ], [ [ [ 92.7031, 12.8782 ], [ 92.702, 12.8779 ], [ 92.7016, 12.8773 ], [ 92.7041, 12.877 ], [ 92.7088, 12.8833 ], [ 92.7187, 12.8748 ], [ 92.6996, 12.8402 ], [ 92.6711, 12.8376 ], [ 92.6881, 12.817 ], [ 92.6673, 12.7826 ], [ 92.6469, 12.862 ], [ 92.679, 12.9422 ], [ 92.6795, 12.9485 ], [ 92.6681, 12.9572 ], [ 92.6697, 12.9661 ], [ 92.6876, 12.9902 ], [ 92.7193, 12.981 ], [ 92.7098, 12.946 ], [ 92.7215, 12.9446 ], [ 92.7207, 12.8896 ], [ 92.7182, 12.8813 ], [ 92.7073, 12.8839 ], [ 92.7059, 12.883 ], [ 92.7038, 12.88 ], [ 92.704, 12.8772 ], [ 92.7031, 12.8782 ] ] ], [ [ [ 92.6722, 12.9328 ], [ 92.672, 12.9329 ], [ 92.6726, 12.9335 ], [ 92.6722, 12.9328 ] ] ], [ [ [ 92.673, 12.9329 ], [ 92.6732, 12.9334 ], [ 92.6733, 12.9329 ], [ 92.673, 12.9329 ] ] ], [ [ [ 92.6773, 12.9465 ], [ 92.6768, 12.9465 ], [ 92.6776, 12.9472 ], [ 92.6773, 12.9465 ] ] ], [ [ [ 92.6701, 12.9478 ], [ 92.6696, 12.9498 ], [ 92.672, 12.9484 ], [ 92.6701, 12.9478 ] ] ], [ [ [ 92.6722, 12.9489 ], [ 92.6754, 12.9495 ], [ 92.6728, 12.9484 ], [ 92.6722, 12.9489 ] ] ], [ [ [ 92.6663, 12.9502 ], [ 92.6664, 12.9512 ], [ 92.6684, 12.9495 ], [ 92.6663, 12.9502 ] ] ], [ [ [ 92.6689, 12.9505 ], [ 92.6704, 12.9524 ], [ 92.6709, 12.9517 ], [ 92.6689, 12.9505 ] ] ], [ [ [ 92.667, 12.952 ], [ 92.6677, 12.9522 ], [ 92.667, 12.9518 ], [ 92.667, 12.952 ] ] ], [ [ [ 92.67, 12.9529 ], [ 92.6694, 12.9522 ], [ 92.6695, 12.9532 ], [ 92.67, 12.9529 ] ] ], [ [ [ 92.6687, 12.956 ], [ 92.6693, 12.9537 ], [ 92.6667, 12.9536 ], [ 92.6687, 12.956 ] ] ], [ [ [ 92.7991, 9.1206 ], [ 92.7273, 9.1249 ], [ 92.7144, 9.1544 ], [ 92.7197, 9.2185 ], [ 92.7637, 9.2158 ], [ 92.7714, 9.2588 ], [ 92.8177, 9.212 ], [ 92.8271, 9.1384 ], [ 92.7991, 9.1206 ] ] ], [ [ [ 92.722, 11.1407 ], [ 92.7242, 11.1483 ], [ 92.7304, 11.1418 ], [ 92.722, 11.1407 ] ] ], [ [ [ 92.7223, 11.3167 ], [ 92.7068, 11.2996 ], [ 92.6957, 11.3102 ], [ 92.7109, 11.3132 ], [ 92.721, 11.3335 ], [ 92.7223, 11.3167 ] ] ], [ [ [ 92.7548, 11.6372 ], [ 92.7553, 11.6367 ], [ 92.7547, 11.6364 ], [ 92.7548, 11.6372 ] ] ], [ [ [ 92.7543, 11.6385 ], [ 92.7546, 11.6376 ], [ 92.7531, 11.6378 ], [ 92.7543, 11.6385 ] ] ], [ [ [ 92.7649, 11.6821 ], [ 92.7604, 11.6687 ], [ 92.7581, 11.6782 ], [ 92.7649, 11.6821 ] ] ], [ [ [ 92.7216, 11.6872 ], [ 92.7213, 11.6886 ], [ 92.725, 11.688 ], [ 92.7216, 11.6872 ] ] ], [ [ [ 92.7219, 11.9513 ], [ 92.7218, 11.9523 ], [ 92.7245, 11.9533 ], [ 92.7219, 11.9513 ] ] ], [ [ [ 92.7322, 11.9599 ], [ 92.7279, 11.9493 ], [ 92.7231, 11.9468 ], [ 92.7322, 11.9599 ] ] ], [ [ [ 92.7352, 11.9514 ], [ 92.7484, 11.969 ], [ 92.767, 11.965 ], [ 92.7582, 11.9447 ], [ 92.7352, 11.9514 ] ] ], [ [ [ 92.7404, 11.9652 ], [ 92.742, 11.9674 ], [ 92.7434, 11.9658 ], [ 92.7404, 11.9652 ] ] ], [ [ [ 92.7341, 11.977 ], [ 92.7419, 11.9918 ], [ 92.757, 11.9929 ], [ 92.7606, 11.983 ], [ 92.7341, 11.977 ] ] ], [ [ [ 92.7741, 12.012 ], [ 92.7699, 12.0126 ], [ 92.7764, 12.0162 ], [ 92.7741, 12.012 ] ] ], [ [ [ 92.7444, 12.0562 ], [ 92.7484, 12.0544 ], [ 92.7822, 12.0485 ], [ 92.7777, 12.0241 ], [ 92.7606, 12.0193 ], [ 92.7406, 12.0415 ], [ 92.7392, 12.033 ], [ 92.7293, 12.0369 ], [ 92.7272, 12.0586 ], [ 92.7369, 12.0539 ], [ 92.7391, 12.0565 ], [ 92.7363, 12.066 ], [ 92.7444, 12.0562 ] ] ], [ [ [ 92.7368, 12.0665 ], [ 92.7408, 12.0735 ], [ 92.7567, 12.0642 ], [ 92.7472, 12.0553 ], [ 92.7368, 12.0665 ] ] ], [ [ [ 92.7873, 12.0778 ], [ 92.7864, 12.0749 ], [ 92.7842, 12.073 ], [ 92.7873, 12.0778 ] ] ], [ [ [ 92.7993, 12.0753 ], [ 92.7986, 12.0752 ], [ 92.7985, 12.0766 ], [ 92.7993, 12.0753 ] ] ], [ [ [ 92.792, 12.0789 ], [ 92.792, 12.0787 ], [ 92.7919, 12.0789 ], [ 92.792, 12.0789 ] ] ], [ [ [ 92.7917, 12.0787 ], [ 92.7916, 12.0791 ], [ 92.7918, 12.0789 ], [ 92.7917, 12.0787 ] ] ], [ [ [ 92.7993, 12.0902 ], [ 92.8, 12.0897 ], [ 92.799, 12.0892 ], [ 92.7993, 12.0902 ] ] ], [ [ [ 92.739, 12.1104 ], [ 92.7387, 12.1109 ], [ 92.7408, 12.1117 ], [ 92.739, 12.1104 ] ] ], [ [ [ 92.7566, 12.149 ], [ 92.754, 12.1427 ], [ 92.7545, 12.1477 ], [ 92.7566, 12.149 ] ] ], [ [ [ 92.7586, 12.1712 ], [ 92.7596, 12.1726 ], [ 92.7601, 12.1711 ], [ 92.7586, 12.1712 ] ] ], [ [ [ 92.7587, 12.1738 ], [ 92.7555, 12.1809 ], [ 92.7615, 12.1744 ], [ 92.7587, 12.1738 ] ] ], [ [ [ 92.73, 12.189 ], [ 92.729, 12.1844 ], [ 92.7287, 12.1891 ], [ 92.73, 12.189 ] ] ], [ [ [ 92.7389, 12.2362 ], [ 92.7441, 12.2279 ], [ 92.7619, 12.2295 ], [ 92.763, 12.1818 ], [ 92.7326, 12.1845 ], [ 92.7285, 12.1977 ], [ 92.7225, 12.1883 ], [ 92.7293, 12.2426 ], [ 92.7424, 12.2048 ], [ 92.7389, 12.2362 ] ] ], [ [ [ 92.7234, 12.254 ], [ 92.7211, 12.2554 ], [ 92.724, 12.2561 ], [ 92.7234, 12.254 ] ] ], [ [ [ 92.7168, 12.2562 ], [ 92.7162, 12.2569 ], [ 92.7168, 12.259 ], [ 92.7168, 12.2562 ] ] ], [ [ [ 92.6987, 12.2747 ], [ 92.7036, 12.2997 ], [ 92.7231, 12.2909 ], [ 92.7099, 12.2297 ], [ 92.6987, 12.2747 ] ] ], [ [ [ 92.7347, 12.2481 ], [ 92.7388, 12.2824 ], [ 92.7494, 12.2872 ], [ 92.7417, 12.2555 ], [ 92.7347, 12.2481 ] ] ], [ [ [ 92.7673, 12.285 ], [ 92.7643, 12.2661 ], [ 92.7522, 12.2779 ], [ 92.7622, 12.2941 ], [ 92.7673, 12.285 ] ] ], [ [ [ 92.7366, 12.2928 ], [ 92.7349, 12.2813 ], [ 92.7348, 12.2896 ], [ 92.7366, 12.2928 ] ] ], [ [ [ 92.7505, 12.291 ], [ 92.7513, 12.2917 ], [ 92.7514, 12.291 ], [ 92.7505, 12.291 ] ] ], [ [ [ 92.7699, 12.2951 ], [ 92.7684, 12.2886 ], [ 92.7661, 12.29 ], [ 92.7699, 12.2951 ] ] ], [ [ [ 92.7532, 12.2941 ], [ 92.7515, 12.2926 ], [ 92.7523, 12.2943 ], [ 92.7532, 12.2941 ] ] ], [ [ [ 92.7646, 12.2995 ], [ 92.7649, 12.2995 ], [ 92.7644, 12.2967 ], [ 92.7646, 12.2995 ] ] ], [ [ [ 92.6992, 12.6371 ], [ 92.7, 12.6382 ], [ 92.7019, 12.6361 ], [ 92.6992, 12.6371 ] ] ], [ [ [ 92.702, 12.6413 ], [ 92.7022, 12.6381 ], [ 92.6989, 12.639 ], [ 92.702, 12.6413 ] ] ], [ [ [ 92.7003, 12.6403 ], [ 92.7002, 12.6407 ], [ 92.7009, 12.6411 ], [ 92.7003, 12.6403 ] ] ], [ [ [ 92.7009, 12.6418 ], [ 92.7024, 12.6437 ], [ 92.7028, 12.6412 ], [ 92.7009, 12.6418 ] ] ], [ [ [ 92.7806, 12.6461 ], [ 92.7794, 12.6486 ], [ 92.781, 12.6558 ], [ 92.7806, 12.6461 ] ] ], [ [ [ 92.7249, 12.6527 ], [ 92.724, 12.655 ], [ 92.727, 12.6546 ], [ 92.7249, 12.6527 ] ] ], [ [ [ 92.7301, 12.6531 ], [ 92.7281, 12.6535 ], [ 92.7264, 12.6555 ], [ 92.7292, 12.6534 ], [ 92.7301, 12.6531 ] ] ], [ [ [ 92.782, 12.6882 ], [ 92.7733, 12.6735 ], [ 92.7808, 12.6876 ], [ 92.782, 12.6882 ] ] ], [ [ [ 92.7142, 12.6885 ], [ 92.7133, 12.6895 ], [ 92.7149, 12.6893 ], [ 92.7142, 12.6885 ] ] ], [ [ [ 92.7225, 12.6919 ], [ 92.7221, 12.6924 ], [ 92.7227, 12.6926 ], [ 92.7225, 12.6919 ] ] ], [ [ [ 92.7304, 12.7058 ], [ 92.7321, 12.7034 ], [ 92.7294, 12.7026 ], [ 92.7304, 12.7058 ] ] ], [ [ [ 92.7807, 12.7172 ], [ 92.7825, 12.7187 ], [ 92.781, 12.7115 ], [ 92.777, 12.7179 ], [ 92.7807, 12.7172 ] ] ], [ [ [ 92.7807, 12.7182 ], [ 92.7811, 12.719 ], [ 92.7814, 12.718 ], [ 92.7807, 12.7182 ] ] ], [ [ [ 92.729, 12.7303 ], [ 92.7271, 12.7266 ], [ 92.722, 12.7376 ], [ 92.729, 12.7303 ] ] ], [ [ [ 92.7375, 12.7341 ], [ 92.7385, 12.7329 ], [ 92.7374, 12.7331 ], [ 92.7375, 12.7341 ] ] ], [ [ [ 92.7259, 12.7538 ], [ 92.7262, 12.7517 ], [ 92.7247, 12.7534 ], [ 92.7259, 12.7538 ] ] ], [ [ [ 92.6937, 12.7976 ], [ 92.7095, 12.8286 ], [ 92.7113, 12.7772 ], [ 92.7248, 12.7483 ], [ 92.7174, 12.7564 ], [ 92.7166, 12.7192 ], [ 92.6937, 12.7976 ] ] ], [ [ [ 92.7163, 12.7737 ], [ 92.716, 12.7745 ], [ 92.7176, 12.7743 ], [ 92.7163, 12.7737 ] ] ], [ [ [ 92.7166, 12.7882 ], [ 92.7193, 12.7845 ], [ 92.7238, 12.762 ], [ 92.7166, 12.7882 ] ] ], [ [ [ 92.7165, 12.7752 ], [ 92.7148, 12.7761 ], [ 92.7169, 12.7768 ], [ 92.7165, 12.7752 ] ] ], [ [ [ 92.7157, 12.7831 ], [ 92.7149, 12.7831 ], [ 92.7151, 12.7838 ], [ 92.7157, 12.7831 ] ] ], [ [ [ 92.7173, 12.7897 ], [ 92.7166, 12.7901 ], [ 92.7172, 12.7906 ], [ 92.7173, 12.7897 ] ] ], [ [ [ 92.7186, 12.791 ], [ 92.7166, 12.7953 ], [ 92.7191, 12.7913 ], [ 92.7186, 12.791 ] ] ], [ [ [ 92.7221, 12.7967 ], [ 92.7225, 12.7966 ], [ 92.7205, 12.7951 ], [ 92.7221, 12.7967 ] ] ], [ [ [ 92.7152, 12.7975 ], [ 92.7144, 12.7948 ], [ 92.7146, 12.7973 ], [ 92.7152, 12.7975 ] ] ], [ [ [ 92.7153, 12.8012 ], [ 92.7164, 12.7989 ], [ 92.7148, 12.8003 ], [ 92.7153, 12.8012 ] ] ], [ [ [ 92.7152, 12.8037 ], [ 92.7162, 12.8048 ], [ 92.7162, 12.8019 ], [ 92.7152, 12.8037 ] ] ], [ [ [ 92.7265, 12.8388 ], [ 92.724, 12.832 ], [ 92.7241, 12.8356 ], [ 92.7265, 12.8388 ] ] ], [ [ [ 92.7836, 12.8247 ], [ 92.77, 12.8635 ], [ 92.7851, 12.8326 ], [ 92.7836, 12.8247 ] ] ], [ [ [ 92.7135, 12.8556 ], [ 92.7287, 12.8635 ], [ 92.7179, 12.8358 ], [ 92.7116, 12.832 ], [ 92.7135, 12.8556 ] ] ], [ [ [ 92.7653, 12.8361 ], [ 92.7597, 12.8597 ], [ 92.7656, 12.8494 ], [ 92.7653, 12.8361 ] ] ], [ [ [ 92.731, 12.857 ], [ 92.7313, 12.8563 ], [ 92.7285, 12.8561 ], [ 92.731, 12.857 ] ] ], [ [ [ 92.7602, 12.8683 ], [ 92.765, 12.873 ], [ 92.7657, 12.8614 ], [ 92.7653, 12.8553 ], [ 92.7602, 12.8683 ] ] ], [ [ [ 92.7577, 12.876 ], [ 92.756, 12.8762 ], [ 92.7559, 12.8788 ], [ 92.7577, 12.876 ] ] ], [ [ [ 92.7881, 12.8831 ], [ 92.782, 12.8836 ], [ 92.7901, 12.8898 ], [ 92.7881, 12.8831 ] ] ], [ [ [ 92.748, 12.8946 ], [ 92.7548, 12.9115 ], [ 92.7562, 12.8972 ], [ 92.7527, 12.8896 ], [ 92.748, 12.8946 ] ] ], [ [ [ 92.7734, 12.9114 ], [ 92.791, 12.9173 ], [ 92.8005, 12.8977 ], [ 92.792, 12.8922 ], [ 92.7734, 12.9114 ] ] ], [ [ [ 92.7652, 12.9261 ], [ 92.7665, 12.922 ], [ 92.7612, 12.922 ], [ 92.7652, 12.9261 ] ] ], [ [ [ 92.7718, 12.9176 ], [ 92.7708, 12.9325 ], [ 92.7738, 12.9212 ], [ 92.7718, 12.9176 ] ] ], [ [ [ 92.7625, 12.9255 ], [ 92.7591, 12.9352 ], [ 92.7657, 12.9282 ], [ 92.7625, 12.9255 ] ] ], [ [ [ 92.7845, 13.0135 ], [ 92.7847, 13.0136 ], [ 92.7847, 13.0132 ], [ 92.7845, 13.0135 ] ] ], [ [ [ 92.7853, 13.0553 ], [ 92.7855, 13.0557 ], [ 92.7855, 13.0552 ], [ 92.7853, 13.0553 ] ] ], [ [ [ 92.7881, 13.0609 ], [ 92.7881, 13.0605 ], [ 92.7875, 13.0606 ], [ 92.7881, 13.0609 ] ] ], [ [ [ 92.795, 13.077 ], [ 92.7949, 13.0752 ], [ 92.7947, 13.0768 ], [ 92.795, 13.077 ] ] ], [ [ [ 92.6951, 13.0972 ], [ 92.7187, 13.0991 ], [ 92.706, 13.0709 ], [ 92.6996, 13.0703 ], [ 92.6951, 13.0972 ] ] ], [ [ [ 92.7274, 13.0899 ], [ 92.7271, 13.0913 ], [ 92.7316, 13.0955 ], [ 92.7274, 13.0899 ] ] ], [ [ [ 92.7929, 13.0934 ], [ 92.7936, 13.0929 ], [ 92.7927, 13.0927 ], [ 92.7929, 13.0934 ] ] ], [ [ [ 92.7928, 13.0941 ], [ 92.7932, 13.0941 ], [ 92.7933, 13.0939 ], [ 92.7928, 13.0941 ] ] ], [ [ [ 92.7964, 13.168 ], [ 92.7933, 13.1676 ], [ 92.7952, 13.1713 ], [ 92.7964, 13.168 ] ] ], [ [ [ 92.7921, 13.1717 ], [ 92.7926, 13.1712 ], [ 92.7915, 13.1713 ], [ 92.7921, 13.1717 ] ] ], [ [ [ 92.8512, 12.1415 ], [ 92.8515, 12.1416 ], [ 92.8515, 12.1413 ], [ 92.8512, 12.1415 ] ] ], [ [ [ 92.8515, 12.1418 ], [ 92.8519, 12.1421 ], [ 92.8517, 12.1416 ], [ 92.8515, 12.1418 ] ] ], [ [ [ 92.8653, 12.1831 ], [ 92.866, 12.1822 ], [ 92.8649, 12.1828 ], [ 92.8653, 12.1831 ] ] ], [ [ [ 92.8561, 12.2832 ], [ 92.8561, 12.2838 ], [ 92.8547, 12.2884 ], [ 92.8522, 12.2856 ], [ 92.849, 12.3021 ], [ 92.8722, 12.3017 ], [ 92.8715, 12.2954 ], [ 92.869, 12.2953 ], [ 92.866, 12.2932 ], [ 92.8634, 12.2868 ], [ 92.8665, 12.2932 ], [ 92.87, 12.2949 ], [ 92.8821, 12.2625 ], [ 92.8851, 12.2705 ], [ 92.8913, 12.2664 ], [ 92.8752, 12.2506 ], [ 92.8696, 12.251 ], [ 92.8681, 12.2573 ], [ 92.8642, 12.2583 ], [ 92.8657, 12.2611 ], [ 92.8637, 12.2614 ], [ 92.8646, 12.2625 ], [ 92.863, 12.2636 ], [ 92.8619, 12.2625 ], [ 92.862, 12.2636 ], [ 92.861, 12.2597 ], [ 92.869, 12.2517 ], [ 92.8648, 12.2523 ], [ 92.8584, 12.2491 ], [ 92.8579, 12.2445 ], [ 92.8715, 12.2255 ], [ 92.8645, 12.2088 ], [ 92.8829, 12.1977 ], [ 92.8746, 12.1923 ], [ 92.8532, 12.2043 ], [ 92.8276, 12.203 ], [ 92.8332, 12.2059 ], [ 92.8349, 12.2115 ], [ 92.8332, 12.2144 ], [ 92.8357, 12.2131 ], [ 92.8384, 12.213 ], [ 92.8399, 12.2121 ], [ 92.8405, 12.2123 ], [ 92.8406, 12.2194 ], [ 92.8174, 12.233 ], [ 92.8111, 12.2341 ], [ 92.807, 12.2323 ], [ 92.8059, 12.2311 ], [ 92.8051, 12.232 ], [ 92.8026, 12.2326 ], [ 92.8057, 12.2308 ], [ 92.817, 12.2325 ], [ 92.8405, 12.2191 ], [ 92.8403, 12.2124 ], [ 92.8335, 12.2148 ], [ 92.8328, 12.2145 ], [ 92.8268, 12.203 ], [ 92.8447, 12.2008 ], [ 92.84, 12.1853 ], [ 92.8541, 12.191 ], [ 92.8548, 12.1618 ], [ 92.8445, 12.1475 ], [ 92.8224, 12.1781 ], [ 92.8208, 12.1598 ], [ 92.8172, 12.1637 ], [ 92.8076, 12.1601 ], [ 92.8068, 12.1712 ], [ 92.8011, 12.1706 ], [ 92.8071, 12.1599 ], [ 92.8269, 12.1561 ], [ 92.8164, 12.1246 ], [ 92.8015, 12.132 ], [ 92.8181, 12.1132 ], [ 92.8089, 12.1029 ], [ 92.7995, 12.1141 ], [ 92.7836, 12.106 ], [ 92.8008, 12.0935 ], [ 92.7634, 12.0632 ], [ 92.7597, 12.0781 ], [ 92.752, 12.0744 ], [ 92.7546, 12.076 ], [ 92.7582, 12.0814 ], [ 92.7604, 12.0891 ], [ 92.7591, 12.0911 ], [ 92.7616, 12.0898 ], [ 92.7638, 12.0901 ], [ 92.7588, 12.0916 ], [ 92.7607, 12.0929 ], [ 92.7603, 12.0954 ], [ 92.7622, 12.0952 ], [ 92.7638, 12.0966 ], [ 92.7634, 12.0996 ], [ 92.7623, 12.1008 ], [ 92.7578, 12.0909 ], [ 92.7578, 12.0815 ], [ 92.7472, 12.0741 ], [ 92.7378, 12.0975 ], [ 92.7635, 12.1652 ], [ 92.7708, 12.2416 ], [ 92.75, 12.2324 ], [ 92.7411, 12.2454 ], [ 92.7494, 12.2741 ], [ 92.7632, 12.2625 ], [ 92.774, 12.2803 ], [ 92.778, 12.2725 ], [ 92.7789, 12.2833 ], [ 92.7843, 12.279 ], [ 92.7877, 12.2802 ], [ 92.7754, 12.3012 ], [ 92.7669, 12.2972 ], [ 92.7709, 12.3131 ], [ 92.795, 12.3036 ], [ 92.8135, 12.3114 ], [ 92.8321, 12.292 ], [ 92.847, 12.3037 ], [ 92.8508, 12.283 ], [ 92.8548, 12.2879 ], [ 92.8541, 12.2867 ], [ 92.8542, 12.2845 ], [ 92.856, 12.2835 ], [ 92.8538, 12.2812 ], [ 92.8547, 12.2813 ], [ 92.8561, 12.2832 ] ] ], [ [ [ 92.848, 12.1955 ], [ 92.8475, 12.1958 ], [ 92.848, 12.1968 ], [ 92.848, 12.1955 ] ] ], [ [ [ 92.8708, 12.2289 ], [ 92.8715, 12.2286 ], [ 92.8704, 12.2283 ], [ 92.8708, 12.2289 ] ] ], [ [ [ 92.8773, 12.249 ], [ 92.8791, 12.2383 ], [ 92.8846, 12.2386 ], [ 92.8843, 12.249 ], [ 92.901, 12.2616 ], [ 92.9008, 12.259 ], [ 92.8977, 12.2587 ], [ 92.8972, 12.2562 ], [ 92.9052, 12.252 ], [ 92.9045, 12.2476 ], [ 92.9137, 12.2322 ], [ 92.9135, 12.2211 ], [ 92.891, 12.2313 ], [ 92.8787, 12.209 ], [ 92.8697, 12.2448 ], [ 92.8773, 12.249 ] ] ], [ [ [ 92.881, 12.2392 ], [ 92.8813, 12.2415 ], [ 92.8818, 12.2393 ], [ 92.881, 12.2392 ] ] ], [ [ [ 92.8651, 12.236 ], [ 92.8609, 12.2461 ], [ 92.8661, 12.2366 ], [ 92.8651, 12.236 ] ] ], [ [ [ 92.9117, 12.2435 ], [ 92.9109, 12.245 ], [ 92.9122, 12.2451 ], [ 92.9117, 12.2435 ] ] ], [ [ [ 92.8808, 12.2489 ], [ 92.8804, 12.2458 ], [ 92.8795, 12.2459 ], [ 92.8808, 12.2489 ] ] ], [ [ [ 92.9115, 12.2472 ], [ 92.9106, 12.2475 ], [ 92.9116, 12.249 ], [ 92.9115, 12.2472 ] ] ], [ [ [ 92.9065, 12.2487 ], [ 92.9058, 12.249 ], [ 92.9079, 12.2494 ], [ 92.9065, 12.2487 ] ] ], [ [ [ 92.911, 12.2498 ], [ 92.9108, 12.2508 ], [ 92.9118, 12.25 ], [ 92.911, 12.2498 ] ] ], [ [ [ 92.9063, 12.2512 ], [ 92.9063, 12.2528 ], [ 92.9079, 12.2512 ], [ 92.9063, 12.2512 ] ] ], [ [ [ 92.9048, 12.2541 ], [ 92.9048, 12.2546 ], [ 92.9052, 12.2542 ], [ 92.9048, 12.2541 ] ] ], [ [ [ 92.9086, 12.2553 ], [ 92.9074, 12.2536 ], [ 92.9066, 12.2545 ], [ 92.9086, 12.2553 ] ] ], [ [ [ 92.9069, 12.2563 ], [ 92.9078, 12.2583 ], [ 92.9086, 12.2567 ], [ 92.9069, 12.2563 ] ] ], [ [ [ 92.8998, 12.2576 ], [ 92.8998, 12.2578 ], [ 92.9007, 12.2577 ], [ 92.8998, 12.2576 ] ] ], [ [ [ 92.9143, 12.2606 ], [ 92.9132, 12.2605 ], [ 92.9141, 12.262 ], [ 92.9143, 12.2606 ] ] ], [ [ [ 92.8881, 12.2807 ], [ 92.8892, 12.2773 ], [ 92.884, 12.2742 ], [ 92.8881, 12.2807 ] ] ], [ [ [ 92.8814, 12.2803 ], [ 92.8771, 12.2888 ], [ 92.8878, 12.2847 ], [ 92.8814, 12.2803 ] ] ], [ [ [ 92.8872, 12.2935 ], [ 92.8885, 12.2967 ], [ 92.8906, 12.2934 ], [ 92.8872, 12.2935 ] ] ], [ [ [ 92.8764, 12.2942 ], [ 92.8792, 12.3004 ], [ 92.8847, 12.297 ], [ 92.8764, 12.2942 ] ] ], [ [ [ 92.8611, 12.3237 ], [ 92.8572, 12.3283 ], [ 92.8581, 12.3295 ], [ 92.8584, 12.3298 ], [ 92.855, 12.3321 ], [ 92.8564, 12.3333 ], [ 92.8572, 12.3401 ], [ 92.8574, 12.3353 ], [ 92.8582, 12.3348 ], [ 92.8709, 12.3287 ], [ 92.8852, 12.332 ], [ 92.9001, 12.3235 ], [ 92.8562, 12.3146 ], [ 92.8561, 12.3179 ], [ 92.8588, 12.3181 ], [ 92.8606, 12.3191 ], [ 92.8618, 12.3211 ], [ 92.8604, 12.32 ], [ 92.8611, 12.3237 ] ] ], [ [ [ 92.9044, 12.3412 ], [ 92.9061, 12.3397 ], [ 92.9037, 12.3396 ], [ 92.9044, 12.3412 ] ] ], [ [ [ 92.9067, 12.3417 ], [ 92.9139, 12.3564 ], [ 92.9131, 12.3322 ], [ 92.9127, 12.3306 ], [ 92.9067, 12.3417 ] ] ], [ [ [ 92.8795, 12.3842 ], [ 92.8669, 12.3775 ], [ 92.8609, 12.392 ], [ 92.8439, 12.3953 ], [ 92.8536, 12.4092 ], [ 92.881, 12.3984 ], [ 92.894, 12.4073 ], [ 92.8823, 12.3737 ], [ 92.8795, 12.3842 ] ] ], [ [ [ 92.8946, 12.3962 ], [ 92.8971, 12.3968 ], [ 92.8966, 12.392 ], [ 92.8946, 12.3962 ] ] ], [ [ [ 92.8641, 12.4085 ], [ 92.8651, 12.4085 ], [ 92.8641, 12.4078 ], [ 92.8641, 12.4085 ] ] ], [ [ [ 92.8806, 12.4107 ], [ 92.8739, 12.4086 ], [ 92.8738, 12.4092 ], [ 92.8806, 12.4107 ] ] ], [ [ [ 92.8979, 12.4123 ], [ 92.8986, 12.4114 ], [ 92.8965, 12.4106 ], [ 92.8979, 12.4123 ] ] ], [ [ [ 92.9015, 12.4119 ], [ 92.902, 12.4134 ], [ 92.9019, 12.4119 ], [ 92.9015, 12.4119 ] ] ], [ [ [ 92.8887, 12.413 ], [ 92.8884, 12.4127 ], [ 92.8884, 12.413 ], [ 92.8887, 12.413 ] ] ], [ [ [ 92.8881, 12.4134 ], [ 92.8883, 12.4145 ], [ 92.8886, 12.4132 ], [ 92.8881, 12.4134 ] ] ], [ [ [ 92.8882, 12.4148 ], [ 92.8882, 12.4145 ], [ 92.8879, 12.4147 ], [ 92.8882, 12.4148 ] ] ], [ [ [ 92.8676, 12.4204 ], [ 92.8684, 12.4141 ], [ 92.8583, 12.4176 ], [ 92.8676, 12.4204 ] ] ], [ [ [ 92.8584, 12.4133 ], [ 92.8383, 12.4113 ], [ 92.8363, 12.4237 ], [ 92.842, 12.416 ], [ 92.8584, 12.4133 ] ] ], [ [ [ 92.8996, 12.4262 ], [ 92.9034, 12.4233 ], [ 92.8982, 12.4218 ], [ 92.8996, 12.4262 ] ] ], [ [ [ 92.9264, 12.8581 ], [ 92.9412, 12.856 ], [ 92.9403, 12.8376 ], [ 92.9356, 12.8398 ], [ 92.9304, 12.8384 ], [ 92.9274, 12.8327 ], [ 92.929, 12.8316 ], [ 92.9267, 12.8318 ], [ 92.9241, 12.83 ], [ 92.9226, 12.8261 ], [ 92.9226, 12.822 ], [ 92.9254, 12.8172 ], [ 92.9275, 12.8158 ], [ 92.9298, 12.8165 ], [ 92.9262, 12.8131 ], [ 92.9244, 12.8011 ], [ 92.9306, 12.8163 ], [ 92.9243, 12.8295 ], [ 92.9491, 12.8382 ], [ 92.9511, 12.7952 ], [ 92.9264, 12.7744 ], [ 92.9389, 12.7675 ], [ 92.9499, 12.7701 ], [ 92.9482, 12.7622 ], [ 92.9685, 12.7398 ], [ 92.9644, 12.7258 ], [ 92.98, 12.7094 ], [ 92.9639, 12.7044 ], [ 92.9567, 12.6242 ], [ 92.9455, 12.6313 ], [ 92.9297, 12.6169 ], [ 92.9456, 12.6299 ], [ 92.9588, 12.6196 ], [ 92.956, 12.5927 ], [ 92.9754, 12.543 ], [ 92.9688, 12.4967 ], [ 92.9601, 12.4857 ], [ 92.9459, 12.4997 ], [ 92.9364, 12.4814 ], [ 92.9326, 12.4819 ], [ 92.9328, 12.4852 ], [ 92.9312, 12.4876 ], [ 92.9268, 12.4886 ], [ 92.9288, 12.4887 ], [ 92.9292, 12.4892 ], [ 92.9285, 12.4904 ], [ 92.9272, 12.4904 ], [ 92.9265, 12.4885 ], [ 92.9326, 12.4847 ], [ 92.9261, 12.4767 ], [ 92.9343, 12.4701 ], [ 92.9218, 12.4657 ], [ 92.9203, 12.4729 ], [ 92.9162, 12.4738 ], [ 92.9197, 12.4762 ], [ 92.9184, 12.4782 ], [ 92.9191, 12.4761 ], [ 92.9152, 12.4781 ], [ 92.9131, 12.477 ], [ 92.9126, 12.4784 ], [ 92.912, 12.4787 ], [ 92.9092, 12.4774 ], [ 92.9085, 12.4767 ], [ 92.9083, 12.4754 ], [ 92.9082, 12.4763 ], [ 92.9074, 12.4769 ], [ 92.9069, 12.4768 ], [ 92.9073, 12.4775 ], [ 92.9071, 12.4775 ], [ 92.9067, 12.4767 ], [ 92.9083, 12.4752 ], [ 92.9124, 12.4783 ], [ 92.9126, 12.477 ], [ 92.9139, 12.4758 ], [ 92.9057, 12.4707 ], [ 92.9078, 12.4672 ], [ 92.9072, 12.4692 ], [ 92.9118, 12.471 ], [ 92.9149, 12.4777 ], [ 92.9155, 12.473 ], [ 92.9194, 12.4728 ], [ 92.9216, 12.4648 ], [ 92.9499, 12.4762 ], [ 92.9578, 12.4727 ], [ 92.9446, 12.4513 ], [ 92.9221, 12.4423 ], [ 92.9171, 12.4426 ], [ 92.9145, 12.4456 ], [ 92.9124, 12.446 ], [ 92.9139, 12.4461 ], [ 92.9147, 12.4479 ], [ 92.9144, 12.4505 ], [ 92.9124, 12.4506 ], [ 92.9119, 12.446 ], [ 92.9148, 12.4444 ], [ 92.9107, 12.4448 ], [ 92.9082, 12.4439 ], [ 92.9074, 12.4423 ], [ 92.909, 12.438 ], [ 92.9107, 12.4444 ], [ 92.9229, 12.4347 ], [ 92.9108, 12.4054 ], [ 92.908, 12.421 ], [ 92.891, 12.4366 ], [ 92.8949, 12.4358 ], [ 92.8958, 12.4365 ], [ 92.8955, 12.4372 ], [ 92.8964, 12.4375 ], [ 92.8965, 12.4385 ], [ 92.897, 12.4385 ], [ 92.8845, 12.4418 ], [ 92.8899, 12.4479 ], [ 92.8957, 12.4479 ], [ 92.899, 12.4511 ], [ 92.8888, 12.4638 ], [ 92.8963, 12.4501 ], [ 92.8857, 12.4494 ], [ 92.8836, 12.4425 ], [ 92.877, 12.4451 ], [ 92.8862, 12.4565 ], [ 92.8838, 12.4585 ], [ 92.8787, 12.4581 ], [ 92.8831, 12.4665 ], [ 92.8789, 12.4669 ], [ 92.879, 12.4675 ], [ 92.8813, 12.4682 ], [ 92.8818, 12.4687 ], [ 92.8816, 12.4698 ], [ 92.8804, 12.4713 ], [ 92.8786, 12.4673 ], [ 92.8789, 12.4666 ], [ 92.8805, 12.4658 ], [ 92.8812, 12.4644 ], [ 92.878, 12.4581 ], [ 92.8853, 12.456 ], [ 92.8756, 12.4466 ], [ 92.872, 12.4581 ], [ 92.869, 12.4569 ], [ 92.8688, 12.4462 ], [ 92.8554, 12.4571 ], [ 92.8557, 12.4639 ], [ 92.8588, 12.4586 ], [ 92.8621, 12.4574 ], [ 92.8639, 12.4582 ], [ 92.8628, 12.4657 ], [ 92.8629, 12.4582 ], [ 92.8535, 12.4709 ], [ 92.8537, 12.4573 ], [ 92.8432, 12.4708 ], [ 92.8433, 12.4803 ], [ 92.8355, 12.5006 ], [ 92.8382, 12.4974 ], [ 92.8422, 12.4971 ], [ 92.8511, 12.5021 ], [ 92.8551, 12.5098 ], [ 92.8351, 12.5014 ], [ 92.8376, 12.4933 ], [ 92.8225, 12.5 ], [ 92.8369, 12.4912 ], [ 92.8356, 12.4866 ], [ 92.8341, 12.4888 ], [ 92.8329, 12.4893 ], [ 92.8246, 12.4829 ], [ 92.8226, 12.4853 ], [ 92.8158, 12.4868 ], [ 92.8245, 12.4822 ], [ 92.834, 12.4885 ], [ 92.8349, 12.4858 ], [ 92.8424, 12.4793 ], [ 92.8405, 12.4714 ], [ 92.8408, 12.4764 ], [ 92.8334, 12.4815 ], [ 92.8318, 12.4811 ], [ 92.8316, 12.4801 ], [ 92.8336, 12.4754 ], [ 92.8295, 12.4747 ], [ 92.8287, 12.4717 ], [ 92.8291, 12.4716 ], [ 92.8306, 12.4745 ], [ 92.8299, 12.4721 ], [ 92.8303, 12.4706 ], [ 92.8315, 12.4693 ], [ 92.8333, 12.4695 ], [ 92.8342, 12.4806 ], [ 92.8394, 12.4645 ], [ 92.8834, 12.4365 ], [ 92.8748, 12.4313 ], [ 92.8861, 12.4348 ], [ 92.8972, 12.4159 ], [ 92.8848, 12.4313 ], [ 92.874, 12.4134 ], [ 92.8596, 12.4368 ], [ 92.8594, 12.4242 ], [ 92.8457, 12.4235 ], [ 92.8371, 12.4308 ], [ 92.8417, 12.4375 ], [ 92.836, 12.4436 ], [ 92.8355, 12.4307 ], [ 92.8215, 12.4341 ], [ 92.8201, 12.4371 ], [ 92.8108, 12.4429 ], [ 92.8102, 12.4427 ], [ 92.8195, 12.435 ], [ 92.8042, 12.4411 ], [ 92.7958, 12.4379 ], [ 92.7995, 12.4647 ], [ 92.7858, 12.4747 ], [ 92.7895, 12.4771 ], [ 92.7907, 12.4808 ], [ 92.7906, 12.4827 ], [ 92.79, 12.4836 ], [ 92.7866, 12.4839 ], [ 92.7854, 12.4747 ], [ 92.791, 12.4691 ], [ 92.7719, 12.471 ], [ 92.7784, 12.4601 ], [ 92.7816, 12.4694 ], [ 92.7982, 12.4641 ], [ 92.7872, 12.4371 ], [ 92.8296, 12.4283 ], [ 92.8267, 12.4192 ], [ 92.8209, 12.426 ], [ 92.815, 12.4249 ], [ 92.8339, 12.4105 ], [ 92.8158, 12.417 ], [ 92.8042, 12.4117 ], [ 92.8033, 12.4046 ], [ 92.8025, 12.4048 ], [ 92.8018, 12.4059 ], [ 92.8013, 12.4059 ], [ 92.7997, 12.4043 ], [ 92.7991, 12.4008 ], [ 92.8036, 12.4045 ], [ 92.8042, 12.4113 ], [ 92.8157, 12.4164 ], [ 92.8384, 12.4086 ], [ 92.8374, 12.3986 ], [ 92.8325, 12.4018 ], [ 92.8288, 12.3979 ], [ 92.8283, 12.4002 ], [ 92.8264, 12.4021 ], [ 92.8257, 12.4021 ], [ 92.8257, 12.4016 ], [ 92.8269, 12.3999 ], [ 92.8256, 12.3992 ], [ 92.8245, 12.3996 ], [ 92.8262, 12.3996 ], [ 92.8259, 12.4002 ], [ 92.8226, 12.4025 ], [ 92.8216, 12.4023 ], [ 92.8197, 12.3891 ], [ 92.8324, 12.4006 ], [ 92.8294, 12.3919 ], [ 92.8416, 12.3914 ], [ 92.84, 12.3911 ], [ 92.8389, 12.3898 ], [ 92.8409, 12.3853 ], [ 92.8375, 12.3894 ], [ 92.8357, 12.3869 ], [ 92.8353, 12.3841 ], [ 92.8324, 12.3857 ], [ 92.8281, 12.3814 ], [ 92.83, 12.3785 ], [ 92.8288, 12.3789 ], [ 92.8276, 12.3788 ], [ 92.8257, 12.3774 ], [ 92.8256, 12.3764 ], [ 92.8251, 12.3764 ], [ 92.8214, 12.3801 ], [ 92.8201, 12.3792 ], [ 92.8231, 12.3742 ], [ 92.8302, 12.3783 ], [ 92.83, 12.383 ], [ 92.8357, 12.3838 ], [ 92.8376, 12.3889 ], [ 92.8387, 12.3835 ], [ 92.8414, 12.3854 ], [ 92.8401, 12.3906 ], [ 92.8449, 12.3877 ], [ 92.8423, 12.3918 ], [ 92.8611, 12.3694 ], [ 92.8508, 12.3676 ], [ 92.8463, 12.3655 ], [ 92.8467, 12.3639 ], [ 92.8454, 12.3631 ], [ 92.8446, 12.3637 ], [ 92.8458, 12.3637 ], [ 92.8459, 12.3645 ], [ 92.8437, 12.3649 ], [ 92.8446, 12.3632 ], [ 92.8833, 12.357 ], [ 92.899, 12.3338 ], [ 92.8795, 12.3449 ], [ 92.8799, 12.3347 ], [ 92.8736, 12.3372 ], [ 92.8731, 12.3369 ], [ 92.8733, 12.3352 ], [ 92.883, 12.3332 ], [ 92.8714, 12.33 ], [ 92.8571, 12.3452 ], [ 92.8479, 12.3435 ], [ 92.8596, 12.3419 ], [ 92.8594, 12.3353 ], [ 92.8571, 12.3404 ], [ 92.8547, 12.3323 ], [ 92.8557, 12.3305 ], [ 92.8581, 12.3295 ], [ 92.8542, 12.3268 ], [ 92.8455, 12.3293 ], [ 92.8425, 12.3268 ], [ 92.8428, 12.3265 ], [ 92.8455, 12.3289 ], [ 92.8474, 12.3258 ], [ 92.8484, 12.3281 ], [ 92.8514, 12.326 ], [ 92.8547, 12.3266 ], [ 92.8568, 12.3282 ], [ 92.8601, 12.3192 ], [ 92.8549, 12.3195 ], [ 92.8475, 12.3083 ], [ 92.8338, 12.3086 ], [ 92.8315, 12.3027 ], [ 92.8098, 12.3156 ], [ 92.7944, 12.3063 ], [ 92.7787, 12.3131 ], [ 92.78, 12.3232 ], [ 92.7695, 12.3207 ], [ 92.772, 12.3274 ], [ 92.7716, 12.3278 ], [ 92.7705, 12.3279 ], [ 92.7708, 12.3293 ], [ 92.7695, 12.3303 ], [ 92.7711, 12.3306 ], [ 92.7721, 12.3321 ], [ 92.7721, 12.3329 ], [ 92.7704, 12.3338 ], [ 92.7693, 12.3303 ], [ 92.7703, 12.3279 ], [ 92.7718, 12.3272 ], [ 92.769, 12.322 ], [ 92.7693, 12.3204 ], [ 92.7708, 12.3178 ], [ 92.7652, 12.3035 ], [ 92.765, 12.3221 ], [ 92.7528, 12.2961 ], [ 92.7341, 12.3024 ], [ 92.7436, 12.3265 ], [ 92.7477, 12.3444 ], [ 92.7475, 12.3498 ], [ 92.7437, 12.3534 ], [ 92.7464, 12.3524 ], [ 92.7499, 12.3559 ], [ 92.7497, 12.3589 ], [ 92.7485, 12.3602 ], [ 92.7429, 12.3593 ], [ 92.7467, 12.3612 ], [ 92.7492, 12.3656 ], [ 92.7426, 12.3595 ], [ 92.7388, 12.315 ], [ 92.7195, 12.3003 ], [ 92.709, 12.33 ], [ 92.699, 12.3283 ], [ 92.6951, 12.4004 ], [ 92.7045, 12.4522 ], [ 92.6949, 12.4704 ], [ 92.7069, 12.4928 ], [ 92.693, 12.5156 ], [ 92.7074, 12.594 ], [ 92.684, 12.609 ], [ 92.7019, 12.6129 ], [ 92.7026, 12.6048 ], [ 92.7182, 12.6443 ], [ 92.7199, 12.6184 ], [ 92.7224, 12.6154 ], [ 92.7275, 12.6362 ], [ 92.7333, 12.6241 ], [ 92.7349, 12.6273 ], [ 92.7357, 12.6254 ], [ 92.74, 12.6224 ], [ 92.7403, 12.6204 ], [ 92.7409, 12.6197 ], [ 92.7427, 12.6192 ], [ 92.7441, 12.6192 ], [ 92.7477, 12.6205 ], [ 92.7285, 12.636 ], [ 92.7328, 12.6571 ], [ 92.7523, 12.672 ], [ 92.7731, 12.6704 ], [ 92.7784, 12.6412 ], [ 92.7754, 12.6378 ], [ 92.7751, 12.6314 ], [ 92.7652, 12.6321 ], [ 92.7623, 12.6278 ], [ 92.7619, 12.6244 ], [ 92.7757, 12.6307 ], [ 92.7785, 12.6379 ], [ 92.7788, 12.6296 ], [ 92.7844, 12.624 ], [ 92.7765, 12.5905 ], [ 92.7789, 12.58 ], [ 92.786, 12.6245 ], [ 92.7791, 12.671 ], [ 92.7871, 12.7028 ], [ 92.781, 12.7254 ], [ 92.7837, 12.7246 ], [ 92.787, 12.7264 ], [ 92.7897, 12.7255 ], [ 92.7812, 12.7404 ], [ 92.7616, 12.7228 ], [ 92.7818, 12.7337 ], [ 92.7758, 12.7184 ], [ 92.783, 12.6924 ], [ 92.7694, 12.6731 ], [ 92.732, 12.6726 ], [ 92.7264, 12.6941 ], [ 92.7447, 12.6992 ], [ 92.7458, 12.7228 ], [ 92.7404, 12.739 ], [ 92.7297, 12.7439 ], [ 92.72, 12.7903 ], [ 92.7312, 12.7975 ], [ 92.7321, 12.7933 ], [ 92.7357, 12.7936 ], [ 92.7327, 12.7893 ], [ 92.7356, 12.7886 ], [ 92.7351, 12.7871 ], [ 92.7369, 12.7842 ], [ 92.7357, 12.7851 ], [ 92.7352, 12.785 ], [ 92.7351, 12.783 ], [ 92.7377, 12.7792 ], [ 92.739, 12.7909 ], [ 92.7312, 12.8017 ], [ 92.7205, 12.797 ], [ 92.7221, 12.8252 ], [ 92.7305, 12.8362 ], [ 92.7353, 12.8073 ], [ 92.7377, 12.8044 ], [ 92.7391, 12.837 ], [ 92.7403, 12.8365 ], [ 92.7418, 12.8219 ], [ 92.7426, 12.8207 ], [ 92.743, 12.839 ], [ 92.7561, 12.8468 ], [ 92.7566, 12.8449 ], [ 92.7614, 12.8421 ], [ 92.7619, 12.8352 ], [ 92.7643, 12.8333 ], [ 92.7621, 12.8288 ], [ 92.7634, 12.8259 ], [ 92.7608, 12.8266 ], [ 92.7556, 12.8237 ], [ 92.7544, 12.822 ], [ 92.7548, 12.8198 ], [ 92.7537, 12.8196 ], [ 92.7536, 12.8192 ], [ 92.7551, 12.8196 ], [ 92.7554, 12.8232 ], [ 92.7612, 12.8264 ], [ 92.7634, 12.8251 ], [ 92.7644, 12.8197 ], [ 92.7655, 12.8188 ], [ 92.7663, 12.8484 ], [ 92.7727, 12.8426 ], [ 92.7721, 12.8317 ], [ 92.7793, 12.8241 ], [ 92.7794, 12.7991 ], [ 92.7835, 12.7885 ], [ 92.7866, 12.7861 ], [ 92.7842, 12.7844 ], [ 92.783, 12.7818 ], [ 92.7832, 12.7757 ], [ 92.7804, 12.7763 ], [ 92.7838, 12.7621 ], [ 92.785, 12.7772 ], [ 92.7872, 12.7768 ], [ 92.7875, 12.779 ], [ 92.7876, 12.7772 ], [ 92.7908, 12.7739 ], [ 92.7934, 12.7744 ], [ 92.7875, 12.7792 ], [ 92.7865, 12.7774 ], [ 92.7847, 12.7773 ], [ 92.7838, 12.7757 ], [ 92.7871, 12.7865 ], [ 92.7804, 12.8051 ], [ 92.7895, 12.8149 ], [ 92.7877, 12.8153 ], [ 92.7882, 12.8166 ], [ 92.7876, 12.819 ], [ 92.7889, 12.824 ], [ 92.7883, 12.8273 ], [ 92.7892, 12.8289 ], [ 92.7881, 12.8273 ], [ 92.7887, 12.8242 ], [ 92.7873, 12.8188 ], [ 92.7876, 12.8146 ], [ 92.7821, 12.8092 ], [ 92.7857, 12.8329 ], [ 92.7818, 12.86 ], [ 92.793, 12.8445 ], [ 92.7884, 12.8615 ], [ 92.8004, 12.8485 ], [ 92.7928, 12.8637 ], [ 92.7944, 12.8637 ], [ 92.7967, 12.8648 ], [ 92.8002, 12.8606 ], [ 92.8044, 12.8611 ], [ 92.7966, 12.8651 ], [ 92.792, 12.8646 ], [ 92.7908, 12.8899 ], [ 92.808, 12.8972 ], [ 92.8084, 12.8931 ], [ 92.8069, 12.8935 ], [ 92.8069, 12.8914 ], [ 92.8078, 12.8901 ], [ 92.8061, 12.8893 ], [ 92.8061, 12.8889 ], [ 92.8067, 12.8884 ], [ 92.808, 12.8898 ], [ 92.8071, 12.8932 ], [ 92.8085, 12.8927 ], [ 92.8088, 12.8975 ], [ 92.8298, 12.8846 ], [ 92.8341, 12.8857 ], [ 92.8407, 12.8916 ], [ 92.8396, 12.8767 ], [ 92.8477, 12.8761 ], [ 92.8444, 12.8751 ], [ 92.8424, 12.872 ], [ 92.8432, 12.8705 ], [ 92.8414, 12.868 ], [ 92.8399, 12.8681 ], [ 92.8407, 12.8698 ], [ 92.8393, 12.8723 ], [ 92.8389, 12.8715 ], [ 92.8364, 12.8659 ], [ 92.8397, 12.8614 ], [ 92.8384, 12.8642 ], [ 92.8426, 12.8685 ], [ 92.8437, 12.8709 ], [ 92.8428, 12.8719 ], [ 92.8445, 12.8748 ], [ 92.8539, 12.8771 ], [ 92.8527, 12.8735 ], [ 92.8497, 12.874 ], [ 92.8467, 12.8693 ], [ 92.8481, 12.8671 ], [ 92.8511, 12.8663 ], [ 92.8451, 12.8622 ], [ 92.8496, 12.8451 ], [ 92.8486, 12.845 ], [ 92.8488, 12.847 ], [ 92.8475, 12.8477 ], [ 92.8455, 12.846 ], [ 92.8414, 12.8464 ], [ 92.8382, 12.8444 ], [ 92.8363, 12.8471 ], [ 92.8407, 12.8373 ], [ 92.8317, 12.8369 ], [ 92.8307, 12.8347 ], [ 92.8331, 12.8288 ], [ 92.8335, 12.8286 ], [ 92.8318, 12.8364 ], [ 92.8378, 12.8353 ], [ 92.8405, 12.8365 ], [ 92.8419, 12.8396 ], [ 92.8382, 12.8442 ], [ 92.8501, 12.845 ], [ 92.8455, 12.862 ], [ 92.8519, 12.8663 ], [ 92.8498, 12.8731 ], [ 92.8528, 12.873 ], [ 92.8547, 12.8776 ], [ 92.8606, 12.8773 ], [ 92.8622, 12.8783 ], [ 92.8619, 12.8784 ], [ 92.8605, 12.8777 ], [ 92.8603, 12.8781 ], [ 92.8743, 12.8823 ], [ 92.8713, 12.8924 ], [ 92.8911, 12.8952 ], [ 92.9001, 12.9028 ], [ 92.8924, 12.9157 ], [ 92.8971, 12.9268 ], [ 92.9021, 12.9201 ], [ 92.899, 12.9194 ], [ 92.8974, 12.9141 ], [ 92.9004, 12.9115 ], [ 92.899, 12.9181 ], [ 92.9123, 12.9193 ], [ 92.9104, 12.91 ], [ 92.9223, 12.9154 ], [ 92.9059, 12.887 ], [ 92.9246, 12.8879 ], [ 92.9264, 12.8581 ] ], [ [ 92.9209, 12.4799 ], [ 92.9203, 12.4833 ], [ 92.9112, 12.4893 ], [ 92.9132, 12.4928 ], [ 92.9122, 12.4944 ], [ 92.914, 12.4968 ], [ 92.9146, 12.5 ], [ 92.9143, 12.5 ], [ 92.9118, 12.4944 ], [ 92.9129, 12.4925 ], [ 92.9109, 12.4893 ], [ 92.9205, 12.48 ], [ 92.9182, 12.4786 ], [ 92.9184, 12.4782 ], [ 92.9209, 12.4799 ] ], [ [ 92.9069, 12.4776 ], [ 92.9066, 12.4774 ], [ 92.9071, 12.4775 ], [ 92.9069, 12.4776 ] ], [ [ 92.8256, 12.4733 ], [ 92.8252, 12.4729 ], [ 92.8256, 12.472 ], [ 92.8287, 12.4717 ], [ 92.8256, 12.4733 ] ], [ [ 92.8168, 12.4447 ], [ 92.8121, 12.4483 ], [ 92.8163, 12.4448 ], [ 92.8108, 12.4429 ], [ 92.8168, 12.4447 ] ], [ [ 92.8161, 12.4468 ], [ 92.8182, 12.4491 ], [ 92.8182, 12.4513 ], [ 92.8177, 12.452 ], [ 92.8171, 12.4519 ], [ 92.816, 12.4507 ], [ 92.816, 12.4543 ], [ 92.8153, 12.4547 ], [ 92.8115, 12.4488 ], [ 92.8121, 12.4483 ], [ 92.8161, 12.4468 ] ], [ [ 92.8419, 12.3279 ], [ 92.8429, 12.3279 ], [ 92.8431, 12.33 ], [ 92.8419, 12.3297 ], [ 92.8411, 12.3316 ], [ 92.8393, 12.3313 ], [ 92.8394, 12.3328 ], [ 92.8372, 12.3326 ], [ 92.8357, 12.3343 ], [ 92.832, 12.3357 ], [ 92.8319, 12.3355 ], [ 92.8425, 12.3268 ], [ 92.8419, 12.3279 ] ], [ [ 92.7534, 12.8189 ], [ 92.7541, 12.8177 ], [ 92.7536, 12.8192 ], [ 92.7534, 12.8189 ] ], [ [ 92.7924, 12.7934 ], [ 92.7947, 12.7937 ], [ 92.8006, 12.8128 ], [ 92.7895, 12.8149 ], [ 92.7924, 12.7934 ] ], [ [ 92.8277, 12.8322 ], [ 92.8272, 12.8322 ], [ 92.8259, 12.831 ], [ 92.8234, 12.8231 ], [ 92.8289, 12.8189 ], [ 92.8291, 12.8172 ], [ 92.8281, 12.817 ], [ 92.827, 12.8163 ], [ 92.8267, 12.814 ], [ 92.8276, 12.8103 ], [ 92.8284, 12.8101 ], [ 92.827, 12.814 ], [ 92.8294, 12.8172 ], [ 92.829, 12.8192 ], [ 92.8237, 12.8232 ], [ 92.8262, 12.8309 ], [ 92.8331, 12.8288 ], [ 92.8277, 12.8322 ] ], [ [ 92.8612, 12.8732 ], [ 92.8615, 12.8712 ], [ 92.864, 12.8696 ], [ 92.8644, 12.8685 ], [ 92.8633, 12.8695 ], [ 92.8617, 12.8686 ], [ 92.8613, 12.8658 ], [ 92.8624, 12.8636 ], [ 92.8646, 12.8688 ], [ 92.8625, 12.8783 ], [ 92.8622, 12.8783 ], [ 92.8612, 12.8732 ] ] ], [ [ [ 92.8311, 12.8853 ], [ 92.8305, 12.8856 ], [ 92.8311, 12.8856 ], [ 92.8311, 12.8853 ] ] ], [ [ [ 92.8322, 12.8857 ], [ 92.8318, 12.8853 ], [ 92.8314, 12.8857 ], [ 92.8322, 12.8857 ] ] ], [ [ [ 92.8338, 12.8864 ], [ 92.8337, 12.8867 ], [ 92.8355, 12.8875 ], [ 92.8338, 12.8864 ] ] ], [ [ [ 92.8925, 12.8978 ], [ 92.8912, 12.8977 ], [ 92.8924, 12.8997 ], [ 92.8925, 12.8978 ] ] ], [ [ [ 92.8804, 12.9036 ], [ 92.8787, 12.9022 ], [ 92.8792, 12.9057 ], [ 92.8804, 12.9036 ] ] ], [ [ [ 92.8787, 12.9129 ], [ 92.8795, 12.9074 ], [ 92.8774, 12.9103 ], [ 92.8787, 12.9129 ] ] ], [ [ [ 92.8644, 12.9127 ], [ 92.864, 12.9127 ], [ 92.8631, 12.9149 ], [ 92.8644, 12.9127 ] ] ], [ [ [ 92.8585, 12.932 ], [ 92.8761, 12.9353 ], [ 92.8855, 12.9235 ], [ 92.8646, 12.917 ], [ 92.8585, 12.932 ] ] ], [ [ [ 92.8892, 12.9317 ], [ 92.8895, 12.9329 ], [ 92.8911, 12.9317 ], [ 92.8892, 12.9317 ] ] ], [ [ [ 92.8933, 12.9365 ], [ 92.8875, 12.9331 ], [ 92.8933, 12.9375 ], [ 92.8933, 12.9365 ] ] ], [ [ [ 92.9009, 12.9388 ], [ 92.9003, 12.9397 ], [ 92.9004, 12.9398 ], [ 92.9003, 12.9399 ], [ 92.9004, 12.9402 ], [ 92.9002, 12.9404 ], [ 92.9023, 12.9405 ], [ 92.9028, 12.9374 ], [ 92.9009, 12.9388 ] ] ], [ [ [ 92.8991, 12.9404 ], [ 92.8984, 12.9415 ], [ 92.9004, 12.9402 ], [ 92.8991, 12.9404 ] ] ], [ [ [ 92.8991, 12.9423 ], [ 92.9005, 12.9423 ], [ 92.9019, 12.9408 ], [ 92.8991, 12.9423 ] ] ], [ [ [ 92.8986, 12.9426 ], [ 92.8991, 12.9421 ], [ 92.8982, 12.9421 ], [ 92.8986, 12.9426 ] ] ], [ [ [ 92.8789, 12.962 ], [ 92.8787, 12.9609 ], [ 92.8775, 12.9623 ], [ 92.8789, 12.962 ] ] ], [ [ [ 92.8817, 12.9666 ], [ 92.8827, 12.9661 ], [ 92.8816, 12.9658 ], [ 92.8817, 12.9666 ] ] ], [ [ [ 92.8871, 12.9792 ], [ 92.8865, 12.9789 ], [ 92.8868, 12.9804 ], [ 92.8871, 12.9792 ] ] ], [ [ [ 92.8881, 12.9809 ], [ 92.8883, 12.9814 ], [ 92.8887, 12.9813 ], [ 92.8881, 12.9809 ] ] ], [ [ [ 92.8928, 12.9831 ], [ 92.8934, 12.9842 ], [ 92.8934, 12.9831 ], [ 92.8928, 12.9831 ] ] ], [ [ [ 92.8311, 13.0 ], [ 92.8309, 13.0014 ], [ 92.8331, 13.0021 ], [ 92.8311, 13.0 ] ] ], [ [ [ 92.9118, 13.0738 ], [ 92.9109, 13.0741 ], [ 92.9098, 13.0764 ], [ 92.9118, 13.0738 ] ] ], [ [ [ 92.8403, 13.1429 ], [ 92.84, 13.1433 ], [ 92.8408, 13.1435 ], [ 92.8403, 13.1429 ] ] ], [ [ [ 92.8086, 13.1499 ], [ 92.8086, 13.1481 ], [ 92.8078, 13.1493 ], [ 92.8086, 13.1499 ] ] ], [ [ [ 92.8034, 13.1532 ], [ 92.8043, 13.1538 ], [ 92.8042, 13.1522 ], [ 92.8034, 13.1532 ] ] ], [ [ [ 92.8095, 13.1674 ], [ 92.8103, 13.1671 ], [ 92.8093, 13.167 ], [ 92.8095, 13.1674 ] ] ], [ [ [ 92.8091, 13.169 ], [ 92.8099, 13.1692 ], [ 92.8099, 13.1685 ], [ 92.8091, 13.169 ] ] ], [ [ [ 92.8225, 13.2069 ], [ 92.8259, 13.2089 ], [ 92.8232, 13.2068 ], [ 92.8225, 13.2069 ] ] ], [ [ [ 92.8263, 13.2115 ], [ 92.8273, 13.2094 ], [ 92.8255, 13.2113 ], [ 92.8263, 13.2115 ] ] ], [ [ [ 92.8277, 13.2117 ], [ 92.8287, 13.2109 ], [ 92.8273, 13.2112 ], [ 92.8277, 13.2117 ] ] ], [ [ [ 92.8388, 13.2491 ], [ 92.8393, 13.249 ], [ 92.8387, 13.2487 ], [ 92.8388, 13.2491 ] ] ], [ [ [ 92.8192, 13.2854 ], [ 92.8168, 13.2816 ], [ 92.8131, 13.2871 ], [ 92.8192, 13.2854 ] ] ], [ [ [ 92.8001, 13.2855 ], [ 92.7998, 13.2857 ], [ 92.8002, 13.2868 ], [ 92.8001, 13.2855 ] ] ], [ [ [ 92.8294, 13.3682 ], [ 92.8289, 13.3689 ], [ 92.8298, 13.3687 ], [ 92.8294, 13.3682 ] ] ], [ [ [ 92.8095, 13.4 ], [ 92.8108, 13.432 ], [ 92.8176, 13.404 ], [ 92.8095, 13.4 ] ] ], [ [ [ 92.8466, 13.4192 ], [ 92.846, 13.4197 ], [ 92.8472, 13.4197 ], [ 92.8466, 13.4192 ] ] ], [ [ [ 92.8622, 13.4208 ], [ 92.8612, 13.4212 ], [ 92.863, 13.4216 ], [ 92.8622, 13.4208 ] ] ], [ [ [ 92.8199, 13.4353 ], [ 92.8412, 13.4505 ], [ 92.8387, 13.4207 ], [ 92.8208, 13.4206 ], [ 92.8199, 13.4353 ] ] ], [ [ [ 92.8696, 13.4536 ], [ 92.8694, 13.4536 ], [ 92.8696, 13.4542 ], [ 92.8696, 13.4536 ] ] ], [ [ [ 92.8671, 13.4643 ], [ 92.8659, 13.4619 ], [ 92.8646, 13.4637 ], [ 92.8671, 13.4643 ] ] ], [ [ [ 92.8651, 13.5031 ], [ 92.8688, 13.5143 ], [ 92.8725, 13.5018 ], [ 92.8651, 13.5031 ] ] ], [ [ [ 92.9064, 13.5201 ], [ 92.9051, 13.52 ], [ 92.905, 13.5211 ], [ 92.9064, 13.5201 ] ] ], [ [ [ 92.9028, 13.5316 ], [ 92.9072, 13.5382 ], [ 92.9063, 13.5293 ], [ 92.9028, 13.5316 ] ] ], [ [ [ 92.8754, 13.5353 ], [ 92.8736, 13.5412 ], [ 92.8776, 13.5378 ], [ 92.8754, 13.5353 ] ] ], [ [ [ 92.8842, 13.5737 ], [ 92.8854, 13.5976 ], [ 92.9038, 13.5992 ], [ 92.8896, 13.5756 ], [ 92.8842, 13.5737 ] ] ], [ [ [ 92.9952, 11.9468 ], [ 92.9957, 11.9466 ], [ 92.9945, 11.9459 ], [ 92.9952, 11.9468 ] ] ], [ [ [ 93.0094, 11.9427 ], [ 93.0128, 11.9438 ], [ 93.0147, 11.9418 ], [ 93.0145, 11.9394 ], [ 93.0154, 11.9383 ], [ 93.0149, 11.9421 ], [ 93.0129, 11.9441 ], [ 93.0089, 11.9437 ], [ 93.01, 11.9466 ], [ 93.0047, 11.9483 ], [ 93.0016, 11.9475 ], [ 93.0084, 11.9551 ], [ 93.0085, 11.9559 ], [ 93.0069, 11.9582 ], [ 93.0008, 11.9484 ], [ 93.0, 11.9599 ], [ 92.9972, 11.9472 ], [ 92.9751, 11.9455 ], [ 92.9584, 11.9809 ], [ 92.9323, 11.9837 ], [ 92.923, 11.9984 ], [ 92.9494, 12.0138 ], [ 92.9645, 12.0496 ], [ 92.9748, 12.0162 ], [ 92.9835, 12.026 ], [ 92.973, 12.0432 ], [ 93.0148, 12.0273 ], [ 93.0071, 12.003 ], [ 93.0541, 11.9028 ], [ 93.038, 11.8815 ], [ 92.9923, 11.9345 ], [ 92.9906, 11.9438 ], [ 93.0043, 11.9479 ], [ 93.0094, 11.9427 ] ] ], [ [ [ 92.9714, 12.0354 ], [ 92.9712, 12.036 ], [ 92.9722, 12.0361 ], [ 92.9714, 12.0354 ] ] ], [ [ [ 92.9896, 12.038 ], [ 92.9902, 12.0375 ], [ 92.9888, 12.0373 ], [ 92.9896, 12.038 ] ] ], [ [ [ 92.9775, 12.0419 ], [ 92.9774, 12.042 ], [ 92.9776, 12.042 ], [ 92.9775, 12.0419 ] ] ], [ [ [ 92.9769, 12.0425 ], [ 92.9769, 12.0424 ], [ 92.9768, 12.0425 ], [ 92.9769, 12.0425 ] ] ], [ [ [ 92.9762, 12.0426 ], [ 92.9761, 12.0427 ], [ 92.9763, 12.0427 ], [ 92.9762, 12.0426 ] ] ], [ [ [ 92.9749, 12.043 ], [ 92.9748, 12.043 ], [ 92.9749, 12.0431 ], [ 92.9749, 12.043 ] ] ], [ [ [ 92.9778, 12.0434 ], [ 92.978, 12.0427 ], [ 92.9773, 12.0432 ], [ 92.9778, 12.0434 ] ] ], [ [ [ 92.9784, 12.0439 ], [ 92.9786, 12.0435 ], [ 92.978, 12.0434 ], [ 92.9784, 12.0439 ] ] ], [ [ [ 92.9707, 12.0634 ], [ 92.9681, 12.0625 ], [ 92.9672, 12.0651 ], [ 92.9707, 12.0634 ] ] ], [ [ [ 92.9615, 12.0663 ], [ 92.9647, 12.0666 ], [ 92.9641, 12.0646 ], [ 92.9615, 12.0663 ] ] ], [ [ [ 93.0119, 12.065 ], [ 93.0095, 12.0661 ], [ 93.011, 12.0685 ], [ 93.0119, 12.065 ] ] ], [ [ [ 93.0065, 12.0686 ], [ 93.0046, 12.0692 ], [ 93.0049, 12.0721 ], [ 93.0065, 12.0686 ] ] ], [ [ [ 93.0085, 12.0708 ], [ 93.01, 12.0699 ], [ 93.0082, 12.0701 ], [ 93.0085, 12.0708 ] ] ], [ [ [ 92.9941, 12.0437 ], [ 92.9712, 12.0573 ], [ 92.9749, 12.0672 ], [ 92.9564, 12.0731 ], [ 92.9718, 12.0866 ], [ 92.9698, 12.0937 ], [ 92.9575, 12.0872 ], [ 92.9579, 12.1085 ], [ 93.005, 12.1006 ], [ 92.9941, 12.0437 ] ] ], [ [ [ 92.9573, 12.0902 ], [ 92.9569, 12.0898 ], [ 92.9558, 12.0913 ], [ 92.9573, 12.0902 ] ] ], [ [ [ 92.9501, 12.0792 ], [ 92.9457, 12.1199 ], [ 92.9573, 12.0992 ], [ 92.9501, 12.0792 ] ] ], [ [ [ 92.9984, 12.1086 ], [ 93.0013, 12.1087 ], [ 92.9991, 12.1073 ], [ 92.9984, 12.1086 ] ] ], [ [ [ 92.9922, 12.1096 ], [ 92.991, 12.11 ], [ 92.9923, 12.1113 ], [ 92.9922, 12.1096 ] ] ], [ [ [ 92.9766, 12.1122 ], [ 92.9777, 12.1094 ], [ 92.9758, 12.1118 ], [ 92.9766, 12.1122 ] ] ], [ [ [ 92.9721, 12.1164 ], [ 92.973, 12.1165 ], [ 92.9724, 12.1154 ], [ 92.9721, 12.1164 ] ] ], [ [ [ 92.9626, 12.114 ], [ 92.9595, 12.1193 ], [ 92.9635, 12.1153 ], [ 92.9626, 12.114 ] ] ], [ [ [ 92.9601, 12.1204 ], [ 92.9603, 12.1208 ], [ 92.961, 12.1194 ], [ 92.9601, 12.1204 ] ] ], [ [ [ 92.9564, 12.1233 ], [ 92.9564, 12.1275 ], [ 92.9573, 12.124 ], [ 92.9564, 12.1233 ] ] ], [ [ [ 92.9555, 12.1304 ], [ 92.9559, 12.1313 ], [ 92.9572, 12.1303 ], [ 92.9555, 12.1304 ] ] ], [ [ [ 92.9759, 12.1439 ], [ 92.9799, 12.1546 ], [ 92.9878, 12.1467 ], [ 92.9893, 12.1566 ], [ 92.9978, 12.1459 ], [ 92.9932, 12.1361 ], [ 93.001, 12.111 ], [ 92.973, 12.1165 ], [ 92.9651, 12.118 ], [ 92.9542, 12.1357 ], [ 92.9566, 12.15 ], [ 92.9777, 12.1519 ], [ 92.9762, 12.1495 ], [ 92.9769, 12.1475 ], [ 92.9756, 12.146 ], [ 92.9759, 12.1439 ] ] ], [ [ [ 93.005, 12.1479 ], [ 93.0041, 12.1497 ], [ 93.006, 12.1495 ], [ 93.005, 12.1479 ] ] ], [ [ [ 92.9878, 12.1505 ], [ 92.9874, 12.1509 ], [ 92.9878, 12.1519 ], [ 92.9878, 12.1505 ] ] ], [ [ [ 93.0056, 12.1526 ], [ 93.0073, 12.1525 ], [ 93.0069, 12.1507 ], [ 93.0056, 12.1526 ] ] ], [ [ [ 92.985, 12.1567 ], [ 92.9856, 12.1568 ], [ 92.9846, 12.1543 ], [ 92.985, 12.1567 ] ] ], [ [ [ 93.0135, 12.1572 ], [ 93.0143, 12.1566 ], [ 93.0123, 12.1557 ], [ 93.0135, 12.1572 ] ] ], [ [ [ 93.0122, 12.1587 ], [ 93.0128, 12.1587 ], [ 93.0124, 12.1576 ], [ 93.0122, 12.1587 ] ] ], [ [ [ 93.0153, 12.1639 ], [ 93.0149, 12.1642 ], [ 93.0158, 12.1646 ], [ 93.0153, 12.1639 ] ] ], [ [ [ 92.924, 12.2164 ], [ 92.9396, 12.2225 ], [ 92.9405, 12.2152 ], [ 92.9323, 12.1954 ], [ 92.924, 12.2164 ] ] ], [ [ [ 92.9178, 12.2538 ], [ 92.9175, 12.2548 ], [ 92.9188, 12.2544 ], [ 92.9178, 12.2538 ] ] ], [ [ [ 92.9195, 12.2544 ], [ 92.9192, 12.2552 ], [ 92.9203, 12.2568 ], [ 92.9195, 12.2544 ] ] ], [ [ [ 92.919, 12.2563 ], [ 92.9178, 12.2559 ], [ 92.9178, 12.2566 ], [ 92.919, 12.2563 ] ] ], [ [ [ 92.9162, 12.2612 ], [ 92.9158, 12.2619 ], [ 92.9173, 12.2614 ], [ 92.9162, 12.2612 ] ] ], [ [ [ 92.9152, 12.2627 ], [ 92.9141, 12.2632 ], [ 92.9159, 12.2631 ], [ 92.9152, 12.2627 ] ] ], [ [ [ 92.9275, 12.2781 ], [ 92.9336, 12.3108 ], [ 92.943, 12.2748 ], [ 92.9222, 12.2293 ], [ 92.9199, 12.2691 ], [ 92.9115, 12.263 ], [ 92.9044, 12.2704 ], [ 92.9136, 12.2736 ], [ 92.9004, 12.2712 ], [ 92.9009, 12.2882 ], [ 92.9134, 12.3041 ], [ 92.9275, 12.2781 ] ] ], [ [ [ 92.9607, 12.4212 ], [ 92.9302, 12.3568 ], [ 92.9161, 12.3636 ], [ 92.9248, 12.4041 ], [ 92.9573, 12.4341 ], [ 92.9607, 12.4212 ] ] ], [ [ [ 92.9684, 12.7404 ], [ 92.9682, 12.7409 ], [ 92.9689, 12.7412 ], [ 92.9684, 12.7404 ] ] ], [ [ [ 92.9683, 12.7418 ], [ 92.9681, 12.7418 ], [ 92.9671, 12.7431 ], [ 92.9683, 12.7418 ] ] ], [ [ [ 92.9603, 12.7559 ], [ 92.9608, 12.7553 ], [ 92.9603, 12.7556 ], [ 92.9603, 12.7559 ] ] ], [ [ [ 92.9585, 12.7575 ], [ 92.9589, 12.7575 ], [ 92.9597, 12.7563 ], [ 92.9585, 12.7575 ] ] ], [ [ [ 92.9541, 12.7576 ], [ 92.9549, 12.7577 ], [ 92.956, 12.7566 ], [ 92.9541, 12.7576 ] ] ], [ [ [ 92.9393, 12.769 ], [ 92.9407, 12.7698 ], [ 92.9399, 12.7687 ], [ 92.9393, 12.769 ] ] ], [ [ [ 92.943, 12.7697 ], [ 92.9447, 12.7711 ], [ 92.9452, 12.7704 ], [ 92.943, 12.7697 ] ] ], [ [ [ 92.9335, 12.9115 ], [ 92.9291, 12.917 ], [ 92.9374, 12.9148 ], [ 92.9335, 12.9115 ] ] ], [ [ [ 92.9844, 12.9944 ], [ 93.008, 12.9986 ], [ 92.9814, 12.9679 ], [ 92.9821, 12.932 ], [ 92.968, 12.9425 ], [ 92.9532, 12.9343 ], [ 92.9573, 12.949 ], [ 92.9726, 12.9464 ], [ 92.9537, 12.9579 ], [ 92.9578, 12.9895 ], [ 92.972, 12.9703 ], [ 92.9844, 12.9944 ] ] ], [ [ [ 92.9772, 12.9862 ], [ 92.9767, 12.9869 ], [ 92.9781, 12.987 ], [ 92.9772, 12.9862 ] ] ], [ [ [ 92.9729, 12.9944 ], [ 92.9733, 12.9945 ], [ 92.9728, 12.9942 ], [ 92.9729, 12.9944 ] ] ], [ [ [ 92.9703, 12.9996 ], [ 92.9705, 12.9993 ], [ 92.9702, 12.9994 ], [ 92.9703, 12.9996 ] ] ], [ [ [ 92.9857, 12.9979 ], [ 92.986, 13.0011 ], [ 92.9882, 12.9984 ], [ 92.9857, 12.9979 ] ] ], [ [ [ 92.9462, 12.9987 ], [ 92.9416, 12.9942 ], [ 92.9132, 13.0118 ], [ 92.9207, 13.0313 ], [ 92.936, 13.0267 ], [ 92.9462, 12.9987 ] ] ], [ [ [ 92.9493, 13.0186 ], [ 92.948, 13.0195 ], [ 92.9449, 13.026 ], [ 92.9493, 13.0186 ] ] ], [ [ [ 92.9304, 13.0533 ], [ 92.9312, 13.0545 ], [ 92.9322, 13.0487 ], [ 92.9304, 13.0533 ] ] ], [ [ [ 92.9131, 13.0673 ], [ 92.9158, 13.0632 ], [ 92.912, 13.0582 ], [ 92.9131, 13.0673 ] ] ], [ [ [ 92.9141, 13.0672 ], [ 92.9137, 13.0673 ], [ 92.9141, 13.0688 ], [ 92.9141, 13.0672 ] ] ], [ [ [ 92.8591, 13.1994 ], [ 92.8629, 13.1965 ], [ 92.8572, 13.1962 ], [ 92.8561, 13.1952 ], [ 92.8554, 13.1907 ], [ 92.8566, 13.1882 ], [ 92.8583, 13.1877 ], [ 92.8604, 13.1917 ], [ 92.8609, 13.1855 ], [ 92.8617, 13.1843 ], [ 92.8631, 13.1848 ], [ 92.8605, 13.192 ], [ 92.8557, 13.1905 ], [ 92.8638, 13.1961 ], [ 92.8621, 13.2066 ], [ 92.8489, 13.2084 ], [ 92.856, 13.2196 ], [ 92.8548, 13.234 ], [ 92.8515, 13.2397 ], [ 92.8425, 13.2408 ], [ 92.839, 13.2459 ], [ 92.8475, 13.2433 ], [ 92.8502, 13.2622 ], [ 92.8551, 13.2506 ], [ 92.8547, 13.2541 ], [ 92.858, 13.2523 ], [ 92.8594, 13.2565 ], [ 92.8605, 13.2541 ], [ 92.8624, 13.2529 ], [ 92.8689, 13.2546 ], [ 92.8704, 13.2583 ], [ 92.8592, 13.2569 ], [ 92.8577, 13.2526 ], [ 92.8506, 13.2653 ], [ 92.8378, 13.259 ], [ 92.8111, 13.2708 ], [ 92.8408, 13.3012 ], [ 92.8205, 13.3108 ], [ 92.83, 13.3691 ], [ 92.8494, 13.3778 ], [ 92.8479, 13.3635 ], [ 92.85, 13.3594 ], [ 92.8516, 13.3587 ], [ 92.8544, 13.3592 ], [ 92.8507, 13.3763 ], [ 92.8697, 13.3907 ], [ 92.8589, 13.3839 ], [ 92.8636, 13.3898 ], [ 92.8633, 13.3977 ], [ 92.8624, 13.4013 ], [ 92.8581, 13.3852 ], [ 92.8404, 13.3885 ], [ 92.8421, 13.4096 ], [ 92.8486, 13.4184 ], [ 92.8537, 13.4093 ], [ 92.8705, 13.414 ], [ 92.873, 13.4024 ], [ 92.8789, 13.3961 ], [ 92.8827, 13.3951 ], [ 92.8826, 13.3939 ], [ 92.8801, 13.393 ], [ 92.8792, 13.3911 ], [ 92.8857, 13.3672 ], [ 92.8858, 13.398 ], [ 92.8891, 13.3942 ], [ 92.8939, 13.3948 ], [ 92.895, 13.3917 ], [ 92.8986, 13.391 ], [ 92.8985, 13.3885 ], [ 92.9029, 13.3899 ], [ 92.9023, 13.3875 ], [ 92.906, 13.3824 ], [ 92.916, 13.3824 ], [ 92.9248, 13.3902 ], [ 92.9072, 13.3827 ], [ 92.904, 13.3943 ], [ 92.8987, 13.3891 ], [ 92.899, 13.3911 ], [ 92.8931, 13.3959 ], [ 92.889, 13.3949 ], [ 92.8994, 13.4028 ], [ 92.8968, 13.4126 ], [ 92.896, 13.4013 ], [ 92.8745, 13.4021 ], [ 92.8732, 13.4364 ], [ 92.89, 13.4231 ], [ 92.8986, 13.4262 ], [ 92.899, 13.4288 ], [ 92.8898, 13.4237 ], [ 92.8708, 13.4451 ], [ 92.8689, 13.474 ], [ 92.8911, 13.4785 ], [ 92.8879, 13.469 ], [ 92.8982, 13.4651 ], [ 92.9019, 13.4963 ], [ 92.9249, 13.4989 ], [ 92.9247, 13.4808 ], [ 92.9318, 13.4807 ], [ 92.9211, 13.4723 ], [ 92.9187, 13.4679 ], [ 92.9208, 13.4631 ], [ 92.9196, 13.4638 ], [ 92.9156, 13.4635 ], [ 92.9202, 13.4628 ], [ 92.9185, 13.4611 ], [ 92.9184, 13.4565 ], [ 92.9204, 13.455 ], [ 92.9213, 13.4634 ], [ 92.9196, 13.4683 ], [ 92.9322, 13.4719 ], [ 92.9276, 13.4751 ], [ 92.9328, 13.481 ], [ 92.9275, 13.4977 ], [ 92.9304, 13.4952 ], [ 92.9348, 13.5 ], [ 92.9133, 13.5124 ], [ 92.9272, 13.5147 ], [ 92.9261, 13.5216 ], [ 92.9329, 13.5203 ], [ 92.9361, 13.5272 ], [ 92.9394, 13.5247 ], [ 92.9413, 13.5258 ], [ 92.94, 13.5232 ], [ 92.9405, 13.522 ], [ 92.9418, 13.5218 ], [ 92.9432, 13.5232 ], [ 92.938, 13.5316 ], [ 92.9327, 13.5208 ], [ 92.9308, 13.5259 ], [ 92.9144, 13.5204 ], [ 92.9136, 13.5351 ], [ 92.9652, 13.55 ], [ 92.9796, 13.527 ], [ 92.987, 13.5277 ], [ 92.9862, 13.523 ], [ 92.992, 13.522 ], [ 92.9906, 13.5179 ], [ 92.9954, 13.5199 ], [ 92.9958, 13.5244 ], [ 92.9998, 13.5234 ], [ 93.0, 13.5239 ], [ 92.9955, 13.5248 ], [ 92.9947, 13.5201 ], [ 92.991, 13.5232 ], [ 92.987, 13.5235 ], [ 92.991, 13.5391 ], [ 92.9789, 13.5498 ], [ 92.9821, 13.5694 ], [ 92.9892, 13.5751 ], [ 93.0037, 13.5663 ], [ 93.0105, 13.5487 ], [ 93.0142, 13.5722 ], [ 93.0273, 13.5794 ], [ 93.0432, 13.5049 ], [ 93.0337, 13.4659 ], [ 93.0186, 13.4663 ], [ 93.0161, 13.4623 ], [ 93.0144, 13.4553 ], [ 93.0119, 13.4536 ], [ 93.012, 13.4588 ], [ 93.0104, 13.4598 ], [ 93.0081, 13.4594 ], [ 93.0095, 13.4613 ], [ 93.0077, 13.4624 ], [ 93.0061, 13.4624 ], [ 93.0051, 13.4633 ], [ 93.0116, 13.4533 ], [ 93.0145, 13.4546 ], [ 93.017, 13.4633 ], [ 93.0299, 13.4611 ], [ 93.0366, 13.4413 ], [ 93.0184, 13.4316 ], [ 93.0129, 13.4437 ], [ 93.0154, 13.4338 ], [ 92.9965, 13.4411 ], [ 92.9891, 13.4274 ], [ 93.0001, 13.4358 ], [ 93.0075, 13.4182 ], [ 93.008, 13.4332 ], [ 93.039, 13.4279 ], [ 93.0463, 13.4046 ], [ 93.0611, 13.4215 ], [ 93.0584, 13.399 ], [ 93.0695, 13.4078 ], [ 93.0685, 13.3966 ], [ 93.0511, 13.3898 ], [ 93.047, 13.3746 ], [ 93.0419, 13.382 ], [ 93.0129, 13.3773 ], [ 93.0036, 13.3924 ], [ 92.9992, 13.3959 ], [ 93.0037, 13.3916 ], [ 92.9964, 13.3876 ], [ 92.9968, 13.3838 ], [ 92.9999, 13.3822 ], [ 92.997, 13.3824 ], [ 92.9944, 13.3804 ], [ 92.9911, 13.3809 ], [ 92.9888, 13.3773 ], [ 92.9891, 13.3791 ], [ 92.9859, 13.38 ], [ 92.9796, 13.3799 ], [ 92.9887, 13.3768 ], [ 92.9923, 13.3803 ], [ 92.9949, 13.3763 ], [ 92.9938, 13.3798 ], [ 93.0001, 13.3819 ], [ 93.0032, 13.3896 ], [ 93.0141, 13.3707 ], [ 93.0343, 13.3744 ], [ 93.0363, 13.3698 ], [ 93.0401, 13.3682 ], [ 93.0244, 13.3576 ], [ 93.0412, 13.3515 ], [ 93.0314, 13.3439 ], [ 92.9992, 13.3505 ], [ 92.9842, 13.328 ], [ 92.973, 13.3593 ], [ 92.9508, 13.3615 ], [ 92.9621, 13.3548 ], [ 92.9546, 13.3443 ], [ 92.9494, 13.3501 ], [ 92.9454, 13.351 ], [ 92.9582, 13.339 ], [ 92.9519, 13.3269 ], [ 92.9612, 13.3231 ], [ 92.9495, 13.3212 ], [ 92.9479, 13.3187 ], [ 92.9484, 13.3174 ], [ 92.9607, 13.3203 ], [ 92.9646, 13.3283 ], [ 92.9888, 13.3109 ], [ 92.997, 13.3149 ], [ 92.9827, 13.2992 ], [ 92.9829, 13.2984 ], [ 92.9847, 13.2977 ], [ 92.9863, 13.2953 ], [ 92.9902, 13.2929 ], [ 92.9906, 13.2919 ], [ 92.9862, 13.2915 ], [ 92.9843, 13.2872 ], [ 92.9817, 13.2883 ], [ 92.9806, 13.2815 ], [ 92.9784, 13.2838 ], [ 92.9739, 13.2819 ], [ 92.9811, 13.2812 ], [ 92.9925, 13.2921 ], [ 92.9944, 13.2798 ], [ 93.0, 13.2809 ], [ 92.9972, 13.2902 ], [ 92.9864, 13.2992 ], [ 92.995, 13.2971 ], [ 93.0008, 13.2987 ], [ 93.0025, 13.3039 ], [ 93.0102, 13.3023 ], [ 93.0051, 13.2972 ], [ 93.005, 13.2958 ], [ 93.0075, 13.2919 ], [ 93.0096, 13.3006 ], [ 93.021, 13.2968 ], [ 93.012, 13.2956 ], [ 93.0111, 13.2768 ], [ 93.0254, 13.2826 ], [ 93.0336, 13.2776 ], [ 93.0457, 13.2827 ], [ 93.0397, 13.2698 ], [ 93.0437, 13.2543 ], [ 93.0658, 13.2738 ], [ 93.0318, 13.1786 ], [ 93.0343, 13.0814 ], [ 93.0034, 13.0282 ], [ 92.9664, 13.0297 ], [ 92.9747, 13.0142 ], [ 92.9596, 13.0142 ], [ 92.9332, 13.0422 ], [ 92.9356, 13.0528 ], [ 92.9485, 13.0515 ], [ 92.9381, 13.0589 ], [ 92.9466, 13.0666 ], [ 92.9466, 13.0688 ], [ 92.9499, 13.0674 ], [ 92.9526, 13.07 ], [ 92.9567, 13.0656 ], [ 92.956, 13.0728 ], [ 92.9373, 13.0654 ], [ 92.9349, 13.0893 ], [ 92.939, 13.0911 ], [ 92.9391, 13.0887 ], [ 92.9399, 13.0881 ], [ 92.941, 13.0881 ], [ 92.9421, 13.0891 ], [ 92.9441, 13.089 ], [ 92.9456, 13.0897 ], [ 92.9422, 13.0894 ], [ 92.9406, 13.0883 ], [ 92.9394, 13.0886 ], [ 92.9461, 13.1235 ], [ 92.9445, 13.1339 ], [ 92.9398, 13.1401 ], [ 92.9404, 13.1407 ], [ 92.9421, 13.1396 ], [ 92.9433, 13.1398 ], [ 92.9412, 13.1455 ], [ 92.9393, 13.14 ], [ 92.9457, 13.1237 ], [ 92.9391, 13.1041 ], [ 92.9385, 13.1062 ], [ 92.9374, 13.1081 ], [ 92.9367, 13.1085 ], [ 92.9364, 13.108 ], [ 92.9364, 13.1048 ], [ 92.9358, 13.1065 ], [ 92.9339, 13.1075 ], [ 92.9342, 13.1089 ], [ 92.9336, 13.1093 ], [ 92.9346, 13.0606 ], [ 92.9274, 13.056 ], [ 92.9251, 13.0643 ], [ 92.929, 13.0684 ], [ 92.9287, 13.0725 ], [ 92.9246, 13.0648 ], [ 92.9271, 13.0557 ], [ 92.9226, 13.0535 ], [ 92.9122, 13.08 ], [ 92.9009, 13.0819 ], [ 92.8989, 13.0955 ], [ 92.8871, 13.0933 ], [ 92.8924, 13.1008 ], [ 92.8923, 13.1033 ], [ 92.8772, 13.1499 ], [ 92.873, 13.1491 ], [ 92.8888, 13.1079 ], [ 92.8815, 13.1084 ], [ 92.8732, 13.1035 ], [ 92.889, 13.1071 ], [ 92.8856, 13.0923 ], [ 92.8983, 13.0935 ], [ 92.8998, 13.0813 ], [ 92.9121, 13.0668 ], [ 92.8951, 13.0587 ], [ 92.8858, 13.0454 ], [ 92.8761, 13.055 ], [ 92.8642, 13.0597 ], [ 92.8665, 13.0646 ], [ 92.8604, 13.0666 ], [ 92.859, 13.0752 ], [ 92.8541, 13.0776 ], [ 92.8558, 13.0779 ], [ 92.858, 13.0799 ], [ 92.8536, 13.0777 ], [ 92.858, 13.0714 ], [ 92.8463, 13.0751 ], [ 92.8596, 13.0664 ], [ 92.8496, 13.0639 ], [ 92.8484, 13.0595 ], [ 92.8494, 13.0549 ], [ 92.8443, 13.061 ], [ 92.8417, 13.06 ], [ 92.8436, 13.0509 ], [ 92.8508, 13.0552 ], [ 92.8499, 13.0633 ], [ 92.8603, 13.0656 ], [ 92.8655, 13.0644 ], [ 92.8636, 13.059 ], [ 92.8711, 13.0556 ], [ 92.8683, 13.0546 ], [ 92.8663, 13.0525 ], [ 92.869, 13.047 ], [ 92.865, 13.0453 ], [ 92.8636, 13.0437 ], [ 92.8693, 13.0469 ], [ 92.8701, 13.0548 ], [ 92.8726, 13.0435 ], [ 92.8865, 13.0439 ], [ 92.8971, 13.0581 ], [ 92.9146, 13.0555 ], [ 92.9211, 13.0397 ], [ 92.9083, 13.0194 ], [ 92.9022, 13.0227 ], [ 92.8963, 13.0201 ], [ 92.8953, 13.0181 ], [ 92.9044, 13.0213 ], [ 92.9105, 13.0075 ], [ 92.9016, 13.0024 ], [ 92.9015, 13.0064 ], [ 92.8977, 13.0081 ], [ 92.8998, 13.0097 ], [ 92.8977, 13.011 ], [ 92.8965, 13.0095 ], [ 92.8966, 13.0111 ], [ 92.8943, 13.0111 ], [ 92.9014, 13.002 ], [ 92.9128, 13.0048 ], [ 92.9184, 12.9873 ], [ 92.933, 12.9913 ], [ 92.9394, 12.9688 ], [ 92.9105, 12.9453 ], [ 92.9061, 12.9836 ], [ 92.8962, 12.9953 ], [ 92.8862, 12.9825 ], [ 92.8906, 12.9973 ], [ 92.883, 13.0055 ], [ 92.8704, 12.9353 ], [ 92.8494, 12.9456 ], [ 92.8542, 12.9547 ], [ 92.8513, 12.961 ], [ 92.84, 12.9499 ], [ 92.8429, 12.9429 ], [ 92.8492, 12.9506 ], [ 92.8455, 12.944 ], [ 92.8561, 12.9352 ], [ 92.8426, 12.9334 ], [ 92.8558, 12.9337 ], [ 92.8588, 12.9179 ], [ 92.8448, 12.9126 ], [ 92.8577, 12.9133 ], [ 92.8604, 12.9031 ], [ 92.8749, 12.9082 ], [ 92.8686, 12.8905 ], [ 92.8728, 12.8837 ], [ 92.8423, 12.8769 ], [ 92.8426, 12.8922 ], [ 92.8384, 12.8928 ], [ 92.8288, 12.8868 ], [ 92.8286, 12.8994 ], [ 92.8265, 12.893 ], [ 92.8046, 12.9004 ], [ 92.8047, 12.9063 ], [ 92.8082, 12.9059 ], [ 92.8085, 12.9061 ], [ 92.809, 12.9075 ], [ 92.8087, 12.9081 ], [ 92.8096, 12.9086 ], [ 92.8098, 12.9092 ], [ 92.8043, 12.9063 ], [ 92.8014, 12.8997 ], [ 92.7923, 12.9306 ], [ 92.801, 12.9521 ], [ 92.79, 12.9609 ], [ 92.7994, 12.9918 ], [ 92.8111, 12.9725 ], [ 92.8154, 12.9871 ], [ 92.8175, 12.9866 ], [ 92.8199, 12.9832 ], [ 92.8215, 12.9827 ], [ 92.8197, 12.9791 ], [ 92.8221, 12.9772 ], [ 92.8216, 12.9828 ], [ 92.8164, 12.991 ], [ 92.8059, 12.9946 ], [ 92.807, 12.999 ], [ 92.8229, 13.0065 ], [ 92.8247, 12.9985 ], [ 92.842, 12.9914 ], [ 92.8331, 13.0047 ], [ 92.8228, 13.0074 ], [ 92.826, 13.0168 ], [ 92.8293, 13.0152 ], [ 92.8353, 13.0187 ], [ 92.8371, 13.0231 ], [ 92.835, 13.0191 ], [ 92.8316, 13.0204 ], [ 92.8292, 13.0161 ], [ 92.826, 13.0177 ], [ 92.8205, 13.0122 ], [ 92.8182, 13.0123 ], [ 92.8176, 13.0159 ], [ 92.815, 13.0167 ], [ 92.8136, 13.0221 ], [ 92.8128, 13.0218 ], [ 92.8143, 13.0069 ], [ 92.788, 13.0195 ], [ 92.7924, 13.0477 ], [ 92.796, 13.0472 ], [ 92.7979, 13.0442 ], [ 92.799, 13.0433 ], [ 92.7992, 13.0434 ], [ 92.7917, 13.0533 ], [ 92.7968, 13.068 ], [ 92.7928, 13.092 ], [ 92.8008, 13.0913 ], [ 92.7976, 13.0815 ], [ 92.8141, 13.0723 ], [ 92.8056, 13.1009 ], [ 92.8206, 13.0912 ], [ 92.8214, 13.1118 ], [ 92.825, 13.1127 ], [ 92.8085, 13.1273 ], [ 92.8231, 13.1348 ], [ 92.8472, 13.1182 ], [ 92.8387, 13.1348 ], [ 92.8467, 13.1386 ], [ 92.8484, 13.1502 ], [ 92.8466, 13.1482 ], [ 92.847, 13.1432 ], [ 92.8454, 13.1414 ], [ 92.8381, 13.1486 ], [ 92.8204, 13.1451 ], [ 92.8079, 13.1538 ], [ 92.8142, 13.1747 ], [ 92.8273, 13.1673 ], [ 92.8193, 13.1621 ], [ 92.827, 13.1634 ], [ 92.8278, 13.1676 ], [ 92.8251, 13.1711 ], [ 92.8264, 13.175 ], [ 92.8372, 13.162 ], [ 92.8444, 13.1609 ], [ 92.8472, 13.1618 ], [ 92.8483, 13.1628 ], [ 92.8483, 13.1629 ], [ 92.8375, 13.1622 ], [ 92.8346, 13.1753 ], [ 92.8158, 13.1841 ], [ 92.8161, 13.2045 ], [ 92.8226, 13.2045 ], [ 92.8273, 13.2094 ], [ 92.8287, 13.2109 ], [ 92.8298, 13.212 ], [ 92.8255, 13.2372 ], [ 92.837, 13.2439 ], [ 92.8536, 13.2339 ], [ 92.8509, 13.2285 ], [ 92.8551, 13.219 ], [ 92.8478, 13.2127 ], [ 92.8477, 13.2112 ], [ 92.849, 13.2075 ], [ 92.8612, 13.2064 ], [ 92.8582, 13.2008 ], [ 92.8591, 13.1994 ] ], [ [ 92.9439, 13.5198 ], [ 92.9443, 13.5195 ], [ 92.9452, 13.5201 ], [ 92.9432, 13.5232 ], [ 92.9439, 13.5198 ] ], [ [ 92.8281, 13.1088 ], [ 92.8288, 13.1087 ], [ 92.8294, 13.1089 ], [ 92.825, 13.1127 ], [ 92.8281, 13.1088 ] ], [ [ 92.8487, 13.1613 ], [ 92.8492, 13.1611 ], [ 92.8483, 13.1628 ], [ 92.8487, 13.1613 ] ] ], [ [ [ 93.0138, 13.2858 ], [ 93.0165, 13.285 ], [ 93.014, 13.2836 ], [ 93.0138, 13.2858 ] ] ], [ [ [ 92.9851, 13.3 ], [ 92.984, 13.2982 ], [ 92.984, 13.2998 ], [ 92.9851, 13.3 ] ] ], [ [ [ 93.0118, 13.3014 ], [ 93.0108, 13.3029 ], [ 93.0022, 13.3043 ], [ 92.9951, 13.2974 ], [ 93.0078, 13.3209 ], [ 93.0118, 13.3014 ] ] ], [ [ [ 93.0155, 13.3259 ], [ 93.0203, 13.3215 ], [ 93.0203, 13.3125 ], [ 93.0231, 13.3076 ], [ 93.0212, 13.3016 ], [ 93.0155, 13.3259 ] ] ], [ [ [ 92.9943, 13.3197 ], [ 93.0055, 13.3228 ], [ 92.9993, 13.3162 ], [ 92.9943, 13.3197 ] ] ], [ [ [ 92.967, 13.3325 ], [ 92.9639, 13.3354 ], [ 92.9675, 13.3357 ], [ 92.967, 13.3325 ] ] ], [ [ [ 93.0074, 13.337 ], [ 93.0089, 13.3373 ], [ 93.0083, 13.3357 ], [ 93.0074, 13.337 ] ] ], [ [ [ 93.0129, 13.3369 ], [ 93.0124, 13.3375 ], [ 93.0153, 13.3387 ], [ 93.0129, 13.3369 ] ] ], [ [ [ 93.0179, 13.3456 ], [ 93.0204, 13.3442 ], [ 93.0174, 13.3367 ], [ 93.0179, 13.3456 ] ] ], [ [ [ 92.9846, 13.5284 ], [ 92.9847, 13.53 ], [ 92.9852, 13.5294 ], [ 92.9846, 13.5284 ] ] ], [ [ [ 92.9831, 13.5382 ], [ 92.9864, 13.5361 ], [ 92.9784, 13.5308 ], [ 92.9831, 13.5382 ] ] ], [ [ [ 92.9786, 13.5353 ], [ 92.9779, 13.5355 ], [ 92.9785, 13.5364 ], [ 92.9786, 13.5353 ] ] ], [ [ [ 92.9138, 13.5412 ], [ 92.9137, 13.5439 ], [ 92.9163, 13.542 ], [ 92.9138, 13.5412 ] ] ], [ [ [ 92.9982, 13.5702 ], [ 93.0, 13.5727 ], [ 93.0003, 13.5686 ], [ 92.9982, 13.5702 ] ] ], [ [ [ 93.0152, 13.6302 ], [ 93.0147, 13.6293 ], [ 93.0141, 13.6303 ], [ 93.0148, 13.6323 ], [ 93.0152, 13.6302 ] ] ], [ [ [ 93.0135, 13.6352 ], [ 93.0141, 13.6331 ], [ 93.0129, 13.6344 ], [ 93.0135, 13.6352 ] ] ], [ [ [ 93.0104, 13.6388 ], [ 93.0103, 13.6385 ], [ 93.0102, 13.6386 ], [ 93.0104, 13.6388 ] ] ], [ [ [ 93.0194, 13.6741 ], [ 93.0326, 13.6312 ], [ 93.0181, 13.622 ], [ 93.0134, 13.6433 ], [ 92.9826, 13.6407 ], [ 92.9712, 13.6522 ], [ 92.9797, 13.6666 ], [ 93.0028, 13.6727 ], [ 93.0043, 13.666 ], [ 93.0096, 13.6628 ], [ 93.0037, 13.6732 ], [ 93.0194, 13.6741 ] ] ], [ [ [ 93.0495, 8.4424 ], [ 93.0494, 8.4425 ], [ 93.0497, 8.4427 ], [ 93.0495, 8.4424 ] ] ], [ [ [ 93.0494, 8.443 ], [ 93.0496, 8.4432 ], [ 93.0498, 8.443 ], [ 93.0494, 8.443 ] ] ], [ [ [ 93.0502, 8.4439 ], [ 93.0504, 8.4434 ], [ 93.0501, 8.4436 ], [ 93.0502, 8.4439 ] ] ], [ [ [ 93.0497, 8.4448 ], [ 93.05, 8.4447 ], [ 93.0497, 8.4446 ], [ 93.0497, 8.4448 ] ] ], [ [ [ 93.0502, 8.4451 ], [ 93.0503, 8.4447 ], [ 93.0499, 8.4449 ], [ 93.0502, 8.4451 ] ] ], [ [ [ 93.0497, 8.4453 ], [ 93.0498, 8.4451 ], [ 93.0497, 8.445 ], [ 93.0497, 8.4453 ] ] ], [ [ [ 93.0497, 8.4455 ], [ 93.0496, 8.4455 ], [ 93.0497, 8.4457 ], [ 93.0497, 8.4455 ] ] ], [ [ [ 93.0497, 8.4436 ], [ 93.0382, 8.4401 ], [ 93.0245, 8.4522 ], [ 93.0306, 8.4711 ], [ 93.047, 8.4615 ], [ 93.0497, 8.4436 ] ] ], [ [ [ 93.0839, 11.7899 ], [ 93.0864, 11.7848 ], [ 93.0762, 11.7835 ], [ 93.0839, 11.7899 ] ] ], [ [ [ 93.0138, 11.8283 ], [ 93.014, 11.8503 ], [ 93.0312, 11.8374 ], [ 93.069, 11.8427 ], [ 93.0589, 11.8143 ], [ 93.0423, 11.8099 ], [ 93.0138, 11.8283 ] ] ], [ [ [ 93.0721, 11.8343 ], [ 93.0722, 11.8343 ], [ 93.0716, 11.8337 ], [ 93.0721, 11.8343 ] ] ], [ [ [ 93.0712, 11.8391 ], [ 93.072, 11.8376 ], [ 93.071, 11.8385 ], [ 93.0712, 11.8391 ] ] ], [ [ [ 93.0534, 12.0729 ], [ 93.0535, 12.0725 ], [ 93.0526, 12.0728 ], [ 93.0534, 12.0729 ] ] ], [ [ [ 93.0544, 12.0733 ], [ 93.0537, 12.0736 ], [ 93.0546, 12.0738 ], [ 93.0544, 12.0733 ] ] ], [ [ [ 93.077, 12.0763 ], [ 93.0767, 12.0767 ], [ 93.0773, 12.0764 ], [ 93.077, 12.0763 ] ] ], [ [ [ 93.0804, 12.077 ], [ 93.08, 12.0765 ], [ 93.0795, 12.0768 ], [ 93.0804, 12.077 ] ] ], [ [ [ 93.0789, 12.0771 ], [ 93.0791, 12.0766 ], [ 93.0784, 12.0771 ], [ 93.0789, 12.0771 ] ] ], [ [ [ 93.0332, 12.105 ], [ 93.0337, 12.105 ], [ 93.0343, 12.1026 ], [ 93.0332, 12.105 ] ] ], [ [ [ 92.9996, 12.1098 ], [ 92.9995, 12.1102 ], [ 93.0016, 12.1109 ], [ 93.0028, 12.112 ], [ 93.0038, 12.1175 ], [ 92.9953, 12.1317 ], [ 92.9997, 12.1403 ], [ 93.0003, 12.1271 ], [ 93.0018, 12.1255 ], [ 93.0102, 12.1523 ], [ 93.0075, 12.1564 ], [ 93.0115, 12.1537 ], [ 93.0157, 12.1547 ], [ 93.0198, 12.1677 ], [ 93.0237, 12.1415 ], [ 93.0338, 12.0996 ], [ 93.0538, 12.0782 ], [ 93.0505, 12.0728 ], [ 93.0532, 12.0538 ], [ 93.0434, 12.0426 ], [ 93.0051, 12.0768 ], [ 93.0072, 12.105 ], [ 93.0059, 12.1081 ], [ 92.9996, 12.1098 ] ] ], [ [ [ 93.0845, 12.1193 ], [ 93.0966, 12.1389 ], [ 93.1016, 12.1288 ], [ 93.0971, 12.0928 ], [ 93.0763, 12.0775 ], [ 93.048, 12.1141 ], [ 93.0684, 12.1215 ], [ 93.0467, 12.1184 ], [ 93.0353, 12.1321 ], [ 93.0691, 12.2122 ], [ 93.0879, 12.1951 ], [ 93.0763, 12.1797 ], [ 93.0919, 12.1819 ], [ 93.086, 12.1563 ], [ 93.0973, 12.1425 ], [ 93.0845, 12.1193 ] ] ], [ [ [ 93.0204, 12.2234 ], [ 93.0188, 12.2234 ], [ 93.0203, 12.2251 ], [ 93.0204, 12.2234 ] ] ], [ [ [ 93.028, 12.2802 ], [ 93.0291, 12.2782 ], [ 93.0204, 12.2747 ], [ 93.028, 12.2802 ] ] ], [ [ [ 93.0706, 12.3197 ], [ 93.0726, 12.3153 ], [ 93.0613, 12.3153 ], [ 93.0706, 12.3197 ] ] ], [ [ [ 93.0568, 13.2273 ], [ 93.0587, 13.2262 ], [ 93.0557, 13.2249 ], [ 93.0568, 13.2273 ] ] ], [ [ [ 93.0603, 13.2248 ], [ 93.059, 13.2275 ], [ 93.061, 13.2272 ], [ 93.0603, 13.2248 ] ] ], [ [ [ 93.0487, 13.2621 ], [ 93.0483, 13.2638 ], [ 93.0492, 13.2637 ], [ 93.0487, 13.2621 ] ] ], [ [ [ 93.0676, 13.2666 ], [ 93.0677, 13.2671 ], [ 93.0679, 13.2666 ], [ 93.0676, 13.2666 ] ] ], [ [ [ 93.068, 13.2672 ], [ 93.0682, 13.2676 ], [ 93.0684, 13.2672 ], [ 93.068, 13.2672 ] ] ], [ [ [ 93.0678, 13.2678 ], [ 93.068, 13.2681 ], [ 93.0682, 13.2678 ], [ 93.0678, 13.2678 ] ] ], [ [ [ 93.0683, 13.269 ], [ 93.0685, 13.2689 ], [ 93.0682, 13.2686 ], [ 93.0683, 13.269 ] ] ], [ [ [ 93.0709, 13.2729 ], [ 93.071, 13.2728 ], [ 93.0707, 13.2727 ], [ 93.0709, 13.2729 ] ] ], [ [ [ 93.0704, 13.2732 ], [ 93.0705, 13.273 ], [ 93.0703, 13.2731 ], [ 93.0704, 13.2732 ] ] ], [ [ [ 93.07, 13.273 ], [ 93.0699, 13.273 ], [ 93.0699, 13.2734 ], [ 93.07, 13.273 ] ] ], [ [ [ 93.0711, 13.2736 ], [ 93.0711, 13.2735 ], [ 93.0709, 13.2733 ], [ 93.0711, 13.2736 ] ] ], [ [ [ 93.0706, 13.2738 ], [ 93.0707, 13.2736 ], [ 93.0705, 13.2737 ], [ 93.0706, 13.2738 ] ] ], [ [ [ 93.0714, 13.2739 ], [ 93.0717, 13.2741 ], [ 93.0714, 13.2736 ], [ 93.0714, 13.2739 ] ] ], [ [ [ 93.0701, 13.2737 ], [ 93.0701, 13.2741 ], [ 93.0703, 13.2738 ], [ 93.0701, 13.2737 ] ] ], [ [ [ 93.071, 13.2743 ], [ 93.0712, 13.2742 ], [ 93.0709, 13.274 ], [ 93.071, 13.2743 ] ] ], [ [ [ 93.0704, 13.2745 ], [ 93.0705, 13.275 ], [ 93.0707, 13.2745 ], [ 93.0704, 13.2745 ] ] ], [ [ [ 93.0326, 13.2794 ], [ 93.0312, 13.2804 ], [ 93.0322, 13.2808 ], [ 93.0326, 13.2794 ] ] ], [ [ [ 93.021, 13.2944 ], [ 93.0211, 13.2947 ], [ 93.0212, 13.2943 ], [ 93.021, 13.2944 ] ] ], [ [ [ 93.0447, 13.2942 ], [ 93.0492, 13.2961 ], [ 93.0485, 13.2932 ], [ 93.0447, 13.2942 ] ] ], [ [ [ 93.0798, 13.2949 ], [ 93.0797, 13.295 ], [ 93.0802, 13.2951 ], [ 93.0798, 13.2949 ] ] ], [ [ [ 93.0214, 13.2951 ], [ 93.0217, 13.2953 ], [ 93.0215, 13.295 ], [ 93.0214, 13.2951 ] ] ], [ [ [ 93.0758, 13.2958 ], [ 93.0759, 13.2955 ], [ 93.0756, 13.2958 ], [ 93.0758, 13.2958 ] ] ], [ [ [ 93.0765, 13.2958 ], [ 93.0761, 13.2956 ], [ 93.0761, 13.2961 ], [ 93.0765, 13.2958 ] ] ], [ [ [ 93.0779, 13.296 ], [ 93.0782, 13.2959 ], [ 93.0779, 13.2957 ], [ 93.0779, 13.296 ] ] ], [ [ [ 93.0775, 13.296 ], [ 93.0776, 13.2957 ], [ 93.0773, 13.2959 ], [ 93.0775, 13.296 ] ] ], [ [ [ 93.0768, 13.2962 ], [ 93.077, 13.2961 ], [ 93.0767, 13.2958 ], [ 93.0768, 13.2962 ] ] ], [ [ [ 93.0757, 13.2959 ], [ 93.0759, 13.2963 ], [ 93.076, 13.2959 ], [ 93.0757, 13.2959 ] ] ], [ [ [ 93.0785, 13.2963 ], [ 93.0786, 13.296 ], [ 93.0784, 13.2961 ], [ 93.0785, 13.2963 ] ] ], [ [ [ 93.0776, 13.2965 ], [ 93.0777, 13.2962 ], [ 93.0774, 13.2964 ], [ 93.0776, 13.2965 ] ] ], [ [ [ 93.0761, 13.2966 ], [ 93.0762, 13.2963 ], [ 93.0761, 13.2962 ], [ 93.0761, 13.2966 ] ] ], [ [ [ 93.0786, 13.2969 ], [ 93.0788, 13.2968 ], [ 93.0785, 13.2966 ], [ 93.0786, 13.2969 ] ] ], [ [ [ 93.0798, 13.2974 ], [ 93.0799, 13.2979 ], [ 93.08, 13.2975 ], [ 93.0798, 13.2974 ] ] ], [ [ [ 93.081, 13.2986 ], [ 93.0808, 13.2981 ], [ 93.0808, 13.2986 ], [ 93.081, 13.2986 ] ] ], [ [ [ 93.0815, 13.2989 ], [ 93.0814, 13.2987 ], [ 93.0811, 13.2987 ], [ 93.0815, 13.2989 ] ] ], [ [ [ 93.0216, 13.3153 ], [ 93.0218, 13.3152 ], [ 93.0216, 13.315 ], [ 93.0216, 13.3153 ] ] ], [ [ [ 93.0222, 13.316 ], [ 93.0224, 13.3159 ], [ 93.0221, 13.3157 ], [ 93.0222, 13.316 ] ] ], [ [ [ 93.0219, 13.3165 ], [ 93.0221, 13.3166 ], [ 93.0222, 13.3164 ], [ 93.0219, 13.3165 ] ] ], [ [ [ 93.0213, 13.3181 ], [ 93.0213, 13.3185 ], [ 93.0216, 13.3182 ], [ 93.0213, 13.3181 ] ] ], [ [ [ 93.0496, 13.3652 ], [ 93.0538, 13.3831 ], [ 93.0707, 13.3491 ], [ 93.0881, 13.346 ], [ 93.0897, 13.3337 ], [ 93.0715, 13.3227 ], [ 93.0781, 13.2963 ], [ 93.0776, 13.2965 ], [ 93.0619, 13.3061 ], [ 93.0585, 13.3289 ], [ 93.0384, 13.3222 ], [ 93.0448, 13.3474 ], [ 93.0384, 13.3619 ], [ 93.0496, 13.3652 ] ] ], [ [ [ 93.0361, 13.3396 ], [ 93.0353, 13.3428 ], [ 93.0384, 13.3428 ], [ 93.0361, 13.3396 ] ] ], [ [ [ 93.035, 13.3615 ], [ 93.0356, 13.3617 ], [ 93.0357, 13.3606 ], [ 93.035, 13.3615 ] ] ], [ [ [ 93.037, 13.363 ], [ 93.0367, 13.3654 ], [ 93.0396, 13.3648 ], [ 93.037, 13.363 ] ] ], [ [ [ 93.0721, 13.3656 ], [ 93.0755, 13.3672 ], [ 93.0763, 13.3625 ], [ 93.0721, 13.3656 ] ] ], [ [ [ 93.0806, 13.3662 ], [ 93.0808, 13.3664 ], [ 93.081, 13.3664 ], [ 93.0806, 13.3662 ] ] ], [ [ [ 93.0813, 13.3666 ], [ 93.0814, 13.3665 ], [ 93.0811, 13.3665 ], [ 93.0813, 13.3666 ] ] ], [ [ [ 93.0807, 13.3669 ], [ 93.0809, 13.3668 ], [ 93.0806, 13.3667 ], [ 93.0807, 13.3669 ] ] ], [ [ [ 93.0792, 13.3683 ], [ 93.0817, 13.3703 ], [ 93.0829, 13.3686 ], [ 93.0792, 13.3683 ] ] ], [ [ [ 93.0404, 13.3654 ], [ 93.0404, 13.3691 ], [ 93.0363, 13.3706 ], [ 93.0366, 13.374 ], [ 93.0453, 13.367 ], [ 93.0404, 13.3654 ] ] ], [ [ [ 93.0363, 13.3742 ], [ 93.0355, 13.3736 ], [ 93.036, 13.3746 ], [ 93.0363, 13.3742 ] ] ], [ [ [ 93.0449, 13.3762 ], [ 93.0446, 13.3755 ], [ 93.0441, 13.3761 ], [ 93.0449, 13.3762 ] ] ], [ [ [ 93.0777, 13.3768 ], [ 93.0779, 13.3768 ], [ 93.0777, 13.3764 ], [ 93.0777, 13.3768 ] ] ], [ [ [ 93.0781, 13.3774 ], [ 93.0796, 13.3774 ], [ 93.0787, 13.3762 ], [ 93.0781, 13.3774 ] ] ], [ [ [ 93.0797, 13.3767 ], [ 93.0798, 13.377 ], [ 93.08, 13.3766 ], [ 93.0797, 13.3767 ] ] ], [ [ [ 93.077, 13.3774 ], [ 93.0773, 13.3773 ], [ 93.0771, 13.3771 ], [ 93.077, 13.3774 ] ] ], [ [ [ 93.0776, 13.3775 ], [ 93.0778, 13.3774 ], [ 93.0775, 13.3772 ], [ 93.0776, 13.3775 ] ] ], [ [ [ 93.0603, 13.3827 ], [ 93.0622, 13.3872 ], [ 93.0617, 13.3828 ], [ 93.0603, 13.3827 ] ] ], [ [ [ 93.0696, 13.4126 ], [ 93.0655, 13.4226 ], [ 93.0722, 13.4323 ], [ 93.0713, 13.4133 ], [ 93.0696, 13.4126 ] ] ], [ [ [ 93.0733, 13.4321 ], [ 93.0732, 13.4332 ], [ 93.0741, 13.4321 ], [ 93.0733, 13.4321 ] ] ], [ [ [ 93.0778, 13.4336 ], [ 93.0773, 13.4324 ], [ 93.0758, 13.4338 ], [ 93.0778, 13.4336 ] ] ], [ [ [ 93.0529, 13.5589 ], [ 93.0508, 13.5655 ], [ 93.0556, 13.5621 ], [ 93.0529, 13.5589 ] ] ], [ [ [ 93.0451, 13.6474 ], [ 93.0678, 13.6522 ], [ 93.0551, 13.6427 ], [ 93.0461, 13.6198 ], [ 93.0451, 13.6474 ] ] ], [ [ [ 93.0351, 13.6413 ], [ 93.0342, 13.6421 ], [ 93.0352, 13.643 ], [ 93.0351, 13.6413 ] ] ], [ [ [ 93.0337, 13.6449 ], [ 93.0336, 13.6464 ], [ 93.0347, 13.6452 ], [ 93.0337, 13.6449 ] ] ], [ [ [ 93.0303, 13.6628 ], [ 93.0302, 13.6627 ], [ 93.0298, 13.6636 ], [ 93.0303, 13.6628 ] ] ], [ [ [ 93.5197, 7.5278 ], [ 93.5255, 7.5293 ], [ 93.5292, 7.5136 ], [ 93.5197, 7.5278 ] ] ], [ [ [ 93.4416, 7.8764 ], [ 93.4412, 7.8773 ], [ 93.4422, 7.8767 ], [ 93.4416, 7.8764 ] ] ], [ [ [ 93.3864, 7.8898 ], [ 93.3862, 7.8901 ], [ 93.3878, 7.8914 ], [ 93.3864, 7.8898 ] ] ], [ [ [ 93.3891, 7.9003 ], [ 93.3895, 7.8905 ], [ 93.3871, 7.8959 ], [ 93.3891, 7.9003 ] ] ], [ [ [ 93.3951, 7.8986 ], [ 93.3954, 7.9027 ], [ 93.3987, 7.8985 ], [ 93.3951, 7.8986 ] ] ], [ [ [ 93.3945, 7.9027 ], [ 93.3925, 7.8994 ], [ 93.3904, 7.9017 ], [ 93.3945, 7.9027 ] ] ], [ [ [ 93.3225, 7.9311 ], [ 93.3231, 7.9319 ], [ 93.3267, 7.9304 ], [ 93.3225, 7.9311 ] ] ], [ [ [ 93.339, 7.9427 ], [ 93.3383, 7.9373 ], [ 93.3359, 7.9408 ], [ 93.339, 7.9427 ] ] ], [ [ [ 93.335, 7.9001 ], [ 93.3268, 7.9235 ], [ 93.3355, 7.9245 ], [ 93.3411, 7.9302 ], [ 93.3418, 7.9469 ], [ 93.3319, 7.9495 ], [ 93.3379, 7.9352 ], [ 93.3299, 7.9276 ], [ 93.3236, 7.9359 ], [ 93.3211, 7.9293 ], [ 93.3245, 7.9252 ], [ 93.322, 7.9229 ], [ 93.3079, 7.9339 ], [ 93.3006, 7.9615 ], [ 93.32, 8.0074 ], [ 93.3731, 8.0217 ], [ 93.4014, 8.0088 ], [ 93.3923, 7.9934 ], [ 93.4036, 7.9616 ], [ 93.4209, 7.9686 ], [ 93.4519, 7.9393 ], [ 93.4662, 7.8911 ], [ 93.4539, 7.8722 ], [ 93.412, 7.9069 ], [ 93.3881, 7.9016 ], [ 93.368, 7.8777 ], [ 93.335, 7.9001 ] ] ], [ [ [ 93.541, 7.9966 ], [ 93.5427, 7.9919 ], [ 93.5438, 7.9914 ], [ 93.5341, 8.0263 ], [ 93.545, 8.0275 ], [ 93.5733, 7.9942 ], [ 93.5694, 7.9283 ], [ 93.4945, 7.9942 ], [ 93.5159, 8.0007 ], [ 93.5221, 8.0262 ], [ 93.5324, 8.016 ], [ 93.532, 8.0084 ], [ 93.538, 8.0025 ], [ 93.5381, 7.9987 ], [ 93.541, 7.9966 ] ] ], [ [ [ 93.4767, 8.0098 ], [ 93.477, 8.0099 ], [ 93.4768, 8.009 ], [ 93.4767, 8.0098 ] ] ], [ [ [ 93.479, 8.0093 ], [ 93.4774, 8.0098 ], [ 93.4791, 8.0102 ], [ 93.479, 8.0093 ] ] ], [ [ [ 93.4756, 8.0144 ], [ 93.4757, 8.0129 ], [ 93.4747, 8.014 ], [ 93.4756, 8.0144 ] ] ], [ [ [ 93.4746, 8.0148 ], [ 93.4743, 8.0156 ], [ 93.4751, 8.0155 ], [ 93.4746, 8.0148 ] ] ], [ [ [ 93.4751, 8.0163 ], [ 93.4749, 8.0172 ], [ 93.4752, 8.0164 ], [ 93.4751, 8.0163 ] ] ], [ [ [ 93.4738, 8.0348 ], [ 93.4736, 8.0359 ], [ 93.4746, 8.0351 ], [ 93.4738, 8.0348 ] ] ], [ [ [ 93.4951, 8.0486 ], [ 93.4951, 8.0481 ], [ 93.4933, 8.0484 ], [ 93.4951, 8.0486 ] ] ], [ [ [ 93.5139, 8.0643 ], [ 93.5136, 8.0645 ], [ 93.5141, 8.0647 ], [ 93.5139, 8.0643 ] ] ], [ [ [ 93.5148, 8.0689 ], [ 93.5145, 8.0691 ], [ 93.5149, 8.0693 ], [ 93.5148, 8.0689 ] ] ], [ [ [ 93.5141, 8.0749 ], [ 93.5134, 8.0747 ], [ 93.5133, 8.0754 ], [ 93.5141, 8.0749 ] ] ], [ [ [ 93.5609, 8.1081 ], [ 93.5529, 8.1204 ], [ 93.571, 8.1274 ], [ 93.5831, 8.0964 ], [ 93.5747, 8.1024 ], [ 93.5726, 8.0967 ], [ 93.5829, 8.0953 ], [ 93.5915, 8.0499 ], [ 93.5848, 8.0381 ], [ 93.5626, 8.0675 ], [ 93.5782, 8.0742 ], [ 93.5608, 8.093 ], [ 93.5677, 8.1196 ], [ 93.5609, 8.1081 ] ] ], [ [ [ 93.4985, 8.0359 ], [ 93.4911, 7.9985 ], [ 93.4804, 8.0029 ], [ 93.4759, 8.0461 ], [ 93.4991, 8.038 ], [ 93.4938, 8.0575 ], [ 93.5018, 8.069 ], [ 93.5038, 8.05 ], [ 93.5157, 8.0533 ], [ 93.5212, 8.0804 ], [ 93.5046, 8.0857 ], [ 93.4757, 8.0529 ], [ 93.4697, 8.0886 ], [ 93.4839, 8.0876 ], [ 93.4878, 8.0908 ], [ 93.4879, 8.0951 ], [ 93.4689, 8.0903 ], [ 93.4588, 8.1021 ], [ 93.4482, 8.1336 ], [ 93.4564, 8.1407 ], [ 93.4375, 8.1704 ], [ 93.4868, 8.1985 ], [ 93.4783, 8.1974 ], [ 93.4834, 8.2228 ], [ 93.516, 8.2334 ], [ 93.5346, 8.229 ], [ 93.5365, 8.2024 ], [ 93.5253, 8.1781 ], [ 93.5255, 8.1871 ], [ 93.5041, 8.176 ], [ 93.4928, 8.1462 ], [ 93.5378, 8.09 ], [ 93.5408, 8.0361 ], [ 93.5213, 8.0506 ], [ 93.5144, 8.0335 ], [ 93.4985, 8.0359 ] ] ], [ [ [ 93.1938, 8.1863 ], [ 93.1938, 8.1866 ], [ 93.194, 8.1863 ], [ 93.1938, 8.1863 ] ] ], [ [ [ 93.1971, 8.1904 ], [ 93.1972, 8.1906 ], [ 93.1973, 8.1902 ], [ 93.1971, 8.1904 ] ] ], [ [ [ 93.1879, 8.1907 ], [ 93.1883, 8.1906 ], [ 93.1879, 8.1903 ], [ 93.1879, 8.1907 ] ] ], [ [ [ 93.1755, 8.1936 ], [ 93.1749, 8.1939 ], [ 93.1756, 8.1938 ], [ 93.1755, 8.1936 ] ] ], [ [ [ 93.1861, 8.1937 ], [ 93.1862, 8.1941 ], [ 93.1865, 8.194 ], [ 93.1861, 8.1937 ] ] ], [ [ [ 93.1878, 8.1953 ], [ 93.188, 8.1955 ], [ 93.1881, 8.195 ], [ 93.1878, 8.1953 ] ] ], [ [ [ 93.2113, 8.1972 ], [ 93.2115, 8.197 ], [ 93.211, 8.1969 ], [ 93.2113, 8.1972 ] ] ], [ [ [ 93.1265, 8.216 ], [ 93.1265, 8.2163 ], [ 93.127, 8.216 ], [ 93.1265, 8.216 ] ] ], [ [ [ 93.1172, 8.2189 ], [ 93.1175, 8.2192 ], [ 93.1174, 8.2188 ], [ 93.1172, 8.2189 ] ] ], [ [ [ 93.1171, 8.2203 ], [ 93.1173, 8.2204 ], [ 93.1172, 8.22 ], [ 93.1171, 8.2203 ] ] ], [ [ [ 93.2344, 8.2239 ], [ 93.2338, 8.224 ], [ 93.2341, 8.2243 ], [ 93.2344, 8.2239 ] ] ], [ [ [ 93.2263, 8.2244 ], [ 93.2266, 8.2249 ], [ 93.2273, 8.2247 ], [ 93.2263, 8.2244 ] ] ], [ [ [ 93.2422, 8.233 ], [ 93.2423, 8.233 ], [ 93.2421, 8.2328 ], [ 93.2422, 8.233 ] ] ], [ [ [ 93.2418, 8.2339 ], [ 93.242, 8.2339 ], [ 93.2418, 8.2338 ], [ 93.2418, 8.2339 ] ] ], [ [ [ 93.242, 8.2341 ], [ 93.242, 8.2343 ], [ 93.2421, 8.2343 ], [ 93.242, 8.2341 ] ] ], [ [ [ 93.2097, 8.2514 ], [ 93.2294, 8.2631 ], [ 93.2412, 8.2294 ], [ 93.2295, 8.2218 ], [ 93.2097, 8.2514 ] ] ], [ [ [ 93.2266, 8.267 ], [ 93.2267, 8.2668 ], [ 93.2264, 8.2668 ], [ 93.2266, 8.267 ] ] ], [ [ [ 93.0849, 8.3408 ], [ 93.1182, 8.3557 ], [ 93.1335, 8.3465 ], [ 93.1197, 8.2728 ], [ 93.149, 8.2416 ], [ 93.1928, 8.2186 ], [ 93.1903, 8.1959 ], [ 93.1518, 8.2022 ], [ 93.1246, 8.2192 ], [ 93.1116, 8.2236 ], [ 93.0758, 8.2735 ], [ 93.0849, 8.3408 ] ] ], [ [ [ 93.6063, 8.4323 ], [ 93.6062, 8.4325 ], [ 93.6066, 8.4324 ], [ 93.6063, 8.4323 ] ] ], [ [ [ 93.6025, 8.4865 ], [ 93.6031, 8.4875 ], [ 93.6028, 8.4862 ], [ 93.6025, 8.4865 ] ] ], [ [ [ 93.6056, 8.4983 ], [ 93.6056, 8.4985 ], [ 93.6061, 8.4985 ], [ 93.6056, 8.4983 ] ] ], [ [ [ 93.6029, 8.539 ], [ 93.6024, 8.5386 ], [ 93.6024, 8.5393 ], [ 93.6029, 8.539 ] ] ], [ [ [ 93.6005, 8.5496 ], [ 93.6004, 8.5497 ], [ 93.6006, 8.5499 ], [ 93.6005, 8.5496 ] ] ], [ [ [ 93.5998, 8.5581 ], [ 93.5999, 8.558 ], [ 93.5998, 8.5579 ], [ 93.5998, 8.5581 ] ] ], [ [ [ 93.5999, 8.5582 ], [ 93.5997, 8.5584 ], [ 93.5998, 8.5585 ], [ 93.5999, 8.5582 ] ] ], [ [ [ 93.5995, 8.5584 ], [ 93.5994, 8.5585 ], [ 93.5996, 8.5587 ], [ 93.5995, 8.5584 ] ] ], [ [ [ 93.6006, 8.5616 ], [ 93.6005, 8.5617 ], [ 93.6005, 8.5619 ], [ 93.6006, 8.5616 ] ] ], [ [ [ 93.6011, 8.5631 ], [ 93.6011, 8.5634 ], [ 93.6013, 8.5631 ], [ 93.6011, 8.5631 ] ] ], [ [ [ 93.6004, 8.5633 ], [ 93.6004, 8.564 ], [ 93.6009, 8.5635 ], [ 93.6004, 8.5633 ] ] ], [ [ [ 93.6031, 8.5637 ], [ 93.6032, 8.5634 ], [ 93.6027, 8.5639 ], [ 93.6031, 8.5637 ] ] ], [ [ [ 93.6033, 8.5654 ], [ 93.6031, 8.5657 ], [ 93.6034, 8.5655 ], [ 93.6033, 8.5654 ] ] ], [ [ [ 93.6032, 8.5668 ], [ 93.6033, 8.567 ], [ 93.6034, 8.5667 ], [ 93.6032, 8.5668 ] ] ], [ [ [ 93.6028, 8.5673 ], [ 93.603, 8.5673 ], [ 93.6029, 8.5671 ], [ 93.6028, 8.5673 ] ] ], [ [ [ 93.6026, 8.574 ], [ 93.6023, 8.5739 ], [ 93.6025, 8.5742 ], [ 93.6026, 8.574 ] ] ], [ [ [ 93.6018, 8.5743 ], [ 93.6019, 8.5744 ], [ 93.6019, 8.5741 ], [ 93.6018, 8.5743 ] ] ], [ [ [ 93.6058, 8.5745 ], [ 93.6058, 8.5743 ], [ 93.6056, 8.5743 ], [ 93.6058, 8.5745 ] ] ], [ [ [ 93.6029, 8.5745 ], [ 93.6028, 8.5746 ], [ 93.6031, 8.5747 ], [ 93.6029, 8.5745 ] ] ], [ [ [ 93.6052, 8.575 ], [ 93.6051, 8.575 ], [ 93.6051, 8.5751 ], [ 93.6052, 8.575 ] ] ], [ [ [ 93.6028, 8.5751 ], [ 93.6028, 8.5752 ], [ 93.6029, 8.575 ], [ 93.6028, 8.5751 ] ] ], [ [ [ 93.6026, 8.5764 ], [ 93.6025, 8.5767 ], [ 93.6027, 8.5765 ], [ 93.6026, 8.5764 ] ] ], [ [ [ 93.5966, 8.5831 ], [ 93.5985, 8.5831 ], [ 93.5979, 8.58 ], [ 93.5966, 8.5831 ] ] ], [ [ [ 93.0828, 12.0789 ], [ 93.0828, 12.0783 ], [ 93.0823, 12.0788 ], [ 93.0828, 12.0789 ] ] ], [ [ [ 93.1086, 12.1449 ], [ 93.1236, 12.1501 ], [ 93.1229, 12.1384 ], [ 93.1124, 12.1292 ], [ 93.1086, 12.1449 ] ] ], [ [ [ 93.0825, 12.2246 ], [ 93.0838, 12.2167 ], [ 93.0618, 12.2335 ], [ 93.0725, 12.2623 ], [ 93.0865, 12.257 ], [ 93.0855, 12.2384 ], [ 93.1065, 12.2618 ], [ 93.1045, 12.2116 ], [ 93.1001, 12.2004 ], [ 93.0868, 12.2149 ], [ 93.0913, 12.2231 ], [ 93.0867, 12.2293 ], [ 93.0884, 12.2255 ], [ 93.0879, 12.2237 ], [ 93.0825, 12.2246 ] ], [ [ 93.097, 12.2365 ], [ 93.0978, 12.2388 ], [ 93.0865, 12.2296 ], [ 93.0867, 12.2293 ], [ 93.097, 12.2365 ] ] ], [ [ [ 93.0818, 13.2975 ], [ 93.0821, 13.2975 ], [ 93.0818, 13.2971 ], [ 93.0818, 13.2975 ] ] ], [ [ [ 93.0819, 13.3 ], [ 93.082, 13.3 ], [ 93.0821, 13.2998 ], [ 93.0819, 13.3 ] ] ], [ [ [ 93.0823, 13.3002 ], [ 93.0826, 13.3001 ], [ 93.0823, 13.2999 ], [ 93.0823, 13.3002 ] ] ], [ [ [ 93.083, 13.3003 ], [ 93.083, 13.3002 ], [ 93.0828, 13.3003 ], [ 93.083, 13.3003 ] ] ], [ [ [ 93.0821, 13.3675 ], [ 93.0823, 13.3675 ], [ 93.082, 13.3673 ], [ 93.0821, 13.3675 ] ] ], [ [ [ 93.083, 13.3966 ], [ 93.0832, 13.3966 ], [ 93.083, 13.3962 ], [ 93.083, 13.3966 ] ] ], [ [ [ 93.0823, 13.3984 ], [ 93.0828, 13.3961 ], [ 93.0814, 13.3976 ], [ 93.0823, 13.3984 ] ] ], [ [ [ 93.0902, 13.4068 ], [ 93.0858, 13.4161 ], [ 93.0907, 13.4123 ], [ 93.0902, 13.4068 ] ] ], [ [ [ 93.0876, 13.4321 ], [ 93.0867, 13.4311 ], [ 93.0867, 13.4327 ], [ 93.0876, 13.4321 ] ] ], [ [ [ 93.1044, 13.4291 ], [ 93.096, 13.4312 ], [ 93.1043, 13.4357 ], [ 93.1044, 13.4291 ] ] ], [ [ [ 93.1083, 13.6565 ], [ 93.1083, 13.6558 ], [ 93.108, 13.6565 ], [ 93.1083, 13.6565 ] ] ], [ [ [ 93.1105, 13.658 ], [ 93.1107, 13.6578 ], [ 93.1104, 13.6574 ], [ 93.1105, 13.658 ] ] ], [ [ [ 93.1059, 13.6582 ], [ 93.1063, 13.6578 ], [ 93.1057, 13.658 ], [ 93.1059, 13.6582 ] ] ], [ [ [ 93.1073, 13.6616 ], [ 93.1077, 13.6614 ], [ 93.1073, 13.6607 ], [ 93.1073, 13.6616 ] ] ], [ [ [ 93.9507, 6.9346 ], [ 93.9502, 6.9341 ], [ 93.9493, 6.935 ], [ 93.9507, 6.9346 ] ] ], [ [ [ 93.9099, 6.9993 ], [ 93.9414, 6.9543 ], [ 93.9154, 6.9473 ], [ 93.9146, 6.9299 ], [ 93.9038, 6.9273 ], [ 93.9097, 6.9106 ], [ 93.8915, 6.9012 ], [ 93.889, 6.8478 ], [ 93.9053, 6.8348 ], [ 93.8977, 6.8135 ], [ 93.876, 6.7932 ], [ 93.8624, 6.8135 ], [ 93.847, 6.8113 ], [ 93.8549, 6.82 ], [ 93.8552, 6.8262 ], [ 93.8551, 6.8278 ], [ 93.8505, 6.8333 ], [ 93.8472, 6.835 ], [ 93.8547, 6.8209 ], [ 93.8438, 6.8077 ], [ 93.842, 6.7785 ], [ 93.8225, 6.7528 ], [ 93.7992, 6.7662 ], [ 93.8099, 6.812 ], [ 93.7955, 6.8095 ], [ 93.7778, 6.8322 ], [ 93.7856, 6.8469 ], [ 93.7766, 6.8431 ], [ 93.7823, 6.8519 ], [ 93.7626, 6.8629 ], [ 93.7624, 6.8766 ], [ 93.7769, 6.8805 ], [ 93.7637, 6.8845 ], [ 93.757, 6.9115 ], [ 93.7442, 6.905 ], [ 93.7317, 6.9219 ], [ 93.741, 6.9563 ], [ 93.7263, 6.9588 ], [ 93.7156, 6.9895 ], [ 93.7198, 6.9908 ], [ 93.7221, 6.9867 ], [ 93.7251, 6.9822 ], [ 93.7312, 6.9754 ], [ 93.7328, 6.9747 ], [ 93.7338, 6.975 ], [ 93.7369, 6.9769 ], [ 93.7357, 6.9899 ], [ 93.7384, 6.989 ], [ 93.739, 6.9898 ], [ 93.7382, 6.9942 ], [ 93.7331, 6.9955 ], [ 93.7373, 6.9979 ], [ 93.7376, 7.0 ], [ 93.7329, 6.9958 ], [ 93.7331, 6.975 ], [ 93.7175, 6.995 ], [ 93.696, 6.992 ], [ 93.6931, 7.0096 ], [ 93.6987, 7.0097 ], [ 93.7013, 7.0104 ], [ 93.7032, 7.0118 ], [ 93.7015, 7.0154 ], [ 93.6982, 7.0185 ], [ 93.7007, 7.0231 ], [ 93.7007, 7.0244 ], [ 93.7001, 7.0254 ], [ 93.6978, 7.0249 ], [ 93.6953, 7.0229 ], [ 93.7018, 7.011 ], [ 93.676, 7.0175 ], [ 93.666, 7.0022 ], [ 93.655, 7.0055 ], [ 93.667, 7.0226 ], [ 93.6524, 7.0671 ], [ 93.6603, 7.0816 ], [ 93.6444, 7.1007 ], [ 93.6543, 7.1091 ], [ 93.662, 7.1094 ], [ 93.6618, 7.1106 ], [ 93.6658, 7.1108 ], [ 93.6673, 7.1126 ], [ 93.6573, 7.1181 ], [ 93.6484, 7.1107 ], [ 93.6432, 7.1273 ], [ 93.665, 7.142 ], [ 93.6608, 7.1774 ], [ 93.6763, 7.193 ], [ 93.7222, 7.189 ], [ 93.741, 7.2062 ], [ 93.7434, 7.2012 ], [ 93.7398, 7.2018 ], [ 93.7376, 7.2002 ], [ 93.7391, 7.1965 ], [ 93.7387, 7.1945 ], [ 93.7392, 7.1939 ], [ 93.7451, 7.2012 ], [ 93.74, 7.2087 ], [ 93.7493, 7.2159 ], [ 93.7921, 7.2083 ], [ 93.7962, 7.2354 ], [ 93.8374, 7.2447 ], [ 93.8388, 7.2164 ], [ 93.8569, 7.2184 ], [ 93.8699, 7.2047 ], [ 93.881, 7.0897 ], [ 93.9018, 7.0815 ], [ 93.9124, 7.0251 ], [ 93.9243, 7.0286 ], [ 93.9446, 7.0014 ], [ 93.9334, 6.9889 ], [ 93.9234, 7.0095 ], [ 93.9099, 6.9993 ] ] ], [ [ [ 93.7075, 7.2068 ], [ 93.6984, 7.2318 ], [ 93.7102, 7.214 ], [ 93.7075, 7.2068 ] ] ], [ [ [ 93.7875, 7.2432 ], [ 93.7978, 7.2488 ], [ 93.7995, 7.2455 ], [ 93.7875, 7.2432 ] ] ], [ [ [ 93.8341, 7.2871 ], [ 93.8333, 7.2895 ], [ 93.838, 7.2914 ], [ 93.8341, 7.2871 ] ] ], [ [ [ 93.6171, 7.331 ], [ 93.6214, 7.3306 ], [ 93.6195, 7.3252 ], [ 93.6171, 7.331 ] ] ], [ [ [ 93.6071, 7.3105 ], [ 93.6233, 7.3228 ], [ 93.6194, 7.3743 ], [ 93.6378, 7.3708 ], [ 93.6549, 7.3852 ], [ 93.6563, 7.366 ], [ 93.6703, 7.3912 ], [ 93.7018, 7.3936 ], [ 93.6899, 7.4042 ], [ 93.7002, 7.4472 ], [ 93.7097, 7.4051 ], [ 93.7441, 7.3767 ], [ 93.7438, 7.3614 ], [ 93.7136, 7.3114 ], [ 93.6687, 7.2864 ], [ 93.6576, 7.258 ], [ 93.6366, 7.2426 ], [ 93.6168, 7.2658 ], [ 93.622, 7.2874 ], [ 93.6071, 7.3105 ] ] ], [ [ [ 93.7502, 7.3985 ], [ 93.7538, 7.4056 ], [ 93.7591, 7.397 ], [ 93.7502, 7.3985 ] ] ], [ [ [ 93.6804, 7.4116 ], [ 93.6795, 7.3989 ], [ 93.67, 7.4052 ], [ 93.6749, 7.4124 ], [ 93.6804, 7.4116 ] ] ], [ [ [ 93.6313, 7.4716 ], [ 93.6307, 7.472 ], [ 93.6312, 7.4721 ], [ 93.6313, 7.4716 ] ] ], [ [ [ 93.6323, 7.4724 ], [ 93.6344, 7.4785 ], [ 93.6409, 7.471 ], [ 93.6323, 7.4724 ] ] ], [ [ [ 93.619, 7.4834 ], [ 93.6233, 7.4815 ], [ 93.6196, 7.48 ], [ 93.619, 7.4834 ] ] ], [ [ [ 93.6338, 8.3947 ], [ 93.6429, 8.3953 ], [ 93.6436, 8.3892 ], [ 93.6338, 8.3947 ] ] ], [ [ [ 93.6259, 8.3942 ], [ 93.6255, 8.3941 ], [ 93.6255, 8.3943 ], [ 93.6259, 8.3942 ] ] ], [ [ [ 93.6272, 8.3947 ], [ 93.6272, 8.3949 ], [ 93.6275, 8.3948 ], [ 93.6272, 8.3947 ] ] ], [ [ [ 93.6313, 8.3951 ], [ 93.6317, 8.3952 ], [ 93.6314, 8.3945 ], [ 93.6313, 8.3951 ] ] ], [ [ [ 93.6271, 8.3954 ], [ 93.6272, 8.3953 ], [ 93.6271, 8.3951 ], [ 93.6271, 8.3954 ] ] ], [ [ [ 93.6261, 8.3955 ], [ 93.626, 8.3959 ], [ 93.6262, 8.3956 ], [ 93.6261, 8.3955 ] ] ], [ [ [ 93.6249, 8.3965 ], [ 93.6246, 8.3979 ], [ 93.6255, 8.3969 ], [ 93.6249, 8.3965 ] ] ], [ [ [ 93.624, 8.3986 ], [ 93.6244, 8.397 ], [ 93.6237, 8.3979 ], [ 93.624, 8.3986 ] ] ], [ [ [ 93.6233, 8.398 ], [ 93.6232, 8.3979 ], [ 93.6231, 8.3981 ], [ 93.6233, 8.398 ] ] ], [ [ [ 93.6234, 8.3984 ], [ 93.6233, 8.3986 ], [ 93.6236, 8.3985 ], [ 93.6234, 8.3984 ] ] ], [ [ [ 93.6232, 8.3988 ], [ 93.6231, 8.399 ], [ 93.6233, 8.3989 ], [ 93.6232, 8.3988 ] ] ], [ [ [ 93.6234, 8.3992 ], [ 93.6232, 8.3993 ], [ 93.6234, 8.3993 ], [ 93.6234, 8.3992 ] ] ], [ [ [ 93.623, 8.4001 ], [ 93.6229, 8.4003 ], [ 93.6231, 8.4002 ], [ 93.623, 8.4001 ] ] ], [ [ [ 93.6224, 8.4003 ], [ 93.6224, 8.4005 ], [ 93.6227, 8.4003 ], [ 93.6224, 8.4003 ] ] ], [ [ [ 93.6229, 8.4008 ], [ 93.6228, 8.4006 ], [ 93.6226, 8.4008 ], [ 93.6229, 8.4008 ] ] ], [ [ [ 93.6222, 8.4009 ], [ 93.6221, 8.4011 ], [ 93.6223, 8.401 ], [ 93.6222, 8.4009 ] ] ], [ [ [ 93.6225, 8.4018 ], [ 93.6223, 8.402 ], [ 93.6226, 8.4019 ], [ 93.6225, 8.4018 ] ] ], [ [ [ 93.6135, 8.4189 ], [ 93.6139, 8.4178 ], [ 93.6136, 8.4179 ], [ 93.6135, 8.4189 ] ] ], [ [ [ 93.6132, 8.4195 ], [ 93.6129, 8.4197 ], [ 93.6133, 8.4197 ], [ 93.6132, 8.4195 ] ] ], [ [ [ 93.6125, 8.421 ], [ 93.6133, 8.4206 ], [ 93.6127, 8.4203 ], [ 93.6125, 8.421 ] ] ], [ [ [ 93.6138, 8.4209 ], [ 93.6136, 8.4207 ], [ 93.6135, 8.4209 ], [ 93.6138, 8.4209 ] ] ], [ [ [ 93.6125, 8.4227 ], [ 93.6125, 8.423 ], [ 93.6127, 8.4227 ], [ 93.6125, 8.4227 ] ] ], [ [ [ 93.6075, 8.4361 ], [ 93.6074, 8.436 ], [ 93.6066, 8.4363 ], [ 93.6075, 8.4361 ] ] ], [ [ [ 93.6058, 8.4576 ], [ 93.6076, 8.4577 ], [ 93.607, 8.4567 ], [ 93.6058, 8.4576 ] ] ], [ [ [ 93.6104, 8.4593 ], [ 93.6109, 8.4597 ], [ 93.6112, 8.4593 ], [ 93.6104, 8.4593 ] ] ], [ [ [ 93.6259, 8.4704 ], [ 93.6255, 8.4703 ], [ 93.6252, 8.4712 ], [ 93.6259, 8.4704 ] ] ], [ [ [ 93.6292, 8.487 ], [ 93.6289, 8.4873 ], [ 93.6293, 8.4872 ], [ 93.6292, 8.487 ] ] ], [ [ [ 93.6283, 8.4881 ], [ 93.6285, 8.4882 ], [ 93.6287, 8.4879 ], [ 93.6283, 8.4881 ] ] ], [ [ [ 93.6212, 8.4709 ], [ 93.6172, 8.4681 ], [ 93.6126, 8.4232 ], [ 93.6069, 8.4446 ], [ 93.6138, 8.4623 ], [ 93.6094, 8.4815 ], [ 93.6192, 8.4866 ], [ 93.6121, 8.5263 ], [ 93.6002, 8.545 ], [ 93.6069, 8.57 ], [ 93.6072, 8.5689 ], [ 93.6102, 8.5659 ], [ 93.6084, 8.552 ], [ 93.6117, 8.5325 ], [ 93.6147, 8.5286 ], [ 93.6255, 8.5237 ], [ 93.6215, 8.5076 ], [ 93.6323, 8.4677 ], [ 93.6264, 8.4715 ], [ 93.6212, 8.4709 ] ] ], [ [ [ 93.6145, 8.502 ], [ 93.6145, 8.5016 ], [ 93.614, 8.5021 ], [ 93.6145, 8.502 ] ] ], [ [ [ 93.6144, 8.5024 ], [ 93.6142, 8.5027 ], [ 93.6148, 8.5026 ], [ 93.6144, 8.5024 ] ] ], [ [ [ 93.6241, 8.5034 ], [ 93.6242, 8.5033 ], [ 93.624, 8.5033 ], [ 93.6241, 8.5034 ] ] ], [ [ [ 93.615, 8.5049 ], [ 93.615, 8.5046 ], [ 93.6147, 8.5048 ], [ 93.615, 8.5049 ] ] ], [ [ [ 93.6231, 8.5048 ], [ 93.623, 8.5048 ], [ 93.6229, 8.5051 ], [ 93.6231, 8.5048 ] ] ], [ [ [ 93.6145, 8.5049 ], [ 93.6143, 8.5048 ], [ 93.6143, 8.5051 ], [ 93.6145, 8.5049 ] ] ], [ [ [ 93.6144, 8.5056 ], [ 93.6146, 8.5056 ], [ 93.6146, 8.5052 ], [ 93.6144, 8.5056 ] ] ], [ [ [ 93.6141, 8.5055 ], [ 93.6139, 8.5055 ], [ 93.6141, 8.5057 ], [ 93.6141, 8.5055 ] ] ], [ [ [ 93.6221, 8.5079 ], [ 93.6221, 8.5077 ], [ 93.6219, 8.5079 ], [ 93.6221, 8.5079 ] ] ], [ [ [ 93.6084, 8.5225 ], [ 93.6082, 8.5224 ], [ 93.608, 8.5229 ], [ 93.6084, 8.5225 ] ] ], [ [ [ 93.61, 8.523 ], [ 93.6099, 8.523 ], [ 93.6098, 8.5233 ], [ 93.61, 8.523 ] ] ], [ [ [ 93.6109, 8.5263 ], [ 93.6108, 8.5263 ], [ 93.6106, 8.5269 ], [ 93.6109, 8.5263 ] ] ], [ [ [ 93.6197, 8.5277 ], [ 93.6195, 8.5273 ], [ 93.6195, 8.5276 ], [ 93.6197, 8.5277 ] ] ], [ [ [ 93.6089, 8.5279 ], [ 93.6087, 8.528 ], [ 93.6091, 8.528 ], [ 93.6089, 8.5279 ] ] ], [ [ [ 93.6155, 8.5294 ], [ 93.6154, 8.5293 ], [ 93.6152, 8.5296 ], [ 93.6155, 8.5294 ] ] ], [ [ [ 93.6137, 8.5304 ], [ 93.6136, 8.5306 ], [ 93.6139, 8.5306 ], [ 93.6137, 8.5304 ] ] ], [ [ [ 93.6131, 8.5327 ], [ 93.6129, 8.5327 ], [ 93.6129, 8.5329 ], [ 93.6131, 8.5327 ] ] ], [ [ [ 93.6125, 8.5387 ], [ 93.6126, 8.5383 ], [ 93.6123, 8.5387 ], [ 93.6125, 8.5387 ] ] ], [ [ [ 93.6101, 8.5493 ], [ 93.6099, 8.5496 ], [ 93.6105, 8.5497 ], [ 93.6101, 8.5493 ] ] ], [ [ [ 93.6093, 8.5505 ], [ 93.6092, 8.5506 ], [ 93.6096, 8.5508 ], [ 93.6093, 8.5505 ] ] ], [ [ [ 93.6109, 8.5581 ], [ 93.6111, 8.5584 ], [ 93.6111, 8.558 ], [ 93.6109, 8.5581 ] ] ], [ [ [ 93.6104, 8.5583 ], [ 93.6102, 8.5584 ], [ 93.6104, 8.5587 ], [ 93.6104, 8.5583 ] ] ], [ [ [ 93.6111, 8.5587 ], [ 93.611, 8.5584 ], [ 93.6109, 8.5584 ], [ 93.6111, 8.5587 ] ] ], [ [ [ 93.6108, 8.5609 ], [ 93.6108, 8.5607 ], [ 93.6106, 8.561 ], [ 93.6108, 8.5609 ] ] ], [ [ [ 93.6103, 8.5643 ], [ 93.6105, 8.5637 ], [ 93.6102, 8.5641 ], [ 93.6103, 8.5643 ] ] ], [ [ [ 93.6111, 8.566 ], [ 93.611, 8.5661 ], [ 93.6112, 8.5662 ], [ 93.6111, 8.566 ] ] ], [ [ [ 93.6073, 8.5699 ], [ 93.6071, 8.5701 ], [ 93.6073, 8.5701 ], [ 93.6073, 8.5699 ] ] ], [ [ [ 93.6076, 8.5703 ], [ 93.6074, 8.5704 ], [ 93.6077, 8.5704 ], [ 93.6076, 8.5703 ] ] ], [ [ [ 93.6075, 8.5707 ], [ 93.6075, 8.5709 ], [ 93.6077, 8.5708 ], [ 93.6075, 8.5707 ] ] ], [ [ [ 93.6071, 8.5735 ], [ 93.6072, 8.5732 ], [ 93.607, 8.5733 ], [ 93.6071, 8.5735 ] ] ], [ [ [ 93.6065, 8.5737 ], [ 93.6064, 8.5738 ], [ 93.6066, 8.5738 ], [ 93.6065, 8.5737 ] ] ], [ [ [ 93.867, 12.2754 ], [ 93.8454, 12.2692 ], [ 93.8341, 12.2782 ], [ 93.8403, 12.2954 ], [ 93.8564, 12.3005 ], [ 93.867, 12.2754 ] ] ], [ [ [ 94.2476, 13.4598 ], [ 94.2669, 13.463 ], [ 94.2632, 13.4408 ], [ 94.2453, 13.4329 ], [ 94.2476, 13.4598 ] ] ] ] } }
]
}
