{
"type": "FeatureCollection",
"crs": { "type": "name", "properties": { "name": "urn:ogc:def:crs:OGC:1.3:CRS84" } },
"xy_coordinate_resolution": 0.0001,
"features": [
{ "type": "Feature", "properties": { "unit_id": "IND.17.5.2_1", "name": "Manjeshvar", "district": "Kasaragod", "did": "kerala:Kasaragod", "state_key": "kerala" }, "geometry": { "type": "Polygon", "coordinates": [ [ [ 75.1499, 12.6733 ], [ 75.162, 12.672 ], [ 75.1508, 12.6501 ], [ 75.1385, 12.6434 ], [ 75.1482, 12.6341 ], [ 75.1441, 12.6344 ], [ 75.1444, 12.6306 ], [ 75.1515, 12.6208 ], [ 75.1565, 12.6214 ], [ 75.1542, 12.606 ], [ 75.1415, 12.6017 ], [ 75.1329, 12.6029 ], [ 75.1271, 12.6159 ], [ 75.1109, 12.6149 ], [ 75.1117, 12.6213 ], [ 75.1074, 12.6218 ], [ 75.1048, 12.629 ], [ 75.0932, 12.6262 ], [ 75.092, 12.631 ], [ 75.0814, 12.6295 ], [ 75.0593, 12.6181 ], [ 75.0568, 12.6259 ], [ 75.0535, 12.6261 ], [ 75.0467, 12.6223 ], [ 75.0472, 12.6162 ], [ 75.0408, 12.6091 ], [ 75.0276, 12.6135 ], [ 75.0134, 12.6036 ], [ 74.9994, 12.5802 ], [ 74.988, 12.5703 ], [ 74.9876, 12.5646 ], [ 74.9807, 12.5637 ], [ 74.9746, 12.5709 ], [ 74.9613, 12.5665 ], [ 74.9514, 12.5562 ], [ 74.8646, 12.7602 ], [ 74.8722, 12.7611 ], [ 74.8741, 12.7549 ], [ 74.8823, 12.754 ], [ 74.893, 12.7624 ], [ 74.8996, 12.7626 ], [ 74.9275, 12.7787 ], [ 74.9417, 12.78 ], [ 74.9511, 12.7844 ], [ 74.9582, 12.7847 ], [ 74.96, 12.7789 ], [ 74.9663, 12.7808 ], [ 74.9669, 12.7763 ], [ 74.9819, 12.7796 ], [ 74.9921, 12.7882 ], [ 74.9874, 12.7936 ], [ 74.9912, 12.7955 ], [ 74.9983, 12.7859 ], [ 75.0024, 12.7883 ], [ 75.001, 12.7914 ], [ 75.0051, 12.7903 ], [ 75.0034, 12.778 ], [ 75.0094, 12.7675 ], [ 74.9877, 12.7417 ], [ 74.9846, 12.7431 ], [ 74.9833, 12.7372 ], [ 74.9856, 12.7336 ], [ 74.9925, 12.7399 ], [ 75.0, 12.7321 ], [ 75.0134, 12.728 ], [ 75.001, 12.7196 ], [ 75.001, 12.7164 ], [ 75.015, 12.7142 ], [ 75.0186, 12.7211 ], [ 75.0266, 12.7193 ], [ 75.0336, 12.7235 ], [ 75.0525, 12.7201 ], [ 75.0503, 12.7163 ], [ 75.0543, 12.7071 ], [ 75.0502, 12.7044 ], [ 75.0556, 12.6935 ], [ 75.0538, 12.6905 ], [ 75.0485, 12.694 ], [ 75.0439, 12.6926 ], [ 75.0405, 12.6854 ], [ 75.0466, 12.6676 ], [ 75.054, 12.6702 ], [ 75.0575, 12.6661 ], [ 75.0598, 12.6718 ], [ 75.0686, 12.6647 ], [ 75.0741, 12.6722 ], [ 75.0852, 12.6748 ], [ 75.0851, 12.6957 ], [ 75.0809, 12.6991 ], [ 75.086, 12.704 ], [ 75.1062, 12.6968 ], [ 75.1115, 12.6818 ], [ 75.1221, 12.6789 ], [ 75.1249, 12.6815 ], [ 75.1325, 12.6761 ], [ 75.1516, 12.6822 ], [ 75.1499, 12.6733 ] ] ] } },
{ "type": "Feature", "properties": { "unit_id": "IND.17.5.2_1", "name": "Kasaragod", "district": "Kasaragod", "did": "kerala:Kasaragod", "state_key": "kerala" }, "geometry": { "type": "Polygon", "coordinates": [ [ [ 75.1539, 12.625 ], [ 75.1614, 12.622 ], [ 75.17, 12.6223 ], [ 75.1829, 12.6328 ], [ 75.2017, 12.63 ], [ 75.1993, 12.6121 ], [ 75.2067, 12.608 ], [ 75.21, 12.6002 ], [ 75.2017, 12.5934 ], [ 75.2011, 12.5877 ], [ 75.2095, 12.5911 ], [ 75.2126, 12.5782 ], [ 75.2178, 12.5764 ], [ 75.2203, 12.5691 ], [ 75.2375, 12.5698 ], [ 75.2387, 12.5807 ], [ 75.2497, 12.5846 ], [ 75.2613, 12.5982 ], [ 75.2672, 12.6147 ], [ 75.2763, 12.6185 ], [ 75.2896, 12.6104 ], [ 75.2916, 12.6019 ], [ 75.3019, 12.6054 ], [ 75.3122, 12.5897 ], [ 75.327, 12.5924 ], [ 75.3264, 12.5814 ], [ 75.3162, 12.573 ], [ 75.308, 12.5783 ], [ 75.2905, 12.5826 ], [ 75.2847, 12.5696 ], [ 75.2785, 12.5716 ], [ 75.2729, 12.569 ], [ 75.2701, 12.5584 ], [ 75.274, 12.5356 ], [ 75.2803, 12.5253 ], [ 75.2913, 12.5268 ], [ 75.2965, 12.5232 ], [ 75.3041, 12.5233 ], [ 75.3039, 12.5047 ], [ 75.3145, 12.5029 ], [ 75.315, 12.4971 ], [ 75.3034, 12.4924 ], [ 75.2925, 12.4688 ], [ 75.2794, 12.4709 ], [ 75.271, 12.4576 ], [ 75.2649, 12.4572 ], [ 75.2638, 12.4639 ], [ 75.2584, 12.4652 ], [ 75.2555, 12.459 ], [ 75.26, 12.4609 ], [ 75.2605, 12.4568 ], [ 75.2516, 12.4581 ], [ 75.2465, 12.4605 ], [ 75.2464, 12.4682 ], [ 75.2432, 12.4624 ], [ 75.24, 12.4643 ], [ 75.2353, 12.4622 ], [ 75.2327, 12.4727 ], [ 75.2256, 12.4694 ], [ 75.2213, 12.464 ], [ 75.2238, 12.4396 ], [ 75.2197, 12.4351 ], [ 75.2097, 12.4344 ], [ 75.2064, 12.4294 ], [ 75.1974, 12.4261 ], [ 75.1924, 12.4329 ], [ 75.1853, 12.4315 ], [ 75.1831, 12.4355 ], [ 75.1733, 12.4269 ], [ 75.165, 12.4274 ], [ 75.1595, 12.4206 ], [ 75.1564, 12.4248 ], [ 75.1516, 12.4192 ], [ 75.1469, 12.4192 ], [ 75.1463, 12.4236 ], [ 75.1402, 12.4215 ], [ 75.1295, 12.4254 ], [ 75.1289, 12.4326 ], [ 75.1163, 12.434 ], [ 75.114, 12.44 ], [ 75.0923, 12.4393 ], [ 75.0921, 12.4457 ], [ 75.0849, 12.4448 ], [ 75.0866, 12.4509 ], [ 75.0816, 12.4598 ], [ 75.09, 12.4628 ], [ 75.0854, 12.4724 ], [ 75.0711, 12.4588 ], [ 75.06, 12.4544 ], [ 75.03, 12.4699 ], [ 75.0271, 12.4788 ], [ 75.0185, 12.4674 ], [ 75.0303, 12.4554 ], [ 75.0286, 12.4506 ], [ 75.0203, 12.4436 ], [ 75.0136, 12.4476 ], [ 75.0028, 12.4433 ], [ 74.9738, 12.5004 ], [ 74.9514, 12.5562 ], [ 74.9613, 12.5665 ], [ 74.9746, 12.5709 ], [ 74.9807, 12.5637 ], [ 74.9876, 12.5646 ], [ 74.988, 12.5703 ], [ 74.9994, 12.5802 ], [ 75.0134, 12.6036 ], [ 75.0276, 12.6135 ], [ 75.0408, 12.6091 ], [ 75.0472, 12.6162 ], [ 75.0467, 12.6223 ], [ 75.0535, 12.6261 ], [ 75.0568, 12.6259 ], [ 75.0593, 12.6181 ], [ 75.0814, 12.6295 ], [ 75.092, 12.631 ], [ 75.0932, 12.6262 ], [ 75.1048, 12.629 ], [ 75.1074, 12.6218 ], [ 75.1117, 12.6213 ], [ 75.1109, 12.6149 ], [ 75.1271, 12.6159 ], [ 75.1329, 12.6029 ], [ 75.1467, 12.6026 ], [ 75.1543, 12.6061 ], [ 75.157, 12.6199 ], [ 75.1515, 12.6208 ], [ 75.1444, 12.6306 ], [ 75.1441, 12.6344 ], [ 75.1482, 12.6341 ], [ 75.1539, 12.625 ] ] ] } },
{ "type": "Feature", "properties": { "unit_id": "IND.17.5.1_1", "name": "Vellarikundu", "district": "Kasaragod", "did": "kerala:Kasaragod", "state_key": "kerala" }, "geometry": { "type": "Polygon", "coordinates": [ [ [ 75.412, 12.502 ], [ 75.4161, 12.5 ], [ 75.4249, 12.4689 ], [ 75.4157, 12.466 ], [ 75.4133, 12.4586 ], [ 75.3934, 12.4514 ], [ 75.3863, 12.4583 ], [ 75.3662, 12.4582 ], [ 75.3715, 12.4377 ], [ 75.3662, 12.4118 ], [ 75.3792, 12.3924 ], [ 75.3923, 12.39 ], [ 75.3986, 12.3814 ], [ 75.4131, 12.3803 ], [ 75.4215, 12.3736 ], [ 75.4196, 12.3569 ], [ 75.4104, 12.3472 ], [ 75.4203, 12.319 ], [ 75.4322, 12.3095 ], [ 75.4251, 12.3006 ], [ 75.4137, 12.2924 ], [ 75.4102, 12.2952 ], [ 75.3974, 12.294 ], [ 75.3923, 12.2902 ], [ 75.389, 12.2963 ], [ 75.3873, 12.2878 ], [ 75.3764, 12.2833 ], [ 75.3703, 12.2858 ], [ 75.3653, 12.2778 ], [ 75.3455, 12.2672 ], [ 75.3395, 12.2692 ], [ 75.3292, 12.2665 ], [ 75.3191, 12.2743 ], [ 75.2991, 12.2698 ], [ 75.2895, 12.2617 ], [ 75.2877, 12.2671 ], [ 75.2767, 12.2712 ], [ 75.2747, 12.2798 ], [ 75.2667, 12.2788 ], [ 75.2651, 12.282 ], [ 75.2575, 12.2783 ], [ 75.2527, 12.2703 ], [ 75.2434, 12.2719 ], [ 75.2369, 12.2673 ], [ 75.2239, 12.2686 ], [ 75.2256, 12.2774 ], [ 75.2222, 12.2805 ], [ 75.2167, 12.2752 ], [ 75.2046, 12.2807 ], [ 75.1979, 12.2756 ], [ 75.1763, 12.2703 ], [ 75.1645, 12.2811 ], [ 75.1753, 12.2854 ], [ 75.1764, 12.2958 ], [ 75.186, 12.2966 ], [ 75.1972, 12.3094 ], [ 75.1971, 12.3221 ], [ 75.1918, 12.3211 ], [ 75.1921, 12.3279 ], [ 75.1871, 12.3304 ], [ 75.1951, 12.3385 ], [ 75.1926, 12.3412 ], [ 75.1717, 12.3351 ], [ 75.1721, 12.3401 ], [ 75.1594, 12.3388 ], [ 75.1536, 12.3488 ], [ 75.145, 12.3515 ], [ 75.1419, 12.3588 ], [ 75.1315, 12.3577 ], [ 75.1401, 12.3801 ], [ 75.1384, 12.3841 ], [ 75.1589, 12.3937 ], [ 75.1633, 12.3937 ], [ 75.1655, 12.3851 ], [ 75.1711, 12.3874 ], [ 75.1741, 12.4004 ], [ 75.1684, 12.4018 ], [ 75.1655, 12.4075 ], [ 75.1709, 12.4126 ], [ 75.1714, 12.427 ], [ 75.1831, 12.4355 ], [ 75.1853, 12.4315 ], [ 75.1924, 12.4329 ], [ 75.1968, 12.4261 ], [ 75.2064, 12.4294 ], [ 75.2097, 12.4344 ], [ 75.2197, 12.4351 ], [ 75.2238, 12.4396 ], [ 75.2215, 12.4646 ], [ 75.2327, 12.4727 ], [ 75.2353, 12.4622 ], [ 75.24, 12.4643 ], [ 75.2432, 12.4624 ], [ 75.2464, 12.4682 ], [ 75.2465, 12.4605 ], [ 75.2516, 12.4581 ], [ 75.2605, 12.4568 ], [ 75.26, 12.4609 ], [ 75.2555, 12.459 ], [ 75.2584, 12.4652 ], [ 75.2638, 12.4639 ], [ 75.2649, 12.4572 ], [ 75.271, 12.4576 ], [ 75.2794, 12.4709 ], [ 75.2925, 12.4688 ], [ 75.2963, 12.4825 ], [ 75.3073, 12.4954 ], [ 75.3323, 12.4991 ], [ 75.3374, 12.4885 ], [ 75.3361, 12.477 ], [ 75.3415, 12.4691 ], [ 75.3366, 12.4641 ], [ 75.3587, 12.464 ], [ 75.3726, 12.477 ], [ 75.3685, 12.4918 ], [ 75.3778, 12.4951 ], [ 75.3822, 12.502 ], [ 75.3917, 12.4994 ], [ 75.398, 12.5037 ], [ 75.403, 12.4977 ], [ 75.412, 12.502 ] ] ] } },
{ "type": "Feature", "properties": { "unit_id": "IND.17.5.1_1", "name": "Hosdurg", "district": "Kasaragod", "did": "kerala:Kasaragod", "state_key": "kerala" }, "geometry": { "type": "Polygon", "coordinates": [ [ [ 75.06, 12.4544 ], [ 75.0711, 12.4588 ], [ 75.0854, 12.4724 ], [ 75.09, 12.4628 ], [ 75.0816, 12.4598 ], [ 75.0866, 12.4509 ], [ 75.0839, 12.4465 ], [ 75.0925, 12.4454 ], [ 75.092, 12.4394 ], [ 75.1134, 12.4402 ], [ 75.1163, 12.434 ], [ 75.1289, 12.4326 ], [ 75.1295, 12.4254 ], [ 75.1402, 12.4215 ], [ 75.1463, 12.4236 ], [ 75.1469, 12.4192 ], [ 75.1516, 12.4192 ], [ 75.1564, 12.4248 ], [ 75.1595, 12.4206 ], [ 75.1676, 12.4285 ], [ 75.1714, 12.427 ], [ 75.1709, 12.4126 ], [ 75.1655, 12.4075 ], [ 75.1684, 12.4018 ], [ 75.1741, 12.4004 ], [ 75.1711, 12.3874 ], [ 75.1655, 12.3851 ], [ 75.1633, 12.3937 ], [ 75.1589, 12.3937 ], [ 75.1384, 12.3841 ], [ 75.1401, 12.3801 ], [ 75.1315, 12.3577 ], [ 75.1419, 12.3588 ], [ 75.145, 12.3515 ], [ 75.1536, 12.3488 ], [ 75.1594, 12.3388 ], [ 75.1721, 12.3401 ], [ 75.1717, 12.3351 ], [ 75.1926, 12.3412 ], [ 75.1951, 12.3385 ], [ 75.1871, 12.3304 ], [ 75.1921, 12.3279 ], [ 75.1918, 12.3211 ], [ 75.1971, 12.3221 ], [ 75.1972, 12.3094 ], [ 75.186, 12.2966 ], [ 75.1764, 12.2958 ], [ 75.1753, 12.2854 ], [ 75.1645, 12.2811 ], [ 75.1763, 12.2703 ], [ 75.1979, 12.2756 ], [ 75.2046, 12.2807 ], [ 75.2167, 12.2752 ], [ 75.2222, 12.2805 ], [ 75.2256, 12.2774 ], [ 75.2239, 12.2686 ], [ 75.2369, 12.2673 ], [ 75.2434, 12.2719 ], [ 75.2527, 12.2703 ], [ 75.2575, 12.2783 ], [ 75.2651, 12.282 ], [ 75.2667, 12.2788 ], [ 75.2743, 12.2801 ], [ 75.2771, 12.2708 ], [ 75.2879, 12.2668 ], [ 75.2915, 12.2435 ], [ 75.2892, 12.2343 ], [ 75.2759, 12.2317 ], [ 75.2521, 12.2194 ], [ 75.2376, 12.218 ], [ 75.2316, 12.222 ], [ 75.2039, 12.1914 ], [ 75.1915, 12.1934 ], [ 75.1727, 12.1899 ], [ 75.1877, 12.166 ], [ 75.1911, 12.1476 ], [ 75.1965, 12.14 ], [ 75.1882, 12.13 ], [ 75.1938, 12.119 ], [ 75.1904, 12.0973 ], [ 75.1831, 12.0956 ], [ 75.1756, 12.1009 ], [ 75.1678, 12.0913 ], [ 75.1755, 12.0783 ], [ 75.1839, 12.0442 ], [ 75.1247, 12.1882 ], [ 75.1243, 12.2023 ], [ 75.1189, 12.2036 ], [ 75.1143, 12.2134 ], [ 75.0581, 12.3517 ], [ 75.0394, 12.3899 ], [ 75.0298, 12.3927 ], [ 75.0028, 12.4433 ], [ 75.0136, 12.4476 ], [ 75.0177, 12.4435 ], [ 75.0253, 12.4459 ], [ 75.0303, 12.4554 ], [ 75.0185, 12.4674 ], [ 75.0271, 12.4788 ], [ 75.03, 12.4699 ], [ 75.06, 12.4544 ] ] ] } },
{ "type": "Feature", "properties": { "unit_id": "IND.17.4.2_1", "name": "Payyannur", "district": "Kannur", "did": "kerala:Kannur", "state_key": "kerala" }, "geometry": { "type": "Polygon", "coordinates": [ [ [ 75.4866, 12.2886 ], [ 75.4927, 12.2748 ], [ 75.4752, 12.2793 ], [ 75.4658, 12.2696 ], [ 75.4554, 12.2689 ], [ 75.446, 12.2523 ], [ 75.447, 12.2462 ], [ 75.4383, 12.2383 ], [ 75.4239, 12.238 ], [ 75.4189, 12.2337 ], [ 75.4193, 12.2256 ], [ 75.414, 12.2261 ], [ 75.4129, 12.2368 ], [ 75.3969, 12.2444 ], [ 75.387, 12.2455 ], [ 75.3843, 12.2502 ], [ 75.3763, 12.2494 ], [ 75.3706, 12.2417 ], [ 75.3697, 12.2349 ], [ 75.3764, 12.2296 ], [ 75.3733, 12.2253 ], [ 75.3751, 12.1882 ], [ 75.3825, 12.1754 ], [ 75.3956, 12.178 ], [ 75.3878, 12.1638 ], [ 75.3921, 12.1622 ], [ 75.3935, 12.1504 ], [ 75.4004, 12.1468 ], [ 75.4025, 12.1401 ], [ 75.3973, 12.1351 ], [ 75.3854, 12.1309 ], [ 75.3823, 12.1345 ], [ 75.3802, 12.1296 ], [ 75.3741, 12.1305 ], [ 75.3656, 12.1234 ], [ 75.3611, 12.1246 ], [ 75.3576, 12.1178 ], [ 75.3386, 12.1043 ], [ 75.3307, 12.1058 ], [ 75.3282, 12.1126 ], [ 75.3116, 12.1084 ], [ 75.3111, 12.0942 ], [ 75.3154, 12.0928 ], [ 75.2973, 12.0647 ], [ 75.3053, 12.0578 ], [ 75.3103, 12.06 ], [ 75.3156, 12.0539 ], [ 75.3193, 12.0576 ], [ 75.3358, 12.061 ], [ 75.3394, 12.0485 ], [ 75.3356, 12.0483 ], [ 75.3299, 12.0372 ], [ 75.3214, 12.0467 ], [ 75.3163, 12.0467 ], [ 75.312, 12.0361 ], [ 75.3012, 12.0317 ], [ 75.3027, 12.0242 ], [ 75.2917, 12.0095 ], [ 75.2852, 12.0212 ], [ 75.269, 12.0251 ], [ 75.2649, 12.0058 ], [ 75.2556, 12.0005 ], [ 75.2503, 12.0082 ], [ 75.2299, 12.0225 ], [ 75.223, 12.0193 ], [ 75.2211, 12.0123 ], [ 75.2095, 12.0114 ], [ 75.2013, 12.0058 ], [ 75.1678, 12.0913 ], [ 75.1756, 12.1009 ], [ 75.1831, 12.0956 ], [ 75.1904, 12.0973 ], [ 75.1938, 12.119 ], [ 75.1882, 12.13 ], [ 75.1965, 12.14 ], [ 75.1911, 12.1476 ], [ 75.1877, 12.166 ], [ 75.1727, 12.1899 ], [ 75.1915, 12.1934 ], [ 75.2039, 12.1914 ], [ 75.2316, 12.222 ], [ 75.2376, 12.218 ], [ 75.2521, 12.2194 ], [ 75.2759, 12.2317 ], [ 75.2892, 12.2343 ], [ 75.2915, 12.2435 ], [ 75.2871, 12.2605 ], [ 75.2991, 12.2698 ], [ 75.3191, 12.2743 ], [ 75.3292, 12.2665 ], [ 75.3395, 12.2692 ], [ 75.3455, 12.2672 ], [ 75.3653, 12.2778 ], [ 75.3703, 12.2858 ], [ 75.3764, 12.2833 ], [ 75.3873, 12.2878 ], [ 75.3899, 12.2966 ], [ 75.3923, 12.2902 ], [ 75.3974, 12.294 ], [ 75.4102, 12.2952 ], [ 75.4144, 12.2906 ], [ 75.4211, 12.2917 ], [ 75.4301, 12.299 ], [ 75.4599, 12.294 ], [ 75.4707, 12.2997 ], [ 75.4866, 12.2886 ] ] ] } },
{ "type": "Feature", "properties": { "unit_id": "IND.17.4.2_1", "name": "Taliparamba", "district": "Kannur", "did": "kerala:Kannur", "state_key": "kerala" }, "geometry": { "type": "Polygon", "coordinates": [ [ [ 75.5116, 12.2531 ], [ 75.5198, 12.2462 ], [ 75.5211, 12.2361 ], [ 75.5283, 12.2316 ], [ 75.5269, 12.2257 ], [ 75.5397, 12.2168 ], [ 75.5326, 12.2014 ], [ 75.5398, 12.2027 ], [ 75.5412, 12.1975 ], [ 75.5462, 12.1979 ], [ 75.5486, 12.1926 ], [ 75.5526, 12.1928 ], [ 75.5603, 12.1761 ], [ 75.5698, 12.1729 ], [ 75.5772, 12.1578 ], [ 75.5833, 12.1591 ], [ 75.5926, 12.1478 ], [ 75.5959, 12.1543 ], [ 75.6069, 12.1555 ], [ 75.6112, 12.1526 ], [ 75.619, 12.1565 ], [ 75.6313, 12.1488 ], [ 75.6361, 12.1492 ], [ 75.6383, 12.139 ], [ 75.6432, 12.1386 ], [ 75.649, 12.1096 ], [ 75.6529, 12.1084 ], [ 75.6294, 12.1053 ], [ 75.6304, 12.0538 ], [ 75.6235, 12.0575 ], [ 75.6166, 12.0547 ], [ 75.6104, 12.0421 ], [ 75.6111, 12.0344 ], [ 75.5997, 12.0354 ], [ 75.5936, 12.0424 ], [ 75.5794, 12.0397 ], [ 75.5754, 12.0326 ], [ 75.5683, 12.031 ], [ 75.5736, 12.0273 ], [ 75.5633, 12.0216 ], [ 75.5652, 12.0175 ], [ 75.5549, 12.0148 ], [ 75.5549, 12.0004 ], [ 75.5622, 11.9831 ], [ 75.5512, 11.9687 ], [ 75.5481, 11.9677 ], [ 75.5434, 11.9747 ], [ 75.548, 11.9807 ], [ 75.547, 11.994 ], [ 75.5388, 11.9935 ], [ 75.5312, 11.985 ], [ 75.5099, 11.9915 ], [ 75.5058, 11.9893 ], [ 75.5087, 11.9814 ], [ 75.5007, 11.9702 ], [ 75.5045, 11.9578 ], [ 75.4968, 11.9527 ], [ 75.4946, 11.9387 ], [ 75.478, 11.9407 ], [ 75.4681, 11.9309 ], [ 75.462, 11.9301 ], [ 75.4592, 11.9362 ], [ 75.4467, 11.9369 ], [ 75.4381, 11.9486 ], [ 75.4296, 11.9425 ], [ 75.4287, 11.9246 ], [ 75.4193, 11.926 ], [ 75.4131, 11.9198 ], [ 75.4105, 11.9266 ], [ 75.4137, 11.9464 ], [ 75.4008, 11.9492 ], [ 75.4021, 11.9562 ], [ 75.3961, 11.9608 ], [ 75.3965, 11.9713 ], [ 75.383, 11.9592 ], [ 75.3777, 11.9589 ], [ 75.3845, 11.9705 ], [ 75.3811, 11.975 ], [ 75.3756, 11.9751 ], [ 75.3777, 11.9848 ], [ 75.3716, 11.9863 ], [ 75.3372, 11.9743 ], [ 75.3401, 11.987 ], [ 75.3326, 11.9917 ], [ 75.3352, 12.0046 ], [ 75.3327, 12.0092 ], [ 75.3285, 12.0069 ], [ 75.3298, 12.013 ], [ 75.3239, 12.0115 ], [ 75.3115, 12.0147 ], [ 75.3095, 12.0096 ], [ 75.2985, 12.0159 ], [ 75.3027, 12.0242 ], [ 75.3008, 12.0311 ], [ 75.312, 12.0361 ], [ 75.3131, 12.0443 ], [ 75.3198, 12.0474 ], [ 75.3294, 12.0369 ], [ 75.3397, 12.052 ], [ 75.3347, 12.0619 ], [ 75.3156, 12.0539 ], [ 75.3103, 12.06 ], [ 75.3053, 12.0578 ], [ 75.2971, 12.0674 ], [ 75.3154, 12.0928 ], [ 75.311, 12.0948 ], [ 75.3126, 12.1093 ], [ 75.3282, 12.1126 ], [ 75.3307, 12.1058 ], [ 75.3386, 12.1043 ], [ 75.3576, 12.1178 ], [ 75.3611, 12.1246 ], [ 75.3656, 12.1234 ], [ 75.3741, 12.1305 ], [ 75.3802, 12.1296 ], [ 75.3823, 12.1345 ], [ 75.3854, 12.1309 ], [ 75.4016, 12.1379 ], [ 75.402, 12.1444 ], [ 75.3935, 12.1504 ], [ 75.3921, 12.1622 ], [ 75.3877, 12.1641 ], [ 75.3956, 12.178 ], [ 75.3879, 12.1783 ], [ 75.3849, 12.1748 ], [ 75.3796, 12.1769 ], [ 75.3731, 12.1961 ], [ 75.3733, 12.2253 ], [ 75.3764, 12.2296 ], [ 75.3697, 12.2349 ], [ 75.3763, 12.2494 ], [ 75.3843, 12.2502 ], [ 75.387, 12.2455 ], [ 75.3969, 12.2444 ], [ 75.4129, 12.2368 ], [ 75.4169, 12.2245 ], [ 75.4239, 12.238 ], [ 75.4383, 12.2383 ], [ 75.447, 12.2462 ], [ 75.4521, 12.2663 ], [ 75.4658, 12.2696 ], [ 75.4739, 12.2789 ], [ 75.5054, 12.2707 ], [ 75.5116, 12.2531 ] ] ] } },
{ "type": "Feature", "properties": { "unit_id": "IND.17.4.1_1", "name": "Kannur", "district": "Kannur", "did": "kerala:Kannur", "state_key": "kerala" }, "geometry": { "type": "Polygon", "coordinates": [ [ [ 75.2985, 12.0159 ], [ 75.3095, 12.0096 ], [ 75.3115, 12.0147 ], [ 75.3239, 12.0115 ], [ 75.3298, 12.013 ], [ 75.3285, 12.0069 ], [ 75.3327, 12.0092 ], [ 75.3352, 12.0046 ], [ 75.3326, 11.9917 ], [ 75.3401, 11.987 ], [ 75.3372, 11.9743 ], [ 75.3493, 11.977 ], [ 75.3615, 11.9845 ], [ 75.3777, 11.9848 ], [ 75.3756, 11.9751 ], [ 75.3811, 11.975 ], [ 75.3845, 11.9705 ], [ 75.3777, 11.9589 ], [ 75.383, 11.9592 ], [ 75.3965, 11.9713 ], [ 75.3961, 11.9608 ], [ 75.4021, 11.9562 ], [ 75.4008, 11.9492 ], [ 75.4137, 11.9464 ], [ 75.4105, 11.9266 ], [ 75.4131, 11.9198 ], [ 75.4193, 11.926 ], [ 75.4287, 11.9246 ], [ 75.4296, 11.9425 ], [ 75.4387, 11.9487 ], [ 75.4467, 11.9369 ], [ 75.4592, 11.9362 ], [ 75.4799, 11.905 ], [ 75.496, 11.9149 ], [ 75.514, 11.9086 ], [ 75.5179, 11.9005 ], [ 75.5083, 11.8924 ], [ 75.5009, 11.8586 ], [ 75.507, 11.8507 ], [ 75.4893, 11.846 ], [ 75.4876, 11.835 ], [ 75.4926, 11.8315 ], [ 75.4949, 11.8365 ], [ 75.499, 11.8368 ], [ 75.5027, 11.8226 ], [ 75.4947, 11.8261 ], [ 75.4772, 11.8175 ], [ 75.4656, 11.8202 ], [ 75.4587, 11.806 ], [ 75.4619, 11.7852 ], [ 75.4579, 11.7775 ], [ 75.4469, 11.7818 ], [ 75.4361, 11.8054 ], [ 75.4233, 11.8129 ], [ 75.3858, 11.8563 ], [ 75.3748, 11.8582 ], [ 75.3746, 11.852 ], [ 75.3668, 11.8516 ], [ 75.3557, 11.8598 ], [ 75.3527, 11.8694 ], [ 75.3251, 11.9047 ], [ 75.3192, 11.905 ], [ 75.3202, 11.9138 ], [ 75.3067, 11.9328 ], [ 75.2953, 11.942 ], [ 75.3014, 11.9449 ], [ 75.3004, 11.9479 ], [ 75.2949, 11.9457 ], [ 75.2556, 12.0005 ], [ 75.2649, 12.0058 ], [ 75.269, 12.0251 ], [ 75.2852, 12.0212 ], [ 75.2913, 12.0101 ], [ 75.2985, 12.0159 ] ] ] } },
{ "type": "Feature", "properties": { "unit_id": "IND.17.12.3_1", "name": "Neyyattinkara", "district": "Thiruvananthapuram", "did": "kerala:Thiruvananthapuram", "state_key": "kerala" }, "geometry": { "type": "Polygon", "coordinates": [ [ [ 77.0386, 8.4563 ], [ 77.0472, 8.447 ], [ 77.0611, 8.4424 ], [ 77.0642, 8.4325 ], [ 77.0677, 8.4355 ], [ 77.0762, 8.4317 ], [ 77.0816, 8.4442 ], [ 77.0879, 8.445 ], [ 77.095, 8.4592 ], [ 77.1042, 8.4537 ], [ 77.1161, 8.4569 ], [ 77.1372, 8.4544 ], [ 77.1474, 8.439 ], [ 77.1521, 8.4399 ], [ 77.1522, 8.449 ], [ 77.1574, 8.4528 ], [ 77.1632, 8.4701 ], [ 77.1749, 8.4786 ], [ 77.1949, 8.4625 ], [ 77.2019, 8.4611 ], [ 77.2052, 8.4642 ], [ 77.2136, 8.4531 ], [ 77.2285, 8.4485 ], [ 77.2066, 8.4447 ], [ 77.2038, 8.4353 ], [ 77.1966, 8.4292 ], [ 77.1975, 8.4199 ], [ 77.1826, 8.4048 ], [ 77.1817, 8.3958 ], [ 77.1682, 8.3839 ], [ 77.161, 8.3902 ], [ 77.1513, 8.3849 ], [ 77.152, 8.3813 ], [ 77.16, 8.3812 ], [ 77.1613, 8.374 ], [ 77.153, 8.3551 ], [ 77.1574, 8.3599 ], [ 77.1666, 8.3602 ], [ 77.1675, 8.3634 ], [ 77.1743, 8.3586 ], [ 77.1755, 8.3499 ], [ 77.1669, 8.3427 ], [ 77.1697, 8.3347 ], [ 77.1809, 8.3242 ], [ 77.1758, 8.3203 ], [ 77.1699, 8.3255 ], [ 77.1693, 8.3329 ], [ 77.1536, 8.328 ], [ 77.1484, 8.332 ], [ 77.1398, 8.3299 ], [ 77.1292, 8.326 ], [ 77.1296, 8.322 ], [ 77.1192, 8.3211 ], [ 77.1228, 8.309 ], [ 77.1166, 8.3103 ], [ 77.1131, 8.3042 ], [ 77.1018, 8.3065 ], [ 77.096, 8.293 ], [ 77.0287, 8.3476 ], [ 77.0112, 8.3547 ], [ 76.9976, 8.3741 ], [ 76.992, 8.3775 ], [ 76.9864, 8.3755 ], [ 76.979, 8.3819 ], [ 76.9712, 8.392 ], [ 76.9697, 8.4027 ], [ 76.9749, 8.4038 ], [ 76.9733, 8.3987 ], [ 76.984, 8.3872 ], [ 76.9884, 8.3913 ], [ 76.9967, 8.3912 ], [ 77.0071, 8.4013 ], [ 77.0226, 8.3944 ], [ 77.0411, 8.415 ], [ 77.0452, 8.4249 ], [ 77.0305, 8.4313 ], [ 77.0239, 8.4307 ], [ 77.0165, 8.4433 ], [ 77.0151, 8.4407 ], [ 77.0085, 8.442 ], [ 77.0115, 8.4497 ], [ 77.0068, 8.4528 ], [ 77.0054, 8.4668 ], [ 77.0201, 8.4757 ], [ 77.0386, 8.4613 ], [ 77.0386, 8.4563 ] ] ] } },
{ "type": "Feature", "properties": { "unit_id": "IND.17.12.3_1", "name": "Kattakkada", "district": "Thiruvananthapuram", "did": "kerala:Thiruvananthapuram", "state_key": "kerala" }, "geometry": { "type": "Polygon", "coordinates": [ [ [ 77.2143, 8.6491 ], [ 77.2248, 8.6391 ], [ 77.2289, 8.6403 ], [ 77.2342, 8.6274 ], [ 77.2441, 8.6218 ], [ 77.2452, 8.6034 ], [ 77.2664, 8.5851 ], [ 77.2743, 8.5596 ], [ 77.2838, 8.5467 ], [ 77.2747, 8.5376 ], [ 77.2639, 8.5094 ], [ 77.2617, 8.5062 ], [ 77.2513, 8.5054 ], [ 77.2401, 8.4971 ], [ 77.2297, 8.509 ], [ 77.2143, 8.5128 ], [ 77.2024, 8.5012 ], [ 77.2119, 8.4921 ], [ 77.2141, 8.4697 ], [ 77.2274, 8.4585 ], [ 77.2285, 8.4485 ], [ 77.2136, 8.4531 ], [ 77.2052, 8.4642 ], [ 77.2019, 8.4611 ], [ 77.1949, 8.4625 ], [ 77.1749, 8.4786 ], [ 77.1632, 8.4701 ], [ 77.1574, 8.4528 ], [ 77.1522, 8.449 ], [ 77.1521, 8.4399 ], [ 77.1474, 8.439 ], [ 77.1372, 8.4544 ], [ 77.1161, 8.4569 ], [ 77.1042, 8.4537 ], [ 77.095, 8.4592 ], [ 77.0879, 8.445 ], [ 77.0816, 8.4442 ], [ 77.0762, 8.4317 ], [ 77.0677, 8.4355 ], [ 77.0642, 8.4325 ], [ 77.0611, 8.4424 ], [ 77.0472, 8.447 ], [ 77.0386, 8.4563 ], [ 77.0386, 8.4613 ], [ 77.0293, 8.4659 ], [ 77.0229, 8.4755 ], [ 77.0054, 8.4668 ], [ 77.0033, 8.4702 ], [ 77.0059, 8.5051 ], [ 77.0027, 8.5091 ], [ 77.0074, 8.5195 ], [ 77.0142, 8.5213 ], [ 77.0065, 8.5394 ], [ 77.0153, 8.5488 ], [ 77.0281, 8.545 ], [ 77.0376, 8.5465 ], [ 77.0439, 8.5406 ], [ 77.0581, 8.5356 ], [ 77.0622, 8.5257 ], [ 77.0674, 8.5211 ], [ 77.0697, 8.5232 ], [ 77.0759, 8.5127 ], [ 77.0835, 8.5097 ], [ 77.0864, 8.5394 ], [ 77.0983, 8.5792 ], [ 77.1124, 8.5774 ], [ 77.1165, 8.5795 ], [ 77.1315, 8.6002 ], [ 77.1391, 8.6231 ], [ 77.1562, 8.6236 ], [ 77.158, 8.6284 ], [ 77.1811, 8.635 ], [ 77.1951, 8.659 ], [ 77.1949, 8.6753 ], [ 77.2084, 8.6636 ], [ 77.2143, 8.6491 ] ] ] } },
{ "type": "Feature", "properties": { "unit_id": "IND.17.12.4_1", "name": "Thiruvananthapuram", "district": "Thiruvananthapuram", "did": "kerala:Thiruvananthapuram", "state_key": "kerala" }, "geometry": { "type": "Polygon", "coordinates": [ [ [ 76.8751, 8.6587 ], [ 76.8795, 8.66 ], [ 76.8865, 8.6511 ], [ 76.8818, 8.6422 ], [ 76.8874, 8.6397 ], [ 76.8936, 8.6262 ], [ 76.9005, 8.6249 ], [ 76.9044, 8.6119 ], [ 76.9138, 8.6055 ], [ 76.9233, 8.6084 ], [ 76.927, 8.6052 ], [ 76.9288, 8.5904 ], [ 76.9347, 8.5899 ], [ 76.9337, 8.5853 ], [ 76.9414, 8.5812 ], [ 76.9363, 8.5732 ], [ 76.9469, 8.5701 ], [ 76.9571, 8.5622 ], [ 76.9623, 8.5641 ], [ 76.9697, 8.5487 ], [ 76.9766, 8.5459 ], [ 76.987, 8.5475 ], [ 76.9905, 8.5528 ], [ 76.9987, 8.5496 ], [ 77.0121, 8.5498 ], [ 77.013, 8.5456 ], [ 77.0063, 8.5385 ], [ 77.0138, 8.5285 ], [ 77.0142, 8.521 ], [ 77.0074, 8.5195 ], [ 77.0027, 8.5089 ], [ 77.0059, 8.5051 ], [ 77.0026, 8.4723 ], [ 77.0068, 8.4528 ], [ 77.0115, 8.4497 ], [ 77.0085, 8.442 ], [ 77.0151, 8.4407 ], [ 77.0165, 8.4433 ], [ 77.0239, 8.4307 ], [ 77.0305, 8.4313 ], [ 77.0452, 8.4249 ], [ 77.0407, 8.4142 ], [ 77.0226, 8.3944 ], [ 77.0071, 8.4013 ], [ 76.9967, 8.3912 ], [ 76.9884, 8.3913 ], [ 76.984, 8.3872 ], [ 76.9779, 8.3926 ], [ 76.9733, 8.3987 ], [ 76.9749, 8.4038 ], [ 76.9697, 8.4028 ], [ 76.9549, 8.4266 ], [ 76.7978, 8.6182 ], [ 76.8096, 8.6234 ], [ 76.8217, 8.6186 ], [ 76.8258, 8.63 ], [ 76.8334, 8.6309 ], [ 76.8357, 8.6375 ], [ 76.8225, 8.6442 ], [ 76.827, 8.6556 ], [ 76.8358, 8.6563 ], [ 76.8416, 8.6604 ], [ 76.8432, 8.656 ], [ 76.8467, 8.657 ], [ 76.8439, 8.6652 ], [ 76.8527, 8.6632 ], [ 76.8526, 8.6721 ], [ 76.8683, 8.6739 ], [ 76.8751, 8.6587 ] ] ] } },
{ "type": "Feature", "properties": { "unit_id": "IND.17.1.1_1", "name": "Ambalapuzha", "district": "Alappuzha", "did": "kerala:Alappuzha", "state_key": "kerala" }, "geometry": { "type": "Polygon", "coordinates": [ [ [ 76.3953, 9.5891 ], [ 76.3922, 9.5477 ], [ 76.3834, 9.52 ], [ 76.3663, 9.5014 ], [ 76.361, 9.4665 ], [ 76.3625, 9.4527 ], [ 76.3863, 9.3975 ], [ 76.3983, 9.3929 ], [ 76.4044, 9.3955 ], [ 76.4055, 9.375 ], [ 76.4029, 9.3756 ], [ 76.4025, 9.3687 ], [ 76.398, 9.3694 ], [ 76.3948, 9.3658 ], [ 76.3934, 9.359 ], [ 76.3877, 9.3582 ], [ 76.3897, 9.3541 ], [ 76.3982, 9.3518 ], [ 76.3977, 9.3488 ], [ 76.4109, 9.3499 ], [ 76.4123, 9.343 ], [ 76.4016, 9.3383 ], [ 76.4002, 9.3167 ], [ 76.3924, 9.304 ], [ 76.3897, 9.3088 ], [ 76.3845, 9.3052 ], [ 76.3443, 9.3953 ], [ 76.3133, 9.5098 ], [ 76.2994, 9.5954 ], [ 76.3216, 9.5959 ], [ 76.3222, 9.6015 ], [ 76.3631, 9.5901 ], [ 76.3953, 9.5891 ] ] ] } },
{ "type": "Feature", "properties": { "unit_id": "IND.17.13.2_1", "name": "Mukundapuram", "district": "Trissur", "did": "kerala:Trissur", "state_key": "kerala" }, "geometry": { "type": "Polygon", "coordinates": [ [ [ 76.3048, 10.4757 ], [ 76.3165, 10.4722 ], [ 76.3212, 10.4749 ], [ 76.3307, 10.4738 ], [ 76.3461, 10.4657 ], [ 76.3542, 10.4554 ], [ 76.3593, 10.4527 ], [ 76.363, 10.4543 ], [ 76.3571, 10.4493 ], [ 76.3536, 10.4506 ], [ 76.3497, 10.4446 ], [ 76.3421, 10.4445 ], [ 76.3347, 10.4357 ], [ 76.3259, 10.4395 ], [ 76.3177, 10.4373 ], [ 76.3152, 10.4226 ], [ 76.3187, 10.4139 ], [ 76.3158, 10.4103 ], [ 76.3236, 10.4059 ], [ 76.3226, 10.4021 ], [ 76.3125, 10.3996 ], [ 76.3134, 10.3926 ], [ 76.3049, 10.3896 ], [ 76.3099, 10.3844 ], [ 76.3042, 10.3852 ], [ 76.2968, 10.3787 ], [ 76.2907, 10.3787 ], [ 76.2891, 10.3679 ], [ 76.2821, 10.3603 ], [ 76.2708, 10.36 ], [ 76.271, 10.3542 ], [ 76.2667, 10.3549 ], [ 76.2677, 10.352 ], [ 76.2637, 10.351 ], [ 76.2677, 10.3477 ], [ 76.2648, 10.3442 ], [ 76.2566, 10.3445 ], [ 76.2575, 10.3404 ], [ 76.2619, 10.3403 ], [ 76.2571, 10.3158 ], [ 76.2598, 10.3131 ], [ 76.2615, 10.3159 ], [ 76.2682, 10.314 ], [ 76.2653, 10.2889 ], [ 76.2715, 10.2861 ], [ 76.269, 10.2803 ], [ 76.2648, 10.2806 ], [ 76.267, 10.2787 ], [ 76.2563, 10.2638 ], [ 76.2557, 10.2546 ], [ 76.2479, 10.25 ], [ 76.2449, 10.2403 ], [ 76.2601, 10.2399 ], [ 76.2633, 10.2357 ], [ 76.2669, 10.2381 ], [ 76.2687, 10.2321 ], [ 76.2752, 10.2377 ], [ 76.2779, 10.235 ], [ 76.2687, 10.2283 ], [ 76.2683, 10.2225 ], [ 76.2752, 10.2131 ], [ 76.2713, 10.2062 ], [ 76.2741, 10.1931 ], [ 76.2683, 10.1915 ], [ 76.2704, 10.1878 ], [ 76.2638, 10.188 ], [ 76.2596, 10.1982 ], [ 76.2641, 10.1998 ], [ 76.2603, 10.2022 ], [ 76.2495, 10.2008 ], [ 76.2434, 10.2054 ], [ 76.2345, 10.2025 ], [ 76.2197, 10.207 ], [ 76.2116, 10.2009 ], [ 76.2137, 10.1942 ], [ 76.1852, 10.1909 ], [ 76.1691, 10.1849 ], [ 76.1648, 10.1798 ], [ 76.1529, 10.2085 ], [ 76.1092, 10.3519 ], [ 76.1197, 10.3542 ], [ 76.1235, 10.3643 ], [ 76.1318, 10.3666 ], [ 76.1222, 10.3901 ], [ 76.1234, 10.4009 ], [ 76.1275, 10.404 ], [ 76.1375, 10.3951 ], [ 76.1347, 10.3893 ], [ 76.1394, 10.3854 ], [ 76.1493, 10.3948 ], [ 76.1528, 10.4038 ], [ 76.1613, 10.4044 ], [ 76.1712, 10.4005 ], [ 76.1921, 10.4123 ], [ 76.2043, 10.4101 ], [ 76.2087, 10.4043 ], [ 76.221, 10.4027 ], [ 76.2227, 10.4099 ], [ 76.2282, 10.4084 ], [ 76.2313, 10.4242 ], [ 76.2395, 10.4254 ], [ 76.2432, 10.4483 ], [ 76.2473, 10.4475 ], [ 76.2496, 10.4533 ], [ 76.2467, 10.4632 ], [ 76.2584, 10.4628 ], [ 76.2757, 10.4723 ], [ 76.2857, 10.4686 ], [ 76.2959, 10.4756 ], [ 76.3029, 10.4725 ], [ 76.3048, 10.4757 ] ] ] } },
{ "type": "Feature", "properties": { "unit_id": "IND.17.13.4_1", "name": "Trissur", "district": "Trissur", "did": "kerala:Trissur", "state_key": "kerala" }, "geometry": { "type": "Polygon", "coordinates": [ [ [ 76.1881, 10.6276 ], [ 76.1911, 10.6251 ], [ 76.189, 10.6187 ], [ 76.1925, 10.6175 ], [ 76.2194, 10.6141 ], [ 76.2215, 10.6078 ], [ 76.2282, 10.6038 ], [ 76.2361, 10.6095 ], [ 76.2429, 10.6079 ], [ 76.2525, 10.6153 ], [ 76.2618, 10.6002 ], [ 76.2656, 10.6014 ], [ 76.2709, 10.5945 ], [ 76.2716, 10.5992 ], [ 76.2854, 10.6029 ], [ 76.2906, 10.5988 ], [ 76.3057, 10.5958 ], [ 76.3138, 10.6006 ], [ 76.3275, 10.6019 ], [ 76.3333, 10.6099 ], [ 76.3359, 10.6086 ], [ 76.3416, 10.6201 ], [ 76.3494, 10.618 ], [ 76.3578, 10.6206 ], [ 76.3677, 10.6169 ], [ 76.3755, 10.6076 ], [ 76.3795, 10.6082 ], [ 76.376, 10.604 ], [ 76.3782, 10.601 ], [ 76.3835, 10.5982 ], [ 76.3859, 10.6027 ], [ 76.3938, 10.599 ], [ 76.4085, 10.5801 ], [ 76.4203, 10.5787 ], [ 76.4297, 10.5585 ], [ 76.4349, 10.5555 ], [ 76.439, 10.5569 ], [ 76.4327, 10.5338 ], [ 76.4396, 10.53 ], [ 76.4413, 10.5227 ], [ 76.4506, 10.5217 ], [ 76.4717, 10.4965 ], [ 76.474, 10.4871 ], [ 76.4785, 10.486 ], [ 76.4698, 10.4791 ], [ 76.458, 10.4808 ], [ 76.4465, 10.4707 ], [ 76.4414, 10.4751 ], [ 76.4349, 10.4751 ], [ 76.4308, 10.4688 ], [ 76.4254, 10.4684 ], [ 76.3995, 10.4726 ], [ 76.3874, 10.4666 ], [ 76.377, 10.4659 ], [ 76.3727, 10.4567 ], [ 76.3593, 10.4527 ], [ 76.3461, 10.4657 ], [ 76.3307, 10.4738 ], [ 76.3212, 10.4749 ], [ 76.3165, 10.4722 ], [ 76.3048, 10.4757 ], [ 76.3029, 10.4725 ], [ 76.2959, 10.4756 ], [ 76.2857, 10.4686 ], [ 76.2757, 10.4723 ], [ 76.2584, 10.4628 ], [ 76.2467, 10.4632 ], [ 76.2496, 10.4533 ], [ 76.2473, 10.4475 ], [ 76.2432, 10.4483 ], [ 76.2395, 10.4254 ], [ 76.2313, 10.4242 ], [ 76.2282, 10.4084 ], [ 76.2227, 10.4099 ], [ 76.221, 10.4027 ], [ 76.2087, 10.4043 ], [ 76.2043, 10.4101 ], [ 76.1921, 10.4123 ], [ 76.1712, 10.4005 ], [ 76.1613, 10.4044 ], [ 76.1528, 10.4038 ], [ 76.1429, 10.3871 ], [ 76.1373, 10.3861 ], [ 76.1346, 10.3898 ], [ 76.1376, 10.395 ], [ 76.1275, 10.404 ], [ 76.1213, 10.4015 ], [ 76.1048, 10.44 ], [ 76.096, 10.4475 ], [ 76.0937, 10.4742 ], [ 76.0844, 10.4895 ], [ 76.0831, 10.5043 ], [ 76.0881, 10.5068 ], [ 76.1046, 10.5022 ], [ 76.1298, 10.5077 ], [ 76.1349, 10.5134 ], [ 76.1336, 10.5213 ], [ 76.1269, 10.5253 ], [ 76.1243, 10.5322 ], [ 76.1221, 10.5438 ], [ 76.1258, 10.5483 ], [ 76.1165, 10.5503 ], [ 76.1134, 10.5568 ], [ 76.1157, 10.5636 ], [ 76.1111, 10.5661 ], [ 76.1174, 10.5692 ], [ 76.115, 10.5792 ], [ 76.1189, 10.583 ], [ 76.1125, 10.5909 ], [ 76.1229, 10.6029 ], [ 76.1159, 10.6071 ], [ 76.1236, 10.6078 ], [ 76.126, 10.6111 ], [ 76.1268, 10.6081 ], [ 76.1313, 10.6086 ], [ 76.1402, 10.6216 ], [ 76.1546, 10.6226 ], [ 76.1597, 10.6184 ], [ 76.1579, 10.6122 ], [ 76.1652, 10.6116 ], [ 76.1667, 10.617 ], [ 76.1756, 10.6178 ], [ 76.173, 10.6291 ], [ 76.1881, 10.6276 ] ] ] } },
{ "type": "Feature", "properties": { "unit_id": "IND.17.2.6_1", "name": "Paravur", "district": "Ernakulam", "did": "kerala:Ernakulam", "state_key": "kerala" }, "geometry": { "type": "Polygon", "coordinates": [ [ [ 76.2434, 10.2054 ], [ 76.2495, 10.2008 ], [ 76.2637, 10.2007 ], [ 76.2596, 10.1982 ], [ 76.2613, 10.1899 ], [ 76.2707, 10.1853 ], [ 76.274, 10.1752 ], [ 76.2871, 10.1782 ], [ 76.2964, 10.1761 ], [ 76.3019, 10.1854 ], [ 76.3171, 10.1795 ], [ 76.3231, 10.1837 ], [ 76.3246, 10.1817 ], [ 76.3204, 10.1701 ], [ 76.3295, 10.1611 ], [ 76.326, 10.153 ], [ 76.3309, 10.1261 ], [ 76.3217, 10.1241 ], [ 76.3219, 10.1213 ], [ 76.3359, 10.1188 ], [ 76.3371, 10.1132 ], [ 76.346, 10.1126 ], [ 76.3468, 10.1067 ], [ 76.3437, 10.0937 ], [ 76.3353, 10.0924 ], [ 76.335, 10.0811 ], [ 76.3266, 10.0673 ], [ 76.3168, 10.0617 ], [ 76.31, 10.0641 ], [ 76.3059, 10.062 ], [ 76.3104, 10.0517 ], [ 76.3021, 10.0431 ], [ 76.2924, 10.0583 ], [ 76.2938, 10.0661 ], [ 76.2831, 10.0733 ], [ 76.2811, 10.0639 ], [ 76.2719, 10.0619 ], [ 76.265, 10.0644 ], [ 76.259, 10.0626 ], [ 76.2589, 10.0683 ], [ 76.2539, 10.0711 ], [ 76.2464, 10.0691 ], [ 76.2425, 10.0728 ], [ 76.2334, 10.0694 ], [ 76.2294, 10.0712 ], [ 76.1936, 10.1621 ], [ 76.1785, 10.1738 ], [ 76.1749, 10.1862 ], [ 76.1891, 10.1919 ], [ 76.2137, 10.1942 ], [ 76.2116, 10.2009 ], [ 76.2197, 10.207 ], [ 76.2336, 10.2026 ], [ 76.2434, 10.2054 ] ] ] } },
{ "type": "Feature", "properties": { "unit_id": "IND.17.2.3_1", "name": "Kanayannur", "district": "Ernakulam", "did": "kerala:Ernakulam", "state_key": "kerala" }, "geometry": { "type": "Polygon", "coordinates": [ [ [ 76.357, 10.0617 ], [ 76.3543, 10.0588 ], [ 76.3603, 10.0552 ], [ 76.362, 10.0475 ], [ 76.3711, 10.0491 ], [ 76.3801, 10.0354 ], [ 76.3789, 10.0182 ], [ 76.3727, 10.0118 ], [ 76.374, 10.0081 ], [ 76.3683, 10.0052 ], [ 76.3667, 9.9956 ], [ 76.3606, 9.9932 ], [ 76.3574, 9.9767 ], [ 76.3726, 9.9569 ], [ 76.3714, 9.9489 ], [ 76.3754, 9.9486 ], [ 76.3789, 9.9415 ], [ 76.3855, 9.9417 ], [ 76.3979, 9.9351 ], [ 76.394, 9.9272 ], [ 76.3845, 9.9282 ], [ 76.3806, 9.9243 ], [ 76.3851, 9.9151 ], [ 76.396, 9.9141 ], [ 76.3963, 9.9079 ], [ 76.402, 9.9123 ], [ 76.4201, 9.9164 ], [ 76.425, 9.9108 ], [ 76.4234, 9.8983 ], [ 76.4366, 9.9003 ], [ 76.4474, 9.8887 ], [ 76.4516, 9.8876 ], [ 76.4526, 9.8904 ], [ 76.4596, 9.8873 ], [ 76.4598, 9.8805 ], [ 76.4679, 9.8753 ], [ 76.4698, 9.8588 ], [ 76.4461, 9.8347 ], [ 76.4214, 9.8234 ], [ 76.4143, 9.8223 ], [ 76.4116, 9.828 ], [ 76.3945, 9.8307 ], [ 76.3884, 9.8444 ], [ 76.3804, 9.843 ], [ 76.3728, 9.8367 ], [ 76.3719, 9.8555 ], [ 76.3534, 9.884 ], [ 76.3338, 9.8768 ], [ 76.3106, 9.8837 ], [ 76.303, 9.8902 ], [ 76.301, 9.9233 ], [ 76.2699, 9.9826 ], [ 76.2562, 9.9769 ], [ 76.2585, 9.9844 ], [ 76.2515, 9.9804 ], [ 76.2416, 9.9953 ], [ 76.2374, 10.0174 ], [ 76.2438, 10.0524 ], [ 76.2388, 10.0716 ], [ 76.2425, 10.0728 ], [ 76.2464, 10.0691 ], [ 76.2539, 10.0711 ], [ 76.2589, 10.0683 ], [ 76.259, 10.0626 ], [ 76.265, 10.0644 ], [ 76.2719, 10.0619 ], [ 76.2811, 10.0639 ], [ 76.2831, 10.0733 ], [ 76.2938, 10.0661 ], [ 76.2924, 10.0583 ], [ 76.3021, 10.0431 ], [ 76.3104, 10.0517 ], [ 76.3061, 10.0621 ], [ 76.31, 10.0641 ], [ 76.3168, 10.0617 ], [ 76.3208, 10.0663 ], [ 76.3304, 10.0662 ], [ 76.3428, 10.0784 ], [ 76.3463, 10.0784 ], [ 76.3538, 10.0697 ], [ 76.357, 10.0617 ] ] ] } },
{ "type": "Feature", "properties": { "unit_id": "IND.17.2.6_1", "name": "Kochchi", "district": "Ernakulam", "did": "kerala:Ernakulam", "state_key": "kerala" }, "geometry": { "type": "Polygon", "coordinates": [ [ [ 76.2388, 10.0716 ], [ 76.2438, 10.0524 ], [ 76.2374, 10.0174 ], [ 76.2418, 9.9945 ], [ 76.2515, 9.9804 ], [ 76.2585, 9.9844 ], [ 76.2562, 9.9769 ], [ 76.2699, 9.9826 ], [ 76.301, 9.9233 ], [ 76.303, 9.8902 ], [ 76.2926, 9.8903 ], [ 76.2975, 9.8527 ], [ 76.2857, 9.8492 ], [ 76.2796, 9.8306 ], [ 76.2909, 9.8067 ], [ 76.2819, 9.8044 ], [ 76.2841, 9.7915 ], [ 76.278, 9.789 ], [ 76.2563, 9.8998 ], [ 76.238, 9.9534 ], [ 76.2365, 9.9646 ], [ 76.2412, 9.9676 ], [ 76.2282, 9.9819 ], [ 76.2017, 10.0535 ], [ 76.1834, 10.1253 ], [ 76.1667, 10.171 ], [ 76.1648, 10.1798 ], [ 76.1691, 10.1849 ], [ 76.1749, 10.1862 ], [ 76.1785, 10.1738 ], [ 76.1936, 10.1621 ], [ 76.2294, 10.0712 ], [ 76.2388, 10.0716 ] ] ] } },
{ "type": "Feature", "properties": { "unit_id": "IND.17.1.7_1", "name": "Cherttala", "district": "Alappuzha", "did": "kerala:Alappuzha", "state_key": "kerala" }, "geometry": { "type": "Polygon", "coordinates": [ [ [ 76.3534, 9.884 ], [ 76.3571, 9.8803 ], [ 76.3719, 9.8555 ], [ 76.3715, 9.8386 ], [ 76.3814, 9.821 ], [ 76.365, 9.7923 ], [ 76.3807, 9.7514 ], [ 76.3757, 9.6974 ], [ 76.4026, 9.6859 ], [ 76.3965, 9.6538 ], [ 76.3996, 9.6398 ], [ 76.3953, 9.5891 ], [ 76.3631, 9.5901 ], [ 76.3227, 9.6015 ], [ 76.3216, 9.5959 ], [ 76.2994, 9.5954 ], [ 76.2772, 9.7888 ], [ 76.2841, 9.7915 ], [ 76.2821, 9.8047 ], [ 76.2909, 9.8067 ], [ 76.2796, 9.8306 ], [ 76.2857, 9.8492 ], [ 76.2975, 9.8527 ], [ 76.2927, 9.8906 ], [ 76.303, 9.8902 ], [ 76.3106, 9.8837 ], [ 76.3338, 9.8768 ], [ 76.3534, 9.884 ] ] ] } },
{ "type": "Feature", "properties": { "unit_id": "IND.17.7.5_1", "name": "Vaikam", "district": "Kottayam", "did": "kerala:Kottayam", "state_key": "kerala" }, "geometry": { "type": "Polygon", "coordinates": [ [ [ 76.4803, 9.8465 ], [ 76.4829, 9.8428 ], [ 76.4986, 9.8515 ], [ 76.5148, 9.8489 ], [ 76.5199, 9.8242 ], [ 76.5243, 9.827 ], [ 76.539, 9.8231 ], [ 76.5388, 9.8134 ], [ 76.5447, 9.8133 ], [ 76.5445, 9.8009 ], [ 76.555, 9.8023 ], [ 76.5643, 9.7939 ], [ 76.5668, 9.7805 ], [ 76.5612, 9.7805 ], [ 76.5659, 9.7745 ], [ 76.5602, 9.7745 ], [ 76.5609, 9.7706 ], [ 76.5566, 9.7771 ], [ 76.5552, 9.7744 ], [ 76.5483, 9.7779 ], [ 76.545, 9.772 ], [ 76.538, 9.77 ], [ 76.5389, 9.7644 ], [ 76.5342, 9.7659 ], [ 76.5301, 9.7619 ], [ 76.5327, 9.7597 ], [ 76.5283, 9.75 ], [ 76.5332, 9.7498 ], [ 76.5421, 9.7226 ], [ 76.5399, 9.7113 ], [ 76.5245, 9.7032 ], [ 76.5178, 9.708 ], [ 76.5033, 9.7041 ], [ 76.4992, 9.6938 ], [ 76.4919, 9.6951 ], [ 76.4896, 9.6911 ], [ 76.4807, 9.6884 ], [ 76.4782, 9.6757 ], [ 76.472, 9.6732 ], [ 76.467, 9.6768 ], [ 76.4562, 9.6765 ], [ 76.4541, 9.6563 ], [ 76.4471, 9.6586 ], [ 76.44, 9.6563 ], [ 76.4275, 9.6465 ], [ 76.3973, 9.649 ], [ 76.4026, 9.6859 ], [ 76.3757, 9.6974 ], [ 76.3807, 9.7514 ], [ 76.365, 9.7936 ], [ 76.3816, 9.8184 ], [ 76.3728, 9.8367 ], [ 76.3804, 9.843 ], [ 76.3884, 9.8444 ], [ 76.3945, 9.8307 ], [ 76.4116, 9.828 ], [ 76.4143, 9.8223 ], [ 76.4289, 9.8252 ], [ 76.4461, 9.8347 ], [ 76.4613, 9.8509 ], [ 76.4603, 9.847 ], [ 76.4737, 9.8422 ], [ 76.4803, 9.8465 ] ] ] } },
{ "type": "Feature", "properties": { "unit_id": "IND.17.7.3_1", "name": "Kottayam", "district": "Kottayam", "did": "kerala:Kottayam", "state_key": "kerala" }, "geometry": { "type": "Polygon", "coordinates": [ [ [ 76.5203, 9.7044 ], [ 76.5244, 9.7053 ], [ 76.5144, 9.6914 ], [ 76.5252, 9.6822 ], [ 76.5285, 9.6817 ], [ 76.5279, 9.6919 ], [ 76.5344, 9.6925 ], [ 76.5445, 9.693 ], [ 76.5436, 9.6873 ], [ 76.5461, 9.6898 ], [ 76.5495, 9.6861 ], [ 76.5588, 9.6902 ], [ 76.5595, 9.6934 ], [ 76.5651, 9.6936 ], [ 76.5706, 9.6891 ], [ 76.5755, 9.6898 ], [ 76.5818, 9.6784 ], [ 76.5849, 9.6842 ], [ 76.5957, 9.6872 ], [ 76.6001, 9.6807 ], [ 76.5964, 9.6661 ], [ 76.6052, 9.671 ], [ 76.6169, 9.6551 ], [ 76.628, 9.6601 ], [ 76.628, 9.6683 ], [ 76.6417, 9.6687 ], [ 76.6672, 9.6472 ], [ 76.6704, 9.6396 ], [ 76.6776, 9.6428 ], [ 76.6793, 9.6375 ], [ 76.6847, 9.6355 ], [ 76.6885, 9.6375 ], [ 76.6868, 9.6458 ], [ 76.7011, 9.6465 ], [ 76.7046, 9.6507 ], [ 76.7161, 9.6241 ], [ 76.7103, 9.616 ], [ 76.7097, 9.6091 ], [ 76.7131, 9.6074 ], [ 76.7071, 9.607 ], [ 76.7077, 9.6025 ], [ 76.7153, 9.5985 ], [ 76.7261, 9.5769 ], [ 76.7169, 9.5757 ], [ 76.7094, 9.5791 ], [ 76.7076, 9.5757 ], [ 76.6981, 9.5772 ], [ 76.694, 9.573 ], [ 76.6904, 9.575 ], [ 76.6798, 9.5721 ], [ 76.6732, 9.5374 ], [ 76.6648, 9.5358 ], [ 76.6613, 9.53 ], [ 76.6584, 9.5328 ], [ 76.6419, 9.5271 ], [ 76.6217, 9.5378 ], [ 76.601, 9.5302 ], [ 76.5927, 9.5388 ], [ 76.5794, 9.538 ], [ 76.5737, 9.5448 ], [ 76.5601, 9.5451 ], [ 76.565, 9.5395 ], [ 76.5602, 9.5313 ], [ 76.5631, 9.5247 ], [ 76.5572, 9.5168 ], [ 76.5601, 9.5139 ], [ 76.5545, 9.4931 ], [ 76.5381, 9.5099 ], [ 76.5184, 9.5111 ], [ 76.5158, 9.5156 ], [ 76.5099, 9.5147 ], [ 76.5093, 9.5183 ], [ 76.4934, 9.517 ], [ 76.49, 9.5079 ], [ 76.4803, 9.5074 ], [ 76.4794, 9.5376 ], [ 76.4655, 9.5422 ], [ 76.4661, 9.5617 ], [ 76.4265, 9.5496 ], [ 76.4227, 9.5558 ], [ 76.4153, 9.5584 ], [ 76.4141, 9.5633 ], [ 76.4044, 9.5595 ], [ 76.4046, 9.5539 ], [ 76.3922, 9.5477 ], [ 76.3996, 9.6398 ], [ 76.3973, 9.649 ], [ 76.4275, 9.6465 ], [ 76.44, 9.6563 ], [ 76.4471, 9.6586 ], [ 76.4541, 9.6563 ], [ 76.4562, 9.6765 ], [ 76.467, 9.6768 ], [ 76.472, 9.6732 ], [ 76.4785, 9.6758 ], [ 76.4807, 9.6884 ], [ 76.4896, 9.6911 ], [ 76.4919, 9.6951 ], [ 76.4992, 9.6938 ], [ 76.5033, 9.7041 ], [ 76.5178, 9.708 ], [ 76.5203, 9.7044 ] ] ] } },
{ "type": "Feature", "properties": { "unit_id": "IND.17.7.4_1", "name": "Minachil", "district": "Kottayam", "did": "kerala:Kottayam", "state_key": "kerala" }, "geometry": { "type": "Polygon", "coordinates": [ [ [ 76.6462, 9.8408 ], [ 76.6632, 9.8392 ], [ 76.6679, 9.8439 ], [ 76.6747, 9.8428 ], [ 76.6761, 9.8392 ], [ 76.6824, 9.8392 ], [ 76.6849, 9.8334 ], [ 76.6956, 9.8338 ], [ 76.699, 9.8256 ], [ 76.7257, 9.8117 ], [ 76.73, 9.8124 ], [ 76.7422, 9.8037 ], [ 76.7505, 9.8063 ], [ 76.7497, 9.8146 ], [ 76.7544, 9.8176 ], [ 76.7786, 9.8083 ], [ 76.8081, 9.7896 ], [ 76.8277, 9.7701 ], [ 76.8274, 9.7639 ], [ 76.839, 9.7561 ], [ 76.8487, 9.7404 ], [ 76.8605, 9.7305 ], [ 76.8672, 9.7359 ], [ 76.8688, 9.7287 ], [ 76.8898, 9.716 ], [ 76.9025, 9.6875 ], [ 76.903, 9.6763 ], [ 76.9118, 9.6701 ], [ 76.9092, 9.6625 ], [ 76.876, 9.6653 ], [ 76.8738, 9.6596 ], [ 76.8848, 9.6472 ], [ 76.8841, 9.64 ], [ 76.8738, 9.6418 ], [ 76.8676, 9.6476 ], [ 76.8699, 9.6417 ], [ 76.8604, 9.643 ], [ 76.8645, 9.6326 ], [ 76.8429, 9.6269 ], [ 76.8389, 9.6307 ], [ 76.8351, 9.6235 ], [ 76.8305, 9.6286 ], [ 76.8264, 9.6279 ], [ 76.8264, 9.6196 ], [ 76.8194, 9.6195 ], [ 76.8092, 9.6268 ], [ 76.8067, 9.6218 ], [ 76.8164, 9.6108 ], [ 76.8127, 9.5983 ], [ 76.7995, 9.5958 ], [ 76.7984, 9.6006 ], [ 76.7901, 9.5986 ], [ 76.7749, 9.6207 ], [ 76.7626, 9.6222 ], [ 76.7584, 9.6542 ], [ 76.7555, 9.6566 ], [ 76.7509, 9.655 ], [ 76.7518, 9.6594 ], [ 76.7486, 9.6606 ], [ 76.7432, 9.6609 ], [ 76.7449, 9.6532 ], [ 76.7405, 9.653 ], [ 76.7367, 9.6576 ], [ 76.7193, 9.6523 ], [ 76.714, 9.6468 ], [ 76.708, 9.6458 ], [ 76.7032, 9.6507 ], [ 76.7011, 9.6465 ], [ 76.6871, 9.6461 ], [ 76.6885, 9.6375 ], [ 76.6847, 9.6355 ], [ 76.6793, 9.6375 ], [ 76.6776, 9.6428 ], [ 76.6704, 9.6396 ], [ 76.6672, 9.6472 ], [ 76.6417, 9.6687 ], [ 76.628, 9.6683 ], [ 76.628, 9.6601 ], [ 76.6169, 9.6551 ], [ 76.6052, 9.671 ], [ 76.5964, 9.6661 ], [ 76.6001, 9.6807 ], [ 76.5957, 9.6872 ], [ 76.5849, 9.6842 ], [ 76.5818, 9.6784 ], [ 76.5755, 9.6898 ], [ 76.5706, 9.6891 ], [ 76.5651, 9.6936 ], [ 76.5595, 9.6934 ], [ 76.5588, 9.6902 ], [ 76.5495, 9.6861 ], [ 76.5461, 9.6898 ], [ 76.5436, 9.6873 ], [ 76.5445, 9.693 ], [ 76.5279, 9.6919 ], [ 76.5285, 9.6817 ], [ 76.5147, 9.691 ], [ 76.5137, 9.6943 ], [ 76.5399, 9.7113 ], [ 76.541, 9.7161 ], [ 76.5378, 9.7392 ], [ 76.5332, 9.7498 ], [ 76.5283, 9.75 ], [ 76.5327, 9.7597 ], [ 76.5301, 9.7619 ], [ 76.5342, 9.7659 ], [ 76.5389, 9.7644 ], [ 76.538, 9.77 ], [ 76.545, 9.772 ], [ 76.5483, 9.7779 ], [ 76.5552, 9.7744 ], [ 76.5566, 9.7771 ], [ 76.5609, 9.7706 ], [ 76.5602, 9.7745 ], [ 76.5659, 9.7745 ], [ 76.5612, 9.7805 ], [ 76.5668, 9.7805 ], [ 76.5644, 9.7938 ], [ 76.5597, 9.8005 ], [ 76.5548, 9.8009 ], [ 76.5609, 9.8194 ], [ 76.567, 9.8252 ], [ 76.5754, 9.8201 ], [ 76.5807, 9.8224 ], [ 76.58, 9.843 ], [ 76.5869, 9.8419 ], [ 76.5894, 9.8449 ], [ 76.5916, 9.8421 ], [ 76.5929, 9.846 ], [ 76.5991, 9.8464 ], [ 76.6049, 9.8407 ], [ 76.6095, 9.8419 ], [ 76.6156, 9.838 ], [ 76.6091, 9.849 ], [ 76.6113, 9.854 ], [ 76.6156, 9.8521 ], [ 76.6249, 9.8572 ], [ 76.628, 9.8489 ], [ 76.6462, 9.8408 ] ] ] } },
{ "type": "Feature", "properties": { "unit_id": "IND.17.3.3_1", "name": "Todupuzha", "district": "Idukki", "did": "kerala:Idukki", "state_key": "kerala" }, "geometry": { "type": "Polygon", "coordinates": [ [ [ 76.8263, 10.0127 ], [ 76.8378, 10.0117 ], [ 76.8505, 10.0 ], [ 76.8663, 10.0 ], [ 76.8739, 9.9942 ], [ 76.8832, 9.9853 ], [ 76.8718, 9.9788 ], [ 76.8726, 9.9694 ], [ 76.8921, 9.9524 ], [ 76.9005, 9.9379 ], [ 76.8949, 9.9322 ], [ 76.882, 9.9352 ], [ 76.8779, 9.9325 ], [ 76.8767, 9.9137 ], [ 76.8715, 9.9021 ], [ 76.8823, 9.8837 ], [ 76.8718, 9.8686 ], [ 76.8854, 9.8504 ], [ 76.8737, 9.8404 ], [ 76.8793, 9.8328 ], [ 76.8832, 9.8149 ], [ 76.8828, 9.7936 ], [ 76.8754, 9.7831 ], [ 76.8926, 9.7632 ], [ 76.8844, 9.7497 ], [ 76.8605, 9.7305 ], [ 76.8487, 9.7404 ], [ 76.839, 9.7561 ], [ 76.8274, 9.7639 ], [ 76.8277, 9.7701 ], [ 76.8081, 9.7896 ], [ 76.7786, 9.8083 ], [ 76.7544, 9.8176 ], [ 76.7497, 9.8146 ], [ 76.7505, 9.8063 ], [ 76.7422, 9.8037 ], [ 76.73, 9.8124 ], [ 76.7257, 9.8117 ], [ 76.699, 9.8256 ], [ 76.6956, 9.8338 ], [ 76.6849, 9.8334 ], [ 76.6824, 9.8392 ], [ 76.6761, 9.8392 ], [ 76.6747, 9.8428 ], [ 76.6679, 9.8439 ], [ 76.6632, 9.8392 ], [ 76.6462, 9.8408 ], [ 76.6271, 9.8509 ], [ 76.6345, 9.8626 ], [ 76.6322, 9.8714 ], [ 76.6374, 9.8733 ], [ 76.628, 9.9011 ], [ 76.6316, 9.9057 ], [ 76.6295, 9.9134 ], [ 76.6488, 9.9215 ], [ 76.6545, 9.9179 ], [ 76.6577, 9.9202 ], [ 76.6616, 9.9164 ], [ 76.6729, 9.9191 ], [ 76.6814, 9.9176 ], [ 76.6833, 9.9106 ], [ 76.6913, 9.9073 ], [ 76.6964, 9.9089 ], [ 76.7015, 9.9166 ], [ 76.6987, 9.9195 ], [ 76.6951, 9.9152 ], [ 76.6923, 9.9216 ], [ 76.6833, 9.9242 ], [ 76.6924, 9.9323 ], [ 76.6989, 9.9292 ], [ 76.7036, 9.9388 ], [ 76.7136, 9.9434 ], [ 76.7126, 9.9534 ], [ 76.722, 9.9523 ], [ 76.7248, 9.9569 ], [ 76.7156, 9.964 ], [ 76.7122, 9.982 ], [ 76.7163, 9.9872 ], [ 76.7234, 9.9815 ], [ 76.7364, 9.9848 ], [ 76.7447, 9.9907 ], [ 76.7656, 9.981 ], [ 76.7601, 9.9915 ], [ 76.765, 9.9893 ], [ 76.7649, 9.9932 ], [ 76.7704, 9.9944 ], [ 76.7662, 9.9974 ], [ 76.7689, 10.0014 ], [ 76.7647, 10.011 ], [ 76.7668, 10.0195 ], [ 76.779, 10.0238 ], [ 76.7809, 10.0348 ], [ 76.7934, 10.0313 ], [ 76.8263, 10.0127 ] ] ] } },
{ "type": "Feature", "properties": { "unit_id": "IND.17.2.5_1", "name": "Muvattupuzha", "district": "Ernakulam", "did": "kerala:Ernakulam", "state_key": "kerala" }, "geometry": { "type": "Polygon", "coordinates": [ [ [ 76.56, 10.0505 ], [ 76.5685, 10.0475 ], [ 76.5799, 10.0342 ], [ 76.5856, 10.0366 ], [ 76.5989, 10.0314 ], [ 76.6016, 10.0088 ], [ 76.5935, 10.0041 ], [ 76.5939, 10.0012 ], [ 76.6042, 10.0006 ], [ 76.6138, 10.0041 ], [ 76.626, 10.0003 ], [ 76.6417, 10.0069 ], [ 76.6447, 10.0125 ], [ 76.6601, 10.0117 ], [ 76.6707, 10.0156 ], [ 76.672, 10.0082 ], [ 76.6654, 9.9979 ], [ 76.6679, 9.9932 ], [ 76.6734, 9.9915 ], [ 76.6746, 9.9944 ], [ 76.6884, 9.9886 ], [ 76.6973, 9.9949 ], [ 76.7023, 9.9856 ], [ 76.7111, 9.9894 ], [ 76.7163, 9.987 ], [ 76.7114, 9.973 ], [ 76.7156, 9.964 ], [ 76.7248, 9.9569 ], [ 76.722, 9.9523 ], [ 76.7126, 9.9534 ], [ 76.7136, 9.9434 ], [ 76.7036, 9.9388 ], [ 76.6989, 9.9292 ], [ 76.6924, 9.9323 ], [ 76.6833, 9.9242 ], [ 76.6923, 9.9216 ], [ 76.6951, 9.9152 ], [ 76.6987, 9.9195 ], [ 76.7015, 9.9166 ], [ 76.6944, 9.9075 ], [ 76.6833, 9.9106 ], [ 76.6814, 9.9176 ], [ 76.6732, 9.9191 ], [ 76.6616, 9.9164 ], [ 76.6577, 9.9202 ], [ 76.6545, 9.9179 ], [ 76.6488, 9.9215 ], [ 76.6318, 9.9159 ], [ 76.628, 9.9011 ], [ 76.6374, 9.8733 ], [ 76.6322, 9.8714 ], [ 76.6327, 9.8578 ], [ 76.6191, 9.8562 ], [ 76.6156, 9.8521 ], [ 76.6113, 9.854 ], [ 76.6091, 9.849 ], [ 76.6156, 9.838 ], [ 76.6095, 9.8419 ], [ 76.6049, 9.8407 ], [ 76.5991, 9.8464 ], [ 76.5929, 9.846 ], [ 76.5916, 9.8421 ], [ 76.5894, 9.8449 ], [ 76.5869, 9.8419 ], [ 76.58, 9.843 ], [ 76.5807, 9.8224 ], [ 76.5757, 9.8201 ], [ 76.5653, 9.8244 ], [ 76.5561, 9.803 ], [ 76.5469, 9.7999 ], [ 76.5426, 9.8076 ], [ 76.5447, 9.8133 ], [ 76.5388, 9.8134 ], [ 76.539, 9.8231 ], [ 76.5243, 9.827 ], [ 76.5199, 9.8242 ], [ 76.5148, 9.8489 ], [ 76.4981, 9.8514 ], [ 76.4829, 9.8428 ], [ 76.4803, 9.8465 ], [ 76.4737, 9.8417 ], [ 76.4603, 9.847 ], [ 76.4698, 9.8588 ], [ 76.4679, 9.8753 ], [ 76.4598, 9.8805 ], [ 76.4596, 9.8873 ], [ 76.4526, 9.8904 ], [ 76.4516, 9.8876 ], [ 76.4474, 9.8887 ], [ 76.4366, 9.9003 ], [ 76.4234, 9.8983 ], [ 76.4222, 9.9009 ], [ 76.4244, 9.9139 ], [ 76.4417, 9.9196 ], [ 76.4398, 9.9259 ], [ 76.4455, 9.944 ], [ 76.454, 9.9412 ], [ 76.4588, 9.9418 ], [ 76.459, 9.9456 ], [ 76.4719, 9.9389 ], [ 76.4875, 9.9544 ], [ 76.4994, 9.9491 ], [ 76.5037, 9.9597 ], [ 76.4976, 9.9609 ], [ 76.4938, 9.9663 ], [ 76.5067, 9.9735 ], [ 76.5065, 9.9946 ], [ 76.5116, 10.0005 ], [ 76.5227, 10.0031 ], [ 76.5292, 10.0084 ], [ 76.5399, 10.004 ], [ 76.5447, 10.0086 ], [ 76.5394, 10.0167 ], [ 76.5386, 10.0453 ], [ 76.5425, 10.0494 ], [ 76.5469, 10.049 ], [ 76.5515, 10.0558 ], [ 76.5543, 10.0544 ], [ 76.5522, 10.0584 ], [ 76.56, 10.0505 ] ] ] } },
{ "type": "Feature", "properties": { "unit_id": "IND.17.2.7_1", "name": "Kunnattunad", "district": "Ernakulam", "did": "kerala:Ernakulam", "state_key": "kerala" }, "geometry": { "type": "Polygon", "coordinates": [ [ [ 76.5928, 10.1758 ], [ 76.6044, 10.1765 ], [ 76.6122, 10.1716 ], [ 76.6281, 10.1754 ], [ 76.6414, 10.1615 ], [ 76.6386, 10.1512 ], [ 76.6316, 10.1483 ], [ 76.6243, 10.1505 ], [ 76.603, 10.1491 ], [ 76.6, 10.1451 ], [ 76.597, 10.1468 ], [ 76.5854, 10.1434 ], [ 76.579, 10.137 ], [ 76.5714, 10.1047 ], [ 76.5745, 10.0896 ], [ 76.5686, 10.0822 ], [ 76.558, 10.084 ], [ 76.5567, 10.0742 ], [ 76.5622, 10.0625 ], [ 76.5566, 10.054 ], [ 76.5522, 10.0584 ], [ 76.5543, 10.0544 ], [ 76.5515, 10.0558 ], [ 76.5469, 10.049 ], [ 76.5425, 10.0494 ], [ 76.5386, 10.0453 ], [ 76.5394, 10.0167 ], [ 76.5447, 10.0086 ], [ 76.5399, 10.004 ], [ 76.5292, 10.0084 ], [ 76.5227, 10.0031 ], [ 76.5116, 10.0005 ], [ 76.5065, 9.9946 ], [ 76.5067, 9.9735 ], [ 76.4938, 9.9663 ], [ 76.4976, 9.9609 ], [ 76.5037, 9.9597 ], [ 76.4994, 9.9491 ], [ 76.4875, 9.9544 ], [ 76.4719, 9.9389 ], [ 76.459, 9.9456 ], [ 76.4588, 9.9418 ], [ 76.454, 9.9412 ], [ 76.4455, 9.944 ], [ 76.4398, 9.9259 ], [ 76.4417, 9.9196 ], [ 76.4316, 9.9182 ], [ 76.4259, 9.9133 ], [ 76.4201, 9.9164 ], [ 76.4124, 9.9152 ], [ 76.3957, 9.9081 ], [ 76.396, 9.9141 ], [ 76.3869, 9.9135 ], [ 76.3806, 9.9243 ], [ 76.3845, 9.9282 ], [ 76.394, 9.9272 ], [ 76.3979, 9.9351 ], [ 76.3855, 9.9417 ], [ 76.3789, 9.9415 ], [ 76.3754, 9.9486 ], [ 76.3714, 9.9489 ], [ 76.3726, 9.9569 ], [ 76.3578, 9.9753 ], [ 76.3582, 9.9849 ], [ 76.3789, 10.0182 ], [ 76.3807, 10.04 ], [ 76.398, 10.0599 ], [ 76.3983, 10.0732 ], [ 76.4089, 10.0952 ], [ 76.4121, 10.1144 ], [ 76.437, 10.1231 ], [ 76.4488, 10.1197 ], [ 76.4564, 10.1284 ], [ 76.4565, 10.1341 ], [ 76.449, 10.1389 ], [ 76.4492, 10.1454 ], [ 76.4424, 10.1474 ], [ 76.4316, 10.1448 ], [ 76.4292, 10.1502 ], [ 76.4402, 10.1639 ], [ 76.4599, 10.1729 ], [ 76.4708, 10.1837 ], [ 76.4788, 10.1855 ], [ 76.4791, 10.1834 ], [ 76.5022, 10.1821 ], [ 76.5096, 10.185 ], [ 76.516, 10.1944 ], [ 76.5302, 10.1978 ], [ 76.5594, 10.1978 ], [ 76.5928, 10.1758 ] ] ] } },
{ "type": "Feature", "properties": { "unit_id": "IND.17.2.1_1", "name": "Aluva", "district": "Ernakulam", "did": "kerala:Ernakulam", "state_key": "kerala" }, "geometry": { "type": "Polygon", "coordinates": [ [ [ 76.59, 10.2924 ], [ 76.6033, 10.2802 ], [ 76.6188, 10.2803 ], [ 76.6213, 10.2735 ], [ 76.6394, 10.274 ], [ 76.6459, 10.2803 ], [ 76.6619, 10.28 ], [ 76.6692, 10.2717 ], [ 76.6876, 10.2667 ], [ 76.6791, 10.25 ], [ 76.6799, 10.2361 ], [ 76.6737, 10.2154 ], [ 76.6516, 10.1911 ], [ 76.6414, 10.1615 ], [ 76.6281, 10.1754 ], [ 76.6122, 10.1716 ], [ 76.6044, 10.1765 ], [ 76.5928, 10.1758 ], [ 76.5843, 10.1833 ], [ 76.5754, 10.1859 ], [ 76.5692, 10.1933 ], [ 76.5572, 10.1983 ], [ 76.5471, 10.1959 ], [ 76.5302, 10.1978 ], [ 76.516, 10.1944 ], [ 76.5096, 10.185 ], [ 76.5022, 10.1821 ], [ 76.4791, 10.1834 ], [ 76.4788, 10.1855 ], [ 76.4708, 10.1837 ], [ 76.4599, 10.1729 ], [ 76.4402, 10.1639 ], [ 76.4295, 10.1508 ], [ 76.4316, 10.1448 ], [ 76.4424, 10.1474 ], [ 76.4492, 10.1454 ], [ 76.449, 10.1389 ], [ 76.4565, 10.1341 ], [ 76.4564, 10.1284 ], [ 76.4488, 10.1197 ], [ 76.437, 10.1231 ], [ 76.4121, 10.1144 ], [ 76.4089, 10.0952 ], [ 76.3983, 10.0732 ], [ 76.398, 10.0599 ], [ 76.3914, 10.051 ], [ 76.3883, 10.0518 ], [ 76.3793, 10.0353 ], [ 76.3711, 10.0491 ], [ 76.362, 10.0475 ], [ 76.3603, 10.0552 ], [ 76.3543, 10.0588 ], [ 76.357, 10.0617 ], [ 76.3538, 10.0697 ], [ 76.3493, 10.0708 ], [ 76.3463, 10.0784 ], [ 76.3304, 10.0662 ], [ 76.3266, 10.0673 ], [ 76.335, 10.0811 ], [ 76.3353, 10.0924 ], [ 76.3437, 10.0937 ], [ 76.3469, 10.1072 ], [ 76.346, 10.1126 ], [ 76.3371, 10.1132 ], [ 76.3359, 10.1188 ], [ 76.3219, 10.1213 ], [ 76.3217, 10.1241 ], [ 76.3309, 10.1261 ], [ 76.326, 10.153 ], [ 76.3295, 10.1611 ], [ 76.3204, 10.1699 ], [ 76.3231, 10.1837 ], [ 76.3176, 10.1794 ], [ 76.3117, 10.1815 ], [ 76.3107, 10.2055 ], [ 76.3312, 10.2095 ], [ 76.341, 10.2263 ], [ 76.3393, 10.2311 ], [ 76.3794, 10.2451 ], [ 76.3778, 10.2548 ], [ 76.3914, 10.2554 ], [ 76.3901, 10.264 ], [ 76.397, 10.2676 ], [ 76.4014, 10.276 ], [ 76.4134, 10.2811 ], [ 76.4116, 10.2876 ], [ 76.4172, 10.2888 ], [ 76.4154, 10.2943 ], [ 76.4297, 10.2895 ], [ 76.4477, 10.2969 ], [ 76.4592, 10.2966 ], [ 76.4724, 10.2917 ], [ 76.4898, 10.2944 ], [ 76.4985, 10.2877 ], [ 76.507, 10.2891 ], [ 76.5246, 10.2843 ], [ 76.5444, 10.2896 ], [ 76.5542, 10.2829 ], [ 76.5734, 10.2845 ], [ 76.5661, 10.2932 ], [ 76.576, 10.3023 ], [ 76.5898, 10.2989 ], [ 76.59, 10.2924 ] ] ] } },
{ "type": "Feature", "properties": { "unit_id": "IND.17.13.2_1", "name": "Chalakkudi", "district": "Trissur", "did": "kerala:Trissur", "state_key": "kerala" }, "geometry": { "type": "MultiPolygon", "coordinates": [ [ [ [ 76.4894, 10.4793 ], [ 76.5, 10.4792 ], [ 76.5061, 10.4735 ], [ 76.5231, 10.4688 ], [ 76.5363, 10.4483 ], [ 76.5574, 10.4435 ], [ 76.5586, 10.4341 ], [ 76.5674, 10.4372 ], [ 76.5881, 10.4354 ], [ 76.5953, 10.4217 ], [ 76.6014, 10.4182 ], [ 76.6068, 10.3994 ], [ 76.6181, 10.3903 ], [ 76.6234, 10.379 ], [ 76.6283, 10.3832 ], [ 76.6289, 10.3773 ], [ 76.6326, 10.3765 ], [ 76.6365, 10.3811 ], [ 76.6456, 10.3829 ], [ 76.6545, 10.3768 ], [ 76.6614, 10.3856 ], [ 76.6694, 10.3742 ], [ 76.6868, 10.3633 ], [ 76.7031, 10.3631 ], [ 76.7062, 10.3701 ], [ 76.7178, 10.373 ], [ 76.7491, 10.3662 ], [ 76.755, 10.3616 ], [ 76.763, 10.3622 ], [ 76.7627, 10.3531 ], [ 76.7526, 10.3476 ], [ 76.7545, 10.3362 ], [ 76.7718, 10.3342 ], [ 76.7771, 10.342 ], [ 76.7875, 10.3362 ], [ 76.8045, 10.3369 ], [ 76.8057, 10.344 ], [ 76.816, 10.3489 ], [ 76.828, 10.3373 ], [ 76.8377, 10.3378 ], [ 76.8303, 10.3036 ], [ 76.8407, 10.2997 ], [ 76.8448, 10.2949 ], [ 76.8426, 10.29 ], [ 76.8487, 10.2853 ], [ 76.8522, 10.2851 ], [ 76.8513, 10.2899 ], [ 76.8551, 10.2928 ], [ 76.8624, 10.292 ], [ 76.8731, 10.2985 ], [ 76.8734, 10.2763 ], [ 76.8914, 10.2631 ], [ 76.8971, 10.2628 ], [ 76.9012, 10.2518 ], [ 76.8963, 10.2538 ], [ 76.8956, 10.2586 ], [ 76.8893, 10.2558 ], [ 76.8779, 10.2604 ], [ 76.8799, 10.2671 ], [ 76.8761, 10.2706 ], [ 76.867, 10.2694 ], [ 76.8656, 10.2729 ], [ 76.8376, 10.2836 ], [ 76.8288, 10.2754 ], [ 76.8262, 10.281 ], [ 76.8098, 10.2861 ], [ 76.8039, 10.285 ], [ 76.7973, 10.2774 ], [ 76.7929, 10.2802 ], [ 76.7751, 10.2765 ], [ 76.7744, 10.2712 ], [ 76.7684, 10.2689 ], [ 76.7589, 10.2696 ], [ 76.751, 10.2782 ], [ 76.7306, 10.2706 ], [ 76.7062, 10.2697 ], [ 76.6957, 10.2639 ], [ 76.6692, 10.2717 ], [ 76.6619, 10.28 ], [ 76.6459, 10.2803 ], [ 76.6394, 10.274 ], [ 76.6213, 10.2735 ], [ 76.6188, 10.2803 ], [ 76.6033, 10.2802 ], [ 76.59, 10.2924 ], [ 76.5898, 10.2989 ], [ 76.5774, 10.3025 ], [ 76.5661, 10.2932 ], [ 76.5734, 10.2845 ], [ 76.5542, 10.2829 ], [ 76.5444, 10.2896 ], [ 76.5246, 10.2843 ], [ 76.507, 10.2891 ], [ 76.4985, 10.2877 ], [ 76.4898, 10.2944 ], [ 76.4724, 10.2917 ], [ 76.4592, 10.2966 ], [ 76.4477, 10.2969 ], [ 76.4297, 10.2895 ], [ 76.4154, 10.2943 ], [ 76.4172, 10.2888 ], [ 76.4116, 10.2876 ], [ 76.4134, 10.2811 ], [ 76.4014, 10.276 ], [ 76.397, 10.2676 ], [ 76.3901, 10.264 ], [ 76.3914, 10.2554 ], [ 76.3778, 10.2548 ], [ 76.3794, 10.2451 ], [ 76.3393, 10.2311 ], [ 76.341, 10.2263 ], [ 76.3312, 10.2095 ], [ 76.3107, 10.2055 ], [ 76.312, 10.1824 ], [ 76.3019, 10.1854 ], [ 76.2964, 10.1761 ], [ 76.2871, 10.1782 ], [ 76.274, 10.1752 ], [ 76.2712, 10.1848 ], [ 76.2638, 10.188 ], [ 76.2704, 10.1878 ], [ 76.2681, 10.1912 ], [ 76.2745, 10.1943 ], [ 76.2713, 10.2062 ], [ 76.2752, 10.2131 ], [ 76.2683, 10.2225 ], [ 76.2687, 10.2283 ], [ 76.2779, 10.235 ], [ 76.2752, 10.2377 ], [ 76.2687, 10.2321 ], [ 76.2669, 10.2381 ], [ 76.2633, 10.2357 ], [ 76.2601, 10.2399 ], [ 76.2449, 10.2403 ], [ 76.2479, 10.25 ], [ 76.2557, 10.2546 ], [ 76.2563, 10.2638 ], [ 76.267, 10.2787 ], [ 76.2648, 10.2806 ], [ 76.269, 10.2803 ], [ 76.2715, 10.2861 ], [ 76.2653, 10.2889 ], [ 76.2682, 10.314 ], [ 76.2615, 10.3159 ], [ 76.2598, 10.3131 ], [ 76.2571, 10.3158 ], [ 76.2619, 10.3403 ], [ 76.2575, 10.3404 ], [ 76.2566, 10.3445 ], [ 76.2648, 10.3442 ], [ 76.2677, 10.3477 ], [ 76.2637, 10.351 ], [ 76.2677, 10.352 ], [ 76.2667, 10.3549 ], [ 76.271, 10.3542 ], [ 76.2708, 10.36 ], [ 76.2821, 10.3603 ], [ 76.2891, 10.3679 ], [ 76.2907, 10.3787 ], [ 76.2968, 10.3787 ], [ 76.3042, 10.3852 ], [ 76.3099, 10.3844 ], [ 76.3049, 10.3896 ], [ 76.3134, 10.3926 ], [ 76.3125, 10.3996 ], [ 76.3226, 10.4021 ], [ 76.3236, 10.4059 ], [ 76.3158, 10.4103 ], [ 76.3187, 10.4139 ], [ 76.3152, 10.4226 ], [ 76.317, 10.4364 ], [ 76.3259, 10.4395 ], [ 76.3347, 10.4357 ], [ 76.3421, 10.4445 ], [ 76.3497, 10.4446 ], [ 76.3551, 10.4514 ], [ 76.3571, 10.4493 ], [ 76.3708, 10.4556 ], [ 76.377, 10.4659 ], [ 76.3901, 10.4674 ], [ 76.3903, 10.47 ], [ 76.4037, 10.4732 ], [ 76.4308, 10.4688 ], [ 76.4349, 10.4751 ], [ 76.4414, 10.4751 ], [ 76.4465, 10.4707 ], [ 76.4591, 10.4813 ], [ 76.4698, 10.4791 ], [ 76.4785, 10.486 ], [ 76.4872, 10.4863 ], [ 76.4894, 10.4793 ] ] ], [ [ [ 75.9829, 10.6869 ], [ 75.9863, 10.691 ], [ 76.0012, 10.6943 ], [ 76.0088, 10.6869 ], [ 76.0235, 10.6822 ], [ 76.0331, 10.6674 ], [ 76.0337, 10.6638 ], [ 76.0277, 10.6612 ], [ 76.0286, 10.6523 ], [ 76.0366, 10.6349 ], [ 76.0418, 10.6268 ], [ 76.0492, 10.6265 ], [ 76.0531, 10.618 ], [ 76.0563, 10.6189 ], [ 76.0641, 10.6011 ], [ 76.07, 10.6003 ], [ 76.0763, 10.5779 ], [ 76.0791, 10.5814 ], [ 76.0841, 10.5807 ], [ 76.088, 10.5883 ], [ 76.0996, 10.5932 ], [ 76.1093, 10.5879 ], [ 76.1125, 10.5909 ], [ 76.1171, 10.588 ], [ 76.1175, 10.5697 ], [ 76.1111, 10.5661 ], [ 76.1157, 10.5636 ], [ 76.1134, 10.5568 ], [ 76.1165, 10.5503 ], [ 76.1258, 10.5483 ], [ 76.1221, 10.5438 ], [ 76.1243, 10.5322 ], [ 76.1269, 10.5253 ], [ 76.1336, 10.5213 ], [ 76.1349, 10.5134 ], [ 76.1298, 10.5077 ], [ 76.1046, 10.5022 ], [ 76.0881, 10.5068 ], [ 76.0831, 10.5043 ], [ 76.0844, 10.4895 ], [ 76.0937, 10.4742 ], [ 76.0956, 10.4487 ], [ 76.1048, 10.44 ], [ 76.1234, 10.4009 ], [ 76.1222, 10.3901 ], [ 76.1318, 10.3666 ], [ 76.1235, 10.3643 ], [ 76.1227, 10.3571 ], [ 76.1155, 10.3521 ], [ 76.1092, 10.3519 ], [ 76.0833, 10.4216 ], [ 76.0392, 10.5085 ], [ 76.0367, 10.5075 ], [ 76.0319, 10.5153 ], [ 75.9562, 10.6854 ], [ 75.967, 10.6941 ], [ 75.9705, 10.6911 ], [ 75.9771, 10.6918 ], [ 75.9773, 10.6959 ], [ 75.9829, 10.6869 ] ] ] ] } },
{ "type": "Feature", "properties": { "unit_id": "IND.17.3.1_1", "name": "Kotamangalam", "district": "Ernakulam", "did": "kerala:Ernakulam", "state_key": "kerala" }, "geometry": { "type": "Polygon", "coordinates": [ [ [ 77.0144, 10.2458 ], [ 77.0406, 10.2527 ], [ 77.0506, 10.2618 ], [ 77.0628, 10.2478 ], [ 77.0605, 10.2362 ], [ 77.0483, 10.2308 ], [ 77.0458, 10.2338 ], [ 77.0307, 10.2286 ], [ 77.0222, 10.2295 ], [ 77.0134, 10.2227 ], [ 77.0225, 10.2168 ], [ 77.0199, 10.213 ], [ 77.0336, 10.2047 ], [ 77.0423, 10.2033 ], [ 77.0433, 10.2068 ], [ 77.0488, 10.2058 ], [ 77.0553, 10.2119 ], [ 77.0663, 10.2086 ], [ 77.0664, 10.196 ], [ 77.076, 10.197 ], [ 77.0835, 10.1866 ], [ 77.0878, 10.1864 ], [ 77.0851, 10.1745 ], [ 77.0805, 10.1715 ], [ 77.077, 10.176 ], [ 77.0751, 10.1734 ], [ 77.0684, 10.1745 ], [ 77.0615, 10.1698 ], [ 77.0575, 10.1782 ], [ 77.0283, 10.1724 ], [ 77.0234, 10.1784 ], [ 77.0144, 10.1726 ], [ 77.0026, 10.1705 ], [ 76.9977, 10.1625 ], [ 76.9882, 10.1609 ], [ 76.9828, 10.1658 ], [ 76.9748, 10.1603 ], [ 76.9665, 10.1598 ], [ 76.9292, 10.1788 ], [ 76.9211, 10.176 ], [ 76.9025, 10.1483 ], [ 76.9043, 10.1405 ], [ 76.8915, 10.1311 ], [ 76.864, 10.091 ], [ 76.8648, 10.0737 ], [ 76.8449, 10.0794 ], [ 76.8226, 10.0906 ], [ 76.814, 10.0806 ], [ 76.8163, 10.069 ], [ 76.8253, 10.0623 ], [ 76.81, 10.0628 ], [ 76.8113, 10.0585 ], [ 76.8036, 10.0575 ], [ 76.8008, 10.0607 ], [ 76.8069, 10.066 ], [ 76.7998, 10.0634 ], [ 76.7818, 10.0673 ], [ 76.7696, 10.0661 ], [ 76.7756, 10.0597 ], [ 76.7823, 10.0581 ], [ 76.7855, 10.0499 ], [ 76.7964, 10.0418 ], [ 76.8396, 10.0245 ], [ 76.8378, 10.0117 ], [ 76.8263, 10.0127 ], [ 76.8053, 10.0268 ], [ 76.7943, 10.029 ], [ 76.784, 10.036 ], [ 76.7809, 10.0348 ], [ 76.779, 10.0238 ], [ 76.7668, 10.0195 ], [ 76.7652, 10.0159 ], [ 76.7689, 10.0014 ], [ 76.7662, 9.9972 ], [ 76.7705, 9.9948 ], [ 76.7638, 9.9921 ], [ 76.765, 9.9893 ], [ 76.7601, 9.9915 ], [ 76.765, 9.9809 ], [ 76.7447, 9.9907 ], [ 76.7364, 9.9848 ], [ 76.7234, 9.9815 ], [ 76.7113, 9.9894 ], [ 76.7022, 9.9856 ], [ 76.6973, 9.9949 ], [ 76.6884, 9.9886 ], [ 76.6746, 9.9944 ], [ 76.6738, 9.9916 ], [ 76.6698, 9.9922 ], [ 76.6654, 9.9979 ], [ 76.672, 10.0082 ], [ 76.6707, 10.0156 ], [ 76.6601, 10.0117 ], [ 76.6447, 10.0125 ], [ 76.6417, 10.0069 ], [ 76.626, 10.0003 ], [ 76.6138, 10.0041 ], [ 76.6042, 10.0006 ], [ 76.5939, 10.0012 ], [ 76.5935, 10.0041 ], [ 76.6016, 10.0088 ], [ 76.6001, 10.0295 ], [ 76.5856, 10.0366 ], [ 76.5799, 10.0342 ], [ 76.5685, 10.0475 ], [ 76.5566, 10.054 ], [ 76.5622, 10.0625 ], [ 76.5578, 10.0694 ], [ 76.5573, 10.0822 ], [ 76.5603, 10.0847 ], [ 76.5686, 10.0822 ], [ 76.5745, 10.0896 ], [ 76.5714, 10.1047 ], [ 76.5773, 10.119 ], [ 76.5749, 10.1289 ], [ 76.5854, 10.1434 ], [ 76.597, 10.1468 ], [ 76.6, 10.1451 ], [ 76.6086, 10.1504 ], [ 76.6371, 10.149 ], [ 76.6516, 10.1911 ], [ 76.6737, 10.2154 ], [ 76.6799, 10.2361 ], [ 76.6791, 10.25 ], [ 76.6876, 10.2667 ], [ 76.6957, 10.2639 ], [ 76.7062, 10.2697 ], [ 76.7306, 10.2706 ], [ 76.751, 10.2782 ], [ 76.7589, 10.2696 ], [ 76.7684, 10.2689 ], [ 76.7744, 10.2712 ], [ 76.7751, 10.2765 ], [ 76.7929, 10.2802 ], [ 76.7973, 10.2774 ], [ 76.8039, 10.285 ], [ 76.8098, 10.2861 ], [ 76.8262, 10.281 ], [ 76.8307, 10.2753 ], [ 76.836, 10.2837 ], [ 76.8402, 10.2833 ], [ 76.8656, 10.2729 ], [ 76.867, 10.2694 ], [ 76.8713, 10.2716 ], [ 76.8789, 10.2695 ], [ 76.8779, 10.2604 ], [ 76.8893, 10.2558 ], [ 76.8965, 10.2581 ], [ 76.8963, 10.2538 ], [ 76.9046, 10.2508 ], [ 76.903, 10.2403 ], [ 76.9083, 10.2409 ], [ 76.9134, 10.2345 ], [ 76.9256, 10.2329 ], [ 76.9394, 10.2389 ], [ 76.9475, 10.2369 ], [ 76.9506, 10.2325 ], [ 76.9589, 10.2341 ], [ 76.9685, 10.2308 ], [ 76.9824, 10.2201 ], [ 76.9933, 10.2304 ], [ 76.998, 10.2301 ], [ 77.0144, 10.2458 ] ] ] } },
{ "type": "Feature", "properties": { "unit_id": "IND.17.3.1_1", "name": "Devikulam", "district": "Idukki", "did": "kerala:Idukki", "state_key": "kerala" }, "geometry": { "type": "Polygon", "coordinates": [ [ [ 77.2356, 10.3523 ], [ 77.2364, 10.3389 ], [ 77.2292, 10.3307 ], [ 77.2277, 10.3154 ], [ 77.2629, 10.2633 ], [ 77.2572, 10.2594 ], [ 77.2597, 10.2303 ], [ 77.2693, 10.237 ], [ 77.2819, 10.2366 ], [ 77.295, 10.2179 ], [ 77.2831, 10.2086 ], [ 77.2848, 10.2006 ], [ 77.2753, 10.1844 ], [ 77.2718, 10.142 ], [ 77.2748, 10.1325 ], [ 77.2684, 10.1271 ], [ 77.2678, 10.1216 ], [ 77.2527, 10.1244 ], [ 77.2476, 10.1305 ], [ 77.2382, 10.1301 ], [ 77.2304, 10.1205 ], [ 77.2164, 10.1159 ], [ 77.2079, 10.1177 ], [ 77.2013, 10.1062 ], [ 77.2036, 10.0883 ], [ 77.2195, 10.0775 ], [ 77.2235, 10.0692 ], [ 77.2314, 10.0663 ], [ 77.2446, 10.0517 ], [ 77.2619, 10.0297 ], [ 77.2616, 10.0212 ], [ 77.2328, 10.0163 ], [ 77.2276, 10.0112 ], [ 77.2144, 10.0096 ], [ 77.209, 10.014 ], [ 77.2016, 10.0123 ], [ 77.1968, 10.0152 ], [ 77.1947, 10.0236 ], [ 77.1829, 10.0212 ], [ 77.1699, 10.0258 ], [ 77.1567, 10.0114 ], [ 77.1495, 10.0112 ], [ 77.1342, 10.0141 ], [ 77.1232, 10.0284 ], [ 77.1223, 10.0364 ], [ 77.1059, 10.0358 ], [ 77.0996, 10.0427 ], [ 77.0864, 10.0387 ], [ 77.0783, 10.0407 ], [ 77.0592, 10.0162 ], [ 77.0698, 10.0094 ], [ 77.0583, 9.977 ], [ 77.0168, 9.9723 ], [ 77.0023, 9.9802 ], [ 76.988, 9.9554 ], [ 76.9806, 9.9515 ], [ 76.9466, 9.9648 ], [ 76.9381, 9.973 ], [ 76.851, 10.0195 ], [ 76.7964, 10.0418 ], [ 76.7855, 10.0499 ], [ 76.7823, 10.0581 ], [ 76.7756, 10.0597 ], [ 76.7696, 10.0661 ], [ 76.7818, 10.0673 ], [ 76.7998, 10.0634 ], [ 76.8069, 10.066 ], [ 76.8008, 10.0607 ], [ 76.8036, 10.0575 ], [ 76.8113, 10.0585 ], [ 76.81, 10.0628 ], [ 76.8253, 10.0623 ], [ 76.8163, 10.069 ], [ 76.814, 10.0806 ], [ 76.8226, 10.0906 ], [ 76.8449, 10.0794 ], [ 76.8648, 10.0737 ], [ 76.864, 10.091 ], [ 76.8915, 10.1311 ], [ 76.9043, 10.1405 ], [ 76.9025, 10.1483 ], [ 76.9127, 10.1656 ], [ 76.9276, 10.179 ], [ 76.9407, 10.1715 ], [ 76.9519, 10.1696 ], [ 76.9665, 10.1598 ], [ 76.9748, 10.1603 ], [ 76.9828, 10.1658 ], [ 76.9882, 10.1609 ], [ 76.9977, 10.1625 ], [ 77.0026, 10.1705 ], [ 77.0144, 10.1726 ], [ 77.0234, 10.1784 ], [ 77.0283, 10.1724 ], [ 77.0575, 10.1782 ], [ 77.0615, 10.1698 ], [ 77.0684, 10.1745 ], [ 77.0751, 10.1734 ], [ 77.077, 10.176 ], [ 77.0805, 10.1715 ], [ 77.0842, 10.1738 ], [ 77.0878, 10.1864 ], [ 77.0835, 10.1866 ], [ 77.076, 10.197 ], [ 77.0664, 10.196 ], [ 77.0663, 10.2086 ], [ 77.0553, 10.2119 ], [ 77.0488, 10.2058 ], [ 77.0433, 10.2068 ], [ 77.0423, 10.2033 ], [ 77.0336, 10.2047 ], [ 77.0199, 10.213 ], [ 77.0225, 10.2168 ], [ 77.0134, 10.2227 ], [ 77.0222, 10.2295 ], [ 77.0307, 10.2286 ], [ 77.0458, 10.2338 ], [ 77.0483, 10.2308 ], [ 77.0605, 10.2362 ], [ 77.0628, 10.2478 ], [ 77.0506, 10.2618 ], [ 77.0527, 10.2725 ], [ 77.0429, 10.2838 ], [ 77.0565, 10.287 ], [ 77.0662, 10.2977 ], [ 77.0796, 10.303 ], [ 77.0914, 10.3139 ], [ 77.0961, 10.309 ], [ 77.1017, 10.3156 ], [ 77.1204, 10.318 ], [ 77.1768, 10.3583 ], [ 77.2356, 10.3523 ] ] ] } },
{ "type": "Feature", "properties": { "unit_id": "IND.17.3.4_1", "name": "Udumbanchola", "district": "Idukki", "did": "kerala:Idukki", "state_key": "kerala" }, "geometry": { "type": "Polygon", "coordinates": [ [ [ 77.1223, 10.0364 ], [ 77.1232, 10.0284 ], [ 77.1342, 10.0141 ], [ 77.1495, 10.0112 ], [ 77.1567, 10.0114 ], [ 77.1699, 10.0258 ], [ 77.1829, 10.0212 ], [ 77.1947, 10.0236 ], [ 77.1968, 10.0152 ], [ 77.2016, 10.0123 ], [ 77.209, 10.014 ], [ 77.2144, 10.0096 ], [ 77.2276, 10.0112 ], [ 77.2328, 10.0163 ], [ 77.2574, 10.0193 ], [ 77.2532, 10.0128 ], [ 77.2661, 10.0019 ], [ 77.2611, 9.9917 ], [ 77.2668, 9.9903 ], [ 77.2644, 9.9872 ], [ 77.2727, 9.9763 ], [ 77.2718, 9.9613 ], [ 77.261, 9.9525 ], [ 77.2465, 9.9514 ], [ 77.2479, 9.9468 ], [ 77.2362, 9.9354 ], [ 77.2301, 9.9125 ], [ 77.2183, 9.9043 ], [ 77.2207, 9.8845 ], [ 77.2125, 9.8769 ], [ 77.2213, 9.8631 ], [ 77.2363, 9.8596 ], [ 77.2372, 9.8514 ], [ 77.2229, 9.8449 ], [ 77.2275, 9.8381 ], [ 77.2218, 9.8225 ], [ 77.2327, 9.8215 ], [ 77.2326, 9.8174 ], [ 77.2412, 9.8156 ], [ 77.2468, 9.808 ], [ 77.2467, 9.7979 ], [ 77.2402, 9.7969 ], [ 77.236, 9.7901 ], [ 77.2227, 9.7878 ], [ 77.225, 9.7756 ], [ 77.2324, 9.7686 ], [ 77.2202, 9.745 ], [ 77.2239, 9.7304 ], [ 77.2184, 9.7261 ], [ 77.204, 9.723 ], [ 77.2061, 9.7176 ], [ 77.2019, 9.7039 ], [ 77.2067, 9.6947 ], [ 77.1941, 9.6706 ], [ 77.1868, 9.6664 ], [ 77.1875, 9.6614 ], [ 77.1811, 9.6592 ], [ 77.1793, 9.6449 ], [ 77.1727, 9.6367 ], [ 77.1639, 9.6396 ], [ 77.154, 9.6367 ], [ 77.141, 9.6447 ], [ 77.1231, 9.641 ], [ 77.1075, 9.6461 ], [ 77.115, 9.6506 ], [ 77.1255, 9.6468 ], [ 77.1255, 9.6504 ], [ 77.1323, 9.6539 ], [ 77.1185, 9.6649 ], [ 77.1212, 9.6706 ], [ 77.1126, 9.6758 ], [ 77.104, 9.6936 ], [ 77.1125, 9.6891 ], [ 77.1146, 9.6928 ], [ 77.131, 9.6943 ], [ 77.1374, 9.6844 ], [ 77.1528, 9.6904 ], [ 77.1284, 9.7124 ], [ 77.1259, 9.7114 ], [ 77.1235, 9.7182 ], [ 77.1283, 9.7274 ], [ 77.1354, 9.7318 ], [ 77.1342, 9.7286 ], [ 77.1374, 9.7285 ], [ 77.142, 9.7372 ], [ 77.1505, 9.7389 ], [ 77.154, 9.7527 ], [ 77.1633, 9.7631 ], [ 77.1603, 9.7702 ], [ 77.1533, 9.7719 ], [ 77.1486, 9.778 ], [ 77.1392, 9.7763 ], [ 77.1182, 9.7915 ], [ 77.1084, 9.789 ], [ 77.1013, 9.7988 ], [ 77.0978, 9.7968 ], [ 77.0801, 9.8056 ], [ 77.0651, 9.8184 ], [ 77.0877, 9.8247 ], [ 77.0799, 9.8268 ], [ 77.092, 9.8417 ], [ 77.0895, 9.8496 ], [ 77.1044, 9.8569 ], [ 77.1069, 9.866 ], [ 77.0942, 9.8806 ], [ 77.1055, 9.8942 ], [ 77.0928, 9.8996 ], [ 77.0941, 9.9035 ], [ 77.1003, 9.9042 ], [ 77.0982, 9.9075 ], [ 77.1023, 9.9171 ], [ 77.0966, 9.9265 ], [ 77.102, 9.9279 ], [ 77.1045, 9.9337 ], [ 77.0792, 9.9404 ], [ 77.0696, 9.9543 ], [ 77.0566, 9.9589 ], [ 77.0583, 9.977 ], [ 77.0698, 10.0094 ], [ 77.0592, 10.0162 ], [ 77.0783, 10.0407 ], [ 77.0864, 10.0387 ], [ 77.0996, 10.0427 ], [ 77.1059, 10.0358 ], [ 77.1223, 10.0364 ] ] ] } },
{ "type": "Feature", "properties": { "unit_id": "IND.17.3.4_1", "name": "Idukki", "district": "Idukki", "did": "kerala:Idukki", "state_key": "kerala" }, "geometry": { "type": "Polygon", "coordinates": [ [ [ 76.9468, 9.9646 ], [ 76.9811, 9.9514 ], [ 76.988, 9.9554 ], [ 77.0023, 9.9802 ], [ 77.0168, 9.9723 ], [ 77.0583, 9.977 ], [ 77.057, 9.9582 ], [ 77.0696, 9.9543 ], [ 77.0792, 9.9404 ], [ 77.1045, 9.9337 ], [ 77.102, 9.9279 ], [ 77.0966, 9.9265 ], [ 77.1023, 9.9171 ], [ 77.0982, 9.9075 ], [ 77.1003, 9.9042 ], [ 77.0941, 9.9035 ], [ 77.0928, 9.8996 ], [ 77.1055, 9.8942 ], [ 77.0942, 9.8806 ], [ 77.1069, 9.866 ], [ 77.1044, 9.8569 ], [ 77.0895, 9.8496 ], [ 77.092, 9.8417 ], [ 77.0799, 9.8268 ], [ 77.0876, 9.8252 ], [ 77.0857, 9.8225 ], [ 77.0651, 9.8184 ], [ 77.0801, 9.8056 ], [ 77.0978, 9.7968 ], [ 77.1013, 9.7988 ], [ 77.1084, 9.789 ], [ 77.1182, 9.7915 ], [ 77.1392, 9.7763 ], [ 77.1486, 9.778 ], [ 77.1533, 9.7719 ], [ 77.1603, 9.7702 ], [ 77.1633, 9.7631 ], [ 77.154, 9.7527 ], [ 77.1505, 9.7389 ], [ 77.142, 9.7372 ], [ 77.1374, 9.7285 ], [ 77.1342, 9.7286 ], [ 77.1354, 9.7318 ], [ 77.1283, 9.7274 ], [ 77.1235, 9.7182 ], [ 77.1259, 9.7114 ], [ 77.1535, 9.6923 ], [ 77.151, 9.688 ], [ 77.1374, 9.6844 ], [ 77.131, 9.6943 ], [ 77.1146, 9.6928 ], [ 77.1125, 9.6891 ], [ 77.1075, 9.6925 ], [ 77.1084, 9.7002 ], [ 77.0973, 9.6989 ], [ 77.0932, 9.7058 ], [ 77.0877, 9.6884 ], [ 77.0683, 9.6714 ], [ 77.0515, 9.6684 ], [ 77.0475, 9.6635 ], [ 77.0412, 9.6667 ], [ 77.0201, 9.6663 ], [ 77.0282, 9.6814 ], [ 77.0208, 9.6981 ], [ 77.0228, 9.7007 ], [ 77.0298, 9.6998 ], [ 77.0269, 9.7069 ], [ 77.0309, 9.7148 ], [ 77.0264, 9.7189 ], [ 76.9502, 9.7204 ], [ 76.8941, 9.7509 ], [ 76.8844, 9.7497 ], [ 76.8926, 9.7634 ], [ 76.8754, 9.7831 ], [ 76.8828, 9.7936 ], [ 76.8832, 9.8149 ], [ 76.8793, 9.8328 ], [ 76.8737, 9.8404 ], [ 76.8854, 9.8504 ], [ 76.8718, 9.8686 ], [ 76.8823, 9.8837 ], [ 76.8715, 9.9021 ], [ 76.8767, 9.9137 ], [ 76.8779, 9.9325 ], [ 76.882, 9.9352 ], [ 76.8949, 9.9322 ], [ 76.9005, 9.9379 ], [ 76.8921, 9.9524 ], [ 76.8726, 9.9694 ], [ 76.8718, 9.9788 ], [ 76.8832, 9.9853 ], [ 76.8663, 10.0 ], [ 76.8532, 9.9988 ], [ 76.8425, 10.0063 ], [ 76.8378, 10.0117 ], [ 76.8368, 10.0221 ], [ 76.8396, 10.0245 ], [ 76.9381, 9.973 ], [ 76.9468, 9.9646 ] ] ] } },
{ "type": "Feature", "properties": { "unit_id": "IND.17.3.2_1", "name": "Pirmed", "district": "Idukki", "did": "kerala:Idukki", "state_key": "kerala" }, "geometry": { "type": "Polygon", "coordinates": [ [ [ 77.0264, 9.7189 ], [ 77.0309, 9.7136 ], [ 77.0269, 9.7069 ], [ 77.0295, 9.6994 ], [ 77.0228, 9.7007 ], [ 77.0208, 9.6981 ], [ 77.0282, 9.6814 ], [ 77.0215, 9.6738 ], [ 77.0201, 9.6663 ], [ 77.023, 9.6658 ], [ 77.0412, 9.6667 ], [ 77.0475, 9.6635 ], [ 77.0515, 9.6684 ], [ 77.0674, 9.6709 ], [ 77.0877, 9.6884 ], [ 77.0935, 9.699 ], [ 77.0926, 9.7055 ], [ 77.0973, 9.6989 ], [ 77.1084, 9.7002 ], [ 77.1075, 9.6925 ], [ 77.1035, 9.6931 ], [ 77.1052, 9.6875 ], [ 77.1131, 9.68 ], [ 77.1131, 9.6752 ], [ 77.1212, 9.6706 ], [ 77.1185, 9.6649 ], [ 77.1323, 9.6539 ], [ 77.1255, 9.6504 ], [ 77.1255, 9.6468 ], [ 77.115, 9.6506 ], [ 77.1075, 9.6461 ], [ 77.1231, 9.641 ], [ 77.141, 9.6447 ], [ 77.1559, 9.6363 ], [ 77.1618, 9.6396 ], [ 77.174, 9.6373 ], [ 77.1763, 9.6295 ], [ 77.1691, 9.624 ], [ 77.1659, 9.6129 ], [ 77.1887, 9.6061 ], [ 77.1982, 9.6144 ], [ 77.209, 9.6134 ], [ 77.2098, 9.605 ], [ 77.2222, 9.5977 ], [ 77.2225, 9.5928 ], [ 77.2343, 9.5815 ], [ 77.2428, 9.5852 ], [ 77.2531, 9.583 ], [ 77.2583, 9.5765 ], [ 77.2697, 9.5728 ], [ 77.2903, 9.5848 ], [ 77.2901, 9.5887 ], [ 77.3038, 9.5987 ], [ 77.3178, 9.6025 ], [ 77.3224, 9.5983 ], [ 77.3299, 9.599 ], [ 77.3245, 9.5933 ], [ 77.3254, 9.58 ], [ 77.3395, 9.5733 ], [ 77.3546, 9.6041 ], [ 77.3658, 9.5997 ], [ 77.3657, 9.5956 ], [ 77.3586, 9.5961 ], [ 77.355, 9.5867 ], [ 77.36, 9.5785 ], [ 77.3503, 9.5673 ], [ 77.3529, 9.5596 ], [ 77.3641, 9.5544 ], [ 77.3656, 9.5351 ], [ 77.3733, 9.5268 ], [ 77.3801, 9.5254 ], [ 77.3859, 9.5191 ], [ 77.4005, 9.5274 ], [ 77.4033, 9.523 ], [ 77.4004, 9.5179 ], [ 77.4124, 9.509 ], [ 77.3993, 9.4966 ], [ 77.4017, 9.4769 ], [ 77.3915, 9.4687 ], [ 77.3926, 9.4594 ], [ 77.3772, 9.4528 ], [ 77.366, 9.4601 ], [ 77.3489, 9.4403 ], [ 77.3446, 9.4244 ], [ 77.3365, 9.4134 ], [ 77.3437, 9.4024 ], [ 77.3414, 9.3898 ], [ 77.3346, 9.3812 ], [ 77.3373, 9.365 ], [ 77.326, 9.3465 ], [ 77.3253, 9.3371 ], [ 77.3156, 9.3349 ], [ 77.3, 9.3367 ], [ 77.301, 9.3301 ], [ 77.297, 9.3295 ], [ 77.3025, 9.3195 ], [ 77.2995, 9.3109 ], [ 77.2822, 9.2985 ], [ 77.2885, 9.2742 ], [ 77.2782, 9.2739 ], [ 77.2488, 9.2898 ], [ 77.2446, 9.2901 ], [ 77.2431, 9.2838 ], [ 77.2396, 9.2853 ], [ 77.2372, 9.2827 ], [ 77.2353, 9.2934 ], [ 77.2286, 9.2975 ], [ 77.2246, 9.2959 ], [ 77.2246, 9.3117 ], [ 77.2351, 9.3242 ], [ 77.2303, 9.3303 ], [ 77.2379, 9.3396 ], [ 77.2348, 9.3502 ], [ 77.2482, 9.3775 ], [ 77.2459, 9.3875 ], [ 77.2316, 9.4037 ], [ 77.2288, 9.4197 ], [ 77.2207, 9.4213 ], [ 77.2237, 9.4345 ], [ 77.2154, 9.4376 ], [ 77.2116, 9.4439 ], [ 77.208, 9.4415 ], [ 77.2069, 9.4504 ], [ 77.1974, 9.452 ], [ 77.1912, 9.4496 ], [ 77.1881, 9.4562 ], [ 77.1834, 9.4544 ], [ 77.182, 9.4727 ], [ 77.1686, 9.4616 ], [ 77.1664, 9.4697 ], [ 77.1553, 9.4711 ], [ 77.1425, 9.4602 ], [ 77.1351, 9.4586 ], [ 77.1084, 9.4688 ], [ 77.1008, 9.4681 ], [ 77.0988, 9.4627 ], [ 77.0954, 9.4645 ], [ 77.0685, 9.4543 ], [ 77.0592, 9.4457 ], [ 77.0585, 9.4276 ], [ 77.0664, 9.4169 ], [ 77.0533, 9.4181 ], [ 77.0287, 9.407 ], [ 77.0258, 9.4092 ], [ 77.0192, 9.4064 ], [ 77.0093, 9.409 ], [ 77.012, 9.4185 ], [ 77.0084, 9.4289 ], [ 77.0186, 9.4307 ], [ 77.0172, 9.4416 ], [ 77.001, 9.4478 ], [ 76.9939, 9.4471 ], [ 76.9689, 9.4646 ], [ 76.972, 9.4673 ], [ 76.9818, 9.4669 ], [ 76.9846, 9.4706 ], [ 76.9841, 9.4865 ], [ 76.978, 9.498 ], [ 76.9744, 9.5016 ], [ 76.9697, 9.5011 ], [ 76.9628, 9.5088 ], [ 76.9567, 9.5028 ], [ 76.9589, 9.5006 ], [ 76.9548, 9.4919 ], [ 76.9501, 9.49 ], [ 76.9366, 9.504 ], [ 76.9298, 9.5018 ], [ 76.904, 9.5212 ], [ 76.9029, 9.5365 ], [ 76.8877, 9.5377 ], [ 76.8908, 9.546 ], [ 76.8829, 9.5815 ], [ 76.8952, 9.5866 ], [ 76.8893, 9.6065 ], [ 76.8917, 9.6101 ], [ 76.8876, 9.6102 ], [ 76.8912, 9.6158 ], [ 76.887, 9.6205 ], [ 76.8924, 9.6217 ], [ 76.8909, 9.6292 ], [ 76.8953, 9.6338 ], [ 76.9031, 9.634 ], [ 76.9301, 9.6144 ], [ 76.9349, 9.6219 ], [ 76.9183, 9.6432 ], [ 76.9272, 9.6535 ], [ 76.903, 9.6763 ], [ 76.9025, 9.6875 ], [ 76.8898, 9.716 ], [ 76.8688, 9.7287 ], [ 76.8672, 9.7359 ], [ 76.8844, 9.7497 ], [ 76.8932, 9.7512 ], [ 76.9367, 9.7258 ], [ 76.956, 9.7199 ], [ 77.0264, 9.7189 ] ] ] } },
{ "type": "Feature", "properties": { "unit_id": "IND.17.11.3_1", "name": "Konni", "district": "Pattanamthitta", "did": "kerala:Pattanamthitta", "state_key": "kerala" }, "geometry": { "type": "Polygon", "coordinates": [ [ [ 77.1881, 9.4562 ], [ 77.1912, 9.4496 ], [ 77.1974, 9.452 ], [ 77.2069, 9.4504 ], [ 77.208, 9.4415 ], [ 77.2116, 9.4439 ], [ 77.2154, 9.4376 ], [ 77.2237, 9.4345 ], [ 77.2207, 9.4213 ], [ 77.2288, 9.4197 ], [ 77.2316, 9.4037 ], [ 77.2459, 9.3875 ], [ 77.2482, 9.3775 ], [ 77.2348, 9.3502 ], [ 77.2379, 9.3396 ], [ 77.2303, 9.3303 ], [ 77.2351, 9.3242 ], [ 77.2246, 9.3117 ], [ 77.2246, 9.2959 ], [ 77.2286, 9.2975 ], [ 77.2353, 9.2934 ], [ 77.2372, 9.2827 ], [ 77.2396, 9.2853 ], [ 77.2431, 9.2838 ], [ 77.2446, 9.2901 ], [ 77.2488, 9.2898 ], [ 77.2614, 9.2814 ], [ 77.2733, 9.2788 ], [ 77.282, 9.2728 ], [ 77.2835, 9.2673 ], [ 77.2774, 9.2471 ], [ 77.2788, 9.2394 ], [ 77.2741, 9.2358 ], [ 77.2817, 9.2166 ], [ 77.2704, 9.205 ], [ 77.2703, 9.2006 ], [ 77.2561, 9.1992 ], [ 77.2514, 9.1886 ], [ 77.2652, 9.1813 ], [ 77.2668, 9.1525 ], [ 77.2527, 9.1392 ], [ 77.2473, 9.1246 ], [ 77.2421, 9.125 ], [ 77.2284, 9.1169 ], [ 77.2265, 9.1082 ], [ 77.2188, 9.1014 ], [ 77.2124, 9.1005 ], [ 77.2057, 9.085 ], [ 77.2081, 9.0729 ], [ 77.167, 9.0783 ], [ 77.1615, 9.0823 ], [ 77.1542, 9.0819 ], [ 77.1545, 9.0874 ], [ 77.1452, 9.0835 ], [ 77.1208, 9.0947 ], [ 77.1111, 9.0932 ], [ 77.0811, 9.1093 ], [ 77.0791, 9.1132 ], [ 77.0673, 9.1144 ], [ 77.0648, 9.1194 ], [ 77.0576, 9.1172 ], [ 77.0543, 9.1273 ], [ 77.0454, 9.1232 ], [ 77.0187, 9.1306 ], [ 77.0164, 9.1364 ], [ 77.0095, 9.1403 ], [ 77.0047, 9.1376 ], [ 76.9942, 9.1399 ], [ 76.9886, 9.1455 ], [ 76.9596, 9.1536 ], [ 76.9303, 9.1738 ], [ 76.9264, 9.1386 ], [ 76.9363, 9.1358 ], [ 76.9406, 9.1386 ], [ 76.9489, 9.131 ], [ 76.9602, 9.13 ], [ 76.9483, 9.1172 ], [ 76.9251, 9.1187 ], [ 76.9239, 9.1226 ], [ 76.9022, 9.1254 ], [ 76.8982, 9.1304 ], [ 76.8926, 9.1228 ], [ 76.884, 9.122 ], [ 76.8847, 9.1247 ], [ 76.8756, 9.1309 ], [ 76.866, 9.1158 ], [ 76.8564, 9.117 ], [ 76.8519, 9.1127 ], [ 76.8509, 9.1033 ], [ 76.8409, 9.1045 ], [ 76.8409, 9.1176 ], [ 76.8369, 9.1168 ], [ 76.8327, 9.1216 ], [ 76.8349, 9.1261 ], [ 76.8305, 9.1347 ], [ 76.8429, 9.153 ], [ 76.8285, 9.1687 ], [ 76.8115, 9.1805 ], [ 76.8216, 9.1947 ], [ 76.7963, 9.2067 ], [ 76.7895, 9.2139 ], [ 76.7816, 9.2136 ], [ 76.7777, 9.2097 ], [ 76.7704, 9.2157 ], [ 76.7562, 9.2091 ], [ 76.7449, 9.2117 ], [ 76.7361, 9.2212 ], [ 76.7261, 9.2228 ], [ 76.7205, 9.2279 ], [ 76.7269, 9.2332 ], [ 76.7294, 9.2307 ], [ 76.7346, 9.2338 ], [ 76.742, 9.2315 ], [ 76.7447, 9.2396 ], [ 76.75, 9.2335 ], [ 76.7541, 9.2352 ], [ 76.7536, 9.2311 ], [ 76.7614, 9.2289 ], [ 76.7694, 9.234 ], [ 76.7794, 9.2277 ], [ 76.7877, 9.2368 ], [ 76.7816, 9.2471 ], [ 76.7848, 9.2461 ], [ 76.7886, 9.2579 ], [ 76.7987, 9.2522 ], [ 76.7983, 9.261 ], [ 76.8051, 9.2575 ], [ 76.8087, 9.2618 ], [ 76.8181, 9.2506 ], [ 76.8227, 9.2508 ], [ 76.824, 9.2587 ], [ 76.8197, 9.2653 ], [ 76.8283, 9.2613 ], [ 76.8257, 9.2644 ], [ 76.8299, 9.2702 ], [ 76.8252, 9.2708 ], [ 76.8228, 9.2815 ], [ 76.8135, 9.2894 ], [ 76.8059, 9.2893 ], [ 76.8016, 9.2823 ], [ 76.7963, 9.2834 ], [ 76.7932, 9.2994 ], [ 76.7898, 9.3025 ], [ 76.7832, 9.3007 ], [ 76.7855, 9.306 ], [ 76.7794, 9.3255 ], [ 76.7907, 9.3264 ], [ 76.7901, 9.3337 ], [ 76.7944, 9.335 ], [ 76.807, 9.324 ], [ 76.8068, 9.314 ], [ 76.8109, 9.3191 ], [ 76.8176, 9.3097 ], [ 76.8244, 9.3117 ], [ 76.8413, 9.3036 ], [ 76.8454, 9.3128 ], [ 76.8554, 9.3183 ], [ 76.8617, 9.3116 ], [ 76.8755, 9.3082 ], [ 76.8798, 9.3033 ], [ 76.886, 9.3111 ], [ 76.9018, 9.3123 ], [ 76.8931, 9.3182 ], [ 76.9063, 9.3231 ], [ 76.8978, 9.3327 ], [ 76.8992, 9.3486 ], [ 76.9048, 9.3495 ], [ 76.9261, 9.3406 ], [ 76.942, 9.3416 ], [ 76.9494, 9.3352 ], [ 76.9622, 9.3368 ], [ 76.9705, 9.3324 ], [ 76.9782, 9.3488 ], [ 76.9736, 9.361 ], [ 76.9824, 9.3698 ], [ 76.9858, 9.3814 ], [ 76.9969, 9.39 ], [ 77.0202, 9.3944 ], [ 77.0167, 9.4046 ], [ 77.0381, 9.3928 ], [ 77.0432, 9.3934 ], [ 77.0518, 9.379 ], [ 77.0626, 9.3813 ], [ 77.0684, 9.3874 ], [ 77.0705, 9.3848 ], [ 77.0788, 9.3874 ], [ 77.069, 9.4064 ], [ 77.0706, 9.4126 ], [ 77.1097, 9.4106 ], [ 77.1252, 9.4137 ], [ 77.1306, 9.4095 ], [ 77.1388, 9.4129 ], [ 77.141, 9.4068 ], [ 77.1465, 9.4064 ], [ 77.1478, 9.4112 ], [ 77.1608, 9.415 ], [ 77.1592, 9.4199 ], [ 77.1629, 9.4219 ], [ 77.1593, 9.4279 ], [ 77.1595, 9.4439 ], [ 77.1467, 9.4503 ], [ 77.1502, 9.452 ], [ 77.1428, 9.4546 ], [ 77.1406, 9.4591 ], [ 77.1553, 9.4711 ], [ 77.1664, 9.4697 ], [ 77.1681, 9.4615 ], [ 77.182, 9.4727 ], [ 77.1834, 9.4544 ], [ 77.1881, 9.4562 ] ] ] } },
{ "type": "Feature", "properties": { "unit_id": "IND.17.11.4_1", "name": "Ranni", "district": "Pattanamthitta", "did": "kerala:Pattanamthitta", "state_key": "kerala" }, "geometry": { "type": "Polygon", "coordinates": [ [ [ 77.1295, 9.4593 ], [ 77.1425, 9.4602 ], [ 77.1428, 9.4546 ], [ 77.1502, 9.452 ], [ 77.1467, 9.4503 ], [ 77.1593, 9.4442 ], [ 77.1608, 9.415 ], [ 77.1478, 9.4112 ], [ 77.1462, 9.4063 ], [ 77.141, 9.4068 ], [ 77.1388, 9.4129 ], [ 77.1306, 9.4095 ], [ 77.1252, 9.4137 ], [ 77.1097, 9.4106 ], [ 77.0706, 9.4126 ], [ 77.069, 9.4064 ], [ 77.0788, 9.3874 ], [ 77.0705, 9.3848 ], [ 77.0684, 9.3874 ], [ 77.0567, 9.3792 ], [ 77.0514, 9.3792 ], [ 77.0431, 9.3934 ], [ 77.0381, 9.3928 ], [ 77.0167, 9.4046 ], [ 77.0202, 9.3944 ], [ 76.9969, 9.39 ], [ 76.9858, 9.3814 ], [ 76.9824, 9.3698 ], [ 76.9736, 9.361 ], [ 76.9782, 9.3488 ], [ 76.9705, 9.3324 ], [ 76.9622, 9.3368 ], [ 76.9494, 9.3352 ], [ 76.942, 9.3416 ], [ 76.9261, 9.3406 ], [ 76.9048, 9.3495 ], [ 76.8992, 9.3486 ], [ 76.8978, 9.3327 ], [ 76.9063, 9.3231 ], [ 76.8931, 9.3182 ], [ 76.9018, 9.3123 ], [ 76.886, 9.3111 ], [ 76.8798, 9.3033 ], [ 76.8755, 9.3082 ], [ 76.8617, 9.3116 ], [ 76.8554, 9.3183 ], [ 76.8454, 9.3128 ], [ 76.8413, 9.3036 ], [ 76.8244, 9.3117 ], [ 76.8176, 9.3097 ], [ 76.8109, 9.3191 ], [ 76.8068, 9.314 ], [ 76.807, 9.324 ], [ 76.7944, 9.335 ], [ 76.7901, 9.3337 ], [ 76.7907, 9.3264 ], [ 76.7803, 9.3259 ], [ 76.7781, 9.3223 ], [ 76.7755, 9.3261 ], [ 76.7678, 9.3268 ], [ 76.767, 9.3362 ], [ 76.7557, 9.3279 ], [ 76.7537, 9.333 ], [ 76.7396, 9.3339 ], [ 76.7376, 9.3368 ], [ 76.7362, 9.3324 ], [ 76.7294, 9.3352 ], [ 76.7246, 9.3336 ], [ 76.7243, 9.3479 ], [ 76.7168, 9.3584 ], [ 76.7118, 9.36 ], [ 76.7114, 9.3643 ], [ 76.7179, 9.3643 ], [ 76.7188, 9.3692 ], [ 76.7097, 9.3816 ], [ 76.7104, 9.4004 ], [ 76.734, 9.3887 ], [ 76.7385, 9.3925 ], [ 76.7506, 9.3942 ], [ 76.7566, 9.3921 ], [ 76.7611, 9.3954 ], [ 76.7619, 9.4072 ], [ 76.7565, 9.4138 ], [ 76.7593, 9.4218 ], [ 76.7909, 9.4422 ], [ 76.794, 9.445 ], [ 76.7919, 9.451 ], [ 76.7941, 9.4539 ], [ 76.7992, 9.4515 ], [ 76.8003, 9.4588 ], [ 76.8033, 9.4551 ], [ 76.8187, 9.4553 ], [ 76.8234, 9.4458 ], [ 76.829, 9.4524 ], [ 76.8329, 9.4524 ], [ 76.8353, 9.4497 ], [ 76.8451, 9.4497 ], [ 76.8488, 9.4455 ], [ 76.8546, 9.4572 ], [ 76.9046, 9.4316 ], [ 76.9112, 9.4234 ], [ 76.9231, 9.4241 ], [ 76.9223, 9.4171 ], [ 76.9258, 9.4156 ], [ 76.9362, 9.4213 ], [ 76.9473, 9.4193 ], [ 76.9682, 9.4252 ], [ 76.9736, 9.4223 ], [ 76.9761, 9.4249 ], [ 76.9844, 9.4239 ], [ 76.9841, 9.4268 ], [ 76.972, 9.427 ], [ 76.9728, 9.4307 ], [ 76.9671, 9.4333 ], [ 76.9628, 9.4311 ], [ 76.9629, 9.4257 ], [ 76.9542, 9.4299 ], [ 76.9541, 9.4349 ], [ 76.9475, 9.4343 ], [ 76.9443, 9.4285 ], [ 76.9411, 9.4317 ], [ 76.9448, 9.4352 ], [ 76.9401, 9.4453 ], [ 76.9518, 9.4503 ], [ 76.959, 9.462 ], [ 76.9683, 9.4649 ], [ 76.9939, 9.4471 ], [ 77.001, 9.4478 ], [ 77.0172, 9.4416 ], [ 77.0186, 9.4307 ], [ 77.0084, 9.4289 ], [ 77.012, 9.4185 ], [ 77.0093, 9.409 ], [ 77.0215, 9.4061 ], [ 77.0533, 9.4181 ], [ 77.0664, 9.4169 ], [ 77.0585, 9.4276 ], [ 77.0609, 9.448 ], [ 77.0685, 9.4543 ], [ 77.0954, 9.4645 ], [ 77.0988, 9.4627 ], [ 77.1008, 9.4681 ], [ 77.1104, 9.4677 ], [ 77.1295, 9.4593 ] ] ] } },
{ "type": "Feature", "properties": { "unit_id": "IND.17.7.2_1", "name": "Kanjirapalli", "district": "Kottayam", "did": "kerala:Kottayam", "state_key": "kerala" }, "geometry": { "type": "Polygon", "coordinates": [ [ [ 76.9272, 9.6535 ], [ 76.9183, 9.6432 ], [ 76.9349, 9.621 ], [ 76.9301, 9.6144 ], [ 76.9031, 9.634 ], [ 76.8953, 9.6338 ], [ 76.8909, 9.6292 ], [ 76.8924, 9.6217 ], [ 76.887, 9.6205 ], [ 76.8912, 9.6158 ], [ 76.8876, 9.6102 ], [ 76.8917, 9.6101 ], [ 76.8893, 9.6065 ], [ 76.8952, 9.5866 ], [ 76.8829, 9.5815 ], [ 76.8908, 9.546 ], [ 76.8877, 9.5377 ], [ 76.9029, 9.5365 ], [ 76.904, 9.5212 ], [ 76.9298, 9.5018 ], [ 76.9366, 9.504 ], [ 76.9501, 9.49 ], [ 76.9548, 9.4919 ], [ 76.9589, 9.5006 ], [ 76.9567, 9.5028 ], [ 76.9628, 9.5088 ], [ 76.9697, 9.5011 ], [ 76.9744, 9.5016 ], [ 76.978, 9.498 ], [ 76.9841, 9.4865 ], [ 76.9829, 9.4679 ], [ 76.9631, 9.4648 ], [ 76.9518, 9.4503 ], [ 76.9398, 9.4442 ], [ 76.9448, 9.4352 ], [ 76.9411, 9.4328 ], [ 76.9411, 9.4317 ], [ 76.9437, 9.4285 ], [ 76.9475, 9.4343 ], [ 76.9538, 9.435 ], [ 76.9539, 9.4303 ], [ 76.9623, 9.4258 ], [ 76.9667, 9.4333 ], [ 76.9728, 9.4307 ], [ 76.972, 9.427 ], [ 76.9841, 9.4268 ], [ 76.9844, 9.4239 ], [ 76.9761, 9.4249 ], [ 76.9736, 9.4223 ], [ 76.9682, 9.4252 ], [ 76.9473, 9.4193 ], [ 76.9362, 9.4213 ], [ 76.9245, 9.4156 ], [ 76.9231, 9.4241 ], [ 76.9112, 9.4234 ], [ 76.9046, 9.4316 ], [ 76.8542, 9.4573 ], [ 76.8488, 9.4455 ], [ 76.8451, 9.4497 ], [ 76.8353, 9.4497 ], [ 76.8329, 9.4524 ], [ 76.829, 9.4524 ], [ 76.8234, 9.4458 ], [ 76.8187, 9.4553 ], [ 76.8033, 9.4551 ], [ 76.8003, 9.4588 ], [ 76.7992, 9.4515 ], [ 76.7941, 9.4539 ], [ 76.7919, 9.451 ], [ 76.7927, 9.4467 ], [ 76.7829, 9.4487 ], [ 76.7652, 9.4367 ], [ 76.7544, 9.4539 ], [ 76.7486, 9.4525 ], [ 76.7522, 9.463 ], [ 76.7489, 9.4629 ], [ 76.7463, 9.4823 ], [ 76.7411, 9.4897 ], [ 76.7521, 9.4962 ], [ 76.7484, 9.5076 ], [ 76.7349, 9.5236 ], [ 76.7437, 9.528 ], [ 76.734, 9.5426 ], [ 76.7411, 9.5637 ], [ 76.7373, 9.5668 ], [ 76.7367, 9.5772 ], [ 76.7259, 9.5758 ], [ 76.7153, 9.5985 ], [ 76.7077, 9.6025 ], [ 76.7071, 9.607 ], [ 76.7131, 9.6074 ], [ 76.7097, 9.6091 ], [ 76.7103, 9.616 ], [ 76.7161, 9.6241 ], [ 76.707, 9.6396 ], [ 76.7084, 9.6458 ], [ 76.7296, 9.6562 ], [ 76.7386, 9.6576 ], [ 76.7405, 9.653 ], [ 76.7449, 9.6532 ], [ 76.7444, 9.6615 ], [ 76.7518, 9.6594 ], [ 76.7509, 9.655 ], [ 76.7555, 9.6566 ], [ 76.7584, 9.6542 ], [ 76.7587, 9.6428 ], [ 76.7625, 9.6399 ], [ 76.7584, 9.6374 ], [ 76.7614, 9.6238 ], [ 76.7749, 9.6207 ], [ 76.7901, 9.5986 ], [ 76.7984, 9.6006 ], [ 76.7995, 9.5958 ], [ 76.8127, 9.5983 ], [ 76.8121, 9.6049 ], [ 76.8165, 9.6089 ], [ 76.8067, 9.6218 ], [ 76.8092, 9.6268 ], [ 76.8194, 9.6195 ], [ 76.8264, 9.6196 ], [ 76.8264, 9.6279 ], [ 76.8305, 9.6286 ], [ 76.8351, 9.6235 ], [ 76.8389, 9.6307 ], [ 76.8429, 9.6269 ], [ 76.8645, 9.6326 ], [ 76.8604, 9.643 ], [ 76.8699, 9.6417 ], [ 76.8676, 9.6476 ], [ 76.8738, 9.6418 ], [ 76.8836, 9.64 ], [ 76.8864, 9.6421 ], [ 76.8738, 9.6596 ], [ 76.876, 9.6653 ], [ 76.9092, 9.6625 ], [ 76.9118, 9.6701 ], [ 76.9128, 9.6651 ], [ 76.9272, 9.6535 ] ] ] } },
{ "type": "Feature", "properties": { "unit_id": "IND.17.11.2_1", "name": "Mallappalli", "district": "Pattanamthitta", "did": "kerala:Pattanamthitta", "state_key": "kerala" }, "geometry": { "type": "Polygon", "coordinates": [ [ [ 76.6799, 9.483 ], [ 76.6891, 9.4773 ], [ 76.7002, 9.477 ], [ 76.7082, 9.4543 ], [ 76.7223, 9.465 ], [ 76.7313, 9.4664 ], [ 76.7334, 9.4753 ], [ 76.7457, 9.4748 ], [ 76.7489, 9.4629 ], [ 76.7522, 9.463 ], [ 76.7487, 9.4523 ], [ 76.7544, 9.4539 ], [ 76.7652, 9.4367 ], [ 76.7829, 9.4487 ], [ 76.7927, 9.4467 ], [ 76.7899, 9.4414 ], [ 76.7593, 9.4218 ], [ 76.7565, 9.4138 ], [ 76.7619, 9.4072 ], [ 76.7611, 9.3954 ], [ 76.7566, 9.3921 ], [ 76.7506, 9.3942 ], [ 76.7385, 9.3925 ], [ 76.734, 9.3887 ], [ 76.7121, 9.4007 ], [ 76.7087, 9.3963 ], [ 76.7123, 9.3898 ], [ 76.7097, 9.3816 ], [ 76.687, 9.3781 ], [ 76.6834, 9.3809 ], [ 76.6749, 9.3782 ], [ 76.6692, 9.3806 ], [ 76.6609, 9.3746 ], [ 76.6494, 9.3745 ], [ 76.65, 9.3831 ], [ 76.6436, 9.3896 ], [ 76.6327, 9.39 ], [ 76.6298, 9.3958 ], [ 76.6257, 9.3962 ], [ 76.6293, 9.4362 ], [ 76.6202, 9.4276 ], [ 76.6132, 9.4346 ], [ 76.6057, 9.4316 ], [ 76.6036, 9.4285 ], [ 76.6098, 9.4197 ], [ 76.5968, 9.407 ], [ 76.5934, 9.4129 ], [ 76.5967, 9.4214 ], [ 76.5922, 9.4239 ], [ 76.5915, 9.4488 ], [ 76.5947, 9.4471 ], [ 76.5977, 9.4508 ], [ 76.6046, 9.4506 ], [ 76.6029, 9.4578 ], [ 76.6099, 9.4548 ], [ 76.6093, 9.4603 ], [ 76.626, 9.4618 ], [ 76.6272, 9.4718 ], [ 76.6316, 9.4719 ], [ 76.6351, 9.4626 ], [ 76.641, 9.4682 ], [ 76.6425, 9.4792 ], [ 76.6746, 9.4802 ], [ 76.6799, 9.483 ] ] ] } },
{ "type": "Feature", "properties": { "unit_id": "IND.17.7.1_1", "name": "Changanasseri", "district": "Kottayam", "did": "kerala:Kottayam", "state_key": "kerala" }, "geometry": { "type": "Polygon", "coordinates": [ [ [ 76.7373, 9.5668 ], [ 76.7411, 9.5639 ], [ 76.734, 9.5429 ], [ 76.7358, 9.5365 ], [ 76.7436, 9.5314 ], [ 76.7437, 9.528 ], [ 76.7349, 9.5236 ], [ 76.7484, 9.5076 ], [ 76.7521, 9.4962 ], [ 76.741, 9.4904 ], [ 76.7463, 9.4823 ], [ 76.7451, 9.4741 ], [ 76.734, 9.4757 ], [ 76.7313, 9.4664 ], [ 76.7223, 9.465 ], [ 76.7082, 9.4543 ], [ 76.7002, 9.477 ], [ 76.6891, 9.4773 ], [ 76.6799, 9.483 ], [ 76.6746, 9.4802 ], [ 76.6597, 9.4827 ], [ 76.6483, 9.4783 ], [ 76.6427, 9.4793 ], [ 76.641, 9.4682 ], [ 76.6351, 9.4626 ], [ 76.6316, 9.4719 ], [ 76.6272, 9.4718 ], [ 76.626, 9.4618 ], [ 76.6093, 9.4603 ], [ 76.6099, 9.4548 ], [ 76.6029, 9.4578 ], [ 76.6046, 9.4506 ], [ 76.5977, 9.4508 ], [ 76.5947, 9.4471 ], [ 76.5915, 9.4487 ], [ 76.5922, 9.4239 ], [ 76.5967, 9.4214 ], [ 76.5934, 9.4129 ], [ 76.5907, 9.4187 ], [ 76.5791, 9.4223 ], [ 76.5647, 9.4108 ], [ 76.5594, 9.4114 ], [ 76.5553, 9.4133 ], [ 76.5535, 9.425 ], [ 76.5489, 9.4221 ], [ 76.5434, 9.4231 ], [ 76.5375, 9.4145 ], [ 76.5311, 9.4168 ], [ 76.5256, 9.4088 ], [ 76.5175, 9.4089 ], [ 76.5164, 9.4006 ], [ 76.5067, 9.4038 ], [ 76.5097, 9.42 ], [ 76.5045, 9.4299 ], [ 76.5114, 9.4367 ], [ 76.4974, 9.4405 ], [ 76.495, 9.4443 ], [ 76.5091, 9.4782 ], [ 76.5069, 9.4893 ], [ 76.5108, 9.4999 ], [ 76.508, 9.5044 ], [ 76.4981, 9.5037 ], [ 76.49, 9.5079 ], [ 76.4934, 9.517 ], [ 76.5093, 9.5183 ], [ 76.5099, 9.5147 ], [ 76.5158, 9.5156 ], [ 76.5184, 9.5111 ], [ 76.5381, 9.5099 ], [ 76.5545, 9.4931 ], [ 76.5601, 9.5139 ], [ 76.5572, 9.5168 ], [ 76.5631, 9.5247 ], [ 76.5602, 9.5313 ], [ 76.565, 9.5395 ], [ 76.5601, 9.5451 ], [ 76.5737, 9.5448 ], [ 76.5794, 9.538 ], [ 76.5927, 9.5388 ], [ 76.601, 9.5302 ], [ 76.6217, 9.5378 ], [ 76.6419, 9.5271 ], [ 76.6584, 9.5328 ], [ 76.6613, 9.53 ], [ 76.6648, 9.5358 ], [ 76.6732, 9.5374 ], [ 76.6798, 9.5721 ], [ 76.6904, 9.575 ], [ 76.694, 9.573 ], [ 76.6981, 9.5772 ], [ 76.7076, 9.5757 ], [ 76.7094, 9.5791 ], [ 76.7367, 9.5772 ], [ 76.7373, 9.5668 ] ] ] } },
{ "type": "Feature", "properties": { "unit_id": "IND.17.1.4_1", "name": "Kuttanad", "district": "Alappuzha", "did": "kerala:Alappuzha", "state_key": "kerala" }, "geometry": { "type": "Polygon", "coordinates": [ [ [ 76.4662, 9.5617 ], [ 76.4655, 9.5422 ], [ 76.4794, 9.5376 ], [ 76.4803, 9.5074 ], [ 76.508, 9.5044 ], [ 76.5108, 9.5 ], [ 76.5069, 9.4893 ], [ 76.5091, 9.4782 ], [ 76.495, 9.4441 ], [ 76.4974, 9.4405 ], [ 76.5114, 9.4367 ], [ 76.5045, 9.4299 ], [ 76.5097, 9.42 ], [ 76.5059, 9.4052 ], [ 76.5133, 9.4007 ], [ 76.5111, 9.3919 ], [ 76.5145, 9.3905 ], [ 76.5093, 9.3772 ], [ 76.5143, 9.3698 ], [ 76.5237, 9.3659 ], [ 76.5158, 9.3652 ], [ 76.5133, 9.354 ], [ 76.5089, 9.355 ], [ 76.4957, 9.3472 ], [ 76.4825, 9.3458 ], [ 76.4796, 9.3406 ], [ 76.463, 9.3409 ], [ 76.4609, 9.3502 ], [ 76.4521, 9.354 ], [ 76.4472, 9.3487 ], [ 76.4342, 9.3527 ], [ 76.421, 9.3405 ], [ 76.4141, 9.3406 ], [ 76.4109, 9.3499 ], [ 76.3977, 9.3488 ], [ 76.3982, 9.3518 ], [ 76.3892, 9.3545 ], [ 76.3877, 9.3582 ], [ 76.3934, 9.359 ], [ 76.3948, 9.3658 ], [ 76.398, 9.3694 ], [ 76.4025, 9.3687 ], [ 76.4029, 9.3756 ], [ 76.4055, 9.375 ], [ 76.4044, 9.3955 ], [ 76.3983, 9.3929 ], [ 76.3863, 9.3975 ], [ 76.3615, 9.4556 ], [ 76.3663, 9.5014 ], [ 76.3834, 9.52 ], [ 76.3922, 9.5477 ], [ 76.4046, 9.5539 ], [ 76.4044, 9.5595 ], [ 76.4141, 9.5633 ], [ 76.4153, 9.5584 ], [ 76.4227, 9.5558 ], [ 76.4261, 9.5505 ], [ 76.4662, 9.5617 ] ] ] } },
{ "type": "Feature", "properties": { "unit_id": "IND.17.11.5_1", "name": "Tiruvalla", "district": "Pattanamthitta", "did": "kerala:Pattanamthitta", "state_key": "kerala" }, "geometry": { "type": "Polygon", "coordinates": [ [ [ 76.6298, 9.3958 ], [ 76.6327, 9.39 ], [ 76.6436, 9.3896 ], [ 76.65, 9.3831 ], [ 76.6494, 9.3745 ], [ 76.6609, 9.3746 ], [ 76.6692, 9.3806 ], [ 76.6749, 9.3782 ], [ 76.6834, 9.3809 ], [ 76.687, 9.3781 ], [ 76.7089, 9.382 ], [ 76.7184, 9.3707 ], [ 76.718, 9.3644 ], [ 76.7114, 9.3643 ], [ 76.7113, 9.3513 ], [ 76.7022, 9.3509 ], [ 76.7048, 9.343 ], [ 76.7012, 9.3333 ], [ 76.6955, 9.3346 ], [ 76.689, 9.3294 ], [ 76.6809, 9.3289 ], [ 76.6714, 9.3357 ], [ 76.6469, 9.3298 ], [ 76.6411, 9.3321 ], [ 76.6414, 9.3411 ], [ 76.6286, 9.3426 ], [ 76.6279, 9.3372 ], [ 76.5981, 9.3463 ], [ 76.595, 9.3527 ], [ 76.5873, 9.3519 ], [ 76.5816, 9.3473 ], [ 76.5798, 9.3534 ], [ 76.5669, 9.3561 ], [ 76.5594, 9.3509 ], [ 76.5503, 9.3511 ], [ 76.5517, 9.3471 ], [ 76.5598, 9.3434 ], [ 76.5506, 9.3247 ], [ 76.5364, 9.3222 ], [ 76.5318, 9.3296 ], [ 76.527, 9.3259 ], [ 76.5182, 9.3273 ], [ 76.4978, 9.3234 ], [ 76.4881, 9.3286 ], [ 76.4745, 9.3281 ], [ 76.4749, 9.3378 ], [ 76.4825, 9.3458 ], [ 76.4957, 9.3472 ], [ 76.5089, 9.355 ], [ 76.5133, 9.354 ], [ 76.5158, 9.3652 ], [ 76.5236, 9.3657 ], [ 76.5143, 9.3698 ], [ 76.5093, 9.3772 ], [ 76.5144, 9.3902 ], [ 76.5111, 9.3919 ], [ 76.5124, 9.4002 ], [ 76.5164, 9.4006 ], [ 76.5175, 9.4089 ], [ 76.5256, 9.4088 ], [ 76.5311, 9.4168 ], [ 76.5375, 9.4145 ], [ 76.5434, 9.4231 ], [ 76.5489, 9.4221 ], [ 76.5535, 9.425 ], [ 76.5553, 9.4133 ], [ 76.5594, 9.4114 ], [ 76.5647, 9.4108 ], [ 76.5791, 9.4223 ], [ 76.5907, 9.4187 ], [ 76.5968, 9.407 ], [ 76.6098, 9.4197 ], [ 76.6036, 9.4285 ], [ 76.6057, 9.4316 ], [ 76.6132, 9.4346 ], [ 76.6202, 9.4276 ], [ 76.6293, 9.4362 ], [ 76.6257, 9.3962 ], [ 76.6298, 9.3958 ] ] ] } },
{ "type": "Feature", "properties": { "unit_id": "IND.17.1.2_1", "name": "Chengannur", "district": "Alappuzha", "did": "kerala:Alappuzha", "state_key": "kerala" }, "geometry": { "type": "Polygon", "coordinates": [ [ [ 76.5798, 9.3534 ], [ 76.5816, 9.3473 ], [ 76.5873, 9.3519 ], [ 76.595, 9.3527 ], [ 76.5981, 9.3463 ], [ 76.6279, 9.3372 ], [ 76.6287, 9.3426 ], [ 76.6418, 9.3409 ], [ 76.6421, 9.3333 ], [ 76.6354, 9.3271 ], [ 76.6415, 9.3234 ], [ 76.6451, 9.3099 ], [ 76.6517, 9.3084 ], [ 76.6514, 9.2897 ], [ 76.6624, 9.2875 ], [ 76.6757, 9.2894 ], [ 76.6776, 9.2856 ], [ 76.666, 9.275 ], [ 76.6708, 9.273 ], [ 76.6619, 9.2692 ], [ 76.6644, 9.266 ], [ 76.6559, 9.2638 ], [ 76.6586, 9.2486 ], [ 76.6536, 9.2375 ], [ 76.6393, 9.2341 ], [ 76.6319, 9.2439 ], [ 76.6302, 9.2385 ], [ 76.6257, 9.2371 ], [ 76.6272, 9.2303 ], [ 76.6173, 9.2268 ], [ 76.6076, 9.2393 ], [ 76.6006, 9.2376 ], [ 76.5967, 9.2451 ], [ 76.5918, 9.2448 ], [ 76.5783, 9.2584 ], [ 76.5766, 9.2685 ], [ 76.5708, 9.2647 ], [ 76.563, 9.2719 ], [ 76.5543, 9.2713 ], [ 76.5487, 9.2601 ], [ 76.5458, 9.2603 ], [ 76.5488, 9.2843 ], [ 76.543, 9.28 ], [ 76.5377, 9.2822 ], [ 76.54, 9.2883 ], [ 76.5352, 9.2887 ], [ 76.5322, 9.3051 ], [ 76.4991, 9.306 ], [ 76.4935, 9.3112 ], [ 76.4914, 9.3157 ], [ 76.4965, 9.3183 ], [ 76.4942, 9.3248 ], [ 76.5267, 9.3259 ], [ 76.5318, 9.3296 ], [ 76.5364, 9.3222 ], [ 76.551, 9.3249 ], [ 76.5598, 9.3434 ], [ 76.5517, 9.3471 ], [ 76.5503, 9.3511 ], [ 76.5592, 9.3509 ], [ 76.568, 9.3558 ], [ 76.5798, 9.3534 ] ] ] } },
{ "type": "Feature", "properties": { "unit_id": "IND.17.1.3_1", "name": "Kartikapalli", "district": "Alappuzha", "did": "kerala:Alappuzha", "state_key": "kerala" }, "geometry": { "type": "Polygon", "coordinates": [ [ [ 76.463, 9.3409 ], [ 76.4784, 9.341 ], [ 76.4745, 9.3281 ], [ 76.4923, 9.327 ], [ 76.4965, 9.3183 ], [ 76.4914, 9.3157 ], [ 76.4959, 9.3083 ], [ 76.4891, 9.2992 ], [ 76.4916, 9.2922 ], [ 76.4962, 9.2949 ], [ 76.5014, 9.2923 ], [ 76.4994, 9.2678 ], [ 76.5048, 9.2643 ], [ 76.4952, 9.2186 ], [ 76.5158, 9.2142 ], [ 76.5096, 9.195 ], [ 76.5373, 9.1874 ], [ 76.5306, 9.1595 ], [ 76.5439, 9.1504 ], [ 76.5416, 9.1351 ], [ 76.5086, 9.1367 ], [ 76.5031, 9.135 ], [ 76.5065, 9.1256 ], [ 76.4733, 9.1273 ], [ 76.4703, 9.1315 ], [ 76.4664, 9.1305 ], [ 76.3845, 9.3052 ], [ 76.3897, 9.3088 ], [ 76.3924, 9.304 ], [ 76.3965, 9.3084 ], [ 76.4018, 9.3385 ], [ 76.4123, 9.343 ], [ 76.4205, 9.3403 ], [ 76.4349, 9.353 ], [ 76.4472, 9.3487 ], [ 76.4521, 9.354 ], [ 76.4588, 9.351 ], [ 76.463, 9.3409 ] ] ] } },
{ "type": "Feature", "properties": { "unit_id": "IND.17.1.5_1", "name": "Mavelikara", "district": "Alappuzha", "did": "kerala:Alappuzha", "state_key": "kerala" }, "geometry": { "type": "Polygon", "coordinates": [ [ [ 76.5322, 9.3051 ], [ 76.5352, 9.2887 ], [ 76.54, 9.2883 ], [ 76.5377, 9.2822 ], [ 76.543, 9.28 ], [ 76.5488, 9.2843 ], [ 76.5458, 9.2603 ], [ 76.5487, 9.2601 ], [ 76.5543, 9.2713 ], [ 76.563, 9.2719 ], [ 76.5708, 9.2647 ], [ 76.5766, 9.2685 ], [ 76.5783, 9.2584 ], [ 76.5918, 9.2448 ], [ 76.5967, 9.2451 ], [ 76.6006, 9.2376 ], [ 76.6076, 9.2393 ], [ 76.6173, 9.2268 ], [ 76.6272, 9.2303 ], [ 76.6257, 9.2371 ], [ 76.6327, 9.2438 ], [ 76.6451, 9.2238 ], [ 76.6474, 9.2074 ], [ 76.6771, 9.1939 ], [ 76.6767, 9.1829 ], [ 76.6907, 9.177 ], [ 76.6878, 9.169 ], [ 76.6787, 9.1725 ], [ 76.6748, 9.17 ], [ 76.6715, 9.1633 ], [ 76.6742, 9.1544 ], [ 76.661, 9.1495 ], [ 76.6488, 9.1496 ], [ 76.6453, 9.1465 ], [ 76.6381, 9.1483 ], [ 76.6331, 9.1383 ], [ 76.6238, 9.1388 ], [ 76.6146, 9.131 ], [ 76.5913, 9.1316 ], [ 76.5848, 9.1167 ], [ 76.5763, 9.1175 ], [ 76.5686, 9.1118 ], [ 76.5512, 9.1107 ], [ 76.5464, 9.126 ], [ 76.5412, 9.1287 ], [ 76.5439, 9.1504 ], [ 76.5306, 9.1595 ], [ 76.5372, 9.1877 ], [ 76.5096, 9.195 ], [ 76.5158, 9.2142 ], [ 76.4952, 9.2186 ], [ 76.5048, 9.2645 ], [ 76.4994, 9.2678 ], [ 76.5014, 9.2923 ], [ 76.4962, 9.2949 ], [ 76.4916, 9.2922 ], [ 76.4891, 9.2996 ], [ 76.4956, 9.3095 ], [ 76.499, 9.3061 ], [ 76.5322, 9.3051 ] ] ] } },
{ "type": "Feature", "properties": { "unit_id": "IND.17.11.1_1", "name": "Adur", "district": "Pattanamthitta", "did": "kerala:Pattanamthitta", "state_key": "kerala" }, "geometry": { "type": "Polygon", "coordinates": [ [ [ 76.6685, 9.2402 ], [ 76.671, 9.2311 ], [ 76.6745, 9.2361 ], [ 76.6857, 9.2314 ], [ 76.6885, 9.2337 ], [ 76.6945, 9.2302 ], [ 76.6941, 9.2257 ], [ 76.6974, 9.2279 ], [ 76.7065, 9.2253 ], [ 76.7095, 9.2292 ], [ 76.7161, 9.2232 ], [ 76.7205, 9.2279 ], [ 76.7261, 9.2228 ], [ 76.7361, 9.2212 ], [ 76.7449, 9.2117 ], [ 76.7562, 9.2091 ], [ 76.7704, 9.2157 ], [ 76.7777, 9.2097 ], [ 76.7816, 9.2136 ], [ 76.7895, 9.2139 ], [ 76.7963, 9.2067 ], [ 76.8208, 9.1954 ], [ 76.8115, 9.1805 ], [ 76.8285, 9.1687 ], [ 76.8429, 9.153 ], [ 76.8352, 9.1378 ], [ 76.8307, 9.1359 ], [ 76.8349, 9.1261 ], [ 76.8324, 9.1226 ], [ 76.8363, 9.1171 ], [ 76.8409, 9.1176 ], [ 76.8409, 9.1045 ], [ 76.8519, 9.0996 ], [ 76.8463, 9.0988 ], [ 76.8421, 9.0921 ], [ 76.8329, 9.0943 ], [ 76.826, 9.0924 ], [ 76.8093, 9.1084 ], [ 76.7933, 9.1091 ], [ 76.7833, 9.1141 ], [ 76.7656, 9.0945 ], [ 76.7709, 9.0745 ], [ 76.7585, 9.0725 ], [ 76.7559, 9.0883 ], [ 76.745, 9.0801 ], [ 76.7372, 9.0863 ], [ 76.7334, 9.0811 ], [ 76.7271, 9.0842 ], [ 76.7227, 9.0817 ], [ 76.6902, 9.0916 ], [ 76.6839, 9.0809 ], [ 76.6742, 9.0791 ], [ 76.6717, 9.0824 ], [ 76.6774, 9.092 ], [ 76.6697, 9.1167 ], [ 76.6565, 9.1134 ], [ 76.6474, 9.1167 ], [ 76.6445, 9.1223 ], [ 76.6329, 9.119 ], [ 76.6381, 9.1483 ], [ 76.6453, 9.1465 ], [ 76.6488, 9.1496 ], [ 76.6724, 9.1532 ], [ 76.6748, 9.17 ], [ 76.6787, 9.1725 ], [ 76.6878, 9.169 ], [ 76.6907, 9.177 ], [ 76.6767, 9.1829 ], [ 76.6771, 9.1939 ], [ 76.647, 9.208 ], [ 76.6451, 9.2238 ], [ 76.6393, 9.2341 ], [ 76.6536, 9.2375 ], [ 76.6557, 9.242 ], [ 76.6639, 9.2377 ], [ 76.6685, 9.2402 ] ] ] } },
{ "type": "Feature", "properties": { "unit_id": "IND.17.11.3_1", "name": "Kozhancheri", "district": "Pattanamthitta", "did": "kerala:Pattanamthitta", "state_key": "kerala" }, "geometry": { "type": "Polygon", "coordinates": [ [ [ 76.7253, 9.3326 ], [ 76.7286, 9.3352 ], [ 76.7362, 9.3324 ], [ 76.7376, 9.3368 ], [ 76.7396, 9.3339 ], [ 76.7537, 9.333 ], [ 76.7557, 9.3279 ], [ 76.767, 9.3362 ], [ 76.7678, 9.3268 ], [ 76.7759, 9.3259 ], [ 76.7822, 9.3196 ], [ 76.7832, 9.3007 ], [ 76.7898, 9.3025 ], [ 76.7932, 9.2994 ], [ 76.7963, 9.2834 ], [ 76.8016, 9.2823 ], [ 76.8059, 9.2893 ], [ 76.8135, 9.2894 ], [ 76.8228, 9.2815 ], [ 76.8252, 9.2708 ], [ 76.8299, 9.2702 ], [ 76.8257, 9.2644 ], [ 76.8283, 9.2613 ], [ 76.8197, 9.2653 ], [ 76.824, 9.2587 ], [ 76.8227, 9.2508 ], [ 76.8181, 9.2506 ], [ 76.8087, 9.2618 ], [ 76.8051, 9.2575 ], [ 76.7983, 9.261 ], [ 76.7987, 9.2522 ], [ 76.7882, 9.2577 ], [ 76.7888, 9.2525 ], [ 76.7848, 9.2461 ], [ 76.7816, 9.2471 ], [ 76.7876, 9.2361 ], [ 76.7839, 9.2358 ], [ 76.7794, 9.2277 ], [ 76.7694, 9.234 ], [ 76.7614, 9.2289 ], [ 76.7536, 9.2311 ], [ 76.7541, 9.2352 ], [ 76.75, 9.2335 ], [ 76.7447, 9.2396 ], [ 76.7424, 9.2318 ], [ 76.7346, 9.2338 ], [ 76.7294, 9.2307 ], [ 76.7269, 9.2332 ], [ 76.7161, 9.2232 ], [ 76.7095, 9.2292 ], [ 76.7065, 9.2253 ], [ 76.6974, 9.2279 ], [ 76.6941, 9.2257 ], [ 76.6945, 9.2302 ], [ 76.6885, 9.2337 ], [ 76.6857, 9.2314 ], [ 76.6745, 9.2361 ], [ 76.671, 9.2311 ], [ 76.6685, 9.2402 ], [ 76.6639, 9.2377 ], [ 76.6564, 9.2419 ], [ 76.6559, 9.2638 ], [ 76.6644, 9.266 ], [ 76.6619, 9.2692 ], [ 76.6708, 9.273 ], [ 76.666, 9.275 ], [ 76.6776, 9.2856 ], [ 76.6757, 9.2894 ], [ 76.6518, 9.2894 ], [ 76.6517, 9.3084 ], [ 76.6451, 9.3099 ], [ 76.6415, 9.3234 ], [ 76.6354, 9.3271 ], [ 76.6411, 9.3321 ], [ 76.6507, 9.3295 ], [ 76.6714, 9.3357 ], [ 76.678, 9.3295 ], [ 76.689, 9.3294 ], [ 76.6946, 9.3343 ], [ 76.7012, 9.3333 ], [ 76.7048, 9.343 ], [ 76.7022, 9.3509 ], [ 76.7113, 9.3513 ], [ 76.7123, 9.3594 ], [ 76.7168, 9.3584 ], [ 76.7243, 9.3479 ], [ 76.7253, 9.3326 ] ] ] } },
{ "type": "Feature", "properties": { "unit_id": "IND.17.6.2_1", "name": "Kottarakara", "district": "Kollam", "did": "kerala:Kollam", "state_key": "kerala" }, "geometry": { "type": "Polygon", "coordinates": [ [ [ 76.7709, 9.0745 ], [ 76.7721, 9.0667 ], [ 76.7787, 9.0648 ], [ 76.7802, 9.0607 ], [ 76.786, 9.0624 ], [ 76.7993, 9.0555 ], [ 76.8065, 9.058 ], [ 76.806, 9.0439 ], [ 76.7999, 9.0386 ], [ 76.8048, 9.0368 ], [ 76.8058, 9.0276 ], [ 76.7972, 9.0231 ], [ 76.802, 9.0164 ], [ 76.8305, 9.0246 ], [ 76.8389, 9.0193 ], [ 76.856, 9.0161 ], [ 76.8708, 9.0185 ], [ 76.8821, 9.0091 ], [ 76.8934, 9.0083 ], [ 76.8966, 9.0014 ], [ 76.8815, 8.9895 ], [ 76.8817, 8.9751 ], [ 76.8601, 8.9775 ], [ 76.8599, 8.9708 ], [ 76.8439, 8.9595 ], [ 76.8584, 8.9131 ], [ 76.8546, 8.9075 ], [ 76.8554, 8.8975 ], [ 76.8462, 8.8879 ], [ 76.8487, 8.8838 ], [ 76.8657, 8.8783 ], [ 76.8629, 8.8895 ], [ 76.8653, 8.8882 ], [ 76.8735, 8.8974 ], [ 76.8698, 8.9029 ], [ 76.8788, 8.9096 ], [ 76.8813, 8.9067 ], [ 76.9119, 8.9109 ], [ 76.9234, 8.9063 ], [ 76.9303, 8.8925 ], [ 76.9372, 8.8912 ], [ 76.9445, 8.8806 ], [ 76.9514, 8.8829 ], [ 76.9497, 8.8765 ], [ 76.9561, 8.8699 ], [ 76.9524, 8.8678 ], [ 76.9561, 8.8627 ], [ 76.9533, 8.856 ], [ 76.9598, 8.8461 ], [ 76.9875, 8.8508 ], [ 77.0128, 8.8412 ], [ 77.0326, 8.8428 ], [ 77.0291, 8.8344 ], [ 77.0201, 8.8284 ], [ 77.0209, 8.8166 ], [ 77.0153, 8.8177 ], [ 77.0087, 8.8124 ], [ 77.0116, 8.7955 ], [ 77.0249, 8.7754 ], [ 77.0028, 8.7713 ], [ 76.9961, 8.7847 ], [ 76.9813, 8.79 ], [ 76.9748, 8.7845 ], [ 76.9728, 8.7754 ], [ 76.9636, 8.7711 ], [ 76.9465, 8.7712 ], [ 76.9336, 8.7614 ], [ 76.9152, 8.7768 ], [ 76.9151, 8.7818 ], [ 76.9213, 8.7865 ], [ 76.9001, 8.8115 ], [ 76.8904, 8.8115 ], [ 76.8828, 8.8055 ], [ 76.8571, 8.8186 ], [ 76.8554, 8.816 ], [ 76.8459, 8.8278 ], [ 76.8481, 8.8345 ], [ 76.8331, 8.8434 ], [ 76.8257, 8.8429 ], [ 76.8162, 8.8598 ], [ 76.8129, 8.8553 ], [ 76.8068, 8.8574 ], [ 76.8015, 8.8487 ], [ 76.7943, 8.8566 ], [ 76.7895, 8.8535 ], [ 76.7827, 8.8626 ], [ 76.7666, 8.8547 ], [ 76.7625, 8.8607 ], [ 76.7592, 8.8583 ], [ 76.7527, 8.8614 ], [ 76.754, 8.8656 ], [ 76.7479, 8.8751 ], [ 76.7433, 8.8747 ], [ 76.7405, 8.8825 ], [ 76.7479, 8.9016 ], [ 76.7398, 8.8976 ], [ 76.7262, 8.9033 ], [ 76.7302, 8.9182 ], [ 76.7072, 8.9364 ], [ 76.7029, 8.942 ], [ 76.7043, 8.9504 ], [ 76.6977, 8.952 ], [ 76.6937, 8.9699 ], [ 76.6984, 8.9763 ], [ 76.7065, 8.9795 ], [ 76.7059, 8.9862 ], [ 76.6962, 8.9866 ], [ 76.6864, 8.9934 ], [ 76.6836, 9.0007 ], [ 76.6759, 9.0023 ], [ 76.6718, 9.0095 ], [ 76.6781, 9.0276 ], [ 76.6778, 9.0419 ], [ 76.685, 9.0438 ], [ 76.6899, 9.0519 ], [ 76.6865, 9.0616 ], [ 76.7023, 9.0637 ], [ 76.7058, 9.0578 ], [ 76.7109, 9.0581 ], [ 76.7165, 9.0654 ], [ 76.7241, 9.0649 ], [ 76.7119, 9.082 ], [ 76.7131, 9.0853 ], [ 76.7334, 9.0811 ], [ 76.7372, 9.0863 ], [ 76.745, 9.0801 ], [ 76.7559, 9.0883 ], [ 76.7585, 9.0725 ], [ 76.7709, 9.0745 ] ] ] } },
{ "type": "Feature", "properties": { "unit_id": "IND.17.6.5_1", "name": "Kollam", "district": "Kollam", "did": "kerala:Kollam", "state_key": "kerala" }, "geometry": { "type": "Polygon", "coordinates": [ [ [ 76.675, 9.0283 ], [ 76.6728, 9.0057 ], [ 76.6836, 9.0007 ], [ 76.6864, 8.9934 ], [ 76.6962, 8.9866 ], [ 76.7059, 8.9862 ], [ 76.7065, 8.9795 ], [ 76.6984, 8.9763 ], [ 76.6937, 8.9699 ], [ 76.6977, 8.952 ], [ 76.7043, 8.9504 ], [ 76.7029, 8.942 ], [ 76.7072, 8.9364 ], [ 76.7302, 8.9182 ], [ 76.7262, 8.9033 ], [ 76.7398, 8.8976 ], [ 76.7479, 8.9016 ], [ 76.7443, 8.8864 ], [ 76.7404, 8.8836 ], [ 76.7425, 8.8758 ], [ 76.7444, 8.8735 ], [ 76.7479, 8.8751 ], [ 76.754, 8.8656 ], [ 76.7527, 8.8614 ], [ 76.7592, 8.8583 ], [ 76.7625, 8.8607 ], [ 76.7653, 8.8548 ], [ 76.7758, 8.861 ], [ 76.7809, 8.8605 ], [ 76.7822, 8.8525 ], [ 76.7754, 8.8439 ], [ 76.7818, 8.8427 ], [ 76.7944, 8.8281 ], [ 76.7913, 8.822 ], [ 76.783, 8.8194 ], [ 76.7889, 8.8191 ], [ 76.7926, 8.8135 ], [ 76.7771, 8.8097 ], [ 76.7712, 8.8112 ], [ 76.7719, 8.8061 ], [ 76.7683, 8.804 ], [ 76.771, 8.7999 ], [ 76.7613, 8.8003 ], [ 76.7605, 8.7914 ], [ 76.7584, 8.7954 ], [ 76.7406, 8.796 ], [ 76.7219, 8.8038 ], [ 76.7094, 8.7952 ], [ 76.7097, 8.7911 ], [ 76.6927, 8.7916 ], [ 76.6899, 8.7787 ], [ 76.6849, 8.7794 ], [ 76.682, 8.776 ], [ 76.6778, 8.7881 ], [ 76.6729, 8.7817 ], [ 76.6101, 8.8594 ], [ 76.5817, 8.8801 ], [ 76.5709, 8.8831 ], [ 76.5655, 8.8799 ], [ 76.5467, 8.9039 ], [ 76.5402, 8.9317 ], [ 76.5354, 8.9337 ], [ 76.5416, 8.9327 ], [ 76.5537, 8.9407 ], [ 76.5678, 8.9412 ], [ 76.5859, 8.9639 ], [ 76.5848, 8.9955 ], [ 76.596, 9.0086 ], [ 76.6034, 9.0096 ], [ 76.6061, 8.9985 ], [ 76.6186, 8.9992 ], [ 76.6346, 9.0082 ], [ 76.6334, 9.0152 ], [ 76.6398, 9.018 ], [ 76.6465, 9.0155 ], [ 76.6478, 9.0274 ], [ 76.6608, 9.0285 ], [ 76.6641, 9.0245 ], [ 76.675, 9.0283 ] ] ] } },
{ "type": "Feature", "properties": { "unit_id": "IND.17.6.3_1", "name": "Kunnattur", "district": "Kollam", "did": "kerala:Kollam", "state_key": "kerala" }, "geometry": { "type": "Polygon", "coordinates": [ [ [ 76.6445, 9.1223 ], [ 76.6474, 9.1167 ], [ 76.6565, 9.1134 ], [ 76.6694, 9.1169 ], [ 76.6722, 9.1137 ], [ 76.6774, 9.092 ], [ 76.672, 9.0808 ], [ 76.6781, 9.0779 ], [ 76.6787, 9.0817 ], [ 76.6839, 9.0809 ], [ 76.6902, 9.0916 ], [ 76.7098, 9.0871 ], [ 76.7242, 9.0652 ], [ 76.7165, 9.0654 ], [ 76.7109, 9.0581 ], [ 76.7058, 9.0578 ], [ 76.7023, 9.0637 ], [ 76.6867, 9.0618 ], [ 76.6899, 9.0519 ], [ 76.685, 9.0438 ], [ 76.6778, 9.0419 ], [ 76.6773, 9.0261 ], [ 76.6745, 9.0285 ], [ 76.6641, 9.0245 ], [ 76.6608, 9.0285 ], [ 76.6481, 9.0276 ], [ 76.6465, 9.0155 ], [ 76.6392, 9.018 ], [ 76.6329, 9.0148 ], [ 76.6348, 9.0089 ], [ 76.6315, 9.0052 ], [ 76.6186, 8.9992 ], [ 76.6061, 8.9985 ], [ 76.6033, 9.0217 ], [ 76.5793, 9.0164 ], [ 76.5717, 9.0219 ], [ 76.5603, 9.0416 ], [ 76.5638, 9.0465 ], [ 76.5702, 9.0473 ], [ 76.5677, 9.0643 ], [ 76.5757, 9.0645 ], [ 76.5772, 9.0693 ], [ 76.5869, 9.0728 ], [ 76.5851, 9.0758 ], [ 76.5988, 9.0861 ], [ 76.5962, 9.0881 ], [ 76.6018, 9.0987 ], [ 76.599, 9.1122 ], [ 76.6036, 9.1306 ], [ 76.6151, 9.1312 ], [ 76.6238, 9.1388 ], [ 76.6328, 9.1381 ], [ 76.6353, 9.1408 ], [ 76.6331, 9.1185 ], [ 76.6445, 9.1223 ] ] ] } },
{ "type": "Feature", "properties": { "unit_id": "IND.17.6.1_1", "name": "Karunagapalli", "district": "Kollam", "did": "kerala:Kollam", "state_key": "kerala" }, "geometry": { "type": "Polygon", "coordinates": [ [ [ 76.5416, 9.1351 ], [ 76.5412, 9.1287 ], [ 76.5464, 9.126 ], [ 76.5512, 9.1107 ], [ 76.5579, 9.1098 ], [ 76.5686, 9.1118 ], [ 76.5749, 9.1172 ], [ 76.5848, 9.1167 ], [ 76.5903, 9.1312 ], [ 76.5987, 9.1327 ], [ 76.6034, 9.1302 ], [ 76.599, 9.1122 ], [ 76.6018, 9.0987 ], [ 76.5962, 9.0881 ], [ 76.5988, 9.0861 ], [ 76.5851, 9.0758 ], [ 76.5869, 9.0728 ], [ 76.5772, 9.0693 ], [ 76.5757, 9.0645 ], [ 76.5677, 9.0643 ], [ 76.5702, 9.0473 ], [ 76.5638, 9.0465 ], [ 76.5603, 9.0413 ], [ 76.5717, 9.0219 ], [ 76.5785, 9.0168 ], [ 76.6033, 9.0217 ], [ 76.6052, 9.0123 ], [ 76.5865, 9.0006 ], [ 76.5859, 8.9639 ], [ 76.5702, 8.9442 ], [ 76.5678, 8.9412 ], [ 76.5537, 8.9407 ], [ 76.5416, 8.9327 ], [ 76.5409, 8.9389 ], [ 76.5355, 8.936 ], [ 76.5154, 9.0171 ], [ 76.4629, 9.1342 ], [ 76.4664, 9.1305 ], [ 76.4732, 9.13 ], [ 76.4733, 9.1273 ], [ 76.5065, 9.1256 ], [ 76.5031, 9.135 ], [ 76.5165, 9.1375 ], [ 76.5416, 9.1351 ] ] ] } },
{ "type": "Feature", "properties": { "unit_id": "IND.17.12.1_1", "name": "Varkala", "district": "Thiruvananthapuram", "did": "kerala:Thiruvananthapuram", "state_key": "kerala" }, "geometry": { "type": "Polygon", "coordinates": [ [ [ 76.7943, 8.8566 ], [ 76.8015, 8.8487 ], [ 76.8068, 8.8574 ], [ 76.8113, 8.8549 ], [ 76.8167, 8.8595 ], [ 76.8257, 8.8429 ], [ 76.8331, 8.8434 ], [ 76.8481, 8.8345 ], [ 76.8457, 8.8282 ], [ 76.8518, 8.8222 ], [ 76.8518, 8.816 ], [ 76.8383, 8.8076 ], [ 76.8348, 8.7938 ], [ 76.8254, 8.7923 ], [ 76.8241, 8.7775 ], [ 76.8169, 8.7746 ], [ 76.8133, 8.7772 ], [ 76.8106, 8.7679 ], [ 76.8005, 8.7671 ], [ 76.7955, 8.771 ], [ 76.7906, 8.7622 ], [ 76.8109, 8.7322 ], [ 76.8101, 8.721 ], [ 76.7981, 8.7199 ], [ 76.7833, 8.7016 ], [ 76.7727, 8.6968 ], [ 76.7562, 8.6975 ], [ 76.7462, 8.7069 ], [ 76.7349, 8.6959 ], [ 76.6987, 8.738 ], [ 76.6729, 8.7817 ], [ 76.6772, 8.7887 ], [ 76.682, 8.776 ], [ 76.6849, 8.7794 ], [ 76.6899, 8.7787 ], [ 76.6927, 8.7916 ], [ 76.7097, 8.7911 ], [ 76.7094, 8.7952 ], [ 76.7219, 8.8038 ], [ 76.7406, 8.796 ], [ 76.7584, 8.7954 ], [ 76.7605, 8.7914 ], [ 76.7613, 8.8003 ], [ 76.771, 8.7999 ], [ 76.7683, 8.804 ], [ 76.7719, 8.8061 ], [ 76.7712, 8.8112 ], [ 76.7771, 8.8097 ], [ 76.7926, 8.8135 ], [ 76.7889, 8.8191 ], [ 76.783, 8.8194 ], [ 76.7913, 8.822 ], [ 76.7944, 8.8281 ], [ 76.7818, 8.8427 ], [ 76.7754, 8.8439 ], [ 76.7822, 8.8525 ], [ 76.7827, 8.8626 ], [ 76.7895, 8.8535 ], [ 76.7943, 8.8566 ] ] ] } },
{ "type": "Feature", "properties": { "unit_id": "IND.17.12.1_1", "name": "Chirayinkizh", "district": "Thiruvananthapuram", "did": "kerala:Thiruvananthapuram", "state_key": "kerala" }, "geometry": { "type": "Polygon", "coordinates": [ [ [ 76.8828, 8.8055 ], [ 76.8904, 8.8115 ], [ 76.9001, 8.8115 ], [ 76.9213, 8.7865 ], [ 76.9151, 8.7818 ], [ 76.9152, 8.7768 ], [ 76.9328, 8.763 ], [ 76.9321, 8.7558 ], [ 76.9153, 8.7447 ], [ 76.908, 8.7331 ], [ 76.8962, 8.7269 ], [ 76.8915, 8.7185 ], [ 76.8842, 8.7218 ], [ 76.879, 8.7295 ], [ 76.8712, 8.7216 ], [ 76.8713, 8.7127 ], [ 76.8858, 8.7017 ], [ 76.8795, 8.66 ], [ 76.8751, 8.6587 ], [ 76.8679, 8.6742 ], [ 76.8526, 8.6721 ], [ 76.8527, 8.6632 ], [ 76.8439, 8.6652 ], [ 76.8467, 8.657 ], [ 76.8432, 8.656 ], [ 76.8416, 8.6604 ], [ 76.8358, 8.6563 ], [ 76.827, 8.6556 ], [ 76.8225, 8.6442 ], [ 76.8357, 8.6375 ], [ 76.8334, 8.6309 ], [ 76.8258, 8.63 ], [ 76.8217, 8.6186 ], [ 76.8096, 8.6234 ], [ 76.7978, 8.6182 ], [ 76.7349, 8.6959 ], [ 76.7462, 8.7069 ], [ 76.7562, 8.6975 ], [ 76.7727, 8.6968 ], [ 76.7833, 8.7016 ], [ 76.7981, 8.7199 ], [ 76.8101, 8.721 ], [ 76.8109, 8.7322 ], [ 76.7906, 8.7622 ], [ 76.7955, 8.771 ], [ 76.8005, 8.7671 ], [ 76.8106, 8.7679 ], [ 76.8133, 8.7772 ], [ 76.8169, 8.7746 ], [ 76.8241, 8.7775 ], [ 76.8254, 8.7923 ], [ 76.8348, 8.7938 ], [ 76.8383, 8.8076 ], [ 76.848, 8.8119 ], [ 76.852, 8.8183 ], [ 76.8554, 8.816 ], [ 76.8571, 8.8186 ], [ 76.8828, 8.8055 ] ] ] } },
{ "type": "Feature", "properties": { "unit_id": "IND.17.12.2_1", "name": "Nedumangad", "district": "Thiruvananthapuram", "did": "kerala:Thiruvananthapuram", "state_key": "kerala" }, "geometry": { "type": "Polygon", "coordinates": [ [ [ 77.0686, 8.8406 ], [ 77.0831, 8.8398 ], [ 77.0996, 8.8297 ], [ 77.1072, 8.8303 ], [ 77.1128, 8.823 ], [ 77.1209, 8.8202 ], [ 77.1275, 8.8105 ], [ 77.1452, 8.8039 ], [ 77.1546, 8.7944 ], [ 77.156, 8.797 ], [ 77.1916, 8.7727 ], [ 77.1997, 8.7718 ], [ 77.1983, 8.7534 ], [ 77.1925, 8.7444 ], [ 77.1827, 8.7428 ], [ 77.1716, 8.7506 ], [ 77.17, 8.7418 ], [ 77.1791, 8.7306 ], [ 77.1768, 8.7261 ], [ 77.1808, 8.7183 ], [ 77.195, 8.7078 ], [ 77.2073, 8.6807 ], [ 77.2011, 8.6698 ], [ 77.1954, 8.6754 ], [ 77.1937, 8.6734 ], [ 77.1951, 8.659 ], [ 77.1811, 8.635 ], [ 77.158, 8.6284 ], [ 77.1562, 8.6236 ], [ 77.1391, 8.6231 ], [ 77.1315, 8.6002 ], [ 77.1165, 8.5795 ], [ 77.1124, 8.5774 ], [ 77.0983, 8.5792 ], [ 77.0934, 8.5701 ], [ 77.0947, 8.5602 ], [ 77.0864, 8.5394 ], [ 77.0816, 8.509 ], [ 77.0697, 8.5232 ], [ 77.0674, 8.5211 ], [ 77.0622, 8.5257 ], [ 77.0593, 8.5347 ], [ 77.0439, 8.5406 ], [ 77.0376, 8.5465 ], [ 77.0281, 8.545 ], [ 76.9907, 8.5528 ], [ 76.987, 8.5475 ], [ 76.9766, 8.5459 ], [ 76.9697, 8.5487 ], [ 76.9623, 8.5641 ], [ 76.9571, 8.5622 ], [ 76.9469, 8.5701 ], [ 76.9363, 8.5732 ], [ 76.9414, 8.5812 ], [ 76.9337, 8.5853 ], [ 76.9347, 8.5899 ], [ 76.9288, 8.5904 ], [ 76.927, 8.6052 ], [ 76.9233, 8.6084 ], [ 76.9138, 8.6055 ], [ 76.9056, 8.6105 ], [ 76.9005, 8.6249 ], [ 76.8936, 8.6262 ], [ 76.8874, 8.6397 ], [ 76.8818, 8.6422 ], [ 76.8866, 8.6505 ], [ 76.8795, 8.66 ], [ 76.879, 8.6684 ], [ 76.884, 8.6784 ], [ 76.8858, 8.7017 ], [ 76.8713, 8.7127 ], [ 76.87, 8.7183 ], [ 76.879, 8.7295 ], [ 76.8842, 8.7218 ], [ 76.8918, 8.7187 ], [ 76.8962, 8.7269 ], [ 76.908, 8.7331 ], [ 76.9153, 8.7447 ], [ 76.9321, 8.7558 ], [ 76.9325, 8.7608 ], [ 76.9465, 8.7712 ], [ 76.9636, 8.7711 ], [ 76.9728, 8.7754 ], [ 76.9748, 8.7845 ], [ 76.9813, 8.79 ], [ 76.9961, 8.7847 ], [ 77.0028, 8.7713 ], [ 77.0249, 8.7754 ], [ 77.0116, 8.7955 ], [ 77.0087, 8.8124 ], [ 77.0153, 8.8177 ], [ 77.0209, 8.8166 ], [ 77.0201, 8.8284 ], [ 77.0291, 8.8344 ], [ 77.0326, 8.8428 ], [ 77.0509, 8.8464 ], [ 77.0686, 8.8406 ] ] ] } },
{ "type": "Feature", "properties": { "unit_id": "IND.17.6.4_1", "name": "Pattanapuram", "district": "Kollam", "did": "kerala:Kollam", "state_key": "kerala" }, "geometry": { "type": "Polygon", "coordinates": [ [ [ 76.9886, 9.1455 ], [ 76.9942, 9.1399 ], [ 77.0047, 9.1376 ], [ 77.0095, 9.1403 ], [ 77.0164, 9.1364 ], [ 77.0187, 9.1306 ], [ 77.0467, 9.1232 ], [ 77.0457, 9.122 ], [ 77.0356, 9.1237 ], [ 77.0279, 9.1271 ], [ 77.0243, 9.1244 ], [ 77.0253, 9.1065 ], [ 77.0198, 9.1002 ], [ 77.0214, 9.0922 ], [ 77.0138, 9.079 ], [ 77.014, 9.0721 ], [ 77.0007, 9.0694 ], [ 76.9957, 9.0724 ], [ 76.9897, 9.062 ], [ 76.9811, 9.0573 ], [ 76.9681, 9.0584 ], [ 76.9637, 9.0557 ], [ 76.9477, 9.0605 ], [ 76.9448, 9.0514 ], [ 76.9513, 9.0467 ], [ 76.9507, 9.0415 ], [ 76.9548, 9.0436 ], [ 76.9627, 9.0361 ], [ 76.9617, 9.0302 ], [ 76.9528, 9.0369 ], [ 76.9496, 9.0348 ], [ 76.9423, 9.0384 ], [ 76.9373, 9.0358 ], [ 76.9292, 9.045 ], [ 76.9253, 9.0406 ], [ 76.92, 9.0416 ], [ 76.9159, 9.0354 ], [ 76.9064, 9.0401 ], [ 76.9075, 9.0332 ], [ 76.8998, 9.0288 ], [ 76.8894, 9.0337 ], [ 76.8863, 9.0305 ], [ 76.8742, 9.0309 ], [ 76.8974, 9.019 ], [ 76.9127, 9.0166 ], [ 76.9138, 9.0063 ], [ 76.904, 9.0055 ], [ 76.9038, 9.0098 ], [ 76.8883, 9.0073 ], [ 76.8762, 9.0121 ], [ 76.8712, 9.0183 ], [ 76.856, 9.0161 ], [ 76.8389, 9.0193 ], [ 76.8305, 9.0246 ], [ 76.802, 9.0164 ], [ 76.7972, 9.0231 ], [ 76.8058, 9.0276 ], [ 76.8048, 9.0368 ], [ 76.7999, 9.0386 ], [ 76.806, 9.0439 ], [ 76.8065, 9.058 ], [ 76.7941, 9.0561 ], [ 76.786, 9.0624 ], [ 76.7802, 9.0607 ], [ 76.7787, 9.0648 ], [ 76.7721, 9.0667 ], [ 76.7656, 9.0945 ], [ 76.7767, 9.109 ], [ 76.7811, 9.1095 ], [ 76.7833, 9.1141 ], [ 76.7933, 9.1091 ], [ 76.8084, 9.1088 ], [ 76.8227, 9.0934 ], [ 76.8421, 9.0921 ], [ 76.8463, 9.0988 ], [ 76.8519, 9.0996 ], [ 76.8519, 9.1127 ], [ 76.8564, 9.117 ], [ 76.866, 9.1158 ], [ 76.8756, 9.1309 ], [ 76.8847, 9.1247 ], [ 76.884, 9.122 ], [ 76.8926, 9.1228 ], [ 76.8982, 9.1304 ], [ 76.9022, 9.1254 ], [ 76.9128, 9.1253 ], [ 76.9239, 9.1226 ], [ 76.9251, 9.1187 ], [ 76.938, 9.1172 ], [ 76.9483, 9.1172 ], [ 76.9557, 9.124 ], [ 76.9602, 9.13 ], [ 76.9489, 9.131 ], [ 76.9406, 9.1386 ], [ 76.9363, 9.1358 ], [ 76.9264, 9.1386 ], [ 76.9303, 9.1738 ], [ 76.9634, 9.152 ], [ 76.9886, 9.1455 ] ] ] } },
{ "type": "Feature", "properties": { "unit_id": "IND.17.6.4_1", "name": "Punalur", "district": "Kollam", "did": "kerala:Kollam", "state_key": "kerala" }, "geometry": { "type": "Polygon", "coordinates": [ [ [ 77.0648, 9.1194 ], [ 77.0673, 9.1144 ], [ 77.0791, 9.1132 ], [ 77.0811, 9.1093 ], [ 77.1111, 9.0932 ], [ 77.1208, 9.0947 ], [ 77.1452, 9.0835 ], [ 77.1545, 9.0874 ], [ 77.1542, 9.0819 ], [ 77.1615, 9.0823 ], [ 77.167, 9.0783 ], [ 77.2081, 9.0729 ], [ 77.1969, 9.0568 ], [ 77.1975, 9.047 ], [ 77.1876, 9.0431 ], [ 77.1823, 9.0474 ], [ 77.1675, 9.0453 ], [ 77.1604, 9.0358 ], [ 77.1611, 9.0294 ], [ 77.1539, 9.0224 ], [ 77.1466, 9.0218 ], [ 77.1493, 9.0096 ], [ 77.1569, 9.0075 ], [ 77.1617, 8.995 ], [ 77.1736, 8.9912 ], [ 77.1782, 8.9691 ], [ 77.1856, 8.9702 ], [ 77.1963, 8.9546 ], [ 77.1939, 8.9433 ], [ 77.1971, 8.9354 ], [ 77.1928, 8.9262 ], [ 77.21, 8.9185 ], [ 77.2182, 8.9187 ], [ 77.2212, 8.9039 ], [ 77.2385, 8.8977 ], [ 77.2377, 8.8857 ], [ 77.245, 8.8801 ], [ 77.2566, 8.8776 ], [ 77.2586, 8.8652 ], [ 77.2556, 8.8611 ], [ 77.2615, 8.8565 ], [ 77.2585, 8.8503 ], [ 77.2628, 8.842 ], [ 77.2471, 8.8237 ], [ 77.2471, 8.8148 ], [ 77.2425, 8.8098 ], [ 77.232, 8.8077 ], [ 77.2297, 8.7846 ], [ 77.22, 8.779 ], [ 77.2139, 8.7794 ], [ 77.2187, 8.7694 ], [ 77.2099, 8.7653 ], [ 77.1997, 8.7718 ], [ 77.1916, 8.7727 ], [ 77.156, 8.797 ], [ 77.1546, 8.7944 ], [ 77.1407, 8.8065 ], [ 77.1275, 8.8105 ], [ 77.1209, 8.8202 ], [ 77.1128, 8.823 ], [ 77.1072, 8.8303 ], [ 77.0996, 8.8297 ], [ 77.0831, 8.8398 ], [ 77.0686, 8.8406 ], [ 77.0502, 8.8465 ], [ 77.0285, 8.8417 ], [ 77.0215, 8.8431 ], [ 77.0191, 8.8401 ], [ 76.9875, 8.8508 ], [ 76.9598, 8.8461 ], [ 76.9533, 8.856 ], [ 76.9561, 8.8627 ], [ 76.9524, 8.8678 ], [ 76.9561, 8.8699 ], [ 76.9497, 8.8765 ], [ 76.9514, 8.8829 ], [ 76.9445, 8.8806 ], [ 76.9177, 8.9095 ], [ 76.8952, 8.9099 ], [ 76.8813, 8.9067 ], [ 76.8788, 8.9096 ], [ 76.8698, 8.9029 ], [ 76.8735, 8.8974 ], [ 76.8653, 8.8882 ], [ 76.8629, 8.8895 ], [ 76.8657, 8.8783 ], [ 76.8546, 8.8838 ], [ 76.8503, 8.8825 ], [ 76.8461, 8.8876 ], [ 76.8554, 8.8975 ], [ 76.8546, 8.9075 ], [ 76.8584, 8.9131 ], [ 76.8439, 8.9595 ], [ 76.8599, 8.9708 ], [ 76.8601, 8.9775 ], [ 76.8817, 8.9751 ], [ 76.8815, 8.9895 ], [ 76.8967, 8.9992 ], [ 76.8934, 9.0083 ], [ 76.9047, 9.0096 ], [ 76.904, 9.0055 ], [ 76.9144, 9.0069 ], [ 76.9127, 9.0166 ], [ 76.8974, 9.019 ], [ 76.8742, 9.0309 ], [ 76.8863, 9.0305 ], [ 76.8894, 9.0337 ], [ 76.8998, 9.0288 ], [ 76.9075, 9.0332 ], [ 76.9064, 9.0401 ], [ 76.9159, 9.0354 ], [ 76.92, 9.0416 ], [ 76.9253, 9.0406 ], [ 76.9292, 9.045 ], [ 76.9373, 9.0358 ], [ 76.9423, 9.0384 ], [ 76.9496, 9.0348 ], [ 76.9528, 9.0369 ], [ 76.9617, 9.0302 ], [ 76.9639, 9.034 ], [ 76.9558, 9.0431 ], [ 76.9517, 9.0408 ], [ 76.9485, 9.0434 ], [ 76.9513, 9.0467 ], [ 76.9448, 9.0514 ], [ 76.9465, 9.0595 ], [ 76.952, 9.0608 ], [ 76.9642, 9.0556 ], [ 76.9681, 9.0584 ], [ 76.9811, 9.0573 ], [ 76.9897, 9.062 ], [ 76.9957, 9.0724 ], [ 77.0007, 9.0694 ], [ 77.0138, 9.072 ], [ 77.0214, 9.0922 ], [ 77.0198, 9.1002 ], [ 77.0253, 9.1065 ], [ 77.0243, 9.1245 ], [ 77.0279, 9.1271 ], [ 77.0463, 9.122 ], [ 77.0525, 9.1277 ], [ 77.0576, 9.1172 ], [ 77.0648, 9.1194 ] ] ] } },
{ "type": "Feature", "properties": { "unit_id": "IND.17.10.5_1", "name": "Palakkad", "district": "Palakkad", "did": "kerala:Palakkad", "state_key": "kerala" }, "geometry": { "type": "Polygon", "coordinates": [ [ [ 76.6768, 10.9181 ], [ 76.6952, 10.9102 ], [ 76.7149, 10.9086 ], [ 76.7376, 10.8959 ], [ 76.7408, 10.891 ], [ 76.7524, 10.8951 ], [ 76.7613, 10.8935 ], [ 76.7679, 10.887 ], [ 76.7814, 10.8904 ], [ 76.7918, 10.8811 ], [ 76.8283, 10.8719 ], [ 76.8319, 10.8601 ], [ 76.8484, 10.8494 ], [ 76.8538, 10.839 ], [ 76.8532, 10.8329 ], [ 76.8451, 10.8261 ], [ 76.8494, 10.8145 ], [ 76.8235, 10.812 ], [ 76.826, 10.8042 ], [ 76.8171, 10.7957 ], [ 76.8349, 10.7944 ], [ 76.8247, 10.7831 ], [ 76.8145, 10.7811 ], [ 76.8143, 10.7697 ], [ 76.808, 10.7692 ], [ 76.8088, 10.7647 ], [ 76.8145, 10.7636 ], [ 76.8144, 10.7587 ], [ 76.8071, 10.761 ], [ 76.8046, 10.7498 ], [ 76.8024, 10.755 ], [ 76.7982, 10.7557 ], [ 76.7885, 10.7554 ], [ 76.7846, 10.7524 ], [ 76.788, 10.75 ], [ 76.7841, 10.7434 ], [ 76.7877, 10.7398 ], [ 76.783, 10.7376 ], [ 76.784, 10.7429 ], [ 76.7772, 10.7432 ], [ 76.7768, 10.7378 ], [ 76.7804, 10.736 ], [ 76.77, 10.734 ], [ 76.7715, 10.7187 ], [ 76.7659, 10.7133 ], [ 76.7625, 10.7158 ], [ 76.7593, 10.708 ], [ 76.7467, 10.7118 ], [ 76.7462, 10.7149 ], [ 76.7344, 10.7134 ], [ 76.7348, 10.7069 ], [ 76.7264, 10.7051 ], [ 76.7253, 10.6951 ], [ 76.7189, 10.691 ], [ 76.7135, 10.699 ], [ 76.7045, 10.697 ], [ 76.704, 10.7025 ], [ 76.7003, 10.7016 ], [ 76.7027, 10.6941 ], [ 76.6975, 10.6958 ], [ 76.6903, 10.6898 ], [ 76.6957, 10.6882 ], [ 76.6951, 10.683 ], [ 76.6895, 10.6874 ], [ 76.683, 10.6837 ], [ 76.6729, 10.6856 ], [ 76.6632, 10.6927 ], [ 76.6593, 10.7012 ], [ 76.6508, 10.7033 ], [ 76.6551, 10.7156 ], [ 76.6528, 10.7267 ], [ 76.6437, 10.7277 ], [ 76.6402, 10.7252 ], [ 76.6371, 10.728 ], [ 76.6317, 10.7251 ], [ 76.6304, 10.7183 ], [ 76.6221, 10.7138 ], [ 76.6174, 10.7158 ], [ 76.619, 10.7266 ], [ 76.6151, 10.7368 ], [ 76.6054, 10.7456 ], [ 76.609, 10.7495 ], [ 76.6052, 10.7576 ], [ 76.5954, 10.7669 ], [ 76.5851, 10.7638 ], [ 76.5827, 10.7796 ], [ 76.5757, 10.7771 ], [ 76.5653, 10.7836 ], [ 76.5649, 10.7796 ], [ 76.5517, 10.7792 ], [ 76.5486, 10.7886 ], [ 76.5258, 10.7875 ], [ 76.5145, 10.7798 ], [ 76.5088, 10.7699 ], [ 76.4991, 10.7709 ], [ 76.4889, 10.7638 ], [ 76.4779, 10.7804 ], [ 76.4605, 10.7783 ], [ 76.454, 10.7824 ], [ 76.4466, 10.7964 ], [ 76.4525, 10.8124 ], [ 76.4571, 10.8112 ], [ 76.4578, 10.8143 ], [ 76.4614, 10.8102 ], [ 76.4584, 10.8227 ], [ 76.462, 10.8307 ], [ 76.4626, 10.8643 ], [ 76.4676, 10.8702 ], [ 76.4718, 10.8695 ], [ 76.482, 10.8763 ], [ 76.4843, 10.8876 ], [ 76.5066, 10.8855 ], [ 76.5209, 10.8884 ], [ 76.5214, 10.8926 ], [ 76.5271, 10.8929 ], [ 76.5327, 10.8901 ], [ 76.5339, 10.8821 ], [ 76.5499, 10.8826 ], [ 76.5568, 10.8883 ], [ 76.5643, 10.8776 ], [ 76.5675, 10.8825 ], [ 76.5681, 10.9174 ], [ 76.5712, 10.9202 ], [ 76.5971, 10.9208 ], [ 76.6062, 10.93 ], [ 76.625, 10.9247 ], [ 76.6373, 10.9301 ], [ 76.6591, 10.9305 ], [ 76.6768, 10.9181 ] ] ] } },
{ "type": "Feature", "properties": { "unit_id": "IND.17.10.2_1", "name": "Chittur", "district": "Palakkad", "did": "kerala:Palakkad", "state_key": "kerala" }, "geometry": { "type": "Polygon", "coordinates": [ [ [ 76.8701, 10.8083 ], [ 76.9007, 10.8073 ], [ 76.9075, 10.778 ], [ 76.9026, 10.7708 ], [ 76.9025, 10.7584 ], [ 76.8885, 10.7331 ], [ 76.8914, 10.7182 ], [ 76.8822, 10.7173 ], [ 76.8676, 10.6948 ], [ 76.8708, 10.6929 ], [ 76.866, 10.6853 ], [ 76.8675, 10.6791 ], [ 76.8784, 10.675 ], [ 76.8825, 10.6397 ], [ 76.8607, 10.6323 ], [ 76.8307, 10.6376 ], [ 76.8211, 10.6344 ], [ 76.8142, 10.6359 ], [ 76.815, 10.6296 ], [ 76.8101, 10.6242 ], [ 76.8183, 10.6111 ], [ 76.8173, 10.6032 ], [ 76.826, 10.5961 ], [ 76.8323, 10.5993 ], [ 76.8384, 10.5964 ], [ 76.8336, 10.5744 ], [ 76.8392, 10.5648 ], [ 76.8352, 10.5454 ], [ 76.8431, 10.5373 ], [ 76.831, 10.5 ], [ 76.8283, 10.4502 ], [ 76.8164, 10.4235 ], [ 76.8246, 10.4101 ], [ 76.8304, 10.4113 ], [ 76.8336, 10.4078 ], [ 76.834, 10.4033 ], [ 76.8237, 10.3951 ], [ 76.8439, 10.3775 ], [ 76.8488, 10.3677 ], [ 76.846, 10.3573 ], [ 76.8363, 10.346 ], [ 76.8377, 10.3378 ], [ 76.828, 10.3373 ], [ 76.816, 10.3489 ], [ 76.8057, 10.344 ], [ 76.8045, 10.3369 ], [ 76.7875, 10.3362 ], [ 76.7771, 10.342 ], [ 76.7718, 10.3342 ], [ 76.7516, 10.3384 ], [ 76.7526, 10.3476 ], [ 76.7583, 10.3487 ], [ 76.7648, 10.3563 ], [ 76.763, 10.3622 ], [ 76.755, 10.3616 ], [ 76.7491, 10.3662 ], [ 76.7178, 10.373 ], [ 76.7062, 10.3701 ], [ 76.7031, 10.3631 ], [ 76.6868, 10.3633 ], [ 76.6694, 10.3742 ], [ 76.6614, 10.3856 ], [ 76.6545, 10.3768 ], [ 76.6456, 10.3829 ], [ 76.6365, 10.3811 ], [ 76.6326, 10.3765 ], [ 76.6289, 10.3773 ], [ 76.6286, 10.3831 ], [ 76.6246, 10.3788 ], [ 76.6219, 10.38 ], [ 76.6181, 10.3903 ], [ 76.6066, 10.3997 ], [ 76.6014, 10.4182 ], [ 76.5781, 10.4435 ], [ 76.5931, 10.4578 ], [ 76.5991, 10.473 ], [ 76.5923, 10.4785 ], [ 76.5879, 10.4938 ], [ 76.5671, 10.5077 ], [ 76.5432, 10.5371 ], [ 76.5393, 10.5473 ], [ 76.541, 10.5512 ], [ 76.545, 10.551 ], [ 76.5415, 10.5541 ], [ 76.5477, 10.5612 ], [ 76.5513, 10.5762 ], [ 76.5629, 10.5832 ], [ 76.5613, 10.5864 ], [ 76.5712, 10.593 ], [ 76.5766, 10.5896 ], [ 76.5825, 10.5907 ], [ 76.5861, 10.5967 ], [ 76.611, 10.607 ], [ 76.6111, 10.6121 ], [ 76.6006, 10.6242 ], [ 76.6047, 10.6366 ], [ 76.6302, 10.6432 ], [ 76.6263, 10.6543 ], [ 76.6272, 10.665 ], [ 76.6333, 10.6676 ], [ 76.6266, 10.6744 ], [ 76.6298, 10.6874 ], [ 76.6445, 10.6938 ], [ 76.6508, 10.7033 ], [ 76.6593, 10.7012 ], [ 76.6632, 10.6927 ], [ 76.6729, 10.6856 ], [ 76.683, 10.6837 ], [ 76.6895, 10.6874 ], [ 76.6951, 10.683 ], [ 76.6957, 10.6882 ], [ 76.6903, 10.6898 ], [ 76.6975, 10.6958 ], [ 76.7027, 10.6941 ], [ 76.7003, 10.7016 ], [ 76.704, 10.7025 ], [ 76.7045, 10.697 ], [ 76.7135, 10.699 ], [ 76.7189, 10.691 ], [ 76.7253, 10.6951 ], [ 76.7264, 10.7051 ], [ 76.7348, 10.7069 ], [ 76.7344, 10.7134 ], [ 76.7462, 10.7149 ], [ 76.7467, 10.7118 ], [ 76.7593, 10.708 ], [ 76.7625, 10.7158 ], [ 76.7659, 10.7133 ], [ 76.7715, 10.7187 ], [ 76.77, 10.734 ], [ 76.7804, 10.736 ], [ 76.7768, 10.7378 ], [ 76.7772, 10.7432 ], [ 76.784, 10.7429 ], [ 76.783, 10.7376 ], [ 76.7877, 10.7398 ], [ 76.7841, 10.7434 ], [ 76.788, 10.75 ], [ 76.7846, 10.7524 ], [ 76.7885, 10.7554 ], [ 76.7982, 10.7557 ], [ 76.8024, 10.755 ], [ 76.8046, 10.7498 ], [ 76.8071, 10.761 ], [ 76.8144, 10.7587 ], [ 76.8145, 10.7636 ], [ 76.8088, 10.7647 ], [ 76.808, 10.7692 ], [ 76.8143, 10.7697 ], [ 76.8145, 10.7811 ], [ 76.8247, 10.7831 ], [ 76.8349, 10.7944 ], [ 76.8171, 10.7957 ], [ 76.826, 10.8042 ], [ 76.8235, 10.812 ], [ 76.827, 10.8142 ], [ 76.831, 10.8118 ], [ 76.8464, 10.8127 ], [ 76.8513, 10.8184 ], [ 76.8642, 10.8171 ], [ 76.8701, 10.8083 ] ] ] } },
{ "type": "Feature", "properties": { "unit_id": "IND.17.10.1_1", "name": "Alattur", "district": "Palakkad", "did": "kerala:Palakkad", "state_key": "kerala" }, "geometry": { "type": "Polygon", "coordinates": [ [ [ 76.5513, 10.7793 ], [ 76.5649, 10.7796 ], [ 76.5653, 10.7836 ], [ 76.5757, 10.7771 ], [ 76.5827, 10.7796 ], [ 76.5851, 10.7638 ], [ 76.5954, 10.7669 ], [ 76.6052, 10.7576 ], [ 76.609, 10.7495 ], [ 76.6054, 10.7456 ], [ 76.6151, 10.7368 ], [ 76.619, 10.7266 ], [ 76.6174, 10.7158 ], [ 76.6221, 10.7138 ], [ 76.6304, 10.7183 ], [ 76.6317, 10.7251 ], [ 76.6378, 10.7282 ], [ 76.6402, 10.7252 ], [ 76.6437, 10.7277 ], [ 76.6528, 10.7267 ], [ 76.6551, 10.7156 ], [ 76.6462, 10.6952 ], [ 76.6298, 10.6874 ], [ 76.6266, 10.6744 ], [ 76.6333, 10.6676 ], [ 76.6272, 10.665 ], [ 76.6263, 10.6543 ], [ 76.6302, 10.6432 ], [ 76.6181, 10.6421 ], [ 76.6033, 10.6342 ], [ 76.6015, 10.6212 ], [ 76.6111, 10.6121 ], [ 76.611, 10.607 ], [ 76.5861, 10.5967 ], [ 76.5825, 10.5907 ], [ 76.5766, 10.5896 ], [ 76.5712, 10.593 ], [ 76.5623, 10.5873 ], [ 76.5629, 10.5832 ], [ 76.5513, 10.5762 ], [ 76.5477, 10.5612 ], [ 76.5415, 10.5541 ], [ 76.545, 10.551 ], [ 76.541, 10.5512 ], [ 76.5393, 10.5473 ], [ 76.5432, 10.5371 ], [ 76.5698, 10.5048 ], [ 76.5879, 10.4938 ], [ 76.5923, 10.4785 ], [ 76.5991, 10.473 ], [ 76.5931, 10.4578 ], [ 76.5781, 10.4435 ], [ 76.5825, 10.4366 ], [ 76.567, 10.4372 ], [ 76.5586, 10.4341 ], [ 76.5574, 10.4435 ], [ 76.5363, 10.4483 ], [ 76.5231, 10.4688 ], [ 76.5061, 10.4735 ], [ 76.5, 10.4792 ], [ 76.4894, 10.4793 ], [ 76.4872, 10.4863 ], [ 76.474, 10.4871 ], [ 76.4717, 10.4965 ], [ 76.4506, 10.5217 ], [ 76.4413, 10.5227 ], [ 76.4396, 10.53 ], [ 76.4327, 10.5338 ], [ 76.439, 10.5569 ], [ 76.4349, 10.5555 ], [ 76.4297, 10.5585 ], [ 76.4203, 10.5787 ], [ 76.4085, 10.5801 ], [ 76.4012, 10.596 ], [ 76.4048, 10.6018 ], [ 76.4132, 10.5945 ], [ 76.4133, 10.6056 ], [ 76.4217, 10.606 ], [ 76.4281, 10.6135 ], [ 76.4255, 10.6275 ], [ 76.4205, 10.6291 ], [ 76.4211, 10.6225 ], [ 76.4177, 10.6276 ], [ 76.4239, 10.6438 ], [ 76.4218, 10.6472 ], [ 76.4342, 10.65 ], [ 76.442, 10.6636 ], [ 76.4487, 10.6611 ], [ 76.4513, 10.6763 ], [ 76.4401, 10.6965 ], [ 76.4515, 10.702 ], [ 76.4569, 10.6997 ], [ 76.464, 10.7211 ], [ 76.4781, 10.7304 ], [ 76.4795, 10.7348 ], [ 76.4678, 10.7403 ], [ 76.4732, 10.7489 ], [ 76.4784, 10.75 ], [ 76.4865, 10.7621 ], [ 76.4991, 10.7709 ], [ 76.5094, 10.7703 ], [ 76.5145, 10.7798 ], [ 76.5251, 10.7873 ], [ 76.5466, 10.7881 ], [ 76.5513, 10.7793 ] ] ] } },
{ "type": "Feature", "properties": { "unit_id": "IND.17.10.3_1", "name": "Mannarkkad", "district": "Palakkad", "did": "kerala:Palakkad", "state_key": "kerala" }, "geometry": { "type": "Polygon", "coordinates": [ [ [ 76.7117, 11.2317 ], [ 76.7217, 11.2249 ], [ 76.7254, 11.2258 ], [ 76.7258, 11.2187 ], [ 76.7314, 11.2156 ], [ 76.7222, 11.2036 ], [ 76.729, 11.191 ], [ 76.7236, 11.1924 ], [ 76.7184, 11.1864 ], [ 76.7103, 11.1878 ], [ 76.7066, 11.1794 ], [ 76.7002, 11.1818 ], [ 76.7008, 11.1761 ], [ 76.693, 11.1724 ], [ 76.6896, 11.1596 ], [ 76.7052, 11.1422 ], [ 76.7124, 11.1422 ], [ 76.71, 11.148 ], [ 76.7185, 11.1476 ], [ 76.7174, 11.1441 ], [ 76.7288, 11.1305 ], [ 76.735, 11.1364 ], [ 76.7396, 11.132 ], [ 76.7476, 11.1369 ], [ 76.7474, 11.1112 ], [ 76.7407, 11.1092 ], [ 76.739, 11.1039 ], [ 76.7466, 11.0925 ], [ 76.7517, 11.0932 ], [ 76.7547, 11.079 ], [ 76.7412, 11.0728 ], [ 76.7442, 11.0569 ], [ 76.7607, 11.0523 ], [ 76.769, 11.0434 ], [ 76.7782, 11.0421 ], [ 76.7878, 11.0447 ], [ 76.7985, 11.0565 ], [ 76.8009, 11.054 ], [ 76.7918, 11.0374 ], [ 76.7666, 11.0291 ], [ 76.7376, 11.0397 ], [ 76.7154, 11.041 ], [ 76.7109, 11.0387 ], [ 76.7091, 11.0329 ], [ 76.6942, 11.0216 ], [ 76.686, 10.9892 ], [ 76.6668, 10.9683 ], [ 76.6647, 10.9435 ], [ 76.6558, 10.939 ], [ 76.6591, 10.9305 ], [ 76.6373, 10.9301 ], [ 76.625, 10.9247 ], [ 76.6062, 10.93 ], [ 76.5971, 10.9208 ], [ 76.5712, 10.9202 ], [ 76.5681, 10.9174 ], [ 76.5675, 10.8825 ], [ 76.5643, 10.8776 ], [ 76.5568, 10.8883 ], [ 76.5499, 10.8826 ], [ 76.5339, 10.8821 ], [ 76.5327, 10.8901 ], [ 76.5271, 10.8929 ], [ 76.5205, 10.8915 ], [ 76.5173, 10.895 ], [ 76.5162, 10.905 ], [ 76.5113, 10.9106 ], [ 76.5036, 10.91 ], [ 76.4991, 10.913 ], [ 76.4968, 10.9106 ], [ 76.4799, 10.9151 ], [ 76.4721, 10.9402 ], [ 76.448, 10.9507 ], [ 76.4335, 10.9478 ], [ 76.4273, 10.9521 ], [ 76.4171, 10.9497 ], [ 76.4128, 10.9687 ], [ 76.3934, 10.9654 ], [ 76.387, 10.9607 ], [ 76.3778, 10.9414 ], [ 76.3722, 10.9412 ], [ 76.3691, 10.9369 ], [ 76.3681, 10.9421 ], [ 76.3544, 10.9212 ], [ 76.3404, 10.9179 ], [ 76.336, 10.9059 ], [ 76.3322, 10.9138 ], [ 76.3338, 10.9233 ], [ 76.3218, 10.9335 ], [ 76.3199, 10.942 ], [ 76.3207, 10.9539 ], [ 76.328, 10.9646 ], [ 76.3279, 10.979 ], [ 76.3326, 10.9817 ], [ 76.3371, 10.9762 ], [ 76.3586, 10.9764 ], [ 76.3612, 10.9732 ], [ 76.3711, 10.9972 ], [ 76.3537, 10.9999 ], [ 76.3514, 10.9958 ], [ 76.3347, 10.9985 ], [ 76.3242, 11.0049 ], [ 76.3281, 11.0242 ], [ 76.3117, 11.0296 ], [ 76.3068, 11.0269 ], [ 76.2984, 11.0284 ], [ 76.2884, 11.0214 ], [ 76.2843, 11.0243 ], [ 76.2891, 11.0335 ], [ 76.2841, 11.0352 ], [ 76.2926, 11.0405 ], [ 76.2946, 11.0506 ], [ 76.3091, 11.0467 ], [ 76.3106, 11.0505 ], [ 76.3189, 11.0494 ], [ 76.3205, 11.052 ], [ 76.3229, 11.0497 ], [ 76.3313, 11.0547 ], [ 76.3347, 11.0627 ], [ 76.3294, 11.0739 ], [ 76.3395, 11.0777 ], [ 76.3441, 11.088 ], [ 76.3577, 11.0933 ], [ 76.3605, 11.0979 ], [ 76.3875, 11.0987 ], [ 76.3859, 11.1115 ], [ 76.4085, 11.1185 ], [ 76.4084, 11.1317 ], [ 76.4135, 11.1427 ], [ 76.4061, 11.1537 ], [ 76.4137, 11.1709 ], [ 76.4023, 11.1876 ], [ 76.4063, 11.1933 ], [ 76.4047, 11.2096 ], [ 76.4246, 11.2093 ], [ 76.4307, 11.2029 ], [ 76.4382, 11.2041 ], [ 76.4386, 11.199 ], [ 76.4519, 11.1992 ], [ 76.4584, 11.1877 ], [ 76.4735, 11.1949 ], [ 76.4724, 11.2088 ], [ 76.5033, 11.2116 ], [ 76.5105, 11.2116 ], [ 76.5161, 11.2043 ], [ 76.5339, 11.1968 ], [ 76.6009, 11.2066 ], [ 76.6297, 11.1942 ], [ 76.6534, 11.2101 ], [ 76.6782, 11.2211 ], [ 76.6848, 11.2277 ], [ 76.6842, 11.2337 ], [ 76.6983, 11.2396 ], [ 76.7071, 11.2384 ], [ 76.7117, 11.2317 ] ] ] } },
{ "type": "Feature", "properties": { "unit_id": "IND.17.9.1_1", "name": "Nilambur", "district": "Malappuram", "did": "kerala:Malappuram", "state_key": "kerala" }, "geometry": { "type": "Polygon", "coordinates": [ [ [ 76.2523, 11.5 ], [ 76.2476, 11.4685 ], [ 76.2646, 11.4809 ], [ 76.2756, 11.4769 ], [ 76.2844, 11.4829 ], [ 76.2942, 11.4729 ], [ 76.2905, 11.4696 ], [ 76.2935, 11.4657 ], [ 76.3052, 11.4678 ], [ 76.3255, 11.4533 ], [ 76.3422, 11.4676 ], [ 76.3715, 11.4541 ], [ 76.3977, 11.435 ], [ 76.4187, 11.4418 ], [ 76.4151, 11.4226 ], [ 76.4621, 11.3875 ], [ 76.5178, 11.3716 ], [ 76.5151, 11.3597 ], [ 76.5082, 11.3541 ], [ 76.5479, 11.3589 ], [ 76.55, 11.331 ], [ 76.5373, 11.314 ], [ 76.5394, 11.3046 ], [ 76.5458, 11.3003 ], [ 76.5263, 11.2883 ], [ 76.5222, 11.2713 ], [ 76.4871, 11.2583 ], [ 76.4531, 11.2394 ], [ 76.449, 11.2055 ], [ 76.4346, 11.2019 ], [ 76.4246, 11.2093 ], [ 76.4137, 11.2111 ], [ 76.4031, 11.2077 ], [ 76.4067, 11.1991 ], [ 76.4023, 11.1876 ], [ 76.4137, 11.1709 ], [ 76.4061, 11.1537 ], [ 76.4135, 11.1427 ], [ 76.4084, 11.1317 ], [ 76.4085, 11.1185 ], [ 76.3859, 11.1115 ], [ 76.3875, 11.0987 ], [ 76.3605, 11.0979 ], [ 76.3477, 11.0884 ], [ 76.3388, 11.0933 ], [ 76.3216, 11.0926 ], [ 76.3111, 11.0765 ], [ 76.3029, 11.0821 ], [ 76.2975, 11.0936 ], [ 76.2859, 11.0963 ], [ 76.2807, 11.0912 ], [ 76.2764, 11.0923 ], [ 76.2752, 11.1062 ], [ 76.2788, 11.1098 ], [ 76.2742, 11.1254 ], [ 76.2786, 11.1261 ], [ 76.2825, 11.141 ], [ 76.2781, 11.1448 ], [ 76.2696, 11.1429 ], [ 76.2688, 11.1581 ], [ 76.2572, 11.1508 ], [ 76.2493, 11.1501 ], [ 76.2445, 11.1414 ], [ 76.2335, 11.1343 ], [ 76.2329, 11.1365 ], [ 76.2201, 11.1332 ], [ 76.2153, 11.1373 ], [ 76.1976, 11.1352 ], [ 76.1935, 11.1432 ], [ 76.1943, 11.1551 ], [ 76.2025, 11.1738 ], [ 76.1883, 11.1807 ], [ 76.1867, 11.1886 ], [ 76.1791, 11.188 ], [ 76.1653, 11.1784 ], [ 76.1595, 11.1695 ], [ 76.1557, 11.1709 ], [ 76.1529, 11.1858 ], [ 76.1603, 11.2087 ], [ 76.1731, 11.2136 ], [ 76.1764, 11.2258 ], [ 76.1662, 11.2353 ], [ 76.1602, 11.2299 ], [ 76.1561, 11.2314 ], [ 76.1518, 11.2423 ], [ 76.1475, 11.2421 ], [ 76.1432, 11.25 ], [ 76.1403, 11.2646 ], [ 76.1479, 11.2672 ], [ 76.1359, 11.2945 ], [ 76.134, 11.3087 ], [ 76.1293, 11.3131 ], [ 76.1391, 11.319 ], [ 76.1416, 11.3248 ], [ 76.1284, 11.3285 ], [ 76.122, 11.3434 ], [ 76.1157, 11.3441 ], [ 76.1176, 11.3372 ], [ 76.1044, 11.3394 ], [ 76.0921, 11.3526 ], [ 76.1021, 11.3684 ], [ 76.0975, 11.3829 ], [ 76.0994, 11.3959 ], [ 76.1065, 11.403 ], [ 76.1054, 11.4101 ], [ 76.1179, 11.4085 ], [ 76.1311, 11.427 ], [ 76.1421, 11.4198 ], [ 76.146, 11.4293 ], [ 76.14, 11.4386 ], [ 76.143, 11.4518 ], [ 76.153, 11.453 ], [ 76.1591, 11.4594 ], [ 76.1639, 11.4582 ], [ 76.1696, 11.4661 ], [ 76.1858, 11.4735 ], [ 76.1868, 11.479 ], [ 76.1817, 11.484 ], [ 76.1992, 11.5067 ], [ 76.2212, 11.5116 ], [ 76.2242, 11.5097 ], [ 76.2305, 11.5253 ], [ 76.2339, 11.5288 ], [ 76.2482, 11.5165 ], [ 76.2523, 11.5 ] ] ] } },
{ "type": "Feature", "properties": { "unit_id": "IND.17.8.1_1", "name": "Tamarasserry", "district": "Kozhikode", "did": "kerala:Kozhikode", "state_key": "kerala" }, "geometry": { "type": "MultiPolygon", "coordinates": [ [ [ [ 76.093, 11.4936 ], [ 76.087, 11.4874 ], [ 76.0923, 11.4824 ], [ 76.1058, 11.4825 ], [ 76.1117, 11.4761 ], [ 76.1229, 11.4738 ], [ 76.1257, 11.4665 ], [ 76.1428, 11.4516 ], [ 76.14, 11.4386 ], [ 76.146, 11.4293 ], [ 76.1421, 11.4198 ], [ 76.1311, 11.427 ], [ 76.1179, 11.4085 ], [ 76.1054, 11.4101 ], [ 76.1062, 11.4023 ], [ 76.0994, 11.3959 ], [ 76.0975, 11.3826 ], [ 76.1021, 11.3684 ], [ 76.0921, 11.3526 ], [ 76.0987, 11.3423 ], [ 76.1176, 11.3372 ], [ 76.1151, 11.3298 ], [ 76.1183, 11.3193 ], [ 76.1134, 11.3141 ], [ 76.107, 11.3152 ], [ 76.1036, 11.3112 ], [ 76.087, 11.31 ], [ 76.0844, 11.3045 ], [ 76.0695, 11.2941 ], [ 76.0604, 11.2985 ], [ 76.0493, 11.2972 ], [ 76.0508, 11.3093 ], [ 76.0443, 11.3202 ], [ 76.0495, 11.3223 ], [ 76.0471, 11.3319 ], [ 76.0297, 11.3362 ], [ 76.0231, 11.3346 ], [ 76.0219, 11.338 ], [ 76.0186, 11.3337 ], [ 76.0159, 11.3398 ], [ 76.0142, 11.3362 ], [ 76.0073, 11.3388 ], [ 76.0014, 11.3368 ], [ 75.9945, 11.3266 ], [ 75.9872, 11.3354 ], [ 76.0008, 11.3515 ], [ 75.9973, 11.3552 ], [ 76.0036, 11.3658 ], [ 76.0019, 11.3727 ], [ 76.0078, 11.3872 ], [ 76.0, 11.3906 ], [ 76.0002, 11.3995 ], [ 76.0041, 11.403 ], [ 75.9977, 11.4077 ], [ 76.0013, 11.4131 ], [ 75.9977, 11.416 ], [ 76.0026, 11.4177 ], [ 76.0085, 11.4398 ], [ 76.0134, 11.4446 ], [ 76.0121, 11.4474 ], [ 76.0094, 11.4449 ], [ 76.0039, 11.4472 ], [ 76.0041, 11.4662 ], [ 76.0133, 11.4645 ], [ 76.024, 11.4716 ], [ 76.0332, 11.4707 ], [ 76.0416, 11.4753 ], [ 76.0522, 11.5041 ], [ 76.0625, 11.5099 ], [ 76.0738, 11.5229 ], [ 76.0902, 11.5114 ], [ 76.093, 11.4936 ] ] ], [ [ [ 75.8536, 11.553 ], [ 75.8615, 11.539 ], [ 75.8601, 11.5501 ], [ 75.8795, 11.5374 ], [ 75.8807, 11.5431 ], [ 75.8727, 11.5503 ], [ 75.8987, 11.5467 ], [ 75.9001, 11.5526 ], [ 75.9157, 11.5551 ], [ 75.9234, 11.5465 ], [ 75.9234, 11.5389 ], [ 75.9178, 11.5342 ], [ 75.9243, 11.5085 ], [ 75.9368, 11.5018 ], [ 75.9804, 11.541 ], [ 75.9947, 11.5342 ], [ 76.0008, 11.5261 ], [ 76.0212, 11.514 ], [ 76.0171, 11.5118 ], [ 76.014, 11.5164 ], [ 76.0164, 11.5113 ], [ 76.0261, 11.5102 ], [ 76.0304, 11.5062 ], [ 76.0264, 11.5001 ], [ 76.0231, 11.5034 ], [ 76.0234, 11.4807 ], [ 76.0171, 11.4794 ], [ 76.0145, 11.4864 ], [ 76.0076, 11.484 ], [ 75.9944, 11.4695 ], [ 76.0013, 11.4339 ], [ 75.9963, 11.4275 ], [ 75.9924, 11.4317 ], [ 75.9876, 11.4296 ], [ 75.9968, 11.414 ], [ 75.9906, 11.4086 ], [ 75.9931, 11.4005 ], [ 75.986, 11.396 ], [ 75.9836, 11.3866 ], [ 75.9916, 11.3801 ], [ 75.9728, 11.3732 ], [ 75.9744, 11.3643 ], [ 75.9621, 11.3584 ], [ 75.9614, 11.3529 ], [ 75.9661, 11.3518 ], [ 75.9603, 11.3488 ], [ 75.9529, 11.3516 ], [ 75.9443, 11.3432 ], [ 75.938, 11.3443 ], [ 75.9385, 11.3471 ], [ 75.9323, 11.3463 ], [ 75.9241, 11.334 ], [ 75.9094, 11.3398 ], [ 75.8976, 11.3377 ], [ 75.894, 11.3453 ], [ 75.8973, 11.3479 ], [ 75.8879, 11.356 ], [ 75.8883, 11.3661 ], [ 75.8799, 11.3696 ], [ 75.8762, 11.3616 ], [ 75.8749, 11.3637 ], [ 75.8663, 11.3609 ], [ 75.8569, 11.3487 ], [ 75.8493, 11.3524 ], [ 75.8484, 11.3646 ], [ 75.8559, 11.3771 ], [ 75.8511, 11.3951 ], [ 75.8556, 11.399 ], [ 75.8529, 11.4018 ], [ 75.8563, 11.4067 ], [ 75.8467, 11.4149 ], [ 75.8538, 11.4195 ], [ 75.8354, 11.4298 ], [ 75.8412, 11.4421 ], [ 75.8342, 11.4461 ], [ 75.8353, 11.4525 ], [ 75.8264, 11.4537 ], [ 75.8245, 11.4571 ], [ 75.8152, 11.4562 ], [ 75.803, 11.4643 ], [ 75.8128, 11.4744 ], [ 75.8292, 11.4733 ], [ 75.8552, 11.477 ], [ 75.8538, 11.4831 ], [ 75.8579, 11.4827 ], [ 75.8602, 11.4763 ], [ 75.8627, 11.483 ], [ 75.877, 11.4748 ], [ 75.8857, 11.4906 ], [ 75.8905, 11.4862 ], [ 75.907, 11.4824 ], [ 75.9084, 11.489 ], [ 75.8839, 11.5101 ], [ 75.8778, 11.5099 ], [ 75.8625, 11.5193 ], [ 75.849, 11.5349 ], [ 75.8424, 11.5338 ], [ 75.8376, 11.5393 ], [ 75.8285, 11.5405 ], [ 75.825, 11.5514 ], [ 75.8381, 11.549 ], [ 75.84, 11.5548 ], [ 75.8429, 11.5518 ], [ 75.8474, 11.5553 ], [ 75.8496, 11.5506 ], [ 75.8536, 11.553 ] ] ] ] } },
{ "type": "Feature", "properties": { "unit_id": "IND.17.9.1_1", "name": "Ernad", "district": "Malappuram", "did": "kerala:Malappuram", "state_key": "kerala" }, "geometry": { "type": "Polygon", "coordinates": [ [ [ 76.1293, 11.3131 ], [ 76.134, 11.3087 ], [ 76.1359, 11.2945 ], [ 76.1479, 11.2672 ], [ 76.1403, 11.2646 ], [ 76.1432, 11.25 ], [ 76.1475, 11.2421 ], [ 76.1518, 11.2423 ], [ 76.1561, 11.2314 ], [ 76.1602, 11.2299 ], [ 76.1662, 11.2353 ], [ 76.1764, 11.2258 ], [ 76.1731, 11.2136 ], [ 76.1603, 11.2087 ], [ 76.1529, 11.1858 ], [ 76.1557, 11.1709 ], [ 76.1595, 11.1695 ], [ 76.1653, 11.1784 ], [ 76.1791, 11.188 ], [ 76.1867, 11.1886 ], [ 76.1883, 11.1807 ], [ 76.2025, 11.1738 ], [ 76.1943, 11.1551 ], [ 76.1935, 11.1432 ], [ 76.1976, 11.1352 ], [ 76.2153, 11.1373 ], [ 76.2201, 11.1332 ], [ 76.2329, 11.1365 ], [ 76.2335, 11.1343 ], [ 76.2445, 11.1414 ], [ 76.2493, 11.1501 ], [ 76.2572, 11.1508 ], [ 76.2688, 11.1581 ], [ 76.2696, 11.1429 ], [ 76.2781, 11.1448 ], [ 76.2825, 11.141 ], [ 76.2786, 11.1261 ], [ 76.2742, 11.1254 ], [ 76.2788, 11.1098 ], [ 76.2752, 11.1062 ], [ 76.2747, 11.0915 ], [ 76.2703, 11.0889 ], [ 76.2665, 11.0923 ], [ 76.2653, 11.088 ], [ 76.2554, 11.0819 ], [ 76.2484, 11.0868 ], [ 76.2444, 11.0832 ], [ 76.2439, 11.0868 ], [ 76.2358, 11.0863 ], [ 76.2297, 11.0796 ], [ 76.2131, 11.0901 ], [ 76.2111, 11.0871 ], [ 76.2036, 11.0876 ], [ 76.2059, 11.0766 ], [ 76.198, 11.0684 ], [ 76.1936, 11.0704 ], [ 76.1949, 11.0585 ], [ 76.1827, 11.0497 ], [ 76.174, 11.0498 ], [ 76.1632, 11.0632 ], [ 76.1481, 11.0673 ], [ 76.1393, 11.0757 ], [ 76.1293, 11.0754 ], [ 76.1229, 11.0823 ], [ 76.1272, 11.0736 ], [ 76.1185, 11.0621 ], [ 76.1158, 11.0697 ], [ 76.1086, 11.0664 ], [ 76.106, 11.0746 ], [ 76.1043, 11.0691 ], [ 76.0965, 11.069 ], [ 76.0941, 11.0658 ], [ 76.1009, 11.0556 ], [ 76.0943, 11.0461 ], [ 76.1012, 11.0293 ], [ 76.0906, 11.0315 ], [ 76.0873, 11.0369 ], [ 76.0781, 11.0376 ], [ 76.0756, 11.0274 ], [ 76.0701, 11.0314 ], [ 76.0704, 11.0398 ], [ 76.0632, 11.0377 ], [ 76.0657, 11.045 ], [ 76.0613, 11.0505 ], [ 76.0567, 11.048 ], [ 76.0548, 11.0395 ], [ 76.0471, 11.0359 ], [ 76.0412, 11.0394 ], [ 76.0451, 11.0454 ], [ 76.0377, 11.0448 ], [ 76.0348, 11.0487 ], [ 76.0407, 11.0554 ], [ 76.035, 11.0595 ], [ 76.0282, 11.053 ], [ 76.0248, 11.0573 ], [ 76.0242, 11.0531 ], [ 76.0195, 11.0534 ], [ 76.0191, 11.0464 ], [ 76.0033, 11.0419 ], [ 75.9872, 11.0438 ], [ 75.9838, 11.0529 ], [ 76.0045, 11.072 ], [ 76.0106, 11.1019 ], [ 76.0302, 11.0859 ], [ 76.0442, 11.0835 ], [ 76.0469, 11.088 ], [ 76.0398, 11.1061 ], [ 76.0314, 11.1096 ], [ 76.0328, 11.1196 ], [ 76.0291, 11.124 ], [ 76.0369, 11.1277 ], [ 76.0407, 11.1363 ], [ 76.0452, 11.135 ], [ 76.0348, 11.143 ], [ 76.0319, 11.1421 ], [ 76.0209, 11.1577 ], [ 76.0186, 11.1552 ], [ 76.0167, 11.1588 ], [ 76.0206, 11.173 ], [ 76.0305, 11.1672 ], [ 76.0372, 11.1729 ], [ 76.0396, 11.1884 ], [ 76.0346, 11.2013 ], [ 76.0268, 11.203 ], [ 76.017, 11.211 ], [ 76.0249, 11.2223 ], [ 76.0102, 11.2296 ], [ 76.0192, 11.2369 ], [ 76.0117, 11.2385 ], [ 76.0, 11.2485 ], [ 75.993, 11.2443 ], [ 75.9955, 11.2541 ], [ 76.0, 11.2588 ], [ 76.0092, 11.2597 ], [ 76.0137, 11.268 ], [ 76.0362, 11.268 ], [ 76.0452, 11.2648 ], [ 76.0578, 11.275 ], [ 76.0612, 11.2824 ], [ 76.0716, 11.2864 ], [ 76.0695, 11.2941 ], [ 76.0844, 11.3045 ], [ 76.0835, 11.3074 ], [ 76.092, 11.3114 ], [ 76.1036, 11.3112 ], [ 76.107, 11.3152 ], [ 76.1134, 11.3141 ], [ 76.1191, 11.3224 ], [ 76.1151, 11.3298 ], [ 76.1157, 11.3441 ], [ 76.122, 11.3434 ], [ 76.1284, 11.3285 ], [ 76.1416, 11.3248 ], [ 76.1391, 11.319 ], [ 76.1293, 11.3131 ] ] ] } },
{ "type": "Feature", "properties": { "unit_id": "IND.17.9.1_1", "name": "Kondotty", "district": "Malappuram", "did": "kerala:Malappuram", "state_key": "kerala" }, "geometry": { "type": "Polygon", "coordinates": [ [ [ 75.993, 11.2443 ], [ 76.0, 11.2485 ], [ 76.0117, 11.2385 ], [ 76.0192, 11.2369 ], [ 76.0102, 11.2296 ], [ 76.0249, 11.2223 ], [ 76.017, 11.211 ], [ 76.0268, 11.203 ], [ 76.0346, 11.2013 ], [ 76.0396, 11.1884 ], [ 76.0372, 11.1729 ], [ 76.0305, 11.1672 ], [ 76.0206, 11.173 ], [ 76.0167, 11.1588 ], [ 76.0186, 11.1552 ], [ 76.0209, 11.1577 ], [ 76.0319, 11.1421 ], [ 76.0348, 11.143 ], [ 76.0452, 11.135 ], [ 76.0407, 11.1363 ], [ 76.0369, 11.1277 ], [ 76.0291, 11.124 ], [ 76.0328, 11.1196 ], [ 76.0317, 11.109 ], [ 76.035, 11.1068 ], [ 76.0356, 11.1091 ], [ 76.0434, 11.1011 ], [ 76.0469, 11.088 ], [ 76.0442, 11.0835 ], [ 76.0247, 11.0886 ], [ 76.0127, 11.1031 ], [ 76.0079, 11.098 ], [ 75.9922, 11.1098 ], [ 75.976, 11.1137 ], [ 75.975, 11.1112 ], [ 75.9631, 11.118 ], [ 75.9609, 11.1127 ], [ 75.9469, 11.1172 ], [ 75.9436, 11.1151 ], [ 75.9315, 11.1175 ], [ 75.9316, 11.1328 ], [ 75.918, 11.1138 ], [ 75.899, 11.1278 ], [ 75.8987, 11.1319 ], [ 75.8908, 11.1348 ], [ 75.8883, 11.1421 ], [ 75.8768, 11.1403 ], [ 75.8744, 11.1344 ], [ 75.8663, 11.1298 ], [ 75.8522, 11.1534 ], [ 75.8596, 11.1586 ], [ 75.865, 11.1714 ], [ 75.8705, 11.1724 ], [ 75.8779, 11.1663 ], [ 75.8818, 11.1721 ], [ 75.8877, 11.172 ], [ 75.8849, 11.1849 ], [ 75.8759, 11.1824 ], [ 75.872, 11.1877 ], [ 75.865, 11.1879 ], [ 75.8571, 11.194 ], [ 75.8603, 11.1987 ], [ 75.8556, 11.2016 ], [ 75.8577, 11.2079 ], [ 75.8607, 11.2046 ], [ 75.8697, 11.2075 ], [ 75.8778, 11.2231 ], [ 75.8972, 11.23 ], [ 75.9006, 11.2425 ], [ 75.9181, 11.2364 ], [ 75.927, 11.246 ], [ 75.958, 11.2524 ], [ 75.9748, 11.2692 ], [ 75.9955, 11.2541 ], [ 75.993, 11.2443 ] ] ] } },
{ "type": "Feature", "properties": { "unit_id": "IND.17.9.2_1", "name": "Perintalmanna", "district": "Malappuram", "did": "kerala:Malappuram", "state_key": "kerala" }, "geometry": { "type": "Polygon", "coordinates": [ [ [ 76.3084, 11.0768 ], [ 76.3149, 11.079 ], [ 76.3151, 11.086 ], [ 76.3183, 11.0846 ], [ 76.3216, 11.0926 ], [ 76.3388, 11.0933 ], [ 76.3462, 11.0886 ], [ 76.3395, 11.0777 ], [ 76.3294, 11.0739 ], [ 76.3347, 11.0627 ], [ 76.3313, 11.0547 ], [ 76.3229, 11.0497 ], [ 76.3205, 11.052 ], [ 76.3189, 11.0494 ], [ 76.3106, 11.0505 ], [ 76.3091, 11.0467 ], [ 76.2946, 11.0506 ], [ 76.2926, 11.0405 ], [ 76.2841, 11.0352 ], [ 76.2891, 11.033 ], [ 76.2843, 11.0243 ], [ 76.2884, 11.0214 ], [ 76.2984, 11.0284 ], [ 76.3179, 11.0293 ], [ 76.3281, 11.0241 ], [ 76.3238, 11.0123 ], [ 76.3254, 11.0036 ], [ 76.3347, 10.9985 ], [ 76.3514, 10.9958 ], [ 76.3537, 10.9999 ], [ 76.3711, 10.9972 ], [ 76.3612, 10.9732 ], [ 76.3586, 10.9764 ], [ 76.3371, 10.9762 ], [ 76.3326, 10.9817 ], [ 76.3279, 10.979 ], [ 76.328, 10.9646 ], [ 76.3207, 10.9539 ], [ 76.3199, 10.942 ], [ 76.3218, 10.9335 ], [ 76.3338, 10.9233 ], [ 76.3322, 10.9138 ], [ 76.336, 10.9059 ], [ 76.3232, 10.9055 ], [ 76.3189, 10.912 ], [ 76.3055, 10.9112 ], [ 76.2964, 10.9199 ], [ 76.2858, 10.9135 ], [ 76.2688, 10.9155 ], [ 76.2505, 10.8855 ], [ 76.2302, 10.8871 ], [ 76.2155, 10.9149 ], [ 76.2046, 10.8977 ], [ 76.1891, 10.8983 ], [ 76.1891, 10.9099 ], [ 76.1743, 10.9058 ], [ 76.1699, 10.9152 ], [ 76.1603, 10.9112 ], [ 76.1581, 10.9002 ], [ 76.1499, 10.8899 ], [ 76.1445, 10.8897 ], [ 76.1345, 10.8969 ], [ 76.1246, 10.8972 ], [ 76.1172, 10.9063 ], [ 76.1152, 10.9276 ], [ 76.1195, 10.928 ], [ 76.1209, 10.9385 ], [ 76.1174, 10.9432 ], [ 76.106, 10.9435 ], [ 76.1031, 10.9405 ], [ 76.0841, 10.9559 ], [ 76.0771, 10.9545 ], [ 76.076, 10.9575 ], [ 76.0682, 10.9587 ], [ 76.0711, 10.9678 ], [ 76.0791, 10.9704 ], [ 76.0812, 10.9764 ], [ 76.0842, 10.9752 ], [ 76.0919, 10.9984 ], [ 76.0808, 11.0008 ], [ 76.0656, 10.9982 ], [ 76.0566, 11.0053 ], [ 76.0566, 11.015 ], [ 76.0464, 11.03 ], [ 76.0471, 11.0359 ], [ 76.0548, 11.0395 ], [ 76.057, 11.0485 ], [ 76.0607, 11.0506 ], [ 76.0641, 11.048 ], [ 76.0632, 11.0377 ], [ 76.0704, 11.0398 ], [ 76.0701, 11.0314 ], [ 76.0756, 11.0274 ], [ 76.0781, 11.0376 ], [ 76.0873, 11.0369 ], [ 76.0906, 11.0315 ], [ 76.1012, 11.0293 ], [ 76.0943, 11.0461 ], [ 76.1009, 11.0556 ], [ 76.0941, 11.0658 ], [ 76.0965, 11.069 ], [ 76.1043, 11.0691 ], [ 76.106, 11.0746 ], [ 76.1086, 11.0664 ], [ 76.1158, 11.0697 ], [ 76.1185, 11.0621 ], [ 76.1272, 11.0736 ], [ 76.1229, 11.0823 ], [ 76.1293, 11.0754 ], [ 76.1393, 11.0757 ], [ 76.1481, 11.0673 ], [ 76.1632, 11.0632 ], [ 76.174, 11.0498 ], [ 76.1827, 11.0497 ], [ 76.1949, 11.0585 ], [ 76.1936, 11.0704 ], [ 76.198, 11.0684 ], [ 76.2059, 11.0766 ], [ 76.2036, 11.0876 ], [ 76.2111, 11.0871 ], [ 76.2131, 11.0901 ], [ 76.2288, 11.0796 ], [ 76.2358, 11.0863 ], [ 76.2439, 11.0868 ], [ 76.2444, 11.0832 ], [ 76.2484, 11.0868 ], [ 76.2554, 11.0819 ], [ 76.2653, 11.088 ], [ 76.2665, 11.0923 ], [ 76.2706, 11.0889 ], [ 76.2743, 11.0949 ], [ 76.2802, 11.091 ], [ 76.2818, 11.0954 ], [ 76.2975, 11.0936 ], [ 76.3084, 11.0768 ] ] ] } },
{ "type": "Feature", "properties": { "unit_id": "IND.17.10.4_1", "name": "Ottappalam", "district": "Palakkad", "did": "kerala:Palakkad", "state_key": "kerala" }, "geometry": { "type": "Polygon", "coordinates": [ [ [ 76.4171, 10.9497 ], [ 76.4273, 10.9521 ], [ 76.4335, 10.9478 ], [ 76.448, 10.9507 ], [ 76.4729, 10.9398 ], [ 76.4799, 10.9151 ], [ 76.4968, 10.9106 ], [ 76.4991, 10.913 ], [ 76.5036, 10.91 ], [ 76.5113, 10.9106 ], [ 76.5219, 10.8906 ], [ 76.5066, 10.8855 ], [ 76.4843, 10.8876 ], [ 76.482, 10.8763 ], [ 76.4718, 10.8695 ], [ 76.4676, 10.8702 ], [ 76.4611, 10.8603 ], [ 76.462, 10.8307 ], [ 76.4584, 10.8227 ], [ 76.4614, 10.8102 ], [ 76.4578, 10.8143 ], [ 76.4571, 10.8112 ], [ 76.4525, 10.8124 ], [ 76.4466, 10.7964 ], [ 76.4504, 10.7938 ], [ 76.4501, 10.7863 ], [ 76.4535, 10.7879 ], [ 76.454, 10.7824 ], [ 76.4605, 10.7783 ], [ 76.4779, 10.7804 ], [ 76.4889, 10.7638 ], [ 76.4784, 10.75 ], [ 76.4741, 10.7483 ], [ 76.4677, 10.7529 ], [ 76.397, 10.7463 ], [ 76.3884, 10.7651 ], [ 76.383, 10.7677 ], [ 76.3649, 10.763 ], [ 76.354, 10.7431 ], [ 76.3399, 10.7491 ], [ 76.326, 10.7453 ], [ 76.2894, 10.7554 ], [ 76.2811, 10.7522 ], [ 76.2654, 10.753 ], [ 76.253, 10.7467 ], [ 76.2474, 10.7481 ], [ 76.2443, 10.7713 ], [ 76.2521, 10.7776 ], [ 76.2545, 10.7761 ], [ 76.2546, 10.7801 ], [ 76.2663, 10.7812 ], [ 76.2603, 10.7906 ], [ 76.2617, 10.7948 ], [ 76.253, 10.8036 ], [ 76.2568, 10.8085 ], [ 76.2509, 10.8137 ], [ 76.2539, 10.8152 ], [ 76.2589, 10.8115 ], [ 76.2761, 10.8273 ], [ 76.2675, 10.8335 ], [ 76.2699, 10.8373 ], [ 76.2655, 10.8501 ], [ 76.2555, 10.8513 ], [ 76.2522, 10.8577 ], [ 76.2545, 10.8746 ], [ 76.2655, 10.8763 ], [ 76.2541, 10.8891 ], [ 76.2664, 10.9138 ], [ 76.279, 10.9163 ], [ 76.2858, 10.9135 ], [ 76.2964, 10.9199 ], [ 76.3055, 10.9112 ], [ 76.3189, 10.912 ], [ 76.3215, 10.9061 ], [ 76.3342, 10.9047 ], [ 76.3386, 10.9076 ], [ 76.3404, 10.9179 ], [ 76.3544, 10.9212 ], [ 76.3681, 10.9421 ], [ 76.3691, 10.9369 ], [ 76.3722, 10.9412 ], [ 76.3778, 10.9414 ], [ 76.387, 10.9607 ], [ 76.3998, 10.967 ], [ 76.4142, 10.9673 ], [ 76.4171, 10.9497 ] ] ] } },
{ "type": "Feature", "properties": { "unit_id": "IND.17.13.5_1", "name": "Talappalli", "district": "Trissur", "did": "kerala:Trissur", "state_key": "kerala" }, "geometry": { "type": "Polygon", "coordinates": [ [ [ 76.2206, 10.7819 ], [ 76.2305, 10.7725 ], [ 76.2428, 10.7732 ], [ 76.2473, 10.7614 ], [ 76.2452, 10.75 ], [ 76.2521, 10.7468 ], [ 76.2654, 10.753 ], [ 76.2811, 10.7522 ], [ 76.2894, 10.7554 ], [ 76.326, 10.7453 ], [ 76.3399, 10.7491 ], [ 76.354, 10.7431 ], [ 76.3649, 10.763 ], [ 76.383, 10.7677 ], [ 76.3884, 10.7651 ], [ 76.397, 10.7463 ], [ 76.4673, 10.7528 ], [ 76.4723, 10.7498 ], [ 76.4678, 10.7403 ], [ 76.4794, 10.7325 ], [ 76.464, 10.7211 ], [ 76.4569, 10.6997 ], [ 76.4515, 10.702 ], [ 76.4401, 10.6965 ], [ 76.4478, 10.6865 ], [ 76.451, 10.6658 ], [ 76.4487, 10.6611 ], [ 76.4415, 10.6632 ], [ 76.4342, 10.65 ], [ 76.4218, 10.6472 ], [ 76.4239, 10.6438 ], [ 76.4177, 10.6276 ], [ 76.4211, 10.6225 ], [ 76.4205, 10.6291 ], [ 76.4255, 10.6275 ], [ 76.4284, 10.6143 ], [ 76.4217, 10.606 ], [ 76.4133, 10.6056 ], [ 76.4132, 10.5945 ], [ 76.4048, 10.6018 ], [ 76.4012, 10.596 ], [ 76.403, 10.5907 ], [ 76.3869, 10.6024 ], [ 76.3835, 10.5982 ], [ 76.376, 10.604 ], [ 76.3795, 10.6082 ], [ 76.3755, 10.6076 ], [ 76.368, 10.6167 ], [ 76.3574, 10.6206 ], [ 76.3494, 10.618 ], [ 76.3416, 10.6201 ], [ 76.3359, 10.6086 ], [ 76.3333, 10.6099 ], [ 76.3275, 10.6019 ], [ 76.3138, 10.6006 ], [ 76.3057, 10.5958 ], [ 76.2906, 10.5988 ], [ 76.2854, 10.6029 ], [ 76.2716, 10.5992 ], [ 76.2709, 10.5945 ], [ 76.2656, 10.6014 ], [ 76.2618, 10.6002 ], [ 76.2525, 10.6153 ], [ 76.2429, 10.6079 ], [ 76.2361, 10.6095 ], [ 76.2282, 10.6038 ], [ 76.2215, 10.6078 ], [ 76.2194, 10.6141 ], [ 76.1925, 10.6175 ], [ 76.189, 10.6187 ], [ 76.1891, 10.627 ], [ 76.1768, 10.6273 ], [ 76.1847, 10.6486 ], [ 76.18, 10.653 ], [ 76.1843, 10.6663 ], [ 76.1833, 10.6834 ], [ 76.1932, 10.6948 ], [ 76.1909, 10.7042 ], [ 76.1834, 10.7098 ], [ 76.1741, 10.7065 ], [ 76.1707, 10.7009 ], [ 76.1678, 10.7072 ], [ 76.1648, 10.703 ], [ 76.1613, 10.7069 ], [ 76.1718, 10.7135 ], [ 76.1924, 10.7507 ], [ 76.2026, 10.752 ], [ 76.2054, 10.7686 ], [ 76.1882, 10.7799 ], [ 76.1879, 10.7827 ], [ 76.2086, 10.7777 ], [ 76.2206, 10.7819 ] ] ] } },
{ "type": "Feature", "properties": { "unit_id": "IND.17.13.5_1", "name": "Kunnamkulam", "district": "Trissur", "did": "kerala:Trissur", "state_key": "kerala" }, "geometry": { "type": "Polygon", "coordinates": [ [ [ 76.0964, 10.7283 ], [ 76.1226, 10.7104 ], [ 76.1329, 10.7224 ], [ 76.1361, 10.7196 ], [ 76.1448, 10.7198 ], [ 76.1538, 10.7116 ], [ 76.1569, 10.718 ], [ 76.1624, 10.7042 ], [ 76.1648, 10.703 ], [ 76.1678, 10.7072 ], [ 76.1707, 10.7009 ], [ 76.1741, 10.7065 ], [ 76.1834, 10.7098 ], [ 76.1909, 10.7042 ], [ 76.1932, 10.6948 ], [ 76.1833, 10.6834 ], [ 76.1843, 10.6663 ], [ 76.18, 10.653 ], [ 76.1847, 10.6486 ], [ 76.1809, 10.6422 ], [ 76.182, 10.6344 ], [ 76.1726, 10.6291 ], [ 76.1756, 10.6178 ], [ 76.1667, 10.617 ], [ 76.1652, 10.6116 ], [ 76.1589, 10.6118 ], [ 76.1597, 10.6184 ], [ 76.1546, 10.6226 ], [ 76.1402, 10.6216 ], [ 76.1313, 10.6086 ], [ 76.1268, 10.6081 ], [ 76.126, 10.6111 ], [ 76.1236, 10.6078 ], [ 76.1159, 10.6071 ], [ 76.1229, 10.6029 ], [ 76.1145, 10.5963 ], [ 76.1123, 10.5888 ], [ 76.0996, 10.5932 ], [ 76.088, 10.5883 ], [ 76.0841, 10.5807 ], [ 76.0791, 10.5814 ], [ 76.0765, 10.5778 ], [ 76.07, 10.6003 ], [ 76.0641, 10.6011 ], [ 76.0563, 10.6189 ], [ 76.0531, 10.618 ], [ 76.0492, 10.6265 ], [ 76.0418, 10.6268 ], [ 76.0366, 10.6349 ], [ 76.0286, 10.6523 ], [ 76.0277, 10.6612 ], [ 76.0337, 10.6638 ], [ 76.0331, 10.6674 ], [ 76.023, 10.6828 ], [ 76.0073, 10.6896 ], [ 76.0199, 10.6973 ], [ 76.0343, 10.7006 ], [ 76.037, 10.7074 ], [ 76.0516, 10.7044 ], [ 76.0611, 10.7197 ], [ 76.0593, 10.7276 ], [ 76.067, 10.7235 ], [ 76.0656, 10.7293 ], [ 76.0826, 10.7262 ], [ 76.0964, 10.7283 ] ] ] } },
{ "type": "Feature", "properties": { "unit_id": "IND.17.9.3_1", "name": "Ponnani", "district": "Malappuram", "did": "kerala:Malappuram", "state_key": "kerala" }, "geometry": { "type": "Polygon", "coordinates": [ [ [ 76.0272, 10.8221 ], [ 76.0367, 10.8158 ], [ 76.035, 10.8086 ], [ 76.0402, 10.8035 ], [ 76.046, 10.8036 ], [ 76.0456, 10.8001 ], [ 76.05, 10.8009 ], [ 76.0491, 10.797 ], [ 76.0427, 10.796 ], [ 76.0397, 10.7558 ], [ 76.0472, 10.7517 ], [ 76.0448, 10.7469 ], [ 76.0489, 10.7409 ], [ 76.0638, 10.7435 ], [ 76.069, 10.7377 ], [ 76.067, 10.7235 ], [ 76.0593, 10.7276 ], [ 76.0611, 10.7197 ], [ 76.0516, 10.7044 ], [ 76.037, 10.7074 ], [ 76.0343, 10.7006 ], [ 76.0199, 10.6973 ], [ 76.0122, 10.6905 ], [ 76.0073, 10.6896 ], [ 76.0012, 10.6943 ], [ 75.9863, 10.691 ], [ 75.9829, 10.6869 ], [ 75.9773, 10.6959 ], [ 75.9771, 10.6918 ], [ 75.9705, 10.6911 ], [ 75.967, 10.6941 ], [ 75.9562, 10.6854 ], [ 75.913, 10.7851 ], [ 75.9334, 10.7934 ], [ 75.9512, 10.8061 ], [ 75.9595, 10.8185 ], [ 75.9622, 10.8452 ], [ 75.9819, 10.8601 ], [ 76.0, 10.8638 ], [ 76.0143, 10.8601 ], [ 76.0212, 10.853 ], [ 76.0241, 10.8359 ], [ 76.032, 10.8316 ], [ 76.0328, 10.8271 ], [ 76.0272, 10.8221 ] ] ] } },
{ "type": "Feature", "properties": { "unit_id": "IND.17.10.4_1", "name": "Pattambi", "district": "Palakkad", "did": "kerala:Palakkad", "state_key": "kerala" }, "geometry": { "type": "Polygon", "coordinates": [ [ [ 76.1886, 10.9102 ], [ 76.1884, 10.8987 ], [ 76.2046, 10.8977 ], [ 76.2158, 10.9148 ], [ 76.2302, 10.8871 ], [ 76.2505, 10.8855 ], [ 76.2541, 10.8891 ], [ 76.2655, 10.8763 ], [ 76.2545, 10.8746 ], [ 76.2523, 10.8571 ], [ 76.2555, 10.8513 ], [ 76.2655, 10.8501 ], [ 76.2699, 10.8373 ], [ 76.2675, 10.8335 ], [ 76.2761, 10.8273 ], [ 76.2589, 10.8115 ], [ 76.2539, 10.8152 ], [ 76.2509, 10.8137 ], [ 76.2568, 10.8085 ], [ 76.253, 10.8036 ], [ 76.2617, 10.7948 ], [ 76.2656, 10.7802 ], [ 76.2546, 10.7801 ], [ 76.2545, 10.7761 ], [ 76.2521, 10.7776 ], [ 76.2443, 10.7713 ], [ 76.2417, 10.7736 ], [ 76.2295, 10.7729 ], [ 76.2206, 10.7819 ], [ 76.2086, 10.7777 ], [ 76.1879, 10.7827 ], [ 76.1914, 10.7769 ], [ 76.1944, 10.7777 ], [ 76.2054, 10.7686 ], [ 76.2026, 10.752 ], [ 76.1918, 10.7501 ], [ 76.1718, 10.7135 ], [ 76.1653, 10.7114 ], [ 76.1627, 10.706 ], [ 76.1569, 10.718 ], [ 76.1538, 10.7116 ], [ 76.1448, 10.7198 ], [ 76.1361, 10.7196 ], [ 76.1329, 10.7224 ], [ 76.1226, 10.7104 ], [ 76.0964, 10.7283 ], [ 76.0826, 10.7262 ], [ 76.0696, 10.7296 ], [ 76.0693, 10.7373 ], [ 76.0638, 10.7435 ], [ 76.0541, 10.7399 ], [ 76.0466, 10.7423 ], [ 76.0475, 10.7507 ], [ 76.0397, 10.7558 ], [ 76.0392, 10.7673 ], [ 76.0427, 10.796 ], [ 76.0491, 10.797 ], [ 76.05, 10.8009 ], [ 76.0459, 10.8 ], [ 76.046, 10.8036 ], [ 76.0382, 10.805 ], [ 76.0349, 10.809 ], [ 76.0367, 10.8158 ], [ 76.0272, 10.8224 ], [ 76.034, 10.8275 ], [ 76.032, 10.8316 ], [ 76.0438, 10.8486 ], [ 76.0692, 10.8381 ], [ 76.0991, 10.8428 ], [ 76.1028, 10.8474 ], [ 76.103, 10.8713 ], [ 76.1121, 10.8667 ], [ 76.1158, 10.8821 ], [ 76.1312, 10.8788 ], [ 76.1308, 10.8965 ], [ 76.1479, 10.8895 ], [ 76.1581, 10.9002 ], [ 76.1619, 10.9124 ], [ 76.1711, 10.9148 ], [ 76.1743, 10.9058 ], [ 76.1886, 10.9102 ] ] ] } },
{ "type": "Feature", "properties": { "unit_id": "IND.17.9.4_1", "name": "Tirur", "district": "Malappuram", "did": "kerala:Malappuram", "state_key": "kerala" }, "geometry": { "type": "Polygon", "coordinates": [ [ [ 76.0527, 11.0237 ], [ 76.0566, 11.015 ], [ 76.0544, 11.0101 ], [ 76.0623, 10.9989 ], [ 76.0808, 11.0008 ], [ 76.0919, 10.9984 ], [ 76.0842, 10.9752 ], [ 76.0812, 10.9764 ], [ 76.0791, 10.9704 ], [ 76.0711, 10.9678 ], [ 76.0682, 10.9587 ], [ 76.076, 10.9575 ], [ 76.0771, 10.9545 ], [ 76.0841, 10.9559 ], [ 76.1031, 10.9405 ], [ 76.106, 10.9435 ], [ 76.1174, 10.9432 ], [ 76.1203, 10.9397 ], [ 76.1195, 10.928 ], [ 76.1152, 10.9276 ], [ 76.1172, 10.9063 ], [ 76.1246, 10.8972 ], [ 76.1308, 10.8965 ], [ 76.1312, 10.8788 ], [ 76.1158, 10.8821 ], [ 76.1121, 10.8667 ], [ 76.103, 10.8713 ], [ 76.1028, 10.8474 ], [ 76.0982, 10.8424 ], [ 76.0692, 10.8381 ], [ 76.0597, 10.8399 ], [ 76.0446, 10.8488 ], [ 76.032, 10.8316 ], [ 76.0241, 10.8359 ], [ 76.0212, 10.853 ], [ 76.0143, 10.8601 ], [ 76.0, 10.8638 ], [ 75.9819, 10.8601 ], [ 75.9622, 10.8452 ], [ 75.9595, 10.8185 ], [ 75.9512, 10.8061 ], [ 75.9334, 10.7934 ], [ 75.9112, 10.7846 ], [ 75.8575, 11.0197 ], [ 75.8621, 11.0221 ], [ 75.8722, 11.019 ], [ 75.8897, 11.0224 ], [ 75.9005, 10.9833 ], [ 75.9063, 10.9809 ], [ 75.9101, 10.9812 ], [ 75.9259, 10.9988 ], [ 75.9363, 10.988 ], [ 75.9425, 10.9864 ], [ 75.9467, 10.9905 ], [ 75.943, 10.9962 ], [ 75.946, 11.0002 ], [ 75.9577, 11.0002 ], [ 75.964, 10.9955 ], [ 75.972, 11.004 ], [ 75.9815, 10.9794 ], [ 75.9806, 10.9719 ], [ 76.0097, 10.9692 ], [ 76.004, 10.9779 ], [ 75.9966, 10.979 ], [ 75.9912, 10.9978 ], [ 75.987, 10.9972 ], [ 75.9867, 11.0 ], [ 75.9907, 11.0027 ], [ 75.9962, 11.0012 ], [ 76.0018, 11.0061 ], [ 76.0227, 10.9935 ], [ 76.0226, 10.9994 ], [ 76.0301, 11.0071 ], [ 76.0385, 11.0045 ], [ 76.0368, 11.0089 ], [ 76.0313, 11.0093 ], [ 76.0358, 11.0173 ], [ 76.0289, 11.0231 ], [ 76.0373, 11.0393 ], [ 76.0411, 11.0402 ], [ 76.0471, 11.0359 ], [ 76.0465, 11.0293 ], [ 76.0527, 11.0237 ] ] ] } },
{ "type": "Feature", "properties": { "unit_id": "IND.17.9.4_1", "name": "Tirurangadi", "district": "Malappuram", "did": "kerala:Malappuram", "state_key": "kerala" }, "geometry": { "type": "Polygon", "coordinates": [ [ [ 75.8744, 11.1344 ], [ 75.8768, 11.1403 ], [ 75.8891, 11.1418 ], [ 75.8898, 11.1359 ], [ 75.8987, 11.1319 ], [ 75.899, 11.1278 ], [ 75.918, 11.1138 ], [ 75.9316, 11.1328 ], [ 75.9315, 11.1175 ], [ 75.9436, 11.1151 ], [ 75.9469, 11.1172 ], [ 75.9609, 11.1127 ], [ 75.9631, 11.118 ], [ 75.975, 11.1112 ], [ 75.976, 11.1137 ], [ 75.9922, 11.1098 ], [ 76.0079, 11.098 ], [ 76.0103, 11.0931 ], [ 76.0045, 11.072 ], [ 75.9838, 11.0529 ], [ 75.9872, 11.0438 ], [ 76.0033, 11.0419 ], [ 76.0191, 11.0464 ], [ 76.0195, 11.0534 ], [ 76.0242, 11.0531 ], [ 76.0248, 11.0573 ], [ 76.0282, 11.053 ], [ 76.0343, 11.0595 ], [ 76.0407, 11.0554 ], [ 76.0346, 11.0497 ], [ 76.0364, 11.046 ], [ 76.0455, 11.0446 ], [ 76.0373, 11.0393 ], [ 76.0289, 11.0231 ], [ 76.0351, 11.0193 ], [ 76.0313, 11.0093 ], [ 76.0378, 11.0082 ], [ 76.0377, 11.0033 ], [ 76.0301, 11.0071 ], [ 76.0226, 10.9994 ], [ 76.0227, 10.9935 ], [ 76.0018, 11.0061 ], [ 75.9962, 11.0012 ], [ 75.9907, 11.0027 ], [ 75.9867, 11.0 ], [ 75.987, 10.9972 ], [ 75.9912, 10.9978 ], [ 75.9966, 10.979 ], [ 76.004, 10.9779 ], [ 76.0097, 10.9692 ], [ 75.9806, 10.9719 ], [ 75.9815, 10.9794 ], [ 75.972, 11.004 ], [ 75.964, 10.9955 ], [ 75.9577, 11.0002 ], [ 75.946, 11.0002 ], [ 75.943, 10.9962 ], [ 75.9467, 10.9905 ], [ 75.9425, 10.9864 ], [ 75.9363, 10.988 ], [ 75.9259, 10.9988 ], [ 75.9101, 10.9812 ], [ 75.9063, 10.9809 ], [ 75.9005, 10.9833 ], [ 75.8897, 11.0224 ], [ 75.8722, 11.019 ], [ 75.8621, 11.0221 ], [ 75.8575, 11.0197 ], [ 75.8467, 11.0629 ], [ 75.8251, 11.1229 ], [ 75.8461, 11.1429 ], [ 75.8572, 11.1379 ], [ 75.8587, 11.1439 ], [ 75.8663, 11.1298 ], [ 75.8744, 11.1344 ] ] ] } },
{ "type": "Feature", "properties": { "unit_id": "IND.17.8.1_1", "name": "Kozhikode", "district": "Kozhikode", "did": "kerala:Kozhikode", "state_key": "kerala" }, "geometry": { "type": "Polygon", "coordinates": [ [ [ 75.8412, 11.4421 ], [ 75.8354, 11.4298 ], [ 75.8538, 11.4195 ], [ 75.8466, 11.4138 ], [ 75.8563, 11.4067 ], [ 75.851, 11.3943 ], [ 75.8559, 11.3771 ], [ 75.8476, 11.3612 ], [ 75.8522, 11.3496 ], [ 75.8605, 11.3512 ], [ 75.8663, 11.3609 ], [ 75.8749, 11.3637 ], [ 75.8762, 11.3616 ], [ 75.8799, 11.3696 ], [ 75.8883, 11.3661 ], [ 75.8879, 11.356 ], [ 75.8973, 11.3479 ], [ 75.894, 11.3453 ], [ 75.8976, 11.3377 ], [ 75.9094, 11.3398 ], [ 75.9241, 11.334 ], [ 75.9323, 11.3463 ], [ 75.9385, 11.3471 ], [ 75.938, 11.3443 ], [ 75.9443, 11.3432 ], [ 75.9529, 11.3516 ], [ 75.9603, 11.3488 ], [ 75.9661, 11.3518 ], [ 75.9614, 11.3529 ], [ 75.9621, 11.3584 ], [ 75.9744, 11.3643 ], [ 75.9728, 11.3732 ], [ 75.9961, 11.3816 ], [ 76.0032, 11.3775 ], [ 76.0038, 11.3664 ], [ 75.9973, 11.3552 ], [ 76.0002, 11.3502 ], [ 75.9876, 11.337 ], [ 75.9885, 11.3304 ], [ 75.9945, 11.3266 ], [ 76.0014, 11.3368 ], [ 76.0073, 11.3388 ], [ 76.0142, 11.3362 ], [ 76.0159, 11.3398 ], [ 76.0186, 11.3337 ], [ 76.0219, 11.338 ], [ 76.0231, 11.3346 ], [ 76.0297, 11.3362 ], [ 76.0471, 11.3319 ], [ 76.0495, 11.3223 ], [ 76.0443, 11.3202 ], [ 76.0508, 11.3093 ], [ 76.0493, 11.2972 ], [ 76.0624, 11.2978 ], [ 76.0705, 11.293 ], [ 76.0726, 11.2876 ], [ 76.0612, 11.2824 ], [ 76.0578, 11.275 ], [ 76.0452, 11.2648 ], [ 76.0362, 11.268 ], [ 76.0137, 11.268 ], [ 76.0092, 11.2597 ], [ 76.0, 11.2588 ], [ 75.9955, 11.2541 ], [ 75.9748, 11.2692 ], [ 75.958, 11.2524 ], [ 75.927, 11.246 ], [ 75.9181, 11.2364 ], [ 75.9006, 11.2425 ], [ 75.8972, 11.23 ], [ 75.8778, 11.2231 ], [ 75.8697, 11.2075 ], [ 75.8607, 11.2046 ], [ 75.8577, 11.2079 ], [ 75.8556, 11.2016 ], [ 75.8603, 11.1987 ], [ 75.8571, 11.194 ], [ 75.865, 11.1879 ], [ 75.872, 11.1877 ], [ 75.8759, 11.1824 ], [ 75.8849, 11.1849 ], [ 75.8869, 11.1706 ], [ 75.8818, 11.1721 ], [ 75.8779, 11.1663 ], [ 75.8705, 11.1724 ], [ 75.865, 11.1714 ], [ 75.8596, 11.1586 ], [ 75.8523, 11.1538 ], [ 75.8575, 11.1463 ], [ 75.8576, 11.1382 ], [ 75.8461, 11.1429 ], [ 75.8256, 11.1238 ], [ 75.8139, 11.149 ], [ 75.8025, 11.156 ], [ 75.8046, 11.1611 ], [ 75.747, 11.3184 ], [ 75.7372, 11.3238 ], [ 75.7322, 11.3347 ], [ 75.736, 11.3382 ], [ 75.7339, 11.357 ], [ 75.7425, 11.3555 ], [ 75.7481, 11.3691 ], [ 75.7571, 11.3664 ], [ 75.7646, 11.3803 ], [ 75.7736, 11.3785 ], [ 75.7822, 11.3849 ], [ 75.7788, 11.3935 ], [ 75.7817, 11.4103 ], [ 75.7858, 11.4119 ], [ 75.7799, 11.424 ], [ 75.7855, 11.4225 ], [ 75.7858, 11.4177 ], [ 75.7982, 11.4202 ], [ 75.8025, 11.412 ], [ 75.8038, 11.4211 ], [ 75.8087, 11.4206 ], [ 75.8098, 11.4261 ], [ 75.8186, 11.4238 ], [ 75.8234, 11.4377 ], [ 75.8305, 11.4395 ], [ 75.8342, 11.4461 ], [ 75.8412, 11.4421 ] ] ] } },
{ "type": "Feature", "properties": { "unit_id": "IND.17.4.3_1", "name": "Talasseri", "district": "Kannur", "did": "kerala:Kannur", "state_key": "kerala" }, "geometry": { "type": "Polygon", "coordinates": [ [ [ 75.5435, 11.9742 ], [ 75.5549, 11.958 ], [ 75.5488, 11.9534 ], [ 75.5492, 11.9478 ], [ 75.5609, 11.9456 ], [ 75.5611, 11.9399 ], [ 75.5683, 11.9321 ], [ 75.5601, 11.9282 ], [ 75.5625, 11.9224 ], [ 75.5547, 11.9166 ], [ 75.5527, 11.9088 ], [ 75.5564, 11.8978 ], [ 75.5383, 11.8912 ], [ 75.5404, 11.8886 ], [ 75.5466, 11.8897 ], [ 75.5427, 11.8857 ], [ 75.5447, 11.8815 ], [ 75.5571, 11.8851 ], [ 75.5611, 11.8833 ], [ 75.5618, 11.8775 ], [ 75.5643, 11.8803 ], [ 75.5693, 11.8779 ], [ 75.5716, 11.8811 ], [ 75.5765, 11.8787 ], [ 75.5893, 11.8893 ], [ 75.5929, 11.9031 ], [ 75.5985, 11.9036 ], [ 75.6028, 11.9087 ], [ 75.5999, 11.9142 ], [ 75.6046, 11.9204 ], [ 75.6198, 11.9227 ], [ 75.6308, 11.9204 ], [ 75.6266, 11.9067 ], [ 75.6719, 11.9093 ], [ 75.6946, 11.9071 ], [ 75.6967, 11.8908 ], [ 75.705, 11.888 ], [ 75.7081, 11.89 ], [ 75.7077, 11.8867 ], [ 75.714, 11.8844 ], [ 75.724, 11.8851 ], [ 75.7392, 11.8767 ], [ 75.7391, 11.8735 ], [ 75.7533, 11.8791 ], [ 75.7539, 11.8686 ], [ 75.7576, 11.8637 ], [ 75.7625, 11.8634 ], [ 75.7578, 11.8558 ], [ 75.7504, 11.8526 ], [ 75.7536, 11.8478 ], [ 75.7606, 11.8502 ], [ 75.7768, 11.84 ], [ 75.7851, 11.8437 ], [ 75.7882, 11.8526 ], [ 75.797, 11.8513 ], [ 75.793, 11.8484 ], [ 75.8053, 11.85 ], [ 75.8007, 11.8453 ], [ 75.7935, 11.8459 ], [ 75.7899, 11.8405 ], [ 75.792, 11.8322 ], [ 75.7977, 11.8273 ], [ 75.7981, 11.8188 ], [ 75.7815, 11.8102 ], [ 75.7761, 11.8037 ], [ 75.7573, 11.8059 ], [ 75.7458, 11.7995 ], [ 75.7575, 11.7896 ], [ 75.7501, 11.7821 ], [ 75.7456, 11.7868 ], [ 75.7376, 11.787 ], [ 75.7377, 11.7815 ], [ 75.729, 11.7804 ], [ 75.7266, 11.7876 ], [ 75.7166, 11.7968 ], [ 75.6914, 11.7995 ], [ 75.6836, 11.7754 ], [ 75.6691, 11.7704 ], [ 75.6655, 11.7585 ], [ 75.6551, 11.7562 ], [ 75.6354, 11.7365 ], [ 75.6268, 11.738 ], [ 75.6235, 11.7309 ], [ 75.6158, 11.7244 ], [ 75.6111, 11.7254 ], [ 75.6073, 11.7186 ], [ 75.6062, 11.7226 ], [ 75.5957, 11.7133 ], [ 75.5874, 11.7122 ], [ 75.5932, 11.7084 ], [ 75.5927, 11.698 ], [ 75.6017, 11.6959 ], [ 75.6032, 11.6891 ], [ 75.6003, 11.6867 ], [ 75.5872, 11.6873 ], [ 75.57, 11.6751 ], [ 75.5619, 11.6817 ], [ 75.5636, 11.6943 ], [ 75.5535, 11.7031 ], [ 75.5442, 11.7045 ], [ 75.5373, 11.7097 ], [ 75.53, 11.7036 ], [ 75.5197, 11.7157 ], [ 75.5158, 11.7155 ], [ 75.509, 11.7311 ], [ 75.5027, 11.7356 ], [ 75.498, 11.7342 ], [ 75.4727, 11.7643 ], [ 75.4655, 11.7672 ], [ 75.4606, 11.7655 ], [ 75.4528, 11.7714 ], [ 75.4542, 11.7775 ], [ 75.4615, 11.7821 ], [ 75.4587, 11.806 ], [ 75.4656, 11.8202 ], [ 75.4772, 11.8175 ], [ 75.4947, 11.8261 ], [ 75.5027, 11.8226 ], [ 75.499, 11.8368 ], [ 75.4949, 11.8365 ], [ 75.4926, 11.8315 ], [ 75.4877, 11.8334 ], [ 75.489, 11.8454 ], [ 75.507, 11.8507 ], [ 75.5009, 11.8586 ], [ 75.5054, 11.8682 ], [ 75.5048, 11.8836 ], [ 75.5096, 11.8869 ], [ 75.5085, 11.8928 ], [ 75.5179, 11.9005 ], [ 75.5093, 11.9123 ], [ 75.4978, 11.915 ], [ 75.4799, 11.905 ], [ 75.462, 11.9301 ], [ 75.4681, 11.9309 ], [ 75.478, 11.9407 ], [ 75.4946, 11.9387 ], [ 75.4968, 11.9527 ], [ 75.5046, 11.958 ], [ 75.5007, 11.9702 ], [ 75.5087, 11.9814 ], [ 75.5058, 11.9893 ], [ 75.5145, 11.992 ], [ 75.5312, 11.985 ], [ 75.544, 11.995 ], [ 75.5478, 11.9868 ], [ 75.5435, 11.9742 ] ], [ [ 75.5312, 11.7587 ], [ 75.5403, 11.7485 ], [ 75.5415, 11.7389 ], [ 75.5401, 11.7349 ], [ 75.5317, 11.7347 ], [ 75.5267, 11.7266 ], [ 75.531, 11.7083 ], [ 75.5374, 11.7122 ], [ 75.5325, 11.7162 ], [ 75.5365, 11.7193 ], [ 75.5376, 11.7161 ], [ 75.5478, 11.7154 ], [ 75.5553, 11.7215 ], [ 75.5556, 11.7276 ], [ 75.5432, 11.7344 ], [ 75.5464, 11.7563 ], [ 75.5377, 11.7628 ], [ 75.5312, 11.7587 ] ] ] } },
{ "type": "Feature", "properties": { "unit_id": "IND.17.8.2_1", "name": "Vadakara", "district": "Kozhikode", "did": "kerala:Kozhikode", "state_key": "kerala" }, "geometry": { "type": "Polygon", "coordinates": [ [ [ 75.7917, 11.7786 ], [ 75.787, 11.7752 ], [ 75.7881, 11.7651 ], [ 75.7833, 11.7607 ], [ 75.7991, 11.7534 ], [ 75.7981, 11.7474 ], [ 75.7908, 11.7435 ], [ 75.8101, 11.7429 ], [ 75.8321, 11.7201 ], [ 75.8456, 11.7142 ], [ 75.8454, 11.7071 ], [ 75.8507, 11.703 ], [ 75.8625, 11.7044 ], [ 75.8727, 11.7014 ], [ 75.8753, 11.7043 ], [ 75.8823, 11.6991 ], [ 75.9002, 11.6992 ], [ 75.9154, 11.6905 ], [ 75.9152, 11.6877 ], [ 75.9053, 11.6795 ], [ 75.8417, 11.6579 ], [ 75.8447, 11.654 ], [ 75.8367, 11.6472 ], [ 75.8235, 11.6375 ], [ 75.8163, 11.6404 ], [ 75.8068, 11.6351 ], [ 75.8051, 11.626 ], [ 75.8008, 11.6237 ], [ 75.7845, 11.6247 ], [ 75.7775, 11.6396 ], [ 75.7567, 11.6508 ], [ 75.7484, 11.632 ], [ 75.7486, 11.623 ], [ 75.7419, 11.6162 ], [ 75.7437, 11.5929 ], [ 75.7192, 11.6014 ], [ 75.704, 11.6027 ], [ 75.6892, 11.5744 ], [ 75.6785, 11.5684 ], [ 75.6735, 11.5606 ], [ 75.6786, 11.5537 ], [ 75.6743, 11.5417 ], [ 75.6642, 11.531 ], [ 75.6543, 11.5275 ], [ 75.6442, 11.5297 ], [ 75.6407, 11.5346 ], [ 75.6257, 11.5395 ], [ 75.6196, 11.5504 ], [ 75.6224, 11.5589 ], [ 75.6193, 11.5651 ], [ 75.6148, 11.5667 ], [ 75.607, 11.5638 ], [ 75.5927, 11.5709 ], [ 75.5936, 11.5627 ], [ 75.5902, 11.5614 ], [ 75.5665, 11.6289 ], [ 75.5362, 11.6935 ], [ 75.5416, 11.696 ], [ 75.5442, 11.7045 ], [ 75.5532, 11.7034 ], [ 75.5636, 11.6943 ], [ 75.5619, 11.6817 ], [ 75.57, 11.6751 ], [ 75.5885, 11.6878 ], [ 75.6011, 11.687 ], [ 75.6028, 11.6942 ], [ 75.5933, 11.6973 ], [ 75.5932, 11.7084 ], [ 75.5874, 11.7122 ], [ 75.5957, 11.7133 ], [ 75.6062, 11.7226 ], [ 75.6073, 11.7186 ], [ 75.6111, 11.7254 ], [ 75.6158, 11.7244 ], [ 75.6235, 11.7309 ], [ 75.6268, 11.738 ], [ 75.6354, 11.7365 ], [ 75.6551, 11.7562 ], [ 75.6655, 11.7585 ], [ 75.6691, 11.7704 ], [ 75.6836, 11.7754 ], [ 75.6915, 11.7995 ], [ 75.7166, 11.7968 ], [ 75.723, 11.7924 ], [ 75.7291, 11.7804 ], [ 75.7377, 11.7815 ], [ 75.7376, 11.787 ], [ 75.7456, 11.7868 ], [ 75.75, 11.7821 ], [ 75.7573, 11.7886 ], [ 75.7458, 11.799 ], [ 75.7519, 11.8046 ], [ 75.7767, 11.802 ], [ 75.7935, 11.7902 ], [ 75.7917, 11.7786 ] ] ] } },
{ "type": "Feature", "properties": { "unit_id": "IND.17.8.3_1", "name": "Koyilandi", "district": "Kozhikode", "did": "kerala:Kozhikode", "state_key": "kerala" }, "geometry": { "type": "MultiPolygon", "coordinates": [ [ [ [ 76.0223, 11.5143 ], [ 76.0293, 11.5126 ], [ 76.0379, 11.5027 ], [ 76.0452, 11.507 ], [ 76.0522, 11.5041 ], [ 76.0416, 11.4753 ], [ 76.0332, 11.4707 ], [ 76.024, 11.4716 ], [ 76.0133, 11.4645 ], [ 76.0047, 11.4668 ], [ 76.0022, 11.4614 ], [ 76.004, 11.4471 ], [ 76.0134, 11.4461 ], [ 76.0026, 11.4177 ], [ 75.9977, 11.416 ], [ 76.0013, 11.4131 ], [ 75.9977, 11.4077 ], [ 76.0041, 11.403 ], [ 76.0002, 11.3995 ], [ 76.0, 11.3906 ], [ 76.0078, 11.3876 ], [ 76.0032, 11.3775 ], [ 75.9961, 11.3816 ], [ 75.992, 11.3791 ], [ 75.9836, 11.3866 ], [ 75.986, 11.396 ], [ 75.9931, 11.4005 ], [ 75.9906, 11.4086 ], [ 75.9968, 11.414 ], [ 75.9876, 11.4293 ], [ 75.9924, 11.4317 ], [ 75.9963, 11.4275 ], [ 76.0012, 11.4334 ], [ 75.9972, 11.4645 ], [ 75.9939, 11.467 ], [ 75.9962, 11.4721 ], [ 76.0059, 11.4832 ], [ 76.0142, 11.4864 ], [ 76.0171, 11.4794 ], [ 76.0234, 11.4807 ], [ 76.0231, 11.5034 ], [ 76.0264, 11.5001 ], [ 76.0304, 11.5062 ], [ 76.0261, 11.5102 ], [ 76.0164, 11.5113 ], [ 76.014, 11.5164 ], [ 76.0175, 11.5117 ], [ 76.0223, 11.5143 ] ] ], [ [ [ 75.898, 11.6229 ], [ 75.9092, 11.6008 ], [ 75.9253, 11.5948 ], [ 75.9282, 11.5905 ], [ 75.9366, 11.5909 ], [ 75.9438, 11.5819 ], [ 75.9521, 11.5809 ], [ 75.9575, 11.575 ], [ 75.9578, 11.5607 ], [ 75.9804, 11.541 ], [ 75.9368, 11.5018 ], [ 75.9243, 11.5085 ], [ 75.9178, 11.5342 ], [ 75.9234, 11.5389 ], [ 75.9234, 11.5465 ], [ 75.9151, 11.5554 ], [ 75.9001, 11.5526 ], [ 75.8987, 11.5467 ], [ 75.8727, 11.5503 ], [ 75.8807, 11.5431 ], [ 75.8795, 11.5374 ], [ 75.8601, 11.5501 ], [ 75.8631, 11.5398 ], [ 75.8599, 11.5399 ], [ 75.8539, 11.5527 ], [ 75.8489, 11.5506 ], [ 75.8474, 11.5553 ], [ 75.8429, 11.5518 ], [ 75.8392, 11.5543 ], [ 75.8381, 11.549 ], [ 75.825, 11.5514 ], [ 75.8285, 11.5405 ], [ 75.8376, 11.5393 ], [ 75.8424, 11.5338 ], [ 75.85, 11.5343 ], [ 75.8625, 11.5193 ], [ 75.8778, 11.5099 ], [ 75.8839, 11.5101 ], [ 75.9022, 11.4958 ], [ 75.9085, 11.4888 ], [ 75.907, 11.4824 ], [ 75.8905, 11.4862 ], [ 75.8857, 11.4906 ], [ 75.877, 11.4748 ], [ 75.8627, 11.483 ], [ 75.8602, 11.4763 ], [ 75.8579, 11.4827 ], [ 75.8538, 11.4831 ], [ 75.8552, 11.477 ], [ 75.8292, 11.4733 ], [ 75.8128, 11.4744 ], [ 75.8081, 11.4711 ], [ 75.8036, 11.4636 ], [ 75.8152, 11.4562 ], [ 75.8245, 11.4571 ], [ 75.8264, 11.4537 ], [ 75.8353, 11.4525 ], [ 75.8305, 11.4395 ], [ 75.8234, 11.4377 ], [ 75.8186, 11.4238 ], [ 75.8098, 11.4261 ], [ 75.8087, 11.4206 ], [ 75.8038, 11.4211 ], [ 75.8025, 11.412 ], [ 75.7982, 11.4202 ], [ 75.7858, 11.4177 ], [ 75.7855, 11.4225 ], [ 75.7799, 11.424 ], [ 75.7858, 11.4119 ], [ 75.7817, 11.4103 ], [ 75.7788, 11.3935 ], [ 75.7822, 11.3849 ], [ 75.7736, 11.3785 ], [ 75.7646, 11.3803 ], [ 75.7571, 11.3664 ], [ 75.7481, 11.3691 ], [ 75.7428, 11.3557 ], [ 75.7343, 11.3571 ], [ 75.7332, 11.3514 ], [ 75.7153, 11.3922 ], [ 75.6816, 11.4496 ], [ 75.6749, 11.4504 ], [ 75.6637, 11.4625 ], [ 75.6474, 11.468 ], [ 75.6342, 11.461 ], [ 75.6264, 11.4731 ], [ 75.6168, 11.4764 ], [ 75.6175, 11.4887 ], [ 75.5902, 11.5614 ], [ 75.5936, 11.5627 ], [ 75.5911, 11.5695 ], [ 75.5973, 11.5697 ], [ 75.607, 11.5638 ], [ 75.6148, 11.5667 ], [ 75.6193, 11.5651 ], [ 75.6224, 11.5589 ], [ 75.6196, 11.5504 ], [ 75.6267, 11.5383 ], [ 75.6543, 11.5275 ], [ 75.6653, 11.5316 ], [ 75.6743, 11.5417 ], [ 75.6786, 11.5537 ], [ 75.6735, 11.5606 ], [ 75.6785, 11.5684 ], [ 75.6892, 11.5744 ], [ 75.704, 11.6027 ], [ 75.7192, 11.6014 ], [ 75.7437, 11.5929 ], [ 75.7419, 11.6162 ], [ 75.7486, 11.623 ], [ 75.7484, 11.632 ], [ 75.7567, 11.6508 ], [ 75.7775, 11.6396 ], [ 75.7845, 11.6247 ], [ 75.8008, 11.6237 ], [ 75.8051, 11.626 ], [ 75.8068, 11.6351 ], [ 75.8163, 11.6404 ], [ 75.8235, 11.6375 ], [ 75.8367, 11.6472 ], [ 75.8447, 11.654 ], [ 75.8417, 11.6579 ], [ 75.9016, 11.6784 ], [ 75.9053, 11.6615 ], [ 75.8979, 11.641 ], [ 75.898, 11.6229 ] ] ] ] } },
{ "type": "Feature", "properties": { "unit_id": "IND.17.14.3_1", "name": "Vaithiry", "district": "Wayanad", "did": "kerala:Wayanad", "state_key": "kerala" }, "geometry": { "type": "Polygon", "coordinates": [ [ [ 76.1007, 11.7043 ], [ 76.1072, 11.7001 ], [ 76.1116, 11.7047 ], [ 76.1201, 11.6978 ], [ 76.1418, 11.693 ], [ 76.1327, 11.679 ], [ 76.1394, 11.676 ], [ 76.1352, 11.6538 ], [ 76.1384, 11.6496 ], [ 76.1443, 11.649 ], [ 76.1507, 11.6541 ], [ 76.1516, 11.6509 ], [ 76.1589, 11.6494 ], [ 76.1687, 11.6231 ], [ 76.179, 11.6105 ], [ 76.1761, 11.6035 ], [ 76.1709, 11.6014 ], [ 76.1694, 11.6048 ], [ 76.1629, 11.604 ], [ 76.1609, 11.5986 ], [ 76.173, 11.5867 ], [ 76.1795, 11.5646 ], [ 76.1823, 11.5624 ], [ 76.1857, 11.566 ], [ 76.1946, 11.5653 ], [ 76.2105, 11.549 ], [ 76.2262, 11.5591 ], [ 76.2334, 11.5688 ], [ 76.2444, 11.5541 ], [ 76.2445, 11.543 ], [ 76.2515, 11.5378 ], [ 76.2505, 11.5276 ], [ 76.2391, 11.5263 ], [ 76.2338, 11.5287 ], [ 76.2242, 11.5097 ], [ 76.2212, 11.5116 ], [ 76.1992, 11.5067 ], [ 76.1817, 11.484 ], [ 76.1868, 11.479 ], [ 76.1858, 11.4735 ], [ 76.1722, 11.4679 ], [ 76.1646, 11.4587 ], [ 76.1591, 11.4594 ], [ 76.1523, 11.4527 ], [ 76.1428, 11.4516 ], [ 76.1257, 11.4665 ], [ 76.1229, 11.4738 ], [ 76.1117, 11.4761 ], [ 76.1058, 11.4825 ], [ 76.0917, 11.4827 ], [ 76.087, 11.4874 ], [ 76.093, 11.4936 ], [ 76.0902, 11.5114 ], [ 76.0757, 11.5233 ], [ 76.0562, 11.5059 ], [ 76.0486, 11.5037 ], [ 76.0452, 11.507 ], [ 76.0379, 11.5027 ], [ 76.0335, 11.5105 ], [ 76.0184, 11.5144 ], [ 76.0062, 11.5222 ], [ 75.9967, 11.5328 ], [ 75.9816, 11.5397 ], [ 75.9578, 11.5607 ], [ 75.9575, 11.575 ], [ 75.9521, 11.5809 ], [ 75.9438, 11.5819 ], [ 75.9366, 11.5909 ], [ 75.9282, 11.5905 ], [ 75.9253, 11.5948 ], [ 75.9092, 11.6008 ], [ 75.898, 11.6229 ], [ 75.897, 11.6428 ], [ 75.9053, 11.6615 ], [ 75.9001, 11.676 ], [ 75.9154, 11.6905 ], [ 75.9223, 11.6915 ], [ 75.9293, 11.6879 ], [ 75.9488, 11.6968 ], [ 75.9589, 11.689 ], [ 75.9718, 11.7071 ], [ 75.9777, 11.7013 ], [ 75.9779, 11.7048 ], [ 75.9852, 11.7051 ], [ 75.9894, 11.7108 ], [ 75.9966, 11.7088 ], [ 75.9982, 11.711 ], [ 76.0, 11.7083 ], [ 76.0042, 11.713 ], [ 76.0034, 11.7197 ], [ 76.0184, 11.7226 ], [ 76.0174, 11.7251 ], [ 76.0242, 11.7238 ], [ 76.0273, 11.727 ], [ 76.0322, 11.7225 ], [ 76.0303, 11.7181 ], [ 76.0224, 11.7172 ], [ 76.0235, 11.7076 ], [ 76.0154, 11.711 ], [ 76.0179, 11.7081 ], [ 76.0127, 11.6998 ], [ 76.0199, 11.7029 ], [ 76.0226, 11.6945 ], [ 76.026, 11.7005 ], [ 76.0473, 11.6873 ], [ 76.045, 11.6842 ], [ 76.0578, 11.6807 ], [ 76.0641, 11.703 ], [ 76.0751, 11.7065 ], [ 76.0744, 11.7108 ], [ 76.0827, 11.7167 ], [ 76.0834, 11.7397 ], [ 76.1014, 11.7244 ], [ 76.1007, 11.7043 ] ] ] } },
{ "type": "Feature", "properties": { "unit_id": "IND.17.14.2_1", "name": "Sultan Battery", "district": "Wayanad", "did": "kerala:Wayanad", "state_key": "kerala" }, "geometry": { "type": "Polygon", "coordinates": [ [ [ 76.2075, 11.8615 ], [ 76.2131, 11.8426 ], [ 76.2099, 11.8282 ], [ 76.2237, 11.8082 ], [ 76.2456, 11.8029 ], [ 76.2596, 11.8087 ], [ 76.2802, 11.8116 ], [ 76.2902, 11.7928 ], [ 76.3077, 11.7842 ], [ 76.3169, 11.7526 ], [ 76.3291, 11.7483 ], [ 76.3397, 11.739 ], [ 76.3525, 11.7383 ], [ 76.3628, 11.7484 ], [ 76.377, 11.7445 ], [ 76.3913, 11.7548 ], [ 76.3986, 11.7508 ], [ 76.4142, 11.7588 ], [ 76.4105, 11.7421 ], [ 76.4129, 11.7401 ], [ 76.4182, 11.7426 ], [ 76.4274, 11.726 ], [ 76.4241, 11.7203 ], [ 76.4166, 11.7177 ], [ 76.414, 11.7113 ], [ 76.4126, 11.7155 ], [ 76.4085, 11.7151 ], [ 76.4035, 11.7078 ], [ 76.4089, 11.7064 ], [ 76.4124, 11.695 ], [ 76.4084, 11.6897 ], [ 76.413, 11.686 ], [ 76.4159, 11.6728 ], [ 76.428, 11.6701 ], [ 76.4364, 11.6535 ], [ 76.4441, 11.6472 ], [ 76.4319, 11.6309 ], [ 76.4069, 11.6343 ], [ 76.3881, 11.6297 ], [ 76.3833, 11.624 ], [ 76.3839, 11.612 ], [ 76.3783, 11.6085 ], [ 76.378, 11.6019 ], [ 76.3546, 11.5893 ], [ 76.3413, 11.5872 ], [ 76.3359, 11.5957 ], [ 76.3212, 11.5862 ], [ 76.3159, 11.5766 ], [ 76.3105, 11.5774 ], [ 76.3024, 11.5712 ], [ 76.2959, 11.5904 ], [ 76.2861, 11.5902 ], [ 76.2789, 11.6009 ], [ 76.2743, 11.5937 ], [ 76.2649, 11.5939 ], [ 76.2345, 11.5721 ], [ 76.2262, 11.5591 ], [ 76.2105, 11.549 ], [ 76.1946, 11.5653 ], [ 76.1857, 11.566 ], [ 76.1823, 11.5624 ], [ 76.1795, 11.5646 ], [ 76.173, 11.5867 ], [ 76.1609, 11.5986 ], [ 76.1629, 11.604 ], [ 76.1694, 11.6048 ], [ 76.1709, 11.6014 ], [ 76.1761, 11.6035 ], [ 76.1792, 11.6098 ], [ 76.1687, 11.6231 ], [ 76.1589, 11.6494 ], [ 76.1516, 11.6509 ], [ 76.1507, 11.6541 ], [ 76.1443, 11.649 ], [ 76.1384, 11.6496 ], [ 76.1352, 11.6538 ], [ 76.1394, 11.676 ], [ 76.1327, 11.679 ], [ 76.1418, 11.693 ], [ 76.1201, 11.6978 ], [ 76.1116, 11.7047 ], [ 76.1072, 11.7001 ], [ 76.1007, 11.7043 ], [ 76.1014, 11.7244 ], [ 76.0863, 11.7382 ], [ 76.0935, 11.7572 ], [ 76.1047, 11.7633 ], [ 76.1074, 11.7575 ], [ 76.1126, 11.758 ], [ 76.1186, 11.7722 ], [ 76.1169, 11.7841 ], [ 76.1156, 11.7808 ], [ 76.1005, 11.7857 ], [ 76.0979, 11.7838 ], [ 76.0896, 11.7915 ], [ 76.0767, 11.7936 ], [ 76.075, 11.7999 ], [ 76.0785, 11.8081 ], [ 76.0852, 11.8074 ], [ 76.0856, 11.8125 ], [ 76.0902, 11.8146 ], [ 76.0888, 11.833 ], [ 76.0946, 11.8376 ], [ 76.1138, 11.8424 ], [ 76.1461, 11.867 ], [ 76.1575, 11.8705 ], [ 76.1648, 11.8676 ], [ 76.1735, 11.8712 ], [ 76.1904, 11.8712 ], [ 76.2075, 11.8615 ] ] ] } },
{ "type": "Feature", "properties": { "unit_id": "IND.17.14.1_1", "name": "Manantavadi", "district": "Wayanad", "did": "kerala:Wayanad", "state_key": "kerala" }, "geometry": { "type": "Polygon", "coordinates": [ [ [ 76.1129, 11.8587 ], [ 76.1217, 11.8508 ], [ 76.1138, 11.8424 ], [ 76.0892, 11.8338 ], [ 76.0902, 11.8146 ], [ 76.0856, 11.8125 ], [ 76.0852, 11.8074 ], [ 76.0785, 11.8081 ], [ 76.075, 11.7999 ], [ 76.0767, 11.7936 ], [ 76.0896, 11.7915 ], [ 76.0979, 11.7838 ], [ 76.1005, 11.7857 ], [ 76.1156, 11.7808 ], [ 76.1167, 11.7844 ], [ 76.1186, 11.7722 ], [ 76.1126, 11.758 ], [ 76.1074, 11.7575 ], [ 76.1047, 11.7633 ], [ 76.0922, 11.7555 ], [ 76.0925, 11.7479 ], [ 76.0834, 11.7397 ], [ 76.0827, 11.7167 ], [ 76.0744, 11.7108 ], [ 76.0751, 11.7065 ], [ 76.0641, 11.703 ], [ 76.0578, 11.6807 ], [ 76.045, 11.6842 ], [ 76.0473, 11.6873 ], [ 76.026, 11.7005 ], [ 76.0226, 11.6945 ], [ 76.0199, 11.7029 ], [ 76.0127, 11.6998 ], [ 76.0179, 11.7081 ], [ 76.0154, 11.711 ], [ 76.0235, 11.7076 ], [ 76.0224, 11.7172 ], [ 76.0303, 11.7181 ], [ 76.0322, 11.7225 ], [ 76.0279, 11.7269 ], [ 76.0037, 11.72 ], [ 76.0, 11.7083 ], [ 75.9982, 11.711 ], [ 75.9966, 11.7088 ], [ 75.9894, 11.7108 ], [ 75.9852, 11.7051 ], [ 75.9779, 11.7048 ], [ 75.9777, 11.7013 ], [ 75.9718, 11.7071 ], [ 75.9589, 11.689 ], [ 75.9488, 11.6968 ], [ 75.9281, 11.6878 ], [ 75.9223, 11.6915 ], [ 75.915, 11.6906 ], [ 75.9002, 11.6992 ], [ 75.8823, 11.6991 ], [ 75.8753, 11.7043 ], [ 75.8727, 11.7014 ], [ 75.8625, 11.7044 ], [ 75.8507, 11.703 ], [ 75.8454, 11.7071 ], [ 75.8456, 11.7142 ], [ 75.8321, 11.7201 ], [ 75.8101, 11.7429 ], [ 75.7908, 11.7435 ], [ 75.7981, 11.7474 ], [ 75.7991, 11.7534 ], [ 75.7833, 11.7607 ], [ 75.7881, 11.7651 ], [ 75.787, 11.7752 ], [ 75.7917, 11.7786 ], [ 75.7934, 11.7907 ], [ 75.772, 11.8027 ], [ 75.7988, 11.8194 ], [ 75.7977, 11.8273 ], [ 75.7899, 11.8359 ], [ 75.7935, 11.8459 ], [ 75.8007, 11.8453 ], [ 75.8069, 11.8555 ], [ 75.8196, 11.8589 ], [ 75.8287, 11.8512 ], [ 75.8439, 11.8561 ], [ 75.854, 11.8478 ], [ 75.8719, 11.8489 ], [ 75.8825, 11.8449 ], [ 75.8878, 11.8467 ], [ 75.8917, 11.8426 ], [ 75.926, 11.8471 ], [ 75.9273, 11.8428 ], [ 75.9267, 11.8468 ], [ 75.9254, 11.8482 ], [ 75.9314, 11.8581 ], [ 75.9114, 11.8749 ], [ 75.9191, 11.8802 ], [ 75.9298, 11.882 ], [ 75.9363, 11.8907 ], [ 75.9393, 11.9033 ], [ 75.9353, 11.9118 ], [ 75.925, 11.92 ], [ 75.9282, 11.9345 ], [ 75.936, 11.9345 ], [ 75.9396, 11.941 ], [ 75.9564, 11.9419 ], [ 75.9764, 11.9337 ], [ 75.9904, 11.9347 ], [ 76.0032, 11.9314 ], [ 76.0131, 11.9417 ], [ 76.0224, 11.944 ], [ 76.0337, 11.9403 ], [ 76.0701, 11.9671 ], [ 76.0898, 11.9674 ], [ 76.1124, 11.9786 ], [ 76.1129, 11.8587 ] ] ] } },
{ "type": "Feature", "properties": { "unit_id": "IND.17.4.3_1", "name": "Iritty", "district": "Kannur", "did": "kerala:Kannur", "state_key": "kerala" }, "geometry": { "type": "Polygon", "coordinates": [ [ [ 75.7131, 12.0905 ], [ 75.7179, 12.0856 ], [ 75.7147, 12.0704 ], [ 75.7277, 12.0725 ], [ 75.7361, 12.0789 ], [ 75.7471, 12.0782 ], [ 75.7535, 12.0841 ], [ 75.7854, 12.0843 ], [ 75.8026, 12.0786 ], [ 75.7987, 12.056 ], [ 75.794, 12.055 ], [ 75.8011, 12.037 ], [ 75.811, 12.0286 ], [ 75.8099, 12.0227 ], [ 75.8229, 12.0134 ], [ 75.8204, 12.0025 ], [ 75.8252, 12.0027 ], [ 75.8295, 11.9845 ], [ 75.837, 11.9809 ], [ 75.8469, 11.982 ], [ 75.8546, 11.9641 ], [ 75.8704, 11.9526 ], [ 75.8807, 11.9497 ], [ 75.886, 11.952 ], [ 75.897, 11.9455 ], [ 75.914, 11.9469 ], [ 75.9308, 11.9397 ], [ 75.9396, 11.941 ], [ 75.936, 11.9345 ], [ 75.9282, 11.9345 ], [ 75.9252, 11.9294 ], [ 75.925, 11.92 ], [ 75.9353, 11.9118 ], [ 75.9393, 11.9033 ], [ 75.9363, 11.8907 ], [ 75.9298, 11.882 ], [ 75.9191, 11.8802 ], [ 75.9114, 11.8749 ], [ 75.9314, 11.8581 ], [ 75.9254, 11.8482 ], [ 75.9267, 11.8468 ], [ 75.9273, 11.8428 ], [ 75.926, 11.8471 ], [ 75.8917, 11.8426 ], [ 75.8878, 11.8467 ], [ 75.8825, 11.8449 ], [ 75.8719, 11.8489 ], [ 75.854, 11.8478 ], [ 75.8439, 11.8561 ], [ 75.8287, 11.8512 ], [ 75.8196, 11.8589 ], [ 75.817, 11.8561 ], [ 75.8083, 11.8565 ], [ 75.8006, 11.849 ], [ 75.7926, 11.8484 ], [ 75.797, 11.8513 ], [ 75.7882, 11.8526 ], [ 75.7845, 11.843 ], [ 75.7761, 11.84 ], [ 75.7606, 11.8502 ], [ 75.7536, 11.8478 ], [ 75.7504, 11.8526 ], [ 75.7578, 11.8558 ], [ 75.7625, 11.8634 ], [ 75.7576, 11.8637 ], [ 75.7539, 11.8686 ], [ 75.7533, 11.8791 ], [ 75.7391, 11.8735 ], [ 75.7392, 11.8767 ], [ 75.724, 11.8851 ], [ 75.714, 11.8844 ], [ 75.7077, 11.8867 ], [ 75.7081, 11.89 ], [ 75.705, 11.888 ], [ 75.6967, 11.8908 ], [ 75.6946, 11.9071 ], [ 75.6719, 11.9093 ], [ 75.6266, 11.9067 ], [ 75.6308, 11.9204 ], [ 75.6198, 11.9227 ], [ 75.6046, 11.9204 ], [ 75.5999, 11.9142 ], [ 75.6028, 11.9087 ], [ 75.5985, 11.9036 ], [ 75.5929, 11.9031 ], [ 75.5893, 11.8893 ], [ 75.5765, 11.8787 ], [ 75.5716, 11.8811 ], [ 75.5693, 11.8779 ], [ 75.5643, 11.8803 ], [ 75.5618, 11.8775 ], [ 75.5611, 11.8833 ], [ 75.5571, 11.8851 ], [ 75.5491, 11.8806 ], [ 75.5444, 11.8817 ], [ 75.5427, 11.8857 ], [ 75.5466, 11.8897 ], [ 75.5404, 11.8886 ], [ 75.5383, 11.8912 ], [ 75.5564, 11.8978 ], [ 75.5527, 11.9088 ], [ 75.5547, 11.9166 ], [ 75.5625, 11.9224 ], [ 75.5601, 11.9282 ], [ 75.5683, 11.9321 ], [ 75.5611, 11.9399 ], [ 75.5609, 11.9456 ], [ 75.5521, 11.9464 ], [ 75.5486, 11.9512 ], [ 75.5549, 11.958 ], [ 75.5495, 11.9676 ], [ 75.5622, 11.9831 ], [ 75.5549, 12.0004 ], [ 75.5549, 12.0148 ], [ 75.5652, 12.0175 ], [ 75.5633, 12.0216 ], [ 75.5736, 12.0273 ], [ 75.5683, 12.031 ], [ 75.5754, 12.0326 ], [ 75.5794, 12.0397 ], [ 75.5936, 12.0424 ], [ 75.5997, 12.0354 ], [ 75.604, 12.0369 ], [ 75.6086, 12.0334 ], [ 75.6193, 12.0572 ], [ 75.6255, 12.0549 ], [ 75.6264, 12.0569 ], [ 75.6299, 12.0529 ], [ 75.6294, 12.1053 ], [ 75.6529, 12.1084 ], [ 75.6674, 12.0973 ], [ 75.6769, 12.0982 ], [ 75.6867, 12.1099 ], [ 75.694, 12.1106 ], [ 75.7033, 12.1082 ], [ 75.7024, 12.0919 ], [ 75.7131, 12.0905 ] ] ] } }
]
}
