{
"type": "FeatureCollection",
"crs": { "type": "name", "properties": { "name": "urn:ogc:def:crs:OGC:1.3:CRS84" } },
"xy_coordinate_resolution": 0.0001,
"features": [
{ "type": "Feature", "properties": { "unit_id": "IND.1.1.1_1", "name": "Noncowry", "district": "Nicobar", "did": "andaman_nicobar:Nicobar", "state_key": "andaman_nicobar" }, "geometry": { "type": "MultiPolygon", "coordinates": [ [ [ [ 93.6307, 7.4727 ], [ 93.6312, 7.4721 ], [ 93.6305, 7.4723 ], [ 93.6307, 7.4727 ] ] ], [ [ [ 93.6412, 7.4761 ], [ 93.6409, 7.471 ], [ 93.6323, 7.4726 ], [ 93.6325, 7.4768 ], [ 93.6372, 7.4784 ], [ 93.6412, 7.4761 ] ] ], [ [ [ 93.619, 7.4834 ], [ 93.6229, 7.4821 ], [ 93.6222, 7.4776 ], [ 93.619, 7.4834 ] ] ], [ [ [ 93.5346, 7.519 ], [ 93.5292, 7.5136 ], [ 93.5197, 7.5278 ], [ 93.5242, 7.5295 ], [ 93.5306, 7.5265 ], [ 93.5346, 7.519 ] ] ], [ [ [ 93.4416, 7.8776 ], [ 93.4422, 7.8767 ], [ 93.4412, 7.8767 ], [ 93.4416, 7.8776 ] ] ], [ [ [ 93.3873, 7.892 ], [ 93.3877, 7.8911 ], [ 93.3863, 7.8913 ], [ 93.3873, 7.892 ] ] ], [ [ [ 93.3871, 7.8959 ], [ 93.3891, 7.9003 ], [ 93.391, 7.8965 ], [ 93.3895, 7.8905 ], [ 93.3871, 7.8959 ] ] ], [ [ [ 93.3925, 7.8994 ], [ 93.3911, 7.8995 ], [ 93.3904, 7.9017 ], [ 93.3944, 7.9021 ], [ 93.3925, 7.8994 ] ] ], [ [ [ 93.3979, 7.8983 ], [ 93.3951, 7.8986 ], [ 93.3997, 7.9019 ], [ 93.3979, 7.8983 ] ] ], [ [ [ 93.3226, 7.9316 ], [ 93.3262, 7.931 ], [ 93.3234, 7.9302 ], [ 93.3226, 7.9316 ] ] ], [ [ [ 93.3348, 7.9387 ], [ 93.3388, 7.9427 ], [ 93.3402, 7.9404 ], [ 93.3383, 7.9373 ], [ 93.3348, 7.9387 ] ] ], [ [ [ 93.4769, 8.0099 ], [ 93.4775, 8.0093 ], [ 93.4766, 8.0092 ], [ 93.4769, 8.0099 ] ] ], [ [ [ 93.4781, 8.0112 ], [ 93.4791, 8.0102 ], [ 93.4774, 8.0098 ], [ 93.4781, 8.0112 ] ] ], [ [ [ 93.3386, 7.9461 ], [ 93.3315, 7.9383 ], [ 93.3379, 7.9352 ], [ 93.3299, 7.9276 ], [ 93.3318, 7.9342 ], [ 93.3236, 7.9359 ], [ 93.3211, 7.9293 ], [ 93.3245, 7.9252 ], [ 93.322, 7.9229 ], [ 93.3079, 7.9339 ], [ 93.3095, 7.9398 ], [ 93.3006, 7.9615 ], [ 93.3062, 7.9713 ], [ 93.3129, 7.9746 ], [ 93.3123, 7.9911 ], [ 93.32, 8.0074 ], [ 93.3393, 8.0175 ], [ 93.3445, 8.0097 ], [ 93.3486, 8.0121 ], [ 93.3501, 8.0102 ], [ 93.3613, 8.0214 ], [ 93.3695, 8.0235 ], [ 93.3896, 8.018 ], [ 93.4014, 8.0088 ], [ 93.3923, 7.9934 ], [ 93.3964, 7.9822 ], [ 93.3939, 7.9744 ], [ 93.3998, 7.9685 ], [ 93.403, 7.9693 ], [ 93.4036, 7.9616 ], [ 93.414, 7.9617 ], [ 93.4209, 7.9686 ], [ 93.4268, 7.9566 ], [ 93.4519, 7.9393 ], [ 93.4662, 7.8911 ], [ 93.4539, 7.8722 ], [ 93.4432, 7.8751 ], [ 93.432, 7.8989 ], [ 93.412, 7.9069 ], [ 93.3881, 7.9016 ], [ 93.3855, 7.8874 ], [ 93.3797, 7.8813 ], [ 93.368, 7.8777 ], [ 93.3615, 7.8864 ], [ 93.346, 7.8897 ], [ 93.335, 7.9001 ], [ 93.3329, 7.9154 ], [ 93.3268, 7.9235 ], [ 93.3355, 7.9245 ], [ 93.3411, 7.9302 ], [ 93.3409, 7.9324 ], [ 93.3356, 7.9275 ], [ 93.3344, 7.9309 ], [ 93.3389, 7.9338 ], [ 93.3428, 7.9416 ], [ 93.3418, 7.9469 ], [ 93.334, 7.9489 ], [ 93.3386, 7.9461 ] ], [ [ 93.3319, 7.9495 ], [ 93.33, 7.9468 ], [ 93.334, 7.9489 ], [ 93.3319, 7.9495 ] ] ], [ [ [ 93.4752, 8.0146 ], [ 93.4756, 8.0144 ], [ 93.4747, 8.014 ], [ 93.4752, 8.0146 ] ] ], [ [ [ 93.4747, 8.0159 ], [ 93.4751, 8.0157 ], [ 93.4743, 8.0151 ], [ 93.4747, 8.0159 ] ] ], [ [ [ 93.4754, 8.0173 ], [ 93.4756, 8.017 ], [ 93.4748, 8.017 ], [ 93.4754, 8.0173 ] ] ], [ [ [ 93.5733, 7.9942 ], [ 93.5694, 7.9283 ], [ 93.5284, 7.9593 ], [ 93.5265, 7.9644 ], [ 93.5314, 7.9694 ], [ 93.5259, 7.9646 ], [ 93.5153, 7.9691 ], [ 93.5049, 7.9811 ], [ 93.4979, 7.9839 ], [ 93.4947, 7.9932 ], [ 93.4969, 7.9987 ], [ 93.4992, 7.9967 ], [ 93.5056, 7.9995 ], [ 93.5052, 7.9959 ], [ 93.5098, 7.9941 ], [ 93.5159, 8.0007 ], [ 93.5171, 8.006 ], [ 93.5213, 8.0075 ], [ 93.5179, 8.0204 ], [ 93.5221, 8.0262 ], [ 93.5263, 8.0176 ], [ 93.5324, 8.016 ], [ 93.532, 8.0084 ], [ 93.5438, 7.9914 ], [ 93.5389, 8.0213 ], [ 93.5341, 8.0263 ], [ 93.5349, 8.0291 ], [ 93.5536, 8.0263 ], [ 93.5733, 7.9942 ] ] ], [ [ [ 93.4739, 8.0361 ], [ 93.4747, 8.0357 ], [ 93.4735, 8.0352 ], [ 93.4739, 8.0361 ] ] ], [ [ [ 93.4937, 8.0469 ], [ 93.4933, 8.0484 ], [ 93.4951, 8.0481 ], [ 93.4937, 8.0469 ] ] ], [ [ [ 93.5139, 8.065 ], [ 93.5141, 8.0647 ], [ 93.5136, 8.0645 ], [ 93.5139, 8.065 ] ] ], [ [ [ 93.5145, 8.0695 ], [ 93.5149, 8.0693 ], [ 93.5145, 8.0691 ], [ 93.5145, 8.0695 ] ] ], [ [ [ 93.5138, 8.0757 ], [ 93.5142, 8.0751 ], [ 93.5131, 8.0752 ], [ 93.5138, 8.0757 ] ] ], [ [ [ 93.5799, 8.0982 ], [ 93.5774, 8.0969 ], [ 93.5747, 8.1024 ], [ 93.5754, 8.0968 ], [ 93.5726, 8.0967 ], [ 93.5756, 8.095 ], [ 93.5802, 8.0974 ], [ 93.5789, 8.0929 ], [ 93.574, 8.0944 ], [ 93.576, 8.0899 ], [ 93.5829, 8.0953 ], [ 93.5819, 8.0682 ], [ 93.5915, 8.0499 ], [ 93.5848, 8.0381 ], [ 93.5626, 8.0675 ], [ 93.5648, 8.0743 ], [ 93.57, 8.0751 ], [ 93.5761, 8.0675 ], [ 93.5715, 8.0742 ], [ 93.5782, 8.0742 ], [ 93.5727, 8.0751 ], [ 93.5718, 8.0827 ], [ 93.5608, 8.093 ], [ 93.5677, 8.1196 ], [ 93.5647, 8.1166 ], [ 93.5654, 8.1118 ], [ 93.5609, 8.1081 ], [ 93.5529, 8.1204 ], [ 93.5705, 8.1275 ], [ 93.5831, 8.0964 ], [ 93.5799, 8.0982 ] ] ], [ [ [ 93.1938, 8.1866 ], [ 93.1941, 8.1865 ], [ 93.1937, 8.1864 ], [ 93.1938, 8.1866 ] ] ], [ [ [ 93.1879, 8.1907 ], [ 93.1883, 8.1906 ], [ 93.1879, 8.1903 ], [ 93.1879, 8.1907 ] ] ], [ [ [ 93.1972, 8.1906 ], [ 93.1974, 8.1904 ], [ 93.1971, 8.1904 ], [ 93.1972, 8.1906 ] ] ], [ [ [ 93.175, 8.1942 ], [ 93.1753, 8.1942 ], [ 93.1749, 8.1939 ], [ 93.175, 8.1942 ] ] ], [ [ [ 93.1862, 8.1942 ], [ 93.1866, 8.1938 ], [ 93.1861, 8.1937 ], [ 93.1862, 8.1942 ] ] ], [ [ [ 93.1879, 8.1955 ], [ 93.1882, 8.1952 ], [ 93.1878, 8.1951 ], [ 93.1879, 8.1955 ] ] ], [ [ [ 93.2113, 8.1972 ], [ 93.2115, 8.197 ], [ 93.211, 8.1969 ], [ 93.2113, 8.1972 ] ] ], [ [ [ 93.1265, 8.2163 ], [ 93.1271, 8.2164 ], [ 93.1266, 8.216 ], [ 93.1265, 8.2163 ] ] ], [ [ [ 93.1175, 8.2192 ], [ 93.1177, 8.219 ], [ 93.1172, 8.2189 ], [ 93.1175, 8.2192 ] ] ], [ [ [ 93.1172, 8.2204 ], [ 93.1174, 8.2202 ], [ 93.1171, 8.2202 ], [ 93.1172, 8.2204 ] ] ], [ [ [ 93.2263, 8.2243 ], [ 93.2266, 8.2249 ], [ 93.2272, 8.2244 ], [ 93.2263, 8.2243 ] ] ], [ [ [ 93.2338, 8.2242 ], [ 93.2341, 8.2243 ], [ 93.2339, 8.2239 ], [ 93.2338, 8.2242 ] ] ], [ [ [ 93.2423, 8.2331 ], [ 93.2424, 8.233 ], [ 93.2421, 8.2328 ], [ 93.2423, 8.2331 ] ] ], [ [ [ 93.2418, 8.2339 ], [ 93.242, 8.2339 ], [ 93.2418, 8.2338 ], [ 93.2418, 8.2339 ] ] ], [ [ [ 93.242, 8.2343 ], [ 93.2421, 8.2342 ], [ 93.242, 8.2341 ], [ 93.242, 8.2343 ] ] ], [ [ [ 93.4783, 8.1974 ], [ 93.4819, 8.2212 ], [ 93.5063, 8.2323 ], [ 93.5141, 8.2297 ], [ 93.5093, 8.2335 ], [ 93.5133, 8.2351 ], [ 93.5346, 8.229 ], [ 93.5365, 8.2024 ], [ 93.5323, 8.194 ], [ 93.528, 8.1928 ], [ 93.5253, 8.1781 ], [ 93.5177, 8.1773 ], [ 93.5238, 8.1809 ], [ 93.5255, 8.1871 ], [ 93.5205, 8.186 ], [ 93.5228, 8.1847 ], [ 93.513, 8.1731 ], [ 93.5041, 8.176 ], [ 93.5087, 8.1741 ], [ 93.5016, 8.1702 ], [ 93.5022, 8.159 ], [ 93.4983, 8.1577 ], [ 93.4928, 8.1462 ], [ 93.5031, 8.1389 ], [ 93.5147, 8.1234 ], [ 93.5227, 8.0983 ], [ 93.5378, 8.09 ], [ 93.5432, 8.0677 ], [ 93.5383, 8.0504 ], [ 93.535, 8.0501 ], [ 93.5408, 8.0361 ], [ 93.5307, 8.0401 ], [ 93.5273, 8.0484 ], [ 93.5213, 8.0506 ], [ 93.5144, 8.0335 ], [ 93.5108, 8.0394 ], [ 93.5083, 8.0364 ], [ 93.4985, 8.0359 ], [ 93.4964, 8.0249 ], [ 93.5017, 8.0186 ], [ 93.5002, 8.0157 ], [ 93.4978, 8.017 ], [ 93.4979, 8.0043 ], [ 93.4911, 7.9985 ], [ 93.4804, 8.0029 ], [ 93.4811, 8.0048 ], [ 93.4793, 8.0067 ], [ 93.4796, 8.0099 ], [ 93.4761, 8.0184 ], [ 93.4759, 8.0461 ], [ 93.4805, 8.0473 ], [ 93.4901, 8.0402 ], [ 93.4938, 8.046 ], [ 93.4991, 8.038 ], [ 93.5, 8.0522 ], [ 93.4938, 8.0575 ], [ 93.4994, 8.0577 ], [ 93.5018, 8.069 ], [ 93.5038, 8.05 ], [ 93.5085, 8.0477 ], [ 93.5157, 8.0533 ], [ 93.5141, 8.0641 ], [ 93.5222, 8.0686 ], [ 93.5216, 8.0698 ], [ 93.5172, 8.0704 ], [ 93.5158, 8.0682 ], [ 93.5144, 8.0751 ], [ 93.5212, 8.0804 ], [ 93.5144, 8.0797 ], [ 93.514, 8.0849 ], [ 93.5094, 8.0831 ], [ 93.5046, 8.0857 ], [ 93.5025, 8.0754 ], [ 93.4971, 8.0742 ], [ 93.4893, 8.0659 ], [ 93.4862, 8.0677 ], [ 93.4819, 8.0644 ], [ 93.4852, 8.0608 ], [ 93.483, 8.0524 ], [ 93.4757, 8.0529 ], [ 93.4752, 8.0722 ], [ 93.4697, 8.0886 ], [ 93.4728, 8.0871 ], [ 93.4787, 8.0917 ], [ 93.4839, 8.0876 ], [ 93.4879, 8.0951 ], [ 93.4862, 8.0937 ], [ 93.4841, 8.0883 ], [ 93.4805, 8.0914 ], [ 93.472, 8.0966 ], [ 93.4689, 8.0903 ], [ 93.4588, 8.1021 ], [ 93.4538, 8.1164 ], [ 93.4581, 8.1194 ], [ 93.451, 8.1197 ], [ 93.4482, 8.1336 ], [ 93.4564, 8.1407 ], [ 93.4541, 8.1441 ], [ 93.4466, 8.144 ], [ 93.446, 8.1502 ], [ 93.4499, 8.1532 ], [ 93.4454, 8.1506 ], [ 93.4459, 8.1566 ], [ 93.4375, 8.1704 ], [ 93.4424, 8.1791 ], [ 93.4657, 8.1844 ], [ 93.4695, 8.1903 ], [ 93.4696, 8.1854 ], [ 93.474, 8.1956 ], [ 93.4819, 8.1979 ], [ 93.4828, 8.2 ], [ 93.4783, 8.1974 ] ], [ [ 93.4868, 8.1985 ], [ 93.4903, 8.2029 ], [ 93.4882, 8.2015 ], [ 93.4867, 8.199 ], [ 93.4837, 8.2006 ], [ 93.4828, 8.2 ], [ 93.4868, 8.1985 ] ] ], [ [ [ 93.2412, 8.2356 ], [ 93.2406, 8.2268 ], [ 93.2305, 8.2245 ], [ 93.2295, 8.2218 ], [ 93.2243, 8.2308 ], [ 93.2141, 8.2394 ], [ 93.2097, 8.2514 ], [ 93.2142, 8.2612 ], [ 93.2266, 8.2657 ], [ 93.2412, 8.2356 ] ] ], [ [ [ 93.2266, 8.267 ], [ 93.2267, 8.2669 ], [ 93.2264, 8.2668 ], [ 93.2266, 8.267 ] ] ], [ [ [ 93.1221, 8.3483 ], [ 93.1325, 8.3491 ], [ 93.1335, 8.3465 ], [ 93.1173, 8.283 ], [ 93.1197, 8.2728 ], [ 93.149, 8.2416 ], [ 93.1835, 8.2264 ], [ 93.1928, 8.2186 ], [ 93.1958, 8.2131 ], [ 93.1903, 8.1959 ], [ 93.1782, 8.1941 ], [ 93.1645, 8.2011 ], [ 93.1518, 8.2022 ], [ 93.1246, 8.2192 ], [ 93.1116, 8.2236 ], [ 93.1057, 8.2338 ], [ 93.0936, 8.2426 ], [ 93.0901, 8.2554 ], [ 93.0758, 8.2735 ], [ 93.0733, 8.2955 ], [ 93.0842, 8.3252 ], [ 93.0849, 8.3408 ], [ 93.0963, 8.3512 ], [ 93.1033, 8.3476 ], [ 93.1172, 8.3565 ], [ 93.1221, 8.3483 ] ] ], [ [ [ 93.0496, 8.4428 ], [ 93.0497, 8.4427 ], [ 93.0494, 8.4425 ], [ 93.0496, 8.4428 ] ] ], [ [ [ 93.0494, 8.443 ], [ 93.0496, 8.4432 ], [ 93.0496, 8.443 ], [ 93.0494, 8.443 ] ] ], [ [ [ 93.0502, 8.4433 ], [ 93.0502, 8.4439 ], [ 93.0504, 8.4434 ], [ 93.0502, 8.4433 ] ] ], [ [ [ 93.0497, 8.4448 ], [ 93.05, 8.4447 ], [ 93.0497, 8.4446 ], [ 93.0497, 8.4448 ] ] ], [ [ [ 93.0501, 8.4451 ], [ 93.0503, 8.445 ], [ 93.0499, 8.4449 ], [ 93.0501, 8.4451 ] ] ], [ [ [ 93.0497, 8.4453 ], [ 93.0498, 8.4453 ], [ 93.0497, 8.445 ], [ 93.0497, 8.4453 ] ] ], [ [ [ 93.0495, 8.4458 ], [ 93.0497, 8.4457 ], [ 93.0496, 8.4455 ], [ 93.0495, 8.4458 ] ] ], [ [ [ 93.6259, 8.3945 ], [ 93.626, 8.3943 ], [ 93.6254, 8.3942 ], [ 93.6259, 8.3945 ] ] ], [ [ [ 93.6275, 8.395 ], [ 93.6276, 8.3949 ], [ 93.6272, 8.3949 ], [ 93.6275, 8.395 ] ] ], [ [ [ 93.633, 8.3941 ], [ 93.6312, 8.395 ], [ 93.6325, 8.3947 ], [ 93.633, 8.3941 ] ] ], [ [ [ 93.6262, 8.396 ], [ 93.6263, 8.3957 ], [ 93.626, 8.3958 ], [ 93.6262, 8.396 ] ] ], [ [ [ 93.6464, 8.3911 ], [ 93.6436, 8.3892 ], [ 93.6338, 8.3946 ], [ 93.6346, 8.3955 ], [ 93.6434, 8.3945 ], [ 93.6464, 8.3911 ] ] ], [ [ [ 93.6249, 8.3965 ], [ 93.6246, 8.3978 ], [ 93.6255, 8.3972 ], [ 93.6249, 8.3965 ] ] ], [ [ [ 93.6232, 8.3982 ], [ 93.6233, 8.3981 ], [ 93.6231, 8.3981 ], [ 93.6232, 8.3982 ] ] ], [ [ [ 93.6231, 8.3987 ], [ 93.6232, 8.3986 ], [ 93.623, 8.3984 ], [ 93.6231, 8.3987 ] ] ], [ [ [ 93.6239, 8.3986 ], [ 93.6244, 8.3979 ], [ 93.6237, 8.3977 ], [ 93.6239, 8.3986 ] ] ], [ [ [ 93.6235, 8.3987 ], [ 93.6236, 8.3986 ], [ 93.6233, 8.3985 ], [ 93.6235, 8.3987 ] ] ], [ [ [ 93.6232, 8.3991 ], [ 93.6233, 8.399 ], [ 93.6231, 8.399 ], [ 93.6232, 8.3991 ] ] ], [ [ [ 93.6232, 8.3994 ], [ 93.6234, 8.3993 ], [ 93.6232, 8.3992 ], [ 93.6232, 8.3994 ] ] ], [ [ [ 93.6224, 8.4005 ], [ 93.6226, 8.4005 ], [ 93.6224, 8.4003 ], [ 93.6224, 8.4005 ] ] ], [ [ [ 93.623, 8.4005 ], [ 93.6231, 8.4005 ], [ 93.6229, 8.4003 ], [ 93.623, 8.4005 ] ] ], [ [ [ 93.6227, 8.401 ], [ 93.6229, 8.4008 ], [ 93.6226, 8.4008 ], [ 93.6227, 8.401 ] ] ], [ [ [ 93.6222, 8.4012 ], [ 93.6223, 8.4011 ], [ 93.6221, 8.401 ], [ 93.6222, 8.4012 ] ] ], [ [ [ 93.6225, 8.4021 ], [ 93.6227, 8.402 ], [ 93.6224, 8.4019 ], [ 93.6225, 8.4021 ] ] ], [ [ [ 93.0497, 8.4436 ], [ 93.0421, 8.4396 ], [ 93.0285, 8.4452 ], [ 93.0247, 8.4554 ], [ 93.0334, 8.4732 ], [ 93.0444, 8.4642 ], [ 93.0497, 8.4436 ] ] ], [ [ [ 93.6135, 8.4189 ], [ 93.6143, 8.4185 ], [ 93.6136, 8.4179 ], [ 93.6135, 8.4189 ] ] ], [ [ [ 93.613, 8.42 ], [ 93.6133, 8.4197 ], [ 93.6129, 8.4196 ], [ 93.613, 8.42 ] ] ], [ [ [ 93.6124, 8.421 ], [ 93.6126, 8.421 ], [ 93.6128, 8.4202 ], [ 93.6124, 8.421 ] ] ], [ [ [ 93.6136, 8.4211 ], [ 93.6138, 8.421 ], [ 93.6135, 8.4208 ], [ 93.6136, 8.4211 ] ] ], [ [ [ 93.6126, 8.423 ], [ 93.6127, 8.4229 ], [ 93.6124, 8.4229 ], [ 93.6126, 8.423 ] ] ], [ [ [ 93.6062, 8.4325 ], [ 93.6065, 8.4325 ], [ 93.6062, 8.4324 ], [ 93.6062, 8.4325 ] ] ], [ [ [ 93.6064, 8.436 ], [ 93.6071, 8.4363 ], [ 93.6065, 8.4359 ], [ 93.6064, 8.436 ] ] ], [ [ [ 93.6058, 8.4574 ], [ 93.6062, 8.4578 ], [ 93.6071, 8.4567 ], [ 93.6058, 8.4574 ] ] ], [ [ [ 93.6112, 8.4597 ], [ 93.6114, 8.4594 ], [ 93.6105, 8.4594 ], [ 93.6112, 8.4597 ] ] ], [ [ [ 93.6251, 8.4712 ], [ 93.6259, 8.4707 ], [ 93.625, 8.4709 ], [ 93.6251, 8.4712 ] ] ], [ [ [ 93.6027, 8.4862 ], [ 93.6031, 8.4875 ], [ 93.6039, 8.4867 ], [ 93.6027, 8.4862 ] ] ], [ [ [ 93.6288, 8.4877 ], [ 93.629, 8.4877 ], [ 93.6289, 8.4873 ], [ 93.6288, 8.4877 ] ] ], [ [ [ 93.6284, 8.4881 ], [ 93.6287, 8.4881 ], [ 93.6284, 8.488 ], [ 93.6284, 8.4881 ] ] ], [ [ [ 93.606, 8.4988 ], [ 93.6061, 8.4986 ], [ 93.6056, 8.4985 ], [ 93.606, 8.4988 ] ] ], [ [ [ 93.6145, 8.5016 ], [ 93.6139, 8.5017 ], [ 93.6145, 8.502 ], [ 93.6145, 8.5016 ] ] ], [ [ [ 93.6147, 8.5027 ], [ 93.6147, 8.5025 ], [ 93.6143, 8.5027 ], [ 93.6147, 8.5027 ] ] ], [ [ [ 93.6244, 8.5032 ], [ 93.6245, 8.5031 ], [ 93.6243, 8.503 ], [ 93.6244, 8.5032 ] ] ], [ [ [ 93.624, 8.5034 ], [ 93.6242, 8.5033 ], [ 93.6241, 8.5031 ], [ 93.624, 8.5034 ] ] ], [ [ [ 93.6145, 8.5046 ], [ 93.6146, 8.5045 ], [ 93.6144, 8.5045 ], [ 93.6145, 8.5046 ] ] ], [ [ [ 93.6147, 8.505 ], [ 93.615, 8.5049 ], [ 93.6147, 8.5048 ], [ 93.6147, 8.505 ] ] ], [ [ [ 93.6143, 8.5051 ], [ 93.6145, 8.505 ], [ 93.6142, 8.505 ], [ 93.6143, 8.5051 ] ] ], [ [ [ 93.6145, 8.5057 ], [ 93.6146, 8.5056 ], [ 93.6143, 8.5054 ], [ 93.6145, 8.5057 ] ] ], [ [ [ 93.6139, 8.5058 ], [ 93.6142, 8.5057 ], [ 93.6139, 8.5056 ], [ 93.6139, 8.5058 ] ] ], [ [ [ 93.6228, 8.5051 ], [ 93.623, 8.5051 ], [ 93.623, 8.5048 ], [ 93.6228, 8.5051 ] ] ], [ [ [ 93.6221, 8.5077 ], [ 93.6218, 8.5078 ], [ 93.6219, 8.5079 ], [ 93.6221, 8.5077 ] ] ], [ [ [ 93.608, 8.5229 ], [ 93.6084, 8.5226 ], [ 93.6079, 8.5226 ], [ 93.608, 8.5229 ] ] ], [ [ [ 93.6099, 8.5234 ], [ 93.61, 8.5233 ], [ 93.6098, 8.5231 ], [ 93.6099, 8.5234 ] ] ], [ [ [ 93.6106, 8.5269 ], [ 93.6109, 8.5264 ], [ 93.6107, 8.5264 ], [ 93.6106, 8.5269 ] ] ], [ [ [ 93.6092, 8.5279 ], [ 93.6087, 8.5279 ], [ 93.6092, 8.528 ], [ 93.6092, 8.5279 ] ] ], [ [ [ 93.6195, 8.5273 ], [ 93.6196, 8.5277 ], [ 93.6196, 8.5273 ], [ 93.6195, 8.5273 ] ] ], [ [ [ 93.6151, 8.5294 ], [ 93.6152, 8.5296 ], [ 93.6154, 8.5293 ], [ 93.6151, 8.5294 ] ] ], [ [ [ 93.6137, 8.5308 ], [ 93.6139, 8.5306 ], [ 93.6136, 8.5306 ], [ 93.6137, 8.5308 ] ] ], [ [ [ 93.6131, 8.5329 ], [ 93.6131, 8.5328 ], [ 93.6129, 8.5328 ], [ 93.6131, 8.5329 ] ] ], [ [ [ 93.612, 8.5373 ], [ 93.6122, 8.537 ], [ 93.612, 8.5372 ], [ 93.612, 8.5373 ] ] ], [ [ [ 93.6024, 8.5393 ], [ 93.6029, 8.539 ], [ 93.6023, 8.5391 ], [ 93.6024, 8.5393 ] ] ], [ [ [ 93.6123, 8.5387 ], [ 93.6125, 8.5387 ], [ 93.6125, 8.5383 ], [ 93.6123, 8.5387 ] ] ], [ [ [ 93.6004, 8.5499 ], [ 93.6006, 8.5499 ], [ 93.6003, 8.5497 ], [ 93.6004, 8.5499 ] ] ], [ [ [ 93.6101, 8.55 ], [ 93.6105, 8.5497 ], [ 93.6099, 8.5496 ], [ 93.6101, 8.55 ] ] ], [ [ [ 93.6093, 8.5511 ], [ 93.6096, 8.5508 ], [ 93.6092, 8.5506 ], [ 93.6093, 8.5511 ] ] ], [ [ [ 93.5997, 8.5585 ], [ 93.5999, 8.5584 ], [ 93.5997, 8.5583 ], [ 93.5997, 8.5585 ] ] ], [ [ [ 93.5995, 8.5587 ], [ 93.5996, 8.5585 ], [ 93.5994, 8.5586 ], [ 93.5995, 8.5587 ] ] ], [ [ [ 93.6112, 8.5584 ], [ 93.6112, 8.5582 ], [ 93.6109, 8.5582 ], [ 93.6112, 8.5584 ] ] ], [ [ [ 93.6103, 8.5587 ], [ 93.6104, 8.5586 ], [ 93.6102, 8.5585 ], [ 93.6103, 8.5587 ] ] ], [ [ [ 93.6109, 8.5588 ], [ 93.6111, 8.5587 ], [ 93.6108, 8.5586 ], [ 93.6109, 8.5588 ] ] ], [ [ [ 93.6008, 8.5617 ], [ 93.6009, 8.5616 ], [ 93.6006, 8.5615 ], [ 93.6008, 8.5617 ] ] ], [ [ [ 93.6005, 8.5619 ], [ 93.6006, 8.5619 ], [ 93.6004, 8.5618 ], [ 93.6005, 8.5619 ] ] ], [ [ [ 93.6106, 8.5607 ], [ 93.6106, 8.561 ], [ 93.6108, 8.5607 ], [ 93.6106, 8.5607 ] ] ], [ [ [ 93.6014, 8.5635 ], [ 93.6014, 8.5633 ], [ 93.601, 8.5633 ], [ 93.6014, 8.5635 ] ] ], [ [ [ 93.6005, 8.5633 ], [ 93.6004, 8.564 ], [ 93.601, 8.5635 ], [ 93.6005, 8.5633 ] ] ], [ [ [ 93.6028, 8.5641 ], [ 93.6031, 8.5637 ], [ 93.603, 8.5633 ], [ 93.6028, 8.5641 ] ] ], [ [ [ 93.6028, 8.5649 ], [ 93.6031, 8.5648 ], [ 93.6028, 8.5647 ], [ 93.6028, 8.5649 ] ] ], [ [ [ 93.6102, 8.5643 ], [ 93.6105, 8.5642 ], [ 93.6104, 8.5637 ], [ 93.6102, 8.5643 ] ] ], [ [ [ 93.611, 8.5663 ], [ 93.6111, 8.5663 ], [ 93.611, 8.566 ], [ 93.611, 8.5663 ] ] ], [ [ [ 93.6033, 8.567 ], [ 93.6035, 8.567 ], [ 93.6032, 8.5668 ], [ 93.6033, 8.567 ] ] ], [ [ [ 93.6028, 8.5673 ], [ 93.603, 8.5673 ], [ 93.6029, 8.5671 ], [ 93.6028, 8.5673 ] ] ], [ [ [ 93.6072, 8.5702 ], [ 93.6073, 8.5701 ], [ 93.6071, 8.57 ], [ 93.6072, 8.5702 ] ] ], [ [ [ 93.6075, 8.5705 ], [ 93.6077, 8.5704 ], [ 93.6074, 8.5704 ], [ 93.6075, 8.5705 ] ] ], [ [ [ 93.607, 8.5735 ], [ 93.6072, 8.5734 ], [ 93.607, 8.5733 ], [ 93.607, 8.5735 ] ] ], [ [ [ 93.6064, 8.5739 ], [ 93.6066, 8.5739 ], [ 93.6064, 8.5738 ], [ 93.6064, 8.5739 ] ] ], [ [ [ 93.6018, 8.5744 ], [ 93.6021, 8.5742 ], [ 93.6018, 8.5742 ], [ 93.6018, 8.5744 ] ] ], [ [ [ 93.6029, 8.5748 ], [ 93.603, 8.5748 ], [ 93.6029, 8.5747 ], [ 93.6029, 8.5748 ] ] ], [ [ [ 93.6056, 8.5743 ], [ 93.6057, 8.5745 ], [ 93.6058, 8.5743 ], [ 93.6056, 8.5743 ] ] ], [ [ [ 93.6054, 8.5746 ], [ 93.6054, 8.5748 ], [ 93.6055, 8.5748 ], [ 93.6054, 8.5746 ] ] ], [ [ [ 93.6028, 8.5751 ], [ 93.6028, 8.5752 ], [ 93.603, 8.5751 ], [ 93.6028, 8.5751 ] ] ], [ [ [ 93.6051, 8.5751 ], [ 93.6052, 8.5751 ], [ 93.6051, 8.575 ], [ 93.6051, 8.5751 ] ] ], [ [ [ 93.6028, 8.5756 ], [ 93.6029, 8.5755 ], [ 93.6028, 8.5755 ], [ 93.6028, 8.5756 ] ] ], [ [ [ 93.6027, 8.5763 ], [ 93.6027, 8.5765 ], [ 93.6028, 8.5763 ], [ 93.6027, 8.5763 ] ] ], [ [ [ 93.6025, 8.5767 ], [ 93.6027, 8.5766 ], [ 93.6025, 8.5765 ], [ 93.6025, 8.5767 ] ] ], [ [ [ 93.6027, 8.5772 ], [ 93.6072, 8.5689 ], [ 93.6102, 8.5659 ], [ 93.6084, 8.552 ], [ 93.6117, 8.5325 ], [ 93.6147, 8.5286 ], [ 93.6255, 8.5237 ], [ 93.6229, 8.5202 ], [ 93.6275, 8.5126 ], [ 93.6219, 8.5079 ], [ 93.6215, 8.5076 ], [ 93.6228, 8.5047 ], [ 93.6272, 8.4985 ], [ 93.6255, 8.4944 ], [ 93.6323, 8.4677 ], [ 93.629, 8.4667 ], [ 93.6264, 8.4715 ], [ 93.6212, 8.4709 ], [ 93.6172, 8.4681 ], [ 93.6126, 8.4495 ], [ 93.6177, 8.4339 ], [ 93.6126, 8.4232 ], [ 93.6069, 8.4446 ], [ 93.6102, 8.4465 ], [ 93.6081, 8.4567 ], [ 93.6103, 8.4576 ], [ 93.6138, 8.4623 ], [ 93.6094, 8.4815 ], [ 93.6192, 8.4866 ], [ 93.6139, 8.4986 ], [ 93.6164, 8.5007 ], [ 93.6121, 8.5263 ], [ 93.6002, 8.545 ], [ 93.6045, 8.566 ], [ 93.603, 8.5751 ], [ 93.6028, 8.5763 ], [ 93.6027, 8.5772 ] ] ], [ [ [ 93.5979, 8.58 ], [ 93.5962, 8.5825 ], [ 93.5982, 8.58 ], [ 93.5979, 8.58 ] ] ] ] } },
{ "type": "Feature", "properties": { "unit_id": "IND.1.1.1_1", "name": "Car Nicobar", "district": "Nicobar", "did": "andaman_nicobar:Nicobar", "state_key": "andaman_nicobar" }, "geometry": { "type": "Polygon", "coordinates": [ [ [ 92.7758, 9.1215 ], [ 92.767, 9.1288 ], [ 92.7598, 9.1253 ], [ 92.753, 9.128 ], [ 92.7406, 9.1245 ], [ 92.7273, 9.1249 ], [ 92.7144, 9.1544 ], [ 92.7197, 9.2185 ], [ 92.725, 9.2214 ], [ 92.7331, 9.2169 ], [ 92.7395, 9.2184 ], [ 92.7441, 9.2139 ], [ 92.755, 9.218 ], [ 92.7637, 9.2158 ], [ 92.7725, 9.2334 ], [ 92.77, 9.2405 ], [ 92.7757, 9.2457 ], [ 92.7723, 9.2589 ], [ 92.8153, 9.2158 ], [ 92.8245, 9.1897 ], [ 92.8234, 9.1806 ], [ 92.8306, 9.1682 ], [ 92.8263, 9.1374 ], [ 92.8141, 9.1355 ], [ 92.8071, 9.1239 ], [ 92.7855, 9.119 ], [ 92.7758, 9.1215 ] ] ] } },
{ "type": "Feature", "properties": { "unit_id": "IND.1.2.1_1", "name": "Maya Bundar", "district": "North & Middle Andaman", "did": "andaman_nicobar:North & Middle Andaman", "state_key": "andaman_nicobar" }, "geometry": { "type": "MultiPolygon", "coordinates": [ [ [ [ 92.781, 12.6558 ], [ 92.7818, 12.6476 ], [ 92.7794, 12.6486 ], [ 92.781, 12.6558 ] ] ], [ [ [ 92.7137, 12.6901 ], [ 92.7147, 12.6896 ], [ 92.7134, 12.6891 ], [ 92.7137, 12.6901 ] ] ], [ [ [ 92.7224, 12.6927 ], [ 92.7227, 12.6926 ], [ 92.7222, 12.6921 ], [ 92.7224, 12.6927 ] ] ], [ [ [ 92.782, 12.6882 ], [ 92.7763, 12.6761 ], [ 92.7726, 12.674 ], [ 92.782, 12.6882 ] ] ], [ [ [ 92.7304, 12.7058 ], [ 92.7319, 12.7038 ], [ 92.7298, 12.7016 ], [ 92.7304, 12.7058 ] ] ], [ [ [ 92.782, 12.7154 ], [ 92.7839, 12.7134 ], [ 92.781, 12.7115 ], [ 92.777, 12.7179 ], [ 92.7829, 12.7173 ], [ 92.782, 12.7154 ] ] ], [ [ [ 92.7819, 12.719 ], [ 92.782, 12.7187 ], [ 92.7808, 12.7187 ], [ 92.7819, 12.719 ] ] ], [ [ [ 92.7374, 12.7331 ], [ 92.7376, 12.7341 ], [ 92.7384, 12.7326 ], [ 92.7374, 12.7331 ] ] ], [ [ [ 92.7271, 12.7266 ], [ 92.722, 12.7376 ], [ 92.729, 12.7306 ], [ 92.7271, 12.7266 ] ] ], [ [ [ 92.7252, 12.7539 ], [ 92.726, 12.7536 ], [ 92.7247, 12.7529 ], [ 92.7252, 12.7539 ] ] ], [ [ [ 92.9684, 12.7416 ], [ 92.9689, 12.7412 ], [ 92.9682, 12.7407 ], [ 92.9684, 12.7416 ] ] ], [ [ [ 92.9682, 12.7418 ], [ 92.9671, 12.7431 ], [ 92.9685, 12.7421 ], [ 92.9682, 12.7418 ] ] ], [ [ [ 92.6537, 12.7725 ], [ 92.6557, 12.7749 ], [ 92.6563, 12.774 ], [ 92.6548, 12.7695 ], [ 92.6537, 12.7725 ] ] ], [ [ [ 92.7159, 12.774 ], [ 92.7163, 12.7748 ], [ 92.7176, 12.7745 ], [ 92.7159, 12.774 ] ] ], [ [ [ 92.7148, 12.777 ], [ 92.7169, 12.7768 ], [ 92.7153, 12.7755 ], [ 92.7148, 12.777 ] ] ], [ [ [ 92.9607, 12.7553 ], [ 92.9604, 12.7553 ], [ 92.9606, 12.7559 ], [ 92.9607, 12.7553 ] ] ], [ [ [ 92.956, 12.7566 ], [ 92.9541, 12.7574 ], [ 92.956, 12.7574 ], [ 92.956, 12.7566 ] ] ], [ [ [ 92.9597, 12.7563 ], [ 92.9584, 12.7571 ], [ 92.9599, 12.7568 ], [ 92.9597, 12.7563 ] ] ], [ [ [ 92.7157, 12.784 ], [ 92.7158, 12.7834 ], [ 92.7149, 12.7837 ], [ 92.7157, 12.784 ] ] ], [ [ [ 92.7188, 12.7774 ], [ 92.7186, 12.7784 ], [ 92.7139, 12.7791 ], [ 92.7166, 12.7829 ], [ 92.7166, 12.7882 ], [ 92.7238, 12.762 ], [ 92.7167, 12.7722 ], [ 92.7176, 12.7745 ], [ 92.7188, 12.7774 ] ] ], [ [ [ 92.9393, 12.769 ], [ 92.9393, 12.7694 ], [ 92.941, 12.7693 ], [ 92.9393, 12.769 ] ] ], [ [ [ 92.7166, 12.7907 ], [ 92.7175, 12.7902 ], [ 92.7166, 12.7901 ], [ 92.7166, 12.7907 ] ] ], [ [ [ 92.943, 12.7697 ], [ 92.9447, 12.7711 ], [ 92.9467, 12.7705 ], [ 92.943, 12.7697 ] ] ], [ [ [ 92.7189, 12.7911 ], [ 92.7166, 12.7953 ], [ 92.7186, 12.794 ], [ 92.7189, 12.7911 ] ] ], [ [ [ 92.7223, 12.7968 ], [ 92.7222, 12.7959 ], [ 92.7203, 12.7959 ], [ 92.7223, 12.7968 ] ] ], [ [ [ 92.7151, 12.7975 ], [ 92.7154, 12.7961 ], [ 92.7143, 12.7965 ], [ 92.7151, 12.7975 ] ] ], [ [ [ 92.7153, 12.8012 ], [ 92.7164, 12.7989 ], [ 92.7148, 12.7992 ], [ 92.7153, 12.8012 ] ] ], [ [ [ 92.716, 12.8048 ], [ 92.7166, 12.8042 ], [ 92.7151, 12.8031 ], [ 92.716, 12.8048 ] ] ], [ [ [ 92.714, 12.8282 ], [ 92.7113, 12.7772 ], [ 92.7248, 12.7483 ], [ 92.722, 12.7426 ], [ 92.7174, 12.7564 ], [ 92.7166, 12.7192 ], [ 92.711, 12.7207 ], [ 92.7105, 12.7288 ], [ 92.7061, 12.7309 ], [ 92.7121, 12.7377 ], [ 92.7079, 12.7746 ], [ 92.6983, 12.7854 ], [ 92.6937, 12.7976 ], [ 92.7058, 12.8184 ], [ 92.7075, 12.8301 ], [ 92.714, 12.8282 ] ] ], [ [ [ 92.7241, 12.8356 ], [ 92.7265, 12.8388 ], [ 92.726, 12.8341 ], [ 92.7244, 12.8322 ], [ 92.7241, 12.8356 ] ] ], [ [ [ 92.7288, 12.8548 ], [ 92.7287, 12.8565 ], [ 92.731, 12.8559 ], [ 92.7288, 12.8548 ] ] ], [ [ [ 92.7615, 12.8428 ], [ 92.7569, 12.8456 ], [ 92.76, 12.8598 ], [ 92.7654, 12.8361 ], [ 92.7615, 12.8428 ] ] ], [ [ [ 92.72, 12.8403 ], [ 92.7116, 12.832 ], [ 92.707, 12.8372 ], [ 92.7121, 12.8433 ], [ 92.7135, 12.8554 ], [ 92.7169, 12.8596 ], [ 92.7233, 12.8597 ], [ 92.7178, 12.8624 ], [ 92.7207, 12.8662 ], [ 92.729, 12.8617 ], [ 92.72, 12.8403 ] ] ], [ [ [ 92.7851, 12.8326 ], [ 92.7836, 12.8247 ], [ 92.7737, 12.8309 ], [ 92.7745, 12.8418 ], [ 92.7682, 12.8503 ], [ 92.768, 12.8621 ], [ 92.7725, 12.8623 ], [ 92.7738, 12.8578 ], [ 92.7773, 12.864 ], [ 92.7808, 12.8401 ], [ 92.7851, 12.8326 ] ] ], [ [ [ 92.7602, 12.8683 ], [ 92.765, 12.873 ], [ 92.7653, 12.8553 ], [ 92.7602, 12.8683 ] ] ], [ [ [ 92.7562, 12.8761 ], [ 92.7559, 12.8788 ], [ 92.7597, 12.8779 ], [ 92.7562, 12.8761 ] ] ], [ [ [ 92.8305, 12.8857 ], [ 92.831, 12.8857 ], [ 92.8306, 12.8855 ], [ 92.8305, 12.8857 ] ] ], [ [ [ 92.832, 12.8858 ], [ 92.8322, 12.8857 ], [ 92.8313, 12.8856 ], [ 92.832, 12.8858 ] ] ], [ [ [ 92.8353, 12.8877 ], [ 92.835, 12.887 ], [ 92.8339, 12.8869 ], [ 92.8353, 12.8877 ] ] ], [ [ [ 92.7899, 12.8894 ], [ 92.7895, 12.8852 ], [ 92.784, 12.8825 ], [ 92.7815, 12.8921 ], [ 92.7914, 12.8914 ], [ 92.7899, 12.8894 ] ] ], [ [ [ 92.8912, 12.8998 ], [ 92.8927, 12.8992 ], [ 92.8908, 12.8985 ], [ 92.8912, 12.8998 ] ] ], [ [ [ 92.757, 12.9064 ], [ 92.7527, 12.8896 ], [ 92.748, 12.8946 ], [ 92.7495, 12.8972 ], [ 92.7533, 12.8936 ], [ 92.7543, 12.9133 ], [ 92.757, 12.9064 ] ] ], [ [ [ 92.8787, 12.9022 ], [ 92.8792, 12.9057 ], [ 92.8804, 12.9036 ], [ 92.8787, 12.9022 ] ] ], [ [ [ 92.792, 12.8922 ], [ 92.7819, 12.8955 ], [ 92.7849, 12.8983 ], [ 92.7918, 12.8967 ], [ 92.7903, 12.8977 ], [ 92.7862, 12.8985 ], [ 92.7882, 12.9051 ], [ 92.7797, 12.902 ], [ 92.7736, 12.906 ], [ 92.7734, 12.9114 ], [ 92.7889, 12.9126 ], [ 92.791, 12.9173 ], [ 92.8005, 12.8977 ], [ 92.792, 12.8922 ] ] ], [ [ [ 92.8774, 12.9103 ], [ 92.8787, 12.9129 ], [ 92.8795, 12.9121 ], [ 92.8795, 12.9074 ], [ 92.8774, 12.9103 ] ] ], [ [ [ 92.863, 12.9149 ], [ 92.8642, 12.9141 ], [ 92.8624, 12.914 ], [ 92.863, 12.9149 ] ] ], [ [ [ 92.6734, 12.9334 ], [ 92.6735, 12.9331 ], [ 92.6729, 12.9331 ], [ 92.6734, 12.9334 ] ] ], [ [ [ 92.6725, 12.9337 ], [ 92.6726, 12.9332 ], [ 92.6721, 12.9332 ], [ 92.6725, 12.9337 ] ] ], [ [ [ 92.7612, 12.9221 ], [ 92.7652, 12.9261 ], [ 92.7638, 12.9177 ], [ 92.7612, 12.9221 ] ] ], [ [ [ 92.7751, 12.9269 ], [ 92.7718, 12.9176 ], [ 92.7687, 12.9286 ], [ 92.774, 12.9322 ], [ 92.7751, 12.9269 ] ] ], [ [ [ 92.9378, 12.9174 ], [ 92.9335, 12.9115 ], [ 92.9291, 12.917 ], [ 92.9347, 12.9199 ], [ 92.9378, 12.9174 ] ] ], [ [ [ 92.7657, 12.9282 ], [ 92.7625, 12.9255 ], [ 92.7592, 12.9316 ], [ 92.7616, 12.9365 ], [ 92.7657, 12.9282 ] ] ], [ [ [ 92.8619, 12.8784 ], [ 92.8605, 12.8777 ], [ 92.8603, 12.8781 ], [ 92.8743, 12.8823 ], [ 92.8713, 12.8924 ], [ 92.8911, 12.8952 ], [ 92.8962, 12.9043 ], [ 92.9001, 12.9028 ], [ 92.9004, 12.9039 ], [ 92.8963, 12.905 ], [ 92.8924, 12.9157 ], [ 92.8961, 12.9262 ], [ 92.8969, 12.9268 ], [ 92.8973, 12.9269 ], [ 92.9021, 12.9201 ], [ 92.899, 12.9194 ], [ 92.8974, 12.9141 ], [ 92.9004, 12.9115 ], [ 92.899, 12.9181 ], [ 92.9072, 12.9154 ], [ 92.9123, 12.9193 ], [ 92.9126, 12.9132 ], [ 92.9072, 12.9124 ], [ 92.9104, 12.91 ], [ 92.9223, 12.9154 ], [ 92.9195, 12.9088 ], [ 92.9099, 12.9036 ], [ 92.9101, 12.8984 ], [ 92.9125, 12.8998 ], [ 92.9059, 12.887 ], [ 92.9101, 12.8854 ], [ 92.9135, 12.889 ], [ 92.9174, 12.8862 ], [ 92.9189, 12.8901 ], [ 92.9218, 12.8856 ], [ 92.9246, 12.8879 ], [ 92.9311, 12.8676 ], [ 92.9264, 12.8581 ], [ 92.9412, 12.856 ], [ 92.9403, 12.8376 ], [ 92.9374, 12.8362 ], [ 92.9357, 12.8395 ], [ 92.9373, 12.8358 ], [ 92.9413, 12.8355 ], [ 92.9491, 12.8382 ], [ 92.9438, 12.826 ], [ 92.9545, 12.8064 ], [ 92.9487, 12.7996 ], [ 92.9511, 12.7952 ], [ 92.9343, 12.7835 ], [ 92.9334, 12.7742 ], [ 92.9264, 12.7744 ], [ 92.9332, 12.7737 ], [ 92.9389, 12.7675 ], [ 92.9499, 12.7701 ], [ 92.9482, 12.7622 ], [ 92.9517, 12.7571 ], [ 92.9617, 12.7544 ], [ 92.9616, 12.7473 ], [ 92.9685, 12.7398 ], [ 92.9644, 12.7258 ], [ 92.9675, 12.7205 ], [ 92.9767, 12.7191 ], [ 92.9799, 12.7102 ], [ 92.9776, 12.7078 ], [ 92.9708, 12.713 ], [ 92.9639, 12.7044 ], [ 92.9652, 12.677 ], [ 92.959, 12.6481 ], [ 92.9106, 12.6503 ], [ 92.9037, 12.6467 ], [ 92.8977, 12.6427 ], [ 92.9012, 12.639 ], [ 92.899, 12.6349 ], [ 92.8926, 12.6322 ], [ 92.8907, 12.6368 ], [ 92.8873, 12.632 ], [ 92.8929, 12.6266 ], [ 92.8959, 12.6132 ], [ 92.7823, 12.613 ], [ 92.786, 12.6245 ], [ 92.7799, 12.632 ], [ 92.7839, 12.6553 ], [ 92.7813, 12.6593 ], [ 92.7842, 12.6602 ], [ 92.7791, 12.671 ], [ 92.7871, 12.7036 ], [ 92.7863, 12.7089 ], [ 92.7819, 12.7108 ], [ 92.7844, 12.7129 ], [ 92.7809, 12.7247 ], [ 92.7831, 12.725 ], [ 92.7795, 12.728 ], [ 92.7826, 12.7329 ], [ 92.7812, 12.7404 ], [ 92.7809, 12.736 ], [ 92.7777, 12.7378 ], [ 92.7779, 12.7368 ], [ 92.7807, 12.7348 ], [ 92.7764, 12.7352 ], [ 92.7723, 12.7287 ], [ 92.7696, 12.7294 ], [ 92.7729, 12.7281 ], [ 92.777, 12.7348 ], [ 92.7818, 12.7337 ], [ 92.7788, 12.7284 ], [ 92.7816, 12.7201 ], [ 92.7758, 12.7184 ], [ 92.7773, 12.7135 ], [ 92.7847, 12.708 ], [ 92.783, 12.6924 ], [ 92.7694, 12.6731 ], [ 92.762, 12.6713 ], [ 92.75, 12.675 ], [ 92.743, 12.6702 ], [ 92.7403, 12.673 ], [ 92.732, 12.6726 ], [ 92.7317, 12.6754 ], [ 92.7348, 12.6843 ], [ 92.7306, 12.6907 ], [ 92.7262, 12.6906 ], [ 92.7264, 12.6941 ], [ 92.7296, 12.6987 ], [ 92.7328, 12.6987 ], [ 92.7311, 12.6961 ], [ 92.7418, 12.701 ], [ 92.7379, 12.7101 ], [ 92.7394, 12.721 ], [ 92.7458, 12.7228 ], [ 92.7396, 12.7263 ], [ 92.7396, 12.7328 ], [ 92.7375, 12.7366 ], [ 92.7404, 12.739 ], [ 92.7396, 12.7397 ], [ 92.7389, 12.7396 ], [ 92.7374, 12.7368 ], [ 92.7297, 12.7439 ], [ 92.7312, 12.7536 ], [ 92.72, 12.7903 ], [ 92.7248, 12.7978 ], [ 92.7312, 12.7975 ], [ 92.7321, 12.7933 ], [ 92.7357, 12.7936 ], [ 92.7327, 12.7893 ], [ 92.7377, 12.7792 ], [ 92.7358, 12.7926 ], [ 92.739, 12.7909 ], [ 92.7377, 12.7957 ], [ 92.7367, 12.7957 ], [ 92.7375, 12.7943 ], [ 92.7347, 12.7946 ], [ 92.7331, 12.7942 ], [ 92.7321, 12.7945 ], [ 92.7312, 12.8017 ], [ 92.7301, 12.8015 ], [ 92.7294, 12.7993 ], [ 92.7278, 12.7999 ], [ 92.721, 12.7965 ], [ 92.7202, 12.7975 ], [ 92.7223, 12.8259 ], [ 92.7305, 12.8362 ], [ 92.7353, 12.8073 ], [ 92.7377, 12.8044 ], [ 92.7354, 12.8098 ], [ 92.7381, 12.8118 ], [ 92.7391, 12.837 ], [ 92.7426, 12.8207 ], [ 92.743, 12.839 ], [ 92.7455, 12.8428 ], [ 92.7475, 12.8368 ], [ 92.7477, 12.8375 ], [ 92.7475, 12.8389 ], [ 92.7477, 12.8397 ], [ 92.7468, 12.8407 ], [ 92.7485, 12.8435 ], [ 92.7536, 12.8455 ], [ 92.7525, 12.848 ], [ 92.7561, 12.8468 ], [ 92.7643, 12.8333 ], [ 92.7634, 12.8259 ], [ 92.7608, 12.8266 ], [ 92.7556, 12.8237 ], [ 92.7554, 12.8232 ], [ 92.761, 12.8242 ], [ 92.7612, 12.8264 ], [ 92.7655, 12.8188 ], [ 92.7649, 12.8336 ], [ 92.7622, 12.8383 ], [ 92.7655, 12.8357 ], [ 92.7663, 12.8484 ], [ 92.7727, 12.8426 ], [ 92.7721, 12.8317 ], [ 92.7793, 12.8241 ], [ 92.7794, 12.7991 ], [ 92.7866, 12.7861 ], [ 92.783, 12.7818 ], [ 92.7832, 12.7757 ], [ 92.7804, 12.7763 ], [ 92.7842, 12.7713 ], [ 92.7823, 12.7709 ], [ 92.7794, 12.762 ], [ 92.78, 12.7622 ], [ 92.7806, 12.7632 ], [ 92.7811, 12.7662 ], [ 92.7826, 12.7676 ], [ 92.7827, 12.7709 ], [ 92.7838, 12.7621 ], [ 92.7847, 12.7646 ], [ 92.7842, 12.7661 ], [ 92.785, 12.7671 ], [ 92.7838, 12.7754 ], [ 92.785, 12.7772 ], [ 92.7872, 12.7768 ], [ 92.7875, 12.779 ], [ 92.7908, 12.7739 ], [ 92.7934, 12.7744 ], [ 92.7931, 12.7749 ], [ 92.7924, 12.7752 ], [ 92.7909, 12.7742 ], [ 92.7875, 12.7792 ], [ 92.786, 12.7785 ], [ 92.7865, 12.7774 ], [ 92.7847, 12.7773 ], [ 92.7838, 12.7757 ], [ 92.7835, 12.7816 ], [ 92.7868, 12.785 ], [ 92.7871, 12.7865 ], [ 92.7804, 12.8051 ], [ 92.7895, 12.8149 ], [ 92.7922, 12.8097 ], [ 92.7903, 12.8075 ], [ 92.792, 12.7996 ], [ 92.7949, 12.7987 ], [ 92.7924, 12.7934 ], [ 92.7947, 12.7937 ], [ 92.7952, 12.7991 ], [ 92.7941, 12.8002 ], [ 92.7924, 12.7996 ], [ 92.7926, 12.805 ], [ 92.7907, 12.8076 ], [ 92.7927, 12.8094 ], [ 92.7939, 12.8134 ], [ 92.7961, 12.8122 ], [ 92.7997, 12.8134 ], [ 92.7976, 12.8055 ], [ 92.8002, 12.8046 ], [ 92.8006, 12.8128 ], [ 92.8, 12.8137 ], [ 92.7986, 12.8138 ], [ 92.7963, 12.8125 ], [ 92.795, 12.8136 ], [ 92.7938, 12.8138 ], [ 92.792, 12.8117 ], [ 92.7897, 12.8155 ], [ 92.7877, 12.8153 ], [ 92.7882, 12.8166 ], [ 92.7876, 12.819 ], [ 92.7889, 12.824 ], [ 92.7883, 12.8273 ], [ 92.7892, 12.8289 ], [ 92.7881, 12.8273 ], [ 92.7887, 12.8242 ], [ 92.788, 12.8236 ], [ 92.7873, 12.8188 ], [ 92.788, 12.8167 ], [ 92.7871, 12.8168 ], [ 92.7876, 12.8146 ], [ 92.7821, 12.8092 ], [ 92.7806, 12.8238 ], [ 92.7848, 12.8247 ], [ 92.7857, 12.8329 ], [ 92.7812, 12.8412 ], [ 92.7818, 12.86 ], [ 92.7872, 12.8612 ], [ 92.7895, 12.8497 ], [ 92.793, 12.8445 ], [ 92.7928, 12.8462 ], [ 92.7918, 12.8471 ], [ 92.7925, 12.8475 ], [ 92.7917, 12.8493 ], [ 92.7906, 12.8489 ], [ 92.7915, 12.8499 ], [ 92.7916, 12.8504 ], [ 92.7909, 12.8504 ], [ 92.7901, 12.8495 ], [ 92.7897, 12.8499 ], [ 92.7903, 12.8558 ], [ 92.7884, 12.8615 ], [ 92.7942, 12.8629 ], [ 92.7954, 12.8602 ], [ 92.7988, 12.8595 ], [ 92.7976, 12.8584 ], [ 92.7978, 12.8571 ], [ 92.8016, 12.8517 ], [ 92.8004, 12.8485 ], [ 92.8018, 12.8517 ], [ 92.8002, 12.857 ], [ 92.7979, 12.8576 ], [ 92.7992, 12.8593 ], [ 92.7972, 12.8609 ], [ 92.7956, 12.8605 ], [ 92.7951, 12.8628 ], [ 92.7928, 12.8637 ], [ 92.7967, 12.8648 ], [ 92.8002, 12.8606 ], [ 92.8044, 12.8611 ], [ 92.8017, 12.8619 ], [ 92.8002, 12.8608 ], [ 92.8003, 12.8628 ], [ 92.7966, 12.8651 ], [ 92.792, 12.8646 ], [ 92.7919, 12.8697 ], [ 92.7955, 12.87 ], [ 92.7918, 12.8799 ], [ 92.7956, 12.8843 ], [ 92.7968, 12.8806 ], [ 92.7962, 12.8845 ], [ 92.7914, 12.8842 ], [ 92.7908, 12.8899 ], [ 92.8021, 12.8971 ], [ 92.808, 12.8972 ], [ 92.8084, 12.8931 ], [ 92.8069, 12.8935 ], [ 92.8067, 12.8884 ], [ 92.808, 12.8898 ], [ 92.8071, 12.8932 ], [ 92.808, 12.8925 ], [ 92.8085, 12.8927 ], [ 92.8088, 12.8975 ], [ 92.8228, 12.8959 ], [ 92.8298, 12.8846 ], [ 92.8341, 12.8857 ], [ 92.8407, 12.8916 ], [ 92.8396, 12.8767 ], [ 92.8477, 12.8761 ], [ 92.8444, 12.8751 ], [ 92.8424, 12.872 ], [ 92.8432, 12.8705 ], [ 92.8414, 12.868 ], [ 92.8389, 12.8715 ], [ 92.8405, 12.8659 ], [ 92.8364, 12.8659 ], [ 92.8397, 12.8614 ], [ 92.8401, 12.8625 ], [ 92.8384, 12.8642 ], [ 92.8407, 12.8656 ], [ 92.8404, 12.8674 ], [ 92.8426, 12.8685 ], [ 92.8437, 12.8709 ], [ 92.8428, 12.8719 ], [ 92.8442, 12.8728 ], [ 92.8445, 12.8748 ], [ 92.8469, 12.8749 ], [ 92.8521, 12.8774 ], [ 92.8539, 12.8771 ], [ 92.8527, 12.8735 ], [ 92.8497, 12.874 ], [ 92.8467, 12.8693 ], [ 92.8511, 12.8663 ], [ 92.8451, 12.8622 ], [ 92.8503, 12.8539 ], [ 92.8496, 12.8451 ], [ 92.8486, 12.845 ], [ 92.8488, 12.847 ], [ 92.8475, 12.8477 ], [ 92.8382, 12.8444 ], [ 92.8363, 12.8471 ], [ 92.8407, 12.8373 ], [ 92.8367, 12.837 ], [ 92.8355, 12.835 ], [ 92.8317, 12.8369 ], [ 92.8318, 12.8364 ], [ 92.8354, 12.8347 ], [ 92.8371, 12.8367 ], [ 92.8378, 12.8353 ], [ 92.8405, 12.8365 ], [ 92.8419, 12.8396 ], [ 92.8414, 12.8411 ], [ 92.8392, 12.8415 ], [ 92.8401, 12.8426 ], [ 92.8382, 12.8442 ], [ 92.846, 12.8457 ], [ 92.8478, 12.8474 ], [ 92.8482, 12.8449 ], [ 92.8494, 12.8444 ], [ 92.8501, 12.845 ], [ 92.8508, 12.8538 ], [ 92.8455, 12.862 ], [ 92.8489, 12.8629 ], [ 92.8519, 12.8663 ], [ 92.8515, 12.8673 ], [ 92.8472, 12.8692 ], [ 92.8498, 12.8731 ], [ 92.8528, 12.873 ], [ 92.8547, 12.8776 ], [ 92.8606, 12.8773 ], [ 92.8622, 12.8783 ], [ 92.8619, 12.8784 ] ], [ [ 92.9356, 12.8398 ], [ 92.9304, 12.8384 ], [ 92.9274, 12.8327 ], [ 92.929, 12.8316 ], [ 92.9267, 12.8318 ], [ 92.9241, 12.83 ], [ 92.9226, 12.8261 ], [ 92.9226, 12.822 ], [ 92.9254, 12.8172 ], [ 92.9298, 12.8165 ], [ 92.9262, 12.8131 ], [ 92.9244, 12.8011 ], [ 92.9262, 12.8032 ], [ 92.928, 12.8092 ], [ 92.9269, 12.8134 ], [ 92.9289, 12.8142 ], [ 92.9306, 12.8163 ], [ 92.9229, 12.8221 ], [ 92.9256, 12.8271 ], [ 92.9243, 12.8295 ], [ 92.9271, 12.83 ], [ 92.9269, 12.8314 ], [ 92.9287, 12.8311 ], [ 92.9295, 12.8316 ], [ 92.9291, 12.8325 ], [ 92.9278, 12.8326 ], [ 92.9313, 12.835 ], [ 92.931, 12.8358 ], [ 92.9297, 12.8362 ], [ 92.9319, 12.8369 ], [ 92.9309, 12.8384 ], [ 92.9357, 12.8395 ], [ 92.9356, 12.8398 ] ], [ [ 92.7896, 12.7258 ], [ 92.7869, 12.7268 ], [ 92.7831, 12.725 ], [ 92.7896, 12.7258 ] ], [ [ 92.7691, 12.7295 ], [ 92.7688, 12.7223 ], [ 92.7679, 12.7238 ], [ 92.7616, 12.7228 ], [ 92.7641, 12.7221 ], [ 92.7679, 12.7235 ], [ 92.7671, 12.7219 ], [ 92.7677, 12.7214 ], [ 92.7693, 12.7225 ], [ 92.7696, 12.7294 ], [ 92.7691, 12.7295 ] ], [ [ 92.7438, 12.7019 ], [ 92.7447, 12.6992 ], [ 92.7436, 12.7065 ], [ 92.743, 12.7058 ], [ 92.7437, 12.704 ], [ 92.7415, 12.7023 ], [ 92.7418, 12.701 ], [ 92.7438, 12.7019 ] ], [ [ 92.7536, 12.8192 ], [ 92.7551, 12.8196 ], [ 92.7554, 12.8232 ], [ 92.7536, 12.8192 ] ], [ [ 92.7534, 12.8189 ], [ 92.7541, 12.8177 ], [ 92.7536, 12.8192 ], [ 92.7534, 12.8189 ] ], [ [ 92.8331, 12.8288 ], [ 92.8277, 12.8322 ], [ 92.8259, 12.831 ], [ 92.8251, 12.8257 ], [ 92.8266, 12.8244 ], [ 92.8246, 12.8242 ], [ 92.8234, 12.8231 ], [ 92.8289, 12.8189 ], [ 92.8291, 12.8172 ], [ 92.827, 12.8163 ], [ 92.8267, 12.814 ], [ 92.8276, 12.8103 ], [ 92.8284, 12.8101 ], [ 92.8279, 12.8105 ], [ 92.8276, 12.813 ], [ 92.827, 12.814 ], [ 92.8281, 12.815 ], [ 92.8272, 12.8161 ], [ 92.8294, 12.8172 ], [ 92.829, 12.8192 ], [ 92.8248, 12.8233 ], [ 92.8237, 12.8232 ], [ 92.825, 12.824 ], [ 92.8263, 12.8238 ], [ 92.8268, 12.8243 ], [ 92.8265, 12.8249 ], [ 92.8254, 12.8256 ], [ 92.8271, 12.8261 ], [ 92.8273, 12.8266 ], [ 92.8262, 12.8309 ], [ 92.8276, 12.832 ], [ 92.8301, 12.8285 ], [ 92.8335, 12.8286 ], [ 92.8318, 12.8364 ], [ 92.8331, 12.8288 ] ], [ [ 92.8624, 12.8636 ], [ 92.8646, 12.8688 ], [ 92.8625, 12.8783 ], [ 92.8622, 12.8783 ], [ 92.8624, 12.8636 ] ] ], [ [ [ 92.677, 12.9476 ], [ 92.6776, 12.9472 ], [ 92.6766, 12.9472 ], [ 92.677, 12.9476 ] ] ], [ [ [ 92.6702, 12.9478 ], [ 92.6695, 12.9498 ], [ 92.6722, 12.9494 ], [ 92.6702, 12.9478 ] ] ], [ [ [ 92.6722, 12.9489 ], [ 92.6746, 12.9498 ], [ 92.6749, 12.9484 ], [ 92.6722, 12.9489 ] ] ], [ [ [ 92.6684, 12.9495 ], [ 92.6663, 12.9502 ], [ 92.6684, 12.9511 ], [ 92.6684, 12.9495 ] ] ], [ [ [ 92.6681, 12.9514 ], [ 92.667, 12.9518 ], [ 92.6682, 12.9518 ], [ 92.6681, 12.9514 ] ] ], [ [ [ 92.6691, 12.9502 ], [ 92.6693, 12.9518 ], [ 92.6709, 12.9501 ], [ 92.6691, 12.9502 ] ] ], [ [ [ 92.8896, 12.9314 ], [ 92.8891, 12.9326 ], [ 92.8916, 12.932 ], [ 92.8896, 12.9314 ] ] ], [ [ [ 92.6695, 12.9532 ], [ 92.67, 12.9528 ], [ 92.6688, 12.9527 ], [ 92.6695, 12.9532 ] ] ], [ [ [ 92.6667, 12.9531 ], [ 92.6687, 12.956 ], [ 92.6683, 12.9526 ], [ 92.6667, 12.9531 ] ] ], [ [ [ 92.8875, 12.9331 ], [ 92.8878, 12.9367 ], [ 92.8933, 12.9365 ], [ 92.8875, 12.9331 ] ] ], [ [ [ 92.8984, 12.9415 ], [ 92.8993, 12.9405 ], [ 92.8991, 12.9404 ], [ 92.8984, 12.9415 ] ] ], [ [ [ 92.9023, 12.9405 ], [ 92.9028, 12.9374 ], [ 92.9009, 12.9388 ], [ 92.899, 12.9418 ], [ 92.9023, 12.9405 ] ] ], [ [ [ 92.9019, 12.9408 ], [ 92.8991, 12.9423 ], [ 92.9015, 12.9418 ], [ 92.9019, 12.9408 ] ] ], [ [ [ 92.8984, 12.9416 ], [ 92.8982, 12.9424 ], [ 92.8991, 12.9421 ], [ 92.8984, 12.9416 ] ] ], [ [ [ 92.7193, 12.981 ], [ 92.7169, 12.9505 ], [ 92.7136, 12.9435 ], [ 92.7098, 12.946 ], [ 92.7126, 12.9432 ], [ 92.7141, 12.9428 ], [ 92.7193, 12.9475 ], [ 92.7215, 12.9446 ], [ 92.7205, 12.925 ], [ 92.714, 12.9228 ], [ 92.7198, 12.92 ], [ 92.7207, 12.8896 ], [ 92.7182, 12.8813 ], [ 92.7073, 12.8839 ], [ 92.7016, 12.8773 ], [ 92.7041, 12.877 ], [ 92.7088, 12.8833 ], [ 92.7187, 12.8748 ], [ 92.7139, 12.8632 ], [ 92.7028, 12.853 ], [ 92.6996, 12.8402 ], [ 92.6913, 12.835 ], [ 92.6786, 12.8391 ], [ 92.6752, 12.8361 ], [ 92.6711, 12.8376 ], [ 92.6781, 12.832 ], [ 92.6737, 12.832 ], [ 92.6767, 12.8298 ], [ 92.6746, 12.8226 ], [ 92.6836, 12.8298 ], [ 92.6881, 12.817 ], [ 92.6861, 12.8104 ], [ 92.683, 12.812 ], [ 92.682, 12.8087 ], [ 92.6746, 12.8073 ], [ 92.6673, 12.7826 ], [ 92.6666, 12.7911 ], [ 92.6577, 12.7953 ], [ 92.6639, 12.7986 ], [ 92.6655, 12.8079 ], [ 92.6469, 12.862 ], [ 92.65, 12.8598 ], [ 92.6496, 12.8666 ], [ 92.6635, 12.8822 ], [ 92.6694, 12.923 ], [ 92.679, 12.9422 ], [ 92.6795, 12.9485 ], [ 92.6788, 12.9493 ], [ 92.6782, 12.9493 ], [ 92.6771, 12.9478 ], [ 92.6761, 12.9499 ], [ 92.6716, 12.9502 ], [ 92.669, 12.9576 ], [ 92.6681, 12.9572 ], [ 92.6697, 12.9661 ], [ 92.6823, 12.985 ], [ 92.6876, 12.9902 ], [ 92.6948, 12.9914 ], [ 92.7, 12.9879 ], [ 92.7099, 12.9881 ], [ 92.7137, 12.9836 ], [ 92.7123, 12.9826 ], [ 92.7193, 12.981 ] ], [ [ 92.7089, 12.98 ], [ 92.7099, 12.9781 ], [ 92.7133, 12.9803 ], [ 92.7123, 12.9826 ], [ 92.7089, 12.98 ] ] ] ] } },
{ "type": "Feature", "properties": { "unit_id": "IND.1.2.1_1", "name": "Diglipur", "district": "North & Middle Andaman", "did": "andaman_nicobar:North & Middle Andaman", "state_key": "andaman_nicobar" }, "geometry": { "type": "MultiPolygon", "coordinates": [ [ [ [ 92.8876, 12.9283 ], [ 92.8797, 12.9199 ], [ 92.874, 12.9246 ], [ 92.8717, 12.9154 ], [ 92.862, 12.9187 ], [ 92.8577, 12.9301 ], [ 92.8606, 12.934 ], [ 92.8748, 12.9349 ], [ 92.8876, 12.9283 ] ] ], [ [ [ 92.8777, 12.9627 ], [ 92.8789, 12.962 ], [ 92.8778, 12.9615 ], [ 92.8777, 12.9627 ] ] ], [ [ [ 92.8816, 12.9665 ], [ 92.8823, 12.9665 ], [ 92.882, 12.9655 ], [ 92.8816, 12.9665 ] ] ], [ [ [ 92.8867, 12.9804 ], [ 92.8871, 12.9796 ], [ 92.8858, 12.9799 ], [ 92.8867, 12.9804 ] ] ], [ [ [ 92.8886, 12.9807 ], [ 92.8881, 12.9809 ], [ 92.8888, 12.9812 ], [ 92.8886, 12.9807 ] ] ], [ [ [ 92.8928, 12.9831 ], [ 92.8931, 12.984 ], [ 92.8934, 12.9831 ], [ 92.8928, 12.9831 ] ] ], [ [ [ 92.9779, 12.9877 ], [ 92.9781, 12.987 ], [ 92.9767, 12.9869 ], [ 92.9779, 12.9877 ] ] ], [ [ [ 92.8325, 13.0028 ], [ 92.8331, 13.0021 ], [ 92.8309, 13.0014 ], [ 92.8325, 13.0028 ] ] ], [ [ [ 92.9729, 12.9944 ], [ 92.9733, 12.9945 ], [ 92.9728, 12.9942 ], [ 92.9729, 12.9944 ] ] ], [ [ [ 92.7845, 13.0131 ], [ 92.7845, 13.0135 ], [ 92.7847, 13.0132 ], [ 92.7845, 13.0131 ] ] ], [ [ [ 92.9703, 12.9996 ], [ 92.9704, 12.9996 ], [ 92.9703, 12.9991 ], [ 92.9703, 12.9996 ] ] ], [ [ [ 93.0053, 12.9923 ], [ 92.9925, 12.9837 ], [ 92.9917, 12.9781 ], [ 92.9814, 12.9679 ], [ 92.9882, 12.9548 ], [ 92.9797, 12.9473 ], [ 92.9821, 12.932 ], [ 92.9777, 12.928 ], [ 92.976, 12.9324 ], [ 92.9694, 12.9347 ], [ 92.968, 12.9425 ], [ 92.9588, 12.9414 ], [ 92.9532, 12.9343 ], [ 92.9503, 12.9411 ], [ 92.9573, 12.949 ], [ 92.9726, 12.9464 ], [ 92.967, 12.9503 ], [ 92.9687, 12.9537 ], [ 92.9537, 12.9579 ], [ 92.9526, 12.9682 ], [ 92.9587, 12.9652 ], [ 92.9614, 12.9695 ], [ 92.9568, 12.9707 ], [ 92.9591, 12.9734 ], [ 92.9511, 12.9802 ], [ 92.9578, 12.9895 ], [ 92.9634, 12.9903 ], [ 92.971, 12.9825 ], [ 92.9651, 12.978 ], [ 92.972, 12.9703 ], [ 92.9871, 12.9856 ], [ 92.9844, 12.9944 ], [ 92.9928, 12.9919 ], [ 93.0074, 12.9992 ], [ 93.0053, 12.9923 ] ] ], [ [ [ 92.9857, 12.9979 ], [ 92.986, 13.0011 ], [ 92.9882, 12.9984 ], [ 92.9857, 12.9979 ] ] ], [ [ [ 92.9441, 13.025 ], [ 92.9449, 13.026 ], [ 92.9484, 13.0247 ], [ 92.9493, 13.0186 ], [ 92.9441, 13.025 ] ] ], [ [ [ 92.939, 13.0259 ], [ 92.9381, 13.0216 ], [ 92.9423, 13.0192 ], [ 92.9391, 13.0102 ], [ 92.9462, 12.9987 ], [ 92.9416, 12.9942 ], [ 92.9349, 12.9946 ], [ 92.931, 13.0 ], [ 92.9289, 12.9977 ], [ 92.9198, 13.0 ], [ 92.9135, 13.011 ], [ 92.9207, 13.0313 ], [ 92.9298, 13.0254 ], [ 92.939, 13.0259 ] ] ], [ [ [ 92.7855, 13.0557 ], [ 92.7857, 13.0554 ], [ 92.7853, 13.0553 ], [ 92.7855, 13.0557 ] ] ], [ [ [ 92.7878, 13.0602 ], [ 92.7875, 13.0606 ], [ 92.7881, 13.0605 ], [ 92.7878, 13.0602 ] ] ], [ [ [ 92.9302, 13.0512 ], [ 92.9312, 13.0545 ], [ 92.9331, 13.0515 ], [ 92.9319, 13.0487 ], [ 92.9302, 13.0512 ] ] ], [ [ [ 92.7951, 13.076 ], [ 92.7949, 13.077 ], [ 92.7954, 13.0764 ], [ 92.7951, 13.076 ] ] ], [ [ [ 92.912, 13.0582 ], [ 92.9131, 13.0673 ], [ 92.9158, 13.0632 ], [ 92.9187, 13.0542 ], [ 92.912, 13.0582 ] ] ], [ [ [ 92.9132, 13.069 ], [ 92.9144, 13.0684 ], [ 92.9129, 13.0684 ], [ 92.9132, 13.069 ] ] ], [ [ [ 92.9096, 13.0764 ], [ 92.9108, 13.0761 ], [ 92.9099, 13.075 ], [ 92.9096, 13.0764 ] ] ], [ [ [ 92.7278, 13.0934 ], [ 92.7307, 13.096 ], [ 92.731, 13.0938 ], [ 92.7276, 13.0899 ], [ 92.7278, 13.0934 ] ] ], [ [ [ 92.7193, 13.0946 ], [ 92.7115, 13.091 ], [ 92.7032, 13.0803 ], [ 92.706, 13.0709 ], [ 92.7006, 13.0698 ], [ 92.6947, 13.0966 ], [ 92.6989, 13.0993 ], [ 92.704, 13.0957 ], [ 92.7194, 13.0987 ], [ 92.7193, 13.0946 ] ] ], [ [ [ 92.7929, 13.0934 ], [ 92.7931, 13.093 ], [ 92.7927, 13.0927 ], [ 92.7929, 13.0934 ] ] ], [ [ [ 92.7929, 13.0936 ], [ 92.7928, 13.0941 ], [ 92.7933, 13.0939 ], [ 92.7929, 13.0936 ] ] ], [ [ [ 92.8406, 13.1439 ], [ 92.8408, 13.1433 ], [ 92.84, 13.1436 ], [ 92.8406, 13.1439 ] ] ], [ [ [ 92.8086, 13.1499 ], [ 92.8087, 13.1493 ], [ 92.8077, 13.1481 ], [ 92.8086, 13.1499 ] ] ], [ [ [ 92.8043, 13.1522 ], [ 92.8034, 13.153 ], [ 92.8048, 13.1529 ], [ 92.8043, 13.1522 ] ] ], [ [ [ 92.8096, 13.164 ], [ 92.8098, 13.1633 ], [ 92.8093, 13.1631 ], [ 92.8096, 13.164 ] ] ], [ [ [ 92.8104, 13.1664 ], [ 92.8092, 13.167 ], [ 92.8103, 13.1671 ], [ 92.8104, 13.1664 ] ] ], [ [ [ 92.8106, 13.1687 ], [ 92.8097, 13.1686 ], [ 92.8105, 13.1689 ], [ 92.8106, 13.1687 ] ] ], [ [ [ 92.7925, 13.1694 ], [ 92.7931, 13.1714 ], [ 92.7961, 13.1707 ], [ 92.7943, 13.1675 ], [ 92.7925, 13.1694 ] ] ], [ [ [ 92.7922, 13.1708 ], [ 92.7915, 13.1713 ], [ 92.7926, 13.1712 ], [ 92.7922, 13.1708 ] ] ], [ [ [ 92.8225, 13.2069 ], [ 92.8227, 13.2082 ], [ 92.8256, 13.2084 ], [ 92.8225, 13.2069 ] ] ], [ [ [ 92.8255, 13.2113 ], [ 92.8266, 13.2112 ], [ 92.8262, 13.2092 ], [ 92.8255, 13.2113 ] ] ], [ [ [ 92.8277, 13.2117 ], [ 92.8287, 13.2109 ], [ 92.8278, 13.2103 ], [ 92.8277, 13.2117 ] ] ], [ [ [ 93.0607, 13.2198 ], [ 93.0568, 13.2273 ], [ 93.0613, 13.2207 ], [ 93.0607, 13.2198 ] ] ], [ [ [ 93.0591, 13.2271 ], [ 93.0597, 13.2283 ], [ 93.061, 13.2277 ], [ 93.0605, 13.2248 ], [ 93.0591, 13.2271 ] ] ], [ [ [ 92.8392, 13.2492 ], [ 92.8394, 13.2489 ], [ 92.8387, 13.2489 ], [ 92.8392, 13.2492 ] ] ], [ [ [ 93.0487, 13.2621 ], [ 93.0479, 13.2633 ], [ 93.0495, 13.2629 ], [ 93.0487, 13.2621 ] ] ], [ [ [ 92.8001, 13.2869 ], [ 92.8003, 13.286 ], [ 92.7998, 13.2858 ], [ 92.8001, 13.2869 ] ] ], [ [ [ 92.8168, 13.2816 ], [ 92.8131, 13.2871 ], [ 92.8192, 13.2857 ], [ 92.8168, 13.2816 ] ] ], [ [ [ 93.0679, 13.2672 ], [ 93.068, 13.2668 ], [ 93.0676, 13.2669 ], [ 93.0679, 13.2672 ] ] ], [ [ [ 93.0684, 13.2676 ], [ 93.0685, 13.2674 ], [ 93.068, 13.2673 ], [ 93.0684, 13.2676 ] ] ], [ [ [ 93.0682, 13.2681 ], [ 93.0683, 13.268 ], [ 93.0678, 13.2679 ], [ 93.0682, 13.2681 ] ] ], [ [ [ 93.0683, 13.269 ], [ 93.0685, 13.2689 ], [ 93.0682, 13.2688 ], [ 93.0683, 13.269 ] ] ], [ [ [ 93.0709, 13.2729 ], [ 93.071, 13.2728 ], [ 93.0707, 13.2727 ], [ 93.0709, 13.2729 ] ] ], [ [ [ 93.0704, 13.2732 ], [ 93.0705, 13.273 ], [ 93.0703, 13.273 ], [ 93.0704, 13.2732 ] ] ], [ [ [ 93.0699, 13.2734 ], [ 93.0701, 13.2733 ], [ 93.0698, 13.2731 ], [ 93.0699, 13.2734 ] ] ], [ [ [ 93.0711, 13.2736 ], [ 93.0711, 13.2735 ], [ 93.0709, 13.2733 ], [ 93.0711, 13.2736 ] ] ], [ [ [ 93.0706, 13.2738 ], [ 93.0707, 13.2737 ], [ 93.0705, 13.2735 ], [ 93.0706, 13.2738 ] ] ], [ [ [ 93.0717, 13.2741 ], [ 93.0718, 13.2739 ], [ 93.0713, 13.2738 ], [ 93.0717, 13.2741 ] ] ], [ [ [ 93.0703, 13.2742 ], [ 93.0704, 13.2738 ], [ 93.0701, 13.274 ], [ 93.0703, 13.2742 ] ] ], [ [ [ 93.071, 13.2743 ], [ 93.0712, 13.2742 ], [ 93.0709, 13.2741 ], [ 93.071, 13.2743 ] ] ], [ [ [ 93.0707, 13.2751 ], [ 93.0708, 13.2747 ], [ 93.0704, 13.2749 ], [ 93.0707, 13.2751 ] ] ], [ [ [ 93.0312, 13.2804 ], [ 93.0326, 13.2807 ], [ 93.0321, 13.2795 ], [ 93.0312, 13.2804 ] ] ], [ [ [ 93.0153, 13.2831 ], [ 93.0134, 13.2848 ], [ 93.0165, 13.285 ], [ 93.0153, 13.2831 ] ] ], [ [ [ 93.0213, 13.2947 ], [ 93.0214, 13.2945 ], [ 93.021, 13.2945 ], [ 93.0213, 13.2947 ] ] ], [ [ [ 93.0218, 13.2953 ], [ 93.0219, 13.2952 ], [ 93.0214, 13.2951 ], [ 93.0218, 13.2953 ] ] ], [ [ [ 92.9851, 13.3 ], [ 92.9851, 13.2995 ], [ 92.983, 13.299 ], [ 92.9851, 13.3 ] ] ], [ [ [ 93.0447, 13.2942 ], [ 93.0492, 13.2961 ], [ 93.0485, 13.2932 ], [ 93.0447, 13.2942 ] ] ], [ [ [ 93.0797, 13.295 ], [ 93.0802, 13.2951 ], [ 93.0798, 13.2949 ], [ 93.0797, 13.295 ] ] ], [ [ [ 93.0758, 13.2958 ], [ 93.0759, 13.2955 ], [ 93.0756, 13.2958 ], [ 93.0758, 13.2958 ] ] ], [ [ [ 93.0775, 13.296 ], [ 93.0776, 13.2957 ], [ 93.0773, 13.2959 ], [ 93.0775, 13.296 ] ] ], [ [ [ 93.0781, 13.296 ], [ 93.0782, 13.2957 ], [ 93.0778, 13.2959 ], [ 93.0781, 13.296 ] ] ], [ [ [ 93.0768, 13.2962 ], [ 93.077, 13.2959 ], [ 93.0767, 13.2959 ], [ 93.0768, 13.2962 ] ] ], [ [ [ 93.0757, 13.2959 ], [ 93.0759, 13.2963 ], [ 93.076, 13.2959 ], [ 93.0757, 13.2959 ] ] ], [ [ [ 93.0785, 13.2963 ], [ 93.0786, 13.2962 ], [ 93.0784, 13.2961 ], [ 93.0785, 13.2963 ] ] ], [ [ [ 93.0761, 13.2962 ], [ 93.0759, 13.2965 ], [ 93.0761, 13.2966 ], [ 93.0761, 13.2962 ] ] ], [ [ [ 93.0776, 13.2965 ], [ 93.0777, 13.2962 ], [ 93.0774, 13.2964 ], [ 93.0776, 13.2965 ] ] ], [ [ [ 93.0786, 13.2969 ], [ 93.0788, 13.2968 ], [ 93.0785, 13.2966 ], [ 93.0786, 13.2969 ] ] ], [ [ [ 93.0819, 13.2975 ], [ 93.0821, 13.2974 ], [ 93.0818, 13.2971 ], [ 93.0819, 13.2975 ] ] ], [ [ [ 93.0799, 13.2979 ], [ 93.08, 13.2978 ], [ 93.0797, 13.2975 ], [ 93.0799, 13.2979 ] ] ], [ [ [ 93.0805, 13.2981 ], [ 93.0806, 13.2984 ], [ 93.0808, 13.2981 ], [ 93.0805, 13.2981 ] ] ], [ [ [ 93.0815, 13.2989 ], [ 93.0814, 13.2987 ], [ 93.0811, 13.2987 ], [ 93.0815, 13.2989 ] ] ], [ [ [ 93.082, 13.3 ], [ 93.0821, 13.2999 ], [ 93.0819, 13.2996 ], [ 93.082, 13.3 ] ] ], [ [ [ 93.0823, 13.3002 ], [ 93.0826, 13.3001 ], [ 93.0823, 13.2999 ], [ 93.0823, 13.3002 ] ] ], [ [ [ 93.0828, 13.3003 ], [ 93.083, 13.3003 ], [ 93.0828, 13.3002 ], [ 93.0828, 13.3003 ] ] ], [ [ [ 93.0216, 13.3153 ], [ 93.0218, 13.3152 ], [ 93.0216, 13.315 ], [ 93.0216, 13.3153 ] ] ], [ [ [ 93.0222, 13.316 ], [ 93.0224, 13.3159 ], [ 93.0221, 13.3157 ], [ 93.0222, 13.316 ] ] ], [ [ [ 93.0221, 13.3166 ], [ 93.0222, 13.3164 ], [ 93.0219, 13.3164 ], [ 93.0221, 13.3166 ] ] ], [ [ [ 93.0213, 13.3185 ], [ 93.0215, 13.3184 ], [ 93.0213, 13.3181 ], [ 93.0213, 13.3185 ] ] ], [ [ [ 93.0098, 13.3092 ], [ 93.0114, 13.3011 ], [ 93.0108, 13.3029 ], [ 93.0022, 13.3043 ], [ 93.0005, 13.303 ], [ 93.0002, 13.3002 ], [ 92.9979, 13.3005 ], [ 92.997, 13.3002 ], [ 92.9949, 13.2976 ], [ 92.9968, 13.3079 ], [ 93.0078, 13.3209 ], [ 93.008, 13.3163 ], [ 93.005, 13.3065 ], [ 93.0098, 13.3092 ] ] ], [ [ [ 93.0002, 13.3162 ], [ 92.9943, 13.3189 ], [ 92.9972, 13.3221 ], [ 93.0055, 13.3228 ], [ 93.0002, 13.3162 ] ] ], [ [ [ 93.0198, 13.3165 ], [ 93.0212, 13.3016 ], [ 93.0138, 13.3087 ], [ 93.0161, 13.3279 ], [ 93.0228, 13.3288 ], [ 93.0198, 13.3165 ] ] ], [ [ [ 92.967, 13.3325 ], [ 92.9639, 13.3354 ], [ 92.9696, 13.3386 ], [ 92.967, 13.3325 ] ] ], [ [ [ 93.0066, 13.3351 ], [ 93.007, 13.3368 ], [ 93.0083, 13.3357 ], [ 93.0066, 13.3351 ] ] ], [ [ [ 93.0151, 13.3393 ], [ 93.015, 13.3382 ], [ 93.0129, 13.3386 ], [ 93.0151, 13.3393 ] ] ], [ [ [ 93.0201, 13.3381 ], [ 93.0174, 13.3367 ], [ 93.0158, 13.3432 ], [ 93.0198, 13.3451 ], [ 93.0201, 13.3381 ] ] ], [ [ [ 93.0353, 13.3428 ], [ 93.0376, 13.3446 ], [ 93.0386, 13.3434 ], [ 93.0364, 13.3397 ], [ 93.0353, 13.3428 ] ] ], [ [ [ 92.8292, 13.3694 ], [ 92.8298, 13.3689 ], [ 92.8289, 13.3686 ], [ 92.8292, 13.3694 ] ] ], [ [ [ 93.035, 13.3615 ], [ 93.0361, 13.3613 ], [ 93.0353, 13.3609 ], [ 93.035, 13.3615 ] ] ], [ [ [ 93.0402, 13.3681 ], [ 93.0403, 13.3665 ], [ 93.0361, 13.3641 ], [ 93.0402, 13.3681 ] ] ], [ [ [ 93.0808, 13.3664 ], [ 93.081, 13.3664 ], [ 93.0806, 13.3662 ], [ 93.0808, 13.3664 ] ] ], [ [ [ 93.0763, 13.3625 ], [ 93.0721, 13.3656 ], [ 93.0774, 13.3635 ], [ 93.0763, 13.3625 ] ] ], [ [ [ 93.0813, 13.3666 ], [ 93.0814, 13.3665 ], [ 93.0811, 13.3665 ], [ 93.0813, 13.3666 ] ] ], [ [ [ 93.0807, 13.3669 ], [ 93.0809, 13.3668 ], [ 93.0806, 13.3667 ], [ 93.0807, 13.3669 ] ] ], [ [ [ 93.0821, 13.3675 ], [ 93.0823, 13.3675 ], [ 93.082, 13.3673 ], [ 93.0821, 13.3675 ] ] ], [ [ [ 93.0817, 13.3703 ], [ 93.0829, 13.3686 ], [ 93.0792, 13.3683 ], [ 93.0817, 13.3703 ] ] ], [ [ [ 93.0347, 13.3746 ], [ 93.036, 13.3746 ], [ 93.0348, 13.374 ], [ 93.0347, 13.3746 ] ] ], [ [ [ 93.0472, 13.369 ], [ 93.0404, 13.3654 ], [ 93.0404, 13.3691 ], [ 93.0363, 13.3706 ], [ 93.0366, 13.374 ], [ 93.0473, 13.3736 ], [ 93.0472, 13.369 ] ] ], [ [ [ 93.0444, 13.3766 ], [ 93.0449, 13.3762 ], [ 93.0441, 13.3761 ], [ 93.0444, 13.3766 ] ] ], [ [ [ 93.0778, 13.3768 ], [ 93.078, 13.3766 ], [ 93.0776, 13.3765 ], [ 93.0778, 13.3768 ] ] ], [ [ [ 93.0799, 13.3771 ], [ 93.0801, 13.377 ], [ 93.0797, 13.3768 ], [ 93.0799, 13.3771 ] ] ], [ [ [ 93.077, 13.3774 ], [ 93.0773, 13.3773 ], [ 93.0771, 13.3771 ], [ 93.077, 13.3774 ] ] ], [ [ [ 93.0776, 13.3775 ], [ 93.0778, 13.3774 ], [ 93.0775, 13.3772 ], [ 93.0776, 13.3775 ] ] ], [ [ [ 93.0798, 13.3763 ], [ 93.0787, 13.3762 ], [ 93.0781, 13.3774 ], [ 93.0792, 13.3771 ], [ 93.0798, 13.3763 ] ] ], [ [ [ 93.0757, 13.2968 ], [ 93.0744, 13.2971 ], [ 93.0741, 13.2976 ], [ 93.0708, 13.2975 ], [ 93.0696, 13.2983 ], [ 93.0676, 13.3062 ], [ 93.0644, 13.3035 ], [ 93.0619, 13.3061 ], [ 93.0585, 13.3289 ], [ 93.0458, 13.3215 ], [ 93.0384, 13.3222 ], [ 93.0398, 13.3394 ], [ 93.0448, 13.3474 ], [ 93.0409, 13.359 ], [ 93.0445, 13.3597 ], [ 93.0421, 13.3611 ], [ 93.0401, 13.3593 ], [ 93.0384, 13.3619 ], [ 93.0424, 13.365 ], [ 93.0438, 13.3611 ], [ 93.0425, 13.3653 ], [ 93.0389, 13.3628 ], [ 93.0399, 13.3647 ], [ 93.0456, 13.3667 ], [ 93.0496, 13.3652 ], [ 93.0459, 13.3673 ], [ 93.0477, 13.3693 ], [ 93.0497, 13.3775 ], [ 93.0538, 13.3831 ], [ 93.0707, 13.3491 ], [ 93.0744, 13.3472 ], [ 93.0787, 13.3495 ], [ 93.0778, 13.3439 ], [ 93.0881, 13.346 ], [ 93.0897, 13.3337 ], [ 93.0762, 13.33 ], [ 93.0715, 13.3227 ], [ 93.0692, 13.3067 ], [ 93.0787, 13.3044 ], [ 93.0781, 13.2963 ], [ 93.0778, 13.2966 ], [ 93.0765, 13.2963 ], [ 93.0761, 13.2966 ], [ 93.0757, 13.2968 ] ] ], [ [ [ 93.0608, 13.3825 ], [ 93.0594, 13.3856 ], [ 93.0669, 13.3859 ], [ 93.0608, 13.3825 ] ] ], [ [ [ 93.0831, 13.3966 ], [ 93.0833, 13.3965 ], [ 93.0829, 13.3964 ], [ 93.0831, 13.3966 ] ] ], [ [ [ 93.0821, 13.3984 ], [ 93.0826, 13.3979 ], [ 93.0816, 13.3966 ], [ 93.0821, 13.3984 ] ] ], [ [ [ 92.8468, 13.4204 ], [ 92.8472, 13.4197 ], [ 92.846, 13.4196 ], [ 92.8468, 13.4204 ] ] ], [ [ [ 92.8618, 13.4226 ], [ 92.863, 13.4216 ], [ 92.8612, 13.4212 ], [ 92.8618, 13.4226 ] ] ], [ [ [ 92.8176, 13.404 ], [ 92.8101, 13.3998 ], [ 92.8055, 13.4024 ], [ 92.811, 13.4148 ], [ 92.8052, 13.4222 ], [ 92.8108, 13.432 ], [ 92.8187, 13.4165 ], [ 92.8176, 13.404 ] ] ], [ [ [ 93.0858, 13.4161 ], [ 93.0921, 13.4227 ], [ 93.0957, 13.4232 ], [ 93.0902, 13.4068 ], [ 93.0858, 13.4161 ] ] ], [ [ [ 92.8387, 13.4207 ], [ 92.831, 13.4184 ], [ 92.8208, 13.4206 ], [ 92.8199, 13.4353 ], [ 92.8243, 13.4397 ], [ 92.8321, 13.4393 ], [ 92.8412, 13.4505 ], [ 92.8461, 13.4309 ], [ 92.8387, 13.4207 ] ] ], [ [ [ 93.0713, 13.4133 ], [ 93.0696, 13.4126 ], [ 93.0655, 13.4226 ], [ 93.0722, 13.4323 ], [ 93.0713, 13.4133 ] ] ], [ [ [ 93.0734, 13.4334 ], [ 93.0742, 13.4331 ], [ 93.0731, 13.4325 ], [ 93.0734, 13.4334 ] ] ], [ [ [ 93.0761, 13.4322 ], [ 93.0758, 13.4338 ], [ 93.077, 13.4321 ], [ 93.0761, 13.4322 ] ] ], [ [ [ 93.0872, 13.4331 ], [ 93.0876, 13.4321 ], [ 93.0866, 13.4324 ], [ 93.0872, 13.4331 ] ] ], [ [ [ 92.8697, 13.4542 ], [ 92.8698, 13.4539 ], [ 92.8693, 13.4538 ], [ 92.8697, 13.4542 ] ] ], [ [ [ 93.1043, 13.4357 ], [ 93.1044, 13.4291 ], [ 93.0958, 13.4314 ], [ 93.0973, 13.4388 ], [ 93.1043, 13.4357 ] ] ], [ [ [ 92.8644, 13.4634 ], [ 92.8671, 13.4643 ], [ 92.8669, 13.4627 ], [ 92.8633, 13.4608 ], [ 92.8644, 13.4634 ] ] ], [ [ [ 92.8725, 13.5018 ], [ 92.8657, 13.5028 ], [ 92.8673, 13.5128 ], [ 92.8737, 13.5136 ], [ 92.8725, 13.5018 ] ] ], [ [ [ 92.9051, 13.52 ], [ 92.905, 13.5211 ], [ 92.9067, 13.5203 ], [ 92.9051, 13.52 ] ] ], [ [ [ 92.9846, 13.5284 ], [ 92.9841, 13.5297 ], [ 92.9852, 13.5294 ], [ 92.9846, 13.5284 ] ] ], [ [ [ 92.8777, 13.5382 ], [ 92.8757, 13.5353 ], [ 92.8733, 13.5383 ], [ 92.875, 13.5409 ], [ 92.8777, 13.5382 ] ] ], [ [ [ 92.912, 13.5338 ], [ 92.9045, 13.5294 ], [ 92.9031, 13.5351 ], [ 92.9085, 13.5383 ], [ 92.912, 13.5338 ] ] ], [ [ [ 92.9778, 13.5366 ], [ 92.9785, 13.5364 ], [ 92.9779, 13.5355 ], [ 92.9778, 13.5366 ] ] ], [ [ [ 92.9144, 13.5442 ], [ 92.9165, 13.5428 ], [ 92.913, 13.5422 ], [ 92.9144, 13.5442 ] ] ], [ [ [ 92.9843, 13.5303 ], [ 92.9838, 13.5298 ], [ 92.9838, 13.5289 ], [ 92.9784, 13.5308 ], [ 92.9785, 13.535 ], [ 92.9832, 13.5335 ], [ 92.9827, 13.5382 ], [ 92.9854, 13.5297 ], [ 92.9843, 13.5303 ] ] ], [ [ [ 93.0556, 13.5621 ], [ 93.0529, 13.5589 ], [ 93.0508, 13.5655 ], [ 93.0572, 13.5668 ], [ 93.0556, 13.5621 ] ] ], [ [ [ 93.0003, 13.5686 ], [ 92.9982, 13.5707 ], [ 93.0023, 13.5708 ], [ 93.0003, 13.5686 ] ] ], [ [ [ 92.8352, 13.1657 ], [ 92.8346, 13.1753 ], [ 92.8265, 13.1827 ], [ 92.8238, 13.1794 ], [ 92.8232, 13.1829 ], [ 92.816, 13.1835 ], [ 92.8208, 13.1861 ], [ 92.8218, 13.1931 ], [ 92.8166, 13.1959 ], [ 92.8215, 13.203 ], [ 92.8181, 13.2026 ], [ 92.8163, 13.1972 ], [ 92.8161, 13.2045 ], [ 92.8191, 13.2077 ], [ 92.8226, 13.2045 ], [ 92.8285, 13.2105 ], [ 92.832, 13.2154 ], [ 92.8225, 13.2167 ], [ 92.8293, 13.2248 ], [ 92.8247, 13.223 ], [ 92.8255, 13.2372 ], [ 92.8305, 13.243 ], [ 92.837, 13.2439 ], [ 92.8397, 13.2392 ], [ 92.8495, 13.2392 ], [ 92.8536, 13.2339 ], [ 92.8509, 13.2285 ], [ 92.8551, 13.219 ], [ 92.8478, 13.2127 ], [ 92.8477, 13.2112 ], [ 92.849, 13.2075 ], [ 92.8542, 13.2091 ], [ 92.8612, 13.2064 ], [ 92.8582, 13.2008 ], [ 92.8629, 13.1965 ], [ 92.8572, 13.1962 ], [ 92.8554, 13.1907 ], [ 92.8557, 13.1905 ], [ 92.8578, 13.196 ], [ 92.8638, 13.1961 ], [ 92.8586, 13.2007 ], [ 92.8621, 13.2066 ], [ 92.8546, 13.2097 ], [ 92.8489, 13.2084 ], [ 92.8486, 13.2124 ], [ 92.8544, 13.2132 ], [ 92.8538, 13.2136 ], [ 92.8509, 13.2134 ], [ 92.856, 13.2196 ], [ 92.8559, 13.2239 ], [ 92.8518, 13.2281 ], [ 92.8548, 13.234 ], [ 92.8515, 13.2397 ], [ 92.8425, 13.2408 ], [ 92.839, 13.2459 ], [ 92.8475, 13.2433 ], [ 92.8513, 13.2516 ], [ 92.8502, 13.2622 ], [ 92.8551, 13.2506 ], [ 92.8547, 13.2541 ], [ 92.858, 13.2523 ], [ 92.8594, 13.2565 ], [ 92.8605, 13.2541 ], [ 92.8624, 13.2529 ], [ 92.862, 13.255 ], [ 92.8636, 13.2537 ], [ 92.8652, 13.2544 ], [ 92.865, 13.2558 ], [ 92.8689, 13.2546 ], [ 92.8704, 13.2583 ], [ 92.8672, 13.2568 ], [ 92.8688, 13.255 ], [ 92.8647, 13.2563 ], [ 92.8639, 13.2553 ], [ 92.8643, 13.2544 ], [ 92.862, 13.2556 ], [ 92.8616, 13.2538 ], [ 92.8599, 13.2569 ], [ 92.8592, 13.2569 ], [ 92.8566, 13.2543 ], [ 92.8577, 13.2526 ], [ 92.8548, 13.2547 ], [ 92.8559, 13.2563 ], [ 92.8495, 13.2632 ], [ 92.8506, 13.2653 ], [ 92.8378, 13.259 ], [ 92.8327, 13.2683 ], [ 92.827, 13.2665 ], [ 92.8242, 13.2702 ], [ 92.8141, 13.2682 ], [ 92.8111, 13.2708 ], [ 92.8136, 13.2755 ], [ 92.8221, 13.2739 ], [ 92.8194, 13.2791 ], [ 92.8233, 13.2896 ], [ 92.838, 13.2881 ], [ 92.8335, 13.2959 ], [ 92.8408, 13.3012 ], [ 92.8399, 13.3045 ], [ 92.8344, 13.3054 ], [ 92.8389, 13.3074 ], [ 92.835, 13.3069 ], [ 92.8336, 13.3036 ], [ 92.8271, 13.3062 ], [ 92.8249, 13.304 ], [ 92.8205, 13.3108 ], [ 92.8223, 13.3178 ], [ 92.8256, 13.3136 ], [ 92.8277, 13.3161 ], [ 92.823, 13.3236 ], [ 92.8255, 13.3339 ], [ 92.8331, 13.3383 ], [ 92.8286, 13.3421 ], [ 92.8334, 13.3468 ], [ 92.8277, 13.3503 ], [ 92.833, 13.3559 ], [ 92.83, 13.3691 ], [ 92.8361, 13.3695 ], [ 92.8333, 13.3748 ], [ 92.8401, 13.3786 ], [ 92.8494, 13.3778 ], [ 92.8493, 13.3663 ], [ 92.8512, 13.3643 ], [ 92.8479, 13.3635 ], [ 92.85, 13.3594 ], [ 92.8544, 13.3592 ], [ 92.8485, 13.363 ], [ 92.8517, 13.3638 ], [ 92.8498, 13.367 ], [ 92.852, 13.3701 ], [ 92.8507, 13.3763 ], [ 92.8697, 13.3907 ], [ 92.8671, 13.3908 ], [ 92.8589, 13.3839 ], [ 92.8636, 13.3898 ], [ 92.8624, 13.4013 ], [ 92.8626, 13.3906 ], [ 92.8581, 13.3852 ], [ 92.8508, 13.3859 ], [ 92.8504, 13.3899 ], [ 92.8444, 13.387 ], [ 92.8443, 13.3925 ], [ 92.8404, 13.3885 ], [ 92.8373, 13.3921 ], [ 92.8389, 13.4012 ], [ 92.8412, 13.4057 ], [ 92.8459, 13.4037 ], [ 92.8421, 13.4096 ], [ 92.8502, 13.4122 ], [ 92.8486, 13.4184 ], [ 92.8537, 13.4093 ], [ 92.8599, 13.4094 ], [ 92.8623, 13.4143 ], [ 92.8705, 13.414 ], [ 92.873, 13.4024 ], [ 92.8827, 13.3951 ], [ 92.8792, 13.3911 ], [ 92.8799, 13.3892 ], [ 92.8816, 13.3886 ], [ 92.8831, 13.3922 ], [ 92.882, 13.3832 ], [ 92.8855, 13.3792 ], [ 92.8829, 13.3766 ], [ 92.8829, 13.3752 ], [ 92.8859, 13.3748 ], [ 92.8851, 13.3708 ], [ 92.888, 13.3704 ], [ 92.885, 13.3694 ], [ 92.8857, 13.3672 ], [ 92.8855, 13.3691 ], [ 92.8873, 13.3688 ], [ 92.8883, 13.37 ], [ 92.8883, 13.3714 ], [ 92.8878, 13.3717 ], [ 92.8855, 13.3712 ], [ 92.8872, 13.3725 ], [ 92.8874, 13.3736 ], [ 92.8858, 13.3755 ], [ 92.8833, 13.3762 ], [ 92.886, 13.3787 ], [ 92.8852, 13.3828 ], [ 92.8877, 13.3839 ], [ 92.8823, 13.3835 ], [ 92.8845, 13.3888 ], [ 92.8835, 13.3922 ], [ 92.8826, 13.3928 ], [ 92.8817, 13.3922 ], [ 92.8812, 13.389 ], [ 92.8799, 13.3913 ], [ 92.8824, 13.3932 ], [ 92.8858, 13.398 ], [ 92.8891, 13.3942 ], [ 92.8939, 13.3948 ], [ 92.8985, 13.3885 ], [ 92.9029, 13.3899 ], [ 92.9023, 13.3875 ], [ 92.906, 13.3824 ], [ 92.916, 13.3824 ], [ 92.9248, 13.3902 ], [ 92.9214, 13.3902 ], [ 92.915, 13.3825 ], [ 92.9103, 13.3848 ], [ 92.9072, 13.3827 ], [ 92.9029, 13.3876 ], [ 92.904, 13.3943 ], [ 92.903, 13.3937 ], [ 92.9032, 13.3907 ], [ 92.9018, 13.3908 ], [ 92.8987, 13.3891 ], [ 92.899, 13.3911 ], [ 92.8931, 13.3959 ], [ 92.889, 13.3949 ], [ 92.8879, 13.3996 ], [ 92.8932, 13.3967 ], [ 92.8994, 13.4028 ], [ 92.8972, 13.4032 ], [ 92.8968, 13.401 ], [ 92.8954, 13.4031 ], [ 92.8923, 13.404 ], [ 92.8968, 13.4126 ], [ 92.8918, 13.4044 ], [ 92.8923, 13.4036 ], [ 92.8952, 13.4028 ], [ 92.896, 13.4013 ], [ 92.8866, 13.4017 ], [ 92.8845, 13.407 ], [ 92.8829, 13.3962 ], [ 92.8745, 13.4021 ], [ 92.8736, 13.4122 ], [ 92.8679, 13.4161 ], [ 92.8669, 13.4223 ], [ 92.8811, 13.4309 ], [ 92.8715, 13.4333 ], [ 92.8732, 13.4364 ], [ 92.8831, 13.4313 ], [ 92.8867, 13.432 ], [ 92.8898, 13.4237 ], [ 92.8897, 13.4279 ], [ 92.8872, 13.4328 ], [ 92.884, 13.4315 ], [ 92.8792, 13.4358 ], [ 92.8784, 13.4433 ], [ 92.8708, 13.4451 ], [ 92.871, 13.4579 ], [ 92.8742, 13.4596 ], [ 92.8695, 13.463 ], [ 92.8689, 13.474 ], [ 92.8737, 13.4716 ], [ 92.8754, 13.4764 ], [ 92.8911, 13.4785 ], [ 92.894, 13.4724 ], [ 92.8879, 13.469 ], [ 92.891, 13.4691 ], [ 92.8955, 13.4722 ], [ 92.8949, 13.4699 ], [ 92.8982, 13.4651 ], [ 92.8987, 13.4674 ], [ 92.8971, 13.4693 ], [ 92.8953, 13.4696 ], [ 92.8973, 13.4711 ], [ 92.8933, 13.4775 ], [ 92.898, 13.4772 ], [ 92.9022, 13.485 ], [ 92.9019, 13.4963 ], [ 92.9158, 13.5007 ], [ 92.9249, 13.4989 ], [ 92.9283, 13.4915 ], [ 92.9247, 13.4808 ], [ 92.9318, 13.4807 ], [ 92.927, 13.4761 ], [ 92.9271, 13.474 ], [ 92.9211, 13.4723 ], [ 92.9225, 13.4682 ], [ 92.9192, 13.4688 ], [ 92.9187, 13.4679 ], [ 92.9208, 13.4631 ], [ 92.9156, 13.4635 ], [ 92.9202, 13.4628 ], [ 92.9204, 13.455 ], [ 92.9213, 13.4634 ], [ 92.9196, 13.4683 ], [ 92.9227, 13.4672 ], [ 92.9233, 13.4694 ], [ 92.9221, 13.4715 ], [ 92.9263, 13.4733 ], [ 92.9322, 13.4719 ], [ 92.9276, 13.4751 ], [ 92.9328, 13.481 ], [ 92.9318, 13.4824 ], [ 92.9267, 13.4825 ], [ 92.9294, 13.4914 ], [ 92.9275, 13.4977 ], [ 92.9304, 13.4952 ], [ 92.9348, 13.5 ], [ 92.9297, 13.496 ], [ 92.9272, 13.4993 ], [ 92.9227, 13.5014 ], [ 92.9223, 13.5094 ], [ 92.9144, 13.5062 ], [ 92.9133, 13.5124 ], [ 92.9174, 13.5171 ], [ 92.9215, 13.5135 ], [ 92.9272, 13.5147 ], [ 92.9261, 13.5216 ], [ 92.9287, 13.5233 ], [ 92.9329, 13.5203 ], [ 92.9361, 13.5272 ], [ 92.9452, 13.5201 ], [ 92.9418, 13.5262 ], [ 92.9373, 13.5264 ], [ 92.938, 13.5316 ], [ 92.9348, 13.5268 ], [ 92.9327, 13.5208 ], [ 92.9308, 13.5259 ], [ 92.9243, 13.5211 ], [ 92.9191, 13.5237 ], [ 92.921, 13.521 ], [ 92.9177, 13.5232 ], [ 92.9144, 13.5204 ], [ 92.9114, 13.5274 ], [ 92.9136, 13.5351 ], [ 92.9181, 13.5387 ], [ 92.9357, 13.5418 ], [ 92.9456, 13.5378 ], [ 92.9497, 13.5447 ], [ 92.9586, 13.5429 ], [ 92.9652, 13.55 ], [ 92.9796, 13.527 ], [ 92.987, 13.5277 ], [ 92.9862, 13.523 ], [ 92.992, 13.522 ], [ 92.9879, 13.5174 ], [ 92.9906, 13.5179 ], [ 92.9927, 13.5216 ], [ 92.9936, 13.5199 ], [ 92.9954, 13.5199 ], [ 92.9958, 13.5244 ], [ 93.0, 13.5239 ], [ 92.9982, 13.5247 ], [ 92.9955, 13.5248 ], [ 92.9944, 13.5232 ], [ 92.9947, 13.5201 ], [ 92.991, 13.5232 ], [ 92.987, 13.5235 ], [ 92.9883, 13.5282 ], [ 92.9858, 13.5289 ], [ 92.9873, 13.5364 ], [ 92.9905, 13.5371 ], [ 92.991, 13.5391 ], [ 92.9908, 13.5394 ], [ 92.9896, 13.5388 ], [ 92.9903, 13.5374 ], [ 92.9873, 13.5371 ], [ 92.983, 13.5396 ], [ 92.9789, 13.5498 ], [ 92.9855, 13.5666 ], [ 92.9822, 13.5655 ], [ 92.9821, 13.5694 ], [ 92.9892, 13.5751 ], [ 93.0037, 13.5663 ], [ 93.0105, 13.5487 ], [ 93.0118, 13.5667 ], [ 93.0163, 13.5675 ], [ 93.0142, 13.5722 ], [ 93.0273, 13.5794 ], [ 93.0442, 13.5297 ], [ 93.0432, 13.5049 ], [ 93.0392, 13.4863 ], [ 93.034, 13.4848 ], [ 93.0378, 13.4803 ], [ 93.0337, 13.4659 ], [ 93.0186, 13.4663 ], [ 93.0161, 13.4623 ], [ 93.0144, 13.4553 ], [ 93.0119, 13.4536 ], [ 93.012, 13.4588 ], [ 93.0051, 13.4633 ], [ 93.0078, 13.4591 ], [ 93.0114, 13.4588 ], [ 93.0105, 13.4568 ], [ 93.0116, 13.4533 ], [ 93.0145, 13.4546 ], [ 93.017, 13.4633 ], [ 93.0299, 13.4611 ], [ 93.0366, 13.4413 ], [ 93.0315, 13.4326 ], [ 93.0184, 13.4316 ], [ 93.0129, 13.4437 ], [ 93.0127, 13.4389 ], [ 93.0079, 13.4376 ], [ 93.0133, 13.4384 ], [ 93.0154, 13.4338 ], [ 93.0119, 13.4351 ], [ 93.0018, 13.4326 ], [ 93.0007, 13.4362 ], [ 92.9973, 13.4364 ], [ 92.9965, 13.4411 ], [ 92.9938, 13.4335 ], [ 92.9908, 13.4381 ], [ 92.9891, 13.4274 ], [ 92.9904, 13.4271 ], [ 92.9924, 13.4327 ], [ 93.0001, 13.4358 ], [ 93.0006, 13.4325 ], [ 93.0054, 13.4309 ], [ 93.0077, 13.4252 ], [ 93.013, 13.4249 ], [ 93.0075, 13.4182 ], [ 93.0134, 13.4222 ], [ 93.0132, 13.4252 ], [ 93.0075, 13.4267 ], [ 93.008, 13.4332 ], [ 93.0131, 13.4339 ], [ 93.013, 13.4307 ], [ 93.0302, 13.4283 ], [ 93.0326, 13.4252 ], [ 93.039, 13.4279 ], [ 93.0361, 13.417 ], [ 93.0415, 13.4144 ], [ 93.0463, 13.4046 ], [ 93.0611, 13.4215 ], [ 93.0584, 13.399 ], [ 93.0695, 13.4078 ], [ 93.0685, 13.3966 ], [ 93.0636, 13.3902 ], [ 93.0604, 13.3928 ], [ 93.0511, 13.3898 ], [ 93.047, 13.3746 ], [ 93.0419, 13.382 ], [ 93.0414, 13.3803 ], [ 93.0435, 13.3776 ], [ 93.0399, 13.3752 ], [ 93.0388, 13.3798 ], [ 93.0355, 13.3819 ], [ 93.0358, 13.3788 ], [ 93.0385, 13.3796 ], [ 93.0367, 13.3777 ], [ 93.0379, 13.3754 ], [ 93.0267, 13.3736 ], [ 93.0275, 13.3765 ], [ 93.025, 13.3732 ], [ 93.0129, 13.3773 ], [ 93.0087, 13.3836 ], [ 93.0038, 13.3873 ], [ 93.0034, 13.388 ], [ 93.004, 13.3914 ], [ 93.0036, 13.3924 ], [ 92.9992, 13.3959 ], [ 93.0003, 13.3927 ], [ 93.0037, 13.3916 ], [ 92.9997, 13.3867 ], [ 92.9964, 13.3876 ], [ 92.9968, 13.3838 ], [ 92.9999, 13.3822 ], [ 92.9911, 13.3809 ], [ 92.9888, 13.3773 ], [ 92.9891, 13.3791 ], [ 92.9859, 13.38 ], [ 92.9853, 13.3778 ], [ 92.9796, 13.3799 ], [ 92.9831, 13.3773 ], [ 92.9859, 13.3775 ], [ 92.9888, 13.3789 ], [ 92.9879, 13.3777 ], [ 92.9887, 13.3768 ], [ 92.9924, 13.3783 ], [ 92.9923, 13.3803 ], [ 92.9949, 13.3763 ], [ 92.9938, 13.3798 ], [ 93.0001, 13.3819 ], [ 93.0001, 13.3834 ], [ 92.9969, 13.3847 ], [ 93.0, 13.3864 ], [ 93.0032, 13.3896 ], [ 93.003, 13.3877 ], [ 93.0039, 13.3861 ], [ 93.0082, 13.3833 ], [ 93.0089, 13.3794 ], [ 93.0164, 13.3754 ], [ 93.0163, 13.3734 ], [ 93.0142, 13.3717 ], [ 93.0141, 13.3707 ], [ 93.0174, 13.3699 ], [ 93.0159, 13.3711 ], [ 93.0144, 13.3713 ], [ 93.0167, 13.3732 ], [ 93.0168, 13.3751 ], [ 93.0243, 13.3721 ], [ 93.0343, 13.3744 ], [ 93.0363, 13.3698 ], [ 93.0401, 13.3682 ], [ 93.0357, 13.3654 ], [ 93.033, 13.3606 ], [ 93.0244, 13.3576 ], [ 93.0363, 13.3602 ], [ 93.0412, 13.3515 ], [ 93.034, 13.3492 ], [ 93.0314, 13.3439 ], [ 93.0107, 13.3527 ], [ 92.9992, 13.3505 ], [ 92.9886, 13.3416 ], [ 92.9881, 13.3296 ], [ 92.9842, 13.328 ], [ 92.9749, 13.3426 ], [ 92.9758, 13.3513 ], [ 92.9709, 13.3468 ], [ 92.9691, 13.3502 ], [ 92.9679, 13.357 ], [ 92.973, 13.3593 ], [ 92.9653, 13.3601 ], [ 92.961, 13.3568 ], [ 92.9575, 13.3607 ], [ 92.9508, 13.3615 ], [ 92.9538, 13.3586 ], [ 92.9574, 13.3602 ], [ 92.9592, 13.357 ], [ 92.9621, 13.3548 ], [ 92.96, 13.3467 ], [ 92.9546, 13.3443 ], [ 92.9494, 13.3501 ], [ 92.9454, 13.351 ], [ 92.9495, 13.3491 ], [ 92.9496, 13.3415 ], [ 92.95, 13.3448 ], [ 92.9554, 13.3438 ], [ 92.9582, 13.339 ], [ 92.9552, 13.3369 ], [ 92.9593, 13.3291 ], [ 92.9557, 13.3258 ], [ 92.9519, 13.3269 ], [ 92.9612, 13.3231 ], [ 92.9495, 13.3212 ], [ 92.9494, 13.3208 ], [ 92.9526, 13.3196 ], [ 92.9562, 13.3206 ], [ 92.9583, 13.3225 ], [ 92.9607, 13.3203 ], [ 92.9618, 13.3233 ], [ 92.9593, 13.3279 ], [ 92.9646, 13.3283 ], [ 92.9692, 13.3242 ], [ 92.9773, 13.3248 ], [ 92.9848, 13.3206 ], [ 92.9907, 13.3145 ], [ 92.9892, 13.3175 ], [ 92.997, 13.3149 ], [ 92.9937, 13.3014 ], [ 92.9868, 13.3011 ], [ 92.9827, 13.2992 ], [ 92.983, 13.299 ], [ 92.9906, 13.2919 ], [ 92.9862, 13.2915 ], [ 92.9843, 13.2872 ], [ 92.9817, 13.2883 ], [ 92.9806, 13.2815 ], [ 92.9784, 13.2838 ], [ 92.9739, 13.2819 ], [ 92.9811, 13.2812 ], [ 92.9835, 13.283 ], [ 92.9864, 13.2896 ], [ 92.9904, 13.2884 ], [ 92.9886, 13.2862 ], [ 92.9908, 13.2882 ], [ 92.9904, 13.2889 ], [ 92.9867, 13.29 ], [ 92.9866, 13.2906 ], [ 92.9925, 13.2921 ], [ 92.9987, 13.286 ], [ 92.9944, 13.2798 ], [ 92.9989, 13.285 ], [ 93.0, 13.2809 ], [ 92.9997, 13.2856 ], [ 92.9972, 13.2902 ], [ 92.9864, 13.2992 ], [ 92.995, 13.2971 ], [ 92.9979, 13.3002 ], [ 93.0008, 13.2987 ], [ 93.0025, 13.3039 ], [ 93.0102, 13.3023 ], [ 93.0051, 13.2972 ], [ 93.0075, 13.2919 ], [ 93.0074, 13.2937 ], [ 93.0055, 13.2966 ], [ 93.0087, 13.2991 ], [ 93.0096, 13.3006 ], [ 93.021, 13.2968 ], [ 93.0176, 13.2937 ], [ 93.012, 13.2956 ], [ 93.0161, 13.2896 ], [ 93.0094, 13.2818 ], [ 93.0111, 13.2768 ], [ 93.0254, 13.2826 ], [ 93.0336, 13.2776 ], [ 93.0457, 13.2827 ], [ 93.0466, 13.2786 ], [ 93.0397, 13.2698 ], [ 93.0459, 13.265 ], [ 93.0437, 13.2543 ], [ 93.0472, 13.2613 ], [ 93.0513, 13.263 ], [ 93.0611, 13.2701 ], [ 93.0649, 13.2743 ], [ 93.0658, 13.2738 ], [ 93.0635, 13.2632 ], [ 93.0558, 13.2553 ], [ 93.0568, 13.2329 ], [ 93.0455, 13.219 ], [ 93.0423, 13.2222 ], [ 93.0455, 13.2106 ], [ 93.0318, 13.1786 ], [ 93.0371, 13.1706 ], [ 93.0335, 13.1629 ], [ 93.0369, 13.1401 ], [ 93.0302, 13.1274 ], [ 93.0343, 13.0814 ], [ 93.0278, 13.0781 ], [ 93.0257, 13.0725 ], [ 93.0299, 13.0672 ], [ 93.0199, 13.0495 ], [ 93.0129, 13.0487 ], [ 93.0137, 13.044 ], [ 93.0098, 13.0427 ], [ 93.0034, 13.0282 ], [ 92.9938, 13.0314 ], [ 92.9939, 13.0348 ], [ 92.991, 13.0282 ], [ 92.9986, 13.0242 ], [ 92.982, 13.0242 ], [ 92.9664, 13.0297 ], [ 92.9687, 13.018 ], [ 92.9747, 13.0142 ], [ 92.9714, 13.0115 ], [ 92.9596, 13.0142 ], [ 92.953, 13.0187 ], [ 92.9496, 13.0283 ], [ 92.9391, 13.0339 ], [ 92.9332, 13.0422 ], [ 92.9356, 13.0528 ], [ 92.9485, 13.0515 ], [ 92.9452, 13.0558 ], [ 92.9381, 13.0589 ], [ 92.9466, 13.0688 ], [ 92.9499, 13.0674 ], [ 92.9526, 13.07 ], [ 92.9567, 13.0656 ], [ 92.956, 13.0692 ], [ 92.9529, 13.0702 ], [ 92.956, 13.0728 ], [ 92.9538, 13.0727 ], [ 92.9504, 13.07 ], [ 92.9496, 13.0677 ], [ 92.947, 13.0694 ], [ 92.9465, 13.0693 ], [ 92.9399, 13.0632 ], [ 92.9373, 13.0654 ], [ 92.9381, 13.0773 ], [ 92.9416, 13.079 ], [ 92.9392, 13.079 ], [ 92.9379, 13.0779 ], [ 92.9349, 13.0893 ], [ 92.939, 13.0911 ], [ 92.9391, 13.0887 ], [ 92.9399, 13.0881 ], [ 92.941, 13.0881 ], [ 92.9421, 13.0891 ], [ 92.9456, 13.0897 ], [ 92.9422, 13.0894 ], [ 92.9406, 13.0883 ], [ 92.9394, 13.0886 ], [ 92.9461, 13.1235 ], [ 92.9416, 13.1322 ], [ 92.9445, 13.1339 ], [ 92.9398, 13.1401 ], [ 92.9433, 13.1398 ], [ 92.9412, 13.1455 ], [ 92.9405, 13.1463 ], [ 92.9399, 13.1445 ], [ 92.9405, 13.1421 ], [ 92.9429, 13.1399 ], [ 92.9401, 13.1411 ], [ 92.9393, 13.14 ], [ 92.9441, 13.134 ], [ 92.9417, 13.1338 ], [ 92.9413, 13.1321 ], [ 92.9457, 13.1237 ], [ 92.9437, 13.1223 ], [ 92.9421, 13.1178 ], [ 92.9391, 13.1041 ], [ 92.9385, 13.1062 ], [ 92.9374, 13.1081 ], [ 92.9367, 13.1085 ], [ 92.9364, 13.108 ], [ 92.9364, 13.1048 ], [ 92.9336, 13.1093 ], [ 92.9335, 13.1074 ], [ 92.9359, 13.1046 ], [ 92.9368, 13.1045 ], [ 92.9377, 13.1052 ], [ 92.9369, 13.1083 ], [ 92.9382, 13.1064 ], [ 92.9396, 13.0939 ], [ 92.9356, 13.0936 ], [ 92.9338, 13.0892 ], [ 92.9346, 13.0606 ], [ 92.9274, 13.056 ], [ 92.9251, 13.0643 ], [ 92.9287, 13.0725 ], [ 92.9246, 13.0648 ], [ 92.9248, 13.062 ], [ 92.9271, 13.0557 ], [ 92.9226, 13.0535 ], [ 92.9136, 13.0747 ], [ 92.9085, 13.0792 ], [ 92.9122, 13.08 ], [ 92.9101, 13.0815 ], [ 92.904, 13.0795 ], [ 92.9009, 13.0819 ], [ 92.8989, 13.0955 ], [ 92.8871, 13.0933 ], [ 92.8924, 13.1008 ], [ 92.8923, 13.1033 ], [ 92.8839, 13.1281 ], [ 92.8769, 13.1351 ], [ 92.8781, 13.138 ], [ 92.8764, 13.135 ], [ 92.8782, 13.1315 ], [ 92.883, 13.128 ], [ 92.8821, 13.1231 ], [ 92.8888, 13.1079 ], [ 92.8815, 13.1084 ], [ 92.8767, 13.1024 ], [ 92.8732, 13.1035 ], [ 92.8769, 13.1021 ], [ 92.8809, 13.1049 ], [ 92.8817, 13.1078 ], [ 92.884, 13.1063 ], [ 92.889, 13.1071 ], [ 92.8912, 13.1012 ], [ 92.8857, 13.0958 ], [ 92.8856, 13.0923 ], [ 92.8983, 13.0935 ], [ 92.8998, 13.0813 ], [ 92.9084, 13.0766 ], [ 92.9121, 13.0668 ], [ 92.9101, 13.0613 ], [ 92.8951, 13.0587 ], [ 92.8858, 13.0454 ], [ 92.8761, 13.055 ], [ 92.8642, 13.0597 ], [ 92.8665, 13.0646 ], [ 92.8604, 13.0666 ], [ 92.859, 13.0752 ], [ 92.8541, 13.0776 ], [ 92.858, 13.0799 ], [ 92.8536, 13.0777 ], [ 92.8564, 13.0751 ], [ 92.8587, 13.075 ], [ 92.858, 13.0714 ], [ 92.8478, 13.0737 ], [ 92.8483, 13.0769 ], [ 92.8463, 13.0751 ], [ 92.8466, 13.0743 ], [ 92.8479, 13.0733 ], [ 92.8577, 13.0705 ], [ 92.8596, 13.0664 ], [ 92.8496, 13.0639 ], [ 92.8494, 13.0549 ], [ 92.8445, 13.0563 ], [ 92.8437, 13.0576 ], [ 92.8447, 13.06 ], [ 92.8443, 13.061 ], [ 92.8417, 13.06 ], [ 92.8444, 13.0604 ], [ 92.8434, 13.0573 ], [ 92.8456, 13.0544 ], [ 92.8436, 13.0509 ], [ 92.8508, 13.0552 ], [ 92.8499, 13.0633 ], [ 92.8546, 13.063 ], [ 92.8603, 13.0656 ], [ 92.8655, 13.0644 ], [ 92.863, 13.0614 ], [ 92.8636, 13.059 ], [ 92.8711, 13.0556 ], [ 92.8663, 13.0525 ], [ 92.869, 13.047 ], [ 92.8636, 13.0437 ], [ 92.8693, 13.0469 ], [ 92.8699, 13.0513 ], [ 92.8668, 13.0525 ], [ 92.8701, 13.0548 ], [ 92.876, 13.0536 ], [ 92.8792, 13.0489 ], [ 92.8741, 13.0485 ], [ 92.8726, 13.0435 ], [ 92.8752, 13.0453 ], [ 92.8747, 13.0484 ], [ 92.8779, 13.0475 ], [ 92.8814, 13.0484 ], [ 92.8865, 13.0439 ], [ 92.8971, 13.0581 ], [ 92.9146, 13.0555 ], [ 92.9211, 13.0397 ], [ 92.9083, 13.0194 ], [ 92.9022, 13.0227 ], [ 92.8953, 13.0181 ], [ 92.9044, 13.0213 ], [ 92.906, 13.0165 ], [ 92.9009, 13.0139 ], [ 92.9061, 13.015 ], [ 92.9105, 13.0075 ], [ 92.9046, 13.0035 ], [ 92.9024, 13.0076 ], [ 92.9016, 13.0024 ], [ 92.8998, 13.0097 ], [ 92.8943, 13.0111 ], [ 92.8966, 13.0093 ], [ 92.8992, 13.0095 ], [ 92.8972, 13.0085 ], [ 92.8972, 13.008 ], [ 92.9014, 13.002 ], [ 92.9128, 13.0048 ], [ 92.9184, 12.9873 ], [ 92.933, 12.9913 ], [ 92.9332, 12.9856 ], [ 92.9313, 12.9826 ], [ 92.9365, 12.9829 ], [ 92.9386, 12.979 ], [ 92.9342, 12.9662 ], [ 92.9361, 12.9668 ], [ 92.9373, 12.9684 ], [ 92.9386, 12.9724 ], [ 92.9394, 12.9688 ], [ 92.9347, 12.9645 ], [ 92.9284, 12.9666 ], [ 92.9318, 12.9631 ], [ 92.9273, 12.9567 ], [ 92.9198, 12.9581 ], [ 92.9105, 12.9453 ], [ 92.904, 12.9739 ], [ 92.9061, 12.9836 ], [ 92.8956, 12.9859 ], [ 92.8962, 12.9953 ], [ 92.8862, 12.9825 ], [ 92.8876, 12.9913 ], [ 92.885, 12.9929 ], [ 92.8862, 12.995 ], [ 92.8902, 12.9962 ], [ 92.8906, 12.9973 ], [ 92.8863, 13.0074 ], [ 92.8859, 13.0072 ], [ 92.8859, 13.0068 ], [ 92.8877, 13.0037 ], [ 92.8871, 13.0019 ], [ 92.8877, 13.0 ], [ 92.8903, 12.9967 ], [ 92.888, 12.9967 ], [ 92.8861, 12.9954 ], [ 92.8855, 12.9939 ], [ 92.8865, 12.9989 ], [ 92.883, 13.0055 ], [ 92.8831, 13.0004 ], [ 92.8862, 12.9989 ], [ 92.8844, 12.993 ], [ 92.8861, 12.986 ], [ 92.8802, 12.9817 ], [ 92.8803, 12.9685 ], [ 92.8733, 12.964 ], [ 92.8765, 12.96 ], [ 92.8726, 12.9492 ], [ 92.8762, 12.9449 ], [ 92.8704, 12.9353 ], [ 92.858, 12.9351 ], [ 92.8537, 12.9402 ], [ 92.8553, 12.9446 ], [ 92.8541, 12.9474 ], [ 92.8539, 12.9436 ], [ 92.8494, 12.9456 ], [ 92.8499, 12.9504 ], [ 92.8484, 12.9537 ], [ 92.8542, 12.9547 ], [ 92.8526, 12.9554 ], [ 92.8488, 12.9551 ], [ 92.8478, 12.9557 ], [ 92.8513, 12.961 ], [ 92.8481, 12.9598 ], [ 92.8473, 12.9555 ], [ 92.8482, 12.9549 ], [ 92.8506, 12.9547 ], [ 92.8482, 12.9542 ], [ 92.847, 12.9517 ], [ 92.848, 12.9482 ], [ 92.842, 12.9471 ], [ 92.845, 12.9485 ], [ 92.846, 12.9511 ], [ 92.8455, 12.9531 ], [ 92.8448, 12.9538 ], [ 92.8421, 12.9526 ], [ 92.8434, 12.9568 ], [ 92.8419, 12.9527 ], [ 92.8425, 12.9519 ], [ 92.8442, 12.9519 ], [ 92.845, 12.9535 ], [ 92.8448, 12.9489 ], [ 92.84, 12.9499 ], [ 92.8402, 12.9482 ], [ 92.8429, 12.9429 ], [ 92.8431, 12.9437 ], [ 92.8422, 12.9449 ], [ 92.8423, 12.9462 ], [ 92.8481, 12.9474 ], [ 92.8492, 12.9506 ], [ 92.8492, 12.943 ], [ 92.8455, 12.944 ], [ 92.8488, 12.9425 ], [ 92.8522, 12.9437 ], [ 92.8529, 12.9398 ], [ 92.8561, 12.9352 ], [ 92.8556, 12.9344 ], [ 92.8526, 12.9345 ], [ 92.85, 12.9333 ], [ 92.8491, 12.9393 ], [ 92.848, 12.9376 ], [ 92.8479, 12.9347 ], [ 92.8504, 12.9305 ], [ 92.8457, 12.9298 ], [ 92.8454, 12.9322 ], [ 92.8426, 12.9334 ], [ 92.8444, 12.9313 ], [ 92.8452, 12.932 ], [ 92.8445, 12.9303 ], [ 92.8461, 12.9295 ], [ 92.8504, 12.9302 ], [ 92.8523, 12.9341 ], [ 92.8558, 12.9337 ], [ 92.8588, 12.9179 ], [ 92.8498, 12.9112 ], [ 92.8448, 12.9126 ], [ 92.8481, 12.9112 ], [ 92.8497, 12.911 ], [ 92.8577, 12.9133 ], [ 92.8604, 12.9031 ], [ 92.8642, 12.9028 ], [ 92.8704, 12.9097 ], [ 92.8749, 12.9082 ], [ 92.8686, 12.8905 ], [ 92.8728, 12.8837 ], [ 92.8423, 12.8769 ], [ 92.8426, 12.8922 ], [ 92.8288, 12.8868 ], [ 92.8286, 12.8994 ], [ 92.8271, 12.8982 ], [ 92.8265, 12.893 ], [ 92.8239, 12.897 ], [ 92.8046, 12.9004 ], [ 92.8047, 12.9063 ], [ 92.8082, 12.9059 ], [ 92.8085, 12.9061 ], [ 92.809, 12.9075 ], [ 92.8087, 12.9081 ], [ 92.8098, 12.9092 ], [ 92.8085, 12.9082 ], [ 92.8084, 12.9062 ], [ 92.8076, 12.9074 ], [ 92.8061, 12.908 ], [ 92.8043, 12.9063 ], [ 92.8038, 12.9015 ], [ 92.8044, 12.9001 ], [ 92.8014, 12.8997 ], [ 92.794, 12.9139 ], [ 92.7923, 12.9306 ], [ 92.7982, 12.9389 ], [ 92.7992, 12.9383 ], [ 92.7995, 12.9342 ], [ 92.8023, 12.9384 ], [ 92.7978, 12.9432 ], [ 92.801, 12.9521 ], [ 92.7957, 12.9496 ], [ 92.791, 12.9518 ], [ 92.79, 12.9609 ], [ 92.7915, 12.9696 ], [ 92.7969, 12.9635 ], [ 92.7925, 12.9804 ], [ 92.7994, 12.9918 ], [ 92.8045, 12.9834 ], [ 92.8109, 12.9841 ], [ 92.8111, 12.9725 ], [ 92.8154, 12.9871 ], [ 92.8215, 12.9827 ], [ 92.8221, 12.9772 ], [ 92.8216, 12.9828 ], [ 92.8164, 12.991 ], [ 92.8059, 12.9946 ], [ 92.807, 12.999 ], [ 92.8155, 12.9988 ], [ 92.8229, 13.0065 ], [ 92.8247, 12.9985 ], [ 92.8261, 12.9991 ], [ 92.8264, 13.0026 ], [ 92.8283, 13.0023 ], [ 92.829, 12.9992 ], [ 92.8356, 12.9946 ], [ 92.8358, 12.995 ], [ 92.8344, 12.9974 ], [ 92.8317, 12.9986 ], [ 92.8334, 13.0017 ], [ 92.8331, 13.0047 ], [ 92.8308, 13.0022 ], [ 92.8304, 12.9998 ], [ 92.8295, 12.9995 ], [ 92.8296, 13.0019 ], [ 92.8228, 13.0074 ], [ 92.826, 13.0168 ], [ 92.8293, 13.0152 ], [ 92.8321, 13.0201 ], [ 92.8353, 13.0187 ], [ 92.8371, 13.0231 ], [ 92.835, 13.0219 ], [ 92.835, 13.0191 ], [ 92.8339, 13.0209 ], [ 92.8316, 13.0204 ], [ 92.8292, 13.0161 ], [ 92.826, 13.0177 ], [ 92.8205, 13.0122 ], [ 92.8182, 13.0123 ], [ 92.8176, 13.0159 ], [ 92.815, 13.0167 ], [ 92.8136, 13.0221 ], [ 92.8128, 13.0218 ], [ 92.8114, 13.0204 ], [ 92.8132, 13.0216 ], [ 92.8128, 13.0203 ], [ 92.8148, 13.0162 ], [ 92.8174, 13.0156 ], [ 92.8143, 13.0069 ], [ 92.8113, 13.0101 ], [ 92.8054, 13.0064 ], [ 92.8049, 13.0126 ], [ 92.8002, 13.0099 ], [ 92.7918, 13.0127 ], [ 92.788, 13.0195 ], [ 92.7946, 13.0301 ], [ 92.7917, 13.0378 ], [ 92.796, 13.0389 ], [ 92.7924, 13.0477 ], [ 92.7992, 13.0434 ], [ 92.7977, 13.0461 ], [ 92.7917, 13.0533 ], [ 92.7968, 13.068 ], [ 92.7954, 13.0764 ], [ 92.7928, 13.092 ], [ 92.8008, 13.0913 ], [ 92.7976, 13.0815 ], [ 92.8045, 13.0748 ], [ 92.8091, 13.0759 ], [ 92.8082, 13.0719 ], [ 92.8113, 13.0768 ], [ 92.8131, 13.0725 ], [ 92.8141, 13.0723 ], [ 92.8186, 13.0751 ], [ 92.817, 13.076 ], [ 92.8135, 13.0727 ], [ 92.8131, 13.0761 ], [ 92.8105, 13.0776 ], [ 92.8112, 13.081 ], [ 92.8063, 13.0802 ], [ 92.809, 13.0835 ], [ 92.8047, 13.0873 ], [ 92.8056, 13.1009 ], [ 92.813, 13.1031 ], [ 92.8206, 13.0912 ], [ 92.8218, 13.0961 ], [ 92.8188, 13.1025 ], [ 92.8214, 13.1118 ], [ 92.8294, 13.1089 ], [ 92.8236, 13.116 ], [ 92.8141, 13.1139 ], [ 92.8085, 13.1273 ], [ 92.8183, 13.1279 ], [ 92.8186, 13.1331 ], [ 92.8231, 13.1348 ], [ 92.8251, 13.1286 ], [ 92.8289, 13.1322 ], [ 92.8332, 13.1234 ], [ 92.8337, 13.1262 ], [ 92.8362, 13.1243 ], [ 92.834, 13.1304 ], [ 92.8394, 13.1256 ], [ 92.841, 13.1279 ], [ 92.8406, 13.1254 ], [ 92.8472, 13.1182 ], [ 92.8463, 13.1199 ], [ 92.8469, 13.121 ], [ 92.8463, 13.122 ], [ 92.8409, 13.1257 ], [ 92.8429, 13.1305 ], [ 92.842, 13.1336 ], [ 92.8434, 13.1356 ], [ 92.8387, 13.1348 ], [ 92.8419, 13.1393 ], [ 92.8467, 13.1386 ], [ 92.8484, 13.1502 ], [ 92.8479, 13.1502 ], [ 92.8466, 13.1482 ], [ 92.8454, 13.1414 ], [ 92.8419, 13.1468 ], [ 92.8371, 13.1453 ], [ 92.8381, 13.1486 ], [ 92.8332, 13.145 ], [ 92.8331, 13.1443 ], [ 92.8321, 13.1485 ], [ 92.8326, 13.1496 ], [ 92.8266, 13.1505 ], [ 92.8204, 13.1451 ], [ 92.817, 13.1519 ], [ 92.8163, 13.1497 ], [ 92.8079, 13.1538 ], [ 92.8142, 13.1747 ], [ 92.8194, 13.1724 ], [ 92.8233, 13.1743 ], [ 92.8253, 13.169 ], [ 92.8273, 13.1673 ], [ 92.8242, 13.162 ], [ 92.8193, 13.1621 ], [ 92.8245, 13.1612 ], [ 92.827, 13.1634 ], [ 92.8278, 13.1676 ], [ 92.8251, 13.1711 ], [ 92.8264, 13.175 ], [ 92.834, 13.1706 ], [ 92.8351, 13.1649 ], [ 92.8384, 13.1654 ], [ 92.8352, 13.1657 ] ], [ [ 92.8583, 13.1877 ], [ 92.8604, 13.1917 ], [ 92.8631, 13.1848 ], [ 92.8605, 13.192 ], [ 92.8593, 13.1927 ], [ 92.8588, 13.1924 ], [ 92.8579, 13.1882 ], [ 92.8557, 13.1905 ], [ 92.8583, 13.1877 ] ], [ [ 92.89, 13.4231 ], [ 92.899, 13.4288 ], [ 92.8898, 13.4237 ], [ 92.89, 13.4231 ] ], [ [ 92.9882, 13.3122 ], [ 92.9888, 13.3109 ], [ 92.9922, 13.3098 ], [ 92.9916, 13.3112 ], [ 92.9886, 13.3115 ], [ 92.9911, 13.3139 ], [ 92.9907, 13.3145 ], [ 92.9882, 13.3122 ] ], [ [ 92.8783, 13.1385 ], [ 92.8739, 13.1395 ], [ 92.8774, 13.1412 ], [ 92.8733, 13.1487 ], [ 92.8772, 13.1499 ], [ 92.873, 13.1491 ], [ 92.8729, 13.1481 ], [ 92.8745, 13.1448 ], [ 92.8767, 13.1419 ], [ 92.8734, 13.1401 ], [ 92.8744, 13.1386 ], [ 92.8761, 13.1382 ], [ 92.8758, 13.1376 ], [ 92.8732, 13.1375 ], [ 92.8745, 13.1364 ], [ 92.8781, 13.138 ], [ 92.8783, 13.1385 ] ], [ [ 92.8369, 12.9968 ], [ 92.8377, 12.994 ], [ 92.842, 12.9914 ], [ 92.8405, 12.9944 ], [ 92.8392, 12.9945 ], [ 92.838, 12.9941 ], [ 92.8381, 12.9958 ], [ 92.8369, 12.9971 ], [ 92.8361, 12.997 ], [ 92.8358, 12.995 ], [ 92.8369, 12.9968 ] ], [ [ 92.8372, 13.162 ], [ 92.8444, 13.1609 ], [ 92.8483, 13.1628 ], [ 92.8492, 13.1611 ], [ 92.8489, 13.1626 ], [ 92.8483, 13.1629 ], [ 92.8456, 13.1621 ], [ 92.8445, 13.1612 ], [ 92.8446, 13.1625 ], [ 92.8438, 13.1631 ], [ 92.8375, 13.1622 ], [ 92.8391, 13.1654 ], [ 92.8384, 13.1654 ], [ 92.8372, 13.162 ] ] ], [ [ [ 94.2532, 13.4314 ], [ 94.2453, 13.4329 ], [ 94.2394, 13.4477 ], [ 94.2525, 13.466 ], [ 94.2583, 13.4638 ], [ 94.2621, 13.4665 ], [ 94.265, 13.4434 ], [ 94.2532, 13.4314 ] ] ], [ [ [ 92.904, 13.5947 ], [ 92.8938, 13.5856 ], [ 92.8896, 13.5756 ], [ 92.8842, 13.5737 ], [ 92.8798, 13.578 ], [ 92.8847, 13.5965 ], [ 92.8913, 13.6025 ], [ 92.9018, 13.6039 ], [ 92.904, 13.5947 ] ] ], [ [ [ 93.0144, 13.6293 ], [ 93.0148, 13.6323 ], [ 93.0152, 13.6298 ], [ 93.0144, 13.6293 ] ] ], [ [ [ 93.0135, 13.6352 ], [ 93.0139, 13.635 ], [ 93.0128, 13.6331 ], [ 93.0135, 13.6352 ] ] ], [ [ [ 93.0101, 13.6389 ], [ 93.0104, 13.6388 ], [ 93.0103, 13.6385 ], [ 93.0101, 13.6389 ] ] ], [ [ [ 93.0348, 13.6437 ], [ 93.0352, 13.643 ], [ 93.0342, 13.6421 ], [ 93.0348, 13.6437 ] ] ], [ [ [ 93.0347, 13.6469 ], [ 93.0347, 13.6452 ], [ 93.0333, 13.6455 ], [ 93.0347, 13.6469 ] ] ], [ [ [ 93.0683, 13.6507 ], [ 93.0551, 13.6427 ], [ 93.0461, 13.6198 ], [ 93.0418, 13.6276 ], [ 93.0427, 13.6427 ], [ 93.0454, 13.6417 ], [ 93.0451, 13.6474 ], [ 93.0475, 13.6491 ], [ 93.0493, 13.6467 ], [ 93.0526, 13.6537 ], [ 93.0639, 13.6549 ], [ 93.0683, 13.6507 ] ] ], [ [ [ 93.0298, 13.6636 ], [ 93.0302, 13.6634 ], [ 93.0298, 13.6633 ], [ 93.0298, 13.6636 ] ] ], [ [ [ 93.108, 13.6565 ], [ 93.1085, 13.6563 ], [ 93.108, 13.6558 ], [ 93.108, 13.6565 ] ] ], [ [ [ 93.1059, 13.6582 ], [ 93.1062, 13.6581 ], [ 93.1057, 13.6577 ], [ 93.1059, 13.6582 ] ] ], [ [ [ 93.1105, 13.658 ], [ 93.1107, 13.6578 ], [ 93.1104, 13.6574 ], [ 93.1105, 13.658 ] ] ], [ [ [ 93.1073, 13.6616 ], [ 93.1079, 13.6612 ], [ 93.1073, 13.6607 ], [ 93.1073, 13.6616 ] ] ], [ [ [ 93.0263, 13.6718 ], [ 93.0217, 13.6697 ], [ 93.0256, 13.6677 ], [ 93.0257, 13.6492 ], [ 93.0326, 13.6312 ], [ 93.0278, 13.6249 ], [ 93.0181, 13.622 ], [ 93.0202, 13.6264 ], [ 93.0171, 13.6274 ], [ 93.0159, 13.6346 ], [ 93.0129, 13.6361 ], [ 93.0134, 13.6433 ], [ 93.0014, 13.6486 ], [ 92.9929, 13.6419 ], [ 92.9881, 13.6453 ], [ 92.9883, 13.6411 ], [ 92.9841, 13.6405 ], [ 92.9815, 13.6494 ], [ 92.9772, 13.65 ], [ 92.9751, 13.6426 ], [ 92.9713, 13.6497 ], [ 92.9743, 13.6615 ], [ 92.9797, 13.6666 ], [ 93.0028, 13.6727 ], [ 93.0043, 13.666 ], [ 93.0096, 13.6628 ], [ 93.0117, 13.6651 ], [ 93.0111, 13.6654 ], [ 93.01, 13.665 ], [ 93.0095, 13.6633 ], [ 93.0047, 13.6661 ], [ 93.0061, 13.6683 ], [ 93.0037, 13.6732 ], [ 93.0155, 13.677 ], [ 93.0263, 13.6718 ] ] ] ] } },
{ "type": "Feature", "properties": { "unit_id": "IND.1.2.1_1", "name": "Rangat", "district": "North & Middle Andaman", "did": "andaman_nicobar:North & Middle Andaman", "state_key": "andaman_nicobar" }, "geometry": { "type": "MultiPolygon", "coordinates": [ [ [ [ 92.7991, 12.075 ], [ 92.7984, 12.0757 ], [ 92.7994, 12.076 ], [ 92.7991, 12.075 ] ] ], [ [ [ 92.7872, 12.0779 ], [ 92.7873, 12.077 ], [ 92.7841, 12.0726 ], [ 92.7872, 12.0779 ] ] ], [ [ [ 92.7919, 12.0787 ], [ 92.792, 12.0789 ], [ 92.792, 12.0787 ], [ 92.7919, 12.0787 ] ] ], [ [ [ 92.7993, 12.0902 ], [ 92.8, 12.0897 ], [ 92.799, 12.0892 ], [ 92.7993, 12.0902 ] ] ], [ [ [ 92.7543, 12.1472 ], [ 92.7566, 12.149 ], [ 92.7577, 12.1461 ], [ 92.7541, 12.1427 ], [ 92.7543, 12.1472 ] ] ], [ [ [ 92.8514, 12.1416 ], [ 92.8515, 12.1414 ], [ 92.8511, 12.1413 ], [ 92.8514, 12.1416 ] ] ], [ [ [ 92.8519, 12.1421 ], [ 92.8521, 12.1419 ], [ 92.8515, 12.1418 ], [ 92.8519, 12.1421 ] ] ], [ [ [ 92.7592, 12.1696 ], [ 92.7595, 12.1726 ], [ 92.7599, 12.1705 ], [ 92.7592, 12.1696 ] ] ], [ [ [ 92.7608, 12.1735 ], [ 92.7555, 12.1809 ], [ 92.7613, 12.1798 ], [ 92.7608, 12.1735 ] ] ], [ [ [ 92.7243, 12.185 ], [ 92.7294, 12.1893 ], [ 92.7303, 12.188 ], [ 92.729, 12.1844 ], [ 92.7243, 12.185 ] ] ], [ [ [ 92.8651, 12.1831 ], [ 92.8658, 12.1828 ], [ 92.865, 12.1822 ], [ 92.8651, 12.1831 ] ] ], [ [ [ 92.8476, 12.1969 ], [ 92.848, 12.1968 ], [ 92.8473, 12.1961 ], [ 92.8476, 12.1969 ] ] ], [ [ [ 92.8713, 12.2276 ], [ 92.8704, 12.2283 ], [ 92.8715, 12.2283 ], [ 92.8713, 12.2276 ] ] ], [ [ [ 92.7299, 12.2315 ], [ 92.7295, 12.2144 ], [ 92.7323, 12.2097 ], [ 92.7341, 12.2206 ], [ 92.7392, 12.223 ], [ 92.7429, 12.2198 ], [ 92.7424, 12.2048 ], [ 92.744, 12.2114 ], [ 92.744, 12.2229 ], [ 92.7368, 12.2282 ], [ 92.7389, 12.2362 ], [ 92.7441, 12.2279 ], [ 92.748, 12.2306 ], [ 92.7539, 12.2307 ], [ 92.7554, 12.2274 ], [ 92.7574, 12.2304 ], [ 92.7619, 12.2295 ], [ 92.762, 12.2092 ], [ 92.7676, 12.2006 ], [ 92.7647, 12.1915 ], [ 92.7665, 12.1884 ], [ 92.763, 12.1818 ], [ 92.75, 12.1841 ], [ 92.7463, 12.1801 ], [ 92.7326, 12.1845 ], [ 92.7285, 12.1977 ], [ 92.7273, 12.1948 ], [ 92.7292, 12.1929 ], [ 92.7225, 12.1883 ], [ 92.7239, 12.2213 ], [ 92.7209, 12.2332 ], [ 92.7293, 12.2426 ], [ 92.7348, 12.2396 ], [ 92.7299, 12.2315 ] ] ], [ [ [ 92.9396, 12.2225 ], [ 92.9407, 12.216 ], [ 92.9352, 12.21 ], [ 92.9323, 12.1954 ], [ 92.9318, 12.2032 ], [ 92.9249, 12.2056 ], [ 92.9235, 12.2129 ], [ 92.926, 12.2221 ], [ 92.9343, 12.2259 ], [ 92.9396, 12.2225 ] ] ], [ [ [ 92.6948, 12.2465 ], [ 92.6966, 12.2502 ], [ 92.6984, 12.2479 ], [ 92.6983, 12.2436 ], [ 92.6948, 12.2465 ] ] ], [ [ [ 92.8817, 12.2417 ], [ 92.8823, 12.2406 ], [ 92.8806, 12.2398 ], [ 92.8817, 12.2417 ] ] ], [ [ [ 92.722, 12.2567 ], [ 92.724, 12.2561 ], [ 92.7209, 12.2556 ], [ 92.722, 12.2567 ] ] ], [ [ [ 92.7168, 12.259 ], [ 92.7171, 12.2569 ], [ 92.7157, 12.2583 ], [ 92.7168, 12.259 ] ] ], [ [ [ 92.9115, 12.2456 ], [ 92.9122, 12.2451 ], [ 92.9111, 12.2441 ], [ 92.9115, 12.2456 ] ] ], [ [ [ 92.8688, 12.2484 ], [ 92.8651, 12.236 ], [ 92.8609, 12.2456 ], [ 92.8658, 12.25 ], [ 92.8688, 12.2484 ] ] ], [ [ [ 92.8784, 12.2485 ], [ 92.8792, 12.2499 ], [ 92.8809, 12.2486 ], [ 92.8802, 12.2458 ], [ 92.8784, 12.2485 ] ] ], [ [ [ 92.9104, 12.2494 ], [ 92.9116, 12.249 ], [ 92.9103, 12.2479 ], [ 92.9104, 12.2494 ] ] ], [ [ [ 92.9068, 12.2508 ], [ 92.9079, 12.2494 ], [ 92.9058, 12.2493 ], [ 92.9068, 12.2508 ] ] ], [ [ [ 92.9114, 12.2514 ], [ 92.9118, 12.2504 ], [ 92.9107, 12.2503 ], [ 92.9114, 12.2514 ] ] ], [ [ [ 92.9063, 12.2512 ], [ 92.9062, 12.2527 ], [ 92.9079, 12.2512 ], [ 92.9063, 12.2512 ] ] ], [ [ [ 92.9049, 12.2548 ], [ 92.9052, 12.2546 ], [ 92.9047, 12.2544 ], [ 92.9049, 12.2548 ] ] ], [ [ [ 92.9086, 12.2553 ], [ 92.9077, 12.2538 ], [ 92.9059, 12.2542 ], [ 92.9086, 12.2553 ] ] ], [ [ [ 92.9184, 12.2552 ], [ 92.9188, 12.2544 ], [ 92.9175, 12.2548 ], [ 92.9184, 12.2552 ] ] ], [ [ [ 92.9008, 12.2582 ], [ 92.9007, 12.2577 ], [ 92.8998, 12.2578 ], [ 92.9008, 12.2582 ] ] ], [ [ [ 92.9191, 12.2568 ], [ 92.919, 12.2563 ], [ 92.9178, 12.2566 ], [ 92.9191, 12.2568 ] ] ], [ [ [ 92.9203, 12.2568 ], [ 92.9205, 12.2556 ], [ 92.9192, 12.2555 ], [ 92.9203, 12.2568 ] ] ], [ [ [ 92.9078, 12.2583 ], [ 92.9081, 12.258 ], [ 92.9069, 12.2563 ], [ 92.9078, 12.2583 ] ] ], [ [ [ 92.9131, 12.2625 ], [ 92.9145, 12.2614 ], [ 92.9125, 12.2619 ], [ 92.9131, 12.2625 ] ] ], [ [ [ 92.9164, 12.2624 ], [ 92.9173, 12.2614 ], [ 92.9157, 12.2614 ], [ 92.9164, 12.2624 ] ] ], [ [ [ 92.9147, 12.264 ], [ 92.9159, 12.2631 ], [ 92.9141, 12.2632 ], [ 92.9147, 12.264 ] ] ], [ [ [ 92.8972, 12.2562 ], [ 92.9013, 12.2568 ], [ 92.9052, 12.252 ], [ 92.9045, 12.2476 ], [ 92.9137, 12.2322 ], [ 92.9135, 12.2211 ], [ 92.9122, 12.2237 ], [ 92.9101, 12.2211 ], [ 92.9079, 12.2311 ], [ 92.9038, 12.2249 ], [ 92.9024, 12.2284 ], [ 92.9029, 12.2243 ], [ 92.891, 12.2313 ], [ 92.8805, 12.2236 ], [ 92.8853, 12.2233 ], [ 92.8869, 12.2196 ], [ 92.882, 12.2174 ], [ 92.8787, 12.209 ], [ 92.8697, 12.2448 ], [ 92.8773, 12.249 ], [ 92.8791, 12.2383 ], [ 92.8846, 12.2386 ], [ 92.8843, 12.249 ], [ 92.8871, 12.2527 ], [ 92.8921, 12.2524 ], [ 92.8965, 12.2645 ], [ 92.9007, 12.2641 ], [ 92.8972, 12.2562 ] ] ], [ [ [ 92.7417, 12.2555 ], [ 92.7347, 12.2481 ], [ 92.7345, 12.2586 ], [ 92.7391, 12.2747 ], [ 92.7343, 12.2701 ], [ 92.7369, 12.2757 ], [ 92.7389, 12.275 ], [ 92.739, 12.2827 ], [ 92.741, 12.2791 ], [ 92.7486, 12.2879 ], [ 92.7417, 12.2555 ] ] ], [ [ [ 92.7343, 12.2875 ], [ 92.7366, 12.2928 ], [ 92.7373, 12.291 ], [ 92.7352, 12.2813 ], [ 92.7343, 12.2875 ] ] ], [ [ [ 92.7505, 12.2909 ], [ 92.7513, 12.2917 ], [ 92.7509, 12.2906 ], [ 92.7505, 12.2909 ] ] ], [ [ [ 92.8839, 12.2759 ], [ 92.8881, 12.2807 ], [ 92.8886, 12.2722 ], [ 92.8839, 12.2759 ] ] ], [ [ [ 92.753, 12.2943 ], [ 92.7527, 12.2932 ], [ 92.7516, 12.2936 ], [ 92.753, 12.2943 ] ] ], [ [ [ 92.7522, 12.2779 ], [ 92.7622, 12.2941 ], [ 92.7673, 12.285 ], [ 92.7639, 12.2652 ], [ 92.7522, 12.2779 ] ] ], [ [ [ 92.7231, 12.291 ], [ 92.7188, 12.2832 ], [ 92.7099, 12.2297 ], [ 92.7028, 12.2433 ], [ 92.6997, 12.268 ], [ 92.7024, 12.2719 ], [ 92.6987, 12.2747 ], [ 92.7021, 12.2787 ], [ 92.7033, 12.2993 ], [ 92.7223, 12.2959 ], [ 92.7231, 12.291 ] ] ], [ [ [ 92.7659, 12.2896 ], [ 92.7699, 12.2951 ], [ 92.7711, 12.2936 ], [ 92.7684, 12.2886 ], [ 92.7659, 12.2896 ] ] ], [ [ [ 92.7648, 12.2995 ], [ 92.7651, 12.2976 ], [ 92.7627, 12.2975 ], [ 92.7648, 12.2995 ] ] ], [ [ [ 92.8879, 12.2857 ], [ 92.8845, 12.2798 ], [ 92.882, 12.2824 ], [ 92.8814, 12.2803 ], [ 92.8784, 12.2841 ], [ 92.8769, 12.2843 ], [ 92.8771, 12.2888 ], [ 92.8781, 12.29 ], [ 92.8776, 12.2879 ], [ 92.8841, 12.2904 ], [ 92.8879, 12.2857 ] ] ], [ [ [ 92.8909, 12.2937 ], [ 92.888, 12.2931 ], [ 92.8879, 12.296 ], [ 92.8912, 12.2981 ], [ 92.8909, 12.2937 ] ] ], [ [ [ 92.8764, 12.2942 ], [ 92.8792, 12.3004 ], [ 92.8847, 12.297 ], [ 92.8764, 12.2942 ] ] ], [ [ [ 92.838, 12.2134 ], [ 92.8354, 12.2134 ], [ 92.8335, 12.2148 ], [ 92.8328, 12.2145 ], [ 92.8317, 12.2129 ], [ 92.8345, 12.2111 ], [ 92.833, 12.2064 ], [ 92.8305, 12.2085 ], [ 92.8287, 12.2087 ], [ 92.8268, 12.203 ], [ 92.8394, 12.1995 ], [ 92.8447, 12.2008 ], [ 92.8447, 12.1977 ], [ 92.8472, 12.1938 ], [ 92.84, 12.1853 ], [ 92.8438, 12.1862 ], [ 92.8458, 12.1901 ], [ 92.8541, 12.191 ], [ 92.8566, 12.1864 ], [ 92.8516, 12.1843 ], [ 92.8545, 12.1706 ], [ 92.85, 12.165 ], [ 92.8544, 12.165 ], [ 92.8548, 12.1618 ], [ 92.8445, 12.1475 ], [ 92.8459, 12.1577 ], [ 92.8387, 12.1599 ], [ 92.8351, 12.1669 ], [ 92.8273, 12.1635 ], [ 92.8212, 12.1709 ], [ 92.823, 12.1757 ], [ 92.8224, 12.1781 ], [ 92.8218, 12.1772 ], [ 92.8227, 12.1757 ], [ 92.8212, 12.1728 ], [ 92.8208, 12.1709 ], [ 92.824, 12.1661 ], [ 92.8208, 12.1598 ], [ 92.8172, 12.1637 ], [ 92.8076, 12.1601 ], [ 92.8076, 12.1619 ], [ 92.8021, 12.1653 ], [ 92.8039, 12.1646 ], [ 92.8068, 12.1712 ], [ 92.8055, 12.1716 ], [ 92.8034, 12.1694 ], [ 92.8046, 12.1682 ], [ 92.8011, 12.1706 ], [ 92.8037, 12.1675 ], [ 92.8038, 12.1652 ], [ 92.8021, 12.1659 ], [ 92.8018, 12.1656 ], [ 92.8023, 12.1643 ], [ 92.8038, 12.1626 ], [ 92.8071, 12.1618 ], [ 92.8071, 12.1599 ], [ 92.8115, 12.1603 ], [ 92.8172, 12.1631 ], [ 92.82, 12.1591 ], [ 92.8269, 12.1561 ], [ 92.8187, 12.1453 ], [ 92.8217, 12.1407 ], [ 92.8153, 12.1386 ], [ 92.8164, 12.1246 ], [ 92.8015, 12.132 ], [ 92.8029, 12.1263 ], [ 92.8181, 12.1132 ], [ 92.8144, 12.1051 ], [ 92.8115, 12.1069 ], [ 92.8089, 12.1029 ], [ 92.7982, 12.1083 ], [ 92.7995, 12.1141 ], [ 92.799, 12.1141 ], [ 92.797, 12.1113 ], [ 92.7979, 12.107 ], [ 92.7935, 12.1035 ], [ 92.7836, 12.106 ], [ 92.7875, 12.1008 ], [ 92.8008, 12.0935 ], [ 92.7952, 12.0904 ], [ 92.7955, 12.0863 ], [ 92.7912, 12.087 ], [ 92.7921, 12.079 ], [ 92.7907, 12.0803 ], [ 92.7882, 12.0804 ], [ 92.7852, 12.0783 ], [ 92.781, 12.08 ], [ 92.7781, 12.074 ], [ 92.7719, 12.0726 ], [ 92.7711, 12.0676 ], [ 92.7634, 12.0632 ], [ 92.7575, 12.071 ], [ 92.7597, 12.0781 ], [ 92.752, 12.0744 ], [ 92.7546, 12.076 ], [ 92.7582, 12.0814 ], [ 92.7591, 12.0911 ], [ 92.7616, 12.0898 ], [ 92.7638, 12.0901 ], [ 92.7648, 12.0949 ], [ 92.7633, 12.0932 ], [ 92.7634, 12.0902 ], [ 92.7617, 12.0918 ], [ 92.7588, 12.0916 ], [ 92.7638, 12.0966 ], [ 92.7634, 12.0996 ], [ 92.7623, 12.1008 ], [ 92.7618, 12.0988 ], [ 92.7632, 12.0989 ], [ 92.7623, 12.0974 ], [ 92.7636, 12.0968 ], [ 92.7618, 12.097 ], [ 92.76, 12.0954 ], [ 92.7578, 12.0909 ], [ 92.7578, 12.0815 ], [ 92.7553, 12.0796 ], [ 92.754, 12.0759 ], [ 92.7542, 12.0804 ], [ 92.7532, 12.076 ], [ 92.7472, 12.0741 ], [ 92.7392, 12.0797 ], [ 92.743, 12.0805 ], [ 92.7411, 12.0827 ], [ 92.7388, 12.0813 ], [ 92.7378, 12.0975 ], [ 92.7458, 12.1242 ], [ 92.7582, 12.1457 ], [ 92.7586, 12.1594 ], [ 92.7635, 12.1652 ], [ 92.7607, 12.1684 ], [ 92.7666, 12.1851 ], [ 92.7688, 12.2013 ], [ 92.7636, 12.2125 ], [ 92.7686, 12.2216 ], [ 92.7708, 12.2416 ], [ 92.7648, 12.2369 ], [ 92.7662, 12.243 ], [ 92.7693, 12.2425 ], [ 92.7698, 12.243 ], [ 92.7685, 12.2462 ], [ 92.7681, 12.2442 ], [ 92.7694, 12.2429 ], [ 92.7682, 12.2434 ], [ 92.766, 12.2433 ], [ 92.762, 12.2326 ], [ 92.7589, 12.2332 ], [ 92.7599, 12.2371 ], [ 92.75, 12.2324 ], [ 92.7464, 12.2351 ], [ 92.7472, 12.2438 ], [ 92.7411, 12.2454 ], [ 92.7494, 12.2741 ], [ 92.7564, 12.2693 ], [ 92.7565, 12.2651 ], [ 92.7586, 12.2677 ], [ 92.7632, 12.2625 ], [ 92.774, 12.2803 ], [ 92.7748, 12.2757 ], [ 92.7781, 12.2778 ], [ 92.778, 12.2725 ], [ 92.7797, 12.274 ], [ 92.7789, 12.2833 ], [ 92.7843, 12.279 ], [ 92.7877, 12.2802 ], [ 92.7859, 12.2807 ], [ 92.7844, 12.2792 ], [ 92.7843, 12.2805 ], [ 92.7838, 12.2811 ], [ 92.7797, 12.2831 ], [ 92.7817, 12.2866 ], [ 92.7738, 12.2935 ], [ 92.7772, 12.2954 ], [ 92.7754, 12.3012 ], [ 92.7719, 12.302 ], [ 92.77, 12.2965 ], [ 92.7669, 12.2972 ], [ 92.7708, 12.313 ], [ 92.7769, 12.3097 ], [ 92.7846, 12.3107 ], [ 92.795, 12.3036 ], [ 92.8017, 12.3114 ], [ 92.8105, 12.313 ], [ 92.8289, 12.2993 ], [ 92.8327, 12.3008 ], [ 92.8347, 12.2977 ], [ 92.8326, 12.2967 ], [ 92.8334, 12.2951 ], [ 92.831, 12.2939 ], [ 92.8321, 12.292 ], [ 92.8325, 12.2929 ], [ 92.8313, 12.2936 ], [ 92.8336, 12.2948 ], [ 92.8336, 12.2955 ], [ 92.8329, 12.2965 ], [ 92.8352, 12.2973 ], [ 92.8364, 12.3032 ], [ 92.8426, 12.3034 ], [ 92.8406, 12.2974 ], [ 92.8425, 12.2985 ], [ 92.8426, 12.2997 ], [ 92.844, 12.2963 ], [ 92.8451, 12.2975 ], [ 92.8427, 12.3043 ], [ 92.847, 12.3037 ], [ 92.8532, 12.2918 ], [ 92.8522, 12.2872 ], [ 92.8509, 12.2878 ], [ 92.8504, 12.2862 ], [ 92.8508, 12.283 ], [ 92.8515, 12.2831 ], [ 92.8517, 12.2846 ], [ 92.8505, 12.2857 ], [ 92.8517, 12.2867 ], [ 92.851, 12.2876 ], [ 92.852, 12.2867 ], [ 92.8522, 12.2856 ], [ 92.8534, 12.2921 ], [ 92.849, 12.3021 ], [ 92.8523, 12.3033 ], [ 92.8544, 12.2996 ], [ 92.8552, 12.3052 ], [ 92.8722, 12.3017 ], [ 92.8715, 12.2954 ], [ 92.869, 12.2953 ], [ 92.866, 12.2932 ], [ 92.8634, 12.2868 ], [ 92.8658, 12.2874 ], [ 92.8668, 12.2902 ], [ 92.8655, 12.2914 ], [ 92.8665, 12.2932 ], [ 92.87, 12.2949 ], [ 92.8679, 12.2903 ], [ 92.8723, 12.292 ], [ 92.8731, 12.2876 ], [ 92.8768, 12.2871 ], [ 92.8722, 12.2809 ], [ 92.8741, 12.2811 ], [ 92.8749, 12.2819 ], [ 92.8748, 12.2831 ], [ 92.8756, 12.2821 ], [ 92.8763, 12.2821 ], [ 92.8777, 12.2841 ], [ 92.8805, 12.2812 ], [ 92.8821, 12.2625 ], [ 92.8851, 12.2705 ], [ 92.8913, 12.2664 ], [ 92.8899, 12.2633 ], [ 92.886, 12.2647 ], [ 92.8884, 12.2565 ], [ 92.8825, 12.2576 ], [ 92.8752, 12.2506 ], [ 92.8696, 12.251 ], [ 92.8681, 12.2573 ], [ 92.8678, 12.2573 ], [ 92.8665, 12.2549 ], [ 92.869, 12.2517 ], [ 92.8584, 12.2491 ], [ 92.8579, 12.2445 ], [ 92.867, 12.2323 ], [ 92.8635, 12.2319 ], [ 92.8674, 12.2321 ], [ 92.8675, 12.2269 ], [ 92.8715, 12.2255 ], [ 92.8736, 12.2123 ], [ 92.8705, 12.2128 ], [ 92.869, 12.2105 ], [ 92.869, 12.211 ], [ 92.8672, 12.212 ], [ 92.8645, 12.2088 ], [ 92.8656, 12.2091 ], [ 92.8673, 12.2118 ], [ 92.8688, 12.211 ], [ 92.8688, 12.2106 ], [ 92.8678, 12.2104 ], [ 92.8675, 12.2099 ], [ 92.8678, 12.2092 ], [ 92.8686, 12.2089 ], [ 92.8709, 12.2125 ], [ 92.8736, 12.2043 ], [ 92.8817, 12.2032 ], [ 92.8829, 12.1977 ], [ 92.8746, 12.1923 ], [ 92.8674, 12.1934 ], [ 92.8613, 12.1975 ], [ 92.8621, 12.2009 ], [ 92.8559, 12.2008 ], [ 92.8532, 12.2043 ], [ 92.8458, 12.1977 ], [ 92.8446, 12.2019 ], [ 92.84, 12.1999 ], [ 92.8276, 12.203 ], [ 92.8291, 12.2085 ], [ 92.8332, 12.2059 ], [ 92.8349, 12.2115 ], [ 92.8332, 12.2144 ], [ 92.8357, 12.2131 ], [ 92.8403, 12.2124 ], [ 92.838, 12.2134 ] ], [ [ 92.8522, 12.2853 ], [ 92.8548, 12.2879 ], [ 92.8538, 12.2812 ], [ 92.8547, 12.2813 ], [ 92.8561, 12.2832 ], [ 92.8561, 12.2838 ], [ 92.8547, 12.2884 ], [ 92.8542, 12.2882 ], [ 92.8522, 12.2856 ], [ 92.8522, 12.2853 ] ], [ [ 92.8642, 12.2583 ], [ 92.8655, 12.2609 ], [ 92.8633, 12.2608 ], [ 92.8614, 12.2597 ], [ 92.8622, 12.2614 ], [ 92.861, 12.2597 ], [ 92.8667, 12.2563 ], [ 92.8678, 12.2573 ], [ 92.8642, 12.2583 ] ], [ [ 92.8657, 12.2611 ], [ 92.863, 12.2636 ], [ 92.8619, 12.2625 ], [ 92.8622, 12.2624 ], [ 92.8628, 12.2633 ], [ 92.8633, 12.2613 ], [ 92.8655, 12.2609 ], [ 92.8657, 12.2611 ] ], [ [ 92.862, 12.2636 ], [ 92.8614, 12.263 ], [ 92.8616, 12.2625 ], [ 92.8619, 12.2625 ], [ 92.862, 12.2636 ] ], [ [ 92.8405, 12.2123 ], [ 92.8405, 12.2135 ], [ 92.8398, 12.2144 ], [ 92.8364, 12.2143 ], [ 92.8401, 12.2171 ], [ 92.8405, 12.2191 ], [ 92.8396, 12.217 ], [ 92.8361, 12.2143 ], [ 92.8371, 12.2136 ], [ 92.8399, 12.2142 ], [ 92.8403, 12.2124 ], [ 92.8405, 12.2123 ] ], [ [ 92.8406, 12.2194 ], [ 92.8385, 12.217 ], [ 92.8293, 12.2198 ], [ 92.8273, 12.2229 ], [ 92.8187, 12.2275 ], [ 92.8174, 12.233 ], [ 92.8111, 12.2341 ], [ 92.807, 12.2323 ], [ 92.8059, 12.2311 ], [ 92.8026, 12.2326 ], [ 92.8037, 12.2314 ], [ 92.8057, 12.2308 ], [ 92.8063, 12.2309 ], [ 92.807, 12.232 ], [ 92.8087, 12.2323 ], [ 92.81, 12.2335 ], [ 92.8123, 12.2325 ], [ 92.817, 12.2325 ], [ 92.8183, 12.2274 ], [ 92.8215, 12.2241 ], [ 92.8235, 12.2247 ], [ 92.824, 12.2235 ], [ 92.8253, 12.2226 ], [ 92.8273, 12.2225 ], [ 92.8293, 12.2196 ], [ 92.8384, 12.2167 ], [ 92.8405, 12.2191 ], [ 92.8406, 12.2194 ] ] ], [ [ [ 92.8682, 12.2093 ], [ 92.8678, 12.21 ], [ 92.869, 12.2105 ], [ 92.8682, 12.2093 ] ] ], [ [ [ 92.937, 12.2977 ], [ 92.934, 12.2894 ], [ 92.943, 12.2748 ], [ 92.9265, 12.2525 ], [ 92.9258, 12.2498 ], [ 92.9302, 12.2489 ], [ 92.9292, 12.2386 ], [ 92.9222, 12.2293 ], [ 92.9175, 12.2384 ], [ 92.9219, 12.2588 ], [ 92.9199, 12.2691 ], [ 92.9166, 12.2638 ], [ 92.916, 12.2685 ], [ 92.9115, 12.263 ], [ 92.9112, 12.2694 ], [ 92.9044, 12.2704 ], [ 92.9136, 12.2736 ], [ 92.9066, 12.2754 ], [ 92.9004, 12.2712 ], [ 92.9041, 12.2791 ], [ 92.9003, 12.2811 ], [ 92.9009, 12.2882 ], [ 92.9021, 12.2926 ], [ 92.9099, 12.2947 ], [ 92.9134, 12.3041 ], [ 92.9133, 12.2912 ], [ 92.9192, 12.2906 ], [ 92.9178, 12.2824 ], [ 92.9218, 12.288 ], [ 92.9275, 12.2781 ], [ 92.9281, 12.3043 ], [ 92.9335, 12.311 ], [ 92.937, 12.2977 ] ] ], [ [ [ 92.8584, 12.3298 ], [ 92.855, 12.3321 ], [ 92.8564, 12.3333 ], [ 92.8572, 12.3401 ], [ 92.8585, 12.3387 ], [ 92.8573, 12.3372 ], [ 92.8579, 12.3348 ], [ 92.8594, 12.3348 ], [ 92.8621, 12.3361 ], [ 92.8632, 12.3306 ], [ 92.8649, 12.3308 ], [ 92.865, 12.3329 ], [ 92.8709, 12.3287 ], [ 92.8852, 12.332 ], [ 92.8886, 12.3249 ], [ 92.8959, 12.327 ], [ 92.9001, 12.3235 ], [ 92.895, 12.3173 ], [ 92.8913, 12.3191 ], [ 92.8904, 12.317 ], [ 92.8853, 12.3228 ], [ 92.8778, 12.3129 ], [ 92.8717, 12.3183 ], [ 92.8675, 12.3138 ], [ 92.8656, 12.316 ], [ 92.8625, 12.313 ], [ 92.8582, 12.3141 ], [ 92.856, 12.3177 ], [ 92.8588, 12.3181 ], [ 92.8606, 12.3191 ], [ 92.8618, 12.3211 ], [ 92.8614, 12.3217 ], [ 92.8604, 12.32 ], [ 92.8611, 12.3237 ], [ 92.8572, 12.3283 ], [ 92.8581, 12.3295 ], [ 92.8584, 12.3298 ] ] ], [ [ [ 92.9039, 12.3411 ], [ 92.906, 12.3401 ], [ 92.9043, 12.3381 ], [ 92.9039, 12.3411 ] ] ], [ [ [ 92.9127, 12.3306 ], [ 92.9114, 12.3393 ], [ 92.9067, 12.3417 ], [ 92.9139, 12.3564 ], [ 92.9191, 12.3512 ], [ 92.9126, 12.3395 ], [ 92.9127, 12.3306 ] ] ], [ [ [ 93.8646, 12.2942 ], [ 93.8685, 12.2852 ], [ 93.867, 12.2754 ], [ 93.8634, 12.2716 ], [ 93.8454, 12.2692 ], [ 93.8341, 12.2782 ], [ 93.8417, 12.2891 ], [ 93.8403, 12.2954 ], [ 93.8503, 12.3021 ], [ 93.8577, 12.3007 ], [ 93.8646, 12.2942 ] ] ], [ [ [ 92.8966, 12.392 ], [ 92.8944, 12.3957 ], [ 92.8973, 12.3933 ], [ 92.8966, 12.392 ] ] ], [ [ [ 92.8641, 12.4078 ], [ 92.8641, 12.4085 ], [ 92.8651, 12.4079 ], [ 92.8641, 12.4078 ] ] ], [ [ [ 92.894, 12.4073 ], [ 92.891, 12.4023 ], [ 92.8946, 12.4001 ], [ 92.8826, 12.3885 ], [ 92.8854, 12.3814 ], [ 92.8823, 12.3737 ], [ 92.8795, 12.3842 ], [ 92.8778, 12.3821 ], [ 92.872, 12.3848 ], [ 92.8669, 12.3775 ], [ 92.8586, 12.3841 ], [ 92.8609, 12.392 ], [ 92.8549, 12.3889 ], [ 92.8439, 12.3953 ], [ 92.843, 12.4027 ], [ 92.851, 12.4085 ], [ 92.8623, 12.4057 ], [ 92.8658, 12.4014 ], [ 92.8727, 12.4061 ], [ 92.8754, 12.4004 ], [ 92.881, 12.3984 ], [ 92.8875, 12.4081 ], [ 92.894, 12.4073 ] ] ], [ [ [ 92.8804, 12.411 ], [ 92.8783, 12.4092 ], [ 92.8738, 12.4092 ], [ 92.8804, 12.411 ] ] ], [ [ [ 92.8884, 12.4127 ], [ 92.8882, 12.4128 ], [ 92.8887, 12.4129 ], [ 92.8884, 12.4127 ] ] ], [ [ [ 92.8979, 12.4123 ], [ 92.8985, 12.4119 ], [ 92.8971, 12.4083 ], [ 92.8979, 12.4123 ] ] ], [ [ [ 92.8883, 12.4132 ], [ 92.888, 12.4141 ], [ 92.8894, 12.4141 ], [ 92.8883, 12.4132 ] ] ], [ [ [ 92.9015, 12.4119 ], [ 92.9014, 12.4125 ], [ 92.9024, 12.4125 ], [ 92.9015, 12.4119 ] ] ], [ [ [ 92.888, 12.4144 ], [ 92.8879, 12.4147 ], [ 92.8882, 12.4145 ], [ 92.888, 12.4144 ] ] ], [ [ [ 92.8579, 12.4171 ], [ 92.8672, 12.4206 ], [ 92.8684, 12.4141 ], [ 92.8621, 12.4126 ], [ 92.8579, 12.4171 ] ] ], [ [ [ 92.8417, 12.4211 ], [ 92.842, 12.416 ], [ 92.8433, 12.4183 ], [ 92.8431, 12.4204 ], [ 92.8584, 12.4133 ], [ 92.8517, 12.4096 ], [ 92.8428, 12.4152 ], [ 92.8383, 12.4113 ], [ 92.8286, 12.4227 ], [ 92.8325, 12.4269 ], [ 92.8417, 12.4211 ] ] ], [ [ [ 92.8993, 12.4261 ], [ 92.903, 12.4238 ], [ 92.8983, 12.4216 ], [ 92.8993, 12.4261 ] ] ], [ [ [ 92.955, 12.428 ], [ 92.9607, 12.4212 ], [ 92.9514, 12.4068 ], [ 92.9454, 12.4053 ], [ 92.9433, 12.3839 ], [ 92.9376, 12.3778 ], [ 92.9302, 12.3568 ], [ 92.9256, 12.3629 ], [ 92.9161, 12.3636 ], [ 92.9179, 12.3762 ], [ 92.9263, 12.3887 ], [ 92.9279, 12.3861 ], [ 92.9279, 12.3882 ], [ 92.9236, 12.3904 ], [ 92.9248, 12.4041 ], [ 92.935, 12.4215 ], [ 92.9405, 12.4238 ], [ 92.9473, 12.4156 ], [ 92.9475, 12.429 ], [ 92.9575, 12.4377 ], [ 92.9585, 12.4311 ], [ 92.955, 12.428 ] ] ], [ [ [ 92.6863, 12.5367 ], [ 92.6816, 12.5315 ], [ 92.6842, 12.5169 ], [ 92.6781, 12.5056 ], [ 92.6618, 12.5329 ], [ 92.6815, 12.5567 ], [ 92.6881, 12.5501 ], [ 92.6863, 12.5367 ] ] ], [ [ [ 92.7022, 12.6362 ], [ 92.6992, 12.6371 ], [ 92.7023, 12.6377 ], [ 92.7022, 12.6362 ] ] ], [ [ [ 92.6989, 12.639 ], [ 92.7015, 12.6412 ], [ 92.7017, 12.638 ], [ 92.6989, 12.639 ] ] ], [ [ [ 92.701, 12.6415 ], [ 92.7009, 12.6411 ], [ 92.7002, 12.6407 ], [ 92.701, 12.6415 ] ] ], [ [ [ 92.7028, 12.6412 ], [ 92.7009, 12.6418 ], [ 92.7027, 12.6431 ], [ 92.7028, 12.6412 ] ] ], [ [ [ 92.7301, 12.6531 ], [ 92.7289, 12.6531 ], [ 92.727, 12.6542 ], [ 92.7272, 12.6545 ], [ 92.7269, 12.6552 ], [ 92.7263, 12.6552 ], [ 92.7269, 12.6554 ], [ 92.7301, 12.6531 ] ] ], [ [ [ 92.727, 12.6546 ], [ 92.7249, 12.6527 ], [ 92.724, 12.655 ], [ 92.726, 12.6551 ], [ 92.727, 12.6546 ] ] ], [ [ [ 92.7357, 12.6254 ], [ 92.74, 12.6224 ], [ 92.7403, 12.6204 ], [ 92.7409, 12.6197 ], [ 92.7477, 12.6205 ], [ 92.7408, 12.62 ], [ 92.7403, 12.6222 ], [ 92.7399, 12.6227 ], [ 92.7374, 12.625 ], [ 92.7358, 12.6259 ], [ 92.7373, 12.632 ], [ 92.7285, 12.636 ], [ 92.7348, 12.639 ], [ 92.7328, 12.6571 ], [ 92.7406, 12.6612 ], [ 92.743, 12.6677 ], [ 92.7507, 12.6663 ], [ 92.7523, 12.672 ], [ 92.7642, 12.6678 ], [ 92.7731, 12.6704 ], [ 92.7765, 12.6669 ], [ 92.776, 12.6325 ], [ 92.7712, 12.629 ], [ 92.767, 12.6319 ], [ 92.7652, 12.6321 ], [ 92.7619, 12.6244 ], [ 92.7662, 12.6316 ], [ 92.7695, 12.6282 ], [ 92.7757, 12.6307 ], [ 92.7785, 12.6379 ], [ 92.7788, 12.6296 ], [ 92.7844, 12.624 ], [ 92.7765, 12.5905 ], [ 92.7789, 12.58 ], [ 92.7795, 12.583 ], [ 92.7774, 12.5903 ], [ 92.78, 12.5941 ], [ 92.783, 12.6065 ], [ 92.7823, 12.613 ], [ 92.8959, 12.6132 ], [ 92.8929, 12.6266 ], [ 92.8873, 12.632 ], [ 92.8907, 12.6368 ], [ 92.8926, 12.6322 ], [ 92.899, 12.6349 ], [ 92.9012, 12.639 ], [ 92.8977, 12.6427 ], [ 92.9037, 12.6467 ], [ 92.9106, 12.6503 ], [ 92.959, 12.6481 ], [ 92.9567, 12.6242 ], [ 92.9455, 12.6313 ], [ 92.9372, 12.6238 ], [ 92.9344, 12.6175 ], [ 92.9297, 12.6169 ], [ 92.9381, 12.6157 ], [ 92.9362, 12.6186 ], [ 92.9391, 12.616 ], [ 92.9371, 12.622 ], [ 92.9456, 12.6299 ], [ 92.9435, 12.6239 ], [ 92.9462, 12.6248 ], [ 92.948, 12.6275 ], [ 92.9588, 12.6196 ], [ 92.956, 12.5927 ], [ 92.9754, 12.5426 ], [ 92.971, 12.5173 ], [ 92.9657, 12.5132 ], [ 92.9688, 12.4967 ], [ 92.9631, 12.4923 ], [ 92.9641, 12.4872 ], [ 92.9563, 12.4871 ], [ 92.9545, 12.4914 ], [ 92.9508, 12.4896 ], [ 92.9528, 12.4938 ], [ 92.9465, 12.4997 ], [ 92.938, 12.482 ], [ 92.9328, 12.4817 ], [ 92.9331, 12.4847 ], [ 92.9314, 12.4874 ], [ 92.9272, 12.4904 ], [ 92.9265, 12.4885 ], [ 92.929, 12.4865 ], [ 92.9311, 12.4872 ], [ 92.9326, 12.4847 ], [ 92.9307, 12.4837 ], [ 92.9318, 12.4813 ], [ 92.9292, 12.4793 ], [ 92.9314, 12.4778 ], [ 92.9294, 12.4767 ], [ 92.9261, 12.4769 ], [ 92.9337, 12.4713 ], [ 92.9326, 12.4675 ], [ 92.9216, 12.4657 ], [ 92.9203, 12.4729 ], [ 92.9162, 12.4738 ], [ 92.9196, 12.476 ], [ 92.921, 12.4806 ], [ 92.92, 12.4837 ], [ 92.9181, 12.4816 ], [ 92.9143, 12.4841 ], [ 92.9112, 12.4893 ], [ 92.9132, 12.4928 ], [ 92.9143, 12.5 ], [ 92.9118, 12.4944 ], [ 92.9129, 12.4925 ], [ 92.9109, 12.4917 ], [ 92.9109, 12.4893 ], [ 92.914, 12.4837 ], [ 92.9179, 12.4813 ], [ 92.9199, 12.4832 ], [ 92.9205, 12.48 ], [ 92.9182, 12.4786 ], [ 92.9183, 12.4775 ], [ 92.9195, 12.4764 ], [ 92.9191, 12.4761 ], [ 92.9152, 12.4781 ], [ 92.9131, 12.477 ], [ 92.9126, 12.4784 ], [ 92.912, 12.4787 ], [ 92.9083, 12.4754 ], [ 92.9073, 12.4775 ], [ 92.9071, 12.4775 ], [ 92.9067, 12.4767 ], [ 92.9083, 12.4752 ], [ 92.9124, 12.4783 ], [ 92.9126, 12.477 ], [ 92.9139, 12.4758 ], [ 92.9113, 12.4711 ], [ 92.9057, 12.4707 ], [ 92.9078, 12.4672 ], [ 92.9085, 12.4685 ], [ 92.9082, 12.4689 ], [ 92.9073, 12.4687 ], [ 92.9072, 12.4692 ], [ 92.9092, 12.4695 ], [ 92.9118, 12.471 ], [ 92.9141, 12.4744 ], [ 92.9149, 12.4777 ], [ 92.9155, 12.473 ], [ 92.9194, 12.4728 ], [ 92.9191, 12.4696 ], [ 92.9216, 12.4648 ], [ 92.9338, 12.4658 ], [ 92.9389, 12.4691 ], [ 92.9422, 12.4671 ], [ 92.9499, 12.4762 ], [ 92.9578, 12.4727 ], [ 92.956, 12.4663 ], [ 92.9487, 12.4638 ], [ 92.951, 12.4595 ], [ 92.9477, 12.4629 ], [ 92.9452, 12.4622 ], [ 92.9476, 12.4617 ], [ 92.9495, 12.4579 ], [ 92.947, 12.4614 ], [ 92.9432, 12.4608 ], [ 92.9446, 12.4592 ], [ 92.9468, 12.4595 ], [ 92.9454, 12.4563 ], [ 92.9491, 12.4567 ], [ 92.9446, 12.4513 ], [ 92.943, 12.4551 ], [ 92.9379, 12.4481 ], [ 92.9305, 12.4492 ], [ 92.9221, 12.4423 ], [ 92.9124, 12.446 ], [ 92.9124, 12.4506 ], [ 92.9119, 12.446 ], [ 92.9148, 12.4444 ], [ 92.9107, 12.4448 ], [ 92.9082, 12.4439 ], [ 92.909, 12.438 ], [ 92.9107, 12.4444 ], [ 92.9229, 12.4356 ], [ 92.9146, 12.4062 ], [ 92.9057, 12.407 ], [ 92.9085, 12.4201 ], [ 92.891, 12.4366 ], [ 92.8921, 12.438 ], [ 92.8934, 12.4369 ], [ 92.8945, 12.4383 ], [ 92.8944, 12.4385 ], [ 92.8934, 12.4371 ], [ 92.8922, 12.4383 ], [ 92.8907, 12.4368 ], [ 92.8845, 12.4416 ], [ 92.8899, 12.4479 ], [ 92.8957, 12.4479 ], [ 92.899, 12.4511 ], [ 92.8959, 12.455 ], [ 92.8927, 12.454 ], [ 92.8906, 12.4582 ], [ 92.8855, 12.4598 ], [ 92.8869, 12.4584 ], [ 92.8907, 12.4577 ], [ 92.8915, 12.4546 ], [ 92.8928, 12.4536 ], [ 92.8957, 12.4543 ], [ 92.8963, 12.4501 ], [ 92.8861, 12.4469 ], [ 92.8857, 12.4494 ], [ 92.8856, 12.4469 ], [ 92.8865, 12.4467 ], [ 92.8882, 12.4474 ], [ 92.8882, 12.4471 ], [ 92.8836, 12.4425 ], [ 92.877, 12.4451 ], [ 92.8862, 12.4565 ], [ 92.8787, 12.4581 ], [ 92.8831, 12.4665 ], [ 92.8789, 12.4669 ], [ 92.8804, 12.4713 ], [ 92.8786, 12.4673 ], [ 92.8789, 12.4666 ], [ 92.8805, 12.4658 ], [ 92.8812, 12.4644 ], [ 92.878, 12.4581 ], [ 92.8805, 12.4559 ], [ 92.8853, 12.456 ], [ 92.8778, 12.4519 ], [ 92.8761, 12.456 ], [ 92.8755, 12.4534 ], [ 92.8757, 12.4529 ], [ 92.8778, 12.4512 ], [ 92.881, 12.4503 ], [ 92.8756, 12.4466 ], [ 92.868, 12.454 ], [ 92.8714, 12.4549 ], [ 92.872, 12.4581 ], [ 92.869, 12.4569 ], [ 92.8699, 12.4564 ], [ 92.8718, 12.4577 ], [ 92.8674, 12.4543 ], [ 92.8688, 12.4462 ], [ 92.8554, 12.4571 ], [ 92.8557, 12.4639 ], [ 92.8588, 12.4586 ], [ 92.8621, 12.4574 ], [ 92.8639, 12.4582 ], [ 92.8599, 12.4618 ], [ 92.8628, 12.4657 ], [ 92.8588, 12.4666 ], [ 92.8588, 12.4658 ], [ 92.8595, 12.4652 ], [ 92.8623, 12.4655 ], [ 92.8592, 12.4617 ], [ 92.8629, 12.4582 ], [ 92.8587, 12.4599 ], [ 92.8567, 12.4648 ], [ 92.8551, 12.4645 ], [ 92.8539, 12.4624 ], [ 92.8535, 12.4709 ], [ 92.8521, 12.4658 ], [ 92.8537, 12.4573 ], [ 92.8432, 12.4708 ], [ 92.8433, 12.4803 ], [ 92.8374, 12.4854 ], [ 92.8383, 12.4916 ], [ 92.8355, 12.5006 ], [ 92.8382, 12.4974 ], [ 92.8422, 12.4971 ], [ 92.8451, 12.4987 ], [ 92.846, 12.5025 ], [ 92.8511, 12.5021 ], [ 92.8516, 12.5084 ], [ 92.8566, 12.508 ], [ 92.8547, 12.51 ], [ 92.851, 12.5084 ], [ 92.8505, 12.5025 ], [ 92.8457, 12.5028 ], [ 92.8437, 12.4983 ], [ 92.8389, 12.4975 ], [ 92.8371, 12.5013 ], [ 92.8351, 12.5014 ], [ 92.8347, 12.4962 ], [ 92.8376, 12.4933 ], [ 92.8225, 12.5 ], [ 92.8234, 12.4986 ], [ 92.8369, 12.4912 ], [ 92.8356, 12.4866 ], [ 92.8341, 12.4888 ], [ 92.8329, 12.4893 ], [ 92.8246, 12.4829 ], [ 92.8158, 12.4868 ], [ 92.8245, 12.4822 ], [ 92.834, 12.4885 ], [ 92.8349, 12.4858 ], [ 92.8424, 12.4793 ], [ 92.8405, 12.4714 ], [ 92.8387, 12.4736 ], [ 92.8408, 12.4764 ], [ 92.8334, 12.4815 ], [ 92.8336, 12.4754 ], [ 92.8295, 12.4747 ], [ 92.8287, 12.4717 ], [ 92.8256, 12.4733 ], [ 92.8252, 12.4729 ], [ 92.8256, 12.472 ], [ 92.8254, 12.473 ], [ 92.8279, 12.4715 ], [ 92.8291, 12.4716 ], [ 92.8306, 12.4745 ], [ 92.8299, 12.4721 ], [ 92.8303, 12.4706 ], [ 92.8333, 12.4695 ], [ 92.8302, 12.4717 ], [ 92.8342, 12.4752 ], [ 92.8342, 12.4806 ], [ 92.8372, 12.4758 ], [ 92.8402, 12.4757 ], [ 92.8382, 12.4744 ], [ 92.8382, 12.4715 ], [ 92.8431, 12.468 ], [ 92.8395, 12.4655 ], [ 92.8406, 12.4647 ], [ 92.8394, 12.4645 ], [ 92.8408, 12.4646 ], [ 92.8402, 12.4656 ], [ 92.8443, 12.4653 ], [ 92.8627, 12.4453 ], [ 92.8722, 12.4401 ], [ 92.875, 12.4427 ], [ 92.8763, 12.4381 ], [ 92.877, 12.4386 ], [ 92.8774, 12.4406 ], [ 92.8834, 12.4365 ], [ 92.8781, 12.432 ], [ 92.8726, 12.4339 ], [ 92.8748, 12.4313 ], [ 92.878, 12.4317 ], [ 92.8845, 12.4361 ], [ 92.8993, 12.4168 ], [ 92.895, 12.4154 ], [ 92.8857, 12.422 ], [ 92.8887, 12.4263 ], [ 92.8883, 12.4268 ], [ 92.8852, 12.4255 ], [ 92.8848, 12.4313 ], [ 92.8833, 12.4308 ], [ 92.8839, 12.4272 ], [ 92.8823, 12.4271 ], [ 92.8848, 12.4245 ], [ 92.874, 12.4134 ], [ 92.8709, 12.4213 ], [ 92.8643, 12.4264 ], [ 92.8584, 12.4266 ], [ 92.8566, 12.4344 ], [ 92.8596, 12.4368 ], [ 92.8566, 12.4349 ], [ 92.8563, 12.4342 ], [ 92.8571, 12.4277 ], [ 92.8594, 12.4242 ], [ 92.8529, 12.4239 ], [ 92.8508, 12.429 ], [ 92.8513, 12.4244 ], [ 92.8457, 12.4235 ], [ 92.8371, 12.4308 ], [ 92.8417, 12.4375 ], [ 92.8366, 12.4373 ], [ 92.836, 12.4436 ], [ 92.8353, 12.4432 ], [ 92.8343, 12.4417 ], [ 92.8352, 12.4394 ], [ 92.8335, 12.4386 ], [ 92.8337, 12.441 ], [ 92.8289, 12.442 ], [ 92.8293, 12.4412 ], [ 92.8311, 12.4406 ], [ 92.8333, 12.4409 ], [ 92.8324, 12.4384 ], [ 92.8365, 12.4363 ], [ 92.8409, 12.4372 ], [ 92.8355, 12.4307 ], [ 92.8215, 12.4341 ], [ 92.8108, 12.4429 ], [ 92.8168, 12.4447 ], [ 92.8121, 12.4483 ], [ 92.8161, 12.4468 ], [ 92.8182, 12.4491 ], [ 92.8153, 12.4547 ], [ 92.8156, 12.4507 ], [ 92.8178, 12.4492 ], [ 92.8165, 12.4489 ], [ 92.8161, 12.4471 ], [ 92.8137, 12.4502 ], [ 92.8117, 12.4499 ], [ 92.8115, 12.4488 ], [ 92.8126, 12.4458 ], [ 92.8163, 12.4448 ], [ 92.8114, 12.4437 ], [ 92.8102, 12.4427 ], [ 92.816, 12.4355 ], [ 92.8195, 12.435 ], [ 92.8146, 12.4348 ], [ 92.8092, 12.4362 ], [ 92.8042, 12.4411 ], [ 92.7958, 12.4379 ], [ 92.7996, 12.4643 ], [ 92.7858, 12.4747 ], [ 92.791, 12.4691 ], [ 92.7867, 12.467 ], [ 92.7819, 12.4697 ], [ 92.7738, 12.4692 ], [ 92.7719, 12.4711 ], [ 92.7737, 12.4688 ], [ 92.7818, 12.4684 ], [ 92.7792, 12.4652 ], [ 92.7821, 12.4679 ], [ 92.7816, 12.4694 ], [ 92.7865, 12.4666 ], [ 92.7919, 12.4687 ], [ 92.7982, 12.4641 ], [ 92.7957, 12.46 ], [ 92.7973, 12.4529 ], [ 92.7939, 12.4475 ], [ 92.7891, 12.4526 ], [ 92.795, 12.4539 ], [ 92.7916, 12.4601 ], [ 92.7924, 12.4547 ], [ 92.7944, 12.4539 ], [ 92.7895, 12.4536 ], [ 92.7888, 12.453 ], [ 92.79, 12.4478 ], [ 92.7876, 12.4471 ], [ 92.7876, 12.4461 ], [ 92.7877, 12.4469 ], [ 92.7892, 12.4466 ], [ 92.7901, 12.4473 ], [ 92.7902, 12.4499 ], [ 92.7936, 12.4461 ], [ 92.7926, 12.4363 ], [ 92.7887, 12.4357 ], [ 92.7924, 12.4358 ], [ 92.7929, 12.4365 ], [ 92.7931, 12.4376 ], [ 92.7946, 12.4361 ], [ 92.8048, 12.4388 ], [ 92.8096, 12.4337 ], [ 92.8301, 12.4279 ], [ 92.8267, 12.4192 ], [ 92.8209, 12.426 ], [ 92.8153, 12.4249 ], [ 92.8192, 12.4244 ], [ 92.8207, 12.4256 ], [ 92.8211, 12.4226 ], [ 92.8249, 12.4188 ], [ 92.8295, 12.4197 ], [ 92.8261, 12.4161 ], [ 92.8276, 12.4152 ], [ 92.8315, 12.4181 ], [ 92.8339, 12.4103 ], [ 92.8303, 12.4098 ], [ 92.8306, 12.4124 ], [ 92.8254, 12.4095 ], [ 92.8245, 12.4131 ], [ 92.8226, 12.414 ], [ 92.8231, 12.4109 ], [ 92.8174, 12.4106 ], [ 92.8181, 12.4151 ], [ 92.8158, 12.417 ], [ 92.8111, 12.4107 ], [ 92.8042, 12.4117 ], [ 92.8033, 12.4046 ], [ 92.8015, 12.4058 ], [ 92.8023, 12.4045 ], [ 92.8036, 12.4045 ], [ 92.8052, 12.41 ], [ 92.8042, 12.4113 ], [ 92.8066, 12.41 ], [ 92.8104, 12.4099 ], [ 92.8155, 12.4132 ], [ 92.8163, 12.4151 ], [ 92.8157, 12.4164 ], [ 92.8176, 12.4141 ], [ 92.8166, 12.4098 ], [ 92.8233, 12.4102 ], [ 92.8238, 12.4111 ], [ 92.8233, 12.4132 ], [ 92.8245, 12.4111 ], [ 92.8239, 12.4083 ], [ 92.8288, 12.4103 ], [ 92.83, 12.4091 ], [ 92.8395, 12.4076 ], [ 92.8374, 12.3986 ], [ 92.8341, 12.3981 ], [ 92.8325, 12.4018 ], [ 92.8288, 12.3979 ], [ 92.8264, 12.4021 ], [ 92.8257, 12.4016 ], [ 92.8269, 12.3999 ], [ 92.8264, 12.4017 ], [ 92.8291, 12.3968 ], [ 92.827, 12.3984 ], [ 92.8252, 12.3971 ], [ 92.8256, 12.3969 ], [ 92.8273, 12.398 ], [ 92.8287, 12.396 ], [ 92.825, 12.3937 ], [ 92.8219, 12.3962 ], [ 92.8197, 12.3891 ], [ 92.822, 12.3909 ], [ 92.822, 12.3925 ], [ 92.8215, 12.3934 ], [ 92.8224, 12.3949 ], [ 92.822, 12.3959 ], [ 92.8248, 12.3934 ], [ 92.8277, 12.3943 ], [ 92.8324, 12.4006 ], [ 92.8321, 12.3984 ], [ 92.8386, 12.3943 ], [ 92.8343, 12.395 ], [ 92.8314, 12.3937 ], [ 92.8312, 12.3912 ], [ 92.8294, 12.3919 ], [ 92.8311, 12.391 ], [ 92.8316, 12.3916 ], [ 92.8318, 12.3935 ], [ 92.834, 12.393 ], [ 92.8343, 12.3937 ], [ 92.8343, 12.3917 ], [ 92.8354, 12.3916 ], [ 92.8355, 12.3928 ], [ 92.8345, 12.392 ], [ 92.835, 12.3933 ], [ 92.8345, 12.3946 ], [ 92.8416, 12.3914 ], [ 92.84, 12.3911 ], [ 92.8389, 12.3898 ], [ 92.8409, 12.3853 ], [ 92.8388, 12.3839 ], [ 92.8376, 12.3889 ], [ 92.8387, 12.3835 ], [ 92.8394, 12.3834 ], [ 92.8414, 12.3854 ], [ 92.8421, 12.3869 ], [ 92.8401, 12.3906 ], [ 92.8449, 12.3877 ], [ 92.8448, 12.3888 ], [ 92.8439, 12.3894 ], [ 92.8435, 12.3893 ], [ 92.8433, 12.3905 ], [ 92.8419, 12.3914 ], [ 92.8423, 12.3918 ], [ 92.8466, 12.389 ], [ 92.8441, 12.3794 ], [ 92.8448, 12.3795 ], [ 92.8453, 12.3804 ], [ 92.8452, 12.3808 ], [ 92.8446, 12.3811 ], [ 92.8457, 12.3808 ], [ 92.8462, 12.3811 ], [ 92.8463, 12.3852 ], [ 92.8506, 12.3854 ], [ 92.8611, 12.3694 ], [ 92.8545, 12.3676 ], [ 92.8534, 12.3657 ], [ 92.8508, 12.3676 ], [ 92.8463, 12.3655 ], [ 92.8454, 12.3631 ], [ 92.8437, 12.3649 ], [ 92.8446, 12.3632 ], [ 92.8481, 12.3608 ], [ 92.8465, 12.3652 ], [ 92.8535, 12.3653 ], [ 92.8555, 12.3671 ], [ 92.8603, 12.3611 ], [ 92.8694, 12.362 ], [ 92.868, 12.3575 ], [ 92.8723, 12.3537 ], [ 92.878, 12.3597 ], [ 92.8833, 12.357 ], [ 92.899, 12.3338 ], [ 92.8795, 12.3449 ], [ 92.8799, 12.3347 ], [ 92.8736, 12.3372 ], [ 92.8733, 12.3352 ], [ 92.8738, 12.337 ], [ 92.8749, 12.335 ], [ 92.8774, 12.3333 ], [ 92.883, 12.3332 ], [ 92.8714, 12.33 ], [ 92.8704, 12.3333 ], [ 92.866, 12.3332 ], [ 92.8682, 12.3361 ], [ 92.8658, 12.3344 ], [ 92.8657, 12.3334 ], [ 92.8637, 12.3358 ], [ 92.8644, 12.3361 ], [ 92.865, 12.3373 ], [ 92.8651, 12.3391 ], [ 92.8642, 12.339 ], [ 92.8642, 12.3363 ], [ 92.86, 12.3363 ], [ 92.8599, 12.3421 ], [ 92.8571, 12.3452 ], [ 92.8479, 12.3435 ], [ 92.8538, 12.3407 ], [ 92.8546, 12.3411 ], [ 92.8546, 12.342 ], [ 92.8532, 12.3428 ], [ 92.8554, 12.3427 ], [ 92.8566, 12.345 ], [ 92.8596, 12.3419 ], [ 92.8594, 12.3353 ], [ 92.8578, 12.3355 ], [ 92.859, 12.3386 ], [ 92.8571, 12.3404 ], [ 92.8547, 12.3323 ], [ 92.8557, 12.3305 ], [ 92.8581, 12.3295 ], [ 92.8542, 12.3268 ], [ 92.8484, 12.3283 ], [ 92.8474, 12.3261 ], [ 92.8455, 12.3293 ], [ 92.8425, 12.3268 ], [ 92.8431, 12.33 ], [ 92.8419, 12.3297 ], [ 92.8412, 12.3312 ], [ 92.8418, 12.3294 ], [ 92.8429, 12.3294 ], [ 92.8416, 12.328 ], [ 92.8421, 12.3268 ], [ 92.8428, 12.3265 ], [ 92.8455, 12.3289 ], [ 92.8454, 12.3267 ], [ 92.8474, 12.3258 ], [ 92.8482, 12.3264 ], [ 92.8484, 12.3281 ], [ 92.8496, 12.3264 ], [ 92.8508, 12.3275 ], [ 92.8514, 12.326 ], [ 92.8547, 12.3266 ], [ 92.8568, 12.3282 ], [ 92.8601, 12.3192 ], [ 92.8549, 12.3195 ], [ 92.8556, 12.3143 ], [ 92.8475, 12.3083 ], [ 92.8338, 12.3086 ], [ 92.835, 12.3068 ], [ 92.8363, 12.3071 ], [ 92.8363, 12.308 ], [ 92.837, 12.3065 ], [ 92.8315, 12.3027 ], [ 92.8098, 12.3156 ], [ 92.8018, 12.3132 ], [ 92.7944, 12.3063 ], [ 92.7924, 12.3139 ], [ 92.7906, 12.3117 ], [ 92.7787, 12.3131 ], [ 92.7748, 12.3156 ], [ 92.7793, 12.3166 ], [ 92.7823, 12.319 ], [ 92.7804, 12.3193 ], [ 92.779, 12.3185 ], [ 92.7793, 12.3168 ], [ 92.7776, 12.318 ], [ 92.7756, 12.3161 ], [ 92.7723, 12.3168 ], [ 92.7729, 12.3176 ], [ 92.7751, 12.3171 ], [ 92.7766, 12.3188 ], [ 92.7768, 12.323 ], [ 92.7784, 12.3221 ], [ 92.78, 12.3232 ], [ 92.7788, 12.3232 ], [ 92.7783, 12.3225 ], [ 92.7773, 12.3233 ], [ 92.7764, 12.3231 ], [ 92.775, 12.3195 ], [ 92.7753, 12.3191 ], [ 92.7764, 12.3191 ], [ 92.7754, 12.3184 ], [ 92.7751, 12.3174 ], [ 92.7695, 12.3207 ], [ 92.772, 12.3274 ], [ 92.7704, 12.3338 ], [ 92.7693, 12.3303 ], [ 92.7703, 12.3279 ], [ 92.7718, 12.3272 ], [ 92.7691, 12.3267 ], [ 92.769, 12.322 ], [ 92.7693, 12.3204 ], [ 92.7708, 12.3178 ], [ 92.7652, 12.3035 ], [ 92.7634, 12.3018 ], [ 92.765, 12.3221 ], [ 92.7646, 12.3209 ], [ 92.7642, 12.3126 ], [ 92.753, 12.2961 ], [ 92.7486, 12.3035 ], [ 92.7446, 12.2993 ], [ 92.7431, 12.3044 ], [ 92.7424, 12.3017 ], [ 92.7341, 12.3024 ], [ 92.7436, 12.3265 ], [ 92.7438, 12.3284 ], [ 92.7419, 12.3308 ], [ 92.745, 12.3336 ], [ 92.7477, 12.3444 ], [ 92.7475, 12.3498 ], [ 92.7437, 12.3534 ], [ 92.7499, 12.3559 ], [ 92.7486, 12.3598 ], [ 92.7497, 12.3561 ], [ 92.7433, 12.3539 ], [ 92.7436, 12.3522 ], [ 92.7471, 12.3493 ], [ 92.7471, 12.3467 ], [ 92.744, 12.3371 ], [ 92.7445, 12.3337 ], [ 92.7415, 12.3313 ], [ 92.7418, 12.3293 ], [ 92.7409, 12.3316 ], [ 92.7418, 12.3337 ], [ 92.7384, 12.336 ], [ 92.7377, 12.3339 ], [ 92.7384, 12.3335 ], [ 92.74, 12.3345 ], [ 92.7416, 12.3336 ], [ 92.7407, 12.332 ], [ 92.7408, 12.331 ], [ 92.7413, 12.3292 ], [ 92.7432, 12.3285 ], [ 92.7432, 12.3266 ], [ 92.7356, 12.3129 ], [ 92.7316, 12.302 ], [ 92.719, 12.3005 ], [ 92.7149, 12.3121 ], [ 92.7104, 12.3102 ], [ 92.7074, 12.3168 ], [ 92.709, 12.33 ], [ 92.704, 12.332 ], [ 92.7015, 12.3273 ], [ 92.699, 12.3283 ], [ 92.6982, 12.3673 ], [ 92.7045, 12.3707 ], [ 92.7005, 12.376 ], [ 92.7025, 12.3789 ], [ 92.6977, 12.3785 ], [ 92.6951, 12.4008 ], [ 92.6987, 12.4092 ], [ 92.6949, 12.4288 ], [ 92.698, 12.4298 ], [ 92.7, 12.4477 ], [ 92.7045, 12.4522 ], [ 92.6949, 12.4702 ], [ 92.6995, 12.4698 ], [ 92.702, 12.491 ], [ 92.7069, 12.4928 ], [ 92.7037, 12.4989 ], [ 92.6985, 12.497 ], [ 92.705, 12.5057 ], [ 92.6996, 12.5003 ], [ 92.6994, 12.5116 ], [ 92.6935, 12.5082 ], [ 92.693, 12.5156 ], [ 92.699, 12.5284 ], [ 92.6981, 12.5411 ], [ 92.708, 12.5567 ], [ 92.7038, 12.5656 ], [ 92.7082, 12.576 ], [ 92.7044, 12.5791 ], [ 92.7067, 12.5857 ], [ 92.7035, 12.5899 ], [ 92.7074, 12.594 ], [ 92.7022, 12.6012 ], [ 92.6855, 12.602 ], [ 92.684, 12.609 ], [ 92.6858, 12.6143 ], [ 92.6932, 12.6065 ], [ 92.7019, 12.6129 ], [ 92.7026, 12.6048 ], [ 92.7122, 12.6227 ], [ 92.7133, 12.6423 ], [ 92.7182, 12.6443 ], [ 92.7199, 12.6184 ], [ 92.7224, 12.6154 ], [ 92.7236, 12.6164 ], [ 92.7237, 12.6173 ], [ 92.7211, 12.6189 ], [ 92.7233, 12.6229 ], [ 92.7205, 12.6261 ], [ 92.7239, 12.6263 ], [ 92.7275, 12.6362 ], [ 92.7368, 12.6319 ], [ 92.7356, 12.6262 ], [ 92.7349, 12.6273 ], [ 92.7357, 12.6254 ] ], [ [ 92.8943, 12.4361 ], [ 92.8949, 12.4358 ], [ 92.897, 12.4385 ], [ 92.8965, 12.4387 ], [ 92.8953, 12.4374 ], [ 92.8948, 12.436 ], [ 92.8948, 12.4382 ], [ 92.8945, 12.4383 ], [ 92.8943, 12.4361 ] ], [ [ 92.8852, 12.4608 ], [ 92.885, 12.4603 ], [ 92.8855, 12.4598 ], [ 92.8852, 12.4608 ] ], [ [ 92.8874, 12.4609 ], [ 92.8888, 12.4638 ], [ 92.8874, 12.4612 ], [ 92.8853, 12.4611 ], [ 92.8852, 12.4608 ], [ 92.8874, 12.4609 ] ], [ [ 92.7895, 12.4771 ], [ 92.7889, 12.4794 ], [ 92.7907, 12.4804 ], [ 92.7903, 12.4833 ], [ 92.7866, 12.4839 ], [ 92.7905, 12.4813 ], [ 92.7882, 12.48 ], [ 92.7891, 12.4772 ], [ 92.7869, 12.478 ], [ 92.7853, 12.4752 ], [ 92.7858, 12.4747 ], [ 92.7895, 12.4771 ] ], [ [ 92.7773, 12.4629 ], [ 92.7784, 12.4601 ], [ 92.7786, 12.4606 ], [ 92.7775, 12.4629 ], [ 92.7787, 12.4639 ], [ 92.7788, 12.4627 ], [ 92.7793, 12.4623 ], [ 92.7797, 12.4624 ], [ 92.7806, 12.4646 ], [ 92.7792, 12.4652 ], [ 92.7773, 12.4629 ] ], [ [ 92.7915, 12.4603 ], [ 92.7911, 12.4557 ], [ 92.7917, 12.4562 ], [ 92.7919, 12.4569 ], [ 92.7916, 12.4601 ], [ 92.7915, 12.4603 ] ], [ [ 92.815, 12.4249 ], [ 92.8173, 12.4221 ], [ 92.8153, 12.4249 ], [ 92.815, 12.4249 ] ], [ [ 92.8013, 12.4059 ], [ 92.7997, 12.4043 ], [ 92.7991, 12.4014 ], [ 92.7993, 12.4008 ], [ 92.8003, 12.4024 ], [ 92.8, 12.4044 ], [ 92.8012, 12.4049 ], [ 92.8015, 12.4058 ], [ 92.8013, 12.4059 ] ], [ [ 92.8256, 12.3992 ], [ 92.8245, 12.3996 ], [ 92.8262, 12.3996 ], [ 92.8259, 12.4002 ], [ 92.8216, 12.4023 ], [ 92.8259, 12.4001 ], [ 92.8243, 12.3998 ], [ 92.8246, 12.3991 ], [ 92.8254, 12.3989 ], [ 92.8264, 12.3989 ], [ 92.827, 12.3996 ], [ 92.8269, 12.3999 ], [ 92.8256, 12.3992 ] ], [ [ 92.8375, 12.3894 ], [ 92.8353, 12.3841 ], [ 92.8324, 12.3857 ], [ 92.8281, 12.3814 ], [ 92.83, 12.3785 ], [ 92.8276, 12.3788 ], [ 92.8251, 12.3764 ], [ 92.8214, 12.3801 ], [ 92.8212, 12.3799 ], [ 92.8229, 12.3771 ], [ 92.8249, 12.3763 ], [ 92.8231, 12.3742 ], [ 92.8236, 12.3742 ], [ 92.8243, 12.3745 ], [ 92.8275, 12.3786 ], [ 92.8302, 12.3783 ], [ 92.83, 12.383 ], [ 92.8327, 12.383 ], [ 92.8357, 12.3838 ], [ 92.8376, 12.3889 ], [ 92.8375, 12.3894 ] ], [ [ 92.8201, 12.3792 ], [ 92.8207, 12.3791 ], [ 92.8212, 12.3799 ], [ 92.8201, 12.3792 ] ], [ [ 92.8411, 12.3316 ], [ 92.8393, 12.3313 ], [ 92.8394, 12.3328 ], [ 92.8319, 12.3355 ], [ 92.8394, 12.3309 ], [ 92.8412, 12.3312 ], [ 92.8411, 12.3316 ] ], [ [ 92.7485, 12.3602 ], [ 92.7429, 12.3593 ], [ 92.7441, 12.3621 ], [ 92.7467, 12.3612 ], [ 92.75, 12.3657 ], [ 92.7478, 12.3652 ], [ 92.7466, 12.3618 ], [ 92.7443, 12.3626 ], [ 92.7428, 12.3604 ], [ 92.7427, 12.3588 ], [ 92.7437, 12.3582 ], [ 92.7486, 12.3598 ], [ 92.7485, 12.3602 ] ], [ [ 92.7348, 12.6275 ], [ 92.7332, 12.6253 ], [ 92.7333, 12.6241 ], [ 92.7333, 12.6252 ], [ 92.7343, 12.625 ], [ 92.7349, 12.6273 ], [ 92.7348, 12.6275 ] ] ] ] } },
{ "type": "Feature", "properties": { "unit_id": "IND.1.3.1_1", "name": "Ferarganj", "district": "South Andaman", "did": "andaman_nicobar:South Andaman", "state_key": "andaman_nicobar" }, "geometry": { "type": "MultiPolygon", "coordinates": [ [ [ [ 92.2389, 11.5157 ], [ 92.2398, 11.5163 ], [ 92.2406, 11.5153 ], [ 92.2389, 11.5157 ] ] ], [ [ [ 92.2547, 11.5141 ], [ 92.2554, 11.5151 ], [ 92.2591, 11.5143 ], [ 92.2547, 11.5141 ] ] ], [ [ [ 92.2396, 11.5178 ], [ 92.24, 11.5174 ], [ 92.2393, 11.5172 ], [ 92.2396, 11.5178 ] ] ], [ [ [ 92.2719, 11.5167 ], [ 92.2669, 11.5162 ], [ 92.2669, 11.5174 ], [ 92.2703, 11.5201 ], [ 92.2719, 11.5167 ] ] ], [ [ [ 92.2066, 11.5332 ], [ 92.2069, 11.5333 ], [ 92.207, 11.5322 ], [ 92.2066, 11.5332 ] ] ], [ [ [ 92.205, 11.5344 ], [ 92.2058, 11.5342 ], [ 92.2053, 11.5339 ], [ 92.205, 11.5344 ] ] ], [ [ [ 92.2071, 11.5359 ], [ 92.2074, 11.5356 ], [ 92.2067, 11.5357 ], [ 92.2071, 11.5359 ] ] ], [ [ [ 92.5605, 11.5146 ], [ 92.5609, 11.5144 ], [ 92.5605, 11.5141 ], [ 92.5605, 11.5146 ] ] ], [ [ [ 92.6084, 11.5047 ], [ 92.6036, 11.5023 ], [ 92.615, 11.5111 ], [ 92.6096, 11.5024 ], [ 92.6084, 11.5047 ] ] ], [ [ [ 92.6445, 11.5151 ], [ 92.6446, 11.5142 ], [ 92.6432, 11.5143 ], [ 92.6445, 11.5151 ] ] ], [ [ [ 92.5867, 11.5304 ], [ 92.5866, 11.5308 ], [ 92.5882, 11.5305 ], [ 92.5867, 11.5304 ] ] ], [ [ [ 92.6153, 11.5285 ], [ 92.6163, 11.5284 ], [ 92.6158, 11.5277 ], [ 92.6153, 11.5285 ] ] ], [ [ [ 92.5895, 11.5308 ], [ 92.5932, 11.5321 ], [ 92.5916, 11.5299 ], [ 92.5895, 11.5308 ] ] ], [ [ [ 92.615, 11.532 ], [ 92.6159, 11.532 ], [ 92.6152, 11.5313 ], [ 92.615, 11.532 ] ] ], [ [ [ 92.6307, 11.5336 ], [ 92.6308, 11.5336 ], [ 92.6305, 11.5329 ], [ 92.6307, 11.5336 ] ] ], [ [ [ 92.5549, 11.5393 ], [ 92.5552, 11.5404 ], [ 92.5555, 11.54 ], [ 92.5549, 11.5393 ] ] ], [ [ [ 92.5613, 11.5313 ], [ 92.5685, 11.5297 ], [ 92.565, 11.5165 ], [ 92.5604, 11.5164 ], [ 92.5512, 11.5289 ], [ 92.5505, 11.538 ], [ 92.553, 11.5409 ], [ 92.5542, 11.5388 ], [ 92.5587, 11.5411 ], [ 92.5613, 11.5313 ] ] ], [ [ [ 92.6054, 11.5327 ], [ 92.6059, 11.5188 ], [ 92.5966, 11.5289 ], [ 92.6011, 11.5376 ], [ 92.6054, 11.5327 ] ] ], [ [ [ 92.5833, 11.5419 ], [ 92.5852, 11.5407 ], [ 92.5819, 11.5354 ], [ 92.5833, 11.5419 ] ] ], [ [ [ 92.1965, 11.5783 ], [ 92.197, 11.5781 ], [ 92.1966, 11.5773 ], [ 92.1965, 11.5783 ] ] ], [ [ [ 92.2684, 11.5712 ], [ 92.268, 11.5717 ], [ 92.2691, 11.5723 ], [ 92.2684, 11.5712 ] ] ], [ [ [ 92.1966, 11.5833 ], [ 92.1972, 11.582 ], [ 92.1959, 11.5821 ], [ 92.1966, 11.5833 ] ] ], [ [ [ 92.5408, 11.5537 ], [ 92.5402, 11.5547 ], [ 92.5415, 11.5558 ], [ 92.5437, 11.5539 ], [ 92.5408, 11.5537 ] ] ], [ [ [ 92.6273, 11.549 ], [ 92.6285, 11.5478 ], [ 92.6258, 11.5437 ], [ 92.6273, 11.549 ] ] ], [ [ [ 92.5413, 11.5565 ], [ 92.539, 11.5544 ], [ 92.5396, 11.5583 ], [ 92.5441, 11.5568 ], [ 92.5413, 11.5565 ] ] ], [ [ [ 92.197, 11.5841 ], [ 92.1972, 11.5874 ], [ 92.198, 11.5869 ], [ 92.197, 11.5841 ] ] ], [ [ [ 92.5622, 11.5577 ], [ 92.5624, 11.5576 ], [ 92.5621, 11.5577 ], [ 92.5622, 11.5577 ] ] ], [ [ [ 92.202, 11.5886 ], [ 92.1991, 11.5888 ], [ 92.2022, 11.5898 ], [ 92.202, 11.5886 ] ] ], [ [ [ 92.5627, 11.5598 ], [ 92.5633, 11.5601 ], [ 92.5631, 11.5598 ], [ 92.5627, 11.5598 ] ] ], [ [ [ 92.5667, 11.5598 ], [ 92.5671, 11.56 ], [ 92.5667, 11.5592 ], [ 92.5667, 11.5598 ] ] ], [ [ [ 92.5706, 11.5601 ], [ 92.5706, 11.5598 ], [ 92.57, 11.5598 ], [ 92.5706, 11.5601 ] ] ], [ [ [ 92.5735, 11.5592 ], [ 92.5743, 11.5606 ], [ 92.5743, 11.5602 ], [ 92.5735, 11.5592 ] ] ], [ [ [ 92.6311, 11.5561 ], [ 92.6311, 11.5576 ], [ 92.6317, 11.5567 ], [ 92.6311, 11.5561 ] ] ], [ [ [ 92.2661, 11.5888 ], [ 92.2643, 11.5892 ], [ 92.2655, 11.5891 ], [ 92.2661, 11.5888 ] ] ], [ [ [ 92.2201, 11.5936 ], [ 92.2218, 11.5944 ], [ 92.2224, 11.5926 ], [ 92.2201, 11.5936 ] ] ], [ [ [ 92.6176, 11.5599 ], [ 92.6182, 11.5448 ], [ 92.6164, 11.536 ], [ 92.6096, 11.5314 ], [ 92.6013, 11.5547 ], [ 92.6084, 11.5537 ], [ 92.6111, 11.5611 ], [ 92.6141, 11.5564 ], [ 92.6176, 11.5599 ] ] ], [ [ [ 92.2206, 11.5917 ], [ 92.2271, 11.5884 ], [ 92.232, 11.5929 ], [ 92.2393, 11.5935 ], [ 92.2614, 11.5912 ], [ 92.2693, 11.5852 ], [ 92.2667, 11.5617 ], [ 92.273, 11.5353 ], [ 92.2687, 11.5224 ], [ 92.2601, 11.5172 ], [ 92.2481, 11.5253 ], [ 92.2331, 11.5247 ], [ 92.2201, 11.5297 ], [ 92.2154, 11.5291 ], [ 92.2159, 11.5257 ], [ 92.2104, 11.5308 ], [ 92.204, 11.5503 ], [ 92.2114, 11.5726 ], [ 92.2028, 11.5874 ], [ 92.2118, 11.5898 ], [ 92.212, 11.5956 ], [ 92.219, 11.5937 ], [ 92.2206, 11.5917 ] ] ], [ [ [ 92.2295, 11.5957 ], [ 92.2296, 11.5948 ], [ 92.228, 11.5947 ], [ 92.2295, 11.5957 ] ] ], [ [ [ 92.6048, 11.5606 ], [ 92.6064, 11.5633 ], [ 92.608, 11.5606 ], [ 92.6086, 11.5562 ], [ 92.6048, 11.5606 ] ] ], [ [ [ 92.5297, 11.5711 ], [ 92.5302, 11.57 ], [ 92.5289, 11.5708 ], [ 92.5297, 11.5711 ] ] ], [ [ [ 92.5661, 11.5709 ], [ 92.5669, 11.5701 ], [ 92.5636, 11.5685 ], [ 92.5661, 11.5709 ] ] ], [ [ [ 92.5718, 11.5644 ], [ 92.5764, 11.5711 ], [ 92.5766, 11.569 ], [ 92.5744, 11.5623 ], [ 92.5718, 11.5644 ] ] ], [ [ [ 92.5694, 11.5736 ], [ 92.5696, 11.5733 ], [ 92.5688, 11.5726 ], [ 92.5694, 11.5736 ] ] ], [ [ [ 92.5261, 11.5801 ], [ 92.5264, 11.5801 ], [ 92.5284, 11.5765 ], [ 92.5261, 11.5801 ] ] ], [ [ [ 92.57, 11.5779 ], [ 92.5694, 11.5782 ], [ 92.5702, 11.5784 ], [ 92.57, 11.5779 ] ] ], [ [ [ 92.5682, 11.5796 ], [ 92.569, 11.5796 ], [ 92.5682, 11.5794 ], [ 92.5682, 11.5796 ] ] ], [ [ [ 92.595, 11.5334 ], [ 92.5912, 11.5368 ], [ 92.5878, 11.5326 ], [ 92.5828, 11.549 ], [ 92.5915, 11.578 ], [ 92.5967, 11.546 ], [ 92.595, 11.5334 ] ] ], [ [ [ 92.5762, 11.5859 ], [ 92.5774, 11.5876 ], [ 92.5787, 11.5843 ], [ 92.5775, 11.5824 ], [ 92.5762, 11.5859 ] ] ], [ [ [ 92.5991, 11.5876 ], [ 92.5997, 11.5872 ], [ 92.5993, 11.5866 ], [ 92.5991, 11.5876 ] ] ], [ [ [ 92.6182, 11.5765 ], [ 92.614, 11.563 ], [ 92.6074, 11.5706 ], [ 92.5992, 11.5691 ], [ 92.6009, 11.5857 ], [ 92.6113, 11.5882 ], [ 92.6182, 11.5765 ] ] ], [ [ [ 92.5943, 11.5889 ], [ 92.5923, 11.5897 ], [ 92.5942, 11.5898 ], [ 92.5943, 11.5889 ] ] ], [ [ [ 92.5513, 11.5953 ], [ 92.5526, 11.5947 ], [ 92.5515, 11.5941 ], [ 92.5513, 11.5953 ] ] ], [ [ [ 92.5491, 11.601 ], [ 92.5486, 11.5945 ], [ 92.5439, 11.5914 ], [ 92.5617, 11.5963 ], [ 92.5696, 11.5935 ], [ 92.5716, 11.5878 ], [ 92.5689, 11.5847 ], [ 92.5665, 11.587 ], [ 92.5624, 11.5851 ], [ 92.5657, 11.5737 ], [ 92.5541, 11.558 ], [ 92.5471, 11.5572 ], [ 92.5401, 11.5623 ], [ 92.5367, 11.5606 ], [ 92.5385, 11.5582 ], [ 92.5268, 11.5537 ], [ 92.5279, 11.5616 ], [ 92.5344, 11.5661 ], [ 92.5309, 11.5723 ], [ 92.5286, 11.5717 ], [ 92.5331, 11.576 ], [ 92.5259, 11.5818 ], [ 92.5256, 11.5841 ], [ 92.532, 11.5806 ], [ 92.528, 11.5963 ], [ 92.5358, 11.6083 ], [ 92.5456, 11.6052 ], [ 92.5491, 11.601 ] ] ], [ [ [ 92.6872, 11.6316 ], [ 92.6872, 11.6304 ], [ 92.6862, 11.6309 ], [ 92.6872, 11.6316 ] ] ], [ [ [ 92.6861, 11.6405 ], [ 92.6887, 11.6354 ], [ 92.6855, 11.6347 ], [ 92.6861, 11.6405 ] ] ], [ [ [ 92.6999, 11.6592 ], [ 92.6935, 11.6595 ], [ 92.6924, 11.6614 ], [ 92.6975, 11.6639 ], [ 92.6999, 11.6592 ] ] ], [ [ [ 92.5859, 11.6998 ], [ 92.5858, 11.7007 ], [ 92.5868, 11.7001 ], [ 92.5859, 11.6998 ] ] ], [ [ [ 92.5851, 11.705 ], [ 92.5854, 11.7047 ], [ 92.5848, 11.7044 ], [ 92.5851, 11.705 ] ] ], [ [ [ 92.5829, 11.7077 ], [ 92.5827, 11.7084 ], [ 92.583, 11.7079 ], [ 92.5829, 11.7077 ] ] ], [ [ [ 92.6016, 11.9354 ], [ 92.6033, 11.9361 ], [ 92.6048, 11.9347 ], [ 92.6035, 11.9292 ], [ 92.6016, 11.9354 ] ] ], [ [ [ 92.7231, 11.9546 ], [ 92.7247, 11.9538 ], [ 92.7218, 11.9523 ], [ 92.7231, 11.9546 ] ] ], [ [ [ 92.6086, 11.9612 ], [ 92.6067, 11.9595 ], [ 92.6043, 11.963 ], [ 92.6059, 11.9662 ], [ 92.6086, 11.9612 ] ] ], [ [ [ 92.7245, 11.9417 ], [ 92.7254, 11.9559 ], [ 92.7322, 11.9599 ], [ 92.7285, 11.9526 ], [ 92.7308, 11.9447 ], [ 92.7245, 11.9417 ] ] ], [ [ [ 92.6019, 11.9641 ], [ 92.6081, 11.9432 ], [ 92.6015, 11.9362 ], [ 92.5979, 11.925 ], [ 92.5964, 11.9285 ], [ 92.5943, 11.9261 ], [ 92.5947, 11.9433 ], [ 92.5902, 11.9482 ], [ 92.5922, 11.954 ], [ 92.5972, 11.9531 ], [ 92.5919, 11.955 ], [ 92.5904, 11.9537 ], [ 92.5925, 11.9597 ], [ 92.5856, 11.9613 ], [ 92.5877, 11.9637 ], [ 92.5935, 11.9639 ], [ 92.5868, 11.9667 ], [ 92.5868, 11.9773 ], [ 92.6036, 11.9748 ], [ 92.6019, 11.9641 ] ] ], [ [ [ 92.7433, 11.9677 ], [ 92.7441, 11.9668 ], [ 92.7404, 11.9652 ], [ 92.7433, 11.9677 ] ] ], [ [ [ 92.5833, 11.98 ], [ 92.5843, 11.9766 ], [ 92.5798, 11.9773 ], [ 92.583, 11.9825 ], [ 92.5833, 11.98 ] ] ], [ [ [ 92.6001, 11.9825 ], [ 92.6004, 11.9823 ], [ 92.5999, 11.982 ], [ 92.6001, 11.9825 ] ] ], [ [ [ 92.7704, 11.9527 ], [ 92.7582, 11.9447 ], [ 92.7442, 11.9449 ], [ 92.7397, 11.9514 ], [ 92.7352, 11.9514 ], [ 92.7382, 11.9617 ], [ 92.7483, 11.9633 ], [ 92.7484, 11.969 ], [ 92.7661, 11.9677 ], [ 92.7704, 11.9527 ] ] ], [ [ [ 92.7416, 11.9883 ], [ 92.7518, 11.9937 ], [ 92.7584, 11.9916 ], [ 92.7568, 11.9854 ], [ 92.7608, 11.9832 ], [ 92.75, 11.9769 ], [ 92.7438, 11.9834 ], [ 92.736, 11.9771 ], [ 92.7321, 11.9788 ], [ 92.7375, 11.9968 ], [ 92.7415, 11.9966 ], [ 92.7416, 11.9883 ] ] ], [ [ [ 92.7764, 12.0162 ], [ 92.7741, 12.012 ], [ 92.7699, 12.0126 ], [ 92.772, 12.0189 ], [ 92.7764, 12.0162 ] ] ], [ [ [ 92.7602, 12.0546 ], [ 92.7596, 12.0506 ], [ 92.7645, 12.0514 ], [ 92.7662, 12.046 ], [ 92.7758, 12.0502 ], [ 92.7822, 12.0485 ], [ 92.7787, 12.0392 ], [ 92.7755, 12.0405 ], [ 92.7777, 12.0241 ], [ 92.7735, 12.0224 ], [ 92.7666, 12.0254 ], [ 92.7606, 12.0193 ], [ 92.7554, 12.0268 ], [ 92.7526, 12.0259 ], [ 92.7518, 12.034 ], [ 92.75, 12.0254 ], [ 92.7456, 12.0256 ], [ 92.7482, 12.0355 ], [ 92.7421, 12.0341 ], [ 92.7406, 12.0415 ], [ 92.7367, 12.0413 ], [ 92.7392, 12.033 ], [ 92.7371, 12.0353 ], [ 92.7336, 12.0341 ], [ 92.7334, 12.0362 ], [ 92.7302, 12.0374 ], [ 92.7293, 12.0369 ], [ 92.7307, 12.0391 ], [ 92.7302, 12.0443 ], [ 92.7269, 12.0583 ], [ 92.7332, 12.0604 ], [ 92.7339, 12.0561 ], [ 92.7369, 12.0539 ], [ 92.7391, 12.0565 ], [ 92.7363, 12.066 ], [ 92.7412, 12.063 ], [ 92.7437, 12.057 ], [ 92.7467, 12.0549 ], [ 92.7602, 12.0546 ] ] ], [ [ [ 92.7452, 12.0668 ], [ 92.7419, 12.0703 ], [ 92.7483, 12.0709 ], [ 92.7552, 12.0668 ], [ 92.7538, 12.0579 ], [ 92.7447, 12.0565 ], [ 92.7419, 12.0628 ], [ 92.7368, 12.0665 ], [ 92.7408, 12.0735 ], [ 92.7415, 12.0691 ], [ 92.7452, 12.0668 ] ] ], [ [ [ 92.7405, 12.1131 ], [ 92.7408, 12.1117 ], [ 92.7387, 12.1109 ], [ 92.7405, 12.1131 ] ] ], [ [ [ 92.609, 11.9243 ], [ 92.6076, 11.9206 ], [ 92.6078, 11.9146 ], [ 92.6042, 11.9132 ], [ 92.6013, 11.9099 ], [ 92.5971, 11.9108 ], [ 92.5987, 11.9045 ], [ 92.5941, 11.9063 ], [ 92.5926, 11.9185 ], [ 92.5936, 11.9212 ], [ 92.5978, 11.9183 ], [ 92.6076, 11.9298 ], [ 92.6104, 11.9438 ], [ 92.6049, 11.9582 ], [ 92.6108, 11.9601 ], [ 92.611, 11.9875 ], [ 92.6155, 11.9929 ], [ 92.6118, 11.9999 ], [ 92.6172, 12.024 ], [ 92.6241, 12.0281 ], [ 92.6204, 12.0397 ], [ 92.6282, 12.043 ], [ 92.6221, 12.0485 ], [ 92.6249, 12.0595 ], [ 92.6187, 12.0683 ], [ 92.622, 12.1014 ], [ 92.6296, 12.1196 ], [ 92.6345, 12.1203 ], [ 92.6305, 12.1228 ], [ 92.6336, 12.1407 ], [ 92.6445, 12.1786 ], [ 92.6604, 12.2149 ], [ 92.6647, 12.2221 ], [ 92.667, 12.2186 ], [ 92.6546, 12.189 ], [ 92.6553, 12.1801 ], [ 92.6742, 12.2178 ], [ 92.6752, 12.1869 ], [ 92.6782, 12.1953 ], [ 92.6812, 12.1918 ], [ 92.6809, 12.1956 ], [ 92.6772, 12.1976 ], [ 92.6782, 12.212 ], [ 92.6824, 12.2125 ], [ 92.6829, 12.2059 ], [ 92.6877, 12.235 ], [ 92.6963, 12.2389 ], [ 92.7031, 12.2321 ], [ 92.7089, 12.2162 ], [ 92.7037, 12.1928 ], [ 92.7051, 12.1935 ], [ 92.7046, 12.1949 ], [ 92.7066, 12.1963 ], [ 92.7119, 12.1897 ], [ 92.7036, 12.191 ], [ 92.701, 12.1869 ], [ 92.7038, 12.1876 ], [ 92.7042, 12.1903 ], [ 92.7054, 12.1885 ], [ 92.709, 12.1887 ], [ 92.7026, 12.1631 ], [ 92.7122, 12.1755 ], [ 92.7063, 12.1583 ], [ 92.7092, 12.1478 ], [ 92.7086, 12.1629 ], [ 92.7112, 12.1679 ], [ 92.7097, 12.1602 ], [ 92.7194, 12.1797 ], [ 92.7222, 12.1773 ], [ 92.7359, 12.1821 ], [ 92.7475, 12.1773 ], [ 92.7509, 12.1806 ], [ 92.7567, 12.1757 ], [ 92.7566, 12.1632 ], [ 92.7387, 12.1109 ], [ 92.7341, 12.0973 ], [ 92.729, 12.0976 ], [ 92.7303, 12.0954 ], [ 92.7254, 12.0959 ], [ 92.7308, 12.0947 ], [ 92.7313, 12.096 ], [ 92.7301, 12.0974 ], [ 92.7329, 12.0955 ], [ 92.7341, 12.0961 ], [ 92.7318, 12.0803 ], [ 92.7346, 12.0833 ], [ 92.7361, 12.0788 ], [ 92.7324, 12.0723 ], [ 92.7295, 12.0753 ], [ 92.7282, 12.0754 ], [ 92.7241, 12.0729 ], [ 92.7272, 12.0705 ], [ 92.7228, 12.0644 ], [ 92.7246, 12.0647 ], [ 92.7277, 12.0705 ], [ 92.7251, 12.0734 ], [ 92.7296, 12.0746 ], [ 92.7329, 12.0684 ], [ 92.7369, 12.0781 ], [ 92.7397, 12.072 ], [ 92.7336, 12.0653 ], [ 92.7382, 12.0572 ], [ 92.7361, 12.055 ], [ 92.7332, 12.0614 ], [ 92.7275, 12.0595 ], [ 92.7253, 12.0574 ], [ 92.7251, 12.0497 ], [ 92.7206, 12.0525 ], [ 92.7181, 12.0494 ], [ 92.7138, 12.0528 ], [ 92.7134, 12.049 ], [ 92.711, 12.0507 ], [ 92.7093, 12.0464 ], [ 92.7007, 12.0407 ], [ 92.6966, 12.0425 ], [ 92.6968, 12.0402 ], [ 92.7007, 12.0401 ], [ 92.7092, 12.0455 ], [ 92.711, 12.0502 ], [ 92.7132, 12.0479 ], [ 92.715, 12.0517 ], [ 92.7096, 12.0339 ], [ 92.7104, 12.031 ], [ 92.7103, 12.0354 ], [ 92.713, 12.0392 ], [ 92.7138, 12.0444 ], [ 92.7154, 12.045 ], [ 92.7161, 12.0498 ], [ 92.7196, 12.0485 ], [ 92.7211, 12.0516 ], [ 92.7254, 12.0488 ], [ 92.7273, 12.0543 ], [ 92.7281, 12.0355 ], [ 92.7306, 12.0367 ], [ 92.7333, 12.0336 ], [ 92.7366, 12.034 ], [ 92.732, 12.0302 ], [ 92.74, 12.0286 ], [ 92.7386, 12.0243 ], [ 92.726, 12.0254 ], [ 92.7251, 12.0233 ], [ 92.7317, 12.0231 ], [ 92.7313, 12.0183 ], [ 92.7392, 12.0189 ], [ 92.7326, 12.0144 ], [ 92.7383, 12.0107 ], [ 92.7422, 12.0168 ], [ 92.7493, 12.0191 ], [ 92.7515, 12.0032 ], [ 92.7556, 12.0031 ], [ 92.7577, 12.0088 ], [ 92.7662, 12.0121 ], [ 92.7659, 12.0038 ], [ 92.7705, 11.9986 ], [ 92.7639, 11.9866 ], [ 92.7599, 11.9946 ], [ 92.7465, 11.9963 ], [ 92.7439, 11.9997 ], [ 92.7436, 11.9943 ], [ 92.7412, 11.9972 ], [ 92.7402, 11.9977 ], [ 92.7305, 11.9997 ], [ 92.7257, 11.9924 ], [ 92.7228, 11.9939 ], [ 92.7219, 11.9931 ], [ 92.7219, 11.99 ], [ 92.7229, 11.988 ], [ 92.7231, 11.989 ], [ 92.7222, 11.9901 ], [ 92.7228, 11.9937 ], [ 92.7252, 11.992 ], [ 92.7301, 11.9939 ], [ 92.7258, 11.9824 ], [ 92.7219, 11.9811 ], [ 92.7234, 11.9747 ], [ 92.7288, 11.9763 ], [ 92.7316, 11.9711 ], [ 92.7214, 11.9628 ], [ 92.7152, 11.9671 ], [ 92.7179, 11.9583 ], [ 92.7145, 11.952 ], [ 92.7123, 11.954 ], [ 92.7128, 11.951 ], [ 92.7174, 11.9491 ], [ 92.7172, 11.9388 ], [ 92.7105, 11.9331 ], [ 92.7128, 11.9342 ], [ 92.711, 11.9257 ], [ 92.7141, 11.9219 ], [ 92.716, 11.9346 ], [ 92.723, 11.9314 ], [ 92.7241, 11.9092 ], [ 92.7166, 11.9023 ], [ 92.718, 11.9009 ], [ 92.7236, 11.9028 ], [ 92.7251, 11.8973 ], [ 92.7182, 11.8921 ], [ 92.7133, 11.8979 ], [ 92.7128, 11.8976 ], [ 92.7135, 11.8934 ], [ 92.7198, 11.891 ], [ 92.7137, 11.8891 ], [ 92.717, 11.8883 ], [ 92.7242, 11.8912 ], [ 92.7222, 11.8789 ], [ 92.7123, 11.8689 ], [ 92.7137, 11.8688 ], [ 92.7225, 11.8771 ], [ 92.7253, 11.8625 ], [ 92.7097, 11.8204 ], [ 92.7013, 11.8142 ], [ 92.6928, 11.8173 ], [ 92.6972, 11.821 ], [ 92.7008, 11.8287 ], [ 92.6982, 11.8271 ], [ 92.6992, 11.8267 ], [ 92.6975, 11.8226 ], [ 92.6942, 11.8227 ], [ 92.6916, 11.8177 ], [ 92.6952, 11.8129 ], [ 92.6744, 11.8214 ], [ 92.6646, 11.8197 ], [ 92.667, 11.8231 ], [ 92.6628, 11.8226 ], [ 92.6607, 11.8288 ], [ 92.6546, 11.8336 ], [ 92.6556, 11.8313 ], [ 92.6605, 11.8286 ], [ 92.6592, 11.8273 ], [ 92.6592, 11.8261 ], [ 92.6625, 11.8223 ], [ 92.6664, 11.8225 ], [ 92.6637, 11.8204 ], [ 92.664, 11.8194 ], [ 92.6726, 11.8199 ], [ 92.6745, 11.8209 ], [ 92.6859, 11.8129 ], [ 92.6919, 11.8137 ], [ 92.6888, 11.8066 ], [ 92.6807, 11.8039 ], [ 92.6775, 11.792 ], [ 92.6745, 11.7986 ], [ 92.67, 11.798 ], [ 92.6726, 11.7977 ], [ 92.6745, 11.798 ], [ 92.676, 11.7919 ], [ 92.6767, 11.7913 ], [ 92.6778, 11.7919 ], [ 92.6768, 11.7836 ], [ 92.6724, 11.7828 ], [ 92.6765, 11.7832 ], [ 92.6777, 11.7776 ], [ 92.6822, 11.8025 ], [ 92.689, 11.8052 ], [ 92.6975, 11.8125 ], [ 92.7006, 11.8049 ], [ 92.708, 11.7995 ], [ 92.7058, 11.7927 ], [ 92.7083, 11.7997 ], [ 92.6996, 11.8096 ], [ 92.7036, 11.8094 ], [ 92.7005, 11.812 ], [ 92.7101, 11.816 ], [ 92.7122, 11.8124 ], [ 92.711, 11.8189 ], [ 92.7177, 11.8263 ], [ 92.7297, 11.8548 ], [ 92.7296, 11.8719 ], [ 92.7329, 11.8751 ], [ 92.7304, 11.8792 ], [ 92.7368, 11.883 ], [ 92.7358, 11.8841 ], [ 92.73, 11.8805 ], [ 92.73, 11.8974 ], [ 92.7356, 11.8962 ], [ 92.7371, 11.8976 ], [ 92.7357, 11.8965 ], [ 92.7355, 11.8984 ], [ 92.7301, 11.8987 ], [ 92.7313, 11.9047 ], [ 92.7407, 11.9227 ], [ 92.742, 11.9196 ], [ 92.7446, 11.9194 ], [ 92.7442, 11.9207 ], [ 92.743, 11.9206 ], [ 92.7422, 11.9201 ], [ 92.7423, 11.922 ], [ 92.7406, 11.9236 ], [ 92.7409, 11.9254 ], [ 92.75, 11.9366 ], [ 92.75, 11.9312 ], [ 92.7631, 11.9408 ], [ 92.783, 11.9369 ], [ 92.7818, 11.9309 ], [ 92.7879, 11.9195 ], [ 92.783, 11.9047 ], [ 92.7876, 11.9019 ], [ 92.7791, 11.8916 ], [ 92.785, 11.8854 ], [ 92.79, 11.8855 ], [ 92.7851, 11.8818 ], [ 92.7848, 11.854 ], [ 92.7795, 11.8496 ], [ 92.7686, 11.7993 ], [ 92.7702, 11.7856 ], [ 92.7636, 11.7676 ], [ 92.7645, 11.7507 ], [ 92.7552, 11.7251 ], [ 92.7545, 11.7006 ], [ 92.7434, 11.7115 ], [ 92.7447, 11.6904 ], [ 92.7377, 11.69 ], [ 92.73, 11.6985 ], [ 92.7274, 11.6942 ], [ 92.726, 11.6976 ], [ 92.7209, 11.6973 ], [ 92.7165, 11.7054 ], [ 92.7109, 11.6932 ], [ 92.7005, 11.7105 ], [ 92.696, 11.7126 ], [ 92.7032, 11.7021 ], [ 92.6973, 11.7022 ], [ 92.6919, 11.7111 ], [ 92.6965, 11.7189 ], [ 92.6941, 11.7174 ], [ 92.6913, 11.7115 ], [ 92.6962, 11.702 ], [ 92.69, 11.6977 ], [ 92.6867, 11.7024 ], [ 92.689, 11.7073 ], [ 92.6852, 11.7092 ], [ 92.6853, 11.7127 ], [ 92.6822, 11.7141 ], [ 92.6818, 11.713 ], [ 92.6844, 11.7121 ], [ 92.6847, 11.7089 ], [ 92.6879, 11.7072 ], [ 92.6849, 11.699 ], [ 92.6896, 11.6952 ], [ 92.6863, 11.6922 ], [ 92.6886, 11.6926 ], [ 92.6902, 11.6952 ], [ 92.6901, 11.6974 ], [ 92.6924, 11.6956 ], [ 92.6945, 11.6995 ], [ 92.7057, 11.7001 ], [ 92.7015, 11.696 ], [ 92.7035, 11.6823 ], [ 92.6998, 11.6752 ], [ 92.7077, 11.6705 ], [ 92.6977, 11.6655 ], [ 92.6916, 11.6681 ], [ 92.6831, 11.6593 ], [ 92.6856, 11.6559 ], [ 92.6826, 11.6507 ], [ 92.6667, 11.6548 ], [ 92.6601, 11.6522 ], [ 92.6629, 11.6521 ], [ 92.6651, 11.6526 ], [ 92.6671, 11.6366 ], [ 92.6737, 11.624 ], [ 92.6793, 11.6351 ], [ 92.6812, 11.6327 ], [ 92.6806, 11.6277 ], [ 92.6828, 11.6306 ], [ 92.6836, 11.6342 ], [ 92.6802, 11.6356 ], [ 92.6811, 11.6381 ], [ 92.6815, 11.6364 ], [ 92.6836, 11.6348 ], [ 92.6841, 11.6333 ], [ 92.6841, 11.6261 ], [ 92.6866, 11.6282 ], [ 92.6912, 11.6225 ], [ 92.6872, 11.6233 ], [ 92.6884, 11.6181 ], [ 92.6849, 11.6202 ], [ 92.6834, 11.6203 ], [ 92.6817, 11.6193 ], [ 92.6793, 11.6133 ], [ 92.672, 11.6092 ], [ 92.6729, 11.6074 ], [ 92.674, 11.6074 ], [ 92.6749, 11.6102 ], [ 92.6795, 11.6132 ], [ 92.6826, 11.6196 ], [ 92.6888, 11.6174 ], [ 92.6891, 11.6198 ], [ 92.688, 11.6229 ], [ 92.6921, 11.6212 ], [ 92.6884, 11.6285 ], [ 92.6943, 11.6204 ], [ 92.6945, 11.6156 ], [ 92.6893, 11.6145 ], [ 92.6943, 11.615 ], [ 92.6927, 11.612 ], [ 92.6881, 11.612 ], [ 92.6813, 11.5964 ], [ 92.6684, 11.5864 ], [ 92.6745, 11.5778 ], [ 92.6788, 11.5839 ], [ 92.6856, 11.5844 ], [ 92.6919, 11.5931 ], [ 92.6976, 11.5838 ], [ 92.698, 11.5705 ], [ 92.6898, 11.5632 ], [ 92.6893, 11.5147 ], [ 92.6997, 11.5097 ], [ 92.7035, 11.4931 ], [ 92.6969, 11.4961 ], [ 92.6969, 11.5058 ], [ 92.6925, 11.5038 ], [ 92.6838, 11.5113 ], [ 92.6785, 11.5043 ], [ 92.6675, 11.5018 ], [ 92.6452, 11.5225 ], [ 92.6428, 11.5401 ], [ 92.6485, 11.5498 ], [ 92.6413, 11.5595 ], [ 92.6463, 11.5724 ], [ 92.6369, 11.5751 ], [ 92.6324, 11.5808 ], [ 92.6202, 11.5612 ], [ 92.6165, 11.5634 ], [ 92.6194, 11.5718 ], [ 92.6188, 11.5826 ], [ 92.6084, 11.5933 ], [ 92.6045, 11.5932 ], [ 92.6074, 11.6009 ], [ 92.6018, 11.6086 ], [ 92.6086, 11.621 ], [ 92.6218, 11.6209 ], [ 92.6239, 11.6178 ], [ 92.627, 11.6264 ], [ 92.6292, 11.6171 ], [ 92.6349, 11.6155 ], [ 92.6431, 11.6247 ], [ 92.6447, 11.6353 ], [ 92.6414, 11.6396 ], [ 92.6391, 11.6316 ], [ 92.6341, 11.6331 ], [ 92.6371, 11.6458 ], [ 92.6304, 11.6519 ], [ 92.6304, 11.6283 ], [ 92.6123, 11.6351 ], [ 92.6081, 11.6324 ], [ 92.6071, 11.6396 ], [ 92.5977, 11.6491 ], [ 92.5994, 11.6572 ], [ 92.5902, 11.668 ], [ 92.599, 11.6902 ], [ 92.5897, 11.7079 ], [ 92.5976, 11.7096 ], [ 92.6038, 11.707 ], [ 92.5983, 11.71 ], [ 92.5939, 11.7096 ], [ 92.5867, 11.7167 ], [ 92.5913, 11.7383 ], [ 92.5869, 11.727 ], [ 92.5852, 11.715 ], [ 92.5819, 11.7174 ], [ 92.5849, 11.7134 ], [ 92.5813, 11.7162 ], [ 92.5743, 11.7155 ], [ 92.571, 11.6968 ], [ 92.5645, 11.6913 ], [ 92.5581, 11.6923 ], [ 92.5502, 11.7195 ], [ 92.5498, 11.7375 ], [ 92.5526, 11.7412 ], [ 92.5506, 11.7637 ], [ 92.5587, 11.7727 ], [ 92.556, 11.7708 ], [ 92.5502, 11.7747 ], [ 92.5496, 11.8022 ], [ 92.5407, 11.7855 ], [ 92.5376, 11.7927 ], [ 92.5322, 11.7902 ], [ 92.5294, 11.795 ], [ 92.5343, 11.8014 ], [ 92.5352, 11.7981 ], [ 92.5365, 11.8017 ], [ 92.5385, 11.7992 ], [ 92.5428, 11.8013 ], [ 92.5427, 11.8054 ], [ 92.5496, 11.8097 ], [ 92.5415, 11.8067 ], [ 92.5392, 11.8011 ], [ 92.5384, 11.8072 ], [ 92.5351, 11.8028 ], [ 92.5317, 11.8059 ], [ 92.5383, 11.8226 ], [ 92.5467, 11.8294 ], [ 92.5469, 11.8362 ], [ 92.545, 11.8433 ], [ 92.5441, 11.8416 ], [ 92.5461, 11.836 ], [ 92.543, 11.8287 ], [ 92.5424, 11.8367 ], [ 92.5377, 11.8403 ], [ 92.531, 11.8339 ], [ 92.5238, 11.8074 ], [ 92.5206, 11.8106 ], [ 92.5186, 11.8066 ], [ 92.5145, 11.807 ], [ 92.5146, 11.8156 ], [ 92.5099, 11.8112 ], [ 92.5057, 11.8245 ], [ 92.5092, 11.8288 ], [ 92.507, 11.8352 ], [ 92.5164, 11.8408 ], [ 92.5194, 11.8374 ], [ 92.5201, 11.8397 ], [ 92.5098, 11.8446 ], [ 92.5075, 11.8415 ], [ 92.5082, 11.8563 ], [ 92.5165, 11.8611 ], [ 92.5204, 11.8562 ], [ 92.5183, 11.8611 ], [ 92.5116, 11.8644 ], [ 92.514, 11.8724 ], [ 92.5175, 11.8768 ], [ 92.5241, 11.8715 ], [ 92.5276, 11.8725 ], [ 92.5224, 11.8745 ], [ 92.5246, 11.8814 ], [ 92.519, 11.8836 ], [ 92.5202, 11.8986 ], [ 92.5257, 11.904 ], [ 92.5314, 11.8995 ], [ 92.5322, 11.9036 ], [ 92.5349, 11.9003 ], [ 92.5358, 11.901 ], [ 92.5341, 11.9045 ], [ 92.5385, 11.9035 ], [ 92.5327, 11.9131 ], [ 92.536, 11.9193 ], [ 92.5409, 11.9176 ], [ 92.5395, 11.9232 ], [ 92.5439, 11.9261 ], [ 92.5403, 11.931 ], [ 92.5464, 11.9312 ], [ 92.5495, 11.9279 ], [ 92.5614, 11.9468 ], [ 92.5678, 11.941 ], [ 92.5661, 11.9463 ], [ 92.5624, 11.948 ], [ 92.5641, 11.9508 ], [ 92.5692, 11.9505 ], [ 92.5718, 11.9289 ], [ 92.5805, 11.9314 ], [ 92.5809, 11.9214 ], [ 92.5744, 11.9179 ], [ 92.5769, 11.9171 ], [ 92.5796, 11.9175 ], [ 92.5811, 11.9195 ], [ 92.5853, 11.9121 ], [ 92.5812, 11.9058 ], [ 92.5866, 11.8988 ], [ 92.5843, 11.8974 ], [ 92.5829, 11.877 ], [ 92.5846, 11.8744 ], [ 92.5858, 11.8766 ], [ 92.5832, 11.879 ], [ 92.586, 11.8833 ], [ 92.5863, 11.8864 ], [ 92.5914, 11.8864 ], [ 92.5869, 11.8765 ], [ 92.5916, 11.8837 ], [ 92.5939, 11.9019 ], [ 92.5973, 11.8964 ], [ 92.5968, 11.9006 ], [ 92.6005, 11.8982 ], [ 92.5989, 11.8672 ], [ 92.6027, 11.8581 ], [ 92.6066, 11.8567 ], [ 92.6048, 11.8529 ], [ 92.6103, 11.8473 ], [ 92.6089, 11.8502 ], [ 92.6053, 11.8525 ], [ 92.607, 11.8566 ], [ 92.6051, 11.8586 ], [ 92.6117, 11.8553 ], [ 92.6032, 11.8632 ], [ 92.6075, 11.8672 ], [ 92.6067, 11.8673 ], [ 92.6037, 11.8641 ], [ 92.5996, 11.8673 ], [ 92.6055, 11.8795 ], [ 92.6041, 11.8791 ], [ 92.6014, 11.8752 ], [ 92.6026, 11.8879 ], [ 92.6053, 11.8814 ], [ 92.6092, 11.8864 ], [ 92.6077, 11.9077 ], [ 92.6107, 11.9146 ], [ 92.609, 11.9118 ], [ 92.6063, 11.9135 ], [ 92.6082, 11.9141 ], [ 92.6098, 11.92 ], [ 92.6166, 11.9213 ], [ 92.608, 11.9206 ], [ 92.6159, 11.9285 ], [ 92.609, 11.9243 ] ], [ [ 92.7099, 11.8965 ], [ 92.7072, 11.9009 ], [ 92.7039, 11.9008 ], [ 92.704, 11.9 ], [ 92.7057, 11.8991 ], [ 92.7071, 11.9004 ], [ 92.709, 11.8969 ], [ 92.7102, 11.8958 ], [ 92.7128, 11.8976 ], [ 92.7099, 11.8965 ] ], [ [ 92.7098, 11.8728 ], [ 92.7087, 11.8681 ], [ 92.7104, 11.8633 ], [ 92.7064, 11.8644 ], [ 92.7079, 11.8622 ], [ 92.7105, 11.863 ], [ 92.7115, 11.8673 ], [ 92.7093, 11.8691 ], [ 92.7123, 11.8689 ], [ 92.7098, 11.8728 ] ], [ [ 92.6978, 11.83 ], [ 92.6976, 11.8273 ], [ 92.6982, 11.8271 ], [ 92.6978, 11.83 ] ], [ [ 92.6198, 11.9218 ], [ 92.6204, 11.9311 ], [ 92.619, 11.9297 ], [ 92.6187, 11.9244 ], [ 92.6167, 11.9224 ], [ 92.6166, 11.9213 ], [ 92.6198, 11.9218 ] ], [ [ 92.6162, 11.9288 ], [ 92.615, 11.9331 ], [ 92.6159, 11.933 ], [ 92.6162, 11.934 ], [ 92.6153, 11.9376 ], [ 92.6148, 11.9357 ], [ 92.616, 11.9336 ], [ 92.6149, 11.9337 ], [ 92.6148, 11.933 ], [ 92.6159, 11.9285 ], [ 92.6162, 11.9288 ] ] ] ] } },
{ "type": "Feature", "properties": { "unit_id": "IND.1.3.1_1", "name": "Port Blair", "district": "South Andaman", "did": "andaman_nicobar:South Andaman", "state_key": "andaman_nicobar" }, "geometry": { "type": "MultiPolygon", "coordinates": [ [ [ [ 92.7336, 11.1449 ], [ 92.7292, 11.1415 ], [ 92.7245, 11.1443 ], [ 92.7224, 11.1404 ], [ 92.7242, 11.1483 ], [ 92.7315, 11.1494 ], [ 92.7336, 11.1449 ] ] ], [ [ [ 92.6759, 11.1768 ], [ 92.6717, 11.1859 ], [ 92.6743, 11.1903 ], [ 92.6801, 11.1812 ], [ 92.6759, 11.1768 ] ] ], [ [ [ 92.6723, 11.1955 ], [ 92.6726, 11.1953 ], [ 92.6719, 11.1952 ], [ 92.6723, 11.1955 ] ] ], [ [ [ 92.6938, 11.253 ], [ 92.6916, 11.2428 ], [ 92.6862, 11.2418 ], [ 92.6944, 11.2598 ], [ 92.6921, 11.281 ], [ 92.7047, 11.2902 ], [ 92.7048, 11.2638 ], [ 92.6938, 11.253 ] ] ], [ [ [ 92.7223, 11.3167 ], [ 92.7167, 11.3156 ], [ 92.7118, 11.3027 ], [ 92.7068, 11.2996 ], [ 92.6955, 11.3098 ], [ 92.6994, 11.312 ], [ 92.7047, 11.3097 ], [ 92.7109, 11.3132 ], [ 92.7166, 11.3295 ], [ 92.7223, 11.333 ], [ 92.7223, 11.3167 ] ] ], [ [ [ 92.5409, 11.3912 ], [ 92.5419, 11.3982 ], [ 92.5506, 11.3981 ], [ 92.5474, 11.3907 ], [ 92.5409, 11.3912 ] ] ], [ [ [ 92.559, 11.391 ], [ 92.5516, 11.3921 ], [ 92.5547, 11.3971 ], [ 92.5627, 11.3968 ], [ 92.559, 11.391 ] ] ], [ [ [ 92.6375, 11.5095 ], [ 92.6451, 11.5116 ], [ 92.6444, 11.5 ], [ 92.6548, 11.4942 ], [ 92.6578, 11.4959 ], [ 92.6618, 11.491 ], [ 92.6743, 11.4904 ], [ 92.6713, 11.4784 ], [ 92.6773, 11.4709 ], [ 92.6746, 11.4622 ], [ 92.6846, 11.4361 ], [ 92.6803, 11.4302 ], [ 92.6826, 11.4261 ], [ 92.6718, 11.4262 ], [ 92.674, 11.42 ], [ 92.671, 11.4155 ], [ 92.6502, 11.4094 ], [ 92.6459, 11.4137 ], [ 92.6417, 11.4106 ], [ 92.6363, 11.4169 ], [ 92.6337, 11.4037 ], [ 92.637, 11.4005 ], [ 92.6411, 11.4096 ], [ 92.6438, 11.3942 ], [ 92.6479, 11.3969 ], [ 92.6479, 11.4049 ], [ 92.6528, 11.4074 ], [ 92.6625, 11.4047 ], [ 92.6627, 11.3954 ], [ 92.6748, 11.3998 ], [ 92.6772, 11.3929 ], [ 92.6851, 11.3926 ], [ 92.6884, 11.3873 ], [ 92.6923, 11.3873 ], [ 92.6907, 11.3745 ], [ 92.6885, 11.3687 ], [ 92.6779, 11.3625 ], [ 92.6674, 11.3613 ], [ 92.6637, 11.3528 ], [ 92.652, 11.357 ], [ 92.6382, 11.3461 ], [ 92.626, 11.3492 ], [ 92.6218, 11.346 ], [ 92.6187, 11.3488 ], [ 92.5977, 11.345 ], [ 92.5875, 11.3525 ], [ 92.5796, 11.3674 ], [ 92.5912, 11.3792 ], [ 92.5857, 11.4 ], [ 92.614, 11.401 ], [ 92.6218, 11.4045 ], [ 92.6232, 11.426 ], [ 92.6187, 11.4334 ], [ 92.6229, 11.4402 ], [ 92.6193, 11.4406 ], [ 92.6095, 11.4579 ], [ 92.6107, 11.4723 ], [ 92.6203, 11.5 ], [ 92.631, 11.5145 ], [ 92.6362, 11.5159 ], [ 92.6375, 11.5095 ] ] ], [ [ [ 92.7545, 11.6372 ], [ 92.7551, 11.6371 ], [ 92.7543, 11.6366 ], [ 92.7545, 11.6372 ] ] ], [ [ [ 92.7543, 11.6385 ], [ 92.7546, 11.6376 ], [ 92.7531, 11.6378 ], [ 92.7543, 11.6385 ] ] ], [ [ [ 92.7319, 11.672 ], [ 92.7354, 11.6778 ], [ 92.7472, 11.6767 ], [ 92.7472, 11.6684 ], [ 92.756, 11.665 ], [ 92.7548, 11.6464 ], [ 92.7377, 11.6387 ], [ 92.7483, 11.64 ], [ 92.7543, 11.6142 ], [ 92.7413, 11.5935 ], [ 92.7414, 11.5788 ], [ 92.7372, 11.5794 ], [ 92.739, 11.5678 ], [ 92.7297, 11.5582 ], [ 92.7339, 11.5528 ], [ 92.7229, 11.5303 ], [ 92.7266, 11.5168 ], [ 92.7161, 11.5029 ], [ 92.7102, 11.4774 ], [ 92.6997, 11.5097 ], [ 92.6893, 11.5147 ], [ 92.6898, 11.5632 ], [ 92.698, 11.5705 ], [ 92.6976, 11.5838 ], [ 92.6919, 11.5931 ], [ 92.6856, 11.5844 ], [ 92.6788, 11.5839 ], [ 92.6745, 11.5778 ], [ 92.6684, 11.5864 ], [ 92.6921, 11.6084 ], [ 92.697, 11.6075 ], [ 92.6928, 11.6111 ], [ 92.6961, 11.6168 ], [ 92.7016, 11.6177 ], [ 92.6994, 11.6182 ], [ 92.6961, 11.6173 ], [ 92.6917, 11.6335 ], [ 92.6932, 11.6389 ], [ 92.7018, 11.6391 ], [ 92.6941, 11.6529 ], [ 92.7005, 11.6545 ], [ 92.706, 11.6438 ], [ 92.7101, 11.6433 ], [ 92.7092, 11.6524 ], [ 92.7189, 11.653 ], [ 92.7282, 11.6582 ], [ 92.716, 11.6642 ], [ 92.7139, 11.6775 ], [ 92.7209, 11.6833 ], [ 92.731, 11.6812 ], [ 92.7319, 11.672 ] ], [ [ 92.7236, 11.5876 ], [ 92.7145, 11.5837 ], [ 92.7214, 11.569 ], [ 92.7265, 11.566 ], [ 92.7352, 11.5709 ], [ 92.7398, 11.5914 ], [ 92.7279, 11.5969 ], [ 92.7301, 11.6017 ], [ 92.7257, 11.604 ], [ 92.7236, 11.5876 ] ] ], [ [ [ 92.7581, 11.6782 ], [ 92.7646, 11.6822 ], [ 92.7651, 11.6792 ], [ 92.7604, 11.6687 ], [ 92.7581, 11.6782 ] ] ], [ [ [ 92.7236, 11.6859 ], [ 92.7211, 11.6878 ], [ 92.725, 11.688 ], [ 92.7236, 11.6859 ] ] ], [ [ [ 93.0764, 11.7801 ], [ 93.0816, 11.7897 ], [ 93.086, 11.7882 ], [ 93.0812, 11.7782 ], [ 93.0764, 11.7801 ] ] ], [ [ [ 93.0721, 11.8343 ], [ 93.0722, 11.8343 ], [ 93.0716, 11.8337 ], [ 93.0721, 11.8343 ] ] ], [ [ [ 93.0709, 11.839 ], [ 93.0712, 11.8391 ], [ 93.0716, 11.8375 ], [ 93.0709, 11.839 ] ] ], [ [ [ 93.0178, 11.8457 ], [ 93.0304, 11.8415 ], [ 93.0312, 11.8374 ], [ 93.041, 11.8442 ], [ 93.0586, 11.8461 ], [ 93.069, 11.8427 ], [ 93.0715, 11.8341 ], [ 93.0589, 11.8143 ], [ 93.0423, 11.8099 ], [ 93.023, 11.826 ], [ 93.0138, 11.8283 ], [ 93.0091, 11.8444 ], [ 93.0122, 11.8516 ], [ 93.0178, 11.8457 ] ] ], [ [ [ 92.9956, 11.9468 ], [ 92.9955, 11.9459 ], [ 92.9946, 11.9463 ], [ 92.9956, 11.9468 ] ] ], [ [ [ 92.9719, 12.0366 ], [ 92.9722, 12.0361 ], [ 92.9712, 12.036 ], [ 92.9719, 12.0366 ] ] ], [ [ [ 92.9888, 12.0373 ], [ 92.9896, 12.038 ], [ 92.9896, 12.0369 ], [ 92.9888, 12.0373 ] ] ], [ [ [ 92.9774, 12.042 ], [ 92.9776, 12.042 ], [ 92.9775, 12.0419 ], [ 92.9774, 12.042 ] ] ], [ [ [ 92.9757, 12.0429 ], [ 92.9759, 12.0429 ], [ 92.9757, 12.0428 ], [ 92.9757, 12.0429 ] ] ], [ [ [ 92.9749, 12.043 ], [ 92.9748, 12.043 ], [ 92.9749, 12.0431 ], [ 92.9749, 12.043 ] ] ], [ [ [ 92.9787, 12.0433 ], [ 92.9787, 12.0432 ], [ 92.9785, 12.0432 ], [ 92.9787, 12.0433 ] ] ], [ [ [ 92.9771, 12.0429 ], [ 92.9778, 12.0434 ], [ 92.9777, 12.0425 ], [ 92.9771, 12.0429 ] ] ], [ [ [ 92.9789, 12.0438 ], [ 92.9789, 12.0437 ], [ 92.9788, 12.0437 ], [ 92.9789, 12.0438 ] ] ], [ [ [ 92.9784, 12.0431 ], [ 92.978, 12.0434 ], [ 92.9786, 12.0435 ], [ 92.9785, 12.0432 ], [ 92.9784, 12.0431 ] ] ], [ [ [ 93.0064, 11.9555 ], [ 93.0036, 11.9533 ], [ 93.0008, 11.9484 ], [ 92.9976, 11.9538 ], [ 93.0, 11.9599 ], [ 92.9981, 11.9573 ], [ 92.9972, 11.9544 ], [ 92.9972, 11.9472 ], [ 92.9881, 11.9464 ], [ 92.9866, 11.9433 ], [ 92.9751, 11.9455 ], [ 92.9705, 11.949 ], [ 92.9584, 11.9809 ], [ 92.9393, 11.9855 ], [ 92.9323, 11.9837 ], [ 92.923, 11.9984 ], [ 92.9283, 12.0059 ], [ 92.9389, 12.0071 ], [ 92.9494, 12.0138 ], [ 92.9601, 12.0312 ], [ 92.964, 12.0501 ], [ 92.9684, 12.0313 ], [ 92.971, 12.0349 ], [ 92.9735, 12.0313 ], [ 92.9764, 12.029 ], [ 92.9755, 12.0272 ], [ 92.9772, 12.0254 ], [ 92.9751, 12.0234 ], [ 92.9759, 12.0197 ], [ 92.9771, 12.0187 ], [ 92.9757, 12.0184 ], [ 92.9746, 12.0171 ], [ 92.9748, 12.0162 ], [ 92.9772, 12.0169 ], [ 92.9771, 12.0176 ], [ 92.9763, 12.0179 ], [ 92.9749, 12.0166 ], [ 92.976, 12.0184 ], [ 92.9769, 12.0183 ], [ 92.9773, 12.0187 ], [ 92.9762, 12.0196 ], [ 92.9769, 12.02 ], [ 92.9771, 12.0206 ], [ 92.9754, 12.0234 ], [ 92.9774, 12.0254 ], [ 92.976, 12.0278 ], [ 92.9811, 12.0288 ], [ 92.9798, 12.0271 ], [ 92.9826, 12.0226 ], [ 92.9835, 12.026 ], [ 92.9824, 12.0257 ], [ 92.9817, 12.0245 ], [ 92.9813, 12.0254 ], [ 92.9828, 12.0265 ], [ 92.9827, 12.0273 ], [ 92.9817, 12.0277 ], [ 92.9801, 12.0273 ], [ 92.9815, 12.0283 ], [ 92.9813, 12.029 ], [ 92.9798, 12.0301 ], [ 92.9785, 12.0304 ], [ 92.9771, 12.0291 ], [ 92.9737, 12.0318 ], [ 92.973, 12.0432 ], [ 92.9735, 12.0427 ], [ 92.9753, 12.0427 ], [ 92.9775, 12.0418 ], [ 92.9791, 12.0416 ], [ 92.9824, 12.0428 ], [ 92.988, 12.0371 ], [ 92.9896, 12.0369 ], [ 92.9997, 12.0354 ], [ 93.001, 12.0321 ], [ 93.0043, 12.0344 ], [ 93.0109, 12.0271 ], [ 93.0148, 12.0273 ], [ 93.0168, 12.0122 ], [ 93.013, 12.0109 ], [ 93.0128, 12.0052 ], [ 93.008, 12.0084 ], [ 93.0071, 12.003 ], [ 93.0087, 11.9988 ], [ 93.013, 11.9986 ], [ 93.0107, 11.9946 ], [ 93.0151, 11.9975 ], [ 93.0123, 11.9908 ], [ 93.0205, 11.9744 ], [ 93.0283, 11.9748 ], [ 93.0251, 11.969 ], [ 93.0278, 11.9519 ], [ 93.0301, 11.9489 ], [ 93.0391, 11.9489 ], [ 93.0496, 11.9215 ], [ 93.0466, 11.9165 ], [ 93.0504, 11.9154 ], [ 93.0488, 11.91 ], [ 93.0541, 11.9028 ], [ 93.0484, 11.888 ], [ 93.038, 11.8815 ], [ 93.0238, 11.8876 ], [ 93.0042, 11.9281 ], [ 92.9923, 11.9345 ], [ 92.9906, 11.9438 ], [ 93.0043, 11.9479 ], [ 93.0094, 11.9427 ], [ 93.0128, 11.9438 ], [ 93.0154, 11.9383 ], [ 93.0149, 11.9421 ], [ 93.0129, 11.9441 ], [ 93.0117, 11.9442 ], [ 93.01, 11.943 ], [ 93.0089, 11.9437 ], [ 93.01, 11.9466 ], [ 93.0047, 11.9483 ], [ 93.0016, 11.9475 ], [ 93.0084, 11.9551 ], [ 93.0082, 11.9554 ], [ 93.0064, 11.9555 ] ], [ [ 93.0069, 11.9582 ], [ 93.0044, 11.9594 ], [ 93.0047, 11.9577 ], [ 93.0082, 11.9554 ], [ 93.0069, 11.9582 ] ] ], [ [ [ 92.9681, 12.0625 ], [ 92.9672, 12.065 ], [ 92.9707, 12.0635 ], [ 92.9681, 12.0625 ] ] ], [ [ [ 92.9615, 12.0663 ], [ 92.963, 12.0662 ], [ 92.9646, 12.0646 ], [ 92.9615, 12.0663 ] ] ], [ [ [ 93.0103, 12.0686 ], [ 93.0125, 12.067 ], [ 93.0092, 12.0665 ], [ 93.0103, 12.0686 ] ] ], [ [ [ 93.0098, 12.0694 ], [ 93.0082, 12.0701 ], [ 93.0096, 12.0704 ], [ 93.0098, 12.0694 ] ] ], [ [ [ 93.0055, 12.0686 ], [ 93.0045, 12.0717 ], [ 93.0082, 12.071 ], [ 93.0055, 12.0686 ] ] ], [ [ [ 93.0535, 12.0725 ], [ 93.0526, 12.0728 ], [ 93.0534, 12.0729 ], [ 93.0535, 12.0725 ] ] ], [ [ [ 93.0538, 12.0739 ], [ 93.054, 12.0741 ], [ 93.0544, 12.0733 ], [ 93.0538, 12.0739 ] ] ], [ [ [ 93.077, 12.0763 ], [ 93.0767, 12.0767 ], [ 93.0773, 12.0764 ], [ 93.077, 12.0763 ] ] ], [ [ [ 93.0787, 12.0765 ], [ 93.0783, 12.0768 ], [ 93.079, 12.0769 ], [ 93.0787, 12.0765 ] ] ], [ [ [ 93.0795, 12.0772 ], [ 93.0801, 12.0773 ], [ 93.08, 12.0765 ], [ 93.0795, 12.0772 ] ] ], [ [ [ 93.0828, 12.0783 ], [ 93.0824, 12.0783 ], [ 93.0828, 12.0789 ], [ 93.0828, 12.0783 ] ] ], [ [ [ 92.9569, 12.0898 ], [ 92.9558, 12.0912 ], [ 92.9576, 12.0912 ], [ 92.9569, 12.0898 ] ] ], [ [ [ 93.0332, 12.105 ], [ 93.0339, 12.1048 ], [ 93.0339, 12.1029 ], [ 93.0332, 12.105 ] ] ], [ [ [ 93.0042, 12.104 ], [ 93.005, 12.1006 ], [ 93.0012, 12.0906 ], [ 92.9981, 12.0946 ], [ 92.9978, 12.0933 ], [ 92.9993, 12.0925 ], [ 92.9987, 12.0916 ], [ 92.9987, 12.091 ], [ 93.0014, 12.0896 ], [ 93.0, 12.0859 ], [ 92.9976, 12.087 ], [ 92.9994, 12.0785 ], [ 92.9955, 12.0816 ], [ 92.9983, 12.0776 ], [ 92.9935, 12.0788 ], [ 92.9959, 12.0767 ], [ 93.0005, 12.0754 ], [ 92.9972, 12.0642 ], [ 93.0027, 12.0596 ], [ 92.9997, 12.0583 ], [ 93.0004, 12.0491 ], [ 92.9941, 12.0437 ], [ 92.9787, 12.0507 ], [ 92.974, 12.0604 ], [ 92.9712, 12.0573 ], [ 92.9749, 12.0672 ], [ 92.9719, 12.0644 ], [ 92.9712, 12.0681 ], [ 92.9616, 12.0673 ], [ 92.9564, 12.0731 ], [ 92.9579, 12.0831 ], [ 92.9718, 12.0866 ], [ 92.9698, 12.0937 ], [ 92.9687, 12.0927 ], [ 92.9683, 12.0909 ], [ 92.9637, 12.0874 ], [ 92.9618, 12.0933 ], [ 92.9575, 12.0872 ], [ 92.9601, 12.0972 ], [ 92.9579, 12.1085 ], [ 92.9656, 12.11 ], [ 92.9717, 12.1038 ], [ 92.99, 12.1098 ], [ 93.0042, 12.104 ] ] ], [ [ [ 93.0048, 12.1061 ], [ 92.9981, 12.1079 ], [ 93.0048, 12.1076 ], [ 93.0048, 12.1061 ] ] ], [ [ [ 92.9761, 12.1121 ], [ 92.9777, 12.1109 ], [ 92.976, 12.11 ], [ 92.9761, 12.1121 ] ] ], [ [ [ 92.9916, 12.1115 ], [ 92.9927, 12.1106 ], [ 92.9908, 12.1104 ], [ 92.9916, 12.1115 ] ] ], [ [ [ 92.9719, 12.1158 ], [ 92.9726, 12.1165 ], [ 92.9731, 12.1153 ], [ 92.9719, 12.1158 ] ] ], [ [ [ 92.9573, 12.0992 ], [ 92.9508, 12.091 ], [ 92.9501, 12.0792 ], [ 92.9457, 12.1199 ], [ 92.9538, 12.1131 ], [ 92.9573, 12.0992 ] ] ], [ [ [ 92.9626, 12.114 ], [ 92.9595, 12.1193 ], [ 92.9628, 12.1168 ], [ 92.9626, 12.114 ] ] ], [ [ [ 92.9603, 12.1208 ], [ 92.961, 12.1197 ], [ 92.9601, 12.1203 ], [ 92.9603, 12.1208 ] ] ], [ [ [ 92.9567, 12.1233 ], [ 92.9559, 12.1257 ], [ 92.9582, 12.1259 ], [ 92.9567, 12.1233 ] ] ], [ [ [ 92.9575, 12.1305 ], [ 92.9558, 12.1302 ], [ 92.9574, 12.131 ], [ 92.9575, 12.1305 ] ] ], [ [ [ 93.0044, 12.1502 ], [ 93.006, 12.1495 ], [ 93.0045, 12.1484 ], [ 93.0044, 12.1502 ] ] ], [ [ [ 92.9874, 12.1509 ], [ 92.9877, 12.152 ], [ 92.9881, 12.151 ], [ 92.9874, 12.1509 ] ] ], [ [ [ 93.0074, 12.1506 ], [ 93.0057, 12.1524 ], [ 93.0073, 12.1525 ], [ 93.0074, 12.1506 ] ] ], [ [ [ 92.9854, 12.1569 ], [ 92.9858, 12.1561 ], [ 92.9839, 12.1558 ], [ 92.9854, 12.1569 ] ] ], [ [ [ 93.0134, 12.1541 ], [ 93.0122, 12.1562 ], [ 93.0143, 12.1566 ], [ 93.0134, 12.1541 ] ] ], [ [ [ 92.9884, 12.1529 ], [ 92.9861, 12.1571 ], [ 92.9893, 12.1602 ], [ 92.9895, 12.1495 ], [ 92.9925, 12.1506 ], [ 92.993, 12.145 ], [ 92.9938, 12.1462 ], [ 92.9944, 12.1508 ], [ 92.9935, 12.1552 ], [ 92.9947, 12.1562 ], [ 92.9978, 12.1459 ], [ 92.995, 12.1459 ], [ 92.9932, 12.1361 ], [ 92.9949, 12.1302 ], [ 93.001, 12.1219 ], [ 92.9972, 12.1137 ], [ 93.0007, 12.118 ], [ 93.0031, 12.1169 ], [ 93.001, 12.111 ], [ 92.9924, 12.1138 ], [ 92.9799, 12.1114 ], [ 92.975, 12.1139 ], [ 92.978, 12.1183 ], [ 92.9751, 12.1167 ], [ 92.9749, 12.1198 ], [ 92.9651, 12.118 ], [ 92.9588, 12.123 ], [ 92.9579, 12.1321 ], [ 92.9542, 12.1357 ], [ 92.9566, 12.15 ], [ 92.9777, 12.1519 ], [ 92.9773, 12.1501 ], [ 92.9797, 12.1494 ], [ 92.98, 12.1546 ], [ 92.9819, 12.1503 ], [ 92.9839, 12.1539 ], [ 92.9868, 12.1519 ], [ 92.984, 12.1493 ], [ 92.9875, 12.1465 ], [ 92.9881, 12.151 ], [ 92.9884, 12.1529 ] ], [ [ 92.9759, 12.1439 ], [ 92.9766, 12.1443 ], [ 92.9773, 12.1501 ], [ 92.9759, 12.1439 ] ] ], [ [ [ 93.0122, 12.1587 ], [ 93.0132, 12.1583 ], [ 93.0122, 12.1579 ], [ 93.0122, 12.1587 ] ] ], [ [ [ 93.1229, 12.1384 ], [ 93.1172, 12.1293 ], [ 93.1124, 12.1292 ], [ 93.1086, 12.1449 ], [ 93.125, 12.1521 ], [ 93.1229, 12.1384 ] ] ], [ [ [ 93.0155, 12.1649 ], [ 93.0158, 12.1644 ], [ 93.0149, 12.1645 ], [ 93.0155, 12.1649 ] ] ], [ [ [ 93.0278, 12.143 ], [ 93.0237, 12.1415 ], [ 93.0354, 12.1259 ], [ 93.0322, 12.1053 ], [ 93.0358, 12.0969 ], [ 93.054, 12.0766 ], [ 93.0506, 12.0747 ], [ 93.0545, 12.0698 ], [ 93.0532, 12.0538 ], [ 93.0434, 12.0426 ], [ 93.0386, 12.0439 ], [ 93.0289, 12.0646 ], [ 93.0276, 12.0623 ], [ 93.0204, 12.0691 ], [ 93.0172, 12.0661 ], [ 93.0051, 12.0768 ], [ 93.0072, 12.105 ], [ 93.0059, 12.1081 ], [ 92.9996, 12.1098 ], [ 93.0028, 12.112 ], [ 93.0038, 12.1175 ], [ 92.9953, 12.1317 ], [ 92.9961, 12.1393 ], [ 92.9997, 12.1403 ], [ 93.0018, 12.1255 ], [ 93.0015, 12.1423 ], [ 93.0035, 12.141 ], [ 93.0031, 12.1465 ], [ 93.0102, 12.1523 ], [ 93.0073, 12.1562 ], [ 93.0115, 12.1537 ], [ 93.0146, 12.1541 ], [ 93.017, 12.1611 ], [ 93.0187, 12.1582 ], [ 93.0203, 12.1599 ], [ 93.0175, 12.1629 ], [ 93.0225, 12.1645 ], [ 93.0196, 12.1676 ], [ 93.0284, 12.1666 ], [ 93.0278, 12.143 ] ] ], [ [ [ 93.0737, 12.0788 ], [ 93.0484, 12.1118 ], [ 93.0534, 12.1217 ], [ 93.0581, 12.1202 ], [ 93.0625, 12.1228 ], [ 93.0606, 12.1193 ], [ 93.0611, 12.1176 ], [ 93.0608, 12.1192 ], [ 93.0624, 12.1192 ], [ 93.0632, 12.1228 ], [ 93.0679, 12.1194 ], [ 93.0688, 12.1205 ], [ 93.0684, 12.1215 ], [ 93.0644, 12.1235 ], [ 93.0616, 12.123 ], [ 93.0574, 12.1205 ], [ 93.0553, 12.1224 ], [ 93.0509, 12.1229 ], [ 93.0467, 12.1184 ], [ 93.0353, 12.1321 ], [ 93.0546, 12.1915 ], [ 93.0691, 12.2122 ], [ 93.0783, 12.2095 ], [ 93.0785, 12.2037 ], [ 93.0767, 12.204 ], [ 93.0717, 12.2016 ], [ 93.0743, 12.2012 ], [ 93.0762, 12.2031 ], [ 93.0797, 12.2021 ], [ 93.0797, 12.1989 ], [ 93.0879, 12.1951 ], [ 93.0889, 12.1837 ], [ 93.0854, 12.1801 ], [ 93.0803, 12.182 ], [ 93.0763, 12.1797 ], [ 93.0851, 12.1797 ], [ 93.0905, 12.1845 ], [ 93.0919, 12.1819 ], [ 93.086, 12.1563 ], [ 93.0951, 12.1536 ], [ 93.0973, 12.1425 ], [ 93.0872, 12.1298 ], [ 93.09, 12.1268 ], [ 93.0845, 12.1193 ], [ 93.0914, 12.124 ], [ 93.0903, 12.1292 ], [ 93.0966, 12.1389 ], [ 93.1007, 12.1304 ], [ 93.0965, 12.1305 ], [ 93.093, 12.1288 ], [ 93.0935, 12.1285 ], [ 93.0972, 12.1302 ], [ 93.1016, 12.1288 ], [ 93.0971, 12.0928 ], [ 93.0908, 12.089 ], [ 93.0856, 12.0926 ], [ 93.0883, 12.085 ], [ 93.0823, 12.0788 ], [ 93.0737, 12.0788 ] ] ], [ [ [ 93.0201, 12.2253 ], [ 93.0207, 12.2242 ], [ 93.0187, 12.2244 ], [ 93.0201, 12.2253 ] ] ], [ [ [ 93.1074, 12.2451 ], [ 93.1053, 12.2349 ], [ 93.1006, 12.2326 ], [ 93.1051, 12.2186 ], [ 93.1001, 12.2004 ], [ 93.0868, 12.2149 ], [ 93.0913, 12.2231 ], [ 93.0867, 12.2293 ], [ 93.097, 12.2365 ], [ 93.0978, 12.2388 ], [ 93.0971, 12.2383 ], [ 93.0967, 12.2366 ], [ 93.0953, 12.237 ], [ 93.0941, 12.2364 ], [ 93.0882, 12.2317 ], [ 93.0876, 12.23 ], [ 93.0865, 12.2296 ], [ 93.0879, 12.2237 ], [ 93.0825, 12.2246 ], [ 93.0857, 12.2213 ], [ 93.0838, 12.2167 ], [ 93.0633, 12.2273 ], [ 93.0618, 12.2335 ], [ 93.0651, 12.2518 ], [ 93.0725, 12.2623 ], [ 93.0806, 12.2638 ], [ 93.0865, 12.257 ], [ 93.0855, 12.2384 ], [ 93.094, 12.246 ], [ 93.0911, 12.2491 ], [ 93.0954, 12.25 ], [ 93.0995, 12.2629 ], [ 93.1043, 12.264 ], [ 93.1074, 12.2451 ] ] ], [ [ [ 93.0253, 12.2734 ], [ 93.0205, 12.2746 ], [ 93.0264, 12.2801 ], [ 93.029, 12.2779 ], [ 93.0253, 12.2734 ] ] ], [ [ [ 93.0706, 12.3197 ], [ 93.0733, 12.3167 ], [ 93.0613, 12.3153 ], [ 93.0706, 12.3197 ] ] ] ] } },
{ "type": "Feature", "properties": { "unit_id": "IND.1.3.1_1", "name": "Little Andaman", "district": "South Andaman", "did": "andaman_nicobar:South Andaman", "state_key": "andaman_nicobar" }, "geometry": { "type": "MultiPolygon", "coordinates": [ [ [ [ 92.5596, 10.7992 ], [ 92.5614, 10.8014 ], [ 92.5641, 10.7961 ], [ 92.5605, 10.7958 ], [ 92.571, 10.7954 ], [ 92.5792, 10.7854 ], [ 92.5713, 10.7958 ], [ 92.5647, 10.7967 ], [ 92.5615, 10.8028 ], [ 92.5712, 10.8106 ], [ 92.5867, 10.7899 ], [ 92.5874, 10.7738 ], [ 92.5824, 10.7714 ], [ 92.5868, 10.7705 ], [ 92.5834, 10.7442 ], [ 92.5997, 10.7013 ], [ 92.5974, 10.6778 ], [ 92.5803, 10.6808 ], [ 92.5827, 10.6785 ], [ 92.5773, 10.6736 ], [ 92.577, 10.6666 ], [ 92.5824, 10.658 ], [ 92.5777, 10.6531 ], [ 92.5695, 10.6537 ], [ 92.5537, 10.64 ], [ 92.5416, 10.6172 ], [ 92.5414, 10.6226 ], [ 92.5388, 10.6175 ], [ 92.5423, 10.5948 ], [ 92.5649, 10.5883 ], [ 92.57, 10.5831 ], [ 92.5693, 10.5774 ], [ 92.5536, 10.557 ], [ 92.5465, 10.5531 ], [ 92.5429, 10.5382 ], [ 92.5341, 10.5291 ], [ 92.5365, 10.5258 ], [ 92.5329, 10.5185 ], [ 92.5126, 10.5108 ], [ 92.5, 10.5113 ], [ 92.4934, 10.5165 ], [ 92.4815, 10.5175 ], [ 92.4585, 10.539 ], [ 92.4351, 10.5489 ], [ 92.4202, 10.5485 ], [ 92.4135, 10.5382 ], [ 92.4019, 10.5305 ], [ 92.3939, 10.53 ], [ 92.3833, 10.5347 ], [ 92.3823, 10.5445 ], [ 92.3938, 10.556 ], [ 92.3914, 10.5594 ], [ 92.3994, 10.5757 ], [ 92.4098, 10.5844 ], [ 92.4121, 10.6071 ], [ 92.4192, 10.615 ], [ 92.414, 10.6347 ], [ 92.4011, 10.6595 ], [ 92.3935, 10.6687 ], [ 92.3814, 10.6703 ], [ 92.3837, 10.6765 ], [ 92.3789, 10.7083 ], [ 92.3833, 10.7227 ], [ 92.3776, 10.7542 ], [ 92.3806, 10.7632 ], [ 92.3718, 10.7739 ], [ 92.3741, 10.7848 ], [ 92.385, 10.7953 ], [ 92.3865, 10.7854 ], [ 92.3907, 10.7831 ], [ 92.3953, 10.7851 ], [ 92.3924, 10.7752 ], [ 92.3945, 10.7557 ], [ 92.3989, 10.7516 ], [ 92.3962, 10.7505 ], [ 92.3952, 10.749 ], [ 92.3988, 10.7439 ], [ 92.3993, 10.7449 ], [ 92.398, 10.7485 ], [ 92.3959, 10.7493 ], [ 92.3964, 10.7501 ], [ 92.3989, 10.7509 ], [ 92.3994, 10.7516 ], [ 92.3982, 10.7545 ], [ 92.3951, 10.7556 ], [ 92.396, 10.7605 ], [ 92.4035, 10.7684 ], [ 92.4084, 10.764 ], [ 92.4061, 10.7582 ], [ 92.4084, 10.7553 ], [ 92.4068, 10.7586 ], [ 92.4105, 10.7573 ], [ 92.4166, 10.762 ], [ 92.4166, 10.7628 ], [ 92.4157, 10.7631 ], [ 92.412, 10.7606 ], [ 92.4103, 10.7576 ], [ 92.4088, 10.7585 ], [ 92.4141, 10.771 ], [ 92.4193, 10.7726 ], [ 92.414, 10.7716 ], [ 92.4104, 10.7644 ], [ 92.4026, 10.769 ], [ 92.3969, 10.7631 ], [ 92.3939, 10.7777 ], [ 92.3956, 10.7739 ], [ 92.4106, 10.7783 ], [ 92.4084, 10.7788 ], [ 92.3957, 10.7749 ], [ 92.3972, 10.7835 ], [ 92.3956, 10.7863 ], [ 92.4043, 10.7844 ], [ 92.4169, 10.7957 ], [ 92.4261, 10.8172 ], [ 92.4255, 10.8268 ], [ 92.4333, 10.8241 ], [ 92.4462, 10.8411 ], [ 92.4573, 10.8417 ], [ 92.4602, 10.8539 ], [ 92.4541, 10.861 ], [ 92.4545, 10.8669 ], [ 92.4608, 10.8688 ], [ 92.4635, 10.8662 ], [ 92.4709, 10.8736 ], [ 92.4793, 10.8731 ], [ 92.4816, 10.8826 ], [ 92.4862, 10.883 ], [ 92.4874, 10.8898 ], [ 92.4965, 10.8971 ], [ 92.5042, 10.8935 ], [ 92.5069, 10.8808 ], [ 92.5021, 10.882 ], [ 92.5066, 10.88 ], [ 92.5077, 10.8811 ], [ 92.5111, 10.8787 ], [ 92.511, 10.8718 ], [ 92.5024, 10.8738 ], [ 92.4914, 10.8715 ], [ 92.4901, 10.86 ], [ 92.4861, 10.8622 ], [ 92.4768, 10.8618 ], [ 92.4802, 10.8605 ], [ 92.4833, 10.8605 ], [ 92.4859, 10.8618 ], [ 92.4878, 10.8596 ], [ 92.4906, 10.8596 ], [ 92.4959, 10.8707 ], [ 92.5003, 10.8632 ], [ 92.508, 10.8628 ], [ 92.5069, 10.8639 ], [ 92.5005, 10.8638 ], [ 92.5012, 10.8673 ], [ 92.498, 10.8712 ], [ 92.5029, 10.8733 ], [ 92.5105, 10.8699 ], [ 92.5135, 10.8756 ], [ 92.513, 10.8789 ], [ 92.5171, 10.875 ], [ 92.5179, 10.8774 ], [ 92.5151, 10.8798 ], [ 92.511, 10.8806 ], [ 92.515, 10.8879 ], [ 92.5087, 10.8821 ], [ 92.503, 10.8977 ], [ 92.5184, 10.9008 ], [ 92.5329, 10.8909 ], [ 92.5281, 10.8849 ], [ 92.5314, 10.8763 ], [ 92.5281, 10.8707 ], [ 92.5295, 10.8671 ], [ 92.5372, 10.8663 ], [ 92.542, 10.8589 ], [ 92.5426, 10.8599 ], [ 92.5423, 10.861 ], [ 92.5391, 10.8638 ], [ 92.5411, 10.8673 ], [ 92.5396, 10.865 ], [ 92.5368, 10.8673 ], [ 92.5299, 10.8689 ], [ 92.5348, 10.8762 ], [ 92.5293, 10.8847 ], [ 92.533, 10.887 ], [ 92.5338, 10.89 ], [ 92.562, 10.8636 ], [ 92.5593, 10.8459 ], [ 92.566, 10.8295 ], [ 92.5639, 10.8186 ], [ 92.5591, 10.8155 ], [ 92.5601, 10.8153 ], [ 92.5637, 10.8161 ], [ 92.5674, 10.8103 ], [ 92.5612, 10.8054 ], [ 92.5588, 10.8092 ], [ 92.5596, 10.7992 ] ], [ [ 92.5585, 10.8098 ], [ 92.5528, 10.8088 ], [ 92.5509, 10.807 ], [ 92.5483, 10.8095 ], [ 92.5521, 10.8032 ], [ 92.5528, 10.8052 ], [ 92.5524, 10.8079 ], [ 92.5588, 10.8092 ], [ 92.5585, 10.8098 ] ] ], [ [ [ 92.6238, 10.9222 ], [ 92.6208, 10.9247 ], [ 92.6245, 10.9233 ], [ 92.6238, 10.9222 ] ] ], [ [ [ 92.6135, 10.926 ], [ 92.602, 10.9363 ], [ 92.6085, 10.9396 ], [ 92.6216, 10.9277 ], [ 92.6135, 10.926 ] ] ], [ [ [ 92.6061, 10.9402 ], [ 92.6011, 10.9411 ], [ 92.6062, 10.9406 ], [ 92.6061, 10.9402 ] ] ], [ [ [ 92.6072, 10.9422 ], [ 92.608, 10.9426 ], [ 92.6078, 10.9418 ], [ 92.6072, 10.9422 ] ] ], [ [ [ 92.6059, 10.9432 ], [ 92.6065, 10.9431 ], [ 92.6061, 10.9423 ], [ 92.6059, 10.9432 ] ] ], [ [ [ 92.5963, 10.945 ], [ 92.5993, 10.942 ], [ 92.596, 10.9442 ], [ 92.5963, 10.945 ] ] ], [ [ [ 92.6056, 10.9451 ], [ 92.6033, 10.9455 ], [ 92.6056, 10.9456 ], [ 92.6056, 10.9451 ] ] ], [ [ [ 92.6002, 10.9517 ], [ 92.6008, 10.9516 ], [ 92.5997, 10.9514 ], [ 92.6002, 10.9517 ] ] ], [ [ [ 92.2259, 10.9847 ], [ 92.2254, 10.9803 ], [ 92.215, 10.9723 ], [ 92.2082, 10.9798 ], [ 92.2192, 10.9858 ], [ 92.2259, 10.9847 ] ] ], [ [ [ 92.6587, 10.9813 ], [ 92.6597, 10.9925 ], [ 92.6665, 10.9927 ], [ 92.6678, 10.9847 ], [ 92.6587, 10.9813 ] ] ] ] } },
{ "type": "Feature", "properties": { "unit_id": "IND.1.1.1_1", "name": "Campbell Bay", "district": "Nicobar", "did": "andaman_nicobar:Nicobar", "state_key": "andaman_nicobar" }, "geometry": { "type": "MultiPolygon", "coordinates": [ [ [ [ 93.9497, 6.9359 ], [ 93.9506, 6.9349 ], [ 93.9493, 6.935 ], [ 93.9497, 6.9359 ] ] ], [ [ [ 93.7075, 7.2068 ], [ 93.7006, 7.2091 ], [ 93.6956, 7.2277 ], [ 93.6984, 7.2318 ], [ 93.7102, 7.214 ], [ 93.7075, 7.2068 ] ] ], [ [ [ 93.6573, 7.1181 ], [ 93.6533, 7.1115 ], [ 93.6484, 7.1107 ], [ 93.6432, 7.1273 ], [ 93.6446, 7.1309 ], [ 93.6542, 7.1319 ], [ 93.657, 7.1409 ], [ 93.6628, 7.1389 ], [ 93.665, 7.142 ], [ 93.6653, 7.1582 ], [ 93.669, 7.158 ], [ 93.6637, 7.1606 ], [ 93.6608, 7.1774 ], [ 93.6726, 7.185 ], [ 93.6763, 7.193 ], [ 93.682, 7.1946 ], [ 93.6894, 7.1905 ], [ 93.6912, 7.1932 ], [ 93.7012, 7.1939 ], [ 93.7081, 7.1891 ], [ 93.7222, 7.189 ], [ 93.741, 7.2062 ], [ 93.7434, 7.2012 ], [ 93.7398, 7.2018 ], [ 93.7376, 7.2002 ], [ 93.7392, 7.1939 ], [ 93.7393, 7.1967 ], [ 93.738, 7.2003 ], [ 93.7436, 7.1995 ], [ 93.7451, 7.2012 ], [ 93.74, 7.2087 ], [ 93.7493, 7.2159 ], [ 93.7553, 7.2152 ], [ 93.7541, 7.2111 ], [ 93.7619, 7.2084 ], [ 93.7661, 7.2109 ], [ 93.769, 7.209 ], [ 93.769, 7.211 ], [ 93.7658, 7.2137 ], [ 93.7824, 7.2157 ], [ 93.7921, 7.2083 ], [ 93.7933, 7.2215 ], [ 93.7974, 7.2237 ], [ 93.7939, 7.2285 ], [ 93.7962, 7.2354 ], [ 93.8031, 7.2339 ], [ 93.8088, 7.2383 ], [ 93.8264, 7.2401 ], [ 93.8267, 7.2427 ], [ 93.8349, 7.2403 ], [ 93.8374, 7.2447 ], [ 93.838, 7.2337 ], [ 93.8326, 7.2275 ], [ 93.8371, 7.2181 ], [ 93.8412, 7.2156 ], [ 93.8569, 7.2184 ], [ 93.8651, 7.205 ], [ 93.8699, 7.2047 ], [ 93.8719, 7.1859 ], [ 93.8687, 7.1756 ], [ 93.8745, 7.1687 ], [ 93.8761, 7.1322 ], [ 93.8828, 7.1279 ], [ 93.8776, 7.1087 ], [ 93.881, 7.0897 ], [ 93.8897, 7.0814 ], [ 93.9018, 7.0815 ], [ 93.8987, 7.0796 ], [ 93.903, 7.0646 ], [ 93.9133, 7.049 ], [ 93.9083, 7.0393 ], [ 93.9124, 7.0251 ], [ 93.9161, 7.0237 ], [ 93.9243, 7.0286 ], [ 93.9343, 7.0117 ], [ 93.9428, 7.0093 ], [ 93.9446, 7.0014 ], [ 93.9414, 6.9928 ], [ 93.9334, 6.9889 ], [ 93.9234, 7.0095 ], [ 93.9136, 7.0061 ], [ 93.9099, 6.9993 ], [ 93.9103, 6.9928 ], [ 93.9148, 6.9931 ], [ 93.9234, 6.987 ], [ 93.9246, 6.972 ], [ 93.9289, 6.971 ], [ 93.9309, 6.9628 ], [ 93.9399, 6.9589 ], [ 93.9414, 6.9543 ], [ 93.9332, 6.948 ], [ 93.9241, 6.9537 ], [ 93.9154, 6.9473 ], [ 93.9146, 6.9299 ], [ 93.9062, 6.9307 ], [ 93.9038, 6.9273 ], [ 93.9098, 6.9216 ], [ 93.9097, 6.9106 ], [ 93.9029, 6.9033 ], [ 93.8958, 6.9058 ], [ 93.8915, 6.9012 ], [ 93.8966, 6.8752 ], [ 93.8885, 6.8647 ], [ 93.889, 6.8478 ], [ 93.9053, 6.8348 ], [ 93.9003, 6.8209 ], [ 93.8964, 6.8198 ], [ 93.8977, 6.8135 ], [ 93.8923, 6.8034 ], [ 93.8846, 6.8038 ], [ 93.8823, 6.7943 ], [ 93.876, 6.7932 ], [ 93.8743, 6.8013 ], [ 93.8624, 6.8135 ], [ 93.847, 6.8113 ], [ 93.8549, 6.82 ], [ 93.8552, 6.8262 ], [ 93.8551, 6.8278 ], [ 93.8505, 6.8333 ], [ 93.8472, 6.835 ], [ 93.8467, 6.8307 ], [ 93.8483, 6.8309 ], [ 93.8503, 6.833 ], [ 93.8515, 6.8299 ], [ 93.8547, 6.8278 ], [ 93.8538, 6.8236 ], [ 93.8547, 6.8209 ], [ 93.8467, 6.8144 ], [ 93.8438, 6.8077 ], [ 93.842, 6.7785 ], [ 93.8347, 6.7695 ], [ 93.8314, 6.7547 ], [ 93.8225, 6.7528 ], [ 93.8075, 6.7573 ], [ 93.7992, 6.7662 ], [ 93.8016, 6.7733 ], [ 93.8082, 6.7779 ], [ 93.8004, 6.7857 ], [ 93.8065, 6.7914 ], [ 93.8014, 6.7959 ], [ 93.8022, 6.805 ], [ 93.8099, 6.812 ], [ 93.8066, 6.8145 ], [ 93.7999, 6.8076 ], [ 93.7955, 6.8095 ], [ 93.7778, 6.8322 ], [ 93.7856, 6.8469 ], [ 93.7766, 6.8431 ], [ 93.7787, 6.8509 ], [ 93.7823, 6.8519 ], [ 93.7754, 6.8516 ], [ 93.7626, 6.8629 ], [ 93.763, 6.8674 ], [ 93.7672, 6.8682 ], [ 93.7624, 6.8766 ], [ 93.7769, 6.8805 ], [ 93.7671, 6.8811 ], [ 93.7637, 6.8845 ], [ 93.7705, 6.8879 ], [ 93.7574, 6.8955 ], [ 93.7596, 6.9005 ], [ 93.7539, 6.9069 ], [ 93.757, 6.9115 ], [ 93.7507, 6.9119 ], [ 93.7442, 6.905 ], [ 93.7317, 6.9219 ], [ 93.7327, 6.9297 ], [ 93.7419, 6.9305 ], [ 93.7392, 6.9356 ], [ 93.7432, 6.9382 ], [ 93.7388, 6.9414 ], [ 93.7429, 6.9453 ], [ 93.7376, 6.9512 ], [ 93.741, 6.9563 ], [ 93.7373, 6.9627 ], [ 93.7299, 6.9574 ], [ 93.7263, 6.9588 ], [ 93.7272, 6.9661 ], [ 93.7224, 6.9697 ], [ 93.7252, 6.9773 ], [ 93.7156, 6.9895 ], [ 93.7198, 6.9908 ], [ 93.7251, 6.9822 ], [ 93.7312, 6.9754 ], [ 93.7328, 6.9747 ], [ 93.7338, 6.975 ], [ 93.7369, 6.9769 ], [ 93.7332, 6.9788 ], [ 93.7357, 6.9899 ], [ 93.7384, 6.989 ], [ 93.739, 6.9898 ], [ 93.7382, 6.9942 ], [ 93.7331, 6.9955 ], [ 93.7376, 7.0 ], [ 93.7342, 6.9987 ], [ 93.7329, 6.9958 ], [ 93.7328, 6.9946 ], [ 93.7334, 6.9936 ], [ 93.7377, 6.9941 ], [ 93.738, 6.993 ], [ 93.7361, 6.993 ], [ 93.7358, 6.9914 ], [ 93.7365, 6.9906 ], [ 93.7385, 6.9897 ], [ 93.7361, 6.9904 ], [ 93.7353, 6.9899 ], [ 93.733, 6.9809 ], [ 93.7329, 6.9787 ], [ 93.7338, 6.9776 ], [ 93.7365, 6.9768 ], [ 93.7331, 6.975 ], [ 93.7175, 6.995 ], [ 93.7096, 6.9969 ], [ 93.7172, 6.9943 ], [ 93.7149, 6.9901 ], [ 93.7074, 6.9938 ], [ 93.7003, 6.9902 ], [ 93.696, 6.992 ], [ 93.698, 7.0027 ], [ 93.6931, 7.0096 ], [ 93.6987, 7.0097 ], [ 93.7013, 7.0104 ], [ 93.7032, 7.0118 ], [ 93.6982, 7.0185 ], [ 93.7007, 7.0231 ], [ 93.7001, 7.0254 ], [ 93.6953, 7.0229 ], [ 93.7002, 7.0247 ], [ 93.6979, 7.0186 ], [ 93.7018, 7.011 ], [ 93.6929, 7.0099 ], [ 93.676, 7.0175 ], [ 93.6703, 7.0157 ], [ 93.666, 7.0022 ], [ 93.6591, 7.0021 ], [ 93.655, 7.0055 ], [ 93.6632, 7.0128 ], [ 93.6634, 7.0177 ], [ 93.6596, 7.0187 ], [ 93.667, 7.0226 ], [ 93.6598, 7.0271 ], [ 93.6648, 7.0342 ], [ 93.656, 7.0467 ], [ 93.6601, 7.0655 ], [ 93.6524, 7.0671 ], [ 93.6603, 7.0816 ], [ 93.6569, 7.0857 ], [ 93.6492, 7.0856 ], [ 93.6444, 7.1007 ], [ 93.648, 7.1053 ], [ 93.6559, 7.1039 ], [ 93.658, 7.1088 ], [ 93.6543, 7.1091 ], [ 93.662, 7.1094 ], [ 93.6648, 7.1112 ], [ 93.6573, 7.1181 ] ] ], [ [ [ 93.7875, 7.2432 ], [ 93.7976, 7.2489 ], [ 93.7996, 7.2458 ], [ 93.7905, 7.241 ], [ 93.7875, 7.2432 ] ] ], [ [ [ 93.8333, 7.29 ], [ 93.8377, 7.2916 ], [ 93.8378, 7.2901 ], [ 93.835, 7.2873 ], [ 93.8333, 7.29 ] ] ], [ [ [ 93.6195, 7.3252 ], [ 93.6169, 7.3306 ], [ 93.623, 7.3278 ], [ 93.6195, 7.3252 ] ] ], [ [ [ 93.6752, 7.3971 ], [ 93.6726, 7.3988 ], [ 93.6698, 7.4078 ], [ 93.6742, 7.4121 ], [ 93.6804, 7.4116 ], [ 93.6838, 7.4 ], [ 93.6752, 7.3971 ] ] ], [ [ [ 93.76, 7.4008 ], [ 93.7569, 7.396 ], [ 93.7502, 7.3985 ], [ 93.7564, 7.4055 ], [ 93.76, 7.4008 ] ] ], [ [ [ 93.7088, 7.4312 ], [ 93.7097, 7.4051 ], [ 93.7145, 7.3981 ], [ 93.733, 7.3845 ], [ 93.7363, 7.386 ], [ 93.7441, 7.3767 ], [ 93.7438, 7.3614 ], [ 93.7371, 7.3584 ], [ 93.7374, 7.3542 ], [ 93.7296, 7.3475 ], [ 93.7136, 7.3114 ], [ 93.7067, 7.3066 ], [ 93.6954, 7.3054 ], [ 93.6875, 7.2961 ], [ 93.6687, 7.2864 ], [ 93.6576, 7.258 ], [ 93.6452, 7.246 ], [ 93.6366, 7.2426 ], [ 93.6168, 7.2658 ], [ 93.6218, 7.2769 ], [ 93.6171, 7.2804 ], [ 93.622, 7.2874 ], [ 93.6148, 7.3048 ], [ 93.6071, 7.3105 ], [ 93.6233, 7.3228 ], [ 93.6241, 7.3333 ], [ 93.6198, 7.3389 ], [ 93.6183, 7.3545 ], [ 93.6194, 7.3743 ], [ 93.6283, 7.3767 ], [ 93.6378, 7.3708 ], [ 93.6484, 7.3837 ], [ 93.6549, 7.3852 ], [ 93.6576, 7.3834 ], [ 93.6574, 7.3751 ], [ 93.6596, 7.3721 ], [ 93.6563, 7.366 ], [ 93.6622, 7.3698 ], [ 93.6582, 7.3759 ], [ 93.6682, 7.379 ], [ 93.6703, 7.3912 ], [ 93.6865, 7.3967 ], [ 93.7018, 7.3936 ], [ 93.7006, 7.4002 ], [ 93.6916, 7.4007 ], [ 93.6899, 7.4042 ], [ 93.6964, 7.4197 ], [ 93.6918, 7.4444 ], [ 93.6995, 7.4474 ], [ 93.7088, 7.4312 ] ] ] ] } }
]
}
