{
"type": "FeatureCollection",
"crs": { "type": "name", "properties": { "name": "urn:ogc:def:crs:OGC:1.3:CRS84" } },
"xy_coordinate_resolution": 0.0001,
"features": [
{ "type": "Feature", "properties": { "unit_id": "IND.32.5.10_1", "name": "Maganur", "district": "Narayanpet", "did": "telangana:Narayanpet", "state_key": "telangana" }, "geometry": { "type": "Polygon", "coordinates": [ [ [ 77.269, 16.4305 ], [ 77.2621, 16.4518 ], [ 77.2358, 16.4728 ], [ 77.2458, 16.4777 ], [ 77.265, 16.4725 ], [ 77.294, 16.4767 ], [ 77.2987, 16.4962 ], [ 77.3203, 16.4922 ], [ 77.3236, 16.4868 ], [ 77.3296, 16.4859 ], [ 77.3444, 16.4869 ], [ 77.3514, 16.4911 ], [ 77.369, 16.4887 ], [ 77.3701, 16.5046 ], [ 77.3778, 16.5137 ], [ 77.4022, 16.5215 ], [ 77.4169, 16.5173 ], [ 77.4191, 16.5224 ], [ 77.419, 16.5489 ], [ 77.4038, 16.5512 ], [ 77.3975, 16.5648 ], [ 77.3926, 16.564 ], [ 77.3929, 16.57 ], [ 77.4, 16.5675 ], [ 77.4056, 16.5719 ], [ 77.4215, 16.5682 ], [ 77.4397, 16.5871 ], [ 77.4615, 16.5851 ], [ 77.4659, 16.561 ], [ 77.4865, 16.5592 ], [ 77.4929, 16.5483 ], [ 77.4855, 16.5393 ], [ 77.4769, 16.5389 ], [ 77.451, 16.4841 ], [ 77.4855, 16.4697 ], [ 77.5009, 16.4727 ], [ 77.5042, 16.4545 ], [ 77.4991, 16.4382 ], [ 77.5043, 16.4342 ], [ 77.5375, 16.4284 ], [ 77.5241, 16.3753 ], [ 77.5144, 16.375 ], [ 77.4893, 16.385 ], [ 77.4416, 16.3809 ], [ 77.4259, 16.3676 ], [ 77.4126, 16.3672 ], [ 77.3787, 16.3854 ], [ 77.3497, 16.3836 ], [ 77.3334, 16.3954 ], [ 77.3139, 16.398 ], [ 77.2882, 16.4087 ], [ 77.269, 16.4305 ] ] ] } },
{ "type": "Feature", "properties": { "unit_id": "IND.32.5.10_1", "name": "Utkur", "district": "Narayanpet", "did": "telangana:Narayanpet", "state_key": "telangana" }, "geometry": { "type": "Polygon", "coordinates": [ [ [ 77.4659, 16.7611 ], [ 77.4766, 16.732 ], [ 77.485, 16.7283 ], [ 77.4846, 16.7256 ], [ 77.4987, 16.7222 ], [ 77.4987, 16.7246 ], [ 77.5094, 16.7263 ], [ 77.5185, 16.7394 ], [ 77.5217, 16.732 ], [ 77.5198, 16.7145 ], [ 77.535, 16.6994 ], [ 77.5609, 16.7072 ], [ 77.5687, 16.7194 ], [ 77.5796, 16.715 ], [ 77.5814, 16.7096 ], [ 77.5719, 16.6986 ], [ 77.5709, 16.6853 ], [ 77.5821, 16.6799 ], [ 77.5915, 16.6832 ], [ 77.5967, 16.6964 ], [ 77.6063, 16.6922 ], [ 77.6034, 16.6724 ], [ 77.6166, 16.6529 ], [ 77.6295, 16.6448 ], [ 77.6349, 16.6217 ], [ 77.6146, 16.5993 ], [ 77.61, 16.5875 ], [ 77.5866, 16.5753 ], [ 77.5752, 16.5616 ], [ 77.5714, 16.5468 ], [ 77.5568, 16.5477 ], [ 77.547, 16.5441 ], [ 77.5347, 16.5472 ], [ 77.5355, 16.5686 ], [ 77.5143, 16.5746 ], [ 77.5086, 16.5693 ], [ 77.4988, 16.5718 ], [ 77.4987, 16.5668 ], [ 77.4913, 16.5735 ], [ 77.4911, 16.5824 ], [ 77.4619, 16.5853 ], [ 77.4678, 16.6098 ], [ 77.4582, 16.6107 ], [ 77.4536, 16.6167 ], [ 77.4761, 16.6501 ], [ 77.4624, 16.6543 ], [ 77.4444, 16.6391 ], [ 77.4343, 16.6414 ], [ 77.4386, 16.6453 ], [ 77.4297, 16.6562 ], [ 77.419, 16.6584 ], [ 77.4189, 16.6686 ], [ 77.4426, 16.6698 ], [ 77.4477, 16.6793 ], [ 77.4639, 16.6763 ], [ 77.4698, 16.687 ], [ 77.474, 16.7166 ], [ 77.4638, 16.7192 ], [ 77.4578, 16.7159 ], [ 77.4472, 16.7207 ], [ 77.4385, 16.7117 ], [ 77.4328, 16.7173 ], [ 77.4277, 16.7166 ], [ 77.426, 16.7211 ], [ 77.431, 16.7231 ], [ 77.427, 16.7289 ], [ 77.4431, 16.7625 ], [ 77.4379, 16.7747 ], [ 77.4395, 16.7891 ], [ 77.4633, 16.781 ], [ 77.4659, 16.7611 ] ] ] } },
{ "type": "Feature", "properties": { "unit_id": "IND.32.5.10_1", "name": "Dhanwada", "district": "Narayanpet", "did": "telangana:Narayanpet", "state_key": "telangana" }, "geometry": { "type": "Polygon", "coordinates": [ [ [ 77.7452, 16.7395 ], [ 77.7534, 16.7238 ], [ 77.7492, 16.6934 ], [ 77.7646, 16.6882 ], [ 77.7735, 16.6547 ], [ 77.797, 16.6331 ], [ 77.7989, 16.6163 ], [ 77.7812, 16.6157 ], [ 77.7875, 16.5744 ], [ 77.7784, 16.5652 ], [ 77.7459, 16.5656 ], [ 77.725, 16.5798 ], [ 77.7223, 16.577 ], [ 77.7145, 16.5778 ], [ 77.6964, 16.5903 ], [ 77.6869, 16.5796 ], [ 77.6564, 16.5607 ], [ 77.6581, 16.5682 ], [ 77.6479, 16.5837 ], [ 77.6135, 16.5961 ], [ 77.6349, 16.6217 ], [ 77.6276, 16.6478 ], [ 77.6431, 16.6526 ], [ 77.6471, 16.6493 ], [ 77.6517, 16.6509 ], [ 77.6597, 16.6682 ], [ 77.6559, 16.6747 ], [ 77.661, 16.6861 ], [ 77.6583, 16.6893 ], [ 77.6706, 16.6971 ], [ 77.6705, 16.704 ], [ 77.6889, 16.7209 ], [ 77.6968, 16.7483 ], [ 77.7266, 16.7514 ], [ 77.7452, 16.7395 ] ] ] } },
{ "type": "Feature", "properties": { "unit_id": "IND.32.5.3_1", "name": "Narva", "district": "Narayanpet", "did": "telangana:Narayanpet", "state_key": "telangana" }, "geometry": { "type": "Polygon", "coordinates": [ [ [ 77.7223, 16.577 ], [ 77.725, 16.5798 ], [ 77.7397, 16.5677 ], [ 77.7496, 16.5665 ], [ 77.7497, 16.5501 ], [ 77.7645, 16.526 ], [ 77.7625, 16.5032 ], [ 77.7684, 16.4848 ], [ 77.768, 16.4797 ], [ 77.7594, 16.4803 ], [ 77.7555, 16.4735 ], [ 77.7487, 16.4741 ], [ 77.7394, 16.4663 ], [ 77.7504, 16.4338 ], [ 77.7455, 16.4187 ], [ 77.7506, 16.3973 ], [ 77.7449, 16.3768 ], [ 77.7338, 16.3697 ], [ 77.7393, 16.3655 ], [ 77.7183, 16.3674 ], [ 77.7156, 16.3343 ], [ 77.6924, 16.3431 ], [ 77.6775, 16.3605 ], [ 77.6647, 16.3637 ], [ 77.6657, 16.381 ], [ 77.6764, 16.392 ], [ 77.6672, 16.3964 ], [ 77.6492, 16.3968 ], [ 77.6504, 16.4275 ], [ 77.6268, 16.4257 ], [ 77.6247, 16.4161 ], [ 77.6196, 16.4157 ], [ 77.5823, 16.4161 ], [ 77.5791, 16.4262 ], [ 77.5791, 16.4327 ], [ 77.5846, 16.4372 ], [ 77.6025, 16.4379 ], [ 77.621, 16.4467 ], [ 77.6218, 16.4597 ], [ 77.6007, 16.4602 ], [ 77.6009, 16.4835 ], [ 77.605, 16.5007 ], [ 77.6209, 16.5008 ], [ 77.6246, 16.5042 ], [ 77.624, 16.5133 ], [ 77.6302, 16.5209 ], [ 77.6278, 16.5275 ], [ 77.6329, 16.5369 ], [ 77.6533, 16.5474 ], [ 77.6564, 16.5607 ], [ 77.6869, 16.5796 ], [ 77.6964, 16.5903 ], [ 77.7115, 16.58 ], [ 77.7223, 16.577 ] ] ] } },
{ "type": "Feature", "properties": { "unit_id": "IND.32.5.10_1", "name": "Makthal", "district": "Narayanpet", "did": "telangana:Narayanpet", "state_key": "telangana" }, "geometry": { "type": "Polygon", "coordinates": [ [ [ 77.6533, 16.5474 ], [ 77.6302, 16.5328 ], [ 77.6243, 16.5038 ], [ 77.6209, 16.5008 ], [ 77.605, 16.5007 ], [ 77.6007, 16.4602 ], [ 77.6218, 16.4597 ], [ 77.621, 16.4467 ], [ 77.6025, 16.4379 ], [ 77.5846, 16.4372 ], [ 77.5791, 16.4327 ], [ 77.5791, 16.4262 ], [ 77.5823, 16.4161 ], [ 77.6196, 16.4157 ], [ 77.6247, 16.4161 ], [ 77.6268, 16.4257 ], [ 77.6504, 16.4275 ], [ 77.6492, 16.3968 ], [ 77.6718, 16.3955 ], [ 77.6762, 16.391 ], [ 77.6657, 16.381 ], [ 77.6667, 16.366 ], [ 77.6603, 16.3608 ], [ 77.6389, 16.3631 ], [ 77.6008, 16.343 ], [ 77.5734, 16.3407 ], [ 77.5388, 16.3582 ], [ 77.5241, 16.3753 ], [ 77.5375, 16.4284 ], [ 77.5043, 16.4342 ], [ 77.4991, 16.4382 ], [ 77.5042, 16.4545 ], [ 77.5009, 16.4727 ], [ 77.4855, 16.4697 ], [ 77.451, 16.4841 ], [ 77.4769, 16.5389 ], [ 77.4855, 16.5393 ], [ 77.4929, 16.5483 ], [ 77.4865, 16.5592 ], [ 77.4659, 16.561 ], [ 77.4615, 16.5851 ], [ 77.4911, 16.5824 ], [ 77.4913, 16.5735 ], [ 77.4987, 16.5668 ], [ 77.4988, 16.5718 ], [ 77.5086, 16.5693 ], [ 77.5143, 16.5746 ], [ 77.5355, 16.5686 ], [ 77.5343, 16.5476 ], [ 77.547, 16.5441 ], [ 77.5568, 16.5477 ], [ 77.5714, 16.5468 ], [ 77.5752, 16.5616 ], [ 77.5866, 16.5753 ], [ 77.61, 16.5875 ], [ 77.614, 16.5953 ], [ 77.647, 16.5844 ], [ 77.6581, 16.5682 ], [ 77.6533, 16.5474 ] ] ] } },
{ "type": "Feature", "properties": { "unit_id": "IND.32.5.5_1", "name": "Gadwal", "district": "Jogulamba Gadwal", "did": "telangana:Jogulamba Gadwal", "state_key": "telangana" }, "geometry": { "type": "Polygon", "coordinates": [ [ [ 77.8012, 16.2396 ], [ 77.8074, 16.2429 ], [ 77.8118, 16.2384 ], [ 77.8064, 16.2206 ], [ 77.8008, 16.2244 ], [ 77.789, 16.2243 ], [ 77.7871, 16.2303 ], [ 77.7798, 16.2346 ], [ 77.7832, 16.2453 ], [ 77.8018, 16.2477 ], [ 77.8012, 16.2396 ] ] ] } },
{ "type": "Feature", "properties": { "unit_id": "IND.32.5.3_1", "name": "Atmakur", "district": "Wanaparthy", "did": "telangana:Wanaparthy", "state_key": "telangana" }, "geometry": { "type": "Polygon", "coordinates": [ [ [ 77.7913, 16.4092 ], [ 77.8022, 16.3976 ], [ 77.8171, 16.3914 ], [ 77.8318, 16.3971 ], [ 77.8401, 16.395 ], [ 77.855, 16.3719 ], [ 77.8627, 16.3718 ], [ 77.8633, 16.3622 ], [ 77.8478, 16.3588 ], [ 77.8436, 16.3327 ], [ 77.863, 16.3232 ], [ 77.8872, 16.2939 ], [ 77.9089, 16.2561 ], [ 77.9253, 16.2007 ], [ 77.9084, 16.2159 ], [ 77.8432, 16.258 ], [ 77.8037, 16.2887 ], [ 77.7287, 16.3317 ], [ 77.7156, 16.3343 ], [ 77.7183, 16.3674 ], [ 77.7393, 16.3655 ], [ 77.7338, 16.3697 ], [ 77.7449, 16.3768 ], [ 77.7487, 16.3911 ], [ 77.7492, 16.3879 ], [ 77.7618, 16.3939 ], [ 77.7542, 16.4213 ], [ 77.7934, 16.4219 ], [ 77.7913, 16.4092 ] ] ] } },
{ "type": "Feature", "properties": { "unit_id": "IND.32.5.12_1", "name": "Peddamandadi", "district": "Wanaparthy", "did": "telangana:Wanaparthy", "state_key": "telangana" }, "geometry": { "type": "Polygon", "coordinates": [ [ [ 77.934, 16.5217 ], [ 77.9288, 16.5064 ], [ 77.9217, 16.4994 ], [ 77.9232, 16.4928 ], [ 77.9187, 16.4881 ], [ 77.9211, 16.4839 ], [ 77.931, 16.482 ], [ 77.9412, 16.5003 ], [ 77.9676, 16.5005 ], [ 77.9681, 16.5039 ], [ 77.9824, 16.5025 ], [ 77.9967, 16.4956 ], [ 78.0041, 16.4962 ], [ 78.0174, 16.4829 ], [ 78.0399, 16.4747 ], [ 78.0435, 16.4859 ], [ 78.051, 16.4904 ], [ 78.086, 16.485 ], [ 78.0872, 16.4505 ], [ 78.0841, 16.4458 ], [ 78.0784, 16.4475 ], [ 78.0707, 16.4444 ], [ 78.0788, 16.4368 ], [ 78.0749, 16.4217 ], [ 78.0778, 16.4102 ], [ 78.0553, 16.4154 ], [ 78.0458, 16.4106 ], [ 78.0348, 16.4017 ], [ 78.0365, 16.3781 ], [ 78.0294, 16.3764 ], [ 78.0197, 16.3657 ], [ 77.9996, 16.3638 ], [ 77.9974, 16.3737 ], [ 77.9739, 16.3754 ], [ 77.9861, 16.4001 ], [ 77.9842, 16.4253 ], [ 77.9699, 16.4274 ], [ 77.9607, 16.4434 ], [ 77.9411, 16.4528 ], [ 77.9252, 16.441 ], [ 77.9167, 16.439 ], [ 77.9241, 16.4528 ], [ 77.9205, 16.4635 ], [ 77.9152, 16.4656 ], [ 77.9069, 16.4635 ], [ 77.8911, 16.4748 ], [ 77.8973, 16.5024 ], [ 77.8901, 16.5161 ], [ 77.8942, 16.5258 ], [ 77.8979, 16.5281 ], [ 77.924, 16.5208 ], [ 77.934, 16.5217 ] ] ] } },
{ "type": "Feature", "properties": { "unit_id": "IND.32.5.12_1", "name": "Kottakota", "district": "Wanaparthy", "did": "telangana:Wanaparthy", "state_key": "telangana" }, "geometry": { "type": "Polygon", "coordinates": [ [ [ 77.969, 16.4279 ], [ 77.9845, 16.4248 ], [ 77.9861, 16.4001 ], [ 77.974, 16.3763 ], [ 77.9716, 16.3604 ], [ 77.9967, 16.3534 ], [ 77.9842, 16.3374 ], [ 77.9541, 16.3193 ], [ 77.9591, 16.2888 ], [ 77.9665, 16.2791 ], [ 77.9804, 16.2708 ], [ 77.9654, 16.26 ], [ 77.9605, 16.2476 ], [ 77.9528, 16.2415 ], [ 77.9215, 16.2444 ], [ 77.914, 16.2401 ], [ 77.9045, 16.2651 ], [ 77.8861, 16.2954 ], [ 77.863, 16.3232 ], [ 77.8436, 16.3327 ], [ 77.8485, 16.3601 ], [ 77.8633, 16.3622 ], [ 77.8627, 16.3845 ], [ 77.87, 16.4213 ], [ 77.8635, 16.4364 ], [ 77.8638, 16.4465 ], [ 77.8959, 16.4511 ], [ 77.9027, 16.4444 ], [ 77.9164, 16.4424 ], [ 77.9167, 16.439 ], [ 77.9252, 16.441 ], [ 77.9411, 16.4528 ], [ 77.9541, 16.4485 ], [ 77.962, 16.4418 ], [ 77.969, 16.4279 ] ] ] } },
{ "type": "Feature", "properties": { "unit_id": "IND.32.5.11_1", "name": "Gopalpeta", "district": "Wanaparthy", "did": "telangana:Wanaparthy", "state_key": "telangana" }, "geometry": { "type": "Polygon", "coordinates": [ [ [ 78.2008, 16.4472 ], [ 78.2014, 16.4092 ], [ 78.2222, 16.4123 ], [ 78.2332, 16.4184 ], [ 78.2468, 16.4155 ], [ 78.2641, 16.4009 ], [ 78.274, 16.3995 ], [ 78.2775, 16.4035 ], [ 78.2815, 16.3999 ], [ 78.2883, 16.4002 ], [ 78.2966, 16.3927 ], [ 78.3096, 16.3883 ], [ 78.3142, 16.3815 ], [ 78.315, 16.3693 ], [ 78.3086, 16.3484 ], [ 78.3035, 16.3501 ], [ 78.3015, 16.3476 ], [ 78.2973, 16.3338 ], [ 78.2909, 16.332 ], [ 78.2928, 16.326 ], [ 78.2637, 16.3328 ], [ 78.2543, 16.2882 ], [ 78.2438, 16.2958 ], [ 78.2212, 16.3036 ], [ 78.2178, 16.3198 ], [ 78.1898, 16.3219 ], [ 78.1739, 16.336 ], [ 78.1585, 16.3407 ], [ 78.1479, 16.3397 ], [ 78.1363, 16.3353 ], [ 78.135, 16.3282 ], [ 78.1017, 16.3367 ], [ 78.1111, 16.3689 ], [ 78.1099, 16.3718 ], [ 78.0962, 16.3738 ], [ 78.0869, 16.3826 ], [ 78.0937, 16.402 ], [ 78.1028, 16.402 ], [ 78.1084, 16.4094 ], [ 78.1087, 16.4209 ], [ 78.1282, 16.4325 ], [ 78.1387, 16.4454 ], [ 78.1396, 16.4613 ], [ 78.1558, 16.4539 ], [ 78.2008, 16.4472 ] ] ] } },
{ "type": "Feature", "properties": { "unit_id": "IND.32.5.12_1", "name": "Wanaparthy", "district": "Wanaparthy", "did": "telangana:Wanaparthy", "state_key": "telangana" }, "geometry": { "type": "Polygon", "coordinates": [ [ [ 78.1407, 16.4543 ], [ 78.1392, 16.4462 ], [ 78.1282, 16.4325 ], [ 78.1087, 16.4209 ], [ 78.1084, 16.4094 ], [ 78.1026, 16.4018 ], [ 78.0941, 16.4028 ], [ 78.0869, 16.3826 ], [ 78.0962, 16.3738 ], [ 78.1099, 16.3718 ], [ 78.1111, 16.3689 ], [ 78.1017, 16.3367 ], [ 78.1338, 16.3282 ], [ 78.1338, 16.3189 ], [ 78.1168, 16.3097 ], [ 78.1013, 16.3109 ], [ 78.086, 16.2974 ], [ 78.0731, 16.2635 ], [ 78.0657, 16.2632 ], [ 78.0415, 16.276 ], [ 78.0288, 16.2594 ], [ 78.013, 16.2585 ], [ 78.0085, 16.254 ], [ 77.9956, 16.2598 ], [ 77.9946, 16.2659 ], [ 77.9665, 16.2791 ], [ 77.9562, 16.2953 ], [ 77.9541, 16.3193 ], [ 77.9842, 16.3374 ], [ 77.9967, 16.353 ], [ 77.972, 16.3598 ], [ 77.9739, 16.3754 ], [ 77.9974, 16.3737 ], [ 77.9996, 16.3638 ], [ 78.0197, 16.3657 ], [ 78.0294, 16.3764 ], [ 78.0365, 16.3781 ], [ 78.0348, 16.4017 ], [ 78.0546, 16.4154 ], [ 78.0778, 16.4102 ], [ 78.076, 16.426 ], [ 78.0887, 16.4289 ], [ 78.0984, 16.4394 ], [ 78.1135, 16.4413 ], [ 78.1151, 16.4551 ], [ 78.1321, 16.4573 ], [ 78.1407, 16.4543 ] ] ] } },
{ "type": "Feature", "properties": { "unit_id": "IND.32.5.12_1", "name": "Ghanpur", "district": "Wanaparthy", "did": "telangana:Wanaparthy", "state_key": "telangana" }, "geometry": { "type": "Polygon", "coordinates": [ [ [ 78.0702, 16.6145 ], [ 78.0768, 16.6088 ], [ 78.1016, 16.598 ], [ 78.1161, 16.5978 ], [ 78.1189, 16.592 ], [ 78.1252, 16.5914 ], [ 78.1162, 16.573 ], [ 78.1196, 16.5632 ], [ 78.123, 16.5635 ], [ 78.1226, 16.5522 ], [ 78.1111, 16.5376 ], [ 78.0999, 16.4872 ], [ 78.1312, 16.4697 ], [ 78.1301, 16.4664 ], [ 78.1395, 16.4618 ], [ 78.1407, 16.4543 ], [ 78.1321, 16.4573 ], [ 78.1154, 16.4553 ], [ 78.1145, 16.4421 ], [ 78.0984, 16.4394 ], [ 78.0919, 16.431 ], [ 78.0795, 16.4257 ], [ 78.076, 16.426 ], [ 78.0788, 16.4368 ], [ 78.0707, 16.4444 ], [ 78.0784, 16.4475 ], [ 78.0841, 16.4458 ], [ 78.0872, 16.4505 ], [ 78.086, 16.485 ], [ 78.051, 16.4904 ], [ 78.0435, 16.4859 ], [ 78.0399, 16.4747 ], [ 78.0174, 16.4829 ], [ 78.0041, 16.4962 ], [ 77.9967, 16.4956 ], [ 77.9824, 16.5025 ], [ 77.9849, 16.5138 ], [ 77.9898, 16.5182 ], [ 77.9948, 16.5159 ], [ 77.9979, 16.531 ], [ 78.0072, 16.5322 ], [ 78.0186, 16.5284 ], [ 78.0201, 16.5331 ], [ 78.0139, 16.5452 ], [ 77.9978, 16.5541 ], [ 78.0041, 16.5681 ], [ 77.9889, 16.5923 ], [ 78.0003, 16.5944 ], [ 78.0, 16.607 ], [ 78.0083, 16.6154 ], [ 78.0254, 16.6162 ], [ 78.0381, 16.6257 ], [ 78.069, 16.6245 ], [ 78.0702, 16.6145 ] ] ] } },
{ "type": "Feature", "properties": { "unit_id": "IND.32.5.11_1", "name": "Bijnapalli", "district": "Nagarkurnool", "did": "telangana:Nagarkurnool", "state_key": "telangana" }, "geometry": { "type": "Polygon", "coordinates": [ [ [ 78.2332, 16.6039 ], [ 78.2411, 16.6022 ], [ 78.2471, 16.5858 ], [ 78.2576, 16.5883 ], [ 78.2674, 16.5864 ], [ 78.2679, 16.5539 ], [ 78.2734, 16.5538 ], [ 78.2775, 16.5372 ], [ 78.2827, 16.5366 ], [ 78.2749, 16.5114 ], [ 78.2671, 16.5105 ], [ 78.2603, 16.4948 ], [ 78.2543, 16.4989 ], [ 78.2399, 16.487 ], [ 78.2342, 16.4881 ], [ 78.2369, 16.4642 ], [ 78.2315, 16.4632 ], [ 78.2313, 16.4546 ], [ 78.2284, 16.4542 ], [ 78.2353, 16.4383 ], [ 78.228, 16.4335 ], [ 78.1988, 16.4286 ], [ 78.2008, 16.4472 ], [ 78.1478, 16.4561 ], [ 78.1301, 16.4664 ], [ 78.1312, 16.4697 ], [ 78.124, 16.4745 ], [ 78.0999, 16.4872 ], [ 78.1111, 16.5376 ], [ 78.1226, 16.5522 ], [ 78.123, 16.5635 ], [ 78.1196, 16.5632 ], [ 78.1162, 16.573 ], [ 78.1262, 16.5935 ], [ 78.1277, 16.6077 ], [ 78.161, 16.5956 ], [ 78.1694, 16.599 ], [ 78.1768, 16.589 ], [ 78.1932, 16.5903 ], [ 78.2014, 16.6027 ], [ 78.1955, 16.6169 ], [ 78.1964, 16.6257 ], [ 78.2167, 16.6208 ], [ 78.2332, 16.6039 ] ] ] } },
{ "type": "Feature", "properties": { "unit_id": "IND.32.5.11_1", "name": "Timmajipet", "district": "Nagarkurnool", "did": "telangana:Nagarkurnool", "state_key": "telangana" }, "geometry": { "type": "Polygon", "coordinates": [ [ [ 78.2595, 16.7217 ], [ 78.2653, 16.7108 ], [ 78.282, 16.7056 ], [ 78.2978, 16.6928 ], [ 78.3002, 16.6745 ], [ 78.2872, 16.6664 ], [ 78.2834, 16.6565 ], [ 78.2975, 16.6508 ], [ 78.2924, 16.5993 ], [ 78.2795, 16.5932 ], [ 78.2723, 16.5936 ], [ 78.2674, 16.5864 ], [ 78.2576, 16.5883 ], [ 78.2471, 16.5858 ], [ 78.2411, 16.6022 ], [ 78.2332, 16.6039 ], [ 78.2167, 16.6208 ], [ 78.1988, 16.6259 ], [ 78.1955, 16.6169 ], [ 78.2014, 16.6027 ], [ 78.1932, 16.5903 ], [ 78.1768, 16.589 ], [ 78.1694, 16.599 ], [ 78.161, 16.5956 ], [ 78.1326, 16.6049 ], [ 78.1274, 16.6094 ], [ 78.1302, 16.6257 ], [ 78.1508, 16.6477 ], [ 78.1401, 16.6608 ], [ 78.1403, 16.6746 ], [ 78.1446, 16.6879 ], [ 78.1554, 16.7007 ], [ 78.163, 16.7289 ], [ 78.1832, 16.7308 ], [ 78.1824, 16.7037 ], [ 78.1983, 16.701 ], [ 78.2116, 16.7107 ], [ 78.2236, 16.7413 ], [ 78.2379, 16.7403 ], [ 78.2595, 16.7217 ] ] ] } },
{ "type": "Feature", "properties": { "unit_id": "IND.32.5.9_1", "name": "Buthpur", "district": "Mahabubnagar", "did": "telangana:Mahabubnagar", "state_key": "telangana" }, "geometry": { "type": "Polygon", "coordinates": [ [ [ 78.0644, 16.7237 ], [ 78.0735, 16.7234 ], [ 78.0847, 16.7345 ], [ 78.0943, 16.7384 ], [ 78.1051, 16.726 ], [ 78.1088, 16.717 ], [ 78.1061, 16.7064 ], [ 78.1157, 16.693 ], [ 78.1425, 16.6802 ], [ 78.1401, 16.6608 ], [ 78.1508, 16.6477 ], [ 78.1302, 16.6257 ], [ 78.1252, 16.5914 ], [ 78.1189, 16.592 ], [ 78.1161, 16.5978 ], [ 78.1016, 16.598 ], [ 78.0768, 16.6088 ], [ 78.0702, 16.6145 ], [ 78.069, 16.6245 ], [ 78.0369, 16.6245 ], [ 78.0367, 16.633 ], [ 78.0279, 16.6445 ], [ 78.0116, 16.6535 ], [ 78.0018, 16.6444 ], [ 78.0017, 16.639 ], [ 77.998, 16.6401 ], [ 77.987, 16.6481 ], [ 77.9922, 16.6618 ], [ 77.9785, 16.667 ], [ 77.9782, 16.6697 ], [ 77.9552, 16.6473 ], [ 77.9464, 16.6503 ], [ 77.9544, 16.6775 ], [ 77.9647, 16.6907 ], [ 77.9842, 16.6985 ], [ 77.9901, 16.7097 ], [ 78.0131, 16.7116 ], [ 78.0173, 16.7151 ], [ 78.0231, 16.7105 ], [ 78.0355, 16.7282 ], [ 78.034, 16.7396 ], [ 78.0571, 16.734 ], [ 78.0644, 16.7237 ] ] ] } },
{ "type": "Feature", "properties": { "unit_id": "IND.32.5.12_1", "name": "Addakal", "district": "Mahabubnagar", "did": "telangana:Mahabubnagar", "state_key": "telangana" }, "geometry": { "type": "Polygon", "coordinates": [ [ [ 78.0017, 16.639 ], [ 78.0018, 16.6444 ], [ 78.0116, 16.6535 ], [ 78.0279, 16.6445 ], [ 78.0367, 16.633 ], [ 78.0369, 16.6245 ], [ 78.0254, 16.6162 ], [ 78.0083, 16.6154 ], [ 78.0, 16.607 ], [ 78.0003, 16.5944 ], [ 77.9889, 16.5923 ], [ 78.0041, 16.5681 ], [ 77.9978, 16.5541 ], [ 78.0139, 16.5452 ], [ 78.0195, 16.5299 ], [ 77.9987, 16.5315 ], [ 77.9948, 16.5159 ], [ 77.9898, 16.5182 ], [ 77.9849, 16.5138 ], [ 77.9824, 16.5025 ], [ 77.9681, 16.5039 ], [ 77.9676, 16.5005 ], [ 77.9412, 16.5003 ], [ 77.931, 16.482 ], [ 77.9211, 16.4839 ], [ 77.9187, 16.4881 ], [ 77.9232, 16.4928 ], [ 77.9217, 16.4994 ], [ 77.9288, 16.5064 ], [ 77.934, 16.5217 ], [ 77.9243, 16.5207 ], [ 77.8979, 16.5281 ], [ 77.8863, 16.5262 ], [ 77.8642, 16.5429 ], [ 77.8639, 16.5689 ], [ 77.8872, 16.5708 ], [ 77.8979, 16.5967 ], [ 77.9164, 16.5955 ], [ 77.9258, 16.6321 ], [ 77.9175, 16.6486 ], [ 77.9112, 16.6517 ], [ 77.9237, 16.658 ], [ 77.9552, 16.6473 ], [ 77.9782, 16.6697 ], [ 77.9785, 16.667 ], [ 77.9922, 16.6618 ], [ 77.9871, 16.6479 ], [ 78.0017, 16.639 ] ] ] } },
{ "type": "Feature", "properties": { "unit_id": "IND.32.5.3_1", "name": "Chinna Chinthakunta", "district": "Mahabubnagar", "did": "telangana:Mahabubnagar", "state_key": "telangana" }, "geometry": { "type": "Polygon", "coordinates": [ [ [ 77.8096, 16.5835 ], [ 77.8068, 16.5541 ], [ 77.8166, 16.5573 ], [ 77.8287, 16.5566 ], [ 77.829, 16.5472 ], [ 77.8323, 16.5455 ], [ 77.8284, 16.5007 ], [ 77.8363, 16.4953 ], [ 77.8638, 16.4465 ], [ 77.8635, 16.4364 ], [ 77.87, 16.4213 ], [ 77.8627, 16.3718 ], [ 77.8593, 16.3709 ], [ 77.8515, 16.3761 ], [ 77.8401, 16.395 ], [ 77.8318, 16.3971 ], [ 77.8171, 16.3914 ], [ 77.8022, 16.3976 ], [ 77.7913, 16.4092 ], [ 77.7934, 16.4219 ], [ 77.7542, 16.4213 ], [ 77.7618, 16.3939 ], [ 77.7492, 16.3879 ], [ 77.751, 16.4036 ], [ 77.7455, 16.4187 ], [ 77.7504, 16.4338 ], [ 77.7394, 16.4663 ], [ 77.7487, 16.4741 ], [ 77.7555, 16.4735 ], [ 77.7594, 16.4803 ], [ 77.768, 16.4797 ], [ 77.7684, 16.4848 ], [ 77.7625, 16.5032 ], [ 77.7645, 16.526 ], [ 77.7497, 16.5501 ], [ 77.7496, 16.5665 ], [ 77.7807, 16.5672 ], [ 77.7877, 16.5764 ], [ 77.7812, 16.6157 ], [ 77.7973, 16.6165 ], [ 77.8096, 16.5835 ] ] ] } },
{ "type": "Feature", "properties": { "unit_id": "IND.32.5.3_1", "name": "Devarkadra", "district": "Mahabubnagar", "did": "telangana:Mahabubnagar", "state_key": "telangana" }, "geometry": { "type": "Polygon", "coordinates": [ [ [ 77.827, 16.735 ], [ 77.8355, 16.7256 ], [ 77.8438, 16.7232 ], [ 77.8304, 16.7067 ], [ 77.8317, 16.7021 ], [ 77.8489, 16.6877 ], [ 77.8525, 16.6658 ], [ 77.86, 16.6633 ], [ 77.8664, 16.6526 ], [ 77.9047, 16.6449 ], [ 77.9112, 16.6517 ], [ 77.9175, 16.6486 ], [ 77.9258, 16.6321 ], [ 77.9164, 16.5955 ], [ 77.8979, 16.5967 ], [ 77.8872, 16.5708 ], [ 77.8639, 16.5689 ], [ 77.8615, 16.5566 ], [ 77.8649, 16.5419 ], [ 77.8863, 16.5262 ], [ 77.8942, 16.5258 ], [ 77.8901, 16.5161 ], [ 77.8973, 16.5024 ], [ 77.8911, 16.4748 ], [ 77.9069, 16.4635 ], [ 77.9152, 16.4656 ], [ 77.9205, 16.4635 ], [ 77.9239, 16.4515 ], [ 77.9164, 16.4424 ], [ 77.9027, 16.4444 ], [ 77.8959, 16.4511 ], [ 77.8638, 16.4465 ], [ 77.8363, 16.4953 ], [ 77.8284, 16.5007 ], [ 77.8323, 16.5455 ], [ 77.829, 16.5472 ], [ 77.8287, 16.5566 ], [ 77.8166, 16.5573 ], [ 77.8068, 16.5541 ], [ 77.8098, 16.5825 ], [ 77.8012, 16.6043 ], [ 77.7979, 16.6305 ], [ 77.7735, 16.6547 ], [ 77.7646, 16.6882 ], [ 77.7787, 16.7169 ], [ 77.787, 16.7233 ], [ 77.796, 16.7387 ], [ 77.804, 16.7352 ], [ 77.827, 16.735 ] ] ] } },
{ "type": "Feature", "properties": { "unit_id": "IND.32.5.9_1", "name": "Hanwada", "district": "Mahabubnagar", "did": "telangana:Mahabubnagar", "state_key": "telangana" }, "geometry": { "type": "Polygon", "coordinates": [ [ [ 77.8433, 16.8613 ], [ 77.8573, 16.854 ], [ 77.8646, 16.8628 ], [ 77.868, 16.8585 ], [ 77.8638, 16.8507 ], [ 77.8869, 16.8593 ], [ 77.9143, 16.8604 ], [ 77.9119, 16.8513 ], [ 77.9219, 16.8446 ], [ 77.9315, 16.8497 ], [ 77.9368, 16.8639 ], [ 77.9548, 16.8683 ], [ 77.9669, 16.8501 ], [ 77.986, 16.8406 ], [ 77.9869, 16.8319 ], [ 77.9812, 16.8245 ], [ 77.992, 16.812 ], [ 77.9715, 16.7861 ], [ 77.9757, 16.7702 ], [ 77.9662, 16.7552 ], [ 77.9627, 16.7569 ], [ 77.9568, 16.7528 ], [ 77.9452, 16.7574 ], [ 77.9429, 16.7673 ], [ 77.9281, 16.763 ], [ 77.9049, 16.7659 ], [ 77.8857, 16.7822 ], [ 77.8883, 16.7851 ], [ 77.8841, 16.7983 ], [ 77.8779, 16.7966 ], [ 77.8591, 16.8096 ], [ 77.8429, 16.8099 ], [ 77.8422, 16.814 ], [ 77.828, 16.8245 ], [ 77.7875, 16.82 ], [ 77.7801, 16.8124 ], [ 77.763, 16.8235 ], [ 77.7611, 16.8349 ], [ 77.7693, 16.8578 ], [ 77.7955, 16.8733 ], [ 77.8013, 16.8839 ], [ 77.8115, 16.8915 ], [ 77.8219, 16.8839 ], [ 77.8192, 16.8639 ], [ 77.8419, 16.8563 ], [ 77.8433, 16.8613 ] ] ] } },
{ "type": "Feature", "properties": { "unit_id": "IND.32.5.9_1", "name": "Koilkonda", "district": "Mahabubnagar", "did": "telangana:Mahabubnagar", "state_key": "telangana" }, "geometry": { "type": "Polygon", "coordinates": [ [ [ 77.7463, 16.8799 ], [ 77.7484, 16.876 ], [ 77.762, 16.8716 ], [ 77.7706, 16.8793 ], [ 77.7955, 16.8733 ], [ 77.7693, 16.8578 ], [ 77.7611, 16.8349 ], [ 77.763, 16.8235 ], [ 77.7801, 16.8124 ], [ 77.7875, 16.82 ], [ 77.828, 16.8245 ], [ 77.8422, 16.814 ], [ 77.8429, 16.8099 ], [ 77.8591, 16.8096 ], [ 77.8779, 16.7966 ], [ 77.8841, 16.7983 ], [ 77.8883, 16.7851 ], [ 77.8857, 16.7822 ], [ 77.9049, 16.7659 ], [ 77.8955, 16.7592 ], [ 77.903, 16.751 ], [ 77.9016, 16.7466 ], [ 77.9196, 16.7368 ], [ 77.898, 16.7117 ], [ 77.8744, 16.7177 ], [ 77.867, 16.7112 ], [ 77.8599, 16.7199 ], [ 77.8355, 16.7256 ], [ 77.827, 16.735 ], [ 77.804, 16.7352 ], [ 77.7965, 16.7392 ], [ 77.787, 16.7233 ], [ 77.7787, 16.7169 ], [ 77.7646, 16.6882 ], [ 77.7591, 16.6883 ], [ 77.7492, 16.6934 ], [ 77.7534, 16.7238 ], [ 77.7447, 16.74 ], [ 77.7266, 16.7514 ], [ 77.6968, 16.7483 ], [ 77.6775, 16.7578 ], [ 77.6744, 16.7767 ], [ 77.6791, 16.7773 ], [ 77.6805, 16.7812 ], [ 77.6794, 16.7949 ], [ 77.6867, 16.7914 ], [ 77.6945, 16.7933 ], [ 77.7082, 16.7832 ], [ 77.7111, 16.7928 ], [ 77.7353, 16.7893 ], [ 77.7415, 16.7931 ], [ 77.7295, 16.8111 ], [ 77.7437, 16.8274 ], [ 77.7274, 16.8503 ], [ 77.7347, 16.8625 ], [ 77.732, 16.8752 ], [ 77.7391, 16.8802 ], [ 77.7463, 16.8799 ] ] ] } },
{ "type": "Feature", "properties": { "unit_id": "IND.32.9.5_1", "name": "Gandvid", "district": "Mahabubnagar", "did": "telangana:Mahabubnagar", "state_key": "telangana" }, "geometry": { "type": "Polygon", "coordinates": [ [ [ 77.8134, 16.9946 ], [ 77.8251, 16.9869 ], [ 77.8343, 16.9877 ], [ 77.8246, 16.9566 ], [ 77.8335, 16.9487 ], [ 77.8372, 16.9491 ], [ 77.8416, 16.9608 ], [ 77.849, 16.9506 ], [ 77.861, 16.9503 ], [ 77.8672, 16.9552 ], [ 77.8704, 16.9676 ], [ 77.8794, 16.9668 ], [ 77.8842, 16.9579 ], [ 77.8696, 16.9275 ], [ 77.8773, 16.9286 ], [ 77.8897, 16.9246 ], [ 77.9033, 16.9262 ], [ 77.9146, 16.921 ], [ 77.9318, 16.9068 ], [ 77.9363, 16.8885 ], [ 77.9482, 16.8718 ], [ 77.9547, 16.8683 ], [ 77.9368, 16.8639 ], [ 77.9312, 16.8495 ], [ 77.9218, 16.8447 ], [ 77.9119, 16.8513 ], [ 77.9143, 16.8604 ], [ 77.8869, 16.8593 ], [ 77.8636, 16.8507 ], [ 77.868, 16.8585 ], [ 77.8647, 16.8628 ], [ 77.8573, 16.854 ], [ 77.8433, 16.8613 ], [ 77.8421, 16.8563 ], [ 77.8223, 16.8626 ], [ 77.8192, 16.8639 ], [ 77.8219, 16.8839 ], [ 77.8116, 16.8915 ], [ 77.8013, 16.8839 ], [ 77.7955, 16.8733 ], [ 77.7706, 16.8793 ], [ 77.762, 16.8716 ], [ 77.7484, 16.876 ], [ 77.7463, 16.8799 ], [ 77.737, 16.8805 ], [ 77.746, 16.9107 ], [ 77.7402, 16.9199 ], [ 77.7403, 16.9384 ], [ 77.7301, 16.9393 ], [ 77.7302, 16.9438 ], [ 77.7503, 16.953 ], [ 77.7558, 16.9687 ], [ 77.7553, 16.9763 ], [ 77.7505, 16.9775 ], [ 77.7602, 17.0022 ], [ 77.7984, 16.9989 ], [ 77.7986, 16.9935 ], [ 77.8134, 16.9946 ] ] ] } },
{ "type": "Feature", "properties": { "unit_id": "IND.32.5.9_1", "name": "Mahabubnagar", "district": "Mahabubnagar", "did": "telangana:Mahabubnagar", "state_key": "telangana" }, "geometry": { "type": "Polygon", "coordinates": [ [ [ 78.0877, 16.7724 ], [ 78.0943, 16.7384 ], [ 78.0847, 16.7345 ], [ 78.0735, 16.7234 ], [ 78.0644, 16.7237 ], [ 78.0537, 16.7356 ], [ 78.034, 16.7396 ], [ 78.0355, 16.7282 ], [ 78.0231, 16.7105 ], [ 78.0173, 16.7151 ], [ 78.0131, 16.7116 ], [ 77.9899, 16.7096 ], [ 77.9842, 16.6985 ], [ 77.9606, 16.6866 ], [ 77.9464, 16.6503 ], [ 77.9237, 16.658 ], [ 77.9047, 16.6449 ], [ 77.8677, 16.6518 ], [ 77.86, 16.6633 ], [ 77.8525, 16.6658 ], [ 77.8489, 16.6877 ], [ 77.832, 16.7013 ], [ 77.8303, 16.7064 ], [ 77.8357, 16.715 ], [ 77.8455, 16.7235 ], [ 77.8599, 16.7199 ], [ 77.867, 16.7112 ], [ 77.8744, 16.7177 ], [ 77.898, 16.7117 ], [ 77.9196, 16.7368 ], [ 77.9016, 16.7466 ], [ 77.903, 16.751 ], [ 77.8956, 16.7572 ], [ 77.8971, 16.7609 ], [ 77.9078, 16.7663 ], [ 77.9281, 16.763 ], [ 77.9429, 16.7673 ], [ 77.9452, 16.7574 ], [ 77.9568, 16.7528 ], [ 77.9627, 16.7569 ], [ 77.9662, 16.7552 ], [ 77.9757, 16.7702 ], [ 77.9715, 16.7861 ], [ 77.9795, 16.7939 ], [ 77.9793, 16.799 ], [ 77.9894, 16.8062 ], [ 78.0462, 16.7882 ], [ 78.0877, 16.7724 ] ] ] } },
{ "type": "Feature", "properties": { "unit_id": "IND.32.5.9_1", "name": "Jadcherla", "district": "Mahabubnagar", "did": "telangana:Mahabubnagar", "state_key": "telangana" }, "geometry": { "type": "Polygon", "coordinates": [ [ [ 78.3162, 16.8743 ], [ 78.3205, 16.8561 ], [ 78.3283, 16.8514 ], [ 78.3229, 16.825 ], [ 78.3065, 16.8195 ], [ 78.3016, 16.8109 ], [ 78.2671, 16.8192 ], [ 78.2593, 16.8165 ], [ 78.2572, 16.8108 ], [ 78.2351, 16.8097 ], [ 78.2274, 16.7919 ], [ 78.2383, 16.7893 ], [ 78.2373, 16.7737 ], [ 78.2217, 16.7716 ], [ 78.2175, 16.7571 ], [ 78.2261, 16.7535 ], [ 78.2259, 16.7507 ], [ 78.2081, 16.7072 ], [ 78.1983, 16.701 ], [ 78.1824, 16.7037 ], [ 78.1832, 16.7308 ], [ 78.1638, 16.7293 ], [ 78.1554, 16.7007 ], [ 78.1425, 16.6802 ], [ 78.1157, 16.693 ], [ 78.1061, 16.7064 ], [ 78.1088, 16.717 ], [ 78.1051, 16.726 ], [ 78.0942, 16.738 ], [ 78.0877, 16.7724 ], [ 78.0452, 16.7883 ], [ 78.0479, 16.8042 ], [ 78.0555, 16.8131 ], [ 78.0535, 16.8186 ], [ 78.0754, 16.822 ], [ 78.0794, 16.8337 ], [ 78.0923, 16.8461 ], [ 78.0949, 16.8532 ], [ 78.1073, 16.8491 ], [ 78.1284, 16.8485 ], [ 78.1266, 16.8462 ], [ 78.1453, 16.8397 ], [ 78.1475, 16.8272 ], [ 78.1599, 16.8313 ], [ 78.1827, 16.8302 ], [ 78.1923, 16.8426 ], [ 78.2051, 16.8424 ], [ 78.225, 16.8351 ], [ 78.2396, 16.867 ], [ 78.2574, 16.8553 ], [ 78.2651, 16.8441 ], [ 78.2747, 16.846 ], [ 78.2746, 16.857 ], [ 78.2858, 16.8725 ], [ 78.2993, 16.8789 ], [ 78.3049, 16.8752 ], [ 78.3162, 16.8743 ] ] ] } },
{ "type": "Feature", "properties": { "unit_id": "IND.32.5.4_1", "name": "Balanagar", "district": "Mahabubnagar", "did": "telangana:Mahabubnagar", "state_key": "telangana" }, "geometry": { "type": "Polygon", "coordinates": [ [ [ 78.1765, 16.9975 ], [ 78.1858, 16.9883 ], [ 78.1812, 16.9734 ], [ 78.2029, 16.9539 ], [ 78.2112, 16.9521 ], [ 78.2113, 16.9463 ], [ 78.2195, 16.9388 ], [ 78.2331, 16.9403 ], [ 78.2405, 16.9635 ], [ 78.2617, 16.9608 ], [ 78.2695, 16.9648 ], [ 78.2763, 16.9574 ], [ 78.2719, 16.9329 ], [ 78.2748, 16.9245 ], [ 78.3016, 16.919 ], [ 78.3041, 16.8895 ], [ 78.303, 16.8799 ], [ 78.2858, 16.8725 ], [ 78.2761, 16.8601 ], [ 78.2747, 16.846 ], [ 78.2651, 16.8441 ], [ 78.2574, 16.8553 ], [ 78.2396, 16.867 ], [ 78.225, 16.8351 ], [ 78.2051, 16.8424 ], [ 78.1923, 16.8426 ], [ 78.1827, 16.8302 ], [ 78.1599, 16.8313 ], [ 78.1475, 16.8272 ], [ 78.1453, 16.8397 ], [ 78.1266, 16.8462 ], [ 78.1284, 16.8485 ], [ 78.1144, 16.8498 ], [ 78.1116, 16.8567 ], [ 78.1196, 16.8724 ], [ 78.0949, 16.8786 ], [ 78.0984, 16.8846 ], [ 78.0803, 16.8961 ], [ 78.0828, 16.9013 ], [ 78.0761, 16.9068 ], [ 78.0932, 16.9314 ], [ 78.0887, 16.9444 ], [ 78.0819, 16.9495 ], [ 78.088, 16.9515 ], [ 78.09, 16.98 ], [ 78.0952, 16.9844 ], [ 78.1084, 16.9828 ], [ 78.1144, 16.9862 ], [ 78.1197, 16.9829 ], [ 78.1248, 16.9864 ], [ 78.1267, 16.9942 ], [ 78.1363, 16.993 ], [ 78.1358, 17.0073 ], [ 78.1466, 17.0134 ], [ 78.1741, 17.0082 ], [ 78.1765, 16.9975 ] ] ] } },
{ "type": "Feature", "properties": { "unit_id": "IND.32.5.9_1", "name": "Nawabpet", "district": "Mahabubnagar", "did": "telangana:Mahabubnagar", "state_key": "telangana" }, "geometry": { "type": "Polygon", "coordinates": [ [ [ 78.0683, 17.0054 ], [ 78.0851, 16.9963 ], [ 78.0921, 16.9832 ], [ 78.088, 16.9515 ], [ 78.0819, 16.9495 ], [ 78.0887, 16.9444 ], [ 78.0932, 16.9314 ], [ 78.0761, 16.9068 ], [ 78.0828, 16.9013 ], [ 78.0798, 16.8968 ], [ 78.0984, 16.8846 ], [ 78.0949, 16.8786 ], [ 78.1196, 16.8724 ], [ 78.1116, 16.8567 ], [ 78.1144, 16.8498 ], [ 78.0949, 16.8532 ], [ 78.0923, 16.8461 ], [ 78.0794, 16.8337 ], [ 78.0754, 16.822 ], [ 78.0535, 16.8186 ], [ 78.0555, 16.8131 ], [ 78.0479, 16.8042 ], [ 78.0452, 16.7883 ], [ 77.9987, 16.8006 ], [ 77.9894, 16.8062 ], [ 77.992, 16.812 ], [ 77.9812, 16.8245 ], [ 77.9869, 16.8319 ], [ 77.986, 16.8406 ], [ 77.9774, 16.8468 ], [ 77.9904, 16.8706 ], [ 77.9784, 16.8766 ], [ 77.9845, 16.897 ], [ 78.0086, 16.9025 ], [ 78.0112, 16.9092 ], [ 78.0046, 16.9359 ], [ 78.0084, 16.9439 ], [ 78.0122, 16.9433 ], [ 78.0108, 16.9496 ], [ 77.9987, 16.9524 ], [ 77.994, 16.9492 ], [ 77.9878, 16.953 ], [ 77.9855, 16.9597 ], [ 77.9952, 16.9637 ], [ 77.9997, 16.9797 ], [ 78.0105, 16.9783 ], [ 78.0126, 16.9813 ], [ 78.0138, 16.9863 ], [ 78.0088, 16.9901 ], [ 78.0099, 17.001 ], [ 78.021, 17.009 ], [ 78.0306, 17.0108 ], [ 78.0578, 17.001 ], [ 78.0683, 17.0054 ] ] ] } },
{ "type": "Feature", "properties": { "unit_id": "IND.32.5.4_1", "name": "Shadnagar", "district": "Rangareddy", "did": "telangana:Rangareddy", "state_key": "telangana" }, "geometry": { "type": "Polygon", "coordinates": [ [ [ 78.2222, 17.0884 ], [ 78.2209, 17.0815 ], [ 78.2459, 17.0748 ], [ 78.2587, 17.079 ], [ 78.281, 17.0681 ], [ 78.2936, 17.0691 ], [ 78.3096, 17.0538 ], [ 78.3058, 17.0381 ], [ 78.2916, 17.04 ], [ 78.2835, 17.0197 ], [ 78.2713, 17.0215 ], [ 78.2583, 17.0188 ], [ 78.2573, 17.0042 ], [ 78.2489, 17.0015 ], [ 78.2487, 16.998 ], [ 78.2733, 16.9909 ], [ 78.2706, 16.9672 ], [ 78.2617, 16.9608 ], [ 78.2405, 16.9635 ], [ 78.2331, 16.9403 ], [ 78.2254, 16.9389 ], [ 78.2195, 16.9388 ], [ 78.2113, 16.9463 ], [ 78.2112, 16.9521 ], [ 78.2029, 16.9539 ], [ 78.1812, 16.9734 ], [ 78.1858, 16.9883 ], [ 78.1765, 16.9975 ], [ 78.1741, 17.0082 ], [ 78.1601, 17.0125 ], [ 78.1439, 17.0124 ], [ 78.1358, 17.0073 ], [ 78.1363, 16.993 ], [ 78.1267, 16.9942 ], [ 78.1248, 16.9864 ], [ 78.1197, 16.9829 ], [ 78.1144, 16.9862 ], [ 78.1084, 16.9828 ], [ 78.0921, 16.9832 ], [ 78.0851, 16.9963 ], [ 78.0675, 17.0053 ], [ 78.0714, 17.0162 ], [ 78.0647, 17.0299 ], [ 78.0697, 17.0396 ], [ 78.0709, 17.0572 ], [ 78.093, 17.0774 ], [ 78.0918, 17.0905 ], [ 78.1014, 17.0875 ], [ 78.1161, 17.1032 ], [ 78.1393, 17.1003 ], [ 78.1594, 17.0912 ], [ 78.1772, 17.0889 ], [ 78.174, 17.1067 ], [ 78.1754, 17.1157 ], [ 78.2324, 17.0997 ], [ 78.2222, 17.0884 ] ] ] } },
{ "type": "Feature", "properties": { "unit_id": "IND.32.9.1_1", "name": "Shahabad", "district": "Rangareddy", "did": "telangana:Rangareddy", "state_key": "telangana" }, "geometry": { "type": "Polygon", "coordinates": [ [ [ 78.1441, 17.2357 ], [ 78.1739, 17.2472 ], [ 78.184, 17.2421 ], [ 78.2005, 17.2449 ], [ 78.2045, 17.2423 ], [ 78.2175, 17.2499 ], [ 78.2389, 17.2499 ], [ 78.23, 17.234 ], [ 78.2355, 17.224 ], [ 78.2343, 17.2161 ], [ 78.2455, 17.2104 ], [ 78.2474, 17.1988 ], [ 78.227, 17.1977 ], [ 78.2157, 17.2025 ], [ 78.2078, 17.1735 ], [ 78.1798, 17.1687 ], [ 78.1693, 17.1623 ], [ 78.1628, 17.1435 ], [ 78.1884, 17.1358 ], [ 78.1822, 17.1323 ], [ 78.1801, 17.1194 ], [ 78.1836, 17.1139 ], [ 78.1754, 17.1157 ], [ 78.1772, 17.0889 ], [ 78.1594, 17.0912 ], [ 78.1393, 17.1003 ], [ 78.1161, 17.1032 ], [ 78.1014, 17.0875 ], [ 78.0918, 17.0905 ], [ 78.0943, 17.1011 ], [ 78.08, 17.1062 ], [ 78.0789, 17.1102 ], [ 78.0815, 17.1272 ], [ 78.0971, 17.1353 ], [ 78.0898, 17.1637 ], [ 78.0825, 17.1683 ], [ 78.0834, 17.1792 ], [ 78.0753, 17.1876 ], [ 78.0729, 17.1843 ], [ 78.0616, 17.1843 ], [ 78.0408, 17.1884 ], [ 78.0478, 17.2094 ], [ 78.0559, 17.2145 ], [ 78.064, 17.211 ], [ 78.0667, 17.2256 ], [ 78.0821, 17.2541 ], [ 78.1054, 17.2499 ], [ 78.1113, 17.2613 ], [ 78.1194, 17.2598 ], [ 78.1341, 17.2397 ], [ 78.1441, 17.2357 ] ] ] } },
{ "type": "Feature", "properties": { "unit_id": "IND.32.5.4_1", "name": "Kondurg", "district": "Rangareddy", "did": "telangana:Rangareddy", "state_key": "telangana" }, "geometry": { "type": "Polygon", "coordinates": [ [ [ 78.0753, 17.1876 ], [ 78.0834, 17.1792 ], [ 78.0825, 17.1683 ], [ 78.0898, 17.1637 ], [ 78.0971, 17.1353 ], [ 78.0815, 17.1272 ], [ 78.0789, 17.1102 ], [ 78.08, 17.1062 ], [ 78.0943, 17.1011 ], [ 78.093, 17.0774 ], [ 78.0709, 17.0572 ], [ 78.0697, 17.0396 ], [ 78.0647, 17.0299 ], [ 78.0714, 17.0162 ], [ 78.0675, 17.0053 ], [ 78.0578, 17.001 ], [ 78.0346, 17.0104 ], [ 78.021, 17.009 ], [ 78.0099, 17.001 ], [ 78.0088, 16.9901 ], [ 78.0143, 16.985 ], [ 78.0105, 16.9783 ], [ 77.9997, 16.9797 ], [ 77.9837, 16.9961 ], [ 77.9783, 17.0101 ], [ 77.9536, 17.0144 ], [ 77.9483, 17.0168 ], [ 77.9507, 17.0203 ], [ 77.9349, 17.028 ], [ 77.9306, 17.0396 ], [ 77.9322, 17.048 ], [ 77.9227, 17.0518 ], [ 77.9229, 17.0634 ], [ 77.9421, 17.0753 ], [ 77.949, 17.0755 ], [ 77.9492, 17.0807 ], [ 77.9338, 17.0853 ], [ 77.9542, 17.0955 ], [ 77.9542, 17.0992 ], [ 77.9753, 17.0995 ], [ 77.9836, 17.1039 ], [ 77.99, 17.1033 ], [ 77.9917, 17.1282 ], [ 77.9987, 17.1336 ], [ 78.004, 17.1474 ], [ 78.0113, 17.1476 ], [ 78.0161, 17.1655 ], [ 78.024, 17.168 ], [ 78.0421, 17.1669 ], [ 78.0453, 17.1878 ], [ 78.0729, 17.1843 ], [ 78.0753, 17.1876 ] ] ] } },
{ "type": "Feature", "properties": { "unit_id": "IND.32.9.5_1", "name": "Kulkacharla", "district": "Vikarabad", "did": "telangana:Vikarabad", "state_key": "telangana" }, "geometry": { "type": "Polygon", "coordinates": [ [ [ 77.9237, 17.0655 ], [ 77.9227, 17.0518 ], [ 77.9322, 17.048 ], [ 77.9306, 17.0396 ], [ 77.9348, 17.0282 ], [ 77.9507, 17.0203 ], [ 77.9483, 17.0168 ], [ 77.9536, 17.0144 ], [ 77.9783, 17.0101 ], [ 77.9837, 16.9961 ], [ 77.9997, 16.9805 ], [ 77.9952, 16.9637 ], [ 77.9857, 16.9604 ], [ 77.9869, 16.9543 ], [ 77.994, 16.9492 ], [ 77.9987, 16.9524 ], [ 78.0113, 16.9476 ], [ 78.0122, 16.9433 ], [ 78.0084, 16.9439 ], [ 78.0046, 16.9359 ], [ 78.0112, 16.9092 ], [ 78.0086, 16.9025 ], [ 77.988, 16.8988 ], [ 77.9815, 16.8932 ], [ 77.9785, 16.8765 ], [ 77.9904, 16.8706 ], [ 77.9774, 16.8468 ], [ 77.9669, 16.8501 ], [ 77.9594, 16.8629 ], [ 77.9482, 16.8718 ], [ 77.9363, 16.8885 ], [ 77.9318, 16.9068 ], [ 77.9146, 16.921 ], [ 77.9033, 16.9262 ], [ 77.8897, 16.9246 ], [ 77.8773, 16.9286 ], [ 77.8696, 16.9275 ], [ 77.8842, 16.9579 ], [ 77.8783, 16.9679 ], [ 77.8704, 16.9676 ], [ 77.8672, 16.9552 ], [ 77.861, 16.9503 ], [ 77.849, 16.9506 ], [ 77.8416, 16.9608 ], [ 77.8372, 16.9491 ], [ 77.8335, 16.9487 ], [ 77.8246, 16.9566 ], [ 77.8343, 16.9877 ], [ 77.8251, 16.9869 ], [ 77.8134, 16.9946 ], [ 77.7986, 16.9935 ], [ 77.7985, 17.0069 ], [ 77.8083, 17.0166 ], [ 77.8138, 17.0165 ], [ 77.8172, 17.042 ], [ 77.8363, 17.0508 ], [ 77.859, 17.0449 ], [ 77.8673, 17.0458 ], [ 77.875, 17.0549 ], [ 77.8855, 17.0598 ], [ 77.8931, 17.0787 ], [ 77.9054, 17.0908 ], [ 77.9041, 17.0932 ], [ 77.8986, 17.0913 ], [ 77.9022, 17.0984 ], [ 77.9097, 17.1042 ], [ 77.9162, 17.1037 ], [ 77.9232, 17.1014 ], [ 77.9328, 17.07 ], [ 77.9237, 17.0655 ] ] ] } },
{ "type": "Feature", "properties": { "unit_id": "IND.32.9.5_1", "name": "Doma", "district": "Vikarabad", "did": "telangana:Vikarabad", "state_key": "telangana" }, "geometry": { "type": "Polygon", "coordinates": [ [ [ 77.8638, 17.1252 ], [ 77.8942, 17.1299 ], [ 77.8913, 17.1208 ], [ 77.9057, 17.1145 ], [ 77.9049, 17.1076 ], [ 77.9097, 17.1042 ], [ 77.8983, 17.0927 ], [ 77.9056, 17.0929 ], [ 77.9054, 17.0908 ], [ 77.8931, 17.0787 ], [ 77.8855, 17.0598 ], [ 77.875, 17.0549 ], [ 77.8673, 17.0458 ], [ 77.859, 17.0449 ], [ 77.8363, 17.0508 ], [ 77.8172, 17.042 ], [ 77.8138, 17.0165 ], [ 77.8083, 17.0166 ], [ 77.7985, 17.0069 ], [ 77.7984, 16.9989 ], [ 77.7602, 17.0022 ], [ 77.7609, 17.0139 ], [ 77.7658, 17.0218 ], [ 77.7764, 17.0213 ], [ 77.7851, 17.0455 ], [ 77.7749, 17.0511 ], [ 77.7716, 17.06 ], [ 77.7541, 17.0605 ], [ 77.751, 17.0632 ], [ 77.7607, 17.0812 ], [ 77.7592, 17.0945 ], [ 77.7651, 17.1083 ], [ 77.7761, 17.1126 ], [ 77.7762, 17.1227 ], [ 77.7671, 17.1304 ], [ 77.7736, 17.1398 ], [ 77.7896, 17.1346 ], [ 77.7951, 17.1366 ], [ 77.8078, 17.1342 ], [ 77.818, 17.1283 ], [ 77.832, 17.1335 ], [ 77.84, 17.142 ], [ 77.8606, 17.1369 ], [ 77.8638, 17.1252 ] ] ] } },
{ "type": "Feature", "properties": { "unit_id": "IND.32.9.5_1", "name": "Pargi", "district": "Vikarabad", "did": "telangana:Vikarabad", "state_key": "telangana" }, "geometry": { "type": "Polygon", "coordinates": [ [ [ 77.9431, 17.2024 ], [ 77.9474, 17.2046 ], [ 77.9652, 17.2012 ], [ 77.9605, 17.1934 ], [ 77.953, 17.1898 ], [ 77.95, 17.175 ], [ 77.926, 17.1624 ], [ 77.9324, 17.1499 ], [ 77.9607, 17.1377 ], [ 77.9722, 17.1442 ], [ 77.9752, 17.1513 ], [ 77.9823, 17.1469 ], [ 78.0039, 17.1473 ], [ 77.9987, 17.1336 ], [ 77.9917, 17.1282 ], [ 77.99, 17.1033 ], [ 77.9836, 17.1039 ], [ 77.9753, 17.0995 ], [ 77.9542, 17.0992 ], [ 77.9542, 17.0955 ], [ 77.9338, 17.0853 ], [ 77.9492, 17.0807 ], [ 77.949, 17.0755 ], [ 77.9328, 17.07 ], [ 77.9232, 17.1014 ], [ 77.9097, 17.1042 ], [ 77.9049, 17.1076 ], [ 77.9057, 17.1145 ], [ 77.8913, 17.1208 ], [ 77.8942, 17.1299 ], [ 77.8638, 17.1252 ], [ 77.8606, 17.1369 ], [ 77.84, 17.142 ], [ 77.832, 17.1335 ], [ 77.818, 17.1283 ], [ 77.8078, 17.1342 ], [ 77.7951, 17.1366 ], [ 77.7896, 17.1346 ], [ 77.7736, 17.1398 ], [ 77.7843, 17.1552 ], [ 77.7863, 17.1728 ], [ 77.7851, 17.1762 ], [ 77.7756, 17.1787 ], [ 77.7746, 17.1865 ], [ 77.7641, 17.2009 ], [ 77.7657, 17.2072 ], [ 77.7748, 17.2129 ], [ 77.7853, 17.211 ], [ 77.792, 17.2136 ], [ 77.8018, 17.206 ], [ 77.8141, 17.2064 ], [ 77.835, 17.2172 ], [ 77.8467, 17.2189 ], [ 77.853, 17.2488 ], [ 77.9081, 17.2446 ], [ 77.9079, 17.2174 ], [ 77.9336, 17.2128 ], [ 77.9431, 17.2024 ] ] ] } },
{ "type": "Feature", "properties": { "unit_id": "IND.32.5.8_1", "name": "Bomraspet", "district": "Vikarabad", "did": "telangana:Vikarabad", "state_key": "telangana" }, "geometry": { "type": "Polygon", "coordinates": [ [ [ 77.7875, 17.2209 ], [ 77.7665, 17.208 ], [ 77.7642, 17.2027 ], [ 77.7756, 17.1787 ], [ 77.7851, 17.1762 ], [ 77.7865, 17.1696 ], [ 77.7836, 17.1534 ], [ 77.7668, 17.1301 ], [ 77.7762, 17.1227 ], [ 77.7761, 17.1126 ], [ 77.7651, 17.1083 ], [ 77.7592, 17.0945 ], [ 77.7607, 17.0812 ], [ 77.751, 17.0632 ], [ 77.7541, 17.0605 ], [ 77.7716, 17.06 ], [ 77.7749, 17.0511 ], [ 77.7851, 17.0455 ], [ 77.7764, 17.0213 ], [ 77.7596, 17.0222 ], [ 77.7401, 17.0297 ], [ 77.7311, 17.0289 ], [ 77.734, 17.0337 ], [ 77.7276, 17.0384 ], [ 77.7146, 17.0402 ], [ 77.7041, 17.0265 ], [ 77.6856, 17.0207 ], [ 77.6671, 17.0345 ], [ 77.6691, 17.0505 ], [ 77.6953, 17.0832 ], [ 77.6751, 17.0847 ], [ 77.6674, 17.0882 ], [ 77.664, 17.0955 ], [ 77.645, 17.0998 ], [ 77.6461, 17.1064 ], [ 77.6522, 17.1108 ], [ 77.6476, 17.122 ], [ 77.6433, 17.1303 ], [ 77.6264, 17.1377 ], [ 77.6139, 17.1685 ], [ 77.6417, 17.1752 ], [ 77.6493, 17.1841 ], [ 77.6746, 17.1825 ], [ 77.6833, 17.1761 ], [ 77.6924, 17.1789 ], [ 77.6985, 17.176 ], [ 77.6939, 17.1867 ], [ 77.6978, 17.1937 ], [ 77.6938, 17.199 ], [ 77.7025, 17.2081 ], [ 77.7243, 17.2073 ], [ 77.7275, 17.202 ], [ 77.7242, 17.1899 ], [ 77.7286, 17.1846 ], [ 77.738, 17.1818 ], [ 77.7303, 17.2221 ], [ 77.735, 17.2308 ], [ 77.7522, 17.2279 ], [ 77.759, 17.2222 ], [ 77.7638, 17.2278 ], [ 77.771, 17.2291 ], [ 77.7737, 17.236 ], [ 77.7903, 17.2333 ], [ 77.7875, 17.2209 ] ] ] } },
{ "type": "Feature", "properties": { "unit_id": "IND.32.5.8_1", "name": "Kodangal", "district": "Vikarabad", "did": "telangana:Vikarabad", "state_key": "telangana" }, "geometry": { "type": "Polygon", "coordinates": [ [ [ 77.5096, 17.1764 ], [ 77.5193, 17.1697 ], [ 77.5356, 17.1665 ], [ 77.542, 17.1597 ], [ 77.5472, 17.1405 ], [ 77.576, 17.1308 ], [ 77.5862, 17.1512 ], [ 77.5951, 17.1522 ], [ 77.5975, 17.1487 ], [ 77.6038, 17.1486 ], [ 77.6168, 17.1549 ], [ 77.6264, 17.1377 ], [ 77.6433, 17.1303 ], [ 77.6476, 17.122 ], [ 77.6522, 17.1108 ], [ 77.6461, 17.1064 ], [ 77.645, 17.0998 ], [ 77.664, 17.0955 ], [ 77.6674, 17.0882 ], [ 77.6751, 17.0847 ], [ 77.6953, 17.0832 ], [ 77.6716, 17.0556 ], [ 77.6671, 17.0345 ], [ 77.6594, 17.0321 ], [ 77.6519, 17.0178 ], [ 77.6463, 17.0217 ], [ 77.6454, 17.0315 ], [ 77.6403, 17.0321 ], [ 77.6407, 17.0365 ], [ 77.6141, 17.0402 ], [ 77.6002, 17.0348 ], [ 77.591, 17.0362 ], [ 77.5894, 17.0471 ], [ 77.593, 17.0573 ], [ 77.5675, 17.0696 ], [ 77.5655, 17.0637 ], [ 77.5575, 17.064 ], [ 77.5526, 17.0571 ], [ 77.5393, 17.0615 ], [ 77.5338, 17.0599 ], [ 77.5348, 17.0291 ], [ 77.5191, 17.0349 ], [ 77.5191, 17.038 ], [ 77.509, 17.044 ], [ 77.4966, 17.0425 ], [ 77.4881, 17.0472 ], [ 77.4898, 17.0505 ], [ 77.479, 17.0726 ], [ 77.481, 17.0792 ], [ 77.4668, 17.0868 ], [ 77.4632, 17.1025 ], [ 77.469, 17.1151 ], [ 77.4797, 17.1191 ], [ 77.4844, 17.1329 ], [ 77.4727, 17.1416 ], [ 77.4799, 17.1532 ], [ 77.4776, 17.1745 ], [ 77.489, 17.1773 ], [ 77.5012, 17.1736 ], [ 77.5096, 17.1764 ] ] ] } },
{ "type": "Feature", "properties": { "unit_id": "IND.32.5.8_1", "name": "Doulatabad", "district": "Vikarabad", "did": "telangana:Vikarabad", "state_key": "telangana" }, "geometry": { "type": "Polygon", "coordinates": [ [ [ 77.5894, 17.0471 ], [ 77.591, 17.0362 ], [ 77.6002, 17.0348 ], [ 77.6141, 17.0402 ], [ 77.6218, 17.0371 ], [ 77.6374, 17.0374 ], [ 77.641, 17.0364 ], [ 77.6403, 17.0321 ], [ 77.6451, 17.032 ], [ 77.6493, 17.0179 ], [ 77.6415, 17.0192 ], [ 77.6306, 17.0021 ], [ 77.648, 17.0081 ], [ 77.6542, 17.0054 ], [ 77.6441, 16.9903 ], [ 77.624, 16.9844 ], [ 77.6231, 16.9529 ], [ 77.6036, 16.9466 ], [ 77.6028, 16.936 ], [ 77.5932, 16.9307 ], [ 77.5965, 16.9143 ], [ 77.5839, 16.9125 ], [ 77.5788, 16.9058 ], [ 77.5684, 16.9076 ], [ 77.5659, 16.9115 ], [ 77.5556, 16.9023 ], [ 77.5466, 16.9094 ], [ 77.5377, 16.9303 ], [ 77.5321, 16.9311 ], [ 77.5249, 16.9255 ], [ 77.5158, 16.9334 ], [ 77.5231, 16.9483 ], [ 77.4662, 16.9541 ], [ 77.4652, 16.9566 ], [ 77.4659, 16.9589 ], [ 77.4721, 16.9571 ], [ 77.4813, 16.9704 ], [ 77.4829, 16.9856 ], [ 77.4795, 16.996 ], [ 77.4866, 17.0032 ], [ 77.5022, 17.0094 ], [ 77.4949, 17.0271 ], [ 77.4972, 17.0431 ], [ 77.509, 17.044 ], [ 77.5191, 17.038 ], [ 77.5191, 17.0349 ], [ 77.5348, 17.0291 ], [ 77.5338, 17.0599 ], [ 77.5393, 17.0615 ], [ 77.5526, 17.0571 ], [ 77.5575, 17.064 ], [ 77.5655, 17.0637 ], [ 77.5675, 17.0696 ], [ 77.593, 17.0573 ], [ 77.5894, 17.0471 ] ] ] } },
{ "type": "Feature", "properties": { "unit_id": "IND.32.5.8_1", "name": "Kosgi", "district": "Narayanpet", "did": "telangana:Narayanpet", "state_key": "telangana" }, "geometry": { "type": "Polygon", "coordinates": [ [ [ 77.7401, 17.0297 ], [ 77.7658, 17.0218 ], [ 77.7609, 17.0139 ], [ 77.7594, 16.9939 ], [ 77.7505, 16.9775 ], [ 77.7553, 16.9763 ], [ 77.7558, 16.9687 ], [ 77.7509, 16.9542 ], [ 77.7302, 16.9438 ], [ 77.7301, 16.9393 ], [ 77.7403, 16.9384 ], [ 77.7402, 16.9199 ], [ 77.746, 16.9107 ], [ 77.7406, 16.9012 ], [ 77.7396, 16.8835 ], [ 77.7264, 16.8706 ], [ 77.707, 16.8624 ], [ 77.7022, 16.8679 ], [ 77.6991, 16.8645 ], [ 77.6792, 16.863 ], [ 77.6734, 16.9022 ], [ 77.6651, 16.9027 ], [ 77.652, 16.9156 ], [ 77.6544, 16.93 ], [ 77.6615, 16.9406 ], [ 77.6519, 16.9507 ], [ 77.6231, 16.9529 ], [ 77.624, 16.9844 ], [ 77.6455, 16.9915 ], [ 77.6531, 17.0069 ], [ 77.6468, 17.0079 ], [ 77.6379, 17.0024 ], [ 77.6306, 17.0021 ], [ 77.6415, 17.0192 ], [ 77.6519, 17.0178 ], [ 77.6605, 17.0329 ], [ 77.6687, 17.0341 ], [ 77.6873, 17.0206 ], [ 77.7041, 17.0265 ], [ 77.7146, 17.0402 ], [ 77.7276, 17.0384 ], [ 77.734, 17.0337 ], [ 77.7311, 17.0289 ], [ 77.7401, 17.0297 ] ] ] } },
{ "type": "Feature", "properties": { "unit_id": "IND.32.5.10_1", "name": "Narayanpet", "district": "Narayanpet", "did": "telangana:Narayanpet", "state_key": "telangana" }, "geometry": { "type": "Polygon", "coordinates": [ [ [ 77.5587, 16.7868 ], [ 77.5561, 16.7761 ], [ 77.5769, 16.7603 ], [ 77.5777, 16.7505 ], [ 77.599, 16.7493 ], [ 77.6019, 16.7419 ], [ 77.6078, 16.7385 ], [ 77.6174, 16.7398 ], [ 77.6194, 16.7439 ], [ 77.6149, 16.7559 ], [ 77.616, 16.7691 ], [ 77.6055, 16.7816 ], [ 77.619, 16.7841 ], [ 77.6272, 16.7944 ], [ 77.6497, 16.7981 ], [ 77.6636, 16.7755 ], [ 77.6744, 16.7767 ], [ 77.6775, 16.7578 ], [ 77.6968, 16.7483 ], [ 77.6889, 16.7209 ], [ 77.6705, 16.704 ], [ 77.6706, 16.6971 ], [ 77.6583, 16.6893 ], [ 77.661, 16.6861 ], [ 77.6559, 16.6747 ], [ 77.6597, 16.6682 ], [ 77.6488, 16.6491 ], [ 77.6431, 16.6526 ], [ 77.6252, 16.6466 ], [ 77.6166, 16.6529 ], [ 77.6034, 16.6724 ], [ 77.6063, 16.6922 ], [ 77.5983, 16.6964 ], [ 77.5915, 16.6832 ], [ 77.5821, 16.6799 ], [ 77.5709, 16.6853 ], [ 77.5719, 16.6986 ], [ 77.5814, 16.7096 ], [ 77.5742, 16.7182 ], [ 77.5676, 16.7185 ], [ 77.5587, 16.7059 ], [ 77.535, 16.6994 ], [ 77.5198, 16.7145 ], [ 77.5198, 16.7387 ], [ 77.5123, 16.728 ], [ 77.4987, 16.7246 ], [ 77.4987, 16.7222 ], [ 77.4846, 16.7256 ], [ 77.485, 16.7283 ], [ 77.4766, 16.732 ], [ 77.4659, 16.7611 ], [ 77.4633, 16.781 ], [ 77.4745, 16.7812 ], [ 77.4764, 16.7881 ], [ 77.4943, 16.7842 ], [ 77.4939, 16.7871 ], [ 77.5012, 16.7875 ], [ 77.5148, 16.7985 ], [ 77.5395, 16.7958 ], [ 77.5587, 16.7868 ] ] ] } },
{ "type": "Feature", "properties": { "unit_id": "IND.32.5.8_1", "name": "Maddur", "district": "Narayanpet", "did": "telangana:Narayanpet", "state_key": "telangana" }, "geometry": { "type": "Polygon", "coordinates": [ [ [ 77.6519, 16.9507 ], [ 77.6615, 16.9406 ], [ 77.6544, 16.93 ], [ 77.652, 16.9156 ], [ 77.6651, 16.9027 ], [ 77.6734, 16.9022 ], [ 77.6792, 16.863 ], [ 77.6991, 16.8645 ], [ 77.7022, 16.8679 ], [ 77.707, 16.8624 ], [ 77.7317, 16.8743 ], [ 77.7347, 16.8625 ], [ 77.7275, 16.8498 ], [ 77.7437, 16.8274 ], [ 77.7295, 16.8111 ], [ 77.7415, 16.7931 ], [ 77.7353, 16.7893 ], [ 77.7111, 16.7928 ], [ 77.7082, 16.7832 ], [ 77.6945, 16.7933 ], [ 77.6867, 16.7914 ], [ 77.6794, 16.7949 ], [ 77.6791, 16.7773 ], [ 77.6636, 16.7755 ], [ 77.6497, 16.7981 ], [ 77.6272, 16.7944 ], [ 77.619, 16.7841 ], [ 77.6055, 16.7816 ], [ 77.6018, 16.7972 ], [ 77.5897, 16.8011 ], [ 77.5872, 16.8057 ], [ 77.5761, 16.8034 ], [ 77.5685, 16.8317 ], [ 77.593, 16.849 ], [ 77.5715, 16.8611 ], [ 77.5622, 16.8897 ], [ 77.5679, 16.9067 ], [ 77.5788, 16.9058 ], [ 77.5839, 16.9125 ], [ 77.5965, 16.9143 ], [ 77.5932, 16.9307 ], [ 77.6028, 16.936 ], [ 77.6054, 16.9481 ], [ 77.6238, 16.9533 ], [ 77.6422, 16.9495 ], [ 77.6519, 16.9507 ] ] ] } },
{ "type": "Feature", "properties": { "unit_id": "IND.32.5.8_1", "name": "Damaragidda", "district": "Narayanpet", "did": "telangana:Narayanpet", "state_key": "telangana" }, "geometry": { "type": "Polygon", "coordinates": [ [ [ 77.5158, 16.9334 ], [ 77.5249, 16.9255 ], [ 77.5321, 16.9311 ], [ 77.5377, 16.9303 ], [ 77.5466, 16.9094 ], [ 77.5537, 16.9029 ], [ 77.5576, 16.9022 ], [ 77.5659, 16.9115 ], [ 77.5684, 16.9076 ], [ 77.5622, 16.8897 ], [ 77.5715, 16.8611 ], [ 77.593, 16.849 ], [ 77.5685, 16.8317 ], [ 77.5725, 16.811 ], [ 77.5774, 16.8018 ], [ 77.5872, 16.8057 ], [ 77.5897, 16.8011 ], [ 77.6018, 16.7972 ], [ 77.6055, 16.7816 ], [ 77.616, 16.7691 ], [ 77.6149, 16.7559 ], [ 77.6194, 16.7439 ], [ 77.6154, 16.739 ], [ 77.6078, 16.7385 ], [ 77.6019, 16.7419 ], [ 77.599, 16.7493 ], [ 77.578, 16.7502 ], [ 77.5769, 16.7603 ], [ 77.5561, 16.7761 ], [ 77.5587, 16.7868 ], [ 77.5395, 16.7958 ], [ 77.5257, 16.795 ], [ 77.5148, 16.7985 ], [ 77.5012, 16.7875 ], [ 77.4939, 16.7871 ], [ 77.4943, 16.7842 ], [ 77.4734, 16.7892 ], [ 77.4743, 16.8023 ], [ 77.4657, 16.8059 ], [ 77.4632, 16.8222 ], [ 77.4571, 16.8302 ], [ 77.4641, 16.8506 ], [ 77.4604, 16.8848 ], [ 77.4559, 16.8853 ], [ 77.4579, 16.9095 ], [ 77.454, 16.9139 ], [ 77.4592, 16.9173 ], [ 77.4665, 16.9151 ], [ 77.4694, 16.9192 ], [ 77.4694, 16.9281 ], [ 77.4642, 16.9299 ], [ 77.4683, 16.9396 ], [ 77.4648, 16.9442 ], [ 77.4662, 16.9541 ], [ 77.5239, 16.9478 ], [ 77.5158, 16.9334 ] ] ] } },
{ "type": "Feature", "properties": { "unit_id": "IND.32.9.6_1", "name": "Basheerabad", "district": "Vikarabad", "did": "telangana:Vikarabad", "state_key": "telangana" }, "geometry": { "type": "Polygon", "coordinates": [ [ [ 77.4764, 17.2631 ], [ 77.4826, 17.2675 ], [ 77.4932, 17.2687 ], [ 77.5207, 17.2568 ], [ 77.5178, 17.2501 ], [ 77.5227, 17.2493 ], [ 77.5178, 17.2355 ], [ 77.5233, 17.224 ], [ 77.5266, 17.2238 ], [ 77.5222, 17.2161 ], [ 77.5262, 17.2106 ], [ 77.5392, 17.2092 ], [ 77.5374, 17.1952 ], [ 77.529, 17.1867 ], [ 77.5343, 17.1787 ], [ 77.5308, 17.1681 ], [ 77.5193, 17.1697 ], [ 77.5096, 17.1764 ], [ 77.5017, 17.1735 ], [ 77.489, 17.1773 ], [ 77.4776, 17.1745 ], [ 77.4799, 17.1532 ], [ 77.4727, 17.1416 ], [ 77.4844, 17.1329 ], [ 77.4797, 17.1191 ], [ 77.469, 17.1151 ], [ 77.4655, 17.1064 ], [ 77.4458, 17.118 ], [ 77.436, 17.115 ], [ 77.4067, 17.1245 ], [ 77.4038, 17.1329 ], [ 77.3779, 17.1399 ], [ 77.3782, 17.1526 ], [ 77.3669, 17.1544 ], [ 77.3624, 17.1638 ], [ 77.3719, 17.1811 ], [ 77.3723, 17.1956 ], [ 77.3817, 17.1977 ], [ 77.3939, 17.1944 ], [ 77.3964, 17.2075 ], [ 77.4037, 17.2099 ], [ 77.402, 17.2141 ], [ 77.3888, 17.2153 ], [ 77.3802, 17.2225 ], [ 77.4083, 17.2412 ], [ 77.4114, 17.2377 ], [ 77.4204, 17.2376 ], [ 77.4263, 17.2565 ], [ 77.4358, 17.2602 ], [ 77.444, 17.2705 ], [ 77.4714, 17.2691 ], [ 77.4764, 17.2631 ] ] ] } },
{ "type": "Feature", "properties": { "unit_id": "IND.32.9.6_1", "name": "Yelal", "district": "Vikarabad", "did": "telangana:Vikarabad", "state_key": "telangana" }, "geometry": { "type": "Polygon", "coordinates": [ [ [ 77.7388, 17.2812 ], [ 77.7376, 17.2674 ], [ 77.7481, 17.2611 ], [ 77.7487, 17.2507 ], [ 77.7409, 17.2297 ], [ 77.735, 17.2308 ], [ 77.7303, 17.2221 ], [ 77.738, 17.1818 ], [ 77.7286, 17.1846 ], [ 77.7242, 17.1899 ], [ 77.7275, 17.202 ], [ 77.7243, 17.2073 ], [ 77.7016, 17.2079 ], [ 77.6938, 17.199 ], [ 77.6978, 17.1937 ], [ 77.6939, 17.1867 ], [ 77.6985, 17.176 ], [ 77.6924, 17.1789 ], [ 77.6833, 17.1761 ], [ 77.6746, 17.1825 ], [ 77.6493, 17.1841 ], [ 77.6417, 17.1752 ], [ 77.6139, 17.1685 ], [ 77.6202, 17.1532 ], [ 77.613, 17.1541 ], [ 77.6038, 17.1486 ], [ 77.5975, 17.1487 ], [ 77.5951, 17.1522 ], [ 77.5862, 17.1512 ], [ 77.5765, 17.1308 ], [ 77.5472, 17.1405 ], [ 77.5415, 17.1606 ], [ 77.5308, 17.1681 ], [ 77.5343, 17.1787 ], [ 77.529, 17.1867 ], [ 77.5374, 17.1952 ], [ 77.5392, 17.2092 ], [ 77.5532, 17.2093 ], [ 77.556, 17.2124 ], [ 77.5541, 17.2359 ], [ 77.5576, 17.2377 ], [ 77.5774, 17.2334 ], [ 77.583, 17.2269 ], [ 77.5896, 17.2361 ], [ 77.5993, 17.2364 ], [ 77.6057, 17.2629 ], [ 77.6019, 17.2682 ], [ 77.604, 17.2781 ], [ 77.6197, 17.2848 ], [ 77.6299, 17.2723 ], [ 77.6302, 17.2479 ], [ 77.6394, 17.249 ], [ 77.6418, 17.2451 ], [ 77.6505, 17.2449 ], [ 77.6507, 17.2419 ], [ 77.6665, 17.2346 ], [ 77.6852, 17.2605 ], [ 77.6765, 17.2665 ], [ 77.6764, 17.2724 ], [ 77.6996, 17.2795 ], [ 77.7008, 17.2759 ], [ 77.7199, 17.2844 ], [ 77.7466, 17.2883 ], [ 77.7388, 17.2812 ] ] ] } },
{ "type": "Feature", "properties": { "unit_id": "IND.32.9.6_1", "name": "Peddemul", "district": "Vikarabad", "did": "telangana:Vikarabad", "state_key": "telangana" }, "geometry": { "type": "Polygon", "coordinates": [ [ [ 77.6886, 17.4753 ], [ 77.6709, 17.4336 ], [ 77.6572, 17.4267 ], [ 77.6572, 17.4189 ], [ 77.6687, 17.4052 ], [ 77.6682, 17.3839 ], [ 77.6724, 17.3698 ], [ 77.6697, 17.3661 ], [ 77.6983, 17.3591 ], [ 77.7065, 17.3433 ], [ 77.7086, 17.3246 ], [ 77.7272, 17.3217 ], [ 77.7127, 17.3063 ], [ 77.7199, 17.2844 ], [ 77.7008, 17.2759 ], [ 77.6996, 17.2795 ], [ 77.6766, 17.2724 ], [ 77.6732, 17.2771 ], [ 77.6495, 17.2691 ], [ 77.6446, 17.2978 ], [ 77.6529, 17.3148 ], [ 77.6302, 17.3131 ], [ 77.6266, 17.3098 ], [ 77.5894, 17.3035 ], [ 77.5872, 17.3153 ], [ 77.5831, 17.3173 ], [ 77.5862, 17.3251 ], [ 77.571, 17.3357 ], [ 77.5765, 17.3547 ], [ 77.5709, 17.3598 ], [ 77.5771, 17.3706 ], [ 77.5762, 17.3922 ], [ 77.5579, 17.3857 ], [ 77.5466, 17.3967 ], [ 77.5335, 17.3987 ], [ 77.5371, 17.4075 ], [ 77.5142, 17.4142 ], [ 77.513, 17.4309 ], [ 77.5373, 17.4437 ], [ 77.5759, 17.4307 ], [ 77.5762, 17.4562 ], [ 77.6029, 17.4442 ], [ 77.6143, 17.4459 ], [ 77.6152, 17.4729 ], [ 77.6382, 17.4735 ], [ 77.6448, 17.4776 ], [ 77.6479, 17.4961 ], [ 77.6571, 17.5066 ], [ 77.6523, 17.4827 ], [ 77.6886, 17.4753 ] ] ] } },
{ "type": "Feature", "properties": { "unit_id": "IND.32.9.6_1", "name": "Tandur", "district": "Vikarabad", "did": "telangana:Vikarabad", "state_key": "telangana" }, "geometry": { "type": "Polygon", "coordinates": [ [ [ 77.5762, 17.3922 ], [ 77.5771, 17.3706 ], [ 77.5709, 17.3598 ], [ 77.5765, 17.3547 ], [ 77.571, 17.3357 ], [ 77.5862, 17.3251 ], [ 77.5831, 17.3173 ], [ 77.5872, 17.3153 ], [ 77.5894, 17.3035 ], [ 77.6266, 17.3098 ], [ 77.6302, 17.3131 ], [ 77.6529, 17.3148 ], [ 77.6446, 17.2978 ], [ 77.6495, 17.2691 ], [ 77.6732, 17.2771 ], [ 77.6765, 17.2665 ], [ 77.6852, 17.2605 ], [ 77.6665, 17.2346 ], [ 77.6635, 17.235 ], [ 77.6505, 17.2449 ], [ 77.6418, 17.2451 ], [ 77.6394, 17.249 ], [ 77.6302, 17.2479 ], [ 77.6299, 17.2723 ], [ 77.6181, 17.2849 ], [ 77.604, 17.2781 ], [ 77.6019, 17.2682 ], [ 77.6057, 17.2629 ], [ 77.5993, 17.2364 ], [ 77.5896, 17.2361 ], [ 77.583, 17.2269 ], [ 77.5774, 17.2334 ], [ 77.5559, 17.2369 ], [ 77.5533, 17.2314 ], [ 77.556, 17.2308 ], [ 77.556, 17.2124 ], [ 77.5532, 17.2093 ], [ 77.5384, 17.2091 ], [ 77.5262, 17.2106 ], [ 77.5222, 17.2161 ], [ 77.5266, 17.2238 ], [ 77.5233, 17.224 ], [ 77.5178, 17.2355 ], [ 77.5227, 17.2493 ], [ 77.5178, 17.2501 ], [ 77.5207, 17.2568 ], [ 77.4932, 17.2687 ], [ 77.4826, 17.2675 ], [ 77.4764, 17.2631 ], [ 77.4714, 17.2691 ], [ 77.4509, 17.2703 ], [ 77.4587, 17.2796 ], [ 77.4556, 17.2865 ], [ 77.438, 17.2933 ], [ 77.4488, 17.3096 ], [ 77.456, 17.3312 ], [ 77.4571, 17.3474 ], [ 77.4511, 17.3594 ], [ 77.4536, 17.374 ], [ 77.4791, 17.3707 ], [ 77.4744, 17.3615 ], [ 77.4834, 17.3551 ], [ 77.4882, 17.3587 ], [ 77.5026, 17.3571 ], [ 77.5241, 17.3642 ], [ 77.5298, 17.3707 ], [ 77.5332, 17.3805 ], [ 77.5262, 17.3819 ], [ 77.5241, 17.3868 ], [ 77.5335, 17.3987 ], [ 77.5466, 17.3967 ], [ 77.5579, 17.3857 ], [ 77.5762, 17.3922 ] ] ] } },
{ "type": "Feature", "properties": { "unit_id": "IND.32.9.7_1", "name": "Bantwaram", "district": "Vikarabad", "did": "telangana:Vikarabad", "state_key": "telangana" }, "geometry": { "type": "Polygon", "coordinates": [ [ [ 77.7415, 17.4717 ], [ 77.7489, 17.4722 ], [ 77.7507, 17.4651 ], [ 77.761, 17.4667 ], [ 77.7664, 17.4618 ], [ 77.7772, 17.4608 ], [ 77.7859, 17.4673 ], [ 77.8012, 17.4678 ], [ 77.8499, 17.4384 ], [ 77.8484, 17.4152 ], [ 77.8393, 17.4133 ], [ 77.8342, 17.3967 ], [ 77.7999, 17.3994 ], [ 77.7913, 17.3909 ], [ 77.7916, 17.3807 ], [ 77.8021, 17.3813 ], [ 77.7851, 17.3703 ], [ 77.768, 17.3766 ], [ 77.7563, 17.3671 ], [ 77.7487, 17.3718 ], [ 77.7452, 17.3663 ], [ 77.736, 17.3743 ], [ 77.727, 17.3729 ], [ 77.7064, 17.3781 ], [ 77.7053, 17.3672 ], [ 77.6978, 17.3593 ], [ 77.6697, 17.3661 ], [ 77.6724, 17.3698 ], [ 77.6682, 17.3839 ], [ 77.6687, 17.4052 ], [ 77.6572, 17.4189 ], [ 77.6575, 17.4273 ], [ 77.6709, 17.4336 ], [ 77.6829, 17.457 ], [ 77.7064, 17.4545 ], [ 77.7122, 17.4478 ], [ 77.7209, 17.4493 ], [ 77.7262, 17.454 ], [ 77.7237, 17.4582 ], [ 77.7279, 17.4681 ], [ 77.7358, 17.4772 ], [ 77.7415, 17.4717 ] ] ] } },
{ "type": "Feature", "properties": { "unit_id": "IND.32.6.8_1", "name": "Zaheerabad", "district": "Sangareddy", "did": "telangana:Sangareddy", "state_key": "telangana" }, "geometry": { "type": "Polygon", "coordinates": [ [ [ 77.6395, 17.7308 ], [ 77.6454, 17.7209 ], [ 77.6477, 17.7 ], [ 77.6594, 17.6881 ], [ 77.6736, 17.6824 ], [ 77.7037, 17.6967 ], [ 77.7172, 17.7083 ], [ 77.7253, 17.6948 ], [ 77.7209, 17.6735 ], [ 77.7252, 17.6655 ], [ 77.7336, 17.6626 ], [ 77.738, 17.6675 ], [ 77.7467, 17.6912 ], [ 77.7626, 17.6794 ], [ 77.7692, 17.6827 ], [ 77.7727, 17.6782 ], [ 77.7747, 17.6471 ], [ 77.7864, 17.6459 ], [ 77.7819, 17.6307 ], [ 77.7766, 17.627 ], [ 77.7623, 17.6277 ], [ 77.7464, 17.6241 ], [ 77.7496, 17.6135 ], [ 77.7604, 17.6154 ], [ 77.7674, 17.6126 ], [ 77.7742, 17.601 ], [ 77.7699, 17.5841 ], [ 77.765, 17.5844 ], [ 77.7615, 17.5792 ], [ 77.7613, 17.558 ], [ 77.7094, 17.5258 ], [ 77.6905, 17.5263 ], [ 77.6875, 17.5117 ], [ 77.6834, 17.5082 ], [ 77.6686, 17.5116 ], [ 77.662, 17.5228 ], [ 77.6453, 17.5224 ], [ 77.637, 17.5257 ], [ 77.628, 17.5236 ], [ 77.6121, 17.5348 ], [ 77.6074, 17.5323 ], [ 77.603, 17.5358 ], [ 77.5969, 17.5343 ], [ 77.5938, 17.5645 ], [ 77.5891, 17.5647 ], [ 77.5881, 17.56 ], [ 77.5506, 17.5517 ], [ 77.5374, 17.5754 ], [ 77.5284, 17.5754 ], [ 77.5069, 17.5423 ], [ 77.5, 17.5467 ], [ 77.5004, 17.5562 ], [ 77.4941, 17.5684 ], [ 77.4781, 17.5668 ], [ 77.4618, 17.5808 ], [ 77.4431, 17.584 ], [ 77.4448, 17.6094 ], [ 77.4487, 17.6093 ], [ 77.4558, 17.6325 ], [ 77.4482, 17.6511 ], [ 77.4548, 17.6745 ], [ 77.4524, 17.6947 ], [ 77.4675, 17.703 ], [ 77.4842, 17.7056 ], [ 77.4849, 17.7091 ], [ 77.4923, 17.7081 ], [ 77.4971, 17.7155 ], [ 77.5091, 17.7163 ], [ 77.522, 17.726 ], [ 77.5286, 17.7252 ], [ 77.5313, 17.7287 ], [ 77.546, 17.7268 ], [ 77.5503, 17.7367 ], [ 77.561, 17.7396 ], [ 77.5696, 17.7377 ], [ 77.6018, 17.7473 ], [ 77.6206, 17.7445 ], [ 77.6395, 17.7308 ] ] ] } },
{ "type": "Feature", "properties": { "unit_id": "IND.32.6.4_1", "name": "Manoor", "district": "Sangareddy", "did": "telangana:Sangareddy", "state_key": "telangana" }, "geometry": { "type": "Polygon", "coordinates": [ [ [ 77.6473, 18.1231 ], [ 77.6731, 18.1043 ], [ 77.657, 18.0762 ], [ 77.666, 18.0579 ], [ 77.6835, 18.0532 ], [ 77.6955, 18.0363 ], [ 77.706, 18.0306 ], [ 77.7119, 18.0365 ], [ 77.7237, 18.038 ], [ 77.7365, 18.0444 ], [ 77.7565, 18.0432 ], [ 77.7558, 18.0342 ], [ 77.7447, 18.0282 ], [ 77.7487, 18.0212 ], [ 77.745, 18.01 ], [ 77.7488, 18.0075 ], [ 77.7496, 17.994 ], [ 77.775, 17.9867 ], [ 77.7854, 17.988 ], [ 77.7952, 17.9942 ], [ 77.8033, 17.9918 ], [ 77.7973, 17.9731 ], [ 77.8089, 17.9697 ], [ 77.822, 17.9708 ], [ 77.8214, 17.9576 ], [ 77.8107, 17.9598 ], [ 77.8015, 17.949 ], [ 77.7948, 17.9245 ], [ 77.8103, 17.9234 ], [ 77.8211, 17.9271 ], [ 77.8223, 17.903 ], [ 77.8339, 17.9 ], [ 77.8383, 17.8907 ], [ 77.8425, 17.89 ], [ 77.8446, 17.8713 ], [ 77.8518, 17.8709 ], [ 77.8454, 17.8589 ], [ 77.8353, 17.8616 ], [ 77.8223, 17.8795 ], [ 77.8083, 17.8801 ], [ 77.7932, 17.8862 ], [ 77.7925, 17.8996 ], [ 77.7768, 17.9293 ], [ 77.7561, 17.9079 ], [ 77.7454, 17.9106 ], [ 77.7341, 17.9328 ], [ 77.7217, 17.9278 ], [ 77.7099, 17.9114 ], [ 77.6947, 17.9172 ], [ 77.6914, 17.9224 ], [ 77.695, 17.9295 ], [ 77.709, 17.9403 ], [ 77.7061, 17.9515 ], [ 77.6856, 17.9529 ], [ 77.6435, 17.9404 ], [ 77.6559, 17.9688 ], [ 77.6482, 17.9803 ], [ 77.6518, 17.9898 ], [ 77.6499, 17.9979 ], [ 77.6278, 17.9968 ], [ 77.6197, 18.0065 ], [ 77.6075, 18.0099 ], [ 77.6059, 18.0202 ], [ 77.5896, 18.0117 ], [ 77.5806, 18.0316 ], [ 77.5538, 18.0358 ], [ 77.5483, 18.0652 ], [ 77.5574, 18.0637 ], [ 77.5597, 18.0719 ], [ 77.5659, 18.0767 ], [ 77.597, 18.0868 ], [ 77.6016, 18.1059 ], [ 77.5992, 18.1208 ], [ 77.6331, 18.1266 ], [ 77.6473, 18.1231 ] ] ] } },
{ "type": "Feature", "properties": { "unit_id": "IND.32.6.8_1", "name": "Nyalkal", "district": "Sangareddy", "did": "telangana:Sangareddy", "state_key": "telangana" }, "geometry": { "type": "Polygon", "coordinates": [ [ [ 77.6409, 17.9541 ], [ 77.6494, 17.95 ], [ 77.6426, 17.942 ], [ 77.6454, 17.94 ], [ 77.6868, 17.9532 ], [ 77.7077, 17.9499 ], [ 77.709, 17.9403 ], [ 77.695, 17.9295 ], [ 77.6914, 17.9224 ], [ 77.6947, 17.9172 ], [ 77.7066, 17.9119 ], [ 77.705, 17.8998 ], [ 77.6887, 17.8771 ], [ 77.6936, 17.8708 ], [ 77.6775, 17.8642 ], [ 77.6704, 17.8524 ], [ 77.6889, 17.8471 ], [ 77.6898, 17.8367 ], [ 77.7069, 17.8347 ], [ 77.7087, 17.8262 ], [ 77.699, 17.8121 ], [ 77.6886, 17.8143 ], [ 77.6726, 17.8085 ], [ 77.6724, 17.7976 ], [ 77.667, 17.7892 ], [ 77.6576, 17.7901 ], [ 77.6552, 17.7863 ], [ 77.6345, 17.7896 ], [ 77.6284, 17.7877 ], [ 77.6212, 17.7674 ], [ 77.6265, 17.756 ], [ 77.6217, 17.7439 ], [ 77.6018, 17.7473 ], [ 77.5696, 17.7377 ], [ 77.5569, 17.7376 ], [ 77.5685, 17.7489 ], [ 77.5691, 17.7665 ], [ 77.5549, 17.764 ], [ 77.5375, 17.7799 ], [ 77.5344, 17.7776 ], [ 77.5066, 17.786 ], [ 77.5149, 17.8054 ], [ 77.529, 17.8129 ], [ 77.5282, 17.8279 ], [ 77.5467, 17.8285 ], [ 77.5489, 17.8194 ], [ 77.554, 17.8201 ], [ 77.5607, 17.8386 ], [ 77.5674, 17.8454 ], [ 77.5648, 17.8512 ], [ 77.5693, 17.8516 ], [ 77.57, 17.8676 ], [ 77.5764, 17.8754 ], [ 77.5806, 17.8734 ], [ 77.5834, 17.877 ], [ 77.5991, 17.8731 ], [ 77.6004, 17.8806 ], [ 77.5958, 17.8814 ], [ 77.586, 17.8938 ], [ 77.5863, 17.9086 ], [ 77.6, 17.9041 ], [ 77.6052, 17.9078 ], [ 77.619, 17.9041 ], [ 77.622, 17.9296 ], [ 77.6187, 17.9395 ], [ 77.6229, 17.9455 ], [ 77.6325, 17.9467 ], [ 77.6329, 17.9558 ], [ 77.6245, 17.9596 ], [ 77.633, 17.9674 ], [ 77.6372, 17.9523 ], [ 77.6409, 17.9541 ] ] ] } },
{ "type": "Feature", "properties": { "unit_id": "IND.32.6.8_1", "name": "Jharasangam", "district": "Sangareddy", "did": "telangana:Sangareddy", "state_key": "telangana" }, "geometry": { "type": "Polygon", "coordinates": [ [ [ 77.7394, 17.8247 ], [ 77.7562, 17.8232 ], [ 77.7577, 17.8103 ], [ 77.7641, 17.8084 ], [ 77.7598, 17.7859 ], [ 77.7669, 17.7751 ], [ 77.7606, 17.7657 ], [ 77.7924, 17.7674 ], [ 77.7906, 17.7465 ], [ 77.8018, 17.7433 ], [ 77.7955, 17.7332 ], [ 77.794, 17.7193 ], [ 77.7862, 17.7146 ], [ 77.7846, 17.6967 ], [ 77.7703, 17.694 ], [ 77.7752, 17.6846 ], [ 77.7626, 17.6794 ], [ 77.7457, 17.6913 ], [ 77.7425, 17.677 ], [ 77.7336, 17.6626 ], [ 77.7252, 17.6655 ], [ 77.7209, 17.6735 ], [ 77.7258, 17.6912 ], [ 77.7172, 17.7083 ], [ 77.7037, 17.6967 ], [ 77.6736, 17.6824 ], [ 77.6658, 17.6848 ], [ 77.6477, 17.7 ], [ 77.6454, 17.7209 ], [ 77.6395, 17.7308 ], [ 77.6217, 17.7439 ], [ 77.6265, 17.756 ], [ 77.6212, 17.7674 ], [ 77.6284, 17.7877 ], [ 77.6345, 17.7896 ], [ 77.6552, 17.7863 ], [ 77.6576, 17.7901 ], [ 77.667, 17.7892 ], [ 77.6724, 17.7976 ], [ 77.6726, 17.8085 ], [ 77.6886, 17.8143 ], [ 77.699, 17.8121 ], [ 77.7087, 17.8262 ], [ 77.7299, 17.8294 ], [ 77.7394, 17.8247 ] ] ] } },
{ "type": "Feature", "properties": { "unit_id": "IND.32.6.6_1", "name": "Munpalle", "district": "Sangareddy", "did": "telangana:Sangareddy", "state_key": "telangana" }, "geometry": { "type": "Polygon", "coordinates": [ [ [ 77.9094, 17.8111 ], [ 77.9085, 17.7826 ], [ 77.9034, 17.7684 ], [ 77.9177, 17.7659 ], [ 77.9321, 17.7447 ], [ 77.9219, 17.7419 ], [ 77.9206, 17.7209 ], [ 77.9175, 17.7181 ], [ 77.8866, 17.7096 ], [ 77.8877, 17.7037 ], [ 77.8969, 17.6948 ], [ 77.9025, 17.6938 ], [ 77.899, 17.6865 ], [ 77.9081, 17.6839 ], [ 77.8916, 17.6789 ], [ 77.893, 17.671 ], [ 77.8752, 17.6652 ], [ 77.8711, 17.6458 ], [ 77.8569, 17.644 ], [ 77.8551, 17.6311 ], [ 77.8666, 17.6195 ], [ 77.8528, 17.6084 ], [ 77.8559, 17.6129 ], [ 77.8515, 17.6169 ], [ 77.8229, 17.632 ], [ 77.8155, 17.6264 ], [ 77.7971, 17.6258 ], [ 77.7902, 17.6377 ], [ 77.7834, 17.6388 ], [ 77.7856, 17.6469 ], [ 77.7747, 17.6471 ], [ 77.7727, 17.6782 ], [ 77.7692, 17.6827 ], [ 77.7752, 17.6853 ], [ 77.7703, 17.694 ], [ 77.7846, 17.6967 ], [ 77.7868, 17.716 ], [ 77.7924, 17.7167 ], [ 77.7968, 17.7251 ], [ 77.7938, 17.7275 ], [ 77.8018, 17.7433 ], [ 77.7906, 17.7465 ], [ 77.7924, 17.7674 ], [ 77.808, 17.7666 ], [ 77.8132, 17.7802 ], [ 77.8425, 17.7798 ], [ 77.8449, 17.7866 ], [ 77.8667, 17.7918 ], [ 77.8756, 17.7999 ], [ 77.8828, 17.8182 ], [ 77.898, 17.8179 ], [ 77.9094, 17.8111 ] ] ] } },
{ "type": "Feature", "properties": { "unit_id": "IND.32.6.6_1", "name": "Sadasivpet", "district": "Sangareddy", "did": "telangana:Sangareddy", "state_key": "telangana" }, "geometry": { "type": "Polygon", "coordinates": [ [ [ 77.9373, 17.7336 ], [ 77.9382, 17.7158 ], [ 77.9511, 17.7119 ], [ 77.9619, 17.7187 ], [ 77.9707, 17.7175 ], [ 77.9782, 17.7219 ], [ 77.9923, 17.717 ], [ 77.9963, 17.7125 ], [ 77.9948, 17.698 ], [ 78.0342, 17.6869 ], [ 78.0371, 17.6828 ], [ 78.035, 17.6711 ], [ 78.0448, 17.6675 ], [ 78.053, 17.6592 ], [ 78.0491, 17.6594 ], [ 78.053, 17.6521 ], [ 78.0406, 17.6344 ], [ 78.042, 17.6114 ], [ 78.0274, 17.6016 ], [ 78.0264, 17.5916 ], [ 78.0166, 17.591 ], [ 78.0015, 17.5816 ], [ 78.0031, 17.5963 ], [ 77.9898, 17.6011 ], [ 77.9743, 17.5897 ], [ 77.9741, 17.5828 ], [ 77.9333, 17.5669 ], [ 77.9294, 17.5722 ], [ 77.8973, 17.5821 ], [ 77.8861, 17.5801 ], [ 77.8727, 17.5826 ], [ 77.8687, 17.5968 ], [ 77.8749, 17.603 ], [ 77.8675, 17.6108 ], [ 77.8674, 17.6196 ], [ 77.8548, 17.6325 ], [ 77.8569, 17.644 ], [ 77.8711, 17.6458 ], [ 77.8752, 17.6652 ], [ 77.893, 17.671 ], [ 77.8916, 17.6789 ], [ 77.9079, 17.6836 ], [ 77.899, 17.6865 ], [ 77.9025, 17.6938 ], [ 77.8969, 17.6948 ], [ 77.8877, 17.7037 ], [ 77.8866, 17.7096 ], [ 77.9175, 17.7181 ], [ 77.9206, 17.7209 ], [ 77.9219, 17.7419 ], [ 77.9321, 17.7447 ], [ 77.9373, 17.7336 ] ] ] } },
{ "type": "Feature", "properties": { "unit_id": "IND.32.6.8_1", "name": "Raigod", "district": "Sangareddy", "did": "telangana:Sangareddy", "state_key": "telangana" }, "geometry": { "type": "Polygon", "coordinates": [ [ [ 77.7566, 17.9081 ], [ 77.7768, 17.9293 ], [ 77.7918, 17.9013 ], [ 77.7938, 17.8856 ], [ 77.8241, 17.8786 ], [ 77.8407, 17.8585 ], [ 77.8461, 17.8594 ], [ 77.8524, 17.8713 ], [ 77.8619, 17.8694 ], [ 77.8645, 17.8658 ], [ 77.8604, 17.8316 ], [ 77.8828, 17.8182 ], [ 77.8713, 17.7947 ], [ 77.8449, 17.7866 ], [ 77.8441, 17.7801 ], [ 77.8132, 17.7802 ], [ 77.808, 17.7666 ], [ 77.7722, 17.7682 ], [ 77.7606, 17.7657 ], [ 77.7669, 17.7751 ], [ 77.7598, 17.7859 ], [ 77.7646, 17.8071 ], [ 77.7624, 17.8106 ], [ 77.7577, 17.8103 ], [ 77.7562, 17.8232 ], [ 77.7394, 17.8247 ], [ 77.7299, 17.8294 ], [ 77.7087, 17.8262 ], [ 77.7069, 17.8347 ], [ 77.6898, 17.8367 ], [ 77.6889, 17.8471 ], [ 77.6704, 17.8524 ], [ 77.6775, 17.8642 ], [ 77.6936, 17.8708 ], [ 77.6887, 17.8771 ], [ 77.7005, 17.8897 ], [ 77.7066, 17.9119 ], [ 77.714, 17.9144 ], [ 77.7251, 17.9305 ], [ 77.7358, 17.932 ], [ 77.7485, 17.9086 ], [ 77.7566, 17.9081 ] ] ] } },
{ "type": "Feature", "properties": { "unit_id": "IND.32.6.2_1", "name": "Regod", "district": "Sangareddy", "did": "telangana:Sangareddy", "state_key": "telangana" }, "geometry": { "type": "Polygon", "coordinates": [ [ [ 77.8913, 18.005 ], [ 77.9049, 18.0007 ], [ 77.892, 17.9923 ], [ 77.888, 17.9847 ], [ 77.8906, 17.9643 ], [ 77.9067, 17.959 ], [ 77.9063, 17.9452 ], [ 77.8997, 17.9362 ], [ 77.9025, 17.9197 ], [ 77.8983, 17.9106 ], [ 77.884, 17.9107 ], [ 77.88, 17.9185 ], [ 77.855, 17.918 ], [ 77.8513, 17.9111 ], [ 77.8657, 17.9036 ], [ 77.8661, 17.8978 ], [ 77.8792, 17.896 ], [ 77.878, 17.8887 ], [ 77.8864, 17.8886 ], [ 77.8876, 17.8793 ], [ 77.8954, 17.8694 ], [ 77.8947, 17.847 ], [ 77.9055, 17.8471 ], [ 77.9127, 17.8572 ], [ 77.9179, 17.8551 ], [ 77.9197, 17.8572 ], [ 77.9224, 17.8496 ], [ 77.9317, 17.8438 ], [ 77.9526, 17.8419 ], [ 77.9464, 17.8242 ], [ 77.9481, 17.8156 ], [ 77.9419, 17.815 ], [ 77.9446, 17.8065 ], [ 77.9098, 17.8101 ], [ 77.898, 17.8179 ], [ 77.886, 17.8167 ], [ 77.8614, 17.8302 ], [ 77.864, 17.8672 ], [ 77.8584, 17.8717 ], [ 77.8446, 17.8713 ], [ 77.8425, 17.89 ], [ 77.8383, 17.8907 ], [ 77.8339, 17.9 ], [ 77.8223, 17.903 ], [ 77.8205, 17.9277 ], [ 77.8103, 17.9234 ], [ 77.7948, 17.9245 ], [ 77.7957, 17.9356 ], [ 77.8008, 17.9396 ], [ 77.8014, 17.9487 ], [ 77.809, 17.959 ], [ 77.8219, 17.9584 ], [ 77.8253, 17.9868 ], [ 77.8334, 17.9909 ], [ 77.8531, 18.016 ], [ 77.8655, 18.0229 ], [ 77.8709, 18.0169 ], [ 77.8714, 18.0018 ], [ 77.8913, 18.005 ] ] ] } },
{ "type": "Feature", "properties": { "unit_id": "IND.32.6.4_1", "name": "Narayankher", "district": "Sangareddy", "did": "telangana:Sangareddy", "state_key": "telangana" }, "geometry": { "type": "Polygon", "coordinates": [ [ [ 77.9091, 18.12 ], [ 77.9146, 18.1195 ], [ 77.9131, 18.1158 ], [ 77.9186, 18.1133 ], [ 77.9296, 18.1157 ], [ 77.9269, 18.1041 ], [ 77.918, 18.1064 ], [ 77.9141, 18.1009 ], [ 77.9052, 18.1058 ], [ 77.908, 18.0999 ], [ 77.8988, 18.0993 ], [ 77.9019, 18.0973 ], [ 77.8952, 18.0934 ], [ 77.8882, 18.0706 ], [ 77.8756, 18.0745 ], [ 77.8513, 18.073 ], [ 77.8527, 18.0509 ], [ 77.8655, 18.0229 ], [ 77.8531, 18.016 ], [ 77.8334, 17.9909 ], [ 77.8253, 17.9868 ], [ 77.8217, 17.9705 ], [ 77.8089, 17.9697 ], [ 77.7973, 17.9731 ], [ 77.8033, 17.9918 ], [ 77.7952, 17.9942 ], [ 77.7854, 17.988 ], [ 77.775, 17.9867 ], [ 77.7496, 17.994 ], [ 77.7488, 18.0075 ], [ 77.745, 18.01 ], [ 77.7487, 18.0212 ], [ 77.7447, 18.0282 ], [ 77.7558, 18.0342 ], [ 77.7565, 18.0432 ], [ 77.7365, 18.0444 ], [ 77.7237, 18.038 ], [ 77.7119, 18.0365 ], [ 77.706, 18.0306 ], [ 77.6955, 18.0363 ], [ 77.6835, 18.0532 ], [ 77.666, 18.0579 ], [ 77.6568, 18.0748 ], [ 77.6667, 18.0972 ], [ 77.683, 18.1108 ], [ 77.6926, 18.1264 ], [ 77.701, 18.1276 ], [ 77.737, 18.1044 ], [ 77.7463, 18.1064 ], [ 77.775, 18.1027 ], [ 77.7958, 18.1148 ], [ 77.8186, 18.0978 ], [ 77.8191, 18.0879 ], [ 77.8225, 18.0859 ], [ 77.8342, 18.0947 ], [ 77.8499, 18.0923 ], [ 77.8731, 18.0981 ], [ 77.8786, 18.107 ], [ 77.8716, 18.1206 ], [ 77.8799, 18.1273 ], [ 77.8999, 18.1334 ], [ 77.9114, 18.1259 ], [ 77.9091, 18.12 ] ] ] } },
{ "type": "Feature", "properties": { "unit_id": "IND.32.6.2_1", "name": "Shankarampet", "district": "Medak", "did": "telangana:Medak", "state_key": "telangana" }, "geometry": { "type": "Polygon", "coordinates": [ [ [ 77.9951, 18.107 ], [ 77.9987, 18.0948 ], [ 77.9987, 18.0839 ], [ 77.9921, 18.0768 ], [ 77.9973, 18.0596 ], [ 77.9915, 18.059 ], [ 77.9779, 18.0661 ], [ 77.9618, 18.0458 ], [ 77.96, 18.0275 ], [ 77.9816, 18.017 ], [ 77.9781, 18.0034 ], [ 77.956, 18.0028 ], [ 77.9478, 18.009 ], [ 77.9224, 18.017 ], [ 77.9106, 18.0139 ], [ 77.9046, 18.0013 ], [ 77.8913, 18.005 ], [ 77.8714, 18.0018 ], [ 77.8709, 18.0171 ], [ 77.8527, 18.0509 ], [ 77.8513, 18.073 ], [ 77.8756, 18.0745 ], [ 77.8882, 18.0706 ], [ 77.8956, 18.0922 ], [ 77.9027, 18.0973 ], [ 77.9114, 18.1 ], [ 77.9289, 18.0979 ], [ 77.9409, 18.1121 ], [ 77.9775, 18.1146 ], [ 77.9951, 18.107 ] ] ] } },
{ "type": "Feature", "properties": { "unit_id": "IND.32.6.2_1", "name": "Alladurg", "district": "Medak", "did": "telangana:Medak", "state_key": "telangana" }, "geometry": { "type": "Polygon", "coordinates": [ [ [ 77.956, 18.0028 ], [ 77.9781, 18.0034 ], [ 77.977, 17.9868 ], [ 77.9945, 17.9833 ], [ 77.9978, 17.9798 ], [ 77.9848, 17.9599 ], [ 77.9802, 17.9563 ], [ 77.9747, 17.9589 ], [ 77.9712, 17.9334 ], [ 77.9788, 17.9289 ], [ 77.9918, 17.9289 ], [ 77.9932, 17.9258 ], [ 78.0005, 17.9318 ], [ 77.9996, 17.9117 ], [ 78.0038, 17.9052 ], [ 78.0007, 17.8876 ], [ 77.9964, 17.8842 ], [ 77.9722, 17.8822 ], [ 77.9752, 17.8669 ], [ 77.9706, 17.854 ], [ 77.9557, 17.8561 ], [ 77.9526, 17.8419 ], [ 77.9317, 17.8438 ], [ 77.9224, 17.8496 ], [ 77.9197, 17.8572 ], [ 77.9179, 17.8551 ], [ 77.9127, 17.8572 ], [ 77.9055, 17.8471 ], [ 77.8947, 17.847 ], [ 77.8954, 17.8694 ], [ 77.8876, 17.8793 ], [ 77.8864, 17.8886 ], [ 77.878, 17.8887 ], [ 77.8792, 17.896 ], [ 77.8661, 17.8978 ], [ 77.8657, 17.9036 ], [ 77.8513, 17.9111 ], [ 77.855, 17.918 ], [ 77.88, 17.9185 ], [ 77.884, 17.9107 ], [ 77.8983, 17.9106 ], [ 77.9025, 17.9197 ], [ 77.8997, 17.9362 ], [ 77.9063, 17.9452 ], [ 77.9067, 17.959 ], [ 77.8906, 17.9643 ], [ 77.8889, 17.9874 ], [ 77.9029, 17.9975 ], [ 77.911, 18.0141 ], [ 77.9263, 18.0168 ], [ 77.9486, 18.0087 ], [ 77.956, 18.0028 ] ] ] } },
{ "type": "Feature", "properties": { "unit_id": "IND.32.6.2_1", "name": "Tekmal", "district": "Medak", "did": "telangana:Medak", "state_key": "telangana" }, "geometry": { "type": "Polygon", "coordinates": [ [ [ 77.9973, 18.0596 ], [ 77.9988, 18.0637 ], [ 78.0116, 18.0576 ], [ 78.0189, 18.0444 ], [ 78.0312, 18.0428 ], [ 78.0337, 18.0158 ], [ 78.0521, 18.0192 ], [ 78.0587, 18.0073 ], [ 78.0644, 18.004 ], [ 78.0882, 18.0033 ], [ 78.0958, 17.9909 ], [ 78.0893, 17.9824 ], [ 78.0889, 17.9702 ], [ 78.0782, 17.966 ], [ 78.0692, 17.9459 ], [ 78.0565, 17.9345 ], [ 78.0636, 17.9246 ], [ 78.0592, 17.9222 ], [ 78.0602, 17.9171 ], [ 78.0531, 17.918 ], [ 78.0463, 17.9139 ], [ 78.0474, 17.8927 ], [ 78.0346, 17.8785 ], [ 78.0173, 17.8892 ], [ 78.0007, 17.8876 ], [ 78.0038, 17.9052 ], [ 77.9996, 17.9117 ], [ 78.0005, 17.9318 ], [ 77.9932, 17.9258 ], [ 77.9918, 17.9289 ], [ 77.9788, 17.9289 ], [ 77.9712, 17.9334 ], [ 77.9747, 17.9589 ], [ 77.9802, 17.9563 ], [ 77.9848, 17.9599 ], [ 77.9978, 17.9798 ], [ 77.9945, 17.9833 ], [ 77.977, 17.9868 ], [ 77.9822, 18.0154 ], [ 77.96, 18.0275 ], [ 77.9618, 18.0458 ], [ 77.9779, 18.0661 ], [ 77.9912, 18.0591 ], [ 77.9973, 18.0596 ] ] ] } },
{ "type": "Feature", "properties": { "unit_id": "IND.32.6.2_1", "name": "Papannapet", "district": "Medak", "did": "telangana:Medak", "state_key": "telangana" }, "geometry": { "type": "Polygon", "coordinates": [ [ [ 78.152, 18.0837 ], [ 78.1558, 18.0845 ], [ 78.1671, 18.0771 ], [ 78.2053, 18.0662 ], [ 78.2113, 18.0591 ], [ 78.2133, 18.0414 ], [ 78.2086, 18.027 ], [ 78.2085, 18.006 ], [ 78.1965, 17.9945 ], [ 78.1838, 17.9923 ], [ 78.1774, 17.9982 ], [ 78.1626, 17.9906 ], [ 78.1412, 17.9629 ], [ 78.1277, 17.9648 ], [ 78.1135, 17.9764 ], [ 78.1042, 17.9693 ], [ 78.0889, 17.9702 ], [ 78.0893, 17.9824 ], [ 78.0958, 17.9908 ], [ 78.0882, 18.0033 ], [ 78.0644, 18.004 ], [ 78.0521, 18.0192 ], [ 78.0337, 18.0158 ], [ 78.0312, 18.0428 ], [ 78.0189, 18.0444 ], [ 78.0107, 18.0584 ], [ 77.9976, 18.0638 ], [ 77.9921, 18.0768 ], [ 77.9987, 18.0839 ], [ 78.0008, 18.0813 ], [ 78.0043, 18.0877 ], [ 78.0143, 18.0758 ], [ 78.0159, 18.0795 ], [ 78.0091, 18.0886 ], [ 78.0122, 18.0901 ], [ 78.0199, 18.0818 ], [ 78.0294, 18.0839 ], [ 78.0327, 18.0766 ], [ 78.0286, 18.0738 ], [ 78.0344, 18.0643 ], [ 78.0374, 18.0695 ], [ 78.0421, 18.0656 ], [ 78.0451, 18.0681 ], [ 78.0405, 18.0752 ], [ 78.044, 18.0797 ], [ 78.0523, 18.0736 ], [ 78.0548, 18.0795 ], [ 78.0595, 18.0718 ], [ 78.0676, 18.0702 ], [ 78.0716, 18.0599 ], [ 78.0743, 18.0722 ], [ 78.0841, 18.0672 ], [ 78.0854, 18.0723 ], [ 78.0916, 18.0678 ], [ 78.0968, 18.0701 ], [ 78.1011, 18.0905 ], [ 78.1079, 18.0934 ], [ 78.1153, 18.0883 ], [ 78.1162, 18.0733 ], [ 78.1442, 18.0688 ], [ 78.152, 18.0837 ] ] ] } },
{ "type": "Feature", "properties": { "unit_id": "IND.32.6.3_1", "name": "Kulsaram", "district": "Medak", "did": "telangana:Medak", "state_key": "telangana" }, "geometry": { "type": "Polygon", "coordinates": [ [ [ 78.2394, 18.0051 ], [ 78.2539, 17.9953 ], [ 78.2503, 17.9829 ], [ 78.2547, 17.9702 ], [ 78.2703, 17.9627 ], [ 78.286, 17.9652 ], [ 78.2837, 17.9575 ], [ 78.2898, 17.9536 ], [ 78.2877, 17.9454 ], [ 78.2737, 17.926 ], [ 78.2656, 17.9318 ], [ 78.2357, 17.9193 ], [ 78.234, 17.9281 ], [ 78.2144, 17.9274 ], [ 78.1966, 17.9146 ], [ 78.1691, 17.9351 ], [ 78.1535, 17.9233 ], [ 78.1514, 17.9382 ], [ 78.1384, 17.9309 ], [ 78.128, 17.9362 ], [ 78.1157, 17.915 ], [ 78.1188, 17.9134 ], [ 78.1074, 17.9123 ], [ 78.1052, 17.9035 ], [ 78.0791, 17.9053 ], [ 78.0719, 17.9196 ], [ 78.0562, 17.9333 ], [ 78.0692, 17.9459 ], [ 78.0797, 17.9674 ], [ 78.0866, 17.9703 ], [ 78.1042, 17.9693 ], [ 78.1127, 17.9765 ], [ 78.1277, 17.9648 ], [ 78.1426, 17.9632 ], [ 78.1612, 17.9896 ], [ 78.1774, 17.9982 ], [ 78.1838, 17.9923 ], [ 78.1971, 17.9948 ], [ 78.2085, 18.006 ], [ 78.2091, 18.0182 ], [ 78.2346, 18.0182 ], [ 78.2394, 18.0051 ] ] ] } },
{ "type": "Feature", "properties": { "unit_id": "IND.32.6.5_1", "name": "Kowdipalle", "district": "Medak", "did": "telangana:Medak", "state_key": "telangana" }, "geometry": { "type": "Polygon", "coordinates": [ [ [ 78.1691, 17.9351 ], [ 78.1966, 17.9146 ], [ 78.2144, 17.9274 ], [ 78.234, 17.9281 ], [ 78.2357, 17.9193 ], [ 78.2656, 17.9318 ], [ 78.2737, 17.926 ], [ 78.2609, 17.9156 ], [ 78.2677, 17.894 ], [ 78.2613, 17.8902 ], [ 78.2609, 17.8815 ], [ 78.3048, 17.8612 ], [ 78.3136, 17.8485 ], [ 78.2903, 17.8529 ], [ 78.283, 17.8338 ], [ 78.2721, 17.8319 ], [ 78.2549, 17.8147 ], [ 78.2487, 17.814 ], [ 78.24, 17.7902 ], [ 78.2301, 17.7878 ], [ 78.2101, 17.8048 ], [ 78.2171, 17.8223 ], [ 78.207, 17.8413 ], [ 78.2, 17.8356 ], [ 78.1755, 17.8281 ], [ 78.1747, 17.8226 ], [ 78.1492, 17.8059 ], [ 78.1485, 17.8362 ], [ 78.1391, 17.8317 ], [ 78.1344, 17.8156 ], [ 78.1205, 17.8057 ], [ 78.1199, 17.8006 ], [ 78.0983, 17.8159 ], [ 78.0937, 17.8326 ], [ 78.0968, 17.8446 ], [ 78.0947, 17.86 ], [ 78.0732, 17.8698 ], [ 78.0791, 17.9053 ], [ 78.1052, 17.9035 ], [ 78.1074, 17.9123 ], [ 78.1188, 17.9134 ], [ 78.1157, 17.915 ], [ 78.128, 17.9362 ], [ 78.1384, 17.9309 ], [ 78.1514, 17.9382 ], [ 78.1535, 17.9233 ], [ 78.1691, 17.9351 ] ] ] } },
{ "type": "Feature", "properties": { "unit_id": "IND.32.6.2_1", "name": "Andole", "district": "Sangareddy", "did": "telangana:Sangareddy", "state_key": "telangana" }, "geometry": { "type": "Polygon", "coordinates": [ [ [ 78.0791, 17.9053 ], [ 78.0734, 17.8692 ], [ 78.0944, 17.8606 ], [ 78.0973, 17.818 ], [ 78.1108, 17.8082 ], [ 78.1152, 17.8004 ], [ 78.1157, 17.7939 ], [ 78.109, 17.7817 ], [ 78.1164, 17.7681 ], [ 78.1153, 17.7602 ], [ 78.1006, 17.7634 ], [ 78.0979, 17.7677 ], [ 78.0869, 17.7665 ], [ 78.076, 17.7712 ], [ 78.0546, 17.7729 ], [ 78.0495, 17.7694 ], [ 78.0392, 17.7701 ], [ 78.0357, 17.7718 ], [ 78.0357, 17.7964 ], [ 78.0248, 17.7983 ], [ 78.0062, 17.7921 ], [ 77.9932, 17.7972 ], [ 77.9712, 17.7887 ], [ 77.9617, 17.7933 ], [ 77.9621, 17.8112 ], [ 77.9481, 17.8156 ], [ 77.9464, 17.8242 ], [ 77.9557, 17.8561 ], [ 77.9706, 17.854 ], [ 77.975, 17.8656 ], [ 77.9722, 17.8822 ], [ 77.9958, 17.884 ], [ 77.9987, 17.8875 ], [ 78.0141, 17.8895 ], [ 78.0346, 17.8785 ], [ 78.0474, 17.8927 ], [ 78.0463, 17.9139 ], [ 78.0531, 17.918 ], [ 78.0602, 17.9171 ], [ 78.0616, 17.9241 ], [ 78.0719, 17.9196 ], [ 78.0791, 17.9053 ] ] ] } },
{ "type": "Feature", "properties": { "unit_id": "IND.32.6.2_1", "name": "Pulkal", "district": "Sangareddy", "did": "telangana:Sangareddy", "state_key": "telangana" }, "geometry": { "type": "Polygon", "coordinates": [ [ [ 77.9617, 17.7933 ], [ 77.9712, 17.7887 ], [ 77.9932, 17.7972 ], [ 78.0062, 17.7921 ], [ 78.0248, 17.7983 ], [ 78.0357, 17.7964 ], [ 78.0357, 17.7718 ], [ 78.0392, 17.7701 ], [ 78.0495, 17.7694 ], [ 78.0546, 17.7729 ], [ 78.076, 17.7712 ], [ 78.0869, 17.7665 ], [ 78.0979, 17.7677 ], [ 78.1006, 17.7634 ], [ 78.1148, 17.7607 ], [ 78.1061, 17.7341 ], [ 78.1112, 17.7317 ], [ 78.1308, 17.7347 ], [ 78.1335, 17.7307 ], [ 78.1286, 17.7235 ], [ 78.1329, 17.7167 ], [ 78.1415, 17.7152 ], [ 78.1479, 17.7192 ], [ 78.156, 17.7074 ], [ 78.1553, 17.699 ], [ 78.1413, 17.6878 ], [ 78.141, 17.6749 ], [ 78.1533, 17.6656 ], [ 78.1442, 17.6484 ], [ 78.1355, 17.6506 ], [ 78.1272, 17.667 ], [ 78.1222, 17.6649 ], [ 78.1218, 17.6551 ], [ 78.1163, 17.6487 ], [ 78.0914, 17.6567 ], [ 78.076, 17.6544 ], [ 78.0722, 17.6733 ], [ 78.0584, 17.6578 ], [ 78.0539, 17.6588 ], [ 78.0448, 17.6675 ], [ 78.035, 17.6711 ], [ 78.0354, 17.6859 ], [ 77.9952, 17.6978 ], [ 77.9955, 17.7148 ], [ 77.98, 17.7217 ], [ 77.9702, 17.7175 ], [ 77.9619, 17.7187 ], [ 77.9511, 17.7119 ], [ 77.9382, 17.7158 ], [ 77.934, 17.7426 ], [ 77.9177, 17.7659 ], [ 77.9065, 17.7659 ], [ 77.9033, 17.7712 ], [ 77.9085, 17.7826 ], [ 77.9098, 17.8101 ], [ 77.9446, 17.8065 ], [ 77.9419, 17.815 ], [ 77.9621, 17.8112 ], [ 77.9617, 17.7933 ] ] ] } },
{ "type": "Feature", "properties": { "unit_id": "IND.32.6.5_1", "name": "Narayankher", "district": "Sangareddy", "did": "telangana:Sangareddy", "state_key": "telangana" }, "geometry": { "type": "Polygon", "coordinates": [ [ [ 78.1742, 17.8222 ], [ 78.1755, 17.8281 ], [ 78.1876, 17.8306 ], [ 78.1807, 17.8213 ], [ 78.1664, 17.8139 ], [ 78.1633, 17.7977 ], [ 78.1659, 17.7898 ], [ 78.1735, 17.7885 ], [ 78.1932, 17.7978 ], [ 78.196, 17.8052 ], [ 78.2039, 17.8027 ], [ 78.1956, 17.7732 ], [ 78.1961, 17.7637 ], [ 78.2044, 17.7651 ], [ 78.2043, 17.755 ], [ 78.1991, 17.7461 ], [ 78.2014, 17.7358 ], [ 78.2152, 17.7415 ], [ 78.2181, 17.732 ], [ 78.2349, 17.7353 ], [ 78.2352, 17.7239 ], [ 78.2263, 17.7147 ], [ 78.2381, 17.703 ], [ 78.2299, 17.7028 ], [ 78.2303, 17.6922 ], [ 78.2483, 17.6906 ], [ 78.2566, 17.693 ], [ 78.2651, 17.6872 ], [ 78.276, 17.6889 ], [ 78.285, 17.6857 ], [ 78.2902, 17.6773 ], [ 78.2974, 17.6805 ], [ 78.311, 17.6771 ], [ 78.3055, 17.6674 ], [ 78.3196, 17.6634 ], [ 78.3161, 17.6545 ], [ 78.2948, 17.6444 ], [ 78.2918, 17.6611 ], [ 78.2732, 17.6511 ], [ 78.2558, 17.6481 ], [ 78.2331, 17.6384 ], [ 78.2174, 17.6417 ], [ 78.2109, 17.6589 ], [ 78.2059, 17.6572 ], [ 78.208, 17.6524 ], [ 78.1958, 17.641 ], [ 78.1842, 17.6369 ], [ 78.1835, 17.6327 ], [ 78.1618, 17.6374 ], [ 78.1607, 17.6478 ], [ 78.1531, 17.6448 ], [ 78.1552, 17.6531 ], [ 78.149, 17.6568 ], [ 78.1531, 17.6665 ], [ 78.1408, 17.6761 ], [ 78.1416, 17.689 ], [ 78.1555, 17.6993 ], [ 78.1545, 17.7109 ], [ 78.1475, 17.7193 ], [ 78.1415, 17.7152 ], [ 78.1329, 17.7167 ], [ 78.1286, 17.7235 ], [ 78.1335, 17.7307 ], [ 78.1308, 17.7347 ], [ 78.1105, 17.7317 ], [ 78.1058, 17.7352 ], [ 78.1166, 17.7637 ], [ 78.109, 17.7817 ], [ 78.116, 17.7948 ], [ 78.1139, 17.8027 ], [ 78.12, 17.8006 ], [ 78.122, 17.8071 ], [ 78.1315, 17.8114 ], [ 78.1391, 17.8317 ], [ 78.1485, 17.8362 ], [ 78.1481, 17.8077 ], [ 78.1742, 17.8222 ] ] ] } },
{ "type": "Feature", "properties": { "unit_id": "IND.32.9.1_1", "name": "Shankarpalle", "district": "Rangareddy", "did": "telangana:Rangareddy", "state_key": "telangana" }, "geometry": { "type": "Polygon", "coordinates": [ [ [ 78.1054, 17.4902 ], [ 78.1111, 17.4797 ], [ 78.122, 17.4851 ], [ 78.1453, 17.4841 ], [ 78.1451, 17.4678 ], [ 78.1643, 17.4628 ], [ 78.1897, 17.4757 ], [ 78.1915, 17.4869 ], [ 78.2138, 17.4861 ], [ 78.2178, 17.4385 ], [ 78.2343, 17.4291 ], [ 78.2282, 17.4003 ], [ 78.2228, 17.3954 ], [ 78.217, 17.3969 ], [ 78.2132, 17.3943 ], [ 78.2073, 17.3829 ], [ 78.1822, 17.3788 ], [ 78.1737, 17.3892 ], [ 78.1544, 17.3981 ], [ 78.1547, 17.4083 ], [ 78.1428, 17.4107 ], [ 78.1296, 17.411 ], [ 78.1291, 17.3989 ], [ 78.1208, 17.3877 ], [ 78.1265, 17.3875 ], [ 78.128, 17.3789 ], [ 78.1333, 17.3783 ], [ 78.1312, 17.3743 ], [ 78.115, 17.3677 ], [ 78.1013, 17.3716 ], [ 78.1024, 17.362 ], [ 78.0879, 17.3601 ], [ 78.0882, 17.3662 ], [ 78.0798, 17.3676 ], [ 78.0829, 17.3724 ], [ 78.0796, 17.3852 ], [ 78.0744, 17.3889 ], [ 78.0634, 17.3888 ], [ 78.0593, 17.3918 ], [ 78.0559, 17.3856 ], [ 78.0346, 17.3867 ], [ 78.0512, 17.4119 ], [ 78.0695, 17.4097 ], [ 78.0722, 17.4133 ], [ 78.0723, 17.4375 ], [ 78.0628, 17.4501 ], [ 78.0702, 17.4558 ], [ 78.0595, 17.4607 ], [ 78.053, 17.4697 ], [ 78.0534, 17.4755 ], [ 78.05, 17.4759 ], [ 78.0577, 17.4798 ], [ 78.0712, 17.4959 ], [ 78.0711, 17.5004 ], [ 78.0587, 17.5044 ], [ 78.0581, 17.5089 ], [ 78.0668, 17.5076 ], [ 78.0708, 17.5184 ], [ 78.0821, 17.5164 ], [ 78.0838, 17.4913 ], [ 78.1054, 17.4902 ] ] ] } },
{ "type": "Feature", "properties": { "unit_id": "IND.32.6.6_1", "name": "Kondapur", "district": "Sangareddy", "did": "telangana:Sangareddy", "state_key": "telangana" }, "geometry": { "type": "Polygon", "coordinates": [ [ [ 78.0914, 17.6567 ], [ 78.1163, 17.6487 ], [ 78.1218, 17.6551 ], [ 78.1222, 17.6649 ], [ 78.1272, 17.667 ], [ 78.137, 17.6495 ], [ 78.144, 17.6482 ], [ 78.149, 17.6568 ], [ 78.1552, 17.6531 ], [ 78.1532, 17.6447 ], [ 78.1615, 17.6474 ], [ 78.1618, 17.6374 ], [ 78.1835, 17.6327 ], [ 78.1842, 17.6369 ], [ 78.1958, 17.641 ], [ 78.208, 17.6524 ], [ 78.2059, 17.6572 ], [ 78.2109, 17.6589 ], [ 78.2174, 17.6417 ], [ 78.2331, 17.6384 ], [ 78.2332, 17.6274 ], [ 78.2169, 17.6048 ], [ 78.1796, 17.5995 ], [ 78.1718, 17.5859 ], [ 78.1599, 17.5885 ], [ 78.1482, 17.578 ], [ 78.1468, 17.5475 ], [ 78.1535, 17.5437 ], [ 78.1714, 17.5426 ], [ 78.1639, 17.536 ], [ 78.1642, 17.5149 ], [ 78.1562, 17.5065 ], [ 78.155, 17.497 ], [ 78.1601, 17.4922 ], [ 78.1453, 17.4841 ], [ 78.122, 17.4851 ], [ 78.1111, 17.4797 ], [ 78.1054, 17.4902 ], [ 78.0838, 17.4913 ], [ 78.0821, 17.5164 ], [ 78.0708, 17.5184 ], [ 78.0668, 17.5076 ], [ 78.0581, 17.5089 ], [ 78.0587, 17.5044 ], [ 78.0711, 17.5004 ], [ 78.0712, 17.4959 ], [ 78.0577, 17.4798 ], [ 78.05, 17.4759 ], [ 78.0534, 17.4755 ], [ 78.053, 17.4697 ], [ 78.0595, 17.4607 ], [ 78.0702, 17.4558 ], [ 78.0629, 17.4487 ], [ 78.0569, 17.4489 ], [ 78.0477, 17.4513 ], [ 78.0454, 17.458 ], [ 78.0408, 17.4578 ], [ 78.0404, 17.4712 ], [ 78.0306, 17.4713 ], [ 78.031, 17.4683 ], [ 78.0226, 17.465 ], [ 78.0199, 17.4695 ], [ 78.0043, 17.4751 ], [ 78.0005, 17.4829 ], [ 78.0078, 17.4961 ], [ 77.9952, 17.5007 ], [ 77.991, 17.5069 ], [ 77.9808, 17.4838 ], [ 77.9646, 17.4845 ], [ 77.966, 17.5047 ], [ 77.9742, 17.5185 ], [ 77.963, 17.5339 ], [ 77.9367, 17.5389 ], [ 77.9402, 17.5509 ], [ 77.9337, 17.5621 ], [ 77.9394, 17.5698 ], [ 77.952, 17.572 ], [ 77.9741, 17.5828 ], [ 77.9743, 17.5897 ], [ 77.9898, 17.6011 ], [ 78.0031, 17.5963 ], [ 78.0015, 17.5816 ], [ 78.0166, 17.591 ], [ 78.0264, 17.5916 ], [ 78.0274, 17.6016 ], [ 78.042, 17.6114 ], [ 78.0407, 17.6347 ], [ 78.053, 17.6521 ], [ 78.0491, 17.6594 ], [ 78.0584, 17.6578 ], [ 78.0722, 17.6733 ], [ 78.0767, 17.6542 ], [ 78.0914, 17.6567 ] ], [ [ 78.0644, 17.6201 ], [ 78.0658, 17.6161 ], [ 78.0724, 17.6162 ], [ 78.0717, 17.6066 ], [ 78.0751, 17.6044 ], [ 78.0709, 17.593 ], [ 78.0847, 17.5899 ], [ 78.0951, 17.6023 ], [ 78.0962, 17.6111 ], [ 78.1066, 17.614 ], [ 78.1099, 17.6367 ], [ 78.0773, 17.6349 ], [ 78.0644, 17.6201 ] ] ] } },
{ "type": "Feature", "properties": { "unit_id": "IND.32.6.6_1", "name": "Sangareddy", "district": "Sangareddy", "did": "telangana:Sangareddy", "state_key": "telangana" }, "geometry": { "type": "Polygon", "coordinates": [ [ [ 78.0962, 17.6111 ], [ 78.0956, 17.6032 ], [ 78.0877, 17.5921 ], [ 78.0847, 17.5899 ], [ 78.0709, 17.593 ], [ 78.0751, 17.6044 ], [ 78.0717, 17.6066 ], [ 78.0724, 17.6162 ], [ 78.0658, 17.6161 ], [ 78.0644, 17.6201 ], [ 78.0676, 17.6257 ], [ 78.0779, 17.6352 ], [ 78.0901, 17.6335 ], [ 78.1025, 17.6382 ], [ 78.1099, 17.6368 ], [ 78.1066, 17.614 ], [ 78.0962, 17.6111 ] ] ] } },
{ "type": "Feature", "properties": { "unit_id": "IND.32.9.7_1", "name": "Marpalli", "district": "Vikarabad", "did": "telangana:Vikarabad", "state_key": "telangana" }, "geometry": { "type": "Polygon", "coordinates": [ [ [ 77.8155, 17.6264 ], [ 77.8229, 17.632 ], [ 77.8515, 17.6169 ], [ 77.8559, 17.6129 ], [ 77.8528, 17.6084 ], [ 77.8618, 17.613 ], [ 77.8674, 17.6196 ], [ 77.8675, 17.6108 ], [ 77.8749, 17.603 ], [ 77.8687, 17.5968 ], [ 77.8727, 17.5826 ], [ 77.866, 17.5624 ], [ 77.8421, 17.5687 ], [ 77.837, 17.5582 ], [ 77.8451, 17.5456 ], [ 77.8718, 17.5301 ], [ 77.8658, 17.5118 ], [ 77.8451, 17.5103 ], [ 77.845, 17.5007 ], [ 77.8364, 17.4966 ], [ 77.8302, 17.4971 ], [ 77.8232, 17.5132 ], [ 77.8099, 17.5138 ], [ 77.8081, 17.4932 ], [ 77.7986, 17.478 ], [ 77.8012, 17.4678 ], [ 77.7859, 17.4673 ], [ 77.7772, 17.4608 ], [ 77.7664, 17.4618 ], [ 77.761, 17.4667 ], [ 77.7507, 17.4651 ], [ 77.7489, 17.4722 ], [ 77.7419, 17.4715 ], [ 77.7332, 17.4771 ], [ 77.7237, 17.4582 ], [ 77.7262, 17.454 ], [ 77.7187, 17.4484 ], [ 77.7122, 17.4478 ], [ 77.7083, 17.4534 ], [ 77.6976, 17.457 ], [ 77.6829, 17.457 ], [ 77.6924, 17.4969 ], [ 77.687, 17.5122 ], [ 77.6905, 17.5263 ], [ 77.7094, 17.5258 ], [ 77.7613, 17.558 ], [ 77.7615, 17.5792 ], [ 77.765, 17.5844 ], [ 77.7699, 17.5841 ], [ 77.7742, 17.601 ], [ 77.7674, 17.6126 ], [ 77.7604, 17.6154 ], [ 77.7496, 17.6135 ], [ 77.7464, 17.6241 ], [ 77.7623, 17.6277 ], [ 77.7762, 17.6268 ], [ 77.7819, 17.6307 ], [ 77.7835, 17.6387 ], [ 77.7902, 17.6377 ], [ 77.7962, 17.6266 ], [ 77.8155, 17.6264 ] ] ] } },
{ "type": "Feature", "properties": { "unit_id": "IND.32.9.7_1", "name": "Momanpet", "district": "Vikarabad", "did": "telangana:Vikarabad", "state_key": "telangana" }, "geometry": { "type": "Polygon", "coordinates": [ [ [ 77.9365, 17.5675 ], [ 77.9338, 17.5608 ], [ 77.9402, 17.5509 ], [ 77.9367, 17.5389 ], [ 77.963, 17.5339 ], [ 77.9742, 17.5185 ], [ 77.966, 17.5047 ], [ 77.9646, 17.4845 ], [ 77.9808, 17.4838 ], [ 77.991, 17.5069 ], [ 77.9952, 17.5007 ], [ 78.0078, 17.4961 ], [ 78.0005, 17.4829 ], [ 78.0043, 17.4751 ], [ 78.0196, 17.4696 ], [ 78.0149, 17.463 ], [ 78.0004, 17.4613 ], [ 77.9821, 17.4638 ], [ 77.9773, 17.4607 ], [ 77.9663, 17.4701 ], [ 77.9295, 17.4729 ], [ 77.9196, 17.4711 ], [ 77.9147, 17.4654 ], [ 77.9034, 17.4723 ], [ 77.8985, 17.4683 ], [ 77.9067, 17.4568 ], [ 77.9041, 17.4446 ], [ 77.8768, 17.4469 ], [ 77.8499, 17.4384 ], [ 77.8012, 17.4678 ], [ 77.7986, 17.478 ], [ 77.8081, 17.4932 ], [ 77.8099, 17.5138 ], [ 77.8232, 17.5132 ], [ 77.8302, 17.4971 ], [ 77.8364, 17.4966 ], [ 77.845, 17.5007 ], [ 77.8451, 17.5103 ], [ 77.8658, 17.5118 ], [ 77.8718, 17.5301 ], [ 77.8451, 17.5456 ], [ 77.837, 17.5582 ], [ 77.8421, 17.5687 ], [ 77.866, 17.5624 ], [ 77.8727, 17.5826 ], [ 77.8973, 17.5821 ], [ 77.9365, 17.5675 ] ] ] } },
{ "type": "Feature", "properties": { "unit_id": "IND.32.9.7_1", "name": "Nawabpet", "district": "Vikarabad", "did": "telangana:Vikarabad", "state_key": "telangana" }, "geometry": { "type": "Polygon", "coordinates": [ [ [ 77.9773, 17.4607 ], [ 77.9821, 17.4638 ], [ 78.0004, 17.4613 ], [ 78.0149, 17.463 ], [ 78.0196, 17.4696 ], [ 78.0226, 17.465 ], [ 78.031, 17.4683 ], [ 78.0306, 17.4713 ], [ 78.0404, 17.4712 ], [ 78.0408, 17.4578 ], [ 78.0454, 17.458 ], [ 78.0477, 17.4513 ], [ 78.0629, 17.4487 ], [ 78.0708, 17.4401 ], [ 78.0714, 17.4115 ], [ 78.0512, 17.4119 ], [ 78.0471, 17.4011 ], [ 78.0359, 17.3906 ], [ 78.0329, 17.3789 ], [ 78.022, 17.3701 ], [ 78.0177, 17.3478 ], [ 78.0112, 17.3552 ], [ 78.0172, 17.3624 ], [ 78.0088, 17.3673 ], [ 78.0101, 17.3793 ], [ 77.9987, 17.3761 ], [ 77.9952, 17.3789 ], [ 77.9857, 17.3773 ], [ 77.9801, 17.3732 ], [ 77.9417, 17.3797 ], [ 77.9444, 17.3968 ], [ 77.9301, 17.4025 ], [ 77.9222, 17.417 ], [ 77.9269, 17.4317 ], [ 77.9042, 17.4409 ], [ 77.9023, 17.4335 ], [ 77.8839, 17.4194 ], [ 77.866, 17.4215 ], [ 77.8564, 17.4155 ], [ 77.8484, 17.4152 ], [ 77.85, 17.4397 ], [ 77.8768, 17.4469 ], [ 77.9041, 17.4446 ], [ 77.9067, 17.4568 ], [ 77.8985, 17.4683 ], [ 77.9034, 17.4723 ], [ 77.9147, 17.4654 ], [ 77.9196, 17.4711 ], [ 77.9663, 17.4701 ], [ 77.9773, 17.4607 ] ] ] } },
{ "type": "Feature", "properties": { "unit_id": "IND.32.9.7_1", "name": "Vikarabad", "district": "Vikarabad", "did": "telangana:Vikarabad", "state_key": "telangana" }, "geometry": { "type": "Polygon", "coordinates": [ [ [ 77.9301, 17.4025 ], [ 77.9444, 17.3968 ], [ 77.9417, 17.3797 ], [ 77.9801, 17.3732 ], [ 77.9857, 17.3773 ], [ 77.9952, 17.3789 ], [ 77.9987, 17.3761 ], [ 78.0101, 17.3793 ], [ 78.0088, 17.3673 ], [ 78.0172, 17.3624 ], [ 78.0112, 17.3552 ], [ 78.0177, 17.3478 ], [ 78.0172, 17.3442 ], [ 78.0126, 17.3443 ], [ 78.0056, 17.3379 ], [ 78.0095, 17.3201 ], [ 77.9987, 17.3193 ], [ 77.9856, 17.3231 ], [ 77.9843, 17.3134 ], [ 77.9554, 17.3044 ], [ 77.9496, 17.2935 ], [ 77.9202, 17.2871 ], [ 77.9174, 17.2828 ], [ 77.9192, 17.2538 ], [ 77.9082, 17.2512 ], [ 77.9081, 17.2446 ], [ 77.853, 17.2488 ], [ 77.8467, 17.2189 ], [ 77.835, 17.2172 ], [ 77.8108, 17.2066 ], [ 77.8144, 17.2186 ], [ 77.8298, 17.2361 ], [ 77.8351, 17.2489 ], [ 77.8452, 17.2481 ], [ 77.8564, 17.2678 ], [ 77.8697, 17.2659 ], [ 77.8764, 17.2857 ], [ 77.8689, 17.2957 ], [ 77.855, 17.296 ], [ 77.8543, 17.2911 ], [ 77.8463, 17.2908 ], [ 77.8419, 17.2948 ], [ 77.8424, 17.3 ], [ 77.8498, 17.3015 ], [ 77.8408, 17.3161 ], [ 77.8409, 17.3227 ], [ 77.8521, 17.3325 ], [ 77.8579, 17.3266 ], [ 77.861, 17.3281 ], [ 77.8541, 17.3717 ], [ 77.8395, 17.3779 ], [ 77.8286, 17.3762 ], [ 77.8156, 17.3676 ], [ 77.8021, 17.3813 ], [ 77.7916, 17.3807 ], [ 77.7913, 17.3909 ], [ 77.7999, 17.3994 ], [ 77.8342, 17.3967 ], [ 77.8393, 17.4133 ], [ 77.8564, 17.4155 ], [ 77.866, 17.4215 ], [ 77.8839, 17.4194 ], [ 77.9023, 17.4335 ], [ 77.9042, 17.4409 ], [ 77.9269, 17.4317 ], [ 77.9222, 17.417 ], [ 77.9301, 17.4025 ] ] ] } },
{ "type": "Feature", "properties": { "unit_id": "IND.32.9.7_1", "name": "Dharur", "district": "Vikarabad", "did": "telangana:Vikarabad", "state_key": "telangana" }, "geometry": { "type": "Polygon", "coordinates": [ [ [ 77.8286, 17.3762 ], [ 77.8395, 17.3779 ], [ 77.8541, 17.3717 ], [ 77.861, 17.3281 ], [ 77.8579, 17.3266 ], [ 77.8521, 17.3325 ], [ 77.8409, 17.3227 ], [ 77.8408, 17.3161 ], [ 77.8498, 17.3015 ], [ 77.8424, 17.3 ], [ 77.8419, 17.2948 ], [ 77.8463, 17.2908 ], [ 77.8543, 17.2911 ], [ 77.855, 17.296 ], [ 77.8689, 17.2957 ], [ 77.8764, 17.2857 ], [ 77.8697, 17.2659 ], [ 77.8564, 17.2678 ], [ 77.8452, 17.2481 ], [ 77.8351, 17.2489 ], [ 77.8298, 17.2361 ], [ 77.8144, 17.2186 ], [ 77.8108, 17.2066 ], [ 77.8018, 17.206 ], [ 77.792, 17.2136 ], [ 77.7853, 17.211 ], [ 77.7748, 17.2129 ], [ 77.7875, 17.2209 ], [ 77.7903, 17.2333 ], [ 77.7737, 17.236 ], [ 77.771, 17.2291 ], [ 77.7638, 17.2278 ], [ 77.759, 17.2222 ], [ 77.7522, 17.2279 ], [ 77.7409, 17.2297 ], [ 77.7487, 17.2507 ], [ 77.7481, 17.2611 ], [ 77.7376, 17.2674 ], [ 77.7388, 17.2812 ], [ 77.7466, 17.2883 ], [ 77.7188, 17.285 ], [ 77.7127, 17.3063 ], [ 77.7272, 17.3217 ], [ 77.7086, 17.3246 ], [ 77.7065, 17.3433 ], [ 77.6978, 17.3593 ], [ 77.7053, 17.3672 ], [ 77.7054, 17.3781 ], [ 77.727, 17.3729 ], [ 77.736, 17.3743 ], [ 77.7452, 17.3663 ], [ 77.7487, 17.3718 ], [ 77.7563, 17.3671 ], [ 77.768, 17.3766 ], [ 77.7851, 17.3703 ], [ 77.8021, 17.3813 ], [ 77.8156, 17.3676 ], [ 77.8286, 17.3762 ] ] ] } },
{ "type": "Feature", "properties": { "unit_id": "IND.32.9.5_1", "name": "Pudur", "district": "Vikarabad", "did": "telangana:Vikarabad", "state_key": "telangana" }, "geometry": { "type": "Polygon", "coordinates": [ [ [ 78.0148, 17.3119 ], [ 78.0325, 17.3086 ], [ 78.0315, 17.303 ], [ 78.0471, 17.2953 ], [ 78.0434, 17.275 ], [ 78.0595, 17.2512 ], [ 78.0508, 17.2436 ], [ 78.051, 17.2354 ], [ 78.0695, 17.2306 ], [ 78.0637, 17.2106 ], [ 78.0548, 17.2144 ], [ 78.0469, 17.2084 ], [ 78.0408, 17.1884 ], [ 78.0453, 17.1878 ], [ 78.0442, 17.1686 ], [ 78.0163, 17.1657 ], [ 78.0112, 17.1475 ], [ 77.9823, 17.1469 ], [ 77.9752, 17.1513 ], [ 77.9722, 17.1442 ], [ 77.9607, 17.1377 ], [ 77.9324, 17.1499 ], [ 77.9258, 17.1596 ], [ 77.9293, 17.1647 ], [ 77.95, 17.175 ], [ 77.953, 17.1898 ], [ 77.9605, 17.1934 ], [ 77.9652, 17.2012 ], [ 77.9474, 17.2046 ], [ 77.9431, 17.2024 ], [ 77.9336, 17.2128 ], [ 77.9079, 17.2174 ], [ 77.9077, 17.2507 ], [ 77.9192, 17.2538 ], [ 77.9174, 17.2828 ], [ 77.9202, 17.2871 ], [ 77.9496, 17.2935 ], [ 77.9554, 17.3044 ], [ 77.9843, 17.3134 ], [ 77.9856, 17.3231 ], [ 78.0129, 17.3197 ], [ 78.0148, 17.3119 ] ] ] } },
{ "type": "Feature", "properties": { "unit_id": "IND.32.9.1_1", "name": "Chevella", "district": "Rangareddy", "did": "telangana:Rangareddy", "state_key": "telangana" }, "geometry": { "type": "Polygon", "coordinates": [ [ [ 78.1544, 17.3981 ], [ 78.1737, 17.3892 ], [ 78.1825, 17.3786 ], [ 78.1825, 17.3646 ], [ 78.1868, 17.3642 ], [ 78.1861, 17.3596 ], [ 78.2192, 17.3517 ], [ 78.2162, 17.3215 ], [ 78.2143, 17.3193 ], [ 78.203, 17.3238 ], [ 78.1927, 17.3039 ], [ 78.1954, 17.2825 ], [ 78.2008, 17.2722 ], [ 78.1931, 17.2633 ], [ 78.1959, 17.2446 ], [ 78.184, 17.2421 ], [ 78.1739, 17.2472 ], [ 78.1428, 17.2357 ], [ 78.1333, 17.2404 ], [ 78.1194, 17.2598 ], [ 78.1113, 17.2613 ], [ 78.1054, 17.2499 ], [ 78.0821, 17.2541 ], [ 78.0695, 17.2306 ], [ 78.056, 17.2331 ], [ 78.051, 17.2354 ], [ 78.0508, 17.2436 ], [ 78.0594, 17.2516 ], [ 78.0434, 17.275 ], [ 78.0472, 17.2952 ], [ 78.0315, 17.303 ], [ 78.0325, 17.3086 ], [ 78.0148, 17.3119 ], [ 78.0053, 17.328 ], [ 78.0056, 17.3379 ], [ 78.0126, 17.3443 ], [ 78.0172, 17.3442 ], [ 78.022, 17.3701 ], [ 78.0329, 17.3789 ], [ 78.0346, 17.3867 ], [ 78.0559, 17.3856 ], [ 78.0593, 17.3918 ], [ 78.0634, 17.3888 ], [ 78.0744, 17.3889 ], [ 78.0796, 17.3852 ], [ 78.0829, 17.3724 ], [ 78.0798, 17.3676 ], [ 78.0882, 17.3662 ], [ 78.0879, 17.3601 ], [ 78.1024, 17.362 ], [ 78.1013, 17.3716 ], [ 78.1101, 17.3676 ], [ 78.1215, 17.3685 ], [ 78.1335, 17.3778 ], [ 78.1311, 17.3805 ], [ 78.128, 17.3789 ], [ 78.1262, 17.3879 ], [ 78.1208, 17.3877 ], [ 78.1291, 17.3989 ], [ 78.1296, 17.411 ], [ 78.1547, 17.4083 ], [ 78.1544, 17.3981 ] ] ] } },
{ "type": "Feature", "properties": { "unit_id": "IND.32.9.1_1", "name": "Moinabad", "district": "Rangareddy", "did": "telangana:Rangareddy", "state_key": "telangana" }, "geometry": { "type": "Polygon", "coordinates": [ [ [ 78.2612, 17.3896 ], [ 78.2701, 17.3806 ], [ 78.2697, 17.3756 ], [ 78.2819, 17.3743 ], [ 78.2873, 17.3705 ], [ 78.2867, 17.3617 ], [ 78.2807, 17.3571 ], [ 78.2893, 17.3549 ], [ 78.2936, 17.347 ], [ 78.2987, 17.3596 ], [ 78.3082, 17.3539 ], [ 78.3045, 17.3477 ], [ 78.3144, 17.3447 ], [ 78.3127, 17.3498 ], [ 78.3187, 17.3499 ], [ 78.3175, 17.3642 ], [ 78.3301, 17.3639 ], [ 78.3382, 17.3527 ], [ 78.3393, 17.3437 ], [ 78.3496, 17.3344 ], [ 78.3534, 17.335 ], [ 78.3488, 17.3291 ], [ 78.3394, 17.3317 ], [ 78.3417, 17.3219 ], [ 78.3455, 17.3181 ], [ 78.3509, 17.3187 ], [ 78.3494, 17.311 ], [ 78.3427, 17.3101 ], [ 78.3411, 17.3147 ], [ 78.3317, 17.3202 ], [ 78.3324, 17.3111 ], [ 78.3421, 17.2975 ], [ 78.3329, 17.2979 ], [ 78.3375, 17.2924 ], [ 78.3357, 17.2879 ], [ 78.2863, 17.2671 ], [ 78.275, 17.257 ], [ 78.2476, 17.2453 ], [ 78.2435, 17.2497 ], [ 78.2175, 17.2499 ], [ 78.2043, 17.2423 ], [ 78.1957, 17.2454 ], [ 78.1931, 17.2633 ], [ 78.2008, 17.2722 ], [ 78.1923, 17.3015 ], [ 78.203, 17.3238 ], [ 78.2143, 17.3193 ], [ 78.2162, 17.3215 ], [ 78.2192, 17.3514 ], [ 78.1861, 17.3596 ], [ 78.1822, 17.3788 ], [ 78.2073, 17.3829 ], [ 78.217, 17.3969 ], [ 78.2228, 17.3954 ], [ 78.2273, 17.4001 ], [ 78.2333, 17.3993 ], [ 78.2397, 17.4037 ], [ 78.2479, 17.3946 ], [ 78.2612, 17.3896 ] ] ] } },
{ "type": "Feature", "properties": { "unit_id": "IND.32.9.4_1", "name": "Patan Cheruvu", "district": "Rangareddy", "did": "telangana:Rangareddy", "state_key": "telangana" }, "geometry": { "type": "Polygon", "coordinates": [ [ [ 78.3309, 17.4254 ], [ 78.3409, 17.4239 ], [ 78.3426, 17.4169 ], [ 78.3556, 17.41 ], [ 78.362, 17.4088 ], [ 78.3687, 17.4127 ], [ 78.3714, 17.409 ], [ 78.3836, 17.4112 ], [ 78.4034, 17.4065 ], [ 78.3927, 17.4018 ], [ 78.3951, 17.386 ], [ 78.3794, 17.3792 ], [ 78.3692, 17.3792 ], [ 78.3679, 17.3761 ], [ 78.388, 17.3709 ], [ 78.4286, 17.3727 ], [ 78.4269, 17.3601 ], [ 78.4328, 17.359 ], [ 78.4423, 17.3489 ], [ 78.4388, 17.3462 ], [ 78.4272, 17.3511 ], [ 78.4291, 17.3456 ], [ 78.4234, 17.3407 ], [ 78.44, 17.3363 ], [ 78.4434, 17.3271 ], [ 78.4517, 17.3237 ], [ 78.455, 17.3068 ], [ 78.4601, 17.2987 ], [ 78.4688, 17.298 ], [ 78.4684, 17.2916 ], [ 78.461, 17.2878 ], [ 78.4526, 17.2891 ], [ 78.4497, 17.294 ], [ 78.4303, 17.29 ], [ 78.4284, 17.2966 ], [ 78.4208, 17.2995 ], [ 78.3873, 17.2951 ], [ 78.3766, 17.3065 ], [ 78.3729, 17.3012 ], [ 78.3686, 17.3058 ], [ 78.3617, 17.3022 ], [ 78.3635, 17.2953 ], [ 78.3542, 17.3016 ], [ 78.3642, 17.2814 ], [ 78.3539, 17.2853 ], [ 78.3514, 17.291 ], [ 78.3511, 17.2814 ], [ 78.3448, 17.2854 ], [ 78.3451, 17.2805 ], [ 78.3395, 17.2824 ], [ 78.3117, 17.276 ], [ 78.315, 17.2803 ], [ 78.3357, 17.2879 ], [ 78.3375, 17.2924 ], [ 78.3329, 17.2979 ], [ 78.342, 17.2963 ], [ 78.331, 17.3197 ], [ 78.3411, 17.3147 ], [ 78.3427, 17.3101 ], [ 78.3491, 17.3105 ], [ 78.3509, 17.3187 ], [ 78.3455, 17.3181 ], [ 78.3417, 17.3219 ], [ 78.3394, 17.3317 ], [ 78.3488, 17.3291 ], [ 78.3534, 17.335 ], [ 78.3496, 17.3344 ], [ 78.34, 17.3428 ], [ 78.3382, 17.3527 ], [ 78.3285, 17.3647 ], [ 78.3171, 17.3637 ], [ 78.3187, 17.3499 ], [ 78.3127, 17.3498 ], [ 78.3144, 17.3447 ], [ 78.3045, 17.3477 ], [ 78.3082, 17.3539 ], [ 78.2987, 17.3596 ], [ 78.2936, 17.347 ], [ 78.2893, 17.3549 ], [ 78.2807, 17.3571 ], [ 78.2867, 17.3617 ], [ 78.2873, 17.3705 ], [ 78.2819, 17.3743 ], [ 78.2697, 17.3756 ], [ 78.2701, 17.3806 ], [ 78.2557, 17.3931 ], [ 78.2479, 17.3946 ], [ 78.2434, 17.4033 ], [ 78.2282, 17.4003 ], [ 78.2343, 17.4291 ], [ 78.2628, 17.428 ], [ 78.2756, 17.4348 ], [ 78.2881, 17.4313 ], [ 78.2899, 17.4362 ], [ 78.3233, 17.4328 ], [ 78.3309, 17.4254 ] ] ] } },
{ "type": "Feature", "properties": { "unit_id": "IND.32.2.1_1", "name": "Hyderabad", "district": "Hyderabad", "did": "telangana:Hyderabad", "state_key": "telangana" }, "geometry": { "type": "Polygon", "coordinates": [ [ [ 78.454, 17.4446 ], [ 78.4638, 17.4493 ], [ 78.4678, 17.4383 ], [ 78.4623, 17.4246 ], [ 78.4817, 17.4202 ], [ 78.4902, 17.4265 ], [ 78.5229, 17.4235 ], [ 78.5278, 17.42 ], [ 78.527, 17.4127 ], [ 78.5334, 17.4112 ], [ 78.5351, 17.4052 ], [ 78.5232, 17.4062 ], [ 78.5222, 17.4023 ], [ 78.5278, 17.4013 ], [ 78.5292, 17.3715 ], [ 78.5326, 17.3692 ], [ 78.5408, 17.3714 ], [ 78.5298, 17.3589 ], [ 78.5319, 17.3458 ], [ 78.5288, 17.3491 ], [ 78.5275, 17.3441 ], [ 78.5223, 17.3428 ], [ 78.5175, 17.3519 ], [ 78.5066, 17.3493 ], [ 78.5072, 17.3185 ], [ 78.5019, 17.322 ], [ 78.4949, 17.3182 ], [ 78.4895, 17.3202 ], [ 78.4773, 17.3177 ], [ 78.4675, 17.2975 ], [ 78.4601, 17.2987 ], [ 78.4517, 17.3237 ], [ 78.4434, 17.3271 ], [ 78.44, 17.3363 ], [ 78.4234, 17.3407 ], [ 78.4291, 17.3456 ], [ 78.4272, 17.3511 ], [ 78.4388, 17.3462 ], [ 78.4423, 17.3489 ], [ 78.4328, 17.359 ], [ 78.4269, 17.3601 ], [ 78.4286, 17.3727 ], [ 78.388, 17.3709 ], [ 78.3738, 17.3727 ], [ 78.3675, 17.377 ], [ 78.3951, 17.386 ], [ 78.3927, 17.4018 ], [ 78.404, 17.4077 ], [ 78.4002, 17.4194 ], [ 78.395, 17.4231 ], [ 78.4013, 17.4242 ], [ 78.4097, 17.4345 ], [ 78.4089, 17.4415 ], [ 78.4145, 17.4459 ], [ 78.4278, 17.4443 ], [ 78.4321, 17.451 ], [ 78.4475, 17.4507 ], [ 78.454, 17.4446 ] ] ] } },
{ "type": "Feature", "properties": { "unit_id": "IND.32.9.4_1", "name": "Shamshabad", "district": "Rangareddy", "did": "telangana:Rangareddy", "state_key": "telangana" }, "geometry": { "type": "Polygon", "coordinates": [ [ [ 78.4228, 17.2993 ], [ 78.4284, 17.2966 ], [ 78.4303, 17.29 ], [ 78.4497, 17.294 ], [ 78.4526, 17.2891 ], [ 78.461, 17.2878 ], [ 78.4603, 17.2716 ], [ 78.4514, 17.2656 ], [ 78.4449, 17.2668 ], [ 78.4259, 17.2553 ], [ 78.4317, 17.2391 ], [ 78.4372, 17.2378 ], [ 78.4449, 17.2274 ], [ 78.4345, 17.2176 ], [ 78.4373, 17.2031 ], [ 78.4346, 17.1941 ], [ 78.4229, 17.1871 ], [ 78.3996, 17.1929 ], [ 78.3764, 17.1927 ], [ 78.367, 17.1873 ], [ 78.345, 17.1918 ], [ 78.3363, 17.1641 ], [ 78.325, 17.1655 ], [ 78.3128, 17.1489 ], [ 78.3007, 17.1446 ], [ 78.2984, 17.1482 ], [ 78.3027, 17.1743 ], [ 78.289, 17.1873 ], [ 78.2874, 17.2191 ], [ 78.2634, 17.2246 ], [ 78.2564, 17.2002 ], [ 78.2474, 17.1988 ], [ 78.2455, 17.2104 ], [ 78.2341, 17.2165 ], [ 78.2355, 17.224 ], [ 78.2304, 17.2374 ], [ 78.2389, 17.2499 ], [ 78.2487, 17.2455 ], [ 78.275, 17.257 ], [ 78.294, 17.2708 ], [ 78.3395, 17.2824 ], [ 78.3451, 17.2805 ], [ 78.3447, 17.2854 ], [ 78.3511, 17.2814 ], [ 78.3512, 17.2909 ], [ 78.3539, 17.2853 ], [ 78.3642, 17.2814 ], [ 78.3542, 17.3016 ], [ 78.3633, 17.2953 ], [ 78.3617, 17.3022 ], [ 78.3675, 17.3053 ], [ 78.3729, 17.3012 ], [ 78.3766, 17.3065 ], [ 78.3873, 17.2951 ], [ 78.4228, 17.2993 ] ] ] } },
{ "type": "Feature", "properties": { "unit_id": "IND.32.9.4_1", "name": "Saroornagar", "district": "Rangareddy", "did": "telangana:Rangareddy", "state_key": "telangana" }, "geometry": { "type": "Polygon", "coordinates": [ [ [ 78.5714, 17.3609 ], [ 78.5816, 17.3637 ], [ 78.5877, 17.3588 ], [ 78.5868, 17.3492 ], [ 78.5674, 17.3489 ], [ 78.5616, 17.3408 ], [ 78.555, 17.341 ], [ 78.5647, 17.3336 ], [ 78.5586, 17.3109 ], [ 78.5743, 17.3071 ], [ 78.5738, 17.2941 ], [ 78.5599, 17.2478 ], [ 78.5443, 17.2474 ], [ 78.483, 17.223 ], [ 78.459, 17.2346 ], [ 78.4449, 17.2274 ], [ 78.4372, 17.2378 ], [ 78.4317, 17.2391 ], [ 78.4259, 17.2553 ], [ 78.4449, 17.2668 ], [ 78.4514, 17.2656 ], [ 78.4603, 17.2716 ], [ 78.461, 17.2878 ], [ 78.4705, 17.2937 ], [ 78.4689, 17.3056 ], [ 78.4736, 17.3148 ], [ 78.5019, 17.322 ], [ 78.5072, 17.3185 ], [ 78.5059, 17.3487 ], [ 78.5158, 17.3521 ], [ 78.5212, 17.3431 ], [ 78.5275, 17.3441 ], [ 78.5288, 17.3491 ], [ 78.5319, 17.3458 ], [ 78.5298, 17.3589 ], [ 78.5415, 17.3718 ], [ 78.5499, 17.3725 ], [ 78.5569, 17.3626 ], [ 78.5714, 17.3609 ] ] ] } },
{ "type": "Feature", "properties": { "unit_id": "IND.32.9.4_1", "name": "Hayathnagar", "district": "Rangareddy", "did": "telangana:Rangareddy", "state_key": "telangana" }, "geometry": { "type": "Polygon", "coordinates": [ [ [ 78.7167, 17.4008 ], [ 78.7285, 17.3854 ], [ 78.7375, 17.386 ], [ 78.7301, 17.3592 ], [ 78.7323, 17.3541 ], [ 78.7308, 17.3523 ], [ 78.716, 17.3589 ], [ 78.7078, 17.3523 ], [ 78.7071, 17.3464 ], [ 78.7141, 17.334 ], [ 78.7213, 17.3324 ], [ 78.72, 17.3285 ], [ 78.7311, 17.3264 ], [ 78.745, 17.3308 ], [ 78.7532, 17.3292 ], [ 78.7622, 17.3034 ], [ 78.7519, 17.3021 ], [ 78.7411, 17.2957 ], [ 78.7517, 17.283 ], [ 78.7543, 17.2691 ], [ 78.7467, 17.2655 ], [ 78.718, 17.2642 ], [ 78.7042, 17.2516 ], [ 78.6875, 17.2444 ], [ 78.6864, 17.2467 ], [ 78.676, 17.2392 ], [ 78.6761, 17.2461 ], [ 78.6656, 17.2432 ], [ 78.652, 17.2442 ], [ 78.6182, 17.2561 ], [ 78.6006, 17.2579 ], [ 78.6014, 17.2463 ], [ 78.5949, 17.2424 ], [ 78.5916, 17.2447 ], [ 78.5873, 17.2384 ], [ 78.5667, 17.2417 ], [ 78.5599, 17.2478 ], [ 78.5602, 17.254 ], [ 78.5738, 17.2941 ], [ 78.5743, 17.3071 ], [ 78.5586, 17.3109 ], [ 78.5647, 17.3336 ], [ 78.555, 17.341 ], [ 78.5616, 17.3408 ], [ 78.5674, 17.3489 ], [ 78.5868, 17.3492 ], [ 78.5877, 17.3572 ], [ 78.5872, 17.3613 ], [ 78.5743, 17.3677 ], [ 78.5717, 17.3826 ], [ 78.5773, 17.3829 ], [ 78.5809, 17.3897 ], [ 78.6353, 17.3831 ], [ 78.6477, 17.3855 ], [ 78.6622, 17.3783 ], [ 78.6724, 17.3828 ], [ 78.6753, 17.3984 ], [ 78.6868, 17.405 ], [ 78.702, 17.3939 ], [ 78.7167, 17.4008 ] ] ] } },
{ "type": "Feature", "properties": { "unit_id": "IND.32.9.4_1", "name": "Uppal", "district": "Medchal-malkajgiri", "did": "telangana:Medchal-malkajgiri", "state_key": "telangana" }, "geometry": { "type": "Polygon", "coordinates": [ [ [ 78.5926, 17.4493 ], [ 78.5699, 17.4294 ], [ 78.5702, 17.4201 ], [ 78.5658, 17.4157 ], [ 78.568, 17.405 ], [ 78.5709, 17.4082 ], [ 78.575, 17.4045 ], [ 78.5794, 17.4058 ], [ 78.5809, 17.3958 ], [ 78.5889, 17.3937 ], [ 78.589, 17.3877 ], [ 78.5789, 17.3895 ], [ 78.5785, 17.384 ], [ 78.5717, 17.3826 ], [ 78.5743, 17.3677 ], [ 78.5816, 17.3637 ], [ 78.5569, 17.3612 ], [ 78.5499, 17.3725 ], [ 78.537, 17.3722 ], [ 78.5326, 17.3692 ], [ 78.5292, 17.3715 ], [ 78.5278, 17.4013 ], [ 78.5222, 17.4023 ], [ 78.5232, 17.4062 ], [ 78.5351, 17.4052 ], [ 78.5334, 17.4112 ], [ 78.527, 17.4127 ], [ 78.5264, 17.422 ], [ 78.5302, 17.4253 ], [ 78.5368, 17.422 ], [ 78.5502, 17.439 ], [ 78.5582, 17.4394 ], [ 78.5636, 17.4651 ], [ 78.5803, 17.4638 ], [ 78.5839, 17.4674 ], [ 78.5901, 17.4645 ], [ 78.5926, 17.4493 ] ] ] } },
{ "type": "Feature", "properties": { "unit_id": "IND.32.2.1_1", "name": "Secunderabad", "district": "Hyderabad", "did": "telangana:Hyderabad", "state_key": "telangana" }, "geometry": { "type": "Polygon", "coordinates": [ [ [ 78.5223, 17.4824 ], [ 78.5228, 17.4758 ], [ 78.5176, 17.4736 ], [ 78.5206, 17.4579 ], [ 78.5178, 17.4407 ], [ 78.5314, 17.437 ], [ 78.5439, 17.4432 ], [ 78.549, 17.4376 ], [ 78.5452, 17.429 ], [ 78.5368, 17.422 ], [ 78.5302, 17.4253 ], [ 78.5264, 17.422 ], [ 78.4902, 17.4265 ], [ 78.4817, 17.4202 ], [ 78.4623, 17.4246 ], [ 78.4678, 17.4383 ], [ 78.4637, 17.4493 ], [ 78.4647, 17.4741 ], [ 78.4801, 17.4827 ], [ 78.4828, 17.4759 ], [ 78.4765, 17.4706 ], [ 78.4759, 17.4634 ], [ 78.4884, 17.4564 ], [ 78.4939, 17.459 ], [ 78.4966, 17.4673 ], [ 78.5047, 17.4685 ], [ 78.4977, 17.4796 ], [ 78.5003, 17.483 ], [ 78.505, 17.4802 ], [ 78.5223, 17.4824 ] ] ] } },
{ "type": "Feature", "properties": { "unit_id": "IND.32.9.4_1", "name": "Malkajgiri", "district": "Medchal-malkajgiri", "did": "telangana:Medchal-malkajgiri", "state_key": "telangana" }, "geometry": { "type": "Polygon", "coordinates": [ [ [ 78.5638, 17.521 ], [ 78.5475, 17.5191 ], [ 78.5499, 17.509 ], [ 78.559, 17.507 ], [ 78.5406, 17.4937 ], [ 78.5409, 17.4889 ], [ 78.5509, 17.483 ], [ 78.5577, 17.4735 ], [ 78.5664, 17.4705 ], [ 78.5582, 17.4394 ], [ 78.5489, 17.4373 ], [ 78.5439, 17.4432 ], [ 78.5314, 17.437 ], [ 78.5178, 17.4407 ], [ 78.5206, 17.4579 ], [ 78.5176, 17.4736 ], [ 78.5228, 17.4758 ], [ 78.5223, 17.4824 ], [ 78.5078, 17.48 ], [ 78.5003, 17.483 ], [ 78.498, 17.4746 ], [ 78.5047, 17.4685 ], [ 78.4966, 17.4673 ], [ 78.4914, 17.4575 ], [ 78.483, 17.4574 ], [ 78.4759, 17.4634 ], [ 78.4765, 17.4706 ], [ 78.4828, 17.4759 ], [ 78.4724, 17.49 ], [ 78.4728, 17.4949 ], [ 78.4821, 17.5017 ], [ 78.4859, 17.5209 ], [ 78.4936, 17.5223 ], [ 78.5014, 17.5295 ], [ 78.5067, 17.5415 ], [ 78.5051, 17.5495 ], [ 78.5185, 17.5483 ], [ 78.5247, 17.5395 ], [ 78.543, 17.5366 ], [ 78.55, 17.5467 ], [ 78.5536, 17.5447 ], [ 78.5542, 17.5512 ], [ 78.5746, 17.5451 ], [ 78.5638, 17.521 ] ] ] } },
{ "type": "Feature", "properties": { "unit_id": "IND.32.9.4_1", "name": "Ghatkesar", "district": "Medchal-malkajgiri", "did": "telangana:Medchal-malkajgiri", "state_key": "telangana" }, "geometry": { "type": "Polygon", "coordinates": [ [ [ 78.7092, 17.4763 ], [ 78.7169, 17.4682 ], [ 78.7195, 17.4717 ], [ 78.7514, 17.4714 ], [ 78.7607, 17.4603 ], [ 78.7511, 17.4383 ], [ 78.7594, 17.4268 ], [ 78.7548, 17.4047 ], [ 78.7409, 17.3998 ], [ 78.7375, 17.386 ], [ 78.7285, 17.3854 ], [ 78.7187, 17.4001 ], [ 78.7132, 17.4007 ], [ 78.702, 17.3939 ], [ 78.6868, 17.405 ], [ 78.6753, 17.3984 ], [ 78.6724, 17.3828 ], [ 78.6607, 17.3783 ], [ 78.6477, 17.3855 ], [ 78.6353, 17.3831 ], [ 78.589, 17.3877 ], [ 78.5889, 17.3937 ], [ 78.5801, 17.3972 ], [ 78.5808, 17.4048 ], [ 78.575, 17.4045 ], [ 78.5709, 17.4082 ], [ 78.568, 17.405 ], [ 78.5658, 17.4157 ], [ 78.5702, 17.4201 ], [ 78.5699, 17.4294 ], [ 78.5926, 17.4493 ], [ 78.593, 17.4627 ], [ 78.5839, 17.4674 ], [ 78.5925, 17.4793 ], [ 78.5983, 17.4779 ], [ 78.6108, 17.4817 ], [ 78.6226, 17.4784 ], [ 78.6134, 17.4548 ], [ 78.6254, 17.4503 ], [ 78.6451, 17.4493 ], [ 78.6375, 17.4577 ], [ 78.6387, 17.4635 ], [ 78.6591, 17.4571 ], [ 78.6583, 17.4643 ], [ 78.6637, 17.4693 ], [ 78.6743, 17.4693 ], [ 78.6749, 17.4752 ], [ 78.6833, 17.4781 ], [ 78.6865, 17.4856 ], [ 78.6937, 17.4883 ], [ 78.7096, 17.4846 ], [ 78.7092, 17.4763 ] ] ] } },
{ "type": "Feature", "properties": { "unit_id": "IND.32.9.3_1", "name": "Keesara", "district": "Medchal-malkajgiri", "did": "telangana:Medchal-malkajgiri", "state_key": "telangana" }, "geometry": { "type": "Polygon", "coordinates": [ [ [ 78.6726, 17.5787 ], [ 78.6891, 17.5623 ], [ 78.7056, 17.5576 ], [ 78.695, 17.5513 ], [ 78.7005, 17.5352 ], [ 78.7124, 17.5207 ], [ 78.7065, 17.4848 ], [ 78.6937, 17.4883 ], [ 78.6865, 17.4856 ], [ 78.6833, 17.4781 ], [ 78.6749, 17.4752 ], [ 78.6743, 17.4693 ], [ 78.6637, 17.4693 ], [ 78.6583, 17.4643 ], [ 78.6591, 17.4571 ], [ 78.6387, 17.4635 ], [ 78.6375, 17.4577 ], [ 78.6459, 17.4493 ], [ 78.6254, 17.4503 ], [ 78.6134, 17.4548 ], [ 78.6227, 17.478 ], [ 78.6143, 17.4811 ], [ 78.5927, 17.4794 ], [ 78.5803, 17.4638 ], [ 78.5674, 17.4652 ], [ 78.5658, 17.471 ], [ 78.5577, 17.4735 ], [ 78.5509, 17.483 ], [ 78.5409, 17.4889 ], [ 78.5413, 17.4965 ], [ 78.5506, 17.4987 ], [ 78.559, 17.507 ], [ 78.5698, 17.5029 ], [ 78.5702, 17.5078 ], [ 78.5828, 17.5071 ], [ 78.5932, 17.5528 ], [ 78.6034, 17.5694 ], [ 78.6411, 17.5661 ], [ 78.6591, 17.58 ], [ 78.6636, 17.5715 ], [ 78.6726, 17.5787 ] ] ] } },
{ "type": "Feature", "properties": { "unit_id": "IND.32.9.3_1", "name": "Shamirpet", "district": "Medchal-malkajgiri", "did": "telangana:Medchal-malkajgiri", "state_key": "telangana" }, "geometry": { "type": "Polygon", "coordinates": [ [ [ 78.6852, 17.6882 ], [ 78.7052, 17.6862 ], [ 78.718, 17.6694 ], [ 78.7238, 17.6681 ], [ 78.7113, 17.6521 ], [ 78.7112, 17.64 ], [ 78.6963, 17.6374 ], [ 78.7009, 17.6315 ], [ 78.6853, 17.6217 ], [ 78.7019, 17.6114 ], [ 78.6866, 17.595 ], [ 78.6931, 17.5922 ], [ 78.6913, 17.5844 ], [ 78.6765, 17.5759 ], [ 78.6711, 17.5787 ], [ 78.6636, 17.5715 ], [ 78.6591, 17.58 ], [ 78.6411, 17.5661 ], [ 78.6034, 17.5694 ], [ 78.5932, 17.5528 ], [ 78.5828, 17.5071 ], [ 78.5702, 17.5078 ], [ 78.5698, 17.5029 ], [ 78.5501, 17.5088 ], [ 78.5475, 17.5191 ], [ 78.5638, 17.521 ], [ 78.5757, 17.5447 ], [ 78.5542, 17.5512 ], [ 78.5536, 17.5447 ], [ 78.55, 17.5467 ], [ 78.5425, 17.5366 ], [ 78.5247, 17.5395 ], [ 78.5185, 17.5483 ], [ 78.5051, 17.5495 ], [ 78.4941, 17.5614 ], [ 78.4999, 17.5851 ], [ 78.5049, 17.5897 ], [ 78.5195, 17.5842 ], [ 78.5413, 17.587 ], [ 78.5589, 17.6508 ], [ 78.566, 17.6536 ], [ 78.5759, 17.6525 ], [ 78.5941, 17.6434 ], [ 78.5999, 17.6464 ], [ 78.6022, 17.6577 ], [ 78.5908, 17.6638 ], [ 78.5723, 17.6871 ], [ 78.5751, 17.6955 ], [ 78.5942, 17.6962 ], [ 78.6139, 17.6798 ], [ 78.6169, 17.6722 ], [ 78.6341, 17.6689 ], [ 78.6502, 17.6764 ], [ 78.6591, 17.6972 ], [ 78.6858, 17.6932 ], [ 78.6852, 17.6882 ] ] ] } },
{ "type": "Feature", "properties": { "unit_id": "IND.32.9.3_1", "name": "Medchal", "district": "Medchal-malkajgiri", "did": "telangana:Medchal-malkajgiri", "state_key": "telangana" }, "geometry": { "type": "Polygon", "coordinates": [ [ [ 78.4943, 17.6949 ], [ 78.4964, 17.6855 ], [ 78.5088, 17.6837 ], [ 78.5189, 17.702 ], [ 78.5215, 17.6962 ], [ 78.5359, 17.6964 ], [ 78.5601, 17.6842 ], [ 78.5742, 17.6853 ], [ 78.6034, 17.653 ], [ 78.5941, 17.6434 ], [ 78.5759, 17.6525 ], [ 78.566, 17.6536 ], [ 78.5589, 17.6508 ], [ 78.5413, 17.587 ], [ 78.5195, 17.5842 ], [ 78.5043, 17.5895 ], [ 78.4999, 17.5851 ], [ 78.4939, 17.5591 ], [ 78.4761, 17.5489 ], [ 78.4433, 17.5612 ], [ 78.4429, 17.5783 ], [ 78.4466, 17.5814 ], [ 78.4372, 17.5861 ], [ 78.4419, 17.5887 ], [ 78.4468, 17.6146 ], [ 78.4307, 17.6176 ], [ 78.4317, 17.6404 ], [ 78.4249, 17.6321 ], [ 78.4136, 17.6449 ], [ 78.388, 17.6348 ], [ 78.3812, 17.6424 ], [ 78.3953, 17.6759 ], [ 78.4099, 17.6698 ], [ 78.4211, 17.6716 ], [ 78.4306, 17.6864 ], [ 78.4457, 17.6982 ], [ 78.4486, 17.7079 ], [ 78.4579, 17.7052 ], [ 78.4598, 17.6978 ], [ 78.4721, 17.6913 ], [ 78.4943, 17.6949 ] ] ] } },
{ "type": "Feature", "properties": { "unit_id": "IND.32.9.3_1", "name": "Qutubullapur", "district": "Medchal-malkajgiri", "did": "telangana:Medchal-malkajgiri", "state_key": "telangana" }, "geometry": { "type": "Polygon", "coordinates": [ [ [ 78.4317, 17.6404 ], [ 78.4307, 17.6176 ], [ 78.4468, 17.6146 ], [ 78.4419, 17.5887 ], [ 78.4372, 17.5861 ], [ 78.4466, 17.5814 ], [ 78.4429, 17.5783 ], [ 78.4433, 17.5612 ], [ 78.4761, 17.5489 ], [ 78.4808, 17.5533 ], [ 78.4908, 17.5552 ], [ 78.4941, 17.5614 ], [ 78.5066, 17.5428 ], [ 78.5007, 17.5285 ], [ 78.4936, 17.5223 ], [ 78.4859, 17.5209 ], [ 78.4821, 17.5017 ], [ 78.4734, 17.4963 ], [ 78.4724, 17.49 ], [ 78.4671, 17.4898 ], [ 78.4489, 17.474 ], [ 78.4405, 17.4861 ], [ 78.4351, 17.5073 ], [ 78.4019, 17.51 ], [ 78.39, 17.506 ], [ 78.375, 17.5113 ], [ 78.3715, 17.5191 ], [ 78.3476, 17.5225 ], [ 78.3514, 17.5286 ], [ 78.3485, 17.5352 ], [ 78.3614, 17.5497 ], [ 78.3551, 17.562 ], [ 78.363, 17.5681 ], [ 78.3709, 17.5676 ], [ 78.3768, 17.5625 ], [ 78.3837, 17.5955 ], [ 78.3889, 17.5943 ], [ 78.3869, 17.6066 ], [ 78.3718, 17.6157 ], [ 78.3778, 17.6148 ], [ 78.3906, 17.6214 ], [ 78.388, 17.6348 ], [ 78.3918, 17.6371 ], [ 78.4136, 17.6449 ], [ 78.4249, 17.6321 ], [ 78.4317, 17.6404 ] ] ] } },
{ "type": "Feature", "properties": { "unit_id": "IND.32.9.4_1", "name": "Balanagar", "district": "Medchal-malkajgiri", "did": "telangana:Medchal-malkajgiri", "state_key": "telangana" }, "geometry": { "type": "Polygon", "coordinates": [ [ [ 78.4472, 17.4742 ], [ 78.4682, 17.4901 ], [ 78.4793, 17.4828 ], [ 78.4637, 17.4726 ], [ 78.4637, 17.4491 ], [ 78.4604, 17.4465 ], [ 78.4529, 17.4448 ], [ 78.4475, 17.4507 ], [ 78.4339, 17.4512 ], [ 78.4278, 17.4443 ], [ 78.4145, 17.4459 ], [ 78.4089, 17.4415 ], [ 78.404, 17.4478 ], [ 78.3948, 17.4482 ], [ 78.3931, 17.4596 ], [ 78.3734, 17.478 ], [ 78.3746, 17.4957 ], [ 78.3821, 17.5088 ], [ 78.39, 17.506 ], [ 78.4016, 17.5099 ], [ 78.4351, 17.5073 ], [ 78.4472, 17.4742 ] ] ] } },
{ "type": "Feature", "properties": { "unit_id": "IND.32.9.4_1", "name": "Serilingampalli", "district": "Rangareddy", "did": "telangana:Rangareddy", "state_key": "telangana" }, "geometry": { "type": "Polygon", "coordinates": [ [ [ 78.375, 17.5113 ], [ 78.3821, 17.5088 ], [ 78.3746, 17.4957 ], [ 78.3734, 17.478 ], [ 78.3931, 17.4596 ], [ 78.3948, 17.4482 ], [ 78.404, 17.4478 ], [ 78.4089, 17.4415 ], [ 78.4097, 17.4345 ], [ 78.4013, 17.4242 ], [ 78.395, 17.4231 ], [ 78.4002, 17.4194 ], [ 78.4034, 17.4065 ], [ 78.3836, 17.4112 ], [ 78.3714, 17.409 ], [ 78.3687, 17.4127 ], [ 78.362, 17.4088 ], [ 78.3556, 17.41 ], [ 78.3426, 17.4169 ], [ 78.3409, 17.4239 ], [ 78.3309, 17.4254 ], [ 78.3233, 17.4328 ], [ 78.2899, 17.4362 ], [ 78.294, 17.4523 ], [ 78.3018, 17.4608 ], [ 78.298, 17.491 ], [ 78.3092, 17.4902 ], [ 78.3176, 17.4946 ], [ 78.3075, 17.5101 ], [ 78.3377, 17.5064 ], [ 78.337, 17.5037 ], [ 78.3476, 17.5225 ], [ 78.3715, 17.5191 ], [ 78.375, 17.5113 ] ] ] } },
{ "type": "Feature", "properties": { "unit_id": "IND.32.6.6_1", "name": "Ramachandrapuram", "district": "Sangareddy", "did": "telangana:Sangareddy", "state_key": "telangana" }, "geometry": { "type": "Polygon", "coordinates": [ [ [ 78.2886, 17.5216 ], [ 78.2919, 17.5142 ], [ 78.3069, 17.5106 ], [ 78.3177, 17.4959 ], [ 78.3092, 17.4902 ], [ 78.298, 17.491 ], [ 78.3018, 17.4608 ], [ 78.294, 17.4523 ], [ 78.2881, 17.4313 ], [ 78.2756, 17.4348 ], [ 78.2628, 17.428 ], [ 78.231, 17.4294 ], [ 78.2178, 17.4385 ], [ 78.2138, 17.482 ], [ 78.2367, 17.4878 ], [ 78.2412, 17.4808 ], [ 78.2402, 17.47 ], [ 78.243, 17.4673 ], [ 78.2499, 17.4688 ], [ 78.2571, 17.5061 ], [ 78.2615, 17.5075 ], [ 78.2683, 17.5232 ], [ 78.2775, 17.5195 ], [ 78.2731, 17.5281 ], [ 78.2755, 17.5326 ], [ 78.2828, 17.5324 ], [ 78.2825, 17.5162 ], [ 78.2886, 17.5216 ] ] ] } },
{ "type": "Feature", "properties": { "unit_id": "IND.32.6.6_1", "name": "Patancheruvu", "district": "Sangareddy", "did": "telangana:Sangareddy", "state_key": "telangana" }, "geometry": { "type": "Polygon", "coordinates": [ [ [ 78.2675, 17.6269 ], [ 78.2739, 17.6162 ], [ 78.2653, 17.6136 ], [ 78.2598, 17.6025 ], [ 78.2676, 17.6055 ], [ 78.2827, 17.6032 ], [ 78.2799, 17.5881 ], [ 78.2911, 17.5856 ], [ 78.2899, 17.5758 ], [ 78.2993, 17.5812 ], [ 78.3155, 17.5779 ], [ 78.3332, 17.5857 ], [ 78.3352, 17.5598 ], [ 78.3283, 17.5461 ], [ 78.3485, 17.5352 ], [ 78.3514, 17.5289 ], [ 78.3377, 17.5045 ], [ 78.2945, 17.513 ], [ 78.2886, 17.5216 ], [ 78.2825, 17.5162 ], [ 78.2828, 17.5324 ], [ 78.2783, 17.5333 ], [ 78.2731, 17.5281 ], [ 78.2775, 17.5195 ], [ 78.2683, 17.5232 ], [ 78.2615, 17.5075 ], [ 78.2571, 17.5061 ], [ 78.2499, 17.4688 ], [ 78.2415, 17.4683 ], [ 78.2396, 17.4852 ], [ 78.2328, 17.4879 ], [ 78.2145, 17.4819 ], [ 78.2138, 17.4861 ], [ 78.1915, 17.4869 ], [ 78.1897, 17.4757 ], [ 78.1702, 17.4636 ], [ 78.1451, 17.4678 ], [ 78.1453, 17.485 ], [ 78.1601, 17.4922 ], [ 78.155, 17.497 ], [ 78.1562, 17.5065 ], [ 78.1642, 17.5149 ], [ 78.1639, 17.536 ], [ 78.1714, 17.5426 ], [ 78.1535, 17.5437 ], [ 78.1468, 17.5475 ], [ 78.1497, 17.5805 ], [ 78.1608, 17.5887 ], [ 78.1718, 17.5859 ], [ 78.1796, 17.5995 ], [ 78.2169, 17.6048 ], [ 78.2279, 17.6189 ], [ 78.2427, 17.6211 ], [ 78.2448, 17.6182 ], [ 78.2626, 17.6276 ], [ 78.2675, 17.6269 ] ] ] } },
{ "type": "Feature", "properties": { "unit_id": "IND.32.6.5_1", "name": "Jinnawaram", "district": "Sangareddy", "did": "telangana:Sangareddy", "state_key": "telangana" }, "geometry": { "type": "Polygon", "coordinates": [ [ [ 78.3381, 17.7412 ], [ 78.3518, 17.7437 ], [ 78.3608, 17.7395 ], [ 78.361, 17.7314 ], [ 78.3724, 17.7263 ], [ 78.3717, 17.709 ], [ 78.385, 17.6999 ], [ 78.3963, 17.6992 ], [ 78.4026, 17.7162 ], [ 78.4164, 17.7328 ], [ 78.4404, 17.7267 ], [ 78.45, 17.711 ], [ 78.4457, 17.6982 ], [ 78.4306, 17.6864 ], [ 78.4211, 17.6716 ], [ 78.4099, 17.6698 ], [ 78.3953, 17.6759 ], [ 78.3812, 17.6424 ], [ 78.387, 17.6378 ], [ 78.3906, 17.6214 ], [ 78.3714, 17.6148 ], [ 78.3869, 17.6066 ], [ 78.3889, 17.5943 ], [ 78.3837, 17.5955 ], [ 78.3768, 17.5625 ], [ 78.3709, 17.5676 ], [ 78.363, 17.5681 ], [ 78.3551, 17.562 ], [ 78.3614, 17.5497 ], [ 78.3485, 17.5352 ], [ 78.3283, 17.5461 ], [ 78.3352, 17.5598 ], [ 78.3332, 17.5857 ], [ 78.3155, 17.5779 ], [ 78.2993, 17.5812 ], [ 78.2899, 17.5758 ], [ 78.2911, 17.5856 ], [ 78.2799, 17.5881 ], [ 78.2827, 17.6032 ], [ 78.2676, 17.6055 ], [ 78.2598, 17.6025 ], [ 78.2653, 17.6136 ], [ 78.2739, 17.6162 ], [ 78.2672, 17.6272 ], [ 78.2587, 17.6277 ], [ 78.2448, 17.6182 ], [ 78.2427, 17.6211 ], [ 78.2271, 17.6184 ], [ 78.2329, 17.6258 ], [ 78.2331, 17.6384 ], [ 78.2384, 17.6415 ], [ 78.2732, 17.6511 ], [ 78.2918, 17.6611 ], [ 78.2948, 17.6444 ], [ 78.3181, 17.656 ], [ 78.3251, 17.6738 ], [ 78.3198, 17.6801 ], [ 78.3252, 17.7034 ], [ 78.3198, 17.7111 ], [ 78.3238, 17.7249 ], [ 78.3207, 17.7212 ], [ 78.318, 17.7228 ], [ 78.3129, 17.7392 ], [ 78.3208, 17.7436 ], [ 78.3381, 17.7412 ] ] ] } },
{ "type": "Feature", "properties": { "unit_id": "IND.32.6.5_1", "name": "Narsapur", "district": "Medak", "did": "telangana:Medak", "state_key": "telangana" }, "geometry": { "type": "Polygon", "coordinates": [ [ [ 78.3088, 17.8189 ], [ 78.3239, 17.8036 ], [ 78.3269, 17.762 ], [ 78.3183, 17.7545 ], [ 78.3179, 17.7398 ], [ 78.3129, 17.7392 ], [ 78.318, 17.7228 ], [ 78.3207, 17.7212 ], [ 78.3238, 17.7248 ], [ 78.3198, 17.7111 ], [ 78.3252, 17.7027 ], [ 78.3198, 17.6801 ], [ 78.3251, 17.6738 ], [ 78.3196, 17.6634 ], [ 78.3055, 17.6674 ], [ 78.311, 17.6771 ], [ 78.2974, 17.6805 ], [ 78.2902, 17.6773 ], [ 78.2816, 17.6872 ], [ 78.2651, 17.6872 ], [ 78.2566, 17.693 ], [ 78.2483, 17.6906 ], [ 78.2303, 17.6922 ], [ 78.2299, 17.7028 ], [ 78.2381, 17.703 ], [ 78.2263, 17.7147 ], [ 78.2352, 17.7239 ], [ 78.2349, 17.7353 ], [ 78.2181, 17.732 ], [ 78.2152, 17.7415 ], [ 78.2014, 17.7358 ], [ 78.1991, 17.7461 ], [ 78.2043, 17.755 ], [ 78.2044, 17.7651 ], [ 78.1961, 17.7637 ], [ 78.1956, 17.7732 ], [ 78.2039, 17.8027 ], [ 78.196, 17.8052 ], [ 78.1932, 17.7978 ], [ 78.1735, 17.7885 ], [ 78.1659, 17.7898 ], [ 78.1633, 17.7977 ], [ 78.1668, 17.8145 ], [ 78.207, 17.8413 ], [ 78.2171, 17.8223 ], [ 78.2101, 17.8048 ], [ 78.2301, 17.7878 ], [ 78.24, 17.7902 ], [ 78.2487, 17.814 ], [ 78.2549, 17.8147 ], [ 78.2721, 17.8319 ], [ 78.283, 17.8338 ], [ 78.2903, 17.8529 ], [ 78.3141, 17.8484 ], [ 78.3088, 17.8189 ] ] ] } },
{ "type": "Feature", "properties": { "unit_id": "IND.32.6.5_1", "name": "Shivampet", "district": "Medak", "did": "telangana:Medak", "state_key": "telangana" }, "geometry": { "type": "Polygon", "coordinates": [ [ [ 78.444, 17.8779 ], [ 78.426, 17.8465 ], [ 78.4379, 17.8474 ], [ 78.4293, 17.8337 ], [ 78.4482, 17.8151 ], [ 78.4479, 17.7876 ], [ 78.4561, 17.7769 ], [ 78.4565, 17.7675 ], [ 78.4404, 17.7267 ], [ 78.4164, 17.7328 ], [ 78.4026, 17.7162 ], [ 78.3963, 17.6992 ], [ 78.388, 17.6992 ], [ 78.3717, 17.709 ], [ 78.3724, 17.7263 ], [ 78.361, 17.7314 ], [ 78.3608, 17.7395 ], [ 78.3518, 17.7437 ], [ 78.3381, 17.7412 ], [ 78.3181, 17.7435 ], [ 78.3183, 17.7545 ], [ 78.3269, 17.762 ], [ 78.3239, 17.8036 ], [ 78.3088, 17.8189 ], [ 78.3141, 17.8484 ], [ 78.3185, 17.8474 ], [ 78.3271, 17.8595 ], [ 78.3433, 17.8707 ], [ 78.3605, 17.8617 ], [ 78.377, 17.8599 ], [ 78.3818, 17.8535 ], [ 78.384, 17.8386 ], [ 78.3885, 17.839 ], [ 78.3875, 17.8504 ], [ 78.3946, 17.8525 ], [ 78.3932, 17.8577 ], [ 78.4021, 17.8593 ], [ 78.4121, 17.8749 ], [ 78.4241, 17.8807 ], [ 78.4255, 17.8846 ], [ 78.4439, 17.8814 ], [ 78.444, 17.8779 ] ] ] } },
{ "type": "Feature", "properties": { "unit_id": "IND.32.6.3_1", "name": "Medak", "district": "Medak", "did": "telangana:Medak", "state_key": "telangana" }, "geometry": { "type": "Polygon", "coordinates": [ [ [ 78.2218, 18.1826 ], [ 78.2164, 18.1755 ], [ 78.2275, 18.1753 ], [ 78.2379, 18.162 ], [ 78.2487, 18.1554 ], [ 78.257, 18.1396 ], [ 78.2778, 18.1431 ], [ 78.2901, 18.1586 ], [ 78.3076, 18.1725 ], [ 78.3101, 18.1658 ], [ 78.3048, 18.1654 ], [ 78.313, 18.1591 ], [ 78.3122, 18.1457 ], [ 78.3488, 18.1337 ], [ 78.3526, 18.1166 ], [ 78.3617, 18.1092 ], [ 78.3608, 18.0893 ], [ 78.3572, 18.0848 ], [ 78.3718, 18.0767 ], [ 78.363, 18.0788 ], [ 78.3682, 18.0686 ], [ 78.3651, 18.0545 ], [ 78.3534, 18.0402 ], [ 78.3343, 18.0257 ], [ 78.3295, 18.0153 ], [ 78.3393, 18.0038 ], [ 78.3221, 17.9878 ], [ 78.3412, 17.9869 ], [ 78.3422, 17.9766 ], [ 78.3244, 17.9666 ], [ 78.3114, 17.9684 ], [ 78.3043, 17.9787 ], [ 78.2999, 17.9716 ], [ 78.2785, 17.9628 ], [ 78.2695, 17.9629 ], [ 78.2547, 17.9702 ], [ 78.2503, 17.9829 ], [ 78.2539, 17.9953 ], [ 78.2394, 18.0051 ], [ 78.2346, 18.0182 ], [ 78.2091, 18.0182 ], [ 78.2133, 18.042 ], [ 78.2094, 18.0633 ], [ 78.1527, 18.0844 ], [ 78.1799, 18.0984 ], [ 78.1769, 18.1183 ], [ 78.1798, 18.135 ], [ 78.1693, 18.1529 ], [ 78.1688, 18.1673 ], [ 78.1806, 18.2045 ], [ 78.195, 18.2069 ], [ 78.2065, 18.2175 ], [ 78.2175, 18.2071 ], [ 78.2218, 18.1826 ] ] ] } },
{ "type": "Feature", "properties": { "unit_id": "IND.32.6.3_1", "name": "Ramayampet", "district": "Medak", "did": "telangana:Medak", "state_key": "telangana" }, "geometry": { "type": "Polygon", "coordinates": [ [ [ 78.3632, 18.1468 ], [ 78.3744, 18.1446 ], [ 78.3751, 18.1351 ], [ 78.3838, 18.1237 ], [ 78.3897, 18.1288 ], [ 78.4119, 18.1307 ], [ 78.4214, 18.1412 ], [ 78.4248, 18.1564 ], [ 78.4331, 18.1629 ], [ 78.441, 18.1559 ], [ 78.4457, 18.145 ], [ 78.4416, 18.1301 ], [ 78.4582, 18.1206 ], [ 78.4718, 18.1276 ], [ 78.4798, 18.126 ], [ 78.4915, 18.1325 ], [ 78.4833, 18.1416 ], [ 78.4838, 18.1483 ], [ 78.5023, 18.1755 ], [ 78.5158, 18.1664 ], [ 78.5219, 18.1824 ], [ 78.5271, 18.1856 ], [ 78.5371, 18.1867 ], [ 78.5445, 18.1798 ], [ 78.5646, 18.1756 ], [ 78.5688, 18.1849 ], [ 78.5806, 18.1731 ], [ 78.5809, 18.1632 ], [ 78.5667, 18.1621 ], [ 78.5693, 18.1573 ], [ 78.5532, 18.1435 ], [ 78.5506, 18.1232 ], [ 78.5453, 18.1171 ], [ 78.5478, 18.1121 ], [ 78.5753, 18.1098 ], [ 78.5795, 18.1061 ], [ 78.5703, 18.0849 ], [ 78.5722, 18.0703 ], [ 78.5686, 18.0636 ], [ 78.5525, 18.0566 ], [ 78.5273, 18.0558 ], [ 78.508, 18.0413 ], [ 78.4985, 18.0419 ], [ 78.4851, 18.0274 ], [ 78.4768, 18.0245 ], [ 78.4619, 18.0256 ], [ 78.4562, 18.0366 ], [ 78.4568, 18.0446 ], [ 78.4718, 18.0644 ], [ 78.467, 18.0723 ], [ 78.452, 18.0786 ], [ 78.4466, 18.076 ], [ 78.4453, 18.0813 ], [ 78.4378, 18.0865 ], [ 78.4075, 18.0936 ], [ 78.4027, 18.077 ], [ 78.3938, 18.0732 ], [ 78.392, 18.0656 ], [ 78.3885, 18.0694 ], [ 78.3785, 18.0698 ], [ 78.3577, 18.0839 ], [ 78.3618, 18.1087 ], [ 78.3526, 18.1166 ], [ 78.3502, 18.1325 ], [ 78.3432, 18.1372 ], [ 78.3122, 18.1457 ], [ 78.313, 18.1591 ], [ 78.3048, 18.1654 ], [ 78.3101, 18.1658 ], [ 78.3076, 18.1725 ], [ 78.3138, 18.179 ], [ 78.3127, 18.2024 ], [ 78.3327, 18.1961 ], [ 78.3378, 18.1801 ], [ 78.3578, 18.1718 ], [ 78.3662, 18.1509 ], [ 78.3632, 18.1468 ] ] ] } },
{ "type": "Feature", "properties": { "unit_id": "IND.32.6.3_1", "name": "Shankarampet", "district": "Medak", "did": "telangana:Medak", "state_key": "telangana" }, "geometry": { "type": "Polygon", "coordinates": [ [ [ 78.4466, 18.076 ], [ 78.452, 18.0786 ], [ 78.467, 18.0723 ], [ 78.4718, 18.0644 ], [ 78.4599, 18.0511 ], [ 78.4567, 18.0375 ], [ 78.4504, 18.0472 ], [ 78.4374, 18.0556 ], [ 78.429, 18.0534 ], [ 78.4255, 18.058 ], [ 78.4158, 18.0567 ], [ 78.4035, 18.0543 ], [ 78.4007, 18.0496 ], [ 78.3976, 18.0402 ], [ 78.4008, 18.0251 ], [ 78.4099, 18.036 ], [ 78.4198, 18.0337 ], [ 78.4218, 18.025 ], [ 78.4381, 18.0243 ], [ 78.4375, 18.0117 ], [ 78.45, 18.0007 ], [ 78.4516, 17.9906 ], [ 78.4358, 17.9896 ], [ 78.4351, 17.9614 ], [ 78.44, 17.9478 ], [ 78.4376, 17.9373 ], [ 78.4024, 17.9258 ], [ 78.395, 17.9063 ], [ 78.3839, 17.9095 ], [ 78.3758, 17.9185 ], [ 78.3822, 17.9267 ], [ 78.364, 17.9415 ], [ 78.3632, 17.9527 ], [ 78.3421, 17.9515 ], [ 78.3247, 17.966 ], [ 78.3422, 17.9766 ], [ 78.3412, 17.9869 ], [ 78.3221, 17.9882 ], [ 78.3393, 18.0038 ], [ 78.3291, 18.014 ], [ 78.3343, 18.0257 ], [ 78.3534, 18.0402 ], [ 78.3664, 18.0569 ], [ 78.3682, 18.0686 ], [ 78.363, 18.0788 ], [ 78.392, 18.0656 ], [ 78.3938, 18.0732 ], [ 78.4027, 18.077 ], [ 78.4075, 18.0936 ], [ 78.4384, 18.0862 ], [ 78.4466, 18.076 ] ] ] } },
{ "type": "Feature", "properties": { "unit_id": "IND.32.6.3_1", "name": "Yeldurti", "district": "Medak", "did": "telangana:Medak", "state_key": "telangana" }, "geometry": { "type": "Polygon", "coordinates": [ [ [ 78.3632, 17.9527 ], [ 78.364, 17.9415 ], [ 78.3822, 17.9267 ], [ 78.3758, 17.9185 ], [ 78.3839, 17.9095 ], [ 78.395, 17.9063 ], [ 78.4019, 17.9255 ], [ 78.4102, 17.9305 ], [ 78.4376, 17.9373 ], [ 78.439, 17.9424 ], [ 78.4706, 17.9355 ], [ 78.4971, 17.921 ], [ 78.4969, 17.9178 ], [ 78.4765, 17.9187 ], [ 78.4794, 17.9154 ], [ 78.4753, 17.9108 ], [ 78.4768, 17.8925 ], [ 78.4717, 17.887 ], [ 78.4712, 17.8785 ], [ 78.458, 17.8833 ], [ 78.4562, 17.8752 ], [ 78.4507, 17.8738 ], [ 78.4429, 17.882 ], [ 78.4255, 17.8846 ], [ 78.4089, 17.8716 ], [ 78.4021, 17.8593 ], [ 78.3932, 17.8577 ], [ 78.3946, 17.8525 ], [ 78.3874, 17.85 ], [ 78.3885, 17.839 ], [ 78.384, 17.8386 ], [ 78.3818, 17.8535 ], [ 78.377, 17.8599 ], [ 78.3605, 17.8617 ], [ 78.3433, 17.8707 ], [ 78.3165, 17.8477 ], [ 78.3048, 17.8612 ], [ 78.2609, 17.8815 ], [ 78.2613, 17.8902 ], [ 78.2677, 17.894 ], [ 78.2609, 17.9156 ], [ 78.2737, 17.926 ], [ 78.2877, 17.9454 ], [ 78.2898, 17.9536 ], [ 78.2841, 17.9556 ], [ 78.2845, 17.966 ], [ 78.2999, 17.9716 ], [ 78.304, 17.9787 ], [ 78.3098, 17.9695 ], [ 78.3244, 17.9666 ], [ 78.3421, 17.9515 ], [ 78.3632, 17.9527 ] ] ] } },
{ "type": "Feature", "properties": { "unit_id": "IND.32.6.3_1", "name": "Chegunta", "district": "Medak", "did": "telangana:Medak", "state_key": "telangana" }, "geometry": { "type": "Polygon", "coordinates": [ [ [ 78.4374, 18.0556 ], [ 78.4504, 18.0472 ], [ 78.4619, 18.0256 ], [ 78.4768, 18.0245 ], [ 78.4851, 18.0274 ], [ 78.4985, 18.0419 ], [ 78.508, 18.0413 ], [ 78.5273, 18.0558 ], [ 78.5383, 18.0541 ], [ 78.5499, 18.0568 ], [ 78.5533, 18.0568 ], [ 78.5603, 18.0451 ], [ 78.5864, 18.0301 ], [ 78.5833, 18.0061 ], [ 78.5616, 18.003 ], [ 78.5573, 17.9928 ], [ 78.5358, 17.9695 ], [ 78.5318, 17.95 ], [ 78.5417, 17.9412 ], [ 78.5297, 17.9249 ], [ 78.5459, 17.915 ], [ 78.5408, 17.9072 ], [ 78.5352, 17.9073 ], [ 78.5349, 17.9029 ], [ 78.5243, 17.8965 ], [ 78.5136, 17.9007 ], [ 78.5121, 17.896 ], [ 78.4999, 17.8904 ], [ 78.4845, 17.8947 ], [ 78.4768, 17.8925 ], [ 78.4753, 17.9108 ], [ 78.4794, 17.9154 ], [ 78.4765, 17.9187 ], [ 78.4969, 17.9178 ], [ 78.4971, 17.921 ], [ 78.4706, 17.9355 ], [ 78.439, 17.9424 ], [ 78.4346, 17.9675 ], [ 78.4358, 17.9896 ], [ 78.4516, 17.9906 ], [ 78.45, 18.0007 ], [ 78.4375, 18.0117 ], [ 78.4381, 18.0243 ], [ 78.4218, 18.025 ], [ 78.4198, 18.0337 ], [ 78.4099, 18.036 ], [ 78.4008, 18.0251 ], [ 78.3977, 18.0364 ], [ 78.4035, 18.0543 ], [ 78.4255, 18.058 ], [ 78.4267, 18.0538 ], [ 78.4374, 18.0556 ] ] ] } },
{ "type": "Feature", "properties": { "unit_id": "IND.32.6.7_1", "name": "Mirdoddi", "district": "Siddipet", "did": "telangana:Siddipet", "state_key": "telangana" }, "geometry": { "type": "Polygon", "coordinates": [ [ [ 78.62, 18.1225 ], [ 78.6352, 18.1253 ], [ 78.6365, 18.1288 ], [ 78.6467, 18.1288 ], [ 78.6565, 18.1196 ], [ 78.6754, 18.1146 ], [ 78.6849, 18.125 ], [ 78.6916, 18.1256 ], [ 78.7108, 18.1205 ], [ 78.7115, 18.116 ], [ 78.7031, 18.1093 ], [ 78.7052, 18.106 ], [ 78.7277, 18.0995 ], [ 78.7396, 18.105 ], [ 78.7469, 18.101 ], [ 78.744, 18.0762 ], [ 78.7614, 18.0646 ], [ 78.7361, 18.0433 ], [ 78.7402, 18.0331 ], [ 78.7381, 18.0205 ], [ 78.7245, 18.0175 ], [ 78.7196, 18.0222 ], [ 78.7108, 18.0206 ], [ 78.7047, 18.0113 ], [ 78.6984, 18.0088 ], [ 78.7028, 18.0007 ], [ 78.6994, 17.993 ], [ 78.7107, 17.9746 ], [ 78.6906, 17.9717 ], [ 78.6667, 17.9851 ], [ 78.6492, 17.9691 ], [ 78.6408, 17.9711 ], [ 78.6365, 17.9861 ], [ 78.6446, 18.0007 ], [ 78.6332, 18.0334 ], [ 78.6224, 18.0415 ], [ 78.5864, 18.0301 ], [ 78.559, 18.0466 ], [ 78.5533, 18.0568 ], [ 78.5586, 18.0609 ], [ 78.5657, 18.0602 ], [ 78.5721, 18.0699 ], [ 78.5703, 18.0849 ], [ 78.5796, 18.1055 ], [ 78.5759, 18.1089 ], [ 78.5872, 18.1237 ], [ 78.5911, 18.1507 ], [ 78.6072, 18.1333 ], [ 78.6109, 18.117 ], [ 78.62, 18.1225 ] ] ] } },
{ "type": "Feature", "properties": { "unit_id": "IND.32.6.1_1", "name": "Doultabad", "district": "Siddipet", "did": "telangana:Siddipet", "state_key": "telangana" }, "geometry": { "type": "Polygon", "coordinates": [ [ [ 78.6492, 17.9691 ], [ 78.6667, 17.9851 ], [ 78.6906, 17.9717 ], [ 78.7011, 17.9726 ], [ 78.6811, 17.9555 ], [ 78.6672, 17.952 ], [ 78.666, 17.9438 ], [ 78.658, 17.9388 ], [ 78.6591, 17.9269 ], [ 78.6534, 17.9175 ], [ 78.6831, 17.9136 ], [ 78.6824, 17.9023 ], [ 78.6523, 17.9081 ], [ 78.6504, 17.9031 ], [ 78.6616, 17.8884 ], [ 78.6326, 17.8835 ], [ 78.6269, 17.8768 ], [ 78.6145, 17.8712 ], [ 78.5985, 17.8754 ], [ 78.5983, 17.8673 ], [ 78.5839, 17.8436 ], [ 78.5649, 17.8426 ], [ 78.5571, 17.835 ], [ 78.5451, 17.8367 ], [ 78.5618, 17.8568 ], [ 78.561, 17.877 ], [ 78.5777, 17.8824 ], [ 78.5699, 17.905 ], [ 78.5519, 17.8893 ], [ 78.5373, 17.8876 ], [ 78.5243, 17.8965 ], [ 78.5349, 17.9029 ], [ 78.5352, 17.9073 ], [ 78.5408, 17.9072 ], [ 78.5459, 17.915 ], [ 78.5297, 17.9249 ], [ 78.5417, 17.9412 ], [ 78.5318, 17.9525 ], [ 78.5358, 17.9695 ], [ 78.5573, 17.9928 ], [ 78.5616, 18.003 ], [ 78.5833, 18.0061 ], [ 78.5864, 18.0301 ], [ 78.6224, 18.0415 ], [ 78.6332, 18.0334 ], [ 78.6446, 18.0007 ], [ 78.6365, 17.9861 ], [ 78.6408, 17.9711 ], [ 78.6492, 17.9691 ] ] ] } },
{ "type": "Feature", "properties": { "unit_id": "IND.32.6.1_1", "name": "Wargal", "district": "Siddipet", "did": "telangana:Siddipet", "state_key": "telangana" }, "geometry": { "type": "Polygon", "coordinates": [ [ [ 78.5649, 17.8426 ], [ 78.5839, 17.8436 ], [ 78.594, 17.8422 ], [ 78.5982, 17.8333 ], [ 78.6051, 17.838 ], [ 78.6102, 17.8322 ], [ 78.6202, 17.8332 ], [ 78.6355, 17.8178 ], [ 78.6451, 17.8134 ], [ 78.6482, 17.8021 ], [ 78.658, 17.7999 ], [ 78.6677, 17.8023 ], [ 78.6757, 17.7983 ], [ 78.6959, 17.7991 ], [ 78.7059, 17.7962 ], [ 78.7131, 17.7864 ], [ 78.7123, 17.7686 ], [ 78.6895, 17.7551 ], [ 78.6845, 17.7548 ], [ 78.6731, 17.7632 ], [ 78.6589, 17.7559 ], [ 78.6586, 17.7499 ], [ 78.61, 17.75 ], [ 78.6007, 17.7483 ], [ 78.5876, 17.7402 ], [ 78.5836, 17.7418 ], [ 78.5791, 17.7374 ], [ 78.5254, 17.7438 ], [ 78.5261, 17.7513 ], [ 78.513, 17.752 ], [ 78.5108, 17.7553 ], [ 78.5202, 17.8068 ], [ 78.5266, 17.8125 ], [ 78.5311, 17.8339 ], [ 78.5404, 17.837 ], [ 78.5428, 17.8461 ], [ 78.5391, 17.8604 ], [ 78.561, 17.8703 ], [ 78.5618, 17.8568 ], [ 78.5451, 17.8367 ], [ 78.5549, 17.8357 ], [ 78.5649, 17.8426 ] ] ] } },
{ "type": "Feature", "properties": { "unit_id": "IND.32.6.1_1", "name": "Tupran", "district": "Medak", "did": "telangana:Medak", "state_key": "telangana" }, "geometry": { "type": "Polygon", "coordinates": [ [ [ 78.561, 17.877 ], [ 78.561, 17.8703 ], [ 78.5391, 17.8604 ], [ 78.5428, 17.8461 ], [ 78.5404, 17.837 ], [ 78.5311, 17.8339 ], [ 78.5266, 17.8125 ], [ 78.5202, 17.8068 ], [ 78.5108, 17.7553 ], [ 78.513, 17.752 ], [ 78.5265, 17.7507 ], [ 78.5219, 17.7391 ], [ 78.5255, 17.7286 ], [ 78.5145, 17.726 ], [ 78.5061, 17.7193 ], [ 78.5045, 17.6945 ], [ 78.4992, 17.6857 ], [ 78.4936, 17.6882 ], [ 78.4943, 17.6949 ], [ 78.48, 17.6941 ], [ 78.4715, 17.69 ], [ 78.4598, 17.6978 ], [ 78.4579, 17.7052 ], [ 78.4486, 17.7079 ], [ 78.45, 17.711 ], [ 78.4403, 17.7244 ], [ 78.4565, 17.7675 ], [ 78.4561, 17.7769 ], [ 78.4479, 17.7876 ], [ 78.4482, 17.8151 ], [ 78.4293, 17.8337 ], [ 78.4379, 17.8474 ], [ 78.426, 17.8465 ], [ 78.4276, 17.8507 ], [ 78.444, 17.8779 ], [ 78.4553, 17.8745 ], [ 78.458, 17.8833 ], [ 78.4699, 17.8778 ], [ 78.4717, 17.887 ], [ 78.4787, 17.8937 ], [ 78.4999, 17.8904 ], [ 78.5121, 17.896 ], [ 78.5142, 17.9008 ], [ 78.5395, 17.8876 ], [ 78.5554, 17.8904 ], [ 78.5699, 17.905 ], [ 78.5777, 17.8824 ], [ 78.561, 17.877 ] ] ] } },
{ "type": "Feature", "properties": { "unit_id": "IND.32.6.1_1", "name": "Mulug", "district": "Siddipet", "did": "telangana:Siddipet", "state_key": "telangana" }, "geometry": { "type": "Polygon", "coordinates": [ [ [ 78.7374, 17.7621 ], [ 78.744, 17.7507 ], [ 78.7432, 17.7448 ], [ 78.7275, 17.7453 ], [ 78.7264, 17.7064 ], [ 78.7486, 17.7263 ], [ 78.7582, 17.7305 ], [ 78.7676, 17.7172 ], [ 78.7819, 17.7112 ], [ 78.7885, 17.7018 ], [ 78.768, 17.6865 ], [ 78.7452, 17.6836 ], [ 78.738, 17.6729 ], [ 78.7296, 17.6678 ], [ 78.718, 17.6694 ], [ 78.7052, 17.6862 ], [ 78.6852, 17.6882 ], [ 78.6858, 17.6932 ], [ 78.6695, 17.6982 ], [ 78.6664, 17.6954 ], [ 78.6591, 17.6972 ], [ 78.6502, 17.6764 ], [ 78.6341, 17.6689 ], [ 78.6169, 17.6722 ], [ 78.6139, 17.6798 ], [ 78.5926, 17.6967 ], [ 78.5751, 17.6955 ], [ 78.5719, 17.6901 ], [ 78.574, 17.6849 ], [ 78.5616, 17.6839 ], [ 78.5359, 17.6964 ], [ 78.5215, 17.6962 ], [ 78.5189, 17.702 ], [ 78.5088, 17.6837 ], [ 78.4992, 17.6857 ], [ 78.5045, 17.6945 ], [ 78.5061, 17.7193 ], [ 78.5145, 17.726 ], [ 78.5255, 17.7286 ], [ 78.5219, 17.7391 ], [ 78.5256, 17.7438 ], [ 78.5791, 17.7374 ], [ 78.5836, 17.7418 ], [ 78.5876, 17.7402 ], [ 78.6007, 17.7483 ], [ 78.61, 17.75 ], [ 78.6586, 17.7499 ], [ 78.6589, 17.7559 ], [ 78.6731, 17.7632 ], [ 78.6882, 17.7548 ], [ 78.7069, 17.7631 ], [ 78.715, 17.7761 ], [ 78.7347, 17.7788 ], [ 78.7374, 17.7621 ] ] ] } },
{ "type": "Feature", "properties": { "unit_id": "IND.32.7.1_1", "name": "Turkapalli", "district": "Yadadri Bhuvanagiri", "did": "telangana:Yadadri Bhuvanagiri", "state_key": "telangana" }, "geometry": { "type": "Polygon", "coordinates": [ [ [ 78.8724, 17.7393 ], [ 78.8706, 17.7172 ], [ 78.8626, 17.7061 ], [ 78.8774, 17.6935 ], [ 78.8976, 17.685 ], [ 78.8977, 17.6774 ], [ 78.8886, 17.6424 ], [ 78.8875, 17.6105 ], [ 78.8736, 17.6144 ], [ 78.8488, 17.6146 ], [ 78.8457, 17.6089 ], [ 78.8526, 17.584 ], [ 78.8508, 17.5767 ], [ 78.8398, 17.5675 ], [ 78.8278, 17.5652 ], [ 78.8266, 17.5827 ], [ 78.8304, 17.5883 ], [ 78.8103, 17.593 ], [ 78.7979, 17.6044 ], [ 78.7534, 17.6173 ], [ 78.7543, 17.6409 ], [ 78.7382, 17.6493 ], [ 78.7343, 17.6587 ], [ 78.737, 17.6662 ], [ 78.7296, 17.6678 ], [ 78.738, 17.6729 ], [ 78.7452, 17.6836 ], [ 78.768, 17.6865 ], [ 78.7766, 17.6917 ], [ 78.7885, 17.7018 ], [ 78.7819, 17.7112 ], [ 78.8004, 17.7092 ], [ 78.8154, 17.7021 ], [ 78.8156, 17.7224 ], [ 78.8233, 17.7297 ], [ 78.8216, 17.7394 ], [ 78.8273, 17.7395 ], [ 78.8413, 17.7525 ], [ 78.8581, 17.7482 ], [ 78.8724, 17.7393 ] ] ] } },
{ "type": "Feature", "properties": { "unit_id": "IND.32.6.1_1", "name": "Jagdevpur", "district": "Siddipet", "did": "telangana:Siddipet", "state_key": "telangana" }, "geometry": { "type": "Polygon", "coordinates": [ [ [ 78.8544, 17.8692 ], [ 78.8675, 17.8687 ], [ 78.8655, 17.8581 ], [ 78.8771, 17.8393 ], [ 78.8784, 17.8264 ], [ 78.8676, 17.8251 ], [ 78.8697, 17.7849 ], [ 78.8597, 17.7508 ], [ 78.8581, 17.7482 ], [ 78.8413, 17.7525 ], [ 78.8273, 17.7395 ], [ 78.8216, 17.7394 ], [ 78.8233, 17.7297 ], [ 78.8156, 17.7224 ], [ 78.8154, 17.7021 ], [ 78.8004, 17.7092 ], [ 78.7819, 17.7112 ], [ 78.769, 17.7164 ], [ 78.7582, 17.7305 ], [ 78.7486, 17.7263 ], [ 78.7264, 17.7064 ], [ 78.7275, 17.7453 ], [ 78.7432, 17.7448 ], [ 78.744, 17.7507 ], [ 78.7374, 17.7621 ], [ 78.7347, 17.7788 ], [ 78.723, 17.7757 ], [ 78.718, 17.7774 ], [ 78.7135, 17.7741 ], [ 78.7131, 17.7864 ], [ 78.7081, 17.7943 ], [ 78.7215, 17.8125 ], [ 78.7349, 17.8099 ], [ 78.7615, 17.8246 ], [ 78.7619, 17.8491 ], [ 78.7747, 17.8615 ], [ 78.7764, 17.8678 ], [ 78.7911, 17.8735 ], [ 78.7896, 17.8777 ], [ 78.7921, 17.8762 ], [ 78.7943, 17.8801 ], [ 78.8306, 17.8791 ], [ 78.8544, 17.8692 ] ] ] } },
{ "type": "Feature", "properties": { "unit_id": "IND.32.6.1_1", "name": "Gajwel", "district": "Siddipet", "did": "telangana:Siddipet", "state_key": "telangana" }, "geometry": { "type": "Polygon", "coordinates": [ [ [ 78.716, 17.9589 ], [ 78.7193, 17.9548 ], [ 78.7247, 17.9553 ], [ 78.7238, 17.951 ], [ 78.732, 17.941 ], [ 78.7335, 17.9127 ], [ 78.7448, 17.9011 ], [ 78.7497, 17.8866 ], [ 78.7697, 17.882 ], [ 78.7801, 17.8851 ], [ 78.7911, 17.8735 ], [ 78.7764, 17.8678 ], [ 78.7747, 17.8615 ], [ 78.762, 17.8494 ], [ 78.7615, 17.8246 ], [ 78.7349, 17.8099 ], [ 78.7215, 17.8125 ], [ 78.7081, 17.7943 ], [ 78.6959, 17.7991 ], [ 78.6757, 17.7983 ], [ 78.6677, 17.8023 ], [ 78.658, 17.7999 ], [ 78.6482, 17.8021 ], [ 78.6451, 17.8134 ], [ 78.6355, 17.8178 ], [ 78.6211, 17.8327 ], [ 78.6102, 17.8322 ], [ 78.6051, 17.838 ], [ 78.5982, 17.8333 ], [ 78.594, 17.8422 ], [ 78.5839, 17.8436 ], [ 78.5983, 17.8673 ], [ 78.5985, 17.8754 ], [ 78.6145, 17.8712 ], [ 78.6269, 17.8768 ], [ 78.6326, 17.8835 ], [ 78.6616, 17.8884 ], [ 78.6504, 17.9031 ], [ 78.6523, 17.9081 ], [ 78.6824, 17.9023 ], [ 78.6831, 17.9136 ], [ 78.6534, 17.9175 ], [ 78.6591, 17.9269 ], [ 78.658, 17.9388 ], [ 78.666, 17.9438 ], [ 78.6672, 17.952 ], [ 78.6811, 17.9555 ], [ 78.7035, 17.9744 ], [ 78.7103, 17.9732 ], [ 78.716, 17.9589 ] ] ] } },
{ "type": "Feature", "properties": { "unit_id": "IND.32.6.7_1", "name": "Kondapak", "district": "Siddipet", "did": "telangana:Siddipet", "state_key": "telangana" }, "geometry": { "type": "Polygon", "coordinates": [ [ [ 78.8519, 18.0408 ], [ 78.877, 18.0402 ], [ 78.9059, 18.035 ], [ 78.9109, 18.0455 ], [ 78.9233, 18.0414 ], [ 78.9312, 18.0518 ], [ 78.9427, 18.0501 ], [ 78.9412, 18.0439 ], [ 78.9447, 18.0393 ], [ 78.9608, 18.0313 ], [ 78.9524, 18.0228 ], [ 78.9533, 18.0114 ], [ 78.9439, 17.9975 ], [ 78.9273, 17.9983 ], [ 78.9068, 17.9608 ], [ 78.8802, 17.9643 ], [ 78.8721, 17.9554 ], [ 78.8643, 17.9291 ], [ 78.8524, 17.9194 ], [ 78.8512, 17.9056 ], [ 78.8447, 17.9065 ], [ 78.8402, 17.8958 ], [ 78.8276, 17.8943 ], [ 78.8306, 17.8791 ], [ 78.7943, 17.8801 ], [ 78.7921, 17.8762 ], [ 78.7801, 17.8851 ], [ 78.7697, 17.882 ], [ 78.7497, 17.8866 ], [ 78.7448, 17.9011 ], [ 78.7335, 17.9127 ], [ 78.732, 17.941 ], [ 78.7238, 17.951 ], [ 78.7247, 17.9553 ], [ 78.7193, 17.9548 ], [ 78.716, 17.9589 ], [ 78.7106, 17.978 ], [ 78.7018, 17.9863 ], [ 78.6995, 17.9943 ], [ 78.7028, 18.0007 ], [ 78.6984, 18.0088 ], [ 78.7047, 18.0113 ], [ 78.7108, 18.0206 ], [ 78.7196, 18.0222 ], [ 78.7245, 18.0175 ], [ 78.7381, 18.0205 ], [ 78.7397, 18.0328 ], [ 78.7614, 18.0387 ], [ 78.7779, 18.0603 ], [ 78.7919, 18.0587 ], [ 78.8061, 18.0462 ], [ 78.8183, 18.0516 ], [ 78.8192, 18.0568 ], [ 78.828, 18.0614 ], [ 78.8265, 18.0529 ], [ 78.8316, 18.0472 ], [ 78.8519, 18.0408 ] ] ] } },
{ "type": "Feature", "properties": { "unit_id": "IND.32.10.2_1", "name": "Cherial", "district": "Siddipet", "did": "telangana:Siddipet", "state_key": "telangana" }, "geometry": { "type": "Polygon", "coordinates": [ [ [ 78.9986, 17.9757 ], [ 79.0016, 17.9857 ], [ 79.0149, 17.9877 ], [ 79.0142, 18.002 ], [ 79.0269, 18.0188 ], [ 79.0354, 18.0165 ], [ 79.0401, 18.0009 ], [ 79.0317, 17.9858 ], [ 79.0425, 17.9801 ], [ 79.0554, 17.979 ], [ 79.0601, 17.9651 ], [ 79.0672, 17.9591 ], [ 79.0662, 17.9567 ], [ 79.0364, 17.9675 ], [ 79.0378, 17.9511 ], [ 79.0311, 17.9441 ], [ 79.0273, 17.9417 ], [ 79.0104, 17.9481 ], [ 79.008, 17.9458 ], [ 79.0132, 17.9282 ], [ 79.0283, 17.9287 ], [ 79.0249, 17.9136 ], [ 79.0289, 17.9087 ], [ 79.0188, 17.8959 ], [ 79.016, 17.8838 ], [ 79.0199, 17.8751 ], [ 79.0031, 17.8583 ], [ 78.9987, 17.8448 ], [ 78.9876, 17.858 ], [ 78.9737, 17.8622 ], [ 78.9714, 17.8681 ], [ 78.9578, 17.8669 ], [ 78.9456, 17.8794 ], [ 78.9368, 17.8762 ], [ 78.9299, 17.8776 ], [ 78.9211, 17.8731 ], [ 78.9167, 17.8577 ], [ 78.9222, 17.8365 ], [ 78.9026, 17.8445 ], [ 78.8989, 17.8399 ], [ 78.8887, 17.8416 ], [ 78.8775, 17.8337 ], [ 78.8655, 17.8581 ], [ 78.8675, 17.8687 ], [ 78.8544, 17.8692 ], [ 78.8311, 17.8785 ], [ 78.8276, 17.8943 ], [ 78.8402, 17.8958 ], [ 78.8447, 17.9065 ], [ 78.8512, 17.9056 ], [ 78.8524, 17.9194 ], [ 78.8642, 17.9289 ], [ 78.8679, 17.949 ], [ 78.8802, 17.9643 ], [ 78.9065, 17.9605 ], [ 78.9273, 17.9983 ], [ 78.9439, 17.9975 ], [ 78.9533, 18.0114 ], [ 78.9524, 18.0228 ], [ 78.9633, 18.0363 ], [ 78.9851, 18.0233 ], [ 78.9791, 17.9943 ], [ 78.9986, 17.9757 ] ] ] } },
{ "type": "Feature", "properties": { "unit_id": "IND.32.6.7_1", "name": "Nangnur", "district": "Siddipet", "did": "telangana:Siddipet", "state_key": "telangana" }, "geometry": { "type": "Polygon", "coordinates": [ [ [ 79.0362, 18.1213 ], [ 79.0322, 18.1217 ], [ 79.033, 18.1025 ], [ 79.0254, 18.0936 ], [ 79.0496, 18.0822 ], [ 79.0704, 18.0859 ], [ 79.0845, 18.0802 ], [ 79.0866, 18.0857 ], [ 79.0986, 18.085 ], [ 79.1269, 18.0759 ], [ 79.1109, 18.0645 ], [ 79.099, 18.0461 ], [ 79.1081, 18.0431 ], [ 79.1121, 18.0271 ], [ 79.1019, 18.0217 ], [ 79.0874, 18.0259 ], [ 79.0738, 18.0108 ], [ 79.0577, 18.0209 ], [ 79.0535, 18.0325 ], [ 79.0409, 18.0315 ], [ 79.0329, 18.022 ], [ 79.0248, 18.0242 ], [ 79.025, 18.0185 ], [ 79.0143, 18.0083 ], [ 79.0141, 18.0033 ], [ 78.9948, 18.0087 ], [ 78.985, 18.0155 ], [ 78.9851, 18.0233 ], [ 78.9719, 18.0329 ], [ 78.9633, 18.0363 ], [ 78.9608, 18.0313 ], [ 78.95, 18.0344 ], [ 78.9415, 18.0428 ], [ 78.9427, 18.0501 ], [ 78.9289, 18.0518 ], [ 78.9233, 18.0414 ], [ 78.9109, 18.0455 ], [ 78.9095, 18.0519 ], [ 78.913, 18.0701 ], [ 78.9195, 18.0702 ], [ 78.9256, 18.0809 ], [ 78.9193, 18.0874 ], [ 78.9284, 18.1131 ], [ 78.9567, 18.1162 ], [ 78.9626, 18.1345 ], [ 78.9799, 18.1263 ], [ 78.9902, 18.1298 ], [ 78.9941, 18.1276 ], [ 79.0068, 18.1373 ], [ 79.0126, 18.132 ], [ 79.0279, 18.1288 ], [ 79.0362, 18.1213 ] ] ] } },
{ "type": "Feature", "properties": { "unit_id": "IND.32.10.2_1", "name": "Madduru", "district": "Siddipet", "did": "telangana:Siddipet", "state_key": "telangana" }, "geometry": { "type": "Polygon", "coordinates": [ [ [ 79.0577, 18.0209 ], [ 79.0738, 18.0108 ], [ 79.0874, 18.0259 ], [ 79.1019, 18.0217 ], [ 79.1121, 18.0271 ], [ 79.109, 18.0135 ], [ 79.1236, 18.0049 ], [ 79.1452, 18.0037 ], [ 79.1535, 17.992 ], [ 79.139, 17.9781 ], [ 79.1438, 17.9659 ], [ 79.1315, 17.9468 ], [ 79.1213, 17.9412 ], [ 79.1022, 17.9143 ], [ 79.1241, 17.9019 ], [ 79.1117, 17.899 ], [ 79.0921, 17.8732 ], [ 79.065, 17.8736 ], [ 79.0547, 17.8692 ], [ 79.0483, 17.8609 ], [ 79.0438, 17.8609 ], [ 79.0391, 17.8723 ], [ 79.0202, 17.8761 ], [ 79.0161, 17.8821 ], [ 79.0188, 17.8959 ], [ 79.0289, 17.9087 ], [ 79.0249, 17.9136 ], [ 79.0283, 17.9287 ], [ 79.0132, 17.9282 ], [ 79.008, 17.9458 ], [ 79.0104, 17.9481 ], [ 79.0273, 17.9417 ], [ 79.0311, 17.9441 ], [ 79.0378, 17.9511 ], [ 79.0364, 17.9675 ], [ 79.0662, 17.9567 ], [ 79.0672, 17.9591 ], [ 79.0601, 17.9651 ], [ 79.0554, 17.979 ], [ 79.0425, 17.9801 ], [ 79.0317, 17.9858 ], [ 79.0401, 18.0009 ], [ 79.0354, 18.0165 ], [ 79.0269, 18.0188 ], [ 79.0142, 18.002 ], [ 79.0149, 17.9877 ], [ 79.0016, 17.9857 ], [ 78.9986, 17.9757 ], [ 78.9807, 17.9909 ], [ 78.978, 18.0028 ], [ 78.9845, 18.0161 ], [ 78.9948, 18.0087 ], [ 79.0141, 18.0033 ], [ 79.0143, 18.0083 ], [ 79.025, 18.0185 ], [ 79.0248, 18.0242 ], [ 79.0329, 18.022 ], [ 79.0409, 18.0315 ], [ 79.0535, 18.0325 ], [ 79.0577, 18.0209 ] ] ] } },
{ "type": "Feature", "properties": { "unit_id": "IND.32.10.2_1", "name": "Bachchannapet", "district": "Jangaon", "did": "telangana:Jangaon", "state_key": "telangana" }, "geometry": { "type": "Polygon", "coordinates": [ [ [ 78.9578, 17.8669 ], [ 78.9714, 17.8681 ], [ 78.9755, 17.8609 ], [ 78.9876, 17.858 ], [ 78.9987, 17.8448 ], [ 79.0031, 17.8583 ], [ 79.0202, 17.8761 ], [ 79.0391, 17.8723 ], [ 79.0438, 17.8609 ], [ 79.0483, 17.8609 ], [ 79.0554, 17.8696 ], [ 79.0727, 17.8754 ], [ 79.0921, 17.8732 ], [ 79.0928, 17.8661 ], [ 79.0985, 17.8619 ], [ 79.0944, 17.8497 ], [ 79.1019, 17.8396 ], [ 79.1012, 17.8314 ], [ 79.0945, 17.8208 ], [ 79.0884, 17.8316 ], [ 79.085, 17.8195 ], [ 79.0754, 17.8058 ], [ 79.0718, 17.8061 ], [ 79.0732, 17.7969 ], [ 79.0839, 17.7867 ], [ 79.0834, 17.7809 ], [ 79.0713, 17.7676 ], [ 79.067, 17.75 ], [ 79.0518, 17.7365 ], [ 79.0353, 17.7084 ], [ 79.025, 17.7128 ], [ 78.9957, 17.751 ], [ 79.0013, 17.7708 ], [ 78.9906, 17.7938 ], [ 78.9798, 17.7982 ], [ 78.9575, 17.7883 ], [ 78.9485, 17.7882 ], [ 78.9378, 17.7981 ], [ 78.9213, 17.8024 ], [ 78.9071, 17.8125 ], [ 78.8997, 17.8048 ], [ 78.8663, 17.81 ], [ 78.8676, 17.8251 ], [ 78.8783, 17.8262 ], [ 78.8775, 17.8337 ], [ 78.8887, 17.8416 ], [ 78.8989, 17.8399 ], [ 78.9056, 17.8446 ], [ 78.9222, 17.8365 ], [ 78.9165, 17.8546 ], [ 78.9211, 17.8731 ], [ 78.9315, 17.878 ], [ 78.9464, 17.8778 ], [ 78.9578, 17.8669 ] ] ] } },
{ "type": "Feature", "properties": { "unit_id": "IND.32.7.1_1", "name": "Rajapeta", "district": "Yadadri Bhuvanagiri", "did": "telangana:Yadadri Bhuvanagiri", "state_key": "telangana" }, "geometry": { "type": "Polygon", "coordinates": [ [ [ 78.9485, 17.7882 ], [ 78.9575, 17.7883 ], [ 78.9798, 17.7982 ], [ 78.9909, 17.7936 ], [ 79.0013, 17.7708 ], [ 78.9957, 17.751 ], [ 79.0118, 17.7299 ], [ 79.0175, 17.712 ], [ 79.0149, 17.7094 ], [ 79.0069, 17.7125 ], [ 78.9926, 17.7097 ], [ 78.9933, 17.6948 ], [ 78.9868, 17.6767 ], [ 78.9673, 17.6728 ], [ 78.9387, 17.6725 ], [ 78.9221, 17.6652 ], [ 78.9118, 17.6489 ], [ 78.8943, 17.657 ], [ 78.8976, 17.685 ], [ 78.8774, 17.6935 ], [ 78.8626, 17.7061 ], [ 78.8706, 17.7172 ], [ 78.8729, 17.7371 ], [ 78.8581, 17.7482 ], [ 78.8697, 17.7849 ], [ 78.8667, 17.8082 ], [ 78.8807, 17.8095 ], [ 78.8997, 17.8048 ], [ 78.9071, 17.8125 ], [ 78.9378, 17.7981 ], [ 78.9485, 17.7882 ] ] ] } },
{ "type": "Feature", "properties": { "unit_id": "IND.32.10.2_1", "name": "Jangaon", "district": "Jangaon", "did": "telangana:Jangaon", "state_key": "telangana" }, "geometry": { "type": "Polygon", "coordinates": [ [ [ 79.184, 17.8362 ], [ 79.19, 17.8272 ], [ 79.1859, 17.8081 ], [ 79.1777, 17.8004 ], [ 79.1904, 17.7807 ], [ 79.1792, 17.7686 ], [ 79.1909, 17.7633 ], [ 79.2038, 17.7481 ], [ 79.2013, 17.7384 ], [ 79.2113, 17.7371 ], [ 79.2089, 17.7181 ], [ 79.2005, 17.7174 ], [ 79.1803, 17.7252 ], [ 79.1633, 17.6928 ], [ 79.1451, 17.6975 ], [ 79.1305, 17.6717 ], [ 79.1268, 17.6731 ], [ 79.1233, 17.6683 ], [ 79.1191, 17.6689 ], [ 79.0982, 17.6788 ], [ 79.0827, 17.7106 ], [ 79.0464, 17.7273 ], [ 79.067, 17.75 ], [ 79.0713, 17.7676 ], [ 79.0834, 17.7809 ], [ 79.0839, 17.7867 ], [ 79.0732, 17.7969 ], [ 79.0718, 17.8061 ], [ 79.0754, 17.8058 ], [ 79.085, 17.8195 ], [ 79.0884, 17.8316 ], [ 79.0971, 17.8172 ], [ 79.1004, 17.8219 ], [ 79.1285, 17.8267 ], [ 79.1315, 17.8302 ], [ 79.1308, 17.8458 ], [ 79.1649, 17.8336 ], [ 79.184, 17.8362 ] ] ] } },
{ "type": "Feature", "properties": { "unit_id": "IND.32.7.1_1", "name": "Aler", "district": "Yadadri Bhuvanagiri", "did": "telangana:Yadadri Bhuvanagiri", "state_key": "telangana" }, "geometry": { "type": "Polygon", "coordinates": [ [ [ 79.0384, 17.7103 ], [ 79.0404, 17.7204 ], [ 79.0461, 17.726 ], [ 79.0688, 17.7192 ], [ 79.0827, 17.7106 ], [ 79.0896, 17.7015 ], [ 79.0913, 17.6909 ], [ 79.0997, 17.6775 ], [ 79.1191, 17.6689 ], [ 79.1233, 17.6683 ], [ 79.1268, 17.6731 ], [ 79.1305, 17.6717 ], [ 79.1295, 17.6579 ], [ 79.1348, 17.6428 ], [ 79.1404, 17.6386 ], [ 79.1442, 17.6282 ], [ 79.1577, 17.622 ], [ 79.1512, 17.5873 ], [ 79.1677, 17.5754 ], [ 79.1663, 17.5692 ], [ 79.1356, 17.5433 ], [ 79.121, 17.5436 ], [ 79.1012, 17.5508 ], [ 79.0795, 17.566 ], [ 79.0752, 17.5766 ], [ 79.049, 17.585 ], [ 79.0317, 17.5812 ], [ 79.038, 17.618 ], [ 79.0185, 17.6247 ], [ 79.023, 17.6323 ], [ 79.0145, 17.6388 ], [ 79.0164, 17.6632 ], [ 78.9977, 17.6855 ], [ 78.9909, 17.6875 ], [ 78.9926, 17.7097 ], [ 79.0069, 17.7125 ], [ 79.0149, 17.7094 ], [ 79.0175, 17.712 ], [ 79.0118, 17.7299 ], [ 79.0307, 17.7098 ], [ 79.0384, 17.7103 ] ] ] } },
{ "type": "Feature", "properties": { "unit_id": "IND.32.7.6_1", "name": "Atmakur(m)", "district": "Yadadri Bhuvanagiri", "did": "telangana:Yadadri Bhuvanagiri", "state_key": "telangana" }, "geometry": { "type": "Polygon", "coordinates": [ [ [ 79.1356, 17.5433 ], [ 79.1399, 17.5243 ], [ 79.1574, 17.5241 ], [ 79.1678, 17.5196 ], [ 79.1678, 17.5151 ], [ 79.1766, 17.5102 ], [ 79.189, 17.5088 ], [ 79.1981, 17.5121 ], [ 79.2065, 17.5096 ], [ 79.2142, 17.4999 ], [ 79.2298, 17.4969 ], [ 79.2449, 17.4786 ], [ 79.2349, 17.4743 ], [ 79.2335, 17.463 ], [ 79.2282, 17.4598 ], [ 79.2283, 17.4501 ], [ 79.2181, 17.4506 ], [ 79.2007, 17.4095 ], [ 79.1774, 17.3996 ], [ 79.1783, 17.394 ], [ 79.1827, 17.3943 ], [ 79.191, 17.3871 ], [ 79.2104, 17.3819 ], [ 79.2186, 17.3681 ], [ 79.1936, 17.3538 ], [ 79.1798, 17.3516 ], [ 79.1721, 17.3464 ], [ 79.1707, 17.3829 ], [ 79.165, 17.3783 ], [ 79.1591, 17.3817 ], [ 79.1505, 17.3805 ], [ 79.1477, 17.3958 ], [ 79.1279, 17.4031 ], [ 79.1331, 17.4177 ], [ 79.1256, 17.4347 ], [ 79.1177, 17.4379 ], [ 79.115, 17.4461 ], [ 79.1046, 17.448 ], [ 79.0996, 17.4445 ], [ 79.0913, 17.4445 ], [ 79.0551, 17.4542 ], [ 79.0448, 17.4706 ], [ 79.0316, 17.4795 ], [ 79.0331, 17.4867 ], [ 79.0437, 17.4955 ], [ 79.0478, 17.5137 ], [ 79.0649, 17.5193 ], [ 79.0752, 17.5325 ], [ 79.0715, 17.5403 ], [ 79.0853, 17.5454 ], [ 79.0945, 17.5447 ], [ 79.1012, 17.5508 ], [ 79.1174, 17.5449 ], [ 79.1356, 17.5433 ] ] ] } },
{ "type": "Feature", "properties": { "unit_id": "IND.32.7.1_1", "name": "Bhongir", "district": "Yadadri Bhuvanagiri", "did": "telangana:Yadadri Bhuvanagiri", "state_key": "telangana" }, "geometry": { "type": "Polygon", "coordinates": [ [ [ 78.8896, 17.574 ], [ 78.9201, 17.556 ], [ 78.9438, 17.551 ], [ 78.9583, 17.5548 ], [ 78.9673, 17.5496 ], [ 78.9819, 17.5503 ], [ 78.9869, 17.5481 ], [ 78.9872, 17.5357 ], [ 79.0166, 17.5345 ], [ 79.0293, 17.53 ], [ 79.0361, 17.5178 ], [ 79.0465, 17.5097 ], [ 79.0437, 17.4955 ], [ 79.0331, 17.4867 ], [ 79.0316, 17.4795 ], [ 79.0154, 17.476 ], [ 78.9968, 17.4587 ], [ 78.9751, 17.462 ], [ 78.9667, 17.4594 ], [ 78.9594, 17.4507 ], [ 78.96, 17.4383 ], [ 78.952, 17.4159 ], [ 78.9296, 17.4167 ], [ 78.9269, 17.3956 ], [ 78.9304, 17.3798 ], [ 78.9144, 17.3772 ], [ 78.8989, 17.369 ], [ 78.8832, 17.3871 ], [ 78.8901, 17.4051 ], [ 78.8804, 17.4216 ], [ 78.8804, 17.4366 ], [ 78.8888, 17.439 ], [ 78.8963, 17.4371 ], [ 78.897, 17.4253 ], [ 78.9038, 17.4219 ], [ 78.9155, 17.4292 ], [ 78.9179, 17.4355 ], [ 78.8965, 17.4502 ], [ 78.8923, 17.4485 ], [ 78.8891, 17.4511 ], [ 78.8899, 17.4715 ], [ 78.8691, 17.4774 ], [ 78.8497, 17.4611 ], [ 78.8405, 17.4704 ], [ 78.8364, 17.4831 ], [ 78.8317, 17.4844 ], [ 78.8313, 17.4915 ], [ 78.8392, 17.5007 ], [ 78.8306, 17.509 ], [ 78.8331, 17.532 ], [ 78.826, 17.5634 ], [ 78.8479, 17.5725 ], [ 78.8526, 17.584 ], [ 78.8659, 17.5763 ], [ 78.8896, 17.574 ] ] ] } },
{ "type": "Feature", "properties": { "unit_id": "IND.32.7.1_1", "name": "Yadagirigutta", "district": "Yadadri Bhuvanagiri", "did": "telangana:Yadadri Bhuvanagiri", "state_key": "telangana" }, "geometry": { "type": "Polygon", "coordinates": [ [ [ 78.9977, 17.6855 ], [ 79.0164, 17.6632 ], [ 79.0145, 17.6388 ], [ 79.023, 17.6323 ], [ 79.0185, 17.6247 ], [ 79.038, 17.618 ], [ 79.0317, 17.5812 ], [ 79.049, 17.585 ], [ 79.0752, 17.5766 ], [ 79.0795, 17.566 ], [ 79.1012, 17.5508 ], [ 79.0945, 17.5447 ], [ 79.0853, 17.5454 ], [ 79.0715, 17.5403 ], [ 79.0752, 17.5325 ], [ 79.0651, 17.5196 ], [ 79.0478, 17.5137 ], [ 79.0465, 17.5097 ], [ 79.0361, 17.5178 ], [ 79.0293, 17.53 ], [ 79.0166, 17.5345 ], [ 78.9872, 17.5357 ], [ 78.9869, 17.5481 ], [ 78.9819, 17.5503 ], [ 78.9673, 17.5496 ], [ 78.9583, 17.5548 ], [ 78.9438, 17.551 ], [ 78.9201, 17.556 ], [ 78.8896, 17.574 ], [ 78.8659, 17.5763 ], [ 78.8526, 17.584 ], [ 78.8457, 17.6089 ], [ 78.8488, 17.6146 ], [ 78.8736, 17.6144 ], [ 78.8875, 17.6105 ], [ 78.8886, 17.6424 ], [ 78.8943, 17.657 ], [ 78.9118, 17.6489 ], [ 78.9223, 17.6653 ], [ 78.9387, 17.6725 ], [ 78.9673, 17.6728 ], [ 78.9868, 17.6767 ], [ 78.9925, 17.6869 ], [ 78.9977, 17.6855 ] ] ] } },
{ "type": "Feature", "properties": { "unit_id": "IND.32.7.1_1", "name": "Bommala Ramawaram", "district": "Yadadri Bhuvanagiri", "did": "telangana:Yadadri Bhuvanagiri", "state_key": "telangana" }, "geometry": { "type": "Polygon", "coordinates": [ [ [ 78.7357, 17.652 ], [ 78.7543, 17.6409 ], [ 78.7534, 17.6173 ], [ 78.7979, 17.6044 ], [ 78.8103, 17.593 ], [ 78.8304, 17.5883 ], [ 78.8266, 17.5827 ], [ 78.8257, 17.5602 ], [ 78.8331, 17.532 ], [ 78.8306, 17.509 ], [ 78.8158, 17.518 ], [ 78.7988, 17.5228 ], [ 78.7954, 17.5296 ], [ 78.7855, 17.5314 ], [ 78.7756, 17.5107 ], [ 78.7503, 17.518 ], [ 78.7358, 17.5164 ], [ 78.7253, 17.5233 ], [ 78.7122, 17.5125 ], [ 78.7124, 17.5207 ], [ 78.7005, 17.5352 ], [ 78.695, 17.5513 ], [ 78.7056, 17.5576 ], [ 78.6891, 17.5623 ], [ 78.6765, 17.5759 ], [ 78.6913, 17.5844 ], [ 78.6931, 17.5922 ], [ 78.6866, 17.595 ], [ 78.7019, 17.6114 ], [ 78.6853, 17.6217 ], [ 78.7009, 17.6315 ], [ 78.6963, 17.6374 ], [ 78.7112, 17.64 ], [ 78.7113, 17.6521 ], [ 78.7238, 17.6681 ], [ 78.737, 17.6662 ], [ 78.7357, 17.652 ] ] ] } },
{ "type": "Feature", "properties": { "unit_id": "IND.32.7.1_1", "name": "Bibinagar", "district": "Yadadri Bhuvanagiri", "did": "telangana:Yadadri Bhuvanagiri", "state_key": "telangana" }, "geometry": { "type": "Polygon", "coordinates": [ [ [ 78.8392, 17.5007 ], [ 78.8313, 17.4915 ], [ 78.8317, 17.4844 ], [ 78.8364, 17.4831 ], [ 78.8405, 17.4704 ], [ 78.8488, 17.4614 ], [ 78.8691, 17.4774 ], [ 78.8899, 17.4715 ], [ 78.8891, 17.4511 ], [ 78.8923, 17.4485 ], [ 78.8965, 17.4502 ], [ 78.9179, 17.4355 ], [ 78.9155, 17.4292 ], [ 78.9038, 17.4219 ], [ 78.897, 17.4253 ], [ 78.8963, 17.4371 ], [ 78.8888, 17.439 ], [ 78.8804, 17.4366 ], [ 78.8804, 17.4216 ], [ 78.8901, 17.4051 ], [ 78.8832, 17.3871 ], [ 78.8612, 17.408 ], [ 78.8341, 17.4157 ], [ 78.7902, 17.4084 ], [ 78.771, 17.399 ], [ 78.7574, 17.3867 ], [ 78.7486, 17.384 ], [ 78.7375, 17.386 ], [ 78.7409, 17.3998 ], [ 78.7548, 17.4047 ], [ 78.7594, 17.4268 ], [ 78.7511, 17.4383 ], [ 78.7607, 17.4603 ], [ 78.7514, 17.4714 ], [ 78.7195, 17.4717 ], [ 78.7169, 17.4682 ], [ 78.7092, 17.4763 ], [ 78.7096, 17.4846 ], [ 78.7065, 17.4848 ], [ 78.7074, 17.5054 ], [ 78.7253, 17.5233 ], [ 78.7358, 17.5164 ], [ 78.7503, 17.518 ], [ 78.7756, 17.5107 ], [ 78.7855, 17.5314 ], [ 78.7954, 17.5296 ], [ 78.7988, 17.5228 ], [ 78.8158, 17.518 ], [ 78.8392, 17.5007 ] ] ] } },
{ "type": "Feature", "properties": { "unit_id": "IND.32.7.1_1", "name": "Bhudanpochampalli", "district": "Yadadri Bhuvanagiri", "did": "telangana:Yadadri Bhuvanagiri", "state_key": "telangana" }, "geometry": { "type": "Polygon", "coordinates": [ [ [ 78.8989, 17.369 ], [ 78.9136, 17.3769 ], [ 78.9143, 17.3673 ], [ 78.9071, 17.3456 ], [ 78.8984, 17.3486 ], [ 78.8907, 17.3469 ], [ 78.8697, 17.3202 ], [ 78.8795, 17.3047 ], [ 78.8703, 17.2809 ], [ 78.8597, 17.2884 ], [ 78.8587, 17.2818 ], [ 78.8489, 17.2837 ], [ 78.8368, 17.2761 ], [ 78.8316, 17.2783 ], [ 78.8321, 17.2921 ], [ 78.7796, 17.2935 ], [ 78.7795, 17.3019 ], [ 78.7967, 17.3008 ], [ 78.7905, 17.306 ], [ 78.7949, 17.3083 ], [ 78.7929, 17.3104 ], [ 78.7864, 17.3148 ], [ 78.7622, 17.3034 ], [ 78.7532, 17.3292 ], [ 78.745, 17.3308 ], [ 78.7311, 17.3264 ], [ 78.72, 17.3285 ], [ 78.7213, 17.3324 ], [ 78.7141, 17.334 ], [ 78.707, 17.3477 ], [ 78.716, 17.3589 ], [ 78.7308, 17.3523 ], [ 78.7323, 17.3541 ], [ 78.7301, 17.3592 ], [ 78.7375, 17.386 ], [ 78.7486, 17.384 ], [ 78.7574, 17.3867 ], [ 78.771, 17.399 ], [ 78.7914, 17.4088 ], [ 78.8316, 17.4156 ], [ 78.8631, 17.4067 ], [ 78.8989, 17.369 ] ] ] } },
{ "type": "Feature", "properties": { "unit_id": "IND.32.7.6_1", "name": "Chautuppal", "district": "Yadadri Bhuvanagiri", "did": "telangana:Yadadri Bhuvanagiri", "state_key": "telangana" }, "geometry": { "type": "Polygon", "coordinates": [ [ [ 78.9507, 17.333 ], [ 78.9714, 17.3182 ], [ 78.9829, 17.3277 ], [ 79.0009, 17.3074 ], [ 78.9912, 17.2787 ], [ 78.9818, 17.2796 ], [ 78.9808, 17.2766 ], [ 78.9806, 17.2642 ], [ 78.9865, 17.2507 ], [ 78.9827, 17.2473 ], [ 78.9789, 17.2488 ], [ 78.9737, 17.2148 ], [ 78.9571, 17.1988 ], [ 78.9269, 17.2096 ], [ 78.9256, 17.2068 ], [ 78.9137, 17.21 ], [ 78.9084, 17.2043 ], [ 78.9023, 17.2092 ], [ 78.8801, 17.2158 ], [ 78.8672, 17.2093 ], [ 78.8633, 17.2023 ], [ 78.8524, 17.1951 ], [ 78.8255, 17.1986 ], [ 78.8162, 17.2121 ], [ 78.8192, 17.2322 ], [ 78.7979, 17.2435 ], [ 78.7896, 17.2422 ], [ 78.778, 17.2457 ], [ 78.7533, 17.2609 ], [ 78.7525, 17.2814 ], [ 78.7411, 17.2957 ], [ 78.7516, 17.302 ], [ 78.7682, 17.3054 ], [ 78.7864, 17.3148 ], [ 78.7949, 17.3087 ], [ 78.7905, 17.306 ], [ 78.7967, 17.3008 ], [ 78.7795, 17.3019 ], [ 78.7796, 17.2935 ], [ 78.8321, 17.2921 ], [ 78.8316, 17.2783 ], [ 78.8354, 17.2762 ], [ 78.8489, 17.2837 ], [ 78.8587, 17.2818 ], [ 78.8597, 17.2884 ], [ 78.8703, 17.2809 ], [ 78.8795, 17.3047 ], [ 78.8697, 17.3202 ], [ 78.8899, 17.3463 ], [ 78.8999, 17.3484 ], [ 78.917, 17.3417 ], [ 78.928, 17.3302 ], [ 78.9507, 17.333 ] ] ] } },
{ "type": "Feature", "properties": { "unit_id": "IND.32.7.6_1", "name": "Valigonda", "district": "Yadadri Bhuvanagiri", "did": "telangana:Yadadri Bhuvanagiri", "state_key": "telangana" }, "geometry": { "type": "Polygon", "coordinates": [ [ [ 79.0551, 17.4542 ], [ 79.0913, 17.4445 ], [ 79.0996, 17.4445 ], [ 79.1046, 17.448 ], [ 79.115, 17.4461 ], [ 79.1177, 17.4379 ], [ 79.1256, 17.4347 ], [ 79.1331, 17.4177 ], [ 79.1279, 17.4031 ], [ 79.1477, 17.3958 ], [ 79.1505, 17.3805 ], [ 79.1591, 17.3817 ], [ 79.165, 17.3783 ], [ 79.1707, 17.3829 ], [ 79.1721, 17.3464 ], [ 79.1633, 17.3415 ], [ 79.143, 17.3419 ], [ 79.1099, 17.3604 ], [ 79.0961, 17.3599 ], [ 79.0758, 17.3531 ], [ 79.0501, 17.3633 ], [ 79.0438, 17.3608 ], [ 79.0403, 17.3529 ], [ 79.0402, 17.3287 ], [ 79.0359, 17.3214 ], [ 79.022, 17.3182 ], [ 79.0012, 17.3209 ], [ 79.0009, 17.3074 ], [ 78.9829, 17.3277 ], [ 78.9773, 17.3202 ], [ 78.9701, 17.3184 ], [ 78.9507, 17.333 ], [ 78.9282, 17.33 ], [ 78.917, 17.3417 ], [ 78.9071, 17.3456 ], [ 78.9141, 17.3645 ], [ 78.9136, 17.3769 ], [ 78.9304, 17.3798 ], [ 78.9269, 17.3956 ], [ 78.9296, 17.4167 ], [ 78.952, 17.4159 ], [ 78.96, 17.4383 ], [ 78.9594, 17.4507 ], [ 78.9642, 17.4569 ], [ 78.9751, 17.462 ], [ 78.9968, 17.4587 ], [ 79.0154, 17.476 ], [ 79.0316, 17.4795 ], [ 79.0448, 17.4706 ], [ 79.0551, 17.4542 ] ] ] } },
{ "type": "Feature", "properties": { "unit_id": "IND.32.7.6_1", "name": "Ramannapet", "district": "Yadadri Bhuvanagiri", "did": "telangana:Yadadri Bhuvanagiri", "state_key": "telangana" }, "geometry": { "type": "Polygon", "coordinates": [ [ [ 79.2507, 17.3588 ], [ 79.2518, 17.325 ], [ 79.2481, 17.3154 ], [ 79.2289, 17.3179 ], [ 79.2194, 17.3138 ], [ 79.2159, 17.2888 ], [ 79.2047, 17.2689 ], [ 79.205, 17.2621 ], [ 79.1842, 17.2733 ], [ 79.1779, 17.2517 ], [ 79.1757, 17.2552 ], [ 79.1567, 17.2595 ], [ 79.1497, 17.2715 ], [ 79.1556, 17.2811 ], [ 79.142, 17.2818 ], [ 79.1377, 17.2767 ], [ 79.117, 17.2777 ], [ 79.1034, 17.2427 ], [ 79.0822, 17.2525 ], [ 79.064, 17.2579 ], [ 79.0553, 17.2571 ], [ 79.0363, 17.2688 ], [ 79.0081, 17.2731 ], [ 78.9977, 17.2716 ], [ 78.9978, 17.2785 ], [ 78.9912, 17.2787 ], [ 79.0009, 17.3074 ], [ 79.0012, 17.3209 ], [ 79.022, 17.3182 ], [ 79.0359, 17.3214 ], [ 79.0402, 17.3287 ], [ 79.0403, 17.3529 ], [ 79.0438, 17.3608 ], [ 79.0501, 17.3633 ], [ 79.0758, 17.3531 ], [ 79.0961, 17.3599 ], [ 79.1099, 17.3604 ], [ 79.1375, 17.3431 ], [ 79.1607, 17.3412 ], [ 79.1798, 17.3516 ], [ 79.1936, 17.3538 ], [ 79.2258, 17.3719 ], [ 79.2311, 17.3712 ], [ 79.2449, 17.3572 ], [ 79.2507, 17.3588 ] ] ] } },
{ "type": "Feature", "properties": { "unit_id": "IND.32.7.6_1", "name": "Chityal", "district": "Nalgonda", "did": "telangana:Nalgonda", "state_key": "telangana" }, "geometry": { "type": "Polygon", "coordinates": [ [ [ 79.1497, 17.2715 ], [ 79.1567, 17.2595 ], [ 79.1757, 17.2552 ], [ 79.1818, 17.237 ], [ 79.1712, 17.2252 ], [ 79.1739, 17.2166 ], [ 79.1641, 17.2175 ], [ 79.1468, 17.2104 ], [ 79.1535, 17.2 ], [ 79.1496, 17.1893 ], [ 79.1516, 17.1766 ], [ 79.1385, 17.1745 ], [ 79.1356, 17.1688 ], [ 79.1273, 17.1704 ], [ 79.1216, 17.1443 ], [ 79.1029, 17.1441 ], [ 79.0838, 17.1517 ], [ 79.0678, 17.1431 ], [ 79.0539, 17.1257 ], [ 79.0476, 17.1349 ], [ 79.0479, 17.1461 ], [ 79.042, 17.1483 ], [ 79.0414, 17.1574 ], [ 79.0278, 17.1661 ], [ 79.0227, 17.1849 ], [ 79.01, 17.1725 ], [ 78.9999, 17.1737 ], [ 78.9952, 17.1819 ], [ 78.985, 17.1842 ], [ 78.9794, 17.1738 ], [ 78.9706, 17.1794 ], [ 78.9723, 17.1838 ], [ 78.9606, 17.1908 ], [ 78.9629, 17.1954 ], [ 78.9571, 17.1988 ], [ 78.9737, 17.2148 ], [ 78.9789, 17.2488 ], [ 78.9827, 17.2473 ], [ 78.9865, 17.2507 ], [ 78.9806, 17.2642 ], [ 78.9818, 17.2796 ], [ 78.9978, 17.2785 ], [ 78.9977, 17.2716 ], [ 79.0081, 17.2731 ], [ 79.0363, 17.2688 ], [ 79.0553, 17.2571 ], [ 79.064, 17.2579 ], [ 79.0822, 17.2525 ], [ 79.1034, 17.2427 ], [ 79.117, 17.2777 ], [ 79.1377, 17.2767 ], [ 79.142, 17.2818 ], [ 79.1556, 17.2811 ], [ 79.1497, 17.2715 ] ] ] } },
{ "type": "Feature", "properties": { "unit_id": "IND.32.7.5_1", "name": "Mungod", "district": "Nalgonda", "did": "telangana:Nalgonda", "state_key": "telangana" }, "geometry": { "type": "Polygon", "coordinates": [ [ [ 79.0414, 17.1574 ], [ 79.042, 17.1483 ], [ 79.0479, 17.1461 ], [ 79.0476, 17.1349 ], [ 79.0539, 17.1257 ], [ 79.0678, 17.1431 ], [ 79.0838, 17.1517 ], [ 79.1029, 17.1441 ], [ 79.126, 17.1434 ], [ 79.1377, 17.1336 ], [ 79.1477, 17.1372 ], [ 79.1515, 17.1318 ], [ 79.1461, 17.0992 ], [ 79.126, 17.0815 ], [ 79.118, 17.0554 ], [ 79.1169, 17.0391 ], [ 79.1216, 17.0325 ], [ 79.1127, 17.0074 ], [ 79.1014, 17.0007 ], [ 79.0997, 16.9906 ], [ 79.0817, 16.9979 ], [ 79.068, 16.9936 ], [ 79.0778, 17.0113 ], [ 79.071, 17.0291 ], [ 79.0777, 17.0464 ], [ 79.0691, 17.0523 ], [ 79.0553, 17.0501 ], [ 79.0433, 17.0534 ], [ 79.0299, 17.0423 ], [ 79.0176, 17.0443 ], [ 79.0052, 17.0484 ], [ 78.9869, 17.0624 ], [ 78.9663, 17.0696 ], [ 78.9458, 17.0713 ], [ 78.9283, 17.0813 ], [ 78.9384, 17.1065 ], [ 78.9482, 17.1102 ], [ 78.9522, 17.1226 ], [ 78.9473, 17.1261 ], [ 78.9514, 17.1319 ], [ 78.9722, 17.127 ], [ 78.9927, 17.1553 ], [ 78.9779, 17.1684 ], [ 78.9843, 17.1837 ], [ 78.9952, 17.1819 ], [ 78.9986, 17.1743 ], [ 79.0083, 17.1723 ], [ 79.0227, 17.1849 ], [ 79.0298, 17.1624 ], [ 79.0414, 17.1574 ] ] ] } },
{ "type": "Feature", "properties": { "unit_id": "IND.32.7.5_1", "name": "Chandur", "district": "Nalgonda", "did": "telangana:Nalgonda", "state_key": "telangana" }, "geometry": { "type": "Polygon", "coordinates": [ [ [ 78.9921, 17.06 ], [ 79.0052, 17.0484 ], [ 79.0176, 17.0443 ], [ 79.0299, 17.0423 ], [ 79.0433, 17.0534 ], [ 79.0553, 17.0501 ], [ 79.0691, 17.0523 ], [ 79.0777, 17.0464 ], [ 79.071, 17.0291 ], [ 79.0778, 17.0113 ], [ 79.0678, 16.9942 ], [ 79.0799, 16.9978 ], [ 79.0922, 16.9957 ], [ 79.1013, 16.9852 ], [ 79.0972, 16.9741 ], [ 79.0893, 16.9682 ], [ 79.0819, 16.9276 ], [ 79.0733, 16.9257 ], [ 79.0724, 16.9207 ], [ 79.0481, 16.928 ], [ 79.0466, 16.9217 ], [ 79.0062, 16.9355 ], [ 79.0033, 16.9408 ], [ 78.9919, 16.9464 ], [ 78.9776, 16.968 ], [ 78.9656, 16.9744 ], [ 78.9581, 16.9669 ], [ 78.9551, 16.9445 ], [ 78.9494, 16.9415 ], [ 78.9432, 16.9503 ], [ 78.9153, 16.9643 ], [ 78.9182, 16.9754 ], [ 78.9258, 16.9821 ], [ 78.9565, 16.9739 ], [ 78.9637, 16.996 ], [ 78.9536, 17.0033 ], [ 78.9553, 17.03 ], [ 78.9208, 17.04 ], [ 78.892, 17.0436 ], [ 78.8944, 17.0598 ], [ 78.9031, 17.0723 ], [ 78.9021, 17.0788 ], [ 78.9149, 17.0907 ], [ 78.9433, 17.0722 ], [ 78.972, 17.0679 ], [ 78.9921, 17.06 ] ] ] } },
{ "type": "Feature", "properties": { "unit_id": "IND.32.7.2_1", "name": "Gurrampod", "district": "Nalgonda", "did": "telangana:Nalgonda", "state_key": "telangana" }, "geometry": { "type": "Polygon", "coordinates": [ [ [ 79.1234, 16.9308 ], [ 79.1361, 16.9378 ], [ 79.1803, 16.934 ], [ 79.1809, 16.9269 ], [ 79.1954, 16.9139 ], [ 79.189, 16.8898 ], [ 79.201, 16.8839 ], [ 79.2046, 16.8699 ], [ 79.2099, 16.8682 ], [ 79.2056, 16.8545 ], [ 79.1954, 16.8485 ], [ 79.1956, 16.8333 ], [ 79.2036, 16.8325 ], [ 79.2004, 16.8098 ], [ 79.197, 16.8047 ], [ 79.1887, 16.8038 ], [ 79.1754, 16.791 ], [ 79.1706, 16.7903 ], [ 79.1661, 16.7926 ], [ 79.1679, 16.8017 ], [ 79.1482, 16.8059 ], [ 79.1132, 16.8017 ], [ 79.1111, 16.795 ], [ 79.097, 16.7954 ], [ 79.0875, 16.7913 ], [ 79.0792, 16.7985 ], [ 79.0673, 16.7957 ], [ 79.0574, 16.7622 ], [ 79.0593, 16.7547 ], [ 79.0459, 16.7474 ], [ 79.0423, 16.7356 ], [ 79.0226, 16.7279 ], [ 79.0241, 16.7185 ], [ 79.0214, 16.7183 ], [ 79.0072, 16.726 ], [ 79.007, 16.7433 ], [ 79.0121, 16.7548 ], [ 78.9988, 16.7599 ], [ 79.0019, 16.8001 ], [ 79.0197, 16.8223 ], [ 79.014, 16.8401 ], [ 79.0178, 16.8558 ], [ 79.0493, 16.8918 ], [ 79.0448, 16.9045 ], [ 79.0481, 16.928 ], [ 79.0724, 16.9207 ], [ 79.0733, 16.9257 ], [ 79.0819, 16.9276 ], [ 79.0847, 16.939 ], [ 79.1079, 16.9362 ], [ 79.1234, 16.9308 ] ] ] } },
{ "type": "Feature", "properties": { "unit_id": "IND.32.7.2_1", "name": "Nampalli", "district": "Nalgonda", "did": "telangana:Nalgonda", "state_key": "telangana" }, "geometry": { "type": "Polygon", "coordinates": [ [ [ 79.0466, 16.9217 ], [ 79.0453, 16.8972 ], [ 79.0503, 16.896 ], [ 79.0499, 16.8933 ], [ 79.0178, 16.8558 ], [ 79.014, 16.8401 ], [ 79.0197, 16.8223 ], [ 79.0019, 16.8001 ], [ 78.9963, 16.765 ], [ 78.9805, 16.7528 ], [ 78.9749, 16.7386 ], [ 78.9511, 16.7431 ], [ 78.9475, 16.7551 ], [ 78.9191, 16.7571 ], [ 78.9143, 16.7629 ], [ 78.915, 16.7689 ], [ 78.9243, 16.7962 ], [ 78.9102, 16.8074 ], [ 78.9167, 16.8344 ], [ 78.8987, 16.8399 ], [ 78.8959, 16.8453 ], [ 78.8882, 16.8484 ], [ 78.8814, 16.8472 ], [ 78.8749, 16.8534 ], [ 78.8557, 16.8583 ], [ 78.8557, 16.8681 ], [ 78.8499, 16.87 ], [ 78.8483, 16.8802 ], [ 78.8551, 16.9052 ], [ 78.8758, 16.9118 ], [ 78.8831, 16.9096 ], [ 78.8874, 16.9188 ], [ 78.9082, 16.9195 ], [ 78.9119, 16.9284 ], [ 78.9551, 16.9445 ], [ 78.9581, 16.9669 ], [ 78.9641, 16.9744 ], [ 78.9776, 16.968 ], [ 78.9919, 16.9464 ], [ 79.0033, 16.9408 ], [ 79.0052, 16.9361 ], [ 79.0466, 16.9217 ] ] ] } },
{ "type": "Feature", "properties": { "unit_id": "IND.32.7.2_1", "name": "Chintapalli", "district": "Nalgonda", "did": "telangana:Nalgonda", "state_key": "telangana" }, "geometry": { "type": "Polygon", "coordinates": [ [ [ 78.7653, 16.9536 ], [ 78.7925, 16.944 ], [ 78.7979, 16.9364 ], [ 78.8117, 16.9325 ], [ 78.8204, 16.9242 ], [ 78.8526, 16.9166 ], [ 78.8551, 16.9052 ], [ 78.8483, 16.8758 ], [ 78.8499, 16.87 ], [ 78.8557, 16.8681 ], [ 78.8557, 16.8583 ], [ 78.8749, 16.8534 ], [ 78.8814, 16.8472 ], [ 78.8882, 16.8484 ], [ 78.8959, 16.8453 ], [ 78.8987, 16.8399 ], [ 78.9167, 16.8344 ], [ 78.9102, 16.8074 ], [ 78.9243, 16.7962 ], [ 78.915, 16.7689 ], [ 78.9143, 16.7629 ], [ 78.9191, 16.7571 ], [ 78.9037, 16.7637 ], [ 78.8955, 16.773 ], [ 78.8937, 16.7649 ], [ 78.8839, 16.7593 ], [ 78.8656, 16.7694 ], [ 78.8645, 16.765 ], [ 78.85, 16.771 ], [ 78.8411, 16.75 ], [ 78.83, 16.756 ], [ 78.8222, 16.7532 ], [ 78.8059, 16.7547 ], [ 78.8049, 16.7479 ], [ 78.7937, 16.7514 ], [ 78.7895, 16.7619 ], [ 78.7952, 16.7853 ], [ 78.7918, 16.802 ], [ 78.7953, 16.8122 ], [ 78.7978, 16.8075 ], [ 78.8021, 16.8262 ], [ 78.7875, 16.8317 ], [ 78.789, 16.8397 ], [ 78.7757, 16.8438 ], [ 78.7807, 16.8686 ], [ 78.772, 16.8825 ], [ 78.752, 16.8624 ], [ 78.7498, 16.8546 ], [ 78.7308, 16.8638 ], [ 78.7267, 16.8697 ], [ 78.7285, 16.8937 ], [ 78.7453, 16.9149 ], [ 78.7075, 16.934 ], [ 78.6958, 16.9356 ], [ 78.7039, 16.9496 ], [ 78.7021, 16.9646 ], [ 78.7318, 16.9732 ], [ 78.7631, 16.9685 ], [ 78.7653, 16.9536 ] ] ] } },
{ "type": "Feature", "properties": { "unit_id": "IND.32.5.6_1", "name": "Madgul", "district": "Rangareddy", "did": "telangana:Rangareddy", "state_key": "telangana" }, "geometry": { "type": "Polygon", "coordinates": [ [ [ 78.7071, 16.9341 ], [ 78.7452, 16.9151 ], [ 78.7285, 16.8937 ], [ 78.7267, 16.8697 ], [ 78.7308, 16.8638 ], [ 78.7498, 16.8546 ], [ 78.752, 16.8624 ], [ 78.772, 16.8825 ], [ 78.7807, 16.8686 ], [ 78.7757, 16.8438 ], [ 78.789, 16.8397 ], [ 78.7875, 16.8317 ], [ 78.8021, 16.8262 ], [ 78.7978, 16.8075 ], [ 78.7953, 16.8122 ], [ 78.7918, 16.802 ], [ 78.7952, 16.7853 ], [ 78.7896, 16.7622 ], [ 78.7808, 16.7461 ], [ 78.7573, 16.7476 ], [ 78.7544, 16.7514 ], [ 78.7336, 16.7581 ], [ 78.7213, 16.7519 ], [ 78.703, 16.7578 ], [ 78.6961, 16.7543 ], [ 78.6962, 16.7655 ], [ 78.6838, 16.7679 ], [ 78.6646, 16.7604 ], [ 78.6593, 16.767 ], [ 78.6527, 16.7669 ], [ 78.6527, 16.7745 ], [ 78.6831, 16.7888 ], [ 78.6825, 16.8114 ], [ 78.6762, 16.824 ], [ 78.6667, 16.8324 ], [ 78.6664, 16.8024 ], [ 78.633, 16.7765 ], [ 78.6156, 16.7843 ], [ 78.6183, 16.8174 ], [ 78.6278, 16.8394 ], [ 78.6053, 16.8511 ], [ 78.5934, 16.8507 ], [ 78.5918, 16.8469 ], [ 78.5845, 16.8499 ], [ 78.5809, 16.8619 ], [ 78.6096, 16.8677 ], [ 78.6107, 16.8744 ], [ 78.6247, 16.8711 ], [ 78.6334, 16.8875 ], [ 78.626, 16.8955 ], [ 78.6323, 16.9056 ], [ 78.6444, 16.9033 ], [ 78.6476, 16.9081 ], [ 78.6572, 16.9057 ], [ 78.6695, 16.9234 ], [ 78.6698, 16.928 ], [ 78.6638, 16.9287 ], [ 78.6686, 16.9299 ], [ 78.673, 16.9412 ], [ 78.6823, 16.9332 ], [ 78.7071, 16.9341 ] ] ] } },
{ "type": "Feature", "properties": { "unit_id": "IND.32.9.2_1", "name": "Yacharam", "district": "Rangareddy", "did": "telangana:Rangareddy", "state_key": "telangana" }, "geometry": { "type": "Polygon", "coordinates": [ [ [ 78.6834, 17.1248 ], [ 78.6855, 17.119 ], [ 78.7101, 17.1144 ], [ 78.7049, 17.0882 ], [ 78.7005, 17.0808 ], [ 78.6941, 17.0787 ], [ 78.7078, 17.055 ], [ 78.707, 17.0472 ], [ 78.7276, 17.037 ], [ 78.7432, 17.0487 ], [ 78.7459, 17.0547 ], [ 78.756, 17.0379 ], [ 78.7829, 17.0405 ], [ 78.7766, 17.0315 ], [ 78.825, 17.0193 ], [ 78.8227, 17.0057 ], [ 78.8163, 17.0007 ], [ 78.799, 16.9997 ], [ 78.7926, 16.9912 ], [ 78.7891, 16.9762 ], [ 78.7741, 16.9822 ], [ 78.7539, 16.9844 ], [ 78.7564, 16.9695 ], [ 78.7318, 16.9732 ], [ 78.7021, 16.9646 ], [ 78.7035, 16.9485 ], [ 78.6904, 16.9317 ], [ 78.6823, 16.9332 ], [ 78.677, 16.9407 ], [ 78.6676, 16.9425 ], [ 78.6505, 16.9589 ], [ 78.6152, 16.9648 ], [ 78.6039, 16.9595 ], [ 78.5817, 16.9558 ], [ 78.5675, 16.9656 ], [ 78.5576, 16.986 ], [ 78.5618, 16.9905 ], [ 78.5529, 17.0009 ], [ 78.5488, 17.0139 ], [ 78.556, 17.0224 ], [ 78.5541, 17.031 ], [ 78.5574, 17.0344 ], [ 78.5662, 17.0376 ], [ 78.5792, 17.0353 ], [ 78.5895, 17.0382 ], [ 78.5925, 17.0485 ], [ 78.5992, 17.0477 ], [ 78.605, 17.0633 ], [ 78.598, 17.0759 ], [ 78.6072, 17.1002 ], [ 78.6548, 17.085 ], [ 78.6525, 17.0935 ], [ 78.645, 17.0949 ], [ 78.6478, 17.115 ], [ 78.6532, 17.1271 ], [ 78.6665, 17.1213 ], [ 78.6834, 17.1248 ] ] ] } },
{ "type": "Feature", "properties": { "unit_id": "IND.32.7.2_1", "name": "Marrigudem", "district": "Nalgonda", "did": "telangana:Nalgonda", "state_key": "telangana" }, "geometry": { "type": "Polygon", "coordinates": [ [ [ 78.9553, 17.03 ], [ 78.9536, 17.0033 ], [ 78.9633, 16.9967 ], [ 78.9638, 16.9928 ], [ 78.9554, 16.9734 ], [ 78.9258, 16.9821 ], [ 78.9171, 16.9735 ], [ 78.9153, 16.9643 ], [ 78.9432, 16.9503 ], [ 78.9464, 16.9404 ], [ 78.9119, 16.9284 ], [ 78.9082, 16.9195 ], [ 78.8874, 16.9188 ], [ 78.8831, 16.9096 ], [ 78.8758, 16.9118 ], [ 78.8551, 16.9052 ], [ 78.8526, 16.9166 ], [ 78.8204, 16.9242 ], [ 78.8117, 16.9325 ], [ 78.7979, 16.9364 ], [ 78.7925, 16.944 ], [ 78.7653, 16.9536 ], [ 78.7652, 16.9673 ], [ 78.7564, 16.9695 ], [ 78.7528, 16.9818 ], [ 78.757, 16.9848 ], [ 78.7624, 16.9818 ], [ 78.7741, 16.9822 ], [ 78.7891, 16.9762 ], [ 78.7926, 16.9912 ], [ 78.799, 16.9997 ], [ 78.8152, 17.0003 ], [ 78.8227, 17.0057 ], [ 78.825, 17.0193 ], [ 78.7766, 17.0315 ], [ 78.7829, 17.0405 ], [ 78.7926, 17.0418 ], [ 78.7971, 17.0357 ], [ 78.8219, 17.0303 ], [ 78.8348, 17.0369 ], [ 78.836, 17.0552 ], [ 78.8442, 17.0685 ], [ 78.8416, 17.074 ], [ 78.8734, 17.0616 ], [ 78.8795, 17.0575 ], [ 78.8803, 17.0471 ], [ 78.9208, 17.04 ], [ 78.9553, 17.03 ] ] ] } },
{ "type": "Feature", "properties": { "unit_id": "IND.32.7.5_1", "name": "Narayanpur", "district": "Yadadri Bhuvanagiri", "did": "telangana:Yadadri Bhuvanagiri", "state_key": "telangana" }, "geometry": { "type": "Polygon", "coordinates": [ [ [ 78.9137, 17.21 ], [ 78.9256, 17.2068 ], [ 78.9269, 17.2096 ], [ 78.9611, 17.1979 ], [ 78.9606, 17.1908 ], [ 78.9723, 17.1838 ], [ 78.9706, 17.1794 ], [ 78.9794, 17.1738 ], [ 78.9779, 17.1684 ], [ 78.9927, 17.1553 ], [ 78.9722, 17.127 ], [ 78.9514, 17.1319 ], [ 78.9473, 17.1261 ], [ 78.9522, 17.1226 ], [ 78.9482, 17.1102 ], [ 78.9384, 17.1065 ], [ 78.9283, 17.0813 ], [ 78.9113, 17.0901 ], [ 78.9021, 17.0788 ], [ 78.9031, 17.0723 ], [ 78.8944, 17.0598 ], [ 78.8907, 17.0436 ], [ 78.8803, 17.0471 ], [ 78.8795, 17.0575 ], [ 78.8394, 17.0748 ], [ 78.8281, 17.092 ], [ 78.8154, 17.0962 ], [ 78.8191, 17.109 ], [ 78.8334, 17.1034 ], [ 78.8335, 17.1125 ], [ 78.7854, 17.1373 ], [ 78.7807, 17.1435 ], [ 78.7737, 17.1553 ], [ 78.7776, 17.1622 ], [ 78.785, 17.1591 ], [ 78.7893, 17.1648 ], [ 78.7809, 17.1863 ], [ 78.7726, 17.1889 ], [ 78.7592, 17.214 ], [ 78.7979, 17.2028 ], [ 78.8025, 17.2078 ], [ 78.8162, 17.2121 ], [ 78.8255, 17.1986 ], [ 78.8481, 17.1938 ], [ 78.8801, 17.2158 ], [ 78.9095, 17.2041 ], [ 78.9137, 17.21 ] ] ] } },
{ "type": "Feature", "properties": { "unit_id": "IND.32.9.2_1", "name": "Manchal", "district": "Rangareddy", "did": "telangana:Rangareddy", "state_key": "telangana" }, "geometry": { "type": "Polygon", "coordinates": [ [ [ 78.7463, 17.1956 ], [ 78.7679, 17.2007 ], [ 78.7726, 17.1889 ], [ 78.7809, 17.1863 ], [ 78.7893, 17.1648 ], [ 78.785, 17.1591 ], [ 78.7776, 17.1622 ], [ 78.7737, 17.1553 ], [ 78.7807, 17.1435 ], [ 78.7854, 17.1373 ], [ 78.8335, 17.1125 ], [ 78.8334, 17.1034 ], [ 78.8191, 17.109 ], [ 78.8154, 17.0962 ], [ 78.8281, 17.092 ], [ 78.8442, 17.0685 ], [ 78.836, 17.0552 ], [ 78.8369, 17.0394 ], [ 78.8225, 17.0303 ], [ 78.7971, 17.0357 ], [ 78.7926, 17.0418 ], [ 78.756, 17.0379 ], [ 78.7456, 17.0548 ], [ 78.7432, 17.0487 ], [ 78.7276, 17.037 ], [ 78.707, 17.0472 ], [ 78.7078, 17.055 ], [ 78.6941, 17.0787 ], [ 78.7005, 17.0808 ], [ 78.7049, 17.0882 ], [ 78.7101, 17.1144 ], [ 78.6855, 17.119 ], [ 78.6847, 17.1245 ], [ 78.6673, 17.1212 ], [ 78.6532, 17.1271 ], [ 78.6546, 17.1357 ], [ 78.6597, 17.139 ], [ 78.6543, 17.1402 ], [ 78.6429, 17.1531 ], [ 78.6412, 17.17 ], [ 78.6518, 17.1737 ], [ 78.6605, 17.1641 ], [ 78.6761, 17.1658 ], [ 78.6831, 17.1633 ], [ 78.6845, 17.1927 ], [ 78.6959, 17.1949 ], [ 78.7018, 17.1913 ], [ 78.7027, 17.1863 ], [ 78.7183, 17.1826 ], [ 78.7253, 17.1865 ], [ 78.7231, 17.1904 ], [ 78.7271, 17.2032 ], [ 78.7331, 17.2036 ], [ 78.7463, 17.1956 ] ] ] } },
{ "type": "Feature", "properties": { "unit_id": "IND.32.9.2_1", "name": "Ibrahimpatan", "district": "Rangareddy", "did": "telangana:Rangareddy", "state_key": "telangana" }, "geometry": { "type": "Polygon", "coordinates": [ [ [ 78.778, 17.2457 ], [ 78.7896, 17.2422 ], [ 78.7979, 17.2435 ], [ 78.8192, 17.2322 ], [ 78.8162, 17.2121 ], [ 78.8025, 17.2078 ], [ 78.7979, 17.2028 ], [ 78.7592, 17.214 ], [ 78.7679, 17.2007 ], [ 78.7463, 17.1956 ], [ 78.7341, 17.2034 ], [ 78.7273, 17.2033 ], [ 78.7231, 17.1904 ], [ 78.7253, 17.1865 ], [ 78.7183, 17.1826 ], [ 78.7027, 17.1863 ], [ 78.7018, 17.1913 ], [ 78.6959, 17.1949 ], [ 78.6856, 17.1935 ], [ 78.6831, 17.1633 ], [ 78.6761, 17.1658 ], [ 78.6605, 17.1641 ], [ 78.6518, 17.1737 ], [ 78.6424, 17.1711 ], [ 78.6398, 17.1674 ], [ 78.6429, 17.1531 ], [ 78.6599, 17.1378 ], [ 78.6538, 17.1339 ], [ 78.645, 17.0955 ], [ 78.6545, 17.0915 ], [ 78.6548, 17.085 ], [ 78.6072, 17.1002 ], [ 78.6153, 17.1147 ], [ 78.6226, 17.1177 ], [ 78.615, 17.1258 ], [ 78.6054, 17.1266 ], [ 78.5867, 17.1356 ], [ 78.5451, 17.1436 ], [ 78.5552, 17.1553 ], [ 78.542, 17.16 ], [ 78.5487, 17.1835 ], [ 78.5228, 17.176 ], [ 78.5219, 17.1808 ], [ 78.5258, 17.1885 ], [ 78.5383, 17.1944 ], [ 78.5491, 17.2172 ], [ 78.5201, 17.2182 ], [ 78.5221, 17.2402 ], [ 78.551, 17.2486 ], [ 78.5599, 17.2478 ], [ 78.5667, 17.2417 ], [ 78.5873, 17.2384 ], [ 78.5916, 17.2447 ], [ 78.5949, 17.2424 ], [ 78.6014, 17.2463 ], [ 78.6, 17.2579 ], [ 78.6182, 17.2561 ], [ 78.652, 17.2442 ], [ 78.6656, 17.2432 ], [ 78.6761, 17.2461 ], [ 78.676, 17.2392 ], [ 78.6864, 17.2467 ], [ 78.6875, 17.2444 ], [ 78.7042, 17.2516 ], [ 78.718, 17.2642 ], [ 78.7467, 17.2655 ], [ 78.7543, 17.2691 ], [ 78.7533, 17.2609 ], [ 78.778, 17.2457 ] ] ] } },
{ "type": "Feature", "properties": { "unit_id": "IND.32.9.2_1", "name": "Kandukur", "district": "Rangareddy", "did": "telangana:Rangareddy", "state_key": "telangana" }, "geometry": { "type": "Polygon", "coordinates": [ [ [ 78.542, 17.16 ], [ 78.5552, 17.1553 ], [ 78.5451, 17.1436 ], [ 78.5959, 17.1329 ], [ 78.6054, 17.1266 ], [ 78.615, 17.1258 ], [ 78.6226, 17.1177 ], [ 78.6113, 17.1086 ], [ 78.5986, 17.0789 ], [ 78.5985, 17.0723 ], [ 78.605, 17.0633 ], [ 78.5992, 17.0477 ], [ 78.5925, 17.0485 ], [ 78.5895, 17.0382 ], [ 78.5792, 17.0353 ], [ 78.5642, 17.0372 ], [ 78.5541, 17.0312 ], [ 78.556, 17.0224 ], [ 78.5488, 17.0139 ], [ 78.5529, 17.0009 ], [ 78.5618, 16.9905 ], [ 78.5576, 16.986 ], [ 78.5237, 16.9932 ], [ 78.4941, 17.0165 ], [ 78.4892, 17.0039 ], [ 78.4754, 16.9903 ], [ 78.4595, 16.9844 ], [ 78.4609, 16.993 ], [ 78.4551, 16.9936 ], [ 78.4568, 16.9987 ], [ 78.4271, 17.0095 ], [ 78.4218, 17.0144 ], [ 78.4024, 17.0138 ], [ 78.3842, 17.0229 ], [ 78.3804, 17.0281 ], [ 78.3848, 17.0294 ], [ 78.3783, 17.0342 ], [ 78.3988, 17.0601 ], [ 78.3992, 17.074 ], [ 78.4149, 17.1024 ], [ 78.4535, 17.1105 ], [ 78.4752, 17.1051 ], [ 78.4916, 17.1079 ], [ 78.4935, 17.1214 ], [ 78.4854, 17.1407 ], [ 78.4905, 17.1523 ], [ 78.4841, 17.1607 ], [ 78.4986, 17.1724 ], [ 78.5488, 17.1834 ], [ 78.542, 17.16 ] ] ] } },
{ "type": "Feature", "properties": { "unit_id": "IND.32.9.2_1", "name": "Maheshwaram", "district": "Rangareddy", "did": "telangana:Rangareddy", "state_key": "telangana" }, "geometry": { "type": "Polygon", "coordinates": [ [ [ 78.5491, 17.2172 ], [ 78.5383, 17.1944 ], [ 78.5258, 17.1885 ], [ 78.5218, 17.176 ], [ 78.4979, 17.1721 ], [ 78.4841, 17.1607 ], [ 78.4905, 17.1523 ], [ 78.4854, 17.1407 ], [ 78.4935, 17.1214 ], [ 78.4921, 17.1082 ], [ 78.4752, 17.1051 ], [ 78.4535, 17.1105 ], [ 78.4149, 17.1024 ], [ 78.3992, 17.074 ], [ 78.3988, 17.0601 ], [ 78.3783, 17.0342 ], [ 78.3795, 17.0409 ], [ 78.3774, 17.0452 ], [ 78.3702, 17.0451 ], [ 78.3658, 17.0641 ], [ 78.336, 17.0636 ], [ 78.3402, 17.0676 ], [ 78.3503, 17.0663 ], [ 78.3482, 17.0745 ], [ 78.3596, 17.0709 ], [ 78.3587, 17.0784 ], [ 78.3554, 17.0821 ], [ 78.3407, 17.0838 ], [ 78.3456, 17.0968 ], [ 78.3386, 17.097 ], [ 78.3342, 17.1021 ], [ 78.3347, 17.1213 ], [ 78.3281, 17.1309 ], [ 78.3133, 17.129 ], [ 78.3014, 17.1327 ], [ 78.3007, 17.1446 ], [ 78.3128, 17.1489 ], [ 78.325, 17.1655 ], [ 78.3363, 17.1641 ], [ 78.345, 17.1918 ], [ 78.367, 17.1873 ], [ 78.3764, 17.1927 ], [ 78.3996, 17.1929 ], [ 78.4248, 17.1873 ], [ 78.437, 17.199 ], [ 78.4347, 17.2179 ], [ 78.4559, 17.2342 ], [ 78.483, 17.223 ], [ 78.5215, 17.2361 ], [ 78.5201, 17.2182 ], [ 78.5491, 17.2172 ] ] ] } },
{ "type": "Feature", "properties": { "unit_id": "IND.32.5.4_1", "name": "Kottur", "district": "Rangareddy", "did": "telangana:Rangareddy", "state_key": "telangana" }, "geometry": { "type": "Polygon", "coordinates": [ [ [ 78.3027, 17.1743 ], [ 78.2984, 17.1482 ], [ 78.3014, 17.1327 ], [ 78.3133, 17.129 ], [ 78.3281, 17.1309 ], [ 78.3347, 17.1213 ], [ 78.3342, 17.1021 ], [ 78.3386, 17.097 ], [ 78.3456, 17.0968 ], [ 78.3407, 17.0838 ], [ 78.3554, 17.0821 ], [ 78.3587, 17.0784 ], [ 78.3596, 17.0709 ], [ 78.3482, 17.0745 ], [ 78.3503, 17.0663 ], [ 78.3402, 17.0676 ], [ 78.336, 17.0636 ], [ 78.3658, 17.0641 ], [ 78.3698, 17.0442 ], [ 78.3428, 17.0348 ], [ 78.3249, 17.0392 ], [ 78.3295, 17.053 ], [ 78.3219, 17.0636 ], [ 78.315, 17.0616 ], [ 78.3096, 17.0538 ], [ 78.2936, 17.0691 ], [ 78.281, 17.0681 ], [ 78.2587, 17.079 ], [ 78.2459, 17.0748 ], [ 78.2209, 17.0815 ], [ 78.2222, 17.0884 ], [ 78.2324, 17.0997 ], [ 78.2036, 17.1062 ], [ 78.1837, 17.1146 ], [ 78.1801, 17.1194 ], [ 78.1822, 17.1323 ], [ 78.1884, 17.1358 ], [ 78.1628, 17.1435 ], [ 78.1703, 17.1638 ], [ 78.1798, 17.1687 ], [ 78.2078, 17.1735 ], [ 78.2157, 17.2025 ], [ 78.2283, 17.1976 ], [ 78.2564, 17.2002 ], [ 78.2634, 17.2246 ], [ 78.2874, 17.2191 ], [ 78.2895, 17.1864 ], [ 78.3027, 17.1743 ] ] ] } },
{ "type": "Feature", "properties": { "unit_id": "IND.32.5.4_1", "name": "Keshampet", "district": "Rangareddy", "did": "telangana:Rangareddy", "state_key": "telangana" }, "geometry": { "type": "Polygon", "coordinates": [ [ [ 78.3568, 17.0417 ], [ 78.3774, 17.0452 ], [ 78.3842, 17.0229 ], [ 78.4024, 17.0138 ], [ 78.4218, 17.0144 ], [ 78.428, 17.0084 ], [ 78.4143, 17.0096 ], [ 78.4015, 16.9794 ], [ 78.4004, 16.9675 ], [ 78.4057, 16.9666 ], [ 78.4025, 16.9542 ], [ 78.3951, 16.9464 ], [ 78.3906, 16.9469 ], [ 78.3903, 16.9417 ], [ 78.372, 16.9273 ], [ 78.3804, 16.9121 ], [ 78.3987, 16.9072 ], [ 78.3914, 16.8839 ], [ 78.3793, 16.8888 ], [ 78.367, 16.8776 ], [ 78.3563, 16.8805 ], [ 78.3422, 16.8788 ], [ 78.3387, 16.8511 ], [ 78.3283, 16.8514 ], [ 78.3205, 16.8561 ], [ 78.3162, 16.8743 ], [ 78.3049, 16.8752 ], [ 78.2993, 16.8789 ], [ 78.303, 16.8799 ], [ 78.3041, 16.8895 ], [ 78.3016, 16.919 ], [ 78.2756, 16.9232 ], [ 78.2719, 16.9329 ], [ 78.277, 16.9561 ], [ 78.2695, 16.9648 ], [ 78.2738, 16.9762 ], [ 78.2733, 16.9909 ], [ 78.2487, 16.998 ], [ 78.2489, 17.0015 ], [ 78.2573, 17.0042 ], [ 78.2583, 17.0188 ], [ 78.2713, 17.0215 ], [ 78.2835, 17.0197 ], [ 78.2916, 17.04 ], [ 78.3058, 17.0381 ], [ 78.3105, 17.0562 ], [ 78.3182, 17.0636 ], [ 78.3243, 17.0618 ], [ 78.3294, 17.054 ], [ 78.3249, 17.0392 ], [ 78.3428, 17.0348 ], [ 78.3568, 17.0417 ] ] ] } },
{ "type": "Feature", "properties": { "unit_id": "IND.32.5.6_1", "name": "Talakondapalli", "district": "Rangareddy", "did": "telangana:Rangareddy", "state_key": "telangana" }, "geometry": { "type": "Polygon", "coordinates": [ [ [ 78.4568, 16.9987 ], [ 78.4551, 16.9936 ], [ 78.4609, 16.993 ], [ 78.4571, 16.9785 ], [ 78.4631, 16.9658 ], [ 78.4709, 16.9703 ], [ 78.4942, 16.9664 ], [ 78.4981, 16.9628 ], [ 78.4954, 16.9168 ], [ 78.5012, 16.8916 ], [ 78.4956, 16.8729 ], [ 78.4887, 16.8661 ], [ 78.4904, 16.8559 ], [ 78.4847, 16.8598 ], [ 78.4887, 16.8522 ], [ 78.4872, 16.8211 ], [ 78.4786, 16.8172 ], [ 78.4716, 16.7776 ], [ 78.4649, 16.7739 ], [ 78.4529, 16.7787 ], [ 78.4343, 16.7782 ], [ 78.4132, 16.798 ], [ 78.3981, 16.7989 ], [ 78.3891, 16.7839 ], [ 78.355, 16.7965 ], [ 78.346, 16.7843 ], [ 78.3333, 16.7979 ], [ 78.3344, 16.8072 ], [ 78.3229, 16.825 ], [ 78.3265, 16.8486 ], [ 78.3283, 16.8514 ], [ 78.3387, 16.8511 ], [ 78.3422, 16.8788 ], [ 78.3563, 16.8805 ], [ 78.367, 16.8776 ], [ 78.3793, 16.8888 ], [ 78.3914, 16.8839 ], [ 78.3987, 16.9072 ], [ 78.3804, 16.9121 ], [ 78.372, 16.9273 ], [ 78.3903, 16.9417 ], [ 78.3906, 16.9469 ], [ 78.3951, 16.9464 ], [ 78.4025, 16.9542 ], [ 78.4057, 16.9666 ], [ 78.4004, 16.9675 ], [ 78.4015, 16.9794 ], [ 78.4143, 17.0096 ], [ 78.4298, 17.0088 ], [ 78.4568, 16.9987 ] ] ] } },
{ "type": "Feature", "properties": { "unit_id": "IND.32.5.6_1", "name": "Midjil", "district": "Mahabubnagar", "did": "telangana:Mahabubnagar", "state_key": "telangana" }, "geometry": { "type": "Polygon", "coordinates": [ [ [ 78.3333, 16.7979 ], [ 78.346, 16.7843 ], [ 78.355, 16.7965 ], [ 78.3891, 16.7839 ], [ 78.3981, 16.7989 ], [ 78.4132, 16.798 ], [ 78.4343, 16.7782 ], [ 78.4529, 16.7787 ], [ 78.4649, 16.7739 ], [ 78.4743, 16.7778 ], [ 78.4881, 16.7681 ], [ 78.4937, 16.7594 ], [ 78.487, 16.751 ], [ 78.4652, 16.7522 ], [ 78.4644, 16.7307 ], [ 78.4428, 16.7077 ], [ 78.4303, 16.7056 ], [ 78.4243, 16.68 ], [ 78.4049, 16.6739 ], [ 78.4048, 16.6555 ], [ 78.3902, 16.6611 ], [ 78.3785, 16.6606 ], [ 78.3687, 16.6563 ], [ 78.3662, 16.6447 ], [ 78.3429, 16.6583 ], [ 78.3291, 16.6559 ], [ 78.317, 16.6845 ], [ 78.2982, 16.6901 ], [ 78.2955, 16.6968 ], [ 78.282, 16.7056 ], [ 78.2671, 16.7095 ], [ 78.2595, 16.7217 ], [ 78.235, 16.742 ], [ 78.2338, 16.739 ], [ 78.2237, 16.741 ], [ 78.2263, 16.7532 ], [ 78.2175, 16.7571 ], [ 78.2217, 16.7716 ], [ 78.2373, 16.7737 ], [ 78.2383, 16.7893 ], [ 78.2274, 16.7919 ], [ 78.2351, 16.8097 ], [ 78.2572, 16.8108 ], [ 78.2593, 16.8165 ], [ 78.2671, 16.8192 ], [ 78.3016, 16.8109 ], [ 78.3065, 16.8195 ], [ 78.3204, 16.8255 ], [ 78.3322, 16.8119 ], [ 78.3333, 16.7979 ] ] ] } },
{ "type": "Feature", "properties": { "unit_id": "IND.32.5.6_1", "name": "Amangal", "district": "Rangareddy", "did": "telangana:Rangareddy", "state_key": "telangana" }, "geometry": { "type": "Polygon", "coordinates": [ [ [ 78.5675, 16.9656 ], [ 78.5841, 16.9547 ], [ 78.6152, 16.9648 ], [ 78.6538, 16.9579 ], [ 78.6676, 16.9425 ], [ 78.673, 16.9412 ], [ 78.6686, 16.9299 ], [ 78.6639, 16.9291 ], [ 78.6698, 16.928 ], [ 78.6695, 16.9234 ], [ 78.6603, 16.9076 ], [ 78.647, 16.908 ], [ 78.6444, 16.9033 ], [ 78.6335, 16.9067 ], [ 78.6269, 16.898 ], [ 78.6334, 16.8875 ], [ 78.6277, 16.8734 ], [ 78.6239, 16.871 ], [ 78.6107, 16.8744 ], [ 78.6096, 16.8677 ], [ 78.5809, 16.8619 ], [ 78.5845, 16.8499 ], [ 78.5918, 16.8469 ], [ 78.5934, 16.8507 ], [ 78.6053, 16.8511 ], [ 78.6278, 16.8394 ], [ 78.6183, 16.8174 ], [ 78.6193, 16.8017 ], [ 78.6159, 16.7942 ], [ 78.5908, 16.7961 ], [ 78.5706, 16.8061 ], [ 78.5667, 16.8146 ], [ 78.5586, 16.8186 ], [ 78.5368, 16.8215 ], [ 78.5263, 16.8159 ], [ 78.5149, 16.8216 ], [ 78.4872, 16.8211 ], [ 78.4887, 16.8522 ], [ 78.4847, 16.8598 ], [ 78.4904, 16.8559 ], [ 78.4887, 16.8661 ], [ 78.4956, 16.8729 ], [ 78.5012, 16.8916 ], [ 78.4954, 16.9168 ], [ 78.4981, 16.9628 ], [ 78.4942, 16.9664 ], [ 78.4709, 16.9703 ], [ 78.4631, 16.9658 ], [ 78.4571, 16.9785 ], [ 78.4595, 16.9844 ], [ 78.4731, 16.9884 ], [ 78.4892, 17.0039 ], [ 78.4941, 17.0165 ], [ 78.5237, 16.9932 ], [ 78.5576, 16.986 ], [ 78.5675, 16.9656 ] ] ] } },
{ "type": "Feature", "properties": { "unit_id": "IND.32.5.6_1", "name": "Veldanda", "district": "Nagarkurnool", "did": "telangana:Nagarkurnool", "state_key": "telangana" }, "geometry": { "type": "Polygon", "coordinates": [ [ [ 78.6522, 16.7679 ], [ 78.6593, 16.767 ], [ 78.6646, 16.7604 ], [ 78.6785, 16.7676 ], [ 78.6962, 16.7655 ], [ 78.6968, 16.7438 ], [ 78.691, 16.7389 ], [ 78.6796, 16.7053 ], [ 78.6629, 16.6997 ], [ 78.6569, 16.6825 ], [ 78.6473, 16.6782 ], [ 78.6471, 16.688 ], [ 78.6393, 16.6906 ], [ 78.631, 16.6893 ], [ 78.6187, 16.6774 ], [ 78.6207, 16.6604 ], [ 78.6121, 16.6596 ], [ 78.6093, 16.6539 ], [ 78.6167, 16.6528 ], [ 78.6211, 16.6377 ], [ 78.6177, 16.636 ], [ 78.6104, 16.6374 ], [ 78.6058, 16.6331 ], [ 78.6, 16.6366 ], [ 78.5853, 16.651 ], [ 78.5847, 16.6615 ], [ 78.5774, 16.6639 ], [ 78.5607, 16.6489 ], [ 78.5466, 16.6442 ], [ 78.5345, 16.65 ], [ 78.5316, 16.6663 ], [ 78.5135, 16.6731 ], [ 78.5068, 16.6791 ], [ 78.4995, 16.6945 ], [ 78.5032, 16.7039 ], [ 78.4952, 16.7047 ], [ 78.5029, 16.7105 ], [ 78.4859, 16.7224 ], [ 78.4646, 16.7271 ], [ 78.4652, 16.7522 ], [ 78.487, 16.751 ], [ 78.4937, 16.7594 ], [ 78.4881, 16.7681 ], [ 78.4716, 16.7776 ], [ 78.4734, 16.8006 ], [ 78.4827, 16.821 ], [ 78.514, 16.8217 ], [ 78.5263, 16.8159 ], [ 78.5368, 16.8215 ], [ 78.5604, 16.8181 ], [ 78.5667, 16.8146 ], [ 78.5706, 16.8061 ], [ 78.5908, 16.7961 ], [ 78.6159, 16.7942 ], [ 78.616, 16.7839 ], [ 78.633, 16.7765 ], [ 78.6673, 16.8039 ], [ 78.6667, 16.8324 ], [ 78.6762, 16.824 ], [ 78.6825, 16.8114 ], [ 78.6831, 16.7888 ], [ 78.6506, 16.7725 ], [ 78.6522, 16.7679 ] ] ] } },
{ "type": "Feature", "properties": { "unit_id": "IND.32.5.6_1", "name": "Vangur", "district": "Nagarkurnool", "did": "telangana:Nagarkurnool", "state_key": "telangana" }, "geometry": { "type": "Polygon", "coordinates": [ [ [ 78.7596, 16.7306 ], [ 78.7556, 16.7061 ], [ 78.7408, 16.7067 ], [ 78.7256, 16.6884 ], [ 78.7101, 16.6783 ], [ 78.7073, 16.6661 ], [ 78.7135, 16.6505 ], [ 78.6674, 16.6518 ], [ 78.6776, 16.6357 ], [ 78.6799, 16.6241 ], [ 78.6985, 16.6188 ], [ 78.6981, 16.6127 ], [ 78.7162, 16.5819 ], [ 78.7014, 16.5646 ], [ 78.6619, 16.5462 ], [ 78.673, 16.5267 ], [ 78.6694, 16.5151 ], [ 78.6479, 16.5215 ], [ 78.6456, 16.5411 ], [ 78.6137, 16.5209 ], [ 78.5843, 16.5213 ], [ 78.5722, 16.5032 ], [ 78.5641, 16.4993 ], [ 78.5424, 16.4978 ], [ 78.5248, 16.5022 ], [ 78.5154, 16.4992 ], [ 78.4949, 16.5051 ], [ 78.4931, 16.5265 ], [ 78.4813, 16.5311 ], [ 78.4898, 16.5617 ], [ 78.5001, 16.5595 ], [ 78.5024, 16.5516 ], [ 78.5226, 16.5576 ], [ 78.5224, 16.5639 ], [ 78.5141, 16.565 ], [ 78.5251, 16.5732 ], [ 78.5488, 16.5757 ], [ 78.5604, 16.6067 ], [ 78.5577, 16.62 ], [ 78.5436, 16.6329 ], [ 78.5448, 16.6457 ], [ 78.5607, 16.6489 ], [ 78.5774, 16.6639 ], [ 78.5847, 16.6615 ], [ 78.5853, 16.651 ], [ 78.6058, 16.6331 ], [ 78.6068, 16.6364 ], [ 78.6211, 16.6377 ], [ 78.6167, 16.6528 ], [ 78.6093, 16.6539 ], [ 78.6121, 16.6596 ], [ 78.6207, 16.6604 ], [ 78.6187, 16.6774 ], [ 78.631, 16.6893 ], [ 78.6393, 16.6906 ], [ 78.6471, 16.688 ], [ 78.6473, 16.6782 ], [ 78.6569, 16.6825 ], [ 78.6629, 16.6997 ], [ 78.6796, 16.7053 ], [ 78.691, 16.7389 ], [ 78.6968, 16.7438 ], [ 78.6961, 16.7543 ], [ 78.703, 16.7578 ], [ 78.7213, 16.7519 ], [ 78.7336, 16.7581 ], [ 78.7573, 16.7476 ], [ 78.7596, 16.7306 ] ] ] } },
{ "type": "Feature", "properties": { "unit_id": "IND.32.5.1_1", "name": "Uppununtala", "district": "Nagarkurnool", "did": "telangana:Nagarkurnool", "state_key": "telangana" }, "geometry": { "type": "Polygon", "coordinates": [ [ [ 78.6723, 16.5294 ], [ 78.6755, 16.5331 ], [ 78.6798, 16.5313 ], [ 78.6816, 16.5363 ], [ 78.7182, 16.5398 ], [ 78.7653, 16.5333 ], [ 78.7747, 16.5301 ], [ 78.7862, 16.5175 ], [ 78.7644, 16.4928 ], [ 78.751, 16.4906 ], [ 78.7489, 16.4786 ], [ 78.7559, 16.4746 ], [ 78.7459, 16.4633 ], [ 78.7235, 16.4654 ], [ 78.7192, 16.464 ], [ 78.7168, 16.4563 ], [ 78.7086, 16.4548 ], [ 78.6983, 16.4625 ], [ 78.7009, 16.4733 ], [ 78.6914, 16.4779 ], [ 78.6849, 16.4718 ], [ 78.6822, 16.4504 ], [ 78.662, 16.4592 ], [ 78.6523, 16.4536 ], [ 78.6493, 16.4626 ], [ 78.6423, 16.4633 ], [ 78.6317, 16.456 ], [ 78.6321, 16.4475 ], [ 78.643, 16.4274 ], [ 78.637, 16.4222 ], [ 78.6253, 16.4293 ], [ 78.5925, 16.4302 ], [ 78.5735, 16.4348 ], [ 78.5315, 16.4296 ], [ 78.5213, 16.44 ], [ 78.521, 16.4537 ], [ 78.4972, 16.4533 ], [ 78.498, 16.4766 ], [ 78.4932, 16.4851 ], [ 78.4836, 16.4841 ], [ 78.4868, 16.497 ], [ 78.4746, 16.4949 ], [ 78.4756, 16.5069 ], [ 78.5013, 16.5051 ], [ 78.5154, 16.4992 ], [ 78.5237, 16.5021 ], [ 78.5424, 16.4978 ], [ 78.5657, 16.4997 ], [ 78.5722, 16.5032 ], [ 78.5843, 16.5213 ], [ 78.6137, 16.5209 ], [ 78.6456, 16.5411 ], [ 78.6479, 16.5215 ], [ 78.6694, 16.5151 ], [ 78.6723, 16.5294 ] ] ] } },
{ "type": "Feature", "properties": { "unit_id": "IND.32.5.6_1", "name": "Kalwakurthi", "district": "Nagarkurnool", "did": "telangana:Nagarkurnool", "state_key": "telangana" }, "geometry": { "type": "Polygon", "coordinates": [ [ [ 78.5032, 16.7039 ], [ 78.4995, 16.6945 ], [ 78.5068, 16.6791 ], [ 78.5135, 16.6731 ], [ 78.5316, 16.6663 ], [ 78.5345, 16.65 ], [ 78.5448, 16.6457 ], [ 78.5436, 16.6329 ], [ 78.5577, 16.62 ], [ 78.5611, 16.6085 ], [ 78.5488, 16.5757 ], [ 78.5251, 16.5732 ], [ 78.5141, 16.565 ], [ 78.5224, 16.5639 ], [ 78.5226, 16.5576 ], [ 78.5024, 16.5516 ], [ 78.5001, 16.5595 ], [ 78.4898, 16.5617 ], [ 78.4813, 16.5311 ], [ 78.4931, 16.5265 ], [ 78.4956, 16.5072 ], [ 78.4852, 16.5043 ], [ 78.4756, 16.5069 ], [ 78.4595, 16.5204 ], [ 78.4405, 16.5635 ], [ 78.4243, 16.5715 ], [ 78.4136, 16.5707 ], [ 78.4133, 16.5762 ], [ 78.4046, 16.5785 ], [ 78.3974, 16.5994 ], [ 78.3637, 16.6359 ], [ 78.3676, 16.6543 ], [ 78.3728, 16.6589 ], [ 78.3902, 16.6611 ], [ 78.4048, 16.6555 ], [ 78.4049, 16.6739 ], [ 78.4243, 16.68 ], [ 78.4303, 16.7056 ], [ 78.4428, 16.7077 ], [ 78.4644, 16.7307 ], [ 78.4646, 16.7271 ], [ 78.4881, 16.7213 ], [ 78.5034, 16.7099 ], [ 78.4952, 16.7047 ], [ 78.5032, 16.7039 ] ] ] } },
{ "type": "Feature", "properties": { "unit_id": "IND.32.5.11_1", "name": "Tadur", "district": "Nagarkurnool", "did": "telangana:Nagarkurnool", "state_key": "telangana" }, "geometry": { "type": "Polygon", "coordinates": [ [ [ 78.3429, 16.6583 ], [ 78.3662, 16.6447 ], [ 78.3638, 16.6349 ], [ 78.3767, 16.6249 ], [ 78.3843, 16.6108 ], [ 78.3974, 16.5994 ], [ 78.4046, 16.5785 ], [ 78.4133, 16.5762 ], [ 78.4136, 16.5707 ], [ 78.4243, 16.5715 ], [ 78.4405, 16.5635 ], [ 78.4572, 16.5236 ], [ 78.4505, 16.5207 ], [ 78.4497, 16.5157 ], [ 78.4231, 16.5178 ], [ 78.4047, 16.5303 ], [ 78.3916, 16.5303 ], [ 78.3814, 16.4961 ], [ 78.3542, 16.4948 ], [ 78.3451, 16.4958 ], [ 78.3451, 16.5119 ], [ 78.333, 16.5213 ], [ 78.3075, 16.5143 ], [ 78.301, 16.5027 ], [ 78.275, 16.5133 ], [ 78.2827, 16.5366 ], [ 78.2775, 16.5372 ], [ 78.2734, 16.5538 ], [ 78.2679, 16.5539 ], [ 78.2674, 16.5864 ], [ 78.2723, 16.5936 ], [ 78.2795, 16.5932 ], [ 78.2924, 16.5993 ], [ 78.2952, 16.6074 ], [ 78.2975, 16.6508 ], [ 78.2834, 16.6565 ], [ 78.2838, 16.6626 ], [ 78.3002, 16.6745 ], [ 78.2982, 16.6901 ], [ 78.317, 16.6845 ], [ 78.3291, 16.6559 ], [ 78.3429, 16.6583 ] ] ] } },
{ "type": "Feature", "properties": { "unit_id": "IND.32.5.11_1", "name": "Telkapalli", "district": "Nagarkurnool", "did": "telangana:Nagarkurnool", "state_key": "telangana" }, "geometry": { "type": "Polygon", "coordinates": [ [ [ 78.4746, 16.4949 ], [ 78.4868, 16.497 ], [ 78.4836, 16.4841 ], [ 78.4932, 16.4851 ], [ 78.4965, 16.481 ], [ 78.4973, 16.4553 ], [ 78.4865, 16.4517 ], [ 78.4986, 16.4389 ], [ 78.5096, 16.433 ], [ 78.4988, 16.4164 ], [ 78.5111, 16.4097 ], [ 78.515, 16.3816 ], [ 78.4983, 16.3855 ], [ 78.4866, 16.3781 ], [ 78.4871, 16.3479 ], [ 78.4837, 16.3476 ], [ 78.4787, 16.3283 ], [ 78.456, 16.3189 ], [ 78.4533, 16.3023 ], [ 78.4385, 16.292 ], [ 78.4196, 16.3152 ], [ 78.4184, 16.3342 ], [ 78.4229, 16.3439 ], [ 78.4106, 16.3511 ], [ 78.4068, 16.3484 ], [ 78.3855, 16.3569 ], [ 78.3871, 16.3746 ], [ 78.3831, 16.3756 ], [ 78.3777, 16.3941 ], [ 78.3621, 16.408 ], [ 78.3599, 16.4146 ], [ 78.3832, 16.4403 ], [ 78.3821, 16.4496 ], [ 78.3919, 16.4573 ], [ 78.3933, 16.4874 ], [ 78.424, 16.4951 ], [ 78.4231, 16.5178 ], [ 78.4497, 16.5157 ], [ 78.4505, 16.5207 ], [ 78.4572, 16.5236 ], [ 78.4756, 16.5069 ], [ 78.4746, 16.4949 ] ] ] } },
{ "type": "Feature", "properties": { "unit_id": "IND.32.5.11_1", "name": "Nagarkurnool", "district": "Nagarkurnool", "did": "telangana:Nagarkurnool", "state_key": "telangana" }, "geometry": { "type": "Polygon", "coordinates": [ [ [ 78.3933, 16.4874 ], [ 78.3919, 16.4573 ], [ 78.3821, 16.4496 ], [ 78.3832, 16.4403 ], [ 78.3599, 16.4146 ], [ 78.3621, 16.408 ], [ 78.3786, 16.3927 ], [ 78.3867, 16.369 ], [ 78.3767, 16.375 ], [ 78.3458, 16.3746 ], [ 78.3438, 16.3629 ], [ 78.3374, 16.3546 ], [ 78.3322, 16.3511 ], [ 78.3086, 16.3484 ], [ 78.315, 16.3702 ], [ 78.3096, 16.3883 ], [ 78.2775, 16.4035 ], [ 78.274, 16.3995 ], [ 78.2645, 16.4007 ], [ 78.2487, 16.4146 ], [ 78.2344, 16.4182 ], [ 78.2222, 16.4123 ], [ 78.2014, 16.4092 ], [ 78.1988, 16.4286 ], [ 78.2286, 16.4337 ], [ 78.2363, 16.4402 ], [ 78.2284, 16.4542 ], [ 78.2313, 16.4546 ], [ 78.2315, 16.4632 ], [ 78.2369, 16.4642 ], [ 78.2342, 16.4881 ], [ 78.2399, 16.487 ], [ 78.2543, 16.4989 ], [ 78.2603, 16.4948 ], [ 78.2683, 16.5111 ], [ 78.2823, 16.5122 ], [ 78.2906, 16.5049 ], [ 78.301, 16.5027 ], [ 78.3075, 16.5143 ], [ 78.333, 16.5213 ], [ 78.3451, 16.5119 ], [ 78.346, 16.4949 ], [ 78.3808, 16.4959 ], [ 78.3916, 16.5303 ], [ 78.4017, 16.5308 ], [ 78.4231, 16.5178 ], [ 78.4239, 16.4967 ], [ 78.3933, 16.4874 ] ] ] } },
{ "type": "Feature", "properties": { "unit_id": "IND.32.5.7_1", "name": "Kodur", "district": "Nagarkurnool", "did": "telangana:Nagarkurnool", "state_key": "telangana" }, "geometry": { "type": "Polygon", "coordinates": [ [ [ 78.2964, 16.3141 ], [ 78.3072, 16.307 ], [ 78.3166, 16.3112 ], [ 78.3441, 16.2998 ], [ 78.3413, 16.2935 ], [ 78.3446, 16.2808 ], [ 78.3335, 16.278 ], [ 78.3285, 16.2698 ], [ 78.3288, 16.2595 ], [ 78.315, 16.2583 ], [ 78.3112, 16.251 ], [ 78.3032, 16.2511 ], [ 78.2966, 16.2409 ], [ 78.2985, 16.231 ], [ 78.2829, 16.2276 ], [ 78.2852, 16.2169 ], [ 78.2927, 16.213 ], [ 78.3062, 16.2122 ], [ 78.3054, 16.1969 ], [ 78.2931, 16.1796 ], [ 78.2852, 16.1769 ], [ 78.2811, 16.1856 ], [ 78.268, 16.1893 ], [ 78.2632, 16.1874 ], [ 78.2571, 16.1675 ], [ 78.2484, 16.1665 ], [ 78.244, 16.1515 ], [ 78.2362, 16.1515 ], [ 78.2319, 16.1477 ], [ 78.2208, 16.1514 ], [ 78.2272, 16.1746 ], [ 78.2092, 16.18 ], [ 78.2112, 16.2007 ], [ 78.1967, 16.2086 ], [ 78.2008, 16.2144 ], [ 78.1999, 16.2218 ], [ 78.1925, 16.2278 ], [ 78.2, 16.2355 ], [ 78.1988, 16.2597 ], [ 78.1642, 16.2671 ], [ 78.1627, 16.2962 ], [ 78.1685, 16.3083 ], [ 78.1888, 16.3165 ], [ 78.1898, 16.3219 ], [ 78.2095, 16.3185 ], [ 78.2133, 16.3214 ], [ 78.2178, 16.3198 ], [ 78.2212, 16.3036 ], [ 78.2438, 16.2958 ], [ 78.2543, 16.2882 ], [ 78.2637, 16.3328 ], [ 78.2902, 16.326 ], [ 78.2964, 16.3141 ] ] ] } },
{ "type": "Feature", "properties": { "unit_id": "IND.32.5.1_1", "name": "Balmur", "district": "Nagarkurnool", "did": "telangana:Nagarkurnool", "state_key": "telangana" }, "geometry": { "type": "Polygon", "coordinates": [ [ [ 78.4981, 16.453 ], [ 78.521, 16.4537 ], [ 78.5213, 16.44 ], [ 78.5315, 16.4296 ], [ 78.5702, 16.4348 ], [ 78.5925, 16.4302 ], [ 78.575, 16.411 ], [ 78.5922, 16.4002 ], [ 78.6219, 16.3949 ], [ 78.6235, 16.3757 ], [ 78.633, 16.3731 ], [ 78.6418, 16.366 ], [ 78.6341, 16.3619 ], [ 78.6311, 16.3507 ], [ 78.6451, 16.3399 ], [ 78.6471, 16.3239 ], [ 78.6524, 16.3195 ], [ 78.6485, 16.3137 ], [ 78.6521, 16.3064 ], [ 78.6414, 16.2904 ], [ 78.6451, 16.278 ], [ 78.639, 16.2711 ], [ 78.6228, 16.2775 ], [ 78.6169, 16.2876 ], [ 78.6066, 16.2882 ], [ 78.5968, 16.3007 ], [ 78.5874, 16.3006 ], [ 78.5821, 16.2925 ], [ 78.5825, 16.2746 ], [ 78.5779, 16.2744 ], [ 78.5744, 16.2742 ], [ 78.571, 16.2867 ], [ 78.5643, 16.2918 ], [ 78.554, 16.2892 ], [ 78.5499, 16.2792 ], [ 78.5442, 16.276 ], [ 78.5411, 16.296 ], [ 78.527, 16.2967 ], [ 78.5273, 16.3028 ], [ 78.518, 16.3104 ], [ 78.5239, 16.3271 ], [ 78.5416, 16.3207 ], [ 78.5504, 16.3252 ], [ 78.5318, 16.3419 ], [ 78.5163, 16.372 ], [ 78.5111, 16.4097 ], [ 78.4988, 16.4164 ], [ 78.5096, 16.433 ], [ 78.4986, 16.4389 ], [ 78.4865, 16.4517 ], [ 78.4947, 16.4553 ], [ 78.4981, 16.453 ] ] ] } },
{ "type": "Feature", "properties": { "unit_id": "IND.32.5.1_1", "name": "Peddakottapalli", "district": "Nagarkurnool", "did": "telangana:Nagarkurnool", "state_key": "telangana" }, "geometry": { "type": "MultiPolygon", "coordinates": [ [ [ [ 78.3857, 16.3692 ], [ 78.3857, 16.3566 ], [ 78.4068, 16.3484 ], [ 78.4106, 16.3511 ], [ 78.4229, 16.3439 ], [ 78.4184, 16.3342 ], [ 78.4196, 16.3152 ], [ 78.4379, 16.2921 ], [ 78.4327, 16.288 ], [ 78.4383, 16.2771 ], [ 78.4304, 16.2649 ], [ 78.4333, 16.2477 ], [ 78.4369, 16.2412 ], [ 78.4508, 16.2374 ], [ 78.455, 16.2324 ], [ 78.4387, 16.2217 ], [ 78.4409, 16.2039 ], [ 78.4263, 16.2043 ], [ 78.4203, 16.1945 ], [ 78.3983, 16.1966 ], [ 78.3894, 16.1755 ], [ 78.377, 16.1793 ], [ 78.3618, 16.179 ], [ 78.3489, 16.1715 ], [ 78.3359, 16.1737 ], [ 78.3342, 16.1694 ], [ 78.311, 16.1671 ], [ 78.3019, 16.1556 ], [ 78.2909, 16.1571 ], [ 78.2852, 16.1609 ], [ 78.2852, 16.1769 ], [ 78.2931, 16.1796 ], [ 78.3054, 16.1969 ], [ 78.3062, 16.2122 ], [ 78.2927, 16.213 ], [ 78.2852, 16.2169 ], [ 78.2825, 16.2267 ], [ 78.2868, 16.2301 ], [ 78.2985, 16.231 ], [ 78.2966, 16.2409 ], [ 78.3032, 16.2511 ], [ 78.3112, 16.251 ], [ 78.315, 16.2583 ], [ 78.3288, 16.2595 ], [ 78.3285, 16.2698 ], [ 78.3345, 16.2792 ], [ 78.3446, 16.2808 ], [ 78.3452, 16.2885 ], [ 78.3413, 16.2935 ], [ 78.3441, 16.2998 ], [ 78.3166, 16.3112 ], [ 78.3072, 16.307 ], [ 78.2964, 16.3141 ], [ 78.2912, 16.3205 ], [ 78.2909, 16.332 ], [ 78.2973, 16.3338 ], [ 78.3035, 16.3501 ], [ 78.3322, 16.3511 ], [ 78.3437, 16.3627 ], [ 78.3449, 16.3743 ], [ 78.377, 16.3749 ], [ 78.3857, 16.3692 ] ] ], [ [ [ 78.9225, 16.5234 ], [ 78.9393, 16.5103 ], [ 78.9676, 16.4974 ], [ 78.9881, 16.4922 ], [ 79.0666, 16.4446 ], [ 79.0683, 16.4359 ], [ 79.059, 16.4228 ], [ 79.017, 16.4394 ], [ 79.0084, 16.4517 ], [ 78.9825, 16.4563 ], [ 78.9739, 16.452 ], [ 78.9436, 16.4572 ], [ 78.9132, 16.4674 ], [ 78.9072, 16.4733 ], [ 78.899, 16.5036 ], [ 78.8854, 16.5044 ], [ 78.8668, 16.4869 ], [ 78.8278, 16.4866 ], [ 78.8189, 16.4801 ], [ 78.7967, 16.4896 ], [ 78.7986, 16.4732 ], [ 78.7923, 16.4536 ], [ 78.8002, 16.439 ], [ 78.79, 16.4307 ], [ 78.7882, 16.4331 ], [ 78.7834, 16.4301 ], [ 78.785, 16.418 ], [ 78.7768, 16.4144 ], [ 78.7783, 16.4049 ], [ 78.7712, 16.4036 ], [ 78.7697, 16.3941 ], [ 78.7486, 16.4021 ], [ 78.7427, 16.392 ], [ 78.737, 16.3929 ], [ 78.7278, 16.3876 ], [ 78.7126, 16.3863 ], [ 78.711, 16.3885 ], [ 78.6911, 16.3749 ], [ 78.6863, 16.3654 ], [ 78.6636, 16.3607 ], [ 78.6629, 16.3546 ], [ 78.646, 16.3415 ], [ 78.6464, 16.3341 ], [ 78.6448, 16.3403 ], [ 78.6311, 16.3507 ], [ 78.6341, 16.3619 ], [ 78.6418, 16.366 ], [ 78.633, 16.3731 ], [ 78.6235, 16.3757 ], [ 78.6219, 16.3949 ], [ 78.5922, 16.4002 ], [ 78.575, 16.411 ], [ 78.5903, 16.4287 ], [ 78.624, 16.4295 ], [ 78.6377, 16.4223 ], [ 78.643, 16.4274 ], [ 78.6321, 16.4475 ], [ 78.6317, 16.456 ], [ 78.6429, 16.4636 ], [ 78.6493, 16.4626 ], [ 78.6523, 16.4536 ], [ 78.662, 16.4592 ], [ 78.6822, 16.4504 ], [ 78.6849, 16.4718 ], [ 78.6914, 16.4779 ], [ 78.7009, 16.4733 ], [ 78.6983, 16.4625 ], [ 78.7086, 16.4548 ], [ 78.7168, 16.4563 ], [ 78.7192, 16.464 ], [ 78.7235, 16.4654 ], [ 78.7459, 16.4633 ], [ 78.7559, 16.4746 ], [ 78.7489, 16.4786 ], [ 78.751, 16.4906 ], [ 78.7644, 16.4928 ], [ 78.7862, 16.5175 ], [ 78.8007, 16.514 ], [ 78.8081, 16.5176 ], [ 78.836, 16.5437 ], [ 78.8557, 16.5509 ], [ 78.8672, 16.5436 ], [ 78.9094, 16.5515 ], [ 78.9121, 16.5399 ], [ 78.9225, 16.5234 ] ] ] ] } },
{ "type": "Feature", "properties": { "unit_id": "IND.32.5.1_1", "name": "Amrabad Reserved Forest", "district": "Nagarkurnool", "did": "telangana:Nagarkurnool", "state_key": "telangana" }, "geometry": { "type": "Polygon", "coordinates": [ [ [ 78.9072, 16.4733 ], [ 78.9132, 16.4674 ], [ 78.9311, 16.462 ], [ 78.9251, 16.443 ], [ 78.9163, 16.4385 ], [ 78.9113, 16.4394 ], [ 78.9027, 16.4535 ], [ 78.8917, 16.4581 ], [ 78.8751, 16.4584 ], [ 78.8651, 16.4539 ], [ 78.8589, 16.4472 ], [ 78.8591, 16.4276 ], [ 78.8685, 16.4226 ], [ 78.8716, 16.4046 ], [ 78.8588, 16.405 ], [ 78.8435, 16.4136 ], [ 78.8319, 16.4142 ], [ 78.8174, 16.4053 ], [ 78.8153, 16.3995 ], [ 78.8036, 16.4001 ], [ 78.8046, 16.3932 ], [ 78.7908, 16.3931 ], [ 78.7805, 16.3815 ], [ 78.7455, 16.3727 ], [ 78.7427, 16.3637 ], [ 78.7455, 16.36 ], [ 78.7399, 16.3512 ], [ 78.7451, 16.3455 ], [ 78.791, 16.3418 ], [ 78.8211, 16.3611 ], [ 78.8482, 16.3644 ], [ 78.8877, 16.3595 ], [ 78.8876, 16.355 ], [ 78.8814, 16.3521 ], [ 78.8825, 16.3494 ], [ 78.8883, 16.3502 ], [ 78.8889, 16.3439 ], [ 78.9131, 16.3301 ], [ 78.9244, 16.3318 ], [ 78.939, 16.3417 ], [ 78.9307, 16.3727 ], [ 78.9345, 16.3741 ], [ 78.9371, 16.3898 ], [ 78.9426, 16.3942 ], [ 78.9597, 16.397 ], [ 78.9852, 16.3957 ], [ 78.989, 16.3885 ], [ 79.0087, 16.3889 ], [ 79.0164, 16.3741 ], [ 79.0108, 16.3475 ], [ 79.0132, 16.3336 ], [ 79.0346, 16.3422 ], [ 79.0436, 16.3308 ], [ 79.0601, 16.3341 ], [ 79.0656, 16.3325 ], [ 79.0769, 16.3415 ], [ 79.0837, 16.3326 ], [ 79.0821, 16.3363 ], [ 79.0946, 16.36 ], [ 79.0892, 16.3634 ], [ 79.094, 16.3662 ], [ 79.0917, 16.3791 ], [ 79.1053, 16.3888 ], [ 79.1377, 16.3913 ], [ 79.1517, 16.3997 ], [ 79.1548, 16.381 ], [ 79.1642, 16.3787 ], [ 79.1718, 16.368 ], [ 79.1811, 16.3674 ], [ 79.1909, 16.3598 ], [ 79.2036, 16.3624 ], [ 79.2343, 16.3338 ], [ 79.2301, 16.2808 ], [ 79.2245, 16.2709 ], [ 79.2214, 16.2363 ], [ 79.2139, 16.2251 ], [ 79.1702, 16.2099 ], [ 79.1569, 16.2093 ], [ 79.1197, 16.2319 ], [ 79.1016, 16.2228 ], [ 79.0841, 16.2301 ], [ 79.0721, 16.2271 ], [ 79.048, 16.2387 ], [ 79.0292, 16.2417 ], [ 79.0095, 16.2402 ], [ 78.9857, 16.2107 ], [ 78.9603, 16.2091 ], [ 78.93, 16.1981 ], [ 78.9054, 16.1836 ], [ 78.9047, 16.1746 ], [ 78.915, 16.1485 ], [ 78.9243, 16.1358 ], [ 78.922, 16.1043 ], [ 78.8924, 16.0845 ], [ 78.889, 16.0852 ], [ 78.8765, 16.1355 ], [ 78.8706, 16.145 ], [ 78.8547, 16.1488 ], [ 78.8414, 16.1471 ], [ 78.8336, 16.1559 ], [ 78.8262, 16.151 ], [ 78.8202, 16.1538 ], [ 78.8039, 16.144 ], [ 78.7938, 16.1437 ], [ 78.7805, 16.1487 ], [ 78.7687, 16.1437 ], [ 78.7621, 16.1475 ], [ 78.757, 16.1582 ], [ 78.7448, 16.1624 ], [ 78.7423, 16.1692 ], [ 78.7401, 16.1661 ], [ 78.7214, 16.1677 ], [ 78.7154, 16.1647 ], [ 78.7041, 16.1914 ], [ 78.6846, 16.2022 ], [ 78.6659, 16.2021 ], [ 78.6689, 16.1921 ], [ 78.6648, 16.1853 ], [ 78.6532, 16.1945 ], [ 78.6159, 16.1981 ], [ 78.605, 16.203 ], [ 78.615, 16.2141 ], [ 78.6235, 16.2172 ], [ 78.6227, 16.2199 ], [ 78.5894, 16.2392 ], [ 78.5961, 16.2536 ], [ 78.5894, 16.2608 ], [ 78.5813, 16.2634 ], [ 78.5821, 16.2925 ], [ 78.5874, 16.3006 ], [ 78.5968, 16.3007 ], [ 78.6066, 16.2882 ], [ 78.6169, 16.2876 ], [ 78.623, 16.2774 ], [ 78.639, 16.2711 ], [ 78.6436, 16.2756 ], [ 78.6459, 16.283 ], [ 78.6414, 16.2904 ], [ 78.6521, 16.3064 ], [ 78.646, 16.3415 ], [ 78.6629, 16.3546 ], [ 78.6636, 16.3607 ], [ 78.6863, 16.3654 ], [ 78.6911, 16.3749 ], [ 78.711, 16.3885 ], [ 78.7126, 16.3863 ], [ 78.7278, 16.3876 ], [ 78.737, 16.3929 ], [ 78.743, 16.3921 ], [ 78.7486, 16.4021 ], [ 78.7697, 16.3941 ], [ 78.7712, 16.4036 ], [ 78.7783, 16.4049 ], [ 78.7768, 16.4144 ], [ 78.785, 16.418 ], [ 78.7834, 16.4301 ], [ 78.7882, 16.4331 ], [ 78.79, 16.4307 ], [ 78.8002, 16.439 ], [ 78.7923, 16.4536 ], [ 78.7986, 16.4732 ], [ 78.7967, 16.4896 ], [ 78.8189, 16.4801 ], [ 78.8278, 16.4866 ], [ 78.8668, 16.4869 ], [ 78.8854, 16.5044 ], [ 78.899, 16.5036 ], [ 78.9072, 16.4733 ] ], [ [ 79.1425, 16.2948 ], [ 79.1404, 16.3188 ], [ 79.1341, 16.3191 ], [ 79.1343, 16.2928 ], [ 79.1425, 16.2948 ] ], [ [ 78.818, 16.2307 ], [ 78.8055, 16.2576 ], [ 78.7965, 16.2554 ], [ 78.7946, 16.2507 ], [ 78.8075, 16.231 ], [ 78.818, 16.2307 ] ] ] } },
{ "type": "Feature", "properties": { "unit_id": "IND.32.7.2_1", "name": "Gundlapalli", "district": "Nalgonda", "did": "telangana:Nalgonda", "state_key": "telangana" }, "geometry": { "type": "Polygon", "coordinates": [ [ [ 78.7759, 16.6901 ], [ 78.7713, 16.6783 ], [ 78.7822, 16.6773 ], [ 78.8086, 16.6577 ], [ 78.8123, 16.6479 ], [ 78.8319, 16.6502 ], [ 78.8344, 16.6439 ], [ 78.8425, 16.6417 ], [ 78.8401, 16.6047 ], [ 78.8568, 16.6033 ], [ 78.8592, 16.599 ], [ 78.8535, 16.5971 ], [ 78.8429, 16.5792 ], [ 78.845, 16.573 ], [ 78.8404, 16.5523 ], [ 78.8431, 16.546 ], [ 78.8303, 16.5396 ], [ 78.8007, 16.514 ], [ 78.7891, 16.5152 ], [ 78.7747, 16.5301 ], [ 78.7653, 16.5333 ], [ 78.7243, 16.5395 ], [ 78.6839, 16.5373 ], [ 78.6798, 16.5313 ], [ 78.6755, 16.5331 ], [ 78.6723, 16.5294 ], [ 78.6619, 16.5462 ], [ 78.7014, 16.5646 ], [ 78.7162, 16.5819 ], [ 78.6981, 16.6127 ], [ 78.6985, 16.6188 ], [ 78.6799, 16.6241 ], [ 78.6776, 16.6357 ], [ 78.6674, 16.6518 ], [ 78.7135, 16.6505 ], [ 78.7073, 16.6661 ], [ 78.7101, 16.6783 ], [ 78.7256, 16.6884 ], [ 78.7408, 16.7067 ], [ 78.7547, 16.7054 ], [ 78.757, 16.7158 ], [ 78.7665, 16.7156 ], [ 78.7776, 16.708 ], [ 78.7714, 16.6941 ], [ 78.7759, 16.6901 ] ] ] } },
{ "type": "Feature", "properties": { "unit_id": "IND.32.7.2_1", "name": "Devarkonda", "district": "Nalgonda", "did": "telangana:Nalgonda", "state_key": "telangana" }, "geometry": { "type": "Polygon", "coordinates": [ [ [ 78.9281, 16.7585 ], [ 78.932, 16.7556 ], [ 78.9475, 16.7551 ], [ 78.9511, 16.7431 ], [ 78.9749, 16.7386 ], [ 78.9805, 16.7528 ], [ 78.9918, 16.7591 ], [ 78.9989, 16.7703 ], [ 78.9991, 16.7579 ], [ 79.0121, 16.7548 ], [ 79.007, 16.7433 ], [ 79.0081, 16.7244 ], [ 79.0241, 16.7185 ], [ 79.0382, 16.6954 ], [ 79.0408, 16.6662 ], [ 79.0618, 16.6534 ], [ 79.0518, 16.6409 ], [ 79.0475, 16.625 ], [ 79.0241, 16.6359 ], [ 79.0026, 16.6359 ], [ 78.9862, 16.6511 ], [ 78.9723, 16.6507 ], [ 78.9716, 16.6278 ], [ 78.9636, 16.6193 ], [ 78.9482, 16.615 ], [ 78.9279, 16.6143 ], [ 78.9141, 16.6257 ], [ 78.9154, 16.6303 ], [ 78.904, 16.6481 ], [ 78.9013, 16.6439 ], [ 78.89, 16.6463 ], [ 78.8804, 16.6418 ], [ 78.8754, 16.6249 ], [ 78.8645, 16.619 ], [ 78.8635, 16.5993 ], [ 78.8592, 16.599 ], [ 78.8568, 16.6033 ], [ 78.8401, 16.6047 ], [ 78.8425, 16.6417 ], [ 78.8344, 16.6439 ], [ 78.8319, 16.6502 ], [ 78.8123, 16.6479 ], [ 78.8086, 16.6577 ], [ 78.7822, 16.6773 ], [ 78.7713, 16.6783 ], [ 78.7759, 16.6901 ], [ 78.7714, 16.6941 ], [ 78.7776, 16.708 ], [ 78.7665, 16.7156 ], [ 78.757, 16.7158 ], [ 78.7573, 16.7476 ], [ 78.7808, 16.7461 ], [ 78.7895, 16.7619 ], [ 78.7937, 16.7514 ], [ 78.8049, 16.7479 ], [ 78.8059, 16.7547 ], [ 78.8222, 16.7532 ], [ 78.83, 16.756 ], [ 78.8411, 16.75 ], [ 78.85, 16.771 ], [ 78.8645, 16.765 ], [ 78.8656, 16.7694 ], [ 78.8839, 16.7593 ], [ 78.8937, 16.7649 ], [ 78.8955, 16.773 ], [ 78.9167, 16.7565 ], [ 78.9281, 16.7585 ] ] ] } },
{ "type": "Feature", "properties": { "unit_id": "IND.32.7.2_1", "name": "Pedda Adisarlapalli", "district": "Nalgonda", "did": "telangana:Nalgonda", "state_key": "telangana" }, "geometry": { "type": "Polygon", "coordinates": [ [ [ 79.1661, 16.7926 ], [ 79.1754, 16.791 ], [ 79.1635, 16.7616 ], [ 79.1678, 16.7214 ], [ 79.1578, 16.6801 ], [ 79.1455, 16.6629 ], [ 79.1475, 16.6548 ], [ 79.1546, 16.6482 ], [ 79.1702, 16.6535 ], [ 79.1718, 16.6462 ], [ 79.1695, 16.6407 ], [ 79.1539, 16.637 ], [ 79.157, 16.616 ], [ 79.1826, 16.6087 ], [ 79.1938, 16.6117 ], [ 79.1817, 16.6199 ], [ 79.1797, 16.6302 ], [ 79.1912, 16.6392 ], [ 79.1988, 16.6388 ], [ 79.1985, 16.645 ], [ 79.2121, 16.6423 ], [ 79.2146, 16.6465 ], [ 79.2407, 16.6377 ], [ 79.2521, 16.6422 ], [ 79.2643, 16.6013 ], [ 79.2425, 16.6001 ], [ 79.2002, 16.6038 ], [ 79.195, 16.5949 ], [ 79.1796, 16.592 ], [ 79.1625, 16.5989 ], [ 79.1286, 16.5977 ], [ 79.1331, 16.5582 ], [ 79.1203, 16.5551 ], [ 79.1081, 16.5593 ], [ 79.1034, 16.5698 ], [ 79.0902, 16.5822 ], [ 79.0532, 16.6016 ], [ 79.0482, 16.6014 ], [ 79.0283, 16.5879 ], [ 79.0242, 16.5888 ], [ 79.0053, 16.6144 ], [ 79.0041, 16.6265 ], [ 79.0066, 16.6352 ], [ 79.0207, 16.6365 ], [ 79.0475, 16.625 ], [ 79.0518, 16.6409 ], [ 79.0618, 16.653 ], [ 79.0404, 16.6669 ], [ 79.038, 16.696 ], [ 79.0219, 16.7241 ], [ 79.024, 16.7286 ], [ 79.0423, 16.7356 ], [ 79.0459, 16.7474 ], [ 79.0593, 16.7547 ], [ 79.0574, 16.7622 ], [ 79.0673, 16.7957 ], [ 79.0792, 16.7985 ], [ 79.0875, 16.7913 ], [ 79.097, 16.7954 ], [ 79.1111, 16.795 ], [ 79.1146, 16.802 ], [ 79.1482, 16.8059 ], [ 79.1687, 16.801 ], [ 79.1661, 16.7926 ] ] ] } },
{ "type": "Feature", "properties": { "unit_id": "IND.32.7.2_1", "name": "Chandampet", "district": "Nalgonda", "did": "telangana:Nalgonda", "state_key": "telangana" }, "geometry": { "type": "Polygon", "coordinates": [ [ [ 78.9919, 16.6428 ], [ 79.0066, 16.6352 ], [ 79.0053, 16.6144 ], [ 79.0242, 16.5888 ], [ 79.0283, 16.5879 ], [ 79.0482, 16.6014 ], [ 79.0532, 16.6016 ], [ 79.0902, 16.5822 ], [ 79.1034, 16.5698 ], [ 79.1081, 16.5593 ], [ 79.1166, 16.5557 ], [ 79.1284, 16.5553 ], [ 79.1331, 16.5582 ], [ 79.1286, 16.5977 ], [ 79.1625, 16.5989 ], [ 79.1796, 16.592 ], [ 79.195, 16.5949 ], [ 79.2002, 16.6038 ], [ 79.2425, 16.6001 ], [ 79.2643, 16.6013 ], [ 79.2632, 16.5787 ], [ 79.2522, 16.5593 ], [ 79.2448, 16.5318 ], [ 79.2272, 16.5238 ], [ 79.2167, 16.4995 ], [ 79.2157, 16.4801 ], [ 79.2334, 16.4592 ], [ 79.218, 16.4538 ], [ 79.2116, 16.4474 ], [ 79.2077, 16.3848 ], [ 79.2124, 16.3735 ], [ 79.2106, 16.3562 ], [ 79.2031, 16.3626 ], [ 79.1939, 16.359 ], [ 79.1805, 16.3676 ], [ 79.1718, 16.368 ], [ 79.1642, 16.3787 ], [ 79.1536, 16.3824 ], [ 79.1517, 16.3997 ], [ 79.143, 16.3986 ], [ 79.1351, 16.4039 ], [ 79.1225, 16.4063 ], [ 79.1099, 16.4208 ], [ 79.0915, 16.4216 ], [ 79.0731, 16.4424 ], [ 79.0589, 16.447 ], [ 79.0463, 16.4587 ], [ 79.029, 16.4655 ], [ 78.9859, 16.4933 ], [ 78.9676, 16.4974 ], [ 78.9393, 16.5103 ], [ 78.9225, 16.5234 ], [ 78.9121, 16.5399 ], [ 78.9104, 16.5511 ], [ 78.8699, 16.5436 ], [ 78.8557, 16.5509 ], [ 78.8431, 16.546 ], [ 78.8404, 16.5523 ], [ 78.845, 16.573 ], [ 78.8429, 16.5792 ], [ 78.8535, 16.5971 ], [ 78.8642, 16.6005 ], [ 78.8645, 16.619 ], [ 78.8754, 16.6249 ], [ 78.8804, 16.6418 ], [ 78.89, 16.6463 ], [ 78.9013, 16.6439 ], [ 78.904, 16.6481 ], [ 78.9154, 16.6303 ], [ 78.9141, 16.6257 ], [ 78.9239, 16.6155 ], [ 78.9392, 16.614 ], [ 78.9636, 16.6193 ], [ 78.9716, 16.6278 ], [ 78.9723, 16.6507 ], [ 78.9862, 16.6511 ], [ 78.9919, 16.6428 ] ] ] } },
{ "type": "Feature", "properties": { "unit_id": "IND.32.5.1_1", "name": "Amrabad", "district": "Nagarkurnool", "did": "telangana:Nagarkurnool", "state_key": "telangana" }, "geometry": { "type": "MultiPolygon", "coordinates": [ [ [ [ 78.7951, 16.2476 ], [ 78.7962, 16.2551 ], [ 78.8002, 16.2571 ], [ 78.8067, 16.2564 ], [ 78.8131, 16.237 ], [ 78.8173, 16.2364 ], [ 78.818, 16.2307 ], [ 78.8075, 16.231 ], [ 78.7951, 16.2476 ] ] ], [ [ [ 79.1425, 16.2948 ], [ 79.1343, 16.2926 ], [ 79.1341, 16.3191 ], [ 79.1423, 16.3184 ], [ 79.1425, 16.2948 ] ] ], [ [ [ 78.9825, 16.4563 ], [ 79.0084, 16.4517 ], [ 79.017, 16.4394 ], [ 79.0381, 16.4332 ], [ 79.0562, 16.4225 ], [ 79.0668, 16.4331 ], [ 79.0666, 16.4446 ], [ 79.0698, 16.4444 ], [ 79.0915, 16.4216 ], [ 79.1099, 16.4208 ], [ 79.1225, 16.4063 ], [ 79.1351, 16.4039 ], [ 79.143, 16.3986 ], [ 79.1517, 16.3997 ], [ 79.1377, 16.3913 ], [ 79.1053, 16.3888 ], [ 79.0917, 16.3791 ], [ 79.094, 16.3662 ], [ 79.0892, 16.3634 ], [ 79.0946, 16.36 ], [ 79.0821, 16.3363 ], [ 79.0837, 16.3326 ], [ 79.0769, 16.3415 ], [ 79.0656, 16.3325 ], [ 79.0601, 16.3341 ], [ 79.0436, 16.3308 ], [ 79.0346, 16.3422 ], [ 79.0132, 16.3336 ], [ 79.0107, 16.3408 ], [ 79.0164, 16.3741 ], [ 79.0139, 16.3796 ], [ 79.0087, 16.3889 ], [ 78.989, 16.3885 ], [ 78.9832, 16.396 ], [ 78.9597, 16.397 ], [ 78.9426, 16.3942 ], [ 78.9377, 16.3905 ], [ 78.9345, 16.3741 ], [ 78.9307, 16.3727 ], [ 78.939, 16.3417 ], [ 78.9244, 16.3318 ], [ 78.9131, 16.3301 ], [ 78.8889, 16.3439 ], [ 78.8883, 16.3502 ], [ 78.8825, 16.3494 ], [ 78.8814, 16.3521 ], [ 78.8876, 16.355 ], [ 78.8877, 16.3595 ], [ 78.8807, 16.3617 ], [ 78.8632, 16.361 ], [ 78.8469, 16.3644 ], [ 78.8211, 16.3611 ], [ 78.7895, 16.3416 ], [ 78.747, 16.345 ], [ 78.7399, 16.3512 ], [ 78.7455, 16.36 ], [ 78.7441, 16.3714 ], [ 78.7486, 16.3749 ], [ 78.7695, 16.3768 ], [ 78.7805, 16.3815 ], [ 78.7908, 16.3931 ], [ 78.8046, 16.3932 ], [ 78.8036, 16.4001 ], [ 78.8153, 16.3995 ], [ 78.8174, 16.4053 ], [ 78.8319, 16.4142 ], [ 78.8435, 16.4136 ], [ 78.8588, 16.405 ], [ 78.8716, 16.4046 ], [ 78.8685, 16.4226 ], [ 78.8591, 16.4276 ], [ 78.8583, 16.4415 ], [ 78.8651, 16.4539 ], [ 78.8751, 16.4584 ], [ 78.8917, 16.4581 ], [ 78.9027, 16.4535 ], [ 78.911, 16.4396 ], [ 78.9163, 16.4385 ], [ 78.9251, 16.443 ], [ 78.9311, 16.462 ], [ 78.9721, 16.4524 ], [ 78.9825, 16.4563 ] ] ] ] } },
{ "type": "Feature", "properties": { "unit_id": "IND.32.5.1_1", "name": "Lingal", "district": "Nagarkurnool", "did": "telangana:Nagarkurnool", "state_key": "telangana" }, "geometry": { "type": "Polygon", "coordinates": [ [ [ 78.5318, 16.3419 ], [ 78.5504, 16.3252 ], [ 78.5416, 16.3207 ], [ 78.5239, 16.3271 ], [ 78.5183, 16.3086 ], [ 78.5273, 16.3028 ], [ 78.527, 16.2967 ], [ 78.5411, 16.296 ], [ 78.5442, 16.276 ], [ 78.5499, 16.2792 ], [ 78.554, 16.2892 ], [ 78.5643, 16.2918 ], [ 78.571, 16.2867 ], [ 78.5744, 16.2742 ], [ 78.5825, 16.2746 ], [ 78.5813, 16.2634 ], [ 78.5894, 16.2608 ], [ 78.5961, 16.2536 ], [ 78.5894, 16.2392 ], [ 78.6234, 16.2181 ], [ 78.6082, 16.2082 ], [ 78.6056, 16.2025 ], [ 78.6179, 16.1976 ], [ 78.6269, 16.1989 ], [ 78.6549, 16.194 ], [ 78.6648, 16.1853 ], [ 78.6689, 16.1921 ], [ 78.6659, 16.2021 ], [ 78.6846, 16.2022 ], [ 78.7041, 16.1914 ], [ 78.7154, 16.1647 ], [ 78.7214, 16.1677 ], [ 78.7401, 16.1661 ], [ 78.7423, 16.1692 ], [ 78.7448, 16.1624 ], [ 78.757, 16.1582 ], [ 78.7621, 16.1475 ], [ 78.7687, 16.1437 ], [ 78.7805, 16.1487 ], [ 78.7938, 16.1437 ], [ 78.8039, 16.144 ], [ 78.8202, 16.1538 ], [ 78.8262, 16.151 ], [ 78.8336, 16.1559 ], [ 78.8412, 16.1494 ], [ 78.8327, 16.141 ], [ 78.8424, 16.0952 ], [ 78.8378, 16.0719 ], [ 78.8194, 16.0483 ], [ 78.8012, 16.0378 ], [ 78.7899, 16.0231 ], [ 78.7672, 16.0166 ], [ 78.753, 16.0163 ], [ 78.7355, 16.0082 ], [ 78.7236, 16.0201 ], [ 78.6812, 16.0348 ], [ 78.658, 16.0656 ], [ 78.6666, 16.0985 ], [ 78.6533, 16.1244 ], [ 78.634, 16.1235 ], [ 78.6166, 16.1321 ], [ 78.5978, 16.1339 ], [ 78.5959, 16.1494 ], [ 78.5874, 16.1592 ], [ 78.5807, 16.1593 ], [ 78.5756, 16.166 ], [ 78.5676, 16.1658 ], [ 78.5636, 16.1711 ], [ 78.5534, 16.1675 ], [ 78.547, 16.1697 ], [ 78.5319, 16.1819 ], [ 78.5012, 16.191 ], [ 78.5015, 16.2019 ], [ 78.4943, 16.2066 ], [ 78.4902, 16.2153 ], [ 78.4942, 16.2303 ], [ 78.4863, 16.2265 ], [ 78.482, 16.2335 ], [ 78.4744, 16.2368 ], [ 78.4743, 16.2281 ], [ 78.4593, 16.2256 ], [ 78.454, 16.2184 ], [ 78.4502, 16.2186 ], [ 78.4492, 16.2264 ], [ 78.4549, 16.2341 ], [ 78.4372, 16.2411 ], [ 78.4333, 16.2477 ], [ 78.4304, 16.2649 ], [ 78.4383, 16.2771 ], [ 78.4328, 16.2887 ], [ 78.453, 16.3019 ], [ 78.456, 16.3189 ], [ 78.4787, 16.3283 ], [ 78.4837, 16.3476 ], [ 78.4871, 16.3479 ], [ 78.4866, 16.3781 ], [ 78.4983, 16.3855 ], [ 78.5141, 16.3821 ], [ 78.5318, 16.3419 ] ] ] } },
{ "type": "Feature", "properties": { "unit_id": "IND.32.5.7_1", "name": "Kollapur", "district": "Nagarkurnool", "did": "telangana:Nagarkurnool", "state_key": "telangana" }, "geometry": { "type": "Polygon", "coordinates": [ [ [ 78.4942, 16.2303 ], [ 78.4902, 16.2153 ], [ 78.4943, 16.2066 ], [ 78.5015, 16.2019 ], [ 78.5012, 16.191 ], [ 78.5319, 16.1819 ], [ 78.547, 16.1697 ], [ 78.5534, 16.1675 ], [ 78.5636, 16.1711 ], [ 78.5676, 16.1658 ], [ 78.5756, 16.166 ], [ 78.5807, 16.1593 ], [ 78.5874, 16.1592 ], [ 78.5959, 16.1494 ], [ 78.5978, 16.1339 ], [ 78.6166, 16.1321 ], [ 78.634, 16.1235 ], [ 78.6533, 16.1244 ], [ 78.6666, 16.0985 ], [ 78.658, 16.0656 ], [ 78.6504, 16.072 ], [ 78.6502, 16.0788 ], [ 78.6429, 16.0824 ], [ 78.6272, 16.0876 ], [ 78.61, 16.0871 ], [ 78.5986, 16.0811 ], [ 78.5869, 16.0634 ], [ 78.5576, 16.045 ], [ 78.5475, 16.0428 ], [ 78.4766, 16.0681 ], [ 78.4427, 16.0743 ], [ 78.4345, 16.0712 ], [ 78.4101, 16.0751 ], [ 78.4028, 16.073 ], [ 78.3967, 16.0657 ], [ 78.3844, 16.0646 ], [ 78.3654, 16.0468 ], [ 78.3477, 16.0475 ], [ 78.3266, 16.0367 ], [ 78.3219, 16.0171 ], [ 78.3123, 16.0115 ], [ 78.2979, 16.012 ], [ 78.27, 16.0268 ], [ 78.2624, 16.0267 ], [ 78.2586, 16.0232 ], [ 78.2408, 16.0275 ], [ 78.2511, 16.0449 ], [ 78.2286, 16.0596 ], [ 78.2369, 16.1059 ], [ 78.2241, 16.1347 ], [ 78.2149, 16.1374 ], [ 78.2208, 16.1514 ], [ 78.2319, 16.1477 ], [ 78.2362, 16.1515 ], [ 78.244, 16.1515 ], [ 78.2484, 16.1665 ], [ 78.2566, 16.1671 ], [ 78.262, 16.175 ], [ 78.2632, 16.1874 ], [ 78.2692, 16.1892 ], [ 78.2823, 16.1849 ], [ 78.2852, 16.1609 ], [ 78.3019, 16.1556 ], [ 78.311, 16.1671 ], [ 78.3342, 16.1694 ], [ 78.3359, 16.1737 ], [ 78.3489, 16.1715 ], [ 78.3618, 16.179 ], [ 78.377, 16.1793 ], [ 78.3883, 16.175 ], [ 78.393, 16.1786 ], [ 78.3937, 16.1903 ], [ 78.3983, 16.1966 ], [ 78.4203, 16.1945 ], [ 78.4263, 16.2043 ], [ 78.4409, 16.2039 ], [ 78.4379, 16.2191 ], [ 78.4429, 16.2251 ], [ 78.4497, 16.2261 ], [ 78.4527, 16.2178 ], [ 78.4588, 16.2253 ], [ 78.4743, 16.2281 ], [ 78.4744, 16.2368 ], [ 78.482, 16.2335 ], [ 78.4875, 16.2264 ], [ 78.4942, 16.2303 ] ] ] } },
{ "type": "Feature", "properties": { "unit_id": "IND.32.5.7_1", "name": "Pangal", "district": "Wanaparthy", "did": "telangana:Wanaparthy", "state_key": "telangana" }, "geometry": { "type": "Polygon", "coordinates": [ [ [ 78.1752, 16.3354 ], [ 78.1898, 16.3219 ], [ 78.1888, 16.3165 ], [ 78.1685, 16.3083 ], [ 78.1639, 16.2992 ], [ 78.1642, 16.2671 ], [ 78.1988, 16.2597 ], [ 78.2, 16.2355 ], [ 78.1925, 16.2278 ], [ 78.1999, 16.2218 ], [ 78.2008, 16.2144 ], [ 78.1967, 16.2086 ], [ 78.2112, 16.2007 ], [ 78.2092, 16.18 ], [ 78.2272, 16.1746 ], [ 78.2264, 16.163 ], [ 78.2162, 16.1402 ], [ 78.1917, 16.1388 ], [ 78.1891, 16.1455 ], [ 78.173, 16.1594 ], [ 78.1526, 16.1607 ], [ 78.1462, 16.1432 ], [ 78.1376, 16.1358 ], [ 78.1187, 16.1264 ], [ 78.106, 16.1292 ], [ 78.0824, 16.1139 ], [ 78.073, 16.1173 ], [ 78.0599, 16.1289 ], [ 78.0507, 16.1304 ], [ 78.0607, 16.1637 ], [ 78.0739, 16.1847 ], [ 78.0786, 16.1833 ], [ 78.087, 16.1909 ], [ 78.0931, 16.2082 ], [ 78.0618, 16.2243 ], [ 78.054, 16.2252 ], [ 78.0545, 16.2345 ], [ 78.0463, 16.2462 ], [ 78.0288, 16.2594 ], [ 78.0415, 16.276 ], [ 78.0657, 16.2632 ], [ 78.0731, 16.2635 ], [ 78.0858, 16.2971 ], [ 78.1003, 16.3101 ], [ 78.1189, 16.3104 ], [ 78.1338, 16.3189 ], [ 78.1312, 16.3231 ], [ 78.1363, 16.3353 ], [ 78.1479, 16.3397 ], [ 78.1609, 16.3399 ], [ 78.1752, 16.3354 ] ] ] } },
{ "type": "Feature", "properties": { "unit_id": "IND.32.5.12_1", "name": "Pebburu", "district": "Wanaparthy", "did": "telangana:Wanaparthy", "state_key": "telangana" }, "geometry": { "type": "Polygon", "coordinates": [ [ [ 77.9947, 16.2658 ], [ 77.9969, 16.2588 ], [ 78.0085, 16.254 ], [ 78.013, 16.2585 ], [ 78.0288, 16.2594 ], [ 78.0463, 16.2462 ], [ 78.0545, 16.2345 ], [ 78.054, 16.2252 ], [ 78.0618, 16.2243 ], [ 78.0931, 16.2082 ], [ 78.087, 16.1909 ], [ 78.0786, 16.1833 ], [ 78.0739, 16.1847 ], [ 78.0607, 16.1637 ], [ 78.0523, 16.1333 ], [ 78.0388, 16.1099 ], [ 78.0747, 16.0925 ], [ 78.0707, 16.0815 ], [ 78.0701, 16.0413 ], [ 78.0596, 16.0225 ], [ 78.0465, 16.0326 ], [ 78.0293, 16.0598 ], [ 78.0143, 16.0674 ], [ 77.9939, 16.0873 ], [ 77.9728, 16.0959 ], [ 77.9478, 16.1179 ], [ 77.9436, 16.1256 ], [ 77.9424, 16.1532 ], [ 77.9311, 16.1748 ], [ 77.9318, 16.1928 ], [ 77.9253, 16.2007 ], [ 77.914, 16.2401 ], [ 77.9215, 16.2444 ], [ 77.9528, 16.2415 ], [ 77.9605, 16.2476 ], [ 77.9661, 16.2607 ], [ 77.9842, 16.2705 ], [ 77.9947, 16.2658 ] ] ] } },
{ "type": "Feature", "properties": { "unit_id": "IND.32.5.7_1", "name": "Wepangandla", "district": "Wanaparthy", "did": "telangana:Wanaparthy", "state_key": "telangana" }, "geometry": { "type": "Polygon", "coordinates": [ [ [ 78.2115, 16.1418 ], [ 78.2241, 16.1347 ], [ 78.2369, 16.1059 ], [ 78.2286, 16.0596 ], [ 78.2511, 16.0449 ], [ 78.2398, 16.0285 ], [ 78.2586, 16.0232 ], [ 78.2555, 16.0129 ], [ 78.2598, 15.9956 ], [ 78.2512, 15.9751 ], [ 78.236, 15.9509 ], [ 78.2169, 15.9432 ], [ 78.1597, 15.9482 ], [ 78.1466, 15.9623 ], [ 78.1422, 15.9875 ], [ 78.1361, 15.9962 ], [ 78.1274, 16.0024 ], [ 78.1135, 16.002 ], [ 78.0771, 16.0112 ], [ 78.0596, 16.0225 ], [ 78.0701, 16.0413 ], [ 78.0707, 16.0815 ], [ 78.0747, 16.0925 ], [ 78.0388, 16.1099 ], [ 78.0507, 16.1304 ], [ 78.0583, 16.1297 ], [ 78.073, 16.1173 ], [ 78.0854, 16.1135 ], [ 78.106, 16.1292 ], [ 78.1225, 16.1272 ], [ 78.1462, 16.1432 ], [ 78.1526, 16.1607 ], [ 78.173, 16.1594 ], [ 78.1891, 16.1455 ], [ 78.191, 16.1392 ], [ 78.2115, 16.1418 ] ] ] } },
{ "type": "Feature", "properties": { "unit_id": "IND.32.5.2_1", "name": "Alampur", "district": "Jogulamba Gadwal", "did": "telangana:Jogulamba Gadwal", "state_key": "telangana" }, "geometry": { "type": "Polygon", "coordinates": [ [ [ 78.1274, 16.0024 ], [ 78.1395, 15.9929 ], [ 78.1466, 15.9623 ], [ 78.1527, 15.9528 ], [ 78.1616, 15.9476 ], [ 78.2207, 15.9437 ], [ 78.2404, 15.955 ], [ 78.2512, 15.9751 ], [ 78.2533, 15.9663 ], [ 78.2509, 15.9345 ], [ 78.2321, 15.924 ], [ 78.2045, 15.918 ], [ 78.1844, 15.9098 ], [ 78.1794, 15.9019 ], [ 78.1899, 15.8923 ], [ 78.1767, 15.8768 ], [ 78.1753, 15.8581 ], [ 78.1588, 15.8538 ], [ 78.1355, 15.8547 ], [ 78.1301, 15.8507 ], [ 78.134, 15.8363 ], [ 78.1112, 15.8384 ], [ 78.0988, 15.836 ], [ 78.0836, 15.8409 ], [ 78.0849, 15.8451 ], [ 78.0714, 15.8504 ], [ 78.0715, 15.8617 ], [ 78.0558, 15.8663 ], [ 78.0562, 15.8746 ], [ 78.0468, 15.8749 ], [ 78.0449, 15.9041 ], [ 78.0708, 15.908 ], [ 78.0621, 15.9334 ], [ 78.0634, 15.9384 ], [ 78.0682, 15.9395 ], [ 78.0647, 15.9485 ], [ 78.0722, 15.9487 ], [ 78.0725, 15.9601 ], [ 78.0658, 15.9763 ], [ 78.0442, 15.9828 ], [ 78.0432, 15.9771 ], [ 78.0336, 15.9718 ], [ 78.0051, 15.9751 ], [ 78.0085, 15.9902 ], [ 78.0003, 15.9939 ], [ 78.0033, 16.0192 ], [ 78.0079, 16.0208 ], [ 78.0264, 16.0622 ], [ 78.0465, 16.0326 ], [ 78.0694, 16.0143 ], [ 78.1135, 16.002 ], [ 78.1274, 16.0024 ] ] ] } },
{ "type": "Feature", "properties": { "unit_id": "IND.32.5.2_1", "name": "Manopadu", "district": "Jogulamba Gadwal", "did": "telangana:Jogulamba Gadwal", "state_key": "telangana" }, "geometry": { "type": "Polygon", "coordinates": [ [ [ 78.0003, 15.9939 ], [ 78.0085, 15.9902 ], [ 78.0051, 15.9751 ], [ 78.0336, 15.9718 ], [ 78.0432, 15.9771 ], [ 78.0442, 15.9828 ], [ 78.0658, 15.9763 ], [ 78.0726, 15.9502 ], [ 78.0715, 15.9477 ], [ 78.0647, 15.9485 ], [ 78.0682, 15.9395 ], [ 78.0634, 15.9384 ], [ 78.0621, 15.9334 ], [ 78.0702, 15.907 ], [ 78.0531, 15.9071 ], [ 78.0449, 15.9041 ], [ 78.0319, 15.9073 ], [ 78.031, 15.903 ], [ 78.0255, 15.9024 ], [ 78.0089, 15.8618 ], [ 77.997, 15.8663 ], [ 77.9753, 15.8833 ], [ 77.937, 15.8835 ], [ 77.8903, 15.9058 ], [ 77.8796, 15.9057 ], [ 77.8737, 15.9008 ], [ 77.8705, 15.9063 ], [ 77.8708, 15.9436 ], [ 77.8819, 15.9414 ], [ 77.889, 15.967 ], [ 77.8934, 15.9657 ], [ 77.8965, 15.9803 ], [ 77.9043, 15.9812 ], [ 77.9142, 16.0008 ], [ 77.9079, 16.0074 ], [ 77.9089, 16.0116 ], [ 77.9226, 16.0177 ], [ 77.9303, 16.0313 ], [ 77.9404, 16.0256 ], [ 77.9702, 16.0298 ], [ 77.9749, 16.0565 ], [ 77.9987, 16.0834 ], [ 78.0161, 16.066 ], [ 78.0264, 16.0622 ], [ 78.0018, 16.012 ], [ 78.0003, 15.9939 ] ] ] } },
{ "type": "Feature", "properties": { "unit_id": "IND.32.5.2_1", "name": "Itikyala", "district": "Jogulamba Gadwal", "did": "telangana:Jogulamba Gadwal", "state_key": "telangana" }, "geometry": { "type": "Polygon", "coordinates": [ [ [ 77.9395, 16.1604 ], [ 77.9466, 16.1192 ], [ 77.9738, 16.0952 ], [ 77.9987, 16.0834 ], [ 77.9749, 16.0565 ], [ 77.9702, 16.0298 ], [ 77.9404, 16.0256 ], [ 77.9293, 16.0307 ], [ 77.9226, 16.0177 ], [ 77.9086, 16.011 ], [ 77.9139, 15.9993 ], [ 77.9043, 15.9812 ], [ 77.9, 15.9803 ], [ 77.8965, 15.9803 ], [ 77.8939, 15.9873 ], [ 77.8749, 15.9935 ], [ 77.8758, 16.0059 ], [ 77.8618, 16.0182 ], [ 77.8467, 16.0203 ], [ 77.8144, 16.0107 ], [ 77.7892, 16.0204 ], [ 77.7756, 16.0153 ], [ 77.7489, 16.0158 ], [ 77.7521, 16.0299 ], [ 77.749, 16.061 ], [ 77.7761, 16.0572 ], [ 77.7872, 16.091 ], [ 77.805, 16.0891 ], [ 77.8114, 16.0845 ], [ 77.8152, 16.101 ], [ 77.8046, 16.1044 ], [ 77.8192, 16.1356 ], [ 77.8347, 16.1357 ], [ 77.8443, 16.1454 ], [ 77.866, 16.1437 ], [ 77.875, 16.1528 ], [ 77.8809, 16.1538 ], [ 77.8844, 16.1607 ], [ 77.8951, 16.1625 ], [ 77.9097, 16.1853 ], [ 77.9311, 16.1748 ], [ 77.9395, 16.1604 ] ] ] } },
{ "type": "Feature", "properties": { "unit_id": "IND.32.5.5_1", "name": "Dharur", "district": "Jogulamba Gadwal", "did": "telangana:Jogulamba Gadwal", "state_key": "telangana" }, "geometry": { "type": "Polygon", "coordinates": [ [ [ 77.656, 16.3603 ], [ 77.6664, 16.364 ], [ 77.6754, 16.3617 ], [ 77.6924, 16.3431 ], [ 77.7049, 16.3364 ], [ 77.7287, 16.3317 ], [ 77.7749, 16.3068 ], [ 77.8937, 16.2231 ], [ 77.9084, 16.2159 ], [ 77.9313, 16.1939 ], [ 77.9311, 16.1748 ], [ 77.9099, 16.1854 ], [ 77.8951, 16.1625 ], [ 77.8844, 16.1607 ], [ 77.8809, 16.1538 ], [ 77.875, 16.1528 ], [ 77.868, 16.1447 ], [ 77.8443, 16.1454 ], [ 77.8347, 16.1357 ], [ 77.8192, 16.1356 ], [ 77.8046, 16.1044 ], [ 77.8152, 16.101 ], [ 77.8114, 16.0845 ], [ 77.805, 16.0891 ], [ 77.7872, 16.091 ], [ 77.7851, 16.0872 ], [ 77.7686, 16.0986 ], [ 77.7887, 16.115 ], [ 77.7984, 16.1781 ], [ 77.7503, 16.1731 ], [ 77.743, 16.1614 ], [ 77.727, 16.1697 ], [ 77.7293, 16.1947 ], [ 77.7455, 16.1945 ], [ 77.7487, 16.2027 ], [ 77.7593, 16.2039 ], [ 77.7604, 16.2152 ], [ 77.7201, 16.2259 ], [ 77.7157, 16.2092 ], [ 77.7046, 16.2064 ], [ 77.6875, 16.1954 ], [ 77.6738, 16.1987 ], [ 77.6672, 16.1835 ], [ 77.6691, 16.173 ], [ 77.6575, 16.1566 ], [ 77.636, 16.1617 ], [ 77.6298, 16.1751 ], [ 77.6272, 16.207 ], [ 77.5912, 16.2063 ], [ 77.5717, 16.1963 ], [ 77.567, 16.2002 ], [ 77.5614, 16.2258 ], [ 77.5526, 16.2316 ], [ 77.5468, 16.2321 ], [ 77.5326, 16.2177 ], [ 77.5157, 16.2233 ], [ 77.5136, 16.2307 ], [ 77.5036, 16.2309 ], [ 77.4951, 16.2271 ], [ 77.4923, 16.2293 ], [ 77.4901, 16.2552 ], [ 77.5024, 16.2631 ], [ 77.5048, 16.2758 ], [ 77.5219, 16.278 ], [ 77.5296, 16.2755 ], [ 77.5367, 16.2667 ], [ 77.5451, 16.2917 ], [ 77.5689, 16.3036 ], [ 77.582, 16.2913 ], [ 77.5977, 16.2928 ], [ 77.592, 16.3022 ], [ 77.5956, 16.3168 ], [ 77.5884, 16.3342 ], [ 77.5961, 16.3429 ], [ 77.6436, 16.3635 ], [ 77.656, 16.3603 ] ], [ [ 77.7798, 16.2346 ], [ 77.7871, 16.2303 ], [ 77.789, 16.2243 ], [ 77.8008, 16.2244 ], [ 77.8064, 16.2206 ], [ 77.8118, 16.2384 ], [ 77.8074, 16.2429 ], [ 77.8012, 16.2396 ], [ 77.8018, 16.2477 ], [ 77.7832, 16.2453 ], [ 77.7798, 16.2346 ] ] ] } },
{ "type": "Feature", "properties": { "unit_id": "IND.32.5.5_1", "name": "Maldakal", "district": "Jogulamba Gadwal", "did": "telangana:Jogulamba Gadwal", "state_key": "telangana" }, "geometry": { "type": "Polygon", "coordinates": [ [ [ 77.7328, 16.2244 ], [ 77.7604, 16.2152 ], [ 77.7593, 16.2039 ], [ 77.7487, 16.2027 ], [ 77.7455, 16.1945 ], [ 77.7293, 16.1947 ], [ 77.727, 16.1697 ], [ 77.743, 16.1614 ], [ 77.7503, 16.1731 ], [ 77.7984, 16.1781 ], [ 77.7887, 16.115 ], [ 77.7686, 16.0991 ], [ 77.7688, 16.0982 ], [ 77.7693, 16.0977 ], [ 77.7851, 16.0872 ], [ 77.7761, 16.0572 ], [ 77.749, 16.061 ], [ 77.7521, 16.0299 ], [ 77.7477, 16.0121 ], [ 77.74, 16.0144 ], [ 77.7235, 16.0332 ], [ 77.7125, 16.0552 ], [ 77.7058, 16.0595 ], [ 77.701, 16.0584 ], [ 77.6938, 16.0419 ], [ 77.682, 16.043 ], [ 77.6758, 16.05 ], [ 77.6795, 16.059 ], [ 77.6739, 16.0724 ], [ 77.6776, 16.0758 ], [ 77.6712, 16.0858 ], [ 77.6538, 16.0731 ], [ 77.641, 16.0715 ], [ 77.6298, 16.0794 ], [ 77.6235, 16.079 ], [ 77.6252, 16.1053 ], [ 77.6396, 16.1102 ], [ 77.6396, 16.1132 ], [ 77.6298, 16.1361 ], [ 77.6253, 16.1377 ], [ 77.6254, 16.1691 ], [ 77.6298, 16.1751 ], [ 77.636, 16.1617 ], [ 77.6575, 16.1566 ], [ 77.6691, 16.173 ], [ 77.6672, 16.1835 ], [ 77.6738, 16.1987 ], [ 77.6826, 16.1949 ], [ 77.6902, 16.1962 ], [ 77.7046, 16.2064 ], [ 77.7157, 16.2092 ], [ 77.7201, 16.2259 ], [ 77.7256, 16.2227 ], [ 77.7328, 16.2244 ] ] ] } },
{ "type": "Feature", "properties": { "unit_id": "IND.32.5.5_1", "name": "Ghattu", "district": "Jogulamba Gadwal", "did": "telangana:Jogulamba Gadwal", "state_key": "telangana" }, "geometry": { "type": "Polygon", "coordinates": [ [ [ 77.5717, 16.1963 ], [ 77.5912, 16.2063 ], [ 77.6272, 16.207 ], [ 77.6314, 16.1855 ], [ 77.6239, 16.1665 ], [ 77.6253, 16.1377 ], [ 77.6298, 16.1361 ], [ 77.6396, 16.1102 ], [ 77.6252, 16.1053 ], [ 77.6235, 16.079 ], [ 77.6082, 16.0665 ], [ 77.6163, 16.0636 ], [ 77.6179, 16.0338 ], [ 77.6086, 16.0329 ], [ 77.5975, 16.0146 ], [ 77.5813, 16.0082 ], [ 77.5756, 16.0089 ], [ 77.5621, 15.9971 ], [ 77.5319, 15.9889 ], [ 77.5111, 15.9792 ], [ 77.514, 16.0084 ], [ 77.5044, 16.0113 ], [ 77.494, 16.037 ], [ 77.4995, 16.0537 ], [ 77.4965, 16.055 ], [ 77.4994, 16.061 ], [ 77.5026, 16.0588 ], [ 77.5069, 16.0796 ], [ 77.4937, 16.0863 ], [ 77.5009, 16.1062 ], [ 77.5133, 16.108 ], [ 77.5002, 16.1206 ], [ 77.4898, 16.1196 ], [ 77.4907, 16.1596 ], [ 77.4868, 16.1671 ], [ 77.4995, 16.1986 ], [ 77.4982, 16.2096 ], [ 77.5025, 16.2236 ], [ 77.5122, 16.2209 ], [ 77.5157, 16.2234 ], [ 77.5326, 16.2177 ], [ 77.5491, 16.2323 ], [ 77.5591, 16.2281 ], [ 77.567, 16.2002 ], [ 77.5717, 16.1963 ] ] ] } },
{ "type": "Feature", "properties": { "unit_id": "IND.32.5.5_1", "name": "Leej", "district": "Jogulamba Gadwal", "did": "telangana:Jogulamba Gadwal", "state_key": "telangana" }, "geometry": { "type": "Polygon", "coordinates": [ [ [ 77.6795, 16.059 ], [ 77.6758, 16.05 ], [ 77.6842, 16.0417 ], [ 77.6938, 16.0419 ], [ 77.701, 16.0584 ], [ 77.7058, 16.0595 ], [ 77.7125, 16.0552 ], [ 77.7235, 16.0332 ], [ 77.74, 16.0144 ], [ 77.7477, 16.0121 ], [ 77.7489, 16.0158 ], [ 77.7756, 16.0153 ], [ 77.7838, 16.0084 ], [ 77.782, 15.9921 ], [ 77.774, 15.9811 ], [ 77.7695, 15.9807 ], [ 77.7683, 15.9677 ], [ 77.7185, 15.9803 ], [ 77.7109, 15.9496 ], [ 77.682, 15.9461 ], [ 77.6798, 15.9315 ], [ 77.6695, 15.9322 ], [ 77.6673, 15.9231 ], [ 77.6414, 15.9268 ], [ 77.639, 15.9159 ], [ 77.6297, 15.904 ], [ 77.6114, 15.9179 ], [ 77.5933, 15.9119 ], [ 77.5808, 15.9185 ], [ 77.549, 15.9191 ], [ 77.5134, 15.9268 ], [ 77.5198, 15.9669 ], [ 77.5109, 15.9748 ], [ 77.5111, 15.9792 ], [ 77.5319, 15.9889 ], [ 77.5621, 15.9971 ], [ 77.5756, 16.0089 ], [ 77.5813, 16.0082 ], [ 77.6006, 16.0172 ], [ 77.6086, 16.0329 ], [ 77.6179, 16.0338 ], [ 77.6163, 16.0636 ], [ 77.6082, 16.0665 ], [ 77.6235, 16.079 ], [ 77.6298, 16.0794 ], [ 77.641, 16.0715 ], [ 77.6538, 16.0731 ], [ 77.6712, 16.0858 ], [ 77.6776, 16.0758 ], [ 77.6747, 16.0735 ], [ 77.6795, 16.059 ] ] ] } },
{ "type": "Feature", "properties": { "unit_id": "IND.32.5.2_1", "name": "Vaddepalli", "district": "Jogulamba Gadwal", "did": "telangana:Jogulamba Gadwal", "state_key": "telangana" }, "geometry": { "type": "Polygon", "coordinates": [ [ [ 77.8302, 16.0133 ], [ 77.8467, 16.0203 ], [ 77.863, 16.0179 ], [ 77.8758, 16.0059 ], [ 77.8749, 15.9935 ], [ 77.8975, 15.9843 ], [ 77.8945, 15.9686 ], [ 77.8934, 15.9657 ], [ 77.889, 15.967 ], [ 77.8819, 15.9414 ], [ 77.8708, 15.9436 ], [ 77.8705, 15.9063 ], [ 77.8737, 15.9008 ], [ 77.8606, 15.8847 ], [ 77.8498, 15.8819 ], [ 77.8387, 15.8851 ], [ 77.8035, 15.8741 ], [ 77.7824, 15.8762 ], [ 77.7669, 15.8861 ], [ 77.744, 15.8861 ], [ 77.7241, 15.8958 ], [ 77.7127, 15.8945 ], [ 77.6945, 15.8837 ], [ 77.6844, 15.8832 ], [ 77.6574, 15.8859 ], [ 77.6365, 15.8961 ], [ 77.6297, 15.904 ], [ 77.639, 15.9159 ], [ 77.6414, 15.9268 ], [ 77.6673, 15.9231 ], [ 77.6695, 15.9322 ], [ 77.6798, 15.9315 ], [ 77.682, 15.9461 ], [ 77.7109, 15.9496 ], [ 77.7185, 15.9803 ], [ 77.7677, 15.9672 ], [ 77.7695, 15.9807 ], [ 77.774, 15.9811 ], [ 77.7824, 15.9937 ], [ 77.7842, 16.0075 ], [ 77.7756, 16.0153 ], [ 77.7892, 16.0204 ], [ 77.8134, 16.0107 ], [ 77.8302, 16.0133 ] ] ] } },
{ "type": "Feature", "properties": { "unit_id": "IND.32.4.4_1", "name": "Ashwaraopet", "district": "Bhadradri Kothagudem", "did": "telangana:Bhadradri Kothagudem", "state_key": "telangana" }, "geometry": { "type": "Polygon", "coordinates": [ [ [ 81.1421, 17.4886 ], [ 81.1597, 17.4844 ], [ 81.1483, 17.4637 ], [ 81.1755, 17.4636 ], [ 81.1723, 17.449 ], [ 81.1933, 17.4356 ], [ 81.2027, 17.434 ], [ 81.2053, 17.4496 ], [ 81.2118, 17.4417 ], [ 81.219, 17.4423 ], [ 81.2455, 17.433 ], [ 81.2685, 17.4183 ], [ 81.3124, 17.4087 ], [ 81.3186, 17.3984 ], [ 81.3226, 17.3745 ], [ 81.3011, 17.3407 ], [ 81.274, 17.3172 ], [ 81.2457, 17.3258 ], [ 81.2336, 17.3204 ], [ 81.2103, 17.3261 ], [ 81.1904, 17.3248 ], [ 81.1767, 17.2877 ], [ 81.1782, 17.269 ], [ 81.1876, 17.2547 ], [ 81.174, 17.2303 ], [ 81.1094, 17.2235 ], [ 81.0796, 17.2153 ], [ 81.0741, 17.251 ], [ 81.0765, 17.2658 ], [ 81.0506, 17.2603 ], [ 81.0346, 17.2461 ], [ 81.0288, 17.256 ], [ 81.0365, 17.2759 ], [ 81.0512, 17.2872 ], [ 81.0611, 17.3041 ], [ 81.0789, 17.3215 ], [ 81.079, 17.3265 ], [ 81.068, 17.3349 ], [ 81.06, 17.3507 ], [ 81.0445, 17.3549 ], [ 81.0425, 17.3474 ], [ 81.0155, 17.3524 ], [ 80.9984, 17.3834 ], [ 80.9747, 17.4063 ], [ 80.974, 17.4222 ], [ 80.9844, 17.4418 ], [ 80.9961, 17.4526 ], [ 81.008, 17.5006 ], [ 80.9994, 17.5049 ], [ 81.0148, 17.5221 ], [ 81.0801, 17.515 ], [ 81.0976, 17.5043 ], [ 81.1262, 17.5269 ], [ 81.1385, 17.5162 ], [ 81.1449, 17.4951 ], [ 81.1421, 17.4886 ] ] ] } },
{ "type": "Feature", "properties": { "unit_id": "IND.32.4.4_1", "name": "Dammapeta", "district": "Bhadradri Kothagudem", "did": "telangana:Bhadradri Kothagudem", "state_key": "telangana" }, "geometry": { "type": "Polygon", "coordinates": [ [ [ 80.9747, 17.4063 ], [ 80.9984, 17.3834 ], [ 81.0155, 17.3524 ], [ 81.0425, 17.3474 ], [ 81.0445, 17.3549 ], [ 81.06, 17.3507 ], [ 81.068, 17.3349 ], [ 81.079, 17.3265 ], [ 81.0789, 17.3215 ], [ 81.0611, 17.3041 ], [ 81.0512, 17.2872 ], [ 81.0365, 17.2759 ], [ 81.0288, 17.256 ], [ 81.0346, 17.2461 ], [ 81.0506, 17.2603 ], [ 81.0765, 17.2658 ], [ 81.0741, 17.251 ], [ 81.0796, 17.2155 ], [ 81.0546, 17.2249 ], [ 81.0495, 17.2071 ], [ 81.0313, 17.1903 ], [ 81.0154, 17.1944 ], [ 80.9944, 17.1913 ], [ 80.9603, 17.2041 ], [ 80.9413, 17.2193 ], [ 80.911, 17.2198 ], [ 80.8653, 17.2358 ], [ 80.8698, 17.2571 ], [ 80.8762, 17.2647 ], [ 80.8689, 17.2832 ], [ 80.8722, 17.3218 ], [ 80.8599, 17.3647 ], [ 80.8742, 17.371 ], [ 80.901, 17.3919 ], [ 80.9185, 17.4185 ], [ 80.936, 17.415 ], [ 80.9528, 17.4179 ], [ 80.9458, 17.46 ], [ 80.9483, 17.4975 ], [ 80.954, 17.506 ], [ 80.9656, 17.5553 ], [ 80.9719, 17.5632 ], [ 80.9676, 17.5841 ], [ 80.9694, 17.5981 ], [ 80.9984, 17.5647 ], [ 81.0028, 17.5506 ], [ 81.0137, 17.5366 ], [ 81.0151, 17.5245 ], [ 80.9994, 17.5049 ], [ 81.008, 17.5006 ], [ 80.9961, 17.4526 ], [ 80.9844, 17.4418 ], [ 80.9737, 17.4193 ], [ 80.9747, 17.4063 ] ] ] } },
{ "type": "Feature", "properties": { "unit_id": "IND.32.4.1_1", "name": "Dummagudem", "district": "Bhadradri Kothagudem", "did": "telangana:Bhadradri Kothagudem", "state_key": "telangana" }, "geometry": { "type": "Polygon", "coordinates": [ [ [ 80.9983, 17.9168 ], [ 80.9942, 17.8809 ], [ 80.9965, 17.8491 ], [ 81.0092, 17.7976 ], [ 81.0177, 17.7914 ], [ 81.0466, 17.7823 ], [ 81.0733, 17.7865 ], [ 81.0856, 17.798 ], [ 81.096, 17.7745 ], [ 81.1043, 17.772 ], [ 81.0582, 17.7331 ], [ 81.0505, 17.734 ], [ 81.0406, 17.7476 ], [ 81.0159, 17.745 ], [ 80.9913, 17.7499 ], [ 80.9842, 17.7557 ], [ 80.9734, 17.7801 ], [ 80.9553, 17.7746 ], [ 80.9463, 17.7602 ], [ 80.9279, 17.7618 ], [ 80.9195, 17.7562 ], [ 80.9176, 17.7481 ], [ 80.9144, 17.7505 ], [ 80.913, 17.7459 ], [ 80.9024, 17.7462 ], [ 80.8855, 17.7357 ], [ 80.8613, 17.7872 ], [ 80.8703, 17.7942 ], [ 80.8757, 17.8137 ], [ 80.8844, 17.8182 ], [ 80.8875, 17.8242 ], [ 80.874, 17.857 ], [ 80.8808, 17.8758 ], [ 80.8781, 17.8766 ], [ 80.8785, 17.9041 ], [ 80.8825, 17.9361 ], [ 80.8965, 17.9429 ], [ 80.9334, 17.9502 ], [ 80.9865, 17.9512 ], [ 80.9983, 17.9168 ] ] ] } },
{ "type": "Feature", "properties": { "unit_id": "IND.32.4.6_1", "name": "Cherla", "district": "Bhadradri Kothagudem", "did": "telangana:Bhadradri Kothagudem", "state_key": "telangana" }, "geometry": { "type": "Polygon", "coordinates": [ [ [ 80.8659, 18.2301 ], [ 80.8726, 18.2106 ], [ 80.871, 18.2048 ], [ 80.8529, 18.202 ], [ 80.8585, 18.1865 ], [ 80.8602, 18.1479 ], [ 80.8667, 18.1369 ], [ 80.8911, 18.136 ], [ 80.9142, 18.1412 ], [ 80.9516, 18.1637 ], [ 80.9577, 18.1735 ], [ 80.979, 18.1754 ], [ 80.9787, 18.1508 ], [ 80.9555, 18.1291 ], [ 80.9493, 18.0829 ], [ 80.9697, 18.0444 ], [ 80.9643, 18.0381 ], [ 80.9733, 18.0236 ], [ 80.9799, 18.002 ], [ 80.9865, 17.9512 ], [ 80.9334, 17.9502 ], [ 80.8965, 17.9429 ], [ 80.8825, 17.9361 ], [ 80.8777, 17.9471 ], [ 80.8622, 17.9604 ], [ 80.857, 17.9785 ], [ 80.8458, 17.9822 ], [ 80.8461, 17.995 ], [ 80.8364, 17.9999 ], [ 80.8242, 18.0132 ], [ 80.8164, 18.0053 ], [ 80.8108, 18.0051 ], [ 80.7885, 18.0161 ], [ 80.7639, 18.0209 ], [ 80.7646, 18.0532 ], [ 80.755, 18.0738 ], [ 80.7487, 18.1016 ], [ 80.7542, 18.1687 ], [ 80.7991, 18.1682 ], [ 80.8133, 18.1802 ], [ 80.8175, 18.1891 ], [ 80.8241, 18.191 ], [ 80.8236, 18.2361 ], [ 80.8367, 18.2389 ], [ 80.8434, 18.2324 ], [ 80.8659, 18.2301 ] ] ] } },
{ "type": "Feature", "properties": { "unit_id": "IND.32.4.2_1", "name": "Manugur", "district": "Bhadradri Kothagudem", "did": "telangana:Bhadradri Kothagudem", "state_key": "telangana" }, "geometry": { "type": "Polygon", "coordinates": [ [ [ 80.8169, 18.0056 ], [ 80.8235, 18.0135 ], [ 80.8364, 17.9999 ], [ 80.8461, 17.995 ], [ 80.8458, 17.9822 ], [ 80.857, 17.9785 ], [ 80.8622, 17.9604 ], [ 80.8742, 17.9511 ], [ 80.8817, 17.9396 ], [ 80.8825, 17.9361 ], [ 80.8731, 17.928 ], [ 80.8456, 17.9293 ], [ 80.8385, 17.9343 ], [ 80.8385, 17.9147 ], [ 80.8543, 17.8912 ], [ 80.8329, 17.9017 ], [ 80.8105, 17.898 ], [ 80.7905, 17.9034 ], [ 80.7646, 17.9 ], [ 80.7581, 17.8793 ], [ 80.7631, 17.8716 ], [ 80.7574, 17.8654 ], [ 80.7582, 17.8591 ], [ 80.7517, 17.8553 ], [ 80.7533, 17.8484 ], [ 80.7499, 17.8441 ], [ 80.7528, 17.8286 ], [ 80.7562, 17.8274 ], [ 80.7535, 17.8209 ], [ 80.7394, 17.8225 ], [ 80.7359, 17.826 ], [ 80.7225, 17.8245 ], [ 80.6923, 17.8279 ], [ 80.6817, 17.8188 ], [ 80.6745, 17.8239 ], [ 80.6731, 17.8297 ], [ 80.6834, 17.8478 ], [ 80.6835, 17.8549 ], [ 80.6673, 17.8919 ], [ 80.6973, 17.9067 ], [ 80.6959, 17.928 ], [ 80.6877, 17.94 ], [ 80.661, 17.9484 ], [ 80.6613, 17.9544 ], [ 80.6705, 17.964 ], [ 80.668, 17.9701 ], [ 80.6731, 17.9832 ], [ 80.6716, 17.9931 ], [ 80.6793, 18.0025 ], [ 80.7037, 17.9994 ], [ 80.7049, 18.0052 ], [ 80.7166, 18.0018 ], [ 80.7256, 18.0053 ], [ 80.7337, 18.0032 ], [ 80.7566, 18.0066 ], [ 80.768, 18.0043 ], [ 80.7796, 18.0165 ], [ 80.7885, 18.0161 ], [ 80.8108, 18.0051 ], [ 80.8169, 18.0056 ] ] ] } },
{ "type": "Feature", "properties": { "unit_id": "IND.32.4.2_1", "name": "Bhurgampadu", "district": "Bhadradri Kothagudem", "did": "telangana:Bhadradri Kothagudem", "state_key": "telangana" }, "geometry": { "type": "Polygon", "coordinates": [ [ [ 80.7903, 17.7159 ], [ 80.7937, 17.7199 ], [ 80.7975, 17.7159 ], [ 80.804, 17.7173 ], [ 80.8045, 17.7104 ], [ 80.8157, 17.7127 ], [ 80.829, 17.7227 ], [ 80.849, 17.7163 ], [ 80.8518, 17.7322 ], [ 80.8613, 17.74 ], [ 80.8789, 17.747 ], [ 80.8873, 17.7323 ], [ 80.8947, 17.7029 ], [ 80.8908, 17.6898 ], [ 80.8764, 17.6684 ], [ 80.8801, 17.648 ], [ 80.897, 17.6406 ], [ 80.9381, 17.6326 ], [ 80.9539, 17.6378 ], [ 80.9701, 17.6497 ], [ 80.9948, 17.653 ], [ 81.009, 17.6453 ], [ 81.007, 17.6217 ], [ 80.9959, 17.6291 ], [ 80.9841, 17.6262 ], [ 80.9755, 17.6191 ], [ 80.9694, 17.5981 ], [ 80.9239, 17.6016 ], [ 80.8931, 17.6007 ], [ 80.8816, 17.5963 ], [ 80.8554, 17.6019 ], [ 80.8528, 17.5981 ], [ 80.8344, 17.5977 ], [ 80.8105, 17.6097 ], [ 80.8027, 17.6041 ], [ 80.7933, 17.6067 ], [ 80.7791, 17.6196 ], [ 80.7576, 17.6213 ], [ 80.7524, 17.6316 ], [ 80.7532, 17.6469 ], [ 80.7323, 17.6476 ], [ 80.7318, 17.6599 ], [ 80.7381, 17.6771 ], [ 80.7483, 17.6895 ], [ 80.7405, 17.6915 ], [ 80.7292, 17.688 ], [ 80.7253, 17.6949 ], [ 80.7186, 17.6979 ], [ 80.7182, 17.7068 ], [ 80.7484, 17.7498 ], [ 80.7535, 17.7495 ], [ 80.765, 17.7162 ], [ 80.7903, 17.7159 ] ] ] } },
{ "type": "Feature", "properties": { "unit_id": "IND.32.4.2_1", "name": "Aswapuram", "district": "Bhadradri Kothagudem", "did": "telangana:Bhadradri Kothagudem", "state_key": "telangana" }, "geometry": { "type": "Polygon", "coordinates": [ [ [ 80.8781, 17.8766 ], [ 80.8808, 17.8758 ], [ 80.874, 17.857 ], [ 80.8875, 17.8242 ], [ 80.8844, 17.8182 ], [ 80.8757, 17.8137 ], [ 80.8703, 17.7942 ], [ 80.8613, 17.7872 ], [ 80.8789, 17.747 ], [ 80.8613, 17.74 ], [ 80.8518, 17.7322 ], [ 80.849, 17.7163 ], [ 80.8289, 17.7227 ], [ 80.8157, 17.7127 ], [ 80.8045, 17.7104 ], [ 80.804, 17.7173 ], [ 80.7975, 17.7159 ], [ 80.7937, 17.7199 ], [ 80.7903, 17.7159 ], [ 80.7638, 17.7168 ], [ 80.7535, 17.7495 ], [ 80.7484, 17.7498 ], [ 80.7302, 17.7272 ], [ 80.7182, 17.7068 ], [ 80.7181, 17.7004 ], [ 80.7039, 17.6976 ], [ 80.6996, 17.7009 ], [ 80.7013, 17.7046 ], [ 80.7087, 17.7074 ], [ 80.7041, 17.7156 ], [ 80.6913, 17.7181 ], [ 80.6835, 17.7288 ], [ 80.6775, 17.729 ], [ 80.6785, 17.7349 ], [ 80.6763, 17.733 ], [ 80.6738, 17.7419 ], [ 80.6756, 17.753 ], [ 80.6951, 17.7779 ], [ 80.6823, 17.7905 ], [ 80.6814, 17.7994 ], [ 80.6768, 17.797 ], [ 80.6696, 17.8031 ], [ 80.6758, 17.8113 ], [ 80.6923, 17.8279 ], [ 80.7225, 17.8245 ], [ 80.7359, 17.826 ], [ 80.7394, 17.8225 ], [ 80.7535, 17.8209 ], [ 80.7562, 17.8274 ], [ 80.7528, 17.8286 ], [ 80.7499, 17.8441 ], [ 80.7533, 17.8484 ], [ 80.7517, 17.8553 ], [ 80.7582, 17.8591 ], [ 80.7574, 17.8654 ], [ 80.7631, 17.8716 ], [ 80.7581, 17.8793 ], [ 80.7646, 17.9 ], [ 80.7905, 17.9034 ], [ 80.8105, 17.898 ], [ 80.8329, 17.9017 ], [ 80.8543, 17.8912 ], [ 80.8385, 17.9147 ], [ 80.8385, 17.9343 ], [ 80.8456, 17.9293 ], [ 80.8731, 17.928 ], [ 80.8825, 17.9361 ], [ 80.8785, 17.9041 ], [ 80.8781, 17.8766 ] ] ] } },
{ "type": "Feature", "properties": { "unit_id": "IND.32.4.2_1", "name": "Paloncha", "district": "Bhadradri Kothagudem", "did": "telangana:Bhadradri Kothagudem", "state_key": "telangana" }, "geometry": { "type": "Polygon", "coordinates": [ [ [ 80.6839, 17.8518 ], [ 80.6731, 17.8297 ], [ 80.6745, 17.8239 ], [ 80.6817, 17.8188 ], [ 80.6696, 17.8031 ], [ 80.6768, 17.797 ], [ 80.6814, 17.7994 ], [ 80.6823, 17.7905 ], [ 80.6951, 17.7779 ], [ 80.6756, 17.753 ], [ 80.6738, 17.7419 ], [ 80.6763, 17.733 ], [ 80.6785, 17.7349 ], [ 80.6775, 17.729 ], [ 80.6835, 17.7288 ], [ 80.6913, 17.7181 ], [ 80.7041, 17.7156 ], [ 80.7087, 17.7074 ], [ 80.7013, 17.7046 ], [ 80.6996, 17.7009 ], [ 80.7039, 17.6976 ], [ 80.7181, 17.7004 ], [ 80.7292, 17.688 ], [ 80.7405, 17.6915 ], [ 80.7483, 17.6895 ], [ 80.7381, 17.6771 ], [ 80.7318, 17.6599 ], [ 80.7323, 17.6476 ], [ 80.7532, 17.6469 ], [ 80.7524, 17.6316 ], [ 80.7576, 17.6213 ], [ 80.7791, 17.6196 ], [ 80.798, 17.605 ], [ 80.8035, 17.6044 ], [ 80.8105, 17.6097 ], [ 80.8344, 17.5977 ], [ 80.8528, 17.5981 ], [ 80.8554, 17.6019 ], [ 80.8673, 17.5993 ], [ 80.8673, 17.5945 ], [ 80.8538, 17.59 ], [ 80.8509, 17.585 ], [ 80.8449, 17.5852 ], [ 80.8467, 17.5784 ], [ 80.8369, 17.5732 ], [ 80.8196, 17.5737 ], [ 80.8045, 17.5893 ], [ 80.7904, 17.5915 ], [ 80.7795, 17.5851 ], [ 80.7822, 17.5747 ], [ 80.7745, 17.5663 ], [ 80.7707, 17.5634 ], [ 80.7558, 17.5635 ], [ 80.7508, 17.5518 ], [ 80.714, 17.555 ], [ 80.7097, 17.5376 ], [ 80.6982, 17.5378 ], [ 80.6879, 17.5169 ], [ 80.682, 17.5146 ], [ 80.6644, 17.5454 ], [ 80.6644, 17.5757 ], [ 80.6686, 17.5859 ], [ 80.664, 17.596 ], [ 80.6568, 17.5993 ], [ 80.6713, 17.632 ], [ 80.6653, 17.6467 ], [ 80.6599, 17.6479 ], [ 80.6598, 17.6603 ], [ 80.6542, 17.66 ], [ 80.6564, 17.6779 ], [ 80.6725, 17.7049 ], [ 80.6588, 17.6962 ], [ 80.6526, 17.6967 ], [ 80.6494, 17.7007 ], [ 80.6438, 17.7301 ], [ 80.6317, 17.7537 ], [ 80.6349, 17.7683 ], [ 80.6252, 17.8074 ], [ 80.6154, 17.8105 ], [ 80.6014, 17.8077 ], [ 80.579, 17.8158 ], [ 80.5825, 17.8364 ], [ 80.5947, 17.8557 ], [ 80.6167, 17.8586 ], [ 80.6231, 17.873 ], [ 80.6652, 17.8901 ], [ 80.6839, 17.8518 ] ] ] } },
{ "type": "Feature", "properties": { "unit_id": "IND.32.4.2_1", "name": "Pinapaka", "district": "Bhadradri Kothagudem", "did": "telangana:Bhadradri Kothagudem", "state_key": "telangana" }, "geometry": { "type": "Polygon", "coordinates": [ [ [ 80.7042, 18.1359 ], [ 80.7145, 18.1266 ], [ 80.7446, 18.0823 ], [ 80.7539, 18.0761 ], [ 80.7646, 18.0532 ], [ 80.7642, 18.0203 ], [ 80.7796, 18.0165 ], [ 80.768, 18.0043 ], [ 80.7566, 18.0066 ], [ 80.7337, 18.0032 ], [ 80.7256, 18.0053 ], [ 80.7166, 18.0018 ], [ 80.7049, 18.0052 ], [ 80.7037, 17.9994 ], [ 80.6793, 18.0025 ], [ 80.6709, 17.9916 ], [ 80.6731, 17.9832 ], [ 80.668, 17.9701 ], [ 80.6705, 17.964 ], [ 80.6613, 17.9544 ], [ 80.661, 17.9484 ], [ 80.6518, 17.952 ], [ 80.638, 17.9762 ], [ 80.6262, 17.9835 ], [ 80.6076, 17.9073 ], [ 80.5646, 17.9027 ], [ 80.5553, 17.964 ], [ 80.5483, 17.9608 ], [ 80.5293, 17.9657 ], [ 80.5129, 17.9606 ], [ 80.5041, 17.9668 ], [ 80.4809, 17.9675 ], [ 80.4691, 17.9886 ], [ 80.4816, 18.0309 ], [ 80.4755, 18.0378 ], [ 80.4711, 18.0333 ], [ 80.4575, 18.0351 ], [ 80.4493, 18.0547 ], [ 80.444, 18.0585 ], [ 80.436, 18.0558 ], [ 80.4316, 18.061 ], [ 80.4361, 18.0605 ], [ 80.4454, 18.067 ], [ 80.4557, 18.0602 ], [ 80.4595, 18.0629 ], [ 80.472, 18.0583 ], [ 80.4823, 18.0598 ], [ 80.4994, 18.0507 ], [ 80.5059, 18.0542 ], [ 80.514, 18.0518 ], [ 80.5272, 18.0647 ], [ 80.5348, 18.0609 ], [ 80.5359, 18.0556 ], [ 80.5437, 18.054 ], [ 80.5489, 18.0585 ], [ 80.5585, 18.0589 ], [ 80.5658, 18.0509 ], [ 80.5739, 18.0547 ], [ 80.5769, 18.0618 ], [ 80.5857, 18.0624 ], [ 80.6003, 18.078 ], [ 80.6156, 18.1047 ], [ 80.6164, 18.1184 ], [ 80.6195, 18.1128 ], [ 80.6351, 18.1094 ], [ 80.6431, 18.1254 ], [ 80.6234, 18.1293 ], [ 80.6323, 18.1424 ], [ 80.6382, 18.1362 ], [ 80.6548, 18.1349 ], [ 80.6571, 18.1437 ], [ 80.647, 18.1565 ], [ 80.6553, 18.1538 ], [ 80.6734, 18.1825 ], [ 80.681, 18.1661 ], [ 80.694, 18.1615 ], [ 80.7042, 18.1359 ] ] ] } },
{ "type": "Feature", "properties": { "unit_id": "IND.32.4.7_1", "name": "Gundala", "district": "Bhadradri Kothagudem", "did": "telangana:Bhadradri Kothagudem", "state_key": "telangana" }, "geometry": { "type": "Polygon", "coordinates": [ [ [ 80.444, 18.0585 ], [ 80.4493, 18.0547 ], [ 80.4575, 18.0351 ], [ 80.4711, 18.0333 ], [ 80.4755, 18.0378 ], [ 80.4816, 18.0309 ], [ 80.4691, 17.9886 ], [ 80.4809, 17.9675 ], [ 80.5041, 17.9668 ], [ 80.5129, 17.9606 ], [ 80.5293, 17.9657 ], [ 80.5483, 17.9608 ], [ 80.5553, 17.964 ], [ 80.5646, 17.9027 ], [ 80.6076, 17.9073 ], [ 80.6262, 17.9835 ], [ 80.638, 17.9762 ], [ 80.6518, 17.952 ], [ 80.6877, 17.94 ], [ 80.6959, 17.928 ], [ 80.6973, 17.9067 ], [ 80.6715, 17.8959 ], [ 80.6667, 17.889 ], [ 80.6622, 17.8906 ], [ 80.6259, 17.8747 ], [ 80.6167, 17.8586 ], [ 80.5947, 17.8557 ], [ 80.5825, 17.8364 ], [ 80.579, 17.8158 ], [ 80.5509, 17.8157 ], [ 80.5329, 17.8015 ], [ 80.5292, 17.7826 ], [ 80.5224, 17.7761 ], [ 80.5226, 17.7665 ], [ 80.4985, 17.7737 ], [ 80.491, 17.7635 ], [ 80.4896, 17.7543 ], [ 80.4812, 17.7594 ], [ 80.4719, 17.7582 ], [ 80.4341, 17.7382 ], [ 80.4212, 17.7356 ], [ 80.4121, 17.7539 ], [ 80.3991, 17.7565 ], [ 80.3935, 17.7631 ], [ 80.373, 17.7682 ], [ 80.3608, 17.7791 ], [ 80.3492, 17.783 ], [ 80.3457, 17.7802 ], [ 80.3303, 17.7894 ], [ 80.3251, 17.7794 ], [ 80.3155, 17.7805 ], [ 80.3104, 17.7734 ], [ 80.2903, 17.7751 ], [ 80.2713, 17.7922 ], [ 80.2719, 17.8014 ], [ 80.2485, 17.8251 ], [ 80.2631, 17.8458 ], [ 80.266, 17.8613 ], [ 80.277, 17.8813 ], [ 80.2778, 17.9069 ], [ 80.27, 17.9154 ], [ 80.2676, 17.9285 ], [ 80.2685, 17.9505 ], [ 80.275, 17.9664 ], [ 80.2943, 17.9645 ], [ 80.3097, 17.9753 ], [ 80.3162, 17.996 ], [ 80.3412, 18.0144 ], [ 80.3465, 18.0366 ], [ 80.3919, 18.0817 ], [ 80.4363, 18.0558 ], [ 80.444, 18.0585 ] ] ] } },
{ "type": "Feature", "properties": { "unit_id": "IND.32.10.5_1", "name": "Kothagudem", "district": "Mahabubabad", "did": "telangana:Mahabubabad", "state_key": "telangana" }, "geometry": { "type": "Polygon", "coordinates": [ [ [ 80.0546, 18.0854 ], [ 80.0794, 18.0705 ], [ 80.1007, 18.0819 ], [ 80.1132, 18.0828 ], [ 80.1449, 18.0949 ], [ 80.1495, 18.0838 ], [ 80.1642, 18.0807 ], [ 80.1858, 18.0625 ], [ 80.2375, 18.0371 ], [ 80.2812, 17.9983 ], [ 80.3046, 18.0 ], [ 80.3162, 17.996 ], [ 80.3097, 17.9753 ], [ 80.2943, 17.9645 ], [ 80.275, 17.9664 ], [ 80.2685, 17.9505 ], [ 80.2677, 17.9259 ], [ 80.27, 17.9154 ], [ 80.2778, 17.9069 ], [ 80.277, 17.8813 ], [ 80.266, 17.8613 ], [ 80.2631, 17.8458 ], [ 80.2478, 17.8244 ], [ 80.2558, 17.7909 ], [ 80.2524, 17.7798 ], [ 80.258, 17.7775 ], [ 80.2592, 17.7495 ], [ 80.2499, 17.7427 ], [ 80.2477, 17.7338 ], [ 80.2412, 17.7345 ], [ 80.2337, 17.7521 ], [ 80.172, 17.7082 ], [ 80.1776, 17.7217 ], [ 80.1679, 17.7252 ], [ 80.1693, 17.7352 ], [ 80.1664, 17.737 ], [ 80.1695, 17.7416 ], [ 80.161, 17.7527 ], [ 80.1639, 17.7599 ], [ 80.152, 17.7596 ], [ 80.1439, 17.7841 ], [ 80.1398, 17.7852 ], [ 80.1334, 17.7764 ], [ 80.1068, 17.7649 ], [ 80.0962, 17.7712 ], [ 80.0702, 17.8064 ], [ 80.0502, 17.8092 ], [ 80.0319, 17.8377 ], [ 80.0211, 17.8443 ], [ 80.0195, 17.8552 ], [ 80.0046, 17.8764 ], [ 80.0076, 17.887 ], [ 80.0202, 17.8961 ], [ 80.0039, 17.8951 ], [ 79.9942, 17.8895 ], [ 79.991, 17.8964 ], [ 79.9887, 17.9048 ], [ 79.9942, 17.917 ], [ 79.9767, 17.9524 ], [ 79.9809, 17.9491 ], [ 79.9857, 17.9537 ], [ 79.9864, 17.9917 ], [ 79.994, 18.0009 ], [ 79.9794, 18.0202 ], [ 79.9849, 18.0538 ], [ 79.9812, 18.0606 ], [ 79.9919, 18.1075 ], [ 80.0181, 18.117 ], [ 80.0362, 18.1154 ], [ 80.0546, 18.0854 ] ] ] } },
{ "type": "Feature", "properties": { "unit_id": "IND.32.4.7_1", "name": "Yellandu", "district": "Bhadradri Kothagudem", "did": "telangana:Bhadradri Kothagudem", "state_key": "telangana" }, "geometry": { "type": "Polygon", "coordinates": [ [ [ 80.3104, 17.7734 ], [ 80.3155, 17.7805 ], [ 80.3251, 17.7794 ], [ 80.3303, 17.7894 ], [ 80.3457, 17.7802 ], [ 80.3492, 17.783 ], [ 80.3608, 17.7791 ], [ 80.373, 17.7682 ], [ 80.3935, 17.7631 ], [ 80.3991, 17.7565 ], [ 80.4121, 17.7539 ], [ 80.4212, 17.7356 ], [ 80.4159, 17.7092 ], [ 80.3905, 17.7066 ], [ 80.3822, 17.6557 ], [ 80.3865, 17.6366 ], [ 80.4039, 17.6208 ], [ 80.4095, 17.6048 ], [ 80.4189, 17.5951 ], [ 80.4204, 17.5779 ], [ 80.4128, 17.561 ], [ 80.4138, 17.5505 ], [ 80.4221, 17.545 ], [ 80.4422, 17.5491 ], [ 80.4442, 17.51 ], [ 80.424, 17.5045 ], [ 80.4074, 17.512 ], [ 80.4007, 17.5279 ], [ 80.3968, 17.5282 ], [ 80.3768, 17.5087 ], [ 80.361, 17.501 ], [ 80.3605, 17.4864 ], [ 80.3465, 17.4852 ], [ 80.3478, 17.5093 ], [ 80.3397, 17.5226 ], [ 80.3436, 17.5351 ], [ 80.356, 17.5312 ], [ 80.3685, 17.5678 ], [ 80.3461, 17.5678 ], [ 80.3397, 17.5631 ], [ 80.324, 17.5609 ], [ 80.3049, 17.5698 ], [ 80.286, 17.5731 ], [ 80.2825, 17.5634 ], [ 80.2923, 17.5558 ], [ 80.2808, 17.5426 ], [ 80.248, 17.5619 ], [ 80.238, 17.5592 ], [ 80.2337, 17.5663 ], [ 80.2302, 17.5524 ], [ 80.2019, 17.5581 ], [ 80.2232, 17.6062 ], [ 80.2098, 17.6137 ], [ 80.2068, 17.6527 ], [ 80.2212, 17.6609 ], [ 80.2303, 17.6604 ], [ 80.2367, 17.6553 ], [ 80.2411, 17.6922 ], [ 80.2477, 17.7041 ], [ 80.2448, 17.722 ], [ 80.2485, 17.7382 ], [ 80.2596, 17.7509 ], [ 80.258, 17.7775 ], [ 80.2524, 17.7798 ], [ 80.2558, 17.7909 ], [ 80.2485, 17.8251 ], [ 80.2719, 17.8014 ], [ 80.2713, 17.7922 ], [ 80.2903, 17.7751 ], [ 80.3104, 17.7734 ] ] ] } },
{ "type": "Feature", "properties": { "unit_id": "IND.32.4.7_1", "name": "Tekulapalle", "district": "Bhadradri Kothagudem", "did": "telangana:Bhadradri Kothagudem", "state_key": "telangana" }, "geometry": { "type": "Polygon", "coordinates": [ [ [ 80.5628, 17.7135 ], [ 80.5568, 17.7094 ], [ 80.5736, 17.6847 ], [ 80.5559, 17.664 ], [ 80.5624, 17.6545 ], [ 80.604, 17.6471 ], [ 80.6072, 17.6434 ], [ 80.5868, 17.6018 ], [ 80.5881, 17.5854 ], [ 80.5786, 17.577 ], [ 80.5819, 17.5697 ], [ 80.5759, 17.565 ], [ 80.5682, 17.5683 ], [ 80.5583, 17.565 ], [ 80.5327, 17.5758 ], [ 80.5319, 17.567 ], [ 80.5272, 17.5713 ], [ 80.5155, 17.5721 ], [ 80.5136, 17.5523 ], [ 80.5273, 17.5525 ], [ 80.5388, 17.5474 ], [ 80.5169, 17.53 ], [ 80.5065, 17.5319 ], [ 80.4991, 17.5199 ], [ 80.4648, 17.5144 ], [ 80.4481, 17.505 ], [ 80.4442, 17.51 ], [ 80.4422, 17.5491 ], [ 80.4221, 17.545 ], [ 80.4138, 17.5505 ], [ 80.4128, 17.561 ], [ 80.4204, 17.5779 ], [ 80.4189, 17.5951 ], [ 80.4095, 17.6048 ], [ 80.4039, 17.6208 ], [ 80.3896, 17.6316 ], [ 80.3837, 17.646 ], [ 80.3822, 17.6582 ], [ 80.3905, 17.7066 ], [ 80.4159, 17.7092 ], [ 80.4212, 17.7356 ], [ 80.4341, 17.7382 ], [ 80.4719, 17.7582 ], [ 80.4812, 17.7594 ], [ 80.4896, 17.7543 ], [ 80.491, 17.7635 ], [ 80.4985, 17.7737 ], [ 80.5226, 17.7665 ], [ 80.5628, 17.7135 ] ] ] } },
{ "type": "Feature", "properties": { "unit_id": "IND.32.4.7_1", "name": "Singareni", "district": "Khammam", "did": "telangana:Khammam", "state_key": "telangana" }, "geometry": { "type": "Polygon", "coordinates": [ [ [ 80.3397, 17.5631 ], [ 80.3461, 17.5678 ], [ 80.3685, 17.5678 ], [ 80.356, 17.5312 ], [ 80.3436, 17.5351 ], [ 80.3397, 17.5226 ], [ 80.3478, 17.5093 ], [ 80.3465, 17.4852 ], [ 80.3605, 17.4864 ], [ 80.361, 17.501 ], [ 80.3768, 17.5087 ], [ 80.3968, 17.5282 ], [ 80.4007, 17.5279 ], [ 80.4058, 17.5135 ], [ 80.4159, 17.5101 ], [ 80.4313, 17.4973 ], [ 80.4016, 17.4606 ], [ 80.4001, 17.447 ], [ 80.3759, 17.4169 ], [ 80.3488, 17.4467 ], [ 80.336, 17.3955 ], [ 80.3382, 17.386 ], [ 80.3285, 17.3764 ], [ 80.3299, 17.3597 ], [ 80.3157, 17.362 ], [ 80.2848, 17.3577 ], [ 80.2623, 17.3584 ], [ 80.2516, 17.3612 ], [ 80.2443, 17.3692 ], [ 80.2132, 17.3695 ], [ 80.1995, 17.3805 ], [ 80.1896, 17.4019 ], [ 80.174, 17.4019 ], [ 80.1618, 17.3906 ], [ 80.1603, 17.4032 ], [ 80.1663, 17.4076 ], [ 80.1625, 17.4205 ], [ 80.1701, 17.4385 ], [ 80.1917, 17.443 ], [ 80.2032, 17.442 ], [ 80.1958, 17.476 ], [ 80.2002, 17.4868 ], [ 80.2041, 17.4745 ], [ 80.2086, 17.4743 ], [ 80.2099, 17.471 ], [ 80.2166, 17.4753 ], [ 80.2277, 17.5045 ], [ 80.2283, 17.5306 ], [ 80.2049, 17.5456 ], [ 80.2019, 17.5581 ], [ 80.2302, 17.5524 ], [ 80.2337, 17.5663 ], [ 80.238, 17.5592 ], [ 80.248, 17.5619 ], [ 80.2808, 17.5426 ], [ 80.2923, 17.5558 ], [ 80.2825, 17.5634 ], [ 80.286, 17.5731 ], [ 80.3254, 17.561 ], [ 80.3397, 17.5631 ] ] ] } },
{ "type": "Feature", "properties": { "unit_id": "IND.32.4.7_1", "name": "Bayyaram", "district": "Mahabubabad", "did": "telangana:Mahabubabad", "state_key": "telangana" }, "geometry": { "type": "Polygon", "coordinates": [ [ [ 80.2411, 17.6922 ], [ 80.2367, 17.6553 ], [ 80.2303, 17.6604 ], [ 80.2212, 17.6609 ], [ 80.2068, 17.6527 ], [ 80.2098, 17.6137 ], [ 80.2232, 17.6062 ], [ 80.2019, 17.5581 ], [ 80.1989, 17.5585 ], [ 80.1903, 17.5449 ], [ 80.1725, 17.5403 ], [ 80.1647, 17.5414 ], [ 80.1543, 17.5367 ], [ 80.1436, 17.5246 ], [ 80.135, 17.5253 ], [ 80.1208, 17.5204 ], [ 80.1141, 17.5304 ], [ 80.1099, 17.5302 ], [ 80.1065, 17.5396 ], [ 80.1009, 17.5413 ], [ 80.1024, 17.5462 ], [ 80.097, 17.5384 ], [ 80.0945, 17.5459 ], [ 80.0847, 17.5504 ], [ 80.0881, 17.5735 ], [ 80.08, 17.585 ], [ 80.0664, 17.5856 ], [ 80.055, 17.5913 ], [ 80.0754, 17.6501 ], [ 80.084, 17.6515 ], [ 80.0909, 17.6576 ], [ 80.0819, 17.6741 ], [ 80.0448, 17.6945 ], [ 80.0469, 17.708 ], [ 80.065, 17.7069 ], [ 80.1147, 17.7224 ], [ 80.1328, 17.7295 ], [ 80.1417, 17.7451 ], [ 80.1576, 17.749 ], [ 80.1695, 17.7416 ], [ 80.1664, 17.737 ], [ 80.1685, 17.724 ], [ 80.1776, 17.7219 ], [ 80.172, 17.7082 ], [ 80.2337, 17.7521 ], [ 80.2412, 17.7345 ], [ 80.2477, 17.7338 ], [ 80.2448, 17.722 ], [ 80.2472, 17.7094 ], [ 80.2411, 17.6922 ] ] ] } },
{ "type": "Feature", "properties": { "unit_id": "IND.32.4.7_1", "name": "Garla", "district": "Mahabubabad", "did": "telangana:Mahabubabad", "state_key": "telangana" }, "geometry": { "type": "Polygon", "coordinates": [ [ [ 80.2283, 17.5306 ], [ 80.2288, 17.5225 ], [ 80.2277, 17.5045 ], [ 80.2177, 17.4767 ], [ 80.2099, 17.471 ], [ 80.2026, 17.4765 ], [ 80.2002, 17.4868 ], [ 80.1958, 17.476 ], [ 80.2032, 17.442 ], [ 80.1917, 17.443 ], [ 80.1683, 17.4385 ], [ 80.1672, 17.4549 ], [ 80.1289, 17.4454 ], [ 80.1298, 17.4799 ], [ 80.0955, 17.4975 ], [ 80.0964, 17.5029 ], [ 80.0854, 17.5257 ], [ 80.0914, 17.5261 ], [ 80.0997, 17.5457 ], [ 80.1208, 17.5204 ], [ 80.135, 17.5253 ], [ 80.1436, 17.5246 ], [ 80.1543, 17.5367 ], [ 80.1647, 17.5414 ], [ 80.1725, 17.5403 ], [ 80.1903, 17.5449 ], [ 80.1989, 17.5585 ], [ 80.206, 17.5448 ], [ 80.2283, 17.5306 ] ] ] } },
{ "type": "Feature", "properties": { "unit_id": "IND.32.10.4_1", "name": "Dornakal", "district": "Mahabubabad", "did": "telangana:Mahabubabad", "state_key": "telangana" }, "geometry": { "type": "Polygon", "coordinates": [ [ [ 80.1672, 17.4549 ], [ 80.1702, 17.4376 ], [ 80.1625, 17.4205 ], [ 80.1663, 17.4076 ], [ 80.1603, 17.4032 ], [ 80.1607, 17.3768 ], [ 80.1437, 17.3939 ], [ 80.1299, 17.3882 ], [ 80.1283, 17.3795 ], [ 80.1204, 17.3827 ], [ 80.1164, 17.3701 ], [ 80.1127, 17.3735 ], [ 80.1084, 17.3587 ], [ 80.1004, 17.358 ], [ 80.0858, 17.3671 ], [ 80.0766, 17.3643 ], [ 80.074, 17.351 ], [ 80.0686, 17.3531 ], [ 80.0573, 17.3465 ], [ 80.0335, 17.355 ], [ 80.0333, 17.3812 ], [ 80.0515, 17.407 ], [ 80.0425, 17.4266 ], [ 80.0511, 17.4414 ], [ 80.057, 17.44 ], [ 80.0563, 17.4624 ], [ 80.1015, 17.4588 ], [ 80.0918, 17.467 ], [ 80.0911, 17.4722 ], [ 80.0939, 17.4847 ], [ 80.1038, 17.4949 ], [ 80.1298, 17.4799 ], [ 80.1289, 17.4454 ], [ 80.1672, 17.4549 ] ] ] } },
{ "type": "Feature", "properties": { "unit_id": "IND.32.4.3_1", "name": "Khammam Urban", "district": "Khammam", "did": "telangana:Khammam", "state_key": "telangana" }, "geometry": { "type": "Polygon", "coordinates": [ [ [ 80.1782, 17.2248 ], [ 80.1593, 17.2323 ], [ 80.1417, 17.2296 ], [ 80.1332, 17.2209 ], [ 80.1237, 17.227 ], [ 80.1219, 17.2341 ], [ 80.1323, 17.2737 ], [ 80.1549, 17.27 ], [ 80.1567, 17.2591 ], [ 80.1756, 17.2509 ], [ 80.1803, 17.2333 ], [ 80.1782, 17.2248 ] ] ] } },
{ "type": "Feature", "properties": { "unit_id": "IND.32.4.3_1", "name": "Khammam Rural", "district": "Khammam", "did": "telangana:Khammam", "state_key": "telangana" }, "geometry": { "type": "Polygon", "coordinates": [ [ [ 80.1729, 17.3404 ], [ 80.1711, 17.3267 ], [ 80.1622, 17.318 ], [ 80.1587, 17.3069 ], [ 80.1659, 17.2934 ], [ 80.1761, 17.2872 ], [ 80.1783, 17.2796 ], [ 80.1623, 17.2704 ], [ 80.1323, 17.2737 ], [ 80.1224, 17.2295 ], [ 80.1345, 17.22 ], [ 80.1607, 17.1847 ], [ 80.1368, 17.1747 ], [ 80.1284, 17.1814 ], [ 80.1157, 17.1846 ], [ 80.1128, 17.1899 ], [ 80.106, 17.1922 ], [ 80.1032, 17.1996 ], [ 80.0733, 17.2053 ], [ 80.0385, 17.2176 ], [ 80.0321, 17.2254 ], [ 80.0337, 17.2474 ], [ 80.0191, 17.2555 ], [ 80.0193, 17.2673 ], [ 80.038, 17.2703 ], [ 80.0446, 17.2684 ], [ 80.049, 17.2745 ], [ 80.054, 17.291 ], [ 80.0475, 17.3124 ], [ 80.0484, 17.3391 ], [ 80.0523, 17.3466 ], [ 80.0686, 17.3531 ], [ 80.074, 17.351 ], [ 80.0766, 17.3643 ], [ 80.0858, 17.3671 ], [ 80.1004, 17.358 ], [ 80.1084, 17.3587 ], [ 80.1127, 17.3735 ], [ 80.1164, 17.3701 ], [ 80.1204, 17.3827 ], [ 80.1283, 17.3795 ], [ 80.1299, 17.3882 ], [ 80.1402, 17.3929 ], [ 80.1447, 17.3932 ], [ 80.1641, 17.3729 ], [ 80.1729, 17.3404 ] ] ] } },
{ "type": "Feature", "properties": { "unit_id": "IND.32.4.3_1", "name": "Khammam Urban", "district": "Khammam", "did": "telangana:Khammam", "state_key": "telangana" }, "geometry": { "type": "Polygon", "coordinates": [ [ [ 80.1995, 17.3805 ], [ 80.2132, 17.3695 ], [ 80.2443, 17.3692 ], [ 80.2516, 17.3612 ], [ 80.2623, 17.3584 ], [ 80.3215, 17.362 ], [ 80.3446, 17.3543 ], [ 80.3388, 17.3452 ], [ 80.3371, 17.3284 ], [ 80.3259, 17.3171 ], [ 80.3101, 17.311 ], [ 80.2947, 17.292 ], [ 80.2755, 17.3004 ], [ 80.2694, 17.2995 ], [ 80.2408, 17.2731 ], [ 80.2396, 17.2387 ], [ 80.2335, 17.2224 ], [ 80.2314, 17.2371 ], [ 80.2163, 17.2373 ], [ 80.2169, 17.2293 ], [ 80.2106, 17.2183 ], [ 80.1899, 17.1974 ], [ 80.161, 17.1797 ], [ 80.1603, 17.1879 ], [ 80.1332, 17.2209 ], [ 80.1417, 17.2296 ], [ 80.1564, 17.2324 ], [ 80.1782, 17.2248 ], [ 80.1803, 17.2333 ], [ 80.1756, 17.2509 ], [ 80.1567, 17.2591 ], [ 80.1548, 17.2682 ], [ 80.1668, 17.2711 ], [ 80.1783, 17.2796 ], [ 80.1761, 17.2872 ], [ 80.1659, 17.2934 ], [ 80.1587, 17.3069 ], [ 80.1622, 17.318 ], [ 80.1711, 17.3267 ], [ 80.1729, 17.3404 ], [ 80.1607, 17.3768 ], [ 80.1618, 17.3906 ], [ 80.174, 17.4019 ], [ 80.1896, 17.4019 ], [ 80.1995, 17.3805 ] ] ] } },
{ "type": "Feature", "properties": { "unit_id": "IND.32.4.3_1", "name": "Konijerla", "district": "Khammam", "did": "telangana:Khammam", "state_key": "telangana" }, "geometry": { "type": "Polygon", "coordinates": [ [ [ 80.3664, 17.3407 ], [ 80.3661, 17.3285 ], [ 80.3737, 17.318 ], [ 80.3744, 17.309 ], [ 80.3779, 17.3092 ], [ 80.3823, 17.3014 ], [ 80.3903, 17.3017 ], [ 80.3879, 17.283 ], [ 80.3773, 17.2725 ], [ 80.3824, 17.252 ], [ 80.3763, 17.2516 ], [ 80.3797, 17.2385 ], [ 80.3731, 17.2361 ], [ 80.3764, 17.2328 ], [ 80.3743, 17.2179 ], [ 80.3655, 17.2225 ], [ 80.3721, 17.2108 ], [ 80.3501, 17.224 ], [ 80.3483, 17.2169 ], [ 80.3534, 17.2165 ], [ 80.3546, 17.211 ], [ 80.3471, 17.1997 ], [ 80.3442, 17.2002 ], [ 80.3396, 17.1669 ], [ 80.3305, 17.1518 ], [ 80.3312, 17.1319 ], [ 80.3245, 17.1251 ], [ 80.313, 17.128 ], [ 80.306, 17.116 ], [ 80.3065, 17.1094 ], [ 80.2999, 17.1065 ], [ 80.2896, 17.1371 ], [ 80.2613, 17.1434 ], [ 80.2485, 17.1495 ], [ 80.2312, 17.181 ], [ 80.2268, 17.1965 ], [ 80.2335, 17.2051 ], [ 80.2317, 17.2212 ], [ 80.2396, 17.2387 ], [ 80.24, 17.2703 ], [ 80.2694, 17.2995 ], [ 80.2755, 17.3004 ], [ 80.2947, 17.292 ], [ 80.3101, 17.311 ], [ 80.3259, 17.3171 ], [ 80.3371, 17.3284 ], [ 80.3388, 17.3452 ], [ 80.3446, 17.3543 ], [ 80.3622, 17.3408 ], [ 80.3664, 17.3407 ] ] ] } },
{ "type": "Feature", "properties": { "unit_id": "IND.32.4.7_1", "name": "Yenkur", "district": "Khammam", "did": "telangana:Khammam", "state_key": "telangana" }, "geometry": { "type": "Polygon", "coordinates": [ [ [ 80.4062, 17.4211 ], [ 80.4297, 17.4111 ], [ 80.4464, 17.4107 ], [ 80.4502, 17.4016 ], [ 80.4648, 17.3956 ], [ 80.477, 17.3848 ], [ 80.4686, 17.3806 ], [ 80.4659, 17.3703 ], [ 80.4859, 17.3747 ], [ 80.5012, 17.3666 ], [ 80.4986, 17.3419 ], [ 80.5074, 17.3259 ], [ 80.4985, 17.3155 ], [ 80.4897, 17.3165 ], [ 80.483, 17.313 ], [ 80.4715, 17.315 ], [ 80.4722, 17.3066 ], [ 80.4672, 17.3031 ], [ 80.4689, 17.295 ], [ 80.4637, 17.2954 ], [ 80.4637, 17.3019 ], [ 80.4591, 17.2979 ], [ 80.4431, 17.3074 ], [ 80.4362, 17.3009 ], [ 80.4422, 17.2927 ], [ 80.4408, 17.2853 ], [ 80.4107, 17.2816 ], [ 80.3905, 17.2528 ], [ 80.3896, 17.2565 ], [ 80.3814, 17.2554 ], [ 80.3773, 17.2725 ], [ 80.3879, 17.283 ], [ 80.3903, 17.3017 ], [ 80.3823, 17.3014 ], [ 80.3779, 17.3092 ], [ 80.3744, 17.309 ], [ 80.3737, 17.318 ], [ 80.3661, 17.3285 ], [ 80.3664, 17.3407 ], [ 80.3622, 17.3408 ], [ 80.3484, 17.3549 ], [ 80.3465, 17.353 ], [ 80.3285, 17.3623 ], [ 80.3285, 17.3764 ], [ 80.3382, 17.386 ], [ 80.336, 17.3955 ], [ 80.3488, 17.4467 ], [ 80.367, 17.4236 ], [ 80.3838, 17.4148 ], [ 80.4062, 17.4211 ] ] ] } },
{ "type": "Feature", "properties": { "unit_id": "IND.32.4.5_1", "name": "Tallada", "district": "Khammam", "did": "telangana:Khammam", "state_key": "telangana" }, "geometry": { "type": "Polygon", "coordinates": [ [ [ 80.4637, 17.3019 ], [ 80.4637, 17.2954 ], [ 80.4716, 17.2916 ], [ 80.4787, 17.2648 ], [ 80.4894, 17.2582 ], [ 80.4918, 17.2482 ], [ 80.5012, 17.2409 ], [ 80.5002, 17.2327 ], [ 80.5169, 17.2139 ], [ 80.5177, 17.2068 ], [ 80.5097, 17.194 ], [ 80.4976, 17.1905 ], [ 80.4967, 17.18 ], [ 80.4823, 17.1695 ], [ 80.472, 17.151 ], [ 80.4745, 17.1433 ], [ 80.469, 17.1281 ], [ 80.4797, 17.1159 ], [ 80.4747, 17.1118 ], [ 80.4639, 17.1151 ], [ 80.4491, 17.1028 ], [ 80.4477, 17.0946 ], [ 80.4216, 17.0881 ], [ 80.419, 17.0923 ], [ 80.4142, 17.0923 ], [ 80.4185, 17.1073 ], [ 80.4161, 17.1205 ], [ 80.4202, 17.1253 ], [ 80.4187, 17.131 ], [ 80.4297, 17.146 ], [ 80.413, 17.1636 ], [ 80.3821, 17.1751 ], [ 80.3802, 17.1929 ], [ 80.3876, 17.1951 ], [ 80.3888, 17.2081 ], [ 80.3981, 17.2082 ], [ 80.3961, 17.2115 ], [ 80.4007, 17.2162 ], [ 80.3901, 17.2179 ], [ 80.4034, 17.2287 ], [ 80.3996, 17.2332 ], [ 80.3963, 17.2272 ], [ 80.3849, 17.2246 ], [ 80.3867, 17.2346 ], [ 80.3973, 17.2488 ], [ 80.3935, 17.2579 ], [ 80.4095, 17.2806 ], [ 80.4408, 17.2853 ], [ 80.4422, 17.2927 ], [ 80.4362, 17.3009 ], [ 80.4441, 17.3079 ], [ 80.4583, 17.2982 ], [ 80.4637, 17.3019 ] ] ] } },
{ "type": "Feature", "properties": { "unit_id": "IND.32.4.5_1", "name": "Penuballi", "district": "Khammam", "did": "telangana:Khammam", "state_key": "telangana" }, "geometry": { "type": "Polygon", "coordinates": [ [ [ 80.7695, 17.2408 ], [ 80.7702, 17.2276 ], [ 80.7608, 17.2072 ], [ 80.7648, 17.2023 ], [ 80.7646, 17.1759 ], [ 80.7515, 17.1796 ], [ 80.7243, 17.1792 ], [ 80.7244, 17.1736 ], [ 80.7198, 17.1699 ], [ 80.7215, 17.1515 ], [ 80.692, 17.1327 ], [ 80.6781, 17.1335 ], [ 80.6688, 17.1265 ], [ 80.6676, 17.1225 ], [ 80.6797, 17.1192 ], [ 80.6846, 17.1086 ], [ 80.6811, 17.0982 ], [ 80.6713, 17.0973 ], [ 80.6656, 17.1051 ], [ 80.642, 17.1159 ], [ 80.6455, 17.1235 ], [ 80.6363, 17.1285 ], [ 80.6191, 17.1282 ], [ 80.6064, 17.1352 ], [ 80.613, 17.1391 ], [ 80.6156, 17.1495 ], [ 80.625, 17.1568 ], [ 80.6327, 17.1817 ], [ 80.6308, 17.1887 ], [ 80.5903, 17.2188 ], [ 80.5897, 17.246 ], [ 80.6008, 17.2617 ], [ 80.605, 17.2567 ], [ 80.6175, 17.256 ], [ 80.6229, 17.2518 ], [ 80.6323, 17.2596 ], [ 80.6328, 17.2497 ], [ 80.6495, 17.2501 ], [ 80.6561, 17.2707 ], [ 80.6499, 17.286 ], [ 80.6583, 17.2868 ], [ 80.6606, 17.2971 ], [ 80.6773, 17.2964 ], [ 80.6955, 17.2886 ], [ 80.7088, 17.2999 ], [ 80.7257, 17.3054 ], [ 80.7485, 17.2913 ], [ 80.75, 17.3007 ], [ 80.761, 17.3139 ], [ 80.7754, 17.3082 ], [ 80.7616, 17.251 ], [ 80.7695, 17.2408 ] ] ] } },
{ "type": "Feature", "properties": { "unit_id": "IND.32.4.4_1", "name": "Chandrugonda", "district": "Bhadradri Kothagudem", "did": "telangana:Bhadradri Kothagudem", "state_key": "telangana" }, "geometry": { "type": "Polygon", "coordinates": [ [ [ 80.6189, 17.4527 ], [ 80.6181, 17.4217 ], [ 80.6339, 17.4199 ], [ 80.6362, 17.4262 ], [ 80.6469, 17.4322 ], [ 80.656, 17.4297 ], [ 80.6598, 17.4221 ], [ 80.669, 17.4178 ], [ 80.6692, 17.4092 ], [ 80.6744, 17.4092 ], [ 80.6936, 17.3981 ], [ 80.69, 17.3926 ], [ 80.6982, 17.3884 ], [ 80.7099, 17.3903 ], [ 80.7158, 17.3804 ], [ 80.7326, 17.3761 ], [ 80.7393, 17.378 ], [ 80.744, 17.3867 ], [ 80.7484, 17.4217 ], [ 80.7764, 17.394 ], [ 80.7939, 17.3989 ], [ 80.8127, 17.4095 ], [ 80.8138, 17.4217 ], [ 80.8208, 17.4217 ], [ 80.8477, 17.3761 ], [ 80.8568, 17.3752 ], [ 80.8599, 17.3647 ], [ 80.8451, 17.3673 ], [ 80.8317, 17.3631 ], [ 80.8193, 17.3513 ], [ 80.8128, 17.3371 ], [ 80.7787, 17.3373 ], [ 80.7754, 17.3082 ], [ 80.761, 17.3139 ], [ 80.75, 17.3007 ], [ 80.7485, 17.2913 ], [ 80.7257, 17.3054 ], [ 80.7088, 17.2999 ], [ 80.6967, 17.289 ], [ 80.6912, 17.2893 ], [ 80.6824, 17.299 ], [ 80.6819, 17.3069 ], [ 80.6875, 17.3109 ], [ 80.6797, 17.3378 ], [ 80.6599, 17.3397 ], [ 80.6603, 17.3433 ], [ 80.6458, 17.3463 ], [ 80.6461, 17.3602 ], [ 80.6344, 17.3628 ], [ 80.6305, 17.3584 ], [ 80.6329, 17.3461 ], [ 80.6285, 17.3387 ], [ 80.6254, 17.3368 ], [ 80.6149, 17.3429 ], [ 80.6173, 17.3488 ], [ 80.6094, 17.3563 ], [ 80.6195, 17.3714 ], [ 80.6048, 17.3832 ], [ 80.5922, 17.3822 ], [ 80.5821, 17.357 ], [ 80.5694, 17.3538 ], [ 80.5563, 17.3411 ], [ 80.5553, 17.368 ], [ 80.5672, 17.388 ], [ 80.5664, 17.4173 ], [ 80.5926, 17.4245 ], [ 80.585, 17.4336 ], [ 80.5888, 17.452 ], [ 80.5975, 17.4549 ], [ 80.6189, 17.4527 ] ] ] } },
{ "type": "Feature", "properties": { "unit_id": "IND.32.4.4_1", "name": "Julurupadu", "district": "Khammam", "did": "telangana:Khammam", "state_key": "telangana" }, "geometry": { "type": "Polygon", "coordinates": [ [ [ 80.531, 17.4783 ], [ 80.553, 17.4726 ], [ 80.5609, 17.4577 ], [ 80.5728, 17.4591 ], [ 80.5726, 17.4482 ], [ 80.5775, 17.444 ], [ 80.5878, 17.4428 ], [ 80.5851, 17.4321 ], [ 80.5926, 17.4245 ], [ 80.5664, 17.4173 ], [ 80.5672, 17.388 ], [ 80.5553, 17.368 ], [ 80.5563, 17.3411 ], [ 80.5694, 17.3538 ], [ 80.5821, 17.357 ], [ 80.5922, 17.3822 ], [ 80.5961, 17.3837 ], [ 80.6072, 17.3823 ], [ 80.6192, 17.3721 ], [ 80.6189, 17.3661 ], [ 80.6095, 17.3556 ], [ 80.6173, 17.3488 ], [ 80.6146, 17.3432 ], [ 80.6245, 17.3372 ], [ 80.6326, 17.3452 ], [ 80.6305, 17.3584 ], [ 80.6344, 17.3628 ], [ 80.6461, 17.3602 ], [ 80.6458, 17.3463 ], [ 80.6603, 17.3433 ], [ 80.6599, 17.3397 ], [ 80.6772, 17.3393 ], [ 80.6815, 17.3356 ], [ 80.6875, 17.3109 ], [ 80.6819, 17.3069 ], [ 80.685, 17.2932 ], [ 80.6695, 17.2978 ], [ 80.6606, 17.2971 ], [ 80.6583, 17.2868 ], [ 80.65, 17.2863 ], [ 80.6561, 17.2707 ], [ 80.6495, 17.2501 ], [ 80.6328, 17.2497 ], [ 80.6323, 17.2596 ], [ 80.624, 17.2518 ], [ 80.6175, 17.256 ], [ 80.605, 17.2567 ], [ 80.6007, 17.2621 ], [ 80.5965, 17.2882 ], [ 80.5773, 17.287 ], [ 80.5721, 17.265 ], [ 80.5611, 17.2729 ], [ 80.547, 17.2753 ], [ 80.5151, 17.2592 ], [ 80.4993, 17.2669 ], [ 80.4894, 17.2581 ], [ 80.4787, 17.2648 ], [ 80.4672, 17.3031 ], [ 80.4722, 17.3066 ], [ 80.4715, 17.315 ], [ 80.483, 17.313 ], [ 80.4897, 17.3165 ], [ 80.4985, 17.3155 ], [ 80.5065, 17.3219 ], [ 80.4986, 17.3419 ], [ 80.5012, 17.3666 ], [ 80.4859, 17.3747 ], [ 80.4659, 17.3703 ], [ 80.4686, 17.3806 ], [ 80.477, 17.3848 ], [ 80.4648, 17.3956 ], [ 80.4502, 17.4016 ], [ 80.4464, 17.4107 ], [ 80.434, 17.4134 ], [ 80.4517, 17.449 ], [ 80.4696, 17.457 ], [ 80.476, 17.4557 ], [ 80.4964, 17.4751 ], [ 80.5059, 17.4786 ], [ 80.5136, 17.4717 ], [ 80.531, 17.4783 ] ] ] } },
{ "type": "Feature", "properties": { "unit_id": "IND.32.4.4_1", "name": "Kothagudem", "district": "Bhadradri Kothagudem", "did": "telangana:Bhadradri Kothagudem", "state_key": "telangana" }, "geometry": { "type": "Polygon", "coordinates": [ [ [ 80.6213, 17.8098 ], [ 80.6274, 17.8041 ], [ 80.6349, 17.7683 ], [ 80.6317, 17.7537 ], [ 80.6438, 17.7301 ], [ 80.6442, 17.7149 ], [ 80.6503, 17.6989 ], [ 80.6588, 17.6962 ], [ 80.6725, 17.7049 ], [ 80.6564, 17.6779 ], [ 80.6542, 17.66 ], [ 80.6598, 17.6603 ], [ 80.6599, 17.6479 ], [ 80.6653, 17.6467 ], [ 80.6713, 17.632 ], [ 80.6568, 17.5993 ], [ 80.664, 17.596 ], [ 80.6681, 17.5885 ], [ 80.6644, 17.5757 ], [ 80.6644, 17.5454 ], [ 80.6859, 17.501 ], [ 80.6906, 17.4692 ], [ 80.6876, 17.458 ], [ 80.6944, 17.4607 ], [ 80.6971, 17.4553 ], [ 80.6913, 17.4395 ], [ 80.6936, 17.3981 ], [ 80.6744, 17.4092 ], [ 80.6692, 17.4092 ], [ 80.669, 17.4178 ], [ 80.6598, 17.4221 ], [ 80.656, 17.4297 ], [ 80.6469, 17.4322 ], [ 80.6362, 17.4262 ], [ 80.6339, 17.4199 ], [ 80.6181, 17.4217 ], [ 80.6173, 17.454 ], [ 80.5984, 17.4528 ], [ 80.5964, 17.4553 ], [ 80.5888, 17.452 ], [ 80.587, 17.4449 ], [ 80.5775, 17.444 ], [ 80.5711, 17.4499 ], [ 80.5728, 17.4591 ], [ 80.5616, 17.4572 ], [ 80.553, 17.4726 ], [ 80.5323, 17.4783 ], [ 80.517, 17.4716 ], [ 80.5059, 17.4786 ], [ 80.4915, 17.4726 ], [ 80.476, 17.4557 ], [ 80.4696, 17.457 ], [ 80.4517, 17.449 ], [ 80.4341, 17.4126 ], [ 80.4297, 17.4111 ], [ 80.4062, 17.4211 ], [ 80.3851, 17.4147 ], [ 80.3759, 17.4169 ], [ 80.4001, 17.447 ], [ 80.4016, 17.4606 ], [ 80.4311, 17.4956 ], [ 80.4236, 17.501 ], [ 80.424, 17.5045 ], [ 80.4442, 17.51 ], [ 80.4481, 17.505 ], [ 80.4648, 17.5144 ], [ 80.4925, 17.5178 ], [ 80.5001, 17.5206 ], [ 80.5065, 17.5319 ], [ 80.5169, 17.53 ], [ 80.5228, 17.5341 ], [ 80.5388, 17.5474 ], [ 80.5273, 17.5525 ], [ 80.5136, 17.5523 ], [ 80.5155, 17.5721 ], [ 80.5272, 17.5713 ], [ 80.5319, 17.567 ], [ 80.5327, 17.5758 ], [ 80.5583, 17.565 ], [ 80.5682, 17.5683 ], [ 80.5759, 17.565 ], [ 80.5819, 17.5698 ], [ 80.5786, 17.577 ], [ 80.5881, 17.5854 ], [ 80.5868, 17.6018 ], [ 80.6072, 17.6434 ], [ 80.604, 17.6471 ], [ 80.5624, 17.6545 ], [ 80.5564, 17.6633 ], [ 80.5736, 17.6847 ], [ 80.5568, 17.7094 ], [ 80.5628, 17.7135 ], [ 80.5226, 17.7665 ], [ 80.5224, 17.7761 ], [ 80.5292, 17.7826 ], [ 80.5329, 17.8015 ], [ 80.5509, 17.8157 ], [ 80.585, 17.8151 ], [ 80.5997, 17.8081 ], [ 80.6213, 17.8098 ] ] ] } },
{ "type": "Feature", "properties": { "unit_id": "IND.32.4.4_1", "name": "Mulakalapalli", "district": "Bhadradri Kothagudem", "did": "telangana:Bhadradri Kothagudem", "state_key": "telangana" }, "geometry": { "type": "Polygon", "coordinates": [ [ [ 80.9676, 17.5841 ], [ 80.9719, 17.5632 ], [ 80.9656, 17.5553 ], [ 80.954, 17.506 ], [ 80.9483, 17.4975 ], [ 80.9458, 17.46 ], [ 80.9475, 17.4382 ], [ 80.9538, 17.4258 ], [ 80.9517, 17.4165 ], [ 80.9355, 17.415 ], [ 80.9188, 17.4187 ], [ 80.901, 17.3919 ], [ 80.8742, 17.371 ], [ 80.8599, 17.3647 ], [ 80.8568, 17.3752 ], [ 80.8477, 17.3761 ], [ 80.8208, 17.4217 ], [ 80.8138, 17.4217 ], [ 80.8127, 17.4095 ], [ 80.7939, 17.3989 ], [ 80.7764, 17.394 ], [ 80.7484, 17.4217 ], [ 80.744, 17.3867 ], [ 80.7393, 17.378 ], [ 80.7341, 17.3759 ], [ 80.7158, 17.3804 ], [ 80.7099, 17.3903 ], [ 80.6982, 17.3884 ], [ 80.69, 17.3926 ], [ 80.6936, 17.3981 ], [ 80.6913, 17.4395 ], [ 80.6971, 17.4553 ], [ 80.6944, 17.4607 ], [ 80.6876, 17.458 ], [ 80.6906, 17.4692 ], [ 80.6869, 17.4969 ], [ 80.6795, 17.515 ], [ 80.6879, 17.5169 ], [ 80.6982, 17.5378 ], [ 80.7097, 17.5376 ], [ 80.714, 17.555 ], [ 80.7508, 17.5518 ], [ 80.7558, 17.5635 ], [ 80.7707, 17.5634 ], [ 80.7745, 17.5663 ], [ 80.7822, 17.5747 ], [ 80.7795, 17.5851 ], [ 80.7904, 17.5915 ], [ 80.8045, 17.5893 ], [ 80.8196, 17.5737 ], [ 80.8369, 17.5732 ], [ 80.8467, 17.5784 ], [ 80.8449, 17.5852 ], [ 80.8509, 17.585 ], [ 80.8538, 17.59 ], [ 80.8673, 17.5945 ], [ 80.8671, 17.5994 ], [ 80.8822, 17.5963 ], [ 80.8948, 17.6008 ], [ 80.9694, 17.5981 ], [ 80.9676, 17.5841 ] ] ] } },
{ "type": "Feature", "properties": { "unit_id": "IND.32.4.5_1", "name": "Sattupalli", "district": "Khammam", "did": "telangana:Khammam", "state_key": "telangana" }, "geometry": { "type": "Polygon", "coordinates": [ [ [ 80.8599, 17.3647 ], [ 80.8722, 17.3218 ], [ 80.8689, 17.2832 ], [ 80.8762, 17.2647 ], [ 80.8698, 17.2571 ], [ 80.8653, 17.2358 ], [ 80.8996, 17.2229 ], [ 80.9188, 17.22 ], [ 80.9184, 17.1897 ], [ 80.9264, 17.1835 ], [ 80.924, 17.1578 ], [ 80.9166, 17.1537 ], [ 80.8794, 17.1608 ], [ 80.8783, 17.1351 ], [ 80.868, 17.1247 ], [ 80.8703, 17.1178 ], [ 80.835, 17.1301 ], [ 80.8389, 17.1359 ], [ 80.8373, 17.147 ], [ 80.7797, 17.1671 ], [ 80.7636, 17.1785 ], [ 80.7648, 17.2023 ], [ 80.7608, 17.2072 ], [ 80.7702, 17.2276 ], [ 80.7695, 17.2408 ], [ 80.7616, 17.251 ], [ 80.7664, 17.2816 ], [ 80.7773, 17.3151 ], [ 80.778, 17.3359 ], [ 80.8128, 17.3371 ], [ 80.8266, 17.3596 ], [ 80.8451, 17.3673 ], [ 80.8599, 17.3647 ] ] ] } },
{ "type": "Feature", "properties": { "unit_id": "IND.32.4.5_1", "name": "Vemsuru", "district": "Khammam", "did": "telangana:Khammam", "state_key": "telangana" }, "geometry": { "type": "Polygon", "coordinates": [ [ [ 80.7515, 17.1796 ], [ 80.7646, 17.1759 ], [ 80.7797, 17.1671 ], [ 80.8373, 17.147 ], [ 80.8389, 17.1359 ], [ 80.835, 17.1301 ], [ 80.8703, 17.1178 ], [ 80.8735, 17.1141 ], [ 80.8752, 17.0955 ], [ 80.8675, 17.0813 ], [ 80.8772, 17.0704 ], [ 80.8715, 17.0698 ], [ 80.8558, 17.0465 ], [ 80.8453, 17.04 ], [ 80.8408, 17.0467 ], [ 80.8288, 17.0528 ], [ 80.8104, 17.0553 ], [ 80.7905, 17.0635 ], [ 80.765, 17.0666 ], [ 80.7389, 17.0796 ], [ 80.7054, 17.0808 ], [ 80.6994, 17.0838 ], [ 80.695, 17.0741 ], [ 80.6797, 17.072 ], [ 80.6735, 17.0666 ], [ 80.6711, 17.07 ], [ 80.6567, 17.0679 ], [ 80.6499, 17.0714 ], [ 80.6586, 17.0913 ], [ 80.6694, 17.0981 ], [ 80.6792, 17.0969 ], [ 80.6841, 17.1017 ], [ 80.6801, 17.1187 ], [ 80.6676, 17.1225 ], [ 80.6703, 17.1284 ], [ 80.6781, 17.1335 ], [ 80.6918, 17.1326 ], [ 80.7207, 17.1509 ], [ 80.7198, 17.1699 ], [ 80.7244, 17.1736 ], [ 80.7243, 17.1792 ], [ 80.7272, 17.1812 ], [ 80.7398, 17.1781 ], [ 80.7515, 17.1796 ] ] ] } },
{ "type": "Feature", "properties": { "unit_id": "IND.32.4.5_1", "name": "Kalluru", "district": "Khammam", "did": "telangana:Khammam", "state_key": "telangana" }, "geometry": { "type": "Polygon", "coordinates": [ [ [ 80.589, 17.2439 ], [ 80.5895, 17.2205 ], [ 80.6308, 17.1887 ], [ 80.6327, 17.1817 ], [ 80.625, 17.1568 ], [ 80.6156, 17.1495 ], [ 80.6131, 17.1393 ], [ 80.6064, 17.1352 ], [ 80.601, 17.142 ], [ 80.58, 17.1531 ], [ 80.5632, 17.1331 ], [ 80.5543, 17.1336 ], [ 80.5276, 17.1189 ], [ 80.5141, 17.1221 ], [ 80.5129, 17.1092 ], [ 80.504, 17.0926 ], [ 80.5101, 17.0872 ], [ 80.5064, 17.0714 ], [ 80.4909, 17.051 ], [ 80.4714, 17.0504 ], [ 80.4649, 17.03 ], [ 80.4386, 17.0376 ], [ 80.4317, 17.0555 ], [ 80.417, 17.0736 ], [ 80.4181, 17.0892 ], [ 80.4438, 17.0925 ], [ 80.4566, 17.1111 ], [ 80.4664, 17.1153 ], [ 80.4747, 17.1118 ], [ 80.4797, 17.1159 ], [ 80.469, 17.1281 ], [ 80.4745, 17.1433 ], [ 80.472, 17.151 ], [ 80.4823, 17.1695 ], [ 80.4967, 17.18 ], [ 80.4976, 17.1905 ], [ 80.5097, 17.194 ], [ 80.517, 17.2039 ], [ 80.5172, 17.2134 ], [ 80.5022, 17.2289 ], [ 80.5012, 17.2409 ], [ 80.4918, 17.2482 ], [ 80.4901, 17.2594 ], [ 80.4985, 17.267 ], [ 80.5156, 17.2593 ], [ 80.547, 17.2753 ], [ 80.5611, 17.2729 ], [ 80.5721, 17.265 ], [ 80.5773, 17.287 ], [ 80.5922, 17.2881 ], [ 80.5965, 17.2882 ], [ 80.5996, 17.2588 ], [ 80.589, 17.2439 ] ] ] } },
{ "type": "Feature", "properties": { "unit_id": "IND.32.4.5_1", "name": "Yerrupalem", "district": "Khammam", "did": "telangana:Khammam", "state_key": "telangana" }, "geometry": { "type": "Polygon", "coordinates": [ [ [ 80.5735, 16.9413 ], [ 80.581, 16.9362 ], [ 80.5841, 16.9288 ], [ 80.6019, 16.9186 ], [ 80.5871, 16.9042 ], [ 80.5948, 16.8989 ], [ 80.5959, 16.8846 ], [ 80.5776, 16.879 ], [ 80.5683, 16.8694 ], [ 80.5701, 16.8485 ], [ 80.5628, 16.8328 ], [ 80.5655, 16.8268 ], [ 80.5774, 16.8233 ], [ 80.5944, 16.8028 ], [ 80.613, 16.7935 ], [ 80.5971, 16.7922 ], [ 80.5769, 16.7771 ], [ 80.5702, 16.768 ], [ 80.5516, 16.775 ], [ 80.5262, 16.7746 ], [ 80.5044, 16.7787 ], [ 80.4863, 16.7911 ], [ 80.4645, 16.7954 ], [ 80.4642, 16.82 ], [ 80.4533, 16.823 ], [ 80.4409, 16.8343 ], [ 80.4286, 16.8381 ], [ 80.4291, 16.8415 ], [ 80.4524, 16.8482 ], [ 80.4324, 16.8733 ], [ 80.438, 16.8875 ], [ 80.4353, 16.8991 ], [ 80.4382, 16.9103 ], [ 80.4459, 16.9113 ], [ 80.4505, 16.9289 ], [ 80.4616, 16.9337 ], [ 80.4668, 16.9316 ], [ 80.4692, 16.9429 ], [ 80.4934, 16.9274 ], [ 80.4992, 16.9563 ], [ 80.5261, 16.9479 ], [ 80.5347, 16.9614 ], [ 80.5735, 16.9413 ] ] ] } },
{ "type": "Feature", "properties": { "unit_id": "IND.32.4.5_1", "name": "Madhira", "district": "Khammam", "did": "telangana:Khammam", "state_key": "telangana" }, "geometry": { "type": "Polygon", "coordinates": [ [ [ 80.3958, 17.0357 ], [ 80.4074, 17.0256 ], [ 80.407, 17.0158 ], [ 80.3879, 17.0093 ], [ 80.3758, 16.9887 ], [ 80.3634, 16.9761 ], [ 80.4497, 16.9548 ], [ 80.4692, 16.9429 ], [ 80.4668, 16.9316 ], [ 80.4616, 16.9337 ], [ 80.4505, 16.9289 ], [ 80.4459, 16.9113 ], [ 80.439, 16.9119 ], [ 80.4353, 16.8991 ], [ 80.4381, 16.8887 ], [ 80.4326, 16.8721 ], [ 80.4447, 16.8615 ], [ 80.4524, 16.8482 ], [ 80.4291, 16.8415 ], [ 80.4277, 16.8498 ], [ 80.4121, 16.8519 ], [ 80.3827, 16.8653 ], [ 80.3788, 16.8616 ], [ 80.3828, 16.8549 ], [ 80.3786, 16.8518 ], [ 80.4078, 16.8487 ], [ 80.4042, 16.832 ], [ 80.3997, 16.8335 ], [ 80.3967, 16.8275 ], [ 80.3861, 16.8249 ], [ 80.3872, 16.8178 ], [ 80.3838, 16.8157 ], [ 80.3739, 16.8272 ], [ 80.3796, 16.8411 ], [ 80.3734, 16.8395 ], [ 80.3741, 16.8524 ], [ 80.3409, 16.8597 ], [ 80.344, 16.8744 ], [ 80.3217, 16.8796 ], [ 80.3238, 16.9064 ], [ 80.3116, 16.9167 ], [ 80.3151, 16.9459 ], [ 80.3282, 16.9455 ], [ 80.3366, 16.9517 ], [ 80.3379, 16.9806 ], [ 80.344, 16.9855 ], [ 80.3407, 16.994 ], [ 80.3521, 17.0148 ], [ 80.3509, 17.0303 ], [ 80.3565, 17.0365 ], [ 80.3561, 17.052 ], [ 80.3611, 17.0501 ], [ 80.3696, 17.0528 ], [ 80.3858, 17.0668 ], [ 80.3985, 17.0526 ], [ 80.3958, 17.0357 ] ] ] } },
{ "type": "Feature", "properties": { "unit_id": "IND.32.4.5_1", "name": "Wyra", "district": "Khammam", "did": "telangana:Khammam", "state_key": "telangana" }, "geometry": { "type": "Polygon", "coordinates": [ [ [ 80.3886, 17.2535 ], [ 80.3932, 17.2537 ], [ 80.3973, 17.2488 ], [ 80.3867, 17.2346 ], [ 80.3848, 17.2233 ], [ 80.3929, 17.2283 ], [ 80.3963, 17.2272 ], [ 80.3996, 17.2332 ], [ 80.4034, 17.2287 ], [ 80.3901, 17.2179 ], [ 80.4007, 17.2162 ], [ 80.3961, 17.2115 ], [ 80.3981, 17.2082 ], [ 80.3888, 17.2081 ], [ 80.3876, 17.1951 ], [ 80.3802, 17.1929 ], [ 80.3821, 17.1751 ], [ 80.413, 17.1636 ], [ 80.43, 17.1443 ], [ 80.4187, 17.131 ], [ 80.4152, 17.0938 ], [ 80.3881, 17.0722 ], [ 80.3843, 17.0625 ], [ 80.3696, 17.0528 ], [ 80.3611, 17.0501 ], [ 80.3561, 17.052 ], [ 80.3581, 17.0667 ], [ 80.3555, 17.071 ], [ 80.3498, 17.0716 ], [ 80.3343, 17.0584 ], [ 80.3281, 17.0595 ], [ 80.3219, 17.0673 ], [ 80.3086, 17.0574 ], [ 80.2939, 17.073 ], [ 80.3, 17.1065 ], [ 80.3065, 17.1094 ], [ 80.306, 17.116 ], [ 80.313, 17.128 ], [ 80.3245, 17.1251 ], [ 80.3312, 17.1319 ], [ 80.3305, 17.1518 ], [ 80.3396, 17.1669 ], [ 80.3442, 17.2002 ], [ 80.3471, 17.1997 ], [ 80.3546, 17.211 ], [ 80.3534, 17.2165 ], [ 80.3483, 17.2169 ], [ 80.3501, 17.224 ], [ 80.3721, 17.2108 ], [ 80.3655, 17.2225 ], [ 80.3743, 17.2179 ], [ 80.3764, 17.2328 ], [ 80.3731, 17.2361 ], [ 80.3797, 17.2385 ], [ 80.3763, 17.2516 ], [ 80.382, 17.2514 ], [ 80.3811, 17.2553 ], [ 80.3896, 17.2565 ], [ 80.3886, 17.2535 ] ] ] } },
{ "type": "Feature", "properties": { "unit_id": "IND.32.4.3_1", "name": "Chinthakani", "district": "Khammam", "did": "telangana:Khammam", "state_key": "telangana" }, "geometry": { "type": "Polygon", "coordinates": [ [ [ 80.2335, 17.2051 ], [ 80.2268, 17.1965 ], [ 80.2403, 17.162 ], [ 80.2527, 17.1468 ], [ 80.2896, 17.1371 ], [ 80.2967, 17.1138 ], [ 80.2866, 17.1155 ], [ 80.2811, 17.1121 ], [ 80.2707, 17.1006 ], [ 80.2615, 17.096 ], [ 80.2517, 17.0769 ], [ 80.2397, 17.0738 ], [ 80.2197, 17.0494 ], [ 80.2118, 17.0485 ], [ 80.2061, 17.0402 ], [ 80.2075, 17.0366 ], [ 80.2038, 17.036 ], [ 80.1965, 17.044 ], [ 80.1926, 17.0267 ], [ 80.1873, 17.02 ], [ 80.1701, 17.0167 ], [ 80.1688, 17.0346 ], [ 80.1575, 17.0594 ], [ 80.1596, 17.0705 ], [ 80.1726, 17.0932 ], [ 80.1599, 17.1426 ], [ 80.161, 17.1797 ], [ 80.1899, 17.1974 ], [ 80.2126, 17.2205 ], [ 80.2173, 17.2308 ], [ 80.2158, 17.2367 ], [ 80.2319, 17.236 ], [ 80.2335, 17.2051 ] ] ] } },
{ "type": "Feature", "properties": { "unit_id": "IND.32.4.5_1", "name": "Bonakal", "district": "Khammam", "did": "telangana:Khammam", "state_key": "telangana" }, "geometry": { "type": "Polygon", "coordinates": [ [ [ 80.2939, 17.073 ], [ 80.3041, 17.065 ], [ 80.3058, 17.0588 ], [ 80.3131, 17.0584 ], [ 80.3203, 17.0671 ], [ 80.3249, 17.0668 ], [ 80.332, 17.0579 ], [ 80.3498, 17.0716 ], [ 80.3555, 17.071 ], [ 80.3581, 17.0667 ], [ 80.3538, 17.0425 ], [ 80.3565, 17.0365 ], [ 80.3509, 17.0303 ], [ 80.3521, 17.0148 ], [ 80.3407, 16.994 ], [ 80.344, 16.9855 ], [ 80.3379, 16.9806 ], [ 80.3366, 16.9517 ], [ 80.3291, 16.9459 ], [ 80.3209, 16.9448 ], [ 80.305, 16.9537 ], [ 80.3066, 16.9738 ], [ 80.2935, 16.9767 ], [ 80.2903, 16.9811 ], [ 80.2945, 16.995 ], [ 80.2836, 17.0072 ], [ 80.2705, 17.004 ], [ 80.2649, 16.9972 ], [ 80.2404, 17.0021 ], [ 80.2262, 17.0153 ], [ 80.2229, 17.0078 ], [ 80.2105, 17.0107 ], [ 80.2021, 17.017 ], [ 80.1996, 17.0265 ], [ 80.2118, 17.0485 ], [ 80.2197, 17.0494 ], [ 80.2397, 17.0738 ], [ 80.2517, 17.0769 ], [ 80.2615, 17.096 ], [ 80.2707, 17.1006 ], [ 80.2811, 17.1121 ], [ 80.2901, 17.1158 ], [ 80.2967, 17.1138 ], [ 80.3003, 17.0941 ], [ 80.2939, 17.073 ] ] ] } },
{ "type": "Feature", "properties": { "unit_id": "IND.32.4.3_1", "name": "Mudigonda", "district": "Khammam", "did": "telangana:Khammam", "state_key": "telangana" }, "geometry": { "type": "Polygon", "coordinates": [ [ [ 80.106, 17.1922 ], [ 80.1128, 17.1899 ], [ 80.1157, 17.1846 ], [ 80.1284, 17.1814 ], [ 80.1368, 17.1747 ], [ 80.1607, 17.1847 ], [ 80.1599, 17.1426 ], [ 80.1726, 17.0932 ], [ 80.1596, 17.0705 ], [ 80.1575, 17.0594 ], [ 80.1688, 17.0346 ], [ 80.1701, 17.0167 ], [ 80.1678, 17.0056 ], [ 80.1534, 17.0069 ], [ 80.1402, 16.9906 ], [ 80.1279, 16.9923 ], [ 80.1205, 16.9912 ], [ 80.1204, 16.9879 ], [ 80.1096, 16.9872 ], [ 80.0952, 16.9907 ], [ 80.0944, 17.0017 ], [ 80.1002, 17.0057 ], [ 80.0932, 17.0207 ], [ 80.1017, 17.0478 ], [ 80.0903, 17.0965 ], [ 80.0928, 17.1095 ], [ 80.0873, 17.1192 ], [ 80.0908, 17.1335 ], [ 80.08, 17.1447 ], [ 80.0624, 17.1449 ], [ 80.0304, 17.1519 ], [ 80.0157, 17.1512 ], [ 80.0119, 17.1672 ], [ 79.9998, 17.1753 ], [ 80.0058, 17.1795 ], [ 80.0029, 17.1804 ], [ 80.0056, 17.1888 ], [ 80.0119, 17.194 ], [ 80.0148, 17.191 ], [ 80.0223, 17.1938 ], [ 80.0267, 17.1894 ], [ 80.0341, 17.1943 ], [ 80.0406, 17.191 ], [ 80.0418, 17.2104 ], [ 80.0434, 17.2148 ], [ 80.1032, 17.1996 ], [ 80.106, 17.1922 ] ] ] } },
{ "type": "Feature", "properties": { "unit_id": "IND.32.4.3_1", "name": "Nelakondapalli", "district": "Khammam", "did": "telangana:Khammam", "state_key": "telangana" }, "geometry": { "type": "Polygon", "coordinates": [ [ [ 80.0119, 17.1672 ], [ 80.0157, 17.1512 ], [ 80.0304, 17.1519 ], [ 80.0624, 17.1449 ], [ 80.08, 17.1447 ], [ 80.0908, 17.1335 ], [ 80.0873, 17.1192 ], [ 80.0928, 17.1095 ], [ 80.0903, 17.0965 ], [ 80.1017, 17.0478 ], [ 80.0932, 17.0207 ], [ 80.1002, 17.0057 ], [ 80.0944, 17.0017 ], [ 80.097, 17.0 ], [ 80.0916, 16.9683 ], [ 80.0554, 16.9714 ], [ 80.0612, 16.9873 ], [ 80.0562, 16.9989 ], [ 80.062, 17.0093 ], [ 80.051, 17.0111 ], [ 80.0369, 17.0242 ], [ 80.0398, 17.0512 ], [ 80.0294, 17.0532 ], [ 80.0157, 17.0661 ], [ 80.0031, 17.0703 ], [ 79.9756, 17.1058 ], [ 79.9823, 17.1126 ], [ 79.9778, 17.123 ], [ 79.9803, 17.133 ], [ 79.9595, 17.1468 ], [ 79.9718, 17.1526 ], [ 79.9826, 17.1804 ], [ 79.9986, 17.1785 ], [ 80.0119, 17.1672 ] ] ] } },
{ "type": "Feature", "properties": { "unit_id": "IND.32.7.3_1", "name": "Kodad", "district": "Suryapet", "did": "telangana:Suryapet", "state_key": "telangana" }, "geometry": { "type": "Polygon", "coordinates": [ [ [ 80.006, 17.068 ], [ 80.0157, 17.0661 ], [ 80.0273, 17.0544 ], [ 80.0379, 17.0532 ], [ 80.0407, 17.0484 ], [ 80.0369, 17.0242 ], [ 80.051, 17.0111 ], [ 80.062, 17.0093 ], [ 80.0562, 16.9989 ], [ 80.0612, 16.9873 ], [ 80.0555, 16.9728 ], [ 80.0574, 16.964 ], [ 80.0482, 16.9494 ], [ 80.0504, 16.936 ], [ 80.0396, 16.9171 ], [ 80.0174, 16.915 ], [ 80.0051, 16.8764 ], [ 79.9883, 16.8848 ], [ 79.9804, 16.8945 ], [ 79.9684, 16.8767 ], [ 79.951, 16.8789 ], [ 79.9489, 16.8829 ], [ 79.9341, 16.8805 ], [ 79.9267, 16.8824 ], [ 79.9103, 16.8895 ], [ 79.9083, 16.8957 ], [ 79.909, 16.9034 ], [ 79.9283, 16.9187 ], [ 79.931, 16.931 ], [ 79.9492, 16.9444 ], [ 79.9447, 16.9702 ], [ 79.9254, 16.9851 ], [ 79.921, 16.9956 ], [ 79.9303, 17.0101 ], [ 79.9204, 17.0142 ], [ 79.9211, 17.0415 ], [ 79.9514, 17.0294 ], [ 79.9457, 17.0468 ], [ 79.9563, 17.07 ], [ 79.9775, 17.0827 ], [ 79.992, 17.0825 ], [ 80.006, 17.068 ] ] ] } },
{ "type": "Feature", "properties": { "unit_id": "IND.32.7.3_1", "name": "Chilkuru", "district": "Suryapet", "did": "telangana:Suryapet", "state_key": "telangana" }, "geometry": { "type": "Polygon", "coordinates": [ [ [ 79.8592, 17.0008 ], [ 79.8698, 17.0062 ], [ 79.8799, 17.0069 ], [ 79.9054, 16.995 ], [ 79.9206, 16.9982 ], [ 79.9254, 16.9851 ], [ 79.9447, 16.9702 ], [ 79.9491, 16.944 ], [ 79.931, 16.931 ], [ 79.9271, 16.9169 ], [ 79.9104, 16.9038 ], [ 79.8938, 16.9062 ], [ 79.8938, 16.9249 ], [ 79.8813, 16.9286 ], [ 79.8778, 16.933 ], [ 79.8814, 16.9447 ], [ 79.8751, 16.9506 ], [ 79.8691, 16.9487 ], [ 79.8574, 16.9519 ], [ 79.8313, 16.9418 ], [ 79.8126, 16.95 ], [ 79.8021, 16.9452 ], [ 79.7875, 16.9454 ], [ 79.7903, 16.9729 ], [ 79.8103, 17.0093 ], [ 79.8281, 17.0191 ], [ 79.8381, 17.0205 ], [ 79.839, 17.0241 ], [ 79.8519, 17.0177 ], [ 79.8592, 17.0008 ] ] ] } },
{ "type": "Feature", "properties": { "unit_id": "IND.32.7.3_1", "name": "Nadigudem", "district": "Suryapet", "did": "telangana:Suryapet", "state_key": "telangana" }, "geometry": { "type": "Polygon", "coordinates": [ [ [ 79.8887, 17.1717 ], [ 79.8989, 17.1553 ], [ 79.9125, 17.1487 ], [ 79.9182, 17.1296 ], [ 79.9319, 17.1274 ], [ 79.9462, 17.135 ], [ 79.9621, 17.1244 ], [ 79.9914, 17.0861 ], [ 79.992, 17.0825 ], [ 79.9831, 17.0847 ], [ 79.9566, 17.0704 ], [ 79.9457, 17.0468 ], [ 79.9514, 17.0294 ], [ 79.9211, 17.0415 ], [ 79.9198, 17.0357 ], [ 79.8866, 17.0369 ], [ 79.8724, 17.048 ], [ 79.8541, 17.0525 ], [ 79.8608, 17.0787 ], [ 79.846, 17.0789 ], [ 79.8399, 17.1038 ], [ 79.8338, 17.1095 ], [ 79.8367, 17.1167 ], [ 79.8334, 17.1257 ], [ 79.8339, 17.1635 ], [ 79.8828, 17.1734 ], [ 79.8887, 17.1717 ] ] ] } },
{ "type": "Feature", "properties": { "unit_id": "IND.32.7.3_1", "name": "Munagala", "district": "Suryapet", "did": "telangana:Suryapet", "state_key": "telangana" }, "geometry": { "type": "Polygon", "coordinates": [ [ [ 79.8367, 17.1167 ], [ 79.8338, 17.1095 ], [ 79.8399, 17.1038 ], [ 79.846, 17.0789 ], [ 79.8608, 17.0787 ], [ 79.8541, 17.0525 ], [ 79.8724, 17.048 ], [ 79.8866, 17.0369 ], [ 79.9198, 17.0357 ], [ 79.9206, 17.0137 ], [ 79.9303, 17.0101 ], [ 79.9189, 16.9961 ], [ 79.9054, 16.995 ], [ 79.8803, 17.0068 ], [ 79.8698, 17.0062 ], [ 79.8592, 17.0008 ], [ 79.8517, 17.018 ], [ 79.839, 17.0241 ], [ 79.8381, 17.0205 ], [ 79.8281, 17.0191 ], [ 79.8103, 17.0093 ], [ 79.7963, 16.9794 ], [ 79.7897, 16.9728 ], [ 79.771, 16.9787 ], [ 79.7655, 16.9863 ], [ 79.7722, 16.9971 ], [ 79.8004, 17.0051 ], [ 79.8135, 17.0175 ], [ 79.814, 17.0232 ], [ 79.7966, 17.0425 ], [ 79.7792, 17.0577 ], [ 79.7699, 17.043 ], [ 79.7691, 17.0328 ], [ 79.7593, 17.0232 ], [ 79.7547, 17.0298 ], [ 79.7417, 17.0365 ], [ 79.7141, 17.0425 ], [ 79.7131, 17.0525 ], [ 79.7291, 17.0533 ], [ 79.7379, 17.0501 ], [ 79.7453, 17.0548 ], [ 79.7457, 17.0644 ], [ 79.7556, 17.061 ], [ 79.7653, 17.0634 ], [ 79.7669, 17.0748 ], [ 79.773, 17.0821 ], [ 79.7646, 17.0994 ], [ 79.781, 17.1173 ], [ 79.7877, 17.1358 ], [ 79.803, 17.1595 ], [ 79.8339, 17.1635 ], [ 79.8334, 17.1257 ], [ 79.8367, 17.1167 ] ] ] } },
{ "type": "Feature", "properties": { "unit_id": "IND.32.7.7_1", "name": "Chiwemla", "district": "Suryapet", "did": "telangana:Suryapet", "state_key": "telangana" }, "geometry": { "type": "Polygon", "coordinates": [ [ [ 79.6649, 17.2019 ], [ 79.674, 17.1981 ], [ 79.6754, 17.202 ], [ 79.703, 17.2007 ], [ 79.7298, 17.1876 ], [ 79.7291, 17.1812 ], [ 79.7609, 17.175 ], [ 79.7607, 17.1674 ], [ 79.7561, 17.1691 ], [ 79.7564, 17.1536 ], [ 79.7512, 17.1515 ], [ 79.742, 17.13 ], [ 79.7372, 17.1297 ], [ 79.7299, 17.1382 ], [ 79.7298, 17.126 ], [ 79.7261, 17.1228 ], [ 79.7267, 17.1177 ], [ 79.7455, 17.1088 ], [ 79.7439, 17.1006 ], [ 79.7549, 17.0976 ], [ 79.7646, 17.099 ], [ 79.773, 17.0821 ], [ 79.7659, 17.0734 ], [ 79.7524, 17.0703 ], [ 79.7422, 17.0734 ], [ 79.729, 17.0883 ], [ 79.7152, 17.0906 ], [ 79.7128, 17.0856 ], [ 79.706, 17.0852 ], [ 79.699, 17.0775 ], [ 79.681, 17.0754 ], [ 79.6792, 17.0704 ], [ 79.6684, 17.0794 ], [ 79.6678, 17.0968 ], [ 79.6567, 17.1011 ], [ 79.649, 17.1087 ], [ 79.6617, 17.1416 ], [ 79.6515, 17.1439 ], [ 79.653, 17.1508 ], [ 79.6456, 17.1548 ], [ 79.64, 17.1528 ], [ 79.6329, 17.1601 ], [ 79.6205, 17.157 ], [ 79.6152, 17.1688 ], [ 79.6227, 17.1757 ], [ 79.6204, 17.1896 ], [ 79.628, 17.2147 ], [ 79.6458, 17.1972 ], [ 79.6649, 17.2019 ] ] ] } },
{ "type": "Feature", "properties": { "unit_id": "IND.32.7.7_1", "name": "Penpahad", "district": "Suryapet", "did": "telangana:Suryapet", "state_key": "telangana" }, "geometry": { "type": "Polygon", "coordinates": [ [ [ 79.7367, 17.077 ], [ 79.7451, 17.0725 ], [ 79.7524, 17.0703 ], [ 79.7669, 17.0748 ], [ 79.7653, 17.0634 ], [ 79.7556, 17.061 ], [ 79.7457, 17.0644 ], [ 79.7453, 17.0548 ], [ 79.7379, 17.0501 ], [ 79.7291, 17.0533 ], [ 79.7131, 17.0525 ], [ 79.7141, 17.0425 ], [ 79.7417, 17.0365 ], [ 79.7547, 17.0298 ], [ 79.7593, 17.0232 ], [ 79.7691, 17.0328 ], [ 79.7699, 17.043 ], [ 79.7792, 17.0577 ], [ 79.814, 17.0232 ], [ 79.8132, 17.0171 ], [ 79.8004, 17.0051 ], [ 79.7777, 17.0007 ], [ 79.7655, 16.9863 ], [ 79.7491, 16.9894 ], [ 79.7376, 16.996 ], [ 79.7274, 16.9958 ], [ 79.7201, 16.9877 ], [ 79.7058, 16.9817 ], [ 79.7016, 16.9581 ], [ 79.6906, 16.9598 ], [ 79.6729, 16.9719 ], [ 79.6679, 16.9727 ], [ 79.6613, 16.9667 ], [ 79.6564, 16.9673 ], [ 79.6508, 16.9751 ], [ 79.632, 16.9843 ], [ 79.6165, 16.9771 ], [ 79.6145, 16.9874 ], [ 79.6055, 16.9997 ], [ 79.5985, 17.0285 ], [ 79.601, 17.0457 ], [ 79.5925, 17.0633 ], [ 79.6028, 17.0632 ], [ 79.6072, 17.0577 ], [ 79.6117, 17.0625 ], [ 79.6223, 17.0644 ], [ 79.641, 17.0611 ], [ 79.6649, 17.082 ], [ 79.6792, 17.0704 ], [ 79.681, 17.0754 ], [ 79.699, 17.0775 ], [ 79.706, 17.0852 ], [ 79.7121, 17.0852 ], [ 79.7152, 17.0906 ], [ 79.729, 17.0883 ], [ 79.7367, 17.077 ] ] ] } },
{ "type": "Feature", "properties": { "unit_id": "IND.32.7.3_1", "name": "Garedpalli", "district": "Suryapet", "did": "telangana:Suryapet", "state_key": "telangana" }, "geometry": { "type": "Polygon", "coordinates": [ [ [ 79.761, 16.9882 ], [ 79.771, 16.9787 ], [ 79.7903, 16.9729 ], [ 79.7875, 16.9454 ], [ 79.8021, 16.9452 ], [ 79.8126, 16.95 ], [ 79.8281, 16.9419 ], [ 79.8276, 16.9097 ], [ 79.8442, 16.8988 ], [ 79.8415, 16.8863 ], [ 79.8165, 16.8919 ], [ 79.7939, 16.8704 ], [ 79.7758, 16.8702 ], [ 79.7767, 16.8595 ], [ 79.7931, 16.8538 ], [ 79.7929, 16.8496 ], [ 79.8018, 16.85 ], [ 79.7863, 16.8278 ], [ 79.7702, 16.832 ], [ 79.7604, 16.791 ], [ 79.7179, 16.812 ], [ 79.7187, 16.8276 ], [ 79.7234, 16.8301 ], [ 79.7278, 16.8524 ], [ 79.7271, 16.8655 ], [ 79.7143, 16.8789 ], [ 79.7071, 16.8783 ], [ 79.7109, 16.8876 ], [ 79.7032, 16.911 ], [ 79.7058, 16.9202 ], [ 79.7023, 16.9386 ], [ 79.7065, 16.9532 ], [ 79.7016, 16.9581 ], [ 79.7058, 16.9817 ], [ 79.7201, 16.9877 ], [ 79.7274, 16.9958 ], [ 79.7491, 16.9894 ], [ 79.761, 16.9882 ] ] ] } },
{ "type": "Feature", "properties": { "unit_id": "IND.32.7.3_1", "name": "Neredcherla", "district": "Suryapet", "did": "telangana:Suryapet", "state_key": "telangana" }, "geometry": { "type": "Polygon", "coordinates": [ [ [ 79.6564, 16.9673 ], [ 79.6613, 16.9667 ], [ 79.6679, 16.9727 ], [ 79.6729, 16.9719 ], [ 79.7065, 16.9532 ], [ 79.7023, 16.9386 ], [ 79.7058, 16.9202 ], [ 79.7032, 16.911 ], [ 79.7109, 16.8876 ], [ 79.7071, 16.8783 ], [ 79.7143, 16.8789 ], [ 79.7271, 16.8655 ], [ 79.7278, 16.8524 ], [ 79.7234, 16.8301 ], [ 79.7187, 16.8276 ], [ 79.7179, 16.812 ], [ 79.7691, 16.7882 ], [ 79.7672, 16.7831 ], [ 79.7793, 16.7696 ], [ 79.7786, 16.7539 ], [ 79.7954, 16.7427 ], [ 79.7882, 16.7292 ], [ 79.7728, 16.7306 ], [ 79.7446, 16.7191 ], [ 79.7293, 16.6955 ], [ 79.7195, 16.6895 ], [ 79.6791, 16.6934 ], [ 79.6998, 16.7185 ], [ 79.6745, 16.7241 ], [ 79.6681, 16.7333 ], [ 79.6741, 16.7636 ], [ 79.6665, 16.8031 ], [ 79.6679, 16.8414 ], [ 79.6458, 16.8661 ], [ 79.6418, 16.8877 ], [ 79.6191, 16.9178 ], [ 79.6144, 16.9373 ], [ 79.6165, 16.9771 ], [ 79.6298, 16.9846 ], [ 79.6508, 16.9751 ], [ 79.6564, 16.9673 ] ] ] } },
{ "type": "Feature", "properties": { "unit_id": "IND.32.7.3_1", "name": "Mathampalli", "district": "Suryapet", "did": "telangana:Suryapet", "state_key": "telangana" }, "geometry": { "type": "Polygon", "coordinates": [ [ [ 79.8903, 16.819 ], [ 79.885, 16.8146 ], [ 79.8866, 16.8071 ], [ 79.9112, 16.7908 ], [ 79.9115, 16.7735 ], [ 79.9167, 16.7618 ], [ 79.9189, 16.7634 ], [ 79.937, 16.7507 ], [ 79.9466, 16.749 ], [ 79.9441, 16.7298 ], [ 79.938, 16.7174 ], [ 79.9077, 16.6813 ], [ 79.9, 16.661 ], [ 79.8923, 16.6533 ], [ 79.8855, 16.6873 ], [ 79.8761, 16.6981 ], [ 79.8511, 16.7058 ], [ 79.822, 16.6917 ], [ 79.8112, 16.6957 ], [ 79.7882, 16.7292 ], [ 79.7954, 16.7427 ], [ 79.7796, 16.7526 ], [ 79.7793, 16.7696 ], [ 79.7672, 16.7831 ], [ 79.7691, 16.7882 ], [ 79.7604, 16.791 ], [ 79.7702, 16.832 ], [ 79.8024, 16.8252 ], [ 79.8047, 16.8213 ], [ 79.8316, 16.8099 ], [ 79.8432, 16.8248 ], [ 79.8461, 16.8398 ], [ 79.8554, 16.8382 ], [ 79.87, 16.8449 ], [ 79.888, 16.8381 ], [ 79.8903, 16.819 ] ] ] } },
{ "type": "Feature", "properties": { "unit_id": "IND.32.7.3_1", "name": "Huzurnagar", "district": "Suryapet", "did": "telangana:Suryapet", "state_key": "telangana" }, "geometry": { "type": "Polygon", "coordinates": [ [ [ 79.881, 16.946 ], [ 79.8775, 16.9335 ], [ 79.8813, 16.9286 ], [ 79.8938, 16.9249 ], [ 79.8938, 16.9062 ], [ 79.909, 16.9034 ], [ 79.9103, 16.8895 ], [ 79.9065, 16.8774 ], [ 79.9128, 16.8725 ], [ 79.9386, 16.8659 ], [ 79.941, 16.8531 ], [ 79.9453, 16.8514 ], [ 79.942, 16.8414 ], [ 79.935, 16.8432 ], [ 79.9304, 16.8358 ], [ 79.9212, 16.838 ], [ 79.9062, 16.8542 ], [ 79.8917, 16.8537 ], [ 79.8837, 16.8581 ], [ 79.8697, 16.8447 ], [ 79.8554, 16.8382 ], [ 79.8461, 16.8398 ], [ 79.8432, 16.8248 ], [ 79.8316, 16.8099 ], [ 79.8047, 16.8213 ], [ 79.8024, 16.8252 ], [ 79.7863, 16.8278 ], [ 79.8018, 16.8504 ], [ 79.7929, 16.8496 ], [ 79.7931, 16.8538 ], [ 79.7776, 16.8589 ], [ 79.7758, 16.8702 ], [ 79.7939, 16.8704 ], [ 79.8165, 16.8919 ], [ 79.8417, 16.8864 ], [ 79.844, 16.8997 ], [ 79.8271, 16.9118 ], [ 79.8275, 16.9406 ], [ 79.8574, 16.9519 ], [ 79.8751, 16.9506 ], [ 79.881, 16.946 ] ] ] } },
{ "type": "Feature", "properties": { "unit_id": "IND.32.7.3_1", "name": "Medlache", "district": "Suryapet", "did": "telangana:Suryapet", "state_key": "telangana" }, "geometry": { "type": "Polygon", "coordinates": [ [ [ 79.9988, 16.8652 ], [ 80.017, 16.8542 ], [ 80.0468, 16.8533 ], [ 80.0482, 16.8332 ], [ 80.0733, 16.8172 ], [ 80.0665, 16.7864 ], [ 80.0539, 16.7654 ], [ 80.0551, 16.745 ], [ 80.0366, 16.7277 ], [ 80.0305, 16.7148 ], [ 80.0221, 16.7103 ], [ 80.0076, 16.7088 ], [ 79.9974, 16.7021 ], [ 79.9794, 16.6653 ], [ 79.964, 16.6442 ], [ 79.9341, 16.6316 ], [ 79.9112, 16.6334 ], [ 79.8923, 16.6533 ], [ 79.9, 16.661 ], [ 79.9077, 16.6813 ], [ 79.938, 16.7174 ], [ 79.9441, 16.7298 ], [ 79.9466, 16.749 ], [ 79.937, 16.7507 ], [ 79.9189, 16.7634 ], [ 79.9167, 16.7618 ], [ 79.9115, 16.7735 ], [ 79.9112, 16.7908 ], [ 79.8866, 16.8071 ], [ 79.885, 16.8146 ], [ 79.8903, 16.819 ], [ 79.888, 16.8381 ], [ 79.87, 16.8449 ], [ 79.8837, 16.8581 ], [ 79.8917, 16.8537 ], [ 79.9062, 16.8542 ], [ 79.9212, 16.838 ], [ 79.9304, 16.8358 ], [ 79.935, 16.8432 ], [ 79.942, 16.8414 ], [ 79.9453, 16.8514 ], [ 79.941, 16.8531 ], [ 79.9386, 16.8659 ], [ 79.9128, 16.8725 ], [ 79.9065, 16.8774 ], [ 79.9107, 16.8897 ], [ 79.9335, 16.8806 ], [ 79.9489, 16.8829 ], [ 79.951, 16.8789 ], [ 79.9684, 16.8767 ], [ 79.9804, 16.8945 ], [ 79.9883, 16.8848 ], [ 80.0032, 16.8768 ], [ 79.9988, 16.8652 ] ] ] } },
{ "type": "Feature", "properties": { "unit_id": "IND.32.7.4_1", "name": "Peddavuru", "district": "Nalgonda", "did": "telangana:Nalgonda", "state_key": "telangana" }, "geometry": { "type": "Polygon", "coordinates": [ [ [ 79.2399, 16.8245 ], [ 79.258, 16.8215 ], [ 79.2789, 16.8001 ], [ 79.2791, 16.7949 ], [ 79.2684, 16.7792 ], [ 79.2782, 16.7639 ], [ 79.2692, 16.7463 ], [ 79.2747, 16.7392 ], [ 79.2759, 16.7256 ], [ 79.2825, 16.7255 ], [ 79.2929, 16.7168 ], [ 79.2999, 16.7161 ], [ 79.3046, 16.7007 ], [ 79.3026, 16.6848 ], [ 79.3098, 16.6705 ], [ 79.3385, 16.6701 ], [ 79.3552, 16.6666 ], [ 79.3644, 16.6908 ], [ 79.3738, 16.6955 ], [ 79.3929, 16.6713 ], [ 79.4099, 16.6748 ], [ 79.4271, 16.6692 ], [ 79.4119, 16.6559 ], [ 79.4053, 16.6449 ], [ 79.4238, 16.6387 ], [ 79.4522, 16.6213 ], [ 79.4402, 16.6148 ], [ 79.4331, 16.5907 ], [ 79.4186, 16.5802 ], [ 79.3768, 16.5828 ], [ 79.3537, 16.5793 ], [ 79.3401, 16.5826 ], [ 79.3264, 16.5765 ], [ 79.3082, 16.5741 ], [ 79.291, 16.5616 ], [ 79.2814, 16.5606 ], [ 79.2591, 16.5669 ], [ 79.2644, 16.5849 ], [ 79.2648, 16.6078 ], [ 79.2565, 16.6206 ], [ 79.2521, 16.6422 ], [ 79.2407, 16.6377 ], [ 79.2146, 16.6465 ], [ 79.2121, 16.6423 ], [ 79.1985, 16.645 ], [ 79.1988, 16.6388 ], [ 79.1912, 16.6392 ], [ 79.1797, 16.6302 ], [ 79.1817, 16.6199 ], [ 79.1938, 16.6117 ], [ 79.1826, 16.6087 ], [ 79.1587, 16.6134 ], [ 79.1536, 16.6363 ], [ 79.1706, 16.6416 ], [ 79.1715, 16.6518 ], [ 79.1692, 16.6535 ], [ 79.1565, 16.6471 ], [ 79.1475, 16.6548 ], [ 79.1455, 16.6629 ], [ 79.1578, 16.6801 ], [ 79.1675, 16.7193 ], [ 79.164, 16.7643 ], [ 79.1754, 16.791 ], [ 79.1841, 16.8013 ], [ 79.1997, 16.8081 ], [ 79.2051, 16.8366 ], [ 79.2368, 16.8286 ], [ 79.2399, 16.8245 ] ] ] } },
{ "type": "Feature", "properties": { "unit_id": "IND.32.7.4_1", "name": "Anumula", "district": "Nalgonda", "did": "telangana:Nalgonda", "state_key": "telangana" }, "geometry": { "type": "Polygon", "coordinates": [ [ [ 79.2653, 16.9102 ], [ 79.2814, 16.9146 ], [ 79.2946, 16.9054 ], [ 79.2965, 16.8868 ], [ 79.3054, 16.889 ], [ 79.3127, 16.8637 ], [ 79.3375, 16.8592 ], [ 79.3415, 16.8204 ], [ 79.3501, 16.8144 ], [ 79.3551, 16.7969 ], [ 79.3696, 16.7849 ], [ 79.3707, 16.7786 ], [ 79.3799, 16.7726 ], [ 79.3866, 16.774 ], [ 79.3906, 16.7668 ], [ 79.3928, 16.7508 ], [ 79.3836, 16.7234 ], [ 79.3947, 16.733 ], [ 79.4151, 16.7309 ], [ 79.4273, 16.7122 ], [ 79.4481, 16.7099 ], [ 79.4384, 16.6904 ], [ 79.4248, 16.6798 ], [ 79.4271, 16.6692 ], [ 79.4099, 16.6748 ], [ 79.3929, 16.6713 ], [ 79.3738, 16.6955 ], [ 79.3644, 16.6908 ], [ 79.3548, 16.6665 ], [ 79.3385, 16.6701 ], [ 79.3109, 16.6702 ], [ 79.3071, 16.6739 ], [ 79.3026, 16.6848 ], [ 79.3046, 16.7007 ], [ 79.2999, 16.7161 ], [ 79.2929, 16.7168 ], [ 79.2825, 16.7255 ], [ 79.2759, 16.7256 ], [ 79.2747, 16.7392 ], [ 79.2692, 16.7463 ], [ 79.2782, 16.7639 ], [ 79.2684, 16.7792 ], [ 79.2791, 16.7949 ], [ 79.2789, 16.8001 ], [ 79.258, 16.8215 ], [ 79.2399, 16.8245 ], [ 79.2368, 16.8286 ], [ 79.2074, 16.8374 ], [ 79.2036, 16.8325 ], [ 79.1956, 16.8333 ], [ 79.1954, 16.8485 ], [ 79.2053, 16.854 ], [ 79.2153, 16.877 ], [ 79.2392, 16.9006 ], [ 79.2403, 16.9098 ], [ 79.23, 16.9243 ], [ 79.2465, 16.9209 ], [ 79.2522, 16.914 ], [ 79.2653, 16.9102 ] ] ] } },
{ "type": "Feature", "properties": { "unit_id": "IND.32.7.4_1", "name": "Damarcherla", "district": "Nalgonda", "did": "telangana:Nalgonda", "state_key": "telangana" }, "geometry": { "type": "Polygon", "coordinates": [ [ [ 79.6177, 16.7976 ], [ 79.6203, 16.8039 ], [ 79.6338, 16.8028 ], [ 79.641, 16.8091 ], [ 79.6526, 16.8107 ], [ 79.6664, 16.8042 ], [ 79.6741, 16.7694 ], [ 79.6681, 16.7333 ], [ 79.6745, 16.7241 ], [ 79.6998, 16.7185 ], [ 79.6791, 16.6934 ], [ 79.6622, 16.6866 ], [ 79.6483, 16.67 ], [ 79.6331, 16.6604 ], [ 79.604, 16.6723 ], [ 79.5962, 16.6724 ], [ 79.5756, 16.6498 ], [ 79.5375, 16.6312 ], [ 79.5038, 16.6359 ], [ 79.494, 16.633 ], [ 79.4833, 16.6231 ], [ 79.4522, 16.6213 ], [ 79.4238, 16.6387 ], [ 79.4075, 16.6429 ], [ 79.4054, 16.6464 ], [ 79.4119, 16.6559 ], [ 79.4269, 16.6665 ], [ 79.4248, 16.6798 ], [ 79.4384, 16.6904 ], [ 79.4514, 16.7125 ], [ 79.4657, 16.7118 ], [ 79.4705, 16.7224 ], [ 79.4741, 16.7158 ], [ 79.485, 16.7138 ], [ 79.4996, 16.7146 ], [ 79.5004, 16.718 ], [ 79.5203, 16.7231 ], [ 79.522, 16.7274 ], [ 79.5248, 16.7266 ], [ 79.5306, 16.7507 ], [ 79.5761, 16.7507 ], [ 79.5698, 16.7537 ], [ 79.5644, 16.7857 ], [ 79.5583, 16.7882 ], [ 79.552, 16.799 ], [ 79.5563, 16.8098 ], [ 79.5755, 16.8102 ], [ 79.5947, 16.8057 ], [ 79.5974, 16.8039 ], [ 79.5945, 16.7994 ], [ 79.6177, 16.7976 ] ] ] } },
{ "type": "Feature", "properties": { "unit_id": "IND.32.7.4_1", "name": "Mirialguda", "district": "Nalgonda", "did": "telangana:Nalgonda", "state_key": "telangana" }, "geometry": { "type": "Polygon", "coordinates": [ [ [ 79.5822, 16.9995 ], [ 79.589, 16.9995 ], [ 79.5866, 16.9876 ], [ 79.5907, 16.9857 ], [ 79.5915, 16.9789 ], [ 79.6162, 16.9678 ], [ 79.6141, 16.9397 ], [ 79.6177, 16.9213 ], [ 79.6418, 16.8877 ], [ 79.6458, 16.8661 ], [ 79.6664, 16.8454 ], [ 79.6685, 16.8325 ], [ 79.6664, 16.8042 ], [ 79.6526, 16.8107 ], [ 79.641, 16.8091 ], [ 79.6338, 16.8028 ], [ 79.6203, 16.8039 ], [ 79.6177, 16.7976 ], [ 79.5941, 16.7976 ], [ 79.5974, 16.8039 ], [ 79.5947, 16.8057 ], [ 79.5755, 16.8102 ], [ 79.5563, 16.8098 ], [ 79.552, 16.799 ], [ 79.5666, 16.7804 ], [ 79.5696, 16.7554 ], [ 79.5664, 16.7544 ], [ 79.5554, 16.7556 ], [ 79.5533, 16.7633 ], [ 79.5429, 16.7669 ], [ 79.5377, 16.7788 ], [ 79.5412, 16.7916 ], [ 79.5391, 16.7987 ], [ 79.5214, 16.8012 ], [ 79.5146, 16.7948 ], [ 79.5005, 16.7967 ], [ 79.4963, 16.8087 ], [ 79.5004, 16.8164 ], [ 79.4985, 16.822 ], [ 79.4906, 16.8219 ], [ 79.4827, 16.8272 ], [ 79.4839, 16.842 ], [ 79.4917, 16.843 ], [ 79.492, 16.861 ], [ 79.4976, 16.8654 ], [ 79.4986, 16.8721 ], [ 79.5029, 16.8731 ], [ 79.4996, 16.8742 ], [ 79.4993, 16.882 ], [ 79.5027, 16.8892 ], [ 79.5081, 16.8882 ], [ 79.5104, 16.8912 ], [ 79.504, 16.8982 ], [ 79.5116, 16.9192 ], [ 79.5168, 16.9174 ], [ 79.5183, 16.9086 ], [ 79.5251, 16.9005 ], [ 79.5213, 16.8945 ], [ 79.5351, 16.8895 ], [ 79.5495, 16.8899 ], [ 79.5611, 16.9021 ], [ 79.5677, 16.8986 ], [ 79.571, 16.905 ], [ 79.5746, 16.9136 ], [ 79.569, 16.9474 ], [ 79.561, 16.9509 ], [ 79.5653, 16.9545 ], [ 79.5631, 16.96 ], [ 79.5523, 16.9624 ], [ 79.5585, 16.972 ], [ 79.5648, 17.0019 ], [ 79.569, 17.0076 ], [ 79.5769, 17.0061 ], [ 79.5822, 16.9995 ] ] ] } },
{ "type": "Feature", "properties": { "unit_id": "IND.32.7.4_1", "name": "Tripuraram", "district": "Nalgonda", "did": "telangana:Nalgonda", "state_key": "telangana" }, "geometry": { "type": "Polygon", "coordinates": [ [ [ 79.473, 16.9316 ], [ 79.486, 16.9356 ], [ 79.4976, 16.935 ], [ 79.4988, 16.9271 ], [ 79.5116, 16.9192 ], [ 79.504, 16.8982 ], [ 79.5102, 16.8906 ], [ 79.502, 16.8878 ], [ 79.4992, 16.8813 ], [ 79.5029, 16.8731 ], [ 79.4986, 16.8721 ], [ 79.4976, 16.8654 ], [ 79.492, 16.861 ], [ 79.4917, 16.843 ], [ 79.4839, 16.842 ], [ 79.4831, 16.8386 ], [ 79.4827, 16.8272 ], [ 79.4996, 16.82 ], [ 79.4961, 16.8117 ], [ 79.5005, 16.7967 ], [ 79.5146, 16.7948 ], [ 79.5214, 16.8012 ], [ 79.5384, 16.7992 ], [ 79.5412, 16.7916 ], [ 79.5377, 16.7788 ], [ 79.5429, 16.7669 ], [ 79.5533, 16.7633 ], [ 79.5554, 16.7556 ], [ 79.5696, 16.7554 ], [ 79.5761, 16.7507 ], [ 79.5287, 16.75 ], [ 79.5301, 16.7418 ], [ 79.5248, 16.7266 ], [ 79.5004, 16.718 ], [ 79.4996, 16.7146 ], [ 79.4741, 16.7158 ], [ 79.4683, 16.7375 ], [ 79.4603, 16.7441 ], [ 79.4614, 16.7498 ], [ 79.4666, 16.7511 ], [ 79.4553, 16.7575 ], [ 79.4539, 16.7646 ], [ 79.4611, 16.7874 ], [ 79.4633, 16.8184 ], [ 79.4524, 16.8269 ], [ 79.453, 16.8386 ], [ 79.4424, 16.8396 ], [ 79.4424, 16.8547 ], [ 79.4336, 16.8614 ], [ 79.4275, 16.8594 ], [ 79.4195, 16.8662 ], [ 79.4096, 16.863 ], [ 79.3966, 16.8657 ], [ 79.3897, 16.8762 ], [ 79.4035, 16.8847 ], [ 79.4075, 16.8935 ], [ 79.3998, 16.8988 ], [ 79.4024, 16.9109 ], [ 79.3978, 16.9143 ], [ 79.4146, 16.9233 ], [ 79.4129, 16.9439 ], [ 79.4291, 16.9421 ], [ 79.4599, 16.9651 ], [ 79.4618, 16.9438 ], [ 79.473, 16.9316 ] ] ] } },
{ "type": "Feature", "properties": { "unit_id": "IND.32.7.4_1", "name": "Nidamanur", "district": "Nalgonda", "did": "telangana:Nalgonda", "state_key": "telangana" }, "geometry": { "type": "Polygon", "coordinates": [ [ [ 79.4036, 16.9632 ], [ 79.4115, 16.9746 ], [ 79.4169, 16.9717 ], [ 79.4177, 16.9601 ], [ 79.4127, 16.9462 ], [ 79.4146, 16.9233 ], [ 79.3978, 16.9143 ], [ 79.4024, 16.9109 ], [ 79.3998, 16.8988 ], [ 79.4075, 16.8935 ], [ 79.4035, 16.8847 ], [ 79.3897, 16.8762 ], [ 79.3966, 16.8657 ], [ 79.4096, 16.863 ], [ 79.4195, 16.8662 ], [ 79.4275, 16.8594 ], [ 79.436, 16.8599 ], [ 79.4424, 16.8547 ], [ 79.4424, 16.8396 ], [ 79.453, 16.8386 ], [ 79.4524, 16.8269 ], [ 79.4633, 16.8184 ], [ 79.4611, 16.7874 ], [ 79.4539, 16.7646 ], [ 79.4553, 16.7575 ], [ 79.4666, 16.7511 ], [ 79.4614, 16.7498 ], [ 79.46, 16.7454 ], [ 79.4683, 16.7375 ], [ 79.47, 16.7223 ], [ 79.4685, 16.715 ], [ 79.463, 16.7108 ], [ 79.4552, 16.7134 ], [ 79.4473, 16.7096 ], [ 79.4285, 16.7115 ], [ 79.4189, 16.7209 ], [ 79.4151, 16.7309 ], [ 79.3947, 16.733 ], [ 79.3836, 16.7234 ], [ 79.3928, 16.7508 ], [ 79.3878, 16.7728 ], [ 79.3799, 16.7726 ], [ 79.3711, 16.7783 ], [ 79.3696, 16.7849 ], [ 79.3551, 16.7969 ], [ 79.3501, 16.8144 ], [ 79.3415, 16.8204 ], [ 79.337, 16.8599 ], [ 79.3139, 16.8629 ], [ 79.3054, 16.889 ], [ 79.2976, 16.8864 ], [ 79.2947, 16.8902 ], [ 79.2942, 16.9049 ], [ 79.3009, 16.919 ], [ 79.339, 16.9307 ], [ 79.3399, 16.9444 ], [ 79.3501, 16.9655 ], [ 79.3735, 16.9662 ], [ 79.3757, 16.9766 ], [ 79.3801, 16.9783 ], [ 79.3961, 16.9753 ], [ 79.3968, 16.9627 ], [ 79.4036, 16.9632 ] ] ] } },
{ "type": "Feature", "properties": { "unit_id": "IND.32.7.5_1", "name": "Tipparti", "district": "Nalgonda", "did": "telangana:Nalgonda", "state_key": "telangana" }, "geometry": { "type": "Polygon", "coordinates": [ [ [ 79.3862, 17.1064 ], [ 79.398, 17.1017 ], [ 79.4096, 17.1016 ], [ 79.4076, 17.08 ], [ 79.4293, 17.075 ], [ 79.4536, 17.0961 ], [ 79.4718, 17.0882 ], [ 79.4938, 17.1 ], [ 79.4956, 17.0959 ], [ 79.4956, 17.0759 ], [ 79.489, 17.056 ], [ 79.4808, 17.0481 ], [ 79.4701, 17.0463 ], [ 79.4653, 17.0226 ], [ 79.4662, 17.0193 ], [ 79.4818, 17.0131 ], [ 79.4833, 16.9893 ], [ 79.474, 16.9813 ], [ 79.4738, 16.9746 ], [ 79.4659, 16.9728 ], [ 79.451, 16.9575 ], [ 79.4283, 16.9418 ], [ 79.4129, 16.9439 ], [ 79.4181, 16.9667 ], [ 79.4115, 16.9746 ], [ 79.4053, 16.9646 ], [ 79.3989, 16.9623 ], [ 79.3952, 16.9638 ], [ 79.3961, 16.9753 ], [ 79.3801, 16.9783 ], [ 79.3757, 16.9766 ], [ 79.3735, 16.9662 ], [ 79.3477, 16.9632 ], [ 79.3471, 16.9741 ], [ 79.3294, 16.9931 ], [ 79.3365, 17.0023 ], [ 79.337, 17.0122 ], [ 79.3008, 17.0296 ], [ 79.3094, 17.0557 ], [ 79.3226, 17.0482 ], [ 79.3284, 17.0675 ], [ 79.3255, 17.077 ], [ 79.3346, 17.0978 ], [ 79.3303, 17.1045 ], [ 79.3318, 17.1106 ], [ 79.3409, 17.1114 ], [ 79.345, 17.1173 ], [ 79.3519, 17.1174 ], [ 79.3537, 17.1109 ], [ 79.3602, 17.1082 ], [ 79.3655, 17.1195 ], [ 79.3576, 17.1213 ], [ 79.3715, 17.1343 ], [ 79.3793, 17.1285 ], [ 79.3775, 17.1239 ], [ 79.3862, 17.1064 ] ] ] } },
{ "type": "Feature", "properties": { "unit_id": "IND.32.7.4_1", "name": "Vemulapalli", "district": "Nalgonda", "did": "telangana:Nalgonda", "state_key": "telangana" }, "geometry": { "type": "Polygon", "coordinates": [ [ [ 79.554, 17.0792 ], [ 79.5933, 17.0707 ], [ 79.5931, 17.0588 ], [ 79.6012, 17.0447 ], [ 79.5987, 17.0276 ], [ 79.6055, 16.9997 ], [ 79.6156, 16.9843 ], [ 79.6166, 16.9691 ], [ 79.5915, 16.9789 ], [ 79.5907, 16.9857 ], [ 79.5866, 16.9876 ], [ 79.589, 16.9995 ], [ 79.5822, 16.9995 ], [ 79.5769, 17.0061 ], [ 79.569, 17.0076 ], [ 79.5604, 16.9897 ], [ 79.557, 16.9677 ], [ 79.5523, 16.9624 ], [ 79.5631, 16.96 ], [ 79.565, 16.9563 ], [ 79.5607, 16.9518 ], [ 79.569, 16.9474 ], [ 79.5746, 16.9136 ], [ 79.5677, 16.8986 ], [ 79.5611, 16.9021 ], [ 79.5495, 16.8899 ], [ 79.5351, 16.8895 ], [ 79.5213, 16.8945 ], [ 79.526, 16.8978 ], [ 79.5168, 16.9174 ], [ 79.4988, 16.9271 ], [ 79.4976, 16.935 ], [ 79.486, 16.9356 ], [ 79.4742, 16.9314 ], [ 79.467, 16.9354 ], [ 79.4618, 16.9438 ], [ 79.4599, 16.9651 ], [ 79.4659, 16.9728 ], [ 79.4738, 16.9746 ], [ 79.474, 16.9813 ], [ 79.4841, 16.993 ], [ 79.4818, 17.0131 ], [ 79.4662, 17.0193 ], [ 79.4653, 17.0226 ], [ 79.4701, 17.0463 ], [ 79.4808, 17.0481 ], [ 79.4871, 17.0536 ], [ 79.4949, 17.0728 ], [ 79.5028, 17.0752 ], [ 79.5077, 17.0828 ], [ 79.5174, 17.0817 ], [ 79.5193, 17.0847 ], [ 79.524, 17.0825 ], [ 79.5324, 17.0902 ], [ 79.5525, 17.0935 ], [ 79.554, 17.0792 ] ] ] } },
{ "type": "Feature", "properties": { "unit_id": "IND.32.7.7_1", "name": "Suryapet", "district": "Suryapet", "did": "telangana:Suryapet", "state_key": "telangana" }, "geometry": { "type": "Polygon", "coordinates": [ [ [ 79.5435, 17.2691 ], [ 79.5397, 17.2671 ], [ 79.5488, 17.2553 ], [ 79.5583, 17.2636 ], [ 79.5667, 17.2591 ], [ 79.5681, 17.2667 ], [ 79.5733, 17.2645 ], [ 79.5808, 17.2664 ], [ 79.5985, 17.2644 ], [ 79.6021, 17.2546 ], [ 79.6216, 17.256 ], [ 79.6303, 17.2507 ], [ 79.6273, 17.2471 ], [ 79.628, 17.2147 ], [ 79.6204, 17.1896 ], [ 79.6227, 17.1757 ], [ 79.6152, 17.1698 ], [ 79.6166, 17.163 ], [ 79.6205, 17.157 ], [ 79.632, 17.1603 ], [ 79.64, 17.1528 ], [ 79.6479, 17.1541 ], [ 79.653, 17.1508 ], [ 79.6515, 17.1439 ], [ 79.6617, 17.1416 ], [ 79.649, 17.1087 ], [ 79.6567, 17.1011 ], [ 79.6678, 17.0968 ], [ 79.6695, 17.087 ], [ 79.641, 17.0611 ], [ 79.6223, 17.0644 ], [ 79.6117, 17.0625 ], [ 79.6072, 17.0577 ], [ 79.6028, 17.0632 ], [ 79.5925, 17.0633 ], [ 79.5921, 17.0836 ], [ 79.5692, 17.12 ], [ 79.562, 17.1414 ], [ 79.5387, 17.1641 ], [ 79.5254, 17.1862 ], [ 79.5197, 17.2333 ], [ 79.5023, 17.231 ], [ 79.494, 17.2334 ], [ 79.4931, 17.2572 ], [ 79.5064, 17.2763 ], [ 79.52, 17.2746 ], [ 79.5304, 17.2786 ], [ 79.5435, 17.2691 ] ] ] } },
{ "type": "Feature", "properties": { "unit_id": "IND.32.7.5_1", "name": "Kethepalli", "district": "Nalgonda", "did": "telangana:Nalgonda", "state_key": "telangana" }, "geometry": { "type": "Polygon", "coordinates": [ [ [ 79.5197, 17.2333 ], [ 79.5254, 17.1862 ], [ 79.5387, 17.1641 ], [ 79.5617, 17.1418 ], [ 79.5692, 17.12 ], [ 79.5921, 17.0836 ], [ 79.5933, 17.0707 ], [ 79.554, 17.0792 ], [ 79.555, 17.0926 ], [ 79.5513, 17.0939 ], [ 79.5324, 17.0902 ], [ 79.524, 17.0825 ], [ 79.5193, 17.0847 ], [ 79.5174, 17.0817 ], [ 79.5077, 17.0828 ], [ 79.5028, 17.0752 ], [ 79.4949, 17.0728 ], [ 79.4937, 17.1001 ], [ 79.4862, 17.1079 ], [ 79.4701, 17.1143 ], [ 79.4626, 17.1284 ], [ 79.4508, 17.1319 ], [ 79.4573, 17.1451 ], [ 79.4349, 17.1476 ], [ 79.4309, 17.1562 ], [ 79.4365, 17.1637 ], [ 79.4361, 17.1844 ], [ 79.4446, 17.1866 ], [ 79.4499, 17.1803 ], [ 79.4586, 17.1811 ], [ 79.4662, 17.2247 ], [ 79.4716, 17.2292 ], [ 79.4787, 17.2279 ], [ 79.4839, 17.2329 ], [ 79.5023, 17.231 ], [ 79.5197, 17.2333 ] ] ] } },
{ "type": "Feature", "properties": { "unit_id": "IND.32.7.5_1", "name": "Nakrekal", "district": "Nalgonda", "did": "telangana:Nalgonda", "state_key": "telangana" }, "geometry": { "type": "Polygon", "coordinates": [ [ [ 79.4931, 17.2572 ], [ 79.494, 17.2334 ], [ 79.4839, 17.2329 ], [ 79.4787, 17.2279 ], [ 79.4716, 17.2292 ], [ 79.4662, 17.2247 ], [ 79.4586, 17.1811 ], [ 79.4499, 17.1803 ], [ 79.4465, 17.1858 ], [ 79.4379, 17.1863 ], [ 79.4365, 17.1637 ], [ 79.4309, 17.1562 ], [ 79.4349, 17.1476 ], [ 79.4573, 17.1451 ], [ 79.4508, 17.1319 ], [ 79.4626, 17.1284 ], [ 79.4701, 17.1143 ], [ 79.4862, 17.1079 ], [ 79.4938, 17.1 ], [ 79.4718, 17.0882 ], [ 79.4536, 17.0961 ], [ 79.4293, 17.075 ], [ 79.4076, 17.08 ], [ 79.4093, 17.102 ], [ 79.398, 17.1017 ], [ 79.3862, 17.1064 ], [ 79.3799, 17.1164 ], [ 79.3811, 17.1208 ], [ 79.3774, 17.1218 ], [ 79.3793, 17.1285 ], [ 79.3715, 17.1343 ], [ 79.3641, 17.1299 ], [ 79.36, 17.1345 ], [ 79.366, 17.1427 ], [ 79.3833, 17.1436 ], [ 79.3753, 17.1554 ], [ 79.3748, 17.16 ], [ 79.3822, 17.1659 ], [ 79.3779, 17.1725 ], [ 79.3799, 17.1908 ], [ 79.3753, 17.2081 ], [ 79.3836, 17.2211 ], [ 79.3968, 17.2319 ], [ 79.423, 17.222 ], [ 79.4278, 17.229 ], [ 79.4308, 17.2283 ], [ 79.4328, 17.2364 ], [ 79.4432, 17.2406 ], [ 79.4458, 17.2519 ], [ 79.4419, 17.2567 ], [ 79.4589, 17.258 ], [ 79.4619, 17.2643 ], [ 79.483, 17.2547 ], [ 79.4931, 17.2572 ] ] ] } },
{ "type": "Feature", "properties": { "unit_id": "IND.32.7.5_1", "name": "Nalgonda", "district": "Nalgonda", "did": "telangana:Nalgonda", "state_key": "telangana" }, "geometry": { "type": "Polygon", "coordinates": [ [ [ 79.2328, 17.1357 ], [ 79.2471, 17.1332 ], [ 79.2522, 17.124 ], [ 79.2669, 17.1171 ], [ 79.2645, 17.1201 ], [ 79.2691, 17.1233 ], [ 79.2723, 17.1485 ], [ 79.2947, 17.1427 ], [ 79.3038, 17.1333 ], [ 79.3139, 17.1346 ], [ 79.3246, 17.1312 ], [ 79.3267, 17.1188 ], [ 79.3351, 17.1129 ], [ 79.3303, 17.1045 ], [ 79.3341, 17.0957 ], [ 79.3255, 17.077 ], [ 79.3282, 17.0664 ], [ 79.3226, 17.0482 ], [ 79.3098, 17.0559 ], [ 79.307, 17.0531 ], [ 79.3008, 17.0296 ], [ 79.337, 17.0122 ], [ 79.3365, 17.0023 ], [ 79.3294, 16.9931 ], [ 79.3471, 16.9741 ], [ 79.3442, 16.9566 ], [ 79.3369, 16.9598 ], [ 79.3155, 16.9594 ], [ 79.3121, 16.963 ], [ 79.3149, 16.9771 ], [ 79.2967, 16.976 ], [ 79.2966, 16.97 ], [ 79.2899, 16.9674 ], [ 79.2833, 16.9722 ], [ 79.2761, 16.9724 ], [ 79.2708, 16.9782 ], [ 79.264, 16.9777 ], [ 79.2497, 17.0106 ], [ 79.2366, 17.0112 ], [ 79.2093, 17.0204 ], [ 79.1945, 17.0147 ], [ 79.193, 17.0077 ], [ 79.1852, 17.0009 ], [ 79.1775, 17.0075 ], [ 79.1692, 17.0067 ], [ 79.1482, 17.0146 ], [ 79.1461, 17.0272 ], [ 79.1344, 17.0257 ], [ 79.1306, 17.0325 ], [ 79.1216, 17.0325 ], [ 79.1169, 17.0391 ], [ 79.118, 17.0554 ], [ 79.1283, 17.0861 ], [ 79.1446, 17.0963 ], [ 79.1509, 17.1181 ], [ 79.1629, 17.1168 ], [ 79.1738, 17.1241 ], [ 79.1838, 17.1453 ], [ 79.1964, 17.151 ], [ 79.1874, 17.1379 ], [ 79.2323, 17.1408 ], [ 79.2328, 17.1357 ] ] ] } },
{ "type": "Feature", "properties": { "unit_id": "IND.32.7.5_1", "name": "Kanagallu", "district": "Nalgonda", "did": "telangana:Nalgonda", "state_key": "telangana" }, "geometry": { "type": "Polygon", "coordinates": [ [ [ 79.1344, 17.0257 ], [ 79.1471, 17.0266 ], [ 79.1482, 17.0146 ], [ 79.1692, 17.0067 ], [ 79.1775, 17.0075 ], [ 79.1852, 17.0009 ], [ 79.193, 17.0077 ], [ 79.1945, 17.0147 ], [ 79.2093, 17.0204 ], [ 79.2366, 17.0112 ], [ 79.2497, 17.0106 ], [ 79.264, 16.9777 ], [ 79.2708, 16.9782 ], [ 79.2761, 16.9724 ], [ 79.2833, 16.9722 ], [ 79.2899, 16.9674 ], [ 79.2966, 16.97 ], [ 79.2967, 16.976 ], [ 79.3149, 16.9771 ], [ 79.3121, 16.963 ], [ 79.3155, 16.9594 ], [ 79.3369, 16.9598 ], [ 79.3442, 16.9566 ], [ 79.3393, 16.931 ], [ 79.3009, 16.919 ], [ 79.2944, 16.9057 ], [ 79.2786, 16.9154 ], [ 79.2653, 16.9102 ], [ 79.2583, 16.9109 ], [ 79.2465, 16.9209 ], [ 79.23, 16.9243 ], [ 79.2403, 16.9098 ], [ 79.2392, 16.9006 ], [ 79.2216, 16.885 ], [ 79.2099, 16.8682 ], [ 79.2051, 16.8691 ], [ 79.2024, 16.8822 ], [ 79.189, 16.8898 ], [ 79.1954, 16.9139 ], [ 79.1809, 16.9269 ], [ 79.1803, 16.934 ], [ 79.1361, 16.9378 ], [ 79.1234, 16.9308 ], [ 79.0847, 16.939 ], [ 79.0893, 16.9682 ], [ 79.0972, 16.9741 ], [ 79.1012, 16.9844 ], [ 79.1014, 17.0007 ], [ 79.1127, 17.0074 ], [ 79.1216, 17.0325 ], [ 79.1313, 17.0318 ], [ 79.1344, 17.0257 ] ] ] } },
{ "type": "Feature", "properties": { "unit_id": "IND.32.7.5_1", "name": "Narkatpalli", "district": "Nalgonda", "did": "telangana:Nalgonda", "state_key": "telangana" }, "geometry": { "type": "Polygon", "coordinates": [ [ [ 79.2992, 17.3225 ], [ 79.2905, 17.2976 ], [ 79.2975, 17.2907 ], [ 79.2823, 17.2691 ], [ 79.2845, 17.2608 ], [ 79.2926, 17.2537 ], [ 79.2876, 17.2373 ], [ 79.2657, 17.2417 ], [ 79.2572, 17.2333 ], [ 79.2607, 17.2141 ], [ 79.2588, 17.2093 ], [ 79.2549, 17.2092 ], [ 79.2556, 17.1978 ], [ 79.2431, 17.1708 ], [ 79.2435, 17.1577 ], [ 79.2467, 17.1567 ], [ 79.2419, 17.1405 ], [ 79.2471, 17.1332 ], [ 79.2333, 17.1354 ], [ 79.2334, 17.1399 ], [ 79.2292, 17.1414 ], [ 79.1874, 17.1379 ], [ 79.1957, 17.1509 ], [ 79.1838, 17.1453 ], [ 79.1738, 17.1241 ], [ 79.1629, 17.1168 ], [ 79.1509, 17.1181 ], [ 79.1492, 17.1367 ], [ 79.1377, 17.1336 ], [ 79.1216, 17.1443 ], [ 79.1273, 17.1704 ], [ 79.1356, 17.1688 ], [ 79.1414, 17.1758 ], [ 79.1508, 17.1747 ], [ 79.1496, 17.1893 ], [ 79.1535, 17.2 ], [ 79.1468, 17.2104 ], [ 79.1641, 17.2175 ], [ 79.1743, 17.2171 ], [ 79.1712, 17.2252 ], [ 79.1818, 17.237 ], [ 79.1779, 17.2517 ], [ 79.1842, 17.2733 ], [ 79.205, 17.2621 ], [ 79.2047, 17.2689 ], [ 79.2159, 17.2888 ], [ 79.2194, 17.3138 ], [ 79.2289, 17.3179 ], [ 79.2481, 17.3154 ], [ 79.2518, 17.325 ], [ 79.2507, 17.3588 ], [ 79.3048, 17.3577 ], [ 79.2992, 17.3225 ] ] ] } },
{ "type": "Feature", "properties": { "unit_id": "IND.32.7.5_1", "name": "Kattangur", "district": "Nalgonda", "did": "telangana:Nalgonda", "state_key": "telangana" }, "geometry": { "type": "Polygon", "coordinates": [ [ [ 79.3623, 17.236 ], [ 79.382, 17.2183 ], [ 79.3753, 17.2081 ], [ 79.3799, 17.1908 ], [ 79.3779, 17.1725 ], [ 79.3822, 17.1659 ], [ 79.3748, 17.16 ], [ 79.3833, 17.1436 ], [ 79.366, 17.1427 ], [ 79.3605, 17.1359 ], [ 79.3641, 17.1299 ], [ 79.3576, 17.1213 ], [ 79.3655, 17.1195 ], [ 79.3602, 17.1082 ], [ 79.3537, 17.1109 ], [ 79.3519, 17.1174 ], [ 79.345, 17.1173 ], [ 79.3384, 17.111 ], [ 79.3267, 17.1188 ], [ 79.3246, 17.1312 ], [ 79.3139, 17.1346 ], [ 79.3038, 17.1333 ], [ 79.2947, 17.1427 ], [ 79.2723, 17.1485 ], [ 79.2691, 17.1233 ], [ 79.2645, 17.1201 ], [ 79.2669, 17.1171 ], [ 79.2533, 17.1232 ], [ 79.2419, 17.1405 ], [ 79.2467, 17.1567 ], [ 79.2427, 17.1638 ], [ 79.245, 17.1776 ], [ 79.2556, 17.1978 ], [ 79.2549, 17.2092 ], [ 79.2588, 17.2093 ], [ 79.2607, 17.2141 ], [ 79.2572, 17.2333 ], [ 79.2657, 17.2417 ], [ 79.2876, 17.2373 ], [ 79.2926, 17.2537 ], [ 79.2845, 17.2608 ], [ 79.2823, 17.2691 ], [ 79.2975, 17.2907 ], [ 79.3241, 17.265 ], [ 79.3372, 17.2554 ], [ 79.3496, 17.2516 ], [ 79.3559, 17.2379 ], [ 79.3623, 17.236 ] ] ] } },
{ "type": "Feature", "properties": { "unit_id": "IND.32.10.2_1", "name": "Lingal Ghanpuram", "district": "Jangaon", "did": "telangana:Jangaon", "state_key": "telangana" }, "geometry": { "type": "Polygon", "coordinates": [ [ [ 79.2359, 17.6968 ], [ 79.261, 17.7116 ], [ 79.2766, 17.7061 ], [ 79.2904, 17.6921 ], [ 79.293, 17.6952 ], [ 79.311, 17.689 ], [ 79.3188, 17.6736 ], [ 79.314, 17.6652 ], [ 79.3165, 17.654 ], [ 79.3105, 17.6534 ], [ 79.2853, 17.6667 ], [ 79.2809, 17.6557 ], [ 79.2897, 17.6432 ], [ 79.2851, 17.6312 ], [ 79.2689, 17.6275 ], [ 79.2684, 17.6083 ], [ 79.2627, 17.6124 ], [ 79.2444, 17.6015 ], [ 79.2219, 17.6041 ], [ 79.215, 17.6179 ], [ 79.2054, 17.6239 ], [ 79.1897, 17.5993 ], [ 79.1841, 17.5993 ], [ 79.1778, 17.5832 ], [ 79.1673, 17.5752 ], [ 79.1512, 17.5873 ], [ 79.1577, 17.622 ], [ 79.1442, 17.6282 ], [ 79.1404, 17.6386 ], [ 79.1348, 17.6428 ], [ 79.1295, 17.6579 ], [ 79.1306, 17.6723 ], [ 79.1451, 17.6975 ], [ 79.1629, 17.6926 ], [ 79.1678, 17.6974 ], [ 79.1725, 17.7142 ], [ 79.1803, 17.7252 ], [ 79.2079, 17.7166 ], [ 79.2359, 17.6968 ] ] ] } },
{ "type": "Feature", "properties": { "unit_id": "IND.32.7.6_1", "name": "Gundal", "district": "Jangaon", "did": "telangana:Jangaon", "state_key": "telangana" }, "geometry": { "type": "Polygon", "coordinates": [ [ [ 79.2188, 17.5861 ], [ 79.2416, 17.5727 ], [ 79.2395, 17.5626 ], [ 79.2578, 17.5591 ], [ 79.2627, 17.5691 ], [ 79.2755, 17.5798 ], [ 79.2891, 17.5692 ], [ 79.2881, 17.5651 ], [ 79.2954, 17.5554 ], [ 79.304, 17.5561 ], [ 79.3127, 17.5505 ], [ 79.3117, 17.5448 ], [ 79.3204, 17.54 ], [ 79.3227, 17.5277 ], [ 79.3417, 17.5211 ], [ 79.3621, 17.5205 ], [ 79.3789, 17.5112 ], [ 79.373, 17.503 ], [ 79.363, 17.5007 ], [ 79.369, 17.4914 ], [ 79.3438, 17.4663 ], [ 79.3385, 17.4548 ], [ 79.3281, 17.4508 ], [ 79.3205, 17.4526 ], [ 79.2923, 17.4692 ], [ 79.2851, 17.4692 ], [ 79.2938, 17.4865 ], [ 79.2747, 17.4976 ], [ 79.2683, 17.4967 ], [ 79.2631, 17.4905 ], [ 79.2571, 17.4709 ], [ 79.2449, 17.4786 ], [ 79.2298, 17.4969 ], [ 79.2142, 17.4999 ], [ 79.2052, 17.5102 ], [ 79.1766, 17.5102 ], [ 79.1678, 17.5151 ], [ 79.1678, 17.5196 ], [ 79.1574, 17.5241 ], [ 79.1399, 17.5243 ], [ 79.1365, 17.5451 ], [ 79.1663, 17.5692 ], [ 79.1677, 17.5754 ], [ 79.179, 17.585 ], [ 79.1841, 17.5993 ], [ 79.1897, 17.5993 ], [ 79.2054, 17.6239 ], [ 79.2183, 17.6128 ], [ 79.2188, 17.6047 ], [ 79.2128, 17.5941 ], [ 79.2188, 17.5861 ] ] ] } },
{ "type": "Feature", "properties": { "unit_id": "IND.32.10.2_1", "name": "Evaruppal", "district": "Jangaon", "did": "telangana:Jangaon", "state_key": "telangana" }, "geometry": { "type": "Polygon", "coordinates": [ [ [ 79.3411, 17.6431 ], [ 79.3563, 17.6444 ], [ 79.3734, 17.6406 ], [ 79.3791, 17.6164 ], [ 79.3844, 17.6153 ], [ 79.373, 17.6028 ], [ 79.3924, 17.6005 ], [ 79.4031, 17.5743 ], [ 79.3985, 17.575 ], [ 79.3878, 17.5588 ], [ 79.3844, 17.5347 ], [ 79.3909, 17.5326 ], [ 79.3859, 17.5105 ], [ 79.3773, 17.5105 ], [ 79.3621, 17.5205 ], [ 79.3417, 17.5211 ], [ 79.3227, 17.5277 ], [ 79.3204, 17.54 ], [ 79.3117, 17.5448 ], [ 79.3127, 17.5505 ], [ 79.304, 17.5561 ], [ 79.2954, 17.5554 ], [ 79.2881, 17.5651 ], [ 79.2891, 17.5692 ], [ 79.2755, 17.5798 ], [ 79.2627, 17.5691 ], [ 79.2578, 17.5591 ], [ 79.2395, 17.5626 ], [ 79.2416, 17.5727 ], [ 79.2195, 17.5856 ], [ 79.2128, 17.5941 ], [ 79.2189, 17.605 ], [ 79.2444, 17.6015 ], [ 79.2627, 17.6124 ], [ 79.2684, 17.6083 ], [ 79.2689, 17.6275 ], [ 79.2851, 17.6312 ], [ 79.2897, 17.6432 ], [ 79.2809, 17.6557 ], [ 79.2847, 17.6663 ], [ 79.3151, 17.6538 ], [ 79.314, 17.6652 ], [ 79.3197, 17.6753 ], [ 79.3299, 17.6744 ], [ 79.344, 17.6784 ], [ 79.3574, 17.672 ], [ 79.3411, 17.6431 ] ] ] } },
{ "type": "Feature", "properties": { "unit_id": "IND.32.7.6_1", "name": "Mothkur", "district": "Yadadri Bhuvanagiri", "did": "telangana:Yadadri Bhuvanagiri", "state_key": "telangana" }, "geometry": { "type": "Polygon", "coordinates": [ [ [ 79.2938, 17.4865 ], [ 79.2851, 17.4692 ], [ 79.2916, 17.4695 ], [ 79.3145, 17.4543 ], [ 79.3281, 17.4508 ], [ 79.3407, 17.4564 ], [ 79.3438, 17.4663 ], [ 79.3593, 17.4822 ], [ 79.3662, 17.4863 ], [ 79.3727, 17.4825 ], [ 79.3774, 17.4732 ], [ 79.4068, 17.4517 ], [ 79.4192, 17.4341 ], [ 79.4249, 17.4163 ], [ 79.4129, 17.4016 ], [ 79.4145, 17.3915 ], [ 79.4218, 17.3762 ], [ 79.442, 17.3638 ], [ 79.4537, 17.345 ], [ 79.4021, 17.3485 ], [ 79.3694, 17.3441 ], [ 79.3434, 17.356 ], [ 79.3255, 17.3602 ], [ 79.2953, 17.3568 ], [ 79.2571, 17.3602 ], [ 79.2425, 17.3576 ], [ 79.2311, 17.3712 ], [ 79.2186, 17.3681 ], [ 79.2104, 17.3819 ], [ 79.1943, 17.3856 ], [ 79.1827, 17.3943 ], [ 79.1783, 17.394 ], [ 79.1785, 17.4005 ], [ 79.2007, 17.4095 ], [ 79.2181, 17.4506 ], [ 79.2283, 17.4501 ], [ 79.2282, 17.4598 ], [ 79.2335, 17.463 ], [ 79.2349, 17.4743 ], [ 79.2449, 17.4786 ], [ 79.2571, 17.4709 ], [ 79.2631, 17.4905 ], [ 79.2683, 17.4967 ], [ 79.2747, 17.4976 ], [ 79.2938, 17.4865 ] ] ] } },
{ "type": "Feature", "properties": { "unit_id": "IND.32.7.7_1", "name": "Tirmalgiri", "district": "Suryapet", "did": "telangana:Suryapet", "state_key": "telangana" }, "geometry": { "type": "Polygon", "coordinates": [ [ [ 79.5688, 17.5007 ], [ 79.5715, 17.4948 ], [ 79.576, 17.4937 ], [ 79.5714, 17.4727 ], [ 79.5802, 17.464 ], [ 79.5784, 17.4592 ], [ 79.5686, 17.456 ], [ 79.5543, 17.4653 ], [ 79.548, 17.4606 ], [ 79.5361, 17.4358 ], [ 79.5198, 17.4356 ], [ 79.5179, 17.4075 ], [ 79.5077, 17.411 ], [ 79.5017, 17.4067 ], [ 79.4946, 17.4096 ], [ 79.473, 17.4064 ], [ 79.4565, 17.4148 ], [ 79.4504, 17.408 ], [ 79.4357, 17.4152 ], [ 79.4247, 17.4156 ], [ 79.4207, 17.4313 ], [ 79.4072, 17.4511 ], [ 79.3765, 17.474 ], [ 79.3731, 17.482 ], [ 79.3662, 17.4863 ], [ 79.369, 17.4914 ], [ 79.363, 17.5007 ], [ 79.373, 17.503 ], [ 79.3789, 17.5112 ], [ 79.3833, 17.5117 ], [ 79.4125, 17.4986 ], [ 79.4246, 17.5025 ], [ 79.4302, 17.5166 ], [ 79.4534, 17.5117 ], [ 79.4724, 17.5146 ], [ 79.4851, 17.5101 ], [ 79.5009, 17.4962 ], [ 79.5218, 17.4948 ], [ 79.5261, 17.5124 ], [ 79.5416, 17.527 ], [ 79.5659, 17.4975 ], [ 79.5688, 17.5007 ] ] ] } },
{ "type": "Feature", "properties": { "unit_id": "IND.32.10.2_1", "name": "Kodakandla", "district": "Jangaon", "did": "telangana:Jangaon", "state_key": "telangana" }, "geometry": { "type": "Polygon", "coordinates": [ [ [ 79.5778, 17.6204 ], [ 79.5906, 17.5958 ], [ 79.5904, 17.5902 ], [ 79.5793, 17.5762 ], [ 79.6026, 17.548 ], [ 79.5897, 17.5289 ], [ 79.5961, 17.4994 ], [ 79.576, 17.5036 ], [ 79.566, 17.4973 ], [ 79.5416, 17.527 ], [ 79.5261, 17.5124 ], [ 79.5218, 17.4948 ], [ 79.5168, 17.4942 ], [ 79.5009, 17.4962 ], [ 79.4851, 17.5101 ], [ 79.4724, 17.5146 ], [ 79.4534, 17.5117 ], [ 79.4302, 17.5166 ], [ 79.4246, 17.5025 ], [ 79.4125, 17.4986 ], [ 79.3859, 17.5105 ], [ 79.3909, 17.5326 ], [ 79.3844, 17.5347 ], [ 79.3878, 17.5588 ], [ 79.3985, 17.575 ], [ 79.435, 17.578 ], [ 79.4319, 17.5614 ], [ 79.4542, 17.5598 ], [ 79.4691, 17.5641 ], [ 79.4877, 17.5866 ], [ 79.5002, 17.5953 ], [ 79.5033, 17.5962 ], [ 79.512, 17.587 ], [ 79.532, 17.5932 ], [ 79.5372, 17.6007 ], [ 79.5395, 17.6205 ], [ 79.5364, 17.6303 ], [ 79.5405, 17.6379 ], [ 79.5637, 17.6185 ], [ 79.5778, 17.6204 ] ] ] } },
{ "type": "Feature", "properties": { "unit_id": "IND.32.7.7_1", "name": "Ajireddigudem", "district": "Suryapet", "did": "telangana:Suryapet", "state_key": "telangana" }, "geometry": { "type": "Polygon", "coordinates": [ [ [ 79.4565, 17.4148 ], [ 79.473, 17.4064 ], [ 79.4946, 17.4096 ], [ 79.5017, 17.4067 ], [ 79.5077, 17.411 ], [ 79.5179, 17.4075 ], [ 79.5176, 17.3987 ], [ 79.5338, 17.3794 ], [ 79.5342, 17.3696 ], [ 79.5521, 17.3592 ], [ 79.5518, 17.3473 ], [ 79.5624, 17.3415 ], [ 79.5741, 17.349 ], [ 79.5977, 17.3419 ], [ 79.6052, 17.3355 ], [ 79.6155, 17.3496 ], [ 79.626, 17.3454 ], [ 79.6275, 17.3327 ], [ 79.6385, 17.3306 ], [ 79.6453, 17.3229 ], [ 79.6356, 17.316 ], [ 79.6266, 17.3024 ], [ 79.6104, 17.2978 ], [ 79.6043, 17.3042 ], [ 79.5985, 17.3022 ], [ 79.5868, 17.2817 ], [ 79.5944, 17.2652 ], [ 79.5681, 17.2667 ], [ 79.567, 17.2592 ], [ 79.5583, 17.2636 ], [ 79.5488, 17.2553 ], [ 79.5397, 17.2671 ], [ 79.5428, 17.2699 ], [ 79.5327, 17.2785 ], [ 79.5254, 17.2786 ], [ 79.52, 17.2746 ], [ 79.5077, 17.2772 ], [ 79.4972, 17.2624 ], [ 79.4843, 17.3127 ], [ 79.4748, 17.3309 ], [ 79.4537, 17.345 ], [ 79.442, 17.3638 ], [ 79.4223, 17.3757 ], [ 79.4138, 17.3934 ], [ 79.4131, 17.4022 ], [ 79.4247, 17.4156 ], [ 79.4357, 17.4152 ], [ 79.4486, 17.4081 ], [ 79.4565, 17.4148 ] ] ] } },
{ "type": "Feature", "properties": { "unit_id": "IND.32.7.5_1", "name": "Shaligouraram", "district": "Nalgonda", "did": "telangana:Nalgonda", "state_key": "telangana" }, "geometry": { "type": "Polygon", "coordinates": [ [ [ 79.3995, 17.3484 ], [ 79.4465, 17.3465 ], [ 79.4636, 17.3399 ], [ 79.4748, 17.3309 ], [ 79.4843, 17.3127 ], [ 79.4972, 17.2624 ], [ 79.4946, 17.2583 ], [ 79.4811, 17.2549 ], [ 79.4619, 17.2643 ], [ 79.4589, 17.258 ], [ 79.4419, 17.2567 ], [ 79.4458, 17.2519 ], [ 79.4432, 17.2406 ], [ 79.4328, 17.2364 ], [ 79.4308, 17.2283 ], [ 79.4278, 17.229 ], [ 79.423, 17.222 ], [ 79.4029, 17.2273 ], [ 79.3974, 17.232 ], [ 79.3815, 17.2186 ], [ 79.3623, 17.236 ], [ 79.3537, 17.239 ], [ 79.3496, 17.2516 ], [ 79.3372, 17.2554 ], [ 79.3241, 17.265 ], [ 79.2905, 17.2976 ], [ 79.2992, 17.3225 ], [ 79.3048, 17.3577 ], [ 79.3322, 17.3592 ], [ 79.3694, 17.3441 ], [ 79.3995, 17.3484 ] ] ] } },
{ "type": "Feature", "properties": { "unit_id": "IND.32.7.7_1", "name": "Atmakur(s)", "district": "Suryapet", "did": "telangana:Suryapet", "state_key": "telangana" }, "geometry": { "type": "Polygon", "coordinates": [ [ [ 79.8035, 17.3093 ], [ 79.8173, 17.2911 ], [ 79.8051, 17.281 ], [ 79.8058, 17.2641 ], [ 79.801, 17.2591 ], [ 79.791, 17.2563 ], [ 79.7801, 17.261 ], [ 79.7801, 17.2675 ], [ 79.7747, 17.2658 ], [ 79.7722, 17.2594 ], [ 79.7758, 17.2499 ], [ 79.7711, 17.2346 ], [ 79.7736, 17.2308 ], [ 79.7692, 17.2209 ], [ 79.7298, 17.1876 ], [ 79.703, 17.2007 ], [ 79.6754, 17.202 ], [ 79.674, 17.1981 ], [ 79.6649, 17.2019 ], [ 79.6458, 17.1972 ], [ 79.6271, 17.2174 ], [ 79.6273, 17.2471 ], [ 79.6303, 17.2507 ], [ 79.6216, 17.256 ], [ 79.6021, 17.2546 ], [ 79.6005, 17.2633 ], [ 79.5944, 17.2652 ], [ 79.5867, 17.2809 ], [ 79.5903, 17.2926 ], [ 79.6032, 17.3041 ], [ 79.6104, 17.2978 ], [ 79.6266, 17.3024 ], [ 79.6305, 17.2924 ], [ 79.6412, 17.2843 ], [ 79.6516, 17.2813 ], [ 79.657, 17.2999 ], [ 79.6665, 17.3084 ], [ 79.6774, 17.3067 ], [ 79.6862, 17.3109 ], [ 79.7042, 17.3048 ], [ 79.7185, 17.3053 ], [ 79.738, 17.2991 ], [ 79.7579, 17.2976 ], [ 79.7667, 17.3025 ], [ 79.7739, 17.3003 ], [ 79.7803, 17.3128 ], [ 79.7923, 17.3059 ], [ 79.8035, 17.3093 ] ] ] } },
{ "type": "Feature", "properties": { "unit_id": "IND.32.7.7_1", "name": "Nutankal", "district": "Suryapet", "did": "telangana:Suryapet", "state_key": "telangana" }, "geometry": { "type": "Polygon", "coordinates": [ [ [ 79.7304, 17.4282 ], [ 79.7436, 17.4291 ], [ 79.752, 17.4398 ], [ 79.762, 17.4299 ], [ 79.7622, 17.4078 ], [ 79.7725, 17.3994 ], [ 79.7755, 17.403 ], [ 79.797, 17.3935 ], [ 79.7914, 17.3839 ], [ 79.7812, 17.3811 ], [ 79.7776, 17.369 ], [ 79.7961, 17.354 ], [ 79.7928, 17.326 ], [ 79.8035, 17.3251 ], [ 79.8035, 17.3093 ], [ 79.7928, 17.3053 ], [ 79.7803, 17.3128 ], [ 79.7739, 17.3003 ], [ 79.7667, 17.3025 ], [ 79.7579, 17.2976 ], [ 79.738, 17.2991 ], [ 79.7185, 17.3053 ], [ 79.7042, 17.3048 ], [ 79.6862, 17.3109 ], [ 79.6774, 17.3067 ], [ 79.6665, 17.3084 ], [ 79.657, 17.2999 ], [ 79.6516, 17.2813 ], [ 79.6412, 17.2843 ], [ 79.6281, 17.2971 ], [ 79.6266, 17.3024 ], [ 79.6356, 17.316 ], [ 79.6453, 17.3229 ], [ 79.6385, 17.3306 ], [ 79.6275, 17.3327 ], [ 79.6282, 17.3395 ], [ 79.6353, 17.3407 ], [ 79.6471, 17.3565 ], [ 79.6553, 17.3541 ], [ 79.6576, 17.366 ], [ 79.6502, 17.3689 ], [ 79.6309, 17.3683 ], [ 79.6313, 17.3705 ], [ 79.6527, 17.4143 ], [ 79.6878, 17.4054 ], [ 79.6887, 17.4143 ], [ 79.6815, 17.4278 ], [ 79.683, 17.4354 ], [ 79.701, 17.4357 ], [ 79.6992, 17.4419 ], [ 79.7069, 17.447 ], [ 79.7183, 17.4342 ], [ 79.7304, 17.4282 ] ] ] } },
{ "type": "Feature", "properties": { "unit_id": "IND.32.7.7_1", "name": "Moteh", "district": "Suryapet", "did": "telangana:Suryapet", "state_key": "telangana" }, "geometry": { "type": "Polygon", "coordinates": [ [ [ 79.8404, 17.2793 ], [ 79.8681, 17.2623 ], [ 79.8728, 17.266 ], [ 79.8814, 17.2591 ], [ 79.89, 17.2563 ], [ 79.8895, 17.2594 ], [ 79.9007, 17.2538 ], [ 79.9022, 17.2463 ], [ 79.8957, 17.2309 ], [ 79.9019, 17.2115 ], [ 79.8862, 17.2091 ], [ 79.8766, 17.1936 ], [ 79.881, 17.1736 ], [ 79.8463, 17.1639 ], [ 79.803, 17.1595 ], [ 79.7725, 17.1051 ], [ 79.7579, 17.0974 ], [ 79.7439, 17.1006 ], [ 79.7455, 17.1088 ], [ 79.7265, 17.1182 ], [ 79.7299, 17.1382 ], [ 79.7372, 17.1297 ], [ 79.742, 17.13 ], [ 79.7512, 17.1515 ], [ 79.7564, 17.1536 ], [ 79.7561, 17.1691 ], [ 79.7602, 17.1669 ], [ 79.7619, 17.1733 ], [ 79.7585, 17.1773 ], [ 79.7291, 17.1812 ], [ 79.7298, 17.1876 ], [ 79.7692, 17.2209 ], [ 79.7736, 17.2308 ], [ 79.7711, 17.2346 ], [ 79.7758, 17.2499 ], [ 79.7722, 17.2594 ], [ 79.7747, 17.2658 ], [ 79.7801, 17.2675 ], [ 79.78, 17.2612 ], [ 79.787, 17.2569 ], [ 79.801, 17.2591 ], [ 79.8063, 17.2651 ], [ 79.8051, 17.281 ], [ 79.8173, 17.2911 ], [ 79.8177, 17.282 ], [ 79.8304, 17.2703 ], [ 79.8404, 17.2793 ] ] ] } },
{ "type": "Feature", "properties": { "unit_id": "IND.32.4.3_1", "name": "Kushmanchi", "district": "Khammam", "did": "telangana:Khammam", "state_key": "telangana" }, "geometry": { "type": "Polygon", "coordinates": [ [ [ 79.9401, 17.2838 ], [ 79.9363, 17.292 ], [ 79.9512, 17.293 ], [ 79.9695, 17.2846 ], [ 79.9696, 17.2695 ], [ 79.9828, 17.2794 ], [ 79.9986, 17.2847 ], [ 80.0034, 17.2833 ], [ 80.0067, 17.2646 ], [ 80.0193, 17.2673 ], [ 80.0191, 17.2555 ], [ 80.0337, 17.2474 ], [ 80.0325, 17.224 ], [ 80.0434, 17.2148 ], [ 80.0406, 17.191 ], [ 80.0341, 17.1943 ], [ 80.0267, 17.1894 ], [ 80.0223, 17.1938 ], [ 80.0148, 17.191 ], [ 80.0119, 17.194 ], [ 80.0056, 17.1888 ], [ 80.0029, 17.1804 ], [ 80.0058, 17.1795 ], [ 79.9998, 17.1753 ], [ 79.9986, 17.1785 ], [ 79.9826, 17.1804 ], [ 79.9718, 17.1526 ], [ 79.9595, 17.1468 ], [ 79.9803, 17.133 ], [ 79.9778, 17.123 ], [ 79.9823, 17.1126 ], [ 79.9756, 17.1058 ], [ 79.9621, 17.1244 ], [ 79.9462, 17.135 ], [ 79.9319, 17.1274 ], [ 79.9184, 17.1295 ], [ 79.9125, 17.1487 ], [ 79.8989, 17.1553 ], [ 79.8887, 17.1717 ], [ 79.881, 17.1736 ], [ 79.8766, 17.1936 ], [ 79.8862, 17.2091 ], [ 79.9019, 17.2115 ], [ 79.8957, 17.2309 ], [ 79.9022, 17.2466 ], [ 79.9007, 17.2538 ], [ 79.8895, 17.2594 ], [ 79.89, 17.2563 ], [ 79.8814, 17.2591 ], [ 79.8733, 17.2658 ], [ 79.8699, 17.2649 ], [ 79.8696, 17.2684 ], [ 79.8897, 17.2871 ], [ 79.9047, 17.2856 ], [ 79.921, 17.2955 ], [ 79.9309, 17.2859 ], [ 79.9401, 17.2838 ] ] ] } },
{ "type": "Feature", "properties": { "unit_id": "IND.32.4.3_1", "name": "Thirumalayapalem", "district": "Khammam", "did": "telangana:Khammam", "state_key": "telangana" }, "geometry": { "type": "Polygon", "coordinates": [ [ [ 79.9925, 17.3641 ], [ 80.0466, 17.3523 ], [ 80.0523, 17.3466 ], [ 80.0484, 17.3391 ], [ 80.0475, 17.3124 ], [ 80.054, 17.291 ], [ 80.0459, 17.2693 ], [ 80.0067, 17.2646 ], [ 80.0043, 17.2813 ], [ 79.9986, 17.2847 ], [ 79.9828, 17.2794 ], [ 79.9696, 17.2695 ], [ 79.9705, 17.2824 ], [ 79.9657, 17.2868 ], [ 79.9508, 17.2932 ], [ 79.9369, 17.2921 ], [ 79.9405, 17.2846 ], [ 79.9351, 17.2837 ], [ 79.921, 17.2955 ], [ 79.9047, 17.2856 ], [ 79.8897, 17.2871 ], [ 79.8696, 17.2684 ], [ 79.8683, 17.2623 ], [ 79.8404, 17.2793 ], [ 79.8305, 17.2702 ], [ 79.8177, 17.282 ], [ 79.8188, 17.29 ], [ 79.8019, 17.3119 ], [ 79.8043, 17.3252 ], [ 79.8315, 17.3359 ], [ 79.8435, 17.3292 ], [ 79.8499, 17.3346 ], [ 79.8754, 17.3305 ], [ 79.8789, 17.3535 ], [ 79.8823, 17.3572 ], [ 79.8913, 17.3533 ], [ 79.8958, 17.3565 ], [ 79.9031, 17.3759 ], [ 79.9302, 17.3725 ], [ 79.9306, 17.3664 ], [ 79.9404, 17.3822 ], [ 79.9366, 17.3951 ], [ 79.9597, 17.3967 ], [ 79.9689, 17.3998 ], [ 79.9697, 17.4066 ], [ 79.9926, 17.3973 ], [ 79.9925, 17.3641 ] ] ] } },
{ "type": "Feature", "properties": { "unit_id": "IND.32.10.4_1", "name": "Maripeda", "district": "Mahabubabad", "did": "telangana:Mahabubabad", "state_key": "telangana" }, "geometry": { "type": "Polygon", "coordinates": [ [ [ 79.9111, 17.512 ], [ 79.9219, 17.4985 ], [ 79.9339, 17.4965 ], [ 79.9361, 17.4633 ], [ 79.9396, 17.4607 ], [ 79.9528, 17.4622 ], [ 79.9707, 17.4583 ], [ 79.9688, 17.4395 ], [ 79.9772, 17.4337 ], [ 79.9836, 17.4353 ], [ 79.9811, 17.4053 ], [ 79.9697, 17.4066 ], [ 79.9689, 17.3998 ], [ 79.9648, 17.3984 ], [ 79.9366, 17.3951 ], [ 79.9404, 17.3822 ], [ 79.9306, 17.3664 ], [ 79.9302, 17.3725 ], [ 79.9031, 17.3759 ], [ 79.8958, 17.3565 ], [ 79.8913, 17.3533 ], [ 79.8823, 17.3572 ], [ 79.8789, 17.3535 ], [ 79.8754, 17.3305 ], [ 79.8499, 17.3346 ], [ 79.8435, 17.3292 ], [ 79.8315, 17.3359 ], [ 79.8037, 17.3243 ], [ 79.7928, 17.326 ], [ 79.7961, 17.354 ], [ 79.7776, 17.369 ], [ 79.7812, 17.3811 ], [ 79.7914, 17.3839 ], [ 79.797, 17.3935 ], [ 79.7755, 17.403 ], [ 79.7725, 17.3994 ], [ 79.7622, 17.4078 ], [ 79.762, 17.4299 ], [ 79.7738, 17.4399 ], [ 79.7822, 17.4357 ], [ 79.7894, 17.4366 ], [ 79.8011, 17.4544 ], [ 79.8189, 17.444 ], [ 79.822, 17.44 ], [ 79.8185, 17.437 ], [ 79.8336, 17.4356 ], [ 79.834, 17.4323 ], [ 79.8411, 17.439 ], [ 79.8475, 17.4541 ], [ 79.8472, 17.4789 ], [ 79.8549, 17.4888 ], [ 79.8538, 17.4985 ], [ 79.8593, 17.507 ], [ 79.8574, 17.5241 ], [ 79.8698, 17.5263 ], [ 79.8735, 17.5206 ], [ 79.8772, 17.5257 ], [ 79.8835, 17.5232 ], [ 79.8995, 17.5346 ], [ 79.8997, 17.5188 ], [ 79.9111, 17.512 ] ] ] } },
{ "type": "Feature", "properties": { "unit_id": "IND.32.10.4_1", "name": "Kuravi", "district": "Mahabubabad", "did": "telangana:Mahabubabad", "state_key": "telangana" }, "geometry": { "type": "Polygon", "coordinates": [ [ [ 80.0953, 17.5449 ], [ 80.0981, 17.536 ], [ 80.0914, 17.5261 ], [ 80.0854, 17.5257 ], [ 80.0964, 17.5029 ], [ 80.0952, 17.4979 ], [ 80.1038, 17.4949 ], [ 80.0939, 17.4847 ], [ 80.0911, 17.4722 ], [ 80.0918, 17.467 ], [ 80.1015, 17.4588 ], [ 80.0563, 17.4624 ], [ 80.057, 17.44 ], [ 80.0511, 17.4414 ], [ 80.0425, 17.4266 ], [ 80.0515, 17.407 ], [ 80.0333, 17.3812 ], [ 80.0335, 17.355 ], [ 80.028, 17.3548 ], [ 79.9923, 17.3642 ], [ 79.9926, 17.3973 ], [ 79.9811, 17.4053 ], [ 79.9836, 17.4353 ], [ 79.9772, 17.4337 ], [ 79.9688, 17.4395 ], [ 79.9707, 17.4583 ], [ 79.9528, 17.4622 ], [ 79.9396, 17.4607 ], [ 79.9361, 17.4633 ], [ 79.9339, 17.4965 ], [ 79.9219, 17.4985 ], [ 79.9111, 17.512 ], [ 79.8997, 17.5188 ], [ 79.9006, 17.5389 ], [ 79.9126, 17.5567 ], [ 79.9297, 17.5475 ], [ 79.9428, 17.5504 ], [ 79.9555, 17.5453 ], [ 79.9622, 17.5421 ], [ 79.9557, 17.5258 ], [ 79.9472, 17.5165 ], [ 79.9632, 17.5068 ], [ 79.9784, 17.5032 ], [ 79.9847, 17.515 ], [ 79.9772, 17.5454 ], [ 79.9867, 17.5536 ], [ 80.0043, 17.5459 ], [ 80.0149, 17.5491 ], [ 80.0238, 17.5594 ], [ 80.0335, 17.5546 ], [ 80.0472, 17.5539 ], [ 80.088, 17.574 ], [ 80.0849, 17.5501 ], [ 80.0953, 17.5449 ] ] ] } },
{ "type": "Feature", "properties": { "unit_id": "IND.32.10.4_1", "name": "Mahbu", "district": "Mahabubabad", "did": "telangana:Mahabubabad", "state_key": "telangana" }, "geometry": { "type": "Polygon", "coordinates": [ [ [ 80.0909, 17.6576 ], [ 80.084, 17.6515 ], [ 80.0754, 17.6501 ], [ 80.055, 17.5913 ], [ 80.0664, 17.5856 ], [ 80.0796, 17.5852 ], [ 80.088, 17.574 ], [ 80.0472, 17.5539 ], [ 80.0335, 17.5546 ], [ 80.0238, 17.5594 ], [ 80.0149, 17.5491 ], [ 80.0043, 17.5459 ], [ 79.9867, 17.5536 ], [ 79.9772, 17.5454 ], [ 79.9847, 17.515 ], [ 79.9785, 17.5032 ], [ 79.9632, 17.5068 ], [ 79.9474, 17.5164 ], [ 79.9557, 17.5258 ], [ 79.9622, 17.5421 ], [ 79.9428, 17.5504 ], [ 79.9297, 17.5475 ], [ 79.9126, 17.5567 ], [ 79.8995, 17.5346 ], [ 79.8834, 17.5419 ], [ 79.8735, 17.5391 ], [ 79.8706, 17.5451 ], [ 79.8546, 17.5533 ], [ 79.8367, 17.5564 ], [ 79.8422, 17.5742 ], [ 79.8464, 17.5757 ], [ 79.8638, 17.5646 ], [ 79.8938, 17.5659 ], [ 79.894, 17.5848 ], [ 79.9025, 17.5874 ], [ 79.9099, 17.5991 ], [ 79.9185, 17.6003 ], [ 79.922, 17.6056 ], [ 79.9225, 17.6012 ], [ 79.929, 17.6044 ], [ 79.9306, 17.6177 ], [ 79.9332, 17.6159 ], [ 79.9419, 17.6193 ], [ 79.9531, 17.6136 ], [ 79.9556, 17.6213 ], [ 79.96, 17.6187 ], [ 79.9669, 17.6225 ], [ 79.9576, 17.6313 ], [ 79.9551, 17.6438 ], [ 79.9496, 17.6493 ], [ 79.9512, 17.6634 ], [ 79.9767, 17.6645 ], [ 79.9919, 17.6526 ], [ 79.9949, 17.6646 ], [ 79.99, 17.6771 ], [ 80.0001, 17.6908 ], [ 80.0054, 17.6933 ], [ 80.0125, 17.6832 ], [ 80.039, 17.6825 ], [ 80.0448, 17.6945 ], [ 80.0829, 17.6733 ], [ 80.0909, 17.6576 ] ] ] } },
{ "type": "Feature", "properties": { "unit_id": "IND.32.10.4_1", "name": "Allikodur", "district": "Mahabubabad", "did": "telangana:Mahabubabad", "state_key": "telangana" }, "geometry": { "type": "Polygon", "coordinates": [ [ [ 79.7228, 17.6959 ], [ 79.7415, 17.6889 ], [ 79.7596, 17.6906 ], [ 79.7678, 17.6867 ], [ 79.759, 17.6565 ], [ 79.7834, 17.6619 ], [ 79.7937, 17.6455 ], [ 79.8242, 17.639 ], [ 79.8245, 17.6435 ], [ 79.8324, 17.6467 ], [ 79.8708, 17.6502 ], [ 79.8736, 17.653 ], [ 79.8829, 17.6432 ], [ 79.8886, 17.6429 ], [ 79.9027, 17.626 ], [ 79.9015, 17.6166 ], [ 79.9185, 17.6003 ], [ 79.9099, 17.5991 ], [ 79.9025, 17.5874 ], [ 79.894, 17.5848 ], [ 79.8938, 17.5659 ], [ 79.8638, 17.5646 ], [ 79.8464, 17.5757 ], [ 79.8422, 17.5742 ], [ 79.8361, 17.5543 ], [ 79.8258, 17.5471 ], [ 79.8265, 17.5385 ], [ 79.8061, 17.5511 ], [ 79.7842, 17.5476 ], [ 79.7703, 17.5537 ], [ 79.7601, 17.5411 ], [ 79.7704, 17.5324 ], [ 79.7583, 17.5248 ], [ 79.7498, 17.5316 ], [ 79.7293, 17.5359 ], [ 79.731, 17.5454 ], [ 79.7261, 17.5527 ], [ 79.7287, 17.5587 ], [ 79.7351, 17.5604 ], [ 79.7354, 17.5717 ], [ 79.7411, 17.5741 ], [ 79.73, 17.5845 ], [ 79.7209, 17.6034 ], [ 79.7206, 17.6325 ], [ 79.7154, 17.6403 ], [ 79.7179, 17.657 ], [ 79.7147, 17.6644 ], [ 79.7238, 17.6722 ], [ 79.7163, 17.6777 ], [ 79.7136, 17.6895 ], [ 79.7154, 17.6978 ], [ 79.7222, 17.7005 ], [ 79.7228, 17.6959 ] ] ] } },
{ "type": "Feature", "properties": { "unit_id": "IND.32.10.4_1", "name": "Narsimlapet", "district": "Mahabubabad", "did": "telangana:Mahabubabad", "state_key": "telangana" }, "geometry": { "type": "Polygon", "coordinates": [ [ [ 79.8706, 17.5451 ], [ 79.8735, 17.5391 ], [ 79.8834, 17.5419 ], [ 79.8995, 17.5346 ], [ 79.8835, 17.5232 ], [ 79.8772, 17.5257 ], [ 79.8735, 17.5206 ], [ 79.8698, 17.5263 ], [ 79.8574, 17.5241 ], [ 79.8593, 17.507 ], [ 79.8538, 17.4985 ], [ 79.8549, 17.4888 ], [ 79.8472, 17.4789 ], [ 79.8475, 17.4541 ], [ 79.8411, 17.439 ], [ 79.834, 17.4323 ], [ 79.8336, 17.4356 ], [ 79.8185, 17.437 ], [ 79.822, 17.44 ], [ 79.8189, 17.444 ], [ 79.8011, 17.4544 ], [ 79.7887, 17.4362 ], [ 79.7738, 17.4399 ], [ 79.762, 17.4299 ], [ 79.752, 17.4398 ], [ 79.7436, 17.4291 ], [ 79.7296, 17.4284 ], [ 79.7183, 17.4342 ], [ 79.7101, 17.4455 ], [ 79.7003, 17.4478 ], [ 79.6999, 17.4561 ], [ 79.6902, 17.4546 ], [ 79.6565, 17.4708 ], [ 79.6591, 17.4843 ], [ 79.6554, 17.494 ], [ 79.6607, 17.4966 ], [ 79.6595, 17.5009 ], [ 79.6649, 17.5077 ], [ 79.6825, 17.5094 ], [ 79.6901, 17.5214 ], [ 79.7191, 17.513 ], [ 79.7293, 17.5359 ], [ 79.7498, 17.5316 ], [ 79.7583, 17.5248 ], [ 79.7704, 17.5324 ], [ 79.7601, 17.5411 ], [ 79.7703, 17.5537 ], [ 79.7842, 17.5476 ], [ 79.8061, 17.5511 ], [ 79.8265, 17.5385 ], [ 79.8259, 17.5473 ], [ 79.8366, 17.5564 ], [ 79.8541, 17.5535 ], [ 79.8706, 17.5451 ] ] ] } },
{ "type": "Feature", "properties": { "unit_id": "IND.32.7.7_1", "name": "Tungaturti", "district": "Suryapet", "did": "telangana:Suryapet", "state_key": "telangana" }, "geometry": { "type": "Polygon", "coordinates": [ [ [ 79.6096, 17.4966 ], [ 79.6128, 17.4999 ], [ 79.6208, 17.5003 ], [ 79.6296, 17.4907 ], [ 79.6391, 17.4863 ], [ 79.6554, 17.494 ], [ 79.6591, 17.4843 ], [ 79.6565, 17.4708 ], [ 79.6902, 17.4546 ], [ 79.6999, 17.4561 ], [ 79.7003, 17.4478 ], [ 79.7044, 17.4451 ], [ 79.6988, 17.4412 ], [ 79.701, 17.4357 ], [ 79.683, 17.4354 ], [ 79.6815, 17.4278 ], [ 79.6897, 17.4066 ], [ 79.6527, 17.4143 ], [ 79.6454, 17.4012 ], [ 79.6309, 17.3683 ], [ 79.6502, 17.3689 ], [ 79.6576, 17.366 ], [ 79.6553, 17.3541 ], [ 79.6471, 17.3565 ], [ 79.6334, 17.3391 ], [ 79.6248, 17.3406 ], [ 79.626, 17.3454 ], [ 79.6155, 17.3496 ], [ 79.6052, 17.3355 ], [ 79.5977, 17.3419 ], [ 79.5741, 17.349 ], [ 79.5624, 17.3415 ], [ 79.5518, 17.3473 ], [ 79.5521, 17.3592 ], [ 79.5342, 17.3696 ], [ 79.5338, 17.3794 ], [ 79.5176, 17.3987 ], [ 79.5198, 17.4356 ], [ 79.5361, 17.4358 ], [ 79.548, 17.4606 ], [ 79.5543, 17.4653 ], [ 79.5686, 17.456 ], [ 79.5784, 17.4592 ], [ 79.5802, 17.464 ], [ 79.5714, 17.4727 ], [ 79.576, 17.4937 ], [ 79.5715, 17.4948 ], [ 79.5688, 17.5007 ], [ 79.5788, 17.5036 ], [ 79.5961, 17.4994 ], [ 79.5897, 17.5289 ], [ 79.5951, 17.5272 ], [ 79.6035, 17.4994 ], [ 79.6096, 17.4966 ] ] ] } },
{ "type": "Feature", "properties": { "unit_id": "IND.32.10.4_1", "name": "Torur", "district": "Mahabubabad", "did": "telangana:Mahabubabad", "state_key": "telangana" }, "geometry": { "type": "Polygon", "coordinates": [ [ [ 79.7163, 17.6777 ], [ 79.7236, 17.6733 ], [ 79.7228, 17.6687 ], [ 79.7147, 17.6644 ], [ 79.7179, 17.657 ], [ 79.7154, 17.6403 ], [ 79.7206, 17.6325 ], [ 79.7209, 17.6034 ], [ 79.73, 17.5845 ], [ 79.7411, 17.5741 ], [ 79.7354, 17.5717 ], [ 79.7351, 17.5604 ], [ 79.7287, 17.5587 ], [ 79.7261, 17.5527 ], [ 79.7311, 17.5396 ], [ 79.7191, 17.513 ], [ 79.6901, 17.5214 ], [ 79.6825, 17.5094 ], [ 79.6649, 17.5077 ], [ 79.6595, 17.5009 ], [ 79.6607, 17.4966 ], [ 79.6386, 17.4864 ], [ 79.6208, 17.5003 ], [ 79.6128, 17.4999 ], [ 79.6096, 17.4966 ], [ 79.6036, 17.4987 ], [ 79.5951, 17.5272 ], [ 79.5897, 17.5289 ], [ 79.6026, 17.548 ], [ 79.5793, 17.5762 ], [ 79.5909, 17.5943 ], [ 79.5783, 17.6152 ], [ 79.5777, 17.6285 ], [ 79.6139, 17.6362 ], [ 79.6164, 17.6218 ], [ 79.6535, 17.628 ], [ 79.6614, 17.6495 ], [ 79.6769, 17.6506 ], [ 79.6825, 17.6547 ], [ 79.6805, 17.6612 ], [ 79.6914, 17.6865 ], [ 79.7141, 17.6838 ], [ 79.7163, 17.6777 ] ] ] } },
{ "type": "Feature", "properties": { "unit_id": "IND.32.10.1_1", "name": "Parvatgiri", "district": "Warangal (rural)", "did": "telangana:Warangal (rural)", "state_key": "telangana" }, "geometry": { "type": "Polygon", "coordinates": [ [ [ 79.7696, 17.823 ], [ 79.7662, 17.8123 ], [ 79.78, 17.8055 ], [ 79.781, 17.8019 ], [ 79.7781, 17.7841 ], [ 79.7812, 17.7686 ], [ 79.777, 17.7601 ], [ 79.7547, 17.7546 ], [ 79.756, 17.7366 ], [ 79.7608, 17.7319 ], [ 79.7488, 17.712 ], [ 79.752, 17.7073 ], [ 79.7634, 17.7053 ], [ 79.7714, 17.6949 ], [ 79.7714, 17.6891 ], [ 79.7678, 17.6867 ], [ 79.7596, 17.6906 ], [ 79.7429, 17.6885 ], [ 79.7228, 17.6959 ], [ 79.7219, 17.7009 ], [ 79.7154, 17.6978 ], [ 79.7141, 17.6838 ], [ 79.7052, 17.6822 ], [ 79.6904, 17.687 ], [ 79.6865, 17.693 ], [ 79.6952, 17.743 ], [ 79.6882, 17.7476 ], [ 79.6645, 17.7493 ], [ 79.6598, 17.7523 ], [ 79.6654, 17.7717 ], [ 79.6579, 17.7748 ], [ 79.6689, 17.801 ], [ 79.6537, 17.8021 ], [ 79.6489, 17.8065 ], [ 79.6513, 17.8138 ], [ 79.6388, 17.8191 ], [ 79.651, 17.8235 ], [ 79.6582, 17.821 ], [ 79.6686, 17.8271 ], [ 79.676, 17.8252 ], [ 79.6806, 17.8326 ], [ 79.6917, 17.8356 ], [ 79.706, 17.8344 ], [ 79.7133, 17.8265 ], [ 79.718, 17.8269 ], [ 79.7329, 17.843 ], [ 79.742, 17.8428 ], [ 79.7445, 17.8458 ], [ 79.7618, 17.8368 ], [ 79.7696, 17.823 ] ] ] } },
{ "type": "Feature", "properties": { "unit_id": "IND.32.10.1_1", "name": "Sangam", "district": "Warangal (rural)", "did": "telangana:Warangal (rural)", "state_key": "telangana" }, "geometry": { "type": "Polygon", "coordinates": [ [ [ 79.7416, 17.9418 ], [ 79.7492, 17.9359 ], [ 79.7724, 17.9323 ], [ 79.775, 17.9218 ], [ 79.7912, 17.9065 ], [ 79.7912, 17.8972 ], [ 79.7789, 17.8871 ], [ 79.7823, 17.879 ], [ 79.7593, 17.8669 ], [ 79.7682, 17.8554 ], [ 79.763, 17.8497 ], [ 79.7528, 17.8498 ], [ 79.749, 17.8444 ], [ 79.7329, 17.843 ], [ 79.718, 17.8269 ], [ 79.7133, 17.8265 ], [ 79.706, 17.8344 ], [ 79.6917, 17.8356 ], [ 79.6806, 17.8326 ], [ 79.676, 17.8252 ], [ 79.6686, 17.8271 ], [ 79.6582, 17.821 ], [ 79.651, 17.8235 ], [ 79.6388, 17.8191 ], [ 79.6373, 17.8427 ], [ 79.6449, 17.868 ], [ 79.6392, 17.8728 ], [ 79.6205, 17.876 ], [ 79.6168, 17.8686 ], [ 79.6074, 17.8722 ], [ 79.6043, 17.8771 ], [ 79.5898, 17.8831 ], [ 79.5936, 17.8974 ], [ 79.6078, 17.8974 ], [ 79.6083, 17.9082 ], [ 79.6162, 17.9109 ], [ 79.6194, 17.9252 ], [ 79.6325, 17.9261 ], [ 79.6483, 17.92 ], [ 79.6547, 17.9249 ], [ 79.6656, 17.9204 ], [ 79.6706, 17.9064 ], [ 79.6773, 17.9024 ], [ 79.6844, 17.9032 ], [ 79.6916, 17.8974 ], [ 79.7026, 17.9003 ], [ 79.7096, 17.9236 ], [ 79.7173, 17.925 ], [ 79.7216, 17.932 ], [ 79.7201, 17.9435 ], [ 79.7287, 17.9402 ], [ 79.7416, 17.9418 ] ] ] } },
{ "type": "Feature", "properties": { "unit_id": "IND.32.10.4_1", "name": "Kesamudram", "district": "Mahabubabad", "did": "telangana:Mahabubabad", "state_key": "telangana" }, "geometry": { "type": "Polygon", "coordinates": [ [ [ 79.924, 17.7593 ], [ 79.9314, 17.7562 ], [ 79.9224, 17.751 ], [ 79.9208, 17.7462 ], [ 79.9297, 17.7357 ], [ 79.9443, 17.7331 ], [ 79.9562, 17.7164 ], [ 79.9493, 17.7084 ], [ 79.969, 17.7037 ], [ 79.9796, 17.6967 ], [ 79.9883, 17.6959 ], [ 80.0014, 17.7001 ], [ 80.0054, 17.6933 ], [ 79.9963, 17.6885 ], [ 79.99, 17.6775 ], [ 79.9949, 17.6646 ], [ 79.9919, 17.6526 ], [ 79.9767, 17.6645 ], [ 79.9512, 17.6634 ], [ 79.9496, 17.6493 ], [ 79.9551, 17.6438 ], [ 79.9576, 17.6313 ], [ 79.9669, 17.6225 ], [ 79.96, 17.6187 ], [ 79.9556, 17.6213 ], [ 79.9531, 17.6136 ], [ 79.9419, 17.6193 ], [ 79.9332, 17.6159 ], [ 79.9306, 17.6177 ], [ 79.929, 17.6044 ], [ 79.9225, 17.6012 ], [ 79.922, 17.6056 ], [ 79.9185, 17.6003 ], [ 79.9015, 17.6166 ], [ 79.9027, 17.6258 ], [ 79.8979, 17.6341 ], [ 79.8878, 17.6435 ], [ 79.8829, 17.6432 ], [ 79.8761, 17.6526 ], [ 79.8326, 17.6468 ], [ 79.8245, 17.6435 ], [ 79.8242, 17.639 ], [ 79.7937, 17.6455 ], [ 79.7834, 17.6619 ], [ 79.759, 17.6565 ], [ 79.7713, 17.6972 ], [ 79.7789, 17.7032 ], [ 79.791, 17.7088 ], [ 79.8054, 17.7002 ], [ 79.819, 17.6993 ], [ 79.8244, 17.6952 ], [ 79.819, 17.709 ], [ 79.8215, 17.7134 ], [ 79.8636, 17.7196 ], [ 79.8613, 17.7281 ], [ 79.8669, 17.7304 ], [ 79.8643, 17.7352 ], [ 79.8721, 17.7393 ], [ 79.8692, 17.7424 ], [ 79.8934, 17.7301 ], [ 79.9037, 17.7469 ], [ 79.9039, 17.7599 ], [ 79.9102, 17.7669 ], [ 79.9214, 17.767 ], [ 79.924, 17.7593 ] ] ] } },
{ "type": "Feature", "properties": { "unit_id": "IND.32.10.5_1", "name": "Gudur", "district": "Mahabubabad", "did": "telangana:Mahabubabad", "state_key": "telangana" }, "geometry": { "type": "Polygon", "coordinates": [ [ [ 80.0076, 17.887 ], [ 80.0053, 17.8742 ], [ 80.0195, 17.8552 ], [ 80.0211, 17.8443 ], [ 80.0319, 17.8377 ], [ 80.0502, 17.8092 ], [ 80.0702, 17.8064 ], [ 80.0898, 17.776 ], [ 80.1036, 17.7662 ], [ 80.1083, 17.7654 ], [ 80.1334, 17.7764 ], [ 80.1404, 17.7855 ], [ 80.1454, 17.7823 ], [ 80.1441, 17.7766 ], [ 80.152, 17.7596 ], [ 80.164, 17.7593 ], [ 80.1621, 17.7483 ], [ 80.1417, 17.7451 ], [ 80.1318, 17.729 ], [ 80.065, 17.7069 ], [ 80.0469, 17.708 ], [ 80.039, 17.6825 ], [ 80.0125, 17.6832 ], [ 80.0014, 17.7001 ], [ 79.9883, 17.6959 ], [ 79.9796, 17.6967 ], [ 79.969, 17.7037 ], [ 79.9493, 17.7084 ], [ 79.9563, 17.716 ], [ 79.9515, 17.7243 ], [ 79.9425, 17.7342 ], [ 79.9293, 17.7359 ], [ 79.9204, 17.7472 ], [ 79.9313, 17.7564 ], [ 79.924, 17.7593 ], [ 79.9214, 17.767 ], [ 79.9102, 17.7669 ], [ 79.9039, 17.7599 ], [ 79.9004, 17.7667 ], [ 79.8834, 17.7794 ], [ 79.8755, 17.8078 ], [ 79.8874, 17.8115 ], [ 79.8865, 17.8091 ], [ 79.8913, 17.8099 ], [ 79.8949, 17.8137 ], [ 79.9107, 17.8134 ], [ 79.91, 17.8042 ], [ 79.9154, 17.7988 ], [ 79.9178, 17.8094 ], [ 79.9309, 17.8187 ], [ 79.939, 17.841 ], [ 79.9472, 17.8357 ], [ 79.9528, 17.8607 ], [ 79.9609, 17.8643 ], [ 79.9754, 17.8614 ], [ 79.9829, 17.8735 ], [ 79.9813, 17.8767 ], [ 79.9912, 17.8814 ], [ 79.9951, 17.891 ], [ 80.0202, 17.8961 ], [ 80.0076, 17.887 ] ] ] } },
{ "type": "Feature", "properties": { "unit_id": "IND.32.10.5_1", "name": "Nekkonda", "district": "Warangal (rural)", "did": "telangana:Warangal (rural)", "state_key": "telangana" }, "geometry": { "type": "Polygon", "coordinates": [ [ [ 79.8133, 17.8668 ], [ 79.81, 17.8593 ], [ 79.8158, 17.8557 ], [ 79.8176, 17.8617 ], [ 79.825, 17.8626 ], [ 79.8269, 17.8511 ], [ 79.8215, 17.8508 ], [ 79.8186, 17.8382 ], [ 79.8054, 17.8338 ], [ 79.8021, 17.8267 ], [ 79.807, 17.8121 ], [ 79.8148, 17.8105 ], [ 79.8144, 17.8193 ], [ 79.8093, 17.8192 ], [ 79.8075, 17.8253 ], [ 79.8231, 17.8379 ], [ 79.8395, 17.8296 ], [ 79.823, 17.8117 ], [ 79.828, 17.7849 ], [ 79.8357, 17.7741 ], [ 79.8424, 17.7744 ], [ 79.8439, 17.7683 ], [ 79.854, 17.7765 ], [ 79.8834, 17.7794 ], [ 79.9029, 17.7641 ], [ 79.9038, 17.7473 ], [ 79.8934, 17.7301 ], [ 79.8692, 17.7424 ], [ 79.8721, 17.7393 ], [ 79.8643, 17.7352 ], [ 79.8669, 17.7304 ], [ 79.8613, 17.7281 ], [ 79.8636, 17.7196 ], [ 79.8215, 17.7134 ], [ 79.819, 17.709 ], [ 79.8244, 17.6952 ], [ 79.819, 17.6993 ], [ 79.8054, 17.7002 ], [ 79.791, 17.7088 ], [ 79.7789, 17.7032 ], [ 79.7714, 17.6949 ], [ 79.7634, 17.7053 ], [ 79.752, 17.7073 ], [ 79.7489, 17.7124 ], [ 79.7608, 17.7319 ], [ 79.756, 17.7366 ], [ 79.7547, 17.7546 ], [ 79.777, 17.7601 ], [ 79.7812, 17.7686 ], [ 79.7781, 17.7841 ], [ 79.781, 17.8019 ], [ 79.78, 17.8055 ], [ 79.7662, 17.8123 ], [ 79.7696, 17.823 ], [ 79.7618, 17.8368 ], [ 79.7489, 17.8437 ], [ 79.7528, 17.8498 ], [ 79.763, 17.8497 ], [ 79.7682, 17.8554 ], [ 79.7593, 17.8669 ], [ 79.772, 17.8758 ], [ 79.7981, 17.8648 ], [ 79.8133, 17.8668 ] ] ] } },
{ "type": "Feature", "properties": { "unit_id": "IND.32.10.5_1", "name": "Chennaraopet", "district": "Warangal (rural)", "did": "telangana:Warangal (rural)", "state_key": "telangana" }, "geometry": { "type": "Polygon", "coordinates": [ [ [ 79.8341, 17.9288 ], [ 79.85, 17.9284 ], [ 79.8523, 17.9149 ], [ 79.8592, 17.9063 ], [ 79.8706, 17.9102 ], [ 79.8761, 17.9035 ], [ 79.882, 17.9062 ], [ 79.8872, 17.9029 ], [ 79.891, 17.9049 ], [ 79.8936, 17.8991 ], [ 79.9038, 17.9022 ], [ 79.8928, 17.8842 ], [ 79.9059, 17.8795 ], [ 79.9024, 17.8655 ], [ 79.9055, 17.8558 ], [ 79.9131, 17.8495 ], [ 79.9229, 17.8477 ], [ 79.9256, 17.8507 ], [ 79.9387, 17.8406 ], [ 79.9309, 17.8187 ], [ 79.9178, 17.8094 ], [ 79.9154, 17.7988 ], [ 79.91, 17.8042 ], [ 79.9107, 17.8134 ], [ 79.8949, 17.8137 ], [ 79.8913, 17.8099 ], [ 79.8756, 17.8085 ], [ 79.8834, 17.7794 ], [ 79.854, 17.7765 ], [ 79.8439, 17.7683 ], [ 79.8424, 17.7744 ], [ 79.8357, 17.7741 ], [ 79.8282, 17.7844 ], [ 79.8231, 17.8107 ], [ 79.8257, 17.8175 ], [ 79.8395, 17.8296 ], [ 79.8229, 17.8378 ], [ 79.8075, 17.8253 ], [ 79.8093, 17.8192 ], [ 79.8144, 17.8193 ], [ 79.8143, 17.8099 ], [ 79.807, 17.8121 ], [ 79.8067, 17.819 ], [ 79.8019, 17.8229 ], [ 79.8054, 17.8338 ], [ 79.8186, 17.8382 ], [ 79.8215, 17.8508 ], [ 79.8269, 17.8511 ], [ 79.825, 17.8626 ], [ 79.8176, 17.8617 ], [ 79.8158, 17.8557 ], [ 79.81, 17.8593 ], [ 79.8133, 17.8668 ], [ 79.7932, 17.8648 ], [ 79.7827, 17.8728 ], [ 79.772, 17.8758 ], [ 79.7823, 17.879 ], [ 79.7789, 17.8871 ], [ 79.7912, 17.8972 ], [ 79.7882, 17.9113 ], [ 79.8025, 17.9116 ], [ 79.7995, 17.9174 ], [ 79.8025, 17.9308 ], [ 79.8212, 17.9342 ], [ 79.8341, 17.9288 ] ] ] } },
{ "type": "Feature", "properties": { "unit_id": "IND.32.10.5_1", "name": "Narsampet", "district": "Warangal (rural)", "did": "telangana:Warangal (rural)", "state_key": "telangana" }, "geometry": { "type": "Polygon", "coordinates": [ [ [ 79.9074, 18.0087 ], [ 79.9228, 18.0096 ], [ 79.9366, 18.0026 ], [ 79.9424, 17.987 ], [ 79.9378, 17.9839 ], [ 79.9388, 17.9698 ], [ 79.9437, 17.9601 ], [ 79.9349, 17.9469 ], [ 79.9386, 17.9398 ], [ 79.93, 17.9267 ], [ 79.932, 17.9241 ], [ 79.9256, 17.9237 ], [ 79.9112, 17.9074 ], [ 79.8936, 17.8991 ], [ 79.891, 17.9049 ], [ 79.8872, 17.9029 ], [ 79.882, 17.9062 ], [ 79.8761, 17.9035 ], [ 79.8706, 17.9102 ], [ 79.8592, 17.9063 ], [ 79.8523, 17.9149 ], [ 79.85, 17.9284 ], [ 79.8341, 17.9288 ], [ 79.8218, 17.9331 ], [ 79.8082, 17.9404 ], [ 79.8055, 17.9481 ], [ 79.8078, 17.954 ], [ 79.8338, 17.9477 ], [ 79.8348, 17.9572 ], [ 79.84, 17.9595 ], [ 79.8468, 17.9561 ], [ 79.8592, 17.9618 ], [ 79.8686, 17.9618 ], [ 79.8687, 17.97 ], [ 79.8555, 17.9706 ], [ 79.8448, 17.9811 ], [ 79.8481, 17.9877 ], [ 79.8626, 18.0127 ], [ 79.8717, 18.0149 ], [ 79.8785, 18.0215 ], [ 79.8919, 18.0242 ], [ 79.8977, 18.0139 ], [ 79.9074, 18.0087 ] ] ] } },
{ "type": "Feature", "properties": { "unit_id": "IND.32.10.5_1", "name": "Khanapur", "district": "Warangal (rural)", "did": "telangana:Warangal (rural)", "state_key": "telangana" }, "geometry": { "type": "Polygon", "coordinates": [ [ [ 79.9864, 17.9917 ], [ 79.9857, 17.9537 ], [ 79.9809, 17.9491 ], [ 79.9767, 17.9524 ], [ 79.9942, 17.917 ], [ 79.9887, 17.9048 ], [ 79.9942, 17.8895 ], [ 79.9912, 17.8814 ], [ 79.9813, 17.8767 ], [ 79.9829, 17.8735 ], [ 79.9754, 17.8614 ], [ 79.9609, 17.8643 ], [ 79.9528, 17.8607 ], [ 79.9472, 17.8357 ], [ 79.9256, 17.8507 ], [ 79.9221, 17.8476 ], [ 79.9094, 17.8508 ], [ 79.9024, 17.8655 ], [ 79.9059, 17.8795 ], [ 79.8928, 17.8842 ], [ 79.9067, 17.906 ], [ 79.9182, 17.9132 ], [ 79.9254, 17.9235 ], [ 79.932, 17.9241 ], [ 79.93, 17.9267 ], [ 79.9386, 17.9398 ], [ 79.9349, 17.9469 ], [ 79.9437, 17.9601 ], [ 79.9388, 17.9698 ], [ 79.9378, 17.9839 ], [ 79.9424, 17.987 ], [ 79.9366, 18.0026 ], [ 79.9228, 18.0098 ], [ 79.9481, 18.0109 ], [ 79.9586, 18.0183 ], [ 79.9794, 18.0202 ], [ 79.994, 18.0009 ], [ 79.9864, 17.9917 ] ] ] } },
{ "type": "Feature", "properties": { "unit_id": "IND.32.10.5_1", "name": "Nallaballi", "district": "Warangal (rural)", "did": "telangana:Warangal (rural)", "state_key": "telangana" }, "geometry": { "type": "Polygon", "coordinates": [ [ [ 79.9849, 18.0538 ], [ 79.9794, 18.0202 ], [ 79.9586, 18.0183 ], [ 79.9481, 18.0109 ], [ 79.9248, 18.0119 ], [ 79.9173, 18.0084 ], [ 79.9074, 18.0087 ], [ 79.8984, 18.0126 ], [ 79.8919, 18.0242 ], [ 79.8785, 18.0215 ], [ 79.8717, 18.0149 ], [ 79.8626, 18.0127 ], [ 79.8614, 18.0224 ], [ 79.8534, 18.0341 ], [ 79.8337, 18.0378 ], [ 79.8297, 18.0457 ], [ 79.8307, 18.0579 ], [ 79.8127, 18.0636 ], [ 79.808, 18.0692 ], [ 79.8145, 18.0919 ], [ 79.8232, 18.0944 ], [ 79.8638, 18.0935 ], [ 79.8872, 18.0982 ], [ 79.8845, 18.0857 ], [ 79.9363, 18.0836 ], [ 79.9578, 18.0895 ], [ 79.9651, 18.1006 ], [ 79.9795, 18.1119 ], [ 79.9919, 18.1075 ], [ 79.9812, 18.0606 ], [ 79.9849, 18.0538 ] ] ] } },
{ "type": "Feature", "properties": { "unit_id": "IND.32.10.5_1", "name": "Duggondi", "district": "Warangal (rural)", "did": "telangana:Warangal (rural)", "state_key": "telangana" }, "geometry": { "type": "Polygon", "coordinates": [ [ [ 79.7763, 18.0914 ], [ 79.8055, 18.0935 ], [ 79.8123, 18.0849 ], [ 79.808, 18.0692 ], [ 79.8127, 18.0636 ], [ 79.8307, 18.0579 ], [ 79.8297, 18.0457 ], [ 79.8337, 18.0378 ], [ 79.8534, 18.0341 ], [ 79.8628, 18.018 ], [ 79.8596, 18.0049 ], [ 79.8448, 17.9811 ], [ 79.8555, 17.9706 ], [ 79.8687, 17.97 ], [ 79.8686, 17.9618 ], [ 79.8592, 17.9618 ], [ 79.8468, 17.9561 ], [ 79.84, 17.9595 ], [ 79.8348, 17.9572 ], [ 79.8338, 17.9477 ], [ 79.8074, 17.954 ], [ 79.8082, 17.9404 ], [ 79.821, 17.9349 ], [ 79.8025, 17.9308 ], [ 79.7995, 17.9174 ], [ 79.8023, 17.9115 ], [ 79.7882, 17.9113 ], [ 79.775, 17.9218 ], [ 79.7724, 17.9323 ], [ 79.7881, 17.9415 ], [ 79.7877, 17.956 ], [ 79.7789, 17.9692 ], [ 79.7626, 17.9786 ], [ 79.77, 17.9883 ], [ 79.7646, 18.0065 ], [ 79.7533, 18.0185 ], [ 79.7436, 18.0204 ], [ 79.7499, 18.0451 ], [ 79.7443, 18.0538 ], [ 79.7496, 18.0577 ], [ 79.777, 18.0543 ], [ 79.7795, 18.0491 ], [ 79.7921, 18.045 ], [ 79.7936, 18.0472 ], [ 79.789, 18.0715 ], [ 79.7779, 18.0739 ], [ 79.7716, 18.0804 ], [ 79.7614, 18.081 ], [ 79.7459, 18.0763 ], [ 79.747, 18.085 ], [ 79.7646, 18.0942 ], [ 79.7763, 18.0914 ] ] ] } },
{ "type": "Feature", "properties": { "unit_id": "IND.32.10.1_1", "name": "Gisgonda", "district": "Warangal (rural)", "did": "telangana:Warangal (rural)", "state_key": "telangana" }, "geometry": { "type": "Polygon", "coordinates": [ [ [ 79.6786, 18.0074 ], [ 79.6909, 18.0003 ], [ 79.6962, 18.0022 ], [ 79.7065, 17.9969 ], [ 79.7308, 18.0052 ], [ 79.7436, 18.0204 ], [ 79.7533, 18.0185 ], [ 79.7684, 17.9988 ], [ 79.7693, 17.9849 ], [ 79.7626, 17.9786 ], [ 79.7789, 17.9692 ], [ 79.7877, 17.956 ], [ 79.7881, 17.9415 ], [ 79.7724, 17.9323 ], [ 79.7492, 17.9359 ], [ 79.7434, 17.9415 ], [ 79.7287, 17.9402 ], [ 79.7201, 17.9435 ], [ 79.718, 17.9402 ], [ 79.7224, 17.9341 ], [ 79.7173, 17.925 ], [ 79.7096, 17.9236 ], [ 79.7036, 17.9014 ], [ 79.6916, 17.8974 ], [ 79.6844, 17.9032 ], [ 79.6779, 17.9022 ], [ 79.6711, 17.906 ], [ 79.6676, 17.9182 ], [ 79.6588, 17.9235 ], [ 79.6526, 17.9246 ], [ 79.6483, 17.92 ], [ 79.6338, 17.9261 ], [ 79.6255, 17.9256 ], [ 79.6313, 17.9658 ], [ 79.6221, 17.9731 ], [ 79.6257, 17.9791 ], [ 79.6398, 17.9843 ], [ 79.6431, 18.0009 ], [ 79.6314, 18.0098 ], [ 79.6375, 18.0118 ], [ 79.6464, 18.0093 ], [ 79.6519, 18.0114 ], [ 79.6592, 18.0237 ], [ 79.6727, 18.0211 ], [ 79.6786, 18.0074 ] ] ] } },
{ "type": "Feature", "properties": { "unit_id": "IND.32.10.1_1", "name": "Atmakur", "district": "Warangal (rural)", "did": "telangana:Warangal (rural)", "state_key": "telangana" }, "geometry": { "type": "Polygon", "coordinates": [ [ [ 79.6544, 18.1379 ], [ 79.6582, 18.136 ], [ 79.6601, 18.1275 ], [ 79.678, 18.1152 ], [ 79.6991, 18.113 ], [ 79.6957, 18.1071 ], [ 79.7071, 18.0997 ], [ 79.7135, 18.0993 ], [ 79.7188, 18.1044 ], [ 79.7294, 18.0952 ], [ 79.7346, 18.1009 ], [ 79.7435, 18.0999 ], [ 79.7472, 18.0921 ], [ 79.7545, 18.0908 ], [ 79.747, 18.085 ], [ 79.7459, 18.0763 ], [ 79.7614, 18.081 ], [ 79.7716, 18.0804 ], [ 79.7773, 18.0742 ], [ 79.7856, 18.0735 ], [ 79.7914, 18.0682 ], [ 79.7921, 18.045 ], [ 79.7793, 18.0493 ], [ 79.777, 18.0543 ], [ 79.7496, 18.0577 ], [ 79.7446, 18.0545 ], [ 79.7499, 18.0451 ], [ 79.7428, 18.0189 ], [ 79.7308, 18.0052 ], [ 79.7079, 17.997 ], [ 79.6962, 18.0022 ], [ 79.6909, 18.0003 ], [ 79.6784, 18.0076 ], [ 79.6717, 18.0271 ], [ 79.6617, 18.0371 ], [ 79.651, 18.0422 ], [ 79.646, 18.0389 ], [ 79.6427, 18.0429 ], [ 79.6419, 18.0382 ], [ 79.6208, 18.0397 ], [ 79.6233, 18.0681 ], [ 79.6177, 18.0687 ], [ 79.6204, 18.0734 ], [ 79.6124, 18.0924 ], [ 79.6033, 18.0963 ], [ 79.6049, 18.117 ], [ 79.6142, 18.1152 ], [ 79.627, 18.1188 ], [ 79.6246, 18.1318 ], [ 79.632, 18.1324 ], [ 79.6399, 18.1394 ], [ 79.6481, 18.1355 ], [ 79.6544, 18.1379 ] ] ] } },
{ "type": "Feature", "properties": { "unit_id": "IND.32.10.1_1", "name": "Hasanparti", "district": "Warangal (urban)", "did": "telangana:Warangal (urban)", "state_key": "telangana" }, "geometry": { "type": "Polygon", "coordinates": [ [ [ 79.6273, 18.1246 ], [ 79.627, 18.1188 ], [ 79.622, 18.1167 ], [ 79.6049, 18.117 ], [ 79.6033, 18.0963 ], [ 79.6124, 18.0924 ], [ 79.6204, 18.0734 ], [ 79.6177, 18.0687 ], [ 79.6233, 18.0681 ], [ 79.6208, 18.0397 ], [ 79.616, 18.0355 ], [ 79.6037, 18.0302 ], [ 79.5914, 18.0401 ], [ 79.5806, 18.0395 ], [ 79.564, 18.0466 ], [ 79.5473, 18.0493 ], [ 79.5427, 18.041 ], [ 79.542, 18.024 ], [ 79.5326, 18.0236 ], [ 79.5282, 18.0152 ], [ 79.5235, 18.0135 ], [ 79.5069, 18.0122 ], [ 79.5107, 17.9919 ], [ 79.5011, 17.9957 ], [ 79.4998, 18.005 ], [ 79.4912, 18.0077 ], [ 79.4869, 18.0339 ], [ 79.4793, 18.0396 ], [ 79.4734, 18.0421 ], [ 79.4597, 18.0248 ], [ 79.4486, 18.0325 ], [ 79.4384, 18.0344 ], [ 79.4337, 18.041 ], [ 79.4387, 18.0437 ], [ 79.4473, 18.0696 ], [ 79.458, 18.0837 ], [ 79.4553, 18.0876 ], [ 79.4594, 18.0898 ], [ 79.4613, 18.1016 ], [ 79.468, 18.1066 ], [ 79.4668, 18.1139 ], [ 79.4894, 18.0982 ], [ 79.5026, 18.0963 ], [ 79.5099, 18.105 ], [ 79.5156, 18.1046 ], [ 79.5199, 18.0998 ], [ 79.5358, 18.102 ], [ 79.552, 18.0997 ], [ 79.5616, 18.1207 ], [ 79.575, 18.1204 ], [ 79.5773, 18.129 ], [ 79.5709, 18.1347 ], [ 79.5836, 18.1426 ], [ 79.622, 18.1374 ], [ 79.6273, 18.1246 ] ] ] } },
{ "type": "Feature", "properties": { "unit_id": "IND.32.3.1_1", "name": "Veenavanka", "district": "Warangal (urban)", "did": "telangana:Warangal (urban)", "state_key": "telangana" }, "geometry": { "type": "Polygon", "coordinates": [ [ [ 79.4312, 18.1568 ], [ 79.4475, 18.1589 ], [ 79.4472, 18.1636 ], [ 79.4609, 18.164 ], [ 79.4667, 18.1674 ], [ 79.4814, 18.163 ], [ 79.4982, 18.1531 ], [ 79.4938, 18.1396 ], [ 79.4999, 18.1345 ], [ 79.5116, 18.1359 ], [ 79.5329, 18.1289 ], [ 79.5344, 18.1369 ], [ 79.545, 18.1361 ], [ 79.5497, 18.1304 ], [ 79.5595, 18.1269 ], [ 79.5591, 18.1117 ], [ 79.552, 18.0997 ], [ 79.5358, 18.102 ], [ 79.5199, 18.0998 ], [ 79.5156, 18.1046 ], [ 79.5099, 18.105 ], [ 79.5026, 18.0963 ], [ 79.4876, 18.0988 ], [ 79.4668, 18.1139 ], [ 79.468, 18.1066 ], [ 79.4613, 18.1016 ], [ 79.4594, 18.0898 ], [ 79.4553, 18.0876 ], [ 79.458, 18.0837 ], [ 79.4442, 18.066 ], [ 79.4339, 18.0634 ], [ 79.4173, 18.0469 ], [ 79.3827, 18.0309 ], [ 79.3771, 18.0446 ], [ 79.3848, 18.0489 ], [ 79.3907, 18.0643 ], [ 79.4007, 18.0722 ], [ 79.4008, 18.0786 ], [ 79.415, 18.0939 ], [ 79.3928, 18.098 ], [ 79.3922, 18.1074 ], [ 79.4009, 18.1176 ], [ 79.386, 18.1151 ], [ 79.3777, 18.1184 ], [ 79.375, 18.1234 ], [ 79.3817, 18.1256 ], [ 79.3841, 18.1315 ], [ 79.3978, 18.1319 ], [ 79.3949, 18.1382 ], [ 79.4009, 18.1611 ], [ 79.3991, 18.1662 ], [ 79.4132, 18.1649 ], [ 79.4192, 18.1692 ], [ 79.4277, 18.1572 ], [ 79.4312, 18.1568 ] ] ] } },
{ "type": "Feature", "properties": { "unit_id": "IND.32.10.1_1", "name": "Dharmasagaram", "district": "Warangal (urban)", "did": "telangana:Warangal (urban)", "state_key": "telangana" }, "geometry": { "type": "Polygon", "coordinates": [ [ [ 79.4336, 18.0407 ], [ 79.4383, 18.0345 ], [ 79.4486, 18.0325 ], [ 79.4597, 18.0248 ], [ 79.4736, 18.0422 ], [ 79.4869, 18.0339 ], [ 79.4864, 18.0222 ], [ 79.4912, 18.0149 ], [ 79.4912, 18.0077 ], [ 79.478, 18.01 ], [ 79.4625, 18.0078 ], [ 79.454, 17.9787 ], [ 79.4412, 17.9609 ], [ 79.4399, 17.9511 ], [ 79.4604, 17.9493 ], [ 79.4694, 17.9392 ], [ 79.4725, 17.9172 ], [ 79.4794, 17.9142 ], [ 79.4869, 17.9178 ], [ 79.4924, 17.91 ], [ 79.4943, 17.9002 ], [ 79.4875, 17.8877 ], [ 79.478, 17.8928 ], [ 79.4641, 17.8729 ], [ 79.4491, 17.879 ], [ 79.4486, 17.9087 ], [ 79.4432, 17.9112 ], [ 79.4374, 17.9132 ], [ 79.4201, 17.896 ], [ 79.4117, 17.8995 ], [ 79.4043, 17.8985 ], [ 79.3944, 17.908 ], [ 79.3902, 17.9005 ], [ 79.3687, 17.9099 ], [ 79.352, 17.9239 ], [ 79.3428, 17.9212 ], [ 79.336, 17.9384 ], [ 79.3241, 17.9438 ], [ 79.2862, 17.9531 ], [ 79.2675, 17.9527 ], [ 79.2711, 17.9786 ], [ 79.2633, 17.9836 ], [ 79.2608, 18.0023 ], [ 79.2819, 18.0019 ], [ 79.293, 18.0113 ], [ 79.3001, 18.0245 ], [ 79.3282, 18.0204 ], [ 79.3386, 18.0257 ], [ 79.3637, 18.0201 ], [ 79.3671, 18.0145 ], [ 79.3827, 18.0309 ], [ 79.4173, 18.0469 ], [ 79.4339, 18.0634 ], [ 79.4399, 18.0635 ], [ 79.4473, 18.0696 ], [ 79.4387, 18.0437 ], [ 79.4336, 18.0407 ] ] ] } },
{ "type": "Feature", "properties": { "unit_id": "IND.32.10.1_1", "name": "Hanmakonda", "district": "Warangal (urban)", "did": "telangana:Warangal (urban)", "state_key": "telangana" }, "geometry": { "type": "Polygon", "coordinates": [ [ [ 79.5914, 18.0401 ], [ 79.604, 18.0302 ], [ 79.6208, 18.0397 ], [ 79.6419, 18.0382 ], [ 79.6427, 18.0429 ], [ 79.646, 18.0389 ], [ 79.651, 18.0422 ], [ 79.6666, 18.0339 ], [ 79.6717, 18.0271 ], [ 79.6706, 18.0234 ], [ 79.6592, 18.0237 ], [ 79.6519, 18.0114 ], [ 79.6314, 18.0098 ], [ 79.6431, 18.0009 ], [ 79.6403, 17.9855 ], [ 79.6232, 17.9773 ], [ 79.6221, 17.9731 ], [ 79.6311, 17.967 ], [ 79.6316, 17.9534 ], [ 79.6255, 17.9256 ], [ 79.6194, 17.9252 ], [ 79.6142, 17.9084 ], [ 79.6083, 17.9082 ], [ 79.6078, 17.8974 ], [ 79.5874, 17.8979 ], [ 79.5666, 17.9126 ], [ 79.5562, 17.8883 ], [ 79.5463, 17.8894 ], [ 79.5303, 17.8826 ], [ 79.5293, 17.8864 ], [ 79.5237, 17.8862 ], [ 79.5098, 17.8973 ], [ 79.4943, 17.9002 ], [ 79.4869, 17.9178 ], [ 79.4794, 17.9142 ], [ 79.4725, 17.9172 ], [ 79.4722, 17.9336 ], [ 79.461, 17.9489 ], [ 79.4399, 17.9511 ], [ 79.4415, 17.9617 ], [ 79.4596, 17.9915 ], [ 79.4625, 18.0078 ], [ 79.478, 18.01 ], [ 79.4937, 18.0073 ], [ 79.4998, 18.005 ], [ 79.5011, 17.9957 ], [ 79.5107, 17.9919 ], [ 79.5069, 18.0122 ], [ 79.5235, 18.0135 ], [ 79.5282, 18.0152 ], [ 79.5326, 18.0236 ], [ 79.542, 18.024 ], [ 79.5427, 18.041 ], [ 79.5473, 18.0493 ], [ 79.5796, 18.0397 ], [ 79.5914, 18.0401 ] ] ] } },
{ "type": "Feature", "properties": { "unit_id": "IND.32.10.1_1", "name": "Vardannapet", "district": "Warangal (rural)", "did": "telangana:Warangal (rural)", "state_key": "telangana" }, "geometry": { "type": "Polygon", "coordinates": [ [ [ 79.5898, 17.8831 ], [ 79.6043, 17.8771 ], [ 79.6074, 17.8722 ], [ 79.6168, 17.8686 ], [ 79.6205, 17.876 ], [ 79.6392, 17.8728 ], [ 79.6449, 17.868 ], [ 79.6373, 17.8427 ], [ 79.6383, 17.8199 ], [ 79.6513, 17.8138 ], [ 79.6489, 17.8065 ], [ 79.6537, 17.8021 ], [ 79.6689, 17.801 ], [ 79.6579, 17.7748 ], [ 79.6645, 17.7732 ], [ 79.6651, 17.7655 ], [ 79.6629, 17.7599 ], [ 79.6508, 17.7614 ], [ 79.6475, 17.7579 ], [ 79.6447, 17.7226 ], [ 79.6232, 17.7261 ], [ 79.6064, 17.7354 ], [ 79.6047, 17.7286 ], [ 79.5815, 17.7343 ], [ 79.5834, 17.7424 ], [ 79.577, 17.7369 ], [ 79.5667, 17.7349 ], [ 79.5593, 17.7239 ], [ 79.5331, 17.7313 ], [ 79.5259, 17.7213 ], [ 79.5386, 17.7129 ], [ 79.528, 17.6955 ], [ 79.5051, 17.7096 ], [ 79.5042, 17.7242 ], [ 79.4972, 17.736 ], [ 79.481, 17.7452 ], [ 79.4905, 17.7545 ], [ 79.5053, 17.7486 ], [ 79.5146, 17.7741 ], [ 79.5153, 17.816 ], [ 79.5121, 17.8228 ], [ 79.514, 17.8274 ], [ 79.525, 17.8326 ], [ 79.5303, 17.8826 ], [ 79.5463, 17.8894 ], [ 79.5562, 17.8883 ], [ 79.5666, 17.9126 ], [ 79.5939, 17.8945 ], [ 79.5898, 17.8831 ] ] ] } },
{ "type": "Feature", "properties": { "unit_id": "IND.32.10.1_1", "name": "Raiparthi", "district": "Warangal (rural)", "did": "telangana:Warangal (rural)", "state_key": "telangana" }, "geometry": { "type": "Polygon", "coordinates": [ [ [ 79.6956, 17.7423 ], [ 79.6861, 17.7032 ], [ 79.6867, 17.6919 ], [ 79.6914, 17.6865 ], [ 79.6805, 17.6612 ], [ 79.6825, 17.6547 ], [ 79.6769, 17.6506 ], [ 79.6614, 17.6495 ], [ 79.6535, 17.628 ], [ 79.6164, 17.6218 ], [ 79.6139, 17.6362 ], [ 79.5777, 17.6285 ], [ 79.5778, 17.6204 ], [ 79.5637, 17.6185 ], [ 79.5458, 17.6301 ], [ 79.5405, 17.6379 ], [ 79.5364, 17.6303 ], [ 79.5245, 17.6331 ], [ 79.5222, 17.6614 ], [ 79.4898, 17.6629 ], [ 79.4911, 17.6659 ], [ 79.4813, 17.6748 ], [ 79.4906, 17.6962 ], [ 79.481, 17.7053 ], [ 79.4989, 17.7166 ], [ 79.5154, 17.701 ], [ 79.528, 17.6955 ], [ 79.5386, 17.7129 ], [ 79.5259, 17.7213 ], [ 79.5331, 17.7313 ], [ 79.5593, 17.7239 ], [ 79.5667, 17.7349 ], [ 79.577, 17.7369 ], [ 79.5834, 17.7424 ], [ 79.5815, 17.7343 ], [ 79.6047, 17.7286 ], [ 79.6064, 17.7354 ], [ 79.6232, 17.7261 ], [ 79.6447, 17.7226 ], [ 79.6467, 17.7552 ], [ 79.6508, 17.7614 ], [ 79.6629, 17.7599 ], [ 79.6598, 17.7523 ], [ 79.6882, 17.7476 ], [ 79.6956, 17.7423 ] ] ] } },
{ "type": "Feature", "properties": { "unit_id": "IND.32.10.2_1", "name": "Palakurti", "district": "Jangaon", "did": "telangana:Jangaon", "state_key": "telangana" }, "geometry": { "type": "Polygon", "coordinates": [ [ [ 79.4408, 17.7334 ], [ 79.4376, 17.7191 ], [ 79.4587, 17.6999 ], [ 79.4682, 17.6985 ], [ 79.481, 17.7053 ], [ 79.4902, 17.6982 ], [ 79.4813, 17.6748 ], [ 79.4911, 17.6659 ], [ 79.4898, 17.6629 ], [ 79.5222, 17.6614 ], [ 79.5245, 17.6331 ], [ 79.5364, 17.6303 ], [ 79.5394, 17.6214 ], [ 79.537, 17.6 ], [ 79.532, 17.5932 ], [ 79.512, 17.587 ], [ 79.5033, 17.5962 ], [ 79.5002, 17.5953 ], [ 79.4877, 17.5866 ], [ 79.4702, 17.5646 ], [ 79.4542, 17.5598 ], [ 79.4314, 17.5618 ], [ 79.435, 17.578 ], [ 79.4161, 17.5752 ], [ 79.4056, 17.5776 ], [ 79.4031, 17.5743 ], [ 79.3924, 17.6005 ], [ 79.373, 17.6028 ], [ 79.3844, 17.6153 ], [ 79.3791, 17.6164 ], [ 79.3734, 17.6406 ], [ 79.3563, 17.6444 ], [ 79.3411, 17.6431 ], [ 79.3574, 17.672 ], [ 79.3468, 17.6782 ], [ 79.3567, 17.7024 ], [ 79.3511, 17.7042 ], [ 79.3487, 17.7092 ], [ 79.3492, 17.7227 ], [ 79.3774, 17.7199 ], [ 79.3923, 17.7381 ], [ 79.4082, 17.7425 ], [ 79.4163, 17.7582 ], [ 79.4354, 17.7502 ], [ 79.4262, 17.7405 ], [ 79.4408, 17.7334 ] ] ] } },
{ "type": "Feature", "properties": { "unit_id": "IND.32.10.1_1", "name": "Zafargarh", "district": "Jangaon", "did": "telangana:Jangaon", "state_key": "telangana" }, "geometry": { "type": "Polygon", "coordinates": [ [ [ 79.5098, 17.8973 ], [ 79.5237, 17.8862 ], [ 79.5293, 17.8864 ], [ 79.525, 17.8326 ], [ 79.5126, 17.825 ], [ 79.5146, 17.7741 ], [ 79.5053, 17.7486 ], [ 79.4905, 17.7545 ], [ 79.481, 17.7452 ], [ 79.4972, 17.736 ], [ 79.5042, 17.7242 ], [ 79.5023, 17.7154 ], [ 79.495, 17.7155 ], [ 79.4802, 17.7047 ], [ 79.4629, 17.6977 ], [ 79.4372, 17.7198 ], [ 79.4408, 17.7334 ], [ 79.4262, 17.7405 ], [ 79.4331, 17.7441 ], [ 79.4354, 17.7502 ], [ 79.4163, 17.7582 ], [ 79.423, 17.7719 ], [ 79.4046, 17.7923 ], [ 79.4071, 17.8072 ], [ 79.4208, 17.8097 ], [ 79.4238, 17.817 ], [ 79.4201, 17.8206 ], [ 79.4198, 17.8326 ], [ 79.4105, 17.8417 ], [ 79.4227, 17.8485 ], [ 79.4244, 17.873 ], [ 79.445, 17.8799 ], [ 79.4641, 17.8729 ], [ 79.478, 17.8928 ], [ 79.4875, 17.8877 ], [ 79.4957, 17.8991 ], [ 79.5098, 17.8973 ] ] ] } },
{ "type": "Feature", "properties": { "unit_id": "IND.32.10.1_1", "name": "Ghanpur(station)", "district": "Jangaon", "did": "telangana:Jangaon", "state_key": "telangana" }, "geometry": { "type": "Polygon", "coordinates": [ [ [ 79.2711, 17.9786 ], [ 79.2675, 17.9527 ], [ 79.2862, 17.9531 ], [ 79.3241, 17.9438 ], [ 79.336, 17.9384 ], [ 79.3428, 17.9212 ], [ 79.352, 17.9239 ], [ 79.3687, 17.9099 ], [ 79.3863, 17.9018 ], [ 79.3904, 17.9005 ], [ 79.3944, 17.908 ], [ 79.4043, 17.8985 ], [ 79.4117, 17.8995 ], [ 79.4201, 17.896 ], [ 79.4374, 17.9132 ], [ 79.4486, 17.9087 ], [ 79.4491, 17.879 ], [ 79.4244, 17.873 ], [ 79.4227, 17.8485 ], [ 79.4105, 17.8417 ], [ 79.4198, 17.8326 ], [ 79.4201, 17.8206 ], [ 79.4238, 17.817 ], [ 79.4208, 17.8097 ], [ 79.4071, 17.8072 ], [ 79.4046, 17.7923 ], [ 79.4163, 17.7821 ], [ 79.4225, 17.7681 ], [ 79.4088, 17.7432 ], [ 79.3923, 17.7381 ], [ 79.3774, 17.7199 ], [ 79.344, 17.7252 ], [ 79.3467, 17.7402 ], [ 79.34, 17.7657 ], [ 79.3493, 17.7675 ], [ 79.351, 17.7763 ], [ 79.3544, 17.7756 ], [ 79.355, 17.7786 ], [ 79.3634, 17.7752 ], [ 79.3688, 17.803 ], [ 79.3452, 17.8171 ], [ 79.339, 17.8046 ], [ 79.3302, 17.7997 ], [ 79.2903, 17.821 ], [ 79.295, 17.837 ], [ 79.2748, 17.838 ], [ 79.2436, 17.874 ], [ 79.2353, 17.8929 ], [ 79.2383, 17.9189 ], [ 79.2327, 17.9198 ], [ 79.2368, 17.9329 ], [ 79.2033, 17.9574 ], [ 79.2038, 17.9614 ], [ 79.217, 17.969 ], [ 79.2287, 17.9878 ], [ 79.2633, 17.9836 ], [ 79.2711, 17.9786 ] ] ] } },
{ "type": "Feature", "properties": { "unit_id": "IND.32.10.2_1", "name": "Raghunathpalli", "district": "Jangaon", "did": "telangana:Jangaon", "state_key": "telangana" }, "geometry": { "type": "Polygon", "coordinates": [ [ [ 79.2437, 17.8489 ], [ 79.2554, 17.8585 ], [ 79.2748, 17.838 ], [ 79.295, 17.837 ], [ 79.2903, 17.821 ], [ 79.3243, 17.802 ], [ 79.3302, 17.7997 ], [ 79.339, 17.8046 ], [ 79.3452, 17.8171 ], [ 79.3688, 17.803 ], [ 79.3634, 17.7752 ], [ 79.355, 17.7786 ], [ 79.3544, 17.7756 ], [ 79.351, 17.7763 ], [ 79.3493, 17.7675 ], [ 79.34, 17.7657 ], [ 79.3467, 17.7402 ], [ 79.3442, 17.7243 ], [ 79.3492, 17.7227 ], [ 79.3504, 17.7053 ], [ 79.3567, 17.7024 ], [ 79.3468, 17.6782 ], [ 79.3188, 17.6736 ], [ 79.3119, 17.6883 ], [ 79.293, 17.6952 ], [ 79.2904, 17.6921 ], [ 79.2746, 17.7071 ], [ 79.2568, 17.7115 ], [ 79.2492, 17.7034 ], [ 79.2359, 17.6968 ], [ 79.2079, 17.7166 ], [ 79.2113, 17.7371 ], [ 79.2013, 17.7384 ], [ 79.2038, 17.7481 ], [ 79.1909, 17.7633 ], [ 79.1792, 17.7686 ], [ 79.1904, 17.781 ], [ 79.1777, 17.8004 ], [ 79.1859, 17.8081 ], [ 79.1906, 17.8244 ], [ 79.184, 17.8362 ], [ 79.1875, 17.8454 ], [ 79.1953, 17.858 ], [ 79.2368, 17.8476 ], [ 79.2437, 17.8489 ] ] ] } },
{ "type": "Feature", "properties": { "unit_id": "IND.32.10.2_1", "name": "Narmeta", "district": "Jangaon", "did": "telangana:Jangaon", "state_key": "telangana" }, "geometry": { "type": "Polygon", "coordinates": [ [ [ 79.2329, 17.9945 ], [ 79.217, 17.969 ], [ 79.2028, 17.9588 ], [ 79.2368, 17.9329 ], [ 79.2327, 17.9198 ], [ 79.2383, 17.9189 ], [ 79.2353, 17.8929 ], [ 79.2554, 17.8585 ], [ 79.2437, 17.8489 ], [ 79.2368, 17.8476 ], [ 79.2078, 17.8579 ], [ 79.1953, 17.858 ], [ 79.184, 17.8362 ], [ 79.1722, 17.8338 ], [ 79.1613, 17.8341 ], [ 79.1308, 17.8458 ], [ 79.1315, 17.8302 ], [ 79.1285, 17.8267 ], [ 79.1004, 17.8219 ], [ 79.097, 17.8172 ], [ 79.0945, 17.8208 ], [ 79.102, 17.8393 ], [ 79.095, 17.847 ], [ 79.0951, 17.8551 ], [ 79.0995, 17.8585 ], [ 79.0928, 17.8661 ], [ 79.0921, 17.8732 ], [ 79.1117, 17.899 ], [ 79.1243, 17.9024 ], [ 79.1133, 17.906 ], [ 79.103, 17.9162 ], [ 79.1213, 17.9412 ], [ 79.1315, 17.9468 ], [ 79.1438, 17.9659 ], [ 79.139, 17.9781 ], [ 79.1535, 17.992 ], [ 79.1842, 17.9939 ], [ 79.1923, 18.0016 ], [ 79.2329, 17.9945 ] ] ] } },
{ "type": "Feature", "properties": { "unit_id": "IND.32.3.1_1", "name": "Chigurumamidi", "district": "Warangal (urban)", "did": "telangana:Warangal (urban)", "state_key": "telangana" }, "geometry": { "type": "Polygon", "coordinates": [ [ [ 79.3841, 18.1315 ], [ 79.3817, 18.1256 ], [ 79.3751, 18.1231 ], [ 79.3777, 18.1184 ], [ 79.386, 18.1151 ], [ 79.4009, 18.1176 ], [ 79.3922, 18.1074 ], [ 79.3928, 18.098 ], [ 79.415, 18.0939 ], [ 79.4008, 18.0786 ], [ 79.4007, 18.0722 ], [ 79.3907, 18.0643 ], [ 79.3848, 18.0489 ], [ 79.3772, 18.0448 ], [ 79.3827, 18.0309 ], [ 79.3671, 18.0145 ], [ 79.3637, 18.0201 ], [ 79.3386, 18.0257 ], [ 79.3282, 18.0204 ], [ 79.3001, 18.0245 ], [ 79.293, 18.0113 ], [ 79.2819, 18.0019 ], [ 79.2608, 18.003 ], [ 79.2633, 17.9836 ], [ 79.2287, 17.9878 ], [ 79.2329, 17.9945 ], [ 79.2213, 18.0349 ], [ 79.2258, 18.0517 ], [ 79.2273, 18.0541 ], [ 79.2462, 18.0507 ], [ 79.2662, 18.0395 ], [ 79.2909, 18.0893 ], [ 79.2905, 18.1209 ], [ 79.2938, 18.1259 ], [ 79.3139, 18.1342 ], [ 79.3273, 18.1482 ], [ 79.3463, 18.1468 ], [ 79.3539, 18.1399 ], [ 79.3656, 18.1398 ], [ 79.3794, 18.1567 ], [ 79.3969, 18.148 ], [ 79.3978, 18.1319 ], [ 79.3841, 18.1315 ] ] ] } },
{ "type": "Feature", "properties": { "unit_id": "IND.32.3.3_1", "name": "Husnabad", "district": "Siddipet", "did": "telangana:Siddipet", "state_key": "telangana" }, "geometry": { "type": "Polygon", "coordinates": [ [ [ 79.2433, 18.1722 ], [ 79.2505, 18.1631 ], [ 79.2509, 18.1542 ], [ 79.2874, 18.1535 ], [ 79.2908, 18.1424 ], [ 79.3012, 18.13 ], [ 79.2906, 18.1212 ], [ 79.293, 18.1008 ], [ 79.2818, 18.0657 ], [ 79.2662, 18.0395 ], [ 79.2462, 18.0507 ], [ 79.2273, 18.0541 ], [ 79.2213, 18.0349 ], [ 79.2328, 17.9945 ], [ 79.1923, 18.0016 ], [ 79.1842, 17.9939 ], [ 79.1535, 17.992 ], [ 79.1452, 18.0037 ], [ 79.1236, 18.0049 ], [ 79.109, 18.0135 ], [ 79.1122, 18.0275 ], [ 79.1081, 18.0431 ], [ 79.099, 18.0461 ], [ 79.1109, 18.0645 ], [ 79.1268, 18.0757 ], [ 79.1266, 18.0826 ], [ 79.1172, 18.0918 ], [ 79.1254, 18.0946 ], [ 79.1395, 18.1098 ], [ 79.1394, 18.1354 ], [ 79.1489, 18.1501 ], [ 79.1595, 18.1475 ], [ 79.1625, 18.1572 ], [ 79.1878, 18.1702 ], [ 79.1925, 18.1639 ], [ 79.2123, 18.1616 ], [ 79.2106, 18.1749 ], [ 79.2442, 18.1832 ], [ 79.2433, 18.1722 ] ] ] } },
{ "type": "Feature", "properties": { "unit_id": "IND.32.3.3_1", "name": "Chigurumamidi", "district": "Karimnagar", "did": "telangana:Karimnagar", "state_key": "telangana" }, "geometry": { "type": "Polygon", "coordinates": [ [ [ 79.2274, 18.2659 ], [ 79.2563, 18.257 ], [ 79.2512, 18.2246 ], [ 79.256, 18.1981 ], [ 79.2445, 18.184 ], [ 79.2106, 18.1749 ], [ 79.2123, 18.1616 ], [ 79.1925, 18.1639 ], [ 79.1878, 18.1702 ], [ 79.1625, 18.1572 ], [ 79.1602, 18.1665 ], [ 79.1459, 18.171 ], [ 79.1462, 18.1834 ], [ 79.1409, 18.1879 ], [ 79.1372, 18.2063 ], [ 79.1285, 18.2146 ], [ 79.1232, 18.217 ], [ 79.1134, 18.2149 ], [ 79.1082, 18.2214 ], [ 79.1085, 18.2373 ], [ 79.1233, 18.2431 ], [ 79.1203, 18.2554 ], [ 79.13, 18.2613 ], [ 79.1337, 18.2712 ], [ 79.1478, 18.2802 ], [ 79.1584, 18.2771 ], [ 79.18, 18.2843 ], [ 79.1888, 18.2829 ], [ 79.1929, 18.2867 ], [ 79.2147, 18.2579 ], [ 79.2274, 18.2659 ] ] ] } },
{ "type": "Feature", "properties": { "unit_id": "IND.32.3.1_1", "name": "Saidapur", "district": "Karimnagar", "did": "telangana:Karimnagar", "state_key": "telangana" }, "geometry": { "type": "Polygon", "coordinates": [ [ [ 79.3353, 18.2768 ], [ 79.3461, 18.2741 ], [ 79.3616, 18.2618 ], [ 79.3555, 18.2461 ], [ 79.3432, 18.2328 ], [ 79.3678, 18.2124 ], [ 79.3714, 18.2049 ], [ 79.3661, 18.1884 ], [ 79.3526, 18.1749 ], [ 79.3717, 18.1738 ], [ 79.3714, 18.1617 ], [ 79.3794, 18.1567 ], [ 79.3656, 18.1398 ], [ 79.3539, 18.1399 ], [ 79.3463, 18.1468 ], [ 79.3273, 18.1482 ], [ 79.3139, 18.1342 ], [ 79.3012, 18.13 ], [ 79.2908, 18.1424 ], [ 79.2874, 18.1535 ], [ 79.2509, 18.1542 ], [ 79.2505, 18.1631 ], [ 79.2443, 18.1692 ], [ 79.2422, 18.1786 ], [ 79.2567, 18.2013 ], [ 79.2512, 18.2246 ], [ 79.2598, 18.2625 ], [ 79.3093, 18.258 ], [ 79.3245, 18.277 ], [ 79.3287, 18.2738 ], [ 79.3353, 18.2768 ] ] ] } },
{ "type": "Feature", "properties": { "unit_id": "IND.32.3.1_1", "name": "Kesavapatnam", "district": "Karimnagar", "did": "telangana:Karimnagar", "state_key": "telangana" }, "geometry": { "type": "Polygon", "coordinates": [ [ [ 79.3575, 18.3636 ], [ 79.3671, 18.3577 ], [ 79.3855, 18.3538 ], [ 79.3999, 18.3437 ], [ 79.3812, 18.3162 ], [ 79.3799, 18.302 ], [ 79.3914, 18.2981 ], [ 79.3979, 18.2884 ], [ 79.4078, 18.2855 ], [ 79.4029, 18.2777 ], [ 79.3937, 18.2761 ], [ 79.3912, 18.2526 ], [ 79.3616, 18.2618 ], [ 79.3461, 18.2741 ], [ 79.3359, 18.2768 ], [ 79.3295, 18.2737 ], [ 79.3245, 18.277 ], [ 79.3093, 18.258 ], [ 79.2598, 18.2625 ], [ 79.2654, 18.2806 ], [ 79.264, 18.3075 ], [ 79.2719, 18.3145 ], [ 79.2744, 18.3264 ], [ 79.2813, 18.3237 ], [ 79.2877, 18.3252 ], [ 79.2893, 18.3425 ], [ 79.2973, 18.3592 ], [ 79.307, 18.3572 ], [ 79.3171, 18.3664 ], [ 79.3506, 18.3594 ], [ 79.3575, 18.3636 ] ] ] } },
{ "type": "Feature", "properties": { "unit_id": "IND.32.3.3_1", "name": "Timmapuram", "district": "Karimnagar", "did": "telangana:Karimnagar", "state_key": "telangana" }, "geometry": { "type": "Polygon", "coordinates": [ [ [ 79.1734, 18.3882 ], [ 79.18, 18.3877 ], [ 79.1839, 18.3701 ], [ 79.2047, 18.3753 ], [ 79.2079, 18.3734 ], [ 79.2141, 18.3472 ], [ 79.2346, 18.3312 ], [ 79.2333, 18.322 ], [ 79.2532, 18.3182 ], [ 79.264, 18.3075 ], [ 79.2654, 18.2806 ], [ 79.2571, 18.2558 ], [ 79.2274, 18.2659 ], [ 79.2147, 18.2579 ], [ 79.1929, 18.2867 ], [ 79.1888, 18.2829 ], [ 79.18, 18.2843 ], [ 79.1584, 18.2771 ], [ 79.1478, 18.2802 ], [ 79.1337, 18.2713 ], [ 79.1198, 18.277 ], [ 79.1147, 18.2904 ], [ 79.1192, 18.3042 ], [ 79.109, 18.3084 ], [ 79.1103, 18.316 ], [ 79.102, 18.322 ], [ 79.1069, 18.3374 ], [ 79.1169, 18.3388 ], [ 79.1303, 18.3488 ], [ 79.1362, 18.3471 ], [ 79.1575, 18.3551 ], [ 79.1535, 18.378 ], [ 79.1278, 18.3851 ], [ 79.1266, 18.3966 ], [ 79.16, 18.4239 ], [ 79.1611, 18.39 ], [ 79.1681, 18.3846 ], [ 79.1734, 18.3882 ] ] ] } },
{ "type": "Feature", "properties": { "unit_id": "IND.32.3.3_1", "name": "Choppadandi", "district": "Karimnagar", "did": "telangana:Karimnagar", "state_key": "telangana" }, "geometry": { "type": "Polygon", "coordinates": [ [ [ 79.2044, 18.5952 ], [ 79.2053, 18.5779 ], [ 79.23, 18.5673 ], [ 79.2274, 18.5458 ], [ 79.2205, 18.5455 ], [ 79.2155, 18.5347 ], [ 79.1953, 18.5337 ], [ 79.189, 18.5384 ], [ 79.1802, 18.5324 ], [ 79.1779, 18.5228 ], [ 79.1642, 18.5282 ], [ 79.1647, 18.5228 ], [ 79.1595, 18.5218 ], [ 79.1588, 18.5185 ], [ 79.1273, 18.5287 ], [ 79.1229, 18.5251 ], [ 79.1076, 18.5274 ], [ 79.105, 18.5288 ], [ 79.1091, 18.538 ], [ 79.1029, 18.5489 ], [ 79.107, 18.5719 ], [ 79.1013, 18.5787 ], [ 79.1029, 18.5887 ], [ 79.0997, 18.5943 ], [ 79.1297, 18.6032 ], [ 79.1149, 18.6137 ], [ 79.1152, 18.6206 ], [ 79.1221, 18.6265 ], [ 79.1278, 18.6284 ], [ 79.1379, 18.6247 ], [ 79.1447, 18.6297 ], [ 79.1477, 18.628 ], [ 79.161, 18.647 ], [ 79.1691, 18.6482 ], [ 79.1715, 18.6543 ], [ 79.1762, 18.6544 ], [ 79.1841, 18.6123 ], [ 79.2044, 18.5952 ] ] ] } },
{ "type": "Feature", "properties": { "unit_id": "IND.32.3.7_1", "name": "Julapalli", "district": "Peddapalli", "did": "telangana:Peddapalli", "state_key": "telangana" }, "geometry": { "type": "Polygon", "coordinates": [ [ [ 79.3128, 18.6647 ], [ 79.3217, 18.6579 ], [ 79.3152, 18.6311 ], [ 79.3189, 18.6243 ], [ 79.3125, 18.61 ], [ 79.3265, 18.6046 ], [ 79.3205, 18.595 ], [ 79.3167, 18.5971 ], [ 79.3108, 18.5933 ], [ 79.3107, 18.5848 ], [ 79.3044, 18.5744 ], [ 79.3147, 18.5673 ], [ 79.3223, 18.5489 ], [ 79.3165, 18.5406 ], [ 79.2953, 18.5432 ], [ 79.2808, 18.5308 ], [ 79.283, 18.5278 ], [ 79.2748, 18.5111 ], [ 79.2628, 18.5139 ], [ 79.2594, 18.508 ], [ 79.249, 18.5082 ], [ 79.2437, 18.5143 ], [ 79.2441, 18.5239 ], [ 79.2213, 18.5279 ], [ 79.2155, 18.5347 ], [ 79.2205, 18.5455 ], [ 79.2278, 18.5466 ], [ 79.2302, 18.5668 ], [ 79.2053, 18.5779 ], [ 79.2044, 18.5952 ], [ 79.1862, 18.6087 ], [ 79.183, 18.6161 ], [ 79.1909, 18.6199 ], [ 79.1944, 18.6264 ], [ 79.2123, 18.6307 ], [ 79.216, 18.6393 ], [ 79.2216, 18.6392 ], [ 79.232, 18.6251 ], [ 79.241, 18.6248 ], [ 79.2362, 18.6321 ], [ 79.2372, 18.6412 ], [ 79.2321, 18.6467 ], [ 79.2495, 18.6504 ], [ 79.2513, 18.678 ], [ 79.2709, 18.6762 ], [ 79.2828, 18.6642 ], [ 79.3128, 18.6647 ] ] ] } },
{ "type": "Feature", "properties": { "unit_id": "IND.32.3.7_1", "name": "Sultanabad", "district": "Peddapalli", "did": "telangana:Peddapalli", "state_key": "telangana" }, "geometry": { "type": "Polygon", "coordinates": [ [ [ 79.3488, 18.5796 ], [ 79.3592, 18.5746 ], [ 79.3612, 18.5536 ], [ 79.3677, 18.5522 ], [ 79.3711, 18.5433 ], [ 79.3865, 18.5502 ], [ 79.3865, 18.5399 ], [ 79.3946, 18.5366 ], [ 79.3941, 18.5294 ], [ 79.3868, 18.5223 ], [ 79.3963, 18.5127 ], [ 79.3965, 18.5065 ], [ 79.3681, 18.4434 ], [ 79.3657, 18.4406 ], [ 79.327, 18.4715 ], [ 79.2943, 18.4825 ], [ 79.28, 18.479 ], [ 79.2486, 18.4533 ], [ 79.2366, 18.4476 ], [ 79.2289, 18.4569 ], [ 79.2158, 18.4913 ], [ 79.2198, 18.5074 ], [ 79.2155, 18.516 ], [ 79.2184, 18.5245 ], [ 79.2213, 18.5279 ], [ 79.2441, 18.5239 ], [ 79.2437, 18.5143 ], [ 79.249, 18.5082 ], [ 79.2594, 18.508 ], [ 79.2628, 18.5139 ], [ 79.2748, 18.5111 ], [ 79.283, 18.5278 ], [ 79.2808, 18.5308 ], [ 79.2953, 18.5432 ], [ 79.3165, 18.5406 ], [ 79.3223, 18.5489 ], [ 79.3147, 18.5673 ], [ 79.3044, 18.5742 ], [ 79.3107, 18.5848 ], [ 79.3108, 18.5933 ], [ 79.3167, 18.5971 ], [ 79.3205, 18.595 ], [ 79.3265, 18.6046 ], [ 79.338, 18.5954 ], [ 79.3488, 18.5796 ] ] ] } },
{ "type": "Feature", "properties": { "unit_id": "IND.32.3.3_1", "name": "Manakondur", "district": "Karimnagar", "did": "telangana:Karimnagar", "state_key": "telangana" }, "geometry": { "type": "Polygon", "coordinates": [ [ [ 79.3265, 18.4304 ], [ 79.3228, 18.413 ], [ 79.3284, 18.4109 ], [ 79.3217, 18.3838 ], [ 79.3233, 18.3722 ], [ 79.307, 18.3572 ], [ 79.2973, 18.3592 ], [ 79.2893, 18.3425 ], [ 79.2877, 18.3252 ], [ 79.2813, 18.3237 ], [ 79.2744, 18.3264 ], [ 79.2719, 18.3145 ], [ 79.264, 18.3075 ], [ 79.2532, 18.3182 ], [ 79.2333, 18.322 ], [ 79.2346, 18.3312 ], [ 79.2141, 18.3472 ], [ 79.2079, 18.3734 ], [ 79.2047, 18.3753 ], [ 79.1839, 18.3701 ], [ 79.18, 18.3877 ], [ 79.1734, 18.3882 ], [ 79.1697, 18.3843 ], [ 79.1611, 18.39 ], [ 79.16, 18.4239 ], [ 79.2374, 18.4478 ], [ 79.2844, 18.481 ], [ 79.2978, 18.4824 ], [ 79.3107, 18.4791 ], [ 79.3379, 18.4639 ], [ 79.3526, 18.4516 ], [ 79.3418, 18.4322 ], [ 79.3265, 18.4304 ] ] ] } },
{ "type": "Feature", "properties": { "unit_id": "IND.32.3.1_1", "name": "Vinavanka", "district": "Karimnagar", "did": "telangana:Karimnagar", "state_key": "telangana" }, "geometry": { "type": "Polygon", "coordinates": [ [ [ 79.4394, 18.4107 ], [ 79.4585, 18.3939 ], [ 79.4746, 18.386 ], [ 79.4662, 18.3782 ], [ 79.4605, 18.3584 ], [ 79.4557, 18.3523 ], [ 79.4493, 18.3525 ], [ 79.4422, 18.338 ], [ 79.4589, 18.3208 ], [ 79.4413, 18.3063 ], [ 79.4332, 18.305 ], [ 79.4194, 18.3092 ], [ 79.4138, 18.3037 ], [ 79.4133, 18.292 ], [ 79.4043, 18.285 ], [ 79.3948, 18.2908 ], [ 79.3914, 18.2981 ], [ 79.3799, 18.302 ], [ 79.3812, 18.3162 ], [ 79.398, 18.3391 ], [ 79.3981, 18.3463 ], [ 79.3575, 18.3636 ], [ 79.3525, 18.359 ], [ 79.3171, 18.3664 ], [ 79.3234, 18.3726 ], [ 79.3217, 18.3838 ], [ 79.3284, 18.4109 ], [ 79.3228, 18.413 ], [ 79.3265, 18.4304 ], [ 79.3418, 18.4322 ], [ 79.3526, 18.4516 ], [ 79.3792, 18.4332 ], [ 79.4394, 18.4107 ] ] ] } },
{ "type": "Feature", "properties": { "unit_id": "IND.32.3.7_1", "name": "Odela", "district": "Peddapalli", "did": "telangana:Peddapalli", "state_key": "telangana" }, "geometry": { "type": "Polygon", "coordinates": [ [ [ 79.4511, 18.5143 ], [ 79.4476, 18.5009 ], [ 79.4705, 18.4921 ], [ 79.4792, 18.4724 ], [ 79.4845, 18.471 ], [ 79.485, 18.4519 ], [ 79.4956, 18.448 ], [ 79.495, 18.4438 ], [ 79.505, 18.438 ], [ 79.5113, 18.4379 ], [ 79.5215, 18.426 ], [ 79.5406, 18.4251 ], [ 79.5489, 18.4212 ], [ 79.5546, 18.4149 ], [ 79.5459, 18.407 ], [ 79.5216, 18.3971 ], [ 79.5066, 18.3992 ], [ 79.4887, 18.3874 ], [ 79.4774, 18.3854 ], [ 79.4585, 18.3939 ], [ 79.4394, 18.4107 ], [ 79.3733, 18.4351 ], [ 79.3657, 18.4406 ], [ 79.3872, 18.4799 ], [ 79.3916, 18.5009 ], [ 79.3965, 18.5065 ], [ 79.3963, 18.5127 ], [ 79.3869, 18.5226 ], [ 79.3941, 18.5294 ], [ 79.4395, 18.5253 ], [ 79.4511, 18.5143 ] ] ] } },
{ "type": "Feature", "properties": { "unit_id": "IND.32.3.7_1", "name": "Kalwasrirampur", "district": "Peddapalli", "did": "telangana:Peddapalli", "state_key": "telangana" }, "geometry": { "type": "Polygon", "coordinates": [ [ [ 79.5706, 18.5179 ], [ 79.5916, 18.5054 ], [ 79.5886, 18.5009 ], [ 79.5911, 18.4983 ], [ 79.5817, 18.4915 ], [ 79.5968, 18.4726 ], [ 79.5879, 18.4619 ], [ 79.5905, 18.45 ], [ 79.5873, 18.4447 ], [ 79.5546, 18.4149 ], [ 79.542, 18.4248 ], [ 79.5215, 18.426 ], [ 79.5113, 18.4379 ], [ 79.505, 18.438 ], [ 79.495, 18.4438 ], [ 79.4956, 18.448 ], [ 79.485, 18.4519 ], [ 79.4845, 18.471 ], [ 79.4792, 18.4724 ], [ 79.4705, 18.4921 ], [ 79.4476, 18.5009 ], [ 79.4511, 18.5143 ], [ 79.4395, 18.5253 ], [ 79.4364, 18.5348 ], [ 79.443, 18.548 ], [ 79.4513, 18.5444 ], [ 79.4765, 18.5627 ], [ 79.4901, 18.5919 ], [ 79.4913, 18.6116 ], [ 79.4991, 18.6147 ], [ 79.58, 18.5292 ], [ 79.5706, 18.5179 ] ] ] } },
{ "type": "Feature", "properties": { "unit_id": "IND.32.3.1_1", "name": "Jammikunta", "district": "Karimnagar", "did": "telangana:Karimnagar", "state_key": "telangana" }, "geometry": { "type": "Polygon", "coordinates": [ [ [ 79.5804, 18.3881 ], [ 79.5748, 18.3692 ], [ 79.5795, 18.3487 ], [ 79.5746, 18.3311 ], [ 79.5765, 18.3092 ], [ 79.565, 18.3092 ], [ 79.5598, 18.3 ], [ 79.5629, 18.2982 ], [ 79.561, 18.2872 ], [ 79.5674, 18.2799 ], [ 79.5631, 18.2628 ], [ 79.5519, 18.2678 ], [ 79.55, 18.2473 ], [ 79.5347, 18.2352 ], [ 79.5195, 18.2412 ], [ 79.4979, 18.2347 ], [ 79.4915, 18.2294 ], [ 79.4824, 18.2291 ], [ 79.4744, 18.2492 ], [ 79.4613, 18.2643 ], [ 79.4312, 18.2703 ], [ 79.4252, 18.2658 ], [ 79.412, 18.2806 ], [ 79.406, 18.2802 ], [ 79.4141, 18.2933 ], [ 79.4141, 18.3046 ], [ 79.4194, 18.3092 ], [ 79.4332, 18.305 ], [ 79.4413, 18.3063 ], [ 79.4589, 18.3208 ], [ 79.4422, 18.338 ], [ 79.4493, 18.3525 ], [ 79.4557, 18.3523 ], [ 79.4605, 18.3584 ], [ 79.4662, 18.3782 ], [ 79.4746, 18.386 ], [ 79.4854, 18.386 ], [ 79.5066, 18.3992 ], [ 79.5191, 18.3968 ], [ 79.5337, 18.3999 ], [ 79.5671, 18.4239 ], [ 79.571, 18.4202 ], [ 79.5688, 18.416 ], [ 79.5805, 18.4133 ], [ 79.5758, 18.3909 ], [ 79.5804, 18.3881 ] ] ] } },
{ "type": "Feature", "properties": { "unit_id": "IND.32.3.1_1", "name": "Husnabad", "district": "Karimnagar", "did": "telangana:Karimnagar", "state_key": "telangana" }, "geometry": { "type": "Polygon", "coordinates": [ [ [ 79.4312, 18.2703 ], [ 79.4613, 18.2643 ], [ 79.4744, 18.2492 ], [ 79.4813, 18.2318 ], [ 79.4738, 18.2299 ], [ 79.4654, 18.2007 ], [ 79.4734, 18.1951 ], [ 79.4611, 18.1873 ], [ 79.462, 18.1644 ], [ 79.4472, 18.1636 ], [ 79.4475, 18.1589 ], [ 79.4312, 18.1568 ], [ 79.4192, 18.1692 ], [ 79.4132, 18.1649 ], [ 79.3991, 18.1662 ], [ 79.3969, 18.148 ], [ 79.3736, 18.1594 ], [ 79.3717, 18.1738 ], [ 79.3526, 18.1749 ], [ 79.3661, 18.1884 ], [ 79.3713, 18.2067 ], [ 79.3432, 18.233 ], [ 79.3555, 18.2461 ], [ 79.3616, 18.2618 ], [ 79.391, 18.2525 ], [ 79.3937, 18.2761 ], [ 79.4094, 18.2809 ], [ 79.4252, 18.2658 ], [ 79.4312, 18.2703 ] ] ] } },
{ "type": "Feature", "properties": { "unit_id": "IND.32.3.1_1", "name": "Kamalapur", "district": "Warangal (urban)", "did": "telangana:Warangal (urban)", "state_key": "telangana" }, "geometry": { "type": "Polygon", "coordinates": [ [ [ 79.598, 18.2149 ], [ 79.597, 18.1982 ], [ 79.6127, 18.1885 ], [ 79.6109, 18.184 ], [ 79.6079, 18.185 ], [ 79.6098, 18.1763 ], [ 79.6048, 18.1732 ], [ 79.6013, 18.1415 ], [ 79.5836, 18.1426 ], [ 79.5709, 18.1347 ], [ 79.5773, 18.129 ], [ 79.575, 18.1204 ], [ 79.5677, 18.1199 ], [ 79.5602, 18.1214 ], [ 79.5593, 18.127 ], [ 79.5497, 18.1304 ], [ 79.545, 18.1361 ], [ 79.5344, 18.1369 ], [ 79.5329, 18.1289 ], [ 79.5116, 18.1359 ], [ 79.4999, 18.1345 ], [ 79.4938, 18.1396 ], [ 79.4968, 18.1544 ], [ 79.4708, 18.1668 ], [ 79.462, 18.1644 ], [ 79.4611, 18.1873 ], [ 79.4735, 18.1956 ], [ 79.4654, 18.2007 ], [ 79.4738, 18.2299 ], [ 79.4813, 18.2318 ], [ 79.4824, 18.2291 ], [ 79.4915, 18.2294 ], [ 79.4979, 18.2347 ], [ 79.5195, 18.2412 ], [ 79.5347, 18.2352 ], [ 79.5405, 18.2379 ], [ 79.5503, 18.2478 ], [ 79.5519, 18.2678 ], [ 79.5821, 18.2566 ], [ 79.5781, 18.2429 ], [ 79.5917, 18.2196 ], [ 79.598, 18.2149 ] ] ] } },
{ "type": "Feature", "properties": { "unit_id": "IND.32.10.6_1", "name": "Parkal", "district": "Warangal (rural)", "did": "telangana:Warangal (rural)", "state_key": "telangana" }, "geometry": { "type": "Polygon", "coordinates": [ [ [ 79.6707, 18.2553 ], [ 79.6971, 18.2777 ], [ 79.7042, 18.272 ], [ 79.6953, 18.2509 ], [ 79.7108, 18.2409 ], [ 79.7167, 18.2209 ], [ 79.7229, 18.2198 ], [ 79.7225, 18.2095 ], [ 79.7361, 18.2028 ], [ 79.7279, 18.1985 ], [ 79.7223, 18.1998 ], [ 79.728, 18.1917 ], [ 79.7195, 18.1725 ], [ 79.7196, 18.1575 ], [ 79.7095, 18.1494 ], [ 79.7124, 18.1362 ], [ 79.7011, 18.1403 ], [ 79.6848, 18.1367 ], [ 79.6841, 18.14 ], [ 79.6708, 18.1402 ], [ 79.6653, 18.1451 ], [ 79.657, 18.1366 ], [ 79.6481, 18.1355 ], [ 79.6399, 18.1394 ], [ 79.632, 18.1324 ], [ 79.6246, 18.1318 ], [ 79.622, 18.1374 ], [ 79.6013, 18.1415 ], [ 79.6048, 18.1732 ], [ 79.6098, 18.1763 ], [ 79.6079, 18.185 ], [ 79.6109, 18.184 ], [ 79.6127, 18.1885 ], [ 79.597, 18.1982 ], [ 79.598, 18.2149 ], [ 79.5917, 18.2196 ], [ 79.5908, 18.2262 ], [ 79.5781, 18.2429 ], [ 79.5801, 18.2509 ], [ 79.5873, 18.2601 ], [ 79.5974, 18.2628 ], [ 79.6067, 18.2592 ], [ 79.61, 18.2622 ], [ 79.6204, 18.2624 ], [ 79.6312, 18.2849 ], [ 79.6364, 18.2831 ], [ 79.6351, 18.2765 ], [ 79.6525, 18.2525 ], [ 79.6707, 18.2553 ] ] ] } },
{ "type": "Feature", "properties": { "unit_id": "IND.32.10.6_1", "name": "Mogullapalli", "district": "Jayashankar Bhupalapally", "did": "telangana:Jayashankar Bhupalapally", "state_key": "telangana" }, "geometry": { "type": "Polygon", "coordinates": [ [ [ 79.6411, 18.3509 ], [ 79.6426, 18.3414 ], [ 79.6662, 18.3263 ], [ 79.6665, 18.3112 ], [ 79.674, 18.3087 ], [ 79.6768, 18.3002 ], [ 79.6971, 18.2777 ], [ 79.6707, 18.2553 ], [ 79.6525, 18.2525 ], [ 79.6351, 18.2765 ], [ 79.6372, 18.2812 ], [ 79.6329, 18.2853 ], [ 79.6204, 18.2624 ], [ 79.61, 18.2622 ], [ 79.6067, 18.2592 ], [ 79.5974, 18.2628 ], [ 79.5821, 18.2566 ], [ 79.5631, 18.2628 ], [ 79.5674, 18.2799 ], [ 79.561, 18.2872 ], [ 79.5629, 18.2982 ], [ 79.5598, 18.3 ], [ 79.565, 18.3092 ], [ 79.5765, 18.3092 ], [ 79.5746, 18.3311 ], [ 79.5795, 18.3487 ], [ 79.5748, 18.3692 ], [ 79.5794, 18.3909 ], [ 79.592, 18.394 ], [ 79.6001, 18.3778 ], [ 79.6136, 18.3949 ], [ 79.6241, 18.3995 ], [ 79.6272, 18.3674 ], [ 79.6411, 18.3509 ] ] ] } },
{ "type": "Feature", "properties": { "unit_id": "IND.32.10.6_1", "name": "Regonda", "district": "Jayashankar Bhupalapally", "did": "telangana:Jayashankar Bhupalapally", "state_key": "telangana" }, "geometry": { "type": "Polygon", "coordinates": [ [ [ 79.794, 18.3357 ], [ 79.8052, 18.3321 ], [ 79.8117, 18.3368 ], [ 79.8206, 18.3317 ], [ 79.8117, 18.2963 ], [ 79.8415, 18.2924 ], [ 79.8402, 18.2858 ], [ 79.8574, 18.2509 ], [ 79.843, 18.2213 ], [ 79.8445, 18.2128 ], [ 79.8631, 18.2029 ], [ 79.8363, 18.1864 ], [ 79.8443, 18.1582 ], [ 79.8587, 18.1502 ], [ 79.842, 18.1325 ], [ 79.8342, 18.1375 ], [ 79.8278, 18.1366 ], [ 79.8183, 18.1406 ], [ 79.8092, 18.1567 ], [ 79.8007, 18.1947 ], [ 79.796, 18.1983 ], [ 79.7875, 18.1964 ], [ 79.7537, 18.1743 ], [ 79.7473, 18.1787 ], [ 79.7436, 18.1776 ], [ 79.734, 18.1898 ], [ 79.7222, 18.1977 ], [ 79.7228, 18.2006 ], [ 79.7331, 18.2004 ], [ 79.7358, 18.205 ], [ 79.7225, 18.2095 ], [ 79.7229, 18.2198 ], [ 79.7167, 18.2209 ], [ 79.7108, 18.2409 ], [ 79.6953, 18.2509 ], [ 79.7044, 18.2716 ], [ 79.6911, 18.2848 ], [ 79.7039, 18.2879 ], [ 79.7102, 18.2934 ], [ 79.7256, 18.2944 ], [ 79.7413, 18.3038 ], [ 79.7486, 18.3277 ], [ 79.7624, 18.3375 ], [ 79.7884, 18.3276 ], [ 79.794, 18.3357 ] ] ] } },
{ "type": "Feature", "properties": { "unit_id": "IND.32.10.6_1", "name": "Sayampet", "district": "Warangal (rural)", "did": "telangana:Warangal (rural)", "state_key": "telangana" }, "geometry": { "type": "Polygon", "coordinates": [ [ [ 79.8183, 18.1406 ], [ 79.8278, 18.1366 ], [ 79.8342, 18.1375 ], [ 79.842, 18.1325 ], [ 79.8295, 18.1225 ], [ 79.8241, 18.1126 ], [ 79.8198, 18.1131 ], [ 79.8123, 18.0849 ], [ 79.8048, 18.0939 ], [ 79.7763, 18.0914 ], [ 79.7643, 18.0945 ], [ 79.7594, 18.0904 ], [ 79.7472, 18.0921 ], [ 79.7435, 18.0999 ], [ 79.7346, 18.1009 ], [ 79.7294, 18.0952 ], [ 79.7188, 18.1044 ], [ 79.7085, 18.0992 ], [ 79.6972, 18.1046 ], [ 79.6991, 18.113 ], [ 79.678, 18.1152 ], [ 79.6585, 18.13 ], [ 79.657, 18.1366 ], [ 79.6653, 18.1451 ], [ 79.6708, 18.1402 ], [ 79.6841, 18.14 ], [ 79.6848, 18.1367 ], [ 79.7011, 18.1403 ], [ 79.713, 18.1366 ], [ 79.7095, 18.1494 ], [ 79.7196, 18.1575 ], [ 79.7195, 18.1725 ], [ 79.728, 18.1922 ], [ 79.734, 18.1898 ], [ 79.7438, 18.1775 ], [ 79.7473, 18.1787 ], [ 79.7537, 18.1743 ], [ 79.7875, 18.1964 ], [ 79.796, 18.1983 ], [ 79.8007, 18.1947 ], [ 79.8035, 18.1763 ], [ 79.8183, 18.1406 ] ] ] } },
{ "type": "Feature", "properties": { "unit_id": "IND.32.10.3_1", "name": "Mulugu", "district": "Mulugu", "did": "telangana:Mulugu", "state_key": "telangana" }, "geometry": { "type": "Polygon", "coordinates": [ [ [ 79.9698, 18.2291 ], [ 79.9746, 18.2343 ], [ 79.9866, 18.2277 ], [ 79.991, 18.1991 ], [ 80.0045, 18.1919 ], [ 80.0153, 18.1725 ], [ 80.0198, 18.1722 ], [ 80.0294, 18.1629 ], [ 80.0675, 18.1544 ], [ 80.0666, 18.1571 ], [ 80.0711, 18.1589 ], [ 80.0743, 18.1551 ], [ 80.0772, 18.1591 ], [ 80.0862, 18.1587 ], [ 80.0863, 18.1618 ], [ 80.0958, 18.1652 ], [ 80.1207, 18.1491 ], [ 80.1274, 18.1421 ], [ 80.1449, 18.0949 ], [ 80.1132, 18.0828 ], [ 80.1007, 18.0819 ], [ 80.0794, 18.0705 ], [ 80.0546, 18.0854 ], [ 80.0362, 18.1154 ], [ 80.0284, 18.1164 ], [ 80.0181, 18.117 ], [ 79.9919, 18.1075 ], [ 79.9795, 18.1119 ], [ 79.9651, 18.1006 ], [ 79.9578, 18.0895 ], [ 79.9363, 18.0836 ], [ 79.8845, 18.0857 ], [ 79.8872, 18.0982 ], [ 79.8638, 18.0935 ], [ 79.8372, 18.0949 ], [ 79.8145, 18.0919 ], [ 79.8198, 18.1131 ], [ 79.8241, 18.1126 ], [ 79.8295, 18.1225 ], [ 79.8587, 18.1502 ], [ 79.8443, 18.1582 ], [ 79.8368, 18.1873 ], [ 79.8631, 18.2029 ], [ 79.8736, 18.1993 ], [ 79.9049, 18.2078 ], [ 79.9161, 18.2251 ], [ 79.9325, 18.2287 ], [ 79.9434, 18.2486 ], [ 79.9611, 18.2274 ], [ 79.9698, 18.2291 ] ] ] } },
{ "type": "Feature", "properties": { "unit_id": "IND.32.10.3_1", "name": "Venkatapur", "district": "Mulugu", "did": "telangana:Mulugu", "state_key": "telangana" }, "geometry": { "type": "Polygon", "coordinates": [ [ [ 79.9895, 18.3865 ], [ 80.0423, 18.4043 ], [ 80.0573, 18.4016 ], [ 80.0736, 18.3883 ], [ 80.0854, 18.3946 ], [ 80.0909, 18.3872 ], [ 80.098, 18.385 ], [ 80.0993, 18.3508 ], [ 80.1254, 18.3245 ], [ 80.1334, 18.309 ], [ 80.1398, 18.3042 ], [ 80.1158, 18.2929 ], [ 80.0897, 18.2917 ], [ 80.0598, 18.2829 ], [ 80.0427, 18.2741 ], [ 80.0173, 18.2538 ], [ 80.0019, 18.2339 ], [ 80.0044, 18.217 ], [ 79.9746, 18.2343 ], [ 79.9714, 18.2297 ], [ 79.9611, 18.2274 ], [ 79.9434, 18.2486 ], [ 79.9325, 18.2287 ], [ 79.9161, 18.2251 ], [ 79.9054, 18.2082 ], [ 79.8736, 18.1993 ], [ 79.8445, 18.2128 ], [ 79.8432, 18.2221 ], [ 79.8574, 18.2509 ], [ 79.8534, 18.2596 ], [ 79.8648, 18.26 ], [ 79.8723, 18.2774 ], [ 79.8892, 18.2853 ], [ 79.882, 18.2992 ], [ 79.8928, 18.3069 ], [ 79.8956, 18.3124 ], [ 79.8929, 18.317 ], [ 79.9316, 18.3158 ], [ 79.9446, 18.3184 ], [ 79.9539, 18.3395 ], [ 79.9492, 18.3446 ], [ 79.9254, 18.3516 ], [ 79.9096, 18.371 ], [ 79.8996, 18.3711 ], [ 79.8909, 18.3993 ], [ 79.9079, 18.3993 ], [ 79.9223, 18.4062 ], [ 79.934, 18.3997 ], [ 79.9895, 18.3865 ] ] ] } },
{ "type": "Feature", "properties": { "unit_id": "IND.32.10.3_1", "name": "Ghanpur(mulug)", "district": "Jayashankar Bhupalapally", "did": "telangana:Jayashankar Bhupalapally", "state_key": "telangana" }, "geometry": { "type": "Polygon", "coordinates": [ [ [ 79.8996, 18.3711 ], [ 79.9096, 18.371 ], [ 79.9254, 18.3516 ], [ 79.9492, 18.3446 ], [ 79.9539, 18.3395 ], [ 79.9446, 18.3184 ], [ 79.9316, 18.3158 ], [ 79.8929, 18.317 ], [ 79.8956, 18.3124 ], [ 79.8928, 18.3069 ], [ 79.882, 18.2992 ], [ 79.8892, 18.2853 ], [ 79.873, 18.278 ], [ 79.8657, 18.2607 ], [ 79.8567, 18.2584 ], [ 79.8406, 18.285 ], [ 79.8415, 18.2924 ], [ 79.8117, 18.2963 ], [ 79.8206, 18.3317 ], [ 79.8132, 18.3359 ], [ 79.8304, 18.3554 ], [ 79.8201, 18.374 ], [ 79.822, 18.3878 ], [ 79.8264, 18.3913 ], [ 79.8557, 18.3937 ], [ 79.8554, 18.3994 ], [ 79.8909, 18.3993 ], [ 79.8996, 18.3711 ] ] ] } },
{ "type": "Feature", "properties": { "unit_id": "IND.32.10.6_1", "name": "Bhupalpalli", "district": "Jayashankar Bhupalapally", "did": "telangana:Jayashankar Bhupalapally", "state_key": "telangana" }, "geometry": { "type": "Polygon", "coordinates": [ [ [ 80.0849, 18.5097 ], [ 80.0737, 18.5018 ], [ 80.0707, 18.4943 ], [ 80.0666, 18.4939 ], [ 80.066, 18.4858 ], [ 80.0597, 18.483 ], [ 80.0556, 18.4851 ], [ 80.0515, 18.4814 ], [ 80.085, 18.4734 ], [ 80.0855, 18.4699 ], [ 80.0918, 18.4677 ], [ 80.1169, 18.4663 ], [ 80.1143, 18.4574 ], [ 80.1025, 18.4568 ], [ 80.0758, 18.4272 ], [ 80.0464, 18.4292 ], [ 80.0298, 18.4424 ], [ 80.0215, 18.4196 ], [ 80.0264, 18.4134 ], [ 80.0232, 18.4059 ], [ 80.0294, 18.4 ], [ 79.9902, 18.3865 ], [ 79.9395, 18.3964 ], [ 79.9223, 18.4062 ], [ 79.9066, 18.3992 ], [ 79.8554, 18.3994 ], [ 79.8557, 18.3937 ], [ 79.8264, 18.3913 ], [ 79.822, 18.3878 ], [ 79.8201, 18.374 ], [ 79.8304, 18.3554 ], [ 79.8132, 18.3359 ], [ 79.8052, 18.3321 ], [ 79.794, 18.3357 ], [ 79.7884, 18.3276 ], [ 79.7624, 18.3375 ], [ 79.7682, 18.3423 ], [ 79.7641, 18.352 ], [ 79.7796, 18.3913 ], [ 79.7424, 18.416 ], [ 79.7428, 18.4193 ], [ 79.7373, 18.4217 ], [ 79.7369, 18.4324 ], [ 79.7272, 18.4393 ], [ 79.7224, 18.4383 ], [ 79.7275, 18.4445 ], [ 79.7568, 18.4484 ], [ 79.7657, 18.4467 ], [ 79.7733, 18.4342 ], [ 79.7893, 18.4339 ], [ 79.8007, 18.425 ], [ 79.805, 18.416 ], [ 79.8105, 18.4199 ], [ 79.8106, 18.4127 ], [ 79.8188, 18.4099 ], [ 79.8226, 18.4284 ], [ 79.8, 18.469 ], [ 79.8176, 18.4751 ], [ 79.8169, 18.4781 ], [ 79.8545, 18.4871 ], [ 79.8551, 18.475 ], [ 79.8641, 18.475 ], [ 79.8695, 18.4701 ], [ 79.8745, 18.4719 ], [ 79.8815, 18.4471 ], [ 79.9107, 18.4143 ], [ 79.9209, 18.4461 ], [ 79.926, 18.4455 ], [ 79.9257, 18.4502 ], [ 79.9202, 18.4521 ], [ 79.9184, 18.4591 ], [ 79.9098, 18.4602 ], [ 79.905, 18.4685 ], [ 79.8944, 18.4677 ], [ 79.8871, 18.4906 ], [ 79.8785, 18.495 ], [ 79.871, 18.5118 ], [ 79.9275, 18.5157 ], [ 79.9371, 18.5124 ], [ 79.9474, 18.5153 ], [ 79.9542, 18.4944 ], [ 79.9623, 18.4827 ], [ 79.9846, 18.5009 ], [ 79.9922, 18.5031 ], [ 80.0346, 18.5026 ], [ 80.0381, 18.5167 ], [ 80.0864, 18.5187 ], [ 80.0849, 18.5097 ] ] ] } },
{ "type": "Feature", "properties": { "unit_id": "IND.32.3.4_1", "name": "Mutharam", "district": "Jayashankar Bhupalapally", "did": "telangana:Jayashankar Bhupalapally", "state_key": "telangana" }, "geometry": { "type": "Polygon", "coordinates": [ [ [ 79.9931, 18.5599 ], [ 79.9812, 18.5609 ], [ 79.9873, 18.5768 ], [ 79.9979, 18.5749 ], [ 79.9931, 18.5599 ] ] ] } },
{ "type": "Feature", "properties": { "unit_id": "IND.32.3.4_1", "name": "Tadicherla", "district": "Jayashankar Bhupalapally", "did": "telangana:Jayashankar Bhupalapally", "state_key": "telangana" }, "geometry": { "type": "Polygon", "coordinates": [ [ [ 79.8578, 18.6306 ], [ 79.8555, 18.5997 ], [ 79.8632, 18.5983 ], [ 79.8803, 18.5852 ], [ 79.887, 18.5948 ], [ 79.9111, 18.5872 ], [ 79.9175, 18.5813 ], [ 79.9171, 18.5588 ], [ 79.9216, 18.5495 ], [ 79.9097, 18.5145 ], [ 79.871, 18.5118 ], [ 79.8785, 18.495 ], [ 79.8871, 18.4906 ], [ 79.8944, 18.4677 ], [ 79.905, 18.4685 ], [ 79.9098, 18.4602 ], [ 79.9184, 18.4591 ], [ 79.9202, 18.4521 ], [ 79.9257, 18.4502 ], [ 79.926, 18.4455 ], [ 79.9209, 18.4461 ], [ 79.9107, 18.4143 ], [ 79.8815, 18.4471 ], [ 79.8745, 18.4719 ], [ 79.8695, 18.4701 ], [ 79.8641, 18.475 ], [ 79.8551, 18.475 ], [ 79.8545, 18.4871 ], [ 79.8169, 18.4781 ], [ 79.8176, 18.4751 ], [ 79.8, 18.469 ], [ 79.8226, 18.4284 ], [ 79.8188, 18.4099 ], [ 79.8106, 18.4127 ], [ 79.8105, 18.4199 ], [ 79.805, 18.416 ], [ 79.8007, 18.425 ], [ 79.7893, 18.4339 ], [ 79.7733, 18.4342 ], [ 79.7518, 18.4698 ], [ 79.7301, 18.4882 ], [ 79.6818, 18.4939 ], [ 79.7057, 18.5207 ], [ 79.712, 18.5608 ], [ 79.7244, 18.5732 ], [ 79.7365, 18.574 ], [ 79.7413, 18.5704 ], [ 79.7519, 18.5736 ], [ 79.7834, 18.5687 ], [ 79.789, 18.5706 ], [ 79.8047, 18.6222 ], [ 79.8233, 18.6454 ], [ 79.8283, 18.6372 ], [ 79.8578, 18.6306 ] ] ] } },
{ "type": "Feature", "properties": { "unit_id": "IND.32.10.6_1", "name": "Chityala", "district": "Jayashankar Bhupalapally", "did": "telangana:Jayashankar Bhupalapally", "state_key": "telangana" }, "geometry": { "type": "Polygon", "coordinates": [ [ [ 79.7657, 18.4467 ], [ 79.7568, 18.4484 ], [ 79.7284, 18.4447 ], [ 79.7224, 18.4383 ], [ 79.7272, 18.4393 ], [ 79.734, 18.4351 ], [ 79.7424, 18.416 ], [ 79.7796, 18.3913 ], [ 79.7641, 18.352 ], [ 79.7682, 18.3423 ], [ 79.7486, 18.3277 ], [ 79.7413, 18.3038 ], [ 79.7256, 18.2944 ], [ 79.7102, 18.2934 ], [ 79.7039, 18.2879 ], [ 79.6911, 18.2848 ], [ 79.6768, 18.3002 ], [ 79.674, 18.3087 ], [ 79.6665, 18.3112 ], [ 79.6662, 18.3263 ], [ 79.6427, 18.3412 ], [ 79.6411, 18.3509 ], [ 79.6284, 18.365 ], [ 79.6241, 18.3995 ], [ 79.6136, 18.3949 ], [ 79.6001, 18.3778 ], [ 79.592, 18.394 ], [ 79.5758, 18.3909 ], [ 79.5805, 18.4133 ], [ 79.5688, 18.416 ], [ 79.571, 18.4202 ], [ 79.5671, 18.4239 ], [ 79.588, 18.4456 ], [ 79.5879, 18.4619 ], [ 79.5968, 18.4726 ], [ 79.6026, 18.4745 ], [ 79.6121, 18.4636 ], [ 79.6229, 18.4864 ], [ 79.6372, 18.4768 ], [ 79.6537, 18.4761 ], [ 79.6699, 18.4802 ], [ 79.6818, 18.4939 ], [ 79.7301, 18.4882 ], [ 79.7518, 18.4698 ], [ 79.7657, 18.4467 ] ] ] } },
{ "type": "Feature", "properties": { "unit_id": "IND.32.3.4_1", "name": "Mutharam", "district": "Peddapalli", "did": "telangana:Peddapalli", "state_key": "telangana" }, "geometry": { "type": "MultiPolygon", "coordinates": [ [ [ [ 79.687, 18.5764 ], [ 79.6903, 18.5754 ], [ 79.6984, 18.582 ], [ 79.7089, 18.5747 ], [ 79.7068, 18.5688 ], [ 79.7113, 18.5633 ], [ 79.7154, 18.564 ], [ 79.7085, 18.5496 ], [ 79.7057, 18.5207 ], [ 79.6699, 18.4802 ], [ 79.6422, 18.4755 ], [ 79.6229, 18.4864 ], [ 79.6121, 18.4636 ], [ 79.6026, 18.4745 ], [ 79.5968, 18.4726 ], [ 79.5817, 18.4915 ], [ 79.5911, 18.4983 ], [ 79.5886, 18.5009 ], [ 79.5916, 18.5054 ], [ 79.5706, 18.5179 ], [ 79.5796, 18.5323 ], [ 79.5889, 18.5382 ], [ 79.5832, 18.5475 ], [ 79.5781, 18.5479 ], [ 79.5681, 18.5583 ], [ 79.5694, 18.561 ], [ 79.5619, 18.563 ], [ 79.5597, 18.5691 ], [ 79.5724, 18.5706 ], [ 79.5734, 18.5834 ], [ 79.5779, 18.5849 ], [ 79.589, 18.58 ], [ 79.5983, 18.5706 ], [ 79.6021, 18.5755 ], [ 79.6116, 18.5728 ], [ 79.635, 18.555 ], [ 79.6386, 18.5671 ], [ 79.6476, 18.5713 ], [ 79.6526, 18.5785 ], [ 79.6518, 18.5971 ], [ 79.6549, 18.595 ], [ 79.6611, 18.6022 ], [ 79.6843, 18.5699 ], [ 79.687, 18.5764 ] ] ], [ [ [ 79.5897, 18.6537 ], [ 79.593, 18.6423 ], [ 79.6074, 18.6434 ], [ 79.6092, 18.6143 ], [ 79.6046, 18.5998 ], [ 79.5719, 18.6161 ], [ 79.563, 18.6279 ], [ 79.571, 18.6407 ], [ 79.57, 18.6481 ], [ 79.5815, 18.6543 ], [ 79.5846, 18.6518 ], [ 79.5897, 18.6537 ] ] ] ] } },
{ "type": "Feature", "properties": { "unit_id": "IND.32.3.4_1", "name": "Manthani", "district": "Peddapalli", "did": "telangana:Peddapalli", "state_key": "telangana" }, "geometry": { "type": "Polygon", "coordinates": [ [ [ 79.6182, 18.7389 ], [ 79.6447, 18.717 ], [ 79.651, 18.7159 ], [ 79.6675, 18.6845 ], [ 79.678, 18.6738 ], [ 79.6865, 18.6705 ], [ 79.6979, 18.6726 ], [ 79.7005, 18.678 ], [ 79.7132, 18.6852 ], [ 79.7476, 18.6822 ], [ 79.759, 18.6865 ], [ 79.7693, 18.6966 ], [ 79.7865, 18.6984 ], [ 79.7936, 18.6947 ], [ 79.8072, 18.7049 ], [ 79.8112, 18.7034 ], [ 79.8145, 18.6952 ], [ 79.8216, 18.6918 ], [ 79.8306, 18.6805 ], [ 79.8308, 18.6559 ], [ 79.8042, 18.6213 ], [ 79.8022, 18.6069 ], [ 79.7913, 18.5856 ], [ 79.7913, 18.5721 ], [ 79.7843, 18.5687 ], [ 79.7531, 18.5735 ], [ 79.7405, 18.5705 ], [ 79.7365, 18.574 ], [ 79.7277, 18.5742 ], [ 79.7118, 18.563 ], [ 79.7068, 18.5688 ], [ 79.7089, 18.5747 ], [ 79.6984, 18.582 ], [ 79.6903, 18.5754 ], [ 79.687, 18.5764 ], [ 79.6843, 18.5699 ], [ 79.6611, 18.6022 ], [ 79.6549, 18.595 ], [ 79.6518, 18.5971 ], [ 79.6534, 18.5816 ], [ 79.6476, 18.5713 ], [ 79.6386, 18.5671 ], [ 79.6429, 18.5824 ], [ 79.6222, 18.578 ], [ 79.6112, 18.5974 ], [ 79.6042, 18.5968 ], [ 79.6092, 18.6143 ], [ 79.6074, 18.6434 ], [ 79.5924, 18.6426 ], [ 79.5897, 18.6537 ], [ 79.5846, 18.6518 ], [ 79.5815, 18.6543 ], [ 79.57, 18.6481 ], [ 79.5644, 18.6714 ], [ 79.5775, 18.6811 ], [ 79.577, 18.711 ], [ 79.596, 18.7247 ], [ 79.6042, 18.7451 ], [ 79.6131, 18.7387 ], [ 79.6182, 18.7389 ] ] ] } },
{ "type": "Feature", "properties": { "unit_id": "IND.32.1.4_1", "name": "Jaipur", "district": "Mancherial", "did": "telangana:Mancherial", "state_key": "telangana" }, "geometry": { "type": "Polygon", "coordinates": [ [ [ 79.6368, 18.9467 ], [ 79.6591, 18.9457 ], [ 79.6763, 18.9398 ], [ 79.679, 18.934 ], [ 79.6767, 18.9096 ], [ 79.6654, 18.8963 ], [ 79.72, 18.9015 ], [ 79.7101, 18.8765 ], [ 79.7068, 18.847 ], [ 79.7123, 18.8409 ], [ 79.7123, 18.8347 ], [ 79.7253, 18.8262 ], [ 79.7223, 18.8131 ], [ 79.7254, 18.8002 ], [ 79.7302, 18.7989 ], [ 79.7186, 18.7772 ], [ 79.7101, 18.7709 ], [ 79.7016, 18.7506 ], [ 79.7089, 18.7197 ], [ 79.7135, 18.7174 ], [ 79.7208, 18.6981 ], [ 79.7218, 18.6838 ], [ 79.71, 18.6843 ], [ 79.6918, 18.6705 ], [ 79.6775, 18.6742 ], [ 79.6633, 18.6902 ], [ 79.6515, 18.7154 ], [ 79.6447, 18.717 ], [ 79.6329, 18.7296 ], [ 79.5364, 18.784 ], [ 79.5285, 18.7866 ], [ 79.5107, 18.7848 ], [ 79.4965, 18.7964 ], [ 79.5088, 18.8227 ], [ 79.5172, 18.8612 ], [ 79.5152, 18.8821 ], [ 79.5195, 18.8926 ], [ 79.5431, 18.8977 ], [ 79.5709, 18.9139 ], [ 79.5833, 18.9197 ], [ 79.5848, 18.9179 ], [ 79.5875, 18.9252 ], [ 79.61, 18.9342 ], [ 79.6259, 18.9291 ], [ 79.6296, 18.9466 ], [ 79.6348, 18.9445 ], [ 79.6368, 18.9467 ] ] ] } },
{ "type": "Feature", "properties": { "unit_id": "IND.32.1.4_1", "name": "Chennur", "district": "Mancherial", "did": "telangana:Mancherial", "state_key": "telangana" }, "geometry": { "type": "Polygon", "coordinates": [ [ [ 79.7485, 18.9418 ], [ 79.7632, 18.9283 ], [ 79.7744, 18.9083 ], [ 79.7898, 18.9074 ], [ 79.7984, 18.9132 ], [ 79.8109, 18.9143 ], [ 79.8313, 18.8984 ], [ 79.8335, 18.8755 ], [ 79.8389, 18.8713 ], [ 79.8264, 18.8572 ], [ 79.8249, 18.8281 ], [ 79.8473, 18.7963 ], [ 79.8417, 18.7808 ], [ 79.8178, 18.7578 ], [ 79.8165, 18.7512 ], [ 79.8258, 18.7351 ], [ 79.8244, 18.7242 ], [ 79.8141, 18.7175 ], [ 79.8071, 18.7046 ], [ 79.7976, 18.6963 ], [ 79.7693, 18.6966 ], [ 79.759, 18.6865 ], [ 79.7476, 18.6822 ], [ 79.7218, 18.6838 ], [ 79.7208, 18.6981 ], [ 79.7135, 18.7174 ], [ 79.7089, 18.7197 ], [ 79.7016, 18.7506 ], [ 79.7101, 18.7709 ], [ 79.7186, 18.7772 ], [ 79.7302, 18.7989 ], [ 79.7254, 18.8002 ], [ 79.7223, 18.8131 ], [ 79.7253, 18.8262 ], [ 79.7123, 18.8347 ], [ 79.7123, 18.8409 ], [ 79.7068, 18.847 ], [ 79.7101, 18.8765 ], [ 79.72, 18.9015 ], [ 79.6654, 18.8963 ], [ 79.6767, 18.9096 ], [ 79.679, 18.934 ], [ 79.6763, 18.9398 ], [ 79.6591, 18.9457 ], [ 79.6794, 18.9577 ], [ 79.7066, 18.9588 ], [ 79.7485, 18.9418 ] ] ] } },
{ "type": "Feature", "properties": { "unit_id": "IND.32.3.4_1", "name": "Kataram", "district": "Jayashankar Bhupalapally", "did": "telangana:Jayashankar Bhupalapally", "state_key": "telangana" }, "geometry": { "type": "Polygon", "coordinates": [ [ [ 79.9132, 18.7252 ], [ 79.9284, 18.7153 ], [ 79.921, 18.6803 ], [ 79.9297, 18.6786 ], [ 79.9548, 18.6934 ], [ 79.9885, 18.6851 ], [ 79.9855, 18.6794 ], [ 79.9931, 18.6742 ], [ 79.9918, 18.6716 ], [ 80.0009, 18.665 ], [ 80.0222, 18.6367 ], [ 80.024, 18.6271 ], [ 80.0035, 18.5921 ], [ 79.9796, 18.5878 ], [ 79.9589, 18.5774 ], [ 79.9443, 18.5561 ], [ 79.9361, 18.5124 ], [ 79.9275, 18.5157 ], [ 79.9097, 18.5145 ], [ 79.9216, 18.5495 ], [ 79.9171, 18.5588 ], [ 79.9175, 18.5813 ], [ 79.9111, 18.5872 ], [ 79.887, 18.5948 ], [ 79.8803, 18.5852 ], [ 79.8632, 18.5983 ], [ 79.8555, 18.5997 ], [ 79.8578, 18.6306 ], [ 79.8283, 18.6372 ], [ 79.8233, 18.6454 ], [ 79.8305, 18.6547 ], [ 79.8324, 18.6756 ], [ 79.8216, 18.6918 ], [ 79.8072, 18.7049 ], [ 79.8141, 18.7175 ], [ 79.8244, 18.7242 ], [ 79.8243, 18.7395 ], [ 79.841, 18.7417 ], [ 79.8609, 18.7371 ], [ 79.8741, 18.7384 ], [ 79.8917, 18.7356 ], [ 79.8979, 18.7302 ], [ 79.8986, 18.7435 ], [ 79.9147, 18.7438 ], [ 79.9132, 18.7252 ] ] ] } },
{ "type": "Feature", "properties": { "unit_id": "IND.32.1.4_1", "name": "Kotapalle", "district": "Mancherial", "did": "telangana:Mancherial", "state_key": "telangana" }, "geometry": { "type": "Polygon", "coordinates": [ [ [ 79.7817, 19.0416 ], [ 79.7901, 19.0297 ], [ 79.7891, 19.0169 ], [ 79.8041, 19.0079 ], [ 79.8206, 19.0144 ], [ 79.8293, 19.0096 ], [ 79.8319, 19.0007 ], [ 79.8266, 18.9967 ], [ 79.8298, 18.9873 ], [ 79.8337, 18.9914 ], [ 79.8565, 18.9962 ], [ 79.8666, 18.9953 ], [ 79.8681, 18.999 ], [ 79.8755, 19.0007 ], [ 79.8734, 19.0148 ], [ 79.8797, 19.0302 ], [ 79.8779, 19.0389 ], [ 79.9012, 19.0406 ], [ 79.9224, 19.0499 ], [ 79.9315, 19.0483 ], [ 79.9381, 19.0411 ], [ 79.9416, 18.9921 ], [ 79.957, 18.9429 ], [ 79.9536, 18.9045 ], [ 79.9616, 18.8666 ], [ 79.9487, 18.8511 ], [ 79.9256, 18.8392 ], [ 79.914, 18.8261 ], [ 79.9022, 18.8301 ], [ 79.8862, 18.8265 ], [ 79.8689, 18.8337 ], [ 79.8534, 18.8655 ], [ 79.8335, 18.8755 ], [ 79.8328, 18.8946 ], [ 79.828, 18.9017 ], [ 79.8217, 18.9031 ], [ 79.8097, 18.9149 ], [ 79.7984, 18.9132 ], [ 79.7898, 18.9074 ], [ 79.7744, 18.9083 ], [ 79.7632, 18.9283 ], [ 79.7485, 18.9418 ], [ 79.7216, 18.9535 ], [ 79.7174, 18.9609 ], [ 79.6924, 18.9798 ], [ 79.6912, 18.9877 ], [ 79.7033, 19.0007 ], [ 79.693, 19.0055 ], [ 79.7042, 19.0214 ], [ 79.7015, 19.0331 ], [ 79.718, 19.0504 ], [ 79.7253, 19.038 ], [ 79.7346, 19.0508 ], [ 79.7437, 19.0556 ], [ 79.7541, 19.0472 ], [ 79.7711, 19.0557 ], [ 79.7905, 19.058 ], [ 79.7817, 19.0416 ] ] ] } },
{ "type": "Feature", "properties": { "unit_id": "IND.32.1.4_1", "name": "Nennal", "district": "Mancherial", "did": "telangana:Mancherial", "state_key": "telangana" }, "geometry": { "type": "Polygon", "coordinates": [ [ [ 79.6981, 19.1242 ], [ 79.7111, 19.1174 ], [ 79.7222, 19.1203 ], [ 79.7301, 19.1084 ], [ 79.7304, 19.1041 ], [ 79.7113, 19.1051 ], [ 79.6974, 19.0973 ], [ 79.7085, 19.0783 ], [ 79.7163, 19.0723 ], [ 79.7197, 19.0614 ], [ 79.718, 19.0504 ], [ 79.7015, 19.0331 ], [ 79.7042, 19.0214 ], [ 79.693, 19.0055 ], [ 79.7033, 19.0007 ], [ 79.691, 18.9856 ], [ 79.6924, 18.9798 ], [ 79.7174, 18.9609 ], [ 79.7216, 18.9535 ], [ 79.704, 18.9601 ], [ 79.6887, 18.9599 ], [ 79.6712, 18.9544 ], [ 79.6594, 18.9458 ], [ 79.6368, 18.9467 ], [ 79.6352, 18.9444 ], [ 79.6298, 18.9469 ], [ 79.6259, 18.9291 ], [ 79.6102, 18.9343 ], [ 79.587, 18.9249 ], [ 79.5848, 18.9179 ], [ 79.5818, 18.933 ], [ 79.5923, 18.9428 ], [ 79.5852, 18.9626 ], [ 79.5696, 18.9442 ], [ 79.5691, 18.9473 ], [ 79.5608, 18.9471 ], [ 79.5523, 18.9524 ], [ 79.5483, 18.9633 ], [ 79.5267, 18.9805 ], [ 79.5457, 19.0012 ], [ 79.5568, 19.0358 ], [ 79.5653, 19.0417 ], [ 79.5655, 19.0461 ], [ 79.5877, 19.0414 ], [ 79.5798, 19.0543 ], [ 79.5747, 19.0883 ], [ 79.5866, 19.0928 ], [ 79.6039, 19.0874 ], [ 79.6157, 19.0888 ], [ 79.6238, 19.0956 ], [ 79.6301, 19.0855 ], [ 79.6433, 19.0806 ], [ 79.6461, 19.0867 ], [ 79.6633, 19.0933 ], [ 79.6657, 19.1019 ], [ 79.6761, 19.1016 ], [ 79.6828, 19.1249 ], [ 79.6981, 19.1242 ] ] ] } },
{ "type": "Feature", "properties": { "unit_id": "IND.32.1.2_1", "name": "Bellampalli", "district": "Mancherial", "did": "telangana:Mancherial", "state_key": "telangana" }, "geometry": { "type": "Polygon", "coordinates": [ [ [ 79.5502, 19.1245 ], [ 79.5457, 19.116 ], [ 79.5559, 19.1031 ], [ 79.5558, 19.0954 ], [ 79.5747, 19.0883 ], [ 79.5798, 19.0543 ], [ 79.5878, 19.0418 ], [ 79.5655, 19.0461 ], [ 79.5653, 19.0417 ], [ 79.5568, 19.0358 ], [ 79.5457, 19.0012 ], [ 79.522, 18.9774 ], [ 79.5207, 18.9899 ], [ 79.5138, 18.9906 ], [ 79.4891, 19.0156 ], [ 79.4689, 19.0135 ], [ 79.4808, 19.0258 ], [ 79.4855, 19.0422 ], [ 79.4777, 19.0426 ], [ 79.4678, 19.0487 ], [ 79.4499, 19.0674 ], [ 79.4389, 19.0833 ], [ 79.4527, 19.0845 ], [ 79.4363, 19.1064 ], [ 79.4451, 19.1246 ], [ 79.4677, 19.0996 ], [ 79.4884, 19.1011 ], [ 79.4852, 19.1114 ], [ 79.494, 19.1168 ], [ 79.4959, 19.122 ], [ 79.4923, 19.1267 ], [ 79.4986, 19.1345 ], [ 79.5099, 19.1353 ], [ 79.5144, 19.1321 ], [ 79.525, 19.137 ], [ 79.5423, 19.1314 ], [ 79.5502, 19.1245 ] ] ] } },
{ "type": "Feature", "properties": { "unit_id": "IND.32.1.6_1", "name": "Mancherial", "district": "Mancherial", "did": "telangana:Mancherial", "state_key": "telangana" }, "geometry": { "type": "Polygon", "coordinates": [ [ [ 79.3994, 18.9859 ], [ 79.4146, 18.9702 ], [ 79.4193, 18.9509 ], [ 79.4054, 18.9074 ], [ 79.4208, 18.9041 ], [ 79.437, 18.9083 ], [ 79.4454, 18.905 ], [ 79.4601, 18.91 ], [ 79.4853, 18.9085 ], [ 79.4873, 18.9153 ], [ 79.5179, 18.9163 ], [ 79.5045, 18.9096 ], [ 79.5195, 18.8926 ], [ 79.5152, 18.8821 ], [ 79.5172, 18.8612 ], [ 79.5088, 18.8227 ], [ 79.4965, 18.7964 ], [ 79.4805, 18.8175 ], [ 79.4277, 18.8508 ], [ 79.4056, 18.8564 ], [ 79.39, 18.8565 ], [ 79.3738, 18.8513 ], [ 79.3551, 18.8215 ], [ 79.3361, 18.8149 ], [ 79.3053, 18.8155 ], [ 79.2815, 18.8227 ], [ 79.2666, 18.8322 ], [ 79.2945, 18.865 ], [ 79.2772, 18.8711 ], [ 79.2674, 18.8793 ], [ 79.2763, 18.8897 ], [ 79.2722, 18.8961 ], [ 79.2742, 18.9024 ], [ 79.2682, 18.9076 ], [ 79.288, 18.9398 ], [ 79.295, 18.9606 ], [ 79.2892, 18.97 ], [ 79.3019, 18.9858 ], [ 79.3002, 18.9905 ], [ 79.3206, 18.9997 ], [ 79.3286, 18.9919 ], [ 79.3401, 18.99 ], [ 79.3502, 18.983 ], [ 79.3504, 18.9895 ], [ 79.3722, 18.9807 ], [ 79.3793, 18.9976 ], [ 79.3667, 19.0163 ], [ 79.3634, 19.0323 ], [ 79.3667, 19.035 ], [ 79.3807, 19.0277 ], [ 79.3994, 18.9859 ] ] ] } },
{ "type": "Feature", "properties": { "unit_id": "IND.32.1.6_1", "name": "Mandamarri", "district": "Mancherial", "did": "telangana:Mancherial", "state_key": "telangana" }, "geometry": { "type": "Polygon", "coordinates": [ [ [ 79.5138, 18.9906 ], [ 79.5207, 18.9899 ], [ 79.5194, 18.9791 ], [ 79.5272, 18.9801 ], [ 79.5483, 18.9633 ], [ 79.5523, 18.9524 ], [ 79.5605, 18.9472 ], [ 79.5691, 18.9473 ], [ 79.5696, 18.9442 ], [ 79.5852, 18.9626 ], [ 79.5904, 18.9526 ], [ 79.5923, 18.9428 ], [ 79.5818, 18.933 ], [ 79.5833, 18.9197 ], [ 79.5296, 18.8931 ], [ 79.5195, 18.8926 ], [ 79.5045, 18.909 ], [ 79.5179, 18.9163 ], [ 79.514, 18.9169 ], [ 79.4873, 18.9153 ], [ 79.4853, 18.9085 ], [ 79.4601, 18.91 ], [ 79.4454, 18.905 ], [ 79.437, 18.9083 ], [ 79.4208, 18.9041 ], [ 79.4054, 18.9074 ], [ 79.4193, 18.9509 ], [ 79.4146, 18.9702 ], [ 79.3994, 18.9859 ], [ 79.3949, 18.9994 ], [ 79.4084, 18.9967 ], [ 79.4094, 19.0022 ], [ 79.4283, 19.0019 ], [ 79.4427, 18.9949 ], [ 79.4523, 19.0048 ], [ 79.4635, 19.0053 ], [ 79.4689, 19.0135 ], [ 79.4891, 19.0156 ], [ 79.5138, 18.9906 ] ] ] } },
{ "type": "Feature", "properties": { "unit_id": "IND.32.3.7_1", "name": "Kamalapur", "district": "Peddapalli", "did": "telangana:Peddapalli", "state_key": "telangana" }, "geometry": { "type": "Polygon", "coordinates": [ [ [ 79.577, 18.711 ], [ 79.5775, 18.6811 ], [ 79.5644, 18.6714 ], [ 79.571, 18.6407 ], [ 79.563, 18.6279 ], [ 79.5719, 18.6161 ], [ 79.5865, 18.6112 ], [ 79.6046, 18.5998 ], [ 79.6042, 18.5968 ], [ 79.6112, 18.5974 ], [ 79.623, 18.5774 ], [ 79.6429, 18.5824 ], [ 79.635, 18.555 ], [ 79.6116, 18.5728 ], [ 79.6021, 18.5755 ], [ 79.5983, 18.5706 ], [ 79.5884, 18.5803 ], [ 79.5779, 18.5849 ], [ 79.5734, 18.5834 ], [ 79.5724, 18.5706 ], [ 79.5597, 18.5691 ], [ 79.5619, 18.563 ], [ 79.5694, 18.561 ], [ 79.5681, 18.5583 ], [ 79.5781, 18.5479 ], [ 79.5812, 18.549 ], [ 79.5857, 18.5446 ], [ 79.5887, 18.5377 ], [ 79.5796, 18.5323 ], [ 79.58, 18.5292 ], [ 79.5411, 18.5647 ], [ 79.4991, 18.6147 ], [ 79.4729, 18.6085 ], [ 79.4781, 18.6475 ], [ 79.4592, 18.6473 ], [ 79.4554, 18.6603 ], [ 79.445, 18.6722 ], [ 79.4061, 18.6776 ], [ 79.4074, 18.6838 ], [ 79.403, 18.6914 ], [ 79.4089, 18.7156 ], [ 79.4016, 18.7341 ], [ 79.4438, 18.7137 ], [ 79.4619, 18.7108 ], [ 79.464, 18.6913 ], [ 79.479, 18.6874 ], [ 79.4831, 18.6873 ], [ 79.4865, 18.6933 ], [ 79.4986, 18.6965 ], [ 79.5096, 18.7209 ], [ 79.5199, 18.693 ], [ 79.5138, 18.6775 ], [ 79.5255, 18.6706 ], [ 79.5452, 18.6826 ], [ 79.5247, 18.7168 ], [ 79.5245, 18.7311 ], [ 79.5331, 18.7316 ], [ 79.5427, 18.7794 ], [ 79.6038, 18.7459 ], [ 79.5928, 18.7218 ], [ 79.577, 18.711 ] ] ] } },
{ "type": "Feature", "properties": { "unit_id": "IND.32.3.7_1", "name": "Peddapalli", "district": "Peddapalli", "did": "telangana:Peddapalli", "state_key": "telangana" }, "geometry": { "type": "Polygon", "coordinates": [ [ [ 79.384, 18.7039 ], [ 79.4044, 18.6997 ], [ 79.4061, 18.6776 ], [ 79.445, 18.6722 ], [ 79.4554, 18.6603 ], [ 79.4592, 18.6473 ], [ 79.4781, 18.6475 ], [ 79.4729, 18.6085 ], [ 79.4913, 18.6116 ], [ 79.4875, 18.5835 ], [ 79.474, 18.56 ], [ 79.4513, 18.5444 ], [ 79.442, 18.5471 ], [ 79.4368, 18.5378 ], [ 79.4384, 18.5249 ], [ 79.418, 18.5295 ], [ 79.3941, 18.5294 ], [ 79.3944, 18.5372 ], [ 79.3865, 18.5399 ], [ 79.3865, 18.5502 ], [ 79.3711, 18.5433 ], [ 79.3677, 18.5522 ], [ 79.3612, 18.5536 ], [ 79.359, 18.575 ], [ 79.3465, 18.5821 ], [ 79.3363, 18.5996 ], [ 79.3125, 18.61 ], [ 79.3189, 18.6243 ], [ 79.3152, 18.6311 ], [ 79.3217, 18.6579 ], [ 79.3149, 18.6641 ], [ 79.309, 18.6646 ], [ 79.311, 18.692 ], [ 79.3324, 18.6952 ], [ 79.3523, 18.7045 ], [ 79.3645, 18.6968 ], [ 79.384, 18.7039 ] ] ] } },
{ "type": "Feature", "properties": { "unit_id": "IND.32.3.7_1", "name": "Ramgundam", "district": "Peddapalli", "did": "telangana:Peddapalli", "state_key": "telangana" }, "geometry": { "type": "Polygon", "coordinates": [ [ [ 79.4805, 18.8175 ], [ 79.4981, 18.7923 ], [ 79.5076, 18.7861 ], [ 79.5309, 18.7864 ], [ 79.5427, 18.7794 ], [ 79.5331, 18.7316 ], [ 79.5245, 18.7311 ], [ 79.5247, 18.7168 ], [ 79.5452, 18.6826 ], [ 79.5313, 18.6718 ], [ 79.5235, 18.6708 ], [ 79.515, 18.6743 ], [ 79.5199, 18.693 ], [ 79.5089, 18.7211 ], [ 79.4986, 18.6965 ], [ 79.4865, 18.6933 ], [ 79.4831, 18.6873 ], [ 79.479, 18.6874 ], [ 79.464, 18.6913 ], [ 79.4619, 18.7108 ], [ 79.4438, 18.7137 ], [ 79.4016, 18.7341 ], [ 79.4089, 18.7156 ], [ 79.4044, 18.6997 ], [ 79.384, 18.7039 ], [ 79.3645, 18.6968 ], [ 79.3523, 18.7045 ], [ 79.337, 18.6986 ], [ 79.3273, 18.7188 ], [ 79.3195, 18.723 ], [ 79.3198, 18.7443 ], [ 79.3051, 18.7456 ], [ 79.2972, 18.7369 ], [ 79.2899, 18.7634 ], [ 79.2913, 18.7773 ], [ 79.2967, 18.7805 ], [ 79.3074, 18.8152 ], [ 79.335, 18.8148 ], [ 79.3509, 18.8187 ], [ 79.3592, 18.8259 ], [ 79.3737, 18.8512 ], [ 79.39, 18.8565 ], [ 79.4277, 18.8508 ], [ 79.4805, 18.8175 ] ] ] } },
{ "type": "Feature", "properties": { "unit_id": "IND.32.3.7_1", "name": "Dharmaram", "district": "Peddapalli", "did": "telangana:Peddapalli", "state_key": "telangana" }, "geometry": { "type": "Polygon", "coordinates": [ [ [ 79.2755, 18.7468 ], [ 79.2815, 18.7432 ], [ 79.2948, 18.7448 ], [ 79.2972, 18.7369 ], [ 79.3051, 18.7456 ], [ 79.32, 18.7438 ], [ 79.3195, 18.723 ], [ 79.3273, 18.7188 ], [ 79.337, 18.6986 ], [ 79.3324, 18.6952 ], [ 79.311, 18.692 ], [ 79.309, 18.6646 ], [ 79.2827, 18.6642 ], [ 79.2709, 18.6762 ], [ 79.2513, 18.678 ], [ 79.2495, 18.6504 ], [ 79.2321, 18.6467 ], [ 79.2372, 18.6412 ], [ 79.2362, 18.6321 ], [ 79.241, 18.6248 ], [ 79.232, 18.6251 ], [ 79.2216, 18.6392 ], [ 79.216, 18.6393 ], [ 79.2123, 18.6307 ], [ 79.1944, 18.6264 ], [ 79.1909, 18.6199 ], [ 79.183, 18.6161 ], [ 79.1793, 18.6448 ], [ 79.1739, 18.6549 ], [ 79.1691, 18.6482 ], [ 79.161, 18.647 ], [ 79.1477, 18.628 ], [ 79.1447, 18.6297 ], [ 79.1379, 18.6247 ], [ 79.1272, 18.6284 ], [ 79.1152, 18.6206 ], [ 79.111, 18.6221 ], [ 79.1111, 18.6451 ], [ 79.1177, 18.6516 ], [ 79.1153, 18.6642 ], [ 79.1184, 18.663 ], [ 79.1255, 18.6836 ], [ 79.1122, 18.7103 ], [ 79.1155, 18.7071 ], [ 79.1215, 18.7109 ], [ 79.1301, 18.7089 ], [ 79.1406, 18.7248 ], [ 79.1503, 18.7256 ], [ 79.1629, 18.7557 ], [ 79.2262, 18.7488 ], [ 79.2546, 18.7642 ], [ 79.2783, 18.7511 ], [ 79.2755, 18.7468 ] ] ] } },
{ "type": "Feature", "properties": { "unit_id": "IND.32.3.7_1", "name": "Velgatur", "district": "Jagtial", "did": "telangana:Jagtial", "state_key": "telangana" }, "geometry": { "type": "Polygon", "coordinates": [ [ [ 79.2343, 18.8605 ], [ 79.249, 18.853 ], [ 79.2713, 18.828 ], [ 79.3074, 18.8152 ], [ 79.2967, 18.7805 ], [ 79.2913, 18.7773 ], [ 79.2899, 18.7634 ], [ 79.2948, 18.7448 ], [ 79.2815, 18.7432 ], [ 79.2755, 18.7468 ], [ 79.2783, 18.7511 ], [ 79.2566, 18.7647 ], [ 79.228, 18.749 ], [ 79.1629, 18.7557 ], [ 79.1503, 18.7256 ], [ 79.1422, 18.7254 ], [ 79.1384, 18.7333 ], [ 79.1312, 18.7345 ], [ 79.1326, 18.7444 ], [ 79.1261, 18.7508 ], [ 79.1296, 18.7717 ], [ 79.1374, 18.7883 ], [ 79.1514, 18.7968 ], [ 79.1534, 18.8043 ], [ 79.1536, 18.8084 ], [ 79.1341, 18.8121 ], [ 79.1347, 18.8304 ], [ 79.1486, 18.8523 ], [ 79.1549, 18.855 ], [ 79.1861, 18.8527 ], [ 79.1849, 18.8629 ], [ 79.1914, 18.8663 ], [ 79.2343, 18.8605 ] ] ] } },
{ "type": "Feature", "properties": { "unit_id": "IND.32.1.6_1", "name": "Lakshetipet", "district": "Mancherial", "did": "telangana:Mancherial", "state_key": "telangana" }, "geometry": { "type": "Polygon", "coordinates": [ [ [ 79.3002, 18.9905 ], [ 79.3019, 18.9858 ], [ 79.2892, 18.97 ], [ 79.295, 18.9606 ], [ 79.288, 18.9398 ], [ 79.2682, 18.9076 ], [ 79.2742, 18.9024 ], [ 79.2722, 18.8961 ], [ 79.2763, 18.8897 ], [ 79.2674, 18.8793 ], [ 79.2772, 18.8711 ], [ 79.2945, 18.865 ], [ 79.2666, 18.8322 ], [ 79.249, 18.853 ], [ 79.2343, 18.8605 ], [ 79.1885, 18.8665 ], [ 79.1777, 18.8724 ], [ 79.1701, 18.8844 ], [ 79.173, 18.8968 ], [ 79.1787, 18.902 ], [ 79.19, 18.903 ], [ 79.1931, 18.9106 ], [ 79.1905, 18.9182 ], [ 79.1745, 18.9252 ], [ 79.1683, 18.9378 ], [ 79.1693, 18.9451 ], [ 79.173, 18.9523 ], [ 79.1982, 18.9495 ], [ 79.2054, 18.9618 ], [ 79.2167, 18.9655 ], [ 79.2342, 18.9791 ], [ 79.2406, 18.9926 ], [ 79.2497, 19.0004 ], [ 79.3157, 19.0028 ], [ 79.3202, 18.9984 ], [ 79.3002, 18.9905 ] ] ] } },
{ "type": "Feature", "properties": { "unit_id": "IND.32.1.6_1", "name": "Dandepalli", "district": "Mancherial", "did": "telangana:Mancherial", "state_key": "telangana" }, "geometry": { "type": "Polygon", "coordinates": [ [ [ 79.2275, 19.0291 ], [ 79.2459, 19.0088 ], [ 79.2483, 18.9997 ], [ 79.2342, 18.9791 ], [ 79.2167, 18.9655 ], [ 79.2054, 18.9618 ], [ 79.1982, 18.9495 ], [ 79.1724, 18.9516 ], [ 79.1681, 18.9401 ], [ 79.1723, 18.9292 ], [ 79.1745, 18.9252 ], [ 79.1905, 18.9182 ], [ 79.1931, 18.9101 ], [ 79.19, 18.903 ], [ 79.1754, 18.8998 ], [ 79.1701, 18.8844 ], [ 79.1068, 18.9468 ], [ 79.1041, 18.968 ], [ 79.0922, 18.9891 ], [ 79.087, 19.0192 ], [ 79.0932, 19.0288 ], [ 79.1045, 19.0337 ], [ 79.1012, 19.0531 ], [ 79.1106, 19.0599 ], [ 79.1134, 19.071 ], [ 79.1279, 19.0725 ], [ 79.1487, 19.0944 ], [ 79.1527, 19.0911 ], [ 79.1956, 19.0824 ], [ 79.1987, 19.0719 ], [ 79.2237, 19.0493 ], [ 79.2275, 19.0291 ] ] ] } },
{ "type": "Feature", "properties": { "unit_id": "IND.32.1.2_1", "name": "Tiryani", "district": "Kumuram Bheem", "did": "telangana:Kumuram Bheem", "state_key": "telangana" }, "geometry": { "type": "Polygon", "coordinates": [ [ [ 79.1407, 19.3243 ], [ 79.1531, 19.3237 ], [ 79.1579, 19.3286 ], [ 79.1659, 19.3265 ], [ 79.1873, 19.3047 ], [ 79.2115, 19.2879 ], [ 79.2223, 19.2856 ], [ 79.2297, 19.2914 ], [ 79.2406, 19.2815 ], [ 79.2477, 19.2861 ], [ 79.2504, 19.2841 ], [ 79.2589, 19.287 ], [ 79.261, 19.2817 ], [ 79.2722, 19.2811 ], [ 79.2786, 19.2743 ], [ 79.2894, 19.2802 ], [ 79.3065, 19.2822 ], [ 79.3117, 19.2701 ], [ 79.3207, 19.2616 ], [ 79.305, 19.2565 ], [ 79.308, 19.2518 ], [ 79.3169, 19.249 ], [ 79.33, 19.2202 ], [ 79.3403, 19.2212 ], [ 79.3394, 19.211 ], [ 79.3507, 19.2112 ], [ 79.3509, 19.1924 ], [ 79.3433, 19.1793 ], [ 79.3483, 19.1772 ], [ 79.3174, 19.1633 ], [ 79.3263, 19.1452 ], [ 79.3171, 19.1259 ], [ 79.316, 19.0924 ], [ 79.3039, 19.0951 ], [ 79.2769, 19.1167 ], [ 79.2737, 19.0599 ], [ 79.2621, 19.0445 ], [ 79.2672, 19.0337 ], [ 79.2486, 19.0295 ], [ 79.2261, 19.0331 ], [ 79.2237, 19.0493 ], [ 79.203, 19.0667 ], [ 79.1956, 19.0824 ], [ 79.1506, 19.0926 ], [ 79.1408, 19.1041 ], [ 79.1411, 19.1114 ], [ 79.1351, 19.1114 ], [ 79.1365, 19.1284 ], [ 79.1245, 19.1369 ], [ 79.1046, 19.1696 ], [ 79.0928, 19.1787 ], [ 79.0834, 19.1788 ], [ 79.07, 19.1873 ], [ 79.0569, 19.2105 ], [ 79.0544, 19.2232 ], [ 79.0581, 19.2332 ], [ 79.0743, 19.2482 ], [ 79.0835, 19.2903 ], [ 79.0919, 19.2946 ], [ 79.0866, 19.3026 ], [ 79.0901, 19.3109 ], [ 79.1079, 19.3159 ], [ 79.1272, 19.3329 ], [ 79.1397, 19.3333 ], [ 79.1407, 19.3243 ] ] ] } },
{ "type": "Feature", "properties": { "unit_id": "IND.32.1.6_1", "name": "Kasipet", "district": "Mancherial", "did": "telangana:Mancherial", "state_key": "telangana" }, "geometry": { "type": "Polygon", "coordinates": [ [ [ 79.389, 19.2071 ], [ 79.4079, 19.2011 ], [ 79.4196, 19.1961 ], [ 79.438, 19.1797 ], [ 79.4623, 19.1716 ], [ 79.4659, 19.1772 ], [ 79.4723, 19.1745 ], [ 79.478, 19.1835 ], [ 79.4705, 19.1875 ], [ 79.4791, 19.1941 ], [ 79.4758, 19.1985 ], [ 79.4807, 19.2014 ], [ 79.5022, 19.2026 ], [ 79.5067, 19.2073 ], [ 79.5304, 19.204 ], [ 79.5366, 19.2003 ], [ 79.5399, 19.2031 ], [ 79.5492, 19.2019 ], [ 79.5458, 19.184 ], [ 79.5581, 19.1782 ], [ 79.5641, 19.171 ], [ 79.5606, 19.1633 ], [ 79.5648, 19.1536 ], [ 79.5611, 19.1448 ], [ 79.5704, 19.1401 ], [ 79.5638, 19.1341 ], [ 79.5604, 19.1367 ], [ 79.5502, 19.1245 ], [ 79.5423, 19.1314 ], [ 79.525, 19.137 ], [ 79.5144, 19.1321 ], [ 79.5099, 19.1353 ], [ 79.4986, 19.1345 ], [ 79.4923, 19.1267 ], [ 79.4959, 19.122 ], [ 79.494, 19.1168 ], [ 79.4852, 19.1114 ], [ 79.487, 19.1009 ], [ 79.4677, 19.0996 ], [ 79.4451, 19.1246 ], [ 79.4363, 19.1064 ], [ 79.4527, 19.0845 ], [ 79.4389, 19.0833 ], [ 79.4607, 19.0542 ], [ 79.4777, 19.0426 ], [ 79.4855, 19.0422 ], [ 79.4822, 19.0283 ], [ 79.4635, 19.0053 ], [ 79.4531, 19.0052 ], [ 79.4427, 18.9949 ], [ 79.4204, 19.0025 ], [ 79.4094, 19.0022 ], [ 79.4084, 18.9967 ], [ 79.3949, 18.9994 ], [ 79.3807, 19.0277 ], [ 79.3667, 19.035 ], [ 79.3634, 19.0323 ], [ 79.3667, 19.0164 ], [ 79.3793, 18.9976 ], [ 79.3722, 18.9807 ], [ 79.3504, 18.9895 ], [ 79.3502, 18.983 ], [ 79.3401, 18.99 ], [ 79.3286, 18.9919 ], [ 79.3157, 19.0028 ], [ 79.2483, 18.9997 ], [ 79.2459, 19.0088 ], [ 79.2261, 19.0331 ], [ 79.2486, 19.0295 ], [ 79.2672, 19.0337 ], [ 79.2621, 19.0445 ], [ 79.2737, 19.0599 ], [ 79.2769, 19.1167 ], [ 79.3039, 19.0951 ], [ 79.316, 19.0924 ], [ 79.3171, 19.1259 ], [ 79.3263, 19.1452 ], [ 79.3174, 19.1633 ], [ 79.3483, 19.1772 ], [ 79.3433, 19.1793 ], [ 79.3509, 19.1924 ], [ 79.3509, 19.2106 ], [ 79.3394, 19.211 ], [ 79.3403, 19.2212 ], [ 79.3694, 19.207 ], [ 79.389, 19.2071 ] ] ] } },
{ "type": "Feature", "properties": { "unit_id": "IND.32.1.2_1", "name": "Rebbana", "district": "Kumuram Bheem", "did": "telangana:Kumuram Bheem", "state_key": "telangana" }, "geometry": { "type": "Polygon", "coordinates": [ [ [ 79.417, 19.3451 ], [ 79.4213, 19.3303 ], [ 79.4292, 19.3361 ], [ 79.4507, 19.3092 ], [ 79.4568, 19.3153 ], [ 79.4681, 19.3138 ], [ 79.4786, 19.3195 ], [ 79.4844, 19.3157 ], [ 79.4841, 19.3057 ], [ 79.4928, 19.304 ], [ 79.4986, 19.3077 ], [ 79.5107, 19.3034 ], [ 79.5095, 19.2818 ], [ 79.5043, 19.2685 ], [ 79.5085, 19.2638 ], [ 79.5169, 19.2641 ], [ 79.525, 19.2569 ], [ 79.531, 19.2573 ], [ 79.5321, 19.2533 ], [ 79.525, 19.2539 ], [ 79.5241, 19.2513 ], [ 79.532, 19.2493 ], [ 79.5306, 19.2328 ], [ 79.549, 19.2127 ], [ 79.5477, 19.2023 ], [ 79.5399, 19.2031 ], [ 79.5366, 19.2003 ], [ 79.5304, 19.204 ], [ 79.5067, 19.2073 ], [ 79.5022, 19.2026 ], [ 79.4807, 19.2014 ], [ 79.4758, 19.1985 ], [ 79.4791, 19.1941 ], [ 79.4705, 19.1875 ], [ 79.478, 19.1835 ], [ 79.4723, 19.1745 ], [ 79.4659, 19.1772 ], [ 79.4623, 19.1716 ], [ 79.438, 19.1797 ], [ 79.4196, 19.1961 ], [ 79.4071, 19.2014 ], [ 79.389, 19.2071 ], [ 79.3694, 19.207 ], [ 79.3421, 19.2208 ], [ 79.33, 19.2202 ], [ 79.3169, 19.249 ], [ 79.3324, 19.2532 ], [ 79.349, 19.2826 ], [ 79.3582, 19.2733 ], [ 79.3613, 19.2543 ], [ 79.3644, 19.2556 ], [ 79.3712, 19.2654 ], [ 79.375, 19.2902 ], [ 79.3735, 19.2959 ], [ 79.3604, 19.3053 ], [ 79.3612, 19.3142 ], [ 79.3659, 19.3193 ], [ 79.3787, 19.3183 ], [ 79.3817, 19.321 ], [ 79.3761, 19.3313 ], [ 79.3817, 19.3411 ], [ 79.3936, 19.344 ], [ 79.3999, 19.351 ], [ 79.4074, 19.3453 ], [ 79.417, 19.3451 ] ] ] } },
{ "type": "Feature", "properties": { "unit_id": "IND.32.1.9_1", "name": "Kagaznagar", "district": "Kumuram Bheem", "did": "telangana:Kumuram Bheem", "state_key": "telangana" }, "geometry": { "type": "Polygon", "coordinates": [ [ [ 79.4714, 19.5002 ], [ 79.4826, 19.5063 ], [ 79.4966, 19.5051 ], [ 79.4904, 19.496 ], [ 79.4762, 19.4859 ], [ 79.4693, 19.4838 ], [ 79.463, 19.4909 ], [ 79.4551, 19.4899 ], [ 79.4595, 19.4836 ], [ 79.4576, 19.4736 ], [ 79.4754, 19.4487 ], [ 79.496, 19.4503 ], [ 79.5156, 19.4432 ], [ 79.5182, 19.4241 ], [ 79.5133, 19.4156 ], [ 79.524, 19.3955 ], [ 79.5211, 19.3846 ], [ 79.5365, 19.3926 ], [ 79.5499, 19.4102 ], [ 79.5577, 19.4108 ], [ 79.5676, 19.4029 ], [ 79.5822, 19.4051 ], [ 79.5916, 19.4136 ], [ 79.6088, 19.4114 ], [ 79.616, 19.4215 ], [ 79.6202, 19.4154 ], [ 79.6256, 19.4143 ], [ 79.6279, 19.4024 ], [ 79.6368, 19.3953 ], [ 79.6807, 19.3837 ], [ 79.6902, 19.3856 ], [ 79.6973, 19.3812 ], [ 79.7049, 19.3864 ], [ 79.7235, 19.3894 ], [ 79.7405, 19.3773 ], [ 79.7469, 19.3649 ], [ 79.7335, 19.3345 ], [ 79.7444, 19.3289 ], [ 79.7471, 19.3316 ], [ 79.7687, 19.3286 ], [ 79.7611, 19.3236 ], [ 79.7555, 19.3034 ], [ 79.7351, 19.2899 ], [ 79.725, 19.2876 ], [ 79.7224, 19.2938 ], [ 79.7088, 19.2896 ], [ 79.7004, 19.2912 ], [ 79.697, 19.3156 ], [ 79.6901, 19.3218 ], [ 79.6869, 19.3328 ], [ 79.6831, 19.3328 ], [ 79.672, 19.3456 ], [ 79.6604, 19.3486 ], [ 79.6498, 19.3433 ], [ 79.6334, 19.3506 ], [ 79.6285, 19.3505 ], [ 79.6305, 19.346 ], [ 79.6541, 19.3361 ], [ 79.6632, 19.322 ], [ 79.6629, 19.3112 ], [ 79.6407, 19.3059 ], [ 79.6342, 19.3001 ], [ 79.6133, 19.3019 ], [ 79.6047, 19.295 ], [ 79.5956, 19.296 ], [ 79.5902, 19.2989 ], [ 79.5867, 19.3097 ], [ 79.5762, 19.3045 ], [ 79.5777, 19.3144 ], [ 79.5742, 19.32 ], [ 79.5592, 19.3212 ], [ 79.5601, 19.2994 ], [ 79.5526, 19.2896 ], [ 79.5366, 19.2844 ], [ 79.5272, 19.2887 ], [ 79.5232, 19.2859 ], [ 79.521, 19.2895 ], [ 79.5172, 19.2856 ], [ 79.5159, 19.2927 ], [ 79.5121, 19.2884 ], [ 79.5107, 19.3034 ], [ 79.4986, 19.3077 ], [ 79.4928, 19.304 ], [ 79.4841, 19.3057 ], [ 79.4844, 19.3157 ], [ 79.4792, 19.3194 ], [ 79.4681, 19.3138 ], [ 79.4568, 19.3153 ], [ 79.4528, 19.3095 ], [ 79.4492, 19.3098 ], [ 79.4292, 19.3361 ], [ 79.4233, 19.3299 ], [ 79.419, 19.332 ], [ 79.4158, 19.3462 ], [ 79.4225, 19.3616 ], [ 79.419, 19.367 ], [ 79.413, 19.3667 ], [ 79.411, 19.37 ], [ 79.4131, 19.3768 ], [ 79.4094, 19.3881 ], [ 79.402, 19.39 ], [ 79.3975, 19.3794 ], [ 79.3916, 19.3778 ], [ 79.3799, 19.3804 ], [ 79.3761, 19.3864 ], [ 79.3869, 19.401 ], [ 79.3832, 19.4119 ], [ 79.3962, 19.4225 ], [ 79.3884, 19.4357 ], [ 79.3992, 19.4408 ], [ 79.4106, 19.4267 ], [ 79.4272, 19.449 ], [ 79.421, 19.4592 ], [ 79.4085, 19.4648 ], [ 79.4038, 19.4635 ], [ 79.4009, 19.4714 ], [ 79.4032, 19.4913 ], [ 79.4141, 19.5004 ], [ 79.4135, 19.5251 ], [ 79.4055, 19.5355 ], [ 79.4207, 19.5298 ], [ 79.4226, 19.538 ], [ 79.4333, 19.5373 ], [ 79.469, 19.5096 ], [ 79.4714, 19.5002 ] ] ] } },
{ "type": "Feature", "properties": { "unit_id": "IND.32.1.9_1", "name": "Sirpur(t)", "district": "Kumuram Bheem", "did": "telangana:Kumuram Bheem", "state_key": "telangana" }, "geometry": { "type": "Polygon", "coordinates": [ [ [ 79.6591, 19.5446 ], [ 79.6675, 19.5364 ], [ 79.6642, 19.5327 ], [ 79.6708, 19.5259 ], [ 79.6742, 19.5269 ], [ 79.6867, 19.5001 ], [ 79.7063, 19.4805 ], [ 79.6949, 19.467 ], [ 79.6935, 19.4552 ], [ 79.6971, 19.4486 ], [ 79.7022, 19.4451 ], [ 79.715, 19.4528 ], [ 79.7194, 19.4492 ], [ 79.7276, 19.4499 ], [ 79.7294, 19.4438 ], [ 79.7358, 19.4415 ], [ 79.7313, 19.4357 ], [ 79.7326, 19.4268 ], [ 79.7236, 19.4216 ], [ 79.726, 19.4148 ], [ 79.7211, 19.4032 ], [ 79.7217, 19.3896 ], [ 79.7049, 19.3864 ], [ 79.6973, 19.3812 ], [ 79.6902, 19.3856 ], [ 79.6807, 19.3837 ], [ 79.6368, 19.3953 ], [ 79.6279, 19.4024 ], [ 79.6256, 19.4143 ], [ 79.6202, 19.4154 ], [ 79.616, 19.4215 ], [ 79.6088, 19.4114 ], [ 79.5916, 19.4136 ], [ 79.5822, 19.4051 ], [ 79.5676, 19.4029 ], [ 79.5577, 19.4108 ], [ 79.5499, 19.4102 ], [ 79.5365, 19.3926 ], [ 79.5211, 19.3846 ], [ 79.524, 19.3955 ], [ 79.5133, 19.4156 ], [ 79.5182, 19.4241 ], [ 79.5156, 19.4432 ], [ 79.496, 19.4503 ], [ 79.4754, 19.4487 ], [ 79.4583, 19.4719 ], [ 79.4595, 19.4836 ], [ 79.4551, 19.4899 ], [ 79.463, 19.4909 ], [ 79.4697, 19.4838 ], [ 79.4841, 19.4901 ], [ 79.5023, 19.5116 ], [ 79.5188, 19.5204 ], [ 79.5186, 19.5431 ], [ 79.5365, 19.5537 ], [ 79.5417, 19.5546 ], [ 79.5451, 19.5513 ], [ 79.5529, 19.5242 ], [ 79.5942, 19.5069 ], [ 79.6018, 19.5119 ], [ 79.6136, 19.5585 ], [ 79.6231, 19.5696 ], [ 79.6351, 19.5759 ], [ 79.6384, 19.5629 ], [ 79.6614, 19.5517 ], [ 79.6591, 19.5446 ] ] ] } },
{ "type": "Feature", "properties": { "unit_id": "IND.32.1.2_1", "name": "Wankidi", "district": "Kumuram Bheem", "did": "telangana:Kumuram Bheem", "state_key": "telangana" }, "geometry": { "type": "Polygon", "coordinates": [ [ [ 79.2729, 19.5988 ], [ 79.2844, 19.5955 ], [ 79.3068, 19.5966 ], [ 79.3099, 19.5715 ], [ 79.3139, 19.5664 ], [ 79.3185, 19.5677 ], [ 79.3184, 19.5767 ], [ 79.3657, 19.5763 ], [ 79.3728, 19.561 ], [ 79.3857, 19.5583 ], [ 79.4135, 19.5251 ], [ 79.4141, 19.5004 ], [ 79.4032, 19.4913 ], [ 79.4009, 19.4714 ], [ 79.4038, 19.4635 ], [ 79.4085, 19.4648 ], [ 79.421, 19.4592 ], [ 79.4269, 19.4477 ], [ 79.4106, 19.4267 ], [ 79.3992, 19.4408 ], [ 79.3898, 19.4375 ], [ 79.3885, 19.4343 ], [ 79.3962, 19.4225 ], [ 79.3832, 19.4119 ], [ 79.3869, 19.401 ], [ 79.3686, 19.3772 ], [ 79.3501, 19.3812 ], [ 79.3423, 19.3941 ], [ 79.3316, 19.3998 ], [ 79.3194, 19.3962 ], [ 79.3225, 19.3872 ], [ 79.3109, 19.3987 ], [ 79.3021, 19.3981 ], [ 79.3039, 19.4057 ], [ 79.2902, 19.4153 ], [ 79.2909, 19.4269 ], [ 79.2254, 19.4448 ], [ 79.2355, 19.4504 ], [ 79.2242, 19.4512 ], [ 79.2206, 19.455 ], [ 79.2242, 19.459 ], [ 79.2159, 19.4638 ], [ 79.2231, 19.4683 ], [ 79.2232, 19.4723 ], [ 79.2072, 19.4855 ], [ 79.2039, 19.4941 ], [ 79.2075, 19.5061 ], [ 79.2212, 19.521 ], [ 79.2337, 19.52 ], [ 79.24, 19.5352 ], [ 79.2371, 19.5571 ], [ 79.251, 19.5775 ], [ 79.2531, 19.5933 ], [ 79.2444, 19.5949 ], [ 79.2386, 19.6062 ], [ 79.2436, 19.6167 ], [ 79.2486, 19.6167 ], [ 79.2729, 19.5988 ] ] ] } },
{ "type": "Feature", "properties": { "unit_id": "IND.32.1.2_1", "name": "Asifabad", "district": "Kumuram Bheem", "did": "telangana:Kumuram Bheem", "state_key": "telangana" }, "geometry": { "type": "Polygon", "coordinates": [ [ [ 79.2534, 19.4391 ], [ 79.2899, 19.4276 ], [ 79.2906, 19.4143 ], [ 79.3048, 19.4041 ], [ 79.3021, 19.3981 ], [ 79.3109, 19.3987 ], [ 79.3216, 19.3874 ], [ 79.3194, 19.3962 ], [ 79.3281, 19.4007 ], [ 79.341, 19.3953 ], [ 79.3501, 19.3812 ], [ 79.3686, 19.3772 ], [ 79.3764, 19.3874 ], [ 79.3799, 19.3804 ], [ 79.3916, 19.3778 ], [ 79.3975, 19.3794 ], [ 79.402, 19.39 ], [ 79.4094, 19.3881 ], [ 79.4131, 19.3768 ], [ 79.4103, 19.3716 ], [ 79.413, 19.3667 ], [ 79.419, 19.367 ], [ 79.4218, 19.3563 ], [ 79.4158, 19.3462 ], [ 79.4074, 19.3453 ], [ 79.3999, 19.351 ], [ 79.3936, 19.344 ], [ 79.3817, 19.3411 ], [ 79.3761, 19.3313 ], [ 79.3817, 19.321 ], [ 79.3787, 19.3183 ], [ 79.3659, 19.3193 ], [ 79.3612, 19.3142 ], [ 79.3604, 19.3053 ], [ 79.3735, 19.2959 ], [ 79.375, 19.2902 ], [ 79.3712, 19.2654 ], [ 79.3628, 19.2546 ], [ 79.3599, 19.2702 ], [ 79.349, 19.2826 ], [ 79.3324, 19.2532 ], [ 79.3158, 19.2489 ], [ 79.305, 19.2565 ], [ 79.3207, 19.2616 ], [ 79.3117, 19.2701 ], [ 79.3065, 19.2822 ], [ 79.2894, 19.2802 ], [ 79.2786, 19.2743 ], [ 79.2722, 19.2811 ], [ 79.261, 19.2817 ], [ 79.2589, 19.287 ], [ 79.2504, 19.2841 ], [ 79.2477, 19.2861 ], [ 79.2406, 19.2815 ], [ 79.2297, 19.2914 ], [ 79.2223, 19.2856 ], [ 79.2115, 19.2879 ], [ 79.1873, 19.3047 ], [ 79.1659, 19.3265 ], [ 79.1579, 19.3286 ], [ 79.1531, 19.3237 ], [ 79.1407, 19.3243 ], [ 79.1396, 19.3354 ], [ 79.1272, 19.3329 ], [ 79.1079, 19.3159 ], [ 79.0901, 19.3109 ], [ 79.0782, 19.3247 ], [ 79.0823, 19.3336 ], [ 79.0783, 19.3385 ], [ 79.0728, 19.3389 ], [ 79.099, 19.3497 ], [ 79.1153, 19.3364 ], [ 79.1099, 19.3539 ], [ 79.1249, 19.348 ], [ 79.1381, 19.3561 ], [ 79.1579, 19.3535 ], [ 79.1615, 19.3935 ], [ 79.1666, 19.4019 ], [ 79.1625, 19.419 ], [ 79.1687, 19.4307 ], [ 79.1778, 19.4243 ], [ 79.1764, 19.4129 ], [ 79.1793, 19.4093 ], [ 79.1748, 19.4021 ], [ 79.1838, 19.3926 ], [ 79.1937, 19.3931 ], [ 79.2052, 19.4077 ], [ 79.2096, 19.4227 ], [ 79.2079, 19.4311 ], [ 79.2155, 19.4464 ], [ 79.218, 19.4482 ], [ 79.2437, 19.4377 ], [ 79.2534, 19.4391 ] ] ] } },
{ "type": "Feature", "properties": { "unit_id": "IND.32.1.9_1", "name": "Bijjur", "district": "Kumuram Bheem", "did": "telangana:Kumuram Bheem", "state_key": "telangana" }, "geometry": { "type": "Polygon", "coordinates": [ [ [ 79.9324, 19.4765 ], [ 79.9464, 19.4678 ], [ 79.9476, 19.4497 ], [ 79.9724, 19.4162 ], [ 79.9797, 19.3894 ], [ 79.9718, 19.3816 ], [ 79.968, 19.3566 ], [ 79.9591, 19.3359 ], [ 79.9659, 19.311 ], [ 79.965, 19.3005 ], [ 79.9506, 19.289 ], [ 79.9341, 19.2595 ], [ 79.9247, 19.2273 ], [ 79.9259, 19.2097 ], [ 79.9116, 19.211 ], [ 79.9067, 19.1987 ], [ 79.8873, 19.212 ], [ 79.8861, 19.2164 ], [ 79.891, 19.2201 ], [ 79.8864, 19.2248 ], [ 79.8644, 19.2345 ], [ 79.8708, 19.2504 ], [ 79.8508, 19.2448 ], [ 79.8461, 19.2405 ], [ 79.8237, 19.2363 ], [ 79.8219, 19.2318 ], [ 79.7997, 19.2406 ], [ 79.7947, 19.2464 ], [ 79.7896, 19.2391 ], [ 79.7791, 19.2391 ], [ 79.7652, 19.2492 ], [ 79.7499, 19.2715 ], [ 79.7385, 19.2762 ], [ 79.7226, 19.2728 ], [ 79.7171, 19.2781 ], [ 79.7113, 19.2772 ], [ 79.7088, 19.2896 ], [ 79.7207, 19.2938 ], [ 79.725, 19.2876 ], [ 79.7351, 19.2899 ], [ 79.7555, 19.3034 ], [ 79.7611, 19.3236 ], [ 79.7687, 19.3286 ], [ 79.7471, 19.3316 ], [ 79.7444, 19.3289 ], [ 79.7335, 19.3345 ], [ 79.7469, 19.3649 ], [ 79.7405, 19.3773 ], [ 79.7217, 19.3896 ], [ 79.7261, 19.4253 ], [ 79.7327, 19.4289 ], [ 79.7485, 19.4297 ], [ 79.765, 19.423 ], [ 79.7808, 19.4239 ], [ 79.7907, 19.4408 ], [ 79.8035, 19.4442 ], [ 79.8152, 19.4534 ], [ 79.8044, 19.4729 ], [ 79.8214, 19.4741 ], [ 79.8514, 19.4673 ], [ 79.8712, 19.4841 ], [ 79.8788, 19.4721 ], [ 79.9063, 19.4723 ], [ 79.9068, 19.4994 ], [ 79.9161, 19.4948 ], [ 79.9324, 19.4765 ] ] ] } },
{ "type": "Feature", "properties": { "unit_id": "IND.32.1.9_1", "name": "Kouthala", "district": "Kumuram Bheem", "did": "telangana:Kumuram Bheem", "state_key": "telangana" }, "geometry": { "type": "Polygon", "coordinates": [ [ [ 79.7786, 19.5997 ], [ 79.7986, 19.582 ], [ 79.8148, 19.5754 ], [ 79.8284, 19.5434 ], [ 79.8456, 19.5328 ], [ 79.8646, 19.5105 ], [ 79.8809, 19.5036 ], [ 79.9068, 19.4994 ], [ 79.9063, 19.4723 ], [ 79.8788, 19.4721 ], [ 79.8712, 19.4841 ], [ 79.8514, 19.4673 ], [ 79.8214, 19.4741 ], [ 79.8044, 19.4729 ], [ 79.8152, 19.4534 ], [ 79.8035, 19.4442 ], [ 79.7907, 19.4408 ], [ 79.7824, 19.4248 ], [ 79.7769, 19.4229 ], [ 79.765, 19.423 ], [ 79.7485, 19.4297 ], [ 79.7327, 19.4289 ], [ 79.7313, 19.4357 ], [ 79.7358, 19.4415 ], [ 79.7294, 19.4438 ], [ 79.7272, 19.45 ], [ 79.7194, 19.4492 ], [ 79.715, 19.4528 ], [ 79.7022, 19.4451 ], [ 79.6971, 19.4486 ], [ 79.6935, 19.4552 ], [ 79.6949, 19.467 ], [ 79.7063, 19.4805 ], [ 79.6867, 19.5001 ], [ 79.6742, 19.5269 ], [ 79.6708, 19.5259 ], [ 79.6642, 19.5327 ], [ 79.6675, 19.5364 ], [ 79.6591, 19.5446 ], [ 79.6614, 19.5517 ], [ 79.6517, 19.5584 ], [ 79.6405, 19.5606 ], [ 79.6361, 19.5689 ], [ 79.6355, 19.5759 ], [ 79.709, 19.5845 ], [ 79.7352, 19.605 ], [ 79.7472, 19.6083 ], [ 79.7786, 19.5997 ] ] ] } },
{ "type": "Feature", "properties": { "unit_id": "IND.32.1.9_1", "name": "Dahegaon", "district": "Kumuram Bheem", "did": "telangana:Kumuram Bheem", "state_key": "telangana" }, "geometry": { "type": "Polygon", "coordinates": [ [ [ 79.6498, 19.3433 ], [ 79.6604, 19.3486 ], [ 79.6722, 19.3455 ], [ 79.6764, 19.3385 ], [ 79.6869, 19.3328 ], [ 79.6901, 19.3218 ], [ 79.6968, 19.316 ], [ 79.7004, 19.2912 ], [ 79.7088, 19.2896 ], [ 79.7113, 19.2772 ], [ 79.7171, 19.2781 ], [ 79.7226, 19.2728 ], [ 79.7306, 19.2765 ], [ 79.7475, 19.2732 ], [ 79.7764, 19.2398 ], [ 79.7883, 19.2385 ], [ 79.7947, 19.2464 ], [ 79.7997, 19.2406 ], [ 79.8219, 19.2318 ], [ 79.8237, 19.2363 ], [ 79.8461, 19.2405 ], [ 79.8508, 19.2448 ], [ 79.8708, 19.2504 ], [ 79.8644, 19.2345 ], [ 79.8864, 19.2248 ], [ 79.891, 19.2201 ], [ 79.8861, 19.2164 ], [ 79.8873, 19.212 ], [ 79.9051, 19.199 ], [ 79.909, 19.1998 ], [ 79.9116, 19.211 ], [ 79.9259, 19.2097 ], [ 79.9453, 19.1791 ], [ 79.9437, 19.1661 ], [ 79.931, 19.1555 ], [ 79.924, 19.1652 ], [ 79.9095, 19.1612 ], [ 79.8949, 19.1624 ], [ 79.8845, 19.1643 ], [ 79.8743, 19.1733 ], [ 79.8529, 19.173 ], [ 79.8509, 19.1683 ], [ 79.8387, 19.1687 ], [ 79.8335, 19.1583 ], [ 79.8203, 19.1571 ], [ 79.8142, 19.1511 ], [ 79.7992, 19.1516 ], [ 79.7836, 19.1622 ], [ 79.7818, 19.1695 ], [ 79.7871, 19.1758 ], [ 79.7873, 19.1839 ], [ 79.7725, 19.19 ], [ 79.7608, 19.1898 ], [ 79.7593, 19.1825 ], [ 79.7515, 19.1822 ], [ 79.7321, 19.1868 ], [ 79.723, 19.1972 ], [ 79.7169, 19.1979 ], [ 79.7115, 19.1884 ], [ 79.7045, 19.1938 ], [ 79.6974, 19.1841 ], [ 79.6813, 19.1797 ], [ 79.674, 19.1873 ], [ 79.6761, 19.199 ], [ 79.6539, 19.2013 ], [ 79.6656, 19.2135 ], [ 79.6342, 19.2193 ], [ 79.6224, 19.2319 ], [ 79.6216, 19.2425 ], [ 79.5797, 19.2343 ], [ 79.5685, 19.2356 ], [ 79.5525, 19.2421 ], [ 79.5606, 19.2584 ], [ 79.5497, 19.2641 ], [ 79.5447, 19.2622 ], [ 79.5406, 19.2648 ], [ 79.5352, 19.2581 ], [ 79.525, 19.2569 ], [ 79.5169, 19.2641 ], [ 79.5059, 19.265 ], [ 79.5041, 19.2718 ], [ 79.5083, 19.276 ], [ 79.5105, 19.2899 ], [ 79.5159, 19.2927 ], [ 79.5172, 19.2856 ], [ 79.521, 19.2895 ], [ 79.5232, 19.2859 ], [ 79.5272, 19.2887 ], [ 79.5366, 19.2844 ], [ 79.554, 19.2907 ], [ 79.5608, 19.3013 ], [ 79.5592, 19.3212 ], [ 79.5742, 19.32 ], [ 79.5777, 19.3144 ], [ 79.5762, 19.3045 ], [ 79.5867, 19.3097 ], [ 79.5911, 19.2976 ], [ 79.6033, 19.2946 ], [ 79.6118, 19.3016 ], [ 79.6325, 19.2998 ], [ 79.6415, 19.3062 ], [ 79.6629, 19.3112 ], [ 79.6632, 19.3238 ], [ 79.6541, 19.3361 ], [ 79.6305, 19.346 ], [ 79.6285, 19.3505 ], [ 79.6405, 19.3489 ], [ 79.6498, 19.3433 ] ] ] } },
{ "type": "Feature", "properties": { "unit_id": "IND.32.1.9_1", "name": "Bhimini", "district": "Mancherial", "did": "telangana:Mancherial", "state_key": "telangana" }, "geometry": { "type": "Polygon", "coordinates": [ [ [ 79.5606, 19.2584 ], [ 79.5599, 19.252 ], [ 79.5526, 19.2443 ], [ 79.5555, 19.2391 ], [ 79.5797, 19.2343 ], [ 79.6216, 19.2425 ], [ 79.6224, 19.2319 ], [ 79.6342, 19.2193 ], [ 79.6656, 19.2135 ], [ 79.6539, 19.2013 ], [ 79.6761, 19.199 ], [ 79.674, 19.1873 ], [ 79.6813, 19.1797 ], [ 79.6974, 19.1841 ], [ 79.7045, 19.1938 ], [ 79.7115, 19.1884 ], [ 79.7169, 19.1979 ], [ 79.723, 19.1972 ], [ 79.7321, 19.1868 ], [ 79.7438, 19.1857 ], [ 79.7426, 19.1775 ], [ 79.75, 19.1554 ], [ 79.7443, 19.1556 ], [ 79.7423, 19.1603 ], [ 79.7347, 19.1554 ], [ 79.7249, 19.156 ], [ 79.72, 19.1496 ], [ 79.7224, 19.1401 ], [ 79.7147, 19.1371 ], [ 79.6989, 19.1392 ], [ 79.6981, 19.1242 ], [ 79.6817, 19.1249 ], [ 79.6761, 19.1016 ], [ 79.6657, 19.1019 ], [ 79.6633, 19.0933 ], [ 79.6461, 19.0867 ], [ 79.6433, 19.0806 ], [ 79.6301, 19.0855 ], [ 79.6238, 19.0956 ], [ 79.6205, 19.0956 ], [ 79.6174, 19.0893 ], [ 79.6047, 19.0873 ], [ 79.5867, 19.0928 ], [ 79.5747, 19.0883 ], [ 79.5558, 19.0954 ], [ 79.5559, 19.1031 ], [ 79.5457, 19.116 ], [ 79.555, 19.1322 ], [ 79.5698, 19.1385 ], [ 79.5611, 19.1448 ], [ 79.5648, 19.1536 ], [ 79.5606, 19.1633 ], [ 79.5641, 19.171 ], [ 79.5581, 19.1782 ], [ 79.5458, 19.184 ], [ 79.549, 19.2127 ], [ 79.5306, 19.2328 ], [ 79.532, 19.2493 ], [ 79.5241, 19.2513 ], [ 79.525, 19.2539 ], [ 79.5321, 19.2533 ], [ 79.531, 19.2573 ], [ 79.5416, 19.2648 ], [ 79.5606, 19.2584 ] ] ] } },
{ "type": "Feature", "properties": { "unit_id": "IND.32.1.4_1", "name": "Vemanapalle", "district": "Mancherial", "did": "telangana:Mancherial", "state_key": "telangana" }, "geometry": { "type": "Polygon", "coordinates": [ [ [ 79.7873, 19.1839 ], [ 79.7871, 19.1758 ], [ 79.7818, 19.1695 ], [ 79.7836, 19.1622 ], [ 79.7992, 19.1516 ], [ 79.8142, 19.1511 ], [ 79.8203, 19.1571 ], [ 79.8335, 19.1583 ], [ 79.8387, 19.1687 ], [ 79.8509, 19.1683 ], [ 79.8548, 19.1731 ], [ 79.8743, 19.1733 ], [ 79.8845, 19.1643 ], [ 79.8949, 19.1624 ], [ 79.9095, 19.1612 ], [ 79.924, 19.1652 ], [ 79.931, 19.1555 ], [ 79.8738, 19.1241 ], [ 79.8594, 19.1086 ], [ 79.8584, 19.0959 ], [ 79.8666, 19.0516 ], [ 79.8698, 19.0422 ], [ 79.8779, 19.0389 ], [ 79.8797, 19.0302 ], [ 79.8734, 19.0148 ], [ 79.8755, 19.0007 ], [ 79.8681, 18.999 ], [ 79.8666, 18.9953 ], [ 79.8565, 18.9962 ], [ 79.8337, 18.9914 ], [ 79.8298, 18.9873 ], [ 79.8266, 18.9967 ], [ 79.8319, 19.0007 ], [ 79.8293, 19.0096 ], [ 79.8206, 19.0144 ], [ 79.8041, 19.0079 ], [ 79.7891, 19.0169 ], [ 79.7901, 19.0297 ], [ 79.7817, 19.0416 ], [ 79.7905, 19.058 ], [ 79.7711, 19.0557 ], [ 79.7541, 19.0472 ], [ 79.7437, 19.0556 ], [ 79.7346, 19.0508 ], [ 79.7253, 19.038 ], [ 79.718, 19.0504 ], [ 79.7182, 19.0693 ], [ 79.6974, 19.0973 ], [ 79.7113, 19.1051 ], [ 79.7304, 19.1041 ], [ 79.7301, 19.1084 ], [ 79.7222, 19.1203 ], [ 79.7111, 19.1174 ], [ 79.6992, 19.1231 ], [ 79.6969, 19.1344 ], [ 79.6989, 19.1392 ], [ 79.7147, 19.1371 ], [ 79.7224, 19.1401 ], [ 79.72, 19.1496 ], [ 79.7243, 19.1557 ], [ 79.7347, 19.1554 ], [ 79.7423, 19.1603 ], [ 79.7443, 19.1556 ], [ 79.75, 19.1554 ], [ 79.7426, 19.1775 ], [ 79.7438, 19.1857 ], [ 79.756, 19.1818 ], [ 79.7604, 19.1837 ], [ 79.7608, 19.1898 ], [ 79.7731, 19.1897 ], [ 79.7873, 19.1839 ] ] ] } },
{ "type": "Feature", "properties": { "unit_id": "IND.32.3.4_1", "name": "Sironcha", "district": "Jayashankar Bhupalapally", "did": "telangana:Jayashankar Bhupalapally", "state_key": "telangana" }, "geometry": { "type": "Polygon", "coordinates": [ [ [ 79.9222, 18.8088 ], [ 79.9495, 18.7891 ], [ 79.9642, 18.7738 ], [ 79.9931, 18.7699 ], [ 80.001, 18.7761 ], [ 80.0185, 18.7704 ], [ 80.025, 18.7549 ], [ 80.0387, 18.753 ], [ 80.0528, 18.7251 ], [ 80.0646, 18.7233 ], [ 80.0746, 18.7105 ], [ 80.0885, 18.7073 ], [ 80.1161, 18.6811 ], [ 80.1232, 18.6808 ], [ 80.1286, 18.6874 ], [ 80.14, 18.693 ], [ 80.1485, 18.6931 ], [ 80.1577, 18.701 ], [ 80.1686, 18.6997 ], [ 80.1787, 18.6833 ], [ 80.1966, 18.6808 ], [ 80.2004, 18.6926 ], [ 80.2128, 18.7057 ], [ 80.2193, 18.7079 ], [ 80.2337, 18.7024 ], [ 80.2522, 18.7068 ], [ 80.2715, 18.7233 ], [ 80.2799, 18.7207 ], [ 80.306, 18.6825 ], [ 80.3187, 18.6421 ], [ 80.3275, 18.6354 ], [ 80.3342, 18.6134 ], [ 80.344, 18.5983 ], [ 80.3028, 18.5888 ], [ 80.2677, 18.5898 ], [ 80.2545, 18.5779 ], [ 80.1938, 18.5988 ], [ 80.1861, 18.5996 ], [ 80.1838, 18.5962 ], [ 80.1688, 18.5927 ], [ 80.1518, 18.6036 ], [ 80.1321, 18.6344 ], [ 80.1019, 18.6167 ], [ 80.0778, 18.6383 ], [ 80.0653, 18.6291 ], [ 80.0418, 18.6369 ], [ 80.0241, 18.6263 ], [ 80.0222, 18.6367 ], [ 80.0009, 18.665 ], [ 79.9918, 18.6716 ], [ 79.9931, 18.6742 ], [ 79.9855, 18.6794 ], [ 79.9885, 18.6851 ], [ 79.9548, 18.6934 ], [ 79.9297, 18.6786 ], [ 79.921, 18.6803 ], [ 79.9284, 18.7153 ], [ 79.9132, 18.7252 ], [ 79.9147, 18.7438 ], [ 79.8986, 18.7435 ], [ 79.8979, 18.7302 ], [ 79.8917, 18.7356 ], [ 79.8741, 18.7384 ], [ 79.8609, 18.7371 ], [ 79.8338, 18.7419 ], [ 79.8238, 18.7392 ], [ 79.8165, 18.7512 ], [ 79.8218, 18.7636 ], [ 79.8417, 18.7808 ], [ 79.8471, 18.7946 ], [ 79.8249, 18.8281 ], [ 79.8257, 18.8545 ], [ 79.8346, 18.8686 ], [ 79.8408, 18.872 ], [ 79.8512, 18.8677 ], [ 79.8653, 18.8378 ], [ 79.8769, 18.8291 ], [ 79.8882, 18.8263 ], [ 79.903, 18.83 ], [ 79.914, 18.8261 ], [ 79.9222, 18.8088 ] ] ] } },
{ "type": "Feature", "properties": { "unit_id": "IND.32.10.3_1", "name": "Eturunagaram", "district": "Mulugu", "did": "telangana:Mulugu", "state_key": "telangana" }, "geometry": { "type": "Polygon", "coordinates": [ [ [ 80.4012, 18.5693 ], [ 80.3725, 18.5349 ], [ 80.3816, 18.507 ], [ 80.3782, 18.5018 ], [ 80.3685, 18.5009 ], [ 80.3719, 18.4935 ], [ 80.3952, 18.461 ], [ 80.406, 18.4587 ], [ 80.4215, 18.4622 ], [ 80.4626, 18.4617 ], [ 80.471, 18.4554 ], [ 80.4667, 18.4162 ], [ 80.4559, 18.4019 ], [ 80.4509, 18.3835 ], [ 80.463, 18.3697 ], [ 80.4712, 18.3398 ], [ 80.47, 18.3325 ], [ 80.4761, 18.3259 ], [ 80.47, 18.3119 ], [ 80.4785, 18.2976 ], [ 80.4449, 18.2694 ], [ 80.4351, 18.2551 ], [ 80.3986, 18.267 ], [ 80.3846, 18.2645 ], [ 80.3711, 18.269 ], [ 80.3294, 18.2948 ], [ 80.3217, 18.3098 ], [ 80.33, 18.3165 ], [ 80.3287, 18.3216 ], [ 80.3351, 18.3255 ], [ 80.3358, 18.33 ], [ 80.3148, 18.357 ], [ 80.3034, 18.3452 ], [ 80.2874, 18.3431 ], [ 80.2755, 18.3559 ], [ 80.2699, 18.3563 ], [ 80.2483, 18.3741 ], [ 80.2431, 18.386 ], [ 80.239, 18.3878 ], [ 80.2286, 18.385 ], [ 80.2235, 18.3898 ], [ 80.2163, 18.3891 ], [ 80.2244, 18.4273 ], [ 80.2295, 18.5533 ], [ 80.2677, 18.5898 ], [ 80.3028, 18.5888 ], [ 80.344, 18.5983 ], [ 80.3481, 18.5941 ], [ 80.3541, 18.5942 ], [ 80.3621, 18.5991 ], [ 80.3676, 18.6082 ], [ 80.3752, 18.6107 ], [ 80.3875, 18.5978 ], [ 80.4012, 18.5693 ] ] ] } },
{ "type": "Feature", "properties": { "unit_id": "IND.32.3.4_1", "name": "Mutharam", "district": "Jayashankar Bhupalapally", "did": "telangana:Jayashankar Bhupalapally", "state_key": "telangana" }, "geometry": { "type": "Polygon", "coordinates": [ [ [ 80.1321, 18.6344 ], [ 80.1518, 18.6036 ], [ 80.1685, 18.5928 ], [ 80.1838, 18.5962 ], [ 80.1861, 18.5996 ], [ 80.1938, 18.5988 ], [ 80.2545, 18.5779 ], [ 80.2295, 18.5533 ], [ 80.2244, 18.4273 ], [ 80.2167, 18.3895 ], [ 80.1726, 18.3494 ], [ 80.1425, 18.3795 ], [ 80.1508, 18.4139 ], [ 80.1236, 18.4259 ], [ 80.0986, 18.4317 ], [ 80.0811, 18.4213 ], [ 80.0789, 18.3913 ], [ 80.0742, 18.3883 ], [ 80.0573, 18.4016 ], [ 80.0423, 18.4043 ], [ 80.0294, 18.4 ], [ 80.0232, 18.4059 ], [ 80.0264, 18.4134 ], [ 80.0215, 18.4199 ], [ 80.0298, 18.4424 ], [ 80.0464, 18.4292 ], [ 80.0758, 18.4272 ], [ 80.1025, 18.4568 ], [ 80.1143, 18.4574 ], [ 80.1169, 18.4663 ], [ 80.0918, 18.4677 ], [ 80.0855, 18.4699 ], [ 80.085, 18.4734 ], [ 80.0515, 18.4814 ], [ 80.0556, 18.4851 ], [ 80.0597, 18.483 ], [ 80.066, 18.4858 ], [ 80.0666, 18.4939 ], [ 80.0707, 18.4943 ], [ 80.0737, 18.5018 ], [ 80.0849, 18.5097 ], [ 80.0864, 18.5187 ], [ 80.0381, 18.5167 ], [ 80.0346, 18.5026 ], [ 79.9922, 18.5031 ], [ 79.9846, 18.5009 ], [ 79.9623, 18.4827 ], [ 79.9542, 18.4944 ], [ 79.9497, 18.5132 ], [ 79.9474, 18.5153 ], [ 79.9361, 18.5124 ], [ 79.9443, 18.5561 ], [ 79.9595, 18.5781 ], [ 79.9796, 18.5878 ], [ 80.0035, 18.5921 ], [ 80.0241, 18.6263 ], [ 80.0418, 18.6369 ], [ 80.0653, 18.6291 ], [ 80.0778, 18.6383 ], [ 80.1019, 18.6167 ], [ 80.1321, 18.6344 ] ], [ [ 79.9812, 18.5609 ], [ 79.9931, 18.5599 ], [ 79.9979, 18.5749 ], [ 79.9873, 18.5768 ], [ 79.9812, 18.5609 ] ] ] } },
{ "type": "Feature", "properties": { "unit_id": "IND.32.10.3_1", "name": "Govindaraopet", "district": "Mulugu", "did": "telangana:Mulugu", "state_key": "telangana" }, "geometry": { "type": "Polygon", "coordinates": [ [ [ 80.2098, 18.2641 ], [ 80.2081, 18.2525 ], [ 80.1987, 18.2509 ], [ 80.1911, 18.2428 ], [ 80.1965, 18.2242 ], [ 80.189, 18.2236 ], [ 80.1915, 18.2073 ], [ 80.181, 18.2057 ], [ 80.1861, 18.202 ], [ 80.1824, 18.1882 ], [ 80.1672, 18.1738 ], [ 80.1629, 18.1584 ], [ 80.1593, 18.1624 ], [ 80.1534, 18.1536 ], [ 80.148, 18.1201 ], [ 80.159, 18.1086 ], [ 80.1569, 18.1018 ], [ 80.1625, 18.0893 ], [ 80.1595, 18.0821 ], [ 80.1495, 18.0838 ], [ 80.1236, 18.147 ], [ 80.096, 18.1652 ], [ 80.0863, 18.1618 ], [ 80.0862, 18.1587 ], [ 80.0772, 18.1591 ], [ 80.0743, 18.1551 ], [ 80.0711, 18.1589 ], [ 80.0666, 18.1571 ], [ 80.0675, 18.1544 ], [ 80.0278, 18.1637 ], [ 80.0198, 18.1722 ], [ 80.0153, 18.1725 ], [ 80.0045, 18.1919 ], [ 79.991, 18.1991 ], [ 79.9865, 18.2266 ], [ 80.0044, 18.217 ], [ 80.0015, 18.2328 ], [ 80.016, 18.2522 ], [ 80.0565, 18.2817 ], [ 80.0907, 18.292 ], [ 80.1117, 18.2918 ], [ 80.1398, 18.3042 ], [ 80.1437, 18.3024 ], [ 80.1565, 18.3159 ], [ 80.1895, 18.2884 ], [ 80.2098, 18.2641 ] ] ] } },
{ "type": "Feature", "properties": { "unit_id": "IND.32.10.3_1", "name": "Tadvai", "district": "Mulugu", "did": "telangana:Mulugu", "state_key": "telangana" }, "geometry": { "type": "Polygon", "coordinates": [ [ [ 80.1724, 18.3494 ], [ 80.2163, 18.3891 ], [ 80.223, 18.3898 ], [ 80.2286, 18.385 ], [ 80.239, 18.3878 ], [ 80.2431, 18.386 ], [ 80.2483, 18.3741 ], [ 80.2699, 18.3563 ], [ 80.2755, 18.3559 ], [ 80.2874, 18.3431 ], [ 80.3034, 18.3452 ], [ 80.3148, 18.357 ], [ 80.3358, 18.33 ], [ 80.3351, 18.3255 ], [ 80.3287, 18.3216 ], [ 80.33, 18.3165 ], [ 80.3217, 18.3093 ], [ 80.3258, 18.2988 ], [ 80.3394, 18.287 ], [ 80.3828, 18.265 ], [ 80.3986, 18.267 ], [ 80.4379, 18.2532 ], [ 80.4521, 18.257 ], [ 80.4652, 18.2509 ], [ 80.4743, 18.24 ], [ 80.4794, 18.2252 ], [ 80.4714, 18.2295 ], [ 80.469, 18.239 ], [ 80.4634, 18.2387 ], [ 80.4663, 18.2183 ], [ 80.452, 18.2093 ], [ 80.4439, 18.2081 ], [ 80.4092, 18.2245 ], [ 80.4085, 18.2117 ], [ 80.4244, 18.2034 ], [ 80.4261, 18.1846 ], [ 80.4311, 18.1896 ], [ 80.4413, 18.1851 ], [ 80.4354, 18.1609 ], [ 80.438, 18.1537 ], [ 80.4783, 18.1232 ], [ 80.4652, 18.0904 ], [ 80.482, 18.0806 ], [ 80.4898, 18.063 ], [ 80.4946, 18.0576 ], [ 80.5059, 18.0542 ], [ 80.5047, 18.0516 ], [ 80.4964, 18.051 ], [ 80.4816, 18.0599 ], [ 80.472, 18.0583 ], [ 80.4595, 18.0629 ], [ 80.4557, 18.0602 ], [ 80.4454, 18.067 ], [ 80.4313, 18.06 ], [ 80.3919, 18.0817 ], [ 80.3465, 18.0366 ], [ 80.3412, 18.0144 ], [ 80.322, 17.9987 ], [ 80.3162, 17.996 ], [ 80.3046, 18.0 ], [ 80.284, 17.9977 ], [ 80.2588, 18.0159 ], [ 80.2359, 18.0382 ], [ 80.1858, 18.0625 ], [ 80.1722, 18.0756 ], [ 80.1595, 18.0821 ], [ 80.1625, 18.0893 ], [ 80.1569, 18.1018 ], [ 80.159, 18.1086 ], [ 80.148, 18.1201 ], [ 80.1534, 18.1536 ], [ 80.1593, 18.1624 ], [ 80.1629, 18.1584 ], [ 80.1672, 18.1738 ], [ 80.1824, 18.1882 ], [ 80.1861, 18.202 ], [ 80.181, 18.2057 ], [ 80.1915, 18.2073 ], [ 80.189, 18.2236 ], [ 80.1965, 18.2242 ], [ 80.1911, 18.2428 ], [ 80.1987, 18.2509 ], [ 80.2081, 18.2525 ], [ 80.2098, 18.2641 ], [ 80.1895, 18.2884 ], [ 80.1565, 18.3159 ], [ 80.1437, 18.3024 ], [ 80.1338, 18.3084 ], [ 80.1254, 18.3245 ], [ 80.0984, 18.3523 ], [ 80.098, 18.385 ], [ 80.0909, 18.3872 ], [ 80.0854, 18.3946 ], [ 80.0804, 18.3927 ], [ 80.0773, 18.3963 ], [ 80.0809, 18.4211 ], [ 80.0986, 18.4317 ], [ 80.1236, 18.4259 ], [ 80.1508, 18.4139 ], [ 80.1441, 18.3751 ], [ 80.1724, 18.3494 ] ] ] } },
{ "type": "Feature", "properties": { "unit_id": "IND.32.10.3_1", "name": "Mangapet", "district": "Mulugu", "did": "telangana:Mulugu", "state_key": "telangana" }, "geometry": { "type": "Polygon", "coordinates": [ [ [ 80.4894, 18.2875 ], [ 80.5001, 18.2676 ], [ 80.5376, 18.2635 ], [ 80.5483, 18.2509 ], [ 80.5659, 18.2416 ], [ 80.591, 18.2355 ], [ 80.6021, 18.2164 ], [ 80.6119, 18.2121 ], [ 80.6163, 18.2053 ], [ 80.6234, 18.2073 ], [ 80.6272, 18.205 ], [ 80.6305, 18.1938 ], [ 80.6423, 18.1851 ], [ 80.6616, 18.1857 ], [ 80.6734, 18.1825 ], [ 80.6553, 18.1538 ], [ 80.647, 18.1565 ], [ 80.6571, 18.1437 ], [ 80.6548, 18.1349 ], [ 80.6382, 18.1362 ], [ 80.6323, 18.1424 ], [ 80.6234, 18.1293 ], [ 80.6431, 18.1254 ], [ 80.6351, 18.1094 ], [ 80.6195, 18.1128 ], [ 80.6164, 18.1184 ], [ 80.6156, 18.1047 ], [ 80.6003, 18.078 ], [ 80.5857, 18.0624 ], [ 80.5769, 18.0618 ], [ 80.5739, 18.0547 ], [ 80.5658, 18.0509 ], [ 80.5585, 18.0589 ], [ 80.5489, 18.0585 ], [ 80.5437, 18.054 ], [ 80.5359, 18.0556 ], [ 80.5348, 18.0609 ], [ 80.5272, 18.0647 ], [ 80.514, 18.0518 ], [ 80.4939, 18.0583 ], [ 80.482, 18.0806 ], [ 80.4652, 18.0904 ], [ 80.4783, 18.1232 ], [ 80.438, 18.1537 ], [ 80.4354, 18.1609 ], [ 80.4413, 18.1851 ], [ 80.4311, 18.1896 ], [ 80.4261, 18.1846 ], [ 80.4244, 18.2034 ], [ 80.4085, 18.2117 ], [ 80.4092, 18.2245 ], [ 80.4439, 18.2081 ], [ 80.452, 18.2093 ], [ 80.4663, 18.2183 ], [ 80.4634, 18.2387 ], [ 80.469, 18.239 ], [ 80.4714, 18.2295 ], [ 80.4794, 18.2252 ], [ 80.4743, 18.24 ], [ 80.4645, 18.2516 ], [ 80.4521, 18.257 ], [ 80.4379, 18.2532 ], [ 80.4351, 18.2551 ], [ 80.4449, 18.2694 ], [ 80.4798, 18.2961 ], [ 80.4894, 18.2875 ] ] ] } },
{ "type": "Feature", "properties": { "unit_id": "IND.32.4.6_1", "name": "Venkatapuram", "district": "Mulugu", "did": "telangana:Mulugu", "state_key": "telangana" }, "geometry": { "type": "Polygon", "coordinates": [ [ [ 80.7054, 18.4397 ], [ 80.6982, 18.4376 ], [ 80.6962, 18.4247 ], [ 80.699, 18.4214 ], [ 80.7183, 18.4097 ], [ 80.7229, 18.4152 ], [ 80.7349, 18.4128 ], [ 80.7322, 18.4012 ], [ 80.7197, 18.3908 ], [ 80.7294, 18.3788 ], [ 80.7269, 18.3691 ], [ 80.7315, 18.3549 ], [ 80.7477, 18.33 ], [ 80.7487, 18.3089 ], [ 80.7577, 18.3019 ], [ 80.7595, 18.2899 ], [ 80.7691, 18.2876 ], [ 80.7806, 18.266 ], [ 80.7898, 18.2641 ], [ 80.7942, 18.2596 ], [ 80.7927, 18.2495 ], [ 80.7372, 18.2221 ], [ 80.7368, 18.1773 ], [ 80.745, 18.1703 ], [ 80.7542, 18.1687 ], [ 80.7487, 18.1016 ], [ 80.755, 18.0738 ], [ 80.7446, 18.0823 ], [ 80.7145, 18.1266 ], [ 80.7042, 18.1359 ], [ 80.694, 18.1615 ], [ 80.6816, 18.1655 ], [ 80.6734, 18.1825 ], [ 80.6616, 18.1857 ], [ 80.6423, 18.1851 ], [ 80.6305, 18.1938 ], [ 80.6272, 18.205 ], [ 80.6234, 18.2073 ], [ 80.6163, 18.2053 ], [ 80.6119, 18.2121 ], [ 80.6021, 18.2164 ], [ 80.591, 18.2355 ], [ 80.5659, 18.2416 ], [ 80.5483, 18.2509 ], [ 80.5376, 18.2635 ], [ 80.5211, 18.2664 ], [ 80.5074, 18.2648 ], [ 80.4985, 18.2686 ], [ 80.4894, 18.2875 ], [ 80.47, 18.3119 ], [ 80.4763, 18.324 ], [ 80.47, 18.3325 ], [ 80.4712, 18.3386 ], [ 80.4931, 18.343 ], [ 80.5117, 18.3517 ], [ 80.519, 18.3486 ], [ 80.5311, 18.3505 ], [ 80.5461, 18.3578 ], [ 80.5492, 18.3526 ], [ 80.5382, 18.3319 ], [ 80.5397, 18.3287 ], [ 80.5446, 18.3307 ], [ 80.5631, 18.3409 ], [ 80.6018, 18.3941 ], [ 80.6292, 18.4218 ], [ 80.6793, 18.4605 ], [ 80.6861, 18.4583 ], [ 80.6881, 18.4474 ], [ 80.7017, 18.4446 ], [ 80.7054, 18.4397 ] ] ] } },
{ "type": "Feature", "properties": { "unit_id": "IND.32.4.6_1", "name": "Wajidu", "district": "Mulugu", "did": "telangana:Mulugu", "state_key": "telangana" }, "geometry": { "type": "Polygon", "coordinates": [ [ [ 80.5147, 18.6193 ], [ 80.5193, 18.6086 ], [ 80.5307, 18.5989 ], [ 80.5345, 18.5884 ], [ 80.5564, 18.5797 ], [ 80.5714, 18.5647 ], [ 80.5999, 18.553 ], [ 80.6185, 18.5277 ], [ 80.6228, 18.5286 ], [ 80.6311, 18.5219 ], [ 80.6376, 18.5225 ], [ 80.6409, 18.5115 ], [ 80.6372, 18.5043 ], [ 80.655, 18.4763 ], [ 80.6793, 18.4605 ], [ 80.6376, 18.429 ], [ 80.6074, 18.4003 ], [ 80.5631, 18.3409 ], [ 80.5397, 18.3287 ], [ 80.5404, 18.3381 ], [ 80.5492, 18.3526 ], [ 80.547, 18.3577 ], [ 80.5311, 18.3505 ], [ 80.519, 18.3486 ], [ 80.5117, 18.3517 ], [ 80.4931, 18.343 ], [ 80.4712, 18.3386 ], [ 80.463, 18.3697 ], [ 80.4509, 18.3835 ], [ 80.4559, 18.4019 ], [ 80.4667, 18.4162 ], [ 80.469, 18.459 ], [ 80.4626, 18.4617 ], [ 80.4215, 18.4622 ], [ 80.406, 18.4587 ], [ 80.3934, 18.4617 ], [ 80.3685, 18.5009 ], [ 80.3782, 18.5018 ], [ 80.3815, 18.5062 ], [ 80.3725, 18.5349 ], [ 80.4012, 18.5693 ], [ 80.3871, 18.5976 ], [ 80.3992, 18.6063 ], [ 80.42, 18.6104 ], [ 80.422, 18.615 ], [ 80.4279, 18.613 ], [ 80.4561, 18.6294 ], [ 80.4652, 18.6239 ], [ 80.4874, 18.6311 ], [ 80.5016, 18.6216 ], [ 80.5147, 18.6193 ] ] ] } },
{ "type": "Feature", "properties": { "unit_id": "IND.32.1.1_1", "name": "Bela", "district": "Adilabad", "did": "telangana:Adilabad", "state_key": "telangana" }, "geometry": { "type": "Polygon", "coordinates": [ [ [ 78.7564, 19.7725 ], [ 78.7711, 19.7794 ], [ 78.7824, 19.7784 ], [ 78.8022, 19.7565 ], [ 78.8169, 19.7618 ], [ 78.8259, 19.7551 ], [ 78.841, 19.7619 ], [ 78.848, 19.7355 ], [ 78.8511, 19.7361 ], [ 78.8494, 19.722 ], [ 78.8599, 19.6895 ], [ 78.8557, 19.6867 ], [ 78.8521, 19.6617 ], [ 78.8238, 19.6584 ], [ 78.8248, 19.6514 ], [ 78.8009, 19.6555 ], [ 78.7965, 19.6663 ], [ 78.7921, 19.6639 ], [ 78.7782, 19.6712 ], [ 78.7688, 19.6711 ], [ 78.7775, 19.6572 ], [ 78.7808, 19.6352 ], [ 78.795, 19.6124 ], [ 78.7916, 19.6052 ], [ 78.7817, 19.6067 ], [ 78.7813, 19.6 ], [ 78.7863, 19.5953 ], [ 78.7839, 19.5753 ], [ 78.7577, 19.5689 ], [ 78.7486, 19.5634 ], [ 78.7456, 19.5668 ], [ 78.7474, 19.5924 ], [ 78.7567, 19.5985 ], [ 78.7553, 19.6044 ], [ 78.7527, 19.6076 ], [ 78.7449, 19.6049 ], [ 78.7244, 19.6198 ], [ 78.7192, 19.6194 ], [ 78.7123, 19.6111 ], [ 78.6983, 19.613 ], [ 78.6962, 19.6307 ], [ 78.6995, 19.6477 ], [ 78.7088, 19.6482 ], [ 78.7278, 19.6393 ], [ 78.7167, 19.6579 ], [ 78.711, 19.6585 ], [ 78.6982, 19.6706 ], [ 78.6851, 19.6766 ], [ 78.682, 19.691 ], [ 78.6821, 19.6967 ], [ 78.6958, 19.6945 ], [ 78.7075, 19.7027 ], [ 78.7106, 19.7142 ], [ 78.7071, 19.7378 ], [ 78.7157, 19.748 ], [ 78.7187, 19.7463 ], [ 78.7215, 19.7491 ], [ 78.7217, 19.7664 ], [ 78.7288, 19.779 ], [ 78.7419, 19.7829 ], [ 78.7564, 19.7725 ] ] ] } },
{ "type": "Feature", "properties": { "unit_id": "IND.32.1.1_1", "name": "Tamsi", "district": "Adilabad", "did": "telangana:Adilabad", "state_key": "telangana" }, "geometry": { "type": "Polygon", "coordinates": [ [ [ 78.3337, 19.9091 ], [ 78.3333, 19.9041 ], [ 78.3246, 19.8974 ], [ 78.3288, 19.8872 ], [ 78.3369, 19.883 ], [ 78.3807, 19.8804 ], [ 78.3818, 19.857 ], [ 78.3865, 19.8454 ], [ 78.423, 19.8176 ], [ 78.4392, 19.8134 ], [ 78.4539, 19.8129 ], [ 78.4692, 19.8177 ], [ 78.4757, 19.8146 ], [ 78.485, 19.7961 ], [ 78.4913, 19.7925 ], [ 78.4863, 19.7842 ], [ 78.4954, 19.7544 ], [ 78.5142, 19.7509 ], [ 78.5143, 19.7392 ], [ 78.5195, 19.7319 ], [ 78.5199, 19.715 ], [ 78.4986, 19.72 ], [ 78.496, 19.713 ], [ 78.4887, 19.7139 ], [ 78.4914, 19.6972 ], [ 78.4984, 19.6952 ], [ 78.4984, 19.6837 ], [ 78.4883, 19.6866 ], [ 78.4773, 19.6808 ], [ 78.4701, 19.6866 ], [ 78.4679, 19.6748 ], [ 78.4573, 19.6745 ], [ 78.4571, 19.6712 ], [ 78.4475, 19.6689 ], [ 78.4485, 19.683 ], [ 78.4423, 19.6834 ], [ 78.4336, 19.6782 ], [ 78.4042, 19.685 ], [ 78.4034, 19.6948 ], [ 78.3914, 19.7044 ], [ 78.3793, 19.7088 ], [ 78.3431, 19.7132 ], [ 78.3393, 19.7242 ], [ 78.3429, 19.7298 ], [ 78.3412, 19.7358 ], [ 78.3493, 19.738 ], [ 78.3646, 19.7807 ], [ 78.3589, 19.8029 ], [ 78.3448, 19.8134 ], [ 78.334, 19.8146 ], [ 78.3364, 19.8379 ], [ 78.3158, 19.8426 ], [ 78.3015, 19.8404 ], [ 78.2861, 19.8479 ], [ 78.2856, 19.851 ], [ 78.2853, 19.8566 ], [ 78.2987, 19.875 ], [ 78.307, 19.9143 ], [ 78.3249, 19.9167 ], [ 78.3337, 19.9091 ] ] ] } },
{ "type": "Feature", "properties": { "unit_id": "IND.32.1.1_1", "name": "Talamadugu", "district": "Adilabad", "did": "telangana:Adilabad", "state_key": "telangana" }, "geometry": { "type": "Polygon", "coordinates": [ [ [ 78.3934, 19.7032 ], [ 78.4034, 19.6948 ], [ 78.4042, 19.685 ], [ 78.4336, 19.6782 ], [ 78.4423, 19.6834 ], [ 78.4485, 19.683 ], [ 78.4475, 19.6689 ], [ 78.4571, 19.6712 ], [ 78.4573, 19.6745 ], [ 78.4679, 19.6748 ], [ 78.4701, 19.6866 ], [ 78.4773, 19.6808 ], [ 78.4883, 19.6866 ], [ 78.4984, 19.6837 ], [ 78.4908, 19.666 ], [ 78.4976, 19.659 ], [ 78.4973, 19.6505 ], [ 78.4876, 19.6314 ], [ 78.501, 19.6075 ], [ 78.4929, 19.5947 ], [ 78.4887, 19.5753 ], [ 78.4763, 19.5652 ], [ 78.4631, 19.5731 ], [ 78.445, 19.577 ], [ 78.4411, 19.5631 ], [ 78.4271, 19.542 ], [ 78.4238, 19.5416 ], [ 78.4134, 19.5542 ], [ 78.4038, 19.5515 ], [ 78.3968, 19.5545 ], [ 78.3896, 19.5748 ], [ 78.3829, 19.5752 ], [ 78.378, 19.5709 ], [ 78.3655, 19.5762 ], [ 78.3569, 19.574 ], [ 78.3308, 19.5793 ], [ 78.324, 19.5703 ], [ 78.3101, 19.5705 ], [ 78.3009, 19.5791 ], [ 78.3056, 19.6071 ], [ 78.2939, 19.6194 ], [ 78.2905, 19.646 ], [ 78.2809, 19.6509 ], [ 78.279, 19.6576 ], [ 78.271, 19.6585 ], [ 78.2689, 19.6641 ], [ 78.2626, 19.6651 ], [ 78.2762, 19.6924 ], [ 78.2878, 19.688 ], [ 78.3002, 19.688 ], [ 78.3034, 19.6912 ], [ 78.3118, 19.6911 ], [ 78.3157, 19.7026 ], [ 78.322, 19.7076 ], [ 78.3431, 19.7132 ], [ 78.3793, 19.7088 ], [ 78.3934, 19.7032 ] ] ] } },
{ "type": "Feature", "properties": { "unit_id": "IND.32.1.1_1", "name": "Jainad", "district": "Adilabad", "did": "telangana:Adilabad", "state_key": "telangana" }, "geometry": { "type": "Polygon", "coordinates": [ [ [ 78.5723, 19.8158 ], [ 78.5861, 19.8188 ], [ 78.6073, 19.8176 ], [ 78.619, 19.81 ], [ 78.6427, 19.8078 ], [ 78.655, 19.8002 ], [ 78.6664, 19.7998 ], [ 78.6926, 19.791 ], [ 78.7014, 19.7867 ], [ 78.7061, 19.7723 ], [ 78.7217, 19.7664 ], [ 78.7215, 19.7491 ], [ 78.7187, 19.7463 ], [ 78.7157, 19.748 ], [ 78.7071, 19.7378 ], [ 78.7106, 19.7142 ], [ 78.7075, 19.7027 ], [ 78.6958, 19.6945 ], [ 78.6821, 19.6967 ], [ 78.682, 19.691 ], [ 78.6851, 19.6766 ], [ 78.6982, 19.6706 ], [ 78.711, 19.6585 ], [ 78.7167, 19.6579 ], [ 78.7278, 19.6393 ], [ 78.7088, 19.6482 ], [ 78.6995, 19.6477 ], [ 78.6962, 19.6307 ], [ 78.6983, 19.613 ], [ 78.6914, 19.6095 ], [ 78.6621, 19.6095 ], [ 78.6457, 19.6143 ], [ 78.6607, 19.6441 ], [ 78.6576, 19.6531 ], [ 78.6259, 19.6818 ], [ 78.6255, 19.688 ], [ 78.6105, 19.6912 ], [ 78.6081, 19.6946 ], [ 78.6044, 19.693 ], [ 78.6013, 19.7109 ], [ 78.5623, 19.7245 ], [ 78.5675, 19.7466 ], [ 78.5581, 19.7486 ], [ 78.5461, 19.7463 ], [ 78.5465, 19.7369 ], [ 78.536, 19.7349 ], [ 78.5136, 19.7512 ], [ 78.4954, 19.7544 ], [ 78.4863, 19.7842 ], [ 78.4913, 19.7925 ], [ 78.5072, 19.7975 ], [ 78.509, 19.8121 ], [ 78.515, 19.8189 ], [ 78.5308, 19.8185 ], [ 78.5507, 19.8242 ], [ 78.5723, 19.8158 ] ] ] } },
{ "type": "Feature", "properties": { "unit_id": "IND.32.1.1_1", "name": "Adilabad", "district": "Adilabad", "did": "telangana:Adilabad", "state_key": "telangana" }, "geometry": { "type": "Polygon", "coordinates": [ [ [ 78.5465, 19.7369 ], [ 78.5461, 19.7463 ], [ 78.5581, 19.7486 ], [ 78.5675, 19.7466 ], [ 78.5623, 19.7245 ], [ 78.6013, 19.7109 ], [ 78.6044, 19.693 ], [ 78.6081, 19.6946 ], [ 78.6105, 19.6912 ], [ 78.6255, 19.688 ], [ 78.6259, 19.6818 ], [ 78.6576, 19.6531 ], [ 78.6607, 19.6441 ], [ 78.6457, 19.6143 ], [ 78.6621, 19.6095 ], [ 78.6906, 19.6094 ], [ 78.6943, 19.6131 ], [ 78.714, 19.6117 ], [ 78.7192, 19.6194 ], [ 78.7244, 19.6198 ], [ 78.7449, 19.6049 ], [ 78.7544, 19.6058 ], [ 78.7567, 19.5985 ], [ 78.7474, 19.5924 ], [ 78.7456, 19.5668 ], [ 78.7486, 19.5634 ], [ 78.7354, 19.5334 ], [ 78.7216, 19.5311 ], [ 78.7154, 19.5332 ], [ 78.713, 19.5252 ], [ 78.7043, 19.5248 ], [ 78.6975, 19.5343 ], [ 78.6635, 19.5408 ], [ 78.6507, 19.5645 ], [ 78.6379, 19.5591 ], [ 78.6257, 19.5607 ], [ 78.6059, 19.5474 ], [ 78.5797, 19.5588 ], [ 78.5733, 19.5589 ], [ 78.5576, 19.5513 ], [ 78.5441, 19.5573 ], [ 78.5433, 19.5637 ], [ 78.5238, 19.5648 ], [ 78.5255, 19.5688 ], [ 78.5205, 19.5711 ], [ 78.5225, 19.5758 ], [ 78.5268, 19.5756 ], [ 78.5311, 19.5943 ], [ 78.5259, 19.5942 ], [ 78.525, 19.6012 ], [ 78.5183, 19.6034 ], [ 78.5124, 19.6013 ], [ 78.4986, 19.6092 ], [ 78.4877, 19.6309 ], [ 78.4973, 19.6505 ], [ 78.4976, 19.659 ], [ 78.4908, 19.666 ], [ 78.4984, 19.6837 ], [ 78.4984, 19.6952 ], [ 78.4914, 19.6972 ], [ 78.4883, 19.7102 ], [ 78.4887, 19.7139 ], [ 78.496, 19.713 ], [ 78.4986, 19.72 ], [ 78.5199, 19.715 ], [ 78.5143, 19.7486 ], [ 78.5383, 19.7347 ], [ 78.5465, 19.7369 ] ] ] } },
{ "type": "Feature", "properties": { "unit_id": "IND.32.1.10_1", "name": "Inderavelli", "district": "Adilabad", "did": "telangana:Adilabad", "state_key": "telangana" }, "geometry": { "type": "Polygon", "coordinates": [ [ [ 78.6635, 19.5408 ], [ 78.6975, 19.5343 ], [ 78.7066, 19.5247 ], [ 78.713, 19.5252 ], [ 78.7154, 19.5332 ], [ 78.7216, 19.5311 ], [ 78.7362, 19.534 ], [ 78.7486, 19.5634 ], [ 78.7575, 19.552 ], [ 78.7576, 19.5426 ], [ 78.7629, 19.5391 ], [ 78.7681, 19.5261 ], [ 78.7575, 19.5153 ], [ 78.7593, 19.5073 ], [ 78.7686, 19.5023 ], [ 78.7746, 19.5044 ], [ 78.7783, 19.4947 ], [ 78.7627, 19.4969 ], [ 78.7483, 19.4929 ], [ 78.7445, 19.4968 ], [ 78.7176, 19.4932 ], [ 78.7175, 19.497 ], [ 78.7078, 19.5041 ], [ 78.6977, 19.5083 ], [ 78.6937, 19.5045 ], [ 78.6987, 19.496 ], [ 78.6892, 19.4753 ], [ 78.6864, 19.4726 ], [ 78.6792, 19.4751 ], [ 78.6792, 19.4598 ], [ 78.6861, 19.4557 ], [ 78.678, 19.4461 ], [ 78.6733, 19.4269 ], [ 78.6736, 19.4185 ], [ 78.6817, 19.4137 ], [ 78.6855, 19.4039 ], [ 78.6766, 19.3891 ], [ 78.6742, 19.3161 ], [ 78.6211, 19.2741 ], [ 78.6154, 19.261 ], [ 78.5845, 19.2893 ], [ 78.5912, 19.3032 ], [ 78.6137, 19.3095 ], [ 78.601, 19.3242 ], [ 78.6035, 19.3574 ], [ 78.5579, 19.3731 ], [ 78.5474, 19.3654 ], [ 78.5486, 19.387 ], [ 78.5641, 19.3847 ], [ 78.5723, 19.3916 ], [ 78.5779, 19.4056 ], [ 78.5574, 19.4102 ], [ 78.5743, 19.4424 ], [ 78.5617, 19.4459 ], [ 78.5568, 19.4518 ], [ 78.5481, 19.452 ], [ 78.5529, 19.4582 ], [ 78.5547, 19.4718 ], [ 78.5664, 19.4679 ], [ 78.5739, 19.4968 ], [ 78.5707, 19.5006 ], [ 78.5817, 19.5225 ], [ 78.5867, 19.5546 ], [ 78.6059, 19.5474 ], [ 78.6257, 19.5607 ], [ 78.6379, 19.5591 ], [ 78.6507, 19.5645 ], [ 78.6635, 19.5408 ] ] ] } },
{ "type": "Feature", "properties": { "unit_id": "IND.32.1.3_1", "name": "Ichoda", "district": "Adilabad", "did": "telangana:Adilabad", "state_key": "telangana" }, "geometry": { "type": "Polygon", "coordinates": [ [ [ 78.4667, 19.4772 ], [ 78.4986, 19.4723 ], [ 78.5114, 19.4643 ], [ 78.5218, 19.4636 ], [ 78.5245, 19.4512 ], [ 78.5382, 19.4431 ], [ 78.5505, 19.442 ], [ 78.5583, 19.4496 ], [ 78.5743, 19.4424 ], [ 78.5574, 19.4102 ], [ 78.5779, 19.4056 ], [ 78.5759, 19.3992 ], [ 78.5641, 19.3847 ], [ 78.5486, 19.387 ], [ 78.5474, 19.3654 ], [ 78.5579, 19.3731 ], [ 78.6035, 19.3574 ], [ 78.601, 19.3242 ], [ 78.6137, 19.3095 ], [ 78.5912, 19.3032 ], [ 78.5845, 19.2893 ], [ 78.5703, 19.2865 ], [ 78.5556, 19.2712 ], [ 78.5402, 19.2768 ], [ 78.5267, 19.2896 ], [ 78.5199, 19.29 ], [ 78.5202, 19.2933 ], [ 78.47, 19.327 ], [ 78.4774, 19.3378 ], [ 78.4707, 19.3582 ], [ 78.4571, 19.363 ], [ 78.4521, 19.3605 ], [ 78.4316, 19.3704 ], [ 78.4359, 19.381 ], [ 78.4199, 19.3833 ], [ 78.4042, 19.3931 ], [ 78.4307, 19.4354 ], [ 78.4312, 19.448 ], [ 78.4395, 19.4516 ], [ 78.448, 19.4802 ], [ 78.4558, 19.4732 ], [ 78.4667, 19.4772 ] ] ] } },
{ "type": "Feature", "properties": { "unit_id": "IND.32.1.3_1", "name": "Gudihathnur", "district": "Adilabad", "did": "telangana:Adilabad", "state_key": "telangana" }, "geometry": { "type": "Polygon", "coordinates": [ [ [ 78.5183, 19.6034 ], [ 78.525, 19.6012 ], [ 78.5259, 19.5942 ], [ 78.5311, 19.5943 ], [ 78.5268, 19.5756 ], [ 78.5225, 19.5758 ], [ 78.5205, 19.5711 ], [ 78.5255, 19.5688 ], [ 78.5247, 19.5641 ], [ 78.5433, 19.5637 ], [ 78.5441, 19.5573 ], [ 78.5576, 19.5513 ], [ 78.5733, 19.5589 ], [ 78.5867, 19.5546 ], [ 78.5817, 19.5225 ], [ 78.5707, 19.5006 ], [ 78.5739, 19.4968 ], [ 78.571, 19.4803 ], [ 78.5664, 19.4679 ], [ 78.5547, 19.4718 ], [ 78.5529, 19.4582 ], [ 78.5481, 19.452 ], [ 78.5583, 19.4496 ], [ 78.5505, 19.442 ], [ 78.5382, 19.4431 ], [ 78.5267, 19.4492 ], [ 78.5218, 19.4636 ], [ 78.5114, 19.4643 ], [ 78.4986, 19.4723 ], [ 78.4674, 19.4771 ], [ 78.4734, 19.4999 ], [ 78.4718, 19.5076 ], [ 78.4622, 19.5029 ], [ 78.4449, 19.5018 ], [ 78.4503, 19.5374 ], [ 78.4434, 19.5346 ], [ 78.4388, 19.54 ], [ 78.4271, 19.542 ], [ 78.4411, 19.5631 ], [ 78.445, 19.577 ], [ 78.4631, 19.5731 ], [ 78.476, 19.5652 ], [ 78.4805, 19.5673 ], [ 78.4887, 19.5753 ], [ 78.498, 19.6063 ], [ 78.5124, 19.6013 ], [ 78.5183, 19.6034 ] ] ] } },
{ "type": "Feature", "properties": { "unit_id": "IND.32.1.3_1", "name": "Bazar Hatnur", "district": "Adilabad", "did": "telangana:Adilabad", "state_key": "telangana" }, "geometry": { "type": "Polygon", "coordinates": [ [ [ 78.3308, 19.5793 ], [ 78.3569, 19.574 ], [ 78.3655, 19.5762 ], [ 78.378, 19.5709 ], [ 78.3829, 19.5752 ], [ 78.3896, 19.5748 ], [ 78.398, 19.5536 ], [ 78.4038, 19.5515 ], [ 78.4134, 19.5542 ], [ 78.4238, 19.5416 ], [ 78.4388, 19.54 ], [ 78.4434, 19.5346 ], [ 78.4503, 19.5374 ], [ 78.4449, 19.5018 ], [ 78.4622, 19.5029 ], [ 78.4718, 19.5076 ], [ 78.4734, 19.4999 ], [ 78.4674, 19.4771 ], [ 78.4567, 19.4726 ], [ 78.448, 19.4802 ], [ 78.4395, 19.4516 ], [ 78.4312, 19.448 ], [ 78.4307, 19.4354 ], [ 78.4047, 19.3923 ], [ 78.3976, 19.3908 ], [ 78.3953, 19.3949 ], [ 78.3901, 19.3941 ], [ 78.3838, 19.3991 ], [ 78.3795, 19.4104 ], [ 78.371, 19.4103 ], [ 78.371, 19.4172 ], [ 78.3803, 19.4182 ], [ 78.3813, 19.4256 ], [ 78.3786, 19.4291 ], [ 78.3718, 19.4278 ], [ 78.3712, 19.4348 ], [ 78.3611, 19.4377 ], [ 78.3524, 19.4332 ], [ 78.3517, 19.4392 ], [ 78.3464, 19.4422 ], [ 78.3085, 19.4444 ], [ 78.2987, 19.4519 ], [ 78.3045, 19.4565 ], [ 78.3092, 19.4811 ], [ 78.2987, 19.4968 ], [ 78.296, 19.5174 ], [ 78.2904, 19.5276 ], [ 78.2932, 19.5422 ], [ 78.2828, 19.5426 ], [ 78.275, 19.552 ], [ 78.2753, 19.5625 ], [ 78.2936, 19.559 ], [ 78.2973, 19.5679 ], [ 78.3037, 19.5693 ], [ 78.3009, 19.5791 ], [ 78.3101, 19.5705 ], [ 78.324, 19.5703 ], [ 78.3308, 19.5793 ] ] ] } },
{ "type": "Feature", "properties": { "unit_id": "IND.32.1.3_1", "name": "Boath", "district": "Adilabad", "did": "telangana:Adilabad", "state_key": "telangana" }, "geometry": { "type": "Polygon", "coordinates": [ [ [ 78.2987, 19.4519 ], [ 78.3085, 19.4444 ], [ 78.3438, 19.4429 ], [ 78.3517, 19.4392 ], [ 78.3524, 19.4332 ], [ 78.3666, 19.4374 ], [ 78.3715, 19.4345 ], [ 78.3718, 19.4278 ], [ 78.3786, 19.4291 ], [ 78.3812, 19.4265 ], [ 78.3808, 19.4187 ], [ 78.3717, 19.4181 ], [ 78.371, 19.4103 ], [ 78.3795, 19.4104 ], [ 78.3853, 19.3972 ], [ 78.3982, 19.3924 ], [ 78.3894, 19.3843 ], [ 78.3871, 19.3713 ], [ 78.3923, 19.3658 ], [ 78.3896, 19.3555 ], [ 78.3931, 19.347 ], [ 78.3758, 19.3323 ], [ 78.3745, 19.3155 ], [ 78.365, 19.3062 ], [ 78.3544, 19.3059 ], [ 78.3483, 19.3097 ], [ 78.3449, 19.2896 ], [ 78.3288, 19.2796 ], [ 78.3362, 19.2677 ], [ 78.3243, 19.2636 ], [ 78.3152, 19.2759 ], [ 78.3091, 19.2774 ], [ 78.3108, 19.28 ], [ 78.3001, 19.2864 ], [ 78.2868, 19.2648 ], [ 78.2771, 19.2651 ], [ 78.2703, 19.2817 ], [ 78.2615, 19.2888 ], [ 78.2485, 19.2903 ], [ 78.2374, 19.3054 ], [ 78.2181, 19.3125 ], [ 78.2075, 19.3071 ], [ 78.1974, 19.309 ], [ 78.1902, 19.3208 ], [ 78.1923, 19.3258 ], [ 78.1762, 19.3349 ], [ 78.1721, 19.3493 ], [ 78.1721, 19.3597 ], [ 78.1792, 19.3628 ], [ 78.1768, 19.3674 ], [ 78.1877, 19.3946 ], [ 78.1762, 19.4123 ], [ 78.1951, 19.4068 ], [ 78.2025, 19.4197 ], [ 78.22, 19.433 ], [ 78.2356, 19.4268 ], [ 78.2445, 19.4288 ], [ 78.2465, 19.4352 ], [ 78.2626, 19.4431 ], [ 78.2637, 19.4489 ], [ 78.2687, 19.4485 ], [ 78.2704, 19.4562 ], [ 78.2857, 19.4492 ], [ 78.2987, 19.4519 ] ] ] } },
{ "type": "Feature", "properties": { "unit_id": "IND.32.1.3_1", "name": "Neredikonda", "district": "Adilabad", "did": "telangana:Adilabad", "state_key": "telangana" }, "geometry": { "type": "Polygon", "coordinates": [ [ [ 78.4571, 19.363 ], [ 78.4707, 19.3582 ], [ 78.4774, 19.3378 ], [ 78.47, 19.327 ], [ 78.5202, 19.2933 ], [ 78.5199, 19.29 ], [ 78.5267, 19.2896 ], [ 78.5402, 19.2768 ], [ 78.5556, 19.2712 ], [ 78.5473, 19.262 ], [ 78.5257, 19.255 ], [ 78.5218, 19.2506 ], [ 78.5179, 19.2454 ], [ 78.519, 19.2262 ], [ 78.5094, 19.2147 ], [ 78.4837, 19.2267 ], [ 78.4566, 19.2268 ], [ 78.4566, 19.1954 ], [ 78.4493, 19.1801 ], [ 78.4362, 19.1845 ], [ 78.4309, 19.1727 ], [ 78.421, 19.1758 ], [ 78.4146, 19.1724 ], [ 78.4063, 19.1738 ], [ 78.4017, 19.1799 ], [ 78.3885, 19.1758 ], [ 78.3693, 19.1823 ], [ 78.3642, 19.188 ], [ 78.363, 19.1999 ], [ 78.3544, 19.1985 ], [ 78.3472, 19.2072 ], [ 78.3301, 19.2069 ], [ 78.3184, 19.2147 ], [ 78.3039, 19.2357 ], [ 78.2994, 19.2594 ], [ 78.2868, 19.2648 ], [ 78.3001, 19.2864 ], [ 78.3108, 19.28 ], [ 78.3091, 19.2774 ], [ 78.3152, 19.2759 ], [ 78.322, 19.2638 ], [ 78.3362, 19.2677 ], [ 78.3288, 19.2796 ], [ 78.3449, 19.2896 ], [ 78.3483, 19.3097 ], [ 78.3544, 19.3059 ], [ 78.365, 19.3062 ], [ 78.3745, 19.3155 ], [ 78.3758, 19.3323 ], [ 78.3931, 19.347 ], [ 78.3896, 19.3555 ], [ 78.3923, 19.3658 ], [ 78.3871, 19.3713 ], [ 78.3894, 19.3843 ], [ 78.395, 19.3896 ], [ 78.4083, 19.3917 ], [ 78.4199, 19.3833 ], [ 78.4346, 19.3819 ], [ 78.4307, 19.3709 ], [ 78.4521, 19.3605 ], [ 78.4571, 19.363 ] ] ] } },
{ "type": "Feature", "properties": { "unit_id": "IND.32.1.8_1", "name": "Sarangapur", "district": "Nirmal", "did": "telangana:Nirmal", "state_key": "telangana" }, "geometry": { "type": "Polygon", "coordinates": [ [ [ 78.2181, 19.3125 ], [ 78.2374, 19.3054 ], [ 78.2485, 19.2903 ], [ 78.2615, 19.2888 ], [ 78.2703, 19.2817 ], [ 78.2754, 19.2659 ], [ 78.2928, 19.2638 ], [ 78.2994, 19.2594 ], [ 78.3039, 19.2357 ], [ 78.3178, 19.2152 ], [ 78.3301, 19.2069 ], [ 78.3472, 19.2072 ], [ 78.3544, 19.1985 ], [ 78.363, 19.1999 ], [ 78.3649, 19.1866 ], [ 78.3743, 19.1817 ], [ 78.372, 19.1686 ], [ 78.3428, 19.1654 ], [ 78.3403, 19.1487 ], [ 78.351, 19.1427 ], [ 78.3445, 19.1348 ], [ 78.3258, 19.1279 ], [ 78.3252, 19.1358 ], [ 78.311, 19.1273 ], [ 78.2937, 19.1243 ], [ 78.2937, 19.1378 ], [ 78.2854, 19.1444 ], [ 78.2827, 19.1527 ], [ 78.2737, 19.1459 ], [ 78.2625, 19.1289 ], [ 78.2457, 19.1182 ], [ 78.2414, 19.1252 ], [ 78.2331, 19.1261 ], [ 78.2348, 19.137 ], [ 78.2192, 19.1421 ], [ 78.2193, 19.1525 ], [ 78.2114, 19.1519 ], [ 78.1902, 19.1658 ], [ 78.1875, 19.1633 ], [ 78.1821, 19.1664 ], [ 78.1881, 19.1762 ], [ 78.1878, 19.2027 ], [ 78.1829, 19.2162 ], [ 78.1844, 19.2292 ], [ 78.1769, 19.2386 ], [ 78.1818, 19.2476 ], [ 78.178, 19.2539 ], [ 78.1767, 19.2785 ], [ 78.1831, 19.2852 ], [ 78.1932, 19.3171 ], [ 78.1974, 19.309 ], [ 78.2027, 19.3073 ], [ 78.2181, 19.3125 ] ] ] } },
{ "type": "Feature", "properties": { "unit_id": "IND.32.1.8_1", "name": "Mamda", "district": "Nirmal", "did": "telangana:Nirmal", "state_key": "telangana" }, "geometry": { "type": "Polygon", "coordinates": [ [ [ 78.4837, 19.2267 ], [ 78.5094, 19.2147 ], [ 78.5056, 19.204 ], [ 78.4941, 19.2012 ], [ 78.4859, 19.1942 ], [ 78.4866, 19.1833 ], [ 78.5016, 19.1837 ], [ 78.5076, 19.1771 ], [ 78.5116, 19.1669 ], [ 78.516, 19.1649 ], [ 78.5202, 19.1422 ], [ 78.5301, 19.1334 ], [ 78.5425, 19.1333 ], [ 78.5597, 19.1257 ], [ 78.5727, 19.1075 ], [ 78.6007, 19.0949 ], [ 78.5926, 19.0837 ], [ 78.589, 19.0617 ], [ 78.5983, 19.0558 ], [ 78.6184, 19.016 ], [ 78.614, 19.01 ], [ 78.6174, 18.9891 ], [ 78.6059, 18.9859 ], [ 78.588, 19.0051 ], [ 78.5562, 18.9771 ], [ 78.5474, 18.9458 ], [ 78.5282, 18.9487 ], [ 78.5082, 18.9723 ], [ 78.5065, 18.9818 ], [ 78.5183, 18.9879 ], [ 78.511, 19.0145 ], [ 78.5128, 19.0201 ], [ 78.5018, 19.0364 ], [ 78.4849, 19.0292 ], [ 78.484, 19.0476 ], [ 78.4816, 19.0549 ], [ 78.4774, 19.0551 ], [ 78.484, 19.0717 ], [ 78.4889, 19.0705 ], [ 78.4941, 19.0738 ], [ 78.4974, 19.1005 ], [ 78.4937, 19.1106 ], [ 78.4901, 19.103 ], [ 78.4723, 19.0913 ], [ 78.4505, 19.0971 ], [ 78.4444, 19.093 ], [ 78.4292, 19.0941 ], [ 78.4101, 19.0988 ], [ 78.4047, 19.1127 ], [ 78.4076, 19.1242 ], [ 78.3891, 19.1257 ], [ 78.3855, 19.1328 ], [ 78.3935, 19.1346 ], [ 78.4067, 19.1528 ], [ 78.4042, 19.1755 ], [ 78.4146, 19.1724 ], [ 78.4251, 19.1755 ], [ 78.4309, 19.1727 ], [ 78.4362, 19.1845 ], [ 78.4493, 19.1801 ], [ 78.4566, 19.1954 ], [ 78.4566, 19.2268 ], [ 78.4837, 19.2267 ] ] ] } },
{ "type": "Feature", "properties": { "unit_id": "IND.32.1.5_1", "name": "Khanapur", "district": "Nirmal", "did": "telangana:Nirmal", "state_key": "telangana" }, "geometry": { "type": "Polygon", "coordinates": [ [ [ 78.709, 19.252 ], [ 78.704, 19.1977 ], [ 78.6911, 19.1793 ], [ 78.7003, 19.1735 ], [ 78.7093, 19.161 ], [ 78.7169, 19.1608 ], [ 78.7496, 19.1369 ], [ 78.7376, 19.1225 ], [ 78.7348, 19.109 ], [ 78.7254, 19.0933 ], [ 78.7038, 19.0923 ], [ 78.6947, 19.0808 ], [ 78.6979, 19.0676 ], [ 78.6924, 19.0667 ], [ 78.6994, 19.0577 ], [ 78.7009, 19.0359 ], [ 78.6863, 19.03 ], [ 78.6655, 19.0146 ], [ 78.6602, 19.0008 ], [ 78.6357, 18.9779 ], [ 78.6059, 18.9859 ], [ 78.6174, 18.9891 ], [ 78.614, 19.01 ], [ 78.6184, 19.016 ], [ 78.5983, 19.0558 ], [ 78.589, 19.0617 ], [ 78.5926, 19.0837 ], [ 78.6007, 19.0949 ], [ 78.5727, 19.1075 ], [ 78.5597, 19.1257 ], [ 78.5425, 19.1333 ], [ 78.5301, 19.1334 ], [ 78.5202, 19.1422 ], [ 78.516, 19.1649 ], [ 78.5116, 19.1669 ], [ 78.5083, 19.1762 ], [ 78.5016, 19.1837 ], [ 78.4866, 19.1833 ], [ 78.4859, 19.1942 ], [ 78.4941, 19.2012 ], [ 78.5056, 19.204 ], [ 78.519, 19.2262 ], [ 78.5179, 19.2454 ], [ 78.5257, 19.255 ], [ 78.5473, 19.262 ], [ 78.5703, 19.2865 ], [ 78.5877, 19.288 ], [ 78.6154, 19.261 ], [ 78.6211, 19.2741 ], [ 78.6742, 19.3161 ], [ 78.6998, 19.3036 ], [ 78.7193, 19.2838 ], [ 78.7061, 19.2628 ], [ 78.709, 19.252 ] ] ] } },
{ "type": "Feature", "properties": { "unit_id": "IND.32.1.5_1", "name": "Kaddam", "district": "Nirmal", "did": "telangana:Nirmal", "state_key": "telangana" }, "geometry": { "type": "Polygon", "coordinates": [ [ [ 78.7365, 19.286 ], [ 78.7588, 19.2782 ], [ 78.7679, 19.2566 ], [ 78.7901, 19.2405 ], [ 78.8005, 19.2138 ], [ 78.8121, 19.2215 ], [ 78.8197, 19.2467 ], [ 78.8448, 19.2565 ], [ 78.8488, 19.2627 ], [ 78.8478, 19.2717 ], [ 78.8538, 19.2781 ], [ 78.8688, 19.2825 ], [ 78.8855, 19.2727 ], [ 78.893, 19.2812 ], [ 78.8939, 19.2901 ], [ 78.9417, 19.2522 ], [ 78.9487, 19.2542 ], [ 78.9544, 19.2506 ], [ 78.9361, 19.2284 ], [ 78.9337, 19.2142 ], [ 78.9179, 19.2014 ], [ 78.9213, 19.1838 ], [ 78.9026, 19.1778 ], [ 78.8773, 19.1595 ], [ 78.8831, 19.1555 ], [ 78.888, 19.1312 ], [ 78.8803, 19.1133 ], [ 78.8892, 19.1035 ], [ 78.9029, 19.0938 ], [ 78.9121, 19.1042 ], [ 78.9211, 19.1063 ], [ 78.9135, 19.1163 ], [ 78.9237, 19.1139 ], [ 78.9305, 19.1185 ], [ 78.9412, 19.1085 ], [ 78.9385, 19.1002 ], [ 78.9408, 19.0807 ], [ 78.9475, 19.0727 ], [ 78.9314, 19.0571 ], [ 78.9139, 19.0307 ], [ 78.9029, 19.0337 ], [ 78.8739, 19.0558 ], [ 78.862, 19.0591 ], [ 78.8448, 19.0703 ], [ 78.8355, 19.0684 ], [ 78.8211, 19.0489 ], [ 78.7988, 19.0483 ], [ 78.7788, 19.0377 ], [ 78.7708, 19.0297 ], [ 78.7701, 19.0143 ], [ 78.7623, 19.0113 ], [ 78.7402, 19.0169 ], [ 78.7009, 19.0359 ], [ 78.6994, 19.0577 ], [ 78.6924, 19.0667 ], [ 78.6979, 19.0676 ], [ 78.6947, 19.0808 ], [ 78.7038, 19.0923 ], [ 78.7254, 19.0933 ], [ 78.7348, 19.109 ], [ 78.7376, 19.1225 ], [ 78.7496, 19.1369 ], [ 78.7169, 19.1608 ], [ 78.7093, 19.161 ], [ 78.6999, 19.1738 ], [ 78.6917, 19.1779 ], [ 78.704, 19.1977 ], [ 78.709, 19.252 ], [ 78.7065, 19.2656 ], [ 78.7193, 19.2838 ], [ 78.6998, 19.3036 ], [ 78.6742, 19.3161 ], [ 78.6905, 19.3165 ], [ 78.7225, 19.3264 ], [ 78.7199, 19.2965 ], [ 78.7365, 19.286 ] ] ] } },
{ "type": "Feature", "properties": { "unit_id": "IND.32.1.10_1", "name": "Utnur", "district": "Adilabad", "did": "telangana:Adilabad", "state_key": "telangana" }, "geometry": { "type": "Polygon", "coordinates": [ [ [ 78.7175, 19.497 ], [ 78.7176, 19.4932 ], [ 78.7445, 19.4968 ], [ 78.7483, 19.4929 ], [ 78.7627, 19.4969 ], [ 78.7783, 19.4947 ], [ 78.7809, 19.4695 ], [ 78.8072, 19.4632 ], [ 78.8062, 19.45 ], [ 78.8114, 19.4313 ], [ 78.8214, 19.4308 ], [ 78.8225, 19.4274 ], [ 78.842, 19.4202 ], [ 78.8294, 19.4094 ], [ 78.8202, 19.387 ], [ 78.812, 19.3885 ], [ 78.809, 19.3832 ], [ 78.8248, 19.3746 ], [ 78.8541, 19.3685 ], [ 78.8584, 19.324 ], [ 78.8499, 19.2947 ], [ 78.8547, 19.2788 ], [ 78.8478, 19.2717 ], [ 78.8488, 19.2627 ], [ 78.8448, 19.2565 ], [ 78.8197, 19.2467 ], [ 78.8121, 19.2215 ], [ 78.8005, 19.2138 ], [ 78.7901, 19.2405 ], [ 78.7679, 19.2566 ], [ 78.7588, 19.2782 ], [ 78.7365, 19.286 ], [ 78.7199, 19.2965 ], [ 78.7225, 19.3264 ], [ 78.6905, 19.3165 ], [ 78.6741, 19.3162 ], [ 78.6766, 19.3891 ], [ 78.6855, 19.4039 ], [ 78.6817, 19.4137 ], [ 78.6732, 19.4201 ], [ 78.6761, 19.4413 ], [ 78.6861, 19.4557 ], [ 78.6792, 19.4598 ], [ 78.6792, 19.4751 ], [ 78.6864, 19.4726 ], [ 78.6905, 19.477 ], [ 78.6987, 19.496 ], [ 78.693, 19.503 ], [ 78.6977, 19.5083 ], [ 78.7175, 19.497 ] ] ] } },
{ "type": "Feature", "properties": { "unit_id": "IND.32.1.10_1", "name": "Narnur", "district": "Adilabad", "did": "telangana:Adilabad", "state_key": "telangana" }, "geometry": { "type": "Polygon", "coordinates": [ [ [ 78.7921, 19.6639 ], [ 78.7965, 19.6663 ], [ 78.8009, 19.6555 ], [ 78.8248, 19.6514 ], [ 78.8238, 19.6584 ], [ 78.8407, 19.6611 ], [ 78.8521, 19.6617 ], [ 78.852, 19.6583 ], [ 78.8681, 19.659 ], [ 78.8867, 19.6551 ], [ 78.8905, 19.6594 ], [ 78.8864, 19.6625 ], [ 78.896, 19.6645 ], [ 78.9023, 19.67 ], [ 78.9123, 19.669 ], [ 78.9205, 19.6665 ], [ 78.9197, 19.662 ], [ 78.9442, 19.6617 ], [ 78.9528, 19.6583 ], [ 78.9618, 19.6374 ], [ 78.9554, 19.6191 ], [ 78.9556, 19.6002 ], [ 78.9718, 19.59 ], [ 78.9728, 19.5824 ], [ 78.9525, 19.565 ], [ 78.9377, 19.5619 ], [ 78.9407, 19.5531 ], [ 78.9356, 19.5474 ], [ 78.9503, 19.5333 ], [ 78.9421, 19.5138 ], [ 78.9489, 19.5102 ], [ 78.9491, 19.5013 ], [ 78.9588, 19.5029 ], [ 78.9776, 19.4924 ], [ 78.9576, 19.4735 ], [ 78.9268, 19.4621 ], [ 78.9211, 19.4631 ], [ 78.9146, 19.4734 ], [ 78.9038, 19.4742 ], [ 78.8845, 19.4455 ], [ 78.853, 19.4472 ], [ 78.8413, 19.4339 ], [ 78.8447, 19.4235 ], [ 78.842, 19.4202 ], [ 78.8225, 19.4274 ], [ 78.8214, 19.4308 ], [ 78.8114, 19.4313 ], [ 78.8062, 19.45 ], [ 78.8072, 19.4632 ], [ 78.7809, 19.4695 ], [ 78.7803, 19.4878 ], [ 78.7746, 19.5044 ], [ 78.7686, 19.5023 ], [ 78.7609, 19.5052 ], [ 78.7572, 19.5132 ], [ 78.7681, 19.5261 ], [ 78.7629, 19.5391 ], [ 78.7576, 19.5426 ], [ 78.7575, 19.552 ], [ 78.7486, 19.5634 ], [ 78.7577, 19.5689 ], [ 78.7839, 19.5753 ], [ 78.7863, 19.5953 ], [ 78.7813, 19.6 ], [ 78.7817, 19.6067 ], [ 78.7916, 19.6052 ], [ 78.795, 19.6124 ], [ 78.7808, 19.6352 ], [ 78.7775, 19.6572 ], [ 78.7694, 19.6667 ], [ 78.7688, 19.6711 ], [ 78.7782, 19.6712 ], [ 78.7921, 19.6639 ] ] ] } },
{ "type": "Feature", "properties": { "unit_id": "IND.32.1.10_1", "name": "Sirpur", "district": "Kumuram Bheem", "did": "telangana:Kumuram Bheem", "state_key": "telangana" }, "geometry": { "type": "Polygon", "coordinates": [ [ [ 79.0408, 19.4171 ], [ 79.0502, 19.4158 ], [ 79.0473, 19.408 ], [ 79.0561, 19.3882 ], [ 79.056, 19.3662 ], [ 79.0656, 19.3463 ], [ 79.0823, 19.3336 ], [ 79.0776, 19.3266 ], [ 79.0901, 19.3109 ], [ 79.0866, 19.3026 ], [ 79.0919, 19.2946 ], [ 79.0835, 19.2903 ], [ 79.0743, 19.2482 ], [ 79.0581, 19.2332 ], [ 79.0542, 19.2206 ], [ 79.0578, 19.2086 ], [ 79.0158, 19.2138 ], [ 78.9986, 19.2204 ], [ 78.9977, 19.2318 ], [ 78.9909, 19.2359 ], [ 78.9788, 19.2299 ], [ 78.9713, 19.2319 ], [ 78.9664, 19.2448 ], [ 78.9507, 19.2537 ], [ 78.9417, 19.2522 ], [ 78.8939, 19.2901 ], [ 78.893, 19.2812 ], [ 78.8855, 19.2727 ], [ 78.8688, 19.2825 ], [ 78.8547, 19.2788 ], [ 78.8499, 19.2947 ], [ 78.8574, 19.3288 ], [ 78.8738, 19.3293 ], [ 78.8794, 19.3185 ], [ 78.8851, 19.3211 ], [ 78.8948, 19.3184 ], [ 78.9043, 19.3248 ], [ 78.9167, 19.3248 ], [ 78.9206, 19.3304 ], [ 78.915, 19.3412 ], [ 78.9144, 19.3568 ], [ 78.9398, 19.3497 ], [ 78.947, 19.3498 ], [ 78.951, 19.3565 ], [ 78.9566, 19.3565 ], [ 78.9566, 19.3714 ], [ 78.9624, 19.3695 ], [ 78.9628, 19.3745 ], [ 78.955, 19.3787 ], [ 78.9569, 19.3952 ], [ 78.9666, 19.4022 ], [ 78.9756, 19.3917 ], [ 78.9814, 19.3913 ], [ 78.994, 19.3978 ], [ 79.001, 19.4138 ], [ 79.0386, 19.4223 ], [ 79.0408, 19.4171 ] ] ] } },
{ "type": "Feature", "properties": { "unit_id": "IND.32.1.10_1", "name": "Jainur", "district": "Kumuram Bheem", "did": "telangana:Kumuram Bheem", "state_key": "telangana" }, "geometry": { "type": "Polygon", "coordinates": [ [ [ 79.0213, 19.453 ], [ 79.0148, 19.4409 ], [ 79.0157, 19.4323 ], [ 79.0288, 19.4272 ], [ 79.0309, 19.422 ], [ 79.001, 19.4138 ], [ 78.994, 19.3978 ], [ 78.9814, 19.3913 ], [ 78.9756, 19.3917 ], [ 78.9666, 19.4022 ], [ 78.9569, 19.3952 ], [ 78.955, 19.3787 ], [ 78.9628, 19.3745 ], [ 78.9624, 19.3695 ], [ 78.9566, 19.3714 ], [ 78.9566, 19.3565 ], [ 78.951, 19.3565 ], [ 78.947, 19.3498 ], [ 78.9398, 19.3497 ], [ 78.9144, 19.3568 ], [ 78.915, 19.3412 ], [ 78.9206, 19.3304 ], [ 78.9167, 19.3248 ], [ 78.9043, 19.3248 ], [ 78.8948, 19.3184 ], [ 78.8851, 19.3211 ], [ 78.8794, 19.3185 ], [ 78.8738, 19.3293 ], [ 78.8576, 19.3288 ], [ 78.8541, 19.3685 ], [ 78.8248, 19.3746 ], [ 78.809, 19.3832 ], [ 78.812, 19.3885 ], [ 78.8202, 19.387 ], [ 78.8294, 19.4094 ], [ 78.8444, 19.4223 ], [ 78.8412, 19.4331 ], [ 78.8454, 19.4398 ], [ 78.855, 19.448 ], [ 78.8654, 19.4445 ], [ 78.8845, 19.4455 ], [ 78.9058, 19.4749 ], [ 78.9146, 19.4734 ], [ 78.9211, 19.4631 ], [ 78.9268, 19.4621 ], [ 78.9576, 19.4735 ], [ 78.9776, 19.4924 ], [ 79.0097, 19.4741 ], [ 79.0213, 19.453 ] ] ] } },
{ "type": "Feature", "properties": { "unit_id": "IND.32.1.2_1", "name": "Kerameri", "district": "Kumuram Bheem", "did": "telangana:Kumuram Bheem", "state_key": "telangana" }, "geometry": { "type": "Polygon", "coordinates": [ [ [ 78.9977, 19.5491 ], [ 78.998, 19.5401 ], [ 79.024, 19.5418 ], [ 79.046, 19.5483 ], [ 79.0769, 19.5324 ], [ 79.098, 19.532 ], [ 79.1054, 19.5224 ], [ 79.1143, 19.5198 ], [ 79.1209, 19.512 ], [ 79.1331, 19.5078 ], [ 79.1386, 19.5005 ], [ 79.1614, 19.4883 ], [ 79.1675, 19.4728 ], [ 79.1801, 19.4619 ], [ 79.1909, 19.4589 ], [ 79.2157, 19.4646 ], [ 79.2242, 19.459 ], [ 79.2206, 19.4557 ], [ 79.2231, 19.452 ], [ 79.2355, 19.4504 ], [ 79.2254, 19.4448 ], [ 79.218, 19.4482 ], [ 79.2155, 19.4464 ], [ 79.2079, 19.4311 ], [ 79.2096, 19.4227 ], [ 79.2052, 19.4077 ], [ 79.1937, 19.3931 ], [ 79.1838, 19.3926 ], [ 79.1748, 19.4021 ], [ 79.1793, 19.4093 ], [ 79.1764, 19.4129 ], [ 79.1778, 19.4243 ], [ 79.1687, 19.4307 ], [ 79.1625, 19.419 ], [ 79.1666, 19.4019 ], [ 79.1615, 19.3935 ], [ 79.1579, 19.3535 ], [ 79.1381, 19.3561 ], [ 79.1249, 19.348 ], [ 79.1099, 19.3539 ], [ 79.1153, 19.3364 ], [ 79.1003, 19.35 ], [ 79.0728, 19.3389 ], [ 79.0664, 19.3452 ], [ 79.0556, 19.3674 ], [ 79.0561, 19.3882 ], [ 79.0473, 19.408 ], [ 79.0502, 19.4158 ], [ 79.0408, 19.4171 ], [ 79.0395, 19.4219 ], [ 79.0315, 19.422 ], [ 79.0288, 19.4272 ], [ 79.0162, 19.4313 ], [ 79.0148, 19.4409 ], [ 79.0213, 19.453 ], [ 79.0088, 19.4753 ], [ 78.9588, 19.5029 ], [ 78.9491, 19.5013 ], [ 78.9489, 19.5102 ], [ 78.9421, 19.5138 ], [ 78.9503, 19.5333 ], [ 78.9354, 19.5499 ], [ 78.9742, 19.5494 ], [ 78.9818, 19.5605 ], [ 78.9977, 19.5491 ] ] ] } },
{ "type": "Feature", "properties": { "unit_id": "IND.32.1.6_1", "name": "Jannaram", "district": "Mancherial", "did": "telangana:Mancherial", "state_key": "telangana" }, "geometry": { "type": "Polygon", "coordinates": [ [ [ 78.9682, 19.2336 ], [ 78.9788, 19.2299 ], [ 78.9842, 19.2349 ], [ 78.9938, 19.2348 ], [ 78.9981, 19.2311 ], [ 78.9986, 19.2204 ], [ 79.0077, 19.2167 ], [ 79.0578, 19.2086 ], [ 79.07, 19.1873 ], [ 79.0834, 19.1788 ], [ 79.0928, 19.1787 ], [ 79.1038, 19.1704 ], [ 79.1067, 19.1621 ], [ 79.1205, 19.1481 ], [ 79.1245, 19.1369 ], [ 79.1365, 19.1284 ], [ 79.1351, 19.1114 ], [ 79.1411, 19.1114 ], [ 79.1408, 19.1041 ], [ 79.1487, 19.0944 ], [ 79.1279, 19.0725 ], [ 79.1134, 19.071 ], [ 79.1106, 19.0599 ], [ 79.1012, 19.0531 ], [ 79.1045, 19.0337 ], [ 79.0932, 19.0288 ], [ 79.087, 19.0192 ], [ 79.0712, 19.045 ], [ 79.037, 19.0628 ], [ 79.0228, 19.0753 ], [ 78.9881, 19.0719 ], [ 78.9633, 19.0777 ], [ 78.9532, 19.0771 ], [ 78.9475, 19.0727 ], [ 78.9408, 19.0807 ], [ 78.9385, 19.1002 ], [ 78.9412, 19.1085 ], [ 78.9307, 19.1184 ], [ 78.9237, 19.1139 ], [ 78.9135, 19.1163 ], [ 78.9211, 19.1063 ], [ 78.9121, 19.1042 ], [ 78.9029, 19.0938 ], [ 78.8803, 19.1133 ], [ 78.888, 19.1312 ], [ 78.8831, 19.1555 ], [ 78.8776, 19.1602 ], [ 78.9026, 19.1778 ], [ 78.92, 19.1824 ], [ 78.9179, 19.2014 ], [ 78.9353, 19.2164 ], [ 78.9387, 19.2325 ], [ 78.9532, 19.2497 ], [ 78.9644, 19.2455 ], [ 78.9682, 19.2336 ] ] ] } },
{ "type": "Feature", "properties": { "unit_id": "IND.32.3.2_1", "name": "Dharmapuri", "district": "Jagtial", "did": "telangana:Jagtial", "state_key": "telangana" }, "geometry": { "type": "Polygon", "coordinates": [ [ [ 79.0659, 19.0495 ], [ 79.0812, 19.032 ], [ 79.0906, 19.0102 ], [ 79.0922, 18.9891 ], [ 79.1041, 18.968 ], [ 79.1068, 18.9468 ], [ 79.1524, 18.9041 ], [ 79.1788, 18.8713 ], [ 79.1878, 18.8667 ], [ 79.1861, 18.8527 ], [ 79.1537, 18.8548 ], [ 79.1437, 18.8488 ], [ 79.1395, 18.8356 ], [ 79.1342, 18.8544 ], [ 79.1233, 18.8558 ], [ 79.1158, 18.8467 ], [ 79.1034, 18.8473 ], [ 79.099, 18.8531 ], [ 79.086, 18.8558 ], [ 79.086, 18.8468 ], [ 79.0742, 18.8353 ], [ 79.0487, 18.8454 ], [ 79.0388, 18.8389 ], [ 79.0302, 18.8447 ], [ 79.0165, 18.8474 ], [ 79.0257, 18.8681 ], [ 79.0132, 18.8813 ], [ 79.0103, 18.8957 ], [ 78.9922, 18.9072 ], [ 78.995, 18.919 ], [ 79.0109, 18.9319 ], [ 79.0093, 18.9692 ], [ 79.019, 18.9965 ], [ 79.0171, 19.0 ], [ 79.0046, 19.0004 ], [ 79.0175, 19.0186 ], [ 79.0182, 19.0313 ], [ 79.0144, 19.0327 ], [ 79.0205, 19.0448 ], [ 79.0059, 19.0495 ], [ 79.0156, 19.0696 ], [ 79.0209, 19.0697 ], [ 79.0248, 19.0743 ], [ 79.0452, 19.0588 ], [ 79.0659, 19.0495 ] ] ] } },
{ "type": "Feature", "properties": { "unit_id": "IND.32.3.2_1", "name": "Sarangapur", "district": "Jagtial", "did": "telangana:Jagtial", "state_key": "telangana" }, "geometry": { "type": "Polygon", "coordinates": [ [ [ 78.9881, 19.0719 ], [ 79.0248, 19.0743 ], [ 79.0209, 19.0697 ], [ 79.0156, 19.0696 ], [ 79.0059, 19.0495 ], [ 79.0205, 19.0448 ], [ 79.0144, 19.0327 ], [ 79.0182, 19.0313 ], [ 79.0175, 19.0186 ], [ 79.0046, 19.0004 ], [ 79.0171, 19.0 ], [ 79.019, 18.9965 ], [ 79.0093, 18.9692 ], [ 79.0109, 18.9319 ], [ 78.995, 18.919 ], [ 78.9922, 18.9072 ], [ 78.9667, 18.896 ], [ 78.9722, 18.864 ], [ 78.9581, 18.8435 ], [ 78.9489, 18.855 ], [ 78.9278, 18.8467 ], [ 78.9069, 18.8501 ], [ 78.9064, 18.8653 ], [ 78.8991, 18.8691 ], [ 78.8965, 18.8781 ], [ 78.8872, 18.8881 ], [ 78.8967, 18.912 ], [ 78.8944, 18.9304 ], [ 78.9057, 18.9633 ], [ 78.9177, 18.9854 ], [ 78.9262, 18.9928 ], [ 78.9376, 18.9949 ], [ 78.9396, 19.0031 ], [ 78.8896, 19.0116 ], [ 78.8884, 19.0417 ], [ 78.9139, 19.0307 ], [ 78.9314, 19.0571 ], [ 78.9512, 19.0761 ], [ 78.9724, 19.0763 ], [ 78.9881, 19.0719 ] ] ] } },
{ "type": "Feature", "properties": { "unit_id": "IND.32.3.5_1", "name": "Mallapur", "district": "Jagtial", "did": "telangana:Jagtial", "state_key": "telangana" }, "geometry": { "type": "Polygon", "coordinates": [ [ [ 78.8116, 19.0188 ], [ 78.8082, 19.0095 ], [ 78.7938, 18.9971 ], [ 78.7923, 18.951 ], [ 78.7817, 18.9463 ], [ 78.7674, 18.9308 ], [ 78.7372, 18.9341 ], [ 78.7314, 18.9199 ], [ 78.7387, 18.9076 ], [ 78.7638, 18.9003 ], [ 78.765, 18.8946 ], [ 78.7487, 18.8895 ], [ 78.7349, 18.8792 ], [ 78.7281, 18.8848 ], [ 78.6856, 18.8814 ], [ 78.6662, 18.8723 ], [ 78.6453, 18.8905 ], [ 78.6376, 18.9097 ], [ 78.6421, 18.9525 ], [ 78.6319, 18.9629 ], [ 78.6367, 18.9782 ], [ 78.6602, 19.0008 ], [ 78.6648, 19.0138 ], [ 78.6863, 19.03 ], [ 78.7009, 19.0359 ], [ 78.7402, 19.0169 ], [ 78.7623, 19.0113 ], [ 78.7701, 19.0143 ], [ 78.7708, 19.0297 ], [ 78.7788, 19.0377 ], [ 78.7985, 19.0481 ], [ 78.8155, 19.0492 ], [ 78.8116, 19.0188 ] ] ] } },
{ "type": "Feature", "properties": { "unit_id": "IND.32.3.2_1", "name": "Raikal", "district": "Jagtial", "did": "telangana:Jagtial", "state_key": "telangana" }, "geometry": { "type": "Polygon", "coordinates": [ [ [ 78.8739, 19.0558 ], [ 78.8898, 19.0432 ], [ 78.8896, 19.0116 ], [ 78.9396, 19.0031 ], [ 78.9376, 18.9949 ], [ 78.9262, 18.9928 ], [ 78.9177, 18.9854 ], [ 78.8944, 18.9304 ], [ 78.8967, 18.912 ], [ 78.887, 18.8889 ], [ 78.9086, 18.8599 ], [ 78.8981, 18.8589 ], [ 78.8722, 18.8357 ], [ 78.8492, 18.8441 ], [ 78.8542, 18.8537 ], [ 78.8495, 18.8741 ], [ 78.8432, 18.8759 ], [ 78.8431, 18.8867 ], [ 78.8271, 18.8936 ], [ 78.8273, 18.8888 ], [ 78.8165, 18.878 ], [ 78.8111, 18.8643 ], [ 78.8057, 18.8625 ], [ 78.8083, 18.8586 ], [ 78.8011, 18.8486 ], [ 78.7954, 18.8516 ], [ 78.7956, 18.8666 ], [ 78.7901, 18.8708 ], [ 78.7874, 18.8884 ], [ 78.7831, 18.8934 ], [ 78.7731, 18.8949 ], [ 78.7719, 18.9001 ], [ 78.7683, 18.8967 ], [ 78.7583, 18.9025 ], [ 78.7412, 18.9062 ], [ 78.7314, 18.9174 ], [ 78.7372, 18.9341 ], [ 78.7674, 18.9308 ], [ 78.7817, 18.9463 ], [ 78.7923, 18.951 ], [ 78.7938, 18.9971 ], [ 78.8096, 19.012 ], [ 78.8155, 19.0492 ], [ 78.8217, 19.0494 ], [ 78.8361, 19.0687 ], [ 78.8448, 19.0703 ], [ 78.8622, 19.059 ], [ 78.8739, 19.0558 ] ] ] } },
{ "type": "Feature", "properties": { "unit_id": "IND.32.3.5_1", "name": "Korutla", "district": "Jagtial", "did": "telangana:Jagtial", "state_key": "telangana" }, "geometry": { "type": "Polygon", "coordinates": [ [ [ 78.7731, 18.8949 ], [ 78.7831, 18.8934 ], [ 78.7874, 18.8884 ], [ 78.7901, 18.8708 ], [ 78.7956, 18.8666 ], [ 78.7954, 18.8516 ], [ 78.8011, 18.8486 ], [ 78.7975, 18.8446 ], [ 78.7968, 18.8215 ], [ 78.8059, 18.817 ], [ 78.7936, 18.798 ], [ 78.7794, 18.804 ], [ 78.7487, 18.7902 ], [ 78.7411, 18.7821 ], [ 78.7135, 18.7787 ], [ 78.7044, 18.7806 ], [ 78.7023, 18.7893 ], [ 78.6835, 18.7881 ], [ 78.639, 18.7976 ], [ 78.6518, 18.8203 ], [ 78.6584, 18.8204 ], [ 78.6713, 18.8114 ], [ 78.6788, 18.8123 ], [ 78.6807, 18.8157 ], [ 78.6752, 18.8509 ], [ 78.6663, 18.8565 ], [ 78.6667, 18.8682 ], [ 78.672, 18.8774 ], [ 78.6856, 18.8814 ], [ 78.7253, 18.8848 ], [ 78.7349, 18.8792 ], [ 78.7487, 18.8895 ], [ 78.7726, 18.8998 ], [ 78.7731, 18.8949 ] ] ] } },
{ "type": "Feature", "properties": { "unit_id": "IND.32.3.5_1", "name": "Maidpalli", "district": "Jagtial", "did": "telangana:Jagtial", "state_key": "telangana" }, "geometry": { "type": "Polygon", "coordinates": [ [ [ 78.8495, 18.8741 ], [ 78.8542, 18.8537 ], [ 78.8489, 18.8439 ], [ 78.8381, 18.8423 ], [ 78.8311, 18.8002 ], [ 78.8429, 18.7787 ], [ 78.8529, 18.7756 ], [ 78.8383, 18.7438 ], [ 78.8411, 18.7375 ], [ 78.8328, 18.7326 ], [ 78.8311, 18.7256 ], [ 78.8363, 18.7173 ], [ 78.8511, 18.708 ], [ 78.8424, 18.7028 ], [ 78.8443, 18.6903 ], [ 78.849, 18.6863 ], [ 78.8471, 18.6819 ], [ 78.8234, 18.6857 ], [ 78.8088, 18.68 ], [ 78.8093, 18.6648 ], [ 78.7849, 18.6335 ], [ 78.7916, 18.6208 ], [ 78.7605, 18.6189 ], [ 78.7501, 18.6401 ], [ 78.752, 18.6582 ], [ 78.7437, 18.6617 ], [ 78.7498, 18.6809 ], [ 78.7478, 18.6996 ], [ 78.7307, 18.7074 ], [ 78.7415, 18.7225 ], [ 78.7317, 18.7322 ], [ 78.7338, 18.7448 ], [ 78.7304, 18.7536 ], [ 78.7451, 18.7486 ], [ 78.7578, 18.7477 ], [ 78.7618, 18.751 ], [ 78.757, 18.7644 ], [ 78.7636, 18.7764 ], [ 78.7507, 18.7763 ], [ 78.7411, 18.7821 ], [ 78.7487, 18.7902 ], [ 78.7794, 18.804 ], [ 78.7936, 18.798 ], [ 78.8059, 18.817 ], [ 78.7968, 18.8215 ], [ 78.7975, 18.8446 ], [ 78.8083, 18.8586 ], [ 78.8057, 18.8625 ], [ 78.8111, 18.8643 ], [ 78.8165, 18.878 ], [ 78.8273, 18.8888 ], [ 78.8271, 18.8936 ], [ 78.8442, 18.8859 ], [ 78.8436, 18.8749 ], [ 78.8495, 18.8741 ] ] ] } },
{ "type": "Feature", "properties": { "unit_id": "IND.32.3.5_1", "name": "Kathkapur", "district": "Jagtial", "did": "telangana:Jagtial", "state_key": "telangana" }, "geometry": { "type": "Polygon", "coordinates": [ [ [ 78.7023, 18.7893 ], [ 78.7044, 18.7806 ], [ 78.7135, 18.7787 ], [ 78.7411, 18.7821 ], [ 78.7507, 18.7763 ], [ 78.7636, 18.7764 ], [ 78.757, 18.7644 ], [ 78.7618, 18.751 ], [ 78.7584, 18.7481 ], [ 78.7436, 18.7488 ], [ 78.7314, 18.7545 ], [ 78.7299, 18.7509 ], [ 78.7336, 18.7463 ], [ 78.7317, 18.7322 ], [ 78.7415, 18.7225 ], [ 78.7307, 18.7074 ], [ 78.7478, 18.6996 ], [ 78.7498, 18.6809 ], [ 78.7437, 18.6617 ], [ 78.752, 18.6582 ], [ 78.75, 18.6408 ], [ 78.7545, 18.6305 ], [ 78.7306, 18.6304 ], [ 78.7061, 18.6411 ], [ 78.6967, 18.6418 ], [ 78.6901, 18.6329 ], [ 78.6846, 18.6344 ], [ 78.6699, 18.6233 ], [ 78.6643, 18.6335 ], [ 78.6528, 18.6387 ], [ 78.6379, 18.6722 ], [ 78.6328, 18.674 ], [ 78.641, 18.714 ], [ 78.6336, 18.7296 ], [ 78.6414, 18.745 ], [ 78.6374, 18.7532 ], [ 78.6203, 18.7637 ], [ 78.6243, 18.7623 ], [ 78.6292, 18.7675 ], [ 78.6392, 18.7678 ], [ 78.6447, 18.7929 ], [ 78.6494, 18.7969 ], [ 78.6835, 18.7881 ], [ 78.7023, 18.7893 ] ] ] } },
{ "type": "Feature", "properties": { "unit_id": "IND.32.3.2_1", "name": "Kodmial", "district": "Jagtial", "did": "telangana:Jagtial", "state_key": "telangana" }, "geometry": { "type": "Polygon", "coordinates": [ [ [ 78.8773, 18.6835 ], [ 78.8804, 18.6806 ], [ 78.907, 18.6814 ], [ 78.9508, 18.6492 ], [ 78.9704, 18.6472 ], [ 78.9773, 18.6498 ], [ 78.983, 18.6602 ], [ 78.9884, 18.65 ], [ 78.9808, 18.6434 ], [ 78.9677, 18.609 ], [ 78.975, 18.5959 ], [ 78.981, 18.5959 ], [ 78.983, 18.5835 ], [ 78.9895, 18.5762 ], [ 78.9832, 18.5685 ], [ 78.9677, 18.5775 ], [ 78.9571, 18.5767 ], [ 78.9392, 18.5838 ], [ 78.9288, 18.5662 ], [ 78.9163, 18.5753 ], [ 78.9125, 18.5723 ], [ 78.9028, 18.55 ], [ 78.8971, 18.5593 ], [ 78.9015, 18.5777 ], [ 78.8933, 18.5971 ], [ 78.8861, 18.5966 ], [ 78.8737, 18.5867 ], [ 78.8628, 18.5925 ], [ 78.8552, 18.5874 ], [ 78.834, 18.5949 ], [ 78.8246, 18.6047 ], [ 78.8124, 18.6046 ], [ 78.8006, 18.6122 ], [ 78.7849, 18.6335 ], [ 78.8093, 18.6648 ], [ 78.8088, 18.68 ], [ 78.8234, 18.6857 ], [ 78.8639, 18.6812 ], [ 78.8773, 18.6835 ] ] ] } },
{ "type": "Feature", "properties": { "unit_id": "IND.32.3.2_1", "name": "Mallial", "district": "Jagtial", "did": "telangana:Jagtial", "state_key": "telangana" }, "geometry": { "type": "Polygon", "coordinates": [ [ [ 78.8805, 18.7498 ], [ 78.901, 18.7653 ], [ 78.9125, 18.7552 ], [ 78.9081, 18.7495 ], [ 78.9113, 18.7479 ], [ 78.9123, 18.7352 ], [ 78.9225, 18.7281 ], [ 78.9338, 18.726 ], [ 78.9549, 18.7467 ], [ 78.9532, 18.7646 ], [ 78.9723, 18.7447 ], [ 78.9909, 18.7461 ], [ 79.0033, 18.7551 ], [ 79.0126, 18.768 ], [ 79.0186, 18.7534 ], [ 79.0329, 18.7539 ], [ 79.036, 18.7492 ], [ 79.011, 18.732 ], [ 79.004, 18.7021 ], [ 79.0066, 18.6779 ], [ 78.9987, 18.6729 ], [ 78.9931, 18.675 ], [ 78.9892, 18.6728 ], [ 78.9773, 18.6498 ], [ 78.9704, 18.6472 ], [ 78.944, 18.6525 ], [ 78.9158, 18.6775 ], [ 78.907, 18.6814 ], [ 78.8471, 18.6819 ], [ 78.849, 18.6863 ], [ 78.8443, 18.6903 ], [ 78.8424, 18.7028 ], [ 78.8511, 18.708 ], [ 78.8363, 18.7173 ], [ 78.8311, 18.7256 ], [ 78.8328, 18.7326 ], [ 78.8411, 18.7375 ], [ 78.8383, 18.7438 ], [ 78.8529, 18.7756 ], [ 78.8696, 18.7612 ], [ 78.8678, 18.7508 ], [ 78.8776, 18.7403 ], [ 78.8805, 18.7498 ] ] ] } },
{ "type": "Feature", "properties": { "unit_id": "IND.32.3.2_1", "name": "Jagtial", "district": "Jagtial", "did": "telangana:Jagtial", "state_key": "telangana" }, "geometry": { "type": "Polygon", "coordinates": [ [ [ 79.0103, 18.8305 ], [ 78.9991, 18.8231 ], [ 79.0031, 18.8045 ], [ 78.9991, 18.7974 ], [ 78.9906, 18.7929 ], [ 78.9895, 18.7732 ], [ 78.9525, 18.7644 ], [ 78.9549, 18.7467 ], [ 78.9338, 18.726 ], [ 78.9225, 18.7281 ], [ 78.9123, 18.7352 ], [ 78.9113, 18.7479 ], [ 78.9081, 18.7495 ], [ 78.9125, 18.7552 ], [ 78.9019, 18.7651 ], [ 78.8805, 18.7498 ], [ 78.8776, 18.7403 ], [ 78.8678, 18.7508 ], [ 78.8696, 18.7612 ], [ 78.8547, 18.7745 ], [ 78.8429, 18.7787 ], [ 78.8316, 18.7964 ], [ 78.8381, 18.8423 ], [ 78.8492, 18.8441 ], [ 78.8722, 18.8357 ], [ 78.8927, 18.8549 ], [ 78.9033, 18.8593 ], [ 78.9075, 18.8592 ], [ 78.9069, 18.8501 ], [ 78.9251, 18.8468 ], [ 78.9501, 18.8549 ], [ 78.9537, 18.8527 ], [ 78.9532, 18.8459 ], [ 78.9581, 18.8435 ], [ 78.9722, 18.864 ], [ 78.9667, 18.896 ], [ 78.9903, 18.9068 ], [ 79.0103, 18.8957 ], [ 79.0132, 18.8813 ], [ 79.0257, 18.8681 ], [ 79.0135, 18.829 ], [ 79.0103, 18.8305 ] ] ] } },
{ "type": "Feature", "properties": { "unit_id": "IND.32.3.2_1", "name": "Gollapaali", "district": "Jagtial", "did": "telangana:Jagtial", "state_key": "telangana" }, "geometry": { "type": "Polygon", "coordinates": [ [ [ 79.1158, 18.8467 ], [ 79.1233, 18.8558 ], [ 79.1342, 18.8544 ], [ 79.1395, 18.8356 ], [ 79.1344, 18.8296 ], [ 79.1341, 18.8121 ], [ 79.1536, 18.8084 ], [ 79.1514, 18.7968 ], [ 79.1371, 18.7877 ], [ 79.1261, 18.7508 ], [ 79.1044, 18.7592 ], [ 79.1058, 18.774 ], [ 79.0948, 18.7803 ], [ 79.0813, 18.7825 ], [ 79.0803, 18.7764 ], [ 79.0697, 18.7656 ], [ 79.0712, 18.7493 ], [ 79.0631, 18.7421 ], [ 79.056, 18.7474 ], [ 79.0409, 18.7466 ], [ 79.0329, 18.7539 ], [ 79.0195, 18.7528 ], [ 79.0126, 18.768 ], [ 79.0033, 18.7551 ], [ 78.9909, 18.7461 ], [ 78.9723, 18.7447 ], [ 78.956, 18.7636 ], [ 78.9634, 18.7683 ], [ 78.9895, 18.7732 ], [ 78.9906, 18.7929 ], [ 78.9991, 18.7974 ], [ 79.0031, 18.8045 ], [ 78.9991, 18.8231 ], [ 79.0103, 18.8305 ], [ 79.0135, 18.829 ], [ 79.0165, 18.8474 ], [ 79.0302, 18.8447 ], [ 79.0388, 18.8389 ], [ 79.0487, 18.8454 ], [ 79.0742, 18.8353 ], [ 79.086, 18.8468 ], [ 79.086, 18.8558 ], [ 79.099, 18.8531 ], [ 79.1027, 18.8476 ], [ 79.1158, 18.8467 ] ] ] } },
{ "type": "Feature", "properties": { "unit_id": "IND.32.3.2_1", "name": "Pegadapalli", "district": "Jagtial", "did": "telangana:Jagtial", "state_key": "telangana" }, "geometry": { "type": "Polygon", "coordinates": [ [ [ 79.1312, 18.7345 ], [ 79.1384, 18.7333 ], [ 79.1422, 18.7254 ], [ 79.1301, 18.7089 ], [ 79.1215, 18.7109 ], [ 79.1155, 18.7071 ], [ 79.1122, 18.7103 ], [ 79.1254, 18.6862 ], [ 79.1159, 18.6592 ], [ 79.1125, 18.6584 ], [ 79.1067, 18.6637 ], [ 79.1037, 18.65 ], [ 79.0972, 18.6484 ], [ 79.0952, 18.6518 ], [ 79.0863, 18.6459 ], [ 79.0772, 18.6517 ], [ 79.0646, 18.6538 ], [ 79.0607, 18.6661 ], [ 79.0479, 18.646 ], [ 79.0359, 18.6446 ], [ 79.0363, 18.6511 ], [ 79.0179, 18.6541 ], [ 79.0155, 18.6679 ], [ 79.0058, 18.6805 ], [ 79.004, 18.7021 ], [ 79.011, 18.732 ], [ 79.036, 18.7492 ], [ 79.0445, 18.7456 ], [ 79.0598, 18.7465 ], [ 79.0631, 18.7421 ], [ 79.0688, 18.7449 ], [ 79.0697, 18.7656 ], [ 79.0803, 18.7764 ], [ 79.0813, 18.7825 ], [ 79.0948, 18.7803 ], [ 79.1058, 18.774 ], [ 79.1044, 18.7592 ], [ 79.1261, 18.7508 ], [ 79.1326, 18.7444 ], [ 79.1312, 18.7345 ] ] ] } },
{ "type": "Feature", "properties": { "unit_id": "IND.32.3.3_1", "name": "Ramadugu", "district": "Karimnagar", "did": "telangana:Karimnagar", "state_key": "telangana" }, "geometry": { "type": "Polygon", "coordinates": [ [ [ 79.1177, 18.6516 ], [ 79.1113, 18.6458 ], [ 79.1106, 18.6227 ], [ 79.1152, 18.6206 ], [ 79.1152, 18.6132 ], [ 79.1297, 18.6032 ], [ 79.0997, 18.5943 ], [ 79.1029, 18.5887 ], [ 79.1013, 18.5787 ], [ 79.107, 18.5713 ], [ 79.1029, 18.5476 ], [ 79.1091, 18.538 ], [ 79.105, 18.5288 ], [ 79.1216, 18.525 ], [ 79.1249, 18.5123 ], [ 79.1148, 18.4897 ], [ 79.1065, 18.5009 ], [ 79.0823, 18.5148 ], [ 79.0707, 18.5023 ], [ 79.0703, 18.4797 ], [ 79.0652, 18.4806 ], [ 79.0521, 18.4697 ], [ 79.0472, 18.4696 ], [ 79.0347, 18.4811 ], [ 79.0361, 18.5023 ], [ 79.0415, 18.513 ], [ 79.0224, 18.5221 ], [ 79.0254, 18.5445 ], [ 79.0379, 18.5624 ], [ 79.0264, 18.5672 ], [ 79.0279, 18.5839 ], [ 79.0288, 18.5867 ], [ 79.0385, 18.5877 ], [ 79.043, 18.5961 ], [ 79.036, 18.6303 ], [ 79.0385, 18.6369 ], [ 79.0592, 18.6395 ], [ 79.0665, 18.6186 ], [ 79.0758, 18.6174 ], [ 79.0806, 18.6205 ], [ 79.0919, 18.6508 ], [ 79.1032, 18.6495 ], [ 79.1067, 18.6637 ], [ 79.1159, 18.6592 ], [ 79.1177, 18.6516 ] ] ] } },
{ "type": "Feature", "properties": { "unit_id": "IND.32.3.3_1", "name": "Gangadhara", "district": "Karimnagar", "did": "telangana:Karimnagar", "state_key": "telangana" }, "geometry": { "type": "Polygon", "coordinates": [ [ [ 79.0179, 18.6541 ], [ 79.0363, 18.6511 ], [ 79.0359, 18.6446 ], [ 79.0498, 18.6472 ], [ 79.0607, 18.6661 ], [ 79.0646, 18.6538 ], [ 79.0892, 18.6468 ], [ 79.0884, 18.6421 ], [ 79.0806, 18.6205 ], [ 79.0758, 18.6174 ], [ 79.0665, 18.6186 ], [ 79.0592, 18.6395 ], [ 79.0385, 18.6369 ], [ 79.036, 18.6303 ], [ 79.043, 18.5961 ], [ 79.0385, 18.5877 ], [ 79.0288, 18.5867 ], [ 79.0279, 18.5839 ], [ 79.0264, 18.5672 ], [ 79.0379, 18.5624 ], [ 79.0254, 18.5445 ], [ 79.0224, 18.5221 ], [ 79.0415, 18.513 ], [ 79.0361, 18.5023 ], [ 79.0347, 18.4811 ], [ 79.0169, 18.4747 ], [ 79.0059, 18.4797 ], [ 79.0025, 18.4716 ], [ 78.9864, 18.4685 ], [ 78.9874, 18.462 ], [ 78.9576, 18.4526 ], [ 78.948, 18.4438 ], [ 78.9357, 18.4643 ], [ 78.923, 18.4745 ], [ 78.923, 18.4788 ], [ 78.9286, 18.4913 ], [ 78.9468, 18.4995 ], [ 78.954, 18.513 ], [ 78.9607, 18.5362 ], [ 78.9562, 18.5482 ], [ 78.949, 18.5539 ], [ 78.9571, 18.5767 ], [ 78.9677, 18.5775 ], [ 78.9832, 18.5685 ], [ 78.9894, 18.5739 ], [ 78.983, 18.5835 ], [ 78.981, 18.5959 ], [ 78.975, 18.5959 ], [ 78.9677, 18.609 ], [ 78.9808, 18.6434 ], [ 78.9884, 18.65 ], [ 78.9832, 18.6644 ], [ 78.9925, 18.6749 ], [ 78.9987, 18.6729 ], [ 79.0043, 18.6783 ], [ 79.0129, 18.6732 ], [ 79.0179, 18.6541 ] ] ] } },
{ "type": "Feature", "properties": { "unit_id": "IND.32.3.6_1", "name": "Boinpalli", "district": "Ranjanna Sircilla", "did": "telangana:Ranjanna Sircilla", "state_key": "telangana" }, "geometry": { "type": "Polygon", "coordinates": [ [ [ 78.949, 18.5539 ], [ 78.9562, 18.5482 ], [ 78.9608, 18.5357 ], [ 78.9468, 18.4995 ], [ 78.9286, 18.4913 ], [ 78.9225, 18.4763 ], [ 78.9357, 18.4643 ], [ 78.948, 18.4438 ], [ 78.9576, 18.4526 ], [ 78.9874, 18.462 ], [ 78.9915, 18.4409 ], [ 78.9783, 18.442 ], [ 78.9741, 18.4274 ], [ 78.9782, 18.4202 ], [ 78.9894, 18.4174 ], [ 78.9971, 18.3999 ], [ 78.9678, 18.3914 ], [ 78.9383, 18.3984 ], [ 78.9281, 18.4086 ], [ 78.9182, 18.4258 ], [ 78.9095, 18.4313 ], [ 78.9168, 18.4443 ], [ 78.909, 18.4567 ], [ 78.894, 18.4627 ], [ 78.8913, 18.4754 ], [ 78.8946, 18.4853 ], [ 78.8914, 18.4862 ], [ 78.892, 18.4939 ], [ 78.908, 18.5277 ], [ 78.8965, 18.5384 ], [ 78.9108, 18.5701 ], [ 78.9163, 18.5753 ], [ 78.9288, 18.5662 ], [ 78.9388, 18.5837 ], [ 78.9571, 18.5767 ], [ 78.949, 18.5539 ] ] ] } },
{ "type": "Feature", "properties": { "unit_id": "IND.32.3.3_1", "name": "Karimnagar", "district": "Karimnagar", "did": "telangana:Karimnagar", "state_key": "telangana" }, "geometry": { "type": "Polygon", "coordinates": [ [ [ 79.1953, 18.5337 ], [ 79.2155, 18.5347 ], [ 79.2213, 18.5279 ], [ 79.2155, 18.516 ], [ 79.2199, 18.5085 ], [ 79.2158, 18.4913 ], [ 79.2289, 18.4569 ], [ 79.2366, 18.4476 ], [ 79.1843, 18.4292 ], [ 79.1639, 18.4257 ], [ 79.1266, 18.3966 ], [ 79.1196, 18.3966 ], [ 79.109, 18.4036 ], [ 79.0934, 18.4069 ], [ 79.0755, 18.4247 ], [ 79.0551, 18.4182 ], [ 79.0314, 18.4012 ], [ 78.9971, 18.3999 ], [ 78.9894, 18.4174 ], [ 78.9782, 18.4202 ], [ 78.9741, 18.4274 ], [ 78.9783, 18.442 ], [ 78.9915, 18.4409 ], [ 78.9864, 18.4685 ], [ 79.0025, 18.4716 ], [ 79.0059, 18.4797 ], [ 79.0169, 18.4747 ], [ 79.0347, 18.4811 ], [ 79.0463, 18.4701 ], [ 79.0521, 18.4697 ], [ 79.0652, 18.4806 ], [ 79.0707, 18.4801 ], [ 79.0707, 18.5023 ], [ 79.0823, 18.5148 ], [ 79.1065, 18.5009 ], [ 79.1148, 18.4897 ], [ 79.1252, 18.5134 ], [ 79.1216, 18.525 ], [ 79.1273, 18.5287 ], [ 79.1588, 18.5185 ], [ 79.1595, 18.5218 ], [ 79.1647, 18.5228 ], [ 79.1642, 18.5282 ], [ 79.1779, 18.5228 ], [ 79.1802, 18.5324 ], [ 79.1908, 18.5374 ], [ 79.1953, 18.5337 ] ] ] } },
{ "type": "Feature", "properties": { "unit_id": "IND.32.3.3_1", "name": "Bejjanki", "district": "Siddipet", "did": "telangana:Siddipet", "state_key": "telangana" }, "geometry": { "type": "Polygon", "coordinates": [ [ [ 79.0799, 18.423 ], [ 79.0855, 18.4123 ], [ 79.0934, 18.4069 ], [ 79.109, 18.4036 ], [ 79.1196, 18.3966 ], [ 79.1266, 18.3966 ], [ 79.1278, 18.3851 ], [ 79.1535, 18.378 ], [ 79.1575, 18.3551 ], [ 79.1362, 18.3471 ], [ 79.1303, 18.3488 ], [ 79.1169, 18.3388 ], [ 79.1069, 18.3374 ], [ 79.1019, 18.3205 ], [ 79.1103, 18.316 ], [ 79.109, 18.3084 ], [ 79.1192, 18.3042 ], [ 79.1147, 18.2904 ], [ 79.1198, 18.277 ], [ 79.1337, 18.2713 ], [ 79.104, 18.2695 ], [ 79.0789, 18.2387 ], [ 79.0806, 18.2214 ], [ 79.0753, 18.2044 ], [ 79.0708, 18.1986 ], [ 79.0494, 18.19 ], [ 79.0374, 18.2103 ], [ 79.0485, 18.2233 ], [ 79.0428, 18.2278 ], [ 79.0241, 18.22 ], [ 79.0168, 18.2084 ], [ 79.0043, 18.2002 ], [ 78.9695, 18.2109 ], [ 78.996, 18.2429 ], [ 78.988, 18.258 ], [ 78.9908, 18.2627 ], [ 78.9874, 18.2659 ], [ 78.9872, 18.2895 ], [ 78.991, 18.3009 ], [ 79.0149, 18.3111 ], [ 79.0213, 18.3234 ], [ 79.02, 18.3314 ], [ 79.0122, 18.3363 ], [ 79.0113, 18.3456 ], [ 79.0247, 18.3662 ], [ 79.0193, 18.3754 ], [ 79.0063, 18.3809 ], [ 79.0059, 18.3878 ], [ 79.0163, 18.3939 ], [ 79.0181, 18.3995 ], [ 79.0364, 18.4032 ], [ 79.0531, 18.4171 ], [ 79.0737, 18.4247 ], [ 79.0799, 18.423 ] ] ] } },
{ "type": "Feature", "properties": { "unit_id": "IND.32.3.3_1", "name": "Koheda", "district": "Siddipet", "did": "telangana:Siddipet", "state_key": "telangana" }, "geometry": { "type": "Polygon", "coordinates": [ [ [ 79.13, 18.2613 ], [ 79.1203, 18.2554 ], [ 79.1233, 18.2431 ], [ 79.1085, 18.2373 ], [ 79.1082, 18.2214 ], [ 79.1134, 18.2149 ], [ 79.1232, 18.217 ], [ 79.1285, 18.2146 ], [ 79.1372, 18.2063 ], [ 79.1409, 18.1879 ], [ 79.1462, 18.1834 ], [ 79.1459, 18.171 ], [ 79.1602, 18.1665 ], [ 79.1636, 18.1546 ], [ 79.1595, 18.1475 ], [ 79.1489, 18.1501 ], [ 79.1394, 18.1354 ], [ 79.1395, 18.1098 ], [ 79.1254, 18.0946 ], [ 79.1172, 18.0918 ], [ 79.1266, 18.0826 ], [ 79.1251, 18.077 ], [ 79.0923, 18.0855 ], [ 79.0843, 18.0843 ], [ 79.0845, 18.0802 ], [ 79.0704, 18.0859 ], [ 79.0496, 18.0822 ], [ 79.0254, 18.0936 ], [ 79.033, 18.1025 ], [ 79.0322, 18.1217 ], [ 79.0362, 18.1213 ], [ 79.0277, 18.1289 ], [ 79.0126, 18.132 ], [ 79.0036, 18.1403 ], [ 79.0109, 18.1484 ], [ 79.0148, 18.1678 ], [ 79.0075, 18.1787 ], [ 79.0132, 18.1841 ], [ 79.0043, 18.2002 ], [ 79.0168, 18.2084 ], [ 79.0241, 18.22 ], [ 79.0428, 18.2278 ], [ 79.0485, 18.2233 ], [ 79.0374, 18.2103 ], [ 79.0494, 18.19 ], [ 79.0708, 18.1986 ], [ 79.0801, 18.2172 ], [ 79.0794, 18.2396 ], [ 79.1046, 18.2701 ], [ 79.1337, 18.2712 ], [ 79.13, 18.2613 ] ] ] } },
{ "type": "Feature", "properties": { "unit_id": "IND.32.3.6_1", "name": "Ellandakunda", "district": "Ranjanna Sircilla", "did": "telangana:Ranjanna Sircilla", "state_key": "telangana" }, "geometry": { "type": "Polygon", "coordinates": [ [ [ 79.017, 18.395 ], [ 79.0054, 18.3863 ], [ 79.0087, 18.3783 ], [ 79.0193, 18.3754 ], [ 79.0247, 18.3662 ], [ 79.0113, 18.3456 ], [ 79.0122, 18.3363 ], [ 79.0204, 18.3307 ], [ 79.0197, 18.3167 ], [ 79.0038, 18.3042 ], [ 78.991, 18.3009 ], [ 78.9872, 18.2895 ], [ 78.9874, 18.2659 ], [ 78.9908, 18.2627 ], [ 78.988, 18.258 ], [ 78.996, 18.2429 ], [ 78.9695, 18.2109 ], [ 78.9641, 18.2073 ], [ 78.9545, 18.2076 ], [ 78.9504, 18.2375 ], [ 78.9576, 18.2498 ], [ 78.9543, 18.2534 ], [ 78.9145, 18.2556 ], [ 78.8914, 18.2448 ], [ 78.8901, 18.2391 ], [ 78.8811, 18.2418 ], [ 78.869, 18.2403 ], [ 78.8557, 18.2347 ], [ 78.8458, 18.247 ], [ 78.8293, 18.2509 ], [ 78.8284, 18.263 ], [ 78.834, 18.2836 ], [ 78.8608, 18.2865 ], [ 78.8565, 18.3069 ], [ 78.8696, 18.3153 ], [ 78.8776, 18.3604 ], [ 78.8838, 18.3672 ], [ 78.8927, 18.3629 ], [ 78.932, 18.3758 ], [ 78.9447, 18.3613 ], [ 78.9531, 18.3778 ], [ 78.9678, 18.3914 ], [ 78.9971, 18.3999 ], [ 79.0181, 18.3995 ], [ 79.017, 18.395 ] ] ] } },
{ "type": "Feature", "properties": { "unit_id": "IND.32.3.6_1", "name": "Sirsilla", "district": "Ranjanna Sircilla", "did": "telangana:Ranjanna Sircilla", "state_key": "telangana" }, "geometry": { "type": "Polygon", "coordinates": [ [ [ 78.825, 18.4173 ], [ 78.8223, 18.411 ], [ 78.8396, 18.4134 ], [ 78.8532, 18.4076 ], [ 78.873, 18.4154 ], [ 78.9022, 18.4057 ], [ 78.9678, 18.3914 ], [ 78.9531, 18.3778 ], [ 78.9447, 18.3613 ], [ 78.9312, 18.3758 ], [ 78.8927, 18.3629 ], [ 78.8848, 18.3676 ], [ 78.8801, 18.364 ], [ 78.8702, 18.3166 ], [ 78.8565, 18.3069 ], [ 78.8608, 18.2865 ], [ 78.834, 18.2836 ], [ 78.8277, 18.2524 ], [ 78.7927, 18.2537 ], [ 78.7702, 18.2626 ], [ 78.7744, 18.2795 ], [ 78.7652, 18.2859 ], [ 78.7637, 18.3005 ], [ 78.756, 18.3087 ], [ 78.7413, 18.3093 ], [ 78.7291, 18.3411 ], [ 78.7407, 18.3545 ], [ 78.7502, 18.3558 ], [ 78.7472, 18.3817 ], [ 78.7552, 18.394 ], [ 78.7475, 18.4035 ], [ 78.7433, 18.4176 ], [ 78.7486, 18.4219 ], [ 78.7501, 18.4182 ], [ 78.7673, 18.4248 ], [ 78.7722, 18.4142 ], [ 78.7888, 18.4064 ], [ 78.7975, 18.414 ], [ 78.7991, 18.4221 ], [ 78.8093, 18.4317 ], [ 78.814, 18.4319 ], [ 78.825, 18.4173 ] ] ] } },
{ "type": "Feature", "properties": { "unit_id": "IND.32.6.7_1", "name": "Chinna Kodur", "district": "Siddipet", "did": "telangana:Siddipet", "state_key": "telangana" }, "geometry": { "type": "Polygon", "coordinates": [ [ [ 78.94, 18.2526 ], [ 78.9573, 18.2521 ], [ 78.9504, 18.2381 ], [ 78.9545, 18.2076 ], [ 78.9641, 18.2073 ], [ 78.9689, 18.211 ], [ 79.0058, 18.1994 ], [ 79.0132, 18.1841 ], [ 79.0075, 18.1787 ], [ 79.0148, 18.1678 ], [ 79.0109, 18.1484 ], [ 79.0036, 18.1403 ], [ 79.0053, 18.1353 ], [ 78.9941, 18.1276 ], [ 78.9902, 18.1298 ], [ 78.9799, 18.1263 ], [ 78.9626, 18.1345 ], [ 78.9567, 18.1162 ], [ 78.9284, 18.1131 ], [ 78.9231, 18.1001 ], [ 78.9145, 18.1011 ], [ 78.8947, 18.1156 ], [ 78.8964, 18.1308 ], [ 78.879, 18.1469 ], [ 78.8568, 18.1532 ], [ 78.8297, 18.1438 ], [ 78.8245, 18.1562 ], [ 78.8281, 18.1806 ], [ 78.8011, 18.1847 ], [ 78.7976, 18.189 ], [ 78.7972, 18.1958 ], [ 78.8139, 18.224 ], [ 78.8096, 18.2319 ], [ 78.8034, 18.2316 ], [ 78.7971, 18.2428 ], [ 78.7985, 18.2542 ], [ 78.8257, 18.2537 ], [ 78.8458, 18.247 ], [ 78.8557, 18.2347 ], [ 78.869, 18.2403 ], [ 78.8811, 18.2418 ], [ 78.8901, 18.2391 ], [ 78.8914, 18.2448 ], [ 78.9145, 18.2556 ], [ 78.9334, 18.2559 ], [ 78.94, 18.2526 ] ] ] } },
{ "type": "Feature", "properties": { "unit_id": "IND.32.6.7_1", "name": "Siddipet", "district": "Siddipet", "did": "telangana:Siddipet", "state_key": "telangana" }, "geometry": { "type": "Polygon", "coordinates": [ [ [ 78.7985, 18.2542 ], [ 78.7972, 18.2422 ], [ 78.8034, 18.2316 ], [ 78.8096, 18.2319 ], [ 78.8139, 18.224 ], [ 78.7972, 18.1958 ], [ 78.7976, 18.189 ], [ 78.8011, 18.1847 ], [ 78.8281, 18.1806 ], [ 78.8245, 18.1562 ], [ 78.8297, 18.1438 ], [ 78.8568, 18.1532 ], [ 78.879, 18.1469 ], [ 78.8964, 18.1308 ], [ 78.8947, 18.1156 ], [ 78.9145, 18.1011 ], [ 78.9231, 18.1001 ], [ 78.9193, 18.0874 ], [ 78.9256, 18.0809 ], [ 78.9195, 18.0702 ], [ 78.913, 18.0701 ], [ 78.9109, 18.0455 ], [ 78.9059, 18.035 ], [ 78.8401, 18.0438 ], [ 78.8276, 18.0489 ], [ 78.828, 18.0614 ], [ 78.8192, 18.0568 ], [ 78.8183, 18.0516 ], [ 78.8061, 18.0462 ], [ 78.7919, 18.0587 ], [ 78.7779, 18.0603 ], [ 78.7558, 18.0354 ], [ 78.7402, 18.0331 ], [ 78.7359, 18.0399 ], [ 78.743, 18.0505 ], [ 78.7614, 18.0646 ], [ 78.744, 18.0762 ], [ 78.7469, 18.101 ], [ 78.7396, 18.105 ], [ 78.7433, 18.1331 ], [ 78.7522, 18.1415 ], [ 78.7542, 18.1559 ], [ 78.7473, 18.1634 ], [ 78.7157, 18.1725 ], [ 78.7252, 18.1995 ], [ 78.7219, 18.2118 ], [ 78.7232, 18.2161 ], [ 78.7355, 18.2147 ], [ 78.7497, 18.2209 ], [ 78.7691, 18.2627 ], [ 78.7927, 18.2537 ], [ 78.7985, 18.2542 ] ] ] } },
{ "type": "Feature", "properties": { "unit_id": "IND.32.3.6_1", "name": "Mustabad", "district": "Ranjanna Sircilla", "did": "telangana:Ranjanna Sircilla", "state_key": "telangana" }, "geometry": { "type": "Polygon", "coordinates": [ [ [ 78.7407, 18.3545 ], [ 78.7294, 18.3434 ], [ 78.7299, 18.3344 ], [ 78.7385, 18.323 ], [ 78.7413, 18.3093 ], [ 78.7585, 18.3072 ], [ 78.7646, 18.2982 ], [ 78.7652, 18.2859 ], [ 78.7744, 18.2795 ], [ 78.7736, 18.2686 ], [ 78.7629, 18.2507 ], [ 78.7589, 18.2352 ], [ 78.7497, 18.2209 ], [ 78.7355, 18.2147 ], [ 78.7235, 18.2153 ], [ 78.7271, 18.2268 ], [ 78.7174, 18.2322 ], [ 78.7027, 18.2348 ], [ 78.7004, 18.2314 ], [ 78.69, 18.2299 ], [ 78.6701, 18.2416 ], [ 78.6634, 18.241 ], [ 78.6631, 18.2442 ], [ 78.6412, 18.2566 ], [ 78.6439, 18.2645 ], [ 78.6265, 18.282 ], [ 78.6401, 18.3171 ], [ 78.6435, 18.3205 ], [ 78.6717, 18.3273 ], [ 78.6708, 18.3402 ], [ 78.6639, 18.3502 ], [ 78.6683, 18.3545 ], [ 78.6848, 18.3593 ], [ 78.7199, 18.3604 ], [ 78.7407, 18.3545 ] ] ] } },
{ "type": "Feature", "properties": { "unit_id": "IND.32.3.6_1", "name": "Vemulawada", "district": "Ranjanna Sircilla", "did": "telangana:Ranjanna Sircilla", "state_key": "telangana" }, "geometry": { "type": "Polygon", "coordinates": [ [ [ 78.9015, 18.5777 ], [ 78.8971, 18.5593 ], [ 78.9029, 18.5487 ], [ 78.8965, 18.5384 ], [ 78.908, 18.5277 ], [ 78.892, 18.4939 ], [ 78.8931, 18.4648 ], [ 78.9108, 18.4547 ], [ 78.9168, 18.4443 ], [ 78.9095, 18.4313 ], [ 78.9182, 18.4258 ], [ 78.9383, 18.3984 ], [ 78.873, 18.4154 ], [ 78.8532, 18.4076 ], [ 78.8396, 18.4134 ], [ 78.8223, 18.411 ], [ 78.825, 18.4173 ], [ 78.8102, 18.4395 ], [ 78.8144, 18.4487 ], [ 78.8098, 18.4633 ], [ 78.8198, 18.4811 ], [ 78.8154, 18.4839 ], [ 78.779, 18.484 ], [ 78.779, 18.5095 ], [ 78.7916, 18.5063 ], [ 78.7948, 18.5135 ], [ 78.7857, 18.5237 ], [ 78.7864, 18.5425 ], [ 78.7946, 18.538 ], [ 78.7983, 18.5216 ], [ 78.8156, 18.5118 ], [ 78.8171, 18.5282 ], [ 78.822, 18.5333 ], [ 78.8094, 18.5427 ], [ 78.8183, 18.5557 ], [ 78.8177, 18.565 ], [ 78.8286, 18.5759 ], [ 78.8373, 18.5932 ], [ 78.8552, 18.5874 ], [ 78.8628, 18.5925 ], [ 78.8734, 18.5867 ], [ 78.8861, 18.5966 ], [ 78.8933, 18.5971 ], [ 78.9015, 18.5777 ] ] ] } },
{ "type": "Feature", "properties": { "unit_id": "IND.32.3.6_1", "name": "Konaraopet", "district": "Ranjanna Sircilla", "did": "telangana:Ranjanna Sircilla", "state_key": "telangana" }, "geometry": { "type": "Polygon", "coordinates": [ [ [ 78.6276, 18.5687 ], [ 78.6399, 18.5609 ], [ 78.6633, 18.5635 ], [ 78.6807, 18.5497 ], [ 78.6916, 18.5332 ], [ 78.6945, 18.539 ], [ 78.7025, 18.5396 ], [ 78.7225, 18.5234 ], [ 78.739, 18.5161 ], [ 78.7468, 18.5232 ], [ 78.7531, 18.5155 ], [ 78.7699, 18.514 ], [ 78.779, 18.5072 ], [ 78.7794, 18.4838 ], [ 78.8154, 18.4839 ], [ 78.8198, 18.4811 ], [ 78.8098, 18.4633 ], [ 78.8144, 18.4487 ], [ 78.8102, 18.4395 ], [ 78.8131, 18.4325 ], [ 78.7991, 18.4221 ], [ 78.7935, 18.4087 ], [ 78.7824, 18.4072 ], [ 78.7705, 18.4157 ], [ 78.7673, 18.4248 ], [ 78.7501, 18.4182 ], [ 78.7486, 18.4219 ], [ 78.742, 18.4161 ], [ 78.7253, 18.422 ], [ 78.7128, 18.4443 ], [ 78.7121, 18.4622 ], [ 78.7004, 18.4709 ], [ 78.678, 18.4474 ], [ 78.6656, 18.4418 ], [ 78.6477, 18.4644 ], [ 78.6529, 18.4699 ], [ 78.6485, 18.4783 ], [ 78.6345, 18.4848 ], [ 78.6276, 18.4951 ], [ 78.6269, 18.5057 ], [ 78.6177, 18.5136 ], [ 78.6275, 18.5297 ], [ 78.6234, 18.5402 ], [ 78.6207, 18.5442 ], [ 78.6166, 18.5412 ], [ 78.6009, 18.5443 ], [ 78.5953, 18.5502 ], [ 78.599, 18.5544 ], [ 78.6018, 18.5762 ], [ 78.6191, 18.5722 ], [ 78.6234, 18.5677 ], [ 78.6276, 18.5687 ] ] ] } },
{ "type": "Feature", "properties": { "unit_id": "IND.32.3.6_1", "name": "Chandurti", "district": "Ranjanna Sircilla", "did": "telangana:Ranjanna Sircilla", "state_key": "telangana" }, "geometry": { "type": "Polygon", "coordinates": [ [ [ 78.7342, 18.6298 ], [ 78.7545, 18.6305 ], [ 78.7605, 18.6189 ], [ 78.7916, 18.6208 ], [ 78.8124, 18.6046 ], [ 78.8248, 18.6046 ], [ 78.8373, 18.5932 ], [ 78.8286, 18.5759 ], [ 78.8177, 18.565 ], [ 78.8183, 18.5557 ], [ 78.8094, 18.5427 ], [ 78.822, 18.5333 ], [ 78.8171, 18.5282 ], [ 78.8156, 18.5118 ], [ 78.7983, 18.5216 ], [ 78.7946, 18.538 ], [ 78.7892, 18.5433 ], [ 78.7862, 18.5418 ], [ 78.7857, 18.5237 ], [ 78.7948, 18.5135 ], [ 78.7916, 18.5063 ], [ 78.7795, 18.5097 ], [ 78.778, 18.507 ], [ 78.7695, 18.5141 ], [ 78.7531, 18.5155 ], [ 78.7473, 18.5231 ], [ 78.7396, 18.5161 ], [ 78.7264, 18.5211 ], [ 78.704, 18.5393 ], [ 78.6953, 18.5395 ], [ 78.6916, 18.5332 ], [ 78.6807, 18.5497 ], [ 78.6633, 18.5635 ], [ 78.6399, 18.5609 ], [ 78.6191, 18.5722 ], [ 78.6018, 18.5762 ], [ 78.6151, 18.591 ], [ 78.6541, 18.5963 ], [ 78.6699, 18.6233 ], [ 78.6846, 18.6344 ], [ 78.6901, 18.6329 ], [ 78.6967, 18.6418 ], [ 78.7061, 18.6411 ], [ 78.7186, 18.6337 ], [ 78.7342, 18.6298 ] ] ] } },
{ "type": "Feature", "properties": { "unit_id": "IND.32.8.1_1", "name": "Sirkonda", "district": "Nizamabad", "did": "telangana:Nizamabad", "state_key": "telangana" }, "geometry": { "type": "Polygon", "coordinates": [ [ [ 78.4184, 18.6204 ], [ 78.4302, 18.6274 ], [ 78.451, 18.621 ], [ 78.4569, 18.6241 ], [ 78.4634, 18.6225 ], [ 78.4691, 18.6344 ], [ 78.4986, 18.6336 ], [ 78.5237, 18.6395 ], [ 78.5492, 18.6283 ], [ 78.5548, 18.6288 ], [ 78.5575, 18.6168 ], [ 78.5702, 18.617 ], [ 78.5778, 18.6314 ], [ 78.5878, 18.6326 ], [ 78.5965, 18.6396 ], [ 78.594, 18.6129 ], [ 78.5862, 18.5986 ], [ 78.6167, 18.5912 ], [ 78.5999, 18.5739 ], [ 78.5975, 18.5509 ], [ 78.575, 18.5503 ], [ 78.5636, 18.5549 ], [ 78.5596, 18.5524 ], [ 78.5643, 18.5525 ], [ 78.5695, 18.5438 ], [ 78.5535, 18.5307 ], [ 78.5495, 18.5225 ], [ 78.5517, 18.5041 ], [ 78.5465, 18.5037 ], [ 78.5394, 18.4962 ], [ 78.5312, 18.4779 ], [ 78.5302, 18.4655 ], [ 78.521, 18.4644 ], [ 78.5182, 18.4564 ], [ 78.5062, 18.4515 ], [ 78.4921, 18.4378 ], [ 78.4766, 18.4408 ], [ 78.4678, 18.4475 ], [ 78.4643, 18.4604 ], [ 78.4522, 18.4723 ], [ 78.4526, 18.4827 ], [ 78.4451, 18.4833 ], [ 78.4423, 18.4779 ], [ 78.4246, 18.475 ], [ 78.4065, 18.4826 ], [ 78.3988, 18.482 ], [ 78.3826, 18.4537 ], [ 78.3631, 18.4544 ], [ 78.3544, 18.4592 ], [ 78.3504, 18.4574 ], [ 78.346, 18.4622 ], [ 78.3496, 18.4696 ], [ 78.346, 18.4876 ], [ 78.3479, 18.5038 ], [ 78.3618, 18.5106 ], [ 78.3644, 18.5318 ], [ 78.371, 18.5408 ], [ 78.3534, 18.5406 ], [ 78.3631, 18.5544 ], [ 78.3725, 18.5542 ], [ 78.3864, 18.5619 ], [ 78.395, 18.5556 ], [ 78.404, 18.5718 ], [ 78.3965, 18.5736 ], [ 78.3976, 18.5778 ], [ 78.3921, 18.5764 ], [ 78.3866, 18.5955 ], [ 78.3744, 18.5992 ], [ 78.3764, 18.6184 ], [ 78.3954, 18.6507 ], [ 78.4078, 18.6323 ], [ 78.4076, 18.6194 ], [ 78.4184, 18.6204 ] ] ] } },
{ "type": "Feature", "properties": { "unit_id": "IND.32.8.4_1", "name": "Machareddy", "district": "Kamareddy", "did": "telangana:Kamareddy", "state_key": "telangana" }, "geometry": { "type": "Polygon", "coordinates": [ [ [ 78.4643, 18.4604 ], [ 78.4692, 18.4461 ], [ 78.4771, 18.4406 ], [ 78.4921, 18.4378 ], [ 78.5062, 18.4515 ], [ 78.5182, 18.4564 ], [ 78.521, 18.4644 ], [ 78.5302, 18.4655 ], [ 78.5434, 18.4597 ], [ 78.5541, 18.4303 ], [ 78.5415, 18.42 ], [ 78.5419, 18.4124 ], [ 78.565, 18.3905 ], [ 78.5629, 18.3855 ], [ 78.5414, 18.389 ], [ 78.5315, 18.3875 ], [ 78.5302, 18.3798 ], [ 78.5354, 18.3701 ], [ 78.5334, 18.3605 ], [ 78.5439, 18.3511 ], [ 78.5495, 18.3364 ], [ 78.5373, 18.3178 ], [ 78.5403, 18.2988 ], [ 78.534, 18.2911 ], [ 78.5286, 18.2918 ], [ 78.5239, 18.2881 ], [ 78.5212, 18.2789 ], [ 78.5072, 18.2836 ], [ 78.4939, 18.2826 ], [ 78.4708, 18.2628 ], [ 78.4261, 18.2812 ], [ 78.4265, 18.3057 ], [ 78.3947, 18.3201 ], [ 78.3915, 18.3364 ], [ 78.3914, 18.3451 ], [ 78.3971, 18.3539 ], [ 78.4085, 18.3559 ], [ 78.4003, 18.3689 ], [ 78.4076, 18.3789 ], [ 78.4015, 18.3821 ], [ 78.4061, 18.3948 ], [ 78.3963, 18.4141 ], [ 78.3886, 18.4168 ], [ 78.3909, 18.4404 ], [ 78.3857, 18.4589 ], [ 78.3988, 18.482 ], [ 78.4065, 18.4826 ], [ 78.4246, 18.475 ], [ 78.4423, 18.4779 ], [ 78.4451, 18.4833 ], [ 78.4526, 18.4827 ], [ 78.4525, 18.4718 ], [ 78.4643, 18.4604 ] ] ] } },
{ "type": "Feature", "properties": { "unit_id": "IND.32.3.6_1", "name": "Yellareddipet", "district": "Ranjanna Sircilla", "did": "telangana:Ranjanna Sircilla", "state_key": "telangana" }, "geometry": { "type": "Polygon", "coordinates": [ [ [ 78.6009, 18.5443 ], [ 78.6112, 18.5414 ], [ 78.6207, 18.5442 ], [ 78.6275, 18.5297 ], [ 78.6177, 18.5136 ], [ 78.6269, 18.5057 ], [ 78.6276, 18.4951 ], [ 78.6345, 18.4848 ], [ 78.6485, 18.4783 ], [ 78.6529, 18.4699 ], [ 78.6477, 18.4644 ], [ 78.6656, 18.4418 ], [ 78.678, 18.4474 ], [ 78.7004, 18.4709 ], [ 78.7103, 18.4641 ], [ 78.7195, 18.4279 ], [ 78.7288, 18.42 ], [ 78.742, 18.4161 ], [ 78.7552, 18.394 ], [ 78.7472, 18.3817 ], [ 78.7502, 18.3558 ], [ 78.7355, 18.3541 ], [ 78.7166, 18.3614 ], [ 78.6848, 18.3593 ], [ 78.6703, 18.3554 ], [ 78.6639, 18.3502 ], [ 78.6708, 18.3402 ], [ 78.6717, 18.3273 ], [ 78.6442, 18.3204 ], [ 78.6392, 18.3291 ], [ 78.627, 18.326 ], [ 78.6187, 18.3489 ], [ 78.6062, 18.3554 ], [ 78.6105, 18.3692 ], [ 78.6007, 18.383 ], [ 78.601, 18.3902 ], [ 78.5662, 18.4161 ], [ 78.5539, 18.4297 ], [ 78.5434, 18.4597 ], [ 78.5302, 18.4655 ], [ 78.5312, 18.4779 ], [ 78.5394, 18.4962 ], [ 78.5465, 18.5037 ], [ 78.5517, 18.5041 ], [ 78.5495, 18.5225 ], [ 78.5535, 18.5307 ], [ 78.5695, 18.5438 ], [ 78.5643, 18.5525 ], [ 78.5596, 18.5524 ], [ 78.5633, 18.5549 ], [ 78.5953, 18.5502 ], [ 78.6009, 18.5443 ] ] ] } },
{ "type": "Feature", "properties": { "unit_id": "IND.32.3.6_1", "name": "Gambhiraopet", "district": "Ranjanna Sircilla", "did": "telangana:Ranjanna Sircilla", "state_key": "telangana" }, "geometry": { "type": "Polygon", "coordinates": [ [ [ 78.6105, 18.3692 ], [ 78.6062, 18.3554 ], [ 78.6187, 18.3489 ], [ 78.627, 18.326 ], [ 78.6392, 18.3291 ], [ 78.6433, 18.3224 ], [ 78.6265, 18.282 ], [ 78.6438, 18.2635 ], [ 78.6412, 18.2566 ], [ 78.6321, 18.2547 ], [ 78.6282, 18.2466 ], [ 78.6173, 18.2496 ], [ 78.5886, 18.2487 ], [ 78.5748, 18.2234 ], [ 78.5676, 18.2226 ], [ 78.5528, 18.2589 ], [ 78.5437, 18.2646 ], [ 78.5403, 18.2732 ], [ 78.5319, 18.2715 ], [ 78.5212, 18.2787 ], [ 78.5239, 18.2881 ], [ 78.5286, 18.2918 ], [ 78.534, 18.2911 ], [ 78.5412, 18.3001 ], [ 78.5373, 18.3178 ], [ 78.5495, 18.3364 ], [ 78.5439, 18.3511 ], [ 78.5334, 18.3605 ], [ 78.5354, 18.3701 ], [ 78.5302, 18.3798 ], [ 78.5315, 18.3875 ], [ 78.5414, 18.389 ], [ 78.5629, 18.3855 ], [ 78.565, 18.3905 ], [ 78.5447, 18.4077 ], [ 78.5418, 18.4204 ], [ 78.5541, 18.4305 ], [ 78.568, 18.4143 ], [ 78.5866, 18.4027 ], [ 78.6009, 18.3872 ], [ 78.6105, 18.3692 ] ] ] } },
{ "type": "Feature", "properties": { "unit_id": "IND.32.6.7_1", "name": "Dubbak", "district": "Siddipet", "did": "telangana:Siddipet", "state_key": "telangana" }, "geometry": { "type": "Polygon", "coordinates": [ [ [ 78.6701, 18.2416 ], [ 78.69, 18.2299 ], [ 78.7004, 18.2314 ], [ 78.7027, 18.2348 ], [ 78.7111, 18.2343 ], [ 78.7269, 18.2273 ], [ 78.7216, 18.2093 ], [ 78.7252, 18.1995 ], [ 78.7157, 18.1725 ], [ 78.7473, 18.1634 ], [ 78.7542, 18.1559 ], [ 78.7522, 18.1415 ], [ 78.7433, 18.1331 ], [ 78.7396, 18.105 ], [ 78.7297, 18.0993 ], [ 78.7063, 18.1055 ], [ 78.7031, 18.1093 ], [ 78.7115, 18.116 ], [ 78.7108, 18.1205 ], [ 78.6889, 18.1258 ], [ 78.6754, 18.1146 ], [ 78.6565, 18.1196 ], [ 78.6467, 18.1288 ], [ 78.6365, 18.1288 ], [ 78.6352, 18.1253 ], [ 78.62, 18.1225 ], [ 78.6114, 18.1162 ], [ 78.6072, 18.1333 ], [ 78.5911, 18.1507 ], [ 78.5872, 18.1237 ], [ 78.5799, 18.111 ], [ 78.5609, 18.1092 ], [ 78.5478, 18.1121 ], [ 78.5453, 18.1177 ], [ 78.5506, 18.1232 ], [ 78.5532, 18.1435 ], [ 78.5693, 18.1573 ], [ 78.5667, 18.1621 ], [ 78.5809, 18.1632 ], [ 78.5808, 18.1728 ], [ 78.5688, 18.1849 ], [ 78.5694, 18.196 ], [ 78.5612, 18.2076 ], [ 78.5676, 18.2226 ], [ 78.5748, 18.2234 ], [ 78.5886, 18.2487 ], [ 78.6173, 18.2496 ], [ 78.6277, 18.2465 ], [ 78.6321, 18.2547 ], [ 78.6402, 18.2567 ], [ 78.6634, 18.241 ], [ 78.6701, 18.2416 ] ] ] } },
{ "type": "Feature", "properties": { "unit_id": "IND.32.8.4_1", "name": "Domakonda", "district": "Kamareddy", "did": "telangana:Kamareddy", "state_key": "telangana" }, "geometry": { "type": "Polygon", "coordinates": [ [ [ 78.4016, 18.2944 ], [ 78.4272, 18.2982 ], [ 78.4261, 18.2812 ], [ 78.4669, 18.2631 ], [ 78.4732, 18.2631 ], [ 78.4868, 18.279 ], [ 78.4965, 18.283 ], [ 78.5131, 18.2822 ], [ 78.5322, 18.2714 ], [ 78.5403, 18.2732 ], [ 78.5437, 18.2646 ], [ 78.5534, 18.2581 ], [ 78.5595, 18.236 ], [ 78.5676, 18.2232 ], [ 78.5612, 18.2076 ], [ 78.5695, 18.1955 ], [ 78.5663, 18.1763 ], [ 78.5445, 18.1798 ], [ 78.5371, 18.1867 ], [ 78.5271, 18.1856 ], [ 78.5219, 18.1824 ], [ 78.5158, 18.1664 ], [ 78.5015, 18.1765 ], [ 78.4942, 18.1771 ], [ 78.4901, 18.1911 ], [ 78.4783, 18.1973 ], [ 78.4675, 18.2153 ], [ 78.4616, 18.2181 ], [ 78.4547, 18.2172 ], [ 78.431, 18.2035 ], [ 78.428, 18.2132 ], [ 78.4197, 18.2189 ], [ 78.4225, 18.2273 ], [ 78.3985, 18.2276 ], [ 78.4055, 18.2587 ], [ 78.377, 18.2782 ], [ 78.3739, 18.2872 ], [ 78.3757, 18.2946 ], [ 78.3856, 18.2989 ], [ 78.4016, 18.2944 ] ] ] } },
{ "type": "Feature", "properties": { "unit_id": "IND.32.8.4_1", "name": "Kamareddy", "district": "Kamareddy", "did": "telangana:Kamareddy", "state_key": "telangana" }, "geometry": { "type": "Polygon", "coordinates": [ [ [ 78.3766, 18.3819 ], [ 78.3816, 18.381 ], [ 78.3856, 18.3749 ], [ 78.3947, 18.3735 ], [ 78.4015, 18.3821 ], [ 78.4076, 18.3789 ], [ 78.4003, 18.3689 ], [ 78.4085, 18.3559 ], [ 78.3971, 18.3539 ], [ 78.3914, 18.3451 ], [ 78.3939, 18.3214 ], [ 78.4257, 18.3066 ], [ 78.4272, 18.2982 ], [ 78.4016, 18.2944 ], [ 78.3907, 18.2988 ], [ 78.3809, 18.2979 ], [ 78.3757, 18.2946 ], [ 78.3739, 18.2872 ], [ 78.3791, 18.2765 ], [ 78.3704, 18.2684 ], [ 78.3352, 18.2679 ], [ 78.3266, 18.2639 ], [ 78.3205, 18.2668 ], [ 78.298, 18.26 ], [ 78.3002, 18.2796 ], [ 78.3099, 18.3031 ], [ 78.2941, 18.3321 ], [ 78.2963, 18.3534 ], [ 78.3089, 18.3562 ], [ 78.3219, 18.3678 ], [ 78.328, 18.3671 ], [ 78.3308, 18.3808 ], [ 78.3392, 18.3851 ], [ 78.3486, 18.3809 ], [ 78.3434, 18.3691 ], [ 78.3472, 18.3679 ], [ 78.3664, 18.3865 ], [ 78.3692, 18.3847 ], [ 78.3715, 18.3884 ], [ 78.3768, 18.386 ], [ 78.3766, 18.3819 ] ] ] } },
{ "type": "Feature", "properties": { "unit_id": "IND.32.8.4_1", "name": "Biknur", "district": "Kamareddy", "did": "telangana:Kamareddy", "state_key": "telangana" }, "geometry": { "type": "Polygon", "coordinates": [ [ [ 78.4056, 18.2578 ], [ 78.3985, 18.2276 ], [ 78.4225, 18.2273 ], [ 78.4197, 18.2189 ], [ 78.428, 18.2132 ], [ 78.431, 18.2035 ], [ 78.4547, 18.2172 ], [ 78.4639, 18.2173 ], [ 78.4783, 18.1973 ], [ 78.4901, 18.1911 ], [ 78.4942, 18.1771 ], [ 78.5023, 18.1755 ], [ 78.4838, 18.1483 ], [ 78.4833, 18.1416 ], [ 78.4915, 18.1325 ], [ 78.4798, 18.126 ], [ 78.4718, 18.1276 ], [ 78.4582, 18.1206 ], [ 78.4416, 18.1301 ], [ 78.4457, 18.145 ], [ 78.441, 18.1559 ], [ 78.4331, 18.1629 ], [ 78.4248, 18.1564 ], [ 78.4214, 18.1412 ], [ 78.4119, 18.1307 ], [ 78.3897, 18.1288 ], [ 78.3838, 18.1237 ], [ 78.3751, 18.1351 ], [ 78.3744, 18.1446 ], [ 78.3632, 18.1468 ], [ 78.3654, 18.1548 ], [ 78.3578, 18.1718 ], [ 78.3378, 18.1801 ], [ 78.3325, 18.1962 ], [ 78.3127, 18.2024 ], [ 78.3187, 18.2317 ], [ 78.3077, 18.2462 ], [ 78.2979, 18.2526 ], [ 78.298, 18.26 ], [ 78.3205, 18.2668 ], [ 78.3266, 18.2639 ], [ 78.3352, 18.2679 ], [ 78.3694, 18.2681 ], [ 78.3791, 18.2765 ], [ 78.3945, 18.2686 ], [ 78.4056, 18.2578 ] ] ] } },
{ "type": "Feature", "properties": { "unit_id": "IND.32.8.4_1", "name": "Tadwai", "district": "Kamareddy", "did": "telangana:Kamareddy", "state_key": "telangana" }, "geometry": { "type": "Polygon", "coordinates": [ [ [ 78.1872, 18.3765 ], [ 78.198, 18.3809 ], [ 78.2026, 18.3735 ], [ 78.2013, 18.3635 ], [ 78.2169, 18.3599 ], [ 78.2282, 18.3637 ], [ 78.2444, 18.3768 ], [ 78.2585, 18.3765 ], [ 78.2703, 18.3554 ], [ 78.2867, 18.352 ], [ 78.2963, 18.3534 ], [ 78.2941, 18.3321 ], [ 78.3099, 18.3031 ], [ 78.3002, 18.2796 ], [ 78.2971, 18.254 ], [ 78.3156, 18.2372 ], [ 78.3195, 18.2235 ], [ 78.314, 18.2154 ], [ 78.3138, 18.179 ], [ 78.2778, 18.1431 ], [ 78.257, 18.1396 ], [ 78.2487, 18.1554 ], [ 78.2379, 18.162 ], [ 78.2275, 18.1753 ], [ 78.2164, 18.1755 ], [ 78.2218, 18.1826 ], [ 78.2174, 18.2076 ], [ 78.2066, 18.2258 ], [ 78.2015, 18.2548 ], [ 78.1868, 18.2685 ], [ 78.2026, 18.2883 ], [ 78.1982, 18.2943 ], [ 78.1838, 18.2988 ], [ 78.1883, 18.3054 ], [ 78.183, 18.3404 ], [ 78.1583, 18.3493 ], [ 78.1543, 18.3562 ], [ 78.1581, 18.3773 ], [ 78.1661, 18.3818 ], [ 78.1739, 18.3764 ], [ 78.1872, 18.3765 ] ] ] } },
{ "type": "Feature", "properties": { "unit_id": "IND.32.8.4_1", "name": "Sadasivanagar", "district": "Kamareddy", "did": "telangana:Kamareddy", "state_key": "telangana" }, "geometry": { "type": "Polygon", "coordinates": [ [ [ 78.2169, 18.499 ], [ 78.2249, 18.4908 ], [ 78.2364, 18.4921 ], [ 78.2426, 18.4863 ], [ 78.2504, 18.486 ], [ 78.2581, 18.4759 ], [ 78.2537, 18.4666 ], [ 78.2574, 18.4607 ], [ 78.2545, 18.4582 ], [ 78.2598, 18.4527 ], [ 78.2697, 18.4506 ], [ 78.2753, 18.458 ], [ 78.281, 18.4537 ], [ 78.3073, 18.454 ], [ 78.3166, 18.4652 ], [ 78.3294, 18.4669 ], [ 78.3638, 18.4543 ], [ 78.3837, 18.4539 ], [ 78.3857, 18.4589 ], [ 78.3909, 18.4404 ], [ 78.3886, 18.4168 ], [ 78.3963, 18.4141 ], [ 78.4063, 18.3935 ], [ 78.3947, 18.3735 ], [ 78.3856, 18.3749 ], [ 78.3715, 18.3884 ], [ 78.3625, 18.3798 ], [ 78.3549, 18.3785 ], [ 78.3454, 18.3681 ], [ 78.3486, 18.3809 ], [ 78.3392, 18.3851 ], [ 78.3308, 18.3808 ], [ 78.328, 18.3671 ], [ 78.3219, 18.3678 ], [ 78.3073, 18.3555 ], [ 78.2867, 18.352 ], [ 78.2703, 18.3554 ], [ 78.2585, 18.3765 ], [ 78.2444, 18.3768 ], [ 78.2282, 18.3637 ], [ 78.2169, 18.3599 ], [ 78.2013, 18.3635 ], [ 78.2026, 18.3735 ], [ 78.198, 18.3809 ], [ 78.1872, 18.3765 ], [ 78.1739, 18.3764 ], [ 78.1661, 18.3818 ], [ 78.1694, 18.3906 ], [ 78.1778, 18.3955 ], [ 78.1741, 18.3992 ], [ 78.1731, 18.4164 ], [ 78.1778, 18.4334 ], [ 78.2046, 18.4379 ], [ 78.2088, 18.4416 ], [ 78.2095, 18.4992 ], [ 78.2169, 18.499 ] ] ] } },
{ "type": "Feature", "properties": { "unit_id": "IND.32.8.6_1", "name": "Dharpalle", "district": "Nizamabad", "did": "telangana:Nizamabad", "state_key": "telangana" }, "geometry": { "type": "Polygon", "coordinates": [ [ [ 78.4021, 18.6614 ], [ 78.3774, 18.6204 ], [ 78.3739, 18.6064 ], [ 78.375, 18.5982 ], [ 78.3866, 18.5955 ], [ 78.3921, 18.5764 ], [ 78.3976, 18.5778 ], [ 78.3965, 18.5736 ], [ 78.404, 18.5718 ], [ 78.395, 18.5556 ], [ 78.3864, 18.5619 ], [ 78.3725, 18.5542 ], [ 78.3631, 18.5544 ], [ 78.3534, 18.5406 ], [ 78.371, 18.5408 ], [ 78.3644, 18.5318 ], [ 78.3618, 18.5106 ], [ 78.3479, 18.5038 ], [ 78.346, 18.4876 ], [ 78.3496, 18.4696 ], [ 78.346, 18.4622 ], [ 78.3294, 18.4669 ], [ 78.3166, 18.4652 ], [ 78.3073, 18.454 ], [ 78.281, 18.4537 ], [ 78.2753, 18.458 ], [ 78.2697, 18.4506 ], [ 78.2598, 18.4527 ], [ 78.2545, 18.4582 ], [ 78.2574, 18.4607 ], [ 78.2537, 18.4666 ], [ 78.2581, 18.4759 ], [ 78.2509, 18.4855 ], [ 78.2662, 18.5007 ], [ 78.2713, 18.5392 ], [ 78.2589, 18.545 ], [ 78.2627, 18.5521 ], [ 78.2798, 18.5567 ], [ 78.2846, 18.5617 ], [ 78.2833, 18.573 ], [ 78.295, 18.5821 ], [ 78.2972, 18.5901 ], [ 78.2953, 18.6075 ], [ 78.3012, 18.6199 ], [ 78.2999, 18.6262 ], [ 78.3146, 18.6433 ], [ 78.3248, 18.643 ], [ 78.3316, 18.6481 ], [ 78.3302, 18.672 ], [ 78.3405, 18.6778 ], [ 78.3521, 18.6718 ], [ 78.3932, 18.6688 ], [ 78.4021, 18.6614 ] ] ] } },
{ "type": "Feature", "properties": { "unit_id": "IND.32.8.6_1", "name": "Dichpalle", "district": "Nizamabad", "did": "telangana:Nizamabad", "state_key": "telangana" }, "geometry": { "type": "Polygon", "coordinates": [ [ [ 78.1747, 18.6657 ], [ 78.1982, 18.667 ], [ 78.2033, 18.6707 ], [ 78.2103, 18.6684 ], [ 78.2341, 18.6698 ], [ 78.2438, 18.6594 ], [ 78.2512, 18.6596 ], [ 78.2585, 18.6545 ], [ 78.2595, 18.6575 ], [ 78.2697, 18.6492 ], [ 78.2862, 18.6516 ], [ 78.296, 18.6699 ], [ 78.3066, 18.6752 ], [ 78.32, 18.6697 ], [ 78.3216, 18.6644 ], [ 78.3289, 18.6673 ], [ 78.3314, 18.6478 ], [ 78.3248, 18.643 ], [ 78.3146, 18.6433 ], [ 78.2999, 18.6262 ], [ 78.3012, 18.6199 ], [ 78.2953, 18.6075 ], [ 78.2972, 18.5901 ], [ 78.295, 18.5821 ], [ 78.2833, 18.573 ], [ 78.2846, 18.5617 ], [ 78.2798, 18.5567 ], [ 78.2627, 18.5521 ], [ 78.2589, 18.545 ], [ 78.2713, 18.5392 ], [ 78.2712, 18.5358 ], [ 78.2656, 18.5147 ], [ 78.2662, 18.5007 ], [ 78.2546, 18.486 ], [ 78.2426, 18.4863 ], [ 78.2364, 18.4921 ], [ 78.2249, 18.4908 ], [ 78.2169, 18.499 ], [ 78.2023, 18.5013 ], [ 78.2005, 18.5052 ], [ 78.1929, 18.5038 ], [ 78.1922, 18.5087 ], [ 78.1758, 18.5009 ], [ 78.1627, 18.5197 ], [ 78.1657, 18.5336 ], [ 78.1933, 18.5497 ], [ 78.1906, 18.561 ], [ 78.1822, 18.5645 ], [ 78.1829, 18.574 ], [ 78.1778, 18.5825 ], [ 78.1863, 18.609 ], [ 78.184, 18.6138 ], [ 78.17, 18.6208 ], [ 78.1592, 18.6197 ], [ 78.1389, 18.6314 ], [ 78.1386, 18.6699 ], [ 78.1408, 18.6719 ], [ 78.1489, 18.6664 ], [ 78.1557, 18.6666 ], [ 78.159, 18.6774 ], [ 78.1622, 18.6758 ], [ 78.1642, 18.6704 ], [ 78.1747, 18.6657 ] ] ] } },
{ "type": "Feature", "properties": { "unit_id": "IND.32.8.1_1", "name": "Jakranpalle", "district": "Nizamabad", "did": "telangana:Nizamabad", "state_key": "telangana" }, "geometry": { "type": "Polygon", "coordinates": [ [ [ 78.3356, 18.741 ], [ 78.3372, 18.7318 ], [ 78.3444, 18.7239 ], [ 78.3411, 18.7165 ], [ 78.3432, 18.7034 ], [ 78.3546, 18.7027 ], [ 78.3655, 18.6703 ], [ 78.3521, 18.6718 ], [ 78.3405, 18.6778 ], [ 78.3216, 18.6644 ], [ 78.32, 18.6697 ], [ 78.3066, 18.6752 ], [ 78.296, 18.6699 ], [ 78.2868, 18.652 ], [ 78.2741, 18.6491 ], [ 78.2668, 18.6498 ], [ 78.2595, 18.6575 ], [ 78.2585, 18.6545 ], [ 78.2512, 18.6596 ], [ 78.2438, 18.6594 ], [ 78.2382, 18.6687 ], [ 78.2033, 18.6707 ], [ 78.2135, 18.6823 ], [ 78.2261, 18.6786 ], [ 78.2339, 18.6798 ], [ 78.2177, 18.7134 ], [ 78.2201, 18.7435 ], [ 78.2156, 18.7477 ], [ 78.2164, 18.7527 ], [ 78.2463, 18.7582 ], [ 78.2676, 18.753 ], [ 78.2768, 18.7603 ], [ 78.2876, 18.7608 ], [ 78.301, 18.7738 ], [ 78.3211, 18.7504 ], [ 78.3356, 18.741 ] ] ] } },
{ "type": "Feature", "properties": { "unit_id": "IND.32.8.1_1", "name": "Armur", "district": "Nizamabad", "did": "telangana:Nizamabad", "state_key": "telangana" }, "geometry": { "type": "Polygon", "coordinates": [ [ [ 78.3011, 18.9286 ], [ 78.3063, 18.9235 ], [ 78.303, 18.9051 ], [ 78.3079, 18.8961 ], [ 78.3024, 18.8762 ], [ 78.3122, 18.8681 ], [ 78.3107, 18.8523 ], [ 78.3231, 18.8414 ], [ 78.3133, 18.8274 ], [ 78.3166, 18.8214 ], [ 78.3521, 18.8195 ], [ 78.3548, 18.8055 ], [ 78.3462, 18.8013 ], [ 78.3403, 18.7789 ], [ 78.3413, 18.772 ], [ 78.351, 18.7723 ], [ 78.3486, 18.7563 ], [ 78.3327, 18.7446 ], [ 78.3211, 18.7504 ], [ 78.301, 18.7738 ], [ 78.2876, 18.7608 ], [ 78.2768, 18.7603 ], [ 78.2676, 18.753 ], [ 78.2463, 18.7582 ], [ 78.2164, 18.7527 ], [ 78.2209, 18.7702 ], [ 78.2263, 18.7754 ], [ 78.2115, 18.7864 ], [ 78.1872, 18.7872 ], [ 78.1877, 18.7974 ], [ 78.1795, 18.8104 ], [ 78.1859, 18.8295 ], [ 78.1753, 18.8332 ], [ 78.1723, 18.8507 ], [ 78.1841, 18.8592 ], [ 78.1861, 18.8658 ], [ 78.1995, 18.8704 ], [ 78.215, 18.8554 ], [ 78.2176, 18.8613 ], [ 78.2305, 18.861 ], [ 78.2374, 18.8705 ], [ 78.227, 18.8907 ], [ 78.2474, 18.9054 ], [ 78.2609, 18.9072 ], [ 78.2669, 18.9234 ], [ 78.2789, 18.9304 ], [ 78.2908, 18.9255 ], [ 78.3011, 18.9286 ] ] ] } },
{ "type": "Feature", "properties": { "unit_id": "IND.32.8.1_1", "name": "Velpur", "district": "Nizamabad", "did": "telangana:Nizamabad", "state_key": "telangana" }, "geometry": { "type": "Polygon", "coordinates": [ [ [ 78.4138, 18.8346 ], [ 78.4054, 18.8279 ], [ 78.4015, 18.8175 ], [ 78.4088, 18.8081 ], [ 78.4324, 18.8079 ], [ 78.4192, 18.7839 ], [ 78.4248, 18.7592 ], [ 78.4235, 18.7479 ], [ 78.4382, 18.7472 ], [ 78.4315, 18.7263 ], [ 78.4254, 18.7271 ], [ 78.4207, 18.7195 ], [ 78.4284, 18.7147 ], [ 78.4272, 18.7047 ], [ 78.4015, 18.7064 ], [ 78.3917, 18.7028 ], [ 78.3842, 18.7246 ], [ 78.3724, 18.7215 ], [ 78.3635, 18.7028 ], [ 78.3432, 18.7034 ], [ 78.3411, 18.7165 ], [ 78.3444, 18.7239 ], [ 78.3327, 18.7446 ], [ 78.3486, 18.7563 ], [ 78.351, 18.7723 ], [ 78.3413, 18.772 ], [ 78.3403, 18.7789 ], [ 78.3462, 18.8013 ], [ 78.3548, 18.8055 ], [ 78.3512, 18.8161 ], [ 78.3591, 18.8418 ], [ 78.388, 18.8392 ], [ 78.4025, 18.846 ], [ 78.4121, 18.844 ], [ 78.4149, 18.8462 ], [ 78.4138, 18.8346 ] ] ] } },
{ "type": "Feature", "properties": { "unit_id": "IND.32.8.1_1", "name": "Bhimgal", "district": "Nizamabad", "did": "telangana:Nizamabad", "state_key": "telangana" }, "geometry": { "type": "Polygon", "coordinates": [ [ [ 78.4738, 18.7494 ], [ 78.4872, 18.7394 ], [ 78.5032, 18.7368 ], [ 78.5173, 18.7133 ], [ 78.5277, 18.7101 ], [ 78.5291, 18.6969 ], [ 78.5349, 18.6955 ], [ 78.5313, 18.6801 ], [ 78.5204, 18.6656 ], [ 78.5633, 18.6622 ], [ 78.568, 18.6703 ], [ 78.5765, 18.667 ], [ 78.5884, 18.677 ], [ 78.6036, 18.6671 ], [ 78.5965, 18.6396 ], [ 78.5878, 18.6326 ], [ 78.5778, 18.6314 ], [ 78.571, 18.6172 ], [ 78.5575, 18.6168 ], [ 78.5548, 18.6288 ], [ 78.5492, 18.6283 ], [ 78.5237, 18.6395 ], [ 78.4986, 18.6336 ], [ 78.4691, 18.6344 ], [ 78.4634, 18.6225 ], [ 78.4569, 18.6241 ], [ 78.451, 18.621 ], [ 78.4302, 18.6274 ], [ 78.4073, 18.6182 ], [ 78.4078, 18.6323 ], [ 78.3954, 18.6507 ], [ 78.4021, 18.6614 ], [ 78.4002, 18.6641 ], [ 78.3932, 18.6688 ], [ 78.3653, 18.6719 ], [ 78.3546, 18.7027 ], [ 78.3652, 18.7041 ], [ 78.3733, 18.7223 ], [ 78.3842, 18.7246 ], [ 78.3917, 18.7028 ], [ 78.4015, 18.7064 ], [ 78.4272, 18.7047 ], [ 78.4284, 18.7147 ], [ 78.4207, 18.7195 ], [ 78.4254, 18.7271 ], [ 78.4315, 18.7263 ], [ 78.4382, 18.7472 ], [ 78.4422, 18.7437 ], [ 78.4521, 18.7476 ], [ 78.4611, 18.7441 ], [ 78.4668, 18.7541 ], [ 78.4775, 18.7562 ], [ 78.4738, 18.7494 ] ] ] } },
{ "type": "Feature", "properties": { "unit_id": "IND.32.8.1_1", "name": "Kammarpalle", "district": "Nizamabad", "did": "telangana:Nizamabad", "state_key": "telangana" }, "geometry": { "type": "Polygon", "coordinates": [ [ [ 78.5433, 18.8596 ], [ 78.5374, 18.8442 ], [ 78.5401, 18.8457 ], [ 78.5414, 18.8395 ], [ 78.5483, 18.8345 ], [ 78.5417, 18.8153 ], [ 78.5509, 18.8135 ], [ 78.5525, 18.7911 ], [ 78.5635, 18.7788 ], [ 78.5543, 18.7651 ], [ 78.5575, 18.756 ], [ 78.5516, 18.7507 ], [ 78.5527, 18.7425 ], [ 78.5712, 18.7383 ], [ 78.5816, 18.7228 ], [ 78.6147, 18.73 ], [ 78.6286, 18.7278 ], [ 78.6395, 18.7204 ], [ 78.6408, 18.7019 ], [ 78.6316, 18.6775 ], [ 78.6337, 18.6726 ], [ 78.6379, 18.6722 ], [ 78.6528, 18.6387 ], [ 78.6643, 18.6335 ], [ 78.6699, 18.6233 ], [ 78.6511, 18.5948 ], [ 78.644, 18.5965 ], [ 78.6221, 18.5899 ], [ 78.5862, 18.5986 ], [ 78.594, 18.6129 ], [ 78.5969, 18.6451 ], [ 78.6049, 18.6622 ], [ 78.6036, 18.6671 ], [ 78.5884, 18.677 ], [ 78.5765, 18.667 ], [ 78.568, 18.6703 ], [ 78.5633, 18.6622 ], [ 78.5204, 18.6656 ], [ 78.5349, 18.6907 ], [ 78.5349, 18.6955 ], [ 78.5291, 18.6969 ], [ 78.5277, 18.7101 ], [ 78.5173, 18.7133 ], [ 78.5032, 18.7368 ], [ 78.4872, 18.7394 ], [ 78.4733, 18.7507 ], [ 78.4961, 18.7845 ], [ 78.5091, 18.7877 ], [ 78.5039, 18.8111 ], [ 78.5084, 18.8188 ], [ 78.4975, 18.8232 ], [ 78.4956, 18.8289 ], [ 78.506, 18.8564 ], [ 78.4986, 18.8611 ], [ 78.4953, 18.8719 ], [ 78.4974, 18.8855 ], [ 78.5141, 18.8923 ], [ 78.5361, 18.8843 ], [ 78.5433, 18.8596 ] ] ] } },
{ "type": "Feature", "properties": { "unit_id": "IND.32.3.5_1", "name": "Metpalli", "district": "Jagtial", "did": "telangana:Jagtial", "state_key": "telangana" }, "geometry": { "type": "Polygon", "coordinates": [ [ [ 78.6624, 18.8782 ], [ 78.6684, 18.8719 ], [ 78.6663, 18.8565 ], [ 78.6752, 18.8509 ], [ 78.6807, 18.8157 ], [ 78.6788, 18.8123 ], [ 78.6713, 18.8114 ], [ 78.6536, 18.821 ], [ 78.6444, 18.8111 ], [ 78.639, 18.7976 ], [ 78.6494, 18.7969 ], [ 78.6447, 18.7929 ], [ 78.6403, 18.7695 ], [ 78.6378, 18.7667 ], [ 78.6292, 18.7675 ], [ 78.6243, 18.7623 ], [ 78.6202, 18.7633 ], [ 78.6398, 18.751 ], [ 78.6414, 18.7448 ], [ 78.6378, 18.7432 ], [ 78.6334, 18.725 ], [ 78.6147, 18.73 ], [ 78.5816, 18.7228 ], [ 78.5712, 18.7383 ], [ 78.5527, 18.7425 ], [ 78.5513, 18.7473 ], [ 78.5574, 18.7559 ], [ 78.5543, 18.7651 ], [ 78.5635, 18.7788 ], [ 78.5525, 18.7911 ], [ 78.5543, 18.8008 ], [ 78.5648, 18.796 ], [ 78.5896, 18.7974 ], [ 78.6096, 18.8271 ], [ 78.6066, 18.8354 ], [ 78.5925, 18.8448 ], [ 78.592, 18.8553 ], [ 78.5792, 18.8697 ], [ 78.5802, 18.8762 ], [ 78.5964, 18.8903 ], [ 78.6087, 18.8833 ], [ 78.6139, 18.8727 ], [ 78.6292, 18.8691 ], [ 78.6441, 18.8986 ], [ 78.6453, 18.8905 ], [ 78.6542, 18.8805 ], [ 78.6624, 18.8782 ] ] ] } },
{ "type": "Feature", "properties": { "unit_id": "IND.32.8.1_1", "name": "Morthad", "district": "Nizamabad", "did": "telangana:Nizamabad", "state_key": "telangana" }, "geometry": { "type": "Polygon", "coordinates": [ [ [ 78.5251, 18.9511 ], [ 78.537, 18.9458 ], [ 78.5366, 18.9423 ], [ 78.5284, 18.9429 ], [ 78.5259, 18.939 ], [ 78.528, 18.9301 ], [ 78.521, 18.9229 ], [ 78.5189, 18.9007 ], [ 78.5141, 18.8923 ], [ 78.4974, 18.8855 ], [ 78.4975, 18.8629 ], [ 78.5062, 18.8548 ], [ 78.4958, 18.8272 ], [ 78.4975, 18.8232 ], [ 78.5084, 18.8188 ], [ 78.5039, 18.8111 ], [ 78.5091, 18.7877 ], [ 78.4986, 18.787 ], [ 78.4775, 18.7562 ], [ 78.4668, 18.7541 ], [ 78.4615, 18.7442 ], [ 78.4521, 18.7476 ], [ 78.4422, 18.7437 ], [ 78.4331, 18.749 ], [ 78.4235, 18.7479 ], [ 78.4193, 18.7856 ], [ 78.4307, 18.7999 ], [ 78.4324, 18.8079 ], [ 78.4108, 18.8076 ], [ 78.4026, 18.8127 ], [ 78.4017, 18.8207 ], [ 78.4138, 18.8346 ], [ 78.416, 18.8448 ], [ 78.4025, 18.846 ], [ 78.4005, 18.868 ], [ 78.4119, 18.8714 ], [ 78.4286, 18.8989 ], [ 78.4369, 18.889 ], [ 78.453, 18.9005 ], [ 78.4552, 18.9079 ], [ 78.4506, 18.9193 ], [ 78.4386, 18.9276 ], [ 78.4568, 18.9555 ], [ 78.4762, 18.9575 ], [ 78.4882, 18.9715 ], [ 78.5106, 18.971 ], [ 78.5251, 18.9511 ] ] ] } },
{ "type": "Feature", "properties": { "unit_id": "IND.32.3.5_1", "name": "Ibrahimpatnam", "district": "Jagtial", "did": "telangana:Jagtial", "state_key": "telangana" }, "geometry": { "type": "Polygon", "coordinates": [ [ [ 78.6319, 18.9629 ], [ 78.6421, 18.9525 ], [ 78.6431, 18.9375 ], [ 78.6369, 18.9146 ], [ 78.6441, 18.8986 ], [ 78.6292, 18.8691 ], [ 78.6139, 18.8727 ], [ 78.6087, 18.8833 ], [ 78.5964, 18.8903 ], [ 78.5802, 18.8762 ], [ 78.5792, 18.8697 ], [ 78.592, 18.8553 ], [ 78.5925, 18.8448 ], [ 78.6066, 18.8354 ], [ 78.6096, 18.8271 ], [ 78.6038, 18.8149 ], [ 78.5944, 18.8089 ], [ 78.5916, 18.7988 ], [ 78.5648, 18.796 ], [ 78.5528, 18.8022 ], [ 78.549, 18.809 ], [ 78.5509, 18.8135 ], [ 78.5417, 18.8153 ], [ 78.5483, 18.8345 ], [ 78.5414, 18.8395 ], [ 78.5401, 18.8457 ], [ 78.5374, 18.8442 ], [ 78.5433, 18.8596 ], [ 78.5361, 18.8843 ], [ 78.5141, 18.8923 ], [ 78.5189, 18.9007 ], [ 78.521, 18.9229 ], [ 78.528, 18.9301 ], [ 78.5259, 18.939 ], [ 78.5284, 18.9429 ], [ 78.5366, 18.9423 ], [ 78.537, 18.9458 ], [ 78.5482, 18.9463 ], [ 78.5562, 18.9771 ], [ 78.5884, 19.0054 ], [ 78.6064, 18.9855 ], [ 78.6357, 18.9779 ], [ 78.6319, 18.9629 ] ] ] } },
{ "type": "Feature", "properties": { "unit_id": "IND.32.1.8_1", "name": "Lakshmanchanda", "district": "Nirmal", "did": "telangana:Nirmal", "state_key": "telangana" }, "geometry": { "type": "Polygon", "coordinates": [ [ [ 78.4937, 19.0728 ], [ 78.484, 19.0717 ], [ 78.4774, 19.0551 ], [ 78.4816, 19.0549 ], [ 78.484, 19.0476 ], [ 78.4849, 19.0292 ], [ 78.5018, 19.0364 ], [ 78.5121, 19.0221 ], [ 78.5183, 18.9879 ], [ 78.5065, 18.9818 ], [ 78.5082, 18.9723 ], [ 78.4908, 18.9728 ], [ 78.4772, 18.958 ], [ 78.4577, 18.9552 ], [ 78.4525, 18.964 ], [ 78.4405, 18.9666 ], [ 78.4263, 18.977 ], [ 78.4161, 19.0005 ], [ 78.41, 19.0038 ], [ 78.3942, 19.001 ], [ 78.3967, 19.0275 ], [ 78.3694, 19.0281 ], [ 78.3686, 19.0431 ], [ 78.4059, 19.047 ], [ 78.4053, 19.0642 ], [ 78.4035, 19.0687 ], [ 78.3984, 19.0694 ], [ 78.3983, 19.0759 ], [ 78.4083, 19.0826 ], [ 78.4101, 19.0988 ], [ 78.443, 19.0928 ], [ 78.4505, 19.0971 ], [ 78.4723, 19.0913 ], [ 78.4901, 19.103 ], [ 78.4937, 19.1106 ], [ 78.4969, 19.0921 ], [ 78.4937, 19.0728 ] ] ] } },
{ "type": "Feature", "properties": { "unit_id": "IND.32.1.8_1", "name": "Nirmal", "district": "Nirmal", "did": "telangana:Nirmal", "state_key": "telangana" }, "geometry": { "type": "Polygon", "coordinates": [ [ [ 78.3982, 19.18 ], [ 78.4044, 19.1782 ], [ 78.4067, 19.1528 ], [ 78.3935, 19.1346 ], [ 78.3855, 19.1328 ], [ 78.3891, 19.1257 ], [ 78.4049, 19.1264 ], [ 78.4079, 19.1231 ], [ 78.4047, 19.1127 ], [ 78.4082, 19.1104 ], [ 78.4116, 19.0909 ], [ 78.4072, 19.0811 ], [ 78.3983, 19.0759 ], [ 78.3984, 19.0694 ], [ 78.4047, 19.0664 ], [ 78.4068, 19.0486 ], [ 78.3982, 19.0445 ], [ 78.3775, 19.0457 ], [ 78.3686, 19.0431 ], [ 78.3694, 19.0281 ], [ 78.3967, 19.0275 ], [ 78.395, 19.0024 ], [ 78.3706, 18.9957 ], [ 78.3394, 18.9683 ], [ 78.3213, 18.9604 ], [ 78.314, 18.9515 ], [ 78.2851, 18.9426 ], [ 78.278, 18.948 ], [ 78.277, 18.9764 ], [ 78.3, 18.9749 ], [ 78.3041, 18.9876 ], [ 78.3161, 18.9934 ], [ 78.3173, 19.0006 ], [ 78.3111, 19.0149 ], [ 78.3145, 19.0277 ], [ 78.3013, 19.0338 ], [ 78.3021, 19.0464 ], [ 78.2928, 19.047 ], [ 78.2878, 19.0509 ], [ 78.2919, 19.0702 ], [ 78.2895, 19.0859 ], [ 78.2815, 19.1002 ], [ 78.297, 19.1089 ], [ 78.2937, 19.1243 ], [ 78.311, 19.1273 ], [ 78.3252, 19.1358 ], [ 78.3258, 19.1279 ], [ 78.3445, 19.1348 ], [ 78.351, 19.1427 ], [ 78.3403, 19.1487 ], [ 78.3428, 19.1654 ], [ 78.3706, 19.1678 ], [ 78.3743, 19.1817 ], [ 78.3885, 19.1758 ], [ 78.3982, 19.18 ] ] ] } },
{ "type": "Feature", "properties": { "unit_id": "IND.32.8.1_1", "name": "Balkonda", "district": "Nizamabad", "did": "telangana:Nizamabad", "state_key": "telangana" }, "geometry": { "type": "Polygon", "coordinates": [ [ [ 78.4263, 18.977 ], [ 78.4405, 18.9666 ], [ 78.4525, 18.964 ], [ 78.4568, 18.9555 ], [ 78.4386, 18.9276 ], [ 78.4506, 18.9193 ], [ 78.4552, 18.9079 ], [ 78.453, 18.9005 ], [ 78.4369, 18.889 ], [ 78.4305, 18.8977 ], [ 78.427, 18.8976 ], [ 78.4119, 18.8714 ], [ 78.4005, 18.868 ], [ 78.4025, 18.846 ], [ 78.388, 18.8392 ], [ 78.3591, 18.8418 ], [ 78.3521, 18.8195 ], [ 78.3166, 18.8214 ], [ 78.3133, 18.8274 ], [ 78.3231, 18.8414 ], [ 78.3107, 18.8523 ], [ 78.3122, 18.8681 ], [ 78.3024, 18.8762 ], [ 78.3079, 18.8961 ], [ 78.303, 18.9051 ], [ 78.3063, 18.9235 ], [ 78.3011, 18.9286 ], [ 78.292, 18.9249 ], [ 78.2812, 18.9315 ], [ 78.2836, 18.9431 ], [ 78.314, 18.9515 ], [ 78.3213, 18.9604 ], [ 78.3394, 18.9683 ], [ 78.3549, 18.9845 ], [ 78.3735, 18.9971 ], [ 78.41, 19.0038 ], [ 78.4171, 18.9995 ], [ 78.4263, 18.977 ] ] ] } },
{ "type": "Feature", "properties": { "unit_id": "IND.32.1.8_1", "name": "Dilawarpur", "district": "Nirmal", "did": "telangana:Nirmal", "state_key": "telangana" }, "geometry": { "type": "Polygon", "coordinates": [ [ [ 78.2193, 19.1525 ], [ 78.2192, 19.1421 ], [ 78.2348, 19.137 ], [ 78.2331, 19.1261 ], [ 78.2414, 19.1252 ], [ 78.2457, 19.1182 ], [ 78.2625, 19.1289 ], [ 78.2737, 19.1459 ], [ 78.2827, 19.1527 ], [ 78.2854, 19.1444 ], [ 78.2937, 19.1378 ], [ 78.297, 19.1089 ], [ 78.2815, 19.1002 ], [ 78.2895, 19.0859 ], [ 78.2919, 19.0702 ], [ 78.2874, 19.0527 ], [ 78.2928, 19.047 ], [ 78.3021, 19.0464 ], [ 78.3013, 19.0338 ], [ 78.3145, 19.0277 ], [ 78.3111, 19.0149 ], [ 78.3173, 19.0006 ], [ 78.3161, 18.9934 ], [ 78.3041, 18.9876 ], [ 78.3, 18.9749 ], [ 78.2778, 18.9778 ], [ 78.281, 18.9837 ], [ 78.2787, 18.9901 ], [ 78.2487, 19.0147 ], [ 78.2407, 19.0163 ], [ 78.2302, 19.0134 ], [ 78.2093, 19.0222 ], [ 78.2, 19.018 ], [ 78.1905, 19.0258 ], [ 78.1764, 19.0263 ], [ 78.1691, 19.0417 ], [ 78.1594, 19.0445 ], [ 78.162, 19.0573 ], [ 78.1544, 19.0651 ], [ 78.159, 19.0736 ], [ 78.1476, 19.0897 ], [ 78.153, 19.1039 ], [ 78.153, 19.1284 ], [ 78.1579, 19.1381 ], [ 78.1506, 19.1386 ], [ 78.1443, 19.1448 ], [ 78.1512, 19.1501 ], [ 78.1491, 19.1586 ], [ 78.1569, 19.1641 ], [ 78.1628, 19.1604 ], [ 78.169, 19.1641 ], [ 78.1761, 19.1583 ], [ 78.1902, 19.1658 ], [ 78.2114, 19.1519 ], [ 78.2193, 19.1525 ] ] ] } },
{ "type": "Feature", "properties": { "unit_id": "IND.32.1.8_1", "name": "Lokeshwaram", "district": "Nirmal", "did": "telangana:Nirmal", "state_key": "telangana" }, "geometry": { "type": "Polygon", "coordinates": [ [ [ 78.1544, 19.0651 ], [ 78.162, 19.0573 ], [ 78.1594, 19.0445 ], [ 78.1691, 19.0417 ], [ 78.1749, 19.0273 ], [ 78.1905, 19.0258 ], [ 78.2007, 19.0178 ], [ 78.2099, 19.0221 ], [ 78.2333, 19.0129 ], [ 78.2224, 19.0061 ], [ 78.1934, 18.9978 ], [ 78.1672, 18.9976 ], [ 78.1611, 18.9881 ], [ 78.1611, 18.9803 ], [ 78.1496, 18.9674 ], [ 78.1327, 18.9611 ], [ 78.1132, 18.9613 ], [ 78.0899, 18.9402 ], [ 78.0577, 18.9421 ], [ 78.0501, 18.9385 ], [ 78.0412, 18.9455 ], [ 78.0399, 18.9516 ], [ 78.0306, 18.9571 ], [ 78.0356, 18.9648 ], [ 78.0299, 18.969 ], [ 78.0364, 19.0006 ], [ 78.0495, 19.0119 ], [ 78.0445, 19.0195 ], [ 78.0335, 19.0133 ], [ 78.0261, 19.0165 ], [ 78.0139, 19.0343 ], [ 78.007, 19.0343 ], [ 78.0117, 19.0676 ], [ 78.0198, 19.0719 ], [ 78.0359, 19.0645 ], [ 78.0552, 19.0807 ], [ 78.0702, 19.0792 ], [ 78.0806, 19.0832 ], [ 78.0905, 19.0792 ], [ 78.1015, 19.085 ], [ 78.1293, 19.0757 ], [ 78.1512, 19.0857 ], [ 78.158, 19.0761 ], [ 78.1544, 19.0651 ] ] ] } },
{ "type": "Feature", "properties": { "unit_id": "IND.32.8.1_1", "name": "Nandipet", "district": "Nizamabad", "did": "telangana:Nizamabad", "state_key": "telangana" }, "geometry": { "type": "Polygon", "coordinates": [ [ [ 78.2761, 18.9733 ], [ 78.278, 18.948 ], [ 78.2836, 18.9431 ], [ 78.2812, 18.9315 ], [ 78.2669, 18.9234 ], [ 78.2609, 18.9072 ], [ 78.2474, 18.9054 ], [ 78.2266, 18.8902 ], [ 78.2374, 18.8705 ], [ 78.2347, 18.8645 ], [ 78.2297, 18.8607 ], [ 78.2176, 18.8613 ], [ 78.215, 18.8554 ], [ 78.1995, 18.8704 ], [ 78.1861, 18.8658 ], [ 78.1841, 18.8592 ], [ 78.1723, 18.8507 ], [ 78.1753, 18.8332 ], [ 78.1859, 18.8295 ], [ 78.1796, 18.8098 ], [ 78.1385, 18.8117 ], [ 78.1228, 18.8181 ], [ 78.1328, 18.8341 ], [ 78.1061, 18.8412 ], [ 78.0992, 18.8477 ], [ 78.0856, 18.8468 ], [ 78.0689, 18.8574 ], [ 78.0739, 18.8635 ], [ 78.0714, 18.8726 ], [ 78.0806, 18.8767 ], [ 78.0791, 18.9048 ], [ 78.0832, 18.913 ], [ 78.0746, 18.9195 ], [ 78.0798, 18.9318 ], [ 78.1116, 18.9605 ], [ 78.1327, 18.9611 ], [ 78.1496, 18.9674 ], [ 78.1606, 18.9794 ], [ 78.1611, 18.9881 ], [ 78.1694, 18.9986 ], [ 78.1934, 18.9978 ], [ 78.2224, 19.0061 ], [ 78.242, 19.0163 ], [ 78.2487, 19.0147 ], [ 78.2808, 18.9856 ], [ 78.2761, 18.9733 ] ] ] } },
{ "type": "Feature", "properties": { "unit_id": "IND.32.1.7_1", "name": "Tanur", "district": "Nirmal", "did": "telangana:Nirmal", "state_key": "telangana" }, "geometry": { "type": "Polygon", "coordinates": [ [ [ 77.8969, 19.1439 ], [ 77.9008, 19.1255 ], [ 77.8924, 19.0966 ], [ 77.9077, 19.0843 ], [ 77.9068, 19.0791 ], [ 77.8881, 19.0753 ], [ 77.882, 19.0688 ], [ 77.8759, 19.0724 ], [ 77.9004, 19.0244 ], [ 77.8881, 19.0021 ], [ 77.8901, 18.9936 ], [ 77.8764, 18.9855 ], [ 77.8815, 18.9794 ], [ 77.8742, 18.947 ], [ 77.8855, 18.9363 ], [ 77.8842, 18.9323 ], [ 77.8732, 18.9039 ], [ 77.8579, 18.9024 ], [ 77.8431, 18.9092 ], [ 77.8587, 18.949 ], [ 77.8419, 18.9499 ], [ 77.8325, 18.9416 ], [ 77.8192, 18.9459 ], [ 77.8162, 18.9473 ], [ 77.8198, 18.9544 ], [ 77.8162, 18.9575 ], [ 77.8218, 18.9785 ], [ 77.7911, 18.9828 ], [ 77.7876, 18.9726 ], [ 77.7715, 18.9792 ], [ 77.7754, 19.0006 ], [ 77.7703, 19.01 ], [ 77.7699, 19.0224 ], [ 77.7652, 19.025 ], [ 77.7619, 19.0362 ], [ 77.7648, 19.0627 ], [ 77.7752, 19.056 ], [ 77.7891, 19.0557 ], [ 77.8003, 19.0511 ], [ 77.7968, 19.0726 ], [ 77.8028, 19.0798 ], [ 77.8045, 19.1006 ], [ 77.8099, 19.1047 ], [ 77.8181, 19.105 ], [ 77.8313, 19.0861 ], [ 77.849, 19.0868 ], [ 77.8477, 19.116 ], [ 77.8416, 19.1181 ], [ 77.8343, 19.1352 ], [ 77.8432, 19.1416 ], [ 77.8525, 19.1558 ], [ 77.87, 19.154 ], [ 77.8705, 19.1653 ], [ 77.8789, 19.1632 ], [ 77.8969, 19.1439 ] ] ] } },
{ "type": "Feature", "properties": { "unit_id": "IND.32.1.7_1", "name": "Mudhole", "district": "Nirmal", "did": "telangana:Nirmal", "state_key": "telangana" }, "geometry": { "type": "Polygon", "coordinates": [ [ [ 77.9163, 19.0523 ], [ 77.924, 19.0554 ], [ 77.9269, 19.0439 ], [ 77.9467, 19.037 ], [ 77.9488, 19.0402 ], [ 77.9689, 19.0345 ], [ 77.9729, 19.0377 ], [ 78.0139, 19.0343 ], [ 78.0261, 19.0165 ], [ 78.0335, 19.0133 ], [ 78.0445, 19.0195 ], [ 78.0495, 19.0119 ], [ 78.0364, 19.0006 ], [ 78.0299, 18.969 ], [ 78.0356, 18.9648 ], [ 78.0306, 18.9571 ], [ 78.0399, 18.9516 ], [ 78.0412, 18.9455 ], [ 78.0501, 18.9385 ], [ 78.0417, 18.9145 ], [ 78.038, 18.8778 ], [ 78.029, 18.8762 ], [ 78.014, 18.8844 ], [ 77.988, 18.8797 ], [ 77.9682, 18.8705 ], [ 77.9489, 18.8433 ], [ 77.9348, 18.8451 ], [ 77.9375, 18.8516 ], [ 77.9294, 18.8536 ], [ 77.9301, 18.8587 ], [ 77.9032, 18.8666 ], [ 77.9039, 18.8812 ], [ 77.8916, 18.8814 ], [ 77.8854, 18.9042 ], [ 77.8739, 18.9077 ], [ 77.8855, 18.9363 ], [ 77.8745, 18.9455 ], [ 77.8815, 18.9794 ], [ 77.8764, 18.9855 ], [ 77.8901, 18.9936 ], [ 77.8881, 19.0021 ], [ 77.9006, 19.0261 ], [ 77.8874, 19.0546 ], [ 77.9043, 19.0556 ], [ 77.9163, 19.0523 ] ] ] } },
{ "type": "Feature", "properties": { "unit_id": "IND.32.8.3_1", "name": "Ranjal", "district": "Nizamabad", "did": "telangana:Nizamabad", "state_key": "telangana" }, "geometry": { "type": "Polygon", "coordinates": [ [ [ 77.9441, 18.8255 ], [ 77.9527, 18.805 ], [ 77.9689, 18.8004 ], [ 77.9634, 18.7851 ], [ 77.9838, 18.7766 ], [ 77.9836, 18.7659 ], [ 77.9883, 18.762 ], [ 78.0008, 18.7621 ], [ 78.0113, 18.7213 ], [ 78.0062, 18.7148 ], [ 77.9957, 18.7211 ], [ 77.9702, 18.7272 ], [ 77.9665, 18.7319 ], [ 77.9545, 18.7255 ], [ 77.9538, 18.7063 ], [ 77.9482, 18.7065 ], [ 77.9295, 18.7416 ], [ 77.9195, 18.745 ], [ 77.9144, 18.752 ], [ 77.8878, 18.7585 ], [ 77.8822, 18.7795 ], [ 77.8736, 18.7849 ], [ 77.8806, 18.7983 ], [ 77.8745, 18.8029 ], [ 77.8637, 18.8033 ], [ 77.8602, 18.8093 ], [ 77.8714, 18.8182 ], [ 77.882, 18.8174 ], [ 77.9067, 18.8267 ], [ 77.9345, 18.8223 ], [ 77.9441, 18.8255 ] ] ] } },
{ "type": "Feature", "properties": { "unit_id": "IND.32.8.3_1", "name": "Bodhan", "district": "Nizamabad", "did": "telangana:Nizamabad", "state_key": "telangana" }, "geometry": { "type": "Polygon", "coordinates": [ [ [ 77.9392, 18.7049 ], [ 77.9377, 18.7017 ], [ 77.9266, 18.7066 ], [ 77.9171, 18.691 ], [ 77.9365, 18.6825 ], [ 77.9439, 18.6755 ], [ 77.9469, 18.6607 ], [ 77.96, 18.6422 ], [ 77.9548, 18.6211 ], [ 77.947, 18.6192 ], [ 77.9319, 18.6066 ], [ 77.9365, 18.5909 ], [ 77.9234, 18.5739 ], [ 77.9205, 18.5773 ], [ 77.9077, 18.5788 ], [ 77.902, 18.5957 ], [ 77.8645, 18.6201 ], [ 77.8676, 18.6358 ], [ 77.8596, 18.6379 ], [ 77.856, 18.6311 ], [ 77.8441, 18.6265 ], [ 77.8429, 18.6306 ], [ 77.8306, 18.6341 ], [ 77.8227, 18.6446 ], [ 77.8169, 18.6449 ], [ 77.8146, 18.6597 ], [ 77.7978, 18.667 ], [ 77.7912, 18.6756 ], [ 77.7671, 18.6481 ], [ 77.7347, 18.641 ], [ 77.7307, 18.6448 ], [ 77.7302, 18.6561 ], [ 77.7357, 18.661 ], [ 77.7301, 18.6672 ], [ 77.7437, 18.6816 ], [ 77.7492, 18.6827 ], [ 77.7507, 18.6956 ], [ 77.7596, 18.7067 ], [ 77.767, 18.7064 ], [ 77.7732, 18.7014 ], [ 77.772, 18.6889 ], [ 77.7873, 18.6826 ], [ 77.7898, 18.6951 ], [ 77.795, 18.697 ], [ 77.8042, 18.7132 ], [ 77.8046, 18.7281 ], [ 77.8268, 18.7698 ], [ 77.8391, 18.8036 ], [ 77.8433, 18.8063 ], [ 77.8602, 18.8093 ], [ 77.8637, 18.8033 ], [ 77.8745, 18.8029 ], [ 77.8806, 18.7983 ], [ 77.8736, 18.7849 ], [ 77.8822, 18.7795 ], [ 77.8878, 18.7585 ], [ 77.9144, 18.752 ], [ 77.9195, 18.745 ], [ 77.9295, 18.7416 ], [ 77.9482, 18.7065 ], [ 77.9392, 18.7049 ] ] ] } },
{ "type": "Feature", "properties": { "unit_id": "IND.32.8.3_1", "name": "Yedpalle", "district": "Nizamabad", "did": "telangana:Nizamabad", "state_key": "telangana" }, "geometry": { "type": "Polygon", "coordinates": [ [ [ 78.0113, 18.7213 ], [ 78.0208, 18.7219 ], [ 78.0421, 18.7159 ], [ 78.043, 18.6994 ], [ 78.0288, 18.6986 ], [ 78.0283, 18.6926 ], [ 78.0417, 18.6622 ], [ 78.0239, 18.6465 ], [ 78.0192, 18.6237 ], [ 77.9956, 18.6284 ], [ 77.9856, 18.6238 ], [ 77.9684, 18.642 ], [ 77.9587, 18.6427 ], [ 77.9531, 18.6562 ], [ 77.9469, 18.6607 ], [ 77.9432, 18.6762 ], [ 77.9171, 18.691 ], [ 77.9266, 18.7066 ], [ 77.9377, 18.7017 ], [ 77.9392, 18.7049 ], [ 77.9538, 18.7063 ], [ 77.9534, 18.7239 ], [ 77.9655, 18.7317 ], [ 77.9702, 18.7272 ], [ 77.9957, 18.7211 ], [ 78.0042, 18.7158 ], [ 78.0113, 18.7213 ] ] ] } },
{ "type": "Feature", "properties": { "unit_id": "IND.32.8.6_1", "name": "Nizamabad", "district": "Nizamabad", "did": "telangana:Nizamabad", "state_key": "telangana" }, "geometry": { "type": "Polygon", "coordinates": [ [ [ 78.131, 18.7087 ], [ 78.1329, 18.6975 ], [ 78.1406, 18.6958 ], [ 78.1527, 18.6834 ], [ 78.1689, 18.6893 ], [ 78.1754, 18.6882 ], [ 78.1702, 18.6695 ], [ 78.164, 18.6705 ], [ 78.159, 18.6774 ], [ 78.1557, 18.6666 ], [ 78.1489, 18.6664 ], [ 78.1408, 18.6719 ], [ 78.1373, 18.6678 ], [ 78.1395, 18.629 ], [ 78.1592, 18.6197 ], [ 78.1724, 18.6199 ], [ 78.1863, 18.6095 ], [ 78.1778, 18.5825 ], [ 78.1829, 18.574 ], [ 78.1822, 18.5645 ], [ 78.1906, 18.561 ], [ 78.1933, 18.5504 ], [ 78.1647, 18.5323 ], [ 78.1627, 18.5197 ], [ 78.1758, 18.5007 ], [ 78.1596, 18.4773 ], [ 78.1349, 18.4823 ], [ 78.1181, 18.4927 ], [ 78.1059, 18.4916 ], [ 78.1035, 18.5042 ], [ 78.0762, 18.5146 ], [ 78.0699, 18.5083 ], [ 78.0622, 18.5138 ], [ 78.0395, 18.5178 ], [ 78.0383, 18.5258 ], [ 78.0484, 18.556 ], [ 78.0408, 18.5613 ], [ 78.0425, 18.5655 ], [ 78.0368, 18.5775 ], [ 78.0441, 18.5899 ], [ 78.0347, 18.5936 ], [ 78.0297, 18.5879 ], [ 78.0284, 18.5777 ], [ 78.0331, 18.567 ], [ 78.0146, 18.5746 ], [ 78.0051, 18.5879 ], [ 77.9947, 18.5945 ], [ 77.9856, 18.6238 ], [ 77.9956, 18.6284 ], [ 78.0192, 18.6237 ], [ 78.0239, 18.6465 ], [ 78.0417, 18.6622 ], [ 78.0283, 18.6926 ], [ 78.0288, 18.6986 ], [ 78.043, 18.6994 ], [ 78.0421, 18.7159 ], [ 78.0289, 18.7192 ], [ 78.0294, 18.7394 ], [ 78.0423, 18.7398 ], [ 78.0588, 18.7336 ], [ 78.0695, 18.7379 ], [ 78.0714, 18.7472 ], [ 78.0647, 18.7518 ], [ 78.0672, 18.7737 ], [ 78.0704, 18.783 ], [ 78.0783, 18.7903 ], [ 78.0864, 18.78 ], [ 78.0926, 18.7499 ], [ 78.1098, 18.7233 ], [ 78.131, 18.7087 ] ], [ [ 78.0838, 18.6947 ], [ 78.0678, 18.6926 ], [ 78.0598, 18.6819 ], [ 78.0671, 18.6694 ], [ 78.0648, 18.664 ], [ 78.0565, 18.6574 ], [ 78.0473, 18.6554 ], [ 78.0806, 18.6396 ], [ 78.0977, 18.6474 ], [ 78.1072, 18.6428 ], [ 78.1192, 18.6688 ], [ 78.1164, 18.6793 ], [ 78.1247, 18.692 ], [ 78.1147, 18.698 ], [ 78.1002, 18.6997 ], [ 78.09, 18.6903 ], [ 78.0838, 18.6947 ] ] ] } },
{ "type": "Feature", "properties": { "unit_id": "IND.32.8.6_1", "name": "Nizamabad Town", "district": "Nizamabad", "did": "telangana:Nizamabad", "state_key": "telangana" }, "geometry": { "type": "Polygon", "coordinates": [ [ [ 78.1247, 18.692 ], [ 78.1164, 18.6793 ], [ 78.1192, 18.6688 ], [ 78.1072, 18.6428 ], [ 78.0977, 18.6474 ], [ 78.0806, 18.6396 ], [ 78.0473, 18.6554 ], [ 78.0565, 18.6574 ], [ 78.0648, 18.664 ], [ 78.0671, 18.6694 ], [ 78.0598, 18.6819 ], [ 78.0678, 18.6926 ], [ 78.0838, 18.6947 ], [ 78.09, 18.6903 ], [ 78.0966, 18.6928 ], [ 78.1002, 18.6997 ], [ 78.1147, 18.698 ], [ 78.1247, 18.692 ] ] ] } },
{ "type": "Feature", "properties": { "unit_id": "IND.32.8.6_1", "name": "Navipet", "district": "Nizamabad", "did": "telangana:Nizamabad", "state_key": "telangana" }, "geometry": { "type": "Polygon", "coordinates": [ [ [ 78.0791, 18.931 ], [ 78.0746, 18.9195 ], [ 78.0832, 18.913 ], [ 78.0791, 18.9048 ], [ 78.0806, 18.8767 ], [ 78.0714, 18.8726 ], [ 78.0739, 18.8635 ], [ 78.0637, 18.8522 ], [ 78.0594, 18.8396 ], [ 78.0649, 18.8334 ], [ 78.0614, 18.8291 ], [ 78.0648, 18.8144 ], [ 78.0724, 18.8106 ], [ 78.0773, 18.8031 ], [ 78.0783, 18.7903 ], [ 78.0704, 18.783 ], [ 78.0651, 18.761 ], [ 78.0647, 18.7518 ], [ 78.0692, 18.7512 ], [ 78.0715, 18.7434 ], [ 78.0695, 18.7379 ], [ 78.0588, 18.7336 ], [ 78.0521, 18.7376 ], [ 78.0299, 18.74 ], [ 78.0289, 18.7192 ], [ 78.0113, 18.7213 ], [ 78.0016, 18.761 ], [ 77.9883, 18.762 ], [ 77.9836, 18.7659 ], [ 77.9838, 18.7766 ], [ 77.9634, 18.7851 ], [ 77.9689, 18.8004 ], [ 77.9527, 18.805 ], [ 77.9441, 18.8255 ], [ 77.9485, 18.8298 ], [ 77.9495, 18.8453 ], [ 77.9711, 18.8725 ], [ 78.0099, 18.8842 ], [ 78.0173, 18.8839 ], [ 78.029, 18.8762 ], [ 78.0377, 18.8774 ], [ 78.0466, 18.9358 ], [ 78.0574, 18.9421 ], [ 78.0892, 18.9399 ], [ 78.0791, 18.931 ] ] ] } },
{ "type": "Feature", "properties": { "unit_id": "IND.32.8.6_1", "name": "Maklur", "district": "Nizamabad", "did": "telangana:Nizamabad", "state_key": "telangana" }, "geometry": { "type": "Polygon", "coordinates": [ [ [ 78.0992, 18.8477 ], [ 78.1061, 18.8412 ], [ 78.1328, 18.8341 ], [ 78.1228, 18.8181 ], [ 78.1385, 18.8117 ], [ 78.1797, 18.8101 ], [ 78.1877, 18.7974 ], [ 78.1872, 18.7872 ], [ 78.2115, 18.7864 ], [ 78.2256, 18.7764 ], [ 78.2156, 18.7477 ], [ 78.2201, 18.7435 ], [ 78.2177, 18.7134 ], [ 78.2339, 18.6798 ], [ 78.2261, 18.6786 ], [ 78.2135, 18.6823 ], [ 78.1998, 18.6674 ], [ 78.1729, 18.6661 ], [ 78.1702, 18.6695 ], [ 78.1754, 18.6882 ], [ 78.1689, 18.6893 ], [ 78.1527, 18.6834 ], [ 78.1406, 18.6958 ], [ 78.1329, 18.6975 ], [ 78.131, 18.7087 ], [ 78.1086, 18.7245 ], [ 78.0926, 18.7499 ], [ 78.0864, 18.78 ], [ 78.0762, 18.7953 ], [ 78.0773, 18.8031 ], [ 78.0724, 18.8106 ], [ 78.0648, 18.8144 ], [ 78.0614, 18.8291 ], [ 78.0649, 18.8334 ], [ 78.0594, 18.8396 ], [ 78.0689, 18.8574 ], [ 78.0882, 18.8463 ], [ 78.0992, 18.8477 ] ] ] } },
{ "type": "Feature", "properties": { "unit_id": "IND.32.8.7_1", "name": "Gandhari", "district": "Kamareddy", "did": "telangana:Kamareddy", "state_key": "telangana" }, "geometry": { "type": "Polygon", "coordinates": [ [ [ 78.0699, 18.5083 ], [ 78.0762, 18.5146 ], [ 78.1035, 18.5042 ], [ 78.1059, 18.4916 ], [ 78.1181, 18.4927 ], [ 78.1349, 18.4823 ], [ 78.1596, 18.4773 ], [ 78.1728, 18.4977 ], [ 78.186, 18.5072 ], [ 78.1922, 18.5087 ], [ 78.1929, 18.5038 ], [ 78.2005, 18.5052 ], [ 78.2023, 18.5013 ], [ 78.2095, 18.4992 ], [ 78.2088, 18.4416 ], [ 78.2046, 18.4379 ], [ 78.1778, 18.4334 ], [ 78.1731, 18.4164 ], [ 78.1741, 18.3992 ], [ 78.1778, 18.3955 ], [ 78.1581, 18.3773 ], [ 78.154, 18.3593 ], [ 78.1574, 18.3499 ], [ 78.1803, 18.3421 ], [ 78.1835, 18.3348 ], [ 78.1597, 18.3259 ], [ 78.1384, 18.3246 ], [ 78.1378, 18.3181 ], [ 78.1207, 18.3155 ], [ 78.1168, 18.3094 ], [ 78.1137, 18.3198 ], [ 78.0968, 18.3211 ], [ 78.0848, 18.3185 ], [ 78.0757, 18.3112 ], [ 78.0711, 18.3273 ], [ 78.0582, 18.3452 ], [ 78.0593, 18.3534 ], [ 78.0478, 18.3575 ], [ 78.0453, 18.3661 ], [ 78.0292, 18.3568 ], [ 78.0366, 18.3422 ], [ 78.0229, 18.3269 ], [ 77.9673, 18.3123 ], [ 77.9629, 18.3126 ], [ 77.9664, 18.326 ], [ 77.9619, 18.3323 ], [ 77.9514, 18.327 ], [ 77.9472, 18.3283 ], [ 77.9223, 18.3489 ], [ 77.9222, 18.3732 ], [ 77.9337, 18.3764 ], [ 77.9355, 18.3801 ], [ 77.9503, 18.3746 ], [ 77.9473, 18.3926 ], [ 77.9741, 18.3969 ], [ 77.9922, 18.3919 ], [ 77.9882, 18.4034 ], [ 78.0311, 18.4102 ], [ 78.0321, 18.416 ], [ 78.0208, 18.4338 ], [ 78.0378, 18.4649 ], [ 78.0376, 18.483 ], [ 78.0414, 18.4894 ], [ 78.0364, 18.4939 ], [ 78.0394, 18.5007 ], [ 78.0342, 18.5089 ], [ 78.0395, 18.5178 ], [ 78.0622, 18.5138 ], [ 78.0699, 18.5083 ] ] ] } },
{ "type": "Feature", "properties": { "unit_id": "IND.32.8.7_1", "name": "Lingampet", "district": "Kamareddy", "did": "telangana:Kamareddy", "state_key": "telangana" }, "geometry": { "type": "Polygon", "coordinates": [ [ [ 78.0848, 18.3185 ], [ 78.0968, 18.3211 ], [ 78.1137, 18.3198 ], [ 78.1168, 18.3094 ], [ 78.1207, 18.3155 ], [ 78.1378, 18.3181 ], [ 78.1384, 18.3246 ], [ 78.1597, 18.3259 ], [ 78.1835, 18.3348 ], [ 78.1883, 18.3054 ], [ 78.1838, 18.2988 ], [ 78.1982, 18.2943 ], [ 78.2026, 18.2883 ], [ 78.1868, 18.2685 ], [ 78.2015, 18.2548 ], [ 78.2066, 18.2258 ], [ 78.2153, 18.2123 ], [ 78.2065, 18.2175 ], [ 78.195, 18.2069 ], [ 78.1806, 18.2045 ], [ 78.1688, 18.1673 ], [ 78.1687, 18.1525 ], [ 78.1634, 18.1523 ], [ 78.1543, 18.1609 ], [ 78.1414, 18.1428 ], [ 78.1171, 18.1411 ], [ 78.1152, 18.136 ], [ 78.1108, 18.1382 ], [ 78.1, 18.1679 ], [ 78.0979, 18.19 ], [ 78.0936, 18.2033 ], [ 78.0901, 18.2046 ], [ 78.0953, 18.2123 ], [ 78.0889, 18.2203 ], [ 78.1155, 18.2248 ], [ 78.1078, 18.2348 ], [ 78.0983, 18.2379 ], [ 78.0987, 18.2445 ], [ 78.1116, 18.2416 ], [ 78.112, 18.2455 ], [ 78.0816, 18.2506 ], [ 78.0807, 18.2577 ], [ 78.0625, 18.2646 ], [ 78.0601, 18.2687 ], [ 78.0479, 18.26 ], [ 78.0369, 18.2641 ], [ 78.0343, 18.2689 ], [ 78.0355, 18.2826 ], [ 78.0316, 18.2843 ], [ 78.0372, 18.2959 ], [ 78.0228, 18.3262 ], [ 78.0366, 18.3422 ], [ 78.0292, 18.3568 ], [ 78.0436, 18.366 ], [ 78.0481, 18.3637 ], [ 78.0478, 18.3575 ], [ 78.0593, 18.3534 ], [ 78.0582, 18.3452 ], [ 78.0711, 18.3273 ], [ 78.0755, 18.3114 ], [ 78.0848, 18.3185 ] ] ] } },
{ "type": "Feature", "properties": { "unit_id": "IND.32.8.7_1", "name": "Nagareddipet", "district": "Kamareddy", "did": "telangana:Kamareddy", "state_key": "telangana" }, "geometry": { "type": "Polygon", "coordinates": [ [ [ 78.0967, 18.1796 ], [ 78.1111, 18.1378 ], [ 78.1152, 18.136 ], [ 78.1171, 18.1411 ], [ 78.1403, 18.1421 ], [ 78.1546, 18.1609 ], [ 78.1634, 18.1523 ], [ 78.1693, 18.1529 ], [ 78.1798, 18.135 ], [ 78.1769, 18.1183 ], [ 78.1796, 18.0975 ], [ 78.1541, 18.0857 ], [ 78.1425, 18.0681 ], [ 78.1169, 18.0727 ], [ 78.115, 18.0891 ], [ 78.1063, 18.0935 ], [ 78.1011, 18.0905 ], [ 78.0976, 18.0711 ], [ 78.0897, 18.0683 ], [ 78.0805, 18.075 ], [ 78.0818, 18.079 ], [ 78.075, 18.0803 ], [ 78.0773, 18.0915 ], [ 78.0676, 18.0845 ], [ 78.068, 18.0972 ], [ 78.064, 18.0961 ], [ 78.0579, 18.1066 ], [ 78.0565, 18.0892 ], [ 78.05, 18.1007 ], [ 78.0457, 18.0977 ], [ 78.0412, 18.0997 ], [ 78.0399, 18.0953 ], [ 78.033, 18.0972 ], [ 78.031, 18.1019 ], [ 78.0377, 18.1091 ], [ 78.0302, 18.1127 ], [ 78.0256, 18.11 ], [ 78.0258, 18.1231 ], [ 78.0193, 18.119 ], [ 78.0183, 18.1125 ], [ 78.013, 18.1167 ], [ 78.0229, 18.1423 ], [ 78.0194, 18.1479 ], [ 78.0217, 18.1552 ], [ 78.0321, 18.15 ], [ 78.0447, 18.1372 ], [ 78.0473, 18.1402 ], [ 78.0599, 18.1392 ], [ 78.0628, 18.1343 ], [ 78.0717, 18.1384 ], [ 78.0695, 18.145 ], [ 78.077, 18.1486 ], [ 78.0669, 18.1557 ], [ 78.0623, 18.155 ], [ 78.0651, 18.1676 ], [ 78.0622, 18.1769 ], [ 78.0699, 18.1808 ], [ 78.0688, 18.1835 ], [ 78.0645, 18.1828 ], [ 78.0901, 18.2046 ], [ 78.0979, 18.19 ], [ 78.0967, 18.1796 ] ] ] } },
{ "type": "Feature", "properties": { "unit_id": "IND.32.8.7_1", "name": "Yellareddi", "district": "Kamareddy", "did": "telangana:Kamareddy", "state_key": "telangana" }, "geometry": { "type": "Polygon", "coordinates": [ [ [ 78.0316, 18.2843 ], [ 78.0355, 18.2826 ], [ 78.0369, 18.2641 ], [ 78.0479, 18.26 ], [ 78.0601, 18.2687 ], [ 78.0625, 18.2646 ], [ 78.0807, 18.2577 ], [ 78.0816, 18.2506 ], [ 78.112, 18.2455 ], [ 78.1116, 18.2416 ], [ 78.0987, 18.2445 ], [ 78.0983, 18.2379 ], [ 78.1078, 18.2348 ], [ 78.1155, 18.2248 ], [ 78.0889, 18.2203 ], [ 78.0949, 18.2108 ], [ 78.0645, 18.1828 ], [ 78.0688, 18.1835 ], [ 78.0698, 18.1806 ], [ 78.0622, 18.1769 ], [ 78.0651, 18.1676 ], [ 78.0623, 18.155 ], [ 78.0669, 18.1557 ], [ 78.077, 18.1486 ], [ 78.0695, 18.145 ], [ 78.0717, 18.1384 ], [ 78.0628, 18.1343 ], [ 78.0599, 18.1392 ], [ 78.0473, 18.1402 ], [ 78.0447, 18.1372 ], [ 78.0321, 18.15 ], [ 78.0217, 18.1552 ], [ 78.0194, 18.1479 ], [ 78.0229, 18.1423 ], [ 78.013, 18.1174 ], [ 78.0147, 18.1132 ], [ 78.0183, 18.1125 ], [ 78.0193, 18.119 ], [ 78.0256, 18.1232 ], [ 78.0256, 18.11 ], [ 78.0302, 18.1127 ], [ 78.0377, 18.1091 ], [ 78.031, 18.1019 ], [ 78.0332, 18.097 ], [ 78.0399, 18.0953 ], [ 78.0412, 18.0997 ], [ 78.0457, 18.0977 ], [ 78.05, 18.1007 ], [ 78.0513, 18.0941 ], [ 78.0573, 18.0893 ], [ 78.0577, 18.1067 ], [ 78.064, 18.0961 ], [ 78.068, 18.0972 ], [ 78.0676, 18.0845 ], [ 78.0773, 18.0915 ], [ 78.075, 18.0803 ], [ 78.0818, 18.079 ], [ 78.0805, 18.075 ], [ 78.0854, 18.0723 ], [ 78.0841, 18.0672 ], [ 78.0739, 18.0719 ], [ 78.0716, 18.0599 ], [ 78.0676, 18.0702 ], [ 78.0595, 18.0718 ], [ 78.0554, 18.0793 ], [ 78.0523, 18.0736 ], [ 78.044, 18.0797 ], [ 78.0405, 18.0752 ], [ 78.0451, 18.0681 ], [ 78.0421, 18.0656 ], [ 78.0374, 18.0695 ], [ 78.0344, 18.0643 ], [ 78.0286, 18.0738 ], [ 78.0327, 18.0766 ], [ 78.0294, 18.0839 ], [ 78.0199, 18.0818 ], [ 78.0122, 18.0901 ], [ 78.0091, 18.0886 ], [ 78.0159, 18.0795 ], [ 78.0143, 18.0758 ], [ 78.0043, 18.0877 ], [ 78.0008, 18.0813 ], [ 77.9951, 18.107 ], [ 77.9775, 18.1146 ], [ 77.966, 18.114 ], [ 77.9651, 18.1346 ], [ 77.9725, 18.13 ], [ 77.981, 18.1313 ], [ 77.9779, 18.1364 ], [ 77.9847, 18.1356 ], [ 77.9833, 18.1416 ], [ 77.9925, 18.1403 ], [ 77.988, 18.1481 ], [ 78.0008, 18.1369 ], [ 78.0063, 18.137 ], [ 78.0045, 18.1446 ], [ 78.013, 18.1511 ], [ 78.0017, 18.1515 ], [ 78.0045, 18.159 ], [ 77.9999, 18.1607 ], [ 77.9957, 18.1573 ], [ 77.9828, 18.1618 ], [ 77.9847, 18.1771 ], [ 77.9801, 18.1822 ], [ 77.9793, 18.2004 ], [ 77.9663, 18.2151 ], [ 77.9739, 18.2175 ], [ 77.979, 18.2259 ], [ 77.9586, 18.2386 ], [ 77.966, 18.2514 ], [ 77.968, 18.2495 ], [ 77.9735, 18.2538 ], [ 77.9866, 18.2708 ], [ 77.974, 18.2862 ], [ 77.9548, 18.2778 ], [ 77.9479, 18.2919 ], [ 77.9553, 18.2907 ], [ 77.9744, 18.3084 ], [ 77.974, 18.3147 ], [ 78.0208, 18.3266 ], [ 78.0372, 18.2959 ], [ 78.0316, 18.2843 ] ] ] } },
{ "type": "Feature", "properties": { "unit_id": "IND.32.8.2_1", "name": "Nizamsagar", "district": "Kamareddy", "did": "telangana:Kamareddy", "state_key": "telangana" }, "geometry": { "type": "Polygon", "coordinates": [ [ [ 77.9503, 18.327 ], [ 77.9619, 18.3323 ], [ 77.9664, 18.326 ], [ 77.9632, 18.312 ], [ 77.974, 18.3147 ], [ 77.9744, 18.3084 ], [ 77.9553, 18.2907 ], [ 77.9479, 18.2919 ], [ 77.9548, 18.2778 ], [ 77.974, 18.2862 ], [ 77.9869, 18.2696 ], [ 77.9732, 18.2535 ], [ 77.968, 18.2495 ], [ 77.966, 18.2514 ], [ 77.9586, 18.2386 ], [ 77.979, 18.2259 ], [ 77.9739, 18.2175 ], [ 77.9663, 18.2151 ], [ 77.9793, 18.2004 ], [ 77.9801, 18.1822 ], [ 77.9847, 18.1771 ], [ 77.9828, 18.1618 ], [ 77.9957, 18.1573 ], [ 77.9999, 18.1607 ], [ 78.0045, 18.159 ], [ 78.0017, 18.1515 ], [ 78.013, 18.1511 ], [ 78.0045, 18.1446 ], [ 78.0063, 18.137 ], [ 78.0008, 18.1369 ], [ 77.988, 18.1481 ], [ 77.9925, 18.1403 ], [ 77.9833, 18.1416 ], [ 77.9847, 18.1356 ], [ 77.9779, 18.1364 ], [ 77.981, 18.1313 ], [ 77.9725, 18.13 ], [ 77.9651, 18.1346 ], [ 77.966, 18.114 ], [ 77.9397, 18.1117 ], [ 77.9298, 18.0984 ], [ 77.911, 18.0999 ], [ 77.8957, 18.0913 ], [ 77.8952, 18.0934 ], [ 77.9019, 18.0973 ], [ 77.8988, 18.0993 ], [ 77.908, 18.0999 ], [ 77.9056, 18.106 ], [ 77.9088, 18.1015 ], [ 77.9141, 18.1009 ], [ 77.918, 18.1064 ], [ 77.9269, 18.1041 ], [ 77.9294, 18.116 ], [ 77.9186, 18.1133 ], [ 77.9131, 18.1158 ], [ 77.9142, 18.1198 ], [ 77.9091, 18.12 ], [ 77.909, 18.1241 ], [ 77.9235, 18.1279 ], [ 77.9252, 18.1313 ], [ 77.9191, 18.1364 ], [ 77.9249, 18.1418 ], [ 77.9305, 18.1402 ], [ 77.9291, 18.1448 ], [ 77.9355, 18.1492 ], [ 77.9312, 18.1491 ], [ 77.9279, 18.1557 ], [ 77.9214, 18.153 ], [ 77.9205, 18.1503 ], [ 77.9252, 18.1494 ], [ 77.923, 18.1473 ], [ 77.9186, 18.1452 ], [ 77.9144, 18.1484 ], [ 77.9146, 18.1411 ], [ 77.91, 18.1472 ], [ 77.9025, 18.1446 ], [ 77.9042, 18.1524 ], [ 77.8947, 18.1566 ], [ 77.9034, 18.1681 ], [ 77.9002, 18.1731 ], [ 77.9037, 18.1924 ], [ 77.8823, 18.1867 ], [ 77.8641, 18.1917 ], [ 77.865, 18.2022 ], [ 77.8547, 18.2073 ], [ 77.8463, 18.2015 ], [ 77.8576, 18.2294 ], [ 77.8649, 18.2366 ], [ 77.8601, 18.2448 ], [ 77.867, 18.2507 ], [ 77.8587, 18.2716 ], [ 77.8712, 18.3056 ], [ 77.8802, 18.2913 ], [ 77.8786, 18.2762 ], [ 77.8956, 18.2685 ], [ 77.8908, 18.2947 ], [ 77.8776, 18.3231 ], [ 77.8891, 18.3247 ], [ 77.8952, 18.3169 ], [ 77.9062, 18.3132 ], [ 77.9231, 18.3163 ], [ 77.9302, 18.3442 ], [ 77.9503, 18.327 ] ] ] } },
{ "type": "Feature", "properties": { "unit_id": "IND.32.6.4_1", "name": "Kallar", "district": "Sangareddy", "did": "telangana:Sangareddy", "state_key": "telangana" }, "geometry": { "type": "Polygon", "coordinates": [ [ [ 77.8624, 18.1944 ], [ 77.8687, 18.1892 ], [ 77.8823, 18.1867 ], [ 77.9037, 18.1924 ], [ 77.9002, 18.1731 ], [ 77.9034, 18.1681 ], [ 77.8947, 18.1566 ], [ 77.9042, 18.1524 ], [ 77.9027, 18.1443 ], [ 77.91, 18.1472 ], [ 77.9146, 18.1411 ], [ 77.9144, 18.1484 ], [ 77.9186, 18.1452 ], [ 77.923, 18.1473 ], [ 77.9252, 18.1494 ], [ 77.9205, 18.1503 ], [ 77.9214, 18.153 ], [ 77.9279, 18.1557 ], [ 77.9312, 18.1491 ], [ 77.9356, 18.149 ], [ 77.9291, 18.1448 ], [ 77.9305, 18.1402 ], [ 77.9249, 18.1418 ], [ 77.9198, 18.1376 ], [ 77.9192, 18.1345 ], [ 77.9252, 18.1313 ], [ 77.9173, 18.1249 ], [ 77.8999, 18.1334 ], [ 77.8761, 18.1247 ], [ 77.8716, 18.1206 ], [ 77.8787, 18.1053 ], [ 77.8708, 18.097 ], [ 77.8499, 18.0923 ], [ 77.8342, 18.0947 ], [ 77.8225, 18.0859 ], [ 77.8191, 18.0879 ], [ 77.8186, 18.0978 ], [ 77.7958, 18.1148 ], [ 77.775, 18.1027 ], [ 77.7463, 18.1064 ], [ 77.737, 18.1044 ], [ 77.7233, 18.1153 ], [ 77.7033, 18.1243 ], [ 77.701, 18.1276 ], [ 77.7189, 18.1413 ], [ 77.7323, 18.1454 ], [ 77.7333, 18.1576 ], [ 77.7399, 18.1632 ], [ 77.7236, 18.1618 ], [ 77.7075, 18.1765 ], [ 77.7421, 18.2053 ], [ 77.7585, 18.205 ], [ 77.7696, 18.1881 ], [ 77.7767, 18.1905 ], [ 77.7798, 18.1998 ], [ 77.7865, 18.1964 ], [ 77.7971, 18.2048 ], [ 77.811, 18.1957 ], [ 77.8263, 18.194 ], [ 77.8293, 18.2003 ], [ 77.84, 18.2038 ], [ 77.8488, 18.2017 ], [ 77.8536, 18.2075 ], [ 77.864, 18.2022 ], [ 77.8624, 18.1944 ] ] ] } },
{ "type": "Feature", "properties": { "unit_id": "IND.32.8.2_1", "name": "Pitlam", "district": "Kamareddy", "did": "telangana:Kamareddy", "state_key": "telangana" }, "geometry": { "type": "Polygon", "coordinates": [ [ [ 77.8956, 18.2685 ], [ 77.8786, 18.2762 ], [ 77.8802, 18.2913 ], [ 77.8712, 18.3056 ], [ 77.8587, 18.2716 ], [ 77.867, 18.2507 ], [ 77.8601, 18.2448 ], [ 77.8649, 18.2366 ], [ 77.8576, 18.2294 ], [ 77.8463, 18.2015 ], [ 77.8346, 18.2023 ], [ 77.829, 18.2 ], [ 77.8263, 18.194 ], [ 77.811, 18.1957 ], [ 77.7971, 18.2048 ], [ 77.7865, 18.1964 ], [ 77.7798, 18.1998 ], [ 77.7767, 18.1905 ], [ 77.7696, 18.1881 ], [ 77.7585, 18.205 ], [ 77.7421, 18.2053 ], [ 77.7434, 18.2244 ], [ 77.7378, 18.2241 ], [ 77.7364, 18.2349 ], [ 77.7281, 18.2334 ], [ 77.73, 18.2438 ], [ 77.7487, 18.2422 ], [ 77.7723, 18.2333 ], [ 77.7772, 18.243 ], [ 77.7724, 18.254 ], [ 77.7812, 18.2875 ], [ 77.7792, 18.2926 ], [ 77.7511, 18.3073 ], [ 77.7502, 18.3133 ], [ 77.7585, 18.3146 ], [ 77.7577, 18.3205 ], [ 77.7684, 18.3267 ], [ 77.7937, 18.3292 ], [ 77.7972, 18.3347 ], [ 77.8185, 18.3264 ], [ 77.8188, 18.3432 ], [ 77.825, 18.3511 ], [ 77.8323, 18.3806 ], [ 77.8664, 18.3509 ], [ 77.8908, 18.2947 ], [ 77.8956, 18.2685 ] ] ] } },
{ "type": "Feature", "properties": { "unit_id": "IND.32.8.2_1", "name": "Birkur", "district": "Kamareddy", "did": "telangana:Kamareddy", "state_key": "telangana" }, "geometry": { "type": "Polygon", "coordinates": [ [ [ 77.8893, 18.4924 ], [ 77.8952, 18.4948 ], [ 77.9001, 18.4918 ], [ 77.9375, 18.4915 ], [ 77.972, 18.4735 ], [ 77.9815, 18.4592 ], [ 77.9744, 18.4446 ], [ 77.9752, 18.4257 ], [ 77.966, 18.4245 ], [ 77.9633, 18.4306 ], [ 77.9472, 18.4342 ], [ 77.9106, 18.4332 ], [ 77.9024, 18.4293 ], [ 77.894, 18.4036 ], [ 77.8828, 18.4079 ], [ 77.8558, 18.4071 ], [ 77.8469, 18.413 ], [ 77.8453, 18.4191 ], [ 77.8373, 18.4194 ], [ 77.8378, 18.4103 ], [ 77.8449, 18.4009 ], [ 77.8453, 18.3675 ], [ 77.8352, 18.3764 ], [ 77.8271, 18.3956 ], [ 77.8193, 18.4023 ], [ 77.7917, 18.4033 ], [ 77.7877, 18.4066 ], [ 77.7891, 18.4232 ], [ 77.7814, 18.4387 ], [ 77.7854, 18.4473 ], [ 77.7758, 18.4552 ], [ 77.7625, 18.4853 ], [ 77.7576, 18.4868 ], [ 77.7567, 18.5025 ], [ 77.7784, 18.5056 ], [ 77.7895, 18.4971 ], [ 77.8374, 18.5065 ], [ 77.8511, 18.5031 ], [ 77.8647, 18.508 ], [ 77.8818, 18.5014 ], [ 77.8893, 18.4924 ] ] ] } },
{ "type": "Feature", "properties": { "unit_id": "IND.32.8.2_1", "name": "Banswada", "district": "Kamareddy", "did": "telangana:Kamareddy", "state_key": "telangana" }, "geometry": { "type": "Polygon", "coordinates": [ [ [ 78.0321, 18.416 ], [ 78.0291, 18.4086 ], [ 78.0181, 18.4094 ], [ 77.9882, 18.4034 ], [ 77.9922, 18.3919 ], [ 77.9741, 18.3969 ], [ 77.9482, 18.393 ], [ 77.9503, 18.3746 ], [ 77.9355, 18.3801 ], [ 77.9337, 18.3764 ], [ 77.9222, 18.3732 ], [ 77.9223, 18.3489 ], [ 77.9302, 18.3434 ], [ 77.9231, 18.3163 ], [ 77.9062, 18.3132 ], [ 77.8952, 18.3169 ], [ 77.8891, 18.3247 ], [ 77.8757, 18.3237 ], [ 77.868, 18.3487 ], [ 77.8453, 18.3675 ], [ 77.8449, 18.4009 ], [ 77.8378, 18.4103 ], [ 77.8373, 18.4194 ], [ 77.8453, 18.4191 ], [ 77.8469, 18.413 ], [ 77.8558, 18.4071 ], [ 77.8828, 18.4079 ], [ 77.894, 18.4036 ], [ 77.9024, 18.4293 ], [ 77.9106, 18.4332 ], [ 77.9472, 18.4342 ], [ 77.9633, 18.4306 ], [ 77.966, 18.4245 ], [ 77.975, 18.4248 ], [ 77.9749, 18.4463 ], [ 78.0219, 18.4357 ], [ 78.0321, 18.416 ] ] ] } },
{ "type": "Feature", "properties": { "unit_id": "IND.32.8.2_1", "name": "Varni", "district": "Nizamabad", "did": "telangana:Nizamabad", "state_key": "telangana" }, "geometry": { "type": "Polygon", "coordinates": [ [ [ 78.0331, 18.567 ], [ 78.0284, 18.5777 ], [ 78.0297, 18.5879 ], [ 78.0347, 18.5936 ], [ 78.0441, 18.5899 ], [ 78.0368, 18.5775 ], [ 78.0425, 18.5655 ], [ 78.0408, 18.5613 ], [ 78.0484, 18.556 ], [ 78.0383, 18.5258 ], [ 78.0396, 18.5174 ], [ 78.0342, 18.5089 ], [ 78.0394, 18.5007 ], [ 78.0364, 18.4939 ], [ 78.0414, 18.4894 ], [ 78.0381, 18.4864 ], [ 78.0376, 18.4641 ], [ 78.0221, 18.4361 ], [ 77.9749, 18.4463 ], [ 77.9809, 18.4617 ], [ 77.972, 18.4735 ], [ 77.9529, 18.482 ], [ 77.9483, 18.4879 ], [ 77.9375, 18.4915 ], [ 77.9001, 18.4918 ], [ 77.8952, 18.4948 ], [ 77.8893, 18.4924 ], [ 77.8813, 18.5017 ], [ 77.8647, 18.508 ], [ 77.8537, 18.5033 ], [ 77.8468, 18.5251 ], [ 77.8547, 18.5512 ], [ 77.8409, 18.5666 ], [ 77.8411, 18.5726 ], [ 77.8614, 18.5842 ], [ 77.8731, 18.5824 ], [ 77.8774, 18.5881 ], [ 77.8803, 18.6101 ], [ 77.902, 18.5957 ], [ 77.9077, 18.5788 ], [ 77.9205, 18.5773 ], [ 77.9234, 18.5739 ], [ 77.9365, 18.5909 ], [ 77.9319, 18.6066 ], [ 77.947, 18.6192 ], [ 77.9548, 18.6211 ], [ 77.96, 18.6422 ], [ 77.9657, 18.6427 ], [ 77.9856, 18.6238 ], [ 77.9918, 18.6111 ], [ 77.9918, 18.5994 ], [ 78.0146, 18.5746 ], [ 78.0331, 18.567 ] ] ] } },
{ "type": "Feature", "properties": { "unit_id": "IND.32.8.3_1", "name": "Kotagir1", "district": "Nizamabad", "did": "telangana:Nizamabad", "state_key": "telangana" }, "geometry": { "type": "Polygon", "coordinates": [ [ [ 77.8146, 18.6597 ], [ 77.8169, 18.6449 ], [ 77.8227, 18.6446 ], [ 77.8306, 18.6341 ], [ 77.8429, 18.6306 ], [ 77.8441, 18.6265 ], [ 77.856, 18.6311 ], [ 77.8596, 18.6379 ], [ 77.8676, 18.6358 ], [ 77.8645, 18.6201 ], [ 77.8803, 18.6101 ], [ 77.8774, 18.5881 ], [ 77.8731, 18.5824 ], [ 77.8614, 18.5842 ], [ 77.8411, 18.5726 ], [ 77.8409, 18.5666 ], [ 77.8547, 18.5512 ], [ 77.8462, 18.5296 ], [ 77.8537, 18.5033 ], [ 77.8374, 18.5065 ], [ 77.7895, 18.4971 ], [ 77.7784, 18.5056 ], [ 77.7567, 18.5025 ], [ 77.7615, 18.5256 ], [ 77.7568, 18.5361 ], [ 77.7385, 18.5568 ], [ 77.737, 18.5638 ], [ 77.7503, 18.5892 ], [ 77.7457, 18.6213 ], [ 77.7347, 18.641 ], [ 77.7671, 18.6481 ], [ 77.7912, 18.6756 ], [ 77.7995, 18.6658 ], [ 77.8146, 18.6597 ] ] ] } },
{ "type": "Feature", "properties": { "unit_id": "IND.32.8.5_1", "name": "Madnur", "district": "Kamareddy", "did": "telangana:Kamareddy", "state_key": "telangana" }, "geometry": { "type": "Polygon", "coordinates": [ [ [ 77.6459, 18.5388 ], [ 77.6543, 18.5308 ], [ 77.6617, 18.5319 ], [ 77.6807, 18.5453 ], [ 77.6883, 18.545 ], [ 77.7016, 18.5552 ], [ 77.7233, 18.5533 ], [ 77.7385, 18.5568 ], [ 77.7568, 18.5361 ], [ 77.7617, 18.5175 ], [ 77.757, 18.5049 ], [ 77.7573, 18.488 ], [ 77.7306, 18.4881 ], [ 77.7233, 18.4793 ], [ 77.7345, 18.4762 ], [ 77.7347, 18.4718 ], [ 77.7054, 18.4636 ], [ 77.7042, 18.4599 ], [ 77.7186, 18.4492 ], [ 77.7073, 18.4429 ], [ 77.7048, 18.434 ], [ 77.684, 18.4239 ], [ 77.6629, 18.4265 ], [ 77.6608, 18.4157 ], [ 77.666, 18.4008 ], [ 77.6631, 18.3901 ], [ 77.6514, 18.3788 ], [ 77.6412, 18.3787 ], [ 77.6329, 18.3833 ], [ 77.6471, 18.3939 ], [ 77.6333, 18.4151 ], [ 77.619, 18.418 ], [ 77.613, 18.4078 ], [ 77.5993, 18.4117 ], [ 77.5828, 18.4108 ], [ 77.5828, 18.4325 ], [ 77.5688, 18.4322 ], [ 77.5643, 18.4373 ], [ 77.5691, 18.4429 ], [ 77.5743, 18.4418 ], [ 77.5853, 18.4468 ], [ 77.5836, 18.4562 ], [ 77.564, 18.461 ], [ 77.5508, 18.4604 ], [ 77.5484, 18.4669 ], [ 77.5729, 18.4698 ], [ 77.5764, 18.4868 ], [ 77.5923, 18.4847 ], [ 77.5943, 18.4769 ], [ 77.6031, 18.4768 ], [ 77.6047, 18.4964 ], [ 77.5944, 18.4962 ], [ 77.5859, 18.504 ], [ 77.5878, 18.5129 ], [ 77.5971, 18.5159 ], [ 77.6003, 18.5223 ], [ 77.5966, 18.5302 ], [ 77.5907, 18.5267 ], [ 77.5964, 18.5489 ], [ 77.6101, 18.5499 ], [ 77.6125, 18.5445 ], [ 77.6152, 18.5508 ], [ 77.6293, 18.5537 ], [ 77.6276, 18.5481 ], [ 77.634, 18.5439 ], [ 77.6396, 18.5549 ], [ 77.6521, 18.5518 ], [ 77.6459, 18.5388 ] ] ] } },
{ "type": "Feature", "properties": { "unit_id": "IND.32.8.5_1", "name": "Bichkunda", "district": "Kamareddy", "did": "telangana:Kamareddy", "state_key": "telangana" }, "geometry": { "type": "Polygon", "coordinates": [ [ [ 77.7625, 18.4853 ], [ 77.7735, 18.4587 ], [ 77.785, 18.4482 ], [ 77.7814, 18.4387 ], [ 77.7891, 18.4232 ], [ 77.7881, 18.4061 ], [ 77.7917, 18.4033 ], [ 77.8193, 18.4023 ], [ 77.8271, 18.3956 ], [ 77.8323, 18.3806 ], [ 77.825, 18.3511 ], [ 77.8188, 18.3432 ], [ 77.8185, 18.3264 ], [ 77.7972, 18.3347 ], [ 77.7937, 18.3292 ], [ 77.7684, 18.3267 ], [ 77.7577, 18.3205 ], [ 77.7585, 18.3146 ], [ 77.7502, 18.3133 ], [ 77.7511, 18.3073 ], [ 77.7792, 18.2926 ], [ 77.7812, 18.2875 ], [ 77.7752, 18.274 ], [ 77.7724, 18.254 ], [ 77.7774, 18.244 ], [ 77.7723, 18.2333 ], [ 77.7487, 18.2422 ], [ 77.73, 18.2438 ], [ 77.7289, 18.2534 ], [ 77.7196, 18.2603 ], [ 77.7116, 18.258 ], [ 77.7068, 18.261 ], [ 77.6876, 18.2602 ], [ 77.68, 18.2771 ], [ 77.7166, 18.2888 ], [ 77.7246, 18.3049 ], [ 77.7233, 18.3156 ], [ 77.7102, 18.3227 ], [ 77.7034, 18.3096 ], [ 77.6746, 18.3024 ], [ 77.6782, 18.3127 ], [ 77.6907, 18.3245 ], [ 77.6994, 18.321 ], [ 77.7016, 18.324 ], [ 77.6999, 18.3285 ], [ 77.7077, 18.3357 ], [ 77.7086, 18.3609 ], [ 77.6648, 18.3685 ], [ 77.6514, 18.3788 ], [ 77.6599, 18.3855 ], [ 77.6654, 18.3964 ], [ 77.662, 18.4256 ], [ 77.684, 18.4239 ], [ 77.7048, 18.434 ], [ 77.7073, 18.4429 ], [ 77.7186, 18.4492 ], [ 77.7042, 18.4623 ], [ 77.7132, 18.4675 ], [ 77.7269, 18.4677 ], [ 77.7347, 18.4718 ], [ 77.7345, 18.4762 ], [ 77.7233, 18.4793 ], [ 77.7306, 18.4881 ], [ 77.7486, 18.4892 ], [ 77.7625, 18.4853 ] ] ] } },
{ "type": "Feature", "properties": { "unit_id": "IND.32.6.4_1", "name": "Kangti", "district": "Sangareddy", "did": "telangana:Sangareddy", "state_key": "telangana" }, "geometry": { "type": "Polygon", "coordinates": [ [ [ 77.6863, 18.2665 ], [ 77.6876, 18.2602 ], [ 77.7068, 18.261 ], [ 77.7116, 18.258 ], [ 77.7196, 18.2603 ], [ 77.7289, 18.2534 ], [ 77.7281, 18.2334 ], [ 77.7364, 18.2349 ], [ 77.7378, 18.2241 ], [ 77.7434, 18.2244 ], [ 77.7421, 18.2053 ], [ 77.7075, 18.1765 ], [ 77.7236, 18.1618 ], [ 77.7399, 18.1632 ], [ 77.7319, 18.1543 ], [ 77.7334, 18.1469 ], [ 77.7189, 18.1413 ], [ 77.701, 18.1276 ], [ 77.6926, 18.1264 ], [ 77.683, 18.1108 ], [ 77.6731, 18.1043 ], [ 77.6389, 18.1259 ], [ 77.6256, 18.1263 ], [ 77.5992, 18.1208 ], [ 77.5944, 18.1327 ], [ 77.5968, 18.1559 ], [ 77.5924, 18.1554 ], [ 77.5813, 18.1623 ], [ 77.5707, 18.1922 ], [ 77.5635, 18.1954 ], [ 77.5653, 18.204 ], [ 77.5748, 18.2016 ], [ 77.5853, 18.2198 ], [ 77.5718, 18.244 ], [ 77.582, 18.2596 ], [ 77.594, 18.2644 ], [ 77.6004, 18.2756 ], [ 77.6199, 18.2745 ], [ 77.6256, 18.284 ], [ 77.6651, 18.2836 ], [ 77.6863, 18.2665 ] ] ] } },
{ "type": "Feature", "properties": { "unit_id": "IND.32.8.5_1", "name": "Jukkal", "district": "Kamareddy", "did": "telangana:Kamareddy", "state_key": "telangana" }, "geometry": { "type": "Polygon", "coordinates": [ [ [ 77.5643, 18.4373 ], [ 77.5688, 18.4322 ], [ 77.5828, 18.4325 ], [ 77.5837, 18.4102 ], [ 77.5993, 18.4117 ], [ 77.6141, 18.4079 ], [ 77.619, 18.418 ], [ 77.6333, 18.4151 ], [ 77.6471, 18.3939 ], [ 77.6334, 18.3844 ], [ 77.6339, 18.3813 ], [ 77.6514, 18.3788 ], [ 77.6621, 18.3698 ], [ 77.6739, 18.3658 ], [ 77.7077, 18.3619 ], [ 77.7077, 18.3357 ], [ 77.6999, 18.3285 ], [ 77.7016, 18.324 ], [ 77.6994, 18.321 ], [ 77.6907, 18.3245 ], [ 77.6782, 18.3127 ], [ 77.6746, 18.3024 ], [ 77.7034, 18.3096 ], [ 77.7102, 18.3227 ], [ 77.7233, 18.3156 ], [ 77.7244, 18.3113 ], [ 77.7166, 18.2888 ], [ 77.6801, 18.2771 ], [ 77.6823, 18.2696 ], [ 77.6647, 18.2837 ], [ 77.6406, 18.286 ], [ 77.6254, 18.2839 ], [ 77.6199, 18.2745 ], [ 77.6006, 18.2755 ], [ 77.6054, 18.2813 ], [ 77.5818, 18.2854 ], [ 77.5728, 18.2932 ], [ 77.5621, 18.2848 ], [ 77.5514, 18.2919 ], [ 77.5533, 18.2981 ], [ 77.5714, 18.3088 ], [ 77.5705, 18.3181 ], [ 77.558, 18.3314 ], [ 77.5257, 18.3421 ], [ 77.5202, 18.3572 ], [ 77.5255, 18.3727 ], [ 77.5386, 18.3859 ], [ 77.5516, 18.3889 ], [ 77.5567, 18.4192 ], [ 77.5282, 18.4289 ], [ 77.5285, 18.4434 ], [ 77.548, 18.4432 ], [ 77.5643, 18.4373 ] ] ] } },
{ "type": "Feature", "properties": { "unit_id": "IND.32.1.7_1", "name": "Kubir", "district": "Nirmal", "did": "telangana:Nirmal", "state_key": "telangana" }, "geometry": { "type": "Polygon", "coordinates": [ [ [ 77.9668, 19.3267 ], [ 77.9776, 19.3227 ], [ 77.9853, 19.3095 ], [ 77.9987, 19.2998 ], [ 78.0135, 19.2947 ], [ 78.0148, 19.279 ], [ 78.0425, 19.2706 ], [ 78.0359, 19.2506 ], [ 78.0416, 19.2434 ], [ 78.0557, 19.2371 ], [ 78.0452, 19.2103 ], [ 78.0382, 19.2044 ], [ 78.0288, 19.1755 ], [ 78.0229, 19.1695 ], [ 77.9996, 19.1764 ], [ 78.0051, 19.2038 ], [ 77.9907, 19.211 ], [ 77.9864, 19.2174 ], [ 77.9744, 19.2196 ], [ 77.9732, 19.2044 ], [ 77.9636, 19.1839 ], [ 77.9687, 19.1736 ], [ 77.9798, 19.1718 ], [ 77.9697, 19.1565 ], [ 77.9406, 19.1677 ], [ 77.9301, 19.1681 ], [ 77.9256, 19.1739 ], [ 77.9127, 19.177 ], [ 77.9066, 19.1576 ], [ 77.8969, 19.1439 ], [ 77.8789, 19.1632 ], [ 77.8705, 19.1653 ], [ 77.87, 19.154 ], [ 77.8525, 19.1558 ], [ 77.8557, 19.1765 ], [ 77.8605, 19.1804 ], [ 77.8477, 19.1896 ], [ 77.866, 19.2264 ], [ 77.8714, 19.255 ], [ 77.8746, 19.2536 ], [ 77.875, 19.2588 ], [ 77.89, 19.2609 ], [ 77.9028, 19.2565 ], [ 77.9076, 19.2682 ], [ 77.9035, 19.278 ], [ 77.8656, 19.2838 ], [ 77.8634, 19.3041 ], [ 77.89, 19.3133 ], [ 77.8943, 19.3205 ], [ 77.9115, 19.3163 ], [ 77.928, 19.3322 ], [ 77.9382, 19.3341 ], [ 77.9425, 19.3424 ], [ 77.9619, 19.3356 ], [ 77.9668, 19.3267 ] ] ] } },
{ "type": "Feature", "properties": { "unit_id": "IND.32.1.7_1", "name": "Bhainsa", "district": "Nirmal", "did": "telangana:Nirmal", "state_key": "telangana" }, "geometry": { "type": "Polygon", "coordinates": [ [ [ 77.9907, 19.211 ], [ 78.0051, 19.2038 ], [ 77.9996, 19.1764 ], [ 78.0229, 19.1695 ], [ 78.0205, 19.1635 ], [ 78.0317, 19.1454 ], [ 78.0614, 19.1404 ], [ 78.0588, 19.1267 ], [ 78.0861, 19.1183 ], [ 78.084, 19.1098 ], [ 78.091, 19.1033 ], [ 78.0912, 19.0914 ], [ 78.083, 19.0908 ], [ 78.0742, 19.0955 ], [ 78.0735, 19.0801 ], [ 78.0538, 19.0802 ], [ 78.0359, 19.0645 ], [ 78.0198, 19.0719 ], [ 78.0117, 19.0676 ], [ 78.0047, 19.0336 ], [ 77.9729, 19.0377 ], [ 77.9689, 19.0345 ], [ 77.9488, 19.0402 ], [ 77.9467, 19.037 ], [ 77.9269, 19.0439 ], [ 77.924, 19.0554 ], [ 77.9163, 19.0523 ], [ 77.8826, 19.0558 ], [ 77.8759, 19.0724 ], [ 77.882, 19.0688 ], [ 77.8881, 19.0753 ], [ 77.9068, 19.0791 ], [ 77.9077, 19.0843 ], [ 77.8924, 19.0966 ], [ 77.9008, 19.1255 ], [ 77.8969, 19.1439 ], [ 77.9066, 19.1576 ], [ 77.9127, 19.177 ], [ 77.9256, 19.1739 ], [ 77.9301, 19.1681 ], [ 77.9406, 19.1677 ], [ 77.9697, 19.1565 ], [ 77.9798, 19.1718 ], [ 77.9687, 19.1736 ], [ 77.9636, 19.1839 ], [ 77.9732, 19.2044 ], [ 77.9744, 19.2196 ], [ 77.9864, 19.2174 ], [ 77.9907, 19.211 ] ] ] } },
{ "type": "Feature", "properties": { "unit_id": "IND.32.1.8_1", "name": "Kuntala", "district": "Nirmal", "did": "telangana:Nirmal", "state_key": "telangana" }, "geometry": { "type": "Polygon", "coordinates": [ [ [ 78.0953, 19.2437 ], [ 78.1132, 19.2444 ], [ 78.117, 19.2486 ], [ 78.1445, 19.2294 ], [ 78.151, 19.2295 ], [ 78.1584, 19.2358 ], [ 78.1753, 19.2376 ], [ 78.1767, 19.2405 ], [ 78.1844, 19.2292 ], [ 78.1882, 19.1773 ], [ 78.1821, 19.1664 ], [ 78.1875, 19.1633 ], [ 78.1761, 19.1583 ], [ 78.169, 19.1641 ], [ 78.1628, 19.1604 ], [ 78.158, 19.1644 ], [ 78.1491, 19.1586 ], [ 78.1512, 19.1501 ], [ 78.1444, 19.1443 ], [ 78.1506, 19.1386 ], [ 78.1579, 19.1381 ], [ 78.1513, 19.1201 ], [ 78.1501, 19.0859 ], [ 78.1313, 19.0759 ], [ 78.1028, 19.085 ], [ 78.0905, 19.0792 ], [ 78.0806, 19.0832 ], [ 78.0741, 19.0804 ], [ 78.0742, 19.0955 ], [ 78.083, 19.0908 ], [ 78.0913, 19.0915 ], [ 78.0908, 19.104 ], [ 78.084, 19.1098 ], [ 78.0861, 19.1183 ], [ 78.0588, 19.1267 ], [ 78.0614, 19.1404 ], [ 78.0317, 19.1454 ], [ 78.0205, 19.1635 ], [ 78.0595, 19.2431 ], [ 78.0791, 19.2548 ], [ 78.0824, 19.2432 ], [ 78.0888, 19.2396 ], [ 78.0953, 19.2437 ] ] ] } }
]
}
