{
"type": "FeatureCollection",
"crs": { "type": "name", "properties": { "name": "urn:ogc:def:crs:OGC:1.3:CRS84" } },
"xy_coordinate_resolution": 0.0001,
"features": [
{ "type": "Feature", "properties": { "unit_id": "IND.15.24.1_1", "name": "Kersai", "district": "Simdega", "did": "jharkhand:Simdega", "state_key": "jharkhand" }, "geometry": { "type": "Polygon", "coordinates": [ [ [ 84.2854, 22.6566 ], [ 84.2933, 22.6545 ], [ 84.288, 22.6394 ], [ 84.282, 22.6376 ], [ 84.2893, 22.633 ], [ 84.2887, 22.6243 ], [ 84.3039, 22.6204 ], [ 84.3051, 22.6066 ], [ 84.3147, 22.5939 ], [ 84.3075, 22.5876 ], [ 84.3043, 22.5682 ], [ 84.2829, 22.5538 ], [ 84.289, 22.5358 ], [ 84.284, 22.5242 ], [ 84.2836, 22.4998 ], [ 84.2652, 22.5032 ], [ 84.2521, 22.5105 ], [ 84.2439, 22.4968 ], [ 84.2269, 22.4997 ], [ 84.2168, 22.4953 ], [ 84.2206, 22.4847 ], [ 84.2243, 22.4855 ], [ 84.225, 22.4701 ], [ 84.2167, 22.4515 ], [ 84.2038, 22.4525 ], [ 84.1835, 22.4357 ], [ 84.1585, 22.4059 ], [ 84.1413, 22.4241 ], [ 84.1389, 22.4478 ], [ 84.1421, 22.4716 ], [ 84.1288, 22.4776 ], [ 84.1276, 22.4843 ], [ 84.1313, 22.5096 ], [ 84.1431, 22.5071 ], [ 84.1506, 22.4991 ], [ 84.1577, 22.5004 ], [ 84.163, 22.4956 ], [ 84.1881, 22.4979 ], [ 84.1954, 22.5087 ], [ 84.2014, 22.5107 ], [ 84.2011, 22.5159 ], [ 84.1919, 22.5256 ], [ 84.1891, 22.5227 ], [ 84.1826, 22.5249 ], [ 84.1732, 22.5369 ], [ 84.1616, 22.5386 ], [ 84.1633, 22.543 ], [ 84.1592, 22.5483 ], [ 84.1638, 22.5595 ], [ 84.1831, 22.5688 ], [ 84.1987, 22.5718 ], [ 84.2101, 22.5622 ], [ 84.2209, 22.5707 ], [ 84.2357, 22.5698 ], [ 84.2478, 22.574 ], [ 84.2637, 22.5857 ], [ 84.2604, 22.5857 ], [ 84.2622, 22.5902 ], [ 84.2341, 22.6023 ], [ 84.2133, 22.6328 ], [ 84.1978, 22.6346 ], [ 84.1831, 22.6273 ], [ 84.1763, 22.6506 ], [ 84.188, 22.6552 ], [ 84.2002, 22.6665 ], [ 84.2079, 22.6684 ], [ 84.2175, 22.6658 ], [ 84.2309, 22.6732 ], [ 84.2586, 22.6702 ], [ 84.2782, 22.6728 ], [ 84.287, 22.6618 ], [ 84.2854, 22.6566 ] ] ] } },
{ "type": "Feature", "properties": { "unit_id": "IND.15.24.1_1", "name": "Bolba", "district": "Simdega", "did": "jharkhand:Simdega", "state_key": "jharkhand" }, "geometry": { "type": "Polygon", "coordinates": [ [ [ 84.2939, 22.4704 ], [ 84.3221, 22.4786 ], [ 84.3304, 22.4571 ], [ 84.3451, 22.44 ], [ 84.3978, 22.4225 ], [ 84.4172, 22.4052 ], [ 84.448, 22.3982 ], [ 84.4559, 22.3812 ], [ 84.4324, 22.3724 ], [ 84.4307, 22.364 ], [ 84.4343, 22.3605 ], [ 84.429, 22.3538 ], [ 84.4162, 22.3528 ], [ 84.4003, 22.3465 ], [ 84.383, 22.3491 ], [ 84.3703, 22.3557 ], [ 84.3656, 22.3482 ], [ 84.2941, 22.3412 ], [ 84.29, 22.3469 ], [ 84.2688, 22.3546 ], [ 84.2515, 22.3781 ], [ 84.199, 22.3758 ], [ 84.1849, 22.3902 ], [ 84.1585, 22.4059 ], [ 84.1835, 22.4357 ], [ 84.2038, 22.4525 ], [ 84.2167, 22.4515 ], [ 84.225, 22.4701 ], [ 84.2243, 22.4855 ], [ 84.2206, 22.4847 ], [ 84.2168, 22.4953 ], [ 84.2269, 22.4997 ], [ 84.2439, 22.4968 ], [ 84.251, 22.5101 ], [ 84.2836, 22.4998 ], [ 84.2939, 22.4704 ] ] ] } },
{ "type": "Feature", "properties": { "unit_id": "IND.15.24.1_1", "name": "Thftaitangar", "district": "Simdega", "did": "jharkhand:Simdega", "state_key": "jharkhand" }, "geometry": { "type": "Polygon", "coordinates": [ [ [ 84.6565, 22.602 ], [ 84.666, 22.5999 ], [ 84.677, 22.5882 ], [ 84.651, 22.5636 ], [ 84.6391, 22.5599 ], [ 84.6207, 22.5168 ], [ 84.6272, 22.5058 ], [ 84.6064, 22.4999 ], [ 84.6012, 22.4916 ], [ 84.614, 22.4878 ], [ 84.6144, 22.4769 ], [ 84.628, 22.4701 ], [ 84.6179, 22.4611 ], [ 84.6109, 22.4455 ], [ 84.6293, 22.4401 ], [ 84.6249, 22.4327 ], [ 84.6026, 22.4288 ], [ 84.5979, 22.4348 ], [ 84.5942, 22.4301 ], [ 84.5493, 22.421 ], [ 84.5469, 22.4261 ], [ 84.5362, 22.4274 ], [ 84.5244, 22.42 ], [ 84.5106, 22.421 ], [ 84.483, 22.4135 ], [ 84.4767, 22.4053 ], [ 84.4788, 22.3941 ], [ 84.4851, 22.3894 ], [ 84.4606, 22.379 ], [ 84.4559, 22.3809 ], [ 84.4464, 22.3992 ], [ 84.4172, 22.4052 ], [ 84.3978, 22.4225 ], [ 84.3427, 22.4417 ], [ 84.3304, 22.4571 ], [ 84.3221, 22.4786 ], [ 84.2986, 22.4708 ], [ 84.2913, 22.4736 ], [ 84.2832, 22.4976 ], [ 84.284, 22.5242 ], [ 84.289, 22.5358 ], [ 84.2829, 22.5538 ], [ 84.3066, 22.5699 ], [ 84.3144, 22.5807 ], [ 84.322, 22.579 ], [ 84.3498, 22.5903 ], [ 84.3721, 22.5873 ], [ 84.3791, 22.5943 ], [ 84.3862, 22.5947 ], [ 84.3956, 22.5883 ], [ 84.3987, 22.5659 ], [ 84.4182, 22.5742 ], [ 84.4273, 22.5857 ], [ 84.4244, 22.5946 ], [ 84.431, 22.6006 ], [ 84.4389, 22.5907 ], [ 84.4539, 22.5942 ], [ 84.4796, 22.5898 ], [ 84.4928, 22.5829 ], [ 84.5039, 22.5861 ], [ 84.5172, 22.5801 ], [ 84.5239, 22.5864 ], [ 84.5223, 22.5932 ], [ 84.5624, 22.5857 ], [ 84.5651, 22.5717 ], [ 84.6222, 22.5627 ], [ 84.6262, 22.5742 ], [ 84.6032, 22.5825 ], [ 84.5969, 22.5953 ], [ 84.612, 22.6134 ], [ 84.6321, 22.6234 ], [ 84.6537, 22.6127 ], [ 84.6565, 22.602 ] ] ] } },
{ "type": "Feature", "properties": { "unit_id": "IND.15.24.1_1", "name": "Simdega", "district": "Simdega", "did": "jharkhand:Simdega", "state_key": "jharkhand" }, "geometry": { "type": "Polygon", "coordinates": [ [ [ 84.3253, 22.764 ], [ 84.3367, 22.7486 ], [ 84.3266, 22.7313 ], [ 84.3156, 22.7302 ], [ 84.3173, 22.7055 ], [ 84.3096, 22.6961 ], [ 84.3159, 22.6889 ], [ 84.3328, 22.6848 ], [ 84.3324, 22.678 ], [ 84.3534, 22.6662 ], [ 84.3527, 22.6612 ], [ 84.3716, 22.6641 ], [ 84.3735, 22.6693 ], [ 84.3798, 22.6615 ], [ 84.4086, 22.6678 ], [ 84.4136, 22.6652 ], [ 84.4165, 22.656 ], [ 84.43, 22.6493 ], [ 84.4355, 22.6329 ], [ 84.4583, 22.6434 ], [ 84.4625, 22.649 ], [ 84.4844, 22.6561 ], [ 84.4809, 22.6691 ], [ 84.4859, 22.6969 ], [ 84.481, 22.7009 ], [ 84.4802, 22.7105 ], [ 84.4946, 22.7044 ], [ 84.4988, 22.7136 ], [ 84.5188, 22.7082 ], [ 84.5204, 22.7218 ], [ 84.5265, 22.7225 ], [ 84.5354, 22.718 ], [ 84.5408, 22.7252 ], [ 84.5344, 22.7311 ], [ 84.5342, 22.7462 ], [ 84.5393, 22.7615 ], [ 84.5435, 22.765 ], [ 84.5484, 22.7634 ], [ 84.5641, 22.7473 ], [ 84.5694, 22.747 ], [ 84.5593, 22.7309 ], [ 84.5701, 22.7287 ], [ 84.5856, 22.716 ], [ 84.5954, 22.713 ], [ 84.6109, 22.6767 ], [ 84.6195, 22.6686 ], [ 84.6161, 22.6404 ], [ 84.6207, 22.6294 ], [ 84.6321, 22.6234 ], [ 84.6119, 22.6133 ], [ 84.5969, 22.5953 ], [ 84.6032, 22.5825 ], [ 84.6262, 22.5742 ], [ 84.6241, 22.5641 ], [ 84.5888, 22.5663 ], [ 84.5651, 22.5717 ], [ 84.5624, 22.5857 ], [ 84.5223, 22.5932 ], [ 84.5239, 22.5864 ], [ 84.5172, 22.5801 ], [ 84.5039, 22.5861 ], [ 84.4928, 22.5829 ], [ 84.4796, 22.5898 ], [ 84.4539, 22.5942 ], [ 84.4389, 22.5907 ], [ 84.431, 22.6006 ], [ 84.4244, 22.5946 ], [ 84.4273, 22.5857 ], [ 84.4182, 22.5742 ], [ 84.3987, 22.5659 ], [ 84.3956, 22.5883 ], [ 84.386, 22.5947 ], [ 84.3791, 22.5943 ], [ 84.3721, 22.5873 ], [ 84.3498, 22.5903 ], [ 84.322, 22.579 ], [ 84.3155, 22.5811 ], [ 84.3043, 22.5682 ], [ 84.3075, 22.5876 ], [ 84.3147, 22.5944 ], [ 84.3051, 22.6066 ], [ 84.3039, 22.6204 ], [ 84.2887, 22.6243 ], [ 84.2893, 22.633 ], [ 84.282, 22.6376 ], [ 84.288, 22.6394 ], [ 84.2933, 22.6545 ], [ 84.2854, 22.6566 ], [ 84.287, 22.6618 ], [ 84.2822, 22.6696 ], [ 84.2782, 22.6728 ], [ 84.2586, 22.6702 ], [ 84.2459, 22.6735 ], [ 84.2261, 22.6718 ], [ 84.2382, 22.6915 ], [ 84.2329, 22.7003 ], [ 84.2298, 22.7281 ], [ 84.2326, 22.7418 ], [ 84.2608, 22.7674 ], [ 84.276, 22.7687 ], [ 84.2861, 22.7632 ], [ 84.2919, 22.7743 ], [ 84.3137, 22.7646 ], [ 84.3253, 22.764 ] ] ] } },
{ "type": "Feature", "properties": { "unit_id": "IND.15.24.1_1", "name": "Pakardanr", "district": "Simdega", "did": "jharkhand:Simdega", "state_key": "jharkhand" }, "geometry": { "type": "Polygon", "coordinates": [ [ [ 84.4994, 22.8238 ], [ 84.5034, 22.8247 ], [ 84.5025, 22.7986 ], [ 84.5248, 22.7967 ], [ 84.5311, 22.7917 ], [ 84.55, 22.7941 ], [ 84.5555, 22.7893 ], [ 84.5562, 22.7762 ], [ 84.5443, 22.766 ], [ 84.5312, 22.7692 ], [ 84.5258, 22.7615 ], [ 84.5189, 22.7624 ], [ 84.5157, 22.7546 ], [ 84.5282, 22.7408 ], [ 84.5342, 22.7462 ], [ 84.5344, 22.7311 ], [ 84.5404, 22.727 ], [ 84.5393, 22.7214 ], [ 84.5354, 22.718 ], [ 84.5265, 22.7225 ], [ 84.5204, 22.7218 ], [ 84.5188, 22.7082 ], [ 84.4988, 22.7136 ], [ 84.4946, 22.7044 ], [ 84.4802, 22.7105 ], [ 84.481, 22.7009 ], [ 84.4859, 22.6969 ], [ 84.4809, 22.6691 ], [ 84.4844, 22.6561 ], [ 84.4625, 22.649 ], [ 84.4583, 22.6434 ], [ 84.4355, 22.6329 ], [ 84.43, 22.6493 ], [ 84.4165, 22.656 ], [ 84.4136, 22.6652 ], [ 84.4086, 22.6678 ], [ 84.3798, 22.6615 ], [ 84.3735, 22.6693 ], [ 84.3716, 22.6641 ], [ 84.3527, 22.6612 ], [ 84.3534, 22.6662 ], [ 84.3324, 22.678 ], [ 84.3328, 22.6848 ], [ 84.3181, 22.6875 ], [ 84.3096, 22.6961 ], [ 84.3173, 22.7055 ], [ 84.316, 22.7309 ], [ 84.3266, 22.7313 ], [ 84.3367, 22.7486 ], [ 84.3435, 22.7468 ], [ 84.354, 22.7504 ], [ 84.3492, 22.762 ], [ 84.3719, 22.7543 ], [ 84.3797, 22.7646 ], [ 84.3841, 22.7637 ], [ 84.3879, 22.7679 ], [ 84.3914, 22.7658 ], [ 84.3915, 22.775 ], [ 84.3993, 22.7765 ], [ 84.4164, 22.7649 ], [ 84.4213, 22.7808 ], [ 84.4353, 22.7982 ], [ 84.4293, 22.8111 ], [ 84.4408, 22.809 ], [ 84.4481, 22.8125 ], [ 84.451, 22.8164 ], [ 84.4494, 22.8349 ], [ 84.4532, 22.8375 ], [ 84.4815, 22.8333 ], [ 84.4994, 22.8238 ] ] ] } },
{ "type": "Feature", "properties": { "unit_id": "IND.15.9.1_1", "name": "Palkot", "district": "Gumla", "did": "jharkhand:Gumla", "state_key": "jharkhand" }, "geometry": { "type": "Polygon", "coordinates": [ [ [ 84.7113, 22.9597 ], [ 84.7208, 22.9602 ], [ 84.7324, 22.9533 ], [ 84.7371, 22.943 ], [ 84.7351, 22.936 ], [ 84.7533, 22.9157 ], [ 84.7533, 22.9007 ], [ 84.7577, 22.8931 ], [ 84.7558, 22.8898 ], [ 84.7478, 22.8906 ], [ 84.7465, 22.8819 ], [ 84.7379, 22.8732 ], [ 84.7437, 22.8684 ], [ 84.7409, 22.8632 ], [ 84.7441, 22.8598 ], [ 84.7432, 22.8406 ], [ 84.7371, 22.8326 ], [ 84.7272, 22.8309 ], [ 84.725, 22.8167 ], [ 84.7194, 22.8149 ], [ 84.7193, 22.8069 ], [ 84.7305, 22.801 ], [ 84.7172, 22.7838 ], [ 84.7229, 22.7826 ], [ 84.7218, 22.7792 ], [ 84.728, 22.7777 ], [ 84.7293, 22.7731 ], [ 84.7247, 22.7655 ], [ 84.7043, 22.7648 ], [ 84.6973, 22.7575 ], [ 84.6975, 22.7435 ], [ 84.6871, 22.7372 ], [ 84.6697, 22.7394 ], [ 84.6671, 22.7316 ], [ 84.6623, 22.7307 ], [ 84.6491, 22.7396 ], [ 84.6453, 22.7316 ], [ 84.6134, 22.7339 ], [ 84.6044, 22.7309 ], [ 84.6051, 22.723 ], [ 84.5982, 22.7218 ], [ 84.5922, 22.7128 ], [ 84.5701, 22.7287 ], [ 84.5593, 22.7309 ], [ 84.5694, 22.747 ], [ 84.5641, 22.7473 ], [ 84.5468, 22.7643 ], [ 84.5393, 22.7615 ], [ 84.5372, 22.7511 ], [ 84.5288, 22.7406 ], [ 84.5226, 22.744 ], [ 84.5218, 22.7511 ], [ 84.5157, 22.7542 ], [ 84.5189, 22.7624 ], [ 84.5258, 22.7615 ], [ 84.5312, 22.7692 ], [ 84.5437, 22.7659 ], [ 84.5531, 22.7706 ], [ 84.5555, 22.7893 ], [ 84.5467, 22.795 ], [ 84.5311, 22.7917 ], [ 84.5248, 22.7967 ], [ 84.5025, 22.7986 ], [ 84.5034, 22.8247 ], [ 84.4994, 22.8238 ], [ 84.4815, 22.8333 ], [ 84.4575, 22.8373 ], [ 84.4668, 22.8439 ], [ 84.4685, 22.8514 ], [ 84.4629, 22.8603 ], [ 84.4699, 22.8768 ], [ 84.4763, 22.8836 ], [ 84.4947, 22.8842 ], [ 84.5011, 22.8975 ], [ 84.5124, 22.9054 ], [ 84.5252, 22.8984 ], [ 84.5548, 22.9077 ], [ 84.5564, 22.9119 ], [ 84.5513, 22.9141 ], [ 84.5434, 22.9359 ], [ 84.5377, 22.9436 ], [ 84.5314, 22.9444 ], [ 84.5255, 22.9535 ], [ 84.5299, 22.9567 ], [ 84.5261, 22.9632 ], [ 84.547, 22.9618 ], [ 84.5576, 22.9563 ], [ 84.5592, 22.9618 ], [ 84.5633, 22.9589 ], [ 84.5758, 22.9608 ], [ 84.5788, 22.9724 ], [ 84.5946, 22.9703 ], [ 84.5999, 22.974 ], [ 84.6021, 22.988 ], [ 84.6074, 22.9903 ], [ 84.618, 22.9879 ], [ 84.617, 22.9753 ], [ 84.6255, 22.9694 ], [ 84.6359, 22.9746 ], [ 84.6469, 22.9678 ], [ 84.6737, 22.9638 ], [ 84.6834, 22.9726 ], [ 84.6906, 22.9892 ], [ 84.7068, 22.9796 ], [ 84.7035, 22.9719 ], [ 84.7113, 22.9597 ] ] ] } },
{ "type": "Feature", "properties": { "unit_id": "IND.15.24.1_1", "name": "Kurdeg", "district": "Simdega", "did": "jharkhand:Simdega", "state_key": "jharkhand" }, "geometry": { "type": "Polygon", "coordinates": [ [ [ 84.1978, 22.6346 ], [ 84.2134, 22.6328 ], [ 84.2341, 22.6023 ], [ 84.2622, 22.5902 ], [ 84.2604, 22.5857 ], [ 84.2637, 22.5857 ], [ 84.2478, 22.574 ], [ 84.2357, 22.5698 ], [ 84.2209, 22.5707 ], [ 84.2101, 22.5622 ], [ 84.1987, 22.5718 ], [ 84.1831, 22.5688 ], [ 84.1638, 22.5595 ], [ 84.1592, 22.5483 ], [ 84.1633, 22.543 ], [ 84.1616, 22.5386 ], [ 84.1732, 22.5369 ], [ 84.1826, 22.5249 ], [ 84.1891, 22.5227 ], [ 84.1919, 22.5256 ], [ 84.2011, 22.5159 ], [ 84.2014, 22.5107 ], [ 84.1954, 22.5087 ], [ 84.1881, 22.4979 ], [ 84.163, 22.4956 ], [ 84.132, 22.5101 ], [ 84.1288, 22.4776 ], [ 84.1151, 22.4752 ], [ 84.1063, 22.4806 ], [ 84.1079, 22.4838 ], [ 84.0903, 22.4893 ], [ 84.0702, 22.5014 ], [ 84.0755, 22.5062 ], [ 84.0651, 22.5076 ], [ 84.0597, 22.5164 ], [ 84.0531, 22.5129 ], [ 84.0492, 22.517 ], [ 84.0366, 22.516 ], [ 84.0296, 22.5192 ], [ 84.0255, 22.5258 ], [ 84.0129, 22.5234 ], [ 84.0092, 22.5256 ], [ 84.0123, 22.5277 ], [ 84.0028, 22.5459 ], [ 84.0077, 22.5525 ], [ 84.0095, 22.573 ], [ 84.0242, 22.5858 ], [ 84.0244, 22.5918 ], [ 84.0541, 22.5981 ], [ 84.084, 22.6381 ], [ 84.0934, 22.6349 ], [ 84.1108, 22.6398 ], [ 84.1507, 22.6365 ], [ 84.1763, 22.6506 ], [ 84.1831, 22.6273 ], [ 84.1978, 22.6346 ] ] ] } },
{ "type": "Feature", "properties": { "unit_id": "IND.15.9.1_1", "name": "Dumri", "district": "Gumla", "did": "jharkhand:Gumla", "state_key": "jharkhand" }, "geometry": { "type": "Polygon", "coordinates": [ [ [ 84.1343, 23.3412 ], [ 84.15, 23.3352 ], [ 84.1922, 23.3254 ], [ 84.1893, 23.3173 ], [ 84.1995, 23.305 ], [ 84.2268, 23.2945 ], [ 84.2256, 23.2872 ], [ 84.2206, 23.2862 ], [ 84.2242, 23.2817 ], [ 84.2292, 23.2824 ], [ 84.2415, 23.2629 ], [ 84.2236, 23.2553 ], [ 84.2263, 23.2456 ], [ 84.2167, 23.2311 ], [ 84.1887, 23.2235 ], [ 84.1813, 23.2274 ], [ 84.1533, 23.2127 ], [ 84.1565, 23.2074 ], [ 84.1537, 23.1903 ], [ 84.1656, 23.1814 ], [ 84.1752, 23.1822 ], [ 84.1734, 23.1748 ], [ 84.182, 23.1732 ], [ 84.1817, 23.1652 ], [ 84.1882, 23.1606 ], [ 84.1858, 23.1566 ], [ 84.195, 23.152 ], [ 84.2028, 23.137 ], [ 84.2089, 23.1147 ], [ 84.2015, 23.1197 ], [ 84.1897, 23.1206 ], [ 84.1753, 23.1142 ], [ 84.1683, 23.1049 ], [ 84.1677, 23.1107 ], [ 84.1642, 23.1105 ], [ 84.1524, 23.0986 ], [ 84.1519, 23.0931 ], [ 84.145, 23.0897 ], [ 84.1297, 23.0927 ], [ 84.1221, 23.088 ], [ 84.1157, 23.09 ], [ 84.1057, 23.1051 ], [ 84.0932, 23.1128 ], [ 84.0724, 23.109 ], [ 84.0626, 23.1134 ], [ 84.0583, 23.1262 ], [ 84.0375, 23.1399 ], [ 84.0319, 23.1578 ], [ 84.0429, 23.1826 ], [ 84.0565, 23.1932 ], [ 84.0632, 23.2056 ], [ 84.0558, 23.2203 ], [ 84.0591, 23.236 ], [ 84.0537, 23.2473 ], [ 84.0646, 23.2747 ], [ 84.0625, 23.2884 ], [ 84.0681, 23.2938 ], [ 84.0622, 23.3077 ], [ 84.0743, 23.3338 ], [ 84.0974, 23.3313 ], [ 84.1001, 23.3391 ], [ 84.1074, 23.3436 ], [ 84.113, 23.343 ], [ 84.1161, 23.3507 ], [ 84.1317, 23.3462 ], [ 84.1343, 23.3412 ] ] ] } },
{ "type": "Feature", "properties": { "unit_id": "IND.15.9.1_1", "name": "Albert Ekka (jari)", "district": "Gumla", "did": "jharkhand:Gumla", "state_key": "jharkhand" }, "geometry": { "type": "Polygon", "coordinates": [ [ [ 84.2089, 23.1147 ], [ 84.2112, 23.1064 ], [ 84.2294, 23.1065 ], [ 84.2373, 23.11 ], [ 84.2481, 23.1044 ], [ 84.2528, 23.0871 ], [ 84.2622, 23.0848 ], [ 84.2651, 23.0731 ], [ 84.2908, 23.0657 ], [ 84.286, 23.058 ], [ 84.2926, 23.0469 ], [ 84.2959, 23.0433 ], [ 84.3096, 23.0409 ], [ 84.3021, 23.0316 ], [ 84.305, 23.0188 ], [ 84.2964, 23.0073 ], [ 84.3001, 23.0014 ], [ 84.3125, 22.9963 ], [ 84.3132, 22.9838 ], [ 84.3207, 22.9779 ], [ 84.3096, 22.9683 ], [ 84.2805, 22.964 ], [ 84.2737, 22.9837 ], [ 84.2785, 22.987 ], [ 84.2778, 22.9934 ], [ 84.253, 22.9729 ], [ 84.241, 22.9836 ], [ 84.2187, 22.9793 ], [ 84.2166, 22.989 ], [ 84.2008, 23.0053 ], [ 84.2017, 23.0211 ], [ 84.1858, 23.0271 ], [ 84.1802, 23.0244 ], [ 84.1752, 23.0095 ], [ 84.1787, 23.0005 ], [ 84.175, 22.9971 ], [ 84.1781, 22.9811 ], [ 84.1755, 22.976 ], [ 84.1718, 22.9708 ], [ 84.1492, 22.9657 ], [ 84.1473, 22.988 ], [ 84.1382, 23.004 ], [ 84.1402, 23.0096 ], [ 84.1255, 23.0365 ], [ 84.1247, 23.0479 ], [ 84.1339, 23.0686 ], [ 84.1344, 23.0794 ], [ 84.1251, 23.092 ], [ 84.145, 23.0897 ], [ 84.1519, 23.0931 ], [ 84.1524, 23.0986 ], [ 84.1642, 23.1105 ], [ 84.1677, 23.1107 ], [ 84.1683, 23.1049 ], [ 84.1753, 23.1142 ], [ 84.1897, 23.1206 ], [ 84.1981, 23.1204 ], [ 84.2089, 23.1147 ] ] ] } },
{ "type": "Feature", "properties": { "unit_id": "IND.15.9.1_1", "name": "Raidih", "district": "Gumla", "did": "jharkhand:Gumla", "state_key": "jharkhand" }, "geometry": { "type": "Polygon", "coordinates": [ [ [ 84.4129, 23.0636 ], [ 84.4162, 23.0684 ], [ 84.4274, 23.0454 ], [ 84.4393, 23.0511 ], [ 84.4394, 23.0411 ], [ 84.4495, 23.0342 ], [ 84.4645, 23.0363 ], [ 84.4691, 23.041 ], [ 84.4688, 23.0482 ], [ 84.4859, 23.0499 ], [ 84.4887, 23.0355 ], [ 84.4812, 23.012 ], [ 84.4856, 23.0088 ], [ 84.4853, 23.0015 ], [ 84.504, 23.0034 ], [ 84.5031, 23.0076 ], [ 84.5109, 23.0054 ], [ 84.5208, 22.9943 ], [ 84.5436, 22.9898 ], [ 84.5451, 22.9799 ], [ 84.5542, 22.9795 ], [ 84.5568, 22.9746 ], [ 84.5638, 22.975 ], [ 84.5576, 22.9563 ], [ 84.547, 22.9618 ], [ 84.5256, 22.9626 ], [ 84.5299, 22.9567 ], [ 84.5259, 22.955 ], [ 84.5267, 22.9511 ], [ 84.5314, 22.9444 ], [ 84.5377, 22.9436 ], [ 84.5432, 22.9309 ], [ 84.5491, 22.9267 ], [ 84.5513, 22.9141 ], [ 84.5564, 22.9119 ], [ 84.5536, 22.9064 ], [ 84.5267, 22.8985 ], [ 84.5124, 22.9054 ], [ 84.5011, 22.8975 ], [ 84.4947, 22.8842 ], [ 84.4841, 22.8859 ], [ 84.4721, 22.8794 ], [ 84.4629, 22.8603 ], [ 84.4685, 22.8514 ], [ 84.4664, 22.8431 ], [ 84.4494, 22.8349 ], [ 84.451, 22.8164 ], [ 84.4481, 22.8125 ], [ 84.4408, 22.809 ], [ 84.4293, 22.8111 ], [ 84.4353, 22.7982 ], [ 84.4213, 22.7808 ], [ 84.4164, 22.7649 ], [ 84.3998, 22.7765 ], [ 84.3925, 22.7754 ], [ 84.3892, 22.7723 ], [ 84.3914, 22.7658 ], [ 84.3879, 22.7679 ], [ 84.3841, 22.7637 ], [ 84.3797, 22.7646 ], [ 84.3719, 22.7543 ], [ 84.3492, 22.762 ], [ 84.3543, 22.7507 ], [ 84.3428, 22.7468 ], [ 84.3368, 22.7483 ], [ 84.3253, 22.764 ], [ 84.3131, 22.7647 ], [ 84.2919, 22.7743 ], [ 84.2911, 22.7834 ], [ 84.2993, 22.7959 ], [ 84.3058, 22.7971 ], [ 84.3075, 22.8008 ], [ 84.3151, 22.8007 ], [ 84.3157, 22.8119 ], [ 84.3224, 22.821 ], [ 84.3253, 22.835 ], [ 84.3217, 22.8377 ], [ 84.323, 22.848 ], [ 84.3301, 22.8572 ], [ 84.3348, 22.8615 ], [ 84.3476, 22.8601 ], [ 84.352, 22.865 ], [ 84.3594, 22.8605 ], [ 84.3697, 22.8636 ], [ 84.3805, 22.8767 ], [ 84.3829, 22.8953 ], [ 84.3752, 22.9045 ], [ 84.3775, 22.9096 ], [ 84.3928, 22.9194 ], [ 84.3951, 22.9369 ], [ 84.3836, 22.9525 ], [ 84.3753, 22.9769 ], [ 84.365, 22.9742 ], [ 84.3511, 22.9781 ], [ 84.3438, 22.9761 ], [ 84.3281, 22.9819 ], [ 84.3207, 22.9779 ], [ 84.3132, 22.9838 ], [ 84.3125, 22.9963 ], [ 84.3001, 23.0014 ], [ 84.2964, 23.0073 ], [ 84.3059, 23.0213 ], [ 84.302, 23.0311 ], [ 84.3092, 23.038 ], [ 84.3047, 23.0436 ], [ 84.3075, 23.0512 ], [ 84.3154, 23.063 ], [ 84.3275, 23.0692 ], [ 84.3251, 23.078 ], [ 84.34, 23.0679 ], [ 84.3477, 23.0706 ], [ 84.3505, 23.0779 ], [ 84.3557, 23.0741 ], [ 84.3665, 23.0751 ], [ 84.388, 23.0903 ], [ 84.395, 23.0872 ], [ 84.4012, 23.0735 ], [ 84.4129, 23.0636 ] ] ] } },
{ "type": "Feature", "properties": { "unit_id": "IND.15.9.1_1", "name": "Gumla", "district": "Gumla", "did": "jharkhand:Gumla", "state_key": "jharkhand" }, "geometry": { "type": "Polygon", "coordinates": [ [ [ 84.4553, 23.2175 ], [ 84.4526, 23.2102 ], [ 84.4551, 23.2062 ], [ 84.4622, 23.2063 ], [ 84.464, 23.2023 ], [ 84.4796, 23.2014 ], [ 84.4822, 23.1972 ], [ 84.4833, 23.2075 ], [ 84.4748, 23.2184 ], [ 84.4822, 23.2227 ], [ 84.4828, 23.2196 ], [ 84.4923, 23.218 ], [ 84.4992, 23.2023 ], [ 84.4886, 23.1941 ], [ 84.4855, 23.1816 ], [ 84.5072, 23.1883 ], [ 84.5278, 23.1823 ], [ 84.5333, 23.1742 ], [ 84.5414, 23.1718 ], [ 84.5469, 23.1757 ], [ 84.5545, 23.1707 ], [ 84.558, 23.1627 ], [ 84.5686, 23.1629 ], [ 84.5687, 23.1588 ], [ 84.5946, 23.1424 ], [ 84.6015, 23.1396 ], [ 84.6065, 23.1418 ], [ 84.6065, 23.1372 ], [ 84.6354, 23.1361 ], [ 84.659, 23.1207 ], [ 84.6667, 23.1117 ], [ 84.6808, 23.1128 ], [ 84.6852, 23.0881 ], [ 84.7262, 23.0656 ], [ 84.7265, 23.0423 ], [ 84.7374, 23.0328 ], [ 84.7476, 23.0299 ], [ 84.7529, 23.0211 ], [ 84.7393, 23.0063 ], [ 84.7496, 22.9928 ], [ 84.7417, 22.9899 ], [ 84.7351, 22.9806 ], [ 84.7403, 22.9571 ], [ 84.7325, 22.9528 ], [ 84.7208, 22.9602 ], [ 84.7113, 22.9597 ], [ 84.7032, 22.971 ], [ 84.7068, 22.9796 ], [ 84.693, 22.9887 ], [ 84.678, 22.9661 ], [ 84.6635, 22.9635 ], [ 84.6391, 22.9706 ], [ 84.6359, 22.9746 ], [ 84.6224, 22.9705 ], [ 84.617, 22.9753 ], [ 84.618, 22.9879 ], [ 84.6074, 22.9903 ], [ 84.6021, 22.988 ], [ 84.5999, 22.974 ], [ 84.5946, 22.9703 ], [ 84.5788, 22.9724 ], [ 84.5758, 22.9608 ], [ 84.5633, 22.9589 ], [ 84.5592, 22.9618 ], [ 84.5638, 22.975 ], [ 84.5568, 22.9746 ], [ 84.5542, 22.9795 ], [ 84.5451, 22.9799 ], [ 84.5436, 22.9898 ], [ 84.5208, 22.9943 ], [ 84.5125, 23.0043 ], [ 84.5031, 23.0076 ], [ 84.504, 23.0034 ], [ 84.4853, 23.0015 ], [ 84.4856, 23.0088 ], [ 84.4812, 23.012 ], [ 84.4887, 23.0355 ], [ 84.4864, 23.0494 ], [ 84.4634, 23.0478 ], [ 84.4591, 23.0446 ], [ 84.4529, 23.0465 ], [ 84.4713, 23.0602 ], [ 84.455, 23.0687 ], [ 84.4556, 23.0826 ], [ 84.4688, 23.0851 ], [ 84.4585, 23.101 ], [ 84.4622, 23.1144 ], [ 84.4554, 23.1256 ], [ 84.4385, 23.1275 ], [ 84.4264, 23.1367 ], [ 84.4387, 23.152 ], [ 84.4286, 23.1546 ], [ 84.4187, 23.1635 ], [ 84.4277, 23.1934 ], [ 84.4253, 23.1988 ], [ 84.429, 23.1999 ], [ 84.4252, 23.201 ], [ 84.4242, 23.2095 ], [ 84.4106, 23.2146 ], [ 84.4104, 23.2196 ], [ 84.4235, 23.2293 ], [ 84.4417, 23.2262 ], [ 84.4553, 23.2175 ] ] ] } },
{ "type": "Feature", "properties": { "unit_id": "IND.15.9.1_1", "name": "Ghaghra", "district": "Gumla", "did": "jharkhand:Gumla", "state_key": "jharkhand" }, "geometry": { "type": "Polygon", "coordinates": [ [ [ 84.548, 23.3434 ], [ 84.5639, 23.3459 ], [ 84.592, 23.3186 ], [ 84.6082, 23.3153 ], [ 84.6142, 23.3224 ], [ 84.624, 23.3145 ], [ 84.6131, 23.295 ], [ 84.613, 23.2761 ], [ 84.6011, 23.2697 ], [ 84.6007, 23.264 ], [ 84.615, 23.2598 ], [ 84.6347, 23.2452 ], [ 84.6492, 23.2455 ], [ 84.6564, 23.2383 ], [ 84.6692, 23.2395 ], [ 84.6772, 23.2254 ], [ 84.6851, 23.2223 ], [ 84.687, 23.215 ], [ 84.6725, 23.2145 ], [ 84.6747, 23.2061 ], [ 84.6633, 23.2026 ], [ 84.6623, 23.1848 ], [ 84.6582, 23.1797 ], [ 84.6602, 23.1682 ], [ 84.6486, 23.1573 ], [ 84.6535, 23.1441 ], [ 84.6462, 23.1299 ], [ 84.6354, 23.1361 ], [ 84.6065, 23.1372 ], [ 84.6065, 23.1418 ], [ 84.6015, 23.1396 ], [ 84.5946, 23.1424 ], [ 84.5687, 23.1588 ], [ 84.5686, 23.1629 ], [ 84.558, 23.1627 ], [ 84.5545, 23.1707 ], [ 84.5469, 23.1757 ], [ 84.5414, 23.1718 ], [ 84.5333, 23.1742 ], [ 84.5291, 23.1815 ], [ 84.5126, 23.1872 ], [ 84.5072, 23.1883 ], [ 84.4855, 23.1816 ], [ 84.4886, 23.1941 ], [ 84.4992, 23.2023 ], [ 84.4923, 23.218 ], [ 84.4828, 23.2196 ], [ 84.4822, 23.2227 ], [ 84.4748, 23.2184 ], [ 84.4833, 23.2075 ], [ 84.4822, 23.1972 ], [ 84.4796, 23.2014 ], [ 84.464, 23.2023 ], [ 84.4622, 23.2063 ], [ 84.4551, 23.2062 ], [ 84.4526, 23.2102 ], [ 84.4553, 23.2175 ], [ 84.4417, 23.2262 ], [ 84.4244, 23.2297 ], [ 84.4152, 23.2211 ], [ 84.4006, 23.2272 ], [ 84.399, 23.2211 ], [ 84.3893, 23.2135 ], [ 84.3688, 23.2071 ], [ 84.3596, 23.1925 ], [ 84.3482, 23.1927 ], [ 84.3476, 23.1965 ], [ 84.3114, 23.2061 ], [ 84.3149, 23.2205 ], [ 84.3051, 23.2233 ], [ 84.2987, 23.2199 ], [ 84.294, 23.2227 ], [ 84.3001, 23.2353 ], [ 84.2962, 23.2535 ], [ 84.3024, 23.2564 ], [ 84.3006, 23.2655 ], [ 84.3055, 23.274 ], [ 84.3372, 23.2819 ], [ 84.3547, 23.2773 ], [ 84.3741, 23.2854 ], [ 84.3843, 23.3026 ], [ 84.3935, 23.2973 ], [ 84.4045, 23.3102 ], [ 84.4133, 23.3064 ], [ 84.4222, 23.3274 ], [ 84.419, 23.3341 ], [ 84.4375, 23.3645 ], [ 84.4332, 23.3676 ], [ 84.4359, 23.3737 ], [ 84.458, 23.3748 ], [ 84.473, 23.3825 ], [ 84.4764, 23.3591 ], [ 84.4817, 23.3585 ], [ 84.4872, 23.3523 ], [ 84.4974, 23.3514 ], [ 84.5017, 23.3545 ], [ 84.5005, 23.3711 ], [ 84.5151, 23.3847 ], [ 84.5214, 23.3792 ], [ 84.5214, 23.3676 ], [ 84.5399, 23.3456 ], [ 84.548, 23.3434 ] ] ] } },
{ "type": "Feature", "properties": { "unit_id": "IND.15.9.1_1", "name": "Chainpur", "district": "Gumla", "did": "jharkhand:Gumla", "state_key": "jharkhand" }, "geometry": { "type": "Polygon", "coordinates": [ [ [ 84.2324, 23.3191 ], [ 84.2381, 23.318 ], [ 84.2392, 23.3097 ], [ 84.2475, 23.3032 ], [ 84.2479, 23.2968 ], [ 84.2547, 23.2899 ], [ 84.2422, 23.277 ], [ 84.2411, 23.2701 ], [ 84.25, 23.2592 ], [ 84.2572, 23.2641 ], [ 84.2648, 23.2784 ], [ 84.2806, 23.2794 ], [ 84.2812, 23.2722 ], [ 84.2978, 23.2545 ], [ 84.3001, 23.2353 ], [ 84.294, 23.2227 ], [ 84.2987, 23.2199 ], [ 84.3051, 23.2233 ], [ 84.3149, 23.2205 ], [ 84.3114, 23.2061 ], [ 84.3476, 23.1965 ], [ 84.3482, 23.1927 ], [ 84.3614, 23.1926 ], [ 84.3688, 23.2071 ], [ 84.3893, 23.2135 ], [ 84.399, 23.2211 ], [ 84.4006, 23.2272 ], [ 84.4152, 23.2211 ], [ 84.4106, 23.22 ], [ 84.4106, 23.2146 ], [ 84.4242, 23.2095 ], [ 84.4252, 23.201 ], [ 84.429, 23.1999 ], [ 84.4253, 23.1988 ], [ 84.4277, 23.1934 ], [ 84.4187, 23.1635 ], [ 84.4286, 23.1546 ], [ 84.4387, 23.152 ], [ 84.4264, 23.1367 ], [ 84.4385, 23.1275 ], [ 84.4554, 23.1256 ], [ 84.4622, 23.1144 ], [ 84.4585, 23.101 ], [ 84.4688, 23.0851 ], [ 84.4556, 23.0826 ], [ 84.455, 23.0687 ], [ 84.4713, 23.0602 ], [ 84.4529, 23.0468 ], [ 84.4591, 23.0446 ], [ 84.4688, 23.0482 ], [ 84.4691, 23.041 ], [ 84.4645, 23.0363 ], [ 84.4482, 23.0349 ], [ 84.4394, 23.0411 ], [ 84.4393, 23.0511 ], [ 84.4274, 23.0454 ], [ 84.4162, 23.0684 ], [ 84.4129, 23.0636 ], [ 84.4017, 23.0719 ], [ 84.395, 23.0872 ], [ 84.388, 23.0903 ], [ 84.3665, 23.0751 ], [ 84.3557, 23.0741 ], [ 84.3505, 23.0779 ], [ 84.3477, 23.0706 ], [ 84.34, 23.0679 ], [ 84.3251, 23.078 ], [ 84.3275, 23.0692 ], [ 84.3137, 23.0612 ], [ 84.3047, 23.0436 ], [ 84.2963, 23.0432 ], [ 84.2861, 23.0574 ], [ 84.2913, 23.0652 ], [ 84.2651, 23.0731 ], [ 84.2622, 23.0848 ], [ 84.2528, 23.0871 ], [ 84.2481, 23.1044 ], [ 84.2373, 23.11 ], [ 84.2294, 23.1065 ], [ 84.2103, 23.107 ], [ 84.2028, 23.137 ], [ 84.195, 23.152 ], [ 84.1858, 23.1566 ], [ 84.1882, 23.1606 ], [ 84.1817, 23.1652 ], [ 84.182, 23.1732 ], [ 84.1734, 23.1748 ], [ 84.1752, 23.1822 ], [ 84.1656, 23.1814 ], [ 84.1537, 23.1903 ], [ 84.1565, 23.2074 ], [ 84.1533, 23.2127 ], [ 84.1813, 23.2274 ], [ 84.1887, 23.2235 ], [ 84.2167, 23.2311 ], [ 84.2263, 23.2456 ], [ 84.2236, 23.2553 ], [ 84.2413, 23.2621 ], [ 84.2292, 23.2824 ], [ 84.2242, 23.2817 ], [ 84.2206, 23.2862 ], [ 84.2256, 23.2872 ], [ 84.2268, 23.2945 ], [ 84.1995, 23.305 ], [ 84.1892, 23.3176 ], [ 84.2022, 23.3383 ], [ 84.2263, 23.3408 ], [ 84.2324, 23.3191 ] ] ] } },
{ "type": "Feature", "properties": { "unit_id": "IND.15.9.1_1", "name": "Bishnpuri", "district": "Gumla", "did": "jharkhand:Gumla", "state_key": "jharkhand" }, "geometry": { "type": "Polygon", "coordinates": [ [ [ 84.3827, 23.6077 ], [ 84.3964, 23.5973 ], [ 84.4058, 23.6031 ], [ 84.437, 23.5895 ], [ 84.4432, 23.5957 ], [ 84.449, 23.5938 ], [ 84.4562, 23.5973 ], [ 84.4538, 23.5848 ], [ 84.4717, 23.5797 ], [ 84.4742, 23.5725 ], [ 84.4693, 23.568 ], [ 84.4672, 23.5437 ], [ 84.4624, 23.5346 ], [ 84.4712, 23.5202 ], [ 84.4716, 23.4982 ], [ 84.4765, 23.4861 ], [ 84.4673, 23.4787 ], [ 84.4652, 23.4678 ], [ 84.4508, 23.4584 ], [ 84.446, 23.4467 ], [ 84.4311, 23.4356 ], [ 84.4427, 23.4048 ], [ 84.4479, 23.4025 ], [ 84.4639, 23.4071 ], [ 84.4754, 23.4046 ], [ 84.4813, 23.394 ], [ 84.4688, 23.3795 ], [ 84.458, 23.3748 ], [ 84.4351, 23.3727 ], [ 84.4332, 23.3676 ], [ 84.4375, 23.3645 ], [ 84.419, 23.3341 ], [ 84.4222, 23.3274 ], [ 84.4129, 23.3062 ], [ 84.4045, 23.3102 ], [ 84.3935, 23.2973 ], [ 84.3843, 23.3026 ], [ 84.3741, 23.2854 ], [ 84.3547, 23.2773 ], [ 84.3372, 23.2819 ], [ 84.3072, 23.275 ], [ 84.3013, 23.2692 ], [ 84.3024, 23.2564 ], [ 84.2978, 23.2545 ], [ 84.2772, 23.2803 ], [ 84.2638, 23.2776 ], [ 84.2572, 23.2641 ], [ 84.25, 23.2592 ], [ 84.24, 23.2722 ], [ 84.2546, 23.2905 ], [ 84.2479, 23.2968 ], [ 84.2475, 23.3032 ], [ 84.2392, 23.3097 ], [ 84.2381, 23.318 ], [ 84.2324, 23.3191 ], [ 84.2254, 23.3416 ], [ 84.2443, 23.3503 ], [ 84.2477, 23.3666 ], [ 84.2532, 23.3734 ], [ 84.2575, 23.3729 ], [ 84.2594, 23.3784 ], [ 84.2512, 23.4089 ], [ 84.2551, 23.4294 ], [ 84.2462, 23.4458 ], [ 84.2569, 23.4589 ], [ 84.2739, 23.4634 ], [ 84.2764, 23.4717 ], [ 84.2821, 23.4671 ], [ 84.2906, 23.4936 ], [ 84.3018, 23.4843 ], [ 84.3175, 23.4819 ], [ 84.3198, 23.4901 ], [ 84.3166, 23.4933 ], [ 84.3289, 23.493 ], [ 84.3309, 23.5082 ], [ 84.3266, 23.5149 ], [ 84.3327, 23.5294 ], [ 84.3274, 23.5322 ], [ 84.3275, 23.5543 ], [ 84.319, 23.5803 ], [ 84.342, 23.5847 ], [ 84.3423, 23.5993 ], [ 84.3508, 23.5994 ], [ 84.3585, 23.6089 ], [ 84.3767, 23.6051 ], [ 84.3827, 23.6077 ] ] ] } },
{ "type": "Feature", "properties": { "unit_id": "IND.15.15.1_1", "name": "Peshrar", "district": "Lohardaga", "did": "jharkhand:Lohardaga", "state_key": "jharkhand" }, "geometry": { "type": "Polygon", "coordinates": [ [ [ 84.5322, 23.6679 ], [ 84.5395, 23.6691 ], [ 84.5547, 23.6456 ], [ 84.5567, 23.6386 ], [ 84.5531, 23.6317 ], [ 84.564, 23.6169 ], [ 84.5818, 23.6161 ], [ 84.584, 23.6086 ], [ 84.5986, 23.5956 ], [ 84.5865, 23.58 ], [ 84.5779, 23.5576 ], [ 84.5847, 23.5481 ], [ 84.5779, 23.5374 ], [ 84.5853, 23.5258 ], [ 84.6022, 23.5211 ], [ 84.6114, 23.5144 ], [ 84.6035, 23.4997 ], [ 84.5924, 23.4983 ], [ 84.59, 23.4935 ], [ 84.5832, 23.4996 ], [ 84.5823, 23.5067 ], [ 84.5759, 23.501 ], [ 84.5487, 23.4936 ], [ 84.5582, 23.4677 ], [ 84.5545, 23.4548 ], [ 84.5786, 23.4386 ], [ 84.5871, 23.4408 ], [ 84.5976, 23.4286 ], [ 84.5794, 23.4353 ], [ 84.5743, 23.4322 ], [ 84.578, 23.4256 ], [ 84.5491, 23.4332 ], [ 84.5509, 23.4193 ], [ 84.5295, 23.3859 ], [ 84.5344, 23.3755 ], [ 84.5415, 23.3746 ], [ 84.538, 23.3622 ], [ 84.5296, 23.3617 ], [ 84.5273, 23.366 ], [ 84.5222, 23.3666 ], [ 84.5222, 23.3774 ], [ 84.5151, 23.3847 ], [ 84.5005, 23.3711 ], [ 84.5017, 23.3545 ], [ 84.4973, 23.3514 ], [ 84.4872, 23.3523 ], [ 84.4817, 23.3585 ], [ 84.4764, 23.3591 ], [ 84.4729, 23.3853 ], [ 84.4813, 23.394 ], [ 84.4756, 23.4046 ], [ 84.4639, 23.4071 ], [ 84.4479, 23.4025 ], [ 84.4427, 23.4048 ], [ 84.4311, 23.4356 ], [ 84.446, 23.4467 ], [ 84.4508, 23.4584 ], [ 84.4652, 23.4678 ], [ 84.4673, 23.4787 ], [ 84.4765, 23.4861 ], [ 84.4716, 23.4982 ], [ 84.4712, 23.5202 ], [ 84.4624, 23.5346 ], [ 84.4672, 23.5437 ], [ 84.4693, 23.568 ], [ 84.4742, 23.5725 ], [ 84.4717, 23.5797 ], [ 84.4538, 23.5848 ], [ 84.4562, 23.5973 ], [ 84.449, 23.5938 ], [ 84.4432, 23.5957 ], [ 84.437, 23.5895 ], [ 84.4058, 23.6031 ], [ 84.3958, 23.5974 ], [ 84.3868, 23.6052 ], [ 84.4004, 23.6047 ], [ 84.3982, 23.6379 ], [ 84.4122, 23.639 ], [ 84.4176, 23.634 ], [ 84.4366, 23.6293 ], [ 84.4434, 23.6372 ], [ 84.4594, 23.6278 ], [ 84.4668, 23.6274 ], [ 84.4623, 23.645 ], [ 84.4704, 23.6583 ], [ 84.4822, 23.6637 ], [ 84.4916, 23.6617 ], [ 84.4953, 23.6713 ], [ 84.5066, 23.6745 ], [ 84.5322, 23.6679 ] ] ] } },
{ "type": "Feature", "properties": { "unit_id": "IND.15.14.1_1", "name": "Latehar", "district": "Latehar", "did": "jharkhand:Latehar", "state_key": "jharkhand" }, "geometry": { "type": "Polygon", "coordinates": [ [ [ 84.5682, 23.8533 ], [ 84.5705, 23.8499 ], [ 84.5812, 23.8512 ], [ 84.5931, 23.8466 ], [ 84.6008, 23.8517 ], [ 84.6058, 23.8398 ], [ 84.6114, 23.839 ], [ 84.6231, 23.827 ], [ 84.6321, 23.8253 ], [ 84.6403, 23.8149 ], [ 84.6386, 23.7987 ], [ 84.6458, 23.7944 ], [ 84.6429, 23.7793 ], [ 84.6256, 23.7793 ], [ 84.6268, 23.7633 ], [ 84.6209, 23.7616 ], [ 84.6114, 23.7674 ], [ 84.6063, 23.7562 ], [ 84.6059, 23.7455 ], [ 84.6149, 23.7342 ], [ 84.6083, 23.7229 ], [ 84.6005, 23.7218 ], [ 84.5981, 23.6972 ], [ 84.6015, 23.6881 ], [ 84.5976, 23.6807 ], [ 84.6068, 23.6659 ], [ 84.6011, 23.6682 ], [ 84.5911, 23.6643 ], [ 84.5938, 23.6577 ], [ 84.588, 23.6474 ], [ 84.5836, 23.6169 ], [ 84.564, 23.6169 ], [ 84.5531, 23.6317 ], [ 84.5567, 23.6386 ], [ 84.5547, 23.6456 ], [ 84.5395, 23.6691 ], [ 84.5314, 23.6681 ], [ 84.5107, 23.6749 ], [ 84.4953, 23.6713 ], [ 84.4916, 23.6617 ], [ 84.4822, 23.6637 ], [ 84.4704, 23.6583 ], [ 84.4623, 23.645 ], [ 84.4668, 23.6274 ], [ 84.4594, 23.6278 ], [ 84.4434, 23.6372 ], [ 84.4366, 23.6293 ], [ 84.4176, 23.634 ], [ 84.4122, 23.639 ], [ 84.3972, 23.6356 ], [ 84.3821, 23.6614 ], [ 84.3857, 23.6748 ], [ 84.3732, 23.6854 ], [ 84.3729, 23.6933 ], [ 84.3784, 23.7159 ], [ 84.386, 23.7155 ], [ 84.3919, 23.7201 ], [ 84.3905, 23.7306 ], [ 84.4103, 23.7317 ], [ 84.4206, 23.7495 ], [ 84.4211, 23.7551 ], [ 84.4133, 23.7544 ], [ 84.4001, 23.7675 ], [ 84.3998, 23.7745 ], [ 84.4106, 23.7874 ], [ 84.4091, 23.7978 ], [ 84.4243, 23.8091 ], [ 84.4609, 23.8256 ], [ 84.4639, 23.8337 ], [ 84.4731, 23.8383 ], [ 84.5343, 23.8568 ], [ 84.5374, 23.8635 ], [ 84.5622, 23.8682 ], [ 84.5725, 23.8594 ], [ 84.5682, 23.8533 ] ] ] } },
{ "type": "Feature", "properties": { "unit_id": "IND.15.14.1_1", "name": "Garu", "district": "Latehar", "did": "jharkhand:Latehar", "state_key": "jharkhand" }, "geometry": { "type": "Polygon", "coordinates": [ [ [ 84.2895, 23.6742 ], [ 84.3084, 23.6757 ], [ 84.3186, 23.6711 ], [ 84.3237, 23.6845 ], [ 84.3407, 23.6981 ], [ 84.3754, 23.6985 ], [ 84.3732, 23.6854 ], [ 84.3857, 23.6748 ], [ 84.3821, 23.6614 ], [ 84.3972, 23.6356 ], [ 84.3995, 23.6029 ], [ 84.3827, 23.6077 ], [ 84.3777, 23.6048 ], [ 84.3585, 23.6089 ], [ 84.3508, 23.5994 ], [ 84.3423, 23.5993 ], [ 84.342, 23.5847 ], [ 84.319, 23.5803 ], [ 84.3275, 23.5543 ], [ 84.3274, 23.5322 ], [ 84.3327, 23.5294 ], [ 84.3263, 23.512 ], [ 84.3308, 23.509 ], [ 84.3292, 23.4936 ], [ 84.3166, 23.4933 ], [ 84.3198, 23.4901 ], [ 84.3175, 23.4819 ], [ 84.3018, 23.4843 ], [ 84.2908, 23.4935 ], [ 84.263, 23.5047 ], [ 84.2319, 23.5093 ], [ 84.2417, 23.5254 ], [ 84.2433, 23.5374 ], [ 84.24, 23.5391 ], [ 84.239, 23.5515 ], [ 84.2165, 23.5664 ], [ 84.1819, 23.5723 ], [ 84.1844, 23.5523 ], [ 84.1714, 23.5475 ], [ 84.1668, 23.5492 ], [ 84.1645, 23.5324 ], [ 84.1277, 23.5396 ], [ 84.1194, 23.5514 ], [ 84.1006, 23.5665 ], [ 84.1025, 23.5759 ], [ 84.0792, 23.5785 ], [ 84.0888, 23.594 ], [ 84.0833, 23.599 ], [ 84.0834, 23.6058 ], [ 84.071, 23.6067 ], [ 84.0688, 23.6034 ], [ 84.065, 23.6052 ], [ 84.0631, 23.6005 ], [ 84.052, 23.602 ], [ 84.0465, 23.5994 ], [ 84.0384, 23.6045 ], [ 84.0299, 23.5993 ], [ 84.0167, 23.6084 ], [ 84.0077, 23.6223 ], [ 84.0087, 23.6279 ], [ 84.0293, 23.6465 ], [ 84.0527, 23.6604 ], [ 84.0636, 23.6875 ], [ 84.0642, 23.6677 ], [ 84.0973, 23.666 ], [ 84.1053, 23.6606 ], [ 84.1525, 23.6684 ], [ 84.1648, 23.659 ], [ 84.1724, 23.6682 ], [ 84.1993, 23.6701 ], [ 84.2188, 23.6799 ], [ 84.2292, 23.6943 ], [ 84.2405, 23.6996 ], [ 84.2512, 23.6993 ], [ 84.2831, 23.7129 ], [ 84.2854, 23.683 ], [ 84.2895, 23.6742 ] ] ] } },
{ "type": "Feature", "properties": { "unit_id": "IND.15.14.1_1", "name": "Barwadih", "district": "Latehar", "did": "jharkhand:Latehar", "state_key": "jharkhand" }, "geometry": { "type": "Polygon", "coordinates": [ [ [ 84.1956, 23.9281 ], [ 84.2003, 23.9172 ], [ 84.2134, 23.9174 ], [ 84.2145, 23.9019 ], [ 84.2182, 23.8979 ], [ 84.2246, 23.8956 ], [ 84.2387, 23.8986 ], [ 84.256, 23.8771 ], [ 84.2635, 23.8594 ], [ 84.2626, 23.8548 ], [ 84.2531, 23.8485 ], [ 84.2585, 23.8372 ], [ 84.2543, 23.8219 ], [ 84.2682, 23.8133 ], [ 84.2772, 23.8132 ], [ 84.289, 23.8066 ], [ 84.2967, 23.7979 ], [ 84.3077, 23.7955 ], [ 84.3058, 23.7889 ], [ 84.3252, 23.7913 ], [ 84.3219, 23.7774 ], [ 84.3324, 23.7682 ], [ 84.3105, 23.7511 ], [ 84.3065, 23.7408 ], [ 84.3245, 23.7258 ], [ 84.3057, 23.7159 ], [ 84.3035, 23.7032 ], [ 84.3117, 23.7016 ], [ 84.3259, 23.708 ], [ 84.339, 23.7285 ], [ 84.3613, 23.7173 ], [ 84.3784, 23.7159 ], [ 84.3745, 23.6986 ], [ 84.3407, 23.6981 ], [ 84.3237, 23.6845 ], [ 84.3186, 23.6711 ], [ 84.3084, 23.6757 ], [ 84.2895, 23.6742 ], [ 84.2854, 23.683 ], [ 84.2877, 23.7051 ], [ 84.2831, 23.7129 ], [ 84.2512, 23.6993 ], [ 84.2422, 23.7 ], [ 84.2311, 23.6953 ], [ 84.2188, 23.6799 ], [ 84.1993, 23.6701 ], [ 84.1724, 23.6682 ], [ 84.1648, 23.659 ], [ 84.1525, 23.6684 ], [ 84.1053, 23.6606 ], [ 84.0973, 23.666 ], [ 84.0623, 23.669 ], [ 84.0636, 23.6875 ], [ 84.0695, 23.6881 ], [ 84.0697, 23.6934 ], [ 84.062, 23.6912 ], [ 84.0649, 23.6959 ], [ 84.0589, 23.7 ], [ 84.0497, 23.6932 ], [ 84.0403, 23.6963 ], [ 84.0241, 23.6952 ], [ 83.9859, 23.7234 ], [ 83.9838, 23.7332 ], [ 84.007, 23.7475 ], [ 84.01, 23.7646 ], [ 84.0251, 23.7801 ], [ 84.0188, 23.7943 ], [ 84.0207, 23.8018 ], [ 84.0274, 23.8025 ], [ 84.0357, 23.7957 ], [ 84.0453, 23.8116 ], [ 84.0564, 23.8155 ], [ 84.0518, 23.8337 ], [ 84.062, 23.8426 ], [ 84.0648, 23.8571 ], [ 84.091, 23.8665 ], [ 84.1185, 23.8985 ], [ 84.137, 23.9024 ], [ 84.1471, 23.9218 ], [ 84.1422, 23.9453 ], [ 84.1845, 23.9354 ], [ 84.1956, 23.9281 ] ] ] } },
{ "type": "Feature", "properties": { "unit_id": "IND.15.14.1_1", "name": "Mahuadanr", "district": "Latehar", "did": "jharkhand:Latehar", "state_key": "jharkhand" }, "geometry": { "type": "Polygon", "coordinates": [ [ [ 84.0833, 23.599 ], [ 84.0888, 23.594 ], [ 84.0792, 23.5785 ], [ 84.1025, 23.5759 ], [ 84.1006, 23.5665 ], [ 84.1194, 23.5514 ], [ 84.1277, 23.5396 ], [ 84.1645, 23.5324 ], [ 84.1668, 23.5492 ], [ 84.1714, 23.5475 ], [ 84.1844, 23.5523 ], [ 84.1819, 23.5723 ], [ 84.2097, 23.5688 ], [ 84.239, 23.5515 ], [ 84.2437, 23.5345 ], [ 84.2319, 23.5093 ], [ 84.263, 23.5047 ], [ 84.2906, 23.4936 ], [ 84.2821, 23.4671 ], [ 84.2764, 23.4717 ], [ 84.2743, 23.4638 ], [ 84.2569, 23.4589 ], [ 84.246, 23.445 ], [ 84.2551, 23.4294 ], [ 84.2512, 23.4089 ], [ 84.2601, 23.3823 ], [ 84.2575, 23.3729 ], [ 84.2532, 23.3734 ], [ 84.2477, 23.3666 ], [ 84.248, 23.356 ], [ 84.2431, 23.3547 ], [ 84.2411, 23.3477 ], [ 84.2255, 23.3416 ], [ 84.2022, 23.3383 ], [ 84.1937, 23.3256 ], [ 84.15, 23.3352 ], [ 84.1343, 23.3412 ], [ 84.1317, 23.3462 ], [ 84.1161, 23.3507 ], [ 84.113, 23.343 ], [ 84.1074, 23.3436 ], [ 84.1001, 23.3391 ], [ 84.0974, 23.3313 ], [ 84.0776, 23.3324 ], [ 84.0543, 23.3524 ], [ 84.0535, 23.3648 ], [ 84.0482, 23.3697 ], [ 84.0508, 23.3748 ], [ 84.0364, 23.3785 ], [ 84.0239, 23.3765 ], [ 84.0163, 23.3696 ], [ 84.0119, 23.3545 ], [ 84.0057, 23.3539 ], [ 83.9803, 23.3646 ], [ 83.9694, 23.3812 ], [ 83.9675, 23.391 ], [ 83.9862, 23.4303 ], [ 83.9738, 23.4593 ], [ 83.9848, 23.4657 ], [ 83.9889, 23.4787 ], [ 83.9985, 23.4868 ], [ 84.0008, 23.4969 ], [ 84.0146, 23.5035 ], [ 84.0175, 23.5226 ], [ 84.0281, 23.5456 ], [ 84.0244, 23.5556 ], [ 84.0295, 23.5664 ], [ 84.0295, 23.5988 ], [ 84.0384, 23.6045 ], [ 84.0465, 23.5994 ], [ 84.052, 23.602 ], [ 84.0631, 23.6005 ], [ 84.065, 23.6052 ], [ 84.0834, 23.6058 ], [ 84.0833, 23.599 ] ] ] } },
{ "type": "Feature", "properties": { "unit_id": "IND.15.6.1_1", "name": "Bhandaria", "district": "Garhwa", "did": "jharkhand:Garhwa", "state_key": "jharkhand" }, "geometry": { "type": "Polygon", "coordinates": [ [ [ 83.967, 23.859 ], [ 83.9816, 23.8541 ], [ 83.984, 23.8374 ], [ 83.9936, 23.8223 ], [ 84.0019, 23.8172 ], [ 83.9992, 23.7938 ], [ 84.0188, 23.797 ], [ 84.0253, 23.7833 ], [ 84.01, 23.7646 ], [ 84.007, 23.7475 ], [ 83.9838, 23.7332 ], [ 83.9859, 23.7234 ], [ 84.0241, 23.6952 ], [ 84.0403, 23.6963 ], [ 84.0497, 23.6932 ], [ 84.0583, 23.7001 ], [ 84.0649, 23.6959 ], [ 84.062, 23.6912 ], [ 84.0697, 23.6934 ], [ 84.0695, 23.6881 ], [ 84.0619, 23.6856 ], [ 84.0527, 23.6604 ], [ 84.0393, 23.6547 ], [ 84.0181, 23.6344 ], [ 83.9806, 23.6337 ], [ 83.9804, 23.6249 ], [ 83.9478, 23.6267 ], [ 83.9319, 23.6204 ], [ 83.933, 23.6008 ], [ 83.9391, 23.5903 ], [ 83.9377, 23.569 ], [ 83.9188, 23.5764 ], [ 83.9086, 23.5762 ], [ 83.8994, 23.5824 ], [ 83.8881, 23.5788 ], [ 83.8259, 23.5907 ], [ 83.8154, 23.5962 ], [ 83.8121, 23.589 ], [ 83.807, 23.5875 ], [ 83.8006, 23.602 ], [ 83.7753, 23.609 ], [ 83.7725, 23.6109 ], [ 83.7764, 23.6176 ], [ 83.7746, 23.6226 ], [ 83.7587, 23.6267 ], [ 83.7517, 23.6407 ], [ 83.7616, 23.6508 ], [ 83.7389, 23.6668 ], [ 83.7236, 23.6839 ], [ 83.7242, 23.69 ], [ 83.7421, 23.7038 ], [ 83.7461, 23.7195 ], [ 83.7395, 23.7343 ], [ 83.7377, 23.7605 ], [ 83.7219, 23.771 ], [ 83.7226, 23.7866 ], [ 83.712, 23.8012 ], [ 83.7244, 23.8059 ], [ 83.739, 23.7946 ], [ 83.7548, 23.7914 ], [ 83.7656, 23.7982 ], [ 83.8031, 23.7952 ], [ 83.823, 23.8059 ], [ 83.8463, 23.8028 ], [ 83.8641, 23.8236 ], [ 83.8752, 23.8228 ], [ 83.8839, 23.8154 ], [ 83.8882, 23.8235 ], [ 83.9185, 23.8263 ], [ 83.927, 23.846 ], [ 83.9352, 23.8501 ], [ 83.9336, 23.863 ], [ 83.9387, 23.8701 ], [ 83.958, 23.8575 ], [ 83.967, 23.859 ] ] ] } },
{ "type": "Feature", "properties": { "unit_id": "IND.15.6.1_1", "name": "Ranka", "district": "Garhwa", "did": "jharkhand:Garhwa", "state_key": "jharkhand" }, "geometry": { "type": "Polygon", "coordinates": [ [ [ 83.7948, 24.0527 ], [ 83.8491, 24.0361 ], [ 83.8455, 24.0241 ], [ 83.8266, 24.0001 ], [ 83.8299, 23.9956 ], [ 83.8426, 23.9909 ], [ 83.8374, 23.9856 ], [ 83.8334, 23.9722 ], [ 83.836, 23.9698 ], [ 83.818, 23.9604 ], [ 83.8328, 23.9503 ], [ 83.8425, 23.9512 ], [ 83.8408, 23.9447 ], [ 83.8462, 23.9331 ], [ 83.8416, 23.9163 ], [ 83.8439, 23.912 ], [ 83.8678, 23.8996 ], [ 83.8613, 23.8944 ], [ 83.8507, 23.8948 ], [ 83.8482, 23.887 ], [ 83.825, 23.8803 ], [ 83.8004, 23.8791 ], [ 83.7821, 23.8822 ], [ 83.7642, 23.8737 ], [ 83.7626, 23.8639 ], [ 83.7523, 23.8552 ], [ 83.7564, 23.8404 ], [ 83.7435, 23.8333 ], [ 83.7472, 23.8211 ], [ 83.7372, 23.7964 ], [ 83.7244, 23.8059 ], [ 83.712, 23.8012 ], [ 83.7055, 23.8034 ], [ 83.7076, 23.8174 ], [ 83.7026, 23.823 ], [ 83.6915, 23.8264 ], [ 83.6828, 23.8194 ], [ 83.6743, 23.8272 ], [ 83.6645, 23.8277 ], [ 83.6685, 23.8367 ], [ 83.6609, 23.8487 ], [ 83.6434, 23.8469 ], [ 83.6181, 23.8555 ], [ 83.6103, 23.854 ], [ 83.5897, 23.8633 ], [ 83.5712, 23.8621 ], [ 83.5695, 23.8691 ], [ 83.5835, 23.8778 ], [ 83.5858, 23.8864 ], [ 83.5741, 23.8937 ], [ 83.5556, 23.8948 ], [ 83.5469, 23.9167 ], [ 83.5489, 23.9269 ], [ 83.5751, 23.916 ], [ 83.5861, 23.9299 ], [ 83.5993, 23.9266 ], [ 83.6231, 23.9305 ], [ 83.637, 23.9364 ], [ 83.6465, 23.9333 ], [ 83.6542, 23.9241 ], [ 83.6704, 23.9249 ], [ 83.674, 23.9376 ], [ 83.6721, 23.952 ], [ 83.6662, 23.9543 ], [ 83.6629, 23.964 ], [ 83.6911, 23.972 ], [ 83.7012, 23.9848 ], [ 83.715, 23.9823 ], [ 83.7169, 23.9916 ], [ 83.7295, 23.9986 ], [ 83.7336, 24.005 ], [ 83.7326, 24.0214 ], [ 83.7493, 24.0238 ], [ 83.7489, 24.0545 ], [ 83.7521, 24.0605 ], [ 83.768, 24.0664 ], [ 83.7948, 24.0527 ] ] ] } },
{ "type": "Feature", "properties": { "unit_id": "IND.15.6.1_1", "name": "Chiniya", "district": "Garhwa", "did": "jharkhand:Garhwa", "state_key": "jharkhand" }, "geometry": { "type": "Polygon", "coordinates": [ [ [ 83.5763, 24.072 ], [ 83.5927, 24.0635 ], [ 83.6181, 24.0579 ], [ 83.6506, 24.0718 ], [ 83.6578, 24.0623 ], [ 83.6569, 24.0433 ], [ 83.6627, 24.0404 ], [ 83.6791, 24.0469 ], [ 83.691, 24.0629 ], [ 83.6975, 24.0596 ], [ 83.712, 24.0616 ], [ 83.7261, 24.0505 ], [ 83.733, 24.055 ], [ 83.7489, 24.0545 ], [ 83.7493, 24.0238 ], [ 83.7326, 24.0214 ], [ 83.7336, 24.005 ], [ 83.7295, 23.9986 ], [ 83.7169, 23.9916 ], [ 83.715, 23.9823 ], [ 83.7012, 23.9848 ], [ 83.6911, 23.972 ], [ 83.6629, 23.964 ], [ 83.6662, 23.9543 ], [ 83.6721, 23.952 ], [ 83.674, 23.9376 ], [ 83.6704, 23.9249 ], [ 83.6542, 23.9241 ], [ 83.6392, 23.9365 ], [ 83.5993, 23.9266 ], [ 83.5861, 23.9299 ], [ 83.5751, 23.916 ], [ 83.5489, 23.9269 ], [ 83.5474, 23.9375 ], [ 83.5265, 23.9605 ], [ 83.5157, 23.9796 ], [ 83.5138, 23.9964 ], [ 83.5239, 24.0114 ], [ 83.516, 24.0251 ], [ 83.523, 24.0343 ], [ 83.5294, 24.0806 ], [ 83.5325, 24.0834 ], [ 83.5553, 24.0784 ], [ 83.563, 24.0713 ], [ 83.5763, 24.072 ] ] ] } },
{ "type": "Feature", "properties": { "unit_id": "IND.15.6.1_1", "name": "Dandai", "district": "Garhwa", "did": "jharkhand:Garhwa", "state_key": "jharkhand" }, "geometry": { "type": "Polygon", "coordinates": [ [ [ 83.6357, 24.1791 ], [ 83.6305, 24.146 ], [ 83.6367, 24.1414 ], [ 83.6373, 24.1306 ], [ 83.6461, 24.1121 ], [ 83.6574, 24.1121 ], [ 83.657, 24.1173 ], [ 83.6673, 24.1182 ], [ 83.6751, 24.0929 ], [ 83.6826, 24.093 ], [ 83.6859, 24.0886 ], [ 83.6819, 24.0696 ], [ 83.6873, 24.0605 ], [ 83.6791, 24.0469 ], [ 83.6627, 24.0404 ], [ 83.6569, 24.0433 ], [ 83.6578, 24.0623 ], [ 83.6506, 24.0718 ], [ 83.6278, 24.0601 ], [ 83.6107, 24.0586 ], [ 83.578, 24.0715 ], [ 83.563, 24.0713 ], [ 83.5553, 24.0784 ], [ 83.5325, 24.0834 ], [ 83.5374, 24.0848 ], [ 83.5594, 24.1107 ], [ 83.56, 24.1243 ], [ 83.5663, 24.1361 ], [ 83.5735, 24.1355 ], [ 83.5771, 24.1411 ], [ 83.5738, 24.158 ], [ 83.5858, 24.1791 ], [ 83.6098, 24.172 ], [ 83.6119, 24.1855 ], [ 83.6283, 24.1886 ], [ 83.6357, 24.1791 ] ] ] } },
{ "type": "Feature", "properties": { "unit_id": "IND.15.6.1_1", "name": "Ramna", "district": "Garhwa", "did": "jharkhand:Garhwa", "state_key": "jharkhand" }, "geometry": { "type": "Polygon", "coordinates": [ [ [ 83.6404, 24.2573 ], [ 83.6441, 24.263 ], [ 83.6564, 24.265 ], [ 83.6604, 24.2378 ], [ 83.6527, 24.2307 ], [ 83.6519, 24.2167 ], [ 83.6417, 24.2041 ], [ 83.6451, 24.1905 ], [ 83.6421, 24.1849 ], [ 83.6565, 24.1759 ], [ 83.6665, 24.1606 ], [ 83.6666, 24.1542 ], [ 83.6613, 24.1533 ], [ 83.6592, 24.1448 ], [ 83.6447, 24.1481 ], [ 83.6359, 24.141 ], [ 83.6318, 24.143 ], [ 83.6357, 24.1791 ], [ 83.6311, 24.1884 ], [ 83.6119, 24.1855 ], [ 83.6098, 24.172 ], [ 83.5858, 24.1791 ], [ 83.5733, 24.1546 ], [ 83.5558, 24.1575 ], [ 83.5405, 24.1693 ], [ 83.5362, 24.1645 ], [ 83.4981, 24.1682 ], [ 83.485, 24.1961 ], [ 83.491, 24.2034 ], [ 83.4842, 24.2143 ], [ 83.4936, 24.221 ], [ 83.5019, 24.2216 ], [ 83.4981, 24.2276 ], [ 83.5278, 24.2264 ], [ 83.5263, 24.2412 ], [ 83.532, 24.2439 ], [ 83.5391, 24.2564 ], [ 83.5431, 24.2554 ], [ 83.5435, 24.2617 ], [ 83.5605, 24.2831 ], [ 83.5688, 24.275 ], [ 83.5899, 24.278 ], [ 83.5888, 24.2808 ], [ 83.5963, 24.2825 ], [ 83.608, 24.2796 ], [ 83.6037, 24.273 ], [ 83.6128, 24.2709 ], [ 83.6138, 24.2588 ], [ 83.6063, 24.2593 ], [ 83.6036, 24.2455 ], [ 83.6131, 24.2451 ], [ 83.6268, 24.2619 ], [ 83.6343, 24.2618 ], [ 83.6318, 24.256 ], [ 83.6404, 24.2573 ] ] ] } },
{ "type": "Feature", "properties": { "unit_id": "IND.15.6.1_1", "name": "Sagma", "district": "Garhwa", "did": "jharkhand:Garhwa", "state_key": "jharkhand" }, "geometry": { "type": "Polygon", "coordinates": [ [ [ 83.4334, 24.238 ], [ 83.454, 24.2369 ], [ 83.4691, 24.2288 ], [ 83.4794, 24.222 ], [ 83.4907, 24.2041 ], [ 83.485, 24.1961 ], [ 83.4926, 24.1776 ], [ 83.4787, 24.1766 ], [ 83.478, 24.1658 ], [ 83.472, 24.1644 ], [ 83.4691, 24.1594 ], [ 83.4516, 24.1611 ], [ 83.444, 24.1748 ], [ 83.4157, 24.1841 ], [ 83.4067, 24.1858 ], [ 83.3852, 24.1776 ], [ 83.3738, 24.1801 ], [ 83.383, 24.1979 ], [ 83.3786, 24.2108 ], [ 83.3846, 24.2205 ], [ 83.3787, 24.2304 ], [ 83.3852, 24.2391 ], [ 83.3976, 24.2438 ], [ 83.3982, 24.2497 ], [ 83.4143, 24.2539 ], [ 83.4182, 24.2523 ], [ 83.4334, 24.238 ] ] ] } },
{ "type": "Feature", "properties": { "unit_id": "IND.15.6.1_1", "name": "Dhurki", "district": "Garhwa", "did": "jharkhand:Garhwa", "state_key": "jharkhand" }, "geometry": { "type": "Polygon", "coordinates": [ [ [ 83.4516, 24.1611 ], [ 83.4691, 24.1594 ], [ 83.472, 24.1644 ], [ 83.4773, 24.1648 ], [ 83.4787, 24.1766 ], [ 83.4841, 24.1783 ], [ 83.4923, 24.1775 ], [ 83.5021, 24.1665 ], [ 83.5144, 24.1681 ], [ 83.5362, 24.1645 ], [ 83.5405, 24.1693 ], [ 83.5558, 24.1575 ], [ 83.5773, 24.1526 ], [ 83.5771, 24.1411 ], [ 83.5735, 24.1355 ], [ 83.5663, 24.1361 ], [ 83.56, 24.1243 ], [ 83.5594, 24.1107 ], [ 83.5374, 24.0848 ], [ 83.5294, 24.0806 ], [ 83.523, 24.0343 ], [ 83.516, 24.0251 ], [ 83.509, 24.0309 ], [ 83.4778, 24.0412 ], [ 83.4529, 24.042 ], [ 83.4378, 24.0582 ], [ 83.4377, 24.0762 ], [ 83.4322, 24.086 ], [ 83.4066, 24.0804 ], [ 83.4011, 24.092 ], [ 83.3883, 24.1 ], [ 83.3642, 24.1033 ], [ 83.3477, 24.0963 ], [ 83.3293, 24.1013 ], [ 83.3449, 24.1109 ], [ 83.3541, 24.1249 ], [ 83.3617, 24.1556 ], [ 83.3738, 24.1801 ], [ 83.3852, 24.1776 ], [ 83.4067, 24.1858 ], [ 83.444, 24.1748 ], [ 83.4516, 24.1611 ] ] ] } },
{ "type": "Feature", "properties": { "unit_id": "IND.15.6.1_1", "name": "Nagar-untari", "district": "Garhwa", "did": "jharkhand:Garhwa", "state_key": "jharkhand" }, "geometry": { "type": "Polygon", "coordinates": [ [ [ 83.4756, 24.358 ], [ 83.4889, 24.3588 ], [ 83.4894, 24.3426 ], [ 83.4973, 24.3379 ], [ 83.5212, 24.3404 ], [ 83.5268, 24.3455 ], [ 83.5476, 24.3517 ], [ 83.5593, 24.3506 ], [ 83.5564, 24.3314 ], [ 83.5706, 24.3278 ], [ 83.5755, 24.2941 ], [ 83.5903, 24.2791 ], [ 83.5688, 24.275 ], [ 83.5605, 24.2831 ], [ 83.5435, 24.2617 ], [ 83.5431, 24.2554 ], [ 83.5391, 24.2564 ], [ 83.532, 24.2439 ], [ 83.5263, 24.2412 ], [ 83.5278, 24.2264 ], [ 83.4981, 24.2276 ], [ 83.5019, 24.2216 ], [ 83.4903, 24.2196 ], [ 83.4857, 24.2143 ], [ 83.4794, 24.222 ], [ 83.4555, 24.2365 ], [ 83.4334, 24.238 ], [ 83.4182, 24.2523 ], [ 83.3982, 24.2497 ], [ 83.4091, 24.2663 ], [ 83.4072, 24.2888 ], [ 83.4015, 24.2955 ], [ 83.3868, 24.2983 ], [ 83.38, 24.3109 ], [ 83.4056, 24.3364 ], [ 83.4124, 24.34 ], [ 83.4326, 24.3382 ], [ 83.446, 24.3596 ], [ 83.4573, 24.3645 ], [ 83.4574, 24.3678 ], [ 83.4693, 24.3675 ], [ 83.4756, 24.358 ] ] ] } },
{ "type": "Feature", "properties": { "unit_id": "IND.15.6.1_1", "name": "Bishunpur", "district": "Garhwa", "did": "jharkhand:Garhwa", "state_key": "jharkhand" }, "geometry": { "type": "MultiPolygon", "coordinates": [ [ [ [ 83.6343, 24.2618 ], [ 83.6268, 24.2619 ], [ 83.6131, 24.2451 ], [ 83.6036, 24.2455 ], [ 83.6063, 24.2593 ], [ 83.6138, 24.2588 ], [ 83.6128, 24.2709 ], [ 83.6037, 24.273 ], [ 83.6059, 24.2806 ], [ 83.5876, 24.2815 ], [ 83.5814, 24.286 ], [ 83.5748, 24.2964 ], [ 83.5706, 24.3278 ], [ 83.58, 24.3272 ], [ 83.5876, 24.3339 ], [ 83.6098, 24.3384 ], [ 83.6333, 24.3506 ], [ 83.6473, 24.3537 ], [ 83.6504, 24.3504 ], [ 83.6443, 24.3478 ], [ 83.6455, 24.3289 ], [ 83.6581, 24.3185 ], [ 83.6765, 24.3229 ], [ 83.6825, 24.3052 ], [ 83.6752, 24.2979 ], [ 83.6658, 24.2956 ], [ 83.6613, 24.28 ], [ 83.6571, 24.2784 ], [ 83.6564, 24.265 ], [ 83.6441, 24.263 ], [ 83.6367, 24.2554 ], [ 83.6301, 24.2564 ], [ 83.6343, 24.2618 ] ] ] ] } },
{ "type": "Feature", "properties": { "unit_id": "IND.15.6.1_1", "name": "Bhawanathpur", "district": "Garhwa", "did": "jharkhand:Garhwa", "state_key": "jharkhand" }, "geometry": { "type": "Polygon", "coordinates": [ [ [ 83.7635, 24.4848 ], [ 83.7581, 24.4884 ], [ 83.7569, 24.4837 ], [ 83.7499, 24.4811 ], [ 83.7453, 24.4851 ], [ 83.7343, 24.4779 ], [ 83.7421, 24.467 ], [ 83.7363, 24.4622 ], [ 83.7358, 24.4469 ], [ 83.7439, 24.4406 ], [ 83.692, 24.4278 ], [ 83.6889, 24.4149 ], [ 83.701, 24.4118 ], [ 83.7042, 24.3963 ], [ 83.6986, 24.3955 ], [ 83.6972, 24.3817 ], [ 83.6791, 24.3728 ], [ 83.6659, 24.3573 ], [ 83.6504, 24.3504 ], [ 83.6473, 24.3537 ], [ 83.6398, 24.3532 ], [ 83.6113, 24.3389 ], [ 83.5876, 24.3339 ], [ 83.5775, 24.3266 ], [ 83.5564, 24.3314 ], [ 83.5584, 24.3513 ], [ 83.5476, 24.3517 ], [ 83.5268, 24.3455 ], [ 83.5212, 24.3404 ], [ 83.4973, 24.3379 ], [ 83.4894, 24.3426 ], [ 83.4889, 24.3588 ], [ 83.4756, 24.358 ], [ 83.4693, 24.3675 ], [ 83.4621, 24.3675 ], [ 83.462, 24.3848 ], [ 83.468, 24.3981 ], [ 83.4727, 24.3991 ], [ 83.4895, 24.4181 ], [ 83.4988, 24.4149 ], [ 83.5142, 24.4218 ], [ 83.5264, 24.4229 ], [ 83.5202, 24.428 ], [ 83.5204, 24.4402 ], [ 83.538, 24.4492 ], [ 83.5414, 24.432 ], [ 83.5483, 24.4316 ], [ 83.5612, 24.4389 ], [ 83.5658, 24.4459 ], [ 83.5756, 24.4495 ], [ 83.619, 24.4586 ], [ 83.6194, 24.4547 ], [ 83.6266, 24.4554 ], [ 83.6415, 24.4605 ], [ 83.6517, 24.453 ], [ 83.6427, 24.4371 ], [ 83.6601, 24.4406 ], [ 83.657, 24.4479 ], [ 83.6621, 24.4545 ], [ 83.6882, 24.4709 ], [ 83.6882, 24.478 ], [ 83.6946, 24.4755 ], [ 83.7053, 24.4853 ], [ 83.7103, 24.5063 ], [ 83.7253, 24.5038 ], [ 83.7726, 24.5165 ], [ 83.7729, 24.4861 ], [ 83.7635, 24.4848 ] ] ] } },
{ "type": "Feature", "properties": { "unit_id": "IND.15.6.1_1", "name": "Ketar", "district": "Garhwa", "did": "jharkhand:Garhwa", "state_key": "jharkhand" }, "geometry": { "type": "Polygon", "coordinates": [ [ [ 83.5509, 24.5233 ], [ 83.597, 24.5125 ], [ 83.6882, 24.5137 ], [ 83.7103, 24.5063 ], [ 83.7078, 24.4933 ], [ 83.7053, 24.4853 ], [ 83.6946, 24.4755 ], [ 83.6882, 24.478 ], [ 83.6882, 24.4709 ], [ 83.6621, 24.4545 ], [ 83.657, 24.4479 ], [ 83.6601, 24.4406 ], [ 83.6427, 24.4371 ], [ 83.6517, 24.453 ], [ 83.6415, 24.4605 ], [ 83.6266, 24.4554 ], [ 83.6194, 24.4547 ], [ 83.619, 24.4586 ], [ 83.5756, 24.4495 ], [ 83.5658, 24.4459 ], [ 83.5612, 24.4389 ], [ 83.5483, 24.4316 ], [ 83.5414, 24.432 ], [ 83.538, 24.4492 ], [ 83.5204, 24.4402 ], [ 83.5202, 24.428 ], [ 83.5264, 24.4229 ], [ 83.5142, 24.4218 ], [ 83.4988, 24.4149 ], [ 83.4871, 24.4184 ], [ 83.4979, 24.4481 ], [ 83.4934, 24.4518 ], [ 83.4788, 24.4537 ], [ 83.4836, 24.4627 ], [ 83.4842, 24.4783 ], [ 83.4664, 24.4802 ], [ 83.471, 24.4933 ], [ 83.4691, 24.5168 ], [ 83.4885, 24.5231 ], [ 83.5139, 24.5255 ], [ 83.5509, 24.5233 ] ] ] } },
{ "type": "Feature", "properties": { "unit_id": "IND.15.6.1_1", "name": "Kharaondi", "district": "Garhwa", "did": "jharkhand:Garhwa", "state_key": "jharkhand" }, "geometry": { "type": "MultiPolygon", "coordinates": [ [ [ [ 83.4842, 24.4783 ], [ 83.4836, 24.4627 ], [ 83.4788, 24.4537 ], [ 83.4936, 24.4517 ], [ 83.4976, 24.4448 ], [ 83.4882, 24.4171 ], [ 83.4727, 24.3991 ], [ 83.4677, 24.3978 ], [ 83.462, 24.3848 ], [ 83.4621, 24.3675 ], [ 83.4551, 24.3663 ], [ 83.4485, 24.3701 ], [ 83.4495, 24.377 ], [ 83.4335, 24.3933 ], [ 83.4344, 24.4008 ], [ 83.43, 24.3999 ], [ 83.4189, 24.4062 ], [ 83.4051, 24.4048 ], [ 83.4049, 24.436 ], [ 83.3941, 24.4346 ], [ 83.3852, 24.4549 ], [ 83.3982, 24.4854 ], [ 83.3961, 24.4945 ], [ 83.4015, 24.5034 ], [ 83.4691, 24.5168 ], [ 83.471, 24.4933 ], [ 83.4664, 24.4802 ], [ 83.4842, 24.4783 ] ] ], [ [ [ 83.7749, 24.4977 ], [ 83.7726, 24.5165 ], [ 83.7821, 24.5197 ], [ 83.7844, 24.5059 ], [ 83.7766, 24.5042 ], [ 83.778, 24.4983 ], [ 83.7749, 24.4977 ] ] ] ] } },
{ "type": "Feature", "properties": { "unit_id": "IND.15.2.1_1", "name": "Pratappur", "district": "Chatra", "did": "jharkhand:Chatra", "state_key": "jharkhand" }, "geometry": { "type": "MultiPolygon", "coordinates": [ [ [ [ 84.4885, 24.3151 ], [ 84.4837, 24.2981 ], [ 84.4719, 24.3046 ], [ 84.4705, 24.3152 ], [ 84.4772, 24.3171 ], [ 84.4866, 24.3131 ], [ 84.4955, 24.3253 ], [ 84.5053, 24.3313 ], [ 84.5078, 24.3251 ], [ 84.4975, 24.3163 ], [ 84.4885, 24.3151 ] ] ], [ [ [ 84.5868, 24.4006 ], [ 84.5968, 24.4051 ], [ 84.6148, 24.3989 ], [ 84.6308, 24.4054 ], [ 84.6427, 24.3988 ], [ 84.6468, 24.403 ], [ 84.65, 24.398 ], [ 84.6664, 24.3902 ], [ 84.6701, 24.3787 ], [ 84.6754, 24.3797 ], [ 84.6848, 24.3747 ], [ 84.691, 24.3661 ], [ 84.6871, 24.3592 ], [ 84.7186, 24.356 ], [ 84.7187, 24.3524 ], [ 84.7357, 24.3439 ], [ 84.7446, 24.333 ], [ 84.7331, 24.3288 ], [ 84.7168, 24.2827 ], [ 84.7231, 24.2617 ], [ 84.7293, 24.2586 ], [ 84.7116, 24.2533 ], [ 84.7071, 24.2459 ], [ 84.6863, 24.2454 ], [ 84.6829, 24.2404 ], [ 84.6755, 24.2392 ], [ 84.6718, 24.2401 ], [ 84.6625, 24.2591 ], [ 84.6557, 24.2607 ], [ 84.6507, 24.2489 ], [ 84.6359, 24.2527 ], [ 84.6303, 24.2393 ], [ 84.6189, 24.2475 ], [ 84.615, 24.2434 ], [ 84.6045, 24.2519 ], [ 84.5999, 24.2476 ], [ 84.5886, 24.2517 ], [ 84.5779, 24.2434 ], [ 84.581, 24.2382 ], [ 84.5751, 24.2356 ], [ 84.5747, 24.2252 ], [ 84.5858, 24.2217 ], [ 84.5742, 24.2049 ], [ 84.5526, 24.2117 ], [ 84.5457, 24.2112 ], [ 84.5393, 24.2015 ], [ 84.5296, 24.2056 ], [ 84.5239, 24.1989 ], [ 84.4908, 24.1991 ], [ 84.4761, 24.2056 ], [ 84.4761, 24.2263 ], [ 84.4488, 24.239 ], [ 84.4488, 24.2467 ], [ 84.4593, 24.2655 ], [ 84.4752, 24.266 ], [ 84.466, 24.2591 ], [ 84.4916, 24.2613 ], [ 84.4879, 24.2732 ], [ 84.4928, 24.2861 ], [ 84.5019, 24.2884 ], [ 84.5096, 24.3042 ], [ 84.5095, 24.3153 ], [ 84.5167, 24.3177 ], [ 84.5232, 24.333 ], [ 84.5316, 24.3388 ], [ 84.5245, 24.35 ], [ 84.5351, 24.3632 ], [ 84.5283, 24.3711 ], [ 84.5289, 24.3771 ], [ 84.5469, 24.3772 ], [ 84.5538, 24.3729 ], [ 84.5724, 24.3826 ], [ 84.5741, 24.3892 ], [ 84.5621, 24.3966 ], [ 84.5682, 24.4094 ], [ 84.5828, 24.4131 ], [ 84.5874, 24.41 ], [ 84.5868, 24.4006 ] ] ] ] } },
{ "type": "Feature", "properties": { "unit_id": "IND.15.17.1_1", "name": "Nawadiha", "district": "Palamu", "did": "jharkhand:Palamu", "state_key": "jharkhand" }, "geometry": { "type": "Polygon", "coordinates": [ [ [ 84.3038, 24.4115 ], [ 84.3118, 24.4166 ], [ 84.3345, 24.4206 ], [ 84.3303, 24.4106 ], [ 84.3331, 24.4047 ], [ 84.3446, 24.3994 ], [ 84.3416, 24.3935 ], [ 84.3735, 24.3835 ], [ 84.3787, 24.388 ], [ 84.3882, 24.3893 ], [ 84.3869, 24.3823 ], [ 84.3939, 24.3734 ], [ 84.4066, 24.3749 ], [ 84.4004, 24.3646 ], [ 84.4311, 24.3565 ], [ 84.425, 24.3492 ], [ 84.4258, 24.3291 ], [ 84.4171, 24.3073 ], [ 84.3981, 24.2987 ], [ 84.3985, 24.293 ], [ 84.3841, 24.2725 ], [ 84.3786, 24.27 ], [ 84.3765, 24.2629 ], [ 84.362, 24.2588 ], [ 84.3306, 24.2568 ], [ 84.3318, 24.2665 ], [ 84.3053, 24.2759 ], [ 84.2981, 24.2811 ], [ 84.2994, 24.289 ], [ 84.2916, 24.2902 ], [ 84.2884, 24.2809 ], [ 84.2935, 24.2758 ], [ 84.2907, 24.267 ], [ 84.2811, 24.2682 ], [ 84.2734, 24.2606 ], [ 84.2677, 24.2601 ], [ 84.2368, 24.2694 ], [ 84.2414, 24.2804 ], [ 84.2381, 24.2865 ], [ 84.248, 24.2939 ], [ 84.2616, 24.293 ], [ 84.2636, 24.2968 ], [ 84.2586, 24.2977 ], [ 84.2615, 24.3105 ], [ 84.2722, 24.3113 ], [ 84.2686, 24.3154 ], [ 84.2718, 24.3307 ], [ 84.2675, 24.3682 ], [ 84.2838, 24.3749 ], [ 84.2836, 24.3796 ], [ 84.2991, 24.3793 ], [ 84.2944, 24.3881 ], [ 84.2901, 24.3841 ], [ 84.2862, 24.3887 ], [ 84.2845, 24.3849 ], [ 84.2788, 24.3951 ], [ 84.2664, 24.3952 ], [ 84.2471, 24.4042 ], [ 84.255, 24.4097 ], [ 84.2551, 24.4173 ], [ 84.2617, 24.4235 ], [ 84.2378, 24.4317 ], [ 84.2568, 24.4474 ], [ 84.2663, 24.4457 ], [ 84.2861, 24.452 ], [ 84.2894, 24.4517 ], [ 84.2931, 24.4126 ], [ 84.3038, 24.4115 ] ] ] } },
{ "type": "Feature", "properties": { "unit_id": "IND.15.17.1_1", "name": "Chhatarpur", "district": "Palamu", "did": "jharkhand:Palamu", "state_key": "jharkhand" }, "geometry": { "type": "Polygon", "coordinates": [ [ [ 84.0829, 24.4411 ], [ 84.1233, 24.4422 ], [ 84.1475, 24.438 ], [ 84.1751, 24.4439 ], [ 84.1826, 24.4499 ], [ 84.1888, 24.4492 ], [ 84.1916, 24.4447 ], [ 84.1974, 24.4459 ], [ 84.2044, 24.4419 ], [ 84.1911, 24.4329 ], [ 84.1987, 24.4212 ], [ 84.198, 24.4137 ], [ 84.2221, 24.4198 ], [ 84.2378, 24.4317 ], [ 84.261, 24.4246 ], [ 84.2535, 24.4137 ], [ 84.255, 24.4097 ], [ 84.2471, 24.4042 ], [ 84.2664, 24.3952 ], [ 84.2788, 24.3951 ], [ 84.2845, 24.3849 ], [ 84.2862, 24.3887 ], [ 84.2901, 24.3841 ], [ 84.2944, 24.3881 ], [ 84.2987, 24.3812 ], [ 84.2977, 24.378 ], [ 84.2836, 24.3796 ], [ 84.2838, 24.3749 ], [ 84.2675, 24.3682 ], [ 84.2718, 24.3307 ], [ 84.2686, 24.3154 ], [ 84.2722, 24.3113 ], [ 84.2615, 24.3105 ], [ 84.2586, 24.2977 ], [ 84.2636, 24.2968 ], [ 84.2616, 24.293 ], [ 84.248, 24.2939 ], [ 84.2381, 24.2865 ], [ 84.2414, 24.2804 ], [ 84.2368, 24.2694 ], [ 84.272, 24.2605 ], [ 84.2691, 24.2559 ], [ 84.2523, 24.2564 ], [ 84.2508, 24.2509 ], [ 84.2562, 24.2489 ], [ 84.2594, 24.2419 ], [ 84.2369, 24.2376 ], [ 84.225, 24.2271 ], [ 84.2059, 24.2347 ], [ 84.2072, 24.2183 ], [ 84.1962, 24.2188 ], [ 84.1917, 24.2239 ], [ 84.1774, 24.22 ], [ 84.173, 24.2248 ], [ 84.1582, 24.2211 ], [ 84.1544, 24.2001 ], [ 84.1465, 24.2067 ], [ 84.1513, 24.2112 ], [ 84.1532, 24.2276 ], [ 84.1395, 24.2318 ], [ 84.1362, 24.2463 ], [ 84.1278, 24.2527 ], [ 84.1296, 24.2589 ], [ 84.116, 24.2775 ], [ 84.1172, 24.2944 ], [ 84.1084, 24.2971 ], [ 84.0898, 24.2864 ], [ 84.0769, 24.2912 ], [ 84.0616, 24.2915 ], [ 84.0691, 24.3025 ], [ 84.0649, 24.3062 ], [ 84.0501, 24.3052 ], [ 84.047, 24.3107 ], [ 84.0462, 24.3149 ], [ 84.053, 24.3232 ], [ 84.0667, 24.3277 ], [ 84.0607, 24.3349 ], [ 84.0589, 24.3496 ], [ 84.0714, 24.3608 ], [ 84.0688, 24.3666 ], [ 84.0718, 24.3837 ], [ 84.0524, 24.3915 ], [ 84.0423, 24.3999 ], [ 84.0427, 24.4309 ], [ 84.0757, 24.4551 ], [ 84.0808, 24.4507 ], [ 84.0829, 24.4411 ] ] ] } },
{ "type": "Feature", "properties": { "unit_id": "IND.15.17.1_1", "name": "Harihargunj", "district": "Palamu", "did": "jharkhand:Palamu", "state_key": "jharkhand" }, "geometry": { "type": "Polygon", "coordinates": [ [ [ 84.2997, 24.5464 ], [ 84.3114, 24.5345 ], [ 84.3124, 24.5235 ], [ 84.3225, 24.5167 ], [ 84.3274, 24.4873 ], [ 84.3167, 24.4868 ], [ 84.3026, 24.4798 ], [ 84.2915, 24.4665 ], [ 84.2924, 24.4619 ], [ 84.2974, 24.4494 ], [ 84.3218, 24.4464 ], [ 84.3368, 24.429 ], [ 84.3356, 24.4249 ], [ 84.3245, 24.4275 ], [ 84.3209, 24.4173 ], [ 84.3021, 24.4114 ], [ 84.2931, 24.4126 ], [ 84.2897, 24.4214 ], [ 84.2894, 24.4517 ], [ 84.2663, 24.4457 ], [ 84.2568, 24.4474 ], [ 84.2478, 24.4408 ], [ 84.2401, 24.4477 ], [ 84.2321, 24.4477 ], [ 84.2271, 24.4515 ], [ 84.2299, 24.4664 ], [ 84.2402, 24.4656 ], [ 84.2442, 24.4687 ], [ 84.2389, 24.4726 ], [ 84.238, 24.4801 ], [ 84.2341, 24.4795 ], [ 84.2269, 24.4868 ], [ 84.2342, 24.4921 ], [ 84.2272, 24.4979 ], [ 84.2176, 24.4975 ], [ 84.2205, 24.5031 ], [ 84.2139, 24.5142 ], [ 84.1971, 24.5093 ], [ 84.1852, 24.5127 ], [ 84.1869, 24.5204 ], [ 84.1815, 24.5208 ], [ 84.1732, 24.5447 ], [ 84.1843, 24.5448 ], [ 84.1872, 24.5529 ], [ 84.1999, 24.554 ], [ 84.1993, 24.5469 ], [ 84.2095, 24.541 ], [ 84.2095, 24.5342 ], [ 84.2168, 24.5327 ], [ 84.2209, 24.5461 ], [ 84.2361, 24.5494 ], [ 84.2363, 24.5389 ], [ 84.2423, 24.5415 ], [ 84.2496, 24.5347 ], [ 84.2505, 24.5279 ], [ 84.2568, 24.5269 ], [ 84.259, 24.5343 ], [ 84.2639, 24.5344 ], [ 84.2693, 24.5432 ], [ 84.2774, 24.5438 ], [ 84.2799, 24.5479 ], [ 84.2709, 24.5541 ], [ 84.2705, 24.56 ], [ 84.2815, 24.5589 ], [ 84.2895, 24.5628 ], [ 84.2961, 24.5609 ], [ 84.2997, 24.5464 ] ] ] } },
{ "type": "Feature", "properties": { "unit_id": "IND.15.17.1_1", "name": "Pipra", "district": "Palamu", "did": "jharkhand:Palamu", "state_key": "jharkhand" }, "geometry": { "type": "Polygon", "coordinates": [ [ [ 84.1642, 24.5282 ], [ 84.1523, 24.5159 ], [ 84.1537, 24.5116 ], [ 84.1697, 24.5033 ], [ 84.1786, 24.5056 ], [ 84.1859, 24.5209 ], [ 84.1852, 24.5127 ], [ 84.1962, 24.5093 ], [ 84.2139, 24.5142 ], [ 84.2205, 24.5031 ], [ 84.2176, 24.4975 ], [ 84.2272, 24.4979 ], [ 84.2325, 24.4941 ], [ 84.2342, 24.4921 ], [ 84.2269, 24.4868 ], [ 84.2341, 24.4795 ], [ 84.238, 24.4801 ], [ 84.2389, 24.4726 ], [ 84.2442, 24.4687 ], [ 84.2402, 24.4656 ], [ 84.2299, 24.4664 ], [ 84.2271, 24.4515 ], [ 84.2456, 24.4441 ], [ 84.2451, 24.4364 ], [ 84.2221, 24.4198 ], [ 84.2171, 24.4204 ], [ 84.2072, 24.4143 ], [ 84.198, 24.4137 ], [ 84.1987, 24.4212 ], [ 84.1911, 24.4319 ], [ 84.2044, 24.4419 ], [ 84.1974, 24.4459 ], [ 84.1916, 24.4447 ], [ 84.1888, 24.4492 ], [ 84.1826, 24.4499 ], [ 84.1751, 24.4439 ], [ 84.1475, 24.438 ], [ 84.1131, 24.4418 ], [ 84.1153, 24.4697 ], [ 84.0892, 24.4743 ], [ 84.0893, 24.4794 ], [ 84.0969, 24.4834 ], [ 84.1021, 24.4834 ], [ 84.111, 24.4767 ], [ 84.1247, 24.4807 ], [ 84.1273, 24.4951 ], [ 84.1405, 24.5005 ], [ 84.1345, 24.5248 ], [ 84.1443, 24.5383 ], [ 84.1635, 24.5334 ], [ 84.1642, 24.5282 ] ] ] } },
{ "type": "Feature", "properties": { "unit_id": "IND.15.17.1_1", "name": "Mohamadganj", "district": "Palamu", "did": "jharkhand:Palamu", "state_key": "jharkhand" }, "geometry": { "type": "Polygon", "coordinates": [ [ [ 83.8942, 24.5019 ], [ 83.9036, 24.5029 ], [ 83.9065, 24.5071 ], [ 83.9176, 24.5056 ], [ 83.9196, 24.4876 ], [ 83.927, 24.4859 ], [ 83.9241, 24.4786 ], [ 83.9137, 24.4802 ], [ 83.9155, 24.4769 ], [ 83.9105, 24.4724 ], [ 83.9015, 24.4746 ], [ 83.9001, 24.4697 ], [ 83.9017, 24.4657 ], [ 83.9082, 24.4645 ], [ 83.9045, 24.4544 ], [ 83.9106, 24.4408 ], [ 83.9124, 24.4226 ], [ 83.9246, 24.4166 ], [ 83.9244, 24.4131 ], [ 83.9332, 24.4123 ], [ 83.9321, 24.4092 ], [ 83.9282, 24.4101 ], [ 83.9273, 24.3988 ], [ 83.9353, 24.3983 ], [ 83.9339, 24.3857 ], [ 83.9421, 24.3762 ], [ 83.9361, 24.3741 ], [ 83.9126, 24.3769 ], [ 83.9091, 24.3736 ], [ 83.9063, 24.3824 ], [ 83.8888, 24.3767 ], [ 83.8572, 24.3772 ], [ 83.8481, 24.382 ], [ 83.8434, 24.3925 ], [ 83.8526, 24.4001 ], [ 83.8571, 24.4184 ], [ 83.8538, 24.4811 ], [ 83.8569, 24.4961 ], [ 83.8745, 24.5323 ], [ 83.8946, 24.5393 ], [ 83.8987, 24.5229 ], [ 83.8903, 24.5091 ], [ 83.8942, 24.5019 ] ] ] } },
{ "type": "Feature", "properties": { "unit_id": "IND.15.6.1_1", "name": "Kandi", "district": "Garhwa", "did": "jharkhand:Garhwa", "state_key": "jharkhand" }, "geometry": { "type": "Polygon", "coordinates": [ [ [ 83.874, 24.5271 ], [ 83.8583, 24.4993 ], [ 83.8538, 24.4811 ], [ 83.8577, 24.4256 ], [ 83.8541, 24.4066 ], [ 83.8291, 24.4159 ], [ 83.8238, 24.4043 ], [ 83.8025, 24.4092 ], [ 83.8006, 24.4013 ], [ 83.8086, 24.3952 ], [ 83.8037, 24.3812 ], [ 83.8066, 24.374 ], [ 83.7851, 24.3699 ], [ 83.7788, 24.3811 ], [ 83.762, 24.3816 ], [ 83.7611, 24.3911 ], [ 83.7558, 24.3967 ], [ 83.7291, 24.3942 ], [ 83.7057, 24.3964 ], [ 83.701, 24.4118 ], [ 83.6889, 24.4149 ], [ 83.692, 24.4278 ], [ 83.7439, 24.4406 ], [ 83.7358, 24.4469 ], [ 83.7363, 24.4622 ], [ 83.7421, 24.467 ], [ 83.7343, 24.4779 ], [ 83.7453, 24.4851 ], [ 83.7499, 24.4811 ], [ 83.7569, 24.4837 ], [ 83.7581, 24.4884 ], [ 83.7635, 24.4848 ], [ 83.7729, 24.4861 ], [ 83.7749, 24.4977 ], [ 83.779, 24.4989 ], [ 83.7762, 24.5035 ], [ 83.7844, 24.5059 ], [ 83.7821, 24.5197 ], [ 83.8002, 24.5295 ], [ 83.8165, 24.5291 ], [ 83.8618, 24.5367 ], [ 83.8727, 24.5318 ], [ 83.874, 24.5271 ] ] ] } },
{ "type": "Feature", "properties": { "unit_id": "IND.15.6.1_1", "name": "Bardiha", "district": "Garhwa", "did": "jharkhand:Garhwa", "state_key": "jharkhand" }, "geometry": { "type": "Polygon", "coordinates": [ [ [ 83.762, 24.3816 ], [ 83.7788, 24.3811 ], [ 83.7812, 24.3561 ], [ 83.7855, 24.3561 ], [ 83.7907, 24.3476 ], [ 83.7771, 24.3366 ], [ 83.7769, 24.3184 ], [ 83.7691, 24.326 ], [ 83.763, 24.3252 ], [ 83.7454, 24.336 ], [ 83.7392, 24.3239 ], [ 83.7279, 24.318 ], [ 83.7173, 24.3179 ], [ 83.7117, 24.3079 ], [ 83.6921, 24.3024 ], [ 83.6802, 24.3044 ], [ 83.6807, 24.3164 ], [ 83.6765, 24.3229 ], [ 83.6594, 24.3186 ], [ 83.6521, 24.321 ], [ 83.6455, 24.3289 ], [ 83.6443, 24.3478 ], [ 83.6659, 24.3573 ], [ 83.6791, 24.3728 ], [ 83.6972, 24.3817 ], [ 83.6992, 24.3961 ], [ 83.7574, 24.3956 ], [ 83.762, 24.3816 ] ] ] } },
{ "type": "Feature", "properties": { "unit_id": "IND.15.6.1_1", "name": "Majhiaon", "district": "Garhwa", "did": "jharkhand:Garhwa", "state_key": "jharkhand" }, "geometry": { "type": "Polygon", "coordinates": [ [ [ 83.8541, 24.4066 ], [ 83.8526, 24.4001 ], [ 83.822, 24.3783 ], [ 83.8145, 24.3631 ], [ 83.8133, 24.3503 ], [ 83.8283, 24.3314 ], [ 83.8322, 24.3182 ], [ 83.8206, 24.3027 ], [ 83.8199, 24.2886 ], [ 83.8085, 24.2762 ], [ 83.8018, 24.2764 ], [ 83.7858, 24.2642 ], [ 83.7771, 24.2523 ], [ 83.7689, 24.2519 ], [ 83.756, 24.229 ], [ 83.7458, 24.2268 ], [ 83.7417, 24.2065 ], [ 83.7249, 24.2056 ], [ 83.7167, 24.2101 ], [ 83.7066, 24.2285 ], [ 83.7221, 24.2486 ], [ 83.7229, 24.2576 ], [ 83.7096, 24.2732 ], [ 83.7062, 24.2844 ], [ 83.6903, 24.2906 ], [ 83.6735, 24.2822 ], [ 83.6649, 24.2899 ], [ 83.6658, 24.2956 ], [ 83.6752, 24.2979 ], [ 83.6802, 24.3044 ], [ 83.6921, 24.3024 ], [ 83.7084, 24.3059 ], [ 83.7154, 24.3169 ], [ 83.7279, 24.318 ], [ 83.7392, 24.3239 ], [ 83.7454, 24.336 ], [ 83.763, 24.3252 ], [ 83.7691, 24.326 ], [ 83.7769, 24.3184 ], [ 83.7771, 24.3366 ], [ 83.7907, 24.3476 ], [ 83.7855, 24.3561 ], [ 83.7812, 24.3561 ], [ 83.7817, 24.3717 ], [ 83.7918, 24.3704 ], [ 83.8015, 24.375 ], [ 83.8066, 24.374 ], [ 83.8037, 24.3812 ], [ 83.8086, 24.3952 ], [ 83.8006, 24.4013 ], [ 83.8003, 24.4079 ], [ 83.8089, 24.41 ], [ 83.8238, 24.4043 ], [ 83.8291, 24.4159 ], [ 83.8428, 24.4089 ], [ 83.8541, 24.4066 ] ] ] } },
{ "type": "Feature", "properties": { "unit_id": "IND.15.17.1_1", "name": "Untari Road", "district": "Palamu", "did": "jharkhand:Palamu", "state_key": "jharkhand" }, "geometry": { "type": "Polygon", "coordinates": [ [ [ 83.8572, 24.3772 ], [ 83.8888, 24.3767 ], [ 83.9063, 24.3824 ], [ 83.909, 24.3783 ], [ 83.8997, 24.3621 ], [ 83.9078, 24.3514 ], [ 83.8982, 24.3503 ], [ 83.8961, 24.3417 ], [ 83.9086, 24.3406 ], [ 83.9096, 24.335 ], [ 83.9041, 24.327 ], [ 83.8968, 24.3241 ], [ 83.8982, 24.3183 ], [ 83.8939, 24.317 ], [ 83.8847, 24.2897 ], [ 83.8665, 24.2971 ], [ 83.8543, 24.2727 ], [ 83.8395, 24.2674 ], [ 83.8183, 24.2918 ], [ 83.8206, 24.3027 ], [ 83.8322, 24.3182 ], [ 83.8283, 24.3314 ], [ 83.8133, 24.3503 ], [ 83.8136, 24.3591 ], [ 83.822, 24.3783 ], [ 83.8413, 24.3916 ], [ 83.849, 24.3813 ], [ 83.8572, 24.3772 ] ] ] } },
{ "type": "Feature", "properties": { "unit_id": "IND.15.17.1_1", "name": "Pandu", "district": "Palamu", "did": "jharkhand:Palamu", "state_key": "jharkhand" }, "geometry": { "type": "Polygon", "coordinates": [ [ [ 84.0661, 24.3863 ], [ 84.0717, 24.3847 ], [ 84.0688, 24.3666 ], [ 84.0722, 24.363 ], [ 84.0593, 24.352 ], [ 84.0607, 24.3349 ], [ 84.0495, 24.3234 ], [ 84.0201, 24.3229 ], [ 84.016, 24.3162 ], [ 84.0074, 24.3145 ], [ 84.0031, 24.3172 ], [ 83.9791, 24.3096 ], [ 83.9832, 24.3069 ], [ 83.97, 24.2758 ], [ 83.97, 24.2645 ], [ 83.9525, 24.2674 ], [ 83.9494, 24.265 ], [ 83.926, 24.2661 ], [ 83.9198, 24.2685 ], [ 83.9181, 24.2738 ], [ 83.9105, 24.2748 ], [ 83.8847, 24.2897 ], [ 83.8939, 24.317 ], [ 83.8982, 24.3183 ], [ 83.8968, 24.3241 ], [ 83.9041, 24.327 ], [ 83.9096, 24.335 ], [ 83.9086, 24.3406 ], [ 83.8961, 24.3417 ], [ 83.8982, 24.3503 ], [ 83.9078, 24.3514 ], [ 83.8997, 24.3621 ], [ 83.909, 24.3783 ], [ 83.9091, 24.3736 ], [ 83.9126, 24.3769 ], [ 83.9243, 24.3734 ], [ 83.9421, 24.3762 ], [ 83.9538, 24.3731 ], [ 83.9667, 24.3875 ], [ 83.981, 24.3894 ], [ 83.9927, 24.382 ], [ 83.9956, 24.3759 ], [ 84.0036, 24.3758 ], [ 84.0068, 24.3716 ], [ 84.0225, 24.3674 ], [ 84.0374, 24.3712 ], [ 84.0398, 24.3886 ], [ 84.0527, 24.3818 ], [ 84.0661, 24.3863 ] ] ] } },
{ "type": "Feature", "properties": { "unit_id": "IND.15.17.1_1", "name": "Haidernagar", "district": "Palamu", "did": "jharkhand:Palamu", "state_key": "jharkhand" }, "geometry": { "type": "Polygon", "coordinates": [ [ [ 83.9665, 24.5156 ], [ 83.9758, 24.5219 ], [ 83.9828, 24.5125 ], [ 83.9799, 24.5089 ], [ 83.984, 24.5103 ], [ 83.9928, 24.5027 ], [ 83.9905, 24.4927 ], [ 83.9944, 24.4843 ], [ 83.9832, 24.4858 ], [ 83.9827, 24.4789 ], [ 83.985, 24.4749 ], [ 83.9965, 24.4734 ], [ 83.9994, 24.4637 ], [ 83.9976, 24.4598 ], [ 83.989, 24.4626 ], [ 83.9844, 24.4568 ], [ 83.9792, 24.4579 ], [ 83.9732, 24.4346 ], [ 83.9654, 24.4228 ], [ 83.9687, 24.4178 ], [ 83.9521, 24.4045 ], [ 83.9524, 24.3997 ], [ 83.9353, 24.3983 ], [ 83.9273, 24.3988 ], [ 83.9282, 24.4101 ], [ 83.9321, 24.4092 ], [ 83.9332, 24.4123 ], [ 83.9244, 24.4131 ], [ 83.9246, 24.4166 ], [ 83.9124, 24.4226 ], [ 83.9106, 24.4408 ], [ 83.9045, 24.4544 ], [ 83.9082, 24.4645 ], [ 83.9017, 24.4657 ], [ 83.9001, 24.4697 ], [ 83.9015, 24.4746 ], [ 83.9105, 24.4724 ], [ 83.9155, 24.4769 ], [ 83.9137, 24.4802 ], [ 83.9241, 24.4786 ], [ 83.927, 24.4859 ], [ 83.9196, 24.4876 ], [ 83.9176, 24.5056 ], [ 83.9065, 24.5071 ], [ 83.9036, 24.5029 ], [ 83.8949, 24.5016 ], [ 83.8903, 24.5091 ], [ 83.8987, 24.5229 ], [ 83.8946, 24.5393 ], [ 83.9361, 24.5491 ], [ 83.9458, 24.5129 ], [ 83.9665, 24.5156 ] ] ] } },
{ "type": "Feature", "properties": { "unit_id": "IND.15.17.1_1", "name": "Hussainabad", "district": "Palamu", "did": "jharkhand:Palamu", "state_key": "jharkhand" }, "geometry": { "type": "Polygon", "coordinates": [ [ [ 84.0334, 24.63 ], [ 84.0331, 24.6204 ], [ 84.0426, 24.6186 ], [ 84.0447, 24.6112 ], [ 84.052, 24.6099 ], [ 84.0469, 24.6042 ], [ 84.0572, 24.5925 ], [ 84.051, 24.5866 ], [ 84.0618, 24.5865 ], [ 84.0649, 24.581 ], [ 84.0606, 24.5736 ], [ 84.0729, 24.5672 ], [ 84.0781, 24.5404 ], [ 84.0856, 24.5376 ], [ 84.0853, 24.5345 ], [ 84.0932, 24.5336 ], [ 84.0888, 24.5297 ], [ 84.0855, 24.5055 ], [ 84.092, 24.5043 ], [ 84.0887, 24.5002 ], [ 84.0983, 24.4927 ], [ 84.1021, 24.4834 ], [ 84.0926, 24.4822 ], [ 84.0892, 24.4743 ], [ 84.1153, 24.4697 ], [ 84.1152, 24.4428 ], [ 84.0829, 24.4411 ], [ 84.0809, 24.4513 ], [ 84.0757, 24.4551 ], [ 84.0613, 24.4472 ], [ 84.0604, 24.4411 ], [ 84.0458, 24.4356 ], [ 84.0414, 24.4239 ], [ 84.0423, 24.3999 ], [ 84.066, 24.3856 ], [ 84.0527, 24.3818 ], [ 84.0398, 24.3886 ], [ 84.0363, 24.37 ], [ 84.0137, 24.3691 ], [ 84.0036, 24.3758 ], [ 83.9956, 24.3759 ], [ 83.9927, 24.382 ], [ 83.981, 24.3894 ], [ 83.9667, 24.3875 ], [ 83.9538, 24.3731 ], [ 83.9388, 24.3784 ], [ 83.9339, 24.3857 ], [ 83.9353, 24.3983 ], [ 83.9524, 24.3997 ], [ 83.9521, 24.4045 ], [ 83.9687, 24.4178 ], [ 83.9654, 24.4228 ], [ 83.9732, 24.4346 ], [ 83.9792, 24.4579 ], [ 83.9844, 24.4568 ], [ 83.989, 24.4626 ], [ 83.9976, 24.4598 ], [ 83.9994, 24.4637 ], [ 83.9965, 24.4734 ], [ 83.985, 24.4749 ], [ 83.9827, 24.4789 ], [ 83.9832, 24.4858 ], [ 83.9944, 24.4843 ], [ 83.9905, 24.4927 ], [ 83.9928, 24.5027 ], [ 83.984, 24.5103 ], [ 83.9799, 24.5089 ], [ 83.9828, 24.5125 ], [ 83.9758, 24.5219 ], [ 83.9665, 24.5156 ], [ 83.9458, 24.5129 ], [ 83.9361, 24.5491 ], [ 83.9759, 24.5921 ], [ 83.9929, 24.63 ], [ 83.9993, 24.6366 ], [ 84.0078, 24.6429 ], [ 84.0273, 24.6335 ], [ 84.0233, 24.6314 ], [ 84.0249, 24.6284 ], [ 84.0334, 24.63 ] ] ] } },
{ "type": "Feature", "properties": { "unit_id": "IND.15.17.1_1", "name": "Nawabazar", "district": "Palamu", "did": "jharkhand:Palamu", "state_key": "jharkhand" }, "geometry": { "type": "Polygon", "coordinates": [ [ [ 84.0691, 24.3025 ], [ 84.0616, 24.2915 ], [ 84.0769, 24.2912 ], [ 84.0898, 24.2864 ], [ 84.1084, 24.2971 ], [ 84.1172, 24.2944 ], [ 84.116, 24.2775 ], [ 84.1296, 24.2589 ], [ 84.1278, 24.2527 ], [ 84.1362, 24.2463 ], [ 84.1395, 24.2318 ], [ 84.126, 24.2361 ], [ 84.1075, 24.2344 ], [ 84.0998, 24.2258 ], [ 84.1051, 24.223 ], [ 84.1041, 24.2018 ], [ 84.085, 24.1972 ], [ 84.0754, 24.187 ], [ 84.0673, 24.1849 ], [ 84.0593, 24.1769 ], [ 84.0572, 24.1655 ], [ 84.0514, 24.1675 ], [ 84.0375, 24.15 ], [ 84.0174, 24.145 ], [ 84.0032, 24.1524 ], [ 84.0186, 24.1655 ], [ 84.0207, 24.1756 ], [ 84.0076, 24.1796 ], [ 84.008, 24.1874 ], [ 84.0167, 24.202 ], [ 84.0215, 24.204 ], [ 84.0024, 24.209 ], [ 83.996, 24.2212 ], [ 83.9706, 24.2184 ], [ 83.9712, 24.2265 ], [ 83.9793, 24.2318 ], [ 83.9792, 24.2418 ], [ 83.9882, 24.2433 ], [ 83.9919, 24.2547 ], [ 83.9884, 24.2597 ], [ 84.0088, 24.2592 ], [ 84.0109, 24.2717 ], [ 83.9941, 24.2842 ], [ 84.0103, 24.2898 ], [ 84.0318, 24.2849 ], [ 84.0381, 24.2896 ], [ 84.0379, 24.2944 ], [ 84.0459, 24.2966 ], [ 84.0485, 24.3067 ], [ 84.0649, 24.3062 ], [ 84.0691, 24.3025 ] ] ] } },
{ "type": "Feature", "properties": { "unit_id": "IND.15.17.1_1", "name": "C", "district": "Palamu", "did": "jharkhand:Palamu", "state_key": "jharkhand" }, "geometry": { "type": "Polygon", "coordinates": [ [ [ 84.1214, 24.1609 ], [ 84.1109, 24.1627 ], [ 84.112, 24.1737 ], [ 84.1254, 24.1869 ], [ 84.1214, 24.1609 ] ] ] } },
{ "type": "Feature", "properties": { "unit_id": "IND.15.17.1_1", "name": "Padwa", "district": "Palamu", "did": "jharkhand:Palamu", "state_key": "jharkhand" }, "geometry": { "type": "Polygon", "coordinates": [ [ [ 84.1532, 24.2276 ], [ 84.1513, 24.2112 ], [ 84.1465, 24.2067 ], [ 84.1544, 24.2001 ], [ 84.1522, 24.1978 ], [ 84.1604, 24.1935 ], [ 84.1571, 24.1849 ], [ 84.1359, 24.193 ], [ 84.1233, 24.1878 ], [ 84.1176, 24.1761 ], [ 84.112, 24.1737 ], [ 84.1109, 24.1627 ], [ 84.1214, 24.1609 ], [ 84.1246, 24.1679 ], [ 84.1299, 24.166 ], [ 84.1245, 24.1516 ], [ 84.1041, 24.1495 ], [ 84.1068, 24.1233 ], [ 84.111, 24.1257 ], [ 84.1173, 24.1199 ], [ 84.1261, 24.1191 ], [ 84.1245, 24.1108 ], [ 84.1042, 24.1047 ], [ 84.1026, 24.109 ], [ 84.0908, 24.113 ], [ 84.0802, 24.1092 ], [ 84.0698, 24.1104 ], [ 84.0627, 24.1145 ], [ 84.0487, 24.1459 ], [ 84.0375, 24.15 ], [ 84.0514, 24.1675 ], [ 84.0572, 24.1655 ], [ 84.0593, 24.1769 ], [ 84.0673, 24.1849 ], [ 84.0754, 24.187 ], [ 84.085, 24.1972 ], [ 84.1041, 24.2018 ], [ 84.1051, 24.223 ], [ 84.0998, 24.2258 ], [ 84.1094, 24.2355 ], [ 84.1197, 24.2363 ], [ 84.1532, 24.2276 ] ] ] } },
{ "type": "Feature", "properties": { "unit_id": "IND.15.6.1_1", "name": "Danda", "district": "Garhwa", "did": "jharkhand:Garhwa", "state_key": "jharkhand" }, "geometry": { "type": "Polygon", "coordinates": [ [ [ 83.9776, 24.1397 ], [ 83.9773, 24.1276 ], [ 83.99, 24.1113 ], [ 83.9898, 24.1011 ], [ 83.9782, 24.1008 ], [ 83.9609, 24.1092 ], [ 83.9524, 24.0949 ], [ 83.9398, 24.1008 ], [ 83.9214, 24.0884 ], [ 83.9117, 24.0949 ], [ 83.9118, 24.0995 ], [ 83.9205, 24.1006 ], [ 83.9269, 24.1068 ], [ 83.93, 24.1194 ], [ 83.9392, 24.1257 ], [ 83.9309, 24.1448 ], [ 83.9343, 24.1619 ], [ 83.9676, 24.151 ], [ 83.9723, 24.14 ], [ 83.9776, 24.1397 ] ] ] } },
{ "type": "Feature", "properties": { "unit_id": "IND.15.17.1_1", "name": "Bishrampur", "district": "Palamu", "did": "jharkhand:Palamu", "state_key": "jharkhand" }, "geometry": { "type": "Polygon", "coordinates": [ [ [ 84.0459, 24.2966 ], [ 84.0379, 24.2944 ], [ 84.0349, 24.2867 ], [ 84.03, 24.2844 ], [ 84.0091, 24.2898 ], [ 83.9941, 24.2842 ], [ 84.0109, 24.2717 ], [ 84.0088, 24.2592 ], [ 83.9884, 24.2597 ], [ 83.9919, 24.2547 ], [ 83.9882, 24.2433 ], [ 83.9792, 24.2418 ], [ 83.9793, 24.2318 ], [ 83.9712, 24.2265 ], [ 83.9706, 24.2184 ], [ 83.996, 24.2212 ], [ 84.0024, 24.209 ], [ 84.0212, 24.2045 ], [ 84.008, 24.1874 ], [ 84.0076, 24.1796 ], [ 84.0207, 24.1756 ], [ 84.0181, 24.1646 ], [ 84.0032, 24.1524 ], [ 83.9761, 24.149 ], [ 83.9392, 24.1613 ], [ 83.8823, 24.2051 ], [ 83.8693, 24.2291 ], [ 83.8395, 24.2674 ], [ 83.8543, 24.2727 ], [ 83.8665, 24.2971 ], [ 83.8829, 24.2925 ], [ 83.9105, 24.2748 ], [ 83.9181, 24.2738 ], [ 83.9198, 24.2685 ], [ 83.926, 24.2661 ], [ 83.9494, 24.265 ], [ 83.9525, 24.2674 ], [ 83.97, 24.2645 ], [ 83.97, 24.2758 ], [ 83.9832, 24.3069 ], [ 83.9791, 24.3096 ], [ 84.0031, 24.3172 ], [ 84.0074, 24.3145 ], [ 84.016, 24.3162 ], [ 84.0201, 24.3229 ], [ 84.0495, 24.3234 ], [ 84.0607, 24.3349 ], [ 84.0668, 24.3286 ], [ 84.0482, 24.3182 ], [ 84.0459, 24.2966 ] ] ] } },
{ "type": "Feature", "properties": { "unit_id": "IND.15.6.1_1", "name": "Meral", "district": "Garhwa", "did": "jharkhand:Garhwa", "state_key": "jharkhand" }, "geometry": { "type": "Polygon", "coordinates": [ [ [ 83.8282, 24.2401 ], [ 83.8102, 24.2328 ], [ 83.8108, 24.2242 ], [ 83.805, 24.2181 ], [ 83.81, 24.2078 ], [ 83.7983, 24.1852 ], [ 83.7816, 24.1829 ], [ 83.7897, 24.1745 ], [ 83.7885, 24.1689 ], [ 83.7782, 24.1699 ], [ 83.7784, 24.174 ], [ 83.7707, 24.1769 ], [ 83.7635, 24.1665 ], [ 83.7503, 24.1769 ], [ 83.7434, 24.1752 ], [ 83.7407, 24.1685 ], [ 83.7217, 24.172 ], [ 83.7197, 24.1662 ], [ 83.7245, 24.1559 ], [ 83.7176, 24.139 ], [ 83.751, 24.1228 ], [ 83.76, 24.1122 ], [ 83.7801, 24.1103 ], [ 83.7791, 24.0994 ], [ 83.8039, 24.0968 ], [ 83.8002, 24.0925 ], [ 83.8031, 24.0833 ], [ 83.7996, 24.0691 ], [ 83.7883, 24.0659 ], [ 83.7619, 24.0664 ], [ 83.7533, 24.0619 ], [ 83.7508, 24.0544 ], [ 83.733, 24.055 ], [ 83.7261, 24.0505 ], [ 83.7096, 24.0624 ], [ 83.6873, 24.0605 ], [ 83.6819, 24.0696 ], [ 83.6859, 24.0886 ], [ 83.6826, 24.093 ], [ 83.6751, 24.0929 ], [ 83.6695, 24.1165 ], [ 83.6588, 24.1179 ], [ 83.6574, 24.1121 ], [ 83.6461, 24.1121 ], [ 83.6373, 24.1306 ], [ 83.6391, 24.1462 ], [ 83.6483, 24.1482 ], [ 83.6592, 24.1448 ], [ 83.6613, 24.1533 ], [ 83.667, 24.1561 ], [ 83.6591, 24.1729 ], [ 83.6421, 24.1849 ], [ 83.6451, 24.1905 ], [ 83.6417, 24.2041 ], [ 83.6519, 24.2167 ], [ 83.6527, 24.2307 ], [ 83.6604, 24.2378 ], [ 83.6558, 24.2605 ], [ 83.6572, 24.279 ], [ 83.6613, 24.28 ], [ 83.6649, 24.2899 ], [ 83.6735, 24.2822 ], [ 83.6903, 24.2906 ], [ 83.7042, 24.2869 ], [ 83.7096, 24.2732 ], [ 83.7229, 24.2576 ], [ 83.7221, 24.2486 ], [ 83.7066, 24.2285 ], [ 83.7167, 24.2101 ], [ 83.7249, 24.2056 ], [ 83.7417, 24.2065 ], [ 83.7458, 24.2268 ], [ 83.7548, 24.2278 ], [ 83.7689, 24.2519 ], [ 83.7771, 24.2523 ], [ 83.7858, 24.2642 ], [ 83.8018, 24.2764 ], [ 83.8085, 24.2762 ], [ 83.8199, 24.2886 ], [ 83.8414, 24.2649 ], [ 83.8282, 24.2401 ] ] ] } },
{ "type": "Feature", "properties": { "unit_id": "IND.15.6.1_1", "name": "Garhwa", "district": "Garhwa", "did": "jharkhand:Garhwa", "state_key": "jharkhand" }, "geometry": { "type": "Polygon", "coordinates": [ [ [ 83.9309, 24.1448 ], [ 83.9392, 24.1257 ], [ 83.93, 24.1194 ], [ 83.9241, 24.1036 ], [ 83.9118, 24.0995 ], [ 83.9084, 24.0882 ], [ 83.8981, 24.0837 ], [ 83.8927, 24.0862 ], [ 83.8895, 24.0795 ], [ 83.8738, 24.0694 ], [ 83.8661, 24.0689 ], [ 83.8626, 24.0385 ], [ 83.8581, 24.0348 ], [ 83.8425, 24.0365 ], [ 83.8344, 24.0425 ], [ 83.7948, 24.0527 ], [ 83.7716, 24.0644 ], [ 83.7996, 24.0691 ], [ 83.8031, 24.0833 ], [ 83.8002, 24.0925 ], [ 83.8039, 24.0968 ], [ 83.7791, 24.0994 ], [ 83.7801, 24.1103 ], [ 83.76, 24.1122 ], [ 83.751, 24.1228 ], [ 83.7169, 24.1403 ], [ 83.7245, 24.1559 ], [ 83.7198, 24.1641 ], [ 83.7217, 24.172 ], [ 83.7407, 24.1685 ], [ 83.7439, 24.1756 ], [ 83.7533, 24.1768 ], [ 83.7653, 24.1666 ], [ 83.7707, 24.1769 ], [ 83.7784, 24.174 ], [ 83.7782, 24.1699 ], [ 83.7885, 24.1689 ], [ 83.7897, 24.1745 ], [ 83.7816, 24.1829 ], [ 83.7983, 24.1852 ], [ 83.81, 24.2078 ], [ 83.805, 24.2181 ], [ 83.8108, 24.2242 ], [ 83.8102, 24.2328 ], [ 83.8282, 24.2401 ], [ 83.8414, 24.2649 ], [ 83.8693, 24.2291 ], [ 83.8813, 24.2061 ], [ 83.9364, 24.163 ], [ 83.9309, 24.1448 ] ] ] } },
{ "type": "Feature", "properties": { "unit_id": "IND.15.6.1_1", "name": "Ramkanda", "district": "Garhwa", "did": "jharkhand:Garhwa", "state_key": "jharkhand" }, "geometry": { "type": "Polygon", "coordinates": [ [ [ 83.8969, 23.9662 ], [ 83.9067, 23.9601 ], [ 83.9076, 23.9508 ], [ 83.9199, 23.9417 ], [ 83.915, 23.9374 ], [ 83.921, 23.9342 ], [ 83.9263, 23.9358 ], [ 83.9277, 23.9248 ], [ 83.938, 23.9251 ], [ 83.9418, 23.922 ], [ 83.9383, 23.92 ], [ 83.9422, 23.9043 ], [ 83.9359, 23.9006 ], [ 83.9329, 23.8825 ], [ 83.9389, 23.8758 ], [ 83.9336, 23.863 ], [ 83.9352, 23.8501 ], [ 83.927, 23.846 ], [ 83.9205, 23.8279 ], [ 83.8882, 23.8235 ], [ 83.8839, 23.8154 ], [ 83.8752, 23.8228 ], [ 83.8641, 23.8236 ], [ 83.8463, 23.8028 ], [ 83.823, 23.8059 ], [ 83.8013, 23.7949 ], [ 83.7656, 23.7982 ], [ 83.7575, 23.7914 ], [ 83.739, 23.7946 ], [ 83.7427, 23.8155 ], [ 83.7472, 23.8211 ], [ 83.7435, 23.8333 ], [ 83.7564, 23.8404 ], [ 83.7523, 23.8552 ], [ 83.7626, 23.8639 ], [ 83.7642, 23.8737 ], [ 83.7849, 23.8825 ], [ 83.8004, 23.8791 ], [ 83.823, 23.8798 ], [ 83.8482, 23.887 ], [ 83.8507, 23.8948 ], [ 83.8662, 23.8969 ], [ 83.8641, 23.9037 ], [ 83.8455, 23.911 ], [ 83.8416, 23.9163 ], [ 83.8462, 23.9331 ], [ 83.8408, 23.9447 ], [ 83.8425, 23.9512 ], [ 83.8677, 23.9549 ], [ 83.8648, 23.9722 ], [ 83.87, 23.976 ], [ 83.8687, 23.9822 ], [ 83.8835, 23.9849 ], [ 83.8977, 23.9743 ], [ 83.8969, 23.9662 ] ] ] } },
{ "type": "Feature", "properties": { "unit_id": "IND.15.17.1_1", "name": "Chainpur", "district": "Palamu", "did": "jharkhand:Palamu", "state_key": "jharkhand" }, "geometry": { "type": "Polygon", "coordinates": [ [ [ 84.0174, 24.145 ], [ 84.0413, 24.1492 ], [ 84.0515, 24.1424 ], [ 84.0627, 24.1158 ], [ 84.058, 24.0943 ], [ 84.0614, 24.0666 ], [ 84.0526, 24.0434 ], [ 84.0749, 24.021 ], [ 84.0735, 24.0053 ], [ 84.0772, 24.0001 ], [ 84.1128, 23.9663 ], [ 84.1364, 23.9601 ], [ 84.1472, 23.9224 ], [ 84.137, 23.9024 ], [ 84.1185, 23.8985 ], [ 84.091, 23.8665 ], [ 84.0648, 23.8571 ], [ 84.062, 23.8426 ], [ 84.0518, 23.8337 ], [ 84.0567, 23.816 ], [ 84.0453, 23.8116 ], [ 84.0395, 23.7983 ], [ 84.0329, 23.7957 ], [ 84.0239, 23.8031 ], [ 84.0173, 23.7962 ], [ 84.0022, 23.7926 ], [ 83.9982, 23.8028 ], [ 84.0019, 23.8172 ], [ 83.9936, 23.8223 ], [ 83.984, 23.8374 ], [ 83.9816, 23.8541 ], [ 83.967, 23.859 ], [ 83.958, 23.8575 ], [ 83.938, 23.8681 ], [ 83.9389, 23.8758 ], [ 83.9329, 23.8825 ], [ 83.9359, 23.9006 ], [ 83.9422, 23.9043 ], [ 83.9384, 23.9159 ], [ 83.9417, 23.9224 ], [ 83.9277, 23.9248 ], [ 83.9263, 23.9358 ], [ 83.921, 23.9342 ], [ 83.915, 23.9374 ], [ 83.9201, 23.9412 ], [ 83.9076, 23.9508 ], [ 83.9067, 23.9601 ], [ 83.8969, 23.9662 ], [ 83.8946, 23.981 ], [ 83.8835, 23.9849 ], [ 83.8681, 23.9818 ], [ 83.87, 23.976 ], [ 83.8648, 23.9722 ], [ 83.8674, 23.9547 ], [ 83.8333, 23.9502 ], [ 83.818, 23.9604 ], [ 83.836, 23.9698 ], [ 83.8334, 23.9722 ], [ 83.8374, 23.9856 ], [ 83.8426, 23.9909 ], [ 83.8299, 23.9956 ], [ 83.8268, 24.0009 ], [ 83.8455, 24.0241 ], [ 83.8492, 24.0365 ], [ 83.8574, 24.0347 ], [ 83.8626, 24.0385 ], [ 83.8662, 24.0691 ], [ 83.8738, 24.0694 ], [ 83.8895, 24.0795 ], [ 83.8927, 24.0862 ], [ 83.8981, 24.0837 ], [ 83.9084, 24.0882 ], [ 83.9117, 24.0949 ], [ 83.9214, 24.0884 ], [ 83.9398, 24.1008 ], [ 83.9524, 24.0949 ], [ 83.9609, 24.1092 ], [ 83.9782, 24.1008 ], [ 83.9898, 24.1011 ], [ 83.9903, 24.1108 ], [ 83.9787, 24.1235 ], [ 83.9777, 24.1394 ], [ 83.9723, 24.14 ], [ 83.9695, 24.1496 ], [ 84.0032, 24.1524 ], [ 84.0174, 24.145 ] ] ] } },
{ "type": "Feature", "properties": { "unit_id": "IND.15.17.1_1", "name": "Daltonganj", "district": "Palamu", "did": "jharkhand:Palamu", "state_key": "jharkhand" }, "geometry": { "type": "Polygon", "coordinates": [ [ [ 84.0798, 24.1093 ], [ 84.0835, 24.0861 ], [ 84.0896, 24.0804 ], [ 84.1111, 24.0836 ], [ 84.1276, 24.0766 ], [ 84.1344, 24.0774 ], [ 84.1377, 24.0677 ], [ 84.1485, 24.0658 ], [ 84.1548, 24.0598 ], [ 84.1564, 24.0496 ], [ 84.1467, 24.0365 ], [ 84.1407, 24.0315 ], [ 84.1236, 24.0317 ], [ 84.1235, 24.0268 ], [ 84.1379, 24.0222 ], [ 84.1422, 24.0255 ], [ 84.1549, 24.0208 ], [ 84.1496, 24.0177 ], [ 84.1496, 24.013 ], [ 84.1644, 24.0093 ], [ 84.1656, 24.0052 ], [ 84.1923, 24.0257 ], [ 84.204, 24.0241 ], [ 84.208, 24.0139 ], [ 84.2199, 24.0117 ], [ 84.2179, 23.9995 ], [ 84.2135, 23.9963 ], [ 84.2186, 23.9923 ], [ 84.2229, 23.9753 ], [ 84.2145, 23.9693 ], [ 84.2188, 23.9593 ], [ 84.214, 23.9612 ], [ 84.2109, 23.952 ], [ 84.204, 23.9487 ], [ 84.1953, 23.9284 ], [ 84.1832, 23.9359 ], [ 84.1426, 23.9454 ], [ 84.1357, 23.9607 ], [ 84.1128, 23.9663 ], [ 84.0746, 24.0031 ], [ 84.0749, 24.021 ], [ 84.0519, 24.0466 ], [ 84.0614, 24.0666 ], [ 84.058, 24.0943 ], [ 84.0627, 24.1145 ], [ 84.0798, 24.1093 ] ] ] } },
{ "type": "Feature", "properties": { "unit_id": "IND.15.17.1_1", "name": "Satbarwa", "district": "Palamu", "did": "jharkhand:Palamu", "state_key": "jharkhand" }, "geometry": { "type": "Polygon", "coordinates": [ [ [ 84.3447, 23.9534 ], [ 84.3343, 23.9191 ], [ 84.3375, 23.9119 ], [ 84.3308, 23.9059 ], [ 84.3276, 23.8959 ], [ 84.3322, 23.8884 ], [ 84.3325, 23.8754 ], [ 84.3183, 23.8783 ], [ 84.3037, 23.8652 ], [ 84.2892, 23.8696 ], [ 84.2785, 23.8661 ], [ 84.2774, 23.8805 ], [ 84.2485, 23.8836 ], [ 84.2376, 23.8994 ], [ 84.2246, 23.8956 ], [ 84.2182, 23.8979 ], [ 84.2145, 23.9019 ], [ 84.2144, 23.9165 ], [ 84.2011, 23.9168 ], [ 84.1984, 23.9199 ], [ 84.1953, 23.9284 ], [ 84.2007, 23.9427 ], [ 84.2109, 23.952 ], [ 84.214, 23.9612 ], [ 84.2188, 23.9593 ], [ 84.2145, 23.9693 ], [ 84.2224, 23.9742 ], [ 84.2299, 23.9713 ], [ 84.2441, 23.9743 ], [ 84.2518, 23.9723 ], [ 84.2566, 23.9775 ], [ 84.264, 23.9754 ], [ 84.27, 23.9803 ], [ 84.2787, 23.9752 ], [ 84.292, 23.974 ], [ 84.313, 23.977 ], [ 84.3207, 23.975 ], [ 84.3271, 23.9795 ], [ 84.3414, 23.9768 ], [ 84.3447, 23.9534 ] ] ] } },
{ "type": "Feature", "properties": { "unit_id": "IND.15.14.1_1", "name": "Manika", "district": "Latehar", "did": "jharkhand:Latehar", "state_key": "jharkhand" }, "geometry": { "type": "Polygon", "coordinates": [ [ [ 84.4704, 23.9569 ], [ 84.4696, 23.9475 ], [ 84.4784, 23.94 ], [ 84.4814, 23.9277 ], [ 84.4733, 23.9276 ], [ 84.4711, 23.9162 ], [ 84.4818, 23.9083 ], [ 84.4871, 23.8941 ], [ 84.4967, 23.8984 ], [ 84.4962, 23.8939 ], [ 84.5091, 23.8994 ], [ 84.5297, 23.9017 ], [ 84.5278, 23.8852 ], [ 84.5362, 23.8589 ], [ 84.4666, 23.8353 ], [ 84.4609, 23.8256 ], [ 84.4243, 23.8091 ], [ 84.4094, 23.7982 ], [ 84.4106, 23.7874 ], [ 84.3998, 23.7745 ], [ 84.4001, 23.7675 ], [ 84.4133, 23.7544 ], [ 84.422, 23.7539 ], [ 84.4103, 23.7317 ], [ 84.3905, 23.7306 ], [ 84.3919, 23.7201 ], [ 84.3885, 23.7167 ], [ 84.3613, 23.7173 ], [ 84.3371, 23.7284 ], [ 84.3259, 23.708 ], [ 84.3066, 23.7017 ], [ 84.3031, 23.704 ], [ 84.3057, 23.7159 ], [ 84.3245, 23.7258 ], [ 84.3065, 23.7408 ], [ 84.3105, 23.7511 ], [ 84.3324, 23.7682 ], [ 84.3219, 23.7774 ], [ 84.3252, 23.7913 ], [ 84.3058, 23.7889 ], [ 84.3077, 23.7955 ], [ 84.2967, 23.7979 ], [ 84.289, 23.8066 ], [ 84.2772, 23.8132 ], [ 84.2682, 23.8133 ], [ 84.2543, 23.8219 ], [ 84.2585, 23.8372 ], [ 84.2531, 23.8485 ], [ 84.2626, 23.8548 ], [ 84.2635, 23.8594 ], [ 84.256, 23.8771 ], [ 84.2485, 23.8836 ], [ 84.275, 23.882 ], [ 84.2801, 23.8725 ], [ 84.2785, 23.8661 ], [ 84.2892, 23.8696 ], [ 84.3037, 23.8652 ], [ 84.3183, 23.8783 ], [ 84.3325, 23.8754 ], [ 84.3322, 23.8884 ], [ 84.3276, 23.8959 ], [ 84.3308, 23.9059 ], [ 84.3375, 23.9119 ], [ 84.3343, 23.9191 ], [ 84.344, 23.9532 ], [ 84.3693, 23.9405 ], [ 84.3825, 23.9422 ], [ 84.4068, 23.934 ], [ 84.4145, 23.946 ], [ 84.4248, 23.9497 ], [ 84.438, 23.9476 ], [ 84.4511, 23.9607 ], [ 84.4574, 23.9604 ], [ 84.4623, 23.9533 ], [ 84.4704, 23.9569 ] ] ] } },
{ "type": "Feature", "properties": { "unit_id": "IND.15.17.1_1", "name": "Lesligunj", "district": "Palamu", "did": "jharkhand:Palamu", "state_key": "jharkhand" }, "geometry": { "type": "Polygon", "coordinates": [ [ [ 84.2909, 24.0692 ], [ 84.2965, 24.0691 ], [ 84.2943, 24.0593 ], [ 84.3049, 24.052 ], [ 84.2958, 24.0459 ], [ 84.295, 24.0397 ], [ 84.2916, 24.0416 ], [ 84.2949, 24.0317 ], [ 84.3039, 24.0282 ], [ 84.3076, 24.0133 ], [ 84.3174, 24.0067 ], [ 84.3161, 24.0044 ], [ 84.324, 24.0043 ], [ 84.325, 23.9986 ], [ 84.3297, 23.9971 ], [ 84.3249, 23.9937 ], [ 84.3332, 23.993 ], [ 84.3315, 23.9884 ], [ 84.3414, 23.9768 ], [ 84.3271, 23.9795 ], [ 84.3207, 23.975 ], [ 84.313, 23.977 ], [ 84.292, 23.974 ], [ 84.2787, 23.9752 ], [ 84.27, 23.9803 ], [ 84.264, 23.9754 ], [ 84.2566, 23.9775 ], [ 84.2518, 23.9723 ], [ 84.2441, 23.9743 ], [ 84.2299, 23.9713 ], [ 84.2224, 23.9742 ], [ 84.2186, 23.9923 ], [ 84.2137, 23.9951 ], [ 84.2199, 24.0117 ], [ 84.208, 24.0139 ], [ 84.204, 24.0241 ], [ 84.1923, 24.0257 ], [ 84.1656, 24.0052 ], [ 84.1644, 24.0093 ], [ 84.1496, 24.013 ], [ 84.1496, 24.0177 ], [ 84.1549, 24.0208 ], [ 84.1233, 24.0269 ], [ 84.1236, 24.0317 ], [ 84.1407, 24.0315 ], [ 84.1564, 24.0496 ], [ 84.1575, 24.0546 ], [ 84.1516, 24.0636 ], [ 84.1364, 24.0694 ], [ 84.1344, 24.0774 ], [ 84.1402, 24.0808 ], [ 84.1799, 24.0937 ], [ 84.1955, 24.0938 ], [ 84.2023, 24.0879 ], [ 84.2093, 24.0978 ], [ 84.244, 24.1078 ], [ 84.2494, 24.1073 ], [ 84.2479, 24.0972 ], [ 84.2805, 24.0814 ], [ 84.2909, 24.0692 ] ] ] } },
{ "type": "Feature", "properties": { "unit_id": "IND.15.17.1_1", "name": "Patan", "district": "Palamu", "did": "jharkhand:Palamu", "state_key": "jharkhand" }, "geometry": { "type": "Polygon", "coordinates": [ [ [ 84.2981, 24.2811 ], [ 84.3053, 24.2759 ], [ 84.3318, 24.2665 ], [ 84.3294, 24.2575 ], [ 84.3423, 24.2585 ], [ 84.337, 24.2462 ], [ 84.3455, 24.236 ], [ 84.3493, 24.2239 ], [ 84.3426, 24.2007 ], [ 84.3386, 24.2019 ], [ 84.3333, 24.1943 ], [ 84.3326, 24.1877 ], [ 84.3378, 24.1853 ], [ 84.3385, 24.1807 ], [ 84.3352, 24.1542 ], [ 84.3068, 24.1463 ], [ 84.299, 24.139 ], [ 84.2671, 24.1408 ], [ 84.2614, 24.1377 ], [ 84.2648, 24.122 ], [ 84.2607, 24.1198 ], [ 84.2543, 24.0949 ], [ 84.2479, 24.0972 ], [ 84.2494, 24.1073 ], [ 84.244, 24.1078 ], [ 84.2093, 24.0978 ], [ 84.2023, 24.0879 ], [ 84.1955, 24.0938 ], [ 84.1799, 24.0937 ], [ 84.1296, 24.0765 ], [ 84.1122, 24.0835 ], [ 84.1001, 24.084 ], [ 84.0911, 24.08 ], [ 84.0866, 24.0823 ], [ 84.0798, 24.1093 ], [ 84.0825, 24.1115 ], [ 84.097, 24.1115 ], [ 84.1042, 24.1047 ], [ 84.1131, 24.1088 ], [ 84.1179, 24.1068 ], [ 84.125, 24.1118 ], [ 84.1261, 24.1191 ], [ 84.1173, 24.1199 ], [ 84.111, 24.1257 ], [ 84.1068, 24.1233 ], [ 84.1041, 24.1495 ], [ 84.1153, 24.1486 ], [ 84.1178, 24.152 ], [ 84.1251, 24.1521 ], [ 84.1299, 24.1652 ], [ 84.1241, 24.1696 ], [ 84.1282, 24.1908 ], [ 84.1359, 24.193 ], [ 84.1571, 24.1849 ], [ 84.1604, 24.1935 ], [ 84.1522, 24.1978 ], [ 84.1569, 24.203 ], [ 84.1561, 24.2198 ], [ 84.173, 24.2248 ], [ 84.1774, 24.22 ], [ 84.1917, 24.2239 ], [ 84.1962, 24.2188 ], [ 84.2072, 24.2183 ], [ 84.2059, 24.2347 ], [ 84.225, 24.2271 ], [ 84.2369, 24.2376 ], [ 84.2594, 24.2419 ], [ 84.2562, 24.2489 ], [ 84.2508, 24.2509 ], [ 84.2523, 24.2564 ], [ 84.2691, 24.2559 ], [ 84.2811, 24.2682 ], [ 84.2907, 24.267 ], [ 84.2935, 24.2758 ], [ 84.2884, 24.2809 ], [ 84.2896, 24.2867 ], [ 84.2916, 24.2902 ], [ 84.2994, 24.289 ], [ 84.2981, 24.2811 ] ] ] } },
{ "type": "Feature", "properties": { "unit_id": "IND.15.17.1_1", "name": "Tarhasi", "district": "Palamu", "did": "jharkhand:Palamu", "state_key": "jharkhand" }, "geometry": { "type": "MultiPolygon", "coordinates": [ [ [ [ 84.3357, 24.1364 ], [ 84.3432, 24.1422 ], [ 84.3542, 24.1418 ], [ 84.3735, 24.1489 ], [ 84.377, 24.1371 ], [ 84.3925, 24.1407 ], [ 84.388, 24.1024 ], [ 84.38, 24.0987 ], [ 84.375, 24.0817 ], [ 84.3547, 24.0768 ], [ 84.3174, 24.0872 ], [ 84.3094, 24.0831 ], [ 84.3007, 24.0714 ], [ 84.2919, 24.0688 ], [ 84.2805, 24.0814 ], [ 84.2543, 24.0949 ], [ 84.2607, 24.1198 ], [ 84.2648, 24.122 ], [ 84.2614, 24.1377 ], [ 84.2671, 24.1408 ], [ 84.299, 24.139 ], [ 84.3068, 24.1463 ], [ 84.3306, 24.1532 ], [ 84.3357, 24.1364 ] ] ], [ [ [ 84.4481, 24.1458 ], [ 84.4645, 24.1408 ], [ 84.4747, 24.1439 ], [ 84.4868, 24.1387 ], [ 84.4992, 24.1269 ], [ 84.5036, 24.1273 ], [ 84.5042, 24.1173 ], [ 84.5119, 24.1194 ], [ 84.5126, 24.1241 ], [ 84.5242, 24.1136 ], [ 84.5432, 24.1315 ], [ 84.5516, 24.1479 ], [ 84.5568, 24.1507 ], [ 84.5837, 24.1386 ], [ 84.5776, 24.1198 ], [ 84.5618, 24.1066 ], [ 84.5338, 24.0984 ], [ 84.5297, 24.0999 ], [ 84.5178, 24.0827 ], [ 84.508, 24.0847 ], [ 84.5011, 24.0787 ], [ 84.4993, 24.083 ], [ 84.4898, 24.084 ], [ 84.487, 24.0809 ], [ 84.4751, 24.0825 ], [ 84.4557, 24.0792 ], [ 84.4488, 24.0858 ], [ 84.4231, 24.0896 ], [ 84.4039, 24.0998 ], [ 84.421, 24.149 ], [ 84.4307, 24.1578 ], [ 84.4372, 24.1524 ], [ 84.436, 24.1341 ], [ 84.4481, 24.1458 ] ] ] ] } },
{ "type": "Feature", "properties": { "unit_id": "IND.15.17.1_1", "name": "Manatu", "district": "Palamu", "did": "jharkhand:Palamu", "state_key": "jharkhand" }, "geometry": { "type": "Polygon", "coordinates": [ [ [ 84.4823, 24.2979 ], [ 84.4904, 24.3039 ], [ 84.4968, 24.2996 ], [ 84.4892, 24.2945 ], [ 84.4931, 24.285 ], [ 84.4878, 24.2705 ], [ 84.4923, 24.2629 ], [ 84.466, 24.2591 ], [ 84.4752, 24.266 ], [ 84.4593, 24.2655 ], [ 84.4488, 24.2467 ], [ 84.4488, 24.239 ], [ 84.4761, 24.2263 ], [ 84.4761, 24.2056 ], [ 84.4908, 24.1991 ], [ 84.5239, 24.1989 ], [ 84.5296, 24.2056 ], [ 84.5393, 24.2015 ], [ 84.5378, 24.1945 ], [ 84.5297, 24.1866 ], [ 84.5338, 24.1773 ], [ 84.5387, 24.1758 ], [ 84.5386, 24.1707 ], [ 84.5489, 24.1675 ], [ 84.5542, 24.1583 ], [ 84.5535, 24.1514 ], [ 84.5568, 24.1507 ], [ 84.5516, 24.1479 ], [ 84.5432, 24.1315 ], [ 84.5242, 24.1136 ], [ 84.5126, 24.1241 ], [ 84.5119, 24.1194 ], [ 84.5042, 24.1173 ], [ 84.5036, 24.1273 ], [ 84.4992, 24.1269 ], [ 84.4868, 24.1387 ], [ 84.4747, 24.1439 ], [ 84.4645, 24.1408 ], [ 84.4481, 24.1458 ], [ 84.4361, 24.1335 ], [ 84.4372, 24.1524 ], [ 84.43, 24.1577 ], [ 84.421, 24.149 ], [ 84.4039, 24.0998 ], [ 84.388, 24.1024 ], [ 84.3925, 24.1407 ], [ 84.377, 24.1371 ], [ 84.3735, 24.1489 ], [ 84.3542, 24.1418 ], [ 84.3432, 24.1422 ], [ 84.3363, 24.1364 ], [ 84.3341, 24.1391 ], [ 84.331, 24.1532 ], [ 84.3373, 24.1583 ], [ 84.3385, 24.1807 ], [ 84.3378, 24.1853 ], [ 84.3326, 24.1877 ], [ 84.3333, 24.1943 ], [ 84.3386, 24.2019 ], [ 84.3426, 24.2007 ], [ 84.3493, 24.2239 ], [ 84.338, 24.2496 ], [ 84.3423, 24.2585 ], [ 84.362, 24.2588 ], [ 84.3773, 24.2634 ], [ 84.3786, 24.27 ], [ 84.3841, 24.2725 ], [ 84.3985, 24.293 ], [ 84.3981, 24.2987 ], [ 84.4171, 24.3073 ], [ 84.4256, 24.33 ], [ 84.4513, 24.3328 ], [ 84.4518, 24.3373 ], [ 84.4599, 24.337 ], [ 84.4656, 24.3314 ], [ 84.4638, 24.328 ], [ 84.468, 24.3244 ], [ 84.4649, 24.3205 ], [ 84.4705, 24.3152 ], [ 84.4724, 24.3042 ], [ 84.4823, 24.2979 ] ] ] } },
{ "type": "Feature", "properties": { "unit_id": "IND.15.17.1_1", "name": "Panki", "district": "Palamu", "did": "jharkhand:Palamu", "state_key": "jharkhand" }, "geometry": { "type": "Polygon", "coordinates": [ [ [ 84.5556, 24.0986 ], [ 84.5655, 24.0769 ], [ 84.5788, 24.0706 ], [ 84.5699, 24.0511 ], [ 84.5561, 24.0473 ], [ 84.5667, 24.0308 ], [ 84.5586, 24.0252 ], [ 84.5555, 24.0083 ], [ 84.5717, 23.9871 ], [ 84.5817, 23.986 ], [ 84.5907, 23.9779 ], [ 84.5871, 23.969 ], [ 84.5745, 23.9646 ], [ 84.5714, 23.959 ], [ 84.5693, 23.9458 ], [ 84.573, 23.9348 ], [ 84.5677, 23.9271 ], [ 84.5325, 23.9331 ], [ 84.5312, 23.9234 ], [ 84.5188, 23.9208 ], [ 84.5263, 23.9012 ], [ 84.5091, 23.8994 ], [ 84.4962, 23.8939 ], [ 84.4967, 23.8984 ], [ 84.4871, 23.8941 ], [ 84.4818, 23.9083 ], [ 84.4711, 23.9162 ], [ 84.4733, 23.9276 ], [ 84.4805, 23.926 ], [ 84.4818, 23.9295 ], [ 84.4772, 23.9424 ], [ 84.4696, 23.9475 ], [ 84.4704, 23.9569 ], [ 84.4629, 23.9531 ], [ 84.4574, 23.9604 ], [ 84.4511, 23.9607 ], [ 84.438, 23.9476 ], [ 84.4248, 23.9497 ], [ 84.4145, 23.946 ], [ 84.4068, 23.934 ], [ 84.3825, 23.9422 ], [ 84.3693, 23.9405 ], [ 84.3447, 23.9534 ], [ 84.3414, 23.9768 ], [ 84.3315, 23.9884 ], [ 84.3332, 23.993 ], [ 84.3249, 23.9937 ], [ 84.3297, 23.9971 ], [ 84.325, 23.9986 ], [ 84.324, 24.0043 ], [ 84.3161, 24.0044 ], [ 84.3174, 24.0067 ], [ 84.3095, 24.011 ], [ 84.3039, 24.0282 ], [ 84.2958, 24.0304 ], [ 84.2916, 24.0409 ], [ 84.295, 24.0397 ], [ 84.2958, 24.0459 ], [ 84.3049, 24.052 ], [ 84.2942, 24.0601 ], [ 84.2965, 24.0691 ], [ 84.3118, 24.0851 ], [ 84.3208, 24.0874 ], [ 84.3547, 24.0768 ], [ 84.3767, 24.0825 ], [ 84.38, 24.0987 ], [ 84.3947, 24.1028 ], [ 84.4231, 24.0896 ], [ 84.4488, 24.0858 ], [ 84.4557, 24.0792 ], [ 84.4751, 24.0825 ], [ 84.487, 24.0809 ], [ 84.4898, 24.084 ], [ 84.4993, 24.083 ], [ 84.5011, 24.0787 ], [ 84.508, 24.0847 ], [ 84.5178, 24.0827 ], [ 84.5297, 24.0999 ], [ 84.5338, 24.0984 ], [ 84.558, 24.106 ], [ 84.5556, 24.0986 ] ] ] } },
{ "type": "Feature", "properties": { "unit_id": "IND.15.14.1_1", "name": "Herhang", "district": "Latehar", "did": "jharkhand:Latehar", "state_key": "jharkhand" }, "geometry": { "type": "Polygon", "coordinates": [ [ [ 84.642, 23.9923 ], [ 84.6396, 23.9856 ], [ 84.6496, 23.988 ], [ 84.6633, 23.9773 ], [ 84.6782, 23.9778 ], [ 84.6825, 23.9715 ], [ 84.6889, 23.9703 ], [ 84.6878, 23.9846 ], [ 84.6922, 23.9892 ], [ 84.7003, 23.9896 ], [ 84.7047, 23.9765 ], [ 84.7117, 23.9713 ], [ 84.7269, 23.971 ], [ 84.7309, 23.966 ], [ 84.7403, 23.9659 ], [ 84.7433, 23.9697 ], [ 84.7595, 23.9668 ], [ 84.7385, 23.9535 ], [ 84.7333, 23.9453 ], [ 84.7242, 23.9452 ], [ 84.7221, 23.952 ], [ 84.7146, 23.9534 ], [ 84.7116, 23.947 ], [ 84.7148, 23.9284 ], [ 84.7094, 23.9234 ], [ 84.7038, 23.9251 ], [ 84.6948, 23.9162 ], [ 84.6857, 23.9186 ], [ 84.6821, 23.9154 ], [ 84.6831, 23.9087 ], [ 84.6737, 23.9054 ], [ 84.6817, 23.8921 ], [ 84.6902, 23.8937 ], [ 84.6906, 23.8991 ], [ 84.6967, 23.8913 ], [ 84.7218, 23.895 ], [ 84.7343, 23.8919 ], [ 84.7411, 23.8771 ], [ 84.7388, 23.8671 ], [ 84.7172, 23.858 ], [ 84.7137, 23.8479 ], [ 84.7029, 23.8455 ], [ 84.6985, 23.853 ], [ 84.6949, 23.8516 ], [ 84.6917, 23.8562 ], [ 84.6767, 23.8607 ], [ 84.679, 23.8695 ], [ 84.674, 23.8746 ], [ 84.663, 23.8697 ], [ 84.6593, 23.8599 ], [ 84.6509, 23.8574 ], [ 84.6529, 23.8498 ], [ 84.6406, 23.8379 ], [ 84.6468, 23.8266 ], [ 84.6377, 23.8246 ], [ 84.6225, 23.8274 ], [ 84.6114, 23.839 ], [ 84.6058, 23.8398 ], [ 84.6008, 23.8517 ], [ 84.5931, 23.8466 ], [ 84.5812, 23.8512 ], [ 84.5705, 23.8499 ], [ 84.5682, 23.8533 ], [ 84.5724, 23.8596 ], [ 84.5622, 23.8682 ], [ 84.5367, 23.8632 ], [ 84.5278, 23.8852 ], [ 84.53, 23.901 ], [ 84.5262, 23.9024 ], [ 84.5188, 23.9208 ], [ 84.5312, 23.9234 ], [ 84.5325, 23.9331 ], [ 84.5444, 23.9292 ], [ 84.5565, 23.9297 ], [ 84.5596, 23.9266 ], [ 84.5686, 23.9278 ], [ 84.573, 23.9348 ], [ 84.5693, 23.9458 ], [ 84.5714, 23.959 ], [ 84.5745, 23.9646 ], [ 84.5871, 23.969 ], [ 84.5907, 23.9768 ], [ 84.5815, 23.9861 ], [ 84.5928, 23.9876 ], [ 84.5985, 23.9823 ], [ 84.6091, 23.9913 ], [ 84.6186, 23.9873 ], [ 84.6331, 23.9931 ], [ 84.6371, 23.99 ], [ 84.642, 23.9923 ] ] ] } },
{ "type": "Feature", "properties": { "unit_id": "IND.15.14.1_1", "name": "Bariatu", "district": "Latehar", "did": "jharkhand:Latehar", "state_key": "jharkhand" }, "geometry": { "type": "Polygon", "coordinates": [ [ [ 84.756, 24.0425 ], [ 84.7586, 24.0403 ], [ 84.7543, 24.0354 ], [ 84.7561, 24.0297 ], [ 84.7622, 24.0263 ], [ 84.7662, 24.0139 ], [ 84.7724, 24.0108 ], [ 84.7725, 24.0048 ], [ 84.7644, 23.9974 ], [ 84.7747, 23.9858 ], [ 84.7685, 23.9836 ], [ 84.7628, 23.9737 ], [ 84.772, 23.9735 ], [ 84.774, 23.969 ], [ 84.7836, 23.9767 ], [ 84.7973, 23.9729 ], [ 84.8023, 23.9763 ], [ 84.8071, 23.9726 ], [ 84.813, 23.9826 ], [ 84.8276, 23.9871 ], [ 84.831, 23.9572 ], [ 84.8511, 23.9655 ], [ 84.8665, 23.9546 ], [ 84.8803, 23.9544 ], [ 84.8893, 23.949 ], [ 84.8905, 23.9436 ], [ 84.9038, 23.9517 ], [ 84.9215, 23.9524 ], [ 84.9348, 23.9411 ], [ 84.9275, 23.9144 ], [ 84.9431, 23.9071 ], [ 84.9474, 23.8853 ], [ 84.9536, 23.8761 ], [ 84.9457, 23.8726 ], [ 84.9422, 23.8744 ], [ 84.9312, 23.8625 ], [ 84.9234, 23.861 ], [ 84.9138, 23.8226 ], [ 84.8961, 23.8229 ], [ 84.9018, 23.8356 ], [ 84.8953, 23.8493 ], [ 84.8861, 23.8539 ], [ 84.8809, 23.8503 ], [ 84.8765, 23.8603 ], [ 84.8623, 23.8622 ], [ 84.8442, 23.8573 ], [ 84.8436, 23.8526 ], [ 84.8368, 23.8495 ], [ 84.8392, 23.8457 ], [ 84.8327, 23.8441 ], [ 84.8308, 23.8328 ], [ 84.8228, 23.8355 ], [ 84.8045, 23.8335 ], [ 84.7996, 23.8376 ], [ 84.802, 23.8445 ], [ 84.7929, 23.8511 ], [ 84.7941, 23.8571 ], [ 84.7843, 23.8618 ], [ 84.7829, 23.8675 ], [ 84.7706, 23.8668 ], [ 84.7638, 23.8736 ], [ 84.7383, 23.8776 ], [ 84.7398, 23.8826 ], [ 84.7343, 23.8919 ], [ 84.7218, 23.895 ], [ 84.6967, 23.8913 ], [ 84.6906, 23.8991 ], [ 84.6891, 23.8932 ], [ 84.6817, 23.8921 ], [ 84.6782, 23.8955 ], [ 84.6737, 23.9054 ], [ 84.6831, 23.9087 ], [ 84.6852, 23.9183 ], [ 84.6948, 23.9162 ], [ 84.7038, 23.9251 ], [ 84.7094, 23.9234 ], [ 84.7148, 23.9284 ], [ 84.7116, 23.947 ], [ 84.7146, 23.9534 ], [ 84.7221, 23.952 ], [ 84.7242, 23.9452 ], [ 84.7333, 23.9453 ], [ 84.7385, 23.9535 ], [ 84.7595, 23.9668 ], [ 84.7433, 23.9697 ], [ 84.7403, 23.9659 ], [ 84.7309, 23.966 ], [ 84.7269, 23.971 ], [ 84.7117, 23.9713 ], [ 84.7047, 23.9765 ], [ 84.7003, 23.9896 ], [ 84.6922, 23.9892 ], [ 84.6878, 23.9846 ], [ 84.6889, 23.9703 ], [ 84.6825, 23.9715 ], [ 84.6782, 23.9778 ], [ 84.6633, 23.9773 ], [ 84.6496, 23.988 ], [ 84.6393, 23.9871 ], [ 84.649, 24.0039 ], [ 84.6596, 24.0058 ], [ 84.6717, 23.9986 ], [ 84.6809, 24.003 ], [ 84.6947, 24.0249 ], [ 84.7075, 24.0218 ], [ 84.7167, 24.0257 ], [ 84.713, 24.03 ], [ 84.7151, 24.0394 ], [ 84.724, 24.0447 ], [ 84.7367, 24.0409 ], [ 84.7465, 24.0487 ], [ 84.7516, 24.0454 ], [ 84.7523, 24.0371 ], [ 84.756, 24.0425 ] ] ] } },
{ "type": "Feature", "properties": { "unit_id": "IND.15.2.1_1", "name": "Lawalong", "district": "Chatra", "did": "jharkhand:Chatra", "state_key": "jharkhand" }, "geometry": { "type": "Polygon", "coordinates": [ [ [ 84.7478, 24.1635 ], [ 84.7543, 24.1672 ], [ 84.7629, 24.1585 ], [ 84.7858, 24.1503 ], [ 84.7926, 24.1425 ], [ 84.8076, 24.1502 ], [ 84.8154, 24.1419 ], [ 84.8095, 24.1379 ], [ 84.8242, 24.1367 ], [ 84.824, 24.1323 ], [ 84.8297, 24.1323 ], [ 84.8288, 24.1275 ], [ 84.8356, 24.1326 ], [ 84.8411, 24.1292 ], [ 84.8465, 24.131 ], [ 84.8597, 24.1197 ], [ 84.8655, 24.1217 ], [ 84.8751, 24.1158 ], [ 84.8718, 24.1111 ], [ 84.8745, 24.1071 ], [ 84.8796, 24.1081 ], [ 84.8827, 24.1039 ], [ 84.8892, 24.1065 ], [ 84.893, 24.0926 ], [ 84.8901, 24.0704 ], [ 84.8778, 24.0702 ], [ 84.8605, 24.0642 ], [ 84.854, 24.0787 ], [ 84.8398, 24.0772 ], [ 84.8387, 24.0736 ], [ 84.8465, 24.0648 ], [ 84.8408, 24.0535 ], [ 84.8152, 24.0501 ], [ 84.8199, 24.0314 ], [ 84.8129, 24.0276 ], [ 84.8123, 24.0201 ], [ 84.8071, 24.0176 ], [ 84.7803, 24.0165 ], [ 84.7761, 24.0124 ], [ 84.7685, 24.0123 ], [ 84.7622, 24.0263 ], [ 84.7548, 24.033 ], [ 84.759, 24.0398 ], [ 84.756, 24.0425 ], [ 84.752, 24.0373 ], [ 84.7516, 24.0454 ], [ 84.7456, 24.0486 ], [ 84.7367, 24.0409 ], [ 84.7243, 24.0448 ], [ 84.7153, 24.0397 ], [ 84.713, 24.03 ], [ 84.7169, 24.0259 ], [ 84.7075, 24.0218 ], [ 84.6947, 24.0249 ], [ 84.6809, 24.003 ], [ 84.6717, 23.9986 ], [ 84.6629, 24.0048 ], [ 84.654, 24.0053 ], [ 84.648, 24.0034 ], [ 84.638, 23.9898 ], [ 84.6331, 23.9931 ], [ 84.6186, 23.9873 ], [ 84.6091, 23.9913 ], [ 84.5985, 23.9823 ], [ 84.5928, 23.9876 ], [ 84.5717, 23.9871 ], [ 84.5555, 24.0083 ], [ 84.5586, 24.0252 ], [ 84.5667, 24.0308 ], [ 84.5566, 24.0484 ], [ 84.5699, 24.0511 ], [ 84.5786, 24.0714 ], [ 84.5872, 24.0723 ], [ 84.6183, 24.0939 ], [ 84.6262, 24.0947 ], [ 84.6456, 24.1124 ], [ 84.6457, 24.1239 ], [ 84.6557, 24.1343 ], [ 84.6591, 24.1329 ], [ 84.6756, 24.1461 ], [ 84.6823, 24.1441 ], [ 84.6917, 24.1502 ], [ 84.7091, 24.1503 ], [ 84.7085, 24.1654 ], [ 84.7206, 24.1694 ], [ 84.7249, 24.1774 ], [ 84.7449, 24.1751 ], [ 84.7478, 24.1635 ] ] ] } },
{ "type": "Feature", "properties": { "unit_id": "IND.15.2.1_1", "name": "Kunda", "district": "Chatra", "did": "jharkhand:Chatra", "state_key": "jharkhand" }, "geometry": { "type": "Polygon", "coordinates": [ [ [ 84.7884, 24.2601 ], [ 84.7861, 24.2492 ], [ 84.7959, 24.2236 ], [ 84.7858, 24.2202 ], [ 84.7753, 24.2032 ], [ 84.7711, 24.2061 ], [ 84.7704, 24.2013 ], [ 84.7615, 24.2037 ], [ 84.7519, 24.1963 ], [ 84.7521, 24.1867 ], [ 84.7454, 24.1738 ], [ 84.7388, 24.1777 ], [ 84.7352, 24.1778 ], [ 84.7361, 24.1749 ], [ 84.7249, 24.1774 ], [ 84.7206, 24.1694 ], [ 84.7085, 24.1654 ], [ 84.7091, 24.1503 ], [ 84.6917, 24.1502 ], [ 84.6823, 24.1441 ], [ 84.6756, 24.1461 ], [ 84.6591, 24.1329 ], [ 84.6542, 24.1331 ], [ 84.6436, 24.119 ], [ 84.6456, 24.1124 ], [ 84.6244, 24.0935 ], [ 84.6183, 24.0939 ], [ 84.6068, 24.0832 ], [ 84.5818, 24.07 ], [ 84.5672, 24.075 ], [ 84.5556, 24.101 ], [ 84.5776, 24.1198 ], [ 84.5835, 24.141 ], [ 84.5535, 24.1514 ], [ 84.5542, 24.1583 ], [ 84.5489, 24.1675 ], [ 84.5386, 24.1707 ], [ 84.5387, 24.1758 ], [ 84.5338, 24.1773 ], [ 84.5297, 24.1866 ], [ 84.5457, 24.2112 ], [ 84.5583, 24.2112 ], [ 84.5742, 24.2049 ], [ 84.5858, 24.2217 ], [ 84.5747, 24.2252 ], [ 84.5751, 24.2356 ], [ 84.581, 24.2382 ], [ 84.5779, 24.2434 ], [ 84.5886, 24.2517 ], [ 84.5999, 24.2476 ], [ 84.6045, 24.2519 ], [ 84.615, 24.2434 ], [ 84.6189, 24.2475 ], [ 84.6303, 24.2393 ], [ 84.6359, 24.2527 ], [ 84.6507, 24.2489 ], [ 84.6557, 24.2607 ], [ 84.6625, 24.2591 ], [ 84.6718, 24.2401 ], [ 84.6755, 24.2392 ], [ 84.6829, 24.2404 ], [ 84.6863, 24.2454 ], [ 84.7071, 24.2459 ], [ 84.7116, 24.2533 ], [ 84.7293, 24.2586 ], [ 84.7351, 24.2475 ], [ 84.7469, 24.2454 ], [ 84.7509, 24.2515 ], [ 84.7601, 24.2535 ], [ 84.7707, 24.2685 ], [ 84.7824, 24.2699 ], [ 84.7884, 24.2601 ] ] ] } },
{ "type": "Feature", "properties": { "unit_id": "IND.15.2.1_1", "name": "Chatra", "district": "Chatra", "did": "jharkhand:Chatra", "state_key": "jharkhand" }, "geometry": { "type": "Polygon", "coordinates": [ [ [ 84.9665, 24.2946 ], [ 84.9658, 24.2641 ], [ 84.9858, 24.2654 ], [ 84.9859, 24.2569 ], [ 84.9756, 24.2484 ], [ 84.9721, 24.2366 ], [ 84.9969, 24.2347 ], [ 85.0003, 24.232 ], [ 84.9983, 24.2187 ], [ 85.0107, 24.2141 ], [ 85.0025, 24.2023 ], [ 85.0033, 24.1969 ], [ 84.9918, 24.1824 ], [ 84.9841, 24.1795 ], [ 84.9837, 24.1743 ], [ 84.9785, 24.1726 ], [ 84.9847, 24.16 ], [ 85.0116, 24.1509 ], [ 85.012, 24.1434 ], [ 85.0179, 24.1376 ], [ 85.0112, 24.1321 ], [ 84.9928, 24.1366 ], [ 84.9957, 24.1277 ], [ 84.98, 24.126 ], [ 84.9853, 24.1163 ], [ 84.9766, 24.1128 ], [ 84.9602, 24.1112 ], [ 84.9467, 24.1228 ], [ 84.9386, 24.1253 ], [ 84.9327, 24.1169 ], [ 84.9134, 24.1179 ], [ 84.8958, 24.1064 ], [ 84.8827, 24.1039 ], [ 84.8721, 24.1103 ], [ 84.8751, 24.1158 ], [ 84.8655, 24.1217 ], [ 84.8597, 24.1197 ], [ 84.8465, 24.131 ], [ 84.8411, 24.1292 ], [ 84.8356, 24.1326 ], [ 84.8304, 24.127 ], [ 84.8292, 24.1327 ], [ 84.824, 24.1323 ], [ 84.8242, 24.1367 ], [ 84.8099, 24.1376 ], [ 84.8154, 24.1419 ], [ 84.8076, 24.1502 ], [ 84.7926, 24.1425 ], [ 84.7858, 24.1503 ], [ 84.7629, 24.1585 ], [ 84.7543, 24.1672 ], [ 84.7496, 24.1631 ], [ 84.7464, 24.1645 ], [ 84.7453, 24.176 ], [ 84.7504, 24.1811 ], [ 84.7519, 24.1963 ], [ 84.7615, 24.2037 ], [ 84.7704, 24.2013 ], [ 84.7711, 24.2061 ], [ 84.7753, 24.2032 ], [ 84.7858, 24.2202 ], [ 84.7959, 24.2236 ], [ 84.7861, 24.2492 ], [ 84.7884, 24.2601 ], [ 84.7824, 24.2699 ], [ 84.7746, 24.2698 ], [ 84.7848, 24.2896 ], [ 84.7921, 24.2921 ], [ 84.7958, 24.2981 ], [ 84.8106, 24.2849 ], [ 84.8085, 24.279 ], [ 84.8212, 24.274 ], [ 84.8482, 24.2905 ], [ 84.9014, 24.3027 ], [ 84.9557, 24.3024 ], [ 84.9665, 24.2946 ] ] ] } },
{ "type": "Feature", "properties": { "unit_id": "IND.15.2.1_1", "name": "Gidhaur", "district": "Chatra", "did": "jharkhand:Chatra", "state_key": "jharkhand" }, "geometry": { "type": "Polygon", "coordinates": [ [ [ 85.0718, 24.2456 ], [ 85.0847, 24.2475 ], [ 85.0987, 24.2392 ], [ 85.1013, 24.2321 ], [ 85.0921, 24.2258 ], [ 85.0914, 24.2189 ], [ 85.0967, 24.2159 ], [ 85.124, 24.2125 ], [ 85.1268, 24.214 ], [ 85.1196, 24.226 ], [ 85.1296, 24.2284 ], [ 85.1399, 24.2206 ], [ 85.1427, 24.2095 ], [ 85.1349, 24.2018 ], [ 85.1406, 24.2009 ], [ 85.1409, 24.1942 ], [ 85.15, 24.1812 ], [ 85.1437, 24.1568 ], [ 85.1526, 24.1569 ], [ 85.1617, 24.137 ], [ 85.1753, 24.1238 ], [ 85.1668, 24.1211 ], [ 85.1676, 24.1133 ], [ 85.1366, 24.116 ], [ 85.1335, 24.1277 ], [ 85.1153, 24.1336 ], [ 85.1117, 24.1391 ], [ 85.0922, 24.1332 ], [ 85.0838, 24.1346 ], [ 85.0828, 24.1399 ], [ 85.0759, 24.1422 ], [ 85.0613, 24.134 ], [ 85.0428, 24.1409 ], [ 85.0363, 24.1357 ], [ 85.0245, 24.1377 ], [ 85.0217, 24.1339 ], [ 85.012, 24.1434 ], [ 85.0116, 24.1509 ], [ 84.9847, 24.16 ], [ 84.9814, 24.1639 ], [ 84.9785, 24.1726 ], [ 84.9837, 24.1743 ], [ 84.9841, 24.1795 ], [ 84.9918, 24.1824 ], [ 85.0033, 24.1969 ], [ 85.0059, 24.2096 ], [ 85.0109, 24.2133 ], [ 84.9983, 24.2187 ], [ 85.0006, 24.2327 ], [ 85.0057, 24.2298 ], [ 85.026, 24.2426 ], [ 85.0406, 24.2388 ], [ 85.0565, 24.2523 ], [ 85.0587, 24.2483 ], [ 85.0718, 24.2456 ] ] ] } },
{ "type": "Feature", "properties": { "unit_id": "IND.15.2.1_1", "name": "Simaria", "district": "Chatra", "did": "jharkhand:Chatra", "state_key": "jharkhand" }, "geometry": { "type": "Polygon", "coordinates": [ [ [ 84.984, 24.1153 ], [ 84.9851, 24.1092 ], [ 85.005, 24.0975 ], [ 85.0086, 24.0822 ], [ 85.0242, 24.0839 ], [ 85.032, 24.0915 ], [ 85.0475, 24.0867 ], [ 85.0557, 24.0926 ], [ 85.0647, 24.0921 ], [ 85.0701, 24.1008 ], [ 85.0836, 24.0803 ], [ 85.0976, 24.0743 ], [ 85.1007, 24.0672 ], [ 85.108, 24.0629 ], [ 85.1089, 24.0567 ], [ 85.1049, 24.0524 ], [ 85.1198, 24.0378 ], [ 85.1326, 24.0327 ], [ 85.1396, 24.0339 ], [ 85.1477, 24.0413 ], [ 85.1703, 24.0388 ], [ 85.1719, 24.0557 ], [ 85.192, 24.0663 ], [ 85.2044, 24.0849 ], [ 85.213, 24.0787 ], [ 85.2339, 24.0752 ], [ 85.2484, 24.0626 ], [ 85.2507, 24.0554 ], [ 85.2458, 24.0412 ], [ 85.2523, 24.0278 ], [ 85.2491, 24.0122 ], [ 85.2307, 24.011 ], [ 85.2327, 24.0032 ], [ 85.2292, 23.9969 ], [ 85.2209, 23.9919 ], [ 85.2143, 23.9923 ], [ 85.2109, 23.9788 ], [ 85.2028, 23.9733 ], [ 85.2026, 23.9567 ], [ 85.1907, 23.9536 ], [ 85.1859, 23.9477 ], [ 85.176, 23.9511 ], [ 85.1495, 23.9501 ], [ 85.1398, 23.9582 ], [ 85.1382, 23.9673 ], [ 85.1251, 23.9759 ], [ 85.1201, 23.9707 ], [ 85.1008, 23.9757 ], [ 85.0869, 23.9586 ], [ 85.0758, 23.9614 ], [ 85.0827, 23.9691 ], [ 85.0776, 23.983 ], [ 85.0546, 23.9855 ], [ 85.0558, 23.9922 ], [ 85.0442, 23.9987 ], [ 85.0443, 24.0018 ], [ 85.0368, 24.0006 ], [ 85.0147, 24.018 ], [ 84.9964, 24.014 ], [ 84.9812, 24.0064 ], [ 84.9542, 24.0076 ], [ 84.9492, 23.9902 ], [ 84.9402, 24.0008 ], [ 84.9295, 23.9995 ], [ 84.9285, 23.9829 ], [ 84.9199, 23.9755 ], [ 84.9107, 23.9806 ], [ 84.9173, 23.958 ], [ 84.9239, 23.9516 ], [ 84.9038, 23.9517 ], [ 84.8923, 23.9434 ], [ 84.8803, 23.9544 ], [ 84.8665, 23.9546 ], [ 84.8511, 23.9655 ], [ 84.8306, 23.9574 ], [ 84.8276, 23.9871 ], [ 84.813, 23.9826 ], [ 84.8071, 23.9726 ], [ 84.8023, 23.9763 ], [ 84.7973, 23.9729 ], [ 84.7836, 23.9767 ], [ 84.774, 23.969 ], [ 84.772, 23.9735 ], [ 84.7622, 23.974 ], [ 84.7685, 23.9836 ], [ 84.7747, 23.9858 ], [ 84.7644, 23.997 ], [ 84.7726, 24.005 ], [ 84.7692, 24.012 ], [ 84.7803, 24.0165 ], [ 84.8123, 24.0201 ], [ 84.8129, 24.0276 ], [ 84.8199, 24.0314 ], [ 84.8152, 24.0501 ], [ 84.8404, 24.0532 ], [ 84.8465, 24.0647 ], [ 84.8387, 24.0736 ], [ 84.8396, 24.077 ], [ 84.854, 24.0787 ], [ 84.8605, 24.0642 ], [ 84.8778, 24.0702 ], [ 84.8899, 24.0703 ], [ 84.893, 24.0926 ], [ 84.8892, 24.1065 ], [ 84.8958, 24.1064 ], [ 84.9134, 24.1179 ], [ 84.9327, 24.1169 ], [ 84.9386, 24.1253 ], [ 84.9608, 24.1111 ], [ 84.984, 24.1153 ] ] ] } },
{ "type": "Feature", "properties": { "unit_id": "IND.15.2.1_1", "name": "Tandwa", "district": "Chatra", "did": "jharkhand:Chatra", "state_key": "jharkhand" }, "geometry": { "type": "Polygon", "coordinates": [ [ [ 85.0316, 24.0041 ], [ 85.0427, 23.9997 ], [ 85.0247, 23.9883 ], [ 85.0235, 23.9805 ], [ 85.0291, 23.9636 ], [ 85.039, 23.9662 ], [ 85.0568, 23.958 ], [ 85.0395, 23.9387 ], [ 85.046, 23.9308 ], [ 85.04, 23.9227 ], [ 85.0491, 23.9193 ], [ 85.0474, 23.9133 ], [ 85.0292, 23.9151 ], [ 85.0215, 23.8973 ], [ 85.0268, 23.8893 ], [ 85.0229, 23.8789 ], [ 85.0336, 23.8779 ], [ 85.0295, 23.8705 ], [ 85.0308, 23.8662 ], [ 85.0355, 23.8681 ], [ 85.0315, 23.8597 ], [ 85.0546, 23.8425 ], [ 85.0607, 23.8334 ], [ 85.0601, 23.8273 ], [ 85.0483, 23.8275 ], [ 85.0487, 23.8141 ], [ 85.0451, 23.8085 ], [ 85.058, 23.7972 ], [ 85.0725, 23.7964 ], [ 85.085, 23.7885 ], [ 85.1298, 23.7795 ], [ 85.1375, 23.7714 ], [ 85.1313, 23.7603 ], [ 85.1255, 23.7594 ], [ 85.1284, 23.7522 ], [ 85.1031, 23.7457 ], [ 85.1003, 23.7406 ], [ 85.1039, 23.7291 ], [ 85.0893, 23.7339 ], [ 85.0826, 23.7321 ], [ 85.0832, 23.726 ], [ 85.096, 23.7208 ], [ 85.0937, 23.7165 ], [ 85.1057, 23.7091 ], [ 85.1044, 23.7059 ], [ 85.1168, 23.7057 ], [ 85.1079, 23.688 ], [ 85.1095, 23.676 ], [ 85.105, 23.663 ], [ 85.0871, 23.6691 ], [ 85.0778, 23.6677 ], [ 85.0792, 23.672 ], [ 85.0752, 23.6756 ], [ 85.0615, 23.6821 ], [ 85.06, 23.6934 ], [ 85.0716, 23.6964 ], [ 85.0707, 23.7064 ], [ 85.0666, 23.7099 ], [ 85.0563, 23.707 ], [ 85.0539, 23.7131 ], [ 85.0408, 23.7026 ], [ 85.0373, 23.6899 ], [ 85.0202, 23.6887 ], [ 85.0121, 23.6956 ], [ 85.0074, 23.6817 ], [ 85.0011, 23.6814 ], [ 84.9941, 23.69 ], [ 84.9904, 23.7041 ], [ 84.9791, 23.7068 ], [ 84.9724, 23.7166 ], [ 84.9616, 23.7163 ], [ 84.9622, 23.7248 ], [ 84.9564, 23.7291 ], [ 84.9395, 23.7324 ], [ 84.9283, 23.7608 ], [ 84.9301, 23.7711 ], [ 84.9045, 23.7766 ], [ 84.9084, 23.8018 ], [ 84.9172, 23.8081 ], [ 84.9477, 23.8061 ], [ 84.9456, 23.8279 ], [ 84.949, 23.8308 ], [ 84.9488, 23.8461 ], [ 84.9434, 23.8563 ], [ 84.9303, 23.8613 ], [ 84.9373, 23.8715 ], [ 84.9536, 23.8761 ], [ 84.9474, 23.8853 ], [ 84.9431, 23.9071 ], [ 84.9275, 23.9144 ], [ 84.9348, 23.9411 ], [ 84.9173, 23.958 ], [ 84.9108, 23.9815 ], [ 84.9199, 23.9755 ], [ 84.9285, 23.9829 ], [ 84.931, 23.9901 ], [ 84.9275, 23.9945 ], [ 84.9322, 24.0011 ], [ 84.9405, 24.0006 ], [ 84.9492, 23.9902 ], [ 84.9542, 24.0076 ], [ 84.9717, 24.0048 ], [ 85.0055, 24.0168 ], [ 85.019, 24.0168 ], [ 85.0316, 24.0041 ] ] ] } },
{ "type": "Feature", "properties": { "unit_id": "IND.15.10.1_1", "name": "Level 3", "district": "Hazaribagh", "did": "jharkhand:Hazaribagh", "state_key": "jharkhand" }, "geometry": { "type": "MultiPolygon", "coordinates": [ [ [ [ 85.2592, 23.9662 ], [ 85.2682, 23.9794 ], [ 85.2751, 23.9754 ], [ 85.2718, 23.967 ], [ 85.2592, 23.9662 ] ] ], [ [ [ 85.3413, 23.9858 ], [ 85.3441, 23.9944 ], [ 85.3513, 23.9843 ], [ 85.3509, 23.9804 ], [ 85.3413, 23.9858 ] ] ] ] } },
{ "type": "Feature", "properties": { "unit_id": "IND.15.10.1_1", "name": "Katkamdag", "district": "Hazaribagh", "did": "jharkhand:Hazaribagh", "state_key": "jharkhand" }, "geometry": { "type": "Polygon", "coordinates": [ [ [ 85.2844, 24.0219 ], [ 85.2887, 24.0197 ], [ 85.2911, 24.0157 ], [ 85.2856, 24.0007 ], [ 85.2964, 24.0046 ], [ 85.2997, 24.0168 ], [ 85.3215, 24.0055 ], [ 85.3306, 24.0051 ], [ 85.3345, 24.0132 ], [ 85.3444, 23.9964 ], [ 85.3413, 23.9858 ], [ 85.3631, 23.9645 ], [ 85.3727, 23.9634 ], [ 85.3688, 23.9597 ], [ 85.3727, 23.9502 ], [ 85.3713, 23.9406 ], [ 85.3451, 23.9186 ], [ 85.3408, 23.8741 ], [ 85.3169, 23.8747 ], [ 85.3116, 23.8719 ], [ 85.3009, 23.8802 ], [ 85.2864, 23.8822 ], [ 85.266, 23.8988 ], [ 85.2659, 23.9081 ], [ 85.2734, 23.9153 ], [ 85.2634, 23.9213 ], [ 85.2722, 23.9352 ], [ 85.2579, 23.9322 ], [ 85.2422, 23.9341 ], [ 85.2336, 23.9438 ], [ 85.24, 23.9498 ], [ 85.2349, 23.9611 ], [ 85.2372, 23.9669 ], [ 85.2268, 23.9697 ], [ 85.2184, 23.9528 ], [ 85.2027, 23.9571 ], [ 85.2028, 23.9733 ], [ 85.2109, 23.9788 ], [ 85.2143, 23.9923 ], [ 85.2209, 23.9919 ], [ 85.2292, 23.9969 ], [ 85.2327, 24.0032 ], [ 85.2307, 24.011 ], [ 85.2489, 24.012 ], [ 85.2549, 24.0236 ], [ 85.2657, 24.0165 ], [ 85.2844, 24.0219 ] ], [ [ 85.2617, 23.965 ], [ 85.2718, 23.967 ], [ 85.2774, 23.9722 ], [ 85.2682, 23.9794 ], [ 85.2592, 23.9662 ], [ 85.2617, 23.965 ] ] ] } },
{ "type": "Feature", "properties": { "unit_id": "IND.15.10.1_1", "name": "Keredari", "district": "Hazaribagh", "did": "jharkhand:Hazaribagh", "state_key": "jharkhand" }, "geometry": { "type": "MultiPolygon", "coordinates": [ [ [ [ 85.1859, 23.9477 ], [ 85.1867, 23.9514 ], [ 85.1926, 23.939 ], [ 85.191, 23.9198 ], [ 85.1835, 23.9239 ], [ 85.1836, 23.9351 ], [ 85.1878, 23.9379 ], [ 85.1789, 23.9497 ], [ 85.1859, 23.9477 ] ] ], [ [ [ 85.3678, 23.9782 ], [ 85.3662, 23.9771 ], [ 85.3613, 23.985 ], [ 85.3674, 23.9872 ], [ 85.3678, 23.9782 ] ] ], [ [ [ 85.1837, 23.9082 ], [ 85.1813, 23.9024 ], [ 85.1845, 23.8991 ], [ 85.1835, 23.8892 ], [ 85.189, 23.8884 ], [ 85.1888, 23.8726 ], [ 85.1819, 23.8746 ], [ 85.1802, 23.8688 ], [ 85.172, 23.8669 ], [ 85.1718, 23.8593 ], [ 85.1602, 23.8577 ], [ 85.1482, 23.8645 ], [ 85.1372, 23.8288 ], [ 85.1432, 23.8195 ], [ 85.1506, 23.8185 ], [ 85.1559, 23.8106 ], [ 85.1965, 23.7812 ], [ 85.1846, 23.7683 ], [ 85.1714, 23.7734 ], [ 85.1677, 23.7632 ], [ 85.1712, 23.7323 ], [ 85.1773, 23.7273 ], [ 85.1849, 23.7271 ], [ 85.1841, 23.7113 ], [ 85.1875, 23.7065 ], [ 85.167, 23.6658 ], [ 85.1589, 23.6738 ], [ 85.1146, 23.6619 ], [ 85.1067, 23.664 ], [ 85.1095, 23.6786 ], [ 85.1069, 23.6821 ], [ 85.1168, 23.7057 ], [ 85.1044, 23.7059 ], [ 85.1057, 23.7091 ], [ 85.0937, 23.7165 ], [ 85.096, 23.7208 ], [ 85.0832, 23.726 ], [ 85.0826, 23.7321 ], [ 85.0893, 23.7339 ], [ 85.1039, 23.7291 ], [ 85.1003, 23.7406 ], [ 85.1031, 23.7457 ], [ 85.1284, 23.7522 ], [ 85.1255, 23.7594 ], [ 85.1313, 23.7603 ], [ 85.1375, 23.7714 ], [ 85.1298, 23.7795 ], [ 85.085, 23.7885 ], [ 85.0725, 23.7964 ], [ 85.058, 23.7972 ], [ 85.0451, 23.8085 ], [ 85.0487, 23.8141 ], [ 85.0483, 23.8275 ], [ 85.0601, 23.8273 ], [ 85.0607, 23.8334 ], [ 85.0546, 23.8425 ], [ 85.0315, 23.8597 ], [ 85.0355, 23.8681 ], [ 85.0308, 23.8662 ], [ 85.0295, 23.8705 ], [ 85.0336, 23.8779 ], [ 85.0229, 23.8789 ], [ 85.0268, 23.8893 ], [ 85.0215, 23.8973 ], [ 85.0292, 23.9151 ], [ 85.0474, 23.9133 ], [ 85.0491, 23.9193 ], [ 85.04, 23.9227 ], [ 85.046, 23.9308 ], [ 85.0395, 23.9387 ], [ 85.0568, 23.958 ], [ 85.039, 23.9662 ], [ 85.0291, 23.9636 ], [ 85.0235, 23.9805 ], [ 85.0247, 23.9883 ], [ 85.0263, 23.9916 ], [ 85.0372, 23.9938 ], [ 85.0443, 24.0018 ], [ 85.0442, 23.9987 ], [ 85.0558, 23.9922 ], [ 85.0546, 23.9855 ], [ 85.0776, 23.983 ], [ 85.0827, 23.9691 ], [ 85.0758, 23.9614 ], [ 85.0869, 23.9586 ], [ 85.1008, 23.9757 ], [ 85.1201, 23.9707 ], [ 85.1251, 23.9759 ], [ 85.1382, 23.9673 ], [ 85.1398, 23.9582 ], [ 85.1495, 23.9501 ], [ 85.1789, 23.9497 ], [ 85.1837, 23.9082 ] ] ] ] } },
{ "type": "Feature", "properties": { "unit_id": "IND.15.10.1_1", "name": "Barkagaon", "district": "Hazaribagh", "did": "jharkhand:Hazaribagh", "state_key": "jharkhand" }, "geometry": { "type": "MultiPolygon", "coordinates": [ [ [ [ 85.2349, 23.9611 ], [ 85.2401, 23.9525 ], [ 85.2336, 23.9438 ], [ 85.2422, 23.9341 ], [ 85.2579, 23.9322 ], [ 85.2722, 23.9352 ], [ 85.2634, 23.9213 ], [ 85.2734, 23.9153 ], [ 85.2659, 23.9081 ], [ 85.2657, 23.8995 ], [ 85.2864, 23.8822 ], [ 85.3009, 23.8802 ], [ 85.3116, 23.8719 ], [ 85.339, 23.8753 ], [ 85.3485, 23.8676 ], [ 85.3689, 23.8659 ], [ 85.3768, 23.8728 ], [ 85.3851, 23.8721 ], [ 85.3928, 23.8772 ], [ 85.4013, 23.8762 ], [ 85.3985, 23.8647 ], [ 85.3874, 23.8564 ], [ 85.3803, 23.8357 ], [ 85.3676, 23.8247 ], [ 85.3739, 23.805 ], [ 85.3714, 23.8007 ], [ 85.3815, 23.7969 ], [ 85.3767, 23.7864 ], [ 85.361, 23.789 ], [ 85.3548, 23.7956 ], [ 85.3425, 23.7983 ], [ 85.3397, 23.796 ], [ 85.3444, 23.7854 ], [ 85.3409, 23.7643 ], [ 85.3491, 23.7531 ], [ 85.349, 23.7277 ], [ 85.3441, 23.7074 ], [ 85.3067, 23.6834 ], [ 85.2983, 23.6903 ], [ 85.2852, 23.6866 ], [ 85.2623, 23.6966 ], [ 85.2451, 23.7121 ], [ 85.2359, 23.698 ], [ 85.2363, 23.6863 ], [ 85.2276, 23.6844 ], [ 85.2236, 23.691 ], [ 85.2248, 23.7007 ], [ 85.1841, 23.7113 ], [ 85.1849, 23.7271 ], [ 85.1773, 23.7273 ], [ 85.1712, 23.7323 ], [ 85.1677, 23.7632 ], [ 85.1714, 23.7734 ], [ 85.1846, 23.7683 ], [ 85.1965, 23.7812 ], [ 85.1559, 23.8106 ], [ 85.1506, 23.8185 ], [ 85.1432, 23.8195 ], [ 85.1373, 23.8284 ], [ 85.1482, 23.8645 ], [ 85.1602, 23.8577 ], [ 85.1718, 23.8593 ], [ 85.172, 23.8669 ], [ 85.1802, 23.8688 ], [ 85.1819, 23.8746 ], [ 85.1888, 23.8726 ], [ 85.189, 23.8884 ], [ 85.1835, 23.8892 ], [ 85.1845, 23.8991 ], [ 85.1813, 23.9024 ], [ 85.1837, 23.9082 ], [ 85.1789, 23.9497 ], [ 85.1878, 23.9379 ], [ 85.1836, 23.9351 ], [ 85.1835, 23.9239 ], [ 85.191, 23.9198 ], [ 85.1926, 23.939 ], [ 85.1867, 23.9514 ], [ 85.2041, 23.9571 ], [ 85.2184, 23.9528 ], [ 85.2268, 23.9697 ], [ 85.2379, 23.9663 ], [ 85.2349, 23.9611 ] ] ], [ [ [ 85.5577, 23.9493 ], [ 85.5522, 23.9511 ], [ 85.5467, 23.9598 ], [ 85.5466, 23.9656 ], [ 85.5602, 23.9618 ], [ 85.5577, 23.9493 ] ] ], [ [ [ 85.665, 24.0703 ], [ 85.6648, 24.0703 ], [ 85.6651, 24.0704 ], [ 85.665, 24.0703 ] ] ] ] } },
{ "type": "Feature", "properties": { "unit_id": "IND.15.10.1_1", "name": "Churchu", "district": "Hazaribagh", "did": "jharkhand:Hazaribagh", "state_key": "jharkhand" }, "geometry": { "type": "MultiPolygon", "coordinates": [ [ [ [ 85.52, 23.9366 ], [ 85.5268, 23.9354 ], [ 85.5298, 23.922 ], [ 85.535, 23.9198 ], [ 85.5428, 23.921 ], [ 85.5514, 23.9377 ], [ 85.5606, 23.9317 ], [ 85.5606, 23.9379 ], [ 85.5861, 23.9417 ], [ 85.5949, 23.9337 ], [ 85.5845, 23.9177 ], [ 85.5765, 23.9182 ], [ 85.579, 23.9096 ], [ 85.5651, 23.8963 ], [ 85.5732, 23.8935 ], [ 85.5672, 23.8845 ], [ 85.5739, 23.8783 ], [ 85.5631, 23.858 ], [ 85.5625, 23.8474 ], [ 85.555, 23.845 ], [ 85.5394, 23.8538 ], [ 85.5301, 23.8494 ], [ 85.5184, 23.8522 ], [ 85.5152, 23.8416 ], [ 85.5075, 23.8382 ], [ 85.5013, 23.8406 ], [ 85.4892, 23.8385 ], [ 85.4859, 23.8261 ], [ 85.4803, 23.8297 ], [ 85.4526, 23.8106 ], [ 85.4473, 23.8016 ], [ 85.4338, 23.7946 ], [ 85.3909, 23.8008 ], [ 85.3813, 23.7972 ], [ 85.3723, 23.8001 ], [ 85.3676, 23.8247 ], [ 85.3803, 23.8357 ], [ 85.3874, 23.8564 ], [ 85.3985, 23.8647 ], [ 85.4013, 23.8762 ], [ 85.424, 23.8882 ], [ 85.4444, 23.8933 ], [ 85.444, 23.9012 ], [ 85.4367, 23.9099 ], [ 85.4564, 23.9202 ], [ 85.4622, 23.916 ], [ 85.4735, 23.9193 ], [ 85.484, 23.9319 ], [ 85.4961, 23.9329 ], [ 85.4984, 23.9501 ], [ 85.5044, 23.9555 ], [ 85.5237, 23.9502 ], [ 85.52, 23.9366 ] ] ], [ [ [ 85.6597, 23.976 ], [ 85.6675, 23.9751 ], [ 85.6721, 23.9684 ], [ 85.6671, 23.9571 ], [ 85.6588, 23.954 ], [ 85.6458, 23.9552 ], [ 85.6401, 23.9601 ], [ 85.6398, 23.9748 ], [ 85.6447, 23.9799 ], [ 85.655, 23.9805 ], [ 85.6597, 23.976 ] ] ] ] } },
{ "type": "Feature", "properties": { "unit_id": "IND.15.10.1_1", "name": "Hazaribagh", "district": "Hazaribagh", "did": "jharkhand:Hazaribagh", "state_key": "jharkhand" }, "geometry": { "type": "Polygon", "coordinates": [ [ [ 85.3818, 24.0552 ], [ 85.4041, 24.0562 ], [ 85.4105, 24.0485 ], [ 85.4251, 24.0447 ], [ 85.4419, 24.0329 ], [ 85.4596, 24.0378 ], [ 85.4646, 24.0347 ], [ 85.4805, 24.041 ], [ 85.4904, 24.0403 ], [ 85.4907, 24.0427 ], [ 85.5064, 24.0405 ], [ 85.5134, 24.0347 ], [ 85.4854, 24.0159 ], [ 85.5021, 24.0073 ], [ 85.5019, 23.9935 ], [ 85.5125, 23.9772 ], [ 85.5067, 23.9767 ], [ 85.5124, 23.9707 ], [ 85.5106, 23.9606 ], [ 85.4976, 23.9488 ], [ 85.4961, 23.9329 ], [ 85.484, 23.9319 ], [ 85.4735, 23.9193 ], [ 85.4622, 23.916 ], [ 85.4564, 23.9202 ], [ 85.438, 23.911 ], [ 85.4444, 23.8933 ], [ 85.4227, 23.8877 ], [ 85.4042, 23.8766 ], [ 85.3928, 23.8772 ], [ 85.3851, 23.8721 ], [ 85.3768, 23.8728 ], [ 85.3712, 23.8659 ], [ 85.3485, 23.8676 ], [ 85.3408, 23.8741 ], [ 85.3451, 23.9186 ], [ 85.3558, 23.93 ], [ 85.3657, 23.9331 ], [ 85.3718, 23.9423 ], [ 85.3688, 23.9597 ], [ 85.3727, 23.9634 ], [ 85.3631, 23.9645 ], [ 85.3551, 23.9718 ], [ 85.3422, 24.002 ], [ 85.3475, 24.0083 ], [ 85.3442, 24.0196 ], [ 85.3473, 24.0296 ], [ 85.3708, 24.0615 ], [ 85.3818, 24.0552 ] ], [ [ 85.3609, 23.9811 ], [ 85.3662, 23.9771 ], [ 85.3674, 23.9872 ], [ 85.3616, 23.9872 ], [ 85.3609, 23.9811 ] ] ] } },
{ "type": "Feature", "properties": { "unit_id": "IND.15.10.1_1", "name": "Ichak", "district": "Hazaribagh", "did": "jharkhand:Hazaribagh", "state_key": "jharkhand" }, "geometry": { "type": "Polygon", "coordinates": [ [ [ 85.5046, 24.1651 ], [ 85.5105, 24.1653 ], [ 85.5173, 24.16 ], [ 85.5271, 24.1624 ], [ 85.5396, 24.1578 ], [ 85.5462, 24.1611 ], [ 85.5558, 24.1586 ], [ 85.5685, 24.1498 ], [ 85.5672, 24.1438 ], [ 85.5764, 24.14 ], [ 85.5814, 24.133 ], [ 85.5536, 24.1317 ], [ 85.5452, 24.124 ], [ 85.5426, 24.1168 ], [ 85.5458, 24.1084 ], [ 85.5519, 24.1046 ], [ 85.5538, 24.0934 ], [ 85.5395, 24.0929 ], [ 85.5259, 24.0771 ], [ 85.5187, 24.0783 ], [ 85.5132, 24.0738 ], [ 85.5079, 24.0636 ], [ 85.4949, 24.0725 ], [ 85.4851, 24.0554 ], [ 85.4853, 24.0392 ], [ 85.4816, 24.0412 ], [ 85.4646, 24.0347 ], [ 85.4596, 24.0378 ], [ 85.4411, 24.0331 ], [ 85.4251, 24.0447 ], [ 85.4105, 24.0485 ], [ 85.4041, 24.0562 ], [ 85.3793, 24.0563 ], [ 85.3697, 24.0627 ], [ 85.3728, 24.0658 ], [ 85.3674, 24.074 ], [ 85.3512, 24.0869 ], [ 85.3426, 24.0724 ], [ 85.3371, 24.0711 ], [ 85.3238, 24.0794 ], [ 85.3155, 24.0782 ], [ 85.3089, 24.0856 ], [ 85.2897, 24.094 ], [ 85.2886, 24.1023 ], [ 85.2789, 24.11 ], [ 85.2793, 24.1168 ], [ 85.2723, 24.1234 ], [ 85.277, 24.1335 ], [ 85.2885, 24.1366 ], [ 85.321, 24.1354 ], [ 85.3276, 24.1462 ], [ 85.3403, 24.1536 ], [ 85.3594, 24.1459 ], [ 85.3644, 24.1565 ], [ 85.3735, 24.1575 ], [ 85.3845, 24.1514 ], [ 85.3828, 24.1642 ], [ 85.395, 24.1662 ], [ 85.3978, 24.1661 ], [ 85.3967, 24.1558 ], [ 85.4047, 24.1503 ], [ 85.4117, 24.1545 ], [ 85.4302, 24.1542 ], [ 85.4331, 24.1589 ], [ 85.4301, 24.1699 ], [ 85.4483, 24.1849 ], [ 85.5027, 24.172 ], [ 85.5046, 24.1651 ] ] ] } },
{ "type": "Feature", "properties": { "unit_id": "IND.15.10.1_1", "name": "Barhi", "district": "Hazaribagh", "did": "jharkhand:Hazaribagh", "state_key": "jharkhand" }, "geometry": { "type": "Polygon", "coordinates": [ [ [ 85.4367, 24.3318 ], [ 85.4526, 24.3367 ], [ 85.4609, 24.3328 ], [ 85.4658, 24.3244 ], [ 85.477, 24.331 ], [ 85.5062, 24.324 ], [ 85.5139, 24.3171 ], [ 85.5192, 24.318 ], [ 85.5272, 24.3328 ], [ 85.5408, 24.3321 ], [ 85.5473, 24.3467 ], [ 85.5525, 24.3482 ], [ 85.5715, 24.3385 ], [ 85.5758, 24.3513 ], [ 85.5806, 24.3497 ], [ 85.5925, 24.3324 ], [ 85.608, 24.3393 ], [ 85.6189, 24.3258 ], [ 85.6346, 24.3239 ], [ 85.642, 24.3302 ], [ 85.6447, 24.328 ], [ 85.6409, 24.3124 ], [ 85.6355, 24.3065 ], [ 85.6328, 24.2844 ], [ 85.6248, 24.2811 ], [ 85.6192, 24.285 ], [ 85.6085, 24.2615 ], [ 85.5985, 24.2527 ], [ 85.5893, 24.2575 ], [ 85.5732, 24.2504 ], [ 85.5691, 24.2289 ], [ 85.5617, 24.2276 ], [ 85.5539, 24.2328 ], [ 85.5475, 24.2248 ], [ 85.5311, 24.2257 ], [ 85.5241, 24.2035 ], [ 85.5338, 24.1971 ], [ 85.5306, 24.1868 ], [ 85.5128, 24.1907 ], [ 85.5027, 24.172 ], [ 85.4798, 24.176 ], [ 85.4658, 24.1831 ], [ 85.468, 24.1858 ], [ 85.4767, 24.1852 ], [ 85.4741, 24.1914 ], [ 85.4605, 24.1967 ], [ 85.4579, 24.2037 ], [ 85.4407, 24.2135 ], [ 85.4124, 24.2195 ], [ 85.4084, 24.2093 ], [ 85.4032, 24.2079 ], [ 85.3911, 24.2217 ], [ 85.3852, 24.2218 ], [ 85.3796, 24.2164 ], [ 85.36, 24.2211 ], [ 85.3625, 24.2363 ], [ 85.3539, 24.2398 ], [ 85.357, 24.2478 ], [ 85.3444, 24.2512 ], [ 85.3446, 24.2652 ], [ 85.3224, 24.2752 ], [ 85.3192, 24.2799 ], [ 85.3187, 24.2926 ], [ 85.3257, 24.2918 ], [ 85.3275, 24.2948 ], [ 85.3221, 24.3057 ], [ 85.3245, 24.3105 ], [ 85.3355, 24.3087 ], [ 85.3398, 24.3016 ], [ 85.3426, 24.3063 ], [ 85.3479, 24.3062 ], [ 85.3486, 24.2991 ], [ 85.358, 24.2923 ], [ 85.3685, 24.304 ], [ 85.3815, 24.3098 ], [ 85.3785, 24.3176 ], [ 85.3855, 24.3235 ], [ 85.3852, 24.336 ], [ 85.3905, 24.3429 ], [ 85.4209, 24.3488 ], [ 85.4245, 24.3569 ], [ 85.434, 24.3484 ], [ 85.4367, 24.3318 ] ] ] } },
{ "type": "Feature", "properties": { "unit_id": "IND.15.10.1_1", "name": "Padma", "district": "Hazaribagh", "did": "jharkhand:Hazaribagh", "state_key": "jharkhand" }, "geometry": { "type": "Polygon", "coordinates": [ [ [ 85.3444, 24.2512 ], [ 85.357, 24.2478 ], [ 85.3539, 24.2398 ], [ 85.3625, 24.2363 ], [ 85.36, 24.2211 ], [ 85.3796, 24.2164 ], [ 85.3852, 24.2218 ], [ 85.3911, 24.2217 ], [ 85.4032, 24.2079 ], [ 85.4084, 24.2093 ], [ 85.4124, 24.2195 ], [ 85.4407, 24.2135 ], [ 85.4579, 24.2037 ], [ 85.4605, 24.1967 ], [ 85.4741, 24.1914 ], [ 85.4767, 24.1852 ], [ 85.468, 24.1858 ], [ 85.4666, 24.1826 ], [ 85.4498, 24.1856 ], [ 85.4398, 24.18 ], [ 85.4297, 24.1693 ], [ 85.4331, 24.1589 ], [ 85.4302, 24.1542 ], [ 85.4117, 24.1545 ], [ 85.4047, 24.1503 ], [ 85.3967, 24.1558 ], [ 85.3978, 24.1661 ], [ 85.395, 24.1662 ], [ 85.3828, 24.1642 ], [ 85.3845, 24.1514 ], [ 85.3735, 24.1575 ], [ 85.3644, 24.1565 ], [ 85.3594, 24.1459 ], [ 85.3403, 24.1536 ], [ 85.3205, 24.1415 ], [ 85.3226, 24.1504 ], [ 85.3147, 24.1731 ], [ 85.3044, 24.1773 ], [ 85.3054, 24.1854 ], [ 85.2871, 24.187 ], [ 85.2867, 24.1948 ], [ 85.2896, 24.2008 ], [ 85.3035, 24.1991 ], [ 85.3033, 24.2142 ], [ 85.2969, 24.2223 ], [ 85.3028, 24.2251 ], [ 85.3023, 24.2377 ], [ 85.3116, 24.2461 ], [ 85.3225, 24.2466 ], [ 85.315, 24.2531 ], [ 85.3166, 24.2613 ], [ 85.322, 24.2625 ], [ 85.3188, 24.2655 ], [ 85.3205, 24.2767 ], [ 85.346, 24.2632 ], [ 85.3444, 24.2512 ] ] ] } },
{ "type": "Feature", "properties": { "unit_id": "IND.15.2.1_1", "name": "Mayur Hand", "district": "Chatra", "did": "jharkhand:Chatra", "state_key": "jharkhand" }, "geometry": { "type": "Polygon", "coordinates": [ [ [ 85.318, 24.325 ], [ 85.3293, 24.3181 ], [ 85.3335, 24.3202 ], [ 85.3407, 24.3137 ], [ 85.3504, 24.3165 ], [ 85.355, 24.3105 ], [ 85.3639, 24.308 ], [ 85.3733, 24.3186 ], [ 85.3803, 24.3211 ], [ 85.3783, 24.3158 ], [ 85.3816, 24.3106 ], [ 85.3676, 24.3033 ], [ 85.3573, 24.2921 ], [ 85.3486, 24.2991 ], [ 85.3479, 24.3062 ], [ 85.3426, 24.3063 ], [ 85.3398, 24.3016 ], [ 85.3345, 24.3092 ], [ 85.3227, 24.3092 ], [ 85.3275, 24.2948 ], [ 85.3257, 24.2918 ], [ 85.3213, 24.2939 ], [ 85.3183, 24.2916 ], [ 85.3215, 24.2847 ], [ 85.3188, 24.2655 ], [ 85.322, 24.2625 ], [ 85.3166, 24.2613 ], [ 85.315, 24.2531 ], [ 85.3227, 24.2473 ], [ 85.3108, 24.2456 ], [ 85.3013, 24.236 ], [ 85.3028, 24.2251 ], [ 85.2969, 24.2219 ], [ 85.3033, 24.2142 ], [ 85.3033, 24.199 ], [ 85.29, 24.2004 ], [ 85.2872, 24.2088 ], [ 85.2803, 24.2082 ], [ 85.273, 24.216 ], [ 85.2578, 24.2164 ], [ 85.2545, 24.2127 ], [ 85.2387, 24.2232 ], [ 85.2231, 24.2213 ], [ 85.2256, 24.2293 ], [ 85.2177, 24.2368 ], [ 85.2223, 24.2486 ], [ 85.2122, 24.2531 ], [ 85.2055, 24.2789 ], [ 85.2086, 24.2836 ], [ 85.2139, 24.284 ], [ 85.2104, 24.2959 ], [ 85.2181, 24.2943 ], [ 85.2235, 24.3114 ], [ 85.2299, 24.3114 ], [ 85.2307, 24.3243 ], [ 85.2434, 24.3269 ], [ 85.2473, 24.3406 ], [ 85.2835, 24.3321 ], [ 85.2938, 24.3391 ], [ 85.3038, 24.3388 ], [ 85.318, 24.325 ] ] ] } },
{ "type": "Feature", "properties": { "unit_id": "IND.15.10.1_1", "name": "Katkamcandi", "district": "Hazaribagh", "did": "jharkhand:Hazaribagh", "state_key": "jharkhand" }, "geometry": { "type": "Polygon", "coordinates": [ [ [ 85.1788, 24.2287 ], [ 85.1878, 24.2282 ], [ 85.2169, 24.219 ], [ 85.2179, 24.2217 ], [ 85.2387, 24.2232 ], [ 85.2543, 24.2128 ], [ 85.2578, 24.2164 ], [ 85.2681, 24.217 ], [ 85.2803, 24.2082 ], [ 85.2887, 24.2069 ], [ 85.2866, 24.1877 ], [ 85.3054, 24.1854 ], [ 85.3044, 24.1773 ], [ 85.3136, 24.1747 ], [ 85.3193, 24.1653 ], [ 85.3229, 24.1369 ], [ 85.2885, 24.1366 ], [ 85.2761, 24.1329 ], [ 85.2723, 24.1234 ], [ 85.2793, 24.1168 ], [ 85.2789, 24.11 ], [ 85.2886, 24.1023 ], [ 85.2897, 24.094 ], [ 85.3089, 24.0856 ], [ 85.3155, 24.0782 ], [ 85.3238, 24.0794 ], [ 85.3294, 24.074 ], [ 85.3406, 24.0711 ], [ 85.3512, 24.0869 ], [ 85.3726, 24.0666 ], [ 85.3597, 24.0432 ], [ 85.3473, 24.0296 ], [ 85.3442, 24.0196 ], [ 85.3475, 24.0083 ], [ 85.3422, 24.002 ], [ 85.3345, 24.0132 ], [ 85.3306, 24.0051 ], [ 85.3215, 24.0055 ], [ 85.2997, 24.0168 ], [ 85.2964, 24.0046 ], [ 85.2856, 24.0007 ], [ 85.2911, 24.0157 ], [ 85.2887, 24.0197 ], [ 85.277, 24.0207 ], [ 85.2679, 24.0162 ], [ 85.2594, 24.0229 ], [ 85.2516, 24.0231 ], [ 85.2458, 24.0412 ], [ 85.2507, 24.0554 ], [ 85.2428, 24.0685 ], [ 85.2339, 24.0752 ], [ 85.213, 24.0787 ], [ 85.1919, 24.0935 ], [ 85.1712, 24.0993 ], [ 85.1756, 24.1108 ], [ 85.1705, 24.1128 ], [ 85.1719, 24.1165 ], [ 85.1676, 24.1167 ], [ 85.1667, 24.1209 ], [ 85.1754, 24.1235 ], [ 85.1617, 24.137 ], [ 85.1526, 24.1569 ], [ 85.144, 24.1558 ], [ 85.1499, 24.1823 ], [ 85.1409, 24.1942 ], [ 85.1406, 24.2009 ], [ 85.1349, 24.2018 ], [ 85.1414, 24.2091 ], [ 85.1452, 24.2065 ], [ 85.1502, 24.2089 ], [ 85.149, 24.2149 ], [ 85.1618, 24.2294 ], [ 85.1745, 24.2251 ], [ 85.1788, 24.2287 ] ] ] } },
{ "type": "Feature", "properties": { "unit_id": "IND.15.2.1_1", "name": "Pathalgama", "district": "Chatra", "did": "jharkhand:Chatra", "state_key": "jharkhand" }, "geometry": { "type": "Polygon", "coordinates": [ [ [ 85.1117, 24.1391 ], [ 85.1153, 24.1336 ], [ 85.1335, 24.1277 ], [ 85.1366, 24.116 ], [ 85.1614, 24.112 ], [ 85.1717, 24.1168 ], [ 85.1703, 24.113 ], [ 85.1756, 24.1108 ], [ 85.1713, 24.0992 ], [ 85.2035, 24.0867 ], [ 85.2012, 24.0766 ], [ 85.192, 24.0663 ], [ 85.1719, 24.0557 ], [ 85.1703, 24.0388 ], [ 85.1477, 24.0413 ], [ 85.1359, 24.0326 ], [ 85.1198, 24.0378 ], [ 85.1044, 24.0533 ], [ 85.1089, 24.0567 ], [ 85.108, 24.0629 ], [ 85.1007, 24.0672 ], [ 85.0976, 24.0743 ], [ 85.0836, 24.0803 ], [ 85.0701, 24.1008 ], [ 85.0647, 24.0921 ], [ 85.0557, 24.0926 ], [ 85.0475, 24.0867 ], [ 85.032, 24.0915 ], [ 85.0242, 24.0839 ], [ 85.0086, 24.0822 ], [ 85.005, 24.0975 ], [ 84.9851, 24.1092 ], [ 84.9853, 24.1191 ], [ 84.981, 24.1201 ], [ 84.9797, 24.1252 ], [ 84.9957, 24.1277 ], [ 84.9928, 24.1366 ], [ 85.0105, 24.1321 ], [ 85.0151, 24.1368 ], [ 85.0217, 24.1339 ], [ 85.0245, 24.1377 ], [ 85.0363, 24.1357 ], [ 85.0428, 24.1409 ], [ 85.0613, 24.134 ], [ 85.0717, 24.1414 ], [ 85.079, 24.1418 ], [ 85.0834, 24.1349 ], [ 85.0904, 24.1335 ], [ 85.1117, 24.1391 ] ] ] } },
{ "type": "Feature", "properties": { "unit_id": "IND.15.2.1_1", "name": "Itkhori", "district": "Chatra", "did": "jharkhand:Chatra", "state_key": "jharkhand" }, "geometry": { "type": "Polygon", "coordinates": [ [ [ 85.1589, 24.3463 ], [ 85.1629, 24.3491 ], [ 85.1646, 24.3398 ], [ 85.1841, 24.3363 ], [ 85.1867, 24.3301 ], [ 85.2011, 24.3251 ], [ 85.2018, 24.3335 ], [ 85.2076, 24.339 ], [ 85.2258, 24.3404 ], [ 85.2275, 24.3438 ], [ 85.2473, 24.3406 ], [ 85.2434, 24.3269 ], [ 85.2307, 24.3243 ], [ 85.2299, 24.3114 ], [ 85.2235, 24.3114 ], [ 85.2181, 24.2943 ], [ 85.2104, 24.2959 ], [ 85.2139, 24.284 ], [ 85.2086, 24.2836 ], [ 85.2055, 24.2789 ], [ 85.2122, 24.2531 ], [ 85.2223, 24.2486 ], [ 85.2177, 24.2368 ], [ 85.2256, 24.2293 ], [ 85.2231, 24.2213 ], [ 85.2169, 24.219 ], [ 85.1878, 24.2282 ], [ 85.1788, 24.2287 ], [ 85.1745, 24.2251 ], [ 85.1618, 24.2294 ], [ 85.149, 24.2149 ], [ 85.1502, 24.2089 ], [ 85.1452, 24.2065 ], [ 85.1399, 24.2206 ], [ 85.1307, 24.2283 ], [ 85.1196, 24.226 ], [ 85.1268, 24.214 ], [ 85.124, 24.2125 ], [ 85.0967, 24.2159 ], [ 85.0914, 24.2189 ], [ 85.0921, 24.2258 ], [ 85.1013, 24.2321 ], [ 85.0987, 24.2392 ], [ 85.0847, 24.2475 ], [ 85.0708, 24.2456 ], [ 85.0572, 24.2504 ], [ 85.065, 24.2584 ], [ 85.0666, 24.2661 ], [ 85.0778, 24.2633 ], [ 85.087, 24.2707 ], [ 85.1099, 24.2718 ], [ 85.1083, 24.2863 ], [ 85.1116, 24.2896 ], [ 85.1139, 24.3145 ], [ 85.1016, 24.328 ], [ 85.1122, 24.3326 ], [ 85.1366, 24.3256 ], [ 85.1434, 24.3287 ], [ 85.1348, 24.3544 ], [ 85.1526, 24.3537 ], [ 85.1589, 24.3463 ] ] ] } },
{ "type": "Feature", "properties": { "unit_id": "IND.15.2.1_1", "name": "Chouparan", "district": "Kodarma", "did": "jharkhand:Kodarma", "state_key": "jharkhand" }, "geometry": { "type": "Polygon", "coordinates": [ [ [ 85.1646, 24.3398 ], [ 85.1639, 24.3428 ], [ 85.1692, 24.3425 ], [ 85.168, 24.3391 ], [ 85.1646, 24.3398 ] ] ] } },
{ "type": "Feature", "properties": { "unit_id": "IND.15.10.1_1", "name": "Chouparan", "district": "Hazaribagh", "did": "jharkhand:Hazaribagh", "state_key": "jharkhand" }, "geometry": { "type": "Polygon", "coordinates": [ [ [ 85.3566, 24.5165 ], [ 85.3324, 24.5092 ], [ 85.3285, 24.4862 ], [ 85.3448, 24.476 ], [ 85.345, 24.4721 ], [ 85.3498, 24.4739 ], [ 85.3511, 24.4708 ], [ 85.3626, 24.4689 ], [ 85.3838, 24.4697 ], [ 85.3925, 24.481 ], [ 85.4092, 24.4812 ], [ 85.4139, 24.4451 ], [ 85.4288, 24.4337 ], [ 85.4301, 24.4285 ], [ 85.4361, 24.4252 ], [ 85.4393, 24.4272 ], [ 85.4427, 24.4197 ], [ 85.4296, 24.422 ], [ 85.4229, 24.4049 ], [ 85.4099, 24.407 ], [ 85.4012, 24.3977 ], [ 85.4004, 24.3931 ], [ 85.4107, 24.3881 ], [ 85.4092, 24.3795 ], [ 85.4215, 24.3742 ], [ 85.4126, 24.3545 ], [ 85.4232, 24.3554 ], [ 85.4215, 24.3491 ], [ 85.3905, 24.3429 ], [ 85.3852, 24.336 ], [ 85.3855, 24.3235 ], [ 85.3733, 24.3186 ], [ 85.3631, 24.308 ], [ 85.355, 24.3105 ], [ 85.3504, 24.3165 ], [ 85.3425, 24.3163 ], [ 85.3412, 24.3136 ], [ 85.3335, 24.3202 ], [ 85.3279, 24.3188 ], [ 85.3113, 24.3301 ], [ 85.3055, 24.3387 ], [ 85.2938, 24.3391 ], [ 85.2835, 24.3321 ], [ 85.2431, 24.3403 ], [ 85.2419, 24.3524 ], [ 85.2389, 24.3411 ], [ 85.2275, 24.3438 ], [ 85.2258, 24.3404 ], [ 85.2076, 24.339 ], [ 85.2018, 24.3335 ], [ 85.2011, 24.3251 ], [ 85.1867, 24.3301 ], [ 85.1841, 24.3363 ], [ 85.1685, 24.3386 ], [ 85.1701, 24.3412 ], [ 85.1639, 24.3428 ], [ 85.1629, 24.3491 ], [ 85.1589, 24.3463 ], [ 85.1526, 24.3537 ], [ 85.1359, 24.3557 ], [ 85.1434, 24.3287 ], [ 85.1366, 24.3256 ], [ 85.1122, 24.3326 ], [ 85.1016, 24.328 ], [ 85.0998, 24.3404 ], [ 85.0865, 24.3521 ], [ 85.086, 24.3675 ], [ 85.0898, 24.3727 ], [ 85.1034, 24.3771 ], [ 85.1027, 24.3849 ], [ 85.1168, 24.3914 ], [ 85.1231, 24.402 ], [ 85.1623, 24.4126 ], [ 85.1654, 24.4194 ], [ 85.1739, 24.4206 ], [ 85.1753, 24.4238 ], [ 85.1639, 24.4439 ], [ 85.1572, 24.4444 ], [ 85.1544, 24.4482 ], [ 85.1541, 24.455 ], [ 85.1608, 24.4603 ], [ 85.1722, 24.459 ], [ 85.1913, 24.4631 ], [ 85.1999, 24.4605 ], [ 85.2066, 24.4673 ], [ 85.2258, 24.4631 ], [ 85.2322, 24.4731 ], [ 85.2369, 24.4711 ], [ 85.2413, 24.4752 ], [ 85.2402, 24.4815 ], [ 85.2491, 24.4907 ], [ 85.2823, 24.4917 ], [ 85.2856, 24.5023 ], [ 85.2814, 24.5202 ], [ 85.2881, 24.5233 ], [ 85.3222, 24.52 ], [ 85.3542, 24.5238 ], [ 85.3566, 24.5165 ] ] ] } },
{ "type": "Feature", "properties": { "unit_id": "IND.15.2.1_1", "name": "Chauparan", "district": "Kodarma", "did": "jharkhand:Kodarma", "state_key": "jharkhand" }, "geometry": { "type": "Polygon", "coordinates": [ [ [ 85.239, 24.3411 ], [ 85.2419, 24.3524 ], [ 85.2443, 24.3483 ], [ 85.2429, 24.3404 ], [ 85.239, 24.3411 ] ] ] } },
{ "type": "Feature", "properties": { "unit_id": "IND.15.10.1_1", "name": "Chandwara", "district": "Kodarma", "did": "jharkhand:Kodarma", "state_key": "jharkhand" }, "geometry": { "type": "Polygon", "coordinates": [ [ [ 85.4323, 24.5317 ], [ 85.43, 24.5295 ], [ 85.4346, 24.5285 ], [ 85.437, 24.5324 ], [ 85.4412, 24.5237 ], [ 85.451, 24.5171 ], [ 85.447, 24.5074 ], [ 85.4555, 24.4959 ], [ 85.4547, 24.4779 ], [ 85.4669, 24.4752 ], [ 85.4738, 24.4881 ], [ 85.4776, 24.4886 ], [ 85.4827, 24.4831 ], [ 85.4873, 24.4773 ], [ 85.4803, 24.468 ], [ 85.4855, 24.4528 ], [ 85.4804, 24.4417 ], [ 85.4946, 24.4291 ], [ 85.4989, 24.4069 ], [ 85.5095, 24.3999 ], [ 85.5322, 24.4095 ], [ 85.5425, 24.407 ], [ 85.5603, 24.4197 ], [ 85.5711, 24.4093 ], [ 85.5615, 24.4064 ], [ 85.5522, 24.3896 ], [ 85.5492, 24.3608 ], [ 85.5518, 24.3563 ], [ 85.5444, 24.3483 ], [ 85.5414, 24.333 ], [ 85.5272, 24.3328 ], [ 85.5182, 24.3172 ], [ 85.5125, 24.3175 ], [ 85.5062, 24.324 ], [ 85.477, 24.331 ], [ 85.4658, 24.3244 ], [ 85.4609, 24.3328 ], [ 85.4526, 24.3367 ], [ 85.4367, 24.3318 ], [ 85.4325, 24.352 ], [ 85.4249, 24.3569 ], [ 85.4126, 24.3545 ], [ 85.4215, 24.3742 ], [ 85.4092, 24.3795 ], [ 85.4107, 24.3881 ], [ 85.4004, 24.3931 ], [ 85.4017, 24.3995 ], [ 85.4099, 24.407 ], [ 85.4229, 24.4049 ], [ 85.4296, 24.422 ], [ 85.4428, 24.4185 ], [ 85.4393, 24.4272 ], [ 85.4361, 24.4252 ], [ 85.4301, 24.4285 ], [ 85.4288, 24.4337 ], [ 85.4139, 24.4451 ], [ 85.4092, 24.4812 ], [ 85.3925, 24.481 ], [ 85.3838, 24.4697 ], [ 85.3626, 24.4689 ], [ 85.3511, 24.4708 ], [ 85.3498, 24.4739 ], [ 85.345, 24.4721 ], [ 85.3448, 24.476 ], [ 85.3285, 24.4862 ], [ 85.3324, 24.5092 ], [ 85.3566, 24.5165 ], [ 85.3559, 24.5247 ], [ 85.3729, 24.525 ], [ 85.3919, 24.5303 ], [ 85.3975, 24.5448 ], [ 85.3711, 24.5528 ], [ 85.3708, 24.5553 ], [ 85.3787, 24.5556 ], [ 85.4323, 24.5317 ] ] ] } },
{ "type": "Feature", "properties": { "unit_id": "IND.15.2.1_1", "name": "Kanha Chatti", "district": "Chatra", "did": "jharkhand:Chatra", "state_key": "jharkhand" }, "geometry": { "type": "Polygon", "coordinates": [ [ [ 85.0783, 24.3967 ], [ 85.0732, 24.3782 ], [ 85.0898, 24.3727 ], [ 85.0856, 24.3662 ], [ 85.0865, 24.3521 ], [ 85.0998, 24.3404 ], [ 85.1029, 24.3245 ], [ 85.1139, 24.3145 ], [ 85.1116, 24.2896 ], [ 85.1083, 24.2863 ], [ 85.1099, 24.2718 ], [ 85.087, 24.2707 ], [ 85.0778, 24.2633 ], [ 85.0666, 24.2661 ], [ 85.065, 24.2584 ], [ 85.0433, 24.2401 ], [ 85.026, 24.2426 ], [ 85.0057, 24.2298 ], [ 84.9954, 24.2355 ], [ 84.9721, 24.2366 ], [ 84.9756, 24.2484 ], [ 84.9866, 24.2589 ], [ 84.9858, 24.2654 ], [ 84.9658, 24.2641 ], [ 84.9681, 24.2886 ], [ 84.9665, 24.2946 ], [ 84.9557, 24.3024 ], [ 84.9675, 24.3137 ], [ 84.9744, 24.3156 ], [ 84.9752, 24.3205 ], [ 84.9623, 24.3334 ], [ 84.9591, 24.3417 ], [ 84.9579, 24.3575 ], [ 84.9616, 24.3655 ], [ 84.9798, 24.3794 ], [ 84.9838, 24.3875 ], [ 85.0312, 24.4146 ], [ 85.0387, 24.412 ], [ 85.0423, 24.4143 ], [ 85.0459, 24.4091 ], [ 85.0611, 24.4059 ], [ 85.0691, 24.4222 ], [ 85.081, 24.433 ], [ 85.0831, 24.3993 ], [ 85.0783, 24.3967 ] ] ] } },
{ "type": "Feature", "properties": { "unit_id": "IND.15.2.1_1", "name": "Hunterganj", "district": "Chatra", "did": "jharkhand:Chatra", "state_key": "jharkhand" }, "geometry": { "type": "Polygon", "coordinates": [ [ [ 84.8256, 24.5254 ], [ 84.8389, 24.5126 ], [ 84.8329, 24.4702 ], [ 84.8406, 24.4689 ], [ 84.8371, 24.4591 ], [ 84.8401, 24.4522 ], [ 84.8488, 24.4544 ], [ 84.854, 24.4667 ], [ 84.864, 24.4573 ], [ 84.871, 24.4583 ], [ 84.8748, 24.4672 ], [ 84.8828, 24.4621 ], [ 84.8846, 24.465 ], [ 84.8873, 24.4633 ], [ 84.8847, 24.4408 ], [ 84.8874, 24.432 ], [ 84.8823, 24.4248 ], [ 84.8913, 24.4146 ], [ 84.8926, 24.405 ], [ 84.9042, 24.3955 ], [ 84.909, 24.3835 ], [ 84.9003, 24.3768 ], [ 84.9038, 24.3722 ], [ 84.9375, 24.3799 ], [ 84.9548, 24.3713 ], [ 84.9732, 24.3752 ], [ 84.9616, 24.3655 ], [ 84.9579, 24.3555 ], [ 84.9623, 24.3334 ], [ 84.9752, 24.3205 ], [ 84.9746, 24.3165 ], [ 84.9557, 24.3024 ], [ 84.9147, 24.3044 ], [ 84.8482, 24.2905 ], [ 84.8212, 24.274 ], [ 84.8085, 24.279 ], [ 84.8106, 24.2849 ], [ 84.7958, 24.2981 ], [ 84.7921, 24.2921 ], [ 84.7848, 24.2896 ], [ 84.775, 24.2699 ], [ 84.7601, 24.2535 ], [ 84.7509, 24.2515 ], [ 84.7469, 24.2454 ], [ 84.7376, 24.2465 ], [ 84.7332, 24.2555 ], [ 84.7231, 24.2617 ], [ 84.7168, 24.2827 ], [ 84.7331, 24.3288 ], [ 84.7446, 24.333 ], [ 84.7357, 24.3439 ], [ 84.7187, 24.3524 ], [ 84.7186, 24.356 ], [ 84.6871, 24.3592 ], [ 84.691, 24.3661 ], [ 84.6862, 24.3732 ], [ 84.6754, 24.3797 ], [ 84.6695, 24.3792 ], [ 84.6666, 24.3898 ], [ 84.6622, 24.3914 ], [ 84.6652, 24.391 ], [ 84.6703, 24.4047 ], [ 84.6686, 24.4097 ], [ 84.6745, 24.4109 ], [ 84.676, 24.426 ], [ 84.6705, 24.4281 ], [ 84.6791, 24.4356 ], [ 84.688, 24.4577 ], [ 84.7025, 24.4622 ], [ 84.7102, 24.4712 ], [ 84.7292, 24.4702 ], [ 84.7464, 24.4861 ], [ 84.748, 24.496 ], [ 84.7556, 24.5 ], [ 84.7861, 24.5038 ], [ 84.7895, 24.5183 ], [ 84.7973, 24.5226 ], [ 84.8019, 24.5307 ], [ 84.8079, 24.5221 ], [ 84.8256, 24.5254 ] ] ] } },
{ "type": "Feature", "properties": { "unit_id": "IND.15.7.1_1", "name": "Bengabad", "district": "Giridih", "did": "jharkhand:Giridih", "state_key": "jharkhand" }, "geometry": { "type": "MultiPolygon", "coordinates": [ [ [ [ 86.2916, 24.4497 ], [ 86.296, 24.4505 ], [ 86.3136, 24.4471 ], [ 86.3174, 24.4415 ], [ 86.3439, 24.444 ], [ 86.345, 24.4472 ], [ 86.3499, 24.4474 ], [ 86.3582, 24.4293 ], [ 86.3673, 24.4245 ], [ 86.3686, 24.4187 ], [ 86.3746, 24.417 ], [ 86.3775, 24.4196 ], [ 86.3812, 24.4129 ], [ 86.3968, 24.4037 ], [ 86.397, 24.3984 ], [ 86.4024, 24.3968 ], [ 86.4043, 24.3886 ], [ 86.413, 24.3803 ], [ 86.4278, 24.3772 ], [ 86.4326, 24.3801 ], [ 86.4445, 24.3678 ], [ 86.4578, 24.3713 ], [ 86.457, 24.356 ], [ 86.4703, 24.3536 ], [ 86.4669, 24.3433 ], [ 86.4577, 24.3349 ], [ 86.4756, 24.3301 ], [ 86.4722, 24.3137 ], [ 86.478, 24.3006 ], [ 86.4861, 24.2972 ], [ 86.4884, 24.2869 ], [ 86.5046, 24.2825 ], [ 86.5098, 24.2577 ], [ 86.4843, 24.262 ], [ 86.4702, 24.2534 ], [ 86.4511, 24.2558 ], [ 86.4489, 24.2478 ], [ 86.4321, 24.2461 ], [ 86.4252, 24.2296 ], [ 86.4075, 24.2345 ], [ 86.3965, 24.2327 ], [ 86.3912, 24.2282 ], [ 86.383, 24.2295 ], [ 86.376, 24.2059 ], [ 86.372, 24.2091 ], [ 86.3662, 24.2054 ], [ 86.3619, 24.2136 ], [ 86.3464, 24.2031 ], [ 86.3453, 24.2117 ], [ 86.3261, 24.2111 ], [ 86.3034, 24.2176 ], [ 86.2893, 24.2147 ], [ 86.2782, 24.2245 ], [ 86.275, 24.2223 ], [ 86.2785, 24.2331 ], [ 86.2749, 24.2372 ], [ 86.2777, 24.2482 ], [ 86.275, 24.2543 ], [ 86.2803, 24.2573 ], [ 86.2825, 24.2535 ], [ 86.2941, 24.2561 ], [ 86.2957, 24.2606 ], [ 86.2804, 24.2745 ], [ 86.2712, 24.2744 ], [ 86.2685, 24.2704 ], [ 86.2626, 24.2747 ], [ 86.2608, 24.2715 ], [ 86.2616, 24.2794 ], [ 86.2554, 24.2801 ], [ 86.2528, 24.2853 ], [ 86.2576, 24.2912 ], [ 86.252, 24.3203 ], [ 86.2567, 24.327 ], [ 86.2616, 24.3258 ], [ 86.2655, 24.3325 ], [ 86.2709, 24.3304 ], [ 86.2796, 24.3391 ], [ 86.2803, 24.3595 ], [ 86.2858, 24.369 ], [ 86.2916, 24.368 ], [ 86.3008, 24.3814 ], [ 86.3156, 24.3887 ], [ 86.3154, 24.3972 ], [ 86.3191, 24.3988 ], [ 86.3189, 24.4143 ], [ 86.3123, 24.4152 ], [ 86.3072, 24.4257 ], [ 86.3034, 24.4243 ], [ 86.302, 24.4346 ], [ 86.2986, 24.4371 ], [ 86.2933, 24.4375 ], [ 86.2923, 24.4372 ], [ 86.2884, 24.4431 ], [ 86.2916, 24.4497 ] ] ] ] } },
{ "type": "Feature", "properties": { "unit_id": "IND.15.7.1_1", "name": "Deori", "district": "Giridih", "did": "jharkhand:Giridih", "state_key": "jharkhand" }, "geometry": { "type": "Polygon", "coordinates": [ [ [ 86.2415, 24.59 ], [ 86.2545, 24.5871 ], [ 86.2592, 24.5787 ], [ 86.2643, 24.5843 ], [ 86.2747, 24.5771 ], [ 86.2697, 24.5852 ], [ 86.2849, 24.5879 ], [ 86.2924, 24.5883 ], [ 86.303, 24.5833 ], [ 86.3092, 24.5839 ], [ 86.3086, 24.5885 ], [ 86.3234, 24.5865 ], [ 86.3161, 24.5813 ], [ 86.3176, 24.5774 ], [ 86.3071, 24.5714 ], [ 86.3008, 24.5601 ], [ 86.308, 24.5488 ], [ 86.2975, 24.5335 ], [ 86.3057, 24.5277 ], [ 86.309, 24.5098 ], [ 86.2994, 24.5 ], [ 86.2934, 24.4812 ], [ 86.2818, 24.4791 ], [ 86.276, 24.4658 ], [ 86.2999, 24.4587 ], [ 86.2946, 24.456 ], [ 86.296, 24.4505 ], [ 86.2882, 24.4455 ], [ 86.2923, 24.4372 ], [ 86.2835, 24.4381 ], [ 86.2784, 24.447 ], [ 86.2692, 24.444 ], [ 86.2686, 24.4464 ], [ 86.2664, 24.4412 ], [ 86.2591, 24.4411 ], [ 86.2488, 24.4323 ], [ 86.251, 24.4246 ], [ 86.2586, 24.4208 ], [ 86.2407, 24.4147 ], [ 86.2376, 24.4076 ], [ 86.2331, 24.4081 ], [ 86.2266, 24.4017 ], [ 86.2253, 24.4013 ], [ 86.2245, 24.4018 ], [ 86.2203, 24.4054 ], [ 86.217, 24.4043 ], [ 86.2148, 24.41 ], [ 86.2063, 24.4068 ], [ 86.2049, 24.413 ], [ 86.2006, 24.4135 ], [ 86.2013, 24.4195 ], [ 86.1942, 24.4176 ], [ 86.1939, 24.4264 ], [ 86.1755, 24.431 ], [ 86.1736, 24.4416 ], [ 86.1651, 24.4406 ], [ 86.1588, 24.4488 ], [ 86.1278, 24.4522 ], [ 86.1089, 24.4622 ], [ 86.1117, 24.4561 ], [ 86.1089, 24.4535 ], [ 86.0906, 24.4549 ], [ 86.0899, 24.459 ], [ 86.0828, 24.4586 ], [ 86.0793, 24.4628 ], [ 86.0712, 24.4549 ], [ 86.063, 24.4552 ], [ 86.0598, 24.4633 ], [ 86.0578, 24.4608 ], [ 86.0458, 24.4627 ], [ 86.0474, 24.4567 ], [ 86.0412, 24.4501 ], [ 86.0243, 24.4563 ], [ 86.0223, 24.4611 ], [ 86.0137, 24.4561 ], [ 86.0074, 24.4604 ], [ 86.0026, 24.4755 ], [ 85.9745, 24.4916 ], [ 85.9775, 24.53 ], [ 85.9765, 24.5364 ], [ 85.9725, 24.5378 ], [ 85.9759, 24.5414 ], [ 85.9866, 24.5366 ], [ 85.9894, 24.5418 ], [ 85.9981, 24.5398 ], [ 85.9998, 24.5498 ], [ 86.0165, 24.5471 ], [ 86.022, 24.5386 ], [ 86.0188, 24.5298 ], [ 86.0254, 24.5403 ], [ 86.0313, 24.5361 ], [ 86.0469, 24.5343 ], [ 86.0576, 24.5451 ], [ 86.0655, 24.5338 ], [ 86.078, 24.5336 ], [ 86.0712, 24.5188 ], [ 86.0758, 24.5165 ], [ 86.0822, 24.5154 ], [ 86.0789, 24.5266 ], [ 86.0847, 24.5295 ], [ 86.0974, 24.524 ], [ 86.1037, 24.5269 ], [ 86.1143, 24.5202 ], [ 86.1221, 24.5212 ], [ 86.1293, 24.5301 ], [ 86.125, 24.5382 ], [ 86.1181, 24.5404 ], [ 86.1192, 24.5447 ], [ 86.1243, 24.542 ], [ 86.121, 24.5491 ], [ 86.1095, 24.5547 ], [ 86.1212, 24.5698 ], [ 86.1182, 24.5815 ], [ 86.1239, 24.589 ], [ 86.1335, 24.5935 ], [ 86.1319, 24.6038 ], [ 86.1413, 24.607 ], [ 86.1515, 24.6019 ], [ 86.1502, 24.5951 ], [ 86.1615, 24.5862 ], [ 86.1805, 24.5837 ], [ 86.1945, 24.5857 ], [ 86.2145, 24.5949 ], [ 86.2143, 24.6138 ], [ 86.2383, 24.6001 ], [ 86.2415, 24.59 ] ] ] } },
{ "type": "Feature", "properties": { "unit_id": "IND.15.7.1_1", "name": "Jamua", "district": "Giridih", "did": "jharkhand:Giridih", "state_key": "jharkhand" }, "geometry": { "type": "Polygon", "coordinates": [ [ [ 86.1588, 24.4488 ], [ 86.1651, 24.4406 ], [ 86.1736, 24.4416 ], [ 86.1742, 24.4319 ], [ 86.1939, 24.4264 ], [ 86.1942, 24.4176 ], [ 86.2013, 24.4195 ], [ 86.2006, 24.4135 ], [ 86.2049, 24.413 ], [ 86.2063, 24.4068 ], [ 86.2148, 24.41 ], [ 86.217, 24.4043 ], [ 86.2253, 24.4013 ], [ 86.2331, 24.4081 ], [ 86.2376, 24.4076 ], [ 86.2407, 24.4147 ], [ 86.2586, 24.4208 ], [ 86.251, 24.4246 ], [ 86.2488, 24.4323 ], [ 86.2591, 24.4411 ], [ 86.2664, 24.4412 ], [ 86.2698, 24.4467 ], [ 86.2692, 24.444 ], [ 86.2805, 24.446 ], [ 86.2835, 24.4381 ], [ 86.2986, 24.4371 ], [ 86.3034, 24.4243 ], [ 86.3072, 24.4257 ], [ 86.3123, 24.4152 ], [ 86.3189, 24.4143 ], [ 86.3156, 24.3887 ], [ 86.3008, 24.3814 ], [ 86.2916, 24.368 ], [ 86.2858, 24.369 ], [ 86.2803, 24.3595 ], [ 86.2796, 24.3391 ], [ 86.2726, 24.3313 ], [ 86.2655, 24.3325 ], [ 86.2616, 24.3258 ], [ 86.2536, 24.3248 ], [ 86.2554, 24.3158 ], [ 86.2527, 24.3149 ], [ 86.256, 24.3109 ], [ 86.252, 24.3072 ], [ 86.2576, 24.2912 ], [ 86.2528, 24.2853 ], [ 86.2624, 24.2769 ], [ 86.2554, 24.2681 ], [ 86.2299, 24.2686 ], [ 86.2252, 24.2714 ], [ 86.2205, 24.2595 ], [ 86.2108, 24.2605 ], [ 86.2107, 24.264 ], [ 86.1924, 24.2657 ], [ 86.1803, 24.2623 ], [ 86.1742, 24.2649 ], [ 86.1645, 24.2554 ], [ 86.1322, 24.2685 ], [ 86.1045, 24.2719 ], [ 86.1102, 24.2804 ], [ 86.1032, 24.2804 ], [ 86.0929, 24.2907 ], [ 86.0728, 24.2987 ], [ 86.0586, 24.2995 ], [ 86.0393, 24.2937 ], [ 86.0253, 24.3008 ], [ 86.0208, 24.3156 ], [ 86.0251, 24.3189 ], [ 86.0214, 24.3273 ], [ 86.0266, 24.338 ], [ 86.0214, 24.3378 ], [ 86.0199, 24.3542 ], [ 86.0128, 24.3616 ], [ 86.0241, 24.3748 ], [ 86.0367, 24.3824 ], [ 86.045, 24.3827 ], [ 86.0478, 24.3879 ], [ 86.0444, 24.3917 ], [ 86.0525, 24.4049 ], [ 86.045, 24.4076 ], [ 86.0393, 24.4036 ], [ 86.0345, 24.4095 ], [ 86.0249, 24.4101 ], [ 86.0198, 24.4152 ], [ 86.0128, 24.4311 ], [ 86.0168, 24.4451 ], [ 86.0119, 24.447 ], [ 86.0055, 24.4379 ], [ 86.0016, 24.4407 ], [ 86.0104, 24.4507 ], [ 86.0183, 24.4533 ], [ 86.0223, 24.4611 ], [ 86.0243, 24.4563 ], [ 86.0412, 24.4501 ], [ 86.0474, 24.4567 ], [ 86.0458, 24.4627 ], [ 86.0578, 24.4608 ], [ 86.0598, 24.4633 ], [ 86.063, 24.4552 ], [ 86.0712, 24.4549 ], [ 86.0793, 24.4628 ], [ 86.0958, 24.4535 ], [ 86.1103, 24.4539 ], [ 86.1089, 24.4622 ], [ 86.1278, 24.4522 ], [ 86.1588, 24.4488 ] ] ] } },
{ "type": "Feature", "properties": { "unit_id": "IND.15.7.1_1", "name": "Tisri", "district": "Giridih", "did": "jharkhand:Giridih", "state_key": "jharkhand" }, "geometry": { "type": "MultiPolygon", "coordinates": [ [ [ [ 85.9721, 24.6154 ], [ 85.9748, 24.6121 ], [ 85.9805, 24.6151 ], [ 85.9819, 24.6305 ], [ 85.9751, 24.6339 ], [ 85.9593, 24.6318 ], [ 85.9506, 24.6409 ], [ 85.9406, 24.6332 ], [ 85.9333, 24.6385 ], [ 85.9425, 24.6506 ], [ 85.9443, 24.6661 ], [ 85.9526, 24.6677 ], [ 85.9571, 24.6787 ], [ 85.9498, 24.6795 ], [ 85.9482, 24.6925 ], [ 85.9425, 24.6919 ], [ 85.9404, 24.6991 ], [ 85.9453, 24.7046 ], [ 85.9463, 24.7153 ], [ 85.943, 24.7179 ], [ 85.9462, 24.7291 ], [ 85.9487, 24.7336 ], [ 85.969, 24.7331 ], [ 85.9801, 24.7488 ], [ 85.9964, 24.7532 ], [ 86.0051, 24.7619 ], [ 86.0242, 24.7667 ], [ 86.0375, 24.7765 ], [ 86.0551, 24.7797 ], [ 86.0585, 24.7717 ], [ 86.0569, 24.7611 ], [ 86.0432, 24.7476 ], [ 86.0351, 24.7464 ], [ 86.0371, 24.7411 ], [ 86.0663, 24.7516 ], [ 86.0907, 24.746 ], [ 86.1074, 24.7348 ], [ 86.1165, 24.7123 ], [ 86.1284, 24.6986 ], [ 86.1319, 24.6759 ], [ 86.1247, 24.6711 ], [ 86.1251, 24.6546 ], [ 86.1152, 24.6439 ], [ 86.1199, 24.6387 ], [ 86.1219, 24.6167 ], [ 86.1339, 24.6049 ], [ 86.1335, 24.5935 ], [ 86.1239, 24.589 ], [ 86.1182, 24.5815 ], [ 86.1212, 24.5698 ], [ 86.1095, 24.5547 ], [ 86.121, 24.5491 ], [ 86.1243, 24.542 ], [ 86.1192, 24.5447 ], [ 86.1181, 24.5404 ], [ 86.125, 24.5382 ], [ 86.1293, 24.5301 ], [ 86.127, 24.5244 ], [ 86.1143, 24.5202 ], [ 86.1037, 24.5269 ], [ 86.0974, 24.524 ], [ 86.0847, 24.5295 ], [ 86.0789, 24.5266 ], [ 86.0814, 24.5147 ], [ 86.0712, 24.5188 ], [ 86.078, 24.5336 ], [ 86.0655, 24.5338 ], [ 86.0576, 24.5451 ], [ 86.0469, 24.5343 ], [ 86.0313, 24.5361 ], [ 86.0254, 24.5403 ], [ 86.0188, 24.5298 ], [ 86.022, 24.5386 ], [ 86.0165, 24.5471 ], [ 85.9998, 24.5498 ], [ 85.9981, 24.5398 ], [ 85.9894, 24.5418 ], [ 85.9866, 24.5366 ], [ 85.978, 24.5422 ], [ 85.9725, 24.5378 ], [ 85.9765, 24.5364 ], [ 85.9775, 24.53 ], [ 85.9745, 24.4916 ], [ 85.9592, 24.4846 ], [ 85.9572, 24.4885 ], [ 85.95, 24.4845 ], [ 85.9454, 24.4976 ], [ 85.947, 24.5006 ], [ 85.9562, 24.4994 ], [ 85.9542, 24.5157 ], [ 85.945, 24.5185 ], [ 85.9223, 24.512 ], [ 85.8981, 24.5115 ], [ 85.8988, 24.5225 ], [ 85.8876, 24.5267 ], [ 85.9051, 24.5319 ], [ 85.9086, 24.5384 ], [ 85.9002, 24.5439 ], [ 85.9084, 24.546 ], [ 85.9072, 24.5508 ], [ 85.9137, 24.5562 ], [ 85.9218, 24.5494 ], [ 85.9442, 24.5591 ], [ 85.9461, 24.5626 ], [ 85.9388, 24.5717 ], [ 85.9425, 24.5813 ], [ 85.9467, 24.5818 ], [ 85.9486, 24.5928 ], [ 85.9665, 24.6005 ], [ 85.9674, 24.6063 ], [ 85.9595, 24.6046 ], [ 85.9601, 24.6083 ], [ 85.9721, 24.6154 ] ] ] ] } },
{ "type": "Feature", "properties": { "unit_id": "IND.15.7.1_1", "name": "Gawan", "district": "Giridih", "did": "jharkhand:Giridih", "state_key": "jharkhand" }, "geometry": { "type": "Polygon", "coordinates": [ [ [ 85.9603, 24.6039 ], [ 85.9684, 24.6049 ], [ 85.9612, 24.5966 ], [ 85.9486, 24.5928 ], [ 85.9467, 24.5818 ], [ 85.9425, 24.5813 ], [ 85.9388, 24.5717 ], [ 85.9461, 24.5626 ], [ 85.9442, 24.5591 ], [ 85.9218, 24.5494 ], [ 85.9137, 24.5562 ], [ 85.9072, 24.5508 ], [ 85.9084, 24.546 ], [ 85.9002, 24.5439 ], [ 85.9086, 24.5384 ], [ 85.9051, 24.5319 ], [ 85.8876, 24.5267 ], [ 85.8988, 24.5225 ], [ 85.9006, 24.5169 ], [ 85.8959, 24.507 ], [ 85.8889, 24.5051 ], [ 85.8798, 24.5171 ], [ 85.8697, 24.5202 ], [ 85.8695, 24.5257 ], [ 85.8411, 24.5437 ], [ 85.8109, 24.5487 ], [ 85.8049, 24.5638 ], [ 85.8083, 24.573 ], [ 85.7922, 24.5892 ], [ 85.8028, 24.6087 ], [ 85.7871, 24.6018 ], [ 85.7748, 24.6097 ], [ 85.7736, 24.6432 ], [ 85.7847, 24.6473 ], [ 85.7874, 24.659 ], [ 85.8062, 24.6728 ], [ 85.8285, 24.662 ], [ 85.8428, 24.6676 ], [ 85.8335, 24.6803 ], [ 85.8288, 24.6975 ], [ 85.8312, 24.703 ], [ 85.8189, 24.715 ], [ 85.8198, 24.7248 ], [ 85.8548, 24.7345 ], [ 85.8562, 24.7392 ], [ 85.8696, 24.7322 ], [ 85.878, 24.7363 ], [ 85.887, 24.7311 ], [ 85.8913, 24.7368 ], [ 85.8831, 24.7433 ], [ 85.886, 24.7503 ], [ 85.9006, 24.7558 ], [ 85.9036, 24.7656 ], [ 85.9216, 24.7432 ], [ 85.9366, 24.7352 ], [ 85.9487, 24.7336 ], [ 85.943, 24.7179 ], [ 85.9463, 24.7153 ], [ 85.9451, 24.7038 ], [ 85.9404, 24.6991 ], [ 85.9425, 24.6919 ], [ 85.9482, 24.6925 ], [ 85.9498, 24.6795 ], [ 85.9571, 24.6787 ], [ 85.9526, 24.6677 ], [ 85.9443, 24.6661 ], [ 85.9425, 24.6506 ], [ 85.9333, 24.6385 ], [ 85.9406, 24.6332 ], [ 85.9506, 24.6409 ], [ 85.9593, 24.6318 ], [ 85.9751, 24.6339 ], [ 85.9819, 24.6305 ], [ 85.9835, 24.6249 ], [ 85.9796, 24.6267 ], [ 85.9805, 24.6151 ], [ 85.9748, 24.6121 ], [ 85.9721, 24.6154 ], [ 85.9595, 24.6069 ], [ 85.9603, 24.6039 ] ] ] } },
{ "type": "Feature", "properties": { "unit_id": "IND.15.13.1_1", "name": "Satgawan", "district": "Kodarma", "did": "jharkhand:Kodarma", "state_key": "jharkhand" }, "geometry": { "type": "Polygon", "coordinates": [ [ [ 85.7677, 24.8043 ], [ 85.778, 24.7967 ], [ 85.78, 24.7995 ], [ 85.8096, 24.794 ], [ 85.8204, 24.8076 ], [ 85.8574, 24.8075 ], [ 85.8884, 24.7934 ], [ 85.886, 24.7851 ], [ 85.9036, 24.7656 ], [ 85.9006, 24.7558 ], [ 85.886, 24.7503 ], [ 85.8831, 24.7433 ], [ 85.8913, 24.7368 ], [ 85.887, 24.7311 ], [ 85.878, 24.7363 ], [ 85.8696, 24.7322 ], [ 85.8562, 24.7392 ], [ 85.8548, 24.7345 ], [ 85.8198, 24.7248 ], [ 85.8189, 24.715 ], [ 85.8312, 24.703 ], [ 85.8288, 24.6975 ], [ 85.8335, 24.6803 ], [ 85.8431, 24.6682 ], [ 85.8285, 24.662 ], [ 85.8069, 24.6728 ], [ 85.7946, 24.667 ], [ 85.7848, 24.6557 ], [ 85.7847, 24.6473 ], [ 85.7737, 24.6436 ], [ 85.7763, 24.6218 ], [ 85.7724, 24.6095 ], [ 85.7585, 24.6283 ], [ 85.7539, 24.6292 ], [ 85.7465, 24.6252 ], [ 85.7306, 24.6265 ], [ 85.7234, 24.6234 ], [ 85.7216, 24.6181 ], [ 85.7065, 24.6228 ], [ 85.6991, 24.62 ], [ 85.6795, 24.6222 ], [ 85.6723, 24.6261 ], [ 85.6626, 24.6496 ], [ 85.6668, 24.6609 ], [ 85.6492, 24.6848 ], [ 85.682, 24.6919 ], [ 85.7083, 24.7259 ], [ 85.7094, 24.7464 ], [ 85.7038, 24.7513 ], [ 85.7046, 24.7671 ], [ 85.7096, 24.767 ], [ 85.7067, 24.7684 ], [ 85.7074, 24.7798 ], [ 85.7224, 24.7857 ], [ 85.7236, 24.7971 ], [ 85.7291, 24.7984 ], [ 85.7352, 24.8205 ], [ 85.7687, 24.8078 ], [ 85.7677, 24.8043 ] ] ] } },
{ "type": "Feature", "properties": { "unit_id": "IND.15.13.1_1", "name": "Domchanch", "district": "Kodarma", "did": "jharkhand:Kodarma", "state_key": "jharkhand" }, "geometry": { "type": "Polygon", "coordinates": [ [ [ 85.7702, 24.6107 ], [ 85.7841, 24.6023 ], [ 85.8028, 24.6087 ], [ 85.7922, 24.5892 ], [ 85.8083, 24.573 ], [ 85.8049, 24.5638 ], [ 85.8118, 24.5482 ], [ 85.8028, 24.5216 ], [ 85.8115, 24.5166 ], [ 85.8158, 24.5091 ], [ 85.8091, 24.4875 ], [ 85.8115, 24.4778 ], [ 85.8061, 24.4768 ], [ 85.7948, 24.4538 ], [ 85.7849, 24.4561 ], [ 85.7833, 24.453 ], [ 85.7883, 24.4185 ], [ 85.7659, 24.4039 ], [ 85.7561, 24.3886 ], [ 85.7482, 24.3848 ], [ 85.747, 24.3733 ], [ 85.7418, 24.3712 ], [ 85.7164, 24.3895 ], [ 85.7184, 24.3939 ], [ 85.6934, 24.4006 ], [ 85.6824, 24.4156 ], [ 85.6827, 24.4208 ], [ 85.6775, 24.4187 ], [ 85.6751, 24.4225 ], [ 85.6726, 24.4387 ], [ 85.6766, 24.4459 ], [ 85.6691, 24.452 ], [ 85.6745, 24.4539 ], [ 85.6764, 24.4606 ], [ 85.6871, 24.4578 ], [ 85.6901, 24.4626 ], [ 85.6724, 24.4683 ], [ 85.6737, 24.4749 ], [ 85.6666, 24.4794 ], [ 85.6659, 24.4887 ], [ 85.6597, 24.4943 ], [ 85.6631, 24.5015 ], [ 85.6582, 24.5168 ], [ 85.663, 24.531 ], [ 85.6517, 24.5748 ], [ 85.6674, 24.5789 ], [ 85.6775, 24.5907 ], [ 85.6723, 24.6261 ], [ 85.6795, 24.6222 ], [ 85.6991, 24.62 ], [ 85.7065, 24.6228 ], [ 85.7216, 24.6181 ], [ 85.7234, 24.6234 ], [ 85.7306, 24.6265 ], [ 85.7465, 24.6252 ], [ 85.7557, 24.6285 ], [ 85.7702, 24.6107 ] ] ] } },
{ "type": "Feature", "properties": { "unit_id": "IND.15.13.1_1", "name": "Kodarma", "district": "Kodarma", "did": "jharkhand:Kodarma", "state_key": "jharkhand" }, "geometry": { "type": "Polygon", "coordinates": [ [ [ 85.6119, 24.5879 ], [ 85.6147, 24.5807 ], [ 85.6269, 24.5819 ], [ 85.6524, 24.574 ], [ 85.663, 24.531 ], [ 85.6582, 24.5168 ], [ 85.6631, 24.5015 ], [ 85.6597, 24.4943 ], [ 85.6659, 24.4887 ], [ 85.6666, 24.4794 ], [ 85.6737, 24.4749 ], [ 85.6724, 24.4683 ], [ 85.6901, 24.4626 ], [ 85.6871, 24.4578 ], [ 85.6764, 24.4606 ], [ 85.6745, 24.4539 ], [ 85.6691, 24.452 ], [ 85.6766, 24.4459 ], [ 85.6726, 24.4387 ], [ 85.6751, 24.4225 ], [ 85.6775, 24.4187 ], [ 85.6827, 24.4208 ], [ 85.6854, 24.4105 ], [ 85.6743, 24.4037 ], [ 85.6611, 24.3996 ], [ 85.6461, 24.3998 ], [ 85.638, 24.3957 ], [ 85.6373, 24.3833 ], [ 85.6142, 24.3946 ], [ 85.6088, 24.3951 ], [ 85.5996, 24.3888 ], [ 85.5797, 24.3958 ], [ 85.5751, 24.4066 ], [ 85.5603, 24.4197 ], [ 85.5425, 24.407 ], [ 85.5322, 24.4095 ], [ 85.5095, 24.3999 ], [ 85.4989, 24.4069 ], [ 85.4946, 24.4291 ], [ 85.4804, 24.4417 ], [ 85.4855, 24.4528 ], [ 85.4803, 24.468 ], [ 85.4873, 24.4773 ], [ 85.4776, 24.4886 ], [ 85.4738, 24.4881 ], [ 85.4669, 24.4752 ], [ 85.4547, 24.4779 ], [ 85.4555, 24.4959 ], [ 85.447, 24.5074 ], [ 85.451, 24.5171 ], [ 85.4412, 24.5237 ], [ 85.4361, 24.5333 ], [ 85.4596, 24.5362 ], [ 85.4714, 24.5448 ], [ 85.4915, 24.5481 ], [ 85.5088, 24.5377 ], [ 85.5073, 24.5253 ], [ 85.5184, 24.5261 ], [ 85.524, 24.5213 ], [ 85.5408, 24.5305 ], [ 85.5454, 24.548 ], [ 85.5407, 24.5627 ], [ 85.5563, 24.558 ], [ 85.561, 24.5528 ], [ 85.5615, 24.5587 ], [ 85.5679, 24.5583 ], [ 85.5722, 24.5628 ], [ 85.5716, 24.5747 ], [ 85.5659, 24.5804 ], [ 85.5677, 24.5911 ], [ 85.5808, 24.6007 ], [ 85.602, 24.5956 ], [ 85.6119, 24.5879 ] ] ] } },
{ "type": "Feature", "properties": { "unit_id": "IND.15.13.1_1", "name": "Jainagar", "district": "Kodarma", "did": "jharkhand:Kodarma", "state_key": "jharkhand" }, "geometry": { "type": "MultiPolygon", "coordinates": [ [ [ [ 85.7164, 24.3895 ], [ 85.7418, 24.3712 ], [ 85.7515, 24.3737 ], [ 85.7508, 24.3595 ], [ 85.7598, 24.3495 ], [ 85.7552, 24.3454 ], [ 85.7562, 24.3399 ], [ 85.7726, 24.3249 ], [ 85.7719, 24.3211 ], [ 85.7614, 24.3152 ], [ 85.7644, 24.2913 ], [ 85.7525, 24.2826 ], [ 85.7384, 24.2857 ], [ 85.7284, 24.2993 ], [ 85.7115, 24.2921 ], [ 85.7068, 24.2946 ], [ 85.7038, 24.3038 ], [ 85.695, 24.3045 ], [ 85.6931, 24.314 ], [ 85.6872, 24.3147 ], [ 85.6633, 24.3315 ], [ 85.6598, 24.3308 ], [ 85.6629, 24.3194 ], [ 85.6594, 24.3087 ], [ 85.6532, 24.3132 ], [ 85.64, 24.3134 ], [ 85.645, 24.3269 ], [ 85.6429, 24.3303 ], [ 85.6346, 24.3239 ], [ 85.6189, 24.3258 ], [ 85.608, 24.3393 ], [ 85.5925, 24.3324 ], [ 85.5781, 24.3512 ], [ 85.5736, 24.3497 ], [ 85.5706, 24.3384 ], [ 85.5525, 24.3482 ], [ 85.5463, 24.3458 ], [ 85.5444, 24.3483 ], [ 85.5518, 24.3563 ], [ 85.5492, 24.3608 ], [ 85.5522, 24.3896 ], [ 85.565, 24.4083 ], [ 85.5711, 24.4093 ], [ 85.5795, 24.3959 ], [ 85.5993, 24.3889 ], [ 85.6127, 24.3949 ], [ 85.6373, 24.3833 ], [ 85.638, 24.3957 ], [ 85.6461, 24.3998 ], [ 85.6611, 24.3996 ], [ 85.6743, 24.4037 ], [ 85.6854, 24.4105 ], [ 85.6934, 24.4006 ], [ 85.7184, 24.3939 ], [ 85.7164, 24.3895 ] ] ] ] } },
{ "type": "Feature", "properties": { "unit_id": "IND.15.13.1_1", "name": "Markaccho", "district": "Kodarma", "did": "jharkhand:Kodarma", "state_key": "jharkhand" }, "geometry": { "type": "Polygon", "coordinates": [ [ [ 85.8699, 24.5235 ], [ 85.8663, 24.4909 ], [ 85.8573, 24.4676 ], [ 85.8512, 24.4638 ], [ 85.85, 24.4577 ], [ 85.8313, 24.4449 ], [ 85.8376, 24.4243 ], [ 85.8561, 24.4135 ], [ 85.8507, 24.406 ], [ 85.8555, 24.3949 ], [ 85.8497, 24.3751 ], [ 85.853, 24.3732 ], [ 85.8533, 24.3614 ], [ 85.8462, 24.3402 ], [ 85.852, 24.3375 ], [ 85.8522, 24.3275 ], [ 85.8702, 24.3281 ], [ 85.8684, 24.3159 ], [ 85.8747, 24.2879 ], [ 85.8629, 24.2871 ], [ 85.8592, 24.2751 ], [ 85.854, 24.2715 ], [ 85.8354, 24.2811 ], [ 85.8285, 24.268 ], [ 85.8212, 24.263 ], [ 85.8173, 24.2665 ], [ 85.8197, 24.2938 ], [ 85.8001, 24.2916 ], [ 85.7642, 24.3032 ], [ 85.7614, 24.3152 ], [ 85.7719, 24.3211 ], [ 85.7726, 24.3249 ], [ 85.7562, 24.3399 ], [ 85.7593, 24.3519 ], [ 85.7508, 24.3595 ], [ 85.7532, 24.3669 ], [ 85.7515, 24.3737 ], [ 85.7477, 24.3742 ], [ 85.7482, 24.3848 ], [ 85.7561, 24.3886 ], [ 85.7659, 24.4039 ], [ 85.7883, 24.4185 ], [ 85.7833, 24.453 ], [ 85.7849, 24.4561 ], [ 85.7948, 24.4538 ], [ 85.8061, 24.4768 ], [ 85.8117, 24.4785 ], [ 85.8091, 24.4875 ], [ 85.8158, 24.5096 ], [ 85.8028, 24.5216 ], [ 85.8116, 24.548 ], [ 85.8411, 24.5437 ], [ 85.8699, 24.5235 ] ] ] } },
{ "type": "Feature", "properties": { "unit_id": "IND.15.7.1_1", "name": "Dhanwar", "district": "Giridih", "did": "jharkhand:Giridih", "state_key": "jharkhand" }, "geometry": { "type": "Polygon", "coordinates": [ [ [ 85.8889, 24.5051 ], [ 85.8991, 24.5117 ], [ 85.9223, 24.512 ], [ 85.945, 24.5185 ], [ 85.9542, 24.5157 ], [ 85.9562, 24.4994 ], [ 85.947, 24.5006 ], [ 85.9454, 24.4976 ], [ 85.95, 24.4845 ], [ 85.9572, 24.4885 ], [ 85.9592, 24.4846 ], [ 85.9745, 24.4916 ], [ 86.0026, 24.4755 ], [ 86.0082, 24.4591 ], [ 86.0184, 24.4565 ], [ 86.0015, 24.44 ], [ 86.0055, 24.4379 ], [ 86.0119, 24.447 ], [ 86.0168, 24.4451 ], [ 86.0128, 24.4311 ], [ 86.0198, 24.4152 ], [ 86.0249, 24.4101 ], [ 86.0345, 24.4095 ], [ 86.0393, 24.4036 ], [ 86.045, 24.4076 ], [ 86.0525, 24.4049 ], [ 86.0444, 24.3917 ], [ 86.0478, 24.3879 ], [ 86.045, 24.3827 ], [ 86.0367, 24.3824 ], [ 86.0241, 24.3748 ], [ 86.0128, 24.3616 ], [ 86.0199, 24.3542 ], [ 86.0214, 24.3378 ], [ 86.0266, 24.338 ], [ 86.0214, 24.3273 ], [ 86.0254, 24.3203 ], [ 86.0208, 24.3156 ], [ 86.0222, 24.3105 ], [ 86.0145, 24.3147 ], [ 86.0097, 24.3122 ], [ 86.0072, 24.3156 ], [ 85.9969, 24.3133 ], [ 85.9716, 24.33 ], [ 85.9665, 24.3268 ], [ 85.9688, 24.3206 ], [ 85.9604, 24.3214 ], [ 85.9554, 24.3259 ], [ 85.9486, 24.3219 ], [ 85.9492, 24.315 ], [ 85.912, 24.3199 ], [ 85.9071, 24.3152 ], [ 85.902, 24.3168 ], [ 85.8952, 24.3137 ], [ 85.8928, 24.3077 ], [ 85.8959, 24.2954 ], [ 85.8728, 24.296 ], [ 85.8684, 24.3159 ], [ 85.8702, 24.3281 ], [ 85.8522, 24.3275 ], [ 85.852, 24.3375 ], [ 85.8462, 24.3402 ], [ 85.8533, 24.3614 ], [ 85.853, 24.3732 ], [ 85.8497, 24.3751 ], [ 85.8555, 24.3949 ], [ 85.8507, 24.406 ], [ 85.8561, 24.4135 ], [ 85.8376, 24.4243 ], [ 85.8313, 24.4449 ], [ 85.85, 24.4577 ], [ 85.8512, 24.4638 ], [ 85.8573, 24.4676 ], [ 85.8663, 24.4909 ], [ 85.8689, 24.5219 ], [ 85.8798, 24.5171 ], [ 85.8889, 24.5051 ] ] ] } },
{ "type": "Feature", "properties": { "unit_id": "IND.15.7.1_1", "name": "Sariya", "district": "Giridih", "did": "jharkhand:Giridih", "state_key": "jharkhand" }, "geometry": { "type": "MultiPolygon", "coordinates": [ [ [ [ 85.935, 24.241 ], [ 85.94, 24.2386 ], [ 85.9454, 24.241 ], [ 85.9493, 24.2367 ], [ 85.9469, 24.2289 ], [ 85.9572, 24.2218 ], [ 85.9615, 24.2026 ], [ 85.9728, 24.1936 ], [ 85.9597, 24.1809 ], [ 85.9684, 24.1706 ], [ 85.9817, 24.1684 ], [ 86.0007, 24.171 ], [ 85.9986, 24.1878 ], [ 86.0049, 24.1917 ], [ 86.0171, 24.1794 ], [ 86.0515, 24.1669 ], [ 86.0493, 24.1534 ], [ 86.0455, 24.153 ], [ 86.0378, 24.1416 ], [ 86.0317, 24.1409 ], [ 86.0322, 24.1272 ], [ 86.0147, 24.123 ], [ 86.0127, 24.1067 ], [ 86.0198, 24.108 ], [ 86.0225, 24.0994 ], [ 86.0179, 24.0975 ], [ 86.0148, 24.0845 ], [ 86.0051, 24.0876 ], [ 86.0011, 24.079 ], [ 85.9937, 24.0819 ], [ 85.9887, 24.0799 ], [ 85.9846, 24.0835 ], [ 85.9775, 24.077 ], [ 85.9649, 24.0776 ], [ 85.9563, 24.0712 ], [ 85.9506, 24.0801 ], [ 85.9412, 24.0837 ], [ 85.9382, 24.1011 ], [ 85.941, 24.1051 ], [ 85.9247, 24.1042 ], [ 85.9132, 24.117 ], [ 85.9113, 24.1261 ], [ 85.8992, 24.1317 ], [ 85.9029, 24.1376 ], [ 85.9017, 24.152 ], [ 85.9132, 24.1603 ], [ 85.9226, 24.1563 ], [ 85.9297, 24.1469 ], [ 85.9215, 24.135 ], [ 85.914, 24.1329 ], [ 85.9285, 24.1291 ], [ 85.9309, 24.1181 ], [ 85.9354, 24.1149 ], [ 85.948, 24.1196 ], [ 85.9406, 24.1304 ], [ 85.9406, 24.1435 ], [ 85.9481, 24.1434 ], [ 85.9522, 24.147 ], [ 85.9568, 24.1437 ], [ 85.9623, 24.1449 ], [ 85.9643, 24.1265 ], [ 85.9696, 24.1296 ], [ 85.9766, 24.1282 ], [ 85.973, 24.1438 ], [ 85.9574, 24.1563 ], [ 85.9505, 24.1499 ], [ 85.9484, 24.1545 ], [ 85.9328, 24.154 ], [ 85.9291, 24.1643 ], [ 85.8935, 24.1916 ], [ 85.8859, 24.2028 ], [ 85.8816, 24.1733 ], [ 85.8887, 24.1469 ], [ 85.8847, 24.1374 ], [ 85.8719, 24.1307 ], [ 85.8564, 24.1358 ], [ 85.8476, 24.1253 ], [ 85.8271, 24.1449 ], [ 85.812, 24.1409 ], [ 85.8001, 24.1438 ], [ 85.7832, 24.1371 ], [ 85.7735, 24.1371 ], [ 85.7802, 24.1532 ], [ 85.7656, 24.1594 ], [ 85.7598, 24.1706 ], [ 85.7504, 24.1688 ], [ 85.7408, 24.1735 ], [ 85.7278, 24.188 ], [ 85.7366, 24.1912 ], [ 85.736, 24.1987 ], [ 85.7561, 24.2007 ], [ 85.7703, 24.2101 ], [ 85.778, 24.2068 ], [ 85.7934, 24.2111 ], [ 85.7989, 24.2153 ], [ 85.8026, 24.226 ], [ 85.816, 24.2164 ], [ 85.8201, 24.209 ], [ 85.829, 24.2171 ], [ 85.8412, 24.214 ], [ 85.8484, 24.2188 ], [ 85.8529, 24.2113 ], [ 85.8786, 24.2078 ], [ 85.8849, 24.2218 ], [ 85.912, 24.2212 ], [ 85.9126, 24.2347 ], [ 85.9206, 24.2355 ], [ 85.9072, 24.2487 ], [ 85.9007, 24.2486 ], [ 85.9084, 24.2585 ], [ 85.925, 24.2511 ], [ 85.935, 24.241 ] ] ], [ [ [ 85.9811, 24.2387 ], [ 85.9655, 24.2416 ], [ 85.9554, 24.2394 ], [ 85.9529, 24.2477 ], [ 85.9652, 24.2488 ], [ 85.9683, 24.2625 ], [ 85.9756, 24.2584 ], [ 85.9881, 24.2627 ], [ 85.9809, 24.2498 ], [ 85.9811, 24.2387 ] ] ] ] } },
{ "type": "Feature", "properties": { "unit_id": "IND.15.7.1_1", "name": "Bagodar", "district": "Giridih", "did": "jharkhand:Giridih", "state_key": "jharkhand" }, "geometry": { "type": "MultiPolygon", "coordinates": [ [ [ [ 85.9722, 24.1453 ], [ 85.9766, 24.1282 ], [ 85.9696, 24.1296 ], [ 85.9643, 24.1265 ], [ 85.9623, 24.1449 ], [ 85.9568, 24.1437 ], [ 85.9522, 24.147 ], [ 85.9481, 24.1434 ], [ 85.9406, 24.1435 ], [ 85.9406, 24.1304 ], [ 85.948, 24.1196 ], [ 85.9354, 24.1149 ], [ 85.9309, 24.1181 ], [ 85.9285, 24.1291 ], [ 85.914, 24.1329 ], [ 85.926, 24.1398 ], [ 85.9328, 24.154 ], [ 85.9484, 24.1545 ], [ 85.9505, 24.1499 ], [ 85.9574, 24.1563 ], [ 85.9722, 24.1453 ] ] ], [ [ [ 85.7408, 24.1735 ], [ 85.7504, 24.1688 ], [ 85.7598, 24.1706 ], [ 85.7656, 24.1594 ], [ 85.7802, 24.1532 ], [ 85.7735, 24.1371 ], [ 85.7832, 24.1371 ], [ 85.8001, 24.1438 ], [ 85.812, 24.1409 ], [ 85.8271, 24.1449 ], [ 85.8476, 24.1253 ], [ 85.8564, 24.1358 ], [ 85.8719, 24.1307 ], [ 85.8935, 24.1408 ], [ 85.8992, 24.1317 ], [ 85.9113, 24.1261 ], [ 85.9132, 24.117 ], [ 85.9247, 24.1042 ], [ 85.941, 24.1051 ], [ 85.9396, 24.0871 ], [ 85.9506, 24.0801 ], [ 85.9563, 24.0712 ], [ 85.9649, 24.0776 ], [ 85.9775, 24.077 ], [ 85.9846, 24.0835 ], [ 85.9887, 24.0799 ], [ 85.9937, 24.0819 ], [ 86.0011, 24.079 ], [ 86.0051, 24.0876 ], [ 86.0148, 24.0845 ], [ 86.0126, 24.0672 ], [ 86.0222, 24.063 ], [ 86.0261, 24.0559 ], [ 86.0208, 24.0524 ], [ 86.016, 24.0569 ], [ 86.0173, 24.0518 ], [ 86.0071, 24.0522 ], [ 85.9976, 24.0464 ], [ 85.9872, 24.0268 ], [ 85.9731, 24.0262 ], [ 85.9674, 24.0101 ], [ 85.9696, 24.0052 ], [ 85.959, 23.99 ], [ 85.9306, 23.9908 ], [ 85.9257, 23.9821 ], [ 85.9233, 23.9857 ], [ 85.9196, 23.9839 ], [ 85.9098, 23.99 ], [ 85.9034, 23.9893 ], [ 85.8968, 23.9958 ], [ 85.899, 24.0034 ], [ 85.8957, 24.0134 ], [ 85.8852, 24.017 ], [ 85.8831, 24.0072 ], [ 85.8766, 24.006 ], [ 85.8579, 24.0178 ], [ 85.8653, 24.0278 ], [ 85.8768, 24.0327 ], [ 85.8793, 24.0386 ], [ 85.8761, 24.0476 ], [ 85.8714, 24.0454 ], [ 85.8729, 24.0514 ], [ 85.8649, 24.0459 ], [ 85.8574, 24.0501 ], [ 85.8552, 24.0477 ], [ 85.8538, 24.0595 ], [ 85.8478, 24.064 ], [ 85.8451, 24.0592 ], [ 85.8393, 24.0605 ], [ 85.8417, 24.0663 ], [ 85.8369, 24.0717 ], [ 85.8312, 24.069 ], [ 85.8243, 24.0723 ], [ 85.8167, 24.0618 ], [ 85.8022, 24.0673 ], [ 85.8058, 24.0782 ], [ 85.798, 24.0783 ], [ 85.7862, 24.09 ], [ 85.7719, 24.0911 ], [ 85.7784, 24.1006 ], [ 85.7707, 24.1032 ], [ 85.7577, 24.0976 ], [ 85.749, 24.1032 ], [ 85.7349, 24.094 ], [ 85.7292, 24.0994 ], [ 85.7223, 24.0968 ], [ 85.7117, 24.1011 ], [ 85.7111, 24.1112 ], [ 85.7168, 24.1179 ], [ 85.713, 24.1259 ], [ 85.6995, 24.1364 ], [ 85.6754, 24.1466 ], [ 85.6759, 24.1519 ], [ 85.6828, 24.1751 ], [ 85.7048, 24.1838 ], [ 85.7164, 24.1829 ], [ 85.7188, 24.1877 ], [ 85.7278, 24.188 ], [ 85.7408, 24.1735 ] ] ] ] } },
{ "type": "Feature", "properties": { "unit_id": "IND.15.10.1_1", "name": "Chalkusha", "district": "Hazaribagh", "did": "jharkhand:Hazaribagh", "state_key": "jharkhand" }, "geometry": { "type": "Polygon", "coordinates": [ [ [ 85.8197, 24.2938 ], [ 85.8173, 24.2665 ], [ 85.8205, 24.2632 ], [ 85.8285, 24.268 ], [ 85.8354, 24.2811 ], [ 85.8532, 24.2727 ], [ 85.8363, 24.2545 ], [ 85.8398, 24.2515 ], [ 85.8499, 24.2524 ], [ 85.855, 24.2482 ], [ 85.856, 24.2155 ], [ 85.8603, 24.2111 ], [ 85.8529, 24.2113 ], [ 85.8484, 24.2188 ], [ 85.8412, 24.214 ], [ 85.829, 24.2171 ], [ 85.8201, 24.209 ], [ 85.816, 24.2164 ], [ 85.8026, 24.226 ], [ 85.7989, 24.2153 ], [ 85.7934, 24.2111 ], [ 85.778, 24.2068 ], [ 85.7703, 24.2101 ], [ 85.7587, 24.2017 ], [ 85.7464, 24.2017 ], [ 85.7416, 24.1975 ], [ 85.7265, 24.2013 ], [ 85.7234, 24.1989 ], [ 85.7244, 24.2193 ], [ 85.719, 24.2276 ], [ 85.7016, 24.2327 ], [ 85.6891, 24.2413 ], [ 85.6778, 24.2323 ], [ 85.6703, 24.2376 ], [ 85.6683, 24.2451 ], [ 85.6735, 24.252 ], [ 85.6621, 24.2624 ], [ 85.6606, 24.2682 ], [ 85.6607, 24.278 ], [ 85.6679, 24.2929 ], [ 85.6939, 24.2951 ], [ 85.6914, 24.3013 ], [ 85.7009, 24.3043 ], [ 85.7115, 24.2921 ], [ 85.7284, 24.2993 ], [ 85.7384, 24.2857 ], [ 85.7501, 24.2824 ], [ 85.7637, 24.2899 ], [ 85.7642, 24.3032 ], [ 85.8001, 24.2916 ], [ 85.8197, 24.2938 ] ] ] } },
{ "type": "Feature", "properties": { "unit_id": "IND.15.10.1_1", "name": "Barkatha", "district": "Hazaribagh", "did": "jharkhand:Hazaribagh", "state_key": "jharkhand" }, "geometry": { "type": "Polygon", "coordinates": [ [ [ 85.6914, 24.3013 ], [ 85.6939, 24.2951 ], [ 85.6689, 24.2935 ], [ 85.6607, 24.278 ], [ 85.6615, 24.2633 ], [ 85.6735, 24.252 ], [ 85.6683, 24.2451 ], [ 85.6703, 24.2376 ], [ 85.6778, 24.2323 ], [ 85.6891, 24.2413 ], [ 85.7016, 24.2327 ], [ 85.719, 24.2276 ], [ 85.7244, 24.2193 ], [ 85.7221, 24.2003 ], [ 85.736, 24.1987 ], [ 85.737, 24.1926 ], [ 85.7188, 24.1877 ], [ 85.7169, 24.183 ], [ 85.7054, 24.1839 ], [ 85.6893, 24.1789 ], [ 85.6799, 24.1703 ], [ 85.6754, 24.1466 ], [ 85.6999, 24.1362 ], [ 85.713, 24.1259 ], [ 85.7168, 24.1179 ], [ 85.7111, 24.1112 ], [ 85.7129, 24.1023 ], [ 85.7059, 24.0928 ], [ 85.6944, 24.094 ], [ 85.688, 24.0889 ], [ 85.6679, 24.1009 ], [ 85.6651, 24.1099 ], [ 85.6481, 24.1277 ], [ 85.6363, 24.1273 ], [ 85.6346, 24.1217 ], [ 85.6031, 24.1297 ], [ 85.5978, 24.1239 ], [ 85.5839, 24.1223 ], [ 85.5768, 24.1396 ], [ 85.5672, 24.1438 ], [ 85.5685, 24.1498 ], [ 85.5564, 24.1583 ], [ 85.5462, 24.1611 ], [ 85.5396, 24.1578 ], [ 85.5271, 24.1624 ], [ 85.5173, 24.16 ], [ 85.5105, 24.1653 ], [ 85.5046, 24.1651 ], [ 85.5044, 24.1709 ], [ 85.5015, 24.1706 ], [ 85.5128, 24.1907 ], [ 85.5306, 24.1868 ], [ 85.5338, 24.1971 ], [ 85.5241, 24.2035 ], [ 85.5311, 24.2257 ], [ 85.5475, 24.2248 ], [ 85.5539, 24.2328 ], [ 85.5617, 24.2276 ], [ 85.5691, 24.2289 ], [ 85.5732, 24.2504 ], [ 85.5893, 24.2575 ], [ 85.5985, 24.2527 ], [ 85.6085, 24.2615 ], [ 85.6192, 24.285 ], [ 85.6248, 24.2811 ], [ 85.6328, 24.2844 ], [ 85.6355, 24.3065 ], [ 85.64, 24.3116 ], [ 85.6525, 24.3133 ], [ 85.6609, 24.3094 ], [ 85.6599, 24.3314 ], [ 85.696, 24.3106 ], [ 85.6914, 24.3013 ] ] ] } },
{ "type": "Feature", "properties": { "unit_id": "IND.15.10.1_1", "name": "Tatijharia", "district": "Hazaribagh", "did": "jharkhand:Hazaribagh", "state_key": "jharkhand" }, "geometry": { "type": "Polygon", "coordinates": [ [ [ 85.5839, 24.1223 ], [ 85.5978, 24.1239 ], [ 85.6031, 24.1297 ], [ 85.6346, 24.1217 ], [ 85.6363, 24.1273 ], [ 85.6481, 24.1277 ], [ 85.6651, 24.1099 ], [ 85.6679, 24.1009 ], [ 85.6891, 24.0899 ], [ 85.6959, 24.0775 ], [ 85.7047, 24.0767 ], [ 85.7118, 24.0702 ], [ 85.6918, 24.04 ], [ 85.6847, 24.0396 ], [ 85.6779, 24.0311 ], [ 85.67, 24.0288 ], [ 85.6627, 24.033 ], [ 85.6589, 24.0278 ], [ 85.6538, 24.0327 ], [ 85.6471, 24.0303 ], [ 85.6463, 24.0139 ], [ 85.6386, 24.0133 ], [ 85.6393, 23.99 ], [ 85.6679, 23.9943 ], [ 85.6775, 23.9879 ], [ 85.6747, 23.975 ], [ 85.6597, 23.976 ], [ 85.655, 23.9805 ], [ 85.6431, 23.9791 ], [ 85.6399, 23.9618 ], [ 85.617, 23.9621 ], [ 85.6089, 23.9578 ], [ 85.6046, 23.9404 ], [ 85.6078, 23.9367 ], [ 85.5949, 23.9337 ], [ 85.5886, 23.9413 ], [ 85.5764, 23.9423 ], [ 85.5789, 23.9478 ], [ 85.5684, 23.9596 ], [ 85.5681, 23.971 ], [ 85.5782, 23.9758 ], [ 85.5829, 23.9863 ], [ 85.6078, 23.9794 ], [ 85.6088, 23.9954 ], [ 85.6149, 23.9967 ], [ 85.6031, 24.0059 ], [ 85.5946, 24.0043 ], [ 85.5931, 24.0175 ], [ 85.5824, 24.0164 ], [ 85.5821, 24.026 ], [ 85.5736, 24.0232 ], [ 85.5661, 24.0294 ], [ 85.5677, 24.0456 ], [ 85.55, 24.0501 ], [ 85.5567, 24.0654 ], [ 85.555, 24.0708 ], [ 85.5623, 24.0774 ], [ 85.5761, 24.0752 ], [ 85.5787, 24.0685 ], [ 85.5838, 24.0712 ], [ 85.5866, 24.0648 ], [ 85.5945, 24.0606 ], [ 85.6007, 24.0667 ], [ 85.5994, 24.0732 ], [ 85.584, 24.0713 ], [ 85.5887, 24.0911 ], [ 85.5832, 24.0914 ], [ 85.5796, 24.0867 ], [ 85.5722, 24.0883 ], [ 85.5625, 24.0824 ], [ 85.5517, 24.0871 ], [ 85.5519, 24.1046 ], [ 85.5458, 24.1084 ], [ 85.5426, 24.1168 ], [ 85.5536, 24.1317 ], [ 85.5814, 24.133 ], [ 85.5839, 24.1223 ] ], [ [ 85.665, 24.0703 ], [ 85.6651, 24.0704 ], [ 85.6648, 24.0703 ], [ 85.665, 24.0703 ] ] ] } },
{ "type": "Feature", "properties": { "unit_id": "IND.15.10.1_1", "name": "Daru", "district": "Hazaribagh", "did": "jharkhand:Hazaribagh", "state_key": "jharkhand" }, "geometry": { "type": "Polygon", "coordinates": [ [ [ 85.5517, 24.0871 ], [ 85.5625, 24.0824 ], [ 85.5722, 24.0883 ], [ 85.5796, 24.0867 ], [ 85.5838, 24.0917 ], [ 85.5897, 24.0906 ], [ 85.584, 24.0713 ], [ 85.5994, 24.0732 ], [ 85.6007, 24.0667 ], [ 85.5966, 24.0608 ], [ 85.5866, 24.0648 ], [ 85.5838, 24.0712 ], [ 85.5787, 24.0685 ], [ 85.5761, 24.0752 ], [ 85.5629, 24.0775 ], [ 85.555, 24.0708 ], [ 85.5567, 24.0654 ], [ 85.55, 24.0501 ], [ 85.5677, 24.0456 ], [ 85.5661, 24.0294 ], [ 85.5736, 24.0232 ], [ 85.5821, 24.026 ], [ 85.5824, 24.0164 ], [ 85.5931, 24.0175 ], [ 85.5946, 24.0043 ], [ 85.6031, 24.0059 ], [ 85.6149, 23.9967 ], [ 85.6088, 23.9954 ], [ 85.6078, 23.9794 ], [ 85.5826, 23.9863 ], [ 85.5788, 23.9766 ], [ 85.5681, 23.971 ], [ 85.5672, 23.9652 ], [ 85.578, 23.9502 ], [ 85.5776, 23.9437 ], [ 85.5715, 23.9374 ], [ 85.5606, 23.9379 ], [ 85.5606, 23.9317 ], [ 85.5514, 23.9377 ], [ 85.5457, 23.9243 ], [ 85.5382, 23.9193 ], [ 85.5298, 23.922 ], [ 85.5268, 23.9354 ], [ 85.52, 23.9366 ], [ 85.5237, 23.9502 ], [ 85.5044, 23.9555 ], [ 85.5094, 23.9578 ], [ 85.5125, 23.9701 ], [ 85.5067, 23.9767 ], [ 85.5125, 23.9772 ], [ 85.5019, 23.9935 ], [ 85.5021, 24.0073 ], [ 85.4854, 24.0154 ], [ 85.5128, 24.0371 ], [ 85.4907, 24.0427 ], [ 85.4891, 24.04 ], [ 85.4843, 24.0504 ], [ 85.4949, 24.0725 ], [ 85.5079, 24.0636 ], [ 85.5132, 24.0738 ], [ 85.5187, 24.0783 ], [ 85.5259, 24.0771 ], [ 85.5395, 24.0929 ], [ 85.5538, 24.0934 ], [ 85.5517, 24.0871 ] ], [ [ 85.5602, 23.9618 ], [ 85.5479, 23.9662 ], [ 85.5467, 23.9598 ], [ 85.5577, 23.9493 ], [ 85.5602, 23.9618 ] ] ] } },
{ "type": "Feature", "properties": { "unit_id": "IND.15.10.1_1", "name": "Bishnugarh", "district": "Hazaribagh", "did": "jharkhand:Hazaribagh", "state_key": "jharkhand" }, "geometry": { "type": "Polygon", "coordinates": [ [ [ 85.7784, 24.1006 ], [ 85.7719, 24.0911 ], [ 85.7862, 24.09 ], [ 85.798, 24.0783 ], [ 85.8058, 24.0782 ], [ 85.8022, 24.0673 ], [ 85.8167, 24.0618 ], [ 85.8243, 24.0723 ], [ 85.8312, 24.069 ], [ 85.8369, 24.0717 ], [ 85.8417, 24.0663 ], [ 85.8393, 24.0605 ], [ 85.8451, 24.0592 ], [ 85.8478, 24.064 ], [ 85.8538, 24.0595 ], [ 85.8552, 24.0477 ], [ 85.8574, 24.0501 ], [ 85.8649, 24.0459 ], [ 85.8729, 24.0514 ], [ 85.8714, 24.0454 ], [ 85.8761, 24.0476 ], [ 85.8793, 24.0386 ], [ 85.8768, 24.0327 ], [ 85.8653, 24.0278 ], [ 85.8579, 24.0178 ], [ 85.8766, 24.006 ], [ 85.8831, 24.0072 ], [ 85.8852, 24.017 ], [ 85.8932, 24.0147 ], [ 85.8983, 24.0083 ], [ 85.8989, 23.9919 ], [ 85.9098, 23.99 ], [ 85.9196, 23.9839 ], [ 85.9233, 23.9857 ], [ 85.9316, 23.9784 ], [ 85.9309, 23.9584 ], [ 85.9286, 23.9556 ], [ 85.9215, 23.958 ], [ 85.9135, 23.9551 ], [ 85.9127, 23.9477 ], [ 85.9075, 23.9481 ], [ 85.9037, 23.955 ], [ 85.8968, 23.9543 ], [ 85.8924, 23.9589 ], [ 85.8879, 23.9569 ], [ 85.8831, 23.9442 ], [ 85.8879, 23.9354 ], [ 85.8823, 23.9248 ], [ 85.8889, 23.9184 ], [ 85.8862, 23.9087 ], [ 85.8624, 23.8788 ], [ 85.8622, 23.8647 ], [ 85.8503, 23.8537 ], [ 85.8412, 23.8516 ], [ 85.836, 23.8401 ], [ 85.8141, 23.8448 ], [ 85.8135, 23.8545 ], [ 85.8033, 23.8597 ], [ 85.805, 23.8729 ], [ 85.7969, 23.8898 ], [ 85.8009, 23.8959 ], [ 85.7856, 23.9003 ], [ 85.7838, 23.918 ], [ 85.7757, 23.9182 ], [ 85.7646, 23.9259 ], [ 85.7642, 23.9441 ], [ 85.7566, 23.9472 ], [ 85.7488, 23.9427 ], [ 85.7385, 23.9502 ], [ 85.7392, 23.9421 ], [ 85.728, 23.9386 ], [ 85.7152, 23.9225 ], [ 85.7129, 23.9351 ], [ 85.7001, 23.9398 ], [ 85.6847, 23.9648 ], [ 85.6853, 23.9717 ], [ 85.6974, 23.9761 ], [ 85.6976, 23.9802 ], [ 85.6874, 23.9862 ], [ 85.6793, 23.9838 ], [ 85.6763, 23.9898 ], [ 85.6632, 23.9952 ], [ 85.6393, 23.99 ], [ 85.6374, 24.0097 ], [ 85.6397, 24.0144 ], [ 85.6463, 24.0139 ], [ 85.6467, 24.0298 ], [ 85.6538, 24.0327 ], [ 85.6589, 24.0278 ], [ 85.6627, 24.033 ], [ 85.67, 24.0288 ], [ 85.6779, 24.0311 ], [ 85.6821, 24.0381 ], [ 85.6918, 24.04 ], [ 85.7118, 24.0702 ], [ 85.7047, 24.0767 ], [ 85.6959, 24.0775 ], [ 85.6901, 24.0908 ], [ 85.6944, 24.094 ], [ 85.7059, 24.0928 ], [ 85.7117, 24.1011 ], [ 85.7223, 24.0968 ], [ 85.7292, 24.0994 ], [ 85.7349, 24.094 ], [ 85.749, 24.1032 ], [ 85.7577, 24.0976 ], [ 85.7719, 24.102 ], [ 85.7784, 24.1006 ] ] ] } },
{ "type": "Feature", "properties": { "unit_id": "IND.15.1.1_1", "name": "Nawadih", "district": "Bokaro", "did": "jharkhand:Bokaro", "state_key": "jharkhand" }, "geometry": { "type": "Polygon", "coordinates": [ [ [ 85.9037, 23.955 ], [ 85.9075, 23.9481 ], [ 85.9177, 23.9448 ], [ 85.9225, 23.9474 ], [ 85.9278, 23.9451 ], [ 85.9319, 23.9251 ], [ 85.947, 23.938 ], [ 85.9448, 23.9275 ], [ 85.9637, 23.9129 ], [ 85.962, 23.8998 ], [ 85.9664, 23.9019 ], [ 85.9705, 23.893 ], [ 85.9755, 23.8998 ], [ 85.996, 23.9112 ], [ 86.0262, 23.9109 ], [ 86.0508, 23.9172 ], [ 86.0626, 23.9169 ], [ 86.0723, 23.9216 ], [ 86.0938, 23.8861 ], [ 86.0995, 23.8836 ], [ 86.1051, 23.8877 ], [ 86.1206, 23.8879 ], [ 86.1158, 23.8825 ], [ 86.1194, 23.8771 ], [ 86.118, 23.8691 ], [ 86.1252, 23.8687 ], [ 86.129, 23.8618 ], [ 86.1405, 23.8592 ], [ 86.1375, 23.853 ], [ 86.1428, 23.8458 ], [ 86.136, 23.843 ], [ 86.1435, 23.8334 ], [ 86.1373, 23.8367 ], [ 86.1256, 23.8312 ], [ 86.1227, 23.8344 ], [ 86.1046, 23.8345 ], [ 86.1032, 23.8177 ], [ 86.0935, 23.8166 ], [ 86.0856, 23.8218 ], [ 86.08, 23.8203 ], [ 86.0728, 23.8088 ], [ 86.0801, 23.8009 ], [ 86.0914, 23.7994 ], [ 86.085, 23.7893 ], [ 86.0616, 23.7789 ], [ 86.0536, 23.7804 ], [ 86.0464, 23.7744 ], [ 86.0417, 23.7756 ], [ 86.0411, 23.7818 ], [ 86.0329, 23.7869 ], [ 86.0102, 23.7873 ], [ 86.0044, 23.7935 ], [ 86.0069, 23.7993 ], [ 86.0042, 23.8037 ], [ 86.0012, 23.802 ], [ 85.9996, 23.8114 ], [ 85.9904, 23.8095 ], [ 85.985, 23.8143 ], [ 85.9798, 23.8137 ], [ 85.9653, 23.8025 ], [ 85.953, 23.8083 ], [ 85.9272, 23.8077 ], [ 85.9171, 23.8052 ], [ 85.9152, 23.8013 ], [ 85.898, 23.8138 ], [ 85.8923, 23.8124 ], [ 85.8785, 23.8181 ], [ 85.8769, 23.8293 ], [ 85.8669, 23.8333 ], [ 85.8678, 23.8502 ], [ 85.8599, 23.8484 ], [ 85.8501, 23.8536 ], [ 85.8622, 23.8647 ], [ 85.8624, 23.8788 ], [ 85.8862, 23.9087 ], [ 85.8889, 23.9184 ], [ 85.8847, 23.9194 ], [ 85.8824, 23.9259 ], [ 85.8879, 23.9359 ], [ 85.8838, 23.9487 ], [ 85.8893, 23.9582 ], [ 85.8931, 23.9587 ], [ 85.8964, 23.9545 ], [ 85.9037, 23.955 ] ] ] } },
{ "type": "Feature", "properties": { "unit_id": "IND.15.4.1_1", "name": "Topchanchi", "district": "Dhanbad", "did": "jharkhand:Dhanbad", "state_key": "jharkhand" }, "geometry": { "type": "Polygon", "coordinates": [ [ [ 86.2126, 23.9368 ], [ 86.2235, 23.9404 ], [ 86.2321, 23.9354 ], [ 86.2334, 23.9384 ], [ 86.2508, 23.931 ], [ 86.2598, 23.9211 ], [ 86.2805, 23.9237 ], [ 86.2975, 23.9138 ], [ 86.3128, 23.9159 ], [ 86.3037, 23.9068 ], [ 86.3062, 23.9029 ], [ 86.302, 23.9019 ], [ 86.2961, 23.8889 ], [ 86.3034, 23.8783 ], [ 86.3042, 23.8663 ], [ 86.2981, 23.857 ], [ 86.306, 23.8517 ], [ 86.3051, 23.842 ], [ 86.3002, 23.8382 ], [ 86.2847, 23.834 ], [ 86.2767, 23.8426 ], [ 86.275, 23.8264 ], [ 86.2448, 23.8346 ], [ 86.2414, 23.8317 ], [ 86.2136, 23.8355 ], [ 86.1989, 23.8284 ], [ 86.1871, 23.8335 ], [ 86.1856, 23.8295 ], [ 86.1783, 23.8329 ], [ 86.1624, 23.8279 ], [ 86.152, 23.832 ], [ 86.1441, 23.8297 ], [ 86.1429, 23.8365 ], [ 86.136, 23.843 ], [ 86.1428, 23.8458 ], [ 86.1375, 23.853 ], [ 86.1407, 23.8588 ], [ 86.1285, 23.8621 ], [ 86.1252, 23.8687 ], [ 86.1182, 23.8687 ], [ 86.1194, 23.8771 ], [ 86.1158, 23.8825 ], [ 86.1208, 23.8875 ], [ 86.112, 23.8867 ], [ 86.1117, 23.89 ], [ 86.1264, 23.9015 ], [ 86.1267, 23.9167 ], [ 86.1359, 23.9329 ], [ 86.1517, 23.9296 ], [ 86.1716, 23.9386 ], [ 86.2004, 23.9414 ], [ 86.2126, 23.9368 ] ] ] } },
{ "type": "Feature", "properties": { "unit_id": "IND.15.7.1_1", "name": "Pirtanar", "district": "Giridih", "did": "jharkhand:Giridih", "state_key": "jharkhand" }, "geometry": { "type": "Polygon", "coordinates": [ [ [ 86.2019, 24.1197 ], [ 86.2317, 24.1103 ], [ 86.2401, 24.1153 ], [ 86.2559, 24.1125 ], [ 86.2658, 24.1049 ], [ 86.2681, 24.0908 ], [ 86.2776, 24.0727 ], [ 86.304, 24.0717 ], [ 86.3138, 24.0628 ], [ 86.3345, 24.0593 ], [ 86.344, 24.0534 ], [ 86.3325, 24.0489 ], [ 86.3338, 24.0361 ], [ 86.3183, 24.0307 ], [ 86.3265, 24.0194 ], [ 86.3411, 24.0178 ], [ 86.3405, 24.0065 ], [ 86.3346, 24.004 ], [ 86.3248, 23.9868 ], [ 86.3137, 23.9768 ], [ 86.3112, 23.9678 ], [ 86.3138, 23.964 ], [ 86.2967, 23.93 ], [ 86.2935, 23.9156 ], [ 86.2805, 23.9237 ], [ 86.2598, 23.9211 ], [ 86.2504, 23.9312 ], [ 86.2235, 23.9404 ], [ 86.2126, 23.9368 ], [ 86.1957, 23.9423 ], [ 86.1857, 23.9381 ], [ 86.1716, 23.9386 ], [ 86.1517, 23.9296 ], [ 86.1187, 23.9375 ], [ 86.1171, 23.9312 ], [ 86.0953, 23.9491 ], [ 86.0904, 23.9556 ], [ 86.093, 23.9606 ], [ 86.0847, 23.9568 ], [ 86.0988, 23.9922 ], [ 86.1275, 23.9955 ], [ 86.1392, 24.0011 ], [ 86.1342, 24.0036 ], [ 86.1396, 24.0094 ], [ 86.1196, 24.0182 ], [ 86.1231, 24.028 ], [ 86.1194, 24.0359 ], [ 86.1274, 24.0463 ], [ 86.1197, 24.0566 ], [ 86.111, 24.0622 ], [ 86.1023, 24.0587 ], [ 86.09, 24.071 ], [ 86.0937, 24.078 ], [ 86.1008, 24.0789 ], [ 86.101, 24.098 ], [ 86.118, 24.0902 ], [ 86.1275, 24.0817 ], [ 86.1427, 24.0776 ], [ 86.1555, 24.0934 ], [ 86.1648, 24.0999 ], [ 86.1705, 24.0993 ], [ 86.1729, 24.1049 ], [ 86.179, 24.1074 ], [ 86.1735, 24.111 ], [ 86.1763, 24.1183 ], [ 86.1825, 24.122 ], [ 86.1876, 24.1165 ], [ 86.2019, 24.1197 ] ] ] } },
{ "type": "Feature", "properties": { "unit_id": "IND.15.7.1_1", "name": "Dumri", "district": "Giridih", "did": "jharkhand:Giridih", "state_key": "jharkhand" }, "geometry": { "type": "Polygon", "coordinates": [ [ [ 86.0954, 24.1788 ], [ 86.104, 24.1693 ], [ 86.1152, 24.1751 ], [ 86.1225, 24.1743 ], [ 86.1267, 24.1612 ], [ 86.1443, 24.1575 ], [ 86.1598, 24.1415 ], [ 86.1752, 24.1404 ], [ 86.1825, 24.122 ], [ 86.1733, 24.1128 ], [ 86.179, 24.1074 ], [ 86.1729, 24.1049 ], [ 86.1705, 24.0993 ], [ 86.1648, 24.0999 ], [ 86.1555, 24.0934 ], [ 86.1441, 24.0783 ], [ 86.1275, 24.0817 ], [ 86.102, 24.0988 ], [ 86.1008, 24.0789 ], [ 86.0937, 24.078 ], [ 86.09, 24.0734 ], [ 86.0929, 24.0649 ], [ 86.1023, 24.0587 ], [ 86.111, 24.0622 ], [ 86.1205, 24.0558 ], [ 86.1276, 24.0444 ], [ 86.1231, 24.0433 ], [ 86.1194, 24.0359 ], [ 86.1231, 24.028 ], [ 86.1196, 24.0182 ], [ 86.1396, 24.0094 ], [ 86.1342, 24.0036 ], [ 86.1392, 24.0011 ], [ 86.1334, 23.9979 ], [ 86.0988, 23.9922 ], [ 86.0927, 23.9709 ], [ 86.0848, 23.9603 ], [ 86.0858, 23.9567 ], [ 86.093, 23.9606 ], [ 86.091, 23.9546 ], [ 86.1132, 23.9321 ], [ 86.1171, 23.9312 ], [ 86.1187, 23.9375 ], [ 86.1368, 23.9328 ], [ 86.1267, 23.9167 ], [ 86.1265, 23.9016 ], [ 86.1112, 23.887 ], [ 86.1051, 23.8877 ], [ 86.0982, 23.8836 ], [ 86.0923, 23.8875 ], [ 86.0723, 23.9216 ], [ 86.0626, 23.9169 ], [ 86.0508, 23.9172 ], [ 86.0262, 23.9109 ], [ 85.996, 23.9112 ], [ 85.9755, 23.8998 ], [ 85.9705, 23.893 ], [ 85.9664, 23.9019 ], [ 85.962, 23.8998 ], [ 85.9637, 23.9129 ], [ 85.9448, 23.9275 ], [ 85.947, 23.938 ], [ 85.9319, 23.9251 ], [ 85.9278, 23.9451 ], [ 85.9127, 23.9478 ], [ 85.9135, 23.9551 ], [ 85.9215, 23.958 ], [ 85.9286, 23.9556 ], [ 85.9309, 23.9584 ], [ 85.9323, 23.9748 ], [ 85.9257, 23.9821 ], [ 85.9273, 23.989 ], [ 85.9364, 23.9915 ], [ 85.9383, 23.989 ], [ 85.9446, 23.9916 ], [ 85.959, 23.99 ], [ 85.9696, 24.0052 ], [ 85.9674, 24.0101 ], [ 85.9731, 24.0262 ], [ 85.9884, 24.0276 ], [ 85.9931, 24.0412 ], [ 86.0071, 24.0522 ], [ 86.0173, 24.0518 ], [ 86.016, 24.0569 ], [ 86.0208, 24.0524 ], [ 86.0253, 24.0549 ], [ 86.0268, 24.059 ], [ 86.0227, 24.0589 ], [ 86.0222, 24.063 ], [ 86.0123, 24.0686 ], [ 86.0143, 24.0887 ], [ 86.0179, 24.0975 ], [ 86.0225, 24.0994 ], [ 86.0198, 24.108 ], [ 86.0127, 24.1067 ], [ 86.0147, 24.123 ], [ 86.0322, 24.1272 ], [ 86.0317, 24.1409 ], [ 86.0378, 24.1416 ], [ 86.0455, 24.153 ], [ 86.0493, 24.1534 ], [ 86.0512, 24.1656 ], [ 86.0832, 24.1845 ], [ 86.0882, 24.184 ], [ 86.0932, 24.1772 ], [ 86.0954, 24.1788 ] ] ] } },
{ "type": "Feature", "properties": { "unit_id": "IND.15.7.1_1", "name": "Birni", "district": "Giridih", "did": "jharkhand:Giridih", "state_key": "jharkhand" }, "geometry": { "type": "MultiPolygon", "coordinates": [ [ [ [ 85.9269, 24.1665 ], [ 85.9327, 24.1549 ], [ 85.9293, 24.1486 ], [ 85.916, 24.1601 ], [ 85.9068, 24.1575 ], [ 85.9015, 24.1515 ], [ 85.9029, 24.1376 ], [ 85.8994, 24.1323 ], [ 85.8935, 24.1408 ], [ 85.8849, 24.138 ], [ 85.8887, 24.1479 ], [ 85.8816, 24.1744 ], [ 85.8859, 24.2028 ], [ 85.9269, 24.1665 ] ] ], [ [ [ 85.9969, 24.3133 ], [ 86.0072, 24.3156 ], [ 86.0097, 24.3122 ], [ 86.0145, 24.3147 ], [ 86.0222, 24.3105 ], [ 86.0281, 24.2976 ], [ 86.0393, 24.2937 ], [ 86.0586, 24.2995 ], [ 86.0728, 24.2987 ], [ 86.0929, 24.2907 ], [ 86.1032, 24.2804 ], [ 86.1102, 24.2804 ], [ 86.1045, 24.2719 ], [ 86.1393, 24.2663 ], [ 86.1351, 24.2516 ], [ 86.125, 24.2498 ], [ 86.1177, 24.2532 ], [ 86.1153, 24.2507 ], [ 86.1186, 24.2305 ], [ 86.1281, 24.233 ], [ 86.1339, 24.2262 ], [ 86.1335, 24.2193 ], [ 86.1297, 24.2207 ], [ 86.1257, 24.2151 ], [ 86.1139, 24.2133 ], [ 86.1118, 24.2045 ], [ 86.1059, 24.2029 ], [ 86.0932, 24.1772 ], [ 86.0882, 24.184 ], [ 86.0832, 24.1845 ], [ 86.0512, 24.1656 ], [ 86.0171, 24.1794 ], [ 86.0021, 24.1918 ], [ 85.9986, 24.1878 ], [ 86.0007, 24.171 ], [ 85.9817, 24.1684 ], [ 85.9684, 24.1706 ], [ 85.9597, 24.1809 ], [ 85.9728, 24.1936 ], [ 85.9615, 24.2026 ], [ 85.9572, 24.2218 ], [ 85.9469, 24.2289 ], [ 85.9482, 24.2382 ], [ 85.935, 24.241 ], [ 85.925, 24.2511 ], [ 85.9094, 24.2586 ], [ 85.9007, 24.2486 ], [ 85.9072, 24.2487 ], [ 85.9206, 24.2355 ], [ 85.9126, 24.2347 ], [ 85.912, 24.2212 ], [ 85.8849, 24.2218 ], [ 85.8786, 24.2078 ], [ 85.8575, 24.2132 ], [ 85.855, 24.2482 ], [ 85.8499, 24.2524 ], [ 85.8391, 24.2517 ], [ 85.8363, 24.2552 ], [ 85.8592, 24.2751 ], [ 85.8629, 24.2871 ], [ 85.8746, 24.2871 ], [ 85.8728, 24.296 ], [ 85.8767, 24.2975 ], [ 85.8959, 24.2954 ], [ 85.8928, 24.3077 ], [ 85.8952, 24.3137 ], [ 85.902, 24.3168 ], [ 85.9071, 24.3152 ], [ 85.912, 24.3199 ], [ 85.9478, 24.3148 ], [ 85.9486, 24.3219 ], [ 85.9554, 24.3259 ], [ 85.9644, 24.3205 ], [ 85.9694, 24.321 ], [ 85.9665, 24.3268 ], [ 85.9716, 24.33 ], [ 85.9969, 24.3133 ] ], [ [ 85.9756, 24.2584 ], [ 85.9683, 24.2625 ], [ 85.9652, 24.2488 ], [ 85.9529, 24.2477 ], [ 85.9554, 24.2394 ], [ 85.9655, 24.2416 ], [ 85.9811, 24.2387 ], [ 85.9809, 24.2498 ], [ 85.9881, 24.2627 ], [ 85.9756, 24.2584 ] ] ] ] } },
{ "type": "Feature", "properties": { "unit_id": "IND.15.7.1_1", "name": "Giridih", "district": "Giridih", "did": "jharkhand:Giridih", "state_key": "jharkhand" }, "geometry": { "type": "Polygon", "coordinates": [ [ [ 86.2957, 24.2606 ], [ 86.2941, 24.2561 ], [ 86.2825, 24.2535 ], [ 86.2803, 24.2573 ], [ 86.2748, 24.2539 ], [ 86.2777, 24.2482 ], [ 86.2749, 24.2372 ], [ 86.2785, 24.2331 ], [ 86.2756, 24.2218 ], [ 86.2782, 24.2245 ], [ 86.2893, 24.2147 ], [ 86.3034, 24.2176 ], [ 86.3261, 24.2111 ], [ 86.3453, 24.2117 ], [ 86.3464, 24.2031 ], [ 86.3619, 24.2136 ], [ 86.3651, 24.2097 ], [ 86.3422, 24.1747 ], [ 86.3532, 24.1717 ], [ 86.3555, 24.1759 ], [ 86.3641, 24.172 ], [ 86.3616, 24.1641 ], [ 86.3773, 24.1616 ], [ 86.3825, 24.1492 ], [ 86.3756, 24.1469 ], [ 86.3753, 24.1389 ], [ 86.3852, 24.1391 ], [ 86.3759, 24.1321 ], [ 86.3771, 24.1235 ], [ 86.3701, 24.1246 ], [ 86.3693, 24.1216 ], [ 86.3778, 24.1081 ], [ 86.3719, 24.1059 ], [ 86.3753, 24.0976 ], [ 86.3696, 24.0976 ], [ 86.3655, 24.0859 ], [ 86.3686, 24.083 ], [ 86.3664, 24.0768 ], [ 86.3739, 24.0663 ], [ 86.371, 24.062 ], [ 86.3736, 24.0568 ], [ 86.3678, 24.0484 ], [ 86.3158, 24.0621 ], [ 86.304, 24.0717 ], [ 86.2776, 24.0727 ], [ 86.2681, 24.0908 ], [ 86.2658, 24.1049 ], [ 86.2575, 24.1118 ], [ 86.2401, 24.1153 ], [ 86.2317, 24.1103 ], [ 86.2019, 24.1197 ], [ 86.1876, 24.1165 ], [ 86.1739, 24.1415 ], [ 86.1598, 24.1415 ], [ 86.1443, 24.1575 ], [ 86.1267, 24.1612 ], [ 86.1209, 24.1751 ], [ 86.104, 24.1693 ], [ 86.0961, 24.176 ], [ 86.099, 24.1913 ], [ 86.1061, 24.1983 ], [ 86.1068, 24.2042 ], [ 86.1114, 24.204 ], [ 86.1139, 24.2133 ], [ 86.1257, 24.2151 ], [ 86.1297, 24.2207 ], [ 86.1335, 24.2193 ], [ 86.1339, 24.2262 ], [ 86.1281, 24.233 ], [ 86.1186, 24.2305 ], [ 86.1159, 24.2527 ], [ 86.125, 24.2498 ], [ 86.1351, 24.2516 ], [ 86.1393, 24.2663 ], [ 86.1645, 24.2554 ], [ 86.1742, 24.2649 ], [ 86.1803, 24.2623 ], [ 86.1924, 24.2657 ], [ 86.2107, 24.264 ], [ 86.2108, 24.2605 ], [ 86.2205, 24.2595 ], [ 86.2252, 24.2714 ], [ 86.2484, 24.2667 ], [ 86.2626, 24.2747 ], [ 86.2685, 24.2704 ], [ 86.2712, 24.2744 ], [ 86.2804, 24.2745 ], [ 86.2957, 24.2606 ] ] ] } },
{ "type": "Feature", "properties": { "unit_id": "IND.15.4.2_1", "name": "Tundi", "district": "Dhanbad", "did": "jharkhand:Dhanbad", "state_key": "jharkhand" }, "geometry": { "type": "Polygon", "coordinates": [ [ [ 86.416, 24.0313 ], [ 86.4448, 24.0301 ], [ 86.5266, 23.9863 ], [ 86.5261, 23.981 ], [ 86.5181, 23.9758 ], [ 86.5183, 23.9698 ], [ 86.5203, 23.9665 ], [ 86.5332, 23.9645 ], [ 86.5358, 23.9565 ], [ 86.5234, 23.9468 ], [ 86.519, 23.9384 ], [ 86.5348, 23.9287 ], [ 86.5363, 23.9197 ], [ 86.527, 23.912 ], [ 86.5269, 23.896 ], [ 86.5216, 23.8936 ], [ 86.5092, 23.897 ], [ 86.4821, 23.9111 ], [ 86.4659, 23.9126 ], [ 86.4686, 23.9033 ], [ 86.4545, 23.9059 ], [ 86.4491, 23.9036 ], [ 86.4502, 23.8851 ], [ 86.4447, 23.8818 ], [ 86.4387, 23.8866 ], [ 86.4365, 23.8845 ], [ 86.4281, 23.8951 ], [ 86.4172, 23.899 ], [ 86.4047, 23.9151 ], [ 86.3889, 23.9176 ], [ 86.3884, 23.9331 ], [ 86.4022, 23.9353 ], [ 86.3898, 23.9525 ], [ 86.3736, 23.9417 ], [ 86.36, 23.9473 ], [ 86.3452, 23.942 ], [ 86.3319, 23.947 ], [ 86.313, 23.9165 ], [ 86.2939, 23.9158 ], [ 86.2956, 23.9274 ], [ 86.3138, 23.964 ], [ 86.3112, 23.9678 ], [ 86.3137, 23.9768 ], [ 86.3248, 23.9868 ], [ 86.3346, 24.004 ], [ 86.3405, 24.0065 ], [ 86.3411, 24.0178 ], [ 86.3265, 24.0194 ], [ 86.3183, 24.0307 ], [ 86.3338, 24.0361 ], [ 86.3325, 24.0489 ], [ 86.3391, 24.0527 ], [ 86.3669, 24.0482 ], [ 86.3752, 24.0586 ], [ 86.3809, 24.0593 ], [ 86.3949, 24.0411 ], [ 86.416, 24.0313 ] ] ] } },
{ "type": "Feature", "properties": { "unit_id": "IND.15.4.2_1", "name": "Dhanbad", "district": "Dhanbad", "did": "jharkhand:Dhanbad", "state_key": "jharkhand" }, "geometry": { "type": "Polygon", "coordinates": [ [ [ 86.4836, 23.8276 ], [ 86.4925, 23.8137 ], [ 86.4888, 23.8071 ], [ 86.4928, 23.8029 ], [ 86.4815, 23.7989 ], [ 86.483, 23.7945 ], [ 86.478, 23.7941 ], [ 86.4715, 23.78 ], [ 86.4798, 23.7736 ], [ 86.4734, 23.7602 ], [ 86.4614, 23.7581 ], [ 86.4499, 23.7738 ], [ 86.4471, 23.7625 ], [ 86.4378, 23.7607 ], [ 86.4394, 23.7509 ], [ 86.4336, 23.7501 ], [ 86.4277, 23.7551 ], [ 86.4295, 23.7641 ], [ 86.4251, 23.7647 ], [ 86.4257, 23.7725 ], [ 86.4179, 23.7786 ], [ 86.4112, 23.7728 ], [ 86.4039, 23.7743 ], [ 86.3946, 23.7528 ], [ 86.386, 23.7456 ], [ 86.3877, 23.7375 ], [ 86.3843, 23.7353 ], [ 86.3875, 23.7299 ], [ 86.3814, 23.7237 ], [ 86.3857, 23.7072 ], [ 86.3476, 23.7134 ], [ 86.3405, 23.7035 ], [ 86.3309, 23.7053 ], [ 86.3317, 23.7197 ], [ 86.3249, 23.7313 ], [ 86.3222, 23.7481 ], [ 86.3269, 23.7625 ], [ 86.3132, 23.767 ], [ 86.3199, 23.7811 ], [ 86.3204, 23.7927 ], [ 86.3257, 23.799 ], [ 86.3462, 23.7939 ], [ 86.3478, 23.7993 ], [ 86.3568, 23.8015 ], [ 86.373, 23.7897 ], [ 86.378, 23.791 ], [ 86.3848, 23.8019 ], [ 86.3834, 23.8191 ], [ 86.3894, 23.8242 ], [ 86.4018, 23.8231 ], [ 86.411, 23.8328 ], [ 86.4198, 23.8305 ], [ 86.4262, 23.8329 ], [ 86.4366, 23.8285 ], [ 86.446, 23.818 ], [ 86.4589, 23.8296 ], [ 86.4495, 23.8343 ], [ 86.4533, 23.8416 ], [ 86.459, 23.8434 ], [ 86.4721, 23.8366 ], [ 86.4763, 23.8278 ], [ 86.4836, 23.8276 ] ] ] } },
{ "type": "Feature", "properties": { "unit_id": "IND.15.4.1_1", "name": "Baghmara-cum-katras", "district": "Dhanbad", "did": "jharkhand:Dhanbad", "state_key": "jharkhand" }, "geometry": { "type": "Polygon", "coordinates": [ [ [ 86.3232, 23.9128 ], [ 86.3329, 23.9132 ], [ 86.344, 23.9068 ], [ 86.3485, 23.8853 ], [ 86.3753, 23.8721 ], [ 86.3844, 23.8633 ], [ 86.3877, 23.8444 ], [ 86.3936, 23.8348 ], [ 86.3922, 23.8259 ], [ 86.3834, 23.8191 ], [ 86.3848, 23.8019 ], [ 86.378, 23.791 ], [ 86.373, 23.7897 ], [ 86.3568, 23.8015 ], [ 86.3478, 23.7993 ], [ 86.3462, 23.7939 ], [ 86.3257, 23.799 ], [ 86.3204, 23.7927 ], [ 86.3199, 23.7811 ], [ 86.3132, 23.767 ], [ 86.3269, 23.7625 ], [ 86.3222, 23.7481 ], [ 86.3249, 23.7313 ], [ 86.3317, 23.7197 ], [ 86.3306, 23.7071 ], [ 86.3099, 23.7204 ], [ 86.2906, 23.7202 ], [ 86.2608, 23.7101 ], [ 86.2271, 23.7105 ], [ 86.192, 23.7191 ], [ 86.1832, 23.7256 ], [ 86.19, 23.7335 ], [ 86.1925, 23.749 ], [ 86.1827, 23.7617 ], [ 86.184, 23.7691 ], [ 86.1734, 23.7753 ], [ 86.1751, 23.7834 ], [ 86.1673, 23.7855 ], [ 86.161, 23.7981 ], [ 86.1624, 23.8279 ], [ 86.1737, 23.8326 ], [ 86.1856, 23.8295 ], [ 86.1871, 23.8335 ], [ 86.1989, 23.8284 ], [ 86.2136, 23.8355 ], [ 86.2414, 23.8317 ], [ 86.2448, 23.8346 ], [ 86.275, 23.8264 ], [ 86.2767, 23.8426 ], [ 86.2847, 23.834 ], [ 86.3002, 23.8382 ], [ 86.3051, 23.842 ], [ 86.306, 23.8517 ], [ 86.2981, 23.857 ], [ 86.3042, 23.8663 ], [ 86.3034, 23.8783 ], [ 86.2961, 23.8889 ], [ 86.302, 23.9019 ], [ 86.3062, 23.9029 ], [ 86.3037, 23.9068 ], [ 86.3157, 23.9166 ], [ 86.3232, 23.9128 ] ] ] } },
{ "type": "Feature", "properties": { "unit_id": "IND.15.1.2_1", "name": "Chandrapura", "district": "Bokaro", "did": "jharkhand:Bokaro", "state_key": "jharkhand" }, "geometry": { "type": "Polygon", "coordinates": [ [ [ 86.1455, 23.8287 ], [ 86.152, 23.832 ], [ 86.1629, 23.8272 ], [ 86.161, 23.798 ], [ 86.1673, 23.7855 ], [ 86.1751, 23.7834 ], [ 86.1734, 23.7753 ], [ 86.184, 23.7691 ], [ 86.1827, 23.7617 ], [ 86.1925, 23.749 ], [ 86.19, 23.7335 ], [ 86.1832, 23.7256 ], [ 86.1183, 23.7294 ], [ 86.0898, 23.7384 ], [ 86.0755, 23.7491 ], [ 86.0478, 23.7472 ], [ 86.033, 23.7594 ], [ 86.04, 23.7662 ], [ 86.0419, 23.7755 ], [ 86.0471, 23.7747 ], [ 86.0536, 23.7804 ], [ 86.0616, 23.7789 ], [ 86.0843, 23.7884 ], [ 86.0914, 23.7994 ], [ 86.0801, 23.8009 ], [ 86.0728, 23.8088 ], [ 86.08, 23.8203 ], [ 86.0856, 23.8218 ], [ 86.0935, 23.8166 ], [ 86.1032, 23.8177 ], [ 86.1046, 23.8345 ], [ 86.1227, 23.8344 ], [ 86.1256, 23.8312 ], [ 86.1379, 23.8359 ], [ 86.1455, 23.8287 ] ] ] } },
{ "type": "Feature", "properties": { "unit_id": "IND.15.1.1_1", "name": "Jaridih", "district": "Bokaro", "did": "jharkhand:Bokaro", "state_key": "jharkhand" }, "geometry": { "type": "Polygon", "coordinates": [ [ [ 86.0625, 23.7235 ], [ 86.0579, 23.7133 ], [ 86.0607, 23.6984 ], [ 86.0445, 23.6813 ], [ 86.0599, 23.6659 ], [ 86.0567, 23.6558 ], [ 86.0543, 23.6507 ], [ 86.0442, 23.6541 ], [ 86.0354, 23.6428 ], [ 86.023, 23.6354 ], [ 86.0373, 23.6227 ], [ 86.0306, 23.6252 ], [ 86.0206, 23.621 ], [ 86.0165, 23.6122 ], [ 86.0291, 23.6122 ], [ 86.0422, 23.6182 ], [ 86.0406, 23.6111 ], [ 86.0514, 23.6088 ], [ 86.0575, 23.5994 ], [ 86.0543, 23.5862 ], [ 86.0421, 23.5869 ], [ 86.0401, 23.5753 ], [ 86.0307, 23.572 ], [ 86.0247, 23.562 ], [ 86.0178, 23.5596 ], [ 86.0163, 23.5473 ], [ 86.0276, 23.5421 ], [ 86.0237, 23.5369 ], [ 86.0347, 23.5159 ], [ 86.0392, 23.515 ], [ 86.0382, 23.4978 ], [ 86.0567, 23.4951 ], [ 86.0579, 23.4905 ], [ 86.0451, 23.4845 ], [ 86.023, 23.4865 ], [ 85.9775, 23.476 ], [ 85.9628, 23.4762 ], [ 85.955, 23.471 ], [ 85.9328, 23.4729 ], [ 85.9361, 23.4907 ], [ 85.9456, 23.4959 ], [ 85.928, 23.5016 ], [ 85.9297, 23.5086 ], [ 85.9381, 23.5094 ], [ 85.9496, 23.504 ], [ 85.9562, 23.5073 ], [ 85.9545, 23.5117 ], [ 85.9613, 23.5245 ], [ 85.96, 23.5344 ], [ 85.9771, 23.5361 ], [ 85.9808, 23.5627 ], [ 85.9727, 23.579 ], [ 85.9737, 23.5751 ], [ 85.9663, 23.5764 ], [ 85.9634, 23.5733 ], [ 85.9514, 23.577 ], [ 85.9546, 23.5942 ], [ 85.9727, 23.609 ], [ 85.9536, 23.6244 ], [ 85.9504, 23.6338 ], [ 85.9573, 23.6439 ], [ 85.9363, 23.6582 ], [ 85.9377, 23.6683 ], [ 85.9484, 23.6761 ], [ 85.9523, 23.6859 ], [ 85.9587, 23.677 ], [ 85.9623, 23.6801 ], [ 85.9658, 23.6769 ], [ 85.9765, 23.6845 ], [ 85.9791, 23.6791 ], [ 85.991, 23.6767 ], [ 85.9932, 23.6864 ], [ 85.9965, 23.6813 ], [ 86.0017, 23.6831 ], [ 86.0027, 23.6795 ], [ 86.0095, 23.6845 ], [ 86.0106, 23.6912 ], [ 86.0035, 23.6977 ], [ 86.0072, 23.6996 ], [ 86.0053, 23.7031 ], [ 86.0159, 23.7038 ], [ 86.0213, 23.7082 ], [ 86.025, 23.7129 ], [ 86.0176, 23.7167 ], [ 86.022, 23.7176 ], [ 86.0325, 23.7341 ], [ 86.0478, 23.7469 ], [ 86.059, 23.724 ], [ 86.0625, 23.7235 ] ] ] } },
{ "type": "Feature", "properties": { "unit_id": "IND.15.1.2_1", "name": "Chas", "district": "Bokaro", "did": "jharkhand:Bokaro", "state_key": "jharkhand" }, "geometry": { "type": "Polygon", "coordinates": [ [ [ 86.1805, 23.7265 ], [ 86.192, 23.7191 ], [ 86.2292, 23.7103 ], [ 86.2679, 23.7107 ], [ 86.2906, 23.7202 ], [ 86.3099, 23.7204 ], [ 86.3166, 23.7162 ], [ 86.3133, 23.7063 ], [ 86.2999, 23.6985 ], [ 86.2997, 23.6934 ], [ 86.3084, 23.6889 ], [ 86.3056, 23.6769 ], [ 86.3021, 23.6761 ], [ 86.3219, 23.6692 ], [ 86.3258, 23.6655 ], [ 86.3238, 23.6611 ], [ 86.3127, 23.6535 ], [ 86.3096, 23.658 ], [ 86.2995, 23.6517 ], [ 86.2982, 23.6438 ], [ 86.303, 23.6329 ], [ 86.2907, 23.624 ], [ 86.2869, 23.6246 ], [ 86.2877, 23.6278 ], [ 86.2769, 23.6208 ], [ 86.2679, 23.6228 ], [ 86.2648, 23.627 ], [ 86.2565, 23.6263 ], [ 86.2556, 23.6215 ], [ 86.2523, 23.6228 ], [ 86.2585, 23.6049 ], [ 86.2656, 23.6034 ], [ 86.2789, 23.6075 ], [ 86.2767, 23.6011 ], [ 86.2821, 23.5877 ], [ 86.2991, 23.5793 ], [ 86.2889, 23.5562 ], [ 86.2923, 23.5365 ], [ 86.2758, 23.5285 ], [ 86.2714, 23.5318 ], [ 86.2641, 23.5131 ], [ 86.2673, 23.5077 ], [ 86.256, 23.5034 ], [ 86.2591, 23.4963 ], [ 86.2472, 23.4913 ], [ 86.2436, 23.4835 ], [ 86.233, 23.4799 ], [ 86.2327, 23.4736 ], [ 86.2261, 23.4725 ], [ 86.2274, 23.4644 ], [ 86.2339, 23.4617 ], [ 86.2286, 23.4429 ], [ 86.2068, 23.45 ], [ 86.2057, 23.4537 ], [ 86.1959, 23.4544 ], [ 86.1914, 23.4602 ], [ 86.1817, 23.4601 ], [ 86.182, 23.467 ], [ 86.1783, 23.4698 ], [ 86.1488, 23.4653 ], [ 86.149, 23.4752 ], [ 86.1537, 23.4757 ], [ 86.1514, 23.4822 ], [ 86.1596, 23.4934 ], [ 86.1574, 23.5006 ], [ 86.1624, 23.5085 ], [ 86.1486, 23.5193 ], [ 86.1575, 23.537 ], [ 86.1523, 23.5491 ], [ 86.1583, 23.56 ], [ 86.1433, 23.564 ], [ 86.1393, 23.5593 ], [ 86.1366, 23.5628 ], [ 86.1312, 23.5593 ], [ 86.1267, 23.5694 ], [ 86.1158, 23.5661 ], [ 86.1085, 23.5697 ], [ 86.106, 23.566 ], [ 86.0939, 23.5632 ], [ 86.0809, 23.5657 ], [ 86.0727, 23.5688 ], [ 86.0774, 23.5792 ], [ 86.0657, 23.579 ], [ 86.0531, 23.5852 ], [ 86.0575, 23.5994 ], [ 86.0514, 23.6088 ], [ 86.0406, 23.6111 ], [ 86.0422, 23.6182 ], [ 86.0291, 23.6122 ], [ 86.0165, 23.6122 ], [ 86.0206, 23.621 ], [ 86.0306, 23.6252 ], [ 86.0373, 23.6227 ], [ 86.023, 23.6354 ], [ 86.0354, 23.6428 ], [ 86.0442, 23.6541 ], [ 86.0543, 23.6507 ], [ 86.0593, 23.6629 ], [ 86.0511, 23.677 ], [ 86.0445, 23.6813 ], [ 86.0607, 23.6984 ], [ 86.0579, 23.7133 ], [ 86.0625, 23.7235 ], [ 86.0563, 23.7272 ], [ 86.0478, 23.7472 ], [ 86.0755, 23.7491 ], [ 86.0898, 23.7384 ], [ 86.1195, 23.7292 ], [ 86.1805, 23.7265 ] ] ] } },
{ "type": "Feature", "properties": { "unit_id": "IND.15.1.2_1", "name": "Chandankari", "district": "Bokaro", "did": "jharkhand:Bokaro", "state_key": "jharkhand" }, "geometry": { "type": "Polygon", "coordinates": [ [ [ 86.3422, 23.7046 ], [ 86.3476, 23.7134 ], [ 86.3728, 23.7106 ], [ 86.3725, 23.6955 ], [ 86.3838, 23.6888 ], [ 86.3841, 23.6751 ], [ 86.3881, 23.6705 ], [ 86.4109, 23.6687 ], [ 86.4254, 23.6557 ], [ 86.4571, 23.6469 ], [ 86.4689, 23.6382 ], [ 86.4884, 23.6377 ], [ 86.4704, 23.6305 ], [ 86.4633, 23.631 ], [ 86.4542, 23.6195 ], [ 86.4464, 23.6187 ], [ 86.4471, 23.5981 ], [ 86.4362, 23.599 ], [ 86.4212, 23.5901 ], [ 86.4136, 23.5757 ], [ 86.3995, 23.5786 ], [ 86.3882, 23.5739 ], [ 86.3894, 23.5612 ], [ 86.384, 23.5592 ], [ 86.3716, 23.5406 ], [ 86.3673, 23.5402 ], [ 86.3685, 23.5352 ], [ 86.3651, 23.5327 ], [ 86.3683, 23.5281 ], [ 86.3646, 23.5217 ], [ 86.3752, 23.5103 ], [ 86.3687, 23.5025 ], [ 86.3636, 23.5016 ], [ 86.3664, 23.4963 ], [ 86.3624, 23.4842 ], [ 86.3654, 23.4803 ], [ 86.3706, 23.4845 ], [ 86.3788, 23.4848 ], [ 86.3795, 23.4736 ], [ 86.3641, 23.4717 ], [ 86.3631, 23.4649 ], [ 86.3574, 23.4607 ], [ 86.3597, 23.4522 ], [ 86.3497, 23.4515 ], [ 86.3515, 23.4421 ], [ 86.3368, 23.4402 ], [ 86.3348, 23.4466 ], [ 86.3206, 23.4433 ], [ 86.3058, 23.4348 ], [ 86.3118, 23.4245 ], [ 86.3176, 23.4265 ], [ 86.3178, 23.4164 ], [ 86.3106, 23.4114 ], [ 86.2909, 23.4176 ], [ 86.2895, 23.4291 ], [ 86.2757, 23.4304 ], [ 86.2718, 23.4277 ], [ 86.2641, 23.4308 ], [ 86.2522, 23.4268 ], [ 86.2603, 23.4178 ], [ 86.2591, 23.4133 ], [ 86.2477, 23.411 ], [ 86.2489, 23.4225 ], [ 86.2343, 23.4209 ], [ 86.2299, 23.4308 ], [ 86.2473, 23.4584 ], [ 86.2276, 23.4643 ], [ 86.2261, 23.4725 ], [ 86.2327, 23.4736 ], [ 86.233, 23.4799 ], [ 86.2436, 23.4835 ], [ 86.2472, 23.4913 ], [ 86.2591, 23.4963 ], [ 86.256, 23.5034 ], [ 86.2673, 23.5077 ], [ 86.2641, 23.5131 ], [ 86.2714, 23.5318 ], [ 86.2758, 23.5285 ], [ 86.2923, 23.5365 ], [ 86.2889, 23.5562 ], [ 86.2991, 23.5793 ], [ 86.2821, 23.5877 ], [ 86.2767, 23.6011 ], [ 86.2789, 23.6075 ], [ 86.2656, 23.6034 ], [ 86.2585, 23.6049 ], [ 86.2523, 23.6228 ], [ 86.2556, 23.6215 ], [ 86.2565, 23.6263 ], [ 86.2648, 23.627 ], [ 86.2679, 23.6228 ], [ 86.2769, 23.6208 ], [ 86.2877, 23.6278 ], [ 86.2869, 23.6246 ], [ 86.2907, 23.624 ], [ 86.3026, 23.632 ], [ 86.2995, 23.6517 ], [ 86.3096, 23.658 ], [ 86.3107, 23.6533 ], [ 86.3157, 23.6549 ], [ 86.3259, 23.6651 ], [ 86.3021, 23.6761 ], [ 86.3056, 23.6769 ], [ 86.3084, 23.6889 ], [ 86.3001, 23.6927 ], [ 86.2999, 23.6985 ], [ 86.3133, 23.7063 ], [ 86.3166, 23.7162 ], [ 86.3336, 23.7041 ], [ 86.3422, 23.7046 ] ] ] } },
{ "type": "Feature", "properties": { "unit_id": "IND.15.19.1_1", "name": "Patamda", "district": "East Singhbhum", "did": "jharkhand:East Singhbhum", "state_key": "jharkhand" }, "geometry": { "type": "Polygon", "coordinates": [ [ [ 86.4469, 22.9882 ], [ 86.5011, 22.9936 ], [ 86.5138, 22.9775 ], [ 86.5086, 22.973 ], [ 86.5148, 22.9714 ], [ 86.5256, 22.972 ], [ 86.5238, 22.9771 ], [ 86.5454, 22.9903 ], [ 86.5506, 22.978 ], [ 86.5448, 22.9657 ], [ 86.5316, 22.9652 ], [ 86.526, 22.9476 ], [ 86.5214, 22.9501 ], [ 86.5127, 22.9478 ], [ 86.5026, 22.9519 ], [ 86.5008, 22.9459 ], [ 86.4952, 22.9468 ], [ 86.4891, 22.9372 ], [ 86.4773, 22.9461 ], [ 86.4763, 22.9512 ], [ 86.4691, 22.9445 ], [ 86.4653, 22.9455 ], [ 86.46, 22.9351 ], [ 86.443, 22.9307 ], [ 86.4353, 22.9252 ], [ 86.453, 22.9025 ], [ 86.4671, 22.8999 ], [ 86.4534, 22.8859 ], [ 86.4508, 22.8615 ], [ 86.4397, 22.8643 ], [ 86.435, 22.8605 ], [ 86.4356, 22.8359 ], [ 86.4388, 22.831 ], [ 86.4225, 22.81 ], [ 86.4233, 22.7919 ], [ 86.4165, 22.7899 ], [ 86.4039, 22.7952 ], [ 86.3916, 22.806 ], [ 86.3692, 22.8129 ], [ 86.3546, 22.8132 ], [ 86.3015, 22.8341 ], [ 86.3085, 22.8423 ], [ 86.3195, 22.8425 ], [ 86.316, 22.8547 ], [ 86.321, 22.8659 ], [ 86.3139, 22.8777 ], [ 86.3069, 22.8787 ], [ 86.3083, 22.9004 ], [ 86.317, 22.9056 ], [ 86.3237, 22.904 ], [ 86.3338, 22.9112 ], [ 86.3349, 22.9248 ], [ 86.355, 22.9402 ], [ 86.354, 22.9502 ], [ 86.3599, 22.9588 ], [ 86.3667, 22.9587 ], [ 86.3876, 22.9804 ], [ 86.4003, 22.9803 ], [ 86.4069, 22.9897 ], [ 86.4172, 22.9932 ], [ 86.4192, 23.0002 ], [ 86.4423, 22.9932 ], [ 86.4469, 22.9882 ] ] ] } },
{ "type": "Feature", "properties": { "unit_id": "IND.15.19.1_1", "name": "Boram", "district": "East Singhbhum", "did": "jharkhand:East Singhbhum", "state_key": "jharkhand" }, "geometry": { "type": "Polygon", "coordinates": [ [ [ 86.3091, 23.0071 ], [ 86.3089, 23.0034 ], [ 86.3395, 22.9898 ], [ 86.3437, 22.9965 ], [ 86.3545, 22.993 ], [ 86.3544, 22.9993 ], [ 86.385, 22.9953 ], [ 86.3917, 22.9824 ], [ 86.3825, 22.9771 ], [ 86.3667, 22.9587 ], [ 86.3599, 22.9588 ], [ 86.354, 22.9502 ], [ 86.355, 22.9402 ], [ 86.3349, 22.9248 ], [ 86.3338, 22.9112 ], [ 86.3237, 22.904 ], [ 86.317, 22.9056 ], [ 86.3083, 22.9004 ], [ 86.3069, 22.8787 ], [ 86.3139, 22.8777 ], [ 86.321, 22.8659 ], [ 86.316, 22.8547 ], [ 86.3195, 22.8425 ], [ 86.3085, 22.8423 ], [ 86.3015, 22.8341 ], [ 86.2808, 22.8412 ], [ 86.2626, 22.8391 ], [ 86.2056, 22.8605 ], [ 86.2199, 22.8892 ], [ 86.1967, 22.8949 ], [ 86.1897, 22.9206 ], [ 86.1962, 22.9412 ], [ 86.1883, 22.9468 ], [ 86.1997, 22.9676 ], [ 86.2183, 22.9679 ], [ 86.2201, 22.9736 ], [ 86.2427, 22.9731 ], [ 86.2482, 22.9832 ], [ 86.2393, 22.9963 ], [ 86.2658, 22.998 ], [ 86.2772, 23.0074 ], [ 86.2842, 23.0069 ], [ 86.2921, 23.013 ], [ 86.2994, 23.0098 ], [ 86.3037, 23.016 ], [ 86.3041, 23.0092 ], [ 86.3091, 23.0071 ] ] ] } },
{ "type": "Feature", "properties": { "unit_id": "IND.15.23.1_1", "name": "Nimdih", "district": "Saraikela-kharsawan", "did": "jharkhand:Saraikela-kharsawan", "state_key": "jharkhand" }, "geometry": { "type": "Polygon", "coordinates": [ [ [ 86.136, 23.0772 ], [ 86.1463, 23.075 ], [ 86.1413, 23.0566 ], [ 86.1583, 23.0458 ], [ 86.156, 23.0312 ], [ 86.1631, 23.0283 ], [ 86.1677, 23.0326 ], [ 86.1701, 23.0224 ], [ 86.1793, 23.0204 ], [ 86.1833, 23.0064 ], [ 86.2084, 23.0065 ], [ 86.2062, 23.0004 ], [ 86.2227, 22.9995 ], [ 86.2288, 22.9951 ], [ 86.2393, 22.9963 ], [ 86.2482, 22.9832 ], [ 86.242, 22.9727 ], [ 86.2201, 22.9736 ], [ 86.2183, 22.9679 ], [ 86.1997, 22.9676 ], [ 86.1884, 22.9475 ], [ 86.1962, 22.9412 ], [ 86.1897, 22.924 ], [ 86.1965, 22.8954 ], [ 86.1894, 22.8932 ], [ 86.1713, 22.8978 ], [ 86.1715, 22.9092 ], [ 86.1532, 22.9252 ], [ 86.1023, 22.9339 ], [ 86.0739, 22.9348 ], [ 86.0715, 22.939 ], [ 86.0597, 22.9395 ], [ 86.0596, 22.9445 ], [ 86.0666, 22.9489 ], [ 86.0647, 22.963 ], [ 86.0709, 22.9652 ], [ 86.0698, 22.9568 ], [ 86.0745, 22.9545 ], [ 86.0807, 22.9909 ], [ 86.0742, 22.9999 ], [ 86.0667, 23.0027 ], [ 86.0604, 23.0006 ], [ 86.0586, 22.995 ], [ 86.0556, 22.9955 ], [ 86.0578, 23.0035 ], [ 86.0408, 23.003 ], [ 86.0336, 22.9987 ], [ 86.0322, 23.0036 ], [ 86.0158, 23.0135 ], [ 86.0235, 23.0249 ], [ 86.0225, 23.0323 ], [ 86.0295, 23.0418 ], [ 86.0293, 23.0484 ], [ 86.0389, 23.0566 ], [ 86.0536, 23.0596 ], [ 86.0574, 23.0718 ], [ 86.0723, 23.0814 ], [ 86.0934, 23.0738 ], [ 86.1022, 23.0865 ], [ 86.1304, 23.0847 ], [ 86.136, 23.0772 ] ] ] } },
{ "type": "Feature", "properties": { "unit_id": "IND.15.23.1_1", "name": "Chandil", "district": "Saraikela-kharsawan", "did": "jharkhand:Saraikela-kharsawan", "state_key": "jharkhand" }, "geometry": { "type": "Polygon", "coordinates": [ [ [ 86.0322, 23.0036 ], [ 86.0336, 22.9987 ], [ 86.0408, 23.003 ], [ 86.0578, 23.0035 ], [ 86.0556, 22.9955 ], [ 86.0586, 22.995 ], [ 86.0604, 23.0006 ], [ 86.0667, 23.0027 ], [ 86.0742, 22.9999 ], [ 86.0807, 22.9909 ], [ 86.0745, 22.9545 ], [ 86.0698, 22.9568 ], [ 86.0709, 22.9652 ], [ 86.0647, 22.963 ], [ 86.0666, 22.9489 ], [ 86.0596, 22.9445 ], [ 86.0597, 22.9395 ], [ 86.0715, 22.939 ], [ 86.0739, 22.9348 ], [ 86.1023, 22.9339 ], [ 86.1532, 22.9252 ], [ 86.1715, 22.9092 ], [ 86.1726, 22.8967 ], [ 86.186, 22.8933 ], [ 86.1965, 22.8954 ], [ 86.2199, 22.8892 ], [ 86.2004, 22.8546 ], [ 86.2012, 22.8379 ], [ 86.1953, 22.8257 ], [ 86.1988, 22.8173 ], [ 86.1856, 22.822 ], [ 86.1766, 22.8316 ], [ 86.1606, 22.8362 ], [ 86.1559, 22.8413 ], [ 86.1393, 22.8331 ], [ 86.1302, 22.8361 ], [ 86.1291, 22.841 ], [ 86.1367, 22.8479 ], [ 86.1392, 22.8596 ], [ 86.1373, 22.8699 ], [ 86.1297, 22.8766 ], [ 86.1285, 22.8828 ], [ 86.1134, 22.8829 ], [ 86.0734, 22.8971 ], [ 86.0669, 22.8962 ], [ 86.0674, 22.8918 ], [ 86.0474, 22.8919 ], [ 85.9873, 22.8744 ], [ 85.9543, 22.8687 ], [ 85.9017, 22.8676 ], [ 85.8967, 22.8722 ], [ 85.89, 22.8726 ], [ 85.8701, 22.8698 ], [ 85.8686, 22.882 ], [ 85.8582, 22.9 ], [ 85.8716, 22.9108 ], [ 85.8699, 22.9166 ], [ 85.8769, 22.9297 ], [ 85.8703, 22.939 ], [ 85.866, 22.9392 ], [ 85.8654, 22.9445 ], [ 85.871, 22.9462 ], [ 85.8702, 22.9614 ], [ 85.8797, 22.9735 ], [ 85.877, 22.9779 ], [ 85.8703, 22.9776 ], [ 85.8722, 22.9849 ], [ 85.867, 22.9912 ], [ 85.8753, 22.9955 ], [ 85.8854, 22.995 ], [ 85.888, 22.9926 ], [ 85.8845, 22.9856 ], [ 85.8939, 22.9812 ], [ 85.9012, 22.9866 ], [ 85.9093, 22.9836 ], [ 85.9098, 22.9865 ], [ 85.9317, 22.9895 ], [ 85.9457, 22.9959 ], [ 85.9819, 22.9965 ], [ 85.9831, 22.9895 ], [ 85.9873, 22.9889 ], [ 85.9879, 22.992 ], [ 85.9976, 22.9947 ], [ 86.004, 23.0124 ], [ 86.0128, 23.0134 ], [ 86.0322, 23.0036 ] ] ] } },
{ "type": "Feature", "properties": { "unit_id": "IND.15.23.1_1", "name": "Kukru", "district": "Saraikela-kharsawan", "did": "jharkhand:Saraikela-kharsawan", "state_key": "jharkhand" }, "geometry": { "type": "Polygon", "coordinates": [ [ [ 86.0178, 23.1547 ], [ 86.0183, 23.1481 ], [ 86.0245, 23.1443 ], [ 86.0375, 23.1471 ], [ 86.0445, 23.1442 ], [ 86.0459, 23.136 ], [ 86.0559, 23.1227 ], [ 86.0513, 23.1055 ], [ 86.0757, 23.0946 ], [ 86.09, 23.0947 ], [ 86.0906, 23.0894 ], [ 86.1009, 23.0829 ], [ 86.0934, 23.0738 ], [ 86.0743, 23.0819 ], [ 86.059, 23.0731 ], [ 86.0536, 23.0596 ], [ 86.0389, 23.0566 ], [ 86.0293, 23.0484 ], [ 86.0295, 23.0418 ], [ 86.0223, 23.031 ], [ 86.0126, 23.0386 ], [ 86.0105, 23.0575 ], [ 86.0032, 23.0654 ], [ 85.9874, 23.0685 ], [ 85.9685, 23.0637 ], [ 85.9608, 23.0693 ], [ 85.9551, 23.0813 ], [ 85.9469, 23.0872 ], [ 85.9356, 23.0896 ], [ 85.9259, 23.1023 ], [ 85.9323, 23.1181 ], [ 85.9289, 23.1261 ], [ 85.899, 23.1309 ], [ 85.8943, 23.1554 ], [ 85.9102, 23.1534 ], [ 85.9313, 23.1388 ], [ 85.9351, 23.1388 ], [ 85.9381, 23.1516 ], [ 85.9514, 23.1517 ], [ 85.957, 23.1611 ], [ 86.0134, 23.1479 ], [ 86.0178, 23.1547 ] ] ] } },
{ "type": "Feature", "properties": { "unit_id": "IND.36.18.1_1", "name": "Level 3", "district": "Saraikela-kharsawan", "did": "jharkhand:Saraikela-kharsawan", "state_key": "jharkhand" }, "geometry": { "type": "Polygon", "coordinates": [ [ [ 85.9351, 23.1388 ], [ 85.9244, 23.1424 ], [ 85.9203, 23.1489 ], [ 85.937, 23.1502 ], [ 85.9351, 23.1388 ] ] ] } },
{ "type": "Feature", "properties": { "unit_id": "IND.15.23.1_1", "name": "Ichagarh", "district": "Saraikela-kharsawan", "did": "jharkhand:Saraikela-kharsawan", "state_key": "jharkhand" }, "geometry": { "type": "Polygon", "coordinates": [ [ [ 85.899, 23.1309 ], [ 85.9289, 23.1261 ], [ 85.9323, 23.1181 ], [ 85.9259, 23.1023 ], [ 85.9356, 23.0896 ], [ 85.9469, 23.0872 ], [ 85.9551, 23.0813 ], [ 85.9608, 23.0693 ], [ 85.9685, 23.0637 ], [ 85.9874, 23.0685 ], [ 86.0057, 23.0636 ], [ 86.0114, 23.0549 ], [ 86.0126, 23.0386 ], [ 86.0226, 23.0307 ], [ 86.0235, 23.0249 ], [ 86.0155, 23.0131 ], [ 86.004, 23.0124 ], [ 85.9976, 22.9947 ], [ 85.9879, 22.992 ], [ 85.9873, 22.9889 ], [ 85.9831, 22.9895 ], [ 85.9819, 22.9965 ], [ 85.9457, 22.9959 ], [ 85.9317, 22.9895 ], [ 85.9098, 22.9865 ], [ 85.9093, 22.9836 ], [ 85.9012, 22.9866 ], [ 85.8939, 22.9812 ], [ 85.8845, 22.9856 ], [ 85.888, 22.9926 ], [ 85.8854, 22.995 ], [ 85.8753, 22.9955 ], [ 85.867, 22.9912 ], [ 85.8722, 22.9849 ], [ 85.8703, 22.9776 ], [ 85.877, 22.9779 ], [ 85.8797, 22.9735 ], [ 85.8702, 22.9614 ], [ 85.871, 22.9462 ], [ 85.8582, 22.9424 ], [ 85.8539, 22.943 ], [ 85.8512, 22.9488 ], [ 85.848, 22.9842 ], [ 85.8288, 22.9913 ], [ 85.8203, 23.0002 ], [ 85.8212, 23.0074 ], [ 85.8135, 23.0104 ], [ 85.8242, 23.0277 ], [ 85.8185, 23.0373 ], [ 85.8206, 23.0425 ], [ 85.8128, 23.0594 ], [ 85.8108, 23.0764 ], [ 85.801, 23.0805 ], [ 85.8004, 23.084 ], [ 85.8054, 23.0919 ], [ 85.8175, 23.0927 ], [ 85.8245, 23.1137 ], [ 85.8312, 23.1168 ], [ 85.8321, 23.121 ], [ 85.8367, 23.121 ], [ 85.8449, 23.1378 ], [ 85.8607, 23.147 ], [ 85.8711, 23.1398 ], [ 85.8719, 23.156 ], [ 85.8859, 23.153 ], [ 85.8875, 23.1577 ], [ 85.8919, 23.1557 ], [ 85.899, 23.1309 ] ] ] } },
{ "type": "Feature", "properties": { "unit_id": "IND.15.21.1_1", "name": "Tamar", "district": "Ranchi", "did": "jharkhand:Ranchi", "state_key": "jharkhand" }, "geometry": { "type": "Polygon", "coordinates": [ [ [ 85.5621, 22.9371 ], [ 85.5661, 22.9434 ], [ 85.5646, 22.9514 ], [ 85.5796, 22.952 ], [ 85.5871, 22.9458 ], [ 85.5856, 22.9516 ], [ 85.5921, 22.9532 ], [ 85.5919, 22.9626 ], [ 85.6038, 22.9632 ], [ 85.5962, 22.9999 ], [ 85.6011, 23.001 ], [ 85.6098, 22.9928 ], [ 85.6214, 22.9945 ], [ 85.6299, 22.9908 ], [ 85.6423, 22.9949 ], [ 85.6558, 23.0046 ], [ 85.6487, 23.0059 ], [ 85.64, 23.0169 ], [ 85.6443, 23.0261 ], [ 85.6397, 23.0239 ], [ 85.6304, 23.0281 ], [ 85.6343, 23.0286 ], [ 85.6328, 23.0343 ], [ 85.6303, 23.0301 ], [ 85.6307, 23.0333 ], [ 85.6265, 23.0305 ], [ 85.6268, 23.0372 ], [ 85.6224, 23.0413 ], [ 85.6261, 23.0445 ], [ 85.6221, 23.0505 ], [ 85.6387, 23.0558 ], [ 85.6276, 23.0696 ], [ 85.6166, 23.0696 ], [ 85.6118, 23.0645 ], [ 85.5995, 23.0625 ], [ 85.5808, 23.064 ], [ 85.5984, 23.0774 ], [ 85.6185, 23.0815 ], [ 85.6221, 23.0937 ], [ 85.6136, 23.1076 ], [ 85.6151, 23.1149 ], [ 85.6306, 23.1149 ], [ 85.6465, 23.1061 ], [ 85.6459, 23.0952 ], [ 85.6548, 23.0967 ], [ 85.6723, 23.1232 ], [ 85.6659, 23.1377 ], [ 85.6935, 23.1516 ], [ 85.6951, 23.1574 ], [ 85.7079, 23.1554 ], [ 85.7126, 23.1583 ], [ 85.7124, 23.1638 ], [ 85.7232, 23.163 ], [ 85.7352, 23.1773 ], [ 85.7434, 23.1605 ], [ 85.7499, 23.1619 ], [ 85.7581, 23.1585 ], [ 85.7656, 23.1459 ], [ 85.7732, 23.1182 ], [ 85.7747, 23.1026 ], [ 85.7697, 23.1022 ], [ 85.771, 23.0966 ], [ 85.7822, 23.0946 ], [ 85.7816, 23.085 ], [ 85.8006, 23.0852 ], [ 85.8007, 23.0808 ], [ 85.8103, 23.0772 ], [ 85.8128, 23.0594 ], [ 85.8192, 23.0496 ], [ 85.8185, 23.0373 ], [ 85.8242, 23.0277 ], [ 85.8135, 23.0104 ], [ 85.8212, 23.0074 ], [ 85.8203, 23.0002 ], [ 85.8288, 22.9913 ], [ 85.8476, 22.9847 ], [ 85.8537, 22.9432 ], [ 85.8654, 22.9445 ], [ 85.866, 22.9392 ], [ 85.8703, 22.939 ], [ 85.8768, 22.9301 ], [ 85.8699, 22.9166 ], [ 85.8713, 22.91 ], [ 85.8582, 22.9 ], [ 85.8648, 22.884 ], [ 85.8523, 22.8836 ], [ 85.8373, 22.8896 ], [ 85.8373, 22.9047 ], [ 85.8307, 22.9027 ], [ 85.7984, 22.9087 ], [ 85.7882, 22.9191 ], [ 85.7748, 22.9199 ], [ 85.7691, 22.9246 ], [ 85.7695, 22.9306 ], [ 85.7563, 22.9309 ], [ 85.7309, 22.9436 ], [ 85.7052, 22.9446 ], [ 85.689, 22.9342 ], [ 85.6577, 22.9374 ], [ 85.6534, 22.936 ], [ 85.6568, 22.9236 ], [ 85.6491, 22.9181 ], [ 85.6191, 22.9143 ], [ 85.614, 22.9221 ], [ 85.6159, 22.9308 ], [ 85.6043, 22.935 ], [ 85.5806, 22.9071 ], [ 85.5549, 22.9258 ], [ 85.5506, 22.9236 ], [ 85.5493, 22.9303 ], [ 85.5621, 22.9371 ] ] ] } },
{ "type": "Feature", "properties": { "unit_id": "IND.15.21.1_1", "name": "Tamar", "district": "Khunti", "did": "jharkhand:Khunti", "state_key": "jharkhand" }, "geometry": { "type": "Polygon", "coordinates": [ [ [ 85.6048, 22.9952 ], [ 85.6011, 23.001 ], [ 85.5985, 22.9991 ], [ 85.5936, 23.0018 ], [ 85.5995, 23.0038 ], [ 85.6071, 22.9981 ], [ 85.6048, 22.9952 ] ] ] } },
{ "type": "Feature", "properties": { "unit_id": "IND.15.21.1_1", "name": "Bundu", "district": "Ranchi", "did": "jharkhand:Ranchi", "state_key": "jharkhand" }, "geometry": { "type": "Polygon", "coordinates": [ [ [ 85.5645, 23.2503 ], [ 85.5922, 23.2481 ], [ 85.6015, 23.2358 ], [ 85.6182, 23.2263 ], [ 85.6228, 23.2201 ], [ 85.6291, 23.223 ], [ 85.6342, 23.2188 ], [ 85.6379, 23.2221 ], [ 85.6432, 23.2185 ], [ 85.645, 23.2076 ], [ 85.65, 23.2035 ], [ 85.6438, 23.1913 ], [ 85.6461, 23.1786 ], [ 85.6524, 23.1771 ], [ 85.6556, 23.1801 ], [ 85.6652, 23.1728 ], [ 85.6727, 23.1735 ], [ 85.6946, 23.1582 ], [ 85.6935, 23.1516 ], [ 85.6659, 23.1377 ], [ 85.6723, 23.1232 ], [ 85.6548, 23.0967 ], [ 85.6459, 23.0952 ], [ 85.6462, 23.1064 ], [ 85.6261, 23.1159 ], [ 85.6131, 23.1148 ], [ 85.6018, 23.1194 ], [ 85.5932, 23.1154 ], [ 85.5847, 23.1206 ], [ 85.5799, 23.1197 ], [ 85.5762, 23.112 ], [ 85.5611, 23.1196 ], [ 85.5529, 23.1168 ], [ 85.5408, 23.1174 ], [ 85.5363, 23.1208 ], [ 85.4953, 23.1217 ], [ 85.4736, 23.1288 ], [ 85.4742, 23.1388 ], [ 85.4672, 23.1428 ], [ 85.4659, 23.1618 ], [ 85.4603, 23.1664 ], [ 85.4706, 23.1861 ], [ 85.4627, 23.1961 ], [ 85.4676, 23.2116 ], [ 85.4734, 23.2212 ], [ 85.4772, 23.2177 ], [ 85.4887, 23.2186 ], [ 85.504, 23.2307 ], [ 85.501, 23.2378 ], [ 85.4965, 23.2363 ], [ 85.4953, 23.243 ], [ 85.5117, 23.2534 ], [ 85.5189, 23.2568 ], [ 85.5324, 23.2471 ], [ 85.5645, 23.2503 ] ] ] } },
{ "type": "Feature", "properties": { "unit_id": "IND.15.21.1_1", "name": "Sonahatu", "district": "Ranchi", "did": "jharkhand:Ranchi", "state_key": "jharkhand" }, "geometry": { "type": "Polygon", "coordinates": [ [ [ 85.8001, 23.2704 ], [ 85.8218, 23.2467 ], [ 85.8285, 23.2457 ], [ 85.8346, 23.2499 ], [ 85.8386, 23.2468 ], [ 85.8369, 23.2202 ], [ 85.8661, 23.2209 ], [ 85.8825, 23.1987 ], [ 85.8816, 23.1703 ], [ 85.8939, 23.1559 ], [ 85.8875, 23.1577 ], [ 85.8859, 23.153 ], [ 85.8727, 23.1563 ], [ 85.8711, 23.1398 ], [ 85.8607, 23.147 ], [ 85.8455, 23.1382 ], [ 85.8367, 23.121 ], [ 85.8321, 23.121 ], [ 85.8312, 23.1168 ], [ 85.8245, 23.1137 ], [ 85.8175, 23.0927 ], [ 85.8054, 23.0919 ], [ 85.8006, 23.0852 ], [ 85.7917, 23.0838 ], [ 85.7816, 23.085 ], [ 85.7822, 23.0946 ], [ 85.771, 23.0966 ], [ 85.7697, 23.1022 ], [ 85.7747, 23.1026 ], [ 85.7685, 23.1267 ], [ 85.7718, 23.131 ], [ 85.7581, 23.1585 ], [ 85.7499, 23.1619 ], [ 85.7434, 23.1605 ], [ 85.7341, 23.1778 ], [ 85.729, 23.1669 ], [ 85.7226, 23.1627 ], [ 85.7124, 23.1638 ], [ 85.7126, 23.1583 ], [ 85.7071, 23.1553 ], [ 85.6953, 23.1573 ], [ 85.6777, 23.1707 ], [ 85.6694, 23.1746 ], [ 85.6652, 23.1728 ], [ 85.6557, 23.1801 ], [ 85.653, 23.1772 ], [ 85.6469, 23.178 ], [ 85.6438, 23.1913 ], [ 85.65, 23.2035 ], [ 85.645, 23.2076 ], [ 85.6427, 23.219 ], [ 85.6379, 23.2221 ], [ 85.6342, 23.2188 ], [ 85.6294, 23.2229 ], [ 85.6427, 23.2287 ], [ 85.6643, 23.2296 ], [ 85.6733, 23.2339 ], [ 85.6859, 23.2279 ], [ 85.6995, 23.2333 ], [ 85.7219, 23.2355 ], [ 85.7322, 23.2435 ], [ 85.7295, 23.2522 ], [ 85.7339, 23.2546 ], [ 85.7467, 23.2498 ], [ 85.7532, 23.2632 ], [ 85.76, 23.261 ], [ 85.7635, 23.2788 ], [ 85.7801, 23.2811 ], [ 85.7916, 23.269 ], [ 85.8001, 23.2704 ] ] ] } },
{ "type": "Feature", "properties": { "unit_id": "IND.15.21.1_1", "name": "Rahe", "district": "Ranchi", "did": "jharkhand:Ranchi", "state_key": "jharkhand" }, "geometry": { "type": "Polygon", "coordinates": [ [ [ 85.6974, 23.3262 ], [ 85.7088, 23.325 ], [ 85.7197, 23.3041 ], [ 85.7444, 23.2943 ], [ 85.7635, 23.2788 ], [ 85.76, 23.261 ], [ 85.7532, 23.2632 ], [ 85.7482, 23.2508 ], [ 85.7327, 23.2541 ], [ 85.7281, 23.2491 ], [ 85.7322, 23.2435 ], [ 85.7219, 23.2355 ], [ 85.6995, 23.2333 ], [ 85.6859, 23.2279 ], [ 85.6733, 23.2339 ], [ 85.6643, 23.2296 ], [ 85.6427, 23.2287 ], [ 85.6228, 23.2201 ], [ 85.6182, 23.2263 ], [ 85.6015, 23.2358 ], [ 85.5921, 23.2482 ], [ 85.5532, 23.2498 ], [ 85.5467, 23.2627 ], [ 85.5539, 23.2736 ], [ 85.5582, 23.2725 ], [ 85.5511, 23.2758 ], [ 85.5547, 23.2982 ], [ 85.5656, 23.3058 ], [ 85.5626, 23.3146 ], [ 85.5671, 23.3115 ], [ 85.5962, 23.3123 ], [ 85.5908, 23.3172 ], [ 85.5918, 23.3239 ], [ 85.5988, 23.3276 ], [ 85.6123, 23.327 ], [ 85.6197, 23.3245 ], [ 85.6204, 23.3163 ], [ 85.6315, 23.3139 ], [ 85.6522, 23.2988 ], [ 85.6494, 23.3192 ], [ 85.6571, 23.3242 ], [ 85.6534, 23.3375 ], [ 85.6587, 23.3419 ], [ 85.684, 23.3427 ], [ 85.6974, 23.3262 ] ] ] } },
{ "type": "Feature", "properties": { "unit_id": "IND.15.21.2_1", "name": "Angara", "district": "Ranchi", "did": "jharkhand:Ranchi", "state_key": "jharkhand" }, "geometry": { "type": "Polygon", "coordinates": [ [ [ 85.6336, 23.4689 ], [ 85.6578, 23.4672 ], [ 85.6613, 23.4626 ], [ 85.6709, 23.46 ], [ 85.6756, 23.4509 ], [ 85.7087, 23.4479 ], [ 85.7224, 23.4404 ], [ 85.7281, 23.4419 ], [ 85.7258, 23.4162 ], [ 85.7319, 23.4155 ], [ 85.7331, 23.3994 ], [ 85.7243, 23.3802 ], [ 85.7198, 23.3818 ], [ 85.7196, 23.3613 ], [ 85.7151, 23.3506 ], [ 85.6945, 23.3506 ], [ 85.6909, 23.3457 ], [ 85.6848, 23.3448 ], [ 85.684, 23.3503 ], [ 85.6685, 23.3496 ], [ 85.6697, 23.3436 ], [ 85.6545, 23.3392 ], [ 85.6536, 23.3277 ], [ 85.6571, 23.3242 ], [ 85.6494, 23.3192 ], [ 85.6503, 23.2987 ], [ 85.6315, 23.3139 ], [ 85.6204, 23.3163 ], [ 85.6197, 23.3245 ], [ 85.6123, 23.327 ], [ 85.5988, 23.3276 ], [ 85.5918, 23.3239 ], [ 85.5908, 23.3172 ], [ 85.5962, 23.3123 ], [ 85.5671, 23.3115 ], [ 85.5626, 23.3146 ], [ 85.5624, 23.3102 ], [ 85.5561, 23.3174 ], [ 85.537, 23.3242 ], [ 85.5229, 23.3248 ], [ 85.508, 23.3305 ], [ 85.5026, 23.3239 ], [ 85.4978, 23.3257 ], [ 85.5008, 23.3362 ], [ 85.4878, 23.3339 ], [ 85.4701, 23.3381 ], [ 85.4604, 23.3345 ], [ 85.4527, 23.3466 ], [ 85.4455, 23.3491 ], [ 85.441, 23.3615 ], [ 85.4455, 23.3762 ], [ 85.4606, 23.3713 ], [ 85.4731, 23.3597 ], [ 85.4888, 23.3528 ], [ 85.4897, 23.357 ], [ 85.4968, 23.3566 ], [ 85.5006, 23.3608 ], [ 85.4775, 23.3797 ], [ 85.4396, 23.3889 ], [ 85.4395, 23.4079 ], [ 85.452, 23.4071 ], [ 85.455, 23.4103 ], [ 85.4461, 23.418 ], [ 85.4474, 23.4309 ], [ 85.4632, 23.4331 ], [ 85.4686, 23.44 ], [ 85.4751, 23.4331 ], [ 85.4832, 23.4331 ], [ 85.4839, 23.4515 ], [ 85.5029, 23.4427 ], [ 85.5108, 23.4449 ], [ 85.5104, 23.4534 ], [ 85.5224, 23.4493 ], [ 85.5211, 23.4552 ], [ 85.5285, 23.4588 ], [ 85.5356, 23.4561 ], [ 85.5452, 23.4606 ], [ 85.5548, 23.457 ], [ 85.5579, 23.4749 ], [ 85.5683, 23.4887 ], [ 85.5839, 23.486 ], [ 85.5857, 23.493 ], [ 85.5916, 23.4947 ], [ 85.6072, 23.4898 ], [ 85.6043, 23.4857 ], [ 85.6336, 23.4689 ] ] ] } },
{ "type": "Feature", "properties": { "unit_id": "IND.15.20.1_1", "name": "Dulmi", "district": "Ramgarh", "did": "jharkhand:Ramgarh", "state_key": "jharkhand" }, "geometry": { "type": "Polygon", "coordinates": [ [ [ 85.5737, 23.6054 ], [ 85.5742, 23.6008 ], [ 85.5945, 23.5955 ], [ 85.6116, 23.5849 ], [ 85.6097, 23.5717 ], [ 85.6248, 23.566 ], [ 85.6296, 23.5672 ], [ 85.6391, 23.5587 ], [ 85.6392, 23.5534 ], [ 85.6605, 23.5501 ], [ 85.6643, 23.5511 ], [ 85.6647, 23.5575 ], [ 85.6765, 23.5538 ], [ 85.6822, 23.5599 ], [ 85.6953, 23.5541 ], [ 85.6986, 23.5577 ], [ 85.6945, 23.5494 ], [ 85.7005, 23.5485 ], [ 85.6993, 23.5367 ], [ 85.6962, 23.5372 ], [ 85.7008, 23.5328 ], [ 85.6898, 23.5289 ], [ 85.6888, 23.5232 ], [ 85.6847, 23.5244 ], [ 85.682, 23.5159 ], [ 85.6677, 23.5133 ], [ 85.6659, 23.5006 ], [ 85.6581, 23.4917 ], [ 85.6648, 23.4787 ], [ 85.6588, 23.4662 ], [ 85.6336, 23.4689 ], [ 85.6081, 23.4816 ], [ 85.6043, 23.4857 ], [ 85.6072, 23.4898 ], [ 85.5916, 23.4945 ], [ 85.5903, 23.504 ], [ 85.5722, 23.5145 ], [ 85.5532, 23.5382 ], [ 85.5589, 23.542 ], [ 85.5468, 23.5525 ], [ 85.5504, 23.5523 ], [ 85.5566, 23.5632 ], [ 85.5743, 23.5517 ], [ 85.5796, 23.5592 ], [ 85.5747, 23.5723 ], [ 85.5579, 23.5754 ], [ 85.569, 23.5932 ], [ 85.5628, 23.595 ], [ 85.568, 23.6064 ], [ 85.5737, 23.6054 ] ] ] } },
{ "type": "Feature", "properties": { "unit_id": "IND.15.21.2_1", "name": "Silli", "district": "Ranchi", "did": "jharkhand:Ranchi", "state_key": "jharkhand" }, "geometry": { "type": "Polygon", "coordinates": [ [ [ 85.7834, 23.4558 ], [ 85.7946, 23.4565 ], [ 85.7972, 23.4499 ], [ 85.8073, 23.4569 ], [ 85.8244, 23.454 ], [ 85.8296, 23.449 ], [ 85.8295, 23.4402 ], [ 85.8402, 23.4313 ], [ 85.844, 23.4223 ], [ 85.8501, 23.4244 ], [ 85.8486, 23.4302 ], [ 85.8581, 23.426 ], [ 85.8628, 23.4313 ], [ 85.8826, 23.4306 ], [ 85.8866, 23.4251 ], [ 85.8803, 23.4224 ], [ 85.8914, 23.4102 ], [ 85.8869, 23.4043 ], [ 85.8974, 23.4055 ], [ 85.9026, 23.3992 ], [ 85.8985, 23.3936 ], [ 85.8883, 23.3967 ], [ 85.8708, 23.3888 ], [ 85.8784, 23.3817 ], [ 85.8748, 23.3768 ], [ 85.8752, 23.3598 ], [ 85.8831, 23.3508 ], [ 85.8726, 23.3424 ], [ 85.8663, 23.3415 ], [ 85.8682, 23.3298 ], [ 85.8507, 23.3166 ], [ 85.8475, 23.3097 ], [ 85.8384, 23.3065 ], [ 85.8197, 23.2689 ], [ 85.8236, 23.259 ], [ 85.8346, 23.2499 ], [ 85.8285, 23.2457 ], [ 85.821, 23.2472 ], [ 85.7995, 23.2708 ], [ 85.7916, 23.269 ], [ 85.7838, 23.2803 ], [ 85.7648, 23.2782 ], [ 85.7444, 23.2943 ], [ 85.7208, 23.3032 ], [ 85.7088, 23.325 ], [ 85.6974, 23.3262 ], [ 85.684, 23.3427 ], [ 85.6697, 23.3436 ], [ 85.6672, 23.349 ], [ 85.684, 23.3503 ], [ 85.6848, 23.3448 ], [ 85.6909, 23.3457 ], [ 85.6945, 23.3506 ], [ 85.7151, 23.3506 ], [ 85.7196, 23.3613 ], [ 85.7198, 23.3818 ], [ 85.7243, 23.3802 ], [ 85.7331, 23.3994 ], [ 85.7319, 23.4155 ], [ 85.7258, 23.4162 ], [ 85.7282, 23.4417 ], [ 85.7224, 23.4404 ], [ 85.7202, 23.444 ], [ 85.7306, 23.4551 ], [ 85.7353, 23.4494 ], [ 85.7554, 23.4616 ], [ 85.7789, 23.461 ], [ 85.7834, 23.4558 ] ] ] } },
{ "type": "Feature", "properties": { "unit_id": "IND.15.1.1_1", "name": "Kasmar", "district": "Bokaro", "did": "jharkhand:Bokaro", "state_key": "jharkhand" }, "geometry": { "type": "Polygon", "coordinates": [ [ [ 85.9454, 23.6736 ], [ 85.9377, 23.6683 ], [ 85.9363, 23.6582 ], [ 85.9573, 23.6439 ], [ 85.9504, 23.6338 ], [ 85.9532, 23.6251 ], [ 85.9727, 23.609 ], [ 85.9546, 23.5942 ], [ 85.9514, 23.577 ], [ 85.9634, 23.5733 ], [ 85.9663, 23.5764 ], [ 85.9737, 23.5751 ], [ 85.9727, 23.579 ], [ 85.9808, 23.5652 ], [ 85.9771, 23.5361 ], [ 85.96, 23.5344 ], [ 85.9613, 23.5245 ], [ 85.9545, 23.5117 ], [ 85.9562, 23.5073 ], [ 85.9496, 23.504 ], [ 85.9381, 23.5094 ], [ 85.9297, 23.5086 ], [ 85.928, 23.5016 ], [ 85.9456, 23.4959 ], [ 85.9361, 23.4907 ], [ 85.9324, 23.4736 ], [ 85.9086, 23.4836 ], [ 85.8863, 23.4821 ], [ 85.8844, 23.4932 ], [ 85.8594, 23.5175 ], [ 85.8519, 23.5128 ], [ 85.8397, 23.5152 ], [ 85.8355, 23.521 ], [ 85.8417, 23.5348 ], [ 85.8279, 23.5406 ], [ 85.8213, 23.5501 ], [ 85.8363, 23.5569 ], [ 85.8407, 23.5623 ], [ 85.8498, 23.5532 ], [ 85.8547, 23.5558 ], [ 85.8613, 23.5901 ], [ 85.8571, 23.5949 ], [ 85.8646, 23.6045 ], [ 85.869, 23.6016 ], [ 85.8792, 23.6166 ], [ 85.8963, 23.6226 ], [ 85.8939, 23.6265 ], [ 85.9016, 23.637 ], [ 85.8972, 23.6472 ], [ 85.8975, 23.6622 ], [ 85.8927, 23.6686 ], [ 85.8983, 23.6761 ], [ 85.8964, 23.6828 ], [ 85.9447, 23.6778 ], [ 85.9454, 23.6736 ] ] ] } },
{ "type": "Feature", "properties": { "unit_id": "IND.15.20.1_1", "name": "Gola", "district": "Ramgarh", "did": "jharkhand:Ramgarh", "state_key": "jharkhand" }, "geometry": { "type": "Polygon", "coordinates": [ [ [ 85.7749, 23.6481 ], [ 85.7829, 23.6479 ], [ 85.7872, 23.6387 ], [ 85.7946, 23.6371 ], [ 85.7895, 23.6287 ], [ 85.794, 23.628 ], [ 85.7936, 23.6196 ], [ 85.7996, 23.6206 ], [ 85.799, 23.6156 ], [ 85.8051, 23.6126 ], [ 85.8133, 23.5767 ], [ 85.8334, 23.5731 ], [ 85.8399, 23.5649 ], [ 85.8363, 23.5569 ], [ 85.8213, 23.5501 ], [ 85.8279, 23.5406 ], [ 85.8417, 23.5348 ], [ 85.8355, 23.5205 ], [ 85.8455, 23.5131 ], [ 85.8519, 23.5128 ], [ 85.8594, 23.5175 ], [ 85.888, 23.4869 ], [ 85.8847, 23.4819 ], [ 85.87, 23.4749 ], [ 85.868, 23.4655 ], [ 85.8625, 23.4615 ], [ 85.8657, 23.4599 ], [ 85.8619, 23.4424 ], [ 85.8646, 23.4312 ], [ 85.8581, 23.426 ], [ 85.8486, 23.4302 ], [ 85.8504, 23.425 ], [ 85.846, 23.4223 ], [ 85.8295, 23.4402 ], [ 85.8296, 23.449 ], [ 85.816, 23.4569 ], [ 85.806, 23.4566 ], [ 85.7982, 23.4498 ], [ 85.7936, 23.4568 ], [ 85.7834, 23.4558 ], [ 85.7779, 23.4612 ], [ 85.7567, 23.4618 ], [ 85.7365, 23.4497 ], [ 85.7306, 23.4551 ], [ 85.7172, 23.4437 ], [ 85.7104, 23.4476 ], [ 85.6753, 23.451 ], [ 85.6709, 23.46 ], [ 85.6588, 23.4662 ], [ 85.6648, 23.4787 ], [ 85.6581, 23.4917 ], [ 85.6659, 23.5006 ], [ 85.6677, 23.5133 ], [ 85.682, 23.5159 ], [ 85.6847, 23.5244 ], [ 85.6888, 23.5232 ], [ 85.6898, 23.5289 ], [ 85.7008, 23.5328 ], [ 85.6962, 23.5372 ], [ 85.6993, 23.5367 ], [ 85.7005, 23.5485 ], [ 85.6945, 23.5494 ], [ 85.6993, 23.5543 ], [ 85.6981, 23.5608 ], [ 85.7036, 23.5716 ], [ 85.6948, 23.5766 ], [ 85.6991, 23.5769 ], [ 85.6988, 23.5844 ], [ 85.7044, 23.5847 ], [ 85.699, 23.5867 ], [ 85.7028, 23.59 ], [ 85.6999, 23.5951 ], [ 85.7049, 23.5969 ], [ 85.7019, 23.6113 ], [ 85.7085, 23.6077 ], [ 85.7039, 23.6158 ], [ 85.7111, 23.6126 ], [ 85.7097, 23.621 ], [ 85.7154, 23.6275 ], [ 85.713, 23.6325 ], [ 85.7226, 23.6414 ], [ 85.7273, 23.6534 ], [ 85.7387, 23.6531 ], [ 85.7554, 23.6626 ], [ 85.761, 23.6862 ], [ 85.7707, 23.674 ], [ 85.7705, 23.652 ], [ 85.7749, 23.6481 ] ] ] } },
{ "type": "Feature", "properties": { "unit_id": "IND.15.1.1_1", "name": "Peterbar", "district": "Bokaro", "did": "jharkhand:Bokaro", "state_key": "jharkhand" }, "geometry": { "type": "Polygon", "coordinates": [ [ [ 85.9833, 23.7453 ], [ 85.9961, 23.7528 ], [ 86.0083, 23.7535 ], [ 86.0214, 23.765 ], [ 86.0478, 23.7472 ], [ 86.0325, 23.7341 ], [ 86.022, 23.7176 ], [ 86.0176, 23.7167 ], [ 86.025, 23.7129 ], [ 86.0213, 23.7082 ], [ 86.0159, 23.7038 ], [ 86.0053, 23.7031 ], [ 86.0072, 23.6996 ], [ 86.0035, 23.6977 ], [ 86.0106, 23.6912 ], [ 86.0095, 23.6845 ], [ 86.0027, 23.6795 ], [ 86.0017, 23.6831 ], [ 85.9965, 23.6813 ], [ 85.9932, 23.6864 ], [ 85.991, 23.6767 ], [ 85.9791, 23.6791 ], [ 85.9772, 23.6845 ], [ 85.9658, 23.6769 ], [ 85.9623, 23.6801 ], [ 85.9587, 23.677 ], [ 85.9512, 23.6857 ], [ 85.9476, 23.6755 ], [ 85.9424, 23.6797 ], [ 85.9358, 23.6769 ], [ 85.9289, 23.6804 ], [ 85.9091, 23.6821 ], [ 85.9081, 23.6795 ], [ 85.8964, 23.6828 ], [ 85.8983, 23.6761 ], [ 85.8927, 23.6686 ], [ 85.8975, 23.6622 ], [ 85.8972, 23.6472 ], [ 85.9016, 23.637 ], [ 85.8939, 23.6265 ], [ 85.8954, 23.6216 ], [ 85.8792, 23.6166 ], [ 85.869, 23.6016 ], [ 85.8646, 23.6045 ], [ 85.8571, 23.5949 ], [ 85.8613, 23.5901 ], [ 85.8574, 23.5628 ], [ 85.8498, 23.5532 ], [ 85.8334, 23.5731 ], [ 85.8133, 23.5767 ], [ 85.8051, 23.6126 ], [ 85.799, 23.6156 ], [ 85.7996, 23.6206 ], [ 85.7936, 23.6196 ], [ 85.794, 23.628 ], [ 85.7895, 23.6287 ], [ 85.7946, 23.6371 ], [ 85.7872, 23.6387 ], [ 85.7829, 23.6479 ], [ 85.7749, 23.6481 ], [ 85.7691, 23.6534 ], [ 85.7707, 23.674 ], [ 85.7606, 23.688 ], [ 85.7745, 23.7157 ], [ 85.7879, 23.7239 ], [ 85.7995, 23.7385 ], [ 85.8072, 23.7406 ], [ 85.8196, 23.7302 ], [ 85.8318, 23.7303 ], [ 85.8436, 23.7346 ], [ 85.8513, 23.745 ], [ 85.8908, 23.7482 ], [ 85.9106, 23.7611 ], [ 85.9164, 23.7612 ], [ 85.9246, 23.7533 ], [ 85.9346, 23.7528 ], [ 85.9458, 23.7644 ], [ 85.9618, 23.7705 ], [ 85.9686, 23.7673 ], [ 85.9725, 23.7467 ], [ 85.9833, 23.7453 ] ] ] } },
{ "type": "Feature", "properties": { "unit_id": "IND.15.1.1_1", "name": "Bermo", "district": "Bokaro", "did": "jharkhand:Bokaro", "state_key": "jharkhand" }, "geometry": { "type": "Polygon", "coordinates": [ [ [ 85.8599, 23.8484 ], [ 85.8678, 23.8502 ], [ 85.8669, 23.8333 ], [ 85.8769, 23.8293 ], [ 85.8785, 23.8181 ], [ 85.8923, 23.8124 ], [ 85.898, 23.8138 ], [ 85.9152, 23.8013 ], [ 85.9171, 23.8052 ], [ 85.9272, 23.8077 ], [ 85.953, 23.8083 ], [ 85.9653, 23.8025 ], [ 85.9798, 23.8137 ], [ 85.985, 23.8143 ], [ 85.9904, 23.8095 ], [ 85.9996, 23.8114 ], [ 86.0012, 23.802 ], [ 86.0042, 23.8037 ], [ 86.0069, 23.7993 ], [ 86.0044, 23.7935 ], [ 86.0102, 23.7873 ], [ 86.0321, 23.7871 ], [ 86.0403, 23.7828 ], [ 86.04, 23.7662 ], [ 86.033, 23.7594 ], [ 86.0177, 23.7641 ], [ 86.0083, 23.7535 ], [ 85.9961, 23.7528 ], [ 85.9805, 23.7449 ], [ 85.9704, 23.7482 ], [ 85.9686, 23.7673 ], [ 85.9643, 23.7702 ], [ 85.9496, 23.7667 ], [ 85.9312, 23.752 ], [ 85.9148, 23.7617 ], [ 85.9079, 23.7597 ], [ 85.9041, 23.7634 ], [ 85.8826, 23.7666 ], [ 85.8877, 23.7786 ], [ 85.8701, 23.7887 ], [ 85.8582, 23.8033 ], [ 85.8597, 23.8097 ], [ 85.849, 23.8112 ], [ 85.8352, 23.8297 ], [ 85.8391, 23.8481 ], [ 85.8491, 23.8536 ], [ 85.8599, 23.8484 ] ] ] } },
{ "type": "Feature", "properties": { "unit_id": "IND.15.1.1_1", "name": "Gumia", "district": "Bokaro", "did": "jharkhand:Bokaro", "state_key": "jharkhand" }, "geometry": { "type": "Polygon", "coordinates": [ [ [ 85.6874, 23.9862 ], [ 85.6981, 23.9793 ], [ 85.6974, 23.9761 ], [ 85.6853, 23.9717 ], [ 85.6847, 23.9648 ], [ 85.7001, 23.9398 ], [ 85.7129, 23.9351 ], [ 85.714, 23.923 ], [ 85.7185, 23.9235 ], [ 85.728, 23.9386 ], [ 85.7392, 23.9421 ], [ 85.7385, 23.9502 ], [ 85.7488, 23.9427 ], [ 85.7566, 23.9472 ], [ 85.7645, 23.9438 ], [ 85.7646, 23.9259 ], [ 85.7757, 23.9182 ], [ 85.7838, 23.918 ], [ 85.7856, 23.9003 ], [ 85.8009, 23.8959 ], [ 85.7969, 23.8898 ], [ 85.805, 23.8729 ], [ 85.8033, 23.8597 ], [ 85.8135, 23.8545 ], [ 85.8129, 23.8459 ], [ 85.836, 23.8401 ], [ 85.8352, 23.8297 ], [ 85.849, 23.8112 ], [ 85.8588, 23.8107 ], [ 85.8582, 23.8033 ], [ 85.8679, 23.791 ], [ 85.8877, 23.7786 ], [ 85.8826, 23.7666 ], [ 85.9041, 23.7634 ], [ 85.9079, 23.7597 ], [ 85.8908, 23.7482 ], [ 85.8513, 23.745 ], [ 85.8436, 23.7346 ], [ 85.8318, 23.7303 ], [ 85.8196, 23.7302 ], [ 85.8093, 23.7408 ], [ 85.7995, 23.7385 ], [ 85.7879, 23.7239 ], [ 85.7745, 23.7157 ], [ 85.7587, 23.6837 ], [ 85.7554, 23.6626 ], [ 85.7387, 23.6531 ], [ 85.7288, 23.6546 ], [ 85.7217, 23.6402 ], [ 85.7122, 23.6322 ], [ 85.7001, 23.6462 ], [ 85.6909, 23.6415 ], [ 85.6797, 23.6475 ], [ 85.6783, 23.6361 ], [ 85.6713, 23.6364 ], [ 85.6694, 23.631 ], [ 85.6632, 23.6292 ], [ 85.6648, 23.6224 ], [ 85.6519, 23.6083 ], [ 85.632, 23.6179 ], [ 85.6255, 23.6287 ], [ 85.6155, 23.6325 ], [ 85.6172, 23.694 ], [ 85.6098, 23.7001 ], [ 85.6108, 23.7072 ], [ 85.6176, 23.7105 ], [ 85.6222, 23.7222 ], [ 85.6218, 23.7413 ], [ 85.616, 23.7413 ], [ 85.6159, 23.7663 ], [ 85.6292, 23.7677 ], [ 85.6409, 23.7857 ], [ 85.6525, 23.7921 ], [ 85.6499, 23.8057 ], [ 85.6549, 23.815 ], [ 85.6518, 23.8225 ], [ 85.6426, 23.8215 ], [ 85.6356, 23.8029 ], [ 85.6287, 23.8026 ], [ 85.6242, 23.796 ], [ 85.6143, 23.7977 ], [ 85.6125, 23.8041 ], [ 85.6001, 23.8107 ], [ 85.5967, 23.8193 ], [ 85.5999, 23.8316 ], [ 85.5917, 23.85 ], [ 85.5837, 23.8533 ], [ 85.5932, 23.8656 ], [ 85.6136, 23.8694 ], [ 85.6174, 23.8733 ], [ 85.6199, 23.8804 ], [ 85.6159, 23.8874 ], [ 85.6122, 23.8876 ], [ 85.6123, 23.9017 ], [ 85.6278, 23.9178 ], [ 85.66, 23.9347 ], [ 85.6474, 23.9461 ], [ 85.6458, 23.9552 ], [ 85.6588, 23.954 ], [ 85.6671, 23.9571 ], [ 85.6721, 23.9684 ], [ 85.6675, 23.9751 ], [ 85.675, 23.9754 ], [ 85.6763, 23.9867 ], [ 85.6803, 23.9835 ], [ 85.6874, 23.9862 ] ] ] } },
{ "type": "Feature", "properties": { "unit_id": "IND.15.20.1_1", "name": "Chitarpur", "district": "Ramgarh", "did": "jharkhand:Ramgarh", "state_key": "jharkhand" }, "geometry": { "type": "Polygon", "coordinates": [ [ [ 85.7001, 23.6462 ], [ 85.7154, 23.6275 ], [ 85.7097, 23.621 ], [ 85.7111, 23.6126 ], [ 85.7039, 23.6158 ], [ 85.7081, 23.6071 ], [ 85.7019, 23.6113 ], [ 85.7049, 23.5969 ], [ 85.6999, 23.5951 ], [ 85.7028, 23.59 ], [ 85.699, 23.5867 ], [ 85.7044, 23.5847 ], [ 85.6988, 23.5844 ], [ 85.6991, 23.5769 ], [ 85.6948, 23.5766 ], [ 85.7036, 23.5716 ], [ 85.6986, 23.5577 ], [ 85.6953, 23.5541 ], [ 85.6822, 23.5599 ], [ 85.6765, 23.5538 ], [ 85.6647, 23.5575 ], [ 85.6643, 23.5511 ], [ 85.6605, 23.5501 ], [ 85.6392, 23.5534 ], [ 85.6391, 23.5587 ], [ 85.6296, 23.5672 ], [ 85.6248, 23.566 ], [ 85.6097, 23.5717 ], [ 85.6116, 23.5849 ], [ 85.638, 23.6149 ], [ 85.6542, 23.6088 ], [ 85.6648, 23.6224 ], [ 85.6632, 23.6292 ], [ 85.6694, 23.631 ], [ 85.6713, 23.6364 ], [ 85.6783, 23.6361 ], [ 85.6787, 23.6469 ], [ 85.6838, 23.6474 ], [ 85.69, 23.6417 ], [ 85.7001, 23.6462 ] ] ] } },
{ "type": "Feature", "properties": { "unit_id": "IND.15.20.1_1", "name": "Mandu", "district": "Ramgarh", "did": "jharkhand:Ramgarh", "state_key": "jharkhand" }, "geometry": { "type": "Polygon", "coordinates": [ [ [ 85.6474, 23.9461 ], [ 85.66, 23.9347 ], [ 85.6278, 23.9178 ], [ 85.6162, 23.9076 ], [ 85.6113, 23.8932 ], [ 85.6122, 23.8876 ], [ 85.6159, 23.8874 ], [ 85.6199, 23.8804 ], [ 85.6179, 23.8741 ], [ 85.6136, 23.8694 ], [ 85.5932, 23.8656 ], [ 85.5837, 23.8533 ], [ 85.5917, 23.85 ], [ 85.5999, 23.8316 ], [ 85.5967, 23.8193 ], [ 85.6001, 23.8107 ], [ 85.6125, 23.8041 ], [ 85.6143, 23.7977 ], [ 85.6242, 23.796 ], [ 85.6287, 23.8026 ], [ 85.6356, 23.8029 ], [ 85.6426, 23.8215 ], [ 85.6518, 23.8225 ], [ 85.6552, 23.8134 ], [ 85.6499, 23.8057 ], [ 85.6525, 23.7921 ], [ 85.6409, 23.7857 ], [ 85.6292, 23.7677 ], [ 85.6156, 23.7653 ], [ 85.616, 23.7413 ], [ 85.6218, 23.7413 ], [ 85.6222, 23.7222 ], [ 85.6176, 23.7105 ], [ 85.6108, 23.7072 ], [ 85.6098, 23.7001 ], [ 85.6172, 23.694 ], [ 85.6156, 23.6356 ], [ 85.5889, 23.6313 ], [ 85.5766, 23.6351 ], [ 85.5728, 23.6415 ], [ 85.5632, 23.645 ], [ 85.5583, 23.6509 ], [ 85.5477, 23.6461 ], [ 85.5339, 23.6482 ], [ 85.5274, 23.643 ], [ 85.5181, 23.6416 ], [ 85.5162, 23.6762 ], [ 85.498, 23.685 ], [ 85.5016, 23.6609 ], [ 85.4983, 23.6473 ], [ 85.4695, 23.6588 ], [ 85.4659, 23.6542 ], [ 85.4622, 23.6586 ], [ 85.447, 23.6613 ], [ 85.4247, 23.684 ], [ 85.4285, 23.6907 ], [ 85.4278, 23.7085 ], [ 85.4405, 23.7088 ], [ 85.4414, 23.7218 ], [ 85.4487, 23.7216 ], [ 85.4561, 23.7273 ], [ 85.4555, 23.7402 ], [ 85.4643, 23.7435 ], [ 85.4592, 23.7501 ], [ 85.461, 23.7574 ], [ 85.4707, 23.7651 ], [ 85.4602, 23.7719 ], [ 85.4325, 23.7773 ], [ 85.4269, 23.7938 ], [ 85.4473, 23.8016 ], [ 85.4526, 23.8106 ], [ 85.4803, 23.8297 ], [ 85.4859, 23.8261 ], [ 85.4892, 23.8385 ], [ 85.5013, 23.8406 ], [ 85.5075, 23.8382 ], [ 85.5152, 23.8416 ], [ 85.5184, 23.8522 ], [ 85.5301, 23.8494 ], [ 85.5394, 23.8538 ], [ 85.555, 23.845 ], [ 85.5625, 23.8474 ], [ 85.5631, 23.858 ], [ 85.5739, 23.8783 ], [ 85.5672, 23.8845 ], [ 85.5732, 23.8935 ], [ 85.5651, 23.8963 ], [ 85.579, 23.9096 ], [ 85.5765, 23.9182 ], [ 85.5845, 23.9177 ], [ 85.5949, 23.9337 ], [ 85.6078, 23.9367 ], [ 85.6046, 23.9404 ], [ 85.6089, 23.9578 ], [ 85.617, 23.9621 ], [ 85.6399, 23.9618 ], [ 85.6474, 23.9461 ] ] ] } },
{ "type": "Feature", "properties": { "unit_id": "IND.15.10.1_1", "name": "Dadi", "district": "Hazaribagh", "did": "jharkhand:Hazaribagh", "state_key": "jharkhand" }, "geometry": { "type": "Polygon", "coordinates": [ [ [ 85.4325, 23.7773 ], [ 85.4602, 23.7719 ], [ 85.4707, 23.7651 ], [ 85.461, 23.7574 ], [ 85.4592, 23.7501 ], [ 85.4643, 23.7435 ], [ 85.4555, 23.7402 ], [ 85.4561, 23.7273 ], [ 85.4487, 23.7216 ], [ 85.4414, 23.7218 ], [ 85.4405, 23.7088 ], [ 85.4278, 23.7085 ], [ 85.4285, 23.6907 ], [ 85.4247, 23.684 ], [ 85.4292, 23.676 ], [ 85.4471, 23.6628 ], [ 85.4459, 23.6548 ], [ 85.4016, 23.653 ], [ 85.3977, 23.6653 ], [ 85.3901, 23.6588 ], [ 85.3856, 23.66 ], [ 85.3854, 23.6708 ], [ 85.3774, 23.6739 ], [ 85.3611, 23.6735 ], [ 85.3376, 23.6958 ], [ 85.3491, 23.7285 ], [ 85.3491, 23.7531 ], [ 85.3409, 23.7643 ], [ 85.3444, 23.7854 ], [ 85.3397, 23.796 ], [ 85.3425, 23.7983 ], [ 85.3548, 23.7956 ], [ 85.361, 23.789 ], [ 85.3744, 23.7854 ], [ 85.3826, 23.7978 ], [ 85.3909, 23.8008 ], [ 85.4269, 23.7938 ], [ 85.4325, 23.7773 ] ] ] } },
{ "type": "Feature", "properties": { "unit_id": "IND.15.20.1_1", "name": "Patratu", "district": "Ramgarh", "did": "jharkhand:Ramgarh", "state_key": "jharkhand" }, "geometry": { "type": "Polygon", "coordinates": [ [ [ 85.2983, 23.6903 ], [ 85.3067, 23.6834 ], [ 85.3369, 23.7038 ], [ 85.3397, 23.7018 ], [ 85.3376, 23.6958 ], [ 85.3611, 23.6735 ], [ 85.382, 23.6726 ], [ 85.3877, 23.659 ], [ 85.3977, 23.6653 ], [ 85.4016, 23.653 ], [ 85.4169, 23.6528 ], [ 85.4162, 23.6433 ], [ 85.4197, 23.64 ], [ 85.4419, 23.6358 ], [ 85.461, 23.643 ], [ 85.4676, 23.6349 ], [ 85.4646, 23.6302 ], [ 85.4667, 23.6228 ], [ 85.4769, 23.621 ], [ 85.4857, 23.5959 ], [ 85.5015, 23.6076 ], [ 85.5066, 23.6065 ], [ 85.5124, 23.593 ], [ 85.5121, 23.574 ], [ 85.5049, 23.5701 ], [ 85.4953, 23.5754 ], [ 85.4975, 23.5679 ], [ 85.4869, 23.5637 ], [ 85.4735, 23.5716 ], [ 85.4714, 23.5581 ], [ 85.4483, 23.5485 ], [ 85.4257, 23.5546 ], [ 85.4167, 23.5608 ], [ 85.4088, 23.556 ], [ 85.3967, 23.5546 ], [ 85.3927, 23.5623 ], [ 85.3856, 23.5498 ], [ 85.3819, 23.5557 ], [ 85.3658, 23.5625 ], [ 85.337, 23.5594 ], [ 85.3236, 23.5696 ], [ 85.279, 23.5778 ], [ 85.2789, 23.5804 ], [ 85.2678, 23.5782 ], [ 85.2614, 23.5898 ], [ 85.2432, 23.5934 ], [ 85.2459, 23.6026 ], [ 85.2366, 23.6186 ], [ 85.2307, 23.6168 ], [ 85.2102, 23.6208 ], [ 85.2033, 23.6363 ], [ 85.2144, 23.6545 ], [ 85.2236, 23.6545 ], [ 85.2227, 23.6712 ], [ 85.2362, 23.683 ], [ 85.2359, 23.698 ], [ 85.2432, 23.7119 ], [ 85.2501, 23.7097 ], [ 85.2623, 23.6966 ], [ 85.2839, 23.6873 ], [ 85.2983, 23.6903 ] ] ] } },
{ "type": "Feature", "properties": { "unit_id": "IND.15.20.1_1", "name": "Ramgarh", "district": "Ramgarh", "did": "jharkhand:Ramgarh", "state_key": "jharkhand" }, "geometry": { "type": "MultiPolygon", "coordinates": [ [ [ [ 85.5147, 23.5448 ], [ 85.4951, 23.5441 ], [ 85.4821, 23.554 ], [ 85.4832, 23.557 ], [ 85.4897, 23.5608 ], [ 85.4871, 23.5647 ], [ 85.4975, 23.5679 ], [ 85.4953, 23.5754 ], [ 85.5146, 23.5581 ], [ 85.5147, 23.5448 ] ] ], [ [ [ 85.5339, 23.6482 ], [ 85.5477, 23.6461 ], [ 85.5583, 23.6509 ], [ 85.5632, 23.645 ], [ 85.5728, 23.6415 ], [ 85.5766, 23.6351 ], [ 85.5889, 23.6313 ], [ 85.6156, 23.6356 ], [ 85.638, 23.6149 ], [ 85.6116, 23.5849 ], [ 85.5669, 23.6065 ], [ 85.5628, 23.595 ], [ 85.569, 23.5932 ], [ 85.5579, 23.5754 ], [ 85.5747, 23.5723 ], [ 85.5795, 23.5589 ], [ 85.5743, 23.5517 ], [ 85.5566, 23.5632 ], [ 85.5504, 23.5523 ], [ 85.5468, 23.5525 ], [ 85.556, 23.5472 ], [ 85.558, 23.5404 ], [ 85.5532, 23.5382 ], [ 85.5421, 23.5439 ], [ 85.5341, 23.5409 ], [ 85.5304, 23.5343 ], [ 85.519, 23.5426 ], [ 85.5295, 23.564 ], [ 85.5227, 23.5789 ], [ 85.5136, 23.5765 ], [ 85.5102, 23.585 ], [ 85.5119, 23.5957 ], [ 85.5058, 23.6021 ], [ 85.5066, 23.6065 ], [ 85.5015, 23.6076 ], [ 85.4857, 23.5959 ], [ 85.4769, 23.621 ], [ 85.4667, 23.6228 ], [ 85.4646, 23.6302 ], [ 85.4676, 23.6349 ], [ 85.461, 23.643 ], [ 85.4466, 23.6367 ], [ 85.4333, 23.6354 ], [ 85.4162, 23.6433 ], [ 85.4179, 23.6536 ], [ 85.4459, 23.6548 ], [ 85.447, 23.6613 ], [ 85.4622, 23.6586 ], [ 85.4659, 23.6542 ], [ 85.4695, 23.6588 ], [ 85.4983, 23.6473 ], [ 85.5016, 23.6609 ], [ 85.498, 23.685 ], [ 85.5162, 23.6762 ], [ 85.52, 23.6415 ], [ 85.5339, 23.6482 ] ] ] ] } },
{ "type": "Feature", "properties": { "unit_id": "IND.15.21.2_1", "name": "Ormanjhi", "district": "Ranchi", "did": "jharkhand:Ranchi", "state_key": "jharkhand" }, "geometry": { "type": "Polygon", "coordinates": [ [ [ 85.5304, 23.5343 ], [ 85.5341, 23.5409 ], [ 85.5421, 23.5439 ], [ 85.5488, 23.5423 ], [ 85.5722, 23.5145 ], [ 85.5903, 23.504 ], [ 85.5916, 23.4947 ], [ 85.5857, 23.493 ], [ 85.5843, 23.4861 ], [ 85.5688, 23.4888 ], [ 85.5637, 23.4851 ], [ 85.5548, 23.457 ], [ 85.5452, 23.4606 ], [ 85.5356, 23.4561 ], [ 85.5285, 23.4588 ], [ 85.5211, 23.4552 ], [ 85.5224, 23.4493 ], [ 85.5104, 23.4534 ], [ 85.509, 23.4485 ], [ 85.5108, 23.4449 ], [ 85.5029, 23.4427 ], [ 85.4839, 23.4515 ], [ 85.4856, 23.444 ], [ 85.4811, 23.4394 ], [ 85.4842, 23.4338 ], [ 85.477, 23.4327 ], [ 85.4686, 23.44 ], [ 85.4632, 23.4331 ], [ 85.45, 23.4328 ], [ 85.43, 23.4486 ], [ 85.4306, 23.4558 ], [ 85.4228, 23.4577 ], [ 85.4319, 23.4652 ], [ 85.4302, 23.4726 ], [ 85.4098, 23.4856 ], [ 85.3999, 23.4845 ], [ 85.3797, 23.4971 ], [ 85.3685, 23.4933 ], [ 85.3616, 23.5077 ], [ 85.3376, 23.5222 ], [ 85.3334, 23.5339 ], [ 85.3382, 23.5333 ], [ 85.3429, 23.5608 ], [ 85.3658, 23.5625 ], [ 85.3819, 23.5557 ], [ 85.3856, 23.5498 ], [ 85.3927, 23.5623 ], [ 85.3967, 23.5546 ], [ 85.4088, 23.556 ], [ 85.4167, 23.5608 ], [ 85.4257, 23.5546 ], [ 85.4483, 23.5485 ], [ 85.4714, 23.5581 ], [ 85.4735, 23.5716 ], [ 85.4883, 23.5633 ], [ 85.4897, 23.5608 ], [ 85.4848, 23.5601 ], [ 85.4821, 23.554 ], [ 85.4923, 23.5456 ], [ 85.5126, 23.5435 ], [ 85.5147, 23.5579 ], [ 85.5049, 23.5701 ], [ 85.5213, 23.5794 ], [ 85.5299, 23.5618 ], [ 85.5191, 23.5429 ], [ 85.5304, 23.5343 ] ] ] } },
{ "type": "Feature", "properties": { "unit_id": "IND.15.21.2_1", "name": "Ranchi", "district": "Ranchi", "did": "jharkhand:Ranchi", "state_key": "jharkhand" }, "geometry": { "type": "Polygon", "coordinates": [ [ [ 85.3306, 23.4253 ], [ 85.3337, 23.4223 ], [ 85.3543, 23.4202 ], [ 85.3706, 23.4362 ], [ 85.3818, 23.4365 ], [ 85.3881, 23.4257 ], [ 85.4003, 23.4211 ], [ 85.3865, 23.4133 ], [ 85.3938, 23.4059 ], [ 85.3902, 23.3949 ], [ 85.3955, 23.3934 ], [ 85.397, 23.3885 ], [ 85.3944, 23.3749 ], [ 85.3978, 23.3648 ], [ 85.3903, 23.3608 ], [ 85.3832, 23.3637 ], [ 85.3762, 23.3533 ], [ 85.372, 23.3546 ], [ 85.3688, 23.3478 ], [ 85.3608, 23.3445 ], [ 85.3575, 23.3227 ], [ 85.3209, 23.3354 ], [ 85.3157, 23.3136 ], [ 85.3055, 23.3166 ], [ 85.3005, 23.2879 ], [ 85.2627, 23.3045 ], [ 85.2654, 23.3198 ], [ 85.2551, 23.3268 ], [ 85.2546, 23.337 ], [ 85.2498, 23.3425 ], [ 85.2549, 23.3433 ], [ 85.2842, 23.3291 ], [ 85.2936, 23.3291 ], [ 85.2963, 23.3322 ], [ 85.2843, 23.3448 ], [ 85.2856, 23.3534 ], [ 85.2805, 23.3552 ], [ 85.2794, 23.3604 ], [ 85.255, 23.3629 ], [ 85.2586, 23.3766 ], [ 85.2626, 23.3778 ], [ 85.2546, 23.3823 ], [ 85.2749, 23.3845 ], [ 85.2689, 23.3953 ], [ 85.2855, 23.3941 ], [ 85.3061, 23.3993 ], [ 85.309, 23.4023 ], [ 85.3078, 23.4162 ], [ 85.3168, 23.4236 ], [ 85.3087, 23.4268 ], [ 85.316, 23.4465 ], [ 85.3375, 23.4438 ], [ 85.3306, 23.4253 ] ] ] } },
{ "type": "Feature", "properties": { "unit_id": "IND.15.21.2_1", "name": "Kanke", "district": "Ranchi", "did": "jharkhand:Ranchi", "state_key": "jharkhand" }, "geometry": { "type": "MultiPolygon", "coordinates": [ [ [ [ 85.2696, 23.2857 ], [ 85.2681, 23.3019 ], [ 85.2785, 23.2966 ], [ 85.2735, 23.2865 ], [ 85.2696, 23.2857 ] ] ], [ [ [ 85.2678, 23.5782 ], [ 85.2789, 23.5804 ], [ 85.279, 23.5778 ], [ 85.3247, 23.5693 ], [ 85.337, 23.5594 ], [ 85.3429, 23.5608 ], [ 85.3382, 23.5333 ], [ 85.3334, 23.5345 ], [ 85.3376, 23.5222 ], [ 85.3616, 23.5077 ], [ 85.3685, 23.4933 ], [ 85.3797, 23.4971 ], [ 85.3999, 23.4845 ], [ 85.4098, 23.4856 ], [ 85.4302, 23.4726 ], [ 85.4319, 23.4652 ], [ 85.4228, 23.4577 ], [ 85.4306, 23.4558 ], [ 85.43, 23.4486 ], [ 85.4492, 23.4358 ], [ 85.4461, 23.418 ], [ 85.455, 23.4103 ], [ 85.452, 23.4071 ], [ 85.4395, 23.4079 ], [ 85.4376, 23.3844 ], [ 85.4277, 23.3811 ], [ 85.4156, 23.3698 ], [ 85.4013, 23.3689 ], [ 85.3978, 23.3648 ], [ 85.3944, 23.3749 ], [ 85.397, 23.3885 ], [ 85.3955, 23.3934 ], [ 85.3902, 23.3949 ], [ 85.3938, 23.4059 ], [ 85.3865, 23.4133 ], [ 85.4003, 23.4211 ], [ 85.3881, 23.4257 ], [ 85.3818, 23.4365 ], [ 85.3706, 23.4362 ], [ 85.3543, 23.4202 ], [ 85.3399, 23.4203 ], [ 85.3306, 23.4253 ], [ 85.3375, 23.4438 ], [ 85.316, 23.4465 ], [ 85.3087, 23.4268 ], [ 85.3168, 23.4236 ], [ 85.3078, 23.4162 ], [ 85.309, 23.4023 ], [ 85.2993, 23.3971 ], [ 85.3004, 23.4064 ], [ 85.2872, 23.4067 ], [ 85.2902, 23.4238 ], [ 85.2644, 23.4151 ], [ 85.2631, 23.4113 ], [ 85.2366, 23.4132 ], [ 85.2361, 23.4274 ], [ 85.2391, 23.4274 ], [ 85.2509, 23.4512 ], [ 85.2323, 23.4523 ], [ 85.2344, 23.4603 ], [ 85.2253, 23.4668 ], [ 85.227, 23.4766 ], [ 85.204, 23.4863 ], [ 85.2074, 23.495 ], [ 85.2215, 23.5052 ], [ 85.2149, 23.5109 ], [ 85.219, 23.5256 ], [ 85.214, 23.5286 ], [ 85.2206, 23.5499 ], [ 85.2277, 23.5551 ], [ 85.2228, 23.575 ], [ 85.2382, 23.5782 ], [ 85.241, 23.5822 ], [ 85.2356, 23.586 ], [ 85.2101, 23.584 ], [ 85.2083, 23.5881 ], [ 85.2295, 23.592 ], [ 85.2343, 23.5961 ], [ 85.2642, 23.5873 ], [ 85.2678, 23.5782 ] ] ] ] } },
{ "type": "Feature", "properties": { "unit_id": "IND.15.21.2_1", "name": "Ratu", "district": "Ranchi", "did": "jharkhand:Ranchi", "state_key": "jharkhand" }, "geometry": { "type": "Polygon", "coordinates": [ [ [ 85.2004, 23.481 ], [ 85.2042, 23.4845 ], [ 85.227, 23.4766 ], [ 85.2253, 23.4668 ], [ 85.2344, 23.4603 ], [ 85.2323, 23.4523 ], [ 85.2509, 23.4512 ], [ 85.2391, 23.4274 ], [ 85.2361, 23.4274 ], [ 85.2366, 23.4132 ], [ 85.2631, 23.4113 ], [ 85.2644, 23.4151 ], [ 85.2902, 23.4238 ], [ 85.2872, 23.4067 ], [ 85.2978, 23.4071 ], [ 85.3011, 23.4042 ], [ 85.2942, 23.3953 ], [ 85.2689, 23.3953 ], [ 85.2694, 23.3898 ], [ 85.2751, 23.3881 ], [ 85.2722, 23.3825 ], [ 85.2547, 23.3829 ], [ 85.2626, 23.3778 ], [ 85.2586, 23.3766 ], [ 85.255, 23.3629 ], [ 85.2212, 23.3726 ], [ 85.2155, 23.3626 ], [ 85.2044, 23.3655 ], [ 85.2007, 23.3576 ], [ 85.1784, 23.3635 ], [ 85.1693, 23.3493 ], [ 85.1572, 23.3571 ], [ 85.1586, 23.3653 ], [ 85.1481, 23.3693 ], [ 85.1469, 23.3774 ], [ 85.1366, 23.3848 ], [ 85.1325, 23.3947 ], [ 85.1403, 23.4056 ], [ 85.1412, 23.4188 ], [ 85.1441, 23.4167 ], [ 85.1463, 23.4209 ], [ 85.1526, 23.4192 ], [ 85.1587, 23.425 ], [ 85.1674, 23.4252 ], [ 85.1721, 23.4291 ], [ 85.1723, 23.4428 ], [ 85.1634, 23.4463 ], [ 85.1621, 23.4501 ], [ 85.1727, 23.4606 ], [ 85.1754, 23.4926 ], [ 85.1911, 23.4901 ], [ 85.2004, 23.481 ] ] ] } },
{ "type": "Feature", "properties": { "unit_id": "IND.15.21.2_1", "name": "Burmu", "district": "Ranchi", "did": "jharkhand:Ranchi", "state_key": "jharkhand" }, "geometry": { "type": "Polygon", "coordinates": [ [ [ 85.226, 23.6849 ], [ 85.2365, 23.6845 ], [ 85.2229, 23.6716 ], [ 85.2235, 23.6542 ], [ 85.2147, 23.6547 ], [ 85.2071, 23.6453 ], [ 85.2033, 23.6363 ], [ 85.2055, 23.6269 ], [ 85.2103, 23.6208 ], [ 85.2307, 23.6168 ], [ 85.2366, 23.6186 ], [ 85.246, 23.602 ], [ 85.2431, 23.5938 ], [ 85.2343, 23.5961 ], [ 85.2295, 23.592 ], [ 85.2083, 23.5881 ], [ 85.2101, 23.584 ], [ 85.2356, 23.586 ], [ 85.241, 23.5822 ], [ 85.2382, 23.5782 ], [ 85.2236, 23.5764 ], [ 85.2217, 23.5709 ], [ 85.2277, 23.5551 ], [ 85.2206, 23.5499 ], [ 85.214, 23.5286 ], [ 85.219, 23.5256 ], [ 85.2149, 23.5109 ], [ 85.2215, 23.5052 ], [ 85.2074, 23.495 ], [ 85.2009, 23.4812 ], [ 85.1903, 23.4906 ], [ 85.1799, 23.4932 ], [ 85.1754, 23.4926 ], [ 85.173, 23.481 ], [ 85.1512, 23.4887 ], [ 85.1496, 23.4804 ], [ 85.1454, 23.4802 ], [ 85.1303, 23.4879 ], [ 85.1403, 23.5026 ], [ 85.1375, 23.5316 ], [ 85.1275, 23.5281 ], [ 85.123, 23.5175 ], [ 85.1124, 23.5181 ], [ 85.0941, 23.533 ], [ 85.099, 23.547 ], [ 85.0909, 23.5486 ], [ 85.0886, 23.5528 ], [ 85.0836, 23.5441 ], [ 85.0649, 23.5435 ], [ 85.0474, 23.5332 ], [ 85.0338, 23.5405 ], [ 85.035, 23.553 ], [ 85.041, 23.5595 ], [ 85.0363, 23.5761 ], [ 85.0444, 23.5777 ], [ 85.0416, 23.5813 ], [ 85.0547, 23.5897 ], [ 85.0384, 23.5947 ], [ 85.0339, 23.6033 ], [ 85.0442, 23.6207 ], [ 85.0451, 23.6363 ], [ 85.0572, 23.6394 ], [ 85.0568, 23.6535 ], [ 85.062, 23.6525 ], [ 85.0596, 23.6454 ], [ 85.0736, 23.6419 ], [ 85.0786, 23.6564 ], [ 85.0958, 23.6636 ], [ 85.12, 23.6622 ], [ 85.126, 23.6664 ], [ 85.1589, 23.6738 ], [ 85.1668, 23.6656 ], [ 85.1878, 23.7092 ], [ 85.2261, 23.6993 ], [ 85.226, 23.6849 ] ] ] } },
{ "type": "Feature", "properties": { "unit_id": "IND.15.21.2_1", "name": "Khelari", "district": "Ranchi", "did": "jharkhand:Ranchi", "state_key": "jharkhand" }, "geometry": { "type": "Polygon", "coordinates": [ [ [ 84.9904, 23.7041 ], [ 84.9945, 23.6892 ], [ 85.0045, 23.6803 ], [ 85.0121, 23.6956 ], [ 85.0192, 23.6889 ], [ 85.0364, 23.6895 ], [ 85.0408, 23.7026 ], [ 85.0504, 23.7113 ], [ 85.0539, 23.7131 ], [ 85.0577, 23.7068 ], [ 85.0677, 23.7097 ], [ 85.0719, 23.6969 ], [ 85.0603, 23.6944 ], [ 85.0615, 23.6821 ], [ 85.0752, 23.6756 ], [ 85.0792, 23.672 ], [ 85.0778, 23.6677 ], [ 85.0871, 23.6691 ], [ 85.1022, 23.6643 ], [ 85.0786, 23.6564 ], [ 85.0736, 23.6419 ], [ 85.0596, 23.6454 ], [ 85.062, 23.6525 ], [ 85.0568, 23.6535 ], [ 85.0552, 23.6429 ], [ 85.0484, 23.6393 ], [ 85.0222, 23.6401 ], [ 85.0186, 23.6281 ], [ 85.0101, 23.6288 ], [ 85.0038, 23.6218 ], [ 85.015, 23.6058 ], [ 85.0085, 23.599 ], [ 85.0005, 23.6001 ], [ 84.9973, 23.5964 ], [ 84.9932, 23.6011 ], [ 84.9898, 23.5909 ], [ 84.981, 23.5865 ], [ 84.9799, 23.5735 ], [ 84.973, 23.5698 ], [ 84.9725, 23.5775 ], [ 84.9672, 23.5796 ], [ 84.965, 23.5869 ], [ 84.9466, 23.603 ], [ 84.944, 23.6379 ], [ 84.9209, 23.6483 ], [ 84.9209, 23.6536 ], [ 84.9256, 23.6598 ], [ 84.9239, 23.6697 ], [ 84.9367, 23.6793 ], [ 84.9363, 23.6899 ], [ 84.9503, 23.7025 ], [ 84.9549, 23.6977 ], [ 84.9633, 23.6962 ], [ 84.9676, 23.7053 ], [ 84.9652, 23.7123 ], [ 84.9695, 23.7171 ], [ 84.9814, 23.7058 ], [ 84.9904, 23.7041 ] ] ] } },
{ "type": "Feature", "properties": { "unit_id": "IND.15.14.1_1", "name": "Balumath", "district": "Latehar", "did": "jharkhand:Latehar", "state_key": "jharkhand" }, "geometry": { "type": "MultiPolygon", "coordinates": [ [ [ [ 84.9676, 23.7053 ], [ 84.9633, 23.6962 ], [ 84.9549, 23.6977 ], [ 84.9509, 23.7029 ], [ 84.9419, 23.6928 ], [ 84.9326, 23.6941 ], [ 84.9291, 23.6878 ], [ 84.9262, 23.6887 ], [ 84.9156, 23.702 ], [ 84.9123, 23.7137 ], [ 84.8857, 23.7175 ], [ 84.8859, 23.7434 ], [ 84.8914, 23.7506 ], [ 84.8863, 23.7508 ], [ 84.8833, 23.7469 ], [ 84.8751, 23.7501 ], [ 84.855, 23.7363 ], [ 84.8441, 23.7513 ], [ 84.8211, 23.7497 ], [ 84.7885, 23.7623 ], [ 84.7746, 23.7501 ], [ 84.7701, 23.754 ], [ 84.7564, 23.7562 ], [ 84.759, 23.7609 ], [ 84.753, 23.7699 ], [ 84.7556, 23.7741 ], [ 84.7506, 23.7836 ], [ 84.7377, 23.771 ], [ 84.7202, 23.777 ], [ 84.7203, 23.7861 ], [ 84.7246, 23.7898 ], [ 84.7201, 23.7929 ], [ 84.6989, 23.7657 ], [ 84.6955, 23.7671 ], [ 84.6949, 23.7805 ], [ 84.69, 23.7783 ], [ 84.6852, 23.7824 ], [ 84.6656, 23.7646 ], [ 84.6474, 23.7729 ], [ 84.6429, 23.7789 ], [ 84.6458, 23.7944 ], [ 84.6386, 23.7987 ], [ 84.6403, 23.8149 ], [ 84.6317, 23.8256 ], [ 84.6468, 23.8266 ], [ 84.6406, 23.8379 ], [ 84.6529, 23.8498 ], [ 84.6509, 23.8574 ], [ 84.6593, 23.8599 ], [ 84.663, 23.8697 ], [ 84.674, 23.8746 ], [ 84.679, 23.8695 ], [ 84.6767, 23.8607 ], [ 84.6917, 23.8562 ], [ 84.6949, 23.8516 ], [ 84.6985, 23.853 ], [ 84.7029, 23.8455 ], [ 84.7137, 23.8479 ], [ 84.7172, 23.858 ], [ 84.7388, 23.8671 ], [ 84.7411, 23.8771 ], [ 84.7638, 23.8736 ], [ 84.7706, 23.8668 ], [ 84.7829, 23.8675 ], [ 84.7843, 23.8618 ], [ 84.7941, 23.8571 ], [ 84.7929, 23.8511 ], [ 84.802, 23.8445 ], [ 84.7996, 23.8376 ], [ 84.8045, 23.8335 ], [ 84.8228, 23.8355 ], [ 84.8308, 23.8328 ], [ 84.8327, 23.8441 ], [ 84.8392, 23.8457 ], [ 84.8368, 23.8495 ], [ 84.8436, 23.8526 ], [ 84.8442, 23.8573 ], [ 84.8623, 23.8622 ], [ 84.8765, 23.8603 ], [ 84.8809, 23.8503 ], [ 84.8861, 23.8539 ], [ 84.8953, 23.8493 ], [ 84.9018, 23.8356 ], [ 84.8956, 23.8257 ], [ 84.8983, 23.8218 ], [ 84.9162, 23.8244 ], [ 84.9216, 23.8578 ], [ 84.9312, 23.8625 ], [ 84.9316, 23.8586 ], [ 84.944, 23.8558 ], [ 84.9491, 23.8451 ], [ 84.949, 23.8308 ], [ 84.9456, 23.8279 ], [ 84.9477, 23.8061 ], [ 84.9172, 23.8081 ], [ 84.9084, 23.8018 ], [ 84.9045, 23.7766 ], [ 84.9301, 23.7711 ], [ 84.9283, 23.7608 ], [ 84.9389, 23.7333 ], [ 84.9619, 23.7253 ], [ 84.9612, 23.7168 ], [ 84.9676, 23.7053 ] ] ] ] } },
{ "type": "Feature", "properties": { "unit_id": "IND.15.14.1_1", "name": "Chandwara", "district": "Latehar", "did": "jharkhand:Latehar", "state_key": "jharkhand" }, "geometry": { "type": "Polygon", "coordinates": [ [ [ 84.7506, 23.7836 ], [ 84.7556, 23.7741 ], [ 84.753, 23.7699 ], [ 84.759, 23.7609 ], [ 84.7567, 23.7561 ], [ 84.7764, 23.7498 ], [ 84.7825, 23.7596 ], [ 84.7885, 23.7623 ], [ 84.8211, 23.7497 ], [ 84.8441, 23.7513 ], [ 84.855, 23.7363 ], [ 84.8751, 23.7501 ], [ 84.8833, 23.7469 ], [ 84.8863, 23.7508 ], [ 84.8914, 23.7506 ], [ 84.8859, 23.7434 ], [ 84.8857, 23.7175 ], [ 84.9108, 23.7146 ], [ 84.9262, 23.6887 ], [ 84.9291, 23.6878 ], [ 84.9326, 23.6941 ], [ 84.938, 23.6917 ], [ 84.9367, 23.6793 ], [ 84.9237, 23.6694 ], [ 84.926, 23.6619 ], [ 84.9207, 23.6487 ], [ 84.944, 23.6379 ], [ 84.9434, 23.6196 ], [ 84.9485, 23.6077 ], [ 84.9346, 23.5727 ], [ 84.9365, 23.5502 ], [ 84.9253, 23.5551 ], [ 84.9179, 23.5411 ], [ 84.9108, 23.5419 ], [ 84.9088, 23.5683 ], [ 84.912, 23.5751 ], [ 84.9062, 23.5851 ], [ 84.8973, 23.5584 ], [ 84.8777, 23.5595 ], [ 84.874, 23.5444 ], [ 84.8695, 23.5448 ], [ 84.8676, 23.541 ], [ 84.8619, 23.5426 ], [ 84.8592, 23.5328 ], [ 84.8382, 23.5398 ], [ 84.834, 23.5446 ], [ 84.8218, 23.5464 ], [ 84.8237, 23.5689 ], [ 84.8165, 23.5699 ], [ 84.8099, 23.5646 ], [ 84.7997, 23.5644 ], [ 84.8034, 23.5795 ], [ 84.7941, 23.5762 ], [ 84.7957, 23.5612 ], [ 84.7928, 23.545 ], [ 84.7898, 23.5451 ], [ 84.7819, 23.5531 ], [ 84.7859, 23.572 ], [ 84.7726, 23.5769 ], [ 84.7732, 23.5825 ], [ 84.7661, 23.5857 ], [ 84.7678, 23.5969 ], [ 84.7602, 23.6058 ], [ 84.7467, 23.6085 ], [ 84.7448, 23.6325 ], [ 84.741, 23.632 ], [ 84.7379, 23.6392 ], [ 84.7315, 23.64 ], [ 84.7313, 23.6305 ], [ 84.7232, 23.6197 ], [ 84.6864, 23.6049 ], [ 84.6793, 23.6058 ], [ 84.6823, 23.6178 ], [ 84.6659, 23.626 ], [ 84.6605, 23.6479 ], [ 84.6426, 23.6685 ], [ 84.6414, 23.6651 ], [ 84.6143, 23.6584 ], [ 84.6075, 23.6629 ], [ 84.5976, 23.6807 ], [ 84.6015, 23.6881 ], [ 84.5981, 23.6972 ], [ 84.6005, 23.7218 ], [ 84.6083, 23.7229 ], [ 84.6141, 23.7297 ], [ 84.6145, 23.7384 ], [ 84.6042, 23.7501 ], [ 84.6111, 23.7671 ], [ 84.6209, 23.7616 ], [ 84.6264, 23.763 ], [ 84.6256, 23.7793 ], [ 84.6421, 23.7795 ], [ 84.6474, 23.7729 ], [ 84.6667, 23.7646 ], [ 84.6852, 23.7824 ], [ 84.69, 23.7783 ], [ 84.6949, 23.7805 ], [ 84.698, 23.7655 ], [ 84.7201, 23.7929 ], [ 84.7246, 23.7898 ], [ 84.7203, 23.7861 ], [ 84.7196, 23.7778 ], [ 84.7377, 23.771 ], [ 84.7506, 23.7836 ] ] ] } },
{ "type": "Feature", "properties": { "unit_id": "IND.15.15.1_1", "name": "Kuru", "district": "Lohardaga", "did": "jharkhand:Lohardaga", "state_key": "jharkhand" }, "geometry": { "type": "Polygon", "coordinates": [ [ [ 84.7448, 23.6325 ], [ 84.7467, 23.6085 ], [ 84.7602, 23.6058 ], [ 84.7678, 23.5969 ], [ 84.7661, 23.5857 ], [ 84.7732, 23.5825 ], [ 84.7726, 23.5769 ], [ 84.7859, 23.572 ], [ 84.7819, 23.5531 ], [ 84.7902, 23.545 ], [ 84.7957, 23.5612 ], [ 84.7941, 23.5762 ], [ 84.8034, 23.5795 ], [ 84.7997, 23.5644 ], [ 84.8099, 23.5646 ], [ 84.8165, 23.5699 ], [ 84.8237, 23.5689 ], [ 84.8218, 23.5464 ], [ 84.834, 23.5446 ], [ 84.8382, 23.5398 ], [ 84.8592, 23.5328 ], [ 84.8619, 23.5426 ], [ 84.8676, 23.541 ], [ 84.8695, 23.5448 ], [ 84.874, 23.5444 ], [ 84.8777, 23.5595 ], [ 84.8973, 23.5584 ], [ 84.9069, 23.5849 ], [ 84.912, 23.5751 ], [ 84.9088, 23.5683 ], [ 84.9107, 23.5423 ], [ 84.9179, 23.5411 ], [ 84.9084, 23.5384 ], [ 84.9109, 23.532 ], [ 84.9071, 23.5263 ], [ 84.9117, 23.5209 ], [ 84.9259, 23.5216 ], [ 84.9293, 23.5267 ], [ 84.9412, 23.52 ], [ 84.9467, 23.5004 ], [ 84.9412, 23.4905 ], [ 84.9299, 23.5026 ], [ 84.916, 23.5079 ], [ 84.9112, 23.5 ], [ 84.9012, 23.499 ], [ 84.9048, 23.4872 ], [ 84.8782, 23.4902 ], [ 84.8701, 23.4682 ], [ 84.8518, 23.4678 ], [ 84.8409, 23.475 ], [ 84.8365, 23.4594 ], [ 84.8268, 23.4546 ], [ 84.8017, 23.467 ], [ 84.7933, 23.4817 ], [ 84.7736, 23.4778 ], [ 84.7629, 23.4798 ], [ 84.7333, 23.5453 ], [ 84.7205, 23.5535 ], [ 84.7116, 23.5548 ], [ 84.704, 23.5484 ], [ 84.7059, 23.5429 ], [ 84.7004, 23.5252 ], [ 84.6963, 23.5305 ], [ 84.6868, 23.5698 ], [ 84.6755, 23.5828 ], [ 84.667, 23.6087 ], [ 84.6701, 23.6147 ], [ 84.666, 23.6258 ], [ 84.6823, 23.6178 ], [ 84.6793, 23.6058 ], [ 84.6864, 23.6049 ], [ 84.7238, 23.6201 ], [ 84.7313, 23.6305 ], [ 84.7322, 23.6407 ], [ 84.7386, 23.6386 ], [ 84.741, 23.632 ], [ 84.7448, 23.6325 ] ] ] } },
{ "type": "Feature", "properties": { "unit_id": "IND.15.15.1_1", "name": "Kisko", "district": "Lohardaga", "did": "jharkhand:Lohardaga", "state_key": "jharkhand" }, "geometry": { "type": "Polygon", "coordinates": [ [ [ 84.671, 23.5942 ], [ 84.6868, 23.5698 ], [ 84.6897, 23.547 ], [ 84.6956, 23.5419 ], [ 84.7043, 23.5081 ], [ 84.7011, 23.5007 ], [ 84.6737, 23.5061 ], [ 84.6758, 23.4938 ], [ 84.6574, 23.4897 ], [ 84.6637, 23.4794 ], [ 84.6758, 23.4716 ], [ 84.6662, 23.4673 ], [ 84.6635, 23.461 ], [ 84.6563, 23.461 ], [ 84.6391, 23.4488 ], [ 84.6368, 23.4404 ], [ 84.6405, 23.4331 ], [ 84.6324, 23.4204 ], [ 84.6367, 23.4203 ], [ 84.6378, 23.4164 ], [ 84.6287, 23.4047 ], [ 84.6171, 23.406 ], [ 84.6121, 23.3932 ], [ 84.6067, 23.3917 ], [ 84.6005, 23.3978 ], [ 84.5895, 23.397 ], [ 84.5813, 23.4004 ], [ 84.5896, 23.4173 ], [ 84.5755, 23.425 ], [ 84.5787, 23.4275 ], [ 84.5746, 23.4334 ], [ 84.5794, 23.4353 ], [ 84.5976, 23.4286 ], [ 84.5976, 23.4316 ], [ 84.5871, 23.4408 ], [ 84.5786, 23.4386 ], [ 84.5545, 23.4548 ], [ 84.5582, 23.4677 ], [ 84.5487, 23.4936 ], [ 84.5759, 23.501 ], [ 84.5823, 23.5067 ], [ 84.5832, 23.4996 ], [ 84.59, 23.4935 ], [ 84.5924, 23.4983 ], [ 84.6035, 23.4997 ], [ 84.6114, 23.5144 ], [ 84.6022, 23.5211 ], [ 84.5853, 23.5258 ], [ 84.5779, 23.5374 ], [ 84.5847, 23.5481 ], [ 84.5779, 23.5576 ], [ 84.5865, 23.58 ], [ 84.5986, 23.5956 ], [ 84.5809, 23.6148 ], [ 84.5848, 23.6199 ], [ 84.588, 23.6474 ], [ 84.5931, 23.6535 ], [ 84.5911, 23.6643 ], [ 84.6017, 23.6682 ], [ 84.6143, 23.6584 ], [ 84.6414, 23.6651 ], [ 84.6426, 23.6685 ], [ 84.6629, 23.6427 ], [ 84.671, 23.5942 ] ] ] } },
{ "type": "Feature", "properties": { "unit_id": "IND.15.15.1_1", "name": "Lohardaga", "district": "Lohardaga", "did": "jharkhand:Lohardaga", "state_key": "jharkhand" }, "geometry": { "type": "Polygon", "coordinates": [ [ [ 84.7217, 23.5529 ], [ 84.7365, 23.5425 ], [ 84.7591, 23.483 ], [ 84.7736, 23.4778 ], [ 84.7933, 23.4817 ], [ 84.8017, 23.467 ], [ 84.8151, 23.4621 ], [ 84.8108, 23.4494 ], [ 84.7959, 23.4512 ], [ 84.7959, 23.4611 ], [ 84.7814, 23.4629 ], [ 84.7841, 23.4352 ], [ 84.7936, 23.4259 ], [ 84.7968, 23.4146 ], [ 84.7806, 23.4131 ], [ 84.7785, 23.4075 ], [ 84.7825, 23.3943 ], [ 84.7724, 23.3931 ], [ 84.7588, 23.3859 ], [ 84.7506, 23.387 ], [ 84.7413, 23.3801 ], [ 84.7328, 23.3802 ], [ 84.7286, 23.386 ], [ 84.7321, 23.4061 ], [ 84.7203, 23.4094 ], [ 84.7169, 23.4051 ], [ 84.7079, 23.4103 ], [ 84.6786, 23.4111 ], [ 84.6708, 23.4207 ], [ 84.6734, 23.4304 ], [ 84.6631, 23.4341 ], [ 84.6653, 23.4457 ], [ 84.646, 23.4515 ], [ 84.6758, 23.4716 ], [ 84.6637, 23.4794 ], [ 84.6574, 23.4895 ], [ 84.6758, 23.4938 ], [ 84.6737, 23.5061 ], [ 84.7011, 23.5007 ], [ 84.7043, 23.5094 ], [ 84.6988, 23.5196 ], [ 84.7059, 23.5429 ], [ 84.704, 23.5484 ], [ 84.7116, 23.5548 ], [ 84.7217, 23.5529 ] ] ] } },
{ "type": "Feature", "properties": { "unit_id": "IND.15.15.1_1", "name": "Senha", "district": "Lohardaga", "did": "jharkhand:Lohardaga", "state_key": "jharkhand" }, "geometry": { "type": "Polygon", "coordinates": [ [ [ 84.6631, 23.4341 ], [ 84.6734, 23.4304 ], [ 84.6708, 23.4207 ], [ 84.6786, 23.4111 ], [ 84.7079, 23.4103 ], [ 84.7169, 23.4051 ], [ 84.7203, 23.4094 ], [ 84.7262, 23.4057 ], [ 84.7312, 23.4067 ], [ 84.7284, 23.3881 ], [ 84.7328, 23.3802 ], [ 84.7428, 23.3806 ], [ 84.7515, 23.3873 ], [ 84.7565, 23.3833 ], [ 84.7608, 23.3699 ], [ 84.7563, 23.3605 ], [ 84.7361, 23.36 ], [ 84.7308, 23.3548 ], [ 84.7323, 23.3431 ], [ 84.7245, 23.3436 ], [ 84.7105, 23.3376 ], [ 84.7087, 23.3268 ], [ 84.717, 23.32 ], [ 84.7127, 23.3113 ], [ 84.6914, 23.3079 ], [ 84.6844, 23.3178 ], [ 84.6787, 23.3213 ], [ 84.6706, 23.3195 ], [ 84.6608, 23.3302 ], [ 84.6566, 23.3203 ], [ 84.6642, 23.3137 ], [ 84.6623, 23.3067 ], [ 84.6567, 23.3067 ], [ 84.652, 23.3112 ], [ 84.6426, 23.3062 ], [ 84.63, 23.3071 ], [ 84.6142, 23.3224 ], [ 84.6082, 23.3153 ], [ 84.592, 23.3186 ], [ 84.5639, 23.3459 ], [ 84.5415, 23.3447 ], [ 84.5296, 23.3617 ], [ 84.538, 23.3622 ], [ 84.5401, 23.366 ], [ 84.5415, 23.3746 ], [ 84.5344, 23.3755 ], [ 84.5295, 23.3859 ], [ 84.5509, 23.4193 ], [ 84.5491, 23.4332 ], [ 84.5692, 23.4298 ], [ 84.5887, 23.4184 ], [ 84.5813, 23.4004 ], [ 84.5895, 23.397 ], [ 84.6005, 23.3978 ], [ 84.6067, 23.3917 ], [ 84.6121, 23.3932 ], [ 84.6171, 23.406 ], [ 84.6287, 23.4047 ], [ 84.6378, 23.4164 ], [ 84.6367, 23.4203 ], [ 84.6324, 23.4204 ], [ 84.6405, 23.4331 ], [ 84.6368, 23.4404 ], [ 84.6409, 23.4509 ], [ 84.6653, 23.4457 ], [ 84.6631, 23.4341 ] ] ] } },
{ "type": "Feature", "properties": { "unit_id": "IND.15.15.1_1", "name": "Karo", "district": "Lohardaga", "did": "jharkhand:Lohardaga", "state_key": "jharkhand" }, "geometry": { "type": "MultiPolygon", "coordinates": [ [ [ [ 84.6732, 23.3163 ], [ 84.6642, 23.3137 ], [ 84.658, 23.3177 ], [ 84.6608, 23.3302 ], [ 84.6657, 23.3274 ], [ 84.6743, 23.3189 ], [ 84.6732, 23.3163 ] ] ], [ [ [ 84.9265, 23.5046 ], [ 84.9312, 23.5017 ], [ 84.9408, 23.4892 ], [ 84.9342, 23.4774 ], [ 84.9234, 23.4692 ], [ 84.9245, 23.4622 ], [ 84.9108, 23.4541 ], [ 84.9078, 23.4441 ], [ 84.8965, 23.4312 ], [ 84.8973, 23.411 ], [ 84.8866, 23.4032 ], [ 84.8952, 23.3848 ], [ 84.8864, 23.3784 ], [ 84.8872, 23.3721 ], [ 84.8676, 23.3715 ], [ 84.8448, 23.3867 ], [ 84.8488, 23.3935 ], [ 84.8446, 23.3983 ], [ 84.8444, 23.411 ], [ 84.8371, 23.4211 ], [ 84.8386, 23.4258 ], [ 84.8473, 23.427 ], [ 84.8334, 23.4301 ], [ 84.8322, 23.4362 ], [ 84.8252, 23.4336 ], [ 84.8136, 23.4389 ], [ 84.812, 23.4338 ], [ 84.8139, 23.4273 ], [ 84.8285, 23.4235 ], [ 84.8272, 23.4133 ], [ 84.8084, 23.402 ], [ 84.793, 23.4053 ], [ 84.7929, 23.413 ], [ 84.7968, 23.4156 ], [ 84.7936, 23.4259 ], [ 84.7841, 23.4352 ], [ 84.7814, 23.4629 ], [ 84.7959, 23.4611 ], [ 84.7959, 23.4512 ], [ 84.8119, 23.4494 ], [ 84.8148, 23.4589 ], [ 84.8268, 23.4546 ], [ 84.8365, 23.4594 ], [ 84.8409, 23.475 ], [ 84.8518, 23.4678 ], [ 84.8701, 23.4682 ], [ 84.8782, 23.4902 ], [ 84.9048, 23.4872 ], [ 84.9012, 23.499 ], [ 84.9112, 23.5 ], [ 84.916, 23.5079 ], [ 84.9245, 23.5025 ], [ 84.9265, 23.5046 ] ] ] ] } },
{ "type": "Feature", "properties": { "unit_id": "IND.15.15.1_1", "name": "Bhandra", "district": "Lohardaga", "did": "jharkhand:Lohardaga", "state_key": "jharkhand" }, "geometry": { "type": "Polygon", "coordinates": [ [ [ 84.8322, 23.4362 ], [ 84.8334, 23.4301 ], [ 84.8473, 23.427 ], [ 84.8386, 23.4258 ], [ 84.8371, 23.4211 ], [ 84.8444, 23.411 ], [ 84.8446, 23.3983 ], [ 84.8488, 23.3935 ], [ 84.8448, 23.3867 ], [ 84.8676, 23.3715 ], [ 84.8872, 23.3721 ], [ 84.8907, 23.3668 ], [ 84.9045, 23.3637 ], [ 84.9032, 23.3578 ], [ 84.9085, 23.3469 ], [ 84.9, 23.3189 ], [ 84.8754, 23.3101 ], [ 84.8669, 23.3154 ], [ 84.8504, 23.315 ], [ 84.843, 23.2995 ], [ 84.8178, 23.2951 ], [ 84.8138, 23.2829 ], [ 84.7939, 23.279 ], [ 84.7868, 23.281 ], [ 84.7945, 23.313 ], [ 84.7882, 23.3217 ], [ 84.7812, 23.3194 ], [ 84.7503, 23.3216 ], [ 84.7461, 23.3306 ], [ 84.7376, 23.332 ], [ 84.717, 23.32 ], [ 84.7087, 23.3268 ], [ 84.7083, 23.3317 ], [ 84.7112, 23.3385 ], [ 84.7333, 23.344 ], [ 84.7308, 23.3548 ], [ 84.7361, 23.36 ], [ 84.7563, 23.3605 ], [ 84.7608, 23.3699 ], [ 84.7544, 23.3852 ], [ 84.7825, 23.3943 ], [ 84.7785, 23.4075 ], [ 84.7806, 23.4131 ], [ 84.7929, 23.413 ], [ 84.793, 23.4053 ], [ 84.8079, 23.402 ], [ 84.8272, 23.4133 ], [ 84.8285, 23.4235 ], [ 84.8139, 23.4273 ], [ 84.8118, 23.4319 ], [ 84.8136, 23.4389 ], [ 84.823, 23.4341 ], [ 84.8322, 23.4362 ] ] ] } },
{ "type": "Feature", "properties": { "unit_id": "IND.15.21.2_1", "name": "Chanho", "district": "Ranchi", "did": "jharkhand:Ranchi", "state_key": "jharkhand" }, "geometry": { "type": "Polygon", "coordinates": [ [ [ 85.0451, 23.6363 ], [ 85.0442, 23.6207 ], [ 85.0339, 23.6033 ], [ 85.0384, 23.5947 ], [ 85.0547, 23.5897 ], [ 85.0416, 23.5813 ], [ 85.0444, 23.5777 ], [ 85.0363, 23.5761 ], [ 85.041, 23.5595 ], [ 85.0321, 23.5423 ], [ 85.0474, 23.5332 ], [ 85.0649, 23.5435 ], [ 85.0836, 23.5441 ], [ 85.0899, 23.5524 ], [ 85.0909, 23.5486 ], [ 85.099, 23.547 ], [ 85.0939, 23.5347 ], [ 85.099, 23.5262 ], [ 85.1124, 23.5181 ], [ 85.1233, 23.5159 ], [ 85.1189, 23.5122 ], [ 85.1052, 23.5119 ], [ 85.1024, 23.5005 ], [ 85.0946, 23.4955 ], [ 85.0825, 23.498 ], [ 85.0781, 23.4873 ], [ 85.0633, 23.4811 ], [ 85.0576, 23.4657 ], [ 85.0484, 23.4613 ], [ 85.0457, 23.455 ], [ 85.0266, 23.4533 ], [ 85.0209, 23.4495 ], [ 85.0161, 23.4525 ], [ 85.0133, 23.4499 ], [ 85.0032, 23.4511 ], [ 84.9994, 23.4475 ], [ 84.9981, 23.4509 ], [ 84.9907, 23.4462 ], [ 84.9719, 23.457 ], [ 84.9651, 23.4461 ], [ 84.9687, 23.4409 ], [ 84.9662, 23.4198 ], [ 84.9443, 23.4201 ], [ 84.9478, 23.4137 ], [ 84.9457, 23.4074 ], [ 84.9211, 23.4025 ], [ 84.9147, 23.3931 ], [ 84.8947, 23.4088 ], [ 84.8982, 23.4181 ], [ 84.8947, 23.4194 ], [ 84.8984, 23.4248 ], [ 84.8958, 23.4295 ], [ 84.9078, 23.4441 ], [ 84.9108, 23.4541 ], [ 84.9245, 23.4622 ], [ 84.9234, 23.4692 ], [ 84.9368, 23.4806 ], [ 84.9467, 23.5004 ], [ 84.9412, 23.52 ], [ 84.9297, 23.5267 ], [ 84.9259, 23.5216 ], [ 84.9089, 23.5222 ], [ 84.9084, 23.5384 ], [ 84.9179, 23.5411 ], [ 84.9253, 23.5551 ], [ 84.9365, 23.5502 ], [ 84.9346, 23.5727 ], [ 84.9461, 23.6016 ], [ 84.965, 23.5869 ], [ 84.9742, 23.57 ], [ 84.9799, 23.5735 ], [ 84.981, 23.5865 ], [ 84.9898, 23.5909 ], [ 84.9932, 23.6011 ], [ 84.9973, 23.5964 ], [ 85.0005, 23.6001 ], [ 85.0085, 23.599 ], [ 85.015, 23.6058 ], [ 85.0038, 23.6218 ], [ 85.0101, 23.6288 ], [ 85.0186, 23.6281 ], [ 85.0222, 23.6401 ], [ 85.0402, 23.6382 ], [ 85.0552, 23.6429 ], [ 85.0566, 23.6388 ], [ 85.0451, 23.6363 ] ] ] } },
{ "type": "Feature", "properties": { "unit_id": "IND.15.21.2_1", "name": "Mandar", "district": "Ranchi", "did": "jharkhand:Ranchi", "state_key": "jharkhand" }, "geometry": { "type": "Polygon", "coordinates": [ [ [ 85.1403, 23.5026 ], [ 85.1303, 23.4879 ], [ 85.1454, 23.4802 ], [ 85.1496, 23.4804 ], [ 85.1512, 23.4887 ], [ 85.173, 23.481 ], [ 85.1727, 23.4606 ], [ 85.1619, 23.4484 ], [ 85.1723, 23.4428 ], [ 85.1721, 23.4291 ], [ 85.1674, 23.4252 ], [ 85.1587, 23.425 ], [ 85.1526, 23.4192 ], [ 85.1466, 23.4209 ], [ 85.1443, 23.4168 ], [ 85.1406, 23.4181 ], [ 85.1405, 23.4063 ], [ 85.1325, 23.3947 ], [ 85.1379, 23.3771 ], [ 85.1197, 23.3678 ], [ 85.1205, 23.3613 ], [ 85.1113, 23.3588 ], [ 85.0874, 23.3611 ], [ 85.074, 23.35 ], [ 85.0617, 23.352 ], [ 85.0599, 23.3572 ], [ 85.0456, 23.3528 ], [ 85.0482, 23.3591 ], [ 85.0408, 23.3677 ], [ 85.0425, 23.3748 ], [ 85.0339, 23.3737 ], [ 85.0226, 23.3548 ], [ 85.0142, 23.3537 ], [ 85.0068, 23.3608 ], [ 85.0046, 23.3835 ], [ 84.9936, 23.384 ], [ 84.9833, 23.398 ], [ 84.9687, 23.3992 ], [ 84.9629, 23.3902 ], [ 84.9514, 23.3861 ], [ 84.9513, 23.4059 ], [ 84.9443, 23.4201 ], [ 84.9662, 23.4198 ], [ 84.9687, 23.4409 ], [ 84.9651, 23.4461 ], [ 84.9719, 23.457 ], [ 84.9907, 23.4462 ], [ 84.9981, 23.4509 ], [ 84.9994, 23.4475 ], [ 85.0084, 23.4519 ], [ 85.0209, 23.4495 ], [ 85.0266, 23.4533 ], [ 85.0474, 23.4557 ], [ 85.0484, 23.4613 ], [ 85.0578, 23.466 ], [ 85.0633, 23.4811 ], [ 85.0781, 23.4873 ], [ 85.0825, 23.498 ], [ 85.0943, 23.4955 ], [ 85.1007, 23.4986 ], [ 85.1052, 23.5119 ], [ 85.1197, 23.5124 ], [ 85.1275, 23.5281 ], [ 85.138, 23.5311 ], [ 85.1403, 23.5026 ] ] ] } },
{ "type": "Feature", "properties": { "unit_id": "IND.15.21.2_1", "name": "Bero", "district": "Ranchi", "did": "jharkhand:Ranchi", "state_key": "jharkhand" }, "geometry": { "type": "Polygon", "coordinates": [ [ [ 84.9513, 23.4059 ], [ 84.9514, 23.3861 ], [ 84.9629, 23.3902 ], [ 84.9681, 23.399 ], [ 84.9806, 23.3991 ], [ 84.9927, 23.3894 ], [ 84.9936, 23.384 ], [ 85.0046, 23.3835 ], [ 85.0068, 23.3608 ], [ 85.0142, 23.3537 ], [ 85.0226, 23.3548 ], [ 85.0339, 23.3737 ], [ 85.0425, 23.3748 ], [ 85.0408, 23.3677 ], [ 85.0482, 23.3591 ], [ 85.0456, 23.3528 ], [ 85.0581, 23.3573 ], [ 85.0628, 23.3517 ], [ 85.078, 23.3519 ], [ 85.0757, 23.3271 ], [ 85.0712, 23.3266 ], [ 85.064, 23.318 ], [ 85.0589, 23.3191 ], [ 85.0502, 23.3078 ], [ 85.0504, 23.304 ], [ 85.0608, 23.3035 ], [ 85.0643, 23.3105 ], [ 85.0732, 23.3049 ], [ 85.0716, 23.2968 ], [ 85.0763, 23.2886 ], [ 85.0686, 23.271 ], [ 85.0718, 23.2592 ], [ 85.0801, 23.2505 ], [ 85.0674, 23.2423 ], [ 85.0509, 23.2396 ], [ 85.0557, 23.2647 ], [ 85.0398, 23.2703 ], [ 85.0359, 23.2641 ], [ 85.0351, 23.237 ], [ 85.0012, 23.2308 ], [ 85.0036, 23.2201 ], [ 84.9996, 23.2198 ], [ 84.9903, 23.2053 ], [ 84.9897, 23.1968 ], [ 84.9847, 23.1957 ], [ 84.9692, 23.1991 ], [ 84.9581, 23.207 ], [ 84.9488, 23.2061 ], [ 84.948, 23.2016 ], [ 84.9431, 23.1999 ], [ 84.9368, 23.204 ], [ 84.9492, 23.2176 ], [ 84.9507, 23.2311 ], [ 84.9388, 23.2308 ], [ 84.9309, 23.2373 ], [ 84.9119, 23.2431 ], [ 84.9094, 23.2506 ], [ 84.9142, 23.2519 ], [ 84.9129, 23.256 ], [ 84.8976, 23.2588 ], [ 84.9014, 23.2861 ], [ 84.9269, 23.3109 ], [ 84.9111, 23.327 ], [ 84.9019, 23.3228 ], [ 84.9085, 23.3469 ], [ 84.9032, 23.3578 ], [ 84.9045, 23.3637 ], [ 84.8907, 23.3668 ], [ 84.8869, 23.373 ], [ 84.8864, 23.3784 ], [ 84.8952, 23.3848 ], [ 84.8874, 23.4064 ], [ 84.8947, 23.4088 ], [ 84.9025, 23.4002 ], [ 84.9173, 23.3927 ], [ 84.9211, 23.4025 ], [ 84.9469, 23.4092 ], [ 84.9513, 23.4059 ] ] ] } },
{ "type": "Feature", "properties": { "unit_id": "IND.15.21.2_1", "name": "Lapung", "district": "Ranchi", "did": "jharkhand:Ranchi", "state_key": "jharkhand" }, "geometry": { "type": "Polygon", "coordinates": [ [ [ 85.0674, 23.2423 ], [ 85.0812, 23.2523 ], [ 85.0915, 23.243 ], [ 85.0903, 23.237 ], [ 85.0845, 23.2365 ], [ 85.0881, 23.2347 ], [ 85.0864, 23.2314 ], [ 85.0678, 23.2218 ], [ 85.0576, 23.2034 ], [ 85.0451, 23.1908 ], [ 85.0467, 23.1853 ], [ 85.0428, 23.1851 ], [ 85.0435, 23.1713 ], [ 85.0503, 23.1698 ], [ 85.0586, 23.1602 ], [ 85.0592, 23.1513 ], [ 85.0541, 23.1501 ], [ 85.0483, 23.1401 ], [ 85.0564, 23.1291 ], [ 85.0552, 23.1198 ], [ 85.0456, 23.1149 ], [ 85.0362, 23.1178 ], [ 85.0267, 23.1153 ], [ 85.0353, 23.1034 ], [ 85.0346, 23.0902 ], [ 85.0269, 23.0889 ], [ 85.0254, 23.0848 ], [ 85.02, 23.0877 ], [ 85.0077, 23.0859 ], [ 84.9946, 23.0762 ], [ 84.9929, 23.0552 ], [ 84.9965, 23.0513 ], [ 84.9905, 23.0441 ], [ 84.9903, 23.0361 ], [ 84.983, 23.0366 ], [ 84.9797, 23.0223 ], [ 84.9663, 23.0241 ], [ 84.9624, 23.0158 ], [ 84.9651, 23.0119 ], [ 84.9529, 23.0122 ], [ 84.9441, 23.0019 ], [ 84.9474, 23.0089 ], [ 84.9373, 23.0153 ], [ 84.9433, 23.0238 ], [ 84.9329, 23.0348 ], [ 84.9273, 23.0352 ], [ 84.9299, 23.0281 ], [ 84.916, 23.0278 ], [ 84.9127, 23.0405 ], [ 84.9034, 23.0495 ], [ 84.9047, 23.0562 ], [ 84.8745, 23.0679 ], [ 84.8755, 23.0781 ], [ 84.8693, 23.0886 ], [ 84.8687, 23.0983 ], [ 84.8964, 23.0987 ], [ 84.8997, 23.1097 ], [ 84.8882, 23.1187 ], [ 84.8929, 23.1294 ], [ 84.8874, 23.1327 ], [ 84.8861, 23.1401 ], [ 84.8917, 23.1664 ], [ 84.9013, 23.173 ], [ 84.9216, 23.1678 ], [ 84.9258, 23.1876 ], [ 84.9115, 23.1934 ], [ 84.9262, 23.2016 ], [ 84.9362, 23.2013 ], [ 84.9368, 23.204 ], [ 84.9431, 23.1999 ], [ 84.948, 23.2016 ], [ 84.9488, 23.2061 ], [ 84.9581, 23.207 ], [ 84.9692, 23.1991 ], [ 84.9897, 23.1968 ], [ 84.9903, 23.2053 ], [ 84.9996, 23.2198 ], [ 85.0036, 23.2201 ], [ 85.0012, 23.2308 ], [ 85.0351, 23.237 ], [ 85.0359, 23.2641 ], [ 85.0407, 23.2705 ], [ 85.0557, 23.2647 ], [ 85.0509, 23.2401 ], [ 85.0674, 23.2423 ] ] ] } },
{ "type": "Feature", "properties": { "unit_id": "IND.15.9.1_1", "name": "Verno", "district": "Gumla", "did": "jharkhand:Gumla", "state_key": "jharkhand" }, "geometry": { "type": "Polygon", "coordinates": [ [ [ 84.92, 23.3212 ], [ 84.9268, 23.3099 ], [ 84.9107, 23.2983 ], [ 84.9014, 23.2861 ], [ 84.8976, 23.2588 ], [ 84.9129, 23.256 ], [ 84.9142, 23.2519 ], [ 84.9094, 23.2506 ], [ 84.9119, 23.2431 ], [ 84.9309, 23.2373 ], [ 84.9388, 23.2308 ], [ 84.9504, 23.2313 ], [ 84.9509, 23.2218 ], [ 84.9446, 23.2093 ], [ 84.9381, 23.2086 ], [ 84.9362, 23.2013 ], [ 84.9262, 23.2016 ], [ 84.9118, 23.1945 ], [ 84.9176, 23.1887 ], [ 84.9258, 23.1876 ], [ 84.9216, 23.1678 ], [ 84.9013, 23.173 ], [ 84.892, 23.167 ], [ 84.8861, 23.1408 ], [ 84.8874, 23.1327 ], [ 84.8929, 23.1294 ], [ 84.8882, 23.1187 ], [ 84.8997, 23.1097 ], [ 84.8964, 23.0987 ], [ 84.8687, 23.0983 ], [ 84.8759, 23.0733 ], [ 84.8697, 23.063 ], [ 84.8717, 23.051 ], [ 84.8653, 23.0335 ], [ 84.8556, 23.0339 ], [ 84.8369, 23.0411 ], [ 84.8108, 23.034 ], [ 84.7988, 23.0461 ], [ 84.8115, 23.0682 ], [ 84.8006, 23.0719 ], [ 84.8043, 23.0842 ], [ 84.8145, 23.0968 ], [ 84.8052, 23.1077 ], [ 84.8066, 23.1156 ], [ 84.8113, 23.1175 ], [ 84.7914, 23.1249 ], [ 84.7959, 23.1365 ], [ 84.8053, 23.1382 ], [ 84.8049, 23.1573 ], [ 84.8184, 23.1627 ], [ 84.8221, 23.172 ], [ 84.8207, 23.1784 ], [ 84.8055, 23.1815 ], [ 84.8058, 23.1953 ], [ 84.7994, 23.1918 ], [ 84.7924, 23.1941 ], [ 84.7905, 23.2149 ], [ 84.7953, 23.2139 ], [ 84.8171, 23.2272 ], [ 84.8148, 23.2326 ], [ 84.796, 23.2366 ], [ 84.8038, 23.2457 ], [ 84.7986, 23.26 ], [ 84.7998, 23.2799 ], [ 84.8138, 23.2829 ], [ 84.8178, 23.2951 ], [ 84.843, 23.2995 ], [ 84.8504, 23.315 ], [ 84.8669, 23.3154 ], [ 84.8754, 23.3101 ], [ 84.8962, 23.3168 ], [ 84.9074, 23.3266 ], [ 84.92, 23.3212 ] ] ] } },
{ "type": "Feature", "properties": { "unit_id": "IND.15.9.1_1", "name": "Sisai", "district": "Gumla", "did": "jharkhand:Gumla", "state_key": "jharkhand" }, "geometry": { "type": "Polygon", "coordinates": [ [ [ 84.7461, 23.3306 ], [ 84.7503, 23.3216 ], [ 84.7812, 23.3194 ], [ 84.7882, 23.3217 ], [ 84.7945, 23.313 ], [ 84.7868, 23.281 ], [ 84.8001, 23.2785 ], [ 84.7986, 23.26 ], [ 84.8038, 23.2457 ], [ 84.796, 23.2366 ], [ 84.8148, 23.2326 ], [ 84.8171, 23.2272 ], [ 84.7953, 23.2139 ], [ 84.7905, 23.2149 ], [ 84.7924, 23.1941 ], [ 84.7994, 23.1918 ], [ 84.8058, 23.1953 ], [ 84.8055, 23.1815 ], [ 84.8207, 23.1784 ], [ 84.8221, 23.172 ], [ 84.8184, 23.1627 ], [ 84.8049, 23.1573 ], [ 84.8053, 23.1382 ], [ 84.7959, 23.1365 ], [ 84.7914, 23.1249 ], [ 84.8113, 23.1175 ], [ 84.8066, 23.1156 ], [ 84.8052, 23.1077 ], [ 84.8145, 23.0968 ], [ 84.8043, 23.0842 ], [ 84.8006, 23.0719 ], [ 84.8112, 23.0697 ], [ 84.8095, 23.0631 ], [ 84.8003, 23.0497 ], [ 84.7964, 23.0499 ], [ 84.7591, 23.072 ], [ 84.7495, 23.0699 ], [ 84.7438, 23.0562 ], [ 84.7598, 23.0476 ], [ 84.7603, 23.0259 ], [ 84.7495, 23.0274 ], [ 84.7293, 23.0391 ], [ 84.7262, 23.0656 ], [ 84.6852, 23.0881 ], [ 84.6802, 23.1134 ], [ 84.6667, 23.1117 ], [ 84.6462, 23.1299 ], [ 84.6535, 23.1441 ], [ 84.6486, 23.1573 ], [ 84.6602, 23.1682 ], [ 84.6582, 23.1797 ], [ 84.6623, 23.1848 ], [ 84.6633, 23.2026 ], [ 84.6747, 23.2061 ], [ 84.6725, 23.2145 ], [ 84.687, 23.215 ], [ 84.6851, 23.2223 ], [ 84.6772, 23.2254 ], [ 84.6692, 23.2395 ], [ 84.6564, 23.2383 ], [ 84.6492, 23.2455 ], [ 84.6347, 23.2452 ], [ 84.615, 23.2598 ], [ 84.6033, 23.2617 ], [ 84.5997, 23.267 ], [ 84.613, 23.2761 ], [ 84.6131, 23.295 ], [ 84.6235, 23.3105 ], [ 84.6426, 23.3062 ], [ 84.652, 23.3112 ], [ 84.6611, 23.3064 ], [ 84.664, 23.3148 ], [ 84.6728, 23.3161 ], [ 84.674, 23.3205 ], [ 84.6787, 23.3213 ], [ 84.6914, 23.3079 ], [ 84.7024, 23.3089 ], [ 84.7127, 23.3113 ], [ 84.7155, 23.3199 ], [ 84.7379, 23.3316 ], [ 84.7461, 23.3306 ] ] ] } },
{ "type": "Feature", "properties": { "unit_id": "IND.15.9.1_1", "name": "Basia", "district": "Gumla", "did": "jharkhand:Gumla", "state_key": "jharkhand" }, "geometry": { "type": "Polygon", "coordinates": [ [ [ 84.7891, 23.0556 ], [ 84.7909, 23.0513 ], [ 84.8003, 23.0497 ], [ 84.799, 23.0454 ], [ 84.8108, 23.034 ], [ 84.8369, 23.0411 ], [ 84.8556, 23.0339 ], [ 84.8653, 23.0335 ], [ 84.8641, 23.0197 ], [ 84.8701, 23.0211 ], [ 84.8802, 23.0095 ], [ 84.8773, 23.0017 ], [ 84.8691, 22.9976 ], [ 84.8621, 22.9975 ], [ 84.8509, 23.0048 ], [ 84.8473, 23.0007 ], [ 84.8463, 22.995 ], [ 84.8496, 22.9941 ], [ 84.8432, 22.9803 ], [ 84.8578, 22.9716 ], [ 84.874, 22.9695 ], [ 84.867, 22.9557 ], [ 84.8645, 22.9359 ], [ 84.8582, 22.9356 ], [ 84.8507, 22.9237 ], [ 84.8464, 22.9238 ], [ 84.8489, 22.9178 ], [ 84.8404, 22.9016 ], [ 84.8481, 22.893 ], [ 84.8463, 22.886 ], [ 84.8634, 22.8802 ], [ 84.8651, 22.8758 ], [ 84.863, 22.8483 ], [ 84.8565, 22.8376 ], [ 84.8717, 22.826 ], [ 84.8803, 22.8302 ], [ 84.8999, 22.8279 ], [ 84.8947, 22.8158 ], [ 84.8866, 22.8158 ], [ 84.8839, 22.8114 ], [ 84.8941, 22.8004 ], [ 84.8957, 22.7914 ], [ 84.8793, 22.7954 ], [ 84.8747, 22.7873 ], [ 84.8662, 22.793 ], [ 84.8592, 22.7927 ], [ 84.8561, 22.7878 ], [ 84.8514, 22.7898 ], [ 84.8478, 22.7705 ], [ 84.8411, 22.768 ], [ 84.8414, 22.7571 ], [ 84.8595, 22.7238 ], [ 84.8578, 22.7199 ], [ 84.8314, 22.7306 ], [ 84.8311, 22.7416 ], [ 84.82, 22.7505 ], [ 84.8145, 22.7434 ], [ 84.8145, 22.7361 ], [ 84.8213, 22.716 ], [ 84.8103, 22.7093 ], [ 84.8029, 22.714 ], [ 84.8005, 22.7118 ], [ 84.7866, 22.7232 ], [ 84.7947, 22.7598 ], [ 84.7925, 22.7722 ], [ 84.7858, 22.7686 ], [ 84.7843, 22.7588 ], [ 84.7754, 22.765 ], [ 84.7747, 22.7824 ], [ 84.7805, 22.7952 ], [ 84.769, 22.7896 ], [ 84.7193, 22.8069 ], [ 84.7194, 22.8149 ], [ 84.725, 22.8167 ], [ 84.7276, 22.824 ], [ 84.7267, 22.8304 ], [ 84.7371, 22.8326 ], [ 84.7434, 22.8409 ], [ 84.7441, 22.8598 ], [ 84.7409, 22.8632 ], [ 84.7437, 22.8684 ], [ 84.7379, 22.8732 ], [ 84.7465, 22.8819 ], [ 84.7478, 22.8906 ], [ 84.7558, 22.8898 ], [ 84.7577, 22.8931 ], [ 84.7534, 22.9001 ], [ 84.7525, 22.9175 ], [ 84.7351, 22.936 ], [ 84.7371, 22.943 ], [ 84.7323, 22.951 ], [ 84.7415, 22.9591 ], [ 84.7351, 22.9806 ], [ 84.7417, 22.9899 ], [ 84.7496, 22.9928 ], [ 84.7393, 23.0063 ], [ 84.7516, 23.0168 ], [ 84.7502, 23.0274 ], [ 84.7603, 23.0259 ], [ 84.7608, 23.0287 ], [ 84.7598, 23.0476 ], [ 84.7543, 23.0526 ], [ 84.7457, 23.0533 ], [ 84.7439, 23.057 ], [ 84.7495, 23.0699 ], [ 84.7567, 23.0723 ], [ 84.7766, 23.0597 ], [ 84.7891, 23.0556 ] ] ] } },
{ "type": "Feature", "properties": { "unit_id": "IND.15.9.1_1", "name": "Kamdara", "district": "Gumla", "did": "jharkhand:Gumla", "state_key": "jharkhand" }, "geometry": { "type": "Polygon", "coordinates": [ [ [ 84.9047, 23.0562 ], [ 84.9034, 23.0495 ], [ 84.9127, 23.0405 ], [ 84.916, 23.0278 ], [ 84.9299, 23.0281 ], [ 84.927, 23.0347 ], [ 84.9316, 23.0355 ], [ 84.9433, 23.0238 ], [ 84.9373, 23.0153 ], [ 84.9474, 23.0089 ], [ 84.9403, 22.995 ], [ 84.9472, 22.9665 ], [ 84.9556, 22.9648 ], [ 84.9642, 22.971 ], [ 84.9851, 22.9663 ], [ 84.9923, 22.9573 ], [ 84.9995, 22.9561 ], [ 85.0063, 22.9472 ], [ 85.0122, 22.9453 ], [ 85.0163, 22.9323 ], [ 85.0105, 22.9239 ], [ 84.9985, 22.9263 ], [ 84.9885, 22.9244 ], [ 84.9799, 22.8987 ], [ 84.9898, 22.8972 ], [ 84.9855, 22.8744 ], [ 84.9877, 22.8586 ], [ 84.993, 22.8568 ], [ 84.9988, 22.8441 ], [ 85.0069, 22.8172 ], [ 85.0072, 22.8024 ], [ 84.9856, 22.802 ], [ 84.9826, 22.8045 ], [ 84.9805, 22.7857 ], [ 84.9687, 22.7852 ], [ 84.9589, 22.7752 ], [ 84.9453, 22.778 ], [ 84.9394, 22.7873 ], [ 84.9306, 22.7922 ], [ 84.9273, 22.7838 ], [ 84.9223, 22.7847 ], [ 84.9185, 22.7682 ], [ 84.913, 22.7621 ], [ 84.8983, 22.7582 ], [ 84.9002, 22.7542 ], [ 84.8812, 22.7386 ], [ 84.8811, 22.7432 ], [ 84.8698, 22.7559 ], [ 84.8478, 22.7705 ], [ 84.849, 22.7856 ], [ 84.8514, 22.7898 ], [ 84.8561, 22.7878 ], [ 84.8592, 22.7927 ], [ 84.864, 22.7931 ], [ 84.873, 22.7908 ], [ 84.8747, 22.7873 ], [ 84.8793, 22.7954 ], [ 84.8947, 22.7906 ], [ 84.8941, 22.8004 ], [ 84.8839, 22.8114 ], [ 84.8866, 22.8158 ], [ 84.8947, 22.8158 ], [ 84.8999, 22.8279 ], [ 84.8803, 22.8302 ], [ 84.8717, 22.826 ], [ 84.8565, 22.8376 ], [ 84.863, 22.8483 ], [ 84.8651, 22.8758 ], [ 84.8634, 22.8802 ], [ 84.8463, 22.886 ], [ 84.8481, 22.893 ], [ 84.8404, 22.9016 ], [ 84.8489, 22.9178 ], [ 84.8464, 22.9238 ], [ 84.8507, 22.9237 ], [ 84.8582, 22.9356 ], [ 84.8645, 22.9359 ], [ 84.867, 22.9557 ], [ 84.874, 22.9695 ], [ 84.8578, 22.9716 ], [ 84.8432, 22.9803 ], [ 84.8496, 22.9941 ], [ 84.8463, 22.995 ], [ 84.8473, 23.0007 ], [ 84.8509, 23.0048 ], [ 84.8626, 22.9974 ], [ 84.8773, 23.0017 ], [ 84.8797, 23.0108 ], [ 84.8692, 23.0216 ], [ 84.8641, 23.0197 ], [ 84.8623, 23.0253 ], [ 84.8717, 23.051 ], [ 84.8714, 23.0681 ], [ 84.8945, 23.0619 ], [ 84.9047, 23.0562 ] ] ] } },
{ "type": "Feature", "properties": { "unit_id": "IND.15.12.1_1", "name": "Torpa", "district": "Khunti", "did": "jharkhand:Khunti", "state_key": "jharkhand" }, "geometry": { "type": "Polygon", "coordinates": [ [ [ 85.1847, 23.0406 ], [ 85.1981, 23.035 ], [ 85.1989, 23.0301 ], [ 85.2108, 23.0259 ], [ 85.2133, 23.0303 ], [ 85.2225, 23.0305 ], [ 85.2308, 23.0236 ], [ 85.2285, 23.02 ], [ 85.2332, 23.0158 ], [ 85.2325, 23.0106 ], [ 85.2232, 23.0037 ], [ 85.2035, 23.0142 ], [ 85.1996, 23.0105 ], [ 85.1932, 23.0121 ], [ 85.1905, 22.9925 ], [ 85.1931, 22.9907 ], [ 85.2018, 22.9944 ], [ 85.2171, 22.9849 ], [ 85.2135, 22.9668 ], [ 85.2165, 22.9578 ], [ 85.2079, 22.9541 ], [ 85.2088, 22.9457 ], [ 85.2395, 22.9438 ], [ 85.241, 22.932 ], [ 85.2454, 22.9278 ], [ 85.2346, 22.9188 ], [ 85.2418, 22.9062 ], [ 85.2345, 22.9075 ], [ 85.2302, 22.9012 ], [ 85.2336, 22.8985 ], [ 85.2168, 22.8874 ], [ 85.2202, 22.8848 ], [ 85.2197, 22.8725 ], [ 85.203, 22.8635 ], [ 85.2083, 22.8544 ], [ 85.2076, 22.8431 ], [ 85.2112, 22.8433 ], [ 85.202, 22.8354 ], [ 85.201, 22.828 ], [ 85.1965, 22.8239 ], [ 85.1928, 22.8267 ], [ 85.186, 22.8242 ], [ 85.1729, 22.8346 ], [ 85.1631, 22.8347 ], [ 85.1466, 22.8199 ], [ 85.1314, 22.8143 ], [ 85.1218, 22.8237 ], [ 85.1295, 22.8341 ], [ 85.1286, 22.8423 ], [ 85.1242, 22.8437 ], [ 85.1165, 22.8386 ], [ 85.1113, 22.8429 ], [ 85.1027, 22.8407 ], [ 85.0857, 22.8577 ], [ 85.0855, 22.8631 ], [ 85.0765, 22.864 ], [ 85.0779, 22.8691 ], [ 85.0876, 22.8708 ], [ 85.0981, 22.8647 ], [ 85.1069, 22.8673 ], [ 85.1104, 22.8808 ], [ 85.1015, 22.8769 ], [ 85.0959, 22.8946 ], [ 85.0692, 22.8985 ], [ 85.0581, 22.892 ], [ 85.0678, 22.8812 ], [ 85.0586, 22.8646 ], [ 85.0597, 22.8591 ], [ 85.0503, 22.8599 ], [ 85.0516, 22.8571 ], [ 85.0299, 22.8539 ], [ 85.0321, 22.8379 ], [ 85.0118, 22.8432 ], [ 85.0073, 22.8403 ], [ 85.002, 22.842 ], [ 84.9994, 22.8367 ], [ 84.9956, 22.8525 ], [ 84.9877, 22.8588 ], [ 84.9855, 22.8744 ], [ 84.9898, 22.8972 ], [ 84.9799, 22.8987 ], [ 84.9885, 22.9244 ], [ 84.9985, 22.9263 ], [ 85.0105, 22.9239 ], [ 85.0163, 22.932 ], [ 85.0122, 22.9453 ], [ 85.0063, 22.9472 ], [ 84.9995, 22.9561 ], [ 84.9925, 22.9572 ], [ 84.9985, 22.9708 ], [ 85.0081, 22.9742 ], [ 85.0074, 22.9943 ], [ 85.0226, 22.999 ], [ 85.0457, 22.9928 ], [ 85.0486, 23.0021 ], [ 85.0554, 23.002 ], [ 85.0591, 22.9944 ], [ 85.0649, 22.9945 ], [ 85.0688, 23.0043 ], [ 85.0855, 23.0031 ], [ 85.0887, 23.0089 ], [ 85.0846, 23.0106 ], [ 85.0856, 23.0283 ], [ 85.1028, 23.0235 ], [ 85.1185, 23.0254 ], [ 85.1234, 23.035 ], [ 85.1294, 23.032 ], [ 85.1345, 23.0337 ], [ 85.1416, 23.0469 ], [ 85.1532, 23.0505 ], [ 85.1567, 23.0594 ], [ 85.1634, 23.0633 ], [ 85.1736, 23.0624 ], [ 85.1856, 23.0534 ], [ 85.1847, 23.0406 ] ] ] } },
{ "type": "Feature", "properties": { "unit_id": "IND.15.12.1_1", "name": "Karra", "district": "Khunti", "did": "jharkhand:Khunti", "state_key": "jharkhand" }, "geometry": { "type": "Polygon", "coordinates": [ [ [ 85.1732, 23.2757 ], [ 85.1778, 23.2681 ], [ 85.1932, 23.2641 ], [ 85.2037, 23.2629 ], [ 85.2074, 23.2708 ], [ 85.2202, 23.266 ], [ 85.2282, 23.2669 ], [ 85.2268, 23.2536 ], [ 85.2312, 23.2448 ], [ 85.2265, 23.2311 ], [ 85.2384, 23.2278 ], [ 85.236, 23.2167 ], [ 85.222, 23.2075 ], [ 85.2313, 23.1983 ], [ 85.2465, 23.199 ], [ 85.2479, 23.1831 ], [ 85.2536, 23.1815 ], [ 85.2487, 23.1645 ], [ 85.2376, 23.1523 ], [ 85.2188, 23.1568 ], [ 85.2149, 23.1523 ], [ 85.208, 23.12 ], [ 85.2095, 23.108 ], [ 85.2048, 23.1003 ], [ 85.2208, 23.0987 ], [ 85.2285, 23.0927 ], [ 85.2324, 23.0873 ], [ 85.2304, 23.0801 ], [ 85.2052, 23.084 ], [ 85.196, 23.082 ], [ 85.1964, 23.0681 ], [ 85.2076, 23.065 ], [ 85.2094, 23.0548 ], [ 85.202, 23.0575 ], [ 85.1892, 23.0539 ], [ 85.1852, 23.0485 ], [ 85.1856, 23.0534 ], [ 85.1784, 23.0598 ], [ 85.1634, 23.0633 ], [ 85.1567, 23.0594 ], [ 85.1532, 23.0505 ], [ 85.1416, 23.0469 ], [ 85.1345, 23.0337 ], [ 85.1294, 23.032 ], [ 85.1234, 23.035 ], [ 85.1187, 23.0256 ], [ 85.1028, 23.0235 ], [ 85.0856, 23.0283 ], [ 85.0846, 23.0106 ], [ 85.0887, 23.0089 ], [ 85.0855, 23.0031 ], [ 85.0688, 23.0043 ], [ 85.0649, 22.9945 ], [ 85.0591, 22.9944 ], [ 85.055, 23.0021 ], [ 85.0486, 23.0021 ], [ 85.0457, 22.9928 ], [ 85.0226, 22.999 ], [ 85.0087, 22.9951 ], [ 85.0054, 22.9899 ], [ 85.0081, 22.9742 ], [ 84.9985, 22.9708 ], [ 84.9925, 22.9572 ], [ 84.9855, 22.966 ], [ 84.9734, 22.9702 ], [ 84.9636, 22.9709 ], [ 84.9556, 22.9648 ], [ 84.9478, 22.9661 ], [ 84.9405, 22.9982 ], [ 84.9529, 23.0122 ], [ 84.9651, 23.0119 ], [ 84.9624, 23.0158 ], [ 84.9659, 23.0239 ], [ 84.9795, 23.0221 ], [ 84.983, 23.0366 ], [ 84.9903, 23.0361 ], [ 84.9905, 23.0441 ], [ 84.9965, 23.0513 ], [ 84.9929, 23.0552 ], [ 84.9943, 23.0759 ], [ 85.0077, 23.0859 ], [ 85.02, 23.0877 ], [ 85.0254, 23.0848 ], [ 85.0269, 23.0889 ], [ 85.0346, 23.0902 ], [ 85.0353, 23.1034 ], [ 85.0267, 23.1153 ], [ 85.0362, 23.1178 ], [ 85.0456, 23.1149 ], [ 85.0552, 23.1198 ], [ 85.0564, 23.1291 ], [ 85.0483, 23.1401 ], [ 85.0541, 23.1501 ], [ 85.0591, 23.1511 ], [ 85.0587, 23.1597 ], [ 85.0503, 23.1698 ], [ 85.0426, 23.1731 ], [ 85.0451, 23.1908 ], [ 85.0576, 23.2034 ], [ 85.0678, 23.2218 ], [ 85.0871, 23.2321 ], [ 85.0845, 23.2365 ], [ 85.0908, 23.2376 ], [ 85.0893, 23.2427 ], [ 85.0979, 23.2417 ], [ 85.0995, 23.2469 ], [ 85.1091, 23.2506 ], [ 85.1235, 23.2486 ], [ 85.1274, 23.255 ], [ 85.1347, 23.2573 ], [ 85.1423, 23.2536 ], [ 85.1431, 23.2679 ], [ 85.1549, 23.2733 ], [ 85.153, 23.2848 ], [ 85.1587, 23.2848 ], [ 85.165, 23.2749 ], [ 85.1732, 23.2757 ] ] ] } },
{ "type": "Feature", "properties": { "unit_id": "IND.15.21.2_1", "name": "Itki", "district": "Ranchi", "did": "jharkhand:Ranchi", "state_key": "jharkhand" }, "geometry": { "type": "Polygon", "coordinates": [ [ [ 85.1499, 23.3681 ], [ 85.1454, 23.3546 ], [ 85.1503, 23.3404 ], [ 85.1474, 23.3256 ], [ 85.1544, 23.2996 ], [ 85.1438, 23.2967 ], [ 85.1414, 23.3069 ], [ 85.1327, 23.31 ], [ 85.131, 23.2913 ], [ 85.1406, 23.2907 ], [ 85.1442, 23.2849 ], [ 85.151, 23.2841 ], [ 85.1527, 23.2867 ], [ 85.1512, 23.2799 ], [ 85.1543, 23.2795 ], [ 85.1549, 23.2733 ], [ 85.1431, 23.2679 ], [ 85.1423, 23.2536 ], [ 85.1347, 23.2573 ], [ 85.1274, 23.255 ], [ 85.1235, 23.2486 ], [ 85.1091, 23.2506 ], [ 85.0924, 23.2408 ], [ 85.0718, 23.2592 ], [ 85.0685, 23.2733 ], [ 85.0763, 23.2886 ], [ 85.0716, 23.2968 ], [ 85.0732, 23.3049 ], [ 85.0643, 23.3105 ], [ 85.0608, 23.3035 ], [ 85.0504, 23.304 ], [ 85.0505, 23.3109 ], [ 85.0589, 23.3191 ], [ 85.064, 23.318 ], [ 85.0712, 23.3266 ], [ 85.0757, 23.3271 ], [ 85.078, 23.3519 ], [ 85.0824, 23.3569 ], [ 85.0874, 23.3611 ], [ 85.1195, 23.3606 ], [ 85.1197, 23.3678 ], [ 85.1376, 23.3766 ], [ 85.1335, 23.3853 ], [ 85.1357, 23.3881 ], [ 85.1469, 23.3774 ], [ 85.1499, 23.3681 ] ] ] } },
{ "type": "Feature", "properties": { "unit_id": "IND.15.21.2_1", "name": "Nagri", "district": "Ranchi", "did": "jharkhand:Ranchi", "state_key": "jharkhand" }, "geometry": { "type": "Polygon", "coordinates": [ [ [ 85.2794, 23.3604 ], [ 85.2805, 23.3552 ], [ 85.2856, 23.3534 ], [ 85.2843, 23.3448 ], [ 85.2963, 23.3322 ], [ 85.2936, 23.3291 ], [ 85.2842, 23.3291 ], [ 85.2549, 23.3433 ], [ 85.2498, 23.3425 ], [ 85.2546, 23.337 ], [ 85.2551, 23.3268 ], [ 85.2654, 23.3198 ], [ 85.2625, 23.3051 ], [ 85.2683, 23.3005 ], [ 85.2696, 23.2857 ], [ 85.2655, 23.2859 ], [ 85.2607, 23.2805 ], [ 85.2532, 23.2838 ], [ 85.2375, 23.2814 ], [ 85.2383, 23.2716 ], [ 85.2493, 23.2698 ], [ 85.2514, 23.2645 ], [ 85.2422, 23.2451 ], [ 85.2338, 23.2423 ], [ 85.2312, 23.2448 ], [ 85.2268, 23.2536 ], [ 85.2282, 23.2669 ], [ 85.2202, 23.266 ], [ 85.2074, 23.2708 ], [ 85.2037, 23.2629 ], [ 85.1932, 23.2641 ], [ 85.1778, 23.2681 ], [ 85.1732, 23.2757 ], [ 85.165, 23.2749 ], [ 85.1641, 23.2816 ], [ 85.1587, 23.2848 ], [ 85.1442, 23.2849 ], [ 85.1406, 23.2907 ], [ 85.1312, 23.2906 ], [ 85.1327, 23.31 ], [ 85.1414, 23.3069 ], [ 85.1438, 23.2967 ], [ 85.154, 23.2981 ], [ 85.1474, 23.3256 ], [ 85.1497, 23.3451 ], [ 85.1454, 23.3546 ], [ 85.1498, 23.3684 ], [ 85.1586, 23.3653 ], [ 85.1572, 23.3571 ], [ 85.1693, 23.3493 ], [ 85.1784, 23.3635 ], [ 85.2007, 23.3576 ], [ 85.2044, 23.3655 ], [ 85.2155, 23.3626 ], [ 85.2212, 23.3726 ], [ 85.2534, 23.363 ], [ 85.2794, 23.3604 ] ] ] } },
{ "type": "Feature", "properties": { "unit_id": "IND.15.12.1_1", "name": "Khunti", "district": "Khunti", "did": "jharkhand:Khunti", "state_key": "jharkhand" }, "geometry": { "type": "Polygon", "coordinates": [ [ [ 85.2828, 23.2181 ], [ 85.2894, 23.2164 ], [ 85.2875, 23.2042 ], [ 85.2953, 23.1997 ], [ 85.298, 23.1924 ], [ 85.3205, 23.1869 ], [ 85.3228, 23.1775 ], [ 85.3269, 23.1771 ], [ 85.3319, 23.1862 ], [ 85.339, 23.1876 ], [ 85.3383, 23.2075 ], [ 85.3453, 23.2044 ], [ 85.3479, 23.1939 ], [ 85.3552, 23.1923 ], [ 85.357, 23.1841 ], [ 85.3765, 23.1838 ], [ 85.3852, 23.1934 ], [ 85.4014, 23.1902 ], [ 85.4025, 23.1781 ], [ 85.4169, 23.1728 ], [ 85.4376, 23.1744 ], [ 85.4432, 23.1791 ], [ 85.4557, 23.177 ], [ 85.4663, 23.1804 ], [ 85.4602, 23.1672 ], [ 85.4606, 23.1634 ], [ 85.4659, 23.1618 ], [ 85.4672, 23.1428 ], [ 85.4742, 23.1388 ], [ 85.4736, 23.1288 ], [ 85.4877, 23.123 ], [ 85.4827, 23.1116 ], [ 85.4828, 23.0905 ], [ 85.4866, 23.0864 ], [ 85.5051, 23.0879 ], [ 85.5091, 23.0794 ], [ 85.5121, 23.0847 ], [ 85.5235, 23.0857 ], [ 85.5245, 23.0824 ], [ 85.5345, 23.0818 ], [ 85.5376, 23.0736 ], [ 85.5529, 23.0708 ], [ 85.5515, 23.0634 ], [ 85.5432, 23.0582 ], [ 85.5416, 23.0486 ], [ 85.5303, 23.0476 ], [ 85.5244, 23.0337 ], [ 85.5177, 23.0316 ], [ 85.5069, 23.0206 ], [ 85.4948, 23.0166 ], [ 85.4775, 23.0171 ], [ 85.4771, 23.0215 ], [ 85.4706, 23.0233 ], [ 85.4572, 23.0201 ], [ 85.4582, 23.0253 ], [ 85.4176, 23.0258 ], [ 85.4128, 23.0287 ], [ 85.4186, 23.042 ], [ 85.4171, 23.0593 ], [ 85.4283, 23.0618 ], [ 85.4271, 23.0782 ], [ 85.4213, 23.0784 ], [ 85.418, 23.0724 ], [ 85.4055, 23.0673 ], [ 85.4057, 23.0641 ], [ 85.3988, 23.0639 ], [ 85.3986, 23.084 ], [ 85.3935, 23.0907 ], [ 85.3874, 23.065 ], [ 85.3732, 23.0718 ], [ 85.3604, 23.0711 ], [ 85.3564, 23.0674 ], [ 85.3568, 23.0547 ], [ 85.3452, 23.0544 ], [ 85.3417, 23.0487 ], [ 85.3402, 23.0446 ], [ 85.346, 23.0429 ], [ 85.347, 23.0381 ], [ 85.3654, 23.0403 ], [ 85.3635, 23.0351 ], [ 85.3683, 23.0306 ], [ 85.3579, 23.0295 ], [ 85.3547, 23.007 ], [ 85.349, 23.0006 ], [ 85.3385, 22.9992 ], [ 85.3286, 23.0035 ], [ 85.3246, 22.9959 ], [ 85.3174, 22.9933 ], [ 85.2927, 22.9919 ], [ 85.2896, 23.0043 ], [ 85.2931, 23.0047 ], [ 85.2933, 23.0088 ], [ 85.2854, 23.0214 ], [ 85.29, 23.0283 ], [ 85.289, 23.0366 ], [ 85.2813, 23.0398 ], [ 85.28, 23.0477 ], [ 85.2664, 23.0498 ], [ 85.264, 23.0554 ], [ 85.2444, 23.0649 ], [ 85.2386, 23.0628 ], [ 85.2285, 23.0927 ], [ 85.2208, 23.0987 ], [ 85.2048, 23.1003 ], [ 85.2095, 23.108 ], [ 85.208, 23.12 ], [ 85.2172, 23.1561 ], [ 85.2301, 23.1563 ], [ 85.2374, 23.1523 ], [ 85.2487, 23.1645 ], [ 85.2536, 23.1815 ], [ 85.2492, 23.1813 ], [ 85.2471, 23.1877 ], [ 85.2465, 23.199 ], [ 85.2526, 23.2053 ], [ 85.2512, 23.2156 ], [ 85.2706, 23.2186 ], [ 85.2735, 23.2255 ], [ 85.2826, 23.2251 ], [ 85.2828, 23.2181 ] ] ] } },
{ "type": "Feature", "properties": { "unit_id": "IND.15.21.2_1", "name": "Namkom", "district": "Ranchi", "did": "jharkhand:Ranchi", "state_key": "jharkhand" }, "geometry": { "type": "Polygon", "coordinates": [ [ [ 85.4775, 23.3797 ], [ 85.5004, 23.3618 ], [ 85.4968, 23.3566 ], [ 85.4897, 23.357 ], [ 85.4888, 23.3528 ], [ 85.4731, 23.3597 ], [ 85.4606, 23.3713 ], [ 85.4455, 23.3762 ], [ 85.441, 23.3615 ], [ 85.4455, 23.3491 ], [ 85.4527, 23.3466 ], [ 85.4604, 23.3345 ], [ 85.4701, 23.3381 ], [ 85.4878, 23.3339 ], [ 85.5008, 23.3362 ], [ 85.4978, 23.3257 ], [ 85.5026, 23.3239 ], [ 85.508, 23.3305 ], [ 85.5229, 23.3248 ], [ 85.537, 23.3242 ], [ 85.5561, 23.3174 ], [ 85.5648, 23.3078 ], [ 85.5547, 23.2982 ], [ 85.5511, 23.2758 ], [ 85.558, 23.2721 ], [ 85.5539, 23.2736 ], [ 85.5467, 23.2627 ], [ 85.5532, 23.2499 ], [ 85.5338, 23.2468 ], [ 85.5183, 23.2567 ], [ 85.4959, 23.2437 ], [ 85.4965, 23.2363 ], [ 85.501, 23.2378 ], [ 85.504, 23.2307 ], [ 85.4887, 23.2186 ], [ 85.4772, 23.2177 ], [ 85.4734, 23.2212 ], [ 85.4627, 23.1961 ], [ 85.4704, 23.1856 ], [ 85.4654, 23.1795 ], [ 85.4557, 23.177 ], [ 85.4432, 23.1791 ], [ 85.4376, 23.1744 ], [ 85.4169, 23.1728 ], [ 85.4025, 23.1781 ], [ 85.4014, 23.1902 ], [ 85.3852, 23.1934 ], [ 85.3765, 23.1838 ], [ 85.357, 23.1841 ], [ 85.3552, 23.1923 ], [ 85.3479, 23.1939 ], [ 85.3453, 23.2044 ], [ 85.3383, 23.2075 ], [ 85.339, 23.1876 ], [ 85.3319, 23.1862 ], [ 85.3269, 23.1771 ], [ 85.3228, 23.1775 ], [ 85.3205, 23.1869 ], [ 85.298, 23.1924 ], [ 85.2953, 23.1997 ], [ 85.2875, 23.2042 ], [ 85.2894, 23.2164 ], [ 85.2828, 23.2181 ], [ 85.2828, 23.2263 ], [ 85.2735, 23.2255 ], [ 85.2706, 23.2186 ], [ 85.252, 23.2165 ], [ 85.2526, 23.2053 ], [ 85.2456, 23.1984 ], [ 85.2313, 23.1983 ], [ 85.2265, 23.2017 ], [ 85.222, 23.208 ], [ 85.236, 23.2167 ], [ 85.2384, 23.2278 ], [ 85.2267, 23.2305 ], [ 85.228, 23.2421 ], [ 85.2422, 23.2451 ], [ 85.2514, 23.2645 ], [ 85.2493, 23.2698 ], [ 85.2383, 23.2716 ], [ 85.2375, 23.2814 ], [ 85.2532, 23.2838 ], [ 85.2607, 23.2805 ], [ 85.2655, 23.2859 ], [ 85.2729, 23.2852 ], [ 85.2785, 23.2966 ], [ 85.3005, 23.2879 ], [ 85.3055, 23.3166 ], [ 85.3157, 23.3136 ], [ 85.3209, 23.3354 ], [ 85.3575, 23.3227 ], [ 85.3608, 23.3445 ], [ 85.3688, 23.3478 ], [ 85.372, 23.3546 ], [ 85.3762, 23.3533 ], [ 85.3802, 23.3619 ], [ 85.3944, 23.3612 ], [ 85.4013, 23.3689 ], [ 85.4122, 23.3683 ], [ 85.4407, 23.3884 ], [ 85.4775, 23.3797 ] ] ] } },
{ "type": "Feature", "properties": { "unit_id": "IND.15.12.1_1", "name": "Murhu", "district": "Khunti", "did": "jharkhand:Khunti", "state_key": "jharkhand" }, "geometry": { "type": "Polygon", "coordinates": [ [ [ 85.4057, 23.0641 ], [ 85.4055, 23.0673 ], [ 85.418, 23.0724 ], [ 85.4213, 23.0784 ], [ 85.4271, 23.0782 ], [ 85.4283, 23.0618 ], [ 85.4171, 23.0593 ], [ 85.4186, 23.042 ], [ 85.4129, 23.0281 ], [ 85.43, 23.0245 ], [ 85.4582, 23.0253 ], [ 85.4596, 23.0129 ], [ 85.4631, 23.0088 ], [ 85.4714, 23.0074 ], [ 85.4748, 22.9897 ], [ 85.4513, 22.989 ], [ 85.453, 22.9734 ], [ 85.4382, 22.9715 ], [ 85.4378, 22.9675 ], [ 85.432, 22.9655 ], [ 85.4155, 22.9641 ], [ 85.4162, 22.9567 ], [ 85.3974, 22.9616 ], [ 85.383, 22.9588 ], [ 85.3719, 22.9508 ], [ 85.374, 22.9461 ], [ 85.3681, 22.9425 ], [ 85.3654, 22.9302 ], [ 85.3851, 22.9342 ], [ 85.3934, 22.9221 ], [ 85.3892, 22.9186 ], [ 85.3923, 22.9117 ], [ 85.3815, 22.9018 ], [ 85.358, 22.8973 ], [ 85.3518, 22.8813 ], [ 85.3414, 22.881 ], [ 85.3394, 22.8864 ], [ 85.318, 22.8775 ], [ 85.3166, 22.8822 ], [ 85.3091, 22.8831 ], [ 85.3048, 22.8749 ], [ 85.2883, 22.8731 ], [ 85.2839, 22.8684 ], [ 85.281, 22.8704 ], [ 85.2751, 22.8608 ], [ 85.2711, 22.862 ], [ 85.2657, 22.8579 ], [ 85.2641, 22.8457 ], [ 85.2591, 22.8438 ], [ 85.2567, 22.8472 ], [ 85.2524, 22.8446 ], [ 85.2484, 22.8341 ], [ 85.2421, 22.834 ], [ 85.2327, 22.8406 ], [ 85.2255, 22.8368 ], [ 85.2173, 22.8245 ], [ 85.214, 22.8268 ], [ 85.2133, 22.8235 ], [ 85.2081, 22.8237 ], [ 85.2007, 22.8143 ], [ 85.1972, 22.8184 ], [ 85.1904, 22.8144 ], [ 85.2018, 22.8292 ], [ 85.202, 22.8354 ], [ 85.2111, 22.8429 ], [ 85.2076, 22.8431 ], [ 85.2083, 22.8544 ], [ 85.203, 22.8635 ], [ 85.2197, 22.8725 ], [ 85.2202, 22.8848 ], [ 85.2168, 22.8874 ], [ 85.2336, 22.8985 ], [ 85.2302, 22.9012 ], [ 85.2345, 22.9075 ], [ 85.2418, 22.9062 ], [ 85.2346, 22.9188 ], [ 85.2454, 22.9278 ], [ 85.241, 22.932 ], [ 85.2395, 22.9438 ], [ 85.2088, 22.9457 ], [ 85.2079, 22.9541 ], [ 85.2165, 22.9578 ], [ 85.2135, 22.9668 ], [ 85.2171, 22.9849 ], [ 85.2018, 22.9944 ], [ 85.1931, 22.9907 ], [ 85.1905, 22.9925 ], [ 85.1932, 23.0121 ], [ 85.1996, 23.0105 ], [ 85.2035, 23.0142 ], [ 85.2232, 23.0037 ], [ 85.2325, 23.0106 ], [ 85.2333, 23.0154 ], [ 85.2249, 23.0299 ], [ 85.2133, 23.0303 ], [ 85.2101, 23.0261 ], [ 85.1847, 23.0406 ], [ 85.1842, 23.0476 ], [ 85.1892, 23.0539 ], [ 85.203, 23.0576 ], [ 85.2096, 23.055 ], [ 85.2076, 23.065 ], [ 85.1964, 23.0681 ], [ 85.196, 23.082 ], [ 85.2052, 23.084 ], [ 85.2304, 23.0801 ], [ 85.2386, 23.0628 ], [ 85.2444, 23.0649 ], [ 85.264, 23.0554 ], [ 85.2664, 23.0498 ], [ 85.28, 23.0477 ], [ 85.2813, 23.0398 ], [ 85.2906, 23.0341 ], [ 85.2854, 23.0214 ], [ 85.2933, 23.0088 ], [ 85.2931, 23.0047 ], [ 85.2896, 23.0043 ], [ 85.2927, 22.9919 ], [ 85.3174, 22.9933 ], [ 85.3246, 22.9959 ], [ 85.3286, 23.0035 ], [ 85.3385, 22.9992 ], [ 85.349, 23.0006 ], [ 85.3547, 23.007 ], [ 85.3579, 23.0295 ], [ 85.3683, 23.0306 ], [ 85.3635, 23.0351 ], [ 85.3654, 23.0403 ], [ 85.347, 23.0381 ], [ 85.346, 23.0429 ], [ 85.3402, 23.0446 ], [ 85.3417, 23.0487 ], [ 85.3452, 23.0544 ], [ 85.3568, 23.0547 ], [ 85.3564, 23.0674 ], [ 85.3604, 23.0711 ], [ 85.3732, 23.0718 ], [ 85.3874, 23.065 ], [ 85.3897, 23.0849 ], [ 85.3946, 23.0909 ], [ 85.3986, 23.084 ], [ 85.3982, 23.0649 ], [ 85.4057, 23.0641 ] ] ] } },
{ "type": "Feature", "properties": { "unit_id": "IND.15.12.1_1", "name": "Erki", "district": "Khunti", "did": "jharkhand:Khunti", "state_key": "jharkhand" }, "geometry": { "type": "Polygon", "coordinates": [ [ [ 85.5549, 22.9258 ], [ 85.5806, 22.9071 ], [ 85.5831, 22.8949 ], [ 85.5903, 22.897 ], [ 85.6022, 22.8938 ], [ 85.5872, 22.8809 ], [ 85.5821, 22.8665 ], [ 85.575, 22.8628 ], [ 85.5608, 22.8608 ], [ 85.558, 22.8801 ], [ 85.5431, 22.8713 ], [ 85.5409, 22.865 ], [ 85.5334, 22.8684 ], [ 85.5293, 22.8639 ], [ 85.5294, 22.8466 ], [ 85.5217, 22.8424 ], [ 85.5199, 22.8288 ], [ 85.5156, 22.8308 ], [ 85.5132, 22.8272 ], [ 85.517, 22.807 ], [ 85.5032, 22.8001 ], [ 85.4792, 22.8056 ], [ 85.4717, 22.7993 ], [ 85.4544, 22.8016 ], [ 85.4507, 22.8233 ], [ 85.4413, 22.8211 ], [ 85.4425, 22.8305 ], [ 85.4342, 22.8372 ], [ 85.4197, 22.832 ], [ 85.4197, 22.8402 ], [ 85.4136, 22.839 ], [ 85.4058, 22.8481 ], [ 85.3886, 22.8422 ], [ 85.3921, 22.8574 ], [ 85.387, 22.8676 ], [ 85.3779, 22.8625 ], [ 85.372, 22.8634 ], [ 85.3589, 22.8711 ], [ 85.358, 22.8768 ], [ 85.3518, 22.8813 ], [ 85.358, 22.8973 ], [ 85.3815, 22.9018 ], [ 85.3923, 22.9117 ], [ 85.3892, 22.9186 ], [ 85.3934, 22.9221 ], [ 85.3851, 22.9342 ], [ 85.3654, 22.9302 ], [ 85.3681, 22.9425 ], [ 85.374, 22.9461 ], [ 85.3719, 22.9508 ], [ 85.383, 22.9588 ], [ 85.3974, 22.9616 ], [ 85.4162, 22.9567 ], [ 85.4155, 22.9641 ], [ 85.432, 22.9655 ], [ 85.4378, 22.9675 ], [ 85.4382, 22.9715 ], [ 85.453, 22.9734 ], [ 85.4513, 22.989 ], [ 85.4748, 22.9897 ], [ 85.4714, 23.0074 ], [ 85.4628, 23.009 ], [ 85.4572, 23.0201 ], [ 85.4712, 23.0232 ], [ 85.4771, 23.0215 ], [ 85.4775, 23.0171 ], [ 85.4863, 23.0164 ], [ 85.5066, 23.0205 ], [ 85.5177, 23.0316 ], [ 85.5244, 23.0337 ], [ 85.5303, 23.0476 ], [ 85.5416, 23.0486 ], [ 85.5432, 23.0582 ], [ 85.5515, 23.0634 ], [ 85.5529, 23.0708 ], [ 85.5376, 23.0736 ], [ 85.5345, 23.0818 ], [ 85.5203, 23.0856 ], [ 85.5121, 23.0847 ], [ 85.5091, 23.0794 ], [ 85.5051, 23.0879 ], [ 85.4842, 23.0885 ], [ 85.4826, 23.1107 ], [ 85.4877, 23.123 ], [ 85.5363, 23.1208 ], [ 85.5423, 23.1171 ], [ 85.5611, 23.1196 ], [ 85.5762, 23.112 ], [ 85.5799, 23.1197 ], [ 85.5847, 23.1206 ], [ 85.5929, 23.1154 ], [ 85.6018, 23.1194 ], [ 85.6151, 23.1149 ], [ 85.6136, 23.1076 ], [ 85.6221, 23.0937 ], [ 85.6185, 23.0815 ], [ 85.5984, 23.0774 ], [ 85.5808, 23.064 ], [ 85.5995, 23.0625 ], [ 85.6118, 23.0645 ], [ 85.6166, 23.0696 ], [ 85.6276, 23.0696 ], [ 85.6387, 23.0558 ], [ 85.6221, 23.0505 ], [ 85.6261, 23.0445 ], [ 85.6224, 23.0413 ], [ 85.6268, 23.0372 ], [ 85.6265, 23.0305 ], [ 85.6307, 23.0333 ], [ 85.6303, 23.0301 ], [ 85.6328, 23.0343 ], [ 85.6343, 23.0286 ], [ 85.6304, 23.0281 ], [ 85.6397, 23.0239 ], [ 85.6413, 23.0257 ], [ 85.6443, 23.0261 ], [ 85.64, 23.0169 ], [ 85.6487, 23.0059 ], [ 85.6558, 23.0046 ], [ 85.6423, 22.9949 ], [ 85.6299, 22.9908 ], [ 85.6214, 22.9945 ], [ 85.6098, 22.9928 ], [ 85.6035, 23.0026 ], [ 85.594, 23.0023 ], [ 85.6007, 22.9883 ], [ 85.6038, 22.9632 ], [ 85.5919, 22.9626 ], [ 85.5921, 22.9532 ], [ 85.5856, 22.9516 ], [ 85.5871, 22.9458 ], [ 85.5796, 22.952 ], [ 85.5646, 22.9514 ], [ 85.566, 22.943 ], [ 85.5621, 22.9371 ], [ 85.5493, 22.9303 ], [ 85.5508, 22.9238 ], [ 85.5549, 22.9258 ] ] ] } },
{ "type": "Feature", "properties": { "unit_id": "IND.15.18.2_1", "name": "Bandgaon", "district": "West Singhbhum", "did": "jharkhand:West Singhbhum", "state_key": "jharkhand" }, "geometry": { "type": "Polygon", "coordinates": [ [ [ 85.3589, 22.8711 ], [ 85.372, 22.8634 ], [ 85.3779, 22.8625 ], [ 85.387, 22.8676 ], [ 85.3921, 22.8574 ], [ 85.3886, 22.8422 ], [ 85.4058, 22.8481 ], [ 85.4136, 22.839 ], [ 85.4197, 22.8402 ], [ 85.4197, 22.832 ], [ 85.4342, 22.8372 ], [ 85.4425, 22.8305 ], [ 85.4413, 22.8211 ], [ 85.4507, 22.8233 ], [ 85.4544, 22.8016 ], [ 85.4717, 22.7993 ], [ 85.4792, 22.8056 ], [ 85.4912, 22.8041 ], [ 85.5035, 22.8001 ], [ 85.51, 22.7903 ], [ 85.5347, 22.7771 ], [ 85.5456, 22.777 ], [ 85.5501, 22.7708 ], [ 85.5547, 22.7713 ], [ 85.5574, 22.7525 ], [ 85.5547, 22.7452 ], [ 85.5621, 22.738 ], [ 85.5619, 22.7284 ], [ 85.5724, 22.7258 ], [ 85.5721, 22.7208 ], [ 85.5802, 22.7208 ], [ 85.5905, 22.7024 ], [ 85.5864, 22.6942 ], [ 85.5632, 22.6833 ], [ 85.5577, 22.675 ], [ 85.5547, 22.6578 ], [ 85.5627, 22.6529 ], [ 85.5621, 22.6384 ], [ 85.5449, 22.637 ], [ 85.5352, 22.6485 ], [ 85.5275, 22.6439 ], [ 85.5131, 22.6461 ], [ 85.4944, 22.6642 ], [ 85.4725, 22.6649 ], [ 85.4512, 22.6717 ], [ 85.4183, 22.6592 ], [ 85.4046, 22.6582 ], [ 85.3871, 22.6395 ], [ 85.3666, 22.6362 ], [ 85.3595, 22.6405 ], [ 85.3623, 22.645 ], [ 85.3595, 22.657 ], [ 85.3702, 22.6631 ], [ 85.3772, 22.6821 ], [ 85.3848, 22.6823 ], [ 85.3875, 22.6868 ], [ 85.3754, 22.6891 ], [ 85.3883, 22.7004 ], [ 85.3821, 22.7042 ], [ 85.3841, 22.7271 ], [ 85.375, 22.734 ], [ 85.3706, 22.7269 ], [ 85.3671, 22.7299 ], [ 85.3761, 22.7407 ], [ 85.3775, 22.7519 ], [ 85.3747, 22.7545 ], [ 85.3651, 22.7523 ], [ 85.3635, 22.7476 ], [ 85.3404, 22.737 ], [ 85.3302, 22.7422 ], [ 85.3326, 22.752 ], [ 85.3274, 22.7709 ], [ 85.316, 22.771 ], [ 85.316, 22.7579 ], [ 85.3052, 22.7582 ], [ 85.2996, 22.7638 ], [ 85.2787, 22.7619 ], [ 85.289, 22.747 ], [ 85.2931, 22.7465 ], [ 85.2986, 22.7327 ], [ 85.2888, 22.7395 ], [ 85.2854, 22.7376 ], [ 85.2838, 22.7433 ], [ 85.2759, 22.7478 ], [ 85.2614, 22.7519 ], [ 85.249, 22.7504 ], [ 85.2457, 22.7567 ], [ 85.2534, 22.764 ], [ 85.2356, 22.7763 ], [ 85.2009, 22.7684 ], [ 85.1921, 22.7628 ], [ 85.1839, 22.7496 ], [ 85.1796, 22.7525 ], [ 85.1531, 22.7439 ], [ 85.137, 22.7541 ], [ 85.1415, 22.787 ], [ 85.1492, 22.8092 ], [ 85.1602, 22.8226 ], [ 85.1602, 22.8338 ], [ 85.1729, 22.8346 ], [ 85.186, 22.8242 ], [ 85.1933, 22.8267 ], [ 85.1965, 22.8218 ], [ 85.1899, 22.8148 ], [ 85.1937, 22.8138 ], [ 85.1975, 22.8184 ], [ 85.2002, 22.8141 ], [ 85.2081, 22.8237 ], [ 85.2133, 22.8235 ], [ 85.214, 22.8268 ], [ 85.2173, 22.8245 ], [ 85.2255, 22.8368 ], [ 85.2327, 22.8406 ], [ 85.2421, 22.834 ], [ 85.2494, 22.8347 ], [ 85.2529, 22.8451 ], [ 85.2647, 22.8462 ], [ 85.2662, 22.8585 ], [ 85.2714, 22.8621 ], [ 85.2751, 22.8608 ], [ 85.281, 22.8704 ], [ 85.2839, 22.8684 ], [ 85.2883, 22.8731 ], [ 85.3048, 22.8749 ], [ 85.3091, 22.8831 ], [ 85.3166, 22.8822 ], [ 85.318, 22.8775 ], [ 85.3394, 22.8864 ], [ 85.3414, 22.881 ], [ 85.355, 22.8809 ], [ 85.3589, 22.8711 ] ] ] } },
{ "type": "Feature", "properties": { "unit_id": "IND.15.18.2_1", "name": "Sonua", "district": "West Singhbhum", "did": "jharkhand:West Singhbhum", "state_key": "jharkhand" }, "geometry": { "type": "Polygon", "coordinates": [ [ [ 85.4944, 22.6642 ], [ 85.5131, 22.6461 ], [ 85.5275, 22.6439 ], [ 85.5357, 22.6484 ], [ 85.5437, 22.6377 ], [ 85.5524, 22.6377 ], [ 85.5583, 22.6206 ], [ 85.5794, 22.618 ], [ 85.5765, 22.608 ], [ 85.5747, 22.6047 ], [ 85.5646, 22.6034 ], [ 85.562, 22.5798 ], [ 85.5471, 22.585 ], [ 85.5478, 22.5713 ], [ 85.5386, 22.5708 ], [ 85.5397, 22.5646 ], [ 85.5295, 22.5659 ], [ 85.5276, 22.576 ], [ 85.52, 22.5837 ], [ 85.5139, 22.5799 ], [ 85.5147, 22.5758 ], [ 85.4963, 22.5672 ], [ 85.495, 22.5635 ], [ 85.4666, 22.5556 ], [ 85.4617, 22.5453 ], [ 85.4613, 22.5279 ], [ 85.4524, 22.5235 ], [ 85.4497, 22.518 ], [ 85.4343, 22.514 ], [ 85.4226, 22.5173 ], [ 85.4185, 22.5222 ], [ 85.4026, 22.5212 ], [ 85.3972, 22.5277 ], [ 85.3934, 22.5275 ], [ 85.3907, 22.5416 ], [ 85.3968, 22.5482 ], [ 85.4023, 22.5478 ], [ 85.4029, 22.5588 ], [ 85.4122, 22.5703 ], [ 85.4132, 22.5775 ], [ 85.4053, 22.5737 ], [ 85.3943, 22.5775 ], [ 85.3872, 22.5888 ], [ 85.3879, 22.6016 ], [ 85.3823, 22.6055 ], [ 85.384, 22.6176 ], [ 85.3728, 22.6274 ], [ 85.3673, 22.6251 ], [ 85.3568, 22.6302 ], [ 85.3574, 22.6369 ], [ 85.361, 22.6397 ], [ 85.3685, 22.6353 ], [ 85.3871, 22.6395 ], [ 85.4046, 22.6582 ], [ 85.4183, 22.6592 ], [ 85.4512, 22.6717 ], [ 85.4717, 22.6653 ], [ 85.4944, 22.6642 ] ] ] } },
{ "type": "Feature", "properties": { "unit_id": "IND.15.18.2_1", "name": "Goelkera", "district": "West Singhbhum", "did": "jharkhand:West Singhbhum", "state_key": "jharkhand" }, "geometry": { "type": "Polygon", "coordinates": [ [ [ 85.3416, 22.6227 ], [ 85.3403, 22.6022 ], [ 85.3497, 22.5886 ], [ 85.3612, 22.5834 ], [ 85.3616, 22.5725 ], [ 85.3783, 22.5712 ], [ 85.3778, 22.5632 ], [ 85.3688, 22.5527 ], [ 85.3705, 22.5421 ], [ 85.3821, 22.5465 ], [ 85.3815, 22.5526 ], [ 85.3893, 22.5527 ], [ 85.3909, 22.5478 ], [ 85.3852, 22.5401 ], [ 85.3921, 22.5272 ], [ 85.3965, 22.5282 ], [ 85.4026, 22.5212 ], [ 85.4185, 22.5222 ], [ 85.4226, 22.5173 ], [ 85.4343, 22.514 ], [ 85.4506, 22.5185 ], [ 85.4524, 22.5235 ], [ 85.4613, 22.5279 ], [ 85.4652, 22.5543 ], [ 85.495, 22.5635 ], [ 85.4963, 22.5672 ], [ 85.5147, 22.5758 ], [ 85.5139, 22.5799 ], [ 85.52, 22.5837 ], [ 85.5276, 22.576 ], [ 85.5295, 22.5659 ], [ 85.5386, 22.5644 ], [ 85.5386, 22.5708 ], [ 85.5478, 22.5713 ], [ 85.5477, 22.5854 ], [ 85.562, 22.5798 ], [ 85.572, 22.5496 ], [ 85.5897, 22.5515 ], [ 85.5909, 22.5575 ], [ 85.6018, 22.5558 ], [ 85.5983, 22.5486 ], [ 85.6097, 22.5505 ], [ 85.6172, 22.5465 ], [ 85.6092, 22.5404 ], [ 85.6056, 22.5427 ], [ 85.6001, 22.5392 ], [ 85.5955, 22.5408 ], [ 85.5951, 22.5456 ], [ 85.5793, 22.5371 ], [ 85.5516, 22.5363 ], [ 85.5509, 22.5251 ], [ 85.5201, 22.5197 ], [ 85.5029, 22.5195 ], [ 85.4943, 22.5278 ], [ 85.4827, 22.5274 ], [ 85.49, 22.5251 ], [ 85.4875, 22.5129 ], [ 85.4944, 22.5107 ], [ 85.4955, 22.507 ], [ 85.4853, 22.4971 ], [ 85.4792, 22.4977 ], [ 85.4758, 22.5019 ], [ 85.471, 22.4925 ], [ 85.4628, 22.4989 ], [ 85.4504, 22.4768 ], [ 85.457, 22.4708 ], [ 85.4562, 22.4591 ], [ 85.4683, 22.4412 ], [ 85.4686, 22.4244 ], [ 85.4808, 22.4109 ], [ 85.4698, 22.4026 ], [ 85.4627, 22.4057 ], [ 85.449, 22.394 ], [ 85.4428, 22.4019 ], [ 85.4222, 22.3707 ], [ 85.4183, 22.3769 ], [ 85.403, 22.3795 ], [ 85.4017, 22.3705 ], [ 85.3851, 22.3729 ], [ 85.3817, 22.3681 ], [ 85.3742, 22.3688 ], [ 85.3615, 22.3622 ], [ 85.357, 22.3499 ], [ 85.3505, 22.3533 ], [ 85.3386, 22.3451 ], [ 85.3222, 22.3228 ], [ 85.3172, 22.3212 ], [ 85.3114, 22.3276 ], [ 85.3042, 22.3294 ], [ 85.3001, 22.341 ], [ 85.3078, 22.3589 ], [ 85.3152, 22.3606 ], [ 85.3192, 22.3656 ], [ 85.3179, 22.3678 ], [ 85.31, 22.3657 ], [ 85.3117, 22.3733 ], [ 85.3064, 22.3712 ], [ 85.2932, 22.3745 ], [ 85.2737, 22.3615 ], [ 85.271, 22.3535 ], [ 85.2653, 22.3579 ], [ 85.2613, 22.354 ], [ 85.2507, 22.3578 ], [ 85.2625, 22.3843 ], [ 85.2862, 22.3995 ], [ 85.2852, 22.4042 ], [ 85.2988, 22.4132 ], [ 85.2815, 22.4157 ], [ 85.2628, 22.4253 ], [ 85.2743, 22.4535 ], [ 85.271, 22.4561 ], [ 85.2557, 22.4557 ], [ 85.2525, 22.4639 ], [ 85.247, 22.4669 ], [ 85.2449, 22.477 ], [ 85.2188, 22.4953 ], [ 85.2177, 22.5052 ], [ 85.2238, 22.5124 ], [ 85.2215, 22.5268 ], [ 85.227, 22.5343 ], [ 85.2444, 22.5433 ], [ 85.2186, 22.5723 ], [ 85.2271, 22.5913 ], [ 85.2541, 22.576 ], [ 85.2697, 22.5769 ], [ 85.2735, 22.5816 ], [ 85.2719, 22.5906 ], [ 85.2804, 22.589 ], [ 85.283, 22.5954 ], [ 85.2801, 22.5993 ], [ 85.2852, 22.6025 ], [ 85.2816, 22.6096 ], [ 85.2852, 22.6245 ], [ 85.3091, 22.6322 ], [ 85.324, 22.6282 ], [ 85.328, 22.6408 ], [ 85.3371, 22.6385 ], [ 85.3416, 22.6227 ] ] ] } },
{ "type": "Feature", "properties": { "unit_id": "IND.15.18.2_1", "name": "Anandpur", "district": "West Singhbhum", "did": "jharkhand:West Singhbhum", "state_key": "jharkhand" }, "geometry": { "type": "Polygon", "coordinates": [ [ [ 85.2264, 22.6057 ], [ 85.2282, 22.5947 ], [ 85.2189, 22.5697 ], [ 85.2427, 22.5472 ], [ 85.2443, 22.5416 ], [ 85.227, 22.5343 ], [ 85.2215, 22.5268 ], [ 85.2238, 22.5124 ], [ 85.2185, 22.5077 ], [ 85.214, 22.4805 ], [ 85.2083, 22.4734 ], [ 85.1921, 22.4695 ], [ 85.1782, 22.4511 ], [ 85.1845, 22.4401 ], [ 85.1852, 22.4251 ], [ 85.1794, 22.4263 ], [ 85.1776, 22.4218 ], [ 85.1717, 22.4216 ], [ 85.1563, 22.4287 ], [ 85.167, 22.4164 ], [ 85.1628, 22.4024 ], [ 85.1514, 22.3891 ], [ 85.1478, 22.3931 ], [ 85.1201, 22.3895 ], [ 85.1183, 22.3807 ], [ 85.1084, 22.3785 ], [ 85.0965, 22.39 ], [ 85.086, 22.3917 ], [ 85.0865, 22.3994 ], [ 85.0802, 22.41 ], [ 85.0821, 22.4165 ], [ 85.0678, 22.4284 ], [ 85.0668, 22.4409 ], [ 85.0606, 22.4471 ], [ 85.0642, 22.4542 ], [ 85.0771, 22.4638 ], [ 85.074, 22.4655 ], [ 85.078, 22.4765 ], [ 85.0673, 22.4831 ], [ 85.0741, 22.4933 ], [ 85.0799, 22.5172 ], [ 85.0777, 22.525 ], [ 85.0646, 22.5394 ], [ 85.0723, 22.548 ], [ 85.0687, 22.5659 ], [ 85.0758, 22.5741 ], [ 85.0859, 22.5742 ], [ 85.1009, 22.5813 ], [ 85.1313, 22.6021 ], [ 85.1413, 22.602 ], [ 85.1515, 22.5964 ], [ 85.164, 22.5965 ], [ 85.1705, 22.6027 ], [ 85.1819, 22.6023 ], [ 85.1973, 22.6128 ], [ 85.2196, 22.6108 ], [ 85.2264, 22.6057 ] ] ] } },
{ "type": "Feature", "properties": { "unit_id": "IND.15.18.2_1", "name": "Gudri", "district": "West Singhbhum", "did": "jharkhand:West Singhbhum", "state_key": "jharkhand" }, "geometry": { "type": "Polygon", "coordinates": [ [ [ 85.2534, 22.764 ], [ 85.2457, 22.7567 ], [ 85.249, 22.7504 ], [ 85.2614, 22.7519 ], [ 85.2759, 22.7478 ], [ 85.2838, 22.7433 ], [ 85.2854, 22.7376 ], [ 85.2888, 22.7395 ], [ 85.2974, 22.7326 ], [ 85.2993, 22.736 ], [ 85.2931, 22.7465 ], [ 85.2788, 22.758 ], [ 85.2792, 22.7623 ], [ 85.2996, 22.7638 ], [ 85.3052, 22.7582 ], [ 85.316, 22.7579 ], [ 85.316, 22.771 ], [ 85.3282, 22.7707 ], [ 85.3326, 22.752 ], [ 85.3302, 22.7422 ], [ 85.3404, 22.737 ], [ 85.3635, 22.7476 ], [ 85.3651, 22.7523 ], [ 85.3747, 22.7545 ], [ 85.3775, 22.7519 ], [ 85.3761, 22.7407 ], [ 85.3671, 22.7299 ], [ 85.3706, 22.7269 ], [ 85.375, 22.734 ], [ 85.3841, 22.7271 ], [ 85.3821, 22.7042 ], [ 85.3883, 22.7004 ], [ 85.3754, 22.6891 ], [ 85.3875, 22.6868 ], [ 85.3848, 22.6823 ], [ 85.3772, 22.6821 ], [ 85.3702, 22.6631 ], [ 85.3595, 22.657 ], [ 85.3623, 22.645 ], [ 85.3564, 22.6313 ], [ 85.3673, 22.6251 ], [ 85.3728, 22.6274 ], [ 85.384, 22.6176 ], [ 85.3823, 22.6055 ], [ 85.3879, 22.6016 ], [ 85.3872, 22.5888 ], [ 85.3952, 22.5766 ], [ 85.4053, 22.5737 ], [ 85.4132, 22.5775 ], [ 85.4122, 22.5703 ], [ 85.4029, 22.5588 ], [ 85.4023, 22.5478 ], [ 85.3968, 22.5482 ], [ 85.3911, 22.5427 ], [ 85.393, 22.5272 ], [ 85.3851, 22.5404 ], [ 85.3909, 22.5478 ], [ 85.39, 22.5522 ], [ 85.3823, 22.553 ], [ 85.3821, 22.5465 ], [ 85.3703, 22.5426 ], [ 85.3688, 22.5527 ], [ 85.3778, 22.5632 ], [ 85.3783, 22.5712 ], [ 85.3616, 22.5725 ], [ 85.3612, 22.5834 ], [ 85.3467, 22.592 ], [ 85.3391, 22.6042 ], [ 85.3394, 22.638 ], [ 85.3315, 22.6414 ], [ 85.328, 22.6408 ], [ 85.324, 22.6282 ], [ 85.3091, 22.6322 ], [ 85.2852, 22.6245 ], [ 85.2816, 22.6096 ], [ 85.2852, 22.6025 ], [ 85.2801, 22.5993 ], [ 85.283, 22.5954 ], [ 85.2804, 22.589 ], [ 85.2719, 22.5906 ], [ 85.2735, 22.5816 ], [ 85.2697, 22.5769 ], [ 85.2541, 22.576 ], [ 85.2452, 22.5795 ], [ 85.2271, 22.5913 ], [ 85.2284, 22.6004 ], [ 85.2236, 22.6085 ], [ 85.2006, 22.6133 ], [ 85.1819, 22.6023 ], [ 85.1705, 22.6027 ], [ 85.164, 22.5965 ], [ 85.1515, 22.5964 ], [ 85.1413, 22.602 ], [ 85.1313, 22.6021 ], [ 85.1009, 22.5813 ], [ 85.0891, 22.5771 ], [ 85.0939, 22.603 ], [ 85.0755, 22.6181 ], [ 85.0913, 22.6339 ], [ 85.0969, 22.6516 ], [ 85.115, 22.6637 ], [ 85.1225, 22.6886 ], [ 85.1199, 22.7099 ], [ 85.1333, 22.721 ], [ 85.1285, 22.7247 ], [ 85.129, 22.7382 ], [ 85.1435, 22.7399 ], [ 85.1473, 22.7461 ], [ 85.1531, 22.7439 ], [ 85.1796, 22.7525 ], [ 85.1839, 22.7496 ], [ 85.1921, 22.7628 ], [ 85.2009, 22.7684 ], [ 85.2356, 22.7763 ], [ 85.2534, 22.764 ] ] ] } },
{ "type": "Feature", "properties": { "unit_id": "IND.15.12.1_1", "name": "Rania", "district": "Khunti", "did": "jharkhand:Khunti", "state_key": "jharkhand" }, "geometry": { "type": "Polygon", "coordinates": [ [ [ 85.1015, 22.8769 ], [ 85.1104, 22.8808 ], [ 85.1113, 22.8756 ], [ 85.1069, 22.8673 ], [ 85.0981, 22.8647 ], [ 85.0876, 22.8708 ], [ 85.0779, 22.8691 ], [ 85.0767, 22.8636 ], [ 85.0855, 22.8631 ], [ 85.0857, 22.8577 ], [ 85.1027, 22.8407 ], [ 85.1113, 22.8429 ], [ 85.1165, 22.8386 ], [ 85.1242, 22.8437 ], [ 85.1286, 22.8423 ], [ 85.1295, 22.8341 ], [ 85.1218, 22.8237 ], [ 85.1314, 22.8143 ], [ 85.158, 22.8278 ], [ 85.1603, 22.8229 ], [ 85.1492, 22.8092 ], [ 85.1412, 22.7852 ], [ 85.1369, 22.7542 ], [ 85.1478, 22.747 ], [ 85.1435, 22.7399 ], [ 85.129, 22.7382 ], [ 85.1285, 22.7247 ], [ 85.1333, 22.721 ], [ 85.1199, 22.7099 ], [ 85.1225, 22.6886 ], [ 85.115, 22.6637 ], [ 85.0969, 22.6516 ], [ 85.0913, 22.6339 ], [ 85.0756, 22.6185 ], [ 85.0904, 22.608 ], [ 85.095, 22.597 ], [ 85.089, 22.5757 ], [ 85.0776, 22.5734 ], [ 85.0688, 22.5894 ], [ 85.0701, 22.6053 ], [ 85.0539, 22.6115 ], [ 85.0569, 22.6229 ], [ 85.0495, 22.6383 ], [ 85.061, 22.6681 ], [ 85.0464, 22.6742 ], [ 85.0415, 22.6811 ], [ 85.054, 22.7093 ], [ 85.053, 22.7212 ], [ 85.0586, 22.7384 ], [ 85.0492, 22.7533 ], [ 85.0276, 22.7558 ], [ 85.0214, 22.7655 ], [ 85.0102, 22.7698 ], [ 85.0056, 22.7872 ], [ 84.9826, 22.7845 ], [ 84.9802, 22.7883 ], [ 84.9826, 22.8045 ], [ 84.9856, 22.802 ], [ 85.0072, 22.8024 ], [ 85.0069, 22.8172 ], [ 84.9994, 22.8367 ], [ 85.0016, 22.8417 ], [ 85.0152, 22.8431 ], [ 85.0265, 22.8379 ], [ 85.0341, 22.8391 ], [ 85.0299, 22.8539 ], [ 85.061, 22.8608 ], [ 85.0586, 22.8646 ], [ 85.0678, 22.8812 ], [ 85.0664, 22.8854 ], [ 85.059, 22.8877 ], [ 85.0583, 22.8923 ], [ 85.0692, 22.8985 ], [ 85.0959, 22.8946 ], [ 85.1015, 22.8769 ] ] ] } },
{ "type": "Feature", "properties": { "unit_id": "IND.15.24.1_1", "name": "Kolebira", "district": "Simdega", "did": "jharkhand:Simdega", "state_key": "jharkhand" }, "geometry": { "type": "Polygon", "coordinates": [ [ [ 84.7805, 22.7952 ], [ 84.7747, 22.7824 ], [ 84.7754, 22.765 ], [ 84.7843, 22.7588 ], [ 84.7858, 22.7686 ], [ 84.7928, 22.7717 ], [ 84.7942, 22.7548 ], [ 84.7859, 22.7266 ], [ 84.7889, 22.7196 ], [ 84.8103, 22.7093 ], [ 84.8209, 22.7156 ], [ 84.8145, 22.7361 ], [ 84.8145, 22.7434 ], [ 84.82, 22.7505 ], [ 84.8311, 22.7416 ], [ 84.8314, 22.7306 ], [ 84.8619, 22.718 ], [ 84.8641, 22.7075 ], [ 84.8687, 22.7041 ], [ 84.867, 22.693 ], [ 84.8761, 22.6875 ], [ 84.8767, 22.6781 ], [ 84.8864, 22.6709 ], [ 84.8813, 22.6597 ], [ 84.882, 22.6471 ], [ 84.8772, 22.642 ], [ 84.877, 22.6208 ], [ 84.8412, 22.6229 ], [ 84.8309, 22.6038 ], [ 84.8242, 22.5998 ], [ 84.7972, 22.6088 ], [ 84.7941, 22.6059 ], [ 84.7814, 22.6083 ], [ 84.7754, 22.6042 ], [ 84.775, 22.5971 ], [ 84.7691, 22.597 ], [ 84.7606, 22.5855 ], [ 84.751, 22.5817 ], [ 84.7464, 22.5861 ], [ 84.7469, 22.5931 ], [ 84.736, 22.5951 ], [ 84.7267, 22.5876 ], [ 84.7199, 22.5912 ], [ 84.6769, 22.5875 ], [ 84.666, 22.5999 ], [ 84.6565, 22.602 ], [ 84.6536, 22.6128 ], [ 84.6199, 22.6304 ], [ 84.6161, 22.6404 ], [ 84.6195, 22.6686 ], [ 84.6109, 22.6767 ], [ 84.5934, 22.7139 ], [ 84.5982, 22.7218 ], [ 84.6051, 22.723 ], [ 84.6044, 22.7309 ], [ 84.6123, 22.7336 ], [ 84.6453, 22.7316 ], [ 84.6486, 22.7396 ], [ 84.6584, 22.7311 ], [ 84.6661, 22.731 ], [ 84.6697, 22.7394 ], [ 84.6865, 22.737 ], [ 84.6954, 22.7416 ], [ 84.701, 22.762 ], [ 84.7081, 22.7656 ], [ 84.7247, 22.7655 ], [ 84.7291, 22.7728 ], [ 84.728, 22.7777 ], [ 84.7218, 22.7792 ], [ 84.7229, 22.7826 ], [ 84.7171, 22.7842 ], [ 84.7305, 22.801 ], [ 84.7718, 22.7892 ], [ 84.7805, 22.7952 ] ] ] } },
{ "type": "Feature", "properties": { "unit_id": "IND.15.24.1_1", "name": "Jaldega", "district": "Simdega", "did": "jharkhand:Simdega", "state_key": "jharkhand" }, "geometry": { "type": "Polygon", "coordinates": [ [ [ 84.8731, 22.6132 ], [ 84.8748, 22.5863 ], [ 84.8837, 22.5692 ], [ 84.895, 22.5626 ], [ 84.9166, 22.567 ], [ 84.9316, 22.5769 ], [ 84.9361, 22.5755 ], [ 84.9406, 22.5694 ], [ 84.9359, 22.5639 ], [ 84.9373, 22.5511 ], [ 84.9449, 22.5484 ], [ 84.9423, 22.5304 ], [ 84.9492, 22.5263 ], [ 84.9578, 22.5299 ], [ 84.965, 22.5225 ], [ 84.9666, 22.5136 ], [ 84.9759, 22.5081 ], [ 84.9697, 22.4986 ], [ 84.9718, 22.495 ], [ 84.9783, 22.4954 ], [ 84.9813, 22.4905 ], [ 84.9718, 22.4808 ], [ 84.9766, 22.4529 ], [ 84.9649, 22.4493 ], [ 84.9594, 22.4431 ], [ 84.9567, 22.4582 ], [ 84.9449, 22.4525 ], [ 84.9402, 22.4452 ], [ 84.9239, 22.4436 ], [ 84.9262, 22.4349 ], [ 84.9159, 22.4261 ], [ 84.8856, 22.4211 ], [ 84.8887, 22.4292 ], [ 84.8824, 22.4485 ], [ 84.8731, 22.4395 ], [ 84.8456, 22.4363 ], [ 84.8386, 22.4309 ], [ 84.8176, 22.4376 ], [ 84.8125, 22.4529 ], [ 84.8057, 22.4477 ], [ 84.7998, 22.4478 ], [ 84.7974, 22.4562 ], [ 84.8129, 22.464 ], [ 84.8141, 22.461 ], [ 84.8326, 22.4599 ], [ 84.8273, 22.4724 ], [ 84.8354, 22.4767 ], [ 84.8383, 22.4918 ], [ 84.8361, 22.4989 ], [ 84.831, 22.5009 ], [ 84.8365, 22.508 ], [ 84.8284, 22.5172 ], [ 84.8192, 22.51 ], [ 84.8073, 22.5115 ], [ 84.7904, 22.5051 ], [ 84.7917, 22.4937 ], [ 84.7811, 22.4978 ], [ 84.7631, 22.4938 ], [ 84.7576, 22.4967 ], [ 84.7119, 22.4843 ], [ 84.7024, 22.487 ], [ 84.6986, 22.4985 ], [ 84.6836, 22.5057 ], [ 84.6787, 22.4981 ], [ 84.6615, 22.4907 ], [ 84.6571, 22.4846 ], [ 84.6497, 22.4855 ], [ 84.6397, 22.49 ], [ 84.6214, 22.5128 ], [ 84.6391, 22.5599 ], [ 84.651, 22.5636 ], [ 84.6747, 22.587 ], [ 84.7199, 22.5912 ], [ 84.7267, 22.5876 ], [ 84.736, 22.5951 ], [ 84.7469, 22.5931 ], [ 84.7464, 22.5861 ], [ 84.751, 22.5817 ], [ 84.7606, 22.5855 ], [ 84.7691, 22.597 ], [ 84.775, 22.5971 ], [ 84.7754, 22.6042 ], [ 84.7814, 22.6083 ], [ 84.7941, 22.6059 ], [ 84.7972, 22.6088 ], [ 84.8242, 22.5998 ], [ 84.8309, 22.6038 ], [ 84.8412, 22.6229 ], [ 84.8679, 22.6218 ], [ 84.8731, 22.6132 ] ] ] } },
{ "type": "Feature", "properties": { "unit_id": "IND.15.24.1_1", "name": "Bansjor", "district": "Simdega", "did": "jharkhand:Simdega", "state_key": "jharkhand" }, "geometry": { "type": "Polygon", "coordinates": [ [ [ 84.831, 22.5009 ], [ 84.8361, 22.4989 ], [ 84.8383, 22.4918 ], [ 84.8365, 22.4806 ], [ 84.8273, 22.4724 ], [ 84.8323, 22.4595 ], [ 84.8141, 22.461 ], [ 84.8129, 22.464 ], [ 84.7974, 22.4562 ], [ 84.7998, 22.4478 ], [ 84.796, 22.4463 ], [ 84.7593, 22.4475 ], [ 84.7497, 22.419 ], [ 84.7188, 22.4199 ], [ 84.6986, 22.4164 ], [ 84.6741, 22.4219 ], [ 84.6681, 22.4181 ], [ 84.6297, 22.4333 ], [ 84.6293, 22.4401 ], [ 84.6109, 22.4454 ], [ 84.6179, 22.4611 ], [ 84.628, 22.4701 ], [ 84.6144, 22.4769 ], [ 84.614, 22.4878 ], [ 84.6012, 22.4916 ], [ 84.6111, 22.5016 ], [ 84.6285, 22.5058 ], [ 84.6397, 22.49 ], [ 84.6558, 22.4844 ], [ 84.6637, 22.4921 ], [ 84.6787, 22.4981 ], [ 84.6836, 22.5057 ], [ 84.6986, 22.4985 ], [ 84.7024, 22.487 ], [ 84.7119, 22.4843 ], [ 84.7576, 22.4967 ], [ 84.7631, 22.4938 ], [ 84.7811, 22.4978 ], [ 84.7917, 22.4937 ], [ 84.7904, 22.5051 ], [ 84.8073, 22.5115 ], [ 84.8192, 22.51 ], [ 84.8284, 22.5172 ], [ 84.8365, 22.508 ], [ 84.831, 22.5009 ] ] ] } },
{ "type": "Feature", "properties": { "unit_id": "IND.15.24.1_1", "name": "Bano", "district": "Simdega", "did": "jharkhand:Simdega", "state_key": "jharkhand" }, "geometry": { "type": "Polygon", "coordinates": [ [ [ 84.9589, 22.7752 ], [ 84.9687, 22.7852 ], [ 84.9968, 22.7847 ], [ 85.0051, 22.7875 ], [ 85.0102, 22.7698 ], [ 85.0214, 22.7655 ], [ 85.0276, 22.7558 ], [ 85.0492, 22.7533 ], [ 85.0589, 22.7375 ], [ 85.053, 22.7212 ], [ 85.054, 22.7093 ], [ 85.0414, 22.6821 ], [ 85.0464, 22.6742 ], [ 85.061, 22.6681 ], [ 85.0496, 22.6366 ], [ 85.0569, 22.6229 ], [ 85.054, 22.6112 ], [ 85.0707, 22.6034 ], [ 85.0685, 22.5907 ], [ 85.0758, 22.5741 ], [ 85.0685, 22.5652 ], [ 85.0723, 22.548 ], [ 85.0646, 22.5394 ], [ 85.0791, 22.5218 ], [ 85.0778, 22.5036 ], [ 85.0673, 22.4842 ], [ 85.0597, 22.4864 ], [ 85.0416, 22.4806 ], [ 85.0359, 22.4824 ], [ 85.0372, 22.4728 ], [ 85.0223, 22.4717 ], [ 84.9766, 22.4529 ], [ 84.9718, 22.4808 ], [ 84.9813, 22.4905 ], [ 84.9783, 22.4954 ], [ 84.9718, 22.495 ], [ 84.9697, 22.4986 ], [ 84.9759, 22.5081 ], [ 84.9666, 22.5136 ], [ 84.965, 22.5225 ], [ 84.9578, 22.5299 ], [ 84.9492, 22.5263 ], [ 84.9423, 22.5304 ], [ 84.9449, 22.5484 ], [ 84.9373, 22.5511 ], [ 84.9359, 22.5639 ], [ 84.9406, 22.5694 ], [ 84.9376, 22.5737 ], [ 84.9316, 22.5769 ], [ 84.9166, 22.567 ], [ 84.895, 22.5626 ], [ 84.8837, 22.5692 ], [ 84.8748, 22.5863 ], [ 84.8769, 22.5906 ], [ 84.8697, 22.621 ], [ 84.877, 22.6208 ], [ 84.8772, 22.642 ], [ 84.882, 22.6471 ], [ 84.8813, 22.6597 ], [ 84.8864, 22.6709 ], [ 84.8767, 22.6781 ], [ 84.8761, 22.6875 ], [ 84.867, 22.693 ], [ 84.8685, 22.7048 ], [ 84.8565, 22.722 ], [ 84.8595, 22.7238 ], [ 84.8414, 22.7571 ], [ 84.8433, 22.7702 ], [ 84.8584, 22.7661 ], [ 84.8582, 22.7614 ], [ 84.8698, 22.7559 ], [ 84.8811, 22.7432 ], [ 84.8812, 22.7386 ], [ 84.9002, 22.7542 ], [ 84.8983, 22.7582 ], [ 84.913, 22.7621 ], [ 84.9185, 22.7682 ], [ 84.9223, 22.7847 ], [ 84.9273, 22.7838 ], [ 84.9306, 22.7922 ], [ 84.9453, 22.778 ], [ 84.9589, 22.7752 ] ] ] } },
{ "type": "Feature", "properties": { "unit_id": "IND.15.18.2_1", "name": "Manoharpur", "district": "West Singhbhum", "did": "jharkhand:West Singhbhum", "state_key": "jharkhand" }, "geometry": { "type": "Polygon", "coordinates": [ [ [ 85.271, 22.4561 ], [ 85.2743, 22.4535 ], [ 85.2628, 22.4253 ], [ 85.2815, 22.4157 ], [ 85.2988, 22.4132 ], [ 85.2852, 22.4042 ], [ 85.2862, 22.3995 ], [ 85.2625, 22.3843 ], [ 85.2505, 22.3594 ], [ 85.2525, 22.3555 ], [ 85.2613, 22.354 ], [ 85.2653, 22.3579 ], [ 85.271, 22.3535 ], [ 85.2737, 22.3615 ], [ 85.2932, 22.3745 ], [ 85.3064, 22.3712 ], [ 85.3117, 22.3733 ], [ 85.31, 22.3657 ], [ 85.3179, 22.3678 ], [ 85.3192, 22.3656 ], [ 85.3152, 22.3606 ], [ 85.3078, 22.3589 ], [ 85.3001, 22.341 ], [ 85.3042, 22.3294 ], [ 85.3114, 22.3276 ], [ 85.3172, 22.3212 ], [ 85.3222, 22.3228 ], [ 85.3386, 22.3451 ], [ 85.3505, 22.3533 ], [ 85.357, 22.3499 ], [ 85.3615, 22.3622 ], [ 85.3742, 22.3688 ], [ 85.3817, 22.3681 ], [ 85.3851, 22.3729 ], [ 85.3984, 22.3726 ], [ 85.3894, 22.3611 ], [ 85.3911, 22.3532 ], [ 85.3796, 22.3466 ], [ 85.3865, 22.3396 ], [ 85.3961, 22.3386 ], [ 85.3986, 22.3324 ], [ 85.3953, 22.3177 ], [ 85.3997, 22.3182 ], [ 85.4107, 22.2996 ], [ 85.408, 22.2905 ], [ 85.3794, 22.26 ], [ 85.374, 22.2568 ], [ 85.3642, 22.2616 ], [ 85.3528, 22.2434 ], [ 85.3391, 22.2396 ], [ 85.3348, 22.2285 ], [ 85.3254, 22.2234 ], [ 85.3194, 22.2125 ], [ 85.3011, 22.1974 ], [ 85.2868, 22.1799 ], [ 85.2874, 22.1743 ], [ 85.2802, 22.1692 ], [ 85.2819, 22.1645 ], [ 85.2786, 22.1646 ], [ 85.2669, 22.1498 ], [ 85.2567, 22.161 ], [ 85.2506, 22.1612 ], [ 85.2448, 22.1535 ], [ 85.2346, 22.15 ], [ 85.2358, 22.146 ], [ 85.2313, 22.1471 ], [ 85.2315, 22.1435 ], [ 85.2092, 22.141 ], [ 85.2152, 22.1272 ], [ 85.2227, 22.1285 ], [ 85.2208, 22.1074 ], [ 85.2275, 22.1037 ], [ 85.2329, 22.0932 ], [ 85.2288, 22.0851 ], [ 85.232, 22.0823 ], [ 85.2272, 22.0789 ], [ 85.2297, 22.0713 ], [ 85.218, 22.0589 ], [ 85.221, 22.0563 ], [ 85.2317, 22.0636 ], [ 85.2242, 22.0452 ], [ 85.2237, 22.027 ], [ 85.2199, 22.0247 ], [ 85.2186, 22.0409 ], [ 85.2134, 22.0497 ], [ 85.1857, 22.0592 ], [ 85.1806, 22.0732 ], [ 85.1746, 22.0746 ], [ 85.1676, 22.0695 ], [ 85.1739, 22.0514 ], [ 85.1669, 22.0537 ], [ 85.1605, 22.0747 ], [ 85.1548, 22.0788 ], [ 85.1318, 22.0768 ], [ 85.1201, 22.0702 ], [ 85.1125, 22.0798 ], [ 85.1124, 22.087 ], [ 85.1006, 22.0937 ], [ 85.1001, 22.1036 ], [ 85.0949, 22.1084 ], [ 85.089, 22.1057 ], [ 85.0705, 22.1129 ], [ 85.0391, 22.1156 ], [ 85.0158, 22.1036 ], [ 85.0087, 22.0889 ], [ 84.9937, 22.0814 ], [ 84.9869, 22.0828 ], [ 84.9834, 22.0955 ], [ 84.9995, 22.1077 ], [ 85.0236, 22.1186 ], [ 85.0317, 22.1331 ], [ 85.0342, 22.147 ], [ 85.0283, 22.1572 ], [ 85.0291, 22.1635 ], [ 85.0527, 22.1825 ], [ 85.0492, 22.1954 ], [ 85.0592, 22.206 ], [ 85.0722, 22.2377 ], [ 85.0702, 22.2481 ], [ 85.0782, 22.2574 ], [ 85.0706, 22.2737 ], [ 85.0996, 22.2936 ], [ 85.116, 22.2941 ], [ 85.1142, 22.3104 ], [ 85.1181, 22.3176 ], [ 85.1064, 22.3215 ], [ 85.0955, 22.3157 ], [ 85.0907, 22.3186 ], [ 85.0957, 22.3447 ], [ 85.0833, 22.3453 ], [ 85.0767, 22.3562 ], [ 85.0774, 22.3655 ], [ 85.087, 22.3825 ], [ 85.086, 22.3917 ], [ 85.0965, 22.39 ], [ 85.1084, 22.3785 ], [ 85.1183, 22.3807 ], [ 85.1201, 22.3895 ], [ 85.1478, 22.3931 ], [ 85.1514, 22.3891 ], [ 85.1628, 22.4024 ], [ 85.167, 22.4164 ], [ 85.1563, 22.4287 ], [ 85.1717, 22.4216 ], [ 85.1776, 22.4218 ], [ 85.1794, 22.4263 ], [ 85.1852, 22.4251 ], [ 85.1845, 22.4401 ], [ 85.1782, 22.4511 ], [ 85.1921, 22.4695 ], [ 85.2083, 22.4734 ], [ 85.2188, 22.4953 ], [ 85.2449, 22.477 ], [ 85.247, 22.4669 ], [ 85.2525, 22.4639 ], [ 85.2557, 22.4557 ], [ 85.271, 22.4561 ] ] ] } },
{ "type": "Feature", "properties": { "unit_id": "IND.15.18.1_1", "name": "Noamundi", "district": "West Singhbhum", "did": "jharkhand:West Singhbhum", "state_key": "jharkhand" }, "geometry": { "type": "Polygon", "coordinates": [ [ [ 85.5715, 22.3533 ], [ 85.5826, 22.3449 ], [ 85.601, 22.3399 ], [ 85.6183, 22.3486 ], [ 85.6299, 22.3327 ], [ 85.6255, 22.3264 ], [ 85.6301, 22.3182 ], [ 85.6282, 22.3099 ], [ 85.6415, 22.2877 ], [ 85.6403, 22.2843 ], [ 85.6137, 22.2813 ], [ 85.6137, 22.2496 ], [ 85.5934, 22.2218 ], [ 85.588, 22.205 ], [ 85.5887, 22.1922 ], [ 85.5765, 22.1933 ], [ 85.5636, 22.2008 ], [ 85.5607, 22.1983 ], [ 85.5656, 22.1827 ], [ 85.5603, 22.1801 ], [ 85.556, 22.164 ], [ 85.5592, 22.1578 ], [ 85.576, 22.1454 ], [ 85.5773, 22.1246 ], [ 85.5677, 22.1171 ], [ 85.5798, 22.0905 ], [ 85.5662, 22.0889 ], [ 85.5604, 22.0961 ], [ 85.543, 22.0905 ], [ 85.5398, 22.1018 ], [ 85.5098, 22.1177 ], [ 85.4899, 22.1211 ], [ 85.4619, 22.1399 ], [ 85.4211, 22.1588 ], [ 85.3973, 22.1632 ], [ 85.3826, 22.1564 ], [ 85.3711, 22.161 ], [ 85.3658, 22.1585 ], [ 85.3604, 22.144 ], [ 85.3644, 22.1237 ], [ 85.3462, 22.1303 ], [ 85.3435, 22.1274 ], [ 85.3235, 22.1277 ], [ 85.3188, 22.1208 ], [ 85.3106, 22.1188 ], [ 85.2751, 22.0823 ], [ 85.2442, 22.0158 ], [ 85.2392, 22.0102 ], [ 85.2292, 22.0124 ], [ 85.2214, 22.018 ], [ 85.2199, 22.0247 ], [ 85.2237, 22.027 ], [ 85.2242, 22.0452 ], [ 85.2317, 22.0636 ], [ 85.221, 22.0563 ], [ 85.218, 22.0589 ], [ 85.2297, 22.0713 ], [ 85.2272, 22.0789 ], [ 85.232, 22.0823 ], [ 85.2288, 22.0851 ], [ 85.2329, 22.0932 ], [ 85.2275, 22.1037 ], [ 85.2208, 22.1074 ], [ 85.2227, 22.1285 ], [ 85.2152, 22.1272 ], [ 85.2092, 22.141 ], [ 85.2315, 22.1435 ], [ 85.2313, 22.1471 ], [ 85.2358, 22.146 ], [ 85.2346, 22.15 ], [ 85.2448, 22.1535 ], [ 85.2506, 22.1612 ], [ 85.2567, 22.161 ], [ 85.2669, 22.1498 ], [ 85.2786, 22.1646 ], [ 85.2819, 22.1645 ], [ 85.2802, 22.1692 ], [ 85.2874, 22.1743 ], [ 85.2868, 22.1799 ], [ 85.3011, 22.1974 ], [ 85.3194, 22.2125 ], [ 85.3254, 22.2234 ], [ 85.3348, 22.2285 ], [ 85.3391, 22.2396 ], [ 85.3528, 22.2434 ], [ 85.3642, 22.2616 ], [ 85.374, 22.2568 ], [ 85.3794, 22.26 ], [ 85.4055, 22.2902 ], [ 85.4093, 22.2899 ], [ 85.4055, 22.2836 ], [ 85.4108, 22.2728 ], [ 85.4185, 22.279 ], [ 85.4363, 22.2779 ], [ 85.4518, 22.2824 ], [ 85.4608, 22.2892 ], [ 85.4941, 22.2924 ], [ 85.4951, 22.3036 ], [ 85.4903, 22.3173 ], [ 85.4958, 22.3258 ], [ 85.5082, 22.3315 ], [ 85.5123, 22.3251 ], [ 85.5024, 22.3102 ], [ 85.5079, 22.3114 ], [ 85.5114, 22.2924 ], [ 85.5224, 22.2902 ], [ 85.533, 22.2943 ], [ 85.5607, 22.3174 ], [ 85.5785, 22.3205 ], [ 85.5577, 22.3416 ], [ 85.5571, 22.3567 ], [ 85.5656, 22.3523 ], [ 85.5715, 22.3533 ] ] ] } },
{ "type": "Feature", "properties": { "unit_id": "IND.15.18.1_1", "name": "Majhhgaon", "district": "West Singhbhum", "did": "jharkhand:West Singhbhum", "state_key": "jharkhand" }, "geometry": { "type": "Polygon", "coordinates": [ [ [ 85.8079, 22.1258 ], [ 85.8187, 22.1302 ], [ 85.8241, 22.1274 ], [ 85.8301, 22.1308 ], [ 85.839, 22.1299 ], [ 85.8492, 22.1357 ], [ 85.8697, 22.1355 ], [ 85.8781, 22.1246 ], [ 85.8861, 22.1236 ], [ 85.8869, 22.1043 ], [ 85.8984, 22.1027 ], [ 85.9044, 22.0874 ], [ 85.9127, 22.0844 ], [ 85.9275, 22.0851 ], [ 85.9392, 22.0953 ], [ 85.9441, 22.0941 ], [ 85.9577, 22.1037 ], [ 85.9626, 22.1017 ], [ 85.981, 22.1169 ], [ 85.9938, 22.1207 ], [ 86.0076, 22.1176 ], [ 85.9436, 22.0204 ], [ 85.9309, 22.0233 ], [ 85.923, 22.0112 ], [ 85.9162, 22.0088 ], [ 85.9095, 21.9878 ], [ 85.9119, 21.9802 ], [ 85.9066, 21.9769 ], [ 85.9113, 21.9734 ], [ 85.9078, 21.9705 ], [ 85.8958, 21.9844 ], [ 85.8821, 21.9801 ], [ 85.8532, 21.9838 ], [ 85.8244, 21.9754 ], [ 85.817, 21.9858 ], [ 85.8054, 21.9894 ], [ 85.7828, 21.9849 ], [ 85.763, 21.9961 ], [ 85.7586, 22.0095 ], [ 85.7608, 22.0145 ], [ 85.7672, 22.0235 ], [ 85.7796, 22.0297 ], [ 85.7838, 22.0402 ], [ 85.7749, 22.0563 ], [ 85.7934, 22.0818 ], [ 85.8161, 22.0736 ], [ 85.8359, 22.0802 ], [ 85.8357, 22.0826 ], [ 85.8321, 22.0934 ], [ 85.8198, 22.0964 ], [ 85.8133, 22.0943 ], [ 85.821, 22.1065 ], [ 85.8074, 22.1161 ], [ 85.7973, 22.1048 ], [ 85.7902, 22.1048 ], [ 85.781, 22.0965 ], [ 85.7673, 22.0928 ], [ 85.7574, 22.0846 ], [ 85.7571, 22.0783 ], [ 85.7469, 22.0729 ], [ 85.7443, 22.0764 ], [ 85.7482, 22.0979 ], [ 85.7434, 22.103 ], [ 85.7498, 22.1132 ], [ 85.7402, 22.1204 ], [ 85.7392, 22.133 ], [ 85.7402, 22.1364 ], [ 85.7514, 22.1362 ], [ 85.7692, 22.1312 ], [ 85.7733, 22.1426 ], [ 85.787, 22.14 ], [ 85.7943, 22.1322 ], [ 85.8079, 22.1258 ] ] ] } },
{ "type": "Feature", "properties": { "unit_id": "IND.15.18.1_1", "name": "Kumardungi", "district": "West Singhbhum", "did": "jharkhand:West Singhbhum", "state_key": "jharkhand" }, "geometry": { "type": "Polygon", "coordinates": [ [ [ 86.0029, 22.2138 ], [ 86.0172, 22.2063 ], [ 86.0314, 22.1925 ], [ 85.9968, 22.1324 ], [ 86.0076, 22.1176 ], [ 85.9938, 22.1207 ], [ 85.981, 22.1169 ], [ 85.9626, 22.1017 ], [ 85.9577, 22.1037 ], [ 85.9441, 22.0941 ], [ 85.9392, 22.0953 ], [ 85.9275, 22.0851 ], [ 85.9127, 22.0844 ], [ 85.9044, 22.0874 ], [ 85.8984, 22.1027 ], [ 85.8869, 22.1043 ], [ 85.8861, 22.1236 ], [ 85.8781, 22.1246 ], [ 85.8719, 22.1345 ], [ 85.8492, 22.1357 ], [ 85.839, 22.1299 ], [ 85.8135, 22.1276 ], [ 85.8161, 22.1658 ], [ 85.8129, 22.1692 ], [ 85.8323, 22.1841 ], [ 85.8299, 22.2062 ], [ 85.8473, 22.205 ], [ 85.858, 22.2087 ], [ 85.8529, 22.2252 ], [ 85.8331, 22.2342 ], [ 85.8208, 22.2533 ], [ 85.8451, 22.2587 ], [ 85.8451, 22.2534 ], [ 85.8553, 22.2508 ], [ 85.8724, 22.2521 ], [ 85.8751, 22.2566 ], [ 85.8789, 22.2537 ], [ 85.8769, 22.2506 ], [ 85.8869, 22.2473 ], [ 85.8973, 22.2485 ], [ 85.9019, 22.2562 ], [ 85.9189, 22.2541 ], [ 85.9448, 22.2575 ], [ 85.9479, 22.252 ], [ 85.9596, 22.26 ], [ 85.9857, 22.2371 ], [ 86.0029, 22.2138 ] ] ] } },
{ "type": "Feature", "properties": { "unit_id": "IND.15.18.1_1", "name": "Manihari", "district": "West Singhbhum", "did": "jharkhand:West Singhbhum", "state_key": "jharkhand" }, "geometry": { "type": "Polygon", "coordinates": [ [ [ 85.9354, 22.391 ], [ 85.9408, 22.3986 ], [ 85.9465, 22.3981 ], [ 85.9442, 22.3927 ], [ 85.9496, 22.3807 ], [ 85.9487, 22.3695 ], [ 85.9676, 22.3662 ], [ 85.9743, 22.3573 ], [ 85.9876, 22.3583 ], [ 85.9873, 22.3492 ], [ 85.998, 22.3438 ], [ 86.0028, 22.3359 ], [ 86.0108, 22.3412 ], [ 86.0267, 22.3349 ], [ 86.0119, 22.3223 ], [ 86.0137, 22.3131 ], [ 86.0289, 22.3077 ], [ 86.0407, 22.3125 ], [ 86.0472, 22.309 ], [ 86.0143, 22.2973 ], [ 86.0041, 22.2802 ], [ 85.9883, 22.267 ], [ 85.9897, 22.2544 ], [ 85.9743, 22.2465 ], [ 85.9596, 22.26 ], [ 85.9479, 22.252 ], [ 85.9448, 22.2575 ], [ 85.9189, 22.2541 ], [ 85.9019, 22.2562 ], [ 85.8973, 22.2485 ], [ 85.8869, 22.2473 ], [ 85.8769, 22.2506 ], [ 85.8789, 22.2537 ], [ 85.8751, 22.2566 ], [ 85.8724, 22.2521 ], [ 85.8553, 22.2508 ], [ 85.8451, 22.2534 ], [ 85.8451, 22.2587 ], [ 85.8208, 22.2533 ], [ 85.8092, 22.2713 ], [ 85.8103, 22.2959 ], [ 85.8006, 22.2957 ], [ 85.7876, 22.3056 ], [ 85.7765, 22.3077 ], [ 85.7747, 22.3129 ], [ 85.7674, 22.3121 ], [ 85.7677, 22.3215 ], [ 85.7734, 22.3252 ], [ 85.772, 22.3318 ], [ 85.7604, 22.3319 ], [ 85.757, 22.3365 ], [ 85.7651, 22.3482 ], [ 85.7707, 22.3676 ], [ 85.7745, 22.369 ], [ 85.7735, 22.3752 ], [ 85.7775, 22.3774 ], [ 85.775, 22.3809 ], [ 85.7942, 22.3909 ], [ 85.8141, 22.3897 ], [ 85.8215, 22.3961 ], [ 85.8279, 22.3939 ], [ 85.8293, 22.397 ], [ 85.8367, 22.389 ], [ 85.8426, 22.3706 ], [ 85.8455, 22.3695 ], [ 85.8475, 22.3741 ], [ 85.8536, 22.3698 ], [ 85.8608, 22.3802 ], [ 85.8649, 22.3791 ], [ 85.8632, 22.3694 ], [ 85.8677, 22.366 ], [ 85.8824, 22.384 ], [ 85.8894, 22.376 ], [ 85.9025, 22.3845 ], [ 85.9083, 22.406 ], [ 85.9169, 22.3982 ], [ 85.9191, 22.3904 ], [ 85.9275, 22.3876 ], [ 85.9354, 22.391 ] ] ] } },
{ "type": "Feature", "properties": { "unit_id": "IND.15.18.1_1", "name": "Hatgamhariya", "district": "West Singhbhum", "did": "jharkhand:West Singhbhum", "state_key": "jharkhand" }, "geometry": { "type": "Polygon", "coordinates": [ [ [ 85.7655, 22.3505 ], [ 85.7566, 22.3377 ], [ 85.7604, 22.3319 ], [ 85.772, 22.3318 ], [ 85.7734, 22.3252 ], [ 85.7677, 22.3215 ], [ 85.7674, 22.3121 ], [ 85.7747, 22.3129 ], [ 85.7765, 22.3077 ], [ 85.7876, 22.3056 ], [ 85.8006, 22.2957 ], [ 85.8103, 22.2959 ], [ 85.8092, 22.2713 ], [ 85.8164, 22.2645 ], [ 85.831, 22.2364 ], [ 85.8512, 22.2271 ], [ 85.8569, 22.2141 ], [ 85.8578, 22.2064 ], [ 85.8299, 22.2062 ], [ 85.8323, 22.1841 ], [ 85.8129, 22.1692 ], [ 85.8161, 22.1658 ], [ 85.8126, 22.1526 ], [ 85.8141, 22.1318 ], [ 85.8091, 22.1259 ], [ 85.7943, 22.1322 ], [ 85.787, 22.14 ], [ 85.7733, 22.1426 ], [ 85.7692, 22.1312 ], [ 85.7402, 22.1364 ], [ 85.7403, 22.122 ], [ 85.7273, 22.1239 ], [ 85.7218, 22.1282 ], [ 85.7084, 22.1272 ], [ 85.7092, 22.1339 ], [ 85.7231, 22.1417 ], [ 85.7199, 22.1498 ], [ 85.7223, 22.156 ], [ 85.7332, 22.1577 ], [ 85.733, 22.1757 ], [ 85.7442, 22.1949 ], [ 85.7419, 22.2065 ], [ 85.7491, 22.2228 ], [ 85.7369, 22.225 ], [ 85.7241, 22.2142 ], [ 85.7069, 22.2257 ], [ 85.7027, 22.2412 ], [ 85.6882, 22.2446 ], [ 85.6774, 22.2329 ], [ 85.6736, 22.2373 ], [ 85.6591, 22.2408 ], [ 85.6408, 22.2738 ], [ 85.6429, 22.2824 ], [ 85.6386, 22.2956 ], [ 85.6348, 22.2964 ], [ 85.6282, 22.3099 ], [ 85.6301, 22.3182 ], [ 85.6255, 22.3264 ], [ 85.6303, 22.3312 ], [ 85.6275, 22.335 ], [ 85.6339, 22.3408 ], [ 85.6403, 22.3389 ], [ 85.6444, 22.3421 ], [ 85.6536, 22.3393 ], [ 85.6516, 22.331 ], [ 85.666, 22.3056 ], [ 85.6828, 22.305 ], [ 85.7033, 22.3303 ], [ 85.7141, 22.329 ], [ 85.7225, 22.3405 ], [ 85.7215, 22.3482 ], [ 85.728, 22.3515 ], [ 85.728, 22.3573 ], [ 85.7342, 22.3625 ], [ 85.7438, 22.3546 ], [ 85.7655, 22.3505 ] ] ] } },
{ "type": "Feature", "properties": { "unit_id": "IND.15.18.1_1", "name": "Jagannathpur", "district": "West Singhbhum", "did": "jharkhand:West Singhbhum", "state_key": "jharkhand" }, "geometry": { "type": "Polygon", "coordinates": [ [ [ 85.6427, 22.2829 ], [ 85.6408, 22.2738 ], [ 85.6596, 22.2405 ], [ 85.6736, 22.2373 ], [ 85.6774, 22.2329 ], [ 85.6882, 22.2446 ], [ 85.7027, 22.2412 ], [ 85.7069, 22.2257 ], [ 85.7241, 22.2142 ], [ 85.7369, 22.225 ], [ 85.7491, 22.2228 ], [ 85.7419, 22.2065 ], [ 85.7442, 22.1949 ], [ 85.733, 22.1757 ], [ 85.7332, 22.1577 ], [ 85.7223, 22.156 ], [ 85.7199, 22.1498 ], [ 85.7231, 22.1417 ], [ 85.708, 22.1307 ], [ 85.711, 22.1256 ], [ 85.7218, 22.1282 ], [ 85.7273, 22.1239 ], [ 85.7403, 22.122 ], [ 85.7498, 22.1132 ], [ 85.7434, 22.103 ], [ 85.7482, 22.0979 ], [ 85.7443, 22.0764 ], [ 85.7469, 22.0729 ], [ 85.7302, 22.0653 ], [ 85.7134, 22.0625 ], [ 85.7092, 22.0582 ], [ 85.6917, 22.0623 ], [ 85.6863, 22.0541 ], [ 85.6773, 22.057 ], [ 85.6784, 22.0629 ], [ 85.6616, 22.0833 ], [ 85.6574, 22.0839 ], [ 85.6516, 22.0954 ], [ 85.6441, 22.0943 ], [ 85.6398, 22.0867 ], [ 85.6284, 22.0859 ], [ 85.6237, 22.0818 ], [ 85.6134, 22.0815 ], [ 85.6112, 22.087 ], [ 85.6068, 22.0798 ], [ 85.5932, 22.0801 ], [ 85.5862, 22.0865 ], [ 85.5773, 22.0884 ], [ 85.5799, 22.0948 ], [ 85.5748, 22.0978 ], [ 85.5778, 22.1002 ], [ 85.5718, 22.1041 ], [ 85.5677, 22.1171 ], [ 85.5773, 22.1246 ], [ 85.576, 22.1454 ], [ 85.5592, 22.1578 ], [ 85.556, 22.164 ], [ 85.5603, 22.1801 ], [ 85.5656, 22.1827 ], [ 85.5613, 22.1991 ], [ 85.5636, 22.2008 ], [ 85.5867, 22.1907 ], [ 85.5898, 22.1937 ], [ 85.588, 22.205 ], [ 85.5934, 22.2218 ], [ 85.6137, 22.2496 ], [ 85.6137, 22.2813 ], [ 85.6368, 22.2848 ], [ 85.6427, 22.2829 ] ] ] } },
{ "type": "Feature", "properties": { "unit_id": "IND.15.18.1_1", "name": "Tonto", "district": "West Singhbhum", "did": "jharkhand:West Singhbhum", "state_key": "jharkhand" }, "geometry": { "type": "Polygon", "coordinates": [ [ [ 85.4984, 22.5209 ], [ 85.5071, 22.5191 ], [ 85.5509, 22.5251 ], [ 85.5519, 22.4822 ], [ 85.543, 22.4811 ], [ 85.545, 22.4738 ], [ 85.593, 22.4846 ], [ 85.5914, 22.4767 ], [ 85.5947, 22.4734 ], [ 85.6133, 22.4722 ], [ 85.6287, 22.4652 ], [ 85.6352, 22.4688 ], [ 85.6407, 22.4787 ], [ 85.6591, 22.4759 ], [ 85.6637, 22.4857 ], [ 85.6915, 22.5003 ], [ 85.7025, 22.5113 ], [ 85.7098, 22.5058 ], [ 85.7216, 22.5056 ], [ 85.7218, 22.5001 ], [ 85.7464, 22.5023 ], [ 85.7519, 22.5069 ], [ 85.7633, 22.5012 ], [ 85.7714, 22.5023 ], [ 85.7745, 22.4932 ], [ 85.7682, 22.4898 ], [ 85.7665, 22.4765 ], [ 85.7394, 22.4764 ], [ 85.7234, 22.4533 ], [ 85.7302, 22.4483 ], [ 85.7541, 22.452 ], [ 85.7453, 22.445 ], [ 85.7465, 22.4241 ], [ 85.7582, 22.425 ], [ 85.7785, 22.4088 ], [ 85.7615, 22.3985 ], [ 85.7582, 22.4005 ], [ 85.7443, 22.38 ], [ 85.7548, 22.3605 ], [ 85.7655, 22.3505 ], [ 85.7438, 22.3546 ], [ 85.7338, 22.3625 ], [ 85.7276, 22.3565 ], [ 85.728, 22.3515 ], [ 85.7215, 22.3482 ], [ 85.7225, 22.3405 ], [ 85.7141, 22.329 ], [ 85.7033, 22.3303 ], [ 85.697, 22.3187 ], [ 85.6806, 22.3042 ], [ 85.6651, 22.3066 ], [ 85.6516, 22.331 ], [ 85.6534, 22.3393 ], [ 85.6339, 22.3408 ], [ 85.6275, 22.335 ], [ 85.6183, 22.3486 ], [ 85.601, 22.3399 ], [ 85.5574, 22.3569 ], [ 85.5588, 22.3394 ], [ 85.5785, 22.3205 ], [ 85.5607, 22.3174 ], [ 85.5261, 22.2902 ], [ 85.5114, 22.2924 ], [ 85.5079, 22.3114 ], [ 85.5024, 22.3102 ], [ 85.5123, 22.3251 ], [ 85.5089, 22.3316 ], [ 85.4958, 22.3258 ], [ 85.4903, 22.3173 ], [ 85.4945, 22.2926 ], [ 85.4608, 22.2892 ], [ 85.4518, 22.2824 ], [ 85.4363, 22.2779 ], [ 85.4185, 22.279 ], [ 85.4095, 22.2731 ], [ 85.4055, 22.2836 ], [ 85.4107, 22.2996 ], [ 85.3997, 22.3182 ], [ 85.3947, 22.3198 ], [ 85.3986, 22.334 ], [ 85.395, 22.3392 ], [ 85.3841, 22.3411 ], [ 85.3797, 22.3476 ], [ 85.3911, 22.3532 ], [ 85.3894, 22.3611 ], [ 85.4033, 22.3716 ], [ 85.4029, 22.3795 ], [ 85.4183, 22.3769 ], [ 85.4222, 22.3707 ], [ 85.4428, 22.4019 ], [ 85.449, 22.394 ], [ 85.4627, 22.4057 ], [ 85.4698, 22.4026 ], [ 85.4811, 22.4113 ], [ 85.4686, 22.4244 ], [ 85.4683, 22.4412 ], [ 85.4562, 22.4591 ], [ 85.457, 22.4708 ], [ 85.4504, 22.4768 ], [ 85.4628, 22.4989 ], [ 85.471, 22.4925 ], [ 85.4758, 22.5019 ], [ 85.4792, 22.4977 ], [ 85.4853, 22.4971 ], [ 85.4955, 22.507 ], [ 85.4944, 22.5107 ], [ 85.4875, 22.5129 ], [ 85.49, 22.5251 ], [ 85.4825, 22.5269 ], [ 85.4943, 22.5278 ], [ 85.4984, 22.5209 ] ] ] } },
{ "type": "Feature", "properties": { "unit_id": "IND.15.18.1_1", "name": "Level 1", "district": "West Singhbhum", "did": "jharkhand:West Singhbhum", "state_key": "jharkhand" }, "geometry": { "type": "Polygon", "coordinates": [ [ [ 85.5514, 22.4743 ], [ 85.545, 22.4738 ], [ 85.543, 22.4811 ], [ 85.5519, 22.4822 ], [ 85.5514, 22.4743 ] ] ] } },
{ "type": "Feature", "properties": { "unit_id": "IND.15.18.1_1", "name": "Khuntpani", "district": "West Singhbhum", "did": "jharkhand:West Singhbhum", "state_key": "jharkhand" }, "geometry": { "type": "Polygon", "coordinates": [ [ [ 85.8662, 22.7112 ], [ 85.8607, 22.7 ], [ 85.8705, 22.6834 ], [ 85.8635, 22.6603 ], [ 85.8674, 22.6429 ], [ 85.8785, 22.6367 ], [ 85.8783, 22.6325 ], [ 85.8699, 22.6297 ], [ 85.8701, 22.6161 ], [ 85.8818, 22.616 ], [ 85.8846, 22.6241 ], [ 85.8962, 22.6091 ], [ 85.8868, 22.6088 ], [ 85.882, 22.6029 ], [ 85.8696, 22.6059 ], [ 85.8615, 22.598 ], [ 85.8593, 22.6062 ], [ 85.8525, 22.6092 ], [ 85.844, 22.606 ], [ 85.8404, 22.61 ], [ 85.8199, 22.6017 ], [ 85.8041, 22.6141 ], [ 85.7928, 22.601 ], [ 85.7851, 22.6015 ], [ 85.7727, 22.5878 ], [ 85.758, 22.5876 ], [ 85.7509, 22.5814 ], [ 85.7334, 22.5786 ], [ 85.7239, 22.5674 ], [ 85.7307, 22.5609 ], [ 85.7452, 22.5562 ], [ 85.7325, 22.5447 ], [ 85.7024, 22.5441 ], [ 85.7126, 22.533 ], [ 85.7041, 22.5278 ], [ 85.7043, 22.5243 ], [ 85.7085, 22.5233 ], [ 85.7126, 22.514 ], [ 85.7353, 22.5085 ], [ 85.7394, 22.5027 ], [ 85.7354, 22.5002 ], [ 85.7218, 22.5001 ], [ 85.7216, 22.5056 ], [ 85.7098, 22.5058 ], [ 85.7025, 22.5113 ], [ 85.6915, 22.5003 ], [ 85.6637, 22.4857 ], [ 85.6591, 22.4759 ], [ 85.6403, 22.4786 ], [ 85.6309, 22.4653 ], [ 85.6133, 22.4722 ], [ 85.5947, 22.4734 ], [ 85.5914, 22.4767 ], [ 85.593, 22.4846 ], [ 85.5506, 22.4772 ], [ 85.5516, 22.5363 ], [ 85.5793, 22.5371 ], [ 85.5951, 22.5456 ], [ 85.5955, 22.5408 ], [ 85.6001, 22.5392 ], [ 85.6056, 22.5427 ], [ 85.6099, 22.5405 ], [ 85.617, 22.5469 ], [ 85.6097, 22.5505 ], [ 85.5976, 22.5489 ], [ 85.6021, 22.5554 ], [ 85.5909, 22.5575 ], [ 85.5935, 22.5612 ], [ 85.615, 22.5813 ], [ 85.6457, 22.5948 ], [ 85.6599, 22.5965 ], [ 85.6604, 22.6135 ], [ 85.6486, 22.6151 ], [ 85.6478, 22.624 ], [ 85.6381, 22.638 ], [ 85.6692, 22.6313 ], [ 85.6704, 22.6151 ], [ 85.6803, 22.6215 ], [ 85.6859, 22.6328 ], [ 85.6908, 22.6318 ], [ 85.693, 22.6347 ], [ 85.7067, 22.6303 ], [ 85.7139, 22.6327 ], [ 85.7084, 22.6478 ], [ 85.6714, 22.6488 ], [ 85.6579, 22.6539 ], [ 85.6528, 22.6623 ], [ 85.6607, 22.662 ], [ 85.6619, 22.6669 ], [ 85.6742, 22.6621 ], [ 85.6818, 22.6671 ], [ 85.6891, 22.6646 ], [ 85.7003, 22.6706 ], [ 85.7173, 22.6913 ], [ 85.7234, 22.6844 ], [ 85.7322, 22.6841 ], [ 85.7343, 22.6907 ], [ 85.746, 22.6918 ], [ 85.7471, 22.7013 ], [ 85.7764, 22.6997 ], [ 85.7765, 22.7078 ], [ 85.7873, 22.7058 ], [ 85.7975, 22.7098 ], [ 85.7935, 22.7162 ], [ 85.8007, 22.7181 ], [ 85.8089, 22.7124 ], [ 85.8291, 22.7212 ], [ 85.8411, 22.7083 ], [ 85.8538, 22.7223 ], [ 85.8662, 22.7112 ] ] ] } },
{ "type": "Feature", "properties": { "unit_id": "IND.15.18.2_1", "name": "Chakradharpur", "district": "West Singhbhum", "did": "jharkhand:West Singhbhum", "state_key": "jharkhand" }, "geometry": { "type": "Polygon", "coordinates": [ [ [ 85.6595, 22.8402 ], [ 85.6658, 22.8291 ], [ 85.6787, 22.8245 ], [ 85.683, 22.8175 ], [ 85.698, 22.8124 ], [ 85.7024, 22.8065 ], [ 85.6954, 22.7787 ], [ 85.7048, 22.7663 ], [ 85.7047, 22.7599 ], [ 85.7181, 22.7535 ], [ 85.7155, 22.743 ], [ 85.6923, 22.7445 ], [ 85.6836, 22.7336 ], [ 85.6859, 22.7236 ], [ 85.6988, 22.7093 ], [ 85.699, 22.7006 ], [ 85.7049, 22.6944 ], [ 85.7165, 22.6908 ], [ 85.7143, 22.6865 ], [ 85.7003, 22.6706 ], [ 85.6891, 22.6646 ], [ 85.6818, 22.6671 ], [ 85.6742, 22.6621 ], [ 85.6619, 22.6669 ], [ 85.6616, 22.6626 ], [ 85.6528, 22.6623 ], [ 85.6519, 22.6596 ], [ 85.6605, 22.6522 ], [ 85.6727, 22.6484 ], [ 85.7084, 22.6478 ], [ 85.7139, 22.6327 ], [ 85.7067, 22.6303 ], [ 85.693, 22.6347 ], [ 85.6908, 22.6318 ], [ 85.6859, 22.6328 ], [ 85.6803, 22.6215 ], [ 85.6704, 22.6151 ], [ 85.6692, 22.6313 ], [ 85.6381, 22.638 ], [ 85.6478, 22.624 ], [ 85.6486, 22.6151 ], [ 85.6604, 22.6135 ], [ 85.6599, 22.5965 ], [ 85.6457, 22.5948 ], [ 85.615, 22.5813 ], [ 85.5935, 22.5612 ], [ 85.5897, 22.5515 ], [ 85.572, 22.5496 ], [ 85.562, 22.5798 ], [ 85.5641, 22.6018 ], [ 85.5747, 22.6047 ], [ 85.5794, 22.618 ], [ 85.5567, 22.6217 ], [ 85.5524, 22.6377 ], [ 85.5621, 22.6384 ], [ 85.5627, 22.6529 ], [ 85.5547, 22.6578 ], [ 85.5575, 22.6743 ], [ 85.5632, 22.6833 ], [ 85.5864, 22.6942 ], [ 85.5905, 22.7024 ], [ 85.5802, 22.7208 ], [ 85.5721, 22.7208 ], [ 85.5724, 22.7258 ], [ 85.5619, 22.7284 ], [ 85.5621, 22.738 ], [ 85.5547, 22.7452 ], [ 85.5574, 22.7525 ], [ 85.5547, 22.7713 ], [ 85.5501, 22.7708 ], [ 85.5456, 22.777 ], [ 85.5347, 22.7771 ], [ 85.51, 22.7903 ], [ 85.5035, 22.8001 ], [ 85.5135, 22.8072 ], [ 85.5364, 22.8072 ], [ 85.5395, 22.8202 ], [ 85.5587, 22.8219 ], [ 85.5674, 22.8338 ], [ 85.6094, 22.8262 ], [ 85.6207, 22.8475 ], [ 85.6388, 22.847 ], [ 85.6469, 22.8507 ], [ 85.6529, 22.8397 ], [ 85.6595, 22.8402 ] ] ] } },
{ "type": "Feature", "properties": { "unit_id": "IND.15.23.1_1", "name": "Kuchai", "district": "Saraikela-kharsawan", "did": "jharkhand:Saraikela-kharsawan", "state_key": "jharkhand" }, "geometry": { "type": "Polygon", "coordinates": [ [ [ 85.7563, 22.9309 ], [ 85.769, 22.9309 ], [ 85.7691, 22.9246 ], [ 85.7748, 22.9199 ], [ 85.7882, 22.9191 ], [ 85.7984, 22.9087 ], [ 85.8307, 22.9027 ], [ 85.8373, 22.9047 ], [ 85.8364, 22.8931 ], [ 85.8274, 22.8853 ], [ 85.8262, 22.8746 ], [ 85.8213, 22.8701 ], [ 85.821, 22.8663 ], [ 85.8336, 22.8646 ], [ 85.8323, 22.8576 ], [ 85.8017, 22.8549 ], [ 85.7897, 22.8503 ], [ 85.7988, 22.8425 ], [ 85.7996, 22.8342 ], [ 85.8102, 22.8341 ], [ 85.818, 22.8243 ], [ 85.8147, 22.8101 ], [ 85.8046, 22.8126 ], [ 85.8036, 22.8101 ], [ 85.8131, 22.7979 ], [ 85.8018, 22.799 ], [ 85.7999, 22.7808 ], [ 85.7953, 22.7811 ], [ 85.7875, 22.7907 ], [ 85.7835, 22.7899 ], [ 85.7856, 22.7748 ], [ 85.778, 22.7879 ], [ 85.7724, 22.7884 ], [ 85.777, 22.7621 ], [ 85.7713, 22.7519 ], [ 85.7761, 22.7458 ], [ 85.7647, 22.7397 ], [ 85.7631, 22.7292 ], [ 85.752, 22.7233 ], [ 85.7359, 22.732 ], [ 85.7217, 22.7337 ], [ 85.7157, 22.7391 ], [ 85.7132, 22.7424 ], [ 85.7176, 22.7548 ], [ 85.7047, 22.7599 ], [ 85.7048, 22.7663 ], [ 85.6954, 22.7787 ], [ 85.7024, 22.8065 ], [ 85.6956, 22.8155 ], [ 85.683, 22.8175 ], [ 85.6787, 22.8245 ], [ 85.6658, 22.8291 ], [ 85.6595, 22.8402 ], [ 85.6516, 22.8406 ], [ 85.6469, 22.8507 ], [ 85.6388, 22.847 ], [ 85.6207, 22.8475 ], [ 85.6102, 22.8263 ], [ 85.5674, 22.8338 ], [ 85.5587, 22.8219 ], [ 85.5395, 22.8202 ], [ 85.5364, 22.8072 ], [ 85.517, 22.807 ], [ 85.5146, 22.8194 ], [ 85.5132, 22.8272 ], [ 85.5156, 22.8308 ], [ 85.5199, 22.8288 ], [ 85.5217, 22.8424 ], [ 85.5285, 22.8454 ], [ 85.5319, 22.8523 ], [ 85.5293, 22.8639 ], [ 85.5334, 22.8684 ], [ 85.5409, 22.865 ], [ 85.5431, 22.8713 ], [ 85.558, 22.8801 ], [ 85.5616, 22.8601 ], [ 85.5821, 22.8665 ], [ 85.5872, 22.8809 ], [ 85.6022, 22.8938 ], [ 85.5903, 22.897 ], [ 85.5831, 22.8949 ], [ 85.5806, 22.9071 ], [ 85.6043, 22.935 ], [ 85.6159, 22.9308 ], [ 85.614, 22.9221 ], [ 85.6191, 22.9143 ], [ 85.6491, 22.9181 ], [ 85.6569, 22.9239 ], [ 85.6534, 22.936 ], [ 85.689, 22.9342 ], [ 85.7, 22.9431 ], [ 85.7309, 22.9436 ], [ 85.7563, 22.9309 ] ] ] } },
{ "type": "Feature", "properties": { "unit_id": "IND.15.23.1_1", "name": "Kharsawan", "district": "Saraikela-kharsawan", "did": "jharkhand:Saraikela-kharsawan", "state_key": "jharkhand" }, "geometry": { "type": "Polygon", "coordinates": [ [ [ 85.865, 22.8846 ], [ 85.8686, 22.882 ], [ 85.8701, 22.8698 ], [ 85.8879, 22.8725 ], [ 85.8864, 22.8577 ], [ 85.913, 22.8566 ], [ 85.9137, 22.8284 ], [ 85.9158, 22.8254 ], [ 85.9221, 22.8297 ], [ 85.9072, 22.7828 ], [ 85.8865, 22.7703 ], [ 85.8764, 22.7707 ], [ 85.8726, 22.7666 ], [ 85.8735, 22.7554 ], [ 85.8896, 22.7516 ], [ 85.8893, 22.7455 ], [ 85.8839, 22.7459 ], [ 85.8773, 22.7387 ], [ 85.8599, 22.7303 ], [ 85.8547, 22.735 ], [ 85.8489, 22.7255 ], [ 85.8338, 22.7263 ], [ 85.8161, 22.714 ], [ 85.8076, 22.7124 ], [ 85.8007, 22.7181 ], [ 85.7935, 22.7162 ], [ 85.7975, 22.7098 ], [ 85.7873, 22.7058 ], [ 85.7765, 22.7078 ], [ 85.7764, 22.6997 ], [ 85.7491, 22.7023 ], [ 85.746, 22.6918 ], [ 85.7343, 22.6907 ], [ 85.7322, 22.6841 ], [ 85.7234, 22.6844 ], [ 85.7179, 22.6911 ], [ 85.7006, 22.6982 ], [ 85.6988, 22.7093 ], [ 85.6848, 22.7264 ], [ 85.6855, 22.7375 ], [ 85.6923, 22.7445 ], [ 85.7132, 22.7424 ], [ 85.7217, 22.7337 ], [ 85.7359, 22.732 ], [ 85.7505, 22.7234 ], [ 85.7627, 22.7289 ], [ 85.7647, 22.7397 ], [ 85.7762, 22.7463 ], [ 85.7713, 22.7519 ], [ 85.777, 22.7621 ], [ 85.7724, 22.7884 ], [ 85.778, 22.7879 ], [ 85.7856, 22.7748 ], [ 85.7835, 22.7899 ], [ 85.7875, 22.7907 ], [ 85.7953, 22.7811 ], [ 85.7999, 22.7808 ], [ 85.8018, 22.799 ], [ 85.8131, 22.7979 ], [ 85.8036, 22.8101 ], [ 85.8046, 22.8126 ], [ 85.8147, 22.8101 ], [ 85.818, 22.8243 ], [ 85.8102, 22.8341 ], [ 85.7996, 22.8342 ], [ 85.7988, 22.8425 ], [ 85.7897, 22.8503 ], [ 85.8017, 22.8549 ], [ 85.8323, 22.8576 ], [ 85.8336, 22.8646 ], [ 85.821, 22.8663 ], [ 85.8213, 22.8701 ], [ 85.8262, 22.8746 ], [ 85.8274, 22.8853 ], [ 85.8364, 22.8931 ], [ 85.8412, 22.8872 ], [ 85.8576, 22.8831 ], [ 85.865, 22.8846 ] ] ] } },
{ "type": "Feature", "properties": { "unit_id": "IND.15.23.1_1", "name": "Saraikela", "district": "Saraikela-kharsawan", "did": "jharkhand:Saraikela-kharsawan", "state_key": "jharkhand" }, "geometry": { "type": "Polygon", "coordinates": [ [ [ 85.9343, 22.7721 ], [ 85.9236, 22.7763 ], [ 85.9355, 22.7782 ], [ 85.9343, 22.7721 ] ] ] } },
{ "type": "Feature", "properties": { "unit_id": "IND.15.23.1_1", "name": "Saraikela-kharsawan", "district": "Saraikela-kharsawan", "did": "jharkhand:Saraikela-kharsawan", "state_key": "jharkhand" }, "geometry": { "type": "Polygon", "coordinates": [ [ [ 85.9845, 22.865 ], [ 85.9989, 22.8685 ], [ 85.9986, 22.856 ], [ 86.0053, 22.8543 ], [ 86.0008, 22.8418 ], [ 86.0046, 22.83 ], [ 86.0021, 22.8227 ], [ 86.0119, 22.8201 ], [ 86.0056, 22.8058 ], [ 86.009, 22.7978 ], [ 85.9992, 22.7965 ], [ 86.0004, 22.7852 ], [ 86.0069, 22.783 ], [ 86.0071, 22.7796 ], [ 85.9938, 22.7752 ], [ 85.9842, 22.7829 ], [ 85.9735, 22.7709 ], [ 85.9642, 22.7697 ], [ 85.9677, 22.7613 ], [ 85.9532, 22.7647 ], [ 85.9551, 22.7473 ], [ 85.9533, 22.74 ], [ 85.9465, 22.7387 ], [ 85.9454, 22.7324 ], [ 85.9462, 22.7283 ], [ 85.9519, 22.7283 ], [ 85.9509, 22.7196 ], [ 85.9473, 22.7137 ], [ 85.9408, 22.715 ], [ 85.9375, 22.7094 ], [ 85.9466, 22.704 ], [ 85.9451, 22.6992 ], [ 85.9365, 22.6969 ], [ 85.9423, 22.6872 ], [ 85.9506, 22.6855 ], [ 85.962, 22.6884 ], [ 85.9641, 22.6839 ], [ 85.9774, 22.6797 ], [ 85.9733, 22.6763 ], [ 85.9861, 22.6516 ], [ 85.9815, 22.6436 ], [ 85.9673, 22.6345 ], [ 85.9607, 22.6388 ], [ 85.9483, 22.6305 ], [ 85.9443, 22.6409 ], [ 85.9353, 22.6395 ], [ 85.9237, 22.647 ], [ 85.9271, 22.6393 ], [ 85.9236, 22.6314 ], [ 85.912, 22.6378 ], [ 85.9075, 22.6243 ], [ 85.882, 22.6309 ], [ 85.8846, 22.6241 ], [ 85.8818, 22.616 ], [ 85.8701, 22.6161 ], [ 85.8699, 22.6297 ], [ 85.8787, 22.6332 ], [ 85.8758, 22.6392 ], [ 85.8674, 22.6429 ], [ 85.8635, 22.6603 ], [ 85.8705, 22.6834 ], [ 85.8607, 22.7 ], [ 85.8659, 22.712 ], [ 85.8537, 22.7226 ], [ 85.8411, 22.7083 ], [ 85.8291, 22.7212 ], [ 85.8338, 22.7263 ], [ 85.8489, 22.7255 ], [ 85.8547, 22.735 ], [ 85.8599, 22.7303 ], [ 85.8773, 22.7387 ], [ 85.8839, 22.7459 ], [ 85.8893, 22.7455 ], [ 85.8896, 22.7516 ], [ 85.8735, 22.7554 ], [ 85.8726, 22.7666 ], [ 85.8764, 22.7707 ], [ 85.8865, 22.7703 ], [ 85.9006, 22.7777 ], [ 85.9105, 22.7902 ], [ 85.9221, 22.8297 ], [ 85.9158, 22.8254 ], [ 85.9137, 22.8284 ], [ 85.9128, 22.8568 ], [ 85.885, 22.8594 ], [ 85.8879, 22.8725 ], [ 85.8967, 22.8722 ], [ 85.9017, 22.8676 ], [ 85.944, 22.8675 ], [ 85.9732, 22.8722 ], [ 85.9837, 22.8699 ], [ 85.9845, 22.865 ] ], [ [ 85.9316, 22.7713 ], [ 85.9355, 22.7744 ], [ 85.9355, 22.7782 ], [ 85.9236, 22.7763 ], [ 85.9316, 22.7713 ] ] ] } },
{ "type": "Feature", "properties": { "unit_id": "IND.15.18.1_1", "name": "Chaibasa", "district": "West Singhbhum", "did": "jharkhand:West Singhbhum", "state_key": "jharkhand" }, "geometry": { "type": "Polygon", "coordinates": [ [ [ 85.9038, 22.5942 ], [ 85.902, 22.58 ], [ 85.8736, 22.5654 ], [ 85.8808, 22.5551 ], [ 85.8933, 22.5563 ], [ 85.9084, 22.543 ], [ 85.901, 22.5261 ], [ 85.9097, 22.5203 ], [ 85.9, 22.5169 ], [ 85.8995, 22.5105 ], [ 85.8905, 22.5052 ], [ 85.8935, 22.5029 ], [ 85.8856, 22.4957 ], [ 85.8841, 22.4804 ], [ 85.853, 22.4818 ], [ 85.8515, 22.4861 ], [ 85.8465, 22.483 ], [ 85.841, 22.4841 ], [ 85.8378, 22.479 ], [ 85.8275, 22.4789 ], [ 85.8242, 22.4911 ], [ 85.8179, 22.4928 ], [ 85.8196, 22.5022 ], [ 85.7989, 22.4929 ], [ 85.7742, 22.4928 ], [ 85.7714, 22.5023 ], [ 85.7633, 22.5012 ], [ 85.7519, 22.5069 ], [ 85.7464, 22.5023 ], [ 85.7394, 22.5021 ], [ 85.7349, 22.5088 ], [ 85.7126, 22.514 ], [ 85.7085, 22.5233 ], [ 85.7043, 22.5243 ], [ 85.7041, 22.5278 ], [ 85.7126, 22.533 ], [ 85.7024, 22.5441 ], [ 85.7325, 22.5447 ], [ 85.7452, 22.5562 ], [ 85.7307, 22.5609 ], [ 85.7239, 22.5674 ], [ 85.7334, 22.5786 ], [ 85.7509, 22.5814 ], [ 85.758, 22.5876 ], [ 85.7727, 22.5878 ], [ 85.7851, 22.6015 ], [ 85.7928, 22.601 ], [ 85.7966, 22.6082 ], [ 85.8018, 22.6096 ], [ 85.8012, 22.6132 ], [ 85.8057, 22.6139 ], [ 85.8087, 22.6077 ], [ 85.8199, 22.6017 ], [ 85.8404, 22.61 ], [ 85.844, 22.606 ], [ 85.8525, 22.6092 ], [ 85.8593, 22.6062 ], [ 85.8615, 22.598 ], [ 85.8696, 22.6059 ], [ 85.882, 22.6029 ], [ 85.8868, 22.6088 ], [ 85.8924, 22.6072 ], [ 85.8971, 22.6116 ], [ 85.9141, 22.6039 ], [ 85.9038, 22.5942 ] ] ] } },
{ "type": "Feature", "properties": { "unit_id": "IND.15.18.1_1", "name": "Jhinkpani", "district": "West Singhbhum", "did": "jharkhand:West Singhbhum", "state_key": "jharkhand" }, "geometry": { "type": "Polygon", "coordinates": [ [ [ 85.8242, 22.4911 ], [ 85.8271, 22.4791 ], [ 85.8378, 22.479 ], [ 85.841, 22.4841 ], [ 85.8528, 22.4859 ], [ 85.853, 22.4818 ], [ 85.8748, 22.4814 ], [ 85.874, 22.4708 ], [ 85.8689, 22.4679 ], [ 85.8694, 22.459 ], [ 85.8566, 22.454 ], [ 85.8603, 22.4424 ], [ 85.8439, 22.4326 ], [ 85.8416, 22.4206 ], [ 85.8266, 22.4005 ], [ 85.8279, 22.3939 ], [ 85.8215, 22.3961 ], [ 85.8141, 22.3897 ], [ 85.8033, 22.3883 ], [ 85.7942, 22.3909 ], [ 85.775, 22.3809 ], [ 85.7775, 22.3774 ], [ 85.7735, 22.3752 ], [ 85.7745, 22.369 ], [ 85.7707, 22.3676 ], [ 85.7655, 22.3505 ], [ 85.7548, 22.3605 ], [ 85.7443, 22.38 ], [ 85.7582, 22.4005 ], [ 85.7615, 22.3985 ], [ 85.7785, 22.4088 ], [ 85.7582, 22.425 ], [ 85.7465, 22.4241 ], [ 85.7453, 22.445 ], [ 85.7541, 22.452 ], [ 85.7302, 22.4483 ], [ 85.7234, 22.4533 ], [ 85.7394, 22.4764 ], [ 85.7665, 22.4765 ], [ 85.7705, 22.4918 ], [ 85.7922, 22.4949 ], [ 85.7989, 22.4929 ], [ 85.8191, 22.5023 ], [ 85.8179, 22.4928 ], [ 85.8242, 22.4911 ] ] ] } },
{ "type": "Feature", "properties": { "unit_id": "IND.15.18.1_1", "name": "Tantnagar", "district": "West Singhbhum", "did": "jharkhand:West Singhbhum", "state_key": "jharkhand" }, "geometry": { "type": "Polygon", "coordinates": [ [ [ 85.9337, 22.4942 ], [ 85.9427, 22.4954 ], [ 85.9628, 22.4851 ], [ 85.9626, 22.4728 ], [ 85.9571, 22.4643 ], [ 85.9679, 22.4612 ], [ 85.9656, 22.4512 ], [ 85.9978, 22.4281 ], [ 86.0152, 22.4284 ], [ 86.0183, 22.4025 ], [ 86.0244, 22.3962 ], [ 86.0271, 22.3806 ], [ 86.0247, 22.3753 ], [ 86.0211, 22.3762 ], [ 86.0192, 22.3609 ], [ 85.998, 22.3438 ], [ 85.9873, 22.3492 ], [ 85.9876, 22.3583 ], [ 85.9743, 22.3573 ], [ 85.9676, 22.3662 ], [ 85.9487, 22.3695 ], [ 85.9496, 22.3807 ], [ 85.9442, 22.3927 ], [ 85.9465, 22.3981 ], [ 85.939, 22.3975 ], [ 85.9283, 22.3872 ], [ 85.9191, 22.3904 ], [ 85.9169, 22.3982 ], [ 85.9083, 22.406 ], [ 85.9025, 22.3845 ], [ 85.8894, 22.376 ], [ 85.8824, 22.384 ], [ 85.8677, 22.366 ], [ 85.8632, 22.3694 ], [ 85.8649, 22.3791 ], [ 85.8608, 22.3802 ], [ 85.8536, 22.3698 ], [ 85.8475, 22.3741 ], [ 85.8455, 22.3695 ], [ 85.8426, 22.3706 ], [ 85.8356, 22.3912 ], [ 85.8266, 22.3995 ], [ 85.8416, 22.4206 ], [ 85.8439, 22.4326 ], [ 85.8603, 22.4424 ], [ 85.8566, 22.454 ], [ 85.8698, 22.4594 ], [ 85.8689, 22.4679 ], [ 85.874, 22.4708 ], [ 85.8748, 22.4814 ], [ 85.8859, 22.4817 ], [ 85.8856, 22.4957 ], [ 85.8935, 22.5029 ], [ 85.8911, 22.506 ], [ 85.8995, 22.5105 ], [ 85.9, 22.5169 ], [ 85.9097, 22.5203 ], [ 85.9134, 22.5117 ], [ 85.9198, 22.5097 ], [ 85.9337, 22.4942 ] ] ] } },
{ "type": "Feature", "properties": { "unit_id": "IND.15.23.1_1", "name": "Gobindpur", "district": "Saraikela-kharsawan", "did": "jharkhand:Saraikela-kharsawan", "state_key": "jharkhand" }, "geometry": { "type": "Polygon", "coordinates": [ [ [ 86.1006, 22.7118 ], [ 86.1378, 22.714 ], [ 86.147, 22.7067 ], [ 86.1645, 22.705 ], [ 86.1668, 22.6688 ], [ 86.1546, 22.6356 ], [ 86.147, 22.6253 ], [ 86.1167, 22.6039 ], [ 86.104, 22.5828 ], [ 86.0807, 22.5697 ], [ 86.0655, 22.555 ], [ 86.0454, 22.5675 ], [ 86.024, 22.5446 ], [ 86.0338, 22.5345 ], [ 86.0265, 22.524 ], [ 86.0209, 22.5273 ], [ 86.001, 22.5146 ], [ 85.9845, 22.5151 ], [ 85.9734, 22.5059 ], [ 85.9684, 22.4863 ], [ 85.9508, 22.4888 ], [ 85.9427, 22.4954 ], [ 85.9345, 22.4938 ], [ 85.9011, 22.5254 ], [ 85.9072, 22.5454 ], [ 85.8933, 22.5563 ], [ 85.8808, 22.5551 ], [ 85.8739, 22.5621 ], [ 85.8758, 22.5683 ], [ 85.9011, 22.5789 ], [ 85.9038, 22.5942 ], [ 85.9141, 22.6039 ], [ 85.888, 22.618 ], [ 85.882, 22.6309 ], [ 85.9075, 22.6243 ], [ 85.912, 22.6378 ], [ 85.921, 22.6311 ], [ 85.9244, 22.6323 ], [ 85.9271, 22.6393 ], [ 85.9237, 22.647 ], [ 85.9353, 22.6395 ], [ 85.9443, 22.6409 ], [ 85.9465, 22.6306 ], [ 85.9607, 22.6388 ], [ 85.9673, 22.6345 ], [ 85.9815, 22.6436 ], [ 85.9861, 22.6516 ], [ 85.9733, 22.6763 ], [ 85.9774, 22.6797 ], [ 85.9641, 22.6839 ], [ 85.962, 22.6884 ], [ 85.9708, 22.6944 ], [ 85.9745, 22.6851 ], [ 85.9814, 22.6832 ], [ 85.987, 22.6884 ], [ 85.9915, 22.6878 ], [ 85.9931, 22.7005 ], [ 86.0033, 22.7089 ], [ 86.0216, 22.7001 ], [ 86.0444, 22.705 ], [ 86.0535, 22.7247 ], [ 86.0652, 22.7324 ], [ 86.0873, 22.7258 ], [ 86.1006, 22.7118 ] ] ] } },
{ "type": "Feature", "properties": { "unit_id": "IND.15.23.1_1", "name": "Adityapur", "district": "Saraikela-kharsawan", "did": "jharkhand:Saraikela-kharsawan", "state_key": "jharkhand" }, "geometry": { "type": "Polygon", "coordinates": [ [ [ 86.1134, 22.8829 ], [ 86.1285, 22.8828 ], [ 86.1297, 22.8766 ], [ 86.1373, 22.8699 ], [ 86.1392, 22.8596 ], [ 86.1367, 22.8479 ], [ 86.1291, 22.841 ], [ 86.1302, 22.8361 ], [ 86.1393, 22.8331 ], [ 86.1539, 22.8416 ], [ 86.1606, 22.8362 ], [ 86.1598, 22.8223 ], [ 86.1486, 22.8131 ], [ 86.1458, 22.804 ], [ 86.1493, 22.7983 ], [ 86.1592, 22.8014 ], [ 86.1754, 22.7881 ], [ 86.172, 22.7634 ], [ 86.163, 22.7599 ], [ 86.1597, 22.752 ], [ 86.1611, 22.7369 ], [ 86.1658, 22.7294 ], [ 86.1645, 22.705 ], [ 86.147, 22.7067 ], [ 86.1378, 22.714 ], [ 86.1006, 22.7118 ], [ 86.0873, 22.7258 ], [ 86.0652, 22.7324 ], [ 86.0535, 22.7247 ], [ 86.0444, 22.705 ], [ 86.0216, 22.7001 ], [ 86.0033, 22.7089 ], [ 85.9931, 22.7005 ], [ 85.992, 22.6883 ], [ 85.987, 22.6884 ], [ 85.9814, 22.6832 ], [ 85.9737, 22.6857 ], [ 85.9708, 22.6944 ], [ 85.9556, 22.686 ], [ 85.9423, 22.6872 ], [ 85.9365, 22.6969 ], [ 85.9451, 22.6992 ], [ 85.9466, 22.7059 ], [ 85.9375, 22.7094 ], [ 85.9416, 22.7157 ], [ 85.9473, 22.7137 ], [ 85.9509, 22.7196 ], [ 85.9519, 22.7283 ], [ 85.9462, 22.7283 ], [ 85.9454, 22.7324 ], [ 85.9465, 22.7387 ], [ 85.9533, 22.74 ], [ 85.9551, 22.7473 ], [ 85.9532, 22.7647 ], [ 85.9677, 22.7613 ], [ 85.9642, 22.7697 ], [ 85.9735, 22.7709 ], [ 85.9842, 22.7829 ], [ 85.9938, 22.7752 ], [ 86.0071, 22.7796 ], [ 86.0069, 22.783 ], [ 86.0004, 22.7852 ], [ 85.9992, 22.7965 ], [ 86.009, 22.7978 ], [ 86.0056, 22.8058 ], [ 86.0119, 22.8201 ], [ 86.0021, 22.8227 ], [ 86.0046, 22.83 ], [ 86.0008, 22.8418 ], [ 86.0053, 22.8543 ], [ 85.9986, 22.856 ], [ 85.9989, 22.8685 ], [ 85.9845, 22.865 ], [ 85.9843, 22.8696 ], [ 85.9775, 22.8689 ], [ 85.9732, 22.8722 ], [ 86.0435, 22.8911 ], [ 86.0674, 22.8918 ], [ 86.0669, 22.8962 ], [ 86.0745, 22.8965 ], [ 86.1134, 22.8829 ] ] ] } },
{ "type": "Feature", "properties": { "unit_id": "IND.15.19.1_1", "name": "Golmuri", "district": "East Singhbhum", "did": "jharkhand:East Singhbhum", "state_key": "jharkhand" }, "geometry": { "type": "Polygon", "coordinates": [ [ [ 86.2626, 22.8391 ], [ 86.2848, 22.8406 ], [ 86.3546, 22.8132 ], [ 86.3692, 22.8129 ], [ 86.3916, 22.806 ], [ 86.4039, 22.7952 ], [ 86.4144, 22.7918 ], [ 86.4215, 22.7801 ], [ 86.4484, 22.7619 ], [ 86.4538, 22.7631 ], [ 86.4535, 22.7559 ], [ 86.4373, 22.7496 ], [ 86.4354, 22.7394 ], [ 86.4213, 22.7273 ], [ 86.4168, 22.7292 ], [ 86.4103, 22.7266 ], [ 86.3912, 22.7368 ], [ 86.3843, 22.7367 ], [ 86.3824, 22.7239 ], [ 86.3739, 22.716 ], [ 86.3596, 22.7236 ], [ 86.3524, 22.7371 ], [ 86.3342, 22.7295 ], [ 86.3201, 22.7299 ], [ 86.3085, 22.7362 ], [ 86.2903, 22.7285 ], [ 86.284, 22.7203 ], [ 86.2701, 22.7317 ], [ 86.2616, 22.7206 ], [ 86.2687, 22.7127 ], [ 86.2552, 22.7003 ], [ 86.2362, 22.6945 ], [ 86.23, 22.6995 ], [ 86.2227, 22.7 ], [ 86.2175, 22.6978 ], [ 86.2176, 22.6847 ], [ 86.2144, 22.6821 ], [ 86.2056, 22.6851 ], [ 86.1945, 22.6826 ], [ 86.1908, 22.6728 ], [ 86.1805, 22.6805 ], [ 86.1742, 22.6734 ], [ 86.1656, 22.674 ], [ 86.1625, 22.7121 ], [ 86.1658, 22.7294 ], [ 86.1611, 22.7369 ], [ 86.1597, 22.752 ], [ 86.163, 22.7599 ], [ 86.172, 22.7634 ], [ 86.1754, 22.7881 ], [ 86.1592, 22.8014 ], [ 86.1482, 22.7987 ], [ 86.1459, 22.8053 ], [ 86.1486, 22.8131 ], [ 86.1598, 22.8223 ], [ 86.1606, 22.8362 ], [ 86.1759, 22.8321 ], [ 86.1856, 22.822 ], [ 86.1988, 22.8173 ], [ 86.1953, 22.8257 ], [ 86.2012, 22.8379 ], [ 86.2004, 22.8546 ], [ 86.2028, 22.8592 ], [ 86.2094, 22.8596 ], [ 86.2626, 22.8391 ] ] ] } },
{ "type": "Feature", "properties": { "unit_id": "IND.15.19.1_1", "name": "Musabani", "district": "East Singhbhum", "did": "jharkhand:East Singhbhum", "state_key": "jharkhand" }, "geometry": { "type": "Polygon", "coordinates": [ [ [ 86.3779, 22.6438 ], [ 86.3905, 22.6399 ], [ 86.3947, 22.6336 ], [ 86.4056, 22.6299 ], [ 86.4105, 22.6375 ], [ 86.4311, 22.617 ], [ 86.4424, 22.5978 ], [ 86.4825, 22.5707 ], [ 86.4713, 22.5482 ], [ 86.4914, 22.5361 ], [ 86.5026, 22.5241 ], [ 86.4875, 22.5078 ], [ 86.5132, 22.498 ], [ 86.508, 22.484 ], [ 86.5109, 22.482 ], [ 86.5072, 22.4806 ], [ 86.5033, 22.4675 ], [ 86.5012, 22.4733 ], [ 86.4945, 22.4753 ], [ 86.4907, 22.4688 ], [ 86.4954, 22.4572 ], [ 86.5058, 22.454 ], [ 86.504, 22.4437 ], [ 86.498, 22.4406 ], [ 86.4817, 22.4435 ], [ 86.4768, 22.4598 ], [ 86.4674, 22.4695 ], [ 86.4579, 22.4597 ], [ 86.448, 22.4596 ], [ 86.4421, 22.4534 ], [ 86.4278, 22.4622 ], [ 86.4179, 22.462 ], [ 86.4154, 22.469 ], [ 86.4005, 22.4805 ], [ 86.3892, 22.4845 ], [ 86.3875, 22.4916 ], [ 86.3659, 22.4841 ], [ 86.3627, 22.4967 ], [ 86.3525, 22.5119 ], [ 86.3528, 22.526 ], [ 86.3448, 22.5276 ], [ 86.3574, 22.547 ], [ 86.3507, 22.5786 ], [ 86.3563, 22.5895 ], [ 86.3435, 22.5997 ], [ 86.3265, 22.6299 ], [ 86.3273, 22.6383 ], [ 86.3331, 22.6456 ], [ 86.3401, 22.6412 ], [ 86.3447, 22.6471 ], [ 86.3515, 22.6639 ], [ 86.3767, 22.6593 ], [ 86.3779, 22.6438 ] ] ] } },
{ "type": "Feature", "properties": { "unit_id": "IND.15.19.1_1", "name": "Potka", "district": "East Singhbhum", "did": "jharkhand:East Singhbhum", "state_key": "jharkhand" }, "geometry": { "type": "Polygon", "coordinates": [ [ [ 86.3796, 22.7089 ], [ 86.3798, 22.6984 ], [ 86.3716, 22.6831 ], [ 86.38, 22.6586 ], [ 86.3526, 22.6648 ], [ 86.3401, 22.6412 ], [ 86.3341, 22.6463 ], [ 86.3273, 22.6383 ], [ 86.3265, 22.6299 ], [ 86.3435, 22.5997 ], [ 86.3563, 22.5895 ], [ 86.3507, 22.5786 ], [ 86.3574, 22.547 ], [ 86.3484, 22.5373 ], [ 86.3413, 22.5202 ], [ 86.3187, 22.5279 ], [ 86.308, 22.5088 ], [ 86.2842, 22.5048 ], [ 86.2798, 22.4972 ], [ 86.291, 22.4772 ], [ 86.2862, 22.4633 ], [ 86.2905, 22.4588 ], [ 86.2869, 22.4499 ], [ 86.2685, 22.4422 ], [ 86.2372, 22.4526 ], [ 86.2247, 22.4525 ], [ 86.2174, 22.4626 ], [ 86.2226, 22.4673 ], [ 86.2139, 22.4664 ], [ 86.2079, 22.4735 ], [ 86.2003, 22.4718 ], [ 86.1706, 22.4814 ], [ 86.1503, 22.4802 ], [ 86.1503, 22.4834 ], [ 86.1412, 22.4856 ], [ 86.1152, 22.4878 ], [ 86.1027, 22.5002 ], [ 86.0949, 22.5195 ], [ 86.0655, 22.555 ], [ 86.0807, 22.5697 ], [ 86.1021, 22.5811 ], [ 86.1167, 22.6039 ], [ 86.147, 22.6253 ], [ 86.1549, 22.6364 ], [ 86.1656, 22.674 ], [ 86.1742, 22.6734 ], [ 86.1805, 22.6805 ], [ 86.1908, 22.6728 ], [ 86.1945, 22.6826 ], [ 86.2056, 22.6851 ], [ 86.2144, 22.6821 ], [ 86.2176, 22.6847 ], [ 86.2175, 22.6978 ], [ 86.2227, 22.7 ], [ 86.23, 22.6995 ], [ 86.2362, 22.6945 ], [ 86.2552, 22.7003 ], [ 86.2687, 22.7127 ], [ 86.2616, 22.7206 ], [ 86.2701, 22.7317 ], [ 86.284, 22.7203 ], [ 86.2903, 22.7285 ], [ 86.3085, 22.7362 ], [ 86.3201, 22.7299 ], [ 86.3342, 22.7295 ], [ 86.3524, 22.7371 ], [ 86.3596, 22.7236 ], [ 86.3796, 22.7089 ] ] ] } },
{ "type": "Feature", "properties": { "unit_id": "IND.15.19.1_1", "name": "Dumaria", "district": "East Singhbhum", "did": "jharkhand:East Singhbhum", "state_key": "jharkhand" }, "geometry": { "type": "Polygon", "coordinates": [ [ [ 86.3627, 22.4967 ], [ 86.3659, 22.4841 ], [ 86.3875, 22.4916 ], [ 86.3892, 22.4845 ], [ 86.4005, 22.4805 ], [ 86.4154, 22.469 ], [ 86.4179, 22.462 ], [ 86.4278, 22.4622 ], [ 86.4421, 22.4534 ], [ 86.448, 22.4596 ], [ 86.4579, 22.4597 ], [ 86.4674, 22.4695 ], [ 86.4768, 22.4598 ], [ 86.4817, 22.4435 ], [ 86.4941, 22.443 ], [ 86.4994, 22.4392 ], [ 86.4881, 22.436 ], [ 86.4935, 22.4212 ], [ 86.4965, 22.423 ], [ 86.4988, 22.4202 ], [ 86.5019, 22.4235 ], [ 86.5095, 22.4156 ], [ 86.5028, 22.4055 ], [ 86.5068, 22.3964 ], [ 86.4939, 22.391 ], [ 86.4922, 22.3869 ], [ 86.4915, 22.3808 ], [ 86.498, 22.3804 ], [ 86.4934, 22.3631 ], [ 86.4956, 22.3462 ], [ 86.4873, 22.3477 ], [ 86.4835, 22.3381 ], [ 86.4715, 22.3358 ], [ 86.4619, 22.3261 ], [ 86.4448, 22.3287 ], [ 86.4446, 22.3123 ], [ 86.4395, 22.3036 ], [ 86.4301, 22.3077 ], [ 86.4268, 22.3176 ], [ 86.4083, 22.321 ], [ 86.3771, 22.3416 ], [ 86.3581, 22.3492 ], [ 86.3502, 22.3643 ], [ 86.3212, 22.3854 ], [ 86.3208, 22.3974 ], [ 86.3064, 22.4096 ], [ 86.3056, 22.4186 ], [ 86.293, 22.4267 ], [ 86.2838, 22.4434 ], [ 86.282, 22.4481 ], [ 86.2901, 22.4563 ], [ 86.286, 22.462 ], [ 86.291, 22.4772 ], [ 86.2798, 22.4972 ], [ 86.2842, 22.5048 ], [ 86.308, 22.5088 ], [ 86.3187, 22.5279 ], [ 86.339, 22.5199 ], [ 86.3448, 22.5276 ], [ 86.3528, 22.526 ], [ 86.3525, 22.5119 ], [ 86.3627, 22.4967 ] ] ] } },
{ "type": "Feature", "properties": { "unit_id": "IND.15.19.1_1", "name": "Baharagaon", "district": "East Singhbhum", "did": "jharkhand:East Singhbhum", "state_key": "jharkhand" }, "geometry": { "type": "Polygon", "coordinates": [ [ [ 86.596, 22.424 ], [ 86.5969, 22.4152 ], [ 86.5821, 22.4008 ], [ 86.583, 22.396 ], [ 86.5987, 22.3877 ], [ 86.6066, 22.3628 ], [ 86.6426, 22.341 ], [ 86.6548, 22.3173 ], [ 86.6566, 22.3004 ], [ 86.6519, 22.2676 ], [ 86.6526, 22.263 ], [ 86.6566, 22.2622 ], [ 86.6528, 22.254 ], [ 86.6495, 22.2635 ], [ 86.6435, 22.2647 ], [ 86.6441, 22.2687 ], [ 86.6397, 22.2655 ], [ 86.638, 22.2711 ], [ 86.6322, 22.2732 ], [ 86.6273, 22.2695 ], [ 86.6164, 22.281 ], [ 86.6101, 22.2833 ], [ 86.5931, 22.2786 ], [ 86.5927, 22.2854 ], [ 86.5823, 22.3016 ], [ 86.5768, 22.3011 ], [ 86.5769, 22.2956 ], [ 86.572, 22.2962 ], [ 86.5689, 22.3014 ], [ 86.5541, 22.2985 ], [ 86.5407, 22.3082 ], [ 86.5328, 22.301 ], [ 86.5232, 22.3147 ], [ 86.5278, 22.3155 ], [ 86.5271, 22.3235 ], [ 86.5082, 22.3279 ], [ 86.5023, 22.3434 ], [ 86.4956, 22.3462 ], [ 86.4934, 22.3631 ], [ 86.498, 22.3804 ], [ 86.4915, 22.3808 ], [ 86.4922, 22.3869 ], [ 86.4939, 22.391 ], [ 86.5068, 22.3964 ], [ 86.5028, 22.4055 ], [ 86.5095, 22.4156 ], [ 86.5019, 22.4235 ], [ 86.4938, 22.4208 ], [ 86.4894, 22.4267 ], [ 86.4881, 22.436 ], [ 86.4988, 22.4383 ], [ 86.5056, 22.449 ], [ 86.5043, 22.4557 ], [ 86.4945, 22.4581 ], [ 86.4924, 22.4748 ], [ 86.5012, 22.4733 ], [ 86.5033, 22.4675 ], [ 86.5072, 22.4806 ], [ 86.5109, 22.482 ], [ 86.508, 22.484 ], [ 86.5132, 22.498 ], [ 86.5641, 22.4428 ], [ 86.596, 22.424 ] ] ] } },
{ "type": "Feature", "properties": { "unit_id": "IND.15.19.1_1", "name": "Baharagora", "district": "East Singhbhum", "did": "jharkhand:East Singhbhum", "state_key": "jharkhand" }, "geometry": { "type": "Polygon", "coordinates": [ [ [ 86.7364, 22.3983 ], [ 86.7742, 22.3858 ], [ 86.7803, 22.377 ], [ 86.7935, 22.3758 ], [ 86.8054, 22.3646 ], [ 86.8111, 22.3641 ], [ 86.8168, 22.356 ], [ 86.8333, 22.3511 ], [ 86.8312, 22.3308 ], [ 86.8377, 22.3201 ], [ 86.8722, 22.3071 ], [ 86.8758, 22.3015 ], [ 86.8878, 22.2975 ], [ 86.8863, 22.2572 ], [ 86.8653, 22.261 ], [ 86.8589, 22.258 ], [ 86.8511, 22.2652 ], [ 86.8427, 22.2616 ], [ 86.8378, 22.2656 ], [ 86.8309, 22.2632 ], [ 86.824, 22.2668 ], [ 86.8183, 22.2537 ], [ 86.8136, 22.2674 ], [ 86.8106, 22.2499 ], [ 86.804, 22.2436 ], [ 86.798, 22.247 ], [ 86.8011, 22.2652 ], [ 86.7923, 22.2663 ], [ 86.7949, 22.2432 ], [ 86.7992, 22.2379 ], [ 86.8035, 22.2432 ], [ 86.812, 22.2412 ], [ 86.8024, 22.2175 ], [ 86.7919, 22.2218 ], [ 86.7847, 22.2151 ], [ 86.7786, 22.2173 ], [ 86.7845, 22.2306 ], [ 86.7932, 22.2242 ], [ 86.7949, 22.2278 ], [ 86.7886, 22.2317 ], [ 86.7881, 22.2361 ], [ 86.7777, 22.2366 ], [ 86.7751, 22.234 ], [ 86.7764, 22.2179 ], [ 86.7711, 22.2204 ], [ 86.7542, 22.2114 ], [ 86.7079, 22.2233 ], [ 86.6843, 22.2224 ], [ 86.6753, 22.2293 ], [ 86.6696, 22.2425 ], [ 86.6591, 22.2361 ], [ 86.6524, 22.2384 ], [ 86.6566, 22.2622 ], [ 86.6526, 22.263 ], [ 86.6519, 22.2813 ], [ 86.6568, 22.3114 ], [ 86.6426, 22.341 ], [ 86.627, 22.3527 ], [ 86.6263, 22.3588 ], [ 86.639, 22.3627 ], [ 86.64, 22.3658 ], [ 86.6468, 22.3628 ], [ 86.6534, 22.3677 ], [ 86.6541, 22.3627 ], [ 86.6579, 22.3645 ], [ 86.6609, 22.3776 ], [ 86.6887, 22.3951 ], [ 86.6949, 22.4062 ], [ 86.7152, 22.4104 ], [ 86.7225, 22.415 ], [ 86.7262, 22.3985 ], [ 86.7364, 22.3983 ] ] ] } },
{ "type": "Feature", "properties": { "unit_id": "IND.15.19.1_1", "name": "Chakulia", "district": "East Singhbhum", "did": "jharkhand:East Singhbhum", "state_key": "jharkhand" }, "geometry": { "type": "Polygon", "coordinates": [ [ [ 86.6757, 22.5742 ], [ 86.7092, 22.5824 ], [ 86.7315, 22.5769 ], [ 86.7585, 22.5779 ], [ 86.7669, 22.575 ], [ 86.7677, 22.567 ], [ 86.7719, 22.5646 ], [ 86.7664, 22.5577 ], [ 86.7748, 22.5491 ], [ 86.7893, 22.549 ], [ 86.7869, 22.5269 ], [ 86.7929, 22.525 ], [ 86.7927, 22.5113 ], [ 86.8024, 22.503 ], [ 86.7938, 22.4965 ], [ 86.8016, 22.4888 ], [ 86.7912, 22.4774 ], [ 86.7843, 22.4812 ], [ 86.7499, 22.4829 ], [ 86.7473, 22.4748 ], [ 86.751, 22.4567 ], [ 86.7632, 22.4484 ], [ 86.759, 22.4458 ], [ 86.7645, 22.4273 ], [ 86.8071, 22.4213 ], [ 86.8313, 22.411 ], [ 86.8464, 22.3991 ], [ 86.8409, 22.3832 ], [ 86.8426, 22.3722 ], [ 86.8333, 22.3511 ], [ 86.8168, 22.356 ], [ 86.8111, 22.3641 ], [ 86.8054, 22.3646 ], [ 86.7935, 22.3758 ], [ 86.7803, 22.377 ], [ 86.7742, 22.3858 ], [ 86.7364, 22.3983 ], [ 86.7262, 22.3985 ], [ 86.7267, 22.4124 ], [ 86.7225, 22.415 ], [ 86.7152, 22.4104 ], [ 86.6949, 22.4062 ], [ 86.6887, 22.3951 ], [ 86.6609, 22.3776 ], [ 86.6613, 22.3701 ], [ 86.6544, 22.3627 ], [ 86.6534, 22.3677 ], [ 86.6468, 22.3628 ], [ 86.64, 22.3658 ], [ 86.639, 22.3627 ], [ 86.6263, 22.3588 ], [ 86.627, 22.3527 ], [ 86.6153, 22.3566 ], [ 86.6045, 22.3654 ], [ 86.5987, 22.3877 ], [ 86.5819, 22.3995 ], [ 86.6002, 22.4212 ], [ 86.6056, 22.4229 ], [ 86.6049, 22.4362 ], [ 86.6083, 22.4383 ], [ 86.6077, 22.4501 ], [ 86.6031, 22.4539 ], [ 86.605, 22.4741 ], [ 86.5947, 22.4772 ], [ 86.588, 22.4998 ], [ 86.5952, 22.5105 ], [ 86.5935, 22.5185 ], [ 86.601, 22.5242 ], [ 86.603, 22.5386 ], [ 86.6114, 22.5446 ], [ 86.6134, 22.543 ], [ 86.6086, 22.5511 ], [ 86.6176, 22.5695 ], [ 86.6312, 22.5697 ], [ 86.6334, 22.5736 ], [ 86.6298, 22.5766 ], [ 86.6457, 22.5856 ], [ 86.6595, 22.575 ], [ 86.6757, 22.5742 ] ] ] } },
{ "type": "Feature", "properties": { "unit_id": "IND.15.19.1_1", "name": "Dalbhumgarh", "district": "East Singhbhum", "did": "jharkhand:East Singhbhum", "state_key": "jharkhand" }, "geometry": { "type": "Polygon", "coordinates": [ [ [ 86.6386, 22.6095 ], [ 86.6394, 22.5978 ], [ 86.657, 22.5908 ], [ 86.6536, 22.5818 ], [ 86.6457, 22.5856 ], [ 86.6298, 22.5766 ], [ 86.6334, 22.5736 ], [ 86.6312, 22.5697 ], [ 86.6176, 22.5695 ], [ 86.6086, 22.5511 ], [ 86.6134, 22.543 ], [ 86.6114, 22.5446 ], [ 86.603, 22.5386 ], [ 86.601, 22.5242 ], [ 86.5935, 22.5185 ], [ 86.5952, 22.5105 ], [ 86.588, 22.4998 ], [ 86.5891, 22.4891 ], [ 86.5947, 22.4772 ], [ 86.605, 22.4741 ], [ 86.6031, 22.4539 ], [ 86.608, 22.4459 ], [ 86.6056, 22.4229 ], [ 86.5979, 22.4178 ], [ 86.5922, 22.4278 ], [ 86.5617, 22.445 ], [ 86.5179, 22.4956 ], [ 86.5102, 22.5011 ], [ 86.4888, 22.5061 ], [ 86.4891, 22.5118 ], [ 86.5017, 22.5214 ], [ 86.5017, 22.5269 ], [ 86.4711, 22.5498 ], [ 86.4905, 22.5731 ], [ 86.5016, 22.5701 ], [ 86.5077, 22.5735 ], [ 86.5237, 22.5741 ], [ 86.5478, 22.6016 ], [ 86.5514, 22.5993 ], [ 86.5607, 22.6014 ], [ 86.5594, 22.5918 ], [ 86.5714, 22.5934 ], [ 86.5964, 22.6098 ], [ 86.6112, 22.6128 ], [ 86.6184, 22.6077 ], [ 86.6386, 22.6095 ] ] ] } },
{ "type": "Feature", "properties": { "unit_id": "IND.15.19.1_1", "name": "Ghatsila", "district": "East Singhbhum", "did": "jharkhand:East Singhbhum", "state_key": "jharkhand" }, "geometry": { "type": "Polygon", "coordinates": [ [ [ 86.4697, 22.7521 ], [ 86.4815, 22.7279 ], [ 86.4932, 22.7264 ], [ 86.5113, 22.705 ], [ 86.5129, 22.7166 ], [ 86.5203, 22.7152 ], [ 86.5243, 22.7194 ], [ 86.5351, 22.7173 ], [ 86.5442, 22.7216 ], [ 86.5853, 22.6911 ], [ 86.6025, 22.6873 ], [ 86.6235, 22.6756 ], [ 86.6294, 22.6667 ], [ 86.636, 22.665 ], [ 86.6424, 22.657 ], [ 86.6386, 22.6508 ], [ 86.639, 22.6253 ], [ 86.6338, 22.609 ], [ 86.6184, 22.6077 ], [ 86.6112, 22.6128 ], [ 86.598, 22.6102 ], [ 86.5714, 22.5934 ], [ 86.5594, 22.5918 ], [ 86.5607, 22.6014 ], [ 86.5514, 22.5993 ], [ 86.5478, 22.6016 ], [ 86.5237, 22.5741 ], [ 86.5077, 22.5735 ], [ 86.5016, 22.5701 ], [ 86.4922, 22.5735 ], [ 86.4825, 22.5663 ], [ 86.4774, 22.5764 ], [ 86.4407, 22.5995 ], [ 86.4311, 22.617 ], [ 86.4105, 22.6375 ], [ 86.4056, 22.6299 ], [ 86.3947, 22.6336 ], [ 86.3905, 22.6399 ], [ 86.3794, 22.6418 ], [ 86.3763, 22.653 ], [ 86.3798, 22.6604 ], [ 86.3716, 22.6831 ], [ 86.3806, 22.7058 ], [ 86.3715, 22.7163 ], [ 86.3824, 22.7239 ], [ 86.3843, 22.7367 ], [ 86.3912, 22.7368 ], [ 86.4103, 22.7266 ], [ 86.4168, 22.7292 ], [ 86.4213, 22.7273 ], [ 86.4354, 22.7394 ], [ 86.4373, 22.7496 ], [ 86.4482, 22.7522 ], [ 86.4535, 22.7559 ], [ 86.4538, 22.7631 ], [ 86.4579, 22.7634 ], [ 86.4697, 22.7521 ] ] ] } },
{ "type": "Feature", "properties": { "unit_id": "IND.15.4.2_1", "name": "Jharia-jorapokhar", "district": "Dhanbad", "did": "jharkhand:Dhanbad", "state_key": "jharkhand" }, "geometry": { "type": "Polygon", "coordinates": [ [ [ 86.4251, 23.7647 ], [ 86.4295, 23.7641 ], [ 86.4277, 23.7551 ], [ 86.4336, 23.7501 ], [ 86.4401, 23.7506 ], [ 86.4531, 23.7287 ], [ 86.448, 23.7112 ], [ 86.4494, 23.6989 ], [ 86.4382, 23.6888 ], [ 86.4456, 23.685 ], [ 86.4475, 23.6705 ], [ 86.4645, 23.6606 ], [ 86.4671, 23.6742 ], [ 86.4734, 23.6813 ], [ 86.4703, 23.692 ], [ 86.4772, 23.694 ], [ 86.4768, 23.7024 ], [ 86.4875, 23.7024 ], [ 86.5025, 23.6869 ], [ 86.5006, 23.6802 ], [ 86.5052, 23.6729 ], [ 86.5028, 23.6683 ], [ 86.4989, 23.6684 ], [ 86.5018, 23.6569 ], [ 86.5247, 23.6479 ], [ 86.5322, 23.6401 ], [ 86.5342, 23.6311 ], [ 86.5119, 23.6317 ], [ 86.4927, 23.6382 ], [ 86.4689, 23.6382 ], [ 86.4571, 23.6469 ], [ 86.4254, 23.6557 ], [ 86.4109, 23.6687 ], [ 86.3934, 23.6684 ], [ 86.385, 23.6733 ], [ 86.3838, 23.6888 ], [ 86.3722, 23.6972 ], [ 86.3752, 23.7078 ], [ 86.385, 23.7067 ], [ 86.3874, 23.7104 ], [ 86.3814, 23.7237 ], [ 86.3875, 23.7299 ], [ 86.3843, 23.7353 ], [ 86.3877, 23.7375 ], [ 86.386, 23.7456 ], [ 86.3921, 23.749 ], [ 86.4026, 23.7661 ], [ 86.4013, 23.7723 ], [ 86.4053, 23.7747 ], [ 86.4112, 23.7728 ], [ 86.4179, 23.7786 ], [ 86.4272, 23.7686 ], [ 86.4251, 23.7647 ] ] ] } },
{ "type": "Feature", "properties": { "unit_id": "IND.15.4.2_1", "name": "Baliapur", "district": "Dhanbad", "did": "jharkhand:Dhanbad", "state_key": "jharkhand" }, "geometry": { "type": "Polygon", "coordinates": [ [ [ 86.5221, 23.7897 ], [ 86.5438, 23.7851 ], [ 86.5517, 23.768 ], [ 86.5483, 23.754 ], [ 86.5525, 23.7437 ], [ 86.5754, 23.7355 ], [ 86.5762, 23.7093 ], [ 86.591, 23.7067 ], [ 86.592, 23.6965 ], [ 86.5867, 23.6824 ], [ 86.5989, 23.6785 ], [ 86.5959, 23.6715 ], [ 86.599, 23.6655 ], [ 86.5808, 23.6555 ], [ 86.5744, 23.648 ], [ 86.5342, 23.6311 ], [ 86.5322, 23.6401 ], [ 86.5247, 23.6479 ], [ 86.5018, 23.6569 ], [ 86.4989, 23.6684 ], [ 86.5028, 23.6683 ], [ 86.5052, 23.6729 ], [ 86.5006, 23.6802 ], [ 86.5025, 23.6869 ], [ 86.4875, 23.7024 ], [ 86.4768, 23.7024 ], [ 86.4772, 23.694 ], [ 86.4703, 23.692 ], [ 86.4734, 23.6813 ], [ 86.4671, 23.6742 ], [ 86.4645, 23.6606 ], [ 86.4475, 23.6705 ], [ 86.4456, 23.685 ], [ 86.4382, 23.6888 ], [ 86.4494, 23.6989 ], [ 86.448, 23.7112 ], [ 86.4531, 23.7287 ], [ 86.443, 23.7431 ], [ 86.4378, 23.7607 ], [ 86.4471, 23.7625 ], [ 86.4504, 23.7738 ], [ 86.4614, 23.7581 ], [ 86.4734, 23.7602 ], [ 86.4798, 23.7736 ], [ 86.4715, 23.78 ], [ 86.478, 23.7941 ], [ 86.483, 23.7945 ], [ 86.4815, 23.7989 ], [ 86.4891, 23.8039 ], [ 86.4926, 23.8025 ], [ 86.4888, 23.8084 ], [ 86.4925, 23.8137 ], [ 86.514, 23.7864 ], [ 86.5221, 23.7897 ] ] ] } },
{ "type": "Feature", "properties": { "unit_id": "IND.15.4.2_1", "name": "Chirkunda-nirsa", "district": "Dhanbad", "did": "jharkhand:Dhanbad", "state_key": "jharkhand" }, "geometry": { "type": "Polygon", "coordinates": [ [ [ 86.7347, 23.8611 ], [ 86.743, 23.8577 ], [ 86.7565, 23.866 ], [ 86.7722, 23.8607 ], [ 86.81, 23.8216 ], [ 86.8034, 23.8013 ], [ 86.8193, 23.7859 ], [ 86.8198, 23.7883 ], [ 86.8284, 23.7602 ], [ 86.8261, 23.7492 ], [ 86.8123, 23.7448 ], [ 86.8082, 23.7224 ], [ 86.7993, 23.7037 ], [ 86.8058, 23.6959 ], [ 86.7987, 23.6888 ], [ 86.7473, 23.6788 ], [ 86.7391, 23.6942 ], [ 86.717, 23.6991 ], [ 86.6564, 23.6843 ], [ 86.6338, 23.6752 ], [ 86.5967, 23.6733 ], [ 86.5989, 23.6785 ], [ 86.5865, 23.6837 ], [ 86.592, 23.6965 ], [ 86.5907, 23.7074 ], [ 86.5786, 23.7072 ], [ 86.5744, 23.7134 ], [ 86.5754, 23.7355 ], [ 86.5525, 23.7437 ], [ 86.5483, 23.754 ], [ 86.5517, 23.768 ], [ 86.5685, 23.7676 ], [ 86.5722, 23.7628 ], [ 86.5817, 23.777 ], [ 86.5869, 23.7788 ], [ 86.6081, 23.7633 ], [ 86.6139, 23.7697 ], [ 86.6286, 23.7705 ], [ 86.6315, 23.78 ], [ 86.6437, 23.7831 ], [ 86.6402, 23.7934 ], [ 86.6484, 23.804 ], [ 86.649, 23.8147 ], [ 86.6561, 23.8183 ], [ 86.6503, 23.8377 ], [ 86.6513, 23.8574 ], [ 86.6367, 23.8664 ], [ 86.6546, 23.8801 ], [ 86.658, 23.8906 ], [ 86.6444, 23.8871 ], [ 86.6335, 23.8893 ], [ 86.6355, 23.9044 ], [ 86.6485, 23.91 ], [ 86.6545, 23.9267 ], [ 86.7199, 23.8993 ], [ 86.7347, 23.8611 ] ] ] } },
{ "type": "Feature", "properties": { "unit_id": "IND.15.22.1_1", "name": "Sahibganj", "district": "Sahibganj", "did": "jharkhand:Sahibganj", "state_key": "jharkhand" }, "geometry": { "type": "Polygon", "coordinates": [ [ [ 87.5935, 25.3251 ], [ 87.5923, 25.3224 ], [ 87.612, 25.3127 ], [ 87.6174, 25.3181 ], [ 87.627, 25.3116 ], [ 87.6304, 25.3197 ], [ 87.6367, 25.3131 ], [ 87.655, 25.3076 ], [ 87.6637, 25.3081 ], [ 87.6647, 25.3112 ], [ 87.6752, 25.307 ], [ 87.6732, 25.3129 ], [ 87.6921, 25.3115 ], [ 87.6843, 25.3097 ], [ 87.6853, 25.3062 ], [ 87.6986, 25.304 ], [ 87.6954, 25.3 ], [ 87.6997, 25.2971 ], [ 87.6932, 25.2849 ], [ 87.7115, 25.2746 ], [ 87.7112, 25.2577 ], [ 87.736, 25.2532 ], [ 87.7344, 25.2463 ], [ 87.7526, 25.2121 ], [ 87.7452, 25.216 ], [ 87.7357, 25.2371 ], [ 87.7258, 25.2465 ], [ 87.6723, 25.2402 ], [ 87.6606, 25.2431 ], [ 87.642, 25.2264 ], [ 87.6345, 25.2369 ], [ 87.6301, 25.2314 ], [ 87.6332, 25.2396 ], [ 87.6169, 25.2387 ], [ 87.6183, 25.2452 ], [ 87.5993, 25.2508 ], [ 87.5866, 25.2508 ], [ 87.5817, 25.2391 ], [ 87.5741, 25.2389 ], [ 87.5739, 25.2485 ], [ 87.5463, 25.2635 ], [ 87.5277, 25.2563 ], [ 87.4995, 25.2593 ], [ 87.5008, 25.2668 ], [ 87.4954, 25.2715 ], [ 87.4986, 25.2767 ], [ 87.49, 25.2804 ], [ 87.486, 25.2958 ], [ 87.49, 25.2973 ], [ 87.4936, 25.3075 ], [ 87.5016, 25.2923 ], [ 87.5168, 25.2933 ], [ 87.5324, 25.2803 ], [ 87.5418, 25.2807 ], [ 87.5517, 25.3325 ], [ 87.571, 25.3333 ], [ 87.5745, 25.3407 ], [ 87.5825, 25.3432 ], [ 87.5839, 25.3492 ], [ 87.5919, 25.3419 ], [ 87.5845, 25.3335 ], [ 87.5935, 25.3251 ] ] ] } },
{ "type": "Feature", "properties": { "unit_id": "IND.5.15.1_1", "name": "Disputed (jharkhand)", "district": "Sahibganj", "did": "jharkhand:Sahibganj", "state_key": "jharkhand" }, "geometry": { "type": "Polygon", "coordinates": [ [ [ 87.7866, 25.2474 ], [ 87.7131, 25.258 ], [ 87.7443, 25.2641 ], [ 87.7763, 25.2566 ], [ 87.7866, 25.2474 ] ] ] } },
{ "type": "Feature", "properties": { "unit_id": "IND.15.22.1_1", "name": "Taljhari", "district": "Sahibganj", "did": "jharkhand:Sahibganj", "state_key": "jharkhand" }, "geometry": { "type": "Polygon", "coordinates": [ [ [ 87.7514, 25.2117 ], [ 87.7552, 25.1913 ], [ 87.7666, 25.1619 ], [ 87.7723, 25.1565 ], [ 87.7724, 25.1494 ], [ 87.7506, 25.1281 ], [ 87.7497, 25.125 ], [ 87.7603, 25.1272 ], [ 87.7555, 25.1118 ], [ 87.7512, 25.1114 ], [ 87.7478, 25.0907 ], [ 87.7437, 25.091 ], [ 87.7422, 25.0741 ], [ 87.7327, 25.0673 ], [ 87.7422, 25.0654 ], [ 87.7425, 25.0563 ], [ 87.7297, 25.0279 ], [ 87.7217, 24.9965 ], [ 87.7453, 24.9847 ], [ 87.7404, 24.9789 ], [ 87.7433, 24.9726 ], [ 87.7645, 24.9634 ], [ 87.7666, 24.9671 ], [ 87.7706, 24.9661 ], [ 87.7736, 24.9581 ], [ 87.796, 24.962 ], [ 87.8145, 24.9513 ], [ 87.8143, 24.9447 ], [ 87.8106, 24.935 ], [ 87.7932, 24.9203 ], [ 87.7912, 24.9143 ], [ 87.7818, 24.925 ], [ 87.7776, 24.9071 ], [ 87.7665, 24.9076 ], [ 87.7595, 24.9162 ], [ 87.7464, 24.907 ], [ 87.7479, 24.9028 ], [ 87.7367, 24.9026 ], [ 87.736, 24.9054 ], [ 87.7246, 24.9048 ], [ 87.7184, 24.9109 ], [ 87.7231, 24.9126 ], [ 87.7301, 24.9072 ], [ 87.7368, 24.9071 ], [ 87.7443, 24.9095 ], [ 87.7443, 24.9135 ], [ 87.7226, 24.921 ], [ 87.7237, 24.9243 ], [ 87.7165, 24.9271 ], [ 87.7187, 24.9307 ], [ 87.7041, 24.9307 ], [ 87.7028, 24.9344 ], [ 87.6958, 24.9363 ], [ 87.6966, 24.9396 ], [ 87.6909, 24.94 ], [ 87.6867, 24.9477 ], [ 87.6912, 24.9577 ], [ 87.6864, 24.9548 ], [ 87.6816, 24.9594 ], [ 87.6807, 24.9479 ], [ 87.6735, 24.9436 ], [ 87.6808, 24.9376 ], [ 87.68, 24.9304 ], [ 87.6764, 24.93 ], [ 87.6755, 24.9357 ], [ 87.6661, 24.9418 ], [ 87.6682, 24.9346 ], [ 87.66, 24.9312 ], [ 87.6679, 24.9242 ], [ 87.6664, 24.9158 ], [ 87.6698, 24.9134 ], [ 87.658, 24.8991 ], [ 87.6502, 24.9112 ], [ 87.6488, 24.9239 ], [ 87.6258, 24.9076 ], [ 87.6317, 24.9265 ], [ 87.619, 24.9298 ], [ 87.6223, 24.938 ], [ 87.6385, 24.9367 ], [ 87.6314, 24.9444 ], [ 87.6365, 24.9543 ], [ 87.6449, 24.9529 ], [ 87.6439, 24.9554 ], [ 87.658, 24.9567 ], [ 87.6568, 24.9647 ], [ 87.6635, 24.9619 ], [ 87.6662, 24.9677 ], [ 87.6621, 24.9783 ], [ 87.6686, 24.9846 ], [ 87.6757, 24.9856 ], [ 87.6679, 25.0008 ], [ 87.6775, 24.9977 ], [ 87.677, 25.0056 ], [ 87.6618, 25.0122 ], [ 87.6582, 25.0183 ], [ 87.6719, 25.032 ], [ 87.6696, 25.0386 ], [ 87.6757, 25.0359 ], [ 87.6777, 25.0235 ], [ 87.6832, 25.0264 ], [ 87.6818, 25.035 ], [ 87.6872, 25.0342 ], [ 87.6843, 25.044 ], [ 87.6789, 25.0455 ], [ 87.684, 25.0514 ], [ 87.6777, 25.0521 ], [ 87.6787, 25.0563 ], [ 87.672, 25.0593 ], [ 87.6639, 25.0594 ], [ 87.6673, 25.0744 ], [ 87.6544, 25.0801 ], [ 87.6535, 25.0845 ], [ 87.6662, 25.0845 ], [ 87.68, 25.0931 ], [ 87.6872, 25.0897 ], [ 87.6916, 25.098 ], [ 87.6847, 25.1089 ], [ 87.6934, 25.1159 ], [ 87.7044, 25.1128 ], [ 87.7046, 25.1181 ], [ 87.7142, 25.1168 ], [ 87.7164, 25.12 ], [ 87.7135, 25.1254 ], [ 87.7, 25.1292 ], [ 87.7053, 25.1374 ], [ 87.6851, 25.1525 ], [ 87.6861, 25.1581 ], [ 87.7027, 25.1619 ], [ 87.7136, 25.1755 ], [ 87.7088, 25.1796 ], [ 87.7075, 25.1979 ], [ 87.7007, 25.2031 ], [ 87.7107, 25.2194 ], [ 87.6965, 25.223 ], [ 87.6922, 25.229 ], [ 87.6967, 25.2444 ], [ 87.7258, 25.2465 ], [ 87.7357, 25.2371 ], [ 87.7419, 25.2218 ], [ 87.7514, 25.2117 ] ] ] } },
{ "type": "Feature", "properties": { "unit_id": "IND.15.22.1_1", "name": "Mandro", "district": "Sahibganj", "did": "jharkhand:Sahibganj", "state_key": "jharkhand" }, "geometry": { "type": "MultiPolygon", "coordinates": [ [ [ [ 87.5361, 25.0664 ], [ 87.5326, 25.0593 ], [ 87.528, 25.0601 ], [ 87.5309, 25.0684 ], [ 87.5361, 25.0664 ] ] ], [ [ [ 87.5239, 25.0761 ], [ 87.5193, 25.0685 ], [ 87.5145, 25.0708 ], [ 87.5118, 25.066 ], [ 87.5081, 25.0793 ], [ 87.5014, 25.08 ], [ 87.4948, 25.0851 ], [ 87.4933, 25.0927 ], [ 87.4741, 25.1045 ], [ 87.5011, 25.1395 ], [ 87.4778, 25.1943 ], [ 87.4761, 25.2369 ], [ 87.4906, 25.2613 ], [ 87.5229, 25.2561 ], [ 87.5463, 25.2635 ], [ 87.5739, 25.2485 ], [ 87.5731, 25.24 ], [ 87.5779, 25.2375 ], [ 87.5888, 25.2511 ], [ 87.6183, 25.2452 ], [ 87.6169, 25.2387 ], [ 87.6332, 25.2396 ], [ 87.6298, 25.2309 ], [ 87.6188, 25.2232 ], [ 87.6241, 25.2112 ], [ 87.6236, 25.2063 ], [ 87.6177, 25.2034 ], [ 87.6202, 25.1954 ], [ 87.6125, 25.1926 ], [ 87.6071, 25.1985 ], [ 87.6028, 25.1982 ], [ 87.5972, 25.1927 ], [ 87.5936, 25.1944 ], [ 87.5815, 25.1808 ], [ 87.5821, 25.1768 ], [ 87.592, 25.1721 ], [ 87.5936, 25.1575 ], [ 87.6006, 25.1525 ], [ 87.6013, 25.1469 ], [ 87.5916, 25.142 ], [ 87.5864, 25.1438 ], [ 87.5825, 25.1383 ], [ 87.5913, 25.1318 ], [ 87.5894, 25.118 ], [ 87.573, 25.1143 ], [ 87.5656, 25.1159 ], [ 87.5574, 25.1015 ], [ 87.5497, 25.1044 ], [ 87.5412, 25.0898 ], [ 87.5465, 25.0883 ], [ 87.5462, 25.0821 ], [ 87.5309, 25.0684 ], [ 87.5239, 25.0761 ] ] ] ] } },
{ "type": "Feature", "properties": { "unit_id": "IND.15.8.1_1", "name": "Thakur Gangti", "district": "Godda", "did": "jharkhand:Godda", "state_key": "jharkhand" }, "geometry": { "type": "Polygon", "coordinates": [ [ [ 87.4799, 25.1939 ], [ 87.5011, 25.1395 ], [ 87.4525, 25.0751 ], [ 87.4412, 25.0942 ], [ 87.4246, 25.1106 ], [ 87.4284, 25.1225 ], [ 87.4219, 25.1322 ], [ 87.4063, 25.1442 ], [ 87.3908, 25.1485 ], [ 87.3948, 25.1593 ], [ 87.3995, 25.1572 ], [ 87.3977, 25.1548 ], [ 87.4011, 25.1561 ], [ 87.4046, 25.1672 ], [ 87.417, 25.1695 ], [ 87.4183, 25.1832 ], [ 87.4254, 25.1801 ], [ 87.4309, 25.1929 ], [ 87.4247, 25.1959 ], [ 87.4249, 25.2063 ], [ 87.4318, 25.2088 ], [ 87.4626, 25.1949 ], [ 87.4799, 25.1939 ] ] ] } },
{ "type": "Feature", "properties": { "unit_id": "IND.15.22.1_1", "name": "Borio", "district": "Sahibganj", "did": "jharkhand:Sahibganj", "state_key": "jharkhand" }, "geometry": { "type": "MultiPolygon", "coordinates": [ [ [ [ 87.6264, 24.9471 ], [ 87.6241, 24.9526 ], [ 87.6365, 24.9543 ], [ 87.6314, 24.9444 ], [ 87.6264, 24.9471 ] ] ], [ [ [ 87.5639, 24.9571 ], [ 87.5606, 24.9483 ], [ 87.546, 24.9524 ], [ 87.5513, 24.9621 ], [ 87.5601, 24.963 ], [ 87.5639, 24.9571 ] ] ], [ [ [ 87.6926, 25.2272 ], [ 87.6965, 25.223 ], [ 87.7107, 25.2194 ], [ 87.7007, 25.2031 ], [ 87.7075, 25.1979 ], [ 87.7088, 25.1796 ], [ 87.7136, 25.1755 ], [ 87.7027, 25.1619 ], [ 87.6861, 25.1581 ], [ 87.6851, 25.1525 ], [ 87.7053, 25.1374 ], [ 87.7, 25.1292 ], [ 87.7135, 25.1254 ], [ 87.7164, 25.12 ], [ 87.7142, 25.1168 ], [ 87.7046, 25.1181 ], [ 87.7044, 25.1128 ], [ 87.6934, 25.1159 ], [ 87.6847, 25.1089 ], [ 87.6916, 25.098 ], [ 87.6872, 25.0897 ], [ 87.68, 25.0931 ], [ 87.6662, 25.0845 ], [ 87.6535, 25.0845 ], [ 87.6544, 25.0801 ], [ 87.6673, 25.0744 ], [ 87.6639, 25.0594 ], [ 87.672, 25.0593 ], [ 87.6787, 25.0563 ], [ 87.6777, 25.0521 ], [ 87.684, 25.0514 ], [ 87.6789, 25.0455 ], [ 87.6843, 25.044 ], [ 87.6872, 25.0342 ], [ 87.6818, 25.035 ], [ 87.6832, 25.0264 ], [ 87.6777, 25.0235 ], [ 87.6757, 25.0359 ], [ 87.6696, 25.0386 ], [ 87.6719, 25.032 ], [ 87.6582, 25.0183 ], [ 87.6618, 25.0122 ], [ 87.677, 25.0056 ], [ 87.6775, 24.9977 ], [ 87.6679, 25.0008 ], [ 87.6757, 24.9856 ], [ 87.6686, 24.9846 ], [ 87.6621, 24.9783 ], [ 87.6662, 24.9677 ], [ 87.6635, 24.9619 ], [ 87.6568, 24.9647 ], [ 87.658, 24.9567 ], [ 87.6439, 24.9554 ], [ 87.6308, 24.9602 ], [ 87.6247, 24.9723 ], [ 87.6273, 24.9761 ], [ 87.6329, 24.9746 ], [ 87.6325, 24.9828 ], [ 87.6229, 24.991 ], [ 87.6073, 24.9891 ], [ 87.6043, 24.9944 ], [ 87.5987, 24.9899 ], [ 87.5997, 24.9814 ], [ 87.5953, 24.9797 ], [ 87.5915, 24.9699 ], [ 87.5766, 24.9729 ], [ 87.5619, 24.9677 ], [ 87.5558, 24.9714 ], [ 87.5547, 24.9807 ], [ 87.5449, 24.96 ], [ 87.5209, 24.9628 ], [ 87.5, 24.9582 ], [ 87.5018, 24.9711 ], [ 87.4893, 24.9726 ], [ 87.4887, 24.9769 ], [ 87.4729, 24.977 ], [ 87.4594, 24.9839 ], [ 87.4596, 24.9923 ], [ 87.4675, 25.0021 ], [ 87.5013, 25.0196 ], [ 87.5025, 25.0269 ], [ 87.5079, 25.0306 ], [ 87.5067, 25.0356 ], [ 87.5123, 25.0389 ], [ 87.5059, 25.0529 ], [ 87.5148, 25.0538 ], [ 87.5228, 25.0593 ], [ 87.5118, 25.066 ], [ 87.5145, 25.0708 ], [ 87.5193, 25.0685 ], [ 87.5244, 25.076 ], [ 87.5309, 25.0684 ], [ 87.528, 25.0601 ], [ 87.5331, 25.0596 ], [ 87.5371, 25.0701 ], [ 87.5449, 25.0699 ], [ 87.5387, 25.0755 ], [ 87.5462, 25.0821 ], [ 87.5465, 25.0883 ], [ 87.5412, 25.0898 ], [ 87.5497, 25.1044 ], [ 87.5574, 25.1015 ], [ 87.5656, 25.1159 ], [ 87.573, 25.1143 ], [ 87.5894, 25.118 ], [ 87.5913, 25.1318 ], [ 87.5825, 25.1383 ], [ 87.5864, 25.1438 ], [ 87.5916, 25.142 ], [ 87.6013, 25.1469 ], [ 87.6006, 25.1525 ], [ 87.5936, 25.1575 ], [ 87.592, 25.1721 ], [ 87.5821, 25.1768 ], [ 87.5815, 25.1808 ], [ 87.5936, 25.1944 ], [ 87.5972, 25.1927 ], [ 87.6028, 25.1982 ], [ 87.6071, 25.1985 ], [ 87.6125, 25.1926 ], [ 87.6202, 25.1954 ], [ 87.6177, 25.2034 ], [ 87.6236, 25.2063 ], [ 87.6241, 25.2112 ], [ 87.6188, 25.2232 ], [ 87.6345, 25.2369 ], [ 87.642, 25.2264 ], [ 87.6606, 25.2431 ], [ 87.6723, 25.2402 ], [ 87.693, 25.2445 ], [ 87.6963, 25.2422 ], [ 87.6926, 25.2272 ] ], [ [ 87.4951, 25.0116 ], [ 87.5002, 25.006 ], [ 87.5038, 25.0084 ], [ 87.5007, 25.014 ], [ 87.4951, 25.0116 ] ] ] ] } },
{ "type": "Feature", "properties": { "unit_id": "IND.15.22.1_1", "name": "Barihat", "district": "Sahibganj", "did": "jharkhand:Sahibganj", "state_key": "jharkhand" }, "geometry": { "type": "Polygon", "coordinates": [ [ [ 87.6229, 24.991 ], [ 87.6289, 24.9865 ], [ 87.6332, 24.977 ], [ 87.6247, 24.9723 ], [ 87.6289, 24.9629 ], [ 87.6452, 24.9532 ], [ 87.6305, 24.9555 ], [ 87.6241, 24.9526 ], [ 87.6387, 24.9372 ], [ 87.6223, 24.938 ], [ 87.6198, 24.9335 ], [ 87.6206, 24.9275 ], [ 87.632, 24.9254 ], [ 87.6285, 24.923 ], [ 87.6258, 24.9076 ], [ 87.6488, 24.9239 ], [ 87.6548, 24.9012 ], [ 87.6613, 24.9002 ], [ 87.6611, 24.9054 ], [ 87.6698, 24.9143 ], [ 87.6664, 24.9158 ], [ 87.6679, 24.9242 ], [ 87.66, 24.9312 ], [ 87.6682, 24.9346 ], [ 87.6661, 24.9418 ], [ 87.6755, 24.9357 ], [ 87.6764, 24.93 ], [ 87.68, 24.9304 ], [ 87.6808, 24.9376 ], [ 87.6735, 24.9446 ], [ 87.6807, 24.9479 ], [ 87.6819, 24.9594 ], [ 87.6864, 24.9548 ], [ 87.6912, 24.9577 ], [ 87.687, 24.9467 ], [ 87.6909, 24.94 ], [ 87.7028, 24.9344 ], [ 87.7035, 24.931 ], [ 87.6978, 24.9283 ], [ 87.6973, 24.9148 ], [ 87.7046, 24.9111 ], [ 87.7066, 24.9051 ], [ 87.7034, 24.9016 ], [ 87.7242, 24.9015 ], [ 87.7102, 24.8874 ], [ 87.7023, 24.8897 ], [ 87.6973, 24.8797 ], [ 87.6986, 24.8663 ], [ 87.6902, 24.8567 ], [ 87.6934, 24.8566 ], [ 87.682, 24.85 ], [ 87.672, 24.857 ], [ 87.6697, 24.839 ], [ 87.6644, 24.8381 ], [ 87.6598, 24.8416 ], [ 87.6499, 24.8362 ], [ 87.647, 24.8206 ], [ 87.6261, 24.8135 ], [ 87.6278, 24.8057 ], [ 87.6329, 24.806 ], [ 87.6413, 24.7934 ], [ 87.6572, 24.7959 ], [ 87.66, 24.7901 ], [ 87.646, 24.7862 ], [ 87.6438, 24.7822 ], [ 87.6368, 24.7841 ], [ 87.6364, 24.779 ], [ 87.6257, 24.775 ], [ 87.6251, 24.7844 ], [ 87.6127, 24.7778 ], [ 87.6081, 24.7877 ], [ 87.599, 24.7878 ], [ 87.5995, 24.7929 ], [ 87.586, 24.7907 ], [ 87.5953, 24.7943 ], [ 87.5921, 24.8028 ], [ 87.5994, 24.805 ], [ 87.6233, 24.7935 ], [ 87.6081, 24.808 ], [ 87.6012, 24.8071 ], [ 87.5938, 24.811 ], [ 87.5718, 24.8082 ], [ 87.5567, 24.8226 ], [ 87.556, 24.8285 ], [ 87.5503, 24.8294 ], [ 87.537, 24.8231 ], [ 87.5409, 24.8014 ], [ 87.5193, 24.801 ], [ 87.5179, 24.797 ], [ 87.5121, 24.7995 ], [ 87.5065, 24.7975 ], [ 87.4974, 24.8026 ], [ 87.4941, 24.8139 ], [ 87.4845, 24.8201 ], [ 87.4846, 24.8278 ], [ 87.4788, 24.8308 ], [ 87.476, 24.8548 ], [ 87.4618, 24.8654 ], [ 87.4575, 24.864 ], [ 87.4573, 24.8695 ], [ 87.4697, 24.873 ], [ 87.4695, 24.8798 ], [ 87.4545, 24.891 ], [ 87.456, 24.8948 ], [ 87.4639, 24.8951 ], [ 87.4692, 24.9032 ], [ 87.468, 24.919 ], [ 87.4617, 24.9171 ], [ 87.4558, 24.9388 ], [ 87.4656, 24.9489 ], [ 87.4631, 24.9542 ], [ 87.4723, 24.9549 ], [ 87.4706, 24.9687 ], [ 87.4739, 24.9686 ], [ 87.4754, 24.975 ], [ 87.4897, 24.9766 ], [ 87.4869, 24.9697 ], [ 87.4926, 24.9652 ], [ 87.5004, 24.9665 ], [ 87.5, 24.9582 ], [ 87.5209, 24.9628 ], [ 87.5398, 24.9587 ], [ 87.5449, 24.96 ], [ 87.5547, 24.9807 ], [ 87.5558, 24.9714 ], [ 87.5619, 24.9677 ], [ 87.5766, 24.9729 ], [ 87.5915, 24.9699 ], [ 87.5953, 24.9797 ], [ 87.5997, 24.9814 ], [ 87.5987, 24.9899 ], [ 87.6023, 24.9942 ], [ 87.6063, 24.994 ], [ 87.6065, 24.9893 ], [ 87.6229, 24.991 ] ], [ [ 87.5513, 24.9621 ], [ 87.546, 24.953 ], [ 87.5572, 24.9474 ], [ 87.5621, 24.9498 ], [ 87.5638, 24.9563 ], [ 87.5586, 24.9639 ], [ 87.5513, 24.9621 ] ], [ [ 87.4742, 24.8998 ], [ 87.4708, 24.8999 ], [ 87.4746, 24.8947 ], [ 87.4742, 24.8998 ] ] ] } },
{ "type": "Feature", "properties": { "unit_id": "IND.15.8.1_1", "name": "Boarijor", "district": "Godda", "did": "jharkhand:Godda", "state_key": "jharkhand" }, "geometry": { "type": "MultiPolygon", "coordinates": [ [ [ [ 87.4563, 24.8162 ], [ 87.46, 24.8125 ], [ 87.4581, 24.8106 ], [ 87.4563, 24.8162 ] ] ], [ [ [ 87.456, 24.8197 ], [ 87.4607, 24.8257 ], [ 87.47, 24.8117 ], [ 87.462, 24.8111 ], [ 87.456, 24.8197 ] ] ], [ [ [ 87.5018, 24.9711 ], [ 87.5004, 24.9665 ], [ 87.4906, 24.9657 ], [ 87.4882, 24.9739 ], [ 87.5018, 24.9711 ] ] ], [ [ [ 87.4989, 25.0062 ], [ 87.4951, 25.0116 ], [ 87.5007, 25.014 ], [ 87.5017, 25.0067 ], [ 87.4989, 25.0062 ] ] ], [ [ [ 87.5371, 25.0701 ], [ 87.5361, 25.0664 ], [ 87.5309, 25.0684 ], [ 87.5379, 25.0758 ], [ 87.5448, 25.0704 ], [ 87.5371, 25.0701 ] ] ], [ [ [ 87.385, 25.1292 ], [ 87.3881, 25.1221 ], [ 87.4151, 25.1213 ], [ 87.4412, 25.0942 ], [ 87.4525, 25.0751 ], [ 87.4741, 25.1045 ], [ 87.4769, 25.1033 ], [ 87.4933, 25.0927 ], [ 87.4948, 25.0851 ], [ 87.5081, 25.0793 ], [ 87.5118, 25.066 ], [ 87.5228, 25.0593 ], [ 87.5148, 25.0538 ], [ 87.5059, 25.0529 ], [ 87.5123, 25.0389 ], [ 87.5067, 25.0356 ], [ 87.5079, 25.0306 ], [ 87.5025, 25.0269 ], [ 87.5013, 25.0196 ], [ 87.4675, 25.0021 ], [ 87.4594, 24.9916 ], [ 87.4594, 24.9839 ], [ 87.4791, 24.9766 ], [ 87.4706, 24.9687 ], [ 87.4723, 24.9549 ], [ 87.4631, 24.9542 ], [ 87.4656, 24.9489 ], [ 87.4558, 24.9388 ], [ 87.4617, 24.9171 ], [ 87.468, 24.919 ], [ 87.4692, 24.9032 ], [ 87.4639, 24.8951 ], [ 87.456, 24.8948 ], [ 87.4545, 24.891 ], [ 87.4695, 24.8798 ], [ 87.4697, 24.873 ], [ 87.4573, 24.8695 ], [ 87.4575, 24.864 ], [ 87.4618, 24.8654 ], [ 87.4705, 24.8579 ], [ 87.4701, 24.8499 ], [ 87.4791, 24.8488 ], [ 87.4771, 24.8337 ], [ 87.4606, 24.8369 ], [ 87.4718, 24.8437 ], [ 87.4639, 24.8552 ], [ 87.4603, 24.8548 ], [ 87.4606, 24.8595 ], [ 87.4573, 24.8595 ], [ 87.4578, 24.856 ], [ 87.4539, 24.8572 ], [ 87.4362, 24.8679 ], [ 87.435, 24.8603 ], [ 87.4303, 24.8575 ], [ 87.406, 24.8659 ], [ 87.397, 24.865 ], [ 87.3868, 24.8685 ], [ 87.3711, 24.8825 ], [ 87.3485, 24.8958 ], [ 87.3313, 24.8939 ], [ 87.3321, 24.9458 ], [ 87.3448, 25.0278 ], [ 87.3368, 25.0453 ], [ 87.3317, 25.0727 ], [ 87.3752, 25.1322 ], [ 87.385, 25.1292 ] ] ] ] } },
{ "type": "Feature", "properties": { "unit_id": "IND.15.22.1_1", "name": "Level 3", "district": "Sahibganj", "did": "jharkhand:Sahibganj", "state_key": "jharkhand" }, "geometry": { "type": "Polygon", "coordinates": [ [ [ 87.4716, 24.8946 ], [ 87.4708, 24.8999 ], [ 87.4742, 24.8998 ], [ 87.4746, 24.8947 ], [ 87.4716, 24.8946 ] ] ] } },
{ "type": "Feature", "properties": { "unit_id": "IND.15.22.1_1", "name": "Barhait", "district": "Sahibganj", "did": "jharkhand:Sahibganj", "state_key": "jharkhand" }, "geometry": { "type": "Polygon", "coordinates": [ [ [ 87.67, 24.8482 ], [ 87.672, 24.857 ], [ 87.6758, 24.8518 ], [ 87.6725, 24.8449 ], [ 87.67, 24.8482 ] ] ] } },
{ "type": "Feature", "properties": { "unit_id": "IND.15.22.1_1", "name": "Udhua", "district": "Sahibganj", "did": "jharkhand:Sahibganj", "state_key": "jharkhand" }, "geometry": { "type": "MultiPolygon", "coordinates": [ [ [ [ 87.7515, 24.9767 ], [ 87.7526, 24.9699 ], [ 87.7433, 24.9726 ], [ 87.7404, 24.9789 ], [ 87.7515, 24.9767 ] ] ], [ [ [ 87.7911, 24.9933 ], [ 87.8003, 24.9852 ], [ 87.8087, 24.988 ], [ 87.8131, 24.9851 ], [ 87.8164, 24.9913 ], [ 87.8303, 24.9821 ], [ 87.8416, 24.9872 ], [ 87.8584, 24.971 ], [ 87.8724, 24.9462 ], [ 87.8828, 24.8858 ], [ 87.8958, 24.8573 ], [ 87.8841, 24.8598 ], [ 87.884, 24.8669 ], [ 87.8647, 24.8687 ], [ 87.8611, 24.8745 ], [ 87.8528, 24.8772 ], [ 87.841, 24.8757 ], [ 87.8328, 24.8786 ], [ 87.8291, 24.8749 ], [ 87.8249, 24.8802 ], [ 87.7897, 24.8866 ], [ 87.792, 24.8911 ], [ 87.7881, 24.8934 ], [ 87.813, 24.9305 ], [ 87.8236, 24.9414 ], [ 87.8333, 24.9423 ], [ 87.796, 24.962 ], [ 87.7718, 24.9588 ], [ 87.7707, 24.966 ], [ 87.7667, 24.9671 ], [ 87.7727, 24.9716 ], [ 87.7768, 24.9941 ], [ 87.7806, 24.9961 ], [ 87.7911, 24.9933 ] ], [ [ 87.8287, 24.9791 ], [ 87.8203, 24.9861 ], [ 87.8143, 24.9847 ], [ 87.8153, 24.9817 ], [ 87.8287, 24.9791 ] ] ] ] } },
{ "type": "Feature", "properties": { "unit_id": "IND.15.22.1_1", "name": "Pathna", "district": "Sahibganj", "did": "jharkhand:Sahibganj", "state_key": "jharkhand" }, "geometry": { "type": "Polygon", "coordinates": [ [ [ 87.813, 24.9305 ], [ 87.7743, 24.8745 ], [ 87.7391, 24.7683 ], [ 87.7181, 24.7307 ], [ 87.7128, 24.7313 ], [ 87.7138, 24.741 ], [ 87.7035, 24.7414 ], [ 87.7001, 24.7463 ], [ 87.6886, 24.7424 ], [ 87.684, 24.7482 ], [ 87.6853, 24.753 ], [ 87.6792, 24.7565 ], [ 87.6805, 24.761 ], [ 87.6726, 24.7649 ], [ 87.6652, 24.7597 ], [ 87.6572, 24.7693 ], [ 87.6506, 24.7672 ], [ 87.6321, 24.7723 ], [ 87.6308, 24.7766 ], [ 87.6364, 24.779 ], [ 87.6368, 24.7841 ], [ 87.6438, 24.7822 ], [ 87.646, 24.7862 ], [ 87.6599, 24.7913 ], [ 87.6572, 24.7959 ], [ 87.6413, 24.7934 ], [ 87.6251, 24.8122 ], [ 87.6323, 24.8179 ], [ 87.647, 24.8206 ], [ 87.6499, 24.8362 ], [ 87.6598, 24.8416 ], [ 87.6681, 24.8375 ], [ 87.6733, 24.8504 ], [ 87.682, 24.85 ], [ 87.6934, 24.8566 ], [ 87.6902, 24.8567 ], [ 87.6986, 24.8663 ], [ 87.6973, 24.8797 ], [ 87.7023, 24.8897 ], [ 87.7102, 24.8874 ], [ 87.7242, 24.9015 ], [ 87.7132, 24.9033 ], [ 87.7043, 24.9005 ], [ 87.7046, 24.9111 ], [ 87.6973, 24.9148 ], [ 87.6993, 24.9301 ], [ 87.7187, 24.9307 ], [ 87.7165, 24.9271 ], [ 87.7237, 24.9243 ], [ 87.7226, 24.921 ], [ 87.7448, 24.9117 ], [ 87.7301, 24.9072 ], [ 87.7231, 24.9126 ], [ 87.7184, 24.9109 ], [ 87.7195, 24.9082 ], [ 87.7246, 24.9048 ], [ 87.7479, 24.9028 ], [ 87.7464, 24.907 ], [ 87.7595, 24.9162 ], [ 87.7665, 24.9076 ], [ 87.7776, 24.9071 ], [ 87.7797, 24.9245 ], [ 87.792, 24.9147 ], [ 87.7932, 24.9203 ], [ 87.8106, 24.935 ], [ 87.8145, 24.9513 ], [ 87.8333, 24.9423 ], [ 87.8208, 24.9397 ], [ 87.813, 24.9305 ] ] ] } },
{ "type": "Feature", "properties": { "unit_id": "IND.15.22.1_1", "name": "Barharwa", "district": "Sahibganj", "did": "jharkhand:Sahibganj", "state_key": "jharkhand" }, "geometry": { "type": "Polygon", "coordinates": [ [ [ 87.7902, 24.8863 ], [ 87.8249, 24.8802 ], [ 87.8291, 24.8749 ], [ 87.8328, 24.8786 ], [ 87.841, 24.8757 ], [ 87.8528, 24.8772 ], [ 87.8611, 24.8745 ], [ 87.8647, 24.8687 ], [ 87.884, 24.8669 ], [ 87.8841, 24.8598 ], [ 87.8947, 24.8571 ], [ 87.8919, 24.8539 ], [ 87.899, 24.8426 ], [ 87.896, 24.8307 ], [ 87.9014, 24.8264 ], [ 87.898, 24.8227 ], [ 87.8904, 24.8269 ], [ 87.888, 24.823 ], [ 87.8855, 24.8281 ], [ 87.8826, 24.8233 ], [ 87.8828, 24.8295 ], [ 87.8793, 24.8225 ], [ 87.8751, 24.8224 ], [ 87.8751, 24.8258 ], [ 87.8691, 24.8246 ], [ 87.8744, 24.818 ], [ 87.8746, 24.8084 ], [ 87.8816, 24.8054 ], [ 87.8783, 24.7897 ], [ 87.8739, 24.7956 ], [ 87.8698, 24.7939 ], [ 87.8692, 24.775 ], [ 87.862, 24.7725 ], [ 87.8639, 24.7704 ], [ 87.8523, 24.762 ], [ 87.8433, 24.7686 ], [ 87.8374, 24.7658 ], [ 87.836, 24.7783 ], [ 87.8402, 24.7778 ], [ 87.8421, 24.7857 ], [ 87.8362, 24.7902 ], [ 87.8323, 24.7865 ], [ 87.8301, 24.77 ], [ 87.828, 24.7722 ], [ 87.8232, 24.7701 ], [ 87.8167, 24.7607 ], [ 87.8212, 24.7556 ], [ 87.8294, 24.7546 ], [ 87.8445, 24.7404 ], [ 87.8436, 24.7353 ], [ 87.851, 24.7258 ], [ 87.8484, 24.7198 ], [ 87.8337, 24.7282 ], [ 87.8228, 24.7238 ], [ 87.8113, 24.7268 ], [ 87.8069, 24.7261 ], [ 87.8072, 24.7182 ], [ 87.7985, 24.7147 ], [ 87.7947, 24.7243 ], [ 87.8004, 24.7285 ], [ 87.7868, 24.7523 ], [ 87.7774, 24.7528 ], [ 87.7744, 24.7468 ], [ 87.7644, 24.7456 ], [ 87.7445, 24.7557 ], [ 87.7546, 24.7661 ], [ 87.7366, 24.7647 ], [ 87.7743, 24.8745 ], [ 87.7902, 24.8933 ], [ 87.7902, 24.8863 ] ] ] } },
{ "type": "Feature", "properties": { "unit_id": "IND.15.22.1_1", "name": "Rajmahal", "district": "Sahibganj", "did": "jharkhand:Sahibganj", "state_key": "jharkhand" }, "geometry": { "type": "MultiPolygon", "coordinates": [ [ [ [ 87.8218, 24.9855 ], [ 87.8287, 24.9791 ], [ 87.815, 24.9819 ], [ 87.8182, 24.9862 ], [ 87.8218, 24.9855 ] ] ], [ [ [ 87.7646, 25.2515 ], [ 87.7732, 25.2471 ], [ 87.7866, 25.2474 ], [ 87.7887, 25.2437 ], [ 87.7888, 25.1974 ], [ 87.7744, 25.1441 ], [ 87.7735, 25.1255 ], [ 87.7897, 25.1044 ], [ 87.8058, 25.0727 ], [ 87.834, 25.0653 ], [ 87.8573, 25.0546 ], [ 87.8994, 25.0068 ], [ 87.9227, 25.0006 ], [ 87.9405, 24.9909 ], [ 87.9578, 24.9709 ], [ 87.9628, 24.9345 ], [ 87.9537, 24.909 ], [ 87.9167, 24.8845 ], [ 87.8958, 24.8573 ], [ 87.8828, 24.8858 ], [ 87.8788, 24.9218 ], [ 87.8696, 24.9536 ], [ 87.8584, 24.971 ], [ 87.8416, 24.9872 ], [ 87.8303, 24.9821 ], [ 87.8164, 24.9913 ], [ 87.8131, 24.9851 ], [ 87.8087, 24.988 ], [ 87.8003, 24.9852 ], [ 87.7911, 24.9933 ], [ 87.7806, 24.9961 ], [ 87.7768, 24.9941 ], [ 87.7727, 24.9716 ], [ 87.7645, 24.9634 ], [ 87.7526, 24.9699 ], [ 87.7515, 24.9767 ], [ 87.7404, 24.9789 ], [ 87.7453, 24.9847 ], [ 87.7217, 24.9965 ], [ 87.7297, 25.0279 ], [ 87.7425, 25.0563 ], [ 87.7422, 25.0654 ], [ 87.7327, 25.0673 ], [ 87.7422, 25.0741 ], [ 87.7437, 25.091 ], [ 87.7478, 25.0907 ], [ 87.7512, 25.1114 ], [ 87.7555, 25.1118 ], [ 87.7603, 25.1272 ], [ 87.7497, 25.125 ], [ 87.7506, 25.1281 ], [ 87.7702, 25.1459 ], [ 87.7727, 25.1538 ], [ 87.7552, 25.1913 ], [ 87.7526, 25.2121 ], [ 87.7344, 25.2463 ], [ 87.7371, 25.2511 ], [ 87.7316, 25.2554 ], [ 87.7646, 25.2515 ] ] ] ] } },
{ "type": "Feature", "properties": { "unit_id": "IND.15.16.1_1", "name": "Pakur", "district": "Pakur", "did": "jharkhand:Pakur", "state_key": "jharkhand" }, "geometry": { "type": "Polygon", "coordinates": [ [ [ 87.89, 24.7252 ], [ 87.9046, 24.7253 ], [ 87.904, 24.7225 ], [ 87.9084, 24.7216 ], [ 87.9072, 24.715 ], [ 87.9006, 24.7113 ], [ 87.9011, 24.6941 ], [ 87.8877, 24.68 ], [ 87.8907, 24.6752 ], [ 87.9048, 24.6724 ], [ 87.9084, 24.6672 ], [ 87.9166, 24.6658 ], [ 87.9173, 24.6619 ], [ 87.9109, 24.6534 ], [ 87.9141, 24.6377 ], [ 87.9113, 24.638 ], [ 87.9099, 24.6314 ], [ 87.8918, 24.6341 ], [ 87.8879, 24.6303 ], [ 87.8886, 24.6263 ], [ 87.9006, 24.6265 ], [ 87.9, 24.6202 ], [ 87.906, 24.6196 ], [ 87.906, 24.615 ], [ 87.8927, 24.6135 ], [ 87.8781, 24.6182 ], [ 87.8758, 24.6152 ], [ 87.8935, 24.6055 ], [ 87.8925, 24.6097 ], [ 87.9108, 24.6104 ], [ 87.914, 24.5962 ], [ 87.9083, 24.5889 ], [ 87.9011, 24.5894 ], [ 87.8919, 24.5842 ], [ 87.8893, 24.5651 ], [ 87.8692, 24.5645 ], [ 87.8694, 24.556 ], [ 87.8524, 24.5618 ], [ 87.8494, 24.5538 ], [ 87.8408, 24.5598 ], [ 87.8263, 24.5587 ], [ 87.8253, 24.5691 ], [ 87.8122, 24.5786 ], [ 87.7921, 24.5832 ], [ 87.7617, 24.5826 ], [ 87.7579, 24.5874 ], [ 87.7652, 24.5925 ], [ 87.7631, 24.599 ], [ 87.769, 24.599 ], [ 87.7761, 24.609 ], [ 87.7721, 24.6191 ], [ 87.7757, 24.6493 ], [ 87.7725, 24.6564 ], [ 87.7885, 24.6711 ], [ 87.7849, 24.6795 ], [ 87.7925, 24.6912 ], [ 87.7902, 24.7013 ], [ 87.799, 24.7088 ], [ 87.7985, 24.7147 ], [ 87.8072, 24.7182 ], [ 87.8069, 24.7261 ], [ 87.8228, 24.7238 ], [ 87.8337, 24.7282 ], [ 87.847, 24.7196 ], [ 87.851, 24.7258 ], [ 87.8436, 24.7353 ], [ 87.8445, 24.7404 ], [ 87.8656, 24.732 ], [ 87.8741, 24.7321 ], [ 87.8786, 24.7418 ], [ 87.8844, 24.7407 ], [ 87.8888, 24.7344 ], [ 87.89, 24.7252 ] ] ] } },
{ "type": "Feature", "properties": { "unit_id": "IND.15.5.1_1", "name": "Shikaripara", "district": "Dumka", "did": "jharkhand:Dumka", "state_key": "jharkhand" }, "geometry": { "type": "Polygon", "coordinates": [ [ [ 87.5317, 24.2945 ], [ 87.5317, 24.2843 ], [ 87.546, 24.2831 ], [ 87.5355, 24.2765 ], [ 87.5333, 24.2701 ], [ 87.5448, 24.2594 ], [ 87.5523, 24.2574 ], [ 87.5543, 24.2493 ], [ 87.5755, 24.2535 ], [ 87.5808, 24.2583 ], [ 87.5879, 24.2528 ], [ 87.5942, 24.2577 ], [ 87.6087, 24.255 ], [ 87.6271, 24.2577 ], [ 87.6404, 24.2542 ], [ 87.6333, 24.237 ], [ 87.6454, 24.2346 ], [ 87.6465, 24.2255 ], [ 87.6384, 24.2141 ], [ 87.6543, 24.2077 ], [ 87.6756, 24.2083 ], [ 87.6763, 24.1937 ], [ 87.6985, 24.1879 ], [ 87.6987, 24.1808 ], [ 87.7028, 24.1799 ], [ 87.6932, 24.1499 ], [ 87.6822, 24.151 ], [ 87.6787, 24.1481 ], [ 87.6575, 24.1589 ], [ 87.6568, 24.156 ], [ 87.6531, 24.1587 ], [ 87.653, 24.156 ], [ 87.6422, 24.1531 ], [ 87.6316, 24.1643 ], [ 87.6153, 24.1661 ], [ 87.6083, 24.1658 ], [ 87.6064, 24.1606 ], [ 87.5927, 24.1603 ], [ 87.5845, 24.1645 ], [ 87.5815, 24.1593 ], [ 87.5743, 24.1602 ], [ 87.605, 24.1329 ], [ 87.6102, 24.1325 ], [ 87.6023, 24.1271 ], [ 87.591, 24.127 ], [ 87.5826, 24.1131 ], [ 87.5766, 24.1123 ], [ 87.5743, 24.1002 ], [ 87.5802, 24.0864 ], [ 87.5709, 24.0884 ], [ 87.5599, 24.082 ], [ 87.5539, 24.0888 ], [ 87.5431, 24.0861 ], [ 87.5331, 24.0998 ], [ 87.5329, 24.1078 ], [ 87.5269, 24.1066 ], [ 87.5224, 24.1135 ], [ 87.5111, 24.112 ], [ 87.4976, 24.119 ], [ 87.4964, 24.1139 ], [ 87.4772, 24.1228 ], [ 87.473, 24.1314 ], [ 87.4765, 24.1361 ], [ 87.4743, 24.1443 ], [ 87.4636, 24.1584 ], [ 87.4682, 24.1773 ], [ 87.4562, 24.1832 ], [ 87.4567, 24.2095 ], [ 87.4521, 24.2131 ], [ 87.4411, 24.211 ], [ 87.4372, 24.2018 ], [ 87.4142, 24.199 ], [ 87.4059, 24.186 ], [ 87.3937, 24.1887 ], [ 87.3818, 24.1851 ], [ 87.3716, 24.1747 ], [ 87.3608, 24.1768 ], [ 87.3606, 24.1725 ], [ 87.3507, 24.1732 ], [ 87.3532, 24.183 ], [ 87.3384, 24.1871 ], [ 87.3153, 24.1769 ], [ 87.2959, 24.1941 ], [ 87.2992, 24.202 ], [ 87.2967, 24.2072 ], [ 87.3046, 24.2238 ], [ 87.3236, 24.2248 ], [ 87.3256, 24.2282 ], [ 87.338, 24.2274 ], [ 87.3401, 24.2377 ], [ 87.3446, 24.2405 ], [ 87.3706, 24.2399 ], [ 87.3959, 24.2728 ], [ 87.4102, 24.2815 ], [ 87.4221, 24.2801 ], [ 87.4353, 24.2876 ], [ 87.4503, 24.284 ], [ 87.4623, 24.285 ], [ 87.466, 24.2806 ], [ 87.4794, 24.2899 ], [ 87.4905, 24.2861 ], [ 87.5081, 24.2991 ], [ 87.5178, 24.2916 ], [ 87.5317, 24.2945 ] ] ] } },
{ "type": "Feature", "properties": { "unit_id": "IND.15.5.1_1", "name": "Kathikund", "district": "Dumka", "did": "jharkhand:Dumka", "state_key": "jharkhand" }, "geometry": { "type": "Polygon", "coordinates": [ [ [ 87.4689, 24.4669 ], [ 87.4695, 24.4599 ], [ 87.4628, 24.4628 ], [ 87.4638, 24.4692 ], [ 87.4582, 24.467 ], [ 87.4548, 24.4618 ], [ 87.4595, 24.4536 ], [ 87.4571, 24.4462 ], [ 87.4529, 24.4459 ], [ 87.4468, 24.4375 ], [ 87.4522, 24.4365 ], [ 87.4604, 24.4228 ], [ 87.467, 24.423 ], [ 87.465, 24.4153 ], [ 87.4775, 24.4045 ], [ 87.4772, 24.3976 ], [ 87.4828, 24.393 ], [ 87.4849, 24.3985 ], [ 87.4929, 24.3995 ], [ 87.4939, 24.3831 ], [ 87.5006, 24.3826 ], [ 87.4977, 24.3773 ], [ 87.5059, 24.3846 ], [ 87.5119, 24.3826 ], [ 87.5131, 24.3781 ], [ 87.5044, 24.3751 ], [ 87.5049, 24.3682 ], [ 87.5111, 24.368 ], [ 87.51, 24.3617 ], [ 87.5204, 24.3635 ], [ 87.5263, 24.3604 ], [ 87.525, 24.3556 ], [ 87.531, 24.3524 ], [ 87.5365, 24.3398 ], [ 87.5289, 24.3335 ], [ 87.5292, 24.3295 ], [ 87.5494, 24.323 ], [ 87.5666, 24.329 ], [ 87.5825, 24.3283 ], [ 87.5828, 24.3321 ], [ 87.5871, 24.3327 ], [ 87.5897, 24.3226 ], [ 87.5866, 24.2695 ], [ 87.5835, 24.2567 ], [ 87.5808, 24.2583 ], [ 87.5755, 24.2535 ], [ 87.5521, 24.251 ], [ 87.5523, 24.2574 ], [ 87.5337, 24.2688 ], [ 87.5355, 24.2765 ], [ 87.546, 24.2826 ], [ 87.5317, 24.2843 ], [ 87.5317, 24.2945 ], [ 87.5178, 24.2916 ], [ 87.5081, 24.2991 ], [ 87.4905, 24.2861 ], [ 87.4794, 24.2899 ], [ 87.4656, 24.2806 ], [ 87.4623, 24.285 ], [ 87.4503, 24.284 ], [ 87.4353, 24.2876 ], [ 87.4221, 24.2801 ], [ 87.396, 24.2835 ], [ 87.3766, 24.2915 ], [ 87.3713, 24.317 ], [ 87.3562, 24.3168 ], [ 87.346, 24.3235 ], [ 87.342, 24.3507 ], [ 87.3492, 24.3725 ], [ 87.3474, 24.3795 ], [ 87.3556, 24.388 ], [ 87.3636, 24.387 ], [ 87.3693, 24.4047 ], [ 87.3803, 24.4071 ], [ 87.3731, 24.4274 ], [ 87.3833, 24.4237 ], [ 87.3786, 24.4395 ], [ 87.3681, 24.4404 ], [ 87.3692, 24.4314 ], [ 87.3628, 24.4345 ], [ 87.3672, 24.4498 ], [ 87.3658, 24.4664 ], [ 87.3682, 24.4681 ], [ 87.3771, 24.4608 ], [ 87.383, 24.4705 ], [ 87.3794, 24.4896 ], [ 87.3845, 24.493 ], [ 87.4016, 24.4928 ], [ 87.4037, 24.4821 ], [ 87.4206, 24.4827 ], [ 87.4237, 24.4802 ], [ 87.425, 24.4898 ], [ 87.4287, 24.4912 ], [ 87.4402, 24.484 ], [ 87.4543, 24.509 ], [ 87.4647, 24.4952 ], [ 87.4735, 24.4718 ], [ 87.4689, 24.4669 ] ] ] } },
{ "type": "Feature", "properties": { "unit_id": "IND.15.5.1_1", "name": "Gopikandar", "district": "Dumka", "did": "jharkhand:Dumka", "state_key": "jharkhand" }, "geometry": { "type": "Polygon", "coordinates": [ [ [ 87.5196, 24.5151 ], [ 87.5337, 24.5128 ], [ 87.5337, 24.5089 ], [ 87.5384, 24.5072 ], [ 87.5483, 24.5192 ], [ 87.5643, 24.5233 ], [ 87.5714, 24.5086 ], [ 87.5766, 24.5067 ], [ 87.5683, 24.4973 ], [ 87.5711, 24.3878 ], [ 87.5871, 24.3327 ], [ 87.5828, 24.3321 ], [ 87.5825, 24.3283 ], [ 87.5666, 24.329 ], [ 87.5494, 24.323 ], [ 87.5292, 24.3295 ], [ 87.5289, 24.3335 ], [ 87.5365, 24.3398 ], [ 87.531, 24.3524 ], [ 87.525, 24.3556 ], [ 87.5263, 24.3604 ], [ 87.5204, 24.3635 ], [ 87.51, 24.3617 ], [ 87.5111, 24.368 ], [ 87.5049, 24.3682 ], [ 87.5044, 24.3751 ], [ 87.5131, 24.3781 ], [ 87.5119, 24.3826 ], [ 87.5059, 24.3846 ], [ 87.4977, 24.3773 ], [ 87.5006, 24.3826 ], [ 87.4939, 24.3831 ], [ 87.4929, 24.3995 ], [ 87.4849, 24.3985 ], [ 87.4828, 24.393 ], [ 87.4772, 24.3976 ], [ 87.4775, 24.4045 ], [ 87.465, 24.4153 ], [ 87.467, 24.423 ], [ 87.4604, 24.4228 ], [ 87.4522, 24.4365 ], [ 87.4468, 24.4375 ], [ 87.4529, 24.4459 ], [ 87.4571, 24.4462 ], [ 87.4595, 24.4536 ], [ 87.4548, 24.4618 ], [ 87.4582, 24.467 ], [ 87.4638, 24.4692 ], [ 87.4628, 24.4628 ], [ 87.469, 24.4595 ], [ 87.4689, 24.4669 ], [ 87.4734, 24.4708 ], [ 87.4647, 24.4952 ], [ 87.4543, 24.509 ], [ 87.4402, 24.484 ], [ 87.426, 24.4914 ], [ 87.4238, 24.4802 ], [ 87.4206, 24.4827 ], [ 87.4037, 24.4821 ], [ 87.4016, 24.4928 ], [ 87.3845, 24.493 ], [ 87.3788, 24.4873 ], [ 87.3799, 24.4762 ], [ 87.3838, 24.4742 ], [ 87.3789, 24.4622 ], [ 87.375, 24.4615 ], [ 87.3682, 24.4681 ], [ 87.3658, 24.4664 ], [ 87.367, 24.4972 ], [ 87.3733, 24.5045 ], [ 87.3979, 24.5006 ], [ 87.4067, 24.5066 ], [ 87.4201, 24.5084 ], [ 87.4271, 24.516 ], [ 87.4318, 24.5129 ], [ 87.4376, 24.5183 ], [ 87.4462, 24.5162 ], [ 87.451, 24.5197 ], [ 87.4587, 24.5187 ], [ 87.4628, 24.5231 ], [ 87.4781, 24.523 ], [ 87.4809, 24.5288 ], [ 87.4991, 24.5285 ], [ 87.5196, 24.5151 ] ] ] } },
{ "type": "Feature", "properties": { "unit_id": "IND.15.16.1_1", "name": "Pakuria", "district": "Pakur", "did": "jharkhand:Pakur", "state_key": "jharkhand" }, "geometry": { "type": "Polygon", "coordinates": [ [ [ 87.5884, 24.4552 ], [ 87.5983, 24.4547 ], [ 87.6057, 24.4499 ], [ 87.6035, 24.4339 ], [ 87.6272, 24.4218 ], [ 87.632, 24.4158 ], [ 87.646, 24.4215 ], [ 87.6508, 24.4188 ], [ 87.6611, 24.4206 ], [ 87.6647, 24.4148 ], [ 87.6585, 24.4095 ], [ 87.665, 24.4048 ], [ 87.6609, 24.3982 ], [ 87.6618, 24.3894 ], [ 87.6843, 24.3963 ], [ 87.6934, 24.3908 ], [ 87.6999, 24.3938 ], [ 87.7084, 24.3864 ], [ 87.7224, 24.3848 ], [ 87.7252, 24.3803 ], [ 87.7354, 24.3814 ], [ 87.7312, 24.3601 ], [ 87.7514, 24.3475 ], [ 87.746, 24.3327 ], [ 87.7633, 24.3249 ], [ 87.7616, 24.3085 ], [ 87.7549, 24.3103 ], [ 87.7474, 24.2992 ], [ 87.7376, 24.2961 ], [ 87.7293, 24.2884 ], [ 87.7137, 24.2944 ], [ 87.7059, 24.2614 ], [ 87.6999, 24.2627 ], [ 87.6904, 24.2579 ], [ 87.6875, 24.2464 ], [ 87.6763, 24.249 ], [ 87.6723, 24.2436 ], [ 87.6622, 24.2449 ], [ 87.6628, 24.2384 ], [ 87.6592, 24.2361 ], [ 87.6483, 24.2506 ], [ 87.6404, 24.2542 ], [ 87.6271, 24.2577 ], [ 87.6087, 24.255 ], [ 87.5942, 24.2577 ], [ 87.5879, 24.2528 ], [ 87.5835, 24.2567 ], [ 87.5897, 24.3226 ], [ 87.5712, 24.3861 ], [ 87.5694, 24.4573 ], [ 87.5781, 24.4655 ], [ 87.5865, 24.4628 ], [ 87.5884, 24.4552 ] ] ] } },
{ "type": "Feature", "properties": { "unit_id": "IND.15.16.1_1", "name": "Maheshpur", "district": "Pakur", "did": "jharkhand:Pakur", "state_key": "jharkhand" }, "geometry": { "type": "Polygon", "coordinates": [ [ [ 87.7119, 24.5848 ], [ 87.7215, 24.5871 ], [ 87.7439, 24.5806 ], [ 87.7725, 24.5835 ], [ 87.7702, 24.5705 ], [ 87.7784, 24.5735 ], [ 87.7925, 24.5717 ], [ 87.8025, 24.5617 ], [ 87.8086, 24.5467 ], [ 87.8047, 24.5419 ], [ 87.7996, 24.5434 ], [ 87.7976, 24.5388 ], [ 87.7992, 24.5247 ], [ 87.8042, 24.5192 ], [ 87.8019, 24.5122 ], [ 87.7981, 24.5114 ], [ 87.8015, 24.5044 ], [ 87.796, 24.5046 ], [ 87.7941, 24.5011 ], [ 87.8013, 24.4937 ], [ 87.8056, 24.5006 ], [ 87.8026, 24.5082 ], [ 87.8093, 24.5145 ], [ 87.8172, 24.5006 ], [ 87.8125, 24.4997 ], [ 87.8117, 24.4908 ], [ 87.8231, 24.4946 ], [ 87.8238, 24.5004 ], [ 87.8282, 24.4986 ], [ 87.8244, 24.4906 ], [ 87.8273, 24.4893 ], [ 87.8146, 24.4886 ], [ 87.8107, 24.4764 ], [ 87.8227, 24.471 ], [ 87.8236, 24.4581 ], [ 87.8189, 24.458 ], [ 87.8198, 24.4545 ], [ 87.8132, 24.4567 ], [ 87.8031, 24.454 ], [ 87.8, 24.4459 ], [ 87.8039, 24.4416 ], [ 87.7946, 24.4364 ], [ 87.7922, 24.4277 ], [ 87.7955, 24.4214 ], [ 87.7898, 24.4207 ], [ 87.7885, 24.4145 ], [ 87.7996, 24.4122 ], [ 87.8005, 24.4093 ], [ 87.8066, 24.4203 ], [ 87.8126, 24.4119 ], [ 87.8022, 24.4 ], [ 87.7945, 24.4007 ], [ 87.8011, 24.3822 ], [ 87.7938, 24.3831 ], [ 87.786, 24.3625 ], [ 87.7636, 24.3378 ], [ 87.7626, 24.3308 ], [ 87.769, 24.3279 ], [ 87.7704, 24.322 ], [ 87.7642, 24.3223 ], [ 87.7583, 24.3287 ], [ 87.7442, 24.3348 ], [ 87.7521, 24.3459 ], [ 87.745, 24.3535 ], [ 87.7312, 24.3601 ], [ 87.7354, 24.3814 ], [ 87.7252, 24.3803 ], [ 87.7224, 24.3848 ], [ 87.7084, 24.3864 ], [ 87.6999, 24.3938 ], [ 87.6934, 24.3908 ], [ 87.6843, 24.3963 ], [ 87.6618, 24.3894 ], [ 87.6609, 24.3982 ], [ 87.665, 24.4048 ], [ 87.6585, 24.4095 ], [ 87.6647, 24.4148 ], [ 87.6611, 24.4206 ], [ 87.6508, 24.4188 ], [ 87.646, 24.4215 ], [ 87.632, 24.4158 ], [ 87.6272, 24.4218 ], [ 87.6035, 24.4339 ], [ 87.6057, 24.4499 ], [ 87.5983, 24.4547 ], [ 87.5884, 24.4552 ], [ 87.5865, 24.4628 ], [ 87.5781, 24.4655 ], [ 87.5694, 24.4573 ], [ 87.5693, 24.5007 ], [ 87.6678, 24.5821 ], [ 87.6716, 24.5931 ], [ 87.6981, 24.5914 ], [ 87.7119, 24.5848 ] ] ] } },
{ "type": "Feature", "properties": { "unit_id": "IND.15.16.1_1", "name": "Hiranpur", "district": "Pakur", "did": "jharkhand:Pakur", "state_key": "jharkhand" }, "geometry": { "type": "Polygon", "coordinates": [ [ [ 87.7551, 24.7642 ], [ 87.7447, 24.7555 ], [ 87.7644, 24.7456 ], [ 87.7744, 24.7468 ], [ 87.7774, 24.7528 ], [ 87.7868, 24.7523 ], [ 87.8004, 24.7285 ], [ 87.7947, 24.7243 ], [ 87.7997, 24.7104 ], [ 87.7906, 24.7023 ], [ 87.7925, 24.6912 ], [ 87.785, 24.6799 ], [ 87.7885, 24.6711 ], [ 87.7725, 24.6564 ], [ 87.7757, 24.6493 ], [ 87.7721, 24.6191 ], [ 87.7761, 24.609 ], [ 87.769, 24.599 ], [ 87.763, 24.5989 ], [ 87.7652, 24.5925 ], [ 87.7579, 24.5874 ], [ 87.7617, 24.5826 ], [ 87.7439, 24.5806 ], [ 87.7215, 24.5871 ], [ 87.7119, 24.5848 ], [ 87.699, 24.5912 ], [ 87.6722, 24.5925 ], [ 87.6761, 24.6175 ], [ 87.697, 24.6836 ], [ 87.6886, 24.6874 ], [ 87.6848, 24.6934 ], [ 87.6909, 24.7004 ], [ 87.7148, 24.6976 ], [ 87.7168, 24.7007 ], [ 87.7048, 24.7074 ], [ 87.7116, 24.7228 ], [ 87.7366, 24.7647 ], [ 87.752, 24.7667 ], [ 87.7551, 24.7642 ] ] ] } },
{ "type": "Feature", "properties": { "unit_id": "IND.15.16.1_1", "name": "Level 3", "district": "Pakur", "did": "jharkhand:Pakur", "state_key": "jharkhand" }, "geometry": { "type": "MultiPolygon", "coordinates": [ [ [ [ 87.8998, 24.6219 ], [ 87.9008, 24.627 ], [ 87.9058, 24.6293 ], [ 87.906, 24.6236 ], [ 87.9007, 24.6194 ], [ 87.8998, 24.6219 ] ] ], [ [ [ 87.9037, 24.6316 ], [ 87.9042, 24.6324 ], [ 87.9061, 24.6312 ], [ 87.9037, 24.6316 ] ] ], [ [ [ 87.4966, 24.6457 ], [ 87.4842, 24.6569 ], [ 87.4862, 24.6592 ], [ 87.4982, 24.6531 ], [ 87.4966, 24.6457 ] ] ], [ [ [ 87.6848, 24.6924 ], [ 87.6879, 24.6927 ], [ 87.6875, 24.6889 ], [ 87.6848, 24.6924 ] ] ] ] } },
{ "type": "Feature", "properties": { "unit_id": "IND.15.16.1_1", "name": "Litipara", "district": "Pakur", "did": "jharkhand:Pakur", "state_key": "jharkhand" }, "geometry": { "type": "Polygon", "coordinates": [ [ [ 87.5567, 24.8226 ], [ 87.5718, 24.8082 ], [ 87.5938, 24.811 ], [ 87.6012, 24.8071 ], [ 87.6077, 24.8081 ], [ 87.6233, 24.7935 ], [ 87.5994, 24.805 ], [ 87.5921, 24.8028 ], [ 87.5953, 24.7943 ], [ 87.586, 24.7907 ], [ 87.5995, 24.7929 ], [ 87.599, 24.7878 ], [ 87.6081, 24.7877 ], [ 87.6127, 24.7778 ], [ 87.6161, 24.7803 ], [ 87.6249, 24.775 ], [ 87.6308, 24.7766 ], [ 87.6321, 24.7723 ], [ 87.6446, 24.7681 ], [ 87.6566, 24.7674 ], [ 87.6564, 24.7697 ], [ 87.6652, 24.7597 ], [ 87.6726, 24.7649 ], [ 87.6805, 24.761 ], [ 87.6792, 24.7565 ], [ 87.6853, 24.753 ], [ 87.684, 24.7482 ], [ 87.6886, 24.7424 ], [ 87.7001, 24.7463 ], [ 87.7035, 24.7414 ], [ 87.7139, 24.7409 ], [ 87.7128, 24.7313 ], [ 87.7162, 24.7295 ], [ 87.7048, 24.7074 ], [ 87.7168, 24.7007 ], [ 87.7127, 24.6958 ], [ 87.6909, 24.7004 ], [ 87.6848, 24.6934 ], [ 87.6886, 24.6874 ], [ 87.697, 24.6836 ], [ 87.6716, 24.5931 ], [ 87.6635, 24.6001 ], [ 87.6561, 24.588 ], [ 87.6484, 24.5932 ], [ 87.6516, 24.5994 ], [ 87.6446, 24.6026 ], [ 87.6542, 24.604 ], [ 87.6543, 24.6111 ], [ 87.6592, 24.6154 ], [ 87.6529, 24.6207 ], [ 87.6569, 24.631 ], [ 87.6306, 24.6344 ], [ 87.6272, 24.6438 ], [ 87.616, 24.6422 ], [ 87.6096, 24.6463 ], [ 87.599, 24.6403 ], [ 87.592, 24.6402 ], [ 87.5954, 24.6232 ], [ 87.5825, 24.6211 ], [ 87.5715, 24.6302 ], [ 87.5789, 24.6341 ], [ 87.5827, 24.6475 ], [ 87.576, 24.6462 ], [ 87.5771, 24.6388 ], [ 87.5675, 24.6288 ], [ 87.5561, 24.6332 ], [ 87.5527, 24.628 ], [ 87.5477, 24.6286 ], [ 87.541, 24.6384 ], [ 87.5295, 24.632 ], [ 87.5315, 24.6263 ], [ 87.5381, 24.6247 ], [ 87.532, 24.6141 ], [ 87.52, 24.6285 ], [ 87.5274, 24.6281 ], [ 87.5274, 24.6317 ], [ 87.5174, 24.632 ], [ 87.5081, 24.637 ], [ 87.4966, 24.6457 ], [ 87.4961, 24.655 ], [ 87.4923, 24.6539 ], [ 87.4862, 24.6592 ], [ 87.4818, 24.6554 ], [ 87.4735, 24.6552 ], [ 87.4687, 24.682 ], [ 87.4743, 24.6888 ], [ 87.4647, 24.7053 ], [ 87.4654, 24.7206 ], [ 87.4577, 24.7266 ], [ 87.4587, 24.7347 ], [ 87.4442, 24.7508 ], [ 87.4395, 24.7514 ], [ 87.4369, 24.7588 ], [ 87.4567, 24.7793 ], [ 87.4542, 24.7859 ], [ 87.4603, 24.7859 ], [ 87.4621, 24.7931 ], [ 87.4683, 24.7936 ], [ 87.4805, 24.7869 ], [ 87.4884, 24.7895 ], [ 87.489, 24.7854 ], [ 87.4992, 24.7823 ], [ 87.4976, 24.7902 ], [ 87.5117, 24.7994 ], [ 87.5179, 24.797 ], [ 87.5193, 24.801 ], [ 87.5409, 24.8014 ], [ 87.537, 24.8231 ], [ 87.5562, 24.8284 ], [ 87.5567, 24.8226 ] ] ] } },
{ "type": "Feature", "properties": { "unit_id": "IND.15.16.1_1", "name": "Amarapara", "district": "Pakur", "did": "jharkhand:Pakur", "state_key": "jharkhand" }, "geometry": { "type": "MultiPolygon", "coordinates": [ [ [ [ 87.7724, 24.617 ], [ 87.7729, 24.616 ], [ 87.7725, 24.6163 ], [ 87.7724, 24.617 ] ] ], [ [ [ 87.5174, 24.632 ], [ 87.5265, 24.6327 ], [ 87.5285, 24.6286 ], [ 87.52, 24.6285 ], [ 87.532, 24.6141 ], [ 87.5381, 24.6247 ], [ 87.5315, 24.6263 ], [ 87.5295, 24.632 ], [ 87.541, 24.6384 ], [ 87.5477, 24.6286 ], [ 87.5527, 24.628 ], [ 87.5561, 24.6332 ], [ 87.5675, 24.6288 ], [ 87.5771, 24.6388 ], [ 87.576, 24.6462 ], [ 87.5827, 24.6475 ], [ 87.5789, 24.6341 ], [ 87.5715, 24.6302 ], [ 87.5825, 24.6211 ], [ 87.5954, 24.6232 ], [ 87.592, 24.6402 ], [ 87.599, 24.6403 ], [ 87.6096, 24.6463 ], [ 87.616, 24.6422 ], [ 87.6272, 24.6438 ], [ 87.6306, 24.6344 ], [ 87.6569, 24.631 ], [ 87.6529, 24.6207 ], [ 87.6592, 24.6154 ], [ 87.6543, 24.6111 ], [ 87.6542, 24.604 ], [ 87.6468, 24.6049 ], [ 87.6448, 24.6014 ], [ 87.6516, 24.5994 ], [ 87.6484, 24.5932 ], [ 87.6554, 24.5879 ], [ 87.6646, 24.5995 ], [ 87.6716, 24.5931 ], [ 87.6692, 24.584 ], [ 87.5766, 24.5067 ], [ 87.5714, 24.5086 ], [ 87.5643, 24.5233 ], [ 87.5483, 24.5192 ], [ 87.5384, 24.5072 ], [ 87.5337, 24.5089 ], [ 87.5337, 24.5128 ], [ 87.5196, 24.5151 ], [ 87.4976, 24.529 ], [ 87.4809, 24.5288 ], [ 87.4787, 24.5233 ], [ 87.4628, 24.5231 ], [ 87.4569, 24.518 ], [ 87.4543, 24.5203 ], [ 87.4462, 24.5162 ], [ 87.4376, 24.5183 ], [ 87.4318, 24.5129 ], [ 87.4226, 24.5169 ], [ 87.4187, 24.5112 ], [ 87.4067, 24.5082 ], [ 87.3942, 24.5103 ], [ 87.3874, 24.5244 ], [ 87.3924, 24.5476 ], [ 87.3985, 24.5469 ], [ 87.4062, 24.5356 ], [ 87.4076, 24.5409 ], [ 87.4154, 24.5397 ], [ 87.4134, 24.5428 ], [ 87.4209, 24.554 ], [ 87.4291, 24.5548 ], [ 87.4321, 24.5585 ], [ 87.4381, 24.5574 ], [ 87.4406, 24.5685 ], [ 87.4504, 24.562 ], [ 87.4584, 24.5688 ], [ 87.4641, 24.5665 ], [ 87.4679, 24.5689 ], [ 87.4671, 24.5809 ], [ 87.4562, 24.5895 ], [ 87.4568, 24.5991 ], [ 87.4648, 24.6037 ], [ 87.4644, 24.6101 ], [ 87.4621, 24.6167 ], [ 87.4458, 24.6183 ], [ 87.4481, 24.631 ], [ 87.4672, 24.6446 ], [ 87.4738, 24.6456 ], [ 87.4735, 24.6552 ], [ 87.485, 24.6572 ], [ 87.5105, 24.6354 ], [ 87.5174, 24.632 ] ] ] ] } },
{ "type": "Feature", "properties": { "unit_id": "IND.15.8.1_1", "name": "Sundarpahari", "district": "Godda", "did": "jharkhand:Godda", "state_key": "jharkhand" }, "geometry": { "type": "MultiPolygon", "coordinates": [ [ [ [ 87.476, 24.8548 ], [ 87.4731, 24.85 ], [ 87.4689, 24.8514 ], [ 87.4707, 24.8577 ], [ 87.476, 24.8548 ] ] ], [ [ [ 87.3711, 24.8825 ], [ 87.3868, 24.8685 ], [ 87.397, 24.865 ], [ 87.406, 24.8659 ], [ 87.4303, 24.8575 ], [ 87.435, 24.8603 ], [ 87.4362, 24.8679 ], [ 87.4539, 24.8572 ], [ 87.4578, 24.856 ], [ 87.4573, 24.8595 ], [ 87.4606, 24.8595 ], [ 87.4603, 24.8548 ], [ 87.4639, 24.8552 ], [ 87.4718, 24.8437 ], [ 87.4606, 24.8369 ], [ 87.4771, 24.8337 ], [ 87.476, 24.8429 ], [ 87.4795, 24.8422 ], [ 87.4787, 24.8311 ], [ 87.4846, 24.8278 ], [ 87.4845, 24.8201 ], [ 87.4941, 24.8139 ], [ 87.4974, 24.8026 ], [ 87.5111, 24.798 ], [ 87.4976, 24.7902 ], [ 87.4992, 24.7823 ], [ 87.489, 24.7854 ], [ 87.4884, 24.7895 ], [ 87.4805, 24.7869 ], [ 87.467, 24.794 ], [ 87.4604, 24.7922 ], [ 87.4603, 24.7859 ], [ 87.4542, 24.7859 ], [ 87.4567, 24.7793 ], [ 87.4369, 24.7588 ], [ 87.4395, 24.7514 ], [ 87.4442, 24.7508 ], [ 87.4607, 24.7316 ], [ 87.4577, 24.7266 ], [ 87.4654, 24.7206 ], [ 87.4647, 24.7053 ], [ 87.4743, 24.6888 ], [ 87.4687, 24.682 ], [ 87.4751, 24.6475 ], [ 87.4486, 24.6317 ], [ 87.4458, 24.6183 ], [ 87.4621, 24.6167 ], [ 87.4648, 24.6037 ], [ 87.4568, 24.5991 ], [ 87.4563, 24.5881 ], [ 87.4671, 24.5809 ], [ 87.4683, 24.5698 ], [ 87.4641, 24.5665 ], [ 87.4584, 24.5688 ], [ 87.4504, 24.562 ], [ 87.4406, 24.5685 ], [ 87.4381, 24.5574 ], [ 87.4321, 24.5585 ], [ 87.4291, 24.5548 ], [ 87.4209, 24.554 ], [ 87.4134, 24.5428 ], [ 87.4154, 24.5397 ], [ 87.4076, 24.5409 ], [ 87.4062, 24.5356 ], [ 87.3985, 24.5469 ], [ 87.3924, 24.5476 ], [ 87.3874, 24.5244 ], [ 87.3942, 24.5103 ], [ 87.4067, 24.5082 ], [ 87.4187, 24.5112 ], [ 87.4226, 24.5169 ], [ 87.4253, 24.515 ], [ 87.4201, 24.5084 ], [ 87.4067, 24.5066 ], [ 87.3979, 24.5006 ], [ 87.3732, 24.5045 ], [ 87.3691, 24.5215 ], [ 87.3726, 24.5719 ], [ 87.3704, 24.5915 ], [ 87.3284, 24.8293 ], [ 87.3311, 24.8931 ], [ 87.3485, 24.8958 ], [ 87.3711, 24.8825 ] ], [ [ 87.47, 24.8117 ], [ 87.4607, 24.8257 ], [ 87.456, 24.8197 ], [ 87.462, 24.8111 ], [ 87.47, 24.8117 ] ], [ [ 87.4594, 24.8101 ], [ 87.4604, 24.8115 ], [ 87.4564, 24.815 ], [ 87.4594, 24.8101 ] ] ] ] } },
{ "type": "Feature", "properties": { "unit_id": "IND.15.8.1_1", "name": "Poreyahat", "district": "Godda", "did": "jharkhand:Godda", "state_key": "jharkhand" }, "geometry": { "type": "MultiPolygon", "coordinates": [ [ [ [ 87.1445, 24.8026 ], [ 87.1588, 24.8018 ], [ 87.1599, 24.8198 ], [ 87.1686, 24.8281 ], [ 87.1754, 24.8179 ], [ 87.1771, 24.8048 ], [ 87.1892, 24.7959 ], [ 87.1973, 24.7771 ], [ 87.2056, 24.7778 ], [ 87.2232, 24.7681 ], [ 87.2305, 24.7525 ], [ 87.2369, 24.7529 ], [ 87.2472, 24.7454 ], [ 87.2451, 24.7369 ], [ 87.2559, 24.7306 ], [ 87.2597, 24.7319 ], [ 87.272, 24.714 ], [ 87.2801, 24.7097 ], [ 87.2922, 24.6922 ], [ 87.3012, 24.6573 ], [ 87.3059, 24.6575 ], [ 87.3103, 24.6471 ], [ 87.321, 24.6438 ], [ 87.332, 24.6303 ], [ 87.3301, 24.6227 ], [ 87.3338, 24.6183 ], [ 87.3503, 24.6083 ], [ 87.3568, 24.598 ], [ 87.3704, 24.5915 ], [ 87.3726, 24.5719 ], [ 87.3691, 24.5215 ], [ 87.3597, 24.529 ], [ 87.354, 24.543 ], [ 87.3424, 24.5491 ], [ 87.3393, 24.5585 ], [ 87.3244, 24.5698 ], [ 87.3277, 24.5773 ], [ 87.3101, 24.5914 ], [ 87.3088, 24.5981 ], [ 87.2913, 24.596 ], [ 87.2771, 24.6049 ], [ 87.269, 24.601 ], [ 87.2652, 24.5936 ], [ 87.2454, 24.5857 ], [ 87.2201, 24.5983 ], [ 87.2184, 24.5919 ], [ 87.2113, 24.5904 ], [ 87.2097, 24.5934 ], [ 87.1934, 24.5967 ], [ 87.1875, 24.6067 ], [ 87.1779, 24.6083 ], [ 87.1771, 24.6056 ], [ 87.1676, 24.6161 ], [ 87.1498, 24.6129 ], [ 87.1332, 24.621 ], [ 87.1244, 24.6329 ], [ 87.1175, 24.6345 ], [ 87.1088, 24.6275 ], [ 87.0889, 24.6387 ], [ 87.0845, 24.6356 ], [ 87.0773, 24.6366 ], [ 87.0657, 24.6426 ], [ 87.0563, 24.6389 ], [ 87.0545, 24.6253 ], [ 87.0489, 24.6214 ], [ 87.0462, 24.6299 ], [ 87.0524, 24.6413 ], [ 87.0541, 24.6693 ], [ 87.0597, 24.6763 ], [ 87.0619, 24.6888 ], [ 87.0694, 24.6943 ], [ 87.068, 24.7034 ], [ 87.0803, 24.7262 ], [ 87.0764, 24.7309 ], [ 87.0786, 24.7366 ], [ 87.0729, 24.737 ], [ 87.0739, 24.7414 ], [ 87.0696, 24.7443 ], [ 87.0702, 24.7476 ], [ 87.0794, 24.7489 ], [ 87.0781, 24.7524 ], [ 87.0843, 24.7561 ], [ 87.0787, 24.7775 ], [ 87.0929, 24.7919 ], [ 87.0956, 24.8025 ], [ 87.1064, 24.8061 ], [ 87.1137, 24.8321 ], [ 87.1239, 24.8281 ], [ 87.1378, 24.8086 ], [ 87.1419, 24.8084 ], [ 87.1445, 24.8026 ] ] ] ] } },
{ "type": "Feature", "properties": { "unit_id": "IND.15.8.1_1", "name": "Godda", "district": "Godda", "did": "jharkhand:Godda", "state_key": "jharkhand" }, "geometry": { "type": "Polygon", "coordinates": [ [ [ 87.2577, 24.8856 ], [ 87.2571, 24.8807 ], [ 87.2523, 24.8733 ], [ 87.2581, 24.8687 ], [ 87.2562, 24.8745 ], [ 87.264, 24.8799 ], [ 87.269, 24.88 ], [ 87.2754, 24.8703 ], [ 87.2853, 24.8724 ], [ 87.2957, 24.8652 ], [ 87.2998, 24.8771 ], [ 87.31, 24.8829 ], [ 87.3215, 24.8771 ], [ 87.3298, 24.8781 ], [ 87.3295, 24.8188 ], [ 87.3704, 24.5915 ], [ 87.3568, 24.598 ], [ 87.3503, 24.6083 ], [ 87.3338, 24.6183 ], [ 87.3301, 24.6227 ], [ 87.332, 24.6303 ], [ 87.321, 24.6438 ], [ 87.3103, 24.6471 ], [ 87.3059, 24.6575 ], [ 87.3012, 24.6573 ], [ 87.2912, 24.6942 ], [ 87.2614, 24.7303 ], [ 87.2462, 24.7357 ], [ 87.2472, 24.7454 ], [ 87.2369, 24.7529 ], [ 87.2305, 24.7525 ], [ 87.2274, 24.7627 ], [ 87.2181, 24.7718 ], [ 87.2056, 24.7778 ], [ 87.1973, 24.7771 ], [ 87.1892, 24.7959 ], [ 87.1771, 24.8048 ], [ 87.1754, 24.8179 ], [ 87.1686, 24.8281 ], [ 87.1599, 24.8198 ], [ 87.1588, 24.8018 ], [ 87.1445, 24.8026 ], [ 87.1168, 24.8327 ], [ 87.1097, 24.825 ], [ 87.1053, 24.8053 ], [ 87.0972, 24.8021 ], [ 87.0733, 24.8086 ], [ 87.0774, 24.8253 ], [ 87.0912, 24.8255 ], [ 87.1007, 24.84 ], [ 87.0988, 24.8479 ], [ 87.1061, 24.8551 ], [ 87.1206, 24.8552 ], [ 87.1324, 24.8626 ], [ 87.1348, 24.8596 ], [ 87.1429, 24.8609 ], [ 87.1409, 24.8659 ], [ 87.1625, 24.8965 ], [ 87.1745, 24.8955 ], [ 87.1699, 24.8868 ], [ 87.1809, 24.8797 ], [ 87.1846, 24.8705 ], [ 87.1848, 24.8755 ], [ 87.1916, 24.8752 ], [ 87.1949, 24.8839 ], [ 87.2002, 24.8771 ], [ 87.2121, 24.8767 ], [ 87.2164, 24.8853 ], [ 87.2297, 24.8789 ], [ 87.2407, 24.8896 ], [ 87.2459, 24.8864 ], [ 87.2508, 24.8936 ], [ 87.2561, 24.892 ], [ 87.2541, 24.8865 ], [ 87.2577, 24.8856 ] ] ] } },
{ "type": "Feature", "properties": { "unit_id": "IND.15.5.1_1", "name": "Saraiyahat", "district": "Dumka", "did": "jharkhand:Dumka", "state_key": "jharkhand" }, "geometry": { "type": "Polygon", "coordinates": [ [ [ 86.9528, 24.6315 ], [ 86.9776, 24.6396 ], [ 86.9961, 24.6201 ], [ 87.0063, 24.623 ], [ 87.0108, 24.6312 ], [ 87.0213, 24.6295 ], [ 87.023, 24.6157 ], [ 87.0362, 24.6139 ], [ 87.0381, 24.6172 ], [ 87.0482, 24.6088 ], [ 87.0489, 24.6214 ], [ 87.0545, 24.6253 ], [ 87.0563, 24.6389 ], [ 87.062, 24.6413 ], [ 87.0657, 24.6426 ], [ 87.0837, 24.6356 ], [ 87.0889, 24.6387 ], [ 87.0976, 24.6314 ], [ 87.1052, 24.631 ], [ 87.1141, 24.612 ], [ 87.1099, 24.6031 ], [ 87.1019, 24.6047 ], [ 87.0887, 24.5941 ], [ 87.0887, 24.5678 ], [ 87.1127, 24.561 ], [ 87.1149, 24.554 ], [ 87.1366, 24.5356 ], [ 87.1503, 24.538 ], [ 87.1549, 24.5293 ], [ 87.16, 24.5274 ], [ 87.1577, 24.5172 ], [ 87.1528, 24.516 ], [ 87.1481, 24.5203 ], [ 87.1347, 24.5221 ], [ 87.1302, 24.5107 ], [ 87.1135, 24.5107 ], [ 87.1023, 24.5025 ], [ 87.099, 24.4927 ], [ 87.0659, 24.5093 ], [ 87.0626, 24.5041 ], [ 87.0683, 24.4915 ], [ 87.0625, 24.4903 ], [ 87.058, 24.4773 ], [ 87.048, 24.4697 ], [ 87.0042, 24.4896 ], [ 86.995, 24.4897 ], [ 86.9845, 24.504 ], [ 86.9657, 24.4974 ], [ 86.9457, 24.5004 ], [ 86.9408, 24.4956 ], [ 86.9325, 24.499 ], [ 86.929, 24.4834 ], [ 86.9175, 24.489 ], [ 86.9194, 24.5103 ], [ 86.9153, 24.5207 ], [ 86.9192, 24.5361 ], [ 86.9147, 24.543 ], [ 86.9176, 24.5609 ], [ 86.9094, 24.5725 ], [ 86.9133, 24.5774 ], [ 86.9073, 24.5882 ], [ 86.9093, 24.5952 ], [ 86.9195, 24.6021 ], [ 86.9268, 24.6137 ], [ 86.9276, 24.6245 ], [ 86.9449, 24.6358 ], [ 86.9376, 24.6502 ], [ 86.9582, 24.6476 ], [ 86.9528, 24.6315 ] ] ] } },
{ "type": "Feature", "properties": { "unit_id": "IND.15.3.1_1", "name": "Madhupur", "district": "Deoghar", "did": "jharkhand:Deoghar", "state_key": "jharkhand" }, "geometry": { "type": "MultiPolygon", "coordinates": [ [ [ [ 86.5427, 24.3591 ], [ 86.572, 24.3601 ], [ 86.5816, 24.3391 ], [ 86.6227, 24.3189 ], [ 86.6339, 24.3187 ], [ 86.6291, 24.3139 ], [ 86.6396, 24.3036 ], [ 86.6483, 24.3044 ], [ 86.6462, 24.3223 ], [ 86.6529, 24.3209 ], [ 86.6552, 24.3327 ], [ 86.6729, 24.3264 ], [ 86.6768, 24.3216 ], [ 86.6877, 24.3261 ], [ 86.6859, 24.3156 ], [ 86.6923, 24.3181 ], [ 86.6956, 24.311 ], [ 86.7047, 24.315 ], [ 86.7094, 24.3118 ], [ 86.7082, 24.3062 ], [ 86.7306, 24.2964 ], [ 86.7395, 24.2729 ], [ 86.7393, 24.2664 ], [ 86.7307, 24.2637 ], [ 86.7329, 24.2514 ], [ 86.7467, 24.2508 ], [ 86.7578, 24.2448 ], [ 86.7629, 24.2407 ], [ 86.7616, 24.2342 ], [ 86.742, 24.2349 ], [ 86.738, 24.2377 ], [ 86.7304, 24.2355 ], [ 86.7177, 24.2432 ], [ 86.7212, 24.2469 ], [ 86.7154, 24.25 ], [ 86.7102, 24.2476 ], [ 86.7103, 24.2553 ], [ 86.6989, 24.2478 ], [ 86.6764, 24.2565 ], [ 86.6744, 24.2615 ], [ 86.6597, 24.2618 ], [ 86.6546, 24.2532 ], [ 86.6468, 24.2534 ], [ 86.6432, 24.2494 ], [ 86.6356, 24.251 ], [ 86.6302, 24.2477 ], [ 86.6274, 24.2524 ], [ 86.6203, 24.25 ], [ 86.6179, 24.2432 ], [ 86.622, 24.2383 ], [ 86.6176, 24.2342 ], [ 86.5987, 24.2404 ], [ 86.5894, 24.2169 ], [ 86.5763, 24.2184 ], [ 86.5711, 24.2127 ], [ 86.5696, 24.2208 ], [ 86.5605, 24.2284 ], [ 86.5572, 24.2246 ], [ 86.5475, 24.227 ], [ 86.545, 24.223 ], [ 86.5227, 24.2206 ], [ 86.517, 24.2059 ], [ 86.5124, 24.2059 ], [ 86.507, 24.2093 ], [ 86.517, 24.2221 ], [ 86.5087, 24.2311 ], [ 86.5161, 24.2394 ], [ 86.5087, 24.2518 ], [ 86.5112, 24.2626 ], [ 86.5046, 24.2825 ], [ 86.4884, 24.2869 ], [ 86.4861, 24.2972 ], [ 86.478, 24.3006 ], [ 86.4722, 24.3137 ], [ 86.4756, 24.3301 ], [ 86.4577, 24.3354 ], [ 86.4669, 24.3433 ], [ 86.4713, 24.3553 ], [ 86.4812, 24.3484 ], [ 86.5054, 24.3406 ], [ 86.4993, 24.3499 ], [ 86.5009, 24.3575 ], [ 86.5371, 24.3679 ], [ 86.5427, 24.3591 ] ] ], [ [ [ 87.6201, 24.7762 ], [ 87.6175, 24.7802 ], [ 87.6247, 24.7846 ], [ 87.6265, 24.7778 ], [ 87.6201, 24.7762 ] ] ] ] } },
{ "type": "Feature", "properties": { "unit_id": "IND.15.5.1_1", "name": "Jarmundi", "district": "Dumka", "did": "jharkhand:Dumka", "state_key": "jharkhand" }, "geometry": { "type": "Polygon", "coordinates": [ [ [ 87.1315, 24.4975 ], [ 87.1314, 24.4796 ], [ 87.1359, 24.4777 ], [ 87.1399, 24.4823 ], [ 87.1381, 24.4732 ], [ 87.1423, 24.4739 ], [ 87.1442, 24.4788 ], [ 87.1481, 24.4777 ], [ 87.1404, 24.4682 ], [ 87.1332, 24.4726 ], [ 87.1275, 24.4679 ], [ 87.132, 24.4346 ], [ 87.1415, 24.4249 ], [ 87.1396, 24.4186 ], [ 87.1443, 24.4079 ], [ 87.1411, 24.3991 ], [ 87.1487, 24.3805 ], [ 87.1477, 24.3712 ], [ 87.1099, 24.3735 ], [ 87.1048, 24.368 ], [ 87.0817, 24.3734 ], [ 87.0793, 24.365 ], [ 87.0914, 24.3464 ], [ 87.0833, 24.3316 ], [ 87.085, 24.3172 ], [ 87.0713, 24.308 ], [ 87.0693, 24.2956 ], [ 87.0632, 24.3004 ], [ 87.0556, 24.2991 ], [ 87.0272, 24.3396 ], [ 87.0147, 24.322 ], [ 87.01, 24.3207 ], [ 87.0058, 24.3085 ], [ 87.0052, 24.3083 ], [ 87.0041, 24.3081 ], [ 87.0022, 24.3083 ], [ 86.9987, 24.3093 ], [ 86.9913, 24.3045 ], [ 86.9828, 24.3095 ], [ 86.9704, 24.3103 ], [ 86.9667, 24.3146 ], [ 86.9629, 24.3128 ], [ 86.9679, 24.3232 ], [ 86.9682, 24.3512 ], [ 86.9592, 24.3567 ], [ 86.949, 24.3588 ], [ 86.9453, 24.356 ], [ 86.9395, 24.3589 ], [ 86.9331, 24.3724 ], [ 86.9386, 24.3803 ], [ 86.9323, 24.3811 ], [ 86.9278, 24.3874 ], [ 86.9277, 24.3915 ], [ 86.9395, 24.402 ], [ 86.9473, 24.4201 ], [ 86.9416, 24.421 ], [ 86.9363, 24.4167 ], [ 86.9284, 24.4187 ], [ 86.9212, 24.4101 ], [ 86.9163, 24.4095 ], [ 86.9131, 24.4136 ], [ 86.9049, 24.4113 ], [ 86.9012, 24.4159 ], [ 86.9034, 24.4224 ], [ 86.8987, 24.4234 ], [ 86.903, 24.4324 ], [ 86.8898, 24.4341 ], [ 86.8902, 24.4463 ], [ 86.9031, 24.4496 ], [ 86.9039, 24.4572 ], [ 86.9116, 24.4633 ], [ 86.9047, 24.4719 ], [ 86.911, 24.4861 ], [ 86.9172, 24.4894 ], [ 86.9296, 24.4837 ], [ 86.9325, 24.499 ], [ 86.9408, 24.4956 ], [ 86.9457, 24.5004 ], [ 86.9657, 24.4974 ], [ 86.9845, 24.504 ], [ 86.995, 24.4897 ], [ 87.0042, 24.4896 ], [ 87.048, 24.4697 ], [ 87.058, 24.4773 ], [ 87.0625, 24.4903 ], [ 87.0683, 24.4915 ], [ 87.0626, 24.5041 ], [ 87.0659, 24.5093 ], [ 87.0986, 24.4928 ], [ 87.1023, 24.5025 ], [ 87.1135, 24.5107 ], [ 87.12, 24.5098 ], [ 87.1287, 24.4965 ], [ 87.1315, 24.4975 ] ] ] } },
{ "type": "Feature", "properties": { "unit_id": "IND.15.5.1_1", "name": "Jama", "district": "Dumka", "did": "jharkhand:Dumka", "state_key": "jharkhand" }, "geometry": { "type": "Polygon", "coordinates": [ [ [ 87.2587, 24.4097 ], [ 87.2583, 24.4014 ], [ 87.2702, 24.3939 ], [ 87.2613, 24.3723 ], [ 87.2849, 24.3607 ], [ 87.2818, 24.3551 ], [ 87.2692, 24.3556 ], [ 87.2676, 24.3514 ], [ 87.2804, 24.3461 ], [ 87.2806, 24.3346 ], [ 87.2896, 24.3336 ], [ 87.2906, 24.3384 ], [ 87.2956, 24.3404 ], [ 87.303, 24.3364 ], [ 87.3053, 24.3297 ], [ 87.3002, 24.3207 ], [ 87.2928, 24.3182 ], [ 87.2871, 24.3232 ], [ 87.278, 24.3218 ], [ 87.2767, 24.325 ], [ 87.2693, 24.3198 ], [ 87.2635, 24.3281 ], [ 87.2566, 24.3191 ], [ 87.237, 24.3382 ], [ 87.2274, 24.3357 ], [ 87.2276, 24.3237 ], [ 87.2146, 24.3086 ], [ 87.2158, 24.2978 ], [ 87.222, 24.2883 ], [ 87.2117, 24.2841 ], [ 87.2067, 24.2777 ], [ 87.2167, 24.2688 ], [ 87.2175, 24.257 ], [ 87.2244, 24.2451 ], [ 87.2496, 24.2193 ], [ 87.242, 24.1994 ], [ 87.2439, 24.1885 ], [ 87.2385, 24.1846 ], [ 87.2253, 24.1855 ], [ 87.2171, 24.1816 ], [ 87.1947, 24.1834 ], [ 87.1932, 24.1776 ], [ 87.1893, 24.1775 ], [ 87.1748, 24.1859 ], [ 87.175, 24.1897 ], [ 87.157, 24.1918 ], [ 87.1609, 24.2059 ], [ 87.1684, 24.2063 ], [ 87.1643, 24.213 ], [ 87.1545, 24.2108 ], [ 87.1523, 24.222 ], [ 87.1426, 24.2164 ], [ 87.1311, 24.2205 ], [ 87.1194, 24.23 ], [ 87.0992, 24.2291 ], [ 87.085, 24.2393 ], [ 87.0711, 24.2438 ], [ 87.0705, 24.2524 ], [ 87.0329, 24.2625 ], [ 87.0257, 24.2722 ], [ 87.0237, 24.2905 ], [ 87.0269, 24.2997 ], [ 87.021, 24.3064 ], [ 87.0057, 24.3085 ], [ 87.0057, 24.3139 ], [ 87.0272, 24.3396 ], [ 87.0556, 24.2991 ], [ 87.0632, 24.3004 ], [ 87.0693, 24.2956 ], [ 87.0713, 24.308 ], [ 87.085, 24.3172 ], [ 87.0833, 24.3316 ], [ 87.0914, 24.3464 ], [ 87.0793, 24.365 ], [ 87.0817, 24.3734 ], [ 87.1048, 24.368 ], [ 87.1099, 24.3735 ], [ 87.1477, 24.3712 ], [ 87.1487, 24.3805 ], [ 87.1411, 24.3991 ], [ 87.1436, 24.4057 ], [ 87.1621, 24.4075 ], [ 87.1655, 24.4169 ], [ 87.1728, 24.4148 ], [ 87.1759, 24.4181 ], [ 87.1785, 24.4124 ], [ 87.1756, 24.4044 ], [ 87.1877, 24.4045 ], [ 87.197, 24.4107 ], [ 87.2035, 24.4099 ], [ 87.2038, 24.4201 ], [ 87.2133, 24.4144 ], [ 87.2225, 24.4171 ], [ 87.2229, 24.4264 ], [ 87.2299, 24.4336 ], [ 87.2417, 24.4261 ], [ 87.2456, 24.4132 ], [ 87.2587, 24.4097 ] ] ] } },
{ "type": "Feature", "properties": { "unit_id": "IND.15.5.1_1", "name": "Ramgarh", "district": "Dumka", "did": "jharkhand:Dumka", "state_key": "jharkhand" }, "geometry": { "type": "Polygon", "coordinates": [ [ [ 87.1498, 24.6129 ], [ 87.1686, 24.6157 ], [ 87.1771, 24.6056 ], [ 87.1779, 24.6083 ], [ 87.1875, 24.6067 ], [ 87.1934, 24.5967 ], [ 87.2097, 24.5934 ], [ 87.2113, 24.5904 ], [ 87.2184, 24.5919 ], [ 87.2201, 24.5983 ], [ 87.2454, 24.5857 ], [ 87.2652, 24.5936 ], [ 87.269, 24.601 ], [ 87.2771, 24.6049 ], [ 87.2913, 24.596 ], [ 87.3094, 24.5978 ], [ 87.3101, 24.5914 ], [ 87.3277, 24.5773 ], [ 87.3244, 24.5698 ], [ 87.3393, 24.5585 ], [ 87.3424, 24.5491 ], [ 87.354, 24.543 ], [ 87.3597, 24.529 ], [ 87.371, 24.5199 ], [ 87.3733, 24.5045 ], [ 87.367, 24.4972 ], [ 87.3672, 24.4498 ], [ 87.3628, 24.4345 ], [ 87.3692, 24.4314 ], [ 87.3681, 24.4404 ], [ 87.378, 24.4399 ], [ 87.3833, 24.4237 ], [ 87.3648, 24.4278 ], [ 87.3618, 24.4247 ], [ 87.3298, 24.4243 ], [ 87.3256, 24.4215 ], [ 87.3264, 24.412 ], [ 87.3176, 24.3989 ], [ 87.3115, 24.4089 ], [ 87.2946, 24.4159 ], [ 87.2867, 24.4051 ], [ 87.2586, 24.4035 ], [ 87.2587, 24.4097 ], [ 87.2487, 24.4101 ], [ 87.2413, 24.4192 ], [ 87.241, 24.4269 ], [ 87.2299, 24.4336 ], [ 87.2229, 24.4264 ], [ 87.2225, 24.4171 ], [ 87.2133, 24.4144 ], [ 87.2038, 24.4201 ], [ 87.2035, 24.4099 ], [ 87.197, 24.4107 ], [ 87.1877, 24.4045 ], [ 87.1756, 24.4044 ], [ 87.1785, 24.4124 ], [ 87.1759, 24.4181 ], [ 87.1728, 24.4148 ], [ 87.1655, 24.4169 ], [ 87.1621, 24.4075 ], [ 87.1436, 24.4057 ], [ 87.1415, 24.4249 ], [ 87.132, 24.4346 ], [ 87.1275, 24.4679 ], [ 87.1332, 24.4726 ], [ 87.1404, 24.4682 ], [ 87.1481, 24.4777 ], [ 87.1442, 24.4788 ], [ 87.1423, 24.4739 ], [ 87.1381, 24.4732 ], [ 87.1399, 24.4823 ], [ 87.1359, 24.4777 ], [ 87.1314, 24.4796 ], [ 87.1315, 24.4975 ], [ 87.1252, 24.4993 ], [ 87.12, 24.5098 ], [ 87.1302, 24.5107 ], [ 87.1355, 24.5223 ], [ 87.1565, 24.5164 ], [ 87.16, 24.5274 ], [ 87.1549, 24.5293 ], [ 87.1503, 24.538 ], [ 87.1357, 24.5362 ], [ 87.1149, 24.554 ], [ 87.1127, 24.561 ], [ 87.0893, 24.5673 ], [ 87.0871, 24.5814 ], [ 87.0887, 24.5941 ], [ 87.1019, 24.6047 ], [ 87.112, 24.605 ], [ 87.1147, 24.6158 ], [ 87.1061, 24.6298 ], [ 87.1094, 24.6277 ], [ 87.1185, 24.6345 ], [ 87.1253, 24.6324 ], [ 87.1332, 24.621 ], [ 87.1498, 24.6129 ] ] ] } },
{ "type": "Feature", "properties": { "unit_id": "IND.15.5.1_1", "name": "Level 3", "district": "Dumka", "did": "jharkhand:Dumka", "state_key": "jharkhand" }, "geometry": { "type": "Polygon", "coordinates": [ [ [ 87.3458, 24.3799 ], [ 87.3449, 24.3743 ], [ 87.3368, 24.3768 ], [ 87.3356, 24.3878 ], [ 87.3458, 24.3799 ] ] ] } },
{ "type": "Feature", "properties": { "unit_id": "IND.15.5.1_1", "name": "Dumka", "district": "Dumka", "did": "jharkhand:Dumka", "state_key": "jharkhand" }, "geometry": { "type": "Polygon", "coordinates": [ [ [ 87.3731, 24.4274 ], [ 87.3757, 24.4241 ], [ 87.3803, 24.4071 ], [ 87.3693, 24.4047 ], [ 87.3636, 24.387 ], [ 87.3556, 24.388 ], [ 87.3474, 24.3795 ], [ 87.3492, 24.3725 ], [ 87.342, 24.3507 ], [ 87.3447, 24.3271 ], [ 87.3529, 24.318 ], [ 87.3721, 24.3162 ], [ 87.3756, 24.3086 ], [ 87.3732, 24.2992 ], [ 87.3816, 24.2875 ], [ 87.4107, 24.2816 ], [ 87.3959, 24.2728 ], [ 87.3706, 24.2399 ], [ 87.3446, 24.2405 ], [ 87.3401, 24.2377 ], [ 87.338, 24.2274 ], [ 87.3064, 24.2249 ], [ 87.2961, 24.2041 ], [ 87.2992, 24.202 ], [ 87.2966, 24.1916 ], [ 87.3153, 24.1769 ], [ 87.3384, 24.1871 ], [ 87.3532, 24.183 ], [ 87.3501, 24.174 ], [ 87.3606, 24.1725 ], [ 87.3676, 24.1552 ], [ 87.3636, 24.1387 ], [ 87.3753, 24.1264 ], [ 87.3989, 24.1126 ], [ 87.3922, 24.0978 ], [ 87.3709, 24.0861 ], [ 87.3768, 24.0704 ], [ 87.3532, 24.0645 ], [ 87.3371, 24.0752 ], [ 87.3268, 24.0945 ], [ 87.3073, 24.1075 ], [ 87.2973, 24.1196 ], [ 87.2844, 24.1253 ], [ 87.2848, 24.1353 ], [ 87.2945, 24.1417 ], [ 87.2855, 24.1485 ], [ 87.2826, 24.1563 ], [ 87.262, 24.1677 ], [ 87.255, 24.1799 ], [ 87.2447, 24.1812 ], [ 87.242, 24.1994 ], [ 87.2496, 24.2193 ], [ 87.2244, 24.2451 ], [ 87.2175, 24.257 ], [ 87.2167, 24.2688 ], [ 87.2066, 24.2785 ], [ 87.222, 24.2883 ], [ 87.2158, 24.2978 ], [ 87.2146, 24.3086 ], [ 87.2276, 24.3237 ], [ 87.2281, 24.3366 ], [ 87.237, 24.3382 ], [ 87.2566, 24.3191 ], [ 87.2635, 24.3281 ], [ 87.2693, 24.3198 ], [ 87.2767, 24.325 ], [ 87.278, 24.3218 ], [ 87.2871, 24.3232 ], [ 87.2928, 24.3182 ], [ 87.3038, 24.3257 ], [ 87.303, 24.3364 ], [ 87.2936, 24.3403 ], [ 87.2896, 24.3336 ], [ 87.2806, 24.3346 ], [ 87.2804, 24.3461 ], [ 87.2676, 24.3514 ], [ 87.2692, 24.3556 ], [ 87.2818, 24.3551 ], [ 87.2849, 24.3607 ], [ 87.2613, 24.3723 ], [ 87.2702, 24.3939 ], [ 87.2586, 24.4035 ], [ 87.2867, 24.4051 ], [ 87.2946, 24.4159 ], [ 87.3115, 24.4089 ], [ 87.3176, 24.3989 ], [ 87.3264, 24.412 ], [ 87.3256, 24.4215 ], [ 87.3298, 24.4243 ], [ 87.3618, 24.4247 ], [ 87.3648, 24.4278 ], [ 87.3731, 24.4274 ] ], [ [ 87.3458, 24.3799 ], [ 87.3356, 24.3878 ], [ 87.3368, 24.3768 ], [ 87.3448, 24.3743 ], [ 87.3458, 24.3799 ] ] ] } },
{ "type": "Feature", "properties": { "unit_id": "IND.15.5.1_1", "name": "Masalia", "district": "Dumka", "did": "jharkhand:Dumka", "state_key": "jharkhand" }, "geometry": { "type": "Polygon", "coordinates": [ [ [ 87.085, 24.2393 ], [ 87.0992, 24.2291 ], [ 87.1194, 24.23 ], [ 87.1376, 24.2175 ], [ 87.1474, 24.2173 ], [ 87.1523, 24.222 ], [ 87.1545, 24.2108 ], [ 87.1643, 24.213 ], [ 87.1684, 24.2063 ], [ 87.1609, 24.2059 ], [ 87.157, 24.1918 ], [ 87.175, 24.1897 ], [ 87.1748, 24.1859 ], [ 87.1864, 24.1781 ], [ 87.1932, 24.1776 ], [ 87.1947, 24.1834 ], [ 87.2171, 24.1816 ], [ 87.2253, 24.1855 ], [ 87.2385, 24.1846 ], [ 87.2439, 24.1885 ], [ 87.2447, 24.1812 ], [ 87.255, 24.1799 ], [ 87.262, 24.1677 ], [ 87.2815, 24.1573 ], [ 87.2855, 24.1485 ], [ 87.2936, 24.1441 ], [ 87.2936, 24.1399 ], [ 87.2839, 24.1335 ], [ 87.2844, 24.1253 ], [ 87.2973, 24.1196 ], [ 87.3073, 24.1075 ], [ 87.3268, 24.0945 ], [ 87.3312, 24.0837 ], [ 87.3373, 24.0794 ], [ 87.3068, 24.0773 ], [ 87.2879, 24.0933 ], [ 87.27, 24.1006 ], [ 87.2613, 24.0998 ], [ 87.251, 24.111 ], [ 87.2314, 24.1108 ], [ 87.2096, 24.1154 ], [ 87.2062, 24.1026 ], [ 87.2192, 24.0968 ], [ 87.229, 24.0855 ], [ 87.2398, 24.0803 ], [ 87.2405, 24.074 ], [ 87.2511, 24.065 ], [ 87.2454, 24.0523 ], [ 87.2472, 24.0453 ], [ 87.2345, 24.0327 ], [ 87.2343, 24.025 ], [ 87.2165, 24.023 ], [ 87.2077, 24.0269 ], [ 87.1997, 24.0251 ], [ 87.1671, 24.0306 ], [ 87.1521, 24.0393 ], [ 87.1378, 24.0363 ], [ 87.122, 24.0494 ], [ 87.1125, 24.0631 ], [ 87.1085, 24.078 ], [ 87.0959, 24.0989 ], [ 87.0981, 24.1064 ], [ 87.087, 24.1062 ], [ 87.0839, 24.1029 ], [ 87.076, 24.1061 ], [ 87.0734, 24.1114 ], [ 87.0601, 24.1179 ], [ 87.0463, 24.1368 ], [ 87.0093, 24.1462 ], [ 87.0108, 24.1389 ], [ 86.9994, 24.1263 ], [ 86.9814, 24.1238 ], [ 86.9775, 24.107 ], [ 86.9637, 24.1144 ], [ 86.9674, 24.1265 ], [ 86.9357, 24.136 ], [ 86.9459, 24.1651 ], [ 86.9592, 24.1627 ], [ 86.9568, 24.1665 ], [ 86.9654, 24.1777 ], [ 86.9811, 24.1806 ], [ 86.9743, 24.2126 ], [ 87.0135, 24.2124 ], [ 87.0169, 24.2074 ], [ 87.0269, 24.2067 ], [ 87.0422, 24.1958 ], [ 87.0521, 24.2052 ], [ 87.0457, 24.2206 ], [ 87.0554, 24.2304 ], [ 87.0573, 24.241 ], [ 87.0705, 24.2524 ], [ 87.0734, 24.2425 ], [ 87.085, 24.2393 ] ] ] } },
{ "type": "Feature", "properties": { "unit_id": "IND.15.5.1_1", "name": "Ranishwar", "district": "Dumka", "did": "jharkhand:Dumka", "state_key": "jharkhand" }, "geometry": { "type": "Polygon", "coordinates": [ [ [ 87.4567, 24.2095 ], [ 87.4562, 24.1832 ], [ 87.4682, 24.1773 ], [ 87.4636, 24.1584 ], [ 87.4743, 24.1443 ], [ 87.474, 24.129 ], [ 87.4781, 24.122 ], [ 87.4964, 24.1139 ], [ 87.4999, 24.1036 ], [ 87.4967, 24.0936 ], [ 87.4898, 24.0901 ], [ 87.5107, 24.0822 ], [ 87.5026, 24.0738 ], [ 87.4927, 24.0769 ], [ 87.4906, 24.0706 ], [ 87.4999, 24.0652 ], [ 87.4935, 24.0542 ], [ 87.5101, 24.0454 ], [ 87.512, 24.0358 ], [ 87.5036, 24.0318 ], [ 87.5029, 24.0261 ], [ 87.4761, 24.0123 ], [ 87.4723, 24.0163 ], [ 87.4617, 24.0132 ], [ 87.4594, 24.0188 ], [ 87.4377, 24.0124 ], [ 87.4387, 24.0089 ], [ 87.4488, 24.0114 ], [ 87.4438, 24.007 ], [ 87.4453, 24.002 ], [ 87.4555, 24.0019 ], [ 87.4617, 23.9949 ], [ 87.4607, 23.984 ], [ 87.4495, 23.988 ], [ 87.4457, 23.9821 ], [ 87.4368, 23.9821 ], [ 87.4292, 23.9865 ], [ 87.4277, 23.9923 ], [ 87.4166, 23.9927 ], [ 87.3604, 24.0131 ], [ 87.352, 23.9992 ], [ 87.3282, 23.9987 ], [ 87.3192, 24.0085 ], [ 87.3236, 24.0099 ], [ 87.3277, 24.0185 ], [ 87.3358, 24.0207 ], [ 87.3363, 24.026 ], [ 87.3396, 24.0265 ], [ 87.3371, 24.0343 ], [ 87.2926, 24.0334 ], [ 87.2875, 24.0289 ], [ 87.2676, 24.0378 ], [ 87.2607, 24.0374 ], [ 87.2472, 24.0453 ], [ 87.2454, 24.0523 ], [ 87.2511, 24.065 ], [ 87.2405, 24.074 ], [ 87.2398, 24.0803 ], [ 87.229, 24.0855 ], [ 87.2192, 24.0968 ], [ 87.2062, 24.1026 ], [ 87.2096, 24.1154 ], [ 87.2314, 24.1108 ], [ 87.251, 24.111 ], [ 87.2613, 24.0998 ], [ 87.27, 24.1006 ], [ 87.2879, 24.0933 ], [ 87.3068, 24.0773 ], [ 87.3373, 24.0794 ], [ 87.3371, 24.0752 ], [ 87.3532, 24.0645 ], [ 87.3758, 24.0697 ], [ 87.3778, 24.0733 ], [ 87.3709, 24.0861 ], [ 87.3922, 24.0978 ], [ 87.3993, 24.1111 ], [ 87.3753, 24.1264 ], [ 87.3636, 24.1387 ], [ 87.3682, 24.1509 ], [ 87.3603, 24.1764 ], [ 87.3716, 24.1747 ], [ 87.3818, 24.1851 ], [ 87.3937, 24.1887 ], [ 87.4059, 24.186 ], [ 87.4142, 24.199 ], [ 87.4372, 24.2018 ], [ 87.4411, 24.211 ], [ 87.4521, 24.2131 ], [ 87.4567, 24.2095 ] ] ] } },
{ "type": "Feature", "properties": { "unit_id": "IND.15.11.1_1", "name": "Kundahit", "district": "Jamtara", "did": "jharkhand:Jamtara", "state_key": "jharkhand" }, "geometry": { "type": "Polygon", "coordinates": [ [ [ 87.1065, 23.9533 ], [ 87.0986, 23.9597 ], [ 87.0969, 23.968 ], [ 87.1057, 23.9711 ], [ 87.1132, 23.9671 ], [ 87.1189, 23.9765 ], [ 87.1179, 23.9884 ], [ 87.1021, 23.99 ], [ 87.1063, 23.9973 ], [ 87.1012, 24.0087 ], [ 87.1025, 24.0119 ], [ 87.1243, 24.0101 ], [ 87.1261, 24.0146 ], [ 87.1159, 24.0207 ], [ 87.1107, 24.0351 ], [ 87.1262, 24.047 ], [ 87.1378, 24.0363 ], [ 87.1496, 24.0397 ], [ 87.17, 24.0301 ], [ 87.1997, 24.0251 ], [ 87.2077, 24.0269 ], [ 87.2165, 24.023 ], [ 87.2328, 24.0243 ], [ 87.2449, 24.0161 ], [ 87.2409, 24.0119 ], [ 87.2505, 23.997 ], [ 87.2628, 24.0029 ], [ 87.2683, 23.9891 ], [ 87.2669, 23.9822 ], [ 87.2626, 23.9813 ], [ 87.2615, 23.9676 ], [ 87.2709, 23.9675 ], [ 87.2798, 23.9606 ], [ 87.2936, 23.9577 ], [ 87.2908, 23.9417 ], [ 87.2842, 23.9383 ], [ 87.284, 23.9296 ], [ 87.2882, 23.9269 ], [ 87.2835, 23.9209 ], [ 87.2916, 23.9154 ], [ 87.2912, 23.9051 ], [ 87.295, 23.9023 ], [ 87.2882, 23.8986 ], [ 87.2911, 23.8933 ], [ 87.2845, 23.8889 ], [ 87.2855, 23.884 ], [ 87.2831, 23.8894 ], [ 87.2754, 23.8848 ], [ 87.2691, 23.8746 ], [ 87.259, 23.8832 ], [ 87.2634, 23.8825 ], [ 87.2589, 23.8995 ], [ 87.2546, 23.9 ], [ 87.2583, 23.9063 ], [ 87.2522, 23.913 ], [ 87.2451, 23.9082 ], [ 87.2415, 23.8697 ], [ 87.2487, 23.8687 ], [ 87.2443, 23.8569 ], [ 87.2549, 23.847 ], [ 87.2412, 23.8276 ], [ 87.2309, 23.8287 ], [ 87.2279, 23.8251 ], [ 87.2167, 23.831 ], [ 87.2232, 23.8456 ], [ 87.2305, 23.8459 ], [ 87.2373, 23.8544 ], [ 87.2337, 23.8571 ], [ 87.2212, 23.8606 ], [ 87.2139, 23.8506 ], [ 87.2058, 23.8563 ], [ 87.2031, 23.8477 ], [ 87.1963, 23.8496 ], [ 87.1886, 23.8432 ], [ 87.1873, 23.8488 ], [ 87.1961, 23.8578 ], [ 87.1873, 23.8596 ], [ 87.1799, 23.852 ], [ 87.1658, 23.8648 ], [ 87.1443, 23.8676 ], [ 87.1492, 23.8832 ], [ 87.123, 23.897 ], [ 87.1252, 23.9009 ], [ 87.118, 23.9119 ], [ 87.1351, 23.9436 ], [ 87.1166, 23.9527 ], [ 87.1065, 23.9533 ] ] ] } },
{ "type": "Feature", "properties": { "unit_id": "IND.15.11.1_1", "name": "Nala", "district": "Jamtara", "did": "jharkhand:Jamtara", "state_key": "jharkhand" }, "geometry": { "type": "MultiPolygon", "coordinates": [ [ [ [ 87.1351, 23.9436 ], [ 87.1278, 23.9263 ], [ 87.1184, 23.9162 ], [ 87.1254, 23.9001 ], [ 87.123, 23.897 ], [ 87.1492, 23.8832 ], [ 87.1443, 23.8676 ], [ 87.1293, 23.8686 ], [ 87.13, 23.8539 ], [ 87.1396, 23.8484 ], [ 87.1537, 23.8295 ], [ 87.1598, 23.8313 ], [ 87.1671, 23.8251 ], [ 87.1495, 23.7971 ], [ 87.1399, 23.8042 ], [ 87.1311, 23.7979 ], [ 87.1129, 23.7992 ], [ 87.1105, 23.8032 ], [ 87.1127, 23.8054 ], [ 87.1182, 23.8024 ], [ 87.1167, 23.8075 ], [ 87.1083, 23.8082 ], [ 87.1033, 23.8045 ], [ 87.0918, 23.8154 ], [ 87.0867, 23.809 ], [ 87.0814, 23.8101 ], [ 87.056, 23.8219 ], [ 87.038, 23.8392 ], [ 87.011, 23.8526 ], [ 86.986, 23.8596 ], [ 86.9732, 23.8688 ], [ 86.9657, 23.8648 ], [ 86.9596, 23.8478 ], [ 86.9488, 23.846 ], [ 86.9376, 23.8504 ], [ 86.9334, 23.8553 ], [ 86.9325, 23.8687 ], [ 86.9162, 23.8819 ], [ 86.9034, 23.9076 ], [ 86.8898, 23.9136 ], [ 86.8797, 23.949 ], [ 86.8701, 23.967 ], [ 86.8778, 23.9754 ], [ 86.8911, 23.9705 ], [ 86.893, 23.9747 ], [ 86.8997, 23.9759 ], [ 86.8985, 23.9861 ], [ 86.8922, 23.9873 ], [ 86.8966, 24.0186 ], [ 86.9027, 24.019 ], [ 86.9114, 24.0113 ], [ 86.9168, 24.0124 ], [ 86.9098, 24.0023 ], [ 86.9246, 23.9972 ], [ 86.9199, 23.9812 ], [ 86.9251, 23.9764 ], [ 86.9422, 23.9706 ], [ 86.9488, 23.9701 ], [ 86.9501, 23.9733 ], [ 86.9571, 23.9694 ], [ 86.9828, 23.9859 ], [ 86.9863, 23.9999 ], [ 86.9941, 23.9903 ], [ 87.0052, 23.9899 ], [ 87.0045, 23.9938 ], [ 87.0137, 23.9979 ], [ 87.0147, 24.0095 ], [ 87.0052, 24.0112 ], [ 87.0156, 24.0239 ], [ 87.0134, 24.029 ], [ 87.0178, 24.033 ], [ 87.0264, 24.0323 ], [ 87.0262, 24.0363 ], [ 87.0333, 24.0345 ], [ 87.0337, 24.0276 ], [ 87.0432, 24.0238 ], [ 87.0387, 24.0173 ], [ 87.0468, 24.013 ], [ 87.0555, 23.9965 ], [ 87.0658, 23.9995 ], [ 87.0726, 23.9954 ], [ 87.0855, 24.0009 ], [ 87.0927, 23.9977 ], [ 87.1048, 24.0034 ], [ 87.1063, 23.9971 ], [ 87.1021, 23.99 ], [ 87.1179, 23.9884 ], [ 87.1206, 23.982 ], [ 87.114, 23.9675 ], [ 87.103, 23.9711 ], [ 87.097, 23.9683 ], [ 87.0971, 23.9644 ], [ 87.1095, 23.9515 ], [ 87.1208, 23.9518 ], [ 87.1351, 23.9436 ] ] ], [ [ [ 86.9847, 24.0413 ], [ 86.9856, 24.0342 ], [ 86.9817, 24.0331 ], [ 86.9807, 24.0499 ], [ 86.9859, 24.0546 ], [ 86.9887, 24.0447 ], [ 86.9847, 24.0413 ] ] ] ] } },
{ "type": "Feature", "properties": { "unit_id": "IND.15.11.1_1", "name": "Fatehpur", "district": "Jamtara", "did": "jharkhand:Jamtara", "state_key": "jharkhand" }, "geometry": { "type": "Polygon", "coordinates": [ [ [ 87.0601, 24.1179 ], [ 87.0734, 24.1114 ], [ 87.076, 24.1061 ], [ 87.0839, 24.1029 ], [ 87.087, 24.1062 ], [ 87.0982, 24.1063 ], [ 87.0952, 24.1033 ], [ 87.0989, 24.0918 ], [ 87.1085, 24.078 ], [ 87.1125, 24.0631 ], [ 87.1262, 24.047 ], [ 87.1107, 24.0351 ], [ 87.1159, 24.0207 ], [ 87.1261, 24.0146 ], [ 87.1243, 24.0101 ], [ 87.1025, 24.0119 ], [ 87.1048, 24.0034 ], [ 87.1004, 23.9992 ], [ 87.0913, 23.9977 ], [ 87.0855, 24.0009 ], [ 87.0726, 23.9954 ], [ 87.0658, 23.9995 ], [ 87.0555, 23.9965 ], [ 87.0468, 24.013 ], [ 87.0387, 24.0173 ], [ 87.0432, 24.0238 ], [ 87.0337, 24.0276 ], [ 87.0333, 24.0345 ], [ 87.0262, 24.0363 ], [ 87.0264, 24.0323 ], [ 87.0178, 24.033 ], [ 87.0134, 24.029 ], [ 87.0156, 24.0239 ], [ 87.0052, 24.0112 ], [ 87.0147, 24.0095 ], [ 87.0137, 23.9979 ], [ 87.0045, 23.9938 ], [ 87.0052, 23.9899 ], [ 86.9941, 23.9903 ], [ 86.9863, 23.9999 ], [ 86.9828, 23.9859 ], [ 86.9571, 23.9694 ], [ 86.9501, 23.9733 ], [ 86.9488, 23.9701 ], [ 86.9422, 23.9706 ], [ 86.9251, 23.9764 ], [ 86.9199, 23.9812 ], [ 86.9246, 23.9972 ], [ 86.9098, 24.0023 ], [ 86.9168, 24.0124 ], [ 86.9114, 24.0113 ], [ 86.8988, 24.0191 ], [ 86.8922, 24.0023 ], [ 86.8951, 23.9943 ], [ 86.8922, 23.9873 ], [ 86.8985, 23.9861 ], [ 86.8997, 23.9759 ], [ 86.893, 23.9747 ], [ 86.8911, 23.9705 ], [ 86.8778, 23.9754 ], [ 86.8704, 23.9844 ], [ 86.8693, 23.9954 ], [ 86.847, 24.0233 ], [ 86.8537, 24.0364 ], [ 86.8399, 24.0499 ], [ 86.8488, 24.0512 ], [ 86.8521, 24.057 ], [ 86.8613, 24.0583 ], [ 86.87, 24.0642 ], [ 86.8818, 24.0608 ], [ 86.8842, 24.0687 ], [ 86.888, 24.069 ], [ 86.8965, 24.0671 ], [ 86.9031, 24.0579 ], [ 86.9192, 24.062 ], [ 86.9159, 24.0536 ], [ 86.9311, 24.0443 ], [ 86.9558, 24.0415 ], [ 86.9606, 24.0456 ], [ 86.9577, 24.0531 ], [ 86.9718, 24.0618 ], [ 86.9772, 24.0608 ], [ 86.9758, 24.0708 ], [ 86.9797, 24.0787 ], [ 86.9715, 24.0979 ], [ 86.9818, 24.1167 ], [ 86.9814, 24.1238 ], [ 86.9994, 24.1263 ], [ 87.0108, 24.1389 ], [ 87.0093, 24.1462 ], [ 87.0486, 24.136 ], [ 87.0601, 24.1179 ] ], [ [ 86.9817, 24.0331 ], [ 86.9856, 24.0342 ], [ 86.9847, 24.0413 ], [ 86.9887, 24.0447 ], [ 86.9874, 24.0547 ], [ 86.9811, 24.049 ], [ 86.9817, 24.0331 ] ] ] } },
{ "type": "Feature", "properties": { "unit_id": "IND.15.3.1_1", "name": "Palojori", "district": "Deoghar", "did": "jharkhand:Deoghar", "state_key": "jharkhand" }, "geometry": { "type": "Polygon", "coordinates": [ [ [ 87.0261, 24.3011 ], [ 87.0257, 24.2722 ], [ 87.0323, 24.263 ], [ 87.068, 24.2511 ], [ 87.0551, 24.2375 ], [ 87.0554, 24.2304 ], [ 87.0466, 24.2228 ], [ 87.0521, 24.2052 ], [ 87.0422, 24.1958 ], [ 87.0269, 24.2067 ], [ 87.0169, 24.2074 ], [ 87.0135, 24.2124 ], [ 86.9747, 24.2129 ], [ 86.9811, 24.1806 ], [ 86.9654, 24.1777 ], [ 86.9568, 24.1665 ], [ 86.9592, 24.1627 ], [ 86.9459, 24.1651 ], [ 86.9357, 24.1354 ], [ 86.9487, 24.1342 ], [ 86.9674, 24.1265 ], [ 86.9637, 24.1144 ], [ 86.9775, 24.107 ], [ 86.9715, 24.0974 ], [ 86.9797, 24.0787 ], [ 86.9758, 24.0708 ], [ 86.9772, 24.0608 ], [ 86.9718, 24.0618 ], [ 86.9577, 24.0531 ], [ 86.9606, 24.0456 ], [ 86.9511, 24.0409 ], [ 86.9203, 24.0491 ], [ 86.9159, 24.0536 ], [ 86.9192, 24.062 ], [ 86.9031, 24.0579 ], [ 86.8965, 24.0671 ], [ 86.888, 24.069 ], [ 86.8842, 24.0687 ], [ 86.8818, 24.0608 ], [ 86.8644, 24.0652 ], [ 86.8606, 24.0876 ], [ 86.8653, 24.0966 ], [ 86.8595, 24.1038 ], [ 86.867, 24.1098 ], [ 86.8652, 24.1147 ], [ 86.8738, 24.1248 ], [ 86.8857, 24.1329 ], [ 86.8871, 24.1407 ], [ 86.8801, 24.1536 ], [ 86.8917, 24.1697 ], [ 86.8809, 24.1847 ], [ 86.8809, 24.199 ], [ 86.8746, 24.1981 ], [ 86.883, 24.2019 ], [ 86.8793, 24.2071 ], [ 86.9032, 24.2163 ], [ 86.9038, 24.2382 ], [ 86.9158, 24.2401 ], [ 86.9047, 24.2442 ], [ 86.9087, 24.2519 ], [ 86.8998, 24.2592 ], [ 86.9052, 24.2631 ], [ 86.8962, 24.2676 ], [ 86.8971, 24.2705 ], [ 86.8854, 24.2727 ], [ 86.893, 24.2855 ], [ 86.8924, 24.2918 ], [ 86.9004, 24.2952 ], [ 86.9056, 24.303 ], [ 86.9145, 24.2993 ], [ 86.9154, 24.2955 ], [ 86.9216, 24.2949 ], [ 86.9339, 24.2953 ], [ 86.9408, 24.3007 ], [ 86.9504, 24.3014 ], [ 86.9535, 24.2953 ], [ 86.969, 24.2929 ], [ 86.9754, 24.2887 ], [ 86.9877, 24.3064 ], [ 86.9913, 24.3045 ], [ 86.9987, 24.3093 ], [ 87.021, 24.3064 ], [ 87.0261, 24.3011 ] ] ] } },
{ "type": "Feature", "properties": { "unit_id": "IND.15.3.1_1", "name": "Sarath", "district": "Deoghar", "did": "jharkhand:Deoghar", "state_key": "jharkhand" }, "geometry": { "type": "Polygon", "coordinates": [ [ [ 86.8844, 24.31 ], [ 86.8786, 24.2958 ], [ 86.8923, 24.2899 ], [ 86.8854, 24.2727 ], [ 86.8971, 24.2705 ], [ 86.8962, 24.2676 ], [ 86.9052, 24.2631 ], [ 86.8998, 24.2592 ], [ 86.9087, 24.2519 ], [ 86.9047, 24.2442 ], [ 86.9158, 24.2401 ], [ 86.9038, 24.2382 ], [ 86.9032, 24.2163 ], [ 86.8793, 24.2071 ], [ 86.883, 24.2019 ], [ 86.8748, 24.1987 ], [ 86.8809, 24.199 ], [ 86.8809, 24.1847 ], [ 86.8919, 24.1723 ], [ 86.8801, 24.1536 ], [ 86.8863, 24.135 ], [ 86.8652, 24.1147 ], [ 86.867, 24.1098 ], [ 86.8595, 24.1038 ], [ 86.8653, 24.0966 ], [ 86.8608, 24.0831 ], [ 86.8644, 24.0652 ], [ 86.8682, 24.063 ], [ 86.8521, 24.057 ], [ 86.8488, 24.0512 ], [ 86.8399, 24.0499 ], [ 86.8313, 24.0623 ], [ 86.8212, 24.063 ], [ 86.8159, 24.0826 ], [ 86.8116, 24.0785 ], [ 86.8051, 24.0826 ], [ 86.8005, 24.077 ], [ 86.7942, 24.0781 ], [ 86.7948, 24.0666 ], [ 86.7913, 24.0626 ], [ 86.7801, 24.0671 ], [ 86.774, 24.0658 ], [ 86.7589, 24.0788 ], [ 86.7599, 24.0825 ], [ 86.7624, 24.0805 ], [ 86.7688, 24.0849 ], [ 86.763, 24.0921 ], [ 86.7575, 24.0918 ], [ 86.7537, 24.0989 ], [ 86.7558, 24.1018 ], [ 86.7601, 24.1014 ], [ 86.7607, 24.0944 ], [ 86.763, 24.102 ], [ 86.7815, 24.102 ], [ 86.7813, 24.1075 ], [ 86.7974, 24.1057 ], [ 86.7862, 24.1227 ], [ 86.7885, 24.1257 ], [ 86.7836, 24.1289 ], [ 86.7887, 24.1326 ], [ 86.772, 24.133 ], [ 86.7632, 24.1382 ], [ 86.7734, 24.1487 ], [ 86.7949, 24.1567 ], [ 86.7924, 24.1593 ], [ 86.7957, 24.163 ], [ 86.7797, 24.1786 ], [ 86.7739, 24.1702 ], [ 86.7663, 24.1774 ], [ 86.759, 24.1775 ], [ 86.7595, 24.1706 ], [ 86.7518, 24.1656 ], [ 86.7381, 24.1789 ], [ 86.7426, 24.1844 ], [ 86.7386, 24.189 ], [ 86.7442, 24.1982 ], [ 86.756, 24.1954 ], [ 86.7477, 24.2231 ], [ 86.7616, 24.2342 ], [ 86.7629, 24.2407 ], [ 86.7467, 24.2508 ], [ 86.7337, 24.2504 ], [ 86.7304, 24.2629 ], [ 86.7393, 24.2664 ], [ 86.7375, 24.2872 ], [ 86.7477, 24.2861 ], [ 86.7523, 24.292 ], [ 86.7592, 24.2912 ], [ 86.7655, 24.3077 ], [ 86.7734, 24.295 ], [ 86.7764, 24.2981 ], [ 86.785, 24.2965 ], [ 86.7898, 24.3009 ], [ 86.7967, 24.2994 ], [ 86.803, 24.3025 ], [ 86.8103, 24.2979 ], [ 86.8144, 24.2909 ], [ 86.8119, 24.2746 ], [ 86.8296, 24.274 ], [ 86.8263, 24.2669 ], [ 86.8202, 24.2637 ], [ 86.8328, 24.2555 ], [ 86.834, 24.2624 ], [ 86.8417, 24.2615 ], [ 86.8425, 24.2642 ], [ 86.8377, 24.2824 ], [ 86.8402, 24.2878 ], [ 86.8709, 24.3186 ], [ 86.8844, 24.31 ] ], [ [ 86.7699, 24.1829 ], [ 86.774, 24.1898 ], [ 86.7693, 24.1901 ], [ 86.766, 24.1848 ], [ 86.7699, 24.1829 ] ] ] } },
{ "type": "Feature", "properties": { "unit_id": "IND.15.3.1_1", "name": "Karon", "district": "Deoghar", "did": "jharkhand:Deoghar", "state_key": "jharkhand" }, "geometry": { "type": "MultiPolygon", "coordinates": [ [ [ [ 86.774, 24.1898 ], [ 86.7699, 24.1829 ], [ 86.766, 24.1848 ], [ 86.7693, 24.1901 ], [ 86.774, 24.1898 ] ] ], [ [ [ 86.6989, 24.2478 ], [ 86.7103, 24.2553 ], [ 86.7102, 24.2476 ], [ 86.7154, 24.25 ], [ 86.7212, 24.2469 ], [ 86.7177, 24.2432 ], [ 86.7304, 24.2355 ], [ 86.738, 24.2377 ], [ 86.7569, 24.2343 ], [ 86.7473, 24.2201 ], [ 86.7573, 24.1992 ], [ 86.756, 24.1954 ], [ 86.7463, 24.1992 ], [ 86.7418, 24.1959 ], [ 86.7386, 24.189 ], [ 86.7426, 24.1846 ], [ 86.7381, 24.1789 ], [ 86.7518, 24.1656 ], [ 86.7595, 24.1706 ], [ 86.759, 24.1775 ], [ 86.7663, 24.1774 ], [ 86.7739, 24.1702 ], [ 86.7797, 24.1786 ], [ 86.7935, 24.1662 ], [ 86.7949, 24.1567 ], [ 86.7734, 24.1487 ], [ 86.7632, 24.1382 ], [ 86.772, 24.133 ], [ 86.7887, 24.1326 ], [ 86.7836, 24.1289 ], [ 86.7885, 24.1257 ], [ 86.7862, 24.1227 ], [ 86.7974, 24.1057 ], [ 86.7813, 24.1075 ], [ 86.7815, 24.102 ], [ 86.763, 24.102 ], [ 86.7607, 24.0944 ], [ 86.7601, 24.1014 ], [ 86.7558, 24.1018 ], [ 86.7537, 24.0989 ], [ 86.7575, 24.0918 ], [ 86.7407, 24.0957 ], [ 86.7198, 24.1063 ], [ 86.7105, 24.1053 ], [ 86.699, 24.1122 ], [ 86.6984, 24.1279 ], [ 86.7048, 24.138 ], [ 86.7172, 24.1422 ], [ 86.7174, 24.1536 ], [ 86.6974, 24.1654 ], [ 86.6974, 24.157 ], [ 86.6915, 24.1487 ], [ 86.6931, 24.1426 ], [ 86.6846, 24.1306 ], [ 86.6549, 24.1296 ], [ 86.6572, 24.1455 ], [ 86.6634, 24.1532 ], [ 86.6528, 24.1582 ], [ 86.6547, 24.1681 ], [ 86.6512, 24.18 ], [ 86.6637, 24.1824 ], [ 86.6649, 24.1979 ], [ 86.6757, 24.202 ], [ 86.6651, 24.2107 ], [ 86.6693, 24.226 ], [ 86.6648, 24.2369 ], [ 86.6543, 24.234 ], [ 86.6523, 24.2464 ], [ 86.6559, 24.2596 ], [ 86.6689, 24.262 ], [ 86.6989, 24.2478 ] ] ] ] } },
{ "type": "Feature", "properties": { "unit_id": "IND.15.11.1_1", "name": "K Vidyasagar", "district": "Jamtara", "did": "jharkhand:Jamtara", "state_key": "jharkhand" }, "geometry": { "type": "Polygon", "coordinates": [ [ [ 86.699, 24.1122 ], [ 86.7407, 24.0957 ], [ 86.763, 24.0921 ], [ 86.7688, 24.0849 ], [ 86.7624, 24.0805 ], [ 86.7599, 24.0825 ], [ 86.7589, 24.0788 ], [ 86.774, 24.0658 ], [ 86.7801, 24.0671 ], [ 86.7913, 24.0626 ], [ 86.7948, 24.0666 ], [ 86.7942, 24.0781 ], [ 86.8005, 24.077 ], [ 86.8051, 24.0826 ], [ 86.8116, 24.0785 ], [ 86.8159, 24.0826 ], [ 86.8212, 24.063 ], [ 86.8313, 24.0623 ], [ 86.8537, 24.0364 ], [ 86.853, 24.0327 ], [ 86.8477, 24.0288 ], [ 86.8349, 24.0312 ], [ 86.8278, 24.0255 ], [ 86.8223, 24.0275 ], [ 86.821, 24.0232 ], [ 86.8134, 24.0236 ], [ 86.8125, 24.0189 ], [ 86.8081, 24.0183 ], [ 86.7986, 24.0244 ], [ 86.7988, 24.029 ], [ 86.7913, 24.032 ], [ 86.7879, 24.0261 ], [ 86.7802, 24.0267 ], [ 86.7767, 24.0117 ], [ 86.7531, 24.0208 ], [ 86.7404, 24.0191 ], [ 86.7353, 24.015 ], [ 86.7235, 24.0186 ], [ 86.7239, 24.0303 ], [ 86.7114, 24.0303 ], [ 86.6978, 24.0389 ], [ 86.6907, 24.0152 ], [ 86.686, 24.0114 ], [ 86.6756, 24.0136 ], [ 86.6726, 24.0203 ], [ 86.6769, 24.0269 ], [ 86.659, 24.0279 ], [ 86.6523, 24.0344 ], [ 86.6663, 24.0445 ], [ 86.6798, 24.0456 ], [ 86.669, 24.0655 ], [ 86.6627, 24.0674 ], [ 86.6587, 24.0769 ], [ 86.6469, 24.0758 ], [ 86.6487, 24.0891 ], [ 86.6316, 24.097 ], [ 86.6193, 24.1082 ], [ 86.6192, 24.1124 ], [ 86.6228, 24.1203 ], [ 86.629, 24.1213 ], [ 86.6256, 24.1233 ], [ 86.63, 24.1275 ], [ 86.6277, 24.1328 ], [ 86.6442, 24.134 ], [ 86.6576, 24.1287 ], [ 86.6821, 24.1287 ], [ 86.6931, 24.1426 ], [ 86.6969, 24.1654 ], [ 86.7164, 24.1555 ], [ 86.7173, 24.1425 ], [ 86.7006, 24.134 ], [ 86.699, 24.1122 ] ] ] } },
{ "type": "Feature", "properties": { "unit_id": "IND.15.11.1_1", "name": "Jamtara", "district": "Jamtara", "did": "jharkhand:Jamtara", "state_key": "jharkhand" }, "geometry": { "type": "Polygon", "coordinates": [ [ [ 86.8693, 23.9954 ], [ 86.8704, 23.9844 ], [ 86.8774, 23.9786 ], [ 86.8704, 23.9646 ], [ 86.8797, 23.949 ], [ 86.8898, 23.9136 ], [ 86.9019, 23.9094 ], [ 86.917, 23.8827 ], [ 86.8959, 23.8783 ], [ 86.8802, 23.8623 ], [ 86.887, 23.8564 ], [ 86.8863, 23.8457 ], [ 86.8928, 23.8373 ], [ 86.8946, 23.8263 ], [ 86.8903, 23.8205 ], [ 86.886, 23.8212 ], [ 86.8865, 23.8256 ], [ 86.8809, 23.829 ], [ 86.88, 23.8453 ], [ 86.8742, 23.8473 ], [ 86.8636, 23.8445 ], [ 86.8529, 23.825 ], [ 86.8388, 23.8246 ], [ 86.8369, 23.8195 ], [ 86.8262, 23.8139 ], [ 86.8139, 23.8193 ], [ 86.816, 23.8252 ], [ 86.8103, 23.8353 ], [ 86.8057, 23.8373 ], [ 86.8, 23.8343 ], [ 86.7722, 23.8607 ], [ 86.7565, 23.866 ], [ 86.743, 23.8577 ], [ 86.7347, 23.8611 ], [ 86.7297, 23.8672 ], [ 86.7259, 23.8907 ], [ 86.717, 23.9019 ], [ 86.6949, 23.9081 ], [ 86.6803, 23.9179 ], [ 86.6542, 23.927 ], [ 86.6395, 23.9765 ], [ 86.6397, 23.9896 ], [ 86.6525, 24.0124 ], [ 86.6699, 23.9877 ], [ 86.6703, 23.9782 ], [ 86.6764, 23.9779 ], [ 86.6771, 23.9734 ], [ 86.6819, 23.9726 ], [ 86.6891, 23.9605 ], [ 86.6941, 23.9587 ], [ 86.6891, 23.9551 ], [ 86.7114, 23.9524 ], [ 86.721, 23.9552 ], [ 86.7268, 23.9511 ], [ 86.7304, 23.9611 ], [ 86.7451, 23.9583 ], [ 86.7425, 23.9662 ], [ 86.7491, 23.9726 ], [ 86.7444, 23.9838 ], [ 86.7524, 23.9938 ], [ 86.7442, 23.9972 ], [ 86.7449, 24.0049 ], [ 86.7509, 24.0118 ], [ 86.7736, 24.0085 ], [ 86.7797, 24.0148 ], [ 86.7802, 24.0267 ], [ 86.7879, 24.0261 ], [ 86.7913, 24.032 ], [ 86.7988, 24.029 ], [ 86.7986, 24.0244 ], [ 86.8081, 24.0183 ], [ 86.8125, 24.0189 ], [ 86.8134, 24.0236 ], [ 86.821, 24.0232 ], [ 86.8223, 24.0275 ], [ 86.8304, 24.0264 ], [ 86.8332, 24.0309 ], [ 86.8477, 24.0288 ], [ 86.855, 24.0105 ], [ 86.8693, 23.9954 ] ] ] } },
{ "type": "Feature", "properties": { "unit_id": "IND.15.11.1_1", "name": "Narayanpur", "district": "Jamtara", "did": "jharkhand:Jamtara", "state_key": "jharkhand" }, "geometry": { "type": "Polygon", "coordinates": [ [ [ 86.6118, 24.1366 ], [ 86.6176, 24.1393 ], [ 86.6267, 24.1357 ], [ 86.63, 24.1275 ], [ 86.6256, 24.1233 ], [ 86.629, 24.1213 ], [ 86.6228, 24.1203 ], [ 86.6193, 24.1082 ], [ 86.6316, 24.097 ], [ 86.6487, 24.0891 ], [ 86.6469, 24.0758 ], [ 86.661, 24.0754 ], [ 86.6627, 24.0674 ], [ 86.6681, 24.0668 ], [ 86.6792, 24.0469 ], [ 86.6766, 24.0445 ], [ 86.6663, 24.0445 ], [ 86.6523, 24.0344 ], [ 86.659, 24.0279 ], [ 86.6769, 24.0269 ], [ 86.6726, 24.0203 ], [ 86.6756, 24.0136 ], [ 86.686, 24.0114 ], [ 86.6907, 24.0152 ], [ 86.6978, 24.0389 ], [ 86.7114, 24.0303 ], [ 86.7239, 24.0303 ], [ 86.7235, 24.0186 ], [ 86.7353, 24.015 ], [ 86.7404, 24.0191 ], [ 86.7531, 24.0208 ], [ 86.7767, 24.0117 ], [ 86.7691, 24.0079 ], [ 86.7509, 24.0118 ], [ 86.7449, 24.0049 ], [ 86.7442, 23.9972 ], [ 86.7524, 23.9938 ], [ 86.7444, 23.9838 ], [ 86.7491, 23.9726 ], [ 86.7425, 23.9662 ], [ 86.7451, 23.9583 ], [ 86.7304, 23.9611 ], [ 86.7268, 23.9511 ], [ 86.721, 23.9552 ], [ 86.7114, 23.9524 ], [ 86.6891, 23.9551 ], [ 86.6941, 23.9587 ], [ 86.6891, 23.9605 ], [ 86.6819, 23.9726 ], [ 86.6771, 23.9734 ], [ 86.6764, 23.9779 ], [ 86.6703, 23.9782 ], [ 86.6699, 23.9877 ], [ 86.652, 24.0125 ], [ 86.6394, 23.9851 ], [ 86.6527, 23.9287 ], [ 86.6058, 23.9577 ], [ 86.5832, 23.983 ], [ 86.5498, 23.989 ], [ 86.524, 23.9866 ], [ 86.4675, 24.0187 ], [ 86.4709, 24.0223 ], [ 86.4845, 24.0223 ], [ 86.4836, 24.0307 ], [ 86.4764, 24.0276 ], [ 86.4776, 24.0398 ], [ 86.4832, 24.0451 ], [ 86.4924, 24.0446 ], [ 86.4953, 24.0407 ], [ 86.5058, 24.0482 ], [ 86.5303, 24.0539 ], [ 86.5377, 24.0686 ], [ 86.5457, 24.0743 ], [ 86.5434, 24.0815 ], [ 86.5598, 24.1095 ], [ 86.5607, 24.1198 ], [ 86.5659, 24.126 ], [ 86.565, 24.1365 ], [ 86.572, 24.1426 ], [ 86.5746, 24.1388 ], [ 86.5876, 24.1396 ], [ 86.5957, 24.1361 ], [ 86.606, 24.1411 ], [ 86.6118, 24.1366 ] ] ] } },
{ "type": "Feature", "properties": { "unit_id": "IND.15.4.2_1", "name": "Purbi Tundi", "district": "Dhanbad", "did": "jharkhand:Dhanbad", "state_key": "jharkhand" }, "geometry": { "type": "Polygon", "coordinates": [ [ [ 86.5842, 23.9825 ], [ 86.6058, 23.9577 ], [ 86.6545, 23.9267 ], [ 86.6485, 23.91 ], [ 86.6355, 23.9044 ], [ 86.6335, 23.8893 ], [ 86.6281, 23.8873 ], [ 86.6224, 23.8741 ], [ 86.5914, 23.8564 ], [ 86.5884, 23.8497 ], [ 86.585, 23.8528 ], [ 86.5794, 23.8503 ], [ 86.5779, 23.8594 ], [ 86.5833, 23.8703 ], [ 86.5795, 23.8739 ], [ 86.5681, 23.8639 ], [ 86.561, 23.8766 ], [ 86.5557, 23.8755 ], [ 86.5394, 23.887 ], [ 86.5324, 23.8867 ], [ 86.5216, 23.8936 ], [ 86.5289, 23.8993 ], [ 86.527, 23.912 ], [ 86.5363, 23.9197 ], [ 86.5348, 23.9287 ], [ 86.519, 23.9384 ], [ 86.5361, 23.9599 ], [ 86.5325, 23.965 ], [ 86.5198, 23.9667 ], [ 86.5181, 23.9758 ], [ 86.5261, 23.981 ], [ 86.5266, 23.9863 ], [ 86.5453, 23.9891 ], [ 86.5842, 23.9825 ] ] ] } },
{ "type": "Feature", "properties": { "unit_id": "IND.15.4.2_1", "name": "Gobindpur", "district": "Dhanbad", "did": "jharkhand:Dhanbad", "state_key": "jharkhand" }, "geometry": { "type": "Polygon", "coordinates": [ [ [ 86.3882, 23.9327 ], [ 86.3889, 23.9176 ], [ 86.4047, 23.9151 ], [ 86.4172, 23.899 ], [ 86.4281, 23.8951 ], [ 86.4365, 23.8845 ], [ 86.4387, 23.8866 ], [ 86.4447, 23.8818 ], [ 86.4502, 23.8851 ], [ 86.4504, 23.9046 ], [ 86.4678, 23.9029 ], [ 86.4659, 23.9126 ], [ 86.4796, 23.9119 ], [ 86.5297, 23.8878 ], [ 86.5394, 23.887 ], [ 86.5557, 23.8755 ], [ 86.561, 23.8766 ], [ 86.5681, 23.8639 ], [ 86.5795, 23.8739 ], [ 86.5833, 23.8703 ], [ 86.5779, 23.8594 ], [ 86.5806, 23.8492 ], [ 86.5845, 23.8528 ], [ 86.5884, 23.8497 ], [ 86.5914, 23.8564 ], [ 86.6214, 23.8732 ], [ 86.6306, 23.8904 ], [ 86.6444, 23.8871 ], [ 86.658, 23.8906 ], [ 86.6546, 23.8801 ], [ 86.6367, 23.8664 ], [ 86.6513, 23.8574 ], [ 86.6503, 23.8377 ], [ 86.6561, 23.8183 ], [ 86.649, 23.8147 ], [ 86.6484, 23.804 ], [ 86.6402, 23.7934 ], [ 86.6437, 23.7831 ], [ 86.6315, 23.78 ], [ 86.6286, 23.7705 ], [ 86.6139, 23.7697 ], [ 86.6081, 23.7633 ], [ 86.5953, 23.7752 ], [ 86.5855, 23.7787 ], [ 86.5702, 23.7626 ], [ 86.5685, 23.7676 ], [ 86.5517, 23.768 ], [ 86.5433, 23.7854 ], [ 86.5221, 23.7897 ], [ 86.514, 23.7864 ], [ 86.4827, 23.8287 ], [ 86.4811, 23.8261 ], [ 86.4763, 23.8278 ], [ 86.4651, 23.8415 ], [ 86.4533, 23.8416 ], [ 86.4495, 23.8343 ], [ 86.4589, 23.8296 ], [ 86.446, 23.818 ], [ 86.4366, 23.8285 ], [ 86.4262, 23.8329 ], [ 86.4198, 23.8305 ], [ 86.411, 23.8328 ], [ 86.4018, 23.8231 ], [ 86.3922, 23.8259 ], [ 86.3935, 23.8354 ], [ 86.3881, 23.8432 ], [ 86.384, 23.8638 ], [ 86.3753, 23.8721 ], [ 86.3485, 23.8853 ], [ 86.343, 23.9077 ], [ 86.3124, 23.9181 ], [ 86.3319, 23.947 ], [ 86.3452, 23.942 ], [ 86.36, 23.9473 ], [ 86.3736, 23.9417 ], [ 86.3898, 23.9525 ], [ 86.4014, 23.9344 ], [ 86.3882, 23.9327 ] ] ] } },
{ "type": "Feature", "properties": { "unit_id": "IND.15.7.1_1", "name": "Gande", "district": "Giridih", "did": "jharkhand:Giridih", "state_key": "jharkhand" }, "geometry": { "type": "Polygon", "coordinates": [ [ [ 86.51, 24.2478 ], [ 86.5161, 24.2394 ], [ 86.5087, 24.2308 ], [ 86.517, 24.2221 ], [ 86.507, 24.2093 ], [ 86.5115, 24.2077 ], [ 86.5003, 24.1994 ], [ 86.5039, 24.1934 ], [ 86.5019, 24.181 ], [ 86.4851, 24.152 ], [ 86.5147, 24.1494 ], [ 86.5243, 24.1582 ], [ 86.5302, 24.1545 ], [ 86.5512, 24.1552 ], [ 86.572, 24.1426 ], [ 86.565, 24.1365 ], [ 86.5659, 24.126 ], [ 86.5607, 24.1198 ], [ 86.5598, 24.1095 ], [ 86.5455, 24.0874 ], [ 86.5457, 24.0743 ], [ 86.5377, 24.0686 ], [ 86.5303, 24.0539 ], [ 86.5058, 24.0482 ], [ 86.4953, 24.0407 ], [ 86.4924, 24.0446 ], [ 86.4832, 24.0451 ], [ 86.4776, 24.0398 ], [ 86.4764, 24.0276 ], [ 86.4836, 24.0307 ], [ 86.4845, 24.0223 ], [ 86.4709, 24.0223 ], [ 86.4675, 24.0187 ], [ 86.4416, 24.0314 ], [ 86.4151, 24.0316 ], [ 86.3946, 24.0413 ], [ 86.3829, 24.0585 ], [ 86.3736, 24.0568 ], [ 86.371, 24.062 ], [ 86.3739, 24.0663 ], [ 86.3664, 24.0768 ], [ 86.3686, 24.083 ], [ 86.3655, 24.0859 ], [ 86.3696, 24.0976 ], [ 86.3753, 24.0976 ], [ 86.3719, 24.1059 ], [ 86.3778, 24.1067 ], [ 86.3693, 24.1216 ], [ 86.3701, 24.1246 ], [ 86.3771, 24.1235 ], [ 86.3762, 24.1327 ], [ 86.3852, 24.1385 ], [ 86.3828, 24.1411 ], [ 86.3753, 24.1389 ], [ 86.3756, 24.1469 ], [ 86.3824, 24.152 ], [ 86.3756, 24.1627 ], [ 86.3616, 24.1641 ], [ 86.3641, 24.172 ], [ 86.3555, 24.1759 ], [ 86.3545, 24.1718 ], [ 86.3447, 24.1723 ], [ 86.3423, 24.1762 ], [ 86.3621, 24.208 ], [ 86.3671, 24.2055 ], [ 86.372, 24.2091 ], [ 86.376, 24.2059 ], [ 86.383, 24.2295 ], [ 86.3912, 24.2282 ], [ 86.3965, 24.2327 ], [ 86.4075, 24.2345 ], [ 86.4252, 24.2296 ], [ 86.4321, 24.2461 ], [ 86.4489, 24.2478 ], [ 86.4511, 24.2558 ], [ 86.4702, 24.2534 ], [ 86.4843, 24.262 ], [ 86.5092, 24.2574 ], [ 86.51, 24.2478 ] ] ] } },
{ "type": "Feature", "properties": { "unit_id": "IND.15.3.1_1", "name": "Margomunda", "district": "Deoghar", "did": "jharkhand:Deoghar", "state_key": "jharkhand" }, "geometry": { "type": "Polygon", "coordinates": [ [ [ 86.6543, 24.234 ], [ 86.6648, 24.2369 ], [ 86.6693, 24.226 ], [ 86.6651, 24.2107 ], [ 86.6757, 24.202 ], [ 86.6649, 24.1979 ], [ 86.6637, 24.1824 ], [ 86.6512, 24.18 ], [ 86.6547, 24.1681 ], [ 86.6528, 24.1582 ], [ 86.6634, 24.1532 ], [ 86.6572, 24.1455 ], [ 86.6549, 24.1296 ], [ 86.6442, 24.134 ], [ 86.6289, 24.1316 ], [ 86.6186, 24.1392 ], [ 86.6118, 24.1366 ], [ 86.6051, 24.1415 ], [ 86.5957, 24.1361 ], [ 86.5876, 24.1396 ], [ 86.5746, 24.1388 ], [ 86.5692, 24.1459 ], [ 86.5512, 24.1552 ], [ 86.5302, 24.1545 ], [ 86.5243, 24.1582 ], [ 86.5156, 24.1499 ], [ 86.5058, 24.1482 ], [ 86.4989, 24.1523 ], [ 86.4852, 24.1519 ], [ 86.5019, 24.181 ], [ 86.5039, 24.1934 ], [ 86.5003, 24.1994 ], [ 86.5115, 24.2077 ], [ 86.517, 24.2059 ], [ 86.5227, 24.2206 ], [ 86.545, 24.223 ], [ 86.5475, 24.227 ], [ 86.5572, 24.2246 ], [ 86.5605, 24.2284 ], [ 86.5696, 24.2208 ], [ 86.5711, 24.2127 ], [ 86.5763, 24.2184 ], [ 86.5894, 24.2169 ], [ 86.5987, 24.2404 ], [ 86.6176, 24.2342 ], [ 86.6221, 24.2391 ], [ 86.618, 24.2444 ], [ 86.624, 24.2522 ], [ 86.6302, 24.2477 ], [ 86.6546, 24.2532 ], [ 86.6543, 24.234 ] ] ] } },
{ "type": "Feature", "properties": { "unit_id": "IND.15.3.1_1", "name": "Deoghar", "district": "Deoghar", "did": "jharkhand:Deoghar", "state_key": "jharkhand" }, "geometry": { "type": "Polygon", "coordinates": [ [ [ 86.6104, 24.5987 ], [ 86.6245, 24.5993 ], [ 86.6237, 24.589 ], [ 86.6458, 24.5806 ], [ 86.6517, 24.5704 ], [ 86.6702, 24.5649 ], [ 86.6879, 24.5724 ], [ 86.6951, 24.5679 ], [ 86.7003, 24.5471 ], [ 86.6955, 24.5249 ], [ 86.7049, 24.5092 ], [ 86.7204, 24.4927 ], [ 86.7288, 24.4892 ], [ 86.721, 24.4873 ], [ 86.7194, 24.4824 ], [ 86.7254, 24.4784 ], [ 86.7184, 24.4737 ], [ 86.7186, 24.466 ], [ 86.7086, 24.4552 ], [ 86.7146, 24.4446 ], [ 86.7214, 24.4424 ], [ 86.7251, 24.4324 ], [ 86.7347, 24.4306 ], [ 86.7391, 24.4247 ], [ 86.7368, 24.4206 ], [ 86.7408, 24.4186 ], [ 86.7377, 24.4057 ], [ 86.7297, 24.401 ], [ 86.7317, 24.3964 ], [ 86.7217, 24.3951 ], [ 86.7253, 24.3841 ], [ 86.7187, 24.3711 ], [ 86.6982, 24.3577 ], [ 86.6871, 24.3579 ], [ 86.6837, 24.3532 ], [ 86.6754, 24.3521 ], [ 86.6694, 24.3551 ], [ 86.6505, 24.3428 ], [ 86.6322, 24.3464 ], [ 86.6202, 24.3531 ], [ 86.6283, 24.3569 ], [ 86.6284, 24.3674 ], [ 86.611, 24.3734 ], [ 86.6174, 24.3937 ], [ 86.6284, 24.3982 ], [ 86.6319, 24.4044 ], [ 86.6367, 24.4019 ], [ 86.651, 24.4065 ], [ 86.6544, 24.4035 ], [ 86.659, 24.4123 ], [ 86.6654, 24.4147 ], [ 86.6588, 24.4378 ], [ 86.6432, 24.4487 ], [ 86.6382, 24.4595 ], [ 86.6253, 24.4618 ], [ 86.6123, 24.4703 ], [ 86.6016, 24.4603 ], [ 86.5932, 24.4617 ], [ 86.5897, 24.459 ], [ 86.5844, 24.4623 ], [ 86.5707, 24.4593 ], [ 86.5514, 24.4668 ], [ 86.5454, 24.4587 ], [ 86.5373, 24.4582 ], [ 86.5278, 24.4485 ], [ 86.5189, 24.4606 ], [ 86.5052, 24.4618 ], [ 86.4954, 24.4555 ], [ 86.4868, 24.4636 ], [ 86.4945, 24.4734 ], [ 86.4918, 24.4759 ], [ 86.4943, 24.4862 ], [ 86.5027, 24.4932 ], [ 86.5008, 24.504 ], [ 86.5096, 24.5222 ], [ 86.5294, 24.5403 ], [ 86.5363, 24.5358 ], [ 86.5415, 24.5403 ], [ 86.5523, 24.536 ], [ 86.5534, 24.5435 ], [ 86.5638, 24.5525 ], [ 86.5592, 24.5623 ], [ 86.5665, 24.5665 ], [ 86.5803, 24.5665 ], [ 86.5892, 24.5793 ], [ 86.5889, 24.5885 ], [ 86.6031, 24.6019 ], [ 86.6033, 24.6084 ], [ 86.6147, 24.6081 ], [ 86.6104, 24.5987 ] ] ] } },
{ "type": "Feature", "properties": { "unit_id": "IND.15.3.1_1", "name": "Devipur", "district": "Deoghar", "did": "jharkhand:Deoghar", "state_key": "jharkhand" }, "geometry": { "type": "Polygon", "coordinates": [ [ [ 86.6432, 24.4487 ], [ 86.6588, 24.4378 ], [ 86.6655, 24.4159 ], [ 86.659, 24.4123 ], [ 86.6544, 24.4035 ], [ 86.651, 24.4065 ], [ 86.6367, 24.4019 ], [ 86.6319, 24.4044 ], [ 86.6284, 24.3982 ], [ 86.6158, 24.3921 ], [ 86.6114, 24.3723 ], [ 86.6284, 24.3674 ], [ 86.6283, 24.3569 ], [ 86.6202, 24.3531 ], [ 86.6322, 24.3464 ], [ 86.6505, 24.3428 ], [ 86.6694, 24.3551 ], [ 86.7086, 24.3468 ], [ 86.7192, 24.3496 ], [ 86.7287, 24.3456 ], [ 86.7311, 24.3399 ], [ 86.7443, 24.3373 ], [ 86.7463, 24.3274 ], [ 86.7543, 24.3265 ], [ 86.7655, 24.3081 ], [ 86.7592, 24.2912 ], [ 86.7523, 24.292 ], [ 86.7477, 24.2861 ], [ 86.7375, 24.2872 ], [ 86.7378, 24.2805 ], [ 86.7306, 24.2964 ], [ 86.7082, 24.3062 ], [ 86.7062, 24.3141 ], [ 86.7021, 24.3155 ], [ 86.6956, 24.311 ], [ 86.6923, 24.3181 ], [ 86.6848, 24.3164 ], [ 86.6877, 24.3261 ], [ 86.6768, 24.3216 ], [ 86.6729, 24.3264 ], [ 86.6552, 24.3327 ], [ 86.6529, 24.3209 ], [ 86.6462, 24.3223 ], [ 86.6483, 24.3044 ], [ 86.6382, 24.304 ], [ 86.6291, 24.3139 ], [ 86.6339, 24.3187 ], [ 86.6227, 24.3189 ], [ 86.5816, 24.3391 ], [ 86.572, 24.3601 ], [ 86.5427, 24.3591 ], [ 86.5359, 24.3693 ], [ 86.5282, 24.3667 ], [ 86.528, 24.3633 ], [ 86.5214, 24.3648 ], [ 86.5009, 24.3575 ], [ 86.4993, 24.3499 ], [ 86.5054, 24.3406 ], [ 86.4812, 24.3484 ], [ 86.4726, 24.3552 ], [ 86.457, 24.356 ], [ 86.4569, 24.3769 ], [ 86.4671, 24.3811 ], [ 86.4719, 24.3933 ], [ 86.4665, 24.4239 ], [ 86.4913, 24.4281 ], [ 86.4968, 24.4438 ], [ 86.4954, 24.4555 ], [ 86.5025, 24.4607 ], [ 86.5189, 24.4606 ], [ 86.5278, 24.4485 ], [ 86.5373, 24.4582 ], [ 86.5454, 24.4587 ], [ 86.5514, 24.4668 ], [ 86.5707, 24.4593 ], [ 86.5844, 24.4623 ], [ 86.5897, 24.459 ], [ 86.5932, 24.4617 ], [ 86.6016, 24.4603 ], [ 86.6123, 24.4703 ], [ 86.6382, 24.4595 ], [ 86.6432, 24.4487 ] ] ] } },
{ "type": "Feature", "properties": { "unit_id": "IND.15.3.1_1", "name": "Sarwan", "district": "Deoghar", "did": "jharkhand:Deoghar", "state_key": "jharkhand" }, "geometry": { "type": "Polygon", "coordinates": [ [ [ 86.8196, 24.4353 ], [ 86.8072, 24.4207 ], [ 86.8193, 24.4111 ], [ 86.8301, 24.3958 ], [ 86.8312, 24.3864 ], [ 86.8245, 24.3829 ], [ 86.8267, 24.3726 ], [ 86.8196, 24.3677 ], [ 86.841, 24.3652 ], [ 86.8377, 24.3615 ], [ 86.8471, 24.3602 ], [ 86.8658, 24.3504 ], [ 86.8644, 24.3448 ], [ 86.8701, 24.3391 ], [ 86.861, 24.3293 ], [ 86.8633, 24.3272 ], [ 86.8538, 24.3237 ], [ 86.8529, 24.3191 ], [ 86.8627, 24.3121 ], [ 86.8402, 24.2878 ], [ 86.8377, 24.2824 ], [ 86.8425, 24.2642 ], [ 86.8417, 24.2615 ], [ 86.834, 24.2624 ], [ 86.8328, 24.2555 ], [ 86.8202, 24.2637 ], [ 86.8263, 24.2669 ], [ 86.8296, 24.274 ], [ 86.812, 24.2744 ], [ 86.8144, 24.291 ], [ 86.8038, 24.3023 ], [ 86.7729, 24.2952 ], [ 86.7548, 24.326 ], [ 86.7463, 24.3274 ], [ 86.7443, 24.3373 ], [ 86.7311, 24.3399 ], [ 86.7287, 24.3456 ], [ 86.7194, 24.3495 ], [ 86.7086, 24.3468 ], [ 86.6871, 24.3496 ], [ 86.6841, 24.3534 ], [ 86.6871, 24.3579 ], [ 86.6982, 24.3577 ], [ 86.7207, 24.3729 ], [ 86.7253, 24.3841 ], [ 86.7217, 24.3951 ], [ 86.7317, 24.3964 ], [ 86.7297, 24.401 ], [ 86.7377, 24.4057 ], [ 86.7408, 24.4186 ], [ 86.7715, 24.4127 ], [ 86.7817, 24.4448 ], [ 86.7831, 24.4472 ], [ 86.8196, 24.4353 ] ] ] } },
{ "type": "Feature", "properties": { "unit_id": "IND.15.3.1_1", "name": "Sonaraythari", "district": "Deoghar", "did": "jharkhand:Deoghar", "state_key": "jharkhand" }, "geometry": { "type": "Polygon", "coordinates": [ [ [ 86.8987, 24.4234 ], [ 86.9034, 24.4224 ], [ 86.9012, 24.4159 ], [ 86.9049, 24.4113 ], [ 86.9131, 24.4136 ], [ 86.9163, 24.4095 ], [ 86.9212, 24.4101 ], [ 86.9284, 24.4187 ], [ 86.9363, 24.4167 ], [ 86.9416, 24.421 ], [ 86.9473, 24.4201 ], [ 86.9395, 24.402 ], [ 86.9277, 24.3915 ], [ 86.9278, 24.3874 ], [ 86.9323, 24.3811 ], [ 86.9386, 24.3803 ], [ 86.9331, 24.3724 ], [ 86.9395, 24.3589 ], [ 86.9453, 24.356 ], [ 86.949, 24.3588 ], [ 86.9592, 24.3567 ], [ 86.9682, 24.3512 ], [ 86.9679, 24.3232 ], [ 86.9629, 24.3128 ], [ 86.9667, 24.3146 ], [ 86.9704, 24.3103 ], [ 86.9877, 24.3064 ], [ 86.9773, 24.2891 ], [ 86.9535, 24.2952 ], [ 86.9504, 24.3014 ], [ 86.9408, 24.3007 ], [ 86.9339, 24.2953 ], [ 86.9216, 24.2949 ], [ 86.9154, 24.2955 ], [ 86.9145, 24.2993 ], [ 86.9059, 24.303 ], [ 86.8919, 24.2907 ], [ 86.8849, 24.2924 ], [ 86.8783, 24.2965 ], [ 86.8841, 24.3105 ], [ 86.8721, 24.3184 ], [ 86.8627, 24.3121 ], [ 86.8529, 24.3191 ], [ 86.8538, 24.3237 ], [ 86.8633, 24.3272 ], [ 86.861, 24.3293 ], [ 86.8701, 24.3391 ], [ 86.8644, 24.3448 ], [ 86.8658, 24.3504 ], [ 86.8471, 24.3602 ], [ 86.8377, 24.3615 ], [ 86.841, 24.3652 ], [ 86.8196, 24.3677 ], [ 86.8267, 24.3726 ], [ 86.8245, 24.3829 ], [ 86.8312, 24.3864 ], [ 86.8301, 24.3917 ], [ 86.8426, 24.3951 ], [ 86.8629, 24.4164 ], [ 86.8791, 24.4125 ], [ 86.885, 24.4181 ], [ 86.8861, 24.4316 ], [ 86.8982, 24.4344 ], [ 86.9033, 24.4314 ], [ 86.8987, 24.4234 ] ] ] } },
{ "type": "Feature", "properties": { "unit_id": "IND.15.3.1_1", "name": "Mohanpur", "district": "Deoghar", "did": "jharkhand:Deoghar", "state_key": "jharkhand" }, "geometry": { "type": "Polygon", "coordinates": [ [ [ 86.789, 24.6187 ], [ 86.8036, 24.6019 ], [ 86.8112, 24.5983 ], [ 86.8072, 24.5926 ], [ 86.8117, 24.5825 ], [ 86.8054, 24.5783 ], [ 86.8031, 24.5703 ], [ 86.8119, 24.5691 ], [ 86.8216, 24.5745 ], [ 86.8318, 24.5716 ], [ 86.8346, 24.5751 ], [ 86.8426, 24.5742 ], [ 86.843, 24.5581 ], [ 86.8568, 24.5549 ], [ 86.8636, 24.5666 ], [ 86.869, 24.5655 ], [ 86.8805, 24.5722 ], [ 86.8879, 24.5648 ], [ 86.8869, 24.5588 ], [ 86.8935, 24.5578 ], [ 86.8951, 24.5608 ], [ 86.9036, 24.5475 ], [ 86.9147, 24.543 ], [ 86.9192, 24.5361 ], [ 86.9153, 24.5207 ], [ 86.9191, 24.496 ], [ 86.9047, 24.4719 ], [ 86.9116, 24.4633 ], [ 86.9039, 24.4572 ], [ 86.9031, 24.4496 ], [ 86.89, 24.4461 ], [ 86.8906, 24.4325 ], [ 86.8841, 24.4296 ], [ 86.8831, 24.4159 ], [ 86.8783, 24.4123 ], [ 86.8629, 24.4164 ], [ 86.839, 24.3925 ], [ 86.8296, 24.3919 ], [ 86.8235, 24.4058 ], [ 86.8072, 24.4207 ], [ 86.8196, 24.4353 ], [ 86.7948, 24.446 ], [ 86.7831, 24.4472 ], [ 86.7752, 24.4302 ], [ 86.7736, 24.4155 ], [ 86.7676, 24.4126 ], [ 86.7385, 24.4191 ], [ 86.7347, 24.4306 ], [ 86.7251, 24.4324 ], [ 86.7214, 24.4424 ], [ 86.7146, 24.4446 ], [ 86.7086, 24.4552 ], [ 86.7186, 24.466 ], [ 86.7184, 24.4737 ], [ 86.7254, 24.4784 ], [ 86.7194, 24.4824 ], [ 86.721, 24.4873 ], [ 86.7288, 24.4892 ], [ 86.7204, 24.4927 ], [ 86.6986, 24.5183 ], [ 86.6947, 24.5291 ], [ 86.7003, 24.5471 ], [ 86.6966, 24.5518 ], [ 86.698, 24.5605 ], [ 86.6934, 24.5701 ], [ 86.6879, 24.5724 ], [ 86.6916, 24.5761 ], [ 86.7016, 24.5733 ], [ 86.7231, 24.584 ], [ 86.7347, 24.5795 ], [ 86.7353, 24.5846 ], [ 86.7498, 24.5951 ], [ 86.7482, 24.6058 ], [ 86.754, 24.6213 ], [ 86.7851, 24.6165 ], [ 86.789, 24.6187 ] ] ] } },
{ "type": "Feature", "properties": { "unit_id": "IND.15.8.1_1", "name": "Basantrai", "district": "Godda", "did": "jharkhand:Godda", "state_key": "jharkhand" }, "geometry": { "type": "Polygon", "coordinates": [ [ [ 87.236, 25.0163 ], [ 87.2241, 25.019 ], [ 87.2224, 25.0059 ], [ 87.2571, 24.9896 ], [ 87.2611, 24.9793 ], [ 87.2395, 24.9795 ], [ 87.2332, 24.9763 ], [ 87.2348, 24.9677 ], [ 87.2311, 24.9593 ], [ 87.2187, 24.9672 ], [ 87.2131, 24.9615 ], [ 87.2062, 24.9632 ], [ 87.203, 24.9682 ], [ 87.199, 24.9674 ], [ 87.1963, 24.9469 ], [ 87.204, 24.9436 ], [ 87.2143, 24.928 ], [ 87.2035, 24.9314 ], [ 87.197, 24.9253 ], [ 87.1911, 24.9305 ], [ 87.1892, 24.9287 ], [ 87.1776, 24.9421 ], [ 87.1733, 24.938 ], [ 87.1805, 24.9272 ], [ 87.1795, 24.9226 ], [ 87.1751, 24.922 ], [ 87.1703, 24.9275 ], [ 87.1664, 24.9227 ], [ 87.1437, 24.9434 ], [ 87.1488, 24.9599 ], [ 87.1461, 24.9736 ], [ 87.1513, 24.9873 ], [ 87.1462, 25.02 ], [ 87.1496, 25.0252 ], [ 87.1586, 25.0286 ], [ 87.1641, 25.0384 ], [ 87.185, 25.0354 ], [ 87.1938, 25.0455 ], [ 87.2045, 25.042 ], [ 87.2096, 25.0465 ], [ 87.2373, 25.0241 ], [ 87.236, 25.0163 ] ] ] } },
{ "type": "Feature", "properties": { "unit_id": "IND.15.8.1_1", "name": "Pathargama", "district": "Godda", "did": "jharkhand:Godda", "state_key": "jharkhand" }, "geometry": { "type": "Polygon", "coordinates": [ [ [ 87.3321, 24.9458 ], [ 87.3308, 24.8782 ], [ 87.3215, 24.8771 ], [ 87.31, 24.8829 ], [ 87.2998, 24.8771 ], [ 87.2957, 24.8652 ], [ 87.2853, 24.8724 ], [ 87.2754, 24.8703 ], [ 87.269, 24.88 ], [ 87.264, 24.8799 ], [ 87.2562, 24.8745 ], [ 87.2581, 24.8687 ], [ 87.2523, 24.8733 ], [ 87.2571, 24.8807 ], [ 87.2577, 24.8856 ], [ 87.2533, 24.8882 ], [ 87.2561, 24.892 ], [ 87.2508, 24.8936 ], [ 87.2459, 24.8864 ], [ 87.2407, 24.8896 ], [ 87.2297, 24.8789 ], [ 87.2164, 24.8853 ], [ 87.2141, 24.8773 ], [ 87.2039, 24.8765 ], [ 87.1949, 24.8839 ], [ 87.1916, 24.8752 ], [ 87.1848, 24.8755 ], [ 87.1846, 24.8705 ], [ 87.1809, 24.8797 ], [ 87.1699, 24.8868 ], [ 87.1737, 24.8961 ], [ 87.1625, 24.8965 ], [ 87.1555, 24.8904 ], [ 87.1519, 24.9037 ], [ 87.1481, 24.9036 ], [ 87.1424, 24.9137 ], [ 87.1427, 24.9218 ], [ 87.1502, 24.9274 ], [ 87.1509, 24.9348 ], [ 87.1613, 24.93 ], [ 87.1664, 24.9227 ], [ 87.1703, 24.9275 ], [ 87.1772, 24.9214 ], [ 87.1805, 24.9272 ], [ 87.1733, 24.938 ], [ 87.1776, 24.9421 ], [ 87.1892, 24.9287 ], [ 87.1911, 24.9305 ], [ 87.197, 24.9253 ], [ 87.2035, 24.9314 ], [ 87.2143, 24.928 ], [ 87.204, 24.9436 ], [ 87.1963, 24.9469 ], [ 87.199, 24.9674 ], [ 87.203, 24.9682 ], [ 87.2062, 24.9632 ], [ 87.2131, 24.9615 ], [ 87.2187, 24.9672 ], [ 87.2311, 24.9593 ], [ 87.2348, 24.9677 ], [ 87.2332, 24.9763 ], [ 87.2529, 24.98 ], [ 87.2812, 24.9699 ], [ 87.3115, 24.9665 ], [ 87.3215, 24.97 ], [ 87.3285, 24.9658 ], [ 87.3369, 24.9779 ], [ 87.3321, 24.9458 ] ] ] } },
{ "type": "Feature", "properties": { "unit_id": "IND.15.8.1_1", "name": "Mahagama", "district": "Godda", "did": "jharkhand:Godda", "state_key": "jharkhand" }, "geometry": { "type": "Polygon", "coordinates": [ [ [ 87.2698, 25.094 ], [ 87.2954, 25.0885 ], [ 87.2982, 25.0906 ], [ 87.3105, 25.0865 ], [ 87.3151, 25.0781 ], [ 87.3326, 25.0748 ], [ 87.3368, 25.0453 ], [ 87.3448, 25.0278 ], [ 87.3369, 24.9779 ], [ 87.3285, 24.9658 ], [ 87.3215, 24.97 ], [ 87.3078, 24.9666 ], [ 87.2653, 24.9737 ], [ 87.2571, 24.9896 ], [ 87.2224, 25.0059 ], [ 87.2241, 25.019 ], [ 87.236, 25.0163 ], [ 87.2373, 25.0241 ], [ 87.2273, 25.029 ], [ 87.229, 25.0317 ], [ 87.2096, 25.0465 ], [ 87.2045, 25.042 ], [ 87.1938, 25.0455 ], [ 87.185, 25.0354 ], [ 87.1641, 25.0384 ], [ 87.1777, 25.063 ], [ 87.182, 25.067 ], [ 87.1923, 25.0668 ], [ 87.201, 25.0787 ], [ 87.2127, 25.0819 ], [ 87.2143, 25.0912 ], [ 87.2374, 25.0858 ], [ 87.2437, 25.1012 ], [ 87.2493, 25.1001 ], [ 87.2503, 25.1057 ], [ 87.2638, 25.1028 ], [ 87.2698, 25.094 ] ] ] } },
{ "type": "Feature", "properties": { "unit_id": "IND.15.8.1_1", "name": "Meherma", "district": "Godda", "did": "jharkhand:Godda", "state_key": "jharkhand" }, "geometry": { "type": "Polygon", "coordinates": [ [ [ 87.4119, 25.2189 ], [ 87.4118, 25.2151 ], [ 87.4196, 25.215 ], [ 87.4318, 25.2088 ], [ 87.4249, 25.2063 ], [ 87.4247, 25.1959 ], [ 87.4309, 25.1929 ], [ 87.4254, 25.1801 ], [ 87.4183, 25.1832 ], [ 87.417, 25.1695 ], [ 87.4046, 25.1672 ], [ 87.4011, 25.1561 ], [ 87.3977, 25.1548 ], [ 87.3995, 25.1572 ], [ 87.3948, 25.1593 ], [ 87.3908, 25.1485 ], [ 87.4063, 25.1442 ], [ 87.4219, 25.1322 ], [ 87.4284, 25.1225 ], [ 87.4277, 25.1156 ], [ 87.4246, 25.1106 ], [ 87.4151, 25.1213 ], [ 87.3881, 25.1221 ], [ 87.3829, 25.1307 ], [ 87.374, 25.1322 ], [ 87.3326, 25.0748 ], [ 87.3151, 25.0781 ], [ 87.3105, 25.0865 ], [ 87.2963, 25.0909 ], [ 87.2981, 25.0998 ], [ 87.2952, 25.1031 ], [ 87.303, 25.1342 ], [ 87.3069, 25.1364 ], [ 87.3049, 25.1429 ], [ 87.312, 25.1488 ], [ 87.319, 25.1648 ], [ 87.3142, 25.1688 ], [ 87.3154, 25.1801 ], [ 87.3208, 25.19 ], [ 87.3182, 25.1953 ], [ 87.3273, 25.2236 ], [ 87.3332, 25.2227 ], [ 87.3343, 25.2161 ], [ 87.3599, 25.2119 ], [ 87.3715, 25.2062 ], [ 87.3816, 25.2232 ], [ 87.4016, 25.2268 ], [ 87.4119, 25.2189 ] ] ] } }
]
}
