{
"type": "FeatureCollection",
"crs": { "type": "name", "properties": { "name": "urn:ogc:def:crs:OGC:1.3:CRS84" } },
"xy_coordinate_resolution": 0.0001,
"features": [
{ "type": "Feature", "properties": { "unit_id": "IND.4.8.1_1", "name": "Mankachar Circle", "district": "South Salmara", "did": "assam:South Salmara", "state_key": "assam" }, "geometry": { "type": "Polygon", "coordinates": [ [ [ 89.9167, 25.7762 ], [ 89.9299, 25.7634 ], [ 89.9434, 25.7573 ], [ 89.9352, 25.7545 ], [ 89.9378, 25.7457 ], [ 89.9267, 25.7384 ], [ 89.8959, 25.746 ], [ 89.8936, 25.7391 ], [ 89.8991, 25.7264 ], [ 89.9187, 25.7051 ], [ 89.9236, 25.6945 ], [ 89.9363, 25.6897 ], [ 89.9444, 25.6793 ], [ 89.9429, 25.6722 ], [ 89.9474, 25.671 ], [ 89.9463, 25.6635 ], [ 89.9508, 25.6552 ], [ 89.9792, 25.6388 ], [ 89.9832, 25.6268 ], [ 89.9988, 25.6224 ], [ 90.0041, 25.6267 ], [ 90.007, 25.6233 ], [ 90.0042, 25.6202 ], [ 90.0203, 25.6075 ], [ 90.0168, 25.6019 ], [ 90.011, 25.6016 ], [ 90.003, 25.5854 ], [ 89.9835, 25.5912 ], [ 89.9722, 25.5735 ], [ 89.9605, 25.5744 ], [ 89.9369, 25.5644 ], [ 89.8987, 25.5605 ], [ 89.8784, 25.5503 ], [ 89.8749, 25.5437 ], [ 89.8788, 25.5377 ], [ 89.8681, 25.5299 ], [ 89.8679, 25.5242 ], [ 89.8733, 25.5169 ], [ 89.8835, 25.5191 ], [ 89.8807, 25.5167 ], [ 89.8859, 25.5079 ], [ 89.8729, 25.5074 ], [ 89.8767, 25.4955 ], [ 89.8717, 25.4773 ], [ 89.8522, 25.4659 ], [ 89.8493, 25.4928 ], [ 89.8552, 25.4975 ], [ 89.8539, 25.5042 ], [ 89.8696, 25.5109 ], [ 89.8601, 25.5168 ], [ 89.8513, 25.5386 ], [ 89.866, 25.5462 ], [ 89.8825, 25.6172 ], [ 89.8711, 25.6626 ], [ 89.8635, 25.6655 ], [ 89.8585, 25.6797 ], [ 89.8467, 25.6956 ], [ 89.8519, 25.7066 ], [ 89.8505, 25.713 ], [ 89.8347, 25.7161 ], [ 89.8269, 25.7326 ], [ 89.827, 25.7404 ], [ 89.8413, 25.759 ], [ 89.8325, 25.7896 ], [ 89.848, 25.7916 ], [ 89.8859, 25.7826 ], [ 89.8961, 25.7907 ], [ 89.9004, 25.7816 ], [ 89.9167, 25.7762 ] ] ] } },
{ "type": "Feature", "properties": { "unit_id": "IND.4.8.1_1", "name": "South Salmara Circle", "district": "South Salmara", "did": "assam:South Salmara", "state_key": "assam" }, "geometry": { "type": "Polygon", "coordinates": [ [ [ 90.0739, 25.9691 ], [ 90.0816, 25.9673 ], [ 90.0867, 25.9605 ], [ 90.0969, 25.968 ], [ 90.0988, 25.9619 ], [ 90.083, 25.9525 ], [ 90.0867, 25.94 ], [ 90.0796, 25.9271 ], [ 90.0814, 25.9175 ], [ 90.0754, 25.9149 ], [ 90.071, 25.9185 ], [ 90.0671, 25.913 ], [ 90.0606, 25.9135 ], [ 90.0623, 25.9103 ], [ 90.0555, 25.9058 ], [ 90.0554, 25.9006 ], [ 90.0477, 25.8998 ], [ 90.0414, 25.8941 ], [ 90.0424, 25.8876 ], [ 90.0339, 25.8944 ], [ 90.0255, 25.8957 ], [ 90.0111, 25.8846 ], [ 90.0056, 25.8785 ], [ 90.0143, 25.8719 ], [ 90.0195, 25.8732 ], [ 90.0238, 25.8672 ], [ 90.0158, 25.8507 ], [ 90.0078, 25.8452 ], [ 90.0007, 25.8462 ], [ 89.9989, 25.8428 ], [ 90.0036, 25.8392 ], [ 89.9815, 25.8355 ], [ 89.9778, 25.8279 ], [ 89.9711, 25.8264 ], [ 89.964, 25.8331 ], [ 89.9676, 25.8225 ], [ 89.962, 25.8202 ], [ 89.9542, 25.8213 ], [ 89.9577, 25.8291 ], [ 89.9483, 25.8255 ], [ 89.9511, 25.8211 ], [ 89.9485, 25.8151 ], [ 89.9558, 25.8112 ], [ 89.9545, 25.8039 ], [ 89.9584, 25.8013 ], [ 89.9544, 25.788 ], [ 89.9594, 25.7799 ], [ 89.9554, 25.7778 ], [ 89.955, 25.7675 ], [ 89.9434, 25.7573 ], [ 89.9299, 25.7634 ], [ 89.9167, 25.7762 ], [ 89.9004, 25.7816 ], [ 89.8961, 25.7907 ], [ 89.8859, 25.7826 ], [ 89.848, 25.7916 ], [ 89.8325, 25.7896 ], [ 89.8264, 25.8105 ], [ 89.8166, 25.8147 ], [ 89.8353, 25.8407 ], [ 89.8326, 25.8706 ], [ 89.8433, 25.8827 ], [ 89.8504, 25.8796 ], [ 89.8672, 25.8832 ], [ 89.8764, 25.879 ], [ 89.8889, 25.8957 ], [ 89.8978, 25.9003 ], [ 89.9183, 25.9068 ], [ 89.9303, 25.9063 ], [ 89.9373, 25.9246 ], [ 89.9489, 25.925 ], [ 89.9435, 25.935 ], [ 89.9451, 25.95 ], [ 89.9564, 25.9524 ], [ 89.9585, 25.963 ], [ 89.9726, 25.976 ], [ 89.9828, 25.9701 ], [ 89.9858, 25.957 ], [ 89.9991, 25.9557 ], [ 90.0162, 25.962 ], [ 90.0345, 25.9857 ], [ 90.0512, 25.9871 ], [ 90.0595, 25.9925 ], [ 90.0764, 25.9779 ], [ 90.0739, 25.9691 ] ] ] } },
{ "type": "Feature", "properties": { "unit_id": "IND.4.8.1_1", "name": "Dhubri Circle", "district": "Dhubri", "did": "assam:Dhubri", "state_key": "assam" }, "geometry": { "type": "Polygon", "coordinates": [ [ [ 90.0598, 26.1414 ], [ 90.0718, 26.1439 ], [ 90.0795, 26.1421 ], [ 90.0789, 26.1398 ], [ 90.0347, 26.1128 ], [ 90.0327, 26.1035 ], [ 90.0411, 26.0921 ], [ 90.0304, 26.0789 ], [ 90.045, 26.0829 ], [ 90.0541, 26.0809 ], [ 90.0602, 26.0744 ], [ 90.0732, 26.0809 ], [ 90.0735, 26.0754 ], [ 90.0605, 26.0695 ], [ 90.0521, 26.0601 ], [ 90.0629, 26.059 ], [ 90.0581, 26.052 ], [ 90.0586, 26.0377 ], [ 90.0624, 26.0289 ], [ 90.0724, 26.0254 ], [ 90.0635, 26.0055 ], [ 90.0562, 26.0005 ], [ 90.0393, 26.0041 ], [ 90.0241, 26.0027 ], [ 90.0262, 25.9891 ], [ 90.0223, 25.9897 ], [ 90.0227, 25.9841 ], [ 90.0149, 25.9762 ], [ 90.0251, 25.9761 ], [ 90.0162, 25.962 ], [ 90.0048, 25.9571 ], [ 89.9858, 25.957 ], [ 89.9828, 25.9701 ], [ 89.9726, 25.976 ], [ 89.9585, 25.963 ], [ 89.9564, 25.9524 ], [ 89.9451, 25.95 ], [ 89.9435, 25.935 ], [ 89.9489, 25.925 ], [ 89.9373, 25.9246 ], [ 89.9303, 25.9063 ], [ 89.9183, 25.9068 ], [ 89.8978, 25.9003 ], [ 89.8889, 25.8957 ], [ 89.8764, 25.879 ], [ 89.8672, 25.8832 ], [ 89.8469, 25.8801 ], [ 89.8433, 25.8827 ], [ 89.8483, 25.8921 ], [ 89.8782, 25.9242 ], [ 89.8871, 25.9452 ], [ 89.8762, 25.9468 ], [ 89.8427, 25.94 ], [ 89.8392, 25.9411 ], [ 89.8423, 25.9443 ], [ 89.8254, 25.9455 ], [ 89.8257, 25.9515 ], [ 89.8306, 25.9552 ], [ 89.8493, 25.9491 ], [ 89.843, 25.9641 ], [ 89.8385, 25.9659 ], [ 89.8415, 25.9704 ], [ 89.8581, 25.9689 ], [ 89.8733, 25.9759 ], [ 89.8702, 25.9814 ], [ 89.8673, 25.9798 ], [ 89.8671, 25.9826 ], [ 89.8504, 25.99 ], [ 89.8477, 26.0007 ], [ 89.8358, 26.0126 ], [ 89.8311, 26.0098 ], [ 89.8309, 26.0018 ], [ 89.8359, 25.9824 ], [ 89.8214, 25.9866 ], [ 89.8149, 25.9979 ], [ 89.8198, 25.9964 ], [ 89.8221, 26.008 ], [ 89.8157, 26.0179 ], [ 89.8168, 26.0228 ], [ 89.8191, 26.0202 ], [ 89.8255, 26.026 ], [ 89.8282, 26.0223 ], [ 89.8355, 26.0255 ], [ 89.8362, 26.0363 ], [ 89.8443, 26.0252 ], [ 89.8484, 26.0316 ], [ 89.8596, 26.0338 ], [ 89.8631, 26.0485 ], [ 89.8767, 26.0516 ], [ 89.8822, 26.0577 ], [ 89.9134, 26.0587 ], [ 89.9241, 26.0646 ], [ 89.9295, 26.0746 ], [ 89.9255, 26.0907 ], [ 89.9309, 26.0966 ], [ 89.9299, 26.104 ], [ 89.9376, 26.1097 ], [ 89.9388, 26.1181 ], [ 89.9447, 26.1202 ], [ 89.9453, 26.1261 ], [ 89.9382, 26.1328 ], [ 89.948, 26.1285 ], [ 89.9669, 26.127 ], [ 89.9778, 26.1297 ], [ 89.982, 26.1365 ], [ 89.982, 26.1334 ], [ 89.9973, 26.1323 ], [ 89.9999, 26.1261 ], [ 90.025, 26.1268 ], [ 90.0374, 26.148 ], [ 90.0525, 26.1555 ], [ 90.0585, 26.1546 ], [ 90.0598, 26.1414 ] ] ] } },
{ "type": "Feature", "properties": { "unit_id": "IND.4.8.1_1", "name": "Dhubri Circle (part)", "district": "Kokrajhar", "did": "assam:Kokrajhar", "state_key": "assam" }, "geometry": { "type": "Polygon", "coordinates": [ [ [ 90.0178, 26.2318 ], [ 90.0157, 26.2099 ], [ 90.0438, 26.2042 ], [ 90.0319, 26.1807 ], [ 90.0356, 26.1733 ], [ 90.0491, 26.1652 ], [ 90.0525, 26.1555 ], [ 90.0333, 26.1442 ], [ 90.025, 26.1268 ], [ 89.9999, 26.1261 ], [ 89.9973, 26.1323 ], [ 89.982, 26.1334 ], [ 89.982, 26.1365 ], [ 89.9778, 26.1297 ], [ 89.9669, 26.127 ], [ 89.948, 26.1285 ], [ 89.9382, 26.1328 ], [ 89.9403, 26.1284 ], [ 89.9367, 26.1274 ], [ 89.9339, 26.1316 ], [ 89.927, 26.1311 ], [ 89.9151, 26.1467 ], [ 89.9135, 26.166 ], [ 89.9189, 26.1753 ], [ 89.91, 26.1786 ], [ 89.9035, 26.1863 ], [ 89.9074, 26.2013 ], [ 89.9134, 26.1986 ], [ 89.9237, 26.2106 ], [ 89.9521, 26.2228 ], [ 89.9848, 26.2218 ], [ 90.0076, 26.2347 ], [ 90.0178, 26.2318 ] ] ] } },
{ "type": "Feature", "properties": { "unit_id": "IND.4.8.1_1", "name": "Golakganj Circle", "district": "Dhubri", "did": "assam:Dhubri", "state_key": "assam" }, "geometry": { "type": "Polygon", "coordinates": [ [ [ 89.8953, 26.3215 ], [ 89.8914, 26.3128 ], [ 89.8871, 26.3142 ], [ 89.8795, 26.307 ], [ 89.8845, 26.2986 ], [ 89.8698, 26.2752 ], [ 89.8706, 26.2602 ], [ 89.866, 26.2579 ], [ 89.8742, 26.2473 ], [ 89.8671, 26.2395 ], [ 89.8587, 26.2383 ], [ 89.8697, 26.2341 ], [ 89.8599, 26.2199 ], [ 89.873, 26.2021 ], [ 89.8709, 26.1973 ], [ 89.8615, 26.1933 ], [ 89.86, 26.188 ], [ 89.8659, 26.1847 ], [ 89.8717, 26.1913 ], [ 89.8753, 26.189 ], [ 89.8697, 26.1795 ], [ 89.8701, 26.1471 ], [ 89.8788, 26.143 ], [ 89.8826, 26.1356 ], [ 89.9085, 26.1325 ], [ 89.9163, 26.1187 ], [ 89.9116, 26.1133 ], [ 89.903, 26.1186 ], [ 89.9017, 26.1161 ], [ 89.9108, 26.1122 ], [ 89.9309, 26.1152 ], [ 89.9381, 26.12 ], [ 89.9403, 26.1284 ], [ 89.9453, 26.1261 ], [ 89.9376, 26.1097 ], [ 89.9299, 26.104 ], [ 89.9309, 26.0966 ], [ 89.9255, 26.0907 ], [ 89.9285, 26.0704 ], [ 89.9156, 26.0591 ], [ 89.8867, 26.0588 ], [ 89.8767, 26.0516 ], [ 89.8631, 26.0485 ], [ 89.8596, 26.0338 ], [ 89.8484, 26.0316 ], [ 89.8443, 26.0252 ], [ 89.8362, 26.0363 ], [ 89.8355, 26.0255 ], [ 89.8282, 26.0223 ], [ 89.8255, 26.026 ], [ 89.8191, 26.0202 ], [ 89.8116, 26.0405 ], [ 89.8056, 26.0445 ], [ 89.7992, 26.0267 ], [ 89.79, 26.0178 ], [ 89.7877, 26.0213 ], [ 89.794, 26.0227 ], [ 89.7937, 26.0281 ], [ 89.8023, 26.0385 ], [ 89.7945, 26.0425 ], [ 89.7908, 26.0343 ], [ 89.7876, 26.0404 ], [ 89.7799, 26.0404 ], [ 89.7766, 26.0349 ], [ 89.7737, 26.0376 ], [ 89.7887, 26.0487 ], [ 89.7848, 26.0514 ], [ 89.7853, 26.0569 ], [ 89.7988, 26.0596 ], [ 89.7966, 26.0763 ], [ 89.7901, 26.0754 ], [ 89.7949, 26.0875 ], [ 89.7906, 26.0893 ], [ 89.7813, 26.0834 ], [ 89.786, 26.0963 ], [ 89.7816, 26.0994 ], [ 89.8025, 26.1013 ], [ 89.8188, 26.0891 ], [ 89.8278, 26.1187 ], [ 89.8219, 26.1376 ], [ 89.815, 26.1367 ], [ 89.8191, 26.14 ], [ 89.8161, 26.1577 ], [ 89.8202, 26.1584 ], [ 89.8093, 26.1786 ], [ 89.8102, 26.1841 ], [ 89.8063, 26.1854 ], [ 89.8188, 26.1916 ], [ 89.8232, 26.2108 ], [ 89.8484, 26.2244 ], [ 89.8425, 26.2449 ], [ 89.8528, 26.2777 ], [ 89.8481, 26.2984 ], [ 89.8622, 26.3026 ], [ 89.8842, 26.3262 ], [ 89.9056, 26.3279 ], [ 89.8953, 26.3215 ] ] ] } },
{ "type": "Feature", "properties": { "unit_id": "IND.4.19.1_1", "name": "Gossaigaon Circle", "district": "Dhubri", "did": "assam:Dhubri", "state_key": "assam" }, "geometry": { "type": "Polygon", "coordinates": [ [ [ 89.8606, 26.369 ], [ 89.8657, 26.3626 ], [ 89.8756, 26.3628 ], [ 89.8763, 26.3554 ], [ 89.8692, 26.3496 ], [ 89.9026, 26.3387 ], [ 89.9056, 26.3279 ], [ 89.8842, 26.3262 ], [ 89.8622, 26.3026 ], [ 89.8501, 26.2984 ], [ 89.8456, 26.2985 ], [ 89.8367, 26.307 ], [ 89.8179, 26.3099 ], [ 89.8171, 26.3013 ], [ 89.7949, 26.2999 ], [ 89.7947, 26.2952 ], [ 89.7865, 26.2934 ], [ 89.7788, 26.2986 ], [ 89.7811, 26.3058 ], [ 89.7624, 26.308 ], [ 89.7585, 26.3124 ], [ 89.7604, 26.3166 ], [ 89.7643, 26.3161 ], [ 89.7693, 26.3243 ], [ 89.7833, 26.3304 ], [ 89.7827, 26.3499 ], [ 89.79, 26.3569 ], [ 89.8048, 26.3628 ], [ 89.8137, 26.371 ], [ 89.8219, 26.3718 ], [ 89.8128, 26.3571 ], [ 89.8154, 26.3526 ], [ 89.8228, 26.3516 ], [ 89.8258, 26.3548 ], [ 89.8221, 26.3631 ], [ 89.8295, 26.3708 ], [ 89.8259, 26.3776 ], [ 89.8329, 26.3842 ], [ 89.851, 26.3678 ], [ 89.8606, 26.369 ] ], [ [ 89.7981, 26.3378 ], [ 89.7961, 26.333 ], [ 89.7998, 26.3297 ], [ 89.8147, 26.3216 ], [ 89.8202, 26.3232 ], [ 89.823, 26.3298 ], [ 89.8186, 26.3388 ], [ 89.8067, 26.3491 ], [ 89.7956, 26.3494 ], [ 89.7899, 26.3415 ], [ 89.7981, 26.3378 ] ] ] } },
{ "type": "Feature", "properties": { "unit_id": "IND.4.8.1_1", "name": "Agomoni Circle", "district": "Dhubri", "did": "assam:Dhubri", "state_key": "assam" }, "geometry": { "type": "MultiPolygon", "coordinates": [ [ [ [ 89.7811, 26.3058 ], [ 89.7788, 26.2986 ], [ 89.7865, 26.2934 ], [ 89.7947, 26.2952 ], [ 89.7949, 26.2999 ], [ 89.8171, 26.3013 ], [ 89.8179, 26.3099 ], [ 89.8367, 26.307 ], [ 89.8481, 26.2984 ], [ 89.8512, 26.29 ], [ 89.8528, 26.2777 ], [ 89.8425, 26.2449 ], [ 89.8484, 26.2244 ], [ 89.8232, 26.2108 ], [ 89.8188, 26.1916 ], [ 89.8063, 26.1854 ], [ 89.8102, 26.1841 ], [ 89.8093, 26.1786 ], [ 89.8202, 26.1584 ], [ 89.8161, 26.1577 ], [ 89.8191, 26.14 ], [ 89.815, 26.1367 ], [ 89.8219, 26.1376 ], [ 89.8278, 26.1187 ], [ 89.8188, 26.0891 ], [ 89.8025, 26.1013 ], [ 89.79, 26.1024 ], [ 89.7885, 26.099 ], [ 89.7789, 26.1081 ], [ 89.77, 26.1045 ], [ 89.765, 26.1095 ], [ 89.757, 26.1083 ], [ 89.7554, 26.1137 ], [ 89.7665, 26.1275 ], [ 89.7641, 26.1357 ], [ 89.754, 26.1394 ], [ 89.7533, 26.1484 ], [ 89.7453, 26.1588 ], [ 89.7205, 26.1563 ], [ 89.7194, 26.1663 ], [ 89.717, 26.1654 ], [ 89.7218, 26.1675 ], [ 89.7289, 26.1679 ], [ 89.7289, 26.1741 ], [ 89.7366, 26.1728 ], [ 89.7325, 26.1778 ], [ 89.7256, 26.178 ], [ 89.7092, 26.1728 ], [ 89.6986, 26.1912 ], [ 89.7131, 26.1877 ], [ 89.7204, 26.1956 ], [ 89.7178, 26.2013 ], [ 89.7116, 26.203 ], [ 89.7272, 26.206 ], [ 89.7332, 26.212 ], [ 89.7257, 26.2182 ], [ 89.7075, 26.2123 ], [ 89.7004, 26.2184 ], [ 89.71, 26.2178 ], [ 89.7141, 26.2302 ], [ 89.7271, 26.2332 ], [ 89.7322, 26.2378 ], [ 89.7179, 26.2452 ], [ 89.7171, 26.2574 ], [ 89.7026, 26.2579 ], [ 89.7059, 26.2704 ], [ 89.7147, 26.2699 ], [ 89.7126, 26.2619 ], [ 89.722, 26.2575 ], [ 89.734, 26.2594 ], [ 89.7343, 26.267 ], [ 89.7385, 26.2699 ], [ 89.7178, 26.2958 ], [ 89.7198, 26.3073 ], [ 89.7258, 26.3072 ], [ 89.7214, 26.2995 ], [ 89.7263, 26.2947 ], [ 89.7369, 26.2926 ], [ 89.7448, 26.2969 ], [ 89.7478, 26.2913 ], [ 89.7581, 26.2878 ], [ 89.7609, 26.2921 ], [ 89.754, 26.3027 ], [ 89.7533, 26.3227 ], [ 89.7572, 26.3219 ], [ 89.7585, 26.3124 ], [ 89.7665, 26.3064 ], [ 89.7811, 26.3058 ] ] ] ] } },
{ "type": "Feature", "properties": { "unit_id": "IND.4.8.1_1", "name": "Golakganj Circle (part)", "district": "Kokrajhar", "did": "assam:Kokrajhar", "state_key": "assam" }, "geometry": { "type": "Polygon", "coordinates": [ [ [ 89.9274, 26.3138 ], [ 89.9319, 26.3087 ], [ 89.927, 26.2974 ], [ 89.9255, 26.2947 ], [ 89.9095, 26.2967 ], [ 89.9061, 26.2941 ], [ 89.9163, 26.291 ], [ 89.9157, 26.2823 ], [ 89.9299, 26.2715 ], [ 89.9202, 26.2676 ], [ 89.9237, 26.2634 ], [ 89.9203, 26.2498 ], [ 89.908, 26.2359 ], [ 89.9163, 26.2198 ], [ 89.9143, 26.2066 ], [ 89.9199, 26.2073 ], [ 89.9134, 26.1986 ], [ 89.9074, 26.2013 ], [ 89.9033, 26.1874 ], [ 89.91, 26.1786 ], [ 89.9189, 26.1753 ], [ 89.9135, 26.166 ], [ 89.9151, 26.1467 ], [ 89.927, 26.1311 ], [ 89.9339, 26.1316 ], [ 89.9407, 26.127 ], [ 89.9356, 26.1169 ], [ 89.9108, 26.1122 ], [ 89.9009, 26.1173 ], [ 89.9116, 26.1133 ], [ 89.9161, 26.1163 ], [ 89.9085, 26.1325 ], [ 89.8826, 26.1356 ], [ 89.8788, 26.143 ], [ 89.8685, 26.1498 ], [ 89.8719, 26.1685 ], [ 89.8697, 26.1795 ], [ 89.8753, 26.189 ], [ 89.8717, 26.1913 ], [ 89.8659, 26.1847 ], [ 89.86, 26.188 ], [ 89.8615, 26.1933 ], [ 89.8709, 26.1973 ], [ 89.873, 26.2021 ], [ 89.8599, 26.2199 ], [ 89.8697, 26.2341 ], [ 89.8587, 26.2383 ], [ 89.8671, 26.2395 ], [ 89.8742, 26.2473 ], [ 89.866, 26.2579 ], [ 89.8706, 26.2602 ], [ 89.8698, 26.2752 ], [ 89.8845, 26.2986 ], [ 89.8795, 26.307 ], [ 89.8871, 26.3142 ], [ 89.8927, 26.314 ], [ 89.8972, 26.3235 ], [ 89.9056, 26.3262 ], [ 89.9104, 26.3406 ], [ 89.9217, 26.3372 ], [ 89.9266, 26.3408 ], [ 89.9317, 26.3393 ], [ 89.9274, 26.3138 ] ] ] } },
{ "type": "Feature", "properties": { "unit_id": "IND.4.8.1_1", "name": "Bogribari Circle", "district": "Kokrajhar", "did": "assam:Kokrajhar", "state_key": "assam" }, "geometry": { "type": "Polygon", "coordinates": [ [ [ 90.0042, 26.333 ], [ 90.0038, 26.3281 ], [ 90.0087, 26.3258 ], [ 90.0161, 26.3302 ], [ 90.0162, 26.335 ], [ 90.0273, 26.3348 ], [ 90.0218, 26.3243 ], [ 90.0275, 26.3175 ], [ 90.0266, 26.3115 ], [ 90.0367, 26.3016 ], [ 90.0509, 26.2969 ], [ 90.1167, 26.3389 ], [ 90.1181, 26.3168 ], [ 90.1077, 26.3125 ], [ 90.1243, 26.3038 ], [ 90.125, 26.2987 ], [ 90.119, 26.2945 ], [ 90.126, 26.2832 ], [ 90.1296, 26.2839 ], [ 90.1293, 26.291 ], [ 90.1339, 26.2955 ], [ 90.1429, 26.2904 ], [ 90.1399, 26.2746 ], [ 90.1265, 26.2651 ], [ 90.1205, 26.2661 ], [ 90.1197, 26.2598 ], [ 90.1153, 26.2587 ], [ 90.111, 26.2654 ], [ 90.1034, 26.2678 ], [ 90.0984, 26.2671 ], [ 90.0974, 26.2622 ], [ 90.104, 26.2511 ], [ 90.1203, 26.2504 ], [ 90.1218, 26.2363 ], [ 90.1356, 26.2295 ], [ 90.1363, 26.2155 ], [ 90.1416, 26.2151 ], [ 90.1473, 26.22 ], [ 90.152, 26.2165 ], [ 90.1521, 26.209 ], [ 90.1256, 26.1957 ], [ 90.1205, 26.1993 ], [ 90.1125, 26.1966 ], [ 90.1128, 26.1915 ], [ 90.1013, 26.185 ], [ 90.0979, 26.1909 ], [ 90.0872, 26.1862 ], [ 90.0697, 26.1694 ], [ 90.0682, 26.1751 ], [ 90.0638, 26.1726 ], [ 90.0525, 26.1565 ], [ 90.0491, 26.1652 ], [ 90.0356, 26.1733 ], [ 90.0319, 26.1807 ], [ 90.0438, 26.2042 ], [ 90.0157, 26.2099 ], [ 90.0162, 26.2331 ], [ 90.0054, 26.2353 ], [ 89.9848, 26.2218 ], [ 89.9521, 26.2228 ], [ 89.9143, 26.2066 ], [ 89.9163, 26.2198 ], [ 89.908, 26.2359 ], [ 89.9203, 26.2498 ], [ 89.9237, 26.2634 ], [ 89.9202, 26.2676 ], [ 89.9299, 26.2733 ], [ 89.9157, 26.2823 ], [ 89.9178, 26.2888 ], [ 89.9078, 26.2925 ], [ 89.9071, 26.2962 ], [ 89.9255, 26.2947 ], [ 89.9319, 26.3087 ], [ 89.9274, 26.3138 ], [ 89.9326, 26.3391 ], [ 89.9381, 26.3332 ], [ 89.9487, 26.333 ], [ 89.9782, 26.3409 ], [ 89.9932, 26.351 ], [ 89.9983, 26.3446 ], [ 89.9892, 26.3354 ], [ 90.0042, 26.333 ] ] ] } },
{ "type": "Feature", "properties": { "unit_id": "IND.4.19.1_1", "name": "Bhowraguri Circle", "district": "Kokrajhar", "did": "assam:Kokrajhar", "state_key": "assam" }, "geometry": { "type": "Polygon", "coordinates": [ [ [ 90.1058, 26.4531 ], [ 90.1047, 26.4391 ], [ 90.1148, 26.4392 ], [ 90.1138, 26.4146 ], [ 90.1207, 26.4104 ], [ 90.1117, 26.4014 ], [ 90.1041, 26.3998 ], [ 90.1151, 26.39 ], [ 90.1091, 26.3851 ], [ 90.1014, 26.3871 ], [ 90.0981, 26.3783 ], [ 90.1086, 26.3709 ], [ 90.1122, 26.3736 ], [ 90.1098, 26.3801 ], [ 90.1137, 26.3812 ], [ 90.1193, 26.3716 ], [ 90.1094, 26.3682 ], [ 90.1004, 26.3596 ], [ 90.1052, 26.3553 ], [ 90.11, 26.3586 ], [ 90.1164, 26.3567 ], [ 90.1188, 26.3686 ], [ 90.1221, 26.3616 ], [ 90.1193, 26.3562 ], [ 90.1235, 26.353 ], [ 90.1102, 26.345 ], [ 90.1055, 26.3461 ], [ 90.1021, 26.3379 ], [ 90.105, 26.3313 ], [ 90.0509, 26.2969 ], [ 90.0367, 26.3016 ], [ 90.0266, 26.3115 ], [ 90.0275, 26.3175 ], [ 90.0218, 26.3243 ], [ 90.0273, 26.3348 ], [ 90.0162, 26.335 ], [ 90.0161, 26.3302 ], [ 90.0087, 26.3258 ], [ 90.0038, 26.3281 ], [ 90.0042, 26.333 ], [ 89.9892, 26.3354 ], [ 89.9983, 26.3446 ], [ 89.9955, 26.3502 ], [ 89.99, 26.3505 ], [ 89.9822, 26.344 ], [ 89.9803, 26.346 ], [ 89.9763, 26.355 ], [ 89.9779, 26.3677 ], [ 89.9842, 26.3719 ], [ 89.9838, 26.3883 ], [ 89.9854, 26.392 ], [ 90.0014, 26.3932 ], [ 90.0067, 26.409 ], [ 90.0125, 26.4086 ], [ 90.0286, 26.4174 ], [ 90.024, 26.4281 ], [ 90.0277, 26.433 ], [ 90.0416, 26.4332 ], [ 90.0465, 26.4262 ], [ 90.0522, 26.4269 ], [ 90.0634, 26.4489 ], [ 90.0834, 26.4653 ], [ 90.0971, 26.4655 ], [ 90.103, 26.4617 ], [ 90.096, 26.4545 ], [ 90.0968, 26.4501 ], [ 90.1058, 26.4531 ] ] ] } },
{ "type": "Feature", "properties": { "unit_id": "IND.4.19.1_1", "name": "Gossaigaon Circle", "district": "Kokrajhar", "did": "assam:Kokrajhar", "state_key": "assam" }, "geometry": { "type": "Polygon", "coordinates": [ [ [ 90.1943, 26.684 ], [ 90.1937, 26.6586 ], [ 90.1853, 26.6404 ], [ 90.1721, 26.6264 ], [ 90.1603, 26.6007 ], [ 90.1386, 26.5873 ], [ 90.1322, 26.5788 ], [ 90.1314, 26.5588 ], [ 90.1162, 26.5487 ], [ 90.1083, 26.5479 ], [ 90.0991, 26.5172 ], [ 90.1129, 26.507 ], [ 90.106, 26.5013 ], [ 90.1102, 26.4922 ], [ 90.0991, 26.4793 ], [ 90.0971, 26.4655 ], [ 90.0834, 26.4653 ], [ 90.066, 26.4518 ], [ 90.0522, 26.4269 ], [ 90.0465, 26.4262 ], [ 90.0416, 26.4332 ], [ 90.0277, 26.433 ], [ 90.024, 26.4281 ], [ 90.0289, 26.4193 ], [ 90.0269, 26.4157 ], [ 90.0067, 26.409 ], [ 90.0014, 26.3932 ], [ 89.9854, 26.392 ], [ 89.9842, 26.3719 ], [ 89.9779, 26.3677 ], [ 89.9763, 26.355 ], [ 89.9822, 26.344 ], [ 89.9791, 26.3415 ], [ 89.9416, 26.3326 ], [ 89.9297, 26.3412 ], [ 89.9217, 26.3372 ], [ 89.9123, 26.3412 ], [ 89.9056, 26.3279 ], [ 89.9026, 26.3387 ], [ 89.8692, 26.3496 ], [ 89.8763, 26.3554 ], [ 89.8756, 26.3628 ], [ 89.8664, 26.3623 ], [ 89.8606, 26.369 ], [ 89.851, 26.3678 ], [ 89.8449, 26.3727 ], [ 89.8424, 26.378 ], [ 89.8458, 26.3845 ], [ 89.8545, 26.3822 ], [ 89.859, 26.3844 ], [ 89.8554, 26.3909 ], [ 89.8573, 26.3961 ], [ 89.851, 26.4027 ], [ 89.8478, 26.4042 ], [ 89.8401, 26.3918 ], [ 89.8301, 26.3946 ], [ 89.8353, 26.412 ], [ 89.8575, 26.412 ], [ 89.8492, 26.4228 ], [ 89.8559, 26.4249 ], [ 89.8586, 26.4396 ], [ 89.8721, 26.4521 ], [ 89.8724, 26.4645 ], [ 89.8648, 26.4691 ], [ 89.8624, 26.4835 ], [ 89.8563, 26.4854 ], [ 89.854, 26.4918 ], [ 89.8588, 26.4999 ], [ 89.8566, 26.5207 ], [ 89.8659, 26.5323 ], [ 89.8632, 26.5416 ], [ 89.869, 26.5539 ], [ 89.8645, 26.5732 ], [ 89.866, 26.5768 ], [ 89.8826, 26.5834 ], [ 89.8738, 26.5913 ], [ 89.8784, 26.6155 ], [ 89.8642, 26.6157 ], [ 89.8583, 26.6234 ], [ 89.8592, 26.6296 ], [ 89.8769, 26.6485 ], [ 89.8705, 26.6553 ], [ 89.8748, 26.6823 ], [ 89.8633, 26.7008 ], [ 89.8645, 26.73 ], [ 89.8589, 26.7349 ], [ 89.8629, 26.7371 ], [ 89.8973, 26.7243 ], [ 89.9671, 26.7235 ], [ 90.0082, 26.7322 ], [ 90.0496, 26.7304 ], [ 90.1277, 26.7503 ], [ 90.1797, 26.7069 ], [ 90.1943, 26.684 ] ] ] } },
{ "type": "Feature", "properties": { "unit_id": "IND.4.26.1_1", "name": "Sadia Circle", "district": "Tinsukia", "did": "assam:Tinsukia", "state_key": "assam" }, "geometry": { "type": "Polygon", "coordinates": [ [ [ 95.9492, 27.9312 ], [ 95.9548, 27.9312 ], [ 95.9486, 27.9244 ], [ 95.9527, 27.9201 ], [ 95.9427, 27.9107 ], [ 95.9382, 27.9125 ], [ 95.9355, 27.9075 ], [ 95.941, 27.9056 ], [ 95.9298, 27.9027 ], [ 95.9377, 27.8982 ], [ 95.9285, 27.8951 ], [ 95.9263, 27.8989 ], [ 95.926, 27.8953 ], [ 95.9192, 27.895 ], [ 95.9237, 27.8881 ], [ 95.9155, 27.8894 ], [ 95.9168, 27.885 ], [ 95.9251, 27.8817 ], [ 95.9194, 27.8806 ], [ 95.9156, 27.8838 ], [ 95.9107, 27.8702 ], [ 95.9073, 27.8704 ], [ 95.9066, 27.866 ], [ 95.9017, 27.8685 ], [ 95.9049, 27.8621 ], [ 95.8948, 27.862 ], [ 95.8953, 27.8574 ], [ 95.8903, 27.86 ], [ 95.8837, 27.8461 ], [ 95.8704, 27.8327 ], [ 95.8378, 27.8241 ], [ 95.8381, 27.8102 ], [ 95.8249, 27.8079 ], [ 95.8117, 27.7976 ], [ 95.8003, 27.7737 ], [ 95.776, 27.7536 ], [ 95.7779, 27.743 ], [ 95.7613, 27.7476 ], [ 95.7196, 27.7508 ], [ 95.7042, 27.768 ], [ 95.6949, 27.7865 ], [ 95.6761, 27.7922 ], [ 95.6568, 27.7904 ], [ 95.6472, 27.7835 ], [ 95.6327, 27.7838 ], [ 95.6053, 27.7721 ], [ 95.5977, 27.7749 ], [ 95.5674, 27.7703 ], [ 95.5606, 27.7764 ], [ 95.5318, 27.7879 ], [ 95.4976, 27.7659 ], [ 95.4769, 27.7418 ], [ 95.4586, 27.7311 ], [ 95.4452, 27.7283 ], [ 95.4351, 27.7103 ], [ 95.4188, 27.7053 ], [ 95.4078, 27.6974 ], [ 95.4097, 27.7737 ], [ 95.4361, 27.8006 ], [ 95.4514, 27.8049 ], [ 95.4669, 27.8181 ], [ 95.4825, 27.8359 ], [ 95.488, 27.8539 ], [ 95.4932, 27.8583 ], [ 95.5152, 27.8595 ], [ 95.5146, 27.8795 ], [ 95.5223, 27.883 ], [ 95.534, 27.8981 ], [ 95.543, 27.8985 ], [ 95.5447, 27.9108 ], [ 95.5635, 27.9193 ], [ 95.5686, 27.9359 ], [ 95.576, 27.9397 ], [ 95.5861, 27.9367 ], [ 95.6037, 27.954 ], [ 95.8239, 27.9715 ], [ 95.9713, 27.9627 ], [ 95.9483, 27.9371 ], [ 95.9492, 27.9312 ] ] ] } },
{ "type": "Feature", "properties": { "unit_id": "IND.4.26.2_1", "name": "Margherita Circle", "district": "Tinsukia", "did": "assam:Tinsukia", "state_key": "assam" }, "geometry": { "type": "Polygon", "coordinates": [ [ [ 95.7743, 27.6508 ], [ 95.7958, 27.6417 ], [ 95.796, 27.6379 ], [ 95.7883, 27.6348 ], [ 95.7895, 27.6263 ], [ 95.7792, 27.6255 ], [ 95.7783, 27.6194 ], [ 95.7903, 27.6118 ], [ 95.7925, 27.5979 ], [ 95.8056, 27.6009 ], [ 95.8181, 27.5966 ], [ 95.8119, 27.5832 ], [ 95.8143, 27.5742 ], [ 95.8234, 27.5745 ], [ 95.8334, 27.56 ], [ 95.8413, 27.5621 ], [ 95.8607, 27.5431 ], [ 95.8737, 27.547 ], [ 95.8765, 27.5446 ], [ 95.8758, 27.5124 ], [ 95.8869, 27.4971 ], [ 95.8743, 27.4932 ], [ 95.8707, 27.4667 ], [ 95.8533, 27.4569 ], [ 95.8568, 27.4449 ], [ 95.8468, 27.4386 ], [ 95.8423, 27.4268 ], [ 95.853, 27.4111 ], [ 95.8619, 27.4089 ], [ 95.8571, 27.4199 ], [ 95.8709, 27.4264 ], [ 95.8757, 27.4348 ], [ 95.8832, 27.4353 ], [ 95.884, 27.414 ], [ 95.8883, 27.409 ], [ 95.884, 27.4025 ], [ 95.8862, 27.3983 ], [ 95.8987, 27.4129 ], [ 95.908, 27.4343 ], [ 95.9279, 27.4385 ], [ 95.9344, 27.4356 ], [ 95.9413, 27.4373 ], [ 95.9474, 27.433 ], [ 95.9452, 27.4266 ], [ 95.9547, 27.4196 ], [ 95.9603, 27.429 ], [ 95.9632, 27.4272 ], [ 95.9618, 27.418 ], [ 95.9646, 27.4181 ], [ 95.9655, 27.427 ], [ 95.9694, 27.4279 ], [ 95.9754, 27.4194 ], [ 95.9702, 27.4149 ], [ 95.9741, 27.4114 ], [ 95.9833, 27.4118 ], [ 95.9846, 27.4045 ], [ 95.9901, 27.4024 ], [ 95.9982, 27.3879 ], [ 96.0179, 27.3694 ], [ 96.0178, 27.3649 ], [ 95.9892, 27.3565 ], [ 95.9869, 27.3456 ], [ 95.9716, 27.3365 ], [ 95.9653, 27.3279 ], [ 95.9756, 27.3245 ], [ 95.9628, 27.3231 ], [ 95.961, 27.3164 ], [ 95.955, 27.3177 ], [ 95.96, 27.311 ], [ 95.9072, 27.289 ], [ 95.9061, 27.2822 ], [ 95.8972, 27.2822 ], [ 95.9044, 27.2739 ], [ 95.9001, 27.2743 ], [ 95.8995, 27.2687 ], [ 95.8936, 27.2676 ], [ 95.8924, 27.2553 ], [ 95.8694, 27.26 ], [ 95.8564, 27.2711 ], [ 95.8538, 27.2792 ], [ 95.8593, 27.2872 ], [ 95.8154, 27.2785 ], [ 95.8052, 27.273 ], [ 95.8055, 27.2758 ], [ 95.7994, 27.2766 ], [ 95.8009, 27.2843 ], [ 95.7879, 27.2786 ], [ 95.7796, 27.2698 ], [ 95.7421, 27.2667 ], [ 95.7347, 27.2604 ], [ 95.7271, 27.2596 ], [ 95.7202, 27.2495 ], [ 95.712, 27.2528 ], [ 95.7015, 27.2486 ], [ 95.6924, 27.2532 ], [ 95.6815, 27.2517 ], [ 95.6323, 27.2297 ], [ 95.619, 27.2325 ], [ 95.5993, 27.223 ], [ 95.5851, 27.2244 ], [ 95.5746, 27.2344 ], [ 95.5773, 27.2381 ], [ 95.5742, 27.244 ], [ 95.5535, 27.2489 ], [ 95.5482, 27.2576 ], [ 95.5351, 27.2616 ], [ 95.5345, 27.2646 ], [ 95.5316, 27.261 ], [ 95.5301, 27.2645 ], [ 95.5255, 27.2638 ], [ 95.5182, 27.2576 ], [ 95.5088, 27.2619 ], [ 95.5038, 27.2485 ], [ 95.4843, 27.2413 ], [ 95.4823, 27.2524 ], [ 95.4707, 27.2531 ], [ 95.4711, 27.2627 ], [ 95.4661, 27.2634 ], [ 95.4535, 27.2487 ], [ 95.4567, 27.2397 ], [ 95.451, 27.2314 ], [ 95.4464, 27.2484 ], [ 95.4398, 27.2551 ], [ 95.4409, 27.2609 ], [ 95.4489, 27.2661 ], [ 95.4629, 27.2641 ], [ 95.4712, 27.2695 ], [ 95.5023, 27.3114 ], [ 95.511, 27.3181 ], [ 95.5203, 27.3186 ], [ 95.5173, 27.3255 ], [ 95.5218, 27.3343 ], [ 95.5078, 27.3395 ], [ 95.5091, 27.3487 ], [ 95.5481, 27.3614 ], [ 95.5614, 27.3607 ], [ 95.5888, 27.375 ], [ 95.5921, 27.3797 ], [ 95.5868, 27.4139 ], [ 95.633, 27.4167 ], [ 95.6336, 27.4408 ], [ 95.6249, 27.4602 ], [ 95.6132, 27.4634 ], [ 95.6144, 27.4755 ], [ 95.6361, 27.4698 ], [ 95.6529, 27.475 ], [ 95.6653, 27.4677 ], [ 95.6656, 27.5134 ], [ 95.6913, 27.5074 ], [ 95.7034, 27.501 ], [ 95.7372, 27.5455 ], [ 95.7311, 27.5623 ], [ 95.7374, 27.5657 ], [ 95.7475, 27.5631 ], [ 95.7605, 27.5674 ], [ 95.7623, 27.5921 ], [ 95.755, 27.5952 ], [ 95.7434, 27.5879 ], [ 95.7419, 27.5973 ], [ 95.7487, 27.607 ], [ 95.7448, 27.6069 ], [ 95.7459, 27.6163 ], [ 95.7722, 27.6548 ], [ 95.7743, 27.6508 ] ] ] } },
{ "type": "Feature", "properties": { "unit_id": "IND.4.26.2_1", "name": "Tinsukia Circle", "district": "Tinsukia", "did": "assam:Tinsukia", "state_key": "assam" }, "geometry": { "type": "Polygon", "coordinates": [ [ [ 95.4188, 27.7053 ], [ 95.4351, 27.7103 ], [ 95.4452, 27.7283 ], [ 95.4586, 27.7311 ], [ 95.4671, 27.7195 ], [ 95.4707, 27.7008 ], [ 95.4651, 27.6819 ], [ 95.4516, 27.6765 ], [ 95.4426, 27.6639 ], [ 95.4334, 27.638 ], [ 95.4225, 27.6349 ], [ 95.4182, 27.6238 ], [ 95.404, 27.6205 ], [ 95.4028, 27.6234 ], [ 95.3962, 27.6126 ], [ 95.3558, 27.5899 ], [ 95.3595, 27.5807 ], [ 95.3638, 27.5792 ], [ 95.3644, 27.5719 ], [ 95.3748, 27.5668 ], [ 95.3746, 27.5577 ], [ 95.3932, 27.5588 ], [ 95.3958, 27.5522 ], [ 95.3948, 27.5443 ], [ 95.3804, 27.5246 ], [ 95.3843, 27.5015 ], [ 95.3975, 27.4962 ], [ 95.4136, 27.5002 ], [ 95.4185, 27.4922 ], [ 95.4221, 27.4961 ], [ 95.4324, 27.4961 ], [ 95.4406, 27.4912 ], [ 95.4645, 27.5079 ], [ 95.467, 27.5211 ], [ 95.4964, 27.5328 ], [ 95.5, 27.5378 ], [ 95.4964, 27.5476 ], [ 95.5081, 27.5487 ], [ 95.5133, 27.5551 ], [ 95.5203, 27.5564 ], [ 95.5196, 27.5604 ], [ 95.5108, 27.565 ], [ 95.5146, 27.577 ], [ 95.5333, 27.5755 ], [ 95.5346, 27.5705 ], [ 95.5478, 27.5669 ], [ 95.5448, 27.5517 ], [ 95.5491, 27.5429 ], [ 95.5561, 27.5419 ], [ 95.558, 27.5371 ], [ 95.606, 27.5116 ], [ 95.6162, 27.4761 ], [ 95.6125, 27.4721 ], [ 95.6132, 27.4634 ], [ 95.6249, 27.4602 ], [ 95.6336, 27.4408 ], [ 95.633, 27.4167 ], [ 95.5851, 27.413 ], [ 95.5921, 27.3797 ], [ 95.5888, 27.375 ], [ 95.5614, 27.3607 ], [ 95.5481, 27.3614 ], [ 95.5091, 27.3487 ], [ 95.5078, 27.3395 ], [ 95.5218, 27.3343 ], [ 95.5173, 27.3255 ], [ 95.5203, 27.3186 ], [ 95.511, 27.3181 ], [ 95.5023, 27.3114 ], [ 95.4843, 27.2905 ], [ 95.4779, 27.2771 ], [ 95.4607, 27.2637 ], [ 95.4545, 27.2656 ], [ 95.4605, 27.2706 ], [ 95.4543, 27.2817 ], [ 95.4562, 27.2872 ], [ 95.4459, 27.2945 ], [ 95.4807, 27.321 ], [ 95.4675, 27.317 ], [ 95.4595, 27.3298 ], [ 95.4483, 27.3355 ], [ 95.4584, 27.3461 ], [ 95.4657, 27.3428 ], [ 95.4693, 27.3483 ], [ 95.4671, 27.3645 ], [ 95.4738, 27.3674 ], [ 95.454, 27.375 ], [ 95.4468, 27.3667 ], [ 95.4393, 27.3644 ], [ 95.4113, 27.3872 ], [ 95.39, 27.3912 ], [ 95.3627, 27.3827 ], [ 95.3518, 27.3871 ], [ 95.3484, 27.394 ], [ 95.3304, 27.3889 ], [ 95.3237, 27.3907 ], [ 95.3198, 27.3874 ], [ 95.3093, 27.3893 ], [ 95.305, 27.397 ], [ 95.2962, 27.4016 ], [ 95.2953, 27.4153 ], [ 95.2881, 27.4105 ], [ 95.2782, 27.4088 ], [ 95.2755, 27.4127 ], [ 95.2675, 27.4103 ], [ 95.2676, 27.4068 ], [ 95.2615, 27.4057 ], [ 95.2568, 27.4092 ], [ 95.2535, 27.4034 ], [ 95.2486, 27.4043 ], [ 95.2438, 27.4198 ], [ 95.2517, 27.4343 ], [ 95.2228, 27.4404 ], [ 95.2172, 27.4595 ], [ 95.2249, 27.4703 ], [ 95.229, 27.4989 ], [ 95.2666, 27.5096 ], [ 95.265, 27.5225 ], [ 95.2721, 27.5269 ], [ 95.2646, 27.5321 ], [ 95.2653, 27.5443 ], [ 95.2749, 27.5506 ], [ 95.2826, 27.5475 ], [ 95.2724, 27.5659 ], [ 95.2732, 27.5744 ], [ 95.2847, 27.5677 ], [ 95.29, 27.5769 ], [ 95.2941, 27.5756 ], [ 95.3003, 27.5799 ], [ 95.3002, 27.5849 ], [ 95.3046, 27.5821 ], [ 95.3184, 27.5876 ], [ 95.2891, 27.6638 ], [ 95.2697, 27.6814 ], [ 95.2737, 27.6893 ], [ 95.2873, 27.6973 ], [ 95.3404, 27.7003 ], [ 95.361, 27.7074 ], [ 95.3812, 27.7234 ], [ 95.3927, 27.728 ], [ 95.3981, 27.7365 ], [ 95.3957, 27.7507 ], [ 95.4047, 27.7606 ], [ 95.4049, 27.7696 ], [ 95.4097, 27.7737 ], [ 95.4078, 27.6974 ], [ 95.4188, 27.7053 ] ] ] } },
{ "type": "Feature", "properties": { "unit_id": "IND.4.9.1_1", "name": "Tengakhat Circle", "district": "Dibrugarh", "did": "assam:Dibrugarh", "state_key": "assam" }, "geometry": { "type": "Polygon", "coordinates": [ [ [ 95.1336, 27.4394 ], [ 95.1283, 27.4184 ], [ 95.1334, 27.4196 ], [ 95.1432, 27.4142 ], [ 95.1496, 27.416 ], [ 95.1717, 27.4074 ], [ 95.1842, 27.4142 ], [ 95.2127, 27.4113 ], [ 95.2296, 27.4193 ], [ 95.2437, 27.4162 ], [ 95.2481, 27.4047 ], [ 95.2535, 27.4034 ], [ 95.2568, 27.4092 ], [ 95.264, 27.4059 ], [ 95.2715, 27.412 ], [ 95.2828, 27.4093 ], [ 95.2953, 27.4153 ], [ 95.2962, 27.4016 ], [ 95.305, 27.397 ], [ 95.3093, 27.3893 ], [ 95.3198, 27.3874 ], [ 95.3463, 27.3942 ], [ 95.3602, 27.3828 ], [ 95.3725, 27.3839 ], [ 95.3757, 27.3883 ], [ 95.3815, 27.3871 ], [ 95.3866, 27.3911 ], [ 95.4108, 27.3874 ], [ 95.4406, 27.3642 ], [ 95.4559, 27.3745 ], [ 95.4741, 27.3669 ], [ 95.4671, 27.3645 ], [ 95.4693, 27.3483 ], [ 95.4657, 27.3428 ], [ 95.4584, 27.3461 ], [ 95.4483, 27.3355 ], [ 95.4595, 27.3298 ], [ 95.4675, 27.317 ], [ 95.4807, 27.321 ], [ 95.4471, 27.2951 ], [ 95.4375, 27.3026 ], [ 95.4238, 27.2912 ], [ 95.4174, 27.3007 ], [ 95.4035, 27.2988 ], [ 95.3814, 27.3198 ], [ 95.3627, 27.3235 ], [ 95.3509, 27.3133 ], [ 95.346, 27.2854 ], [ 95.3404, 27.283 ], [ 95.3332, 27.2904 ], [ 95.3302, 27.3181 ], [ 95.3263, 27.3234 ], [ 95.3144, 27.3241 ], [ 95.2963, 27.3056 ], [ 95.2864, 27.3033 ], [ 95.2623, 27.3233 ], [ 95.2398, 27.3342 ], [ 95.2372, 27.3404 ], [ 95.2402, 27.3449 ], [ 95.2466, 27.3497 ], [ 95.2507, 27.3492 ], [ 95.2504, 27.3445 ], [ 95.2566, 27.3468 ], [ 95.2378, 27.3607 ], [ 95.2333, 27.3621 ], [ 95.2282, 27.3574 ], [ 95.2263, 27.3546 ], [ 95.2313, 27.3464 ], [ 95.2224, 27.3403 ], [ 95.2161, 27.3434 ], [ 95.2126, 27.3556 ], [ 95.1965, 27.3605 ], [ 95.1871, 27.3471 ], [ 95.175, 27.3401 ], [ 95.1635, 27.3397 ], [ 95.1571, 27.353 ], [ 95.1511, 27.3534 ], [ 95.1492, 27.3408 ], [ 95.1398, 27.3314 ], [ 95.1297, 27.328 ], [ 95.1215, 27.3345 ], [ 95.1174, 27.3327 ], [ 95.1136, 27.3249 ], [ 95.1187, 27.3123 ], [ 95.1129, 27.3069 ], [ 95.1073, 27.3083 ], [ 95.1005, 27.3198 ], [ 95.0864, 27.3217 ], [ 95.0801, 27.3129 ], [ 95.0854, 27.2953 ], [ 95.0763, 27.2927 ], [ 95.0638, 27.3159 ], [ 95.0498, 27.3239 ], [ 95.0399, 27.3357 ], [ 95.0208, 27.333 ], [ 95.0178, 27.3375 ], [ 95.0244, 27.3435 ], [ 95.0245, 27.3502 ], [ 95.038, 27.3511 ], [ 95.048, 27.3409 ], [ 95.0658, 27.3466 ], [ 95.0632, 27.3637 ], [ 95.0697, 27.3712 ], [ 95.0792, 27.3746 ], [ 95.0852, 27.4024 ], [ 95.1159, 27.4269 ], [ 95.1244, 27.4437 ], [ 95.1336, 27.4394 ] ] ] } },
{ "type": "Feature", "properties": { "unit_id": "IND.4.9.1_1", "name": "Naharkatiya Circle", "district": "Dibrugarh", "did": "assam:Dibrugarh", "state_key": "assam" }, "geometry": { "type": "Polygon", "coordinates": [ [ [ 95.2504, 27.3445 ], [ 95.2507, 27.3492 ], [ 95.2466, 27.3497 ], [ 95.239, 27.3438 ], [ 95.2388, 27.3355 ], [ 95.2623, 27.3233 ], [ 95.2864, 27.3033 ], [ 95.2963, 27.3056 ], [ 95.3144, 27.3241 ], [ 95.3263, 27.3234 ], [ 95.3302, 27.3181 ], [ 95.3332, 27.2904 ], [ 95.3404, 27.283 ], [ 95.346, 27.2854 ], [ 95.352, 27.3151 ], [ 95.3618, 27.3232 ], [ 95.3681, 27.324 ], [ 95.3869, 27.3165 ], [ 95.4035, 27.2988 ], [ 95.4174, 27.3007 ], [ 95.421, 27.2918 ], [ 95.4262, 27.2913 ], [ 95.4306, 27.2998 ], [ 95.4381, 27.3026 ], [ 95.4513, 27.2881 ], [ 95.4562, 27.2872 ], [ 95.4543, 27.2817 ], [ 95.4603, 27.2696 ], [ 95.4426, 27.263 ], [ 95.4401, 27.2572 ], [ 95.4477, 27.2455 ], [ 95.448, 27.2346 ], [ 95.4536, 27.2315 ], [ 95.4567, 27.2397 ], [ 95.4535, 27.2487 ], [ 95.4672, 27.2638 ], [ 95.4711, 27.2627 ], [ 95.4698, 27.2537 ], [ 95.4823, 27.2524 ], [ 95.4843, 27.2413 ], [ 95.4775, 27.2268 ], [ 95.4715, 27.2227 ], [ 95.4724, 27.2189 ], [ 95.4581, 27.2098 ], [ 95.4559, 27.2036 ], [ 95.4666, 27.1816 ], [ 95.4595, 27.1757 ], [ 95.4655, 27.1664 ], [ 95.4533, 27.1573 ], [ 95.4622, 27.1497 ], [ 95.4533, 27.1294 ], [ 95.4444, 27.1352 ], [ 95.4447, 27.1288 ], [ 95.4396, 27.1259 ], [ 95.4206, 27.1258 ], [ 95.3985, 27.1087 ], [ 95.3846, 27.1055 ], [ 95.383, 27.0982 ], [ 95.3714, 27.0934 ], [ 95.3712, 27.1008 ], [ 95.3638, 27.1025 ], [ 95.372, 27.1127 ], [ 95.365, 27.1158 ], [ 95.3614, 27.1277 ], [ 95.3671, 27.1361 ], [ 95.3657, 27.144 ], [ 95.359, 27.1547 ], [ 95.3588, 27.1659 ], [ 95.3473, 27.1728 ], [ 95.344, 27.1821 ], [ 95.3252, 27.1882 ], [ 95.314, 27.1837 ], [ 95.3081, 27.19 ], [ 95.3023, 27.1907 ], [ 95.3031, 27.1953 ], [ 95.2872, 27.1974 ], [ 95.2827, 27.1973 ], [ 95.2861, 27.1932 ], [ 95.2806, 27.1943 ], [ 95.2787, 27.1887 ], [ 95.266, 27.1921 ], [ 95.267, 27.1983 ], [ 95.2637, 27.1996 ], [ 95.2589, 27.2168 ], [ 95.2496, 27.2241 ], [ 95.2387, 27.2229 ], [ 95.2409, 27.2253 ], [ 95.235, 27.2435 ], [ 95.224, 27.2483 ], [ 95.2236, 27.2573 ], [ 95.1778, 27.2631 ], [ 95.1391, 27.2801 ], [ 95.1385, 27.2912 ], [ 95.1499, 27.2914 ], [ 95.153, 27.2963 ], [ 95.1468, 27.3043 ], [ 95.1335, 27.3113 ], [ 95.1305, 27.3202 ], [ 95.1227, 27.3222 ], [ 95.1186, 27.315 ], [ 95.1136, 27.3249 ], [ 95.1201, 27.3342 ], [ 95.1297, 27.328 ], [ 95.1429, 27.3335 ], [ 95.1492, 27.3408 ], [ 95.1511, 27.3534 ], [ 95.1571, 27.353 ], [ 95.1658, 27.3389 ], [ 95.1823, 27.3433 ], [ 95.1965, 27.3605 ], [ 95.2126, 27.3556 ], [ 95.2161, 27.3434 ], [ 95.2224, 27.3403 ], [ 95.2313, 27.3464 ], [ 95.2263, 27.3546 ], [ 95.2333, 27.3621 ], [ 95.2566, 27.3468 ], [ 95.2504, 27.3445 ] ] ] } },
{ "type": "Feature", "properties": { "unit_id": "IND.4.9.1_1", "name": "Chabua Circle", "district": "Dibrugarh", "did": "assam:Dibrugarh", "state_key": "assam" }, "geometry": { "type": "Polygon", "coordinates": [ [ [ 95.1888, 27.6765 ], [ 95.2047, 27.6583 ], [ 95.2464, 27.6568 ], [ 95.2697, 27.6814 ], [ 95.2765, 27.6784 ], [ 95.2896, 27.6629 ], [ 95.3184, 27.5876 ], [ 95.3046, 27.5821 ], [ 95.3002, 27.5849 ], [ 95.3003, 27.5799 ], [ 95.2941, 27.5756 ], [ 95.29, 27.5769 ], [ 95.2847, 27.5677 ], [ 95.2732, 27.5744 ], [ 95.2724, 27.5659 ], [ 95.2826, 27.5475 ], [ 95.2749, 27.5506 ], [ 95.2653, 27.5443 ], [ 95.2646, 27.5321 ], [ 95.2721, 27.5269 ], [ 95.265, 27.5225 ], [ 95.2666, 27.5096 ], [ 95.229, 27.4989 ], [ 95.2249, 27.4703 ], [ 95.2172, 27.4595 ], [ 95.2199, 27.4437 ], [ 95.2294, 27.4373 ], [ 95.2517, 27.4343 ], [ 95.245, 27.4258 ], [ 95.2437, 27.4162 ], [ 95.2296, 27.4193 ], [ 95.2118, 27.4112 ], [ 95.1842, 27.4142 ], [ 95.1717, 27.4074 ], [ 95.1496, 27.416 ], [ 95.1432, 27.4142 ], [ 95.1334, 27.4196 ], [ 95.1283, 27.4184 ], [ 95.1336, 27.4394 ], [ 95.1247, 27.4445 ], [ 95.0962, 27.4531 ], [ 95.0846, 27.4427 ], [ 95.0727, 27.4485 ], [ 95.0701, 27.4634 ], [ 95.0798, 27.4789 ], [ 95.0961, 27.4822 ], [ 95.1017, 27.5096 ], [ 95.0957, 27.5117 ], [ 95.0894, 27.503 ], [ 95.0719, 27.5006 ], [ 95.0651, 27.5072 ], [ 95.0499, 27.5483 ], [ 95.043, 27.5507 ], [ 95.0197, 27.5428 ], [ 95.0189, 27.5534 ], [ 95.0128, 27.5602 ], [ 95.018, 27.5595 ], [ 95.0214, 27.5681 ], [ 95.0297, 27.5721 ], [ 95.0285, 27.5779 ], [ 95.0157, 27.5733 ], [ 94.9997, 27.5602 ], [ 94.9705, 27.5539 ], [ 94.9677, 27.6085 ], [ 94.9653, 27.6152 ], [ 94.9579, 27.6178 ], [ 94.9965, 27.6593 ], [ 95.0167, 27.6565 ], [ 95.036, 27.6686 ], [ 95.0531, 27.6627 ], [ 95.0711, 27.6639 ], [ 95.093, 27.6604 ], [ 95.1041, 27.6675 ], [ 95.1087, 27.679 ], [ 95.1178, 27.6859 ], [ 95.1957, 27.7049 ], [ 95.1992, 27.6916 ], [ 95.1888, 27.6765 ] ] ] } },
{ "type": "Feature", "properties": { "unit_id": "IND.4.7.1_1", "name": "Sisibargaon Circal", "district": "Dhemaji", "did": "assam:Dhemaji", "state_key": "assam" }, "geometry": { "type": "Polygon", "coordinates": [ [ [ 94.8851, 27.6868 ], [ 94.8837, 27.6812 ], [ 94.8709, 27.6709 ], [ 94.8609, 27.6703 ], [ 94.8676, 27.654 ], [ 94.8617, 27.6489 ], [ 94.8516, 27.6477 ], [ 94.8515, 27.6407 ], [ 94.8408, 27.6372 ], [ 94.8425, 27.6256 ], [ 94.8456, 27.6306 ], [ 94.8536, 27.6329 ], [ 94.8678, 27.6274 ], [ 94.8814, 27.6475 ], [ 94.903, 27.6507 ], [ 94.9217, 27.6388 ], [ 94.9283, 27.6191 ], [ 94.9441, 27.6092 ], [ 94.9252, 27.6011 ], [ 94.9045, 27.5789 ], [ 94.8944, 27.579 ], [ 94.8789, 27.5612 ], [ 94.7986, 27.4916 ], [ 94.7932, 27.4828 ], [ 94.7711, 27.4825 ], [ 94.7496, 27.4536 ], [ 94.7462, 27.4377 ], [ 94.7401, 27.4363 ], [ 94.7317, 27.4433 ], [ 94.7188, 27.4275 ], [ 94.6932, 27.4217 ], [ 94.6864, 27.4113 ], [ 94.6908, 27.3935 ], [ 94.6845, 27.384 ], [ 94.6646, 27.3771 ], [ 94.6622, 27.372 ], [ 94.6664, 27.3526 ], [ 94.6421, 27.3421 ], [ 94.6373, 27.336 ], [ 94.6382, 27.3215 ], [ 94.6346, 27.3202 ], [ 94.622, 27.3331 ], [ 94.629, 27.3407 ], [ 94.6236, 27.3438 ], [ 94.6253, 27.3541 ], [ 94.6204, 27.3627 ], [ 94.6163, 27.3648 ], [ 94.612, 27.355 ], [ 94.5932, 27.3585 ], [ 94.5934, 27.3773 ], [ 94.5773, 27.3891 ], [ 94.5718, 27.4098 ], [ 94.5795, 27.4279 ], [ 94.5801, 27.4419 ], [ 94.5934, 27.4542 ], [ 94.6034, 27.4997 ], [ 94.6067, 27.5388 ], [ 94.5857, 27.5719 ], [ 94.6059, 27.6027 ], [ 94.6057, 27.6189 ], [ 94.6235, 27.6278 ], [ 94.6312, 27.624 ], [ 94.6372, 27.6259 ], [ 94.6467, 27.6381 ], [ 94.664, 27.6459 ], [ 94.6827, 27.6459 ], [ 94.6867, 27.651 ], [ 94.6838, 27.6602 ], [ 94.6879, 27.6651 ], [ 94.709, 27.6566 ], [ 94.716, 27.6575 ], [ 94.7251, 27.669 ], [ 94.7414, 27.6599 ], [ 94.7543, 27.6605 ], [ 94.7692, 27.6795 ], [ 94.7787, 27.6797 ], [ 94.789, 27.6852 ], [ 94.7937, 27.6952 ], [ 94.8208, 27.6921 ], [ 94.841, 27.7006 ], [ 94.8478, 27.7056 ], [ 94.8523, 27.7276 ], [ 94.8695, 27.733 ], [ 94.8905, 27.7249 ], [ 94.8941, 27.6853 ], [ 94.8851, 27.6868 ] ] ] } },
{ "type": "Feature", "properties": { "unit_id": "IND.4.9.1_1", "name": "Dibrugarh West Circle", "district": "Dibrugarh", "did": "assam:Dibrugarh", "state_key": "assam" }, "geometry": { "type": "Polygon", "coordinates": [ [ [ 94.9997, 27.5602 ], [ 95.0157, 27.5733 ], [ 95.0285, 27.5779 ], [ 95.0297, 27.5721 ], [ 95.0214, 27.5681 ], [ 95.018, 27.5595 ], [ 95.0128, 27.5602 ], [ 95.0189, 27.5534 ], [ 95.0197, 27.5428 ], [ 95.043, 27.5507 ], [ 95.0499, 27.5483 ], [ 95.0651, 27.5072 ], [ 95.0719, 27.5006 ], [ 95.0894, 27.503 ], [ 95.0957, 27.5117 ], [ 95.1017, 27.5096 ], [ 95.0966, 27.4829 ], [ 95.0778, 27.4768 ], [ 95.0699, 27.463 ], [ 95.074, 27.455 ], [ 95.0719, 27.4509 ], [ 95.0846, 27.4427 ], [ 95.0962, 27.4531 ], [ 95.1247, 27.4445 ], [ 95.1193, 27.4325 ], [ 95.0852, 27.4024 ], [ 95.0792, 27.3746 ], [ 95.0697, 27.3712 ], [ 95.0632, 27.3637 ], [ 95.0658, 27.3466 ], [ 95.048, 27.3409 ], [ 95.038, 27.3511 ], [ 95.0245, 27.3502 ], [ 95.0247, 27.3441 ], [ 95.0176, 27.3366 ], [ 95.0221, 27.3329 ], [ 95.0394, 27.3361 ], [ 95.0498, 27.3239 ], [ 95.0638, 27.3159 ], [ 95.0671, 27.3052 ], [ 94.9555, 27.2192 ], [ 94.8914, 27.1623 ], [ 94.8376, 27.099 ], [ 94.8362, 27.0917 ], [ 94.8335, 27.0938 ], [ 94.832, 27.0914 ], [ 94.8241, 27.0993 ], [ 94.8177, 27.0977 ], [ 94.82, 27.1 ], [ 94.8154, 27.1017 ], [ 94.8084, 27.0968 ], [ 94.8175, 27.1147 ], [ 94.788, 27.1199 ], [ 94.7877, 27.1249 ], [ 94.7606, 27.13 ], [ 94.762, 27.1347 ], [ 94.7535, 27.1406 ], [ 94.7581, 27.1472 ], [ 94.7553, 27.1517 ], [ 94.7602, 27.1517 ], [ 94.7612, 27.1569 ], [ 94.7681, 27.1595 ], [ 94.7674, 27.1637 ], [ 94.7786, 27.1712 ], [ 94.7725, 27.1742 ], [ 94.7737, 27.181 ], [ 94.7684, 27.185 ], [ 94.7727, 27.1871 ], [ 94.7747, 27.1848 ], [ 94.7751, 27.1883 ], [ 94.7773, 27.1863 ], [ 94.7793, 27.1904 ], [ 94.7746, 27.1937 ], [ 94.7796, 27.1937 ], [ 94.7809, 27.1997 ], [ 94.7756, 27.2002 ], [ 94.7756, 27.213 ], [ 94.7661, 27.2205 ], [ 94.7739, 27.2367 ], [ 94.7692, 27.2441 ], [ 94.7413, 27.2472 ], [ 94.7418, 27.2589 ], [ 94.7499, 27.2683 ], [ 94.7471, 27.273 ], [ 94.7382, 27.2752 ], [ 94.7272, 27.2726 ], [ 94.7179, 27.2632 ], [ 94.7206, 27.2457 ], [ 94.711, 27.2486 ], [ 94.704, 27.2667 ], [ 94.6948, 27.2721 ], [ 94.6851, 27.25 ], [ 94.6783, 27.2433 ], [ 94.6419, 27.2467 ], [ 94.6247, 27.2108 ], [ 94.6148, 27.1767 ], [ 94.593, 27.1457 ], [ 94.5675, 27.1793 ], [ 94.5798, 27.2016 ], [ 94.5771, 27.2151 ], [ 94.5876, 27.2471 ], [ 94.5866, 27.2674 ], [ 94.6137, 27.3066 ], [ 94.6107, 27.309 ], [ 94.6136, 27.3193 ], [ 94.6058, 27.325 ], [ 94.6072, 27.3299 ], [ 94.6214, 27.3333 ], [ 94.6346, 27.3202 ], [ 94.6382, 27.3215 ], [ 94.6385, 27.3382 ], [ 94.6664, 27.3526 ], [ 94.6622, 27.372 ], [ 94.6646, 27.3771 ], [ 94.6845, 27.384 ], [ 94.6908, 27.3935 ], [ 94.6864, 27.4113 ], [ 94.6932, 27.4217 ], [ 94.7188, 27.4275 ], [ 94.7317, 27.4433 ], [ 94.7401, 27.4363 ], [ 94.7462, 27.4377 ], [ 94.7496, 27.4536 ], [ 94.7711, 27.4825 ], [ 94.7932, 27.4828 ], [ 94.7986, 27.4916 ], [ 94.8789, 27.5612 ], [ 94.8944, 27.579 ], [ 94.9045, 27.5789 ], [ 94.9252, 27.6011 ], [ 94.9579, 27.6178 ], [ 94.9653, 27.6152 ], [ 94.9677, 27.6085 ], [ 94.971, 27.5536 ], [ 94.9997, 27.5602 ] ] ] } },
{ "type": "Feature", "properties": { "unit_id": "IND.4.9.1_1", "name": "Tingkhong Circle", "district": "Dibrugarh", "did": "assam:Dibrugarh", "state_key": "assam" }, "geometry": { "type": "Polygon", "coordinates": [ [ [ 95.1335, 27.3113 ], [ 95.1468, 27.3043 ], [ 95.153, 27.2963 ], [ 95.1499, 27.2914 ], [ 95.1385, 27.2912 ], [ 95.1391, 27.2801 ], [ 95.1778, 27.2631 ], [ 95.2236, 27.2573 ], [ 95.224, 27.2483 ], [ 95.235, 27.2435 ], [ 95.2409, 27.2253 ], [ 95.2387, 27.2229 ], [ 95.2496, 27.2241 ], [ 95.2589, 27.2168 ], [ 95.2637, 27.1996 ], [ 95.267, 27.1983 ], [ 95.2664, 27.1869 ], [ 95.2589, 27.1921 ], [ 95.2577, 27.1842 ], [ 95.2545, 27.1932 ], [ 95.2373, 27.1899 ], [ 95.2416, 27.1833 ], [ 95.2321, 27.179 ], [ 95.2376, 27.1699 ], [ 95.2277, 27.1735 ], [ 95.2197, 27.1652 ], [ 95.216, 27.1676 ], [ 95.219, 27.1706 ], [ 95.2111, 27.1743 ], [ 95.2128, 27.1661 ], [ 95.2087, 27.1625 ], [ 95.1981, 27.1635 ], [ 95.1948, 27.1553 ], [ 95.1892, 27.1574 ], [ 95.194, 27.1603 ], [ 95.1835, 27.1632 ], [ 95.1819, 27.1559 ], [ 95.1863, 27.1522 ], [ 95.1786, 27.1497 ], [ 95.1765, 27.1448 ], [ 95.1799, 27.1421 ], [ 95.1729, 27.1383 ], [ 95.1742, 27.1465 ], [ 95.1703, 27.1451 ], [ 95.1698, 27.1373 ], [ 95.1646, 27.1363 ], [ 95.1634, 27.1322 ], [ 95.1597, 27.1347 ], [ 95.162, 27.1279 ], [ 95.1542, 27.1363 ], [ 95.1505, 27.131 ], [ 95.1531, 27.1243 ], [ 95.1469, 27.1363 ], [ 95.1359, 27.1387 ], [ 95.132, 27.1338 ], [ 95.1287, 27.1385 ], [ 95.1238, 27.1303 ], [ 95.1162, 27.1362 ], [ 95.1151, 27.1273 ], [ 95.1127, 27.1365 ], [ 95.1008, 27.1383 ], [ 95.0997, 27.1332 ], [ 95.0651, 27.1357 ], [ 95.0488, 27.1555 ], [ 95.037, 27.1535 ], [ 95.0319, 27.1474 ], [ 94.9774, 27.1486 ], [ 94.9835, 27.1571 ], [ 94.9802, 27.1683 ], [ 94.9844, 27.1686 ], [ 94.9791, 27.1825 ], [ 94.9758, 27.183 ], [ 94.9678, 27.2271 ], [ 95.0622, 27.3035 ], [ 95.0681, 27.3047 ], [ 95.0763, 27.2927 ], [ 95.0838, 27.2936 ], [ 95.0864, 27.2996 ], [ 95.0803, 27.3154 ], [ 95.0864, 27.3217 ], [ 95.1005, 27.3198 ], [ 95.1111, 27.3068 ], [ 95.1172, 27.3091 ], [ 95.1215, 27.3213 ], [ 95.1305, 27.3202 ], [ 95.1335, 27.3113 ] ] ] } },
{ "type": "Feature", "properties": { "unit_id": "IND.4.24.1_1", "name": "Sonari Circle", "district": "Charaideo", "did": "assam:Charaideo", "state_key": "assam" }, "geometry": { "type": "Polygon", "coordinates": [ [ [ 95.3023, 27.1907 ], [ 95.3081, 27.19 ], [ 95.314, 27.1837 ], [ 95.3252, 27.1882 ], [ 95.344, 27.1821 ], [ 95.3473, 27.1728 ], [ 95.3592, 27.1651 ], [ 95.359, 27.1547 ], [ 95.3672, 27.1374 ], [ 95.3614, 27.1277 ], [ 95.365, 27.1158 ], [ 95.372, 27.1127 ], [ 95.3684, 27.1072 ], [ 95.3548, 27.1039 ], [ 95.2918, 27.0665 ], [ 95.2763, 27.0522 ], [ 95.2771, 27.0424 ], [ 95.2601, 27.0355 ], [ 95.259, 27.0303 ], [ 95.2464, 27.0238 ], [ 95.2318, 27.0428 ], [ 95.2303, 27.0357 ], [ 95.2235, 27.0361 ], [ 95.2107, 27.0285 ], [ 95.2047, 27.0377 ], [ 95.1967, 27.037 ], [ 95.1948, 27.0312 ], [ 95.1931, 27.0359 ], [ 95.1502, 26.9992 ], [ 95.112, 26.9807 ], [ 95.1061, 26.9655 ], [ 95.0881, 26.9532 ], [ 95.0341, 26.9356 ], [ 95.0168, 26.9211 ], [ 94.9913, 26.9208 ], [ 94.9898, 26.9141 ], [ 94.9823, 26.9131 ], [ 94.9765, 26.9213 ], [ 94.9678, 26.923 ], [ 94.9615, 26.9368 ], [ 94.9555, 26.9401 ], [ 94.9309, 26.9326 ], [ 94.924, 26.9488 ], [ 94.9418, 26.9596 ], [ 94.9369, 26.9726 ], [ 94.9395, 26.9807 ], [ 94.9323, 26.9837 ], [ 94.86, 26.9409 ], [ 94.848, 26.9294 ], [ 94.7905, 26.9229 ], [ 94.8007, 26.9456 ], [ 94.8137, 26.9595 ], [ 94.8284, 26.9872 ], [ 94.8544, 27.008 ], [ 94.9065, 27.0295 ], [ 94.9067, 27.0463 ], [ 94.921, 27.0466 ], [ 94.9254, 27.0412 ], [ 94.9323, 27.0491 ], [ 94.9308, 27.043 ], [ 94.938, 27.0365 ], [ 94.9403, 27.049 ], [ 94.9449, 27.0438 ], [ 94.9498, 27.0503 ], [ 94.9582, 27.0462 ], [ 94.9538, 27.0599 ], [ 94.9598, 27.0546 ], [ 94.9656, 27.0551 ], [ 94.9581, 27.0588 ], [ 94.9582, 27.0645 ], [ 94.9666, 27.0575 ], [ 94.9666, 27.0649 ], [ 94.9761, 27.0603 ], [ 94.9803, 27.068 ], [ 94.9924, 27.0619 ], [ 95.0054, 27.0654 ], [ 95.0084, 27.0723 ], [ 95.0127, 27.0621 ], [ 95.0162, 27.0665 ], [ 95.0323, 27.0662 ], [ 95.0326, 27.0711 ], [ 95.0417, 27.0735 ], [ 95.0405, 27.0798 ], [ 95.0519, 27.079 ], [ 95.0496, 27.0868 ], [ 95.0591, 27.0878 ], [ 95.0608, 27.0964 ], [ 95.0708, 27.0922 ], [ 95.0828, 27.1034 ], [ 95.091, 27.1048 ], [ 95.087, 27.1152 ], [ 95.0955, 27.1125 ], [ 95.0974, 27.1228 ], [ 95.1016, 27.1158 ], [ 95.1066, 27.1161 ], [ 95.108, 27.1359 ], [ 95.1132, 27.1361 ], [ 95.1151, 27.1273 ], [ 95.1165, 27.1363 ], [ 95.1222, 27.1302 ], [ 95.1295, 27.1388 ], [ 95.132, 27.1338 ], [ 95.1345, 27.1387 ], [ 95.145, 27.1375 ], [ 95.1534, 27.1243 ], [ 95.1505, 27.131 ], [ 95.1542, 27.1363 ], [ 95.162, 27.1279 ], [ 95.1597, 27.1347 ], [ 95.1634, 27.1322 ], [ 95.1646, 27.1363 ], [ 95.1698, 27.1373 ], [ 95.1703, 27.1451 ], [ 95.1742, 27.1465 ], [ 95.1729, 27.1383 ], [ 95.1799, 27.1421 ], [ 95.1765, 27.1448 ], [ 95.1786, 27.1497 ], [ 95.1863, 27.1522 ], [ 95.1819, 27.1559 ], [ 95.1835, 27.1632 ], [ 95.194, 27.1603 ], [ 95.1892, 27.1574 ], [ 95.1949, 27.1553 ], [ 95.1981, 27.1635 ], [ 95.2087, 27.1625 ], [ 95.2128, 27.1661 ], [ 95.2111, 27.1743 ], [ 95.219, 27.1706 ], [ 95.216, 27.1676 ], [ 95.2197, 27.1652 ], [ 95.2277, 27.1735 ], [ 95.2384, 27.1703 ], [ 95.2321, 27.1783 ], [ 95.2416, 27.1833 ], [ 95.237, 27.1898 ], [ 95.2545, 27.1932 ], [ 95.2577, 27.1842 ], [ 95.2589, 27.1921 ], [ 95.2658, 27.1866 ], [ 95.268, 27.1937 ], [ 95.2729, 27.1884 ], [ 95.2787, 27.1887 ], [ 95.2806, 27.1943 ], [ 95.2861, 27.1932 ], [ 95.2827, 27.1973 ], [ 95.3031, 27.1953 ], [ 95.3023, 27.1907 ] ] ] } },
{ "type": "Feature", "properties": { "unit_id": "IND.4.24.1_1", "name": "Mahmara Circle", "district": "Charaideo", "did": "assam:Charaideo", "state_key": "assam" }, "geometry": { "type": "Polygon", "coordinates": [ [ [ 94.9791, 27.1649 ], [ 94.9835, 27.1571 ], [ 94.9783, 27.1481 ], [ 94.9965, 27.1465 ], [ 95.0164, 27.1499 ], [ 95.0319, 27.1474 ], [ 95.037, 27.1535 ], [ 95.0493, 27.1554 ], [ 95.0613, 27.1369 ], [ 95.0997, 27.1332 ], [ 95.1008, 27.1383 ], [ 95.108, 27.1359 ], [ 95.1076, 27.1173 ], [ 95.1016, 27.1158 ], [ 95.0974, 27.1228 ], [ 95.0955, 27.1125 ], [ 95.087, 27.1152 ], [ 95.091, 27.1048 ], [ 95.0828, 27.1034 ], [ 95.0708, 27.0922 ], [ 95.0608, 27.0964 ], [ 95.0591, 27.0878 ], [ 95.0496, 27.0868 ], [ 95.0519, 27.079 ], [ 95.0405, 27.0798 ], [ 95.0417, 27.0735 ], [ 95.0326, 27.0711 ], [ 95.0323, 27.0662 ], [ 95.0162, 27.0665 ], [ 95.0127, 27.0621 ], [ 95.0084, 27.0723 ], [ 95.0054, 27.0654 ], [ 94.9924, 27.0619 ], [ 94.9803, 27.068 ], [ 94.9761, 27.0603 ], [ 94.9666, 27.0649 ], [ 94.9666, 27.0575 ], [ 94.9582, 27.0645 ], [ 94.9581, 27.0588 ], [ 94.9656, 27.0551 ], [ 94.9598, 27.0546 ], [ 94.9538, 27.0599 ], [ 94.9582, 27.0462 ], [ 94.9498, 27.0503 ], [ 94.9449, 27.0438 ], [ 94.9403, 27.049 ], [ 94.938, 27.0365 ], [ 94.9308, 27.043 ], [ 94.9323, 27.0491 ], [ 94.9254, 27.0412 ], [ 94.921, 27.0466 ], [ 94.9081, 27.0469 ], [ 94.9067, 27.0389 ], [ 94.9028, 27.0371 ], [ 94.8938, 27.0388 ], [ 94.8945, 27.0454 ], [ 94.8898, 27.0469 ], [ 94.8844, 27.0444 ], [ 94.8807, 27.0346 ], [ 94.8699, 27.0384 ], [ 94.8669, 27.0294 ], [ 94.8475, 27.0269 ], [ 94.8413, 27.0176 ], [ 94.8384, 27.0266 ], [ 94.8347, 27.0179 ], [ 94.8282, 27.0177 ], [ 94.8249, 27.0573 ], [ 94.8376, 27.099 ], [ 94.8914, 27.1623 ], [ 94.9678, 27.2271 ], [ 94.9758, 27.183 ], [ 94.9791, 27.1825 ], [ 94.9844, 27.1686 ], [ 94.9791, 27.1649 ] ] ] } },
{ "type": "Feature", "properties": { "unit_id": "IND.4.24.1_1", "name": "Demow Circle", "district": "Sibsagar", "did": "assam:Sibsagar", "state_key": "assam" }, "geometry": { "type": "Polygon", "coordinates": [ [ [ 94.7699, 27.2434 ], [ 94.774, 27.236 ], [ 94.7661, 27.2205 ], [ 94.7756, 27.213 ], [ 94.7756, 27.2002 ], [ 94.7809, 27.1997 ], [ 94.7796, 27.1937 ], [ 94.7746, 27.1937 ], [ 94.7793, 27.1904 ], [ 94.7773, 27.1863 ], [ 94.7751, 27.1883 ], [ 94.7747, 27.1848 ], [ 94.7727, 27.1871 ], [ 94.7684, 27.185 ], [ 94.7737, 27.181 ], [ 94.7725, 27.1742 ], [ 94.7786, 27.1712 ], [ 94.7674, 27.1637 ], [ 94.7681, 27.1595 ], [ 94.7612, 27.1569 ], [ 94.7602, 27.1517 ], [ 94.7553, 27.1517 ], [ 94.7581, 27.1472 ], [ 94.7535, 27.1406 ], [ 94.762, 27.1347 ], [ 94.7606, 27.13 ], [ 94.7877, 27.1249 ], [ 94.788, 27.1199 ], [ 94.8175, 27.1147 ], [ 94.8084, 27.0968 ], [ 94.8154, 27.1017 ], [ 94.82, 27.1 ], [ 94.8177, 27.0977 ], [ 94.8241, 27.0993 ], [ 94.832, 27.0914 ], [ 94.8368, 27.092 ], [ 94.8249, 27.0573 ], [ 94.8286, 27.0349 ], [ 94.8261, 27.0199 ], [ 94.8298, 27.0165 ], [ 94.8208, 27.011 ], [ 94.8204, 27.0034 ], [ 94.8147, 27.0045 ], [ 94.8132, 26.9987 ], [ 94.8059, 26.9978 ], [ 94.8095, 26.9917 ], [ 94.7942, 26.9888 ], [ 94.7903, 26.9985 ], [ 94.7724, 26.9836 ], [ 94.7611, 26.9945 ], [ 94.7518, 26.9885 ], [ 94.7487, 26.99 ], [ 94.7446, 26.9993 ], [ 94.7341, 27.0065 ], [ 94.7431, 27.0123 ], [ 94.7375, 27.0172 ], [ 94.7289, 27.0163 ], [ 94.7337, 27.0228 ], [ 94.732, 27.0354 ], [ 94.7227, 27.0409 ], [ 94.7219, 27.0319 ], [ 94.713, 27.0326 ], [ 94.7092, 27.037 ], [ 94.7124, 27.0452 ], [ 94.697, 27.0359 ], [ 94.6861, 27.0506 ], [ 94.6776, 27.0533 ], [ 94.6714, 27.0503 ], [ 94.6675, 27.04 ], [ 94.6483, 27.0603 ], [ 94.6289, 27.0654 ], [ 94.6267, 27.0768 ], [ 94.6185, 27.0687 ], [ 94.6076, 27.0662 ], [ 94.5886, 27.0779 ], [ 94.5812, 27.0706 ], [ 94.5728, 27.0768 ], [ 94.5641, 27.0694 ], [ 94.5645, 27.0764 ], [ 94.5581, 27.0786 ], [ 94.5512, 27.072 ], [ 94.5389, 27.0723 ], [ 94.5477, 27.0818 ], [ 94.553, 27.0966 ], [ 94.5729, 27.1175 ], [ 94.5824, 27.1367 ], [ 94.6016, 27.155 ], [ 94.6148, 27.1767 ], [ 94.6247, 27.2108 ], [ 94.6419, 27.2467 ], [ 94.6783, 27.2433 ], [ 94.6851, 27.25 ], [ 94.6948, 27.2721 ], [ 94.704, 27.2667 ], [ 94.711, 27.2486 ], [ 94.7206, 27.2457 ], [ 94.7179, 27.2632 ], [ 94.7272, 27.2726 ], [ 94.7359, 27.2755 ], [ 94.7471, 27.273 ], [ 94.7496, 27.2692 ], [ 94.7402, 27.2536 ], [ 94.745, 27.2454 ], [ 94.7699, 27.2434 ] ] ] } },
{ "type": "Feature", "properties": { "unit_id": "IND.4.24.1_1", "name": "Sonari Circle", "district": "Sibsagar", "did": "assam:Sibsagar", "state_key": "assam" }, "geometry": { "type": "Polygon", "coordinates": [ [ [ 94.9064, 27.0368 ], [ 94.9078, 27.0306 ], [ 94.8544, 27.008 ], [ 94.8284, 26.9872 ], [ 94.8137, 26.9595 ], [ 94.8007, 26.9456 ], [ 94.7905, 26.9229 ], [ 94.7532, 26.9232 ], [ 94.7337, 26.9327 ], [ 94.7776, 26.9801 ], [ 94.7871, 26.997 ], [ 94.7927, 26.9978 ], [ 94.7942, 26.9888 ], [ 94.8095, 26.9917 ], [ 94.8059, 26.9978 ], [ 94.8132, 26.9987 ], [ 94.8147, 27.0045 ], [ 94.8204, 27.0034 ], [ 94.8215, 27.0118 ], [ 94.8347, 27.0179 ], [ 94.8384, 27.0266 ], [ 94.8413, 27.0176 ], [ 94.8475, 27.0269 ], [ 94.8669, 27.0294 ], [ 94.8699, 27.0384 ], [ 94.8807, 27.0346 ], [ 94.8844, 27.0444 ], [ 94.8898, 27.0469 ], [ 94.8945, 27.0454 ], [ 94.8957, 27.0382 ], [ 94.9064, 27.0368 ] ] ] } },
{ "type": "Feature", "properties": { "unit_id": "IND.4.24.1_1", "name": "Nazira Circle", "district": "Sibsagar", "did": "assam:Sibsagar", "state_key": "assam" }, "geometry": { "type": "Polygon", "coordinates": [ [ [ 94.8906, 26.9295 ], [ 94.8736, 26.9175 ], [ 94.8501, 26.8746 ], [ 94.8432, 26.8685 ], [ 94.8365, 26.8688 ], [ 94.8345, 26.8603 ], [ 94.8175, 26.8475 ], [ 94.8211, 26.8417 ], [ 94.8132, 26.8336 ], [ 94.8145, 26.8195 ], [ 94.8065, 26.8184 ], [ 94.8038, 26.8137 ], [ 94.7953, 26.8144 ], [ 94.7958, 26.8101 ], [ 94.8032, 26.8062 ], [ 94.8027, 26.8013 ], [ 94.7912, 26.7998 ], [ 94.7887, 26.7956 ], [ 94.7702, 26.789 ], [ 94.7583, 26.766 ], [ 94.7518, 26.7662 ], [ 94.7484, 26.7727 ], [ 94.7402, 26.776 ], [ 94.7369, 26.7637 ], [ 94.7072, 26.7463 ], [ 94.6938, 26.7329 ], [ 94.6825, 26.7284 ], [ 94.6736, 26.7366 ], [ 94.6665, 26.754 ], [ 94.645, 26.7692 ], [ 94.6269, 26.773 ], [ 94.6261, 26.7764 ], [ 94.6335, 26.7793 ], [ 94.6459, 26.7791 ], [ 94.6447, 26.7893 ], [ 94.6529, 26.7903 ], [ 94.6487, 26.7984 ], [ 94.6431, 26.7953 ], [ 94.6342, 26.797 ], [ 94.6366, 26.8106 ], [ 94.6258, 26.8327 ], [ 94.6253, 26.8443 ], [ 94.6038, 26.8537 ], [ 94.5992, 26.8602 ], [ 94.6194, 26.8767 ], [ 94.658, 26.8844 ], [ 94.6786, 26.885 ], [ 94.6649, 26.9012 ], [ 94.6611, 26.9123 ], [ 94.6535, 26.9145 ], [ 94.6488, 26.9109 ], [ 94.6438, 26.9207 ], [ 94.682, 26.9605 ], [ 94.6844, 26.9527 ], [ 94.6931, 26.961 ], [ 94.6988, 26.9611 ], [ 94.7023, 26.9561 ], [ 94.7071, 26.958 ], [ 94.7046, 26.9408 ], [ 94.7119, 26.9444 ], [ 94.7168, 26.9386 ], [ 94.7237, 26.9393 ], [ 94.7295, 26.9327 ], [ 94.7509, 26.9236 ], [ 94.8096, 26.9235 ], [ 94.848, 26.9294 ], [ 94.86, 26.9409 ], [ 94.9346, 26.9833 ], [ 94.94, 26.9794 ], [ 94.9369, 26.9726 ], [ 94.9418, 26.9596 ], [ 94.9325, 26.9565 ], [ 94.9144, 26.9368 ], [ 94.8906, 26.9295 ] ] ] } },
{ "type": "Feature", "properties": { "unit_id": "IND.4.14.1_1", "name": "Mariani Circle", "district": "Jorhat", "did": "assam:Jorhat", "state_key": "assam" }, "geometry": { "type": "Polygon", "coordinates": [ [ [ 94.555, 26.7346 ], [ 94.5575, 26.7279 ], [ 94.5924, 26.725 ], [ 94.5916, 26.72 ], [ 94.6015, 26.7191 ], [ 94.6029, 26.7115 ], [ 94.5976, 26.7167 ], [ 94.5933, 26.7147 ], [ 94.5939, 26.6972 ], [ 94.5773, 26.7007 ], [ 94.5679, 26.6929 ], [ 94.5675, 26.6875 ], [ 94.5716, 26.6866 ], [ 94.5665, 26.6836 ], [ 94.5594, 26.6864 ], [ 94.5624, 26.7051 ], [ 94.5503, 26.7017 ], [ 94.5479, 26.7063 ], [ 94.5393, 26.7062 ], [ 94.5242, 26.6958 ], [ 94.5207, 26.6992 ], [ 94.5176, 26.6819 ], [ 94.5133, 26.6801 ], [ 94.5082, 26.6853 ], [ 94.509, 26.6802 ], [ 94.4927, 26.6659 ], [ 94.4851, 26.6679 ], [ 94.4603, 26.6616 ], [ 94.4584, 26.6535 ], [ 94.4531, 26.6525 ], [ 94.4598, 26.6368 ], [ 94.4655, 26.6331 ], [ 94.4536, 26.6319 ], [ 94.4551, 26.6355 ], [ 94.4513, 26.6363 ], [ 94.4356, 26.622 ], [ 94.4029, 26.6106 ], [ 94.4056, 26.6056 ], [ 94.4019, 26.5936 ], [ 94.4077, 26.5916 ], [ 94.4134, 26.5772 ], [ 94.4058, 26.5679 ], [ 94.4041, 26.5614 ], [ 94.4073, 26.5603 ], [ 94.4034, 26.5583 ], [ 94.4065, 26.5558 ], [ 94.402, 26.5547 ], [ 94.4063, 26.5492 ], [ 94.4012, 26.5483 ], [ 94.4062, 26.544 ], [ 94.3966, 26.5427 ], [ 94.4029, 26.5403 ], [ 94.398, 26.5391 ], [ 94.401, 26.5346 ], [ 94.3952, 26.5336 ], [ 94.3958, 26.5273 ], [ 94.3854, 26.5305 ], [ 94.3858, 26.5264 ], [ 94.3735, 26.5179 ], [ 94.376, 26.5134 ], [ 94.3716, 26.515 ], [ 94.3747, 26.5084 ], [ 94.3716, 26.5057 ], [ 94.3478, 26.5045 ], [ 94.353, 26.4993 ], [ 94.3466, 26.4921 ], [ 94.3528, 26.4901 ], [ 94.3493, 26.4911 ], [ 94.3469, 26.486 ], [ 94.3447, 26.4888 ], [ 94.3394, 26.4805 ], [ 94.3255, 26.4819 ], [ 94.3265, 26.4754 ], [ 94.3196, 26.4742 ], [ 94.3238, 26.4655 ], [ 94.3184, 26.4653 ], [ 94.3166, 26.4583 ], [ 94.2999, 26.4637 ], [ 94.2897, 26.4797 ], [ 94.281, 26.5351 ], [ 94.2861, 26.5425 ], [ 94.2813, 26.5486 ], [ 94.2856, 26.5642 ], [ 94.2946, 26.5737 ], [ 94.2787, 26.5846 ], [ 94.2735, 26.6072 ], [ 94.2634, 26.6094 ], [ 94.2588, 26.6154 ], [ 94.2887, 26.6325 ], [ 94.2737, 26.6342 ], [ 94.2517, 26.6218 ], [ 94.2377, 26.6269 ], [ 94.2508, 26.6414 ], [ 94.2507, 26.6488 ], [ 94.2403, 26.6701 ], [ 94.2417, 26.6766 ], [ 94.2381, 26.677 ], [ 94.2339, 26.7099 ], [ 94.2541, 26.7045 ], [ 94.2778, 26.6915 ], [ 94.3042, 26.6906 ], [ 94.3188, 26.6691 ], [ 94.3183, 26.6633 ], [ 94.3222, 26.6644 ], [ 94.3296, 26.6558 ], [ 94.351, 26.6599 ], [ 94.3728, 26.6709 ], [ 94.3643, 26.6887 ], [ 94.3631, 26.7075 ], [ 94.3737, 26.7263 ], [ 94.4112, 26.7258 ], [ 94.4187, 26.7311 ], [ 94.4299, 26.7301 ], [ 94.4839, 26.7435 ], [ 94.5293, 26.7436 ], [ 94.5395, 26.7354 ], [ 94.555, 26.7346 ] ] ] } },
{ "type": "Feature", "properties": { "unit_id": "IND.4.12.1_1", "name": "Sarupathar Circle", "district": "Golaghat", "did": "assam:Golaghat", "state_key": "assam" }, "geometry": { "type": "Polygon", "coordinates": [ [ [ 93.9531, 26.4306 ], [ 93.9655, 26.4234 ], [ 93.9541, 26.4227 ], [ 93.9469, 26.4185 ], [ 93.9498, 26.4149 ], [ 93.9599, 26.4182 ], [ 93.9488, 26.4057 ], [ 93.9552, 26.3866 ], [ 93.9467, 26.3869 ], [ 93.9454, 26.3836 ], [ 93.9491, 26.376 ], [ 93.9616, 26.376 ], [ 93.9661, 26.3651 ], [ 93.964, 26.3607 ], [ 93.9728, 26.3578 ], [ 93.9618, 26.3306 ], [ 93.9679, 26.3314 ], [ 93.9744, 26.3246 ], [ 93.9733, 26.31 ], [ 93.9822, 26.3176 ], [ 93.9861, 26.3138 ], [ 93.9722, 26.2939 ], [ 93.9743, 26.288 ], [ 93.9782, 26.2905 ], [ 93.9809, 26.2885 ], [ 93.9787, 26.2731 ], [ 93.9875, 26.2703 ], [ 93.9763, 26.2645 ], [ 93.9724, 26.2563 ], [ 93.9753, 26.2555 ], [ 93.9784, 26.2617 ], [ 93.9847, 26.2508 ], [ 93.9979, 26.2502 ], [ 93.9949, 26.243 ], [ 93.9828, 26.2396 ], [ 93.9894, 26.2336 ], [ 93.9904, 26.2251 ], [ 93.987, 26.2254 ], [ 93.9837, 26.2337 ], [ 93.9721, 26.2244 ], [ 93.972, 26.2163 ], [ 93.9859, 26.2103 ], [ 93.9733, 26.2035 ], [ 93.9701, 26.1972 ], [ 93.9721, 26.1855 ], [ 93.979, 26.1847 ], [ 93.9785, 26.1801 ], [ 93.9934, 26.1845 ], [ 93.9955, 26.1819 ], [ 93.9894, 26.1779 ], [ 94.0022, 26.1739 ], [ 94.0037, 26.1601 ], [ 93.9945, 26.1483 ], [ 94.0036, 26.1442 ], [ 94.0022, 26.1344 ], [ 93.9983, 26.1312 ], [ 93.989, 26.1333 ], [ 93.9871, 26.1301 ], [ 93.9978, 26.1288 ], [ 93.9939, 26.1187 ], [ 93.9868, 26.1139 ], [ 93.9979, 26.1096 ], [ 93.9895, 26.0975 ], [ 93.9886, 26.0863 ], [ 93.9815, 26.0812 ], [ 93.9874, 26.0668 ], [ 93.9708, 26.0464 ], [ 93.9704, 26.0403 ], [ 93.9625, 26.0365 ], [ 93.9605, 26.0154 ], [ 93.953, 26.003 ], [ 93.9591, 25.9943 ], [ 93.9542, 25.9693 ], [ 93.9687, 25.9573 ], [ 93.97, 25.9368 ], [ 93.978, 25.9281 ], [ 93.9787, 25.9167 ], [ 93.9611, 25.9012 ], [ 93.938, 25.8963 ], [ 93.934, 25.8852 ], [ 93.916, 25.8837 ], [ 93.9075, 25.8725 ], [ 93.9019, 25.8708 ], [ 93.896, 25.8579 ], [ 93.89, 25.8586 ], [ 93.8818, 25.8433 ], [ 93.8761, 25.8425 ], [ 93.8692, 25.8509 ], [ 93.8523, 25.8582 ], [ 93.8397, 25.8566 ], [ 93.8211, 25.8387 ], [ 93.8164, 25.8226 ], [ 93.8063, 25.8169 ], [ 93.8038, 25.8114 ], [ 93.7955, 25.8089 ], [ 93.7875, 25.8158 ], [ 93.7775, 25.8498 ], [ 93.7811, 25.854 ], [ 93.7785, 25.8569 ], [ 93.7844, 25.8584 ], [ 93.7898, 25.8678 ], [ 93.7852, 25.87 ], [ 93.7873, 25.8769 ], [ 93.7842, 25.8843 ], [ 93.7951, 25.892 ], [ 93.7961, 25.9034 ], [ 93.7954, 25.9071 ], [ 93.7919, 25.9067 ], [ 93.7942, 25.9129 ], [ 93.7887, 25.9169 ], [ 93.791, 25.9262 ], [ 93.7865, 25.9321 ], [ 93.7899, 25.9339 ], [ 93.7846, 25.9439 ], [ 93.7873, 25.9466 ], [ 93.7745, 25.9655 ], [ 93.7807, 25.9815 ], [ 93.7855, 25.9823 ], [ 93.7893, 25.9763 ], [ 93.7918, 25.9817 ], [ 93.7979, 25.9788 ], [ 93.8045, 25.9808 ], [ 93.8033, 25.9863 ], [ 93.7991, 25.9842 ], [ 93.7947, 25.9924 ], [ 93.8007, 25.9946 ], [ 93.7975, 25.9969 ], [ 93.8008, 26.0022 ], [ 93.7937, 25.9982 ], [ 93.788, 26.0095 ], [ 93.7854, 26.0066 ], [ 93.7812, 26.008 ], [ 93.7862, 26.0146 ], [ 93.7898, 26.0126 ], [ 93.7933, 26.0153 ], [ 93.786, 26.0239 ], [ 93.7937, 26.0309 ], [ 93.7965, 26.0281 ], [ 93.7996, 26.0314 ], [ 93.7917, 26.034 ], [ 93.7871, 26.0312 ], [ 93.7801, 26.0397 ], [ 93.795, 26.0417 ], [ 93.7871, 26.0544 ], [ 93.7905, 26.0566 ], [ 93.7921, 26.0527 ], [ 93.7973, 26.0525 ], [ 93.7946, 26.0613 ], [ 93.8011, 26.0661 ], [ 93.8053, 26.0646 ], [ 93.8036, 26.0702 ], [ 93.7966, 26.0713 ], [ 93.8004, 26.0761 ], [ 93.8059, 26.0714 ], [ 93.8033, 26.0855 ], [ 93.81, 26.0866 ], [ 93.8072, 26.09 ], [ 93.8036, 26.0889 ], [ 93.8049, 26.0937 ], [ 93.8142, 26.0909 ], [ 93.8065, 26.1026 ], [ 93.8121, 26.1123 ], [ 93.8201, 26.1101 ], [ 93.8219, 26.1143 ], [ 93.8172, 26.1227 ], [ 93.828, 26.1278 ], [ 93.8193, 26.1326 ], [ 93.8183, 26.1371 ], [ 93.8312, 26.1369 ], [ 93.8254, 26.1442 ], [ 93.8305, 26.15 ], [ 93.8306, 26.1582 ], [ 93.8216, 26.1726 ], [ 93.8278, 26.1739 ], [ 93.8273, 26.1806 ], [ 93.8351, 26.176 ], [ 93.8275, 26.1863 ], [ 93.8338, 26.1899 ], [ 93.8291, 26.1964 ], [ 93.8321, 26.1987 ], [ 93.8379, 26.1946 ], [ 93.8412, 26.2049 ], [ 93.8341, 26.2005 ], [ 93.8338, 26.2072 ], [ 93.8441, 26.2123 ], [ 93.8405, 26.2179 ], [ 93.8515, 26.2157 ], [ 93.8571, 26.2218 ], [ 93.8562, 26.2288 ], [ 93.8646, 26.2354 ], [ 93.86, 26.2367 ], [ 93.8607, 26.2418 ], [ 93.8553, 26.2455 ], [ 93.8513, 26.2392 ], [ 93.8477, 26.2414 ], [ 93.8549, 26.2472 ], [ 93.8648, 26.2459 ], [ 93.8604, 26.2525 ], [ 93.8672, 26.2511 ], [ 93.8653, 26.2582 ], [ 93.8748, 26.264 ], [ 93.8684, 26.2663 ], [ 93.8736, 26.2724 ], [ 93.8708, 26.2756 ], [ 93.8811, 26.2737 ], [ 93.8726, 26.2816 ], [ 93.8765, 26.288 ], [ 93.8685, 26.2945 ], [ 93.8723, 26.2965 ], [ 93.8702, 26.3002 ], [ 93.8847, 26.3024 ], [ 93.8854, 26.3066 ], [ 93.8738, 26.3098 ], [ 93.8797, 26.3132 ], [ 93.885, 26.3107 ], [ 93.8855, 26.3205 ], [ 93.8938, 26.3156 ], [ 93.8865, 26.3238 ], [ 93.8947, 26.3291 ], [ 93.8865, 26.3283 ], [ 93.8874, 26.3403 ], [ 93.883, 26.3407 ], [ 93.8814, 26.3457 ], [ 93.8891, 26.3463 ], [ 93.8829, 26.3529 ], [ 93.8886, 26.3568 ], [ 93.8831, 26.3621 ], [ 93.8942, 26.3719 ], [ 93.8811, 26.3726 ], [ 93.8886, 26.3812 ], [ 93.8834, 26.381 ], [ 93.8848, 26.3861 ], [ 93.8806, 26.3879 ], [ 93.89, 26.3959 ], [ 93.8916, 26.4056 ], [ 93.8992, 26.4134 ], [ 93.8981, 26.4192 ], [ 93.9021, 26.4198 ], [ 93.9037, 26.4105 ], [ 93.9149, 26.4061 ], [ 93.9165, 26.4108 ], [ 93.9115, 26.4155 ], [ 93.9179, 26.418 ], [ 93.9157, 26.4252 ], [ 93.911, 26.4221 ], [ 93.9103, 26.4256 ], [ 93.9154, 26.4272 ], [ 93.9242, 26.424 ], [ 93.9305, 26.4334 ], [ 93.9384, 26.4291 ], [ 93.9327, 26.4442 ], [ 93.9553, 26.4395 ], [ 93.9531, 26.4306 ] ] ] } },
{ "type": "Feature", "properties": { "unit_id": "IND.4.12.1_1", "name": "Golaghat Circle", "district": "Golaghat", "did": "assam:Golaghat", "state_key": "assam" }, "geometry": { "type": "Polygon", "coordinates": [ [ [ 93.9183, 26.562 ], [ 93.9104, 26.5785 ], [ 93.9132, 26.5964 ], [ 93.9275, 26.598 ], [ 93.9393, 26.6127 ], [ 93.9359, 26.6179 ], [ 93.9466, 26.6208 ], [ 93.9559, 26.6308 ], [ 93.9638, 26.6325 ], [ 93.9717, 26.6286 ], [ 93.9778, 26.5927 ], [ 93.9842, 26.5887 ], [ 94.0309, 26.5825 ], [ 94.032, 26.5894 ], [ 94.0477, 26.5957 ], [ 94.0581, 26.5902 ], [ 94.0729, 26.5704 ], [ 94.0856, 26.5705 ], [ 94.0872, 26.5805 ], [ 94.0996, 26.5768 ], [ 94.0974, 26.5683 ], [ 94.107, 26.5698 ], [ 94.1072, 26.5598 ], [ 94.1147, 26.5551 ], [ 94.1128, 26.5503 ], [ 94.1112, 26.5527 ], [ 94.1057, 26.5496 ], [ 94.1164, 26.545 ], [ 94.1099, 26.5416 ], [ 94.1126, 26.538 ], [ 94.1083, 26.533 ], [ 94.1123, 26.528 ], [ 94.1044, 26.5204 ], [ 94.1056, 26.5075 ], [ 94.0973, 26.4951 ], [ 94.0973, 26.4844 ], [ 94.1035, 26.4629 ], [ 94.1146, 26.4608 ], [ 94.127, 26.4507 ], [ 94.1256, 26.4393 ], [ 94.1145, 26.424 ], [ 94.1163, 26.3977 ], [ 94.1242, 26.372 ], [ 94.1375, 26.3488 ], [ 94.162, 26.3472 ], [ 94.1687, 26.3509 ], [ 94.1779, 26.3461 ], [ 94.1716, 26.338 ], [ 94.1672, 26.3393 ], [ 94.1451, 26.3306 ], [ 94.1387, 26.3363 ], [ 94.1284, 26.3304 ], [ 94.1159, 26.3297 ], [ 94.115, 26.324 ], [ 94.1217, 26.3178 ], [ 94.1051, 26.3199 ], [ 94.0997, 26.3139 ], [ 94.0978, 26.302 ], [ 94.0843, 26.289 ], [ 94.0841, 26.2833 ], [ 94.0747, 26.2836 ], [ 94.0746, 26.2644 ], [ 94.0679, 26.257 ], [ 94.0561, 26.255 ], [ 94.0477, 26.2494 ], [ 94.0365, 26.2261 ], [ 94.032, 26.1975 ], [ 94.0218, 26.1938 ], [ 94.0022, 26.1739 ], [ 93.9894, 26.1779 ], [ 93.9947, 26.1841 ], [ 93.9794, 26.18 ], [ 93.978, 26.1855 ], [ 93.9721, 26.1855 ], [ 93.9715, 26.2018 ], [ 93.9859, 26.2103 ], [ 93.972, 26.2163 ], [ 93.9721, 26.2244 ], [ 93.9837, 26.2337 ], [ 93.987, 26.2254 ], [ 93.9904, 26.2251 ], [ 93.9894, 26.2336 ], [ 93.9828, 26.2396 ], [ 93.9949, 26.243 ], [ 93.9977, 26.2514 ], [ 93.9847, 26.2508 ], [ 93.9784, 26.2617 ], [ 93.9753, 26.2555 ], [ 93.9724, 26.2563 ], [ 93.9763, 26.2645 ], [ 93.9875, 26.2703 ], [ 93.9787, 26.2731 ], [ 93.9809, 26.2885 ], [ 93.9782, 26.2905 ], [ 93.9743, 26.288 ], [ 93.9722, 26.2939 ], [ 93.9861, 26.3138 ], [ 93.9822, 26.3176 ], [ 93.9766, 26.3101 ], [ 93.9723, 26.3111 ], [ 93.9744, 26.3246 ], [ 93.9679, 26.3314 ], [ 93.9618, 26.3306 ], [ 93.9728, 26.3578 ], [ 93.964, 26.3607 ], [ 93.9661, 26.3651 ], [ 93.9616, 26.376 ], [ 93.9491, 26.376 ], [ 93.9454, 26.3836 ], [ 93.9467, 26.3869 ], [ 93.9552, 26.3866 ], [ 93.9488, 26.4057 ], [ 93.9599, 26.4182 ], [ 93.9498, 26.4149 ], [ 93.9469, 26.4185 ], [ 93.9541, 26.4227 ], [ 93.9655, 26.4234 ], [ 93.9531, 26.4306 ], [ 93.9561, 26.4383 ], [ 93.9483, 26.4419 ], [ 93.9446, 26.4578 ], [ 93.9688, 26.4606 ], [ 93.9711, 26.4674 ], [ 93.9472, 26.4746 ], [ 93.9476, 26.4796 ], [ 93.9547, 26.4794 ], [ 93.9586, 26.4855 ], [ 93.949, 26.5138 ], [ 93.9254, 26.5161 ], [ 93.9116, 26.5117 ], [ 93.8912, 26.5236 ], [ 93.8801, 26.5414 ], [ 93.8835, 26.5515 ], [ 93.8719, 26.5573 ], [ 93.8842, 26.5686 ], [ 93.9183, 26.562 ] ] ] } },
{ "type": "Feature", "properties": { "unit_id": "IND.4.14.1_1", "name": "Titabar Circle", "district": "Jorhat", "did": "assam:Jorhat", "state_key": "assam" }, "geometry": { "type": "Polygon", "coordinates": [ [ [ 94.2498, 26.6537 ], [ 94.251, 26.6428 ], [ 94.2382, 26.6263 ], [ 94.2488, 26.6216 ], [ 94.2563, 26.6223 ], [ 94.2737, 26.6342 ], [ 94.2887, 26.6325 ], [ 94.2588, 26.6154 ], [ 94.2634, 26.6094 ], [ 94.2735, 26.6072 ], [ 94.2787, 26.5846 ], [ 94.2947, 26.5733 ], [ 94.2706, 26.5493 ], [ 94.2563, 26.5412 ], [ 94.2366, 26.5061 ], [ 94.2075, 26.4865 ], [ 94.2027, 26.4691 ], [ 94.1852, 26.4584 ], [ 94.1717, 26.4298 ], [ 94.1757, 26.4244 ], [ 94.1719, 26.4158 ], [ 94.1776, 26.3833 ], [ 94.1711, 26.3628 ], [ 94.1602, 26.3543 ], [ 94.1613, 26.3478 ], [ 94.1382, 26.3487 ], [ 94.1319, 26.3545 ], [ 94.1163, 26.3977 ], [ 94.1148, 26.4259 ], [ 94.1256, 26.4393 ], [ 94.127, 26.4507 ], [ 94.1146, 26.4608 ], [ 94.1035, 26.4629 ], [ 94.0973, 26.4844 ], [ 94.0973, 26.4951 ], [ 94.1056, 26.5075 ], [ 94.1044, 26.5204 ], [ 94.1123, 26.528 ], [ 94.1083, 26.533 ], [ 94.1126, 26.538 ], [ 94.1099, 26.5416 ], [ 94.1164, 26.545 ], [ 94.1121, 26.5479 ], [ 94.1079, 26.5463 ], [ 94.1057, 26.5498 ], [ 94.1112, 26.5527 ], [ 94.1128, 26.5503 ], [ 94.1147, 26.5551 ], [ 94.1072, 26.5598 ], [ 94.107, 26.5698 ], [ 94.0974, 26.5683 ], [ 94.0996, 26.5768 ], [ 94.0872, 26.5805 ], [ 94.0861, 26.575 ], [ 94.0805, 26.5777 ], [ 94.078, 26.5745 ], [ 94.0768, 26.5858 ], [ 94.0825, 26.585 ], [ 94.0789, 26.5894 ], [ 94.0718, 26.5887 ], [ 94.0689, 26.5947 ], [ 94.0769, 26.6014 ], [ 94.075, 26.6032 ], [ 94.0849, 26.6072 ], [ 94.0862, 26.6105 ], [ 94.0829, 26.6093 ], [ 94.0775, 26.6144 ], [ 94.088, 26.6201 ], [ 94.0831, 26.6284 ], [ 94.0946, 26.628 ], [ 94.094, 26.6373 ], [ 94.0982, 26.6379 ], [ 94.0936, 26.6401 ], [ 94.0977, 26.6406 ], [ 94.0968, 26.6457 ], [ 94.1101, 26.6559 ], [ 94.1122, 26.6623 ], [ 94.106, 26.6642 ], [ 94.109, 26.6724 ], [ 94.1145, 26.6758 ], [ 94.1387, 26.672 ], [ 94.1424, 26.665 ], [ 94.1469, 26.6646 ], [ 94.165, 26.6709 ], [ 94.1778, 26.6656 ], [ 94.2032, 26.675 ], [ 94.2275, 26.6731 ], [ 94.2352, 26.6691 ], [ 94.2381, 26.677 ], [ 94.2417, 26.6766 ], [ 94.2408, 26.6693 ], [ 94.2498, 26.6537 ] ] ] } },
{ "type": "Feature", "properties": { "unit_id": "IND.4.12.1_1", "name": "Morangi Circle", "district": "Golaghat", "did": "assam:Golaghat", "state_key": "assam" }, "geometry": { "type": "Polygon", "coordinates": [ [ [ 93.8539, 26.5683 ], [ 93.8724, 26.5613 ], [ 93.8735, 26.5548 ], [ 93.8835, 26.5515 ], [ 93.8801, 26.5414 ], [ 93.8967, 26.5182 ], [ 93.9128, 26.5116 ], [ 93.9254, 26.5161 ], [ 93.949, 26.5138 ], [ 93.9586, 26.4855 ], [ 93.9547, 26.4794 ], [ 93.9476, 26.4796 ], [ 93.9472, 26.4746 ], [ 93.9711, 26.4674 ], [ 93.9688, 26.4606 ], [ 93.9551, 26.4576 ], [ 93.9454, 26.4592 ], [ 93.9483, 26.4419 ], [ 93.9327, 26.4442 ], [ 93.9384, 26.4291 ], [ 93.9305, 26.4334 ], [ 93.9242, 26.424 ], [ 93.9112, 26.4266 ], [ 93.9095, 26.4232 ], [ 93.9157, 26.4252 ], [ 93.9179, 26.418 ], [ 93.9115, 26.4155 ], [ 93.9165, 26.4108 ], [ 93.9149, 26.4061 ], [ 93.9037, 26.4105 ], [ 93.8994, 26.4201 ], [ 93.89, 26.3959 ], [ 93.8676, 26.3885 ], [ 93.8553, 26.4011 ], [ 93.8267, 26.4179 ], [ 93.8166, 26.3987 ], [ 93.8061, 26.3961 ], [ 93.7962, 26.3867 ], [ 93.7931, 26.3756 ], [ 93.7733, 26.3866 ], [ 93.7806, 26.3869 ], [ 93.7991, 26.4089 ], [ 93.7831, 26.4097 ], [ 93.7799, 26.4175 ], [ 93.7812, 26.425 ], [ 93.7939, 26.4286 ], [ 93.7894, 26.4339 ], [ 93.7836, 26.4336 ], [ 93.7831, 26.4388 ], [ 93.7944, 26.4403 ], [ 93.7851, 26.4525 ], [ 93.7858, 26.4642 ], [ 93.7778, 26.4661 ], [ 93.7707, 26.474 ], [ 93.7712, 26.4767 ], [ 93.778, 26.4745 ], [ 93.7781, 26.4819 ], [ 93.7631, 26.5064 ], [ 93.7552, 26.5093 ], [ 93.7574, 26.5157 ], [ 93.751, 26.5198 ], [ 93.7579, 26.5218 ], [ 93.756, 26.5291 ], [ 93.7435, 26.5276 ], [ 93.7398, 26.5344 ], [ 93.742, 26.5377 ], [ 93.7368, 26.5334 ], [ 93.7315, 26.5382 ], [ 93.7389, 26.5399 ], [ 93.7396, 26.5469 ], [ 93.7332, 26.5498 ], [ 93.7366, 26.5514 ], [ 93.7369, 26.5599 ], [ 93.7412, 26.5578 ], [ 93.7407, 26.5686 ], [ 93.7517, 26.5772 ], [ 93.7516, 26.5815 ], [ 93.7561, 26.5806 ], [ 93.7629, 26.5959 ], [ 93.7626, 26.6069 ], [ 93.7998, 26.6051 ], [ 93.8539, 26.5683 ] ] ] } },
{ "type": "Feature", "properties": { "unit_id": "IND.4.12.1_1", "name": "Khumtai Circle", "district": "Golaghat", "did": "assam:Golaghat", "state_key": "assam" }, "geometry": { "type": "MultiPolygon", "coordinates": [ [ [ [ 93.8842, 26.5686 ], [ 93.8724, 26.5609 ], [ 93.8453, 26.5735 ], [ 93.7998, 26.6051 ], [ 93.7626, 26.6069 ], [ 93.7579, 26.6202 ], [ 93.7621, 26.6296 ], [ 93.7852, 26.6446 ], [ 93.8142, 26.6529 ], [ 93.827, 26.6684 ], [ 93.8241, 26.6837 ], [ 93.8075, 26.6851 ], [ 93.7852, 26.6802 ], [ 93.7805, 26.6832 ], [ 93.7847, 26.7106 ], [ 93.7632, 26.7726 ], [ 93.7844, 26.7788 ], [ 93.8016, 26.7924 ], [ 93.8212, 26.7873 ], [ 93.8496, 26.762 ], [ 93.8914, 26.7439 ], [ 93.878, 26.7273 ], [ 93.8483, 26.7028 ], [ 93.8537, 26.6971 ], [ 93.8521, 26.6903 ], [ 93.8754, 26.6779 ], [ 93.8854, 26.6771 ], [ 93.9005, 26.6819 ], [ 93.903, 26.6797 ], [ 93.9058, 26.6686 ], [ 93.9005, 26.6662 ], [ 93.8979, 26.6559 ], [ 93.8906, 26.6521 ], [ 93.8877, 26.6457 ], [ 93.8982, 26.6348 ], [ 93.9098, 26.6359 ], [ 93.9189, 26.6318 ], [ 93.9319, 26.6231 ], [ 93.9393, 26.6127 ], [ 93.9243, 26.596 ], [ 93.9132, 26.5964 ], [ 93.9104, 26.5785 ], [ 93.9183, 26.562 ], [ 93.8842, 26.5686 ] ] ] ] } },
{ "type": "Feature", "properties": { "unit_id": "IND.4.12.1_1", "name": "Dergaon Circle", "district": "Golaghat", "did": "assam:Golaghat", "state_key": "assam" }, "geometry": { "type": "Polygon", "coordinates": [ [ [ 93.9975, 26.7663 ], [ 94.0004, 26.7468 ], [ 94.0047, 26.7445 ], [ 94.0203, 26.7473 ], [ 94.0249, 26.7431 ], [ 94.0208, 26.7393 ], [ 94.0297, 26.7426 ], [ 94.0349, 26.7376 ], [ 94.0386, 26.7424 ], [ 94.037, 26.7386 ], [ 94.0404, 26.7365 ], [ 94.0463, 26.7384 ], [ 94.041, 26.7302 ], [ 94.046, 26.7298 ], [ 94.046, 26.7251 ], [ 94.0382, 26.7215 ], [ 94.044, 26.7132 ], [ 94.0359, 26.7098 ], [ 94.0404, 26.7093 ], [ 94.0422, 26.6944 ], [ 94.0466, 26.6948 ], [ 94.0434, 26.6875 ], [ 94.0486, 26.688 ], [ 94.0492, 26.6829 ], [ 94.0434, 26.6811 ], [ 94.0475, 26.6745 ], [ 94.0538, 26.6791 ], [ 94.0523, 26.6731 ], [ 94.0567, 26.669 ], [ 94.0528, 26.668 ], [ 94.0566, 26.6631 ], [ 94.0573, 26.6672 ], [ 94.0636, 26.6638 ], [ 94.0662, 26.6683 ], [ 94.0699, 26.6664 ], [ 94.0683, 26.6609 ], [ 94.0721, 26.6646 ], [ 94.0727, 26.661 ], [ 94.0775, 26.6619 ], [ 94.0795, 26.6585 ], [ 94.0824, 26.6617 ], [ 94.0864, 26.6574 ], [ 94.0858, 26.6487 ], [ 94.0914, 26.649 ], [ 94.098, 26.6414 ], [ 94.0936, 26.6399 ], [ 94.0982, 26.6379 ], [ 94.094, 26.6373 ], [ 94.0946, 26.628 ], [ 94.0831, 26.6284 ], [ 94.088, 26.6201 ], [ 94.0775, 26.6146 ], [ 94.0829, 26.6093 ], [ 94.0862, 26.6105 ], [ 94.0849, 26.6072 ], [ 94.075, 26.6032 ], [ 94.0769, 26.6014 ], [ 94.0689, 26.5947 ], [ 94.0718, 26.5887 ], [ 94.0789, 26.5894 ], [ 94.0825, 26.585 ], [ 94.0768, 26.5858 ], [ 94.0801, 26.5786 ], [ 94.0777, 26.5748 ], [ 94.0805, 26.5777 ], [ 94.0858, 26.575 ], [ 94.0847, 26.5782 ], [ 94.0883, 26.577 ], [ 94.0844, 26.5698 ], [ 94.0705, 26.5716 ], [ 94.052, 26.595 ], [ 94.032, 26.5894 ], [ 94.0309, 26.5825 ], [ 93.9842, 26.5887 ], [ 93.9778, 26.5927 ], [ 93.9717, 26.6286 ], [ 93.9638, 26.6325 ], [ 93.9559, 26.6308 ], [ 93.9485, 26.6221 ], [ 93.9374, 26.6176 ], [ 93.9115, 26.6356 ], [ 93.8982, 26.6348 ], [ 93.8876, 26.6465 ], [ 93.8979, 26.6559 ], [ 93.9005, 26.6662 ], [ 93.9058, 26.6686 ], [ 93.9039, 26.6787 ], [ 93.9005, 26.6819 ], [ 93.8854, 26.6771 ], [ 93.8754, 26.6779 ], [ 93.8521, 26.6903 ], [ 93.8537, 26.6971 ], [ 93.8483, 26.7028 ], [ 93.878, 26.7273 ], [ 93.8942, 26.7479 ], [ 93.8893, 26.7639 ], [ 93.8918, 26.7652 ], [ 93.9015, 26.7507 ], [ 93.9499, 26.7567 ], [ 93.9566, 26.7603 ], [ 93.9632, 26.7729 ], [ 93.9713, 26.7764 ], [ 93.9719, 26.7683 ], [ 93.9975, 26.7663 ] ] ] } },
{ "type": "Feature", "properties": { "unit_id": "IND.4.12.1_1", "name": "Majuli Circle(part)", "district": "Majuli", "did": "assam:Majuli", "state_key": "assam" }, "geometry": { "type": "Polygon", "coordinates": [ [ [ 93.9672, 26.912 ], [ 93.9665, 26.9031 ], [ 93.9567, 26.8922 ], [ 93.9727, 26.8814 ], [ 93.9733, 26.8734 ], [ 93.9907, 26.8682 ], [ 93.9982, 26.8719 ], [ 94.0084, 26.8342 ], [ 93.9966, 26.8224 ], [ 93.9852, 26.8177 ], [ 93.9731, 26.7973 ], [ 93.9875, 26.7867 ], [ 93.9632, 26.7729 ], [ 93.9542, 26.7586 ], [ 93.9015, 26.7507 ], [ 93.8918, 26.7652 ], [ 93.8893, 26.7639 ], [ 93.8942, 26.7479 ], [ 93.8914, 26.7439 ], [ 93.8496, 26.762 ], [ 93.8212, 26.7873 ], [ 93.8097, 26.7921 ], [ 93.8016, 26.7924 ], [ 93.7844, 26.7788 ], [ 93.769, 26.7727 ], [ 93.6914, 26.7742 ], [ 93.6744, 26.7715 ], [ 93.6492, 26.7744 ], [ 93.6487, 26.7882 ], [ 93.6703, 26.801 ], [ 93.6753, 26.7975 ], [ 93.6893, 26.7976 ], [ 93.7102, 26.8156 ], [ 93.7323, 26.8112 ], [ 93.7438, 26.8017 ], [ 93.7509, 26.8037 ], [ 93.7601, 26.8219 ], [ 93.7587, 26.832 ], [ 93.7699, 26.8449 ], [ 93.8001, 26.8219 ], [ 93.8238, 26.8253 ], [ 93.8351, 26.8511 ], [ 93.8432, 26.8509 ], [ 93.8541, 26.8573 ], [ 93.8812, 26.8578 ], [ 93.8918, 26.8655 ], [ 93.8968, 26.8718 ], [ 93.8905, 26.8851 ], [ 93.8917, 26.8923 ], [ 93.9177, 26.9088 ], [ 93.9169, 26.9216 ], [ 93.9204, 26.9268 ], [ 93.9313, 26.931 ], [ 93.9623, 26.9269 ], [ 93.9672, 26.912 ] ] ] } },
{ "type": "Feature", "properties": { "unit_id": "IND.4.20.1_1", "name": "Narayanpur", "district": "Lakhimpur", "did": "assam:Lakhimpur", "state_key": "assam" }, "geometry": { "type": "Polygon", "coordinates": [ [ [ 93.8776, 27.0466 ], [ 93.8803, 27.0406 ], [ 93.8779, 27.0294 ], [ 93.884, 27.0216 ], [ 93.8789, 27.0153 ], [ 93.8866, 27.0092 ], [ 93.8863, 27.0006 ], [ 93.8928, 26.9951 ], [ 93.9008, 26.9946 ], [ 93.9056, 26.9886 ], [ 93.9014, 26.9775 ], [ 93.9061, 26.9755 ], [ 93.9101, 26.9641 ], [ 93.9195, 26.9612 ], [ 93.93, 26.9496 ], [ 93.9299, 26.9387 ], [ 93.9016, 26.9201 ], [ 93.9085, 26.9006 ], [ 93.8917, 26.8923 ], [ 93.8905, 26.8851 ], [ 93.8968, 26.8718 ], [ 93.8912, 26.8649 ], [ 93.8812, 26.8578 ], [ 93.8541, 26.8573 ], [ 93.8432, 26.8509 ], [ 93.8356, 26.8513 ], [ 93.8238, 26.8253 ], [ 93.8009, 26.8216 ], [ 93.7699, 26.8449 ], [ 93.778, 26.855 ], [ 93.7891, 26.8593 ], [ 93.7805, 26.8735 ], [ 93.7807, 26.8857 ], [ 93.7778, 26.8838 ], [ 93.7751, 26.8889 ], [ 93.7529, 26.8915 ], [ 93.7395, 26.8986 ], [ 93.7426, 26.904 ], [ 93.7393, 26.9094 ], [ 93.749, 26.9141 ], [ 93.746, 26.9365 ], [ 93.7419, 26.9402 ], [ 93.7438, 26.9585 ], [ 93.7366, 26.9676 ], [ 93.7236, 26.9699 ], [ 93.7188, 26.9807 ], [ 93.711, 26.9805 ], [ 93.7088, 26.9854 ], [ 93.6992, 26.9889 ], [ 93.6978, 26.9942 ], [ 93.7234, 27.0208 ], [ 93.7674, 27.0394 ], [ 93.7667, 27.0529 ], [ 93.7719, 27.0541 ], [ 93.7709, 27.062 ], [ 93.7783, 27.0489 ], [ 93.7812, 27.0655 ], [ 93.7838, 27.0515 ], [ 93.7894, 27.0506 ], [ 93.7938, 27.0545 ], [ 93.7944, 27.0619 ], [ 93.7952, 27.057 ], [ 93.8002, 27.0579 ], [ 93.7938, 27.0723 ], [ 93.8034, 27.0581 ], [ 93.8114, 27.0589 ], [ 93.8107, 27.0675 ], [ 93.815, 27.0615 ], [ 93.822, 27.0678 ], [ 93.8292, 27.0668 ], [ 93.8357, 27.0743 ], [ 93.8332, 27.0816 ], [ 93.8378, 27.0854 ], [ 93.8315, 27.0868 ], [ 93.8266, 27.0972 ], [ 93.8384, 27.0967 ], [ 93.8441, 27.0887 ], [ 93.8537, 27.0929 ], [ 93.8623, 27.0902 ], [ 93.8667, 27.0962 ], [ 93.8708, 27.0962 ], [ 93.8858, 27.0652 ], [ 93.8776, 27.0466 ] ] ] } },
{ "type": "Feature", "properties": { "unit_id": "IND.4.20.1_1", "name": "Bihpuria", "district": "Lakhimpur", "did": "assam:Lakhimpur", "state_key": "assam" }, "geometry": { "type": "Polygon", "coordinates": [ [ [ 93.9162, 27.1865 ], [ 93.9259, 27.1776 ], [ 93.9258, 27.1706 ], [ 93.9127, 27.1726 ], [ 93.9115, 27.1699 ], [ 93.9257, 27.1504 ], [ 93.946, 27.1456 ], [ 93.9549, 27.1331 ], [ 93.9587, 27.1343 ], [ 93.9595, 27.1294 ], [ 93.9706, 27.1205 ], [ 93.9841, 27.1201 ], [ 93.9951, 27.111 ], [ 93.9971, 27.1127 ], [ 94.0029, 27.1078 ], [ 94.0111, 27.1086 ], [ 94.0198, 27.1039 ], [ 94.0177, 27.089 ], [ 94.029, 27.0726 ], [ 94.0314, 27.0752 ], [ 94.0368, 27.0726 ], [ 94.0327, 27.0597 ], [ 94.0393, 27.0613 ], [ 94.0321, 27.0549 ], [ 94.0371, 27.049 ], [ 94.034, 27.0464 ], [ 94.0463, 27.0384 ], [ 94.0414, 27.0336 ], [ 94.0497, 27.0266 ], [ 94.0443, 27.0238 ], [ 94.0504, 27.0214 ], [ 94.0461, 27.0188 ], [ 94.0483, 27.0135 ], [ 94.0379, 27.0148 ], [ 94.0404, 27.0042 ], [ 94.0484, 27.0052 ], [ 94.0621, 26.9982 ], [ 94.0654, 27.0004 ], [ 94.0613, 27.0081 ], [ 94.0693, 27.0032 ], [ 94.0616, 26.9907 ], [ 94.0663, 26.9849 ], [ 94.0552, 26.9867 ], [ 94.052, 26.9796 ], [ 94.0408, 26.9757 ], [ 94.034, 26.9625 ], [ 94.0244, 26.9565 ], [ 94.0246, 26.9328 ], [ 94.0091, 26.9306 ], [ 94.001, 26.9416 ], [ 93.9966, 26.9424 ], [ 93.9847, 26.9289 ], [ 93.9737, 26.9227 ], [ 93.9614, 26.9272 ], [ 93.9261, 26.9304 ], [ 93.9178, 26.9241 ], [ 93.9189, 26.9109 ], [ 93.9085, 26.9006 ], [ 93.9012, 26.9194 ], [ 93.9112, 26.9289 ], [ 93.9287, 26.9367 ], [ 93.9307, 26.9482 ], [ 93.9195, 26.9612 ], [ 93.9095, 26.9646 ], [ 93.9009, 26.9804 ], [ 93.9056, 26.9886 ], [ 93.9008, 26.9946 ], [ 93.8928, 26.9951 ], [ 93.8863, 27.0006 ], [ 93.8866, 27.0092 ], [ 93.8789, 27.0153 ], [ 93.884, 27.0216 ], [ 93.8779, 27.0294 ], [ 93.8803, 27.0406 ], [ 93.8776, 27.0466 ], [ 93.8858, 27.0652 ], [ 93.8753, 27.0839 ], [ 93.8742, 27.0941 ], [ 93.8678, 27.0966 ], [ 93.8623, 27.0902 ], [ 93.8537, 27.0929 ], [ 93.8432, 27.0887 ], [ 93.8384, 27.0967 ], [ 93.8266, 27.0972 ], [ 93.8266, 27.1121 ], [ 93.8215, 27.1217 ], [ 93.8094, 27.1233 ], [ 93.8121, 27.1311 ], [ 93.8032, 27.1328 ], [ 93.7969, 27.1289 ], [ 93.7944, 27.1353 ], [ 93.8054, 27.1371 ], [ 93.806, 27.1488 ], [ 93.8253, 27.1685 ], [ 93.8387, 27.1723 ], [ 93.8798, 27.2151 ], [ 93.8862, 27.1991 ], [ 93.9162, 27.1865 ] ] ] } },
{ "type": "Feature", "properties": { "unit_id": "IND.4.14.1_1", "name": "West Jorhat Circle", "district": "Jorhat", "did": "assam:Jorhat", "state_key": "assam" }, "geometry": { "type": "Polygon", "coordinates": [ [ [ 94.2525, 26.8583 ], [ 94.2468, 26.8496 ], [ 94.2157, 26.8367 ], [ 94.2191, 26.8317 ], [ 94.22, 26.807 ], [ 94.2175, 26.7693 ], [ 94.2104, 26.7747 ], [ 94.2028, 26.7718 ], [ 94.1905, 26.7549 ], [ 94.1945, 26.7512 ], [ 94.2055, 26.753 ], [ 94.222, 26.7482 ], [ 94.2339, 26.7099 ], [ 94.2382, 26.6796 ], [ 94.236, 26.6693 ], [ 94.2275, 26.6731 ], [ 94.2032, 26.675 ], [ 94.1778, 26.6656 ], [ 94.165, 26.6709 ], [ 94.1469, 26.6646 ], [ 94.1424, 26.665 ], [ 94.1387, 26.672 ], [ 94.1147, 26.6759 ], [ 94.109, 26.6724 ], [ 94.106, 26.6642 ], [ 94.1122, 26.6623 ], [ 94.1101, 26.6559 ], [ 94.0963, 26.645 ], [ 94.0858, 26.6487 ], [ 94.0864, 26.6574 ], [ 94.0824, 26.6617 ], [ 94.0795, 26.6585 ], [ 94.0775, 26.6619 ], [ 94.0727, 26.661 ], [ 94.0721, 26.6646 ], [ 94.0683, 26.6609 ], [ 94.0699, 26.6664 ], [ 94.0662, 26.6683 ], [ 94.0636, 26.6638 ], [ 94.0573, 26.6672 ], [ 94.0566, 26.6631 ], [ 94.0528, 26.668 ], [ 94.0567, 26.669 ], [ 94.0523, 26.6731 ], [ 94.0538, 26.6791 ], [ 94.0475, 26.6745 ], [ 94.0434, 26.6811 ], [ 94.0492, 26.6829 ], [ 94.0486, 26.688 ], [ 94.0434, 26.6875 ], [ 94.0466, 26.6948 ], [ 94.0422, 26.6944 ], [ 94.0404, 26.7093 ], [ 94.0359, 26.7098 ], [ 94.044, 26.7132 ], [ 94.0382, 26.7215 ], [ 94.046, 26.7251 ], [ 94.046, 26.7298 ], [ 94.041, 26.7302 ], [ 94.0463, 26.7384 ], [ 94.0404, 26.7365 ], [ 94.037, 26.7386 ], [ 94.0386, 26.7424 ], [ 94.0349, 26.7376 ], [ 94.0297, 26.7426 ], [ 94.0208, 26.7393 ], [ 94.0249, 26.7431 ], [ 94.0203, 26.7473 ], [ 94.0047, 26.7445 ], [ 94.0004, 26.7468 ], [ 93.9975, 26.7663 ], [ 93.9724, 26.7673 ], [ 93.9722, 26.7792 ], [ 93.9875, 26.7867 ], [ 93.9733, 26.7962 ], [ 93.9789, 26.8081 ], [ 94.0277, 26.8043 ], [ 94.0519, 26.8068 ], [ 94.0708, 26.8179 ], [ 94.0894, 26.8196 ], [ 94.0834, 26.8217 ], [ 94.0892, 26.8277 ], [ 94.0989, 26.8278 ], [ 94.1129, 26.8406 ], [ 94.1305, 26.8479 ], [ 94.1519, 26.8479 ], [ 94.1678, 26.8554 ], [ 94.1845, 26.8554 ], [ 94.1994, 26.8646 ], [ 94.2287, 26.8716 ], [ 94.2345, 26.865 ], [ 94.2424, 26.8666 ], [ 94.2525, 26.8583 ] ] ] } },
{ "type": "Feature", "properties": { "unit_id": "IND.4.14.1_1", "name": "East Jorhat Circle", "district": "Jorhat", "did": "assam:Jorhat", "state_key": "assam" }, "geometry": { "type": "Polygon", "coordinates": [ [ [ 94.3569, 26.8223 ], [ 94.3741, 26.8297 ], [ 94.3808, 26.8187 ], [ 94.2687, 26.7792 ], [ 94.2667, 26.7716 ], [ 94.2714, 26.7593 ], [ 94.2721, 26.7366 ], [ 94.2781, 26.7342 ], [ 94.2798, 26.7195 ], [ 94.2931, 26.7105 ], [ 94.2914, 26.7066 ], [ 94.3009, 26.6911 ], [ 94.2796, 26.6912 ], [ 94.2541, 26.7045 ], [ 94.2325, 26.7106 ], [ 94.2205, 26.7508 ], [ 94.1945, 26.7512 ], [ 94.1905, 26.7549 ], [ 94.2028, 26.7718 ], [ 94.2104, 26.7747 ], [ 94.2175, 26.7693 ], [ 94.22, 26.807 ], [ 94.2191, 26.8317 ], [ 94.2157, 26.8367 ], [ 94.2468, 26.8496 ], [ 94.2525, 26.8583 ], [ 94.2424, 26.8666 ], [ 94.2626, 26.8673 ], [ 94.3353, 26.8852 ], [ 94.3569, 26.8223 ] ] ] } },
{ "type": "Feature", "properties": { "unit_id": "IND.4.14.1_1", "name": "Teok Circle", "district": "Jorhat", "did": "assam:Jorhat", "state_key": "assam" }, "geometry": { "type": "Polygon", "coordinates": [ [ [ 94.4072, 26.9377 ], [ 94.4179, 26.9433 ], [ 94.4197, 26.94 ], [ 94.4221, 26.9419 ], [ 94.4275, 26.937 ], [ 94.4329, 26.9396 ], [ 94.4382, 26.9354 ], [ 94.4623, 26.9421 ], [ 94.4687, 26.9343 ], [ 94.4738, 26.9353 ], [ 94.4818, 26.9133 ], [ 94.4763, 26.9099 ], [ 94.482, 26.9053 ], [ 94.4742, 26.8926 ], [ 94.4804, 26.8842 ], [ 94.4884, 26.8807 ], [ 94.4927, 26.8823 ], [ 94.4965, 26.8669 ], [ 94.495, 26.8604 ], [ 94.4892, 26.8586 ], [ 94.4931, 26.8453 ], [ 94.4857, 26.831 ], [ 94.4966, 26.8251 ], [ 94.5037, 26.8262 ], [ 94.5094, 26.8128 ], [ 94.5171, 26.8123 ], [ 94.5177, 26.802 ], [ 94.5215, 26.807 ], [ 94.5258, 26.7999 ], [ 94.5153, 26.7951 ], [ 94.5243, 26.7889 ], [ 94.5168, 26.7833 ], [ 94.5122, 26.772 ], [ 94.5225, 26.7704 ], [ 94.5179, 26.7649 ], [ 94.5261, 26.7648 ], [ 94.5346, 26.7546 ], [ 94.5381, 26.7605 ], [ 94.5496, 26.7489 ], [ 94.5563, 26.7566 ], [ 94.5634, 26.7505 ], [ 94.5726, 26.7524 ], [ 94.5709, 26.7429 ], [ 94.5846, 26.7337 ], [ 94.5798, 26.7307 ], [ 94.5845, 26.7247 ], [ 94.5903, 26.7252 ], [ 94.5862, 26.7234 ], [ 94.5575, 26.7279 ], [ 94.5558, 26.7342 ], [ 94.5359, 26.736 ], [ 94.5321, 26.743 ], [ 94.5241, 26.7438 ], [ 94.4827, 26.7434 ], [ 94.4299, 26.7301 ], [ 94.4187, 26.7311 ], [ 94.4112, 26.7258 ], [ 94.3737, 26.7263 ], [ 94.3631, 26.7075 ], [ 94.3643, 26.6887 ], [ 94.3728, 26.6709 ], [ 94.351, 26.6599 ], [ 94.3296, 26.6558 ], [ 94.3222, 26.6644 ], [ 94.3183, 26.6633 ], [ 94.3102, 26.6843 ], [ 94.2969, 26.6948 ], [ 94.2931, 26.7105 ], [ 94.2798, 26.7195 ], [ 94.2781, 26.7342 ], [ 94.2721, 26.7366 ], [ 94.2673, 26.7755 ], [ 94.2694, 26.7797 ], [ 94.3804, 26.8178 ], [ 94.375, 26.8296 ], [ 94.3569, 26.8223 ], [ 94.3353, 26.8852 ], [ 94.3759, 26.9208 ], [ 94.3836, 26.9381 ], [ 94.3966, 26.9528 ], [ 94.4057, 26.9331 ], [ 94.4072, 26.9377 ] ] ] } },
{ "type": "Feature", "properties": { "unit_id": "IND.4.24.1_1", "name": "Amguri Circle", "district": "Sibsagar", "did": "assam:Sibsagar", "state_key": "assam" }, "geometry": { "type": "Polygon", "coordinates": [ [ [ 94.6448, 26.9155 ], [ 94.6488, 26.9109 ], [ 94.6535, 26.9145 ], [ 94.6611, 26.9123 ], [ 94.6649, 26.9012 ], [ 94.6786, 26.885 ], [ 94.658, 26.8844 ], [ 94.6194, 26.8767 ], [ 94.5992, 26.8598 ], [ 94.6038, 26.8537 ], [ 94.6253, 26.8443 ], [ 94.6258, 26.8327 ], [ 94.6366, 26.8106 ], [ 94.6342, 26.797 ], [ 94.6431, 26.7953 ], [ 94.6487, 26.7984 ], [ 94.6529, 26.7903 ], [ 94.6447, 26.7893 ], [ 94.6459, 26.7791 ], [ 94.6335, 26.7793 ], [ 94.6261, 26.7764 ], [ 94.6269, 26.773 ], [ 94.645, 26.7692 ], [ 94.6665, 26.754 ], [ 94.6736, 26.7366 ], [ 94.6825, 26.7284 ], [ 94.653, 26.7188 ], [ 94.6416, 26.7204 ], [ 94.6193, 26.712 ], [ 94.6208, 26.7228 ], [ 94.6081, 26.7288 ], [ 94.6092, 26.7372 ], [ 94.6062, 26.7339 ], [ 94.5956, 26.7338 ], [ 94.5954, 26.726 ], [ 94.5846, 26.7246 ], [ 94.5798, 26.7307 ], [ 94.5846, 26.7337 ], [ 94.5706, 26.7434 ], [ 94.5726, 26.7524 ], [ 94.5634, 26.7505 ], [ 94.5563, 26.7566 ], [ 94.5496, 26.7489 ], [ 94.5381, 26.7605 ], [ 94.5346, 26.7546 ], [ 94.5261, 26.7648 ], [ 94.5179, 26.7649 ], [ 94.523, 26.77 ], [ 94.5116, 26.774 ], [ 94.5243, 26.7896 ], [ 94.5153, 26.7951 ], [ 94.5256, 26.8008 ], [ 94.5215, 26.807 ], [ 94.5177, 26.802 ], [ 94.5171, 26.8123 ], [ 94.5094, 26.8128 ], [ 94.5037, 26.8262 ], [ 94.4966, 26.8251 ], [ 94.4858, 26.8325 ], [ 94.493, 26.845 ], [ 94.4936, 26.8551 ], [ 94.505, 26.8703 ], [ 94.5193, 26.9027 ], [ 94.5221, 26.9117 ], [ 94.5179, 26.9202 ], [ 94.5317, 26.9491 ], [ 94.6649, 26.9566 ], [ 94.6717, 26.9502 ], [ 94.644, 26.9221 ], [ 94.6448, 26.9155 ] ] ] } },
{ "type": "Feature", "properties": { "unit_id": "IND.4.24.1_1", "name": "Sibsagar Circle", "district": "Sibsagar", "did": "assam:Sibsagar", "state_key": "assam" }, "geometry": { "type": "Polygon", "coordinates": [ [ [ 94.6483, 27.0603 ], [ 94.6675, 27.04 ], [ 94.6718, 27.0508 ], [ 94.6786, 27.0534 ], [ 94.6861, 27.0506 ], [ 94.697, 27.0359 ], [ 94.7124, 27.0452 ], [ 94.7096, 27.0356 ], [ 94.7203, 27.0314 ], [ 94.7235, 27.0408 ], [ 94.7322, 27.0351 ], [ 94.7337, 27.0228 ], [ 94.7289, 27.0163 ], [ 94.7375, 27.0172 ], [ 94.7431, 27.0123 ], [ 94.7341, 27.0065 ], [ 94.7446, 26.9993 ], [ 94.7487, 26.99 ], [ 94.7518, 26.9885 ], [ 94.7611, 26.9945 ], [ 94.7724, 26.9836 ], [ 94.782, 26.9895 ], [ 94.7792, 26.9825 ], [ 94.7337, 26.9327 ], [ 94.7228, 26.9397 ], [ 94.7168, 26.9386 ], [ 94.7113, 26.9445 ], [ 94.7046, 26.9408 ], [ 94.7073, 26.9578 ], [ 94.7015, 26.9563 ], [ 94.6978, 26.9614 ], [ 94.689, 26.9593 ], [ 94.6847, 26.9527 ], [ 94.682, 26.9605 ], [ 94.6722, 26.9517 ], [ 94.6628, 26.9569 ], [ 94.532, 26.9492 ], [ 94.5182, 26.9214 ], [ 94.5221, 26.9117 ], [ 94.5193, 26.9027 ], [ 94.505, 26.8703 ], [ 94.4936, 26.8551 ], [ 94.4925, 26.8466 ], [ 94.4883, 26.8554 ], [ 94.4901, 26.8598 ], [ 94.495, 26.8604 ], [ 94.4965, 26.8669 ], [ 94.492, 26.8746 ], [ 94.4932, 26.8813 ], [ 94.4804, 26.8842 ], [ 94.4742, 26.8926 ], [ 94.482, 26.9053 ], [ 94.4763, 26.9099 ], [ 94.4818, 26.9133 ], [ 94.4738, 26.9353 ], [ 94.4687, 26.9343 ], [ 94.4623, 26.9421 ], [ 94.4382, 26.9354 ], [ 94.4329, 26.9396 ], [ 94.4275, 26.937 ], [ 94.4221, 26.9419 ], [ 94.4197, 26.94 ], [ 94.4179, 26.9433 ], [ 94.4072, 26.9377 ], [ 94.4057, 26.9331 ], [ 94.3953, 26.9549 ], [ 94.3971, 26.9581 ], [ 94.4296, 26.9743 ], [ 94.4432, 26.9874 ], [ 94.4602, 26.9954 ], [ 94.4663, 27.0188 ], [ 94.4753, 27.0311 ], [ 94.5017, 27.04 ], [ 94.5343, 27.0707 ], [ 94.5512, 27.072 ], [ 94.5571, 27.0786 ], [ 94.5645, 27.0764 ], [ 94.5641, 27.0694 ], [ 94.5728, 27.0768 ], [ 94.5812, 27.0706 ], [ 94.5886, 27.0779 ], [ 94.6076, 27.0662 ], [ 94.6185, 27.0687 ], [ 94.6267, 27.0768 ], [ 94.6293, 27.0651 ], [ 94.6483, 27.0603 ] ] ] } },
{ "type": "Feature", "properties": { "unit_id": "IND.4.14.1_1", "name": "Majuli Circle", "district": "Majuli", "did": "assam:Majuli", "state_key": "assam" }, "geometry": { "type": "Polygon", "coordinates": [ [ [ 94.5729, 27.1175 ], [ 94.553, 27.0966 ], [ 94.5429, 27.0754 ], [ 94.5017, 27.04 ], [ 94.4753, 27.0311 ], [ 94.4663, 27.0188 ], [ 94.4602, 26.9954 ], [ 94.4432, 26.9874 ], [ 94.4296, 26.9743 ], [ 94.3979, 26.9592 ], [ 94.3759, 26.9208 ], [ 94.332, 26.8828 ], [ 94.2555, 26.8665 ], [ 94.2345, 26.865 ], [ 94.2287, 26.8716 ], [ 94.1994, 26.8646 ], [ 94.1845, 26.8554 ], [ 94.1678, 26.8554 ], [ 94.1519, 26.8479 ], [ 94.133, 26.8487 ], [ 94.1129, 26.8406 ], [ 94.0989, 26.8278 ], [ 94.0892, 26.8277 ], [ 94.0834, 26.8217 ], [ 94.0894, 26.8196 ], [ 94.0708, 26.8179 ], [ 94.0519, 26.8068 ], [ 94.0277, 26.8043 ], [ 93.9789, 26.8081 ], [ 93.9852, 26.8177 ], [ 93.9966, 26.8224 ], [ 94.0084, 26.8344 ], [ 93.9982, 26.8719 ], [ 93.9907, 26.8682 ], [ 93.9733, 26.8734 ], [ 93.9727, 26.8814 ], [ 93.9567, 26.8922 ], [ 93.9674, 26.9071 ], [ 93.9623, 26.9269 ], [ 93.9702, 26.9228 ], [ 93.9774, 26.9239 ], [ 93.9966, 26.9424 ], [ 94.001, 26.9416 ], [ 94.0091, 26.9306 ], [ 94.0246, 26.9328 ], [ 94.0239, 26.9555 ], [ 94.034, 26.9625 ], [ 94.0429, 26.9772 ], [ 94.0602, 26.983 ], [ 94.0678, 26.9768 ], [ 94.0733, 26.9634 ], [ 94.08, 26.96 ], [ 94.1027, 26.9699 ], [ 94.1343, 26.9691 ], [ 94.1379, 26.9774 ], [ 94.1339, 26.9883 ], [ 94.1523, 26.9946 ], [ 94.1581, 27.0003 ], [ 94.1837, 27.0002 ], [ 94.1889, 27.0046 ], [ 94.1919, 27.0116 ], [ 94.1875, 27.0354 ], [ 94.1958, 27.0351 ], [ 94.2041, 27.0287 ], [ 94.2238, 27.032 ], [ 94.2263, 27.0556 ], [ 94.2343, 27.0718 ], [ 94.2547, 27.0884 ], [ 94.2787, 27.0951 ], [ 94.2982, 27.087 ], [ 94.3064, 27.0734 ], [ 94.3121, 27.0712 ], [ 94.3227, 27.088 ], [ 94.3394, 27.0821 ], [ 94.3696, 27.0989 ], [ 94.3846, 27.0963 ], [ 94.3931, 27.0988 ], [ 94.4186, 27.0931 ], [ 94.4241, 27.0984 ], [ 94.4266, 27.1145 ], [ 94.434, 27.1191 ], [ 94.4521, 27.1173 ], [ 94.4602, 27.1121 ], [ 94.4679, 27.1138 ], [ 94.4794, 27.139 ], [ 94.4877, 27.1342 ], [ 94.4949, 27.1223 ], [ 94.507, 27.1217 ], [ 94.5106, 27.1423 ], [ 94.5289, 27.1439 ], [ 94.5332, 27.1479 ], [ 94.5242, 27.1581 ], [ 94.5255, 27.1616 ], [ 94.5424, 27.1722 ], [ 94.556, 27.1746 ], [ 94.5612, 27.1839 ], [ 94.593, 27.1457 ], [ 94.5853, 27.1393 ], [ 94.5729, 27.1175 ] ] ] } },
{ "type": "Feature", "properties": { "unit_id": "IND.4.20.1_1", "name": "Subansiri", "district": "Lakhimpur", "did": "assam:Lakhimpur", "state_key": "assam" }, "geometry": { "type": "Polygon", "coordinates": [ [ [ 94.3957, 27.3444 ], [ 94.4018, 27.3426 ], [ 94.4062, 27.3395 ], [ 94.4033, 27.3346 ], [ 94.4068, 27.3309 ], [ 94.4122, 27.3383 ], [ 94.4157, 27.333 ], [ 94.4186, 27.3371 ], [ 94.4265, 27.3381 ], [ 94.4299, 27.3183 ], [ 94.4422, 27.3166 ], [ 94.4337, 27.3031 ], [ 94.4383, 27.297 ], [ 94.4293, 27.2933 ], [ 94.4302, 27.2852 ], [ 94.4187, 27.2844 ], [ 94.426, 27.2751 ], [ 94.4071, 27.2635 ], [ 94.4111, 27.2607 ], [ 94.4074, 27.2547 ], [ 94.4144, 27.2542 ], [ 94.4168, 27.2496 ], [ 94.4221, 27.2537 ], [ 94.4234, 27.248 ], [ 94.4174, 27.2439 ], [ 94.4071, 27.2465 ], [ 94.4063, 27.2349 ], [ 94.3987, 27.2338 ], [ 94.3911, 27.2356 ], [ 94.3902, 27.2405 ], [ 94.3864, 27.2389 ], [ 94.3955, 27.2235 ], [ 94.3888, 27.2187 ], [ 94.3809, 27.2275 ], [ 94.376, 27.2165 ], [ 94.366, 27.2133 ], [ 94.3662, 27.2079 ], [ 94.3743, 27.2048 ], [ 94.36, 27.2031 ], [ 94.3687, 27.1977 ], [ 94.3655, 27.1891 ], [ 94.3594, 27.1878 ], [ 94.3518, 27.1981 ], [ 94.3473, 27.1846 ], [ 94.3502, 27.1811 ], [ 94.3363, 27.1723 ], [ 94.3237, 27.1849 ], [ 94.3157, 27.1798 ], [ 94.3191, 27.1747 ], [ 94.3046, 27.1773 ], [ 94.3134, 27.1679 ], [ 94.3113, 27.1607 ], [ 94.3251, 27.1497 ], [ 94.3248, 27.1415 ], [ 94.3334, 27.1475 ], [ 94.3456, 27.1477 ], [ 94.3433, 27.1561 ], [ 94.3485, 27.1564 ], [ 94.3812, 27.1778 ], [ 94.3817, 27.1644 ], [ 94.3855, 27.1649 ], [ 94.3875, 27.1715 ], [ 94.3944, 27.1704 ], [ 94.3983, 27.1553 ], [ 94.3909, 27.1495 ], [ 94.3811, 27.1481 ], [ 94.3854, 27.138 ], [ 94.3831, 27.1354 ], [ 94.3754, 27.1412 ], [ 94.3702, 27.1393 ], [ 94.3703, 27.0989 ], [ 94.3394, 27.0821 ], [ 94.3227, 27.088 ], [ 94.3156, 27.0728 ], [ 94.3112, 27.0712 ], [ 94.2973, 27.0875 ], [ 94.2775, 27.0954 ], [ 94.2676, 27.0928 ], [ 94.268, 27.1016 ], [ 94.2571, 27.1066 ], [ 94.2659, 27.1123 ], [ 94.2656, 27.1204 ], [ 94.2476, 27.1185 ], [ 94.259, 27.1237 ], [ 94.2605, 27.136 ], [ 94.2575, 27.1397 ], [ 94.2634, 27.1392 ], [ 94.2651, 27.1486 ], [ 94.2578, 27.1559 ], [ 94.2701, 27.166 ], [ 94.2767, 27.1791 ], [ 94.2785, 27.2305 ], [ 94.2818, 27.2343 ], [ 94.2887, 27.2337 ], [ 94.3066, 27.2268 ], [ 94.3164, 27.2452 ], [ 94.3314, 27.2568 ], [ 94.3277, 27.2625 ], [ 94.3102, 27.2637 ], [ 94.3044, 27.2816 ], [ 94.294, 27.2936 ], [ 94.2941, 27.3002 ], [ 94.3029, 27.308 ], [ 94.3254, 27.3144 ], [ 94.337, 27.3282 ], [ 94.3394, 27.3369 ], [ 94.3559, 27.3414 ], [ 94.375, 27.341 ], [ 94.39, 27.3507 ], [ 94.3927, 27.3407 ], [ 94.3957, 27.3444 ] ] ] } },
{ "type": "Feature", "properties": { "unit_id": "IND.4.20.1_1", "name": "Dhakuakhana", "district": "Lakhimpur", "did": "assam:Lakhimpur", "state_key": "assam" }, "geometry": { "type": "Polygon", "coordinates": [ [ [ 94.5968, 27.3574 ], [ 94.612, 27.355 ], [ 94.6182, 27.3651 ], [ 94.6253, 27.3541 ], [ 94.6236, 27.3438 ], [ 94.629, 27.3389 ], [ 94.622, 27.3331 ], [ 94.6065, 27.3288 ], [ 94.6058, 27.325 ], [ 94.6136, 27.3193 ], [ 94.6107, 27.309 ], [ 94.6137, 27.3066 ], [ 94.5866, 27.2674 ], [ 94.5876, 27.2471 ], [ 94.5775, 27.2172 ], [ 94.5795, 27.2002 ], [ 94.5724, 27.1848 ], [ 94.5675, 27.1793 ], [ 94.5611, 27.1838 ], [ 94.556, 27.1746 ], [ 94.5424, 27.1722 ], [ 94.5264, 27.1625 ], [ 94.5242, 27.1581 ], [ 94.5332, 27.1479 ], [ 94.5289, 27.1439 ], [ 94.5106, 27.1423 ], [ 94.51, 27.1257 ], [ 94.5062, 27.1212 ], [ 94.4949, 27.1223 ], [ 94.4877, 27.1342 ], [ 94.4794, 27.139 ], [ 94.4679, 27.1138 ], [ 94.4602, 27.1121 ], [ 94.4521, 27.1173 ], [ 94.434, 27.1191 ], [ 94.4266, 27.1145 ], [ 94.4246, 27.0998 ], [ 94.42, 27.0935 ], [ 94.3931, 27.0988 ], [ 94.3846, 27.0963 ], [ 94.3703, 27.0989 ], [ 94.3702, 27.1393 ], [ 94.3754, 27.1412 ], [ 94.3813, 27.135 ], [ 94.3851, 27.1375 ], [ 94.3811, 27.1481 ], [ 94.3909, 27.1495 ], [ 94.3983, 27.1553 ], [ 94.3944, 27.1704 ], [ 94.3875, 27.1715 ], [ 94.3822, 27.1639 ], [ 94.3827, 27.1771 ], [ 94.3778, 27.1765 ], [ 94.3485, 27.1564 ], [ 94.3426, 27.1556 ], [ 94.3456, 27.1477 ], [ 94.3334, 27.1475 ], [ 94.3257, 27.1414 ], [ 94.3251, 27.1497 ], [ 94.3113, 27.1607 ], [ 94.3134, 27.1679 ], [ 94.3049, 27.179 ], [ 94.3191, 27.1747 ], [ 94.3157, 27.1798 ], [ 94.3237, 27.1849 ], [ 94.3363, 27.1723 ], [ 94.3502, 27.1811 ], [ 94.3473, 27.1846 ], [ 94.3509, 27.1978 ], [ 94.355, 27.1968 ], [ 94.3594, 27.1878 ], [ 94.3663, 27.1896 ], [ 94.3687, 27.1977 ], [ 94.36, 27.2031 ], [ 94.3743, 27.2048 ], [ 94.3662, 27.2079 ], [ 94.366, 27.2133 ], [ 94.376, 27.2165 ], [ 94.3809, 27.2275 ], [ 94.3888, 27.2187 ], [ 94.3955, 27.2235 ], [ 94.3864, 27.2389 ], [ 94.3902, 27.2405 ], [ 94.3911, 27.2356 ], [ 94.3987, 27.2338 ], [ 94.4063, 27.2349 ], [ 94.4071, 27.2465 ], [ 94.4174, 27.2439 ], [ 94.4234, 27.248 ], [ 94.4221, 27.2537 ], [ 94.4168, 27.2496 ], [ 94.4144, 27.2542 ], [ 94.4074, 27.2547 ], [ 94.4111, 27.2607 ], [ 94.4073, 27.264 ], [ 94.426, 27.2751 ], [ 94.4187, 27.2844 ], [ 94.4302, 27.2852 ], [ 94.4293, 27.2933 ], [ 94.4385, 27.2974 ], [ 94.4336, 27.3024 ], [ 94.4366, 27.3088 ], [ 94.4453, 27.3096 ], [ 94.4459, 27.3224 ], [ 94.4557, 27.321 ], [ 94.4604, 27.3323 ], [ 94.4665, 27.334 ], [ 94.474, 27.3278 ], [ 94.4836, 27.3297 ], [ 94.4823, 27.3327 ], [ 94.4858, 27.3313 ], [ 94.4891, 27.3357 ], [ 94.4886, 27.3316 ], [ 94.4948, 27.3338 ], [ 94.4982, 27.33 ], [ 94.4964, 27.3326 ], [ 94.5017, 27.336 ], [ 94.5052, 27.3344 ], [ 94.513, 27.3493 ], [ 94.5149, 27.3457 ], [ 94.5368, 27.3477 ], [ 94.5923, 27.3778 ], [ 94.5934, 27.3773 ], [ 94.5932, 27.3585 ], [ 94.5968, 27.3574 ] ] ] } },
{ "type": "Feature", "properties": { "unit_id": "IND.4.7.1_1", "name": "Dhemaji", "district": "Dhemaji", "did": "assam:Dhemaji", "state_key": "assam" }, "geometry": { "type": "Polygon", "coordinates": [ [ [ 94.5857, 27.5719 ], [ 94.6067, 27.5388 ], [ 94.6034, 27.4997 ], [ 94.5934, 27.4542 ], [ 94.5801, 27.4419 ], [ 94.5795, 27.4279 ], [ 94.5718, 27.4098 ], [ 94.5773, 27.3891 ], [ 94.5923, 27.3778 ], [ 94.5368, 27.3477 ], [ 94.5149, 27.3457 ], [ 94.513, 27.3493 ], [ 94.5052, 27.3344 ], [ 94.5017, 27.336 ], [ 94.4964, 27.3326 ], [ 94.4982, 27.33 ], [ 94.4948, 27.3338 ], [ 94.4886, 27.3316 ], [ 94.4891, 27.3357 ], [ 94.4858, 27.3313 ], [ 94.4823, 27.3327 ], [ 94.4836, 27.3297 ], [ 94.474, 27.3278 ], [ 94.4665, 27.334 ], [ 94.4604, 27.3323 ], [ 94.4557, 27.321 ], [ 94.4459, 27.3224 ], [ 94.4464, 27.3113 ], [ 94.4405, 27.3088 ], [ 94.4422, 27.3166 ], [ 94.4299, 27.3183 ], [ 94.4267, 27.338 ], [ 94.4186, 27.3371 ], [ 94.4157, 27.333 ], [ 94.4122, 27.3383 ], [ 94.406, 27.3309 ], [ 94.4033, 27.3346 ], [ 94.4062, 27.3395 ], [ 94.4014, 27.3438 ], [ 94.4097, 27.3659 ], [ 94.4282, 27.3737 ], [ 94.4353, 27.3961 ], [ 94.4456, 27.3945 ], [ 94.4522, 27.4018 ], [ 94.454, 27.4184 ], [ 94.4441, 27.4422 ], [ 94.4367, 27.4452 ], [ 94.4393, 27.4492 ], [ 94.4355, 27.4547 ], [ 94.4364, 27.4668 ], [ 94.4446, 27.482 ], [ 94.4556, 27.4915 ], [ 94.4501, 27.4999 ], [ 94.4481, 27.5139 ], [ 94.4611, 27.5167 ], [ 94.4634, 27.5232 ], [ 94.4389, 27.5444 ], [ 94.4493, 27.5423 ], [ 94.4552, 27.5456 ], [ 94.4778, 27.5761 ], [ 94.499, 27.5722 ], [ 94.5025, 27.5774 ], [ 94.5215, 27.5846 ], [ 94.522, 27.5914 ], [ 94.5296, 27.5914 ], [ 94.5321, 27.5946 ], [ 94.536, 27.5925 ], [ 94.5446, 27.601 ], [ 94.5553, 27.6008 ], [ 94.5622, 27.6049 ], [ 94.5711, 27.6025 ], [ 94.5875, 27.6185 ], [ 94.6, 27.6182 ], [ 94.6029, 27.6212 ], [ 94.6059, 27.6027 ], [ 94.5857, 27.5719 ] ] ] } },
{ "type": "Feature", "properties": { "unit_id": "IND.4.7.1_1", "name": "Gogamukh", "district": "Dhemaji", "did": "assam:Dhemaji", "state_key": "assam" }, "geometry": { "type": "Polygon", "coordinates": [ [ [ 94.2675, 27.6289 ], [ 94.2545, 27.6136 ], [ 94.2725, 27.6029 ], [ 94.2776, 27.5893 ], [ 94.2883, 27.5893 ], [ 94.2898, 27.5962 ], [ 94.2983, 27.6019 ], [ 94.3093, 27.5908 ], [ 94.3228, 27.5886 ], [ 94.3243, 27.5846 ], [ 94.3336, 27.5866 ], [ 94.337, 27.5792 ], [ 94.3449, 27.5821 ], [ 94.3507, 27.5771 ], [ 94.3668, 27.5743 ], [ 94.3914, 27.5886 ], [ 94.4016, 27.585 ], [ 94.4185, 27.5975 ], [ 94.4317, 27.6003 ], [ 94.4333, 27.5884 ], [ 94.4513, 27.5718 ], [ 94.4572, 27.559 ], [ 94.464, 27.5557 ], [ 94.4514, 27.543 ], [ 94.4389, 27.5444 ], [ 94.4634, 27.5232 ], [ 94.4611, 27.5167 ], [ 94.4481, 27.5139 ], [ 94.4501, 27.4999 ], [ 94.4556, 27.4915 ], [ 94.4446, 27.482 ], [ 94.4364, 27.4668 ], [ 94.4355, 27.4547 ], [ 94.4393, 27.4492 ], [ 94.4367, 27.4452 ], [ 94.4441, 27.4422 ], [ 94.454, 27.4184 ], [ 94.4521, 27.4013 ], [ 94.4456, 27.3945 ], [ 94.4356, 27.3964 ], [ 94.4282, 27.3737 ], [ 94.4097, 27.3659 ], [ 94.4024, 27.3504 ], [ 94.4039, 27.3408 ], [ 94.3981, 27.3445 ], [ 94.3927, 27.3407 ], [ 94.39, 27.3507 ], [ 94.375, 27.341 ], [ 94.3559, 27.3414 ], [ 94.3394, 27.3369 ], [ 94.336, 27.3266 ], [ 94.3259, 27.318 ], [ 94.3051, 27.3202 ], [ 94.2995, 27.3322 ], [ 94.302, 27.3445 ], [ 94.2989, 27.3505 ], [ 94.2718, 27.365 ], [ 94.247, 27.392 ], [ 94.2491, 27.398 ], [ 94.2637, 27.4003 ], [ 94.2834, 27.3851 ], [ 94.2925, 27.3839 ], [ 94.3048, 27.3959 ], [ 94.308, 27.4127 ], [ 94.3059, 27.4383 ], [ 94.2776, 27.4667 ], [ 94.2789, 27.4953 ], [ 94.2582, 27.5349 ], [ 94.2587, 27.5555 ], [ 94.2467, 27.5695 ], [ 94.2348, 27.5692 ], [ 94.225, 27.5741 ], [ 94.2228, 27.5882 ], [ 94.2266, 27.5977 ], [ 94.2134, 27.6002 ], [ 94.2095, 27.6051 ], [ 94.2096, 27.6089 ], [ 94.2174, 27.6073 ], [ 94.2228, 27.6114 ], [ 94.237, 27.6324 ], [ 94.2485, 27.634 ], [ 94.2515, 27.6376 ], [ 94.2617, 27.6359 ], [ 94.2675, 27.6289 ] ] ] } },
{ "type": "Feature", "properties": { "unit_id": "IND.4.20.1_1", "name": "Kadam", "district": "Lakhimpur", "did": "assam:Lakhimpur", "state_key": "assam" }, "geometry": { "type": "MultiPolygon", "coordinates": [ [ [ [ 94.2782, 27.4657 ], [ 94.307, 27.436 ], [ 94.3053, 27.3971 ], [ 94.2903, 27.3834 ], [ 94.2834, 27.3851 ], [ 94.2654, 27.4 ], [ 94.2512, 27.399 ], [ 94.247, 27.392 ], [ 94.2718, 27.365 ], [ 94.2989, 27.3505 ], [ 94.302, 27.3445 ], [ 94.2995, 27.3322 ], [ 94.3051, 27.3202 ], [ 94.3292, 27.3197 ], [ 94.3238, 27.3131 ], [ 94.3014, 27.3071 ], [ 94.2934, 27.2968 ], [ 94.3044, 27.2816 ], [ 94.3102, 27.2637 ], [ 94.3277, 27.2625 ], [ 94.3317, 27.258 ], [ 94.3164, 27.2452 ], [ 94.3066, 27.2268 ], [ 94.2818, 27.2343 ], [ 94.278, 27.229 ], [ 94.2771, 27.2122 ], [ 94.2685, 27.215 ], [ 94.2645, 27.2204 ], [ 94.2572, 27.2474 ], [ 94.2369, 27.2486 ], [ 94.2109, 27.2302 ], [ 94.2089, 27.2334 ], [ 94.1969, 27.2366 ], [ 94.1947, 27.2346 ], [ 94.1944, 27.2402 ], [ 94.1873, 27.2446 ], [ 94.1905, 27.2493 ], [ 94.1803, 27.2551 ], [ 94.1579, 27.2521 ], [ 94.1588, 27.2591 ], [ 94.1543, 27.2659 ], [ 94.1268, 27.2592 ], [ 94.1302, 27.2682 ], [ 94.126, 27.2728 ], [ 94.1283, 27.283 ], [ 94.1247, 27.2898 ], [ 94.1134, 27.2907 ], [ 94.1078, 27.2949 ], [ 94.1068, 27.3021 ], [ 94.0921, 27.3155 ], [ 94.0807, 27.3372 ], [ 94.0764, 27.3344 ], [ 94.0727, 27.3427 ], [ 94.0585, 27.3448 ], [ 94.0533, 27.3599 ], [ 94.0598, 27.3615 ], [ 94.0681, 27.3716 ], [ 94.0758, 27.3897 ], [ 94.0896, 27.407 ], [ 94.1036, 27.413 ], [ 94.1179, 27.4297 ], [ 94.1554, 27.457 ], [ 94.1596, 27.4628 ], [ 94.1567, 27.4749 ], [ 94.1762, 27.4822 ], [ 94.1893, 27.4924 ], [ 94.2006, 27.4949 ], [ 94.2091, 27.4925 ], [ 94.2208, 27.5053 ], [ 94.2682, 27.5208 ], [ 94.2788, 27.4871 ], [ 94.2782, 27.4657 ] ] ] ] } },
{ "type": "Feature", "properties": { "unit_id": "IND.4.20.1_1", "name": "North Lakhimpur", "district": "Lakhimpur", "did": "assam:Lakhimpur", "state_key": "assam" }, "geometry": { "type": "Polygon", "coordinates": [ [ [ 94.0737, 27.342 ], [ 94.0764, 27.3344 ], [ 94.0807, 27.3372 ], [ 94.0921, 27.3155 ], [ 94.1068, 27.3021 ], [ 94.1078, 27.2949 ], [ 94.1134, 27.2907 ], [ 94.1247, 27.2898 ], [ 94.1283, 27.283 ], [ 94.126, 27.2728 ], [ 94.1302, 27.2682 ], [ 94.1268, 27.2592 ], [ 94.1543, 27.2659 ], [ 94.1588, 27.2591 ], [ 94.1579, 27.2521 ], [ 94.1803, 27.2551 ], [ 94.1905, 27.2493 ], [ 94.1873, 27.2446 ], [ 94.1944, 27.2402 ], [ 94.1947, 27.2346 ], [ 94.1969, 27.2366 ], [ 94.2089, 27.2334 ], [ 94.2109, 27.2302 ], [ 94.2369, 27.2486 ], [ 94.2572, 27.2474 ], [ 94.2645, 27.2204 ], [ 94.2685, 27.215 ], [ 94.2771, 27.2122 ], [ 94.2794, 27.1973 ], [ 94.2751, 27.1752 ], [ 94.2578, 27.1559 ], [ 94.2651, 27.1486 ], [ 94.2634, 27.1392 ], [ 94.2575, 27.1397 ], [ 94.2605, 27.136 ], [ 94.2592, 27.1242 ], [ 94.2476, 27.1185 ], [ 94.2478, 27.1174 ], [ 94.2541, 27.1171 ], [ 94.2634, 27.1216 ], [ 94.2672, 27.119 ], [ 94.2659, 27.1123 ], [ 94.2571, 27.1066 ], [ 94.268, 27.1016 ], [ 94.2676, 27.0928 ], [ 94.254, 27.088 ], [ 94.2354, 27.0735 ], [ 94.2263, 27.0556 ], [ 94.2238, 27.032 ], [ 94.2041, 27.0287 ], [ 94.1958, 27.0351 ], [ 94.1875, 27.0354 ], [ 94.1919, 27.011 ], [ 94.1856, 27.0007 ], [ 94.1581, 27.0003 ], [ 94.1523, 26.9946 ], [ 94.1339, 26.9883 ], [ 94.1379, 26.9774 ], [ 94.1343, 26.9691 ], [ 94.1027, 26.9699 ], [ 94.0835, 26.9599 ], [ 94.0751, 26.9613 ], [ 94.0678, 26.9768 ], [ 94.0602, 26.983 ], [ 94.052, 26.9796 ], [ 94.0556, 26.9869 ], [ 94.0663, 26.9849 ], [ 94.0616, 26.9907 ], [ 94.0693, 27.0032 ], [ 94.0613, 27.0082 ], [ 94.0722, 27.0104 ], [ 94.0748, 27.022 ], [ 94.0815, 27.0214 ], [ 94.0981, 27.0289 ], [ 94.1039, 27.0433 ], [ 94.1035, 27.0484 ], [ 94.0975, 27.0484 ], [ 94.0975, 27.0541 ], [ 94.0864, 27.0497 ], [ 94.0909, 27.0583 ], [ 94.0774, 27.0562 ], [ 94.0808, 27.0648 ], [ 94.0746, 27.0657 ], [ 94.071, 27.0739 ], [ 94.0649, 27.0725 ], [ 94.0658, 27.0804 ], [ 94.0561, 27.0824 ], [ 94.0503, 27.0946 ], [ 94.057, 27.0984 ], [ 94.0552, 27.1074 ], [ 94.0667, 27.1323 ], [ 94.0614, 27.1338 ], [ 94.0643, 27.143 ], [ 94.0604, 27.1492 ], [ 94.0676, 27.1609 ], [ 94.0597, 27.1681 ], [ 94.068, 27.1704 ], [ 94.0626, 27.1758 ], [ 94.0674, 27.1974 ], [ 94.0602, 27.201 ], [ 94.0526, 27.2195 ], [ 94.0541, 27.2268 ], [ 94.0623, 27.2276 ], [ 94.0628, 27.2308 ], [ 94.0502, 27.237 ], [ 94.0505, 27.26 ], [ 94.0394, 27.2618 ], [ 94.044, 27.2693 ], [ 94.0434, 27.2857 ], [ 94.0496, 27.2931 ], [ 94.0453, 27.2977 ], [ 94.0207, 27.2992 ], [ 93.9974, 27.3092 ], [ 93.986, 27.3228 ], [ 94.0221, 27.3462 ], [ 94.0303, 27.3457 ], [ 94.0533, 27.3599 ], [ 94.0577, 27.3462 ], [ 94.0737, 27.342 ] ] ] } },
{ "type": "Feature", "properties": { "unit_id": "IND.4.20.1_1", "name": "Naobaricha", "district": "Lakhimpur", "did": "assam:Lakhimpur", "state_key": "assam" }, "geometry": { "type": "Polygon", "coordinates": [ [ [ 94.0483, 27.2954 ], [ 94.0394, 27.2618 ], [ 94.0505, 27.26 ], [ 94.0502, 27.237 ], [ 94.0628, 27.2308 ], [ 94.0623, 27.2276 ], [ 94.0541, 27.2268 ], [ 94.0526, 27.2195 ], [ 94.0602, 27.201 ], [ 94.0674, 27.1974 ], [ 94.0626, 27.1758 ], [ 94.0678, 27.1697 ], [ 94.0597, 27.1676 ], [ 94.0676, 27.1609 ], [ 94.0604, 27.1492 ], [ 94.0643, 27.143 ], [ 94.0614, 27.1338 ], [ 94.0667, 27.1323 ], [ 94.0552, 27.1074 ], [ 94.057, 27.0984 ], [ 94.0503, 27.0957 ], [ 94.052, 27.0868 ], [ 94.0578, 27.0815 ], [ 94.0658, 27.0804 ], [ 94.0649, 27.0725 ], [ 94.071, 27.0739 ], [ 94.0746, 27.0657 ], [ 94.0808, 27.0648 ], [ 94.0781, 27.0556 ], [ 94.0902, 27.0585 ], [ 94.0912, 27.0535 ], [ 94.0854, 27.053 ], [ 94.0864, 27.0497 ], [ 94.0965, 27.0543 ], [ 94.098, 27.0479 ], [ 94.1038, 27.0479 ], [ 94.0981, 27.0289 ], [ 94.0815, 27.0214 ], [ 94.0748, 27.022 ], [ 94.0722, 27.0104 ], [ 94.0606, 27.0071 ], [ 94.0654, 27.001 ], [ 94.0621, 26.9982 ], [ 94.0484, 27.0052 ], [ 94.0404, 27.0042 ], [ 94.0379, 27.0148 ], [ 94.0483, 27.0135 ], [ 94.0461, 27.0188 ], [ 94.0504, 27.0214 ], [ 94.0443, 27.0238 ], [ 94.0497, 27.0266 ], [ 94.0414, 27.0336 ], [ 94.0463, 27.0384 ], [ 94.034, 27.0464 ], [ 94.0371, 27.049 ], [ 94.0321, 27.0549 ], [ 94.0393, 27.0613 ], [ 94.0327, 27.0597 ], [ 94.0368, 27.0726 ], [ 94.0314, 27.0752 ], [ 94.029, 27.0726 ], [ 94.0177, 27.089 ], [ 94.0198, 27.1039 ], [ 94.0111, 27.1086 ], [ 94.0029, 27.1078 ], [ 93.9971, 27.1127 ], [ 93.9951, 27.111 ], [ 93.9841, 27.1201 ], [ 93.9706, 27.1205 ], [ 93.9595, 27.1294 ], [ 93.9587, 27.1343 ], [ 93.9549, 27.1331 ], [ 93.946, 27.1456 ], [ 93.9257, 27.1504 ], [ 93.9115, 27.1699 ], [ 93.9127, 27.1726 ], [ 93.9258, 27.1706 ], [ 93.9259, 27.1776 ], [ 93.9162, 27.1865 ], [ 93.8845, 27.1999 ], [ 93.88, 27.2134 ], [ 93.8994, 27.2391 ], [ 93.986, 27.3228 ], [ 93.9974, 27.3092 ], [ 94.0207, 27.2992 ], [ 94.0483, 27.2954 ] ] ] } },
{ "type": "Feature", "properties": { "unit_id": "IND.4.7.1_1", "name": "Jonai", "district": "Dhemaji", "did": "assam:Dhemaji", "state_key": "assam" }, "geometry": { "type": "Polygon", "coordinates": [ [ [ 95.4514, 27.8049 ], [ 95.4361, 27.8006 ], [ 95.4049, 27.7696 ], [ 95.4047, 27.7606 ], [ 95.3957, 27.7507 ], [ 95.3981, 27.7365 ], [ 95.3916, 27.7269 ], [ 95.3466, 27.7013 ], [ 95.2855, 27.6967 ], [ 95.2745, 27.6903 ], [ 95.2625, 27.6713 ], [ 95.2464, 27.6568 ], [ 95.2047, 27.6583 ], [ 95.1888, 27.6765 ], [ 95.2002, 27.694 ], [ 95.1957, 27.7049 ], [ 95.1178, 27.6859 ], [ 95.1087, 27.679 ], [ 95.1041, 27.6675 ], [ 95.093, 27.6604 ], [ 95.0711, 27.6639 ], [ 95.0531, 27.6627 ], [ 95.036, 27.6686 ], [ 95.0167, 27.6565 ], [ 94.9965, 27.6593 ], [ 94.9558, 27.6143 ], [ 94.9441, 27.6092 ], [ 94.9283, 27.6191 ], [ 94.9217, 27.6388 ], [ 94.903, 27.6507 ], [ 94.8814, 27.6475 ], [ 94.8678, 27.6274 ], [ 94.8536, 27.6329 ], [ 94.8456, 27.6306 ], [ 94.8425, 27.6256 ], [ 94.8408, 27.6372 ], [ 94.8515, 27.6407 ], [ 94.8516, 27.6477 ], [ 94.8617, 27.6489 ], [ 94.8676, 27.654 ], [ 94.8609, 27.6703 ], [ 94.8692, 27.67 ], [ 94.8837, 27.6812 ], [ 94.8851, 27.6868 ], [ 94.8921, 27.6848 ], [ 94.895, 27.6877 ], [ 94.8926, 27.7205 ], [ 94.8876, 27.7276 ], [ 94.8695, 27.733 ], [ 94.8772, 27.7355 ], [ 95.3088, 27.868 ], [ 95.3796, 27.8392 ], [ 95.5146, 27.8795 ], [ 95.5152, 27.8595 ], [ 95.4932, 27.8583 ], [ 95.4774, 27.8315 ], [ 95.4514, 27.8049 ] ] ] } },
{ "type": "Feature", "properties": { "unit_id": "IND.4.26.2_1", "name": "Dumduma Circle", "district": "Tinsukia", "did": "assam:Tinsukia", "state_key": "assam" }, "geometry": { "type": "Polygon", "coordinates": [ [ [ 95.7042, 27.768 ], [ 95.7196, 27.7508 ], [ 95.7613, 27.7476 ], [ 95.7779, 27.743 ], [ 95.7794, 27.7337 ], [ 95.7656, 27.7264 ], [ 95.7541, 27.7257 ], [ 95.7523, 27.7205 ], [ 95.7654, 27.7147 ], [ 95.7629, 27.709 ], [ 95.768, 27.7021 ], [ 95.7638, 27.6938 ], [ 95.7679, 27.687 ], [ 95.7829, 27.6872 ], [ 95.7905, 27.68 ], [ 95.7791, 27.6773 ], [ 95.7736, 27.6722 ], [ 95.7721, 27.6548 ], [ 95.7454, 27.615 ], [ 95.7448, 27.6069 ], [ 95.7487, 27.607 ], [ 95.742, 27.5978 ], [ 95.7423, 27.5901 ], [ 95.7434, 27.5879 ], [ 95.755, 27.5952 ], [ 95.7617, 27.5928 ], [ 95.761, 27.5681 ], [ 95.7475, 27.5631 ], [ 95.7374, 27.5657 ], [ 95.7311, 27.5623 ], [ 95.7372, 27.5455 ], [ 95.7034, 27.501 ], [ 95.6913, 27.5074 ], [ 95.6656, 27.5134 ], [ 95.6653, 27.4677 ], [ 95.6529, 27.475 ], [ 95.6361, 27.4698 ], [ 95.6208, 27.474 ], [ 95.6162, 27.4761 ], [ 95.6098, 27.4908 ], [ 95.6117, 27.5007 ], [ 95.606, 27.5116 ], [ 95.558, 27.5371 ], [ 95.5561, 27.5419 ], [ 95.5491, 27.5429 ], [ 95.5448, 27.5517 ], [ 95.547, 27.5679 ], [ 95.5346, 27.5705 ], [ 95.5333, 27.5755 ], [ 95.516, 27.5783 ], [ 95.5108, 27.565 ], [ 95.5196, 27.5604 ], [ 95.5203, 27.5564 ], [ 95.5133, 27.5551 ], [ 95.5081, 27.5487 ], [ 95.4964, 27.5476 ], [ 95.5, 27.5378 ], [ 95.4964, 27.5328 ], [ 95.467, 27.5211 ], [ 95.4645, 27.5079 ], [ 95.453, 27.5017 ], [ 95.4514, 27.4974 ], [ 95.4406, 27.4912 ], [ 95.4324, 27.4961 ], [ 95.4221, 27.4961 ], [ 95.4185, 27.4922 ], [ 95.4136, 27.5002 ], [ 95.3975, 27.4962 ], [ 95.3867, 27.4996 ], [ 95.3813, 27.5071 ], [ 95.3837, 27.5143 ], [ 95.3804, 27.5246 ], [ 95.3948, 27.5443 ], [ 95.3958, 27.5522 ], [ 95.3932, 27.5588 ], [ 95.3746, 27.5577 ], [ 95.3748, 27.5668 ], [ 95.3644, 27.5719 ], [ 95.3638, 27.5792 ], [ 95.3595, 27.5807 ], [ 95.3558, 27.5899 ], [ 95.3962, 27.6126 ], [ 95.4028, 27.6234 ], [ 95.404, 27.6205 ], [ 95.4182, 27.6238 ], [ 95.4225, 27.6349 ], [ 95.4334, 27.638 ], [ 95.4462, 27.6698 ], [ 95.4516, 27.6765 ], [ 95.4651, 27.6819 ], [ 95.4692, 27.6903 ], [ 95.4687, 27.7147 ], [ 95.4586, 27.7311 ], [ 95.4769, 27.7418 ], [ 95.4976, 27.7659 ], [ 95.5318, 27.7879 ], [ 95.5606, 27.7764 ], [ 95.5674, 27.7703 ], [ 95.5977, 27.7749 ], [ 95.6053, 27.7721 ], [ 95.6327, 27.7838 ], [ 95.6472, 27.7835 ], [ 95.6568, 27.7904 ], [ 95.6761, 27.7922 ], [ 95.6949, 27.7865 ], [ 95.7042, 27.768 ] ] ] } },
{ "type": "Feature", "properties": { "unit_id": "IND.4.27.1_1", "name": "Harisinga Circle", "district": "Udalguri", "did": "assam:Udalguri", "state_key": "assam" }, "geometry": { "type": "Polygon", "coordinates": [ [ [ 91.9876, 26.7984 ], [ 91.9902, 26.795 ], [ 91.9934, 26.7787 ], [ 92.0015, 26.7675 ], [ 91.9958, 26.7601 ], [ 92.0024, 26.7441 ], [ 91.9985, 26.7413 ], [ 92.001, 26.7205 ], [ 91.9858, 26.7077 ], [ 91.9819, 26.7083 ], [ 91.9868, 26.6916 ], [ 91.9776, 26.6764 ], [ 91.9697, 26.6751 ], [ 91.9742, 26.6705 ], [ 91.9717, 26.6674 ], [ 91.9758, 26.6549 ], [ 91.9742, 26.6492 ], [ 91.9684, 26.6483 ], [ 91.9681, 26.6425 ], [ 91.9553, 26.6386 ], [ 91.9308, 26.638 ], [ 91.9291, 26.6434 ], [ 91.9011, 26.6429 ], [ 91.8951, 26.6515 ], [ 91.8803, 26.6519 ], [ 91.8627, 26.6471 ], [ 91.8395, 26.6463 ], [ 91.8235, 26.6408 ], [ 91.8011, 26.6582 ], [ 91.7932, 26.6793 ], [ 91.7443, 26.6837 ], [ 91.7449, 26.6891 ], [ 91.738, 26.6927 ], [ 91.7425, 26.7009 ], [ 91.7331, 26.7149 ], [ 91.7347, 26.728 ], [ 91.7169, 26.7559 ], [ 91.7131, 26.7856 ], [ 91.7043, 26.8128 ], [ 91.7206, 26.8117 ], [ 91.8241, 26.864 ], [ 91.8591, 26.9133 ], [ 91.8917, 26.9191 ], [ 91.9642, 26.8825 ], [ 91.9666, 26.878 ], [ 91.9591, 26.8569 ], [ 91.9702, 26.8354 ], [ 91.9763, 26.807 ], [ 91.9834, 26.7974 ], [ 91.9876, 26.7984 ] ] ] } },
{ "type": "Feature", "properties": { "unit_id": "IND.4.1.3_1", "name": "Baganpara Circle", "district": "Baksa", "did": "assam:Baksa", "state_key": "assam" }, "geometry": { "type": "Polygon", "coordinates": [ [ [ 91.4961, 26.6678 ], [ 91.5007, 26.6626 ], [ 91.5011, 26.6452 ], [ 91.5056, 26.6425 ], [ 91.5094, 26.6299 ], [ 91.507, 26.627 ], [ 91.4912, 26.6279 ], [ 91.4938, 26.618 ], [ 91.4878, 26.6135 ], [ 91.4909, 26.6045 ], [ 91.4932, 26.6063 ], [ 91.5028, 26.6008 ], [ 91.4989, 26.5955 ], [ 91.5042, 26.5935 ], [ 91.5059, 26.5864 ], [ 91.503, 26.59 ], [ 91.4988, 26.5886 ], [ 91.5047, 26.5775 ], [ 91.5006, 26.5726 ], [ 91.5296, 26.5635 ], [ 91.5304, 26.5537 ], [ 91.5253, 26.5524 ], [ 91.525, 26.5447 ], [ 91.5186, 26.5442 ], [ 91.5149, 26.5403 ], [ 91.5167, 26.537 ], [ 91.5063, 26.5325 ], [ 91.4943, 26.5339 ], [ 91.4913, 26.5611 ], [ 91.4758, 26.5709 ], [ 91.4676, 26.5626 ], [ 91.4343, 26.5634 ], [ 91.434, 26.5671 ], [ 91.446, 26.5719 ], [ 91.4457, 26.5889 ], [ 91.4325, 26.5887 ], [ 91.4327, 26.6122 ], [ 91.4236, 26.6141 ], [ 91.4188, 26.6202 ], [ 91.4257, 26.6313 ], [ 91.4199, 26.6354 ], [ 91.4227, 26.6413 ], [ 91.4175, 26.6466 ], [ 91.4226, 26.6513 ], [ 91.4155, 26.6558 ], [ 91.419, 26.6611 ], [ 91.4154, 26.6708 ], [ 91.4196, 26.6796 ], [ 91.4053, 26.6686 ], [ 91.3895, 26.6715 ], [ 91.3942, 26.6886 ], [ 91.3901, 26.6908 ], [ 91.392, 26.7096 ], [ 91.3867, 26.7181 ], [ 91.4146, 26.7278 ], [ 91.4135, 26.7586 ], [ 91.3592, 26.789 ], [ 91.376, 26.7952 ], [ 91.4068, 26.8384 ], [ 91.4207, 26.8076 ], [ 91.4381, 26.7882 ], [ 91.4425, 26.7683 ], [ 91.4571, 26.7499 ], [ 91.455, 26.7453 ], [ 91.4601, 26.7256 ], [ 91.4891, 26.698 ], [ 91.4961, 26.6678 ] ] ] } },
{ "type": "Feature", "properties": { "unit_id": "IND.4.1.3_1", "name": "Baksa Circle", "district": "Baksa", "did": "assam:Baksa", "state_key": "assam" }, "geometry": { "type": "Polygon", "coordinates": [ [ [ 91.4146, 26.7278 ], [ 91.3867, 26.7181 ], [ 91.392, 26.7096 ], [ 91.3901, 26.6908 ], [ 91.3942, 26.6886 ], [ 91.3895, 26.6715 ], [ 91.4053, 26.6686 ], [ 91.4196, 26.6796 ], [ 91.4154, 26.6708 ], [ 91.419, 26.6611 ], [ 91.4155, 26.6558 ], [ 91.4226, 26.6513 ], [ 91.4175, 26.6466 ], [ 91.4227, 26.6413 ], [ 91.4199, 26.6354 ], [ 91.4256, 26.632 ], [ 91.4185, 26.6216 ], [ 91.4236, 26.6141 ], [ 91.4144, 26.6137 ], [ 91.4092, 26.6185 ], [ 91.4068, 26.6155 ], [ 91.3996, 26.6187 ], [ 91.3749, 26.6167 ], [ 91.3663, 26.6043 ], [ 91.3663, 26.5923 ], [ 91.3582, 26.5747 ], [ 91.3325, 26.5604 ], [ 91.3247, 26.5603 ], [ 91.3229, 26.5643 ], [ 91.3351, 26.5826 ], [ 91.3163, 26.5797 ], [ 91.3037, 26.5616 ], [ 91.2911, 26.5624 ], [ 91.2891, 26.5677 ], [ 91.2602, 26.5691 ], [ 91.2585, 26.577 ], [ 91.2673, 26.5749 ], [ 91.269, 26.5844 ], [ 91.2517, 26.587 ], [ 91.2507, 26.5783 ], [ 91.246, 26.5789 ], [ 91.2432, 26.5753 ], [ 91.2374, 26.5773 ], [ 91.2335, 26.6081 ], [ 91.2467, 26.6074 ], [ 91.2493, 26.6149 ], [ 91.2485, 26.6194 ], [ 91.2356, 26.6168 ], [ 91.2356, 26.6209 ], [ 91.2463, 26.6245 ], [ 91.2411, 26.6328 ], [ 91.2441, 26.6443 ], [ 91.257, 26.6639 ], [ 91.2737, 26.6661 ], [ 91.2795, 26.6708 ], [ 91.2982, 26.7183 ], [ 91.3004, 26.7425 ], [ 91.2945, 26.7586 ], [ 91.2973, 26.7713 ], [ 91.2918, 26.7796 ], [ 91.2945, 26.7846 ], [ 91.2965, 26.7871 ], [ 91.3372, 26.7809 ], [ 91.3592, 26.789 ], [ 91.4135, 26.7586 ], [ 91.4146, 26.7278 ] ] ] } },
{ "type": "Feature", "properties": { "unit_id": "IND.4.1.1_1", "name": "Jalah Circle", "district": "Baksa", "did": "assam:Baksa", "state_key": "assam" }, "geometry": { "type": "Polygon", "coordinates": [ [ [ 91.2771, 26.8003 ], [ 91.2965, 26.7871 ], [ 91.2918, 26.7796 ], [ 91.2973, 26.7713 ], [ 91.2945, 26.7586 ], [ 91.3004, 26.7425 ], [ 91.2982, 26.7183 ], [ 91.2795, 26.6708 ], [ 91.2737, 26.6661 ], [ 91.257, 26.6639 ], [ 91.2447, 26.6455 ], [ 91.2411, 26.6328 ], [ 91.247, 26.6276 ], [ 91.2457, 26.6238 ], [ 91.2356, 26.6209 ], [ 91.2356, 26.6168 ], [ 91.2302, 26.6147 ], [ 91.2301, 26.6236 ], [ 91.2191, 26.6195 ], [ 91.1977, 26.623 ], [ 91.1985, 26.6039 ], [ 91.1861, 26.604 ], [ 91.181, 26.6077 ], [ 91.1867, 26.622 ], [ 91.1765, 26.6229 ], [ 91.1863, 26.6277 ], [ 91.1684, 26.6276 ], [ 91.1617, 26.6301 ], [ 91.1609, 26.6386 ], [ 91.1513, 26.6389 ], [ 91.1576, 26.6515 ], [ 91.1421, 26.6668 ], [ 91.1503, 26.695 ], [ 91.1036, 26.7089 ], [ 91.1524, 26.7441 ], [ 91.1515, 26.7612 ], [ 91.137, 26.771 ], [ 91.1327, 26.7783 ], [ 91.1432, 26.8115 ], [ 91.1921, 26.8134 ], [ 91.2408, 26.8109 ], [ 91.2771, 26.8003 ] ] ] } },
{ "type": "Feature", "properties": { "unit_id": "IND.4.1.1_1", "name": "Barnagar Circle(part)", "district": "Baksa", "did": "assam:Baksa", "state_key": "assam" }, "geometry": { "type": "MultiPolygon", "coordinates": [ [ [ [ 90.9474, 26.5391 ], [ 90.9503, 26.5323 ], [ 90.9571, 26.5305 ], [ 90.9549, 26.5165 ], [ 90.965, 26.5155 ], [ 90.9566, 26.5115 ], [ 90.9407, 26.5155 ], [ 90.9353, 26.5126 ], [ 90.9303, 26.5157 ], [ 90.9177, 26.5145 ], [ 90.9195, 26.52 ], [ 90.9154, 26.5275 ], [ 90.9364, 26.5265 ], [ 90.9298, 26.535 ], [ 90.9361, 26.5457 ], [ 90.9411, 26.5465 ], [ 90.9362, 26.5401 ], [ 90.9474, 26.5391 ] ] ], [ [ [ 90.9812, 26.5546 ], [ 90.986, 26.5558 ], [ 90.9852, 26.5755 ], [ 90.996, 26.5714 ], [ 90.9949, 26.6008 ], [ 90.9908, 26.601 ], [ 90.989, 26.5906 ], [ 90.9679, 26.5904 ], [ 90.9666, 26.5994 ], [ 90.9633, 26.5986 ], [ 90.9634, 26.5832 ], [ 90.9349, 26.5841 ], [ 90.9317, 26.5548 ], [ 90.9211, 26.5596 ], [ 90.9257, 26.5757 ], [ 90.9116, 26.5787 ], [ 90.9031, 26.5733 ], [ 90.8912, 26.5521 ], [ 90.8778, 26.5574 ], [ 90.8696, 26.5769 ], [ 90.8721, 26.582 ], [ 90.8848, 26.5874 ], [ 90.8843, 26.5939 ], [ 90.9009, 26.5992 ], [ 90.896, 26.6026 ], [ 90.8944, 26.6274 ], [ 90.901, 26.6354 ], [ 90.9027, 26.6566 ], [ 90.8993, 26.6642 ], [ 90.895, 26.6644 ], [ 90.8955, 26.6731 ], [ 90.9014, 26.681 ], [ 90.8995, 26.6904 ], [ 90.9075, 26.6956 ], [ 90.9162, 26.712 ], [ 90.9147, 26.729 ], [ 90.928, 26.7449 ], [ 90.9437, 26.7757 ], [ 90.9593, 26.7845 ], [ 90.9919, 26.7906 ], [ 91.0541, 26.781 ], [ 91.0976, 26.822 ], [ 91.1432, 26.8115 ], [ 91.1327, 26.7783 ], [ 91.137, 26.771 ], [ 91.1515, 26.7612 ], [ 91.1524, 26.7441 ], [ 91.0907, 26.6987 ], [ 91.0602, 26.6698 ], [ 91.0387, 26.6713 ], [ 91.0324, 26.664 ], [ 91.0391, 26.6604 ], [ 91.0407, 26.6531 ], [ 91.0475, 26.6517 ], [ 91.0445, 26.6459 ], [ 91.0287, 26.6352 ], [ 91.0321, 26.626 ], [ 91.0289, 26.6188 ], [ 91.0342, 26.6063 ], [ 91.0251, 26.5982 ], [ 91.0285, 26.5909 ], [ 91.0397, 26.5916 ], [ 91.0424, 26.5859 ], [ 91.055, 26.5851 ], [ 91.0613, 26.5808 ], [ 91.0607, 26.5582 ], [ 91.0549, 26.5554 ], [ 91.0411, 26.5571 ], [ 91.0278, 26.5307 ], [ 91.0053, 26.5316 ], [ 90.9986, 26.5246 ], [ 90.991, 26.524 ], [ 90.991, 26.5181 ], [ 90.9966, 26.5179 ], [ 90.998, 26.5147 ], [ 90.9942, 26.5048 ], [ 91.0004, 26.4908 ], [ 90.9965, 26.47 ], [ 91.0065, 26.4559 ], [ 91.0053, 26.4487 ], [ 91.0142, 26.4457 ], [ 91.0098, 26.4351 ], [ 90.9969, 26.4353 ], [ 91.0035, 26.422 ], [ 90.984, 26.4162 ], [ 90.9824, 26.4309 ], [ 90.9698, 26.4288 ], [ 90.9754, 26.4402 ], [ 90.9622, 26.4398 ], [ 90.9611, 26.4443 ], [ 90.9621, 26.4578 ], [ 90.9724, 26.4564 ], [ 90.9729, 26.4612 ], [ 90.9553, 26.4617 ], [ 90.952, 26.4571 ], [ 90.9455, 26.4618 ], [ 90.9505, 26.4605 ], [ 90.9551, 26.4639 ], [ 90.953, 26.471 ], [ 90.9361, 26.4712 ], [ 90.9329, 26.4778 ], [ 90.9425, 26.4772 ], [ 90.9471, 26.4799 ], [ 90.9475, 26.4854 ], [ 90.951, 26.4842 ], [ 90.9507, 26.4904 ], [ 90.9689, 26.4908 ], [ 90.9693, 26.4973 ], [ 90.976, 26.4981 ], [ 90.9767, 26.5398 ], [ 90.9816, 26.5429 ], [ 90.9812, 26.5546 ] ] ] ] } },
{ "type": "Feature", "properties": { "unit_id": "IND.4.2.1_1", "name": "Barnagar Circle", "district": "Barpeta", "did": "assam:Barpeta", "state_key": "assam" }, "geometry": { "type": "MultiPolygon", "coordinates": [ [ [ [ 91.0306, 26.5085 ], [ 91.0266, 26.5053 ], [ 91.0314, 26.5006 ], [ 91.0142, 26.4939 ], [ 91.0139, 26.4814 ], [ 90.9993, 26.4801 ], [ 91.0004, 26.4908 ], [ 90.9942, 26.5048 ], [ 90.998, 26.5147 ], [ 90.9966, 26.5179 ], [ 90.991, 26.5181 ], [ 90.991, 26.524 ], [ 90.9986, 26.5246 ], [ 91.0053, 26.5316 ], [ 91.0278, 26.5307 ], [ 91.0306, 26.5085 ] ] ], [ [ [ 90.976, 26.4981 ], [ 90.9693, 26.4973 ], [ 90.9689, 26.4908 ], [ 90.9507, 26.4904 ], [ 90.951, 26.4842 ], [ 90.9475, 26.4854 ], [ 90.9471, 26.4799 ], [ 90.9425, 26.4772 ], [ 90.9329, 26.4778 ], [ 90.9361, 26.4712 ], [ 90.953, 26.471 ], [ 90.9551, 26.4639 ], [ 90.9505, 26.4605 ], [ 90.9455, 26.4618 ], [ 90.952, 26.4571 ], [ 90.9553, 26.4617 ], [ 90.9729, 26.4612 ], [ 90.9724, 26.4564 ], [ 90.9621, 26.4578 ], [ 90.9611, 26.4443 ], [ 90.9622, 26.4398 ], [ 90.9754, 26.4402 ], [ 90.9698, 26.4288 ], [ 90.9824, 26.4309 ], [ 90.9816, 26.4163 ], [ 90.9313, 26.4534 ], [ 90.9305, 26.4592 ], [ 90.9275, 26.4548 ], [ 90.9171, 26.4591 ], [ 90.9169, 26.4681 ], [ 90.9096, 26.4648 ], [ 90.9147, 26.4619 ], [ 90.914, 26.4418 ], [ 90.9184, 26.4291 ], [ 90.9083, 26.4281 ], [ 90.9071, 26.4237 ], [ 90.8967, 26.4196 ], [ 90.876, 26.4193 ], [ 90.8761, 26.415 ], [ 90.8713, 26.4131 ], [ 90.8661, 26.4157 ], [ 90.8515, 26.4146 ], [ 90.8616, 26.4311 ], [ 90.8497, 26.4424 ], [ 90.8369, 26.4334 ], [ 90.8128, 26.4282 ], [ 90.7992, 26.4304 ], [ 90.7976, 26.4382 ], [ 90.8023, 26.4406 ], [ 90.8163, 26.4378 ], [ 90.8276, 26.4488 ], [ 90.8277, 26.4532 ], [ 90.8169, 26.4648 ], [ 90.8184, 26.4757 ], [ 90.8038, 26.4779 ], [ 90.8049, 26.4967 ], [ 90.811, 26.5005 ], [ 90.8227, 26.4905 ], [ 90.8273, 26.502 ], [ 90.8378, 26.504 ], [ 90.8421, 26.4996 ], [ 90.8494, 26.5087 ], [ 90.8504, 26.5245 ], [ 90.8551, 26.5332 ], [ 90.8319, 26.5392 ], [ 90.8267, 26.5593 ], [ 90.819, 26.5631 ], [ 90.8174, 26.5678 ], [ 90.8253, 26.576 ], [ 90.835, 26.5717 ], [ 90.8468, 26.5722 ], [ 90.8561, 26.5982 ], [ 90.868, 26.5998 ], [ 90.877, 26.6184 ], [ 90.8944, 26.6274 ], [ 90.896, 26.6026 ], [ 90.9007, 26.5987 ], [ 90.8843, 26.5939 ], [ 90.8848, 26.5874 ], [ 90.8695, 26.578 ], [ 90.8778, 26.5574 ], [ 90.8912, 26.5521 ], [ 90.9013, 26.5717 ], [ 90.9116, 26.5787 ], [ 90.9257, 26.5757 ], [ 90.9211, 26.5596 ], [ 90.9317, 26.5548 ], [ 90.9349, 26.5841 ], [ 90.9634, 26.5832 ], [ 90.9633, 26.5986 ], [ 90.9666, 26.5994 ], [ 90.9679, 26.5904 ], [ 90.989, 26.5906 ], [ 90.9908, 26.601 ], [ 90.9949, 26.6008 ], [ 90.996, 26.5714 ], [ 90.9852, 26.5755 ], [ 90.9857, 26.5544 ], [ 90.9812, 26.5546 ], [ 90.9822, 26.5407 ], [ 90.9773, 26.541 ], [ 90.976, 26.4981 ] ], [ [ 90.9364, 26.5265 ], [ 90.9154, 26.5275 ], [ 90.9195, 26.52 ], [ 90.9177, 26.5145 ], [ 90.9303, 26.5157 ], [ 90.9353, 26.5126 ], [ 90.9407, 26.5155 ], [ 90.9566, 26.5115 ], [ 90.965, 26.5155 ], [ 90.9549, 26.5165 ], [ 90.9571, 26.5305 ], [ 90.9503, 26.5323 ], [ 90.9474, 26.5391 ], [ 90.9362, 26.5401 ], [ 90.9411, 26.5465 ], [ 90.9316, 26.5409 ], [ 90.9319, 26.5307 ], [ 90.9364, 26.5265 ] ] ] ] } },
{ "type": "Feature", "properties": { "unit_id": "IND.4.2.1_1", "name": "Bagbar Circle", "district": "Barpeta", "did": "assam:Barpeta", "state_key": "assam" }, "geometry": { "type": "Polygon", "coordinates": [ [ [ 90.9189, 26.358 ], [ 90.9243, 26.3576 ], [ 90.938, 26.3438 ], [ 90.9502, 26.3398 ], [ 90.9538, 26.3345 ], [ 90.9446, 26.3218 ], [ 90.9497, 26.307 ], [ 90.954, 26.3045 ], [ 90.974, 26.3112 ], [ 90.9784, 26.3058 ], [ 90.9935, 26.3025 ], [ 90.9986, 26.298 ], [ 91.0021, 26.2898 ], [ 90.9929, 26.2704 ], [ 90.9936, 26.2641 ], [ 91.0047, 26.258 ], [ 91.026, 26.2581 ], [ 91.0289, 26.232 ], [ 91.0183, 26.2262 ], [ 91.0192, 26.2233 ], [ 91.0284, 26.2189 ], [ 91.043, 26.2287 ], [ 91.0555, 26.2195 ], [ 91.0675, 26.2197 ], [ 91.0901, 26.2284 ], [ 91.1064, 26.2266 ], [ 91.0844, 26.2239 ], [ 91.0735, 26.2118 ], [ 91.0536, 26.2182 ], [ 91.0312, 26.2027 ], [ 91.0171, 26.1988 ], [ 91.0123, 26.1985 ], [ 91.0051, 26.2106 ], [ 90.9769, 26.2076 ], [ 90.923, 26.1881 ], [ 90.9004, 26.1757 ], [ 90.8955, 26.1708 ], [ 90.9005, 26.1644 ], [ 90.9115, 26.1635 ], [ 90.9248, 26.1569 ], [ 90.941, 26.1402 ], [ 90.9486, 26.1396 ], [ 90.9574, 26.1465 ], [ 90.9671, 26.1448 ], [ 90.9909, 26.1499 ], [ 91.0037, 26.1402 ], [ 91.0064, 26.1281 ], [ 90.9978, 26.1283 ], [ 91.0093, 26.1156 ], [ 90.9952, 26.1196 ], [ 90.9534, 26.096 ], [ 90.9402, 26.093 ], [ 90.9334, 26.1014 ], [ 90.9163, 26.0897 ], [ 90.8722, 26.0955 ], [ 90.86, 26.1125 ], [ 90.8485, 26.1149 ], [ 90.8395, 26.1092 ], [ 90.8248, 26.1186 ], [ 90.7928, 26.1292 ], [ 90.7455, 26.1362 ], [ 90.7333, 26.136 ], [ 90.7144, 26.1301 ], [ 90.7079, 26.1459 ], [ 90.694, 26.1508 ], [ 90.6769, 26.1811 ], [ 90.671, 26.1996 ], [ 90.69, 26.1927 ], [ 90.7312, 26.1973 ], [ 90.7415, 26.1937 ], [ 90.757, 26.2018 ], [ 90.7591, 26.2192 ], [ 90.7679, 26.2278 ], [ 90.7807, 26.2299 ], [ 90.7932, 26.243 ], [ 90.8043, 26.246 ], [ 90.8088, 26.2595 ], [ 90.8133, 26.2593 ], [ 90.8175, 26.2487 ], [ 90.8221, 26.2478 ], [ 90.8279, 26.2545 ], [ 90.8266, 26.2623 ], [ 90.8367, 26.2672 ], [ 90.8428, 26.2502 ], [ 90.8476, 26.2504 ], [ 90.8429, 26.2644 ], [ 90.8264, 26.2834 ], [ 90.8266, 26.2935 ], [ 90.8369, 26.299 ], [ 90.8372, 26.3068 ], [ 90.8487, 26.3084 ], [ 90.8523, 26.3158 ], [ 90.8904, 26.3245 ], [ 90.8928, 26.3397 ], [ 90.8973, 26.3372 ], [ 90.9042, 26.3404 ], [ 90.8973, 26.3527 ], [ 90.9023, 26.3587 ], [ 90.9002, 26.364 ], [ 90.9184, 26.364 ], [ 90.9189, 26.358 ] ] ] } },
{ "type": "Feature", "properties": { "unit_id": "IND.4.2.1_1", "name": "Kalgachia Circle", "district": "Barpeta", "did": "assam:Barpeta", "state_key": "assam" }, "geometry": { "type": "Polygon", "coordinates": [ [ [ 90.9292, 26.4272 ], [ 90.9266, 26.4204 ], [ 90.9294, 26.4182 ], [ 90.9235, 26.4179 ], [ 90.926, 26.4121 ], [ 90.9232, 26.4091 ], [ 90.9342, 26.3871 ], [ 90.9293, 26.377 ], [ 90.9225, 26.3729 ], [ 90.9193, 26.3642 ], [ 90.9002, 26.364 ], [ 90.9023, 26.3587 ], [ 90.8973, 26.3527 ], [ 90.9042, 26.3404 ], [ 90.8973, 26.3372 ], [ 90.8928, 26.3397 ], [ 90.8904, 26.3245 ], [ 90.8523, 26.3158 ], [ 90.8487, 26.3084 ], [ 90.8372, 26.3068 ], [ 90.8369, 26.299 ], [ 90.8266, 26.2935 ], [ 90.8264, 26.2834 ], [ 90.8429, 26.2644 ], [ 90.8476, 26.2504 ], [ 90.8428, 26.2502 ], [ 90.8367, 26.2672 ], [ 90.8266, 26.2623 ], [ 90.8279, 26.2545 ], [ 90.8221, 26.2478 ], [ 90.8175, 26.2487 ], [ 90.8133, 26.2593 ], [ 90.8088, 26.2595 ], [ 90.8043, 26.246 ], [ 90.7932, 26.243 ], [ 90.7807, 26.2299 ], [ 90.7679, 26.2278 ], [ 90.7591, 26.2192 ], [ 90.757, 26.2018 ], [ 90.7415, 26.1937 ], [ 90.7312, 26.1973 ], [ 90.69, 26.1927 ], [ 90.671, 26.1996 ], [ 90.6653, 26.2181 ], [ 90.6533, 26.2374 ], [ 90.6604, 26.2467 ], [ 90.6823, 26.2573 ], [ 90.7028, 26.2559 ], [ 90.7173, 26.2637 ], [ 90.7251, 26.2564 ], [ 90.7333, 26.2578 ], [ 90.7311, 26.2683 ], [ 90.72, 26.2685 ], [ 90.7203, 26.2825 ], [ 90.7298, 26.293 ], [ 90.7454, 26.3009 ], [ 90.7515, 26.3096 ], [ 90.7619, 26.312 ], [ 90.7716, 26.3045 ], [ 90.7823, 26.3022 ], [ 90.8034, 26.3059 ], [ 90.8066, 26.3122 ], [ 90.8037, 26.3175 ], [ 90.7905, 26.324 ], [ 90.7894, 26.3294 ], [ 90.7993, 26.3347 ], [ 90.8049, 26.3432 ], [ 90.8035, 26.3476 ], [ 90.8179, 26.3669 ], [ 90.8409, 26.3577 ], [ 90.8597, 26.3627 ], [ 90.8611, 26.3773 ], [ 90.8473, 26.3915 ], [ 90.8447, 26.4017 ], [ 90.8515, 26.4146 ], [ 90.8725, 26.4133 ], [ 90.8761, 26.415 ], [ 90.8751, 26.4191 ], [ 90.8967, 26.4196 ], [ 90.9071, 26.4237 ], [ 90.9083, 26.4281 ], [ 90.9258, 26.4254 ], [ 90.9292, 26.4272 ] ] ] } },
{ "type": "Feature", "properties": { "unit_id": "IND.4.3.1_1", "name": "Srijangram Circle", "district": "Bongaigaon", "did": "assam:Bongaigaon", "state_key": "assam" }, "geometry": { "type": "Polygon", "coordinates": [ [ [ 90.6879, 26.4471 ], [ 90.6854, 26.4373 ], [ 90.6804, 26.4349 ], [ 90.674, 26.4383 ], [ 90.668, 26.4368 ], [ 90.6672, 26.4308 ], [ 90.6739, 26.4255 ], [ 90.6812, 26.4291 ], [ 90.6969, 26.4282 ], [ 90.6963, 26.4115 ], [ 90.7076, 26.421 ], [ 90.7074, 26.426 ], [ 90.7126, 26.4267 ], [ 90.713, 26.4184 ], [ 90.7065, 26.4102 ], [ 90.7106, 26.4066 ], [ 90.7306, 26.4136 ], [ 90.7327, 26.4037 ], [ 90.7369, 26.4032 ], [ 90.746, 26.42 ], [ 90.7543, 26.4217 ], [ 90.7546, 26.4157 ], [ 90.7411, 26.4097 ], [ 90.7406, 26.4038 ], [ 90.7458, 26.4013 ], [ 90.7595, 26.4045 ], [ 90.7523, 26.3952 ], [ 90.7556, 26.3821 ], [ 90.768, 26.3847 ], [ 90.7701, 26.3976 ], [ 90.7836, 26.4091 ], [ 90.8042, 26.4154 ], [ 90.8196, 26.406 ], [ 90.8247, 26.3964 ], [ 90.8396, 26.399 ], [ 90.8449, 26.4033 ], [ 90.8465, 26.3928 ], [ 90.8602, 26.3788 ], [ 90.8617, 26.3707 ], [ 90.8589, 26.3617 ], [ 90.8409, 26.3577 ], [ 90.8179, 26.3669 ], [ 90.8035, 26.3476 ], [ 90.8049, 26.3432 ], [ 90.7993, 26.3347 ], [ 90.7894, 26.3294 ], [ 90.7905, 26.324 ], [ 90.8037, 26.3175 ], [ 90.8066, 26.3122 ], [ 90.8034, 26.3059 ], [ 90.7809, 26.3023 ], [ 90.759, 26.3122 ], [ 90.7298, 26.293 ], [ 90.7203, 26.2825 ], [ 90.7198, 26.2689 ], [ 90.7311, 26.2683 ], [ 90.7333, 26.2578 ], [ 90.7251, 26.2564 ], [ 90.7173, 26.2637 ], [ 90.7028, 26.2559 ], [ 90.6823, 26.2573 ], [ 90.6604, 26.2467 ], [ 90.6533, 26.2374 ], [ 90.6706, 26.2016 ], [ 90.6541, 26.2113 ], [ 90.6224, 26.202 ], [ 90.6179, 26.2093 ], [ 90.6047, 26.2136 ], [ 90.6382, 26.226 ], [ 90.6355, 26.2299 ], [ 90.6219, 26.2312 ], [ 90.6003, 26.2444 ], [ 90.5979, 26.256 ], [ 90.604, 26.2659 ], [ 90.5975, 26.2706 ], [ 90.6034, 26.2772 ], [ 90.6132, 26.2737 ], [ 90.6184, 26.2812 ], [ 90.6176, 26.2935 ], [ 90.6253, 26.3055 ], [ 90.6228, 26.3092 ], [ 90.6287, 26.3242 ], [ 90.6169, 26.3423 ], [ 90.6074, 26.3407 ], [ 90.6056, 26.3548 ], [ 90.597, 26.355 ], [ 90.5836, 26.3475 ], [ 90.6003, 26.3869 ], [ 90.5959, 26.4006 ], [ 90.6089, 26.3899 ], [ 90.6307, 26.3939 ], [ 90.6359, 26.4117 ], [ 90.6538, 26.4293 ], [ 90.6484, 26.4333 ], [ 90.6492, 26.4419 ], [ 90.6412, 26.4477 ], [ 90.6413, 26.4558 ], [ 90.6499, 26.4563 ], [ 90.6587, 26.447 ], [ 90.6879, 26.4471 ] ] ] } },
{ "type": "Feature", "properties": { "unit_id": "IND.4.3.1_1", "name": "Bongaigaon Circle", "district": "Bongaigaon", "did": "assam:Bongaigaon", "state_key": "assam" }, "geometry": { "type": "Polygon", "coordinates": [ [ [ 90.611, 26.5153 ], [ 90.6235, 26.5078 ], [ 90.6199, 26.4945 ], [ 90.6346, 26.4886 ], [ 90.6412, 26.4477 ], [ 90.6492, 26.4419 ], [ 90.6484, 26.4333 ], [ 90.6538, 26.4293 ], [ 90.6359, 26.4117 ], [ 90.6357, 26.4037 ], [ 90.6284, 26.3925 ], [ 90.6173, 26.3933 ], [ 90.6089, 26.3899 ], [ 90.5959, 26.4006 ], [ 90.6003, 26.3869 ], [ 90.5836, 26.3468 ], [ 90.6036, 26.3557 ], [ 90.6074, 26.3407 ], [ 90.6143, 26.3438 ], [ 90.6235, 26.3338 ], [ 90.6179, 26.3231 ], [ 90.6108, 26.3183 ], [ 90.6064, 26.3265 ], [ 90.5952, 26.3223 ], [ 90.5934, 26.3079 ], [ 90.5888, 26.321 ], [ 90.5833, 26.3184 ], [ 90.5728, 26.3252 ], [ 90.5692, 26.3371 ], [ 90.5582, 26.3447 ], [ 90.5585, 26.3566 ], [ 90.5526, 26.3658 ], [ 90.5592, 26.377 ], [ 90.5461, 26.3724 ], [ 90.5463, 26.3788 ], [ 90.5376, 26.3765 ], [ 90.5355, 26.382 ], [ 90.5253, 26.3753 ], [ 90.518, 26.3788 ], [ 90.498, 26.3767 ], [ 90.5003, 26.3931 ], [ 90.496, 26.3966 ], [ 90.5016, 26.4071 ], [ 90.512, 26.4121 ], [ 90.5156, 26.4378 ], [ 90.5197, 26.4425 ], [ 90.5352, 26.5021 ], [ 90.5474, 26.4978 ], [ 90.5752, 26.4989 ], [ 90.5899, 26.4898 ], [ 90.597, 26.4934 ], [ 90.6009, 26.4906 ], [ 90.6043, 26.4982 ], [ 90.5904, 26.5045 ], [ 90.5889, 26.5116 ], [ 90.5973, 26.5104 ], [ 90.6016, 26.5162 ], [ 90.611, 26.5153 ] ] ] } },
{ "type": "Feature", "properties": { "unit_id": "IND.4.3.1_1", "name": "Bijni Circle(part)", "district": "Bongaigaon", "did": "assam:Bongaigaon", "state_key": "assam" }, "geometry": { "type": "Polygon", "coordinates": [ [ [ 90.8421, 26.4996 ], [ 90.8378, 26.504 ], [ 90.8273, 26.502 ], [ 90.8237, 26.4907 ], [ 90.811, 26.5005 ], [ 90.8049, 26.4967 ], [ 90.8038, 26.4779 ], [ 90.8184, 26.4757 ], [ 90.8169, 26.4648 ], [ 90.8277, 26.4532 ], [ 90.8276, 26.4488 ], [ 90.8163, 26.4378 ], [ 90.8023, 26.4406 ], [ 90.797, 26.4356 ], [ 90.7992, 26.4304 ], [ 90.8128, 26.4282 ], [ 90.8369, 26.4334 ], [ 90.8497, 26.4424 ], [ 90.8616, 26.4311 ], [ 90.857, 26.4202 ], [ 90.8416, 26.4001 ], [ 90.8247, 26.3964 ], [ 90.8109, 26.413 ], [ 90.8004, 26.4157 ], [ 90.7921, 26.4132 ], [ 90.7701, 26.3976 ], [ 90.7698, 26.3868 ], [ 90.7646, 26.3826 ], [ 90.7556, 26.3821 ], [ 90.7518, 26.3876 ], [ 90.7523, 26.3952 ], [ 90.7595, 26.4045 ], [ 90.7458, 26.4013 ], [ 90.7406, 26.4038 ], [ 90.7411, 26.4097 ], [ 90.7546, 26.4157 ], [ 90.7543, 26.4217 ], [ 90.746, 26.42 ], [ 90.7369, 26.4032 ], [ 90.7327, 26.4037 ], [ 90.7306, 26.4136 ], [ 90.7072, 26.4077 ], [ 90.7141, 26.422 ], [ 90.7103, 26.4278 ], [ 90.7055, 26.4185 ], [ 90.6963, 26.4115 ], [ 90.6969, 26.4282 ], [ 90.6812, 26.4291 ], [ 90.6739, 26.4255 ], [ 90.6667, 26.4331 ], [ 90.6715, 26.438 ], [ 90.6829, 26.4355 ], [ 90.688, 26.441 ], [ 90.6879, 26.4471 ], [ 90.6614, 26.4451 ], [ 90.6499, 26.4563 ], [ 90.64, 26.4563 ], [ 90.6346, 26.4886 ], [ 90.624, 26.4939 ], [ 90.6497, 26.5007 ], [ 90.6823, 26.4991 ], [ 90.6782, 26.4894 ], [ 90.6856, 26.4818 ], [ 90.7056, 26.4831 ], [ 90.717, 26.4792 ], [ 90.7132, 26.4705 ], [ 90.7161, 26.4575 ], [ 90.7101, 26.4516 ], [ 90.7163, 26.4456 ], [ 90.7282, 26.4463 ], [ 90.7357, 26.4418 ], [ 90.7416, 26.4448 ], [ 90.7387, 26.4466 ], [ 90.7447, 26.4656 ], [ 90.731, 26.4718 ], [ 90.731, 26.4829 ], [ 90.7457, 26.4885 ], [ 90.7591, 26.483 ], [ 90.7663, 26.4855 ], [ 90.7774, 26.5048 ], [ 90.7761, 26.5079 ], [ 90.7607, 26.5076 ], [ 90.7575, 26.5147 ], [ 90.7615, 26.5194 ], [ 90.7716, 26.5216 ], [ 90.7746, 26.5305 ], [ 90.787, 26.5276 ], [ 90.7875, 26.5176 ], [ 90.801, 26.5224 ], [ 90.8372, 26.5235 ], [ 90.8432, 26.5321 ], [ 90.8516, 26.5273 ], [ 90.8489, 26.5075 ], [ 90.8421, 26.4996 ] ] ] } },
{ "type": "Feature", "properties": { "unit_id": "IND.4.5.1_1", "name": "Sidli Circle", "district": "Chirang", "did": "assam:Chirang", "state_key": "assam" }, "geometry": { "type": "Polygon", "coordinates": [ [ [ 90.676, 26.7841 ], [ 90.6933, 26.7706 ], [ 90.7173, 26.7683 ], [ 90.7424, 26.7748 ], [ 90.8164, 26.776 ], [ 90.9565, 26.7878 ], [ 90.9571, 26.7817 ], [ 90.9535, 26.7797 ], [ 90.9465, 26.7785 ], [ 90.9402, 26.7712 ], [ 90.928, 26.7449 ], [ 90.9142, 26.7279 ], [ 90.9162, 26.712 ], [ 90.9075, 26.6956 ], [ 90.8988, 26.6888 ], [ 90.9014, 26.681 ], [ 90.895, 26.667 ], [ 90.9027, 26.6566 ], [ 90.9, 26.6335 ], [ 90.8932, 26.6253 ], [ 90.8757, 26.6173 ], [ 90.868, 26.5998 ], [ 90.8564, 26.5988 ], [ 90.8468, 26.5722 ], [ 90.835, 26.5717 ], [ 90.8253, 26.576 ], [ 90.8174, 26.5678 ], [ 90.819, 26.5631 ], [ 90.8267, 26.5593 ], [ 90.8319, 26.5392 ], [ 90.8475, 26.5342 ], [ 90.8532, 26.5356 ], [ 90.8538, 26.5291 ], [ 90.8516, 26.5273 ], [ 90.8432, 26.5321 ], [ 90.8372, 26.5235 ], [ 90.801, 26.5224 ], [ 90.7875, 26.5176 ], [ 90.787, 26.5276 ], [ 90.7746, 26.5305 ], [ 90.7716, 26.5216 ], [ 90.7615, 26.5194 ], [ 90.7575, 26.5147 ], [ 90.7607, 26.5076 ], [ 90.7761, 26.5079 ], [ 90.7774, 26.5048 ], [ 90.7663, 26.4855 ], [ 90.7591, 26.483 ], [ 90.7457, 26.4885 ], [ 90.731, 26.4829 ], [ 90.731, 26.4718 ], [ 90.7447, 26.4656 ], [ 90.7387, 26.4466 ], [ 90.7416, 26.4448 ], [ 90.7357, 26.4418 ], [ 90.7282, 26.4463 ], [ 90.7163, 26.4456 ], [ 90.7101, 26.4516 ], [ 90.7161, 26.4575 ], [ 90.7132, 26.4705 ], [ 90.717, 26.4792 ], [ 90.7056, 26.4831 ], [ 90.6856, 26.4818 ], [ 90.6782, 26.4894 ], [ 90.6823, 26.4991 ], [ 90.6497, 26.5007 ], [ 90.6208, 26.4936 ], [ 90.6235, 26.5078 ], [ 90.611, 26.5153 ], [ 90.6011, 26.5163 ], [ 90.5973, 26.5104 ], [ 90.5889, 26.5116 ], [ 90.5904, 26.5045 ], [ 90.6043, 26.4982 ], [ 90.6018, 26.4914 ], [ 90.597, 26.4934 ], [ 90.5899, 26.4898 ], [ 90.5752, 26.4989 ], [ 90.5474, 26.4978 ], [ 90.5196, 26.5092 ], [ 90.5101, 26.5005 ], [ 90.5043, 26.4677 ], [ 90.4982, 26.4595 ], [ 90.5097, 26.4489 ], [ 90.5041, 26.4263 ], [ 90.4969, 26.4301 ], [ 90.4928, 26.4193 ], [ 90.4809, 26.4206 ], [ 90.4782, 26.4093 ], [ 90.4808, 26.3895 ], [ 90.4766, 26.3856 ], [ 90.474, 26.3943 ], [ 90.4679, 26.3988 ], [ 90.4717, 26.4061 ], [ 90.46, 26.4107 ], [ 90.4632, 26.4309 ], [ 90.4562, 26.4327 ], [ 90.4614, 26.4507 ], [ 90.4765, 26.4546 ], [ 90.4771, 26.4626 ], [ 90.4632, 26.4647 ], [ 90.4598, 26.453 ], [ 90.4471, 26.4528 ], [ 90.4372, 26.4611 ], [ 90.4316, 26.4525 ], [ 90.4342, 26.442 ], [ 90.4447, 26.4387 ], [ 90.4421, 26.4303 ], [ 90.4467, 26.425 ], [ 90.4401, 26.424 ], [ 90.4452, 26.4178 ], [ 90.433, 26.4131 ], [ 90.4306, 26.4163 ], [ 90.4257, 26.4153 ], [ 90.4312, 26.4347 ], [ 90.4172, 26.4366 ], [ 90.4194, 26.4487 ], [ 90.4051, 26.442 ], [ 90.3998, 26.4455 ], [ 90.405, 26.4753 ], [ 90.3892, 26.4772 ], [ 90.3862, 26.4852 ], [ 90.3914, 26.4932 ], [ 90.3998, 26.4951 ], [ 90.4, 26.4988 ], [ 90.3932, 26.5032 ], [ 90.3978, 26.5118 ], [ 90.4036, 26.5118 ], [ 90.3915, 26.5145 ], [ 90.3913, 26.5212 ], [ 90.3822, 26.5289 ], [ 90.3808, 26.5344 ], [ 90.3877, 26.5352 ], [ 90.3887, 26.542 ], [ 90.3713, 26.5444 ], [ 90.3626, 26.5526 ], [ 90.3608, 26.5679 ], [ 90.3549, 26.5699 ], [ 90.3663, 26.5821 ], [ 90.3586, 26.5941 ], [ 90.3624, 26.599 ], [ 90.3562, 26.6027 ], [ 90.3539, 26.6098 ], [ 90.3577, 26.6166 ], [ 90.3572, 26.6313 ], [ 90.3469, 26.6414 ], [ 90.3568, 26.6573 ], [ 90.3677, 26.6895 ], [ 90.374, 26.6958 ], [ 90.377, 26.7176 ], [ 90.3689, 26.7331 ], [ 90.3638, 26.7589 ], [ 90.3553, 26.7718 ], [ 90.3521, 26.7925 ], [ 90.3394, 26.8258 ], [ 90.3363, 26.8687 ], [ 90.3478, 26.8753 ], [ 90.3566, 26.9007 ], [ 90.4175, 26.9045 ], [ 90.5466, 26.8166 ], [ 90.5846, 26.8037 ], [ 90.6344, 26.7938 ], [ 90.6464, 26.7768 ], [ 90.676, 26.7841 ] ] ] } },
{ "type": "Feature", "properties": { "unit_id": "IND.4.3.1_1", "name": "Sidli Circle (part)", "district": "Bongaigaon", "did": "assam:Bongaigaon", "state_key": "assam" }, "geometry": { "type": "Polygon", "coordinates": [ [ [ 90.5016, 26.4071 ], [ 90.4961, 26.3976 ], [ 90.5003, 26.3931 ], [ 90.4973, 26.3797 ], [ 90.4892, 26.3793 ], [ 90.4869, 26.3737 ], [ 90.4729, 26.3726 ], [ 90.4646, 26.351 ], [ 90.4537, 26.3498 ], [ 90.4587, 26.3545 ], [ 90.454, 26.3583 ], [ 90.4452, 26.3459 ], [ 90.4457, 26.3549 ], [ 90.442, 26.3532 ], [ 90.4441, 26.3604 ], [ 90.4363, 26.3591 ], [ 90.4399, 26.3448 ], [ 90.4341, 26.3426 ], [ 90.4312, 26.3559 ], [ 90.4249, 26.363 ], [ 90.4373, 26.3649 ], [ 90.4264, 26.3674 ], [ 90.4335, 26.3755 ], [ 90.4325, 26.3809 ], [ 90.4242, 26.3786 ], [ 90.4192, 26.3829 ], [ 90.4279, 26.3831 ], [ 90.4257, 26.3961 ], [ 90.4164, 26.3907 ], [ 90.4169, 26.4077 ], [ 90.4078, 26.4035 ], [ 90.4035, 26.4067 ], [ 90.4093, 26.4083 ], [ 90.4053, 26.4142 ], [ 90.4153, 26.4307 ], [ 90.4049, 26.4277 ], [ 90.407, 26.4378 ], [ 90.3977, 26.4345 ], [ 90.3972, 26.4402 ], [ 90.4194, 26.4487 ], [ 90.4172, 26.4366 ], [ 90.4312, 26.4347 ], [ 90.4256, 26.4167 ], [ 90.433, 26.4131 ], [ 90.4452, 26.4178 ], [ 90.4401, 26.424 ], [ 90.4468, 26.4267 ], [ 90.4421, 26.4303 ], [ 90.4441, 26.4398 ], [ 90.4342, 26.442 ], [ 90.4316, 26.4525 ], [ 90.4372, 26.4611 ], [ 90.4471, 26.4528 ], [ 90.4598, 26.453 ], [ 90.4632, 26.4647 ], [ 90.4771, 26.4626 ], [ 90.4765, 26.4546 ], [ 90.4614, 26.4507 ], [ 90.4562, 26.4327 ], [ 90.4632, 26.4309 ], [ 90.46, 26.4107 ], [ 90.4717, 26.4061 ], [ 90.4679, 26.3988 ], [ 90.4775, 26.386 ], [ 90.4808, 26.3895 ], [ 90.4782, 26.4093 ], [ 90.4809, 26.4206 ], [ 90.4928, 26.4193 ], [ 90.4969, 26.4301 ], [ 90.5041, 26.4263 ], [ 90.5097, 26.4489 ], [ 90.4982, 26.4595 ], [ 90.5043, 26.4677 ], [ 90.5101, 26.5005 ], [ 90.5196, 26.5092 ], [ 90.5352, 26.5021 ], [ 90.512, 26.4121 ], [ 90.5016, 26.4071 ] ] ] } },
{ "type": "Feature", "properties": { "unit_id": "IND.4.19.1_1", "name": "Kokrajhar Circle", "district": "Kokrajhar", "did": "assam:Kokrajhar", "state_key": "assam" }, "geometry": { "type": "Polygon", "coordinates": [ [ [ 90.3521, 26.7925 ], [ 90.3553, 26.7718 ], [ 90.3638, 26.7589 ], [ 90.3689, 26.7331 ], [ 90.377, 26.7176 ], [ 90.374, 26.6958 ], [ 90.3677, 26.6895 ], [ 90.3568, 26.6573 ], [ 90.3469, 26.6414 ], [ 90.3572, 26.6313 ], [ 90.3577, 26.6166 ], [ 90.3539, 26.6098 ], [ 90.3562, 26.6027 ], [ 90.3624, 26.599 ], [ 90.3586, 26.5941 ], [ 90.3663, 26.5821 ], [ 90.3549, 26.5699 ], [ 90.3608, 26.5679 ], [ 90.3626, 26.5526 ], [ 90.3713, 26.5444 ], [ 90.3887, 26.542 ], [ 90.3877, 26.5352 ], [ 90.3808, 26.5344 ], [ 90.3822, 26.5289 ], [ 90.3913, 26.5212 ], [ 90.3915, 26.5145 ], [ 90.4036, 26.5118 ], [ 90.3978, 26.5118 ], [ 90.3932, 26.5032 ], [ 90.4, 26.4988 ], [ 90.3998, 26.4951 ], [ 90.3914, 26.4932 ], [ 90.3862, 26.4852 ], [ 90.3892, 26.4772 ], [ 90.405, 26.4753 ], [ 90.3996, 26.4463 ], [ 90.4039, 26.4421 ], [ 90.3972, 26.4402 ], [ 90.3977, 26.4345 ], [ 90.407, 26.4378 ], [ 90.4036, 26.4287 ], [ 90.4153, 26.4307 ], [ 90.4053, 26.4142 ], [ 90.4093, 26.4083 ], [ 90.4035, 26.4067 ], [ 90.4078, 26.4035 ], [ 90.4169, 26.4077 ], [ 90.4164, 26.3907 ], [ 90.4257, 26.3961 ], [ 90.4281, 26.3859 ], [ 90.4256, 26.3826 ], [ 90.4201, 26.3842 ], [ 90.4208, 26.3796 ], [ 90.4321, 26.3812 ], [ 90.4336, 26.3766 ], [ 90.4264, 26.3674 ], [ 90.4373, 26.3649 ], [ 90.402, 26.3639 ], [ 90.3951, 26.3593 ], [ 90.396, 26.3475 ], [ 90.4042, 26.3331 ], [ 90.4041, 26.316 ], [ 90.3838, 26.3116 ], [ 90.3785, 26.3042 ], [ 90.3702, 26.306 ], [ 90.3623, 26.3148 ], [ 90.3699, 26.3202 ], [ 90.3608, 26.3228 ], [ 90.3604, 26.3352 ], [ 90.3507, 26.34 ], [ 90.356, 26.3432 ], [ 90.3544, 26.3507 ], [ 90.3477, 26.3522 ], [ 90.3421, 26.3664 ], [ 90.3303, 26.3749 ], [ 90.3311, 26.3848 ], [ 90.3392, 26.3809 ], [ 90.3485, 26.3823 ], [ 90.3524, 26.3776 ], [ 90.3448, 26.3924 ], [ 90.3476, 26.3979 ], [ 90.3409, 26.3995 ], [ 90.3489, 26.4158 ], [ 90.3459, 26.4174 ], [ 90.3295, 26.4136 ], [ 90.3277, 26.3954 ], [ 90.3323, 26.3909 ], [ 90.3168, 26.393 ], [ 90.3109, 26.3848 ], [ 90.3158, 26.3698 ], [ 90.3213, 26.3691 ], [ 90.3189, 26.3646 ], [ 90.3286, 26.3636 ], [ 90.2977, 26.339 ], [ 90.2878, 26.3386 ], [ 90.289, 26.3286 ], [ 90.2785, 26.3096 ], [ 90.2734, 26.3062 ], [ 90.2646, 26.3129 ], [ 90.2606, 26.3248 ], [ 90.2672, 26.3305 ], [ 90.257, 26.3353 ], [ 90.25, 26.3246 ], [ 90.2427, 26.3287 ], [ 90.2357, 26.3259 ], [ 90.2269, 26.3342 ], [ 90.2183, 26.3274 ], [ 90.2159, 26.3287 ], [ 90.216, 26.3348 ], [ 90.2278, 26.3494 ], [ 90.2261, 26.3519 ], [ 90.218, 26.3485 ], [ 90.2147, 26.3516 ], [ 90.2295, 26.3554 ], [ 90.2341, 26.3672 ], [ 90.2264, 26.3755 ], [ 90.2267, 26.3851 ], [ 90.2051, 26.3712 ], [ 90.1852, 26.3843 ], [ 90.1849, 26.3901 ], [ 90.1915, 26.3893 ], [ 90.1861, 26.4079 ], [ 90.1877, 26.4232 ], [ 90.2011, 26.4388 ], [ 90.2285, 26.4311 ], [ 90.2538, 26.4325 ], [ 90.2632, 26.4396 ], [ 90.2695, 26.4551 ], [ 90.2671, 26.459 ], [ 90.2518, 26.4544 ], [ 90.2405, 26.4565 ], [ 90.2309, 26.4692 ], [ 90.2291, 26.4802 ], [ 90.2217, 26.4861 ], [ 90.2183, 26.5004 ], [ 90.2075, 26.5025 ], [ 90.2144, 26.5177 ], [ 90.2094, 26.5255 ], [ 90.2191, 26.5381 ], [ 90.2085, 26.5373 ], [ 90.2089, 26.5483 ], [ 90.2019, 26.5514 ], [ 90.2119, 26.5652 ], [ 90.1998, 26.572 ], [ 90.1911, 26.5822 ], [ 90.1508, 26.5936 ], [ 90.1603, 26.6007 ], [ 90.1749, 26.6309 ], [ 90.1853, 26.6404 ], [ 90.1962, 26.6704 ], [ 90.1943, 26.684 ], [ 90.1797, 26.7069 ], [ 90.1277, 26.7503 ], [ 90.1945, 26.7733 ], [ 90.1877, 26.8068 ], [ 90.2008, 26.8353 ], [ 90.2305, 26.8589 ], [ 90.2488, 26.859 ], [ 90.3003, 26.8482 ], [ 90.3363, 26.8687 ], [ 90.3394, 26.8258 ], [ 90.3521, 26.7925 ] ], [ [ 90.2358, 26.6134 ], [ 90.2318, 26.6207 ], [ 90.2163, 26.6266 ], [ 90.208, 26.6076 ], [ 90.2103, 26.5836 ], [ 90.2173, 26.5823 ], [ 90.2358, 26.6134 ] ] ] } },
{ "type": "Feature", "properties": { "unit_id": "IND.4.19.1_1", "name": "Dotoma Circle", "district": "Kokrajhar", "did": "assam:Kokrajhar", "state_key": "assam" }, "geometry": { "type": "MultiPolygon", "coordinates": [ [ [ [ 90.2019, 26.5514 ], [ 90.2089, 26.5483 ], [ 90.2066, 26.5397 ], [ 90.2097, 26.5369 ], [ 90.2191, 26.5381 ], [ 90.2094, 26.5255 ], [ 90.2144, 26.5177 ], [ 90.2075, 26.5025 ], [ 90.2183, 26.5004 ], [ 90.2217, 26.4861 ], [ 90.2291, 26.4802 ], [ 90.2309, 26.4692 ], [ 90.2405, 26.4565 ], [ 90.2518, 26.4544 ], [ 90.2671, 26.459 ], [ 90.2685, 26.4516 ], [ 90.2611, 26.4367 ], [ 90.2538, 26.4325 ], [ 90.2285, 26.4311 ], [ 90.203, 26.439 ], [ 90.1945, 26.4346 ], [ 90.1862, 26.4146 ], [ 90.1915, 26.3893 ], [ 90.1837, 26.3886 ], [ 90.2081, 26.3666 ], [ 90.2056, 26.3611 ], [ 90.1913, 26.3527 ], [ 90.1878, 26.3456 ], [ 90.1817, 26.3469 ], [ 90.1717, 26.3419 ], [ 90.1685, 26.3484 ], [ 90.1486, 26.3526 ], [ 90.1278, 26.3462 ], [ 90.1049, 26.3313 ], [ 90.1021, 26.3379 ], [ 90.1055, 26.3461 ], [ 90.1102, 26.345 ], [ 90.1235, 26.353 ], [ 90.1193, 26.3562 ], [ 90.1221, 26.3616 ], [ 90.1188, 26.3686 ], [ 90.1164, 26.3567 ], [ 90.11, 26.3586 ], [ 90.1052, 26.3553 ], [ 90.1004, 26.3596 ], [ 90.1094, 26.3682 ], [ 90.1193, 26.3716 ], [ 90.1152, 26.3803 ], [ 90.1098, 26.3801 ], [ 90.1122, 26.3736 ], [ 90.1086, 26.3709 ], [ 90.0981, 26.3783 ], [ 90.1014, 26.3871 ], [ 90.1091, 26.3851 ], [ 90.1151, 26.39 ], [ 90.1041, 26.3998 ], [ 90.1117, 26.4014 ], [ 90.1207, 26.4104 ], [ 90.1138, 26.4146 ], [ 90.1148, 26.4392 ], [ 90.1047, 26.4391 ], [ 90.1058, 26.4531 ], [ 90.0956, 26.4514 ], [ 90.1034, 26.4593 ], [ 90.0969, 26.4657 ], [ 90.0988, 26.478 ], [ 90.1095, 26.4903 ], [ 90.106, 26.5013 ], [ 90.1129, 26.507 ], [ 90.0991, 26.5172 ], [ 90.1047, 26.5401 ], [ 90.1101, 26.5496 ], [ 90.1162, 26.5487 ], [ 90.1314, 26.5588 ], [ 90.1322, 26.5788 ], [ 90.1386, 26.5873 ], [ 90.1508, 26.5936 ], [ 90.1911, 26.5822 ], [ 90.2119, 26.5652 ], [ 90.2019, 26.5514 ] ] ], [ [ [ 90.2103, 26.5836 ], [ 90.208, 26.6076 ], [ 90.2163, 26.6266 ], [ 90.2318, 26.6207 ], [ 90.2358, 26.6134 ], [ 90.2188, 26.5822 ], [ 90.2103, 26.5836 ] ] ] ] } },
{ "type": "Feature", "properties": { "unit_id": "IND.4.8.1_1", "name": "Chapar Circle", "district": "Kokrajhar", "did": "assam:Kokrajhar", "state_key": "assam" }, "geometry": { "type": "Polygon", "coordinates": [ [ [ 90.3476, 26.3979 ], [ 90.3448, 26.3924 ], [ 90.3524, 26.3776 ], [ 90.3485, 26.3823 ], [ 90.3392, 26.3809 ], [ 90.3311, 26.3848 ], [ 90.3303, 26.3749 ], [ 90.3421, 26.3664 ], [ 90.3477, 26.3522 ], [ 90.3544, 26.3507 ], [ 90.356, 26.3432 ], [ 90.3507, 26.34 ], [ 90.3604, 26.3352 ], [ 90.3608, 26.3228 ], [ 90.3699, 26.3202 ], [ 90.3623, 26.3148 ], [ 90.3702, 26.306 ], [ 90.3794, 26.3044 ], [ 90.3747, 26.2909 ], [ 90.3829, 26.2723 ], [ 90.3812, 26.2686 ], [ 90.3617, 26.2645 ], [ 90.3554, 26.2582 ], [ 90.3535, 26.2698 ], [ 90.3566, 26.2693 ], [ 90.3586, 26.2654 ], [ 90.3628, 26.2731 ], [ 90.3519, 26.2871 ], [ 90.344, 26.2707 ], [ 90.3276, 26.2702 ], [ 90.3272, 26.2772 ], [ 90.3207, 26.2788 ], [ 90.3181, 26.2678 ], [ 90.3034, 26.2575 ], [ 90.3065, 26.2458 ], [ 90.2873, 26.2374 ], [ 90.288, 26.2521 ], [ 90.2726, 26.2526 ], [ 90.2736, 26.2607 ], [ 90.2515, 26.2644 ], [ 90.2522, 26.2701 ], [ 90.2586, 26.273 ], [ 90.2722, 26.2673 ], [ 90.2814, 26.2948 ], [ 90.2724, 26.3046 ], [ 90.2877, 26.3253 ], [ 90.2867, 26.3367 ], [ 90.2949, 26.3343 ], [ 90.3016, 26.3364 ], [ 90.2989, 26.3398 ], [ 90.3014, 26.3441 ], [ 90.3286, 26.3636 ], [ 90.3189, 26.3646 ], [ 90.3213, 26.3691 ], [ 90.3158, 26.3698 ], [ 90.3109, 26.3848 ], [ 90.3168, 26.393 ], [ 90.3323, 26.3909 ], [ 90.3277, 26.3954 ], [ 90.3295, 26.4136 ], [ 90.3459, 26.4174 ], [ 90.3489, 26.4158 ], [ 90.3409, 26.3995 ], [ 90.3476, 26.3979 ] ] ] } },
{ "type": "Feature", "properties": { "unit_id": "IND.4.8.1_1", "name": "Bhowraguri", "district": "Kokrajhar", "did": "assam:Kokrajhar", "state_key": "assam" }, "geometry": { "type": "Polygon", "coordinates": [ [ [ 90.2983, 26.3347 ], [ 90.2866, 26.3369 ], [ 90.2912, 26.3405 ], [ 90.3016, 26.3364 ], [ 90.2983, 26.3347 ] ] ] } },
{ "type": "Feature", "properties": { "unit_id": "IND.4.8.1_1", "name": "Bilasipara Circle", "district": "Dhubri", "did": "assam:Dhubri", "state_key": "assam" }, "geometry": { "type": "Polygon", "coordinates": [ [ [ 90.218, 26.3485 ], [ 90.2261, 26.3519 ], [ 90.2278, 26.3494 ], [ 90.216, 26.3348 ], [ 90.2183, 26.3274 ], [ 90.2269, 26.3342 ], [ 90.2391, 26.325 ], [ 90.2427, 26.3287 ], [ 90.25, 26.3246 ], [ 90.2556, 26.3354 ], [ 90.2672, 26.3305 ], [ 90.2606, 26.3248 ], [ 90.2646, 26.3129 ], [ 90.2814, 26.2948 ], [ 90.2722, 26.2673 ], [ 90.2586, 26.273 ], [ 90.2522, 26.2701 ], [ 90.2515, 26.2644 ], [ 90.2736, 26.2607 ], [ 90.2689, 26.2438 ], [ 90.2599, 26.2353 ], [ 90.2758, 26.2274 ], [ 90.2691, 26.2252 ], [ 90.2742, 26.2211 ], [ 90.2711, 26.2185 ], [ 90.2859, 26.2055 ], [ 90.3099, 26.1929 ], [ 90.2647, 26.1832 ], [ 90.261, 26.1546 ], [ 90.2498, 26.1494 ], [ 90.2479, 26.1404 ], [ 90.2146, 26.1272 ], [ 90.1998, 26.1361 ], [ 90.2078, 26.1439 ], [ 90.1951, 26.1539 ], [ 90.1896, 26.1789 ], [ 90.1818, 26.1845 ], [ 90.1628, 26.1884 ], [ 90.1553, 26.198 ], [ 90.1617, 26.2015 ], [ 90.1603, 26.2038 ], [ 90.1564, 26.2016 ], [ 90.152, 26.2165 ], [ 90.1473, 26.22 ], [ 90.1416, 26.2151 ], [ 90.1363, 26.2155 ], [ 90.1356, 26.2295 ], [ 90.1218, 26.2363 ], [ 90.1203, 26.2504 ], [ 90.104, 26.2511 ], [ 90.0974, 26.2622 ], [ 90.0984, 26.2671 ], [ 90.1034, 26.2678 ], [ 90.1175, 26.2585 ], [ 90.1205, 26.2661 ], [ 90.1265, 26.2651 ], [ 90.1405, 26.2762 ], [ 90.1408, 26.2932 ], [ 90.1307, 26.2933 ], [ 90.1296, 26.2839 ], [ 90.126, 26.2832 ], [ 90.119, 26.2945 ], [ 90.125, 26.2987 ], [ 90.1243, 26.3038 ], [ 90.1077, 26.3125 ], [ 90.1181, 26.3168 ], [ 90.1167, 26.3389 ], [ 90.1278, 26.3462 ], [ 90.1486, 26.3526 ], [ 90.1685, 26.3484 ], [ 90.1717, 26.3419 ], [ 90.1817, 26.3469 ], [ 90.1878, 26.3456 ], [ 90.1913, 26.3527 ], [ 90.207, 26.3631 ], [ 90.2066, 26.3748 ], [ 90.2267, 26.3851 ], [ 90.2264, 26.3755 ], [ 90.2342, 26.3655 ], [ 90.2319, 26.3575 ], [ 90.2147, 26.3516 ], [ 90.218, 26.3485 ] ] ] } },
{ "type": "Feature", "properties": { "unit_id": "IND.4.8.1_1", "name": "Chapar Circle", "district": "Dhubri", "did": "assam:Dhubri", "state_key": "assam" }, "geometry": { "type": "Polygon", "coordinates": [ [ [ 90.4312, 26.3559 ], [ 90.4341, 26.3426 ], [ 90.4399, 26.3448 ], [ 90.4363, 26.3591 ], [ 90.4441, 26.3604 ], [ 90.442, 26.3532 ], [ 90.4457, 26.3549 ], [ 90.4431, 26.3474 ], [ 90.4462, 26.3459 ], [ 90.4555, 26.3582 ], [ 90.4587, 26.3545 ], [ 90.4537, 26.3498 ], [ 90.4577, 26.3475 ], [ 90.4538, 26.342 ], [ 90.4586, 26.3324 ], [ 90.4632, 26.3282 ], [ 90.4703, 26.3344 ], [ 90.4741, 26.3326 ], [ 90.4658, 26.3252 ], [ 90.4789, 26.3094 ], [ 90.4835, 26.296 ], [ 90.4759, 26.288 ], [ 90.4639, 26.2898 ], [ 90.4702, 26.2811 ], [ 90.4687, 26.2772 ], [ 90.4592, 26.2769 ], [ 90.455, 26.2837 ], [ 90.4586, 26.2722 ], [ 90.4722, 26.2738 ], [ 90.4723, 26.2693 ], [ 90.458, 26.266 ], [ 90.4517, 26.2718 ], [ 90.4448, 26.2675 ], [ 90.4457, 26.2607 ], [ 90.4531, 26.2541 ], [ 90.4503, 26.2508 ], [ 90.441, 26.2533 ], [ 90.4337, 26.262 ], [ 90.4299, 26.2568 ], [ 90.4392, 26.2437 ], [ 90.4214, 26.2406 ], [ 90.4014, 26.2225 ], [ 90.3896, 26.2254 ], [ 90.3803, 26.2237 ], [ 90.3771, 26.2149 ], [ 90.3819, 26.2008 ], [ 90.3768, 26.198 ], [ 90.3575, 26.19 ], [ 90.311, 26.1903 ], [ 90.2711, 26.2185 ], [ 90.2742, 26.2211 ], [ 90.2691, 26.2252 ], [ 90.2758, 26.2274 ], [ 90.262, 26.2332 ], [ 90.2601, 26.2373 ], [ 90.2689, 26.2438 ], [ 90.2726, 26.2526 ], [ 90.288, 26.2521 ], [ 90.2873, 26.2374 ], [ 90.3065, 26.2458 ], [ 90.3034, 26.2575 ], [ 90.3181, 26.2678 ], [ 90.3207, 26.2788 ], [ 90.3272, 26.2772 ], [ 90.3276, 26.2702 ], [ 90.344, 26.2707 ], [ 90.3519, 26.2871 ], [ 90.3628, 26.2731 ], [ 90.3586, 26.2654 ], [ 90.3535, 26.2698 ], [ 90.3548, 26.2586 ], [ 90.3581, 26.26 ], [ 90.3617, 26.2645 ], [ 90.3812, 26.2686 ], [ 90.3813, 26.278 ], [ 90.3747, 26.2909 ], [ 90.3792, 26.3093 ], [ 90.4041, 26.316 ], [ 90.4049, 26.3208 ], [ 90.3951, 26.3593 ], [ 90.402, 26.3639 ], [ 90.4249, 26.363 ], [ 90.4312, 26.3559 ] ] ] } },
{ "type": "Feature", "properties": { "unit_id": "IND.4.3.1_1", "name": "Boitamari Circle", "district": "Bongaigaon", "did": "assam:Bongaigaon", "state_key": "assam" }, "geometry": { "type": "Polygon", "coordinates": [ [ [ 90.5463, 26.3788 ], [ 90.5461, 26.3724 ], [ 90.5592, 26.377 ], [ 90.5526, 26.3658 ], [ 90.5585, 26.3566 ], [ 90.5582, 26.3447 ], [ 90.5692, 26.3371 ], [ 90.5728, 26.3252 ], [ 90.5833, 26.3184 ], [ 90.5888, 26.321 ], [ 90.592, 26.308 ], [ 90.5961, 26.3126 ], [ 90.5952, 26.3223 ], [ 90.6064, 26.3265 ], [ 90.6108, 26.3183 ], [ 90.6254, 26.3313 ], [ 90.6287, 26.3242 ], [ 90.6228, 26.3092 ], [ 90.6253, 26.3055 ], [ 90.6176, 26.2935 ], [ 90.6184, 26.2812 ], [ 90.6132, 26.2737 ], [ 90.6034, 26.2772 ], [ 90.5994, 26.2739 ], [ 90.5975, 26.2706 ], [ 90.604, 26.2659 ], [ 90.5978, 26.2549 ], [ 90.6003, 26.2444 ], [ 90.6219, 26.2312 ], [ 90.6355, 26.2299 ], [ 90.6382, 26.226 ], [ 90.6047, 26.2136 ], [ 90.6001, 26.2152 ], [ 90.5773, 26.2035 ], [ 90.5497, 26.2058 ], [ 90.5168, 26.1984 ], [ 90.4485, 26.1585 ], [ 90.4203, 26.157 ], [ 90.4047, 26.1506 ], [ 90.4014, 26.1592 ], [ 90.386, 26.1573 ], [ 90.3929, 26.2029 ], [ 90.3819, 26.2008 ], [ 90.3771, 26.2149 ], [ 90.3792, 26.2225 ], [ 90.3896, 26.2254 ], [ 90.4014, 26.2225 ], [ 90.4214, 26.2406 ], [ 90.4392, 26.2437 ], [ 90.4299, 26.2568 ], [ 90.4337, 26.262 ], [ 90.441, 26.2533 ], [ 90.4503, 26.2508 ], [ 90.4531, 26.2541 ], [ 90.4457, 26.2607 ], [ 90.4448, 26.2675 ], [ 90.4534, 26.2722 ], [ 90.458, 26.266 ], [ 90.4731, 26.2707 ], [ 90.4708, 26.274 ], [ 90.4586, 26.2722 ], [ 90.4552, 26.2852 ], [ 90.4592, 26.2769 ], [ 90.4659, 26.2762 ], [ 90.4707, 26.2794 ], [ 90.4639, 26.2898 ], [ 90.4759, 26.288 ], [ 90.4835, 26.296 ], [ 90.4789, 26.3094 ], [ 90.4658, 26.3252 ], [ 90.4741, 26.3326 ], [ 90.4703, 26.3344 ], [ 90.4624, 26.3282 ], [ 90.4539, 26.3409 ], [ 90.4577, 26.3475 ], [ 90.4539, 26.3497 ], [ 90.4665, 26.3526 ], [ 90.4729, 26.3726 ], [ 90.4869, 26.3737 ], [ 90.4902, 26.3797 ], [ 90.5028, 26.3763 ], [ 90.518, 26.3788 ], [ 90.5253, 26.3753 ], [ 90.5355, 26.382 ], [ 90.5364, 26.3772 ], [ 90.5463, 26.3788 ] ] ] } },
{ "type": "Feature", "properties": { "unit_id": "IND.4.11.1_1", "name": "Balijana Circle", "district": "Goalpara", "did": "assam:Goalpara", "state_key": "assam" }, "geometry": { "type": "Polygon", "coordinates": [ [ [ 90.6224, 26.202 ], [ 90.6403, 26.2087 ], [ 90.641, 26.181 ], [ 90.6361, 26.1639 ], [ 90.6432, 26.1562 ], [ 90.6566, 26.1506 ], [ 90.6504, 26.1435 ], [ 90.6303, 26.1397 ], [ 90.6291, 26.1343 ], [ 90.6343, 26.1291 ], [ 90.6197, 26.113 ], [ 90.6188, 26.0989 ], [ 90.6038, 26.0832 ], [ 90.5957, 26.0685 ], [ 90.595, 26.0596 ], [ 90.6079, 26.0473 ], [ 90.5974, 26.0408 ], [ 90.6112, 26.0242 ], [ 90.6063, 25.9948 ], [ 90.5923, 25.97 ], [ 90.5955, 25.9603 ], [ 90.5855, 25.9574 ], [ 90.5798, 25.9513 ], [ 90.5767, 25.9367 ], [ 90.5524, 25.9227 ], [ 90.5438, 25.9236 ], [ 90.5491, 25.9154 ], [ 90.5381, 25.9137 ], [ 90.5214, 25.8985 ], [ 90.5136, 25.8963 ], [ 90.5086, 25.9015 ], [ 90.5207, 25.926 ], [ 90.5342, 25.939 ], [ 90.5318, 25.956 ], [ 90.4971, 25.9967 ], [ 90.4761, 26.0096 ], [ 90.4438, 25.996 ], [ 90.434, 25.9996 ], [ 90.4461, 26.0129 ], [ 90.4649, 26.0164 ], [ 90.472, 26.0339 ], [ 90.483, 26.0396 ], [ 90.474, 26.0581 ], [ 90.4689, 26.0619 ], [ 90.457, 26.0621 ], [ 90.4271, 26.0535 ], [ 90.407, 26.0569 ], [ 90.3843, 26.0443 ], [ 90.355, 26.0482 ], [ 90.3417, 26.0431 ], [ 90.341, 26.049 ], [ 90.3286, 26.0503 ], [ 90.3279, 26.053 ], [ 90.3455, 26.0563 ], [ 90.3451, 26.0616 ], [ 90.3624, 26.0792 ], [ 90.3737, 26.0846 ], [ 90.3762, 26.081 ], [ 90.3792, 26.0876 ], [ 90.3837, 26.0884 ], [ 90.383, 26.0977 ], [ 90.366, 26.1013 ], [ 90.3676, 26.1055 ], [ 90.3607, 26.1074 ], [ 90.3687, 26.1184 ], [ 90.354, 26.1215 ], [ 90.3532, 26.1255 ], [ 90.3754, 26.1409 ], [ 90.3895, 26.1296 ], [ 90.3902, 26.138 ], [ 90.3817, 26.1472 ], [ 90.3881, 26.1497 ], [ 90.386, 26.1573 ], [ 90.4014, 26.1592 ], [ 90.4047, 26.1506 ], [ 90.4203, 26.157 ], [ 90.4454, 26.1577 ], [ 90.4692, 26.1682 ], [ 90.4971, 26.1891 ], [ 90.5211, 26.1997 ], [ 90.5497, 26.2058 ], [ 90.5773, 26.2035 ], [ 90.6001, 26.2152 ], [ 90.6179, 26.2093 ], [ 90.6224, 26.202 ] ] ] } },
{ "type": "Feature", "properties": { "unit_id": "IND.4.11.1_1", "name": "Lakhipur Circle", "district": "Goalpara", "did": "assam:Goalpara", "state_key": "assam" }, "geometry": { "type": "Polygon", "coordinates": [ [ [ 90.3881, 26.1497 ], [ 90.3817, 26.1472 ], [ 90.3902, 26.138 ], [ 90.3895, 26.1296 ], [ 90.3754, 26.1409 ], [ 90.3532, 26.1255 ], [ 90.354, 26.1215 ], [ 90.3687, 26.1184 ], [ 90.3607, 26.1074 ], [ 90.3676, 26.1055 ], [ 90.366, 26.1013 ], [ 90.383, 26.0977 ], [ 90.3846, 26.09 ], [ 90.3762, 26.081 ], [ 90.3737, 26.0846 ], [ 90.3624, 26.0792 ], [ 90.3451, 26.0616 ], [ 90.3455, 26.0563 ], [ 90.3301, 26.0545 ], [ 90.3276, 26.0513 ], [ 90.3396, 26.0499 ], [ 90.3417, 26.0431 ], [ 90.355, 26.0482 ], [ 90.3843, 26.0443 ], [ 90.407, 26.0569 ], [ 90.4271, 26.0535 ], [ 90.4532, 26.0615 ], [ 90.4689, 26.0619 ], [ 90.483, 26.0396 ], [ 90.472, 26.0339 ], [ 90.4649, 26.0164 ], [ 90.4415, 26.0093 ], [ 90.434, 25.9996 ], [ 90.4438, 25.996 ], [ 90.4241, 25.9889 ], [ 90.4168, 25.9915 ], [ 90.4155, 25.9988 ], [ 90.3997, 26.0125 ], [ 90.3722, 26.0113 ], [ 90.3497, 26.0041 ], [ 90.3404, 25.9883 ], [ 90.3315, 25.9876 ], [ 90.3274, 25.9744 ], [ 90.2836, 25.963 ], [ 90.2115, 25.9526 ], [ 90.2099, 25.9597 ], [ 90.2029, 25.9609 ], [ 90.1924, 25.9553 ], [ 90.1869, 25.9441 ], [ 90.1769, 25.959 ], [ 90.1585, 25.9572 ], [ 90.1514, 25.9667 ], [ 90.1394, 25.9596 ], [ 90.1406, 25.9573 ], [ 90.1317, 25.9587 ], [ 90.1196, 25.9542 ], [ 90.1207, 25.9576 ], [ 90.1153, 25.9628 ], [ 90.1192, 25.9691 ], [ 90.1265, 25.9697 ], [ 90.1288, 25.9664 ], [ 90.1344, 25.975 ], [ 90.1397, 25.9733 ], [ 90.1421, 25.9824 ], [ 90.1504, 25.9806 ], [ 90.1597, 25.9891 ], [ 90.1647, 25.9869 ], [ 90.1705, 25.9911 ], [ 90.175, 25.9894 ], [ 90.1762, 25.9972 ], [ 90.1875, 26.0014 ], [ 90.1834, 26.0088 ], [ 90.1973, 26.0242 ], [ 90.1913, 26.0314 ], [ 90.1804, 26.0336 ], [ 90.1771, 26.0413 ], [ 90.1708, 26.0439 ], [ 90.1836, 26.05 ], [ 90.1842, 26.0579 ], [ 90.1687, 26.0775 ], [ 90.1737, 26.103 ], [ 90.1861, 26.1107 ], [ 90.1916, 26.1246 ], [ 90.2146, 26.1272 ], [ 90.2479, 26.1404 ], [ 90.2498, 26.1494 ], [ 90.261, 26.1546 ], [ 90.2647, 26.1832 ], [ 90.2699, 26.1821 ], [ 90.2771, 26.1873 ], [ 90.289, 26.1873 ], [ 90.3047, 26.1928 ], [ 90.3183, 26.1898 ], [ 90.3575, 26.19 ], [ 90.3901, 26.204 ], [ 90.3929, 26.2029 ], [ 90.3844, 26.1602 ], [ 90.3881, 26.1497 ] ] ] } },
{ "type": "Feature", "properties": { "unit_id": "IND.4.8.1_1", "name": "Bogribari Circle", "district": "Dhubri", "did": "assam:Dhubri", "state_key": "assam" }, "geometry": { "type": "Polygon", "coordinates": [ [ [ 90.1564, 26.2016 ], [ 90.1603, 26.2038 ], [ 90.1617, 26.2015 ], [ 90.1553, 26.198 ], [ 90.1628, 26.1884 ], [ 90.1818, 26.1845 ], [ 90.1896, 26.1789 ], [ 90.1951, 26.1539 ], [ 90.2078, 26.1439 ], [ 90.1998, 26.1361 ], [ 90.2146, 26.1272 ], [ 90.1954, 26.1273 ], [ 90.1892, 26.1217 ], [ 90.1861, 26.1107 ], [ 90.1737, 26.103 ], [ 90.1687, 26.0775 ], [ 90.183, 26.062 ], [ 90.1846, 26.0516 ], [ 90.1803, 26.048 ], [ 90.1565, 26.0478 ], [ 90.1253, 26.0547 ], [ 90.101, 26.0408 ], [ 90.0825, 26.0405 ], [ 90.0696, 26.0259 ], [ 90.0624, 26.0289 ], [ 90.0586, 26.0377 ], [ 90.0581, 26.052 ], [ 90.0629, 26.059 ], [ 90.0521, 26.0601 ], [ 90.0605, 26.0695 ], [ 90.0735, 26.0754 ], [ 90.0732, 26.0809 ], [ 90.0602, 26.0744 ], [ 90.0541, 26.0809 ], [ 90.045, 26.0829 ], [ 90.0304, 26.0789 ], [ 90.0411, 26.0921 ], [ 90.0327, 26.1035 ], [ 90.0347, 26.1128 ], [ 90.0789, 26.1398 ], [ 90.0795, 26.1421 ], [ 90.0718, 26.1439 ], [ 90.0598, 26.1414 ], [ 90.0581, 26.1567 ], [ 90.0546, 26.1537 ], [ 90.0525, 26.1565 ], [ 90.0638, 26.1726 ], [ 90.0682, 26.1751 ], [ 90.0697, 26.1694 ], [ 90.0872, 26.1862 ], [ 90.0979, 26.1909 ], [ 90.1013, 26.185 ], [ 90.1128, 26.1915 ], [ 90.1125, 26.1966 ], [ 90.1205, 26.1993 ], [ 90.1256, 26.1957 ], [ 90.1535, 26.2093 ], [ 90.1564, 26.2016 ] ] ] } },
{ "type": "Feature", "properties": { "unit_id": "IND.4.8.1_1", "name": "South Salmara Circle", "district": "Dhubri", "did": "assam:Dhubri", "state_key": "assam" }, "geometry": { "type": "Polygon", "coordinates": [ [ [ 90.1803, 26.048 ], [ 90.1708, 26.0439 ], [ 90.1771, 26.0413 ], [ 90.1804, 26.0336 ], [ 90.1913, 26.0314 ], [ 90.1973, 26.0259 ], [ 90.1834, 26.0088 ], [ 90.1875, 26.0014 ], [ 90.1762, 25.9972 ], [ 90.175, 25.9894 ], [ 90.1705, 25.9911 ], [ 90.1647, 25.9869 ], [ 90.1597, 25.9891 ], [ 90.1504, 25.9806 ], [ 90.1421, 25.9824 ], [ 90.1397, 25.9733 ], [ 90.1344, 25.975 ], [ 90.1288, 25.9664 ], [ 90.1265, 25.9697 ], [ 90.1192, 25.9691 ], [ 90.1154, 25.9638 ], [ 90.1179, 25.9574 ], [ 90.1076, 25.9491 ], [ 90.1067, 25.9423 ], [ 90.1011, 25.9432 ], [ 90.098, 25.9374 ], [ 90.0921, 25.9381 ], [ 90.0941, 25.9278 ], [ 90.0854, 25.9255 ], [ 90.0863, 25.9195 ], [ 90.0814, 25.9175 ], [ 90.0796, 25.9271 ], [ 90.0867, 25.94 ], [ 90.083, 25.9525 ], [ 90.0985, 25.961 ], [ 90.0969, 25.968 ], [ 90.0867, 25.9605 ], [ 90.0816, 25.9673 ], [ 90.0739, 25.9691 ], [ 90.0764, 25.9779 ], [ 90.0595, 25.9925 ], [ 90.0512, 25.9871 ], [ 90.0345, 25.9857 ], [ 90.0271, 25.9758 ], [ 90.0149, 25.9762 ], [ 90.0227, 25.9841 ], [ 90.0223, 25.9897 ], [ 90.0262, 25.9891 ], [ 90.0241, 26.0027 ], [ 90.0393, 26.0041 ], [ 90.0562, 26.0005 ], [ 90.0635, 26.0055 ], [ 90.0709, 26.0263 ], [ 90.0825, 26.0405 ], [ 90.101, 26.0408 ], [ 90.1253, 26.0547 ], [ 90.1565, 26.0478 ], [ 90.1803, 26.048 ] ] ] } },
{ "type": "Feature", "properties": { "unit_id": "IND.4.11.1_1", "name": "Matia Circle", "district": "Goalpara", "did": "assam:Goalpara", "state_key": "assam" }, "geometry": { "type": "Polygon", "coordinates": [ [ [ 90.7079, 26.1459 ], [ 90.7144, 26.1301 ], [ 90.7333, 26.136 ], [ 90.7597, 26.1352 ], [ 90.7928, 26.1292 ], [ 90.8248, 26.1186 ], [ 90.8395, 26.1092 ], [ 90.8511, 26.1149 ], [ 90.8604, 26.1121 ], [ 90.8715, 26.0956 ], [ 90.9163, 26.0897 ], [ 90.9224, 26.0931 ], [ 90.9211, 26.0786 ], [ 90.9114, 26.0713 ], [ 90.886, 26.0675 ], [ 90.8933, 26.057 ], [ 90.8907, 26.0521 ], [ 90.8533, 26.0463 ], [ 90.849, 26.0329 ], [ 90.8372, 26.0268 ], [ 90.8308, 26.0184 ], [ 90.8208, 26.0166 ], [ 90.8142, 26.0109 ], [ 90.7849, 26.022 ], [ 90.7696, 26.0153 ], [ 90.7551, 26.0188 ], [ 90.7495, 26.0147 ], [ 90.7491, 26.0012 ], [ 90.7433, 25.9959 ], [ 90.7234, 26.0006 ], [ 90.7175, 25.9977 ], [ 90.7054, 25.9886 ], [ 90.7116, 25.9757 ], [ 90.704, 25.9509 ], [ 90.6883, 25.9489 ], [ 90.6727, 25.9346 ], [ 90.6316, 25.9198 ], [ 90.6262, 25.9134 ], [ 90.6308, 25.9063 ], [ 90.6264, 25.9002 ], [ 90.6159, 25.8987 ], [ 90.6063, 25.9166 ], [ 90.6247, 25.9381 ], [ 90.6049, 25.9471 ], [ 90.5997, 25.9551 ], [ 90.5892, 25.9583 ], [ 90.5955, 25.9603 ], [ 90.5923, 25.97 ], [ 90.6063, 25.9948 ], [ 90.6111, 26.0161 ], [ 90.6112, 26.0242 ], [ 90.5974, 26.0408 ], [ 90.6051, 26.0434 ], [ 90.6074, 26.0495 ], [ 90.595, 26.0596 ], [ 90.5945, 26.064 ], [ 90.5993, 26.0773 ], [ 90.6188, 26.0989 ], [ 90.6197, 26.113 ], [ 90.6343, 26.1291 ], [ 90.6291, 26.1343 ], [ 90.6303, 26.1397 ], [ 90.6504, 26.1435 ], [ 90.6563, 26.1493 ], [ 90.6361, 26.1639 ], [ 90.641, 26.181 ], [ 90.6403, 26.2087 ], [ 90.6559, 26.2111 ], [ 90.6705, 26.2001 ], [ 90.694, 26.1508 ], [ 90.7079, 26.1459 ] ] ] } },
{ "type": "Feature", "properties": { "unit_id": "IND.4.11.1_1", "name": "Dudhnai Circle", "district": "Goalpara", "did": "assam:Goalpara", "state_key": "assam" }, "geometry": { "type": "Polygon", "coordinates": [ [ [ 90.8987, 26.0508 ], [ 90.8914, 26.0324 ], [ 90.9062, 26.0218 ], [ 90.9079, 26.0081 ], [ 90.9157, 26.005 ], [ 90.9154, 25.9947 ], [ 90.9236, 25.9926 ], [ 90.9235, 25.9803 ], [ 90.9271, 25.9777 ], [ 90.9212, 25.9507 ], [ 90.9239, 25.9428 ], [ 90.9173, 25.9444 ], [ 90.9148, 25.9359 ], [ 90.9151, 25.9215 ], [ 90.9194, 25.9149 ], [ 90.9104, 25.9203 ], [ 90.9053, 25.9289 ], [ 90.8944, 25.9312 ], [ 90.8975, 25.9375 ], [ 90.89, 25.9381 ], [ 90.8845, 25.9503 ], [ 90.8805, 25.9505 ], [ 90.8811, 25.9428 ], [ 90.8767, 25.9494 ], [ 90.8717, 25.9476 ], [ 90.8748, 25.9425 ], [ 90.8444, 25.946 ], [ 90.8355, 25.9366 ], [ 90.8362, 25.9484 ], [ 90.8329, 25.9459 ], [ 90.8259, 25.9487 ], [ 90.8244, 25.9454 ], [ 90.8193, 25.9503 ], [ 90.8091, 25.9524 ], [ 90.8091, 25.9474 ], [ 90.7964, 25.9405 ], [ 90.7845, 25.9251 ], [ 90.7781, 25.9086 ], [ 90.7639, 25.9077 ], [ 90.7567, 25.911 ], [ 90.7605, 25.9219 ], [ 90.7424, 25.9124 ], [ 90.739, 25.9162 ], [ 90.7478, 25.9189 ], [ 90.747, 25.9248 ], [ 90.7542, 25.9294 ], [ 90.7528, 25.9343 ], [ 90.7467, 25.9281 ], [ 90.7404, 25.9394 ], [ 90.7478, 25.9483 ], [ 90.7481, 25.9567 ], [ 90.7444, 25.9551 ], [ 90.7428, 25.958 ], [ 90.7245, 25.9468 ], [ 90.7199, 25.9488 ], [ 90.7187, 25.9551 ], [ 90.704, 25.9509 ], [ 90.7116, 25.9757 ], [ 90.7054, 25.9886 ], [ 90.7234, 26.0006 ], [ 90.7433, 25.9959 ], [ 90.7491, 26.0012 ], [ 90.7495, 26.0147 ], [ 90.7551, 26.0188 ], [ 90.7696, 26.0153 ], [ 90.7849, 26.022 ], [ 90.8142, 26.0109 ], [ 90.8208, 26.0166 ], [ 90.8308, 26.0184 ], [ 90.8372, 26.0268 ], [ 90.849, 26.0329 ], [ 90.8533, 26.0463 ], [ 90.879, 26.0488 ], [ 90.8907, 26.0521 ], [ 90.8937, 26.0566 ], [ 90.8987, 26.0508 ] ] ] } },
{ "type": "Feature", "properties": { "unit_id": "IND.4.11.1_1", "name": "Rangjuli Circle", "district": "Goalpara", "did": "assam:Goalpara", "state_key": "assam" }, "geometry": { "type": "Polygon", "coordinates": [ [ [ 90.9472, 26.0933 ], [ 90.9524, 26.0865 ], [ 90.9588, 26.0875 ], [ 90.9608, 26.0788 ], [ 90.9812, 26.0628 ], [ 91.01, 26.0582 ], [ 91.0262, 26.0467 ], [ 91.0315, 26.0469 ], [ 91.0346, 26.0512 ], [ 91.0448, 26.0437 ], [ 91.0546, 26.0496 ], [ 91.0599, 26.0462 ], [ 91.0651, 26.0475 ], [ 91.0706, 26.041 ], [ 91.0786, 26.04 ], [ 91.0819, 26.0335 ], [ 91.0892, 26.0321 ], [ 91.0873, 26.0238 ], [ 91.0923, 26.0142 ], [ 91.0997, 26.0105 ], [ 91.0902, 26.0041 ], [ 91.0803, 25.9723 ], [ 91.069, 25.9674 ], [ 91.0475, 25.9415 ], [ 91.052, 25.936 ], [ 91.0427, 25.9265 ], [ 91.0305, 25.9 ], [ 91.0304, 25.8859 ], [ 91.0252, 25.8888 ], [ 91.0106, 25.8842 ], [ 90.9761, 25.8897 ], [ 90.9689, 25.8852 ], [ 90.966, 25.8884 ], [ 90.969, 25.9038 ], [ 90.9666, 25.9141 ], [ 90.957, 25.935 ], [ 90.9461, 25.941 ], [ 90.9474, 25.9481 ], [ 90.94, 25.9473 ], [ 90.9345, 25.9399 ], [ 90.9239, 25.9428 ], [ 90.9212, 25.9507 ], [ 90.9271, 25.9777 ], [ 90.9235, 25.9803 ], [ 90.9236, 25.9926 ], [ 90.9154, 25.9947 ], [ 90.9165, 26.003 ], [ 90.9079, 26.0081 ], [ 90.9062, 26.0218 ], [ 90.8914, 26.0324 ], [ 90.8987, 26.0508 ], [ 90.8856, 26.0665 ], [ 90.916, 26.0741 ], [ 90.9211, 26.0786 ], [ 90.9247, 26.097 ], [ 90.9334, 26.1014 ], [ 90.9409, 26.0917 ], [ 90.9472, 26.0933 ] ] ] } },
{ "type": "Feature", "properties": { "unit_id": "IND.4.16.1_1", "name": "Boko Circle", "district": "Kamrup Rural", "did": "assam:Kamrup Rural", "state_key": "assam" }, "geometry": { "type": "Polygon", "coordinates": [ [ [ 91.2181, 26.0376 ], [ 91.2209, 26.0227 ], [ 91.2422, 26.0217 ], [ 91.2447, 26.0124 ], [ 91.2524, 26.0081 ], [ 91.2548, 26.0004 ], [ 91.2584, 26.0027 ], [ 91.2848, 25.9976 ], [ 91.2815, 25.9956 ], [ 91.2847, 25.9944 ], [ 91.2829, 25.9874 ], [ 91.2609, 25.9617 ], [ 91.2658, 25.9626 ], [ 91.2652, 25.9578 ], [ 91.2493, 25.9404 ], [ 91.252, 25.9355 ], [ 91.2415, 25.929 ], [ 91.239, 25.9378 ], [ 91.2435, 25.9167 ], [ 91.2364, 25.9133 ], [ 91.2276, 25.8999 ], [ 91.2537, 25.8463 ], [ 91.2665, 25.8068 ], [ 91.2686, 25.7711 ], [ 91.2645, 25.7458 ], [ 91.2225, 25.7226 ], [ 91.2101, 25.7255 ], [ 91.1905, 25.7478 ], [ 91.1893, 25.764 ], [ 91.1783, 25.7774 ], [ 91.1904, 25.8114 ], [ 91.1863, 25.8184 ], [ 91.1945, 25.8273 ], [ 91.1947, 25.8349 ], [ 91.2036, 25.8432 ], [ 91.1976, 25.8495 ], [ 91.1958, 25.8614 ], [ 91.1802, 25.844 ], [ 91.1476, 25.8505 ], [ 91.1361, 25.8426 ], [ 91.1295, 25.8426 ], [ 91.1204, 25.8329 ], [ 91.0771, 25.8289 ], [ 91.0621, 25.8208 ], [ 91.0489, 25.8293 ], [ 91.0577, 25.8318 ], [ 91.0594, 25.8367 ], [ 91.0719, 25.8388 ], [ 91.0784, 25.8528 ], [ 91.0672, 25.8466 ], [ 91.0477, 25.8491 ], [ 91.0392, 25.8369 ], [ 91.0325, 25.835 ], [ 91.0215, 25.8233 ], [ 91.006, 25.8204 ], [ 91.0014, 25.8251 ], [ 91.0153, 25.8484 ], [ 91.014, 25.8569 ], [ 91.0279, 25.8693 ], [ 91.0305, 25.9 ], [ 91.0427, 25.9265 ], [ 91.052, 25.936 ], [ 91.0475, 25.9415 ], [ 91.069, 25.9674 ], [ 91.0803, 25.9723 ], [ 91.0902, 26.0041 ], [ 91.0997, 26.0094 ], [ 91.0923, 26.0142 ], [ 91.0873, 26.0238 ], [ 91.0894, 26.0311 ], [ 91.1008, 26.0245 ], [ 91.1176, 26.0218 ], [ 91.1266, 26.0294 ], [ 91.1395, 26.0332 ], [ 91.1423, 26.0286 ], [ 91.1739, 26.0254 ], [ 91.1695, 26.0215 ], [ 91.1774, 26.0167 ], [ 91.1821, 26.0176 ], [ 91.1845, 26.0262 ], [ 91.1795, 26.0474 ], [ 91.2053, 26.0455 ], [ 91.2201, 26.0501 ], [ 91.226, 26.0464 ], [ 91.2181, 26.0376 ] ] ] } },
{ "type": "Feature", "properties": { "unit_id": "IND.4.16.1_1", "name": "Chhaygaon Circle", "district": "Kamrup Rural", "did": "assam:Kamrup Rural", "state_key": "assam" }, "geometry": { "type": "Polygon", "coordinates": [ [ [ 91.405, 26.0653 ], [ 91.431, 26.072 ], [ 91.4436, 26.0626 ], [ 91.4483, 26.049 ], [ 91.4376, 26.0273 ], [ 91.4268, 26.0256 ], [ 91.425, 26.0219 ], [ 91.4288, 26.0127 ], [ 91.4281, 25.9893 ], [ 91.4142, 25.962 ], [ 91.4071, 25.9287 ], [ 91.3995, 25.9177 ], [ 91.3996, 25.9065 ], [ 91.3838, 25.8791 ], [ 91.3905, 25.8673 ], [ 91.3769, 25.8565 ], [ 91.3652, 25.8534 ], [ 91.3551, 25.8393 ], [ 91.3467, 25.84 ], [ 91.344, 25.8371 ], [ 91.3351, 25.8403 ], [ 91.3343, 25.8331 ], [ 91.3223, 25.8215 ], [ 91.2886, 25.7655 ], [ 91.2745, 25.7504 ], [ 91.2645, 25.7458 ], [ 91.2686, 25.7711 ], [ 91.2665, 25.8068 ], [ 91.2537, 25.8463 ], [ 91.2276, 25.8999 ], [ 91.2364, 25.9133 ], [ 91.2435, 25.9167 ], [ 91.239, 25.9378 ], [ 91.2415, 25.929 ], [ 91.252, 25.9355 ], [ 91.2493, 25.9404 ], [ 91.2652, 25.9578 ], [ 91.2658, 25.9626 ], [ 91.2609, 25.9617 ], [ 91.2829, 25.9874 ], [ 91.2847, 25.9944 ], [ 91.2815, 25.9956 ], [ 91.2848, 25.9976 ], [ 91.2584, 26.0027 ], [ 91.2548, 26.0004 ], [ 91.2524, 26.0081 ], [ 91.2447, 26.0124 ], [ 91.2422, 26.0217 ], [ 91.2202, 26.0233 ], [ 91.2181, 26.0376 ], [ 91.2262, 26.0473 ], [ 91.2201, 26.05 ], [ 91.2241, 26.0642 ], [ 91.2356, 26.0677 ], [ 91.2569, 26.0642 ], [ 91.2665, 26.0665 ], [ 91.2726, 26.0629 ], [ 91.2912, 26.0692 ], [ 91.2999, 26.0777 ], [ 91.3043, 26.0751 ], [ 91.2994, 26.0636 ], [ 91.305, 26.058 ], [ 91.3293, 26.076 ], [ 91.3295, 26.0803 ], [ 91.3363, 26.0812 ], [ 91.3439, 26.0745 ], [ 91.3498, 26.0778 ], [ 91.3626, 26.0772 ], [ 91.3744, 26.0708 ], [ 91.3765, 26.0741 ], [ 91.3715, 26.0776 ], [ 91.3754, 26.0796 ], [ 91.3689, 26.0823 ], [ 91.3715, 26.0857 ], [ 91.3831, 26.0842 ], [ 91.3899, 26.0888 ], [ 91.3974, 26.0884 ], [ 91.405, 26.0653 ] ] ] } },
{ "type": "Feature", "properties": { "unit_id": "IND.4.16.1_1", "name": "Palashbari Circle", "district": "Kamrup Rural", "did": "assam:Kamrup Rural", "state_key": "assam" }, "geometry": { "type": "Polygon", "coordinates": [ [ [ 91.4154, 26.1352 ], [ 91.4325, 26.1495 ], [ 91.4479, 26.143 ], [ 91.4711, 26.1544 ], [ 91.5177, 26.1387 ], [ 91.5619, 26.1418 ], [ 91.5641, 26.1043 ], [ 91.5731, 26.1027 ], [ 91.5734, 26.0958 ], [ 91.587, 26.0911 ], [ 91.5859, 26.0864 ], [ 91.5794, 26.0836 ], [ 91.5792, 26.0737 ], [ 91.5715, 26.071 ], [ 91.567, 26.0501 ], [ 91.5542, 26.0344 ], [ 91.534, 26.0356 ], [ 91.5257, 26.0287 ], [ 91.5175, 26.0279 ], [ 91.5158, 26.041 ], [ 91.5069, 26.0436 ], [ 91.5061, 26.0544 ], [ 91.4912, 26.0579 ], [ 91.4818, 26.011 ], [ 91.4862, 26.0058 ], [ 91.4878, 25.9852 ], [ 91.4979, 25.9761 ], [ 91.4728, 25.9466 ], [ 91.4767, 25.9247 ], [ 91.4764, 25.8573 ], [ 91.4625, 25.8567 ], [ 91.4451, 25.8397 ], [ 91.4225, 25.8545 ], [ 91.3811, 25.8456 ], [ 91.3729, 25.8467 ], [ 91.3664, 25.8402 ], [ 91.3587, 25.8411 ], [ 91.3652, 25.8534 ], [ 91.3769, 25.8565 ], [ 91.3905, 25.8673 ], [ 91.3838, 25.8791 ], [ 91.3996, 25.9065 ], [ 91.3995, 25.9177 ], [ 91.4071, 25.9287 ], [ 91.4142, 25.962 ], [ 91.4281, 25.9893 ], [ 91.4288, 26.0127 ], [ 91.425, 26.0219 ], [ 91.4268, 26.0256 ], [ 91.4376, 26.0273 ], [ 91.4483, 26.049 ], [ 91.4436, 26.0626 ], [ 91.432, 26.0715 ], [ 91.405, 26.0653 ], [ 91.3969, 26.0891 ], [ 91.3831, 26.0842 ], [ 91.3716, 26.0856 ], [ 91.369, 26.0899 ], [ 91.3535, 26.0932 ], [ 91.3467, 26.1028 ], [ 91.3188, 26.1189 ], [ 91.32, 26.1348 ], [ 91.334, 26.1343 ], [ 91.3388, 26.1399 ], [ 91.3383, 26.1438 ], [ 91.3244, 26.1466 ], [ 91.3226, 26.1605 ], [ 91.3342, 26.1679 ], [ 91.3431, 26.163 ], [ 91.3536, 26.1673 ], [ 91.3906, 26.139 ], [ 91.4154, 26.1352 ] ] ] } },
{ "type": "Feature", "properties": { "unit_id": "IND.4.16.1_1", "name": "Goroimari Circle", "district": "Kamrup Rural", "did": "assam:Kamrup Rural", "state_key": "assam" }, "geometry": { "type": "Polygon", "coordinates": [ [ [ 91.2946, 26.1572 ], [ 91.3102, 26.1616 ], [ 91.3226, 26.1605 ], [ 91.3244, 26.1466 ], [ 91.3383, 26.1438 ], [ 91.3388, 26.1399 ], [ 91.334, 26.1343 ], [ 91.32, 26.1348 ], [ 91.318, 26.12 ], [ 91.3313, 26.1091 ], [ 91.3467, 26.1028 ], [ 91.3535, 26.0932 ], [ 91.369, 26.0899 ], [ 91.3689, 26.0823 ], [ 91.3754, 26.0796 ], [ 91.3715, 26.0773 ], [ 91.3758, 26.0715 ], [ 91.3626, 26.0772 ], [ 91.3498, 26.0778 ], [ 91.3439, 26.0745 ], [ 91.3342, 26.0813 ], [ 91.305, 26.058 ], [ 91.2994, 26.0636 ], [ 91.3043, 26.0751 ], [ 91.2999, 26.0777 ], [ 91.2912, 26.0692 ], [ 91.2726, 26.0629 ], [ 91.2665, 26.0665 ], [ 91.2569, 26.0642 ], [ 91.2344, 26.0677 ], [ 91.2196, 26.063 ], [ 91.2134, 26.0742 ], [ 91.2089, 26.0703 ], [ 91.211, 26.0686 ], [ 91.2057, 26.0674 ], [ 91.2091, 26.0629 ], [ 91.2035, 26.0578 ], [ 91.192, 26.0624 ], [ 91.1774, 26.0624 ], [ 91.1689, 26.0682 ], [ 91.1567, 26.0982 ], [ 91.1612, 26.1022 ], [ 91.167, 26.1014 ], [ 91.1603, 26.1067 ], [ 91.1706, 26.1125 ], [ 91.1624, 26.1173 ], [ 91.1429, 26.1119 ], [ 91.144, 26.1271 ], [ 91.1601, 26.1265 ], [ 91.1717, 26.1379 ], [ 91.1813, 26.1335 ], [ 91.1828, 26.1277 ], [ 91.199, 26.1352 ], [ 91.2167, 26.1646 ], [ 91.22, 26.1795 ], [ 91.235, 26.1752 ], [ 91.2557, 26.1631 ], [ 91.2946, 26.1572 ] ] ] } },
{ "type": "Feature", "properties": { "unit_id": "IND.4.16.1_1", "name": "Chamaria Circle", "district": "Kamrup Rural", "did": "assam:Kamrup Rural", "state_key": "assam" }, "geometry": { "type": "Polygon", "coordinates": [ [ [ 91.2187, 26.1689 ], [ 91.199, 26.1352 ], [ 91.1828, 26.1277 ], [ 91.1813, 26.1335 ], [ 91.1707, 26.1377 ], [ 91.1601, 26.1265 ], [ 91.144, 26.1271 ], [ 91.1421, 26.1141 ], [ 91.1433, 26.1118 ], [ 91.1624, 26.1173 ], [ 91.1701, 26.1135 ], [ 91.1699, 26.1105 ], [ 91.1602, 26.1064 ], [ 91.1657, 26.1053 ], [ 91.167, 26.1014 ], [ 91.1612, 26.1022 ], [ 91.1567, 26.0982 ], [ 91.1689, 26.0682 ], [ 91.1774, 26.0624 ], [ 91.192, 26.0624 ], [ 91.2052, 26.058 ], [ 91.2091, 26.0634 ], [ 91.2057, 26.0674 ], [ 91.211, 26.0686 ], [ 91.209, 26.0705 ], [ 91.214, 26.0741 ], [ 91.2162, 26.065 ], [ 91.2241, 26.0641 ], [ 91.2201, 26.05 ], [ 91.2053, 26.0455 ], [ 91.1795, 26.0474 ], [ 91.1845, 26.0262 ], [ 91.1793, 26.017 ], [ 91.1695, 26.0215 ], [ 91.1739, 26.0254 ], [ 91.1423, 26.0286 ], [ 91.1395, 26.0332 ], [ 91.1266, 26.0294 ], [ 91.1176, 26.0218 ], [ 91.1008, 26.0245 ], [ 91.097, 26.0362 ], [ 91.1039, 26.0584 ], [ 91.112, 26.063 ], [ 91.1126, 26.0717 ], [ 91.0952, 26.0815 ], [ 91.1033, 26.1095 ], [ 91.0829, 26.1069 ], [ 91.0731, 26.1287 ], [ 91.0726, 26.1342 ], [ 91.0857, 26.1429 ], [ 91.0813, 26.1618 ], [ 91.1006, 26.1652 ], [ 91.117, 26.1547 ], [ 91.1452, 26.1598 ], [ 91.1783, 26.175 ], [ 91.22, 26.1795 ], [ 91.2187, 26.1689 ] ] ] } },
{ "type": "Feature", "properties": { "unit_id": "IND.4.16.1_1", "name": "Nagarbera Circle", "district": "Kamrup Rural", "did": "assam:Kamrup Rural", "state_key": "assam" }, "geometry": { "type": "Polygon", "coordinates": [ [ [ 91.1033, 26.1095 ], [ 91.0952, 26.0815 ], [ 91.1126, 26.0717 ], [ 91.112, 26.063 ], [ 91.1029, 26.0559 ], [ 91.0973, 26.0281 ], [ 91.0819, 26.0335 ], [ 91.0786, 26.04 ], [ 91.0706, 26.041 ], [ 91.0651, 26.0475 ], [ 91.0599, 26.0462 ], [ 91.0546, 26.0496 ], [ 91.0448, 26.0437 ], [ 91.0346, 26.0512 ], [ 91.0315, 26.0469 ], [ 91.0262, 26.0467 ], [ 91.01, 26.0582 ], [ 90.9812, 26.0628 ], [ 90.9608, 26.0788 ], [ 90.9588, 26.0875 ], [ 90.9524, 26.0865 ], [ 90.949, 26.0925 ], [ 90.9402, 26.093 ], [ 90.9541, 26.0962 ], [ 90.9952, 26.1196 ], [ 91.0087, 26.1152 ], [ 90.9981, 26.1287 ], [ 91.0154, 26.1264 ], [ 91.0213, 26.1201 ], [ 91.0297, 26.1192 ], [ 91.0372, 26.1271 ], [ 91.0498, 26.1315 ], [ 91.0691, 26.1544 ], [ 91.0813, 26.1618 ], [ 91.0857, 26.1429 ], [ 91.0723, 26.1335 ], [ 91.0834, 26.1067 ], [ 91.1033, 26.1095 ] ] ] } },
{ "type": "Feature", "properties": { "unit_id": "IND.4.2.1_1", "name": "Chenga Circle", "district": "Barpeta", "did": "assam:Barpeta", "state_key": "assam" }, "geometry": { "type": "Polygon", "coordinates": [ [ [ 91.1834, 26.291 ], [ 91.1817, 26.2814 ], [ 91.1859, 26.272 ], [ 91.1973, 26.2797 ], [ 91.2109, 26.2711 ], [ 91.2188, 26.2735 ], [ 91.2158, 26.2673 ], [ 91.2211, 26.2644 ], [ 91.2185, 26.2602 ], [ 91.23, 26.264 ], [ 91.2408, 26.2611 ], [ 91.2318, 26.2457 ], [ 91.2209, 26.2449 ], [ 91.2154, 26.2389 ], [ 91.2198, 26.2272 ], [ 91.2166, 26.2185 ], [ 91.2322, 26.2141 ], [ 91.2414, 26.2033 ], [ 91.2483, 26.2014 ], [ 91.2392, 26.193 ], [ 91.2373, 26.1803 ], [ 91.2296, 26.1822 ], [ 91.1783, 26.175 ], [ 91.1452, 26.1598 ], [ 91.117, 26.1547 ], [ 91.1016, 26.1649 ], [ 91.0901, 26.1644 ], [ 91.0691, 26.1544 ], [ 91.0498, 26.1315 ], [ 91.0372, 26.1271 ], [ 91.0275, 26.1189 ], [ 91.0064, 26.1281 ], [ 91.0037, 26.1402 ], [ 90.9927, 26.1496 ], [ 90.9649, 26.1446 ], [ 90.9574, 26.1465 ], [ 90.9439, 26.1395 ], [ 90.9248, 26.1569 ], [ 90.8976, 26.167 ], [ 90.8955, 26.1708 ], [ 90.9096, 26.1818 ], [ 90.9769, 26.2076 ], [ 91.0051, 26.2106 ], [ 91.0123, 26.1985 ], [ 91.0171, 26.1988 ], [ 91.0312, 26.2027 ], [ 91.0536, 26.2182 ], [ 91.0735, 26.2118 ], [ 91.0844, 26.2239 ], [ 91.1064, 26.2266 ], [ 91.0954, 26.2287 ], [ 91.0905, 26.2396 ], [ 91.0894, 26.246 ], [ 91.1009, 26.2464 ], [ 91.0983, 26.2561 ], [ 91.1028, 26.2595 ], [ 91.1014, 26.2647 ], [ 91.0907, 26.2652 ], [ 91.0934, 26.2716 ], [ 91.0865, 26.2746 ], [ 91.0865, 26.2811 ], [ 91.0952, 26.283 ], [ 91.1067, 26.2918 ], [ 91.1246, 26.2889 ], [ 91.119, 26.2942 ], [ 91.1183, 26.3038 ], [ 91.1374, 26.2942 ], [ 91.1528, 26.3022 ], [ 91.1626, 26.2961 ], [ 91.1834, 26.291 ] ] ] } },
{ "type": "Feature", "properties": { "unit_id": "IND.4.2.1_1", "name": "Sarthebari", "district": "Barpeta", "did": "assam:Barpeta", "state_key": "assam" }, "geometry": { "type": "Polygon", "coordinates": [ [ [ 91.1393, 26.4618 ], [ 91.1442, 26.46 ], [ 91.153, 26.465 ], [ 91.1868, 26.467 ], [ 91.1878, 26.4608 ], [ 91.1922, 26.4587 ], [ 91.1914, 26.4515 ], [ 91.198, 26.4466 ], [ 91.1958, 26.4344 ], [ 91.2011, 26.4273 ], [ 91.2304, 26.4333 ], [ 91.2419, 26.4043 ], [ 91.2335, 26.3996 ], [ 91.235, 26.3916 ], [ 91.242, 26.3882 ], [ 91.2355, 26.3787 ], [ 91.2396, 26.3759 ], [ 91.2443, 26.381 ], [ 91.2524, 26.3637 ], [ 91.2657, 26.3609 ], [ 91.2649, 26.3709 ], [ 91.2755, 26.3723 ], [ 91.2783, 26.3776 ], [ 91.2825, 26.3755 ], [ 91.2709, 26.3646 ], [ 91.275, 26.3567 ], [ 91.2798, 26.3557 ], [ 91.2773, 26.341 ], [ 91.2671, 26.3406 ], [ 91.2698, 26.329 ], [ 91.263, 26.3179 ], [ 91.2558, 26.3149 ], [ 91.2614, 26.3042 ], [ 91.2501, 26.3019 ], [ 91.2517, 26.2959 ], [ 91.26, 26.2942 ], [ 91.261, 26.2893 ], [ 91.2404, 26.2795 ], [ 91.2269, 26.2826 ], [ 91.2116, 26.2709 ], [ 91.1964, 26.2796 ], [ 91.1867, 26.2716 ], [ 91.1817, 26.2814 ], [ 91.1829, 26.2914 ], [ 91.1636, 26.2954 ], [ 91.1543, 26.3022 ], [ 91.1459, 26.2998 ], [ 91.1437, 26.3197 ], [ 91.1318, 26.3238 ], [ 91.1264, 26.333 ], [ 91.1338, 26.3534 ], [ 91.1241, 26.3554 ], [ 91.1227, 26.3641 ], [ 91.1298, 26.3678 ], [ 91.1281, 26.3699 ], [ 91.0946, 26.3557 ], [ 91.0951, 26.3443 ], [ 91.0871, 26.3399 ], [ 91.0845, 26.3451 ], [ 91.0732, 26.3432 ], [ 91.0633, 26.3494 ], [ 91.071, 26.3617 ], [ 91.0659, 26.3627 ], [ 91.0637, 26.3595 ], [ 91.0537, 26.3649 ], [ 91.0555, 26.3713 ], [ 91.0716, 26.3739 ], [ 91.083, 26.3911 ], [ 91.0876, 26.3902 ], [ 91.0917, 26.4099 ], [ 91.1118, 26.4125 ], [ 91.1227, 26.4257 ], [ 91.1237, 26.4295 ], [ 91.1174, 26.427 ], [ 91.1106, 26.4296 ], [ 91.116, 26.4349 ], [ 91.1166, 26.4396 ], [ 91.1129, 26.4416 ], [ 91.1161, 26.4456 ], [ 91.1067, 26.4457 ], [ 91.1026, 26.4509 ], [ 91.1258, 26.4656 ], [ 91.128, 26.4721 ], [ 91.1356, 26.4705 ], [ 91.1393, 26.4618 ] ] ] } },
{ "type": "Feature", "properties": { "unit_id": "IND.4.2.1_1", "name": "Barpeta Circle", "district": "Barpeta", "did": "assam:Barpeta", "state_key": "assam" }, "geometry": { "type": "Polygon", "coordinates": [ [ [ 90.9213, 26.4563 ], [ 90.928, 26.4549 ], [ 90.9305, 26.4592 ], [ 90.9313, 26.4534 ], [ 90.982, 26.4162 ], [ 91.003, 26.4217 ], [ 91.0032, 26.4273 ], [ 91.0216, 26.4252 ], [ 91.0565, 26.4289 ], [ 91.0567, 26.4152 ], [ 91.0847, 26.4258 ], [ 91.0979, 26.4163 ], [ 91.0896, 26.4052 ], [ 91.0876, 26.3902 ], [ 91.083, 26.3911 ], [ 91.0775, 26.3784 ], [ 91.0716, 26.3739 ], [ 91.0555, 26.3713 ], [ 91.0537, 26.3649 ], [ 91.0637, 26.3595 ], [ 91.0659, 26.3627 ], [ 91.071, 26.3617 ], [ 91.0633, 26.3494 ], [ 91.0732, 26.3432 ], [ 91.0845, 26.3451 ], [ 91.0871, 26.3399 ], [ 91.0951, 26.3443 ], [ 91.0946, 26.3557 ], [ 91.1281, 26.3699 ], [ 91.1298, 26.3678 ], [ 91.1227, 26.3641 ], [ 91.1241, 26.3554 ], [ 91.1338, 26.3534 ], [ 91.1264, 26.333 ], [ 91.1318, 26.3238 ], [ 91.1437, 26.3197 ], [ 91.1462, 26.2996 ], [ 91.1374, 26.2942 ], [ 91.1183, 26.3038 ], [ 91.119, 26.2942 ], [ 91.1246, 26.2889 ], [ 91.1067, 26.2918 ], [ 91.0952, 26.283 ], [ 91.0865, 26.2811 ], [ 91.0865, 26.2746 ], [ 91.0934, 26.2716 ], [ 91.0907, 26.2652 ], [ 91.1014, 26.2647 ], [ 91.1028, 26.2595 ], [ 91.0983, 26.2561 ], [ 91.1009, 26.2464 ], [ 91.0893, 26.2457 ], [ 91.0954, 26.2287 ], [ 91.058, 26.2194 ], [ 91.043, 26.2287 ], [ 91.0266, 26.2192 ], [ 91.0176, 26.2252 ], [ 91.0289, 26.232 ], [ 91.0255, 26.2593 ], [ 91.0047, 26.258 ], [ 90.9936, 26.2641 ], [ 90.9929, 26.2704 ], [ 91.0021, 26.2898 ], [ 90.9959, 26.3012 ], [ 90.9784, 26.3058 ], [ 90.974, 26.3112 ], [ 90.954, 26.3045 ], [ 90.9497, 26.307 ], [ 90.9446, 26.3218 ], [ 90.9538, 26.3345 ], [ 90.9178, 26.3593 ], [ 90.9208, 26.3705 ], [ 90.9293, 26.377 ], [ 90.9342, 26.3871 ], [ 90.9301, 26.3919 ], [ 90.9315, 26.3977 ], [ 90.9237, 26.4041 ], [ 90.9232, 26.4171 ], [ 90.9294, 26.4182 ], [ 90.9266, 26.4204 ], [ 90.9292, 26.4272 ], [ 90.9258, 26.4254 ], [ 90.9189, 26.4285 ], [ 90.914, 26.4418 ], [ 90.9147, 26.4619 ], [ 90.9102, 26.4667 ], [ 90.9177, 26.4679 ], [ 90.9161, 26.4636 ], [ 90.9213, 26.4563 ] ] ] } },
{ "type": "Feature", "properties": { "unit_id": "IND.4.2.1_1", "name": "Sarupeta Circle", "district": "Barpeta", "did": "assam:Barpeta", "state_key": "assam" }, "geometry": { "type": "MultiPolygon", "coordinates": [ [ [ [ 91.1423, 26.6008 ], [ 91.1397, 26.5963 ], [ 91.1426, 26.5868 ], [ 91.1389, 26.5847 ], [ 91.1441, 26.585 ], [ 91.1478, 26.5774 ], [ 91.147, 26.5701 ], [ 91.1433, 26.5687 ], [ 91.1549, 26.5494 ], [ 91.1588, 26.5485 ], [ 91.1562, 26.543 ], [ 91.1604, 26.53 ], [ 91.1507, 26.5305 ], [ 91.1477, 26.5268 ], [ 91.1514, 26.5221 ], [ 91.1482, 26.5189 ], [ 91.1459, 26.5217 ], [ 91.1384, 26.5102 ], [ 91.1395, 26.4886 ], [ 91.1317, 26.4819 ], [ 91.1348, 26.4791 ], [ 91.1308, 26.4788 ], [ 91.1278, 26.4674 ], [ 91.1026, 26.4509 ], [ 91.1067, 26.4457 ], [ 91.1161, 26.4456 ], [ 91.1129, 26.4416 ], [ 91.1166, 26.4396 ], [ 91.116, 26.4349 ], [ 91.1106, 26.4296 ], [ 91.1174, 26.427 ], [ 91.1237, 26.4295 ], [ 91.1227, 26.4257 ], [ 91.1118, 26.4125 ], [ 91.0988, 26.4118 ], [ 91.0954, 26.4122 ], [ 91.0979, 26.4163 ], [ 91.0847, 26.4258 ], [ 91.0588, 26.4151 ], [ 91.0567, 26.4289 ], [ 91.0216, 26.4252 ], [ 91.0032, 26.4273 ], [ 91.0022, 26.4243 ], [ 90.9969, 26.4353 ], [ 91.0098, 26.4351 ], [ 91.0142, 26.4463 ], [ 91.0053, 26.4487 ], [ 91.0065, 26.4559 ], [ 90.9965, 26.4752 ], [ 91.0003, 26.4807 ], [ 91.0139, 26.4814 ], [ 91.0142, 26.4939 ], [ 91.0314, 26.5006 ], [ 91.0266, 26.5053 ], [ 91.0306, 26.5085 ], [ 91.0278, 26.5307 ], [ 91.0542, 26.5291 ], [ 91.059, 26.5162 ], [ 91.0719, 26.5162 ], [ 91.0733, 26.5335 ], [ 91.0815, 26.5335 ], [ 91.0807, 26.5563 ], [ 91.0959, 26.5624 ], [ 91.1098, 26.5612 ], [ 91.1089, 26.5665 ], [ 91.1046, 26.5675 ], [ 91.1182, 26.5728 ], [ 91.1217, 26.5827 ], [ 91.1133, 26.584 ], [ 91.1179, 26.5921 ], [ 91.1256, 26.5936 ], [ 91.1236, 26.6002 ], [ 91.1283, 26.6058 ], [ 91.1298, 26.5979 ], [ 91.1423, 26.6008 ] ] ], [ [ [ 91.1506, 26.6431 ], [ 91.1441, 26.6254 ], [ 91.1495, 26.6221 ], [ 91.1441, 26.6159 ], [ 91.1394, 26.6159 ], [ 91.1405, 26.6116 ], [ 91.1228, 26.6118 ], [ 91.1229, 26.6162 ], [ 91.1172, 26.6195 ], [ 91.1163, 26.6321 ], [ 91.0978, 26.629 ], [ 91.095, 26.6392 ], [ 91.1125, 26.6376 ], [ 91.1127, 26.6515 ], [ 91.0952, 26.6523 ], [ 91.0973, 26.6654 ], [ 91.1023, 26.6616 ], [ 91.1273, 26.6588 ], [ 91.1275, 26.6501 ], [ 91.1394, 26.6506 ], [ 91.1406, 26.6615 ], [ 91.145, 26.6631 ], [ 91.1577, 26.6509 ], [ 91.1506, 26.6431 ] ] ] ] } },
{ "type": "Feature", "properties": { "unit_id": "IND.4.1.1_1", "name": "Sarupeta Circle (part)", "district": "Baksa", "did": "assam:Baksa", "state_key": "assam" }, "geometry": { "type": "Polygon", "coordinates": [ [ [ 91.1421, 26.6668 ], [ 91.145, 26.6631 ], [ 91.1406, 26.6615 ], [ 91.1394, 26.6506 ], [ 91.1275, 26.6501 ], [ 91.1273, 26.6588 ], [ 91.1023, 26.6616 ], [ 91.0973, 26.6654 ], [ 91.0952, 26.6523 ], [ 91.1127, 26.6515 ], [ 91.1125, 26.6376 ], [ 91.095, 26.6391 ], [ 91.0978, 26.629 ], [ 91.1163, 26.6321 ], [ 91.1172, 26.6195 ], [ 91.1229, 26.6162 ], [ 91.1228, 26.6118 ], [ 91.1405, 26.6116 ], [ 91.1391, 26.6077 ], [ 91.1431, 26.6039 ], [ 91.1387, 26.6014 ], [ 91.1423, 26.6009 ], [ 91.131, 26.5976 ], [ 91.1263, 26.6047 ], [ 91.1256, 26.5936 ], [ 91.1179, 26.5921 ], [ 91.1133, 26.584 ], [ 91.1217, 26.5827 ], [ 91.1182, 26.5728 ], [ 91.1046, 26.5675 ], [ 91.1089, 26.5665 ], [ 91.1098, 26.5612 ], [ 91.0959, 26.5624 ], [ 91.0817, 26.5573 ], [ 91.0815, 26.5335 ], [ 91.0733, 26.5335 ], [ 91.0719, 26.5162 ], [ 91.059, 26.5162 ], [ 91.0549, 26.5289 ], [ 91.0278, 26.5307 ], [ 91.0411, 26.5571 ], [ 91.0465, 26.5549 ], [ 91.0602, 26.5574 ], [ 91.0628, 26.5754 ], [ 91.0583, 26.5839 ], [ 91.0424, 26.5859 ], [ 91.0397, 26.5916 ], [ 91.0292, 26.5907 ], [ 91.0251, 26.5982 ], [ 91.0342, 26.6063 ], [ 91.0289, 26.6188 ], [ 91.0321, 26.626 ], [ 91.0287, 26.6352 ], [ 91.0445, 26.6459 ], [ 91.0475, 26.6517 ], [ 91.0407, 26.6531 ], [ 91.0391, 26.6604 ], [ 91.0324, 26.664 ], [ 91.0387, 26.6713 ], [ 91.0602, 26.6698 ], [ 91.1036, 26.7089 ], [ 91.1503, 26.695 ], [ 91.1421, 26.6668 ] ] ] } },
{ "type": "Feature", "properties": { "unit_id": "IND.4.2.1_1", "name": "Bajali Circle", "district": "Barpeta", "did": "assam:Barpeta", "state_key": "assam" }, "geometry": { "type": "Polygon", "coordinates": [ [ [ 91.1863, 26.6277 ], [ 91.1765, 26.6229 ], [ 91.1867, 26.622 ], [ 91.181, 26.6077 ], [ 91.1868, 26.6039 ], [ 91.1985, 26.6039 ], [ 91.1977, 26.623 ], [ 91.2191, 26.6195 ], [ 91.2301, 26.6236 ], [ 91.2302, 26.6147 ], [ 91.2485, 26.6194 ], [ 91.2475, 26.6078 ], [ 91.239, 26.6099 ], [ 91.2334, 26.6076 ], [ 91.2374, 26.5773 ], [ 91.2432, 26.5753 ], [ 91.246, 26.5789 ], [ 91.2507, 26.5783 ], [ 91.2517, 26.587 ], [ 91.269, 26.5844 ], [ 91.2673, 26.5749 ], [ 91.2585, 26.577 ], [ 91.2584, 26.5706 ], [ 91.2658, 26.567 ], [ 91.2891, 26.5677 ], [ 91.29, 26.5644 ], [ 91.2843, 26.5655 ], [ 91.2714, 26.5505 ], [ 91.2677, 26.5529 ], [ 91.2707, 26.5477 ], [ 91.2664, 26.5493 ], [ 91.2657, 26.5446 ], [ 91.258, 26.5431 ], [ 91.2589, 26.5394 ], [ 91.2555, 26.5422 ], [ 91.2479, 26.5384 ], [ 91.2486, 26.5291 ], [ 91.2438, 26.5249 ], [ 91.2494, 26.5238 ], [ 91.2478, 26.5108 ], [ 91.2601, 26.5058 ], [ 91.2658, 26.491 ], [ 91.2507, 26.4661 ], [ 91.238, 26.4579 ], [ 91.2304, 26.4333 ], [ 91.2138, 26.4319 ], [ 91.2071, 26.4268 ], [ 91.2011, 26.4273 ], [ 91.1958, 26.4344 ], [ 91.198, 26.4466 ], [ 91.1914, 26.4515 ], [ 91.1922, 26.4587 ], [ 91.1878, 26.4608 ], [ 91.1868, 26.467 ], [ 91.153, 26.465 ], [ 91.1442, 26.46 ], [ 91.1393, 26.4618 ], [ 91.1349, 26.4724 ], [ 91.1305, 26.4701 ], [ 91.1292, 26.4726 ], [ 91.1308, 26.4788 ], [ 91.1348, 26.4791 ], [ 91.1317, 26.4819 ], [ 91.1395, 26.4886 ], [ 91.1384, 26.5102 ], [ 91.1459, 26.5217 ], [ 91.1482, 26.5189 ], [ 91.1514, 26.5221 ], [ 91.1477, 26.5268 ], [ 91.1507, 26.5305 ], [ 91.1604, 26.53 ], [ 91.1562, 26.543 ], [ 91.1588, 26.5485 ], [ 91.1549, 26.5494 ], [ 91.1433, 26.5687 ], [ 91.147, 26.5701 ], [ 91.1478, 26.5774 ], [ 91.1441, 26.585 ], [ 91.1389, 26.5847 ], [ 91.1426, 26.5868 ], [ 91.1397, 26.5963 ], [ 91.1431, 26.5984 ], [ 91.1387, 26.6014 ], [ 91.1431, 26.6039 ], [ 91.1391, 26.6077 ], [ 91.1419, 26.6127 ], [ 91.1392, 26.6154 ], [ 91.1495, 26.6221 ], [ 91.1441, 26.6254 ], [ 91.1513, 26.6389 ], [ 91.1609, 26.6386 ], [ 91.1617, 26.6301 ], [ 91.1863, 26.6277 ] ] ] } },
{ "type": "Feature", "properties": { "unit_id": "IND.4.23.1_1", "name": "Tihu Circle", "district": "Nalbari", "did": "assam:Nalbari", "state_key": "assam" }, "geometry": { "type": "Polygon", "coordinates": [ [ [ 91.3061, 26.5228 ], [ 91.3114, 26.5169 ], [ 91.2894, 26.5154 ], [ 91.2842, 26.5031 ], [ 91.3016, 26.5014 ], [ 91.3021, 26.4976 ], [ 91.2953, 26.4922 ], [ 91.2968, 26.4849 ], [ 91.3105, 26.4853 ], [ 91.313, 26.4902 ], [ 91.3469, 26.4884 ], [ 91.35, 26.4822 ], [ 91.36, 26.4831 ], [ 91.3568, 26.4769 ], [ 91.3708, 26.4732 ], [ 91.3655, 26.4694 ], [ 91.3641, 26.4594 ], [ 91.3545, 26.4568 ], [ 91.3506, 26.4609 ], [ 91.3459, 26.4575 ], [ 91.3455, 26.4619 ], [ 91.3332, 26.4618 ], [ 91.3331, 26.4494 ], [ 91.3241, 26.4511 ], [ 91.3217, 26.4567 ], [ 91.3143, 26.4515 ], [ 91.3139, 26.4398 ], [ 91.2976, 26.439 ], [ 91.2969, 26.4355 ], [ 91.2848, 26.4337 ], [ 91.287, 26.4264 ], [ 91.296, 26.4268 ], [ 91.304, 26.4172 ], [ 91.3004, 26.4072 ], [ 91.2788, 26.4121 ], [ 91.2731, 26.4065 ], [ 91.2598, 26.4149 ], [ 91.2532, 26.4118 ], [ 91.2479, 26.4143 ], [ 91.2461, 26.4234 ], [ 91.2366, 26.4142 ], [ 91.2313, 26.4264 ], [ 91.2312, 26.441 ], [ 91.238, 26.4494 ], [ 91.238, 26.4579 ], [ 91.2507, 26.4661 ], [ 91.2658, 26.491 ], [ 91.2601, 26.5058 ], [ 91.2478, 26.5108 ], [ 91.2476, 26.5203 ], [ 91.2495, 26.5233 ], [ 91.2637, 26.5216 ], [ 91.2662, 26.535 ], [ 91.2726, 26.5345 ], [ 91.2752, 26.5412 ], [ 91.2937, 26.5469 ], [ 91.3112, 26.5252 ], [ 91.3061, 26.5228 ] ] ] } },
{ "type": "Feature", "properties": { "unit_id": "IND.4.23.1_1", "name": "Banekuchi Revenue Circle", "district": "Nalbari", "did": "assam:Nalbari", "state_key": "assam" }, "geometry": { "type": "Polygon", "coordinates": [ [ [ 91.4273, 26.531 ], [ 91.424, 26.5276 ], [ 91.4272, 26.5262 ], [ 91.4211, 26.5193 ], [ 91.4268, 26.5085 ], [ 91.4323, 26.507 ], [ 91.4292, 26.5053 ], [ 91.4355, 26.4907 ], [ 91.4216, 26.4722 ], [ 91.4063, 26.4717 ], [ 91.3984, 26.4674 ], [ 91.3972, 26.458 ], [ 91.4022, 26.4505 ], [ 91.3912, 26.4377 ], [ 91.3742, 26.437 ], [ 91.3703, 26.4318 ], [ 91.3496, 26.4263 ], [ 91.3488, 26.4323 ], [ 91.3421, 26.4307 ], [ 91.3399, 26.4334 ], [ 91.3403, 26.4457 ], [ 91.337, 26.448 ], [ 91.3279, 26.4252 ], [ 91.3074, 26.4318 ], [ 91.3043, 26.428 ], [ 91.2847, 26.4288 ], [ 91.2848, 26.4337 ], [ 91.2969, 26.4355 ], [ 91.2976, 26.439 ], [ 91.3139, 26.4398 ], [ 91.3143, 26.4515 ], [ 91.3217, 26.4567 ], [ 91.3241, 26.4511 ], [ 91.3331, 26.4494 ], [ 91.3332, 26.4618 ], [ 91.3455, 26.4619 ], [ 91.3459, 26.4575 ], [ 91.3506, 26.4609 ], [ 91.3545, 26.4568 ], [ 91.3641, 26.4594 ], [ 91.3655, 26.4694 ], [ 91.3758, 26.4752 ], [ 91.3754, 26.4797 ], [ 91.3858, 26.488 ], [ 91.3857, 26.5007 ], [ 91.3803, 26.5017 ], [ 91.3798, 26.5091 ], [ 91.3745, 26.5144 ], [ 91.376, 26.5197 ], [ 91.3868, 26.5273 ], [ 91.4282, 26.5355 ], [ 91.4233, 26.5305 ], [ 91.4273, 26.531 ] ] ] } },
{ "type": "Feature", "properties": { "unit_id": "IND.4.23.1_1", "name": "Barama Circle(part)", "district": "Nalbari", "did": "assam:Nalbari", "state_key": "assam" }, "geometry": { "type": "Polygon", "coordinates": [ [ [ 91.376, 26.5197 ], [ 91.3745, 26.5144 ], [ 91.3808, 26.501 ], [ 91.3857, 26.5007 ], [ 91.3858, 26.488 ], [ 91.3754, 26.4797 ], [ 91.3778, 26.4773 ], [ 91.3729, 26.4727 ], [ 91.3568, 26.4769 ], [ 91.36, 26.4831 ], [ 91.35, 26.4822 ], [ 91.3469, 26.4884 ], [ 91.3309, 26.4878 ], [ 91.3279, 26.4905 ], [ 91.3347, 26.5005 ], [ 91.3422, 26.5004 ], [ 91.3439, 26.5082 ], [ 91.3553, 26.5108 ], [ 91.3527, 26.524 ], [ 91.3852, 26.5262 ], [ 91.376, 26.5197 ] ] ] } },
{ "type": "Feature", "properties": { "unit_id": "IND.4.1.3_1", "name": "Tihu Circle (part)", "district": "Baksa", "did": "assam:Baksa", "state_key": "assam" }, "geometry": { "type": "Polygon", "coordinates": [ [ [ 91.3239, 26.5682 ], [ 91.3252, 26.5611 ], [ 91.3215, 26.5573 ], [ 91.3299, 26.5394 ], [ 91.3225, 26.4905 ], [ 91.3126, 26.4902 ], [ 91.3105, 26.4853 ], [ 91.2968, 26.4849 ], [ 91.2959, 26.4942 ], [ 91.3023, 26.5001 ], [ 91.2841, 26.5026 ], [ 91.2894, 26.5154 ], [ 91.3114, 26.5169 ], [ 91.306, 26.523 ], [ 91.3112, 26.5249 ], [ 91.3108, 26.5287 ], [ 91.2968, 26.5463 ], [ 91.2752, 26.5412 ], [ 91.2726, 26.5345 ], [ 91.2661, 26.5348 ], [ 91.2637, 26.5216 ], [ 91.259, 26.5204 ], [ 91.2438, 26.5239 ], [ 91.2486, 26.5291 ], [ 91.2479, 26.5384 ], [ 91.2555, 26.5422 ], [ 91.2589, 26.5394 ], [ 91.258, 26.5431 ], [ 91.2657, 26.5446 ], [ 91.2664, 26.5493 ], [ 91.2704, 26.5475 ], [ 91.2673, 26.5525 ], [ 91.2716, 26.5506 ], [ 91.2843, 26.5655 ], [ 91.3045, 26.562 ], [ 91.3163, 26.5797 ], [ 91.3351, 26.5826 ], [ 91.33, 26.5721 ], [ 91.3239, 26.5682 ] ] ] } },
{ "type": "Feature", "properties": { "unit_id": "IND.4.1.3_1", "name": "Barama Circle", "district": "Baksa", "did": "assam:Baksa", "state_key": "assam" }, "geometry": { "type": "Polygon", "coordinates": [ [ [ 91.4321, 26.613 ], [ 91.432, 26.5894 ], [ 91.4457, 26.5889 ], [ 91.446, 26.5719 ], [ 91.434, 26.5671 ], [ 91.4311, 26.5563 ], [ 91.4262, 26.5526 ], [ 91.4313, 26.5517 ], [ 91.4292, 26.5493 ], [ 91.4556, 26.5487 ], [ 91.4598, 26.5427 ], [ 91.3867, 26.5265 ], [ 91.3527, 26.524 ], [ 91.3553, 26.5108 ], [ 91.3439, 26.5082 ], [ 91.3422, 26.5004 ], [ 91.3347, 26.5005 ], [ 91.3279, 26.4905 ], [ 91.3227, 26.4902 ], [ 91.3299, 26.5394 ], [ 91.3217, 26.558 ], [ 91.3422, 26.564 ], [ 91.3509, 26.5732 ], [ 91.3582, 26.5747 ], [ 91.3663, 26.5923 ], [ 91.3663, 26.6043 ], [ 91.3749, 26.6167 ], [ 91.3996, 26.6187 ], [ 91.4068, 26.6155 ], [ 91.4092, 26.6185 ], [ 91.4129, 26.6152 ], [ 91.4321, 26.613 ] ] ] } },
{ "type": "Feature", "properties": { "unit_id": "IND.4.23.1_1", "name": "Baganpara Circle(part)", "district": "Nalbari", "did": "assam:Nalbari", "state_key": "assam" }, "geometry": { "type": "Polygon", "coordinates": [ [ [ 91.4926, 26.5534 ], [ 91.4655, 26.5434 ], [ 91.4598, 26.5427 ], [ 91.4556, 26.5487 ], [ 91.4288, 26.5493 ], [ 91.4313, 26.5517 ], [ 91.4259, 26.5533 ], [ 91.4343, 26.5634 ], [ 91.4676, 26.5626 ], [ 91.474, 26.5712 ], [ 91.4882, 26.5633 ], [ 91.4926, 26.5534 ] ] ] } },
{ "type": "Feature", "properties": { "unit_id": "IND.4.23.1_1", "name": "Nalbari Circle", "district": "Nalbari", "did": "assam:Nalbari", "state_key": "assam" }, "geometry": { "type": "Polygon", "coordinates": [ [ [ 91.4863, 26.5005 ], [ 91.485, 26.4898 ], [ 91.496, 26.4845 ], [ 91.4937, 26.476 ], [ 91.5039, 26.4587 ], [ 91.4994, 26.4507 ], [ 91.5034, 26.4416 ], [ 91.4906, 26.436 ], [ 91.486, 26.4267 ], [ 91.489, 26.4179 ], [ 91.4867, 26.4026 ], [ 91.4788, 26.4056 ], [ 91.4672, 26.4035 ], [ 91.4694, 26.4005 ], [ 91.4798, 26.4001 ], [ 91.4789, 26.3946 ], [ 91.4514, 26.3842 ], [ 91.4494, 26.3779 ], [ 91.4445, 26.3787 ], [ 91.4463, 26.3611 ], [ 91.4419, 26.3549 ], [ 91.4307, 26.3521 ], [ 91.4305, 26.3435 ], [ 91.4268, 26.3412 ], [ 91.4127, 26.3434 ], [ 91.4054, 26.3386 ], [ 91.4001, 26.3431 ], [ 91.3959, 26.3409 ], [ 91.3982, 26.3346 ], [ 91.3896, 26.3353 ], [ 91.3913, 26.3417 ], [ 91.3855, 26.3391 ], [ 91.3778, 26.3434 ], [ 91.381, 26.3588 ], [ 91.3973, 26.3666 ], [ 91.3979, 26.3764 ], [ 91.4057, 26.379 ], [ 91.4083, 26.3924 ], [ 91.4011, 26.3957 ], [ 91.4007, 26.3998 ], [ 91.4123, 26.407 ], [ 91.4182, 26.4219 ], [ 91.4155, 26.4341 ], [ 91.3941, 26.4378 ], [ 91.3931, 26.442 ], [ 91.3973, 26.4425 ], [ 91.4022, 26.4505 ], [ 91.3972, 26.458 ], [ 91.3984, 26.4674 ], [ 91.4267, 26.4757 ], [ 91.4248, 26.4799 ], [ 91.4307, 26.4823 ], [ 91.4355, 26.4907 ], [ 91.4298, 26.5067 ], [ 91.4397, 26.5071 ], [ 91.4393, 26.5023 ], [ 91.4497, 26.5019 ], [ 91.4464, 26.5086 ], [ 91.4561, 26.509 ], [ 91.4767, 26.5065 ], [ 91.4776, 26.5031 ], [ 91.4863, 26.5005 ] ] ] } },
{ "type": "Feature", "properties": { "unit_id": "IND.4.23.1_1", "name": "Pachim Nalbari Circle", "district": "Nalbari", "did": "assam:Nalbari", "state_key": "assam" }, "geometry": { "type": "Polygon", "coordinates": [ [ [ 91.3488, 26.4323 ], [ 91.349, 26.4268 ], [ 91.3526, 26.4266 ], [ 91.3703, 26.4318 ], [ 91.3742, 26.437 ], [ 91.3912, 26.4377 ], [ 91.3917, 26.442 ], [ 91.3956, 26.4365 ], [ 91.4169, 26.4327 ], [ 91.4181, 26.4207 ], [ 91.4136, 26.4087 ], [ 91.4004, 26.3986 ], [ 91.408, 26.3935 ], [ 91.4057, 26.379 ], [ 91.3979, 26.3764 ], [ 91.3973, 26.3666 ], [ 91.3813, 26.3596 ], [ 91.3774, 26.3451 ], [ 91.3789, 26.3407 ], [ 91.3855, 26.3391 ], [ 91.3907, 26.3421 ], [ 91.3889, 26.3359 ], [ 91.3968, 26.3345 ], [ 91.3959, 26.3409 ], [ 91.4001, 26.3431 ], [ 91.4054, 26.3386 ], [ 91.4127, 26.3434 ], [ 91.4268, 26.3412 ], [ 91.4242, 26.3321 ], [ 91.4112, 26.3359 ], [ 91.4097, 26.3169 ], [ 91.4028, 26.3216 ], [ 91.3987, 26.3177 ], [ 91.3963, 26.3208 ], [ 91.3952, 26.3184 ], [ 91.3734, 26.3227 ], [ 91.3586, 26.3205 ], [ 91.3498, 26.3237 ], [ 91.3554, 26.3139 ], [ 91.3536, 26.3069 ], [ 91.3391, 26.3127 ], [ 91.3445, 26.3296 ], [ 91.3504, 26.3279 ], [ 91.3637, 26.3315 ], [ 91.3633, 26.3439 ], [ 91.3584, 26.3486 ], [ 91.3365, 26.3568 ], [ 91.3284, 26.3663 ], [ 91.3217, 26.3638 ], [ 91.3166, 26.3664 ], [ 91.3201, 26.3553 ], [ 91.3025, 26.3358 ], [ 91.3039, 26.3256 ], [ 91.2942, 26.3362 ], [ 91.2841, 26.3376 ], [ 91.2813, 26.335 ], [ 91.2755, 26.3406 ], [ 91.2799, 26.3554 ], [ 91.275, 26.3567 ], [ 91.2709, 26.3646 ], [ 91.2821, 26.376 ], [ 91.2783, 26.3776 ], [ 91.2755, 26.3723 ], [ 91.2649, 26.3709 ], [ 91.2653, 26.3608 ], [ 91.2485, 26.3671 ], [ 91.2443, 26.381 ], [ 91.2401, 26.3761 ], [ 91.236, 26.3775 ], [ 91.242, 26.3882 ], [ 91.2354, 26.3911 ], [ 91.2335, 26.3972 ], [ 91.2352, 26.4027 ], [ 91.2419, 26.4043 ], [ 91.2366, 26.4142 ], [ 91.2403, 26.421 ], [ 91.2462, 26.4234 ], [ 91.2481, 26.4141 ], [ 91.2536, 26.4118 ], [ 91.2602, 26.4148 ], [ 91.2681, 26.4076 ], [ 91.2743, 26.4067 ], [ 91.279, 26.4121 ], [ 91.2994, 26.4069 ], [ 91.304, 26.4172 ], [ 91.296, 26.4268 ], [ 91.2867, 26.4284 ], [ 91.3043, 26.428 ], [ 91.3074, 26.4318 ], [ 91.3279, 26.4252 ], [ 91.337, 26.448 ], [ 91.3403, 26.4457 ], [ 91.3421, 26.4307 ], [ 91.3488, 26.4323 ] ] ] } },
{ "type": "Feature", "properties": { "unit_id": "IND.4.23.1_1", "name": "Barkhetri Circle", "district": "Nalbari", "did": "assam:Nalbari", "state_key": "assam" }, "geometry": { "type": "Polygon", "coordinates": [ [ [ 91.3633, 26.3439 ], [ 91.3637, 26.3315 ], [ 91.3504, 26.3279 ], [ 91.3445, 26.3296 ], [ 91.3391, 26.3127 ], [ 91.3536, 26.3069 ], [ 91.3554, 26.3139 ], [ 91.3498, 26.3237 ], [ 91.3586, 26.3205 ], [ 91.3734, 26.3227 ], [ 91.3952, 26.3184 ], [ 91.3963, 26.3208 ], [ 91.3987, 26.3177 ], [ 91.4028, 26.3216 ], [ 91.4097, 26.3169 ], [ 91.4101, 26.3218 ], [ 91.4182, 26.3223 ], [ 91.4185, 26.3169 ], [ 91.4205, 26.3208 ], [ 91.425, 26.3192 ], [ 91.4207, 26.3132 ], [ 91.4266, 26.3146 ], [ 91.4287, 26.3202 ], [ 91.44, 26.3163 ], [ 91.4419, 26.3201 ], [ 91.4475, 26.3194 ], [ 91.4455, 26.3226 ], [ 91.4552, 26.3206 ], [ 91.4513, 26.3147 ], [ 91.4575, 26.3132 ], [ 91.4516, 26.3094 ], [ 91.4484, 26.2908 ], [ 91.4514, 26.2696 ], [ 91.4448, 26.2693 ], [ 91.4444, 26.2648 ], [ 91.4365, 26.2603 ], [ 91.4229, 26.2685 ], [ 91.4124, 26.265 ], [ 91.4223, 26.2324 ], [ 91.4198, 26.2059 ], [ 91.4111, 26.2012 ], [ 91.4204, 26.1747 ], [ 91.4143, 26.1361 ], [ 91.3906, 26.139 ], [ 91.3669, 26.1604 ], [ 91.3536, 26.1673 ], [ 91.3431, 26.163 ], [ 91.3342, 26.1679 ], [ 91.3232, 26.1604 ], [ 91.3102, 26.1616 ], [ 91.2946, 26.1572 ], [ 91.2557, 26.1631 ], [ 91.2221, 26.1794 ], [ 91.2296, 26.1822 ], [ 91.2373, 26.1803 ], [ 91.2392, 26.193 ], [ 91.2484, 26.2008 ], [ 91.2414, 26.2033 ], [ 91.2322, 26.2141 ], [ 91.2153, 26.2206 ], [ 91.2198, 26.2272 ], [ 91.2156, 26.2392 ], [ 91.2209, 26.2449 ], [ 91.2318, 26.2457 ], [ 91.2408, 26.2603 ], [ 91.2318, 26.264 ], [ 91.2182, 26.2603 ], [ 91.2211, 26.2644 ], [ 91.2158, 26.2673 ], [ 91.2191, 26.2754 ], [ 91.2269, 26.2826 ], [ 91.2404, 26.2795 ], [ 91.261, 26.2893 ], [ 91.26, 26.2942 ], [ 91.2517, 26.2959 ], [ 91.2501, 26.3019 ], [ 91.2614, 26.3042 ], [ 91.2607, 26.3108 ], [ 91.2556, 26.314 ], [ 91.263, 26.3179 ], [ 91.2698, 26.329 ], [ 91.2661, 26.338 ], [ 91.2689, 26.3426 ], [ 91.2813, 26.335 ], [ 91.2841, 26.3376 ], [ 91.2942, 26.3362 ], [ 91.3051, 26.3259 ], [ 91.302, 26.3348 ], [ 91.3201, 26.3553 ], [ 91.3162, 26.3658 ], [ 91.3217, 26.3638 ], [ 91.3275, 26.3665 ], [ 91.3365, 26.3568 ], [ 91.3633, 26.3439 ] ] ] } },
{ "type": "Feature", "properties": { "unit_id": "IND.4.16.1_1", "name": "Hajo Circle", "district": "Kamrup Rural", "did": "assam:Kamrup Rural", "state_key": "assam" }, "geometry": { "type": "Polygon", "coordinates": [ [ [ 91.584, 26.3313 ], [ 91.587, 26.3233 ], [ 91.5972, 26.3216 ], [ 91.6106, 26.3096 ], [ 91.6152, 26.2991 ], [ 91.6089, 26.2942 ], [ 91.6115, 26.2891 ], [ 91.6088, 26.2844 ], [ 91.6183, 26.2734 ], [ 91.614, 26.2683 ], [ 91.619, 26.2688 ], [ 91.6333, 26.2568 ], [ 91.6383, 26.2577 ], [ 91.6467, 26.2455 ], [ 91.6632, 26.2406 ], [ 91.6618, 26.2365 ], [ 91.6702, 26.2269 ], [ 91.6667, 26.2187 ], [ 91.6709, 26.2173 ], [ 91.6734, 26.2216 ], [ 91.6823, 26.2159 ], [ 91.6764, 26.2126 ], [ 91.6718, 26.2019 ], [ 91.686, 26.2055 ], [ 91.6947, 26.2041 ], [ 91.6984, 26.1971 ], [ 91.7129, 26.1915 ], [ 91.7214, 26.2044 ], [ 91.7298, 26.2069 ], [ 91.7305, 26.2105 ], [ 91.7489, 26.209 ], [ 91.7238, 26.1965 ], [ 91.7239, 26.1878 ], [ 91.7194, 26.1849 ], [ 91.6836, 26.1797 ], [ 91.6574, 26.1825 ], [ 91.6482, 26.1651 ], [ 91.6215, 26.1613 ], [ 91.6043, 26.1547 ], [ 91.5689, 26.1505 ], [ 91.5647, 26.1493 ], [ 91.5619, 26.1418 ], [ 91.5177, 26.1387 ], [ 91.4711, 26.1544 ], [ 91.4479, 26.143 ], [ 91.4325, 26.1495 ], [ 91.4143, 26.1354 ], [ 91.4204, 26.1747 ], [ 91.4111, 26.2012 ], [ 91.4198, 26.2059 ], [ 91.4223, 26.2324 ], [ 91.4136, 26.2534 ], [ 91.4131, 26.2664 ], [ 91.4229, 26.2685 ], [ 91.4365, 26.2603 ], [ 91.4444, 26.2648 ], [ 91.4448, 26.2693 ], [ 91.4514, 26.2696 ], [ 91.4484, 26.2908 ], [ 91.4516, 26.3094 ], [ 91.4575, 26.3132 ], [ 91.4513, 26.3147 ], [ 91.4557, 26.3208 ], [ 91.4659, 26.3168 ], [ 91.4732, 26.3187 ], [ 91.4818, 26.3215 ], [ 91.4798, 26.3272 ], [ 91.483, 26.3301 ], [ 91.4898, 26.3315 ], [ 91.4916, 26.3283 ], [ 91.5079, 26.3354 ], [ 91.5154, 26.3323 ], [ 91.5248, 26.3366 ], [ 91.5337, 26.3303 ], [ 91.5392, 26.3363 ], [ 91.5556, 26.3249 ], [ 91.584, 26.3313 ] ] ] } },
{ "type": "Feature", "properties": { "unit_id": "IND.4.16.1_1", "name": "Kaya Circle", "district": "Kamrup Rural", "did": "assam:Kamrup Rural", "state_key": "assam" }, "geometry": { "type": "Polygon", "coordinates": [ [ [ 91.577, 26.4127 ], [ 91.5819, 26.4147 ], [ 91.5865, 26.4105 ], [ 91.5922, 26.4106 ], [ 91.5875, 26.4013 ], [ 91.5937, 26.398 ], [ 91.5956, 26.3872 ], [ 91.5998, 26.3862 ], [ 91.6018, 26.3721 ], [ 91.5922, 26.3686 ], [ 91.5848, 26.3571 ], [ 91.574, 26.3583 ], [ 91.5748, 26.3303 ], [ 91.5673, 26.3261 ], [ 91.5538, 26.3251 ], [ 91.5398, 26.3361 ], [ 91.5337, 26.3303 ], [ 91.5284, 26.3329 ], [ 91.5205, 26.3409 ], [ 91.5246, 26.3452 ], [ 91.5212, 26.3461 ], [ 91.5195, 26.3548 ], [ 91.524, 26.3554 ], [ 91.5253, 26.3716 ], [ 91.5364, 26.3765 ], [ 91.5295, 26.3829 ], [ 91.5287, 26.3927 ], [ 91.5411, 26.4017 ], [ 91.5424, 26.4082 ], [ 91.5477, 26.4095 ], [ 91.5535, 26.4194 ], [ 91.5765, 26.4058 ], [ 91.577, 26.4127 ] ] ] } },
{ "type": "Feature", "properties": { "unit_id": "IND.4.23.1_1", "name": "Barbhag Circle", "district": "Nalbari", "did": "assam:Nalbari", "state_key": "assam" }, "geometry": { "type": "Polygon", "coordinates": [ [ [ 91.5167, 26.4151 ], [ 91.5197, 26.4102 ], [ 91.5339, 26.415 ], [ 91.5485, 26.4114 ], [ 91.5287, 26.3927 ], [ 91.5295, 26.3829 ], [ 91.5364, 26.3765 ], [ 91.5253, 26.3716 ], [ 91.524, 26.3554 ], [ 91.5195, 26.3548 ], [ 91.5212, 26.3461 ], [ 91.5246, 26.3452 ], [ 91.5205, 26.3409 ], [ 91.5249, 26.3367 ], [ 91.5154, 26.3323 ], [ 91.5079, 26.3354 ], [ 91.4916, 26.3283 ], [ 91.4898, 26.3315 ], [ 91.483, 26.3301 ], [ 91.4798, 26.3272 ], [ 91.4813, 26.3211 ], [ 91.4659, 26.3168 ], [ 91.4487, 26.3232 ], [ 91.4412, 26.3164 ], [ 91.4287, 26.3202 ], [ 91.4266, 26.3146 ], [ 91.4193, 26.3133 ], [ 91.425, 26.3192 ], [ 91.4205, 26.3208 ], [ 91.4185, 26.3169 ], [ 91.4182, 26.3223 ], [ 91.4118, 26.3207 ], [ 91.4102, 26.3336 ], [ 91.4142, 26.3371 ], [ 91.4242, 26.3321 ], [ 91.4259, 26.3398 ], [ 91.4319, 26.345 ], [ 91.4307, 26.3521 ], [ 91.443, 26.356 ], [ 91.4467, 26.3639 ], [ 91.4445, 26.3787 ], [ 91.4494, 26.3779 ], [ 91.4514, 26.3842 ], [ 91.4789, 26.3946 ], [ 91.4798, 26.4001 ], [ 91.4694, 26.4005 ], [ 91.4672, 26.4035 ], [ 91.4822, 26.4053 ], [ 91.4862, 26.4017 ], [ 91.4911, 26.4211 ], [ 91.5089, 26.4251 ], [ 91.507, 26.4162 ], [ 91.5167, 26.4151 ] ] ] } },
{ "type": "Feature", "properties": { "unit_id": "IND.4.23.1_1", "name": "Ghagrapar Circle", "district": "Nalbari", "did": "assam:Nalbari", "state_key": "assam" }, "geometry": { "type": "Polygon", "coordinates": [ [ [ 91.5793, 26.563 ], [ 91.5843, 26.5621 ], [ 91.5844, 26.5548 ], [ 91.574, 26.5554 ], [ 91.5791, 26.5498 ], [ 91.5787, 26.5293 ], [ 91.5562, 26.5255 ], [ 91.562, 26.4837 ], [ 91.5545, 26.4804 ], [ 91.5496, 26.471 ], [ 91.5535, 26.4505 ], [ 91.5606, 26.4439 ], [ 91.564, 26.4298 ], [ 91.5601, 26.4291 ], [ 91.5485, 26.4115 ], [ 91.5339, 26.415 ], [ 91.5197, 26.4102 ], [ 91.5167, 26.4151 ], [ 91.507, 26.4162 ], [ 91.5089, 26.4251 ], [ 91.5001, 26.4245 ], [ 91.489, 26.4179 ], [ 91.4855, 26.4246 ], [ 91.4906, 26.436 ], [ 91.5037, 26.4423 ], [ 91.4994, 26.4507 ], [ 91.5039, 26.4587 ], [ 91.4937, 26.476 ], [ 91.496, 26.4845 ], [ 91.485, 26.4898 ], [ 91.4863, 26.5005 ], [ 91.4783, 26.5027 ], [ 91.4767, 26.5065 ], [ 91.4464, 26.5086 ], [ 91.4511, 26.5021 ], [ 91.4473, 26.5019 ], [ 91.4393, 26.5023 ], [ 91.4397, 26.5071 ], [ 91.4275, 26.5078 ], [ 91.4211, 26.5193 ], [ 91.4272, 26.5262 ], [ 91.424, 26.5276 ], [ 91.4273, 26.531 ], [ 91.4237, 26.5312 ], [ 91.4946, 26.5539 ], [ 91.4943, 26.5339 ], [ 91.512, 26.5335 ], [ 91.5105, 26.5364 ], [ 91.5167, 26.537 ], [ 91.5152, 26.5411 ], [ 91.5258, 26.5459 ], [ 91.5253, 26.5524 ], [ 91.5304, 26.5537 ], [ 91.5283, 26.5587 ], [ 91.5773, 26.5723 ], [ 91.5832, 26.5685 ], [ 91.5793, 26.563 ] ] ] } },
{ "type": "Feature", "properties": { "unit_id": "IND.4.1.3_1", "name": "Tamulpur Circle", "district": "Baksa", "did": "assam:Baksa", "state_key": "assam" }, "geometry": { "type": "MultiPolygon", "coordinates": [ [ [ [ 91.6498, 26.4495 ], [ 91.6244, 26.4476 ], [ 91.6321, 26.4511 ], [ 91.629, 26.461 ], [ 91.6243, 26.4568 ], [ 91.6262, 26.4617 ], [ 91.651, 26.4628 ], [ 91.6498, 26.4495 ] ] ], [ [ [ 91.4951, 26.7912 ], [ 91.5924, 26.8052 ], [ 91.6255, 26.8209 ], [ 91.6898, 26.8065 ], [ 91.7043, 26.8128 ], [ 91.7052, 26.7918 ], [ 91.6983, 26.7512 ], [ 91.7053, 26.7393 ], [ 91.7038, 26.7214 ], [ 91.7074, 26.7096 ], [ 91.6934, 26.7066 ], [ 91.6914, 26.6918 ], [ 91.6834, 26.6863 ], [ 91.6853, 26.675 ], [ 91.6798, 26.6642 ], [ 91.6831, 26.6577 ], [ 91.677, 26.6538 ], [ 91.6713, 26.6552 ], [ 91.676, 26.6513 ], [ 91.6743, 26.6376 ], [ 91.6643, 26.635 ], [ 91.6581, 26.6369 ], [ 91.667, 26.6314 ], [ 91.6711, 26.6234 ], [ 91.667, 26.6192 ], [ 91.6595, 26.6248 ], [ 91.6587, 26.6223 ], [ 91.6753, 26.6129 ], [ 91.6706, 26.6093 ], [ 91.6601, 26.6101 ], [ 91.6656, 26.5857 ], [ 91.666, 26.5608 ], [ 91.6609, 26.5567 ], [ 91.6614, 26.5501 ], [ 91.6553, 26.5588 ], [ 91.6553, 26.5506 ], [ 91.6495, 26.5481 ], [ 91.6561, 26.5459 ], [ 91.6543, 26.5384 ], [ 91.6505, 26.5415 ], [ 91.6478, 26.5365 ], [ 91.6323, 26.5372 ], [ 91.6278, 26.5334 ], [ 91.6333, 26.5236 ], [ 91.6199, 26.5228 ], [ 91.6244, 26.5121 ], [ 91.6223, 26.5094 ], [ 91.6213, 26.5139 ], [ 91.5999, 26.5128 ], [ 91.5991, 26.5167 ], [ 91.5896, 26.5145 ], [ 91.5887, 26.5268 ], [ 91.5805, 26.531 ], [ 91.5781, 26.529 ], [ 91.5791, 26.5498 ], [ 91.574, 26.5554 ], [ 91.5847, 26.5559 ], [ 91.5837, 26.563 ], [ 91.5793, 26.563 ], [ 91.5832, 26.5685 ], [ 91.5773, 26.5723 ], [ 91.5287, 26.5588 ], [ 91.529, 26.5639 ], [ 91.5237, 26.5631 ], [ 91.5006, 26.5726 ], [ 91.5047, 26.5775 ], [ 91.4988, 26.5886 ], [ 91.503, 26.59 ], [ 91.5059, 26.5864 ], [ 91.5042, 26.5935 ], [ 91.4989, 26.5955 ], [ 91.5028, 26.6008 ], [ 91.4932, 26.6063 ], [ 91.4909, 26.6045 ], [ 91.4878, 26.6135 ], [ 91.4938, 26.618 ], [ 91.4912, 26.6279 ], [ 91.507, 26.627 ], [ 91.5094, 26.6299 ], [ 91.5056, 26.6425 ], [ 91.5011, 26.6452 ], [ 91.5007, 26.6626 ], [ 91.4924, 26.6792 ], [ 91.4899, 26.6962 ], [ 91.4731, 26.717 ], [ 91.4601, 26.7256 ], [ 91.455, 26.7453 ], [ 91.4571, 26.7499 ], [ 91.4425, 26.7683 ], [ 91.4381, 26.7882 ], [ 91.414, 26.8197 ], [ 91.4076, 26.8396 ], [ 91.4484, 26.8108 ], [ 91.4951, 26.7912 ] ] ] ] } },
{ "type": "Feature", "properties": { "unit_id": "IND.4.16.1_1", "name": "Rangia Circle", "district": "Kamrup Rural", "did": "assam:Kamrup Rural", "state_key": "assam" }, "geometry": { "type": "Polygon", "coordinates": [ [ [ 91.6196, 26.5128 ], [ 91.6201, 26.5045 ], [ 91.6138, 26.5031 ], [ 91.6118, 26.4946 ], [ 91.6186, 26.4939 ], [ 91.6147, 26.4891 ], [ 91.6162, 26.4857 ], [ 91.6166, 26.4893 ], [ 91.6285, 26.4935 ], [ 91.6231, 26.4886 ], [ 91.6293, 26.4862 ], [ 91.6229, 26.4844 ], [ 91.6204, 26.4797 ], [ 91.6232, 26.4757 ], [ 91.6282, 26.4809 ], [ 91.6266, 26.4709 ], [ 91.621, 26.4745 ], [ 91.618, 26.4688 ], [ 91.6292, 26.4649 ], [ 91.6243, 26.4568 ], [ 91.629, 26.461 ], [ 91.6321, 26.4511 ], [ 91.625, 26.4472 ], [ 91.6357, 26.4499 ], [ 91.6767, 26.4485 ], [ 91.6759, 26.4546 ], [ 91.6856, 26.455 ], [ 91.6875, 26.4599 ], [ 91.6974, 26.4631 ], [ 91.6992, 26.4592 ], [ 91.7125, 26.4577 ], [ 91.7194, 26.433 ], [ 91.7097, 26.4269 ], [ 91.7188, 26.4202 ], [ 91.712, 26.4137 ], [ 91.7231, 26.406 ], [ 91.7196, 26.3996 ], [ 91.7232, 26.3822 ], [ 91.7159, 26.3823 ], [ 91.7127, 26.3857 ], [ 91.6969, 26.3852 ], [ 91.701, 26.3644 ], [ 91.696, 26.3575 ], [ 91.684, 26.3566 ], [ 91.6685, 26.3623 ], [ 91.6611, 26.3614 ], [ 91.658, 26.365 ], [ 91.6572, 26.3704 ], [ 91.6651, 26.3714 ], [ 91.6689, 26.3806 ], [ 91.6644, 26.3917 ], [ 91.6679, 26.3984 ], [ 91.6595, 26.4059 ], [ 91.6521, 26.404 ], [ 91.6492, 26.3973 ], [ 91.6423, 26.3943 ], [ 91.6468, 26.3852 ], [ 91.6343, 26.3803 ], [ 91.6315, 26.3671 ], [ 91.6277, 26.3663 ], [ 91.6252, 26.3698 ], [ 91.6242, 26.3647 ], [ 91.6048, 26.362 ], [ 91.6114, 26.3567 ], [ 91.607, 26.3511 ], [ 91.6142, 26.349 ], [ 91.6143, 26.3427 ], [ 91.6111, 26.3361 ], [ 91.5972, 26.3265 ], [ 91.5971, 26.3216 ], [ 91.587, 26.3233 ], [ 91.5845, 26.3311 ], [ 91.5743, 26.332 ], [ 91.574, 26.3583 ], [ 91.5848, 26.3571 ], [ 91.5922, 26.3686 ], [ 91.6018, 26.3721 ], [ 91.5998, 26.3862 ], [ 91.5956, 26.3872 ], [ 91.5937, 26.398 ], [ 91.5875, 26.4013 ], [ 91.5922, 26.4106 ], [ 91.5865, 26.4105 ], [ 91.5841, 26.4146 ], [ 91.578, 26.4135 ], [ 91.5761, 26.4056 ], [ 91.5642, 26.4111 ], [ 91.5547, 26.4206 ], [ 91.5644, 26.4339 ], [ 91.5535, 26.4505 ], [ 91.5496, 26.4695 ], [ 91.5538, 26.4796 ], [ 91.562, 26.4837 ], [ 91.5562, 26.5255 ], [ 91.5733, 26.5263 ], [ 91.5805, 26.531 ], [ 91.5887, 26.5268 ], [ 91.5889, 26.5158 ], [ 91.6196, 26.5128 ] ] ] } },
{ "type": "Feature", "properties": { "unit_id": "IND.4.16.1_1", "name": "Goreswar Circle", "district": "Kamrup Rural", "did": "assam:Kamrup Rural", "state_key": "assam" }, "geometry": { "type": "Polygon", "coordinates": [ [ [ 91.7542, 26.4945 ], [ 91.7522, 26.4816 ], [ 91.7798, 26.4818 ], [ 91.7775, 26.4703 ], [ 91.7705, 26.4664 ], [ 91.7662, 26.4684 ], [ 91.7645, 26.4599 ], [ 91.7721, 26.4472 ], [ 91.7709, 26.4329 ], [ 91.7747, 26.4253 ], [ 91.7785, 26.4277 ], [ 91.7773, 26.4197 ], [ 91.783, 26.4167 ], [ 91.7671, 26.4156 ], [ 91.7545, 26.4002 ], [ 91.7415, 26.405 ], [ 91.7421, 26.4088 ], [ 91.737, 26.411 ], [ 91.7125, 26.4124 ], [ 91.7188, 26.4202 ], [ 91.7097, 26.4269 ], [ 91.7194, 26.433 ], [ 91.713, 26.457 ], [ 91.6992, 26.4592 ], [ 91.6974, 26.4631 ], [ 91.6875, 26.4599 ], [ 91.689, 26.4638 ], [ 91.7099, 26.4733 ], [ 91.7104, 26.4793 ], [ 91.7104, 26.477 ], [ 91.7201, 26.477 ], [ 91.7164, 26.4823 ], [ 91.7187, 26.4918 ], [ 91.7263, 26.496 ], [ 91.7248, 26.5031 ], [ 91.7377, 26.5018 ], [ 91.7338, 26.4975 ], [ 91.7542, 26.4945 ] ] ] } },
{ "type": "Feature", "properties": { "unit_id": "IND.4.1.2_1", "name": "Goreshwar Circle", "district": "Baksa", "did": "assam:Baksa", "state_key": "assam" }, "geometry": { "type": "Polygon", "coordinates": [ [ [ 91.7331, 26.7148 ], [ 91.7425, 26.7008 ], [ 91.7377, 26.6934 ], [ 91.7455, 26.6875 ], [ 91.7405, 26.6761 ], [ 91.7432, 26.6722 ], [ 91.7356, 26.6702 ], [ 91.7328, 26.6564 ], [ 91.7402, 26.654 ], [ 91.7397, 26.6482 ], [ 91.7469, 26.6496 ], [ 91.7488, 26.6466 ], [ 91.739, 26.6381 ], [ 91.7503, 26.6362 ], [ 91.7476, 26.6321 ], [ 91.7331, 26.6302 ], [ 91.7464, 26.6269 ], [ 91.7395, 26.6176 ], [ 91.7443, 26.6123 ], [ 91.7374, 26.6042 ], [ 91.7414, 26.6015 ], [ 91.7493, 26.6068 ], [ 91.7516, 26.605 ], [ 91.7432, 26.5932 ], [ 91.7504, 26.5869 ], [ 91.7567, 26.5934 ], [ 91.7626, 26.5937 ], [ 91.76, 26.5855 ], [ 91.7491, 26.5806 ], [ 91.7665, 26.5734 ], [ 91.7641, 26.5658 ], [ 91.7727, 26.559 ], [ 91.7735, 26.5511 ], [ 91.7801, 26.5496 ], [ 91.7783, 26.5435 ], [ 91.7853, 26.5357 ], [ 91.7755, 26.5288 ], [ 91.7769, 26.5265 ], [ 91.7838, 26.5298 ], [ 91.7842, 26.5275 ], [ 91.7758, 26.5228 ], [ 91.7853, 26.519 ], [ 91.7778, 26.5128 ], [ 91.7873, 26.498 ], [ 91.7807, 26.4964 ], [ 91.8016, 26.4899 ], [ 91.7998, 26.4771 ], [ 91.7878, 26.4754 ], [ 91.7798, 26.4818 ], [ 91.7522, 26.4816 ], [ 91.7542, 26.4945 ], [ 91.7344, 26.4964 ], [ 91.7377, 26.5018 ], [ 91.7248, 26.5031 ], [ 91.7263, 26.496 ], [ 91.7187, 26.4918 ], [ 91.7164, 26.4823 ], [ 91.7201, 26.477 ], [ 91.7098, 26.479 ], [ 91.7099, 26.4733 ], [ 91.689, 26.4638 ], [ 91.6856, 26.455 ], [ 91.6759, 26.4546 ], [ 91.6767, 26.4485 ], [ 91.6498, 26.4495 ], [ 91.651, 26.4628 ], [ 91.6262, 26.4617 ], [ 91.6285, 26.4656 ], [ 91.6236, 26.4651 ], [ 91.6212, 26.4695 ], [ 91.6184, 26.4678 ], [ 91.621, 26.4745 ], [ 91.6266, 26.4709 ], [ 91.6282, 26.4809 ], [ 91.6232, 26.4757 ], [ 91.6204, 26.4797 ], [ 91.6229, 26.4844 ], [ 91.6293, 26.4862 ], [ 91.6231, 26.4886 ], [ 91.6285, 26.4935 ], [ 91.6166, 26.4893 ], [ 91.6162, 26.4857 ], [ 91.6147, 26.4891 ], [ 91.6186, 26.4939 ], [ 91.6118, 26.4949 ], [ 91.6138, 26.5031 ], [ 91.6201, 26.5045 ], [ 91.6196, 26.5128 ], [ 91.6208, 26.5094 ], [ 91.6244, 26.5121 ], [ 91.6199, 26.5228 ], [ 91.6333, 26.5236 ], [ 91.6278, 26.5334 ], [ 91.6323, 26.5372 ], [ 91.6478, 26.5365 ], [ 91.6505, 26.5415 ], [ 91.6543, 26.5384 ], [ 91.6561, 26.5459 ], [ 91.6495, 26.5481 ], [ 91.6553, 26.5506 ], [ 91.6537, 26.5568 ], [ 91.6565, 26.5586 ], [ 91.6614, 26.5501 ], [ 91.6609, 26.5567 ], [ 91.666, 26.5608 ], [ 91.6649, 26.5957 ], [ 91.6601, 26.6101 ], [ 91.6706, 26.6093 ], [ 91.6752, 26.6142 ], [ 91.6587, 26.6223 ], [ 91.6595, 26.6248 ], [ 91.667, 26.6192 ], [ 91.6711, 26.6234 ], [ 91.667, 26.6314 ], [ 91.6581, 26.6369 ], [ 91.6643, 26.635 ], [ 91.6743, 26.6376 ], [ 91.676, 26.6513 ], [ 91.6713, 26.6552 ], [ 91.677, 26.6538 ], [ 91.6831, 26.6577 ], [ 91.6798, 26.6642 ], [ 91.6853, 26.675 ], [ 91.6834, 26.6863 ], [ 91.6914, 26.6918 ], [ 91.6934, 26.7066 ], [ 91.7074, 26.7096 ], [ 91.7038, 26.7214 ], [ 91.7053, 26.7393 ], [ 91.6983, 26.7512 ], [ 91.7053, 26.8097 ], [ 91.7169, 26.7559 ], [ 91.7352, 26.7264 ], [ 91.7331, 26.7148 ] ] ] } },
{ "type": "Feature", "properties": { "unit_id": "IND.4.27.1_1", "name": "Khairabari Circle", "district": "Udalguri", "did": "assam:Udalguri", "state_key": "assam" }, "geometry": { "type": "Polygon", "coordinates": [ [ [ 91.8011, 26.6582 ], [ 91.8209, 26.6413 ], [ 91.8335, 26.6419 ], [ 91.8399, 26.6463 ], [ 91.8627, 26.6471 ], [ 91.8715, 26.6514 ], [ 91.8936, 26.6518 ], [ 91.9039, 26.637 ], [ 91.8963, 26.6307 ], [ 91.8959, 26.6172 ], [ 91.8846, 26.6113 ], [ 91.8883, 26.6085 ], [ 91.8828, 26.6068 ], [ 91.8802, 26.6003 ], [ 91.8835, 26.5954 ], [ 91.878, 26.5911 ], [ 91.8819, 26.5893 ], [ 91.8802, 26.5837 ], [ 91.873, 26.5773 ], [ 91.8747, 26.575 ], [ 91.871, 26.5754 ], [ 91.8743, 26.57 ], [ 91.869, 26.5716 ], [ 91.8683, 26.5614 ], [ 91.873, 26.5583 ], [ 91.8729, 26.5533 ], [ 91.8697, 26.5475 ], [ 91.8653, 26.5482 ], [ 91.8675, 26.5454 ], [ 91.8616, 26.541 ], [ 91.8628, 26.5381 ], [ 91.854, 26.5384 ], [ 91.8555, 26.5523 ], [ 91.85, 26.5579 ], [ 91.8503, 26.5659 ], [ 91.8467, 26.5669 ], [ 91.8498, 26.5731 ], [ 91.8378, 26.5746 ], [ 91.8373, 26.5862 ], [ 91.8292, 26.586 ], [ 91.8259, 26.5821 ], [ 91.8208, 26.5721 ], [ 91.8313, 26.5712 ], [ 91.8299, 26.5582 ], [ 91.8223, 26.5614 ], [ 91.8129, 26.5594 ], [ 91.8129, 26.5438 ], [ 91.8097, 26.544 ], [ 91.812, 26.5397 ], [ 91.8241, 26.5463 ], [ 91.8275, 26.545 ], [ 91.8332, 26.5153 ], [ 91.8181, 26.5119 ], [ 91.8171, 26.5055 ], [ 91.7997, 26.5059 ], [ 91.7997, 26.5129 ], [ 91.7885, 26.5104 ], [ 91.7778, 26.5127 ], [ 91.7853, 26.519 ], [ 91.7758, 26.5228 ], [ 91.7842, 26.5275 ], [ 91.7838, 26.5298 ], [ 91.7769, 26.5265 ], [ 91.7755, 26.5288 ], [ 91.7853, 26.5357 ], [ 91.7783, 26.5435 ], [ 91.7802, 26.5493 ], [ 91.7735, 26.5511 ], [ 91.7727, 26.559 ], [ 91.7641, 26.5658 ], [ 91.7665, 26.5734 ], [ 91.7496, 26.5796 ], [ 91.7499, 26.583 ], [ 91.76, 26.5855 ], [ 91.7626, 26.5937 ], [ 91.7567, 26.5934 ], [ 91.7527, 26.5873 ], [ 91.7446, 26.5902 ], [ 91.7444, 26.5962 ], [ 91.7516, 26.605 ], [ 91.7493, 26.6068 ], [ 91.741, 26.6015 ], [ 91.7371, 26.6056 ], [ 91.7442, 26.612 ], [ 91.7395, 26.6176 ], [ 91.7464, 26.6269 ], [ 91.7331, 26.6302 ], [ 91.7476, 26.6321 ], [ 91.7502, 26.6358 ], [ 91.739, 26.6381 ], [ 91.7488, 26.6466 ], [ 91.7469, 26.6496 ], [ 91.7397, 26.6482 ], [ 91.7402, 26.654 ], [ 91.7328, 26.6564 ], [ 91.7356, 26.6702 ], [ 91.7432, 26.6722 ], [ 91.7405, 26.6759 ], [ 91.7443, 26.6837 ], [ 91.776, 26.6799 ], [ 91.7845, 26.6818 ], [ 91.7943, 26.6786 ], [ 91.8011, 26.6582 ] ] ] } },
{ "type": "Feature", "properties": { "unit_id": "IND.4.6.1_1", "name": "Patharighat", "district": "Darrang", "did": "assam:Darrang", "state_key": "assam" }, "geometry": { "type": "Polygon", "coordinates": [ [ [ 91.8499, 26.5731 ], [ 91.8467, 26.5669 ], [ 91.8503, 26.5659 ], [ 91.85, 26.5579 ], [ 91.8555, 26.5523 ], [ 91.854, 26.5384 ], [ 91.8647, 26.5375 ], [ 91.8699, 26.5319 ], [ 91.8843, 26.5385 ], [ 91.8887, 26.5509 ], [ 91.8935, 26.5531 ], [ 91.8925, 26.5618 ], [ 91.8966, 26.5696 ], [ 91.9219, 26.5676 ], [ 91.9278, 26.5373 ], [ 91.9518, 26.5444 ], [ 91.965, 26.5399 ], [ 91.9664, 26.5427 ], [ 91.9605, 26.5456 ], [ 91.9588, 26.5518 ], [ 91.9725, 26.5562 ], [ 91.975, 26.5519 ], [ 91.9801, 26.5565 ], [ 91.9855, 26.5494 ], [ 91.9848, 26.5547 ], [ 91.9906, 26.5547 ], [ 91.996, 26.5386 ], [ 92.005, 26.5346 ], [ 92.0124, 26.5363 ], [ 92.0124, 26.5337 ], [ 92.0074, 26.53 ], [ 92.0069, 26.5183 ], [ 91.9775, 26.5208 ], [ 91.9706, 26.5132 ], [ 91.9616, 26.5174 ], [ 91.9429, 26.5169 ], [ 91.9444, 26.5092 ], [ 91.9379, 26.5023 ], [ 91.9456, 26.4986 ], [ 91.9439, 26.4872 ], [ 91.9466, 26.487 ], [ 91.9433, 26.4834 ], [ 91.946, 26.4795 ], [ 91.9415, 26.4809 ], [ 91.9425, 26.4772 ], [ 91.9335, 26.4681 ], [ 91.9343, 26.4602 ], [ 91.9146, 26.4575 ], [ 91.9154, 26.4403 ], [ 91.9235, 26.439 ], [ 91.9232, 26.4337 ], [ 91.9173, 26.4314 ], [ 91.904, 26.4153 ], [ 91.8811, 26.4209 ], [ 91.8664, 26.4079 ], [ 91.86, 26.4238 ], [ 91.8576, 26.4193 ], [ 91.8537, 26.4196 ], [ 91.854, 26.4135 ], [ 91.8441, 26.4156 ], [ 91.8388, 26.405 ], [ 91.8317, 26.4032 ], [ 91.8274, 26.3976 ], [ 91.8066, 26.3969 ], [ 91.7946, 26.4034 ], [ 91.7943, 26.4096 ], [ 91.7848, 26.408 ], [ 91.7806, 26.4118 ], [ 91.7829, 26.4177 ], [ 91.7773, 26.4197 ], [ 91.7787, 26.4274 ], [ 91.7747, 26.4253 ], [ 91.7709, 26.4329 ], [ 91.7721, 26.4472 ], [ 91.7647, 26.4588 ], [ 91.7655, 26.4676 ], [ 91.7773, 26.4701 ], [ 91.7791, 26.4796 ], [ 91.7878, 26.4754 ], [ 91.7998, 26.4771 ], [ 91.8018, 26.4896 ], [ 91.7812, 26.4956 ], [ 91.7873, 26.498 ], [ 91.7805, 26.5118 ], [ 91.7997, 26.5129 ], [ 91.7997, 26.5059 ], [ 91.8171, 26.5055 ], [ 91.8181, 26.5119 ], [ 91.8332, 26.5153 ], [ 91.8275, 26.545 ], [ 91.8241, 26.5463 ], [ 91.812, 26.5397 ], [ 91.8097, 26.544 ], [ 91.8129, 26.5438 ], [ 91.8129, 26.5594 ], [ 91.8223, 26.5614 ], [ 91.8299, 26.5582 ], [ 91.8313, 26.5712 ], [ 91.8208, 26.5721 ], [ 91.8259, 26.5821 ], [ 91.8292, 26.586 ], [ 91.8373, 26.5862 ], [ 91.8381, 26.5743 ], [ 91.8499, 26.5731 ] ] ] } },
{ "type": "Feature", "properties": { "unit_id": "IND.4.6.1_1", "name": "Sipajhar", "district": "Darrang", "did": "assam:Darrang", "state_key": "assam" }, "geometry": { "type": "Polygon", "coordinates": [ [ [ 91.9348, 26.4014 ], [ 91.939, 26.3957 ], [ 91.9399, 26.3765 ], [ 91.9484, 26.3659 ], [ 91.9366, 26.3575 ], [ 91.9312, 26.3635 ], [ 91.9269, 26.3586 ], [ 91.9199, 26.3623 ], [ 91.9171, 26.3363 ], [ 91.9088, 26.3241 ], [ 91.9165, 26.2966 ], [ 91.9416, 26.248 ], [ 91.9295, 26.2423 ], [ 91.924, 26.2479 ], [ 91.919, 26.2464 ], [ 91.9085, 26.231 ], [ 91.8799, 26.2167 ], [ 91.8726, 26.2171 ], [ 91.8697, 26.2211 ], [ 91.8399, 26.2153 ], [ 91.8208, 26.2076 ], [ 91.7919, 26.2059 ], [ 91.7709, 26.1985 ], [ 91.7476, 26.2094 ], [ 91.7442, 26.2145 ], [ 91.7472, 26.2221 ], [ 91.7642, 26.2326 ], [ 91.7639, 26.24 ], [ 91.7735, 26.2427 ], [ 91.7758, 26.2405 ], [ 91.7845, 26.2513 ], [ 91.7905, 26.2726 ], [ 91.7822, 26.2962 ], [ 91.7854, 26.3036 ], [ 91.7818, 26.3054 ], [ 91.7931, 26.3114 ], [ 91.7933, 26.3216 ], [ 91.7974, 26.3133 ], [ 91.8036, 26.3178 ], [ 91.8051, 26.3135 ], [ 91.814, 26.3111 ], [ 91.8168, 26.3169 ], [ 91.8089, 26.3193 ], [ 91.8085, 26.3225 ], [ 91.815, 26.3277 ], [ 91.8186, 26.3248 ], [ 91.8217, 26.3318 ], [ 91.8162, 26.35 ], [ 91.8216, 26.3544 ], [ 91.8215, 26.3722 ], [ 91.8182, 26.3793 ], [ 91.8029, 26.3837 ], [ 91.8043, 26.3893 ], [ 91.7966, 26.3924 ], [ 91.798, 26.4003 ], [ 91.7946, 26.4034 ], [ 91.8066, 26.3969 ], [ 91.8264, 26.3972 ], [ 91.8388, 26.405 ], [ 91.8441, 26.4156 ], [ 91.854, 26.4135 ], [ 91.8536, 26.4193 ], [ 91.8576, 26.4193 ], [ 91.8593, 26.4237 ], [ 91.8647, 26.4086 ], [ 91.868, 26.4079 ], [ 91.8794, 26.4206 ], [ 91.9033, 26.4149 ], [ 91.918, 26.4318 ], [ 91.9387, 26.4374 ], [ 91.9505, 26.4367 ], [ 91.9348, 26.4014 ] ] ] } },
{ "type": "Feature", "properties": { "unit_id": "IND.4.16.1_1", "name": "Kamalpur Circle", "district": "Kamrup Rural", "did": "assam:Kamrup Rural", "state_key": "assam" }, "geometry": { "type": "Polygon", "coordinates": [ [ [ 91.7946, 26.4094 ], [ 91.7966, 26.3924 ], [ 91.804, 26.3897 ], [ 91.8046, 26.3826 ], [ 91.8102, 26.3836 ], [ 91.8182, 26.3793 ], [ 91.8221, 26.3704 ], [ 91.8216, 26.3544 ], [ 91.8162, 26.35 ], [ 91.8217, 26.3318 ], [ 91.8186, 26.3248 ], [ 91.815, 26.3277 ], [ 91.8084, 26.3222 ], [ 91.8168, 26.3169 ], [ 91.814, 26.3111 ], [ 91.8051, 26.3135 ], [ 91.8036, 26.3178 ], [ 91.7974, 26.3133 ], [ 91.7928, 26.3214 ], [ 91.7931, 26.3114 ], [ 91.7818, 26.3054 ], [ 91.7854, 26.3036 ], [ 91.7829, 26.2991 ], [ 91.7739, 26.3032 ], [ 91.7522, 26.2898 ], [ 91.7422, 26.2888 ], [ 91.7417, 26.2798 ], [ 91.7282, 26.2637 ], [ 91.7332, 26.2595 ], [ 91.7272, 26.2582 ], [ 91.7215, 26.251 ], [ 91.7099, 26.2568 ], [ 91.7098, 26.2636 ], [ 91.7041, 26.2664 ], [ 91.704, 26.273 ], [ 91.6976, 26.2785 ], [ 91.691, 26.2783 ], [ 91.6794, 26.2684 ], [ 91.6636, 26.2805 ], [ 91.652, 26.272 ], [ 91.6497, 26.2597 ], [ 91.6422, 26.2543 ], [ 91.6242, 26.2624 ], [ 91.619, 26.2688 ], [ 91.614, 26.2683 ], [ 91.6183, 26.274 ], [ 91.6091, 26.2838 ], [ 91.6115, 26.2891 ], [ 91.6086, 26.2932 ], [ 91.6149, 26.3008 ], [ 91.6106, 26.3096 ], [ 91.5972, 26.3216 ], [ 91.5972, 26.3265 ], [ 91.6111, 26.3361 ], [ 91.6143, 26.3427 ], [ 91.6142, 26.349 ], [ 91.607, 26.3511 ], [ 91.6114, 26.3567 ], [ 91.6048, 26.362 ], [ 91.6242, 26.3647 ], [ 91.6252, 26.3698 ], [ 91.6277, 26.3663 ], [ 91.6315, 26.3671 ], [ 91.6343, 26.3803 ], [ 91.6468, 26.3852 ], [ 91.6423, 26.3943 ], [ 91.6492, 26.3973 ], [ 91.6521, 26.404 ], [ 91.6595, 26.4059 ], [ 91.6679, 26.3984 ], [ 91.6644, 26.3917 ], [ 91.6689, 26.3806 ], [ 91.6651, 26.3714 ], [ 91.6572, 26.3704 ], [ 91.658, 26.365 ], [ 91.6611, 26.3614 ], [ 91.6685, 26.3623 ], [ 91.684, 26.3566 ], [ 91.696, 26.3575 ], [ 91.701, 26.3644 ], [ 91.6969, 26.3852 ], [ 91.7127, 26.3857 ], [ 91.7159, 26.3823 ], [ 91.7232, 26.3822 ], [ 91.72, 26.4109 ], [ 91.737, 26.411 ], [ 91.7421, 26.4088 ], [ 91.7415, 26.405 ], [ 91.7488, 26.4045 ], [ 91.7497, 26.4004 ], [ 91.7551, 26.4004 ], [ 91.7685, 26.4159 ], [ 91.7821, 26.4152 ], [ 91.7801, 26.4131 ], [ 91.7848, 26.408 ], [ 91.7946, 26.4094 ] ] ] } },
{ "type": "Feature", "properties": { "unit_id": "IND.4.16.1_1", "name": "North Guwahati Circle", "district": "Kamrup Rural", "did": "assam:Kamrup Rural", "state_key": "assam" }, "geometry": { "type": "Polygon", "coordinates": [ [ [ 91.7861, 26.2922 ], [ 91.7904, 26.2681 ], [ 91.7864, 26.2648 ], [ 91.7814, 26.2442 ], [ 91.7756, 26.2404 ], [ 91.7735, 26.2427 ], [ 91.7645, 26.2404 ], [ 91.7642, 26.2326 ], [ 91.746, 26.2207 ], [ 91.7442, 26.2145 ], [ 91.7487, 26.209 ], [ 91.7465, 26.2086 ], [ 91.7442, 26.2092 ], [ 91.741, 26.2113 ], [ 91.7305, 26.2105 ], [ 91.7298, 26.2069 ], [ 91.7214, 26.2044 ], [ 91.7129, 26.1915 ], [ 91.6984, 26.1971 ], [ 91.6947, 26.2041 ], [ 91.686, 26.2055 ], [ 91.6718, 26.2019 ], [ 91.6764, 26.2126 ], [ 91.6823, 26.2159 ], [ 91.6734, 26.2216 ], [ 91.6709, 26.2173 ], [ 91.6667, 26.2187 ], [ 91.6702, 26.2269 ], [ 91.6618, 26.2365 ], [ 91.6632, 26.2406 ], [ 91.6467, 26.2455 ], [ 91.6413, 26.2533 ], [ 91.6497, 26.2597 ], [ 91.6529, 26.2729 ], [ 91.6649, 26.2807 ], [ 91.6803, 26.2685 ], [ 91.691, 26.2783 ], [ 91.6976, 26.2785 ], [ 91.704, 26.273 ], [ 91.7041, 26.2664 ], [ 91.7098, 26.2636 ], [ 91.7099, 26.2568 ], [ 91.7215, 26.251 ], [ 91.7272, 26.2582 ], [ 91.7332, 26.2595 ], [ 91.7282, 26.2637 ], [ 91.7417, 26.2798 ], [ 91.7419, 26.2886 ], [ 91.7605, 26.2936 ], [ 91.7739, 26.3032 ], [ 91.7829, 26.2991 ], [ 91.7861, 26.2922 ] ] ] } },
{ "type": "Feature", "properties": { "unit_id": "IND.4.15.1_1", "name": "Dispur Circle", "district": "Kamrup Metro", "did": "assam:Kamrup Metro", "state_key": "assam" }, "geometry": { "type": "Polygon", "coordinates": [ [ [ 91.84, 26.2061 ], [ 91.8527, 26.2004 ], [ 91.837, 26.1835 ], [ 91.8463, 26.1784 ], [ 91.8493, 26.1703 ], [ 91.8581, 26.1689 ], [ 91.8532, 26.1553 ], [ 91.8496, 26.1084 ], [ 91.8254, 26.1194 ], [ 91.809, 26.0978 ], [ 91.8056, 26.0991 ], [ 91.8029, 26.0953 ], [ 91.8006, 26.1001 ], [ 91.7966, 26.0939 ], [ 91.7936, 26.0976 ], [ 91.797, 26.098 ], [ 91.7998, 26.1101 ], [ 91.7891, 26.114 ], [ 91.7906, 26.1081 ], [ 91.7771, 26.1088 ], [ 91.7666, 26.1037 ], [ 91.7498, 26.102 ], [ 91.738, 26.0913 ], [ 91.7497, 26.11 ], [ 91.7381, 26.1114 ], [ 91.7321, 26.105 ], [ 91.7301, 26.1082 ], [ 91.7191, 26.1085 ], [ 91.7154, 26.0989 ], [ 91.7111, 26.0988 ], [ 91.7063, 26.1099 ], [ 91.7116, 26.1184 ], [ 91.7203, 26.1222 ], [ 91.7199, 26.1304 ], [ 91.7379, 26.1652 ], [ 91.7462, 26.1633 ], [ 91.7484, 26.1579 ], [ 91.7606, 26.1584 ], [ 91.766, 26.1609 ], [ 91.7748, 26.1812 ], [ 91.802, 26.1758 ], [ 91.8102, 26.1912 ], [ 91.8265, 26.1943 ], [ 91.8211, 26.2017 ], [ 91.8239, 26.2096 ], [ 91.8244, 26.2054 ], [ 91.84, 26.2061 ] ] ] } },
{ "type": "Feature", "properties": { "unit_id": "IND.4.15.1_1", "name": "Guwahati Circle", "district": "Kamrup Metro", "did": "assam:Kamrup Metro", "state_key": "assam" }, "geometry": { "type": "Polygon", "coordinates": [ [ [ 91.8268, 26.1948 ], [ 91.8102, 26.1912 ], [ 91.802, 26.1758 ], [ 91.7748, 26.1812 ], [ 91.766, 26.1609 ], [ 91.7606, 26.1584 ], [ 91.7484, 26.1579 ], [ 91.7462, 26.1633 ], [ 91.7379, 26.1652 ], [ 91.7199, 26.1304 ], [ 91.7203, 26.1222 ], [ 91.7116, 26.1184 ], [ 91.7064, 26.1101 ], [ 91.6993, 26.1109 ], [ 91.6837, 26.105 ], [ 91.6701, 26.1113 ], [ 91.6704, 26.119 ], [ 91.6531, 26.1242 ], [ 91.6445, 26.1321 ], [ 91.6376, 26.1291 ], [ 91.6305, 26.1313 ], [ 91.6324, 26.1247 ], [ 91.6263, 26.1213 ], [ 91.6267, 26.1311 ], [ 91.6321, 26.1344 ], [ 91.6395, 26.1328 ], [ 91.6354, 26.1417 ], [ 91.6476, 26.1587 ], [ 91.6574, 26.1825 ], [ 91.6836, 26.1797 ], [ 91.7165, 26.184 ], [ 91.7239, 26.1878 ], [ 91.7238, 26.1965 ], [ 91.7489, 26.209 ], [ 91.7697, 26.1985 ], [ 91.7919, 26.2059 ], [ 91.8211, 26.2077 ], [ 91.8268, 26.1948 ] ] ] } },
{ "type": "Feature", "properties": { "unit_id": "IND.4.16.1_1", "name": "Azara Circle (part)", "district": "Kamrup Metro", "did": "assam:Kamrup Metro", "state_key": "assam" }, "geometry": { "type": "Polygon", "coordinates": [ [ [ 91.6353, 26.1414 ], [ 91.6395, 26.1328 ], [ 91.6321, 26.1344 ], [ 91.6267, 26.1311 ], [ 91.6263, 26.1213 ], [ 91.6324, 26.1247 ], [ 91.6305, 26.1313 ], [ 91.6367, 26.129 ], [ 91.6448, 26.1321 ], [ 91.6531, 26.1242 ], [ 91.6704, 26.119 ], [ 91.6701, 26.1113 ], [ 91.6837, 26.105 ], [ 91.6993, 26.1109 ], [ 91.7064, 26.1101 ], [ 91.7136, 26.0977 ], [ 91.7191, 26.1085 ], [ 91.7301, 26.1082 ], [ 91.7321, 26.105 ], [ 91.7381, 26.1114 ], [ 91.7497, 26.11 ], [ 91.738, 26.0913 ], [ 91.7498, 26.102 ], [ 91.7666, 26.1037 ], [ 91.7771, 26.1088 ], [ 91.7906, 26.1081 ], [ 91.7891, 26.114 ], [ 91.7992, 26.1113 ], [ 91.7914, 26.0852 ], [ 91.7859, 26.084 ], [ 91.7773, 26.0893 ], [ 91.7627, 26.0724 ], [ 91.7311, 26.0589 ], [ 91.7369, 26.0562 ], [ 91.7337, 26.0492 ], [ 91.7253, 26.0462 ], [ 91.7231, 26.035 ], [ 91.6275, 26.07 ], [ 91.6293, 26.0747 ], [ 91.6147, 26.0712 ], [ 91.6107, 26.076 ], [ 91.6002, 26.0756 ], [ 91.5983, 26.0609 ], [ 91.5865, 26.0577 ], [ 91.5847, 26.0672 ], [ 91.5794, 26.0682 ], [ 91.5785, 26.0591 ], [ 91.568, 26.0601 ], [ 91.5715, 26.071 ], [ 91.5799, 26.075 ], [ 91.5794, 26.0836 ], [ 91.5872, 26.0903 ], [ 91.5734, 26.0958 ], [ 91.5731, 26.1027 ], [ 91.5641, 26.1043 ], [ 91.5608, 26.1332 ], [ 91.5647, 26.1493 ], [ 91.6488, 26.165 ], [ 91.6353, 26.1414 ] ] ] } },
{ "type": "Feature", "properties": { "unit_id": "IND.4.16.1_1", "name": "Azara Circle", "district": "Kamrup Rural", "did": "assam:Kamrup Rural", "state_key": "assam" }, "geometry": { "type": "Polygon", "coordinates": [ [ [ 91.7231, 26.035 ], [ 91.7249, 26.0183 ], [ 91.7196, 25.9922 ], [ 91.7198, 25.9658 ], [ 91.7225, 25.9657 ], [ 91.7151, 25.9463 ], [ 91.7024, 25.9413 ], [ 91.6881, 25.9202 ], [ 91.6788, 25.9163 ], [ 91.6706, 25.9042 ], [ 91.6634, 25.9078 ], [ 91.6515, 25.9063 ], [ 91.6365, 25.9213 ], [ 91.6095, 25.9374 ], [ 91.6119, 25.945 ], [ 91.6298, 25.9433 ], [ 91.6344, 25.9605 ], [ 91.6407, 25.9638 ], [ 91.6283, 25.9761 ], [ 91.6261, 25.9867 ], [ 91.6302, 25.9901 ], [ 91.6282, 26.0007 ], [ 91.6349, 26.0121 ], [ 91.6311, 26.022 ], [ 91.6195, 26.026 ], [ 91.6002, 26.0216 ], [ 91.5975, 26.0181 ], [ 91.5887, 26.0296 ], [ 91.5798, 26.0332 ], [ 91.5707, 26.0257 ], [ 91.5722, 26.0154 ], [ 91.5636, 26.0075 ], [ 91.5651, 26.002 ], [ 91.5606, 26.0009 ], [ 91.5517, 25.985 ], [ 91.5512, 25.9766 ], [ 91.5384, 25.9714 ], [ 91.5356, 25.9623 ], [ 91.5181, 25.9597 ], [ 91.5198, 25.9399 ], [ 91.5151, 25.9412 ], [ 91.5138, 25.9329 ], [ 91.508, 25.9323 ], [ 91.5029, 25.9265 ], [ 91.5047, 25.9114 ], [ 91.5366, 25.9358 ], [ 91.537, 25.9312 ], [ 91.5049, 25.9078 ], [ 91.4987, 25.896 ], [ 91.5039, 25.8912 ], [ 91.4919, 25.8959 ], [ 91.484, 25.893 ], [ 91.4784, 25.8875 ], [ 91.4748, 25.874 ], [ 91.475, 25.8702 ], [ 91.4816, 25.8678 ], [ 91.5131, 25.8657 ], [ 91.5213, 25.8751 ], [ 91.5213, 25.8835 ], [ 91.5266, 25.8911 ], [ 91.5352, 25.8839 ], [ 91.5304, 25.8816 ], [ 91.5304, 25.8713 ], [ 91.5228, 25.873 ], [ 91.5141, 25.8641 ], [ 91.4974, 25.8611 ], [ 91.4958, 25.8638 ], [ 91.4837, 25.8642 ], [ 91.4764, 25.8573 ], [ 91.4739, 25.8678 ], [ 91.4767, 25.9247 ], [ 91.4728, 25.9466 ], [ 91.4979, 25.9761 ], [ 91.4878, 25.9852 ], [ 91.4862, 26.0058 ], [ 91.4818, 26.011 ], [ 91.4912, 26.0579 ], [ 91.5052, 26.0554 ], [ 91.5069, 26.0436 ], [ 91.5158, 26.041 ], [ 91.5163, 26.0296 ], [ 91.5209, 26.0272 ], [ 91.534, 26.0356 ], [ 91.5553, 26.035 ], [ 91.567, 26.0501 ], [ 91.568, 26.0601 ], [ 91.5785, 26.0591 ], [ 91.5794, 26.0682 ], [ 91.5847, 26.0672 ], [ 91.5887, 26.0572 ], [ 91.5985, 26.0612 ], [ 91.6002, 26.0756 ], [ 91.6107, 26.076 ], [ 91.6147, 26.0712 ], [ 91.6293, 26.0747 ], [ 91.6269, 26.0706 ], [ 91.7231, 26.035 ] ] ] } },
{ "type": "Feature", "properties": { "unit_id": "IND.4.15.1_1", "name": "Sonapur Circle", "district": "Kamrup Metro", "did": "assam:Kamrup Metro", "state_key": "assam" }, "geometry": { "type": "Polygon", "coordinates": [ [ [ 92.0205, 26.2023 ], [ 92.0315, 26.2095 ], [ 92.0413, 26.1999 ], [ 92.0473, 26.2155 ], [ 92.0609, 26.1959 ], [ 92.0763, 26.1957 ], [ 92.0818, 26.1852 ], [ 92.0934, 26.1891 ], [ 92.0933, 26.1854 ], [ 92.08, 26.1773 ], [ 92.1066, 26.1721 ], [ 92.1297, 26.1806 ], [ 92.1323, 26.1722 ], [ 92.1497, 26.1615 ], [ 92.1547, 26.1709 ], [ 92.1622, 26.1632 ], [ 92.167, 26.164 ], [ 92.1621, 26.145 ], [ 92.1635, 26.1218 ], [ 92.1711, 26.1013 ], [ 92.1682, 26.0921 ], [ 92.1761, 26.078 ], [ 92.1691, 26.0776 ], [ 92.1527, 26.0671 ], [ 92.1434, 26.056 ], [ 92.1342, 26.0524 ], [ 92.1326, 26.0442 ], [ 92.1214, 26.0439 ], [ 92.1088, 26.0507 ], [ 92.0973, 26.0492 ], [ 92.0668, 26.0351 ], [ 92.0514, 26.0328 ], [ 92.0306, 26.0396 ], [ 92.0062, 26.0386 ], [ 92.0041, 26.0356 ], [ 91.9891, 26.0385 ], [ 91.9836, 26.0258 ], [ 91.979, 26.0275 ], [ 91.9732, 26.0221 ], [ 91.9472, 26.0132 ], [ 91.934, 26.0103 ], [ 91.9313, 26.0124 ], [ 91.9253, 25.9996 ], [ 91.9153, 25.9984 ], [ 91.9142, 26.0072 ], [ 91.9098, 26.0088 ], [ 91.9133, 26.0094 ], [ 91.9098, 26.0127 ], [ 91.9148, 26.014 ], [ 91.9147, 26.0205 ], [ 91.8887, 26.0279 ], [ 91.883, 26.0261 ], [ 91.8731, 26.0388 ], [ 91.8748, 26.043 ], [ 91.8673, 26.042 ], [ 91.8797, 26.0967 ], [ 91.8496, 26.1084 ], [ 91.8535, 26.1563 ], [ 91.8626, 26.1572 ], [ 91.8642, 26.1612 ], [ 91.8704, 26.1628 ], [ 91.8693, 26.1579 ], [ 91.8734, 26.1568 ], [ 91.8884, 26.1604 ], [ 91.9048, 26.1589 ], [ 91.9249, 26.1648 ], [ 91.9387, 26.1626 ], [ 91.9424, 26.1559 ], [ 91.9504, 26.1599 ], [ 91.9532, 26.1668 ], [ 91.938, 26.1912 ], [ 91.9448, 26.1903 ], [ 91.9601, 26.1786 ], [ 91.976, 26.1828 ], [ 91.9898, 26.1982 ], [ 91.9605, 26.2127 ], [ 91.9598, 26.2299 ], [ 91.9681, 26.2281 ], [ 91.9983, 26.2054 ], [ 92.0205, 26.2023 ] ] ] } },
{ "type": "Feature", "properties": { "unit_id": "IND.4.17.2_1", "name": "Baithalangso", "district": "West Karbi Anaglong", "did": "assam:West Karbi Anaglong", "state_key": "assam" }, "geometry": { "type": "Polygon", "coordinates": [ [ [ 92.5176, 26.116 ], [ 92.5197, 26.1024 ], [ 92.5266, 26.0985 ], [ 92.5307, 26.1014 ], [ 92.5332, 26.0961 ], [ 92.5364, 26.0965 ], [ 92.5477, 26.1107 ], [ 92.5705, 26.1167 ], [ 92.577, 26.1078 ], [ 92.5746, 26.0948 ], [ 92.5957, 26.0808 ], [ 92.596, 26.0709 ], [ 92.5842, 26.0529 ], [ 92.5795, 26.0333 ], [ 92.5815, 26.0293 ], [ 92.5907, 26.0276 ], [ 92.5938, 26.0215 ], [ 92.5662, 26.0107 ], [ 92.5671, 26.0019 ], [ 92.546, 25.9716 ], [ 92.5512, 25.966 ], [ 92.5656, 25.9617 ], [ 92.5755, 25.9664 ], [ 92.5887, 25.964 ], [ 92.5959, 25.9781 ], [ 92.6113, 25.9776 ], [ 92.6155, 25.9841 ], [ 92.6329, 25.9896 ], [ 92.6362, 25.999 ], [ 92.6555, 26.0002 ], [ 92.6544, 26.0196 ], [ 92.6655, 26.0238 ], [ 92.6669, 26.0284 ], [ 92.6728, 26.0249 ], [ 92.6782, 26.0271 ], [ 92.6789, 26.0242 ], [ 92.6837, 26.0277 ], [ 92.6901, 26.0213 ], [ 92.7038, 26.0219 ], [ 92.7133, 26.0181 ], [ 92.7148, 26.0229 ], [ 92.7114, 26.026 ], [ 92.7165, 26.0298 ], [ 92.7168, 26.0362 ], [ 92.7101, 26.037 ], [ 92.7089, 26.0452 ], [ 92.714, 26.0535 ], [ 92.7174, 26.0583 ], [ 92.7431, 26.0615 ], [ 92.7549, 26.0539 ], [ 92.7461, 26.0388 ], [ 92.7556, 26.0379 ], [ 92.7652, 26.0288 ], [ 92.7579, 26.0211 ], [ 92.759, 26.0143 ], [ 92.7726, 26.0176 ], [ 92.7826, 26.0099 ], [ 92.7797, 26.0054 ], [ 92.7626, 26.007 ], [ 92.7571, 26.0027 ], [ 92.7613, 25.9986 ], [ 92.7753, 26.0004 ], [ 92.7791, 25.9961 ], [ 92.765, 25.9953 ], [ 92.7593, 25.9913 ], [ 92.7605, 25.9873 ], [ 92.7658, 25.9917 ], [ 92.7705, 25.9892 ], [ 92.7622, 25.9843 ], [ 92.7696, 25.9758 ], [ 92.762, 25.9667 ], [ 92.7627, 25.9605 ], [ 92.7756, 25.9484 ], [ 92.7942, 25.9646 ], [ 92.807, 25.9567 ], [ 92.8057, 25.9533 ], [ 92.7946, 25.9575 ], [ 92.7955, 25.9442 ], [ 92.7901, 25.9382 ], [ 92.7975, 25.9298 ], [ 92.8006, 25.9185 ], [ 92.8178, 25.9239 ], [ 92.8343, 25.9136 ], [ 92.8542, 25.9249 ], [ 92.8566, 25.9199 ], [ 92.8484, 25.9109 ], [ 92.8476, 25.9041 ], [ 92.8577, 25.8846 ], [ 92.8657, 25.878 ], [ 92.8681, 25.8684 ], [ 92.8849, 25.8691 ], [ 92.8892, 25.8651 ], [ 92.9823, 25.8755 ], [ 92.9969, 25.8515 ], [ 93.0132, 25.8397 ], [ 93.0289, 25.8122 ], [ 93.051, 25.7906 ], [ 93.0754, 25.7828 ], [ 93.0736, 25.779 ], [ 93.058, 25.7723 ], [ 93.0585, 25.781 ], [ 93.0521, 25.7787 ], [ 93.0529, 25.7846 ], [ 93.0351, 25.7954 ], [ 93.0251, 25.7942 ], [ 93.0186, 25.8013 ], [ 93.0116, 25.7896 ], [ 93.0032, 25.7865 ], [ 92.9982, 25.808 ], [ 93.006, 25.8267 ], [ 92.99, 25.8225 ], [ 92.981, 25.8087 ], [ 92.9877, 25.8004 ], [ 92.9836, 25.7802 ], [ 92.9797, 25.7812 ], [ 92.9806, 25.7905 ], [ 92.9674, 25.7818 ], [ 92.97, 25.7911 ], [ 92.9568, 25.8029 ], [ 92.9673, 25.8153 ], [ 92.9659, 25.8179 ], [ 92.9443, 25.8032 ], [ 92.9286, 25.8069 ], [ 92.9327, 25.7997 ], [ 92.9228, 25.7723 ], [ 92.8836, 25.7565 ], [ 92.8431, 25.7511 ], [ 92.8294, 25.7424 ], [ 92.8206, 25.7411 ], [ 92.8217, 25.7191 ], [ 92.8138, 25.7023 ], [ 92.8016, 25.6982 ], [ 92.7987, 25.6898 ], [ 92.7764, 25.678 ], [ 92.7743, 25.6725 ], [ 92.7891, 25.6613 ], [ 92.7888, 25.6574 ], [ 92.7828, 25.6462 ], [ 92.7586, 25.6292 ], [ 92.7585, 25.6256 ], [ 92.7687, 25.6181 ], [ 92.7641, 25.6144 ], [ 92.7544, 25.6151 ], [ 92.7479, 25.5986 ], [ 92.72, 25.5886 ], [ 92.7153, 25.5903 ], [ 92.713, 25.5988 ], [ 92.6967, 25.5994 ], [ 92.6799, 25.585 ], [ 92.6827, 25.5767 ], [ 92.665, 25.5726 ], [ 92.6587, 25.5735 ], [ 92.6534, 25.5906 ], [ 92.649, 25.5921 ], [ 92.6354, 25.5827 ], [ 92.6302, 25.5717 ], [ 92.622, 25.5652 ], [ 92.6025, 25.5622 ], [ 92.5973, 25.5531 ], [ 92.5845, 25.5504 ], [ 92.5824, 25.5576 ], [ 92.5725, 25.5574 ], [ 92.5567, 25.571 ], [ 92.5566, 25.5965 ], [ 92.5522, 25.6025 ], [ 92.5555, 25.6018 ], [ 92.5542, 25.6148 ], [ 92.5392, 25.6116 ], [ 92.5334, 25.6149 ], [ 92.5164, 25.6151 ], [ 92.5151, 25.6183 ], [ 92.5056, 25.6163 ], [ 92.5061, 25.6214 ], [ 92.4972, 25.6244 ], [ 92.4703, 25.6752 ], [ 92.4406, 25.6916 ], [ 92.4379, 25.7058 ], [ 92.4477, 25.709 ], [ 92.4443, 25.7197 ], [ 92.4329, 25.727 ], [ 92.4312, 25.7322 ], [ 92.4116, 25.73 ], [ 92.4091, 25.7338 ], [ 92.4143, 25.7415 ], [ 92.4072, 25.7419 ], [ 92.4066, 25.7446 ], [ 92.3977, 25.7405 ], [ 92.3878, 25.7442 ], [ 92.3818, 25.742 ], [ 92.3843, 25.7545 ], [ 92.3787, 25.7484 ], [ 92.3738, 25.7504 ], [ 92.3689, 25.7473 ], [ 92.3643, 25.7374 ], [ 92.3532, 25.7398 ], [ 92.3458, 25.7292 ], [ 92.3335, 25.7241 ], [ 92.3169, 25.7224 ], [ 92.3113, 25.7279 ], [ 92.293, 25.7165 ], [ 92.2772, 25.7155 ], [ 92.2644, 25.7091 ], [ 92.2473, 25.7131 ], [ 92.2345, 25.7076 ], [ 92.2317, 25.7159 ], [ 92.2245, 25.7159 ], [ 92.2081, 25.6956 ], [ 92.1734, 25.6741 ], [ 92.1681, 25.6664 ], [ 92.1561, 25.6722 ], [ 92.1605, 25.6841 ], [ 92.1548, 25.7062 ], [ 92.1477, 25.7095 ], [ 92.1442, 25.7168 ], [ 92.1482, 25.7253 ], [ 92.1544, 25.725 ], [ 92.1627, 25.7409 ], [ 92.1478, 25.773 ], [ 92.1527, 25.778 ], [ 92.1464, 25.7841 ], [ 92.1511, 25.8166 ], [ 92.157, 25.8216 ], [ 92.1613, 25.8206 ], [ 92.162, 25.8355 ], [ 92.1698, 25.8389 ], [ 92.1726, 25.8499 ], [ 92.1775, 25.8515 ], [ 92.1801, 25.8582 ], [ 92.1772, 25.8727 ], [ 92.1875, 25.8772 ], [ 92.199, 25.889 ], [ 92.215, 25.8953 ], [ 92.2256, 25.9092 ], [ 92.2173, 25.9115 ], [ 92.2023, 25.9063 ], [ 92.194, 25.9117 ], [ 92.1945, 25.9185 ], [ 92.1895, 25.9146 ], [ 92.1861, 25.9166 ], [ 92.1755, 25.9074 ], [ 92.1545, 25.9112 ], [ 92.1609, 25.9282 ], [ 92.1602, 25.9353 ], [ 92.1525, 25.9396 ], [ 92.1524, 25.9443 ], [ 92.1641, 25.9578 ], [ 92.1615, 25.9602 ], [ 92.1647, 25.9709 ], [ 92.1755, 25.9746 ], [ 92.1814, 25.9853 ], [ 92.1985, 25.9882 ], [ 92.1975, 25.9946 ], [ 92.2039, 26.0012 ], [ 92.2092, 25.9979 ], [ 92.2119, 26.0046 ], [ 92.2339, 26.0091 ], [ 92.2445, 26.0182 ], [ 92.2437, 26.0215 ], [ 92.2635, 26.0331 ], [ 92.2611, 26.0416 ], [ 92.269, 26.0428 ], [ 92.27, 26.0475 ], [ 92.2636, 26.0543 ], [ 92.2646, 26.0584 ], [ 92.2828, 26.0698 ], [ 92.2938, 26.0822 ], [ 92.3003, 26.0776 ], [ 92.3035, 26.0863 ], [ 92.3123, 26.0822 ], [ 92.3234, 26.0863 ], [ 92.3299, 26.0768 ], [ 92.348, 26.0853 ], [ 92.3545, 26.0848 ], [ 92.3596, 26.0916 ], [ 92.3629, 26.0776 ], [ 92.3795, 26.0913 ], [ 92.3954, 26.1136 ], [ 92.4113, 26.1118 ], [ 92.4131, 26.1156 ], [ 92.4251, 26.1071 ], [ 92.4274, 26.0988 ], [ 92.4414, 26.0956 ], [ 92.4494, 26.1001 ], [ 92.4539, 26.1156 ], [ 92.4682, 26.118 ], [ 92.4789, 26.129 ], [ 92.4866, 26.1494 ], [ 92.5013, 26.1489 ], [ 92.5079, 26.1412 ], [ 92.5199, 26.1514 ], [ 92.5193, 26.1548 ], [ 92.5289, 26.1509 ], [ 92.5176, 26.116 ] ] ] } },
{ "type": "Feature", "properties": { "unit_id": "IND.4.22.1_1", "name": "Hojai Circle", "district": "Hojai", "did": "assam:Hojai", "state_key": "assam" }, "geometry": { "type": "Polygon", "coordinates": [ [ [ 92.8706, 26.0927 ], [ 92.8803, 26.0798 ], [ 92.8854, 26.0795 ], [ 92.8861, 26.0698 ], [ 92.8958, 26.0703 ], [ 92.8982, 26.0646 ], [ 92.9094, 26.0575 ], [ 92.9231, 26.0157 ], [ 92.9237, 26.0006 ], [ 92.9144, 25.9993 ], [ 92.9177, 25.9892 ], [ 92.9117, 25.984 ], [ 92.9131, 25.9738 ], [ 92.8987, 25.9488 ], [ 92.9056, 25.9448 ], [ 92.8997, 25.9373 ], [ 92.9002, 25.932 ], [ 92.8557, 25.9319 ], [ 92.8572, 25.9241 ], [ 92.8709, 25.9102 ], [ 92.8677, 25.9093 ], [ 92.848, 25.9102 ], [ 92.8566, 25.9199 ], [ 92.8533, 25.9253 ], [ 92.8343, 25.9136 ], [ 92.815, 25.9243 ], [ 92.8018, 25.9177 ], [ 92.7901, 25.9382 ], [ 92.7955, 25.9442 ], [ 92.7946, 25.9575 ], [ 92.8057, 25.9533 ], [ 92.807, 25.9567 ], [ 92.7942, 25.9646 ], [ 92.7756, 25.9484 ], [ 92.7627, 25.9605 ], [ 92.762, 25.9667 ], [ 92.7696, 25.9758 ], [ 92.7622, 25.9843 ], [ 92.7705, 25.9892 ], [ 92.7658, 25.9917 ], [ 92.7605, 25.9873 ], [ 92.7593, 25.9913 ], [ 92.765, 25.9953 ], [ 92.7791, 25.9961 ], [ 92.7753, 26.0004 ], [ 92.7613, 25.9986 ], [ 92.7571, 26.0027 ], [ 92.7626, 26.007 ], [ 92.7797, 26.0054 ], [ 92.7826, 26.0099 ], [ 92.7726, 26.0176 ], [ 92.7587, 26.0146 ], [ 92.7579, 26.0211 ], [ 92.765, 26.0292 ], [ 92.7556, 26.0379 ], [ 92.7457, 26.04 ], [ 92.7542, 26.0499 ], [ 92.7578, 26.0637 ], [ 92.7506, 26.0757 ], [ 92.733, 26.0706 ], [ 92.7326, 26.0763 ], [ 92.7392, 26.0858 ], [ 92.73, 26.0899 ], [ 92.7406, 26.0942 ], [ 92.7443, 26.0924 ], [ 92.7486, 26.0964 ], [ 92.7589, 26.0957 ], [ 92.7606, 26.103 ], [ 92.7697, 26.0927 ], [ 92.8056, 26.0782 ], [ 92.8092, 26.0809 ], [ 92.8178, 26.0769 ], [ 92.8261, 26.081 ], [ 92.8269, 26.0944 ], [ 92.8556, 26.1009 ], [ 92.8598, 26.0954 ], [ 92.864, 26.0955 ], [ 92.8626, 26.1004 ], [ 92.869, 26.1107 ], [ 92.8765, 26.1052 ], [ 92.8776, 26.0944 ], [ 92.8706, 26.0927 ] ] ] } },
{ "type": "Feature", "properties": { "unit_id": "IND.4.22.1_1", "name": "Kampur Circle", "district": "Nagaon", "did": "assam:Nagaon", "state_key": "assam" }, "geometry": { "type": "Polygon", "coordinates": [ [ [ 92.73, 26.2231 ], [ 92.7682, 26.2018 ], [ 92.7759, 26.2016 ], [ 92.7808, 26.1919 ], [ 92.7784, 26.187 ], [ 92.7644, 26.1865 ], [ 92.7542, 26.1787 ], [ 92.7602, 26.1716 ], [ 92.7617, 26.1572 ], [ 92.7518, 26.1423 ], [ 92.7273, 26.1467 ], [ 92.7225, 26.1509 ], [ 92.7059, 26.1423 ], [ 92.7028, 26.132 ], [ 92.7038, 26.1252 ], [ 92.7321, 26.1154 ], [ 92.7314, 26.1078 ], [ 92.723, 26.1009 ], [ 92.7376, 26.1041 ], [ 92.7416, 26.0985 ], [ 92.7406, 26.0942 ], [ 92.73, 26.0899 ], [ 92.7392, 26.0858 ], [ 92.732, 26.0721 ], [ 92.7352, 26.0699 ], [ 92.7509, 26.0755 ], [ 92.7575, 26.0592 ], [ 92.7536, 26.0565 ], [ 92.7431, 26.0615 ], [ 92.7174, 26.0583 ], [ 92.7089, 26.0452 ], [ 92.7101, 26.037 ], [ 92.7168, 26.0362 ], [ 92.7165, 26.0298 ], [ 92.7114, 26.026 ], [ 92.7148, 26.0229 ], [ 92.7133, 26.0181 ], [ 92.7038, 26.0219 ], [ 92.6901, 26.0213 ], [ 92.6837, 26.0277 ], [ 92.6789, 26.0242 ], [ 92.6782, 26.0271 ], [ 92.6728, 26.0249 ], [ 92.6669, 26.0284 ], [ 92.6655, 26.0238 ], [ 92.6544, 26.0196 ], [ 92.6555, 26.0002 ], [ 92.6362, 25.999 ], [ 92.6329, 25.9896 ], [ 92.6155, 25.9841 ], [ 92.6113, 25.9776 ], [ 92.5959, 25.9781 ], [ 92.5887, 25.964 ], [ 92.5755, 25.9664 ], [ 92.5656, 25.9617 ], [ 92.5512, 25.966 ], [ 92.546, 25.9716 ], [ 92.5671, 26.0019 ], [ 92.5662, 26.0107 ], [ 92.5944, 26.0236 ], [ 92.5795, 26.0333 ], [ 92.5842, 26.0529 ], [ 92.596, 26.0709 ], [ 92.5957, 26.0808 ], [ 92.5746, 26.0948 ], [ 92.5772, 26.1066 ], [ 92.5725, 26.1158 ], [ 92.5638, 26.1159 ], [ 92.5744, 26.1538 ], [ 92.5778, 26.1565 ], [ 92.584, 26.1543 ], [ 92.587, 26.1579 ], [ 92.5972, 26.1539 ], [ 92.6006, 26.1644 ], [ 92.5762, 26.1781 ], [ 92.5957, 26.1985 ], [ 92.6054, 26.2003 ], [ 92.6068, 26.2155 ], [ 92.6111, 26.2152 ], [ 92.6125, 26.2204 ], [ 92.6302, 26.2127 ], [ 92.6359, 26.2142 ], [ 92.6365, 26.2178 ], [ 92.6468, 26.2113 ], [ 92.6555, 26.2122 ], [ 92.659, 26.2083 ], [ 92.6684, 26.2093 ], [ 92.6722, 26.206 ], [ 92.6994, 26.2184 ], [ 92.7077, 26.2258 ], [ 92.7226, 26.2208 ], [ 92.73, 26.2231 ] ] ] } },
{ "type": "Feature", "properties": { "unit_id": "IND.4.21.1_1", "name": "Mikirbheta Circle", "district": "Marigaon", "did": "assam:Marigaon", "state_key": "assam" }, "geometry": { "type": "Polygon", "coordinates": [ [ [ 92.5532, 26.3752 ], [ 92.5668, 26.3722 ], [ 92.5636, 26.3602 ], [ 92.5681, 26.3374 ], [ 92.5616, 26.3329 ], [ 92.5601, 26.3212 ], [ 92.5526, 26.3084 ], [ 92.5101, 26.2758 ], [ 92.4991, 26.2722 ], [ 92.4852, 26.2747 ], [ 92.4438, 26.2722 ], [ 92.4257, 26.2666 ], [ 92.4218, 26.2707 ], [ 92.409, 26.2686 ], [ 92.3904, 26.2964 ], [ 92.3766, 26.3016 ], [ 92.3779, 26.3119 ], [ 92.3678, 26.3258 ], [ 92.3676, 26.3339 ], [ 92.3726, 26.3364 ], [ 92.3698, 26.3405 ], [ 92.3745, 26.343 ], [ 92.3756, 26.3385 ], [ 92.3805, 26.343 ], [ 92.3837, 26.3408 ], [ 92.3876, 26.3469 ], [ 92.3823, 26.346 ], [ 92.3787, 26.3525 ], [ 92.3904, 26.3546 ], [ 92.393, 26.3498 ], [ 92.3988, 26.3681 ], [ 92.4041, 26.3625 ], [ 92.4165, 26.3653 ], [ 92.4186, 26.361 ], [ 92.4246, 26.3623 ], [ 92.4222, 26.3683 ], [ 92.4279, 26.3733 ], [ 92.4277, 26.3648 ], [ 92.4293, 26.3689 ], [ 92.4388, 26.3671 ], [ 92.442, 26.3703 ], [ 92.4455, 26.3676 ], [ 92.4682, 26.3744 ], [ 92.4845, 26.3682 ], [ 92.4859, 26.3634 ], [ 92.5027, 26.3821 ], [ 92.5066, 26.3718 ], [ 92.509, 26.3773 ], [ 92.5265, 26.3772 ], [ 92.528, 26.3735 ], [ 92.5515, 26.3822 ], [ 92.5532, 26.3752 ] ] ] } },
{ "type": "Feature", "properties": { "unit_id": "IND.4.22.1_1", "name": "Raha Circle", "district": "Nagaon", "did": "assam:Nagaon", "state_key": "assam" }, "geometry": { "type": "Polygon", "coordinates": [ [ [ 92.6401, 26.2605 ], [ 92.644, 26.2391 ], [ 92.6367, 26.2367 ], [ 92.6383, 26.2191 ], [ 92.644, 26.2126 ], [ 92.6369, 26.2177 ], [ 92.6302, 26.2127 ], [ 92.6129, 26.2204 ], [ 92.6111, 26.2152 ], [ 92.6072, 26.2159 ], [ 92.6054, 26.2003 ], [ 92.5957, 26.1985 ], [ 92.576, 26.1775 ], [ 92.6006, 26.1644 ], [ 92.5981, 26.155 ], [ 92.587, 26.1579 ], [ 92.584, 26.1543 ], [ 92.5778, 26.1565 ], [ 92.5745, 26.154 ], [ 92.5638, 26.1159 ], [ 92.5456, 26.1095 ], [ 92.5367, 26.0966 ], [ 92.5332, 26.0961 ], [ 92.5307, 26.1014 ], [ 92.5266, 26.0985 ], [ 92.519, 26.1034 ], [ 92.5176, 26.116 ], [ 92.5289, 26.1509 ], [ 92.5227, 26.1516 ], [ 92.5218, 26.1554 ], [ 92.5088, 26.1413 ], [ 92.5013, 26.1489 ], [ 92.4866, 26.1494 ], [ 92.4789, 26.129 ], [ 92.4682, 26.118 ], [ 92.4539, 26.1156 ], [ 92.4494, 26.1001 ], [ 92.4414, 26.0956 ], [ 92.4274, 26.0988 ], [ 92.4251, 26.1071 ], [ 92.4144, 26.1156 ], [ 92.4113, 26.1118 ], [ 92.3954, 26.1136 ], [ 92.4083, 26.1257 ], [ 92.3996, 26.1319 ], [ 92.3989, 26.1375 ], [ 92.4169, 26.1524 ], [ 92.4222, 26.1749 ], [ 92.4309, 26.1908 ], [ 92.4254, 26.232 ], [ 92.4174, 26.2406 ], [ 92.4078, 26.2442 ], [ 92.4192, 26.2702 ], [ 92.4257, 26.2666 ], [ 92.4523, 26.2731 ], [ 92.5015, 26.2724 ], [ 92.5294, 26.2878 ], [ 92.5357, 26.2803 ], [ 92.5566, 26.2896 ], [ 92.566, 26.2844 ], [ 92.5787, 26.2983 ], [ 92.5865, 26.3 ], [ 92.5881, 26.2967 ], [ 92.5975, 26.2962 ], [ 92.5963, 26.2922 ], [ 92.6007, 26.2909 ], [ 92.5999, 26.2841 ], [ 92.6062, 26.2752 ], [ 92.6208, 26.2767 ], [ 92.6277, 26.2789 ], [ 92.6281, 26.2883 ], [ 92.6353, 26.2917 ], [ 92.6379, 26.2979 ], [ 92.6489, 26.3029 ], [ 92.6532, 26.2966 ], [ 92.6474, 26.2947 ], [ 92.6458, 26.2875 ], [ 92.6547, 26.275 ], [ 92.6401, 26.2605 ] ] ] } },
{ "type": "Feature", "properties": { "unit_id": "IND.4.22.1_1", "name": "Nagaon Circle", "district": "Nagaon", "did": "assam:Nagaon", "state_key": "assam" }, "geometry": { "type": "Polygon", "coordinates": [ [ [ 92.7006, 26.3944 ], [ 92.7066, 26.3823 ], [ 92.7165, 26.3769 ], [ 92.725, 26.3814 ], [ 92.7426, 26.3809 ], [ 92.7585, 26.362 ], [ 92.764, 26.3646 ], [ 92.774, 26.3547 ], [ 92.7711, 26.3417 ], [ 92.7639, 26.3421 ], [ 92.7602, 26.338 ], [ 92.7658, 26.3334 ], [ 92.7792, 26.3336 ], [ 92.7913, 26.3131 ], [ 92.7754, 26.2962 ], [ 92.7826, 26.2824 ], [ 92.7817, 26.2755 ], [ 92.7948, 26.2512 ], [ 92.803, 26.2443 ], [ 92.8019, 26.2358 ], [ 92.7956, 26.2344 ], [ 92.7938, 26.2275 ], [ 92.8004, 26.2256 ], [ 92.7935, 26.2192 ], [ 92.794, 26.2051 ], [ 92.802, 26.2018 ], [ 92.7961, 26.1994 ], [ 92.7858, 26.1967 ], [ 92.7682, 26.2018 ], [ 92.73, 26.2231 ], [ 92.7122, 26.222 ], [ 92.7083, 26.2259 ], [ 92.6722, 26.206 ], [ 92.6684, 26.2093 ], [ 92.6593, 26.2083 ], [ 92.6555, 26.2122 ], [ 92.6442, 26.2126 ], [ 92.6383, 26.2191 ], [ 92.6367, 26.2367 ], [ 92.644, 26.2391 ], [ 92.6412, 26.2644 ], [ 92.6545, 26.2737 ], [ 92.6458, 26.2875 ], [ 92.6474, 26.2947 ], [ 92.6532, 26.2966 ], [ 92.6497, 26.3029 ], [ 92.6379, 26.2979 ], [ 92.6353, 26.2917 ], [ 92.6281, 26.2883 ], [ 92.6277, 26.2789 ], [ 92.6208, 26.2767 ], [ 92.6062, 26.2752 ], [ 92.5999, 26.2841 ], [ 92.6007, 26.2909 ], [ 92.5963, 26.2922 ], [ 92.5975, 26.2962 ], [ 92.5881, 26.2967 ], [ 92.5865, 26.3 ], [ 92.5787, 26.2983 ], [ 92.566, 26.2844 ], [ 92.5566, 26.2896 ], [ 92.5357, 26.2803 ], [ 92.5297, 26.2858 ], [ 92.5567, 26.3132 ], [ 92.5616, 26.3329 ], [ 92.5681, 26.3374 ], [ 92.5636, 26.3602 ], [ 92.5668, 26.3722 ], [ 92.5602, 26.3737 ], [ 92.5635, 26.3824 ], [ 92.5729, 26.3841 ], [ 92.5792, 26.4013 ], [ 92.6013, 26.4083 ], [ 92.6108, 26.3914 ], [ 92.6178, 26.3862 ], [ 92.6447, 26.3913 ], [ 92.642, 26.401 ], [ 92.6456, 26.4065 ], [ 92.6686, 26.4028 ], [ 92.6686, 26.3964 ], [ 92.6784, 26.3997 ], [ 92.6813, 26.4046 ], [ 92.6899, 26.4045 ], [ 92.6912, 26.3932 ], [ 92.7006, 26.3944 ] ] ] } },
{ "type": "Feature", "properties": { "unit_id": "IND.4.22.1_1", "name": "Samaguri Circle", "district": "Nagaon", "did": "assam:Nagaon", "state_key": "assam" }, "geometry": { "type": "Polygon", "coordinates": [ [ [ 92.8982, 26.4794 ], [ 92.9162, 26.4712 ], [ 92.947, 26.4846 ], [ 92.9247, 26.4542 ], [ 92.9341, 26.4582 ], [ 92.943, 26.4571 ], [ 92.9464, 26.462 ], [ 92.9576, 26.4484 ], [ 92.9648, 26.4459 ], [ 92.9469, 26.4366 ], [ 92.913, 26.4306 ], [ 92.9123, 26.415 ], [ 92.9318, 26.4215 ], [ 92.9374, 26.4168 ], [ 92.9437, 26.4171 ], [ 92.9609, 26.4248 ], [ 92.9625, 26.4167 ], [ 92.9467, 26.4081 ], [ 92.9416, 26.4008 ], [ 92.9381, 26.4039 ], [ 92.9261, 26.3965 ], [ 92.9203, 26.3967 ], [ 92.9209, 26.3917 ], [ 92.9126, 26.3928 ], [ 92.9107, 26.3992 ], [ 92.9058, 26.3962 ], [ 92.9068, 26.3999 ], [ 92.9019, 26.4014 ], [ 92.8932, 26.3865 ], [ 92.8918, 26.3899 ], [ 92.877, 26.3859 ], [ 92.87, 26.3664 ], [ 92.8759, 26.3591 ], [ 92.8891, 26.3615 ], [ 92.9006, 26.3497 ], [ 92.9203, 26.3557 ], [ 92.932, 26.3508 ], [ 92.9396, 26.3531 ], [ 92.9454, 26.3319 ], [ 92.9214, 26.3132 ], [ 92.9136, 26.3175 ], [ 92.8986, 26.309 ], [ 92.8943, 26.3048 ], [ 92.8923, 26.2884 ], [ 92.8797, 26.2837 ], [ 92.8663, 26.2939 ], [ 92.8543, 26.2937 ], [ 92.8488, 26.3 ], [ 92.8556, 26.3025 ], [ 92.844, 26.3051 ], [ 92.8416, 26.2838 ], [ 92.8332, 26.2799 ], [ 92.8301, 26.2738 ], [ 92.8188, 26.27 ], [ 92.8216, 26.2663 ], [ 92.8139, 26.2626 ], [ 92.8174, 26.2608 ], [ 92.8128, 26.2452 ], [ 92.815, 26.233 ], [ 92.8248, 26.2299 ], [ 92.827, 26.2251 ], [ 92.8159, 26.2143 ], [ 92.804, 26.2165 ], [ 92.7936, 26.2195 ], [ 92.8001, 26.2229 ], [ 92.7996, 26.2262 ], [ 92.7938, 26.2275 ], [ 92.7956, 26.2344 ], [ 92.8019, 26.2358 ], [ 92.803, 26.2443 ], [ 92.7948, 26.2512 ], [ 92.7817, 26.2755 ], [ 92.7826, 26.2824 ], [ 92.7754, 26.2962 ], [ 92.7913, 26.3131 ], [ 92.7792, 26.3336 ], [ 92.7658, 26.3334 ], [ 92.7602, 26.338 ], [ 92.7639, 26.3421 ], [ 92.7711, 26.3417 ], [ 92.774, 26.3547 ], [ 92.764, 26.3646 ], [ 92.7585, 26.362 ], [ 92.7426, 26.3809 ], [ 92.725, 26.3814 ], [ 92.7165, 26.3769 ], [ 92.7066, 26.3823 ], [ 92.6978, 26.3945 ], [ 92.7147, 26.4006 ], [ 92.7199, 26.3965 ], [ 92.718, 26.403 ], [ 92.7124, 26.4059 ], [ 92.7155, 26.4095 ], [ 92.7243, 26.4039 ], [ 92.7306, 26.4048 ], [ 92.7349, 26.41 ], [ 92.7321, 26.4145 ], [ 92.7396, 26.4156 ], [ 92.7403, 26.4216 ], [ 92.7528, 26.4241 ], [ 92.7573, 26.4168 ], [ 92.7632, 26.4232 ], [ 92.7618, 26.4308 ], [ 92.79, 26.4384 ], [ 92.7916, 26.4546 ], [ 92.7777, 26.4538 ], [ 92.7791, 26.4453 ], [ 92.7722, 26.4432 ], [ 92.7685, 26.4499 ], [ 92.7773, 26.4531 ], [ 92.7777, 26.4623 ], [ 92.8006, 26.4658 ], [ 92.7983, 26.4756 ], [ 92.8322, 26.4652 ], [ 92.8525, 26.4757 ], [ 92.8615, 26.4848 ], [ 92.8687, 26.4755 ], [ 92.8735, 26.479 ], [ 92.8796, 26.4732 ], [ 92.88, 26.4878 ], [ 92.8852, 26.4848 ], [ 92.8973, 26.493 ], [ 92.9009, 26.4868 ], [ 92.8968, 26.4842 ], [ 92.8982, 26.4794 ] ] ] } },
{ "type": "Feature", "properties": { "unit_id": "IND.4.22.1_1", "name": "Rupohihat Circle", "district": "Nagaon", "did": "assam:Nagaon", "state_key": "assam" }, "geometry": { "type": "Polygon", "coordinates": [ [ [ 92.8483, 26.5615 ], [ 92.8401, 26.5514 ], [ 92.8303, 26.5464 ], [ 92.8281, 26.5365 ], [ 92.8496, 26.5174 ], [ 92.8782, 26.5175 ], [ 92.8722, 26.4769 ], [ 92.8676, 26.4763 ], [ 92.8615, 26.4848 ], [ 92.8525, 26.4757 ], [ 92.8304, 26.4651 ], [ 92.7983, 26.4756 ], [ 92.8006, 26.4658 ], [ 92.7777, 26.4623 ], [ 92.7773, 26.4531 ], [ 92.7685, 26.4499 ], [ 92.7722, 26.4432 ], [ 92.7791, 26.4453 ], [ 92.7777, 26.4538 ], [ 92.7916, 26.4546 ], [ 92.79, 26.4384 ], [ 92.7618, 26.4308 ], [ 92.7632, 26.4232 ], [ 92.7573, 26.4168 ], [ 92.7528, 26.4241 ], [ 92.7403, 26.4216 ], [ 92.7396, 26.4156 ], [ 92.7321, 26.4145 ], [ 92.7349, 26.41 ], [ 92.7306, 26.4048 ], [ 92.7243, 26.4039 ], [ 92.7155, 26.4095 ], [ 92.7124, 26.4059 ], [ 92.7187, 26.402 ], [ 92.7185, 26.3959 ], [ 92.7147, 26.4006 ], [ 92.6912, 26.3932 ], [ 92.6909, 26.4036 ], [ 92.6813, 26.4046 ], [ 92.6784, 26.3997 ], [ 92.6686, 26.3964 ], [ 92.6686, 26.4028 ], [ 92.6627, 26.4015 ], [ 92.6468, 26.4066 ], [ 92.642, 26.401 ], [ 92.6432, 26.3906 ], [ 92.6345, 26.3914 ], [ 92.6178, 26.3862 ], [ 92.6108, 26.3914 ], [ 92.5995, 26.4087 ], [ 92.6004, 26.4147 ], [ 92.6089, 26.4161 ], [ 92.6097, 26.4293 ], [ 92.621, 26.4343 ], [ 92.6101, 26.4562 ], [ 92.6175, 26.4855 ], [ 92.6038, 26.4842 ], [ 92.6045, 26.5091 ], [ 92.6308, 26.5178 ], [ 92.6514, 26.5174 ], [ 92.6634, 26.5224 ], [ 92.6768, 26.5116 ], [ 92.6876, 26.5098 ], [ 92.7066, 26.5305 ], [ 92.7216, 26.5364 ], [ 92.726, 26.5326 ], [ 92.7251, 26.5231 ], [ 92.7288, 26.5178 ], [ 92.7473, 26.5108 ], [ 92.7531, 26.512 ], [ 92.7574, 26.5159 ], [ 92.7564, 26.5249 ], [ 92.7648, 26.5332 ], [ 92.7713, 26.5557 ], [ 92.7946, 26.557 ], [ 92.834, 26.5811 ], [ 92.8511, 26.585 ], [ 92.8483, 26.5615 ] ] ] } },
{ "type": "Feature", "properties": { "unit_id": "IND.4.25.1_1", "name": "Tezpur Circle", "district": "Sonitpur", "did": "assam:Sonitpur", "state_key": "assam" }, "geometry": { "type": "Polygon", "coordinates": [ [ [ 92.7913, 26.7193 ], [ 92.7901, 26.7108 ], [ 92.7963, 26.7059 ], [ 92.802, 26.716 ], [ 92.8252, 26.7175 ], [ 92.8272, 26.7102 ], [ 92.8402, 26.7086 ], [ 92.8461, 26.6819 ], [ 92.8603, 26.685 ], [ 92.8742, 26.6952 ], [ 92.8845, 26.696 ], [ 92.8813, 26.6984 ], [ 92.8835, 26.7023 ], [ 92.8948, 26.6962 ], [ 92.9141, 26.6658 ], [ 92.9342, 26.6152 ], [ 92.9257, 26.6032 ], [ 92.9154, 26.5944 ], [ 92.8915, 26.5953 ], [ 92.8692, 26.5817 ], [ 92.841, 26.5841 ], [ 92.7947, 26.5571 ], [ 92.7715, 26.5559 ], [ 92.7646, 26.5327 ], [ 92.7564, 26.5249 ], [ 92.7571, 26.5149 ], [ 92.7516, 26.5116 ], [ 92.7288, 26.5178 ], [ 92.7251, 26.5231 ], [ 92.726, 26.5326 ], [ 92.7216, 26.5364 ], [ 92.7066, 26.5305 ], [ 92.6876, 26.5098 ], [ 92.6768, 26.5116 ], [ 92.6634, 26.5224 ], [ 92.6514, 26.5174 ], [ 92.6308, 26.5178 ], [ 92.5923, 26.5068 ], [ 92.5938, 26.5338 ], [ 92.599, 26.5374 ], [ 92.5887, 26.544 ], [ 92.5874, 26.5575 ], [ 92.5784, 26.5693 ], [ 92.585, 26.5793 ], [ 92.5775, 26.5925 ], [ 92.5833, 26.609 ], [ 92.6003, 26.6173 ], [ 92.6118, 26.6356 ], [ 92.6209, 26.6375 ], [ 92.63, 26.6325 ], [ 92.6353, 26.6366 ], [ 92.6286, 26.6476 ], [ 92.6254, 26.6466 ], [ 92.6241, 26.6535 ], [ 92.626, 26.6593 ], [ 92.6352, 26.6603 ], [ 92.6348, 26.6877 ], [ 92.6249, 26.6886 ], [ 92.6344, 26.6957 ], [ 92.6411, 26.6929 ], [ 92.642, 26.6978 ], [ 92.6829, 26.6958 ], [ 92.6844, 26.7047 ], [ 92.7178, 26.6987 ], [ 92.7163, 26.7069 ], [ 92.7276, 26.7142 ], [ 92.7356, 26.7139 ], [ 92.7459, 26.7226 ], [ 92.7639, 26.7211 ], [ 92.7687, 26.7251 ], [ 92.7756, 26.7158 ], [ 92.7913, 26.7193 ] ] ] } },
{ "type": "Feature", "properties": { "unit_id": "IND.4.22.1_1", "name": "Dhing Circle", "district": "Nagaon", "did": "assam:Nagaon", "state_key": "assam" }, "geometry": { "type": "Polygon", "coordinates": [ [ [ 92.6175, 26.4855 ], [ 92.6101, 26.4562 ], [ 92.621, 26.4343 ], [ 92.6104, 26.4303 ], [ 92.6089, 26.4161 ], [ 92.6004, 26.4147 ], [ 92.6009, 26.4095 ], [ 92.5776, 26.4001 ], [ 92.5729, 26.3841 ], [ 92.5635, 26.3824 ], [ 92.5602, 26.3737 ], [ 92.5532, 26.3752 ], [ 92.5515, 26.3822 ], [ 92.546, 26.3828 ], [ 92.528, 26.3735 ], [ 92.5265, 26.3772 ], [ 92.509, 26.3773 ], [ 92.506, 26.3719 ], [ 92.5042, 26.3823 ], [ 92.4859, 26.3634 ], [ 92.4845, 26.3682 ], [ 92.4698, 26.3743 ], [ 92.4559, 26.373 ], [ 92.4455, 26.3676 ], [ 92.4406, 26.3703 ], [ 92.4414, 26.3891 ], [ 92.4335, 26.3903 ], [ 92.4312, 26.3989 ], [ 92.434, 26.413 ], [ 92.4293, 26.4108 ], [ 92.4243, 26.4136 ], [ 92.428, 26.4277 ], [ 92.4419, 26.4364 ], [ 92.4411, 26.4519 ], [ 92.4264, 26.4715 ], [ 92.4284, 26.4765 ], [ 92.4198, 26.479 ], [ 92.419, 26.5171 ], [ 92.4365, 26.5203 ], [ 92.4474, 26.5177 ], [ 92.4529, 26.514 ], [ 92.4581, 26.4995 ], [ 92.4675, 26.4963 ], [ 92.4779, 26.4958 ], [ 92.5226, 26.5081 ], [ 92.5623, 26.5067 ], [ 92.5749, 26.4997 ], [ 92.5907, 26.5013 ], [ 92.5888, 26.506 ], [ 92.6045, 26.5091 ], [ 92.6038, 26.4842 ], [ 92.6175, 26.4855 ] ] ] } },
{ "type": "Feature", "properties": { "unit_id": "IND.4.25.1_1", "name": "Dhekiajuli Circle(part)", "district": "Udalguri", "did": "assam:Udalguri", "state_key": "assam" }, "geometry": { "type": "Polygon", "coordinates": [ [ [ 92.3757, 26.6485 ], [ 92.3799, 26.6428 ], [ 92.3883, 26.6487 ], [ 92.3901, 26.6418 ], [ 92.4003, 26.6421 ], [ 92.4018, 26.6359 ], [ 92.3953, 26.6271 ], [ 92.3757, 26.6294 ], [ 92.3758, 26.6137 ], [ 92.3574, 26.6119 ], [ 92.3536, 26.6032 ], [ 92.3641, 26.5949 ], [ 92.3631, 26.5837 ], [ 92.3605, 26.5824 ], [ 92.3615, 26.5863 ], [ 92.3575, 26.5886 ], [ 92.3434, 26.5818 ], [ 92.3272, 26.5874 ], [ 92.3245, 26.5917 ], [ 92.3253, 26.5968 ], [ 92.3442, 26.5978 ], [ 92.3314, 26.6075 ], [ 92.3352, 26.6205 ], [ 92.3288, 26.6248 ], [ 92.3322, 26.6302 ], [ 92.3259, 26.6348 ], [ 92.3342, 26.6438 ], [ 92.332, 26.652 ], [ 92.3279, 26.6531 ], [ 92.3314, 26.6628 ], [ 92.3488, 26.6642 ], [ 92.3529, 26.6868 ], [ 92.3447, 26.6932 ], [ 92.3492, 26.6911 ], [ 92.3507, 26.6986 ], [ 92.364, 26.6982 ], [ 92.363, 26.6432 ], [ 92.3757, 26.6485 ] ] ] } },
{ "type": "Feature", "properties": { "unit_id": "IND.4.6.1_1", "name": "Dalgaon", "district": "Darrang", "did": "assam:Darrang", "state_key": "assam" }, "geometry": { "type": "Polygon", "coordinates": [ [ [ 92.1898, 26.6518 ], [ 92.1959, 26.6458 ], [ 92.2021, 26.6514 ], [ 92.205, 26.6407 ], [ 92.1944, 26.6393 ], [ 92.1937, 26.635 ], [ 92.2054, 26.6317 ], [ 92.2072, 26.6252 ], [ 92.2203, 26.6282 ], [ 92.2242, 26.6216 ], [ 92.2241, 26.6099 ], [ 92.2289, 26.6099 ], [ 92.2345, 26.597 ], [ 92.227, 26.5939 ], [ 92.2265, 26.5765 ], [ 92.2338, 26.5683 ], [ 92.2266, 26.5645 ], [ 92.2247, 26.5536 ], [ 92.2305, 26.5488 ], [ 92.2439, 26.5629 ], [ 92.2544, 26.5607 ], [ 92.2646, 26.5707 ], [ 92.2526, 26.5739 ], [ 92.244, 26.5896 ], [ 92.2481, 26.6005 ], [ 92.2422, 26.6033 ], [ 92.2475, 26.6102 ], [ 92.2731, 26.6163 ], [ 92.2711, 26.6491 ], [ 92.2758, 26.6576 ], [ 92.2858, 26.6553 ], [ 92.2923, 26.6443 ], [ 92.2941, 26.6221 ], [ 92.3142, 26.6241 ], [ 92.3139, 26.6191 ], [ 92.3063, 26.614 ], [ 92.31, 26.6084 ], [ 92.3174, 26.6062 ], [ 92.3207, 26.6134 ], [ 92.3282, 26.6117 ], [ 92.3265, 26.6193 ], [ 92.3308, 26.6235 ], [ 92.3348, 26.622 ], [ 92.3318, 26.6064 ], [ 92.3442, 26.5978 ], [ 92.3253, 26.5968 ], [ 92.3272, 26.5874 ], [ 92.346, 26.5816 ], [ 92.3575, 26.5886 ], [ 92.3615, 26.5863 ], [ 92.3522, 26.5701 ], [ 92.3661, 26.5662 ], [ 92.3609, 26.5587 ], [ 92.3676, 26.5591 ], [ 92.3807, 26.5275 ], [ 92.3542, 26.5349 ], [ 92.3314, 26.5159 ], [ 92.3428, 26.5075 ], [ 92.3413, 26.5016 ], [ 92.3117, 26.4857 ], [ 92.2812, 26.4543 ], [ 92.275, 26.4511 ], [ 92.2557, 26.4518 ], [ 92.2446, 26.4462 ], [ 92.2341, 26.4276 ], [ 92.2162, 26.4148 ], [ 92.2079, 26.4144 ], [ 92.2, 26.4213 ], [ 92.1819, 26.4245 ], [ 92.1597, 26.4147 ], [ 92.1533, 26.4216 ], [ 92.1434, 26.4467 ], [ 92.1176, 26.4436 ], [ 92.0943, 26.4345 ], [ 92.0853, 26.4271 ], [ 92.0743, 26.43 ], [ 92.0583, 26.4224 ], [ 92.0563, 26.4326 ], [ 92.0729, 26.4373 ], [ 92.0833, 26.4545 ], [ 92.0822, 26.4638 ], [ 92.0653, 26.454 ], [ 92.0546, 26.453 ], [ 92.0538, 26.4689 ], [ 92.0628, 26.4736 ], [ 92.0587, 26.4781 ], [ 92.0613, 26.5 ], [ 92.056, 26.5001 ], [ 92.0566, 26.5091 ], [ 92.0684, 26.5101 ], [ 92.0684, 26.5451 ], [ 92.0817, 26.5424 ], [ 92.0943, 26.5494 ], [ 92.0926, 26.5541 ], [ 92.107, 26.5522 ], [ 92.1084, 26.5555 ], [ 92.1018, 26.5612 ], [ 92.1086, 26.5704 ], [ 92.1007, 26.5794 ], [ 92.0866, 26.5759 ], [ 92.0794, 26.5894 ], [ 92.0624, 26.5874 ], [ 92.0606, 26.5757 ], [ 92.0419, 26.5748 ], [ 92.0263, 26.5682 ], [ 92.0224, 26.5632 ], [ 92.0234, 26.5542 ], [ 92.0169, 26.5535 ], [ 92.009, 26.5554 ], [ 92.002, 26.5715 ], [ 92.0141, 26.5753 ], [ 92.0095, 26.5899 ], [ 92.0215, 26.5883 ], [ 92.0331, 26.5927 ], [ 92.0366, 26.6006 ], [ 92.0254, 26.6095 ], [ 92.0386, 26.6091 ], [ 92.0372, 26.6205 ], [ 92.0457, 26.6206 ], [ 92.0464, 26.6245 ], [ 92.0704, 26.6246 ], [ 92.069, 26.6401 ], [ 92.0727, 26.6469 ], [ 92.1027, 26.6477 ], [ 92.1095, 26.6418 ], [ 92.1215, 26.6437 ], [ 92.1238, 26.6492 ], [ 92.1185, 26.6527 ], [ 92.1812, 26.6703 ], [ 92.1829, 26.6595 ], [ 92.1764, 26.6525 ], [ 92.1829, 26.6451 ], [ 92.1898, 26.6518 ] ] ] } },
{ "type": "Feature", "properties": { "unit_id": "IND.4.21.1_1", "name": "Lahorighat Circle", "district": "Marigaon", "did": "assam:Marigaon", "state_key": "assam" }, "geometry": { "type": "Polygon", "coordinates": [ [ [ 92.422, 26.4878 ], [ 92.4198, 26.479 ], [ 92.4284, 26.4765 ], [ 92.4264, 26.4715 ], [ 92.4411, 26.4519 ], [ 92.4419, 26.4364 ], [ 92.428, 26.4277 ], [ 92.4243, 26.4136 ], [ 92.4293, 26.4108 ], [ 92.434, 26.413 ], [ 92.4312, 26.3989 ], [ 92.4335, 26.3903 ], [ 92.4414, 26.3891 ], [ 92.4409, 26.3686 ], [ 92.4293, 26.3689 ], [ 92.4277, 26.3648 ], [ 92.4279, 26.3733 ], [ 92.4222, 26.3683 ], [ 92.4246, 26.3623 ], [ 92.4186, 26.361 ], [ 92.4165, 26.3653 ], [ 92.4041, 26.3625 ], [ 92.3988, 26.3681 ], [ 92.3935, 26.3585 ], [ 92.3967, 26.3554 ], [ 92.394, 26.3509 ], [ 92.3896, 26.3547 ], [ 92.379, 26.3529 ], [ 92.3823, 26.346 ], [ 92.3874, 26.346 ], [ 92.3837, 26.3408 ], [ 92.3805, 26.343 ], [ 92.3756, 26.3385 ], [ 92.3756, 26.3427 ], [ 92.3706, 26.3417 ], [ 92.3726, 26.3364 ], [ 92.3676, 26.3339 ], [ 92.3673, 26.3278 ], [ 92.3556, 26.3309 ], [ 92.3421, 26.3274 ], [ 92.3358, 26.3347 ], [ 92.3368, 26.3406 ], [ 92.328, 26.3449 ], [ 92.3244, 26.3425 ], [ 92.3252, 26.3324 ], [ 92.3186, 26.3339 ], [ 92.3139, 26.3279 ], [ 92.3108, 26.3318 ], [ 92.3065, 26.3296 ], [ 92.3001, 26.3366 ], [ 92.2983, 26.3341 ], [ 92.2977, 26.3464 ], [ 92.3033, 26.3575 ], [ 92.2961, 26.3693 ], [ 92.3037, 26.3734 ], [ 92.3013, 26.3849 ], [ 92.3066, 26.3914 ], [ 92.3017, 26.4014 ], [ 92.3078, 26.4045 ], [ 92.3071, 26.4168 ], [ 92.3024, 26.4258 ], [ 92.2962, 26.4274 ], [ 92.2992, 26.4388 ], [ 92.2951, 26.4466 ], [ 92.2969, 26.4545 ], [ 92.2832, 26.4555 ], [ 92.31, 26.4844 ], [ 92.3472, 26.5078 ], [ 92.3608, 26.5055 ], [ 92.3836, 26.5166 ], [ 92.3914, 26.5129 ], [ 92.419, 26.5171 ], [ 92.4168, 26.4988 ], [ 92.422, 26.4878 ] ] ] } },
{ "type": "Feature", "properties": { "unit_id": "IND.4.21.1_1", "name": "Morigaon Circle", "district": "Marigaon", "did": "assam:Marigaon", "state_key": "assam" }, "geometry": { "type": "Polygon", "coordinates": [ [ [ 92.3358, 26.3347 ], [ 92.3421, 26.3274 ], [ 92.3556, 26.3309 ], [ 92.3622, 26.3272 ], [ 92.3679, 26.3283 ], [ 92.3709, 26.3183 ], [ 92.3779, 26.3119 ], [ 92.3766, 26.3016 ], [ 92.3904, 26.2964 ], [ 92.409, 26.2686 ], [ 92.4185, 26.2681 ], [ 92.4078, 26.2442 ], [ 92.4174, 26.2406 ], [ 92.4254, 26.232 ], [ 92.4309, 26.1908 ], [ 92.4222, 26.1749 ], [ 92.4169, 26.1524 ], [ 92.3989, 26.1375 ], [ 92.3996, 26.1319 ], [ 92.4083, 26.1257 ], [ 92.3995, 26.1202 ], [ 92.3749, 26.0868 ], [ 92.3625, 26.0776 ], [ 92.3596, 26.0916 ], [ 92.3545, 26.0848 ], [ 92.348, 26.0853 ], [ 92.3299, 26.0768 ], [ 92.3234, 26.0863 ], [ 92.3123, 26.0822 ], [ 92.3038, 26.0864 ], [ 92.3006, 26.0778 ], [ 92.2938, 26.0822 ], [ 92.2775, 26.0677 ], [ 92.2807, 26.0798 ], [ 92.2785, 26.0911 ], [ 92.2827, 26.0979 ], [ 92.2756, 26.1098 ], [ 92.268, 26.1084 ], [ 92.265, 26.113 ], [ 92.2815, 26.1197 ], [ 92.2821, 26.1377 ], [ 92.2959, 26.1451 ], [ 92.2942, 26.1519 ], [ 92.2976, 26.1552 ], [ 92.2896, 26.1574 ], [ 92.2794, 26.1673 ], [ 92.2734, 26.1595 ], [ 92.2645, 26.1703 ], [ 92.2471, 26.1694 ], [ 92.258, 26.184 ], [ 92.2494, 26.1855 ], [ 92.2529, 26.1986 ], [ 92.2483, 26.1983 ], [ 92.2692, 26.2156 ], [ 92.2656, 26.2175 ], [ 92.2721, 26.225 ], [ 92.2639, 26.2274 ], [ 92.2628, 26.2311 ], [ 92.2667, 26.2323 ], [ 92.2736, 26.2277 ], [ 92.2748, 26.2354 ], [ 92.2684, 26.2391 ], [ 92.2549, 26.2383 ], [ 92.2567, 26.2944 ], [ 92.2534, 26.3051 ], [ 92.2397, 26.3086 ], [ 92.2448, 26.3245 ], [ 92.2569, 26.3377 ], [ 92.2582, 26.3322 ], [ 92.2729, 26.3354 ], [ 92.2668, 26.3308 ], [ 92.2666, 26.3245 ], [ 92.2705, 26.3233 ], [ 92.2723, 26.3275 ], [ 92.2825, 26.3284 ], [ 92.2806, 26.3325 ], [ 92.2859, 26.3317 ], [ 92.2897, 26.3377 ], [ 92.2961, 26.3259 ], [ 92.3001, 26.3366 ], [ 92.3065, 26.3296 ], [ 92.3108, 26.3318 ], [ 92.3139, 26.3279 ], [ 92.3186, 26.3339 ], [ 92.3252, 26.3324 ], [ 92.3256, 26.3444 ], [ 92.3368, 26.3406 ], [ 92.3358, 26.3347 ] ] ] } },
{ "type": "Feature", "properties": { "unit_id": "IND.4.21.1_1", "name": "Bhuragaon Circle", "district": "Marigaon", "did": "assam:Marigaon", "state_key": "assam" }, "geometry": { "type": "MultiPolygon", "coordinates": [ [ [ [ 92.0581, 26.2988 ], [ 92.0615, 26.3106 ], [ 92.0684, 26.3121 ], [ 92.0726, 26.2994 ], [ 92.0581, 26.2988 ] ] ], [ [ [ 92.2969, 26.4545 ], [ 92.2951, 26.4466 ], [ 92.2992, 26.4388 ], [ 92.2962, 26.4274 ], [ 92.3024, 26.4258 ], [ 92.3081, 26.4058 ], [ 92.3017, 26.4022 ], [ 92.3066, 26.3914 ], [ 92.3013, 26.3849 ], [ 92.3037, 26.3734 ], [ 92.2962, 26.3703 ], [ 92.3033, 26.3575 ], [ 92.2977, 26.3464 ], [ 92.2974, 26.3255 ], [ 92.2914, 26.3304 ], [ 92.2903, 26.3378 ], [ 92.2859, 26.3317 ], [ 92.2806, 26.3325 ], [ 92.2825, 26.3284 ], [ 92.2723, 26.3275 ], [ 92.2705, 26.3233 ], [ 92.2666, 26.3245 ], [ 92.2668, 26.3308 ], [ 92.2729, 26.3354 ], [ 92.2582, 26.3322 ], [ 92.2576, 26.3377 ], [ 92.2473, 26.3251 ], [ 92.2439, 26.3249 ], [ 92.2425, 26.3326 ], [ 92.2284, 26.3179 ], [ 92.2224, 26.3284 ], [ 92.2148, 26.3218 ], [ 92.2093, 26.3275 ], [ 92.2004, 26.3126 ], [ 92.1935, 26.3081 ], [ 92.1907, 26.2986 ], [ 92.1825, 26.3067 ], [ 92.1766, 26.3022 ], [ 92.1691, 26.3021 ], [ 92.1766, 26.3124 ], [ 92.1618, 26.3076 ], [ 92.1614, 26.3137 ], [ 92.1552, 26.3188 ], [ 92.1486, 26.3154 ], [ 92.1427, 26.3177 ], [ 92.149, 26.3228 ], [ 92.1423, 26.333 ], [ 92.1265, 26.3292 ], [ 92.1287, 26.3218 ], [ 92.118, 26.3196 ], [ 92.1238, 26.3154 ], [ 92.1229, 26.3122 ], [ 92.0903, 26.3283 ], [ 92.0722, 26.3146 ], [ 92.0842, 26.339 ], [ 92.0998, 26.341 ], [ 92.104, 26.3545 ], [ 92.1215, 26.3692 ], [ 92.1429, 26.4014 ], [ 92.1585, 26.414 ], [ 92.1819, 26.4245 ], [ 92.2, 26.4213 ], [ 92.2079, 26.4144 ], [ 92.2162, 26.4148 ], [ 92.2341, 26.4276 ], [ 92.2402, 26.442 ], [ 92.2508, 26.4497 ], [ 92.275, 26.4511 ], [ 92.2878, 26.4555 ], [ 92.2969, 26.4545 ] ] ] ] } },
{ "type": "Feature", "properties": { "unit_id": "IND.4.21.1_1", "name": "Mayang Circle", "district": "Marigaon", "did": "assam:Marigaon", "state_key": "assam" }, "geometry": { "type": "Polygon", "coordinates": [ [ [ 92.2534, 26.3051 ], [ 92.2567, 26.2944 ], [ 92.2544, 26.2397 ], [ 92.2569, 26.2368 ], [ 92.2684, 26.2391 ], [ 92.2748, 26.2354 ], [ 92.2736, 26.2277 ], [ 92.2667, 26.2323 ], [ 92.2628, 26.2311 ], [ 92.2639, 26.2274 ], [ 92.2721, 26.225 ], [ 92.2656, 26.2175 ], [ 92.2692, 26.2156 ], [ 92.2483, 26.1983 ], [ 92.2529, 26.1986 ], [ 92.2494, 26.1855 ], [ 92.258, 26.184 ], [ 92.2471, 26.1694 ], [ 92.2645, 26.1703 ], [ 92.2734, 26.1595 ], [ 92.2794, 26.1673 ], [ 92.2896, 26.1574 ], [ 92.2976, 26.1552 ], [ 92.2942, 26.1519 ], [ 92.2959, 26.1451 ], [ 92.2821, 26.1377 ], [ 92.2815, 26.1197 ], [ 92.265, 26.113 ], [ 92.268, 26.1084 ], [ 92.2756, 26.1098 ], [ 92.2827, 26.0979 ], [ 92.2785, 26.0911 ], [ 92.2807, 26.0798 ], [ 92.2775, 26.0677 ], [ 92.2416, 26.0618 ], [ 92.2205, 26.0703 ], [ 92.1874, 26.0666 ], [ 92.1873, 26.0693 ], [ 92.1761, 26.0702 ], [ 92.1792, 26.0776 ], [ 92.1689, 26.0899 ], [ 92.1711, 26.1013 ], [ 92.1635, 26.1218 ], [ 92.1621, 26.145 ], [ 92.167, 26.164 ], [ 92.1622, 26.1632 ], [ 92.1547, 26.1709 ], [ 92.1497, 26.1615 ], [ 92.1323, 26.1722 ], [ 92.1297, 26.1806 ], [ 92.1066, 26.1721 ], [ 92.08, 26.1773 ], [ 92.0937, 26.1887 ], [ 92.0818, 26.1852 ], [ 92.0763, 26.1957 ], [ 92.0601, 26.1965 ], [ 92.0516, 26.2076 ], [ 92.0555, 26.2206 ], [ 92.0372, 26.2257 ], [ 92.028, 26.2325 ], [ 92.0215, 26.2332 ], [ 92.0136, 26.228 ], [ 92.0085, 26.2315 ], [ 92.0124, 26.239 ], [ 92.0104, 26.2429 ], [ 92.0031, 26.2375 ], [ 91.983, 26.2383 ], [ 91.972, 26.2483 ], [ 91.9766, 26.2506 ], [ 91.9802, 26.2755 ], [ 91.9921, 26.2697 ], [ 92.0154, 26.2832 ], [ 92.0171, 26.2765 ], [ 92.0243, 26.2711 ], [ 92.0401, 26.2731 ], [ 92.0478, 26.2787 ], [ 92.0581, 26.2988 ], [ 92.0726, 26.2994 ], [ 92.0684, 26.3121 ], [ 92.0889, 26.3282 ], [ 92.122, 26.312 ], [ 92.1238, 26.3154 ], [ 92.118, 26.3196 ], [ 92.1287, 26.3218 ], [ 92.1265, 26.3292 ], [ 92.1432, 26.3328 ], [ 92.149, 26.3228 ], [ 92.1427, 26.3177 ], [ 92.1486, 26.3154 ], [ 92.1552, 26.3188 ], [ 92.1614, 26.3137 ], [ 92.1618, 26.3076 ], [ 92.1766, 26.3124 ], [ 92.1691, 26.3021 ], [ 92.1766, 26.3022 ], [ 92.1825, 26.3067 ], [ 92.1907, 26.2986 ], [ 92.1935, 26.3081 ], [ 92.2004, 26.3126 ], [ 92.2084, 26.3271 ], [ 92.2148, 26.3218 ], [ 92.2224, 26.3284 ], [ 92.2267, 26.3177 ], [ 92.2384, 26.3251 ], [ 92.2432, 26.3328 ], [ 92.2396, 26.3068 ], [ 92.2534, 26.3051 ] ] ] } },
{ "type": "Feature", "properties": { "unit_id": "IND.4.15.1_1", "name": "Chandanpur Circle", "district": "Kamrup Metro", "did": "assam:Kamrup Metro", "state_key": "assam" }, "geometry": { "type": "Polygon", "coordinates": [ [ [ 91.972, 26.2483 ], [ 91.98, 26.2393 ], [ 92.0031, 26.2375 ], [ 92.0104, 26.2429 ], [ 92.0124, 26.239 ], [ 92.0085, 26.2315 ], [ 92.0136, 26.228 ], [ 92.0215, 26.2332 ], [ 92.028, 26.2325 ], [ 92.0372, 26.2257 ], [ 92.0555, 26.2206 ], [ 92.0512, 26.2099 ], [ 92.045, 26.215 ], [ 92.0438, 26.201 ], [ 92.0396, 26.2002 ], [ 92.0353, 26.208 ], [ 92.0297, 26.2097 ], [ 92.0205, 26.2023 ], [ 91.9974, 26.2058 ], [ 91.9681, 26.2281 ], [ 91.9599, 26.23 ], [ 91.9605, 26.2127 ], [ 91.9898, 26.1982 ], [ 91.976, 26.1828 ], [ 91.9601, 26.1786 ], [ 91.9448, 26.1903 ], [ 91.938, 26.1912 ], [ 91.9531, 26.1672 ], [ 91.9504, 26.1599 ], [ 91.9406, 26.156 ], [ 91.9387, 26.1626 ], [ 91.9249, 26.1648 ], [ 91.9048, 26.1589 ], [ 91.8884, 26.1604 ], [ 91.8734, 26.1568 ], [ 91.8693, 26.1579 ], [ 91.8707, 26.1628 ], [ 91.8642, 26.1612 ], [ 91.8626, 26.1572 ], [ 91.8539, 26.1571 ], [ 91.858, 26.1692 ], [ 91.8493, 26.1703 ], [ 91.8463, 26.1784 ], [ 91.837, 26.1829 ], [ 91.8526, 26.2006 ], [ 91.8397, 26.2062 ], [ 91.8244, 26.2054 ], [ 91.8239, 26.2096 ], [ 91.8697, 26.2211 ], [ 91.8742, 26.2167 ], [ 91.8844, 26.2179 ], [ 91.8861, 26.2218 ], [ 91.9085, 26.231 ], [ 91.919, 26.2464 ], [ 91.924, 26.2479 ], [ 91.9293, 26.2423 ], [ 91.9338, 26.2432 ], [ 91.9781, 26.2749 ], [ 91.9767, 26.2526 ], [ 91.972, 26.2483 ] ] ] } },
{ "type": "Feature", "properties": { "unit_id": "IND.4.6.1_1", "name": "Mangaldai", "district": "Darrang", "did": "assam:Darrang", "state_key": "assam" }, "geometry": { "type": "MultiPolygon", "coordinates": [ [ [ [ 92.012, 26.5414 ], [ 92.0282, 26.5422 ], [ 92.0271, 26.5305 ], [ 92.0187, 26.5276 ], [ 92.0194, 26.5219 ], [ 92.0223, 26.5205 ], [ 92.0263, 26.5265 ], [ 92.0293, 26.5226 ], [ 92.0344, 26.5244 ], [ 92.0313, 26.5138 ], [ 92.0249, 26.5096 ], [ 92.0275, 26.5069 ], [ 92.0408, 26.51 ], [ 92.0435, 26.4952 ], [ 92.0381, 26.4944 ], [ 92.0381, 26.4874 ], [ 92.0414, 26.4812 ], [ 92.0505, 26.4755 ], [ 92.0531, 26.489 ], [ 92.0595, 26.487 ], [ 92.0587, 26.4781 ], [ 92.0627, 26.4727 ], [ 92.0538, 26.4689 ], [ 92.0546, 26.453 ], [ 92.0653, 26.454 ], [ 92.0822, 26.4638 ], [ 92.0831, 26.4531 ], [ 92.0755, 26.4395 ], [ 92.0548, 26.43 ], [ 92.0583, 26.4224 ], [ 92.0743, 26.43 ], [ 92.0853, 26.4271 ], [ 92.0943, 26.4345 ], [ 92.1176, 26.4436 ], [ 92.1434, 26.4467 ], [ 92.1533, 26.4216 ], [ 92.1597, 26.4147 ], [ 92.1429, 26.4014 ], [ 92.1229, 26.3707 ], [ 92.104, 26.3545 ], [ 92.0998, 26.341 ], [ 92.0842, 26.339 ], [ 92.0747, 26.3166 ], [ 92.0614, 26.3105 ], [ 92.0478, 26.2787 ], [ 92.0322, 26.2703 ], [ 92.0196, 26.2743 ], [ 92.0154, 26.2832 ], [ 91.9921, 26.2697 ], [ 91.9781, 26.2749 ], [ 91.9416, 26.248 ], [ 91.9165, 26.2966 ], [ 91.9088, 26.3241 ], [ 91.9171, 26.3363 ], [ 91.9199, 26.3623 ], [ 91.9269, 26.3586 ], [ 91.9312, 26.3635 ], [ 91.9366, 26.3575 ], [ 91.9484, 26.3659 ], [ 91.9399, 26.3765 ], [ 91.939, 26.3957 ], [ 91.9348, 26.4014 ], [ 91.951, 26.4363 ], [ 91.9387, 26.4374 ], [ 91.9232, 26.4337 ], [ 91.9235, 26.439 ], [ 91.9154, 26.4403 ], [ 91.9146, 26.4575 ], [ 91.9343, 26.4602 ], [ 91.9335, 26.4681 ], [ 91.9425, 26.4772 ], [ 91.9415, 26.4809 ], [ 91.9459, 26.4793 ], [ 91.9433, 26.4836 ], [ 91.9466, 26.487 ], [ 91.9439, 26.4872 ], [ 91.9456, 26.4986 ], [ 91.9379, 26.5023 ], [ 91.9444, 26.5092 ], [ 91.9429, 26.5169 ], [ 91.9616, 26.5174 ], [ 91.9706, 26.5132 ], [ 91.9775, 26.5208 ], [ 92.0069, 26.5183 ], [ 92.0074, 26.53 ], [ 92.0131, 26.5365 ], [ 92.0091, 26.5417 ], [ 92.0029, 26.5423 ], [ 92.0073, 26.5443 ], [ 92.012, 26.5414 ] ] ], [ [ [ 92.0545, 26.5441 ], [ 92.0418, 26.5506 ], [ 92.03, 26.55 ], [ 92.0284, 26.5459 ], [ 92.0268, 26.5535 ], [ 92.0229, 26.5542 ], [ 92.0224, 26.5632 ], [ 92.0263, 26.5682 ], [ 92.0419, 26.5748 ], [ 92.0624, 26.5746 ], [ 92.0545, 26.5441 ] ] ] ] } },
{ "type": "Feature", "properties": { "unit_id": "IND.4.27.1_1", "name": "Kalaigaon Circle", "district": "Udalguri", "did": "assam:Udalguri", "state_key": "assam" }, "geometry": { "type": "Polygon", "coordinates": [ [ [ 92.011, 26.6749 ], [ 92.0157, 26.6684 ], [ 92.0109, 26.6585 ], [ 92.0165, 26.6584 ], [ 92.0148, 26.6517 ], [ 92.0061, 26.6445 ], [ 92.0565, 26.6464 ], [ 92.0538, 26.6383 ], [ 92.0422, 26.6354 ], [ 92.0259, 26.6153 ], [ 92.0267, 26.6069 ], [ 92.0366, 26.6006 ], [ 92.0334, 26.5931 ], [ 92.0215, 26.5883 ], [ 92.0095, 26.5899 ], [ 92.0141, 26.5753 ], [ 92.002, 26.5715 ], [ 92.009, 26.5554 ], [ 92.0257, 26.5543 ], [ 92.0284, 26.5459 ], [ 92.03, 26.55 ], [ 92.0418, 26.5506 ], [ 92.0545, 26.5441 ], [ 92.0624, 26.5874 ], [ 92.0794, 26.5894 ], [ 92.0866, 26.5759 ], [ 92.1007, 26.5794 ], [ 92.1086, 26.5704 ], [ 92.1018, 26.5612 ], [ 92.1084, 26.5555 ], [ 92.107, 26.5522 ], [ 92.0926, 26.5541 ], [ 92.0943, 26.5494 ], [ 92.0817, 26.5424 ], [ 92.0684, 26.5451 ], [ 92.0684, 26.5101 ], [ 92.0566, 26.5091 ], [ 92.056, 26.5001 ], [ 92.061, 26.4977 ], [ 92.0586, 26.4882 ], [ 92.0531, 26.489 ], [ 92.0505, 26.4755 ], [ 92.0384, 26.4858 ], [ 92.0381, 26.4944 ], [ 92.0435, 26.4952 ], [ 92.0408, 26.51 ], [ 92.025, 26.5089 ], [ 92.0313, 26.5138 ], [ 92.0344, 26.5244 ], [ 92.0293, 26.5226 ], [ 92.0263, 26.5265 ], [ 92.0223, 26.5205 ], [ 92.0194, 26.5219 ], [ 92.0187, 26.5276 ], [ 92.0271, 26.5305 ], [ 92.0282, 26.5422 ], [ 92.0035, 26.5435 ], [ 92.0131, 26.5365 ], [ 92.005, 26.5346 ], [ 91.9946, 26.54 ], [ 91.9902, 26.5551 ], [ 91.9848, 26.5547 ], [ 91.9855, 26.5494 ], [ 91.9801, 26.5565 ], [ 91.975, 26.5519 ], [ 91.9701, 26.5561 ], [ 91.9588, 26.5518 ], [ 91.9605, 26.5456 ], [ 91.9664, 26.5427 ], [ 91.965, 26.5399 ], [ 91.9518, 26.5444 ], [ 91.9278, 26.5373 ], [ 91.9219, 26.5676 ], [ 91.8966, 26.5696 ], [ 91.8925, 26.5618 ], [ 91.8935, 26.5531 ], [ 91.8887, 26.5509 ], [ 91.8863, 26.5416 ], [ 91.879, 26.5339 ], [ 91.868, 26.5325 ], [ 91.8615, 26.5407 ], [ 91.8729, 26.5533 ], [ 91.873, 26.5583 ], [ 91.8683, 26.5614 ], [ 91.869, 26.5716 ], [ 91.8743, 26.57 ], [ 91.871, 26.5754 ], [ 91.8747, 26.575 ], [ 91.873, 26.5773 ], [ 91.8802, 26.5837 ], [ 91.8819, 26.5893 ], [ 91.878, 26.5911 ], [ 91.8835, 26.5954 ], [ 91.8802, 26.6003 ], [ 91.8828, 26.6068 ], [ 91.8883, 26.6085 ], [ 91.8846, 26.6113 ], [ 91.8961, 26.6174 ], [ 91.8963, 26.6307 ], [ 91.9038, 26.636 ], [ 91.9011, 26.6429 ], [ 91.9291, 26.6434 ], [ 91.9337, 26.6378 ], [ 91.9567, 26.6388 ], [ 91.9681, 26.6425 ], [ 91.9684, 26.6483 ], [ 91.9756, 26.6515 ], [ 91.9717, 26.6674 ], [ 91.9742, 26.6705 ], [ 91.9697, 26.6751 ], [ 91.9781, 26.6771 ], [ 91.9839, 26.6687 ], [ 92.0008, 26.6802 ], [ 92.0192, 26.6791 ], [ 92.011, 26.6749 ] ] ] } },
{ "type": "Feature", "properties": { "unit_id": "IND.4.27.1_1", "name": "Udalguri Circle", "district": "Udalguri", "did": "assam:Udalguri", "state_key": "assam" }, "geometry": { "type": "Polygon", "coordinates": [ [ [ 92.2417, 26.8597 ], [ 92.2325, 26.8529 ], [ 92.2371, 26.8378 ], [ 92.2324, 26.8316 ], [ 92.235, 26.827 ], [ 92.2148, 26.7902 ], [ 92.2167, 26.7617 ], [ 92.2122, 26.7521 ], [ 92.2152, 26.741 ], [ 92.2117, 26.7371 ], [ 92.2162, 26.7354 ], [ 92.2119, 26.7337 ], [ 92.2175, 26.7297 ], [ 92.2125, 26.7308 ], [ 92.2163, 26.7257 ], [ 92.2121, 26.7239 ], [ 92.2088, 26.7095 ], [ 92.2234, 26.7038 ], [ 92.2201, 26.7005 ], [ 92.2264, 26.6949 ], [ 92.2345, 26.6968 ], [ 92.2322, 26.6932 ], [ 92.2365, 26.6897 ], [ 92.2318, 26.6912 ], [ 92.2322, 26.6878 ], [ 92.2266, 26.6879 ], [ 92.2291, 26.6846 ], [ 92.2232, 26.6866 ], [ 92.2276, 26.6799 ], [ 92.2335, 26.6829 ], [ 92.2351, 26.6779 ], [ 92.2313, 26.6742 ], [ 92.2441, 26.673 ], [ 92.2758, 26.6576 ], [ 92.2711, 26.6491 ], [ 92.2731, 26.6163 ], [ 92.2475, 26.6102 ], [ 92.2422, 26.6033 ], [ 92.2481, 26.6005 ], [ 92.244, 26.5896 ], [ 92.2526, 26.5739 ], [ 92.2646, 26.5707 ], [ 92.2544, 26.5607 ], [ 92.2439, 26.5629 ], [ 92.2305, 26.5488 ], [ 92.2247, 26.5536 ], [ 92.2266, 26.5645 ], [ 92.2338, 26.5683 ], [ 92.2265, 26.5765 ], [ 92.227, 26.5939 ], [ 92.2345, 26.597 ], [ 92.2289, 26.6099 ], [ 92.2241, 26.6099 ], [ 92.2253, 26.6174 ], [ 92.2203, 26.6282 ], [ 92.2072, 26.6252 ], [ 92.2054, 26.6317 ], [ 92.1937, 26.635 ], [ 92.1944, 26.6393 ], [ 92.205, 26.6407 ], [ 92.2021, 26.6514 ], [ 92.1959, 26.6458 ], [ 92.1898, 26.6518 ], [ 92.1843, 26.6448 ], [ 92.1768, 26.6515 ], [ 92.1829, 26.6595 ], [ 92.1812, 26.6703 ], [ 92.1185, 26.6527 ], [ 92.1238, 26.6492 ], [ 92.1215, 26.6437 ], [ 92.1095, 26.6418 ], [ 92.1027, 26.6477 ], [ 92.0727, 26.6469 ], [ 92.069, 26.6401 ], [ 92.0704, 26.6246 ], [ 92.0464, 26.6245 ], [ 92.0457, 26.6206 ], [ 92.0372, 26.6205 ], [ 92.0386, 26.6091 ], [ 92.0254, 26.6095 ], [ 92.0354, 26.6282 ], [ 92.0422, 26.6354 ], [ 92.0534, 26.638 ], [ 92.0565, 26.6464 ], [ 92.0061, 26.6445 ], [ 92.0148, 26.6517 ], [ 92.0165, 26.6584 ], [ 92.0109, 26.6585 ], [ 92.0157, 26.6684 ], [ 92.011, 26.6749 ], [ 92.0198, 26.6785 ], [ 92.0008, 26.6802 ], [ 91.9839, 26.6687 ], [ 91.9781, 26.6771 ], [ 91.9868, 26.6916 ], [ 91.9819, 26.7083 ], [ 91.9858, 26.7077 ], [ 92.001, 26.7205 ], [ 91.9985, 26.7413 ], [ 92.0024, 26.7441 ], [ 91.9958, 26.7601 ], [ 92.0021, 26.7645 ], [ 91.9934, 26.7787 ], [ 91.9902, 26.795 ], [ 91.9876, 26.7984 ], [ 91.9835, 26.7972 ], [ 91.9763, 26.807 ], [ 91.9702, 26.8354 ], [ 91.9591, 26.8569 ], [ 91.9666, 26.878 ], [ 91.9835, 26.8582 ], [ 92.0171, 26.85 ], [ 92.0567, 26.8474 ], [ 92.1027, 26.8672 ], [ 92.1019, 26.8811 ], [ 92.1144, 26.8936 ], [ 92.12, 26.889 ], [ 92.1948, 26.89 ], [ 92.2492, 26.9082 ], [ 92.2419, 26.8846 ], [ 92.2417, 26.8597 ] ] ] } },
{ "type": "Feature", "properties": { "unit_id": "IND.4.27.1_1", "name": "Majbat Circle", "district": "Udalguri", "did": "assam:Udalguri", "state_key": "assam" }, "geometry": { "type": "Polygon", "coordinates": [ [ [ 92.3429, 26.8518 ], [ 92.3329, 26.842 ], [ 92.3315, 26.8313 ], [ 92.3357, 26.8287 ], [ 92.3362, 26.8225 ], [ 92.3309, 26.8199 ], [ 92.3341, 26.8152 ], [ 92.3278, 26.8124 ], [ 92.3349, 26.8104 ], [ 92.3275, 26.8031 ], [ 92.3345, 26.7937 ], [ 92.3319, 26.7897 ], [ 92.3388, 26.7869 ], [ 92.3342, 26.7828 ], [ 92.3347, 26.775 ], [ 92.3403, 26.7713 ], [ 92.3286, 26.7717 ], [ 92.3317, 26.7649 ], [ 92.3364, 26.7659 ], [ 92.328, 26.7569 ], [ 92.3341, 26.7422 ], [ 92.3234, 26.7398 ], [ 92.3373, 26.7332 ], [ 92.3319, 26.7252 ], [ 92.3419, 26.7292 ], [ 92.3399, 26.7237 ], [ 92.3318, 26.7219 ], [ 92.3382, 26.7175 ], [ 92.335, 26.7123 ], [ 92.3432, 26.7133 ], [ 92.3387, 26.7078 ], [ 92.3463, 26.7048 ], [ 92.3441, 26.7017 ], [ 92.3349, 26.7009 ], [ 92.3324, 26.6945 ], [ 92.3388, 26.691 ], [ 92.3333, 26.6864 ], [ 92.3353, 26.6744 ], [ 92.3279, 26.6531 ], [ 92.332, 26.652 ], [ 92.3343, 26.6424 ], [ 92.3259, 26.6348 ], [ 92.3322, 26.6302 ], [ 92.3288, 26.6248 ], [ 92.3328, 26.6236 ], [ 92.3265, 26.6193 ], [ 92.3282, 26.6117 ], [ 92.3207, 26.6134 ], [ 92.321, 26.6085 ], [ 92.3162, 26.6061 ], [ 92.3062, 26.6131 ], [ 92.3139, 26.6191 ], [ 92.3142, 26.6241 ], [ 92.2941, 26.6221 ], [ 92.2948, 26.634 ], [ 92.2874, 26.6542 ], [ 92.2441, 26.673 ], [ 92.2313, 26.6742 ], [ 92.2351, 26.6779 ], [ 92.2335, 26.6829 ], [ 92.2276, 26.6799 ], [ 92.2232, 26.6866 ], [ 92.2291, 26.6846 ], [ 92.2266, 26.6879 ], [ 92.2322, 26.6878 ], [ 92.2318, 26.6912 ], [ 92.2365, 26.6897 ], [ 92.2322, 26.6932 ], [ 92.2345, 26.6968 ], [ 92.2264, 26.6949 ], [ 92.2201, 26.7005 ], [ 92.2234, 26.7038 ], [ 92.2088, 26.7095 ], [ 92.2121, 26.7239 ], [ 92.2163, 26.7257 ], [ 92.2125, 26.7308 ], [ 92.2175, 26.7297 ], [ 92.2119, 26.7337 ], [ 92.2162, 26.7354 ], [ 92.2117, 26.7371 ], [ 92.2152, 26.741 ], [ 92.2122, 26.7521 ], [ 92.2167, 26.7617 ], [ 92.2147, 26.7894 ], [ 92.235, 26.827 ], [ 92.2324, 26.8316 ], [ 92.2371, 26.8378 ], [ 92.2325, 26.8529 ], [ 92.2417, 26.8597 ], [ 92.2412, 26.8824 ], [ 92.2492, 26.9082 ], [ 92.2552, 26.9096 ], [ 92.2752, 26.902 ], [ 92.303, 26.9071 ], [ 92.3027, 26.9226 ], [ 92.3632, 26.9345 ], [ 92.3648, 26.9321 ], [ 92.3496, 26.9118 ], [ 92.3426, 26.8827 ], [ 92.3429, 26.8518 ] ] ] } },
{ "type": "Feature", "properties": { "unit_id": "IND.4.25.1_1", "name": "Dhekiajuli Circle", "district": "Sonitpur", "did": "assam:Sonitpur", "state_key": "assam" }, "geometry": { "type": "Polygon", "coordinates": [ [ [ 92.4885, 26.8676 ], [ 92.5053, 26.8518 ], [ 92.5068, 26.835 ], [ 92.5133, 26.8326 ], [ 92.512, 26.8193 ], [ 92.5206, 26.8134 ], [ 92.5284, 26.793 ], [ 92.5364, 26.7926 ], [ 92.5416, 26.7881 ], [ 92.5382, 26.7845 ], [ 92.5389, 26.7769 ], [ 92.5446, 26.7741 ], [ 92.5434, 26.762 ], [ 92.5391, 26.758 ], [ 92.5431, 26.755 ], [ 92.5387, 26.7501 ], [ 92.5423, 26.7394 ], [ 92.5354, 26.7377 ], [ 92.5427, 26.7292 ], [ 92.5362, 26.7268 ], [ 92.55, 26.7261 ], [ 92.5411, 26.7182 ], [ 92.5439, 26.7108 ], [ 92.5378, 26.7016 ], [ 92.5452, 26.7019 ], [ 92.5444, 26.6884 ], [ 92.5505, 26.6847 ], [ 92.5422, 26.6835 ], [ 92.541, 26.6771 ], [ 92.5361, 26.6811 ], [ 92.5333, 26.6732 ], [ 92.5277, 26.6698 ], [ 92.5298, 26.6655 ], [ 92.5246, 26.6671 ], [ 92.5193, 26.6596 ], [ 92.5137, 26.662 ], [ 92.5181, 26.6516 ], [ 92.5219, 26.6531 ], [ 92.5226, 26.6491 ], [ 92.5252, 26.6552 ], [ 92.5301, 26.6501 ], [ 92.5242, 26.6402 ], [ 92.5286, 26.639 ], [ 92.5262, 26.6363 ], [ 92.5314, 26.6339 ], [ 92.5285, 26.6306 ], [ 92.5317, 26.6272 ], [ 92.5221, 26.6218 ], [ 92.5217, 26.6158 ], [ 92.5374, 26.6103 ], [ 92.5393, 26.6066 ], [ 92.5292, 26.5988 ], [ 92.5198, 26.5992 ], [ 92.5117, 26.5941 ], [ 92.4918, 26.5451 ], [ 92.4573, 26.5006 ], [ 92.452, 26.5151 ], [ 92.4365, 26.5203 ], [ 92.3927, 26.5129 ], [ 92.3829, 26.5165 ], [ 92.3608, 26.5055 ], [ 92.3479, 26.5078 ], [ 92.3441, 26.5047 ], [ 92.3314, 26.5159 ], [ 92.3542, 26.5349 ], [ 92.3807, 26.5275 ], [ 92.3676, 26.5591 ], [ 92.3609, 26.5587 ], [ 92.3661, 26.5662 ], [ 92.3522, 26.5701 ], [ 92.3537, 26.5773 ], [ 92.3624, 26.5829 ], [ 92.3647, 26.5892 ], [ 92.3639, 26.5953 ], [ 92.3537, 26.6025 ], [ 92.3552, 26.6075 ], [ 92.3574, 26.6119 ], [ 92.3758, 26.6137 ], [ 92.3757, 26.6294 ], [ 92.3953, 26.6271 ], [ 92.4018, 26.6359 ], [ 92.4003, 26.6421 ], [ 92.3901, 26.6418 ], [ 92.3883, 26.6487 ], [ 92.3799, 26.6428 ], [ 92.3757, 26.6485 ], [ 92.363, 26.6432 ], [ 92.3665, 26.675 ], [ 92.364, 26.6982 ], [ 92.3507, 26.6986 ], [ 92.3492, 26.6911 ], [ 92.3444, 26.6928 ], [ 92.3529, 26.6868 ], [ 92.3488, 26.6642 ], [ 92.3314, 26.6628 ], [ 92.3364, 26.6818 ], [ 92.3333, 26.6864 ], [ 92.3388, 26.691 ], [ 92.3324, 26.6945 ], [ 92.3349, 26.7009 ], [ 92.3441, 26.7017 ], [ 92.3463, 26.7048 ], [ 92.3387, 26.7078 ], [ 92.3432, 26.7133 ], [ 92.335, 26.7123 ], [ 92.3382, 26.7175 ], [ 92.3318, 26.7219 ], [ 92.3399, 26.7237 ], [ 92.3419, 26.7292 ], [ 92.3319, 26.7252 ], [ 92.3373, 26.7332 ], [ 92.3235, 26.7392 ], [ 92.3341, 26.7422 ], [ 92.328, 26.7569 ], [ 92.3364, 26.7659 ], [ 92.3317, 26.7649 ], [ 92.3286, 26.7717 ], [ 92.3403, 26.7713 ], [ 92.3347, 26.775 ], [ 92.3342, 26.7828 ], [ 92.3388, 26.7869 ], [ 92.3319, 26.7897 ], [ 92.3345, 26.7937 ], [ 92.3275, 26.8031 ], [ 92.335, 26.8093 ], [ 92.3278, 26.8124 ], [ 92.3341, 26.8152 ], [ 92.3309, 26.8199 ], [ 92.3362, 26.8225 ], [ 92.3357, 26.8287 ], [ 92.3315, 26.8313 ], [ 92.3329, 26.842 ], [ 92.3429, 26.8518 ], [ 92.3426, 26.8827 ], [ 92.3495, 26.9115 ], [ 92.3619, 26.9302 ], [ 92.3648, 26.9321 ], [ 92.3671, 26.9287 ], [ 92.3983, 26.9247 ], [ 92.412, 26.9428 ], [ 92.4192, 26.9418 ], [ 92.4235, 26.9315 ], [ 92.4847, 26.8761 ], [ 92.4885, 26.8676 ] ] ] } },
{ "type": "Feature", "properties": { "unit_id": "IND.4.25.1_1", "name": "Thelamara Circle", "district": "Sonitpur", "did": "assam:Sonitpur", "state_key": "assam" }, "geometry": { "type": "Polygon", "coordinates": [ [ [ 92.5871, 26.956 ], [ 92.5882, 26.9516 ], [ 92.5797, 26.9442 ], [ 92.5789, 26.9339 ], [ 92.5832, 26.9299 ], [ 92.5756, 26.9185 ], [ 92.5711, 26.8891 ], [ 92.5739, 26.8881 ], [ 92.5736, 26.8739 ], [ 92.5833, 26.8739 ], [ 92.5847, 26.8654 ], [ 92.5914, 26.8618 ], [ 92.593, 26.8368 ], [ 92.6027, 26.8355 ], [ 92.6029, 26.825 ], [ 92.6177, 26.8124 ], [ 92.6124, 26.8092 ], [ 92.6134, 26.802 ], [ 92.6041, 26.7942 ], [ 92.6165, 26.7836 ], [ 92.6066, 26.78 ], [ 92.6193, 26.7546 ], [ 92.6147, 26.7323 ], [ 92.6204, 26.7307 ], [ 92.6273, 26.7187 ], [ 92.6374, 26.7125 ], [ 92.6414, 26.6962 ], [ 92.6411, 26.6929 ], [ 92.6344, 26.6957 ], [ 92.6249, 26.6886 ], [ 92.6348, 26.6877 ], [ 92.6352, 26.6603 ], [ 92.626, 26.6593 ], [ 92.6241, 26.6535 ], [ 92.6254, 26.6466 ], [ 92.6286, 26.6476 ], [ 92.6353, 26.6366 ], [ 92.63, 26.6325 ], [ 92.6209, 26.6375 ], [ 92.6118, 26.6356 ], [ 92.6003, 26.6173 ], [ 92.5848, 26.6104 ], [ 92.5787, 26.5987 ], [ 92.5783, 26.5899 ], [ 92.585, 26.5793 ], [ 92.5784, 26.5693 ], [ 92.5874, 26.5575 ], [ 92.5887, 26.544 ], [ 92.599, 26.5374 ], [ 92.5938, 26.5338 ], [ 92.5923, 26.5068 ], [ 92.588, 26.5053 ], [ 92.5908, 26.5013 ], [ 92.5749, 26.4997 ], [ 92.5623, 26.5067 ], [ 92.5226, 26.5081 ], [ 92.4779, 26.4958 ], [ 92.4623, 26.4971 ], [ 92.4573, 26.5006 ], [ 92.4918, 26.5451 ], [ 92.5117, 26.5941 ], [ 92.5198, 26.5992 ], [ 92.5292, 26.5988 ], [ 92.5393, 26.6066 ], [ 92.5374, 26.6103 ], [ 92.5217, 26.6158 ], [ 92.5221, 26.6218 ], [ 92.5317, 26.6272 ], [ 92.5285, 26.6306 ], [ 92.5314, 26.6339 ], [ 92.5262, 26.6363 ], [ 92.5286, 26.639 ], [ 92.5242, 26.6402 ], [ 92.5301, 26.6501 ], [ 92.5252, 26.6552 ], [ 92.5226, 26.6491 ], [ 92.5219, 26.6531 ], [ 92.5181, 26.6516 ], [ 92.5137, 26.662 ], [ 92.5193, 26.6596 ], [ 92.5246, 26.6671 ], [ 92.5298, 26.6655 ], [ 92.5277, 26.6698 ], [ 92.5333, 26.6732 ], [ 92.5361, 26.6811 ], [ 92.541, 26.6771 ], [ 92.5422, 26.6835 ], [ 92.5505, 26.6847 ], [ 92.5444, 26.6884 ], [ 92.5452, 26.7019 ], [ 92.5378, 26.7016 ], [ 92.5439, 26.7108 ], [ 92.5411, 26.7182 ], [ 92.55, 26.7268 ], [ 92.5463, 26.7242 ], [ 92.5363, 26.7263 ], [ 92.5427, 26.7292 ], [ 92.5354, 26.7377 ], [ 92.5423, 26.7394 ], [ 92.5387, 26.7501 ], [ 92.5431, 26.755 ], [ 92.5391, 26.758 ], [ 92.5434, 26.762 ], [ 92.5446, 26.7741 ], [ 92.5389, 26.7769 ], [ 92.5382, 26.7845 ], [ 92.5416, 26.7881 ], [ 92.5364, 26.7926 ], [ 92.5284, 26.793 ], [ 92.5206, 26.8134 ], [ 92.512, 26.8193 ], [ 92.5133, 26.8326 ], [ 92.5068, 26.835 ], [ 92.5053, 26.8518 ], [ 92.4885, 26.8676 ], [ 92.4847, 26.8761 ], [ 92.4262, 26.9285 ], [ 92.4192, 26.9418 ], [ 92.4258, 26.941 ], [ 92.4475, 26.9588 ], [ 92.4932, 26.9632 ], [ 92.5542, 26.9574 ], [ 92.5878, 26.9611 ], [ 92.5909, 26.9566 ], [ 92.5871, 26.956 ] ] ] } },
{ "type": "Feature", "properties": { "unit_id": "IND.4.25.1_1", "name": "Chariduar Circle", "district": "Sonitpur", "did": "assam:Sonitpur", "state_key": "assam" }, "geometry": { "type": "Polygon", "coordinates": [ [ [ 92.7784, 27.0228 ], [ 92.7935, 27.0228 ], [ 92.8389, 27.0048 ], [ 92.8866, 26.9997 ], [ 92.9184, 26.9823 ], [ 92.9171, 26.9629 ], [ 92.9829, 26.9355 ], [ 92.9397, 26.8938 ], [ 92.9035, 26.8788 ], [ 92.9593, 26.8771 ], [ 92.9551, 26.8691 ], [ 92.957, 26.8562 ], [ 92.946, 26.8498 ], [ 92.9462, 26.8373 ], [ 92.9515, 26.8276 ], [ 92.9402, 26.8268 ], [ 92.9392, 26.8223 ], [ 92.947, 26.8208 ], [ 92.9428, 26.806 ], [ 92.9569, 26.7994 ], [ 92.9578, 26.7943 ], [ 92.9663, 26.7984 ], [ 92.9644, 26.7927 ], [ 92.9728, 26.7917 ], [ 92.973, 26.7693 ], [ 92.9662, 26.7615 ], [ 92.9749, 26.7622 ], [ 92.9781, 26.7546 ], [ 92.9693, 26.7535 ], [ 92.9661, 26.7447 ], [ 92.9689, 26.7379 ], [ 92.98, 26.7399 ], [ 92.9783, 26.7333 ], [ 92.9825, 26.7291 ], [ 92.977, 26.7253 ], [ 92.9829, 26.713 ], [ 92.9791, 26.7077 ], [ 92.9688, 26.7046 ], [ 92.9719, 26.7003 ], [ 92.9602, 26.6939 ], [ 92.9599, 26.6903 ], [ 92.9655, 26.6875 ], [ 92.9697, 26.6554 ], [ 92.9489, 26.6505 ], [ 92.9637, 26.6441 ], [ 92.9707, 26.646 ], [ 92.974, 26.6183 ], [ 92.9512, 26.6204 ], [ 92.934, 26.6154 ], [ 92.9038, 26.6847 ], [ 92.8963, 26.695 ], [ 92.8835, 26.7023 ], [ 92.8813, 26.6984 ], [ 92.8845, 26.696 ], [ 92.8742, 26.6952 ], [ 92.8603, 26.685 ], [ 92.8461, 26.6819 ], [ 92.8402, 26.7086 ], [ 92.8272, 26.7102 ], [ 92.8252, 26.7175 ], [ 92.802, 26.716 ], [ 92.7953, 26.706 ], [ 92.7901, 26.7108 ], [ 92.7913, 26.7193 ], [ 92.7756, 26.7158 ], [ 92.7687, 26.7251 ], [ 92.7639, 26.7211 ], [ 92.747, 26.723 ], [ 92.7356, 26.7139 ], [ 92.7269, 26.7139 ], [ 92.7163, 26.7069 ], [ 92.7178, 26.6987 ], [ 92.6844, 26.7047 ], [ 92.6829, 26.6958 ], [ 92.6408, 26.6974 ], [ 92.6374, 26.7125 ], [ 92.6273, 26.7187 ], [ 92.6204, 26.7307 ], [ 92.6147, 26.7323 ], [ 92.6193, 26.7546 ], [ 92.6066, 26.78 ], [ 92.6165, 26.7836 ], [ 92.6041, 26.7942 ], [ 92.6134, 26.802 ], [ 92.6124, 26.8092 ], [ 92.6177, 26.8124 ], [ 92.6029, 26.825 ], [ 92.6027, 26.8355 ], [ 92.593, 26.8368 ], [ 92.5914, 26.8618 ], [ 92.5847, 26.8654 ], [ 92.5833, 26.8739 ], [ 92.5736, 26.8739 ], [ 92.5739, 26.8881 ], [ 92.5711, 26.8891 ], [ 92.5756, 26.9185 ], [ 92.5832, 26.9299 ], [ 92.5789, 26.9339 ], [ 92.5797, 26.9442 ], [ 92.5882, 26.9516 ], [ 92.5871, 26.956 ], [ 92.5909, 26.9566 ], [ 92.5878, 26.9611 ], [ 92.6448, 26.9867 ], [ 92.6725, 27.0316 ], [ 92.7229, 27.0182 ], [ 92.7632, 27.0273 ], [ 92.7784, 27.0228 ] ] ] } },
{ "type": "Feature", "properties": { "unit_id": "IND.4.25.1_1", "name": "Naduar Circle", "district": "Biswanath", "did": "assam:Biswanath", "state_key": "assam" }, "geometry": { "type": "Polygon", "coordinates": [ [ [ 93.0614, 26.922 ], [ 93.0554, 26.9086 ], [ 93.0595, 26.9009 ], [ 93.0574, 26.8828 ], [ 93.0612, 26.8725 ], [ 93.0433, 26.8509 ], [ 93.0477, 26.8372 ], [ 93.0641, 26.8223 ], [ 93.0578, 26.8032 ], [ 93.0636, 26.7977 ], [ 93.0667, 26.7768 ], [ 93.0744, 26.7683 ], [ 93.0677, 26.7596 ], [ 93.0705, 26.7544 ], [ 93.068, 26.7467 ], [ 93.0872, 26.7124 ], [ 93.083, 26.7106 ], [ 93.084, 26.7018 ], [ 93.1037, 26.6954 ], [ 93.1068, 26.6768 ], [ 93.1233, 26.6596 ], [ 93.1451, 26.5918 ], [ 93.1073, 26.5775 ], [ 93.095, 26.5777 ], [ 93.0711, 26.5979 ], [ 93.0554, 26.595 ], [ 93.0138, 26.5977 ], [ 93.0002, 26.6019 ], [ 92.9931, 26.6137 ], [ 92.974, 26.6183 ], [ 92.9707, 26.646 ], [ 92.9637, 26.6441 ], [ 92.9489, 26.6505 ], [ 92.9697, 26.6554 ], [ 92.9655, 26.6875 ], [ 92.9599, 26.6903 ], [ 92.9602, 26.6939 ], [ 92.9719, 26.7003 ], [ 92.9688, 26.7046 ], [ 92.9791, 26.7077 ], [ 92.9829, 26.713 ], [ 92.977, 26.7253 ], [ 92.9825, 26.7291 ], [ 92.9783, 26.7333 ], [ 92.98, 26.7399 ], [ 92.9689, 26.7379 ], [ 92.9661, 26.7447 ], [ 92.9693, 26.7535 ], [ 92.9781, 26.7546 ], [ 92.9749, 26.7622 ], [ 92.9662, 26.7615 ], [ 92.973, 26.7693 ], [ 92.9728, 26.7917 ], [ 92.9644, 26.7927 ], [ 92.9663, 26.7984 ], [ 92.9578, 26.7943 ], [ 92.9569, 26.7994 ], [ 92.9428, 26.806 ], [ 92.947, 26.8208 ], [ 92.9392, 26.8223 ], [ 92.9402, 26.8268 ], [ 92.9515, 26.8276 ], [ 92.9462, 26.8373 ], [ 92.946, 26.8498 ], [ 92.957, 26.8562 ], [ 92.9551, 26.8691 ], [ 92.9593, 26.8771 ], [ 92.9035, 26.8788 ], [ 92.9397, 26.8938 ], [ 92.9829, 26.9355 ], [ 93.0217, 26.9135 ], [ 93.0614, 26.922 ] ] ] } },
{ "type": "Feature", "properties": { "unit_id": "IND.4.25.1_1", "name": "Biswanath Circle", "district": "Biswanath", "did": "assam:Biswanath", "state_key": "assam" }, "geometry": { "type": "Polygon", "coordinates": [ [ [ 93.4109, 26.908 ], [ 93.4186, 26.9092 ], [ 93.4225, 26.9063 ], [ 93.4195, 26.8898 ], [ 93.4092, 26.8892 ], [ 93.4038, 26.8795 ], [ 93.4076, 26.8646 ], [ 93.4233, 26.8622 ], [ 93.4171, 26.8408 ], [ 93.4281, 26.8435 ], [ 93.4315, 26.8398 ], [ 93.4218, 26.8174 ], [ 93.4325, 26.8137 ], [ 93.436, 26.8078 ], [ 93.4292, 26.7824 ], [ 93.4416, 26.7747 ], [ 93.4652, 26.7772 ], [ 93.471, 26.7566 ], [ 93.4412, 26.7485 ], [ 93.3963, 26.7507 ], [ 93.3721, 26.7459 ], [ 93.3452, 26.7317 ], [ 93.3309, 26.7088 ], [ 93.2907, 26.6975 ], [ 93.2857, 26.689 ], [ 93.2739, 26.6853 ], [ 93.2615, 26.6832 ], [ 93.2507, 26.6873 ], [ 93.2453, 26.6859 ], [ 93.2265, 26.6606 ], [ 93.2198, 26.631 ], [ 93.1676, 26.612 ], [ 93.1602, 26.6015 ], [ 93.1451, 26.5918 ], [ 93.1233, 26.6596 ], [ 93.1068, 26.6768 ], [ 93.1037, 26.6954 ], [ 93.084, 26.7018 ], [ 93.083, 26.7106 ], [ 93.0872, 26.7124 ], [ 93.068, 26.7467 ], [ 93.0705, 26.7544 ], [ 93.0677, 26.7596 ], [ 93.0744, 26.7683 ], [ 93.0667, 26.7768 ], [ 93.0636, 26.7977 ], [ 93.0578, 26.8032 ], [ 93.0641, 26.8223 ], [ 93.0477, 26.8372 ], [ 93.0433, 26.8509 ], [ 93.0612, 26.8725 ], [ 93.0574, 26.8828 ], [ 93.0595, 26.9009 ], [ 93.0554, 26.9086 ], [ 93.0579, 26.9185 ], [ 93.0631, 26.9223 ], [ 93.0882, 26.9144 ], [ 93.1074, 26.9258 ], [ 93.2468, 26.9512 ], [ 93.3241, 26.9601 ], [ 93.407, 26.956 ], [ 93.4029, 26.9505 ], [ 93.404, 26.9382 ], [ 93.4083, 26.9342 ], [ 93.4017, 26.9247 ], [ 93.411, 26.9178 ], [ 93.4109, 26.908 ] ] ] } },
{ "type": "Feature", "properties": { "unit_id": "IND.4.12.1_1", "name": "Bokakhat Circle", "district": "Golaghat", "did": "assam:Golaghat", "state_key": "assam" }, "geometry": { "type": "Polygon", "coordinates": [ [ [ 93.6744, 26.7715 ], [ 93.7478, 26.7749 ], [ 93.7632, 26.7726 ], [ 93.7847, 26.7106 ], [ 93.7812, 26.6816 ], [ 93.8176, 26.6853 ], [ 93.8268, 26.6796 ], [ 93.8244, 26.6617 ], [ 93.8142, 26.6529 ], [ 93.7852, 26.6446 ], [ 93.7585, 26.6262 ], [ 93.7629, 26.5959 ], [ 93.7542, 26.5789 ], [ 93.7517, 26.5856 ], [ 93.7401, 26.5836 ], [ 93.7352, 26.5939 ], [ 93.7166, 26.6039 ], [ 93.6908, 26.6073 ], [ 93.6788, 26.6047 ], [ 93.6748, 26.6002 ], [ 93.6659, 26.6048 ], [ 93.6614, 26.5996 ], [ 93.6525, 26.6024 ], [ 93.6419, 26.5997 ], [ 93.6409, 26.5965 ], [ 93.6319, 26.596 ], [ 93.6253, 26.5885 ], [ 93.6219, 26.5903 ], [ 93.6212, 26.5761 ], [ 93.6138, 26.57 ], [ 93.6172, 26.5664 ], [ 93.6108, 26.5668 ], [ 93.6118, 26.5774 ], [ 93.5897, 26.5708 ], [ 93.5893, 26.5769 ], [ 93.583, 26.5801 ], [ 93.5834, 26.5969 ], [ 93.59, 26.5985 ], [ 93.586, 26.6037 ], [ 93.5533, 26.6127 ], [ 93.5497, 26.6045 ], [ 93.5237, 26.5937 ], [ 93.5095, 26.5935 ], [ 93.504, 26.6063 ], [ 93.5002, 26.6058 ], [ 93.4955, 26.6112 ], [ 93.494, 26.6059 ], [ 93.478, 26.6032 ], [ 93.4694, 26.5954 ], [ 93.4698, 26.5916 ], [ 93.4784, 26.5887 ], [ 93.4886, 26.5903 ], [ 93.4916, 26.5871 ], [ 93.4743, 26.582 ], [ 93.4637, 26.5694 ], [ 93.4565, 26.5687 ], [ 93.4553, 26.572 ], [ 93.4641, 26.577 ], [ 93.4647, 26.586 ], [ 93.4569, 26.576 ], [ 93.4523, 26.5753 ], [ 93.453, 26.5808 ], [ 93.4087, 26.5692 ], [ 93.3974, 26.5715 ], [ 93.4062, 26.575 ], [ 93.4028, 26.5802 ], [ 93.3364, 26.5803 ], [ 93.3259, 26.5849 ], [ 93.3142, 26.5825 ], [ 93.3104, 26.5765 ], [ 93.2949, 26.572 ], [ 93.3024, 26.581 ], [ 93.2914, 26.5907 ], [ 93.2965, 26.6119 ], [ 93.2869, 26.6375 ], [ 93.3046, 26.6368 ], [ 93.3178, 26.6537 ], [ 93.3067, 26.6676 ], [ 93.312, 26.6774 ], [ 93.3168, 26.678 ], [ 93.3151, 26.6866 ], [ 93.3039, 26.7004 ], [ 93.3309, 26.7088 ], [ 93.349, 26.7345 ], [ 93.3721, 26.7459 ], [ 93.3963, 26.7507 ], [ 93.4412, 26.7485 ], [ 93.4596, 26.7552 ], [ 93.476, 26.757 ], [ 93.4925, 26.7543 ], [ 93.5041, 26.7571 ], [ 93.5301, 26.7467 ], [ 93.5377, 26.7505 ], [ 93.5431, 26.7428 ], [ 93.5594, 26.7348 ], [ 93.5617, 26.732 ], [ 93.5579, 26.7315 ], [ 93.5579, 26.7274 ], [ 93.566, 26.7222 ], [ 93.6509, 26.7062 ], [ 93.6621, 26.7124 ], [ 93.6705, 26.7121 ], [ 93.6501, 26.7548 ], [ 93.6489, 26.7748 ], [ 93.6744, 26.7715 ] ] ] } },
{ "type": "Feature", "properties": { "unit_id": "IND.4.25.1_1", "name": "Helem Circle", "district": "Biswanath", "did": "assam:Biswanath", "state_key": "assam" }, "geometry": { "type": "Polygon", "coordinates": [ [ [ 93.542, 26.8756 ], [ 93.6007, 26.9 ], [ 93.616, 26.8733 ], [ 93.6246, 26.8682 ], [ 93.6253, 26.8597 ], [ 93.6323, 26.8539 ], [ 93.628, 26.8491 ], [ 93.6332, 26.8418 ], [ 93.6263, 26.844 ], [ 93.6194, 26.832 ], [ 93.6281, 26.8194 ], [ 93.6252, 26.8017 ], [ 93.6346, 26.7971 ], [ 93.649, 26.7985 ], [ 93.6427, 26.7857 ], [ 93.6492, 26.7576 ], [ 93.6705, 26.7121 ], [ 93.6621, 26.7124 ], [ 93.6509, 26.7062 ], [ 93.5897, 26.7193 ], [ 93.5749, 26.7193 ], [ 93.5598, 26.7253 ], [ 93.5579, 26.7315 ], [ 93.5612, 26.7329 ], [ 93.5431, 26.7428 ], [ 93.5377, 26.7505 ], [ 93.5301, 26.7467 ], [ 93.5041, 26.7571 ], [ 93.4921, 26.7543 ], [ 93.471, 26.7566 ], [ 93.4652, 26.7772 ], [ 93.4416, 26.7747 ], [ 93.4292, 26.7824 ], [ 93.436, 26.8078 ], [ 93.4325, 26.8137 ], [ 93.4218, 26.8174 ], [ 93.4315, 26.8398 ], [ 93.4281, 26.8435 ], [ 93.4171, 26.8408 ], [ 93.4233, 26.8622 ], [ 93.4076, 26.8646 ], [ 93.4038, 26.8795 ], [ 93.4092, 26.8892 ], [ 93.4195, 26.8898 ], [ 93.4226, 26.9058 ], [ 93.4186, 26.9092 ], [ 93.4109, 26.908 ], [ 93.411, 26.9178 ], [ 93.4015, 26.9234 ], [ 93.4083, 26.9337 ], [ 93.404, 26.9382 ], [ 93.4035, 26.9523 ], [ 93.407, 26.956 ], [ 93.4488, 26.9508 ], [ 93.4625, 26.9379 ], [ 93.4706, 26.9366 ], [ 93.4863, 26.9423 ], [ 93.4891, 26.9362 ], [ 93.5073, 26.9439 ], [ 93.5344, 26.9487 ], [ 93.5341, 26.9395 ], [ 93.5462, 26.9093 ], [ 93.542, 26.8756 ] ] ] } },
{ "type": "Feature", "properties": { "unit_id": "IND.4.25.1_1", "name": "Gohpur Circle", "district": "Biswanath", "did": "assam:Biswanath", "state_key": "assam" }, "geometry": { "type": "Polygon", "coordinates": [ [ [ 93.6992, 26.9889 ], [ 93.7088, 26.9854 ], [ 93.7112, 26.9804 ], [ 93.7188, 26.9807 ], [ 93.7236, 26.9699 ], [ 93.7366, 26.9676 ], [ 93.7441, 26.9579 ], [ 93.7419, 26.9402 ], [ 93.746, 26.9365 ], [ 93.749, 26.9141 ], [ 93.7393, 26.9094 ], [ 93.7426, 26.904 ], [ 93.7395, 26.8986 ], [ 93.7529, 26.8915 ], [ 93.7751, 26.8889 ], [ 93.7773, 26.8839 ], [ 93.7804, 26.886 ], [ 93.7805, 26.8735 ], [ 93.7894, 26.8607 ], [ 93.7877, 26.8571 ], [ 93.778, 26.855 ], [ 93.7748, 26.8479 ], [ 93.7632, 26.8399 ], [ 93.7584, 26.8307 ], [ 93.7601, 26.8219 ], [ 93.7509, 26.8037 ], [ 93.7438, 26.8017 ], [ 93.7323, 26.8112 ], [ 93.7131, 26.8162 ], [ 93.6893, 26.7976 ], [ 93.6753, 26.7975 ], [ 93.6699, 26.8009 ], [ 93.6487, 26.7882 ], [ 93.6491, 26.7636 ], [ 93.6427, 26.7857 ], [ 93.649, 26.7985 ], [ 93.6323, 26.7974 ], [ 93.6246, 26.8038 ], [ 93.6281, 26.8194 ], [ 93.6194, 26.832 ], [ 93.6263, 26.844 ], [ 93.6332, 26.8418 ], [ 93.628, 26.8491 ], [ 93.6323, 26.8539 ], [ 93.6253, 26.8597 ], [ 93.6246, 26.8682 ], [ 93.616, 26.8733 ], [ 93.6007, 26.9 ], [ 93.542, 26.8756 ], [ 93.5462, 26.9093 ], [ 93.542, 26.9268 ], [ 93.5341, 26.9395 ], [ 93.5344, 26.9487 ], [ 93.5597, 26.9527 ], [ 93.5867, 26.9505 ], [ 93.6147, 26.9603 ], [ 93.6601, 26.967 ], [ 93.6757, 26.9746 ], [ 93.6982, 26.9937 ], [ 93.6992, 26.9889 ] ] ] } },
{ "type": "Feature", "properties": { "unit_id": "IND.4.17.1_1", "name": "Bokajan", "district": "Karbi Anaglong", "did": "assam:Karbi Anaglong", "state_key": "assam" }, "geometry": { "type": "Polygon", "coordinates": [ [ [ 93.7352, 26.5939 ], [ 93.7401, 26.5836 ], [ 93.7523, 26.585 ], [ 93.7517, 26.5772 ], [ 93.7399, 26.567 ], [ 93.7412, 26.5578 ], [ 93.7369, 26.5599 ], [ 93.7366, 26.5514 ], [ 93.7332, 26.5498 ], [ 93.7396, 26.5469 ], [ 93.7389, 26.5399 ], [ 93.7315, 26.5379 ], [ 93.7368, 26.5334 ], [ 93.742, 26.5377 ], [ 93.7398, 26.5344 ], [ 93.7435, 26.5276 ], [ 93.756, 26.5291 ], [ 93.7583, 26.5225 ], [ 93.7513, 26.5183 ], [ 93.7574, 26.5157 ], [ 93.7552, 26.5093 ], [ 93.7622, 26.5072 ], [ 93.7632, 26.5017 ], [ 93.7697, 26.4977 ], [ 93.7789, 26.4758 ], [ 93.7755, 26.4734 ], [ 93.7712, 26.4767 ], [ 93.7707, 26.474 ], [ 93.7778, 26.4661 ], [ 93.7855, 26.4647 ], [ 93.7851, 26.4525 ], [ 93.7944, 26.4403 ], [ 93.7831, 26.4388 ], [ 93.7836, 26.4336 ], [ 93.7894, 26.4339 ], [ 93.7939, 26.4286 ], [ 93.7812, 26.425 ], [ 93.7806, 26.415 ], [ 93.7831, 26.4097 ], [ 93.7991, 26.4089 ], [ 93.7806, 26.3869 ], [ 93.7733, 26.3869 ], [ 93.7748, 26.384 ], [ 93.794, 26.376 ], [ 93.7962, 26.3867 ], [ 93.8061, 26.3961 ], [ 93.8166, 26.3987 ], [ 93.8267, 26.4179 ], [ 93.8587, 26.3986 ], [ 93.8656, 26.389 ], [ 93.8788, 26.3941 ], [ 93.8839, 26.3921 ], [ 93.8806, 26.3879 ], [ 93.8848, 26.3861 ], [ 93.8831, 26.3813 ], [ 93.8886, 26.3812 ], [ 93.8811, 26.3726 ], [ 93.8942, 26.3719 ], [ 93.8831, 26.3621 ], [ 93.8886, 26.3568 ], [ 93.8829, 26.3529 ], [ 93.8893, 26.3469 ], [ 93.8814, 26.3444 ], [ 93.8874, 26.3403 ], [ 93.8865, 26.3283 ], [ 93.8947, 26.3291 ], [ 93.8865, 26.3238 ], [ 93.8938, 26.3156 ], [ 93.8855, 26.3205 ], [ 93.885, 26.3107 ], [ 93.8797, 26.3132 ], [ 93.8738, 26.3098 ], [ 93.8854, 26.3066 ], [ 93.8847, 26.3024 ], [ 93.8702, 26.3002 ], [ 93.8723, 26.2965 ], [ 93.8685, 26.2945 ], [ 93.8765, 26.288 ], [ 93.8726, 26.2816 ], [ 93.8811, 26.2737 ], [ 93.8708, 26.2756 ], [ 93.8736, 26.2724 ], [ 93.8684, 26.2663 ], [ 93.8748, 26.264 ], [ 93.8653, 26.2582 ], [ 93.8672, 26.2511 ], [ 93.8604, 26.2525 ], [ 93.8648, 26.2459 ], [ 93.8549, 26.2472 ], [ 93.8479, 26.2418 ], [ 93.8513, 26.2392 ], [ 93.8553, 26.2455 ], [ 93.8607, 26.2418 ], [ 93.86, 26.2367 ], [ 93.8646, 26.2354 ], [ 93.8562, 26.2288 ], [ 93.8571, 26.2218 ], [ 93.8515, 26.2157 ], [ 93.8407, 26.2181 ], [ 93.8441, 26.2123 ], [ 93.8338, 26.2072 ], [ 93.8341, 26.2005 ], [ 93.8412, 26.2046 ], [ 93.8378, 26.1945 ], [ 93.8321, 26.1987 ], [ 93.8289, 26.196 ], [ 93.8338, 26.1899 ], [ 93.8275, 26.1863 ], [ 93.8343, 26.175 ], [ 93.8273, 26.1806 ], [ 93.8271, 26.1733 ], [ 93.8145, 26.1723 ], [ 93.7941, 26.1593 ], [ 93.7731, 26.1632 ], [ 93.7546, 26.1597 ], [ 93.7498, 26.1706 ], [ 93.7378, 26.1734 ], [ 93.7314, 26.1795 ], [ 93.7202, 26.1731 ], [ 93.7125, 26.1744 ], [ 93.6907, 26.1662 ], [ 93.6951, 26.1529 ], [ 93.7044, 26.1498 ], [ 93.6912, 26.1317 ], [ 93.6532, 26.1309 ], [ 93.6193, 26.1913 ], [ 93.6009, 26.1888 ], [ 93.5671, 26.1906 ], [ 93.5665, 26.2055 ], [ 93.5809, 26.2233 ], [ 93.5808, 26.2365 ], [ 93.569, 26.2433 ], [ 93.5381, 26.2481 ], [ 93.5077, 26.2423 ], [ 93.4885, 26.2521 ], [ 93.4893, 26.3394 ], [ 93.4962, 26.3446 ], [ 93.4987, 26.3626 ], [ 93.5064, 26.3703 ], [ 93.5175, 26.3744 ], [ 93.5184, 26.3926 ], [ 93.5239, 26.3894 ], [ 93.5293, 26.4003 ], [ 93.5252, 26.3965 ], [ 93.5127, 26.3995 ], [ 93.4964, 26.3913 ], [ 93.4832, 26.393 ], [ 93.4742, 26.3879 ], [ 93.4358, 26.4044 ], [ 93.4227, 26.4199 ], [ 93.4195, 26.4625 ], [ 93.4424, 26.489 ], [ 93.4573, 26.4938 ], [ 93.4743, 26.4935 ], [ 93.4814, 26.4967 ], [ 93.4893, 26.5083 ], [ 93.4755, 26.5267 ], [ 93.472, 26.5408 ], [ 93.4802, 26.5529 ], [ 93.494, 26.5579 ], [ 93.4955, 26.6112 ], [ 93.5002, 26.6058 ], [ 93.504, 26.6063 ], [ 93.5097, 26.5935 ], [ 93.537, 26.5979 ], [ 93.5411, 26.6032 ], [ 93.5516, 26.6059 ], [ 93.5529, 26.6126 ], [ 93.5684, 26.6102 ], [ 93.5749, 26.6049 ], [ 93.5813, 26.6058 ], [ 93.5899, 26.5997 ], [ 93.5834, 26.5969 ], [ 93.5825, 26.5852 ], [ 93.5897, 26.5708 ], [ 93.6109, 26.5777 ], [ 93.6131, 26.5729 ], [ 93.61, 26.5674 ], [ 93.6167, 26.566 ], [ 93.6138, 26.57 ], [ 93.6212, 26.5761 ], [ 93.6219, 26.5903 ], [ 93.6253, 26.5885 ], [ 93.6319, 26.596 ], [ 93.6409, 26.5965 ], [ 93.6419, 26.5997 ], [ 93.6525, 26.6024 ], [ 93.6614, 26.5996 ], [ 93.6659, 26.6048 ], [ 93.6748, 26.6002 ], [ 93.6833, 26.606 ], [ 93.7142, 26.6049 ], [ 93.7352, 26.5939 ] ] ] } },
{ "type": "Feature", "properties": { "unit_id": "IND.4.22.1_1", "name": "Kaliabar Circle", "district": "Nagaon", "did": "assam:Nagaon", "state_key": "assam" }, "geometry": { "type": "Polygon", "coordinates": [ [ [ 93.312, 26.6774 ], [ 93.3067, 26.6676 ], [ 93.317, 26.6576 ], [ 93.3175, 26.6506 ], [ 93.3046, 26.6368 ], [ 93.2869, 26.6372 ], [ 93.2965, 26.6119 ], [ 93.2914, 26.5907 ], [ 93.3022, 26.5804 ], [ 93.2816, 26.5691 ], [ 93.2699, 26.573 ], [ 93.2529, 26.5679 ], [ 93.2512, 26.57 ], [ 93.2349, 26.5537 ], [ 93.2565, 26.5511 ], [ 93.2471, 26.545 ], [ 93.2627, 26.5379 ], [ 93.2551, 26.5346 ], [ 93.2565, 26.532 ], [ 93.2646, 26.5337 ], [ 93.2735, 26.5452 ], [ 93.272, 26.5378 ], [ 93.2754, 26.5339 ], [ 93.2639, 26.5274 ], [ 93.2691, 26.5279 ], [ 93.2749, 26.5218 ], [ 93.281, 26.5252 ], [ 93.2878, 26.5207 ], [ 93.2868, 26.5173 ], [ 93.2939, 26.5131 ], [ 93.2921, 26.5047 ], [ 93.283, 26.5139 ], [ 93.2842, 26.5198 ], [ 93.2722, 26.5168 ], [ 93.2731, 26.5087 ], [ 93.2634, 26.5089 ], [ 93.2698, 26.5148 ], [ 93.2634, 26.5211 ], [ 93.2461, 26.5236 ], [ 93.2446, 26.5325 ], [ 93.2333, 26.5357 ], [ 93.2298, 26.5325 ], [ 93.2192, 26.5363 ], [ 93.213, 26.5297 ], [ 93.2116, 26.524 ], [ 93.2173, 26.5226 ], [ 93.2111, 26.5201 ], [ 93.2159, 26.5144 ], [ 93.2125, 26.5112 ], [ 93.2173, 26.5075 ], [ 93.2123, 26.5089 ], [ 93.2042, 26.5014 ], [ 93.2005, 26.5014 ], [ 93.2043, 26.5056 ], [ 93.201, 26.5065 ], [ 93.2029, 26.5092 ], [ 93.206, 26.5076 ], [ 93.2098, 26.5148 ], [ 93.1994, 26.5335 ], [ 93.1906, 26.5358 ], [ 93.1609, 26.524 ], [ 93.1595, 26.526 ], [ 93.1693, 26.5316 ], [ 93.1738, 26.531 ], [ 93.1804, 26.5404 ], [ 93.2, 26.5435 ], [ 93.2097, 26.5562 ], [ 93.2093, 26.564 ], [ 93.2033, 26.5622 ], [ 93.1906, 26.5671 ], [ 93.1509, 26.5464 ], [ 93.1471, 26.5559 ], [ 93.1415, 26.5556 ], [ 93.1336, 26.5446 ], [ 93.1238, 26.538 ], [ 93.117, 26.5377 ], [ 93.119, 26.5331 ], [ 93.1143, 26.5303 ], [ 93.1035, 26.5352 ], [ 93.1012, 26.5428 ], [ 93.0967, 26.5406 ], [ 93.0891, 26.5447 ], [ 93.0599, 26.5447 ], [ 93.043, 26.5351 ], [ 93.0483, 26.526 ], [ 93.0381, 26.5256 ], [ 93.0368, 26.5183 ], [ 93.0251, 26.5156 ], [ 93.0128, 26.5075 ], [ 93.0125, 26.4991 ], [ 93.0065, 26.4912 ], [ 93.0087, 26.4812 ], [ 93.0136, 26.4773 ], [ 93.0357, 26.4863 ], [ 93.0448, 26.4867 ], [ 93.0472, 26.4908 ], [ 93.0685, 26.4914 ], [ 93.0666, 26.5003 ], [ 93.0702, 26.4968 ], [ 93.0705, 26.4914 ], [ 93.0907, 26.4999 ], [ 93.0645, 26.4794 ], [ 93.0738, 26.4786 ], [ 93.0761, 26.4694 ], [ 93.0903, 26.4687 ], [ 93.0898, 26.4605 ], [ 93.0966, 26.4635 ], [ 93.103, 26.4604 ], [ 93.1021, 26.4644 ], [ 93.1081, 26.467 ], [ 93.0982, 26.473 ], [ 93.1117, 26.4838 ], [ 93.1173, 26.4853 ], [ 93.1196, 26.4808 ], [ 93.1247, 26.4833 ], [ 93.1193, 26.4932 ], [ 93.1253, 26.4958 ], [ 93.1214, 26.4925 ], [ 93.1247, 26.4883 ], [ 93.1329, 26.4897 ], [ 93.1268, 26.4859 ], [ 93.1277, 26.4803 ], [ 93.1361, 26.4851 ], [ 93.1319, 26.4775 ], [ 93.1104, 26.4711 ], [ 93.1146, 26.4677 ], [ 93.1201, 26.4691 ], [ 93.121, 26.4642 ], [ 93.1283, 26.4644 ], [ 93.1039, 26.4489 ], [ 93.1111, 26.4474 ], [ 93.1104, 26.4416 ], [ 93.1183, 26.4419 ], [ 93.0992, 26.433 ], [ 93.1003, 26.437 ], [ 93.0954, 26.436 ], [ 93.1056, 26.4409 ], [ 93.0993, 26.4458 ], [ 93.0738, 26.4326 ], [ 93.0702, 26.4315 ], [ 93.0685, 26.4352 ], [ 93.0674, 26.431 ], [ 93.0791, 26.4284 ], [ 93.0841, 26.4337 ], [ 93.0916, 26.4338 ], [ 93.0779, 26.425 ], [ 93.0773, 26.4191 ], [ 93.0691, 26.4188 ], [ 93.0671, 26.4232 ], [ 93.0612, 26.4159 ], [ 93.0554, 26.4196 ], [ 93.0503, 26.4157 ], [ 93.049, 26.4198 ], [ 93.0572, 26.4218 ], [ 93.0526, 26.4256 ], [ 93.056, 26.4283 ], [ 93.0436, 26.4373 ], [ 93.023, 26.4217 ], [ 93.0168, 26.4204 ], [ 93.0041, 26.4247 ], [ 92.9822, 26.4173 ], [ 92.9793, 26.4208 ], [ 92.9695, 26.4124 ], [ 92.9619, 26.4131 ], [ 92.9656, 26.4066 ], [ 92.9584, 26.4084 ], [ 92.9518, 26.405 ], [ 92.9497, 26.3976 ], [ 92.9425, 26.3999 ], [ 92.9467, 26.4081 ], [ 92.9703, 26.4183 ], [ 92.9734, 26.4359 ], [ 92.9609, 26.4248 ], [ 92.9437, 26.4171 ], [ 92.9374, 26.4168 ], [ 92.9318, 26.4215 ], [ 92.9153, 26.4142 ], [ 92.9123, 26.415 ], [ 92.9118, 26.4237 ], [ 92.913, 26.4306 ], [ 92.9469, 26.4366 ], [ 92.9648, 26.4459 ], [ 92.9576, 26.4484 ], [ 92.9464, 26.462 ], [ 92.943, 26.4571 ], [ 92.9341, 26.4582 ], [ 92.9247, 26.4542 ], [ 92.947, 26.4846 ], [ 92.9144, 26.4715 ], [ 92.8964, 26.4811 ], [ 92.9008, 26.4884 ], [ 92.8962, 26.493 ], [ 92.8852, 26.4848 ], [ 92.88, 26.4878 ], [ 92.8796, 26.4732 ], [ 92.8713, 26.4833 ], [ 92.8766, 26.495 ], [ 92.8782, 26.5175 ], [ 92.8496, 26.5174 ], [ 92.8281, 26.5365 ], [ 92.8303, 26.5464 ], [ 92.8401, 26.5514 ], [ 92.8483, 26.5615 ], [ 92.8511, 26.585 ], [ 92.8692, 26.5817 ], [ 92.8928, 26.5957 ], [ 92.917, 26.595 ], [ 92.935, 26.6159 ], [ 92.9512, 26.6204 ], [ 92.9931, 26.6137 ], [ 92.9967, 26.6109 ], [ 92.9961, 26.6042 ], [ 93.0138, 26.5977 ], [ 93.0554, 26.595 ], [ 93.0711, 26.5979 ], [ 93.0966, 26.5771 ], [ 93.1182, 26.5799 ], [ 93.1548, 26.5972 ], [ 93.1676, 26.612 ], [ 93.2198, 26.631 ], [ 93.2265, 26.6606 ], [ 93.2435, 26.6849 ], [ 93.2507, 26.6873 ], [ 93.2615, 26.6832 ], [ 93.2739, 26.6853 ], [ 93.2857, 26.689 ], [ 93.2907, 26.6975 ], [ 93.3039, 26.7004 ], [ 93.3172, 26.6789 ], [ 93.312, 26.6774 ] ] ] } },
{ "type": "Feature", "properties": { "unit_id": "IND.4.22.1_1", "name": "Kaliabar Circle (part)", "district": "Nagaon", "did": "assam:Nagaon", "state_key": "assam" }, "geometry": { "type": "MultiPolygon", "coordinates": [ [ [ [ 92.8825, 26.3795 ], [ 92.9003, 26.3864 ], [ 92.8931, 26.3819 ], [ 92.8897, 26.3745 ], [ 92.8923, 26.3735 ], [ 92.9031, 26.3855 ], [ 92.9081, 26.3817 ], [ 92.9037, 26.3805 ], [ 92.909, 26.3777 ], [ 92.9169, 26.3795 ], [ 92.9166, 26.3767 ], [ 92.9211, 26.3824 ], [ 92.9258, 26.379 ], [ 92.9171, 26.3734 ], [ 92.9212, 26.3686 ], [ 92.9087, 26.3575 ], [ 92.9109, 26.3548 ], [ 92.9072, 26.3505 ], [ 92.8986, 26.3508 ], [ 92.8891, 26.3615 ], [ 92.8759, 26.3591 ], [ 92.87, 26.3664 ], [ 92.877, 26.3859 ], [ 92.889, 26.3877 ], [ 92.8825, 26.3795 ] ] ], [ [ [ 92.9609, 26.4248 ], [ 92.9734, 26.4359 ], [ 92.9703, 26.4183 ], [ 92.9634, 26.417 ], [ 92.9609, 26.4248 ] ] ] ] } },
{ "type": "Feature", "properties": { "unit_id": "IND.4.17.1_1", "name": "Howraghat", "district": "Karbi Anaglong", "did": "assam:Karbi Anaglong", "state_key": "assam" }, "geometry": { "type": "Polygon", "coordinates": [ [ [ 93.494, 26.5579 ], [ 93.4802, 26.5529 ], [ 93.472, 26.5408 ], [ 93.4755, 26.5267 ], [ 93.4893, 26.5083 ], [ 93.4814, 26.4967 ], [ 93.4743, 26.4935 ], [ 93.4573, 26.4938 ], [ 93.4424, 26.489 ], [ 93.4195, 26.4625 ], [ 93.4227, 26.4199 ], [ 93.4358, 26.4044 ], [ 93.4742, 26.3879 ], [ 93.4832, 26.393 ], [ 93.4964, 26.3913 ], [ 93.5127, 26.3995 ], [ 93.5252, 26.3965 ], [ 93.5293, 26.4003 ], [ 93.5239, 26.3894 ], [ 93.5184, 26.3926 ], [ 93.5175, 26.3744 ], [ 93.5064, 26.3703 ], [ 93.4987, 26.3626 ], [ 93.4962, 26.3446 ], [ 93.4893, 26.3394 ], [ 93.4885, 26.2521 ], [ 93.5077, 26.2423 ], [ 93.5381, 26.2481 ], [ 93.569, 26.2433 ], [ 93.5808, 26.2365 ], [ 93.5809, 26.2233 ], [ 93.5665, 26.2055 ], [ 93.5671, 26.1906 ], [ 93.6009, 26.1888 ], [ 93.6193, 26.1913 ], [ 93.648, 26.137 ], [ 93.6369, 26.1351 ], [ 93.597, 26.1402 ], [ 93.5783, 26.1548 ], [ 93.5688, 26.153 ], [ 93.5673, 26.119 ], [ 93.5467, 26.1096 ], [ 93.5432, 26.1042 ], [ 93.5503, 26.0963 ], [ 93.5525, 26.0844 ], [ 93.5426, 26.0718 ], [ 93.5389, 26.051 ], [ 93.5223, 26.0503 ], [ 93.5187, 26.0364 ], [ 93.5004, 26.0323 ], [ 93.4869, 26.0224 ], [ 93.4824, 26.0146 ], [ 93.4685, 26.0146 ], [ 93.4642, 26.0116 ], [ 93.4598, 25.9938 ], [ 93.4485, 25.9825 ], [ 93.4345, 25.9761 ], [ 93.4233, 25.9801 ], [ 93.4201, 25.9763 ], [ 93.4188, 25.9806 ], [ 93.4063, 25.9852 ], [ 93.4074, 25.9898 ], [ 93.4031, 25.9877 ], [ 93.4002, 25.992 ], [ 93.3914, 25.9905 ], [ 93.3895, 25.9961 ], [ 93.3679, 25.9988 ], [ 93.3548, 25.987 ], [ 93.3497, 25.9894 ], [ 93.3407, 25.9862 ], [ 93.3381, 25.99 ], [ 93.3333, 25.9896 ], [ 93.3265, 25.9991 ], [ 93.3214, 25.9975 ], [ 93.3126, 26.0018 ], [ 93.305, 25.999 ], [ 93.3072, 25.9911 ], [ 93.2846, 25.9864 ], [ 93.2876, 25.9952 ], [ 93.272, 25.9958 ], [ 93.2596, 26.0003 ], [ 93.2506, 26.0102 ], [ 93.2481, 26.0194 ], [ 93.2375, 26.0205 ], [ 93.2306, 26.0173 ], [ 93.2279, 26.0232 ], [ 93.2211, 26.0222 ], [ 93.2117, 26.034 ], [ 93.2031, 26.0337 ], [ 93.1957, 26.0442 ], [ 93.1797, 25.9971 ], [ 93.1533, 25.995 ], [ 93.1378, 26.0186 ], [ 93.1266, 26.0219 ], [ 93.1272, 26.0311 ], [ 93.11, 26.037 ], [ 93.0934, 26.0331 ], [ 93.1083, 26.0784 ], [ 93.1041, 26.0735 ], [ 93.1001, 26.077 ], [ 93.0884, 26.0744 ], [ 93.0905, 26.0782 ], [ 93.0848, 26.0757 ], [ 93.085, 26.0831 ], [ 93.0816, 26.0784 ], [ 93.0724, 26.0854 ], [ 93.0721, 26.0808 ], [ 93.068, 26.0826 ], [ 93.0686, 26.078 ], [ 93.0654, 26.0826 ], [ 93.0595, 26.0797 ], [ 93.0559, 26.0883 ], [ 93.0508, 26.0846 ], [ 93.0471, 26.0881 ], [ 93.04, 26.0875 ], [ 93.0359, 26.1086 ], [ 93.0331, 26.1058 ], [ 93.0255, 26.1073 ], [ 93.0218, 26.1131 ], [ 93.0126, 26.1126 ], [ 92.9979, 26.1223 ], [ 92.9736, 26.1308 ], [ 92.9665, 26.1291 ], [ 92.9546, 26.1408 ], [ 92.9433, 26.1371 ], [ 92.9315, 26.1388 ], [ 92.929, 26.1454 ], [ 92.9354, 26.1487 ], [ 92.9312, 26.1513 ], [ 92.9361, 26.1504 ], [ 92.9462, 26.1572 ], [ 92.956, 26.1743 ], [ 92.9527, 26.1902 ], [ 92.9478, 26.1911 ], [ 92.9429, 26.2007 ], [ 92.907, 26.2021 ], [ 92.8818, 26.208 ], [ 92.8514, 26.2013 ], [ 92.8433, 26.2049 ], [ 92.8186, 26.2058 ], [ 92.802, 26.2018 ], [ 92.7941, 26.2048 ], [ 92.7936, 26.2195 ], [ 92.8151, 26.214 ], [ 92.827, 26.2251 ], [ 92.8248, 26.2299 ], [ 92.815, 26.233 ], [ 92.8128, 26.2452 ], [ 92.8174, 26.2608 ], [ 92.8139, 26.2626 ], [ 92.8216, 26.2663 ], [ 92.8188, 26.27 ], [ 92.8301, 26.2738 ], [ 92.8332, 26.2799 ], [ 92.8416, 26.2838 ], [ 92.844, 26.3051 ], [ 92.8556, 26.3025 ], [ 92.8488, 26.3 ], [ 92.8543, 26.2937 ], [ 92.8663, 26.2939 ], [ 92.8797, 26.2837 ], [ 92.8923, 26.2884 ], [ 92.8943, 26.3048 ], [ 92.8986, 26.309 ], [ 92.9136, 26.3175 ], [ 92.9214, 26.3132 ], [ 92.9431, 26.3272 ], [ 92.9461, 26.3349 ], [ 92.9396, 26.3531 ], [ 92.932, 26.3508 ], [ 92.9203, 26.3557 ], [ 92.9092, 26.353 ], [ 92.9087, 26.3575 ], [ 92.9212, 26.3686 ], [ 92.9171, 26.3734 ], [ 92.9258, 26.379 ], [ 92.9211, 26.3824 ], [ 92.9166, 26.3767 ], [ 92.9169, 26.3795 ], [ 92.909, 26.3777 ], [ 92.9037, 26.3805 ], [ 92.9081, 26.3817 ], [ 92.9031, 26.3855 ], [ 92.8933, 26.3739 ], [ 92.8899, 26.3742 ], [ 92.8988, 26.3871 ], [ 92.882, 26.38 ], [ 92.8896, 26.3851 ], [ 92.8891, 26.3886 ], [ 92.8937, 26.387 ], [ 92.9019, 26.4014 ], [ 92.9068, 26.3999 ], [ 92.9058, 26.3962 ], [ 92.9107, 26.3992 ], [ 92.9126, 26.3928 ], [ 92.9206, 26.3917 ], [ 92.9203, 26.3967 ], [ 92.9261, 26.3965 ], [ 92.9381, 26.4039 ], [ 92.9497, 26.3976 ], [ 92.9518, 26.405 ], [ 92.9584, 26.4084 ], [ 92.9656, 26.4066 ], [ 92.9619, 26.4131 ], [ 92.9695, 26.4124 ], [ 92.9785, 26.4206 ], [ 92.9826, 26.4173 ], [ 93.0041, 26.4247 ], [ 93.0193, 26.4205 ], [ 93.0436, 26.4373 ], [ 93.056, 26.4283 ], [ 93.0526, 26.4256 ], [ 93.0572, 26.4218 ], [ 93.0525, 26.4228 ], [ 93.0496, 26.4161 ], [ 93.0554, 26.4196 ], [ 93.0612, 26.4159 ], [ 93.0671, 26.4232 ], [ 93.0691, 26.4188 ], [ 93.0775, 26.4192 ], [ 93.0779, 26.425 ], [ 93.0917, 26.4336 ], [ 93.0841, 26.4337 ], [ 93.0791, 26.4284 ], [ 93.0674, 26.431 ], [ 93.0689, 26.4353 ], [ 93.0702, 26.4315 ], [ 93.0738, 26.4326 ], [ 93.0993, 26.4458 ], [ 93.1056, 26.4409 ], [ 93.0954, 26.436 ], [ 93.1003, 26.437 ], [ 93.0992, 26.433 ], [ 93.1183, 26.4419 ], [ 93.1104, 26.4416 ], [ 93.1111, 26.4474 ], [ 93.1039, 26.4489 ], [ 93.1284, 26.4642 ], [ 93.1247, 26.4652 ], [ 93.121, 26.4642 ], [ 93.1201, 26.4691 ], [ 93.1146, 26.4677 ], [ 93.1104, 26.4711 ], [ 93.1313, 26.4771 ], [ 93.1363, 26.4844 ], [ 93.1274, 26.4804 ], [ 93.1269, 26.4861 ], [ 93.1329, 26.4897 ], [ 93.1247, 26.4883 ], [ 93.1214, 26.4925 ], [ 93.1253, 26.4958 ], [ 93.1188, 26.4924 ], [ 93.1245, 26.4831 ], [ 93.1196, 26.4808 ], [ 93.1173, 26.4853 ], [ 93.1117, 26.4838 ], [ 93.0982, 26.473 ], [ 93.1081, 26.467 ], [ 93.1021, 26.4644 ], [ 93.1025, 26.4601 ], [ 93.0966, 26.4635 ], [ 93.0893, 26.4606 ], [ 93.0903, 26.4687 ], [ 93.0761, 26.4694 ], [ 93.0738, 26.4786 ], [ 93.0645, 26.4794 ], [ 93.0903, 26.5 ], [ 93.0705, 26.4914 ], [ 93.0666, 26.5003 ], [ 93.0685, 26.4914 ], [ 93.0472, 26.4908 ], [ 93.0448, 26.4867 ], [ 93.0357, 26.4863 ], [ 93.0266, 26.4805 ], [ 93.0245, 26.4829 ], [ 93.0142, 26.4772 ], [ 93.0087, 26.4812 ], [ 93.0065, 26.4912 ], [ 93.0125, 26.4991 ], [ 93.0121, 26.5066 ], [ 93.0251, 26.5156 ], [ 93.0368, 26.5183 ], [ 93.0381, 26.5256 ], [ 93.0483, 26.526 ], [ 93.043, 26.5314 ], [ 93.0444, 26.536 ], [ 93.0599, 26.5447 ], [ 93.0891, 26.5447 ], [ 93.0958, 26.5406 ], [ 93.1012, 26.5428 ], [ 93.1035, 26.5352 ], [ 93.1158, 26.5306 ], [ 93.1191, 26.5336 ], [ 93.117, 26.5377 ], [ 93.1238, 26.538 ], [ 93.1336, 26.5446 ], [ 93.1415, 26.5556 ], [ 93.1471, 26.5559 ], [ 93.1509, 26.5464 ], [ 93.1811, 26.5645 ], [ 93.1913, 26.5671 ], [ 93.2033, 26.5622 ], [ 93.2093, 26.564 ], [ 93.2097, 26.5562 ], [ 93.2, 26.5435 ], [ 93.1804, 26.5404 ], [ 93.1738, 26.531 ], [ 93.1693, 26.5316 ], [ 93.1595, 26.526 ], [ 93.1609, 26.524 ], [ 93.1906, 26.5358 ], [ 93.1994, 26.5335 ], [ 93.2098, 26.5148 ], [ 93.206, 26.5076 ], [ 93.2029, 26.5092 ], [ 93.201, 26.5065 ], [ 93.2043, 26.5056 ], [ 93.2005, 26.5014 ], [ 93.2042, 26.5014 ], [ 93.2123, 26.5089 ], [ 93.2173, 26.5075 ], [ 93.2125, 26.5112 ], [ 93.2159, 26.5144 ], [ 93.2111, 26.5201 ], [ 93.2173, 26.5226 ], [ 93.2116, 26.524 ], [ 93.213, 26.5297 ], [ 93.2192, 26.5363 ], [ 93.2298, 26.5325 ], [ 93.2333, 26.5357 ], [ 93.2446, 26.5325 ], [ 93.2461, 26.5236 ], [ 93.2634, 26.5211 ], [ 93.2698, 26.5148 ], [ 93.2634, 26.5089 ], [ 93.2731, 26.5087 ], [ 93.2722, 26.5168 ], [ 93.2842, 26.5198 ], [ 93.283, 26.5139 ], [ 93.2895, 26.5106 ], [ 93.2915, 26.5045 ], [ 93.294, 26.5128 ], [ 93.2868, 26.5173 ], [ 93.2878, 26.5207 ], [ 93.281, 26.5252 ], [ 93.2749, 26.5218 ], [ 93.2691, 26.5279 ], [ 93.2639, 26.5274 ], [ 93.2754, 26.5339 ], [ 93.272, 26.5378 ], [ 93.2735, 26.5452 ], [ 93.2646, 26.5337 ], [ 93.2565, 26.532 ], [ 93.2551, 26.5346 ], [ 93.2627, 26.5379 ], [ 93.2471, 26.545 ], [ 93.2565, 26.5511 ], [ 93.2351, 26.5529 ], [ 93.2507, 26.5698 ], [ 93.2529, 26.5679 ], [ 93.2699, 26.573 ], [ 93.2816, 26.5691 ], [ 93.2947, 26.5787 ], [ 93.2977, 26.577 ], [ 93.295, 26.5719 ], [ 93.3104, 26.5765 ], [ 93.3142, 26.5825 ], [ 93.3259, 26.5849 ], [ 93.3364, 26.5803 ], [ 93.4028, 26.5802 ], [ 93.4062, 26.575 ], [ 93.3974, 26.5715 ], [ 93.4087, 26.5692 ], [ 93.453, 26.5808 ], [ 93.4523, 26.5753 ], [ 93.4569, 26.576 ], [ 93.4647, 26.586 ], [ 93.4641, 26.577 ], [ 93.4553, 26.572 ], [ 93.4565, 26.5687 ], [ 93.4637, 26.5694 ], [ 93.4743, 26.582 ], [ 93.4916, 26.5871 ], [ 93.4886, 26.5903 ], [ 93.4702, 26.5912 ], [ 93.4694, 26.5954 ], [ 93.4789, 26.6036 ], [ 93.4952, 26.6063 ], [ 93.494, 26.5579 ] ] ] } },
{ "type": "Feature", "properties": { "unit_id": "IND.4.22.1_1", "name": "Doboka Circle", "district": "Hojai", "did": "assam:Hojai", "state_key": "assam" }, "geometry": { "type": "Polygon", "coordinates": [ [ [ 92.9394, 26.2026 ], [ 92.9478, 26.1911 ], [ 92.9527, 26.1902 ], [ 92.956, 26.1743 ], [ 92.9462, 26.1572 ], [ 92.9361, 26.1504 ], [ 92.9312, 26.1513 ], [ 92.9354, 26.1487 ], [ 92.929, 26.1451 ], [ 92.934, 26.1366 ], [ 92.9546, 26.1408 ], [ 92.9665, 26.1291 ], [ 92.9736, 26.1308 ], [ 92.9979, 26.1223 ], [ 93.0126, 26.1126 ], [ 93.0218, 26.1131 ], [ 93.0255, 26.1073 ], [ 93.0331, 26.1058 ], [ 93.0351, 26.1085 ], [ 93.0264, 26.0909 ], [ 93.016, 26.0964 ], [ 93.0137, 26.0889 ], [ 93.0034, 26.0866 ], [ 92.9832, 26.0894 ], [ 92.985, 26.0799 ], [ 92.9786, 26.0787 ], [ 92.98, 26.0653 ], [ 92.9698, 26.0525 ], [ 92.9483, 26.0533 ], [ 92.9409, 26.0488 ], [ 92.94, 26.0517 ], [ 92.9216, 26.0538 ], [ 92.9138, 26.0624 ], [ 92.9094, 26.0575 ], [ 92.8982, 26.0646 ], [ 92.8958, 26.0703 ], [ 92.8861, 26.0698 ], [ 92.8854, 26.0795 ], [ 92.8803, 26.0798 ], [ 92.8713, 26.0908 ], [ 92.8781, 26.0971 ], [ 92.8765, 26.1052 ], [ 92.8695, 26.1106 ], [ 92.865, 26.107 ], [ 92.864, 26.0955 ], [ 92.8598, 26.0954 ], [ 92.8556, 26.1009 ], [ 92.8269, 26.0944 ], [ 92.8261, 26.081 ], [ 92.8144, 26.0767 ], [ 92.8101, 26.0807 ], [ 92.8056, 26.0782 ], [ 92.7697, 26.0927 ], [ 92.7606, 26.103 ], [ 92.7597, 26.0961 ], [ 92.7486, 26.0964 ], [ 92.7408, 26.0926 ], [ 92.7389, 26.1036 ], [ 92.723, 26.1009 ], [ 92.7314, 26.1078 ], [ 92.7308, 26.1166 ], [ 92.7028, 26.1264 ], [ 92.7059, 26.1423 ], [ 92.7225, 26.1509 ], [ 92.7273, 26.1467 ], [ 92.7518, 26.1423 ], [ 92.7617, 26.1572 ], [ 92.7602, 26.1716 ], [ 92.7542, 26.1787 ], [ 92.7644, 26.1865 ], [ 92.7784, 26.187 ], [ 92.7808, 26.1919 ], [ 92.7763, 26.1996 ], [ 92.7858, 26.1967 ], [ 92.8186, 26.2058 ], [ 92.8437, 26.2049 ], [ 92.8498, 26.2013 ], [ 92.8815, 26.208 ], [ 92.9293, 26.2005 ], [ 92.9394, 26.2026 ] ] ] } },
{ "type": "Feature", "properties": { "unit_id": "IND.4.22.1_1", "name": "Lanka Circle", "district": "Hojai", "did": "assam:Hojai", "state_key": "assam" }, "geometry": { "type": "Polygon", "coordinates": [ [ [ 93.0504, 26.0846 ], [ 93.0559, 26.0883 ], [ 93.0595, 26.0797 ], [ 93.0654, 26.0826 ], [ 93.0683, 26.078 ], [ 93.0722, 26.0854 ], [ 93.0816, 26.0784 ], [ 93.0849, 26.0832 ], [ 93.0848, 26.0757 ], [ 93.0905, 26.0782 ], [ 93.0884, 26.0744 ], [ 93.1001, 26.077 ], [ 93.1041, 26.0735 ], [ 93.1084, 26.0782 ], [ 93.0934, 26.0331 ], [ 93.11, 26.037 ], [ 93.1272, 26.0311 ], [ 93.1266, 26.0219 ], [ 93.1378, 26.0186 ], [ 93.1498, 25.9971 ], [ 93.1583, 25.9954 ], [ 93.1541, 25.9855 ], [ 93.1586, 25.9774 ], [ 93.1586, 25.9617 ], [ 93.1735, 25.9525 ], [ 93.1719, 25.9471 ], [ 93.1765, 25.9431 ], [ 93.183, 25.9034 ], [ 93.1969, 25.8981 ], [ 93.222, 25.8599 ], [ 93.2316, 25.8523 ], [ 93.2393, 25.851 ], [ 93.238, 25.8411 ], [ 93.245, 25.8219 ], [ 93.24, 25.8094 ], [ 93.2473, 25.8091 ], [ 93.2478, 25.788 ], [ 93.2428, 25.7753 ], [ 93.2329, 25.7661 ], [ 93.2271, 25.7655 ], [ 93.2311, 25.7588 ], [ 93.2265, 25.7268 ], [ 93.1824, 25.729 ], [ 93.1705, 25.7184 ], [ 93.1585, 25.7237 ], [ 93.1427, 25.7186 ], [ 93.1486, 25.7341 ], [ 93.1458, 25.7389 ], [ 93.1418, 25.7368 ], [ 93.1378, 25.7447 ], [ 93.1258, 25.7487 ], [ 93.1295, 25.761 ], [ 93.125, 25.7631 ], [ 93.1185, 25.7607 ], [ 93.0985, 25.7771 ], [ 93.095, 25.7698 ], [ 93.0904, 25.7695 ], [ 93.0911, 25.772 ], [ 93.0831, 25.7686 ], [ 93.0805, 25.7711 ], [ 93.0753, 25.7662 ], [ 93.0736, 25.7694 ], [ 93.0681, 25.7675 ], [ 93.0637, 25.7768 ], [ 93.0736, 25.779 ], [ 93.0754, 25.7829 ], [ 93.051, 25.7906 ], [ 93.0289, 25.8122 ], [ 93.0132, 25.8397 ], [ 92.9969, 25.8515 ], [ 92.9823, 25.8755 ], [ 92.8892, 25.8651 ], [ 92.8849, 25.8691 ], [ 92.8694, 25.8681 ], [ 92.8489, 25.8998 ], [ 92.848, 25.9102 ], [ 92.8709, 25.9102 ], [ 92.8572, 25.9241 ], [ 92.8557, 25.9319 ], [ 92.9002, 25.932 ], [ 92.8997, 25.9373 ], [ 92.9056, 25.9448 ], [ 92.8987, 25.9488 ], [ 92.9131, 25.9738 ], [ 92.9117, 25.984 ], [ 92.9177, 25.9892 ], [ 92.9144, 25.9993 ], [ 92.9239, 26.0013 ], [ 92.9225, 26.0185 ], [ 92.9079, 26.0542 ], [ 92.9129, 26.0623 ], [ 92.9216, 26.0538 ], [ 92.94, 26.0517 ], [ 92.9409, 26.0488 ], [ 92.9483, 26.0533 ], [ 92.9698, 26.0525 ], [ 92.98, 26.0653 ], [ 92.9786, 26.0787 ], [ 92.985, 26.0799 ], [ 92.9832, 26.0894 ], [ 93.0034, 26.0866 ], [ 93.0137, 26.0889 ], [ 93.016, 26.0964 ], [ 93.0264, 26.0909 ], [ 93.0353, 26.1086 ], [ 93.0385, 26.0903 ], [ 93.0504, 26.0846 ] ] ] } },
{ "type": "Feature", "properties": { "unit_id": "IND.4.17.1_1", "name": "Diphu", "district": "Karbi Anaglong", "did": "assam:Karbi Anaglong", "state_key": "assam" }, "geometry": { "type": "Polygon", "coordinates": [ [ [ 93.8254, 26.1442 ], [ 93.8305, 26.1356 ], [ 93.8224, 26.139 ], [ 93.818, 26.136 ], [ 93.828, 26.1278 ], [ 93.8172, 26.1227 ], [ 93.821, 26.1113 ], [ 93.8121, 26.1123 ], [ 93.8065, 26.1026 ], [ 93.814, 26.0905 ], [ 93.8049, 26.0937 ], [ 93.8036, 26.0889 ], [ 93.8072, 26.09 ], [ 93.81, 26.0866 ], [ 93.8033, 26.0855 ], [ 93.8059, 26.0714 ], [ 93.8008, 26.0761 ], [ 93.7968, 26.0724 ], [ 93.8036, 26.0702 ], [ 93.8053, 26.0646 ], [ 93.8011, 26.0661 ], [ 93.7946, 26.0613 ], [ 93.7973, 26.0525 ], [ 93.7921, 26.0527 ], [ 93.7905, 26.0566 ], [ 93.7871, 26.0544 ], [ 93.7948, 26.0415 ], [ 93.7801, 26.0397 ], [ 93.7871, 26.0312 ], [ 93.7917, 26.034 ], [ 93.7996, 26.0314 ], [ 93.7965, 26.0281 ], [ 93.7937, 26.0309 ], [ 93.786, 26.0239 ], [ 93.7933, 26.0153 ], [ 93.7898, 26.0126 ], [ 93.7862, 26.0146 ], [ 93.7812, 26.008 ], [ 93.7854, 26.0066 ], [ 93.788, 26.0095 ], [ 93.7937, 25.9982 ], [ 93.8008, 26.0022 ], [ 93.7975, 25.9969 ], [ 93.8007, 25.9946 ], [ 93.7946, 25.9933 ], [ 93.7991, 25.9842 ], [ 93.8033, 25.9863 ], [ 93.8042, 25.98 ], [ 93.7918, 25.9817 ], [ 93.7893, 25.9763 ], [ 93.7855, 25.9823 ], [ 93.7807, 25.9815 ], [ 93.7766, 25.9688 ], [ 93.7645, 25.9689 ], [ 93.7697, 25.964 ], [ 93.7697, 25.9589 ], [ 93.7636, 25.9594 ], [ 93.7675, 25.9505 ], [ 93.7632, 25.9543 ], [ 93.7621, 25.9513 ], [ 93.7578, 25.9519 ], [ 93.7585, 25.9455 ], [ 93.7529, 25.9467 ], [ 93.7499, 25.9408 ], [ 93.7454, 25.9428 ], [ 93.7513, 25.9328 ], [ 93.7476, 25.9349 ], [ 93.7395, 25.9318 ], [ 93.7361, 25.9228 ], [ 93.7136, 25.9168 ], [ 93.7066, 25.9188 ], [ 93.7009, 25.9107 ], [ 93.694, 25.9117 ], [ 93.6815, 25.9044 ], [ 93.7021, 25.8515 ], [ 93.7143, 25.8445 ], [ 93.7078, 25.8478 ], [ 93.7009, 25.8433 ], [ 93.7011, 25.8496 ], [ 93.6914, 25.8438 ], [ 93.6883, 25.8459 ], [ 93.6856, 25.8437 ], [ 93.6902, 25.8407 ], [ 93.6806, 25.8383 ], [ 93.6786, 25.8284 ], [ 93.6726, 25.8276 ], [ 93.6712, 25.824 ], [ 93.6676, 25.826 ], [ 93.6683, 25.8218 ], [ 93.6548, 25.8236 ], [ 93.6516, 25.8199 ], [ 93.6461, 25.8224 ], [ 93.6435, 25.8158 ], [ 93.6382, 25.8156 ], [ 93.6386, 25.8098 ], [ 93.6331, 25.8114 ], [ 93.6329, 25.8028 ], [ 93.6247, 25.8026 ], [ 93.6268, 25.7896 ], [ 93.6185, 25.7837 ], [ 93.6174, 25.776 ], [ 93.605, 25.7749 ], [ 93.6027, 25.7651 ], [ 93.5985, 25.7688 ], [ 93.5917, 25.7625 ], [ 93.5859, 25.7661 ], [ 93.5823, 25.7605 ], [ 93.5855, 25.758 ], [ 93.5778, 25.7545 ], [ 93.5679, 25.7584 ], [ 93.5732, 25.7541 ], [ 93.5663, 25.7548 ], [ 93.567, 25.7473 ], [ 93.5615, 25.7378 ], [ 93.5543, 25.7378 ], [ 93.5553, 25.7336 ], [ 93.5496, 25.7327 ], [ 93.5494, 25.7293 ], [ 93.5425, 25.7309 ], [ 93.5396, 25.7226 ], [ 93.548, 25.7117 ], [ 93.5412, 25.6988 ], [ 93.5363, 25.7018 ], [ 93.5275, 25.6912 ], [ 93.5225, 25.6976 ], [ 93.5127, 25.6846 ], [ 93.5183, 25.6794 ], [ 93.5111, 25.6721 ], [ 93.5074, 25.6725 ], [ 93.5098, 25.6685 ], [ 93.4966, 25.6545 ], [ 93.488, 25.6543 ], [ 93.4852, 25.6483 ], [ 93.4814, 25.6512 ], [ 93.4817, 25.6445 ], [ 93.4767, 25.6478 ], [ 93.4738, 25.644 ], [ 93.4688, 25.6443 ], [ 93.472, 25.6424 ], [ 93.4642, 25.6446 ], [ 93.4573, 25.6411 ], [ 93.4609, 25.6323 ], [ 93.4496, 25.6395 ], [ 93.4467, 25.6346 ], [ 93.4444, 25.6396 ], [ 93.4337, 25.6294 ], [ 93.4265, 25.6319 ], [ 93.4246, 25.6255 ], [ 93.42, 25.6247 ], [ 93.4216, 25.6182 ], [ 93.4137, 25.621 ], [ 93.411, 25.6136 ], [ 93.4015, 25.6111 ], [ 93.4029, 25.6022 ], [ 93.3988, 25.596 ], [ 93.3924, 25.5959 ], [ 93.3893, 25.5911 ], [ 93.3856, 25.5928 ], [ 93.3857, 25.5871 ], [ 93.3783, 25.5826 ], [ 93.3816, 25.582 ], [ 93.3798, 25.5766 ], [ 93.3743, 25.5771 ], [ 93.3754, 25.5731 ], [ 93.3625, 25.566 ], [ 93.3641, 25.5612 ], [ 93.3585, 25.5544 ], [ 93.3522, 25.56 ], [ 93.3424, 25.5598 ], [ 93.327, 25.5465 ], [ 93.3304, 25.5425 ], [ 93.322, 25.5332 ], [ 93.3025, 25.5304 ], [ 93.294, 25.5443 ], [ 93.2717, 25.5312 ], [ 93.2591, 25.5488 ], [ 93.2317, 25.5458 ], [ 93.2138, 25.5496 ], [ 93.2112, 25.5432 ], [ 93.2077, 25.5442 ], [ 93.2054, 25.5537 ], [ 93.1983, 25.5556 ], [ 93.1987, 25.5643 ], [ 93.1926, 25.5654 ], [ 93.1893, 25.5704 ], [ 93.192, 25.5748 ], [ 93.1867, 25.5763 ], [ 93.1878, 25.5816 ], [ 93.1831, 25.5819 ], [ 93.1848, 25.5839 ], [ 93.1766, 25.5928 ], [ 93.1813, 25.593 ], [ 93.1758, 25.6041 ], [ 93.1795, 25.6195 ], [ 93.1886, 25.6221 ], [ 93.1921, 25.6319 ], [ 93.1877, 25.6318 ], [ 93.1815, 25.6414 ], [ 93.1809, 25.6385 ], [ 93.1782, 25.6398 ], [ 93.1707, 25.6618 ], [ 93.1611, 25.6625 ], [ 93.1572, 25.6665 ], [ 93.1528, 25.6624 ], [ 93.146, 25.665 ], [ 93.1424, 25.661 ], [ 93.1316, 25.6864 ], [ 93.1364, 25.6921 ], [ 93.1342, 25.7059 ], [ 93.1427, 25.7186 ], [ 93.1585, 25.7237 ], [ 93.1705, 25.7184 ], [ 93.1824, 25.729 ], [ 93.2265, 25.7268 ], [ 93.2311, 25.7588 ], [ 93.2271, 25.7655 ], [ 93.2361, 25.7687 ], [ 93.2472, 25.7835 ], [ 93.2473, 25.8091 ], [ 93.24, 25.8094 ], [ 93.245, 25.8219 ], [ 93.238, 25.8411 ], [ 93.2393, 25.851 ], [ 93.2316, 25.8523 ], [ 93.222, 25.8599 ], [ 93.1969, 25.8981 ], [ 93.183, 25.9034 ], [ 93.1765, 25.9431 ], [ 93.1719, 25.9471 ], [ 93.1735, 25.9525 ], [ 93.161, 25.9578 ], [ 93.1573, 25.9679 ], [ 93.1586, 25.9774 ], [ 93.1541, 25.9855 ], [ 93.158, 25.9957 ], [ 93.1797, 25.9971 ], [ 93.1943, 26.0434 ], [ 93.2031, 26.0337 ], [ 93.2117, 26.034 ], [ 93.2221, 26.0215 ], [ 93.2279, 26.0232 ], [ 93.2306, 26.0173 ], [ 93.2375, 26.0205 ], [ 93.2481, 26.0194 ], [ 93.2506, 26.0102 ], [ 93.2596, 26.0003 ], [ 93.272, 25.9958 ], [ 93.2876, 25.9952 ], [ 93.2846, 25.9864 ], [ 93.3072, 25.9911 ], [ 93.305, 25.999 ], [ 93.3078, 26.0012 ], [ 93.3265, 25.9991 ], [ 93.3333, 25.9896 ], [ 93.3381, 25.99 ], [ 93.3407, 25.9862 ], [ 93.3497, 25.9894 ], [ 93.3548, 25.987 ], [ 93.3679, 25.9988 ], [ 93.3895, 25.9961 ], [ 93.3914, 25.9905 ], [ 93.4002, 25.992 ], [ 93.4031, 25.9877 ], [ 93.4074, 25.9898 ], [ 93.4063, 25.9852 ], [ 93.4188, 25.9806 ], [ 93.4201, 25.9763 ], [ 93.4233, 25.9801 ], [ 93.4345, 25.9761 ], [ 93.4485, 25.9825 ], [ 93.4598, 25.9938 ], [ 93.4642, 26.0116 ], [ 93.4685, 26.0146 ], [ 93.4824, 26.0146 ], [ 93.4869, 26.0224 ], [ 93.5004, 26.0323 ], [ 93.5187, 26.0364 ], [ 93.5223, 26.0503 ], [ 93.5389, 26.051 ], [ 93.5426, 26.0718 ], [ 93.5525, 26.0844 ], [ 93.5503, 26.0963 ], [ 93.5432, 26.1042 ], [ 93.5467, 26.1096 ], [ 93.5673, 26.119 ], [ 93.5714, 26.155 ], [ 93.5857, 26.1513 ], [ 93.597, 26.1402 ], [ 93.6476, 26.1364 ], [ 93.6532, 26.1309 ], [ 93.686, 26.1295 ], [ 93.6938, 26.1334 ], [ 93.6968, 26.1434 ], [ 93.7043, 26.1489 ], [ 93.6931, 26.1556 ], [ 93.6902, 26.165 ], [ 93.6929, 26.1687 ], [ 93.7125, 26.1744 ], [ 93.7202, 26.1731 ], [ 93.7314, 26.1795 ], [ 93.7378, 26.1734 ], [ 93.7498, 26.1706 ], [ 93.7546, 26.1597 ], [ 93.7731, 26.1632 ], [ 93.7941, 26.1593 ], [ 93.818, 26.1731 ], [ 93.8246, 26.1698 ], [ 93.8308, 26.1561 ], [ 93.8254, 26.1442 ] ] ] } },
{ "type": "Feature", "properties": { "unit_id": "IND.4.10.1_1", "name": "Dima Hasao", "district": "Dima Hasao", "did": "assam:Dima Hasao", "state_key": "assam" }, "geometry": { "type": "Polygon", "coordinates": [ [ [ 93.0032, 25.7865 ], [ 93.0116, 25.7896 ], [ 93.0186, 25.8013 ], [ 93.0251, 25.7942 ], [ 93.0351, 25.7954 ], [ 93.0529, 25.7846 ], [ 93.0521, 25.7787 ], [ 93.0585, 25.781 ], [ 93.0576, 25.7724 ], [ 93.066, 25.7759 ], [ 93.0684, 25.7673 ], [ 93.0736, 25.7694 ], [ 93.0753, 25.7662 ], [ 93.0805, 25.7711 ], [ 93.0831, 25.7686 ], [ 93.0911, 25.772 ], [ 93.0904, 25.7695 ], [ 93.095, 25.7698 ], [ 93.0985, 25.7771 ], [ 93.1185, 25.7607 ], [ 93.125, 25.7631 ], [ 93.1295, 25.761 ], [ 93.1258, 25.7487 ], [ 93.1378, 25.7447 ], [ 93.1418, 25.7368 ], [ 93.1458, 25.7389 ], [ 93.1487, 25.7335 ], [ 93.1435, 25.7174 ], [ 93.1342, 25.7057 ], [ 93.1364, 25.6921 ], [ 93.1316, 25.6864 ], [ 93.1377, 25.6752 ], [ 93.136, 25.6701 ], [ 93.1413, 25.6672 ], [ 93.1429, 25.6608 ], [ 93.1456, 25.6649 ], [ 93.1528, 25.6624 ], [ 93.1572, 25.6665 ], [ 93.1611, 25.6625 ], [ 93.1707, 25.6618 ], [ 93.1782, 25.6398 ], [ 93.1809, 25.6385 ], [ 93.1815, 25.6414 ], [ 93.1877, 25.6318 ], [ 93.192, 25.6321 ], [ 93.1886, 25.6221 ], [ 93.1795, 25.6195 ], [ 93.1758, 25.6041 ], [ 93.1813, 25.593 ], [ 93.1766, 25.5928 ], [ 93.1848, 25.5839 ], [ 93.1831, 25.5819 ], [ 93.1878, 25.5816 ], [ 93.1867, 25.5763 ], [ 93.192, 25.5748 ], [ 93.1893, 25.5704 ], [ 93.1926, 25.5654 ], [ 93.1987, 25.5643 ], [ 93.1983, 25.5556 ], [ 93.2054, 25.5537 ], [ 93.2077, 25.5442 ], [ 93.2112, 25.5432 ], [ 93.2138, 25.5496 ], [ 93.2317, 25.5458 ], [ 93.2584, 25.5489 ], [ 93.2705, 25.5313 ], [ 93.2925, 25.5444 ], [ 93.3019, 25.5303 ], [ 93.3218, 25.5331 ], [ 93.3304, 25.5425 ], [ 93.3364, 25.5387 ], [ 93.3353, 25.5342 ], [ 93.3451, 25.5342 ], [ 93.3483, 25.5299 ], [ 93.3501, 25.5322 ], [ 93.3569, 25.5137 ], [ 93.3616, 25.5123 ], [ 93.3643, 25.5038 ], [ 93.3692, 25.5035 ], [ 93.3673, 25.4995 ], [ 93.3767, 25.4975 ], [ 93.3774, 25.493 ], [ 93.3855, 25.4904 ], [ 93.386, 25.4833 ], [ 93.3914, 25.4822 ], [ 93.3845, 25.4692 ], [ 93.3903, 25.4604 ], [ 93.3973, 25.4603 ], [ 93.4025, 25.4508 ], [ 93.4104, 25.4499 ], [ 93.4155, 25.445 ], [ 93.4364, 25.4482 ], [ 93.4395, 25.441 ], [ 93.4561, 25.4337 ], [ 93.4623, 25.4179 ], [ 93.4597, 25.4032 ], [ 93.4732, 25.3852 ], [ 93.4672, 25.3633 ], [ 93.4535, 25.3566 ], [ 93.4484, 25.3406 ], [ 93.4565, 25.3354 ], [ 93.4534, 25.3215 ], [ 93.4705, 25.3051 ], [ 93.4554, 25.2935 ], [ 93.4275, 25.2832 ], [ 93.4205, 25.2775 ], [ 93.4159, 25.2643 ], [ 93.4012, 25.2606 ], [ 93.3811, 25.2396 ], [ 93.3846, 25.2314 ], [ 93.3818, 25.2229 ], [ 93.3756, 25.2201 ], [ 93.3738, 25.2118 ], [ 93.3689, 25.211 ], [ 93.3656, 25.1981 ], [ 93.3567, 25.1919 ], [ 93.3459, 25.1698 ], [ 93.3475, 25.1388 ], [ 93.3424, 25.1375 ], [ 93.3453, 25.1303 ], [ 93.3417, 25.1267 ], [ 93.3453, 25.1235 ], [ 93.3412, 25.1231 ], [ 93.3414, 25.1138 ], [ 93.3367, 25.1116 ], [ 93.3324, 25.0935 ], [ 93.3219, 25.0908 ], [ 93.3149, 25.0846 ], [ 93.3028, 25.0644 ], [ 93.3056, 25.0574 ], [ 93.3008, 25.0559 ], [ 93.3, 25.046 ], [ 93.2988, 25.0519 ], [ 93.2937, 25.0463 ], [ 93.2914, 25.0486 ], [ 93.2835, 25.045 ], [ 93.2801, 25.051 ], [ 93.2642, 25.0494 ], [ 93.2623, 25.0459 ], [ 93.2661, 25.0438 ], [ 93.2596, 25.0412 ], [ 93.2599, 25.035 ], [ 93.2514, 25.0271 ], [ 93.2539, 25.0206 ], [ 93.2439, 25.0183 ], [ 93.2477, 25.0149 ], [ 93.2418, 25.0039 ], [ 93.2444, 24.9981 ], [ 93.2489, 24.9989 ], [ 93.2505, 25.0043 ], [ 93.2526, 25.0009 ], [ 93.2574, 25.0047 ], [ 93.2599, 25.0011 ], [ 93.2528, 24.9989 ], [ 93.257, 24.9961 ], [ 93.2494, 24.9793 ], [ 93.2519, 24.9759 ], [ 93.2448, 24.9703 ], [ 93.2436, 24.9752 ], [ 93.2397, 24.9733 ], [ 93.2371, 24.9778 ], [ 93.2303, 24.9775 ], [ 93.2291, 24.9808 ], [ 93.2327, 24.9826 ], [ 93.2274, 24.9873 ], [ 93.2244, 24.9845 ], [ 93.2139, 24.9881 ], [ 93.2128, 24.9836 ], [ 93.2033, 24.9816 ], [ 93.1969, 24.9882 ], [ 93.1986, 24.9914 ], [ 93.1879, 24.9931 ], [ 93.1875, 24.9984 ], [ 93.1849, 24.9948 ], [ 93.1788, 24.997 ], [ 93.1798, 25.0007 ], [ 93.068, 25.0007 ], [ 93.0654, 25.0046 ], [ 93.062, 25.0024 ], [ 93.0548, 25.0108 ], [ 93.061, 25.0177 ], [ 93.0532, 25.0308 ], [ 93.0368, 25.0367 ], [ 93.0143, 25.0619 ], [ 93.0211, 25.0756 ], [ 93.0319, 25.0782 ], [ 93.0431, 25.0886 ], [ 93.0471, 25.0993 ], [ 93.0362, 25.105 ], [ 93.0223, 25.1041 ], [ 93.0165, 25.0977 ], [ 92.9842, 25.0938 ], [ 92.9775, 25.0857 ], [ 92.9591, 25.0901 ], [ 92.9527, 25.0832 ], [ 92.955, 25.0768 ], [ 92.9518, 25.0692 ], [ 92.9427, 25.0691 ], [ 92.9302, 25.0791 ], [ 92.9207, 25.077 ], [ 92.9172, 25.0796 ], [ 92.8975, 25.0793 ], [ 92.8927, 25.0747 ], [ 92.8857, 25.0752 ], [ 92.8813, 25.0677 ], [ 92.8727, 25.0645 ], [ 92.8692, 25.067 ], [ 92.8548, 25.0645 ], [ 92.8358, 25.0527 ], [ 92.8272, 25.0585 ], [ 92.8285, 25.0708 ], [ 92.8126, 25.0814 ], [ 92.7962, 25.0881 ], [ 92.7847, 25.0859 ], [ 92.778, 25.0883 ], [ 92.7648, 25.1032 ], [ 92.7671, 25.1156 ], [ 92.7528, 25.139 ], [ 92.7446, 25.1359 ], [ 92.7296, 25.1431 ], [ 92.7282, 25.1363 ], [ 92.7349, 25.126 ], [ 92.7239, 25.1183 ], [ 92.7225, 25.1127 ], [ 92.7118, 25.117 ], [ 92.6996, 25.111 ], [ 92.6839, 25.1146 ], [ 92.6651, 25.1091 ], [ 92.643, 25.1178 ], [ 92.6319, 25.1091 ], [ 92.6233, 25.108 ], [ 92.6195, 25.1024 ], [ 92.5984, 25.1108 ], [ 92.5718, 25.1016 ], [ 92.5465, 25.104 ], [ 92.5394, 25.0992 ], [ 92.5231, 25.126 ], [ 92.5225, 25.1392 ], [ 92.5249, 25.1352 ], [ 92.5554, 25.127 ], [ 92.5606, 25.1303 ], [ 92.5881, 25.1288 ], [ 92.595, 25.1222 ], [ 92.6089, 25.1226 ], [ 92.6214, 25.115 ], [ 92.6289, 25.1262 ], [ 92.6283, 25.1381 ], [ 92.6387, 25.1477 ], [ 92.6558, 25.155 ], [ 92.6584, 25.1719 ], [ 92.6635, 25.1767 ], [ 92.668, 25.1741 ], [ 92.6772, 25.1825 ], [ 92.6939, 25.1792 ], [ 92.7026, 25.1884 ], [ 92.7161, 25.1958 ], [ 92.7372, 25.2005 ], [ 92.7429, 25.2067 ], [ 92.7548, 25.2018 ], [ 92.7675, 25.2035 ], [ 92.7762, 25.1996 ], [ 92.786, 25.2093 ], [ 92.795, 25.2097 ], [ 92.8029, 25.2162 ], [ 92.8015, 25.2202 ], [ 92.782, 25.2302 ], [ 92.7717, 25.23 ], [ 92.7619, 25.2465 ], [ 92.7665, 25.2521 ], [ 92.775, 25.252 ], [ 92.7777, 25.2582 ], [ 92.7686, 25.2681 ], [ 92.7875, 25.2741 ], [ 92.7925, 25.2826 ], [ 92.7814, 25.3045 ], [ 92.7869, 25.3144 ], [ 92.7818, 25.3332 ], [ 92.7699, 25.3382 ], [ 92.7611, 25.3335 ], [ 92.7499, 25.3441 ], [ 92.7464, 25.3583 ], [ 92.7324, 25.3689 ], [ 92.738, 25.3793 ], [ 92.7237, 25.3788 ], [ 92.7179, 25.3726 ], [ 92.7099, 25.3845 ], [ 92.6983, 25.3863 ], [ 92.6928, 25.3977 ], [ 92.6778, 25.407 ], [ 92.6735, 25.414 ], [ 92.6675, 25.4148 ], [ 92.6616, 25.4064 ], [ 92.6519, 25.4192 ], [ 92.6536, 25.4335 ], [ 92.6396, 25.4176 ], [ 92.6358, 25.4273 ], [ 92.6256, 25.4349 ], [ 92.6276, 25.422 ], [ 92.6186, 25.423 ], [ 92.6066, 25.4132 ], [ 92.6046, 25.4476 ], [ 92.5976, 25.4507 ], [ 92.5986, 25.4681 ], [ 92.5919, 25.4704 ], [ 92.5841, 25.4656 ], [ 92.5804, 25.4721 ], [ 92.5666, 25.4634 ], [ 92.5644, 25.4736 ], [ 92.5737, 25.4905 ], [ 92.6202, 25.5161 ], [ 92.6428, 25.5348 ], [ 92.6456, 25.5562 ], [ 92.6568, 25.5608 ], [ 92.6575, 25.5698 ], [ 92.6614, 25.5725 ], [ 92.6827, 25.5767 ], [ 92.6788, 25.5831 ], [ 92.6942, 25.598 ], [ 92.7125, 25.599 ], [ 92.7191, 25.5886 ], [ 92.7383, 25.593 ], [ 92.7492, 25.5998 ], [ 92.7496, 25.6091 ], [ 92.7545, 25.6152 ], [ 92.768, 25.6171 ], [ 92.7584, 25.6287 ], [ 92.7832, 25.6465 ], [ 92.7895, 25.6597 ], [ 92.7746, 25.6743 ], [ 92.7783, 25.68 ], [ 92.7995, 25.6904 ], [ 92.8014, 25.698 ], [ 92.8138, 25.7023 ], [ 92.8216, 25.7185 ], [ 92.821, 25.7414 ], [ 92.8294, 25.7424 ], [ 92.8431, 25.7511 ], [ 92.8836, 25.7565 ], [ 92.9228, 25.7723 ], [ 92.9327, 25.7997 ], [ 92.9286, 25.8069 ], [ 92.9443, 25.8032 ], [ 92.9659, 25.8179 ], [ 92.9673, 25.8153 ], [ 92.9568, 25.8029 ], [ 92.97, 25.7911 ], [ 92.9674, 25.7818 ], [ 92.9806, 25.7905 ], [ 92.9822, 25.78 ], [ 92.9858, 25.7822 ], [ 92.9877, 25.8004 ], [ 92.981, 25.8087 ], [ 92.99, 25.8225 ], [ 93.006, 25.8267 ], [ 92.9984, 25.8051 ], [ 93.0032, 25.7865 ] ] ] } },
{ "type": "Feature", "properties": { "unit_id": "IND.4.4.1_1", "name": "Lakhipur", "district": "Cachar", "did": "assam:Cachar", "state_key": "assam" }, "geometry": { "type": "Polygon", "coordinates": [ [ [ 93.2609, 24.9715 ], [ 93.263, 24.9613 ], [ 93.2454, 24.9508 ], [ 93.2513, 24.9406 ], [ 93.2368, 24.9372 ], [ 93.2371, 24.9325 ], [ 93.2451, 24.9354 ], [ 93.2385, 24.9257 ], [ 93.246, 24.9252 ], [ 93.2488, 24.9148 ], [ 93.2441, 24.9106 ], [ 93.2352, 24.9114 ], [ 93.2408, 24.9034 ], [ 93.2385, 24.8987 ], [ 93.2296, 24.8978 ], [ 93.2321, 24.8919 ], [ 93.226, 24.8919 ], [ 93.2328, 24.8847 ], [ 93.2277, 24.885 ], [ 93.2249, 24.8802 ], [ 93.2215, 24.8815 ], [ 93.2264, 24.8728 ], [ 93.2204, 24.8735 ], [ 93.2215, 24.8695 ], [ 93.2041, 24.8511 ], [ 93.1996, 24.8551 ], [ 93.1948, 24.8538 ], [ 93.2013, 24.8485 ], [ 93.2015, 24.8421 ], [ 93.1923, 24.8428 ], [ 93.1961, 24.8367 ], [ 93.2006, 24.838 ], [ 93.1978, 24.8342 ], [ 93.1916, 24.8344 ], [ 93.1959, 24.8309 ], [ 93.1901, 24.8186 ], [ 93.197, 24.8114 ], [ 93.1911, 24.804 ], [ 93.1799, 24.8031 ], [ 93.1762, 24.7938 ], [ 93.1707, 24.8018 ], [ 93.1495, 24.7874 ], [ 93.1512, 24.7947 ], [ 93.1418, 24.7973 ], [ 93.1347, 24.8081 ], [ 93.1386, 24.81 ], [ 93.1348, 24.8106 ], [ 93.1318, 24.8052 ], [ 93.127, 24.8088 ], [ 93.1189, 24.8077 ], [ 93.1214, 24.8192 ], [ 93.1103, 24.8126 ], [ 93.1114, 24.8006 ], [ 93.1084, 24.7918 ], [ 93.1048, 24.7913 ], [ 93.1052, 24.7811 ], [ 93.1005, 24.7794 ], [ 93.1036, 24.7672 ], [ 93.0983, 24.7544 ], [ 93.0999, 24.7432 ], [ 93.1027, 24.7468 ], [ 93.1078, 24.7414 ], [ 93.0971, 24.732 ], [ 93.0959, 24.7242 ], [ 93.0907, 24.7251 ], [ 93.0932, 24.7189 ], [ 93.0856, 24.7089 ], [ 93.0761, 24.7118 ], [ 93.044, 24.7394 ], [ 93.032, 24.7404 ], [ 93.0269, 24.7285 ], [ 93.0124, 24.7244 ], [ 93.0048, 24.6937 ], [ 92.9891, 24.7057 ], [ 92.9767, 24.7018 ], [ 92.974, 24.7066 ], [ 92.965, 24.691 ], [ 92.9465, 24.6802 ], [ 92.948, 24.7026 ], [ 92.9436, 24.7103 ], [ 92.9547, 24.7121 ], [ 92.9559, 24.7185 ], [ 92.9, 24.7339 ], [ 92.8954, 24.7388 ], [ 92.9138, 24.7479 ], [ 92.9096, 24.7627 ], [ 92.8918, 24.7578 ], [ 92.8852, 24.7674 ], [ 92.8689, 24.7715 ], [ 92.8636, 24.7696 ], [ 92.8583, 24.7589 ], [ 92.8457, 24.7553 ], [ 92.8394, 24.7585 ], [ 92.8326, 24.7707 ], [ 92.8344, 24.7756 ], [ 92.8425, 24.7782 ], [ 92.843, 24.7836 ], [ 92.8157, 24.7866 ], [ 92.8156, 24.7981 ], [ 92.8208, 24.8046 ], [ 92.8317, 24.7935 ], [ 92.8398, 24.7987 ], [ 92.846, 24.8108 ], [ 92.8607, 24.803 ], [ 92.8603, 24.8069 ], [ 92.8655, 24.8064 ], [ 92.8668, 24.8119 ], [ 92.8676, 24.8082 ], [ 92.8717, 24.8083 ], [ 92.8759, 24.8155 ], [ 92.8938, 24.8209 ], [ 92.8947, 24.8249 ], [ 92.9029, 24.8286 ], [ 92.9034, 24.8354 ], [ 92.9108, 24.8363 ], [ 92.9124, 24.8334 ], [ 92.9218, 24.8405 ], [ 92.9282, 24.8373 ], [ 92.9312, 24.8411 ], [ 92.9491, 24.8448 ], [ 92.9476, 24.8517 ], [ 92.9592, 24.8608 ], [ 92.9514, 24.8734 ], [ 92.9506, 24.8886 ], [ 92.9653, 24.8992 ], [ 92.964, 24.9029 ], [ 92.9869, 24.9039 ], [ 92.9969, 24.9096 ], [ 93.0079, 24.9099 ], [ 93.0126, 24.9173 ], [ 93.0245, 24.9179 ], [ 93.0264, 24.9279 ], [ 93.0379, 24.9433 ], [ 93.0378, 24.9619 ], [ 93.0561, 24.9659 ], [ 93.0567, 24.978 ], [ 93.0656, 24.9852 ], [ 93.0647, 24.9926 ], [ 93.0694, 25.0007 ], [ 93.1798, 25.0007 ], [ 93.1788, 24.997 ], [ 93.1849, 24.9948 ], [ 93.1875, 24.9984 ], [ 93.1879, 24.9931 ], [ 93.1986, 24.9914 ], [ 93.1969, 24.9882 ], [ 93.2029, 24.9817 ], [ 93.2128, 24.9836 ], [ 93.2139, 24.9881 ], [ 93.2244, 24.9845 ], [ 93.227, 24.9874 ], [ 93.2327, 24.9826 ], [ 93.229, 24.9805 ], [ 93.2319, 24.9761 ], [ 93.2371, 24.9778 ], [ 93.24, 24.9732 ], [ 93.2436, 24.9752 ], [ 93.2444, 24.9704 ], [ 93.2463, 24.9718 ], [ 93.2496, 24.9731 ], [ 93.2524, 24.9743 ], [ 93.2609, 24.9715 ] ] ] } },
{ "type": "Feature", "properties": { "unit_id": "IND.4.4.1_1", "name": "Silchar", "district": "Cachar", "did": "assam:Cachar", "state_key": "assam" }, "geometry": { "type": "Polygon", "coordinates": [ [ [ 92.754, 25.1382 ], [ 92.7671, 25.1156 ], [ 92.7648, 25.1032 ], [ 92.778, 25.0883 ], [ 92.7847, 25.0859 ], [ 92.7962, 25.0881 ], [ 92.8126, 25.0814 ], [ 92.8285, 25.0708 ], [ 92.8272, 25.0585 ], [ 92.8358, 25.0527 ], [ 92.8548, 25.0645 ], [ 92.8692, 25.067 ], [ 92.8727, 25.0645 ], [ 92.8813, 25.0677 ], [ 92.8857, 25.0752 ], [ 92.8927, 25.0747 ], [ 92.8975, 25.0793 ], [ 92.9172, 25.0796 ], [ 92.9207, 25.077 ], [ 92.9302, 25.0791 ], [ 92.9427, 25.0691 ], [ 92.9518, 25.0692 ], [ 92.955, 25.0768 ], [ 92.9527, 25.0832 ], [ 92.96, 25.0905 ], [ 92.9645, 25.087 ], [ 92.9775, 25.0857 ], [ 92.9842, 25.0938 ], [ 93.0169, 25.0978 ], [ 93.0223, 25.1041 ], [ 93.0308, 25.1056 ], [ 93.0471, 25.0993 ], [ 93.0377, 25.0822 ], [ 93.0211, 25.0756 ], [ 93.0143, 25.0619 ], [ 93.0368, 25.0367 ], [ 93.0506, 25.0338 ], [ 93.061, 25.018 ], [ 93.0549, 25.0107 ], [ 93.062, 25.0024 ], [ 93.0658, 25.0045 ], [ 93.0694, 25.0007 ], [ 93.0647, 24.9926 ], [ 93.0656, 24.9852 ], [ 93.0567, 24.978 ], [ 93.0561, 24.9659 ], [ 93.0378, 24.9619 ], [ 93.0379, 24.9433 ], [ 93.0264, 24.9279 ], [ 93.0245, 24.9179 ], [ 93.0126, 24.9173 ], [ 93.0079, 24.9099 ], [ 92.9969, 24.9096 ], [ 92.9869, 24.9039 ], [ 92.9626, 24.9021 ], [ 92.9653, 24.8992 ], [ 92.9501, 24.8878 ], [ 92.9514, 24.8734 ], [ 92.9592, 24.8608 ], [ 92.9476, 24.8517 ], [ 92.9491, 24.8448 ], [ 92.9312, 24.8411 ], [ 92.9282, 24.8373 ], [ 92.9218, 24.8405 ], [ 92.9124, 24.8334 ], [ 92.9108, 24.8363 ], [ 92.9034, 24.8354 ], [ 92.9029, 24.8286 ], [ 92.8947, 24.8249 ], [ 92.8938, 24.8209 ], [ 92.8759, 24.8155 ], [ 92.8717, 24.8083 ], [ 92.8676, 24.8082 ], [ 92.8668, 24.8119 ], [ 92.8655, 24.8064 ], [ 92.8603, 24.8069 ], [ 92.8607, 24.803 ], [ 92.846, 24.8108 ], [ 92.8398, 24.7987 ], [ 92.8317, 24.7935 ], [ 92.8208, 24.8046 ], [ 92.8145, 24.7929 ], [ 92.8163, 24.7861 ], [ 92.843, 24.7836 ], [ 92.8425, 24.7782 ], [ 92.8344, 24.7756 ], [ 92.8326, 24.7707 ], [ 92.8394, 24.7585 ], [ 92.8457, 24.7553 ], [ 92.8583, 24.7589 ], [ 92.8636, 24.7696 ], [ 92.8689, 24.7715 ], [ 92.8852, 24.7674 ], [ 92.8918, 24.7578 ], [ 92.9096, 24.7627 ], [ 92.9138, 24.7479 ], [ 92.8954, 24.7388 ], [ 92.9, 24.7339 ], [ 92.9559, 24.7185 ], [ 92.9547, 24.7121 ], [ 92.9436, 24.7103 ], [ 92.948, 24.7026 ], [ 92.9465, 24.6802 ], [ 92.965, 24.691 ], [ 92.974, 24.7066 ], [ 92.9767, 24.7018 ], [ 92.9891, 24.7057 ], [ 93.0048, 24.6937 ], [ 93.0124, 24.7244 ], [ 93.0269, 24.7285 ], [ 93.0284, 24.7376 ], [ 93.0385, 24.7413 ], [ 93.0761, 24.7118 ], [ 93.0737, 24.7071 ], [ 93.0818, 24.7022 ], [ 93.0919, 24.6869 ], [ 93.0904, 24.6769 ], [ 93.1029, 24.6801 ], [ 93.1042, 24.6742 ], [ 93.0965, 24.6643 ], [ 93.0954, 24.6528 ], [ 93.0862, 24.6527 ], [ 93.0829, 24.6492 ], [ 93.0873, 24.6297 ], [ 93.0759, 24.6259 ], [ 93.0841, 24.6134 ], [ 93.0712, 24.6006 ], [ 93.0803, 24.5901 ], [ 93.0936, 24.5917 ], [ 93.1044, 24.5824 ], [ 93.0932, 24.5815 ], [ 93.0844, 24.5711 ], [ 93.0757, 24.575 ], [ 93.0582, 24.5738 ], [ 93.071, 24.5588 ], [ 93.0646, 24.5468 ], [ 93.057, 24.5544 ], [ 93.05, 24.5442 ], [ 93.0472, 24.5286 ], [ 93.0501, 24.5194 ], [ 93.0387, 24.5129 ], [ 93.0372, 24.5094 ], [ 93.0428, 24.5048 ], [ 93.0326, 24.4953 ], [ 93.0436, 24.4803 ], [ 93.0468, 24.4675 ], [ 93.0443, 24.462 ], [ 93.0357, 24.4598 ], [ 93.033, 24.4281 ], [ 93.0433, 24.4183 ], [ 93.0416, 24.413 ], [ 93.0325, 24.4086 ], [ 93.0172, 24.4081 ], [ 93.013, 24.417 ], [ 92.9973, 24.3994 ], [ 92.9924, 24.3989 ], [ 92.9848, 24.4056 ], [ 92.9745, 24.4084 ], [ 92.9602, 24.3919 ], [ 92.9512, 24.403 ], [ 92.9391, 24.4006 ], [ 92.934, 24.3923 ], [ 92.9242, 24.3961 ], [ 92.922, 24.4035 ], [ 92.9093, 24.4129 ], [ 92.9029, 24.3911 ], [ 92.893, 24.3927 ], [ 92.8915, 24.4004 ], [ 92.8886, 24.3983 ], [ 92.8837, 24.4024 ], [ 92.8733, 24.3949 ], [ 92.8609, 24.3985 ], [ 92.8462, 24.386 ], [ 92.843, 24.3776 ], [ 92.8358, 24.3785 ], [ 92.8299, 24.3736 ], [ 92.8262, 24.3764 ], [ 92.8231, 24.3865 ], [ 92.8299, 24.4003 ], [ 92.8202, 24.4037 ], [ 92.8189, 24.4101 ], [ 92.8124, 24.4093 ], [ 92.8068, 24.4188 ], [ 92.7994, 24.4191 ], [ 92.8013, 24.4297 ], [ 92.7967, 24.4328 ], [ 92.7638, 24.521 ], [ 92.7594, 24.5186 ], [ 92.7573, 24.5223 ], [ 92.7802, 24.5691 ], [ 92.7695, 24.5709 ], [ 92.7644, 24.567 ], [ 92.7527, 24.5839 ], [ 92.7456, 24.5826 ], [ 92.7359, 24.5867 ], [ 92.7354, 24.5904 ], [ 92.7174, 24.5619 ], [ 92.7125, 24.5689 ], [ 92.7016, 24.5661 ], [ 92.7015, 24.5715 ], [ 92.6897, 24.5752 ], [ 92.668, 24.5912 ], [ 92.67, 24.5999 ], [ 92.6665, 24.6098 ], [ 92.6968, 24.6153 ], [ 92.6872, 24.6255 ], [ 92.6655, 24.6277 ], [ 92.6652, 24.6736 ], [ 92.6565, 24.6735 ], [ 92.6503, 24.6846 ], [ 92.6571, 24.7006 ], [ 92.6559, 24.7536 ], [ 92.6638, 24.7651 ], [ 92.6691, 24.7927 ], [ 92.6745, 24.8007 ], [ 92.68, 24.8013 ], [ 92.6838, 24.8146 ], [ 92.6796, 24.8125 ], [ 92.673, 24.8178 ], [ 92.6629, 24.8143 ], [ 92.658, 24.8171 ], [ 92.646, 24.8153 ], [ 92.6427, 24.8222 ], [ 92.6383, 24.8219 ], [ 92.6394, 24.8304 ], [ 92.633, 24.8313 ], [ 92.6368, 24.8399 ], [ 92.6293, 24.855 ], [ 92.6439, 24.8498 ], [ 92.6463, 24.8529 ], [ 92.636, 24.8595 ], [ 92.6126, 24.8608 ], [ 92.5973, 24.8791 ], [ 92.5728, 24.8733 ], [ 92.5563, 24.8774 ], [ 92.5461, 24.8686 ], [ 92.5261, 24.8611 ], [ 92.5151, 24.8796 ], [ 92.4906, 24.8738 ], [ 92.4912, 24.8915 ], [ 92.4968, 24.902 ], [ 92.4929, 24.9061 ], [ 92.4946, 24.9159 ], [ 92.484, 24.9285 ], [ 92.4875, 24.9469 ], [ 92.4756, 24.9418 ], [ 92.4497, 24.9386 ], [ 92.4497, 24.95 ], [ 92.4662, 24.9571 ], [ 92.4675, 24.9637 ], [ 92.4576, 24.9706 ], [ 92.4476, 24.965 ], [ 92.4201, 24.9663 ], [ 92.4221, 24.9885 ], [ 92.4164, 24.9904 ], [ 92.4242, 25.0095 ], [ 92.4253, 25.0296 ], [ 92.4293, 25.0291 ], [ 92.4322, 25.0351 ], [ 92.4382, 25.0346 ], [ 92.4383, 25.0439 ], [ 92.4425, 25.0452 ], [ 92.4643, 25.0374 ], [ 92.4624, 25.0481 ], [ 92.457, 25.0467 ], [ 92.457, 25.0541 ], [ 92.4602, 25.0573 ], [ 92.4637, 25.0549 ], [ 92.472, 25.0673 ], [ 92.4706, 25.0764 ], [ 92.4753, 25.0778 ], [ 92.4741, 25.082 ], [ 92.4794, 25.0866 ], [ 92.4774, 25.1002 ], [ 92.481, 25.1086 ], [ 92.497, 25.1095 ], [ 92.5089, 25.1042 ], [ 92.5199, 25.1059 ], [ 92.5381, 25.0986 ], [ 92.5465, 25.104 ], [ 92.5718, 25.1016 ], [ 92.5984, 25.1108 ], [ 92.6195, 25.1024 ], [ 92.6233, 25.108 ], [ 92.6319, 25.1091 ], [ 92.643, 25.1178 ], [ 92.6651, 25.1091 ], [ 92.6839, 25.1146 ], [ 92.6996, 25.111 ], [ 92.7118, 25.117 ], [ 92.7218, 25.1126 ], [ 92.7291, 25.1232 ], [ 92.7341, 25.1239 ], [ 92.7282, 25.1363 ], [ 92.7299, 25.1433 ], [ 92.7455, 25.1358 ], [ 92.754, 25.1382 ] ] ] } },
{ "type": "Feature", "properties": { "unit_id": "IND.4.18.1_1", "name": "Karimganj", "district": "Karimganj", "did": "assam:Karimganj", "state_key": "assam" }, "geometry": { "type": "Polygon", "coordinates": [ [ [ 92.3069, 24.902 ], [ 92.3161, 24.8952 ], [ 92.3267, 24.8964 ], [ 92.3287, 24.8888 ], [ 92.3392, 24.8783 ], [ 92.344, 24.8802 ], [ 92.348, 24.8916 ], [ 92.3544, 24.8795 ], [ 92.3613, 24.8782 ], [ 92.3634, 24.8719 ], [ 92.3747, 24.874 ], [ 92.3849, 24.8523 ], [ 92.4001, 24.8487 ], [ 92.4064, 24.8589 ], [ 92.4254, 24.8528 ], [ 92.4374, 24.8556 ], [ 92.4448, 24.872 ], [ 92.461, 24.8731 ], [ 92.4761, 24.8673 ], [ 92.48, 24.8727 ], [ 92.4879, 24.8713 ], [ 92.5151, 24.8796 ], [ 92.5254, 24.8612 ], [ 92.5461, 24.8686 ], [ 92.5563, 24.8774 ], [ 92.5798, 24.8737 ], [ 92.5863, 24.8613 ], [ 92.5826, 24.8441 ], [ 92.5676, 24.8306 ], [ 92.5664, 24.8242 ], [ 92.5603, 24.8208 ], [ 92.5587, 24.8232 ], [ 92.5447, 24.8076 ], [ 92.5459, 24.8007 ], [ 92.5421, 24.7982 ], [ 92.5406, 24.788 ], [ 92.5444, 24.7811 ], [ 92.5402, 24.7769 ], [ 92.5452, 24.7656 ], [ 92.5346, 24.7549 ], [ 92.525, 24.7518 ], [ 92.5223, 24.7296 ], [ 92.4937, 24.6833 ], [ 92.4938, 24.6731 ], [ 92.5064, 24.664 ], [ 92.5036, 24.6532 ], [ 92.5072, 24.6502 ], [ 92.5041, 24.6466 ], [ 92.5067, 24.6359 ], [ 92.5016, 24.6304 ], [ 92.5078, 24.6285 ], [ 92.5096, 24.6036 ], [ 92.5031, 24.6049 ], [ 92.5046, 24.5896 ], [ 92.5173, 24.574 ], [ 92.5143, 24.5657 ], [ 92.5168, 24.5578 ], [ 92.5104, 24.5388 ], [ 92.5056, 24.5348 ], [ 92.51, 24.5249 ], [ 92.5063, 24.4898 ], [ 92.5102, 24.4834 ], [ 92.5054, 24.4569 ], [ 92.5089, 24.4549 ], [ 92.5062, 24.4494 ], [ 92.4932, 24.4505 ], [ 92.4783, 24.4231 ], [ 92.4668, 24.4396 ], [ 92.4633, 24.4136 ], [ 92.4591, 24.4143 ], [ 92.4516, 24.409 ], [ 92.446, 24.3977 ], [ 92.4481, 24.3896 ], [ 92.4396, 24.3795 ], [ 92.4334, 24.3624 ], [ 92.4173, 24.3645 ], [ 92.4138, 24.3611 ], [ 92.4018, 24.3699 ], [ 92.4047, 24.3751 ], [ 92.399, 24.3762 ], [ 92.3937, 24.3618 ], [ 92.3899, 24.3607 ], [ 92.3952, 24.3519 ], [ 92.3913, 24.3386 ], [ 92.3941, 24.3376 ], [ 92.392, 24.3283 ], [ 92.3966, 24.3036 ], [ 92.3916, 24.3007 ], [ 92.3892, 24.3028 ], [ 92.3854, 24.2955 ], [ 92.3735, 24.2921 ], [ 92.3703, 24.3039 ], [ 92.3561, 24.3075 ], [ 92.355, 24.3115 ], [ 92.3623, 24.3239 ], [ 92.3717, 24.3189 ], [ 92.3752, 24.3236 ], [ 92.3707, 24.3424 ], [ 92.3752, 24.3831 ], [ 92.386, 24.4028 ], [ 92.3902, 24.4266 ], [ 92.3861, 24.4484 ], [ 92.3922, 24.4996 ], [ 92.3702, 24.5219 ], [ 92.3783, 24.5483 ], [ 92.3612, 24.5533 ], [ 92.3463, 24.564 ], [ 92.3403, 24.5537 ], [ 92.341, 24.5447 ], [ 92.3261, 24.5452 ], [ 92.3283, 24.5356 ], [ 92.3453, 24.529 ], [ 92.3546, 24.4986 ], [ 92.3501, 24.484 ], [ 92.3393, 24.4782 ], [ 92.3401, 24.471 ], [ 92.3497, 24.4775 ], [ 92.3572, 24.4732 ], [ 92.35, 24.4749 ], [ 92.3413, 24.4674 ], [ 92.3478, 24.451 ], [ 92.3402, 24.4421 ], [ 92.3475, 24.4348 ], [ 92.3484, 24.4278 ], [ 92.3408, 24.4207 ], [ 92.3433, 24.4092 ], [ 92.332, 24.4109 ], [ 92.3288, 24.4059 ], [ 92.3345, 24.3917 ], [ 92.3424, 24.3866 ], [ 92.342, 24.3681 ], [ 92.3312, 24.3724 ], [ 92.3316, 24.3862 ], [ 92.3266, 24.3876 ], [ 92.3241, 24.3697 ], [ 92.316, 24.3682 ], [ 92.3136, 24.3631 ], [ 92.3202, 24.3495 ], [ 92.3111, 24.3399 ], [ 92.311, 24.326 ], [ 92.3003, 24.3041 ], [ 92.2905, 24.3148 ], [ 92.2938, 24.3197 ], [ 92.2911, 24.3276 ], [ 92.2984, 24.3255 ], [ 92.3023, 24.3434 ], [ 92.302, 24.3939 ], [ 92.3078, 24.4267 ], [ 92.3171, 24.436 ], [ 92.3167, 24.4545 ], [ 92.31, 24.4581 ], [ 92.3052, 24.4533 ], [ 92.2958, 24.4542 ], [ 92.2957, 24.4868 ], [ 92.2887, 24.5042 ], [ 92.2867, 24.4955 ], [ 92.2791, 24.4952 ], [ 92.2725, 24.4695 ], [ 92.2594, 24.468 ], [ 92.2623, 24.4615 ], [ 92.2562, 24.4519 ], [ 92.2634, 24.4411 ], [ 92.2444, 24.4444 ], [ 92.2359, 24.4506 ], [ 92.2364, 24.4582 ], [ 92.2298, 24.4625 ], [ 92.2306, 24.4714 ], [ 92.2347, 24.4746 ], [ 92.2313, 24.48 ], [ 92.2366, 24.4846 ], [ 92.2304, 24.5017 ], [ 92.2129, 24.504 ], [ 92.2311, 24.5312 ], [ 92.2354, 24.5976 ], [ 92.244, 24.6165 ], [ 92.2498, 24.648 ], [ 92.2471, 24.6547 ], [ 92.2571, 24.6732 ], [ 92.2544, 24.678 ], [ 92.2599, 24.6814 ], [ 92.2589, 24.6862 ], [ 92.296, 24.7365 ], [ 92.2792, 24.7453 ], [ 92.2901, 24.7597 ], [ 92.2818, 24.7753 ], [ 92.2847, 24.7746 ], [ 92.2889, 24.7845 ], [ 92.2731, 24.8002 ], [ 92.2763, 24.8154 ], [ 92.2731, 24.8274 ], [ 92.253, 24.8322 ], [ 92.2491, 24.8297 ], [ 92.2502, 24.8359 ], [ 92.255, 24.8384 ], [ 92.2415, 24.842 ], [ 92.2398, 24.8577 ], [ 92.2349, 24.8614 ], [ 92.2382, 24.8682 ], [ 92.2463, 24.8675 ], [ 92.2481, 24.8855 ], [ 92.2367, 24.892 ], [ 92.2329, 24.9001 ], [ 92.2484, 24.9089 ], [ 92.274, 24.9049 ], [ 92.2834, 24.9063 ], [ 92.285, 24.9109 ], [ 92.2967, 24.916 ], [ 92.3049, 24.9116 ], [ 92.3069, 24.902 ] ] ] } },
{ "type": "Feature", "properties": { "unit_id": "IND.4.13.1_1", "name": "Hailakandi", "district": "Hailakandi", "did": "assam:Hailakandi", "state_key": "assam" }, "geometry": { "type": "MultiPolygon", "coordinates": [ [ [ [ 92.636, 24.8595 ], [ 92.6463, 24.8529 ], [ 92.6439, 24.8498 ], [ 92.6293, 24.855 ], [ 92.6368, 24.8399 ], [ 92.633, 24.8313 ], [ 92.6394, 24.8304 ], [ 92.6383, 24.8219 ], [ 92.6427, 24.8222 ], [ 92.646, 24.8153 ], [ 92.658, 24.8171 ], [ 92.6629, 24.8143 ], [ 92.673, 24.8178 ], [ 92.6796, 24.8125 ], [ 92.6838, 24.8146 ], [ 92.68, 24.8013 ], [ 92.6745, 24.8007 ], [ 92.6691, 24.7927 ], [ 92.6638, 24.7651 ], [ 92.6559, 24.7536 ], [ 92.6571, 24.7006 ], [ 92.6503, 24.6846 ], [ 92.6565, 24.6735 ], [ 92.6652, 24.6736 ], [ 92.6655, 24.6277 ], [ 92.6872, 24.6255 ], [ 92.6968, 24.6153 ], [ 92.6665, 24.6098 ], [ 92.6685, 24.5896 ], [ 92.6909, 24.5745 ], [ 92.7015, 24.5715 ], [ 92.7016, 24.5661 ], [ 92.7157, 24.5679 ], [ 92.7174, 24.5619 ], [ 92.7354, 24.5904 ], [ 92.7359, 24.5867 ], [ 92.7456, 24.5826 ], [ 92.7527, 24.5839 ], [ 92.7619, 24.5683 ], [ 92.7758, 24.5714 ], [ 92.7806, 24.5684 ], [ 92.7593, 24.5286 ], [ 92.7594, 24.5186 ], [ 92.7634, 24.5211 ], [ 92.7522, 24.5062 ], [ 92.7508, 24.4921 ], [ 92.7129, 24.4112 ], [ 92.7036, 24.3754 ], [ 92.6928, 24.3685 ], [ 92.6948, 24.3654 ], [ 92.6898, 24.3536 ], [ 92.6838, 24.3505 ], [ 92.6848, 24.3465 ], [ 92.6772, 24.3502 ], [ 92.6689, 24.3461 ], [ 92.6656, 24.3496 ], [ 92.6643, 24.3461 ], [ 92.6614, 24.3482 ], [ 92.6517, 24.331 ], [ 92.6492, 24.3286 ], [ 92.6462, 24.3309 ], [ 92.6458, 24.3278 ], [ 92.6387, 24.3284 ], [ 92.6404, 24.3336 ], [ 92.6363, 24.3313 ], [ 92.6387, 24.3344 ], [ 92.6357, 24.3367 ], [ 92.6248, 24.3341 ], [ 92.6123, 24.2535 ], [ 92.606, 24.2485 ], [ 92.5721, 24.2519 ], [ 92.5509, 24.2472 ], [ 92.5471, 24.2202 ], [ 92.5311, 24.1851 ], [ 92.5343, 24.1802 ], [ 92.524, 24.1714 ], [ 92.5155, 24.1789 ], [ 92.51, 24.1725 ], [ 92.5144, 24.1695 ], [ 92.5069, 24.1699 ], [ 92.5114, 24.1654 ], [ 92.5033, 24.1678 ], [ 92.5062, 24.1641 ], [ 92.5015, 24.1604 ], [ 92.4839, 24.1632 ], [ 92.477, 24.1474 ], [ 92.4806, 24.1454 ], [ 92.479, 24.1423 ], [ 92.4746, 24.1436 ], [ 92.465, 24.1361 ], [ 92.4567, 24.1444 ], [ 92.4506, 24.1471 ], [ 92.4491, 24.144 ], [ 92.4428, 24.1545 ], [ 92.4364, 24.153 ], [ 92.4357, 24.1793 ], [ 92.4192, 24.1919 ], [ 92.4186, 24.2126 ], [ 92.4225, 24.255 ], [ 92.433, 24.2561 ], [ 92.4514, 24.2881 ], [ 92.4638, 24.3006 ], [ 92.4764, 24.3261 ], [ 92.484, 24.3553 ], [ 92.4915, 24.369 ], [ 92.4956, 24.3857 ], [ 92.4936, 24.3928 ], [ 92.5006, 24.4063 ], [ 92.5063, 24.4356 ], [ 92.5089, 24.4549 ], [ 92.5054, 24.4569 ], [ 92.5102, 24.4834 ], [ 92.5063, 24.4892 ], [ 92.507, 24.5161 ], [ 92.51, 24.5229 ], [ 92.5056, 24.5348 ], [ 92.5104, 24.5388 ], [ 92.5168, 24.5578 ], [ 92.5143, 24.5657 ], [ 92.5173, 24.574 ], [ 92.5046, 24.5896 ], [ 92.5031, 24.6049 ], [ 92.5096, 24.6036 ], [ 92.5078, 24.6285 ], [ 92.5016, 24.6304 ], [ 92.5067, 24.6359 ], [ 92.5041, 24.6466 ], [ 92.5072, 24.6502 ], [ 92.5036, 24.6532 ], [ 92.5064, 24.664 ], [ 92.4938, 24.6731 ], [ 92.4937, 24.6833 ], [ 92.5223, 24.7296 ], [ 92.525, 24.7518 ], [ 92.5346, 24.7549 ], [ 92.5452, 24.7656 ], [ 92.5402, 24.7769 ], [ 92.5444, 24.7811 ], [ 92.5406, 24.788 ], [ 92.5421, 24.7982 ], [ 92.5459, 24.8007 ], [ 92.5447, 24.8076 ], [ 92.5587, 24.8232 ], [ 92.5603, 24.8208 ], [ 92.5664, 24.8242 ], [ 92.5676, 24.8306 ], [ 92.583, 24.8445 ], [ 92.5863, 24.8613 ], [ 92.5801, 24.8755 ], [ 92.5962, 24.8794 ], [ 92.6126, 24.8608 ], [ 92.636, 24.8595 ] ] ] ] } },
{ "type": "Feature", "properties": { "unit_id": "IND.4.18.1_1", "name": "None", "district": "Karimganj", "did": "assam:Karimganj", "state_key": "assam" }, "geometry": { "type": "Polygon", "coordinates": [ [ [ 92.2681, 24.3679 ], [ 92.2681, 24.3781 ], [ 92.2729, 24.379 ], [ 92.2687, 24.3826 ], [ 92.2741, 24.3883 ], [ 92.2691, 24.3925 ], [ 92.2706, 24.3969 ], [ 92.2641, 24.399 ], [ 92.2633, 24.4112 ], [ 92.2545, 24.4205 ], [ 92.2594, 24.4392 ], [ 92.2532, 24.4412 ], [ 92.2634, 24.4411 ], [ 92.2562, 24.4519 ], [ 92.2623, 24.4615 ], [ 92.2594, 24.468 ], [ 92.2725, 24.4695 ], [ 92.2791, 24.4952 ], [ 92.2867, 24.4955 ], [ 92.2887, 24.5042 ], [ 92.2957, 24.4868 ], [ 92.2958, 24.4542 ], [ 92.3052, 24.4533 ], [ 92.31, 24.4581 ], [ 92.3167, 24.4545 ], [ 92.3174, 24.4489 ], [ 92.3169, 24.4353 ], [ 92.3081, 24.4274 ], [ 92.3035, 24.4046 ], [ 92.3001, 24.3645 ], [ 92.3024, 24.3443 ], [ 92.2984, 24.3255 ], [ 92.2911, 24.3276 ], [ 92.2938, 24.3197 ], [ 92.2905, 24.3148 ], [ 92.2992, 24.3038 ], [ 92.3087, 24.319 ], [ 92.3123, 24.3425 ], [ 92.3202, 24.3495 ], [ 92.3136, 24.3631 ], [ 92.316, 24.3682 ], [ 92.3241, 24.3697 ], [ 92.3266, 24.3876 ], [ 92.3316, 24.3862 ], [ 92.3312, 24.3724 ], [ 92.342, 24.3681 ], [ 92.3424, 24.3866 ], [ 92.3345, 24.3917 ], [ 92.3288, 24.4059 ], [ 92.332, 24.4109 ], [ 92.344, 24.4101 ], [ 92.3408, 24.4207 ], [ 92.347, 24.4245 ], [ 92.3487, 24.4304 ], [ 92.3402, 24.4421 ], [ 92.3478, 24.451 ], [ 92.3413, 24.4674 ], [ 92.35, 24.4749 ], [ 92.3572, 24.4741 ], [ 92.3497, 24.4775 ], [ 92.3401, 24.471 ], [ 92.3393, 24.4782 ], [ 92.3501, 24.484 ], [ 92.3546, 24.4986 ], [ 92.3453, 24.529 ], [ 92.3283, 24.5356 ], [ 92.3261, 24.5452 ], [ 92.341, 24.5447 ], [ 92.3403, 24.5537 ], [ 92.347, 24.5638 ], [ 92.3612, 24.5533 ], [ 92.3783, 24.5483 ], [ 92.3702, 24.5219 ], [ 92.3922, 24.4996 ], [ 92.3861, 24.4484 ], [ 92.3897, 24.4226 ], [ 92.386, 24.4028 ], [ 92.3752, 24.3831 ], [ 92.371, 24.3512 ], [ 92.3755, 24.3248 ], [ 92.3717, 24.3189 ], [ 92.3623, 24.3239 ], [ 92.3555, 24.3083 ], [ 92.3703, 24.3039 ], [ 92.3735, 24.2921 ], [ 92.3854, 24.2955 ], [ 92.3892, 24.3028 ], [ 92.3916, 24.3007 ], [ 92.3965, 24.3034 ], [ 92.392, 24.3283 ], [ 92.3941, 24.3376 ], [ 92.3913, 24.3386 ], [ 92.3952, 24.3519 ], [ 92.3899, 24.3607 ], [ 92.3937, 24.3618 ], [ 92.399, 24.3762 ], [ 92.4047, 24.3751 ], [ 92.4018, 24.3699 ], [ 92.4138, 24.3611 ], [ 92.4173, 24.3645 ], [ 92.4334, 24.3624 ], [ 92.4396, 24.3795 ], [ 92.4481, 24.3896 ], [ 92.446, 24.3977 ], [ 92.4516, 24.409 ], [ 92.4591, 24.4143 ], [ 92.4633, 24.4136 ], [ 92.4668, 24.4396 ], [ 92.4783, 24.4231 ], [ 92.4932, 24.4505 ], [ 92.5062, 24.4494 ], [ 92.5017, 24.4106 ], [ 92.4936, 24.3928 ], [ 92.4956, 24.3857 ], [ 92.4915, 24.369 ], [ 92.484, 24.3553 ], [ 92.4764, 24.3261 ], [ 92.4638, 24.3006 ], [ 92.4514, 24.2881 ], [ 92.4323, 24.2554 ], [ 92.2129, 24.2499 ], [ 92.2681, 24.3679 ] ] ] } }
]
}
