{
"type": "FeatureCollection",
"crs": { "type": "name", "properties": { "name": "urn:ogc:def:crs:OGC:1.3:CRS84" } },
"xy_coordinate_resolution": 0.0001,
"features": [
{ "type": "Feature", "properties": { "unit_id": "IND.34.1.1_1", "unit_name": "Agra", "district": "Agra", "did": "uttar_pradesh:Agra", "state": "Uttar Pradesh", "state_key": "uttar_pradesh", "name_ok": true }, "geometry": { "type": "Polygon", "coordinates": [ [ [ 78.17, 27.1129 ], [ 78.15, 27.0928 ], [ 78.1351, 27.0994 ], [ 78.1046, 27.0856 ], [ 78.0941, 27.0732 ], [ 78.0776, 27.0702 ], [ 78.0663, 27.0757 ], [ 78.0538, 27.0612 ], [ 78.0355, 27.0656 ], [ 78.0306, 27.0583 ], [ 78.0131, 27.0611 ], [ 77.9996, 27.0496 ], [ 77.997, 27.0604 ], [ 77.987, 27.0618 ], [ 77.9857, 27.0652 ], [ 77.9807, 27.0567 ], [ 77.9743, 27.0557 ], [ 77.9559, 27.0585 ], [ 77.9316, 27.0694 ], [ 77.9105, 27.0561 ], [ 77.8976, 27.0592 ], [ 77.8881, 27.0537 ], [ 77.8744, 27.0541 ], [ 77.864, 27.0575 ], [ 77.8544, 27.072 ], [ 77.8561, 27.0884 ], [ 77.8778, 27.091 ], [ 77.8844, 27.095 ], [ 77.8813, 27.1126 ], [ 77.8618, 27.123 ], [ 77.8596, 27.1317 ], [ 77.8675, 27.141 ], [ 77.8548, 27.1443 ], [ 77.8455, 27.1661 ], [ 77.8625, 27.1786 ], [ 77.8617, 27.193 ], [ 77.8882, 27.2006 ], [ 77.8974, 27.2174 ], [ 77.887, 27.2285 ], [ 77.8847, 27.2368 ], [ 77.903, 27.2441 ], [ 77.919, 27.2391 ], [ 77.9309, 27.2429 ], [ 77.9332, 27.254 ], [ 77.9247, 27.2728 ], [ 77.9528, 27.3 ], [ 77.9547, 27.2457 ], [ 77.9809, 27.2454 ], [ 77.985, 27.2488 ], [ 77.984, 27.2544 ], [ 77.9725, 27.2657 ], [ 77.9789, 27.2717 ], [ 77.9914, 27.2727 ], [ 78.0028, 27.2689 ], [ 78.0201, 27.2549 ], [ 78.0295, 27.2155 ], [ 78.0216, 27.1958 ], [ 78.0231, 27.1839 ], [ 78.0371, 27.1845 ], [ 78.0488, 27.1939 ], [ 78.0785, 27.2069 ], [ 78.0923, 27.2034 ], [ 78.1046, 27.1858 ], [ 78.1362, 27.1873 ], [ 78.1415, 27.1974 ], [ 78.159, 27.199 ], [ 78.1587, 27.1816 ], [ 78.1712, 27.182 ], [ 78.1888, 27.1893 ], [ 78.1972, 27.1866 ], [ 78.2088, 27.1724 ], [ 78.211, 27.1625 ], [ 78.1939, 27.1357 ], [ 78.1938, 27.1213 ], [ 78.17, 27.1129 ] ] ] } },
{ "type": "Feature", "properties": { "unit_id": "IND.34.1.2_1", "unit_name": "Bah", "district": "Agra", "did": "uttar_pradesh:Agra", "state": "Uttar Pradesh", "state_key": "uttar_pradesh", "name_ok": true }, "geometry": { "type": "Polygon", "coordinates": [ [ [ 78.7621, 26.7668 ], [ 78.7411, 26.7925 ], [ 78.7259, 26.7796 ], [ 78.7184, 26.7817 ], [ 78.7214, 26.7977 ], [ 78.7153, 26.8002 ], [ 78.6774, 26.7924 ], [ 78.6675, 26.7742 ], [ 78.659, 26.7692 ], [ 78.6204, 26.7752 ], [ 78.602, 26.7561 ], [ 78.5658, 26.7577 ], [ 78.5343, 26.772 ], [ 78.5156, 26.7851 ], [ 78.4508, 26.7981 ], [ 78.4259, 26.8323 ], [ 78.3897, 26.8249 ], [ 78.3646, 26.8688 ], [ 78.3514, 26.8744 ], [ 78.3238, 26.8686 ], [ 78.2947, 26.8683 ], [ 78.2821, 26.8641 ], [ 78.2678, 26.8497 ], [ 78.2653, 26.8247 ], [ 78.2556, 26.8203 ], [ 78.223, 26.8372 ], [ 78.2098, 26.8361 ], [ 78.214, 26.8485 ], [ 78.2045, 26.8556 ], [ 78.1902, 26.8835 ], [ 78.1911, 26.8886 ], [ 78.2049, 26.8774 ], [ 78.2266, 26.8826 ], [ 78.2298, 26.8939 ], [ 78.2527, 26.9046 ], [ 78.2622, 26.9235 ], [ 78.2583, 26.934 ], [ 78.2668, 26.967 ], [ 78.2713, 26.9711 ], [ 78.2864, 26.9578 ], [ 78.3012, 26.9579 ], [ 78.3229, 26.9503 ], [ 78.327, 26.9637 ], [ 78.3407, 26.963 ], [ 78.3348, 26.9778 ], [ 78.3389, 26.9789 ], [ 78.3594, 26.9696 ], [ 78.3705, 26.974 ], [ 78.382, 26.9653 ], [ 78.4006, 26.964 ], [ 78.4025, 26.9518 ], [ 78.4148, 26.9571 ], [ 78.4217, 26.9674 ], [ 78.4124, 26.9717 ], [ 78.4128, 26.9762 ], [ 78.4261, 26.9815 ], [ 78.4404, 26.9782 ], [ 78.4432, 26.9899 ], [ 78.4549, 26.9907 ], [ 78.4739, 26.9997 ], [ 78.4787, 26.9914 ], [ 78.4784, 26.9719 ], [ 78.5075, 26.9631 ], [ 78.512, 26.9343 ], [ 78.5209, 26.9232 ], [ 78.5319, 26.9245 ], [ 78.5362, 26.9339 ], [ 78.5327, 26.9407 ], [ 78.5201, 26.9447 ], [ 78.5194, 26.9607 ], [ 78.5081, 26.972 ], [ 78.5109, 26.9816 ], [ 78.5181, 26.9815 ], [ 78.5368, 26.9677 ], [ 78.5673, 26.9675 ], [ 78.5674, 26.9495 ], [ 78.5924, 26.9256 ], [ 78.5987, 26.9262 ], [ 78.6006, 26.9305 ], [ 78.5906, 26.9515 ], [ 78.593, 26.9547 ], [ 78.6108, 26.9517 ], [ 78.6155, 26.9451 ], [ 78.6107, 26.9249 ], [ 78.6241, 26.9131 ], [ 78.6281, 26.8908 ], [ 78.6363, 26.8851 ], [ 78.6648, 26.8841 ], [ 78.6676, 26.9226 ], [ 78.6739, 26.9235 ], [ 78.6862, 26.9162 ], [ 78.6986, 26.9213 ], [ 78.7102, 26.9041 ], [ 78.7184, 26.9056 ], [ 78.7261, 26.9259 ], [ 78.733, 26.9242 ], [ 78.7399, 26.9201 ], [ 78.7334, 26.8988 ], [ 78.7389, 26.8926 ], [ 78.7455, 26.8949 ], [ 78.7492, 26.9112 ], [ 78.7547, 26.9133 ], [ 78.7591, 26.91 ], [ 78.7668, 26.8902 ], [ 78.7775, 26.8863 ], [ 78.7742, 26.8707 ], [ 78.7855, 26.8694 ], [ 78.8018, 26.8743 ], [ 78.8096, 26.8554 ], [ 78.827, 26.8404 ], [ 78.8428, 26.8152 ], [ 78.8383, 26.8044 ], [ 78.8236, 26.7966 ], [ 78.8034, 26.8051 ], [ 78.7851, 26.8033 ], [ 78.7707, 26.7642 ], [ 78.7621, 26.7668 ] ] ] } },
{ "type": "Feature", "properties": { "unit_id": "IND.34.1.3_1", "unit_name": "Fatehabad", "district": "Agra", "did": "uttar_pradesh:Agra", "state": "Uttar Pradesh", "state_key": "uttar_pradesh", "name_ok": true }, "geometry": { "type": "Polygon", "coordinates": [ [ [ 78.2522, 26.935 ], [ 78.2473, 26.9307 ], [ 78.2327, 26.9337 ], [ 78.2159, 26.954 ], [ 78.2052, 26.9389 ], [ 78.1905, 26.9468 ], [ 78.1461, 26.9531 ], [ 78.1395, 26.9571 ], [ 78.1009, 26.9509 ], [ 78.0801, 26.9625 ], [ 78.0662, 26.9633 ], [ 78.0619, 26.9694 ], [ 78.0543, 26.9662 ], [ 78.0512, 26.9754 ], [ 78.0302, 26.9827 ], [ 77.9951, 27.0058 ], [ 77.9971, 27.0115 ], [ 77.9917, 27.0185 ], [ 77.9632, 27.0318 ], [ 77.9543, 27.0319 ], [ 77.9529, 27.0364 ], [ 77.9604, 27.0529 ], [ 77.9559, 27.0585 ], [ 77.9785, 27.0559 ], [ 77.9857, 27.0652 ], [ 77.987, 27.0618 ], [ 77.997, 27.0604 ], [ 77.9996, 27.0496 ], [ 78.0131, 27.0611 ], [ 78.0306, 27.0583 ], [ 78.0355, 27.0656 ], [ 78.0538, 27.0612 ], [ 78.0663, 27.0757 ], [ 78.0776, 27.0702 ], [ 78.0941, 27.0732 ], [ 78.1046, 27.0856 ], [ 78.1351, 27.0994 ], [ 78.15, 27.0928 ], [ 78.1554, 27.0949 ], [ 78.17, 27.1129 ], [ 78.1938, 27.1213 ], [ 78.2, 27.1109 ], [ 78.2201, 27.0991 ], [ 78.2205, 27.0785 ], [ 78.2334, 27.0778 ], [ 78.2515, 27.0871 ], [ 78.2493, 27.0991 ], [ 78.2347, 27.1062 ], [ 78.2361, 27.1149 ], [ 78.2497, 27.1133 ], [ 78.2658, 27.0898 ], [ 78.2755, 27.0854 ], [ 78.284, 27.0877 ], [ 78.2873, 27.0931 ], [ 78.2904, 27.1257 ], [ 78.3021, 27.1289 ], [ 78.3095, 27.1266 ], [ 78.3142, 27.1124 ], [ 78.3194, 27.1137 ], [ 78.3352, 27.131 ], [ 78.3608, 27.1276 ], [ 78.3646, 27.1227 ], [ 78.3581, 27.1142 ], [ 78.3368, 27.1144 ], [ 78.327, 27.1037 ], [ 78.3072, 27.0999 ], [ 78.3032, 27.0898 ], [ 78.3044, 27.0574 ], [ 78.3125, 27.0597 ], [ 78.3265, 27.0787 ], [ 78.3422, 27.0772 ], [ 78.3554, 27.0851 ], [ 78.3832, 27.0618 ], [ 78.4198, 27.0525 ], [ 78.4246, 27.0472 ], [ 78.4267, 27.0313 ], [ 78.4431, 27.0067 ], [ 78.4429, 26.9804 ], [ 78.4404, 26.9782 ], [ 78.4261, 26.9815 ], [ 78.4128, 26.9762 ], [ 78.4124, 26.9717 ], [ 78.4217, 26.9674 ], [ 78.4148, 26.9571 ], [ 78.4025, 26.9518 ], [ 78.4006, 26.964 ], [ 78.382, 26.9653 ], [ 78.3705, 26.974 ], [ 78.3594, 26.9696 ], [ 78.3389, 26.9789 ], [ 78.3348, 26.9778 ], [ 78.3407, 26.963 ], [ 78.327, 26.9637 ], [ 78.3229, 26.9503 ], [ 78.3012, 26.9579 ], [ 78.2864, 26.9578 ], [ 78.2713, 26.9711 ], [ 78.2668, 26.967 ], [ 78.2583, 26.934 ], [ 78.2522, 26.935 ] ] ] } },
{ "type": "Feature", "properties": { "unit_id": "IND.34.1.4_1", "unit_name": "Khairagarh", "district": "Agra", "did": "uttar_pradesh:Agra", "state": "Uttar Pradesh", "state_key": "uttar_pradesh", "name_ok": true }, "geometry": { "type": "Polygon", "coordinates": [ [ [ 77.4643, 26.7696 ], [ 77.456, 26.7804 ], [ 77.451, 26.7807 ], [ 77.4286, 26.7701 ], [ 77.4286, 26.7858 ], [ 77.4392, 26.8192 ], [ 77.4175, 26.8428 ], [ 77.4262, 26.8531 ], [ 77.4225, 26.867 ], [ 77.4365, 26.8679 ], [ 77.4418, 26.8776 ], [ 77.4542, 26.8767 ], [ 77.4552, 26.8896 ], [ 77.4825, 26.9038 ], [ 77.5798, 26.9309 ], [ 77.5874, 26.9445 ], [ 77.5918, 26.944 ], [ 77.5938, 26.9377 ], [ 77.6489, 26.9738 ], [ 77.6566, 26.9741 ], [ 77.6596, 26.9681 ], [ 77.6653, 26.9669 ], [ 77.6703, 26.9771 ], [ 77.6919, 26.979 ], [ 77.7146, 26.9917 ], [ 77.7363, 26.9882 ], [ 77.7397, 26.9979 ], [ 77.7477, 26.9985 ], [ 77.7425, 27.0063 ], [ 77.7531, 27.0236 ], [ 77.7824, 27.0265 ], [ 77.8021, 27.0223 ], [ 77.8243, 27.0484 ], [ 77.8527, 27.0449 ], [ 77.8647, 27.0518 ], [ 77.864, 27.0575 ], [ 77.8744, 27.0541 ], [ 77.8881, 27.0537 ], [ 77.8976, 27.0592 ], [ 77.9105, 27.0561 ], [ 77.924, 27.0663 ], [ 77.9372, 27.0688 ], [ 77.9604, 27.0529 ], [ 77.9529, 27.0364 ], [ 77.9543, 27.0319 ], [ 77.9632, 27.0318 ], [ 77.9917, 27.0185 ], [ 77.9971, 27.0115 ], [ 77.9951, 27.0058 ], [ 78.0302, 26.9827 ], [ 78.0512, 26.9754 ], [ 78.0543, 26.9662 ], [ 78.0619, 26.9694 ], [ 78.0662, 26.9633 ], [ 78.0726, 26.9647 ], [ 78.0886, 26.9591 ], [ 78.108, 26.95 ], [ 78.1152, 26.9382 ], [ 78.1127, 26.9275 ], [ 78.1021, 26.9309 ], [ 78.0954, 26.9291 ], [ 78.1028, 26.9099 ], [ 78.0986, 26.904 ], [ 78.091, 26.9116 ], [ 78.0868, 26.902 ], [ 78.0605, 26.9159 ], [ 78.0571, 26.9133 ], [ 78.0422, 26.9154 ], [ 78.0478, 26.8748 ], [ 78.0376, 26.877 ], [ 78.0311, 26.8655 ], [ 78.022, 26.8609 ], [ 78.0164, 26.8638 ], [ 78.0279, 26.8762 ], [ 78.0176, 26.882 ], [ 78.0217, 26.8948 ], [ 78.0141, 26.9084 ], [ 78.0067, 26.9107 ], [ 77.9919, 26.9109 ], [ 77.985, 26.9014 ], [ 77.9751, 26.8975 ], [ 77.9668, 26.903 ], [ 77.963, 26.9126 ], [ 77.942, 26.8998 ], [ 77.9288, 26.9128 ], [ 77.9096, 26.9143 ], [ 77.9066, 26.924 ], [ 77.8999, 26.9245 ], [ 77.8969, 26.92 ], [ 77.9028, 26.9011 ], [ 77.8961, 26.8897 ], [ 77.8901, 26.8895 ], [ 77.8715, 26.9055 ], [ 77.8263, 26.921 ], [ 77.8213, 26.9262 ], [ 77.8146, 26.9228 ], [ 77.8053, 26.9285 ], [ 77.7992, 26.9283 ], [ 77.7959, 26.9234 ], [ 77.7889, 26.9223 ], [ 77.7731, 26.9326 ], [ 77.7735, 26.9363 ], [ 77.7534, 26.9377 ], [ 77.7443, 26.9232 ], [ 77.7406, 26.9269 ], [ 77.729, 26.9258 ], [ 77.7189, 26.9164 ], [ 77.7108, 26.903 ], [ 77.7199, 26.8967 ], [ 77.7158, 26.8813 ], [ 77.6977, 26.88 ], [ 77.6937, 26.8729 ], [ 77.6864, 26.8783 ], [ 77.6784, 26.8783 ], [ 77.6717, 26.8741 ], [ 77.6646, 26.8598 ], [ 77.6249, 26.8467 ], [ 77.6162, 26.8485 ], [ 77.6045, 26.8328 ], [ 77.6008, 26.8342 ], [ 77.6002, 26.8425 ], [ 77.5881, 26.8334 ], [ 77.5721, 26.832 ], [ 77.5564, 26.822 ], [ 77.5357, 26.8254 ], [ 77.5207, 26.822 ], [ 77.512, 26.828 ], [ 77.5137, 26.8451 ], [ 77.498, 26.8479 ], [ 77.481, 26.7878 ], [ 77.4893, 26.7772 ], [ 77.4967, 26.7741 ], [ 77.4933, 26.767 ], [ 77.4804, 26.7539 ], [ 77.4483, 26.7467 ], [ 77.4643, 26.7696 ] ] ] } },
{ "type": "Feature", "properties": { "unit_id": "IND.34.1.5_1", "unit_name": "Kiraoli", "district": "Agra", "did": "uttar_pradesh:Agra", "state": "Uttar Pradesh", "state_key": "uttar_pradesh", "name_ok": true }, "geometry": { "type": "Polygon", "coordinates": [ [ [ 77.5138, 27.1081 ], [ 77.5294, 27.1041 ], [ 77.5321, 27.1097 ], [ 77.5444, 27.1156 ], [ 77.5908, 27.1231 ], [ 77.5973, 27.1291 ], [ 77.5924, 27.1401 ], [ 77.5937, 27.148 ], [ 77.6065, 27.1541 ], [ 77.6051, 27.1685 ], [ 77.6148, 27.1748 ], [ 77.6359, 27.1701 ], [ 77.6546, 27.1756 ], [ 77.6654, 27.1861 ], [ 77.673, 27.2004 ], [ 77.6566, 27.213 ], [ 77.6395, 27.2173 ], [ 77.6442, 27.2389 ], [ 77.6384, 27.2407 ], [ 77.6391, 27.2471 ], [ 77.6732, 27.2436 ], [ 77.6931, 27.2576 ], [ 77.7031, 27.2519 ], [ 77.7121, 27.2541 ], [ 77.7295, 27.2475 ], [ 77.7542, 27.2489 ], [ 77.7751, 27.2396 ], [ 77.7843, 27.2482 ], [ 77.7846, 27.2614 ], [ 77.8062, 27.2669 ], [ 77.8141, 27.2803 ], [ 77.8392, 27.296 ], [ 77.8471, 27.292 ], [ 77.8452, 27.2695 ], [ 77.8482, 27.2623 ], [ 77.856, 27.2541 ], [ 77.8638, 27.2543 ], [ 77.8716, 27.258 ], [ 77.8771, 27.2684 ], [ 77.8766, 27.2732 ], [ 77.8605, 27.2783 ], [ 77.861, 27.2965 ], [ 77.8742, 27.3013 ], [ 77.9018, 27.2929 ], [ 77.9042, 27.2873 ], [ 77.9001, 27.2518 ], [ 77.903, 27.2441 ], [ 77.8847, 27.2368 ], [ 77.887, 27.2285 ], [ 77.8974, 27.2174 ], [ 77.8864, 27.1989 ], [ 77.8617, 27.193 ], [ 77.8625, 27.1786 ], [ 77.8455, 27.1661 ], [ 77.8548, 27.1443 ], [ 77.8675, 27.141 ], [ 77.8596, 27.1317 ], [ 77.8618, 27.123 ], [ 77.8813, 27.1126 ], [ 77.8849, 27.0983 ], [ 77.8778, 27.091 ], [ 77.8561, 27.0884 ], [ 77.8544, 27.072 ], [ 77.8664, 27.0539 ], [ 77.8594, 27.047 ], [ 77.8447, 27.0448 ], [ 77.8243, 27.0484 ], [ 77.8021, 27.0223 ], [ 77.7824, 27.0265 ], [ 77.7439, 27.0237 ], [ 77.7384, 27.0327 ], [ 77.7265, 27.0315 ], [ 77.7202, 27.014 ], [ 77.7223, 27.0003 ], [ 77.7139, 26.998 ], [ 77.7036, 27.0003 ], [ 77.6966, 27.007 ], [ 77.6937, 27.0195 ], [ 77.682, 27.0329 ], [ 77.6843, 27.0449 ], [ 77.6782, 27.0505 ], [ 77.6708, 27.0489 ], [ 77.657, 27.0227 ], [ 77.6343, 27.027 ], [ 77.6274, 27.0155 ], [ 77.6156, 27.0274 ], [ 77.5906, 27.0317 ], [ 77.5839, 27.0393 ], [ 77.5751, 27.0416 ], [ 77.5574, 27.0369 ], [ 77.5589, 27.0488 ], [ 77.5668, 27.0603 ], [ 77.5657, 27.078 ], [ 77.5542, 27.0772 ], [ 77.5463, 27.0807 ], [ 77.5292, 27.0671 ], [ 77.5214, 27.0672 ], [ 77.5143, 27.0704 ], [ 77.5174, 27.0895 ], [ 77.499, 27.0958 ], [ 77.5138, 27.1081 ] ] ] } },
{ "type": "Feature", "properties": { "unit_id": "IND.34.2.1_1", "unit_name": "Aligarh", "district": "Aligarh", "did": "uttar_pradesh:Aligarh", "state": "Uttar Pradesh", "state_key": "uttar_pradesh", "name_ok": true }, "geometry": { "type": "Polygon", "coordinates": [ [ [ 78.0169, 27.8042 ], [ 78.0133, 27.8225 ], [ 77.9999, 27.8127 ], [ 77.9844, 27.8078 ], [ 77.9794, 27.8101 ], [ 77.961, 27.8014 ], [ 77.955, 27.8008 ], [ 77.9339, 27.8128 ], [ 77.9289, 27.8261 ], [ 77.9405, 27.8465 ], [ 77.9317, 27.8507 ], [ 77.9336, 27.8614 ], [ 77.9162, 27.8721 ], [ 77.919, 27.8813 ], [ 77.9111, 27.8934 ], [ 77.9164, 27.901 ], [ 77.9087, 27.9038 ], [ 77.9367, 27.9253 ], [ 77.9372, 27.9368 ], [ 77.954, 27.9332 ], [ 77.9611, 27.9351 ], [ 77.964, 27.9503 ], [ 77.9611, 27.965 ], [ 77.966, 27.9748 ], [ 77.9889, 27.9756 ], [ 77.9875, 28.0029 ], [ 77.9924, 28.0059 ], [ 77.9947, 28.0202 ], [ 78.0053, 28.0259 ], [ 77.9995, 28.0342 ], [ 77.9923, 28.0314 ], [ 77.9968, 28.051 ], [ 77.9903, 28.0792 ], [ 77.995, 28.0835 ], [ 77.9947, 28.0952 ], [ 78.0238, 28.1161 ], [ 78.026, 28.1269 ], [ 78.0401, 28.1354 ], [ 78.0642, 28.1323 ], [ 78.0724, 28.124 ], [ 78.0845, 28.123 ], [ 78.0932, 28.129 ], [ 78.092, 28.1134 ], [ 78.1139, 28.1203 ], [ 78.1191, 28.113 ], [ 78.1276, 28.1098 ], [ 78.1334, 28.1002 ], [ 78.1297, 28.0804 ], [ 78.1416, 28.0748 ], [ 78.15, 28.0751 ], [ 78.167, 28.0913 ], [ 78.1884, 28.092 ], [ 78.2137, 28.1146 ], [ 78.2241, 28.1044 ], [ 78.2335, 28.0741 ], [ 78.2482, 28.0627 ], [ 78.2657, 28.063 ], [ 78.2654, 28.0579 ], [ 78.2579, 28.0481 ], [ 78.2596, 28.0423 ], [ 78.2527, 28.036 ], [ 78.2489, 28.0227 ], [ 78.2338, 28.0257 ], [ 78.2238, 28.0236 ], [ 78.2074, 28.0065 ], [ 78.1912, 27.9984 ], [ 78.1887, 27.991 ], [ 78.1947, 27.9825 ], [ 78.2122, 27.973 ], [ 78.2189, 27.9516 ], [ 78.2461, 27.9382 ], [ 78.2472, 27.9311 ], [ 78.2519, 27.9292 ], [ 78.2661, 27.9029 ], [ 78.2667, 27.8817 ], [ 78.2738, 27.8691 ], [ 78.2411, 27.8362 ], [ 78.2196, 27.821 ], [ 78.2109, 27.8055 ], [ 78.2056, 27.8087 ], [ 78.1978, 27.805 ], [ 78.188, 27.8099 ], [ 78.1873, 27.7985 ], [ 78.1585, 27.7787 ], [ 78.1606, 27.7691 ], [ 78.1446, 27.7658 ], [ 78.1296, 27.7764 ], [ 78.0891, 27.7704 ], [ 78.0775, 27.7771 ], [ 78.0618, 27.7744 ], [ 78.0592, 27.7778 ], [ 78.0625, 27.7841 ], [ 78.0547, 27.7977 ], [ 78.0337, 27.7885 ], [ 78.0169, 27.8042 ] ] ] } },
{ "type": "Feature", "properties": { "unit_id": "IND.34.2.2_1", "unit_name": "Atrauli", "district": "Aligarh", "did": "uttar_pradesh:Aligarh", "state": "Uttar Pradesh", "state_key": "uttar_pradesh", "name_ok": true }, "geometry": { "type": "Polygon", "coordinates": [ [ [ 78.2667, 27.8817 ], [ 78.2661, 27.9029 ], [ 78.2519, 27.9292 ], [ 78.2472, 27.9311 ], [ 78.2461, 27.9382 ], [ 78.2189, 27.9516 ], [ 78.2122, 27.973 ], [ 78.1947, 27.9825 ], [ 78.1887, 27.991 ], [ 78.1912, 27.9984 ], [ 78.2074, 28.0065 ], [ 78.2238, 28.0236 ], [ 78.2338, 28.0257 ], [ 78.2489, 28.0227 ], [ 78.2527, 28.036 ], [ 78.2596, 28.0423 ], [ 78.2579, 28.0481 ], [ 78.2657, 28.063 ], [ 78.2482, 28.0627 ], [ 78.2335, 28.0741 ], [ 78.2241, 28.1044 ], [ 78.239, 28.112 ], [ 78.2431, 28.1201 ], [ 78.2637, 28.12 ], [ 78.2801, 28.1278 ], [ 78.286, 28.1276 ], [ 78.2896, 28.1231 ], [ 78.2967, 28.1241 ], [ 78.326, 28.1355 ], [ 78.342, 28.1546 ], [ 78.3587, 28.1578 ], [ 78.3758, 28.1457 ], [ 78.3764, 28.1339 ], [ 78.3825, 28.1298 ], [ 78.376, 28.1125 ], [ 78.3792, 28.1093 ], [ 78.3929, 28.1205 ], [ 78.4038, 28.1134 ], [ 78.4082, 28.1044 ], [ 78.4138, 28.105 ], [ 78.4187, 28.0998 ], [ 78.4302, 28.1082 ], [ 78.4516, 28.1035 ], [ 78.4758, 28.1301 ], [ 78.4901, 28.1224 ], [ 78.494, 28.0993 ], [ 78.4996, 28.0938 ], [ 78.5169, 28.087 ], [ 78.5399, 28.0692 ], [ 78.579, 28.0879 ], [ 78.5835, 28.086 ], [ 78.5795, 28.0741 ], [ 78.6062, 28.0619 ], [ 78.5957, 28.0582 ], [ 78.6104, 28.0449 ], [ 78.5986, 28.0358 ], [ 78.5898, 28.007 ], [ 78.5843, 28.0004 ], [ 78.589, 27.9821 ], [ 78.58, 27.9759 ], [ 78.5752, 27.968 ], [ 78.577, 27.9625 ], [ 78.56, 27.9465 ], [ 78.5658, 27.9429 ], [ 78.5423, 27.9152 ], [ 78.5304, 27.9121 ], [ 78.5229, 27.9151 ], [ 78.5207, 27.9101 ], [ 78.5248, 27.9029 ], [ 78.5122, 27.8994 ], [ 78.4979, 27.8769 ], [ 78.4995, 27.873 ], [ 78.4901, 27.8638 ], [ 78.485, 27.8635 ], [ 78.484, 27.8607 ], [ 78.5044, 27.8464 ], [ 78.5008, 27.8359 ], [ 78.5056, 27.8344 ], [ 78.5048, 27.8255 ], [ 78.5085, 27.8206 ], [ 78.4995, 27.8063 ], [ 78.4941, 27.8045 ], [ 78.4771, 27.8117 ], [ 78.4562, 27.8151 ], [ 78.448, 27.8279 ], [ 78.4357, 27.8351 ], [ 78.4366, 27.8427 ], [ 78.4267, 27.8427 ], [ 78.3973, 27.8537 ], [ 78.3925, 27.8619 ], [ 78.3926, 27.875 ], [ 78.386, 27.88 ], [ 78.3833, 27.89 ], [ 78.365, 27.8838 ], [ 78.3515, 27.8714 ], [ 78.3371, 27.871 ], [ 78.323, 27.8654 ], [ 78.3096, 27.8669 ], [ 78.3099, 27.8705 ], [ 78.2944, 27.8746 ], [ 78.2816, 27.8682 ], [ 78.2738, 27.8691 ], [ 78.2667, 27.8817 ] ] ] } },
{ "type": "Feature", "properties": { "unit_id": "IND.34.2.3_1", "unit_name": "Iglas", "district": "Aligarh", "did": "uttar_pradesh:Aligarh", "state": "Uttar Pradesh", "state_key": "uttar_pradesh", "name_ok": true }, "geometry": { "type": "Polygon", "coordinates": [ [ [ 77.9164, 27.901 ], [ 77.9111, 27.8934 ], [ 77.919, 27.8813 ], [ 77.9162, 27.8721 ], [ 77.9336, 27.8614 ], [ 77.9317, 27.8507 ], [ 77.9405, 27.8465 ], [ 77.9289, 27.8261 ], [ 77.9335, 27.8187 ], [ 77.9313, 27.8159 ], [ 77.955, 27.8008 ], [ 77.9794, 27.8101 ], [ 77.9887, 27.8085 ], [ 78.0133, 27.8225 ], [ 78.0169, 27.8042 ], [ 78.0337, 27.7885 ], [ 78.0336, 27.7783 ], [ 78.0183, 27.772 ], [ 78.01, 27.7633 ], [ 78.015, 27.7571 ], [ 78.0335, 27.7537 ], [ 78.0211, 27.7393 ], [ 78.0048, 27.7472 ], [ 77.9967, 27.7341 ], [ 77.9981, 27.7304 ], [ 78.006, 27.7278 ], [ 78.0059, 27.7224 ], [ 77.9942, 27.7134 ], [ 77.9908, 27.7036 ], [ 77.9965, 27.6892 ], [ 78.0134, 27.6736 ], [ 78.0062, 27.6609 ], [ 78.0141, 27.6507 ], [ 77.9977, 27.6504 ], [ 77.9797, 27.6379 ], [ 77.9768, 27.6286 ], [ 77.9904, 27.6066 ], [ 77.9743, 27.6064 ], [ 77.9667, 27.6045 ], [ 77.9653, 27.6008 ], [ 77.9502, 27.6181 ], [ 77.941, 27.6091 ], [ 77.9203, 27.608 ], [ 77.9004, 27.5916 ], [ 77.8903, 27.5875 ], [ 77.8795, 27.5921 ], [ 77.8712, 27.5837 ], [ 77.8631, 27.5812 ], [ 77.8459, 27.608 ], [ 77.8539, 27.6284 ], [ 77.8418, 27.6591 ], [ 77.8242, 27.6678 ], [ 77.8194, 27.677 ], [ 77.8139, 27.6778 ], [ 77.809, 27.6734 ], [ 77.785, 27.69 ], [ 77.7839, 27.6943 ], [ 77.791, 27.7033 ], [ 77.7874, 27.7349 ], [ 77.7926, 27.749 ], [ 77.8009, 27.7561 ], [ 77.8256, 27.7609 ], [ 77.8064, 27.7904 ], [ 77.8067, 27.819 ], [ 77.7977, 27.8292 ], [ 77.7881, 27.8298 ], [ 77.7745, 27.8455 ], [ 77.775, 27.8509 ], [ 77.7997, 27.8665 ], [ 77.81, 27.8562 ], [ 77.8169, 27.8568 ], [ 77.8416, 27.8787 ], [ 77.8529, 27.8829 ], [ 77.863, 27.8996 ], [ 77.8707, 27.8961 ], [ 77.873, 27.8982 ], [ 77.8734, 27.9118 ], [ 77.8897, 27.9023 ], [ 77.9087, 27.9038 ], [ 77.9164, 27.901 ] ] ] } },
{ "type": "Feature", "properties": { "unit_id": "IND.34.2.4_1", "unit_name": "Khair", "district": "Aligarh", "did": "uttar_pradesh:Aligarh", "state": "Uttar Pradesh", "state_key": "uttar_pradesh", "name_ok": true }, "geometry": { "type": "Polygon", "coordinates": [ [ [ 77.5361, 27.9493 ], [ 77.5359, 27.9655 ], [ 77.515, 27.9655 ], [ 77.5096, 27.9733 ], [ 77.5352, 27.9933 ], [ 77.5119, 28.0103 ], [ 77.5065, 28.0223 ], [ 77.4897, 28.0393 ], [ 77.4791, 28.0442 ], [ 77.4829, 28.0607 ], [ 77.47, 28.0837 ], [ 77.4915, 28.0814 ], [ 77.5088, 28.0856 ], [ 77.5164, 28.0824 ], [ 77.5294, 28.0865 ], [ 77.5631, 28.0851 ], [ 77.5991, 28.1141 ], [ 77.6098, 28.1002 ], [ 77.6228, 28.1038 ], [ 77.6346, 28.0995 ], [ 77.6487, 28.1177 ], [ 77.6643, 28.1142 ], [ 77.6876, 28.0847 ], [ 77.7079, 28.0853 ], [ 77.7273, 28.0943 ], [ 77.7216, 28.1091 ], [ 77.7297, 28.1215 ], [ 77.7266, 28.1291 ], [ 77.74, 28.1408 ], [ 77.7375, 28.1483 ], [ 77.7562, 28.1568 ], [ 77.7556, 28.1501 ], [ 77.7672, 28.1328 ], [ 77.7758, 28.1429 ], [ 77.8043, 28.1457 ], [ 77.8, 28.1588 ], [ 77.8158, 28.163 ], [ 77.8356, 28.1775 ], [ 77.8412, 28.17 ], [ 77.8422, 28.1649 ], [ 77.8381, 28.1638 ], [ 77.844, 28.1547 ], [ 77.8348, 28.139 ], [ 77.8411, 28.1331 ], [ 77.851, 28.1371 ], [ 77.8603, 28.1361 ], [ 77.8869, 28.1147 ], [ 77.8967, 28.1129 ], [ 77.9097, 28.0994 ], [ 77.9184, 28.1021 ], [ 77.9297, 28.0941 ], [ 77.9295, 28.0825 ], [ 77.9411, 28.0863 ], [ 77.9489, 28.085 ], [ 77.9541, 28.0886 ], [ 77.9638, 28.0833 ], [ 77.9774, 28.0861 ], [ 77.9903, 28.0792 ], [ 77.9968, 28.051 ], [ 77.9923, 28.0314 ], [ 77.9995, 28.0342 ], [ 78.0053, 28.0259 ], [ 77.9947, 28.0202 ], [ 77.9924, 28.0059 ], [ 77.9875, 28.0029 ], [ 77.9889, 27.9756 ], [ 77.9681, 27.9757 ], [ 77.9611, 27.965 ], [ 77.964, 27.9503 ], [ 77.9611, 27.9351 ], [ 77.954, 27.9332 ], [ 77.9372, 27.9368 ], [ 77.9367, 27.9253 ], [ 77.9143, 27.9108 ], [ 77.9069, 27.9021 ], [ 77.8862, 27.9033 ], [ 77.8734, 27.9118 ], [ 77.873, 27.8982 ], [ 77.8707, 27.8961 ], [ 77.863, 27.8996 ], [ 77.8529, 27.8829 ], [ 77.8416, 27.8787 ], [ 77.8169, 27.8568 ], [ 77.81, 27.8562 ], [ 77.7997, 27.8665 ], [ 77.7651, 27.8722 ], [ 77.7555, 27.8882 ], [ 77.7559, 27.9065 ], [ 77.7393, 27.9173 ], [ 77.7348, 27.9294 ], [ 77.7279, 27.9357 ], [ 77.6978, 27.9507 ], [ 77.6693, 27.9474 ], [ 77.6466, 27.9697 ], [ 77.6349, 27.9705 ], [ 77.6132, 27.9387 ], [ 77.5993, 27.9429 ], [ 77.5804, 27.9401 ], [ 77.5734, 27.9338 ], [ 77.562, 27.9323 ], [ 77.5608, 27.9234 ], [ 77.5551, 27.9183 ], [ 77.5263, 27.9251 ], [ 77.5192, 27.9319 ], [ 77.5361, 27.9493 ] ] ] } },
{ "type": "Feature", "properties": { "unit_id": "IND.34.2.5_1", "unit_name": "Sikandra Rao", "district": "Aligarh", "did": "uttar_pradesh:Aligarh", "state": "Uttar Pradesh", "state_key": "uttar_pradesh", "name_ok": true }, "geometry": { "type": "Polygon", "coordinates": [ [ [ 78.1585, 27.7787 ], [ 78.1873, 27.7985 ], [ 78.188, 27.8099 ], [ 78.1978, 27.805 ], [ 78.2056, 27.8087 ], [ 78.2109, 27.8055 ], [ 78.2196, 27.821 ], [ 78.2411, 27.8362 ], [ 78.2738, 27.8691 ], [ 78.2816, 27.8682 ], [ 78.2944, 27.8746 ], [ 78.3099, 27.8705 ], [ 78.3096, 27.8669 ], [ 78.323, 27.8654 ], [ 78.3371, 27.871 ], [ 78.3515, 27.8714 ], [ 78.365, 27.8838 ], [ 78.3833, 27.89 ], [ 78.386, 27.88 ], [ 78.3926, 27.875 ], [ 78.3925, 27.8619 ], [ 78.3973, 27.8537 ], [ 78.4267, 27.8427 ], [ 78.4366, 27.8427 ], [ 78.4357, 27.8351 ], [ 78.4411, 27.832 ], [ 78.4283, 27.7967 ], [ 78.399, 27.7594 ], [ 78.3857, 27.7249 ], [ 78.3618, 27.6903 ], [ 78.3219, 27.669 ], [ 78.2661, 27.6663 ], [ 78.2235, 27.6983 ], [ 78.2098, 27.692 ], [ 78.2071, 27.7003 ], [ 78.2, 27.6986 ], [ 78.1881, 27.7094 ], [ 78.165, 27.7214 ], [ 78.1644, 27.7242 ], [ 78.1737, 27.7296 ], [ 78.165, 27.7421 ], [ 78.1728, 27.7544 ], [ 78.1695, 27.7623 ], [ 78.1606, 27.7691 ], [ 78.1585, 27.7787 ] ] ] } },
{ "type": "Feature", "properties": { "unit_id": "IND.34.3.1_1", "unit_name": "Handia", "district": "Allahabad", "did": "uttar_pradesh:Allahabad", "state": "Uttar Pradesh", "state_key": "uttar_pradesh", "name_ok": true }, "geometry": { "type": "Polygon", "coordinates": [ [ [ 82.07, 25.3162 ], [ 82.0606, 25.3229 ], [ 82.0791, 25.3546 ], [ 82.0897, 25.3659 ], [ 82.0688, 25.3662 ], [ 82.0538, 25.389 ], [ 82.0703, 25.411 ], [ 82.0686, 25.4174 ], [ 82.0633, 25.4221 ], [ 82.0351, 25.4237 ], [ 82.0287, 25.4306 ], [ 82.0534, 25.4693 ], [ 82.0637, 25.4713 ], [ 82.0565, 25.4809 ], [ 82.0604, 25.4945 ], [ 82.0414, 25.5095 ], [ 82.0471, 25.5234 ], [ 82.045, 25.5299 ], [ 82.0542, 25.5275 ], [ 82.0674, 25.5158 ], [ 82.0671, 25.508 ], [ 82.0748, 25.5059 ], [ 82.0773, 25.5172 ], [ 82.0864, 25.5171 ], [ 82.0937, 25.51 ], [ 82.1078, 25.5186 ], [ 82.1142, 25.5245 ], [ 82.1109, 25.5382 ], [ 82.1289, 25.5501 ], [ 82.1298, 25.5551 ], [ 82.1171, 25.5676 ], [ 82.1181, 25.573 ], [ 82.1448, 25.6051 ], [ 82.1614, 25.6025 ], [ 82.1666, 25.5897 ], [ 82.1739, 25.5847 ], [ 82.1922, 25.588 ], [ 82.1941, 25.5779 ], [ 82.2107, 25.5925 ], [ 82.2436, 25.5828 ], [ 82.2368, 25.5705 ], [ 82.2573, 25.5669 ], [ 82.2773, 25.5556 ], [ 82.2809, 25.5472 ], [ 82.2982, 25.5529 ], [ 82.3173, 25.5465 ], [ 82.3226, 25.5401 ], [ 82.3186, 25.5358 ], [ 82.3198, 25.5292 ], [ 82.3308, 25.5155 ], [ 82.3228, 25.5014 ], [ 82.3077, 25.5256 ], [ 82.2939, 25.5244 ], [ 82.2873, 25.5175 ], [ 82.3045, 25.5106 ], [ 82.3086, 25.5046 ], [ 82.2967, 25.4985 ], [ 82.2795, 25.503 ], [ 82.2753, 25.4907 ], [ 82.2811, 25.4854 ], [ 82.3012, 25.487 ], [ 82.3042, 25.4791 ], [ 82.302, 25.4643 ], [ 82.3146, 25.4593 ], [ 82.3174, 25.4524 ], [ 82.3283, 25.452 ], [ 82.3447, 25.4218 ], [ 82.333, 25.404 ], [ 82.322, 25.4049 ], [ 82.3186, 25.3959 ], [ 82.3092, 25.4004 ], [ 82.3063, 25.3948 ], [ 82.3039, 25.3893 ], [ 82.3113, 25.3857 ], [ 82.2998, 25.3712 ], [ 82.3075, 25.3601 ], [ 82.3107, 25.3434 ], [ 82.3054, 25.3332 ], [ 82.2948, 25.3279 ], [ 82.2936, 25.3112 ], [ 82.2818, 25.3029 ], [ 82.2555, 25.2955 ], [ 82.244, 25.2769 ], [ 82.2139, 25.2786 ], [ 82.2127, 25.2923 ], [ 82.2053, 25.3036 ], [ 82.1771, 25.3185 ], [ 82.147, 25.3154 ], [ 82.1315, 25.299 ], [ 82.0913, 25.2721 ], [ 82.0841, 25.2718 ], [ 82.0734, 25.2797 ], [ 82.07, 25.3162 ] ] ] } },
{ "type": "Feature", "properties": { "unit_id": "IND.34.3.2_1", "unit_name": "Karchana", "district": "Allahabad", "did": "uttar_pradesh:Allahabad", "state": "Uttar Pradesh", "state_key": "uttar_pradesh", "name_ok": true }, "geometry": { "type": "Polygon", "coordinates": [ [ [ 81.7382, 25.0391 ], [ 81.7324, 25.0487 ], [ 81.7164, 25.053 ], [ 81.7134, 25.0401 ], [ 81.7101, 25.0391 ], [ 81.6819, 25.0438 ], [ 81.6831, 25.0568 ], [ 81.6758, 25.066 ], [ 81.6622, 25.0651 ], [ 81.6587, 25.0797 ], [ 81.6531, 25.075 ], [ 81.6468, 25.075 ], [ 81.6356, 25.0618 ], [ 81.6253, 25.0625 ], [ 81.6219, 25.0569 ], [ 81.6043, 25.0607 ], [ 81.6032, 25.0644 ], [ 81.6097, 25.0647 ], [ 81.5938, 25.0798 ], [ 81.6095, 25.0852 ], [ 81.6149, 25.094 ], [ 81.632, 25.1033 ], [ 81.6227, 25.1112 ], [ 81.6251, 25.1204 ], [ 81.6168, 25.1226 ], [ 81.6043, 25.0997 ], [ 81.6012, 25.1002 ], [ 81.6023, 25.1175 ], [ 81.591, 25.123 ], [ 81.5921, 25.1364 ], [ 81.61, 25.1472 ], [ 81.6151, 25.1439 ], [ 81.6176, 25.1462 ], [ 81.6174, 25.1639 ], [ 81.61, 25.1737 ], [ 81.6055, 25.1656 ], [ 81.5818, 25.1683 ], [ 81.588, 25.1838 ], [ 81.5664, 25.1957 ], [ 81.549, 25.1866 ], [ 81.534, 25.1883 ], [ 81.538, 25.1928 ], [ 81.5125, 25.1974 ], [ 81.5127, 25.2303 ], [ 81.5178, 25.2301 ], [ 81.5175, 25.2381 ], [ 81.5365, 25.2374 ], [ 81.5559, 25.2423 ], [ 81.5476, 25.2612 ], [ 81.5416, 25.2936 ], [ 81.5901, 25.3265 ], [ 81.606, 25.3429 ], [ 81.6277, 25.3542 ], [ 81.6834, 25.3587 ], [ 81.7098, 25.3561 ], [ 81.7525, 25.3461 ], [ 81.7804, 25.3227 ], [ 81.7947, 25.3261 ], [ 81.8079, 25.3453 ], [ 81.7868, 25.377 ], [ 81.7913, 25.3891 ], [ 81.8142, 25.4147 ], [ 81.8655, 25.432 ], [ 81.8971, 25.4115 ], [ 81.9037, 25.4021 ], [ 81.9126, 25.3676 ], [ 81.9186, 25.3768 ], [ 81.9334, 25.364 ], [ 81.9413, 25.3663 ], [ 81.9386, 25.3353 ], [ 81.9463, 25.3299 ], [ 81.9765, 25.3215 ], [ 82.0261, 25.3363 ], [ 82.07, 25.3162 ], [ 82.0731, 25.2792 ], [ 82.0387, 25.2746 ], [ 82.0307, 25.2679 ], [ 82.0477, 25.2534 ], [ 82.032, 25.2511 ], [ 82.027, 25.2337 ], [ 82.0332, 25.2267 ], [ 82.0511, 25.2194 ], [ 82.0537, 25.196 ], [ 82.0456, 25.1879 ], [ 82.0291, 25.2061 ], [ 82.0246, 25.2052 ], [ 82.0088, 25.1759 ], [ 81.9801, 25.1546 ], [ 81.9733, 25.1556 ], [ 81.9594, 25.1704 ], [ 81.943, 25.1716 ], [ 81.9361, 25.1932 ], [ 81.9246, 25.1804 ], [ 81.921, 25.1642 ], [ 81.9073, 25.1538 ], [ 81.8918, 25.1518 ], [ 81.8734, 25.1556 ], [ 81.842, 25.1525 ], [ 81.8159, 25.1574 ], [ 81.8138, 25.1441 ], [ 81.7923, 25.1332 ], [ 81.7816, 25.1126 ], [ 81.7823, 25.0993 ], [ 81.8012, 25.087 ], [ 81.7994, 25.0774 ], [ 81.789, 25.068 ], [ 81.7585, 25.0622 ], [ 81.7465, 25.0357 ], [ 81.7382, 25.0391 ] ] ] } },
{ "type": "Feature", "properties": { "unit_id": "IND.34.3.3_1", "unit_name": "Meja", "district": "Allahabad", "did": "uttar_pradesh:Allahabad", "state": "Uttar Pradesh", "state_key": "uttar_pradesh", "name_ok": true }, "geometry": { "type": "Polygon", "coordinates": [ [ [ 82.0947, 24.8104 ], [ 82.0819, 24.8221 ], [ 82.0652, 24.8234 ], [ 82.0423, 24.8342 ], [ 82.0372, 24.833 ], [ 82.0243, 24.8446 ], [ 82.0049, 24.8507 ], [ 81.9754, 24.8425 ], [ 81.9681, 24.8439 ], [ 81.9592, 24.8306 ], [ 81.9462, 24.8467 ], [ 81.9347, 24.8514 ], [ 81.9267, 24.8608 ], [ 81.9284, 24.8731 ], [ 81.9027, 24.8841 ], [ 81.8964, 24.8925 ], [ 81.8985, 24.9052 ], [ 81.9103, 24.9205 ], [ 81.912, 24.9309 ], [ 81.9041, 24.9423 ], [ 81.8983, 24.9753 ], [ 81.9016, 24.9828 ], [ 81.8945, 24.9874 ], [ 81.8985, 25.0096 ], [ 81.8893, 25.0131 ], [ 81.894, 25.0035 ], [ 81.8861, 24.9928 ], [ 81.8814, 24.9995 ], [ 81.8735, 25.0021 ], [ 81.8645, 25.0004 ], [ 81.8637, 25.0036 ], [ 81.8463, 25.0071 ], [ 81.84, 25.015 ], [ 81.8294, 25.0193 ], [ 81.7892, 25.0101 ], [ 81.7465, 25.0357 ], [ 81.7585, 25.0622 ], [ 81.789, 25.068 ], [ 81.7994, 25.0774 ], [ 81.8012, 25.087 ], [ 81.7823, 25.0993 ], [ 81.7816, 25.1126 ], [ 81.7923, 25.1332 ], [ 81.8138, 25.1441 ], [ 81.8159, 25.1574 ], [ 81.842, 25.1525 ], [ 81.8734, 25.1556 ], [ 81.8918, 25.1518 ], [ 81.9073, 25.1538 ], [ 81.921, 25.1642 ], [ 81.9246, 25.1804 ], [ 81.9361, 25.1932 ], [ 81.943, 25.1716 ], [ 81.9594, 25.1704 ], [ 81.9733, 25.1556 ], [ 81.9829, 25.1552 ], [ 82.0088, 25.1759 ], [ 82.0246, 25.2052 ], [ 82.0291, 25.2061 ], [ 82.0456, 25.1879 ], [ 82.0537, 25.196 ], [ 82.0511, 25.2194 ], [ 82.0332, 25.2267 ], [ 82.027, 25.2337 ], [ 82.032, 25.2511 ], [ 82.0477, 25.2534 ], [ 82.0452, 25.2586 ], [ 82.0306, 25.2659 ], [ 82.0317, 25.269 ], [ 82.0387, 25.2746 ], [ 82.0734, 25.2797 ], [ 82.0841, 25.2718 ], [ 82.0913, 25.2721 ], [ 82.1315, 25.299 ], [ 82.147, 25.3154 ], [ 82.1771, 25.3185 ], [ 82.2053, 25.3036 ], [ 82.2148, 25.2849 ], [ 82.2061, 25.2569 ], [ 82.1875, 25.2266 ], [ 82.1908, 25.2015 ], [ 82.2076, 25.1866 ], [ 82.2294, 25.1834 ], [ 82.2605, 25.185 ], [ 82.2622, 25.1645 ], [ 82.2759, 25.1608 ], [ 82.284, 25.1528 ], [ 82.2933, 25.1593 ], [ 82.2883, 25.1376 ], [ 82.2964, 25.1307 ], [ 82.296, 25.1122 ], [ 82.3173, 25.0896 ], [ 82.3196, 25.0797 ], [ 82.3069, 25.0641 ], [ 82.2888, 25.0557 ], [ 82.2978, 25.0392 ], [ 82.2994, 25.0272 ], [ 82.2819, 25.0085 ], [ 82.2598, 24.972 ], [ 82.2335, 24.9662 ], [ 82.2229, 24.951 ], [ 82.222, 24.9383 ], [ 82.2175, 24.9359 ], [ 82.2029, 24.9411 ], [ 82.1956, 24.933 ], [ 82.1909, 24.9184 ], [ 82.1804, 24.9169 ], [ 82.1607, 24.8932 ], [ 82.1522, 24.8925 ], [ 82.1363, 24.9077 ], [ 82.1272, 24.9048 ], [ 82.1301, 24.8864 ], [ 82.1228, 24.8745 ], [ 82.1153, 24.8695 ], [ 82.1036, 24.8782 ], [ 82.1039, 24.8668 ], [ 82.0952, 24.8675 ], [ 82.0936, 24.8559 ], [ 82.0991, 24.8538 ], [ 82.1084, 24.8568 ], [ 82.1118, 24.8496 ], [ 82.0903, 24.8432 ], [ 82.0902, 24.8385 ], [ 82.076, 24.8354 ], [ 82.0935, 24.8217 ], [ 82.1, 24.8099 ], [ 82.0947, 24.8104 ] ] ] } },
{ "type": "Feature", "properties": { "unit_id": "IND.34.3.4_1", "unit_name": "Phulpur", "district": "Allahabad", "did": "uttar_pradesh:Allahabad", "state": "Uttar Pradesh", "state_key": "uttar_pradesh", "name_ok": true }, "geometry": { "type": "Polygon", "coordinates": [ [ [ 82.1181, 25.573 ], [ 82.1171, 25.5676 ], [ 82.1298, 25.5551 ], [ 82.1289, 25.5501 ], [ 82.1109, 25.5382 ], [ 82.1142, 25.5245 ], [ 82.1078, 25.5186 ], [ 82.0937, 25.51 ], [ 82.0864, 25.5171 ], [ 82.0773, 25.5172 ], [ 82.0748, 25.5059 ], [ 82.0671, 25.508 ], [ 82.0674, 25.5158 ], [ 82.0542, 25.5275 ], [ 82.045, 25.5299 ], [ 82.0471, 25.5234 ], [ 82.0414, 25.5095 ], [ 82.0604, 25.4945 ], [ 82.0565, 25.4809 ], [ 82.0637, 25.4713 ], [ 82.0534, 25.4693 ], [ 82.0287, 25.4306 ], [ 82.0351, 25.4237 ], [ 82.0633, 25.4221 ], [ 82.0686, 25.4174 ], [ 82.0703, 25.411 ], [ 82.0538, 25.389 ], [ 82.0688, 25.3662 ], [ 82.0899, 25.3645 ], [ 82.0815, 25.3581 ], [ 82.0606, 25.3229 ], [ 82.0261, 25.3363 ], [ 81.9765, 25.3215 ], [ 81.9463, 25.3299 ], [ 81.9386, 25.3353 ], [ 81.9413, 25.3663 ], [ 81.9334, 25.364 ], [ 81.9186, 25.3768 ], [ 81.9126, 25.3676 ], [ 81.9037, 25.4021 ], [ 81.8971, 25.4115 ], [ 81.8655, 25.432 ], [ 81.8914, 25.4423 ], [ 81.9047, 25.4688 ], [ 81.904, 25.4731 ], [ 81.8692, 25.5051 ], [ 81.9162, 25.5195 ], [ 81.9272, 25.5432 ], [ 81.9391, 25.5427 ], [ 81.9442, 25.5466 ], [ 81.9448, 25.5615 ], [ 81.9205, 25.5715 ], [ 81.9074, 25.5694 ], [ 81.9075, 25.5738 ], [ 81.915, 25.5785 ], [ 81.9045, 25.5972 ], [ 81.9154, 25.614 ], [ 81.9121, 25.6234 ], [ 81.9051, 25.6269 ], [ 81.908, 25.6369 ], [ 81.8975, 25.6449 ], [ 81.9035, 25.6605 ], [ 81.9288, 25.6643 ], [ 81.9436, 25.6951 ], [ 81.967, 25.6914 ], [ 81.9644, 25.7103 ], [ 81.9755, 25.7215 ], [ 81.9833, 25.7203 ], [ 81.988, 25.7273 ], [ 81.9976, 25.7276 ], [ 82.0106, 25.7472 ], [ 82.0311, 25.7269 ], [ 82.0176, 25.7122 ], [ 82.0048, 25.7072 ], [ 82.0023, 25.7017 ], [ 82.0192, 25.6996 ], [ 82.0585, 25.6825 ], [ 82.0527, 25.6627 ], [ 82.0766, 25.6594 ], [ 82.0834, 25.6643 ], [ 82.1018, 25.6575 ], [ 82.1157, 25.6668 ], [ 82.1154, 25.6845 ], [ 82.1352, 25.6879 ], [ 82.1473, 25.6859 ], [ 82.1436, 25.6744 ], [ 82.1342, 25.6713 ], [ 82.1312, 25.6652 ], [ 82.1298, 25.661 ], [ 82.1361, 25.6557 ], [ 82.114, 25.6499 ], [ 82.1122, 25.6469 ], [ 82.1263, 25.6331 ], [ 82.1448, 25.6051 ], [ 82.1181, 25.573 ] ] ] } },
{ "type": "Feature", "properties": { "unit_id": "IND.34.3.5_1", "unit_name": "Soraon", "district": "Allahabad", "did": "uttar_pradesh:Allahabad", "state": "Uttar Pradesh", "state_key": "uttar_pradesh", "name_ok": true }, "geometry": { "type": "Polygon", "coordinates": [ [ [ 81.9976, 25.7276 ], [ 81.988, 25.7273 ], [ 81.9833, 25.7203 ], [ 81.9755, 25.7215 ], [ 81.9644, 25.7103 ], [ 81.967, 25.6914 ], [ 81.9436, 25.6951 ], [ 81.9288, 25.6643 ], [ 81.9035, 25.6605 ], [ 81.8971, 25.6481 ], [ 81.908, 25.6369 ], [ 81.9051, 25.6269 ], [ 81.9121, 25.6234 ], [ 81.9154, 25.614 ], [ 81.9045, 25.5972 ], [ 81.915, 25.5785 ], [ 81.9075, 25.5738 ], [ 81.9074, 25.5694 ], [ 81.9205, 25.5715 ], [ 81.9448, 25.5615 ], [ 81.9442, 25.5466 ], [ 81.9391, 25.5427 ], [ 81.9272, 25.5432 ], [ 81.9162, 25.5195 ], [ 81.8705, 25.5065 ], [ 81.8612, 25.5162 ], [ 81.8467, 25.5118 ], [ 81.8394, 25.494 ], [ 81.8235, 25.4849 ], [ 81.7893, 25.4733 ], [ 81.7733, 25.4737 ], [ 81.7515, 25.4805 ], [ 81.7311, 25.4966 ], [ 81.7155, 25.515 ], [ 81.6733, 25.5112 ], [ 81.6582, 25.5172 ], [ 81.6449, 25.5378 ], [ 81.6439, 25.5734 ], [ 81.6402, 25.5823 ], [ 81.6155, 25.5963 ], [ 81.6056, 25.5965 ], [ 81.6047, 25.6124 ], [ 81.5985, 25.6166 ], [ 81.6127, 25.6286 ], [ 81.6135, 25.6461 ], [ 81.6019, 25.6531 ], [ 81.6016, 25.6482 ], [ 81.5955, 25.6524 ], [ 81.5942, 25.6588 ], [ 81.6003, 25.6712 ], [ 81.6341, 25.6658 ], [ 81.629, 25.6573 ], [ 81.6372, 25.6484 ], [ 81.6267, 25.6429 ], [ 81.6273, 25.6382 ], [ 81.6509, 25.6157 ], [ 81.6764, 25.6348 ], [ 81.695, 25.6373 ], [ 81.7131, 25.6285 ], [ 81.7184, 25.6286 ], [ 81.725, 25.6345 ], [ 81.7263, 25.6417 ], [ 81.7132, 25.6509 ], [ 81.7139, 25.6637 ], [ 81.6903, 25.6642 ], [ 81.6884, 25.6708 ], [ 81.6945, 25.6752 ], [ 81.7026, 25.677 ], [ 81.7103, 25.6743 ], [ 81.7185, 25.6781 ], [ 81.7421, 25.6723 ], [ 81.7485, 25.6957 ], [ 81.7364, 25.7019 ], [ 81.7487, 25.7202 ], [ 81.7444, 25.7338 ], [ 81.749, 25.7395 ], [ 81.7688, 25.7483 ], [ 81.7971, 25.7525 ], [ 81.8187, 25.7456 ], [ 81.8163, 25.7291 ], [ 81.8344, 25.7292 ], [ 81.8378, 25.7349 ], [ 81.8522, 25.7261 ], [ 81.8563, 25.7193 ], [ 81.8618, 25.7265 ], [ 81.8696, 25.7257 ], [ 81.8811, 25.7146 ], [ 81.8858, 25.7221 ], [ 81.899, 25.7158 ], [ 81.9087, 25.7175 ], [ 81.923, 25.7551 ], [ 81.9371, 25.7437 ], [ 81.9575, 25.7437 ], [ 81.9687, 25.7387 ], [ 81.9767, 25.7422 ], [ 81.98, 25.7512 ], [ 82.0106, 25.7472 ], [ 81.9976, 25.7276 ] ] ] } },
{ "type": "Feature", "properties": { "unit_id": "IND.34.4.1_1", "unit_name": "Akbarpur", "district": "Ambedkar Nagar", "did": "uttar_pradesh:Ambedkar Nagar", "state": "Uttar Pradesh", "state_key": "uttar_pradesh", "name_ok": true }, "geometry": { "type": "Polygon", "coordinates": [ [ [ 82.8729, 26.3268 ], [ 82.8687, 26.3249 ], [ 82.8552, 26.3283 ], [ 82.8557, 26.3173 ], [ 82.865, 26.3145 ], [ 82.8722, 26.2943 ], [ 82.8665, 26.2793 ], [ 82.8687, 26.2643 ], [ 82.8774, 26.2551 ], [ 82.8728, 26.2463 ], [ 82.8758, 26.2384 ], [ 82.8698, 26.2376 ], [ 82.8652, 26.2281 ], [ 82.8573, 26.225 ], [ 82.8632, 26.2138 ], [ 82.8566, 26.2139 ], [ 82.8504, 26.2093 ], [ 82.8588, 26.2066 ], [ 82.8653, 26.1914 ], [ 82.8791, 26.1925 ], [ 82.8817, 26.1878 ], [ 82.8743, 26.1721 ], [ 82.8641, 26.1759 ], [ 82.8627, 26.1652 ], [ 82.8566, 26.1639 ], [ 82.8513, 26.1703 ], [ 82.8428, 26.1691 ], [ 82.8344, 26.1727 ], [ 82.8283, 26.1842 ], [ 82.8182, 26.1837 ], [ 82.816, 26.1901 ], [ 82.7886, 26.195 ], [ 82.7822, 26.1928 ], [ 82.7792, 26.2024 ], [ 82.7711, 26.1977 ], [ 82.7599, 26.2162 ], [ 82.7514, 26.2166 ], [ 82.7403, 26.2321 ], [ 82.7438, 26.243 ], [ 82.7409, 26.2566 ], [ 82.747, 26.2664 ], [ 82.7441, 26.2678 ], [ 82.7261, 26.251 ], [ 82.6991, 26.2686 ], [ 82.6943, 26.2671 ], [ 82.691, 26.272 ], [ 82.6837, 26.2727 ], [ 82.6817, 26.2637 ], [ 82.6653, 26.256 ], [ 82.66, 26.2559 ], [ 82.6581, 26.2657 ], [ 82.6417, 26.2486 ], [ 82.634, 26.2562 ], [ 82.629, 26.2492 ], [ 82.6056, 26.2583 ], [ 82.5983, 26.268 ], [ 82.5938, 26.2682 ], [ 82.5941, 26.2639 ], [ 82.5882, 26.2621 ], [ 82.5723, 26.2605 ], [ 82.5693, 26.2696 ], [ 82.5625, 26.2704 ], [ 82.5435, 26.2875 ], [ 82.537, 26.2822 ], [ 82.5275, 26.2854 ], [ 82.5208, 26.2831 ], [ 82.5062, 26.2949 ], [ 82.4839, 26.2844 ], [ 82.4745, 26.2888 ], [ 82.4675, 26.2813 ], [ 82.4607, 26.2869 ], [ 82.4391, 26.29 ], [ 82.4379, 26.2924 ], [ 82.4454, 26.2959 ], [ 82.443, 26.3079 ], [ 82.4404, 26.304 ], [ 82.4279, 26.3128 ], [ 82.4283, 26.3024 ], [ 82.4241, 26.3026 ], [ 82.4222, 26.3124 ], [ 82.4107, 26.3232 ], [ 82.3934, 26.3304 ], [ 82.3911, 26.3614 ], [ 82.3774, 26.3686 ], [ 82.3778, 26.3793 ], [ 82.3729, 26.3822 ], [ 82.317, 26.3883 ], [ 82.3096, 26.3828 ], [ 82.3123, 26.3948 ], [ 82.2928, 26.4066 ], [ 82.2727, 26.3924 ], [ 82.2609, 26.4064 ], [ 82.2495, 26.4057 ], [ 82.2444, 26.3951 ], [ 82.2116, 26.4114 ], [ 82.2365, 26.4253 ], [ 82.2465, 26.4248 ], [ 82.2518, 26.4459 ], [ 82.2697, 26.4583 ], [ 82.2733, 26.4742 ], [ 82.2793, 26.4762 ], [ 82.2811, 26.4867 ], [ 82.2905, 26.4887 ], [ 82.3012, 26.5069 ], [ 82.3074, 26.5106 ], [ 82.3086, 26.5135 ], [ 82.3018, 26.5169 ], [ 82.3046, 26.531 ], [ 82.3295, 26.5807 ], [ 82.3452, 26.5832 ], [ 82.3697, 26.5766 ], [ 82.3692, 26.5623 ], [ 82.3617, 26.5589 ], [ 82.3662, 26.5517 ], [ 82.3716, 26.5534 ], [ 82.3871, 26.5469 ], [ 82.3936, 26.5481 ], [ 82.3965, 26.554 ], [ 82.408, 26.5608 ], [ 82.4128, 26.5522 ], [ 82.4211, 26.5502 ], [ 82.4242, 26.5593 ], [ 82.4276, 26.5589 ], [ 82.4335, 26.5665 ], [ 82.4381, 26.5643 ], [ 82.4502, 26.5738 ], [ 82.4668, 26.5671 ], [ 82.4851, 26.5758 ], [ 82.4921, 26.5648 ], [ 82.4886, 26.5451 ], [ 82.4997, 26.5337 ], [ 82.5036, 26.5314 ], [ 82.5166, 26.5403 ], [ 82.5189, 26.5366 ], [ 82.5224, 26.5382 ], [ 82.5296, 26.5342 ], [ 82.5379, 26.5252 ], [ 82.5412, 26.5105 ], [ 82.5567, 26.5099 ], [ 82.5682, 26.5035 ], [ 82.573, 26.4906 ], [ 82.5911, 26.4891 ], [ 82.61, 26.4966 ], [ 82.6279, 26.4961 ], [ 82.6365, 26.4901 ], [ 82.6468, 26.4917 ], [ 82.6474, 26.4868 ], [ 82.6547, 26.4826 ], [ 82.6607, 26.4868 ], [ 82.6786, 26.4622 ], [ 82.696, 26.4498 ], [ 82.7312, 26.437 ], [ 82.7392, 26.4217 ], [ 82.76, 26.4137 ], [ 82.7643, 26.4034 ], [ 82.7704, 26.4161 ], [ 82.7808, 26.4104 ], [ 82.7772, 26.4029 ], [ 82.7872, 26.3883 ], [ 82.7922, 26.3902 ], [ 82.7883, 26.3979 ], [ 82.7965, 26.4 ], [ 82.8041, 26.3845 ], [ 82.7953, 26.3791 ], [ 82.8248, 26.3798 ], [ 82.8201, 26.3756 ], [ 82.8205, 26.363 ], [ 82.8308, 26.3605 ], [ 82.8325, 26.3475 ], [ 82.8524, 26.3448 ], [ 82.8554, 26.3509 ], [ 82.8657, 26.3463 ], [ 82.8686, 26.3391 ], [ 82.8735, 26.3398 ], [ 82.8779, 26.346 ], [ 82.8853, 26.3452 ], [ 82.8729, 26.3268 ] ] ] } },
{ "type": "Feature", "properties": { "unit_id": "IND.34.4.2_1", "unit_name": "Tanda", "district": "Ambedkar Nagar", "did": "uttar_pradesh:Ambedkar Nagar", "state": "Uttar Pradesh", "state_key": "uttar_pradesh", "name_ok": true }, "geometry": { "type": "Polygon", "coordinates": [ [ [ 82.8779, 26.346 ], [ 82.8735, 26.3398 ], [ 82.8686, 26.3391 ], [ 82.8657, 26.3463 ], [ 82.8554, 26.3509 ], [ 82.8524, 26.3448 ], [ 82.8325, 26.3475 ], [ 82.8308, 26.3605 ], [ 82.8205, 26.363 ], [ 82.8201, 26.3756 ], [ 82.8248, 26.3798 ], [ 82.7953, 26.3791 ], [ 82.8041, 26.3845 ], [ 82.7965, 26.4 ], [ 82.7883, 26.3979 ], [ 82.7922, 26.3902 ], [ 82.7872, 26.3883 ], [ 82.7772, 26.4029 ], [ 82.7808, 26.4104 ], [ 82.7704, 26.4161 ], [ 82.7643, 26.4034 ], [ 82.76, 26.4137 ], [ 82.7392, 26.4217 ], [ 82.7312, 26.437 ], [ 82.696, 26.4498 ], [ 82.6786, 26.4622 ], [ 82.6607, 26.4868 ], [ 82.6547, 26.4826 ], [ 82.6474, 26.4868 ], [ 82.6468, 26.4917 ], [ 82.6365, 26.4901 ], [ 82.6279, 26.4961 ], [ 82.61, 26.4966 ], [ 82.5911, 26.4891 ], [ 82.573, 26.4906 ], [ 82.5682, 26.5035 ], [ 82.5567, 26.5099 ], [ 82.5412, 26.5105 ], [ 82.5379, 26.5252 ], [ 82.5296, 26.5342 ], [ 82.5224, 26.5382 ], [ 82.5189, 26.5366 ], [ 82.5166, 26.5403 ], [ 82.5036, 26.5314 ], [ 82.4997, 26.5337 ], [ 82.4886, 26.5451 ], [ 82.4921, 26.5648 ], [ 82.4873, 26.5747 ], [ 82.4668, 26.5671 ], [ 82.4502, 26.5738 ], [ 82.4585, 26.5862 ], [ 82.4506, 26.5892 ], [ 82.4507, 26.594 ], [ 82.4423, 26.5989 ], [ 82.4454, 26.6067 ], [ 82.4563, 26.6057 ], [ 82.4677, 26.6116 ], [ 82.4698, 26.6198 ], [ 82.4594, 26.633 ], [ 82.4689, 26.6562 ], [ 82.4985, 26.6386 ], [ 82.5344, 26.6289 ], [ 82.5699, 26.6079 ], [ 82.6133, 26.6045 ], [ 82.6322, 26.6054 ], [ 82.641, 26.611 ], [ 82.6554, 26.6084 ], [ 82.6584, 26.6006 ], [ 82.6777, 26.5862 ], [ 82.678, 26.578 ], [ 82.6974, 26.5701 ], [ 82.704, 26.5588 ], [ 82.7189, 26.5573 ], [ 82.7405, 26.5639 ], [ 82.7558, 26.562 ], [ 82.7777, 26.5726 ], [ 82.8004, 26.5783 ], [ 82.8292, 26.567 ], [ 82.8313, 26.5602 ], [ 82.864, 26.5412 ], [ 82.8769, 26.5457 ], [ 82.8968, 26.5411 ], [ 82.8937, 26.5443 ], [ 82.9348, 26.5105 ], [ 82.9466, 26.5094 ], [ 82.9653, 26.4972 ], [ 83.0152, 26.4774 ], [ 83.0293, 26.4475 ], [ 83.0777, 26.3938 ], [ 83.1041, 26.3948 ], [ 83.1256, 26.3881 ], [ 83.1057, 26.3592 ], [ 83.1019, 26.3311 ], [ 83.1071, 26.3153 ], [ 83.1033, 26.3116 ], [ 83.1019, 26.2876 ], [ 83.091, 26.2868 ], [ 83.0891, 26.2822 ], [ 83.0759, 26.2854 ], [ 83.0701, 26.2924 ], [ 83.0684, 26.2851 ], [ 83.0646, 26.2841 ], [ 83.0521, 26.2918 ], [ 83.0395, 26.2939 ], [ 83.0278, 26.3074 ], [ 83.0302, 26.3203 ], [ 83.0168, 26.3399 ], [ 83.0024, 26.34 ], [ 82.9915, 26.3471 ], [ 82.9855, 26.3449 ], [ 82.9775, 26.3491 ], [ 82.9685, 26.3441 ], [ 82.9593, 26.3586 ], [ 82.9699, 26.3728 ], [ 82.9652, 26.3823 ], [ 82.9486, 26.3906 ], [ 82.9388, 26.3829 ], [ 82.9342, 26.3891 ], [ 82.9304, 26.3853 ], [ 82.926, 26.3868 ], [ 82.9231, 26.3962 ], [ 82.9265, 26.4018 ], [ 82.9472, 26.4066 ], [ 82.9517, 26.4137 ], [ 82.9552, 26.4284 ], [ 82.9504, 26.4332 ], [ 82.9577, 26.4459 ], [ 82.9473, 26.4521 ], [ 82.9403, 26.4535 ], [ 82.9291, 26.4415 ], [ 82.9373, 26.4358 ], [ 82.9336, 26.4306 ], [ 82.9189, 26.4343 ], [ 82.9007, 26.4455 ], [ 82.8986, 26.4381 ], [ 82.9117, 26.4249 ], [ 82.9034, 26.4057 ], [ 82.9092, 26.4033 ], [ 82.9107, 26.3976 ], [ 82.9027, 26.3922 ], [ 82.8754, 26.3865 ], [ 82.8641, 26.3622 ], [ 82.8827, 26.3546 ], [ 82.8878, 26.35 ], [ 82.8853, 26.3452 ], [ 82.8779, 26.346 ] ] ] } },
{ "type": "Feature", "properties": { "unit_id": "IND.34.5.1_1", "unit_name": "Amethi", "district": "Amethi", "did": "uttar_pradesh:Amethi", "state": "Uttar Pradesh", "state_key": "uttar_pradesh", "name_ok": true }, "geometry": { "type": "Polygon", "coordinates": [ [ [ 81.6884, 26.1203 ], [ 81.7147, 26.143 ], [ 81.7214, 26.17 ], [ 81.7426, 26.1758 ], [ 81.7663, 26.1882 ], [ 81.7849, 26.2146 ], [ 81.8025, 26.224 ], [ 81.8104, 26.2235 ], [ 81.8043, 26.2376 ], [ 81.8221, 26.2812 ], [ 81.8391, 26.2931 ], [ 81.8455, 26.2841 ], [ 81.867, 26.2864 ], [ 81.866, 26.2759 ], [ 81.8731, 26.2742 ], [ 81.8809, 26.2651 ], [ 81.8875, 26.2663 ], [ 81.8982, 26.2589 ], [ 81.9006, 26.2409 ], [ 81.919, 26.226 ], [ 81.9344, 26.2253 ], [ 81.9397, 26.2162 ], [ 81.9597, 26.2234 ], [ 81.9674, 26.2012 ], [ 81.9786, 26.1919 ], [ 81.9908, 26.1841 ], [ 82.0106, 26.1803 ], [ 82.0159, 26.1771 ], [ 82.0201, 26.1622 ], [ 82.0437, 26.1549 ], [ 82.0503, 26.1365 ], [ 82.0415, 26.134 ], [ 82.0388, 26.1214 ], [ 82.0415, 26.1098 ], [ 82.0478, 26.101 ], [ 82.0545, 26.1014 ], [ 82.066, 26.0934 ], [ 82.058, 26.0776 ], [ 82.0467, 26.0718 ], [ 82.0445, 26.0632 ], [ 82.0291, 26.0694 ], [ 81.9787, 26.0689 ], [ 81.9763, 26.0768 ], [ 81.9558, 26.0824 ], [ 81.9563, 26.0687 ], [ 81.9316, 26.078 ], [ 81.925, 26.0653 ], [ 81.929, 26.0583 ], [ 81.9238, 26.0557 ], [ 81.9025, 26.0637 ], [ 81.9004, 26.0699 ], [ 81.8898, 26.0698 ], [ 81.8867, 26.0809 ], [ 81.8759, 26.0843 ], [ 81.8613, 26.0766 ], [ 81.864, 26.0665 ], [ 81.8524, 26.05 ], [ 81.8418, 26.0486 ], [ 81.8377, 26.0433 ], [ 81.8262, 26.0435 ], [ 81.8234, 26.0401 ], [ 81.7946, 26.0513 ], [ 81.7925, 26.0342 ], [ 81.7827, 26.03 ], [ 81.7736, 26.0321 ], [ 81.763, 26.0452 ], [ 81.7646, 26.0527 ], [ 81.7574, 26.0572 ], [ 81.7632, 26.0657 ], [ 81.7612, 26.0719 ], [ 81.7516, 26.0751 ], [ 81.7481, 26.081 ], [ 81.7332, 26.0898 ], [ 81.7153, 26.0969 ], [ 81.7072, 26.0869 ], [ 81.7112, 26.0762 ], [ 81.7088, 26.069 ], [ 81.6981, 26.0742 ], [ 81.6961, 26.0712 ], [ 81.6791, 26.0803 ], [ 81.6772, 26.0995 ], [ 81.6706, 26.1016 ], [ 81.6754, 26.1188 ], [ 81.6884, 26.1203 ] ] ] } },
{ "type": "Feature", "properties": { "unit_id": "IND.34.5.2_1", "unit_name": "Gauriganj", "district": "Amethi", "did": "uttar_pradesh:Amethi", "state": "Uttar Pradesh", "state_key": "uttar_pradesh", "name_ok": true }, "geometry": { "type": "Polygon", "coordinates": [ [ [ 81.8221, 26.2812 ], [ 81.8043, 26.2376 ], [ 81.8104, 26.2235 ], [ 81.8025, 26.224 ], [ 81.7849, 26.2146 ], [ 81.7663, 26.1882 ], [ 81.7426, 26.1758 ], [ 81.7214, 26.17 ], [ 81.7147, 26.143 ], [ 81.7029, 26.1299 ], [ 81.6884, 26.1203 ], [ 81.6754, 26.1188 ], [ 81.6699, 26.1233 ], [ 81.6565, 26.1199 ], [ 81.6391, 26.1322 ], [ 81.6454, 26.142 ], [ 81.6446, 26.1498 ], [ 81.6254, 26.1644 ], [ 81.6243, 26.1752 ], [ 81.6102, 26.1826 ], [ 81.6017, 26.1931 ], [ 81.6079, 26.2077 ], [ 81.6045, 26.2229 ], [ 81.5853, 26.2253 ], [ 81.581, 26.2533 ], [ 81.5701, 26.2617 ], [ 81.575, 26.2804 ], [ 81.5602, 26.2835 ], [ 81.5498, 26.2995 ], [ 81.5511, 26.3083 ], [ 81.5465, 26.3157 ], [ 81.5527, 26.3262 ], [ 81.5514, 26.3343 ], [ 81.5602, 26.3591 ], [ 81.548, 26.3758 ], [ 81.5566, 26.3887 ], [ 81.5557, 26.4012 ], [ 81.6428, 26.4075 ], [ 81.6482, 26.4005 ], [ 81.6677, 26.4052 ], [ 81.7152, 26.3901 ], [ 81.7115, 26.3712 ], [ 81.721, 26.3639 ], [ 81.7366, 26.3593 ], [ 81.7405, 26.3552 ], [ 81.7412, 26.3408 ], [ 81.7504, 26.3403 ], [ 81.7943, 26.3228 ], [ 81.8009, 26.3306 ], [ 81.8285, 26.3233 ], [ 81.8391, 26.2931 ], [ 81.8221, 26.2812 ] ] ] } },
{ "type": "Feature", "properties": { "unit_id": "IND.34.5.3_1", "unit_name": "Maharajganj", "district": "Amethi", "did": "uttar_pradesh:Amethi", "state": "Uttar Pradesh", "state_key": "uttar_pradesh", "name_ok": true }, "geometry": { "type": "Polygon", "coordinates": [ [ [ 81.5566, 26.3887 ], [ 81.548, 26.3758 ], [ 81.5602, 26.3591 ], [ 81.5514, 26.3343 ], [ 81.5527, 26.3262 ], [ 81.5465, 26.3157 ], [ 81.5511, 26.3083 ], [ 81.5498, 26.2995 ], [ 81.5451, 26.2971 ], [ 81.5249, 26.2952 ], [ 81.5168, 26.2904 ], [ 81.4984, 26.2951 ], [ 81.4764, 26.3125 ], [ 81.4638, 26.3093 ], [ 81.4496, 26.3137 ], [ 81.4434, 26.31 ], [ 81.429, 26.318 ], [ 81.4026, 26.3119 ], [ 81.3984, 26.313 ], [ 81.4003, 26.3213 ], [ 81.3864, 26.3258 ], [ 81.3819, 26.3322 ], [ 81.3629, 26.3336 ], [ 81.3589, 26.339 ], [ 81.3647, 26.3469 ], [ 81.3904, 26.3428 ], [ 81.3967, 26.3449 ], [ 81.403, 26.3757 ], [ 81.4122, 26.3815 ], [ 81.4137, 26.3876 ], [ 81.4118, 26.3927 ], [ 81.4011, 26.3993 ], [ 81.389, 26.4256 ], [ 81.359, 26.4434 ], [ 81.3695, 26.453 ], [ 81.3676, 26.4643 ], [ 81.3623, 26.4658 ], [ 81.3633, 26.48 ], [ 81.3437, 26.5243 ], [ 81.3352, 26.5322 ], [ 81.3376, 26.5393 ], [ 81.3462, 26.5386 ], [ 81.3448, 26.5418 ], [ 81.3551, 26.545 ], [ 81.3723, 26.5714 ], [ 81.3631, 26.5793 ], [ 81.3737, 26.5916 ], [ 81.383, 26.5898 ], [ 81.3844, 26.5795 ], [ 81.3909, 26.5741 ], [ 81.398, 26.5744 ], [ 81.407, 26.5691 ], [ 81.4382, 26.565 ], [ 81.4411, 26.5734 ], [ 81.4524, 26.5754 ], [ 81.4666, 26.5554 ], [ 81.471, 26.5598 ], [ 81.4786, 26.5443 ], [ 81.4867, 26.5502 ], [ 81.5065, 26.5515 ], [ 81.5082, 26.5385 ], [ 81.5017, 26.537 ], [ 81.5019, 26.5329 ], [ 81.5213, 26.5321 ], [ 81.5326, 26.5255 ], [ 81.5293, 26.5186 ], [ 81.5312, 26.5104 ], [ 81.5501, 26.5039 ], [ 81.5444, 26.4878 ], [ 81.5468, 26.4787 ], [ 81.5629, 26.4629 ], [ 81.5619, 26.4532 ], [ 81.5458, 26.4368 ], [ 81.5455, 26.4298 ], [ 81.5375, 26.4286 ], [ 81.5399, 26.4075 ], [ 81.5442, 26.4032 ], [ 81.5557, 26.4012 ], [ 81.5566, 26.3887 ] ] ] } },
{ "type": "Feature", "properties": { "unit_id": "IND.34.5.4_1", "unit_name": "Musafirkhana", "district": "Amethi", "did": "uttar_pradesh:Amethi", "state": "Uttar Pradesh", "state_key": "uttar_pradesh", "name_ok": true }, "geometry": { "type": "Polygon", "coordinates": [ [ [ 81.7943, 26.3228 ], [ 81.7504, 26.3403 ], [ 81.7412, 26.3408 ], [ 81.7405, 26.3552 ], [ 81.7366, 26.3593 ], [ 81.721, 26.3639 ], [ 81.7115, 26.3712 ], [ 81.7152, 26.3901 ], [ 81.6677, 26.4052 ], [ 81.6482, 26.4005 ], [ 81.6428, 26.4075 ], [ 81.5557, 26.4012 ], [ 81.5442, 26.4032 ], [ 81.5399, 26.4075 ], [ 81.5375, 26.4286 ], [ 81.5455, 26.4298 ], [ 81.5458, 26.4368 ], [ 81.5619, 26.4532 ], [ 81.5629, 26.4629 ], [ 81.5468, 26.4787 ], [ 81.5444, 26.4878 ], [ 81.5501, 26.5039 ], [ 81.5312, 26.5104 ], [ 81.5293, 26.5186 ], [ 81.5326, 26.5255 ], [ 81.5401, 26.5292 ], [ 81.5265, 26.5456 ], [ 81.5345, 26.551 ], [ 81.5348, 26.5563 ], [ 81.5429, 26.5642 ], [ 81.5454, 26.5731 ], [ 81.5356, 26.5771 ], [ 81.5379, 26.5828 ], [ 81.5442, 26.5898 ], [ 81.5582, 26.592 ], [ 81.5656, 26.614 ], [ 81.5619, 26.6183 ], [ 81.5486, 26.6171 ], [ 81.547, 26.6282 ], [ 81.554, 26.6329 ], [ 81.551, 26.6464 ], [ 81.5602, 26.6531 ], [ 81.5526, 26.6641 ], [ 81.5565, 26.6687 ], [ 81.5683, 26.666 ], [ 81.5743, 26.655 ], [ 81.5979, 26.6486 ], [ 81.6094, 26.6306 ], [ 81.6189, 26.6342 ], [ 81.6184, 26.6395 ], [ 81.6336, 26.6412 ], [ 81.6421, 26.6306 ], [ 81.6563, 26.6253 ], [ 81.6688, 26.6057 ], [ 81.6654, 26.603 ], [ 81.6465, 26.6127 ], [ 81.641, 26.6111 ], [ 81.6414, 26.5861 ], [ 81.6561, 26.5927 ], [ 81.6641, 26.5862 ], [ 81.688, 26.5954 ], [ 81.694, 26.5928 ], [ 81.6921, 26.5446 ], [ 81.6727, 26.5436 ], [ 81.6673, 26.5334 ], [ 81.7011, 26.512 ], [ 81.7055, 26.5152 ], [ 81.7042, 26.5245 ], [ 81.7136, 26.5257 ], [ 81.7143, 26.5332 ], [ 81.7062, 26.5361 ], [ 81.7116, 26.5411 ], [ 81.7246, 26.5476 ], [ 81.7407, 26.5446 ], [ 81.7482, 26.548 ], [ 81.7637, 26.5426 ], [ 81.7756, 26.5433 ], [ 81.7893, 26.5318 ], [ 81.7972, 26.5358 ], [ 81.7965, 26.5406 ], [ 81.7999, 26.5416 ], [ 81.8086, 26.536 ], [ 81.817, 26.5234 ], [ 81.8384, 26.5161 ], [ 81.8397, 26.5255 ], [ 81.8496, 26.5257 ], [ 81.8534, 26.5371 ], [ 81.8712, 26.538 ], [ 81.8902, 26.5267 ], [ 81.8809, 26.5234 ], [ 81.8859, 26.5105 ], [ 81.8937, 26.5128 ], [ 81.9048, 26.509 ], [ 81.9021, 26.4973 ], [ 81.9056, 26.4979 ], [ 81.9054, 26.4928 ], [ 81.9009, 26.4897 ], [ 81.9163, 26.4871 ], [ 81.9238, 26.4798 ], [ 81.9232, 26.4718 ], [ 81.9098, 26.4684 ], [ 81.8952, 26.4699 ], [ 81.8971, 26.4527 ], [ 81.9146, 26.446 ], [ 81.9187, 26.4492 ], [ 81.914, 26.4529 ], [ 81.9204, 26.4574 ], [ 81.9402, 26.4537 ], [ 81.9389, 26.4448 ], [ 81.9288, 26.4304 ], [ 81.9361, 26.4248 ], [ 81.9374, 26.417 ], [ 81.93, 26.4098 ], [ 81.932, 26.4024 ], [ 81.9242, 26.4042 ], [ 81.9273, 26.399 ], [ 81.9249, 26.389 ], [ 81.9193, 26.3849 ], [ 81.9038, 26.3894 ], [ 81.897, 26.3826 ], [ 81.8731, 26.391 ], [ 81.8619, 26.3781 ], [ 81.8608, 26.3622 ], [ 81.8506, 26.3479 ], [ 81.8323, 26.3377 ], [ 81.8095, 26.3414 ], [ 81.8009, 26.3361 ], [ 81.7943, 26.3228 ] ] ] } },
{ "type": "Feature", "properties": { "unit_id": "IND.34.5.5_1", "unit_name": "Salon", "district": "Amethi", "did": "uttar_pradesh:Amethi", "state": "Uttar Pradesh", "state_key": "uttar_pradesh", "name_ok": true }, "geometry": { "type": "Polygon", "coordinates": [ [ [ 81.5602, 26.2835 ], [ 81.575, 26.2804 ], [ 81.5701, 26.2617 ], [ 81.581, 26.2533 ], [ 81.5853, 26.2253 ], [ 81.6028, 26.2239 ], [ 81.6069, 26.2192 ], [ 81.6079, 26.2077 ], [ 81.6017, 26.1931 ], [ 81.6102, 26.1826 ], [ 81.603, 26.1565 ], [ 81.5898, 26.1463 ], [ 81.5627, 26.1459 ], [ 81.5577, 26.1383 ], [ 81.5343, 26.1265 ], [ 81.5297, 26.1058 ], [ 81.5341, 26.1026 ], [ 81.5446, 26.1047 ], [ 81.5474, 26.0943 ], [ 81.5538, 26.0891 ], [ 81.5533, 26.0822 ], [ 81.56, 26.0773 ], [ 81.5546, 26.0681 ], [ 81.5424, 26.0645 ], [ 81.54, 26.0592 ], [ 81.5269, 26.0666 ], [ 81.5245, 26.0514 ], [ 81.5178, 26.0454 ], [ 81.5118, 26.0456 ], [ 81.5096, 26.0386 ], [ 81.5285, 26.039 ], [ 81.5321, 26.0473 ], [ 81.5402, 26.0373 ], [ 81.5303, 26.0292 ], [ 81.5584, 26.033 ], [ 81.561, 26.0198 ], [ 81.5495, 26.005 ], [ 81.5629, 25.9906 ], [ 81.5864, 25.9795 ], [ 81.5868, 25.9703 ], [ 81.5741, 25.9698 ], [ 81.5626, 25.9774 ], [ 81.5468, 25.9694 ], [ 81.5336, 25.971 ], [ 81.516, 25.9594 ], [ 81.4972, 25.9772 ], [ 81.4835, 25.9668 ], [ 81.4997, 25.9618 ], [ 81.5, 25.954 ], [ 81.4964, 25.9493 ], [ 81.4839, 25.95 ], [ 81.4787, 25.9351 ], [ 81.4725, 25.9346 ], [ 81.4682, 25.9434 ], [ 81.461, 25.9379 ], [ 81.4427, 25.9324 ], [ 81.4459, 25.9405 ], [ 81.4386, 25.9412 ], [ 81.4329, 25.9369 ], [ 81.4338, 25.9279 ], [ 81.4267, 25.9298 ], [ 81.4186, 25.9459 ], [ 81.4119, 25.95 ], [ 81.3739, 25.9547 ], [ 81.3505, 25.9805 ], [ 81.3232, 25.9961 ], [ 81.3074, 26.0122 ], [ 81.3074, 26.0241 ], [ 81.303, 26.031 ], [ 81.3049, 26.0394 ], [ 81.2983, 26.0451 ], [ 81.3041, 26.0557 ], [ 81.3298, 26.0529 ], [ 81.3307, 26.0673 ], [ 81.3382, 26.0771 ], [ 81.3352, 26.0877 ], [ 81.3476, 26.0993 ], [ 81.3374, 26.1138 ], [ 81.3526, 26.123 ], [ 81.3658, 26.1468 ], [ 81.3651, 26.162 ], [ 81.3522, 26.1714 ], [ 81.3508, 26.1764 ], [ 81.3567, 26.1921 ], [ 81.3652, 26.1899 ], [ 81.351, 26.2194 ], [ 81.3516, 26.224 ], [ 81.3668, 26.2221 ], [ 81.3606, 26.2299 ], [ 81.3448, 26.2315 ], [ 81.342, 26.2376 ], [ 81.3432, 26.2487 ], [ 81.3549, 26.2608 ], [ 81.3489, 26.2755 ], [ 81.3567, 26.287 ], [ 81.3689, 26.2848 ], [ 81.3703, 26.2958 ], [ 81.3852, 26.293 ], [ 81.3984, 26.313 ], [ 81.4069, 26.312 ], [ 81.4239, 26.3176 ], [ 81.4335, 26.3167 ], [ 81.4434, 26.31 ], [ 81.4496, 26.3137 ], [ 81.4638, 26.3093 ], [ 81.4764, 26.3125 ], [ 81.4984, 26.2951 ], [ 81.5168, 26.2904 ], [ 81.5249, 26.2952 ], [ 81.5362, 26.2941 ], [ 81.5498, 26.2995 ], [ 81.5602, 26.2835 ] ] ] } },
{ "type": "Feature", "properties": { "unit_id": "IND.34.6.1_1", "unit_name": "Amroha", "district": "Amroha", "did": "uttar_pradesh:Amroha", "state": "Uttar Pradesh", "state_key": "uttar_pradesh", "name_ok": true }, "geometry": { "type": "Polygon", "coordinates": [ [ [ 78.3811, 28.7802 ], [ 78.3797, 28.7899 ], [ 78.3722, 28.7882 ], [ 78.3624, 28.8003 ], [ 78.3549, 28.8015 ], [ 78.349, 28.7976 ], [ 78.3413, 28.8007 ], [ 78.325, 28.8135 ], [ 78.33, 28.8209 ], [ 78.3254, 28.84 ], [ 78.3272, 28.8482 ], [ 78.3198, 28.8562 ], [ 78.3234, 28.8657 ], [ 78.3173, 28.8714 ], [ 78.3215, 28.8871 ], [ 78.3107, 28.8944 ], [ 78.3135, 28.9004 ], [ 78.308, 28.9085 ], [ 78.3146, 28.9209 ], [ 78.3057, 28.9282 ], [ 78.3132, 28.9366 ], [ 78.3103, 28.9457 ], [ 78.3173, 28.9589 ], [ 78.3109, 28.9671 ], [ 78.3286, 28.9837 ], [ 78.3326, 28.9817 ], [ 78.3505, 28.9935 ], [ 78.3583, 29.0068 ], [ 78.3514, 29.0261 ], [ 78.3555, 29.0353 ], [ 78.3842, 29.0432 ], [ 78.3923, 29.0368 ], [ 78.398, 29.0376 ], [ 78.404, 29.0445 ], [ 78.4101, 29.0435 ], [ 78.4362, 29.0563 ], [ 78.4396, 29.0632 ], [ 78.4572, 29.0722 ], [ 78.477, 29.0667 ], [ 78.4819, 29.0702 ], [ 78.4941, 29.0603 ], [ 78.5009, 29.0671 ], [ 78.5048, 29.065 ], [ 78.5237, 29.086 ], [ 78.5482, 29.0811 ], [ 78.5547, 29.0869 ], [ 78.5658, 29.089 ], [ 78.5648, 29.0952 ], [ 78.5904, 29.0904 ], [ 78.5952, 29.0966 ], [ 78.6049, 29.0977 ], [ 78.6157, 29.1074 ], [ 78.6079, 29.118 ], [ 78.6096, 29.1213 ], [ 78.6257, 29.1325 ], [ 78.6354, 29.1325 ], [ 78.6526, 29.1498 ], [ 78.6534, 29.1598 ], [ 78.6424, 29.1584 ], [ 78.6268, 29.1672 ], [ 78.6387, 29.1795 ], [ 78.65, 29.1727 ], [ 78.6579, 29.1793 ], [ 78.6666, 29.1471 ], [ 78.6652, 29.1329 ], [ 78.6721, 29.1224 ], [ 78.6563, 29.1077 ], [ 78.6651, 29.0974 ], [ 78.6866, 29.1059 ], [ 78.6967, 29.1061 ], [ 78.6996, 29.1008 ], [ 78.681, 29.0887 ], [ 78.6932, 29.07 ], [ 78.6612, 29.0438 ], [ 78.6576, 29.0327 ], [ 78.6363, 29.0172 ], [ 78.6306, 29.0069 ], [ 78.6422, 28.9844 ], [ 78.6594, 28.9755 ], [ 78.6796, 28.9528 ], [ 78.674, 28.9453 ], [ 78.6598, 28.9379 ], [ 78.6539, 28.9263 ], [ 78.6748, 28.9126 ], [ 78.6743, 28.9068 ], [ 78.6632, 28.8961 ], [ 78.6571, 28.8788 ], [ 78.6458, 28.8746 ], [ 78.6328, 28.8514 ], [ 78.6137, 28.8387 ], [ 78.6053, 28.8419 ], [ 78.5953, 28.8245 ], [ 78.6003, 28.8129 ], [ 78.5985, 28.8074 ], [ 78.5771, 28.8096 ], [ 78.5685, 28.8034 ], [ 78.5581, 28.8046 ], [ 78.5516, 28.7993 ], [ 78.5251, 28.7954 ], [ 78.5226, 28.7839 ], [ 78.514, 28.7869 ], [ 78.5095, 28.7822 ], [ 78.5013, 28.784 ], [ 78.4966, 28.7793 ], [ 78.4867, 28.7843 ], [ 78.4794, 28.7734 ], [ 78.4598, 28.7832 ], [ 78.4505, 28.775 ], [ 78.4412, 28.774 ], [ 78.4239, 28.7856 ], [ 78.4165, 28.7767 ], [ 78.4027, 28.7846 ], [ 78.3867, 28.7758 ], [ 78.3811, 28.7802 ] ] ] } },
{ "type": "Feature", "properties": { "unit_id": "IND.34.6.2_1", "unit_name": "Hasanpur", "district": "Amroha", "did": "uttar_pradesh:Amroha", "state": "Uttar Pradesh", "state_key": "uttar_pradesh", "name_ok": true }, "geometry": { "type": "Polygon", "coordinates": [ [ [ 78.3514, 29.0261 ], [ 78.3583, 29.0068 ], [ 78.3505, 28.9935 ], [ 78.3326, 28.9817 ], [ 78.3286, 28.9837 ], [ 78.3109, 28.9671 ], [ 78.3173, 28.9589 ], [ 78.3103, 28.9457 ], [ 78.3132, 28.9366 ], [ 78.3057, 28.9282 ], [ 78.3146, 28.9209 ], [ 78.308, 28.9085 ], [ 78.3135, 28.9004 ], [ 78.3107, 28.8944 ], [ 78.3215, 28.8871 ], [ 78.3173, 28.8714 ], [ 78.3234, 28.8657 ], [ 78.3198, 28.8562 ], [ 78.3272, 28.8482 ], [ 78.3254, 28.84 ], [ 78.33, 28.8209 ], [ 78.325, 28.8135 ], [ 78.3413, 28.8007 ], [ 78.349, 28.7976 ], [ 78.3549, 28.8015 ], [ 78.3624, 28.8003 ], [ 78.3722, 28.7882 ], [ 78.3797, 28.7899 ], [ 78.3811, 28.7802 ], [ 78.3885, 28.7698 ], [ 78.402, 28.761 ], [ 78.403, 28.7485 ], [ 78.3957, 28.7433 ], [ 78.3946, 28.7341 ], [ 78.4005, 28.7246 ], [ 78.4019, 28.7057 ], [ 78.4006, 28.6963 ], [ 78.3927, 28.6872 ], [ 78.4051, 28.682 ], [ 78.4088, 28.6709 ], [ 78.4055, 28.6593 ], [ 78.3985, 28.6596 ], [ 78.3896, 28.6497 ], [ 78.3975, 28.6332 ], [ 78.4004, 28.6145 ], [ 78.4119, 28.6151 ], [ 78.4158, 28.6119 ], [ 78.4132, 28.5969 ], [ 78.4262, 28.5886 ], [ 78.4176, 28.5766 ], [ 78.4187, 28.5645 ], [ 78.4134, 28.5541 ], [ 78.4239, 28.5426 ], [ 78.4105, 28.532 ], [ 78.4072, 28.5219 ], [ 78.4182, 28.5121 ], [ 78.4145, 28.503 ], [ 78.4177, 28.4851 ], [ 78.405, 28.4673 ], [ 78.4009, 28.473 ], [ 78.3895, 28.4771 ], [ 78.369, 28.474 ], [ 78.3365, 28.4406 ], [ 78.3159, 28.4361 ], [ 78.2997, 28.4403 ], [ 78.2957, 28.4275 ], [ 78.2836, 28.4208 ], [ 78.2805, 28.409 ], [ 78.2723, 28.419 ], [ 78.272, 28.4331 ], [ 78.2779, 28.4434 ], [ 78.2958, 28.4555 ], [ 78.2944, 28.4647 ], [ 78.2668, 28.476 ], [ 78.2666, 28.4907 ], [ 78.2614, 28.4961 ], [ 78.2148, 28.5013 ], [ 78.2094, 28.5059 ], [ 78.2052, 28.5313 ], [ 78.2106, 28.5374 ], [ 78.2055, 28.5556 ], [ 78.2192, 28.5791 ], [ 78.1987, 28.6212 ], [ 78.1823, 28.6762 ], [ 78.1637, 28.6977 ], [ 78.1359, 28.7177 ], [ 78.1305, 28.727 ], [ 78.13, 28.7483 ], [ 78.1229, 28.7771 ], [ 78.109, 28.788 ], [ 78.1085, 28.8242 ], [ 78.1013, 28.8344 ], [ 78.1081, 28.8488 ], [ 78.1021, 28.8715 ], [ 78.0932, 28.8836 ], [ 78.0717, 28.8865 ], [ 78.0526, 28.8984 ], [ 78.0512, 28.906 ], [ 78.0599, 28.9205 ], [ 78.0476, 28.9429 ], [ 78.0545, 28.9614 ], [ 78.0825, 28.9825 ], [ 78.0858, 28.9897 ], [ 78.0838, 29.006 ], [ 78.09, 29.0315 ], [ 78.0845, 29.0472 ], [ 78.0874, 29.0579 ], [ 78.0767, 29.0648 ], [ 78.0734, 29.0739 ], [ 78.0813, 29.0841 ], [ 78.0946, 29.0893 ], [ 78.1073, 29.085 ], [ 78.1364, 29.0833 ], [ 78.1488, 29.0762 ], [ 78.149, 29.0598 ], [ 78.1591, 29.0663 ], [ 78.1653, 29.0624 ], [ 78.1723, 29.0681 ], [ 78.1954, 29.0563 ], [ 78.1995, 29.0616 ], [ 78.2228, 29.0467 ], [ 78.2288, 29.0464 ], [ 78.2324, 29.0513 ], [ 78.2475, 29.0492 ], [ 78.2656, 29.0543 ], [ 78.2831, 29.0457 ], [ 78.2937, 29.0571 ], [ 78.3002, 29.0539 ], [ 78.2959, 29.0495 ], [ 78.2981, 29.0455 ], [ 78.3122, 29.0449 ], [ 78.3256, 29.0485 ], [ 78.3297, 29.0548 ], [ 78.3417, 29.0488 ], [ 78.3555, 29.0353 ], [ 78.3514, 29.0261 ] ] ] } },
{ "type": "Feature", "properties": { "unit_id": "IND.34.7.1_1", "unit_name": "Auraiya", "district": "Auraiya", "did": "uttar_pradesh:Auraiya", "state": "Uttar Pradesh", "state_key": "uttar_pradesh", "name_ok": true }, "geometry": { "type": "Polygon", "coordinates": [ [ [ 79.0929, 26.4573 ], [ 79.0894, 26.4509 ], [ 79.0833, 26.453 ], [ 79.0809, 26.4439 ], [ 79.0777, 26.4472 ], [ 79.0613, 26.4494 ], [ 79.0575, 26.4561 ], [ 79.0485, 26.4561 ], [ 79.0471, 26.4614 ], [ 79.0785, 26.505 ], [ 79.0863, 26.5021 ], [ 79.1118, 26.503 ], [ 79.115, 26.5125 ], [ 79.1292, 26.5132 ], [ 79.1447, 26.5001 ], [ 79.1607, 26.5042 ], [ 79.1655, 26.5131 ], [ 79.1646, 26.5319 ], [ 79.1794, 26.5346 ], [ 79.1863, 26.5449 ], [ 79.1992, 26.5461 ], [ 79.2025, 26.5521 ], [ 79.2137, 26.5555 ], [ 79.2138, 26.5736 ], [ 79.2492, 26.614 ], [ 79.2507, 26.6241 ], [ 79.2631, 26.6268 ], [ 79.2751, 26.6242 ], [ 79.2862, 26.6375 ], [ 79.3027, 26.646 ], [ 79.3054, 26.6571 ], [ 79.3114, 26.6628 ], [ 79.2994, 26.6771 ], [ 79.3104, 26.6844 ], [ 79.3238, 26.6848 ], [ 79.3218, 26.6742 ], [ 79.3267, 26.6656 ], [ 79.3225, 26.662 ], [ 79.3326, 26.6501 ], [ 79.3554, 26.6463 ], [ 79.3639, 26.6378 ], [ 79.3712, 26.6421 ], [ 79.3855, 26.6362 ], [ 79.407, 26.6409 ], [ 79.4138, 26.6377 ], [ 79.4266, 26.6408 ], [ 79.4342, 26.6386 ], [ 79.4461, 26.6462 ], [ 79.4571, 26.648 ], [ 79.4635, 26.6462 ], [ 79.4727, 26.6357 ], [ 79.4899, 26.6471 ], [ 79.4912, 26.6558 ], [ 79.5017, 26.6501 ], [ 79.5263, 26.6638 ], [ 79.5483, 26.6592 ], [ 79.5652, 26.662 ], [ 79.5669, 26.6477 ], [ 79.5762, 26.6428 ], [ 79.5685, 26.6263 ], [ 79.571, 26.6167 ], [ 79.5844, 26.6079 ], [ 79.6028, 26.6045 ], [ 79.6103, 26.5971 ], [ 79.6273, 26.5961 ], [ 79.6271, 26.5848 ], [ 79.6404, 26.5772 ], [ 79.6311, 26.5559 ], [ 79.6219, 26.5498 ], [ 79.6313, 26.5406 ], [ 79.6305, 26.5135 ], [ 79.6158, 26.5191 ], [ 79.6092, 26.5132 ], [ 79.6043, 26.5076 ], [ 79.6146, 26.4978 ], [ 79.5902, 26.4859 ], [ 79.5934, 26.4731 ], [ 79.5907, 26.4691 ], [ 79.5838, 26.4695 ], [ 79.571, 26.4537 ], [ 79.5638, 26.4547 ], [ 79.5617, 26.4517 ], [ 79.5693, 26.4383 ], [ 79.5539, 26.415 ], [ 79.5387, 26.4088 ], [ 79.5007, 26.3703 ], [ 79.495, 26.3693 ], [ 79.4851, 26.3866 ], [ 79.4797, 26.4205 ], [ 79.4655, 26.4367 ], [ 79.4497, 26.4396 ], [ 79.4276, 26.437 ], [ 79.3562, 26.4112 ], [ 79.333, 26.4069 ], [ 79.3033, 26.4222 ], [ 79.2939, 26.4417 ], [ 79.284, 26.448 ], [ 79.2377, 26.4331 ], [ 79.2175, 26.4333 ], [ 79.2059, 26.4437 ], [ 79.1991, 26.4364 ], [ 79.1837, 26.4306 ], [ 79.1788, 26.4363 ], [ 79.1719, 26.4354 ], [ 79.1491, 26.4441 ], [ 79.1268, 26.4448 ], [ 79.0929, 26.4573 ] ] ] } },
{ "type": "Feature", "properties": { "unit_id": "IND.34.7.2_1", "unit_name": "Bidhuna", "district": "Auraiya", "did": "uttar_pradesh:Auraiya", "state": "Uttar Pradesh", "state_key": "uttar_pradesh", "name_ok": true }, "geometry": { "type": "Polygon", "coordinates": [ [ [ 79.6103, 26.5971 ], [ 79.6028, 26.6045 ], [ 79.5844, 26.6079 ], [ 79.571, 26.6167 ], [ 79.5685, 26.6263 ], [ 79.5762, 26.6428 ], [ 79.5669, 26.6477 ], [ 79.5672, 26.6606 ], [ 79.5617, 26.6627 ], [ 79.5483, 26.6592 ], [ 79.5352, 26.6641 ], [ 79.5233, 26.6632 ], [ 79.5164, 26.6558 ], [ 79.5017, 26.6501 ], [ 79.4912, 26.6558 ], [ 79.4899, 26.6471 ], [ 79.4727, 26.6357 ], [ 79.4635, 26.6462 ], [ 79.4571, 26.648 ], [ 79.4461, 26.6462 ], [ 79.4342, 26.6386 ], [ 79.4266, 26.6408 ], [ 79.4138, 26.6377 ], [ 79.407, 26.6409 ], [ 79.3855, 26.6362 ], [ 79.3712, 26.6421 ], [ 79.3639, 26.6378 ], [ 79.3554, 26.6463 ], [ 79.334, 26.6493 ], [ 79.3273, 26.6552 ], [ 79.3225, 26.662 ], [ 79.3267, 26.6656 ], [ 79.3218, 26.6742 ], [ 79.3238, 26.6848 ], [ 79.3104, 26.6844 ], [ 79.297, 26.6943 ], [ 79.3072, 26.7055 ], [ 79.3089, 26.7135 ], [ 79.3137, 26.7107 ], [ 79.3195, 26.7133 ], [ 79.3239, 26.7267 ], [ 79.3344, 26.7341 ], [ 79.3287, 26.7652 ], [ 79.3174, 26.7737 ], [ 79.3181, 26.7865 ], [ 79.3211, 26.7948 ], [ 79.3282, 26.7986 ], [ 79.3301, 26.807 ], [ 79.3231, 26.8229 ], [ 79.3397, 26.8391 ], [ 79.33, 26.8521 ], [ 79.3383, 26.8929 ], [ 79.3314, 26.8972 ], [ 79.3364, 26.9003 ], [ 79.3314, 26.9075 ], [ 79.3405, 26.9286 ], [ 79.3409, 26.94 ], [ 79.3501, 26.9523 ], [ 79.3734, 26.9432 ], [ 79.3847, 26.9322 ], [ 79.3921, 26.9352 ], [ 79.3947, 26.9412 ], [ 79.4085, 26.9398 ], [ 79.4294, 26.9468 ], [ 79.4328, 26.9389 ], [ 79.4267, 26.9336 ], [ 79.4424, 26.9343 ], [ 79.4474, 26.9182 ], [ 79.4509, 26.9201 ], [ 79.4509, 26.9089 ], [ 79.4619, 26.9097 ], [ 79.4714, 26.9009 ], [ 79.4746, 26.9052 ], [ 79.4762, 26.8992 ], [ 79.4929, 26.8861 ], [ 79.5087, 26.8803 ], [ 79.5147, 26.8838 ], [ 79.521, 26.877 ], [ 79.5329, 26.8797 ], [ 79.5423, 26.8759 ], [ 79.5513, 26.8664 ], [ 79.5761, 26.8683 ], [ 79.5727, 26.8757 ], [ 79.5934, 26.8918 ], [ 79.5932, 26.895 ], [ 79.6059, 26.8963 ], [ 79.615, 26.887 ], [ 79.6249, 26.8962 ], [ 79.6432, 26.8989 ], [ 79.6519, 26.8941 ], [ 79.6551, 26.8879 ], [ 79.656, 26.8708 ], [ 79.6659, 26.8666 ], [ 79.6893, 26.8441 ], [ 79.6984, 26.8409 ], [ 79.6922, 26.8296 ], [ 79.7079, 26.8181 ], [ 79.707, 26.8121 ], [ 79.7169, 26.8078 ], [ 79.7341, 26.8155 ], [ 79.7396, 26.8029 ], [ 79.7488, 26.8006 ], [ 79.7454, 26.7929 ], [ 79.7499, 26.7889 ], [ 79.7484, 26.7853 ], [ 79.7341, 26.7702 ], [ 79.724, 26.7708 ], [ 79.7181, 26.76 ], [ 79.7074, 26.7547 ], [ 79.6675, 26.7485 ], [ 79.6694, 26.7413 ], [ 79.6831, 26.7345 ], [ 79.689, 26.7236 ], [ 79.6946, 26.7226 ], [ 79.7075, 26.7107 ], [ 79.7128, 26.6953 ], [ 79.7069, 26.6807 ], [ 79.7141, 26.6711 ], [ 79.7025, 26.6542 ], [ 79.675, 26.6339 ], [ 79.6655, 26.62 ], [ 79.6529, 26.6209 ], [ 79.6445, 26.6094 ], [ 79.6399, 26.613 ], [ 79.6334, 26.6118 ], [ 79.6273, 26.5961 ], [ 79.6103, 26.5971 ] ] ] } },
{ "type": "Feature", "properties": { "unit_id": "IND.34.8.1_1", "unit_name": "Azamgarh", "district": "Azamgarh", "did": "uttar_pradesh:Azamgarh", "state": "Uttar Pradesh", "state_key": "uttar_pradesh", "name_ok": true }, "geometry": { "type": "Polygon", "coordinates": [ [ [ 83.1651, 25.9274 ], [ 83.1649, 25.9353 ], [ 83.1543, 25.9391 ], [ 83.1606, 25.9445 ], [ 83.1493, 25.9509 ], [ 83.1286, 25.9479 ], [ 83.1095, 25.9513 ], [ 83.0992, 25.9406 ], [ 83.0988, 25.9266 ], [ 83.0885, 25.9145 ], [ 83.0831, 25.9102 ], [ 83.0762, 25.9109 ], [ 83.0773, 25.905 ], [ 83.0733, 25.9012 ], [ 83.044, 25.9006 ], [ 83.039, 25.8973 ], [ 83.0389, 25.8889 ], [ 83.0328, 25.8828 ], [ 83.0266, 25.8857 ], [ 83.0236, 25.9 ], [ 83.0156, 25.9127 ], [ 83.0109, 25.9142 ], [ 82.9989, 25.91 ], [ 82.9932, 25.913 ], [ 82.9936, 25.9173 ], [ 82.9818, 25.9217 ], [ 82.9761, 25.9107 ], [ 82.9587, 25.9152 ], [ 82.9648, 25.9347 ], [ 82.9424, 25.9246 ], [ 82.9398, 25.9446 ], [ 82.9191, 25.9323 ], [ 82.9079, 25.9349 ], [ 82.8982, 25.9105 ], [ 82.8798, 25.9288 ], [ 82.8661, 25.9336 ], [ 82.8601, 25.944 ], [ 82.8772, 25.9713 ], [ 82.8876, 25.9805 ], [ 82.8857, 25.9926 ], [ 82.8672, 26.0094 ], [ 82.865, 26.0319 ], [ 82.8675, 26.0391 ], [ 82.8796, 26.0397 ], [ 82.8823, 26.0446 ], [ 82.8744, 26.0526 ], [ 82.8692, 26.0687 ], [ 82.8712, 26.0776 ], [ 82.8773, 26.0796 ], [ 82.8778, 26.122 ], [ 82.8918, 26.1236 ], [ 82.8974, 26.1315 ], [ 82.9025, 26.1315 ], [ 82.9116, 26.1395 ], [ 82.914, 26.1464 ], [ 82.9203, 26.1449 ], [ 82.9347, 26.1567 ], [ 82.9473, 26.1447 ], [ 82.9567, 26.1596 ], [ 82.962, 26.1592 ], [ 82.9623, 26.1467 ], [ 82.9706, 26.1455 ], [ 82.975, 26.1383 ], [ 83.0146, 26.1319 ], [ 83.0136, 26.1401 ], [ 83.0227, 26.144 ], [ 83.0104, 26.1554 ], [ 83.0106, 26.1679 ], [ 83.0021, 26.1712 ], [ 83.0014, 26.1785 ], [ 83.0145, 26.1773 ], [ 83.0198, 26.1847 ], [ 83.0312, 26.1876 ], [ 83.0359, 26.1947 ], [ 83.0551, 26.2026 ], [ 83.065, 26.2029 ], [ 83.0816, 26.1945 ], [ 83.0767, 26.1834 ], [ 83.0823, 26.1633 ], [ 83.0938, 26.159 ], [ 83.0972, 26.1528 ], [ 83.104, 26.15 ], [ 83.0989, 26.1374 ], [ 83.1183, 26.1205 ], [ 83.1351, 26.119 ], [ 83.1412, 26.1252 ], [ 83.1533, 26.1223 ], [ 83.1541, 26.1177 ], [ 83.1612, 26.1177 ], [ 83.1631, 26.1211 ], [ 83.1708, 26.1204 ], [ 83.1769, 26.132 ], [ 83.1984, 26.1214 ], [ 83.2329, 26.1163 ], [ 83.2407, 26.1059 ], [ 83.2528, 26.0982 ], [ 83.2444, 26.09 ], [ 83.2338, 26.0943 ], [ 83.2211, 26.0678 ], [ 83.1976, 26.0572 ], [ 83.2025, 26.0543 ], [ 83.2013, 26.0394 ], [ 83.1919, 26.0093 ], [ 83.2069, 26.0034 ], [ 83.1997, 25.9829 ], [ 83.2058, 25.9512 ], [ 83.2027, 25.9456 ], [ 83.1651, 25.9274 ] ] ] } },
{ "type": "Feature", "properties": { "unit_id": "IND.34.8.2_1", "unit_name": "Katghar", "district": "Azamgarh", "did": "uttar_pradesh:Azamgarh", "state": "Uttar Pradesh", "state_key": "uttar_pradesh", "name_ok": true }, "geometry": { "type": "Polygon", "coordinates": [ [ [ 82.9079, 25.9349 ], [ 82.9191, 25.9323 ], [ 82.9398, 25.9446 ], [ 82.9424, 25.9246 ], [ 82.9648, 25.9347 ], [ 82.9587, 25.9152 ], [ 82.9761, 25.9107 ], [ 82.9818, 25.9217 ], [ 82.9936, 25.9173 ], [ 82.9932, 25.913 ], [ 82.9989, 25.91 ], [ 83.0109, 25.9142 ], [ 83.0156, 25.9127 ], [ 83.0236, 25.9 ], [ 83.0266, 25.8857 ], [ 83.0328, 25.8828 ], [ 83.0389, 25.8889 ], [ 83.039, 25.8973 ], [ 83.044, 25.9006 ], [ 83.0733, 25.9012 ], [ 83.0773, 25.905 ], [ 83.0762, 25.9109 ], [ 83.0831, 25.9102 ], [ 83.0885, 25.9145 ], [ 83.0988, 25.9266 ], [ 83.0992, 25.9406 ], [ 83.1095, 25.9513 ], [ 83.1286, 25.9479 ], [ 83.1493, 25.9509 ], [ 83.1606, 25.9445 ], [ 83.1543, 25.9391 ], [ 83.1649, 25.9353 ], [ 83.1651, 25.9274 ], [ 83.1709, 25.9302 ], [ 83.1784, 25.9172 ], [ 83.179, 25.9123 ], [ 83.1695, 25.9073 ], [ 83.1703, 25.8979 ], [ 83.1741, 25.8994 ], [ 83.1773, 25.8961 ], [ 83.1907, 25.8757 ], [ 83.2151, 25.8791 ], [ 83.219, 25.8702 ], [ 83.2237, 25.8685 ], [ 83.2256, 25.859 ], [ 83.2431, 25.8559 ], [ 83.2444, 25.8597 ], [ 83.2552, 25.8628 ], [ 83.2605, 25.876 ], [ 83.2657, 25.8679 ], [ 83.2749, 25.8709 ], [ 83.2847, 25.8631 ], [ 83.2991, 25.8617 ], [ 83.2986, 25.8566 ], [ 83.3065, 25.8563 ], [ 83.3158, 25.85 ], [ 83.3088, 25.8413 ], [ 83.3266, 25.8407 ], [ 83.3322, 25.832 ], [ 83.3471, 25.8276 ], [ 83.3466, 25.8231 ], [ 83.3369, 25.8223 ], [ 83.3373, 25.8168 ], [ 83.3316, 25.8122 ], [ 83.3166, 25.8156 ], [ 83.3088, 25.8044 ], [ 83.3141, 25.7984 ], [ 83.3091, 25.7968 ], [ 83.3071, 25.7888 ], [ 83.2969, 25.7865 ], [ 83.2975, 25.7782 ], [ 83.2918, 25.77 ], [ 83.2972, 25.7583 ], [ 83.2774, 25.7581 ], [ 83.2666, 25.7769 ], [ 83.2627, 25.7748 ], [ 83.2599, 25.7789 ], [ 83.2418, 25.7733 ], [ 83.2383, 25.7669 ], [ 83.2295, 25.7704 ], [ 83.2127, 25.7621 ], [ 83.2108, 25.7723 ], [ 83.1976, 25.7737 ], [ 83.187, 25.7801 ], [ 83.1826, 25.7683 ], [ 83.1997, 25.7607 ], [ 83.2026, 25.7643 ], [ 83.209, 25.7623 ], [ 83.2123, 25.7516 ], [ 83.2063, 25.7346 ], [ 83.2237, 25.7243 ], [ 83.2334, 25.7086 ], [ 83.2188, 25.702 ], [ 83.2097, 25.7058 ], [ 83.1858, 25.7029 ], [ 83.1784, 25.69 ], [ 83.1765, 25.6754 ], [ 83.1648, 25.6745 ], [ 83.1625, 25.6627 ], [ 83.1516, 25.6662 ], [ 83.1395, 25.6559 ], [ 83.1433, 25.649 ], [ 83.1399, 25.639 ], [ 83.1272, 25.6425 ], [ 83.1124, 25.6562 ], [ 83.0807, 25.6597 ], [ 83.0793, 25.6516 ], [ 83.0643, 25.6523 ], [ 83.0585, 25.6542 ], [ 83.0559, 25.661 ], [ 83.0694, 25.6733 ], [ 83.0694, 25.6842 ], [ 83.0496, 25.6845 ], [ 83.0439, 25.6898 ], [ 83.0343, 25.692 ], [ 83.0325, 25.7035 ], [ 83.0236, 25.7002 ], [ 83.0209, 25.7074 ], [ 83.0086, 25.7068 ], [ 82.9998, 25.7154 ], [ 82.9903, 25.6893 ], [ 82.9771, 25.6821 ], [ 82.954, 25.7064 ], [ 82.9371, 25.707 ], [ 82.9248, 25.7337 ], [ 82.9167, 25.7331 ], [ 82.9149, 25.7419 ], [ 82.922, 25.7589 ], [ 82.8903, 25.7757 ], [ 82.8814, 25.7708 ], [ 82.8597, 25.7734 ], [ 82.8441, 25.7677 ], [ 82.8266, 25.7691 ], [ 82.7972, 25.7913 ], [ 82.8087, 25.8199 ], [ 82.8197, 25.8273 ], [ 82.8317, 25.8471 ], [ 82.8493, 25.8443 ], [ 82.8603, 25.834 ], [ 82.8753, 25.8324 ], [ 82.8757, 25.8444 ], [ 82.8689, 25.8527 ], [ 82.8711, 25.8597 ], [ 82.8609, 25.8672 ], [ 82.8632, 25.8909 ], [ 82.8708, 25.8974 ], [ 82.8937, 25.8983 ], [ 82.9079, 25.9349 ] ] ] } },
{ "type": "Feature", "properties": { "unit_id": "IND.34.8.3_1", "unit_name": "Phulpur", "district": "Azamgarh", "did": "uttar_pradesh:Azamgarh", "state": "Uttar Pradesh", "state_key": "uttar_pradesh", "name_ok": true }, "geometry": { "type": "Polygon", "coordinates": [ [ [ 82.6817, 26.2637 ], [ 82.6837, 26.2727 ], [ 82.691, 26.272 ], [ 82.6943, 26.2671 ], [ 82.6991, 26.2686 ], [ 82.7261, 26.251 ], [ 82.7441, 26.2678 ], [ 82.747, 26.2664 ], [ 82.7409, 26.2566 ], [ 82.7438, 26.243 ], [ 82.7403, 26.2321 ], [ 82.7514, 26.2166 ], [ 82.7599, 26.2162 ], [ 82.7711, 26.1977 ], [ 82.7792, 26.2024 ], [ 82.7822, 26.1928 ], [ 82.7886, 26.195 ], [ 82.816, 26.1901 ], [ 82.8182, 26.1837 ], [ 82.8283, 26.1842 ], [ 82.8344, 26.1727 ], [ 82.8428, 26.1691 ], [ 82.8513, 26.1703 ], [ 82.8566, 26.1639 ], [ 82.8627, 26.1652 ], [ 82.8641, 26.1759 ], [ 82.8743, 26.1721 ], [ 82.8815, 26.1842 ], [ 82.8791, 26.1925 ], [ 82.8653, 26.1914 ], [ 82.8588, 26.2066 ], [ 82.8504, 26.2093 ], [ 82.8566, 26.2139 ], [ 82.8632, 26.2138 ], [ 82.8573, 26.225 ], [ 82.8652, 26.2281 ], [ 82.8698, 26.2376 ], [ 82.8758, 26.2384 ], [ 82.8728, 26.2463 ], [ 82.8774, 26.2551 ], [ 82.8687, 26.2643 ], [ 82.8665, 26.2793 ], [ 82.8722, 26.2943 ], [ 82.865, 26.3145 ], [ 82.8557, 26.3173 ], [ 82.8552, 26.3283 ], [ 82.8687, 26.3249 ], [ 82.8729, 26.3268 ], [ 82.8878, 26.35 ], [ 82.8641, 26.3622 ], [ 82.8754, 26.3865 ], [ 82.9027, 26.3922 ], [ 82.9107, 26.3976 ], [ 82.9092, 26.4033 ], [ 82.9034, 26.4057 ], [ 82.9117, 26.4249 ], [ 82.8986, 26.4381 ], [ 82.9007, 26.4455 ], [ 82.9189, 26.4343 ], [ 82.9336, 26.4306 ], [ 82.9373, 26.4358 ], [ 82.9291, 26.4415 ], [ 82.9403, 26.4535 ], [ 82.9577, 26.4459 ], [ 82.9504, 26.4332 ], [ 82.9552, 26.4284 ], [ 82.9495, 26.4085 ], [ 82.9265, 26.4018 ], [ 82.9231, 26.3962 ], [ 82.926, 26.3868 ], [ 82.9304, 26.3853 ], [ 82.9342, 26.3891 ], [ 82.9388, 26.3829 ], [ 82.9486, 26.3906 ], [ 82.9652, 26.3823 ], [ 82.9699, 26.3728 ], [ 82.9593, 26.3586 ], [ 82.9645, 26.3482 ], [ 82.9685, 26.3441 ], [ 82.9775, 26.3491 ], [ 82.9855, 26.3449 ], [ 82.9915, 26.3471 ], [ 83.0024, 26.34 ], [ 83.0168, 26.3399 ], [ 83.0302, 26.3203 ], [ 83.0278, 26.3074 ], [ 83.0395, 26.2939 ], [ 83.0521, 26.2918 ], [ 83.0605, 26.2844 ], [ 83.0684, 26.2851 ], [ 83.0701, 26.2924 ], [ 83.0759, 26.2854 ], [ 83.0891, 26.2822 ], [ 83.091, 26.2868 ], [ 83.1019, 26.2876 ], [ 83.1072, 26.2769 ], [ 83.0961, 26.2607 ], [ 83.0819, 26.258 ], [ 83.0727, 26.2454 ], [ 83.0772, 26.2277 ], [ 83.0717, 26.2158 ], [ 83.0662, 26.2184 ], [ 83.0617, 26.2159 ], [ 83.0551, 26.2026 ], [ 83.0359, 26.1947 ], [ 83.0312, 26.1876 ], [ 83.0198, 26.1847 ], [ 83.0145, 26.1773 ], [ 83.0014, 26.1785 ], [ 83.0021, 26.1712 ], [ 83.0106, 26.1679 ], [ 83.0104, 26.1554 ], [ 83.0227, 26.144 ], [ 83.0136, 26.1401 ], [ 83.0146, 26.1319 ], [ 82.975, 26.1383 ], [ 82.9706, 26.1455 ], [ 82.9623, 26.1467 ], [ 82.962, 26.1592 ], [ 82.9567, 26.1596 ], [ 82.9473, 26.1447 ], [ 82.9347, 26.1567 ], [ 82.9203, 26.1449 ], [ 82.914, 26.1464 ], [ 82.9116, 26.1395 ], [ 82.9025, 26.1315 ], [ 82.8974, 26.1315 ], [ 82.8918, 26.1236 ], [ 82.8778, 26.122 ], [ 82.8773, 26.0796 ], [ 82.8712, 26.0776 ], [ 82.8692, 26.0687 ], [ 82.8744, 26.0526 ], [ 82.8823, 26.0446 ], [ 82.8796, 26.0397 ], [ 82.8675, 26.0391 ], [ 82.865, 26.0319 ], [ 82.8672, 26.0094 ], [ 82.8857, 25.9926 ], [ 82.8876, 25.9805 ], [ 82.8772, 25.9713 ], [ 82.8601, 25.944 ], [ 82.8661, 25.9336 ], [ 82.8798, 25.9288 ], [ 82.8981, 25.9139 ], [ 82.8967, 25.9009 ], [ 82.8909, 25.8969 ], [ 82.8696, 25.8971 ], [ 82.8632, 25.8909 ], [ 82.8609, 25.8672 ], [ 82.8711, 25.8597 ], [ 82.8689, 25.8527 ], [ 82.8757, 25.8444 ], [ 82.8753, 25.8324 ], [ 82.8603, 25.834 ], [ 82.8493, 25.8443 ], [ 82.8317, 25.8471 ], [ 82.8197, 25.8273 ], [ 82.8095, 25.8213 ], [ 82.8035, 25.8045 ], [ 82.7817, 25.8191 ], [ 82.7778, 25.8282 ], [ 82.7597, 25.8317 ], [ 82.7492, 25.84 ], [ 82.7593, 25.8541 ], [ 82.7558, 25.8692 ], [ 82.7666, 25.8843 ], [ 82.7586, 25.8858 ], [ 82.7579, 25.8928 ], [ 82.7584, 25.8964 ], [ 82.7647, 25.8975 ], [ 82.7549, 25.9263 ], [ 82.7486, 25.9284 ], [ 82.7521, 25.9345 ], [ 82.7446, 25.9377 ], [ 82.7453, 25.9457 ], [ 82.7362, 25.968 ], [ 82.7273, 25.9729 ], [ 82.7261, 25.9853 ], [ 82.7187, 25.9926 ], [ 82.7172, 26.0006 ], [ 82.724, 26.0282 ], [ 82.6999, 26.0272 ], [ 82.6978, 26.0297 ], [ 82.713, 26.0379 ], [ 82.7125, 26.0454 ], [ 82.6926, 26.0436 ], [ 82.6944, 26.0507 ], [ 82.706, 26.0553 ], [ 82.7003, 26.066 ], [ 82.6923, 26.0709 ], [ 82.6981, 26.0973 ], [ 82.6749, 26.1064 ], [ 82.6717, 26.11 ], [ 82.6731, 26.1196 ], [ 82.6635, 26.1269 ], [ 82.6655, 26.133 ], [ 82.661, 26.1474 ], [ 82.6711, 26.147 ], [ 82.6731, 26.1547 ], [ 82.6817, 26.1564 ], [ 82.6853, 26.1619 ], [ 82.6765, 26.1687 ], [ 82.6799, 26.1789 ], [ 82.6766, 26.1943 ], [ 82.6804, 26.2153 ], [ 82.6755, 26.2257 ], [ 82.6683, 26.2269 ], [ 82.665, 26.2349 ], [ 82.6719, 26.2458 ], [ 82.6711, 26.259 ], [ 82.6817, 26.2637 ] ] ] } },
{ "type": "Feature", "properties": { "unit_id": "IND.34.8.4_1", "unit_name": "Sagri", "district": "Azamgarh", "did": "uttar_pradesh:Azamgarh", "state": "Uttar Pradesh", "state_key": "uttar_pradesh", "name_ok": true }, "geometry": { "type": "Polygon", "coordinates": [ [ [ 83.1033, 26.3116 ], [ 83.1071, 26.3153 ], [ 83.1019, 26.3311 ], [ 83.1057, 26.3592 ], [ 83.1256, 26.3881 ], [ 83.1541, 26.3999 ], [ 83.1755, 26.4008 ], [ 83.2218, 26.3963 ], [ 83.2955, 26.3532 ], [ 83.3098, 26.3531 ], [ 83.3179, 26.3481 ], [ 83.328, 26.3531 ], [ 83.3921, 26.2992 ], [ 83.3919, 26.2871 ], [ 83.4092, 26.277 ], [ 83.4317, 26.2737 ], [ 83.4494, 26.281 ], [ 83.4686, 26.2837 ], [ 83.4989, 26.28 ], [ 83.4892, 26.265 ], [ 83.4621, 26.2611 ], [ 83.4573, 26.2564 ], [ 83.443, 26.2302 ], [ 83.4248, 26.2099 ], [ 83.4208, 26.1942 ], [ 83.4113, 26.1874 ], [ 83.4087, 26.178 ], [ 83.4009, 26.1705 ], [ 83.4078, 26.1648 ], [ 83.4129, 26.1421 ], [ 83.4115, 26.1289 ], [ 83.4052, 26.1237 ], [ 83.4137, 26.1125 ], [ 83.4007, 26.1127 ], [ 83.3975, 26.0977 ], [ 83.391, 26.1005 ], [ 83.3847, 26.0916 ], [ 83.3802, 26.0919 ], [ 83.3696, 26.0811 ], [ 83.3586, 26.0791 ], [ 83.317, 26.1063 ], [ 83.3145, 26.1092 ], [ 83.3192, 26.117 ], [ 83.3128, 26.1143 ], [ 83.3071, 26.1224 ], [ 83.3021, 26.1132 ], [ 83.2957, 26.114 ], [ 83.2898, 26.1167 ], [ 83.2942, 26.126 ], [ 83.2851, 26.1295 ], [ 83.2551, 26.1286 ], [ 83.2536, 26.1074 ], [ 83.2244, 26.1188 ], [ 83.1984, 26.1214 ], [ 83.1769, 26.132 ], [ 83.1708, 26.1204 ], [ 83.1541, 26.1177 ], [ 83.1533, 26.1223 ], [ 83.1412, 26.1252 ], [ 83.1351, 26.119 ], [ 83.1183, 26.1205 ], [ 83.1012, 26.1336 ], [ 83.0989, 26.1374 ], [ 83.104, 26.15 ], [ 83.0972, 26.1528 ], [ 83.0938, 26.159 ], [ 83.0848, 26.1602 ], [ 83.0781, 26.1721 ], [ 83.0767, 26.1834 ], [ 83.0816, 26.1945 ], [ 83.065, 26.2029 ], [ 83.0551, 26.2026 ], [ 83.0617, 26.2159 ], [ 83.0662, 26.2184 ], [ 83.0717, 26.2158 ], [ 83.0772, 26.2277 ], [ 83.0727, 26.2454 ], [ 83.0791, 26.2552 ], [ 83.0961, 26.2607 ], [ 83.0983, 26.2672 ], [ 83.1076, 26.2732 ], [ 83.1019, 26.2876 ], [ 83.1033, 26.3116 ] ] ] } },
{ "type": "Feature", "properties": { "unit_id": "IND.34.9.1_1", "unit_name": "Baghpat", "district": "Baghpat", "did": "uttar_pradesh:Baghpat", "state": "Uttar Pradesh", "state_key": "uttar_pradesh", "name_ok": true }, "geometry": { "type": "Polygon", "coordinates": [ [ [ 77.14, 29.1821 ], [ 77.1381, 29.2011 ], [ 77.1252, 29.2249 ], [ 77.1428, 29.2378 ], [ 77.1425, 29.2516 ], [ 77.1295, 29.2728 ], [ 77.1444, 29.2962 ], [ 77.1423, 29.3015 ], [ 77.1714, 29.2956 ], [ 77.1756, 29.2925 ], [ 77.1762, 29.2852 ], [ 77.1883, 29.2807 ], [ 77.2287, 29.2853 ], [ 77.2431, 29.2838 ], [ 77.2485, 29.2721 ], [ 77.2712, 29.2719 ], [ 77.2874, 29.2626 ], [ 77.2984, 29.2663 ], [ 77.3045, 29.2645 ], [ 77.3212, 29.2535 ], [ 77.3442, 29.2446 ], [ 77.3714, 29.2412 ], [ 77.3804, 29.2534 ], [ 77.3996, 29.2504 ], [ 77.4178, 29.2368 ], [ 77.432, 29.2316 ], [ 77.4493, 29.2327 ], [ 77.4523, 29.225 ], [ 77.4781, 29.2023 ], [ 77.4397, 29.119 ], [ 77.4397, 29.0921 ], [ 77.4473, 29.0556 ], [ 77.4434, 29.0351 ], [ 77.4542, 29.0311 ], [ 77.4535, 29.0226 ], [ 77.4724, 28.9944 ], [ 77.4681, 28.978 ], [ 77.4706, 28.9727 ], [ 77.459, 28.9551 ], [ 77.454, 28.9335 ], [ 77.4363, 28.9305 ], [ 77.4135, 28.8855 ], [ 77.3985, 28.8805 ], [ 77.3992, 28.8542 ], [ 77.4091, 28.8491 ], [ 77.407, 28.8412 ], [ 77.3877, 28.8337 ], [ 77.3994, 28.8234 ], [ 77.3948, 28.8092 ], [ 77.4024, 28.7966 ], [ 77.4022, 28.7873 ], [ 77.3974, 28.782 ], [ 77.3594, 28.7909 ], [ 77.3531, 28.807 ], [ 77.3435, 28.8097 ], [ 77.3354, 28.8003 ], [ 77.3223, 28.8059 ], [ 77.3146, 28.8002 ], [ 77.2973, 28.7966 ], [ 77.2953, 28.8133 ], [ 77.2909, 28.8155 ], [ 77.2885, 28.8301 ], [ 77.2813, 28.8371 ], [ 77.2523, 28.8367 ], [ 77.2441, 28.8277 ], [ 77.2276, 28.8286 ], [ 77.225, 28.8332 ], [ 77.2173, 28.8353 ], [ 77.2106, 28.8453 ], [ 77.2115, 28.8549 ], [ 77.2078, 28.8602 ], [ 77.1869, 28.8668 ], [ 77.1832, 28.8718 ], [ 77.1783, 28.88 ], [ 77.1818, 28.8898 ], [ 77.2053, 28.8946 ], [ 77.2212, 28.9041 ], [ 77.2215, 28.9081 ], [ 77.202, 28.9156 ], [ 77.1968, 28.9209 ], [ 77.2054, 28.9365 ], [ 77.1908, 28.9469 ], [ 77.1901, 28.9557 ], [ 77.2142, 29.006 ], [ 77.2038, 29.0167 ], [ 77.1916, 29.0213 ], [ 77.1626, 29.0486 ], [ 77.1623, 29.0654 ], [ 77.1572, 29.0775 ], [ 77.1318, 29.0946 ], [ 77.122, 29.1058 ], [ 77.1386, 29.1348 ], [ 77.1266, 29.154 ], [ 77.14, 29.1821 ] ] ] } },
{ "type": "Feature", "properties": { "unit_id": "IND.34.10.1_1", "unit_name": "Kaisarganj", "district": "Bahraich", "did": "uttar_pradesh:Bahraich", "state": "Uttar Pradesh", "state_key": "uttar_pradesh", "name_ok": true }, "geometry": { "type": "Polygon", "coordinates": [ [ [ 81.3013, 27.7244 ], [ 81.2977, 27.7405 ], [ 81.3108, 27.7468 ], [ 81.3065, 27.7643 ], [ 81.3212, 27.7662 ], [ 81.3456, 27.7554 ], [ 81.3593, 27.7604 ], [ 81.3597, 27.7656 ], [ 81.3685, 27.7628 ], [ 81.3718, 27.7667 ], [ 81.3838, 27.755 ], [ 81.376, 27.7476 ], [ 81.3732, 27.7365 ], [ 81.3854, 27.7225 ], [ 81.3976, 27.7206 ], [ 81.3933, 27.7148 ], [ 81.3983, 27.7119 ], [ 81.3978, 27.7027 ], [ 81.4033, 27.7042 ], [ 81.3979, 27.6932 ], [ 81.404, 27.6824 ], [ 81.4096, 27.6842 ], [ 81.4122, 27.6815 ], [ 81.427, 27.6869 ], [ 81.4366, 27.6802 ], [ 81.4384, 27.6679 ], [ 81.4664, 27.6709 ], [ 81.4818, 27.6536 ], [ 81.4876, 27.661 ], [ 81.4965, 27.6614 ], [ 81.5053, 27.6501 ], [ 81.5199, 27.6437 ], [ 81.515, 27.6395 ], [ 81.5271, 27.6297 ], [ 81.5343, 27.6269 ], [ 81.5464, 27.6332 ], [ 81.5506, 27.6275 ], [ 81.5425, 27.614 ], [ 81.5527, 27.6076 ], [ 81.5475, 27.5823 ], [ 81.5551, 27.579 ], [ 81.5604, 27.5865 ], [ 81.569, 27.5831 ], [ 81.5743, 27.5727 ], [ 81.5731, 27.5658 ], [ 81.5812, 27.5583 ], [ 81.5904, 27.5613 ], [ 81.5988, 27.5539 ], [ 81.6075, 27.5551 ], [ 81.6212, 27.538 ], [ 81.6277, 27.5368 ], [ 81.635, 27.5419 ], [ 81.6382, 27.5387 ], [ 81.6337, 27.5251 ], [ 81.6509, 27.5197 ], [ 81.6545, 27.503 ], [ 81.6686, 27.5086 ], [ 81.6834, 27.4982 ], [ 81.6868, 27.486 ], [ 81.6794, 27.4801 ], [ 81.6967, 27.4675 ], [ 81.6866, 27.4447 ], [ 81.6892, 27.4335 ], [ 81.6854, 27.4252 ], [ 81.6895, 27.4138 ], [ 81.6807, 27.3985 ], [ 81.6812, 27.392 ], [ 81.6957, 27.3906 ], [ 81.7054, 27.395 ], [ 81.7162, 27.3928 ], [ 81.7396, 27.3784 ], [ 81.7613, 27.3732 ], [ 81.7645, 27.3694 ], [ 81.7537, 27.3621 ], [ 81.7261, 27.3682 ], [ 81.7159, 27.3646 ], [ 81.7069, 27.3656 ], [ 81.6906, 27.3579 ], [ 81.6887, 27.3495 ], [ 81.7106, 27.3372 ], [ 81.7135, 27.3321 ], [ 81.7072, 27.3256 ], [ 81.6771, 27.3255 ], [ 81.6702, 27.3192 ], [ 81.6689, 27.3093 ], [ 81.6974, 27.2986 ], [ 81.6974, 27.285 ], [ 81.6922, 27.2712 ], [ 81.6733, 27.2605 ], [ 81.6738, 27.2432 ], [ 81.6599, 27.2436 ], [ 81.6559, 27.2396 ], [ 81.6509, 27.2272 ], [ 81.6561, 27.2218 ], [ 81.653, 27.2185 ], [ 81.6568, 27.2052 ], [ 81.6462, 27.2097 ], [ 81.6387, 27.1936 ], [ 81.6324, 27.1926 ], [ 81.6292, 27.187 ], [ 81.6291, 27.1827 ], [ 81.6368, 27.1836 ], [ 81.6326, 27.1661 ], [ 81.6346, 27.1588 ], [ 81.6225, 27.1603 ], [ 81.6223, 27.1425 ], [ 81.5978, 27.1462 ], [ 81.594, 27.1394 ], [ 81.5882, 27.1376 ], [ 81.579, 27.1175 ], [ 81.5662, 27.1247 ], [ 81.5667, 27.1276 ], [ 81.5599, 27.1284 ], [ 81.555, 27.1186 ], [ 81.5337, 27.1003 ], [ 81.5409, 27.0877 ], [ 81.5329, 27.0861 ], [ 81.535, 27.0784 ], [ 81.5212, 27.0886 ], [ 81.5063, 27.0877 ], [ 81.4973, 27.0639 ], [ 81.4707, 27.075 ], [ 81.4694, 27.1067 ], [ 81.4496, 27.117 ], [ 81.4381, 27.1388 ], [ 81.4325, 27.1801 ], [ 81.451, 27.1889 ], [ 81.4517, 27.1949 ], [ 81.4314, 27.2236 ], [ 81.4266, 27.2689 ], [ 81.4337, 27.314 ], [ 81.4301, 27.3213 ], [ 81.4019, 27.3417 ], [ 81.4076, 27.3603 ], [ 81.401, 27.3764 ], [ 81.3774, 27.39 ], [ 81.368, 27.4007 ], [ 81.3629, 27.4166 ], [ 81.3521, 27.426 ], [ 81.3538, 27.4287 ], [ 81.3406, 27.4325 ], [ 81.3426, 27.4466 ], [ 81.323, 27.4708 ], [ 81.3262, 27.4797 ], [ 81.3232, 27.4967 ], [ 81.3104, 27.507 ], [ 81.3135, 27.5205 ], [ 81.3091, 27.5264 ], [ 81.3164, 27.5345 ], [ 81.3088, 27.5377 ], [ 81.3076, 27.5448 ], [ 81.2931, 27.5426 ], [ 81.2997, 27.5588 ], [ 81.3113, 27.5539 ], [ 81.3144, 27.557 ], [ 81.3099, 27.6002 ], [ 81.2937, 27.6111 ], [ 81.3017, 27.6346 ], [ 81.309, 27.6434 ], [ 81.3098, 27.6553 ], [ 81.3054, 27.6757 ], [ 81.2927, 27.6865 ], [ 81.2844, 27.7035 ], [ 81.2953, 27.7232 ], [ 81.3013, 27.7244 ] ] ] } },
{ "type": "Feature", "properties": { "unit_id": "IND.34.10.2_1", "unit_name": "Nanpara", "district": "Bahraich", "did": "uttar_pradesh:Bahraich", "state": "Uttar Pradesh", "state_key": "uttar_pradesh", "name_ok": true }, "geometry": { "type": "MultiPolygon", "coordinates": [ [ [ [ 81.7958, 27.9072 ], [ 81.7703, 27.9255 ], [ 81.6948, 27.9894 ], [ 81.704, 27.9865 ], [ 81.8036, 27.9053 ], [ 81.7958, 27.9072 ] ] ], [ [ [ 81.4122, 27.6815 ], [ 81.4096, 27.6842 ], [ 81.404, 27.6824 ], [ 81.3982, 27.6907 ], [ 81.4033, 27.7042 ], [ 81.3978, 27.7027 ], [ 81.3983, 27.7119 ], [ 81.3933, 27.7148 ], [ 81.3976, 27.7206 ], [ 81.3854, 27.7225 ], [ 81.3732, 27.7365 ], [ 81.376, 27.7476 ], [ 81.3838, 27.755 ], [ 81.3718, 27.7667 ], [ 81.3685, 27.7628 ], [ 81.3597, 27.7656 ], [ 81.3593, 27.7604 ], [ 81.3456, 27.7554 ], [ 81.3212, 27.7662 ], [ 81.3065, 27.7643 ], [ 81.3108, 27.7468 ], [ 81.2977, 27.7405 ], [ 81.3013, 27.7244 ], [ 81.2953, 27.7232 ], [ 81.2904, 27.7276 ], [ 81.2854, 27.7585 ], [ 81.2736, 27.7702 ], [ 81.2849, 27.7917 ], [ 81.2699, 27.811 ], [ 81.2941, 27.819 ], [ 81.2974, 27.8258 ], [ 81.2961, 27.832 ], [ 81.2832, 27.8355 ], [ 81.285, 27.8535 ], [ 81.2749, 27.8561 ], [ 81.2682, 27.8894 ], [ 81.2957, 27.9127 ], [ 81.2871, 27.9164 ], [ 81.2907, 27.9242 ], [ 81.281, 27.9374 ], [ 81.269, 27.9484 ], [ 81.2392, 27.9589 ], [ 81.2331, 27.9799 ], [ 81.2216, 27.982 ], [ 81.1559, 28.0502 ], [ 81.1546, 28.0626 ], [ 81.1475, 28.0734 ], [ 81.1762, 28.1146 ], [ 81.1753, 28.1218 ], [ 81.1212, 28.1688 ], [ 81.0906, 28.2204 ], [ 81.0575, 28.2409 ], [ 81.0496, 28.2545 ], [ 81.0506, 28.2762 ], [ 81.0246, 28.295 ], [ 81.05, 28.3484 ], [ 81.044, 28.3637 ], [ 81.0261, 28.3713 ], [ 81.0254, 28.3781 ], [ 81.0466, 28.4095 ], [ 81.0815, 28.3848 ], [ 81.2151, 28.3582 ], [ 81.2363, 28.3246 ], [ 81.2345, 28.2889 ], [ 81.2822, 28.2347 ], [ 81.3224, 28.1972 ], [ 81.3202, 28.1823 ], [ 81.3265, 28.1749 ], [ 81.323, 28.1687 ], [ 81.3038, 28.1669 ], [ 81.3125, 28.1555 ], [ 81.3219, 28.1601 ], [ 81.3297, 28.1482 ], [ 81.3201, 28.1451 ], [ 81.3172, 28.1369 ], [ 81.3198, 28.1334 ], [ 81.3362, 28.1401 ], [ 81.3731, 28.1422 ], [ 81.3802, 28.1554 ], [ 81.3705, 28.1608 ], [ 81.3687, 28.1659 ], [ 81.3769, 28.1769 ], [ 81.4283, 28.1706 ], [ 81.4488, 28.1602 ], [ 81.4518, 28.1408 ], [ 81.4858, 28.1181 ], [ 81.4816, 28.11 ], [ 81.4802, 28.0825 ], [ 81.6189, 28.0103 ], [ 81.6259, 28.0015 ], [ 81.65, 27.9933 ], [ 81.6141, 27.9437 ], [ 81.553, 27.9437 ], [ 81.5184, 27.949 ], [ 81.4838, 27.9411 ], [ 81.4812, 27.9038 ], [ 81.4865, 27.8852 ], [ 81.5211, 27.8427 ], [ 81.529, 27.8054 ], [ 81.5689, 27.7842 ], [ 81.5902, 27.7629 ], [ 81.553, 27.7389 ], [ 81.5556, 27.7177 ], [ 81.589, 27.6869 ], [ 81.5749, 27.6687 ], [ 81.5637, 27.6586 ], [ 81.5571, 27.6572 ], [ 81.5462, 27.6813 ], [ 81.5323, 27.6903 ], [ 81.5358, 27.6978 ], [ 81.5468, 27.6974 ], [ 81.5505, 27.7031 ], [ 81.5424, 27.7132 ], [ 81.5431, 27.7211 ], [ 81.5339, 27.7176 ], [ 81.517, 27.7294 ], [ 81.5064, 27.7153 ], [ 81.4909, 27.7216 ], [ 81.4831, 27.7207 ], [ 81.4901, 27.7143 ], [ 81.4894, 27.7018 ], [ 81.4835, 27.7032 ], [ 81.4816, 27.7079 ], [ 81.4766, 27.7035 ], [ 81.4743, 27.7054 ], [ 81.4751, 27.7213 ], [ 81.4651, 27.7097 ], [ 81.4655, 27.7002 ], [ 81.4526, 27.6975 ], [ 81.4492, 27.6827 ], [ 81.4432, 27.6838 ], [ 81.4366, 27.6802 ], [ 81.427, 27.6869 ], [ 81.4122, 27.6815 ] ] ] ] } },
{ "type": "Feature", "properties": { "unit_id": "IND.34.11.1_1", "unit_name": "Ballia", "district": "Ballia", "did": "uttar_pradesh:Ballia", "state": "Uttar Pradesh", "state_key": "uttar_pradesh", "name_ok": true }, "geometry": { "type": "Polygon", "coordinates": [ [ [ 84.5556, 25.7364 ], [ 84.5586, 25.701 ], [ 84.5523, 25.684 ], [ 84.5314, 25.6928 ], [ 84.5359, 25.7265 ], [ 84.5305, 25.7246 ], [ 84.5279, 25.7154 ], [ 84.5246, 25.6844 ], [ 84.5164, 25.6777 ], [ 84.5058, 25.6823 ], [ 84.499, 25.6774 ], [ 84.4884, 25.6779 ], [ 84.4893, 25.6911 ], [ 84.4665, 25.6855 ], [ 84.4603, 25.6907 ], [ 84.4632, 25.6986 ], [ 84.4588, 25.6984 ], [ 84.4552, 25.7103 ], [ 84.449, 25.7114 ], [ 84.4488, 25.7145 ], [ 84.4386, 25.7107 ], [ 84.4242, 25.7117 ], [ 84.4236, 25.6951 ], [ 84.4019, 25.6995 ], [ 84.3971, 25.7091 ], [ 84.4004, 25.7169 ], [ 84.3936, 25.7289 ], [ 84.3812, 25.7343 ], [ 84.3885, 25.7443 ], [ 84.38, 25.7487 ], [ 84.3676, 25.7417 ], [ 84.3717, 25.7383 ], [ 84.3695, 25.736 ], [ 84.3544, 25.7436 ], [ 84.3313, 25.7446 ], [ 84.3244, 25.7333 ], [ 84.3186, 25.6719 ], [ 84.3134, 25.6689 ], [ 84.3121, 25.6724 ], [ 84.2988, 25.6718 ], [ 84.2921, 25.677 ], [ 84.2836, 25.6771 ], [ 84.2822, 25.6746 ], [ 84.2928, 25.6685 ], [ 84.2856, 25.6615 ], [ 84.2171, 25.6641 ], [ 84.2029, 25.6696 ], [ 84.1995, 25.6723 ], [ 84.1943, 25.7034 ], [ 84.1482, 25.731 ], [ 84.1445, 25.7206 ], [ 84.1357, 25.7169 ], [ 84.1265, 25.7185 ], [ 84.1315, 25.7239 ], [ 84.1368, 25.7238 ], [ 84.1351, 25.7316 ], [ 84.1231, 25.7239 ], [ 84.0944, 25.7204 ], [ 84.0829, 25.7127 ], [ 84.0696, 25.6956 ], [ 84.0797, 25.6527 ], [ 84.0765, 25.6375 ], [ 84.0142, 25.6161 ], [ 83.9443, 25.5673 ], [ 83.921, 25.5617 ], [ 83.9251, 25.5704 ], [ 83.9253, 25.5884 ], [ 83.935, 25.582 ], [ 83.9375, 25.5921 ], [ 83.9294, 25.6146 ], [ 83.9209, 25.6219 ], [ 83.9151, 25.6381 ], [ 83.9244, 25.6424 ], [ 83.9395, 25.6775 ], [ 83.9503, 25.6802 ], [ 83.9554, 25.6903 ], [ 83.9529, 25.6923 ], [ 83.9448, 25.6881 ], [ 83.9448, 25.7047 ], [ 83.928, 25.7114 ], [ 83.9338, 25.7249 ], [ 83.9448, 25.7235 ], [ 83.9542, 25.7312 ], [ 83.9424, 25.7386 ], [ 83.9418, 25.7437 ], [ 83.947, 25.748 ], [ 83.9407, 25.7525 ], [ 83.9421, 25.7585 ], [ 83.9314, 25.7636 ], [ 83.9333, 25.7723 ], [ 83.9376, 25.7796 ], [ 83.9446, 25.7813 ], [ 83.9514, 25.7727 ], [ 83.9624, 25.7745 ], [ 83.9657, 25.7829 ], [ 83.9611, 25.7882 ], [ 83.964, 25.7955 ], [ 83.9719, 25.7943 ], [ 83.9767, 25.799 ], [ 83.9728, 25.8072 ], [ 83.9742, 25.8255 ], [ 83.9826, 25.8257 ], [ 83.985, 25.818 ], [ 83.9936, 25.8177 ], [ 83.9964, 25.8274 ], [ 83.9934, 25.8324 ], [ 84.0125, 25.8301 ], [ 84.0078, 25.8395 ], [ 84.0349, 25.8434 ], [ 84.0255, 25.8509 ], [ 84.0335, 25.862 ], [ 84.0221, 25.87 ], [ 84.0215, 25.8816 ], [ 84.0071, 25.8919 ], [ 83.9945, 25.9125 ], [ 83.9954, 25.9278 ], [ 84.0124, 25.9253 ], [ 84.0258, 25.9175 ], [ 84.0379, 25.9272 ], [ 84.0774, 25.9213 ], [ 84.0975, 25.9135 ], [ 84.0956, 25.9047 ], [ 84.0891, 25.8981 ], [ 84.102, 25.8917 ], [ 84.1038, 25.8803 ], [ 84.1007, 25.8761 ], [ 84.0954, 25.8799 ], [ 84.0799, 25.8817 ], [ 84.0767, 25.8757 ], [ 84.0724, 25.8763 ], [ 84.0603, 25.8562 ], [ 84.0487, 25.848 ], [ 84.0568, 25.8451 ], [ 84.057, 25.8479 ], [ 84.0654, 25.8484 ], [ 84.0676, 25.842 ], [ 84.0725, 25.843 ], [ 84.0733, 25.8498 ], [ 84.0798, 25.8454 ], [ 84.0867, 25.8459 ], [ 84.0851, 25.8373 ], [ 84.1101, 25.8412 ], [ 84.1182, 25.8396 ], [ 84.1242, 25.8458 ], [ 84.1502, 25.8469 ], [ 84.152, 25.863 ], [ 84.1653, 25.8661 ], [ 84.1738, 25.8644 ], [ 84.191, 25.8554 ], [ 84.1839, 25.8503 ], [ 84.1708, 25.853 ], [ 84.1792, 25.847 ], [ 84.1966, 25.8435 ], [ 84.1991, 25.8393 ], [ 84.1946, 25.8322 ], [ 84.1957, 25.8246 ], [ 84.2, 25.8231 ], [ 84.2038, 25.827 ], [ 84.2038, 25.8197 ], [ 84.2133, 25.8192 ], [ 84.2224, 25.8304 ], [ 84.2341, 25.8308 ], [ 84.2752, 25.7988 ], [ 84.3003, 25.7879 ], [ 84.3068, 25.7895 ], [ 84.3058, 25.7982 ], [ 84.313, 25.8012 ], [ 84.3166, 25.8093 ], [ 84.3381, 25.8014 ], [ 84.3621, 25.8058 ], [ 84.372, 25.8025 ], [ 84.386, 25.7956 ], [ 84.3846, 25.7844 ], [ 84.3928, 25.786 ], [ 84.3982, 25.794 ], [ 84.4278, 25.7987 ], [ 84.4323, 25.8005 ], [ 84.4324, 25.8165 ], [ 84.395, 25.8292 ], [ 84.3971, 25.8378 ], [ 84.4032, 25.8432 ], [ 84.4186, 25.8483 ], [ 84.4288, 25.8471 ], [ 84.4472, 25.8584 ], [ 84.4708, 25.8471 ], [ 84.495, 25.8414 ], [ 84.5065, 25.8724 ], [ 84.5286, 25.8777 ], [ 84.5406, 25.8621 ], [ 84.5283, 25.8647 ], [ 84.52, 25.8612 ], [ 84.5263, 25.8554 ], [ 84.527, 25.8343 ], [ 84.5443, 25.83 ], [ 84.5469, 25.8413 ], [ 84.5565, 25.8375 ], [ 84.5872, 25.8196 ], [ 84.6211, 25.7924 ], [ 84.6208, 25.7724 ], [ 84.6147, 25.7724 ], [ 84.6101, 25.7773 ], [ 84.6029, 25.7724 ], [ 84.6005, 25.7606 ], [ 84.6223, 25.7473 ], [ 84.6306, 25.7283 ], [ 84.6131, 25.7307 ], [ 84.5955, 25.7391 ], [ 84.5556, 25.7364 ] ] ] } },
{ "type": "Feature", "properties": { "unit_id": "IND.34.11.2_1", "unit_name": "Bansdih", "district": "Ballia", "did": "uttar_pradesh:Ballia", "state": "Uttar Pradesh", "state_key": "uttar_pradesh", "name_ok": true }, "geometry": { "type": "Polygon", "coordinates": [ [ [ 84.4611, 25.8887 ], [ 84.4666, 25.8837 ], [ 84.4853, 25.8892 ], [ 84.5065, 25.8724 ], [ 84.495, 25.8414 ], [ 84.4708, 25.8471 ], [ 84.4472, 25.8584 ], [ 84.4288, 25.8471 ], [ 84.4186, 25.8483 ], [ 84.4032, 25.8432 ], [ 84.3971, 25.8378 ], [ 84.395, 25.8292 ], [ 84.4298, 25.8186 ], [ 84.4323, 25.8005 ], [ 84.3982, 25.794 ], [ 84.3928, 25.786 ], [ 84.3846, 25.7844 ], [ 84.386, 25.7956 ], [ 84.372, 25.8025 ], [ 84.3621, 25.8058 ], [ 84.3381, 25.8014 ], [ 84.3166, 25.8093 ], [ 84.313, 25.8012 ], [ 84.3058, 25.7982 ], [ 84.3068, 25.7895 ], [ 84.2952, 25.7885 ], [ 84.2752, 25.7988 ], [ 84.2443, 25.8248 ], [ 84.2274, 25.8322 ], [ 84.2133, 25.8192 ], [ 84.2038, 25.8197 ], [ 84.2038, 25.827 ], [ 84.2, 25.8231 ], [ 84.1957, 25.8246 ], [ 84.1946, 25.8322 ], [ 84.1991, 25.8393 ], [ 84.1966, 25.8435 ], [ 84.1792, 25.847 ], [ 84.1708, 25.853 ], [ 84.1839, 25.8503 ], [ 84.191, 25.8554 ], [ 84.1653, 25.8661 ], [ 84.152, 25.863 ], [ 84.1502, 25.8469 ], [ 84.1242, 25.8458 ], [ 84.1182, 25.8396 ], [ 84.1101, 25.8412 ], [ 84.0851, 25.8373 ], [ 84.0867, 25.8459 ], [ 84.0798, 25.8454 ], [ 84.0733, 25.8498 ], [ 84.0725, 25.843 ], [ 84.0676, 25.842 ], [ 84.0654, 25.8484 ], [ 84.057, 25.8479 ], [ 84.0568, 25.8451 ], [ 84.0487, 25.848 ], [ 84.0603, 25.8562 ], [ 84.0724, 25.8763 ], [ 84.0767, 25.8757 ], [ 84.0799, 25.8817 ], [ 84.0954, 25.8799 ], [ 84.1007, 25.8761 ], [ 84.1038, 25.8803 ], [ 84.102, 25.8917 ], [ 84.0891, 25.8981 ], [ 84.0956, 25.9047 ], [ 84.0975, 25.9135 ], [ 84.0774, 25.9213 ], [ 84.0379, 25.9272 ], [ 84.0258, 25.9175 ], [ 84.0124, 25.9253 ], [ 83.9954, 25.9278 ], [ 83.9945, 25.9125 ], [ 83.9739, 25.91 ], [ 83.9659, 25.9103 ], [ 83.965, 25.9139 ], [ 83.9481, 25.9138 ], [ 83.9494, 25.9294 ], [ 83.9613, 25.9563 ], [ 83.9476, 25.9737 ], [ 83.9545, 25.974 ], [ 83.9589, 25.9884 ], [ 83.946, 25.9939 ], [ 83.9408, 26.0027 ], [ 83.9421, 26.0142 ], [ 83.9515, 26.0284 ], [ 83.9402, 26.0356 ], [ 83.9301, 26.0263 ], [ 83.9248, 26.0268 ], [ 83.9162, 26.0362 ], [ 83.921, 26.0514 ], [ 83.9141, 26.0577 ], [ 83.9183, 26.0661 ], [ 83.9332, 26.0742 ], [ 83.9328, 26.0864 ], [ 83.9265, 26.0911 ], [ 83.9387, 26.11 ], [ 83.9326, 26.1281 ], [ 83.9553, 26.1341 ], [ 83.9714, 26.1185 ], [ 83.991, 26.1183 ], [ 83.9988, 26.1135 ], [ 84.0095, 26.1156 ], [ 84.0299, 26.0986 ], [ 84.0471, 26.0931 ], [ 84.0491, 26.0997 ], [ 84.0811, 26.0998 ], [ 84.091, 26.0965 ], [ 84.1161, 26.0749 ], [ 84.1367, 26.047 ], [ 84.1673, 26.0255 ], [ 84.1662, 25.9915 ], [ 84.1702, 25.9917 ], [ 84.1724, 25.9988 ], [ 84.1923, 25.9895 ], [ 84.2018, 26.0006 ], [ 84.2352, 25.986 ], [ 84.2446, 25.9768 ], [ 84.2963, 25.947 ], [ 84.3093, 25.9469 ], [ 84.3514, 25.9593 ], [ 84.3863, 25.9382 ], [ 84.4083, 25.9314 ], [ 84.4242, 25.8983 ], [ 84.4233, 25.8924 ], [ 84.4611, 25.8887 ] ] ] } },
{ "type": "Feature", "properties": { "unit_id": "IND.34.11.3_1", "unit_name": "Rasra", "district": "Ballia", "did": "uttar_pradesh:Ballia", "state": "Uttar Pradesh", "state_key": "uttar_pradesh", "name_ok": true }, "geometry": { "type": "Polygon", "coordinates": [ [ [ 84.0071, 25.8919 ], [ 84.0215, 25.8816 ], [ 84.0221, 25.87 ], [ 84.0335, 25.862 ], [ 84.0255, 25.8509 ], [ 84.0349, 25.8434 ], [ 84.0078, 25.8395 ], [ 84.0125, 25.8301 ], [ 83.9934, 25.8324 ], [ 83.9964, 25.8274 ], [ 83.9936, 25.8177 ], [ 83.985, 25.818 ], [ 83.9826, 25.8257 ], [ 83.9742, 25.8255 ], [ 83.9728, 25.8072 ], [ 83.9767, 25.799 ], [ 83.9719, 25.7943 ], [ 83.964, 25.7955 ], [ 83.9611, 25.7882 ], [ 83.9657, 25.7829 ], [ 83.9624, 25.7745 ], [ 83.9514, 25.7727 ], [ 83.9476, 25.7793 ], [ 83.94, 25.7808 ], [ 83.9314, 25.7636 ], [ 83.9182, 25.7683 ], [ 83.9166, 25.7578 ], [ 83.9068, 25.75 ], [ 83.9015, 25.7541 ], [ 83.9085, 25.7611 ], [ 83.9003, 25.7664 ], [ 83.8945, 25.7586 ], [ 83.8751, 25.7651 ], [ 83.8697, 25.7775 ], [ 83.8613, 25.78 ], [ 83.8545, 25.795 ], [ 83.8492, 25.7985 ], [ 83.8431, 25.7883 ], [ 83.8318, 25.7934 ], [ 83.8338, 25.7819 ], [ 83.8296, 25.782 ], [ 83.8258, 25.7904 ], [ 83.8044, 25.7751 ], [ 83.804, 25.7797 ], [ 83.8114, 25.7874 ], [ 83.7908, 25.8041 ], [ 83.7942, 25.8086 ], [ 83.7922, 25.8141 ], [ 83.779, 25.8099 ], [ 83.7508, 25.8307 ], [ 83.7387, 25.8437 ], [ 83.7394, 25.8582 ], [ 83.7351, 25.8556 ], [ 83.7346, 25.8484 ], [ 83.7215, 25.8511 ], [ 83.7239, 25.8586 ], [ 83.7383, 25.8718 ], [ 83.7388, 25.8846 ], [ 83.7613, 25.9045 ], [ 83.7744, 25.9077 ], [ 83.7898, 25.925 ], [ 83.7896, 25.9332 ], [ 83.7765, 25.9371 ], [ 83.7787, 25.947 ], [ 83.7749, 25.9505 ], [ 83.7888, 25.9889 ], [ 83.785, 25.9918 ], [ 83.7828, 25.9877 ], [ 83.7761, 25.9883 ], [ 83.7688, 25.9802 ], [ 83.7659, 25.9834 ], [ 83.7712, 25.9953 ], [ 83.7656, 26.004 ], [ 83.7517, 26.0002 ], [ 83.7291, 26.0095 ], [ 83.7168, 26.0089 ], [ 83.7, 26.0136 ], [ 83.6954, 26.0072 ], [ 83.6805, 26.012 ], [ 83.6686, 26.026 ], [ 83.6744, 26.0567 ], [ 83.6809, 26.0603 ], [ 83.6737, 26.0779 ], [ 83.6849, 26.0786 ], [ 83.6965, 26.0927 ], [ 83.7057, 26.0976 ], [ 83.7122, 26.0917 ], [ 83.7218, 26.0924 ], [ 83.7286, 26.0857 ], [ 83.7356, 26.0912 ], [ 83.7482, 26.089 ], [ 83.7461, 26.0992 ], [ 83.7589, 26.0964 ], [ 83.7556, 26.1028 ], [ 83.7865, 26.1103 ], [ 83.7988, 26.1418 ], [ 83.7724, 26.163 ], [ 83.8013, 26.1813 ], [ 83.8022, 26.1932 ], [ 83.8181, 26.1908 ], [ 83.8317, 26.1943 ], [ 83.8546, 26.1875 ], [ 83.8583, 26.1676 ], [ 83.8731, 26.1454 ], [ 83.8897, 26.1295 ], [ 83.9162, 26.1233 ], [ 83.9326, 26.1281 ], [ 83.9387, 26.11 ], [ 83.9265, 26.0911 ], [ 83.9328, 26.0864 ], [ 83.9332, 26.0742 ], [ 83.9183, 26.0661 ], [ 83.9141, 26.0577 ], [ 83.921, 26.0514 ], [ 83.9162, 26.0362 ], [ 83.9248, 26.0268 ], [ 83.9301, 26.0263 ], [ 83.9402, 26.0356 ], [ 83.9515, 26.0284 ], [ 83.9421, 26.0142 ], [ 83.9408, 26.0027 ], [ 83.946, 25.9939 ], [ 83.9589, 25.9884 ], [ 83.9545, 25.974 ], [ 83.9476, 25.9737 ], [ 83.9613, 25.9563 ], [ 83.9494, 25.9294 ], [ 83.9481, 25.9138 ], [ 83.965, 25.9139 ], [ 83.9659, 25.9103 ], [ 83.9739, 25.91 ], [ 83.9945, 25.9125 ], [ 84.0071, 25.8919 ] ] ] } },
{ "type": "Feature", "properties": { "unit_id": "IND.34.12.1_1", "unit_name": "Balrampur", "district": "Balrampur", "did": "uttar_pradesh:Balrampur", "state": "Uttar Pradesh", "state_key": "uttar_pradesh", "name_ok": true }, "geometry": { "type": "Polygon", "coordinates": [ [ [ 82.73, 27.5059 ], [ 82.7105, 27.4706 ], [ 82.7141, 27.4654 ], [ 82.7265, 27.4638 ], [ 82.7502, 27.436 ], [ 82.7562, 27.4193 ], [ 82.7502, 27.4137 ], [ 82.74, 27.4134 ], [ 82.7294, 27.4229 ], [ 82.7225, 27.4111 ], [ 82.72, 27.4183 ], [ 82.7107, 27.4068 ], [ 82.7059, 27.4115 ], [ 82.7113, 27.4198 ], [ 82.7045, 27.4187 ], [ 82.6978, 27.4278 ], [ 82.6991, 27.4153 ], [ 82.6889, 27.4249 ], [ 82.6899, 27.4136 ], [ 82.6859, 27.413 ], [ 82.6826, 27.4187 ], [ 82.6782, 27.4163 ], [ 82.6712, 27.4188 ], [ 82.6588, 27.4109 ], [ 82.6454, 27.409 ], [ 82.644, 27.4146 ], [ 82.6582, 27.4149 ], [ 82.6626, 27.4181 ], [ 82.6602, 27.4222 ], [ 82.6511, 27.4158 ], [ 82.6473, 27.4185 ], [ 82.6302, 27.4131 ], [ 82.6256, 27.418 ], [ 82.6174, 27.4092 ], [ 82.6147, 27.4094 ], [ 82.6184, 27.4169 ], [ 82.6127, 27.4125 ], [ 82.6098, 27.4237 ], [ 82.597, 27.4239 ], [ 82.5895, 27.4177 ], [ 82.5888, 27.4258 ], [ 82.5779, 27.4233 ], [ 82.5767, 27.4304 ], [ 82.5681, 27.4305 ], [ 82.5688, 27.4238 ], [ 82.561, 27.4227 ], [ 82.5639, 27.4132 ], [ 82.5554, 27.4035 ], [ 82.5467, 27.4032 ], [ 82.5444, 27.3913 ], [ 82.5393, 27.3915 ], [ 82.5326, 27.3766 ], [ 82.5245, 27.3708 ], [ 82.5167, 27.376 ], [ 82.5121, 27.3688 ], [ 82.5, 27.3748 ], [ 82.4831, 27.3639 ], [ 82.4788, 27.355 ], [ 82.4839, 27.3434 ], [ 82.4732, 27.335 ], [ 82.4613, 27.3316 ], [ 82.4665, 27.3257 ], [ 82.482, 27.3268 ], [ 82.4908, 27.3318 ], [ 82.5014, 27.3273 ], [ 82.5036, 27.3176 ], [ 82.4892, 27.3233 ], [ 82.4796, 27.3166 ], [ 82.4761, 27.3058 ], [ 82.4795, 27.2998 ], [ 82.5063, 27.3111 ], [ 82.5054, 27.3069 ], [ 82.4818, 27.2932 ], [ 82.4814, 27.2859 ], [ 82.5018, 27.2846 ], [ 82.4952, 27.2646 ], [ 82.5133, 27.2669 ], [ 82.5169, 27.2593 ], [ 82.4984, 27.2565 ], [ 82.4887, 27.2447 ], [ 82.5134, 27.2393 ], [ 82.5034, 27.2182 ], [ 82.5129, 27.2217 ], [ 82.5223, 27.2193 ], [ 82.5455, 27.2227 ], [ 82.5466, 27.2127 ], [ 82.5379, 27.2125 ], [ 82.5371, 27.2085 ], [ 82.5524, 27.2028 ], [ 82.5595, 27.1908 ], [ 82.548, 27.1867 ], [ 82.5231, 27.1899 ], [ 82.5147, 27.1869 ], [ 82.5097, 27.1803 ], [ 82.5048, 27.1831 ], [ 82.5004, 27.196 ], [ 82.4736, 27.2085 ], [ 82.4395, 27.19 ], [ 82.4295, 27.1777 ], [ 82.4439, 27.1573 ], [ 82.4583, 27.1633 ], [ 82.4728, 27.1614 ], [ 82.4618, 27.1681 ], [ 82.464, 27.1707 ], [ 82.4723, 27.17 ], [ 82.4716, 27.1728 ], [ 82.4758, 27.1688 ], [ 82.4804, 27.1709 ], [ 82.4791, 27.1663 ], [ 82.4846, 27.1653 ], [ 82.4864, 27.161 ], [ 82.4719, 27.1558 ], [ 82.4616, 27.1227 ], [ 82.4306, 27.0711 ], [ 82.3893, 27.0505 ], [ 82.3398, 27.1 ], [ 82.2572, 27.1475 ], [ 82.2291, 27.1539 ], [ 82.2331, 27.1619 ], [ 82.226, 27.1614 ], [ 82.2175, 27.1778 ], [ 82.2284, 27.2164 ], [ 82.2349, 27.2215 ], [ 82.2362, 27.2286 ], [ 82.2619, 27.243 ], [ 82.2702, 27.2392 ], [ 82.2855, 27.2222 ], [ 82.292, 27.2223 ], [ 82.297, 27.2292 ], [ 82.2971, 27.2379 ], [ 82.2851, 27.246 ], [ 82.2862, 27.254 ], [ 82.2765, 27.2548 ], [ 82.277, 27.2609 ], [ 82.2648, 27.2587 ], [ 82.2638, 27.2677 ], [ 82.2445, 27.273 ], [ 82.2451, 27.2824 ], [ 82.2275, 27.2905 ], [ 82.2144, 27.3037 ], [ 82.1939, 27.3103 ], [ 82.1967, 27.3164 ], [ 82.1843, 27.3195 ], [ 82.1803, 27.3255 ], [ 82.1746, 27.3228 ], [ 82.1647, 27.3319 ], [ 82.1625, 27.3291 ], [ 82.1508, 27.3318 ], [ 82.1447, 27.329 ], [ 82.1336, 27.3426 ], [ 82.1377, 27.3511 ], [ 82.1294, 27.3675 ], [ 82.1208, 27.3756 ], [ 82.1014, 27.3811 ], [ 82.1017, 27.3866 ], [ 82.1113, 27.3957 ], [ 82.1083, 27.4103 ], [ 82.0986, 27.4123 ], [ 82.0913, 27.4015 ], [ 82.0795, 27.408 ], [ 82.0731, 27.4003 ], [ 82.0681, 27.4033 ], [ 82.0654, 27.4118 ], [ 82.0751, 27.428 ], [ 82.0605, 27.4316 ], [ 82.0638, 27.4454 ], [ 82.0561, 27.4462 ], [ 82.0455, 27.4552 ], [ 82.0504, 27.5027 ], [ 82.0432, 27.5063 ], [ 82.0434, 27.5258 ], [ 82.0349, 27.5389 ], [ 82.0454, 27.5401 ], [ 82.0453, 27.5434 ], [ 82.0332, 27.5491 ], [ 82.0453, 27.5584 ], [ 82.0392, 27.5679 ], [ 82.0322, 27.5548 ], [ 82.0234, 27.5573 ], [ 82.0252, 27.575 ], [ 82.0139, 27.5877 ], [ 82.0201, 27.6017 ], [ 82.025, 27.6034 ], [ 82.0344, 27.6185 ], [ 82.0457, 27.623 ], [ 82.0502, 27.6294 ], [ 82.0588, 27.6272 ], [ 82.0675, 27.6323 ], [ 82.077, 27.6435 ], [ 82.0741, 27.655 ], [ 82.0867, 27.6661 ], [ 82.0839, 27.6752 ], [ 82.0946, 27.6878 ], [ 82.1005, 27.6866 ], [ 82.1143, 27.6987 ], [ 82.119, 27.7066 ], [ 82.1173, 27.712 ], [ 82.124, 27.7169 ], [ 82.1202, 27.7201 ], [ 82.1249, 27.7332 ], [ 82.1138, 27.742 ], [ 82.1307, 27.7536 ], [ 82.1342, 27.7717 ], [ 82.1441, 27.7768 ], [ 82.1558, 27.7959 ], [ 82.1721, 27.7947 ], [ 82.1744, 27.8005 ], [ 82.1787, 27.7995 ], [ 82.1905, 27.8115 ], [ 82.198, 27.8475 ], [ 82.2102, 27.843 ], [ 82.2323, 27.8206 ], [ 82.2547, 27.8099 ], [ 82.3058, 27.7724 ], [ 82.369, 27.7424 ], [ 82.3841, 27.7205 ], [ 82.4037, 27.7025 ], [ 82.4507, 27.6786 ], [ 82.4752, 27.6763 ], [ 82.4838, 27.6827 ], [ 82.4919, 27.681 ], [ 82.5181, 27.6902 ], [ 82.5431, 27.6855 ], [ 82.5869, 27.6985 ], [ 82.5956, 27.6967 ], [ 82.607, 27.7058 ], [ 82.6208, 27.7021 ], [ 82.6298, 27.7114 ], [ 82.6404, 27.7089 ], [ 82.6572, 27.7131 ], [ 82.6662, 27.7219 ], [ 82.6684, 27.7155 ], [ 82.6827, 27.7136 ], [ 82.7012, 27.7218 ], [ 82.707, 27.7164 ], [ 82.7099, 27.7217 ], [ 82.7078, 27.7027 ], [ 82.7202, 27.6873 ], [ 82.7151, 27.6707 ], [ 82.7179, 27.6679 ], [ 82.7138, 27.6649 ], [ 82.7223, 27.6616 ], [ 82.7223, 27.6572 ], [ 82.7276, 27.6582 ], [ 82.7334, 27.6489 ], [ 82.73, 27.6454 ], [ 82.7355, 27.646 ], [ 82.7396, 27.6405 ], [ 82.737, 27.6355 ], [ 82.7401, 27.6318 ], [ 82.7356, 27.6284 ], [ 82.7386, 27.6258 ], [ 82.7328, 27.6239 ], [ 82.7386, 27.6215 ], [ 82.735, 27.6185 ], [ 82.7369, 27.6095 ], [ 82.7579, 27.5866 ], [ 82.7497, 27.5718 ], [ 82.7534, 27.5655 ], [ 82.746, 27.5612 ], [ 82.7491, 27.5549 ], [ 82.7401, 27.5519 ], [ 82.7466, 27.5339 ], [ 82.7439, 27.5319 ], [ 82.7492, 27.5314 ], [ 82.7471, 27.5288 ], [ 82.7514, 27.5226 ], [ 82.7491, 27.5194 ], [ 82.7441, 27.521 ], [ 82.7451, 27.5165 ], [ 82.7397, 27.5182 ], [ 82.737, 27.5045 ], [ 82.73, 27.5059 ] ] ] } },
{ "type": "Feature", "properties": { "unit_id": "IND.34.13.1_1", "unit_name": "Baberu", "district": "Banda", "did": "uttar_pradesh:Banda", "state": "Uttar Pradesh", "state_key": "uttar_pradesh", "name_ok": true }, "geometry": { "type": "Polygon", "coordinates": [ [ [ 80.6858, 25.6959 ], [ 80.7113, 25.6852 ], [ 80.7588, 25.6886 ], [ 80.7961, 25.7054 ], [ 80.8272, 25.7319 ], [ 80.8391, 25.7241 ], [ 80.8429, 25.7049 ], [ 80.8542, 25.6802 ], [ 80.8711, 25.6786 ], [ 80.8937, 25.6813 ], [ 80.928, 25.6915 ], [ 80.9345, 25.6896 ], [ 80.9419, 25.6732 ], [ 80.937, 25.6312 ], [ 80.9501, 25.6123 ], [ 80.9627, 25.6128 ], [ 81.0168, 25.6383 ], [ 81.0263, 25.6332 ], [ 81.0308, 25.6219 ], [ 81.0252, 25.5964 ], [ 81.0174, 25.5879 ], [ 80.9914, 25.5753 ], [ 80.9928, 25.5677 ], [ 81.0137, 25.5483 ], [ 81.0083, 25.5401 ], [ 80.9997, 25.5386 ], [ 81.0143, 25.5198 ], [ 81.0183, 25.508 ], [ 81.0087, 25.5011 ], [ 81.0024, 25.5016 ], [ 81.0034, 25.4957 ], [ 80.9914, 25.4905 ], [ 80.9903, 25.48 ], [ 80.9793, 25.4814 ], [ 80.9747, 25.467 ], [ 80.9351, 25.4734 ], [ 80.9291, 25.4671 ], [ 80.9223, 25.4463 ], [ 80.9072, 25.443 ], [ 80.8987, 25.4453 ], [ 80.8997, 25.4361 ], [ 80.8792, 25.4241 ], [ 80.8775, 25.4085 ], [ 80.867, 25.405 ], [ 80.8559, 25.3783 ], [ 80.8451, 25.3745 ], [ 80.8228, 25.3511 ], [ 80.8095, 25.351 ], [ 80.8084, 25.3468 ], [ 80.7945, 25.3403 ], [ 80.7922, 25.347 ], [ 80.7781, 25.3351 ], [ 80.7618, 25.3351 ], [ 80.7624, 25.3283 ], [ 80.7506, 25.3283 ], [ 80.7542, 25.3193 ], [ 80.7496, 25.3089 ], [ 80.7338, 25.3153 ], [ 80.7283, 25.3278 ], [ 80.7082, 25.3314 ], [ 80.7, 25.3258 ], [ 80.6872, 25.3295 ], [ 80.6828, 25.3159 ], [ 80.6734, 25.3132 ], [ 80.6669, 25.302 ], [ 80.6453, 25.2985 ], [ 80.6323, 25.3007 ], [ 80.6223, 25.3072 ], [ 80.6156, 25.3262 ], [ 80.6186, 25.3375 ], [ 80.6151, 25.3412 ], [ 80.591, 25.3405 ], [ 80.5772, 25.3334 ], [ 80.5727, 25.3393 ], [ 80.5519, 25.3416 ], [ 80.5443, 25.3461 ], [ 80.5378, 25.4006 ], [ 80.5295, 25.4033 ], [ 80.5421, 25.4198 ], [ 80.5435, 25.4301 ], [ 80.5364, 25.4302 ], [ 80.5325, 25.4347 ], [ 80.5309, 25.447 ], [ 80.5265, 25.4476 ], [ 80.5213, 25.4425 ], [ 80.5194, 25.4445 ], [ 80.516, 25.4627 ], [ 80.5118, 25.4659 ], [ 80.487, 25.4701 ], [ 80.4959, 25.4921 ], [ 80.4973, 25.5088 ], [ 80.5076, 25.5134 ], [ 80.5295, 25.5368 ], [ 80.5456, 25.5684 ], [ 80.5608, 25.5877 ], [ 80.5703, 25.5963 ], [ 80.5751, 25.5952 ], [ 80.5813, 25.6003 ], [ 80.6227, 25.613 ], [ 80.6207, 25.6287 ], [ 80.6297, 25.6523 ], [ 80.6344, 25.6571 ], [ 80.6603, 25.6597 ], [ 80.6616, 25.6689 ], [ 80.6554, 25.6831 ], [ 80.6696, 25.698 ], [ 80.6858, 25.6959 ] ] ] } },
{ "type": "Feature", "properties": { "unit_id": "IND.34.13.2_1", "unit_name": "Banda", "district": "Banda", "did": "uttar_pradesh:Banda", "state": "Uttar Pradesh", "state_key": "uttar_pradesh", "name_ok": true }, "geometry": { "type": "Polygon", "coordinates": [ [ [ 80.2737, 25.425 ], [ 80.2559, 25.4287 ], [ 80.2452, 25.4049 ], [ 80.2296, 25.4109 ], [ 80.2114, 25.4039 ], [ 80.2024, 25.4067 ], [ 80.1939, 25.4162 ], [ 80.1888, 25.4064 ], [ 80.1879, 25.3836 ], [ 80.1592, 25.3776 ], [ 80.1591, 25.3662 ], [ 80.1371, 25.3557 ], [ 80.1233, 25.3384 ], [ 80.0961, 25.3516 ], [ 80.1162, 25.3796 ], [ 80.1334, 25.3883 ], [ 80.1224, 25.3914 ], [ 80.1263, 25.4026 ], [ 80.142, 25.4022 ], [ 80.1396, 25.4119 ], [ 80.1328, 25.4154 ], [ 80.1222, 25.4109 ], [ 80.113, 25.4121 ], [ 80.1312, 25.461 ], [ 80.1413, 25.4622 ], [ 80.1825, 25.4466 ], [ 80.187, 25.454 ], [ 80.1856, 25.4716 ], [ 80.1976, 25.4882 ], [ 80.2029, 25.4746 ], [ 80.216, 25.4752 ], [ 80.2029, 25.4976 ], [ 80.2101, 25.4991 ], [ 80.2148, 25.5052 ], [ 80.216, 25.512 ], [ 80.2102, 25.5174 ], [ 80.2118, 25.5298 ], [ 80.1981, 25.5315 ], [ 80.2062, 25.5589 ], [ 80.2247, 25.5643 ], [ 80.2443, 25.592 ], [ 80.2691, 25.5855 ], [ 80.2822, 25.6118 ], [ 80.2679, 25.6247 ], [ 80.2748, 25.6314 ], [ 80.2973, 25.638 ], [ 80.3089, 25.6497 ], [ 80.3067, 25.6658 ], [ 80.2959, 25.6863 ], [ 80.2956, 25.6979 ], [ 80.3124, 25.7134 ], [ 80.3272, 25.7122 ], [ 80.3408, 25.7052 ], [ 80.3426, 25.7098 ], [ 80.3389, 25.7214 ], [ 80.3204, 25.7371 ], [ 80.3174, 25.7476 ], [ 80.2965, 25.7659 ], [ 80.2677, 25.7726 ], [ 80.2533, 25.7919 ], [ 80.2271, 25.7978 ], [ 80.2229, 25.8024 ], [ 80.2443, 25.8149 ], [ 80.2537, 25.8105 ], [ 80.2694, 25.823 ], [ 80.2784, 25.8176 ], [ 80.286, 25.8223 ], [ 80.2894, 25.8248 ], [ 80.2824, 25.8401 ], [ 80.2865, 25.8447 ], [ 80.2986, 25.8498 ], [ 80.323, 25.8504 ], [ 80.3367, 25.8707 ], [ 80.3414, 25.8707 ], [ 80.3415, 25.9036 ], [ 80.3807, 25.9155 ], [ 80.4482, 25.9034 ], [ 80.4977, 25.8827 ], [ 80.5234, 25.8794 ], [ 80.5477, 25.8714 ], [ 80.5401, 25.8486 ], [ 80.5271, 25.8399 ], [ 80.4627, 25.8354 ], [ 80.4556, 25.8271 ], [ 80.4606, 25.8148 ], [ 80.4904, 25.7912 ], [ 80.5147, 25.7814 ], [ 80.5677, 25.7876 ], [ 80.5715, 25.7847 ], [ 80.566, 25.7661 ], [ 80.5471, 25.7393 ], [ 80.5516, 25.7309 ], [ 80.5912, 25.7121 ], [ 80.6455, 25.7063 ], [ 80.6696, 25.698 ], [ 80.6554, 25.6831 ], [ 80.6616, 25.6689 ], [ 80.6603, 25.6597 ], [ 80.6344, 25.6571 ], [ 80.6297, 25.6523 ], [ 80.6207, 25.6287 ], [ 80.6227, 25.613 ], [ 80.5813, 25.6003 ], [ 80.5751, 25.5952 ], [ 80.5703, 25.5963 ], [ 80.5456, 25.5684 ], [ 80.5295, 25.5368 ], [ 80.5076, 25.5134 ], [ 80.4973, 25.5088 ], [ 80.4959, 25.4921 ], [ 80.4793, 25.4496 ], [ 80.4718, 25.454 ], [ 80.4603, 25.4505 ], [ 80.4516, 25.4356 ], [ 80.431, 25.4139 ], [ 80.4143, 25.4187 ], [ 80.4023, 25.405 ], [ 80.3907, 25.4012 ], [ 80.3805, 25.4034 ], [ 80.3598, 25.3854 ], [ 80.3536, 25.3846 ], [ 80.3486, 25.3731 ], [ 80.3419, 25.3701 ], [ 80.3322, 25.3732 ], [ 80.3367, 25.3931 ], [ 80.3319, 25.3973 ], [ 80.3231, 25.395 ], [ 80.3184, 25.3996 ], [ 80.3086, 25.3923 ], [ 80.2737, 25.425 ] ] ] } },
{ "type": "Feature", "properties": { "unit_id": "IND.34.13.3_1", "unit_name": "Naraini", "district": "Banda", "did": "uttar_pradesh:Banda", "state": "Uttar Pradesh", "state_key": "uttar_pradesh", "name_ok": true }, "geometry": { "type": "Polygon", "coordinates": [ [ [ 80.2778, 25.044 ], [ 80.282, 25.0632 ], [ 80.3105, 25.082 ], [ 80.3133, 25.1012 ], [ 80.3441, 25.1249 ], [ 80.3513, 25.1449 ], [ 80.3868, 25.1629 ], [ 80.4155, 25.1653 ], [ 80.4237, 25.1741 ], [ 80.4181, 25.1919 ], [ 80.4017, 25.221 ], [ 80.3991, 25.243 ], [ 80.3907, 25.2457 ], [ 80.378, 25.2375 ], [ 80.3577, 25.2511 ], [ 80.341, 25.2786 ], [ 80.312, 25.2822 ], [ 80.304, 25.2889 ], [ 80.3027, 25.297 ], [ 80.3107, 25.3107 ], [ 80.3117, 25.3342 ], [ 80.3026, 25.3583 ], [ 80.3132, 25.3723 ], [ 80.3086, 25.3923 ], [ 80.3184, 25.3996 ], [ 80.3199, 25.3959 ], [ 80.3319, 25.3973 ], [ 80.3367, 25.3931 ], [ 80.3322, 25.3732 ], [ 80.3419, 25.3701 ], [ 80.3486, 25.3731 ], [ 80.3536, 25.3846 ], [ 80.3598, 25.3854 ], [ 80.3805, 25.4034 ], [ 80.3907, 25.4012 ], [ 80.4023, 25.405 ], [ 80.4143, 25.4187 ], [ 80.431, 25.4139 ], [ 80.4516, 25.4356 ], [ 80.4603, 25.4505 ], [ 80.4718, 25.454 ], [ 80.4793, 25.4496 ], [ 80.487, 25.4701 ], [ 80.5118, 25.4659 ], [ 80.516, 25.4627 ], [ 80.5194, 25.4445 ], [ 80.5213, 25.4425 ], [ 80.5265, 25.4476 ], [ 80.5309, 25.447 ], [ 80.5325, 25.4347 ], [ 80.5364, 25.4302 ], [ 80.5435, 25.4301 ], [ 80.5421, 25.4198 ], [ 80.5295, 25.4033 ], [ 80.5378, 25.4006 ], [ 80.5443, 25.3461 ], [ 80.5519, 25.3416 ], [ 80.5727, 25.3393 ], [ 80.5772, 25.3334 ], [ 80.591, 25.3405 ], [ 80.6151, 25.3412 ], [ 80.6186, 25.3375 ], [ 80.6156, 25.3262 ], [ 80.6223, 25.3072 ], [ 80.6404, 25.2987 ], [ 80.6669, 25.302 ], [ 80.6734, 25.3132 ], [ 80.6828, 25.3159 ], [ 80.6872, 25.3295 ], [ 80.7, 25.3258 ], [ 80.7082, 25.3314 ], [ 80.7283, 25.3278 ], [ 80.7338, 25.3153 ], [ 80.7687, 25.3007 ], [ 80.7791, 25.2783 ], [ 80.8035, 25.2668 ], [ 80.7954, 25.2495 ], [ 80.7746, 25.2661 ], [ 80.7601, 25.2584 ], [ 80.7431, 25.2554 ], [ 80.7394, 25.2433 ], [ 80.7435, 25.233 ], [ 80.7616, 25.2278 ], [ 80.7692, 25.2306 ], [ 80.7896, 25.2204 ], [ 80.7731, 25.2097 ], [ 80.759, 25.2094 ], [ 80.7451, 25.1914 ], [ 80.7307, 25.1889 ], [ 80.7231, 25.1944 ], [ 80.712, 25.1935 ], [ 80.7039, 25.1832 ], [ 80.7077, 25.168 ], [ 80.7002, 25.1623 ], [ 80.6853, 25.1583 ], [ 80.6804, 25.1347 ], [ 80.6859, 25.1313 ], [ 80.692, 25.1038 ], [ 80.7037, 25.0967 ], [ 80.7003, 25.0893 ], [ 80.6934, 25.0879 ], [ 80.7138, 25.0721 ], [ 80.7144, 25.0678 ], [ 80.7053, 25.0614 ], [ 80.6736, 25.0542 ], [ 80.6751, 25.0625 ], [ 80.6718, 25.0673 ], [ 80.6779, 25.0731 ], [ 80.6793, 25.0818 ], [ 80.6683, 25.0868 ], [ 80.6642, 25.0784 ], [ 80.6563, 25.0744 ], [ 80.6505, 25.0875 ], [ 80.6365, 25.094 ], [ 80.6352, 25.0976 ], [ 80.6339, 25.0938 ], [ 80.6235, 25.0952 ], [ 80.62, 25.0896 ], [ 80.6014, 25.1044 ], [ 80.6133, 25.1065 ], [ 80.6192, 25.1202 ], [ 80.6312, 25.1198 ], [ 80.6324, 25.1233 ], [ 80.625, 25.1377 ], [ 80.616, 25.1381 ], [ 80.6083, 25.1329 ], [ 80.6058, 25.1493 ], [ 80.5996, 25.1555 ], [ 80.5946, 25.1552 ], [ 80.5908, 25.1316 ], [ 80.6014, 25.1228 ], [ 80.5914, 25.118 ], [ 80.5878, 25.1091 ], [ 80.6068, 25.0722 ], [ 80.5876, 25.0859 ], [ 80.5787, 25.0883 ], [ 80.568, 25.0853 ], [ 80.5624, 25.0914 ], [ 80.56, 25.075 ], [ 80.5434, 25.0677 ], [ 80.519, 25.0819 ], [ 80.5095, 25.101 ], [ 80.4947, 25.1049 ], [ 80.4921, 25.1022 ], [ 80.4745, 25.1018 ], [ 80.4776, 25.0964 ], [ 80.5, 25.0896 ], [ 80.4984, 25.0826 ], [ 80.4906, 25.0782 ], [ 80.5021, 25.0674 ], [ 80.5002, 25.0588 ], [ 80.4932, 25.0543 ], [ 80.4942, 25.0453 ], [ 80.4831, 25.0473 ], [ 80.4702, 25.0447 ], [ 80.4614, 25.058 ], [ 80.46, 25.0697 ], [ 80.4559, 25.0738 ], [ 80.446, 25.0658 ], [ 80.4416, 25.076 ], [ 80.4451, 25.0802 ], [ 80.4407, 25.0821 ], [ 80.4245, 25.0715 ], [ 80.4099, 25.0767 ], [ 80.4053, 25.0609 ], [ 80.3941, 25.072 ], [ 80.3841, 25.0653 ], [ 80.3793, 25.056 ], [ 80.3658, 25.0578 ], [ 80.3641, 25.0477 ], [ 80.3802, 25.0416 ], [ 80.3718, 25.0328 ], [ 80.3724, 25.0292 ], [ 80.3809, 25.0277 ], [ 80.383, 25.0187 ], [ 80.3892, 25.0149 ], [ 80.3822, 25.0097 ], [ 80.3728, 25.0083 ], [ 80.3678, 25.0254 ], [ 80.3588, 25.0261 ], [ 80.3479, 25.0165 ], [ 80.338, 25.0209 ], [ 80.3259, 25.0031 ], [ 80.3141, 25.0035 ], [ 80.299, 25.016 ], [ 80.2892, 25.0211 ], [ 80.2785, 25.0216 ], [ 80.2669, 25.0302 ], [ 80.2778, 25.044 ] ] ] } },
{ "type": "Feature", "properties": { "unit_id": "IND.34.14.1_1", "unit_name": "Bara Banki", "district": "Barabanki", "did": "uttar_pradesh:Barabanki", "state": "Uttar Pradesh", "state_key": "uttar_pradesh", "name_ok": true }, "geometry": { "type": "Polygon", "coordinates": [ [ [ 81.3732, 26.8516 ], [ 81.3484, 26.8273 ], [ 81.3281, 26.8182 ], [ 81.3233, 26.8083 ], [ 81.3055, 26.7968 ], [ 81.2991, 26.7828 ], [ 81.2875, 26.785 ], [ 81.2825, 26.7772 ], [ 81.2697, 26.7732 ], [ 81.2485, 26.7586 ], [ 81.2335, 26.7414 ], [ 81.2226, 26.7391 ], [ 81.2083, 26.7454 ], [ 81.2047, 26.7394 ], [ 81.206, 26.726 ], [ 81.1941, 26.7334 ], [ 81.1939, 26.7491 ], [ 81.1789, 26.7664 ], [ 81.2068, 26.7872 ], [ 81.184, 26.7965 ], [ 81.1802, 26.7847 ], [ 81.1647, 26.7907 ], [ 81.1544, 26.7781 ], [ 81.1494, 26.7805 ], [ 81.1492, 26.8021 ], [ 81.1611, 26.8123 ], [ 81.1519, 26.8129 ], [ 81.1472, 26.8187 ], [ 81.1391, 26.8156 ], [ 81.1313, 26.8194 ], [ 81.1208, 26.8393 ], [ 81.0842, 26.8428 ], [ 81.0823, 26.8632 ], [ 81.0925, 26.8755 ], [ 81.0889, 26.8874 ], [ 81.0809, 26.8942 ], [ 81.0902, 26.9047 ], [ 81.0859, 26.9196 ], [ 81.0803, 26.9203 ], [ 81.0723, 26.914 ], [ 81.0656, 26.9136 ], [ 81.0541, 26.9328 ], [ 81.0335, 26.9438 ], [ 81.0357, 26.9608 ], [ 81.0423, 26.9661 ], [ 81.049, 26.9633 ], [ 81.0556, 26.9703 ], [ 81.0536, 26.9749 ], [ 81.0466, 26.9781 ], [ 81.0405, 26.9714 ], [ 81.0334, 26.9732 ], [ 81.0262, 26.9702 ], [ 81.0156, 26.9775 ], [ 81.0206, 26.9905 ], [ 81.0138, 26.9953 ], [ 81.0226, 27.0008 ], [ 81.0293, 26.9985 ], [ 81.0461, 27.0164 ], [ 81.0641, 27.0254 ], [ 81.0678, 27.0402 ], [ 81.0535, 27.0514 ], [ 81.0786, 27.0796 ], [ 81.077, 27.0905 ], [ 81.0699, 27.0823 ], [ 81.0651, 27.0847 ], [ 81.0725, 27.0982 ], [ 81.0681, 27.1138 ], [ 81.0796, 27.1124 ], [ 81.0996, 27.0987 ], [ 81.0955, 27.1114 ], [ 81.1037, 27.1123 ], [ 81.103, 27.1208 ], [ 81.1393, 27.1155 ], [ 81.1404, 27.109 ], [ 81.1488, 27.1036 ], [ 81.1492, 27.0997 ], [ 81.1477, 27.0951 ], [ 81.1315, 27.0887 ], [ 81.1279, 27.0839 ], [ 81.1273, 27.0785 ], [ 81.132, 27.0756 ], [ 81.1559, 27.0732 ], [ 81.16, 27.079 ], [ 81.1924, 27.0836 ], [ 81.2064, 27.0756 ], [ 81.2104, 27.0834 ], [ 81.2171, 27.0814 ], [ 81.2168, 27.0728 ], [ 81.2233, 27.0708 ], [ 81.231, 27.0724 ], [ 81.2415, 27.067 ], [ 81.2508, 27.0724 ], [ 81.2516, 27.065 ], [ 81.2605, 27.0656 ], [ 81.2605, 27.0587 ], [ 81.2652, 27.0583 ], [ 81.2687, 27.052 ], [ 81.2726, 27.0544 ], [ 81.2806, 27.047 ], [ 81.2791, 27.0294 ], [ 81.2953, 27.0336 ], [ 81.2975, 27.0215 ], [ 81.3043, 27.0246 ], [ 81.3052, 27.0141 ], [ 81.3043, 27.0113 ], [ 81.2997, 27.0122 ], [ 81.2991, 27.0057 ], [ 81.3039, 26.9985 ], [ 81.3154, 26.9967 ], [ 81.3296, 26.9998 ], [ 81.3387, 26.9922 ], [ 81.3459, 26.9962 ], [ 81.3442, 26.9869 ], [ 81.3489, 26.9894 ], [ 81.35, 26.9835 ], [ 81.3596, 26.9823 ], [ 81.3631, 26.9751 ], [ 81.3569, 26.9712 ], [ 81.3615, 26.9662 ], [ 81.3481, 26.941 ], [ 81.3587, 26.9384 ], [ 81.3561, 26.9318 ], [ 81.3404, 26.9325 ], [ 81.3446, 26.92 ], [ 81.3631, 26.9186 ], [ 81.3547, 26.9128 ], [ 81.3599, 26.9106 ], [ 81.3548, 26.9054 ], [ 81.3667, 26.904 ], [ 81.3704, 26.9079 ], [ 81.3833, 26.8902 ], [ 81.4036, 26.8916 ], [ 81.4093, 26.8966 ], [ 81.4089, 26.9018 ], [ 81.4173, 26.9007 ], [ 81.4154, 26.8974 ], [ 81.4212, 26.8879 ], [ 81.4202, 26.8805 ], [ 81.4129, 26.8743 ], [ 81.4178, 26.8667 ], [ 81.4047, 26.8563 ], [ 81.393, 26.8573 ], [ 81.3904, 26.851 ], [ 81.3732, 26.8516 ] ] ] } },
{ "type": "Feature", "properties": { "unit_id": "IND.34.14.2_1", "unit_name": "Fatehpur", "district": "Barabanki", "did": "uttar_pradesh:Barabanki", "state": "Uttar Pradesh", "state_key": "uttar_pradesh", "name_ok": true }, "geometry": { "type": "Polygon", "coordinates": [ [ [ 81.4301, 27.3213 ], [ 81.4337, 27.314 ], [ 81.4266, 27.2689 ], [ 81.4314, 27.2236 ], [ 81.4517, 27.1949 ], [ 81.451, 27.1889 ], [ 81.4325, 27.1801 ], [ 81.4347, 27.1583 ], [ 81.4421, 27.1268 ], [ 81.4496, 27.117 ], [ 81.4694, 27.1067 ], [ 81.4707, 27.075 ], [ 81.4818, 27.0727 ], [ 81.499, 27.0605 ], [ 81.5202, 27.0531 ], [ 81.5347, 27.0514 ], [ 81.5497, 27.0549 ], [ 81.5634, 27.0513 ], [ 81.5676, 27.0464 ], [ 81.5526, 27.0341 ], [ 81.5367, 27.0293 ], [ 81.5382, 27.0248 ], [ 81.5339, 27.0215 ], [ 81.5266, 27.0237 ], [ 81.5283, 27.0196 ], [ 81.5134, 27.0142 ], [ 81.5138, 26.9986 ], [ 81.4897, 26.9776 ], [ 81.4742, 26.9736 ], [ 81.4655, 26.9831 ], [ 81.4643, 26.9923 ], [ 81.4398, 27.0007 ], [ 81.4398, 27.0081 ], [ 81.4329, 27.0135 ], [ 81.4382, 27.025 ], [ 81.4284, 27.0222 ], [ 81.4318, 27.0289 ], [ 81.4203, 27.0324 ], [ 81.412, 27.0247 ], [ 81.3942, 27.028 ], [ 81.3913, 27.019 ], [ 81.3758, 27.019 ], [ 81.3753, 27.0127 ], [ 81.3816, 27.0059 ], [ 81.3596, 26.9823 ], [ 81.3525, 26.9812 ], [ 81.3489, 26.9894 ], [ 81.3442, 26.9869 ], [ 81.3459, 26.9962 ], [ 81.3387, 26.9922 ], [ 81.3296, 26.9998 ], [ 81.3154, 26.9967 ], [ 81.3039, 26.9985 ], [ 81.2991, 27.0057 ], [ 81.2997, 27.0122 ], [ 81.3043, 27.0113 ], [ 81.3052, 27.0141 ], [ 81.3043, 27.0246 ], [ 81.2975, 27.0215 ], [ 81.2953, 27.0336 ], [ 81.2791, 27.0294 ], [ 81.2806, 27.047 ], [ 81.2726, 27.0544 ], [ 81.2687, 27.052 ], [ 81.2652, 27.0583 ], [ 81.2605, 27.0587 ], [ 81.2605, 27.0656 ], [ 81.2516, 27.065 ], [ 81.2508, 27.0724 ], [ 81.2415, 27.067 ], [ 81.231, 27.0724 ], [ 81.2233, 27.0708 ], [ 81.2168, 27.0728 ], [ 81.2171, 27.0814 ], [ 81.2104, 27.0834 ], [ 81.2064, 27.0756 ], [ 81.1924, 27.0836 ], [ 81.16, 27.079 ], [ 81.1559, 27.0732 ], [ 81.132, 27.0756 ], [ 81.1273, 27.0785 ], [ 81.1279, 27.0839 ], [ 81.1315, 27.0887 ], [ 81.1477, 27.0951 ], [ 81.1488, 27.1036 ], [ 81.1404, 27.109 ], [ 81.1393, 27.1155 ], [ 81.1117, 27.1181 ], [ 81.1056, 27.1216 ], [ 81.1037, 27.1123 ], [ 81.0955, 27.1114 ], [ 81.0996, 27.0987 ], [ 81.0796, 27.1124 ], [ 81.0681, 27.1138 ], [ 81.0725, 27.0982 ], [ 81.0651, 27.0847 ], [ 81.0699, 27.0823 ], [ 81.077, 27.0905 ], [ 81.0786, 27.0796 ], [ 81.0535, 27.0514 ], [ 81.0678, 27.0402 ], [ 81.0641, 27.0254 ], [ 81.0461, 27.0164 ], [ 81.0293, 26.9985 ], [ 81.0226, 27.0008 ], [ 81.0124, 26.9954 ], [ 80.9901, 27.0052 ], [ 80.9845, 27.023 ], [ 80.9911, 27.0431 ], [ 80.9685, 27.0406 ], [ 80.9645, 27.0642 ], [ 80.9726, 27.0685 ], [ 80.9741, 27.0746 ], [ 80.9795, 27.0716 ], [ 80.983, 27.0787 ], [ 80.99, 27.0802 ], [ 81.0074, 27.0701 ], [ 81.0191, 27.0773 ], [ 81.0293, 27.0753 ], [ 81.0461, 27.0905 ], [ 81.013, 27.1083 ], [ 81.018, 27.1226 ], [ 81.0021, 27.1458 ], [ 80.9899, 27.1519 ], [ 80.9819, 27.1425 ], [ 80.9712, 27.1477 ], [ 80.9688, 27.1431 ], [ 80.9549, 27.1497 ], [ 80.9469, 27.1443 ], [ 80.9393, 27.1478 ], [ 80.9385, 27.1534 ], [ 80.9192, 27.1643 ], [ 80.9254, 27.1771 ], [ 80.9171, 27.1951 ], [ 80.9213, 27.2051 ], [ 80.9281, 27.2012 ], [ 80.9344, 27.2075 ], [ 80.9365, 27.2036 ], [ 80.9489, 27.2256 ], [ 80.9559, 27.222 ], [ 80.9603, 27.2453 ], [ 80.9952, 27.2319 ], [ 81.0435, 27.2347 ], [ 81.0478, 27.2275 ], [ 81.0569, 27.2268 ], [ 81.0671, 27.2332 ], [ 81.0779, 27.2342 ], [ 81.0704, 27.2432 ], [ 81.076, 27.2478 ], [ 81.0755, 27.2556 ], [ 81.0826, 27.2593 ], [ 81.0815, 27.271 ], [ 81.1074, 27.2798 ], [ 81.1234, 27.2773 ], [ 81.1394, 27.2638 ], [ 81.1598, 27.2738 ], [ 81.1743, 27.2604 ], [ 81.1734, 27.2514 ], [ 81.178, 27.247 ], [ 81.1894, 27.2426 ], [ 81.2012, 27.2432 ], [ 81.2035, 27.2503 ], [ 81.1995, 27.261 ], [ 81.2142, 27.2774 ], [ 81.2173, 27.2793 ], [ 81.2235, 27.2689 ], [ 81.2318, 27.2738 ], [ 81.2269, 27.2838 ], [ 81.2338, 27.2891 ], [ 81.2219, 27.3046 ], [ 81.2303, 27.3141 ], [ 81.2171, 27.3153 ], [ 81.2163, 27.3262 ], [ 81.2315, 27.3271 ], [ 81.2397, 27.3221 ], [ 81.2443, 27.3235 ], [ 81.2465, 27.3419 ], [ 81.2657, 27.3364 ], [ 81.2776, 27.3587 ], [ 81.2835, 27.3621 ], [ 81.2882, 27.3556 ], [ 81.2868, 27.3422 ], [ 81.3075, 27.3263 ], [ 81.299, 27.3096 ], [ 81.3017, 27.3018 ], [ 81.3131, 27.3032 ], [ 81.3076, 27.2894 ], [ 81.3105, 27.2786 ], [ 81.3272, 27.2791 ], [ 81.332, 27.2615 ], [ 81.337, 27.2593 ], [ 81.3505, 27.2647 ], [ 81.3565, 27.2721 ], [ 81.3672, 27.272 ], [ 81.374, 27.2812 ], [ 81.3747, 27.2841 ], [ 81.3625, 27.2901 ], [ 81.3646, 27.297 ], [ 81.3725, 27.3017 ], [ 81.3747, 27.3148 ], [ 81.3847, 27.315 ], [ 81.3817, 27.3211 ], [ 81.3717, 27.3221 ], [ 81.372, 27.3255 ], [ 81.3794, 27.3246 ], [ 81.3817, 27.3301 ], [ 81.3919, 27.3317 ], [ 81.3838, 27.3478 ], [ 81.4019, 27.3417 ], [ 81.4301, 27.3213 ] ] ] } },
{ "type": "Feature", "properties": { "unit_id": "IND.34.14.3_1", "unit_name": "Haidargarh", "district": "Barabanki", "did": "uttar_pradesh:Barabanki", "state": "Uttar Pradesh", "state_key": "uttar_pradesh", "name_ok": true }, "geometry": { "type": "Polygon", "coordinates": [ [ [ 81.5213, 26.5321 ], [ 81.5019, 26.5329 ], [ 81.5017, 26.537 ], [ 81.5082, 26.5385 ], [ 81.5065, 26.5515 ], [ 81.4867, 26.5502 ], [ 81.4786, 26.5443 ], [ 81.471, 26.5598 ], [ 81.4666, 26.5554 ], [ 81.4524, 26.5754 ], [ 81.4411, 26.5734 ], [ 81.4382, 26.565 ], [ 81.407, 26.5691 ], [ 81.398, 26.5744 ], [ 81.3909, 26.5741 ], [ 81.3844, 26.5795 ], [ 81.383, 26.5898 ], [ 81.3737, 26.5916 ], [ 81.3477, 26.5506 ], [ 81.3345, 26.5487 ], [ 81.318, 26.5557 ], [ 81.3065, 26.5438 ], [ 81.2929, 26.5471 ], [ 81.2911, 26.5571 ], [ 81.2731, 26.5746 ], [ 81.2439, 26.582 ], [ 81.2399, 26.5881 ], [ 81.2102, 26.603 ], [ 81.2014, 26.5973 ], [ 81.1756, 26.6096 ], [ 81.1734, 26.6025 ], [ 81.1565, 26.5974 ], [ 81.1553, 26.6074 ], [ 81.1743, 26.6235 ], [ 81.1626, 26.6319 ], [ 81.1663, 26.6404 ], [ 81.1577, 26.6481 ], [ 81.1787, 26.6723 ], [ 81.1794, 26.6794 ], [ 81.1957, 26.6954 ], [ 81.1985, 26.7059 ], [ 81.2082, 26.7083 ], [ 81.2045, 26.7228 ], [ 81.2083, 26.7454 ], [ 81.2226, 26.7391 ], [ 81.2335, 26.7414 ], [ 81.2485, 26.7586 ], [ 81.2697, 26.7732 ], [ 81.2825, 26.7772 ], [ 81.2875, 26.785 ], [ 81.2972, 26.7814 ], [ 81.3055, 26.7968 ], [ 81.3233, 26.8083 ], [ 81.3281, 26.8182 ], [ 81.3484, 26.8273 ], [ 81.3732, 26.8516 ], [ 81.3904, 26.851 ], [ 81.3928, 26.8415 ], [ 81.4081, 26.8342 ], [ 81.4071, 26.8151 ], [ 81.4171, 26.8077 ], [ 81.4169, 26.8033 ], [ 81.4273, 26.8042 ], [ 81.4295, 26.7836 ], [ 81.445, 26.7717 ], [ 81.4419, 26.7634 ], [ 81.4179, 26.7417 ], [ 81.3996, 26.7364 ], [ 81.4228, 26.7196 ], [ 81.4587, 26.7208 ], [ 81.455, 26.7028 ], [ 81.4319, 26.675 ], [ 81.4352, 26.6726 ], [ 81.439, 26.6775 ], [ 81.4589, 26.67 ], [ 81.4715, 26.6531 ], [ 81.4761, 26.6517 ], [ 81.4821, 26.6562 ], [ 81.4886, 26.6421 ], [ 81.4978, 26.6597 ], [ 81.5041, 26.6498 ], [ 81.5106, 26.6499 ], [ 81.5135, 26.6589 ], [ 81.5105, 26.6747 ], [ 81.5266, 26.6977 ], [ 81.538, 26.685 ], [ 81.556, 26.7022 ], [ 81.568, 26.6956 ], [ 81.5905, 26.6941 ], [ 81.5957, 26.69 ], [ 81.5931, 26.6788 ], [ 81.5829, 26.6791 ], [ 81.5714, 26.6871 ], [ 81.5671, 26.6861 ], [ 81.5369, 26.6652 ], [ 81.535, 26.6466 ], [ 81.551, 26.6464 ], [ 81.554, 26.6329 ], [ 81.547, 26.6282 ], [ 81.5486, 26.6171 ], [ 81.5619, 26.6183 ], [ 81.5656, 26.614 ], [ 81.5582, 26.592 ], [ 81.5442, 26.5898 ], [ 81.5356, 26.5771 ], [ 81.5454, 26.5731 ], [ 81.5345, 26.551 ], [ 81.5265, 26.5456 ], [ 81.5401, 26.5292 ], [ 81.5326, 26.5255 ], [ 81.5213, 26.5321 ] ] ] } },
{ "type": "Feature", "properties": { "unit_id": "IND.34.14.4_1", "unit_name": "Ramsanehighat", "district": "Barabanki", "did": "uttar_pradesh:Barabanki", "state": "Uttar Pradesh", "state_key": "uttar_pradesh", "name_ok": true }, "geometry": { "type": "Polygon", "coordinates": [ [ [ 81.688, 26.5954 ], [ 81.6641, 26.5862 ], [ 81.6561, 26.5927 ], [ 81.6414, 26.5861 ], [ 81.641, 26.6111 ], [ 81.6465, 26.6127 ], [ 81.6654, 26.603 ], [ 81.6688, 26.6057 ], [ 81.6563, 26.6253 ], [ 81.6421, 26.6306 ], [ 81.6336, 26.6412 ], [ 81.6184, 26.6395 ], [ 81.6189, 26.6342 ], [ 81.6094, 26.6306 ], [ 81.5979, 26.6486 ], [ 81.5743, 26.655 ], [ 81.5683, 26.666 ], [ 81.5607, 26.6687 ], [ 81.5527, 26.6666 ], [ 81.5586, 26.6507 ], [ 81.551, 26.6464 ], [ 81.535, 26.6466 ], [ 81.534, 26.6571 ], [ 81.5405, 26.6695 ], [ 81.5714, 26.6871 ], [ 81.5829, 26.6791 ], [ 81.5931, 26.6788 ], [ 81.5969, 26.6873 ], [ 81.5905, 26.6941 ], [ 81.568, 26.6956 ], [ 81.556, 26.7022 ], [ 81.538, 26.685 ], [ 81.5266, 26.6977 ], [ 81.5105, 26.6747 ], [ 81.5135, 26.6589 ], [ 81.5106, 26.6499 ], [ 81.5041, 26.6498 ], [ 81.4978, 26.6597 ], [ 81.4886, 26.6421 ], [ 81.4821, 26.6562 ], [ 81.4761, 26.6517 ], [ 81.4715, 26.6531 ], [ 81.4589, 26.67 ], [ 81.439, 26.6775 ], [ 81.4352, 26.6726 ], [ 81.4319, 26.675 ], [ 81.455, 26.7028 ], [ 81.4605, 26.7172 ], [ 81.4587, 26.7208 ], [ 81.4228, 26.7196 ], [ 81.3995, 26.7349 ], [ 81.4205, 26.7438 ], [ 81.4419, 26.7634 ], [ 81.445, 26.7717 ], [ 81.4295, 26.7836 ], [ 81.4273, 26.8042 ], [ 81.4169, 26.8033 ], [ 81.4171, 26.8077 ], [ 81.4071, 26.8151 ], [ 81.4081, 26.8342 ], [ 81.3928, 26.8415 ], [ 81.3908, 26.8461 ], [ 81.393, 26.8573 ], [ 81.4047, 26.8563 ], [ 81.4178, 26.8667 ], [ 81.4129, 26.8743 ], [ 81.4212, 26.8833 ], [ 81.4154, 26.8974 ], [ 81.4173, 26.9007 ], [ 81.4089, 26.9018 ], [ 81.4093, 26.8966 ], [ 81.4036, 26.8916 ], [ 81.3833, 26.8902 ], [ 81.3704, 26.9079 ], [ 81.3667, 26.904 ], [ 81.3548, 26.9054 ], [ 81.3599, 26.9106 ], [ 81.3547, 26.9128 ], [ 81.3631, 26.9186 ], [ 81.3456, 26.919 ], [ 81.3401, 26.9313 ], [ 81.3436, 26.9336 ], [ 81.3561, 26.9318 ], [ 81.3587, 26.9384 ], [ 81.3481, 26.941 ], [ 81.3615, 26.9662 ], [ 81.3569, 26.9712 ], [ 81.3631, 26.9751 ], [ 81.3596, 26.9823 ], [ 81.3816, 27.0059 ], [ 81.3753, 27.0127 ], [ 81.3758, 27.019 ], [ 81.3913, 27.019 ], [ 81.3942, 27.028 ], [ 81.412, 27.0247 ], [ 81.4203, 27.0324 ], [ 81.4318, 27.0289 ], [ 81.4284, 27.0222 ], [ 81.4382, 27.025 ], [ 81.4329, 27.0135 ], [ 81.4398, 27.0081 ], [ 81.4398, 27.0007 ], [ 81.4643, 26.9923 ], [ 81.4655, 26.9831 ], [ 81.4742, 26.9736 ], [ 81.4897, 26.9776 ], [ 81.5138, 26.9986 ], [ 81.5134, 27.0142 ], [ 81.5283, 27.0196 ], [ 81.5266, 27.0237 ], [ 81.5339, 27.0215 ], [ 81.5382, 27.0248 ], [ 81.5367, 27.0293 ], [ 81.5512, 27.0346 ], [ 81.5719, 27.0158 ], [ 81.592, 27.0258 ], [ 81.6239, 27.0216 ], [ 81.6351, 27.0119 ], [ 81.6446, 27.0092 ], [ 81.6437, 26.9921 ], [ 81.6479, 26.9803 ], [ 81.6445, 26.9768 ], [ 81.6481, 26.9669 ], [ 81.6641, 26.9688 ], [ 81.6903, 26.9617 ], [ 81.7191, 26.9606 ], [ 81.7218, 26.9502 ], [ 81.71, 26.9404 ], [ 81.7078, 26.925 ], [ 81.7186, 26.9212 ], [ 81.7415, 26.8926 ], [ 81.757, 26.8884 ], [ 81.7753, 26.8733 ], [ 81.7949, 26.8684 ], [ 81.8218, 26.8476 ], [ 81.8478, 26.8394 ], [ 81.8515, 26.8105 ], [ 81.8403, 26.8079 ], [ 81.8317, 26.8123 ], [ 81.8244, 26.8091 ], [ 81.8154, 26.8119 ], [ 81.8157, 26.8065 ], [ 81.8005, 26.8016 ], [ 81.7968, 26.7886 ], [ 81.8012, 26.7762 ], [ 81.8244, 26.7694 ], [ 81.8323, 26.7631 ], [ 81.8303, 26.7406 ], [ 81.8227, 26.7398 ], [ 81.8152, 26.7217 ], [ 81.8245, 26.7126 ], [ 81.8317, 26.6971 ], [ 81.8111, 26.7014 ], [ 81.8005, 26.681 ], [ 81.7938, 26.6773 ], [ 81.7907, 26.6822 ], [ 81.7972, 26.6982 ], [ 81.7819, 26.7075 ], [ 81.7729, 26.6872 ], [ 81.7611, 26.692 ], [ 81.7511, 26.7108 ], [ 81.7407, 26.6942 ], [ 81.7489, 26.6814 ], [ 81.7384, 26.6743 ], [ 81.7288, 26.6569 ], [ 81.7393, 26.6446 ], [ 81.7369, 26.6307 ], [ 81.7434, 26.6243 ], [ 81.7363, 26.6157 ], [ 81.7236, 26.6109 ], [ 81.7103, 26.5937 ], [ 81.6951, 26.5914 ], [ 81.688, 26.5954 ] ] ] } },
{ "type": "Feature", "properties": { "unit_id": "IND.34.15.1_1", "unit_name": "Aonla", "district": "Bareilly", "did": "uttar_pradesh:Bareilly", "state": "Uttar Pradesh", "state_key": "uttar_pradesh", "name_ok": true }, "geometry": { "type": "Polygon", "coordinates": [ [ [ 79.3764, 28.2072 ], [ 79.3798, 28.2003 ], [ 79.3886, 28.1952 ], [ 79.4089, 28.1912 ], [ 79.4132, 28.1771 ], [ 79.4097, 28.1742 ], [ 79.3961, 28.1723 ], [ 79.3768, 28.1816 ], [ 79.3662, 28.1807 ], [ 79.3634, 28.1747 ], [ 79.3594, 28.1763 ], [ 79.3484, 28.1686 ], [ 79.3401, 28.1715 ], [ 79.3345, 28.1691 ], [ 79.3242, 28.1589 ], [ 79.3173, 28.1631 ], [ 79.316, 28.1758 ], [ 79.3037, 28.1829 ], [ 79.2788, 28.1779 ], [ 79.2604, 28.1676 ], [ 79.2518, 28.1773 ], [ 79.2246, 28.1905 ], [ 79.1984, 28.1947 ], [ 79.1925, 28.1929 ], [ 79.1853, 28.181 ], [ 79.1772, 28.1788 ], [ 79.1614, 28.1864 ], [ 79.1501, 28.1804 ], [ 79.1368, 28.1967 ], [ 79.1186, 28.1952 ], [ 79.1063, 28.2123 ], [ 79.1161, 28.2225 ], [ 79.1143, 28.2341 ], [ 79.0845, 28.2531 ], [ 79.082, 28.2728 ], [ 79.0911, 28.285 ], [ 79.0817, 28.3042 ], [ 79.0829, 28.3167 ], [ 79.0663, 28.3176 ], [ 79.0596, 28.3326 ], [ 79.0657, 28.3597 ], [ 79.0561, 28.3707 ], [ 79.0346, 28.3828 ], [ 78.9973, 28.3924 ], [ 78.9893, 28.3909 ], [ 78.9892, 28.4376 ], [ 78.9964, 28.441 ], [ 79.006, 28.4377 ], [ 79.0219, 28.4402 ], [ 79.0274, 28.4443 ], [ 79.0239, 28.4508 ], [ 79.045, 28.4549 ], [ 79.0487, 28.4617 ], [ 79.0402, 28.4713 ], [ 79.0606, 28.4682 ], [ 79.0673, 28.4703 ], [ 79.0722, 28.4759 ], [ 79.0675, 28.4891 ], [ 79.0872, 28.4922 ], [ 79.1062, 28.488 ], [ 79.1294, 28.496 ], [ 79.1326, 28.487 ], [ 79.1285, 28.4747 ], [ 79.1524, 28.4629 ], [ 79.1591, 28.4497 ], [ 79.1762, 28.4462 ], [ 79.1855, 28.4405 ], [ 79.1955, 28.4247 ], [ 79.2102, 28.4259 ], [ 79.2276, 28.4129 ], [ 79.2378, 28.4126 ], [ 79.2365, 28.3994 ], [ 79.2263, 28.4012 ], [ 79.2238, 28.3979 ], [ 79.248, 28.3864 ], [ 79.2673, 28.3586 ], [ 79.2821, 28.3613 ], [ 79.2863, 28.3689 ], [ 79.2901, 28.3658 ], [ 79.3, 28.3517 ], [ 79.2972, 28.3418 ], [ 79.3008, 28.3398 ], [ 79.3004, 28.329 ], [ 79.3088, 28.3212 ], [ 79.3071, 28.3041 ], [ 79.3144, 28.304 ], [ 79.3198, 28.3108 ], [ 79.3342, 28.3128 ], [ 79.3485, 28.2891 ], [ 79.3637, 28.2897 ], [ 79.3734, 28.2988 ], [ 79.3896, 28.2952 ], [ 79.3936, 28.2874 ], [ 79.3895, 28.2838 ], [ 79.3821, 28.285 ], [ 79.374, 28.2613 ], [ 79.3859, 28.2503 ], [ 79.4015, 28.2179 ], [ 79.3764, 28.2072 ] ] ] } },
{ "type": "Feature", "properties": { "unit_id": "IND.34.15.2_1", "unit_name": "Baheri", "district": "Bareilly", "did": "uttar_pradesh:Bareilly", "state": "Uttar Pradesh", "state_key": "uttar_pradesh", "name_ok": true }, "geometry": { "type": "Polygon", "coordinates": [ [ [ 79.4539, 28.6006 ], [ 79.4484, 28.5965 ], [ 79.433, 28.601 ], [ 79.4141, 28.5892 ], [ 79.3931, 28.5879 ], [ 79.3972, 28.6001 ], [ 79.3881, 28.6074 ], [ 79.3695, 28.5943 ], [ 79.3612, 28.5974 ], [ 79.3543, 28.5908 ], [ 79.3505, 28.5948 ], [ 79.3497, 28.5852 ], [ 79.3341, 28.5755 ], [ 79.3249, 28.5854 ], [ 79.3089, 28.5872 ], [ 79.2967, 28.5963 ], [ 79.2964, 28.587 ], [ 79.2909, 28.5911 ], [ 79.2691, 28.5892 ], [ 79.2669, 28.5999 ], [ 79.2574, 28.6048 ], [ 79.2498, 28.6005 ], [ 79.2552, 28.595 ], [ 79.2546, 28.5866 ], [ 79.2388, 28.583 ], [ 79.2306, 28.5867 ], [ 79.2188, 28.5772 ], [ 79.2107, 28.5786 ], [ 79.2169, 28.5965 ], [ 79.2307, 28.6095 ], [ 79.2248, 28.6204 ], [ 79.226, 28.6433 ], [ 79.2438, 28.6501 ], [ 79.2654, 28.6731 ], [ 79.2901, 28.722 ], [ 79.3122, 28.7314 ], [ 79.3353, 28.7325 ], [ 79.3389, 28.7391 ], [ 79.3534, 28.746 ], [ 79.3569, 28.7565 ], [ 79.3463, 28.7643 ], [ 79.3494, 28.7732 ], [ 79.3599, 28.7661 ], [ 79.3765, 28.7634 ], [ 79.3802, 28.7667 ], [ 79.3805, 28.7725 ], [ 79.3724, 28.7839 ], [ 79.3736, 28.8001 ], [ 79.3609, 28.823 ], [ 79.3684, 28.8283 ], [ 79.3759, 28.8223 ], [ 79.3931, 28.8257 ], [ 79.3967, 28.8329 ], [ 79.3953, 28.8432 ], [ 79.3817, 28.8432 ], [ 79.3755, 28.8479 ], [ 79.3796, 28.853 ], [ 79.3874, 28.8506 ], [ 79.3979, 28.8553 ], [ 79.3727, 28.8695 ], [ 79.3725, 28.8807 ], [ 79.3906, 28.8773 ], [ 79.3957, 28.8854 ], [ 79.4043, 28.8749 ], [ 79.4088, 28.858 ], [ 79.4239, 28.8552 ], [ 79.4335, 28.8616 ], [ 79.4597, 28.8592 ], [ 79.4766, 28.8672 ], [ 79.4914, 28.8626 ], [ 79.5072, 28.8633 ], [ 79.5387, 28.8924 ], [ 79.554, 28.8785 ], [ 79.5477, 28.8543 ], [ 79.5509, 28.8459 ], [ 79.5766, 28.8503 ], [ 79.5923, 28.8666 ], [ 79.6036, 28.8647 ], [ 79.6135, 28.8687 ], [ 79.6393, 28.8505 ], [ 79.6314, 28.8443 ], [ 79.6458, 28.8088 ], [ 79.6431, 28.7768 ], [ 79.6581, 28.7658 ], [ 79.661, 28.7496 ], [ 79.6465, 28.7324 ], [ 79.631, 28.728 ], [ 79.6178, 28.7151 ], [ 79.6135, 28.7015 ], [ 79.6063, 28.6936 ], [ 79.6107, 28.681 ], [ 79.6014, 28.6615 ], [ 79.6023, 28.6537 ], [ 79.5847, 28.6373 ], [ 79.5696, 28.6339 ], [ 79.5677, 28.6248 ], [ 79.5581, 28.6158 ], [ 79.5447, 28.6257 ], [ 79.5311, 28.6239 ], [ 79.5268, 28.6271 ], [ 79.5186, 28.6223 ], [ 79.5035, 28.6271 ], [ 79.4998, 28.6195 ], [ 79.4847, 28.615 ], [ 79.479, 28.606 ], [ 79.4635, 28.5998 ], [ 79.4539, 28.6006 ] ] ] } },
{ "type": "Feature", "properties": { "unit_id": "IND.34.15.3_1", "unit_name": "Bareilly", "district": "Bareilly", "did": "uttar_pradesh:Bareilly", "state": "Uttar Pradesh", "state_key": "uttar_pradesh", "name_ok": true }, "geometry": { "type": "Polygon", "coordinates": [ [ [ 79.3859, 28.2503 ], [ 79.374, 28.2613 ], [ 79.3821, 28.285 ], [ 79.3895, 28.2838 ], [ 79.3936, 28.2874 ], [ 79.3896, 28.2952 ], [ 79.3734, 28.2988 ], [ 79.3637, 28.2897 ], [ 79.3485, 28.2891 ], [ 79.3342, 28.3128 ], [ 79.3198, 28.3108 ], [ 79.3144, 28.304 ], [ 79.3071, 28.3041 ], [ 79.3088, 28.3212 ], [ 79.3004, 28.329 ], [ 79.3008, 28.3398 ], [ 79.2972, 28.3418 ], [ 79.3, 28.3517 ], [ 79.2901, 28.3658 ], [ 79.2863, 28.3689 ], [ 79.2821, 28.3613 ], [ 79.2673, 28.3586 ], [ 79.248, 28.3864 ], [ 79.2238, 28.3979 ], [ 79.2263, 28.4012 ], [ 79.2365, 28.3994 ], [ 79.2378, 28.4126 ], [ 79.2276, 28.4129 ], [ 79.2102, 28.4259 ], [ 79.1955, 28.4247 ], [ 79.1855, 28.4405 ], [ 79.1762, 28.4462 ], [ 79.1591, 28.4497 ], [ 79.1524, 28.4629 ], [ 79.1285, 28.4747 ], [ 79.1326, 28.487 ], [ 79.1324, 28.4926 ], [ 79.1282, 28.4945 ], [ 79.1439, 28.5096 ], [ 79.1548, 28.528 ], [ 79.1515, 28.5423 ], [ 79.1607, 28.548 ], [ 79.1721, 28.5631 ], [ 79.184, 28.5627 ], [ 79.1975, 28.5855 ], [ 79.2161, 28.5768 ], [ 79.2306, 28.5867 ], [ 79.2388, 28.583 ], [ 79.2489, 28.5845 ], [ 79.2546, 28.5866 ], [ 79.2552, 28.595 ], [ 79.2505, 28.603 ], [ 79.2574, 28.6048 ], [ 79.2669, 28.5999 ], [ 79.2691, 28.5892 ], [ 79.2909, 28.5911 ], [ 79.2964, 28.587 ], [ 79.2967, 28.5963 ], [ 79.3089, 28.5872 ], [ 79.3249, 28.5854 ], [ 79.3341, 28.5755 ], [ 79.3497, 28.5852 ], [ 79.3505, 28.5948 ], [ 79.3543, 28.5908 ], [ 79.3612, 28.5974 ], [ 79.3695, 28.5943 ], [ 79.3881, 28.6074 ], [ 79.3972, 28.6001 ], [ 79.3931, 28.5879 ], [ 79.4141, 28.5892 ], [ 79.433, 28.601 ], [ 79.4484, 28.5965 ], [ 79.4539, 28.6006 ], [ 79.4635, 28.5998 ], [ 79.4672, 28.593 ], [ 79.466, 28.5759 ], [ 79.4395, 28.5268 ], [ 79.4416, 28.5224 ], [ 79.4541, 28.5211 ], [ 79.4522, 28.4988 ], [ 79.4702, 28.5055 ], [ 79.4704, 28.5016 ], [ 79.4837, 28.4941 ], [ 79.4967, 28.4919 ], [ 79.5029, 28.4784 ], [ 79.493, 28.4761 ], [ 79.4936, 28.4642 ], [ 79.5259, 28.4471 ], [ 79.5383, 28.4533 ], [ 79.5463, 28.4506 ], [ 79.5466, 28.4244 ], [ 79.5516, 28.4162 ], [ 79.562, 28.4133 ], [ 79.565, 28.4053 ], [ 79.575, 28.4031 ], [ 79.5854, 28.3913 ], [ 79.597, 28.3891 ], [ 79.5832, 28.3692 ], [ 79.5595, 28.3553 ], [ 79.5602, 28.3299 ], [ 79.5457, 28.3351 ], [ 79.5263, 28.3329 ], [ 79.5205, 28.3205 ], [ 79.5183, 28.3239 ], [ 79.5007, 28.3186 ], [ 79.4889, 28.3097 ], [ 79.4852, 28.2991 ], [ 79.4713, 28.2975 ], [ 79.4529, 28.2362 ], [ 79.4015, 28.2179 ], [ 79.3859, 28.2503 ] ] ] } },
{ "type": "Feature", "properties": { "unit_id": "IND.34.15.4_1", "unit_name": "Faritpur", "district": "Bareilly", "did": "uttar_pradesh:Bareilly", "state": "Uttar Pradesh", "state_key": "uttar_pradesh", "name_ok": true }, "geometry": { "type": "Polygon", "coordinates": [ [ [ 79.4089, 28.1912 ], [ 79.3886, 28.1952 ], [ 79.3798, 28.2003 ], [ 79.3764, 28.2072 ], [ 79.4246, 28.2284 ], [ 79.4364, 28.2285 ], [ 79.4438, 28.2352 ], [ 79.4529, 28.2362 ], [ 79.4713, 28.2975 ], [ 79.4852, 28.2991 ], [ 79.4889, 28.3097 ], [ 79.5007, 28.3186 ], [ 79.5183, 28.3239 ], [ 79.5205, 28.3205 ], [ 79.5263, 28.3329 ], [ 79.5457, 28.3351 ], [ 79.5602, 28.3299 ], [ 79.5573, 28.3517 ], [ 79.5741, 28.3622 ], [ 79.5903, 28.355 ], [ 79.6013, 28.3556 ], [ 79.6126, 28.3629 ], [ 79.6197, 28.3545 ], [ 79.6258, 28.3546 ], [ 79.6287, 28.3594 ], [ 79.6451, 28.3605 ], [ 79.6479, 28.3659 ], [ 79.642, 28.3677 ], [ 79.6472, 28.3739 ], [ 79.6476, 28.3779 ], [ 79.6435, 28.3795 ], [ 79.6462, 28.3835 ], [ 79.6558, 28.3764 ], [ 79.6654, 28.3766 ], [ 79.6767, 28.3825 ], [ 79.6897, 28.3821 ], [ 79.6913, 28.3715 ], [ 79.6862, 28.3654 ], [ 79.6863, 28.357 ], [ 79.6622, 28.323 ], [ 79.6673, 28.3123 ], [ 79.6845, 28.2988 ], [ 79.6996, 28.2926 ], [ 79.7026, 28.2738 ], [ 79.7008, 28.2705 ], [ 79.6839, 28.2695 ], [ 79.6811, 28.2774 ], [ 79.6741, 28.2691 ], [ 79.6679, 28.2694 ], [ 79.6725, 28.2545 ], [ 79.6569, 28.2429 ], [ 79.6611, 28.2271 ], [ 79.6549, 28.2196 ], [ 79.6427, 28.2212 ], [ 79.6303, 28.2128 ], [ 79.6298, 28.2065 ], [ 79.6356, 28.1985 ], [ 79.6234, 28.1855 ], [ 79.6175, 28.1624 ], [ 79.6116, 28.1598 ], [ 79.6105, 28.1551 ], [ 79.6155, 28.1402 ], [ 79.6272, 28.128 ], [ 79.6211, 28.1225 ], [ 79.6242, 28.1086 ], [ 79.6193, 28.0904 ], [ 79.5912, 28.0877 ], [ 79.5754, 28.0968 ], [ 79.5654, 28.083 ], [ 79.5509, 28.0738 ], [ 79.5385, 28.0753 ], [ 79.5283, 28.0644 ], [ 79.5225, 28.0622 ], [ 79.518, 28.0653 ], [ 79.5067, 28.0543 ], [ 79.4962, 28.0505 ], [ 79.4983, 28.0416 ], [ 79.4869, 28.0265 ], [ 79.4706, 28.0509 ], [ 79.4737, 28.0594 ], [ 79.4901, 28.0759 ], [ 79.4882, 28.1138 ], [ 79.472, 28.1286 ], [ 79.4482, 28.1411 ], [ 79.4356, 28.1566 ], [ 79.418, 28.1659 ], [ 79.4089, 28.1912 ] ] ] } },
{ "type": "Feature", "properties": { "unit_id": "IND.34.15.5_1", "unit_name": "Nawabganj", "district": "Bareilly", "did": "uttar_pradesh:Bareilly", "state": "Uttar Pradesh", "state_key": "uttar_pradesh", "name_ok": true }, "geometry": { "type": "Polygon", "coordinates": [ [ [ 79.479, 28.606 ], [ 79.4847, 28.615 ], [ 79.4998, 28.6195 ], [ 79.5035, 28.6271 ], [ 79.5186, 28.6223 ], [ 79.5268, 28.6271 ], [ 79.5311, 28.6239 ], [ 79.5447, 28.6257 ], [ 79.5581, 28.6158 ], [ 79.5677, 28.6248 ], [ 79.5696, 28.6339 ], [ 79.5847, 28.6373 ], [ 79.5869, 28.641 ], [ 79.5962, 28.636 ], [ 79.5883, 28.622 ], [ 79.6011, 28.5989 ], [ 79.6342, 28.6091 ], [ 79.6414, 28.6012 ], [ 79.6421, 28.5909 ], [ 79.6641, 28.5888 ], [ 79.6515, 28.5606 ], [ 79.6583, 28.5545 ], [ 79.6812, 28.5619 ], [ 79.6754, 28.5478 ], [ 79.6752, 28.5324 ], [ 79.6906, 28.5247 ], [ 79.6934, 28.5257 ], [ 79.6923, 28.5341 ], [ 79.7001, 28.5384 ], [ 79.7061, 28.5371 ], [ 79.7094, 28.5226 ], [ 79.7359, 28.5135 ], [ 79.7386, 28.5024 ], [ 79.7321, 28.4819 ], [ 79.7331, 28.472 ], [ 79.7461, 28.4564 ], [ 79.734, 28.4476 ], [ 79.7291, 28.4485 ], [ 79.7241, 28.4643 ], [ 79.7165, 28.4663 ], [ 79.7097, 28.4607 ], [ 79.7141, 28.4364 ], [ 79.7118, 28.4191 ], [ 79.7011, 28.4162 ], [ 79.6937, 28.4242 ], [ 79.687, 28.4211 ], [ 79.679, 28.4073 ], [ 79.6607, 28.3974 ], [ 79.6764, 28.3905 ], [ 79.6746, 28.3799 ], [ 79.6558, 28.3764 ], [ 79.6499, 28.3836 ], [ 79.6434, 28.3818 ], [ 79.6476, 28.3779 ], [ 79.642, 28.3677 ], [ 79.6479, 28.3659 ], [ 79.6451, 28.3605 ], [ 79.6287, 28.3594 ], [ 79.6258, 28.3546 ], [ 79.6197, 28.3545 ], [ 79.6126, 28.3629 ], [ 79.6013, 28.3556 ], [ 79.5903, 28.355 ], [ 79.5741, 28.3622 ], [ 79.597, 28.3891 ], [ 79.5854, 28.3913 ], [ 79.575, 28.4031 ], [ 79.565, 28.4053 ], [ 79.562, 28.4133 ], [ 79.5516, 28.4162 ], [ 79.5466, 28.4244 ], [ 79.5463, 28.4506 ], [ 79.5383, 28.4533 ], [ 79.5259, 28.4471 ], [ 79.4936, 28.4642 ], [ 79.493, 28.4761 ], [ 79.5029, 28.4784 ], [ 79.4967, 28.4919 ], [ 79.4837, 28.4941 ], [ 79.4704, 28.5016 ], [ 79.4702, 28.5055 ], [ 79.4522, 28.4988 ], [ 79.4541, 28.5211 ], [ 79.4416, 28.5224 ], [ 79.4395, 28.5268 ], [ 79.466, 28.5759 ], [ 79.4672, 28.593 ], [ 79.4635, 28.5998 ], [ 79.479, 28.606 ] ] ] } },
{ "type": "Feature", "properties": { "unit_id": "IND.34.16.1_1", "unit_name": "Basti", "district": "Basti", "did": "uttar_pradesh:Basti", "state": "Uttar Pradesh", "state_key": "uttar_pradesh", "name_ok": true }, "geometry": { "type": "Polygon", "coordinates": [ [ [ 82.8968, 26.5411 ], [ 82.8769, 26.5457 ], [ 82.864, 26.5412 ], [ 82.8313, 26.5602 ], [ 82.8292, 26.567 ], [ 82.8004, 26.5783 ], [ 82.7777, 26.5726 ], [ 82.7558, 26.562 ], [ 82.7405, 26.5639 ], [ 82.7189, 26.5573 ], [ 82.704, 26.5588 ], [ 82.6974, 26.5701 ], [ 82.678, 26.578 ], [ 82.6777, 26.5862 ], [ 82.6584, 26.6006 ], [ 82.6554, 26.6084 ], [ 82.641, 26.611 ], [ 82.6322, 26.6054 ], [ 82.6133, 26.6045 ], [ 82.614, 26.6292 ], [ 82.6189, 26.6359 ], [ 82.6237, 26.6598 ], [ 82.6226, 26.6661 ], [ 82.6124, 26.6763 ], [ 82.6225, 26.6791 ], [ 82.6319, 26.6986 ], [ 82.6288, 26.704 ], [ 82.6139, 26.71 ], [ 82.6157, 26.7181 ], [ 82.6102, 26.7225 ], [ 82.6172, 26.7311 ], [ 82.6347, 26.7334 ], [ 82.6326, 26.7433 ], [ 82.6497, 26.7548 ], [ 82.6307, 26.7841 ], [ 82.6319, 26.7947 ], [ 82.6225, 26.7965 ], [ 82.6114, 26.8047 ], [ 82.6075, 26.8199 ], [ 82.6099, 26.8243 ], [ 82.6211, 26.8241 ], [ 82.6304, 26.8322 ], [ 82.6366, 26.8341 ], [ 82.6403, 26.8307 ], [ 82.651, 26.838 ], [ 82.6745, 26.8292 ], [ 82.6804, 26.8304 ], [ 82.6908, 26.8235 ], [ 82.7021, 26.8255 ], [ 82.706, 26.8365 ], [ 82.706, 26.8447 ], [ 82.6976, 26.8494 ], [ 82.6977, 26.8549 ], [ 82.69, 26.8563 ], [ 82.692, 26.8514 ], [ 82.6798, 26.8494 ], [ 82.677, 26.8508 ], [ 82.6794, 26.8539 ], [ 82.6823, 26.8524 ], [ 82.6828, 26.8565 ], [ 82.6794, 26.8609 ], [ 82.666, 26.8668 ], [ 82.6288, 26.8725 ], [ 82.62, 26.8816 ], [ 82.6204, 26.8962 ], [ 82.627, 26.9051 ], [ 82.6245, 26.9147 ], [ 82.6337, 26.9197 ], [ 82.6298, 26.9317 ], [ 82.6245, 26.931 ], [ 82.6225, 26.9366 ], [ 82.6146, 26.936 ], [ 82.6138, 26.9387 ], [ 82.6239, 26.9412 ], [ 82.6275, 26.9489 ], [ 82.6218, 26.9525 ], [ 82.6218, 26.9602 ], [ 82.6162, 26.9625 ], [ 82.6208, 26.9692 ], [ 82.6198, 26.9762 ], [ 82.623, 26.9795 ], [ 82.6348, 26.9794 ], [ 82.6356, 26.9845 ], [ 82.6305, 26.9899 ], [ 82.6389, 26.9928 ], [ 82.632, 26.9976 ], [ 82.6337, 27.0028 ], [ 82.6246, 27.0055 ], [ 82.6302, 27.0161 ], [ 82.6411, 27.0134 ], [ 82.659, 27.017 ], [ 82.6687, 27.0109 ], [ 82.681, 27.0147 ], [ 82.6904, 27.0232 ], [ 82.7122, 27.0205 ], [ 82.7193, 27.0232 ], [ 82.7135, 27.0002 ], [ 82.7148, 26.9974 ], [ 82.7331, 26.9961 ], [ 82.7333, 26.9836 ], [ 82.7501, 26.9826 ], [ 82.7536, 26.9849 ], [ 82.7513, 26.9912 ], [ 82.7651, 26.996 ], [ 82.76, 26.9903 ], [ 82.7607, 26.9841 ], [ 82.7698, 26.9862 ], [ 82.7784, 26.983 ], [ 82.7973, 26.9681 ], [ 82.8004, 26.9793 ], [ 82.805, 26.9793 ], [ 82.8036, 26.9566 ], [ 82.7912, 26.9468 ], [ 82.8001, 26.9417 ], [ 82.8067, 26.9493 ], [ 82.8069, 26.9379 ], [ 82.8113, 26.9371 ], [ 82.82, 26.9378 ], [ 82.847, 26.9655 ], [ 82.8643, 26.9671 ], [ 82.8746, 26.9741 ], [ 82.8696, 26.9809 ], [ 82.8695, 26.9906 ], [ 82.8892, 26.9973 ], [ 82.8951, 26.9936 ], [ 82.8911, 26.9864 ], [ 82.8989, 26.9822 ], [ 82.9043, 26.9669 ], [ 82.8976, 26.9542 ], [ 82.897, 26.9431 ], [ 82.9218, 26.9307 ], [ 82.9202, 26.9251 ], [ 82.902, 26.9227 ], [ 82.8894, 26.9326 ], [ 82.8738, 26.935 ], [ 82.8764, 26.9451 ], [ 82.8694, 26.9494 ], [ 82.8601, 26.9442 ], [ 82.8549, 26.9294 ], [ 82.844, 26.9298 ], [ 82.8417, 26.924 ], [ 82.8473, 26.9175 ], [ 82.852, 26.9215 ], [ 82.8627, 26.9202 ], [ 82.8616, 26.9083 ], [ 82.8566, 26.903 ], [ 82.8476, 26.9009 ], [ 82.8631, 26.8827 ], [ 82.8389, 26.8812 ], [ 82.8289, 26.871 ], [ 82.8323, 26.8632 ], [ 82.8185, 26.8608 ], [ 82.8187, 26.8454 ], [ 82.8302, 26.8494 ], [ 82.8422, 26.845 ], [ 82.8445, 26.8387 ], [ 82.8509, 26.8356 ], [ 82.8644, 26.8387 ], [ 82.873, 26.8352 ], [ 82.873, 26.8276 ], [ 82.8787, 26.822 ], [ 82.8719, 26.8016 ], [ 82.8767, 26.7974 ], [ 82.8739, 26.788 ], [ 82.8869, 26.7863 ], [ 82.8953, 26.7923 ], [ 82.8993, 26.7879 ], [ 82.9241, 26.799 ], [ 82.9171, 26.7868 ], [ 82.9123, 26.7658 ], [ 82.9219, 26.7717 ], [ 82.9337, 26.7648 ], [ 82.9341, 26.7574 ], [ 82.9439, 26.756 ], [ 82.9423, 26.7534 ], [ 82.9529, 26.746 ], [ 82.9497, 26.7378 ], [ 82.9687, 26.714 ], [ 82.9656, 26.696 ], [ 82.9591, 26.6947 ], [ 82.9556, 26.6868 ], [ 82.9622, 26.6768 ], [ 82.9496, 26.6744 ], [ 82.9427, 26.6774 ], [ 82.9436, 26.6821 ], [ 82.9354, 26.6814 ], [ 82.9221, 26.6714 ], [ 82.9149, 26.6606 ], [ 82.9084, 26.6592 ], [ 82.9057, 26.6508 ], [ 82.9107, 26.6485 ], [ 82.9114, 26.6418 ], [ 82.9177, 26.6409 ], [ 82.9245, 26.6254 ], [ 82.9157, 26.6269 ], [ 82.8997, 26.6387 ], [ 82.8993, 26.6316 ], [ 82.8921, 26.6283 ], [ 82.8875, 26.6164 ], [ 82.8792, 26.6139 ], [ 82.886, 26.5839 ], [ 82.894, 26.5862 ], [ 82.8941, 26.5788 ], [ 82.9019, 26.5797 ], [ 82.9025, 26.5677 ], [ 82.9092, 26.5618 ], [ 82.9093, 26.554 ], [ 82.893, 26.5589 ], [ 82.8968, 26.5411 ] ] ] } },
{ "type": "Feature", "properties": { "unit_id": "IND.34.16.2_1", "unit_name": "Haraiya", "district": "Basti", "did": "uttar_pradesh:Basti", "state": "Uttar Pradesh", "state_key": "uttar_pradesh", "name_ok": true }, "geometry": { "type": "Polygon", "coordinates": [ [ [ 82.5699, 26.6079 ], [ 82.5344, 26.6289 ], [ 82.487, 26.6436 ], [ 82.462, 26.6616 ], [ 82.4363, 26.6618 ], [ 82.4043, 26.6494 ], [ 82.3945, 26.652 ], [ 82.3727, 26.6618 ], [ 82.3574, 26.6746 ], [ 82.305, 26.7291 ], [ 82.2759, 26.7401 ], [ 82.2619, 26.7516 ], [ 82.2481, 26.7478 ], [ 82.2264, 26.7564 ], [ 82.2136, 26.782 ], [ 82.2151, 26.8116 ], [ 82.2281, 26.8226 ], [ 82.2391, 26.8165 ], [ 82.2465, 26.819 ], [ 82.239, 26.8267 ], [ 82.2302, 26.8555 ], [ 82.2324, 26.8591 ], [ 82.2228, 26.8725 ], [ 82.2403, 26.8987 ], [ 82.2383, 26.9094 ], [ 82.2264, 26.9183 ], [ 82.2337, 26.9388 ], [ 82.2406, 26.9379 ], [ 82.2518, 26.9461 ], [ 82.2663, 26.9415 ], [ 82.268, 26.9475 ], [ 82.2815, 26.9508 ], [ 82.2904, 26.9679 ], [ 82.3016, 26.9732 ], [ 82.3068, 26.9813 ], [ 82.3169, 26.9744 ], [ 82.3227, 26.9558 ], [ 82.3499, 26.9355 ], [ 82.3595, 26.9364 ], [ 82.3771, 26.9454 ], [ 82.3813, 26.9519 ], [ 82.3888, 26.951 ], [ 82.4275, 26.9314 ], [ 82.4362, 26.9372 ], [ 82.4708, 26.9085 ], [ 82.4773, 26.9092 ], [ 82.4924, 26.925 ], [ 82.4939, 26.9426 ], [ 82.5017, 26.947 ], [ 82.5044, 26.9532 ], [ 82.5102, 26.9564 ], [ 82.5291, 26.9567 ], [ 82.5414, 26.9668 ], [ 82.5535, 26.9692 ], [ 82.5545, 26.9926 ], [ 82.5622, 26.9917 ], [ 82.5807, 27.0058 ], [ 82.5958, 27.0044 ], [ 82.6066, 27.0084 ], [ 82.6164, 27.0025 ], [ 82.6235, 27.0057 ], [ 82.6337, 27.0028 ], [ 82.632, 26.9976 ], [ 82.6389, 26.9928 ], [ 82.6305, 26.9899 ], [ 82.6356, 26.9845 ], [ 82.6348, 26.9794 ], [ 82.623, 26.9795 ], [ 82.6162, 26.9625 ], [ 82.6218, 26.9602 ], [ 82.6218, 26.9525 ], [ 82.6275, 26.9489 ], [ 82.6239, 26.9412 ], [ 82.6183, 26.9415 ], [ 82.6146, 26.936 ], [ 82.6207, 26.9376 ], [ 82.6245, 26.931 ], [ 82.6298, 26.9317 ], [ 82.6337, 26.9197 ], [ 82.6245, 26.9147 ], [ 82.627, 26.9051 ], [ 82.6204, 26.8962 ], [ 82.62, 26.8816 ], [ 82.6288, 26.8725 ], [ 82.666, 26.8668 ], [ 82.6794, 26.8609 ], [ 82.6828, 26.8565 ], [ 82.6823, 26.8524 ], [ 82.6794, 26.8539 ], [ 82.677, 26.8508 ], [ 82.6798, 26.8494 ], [ 82.692, 26.8514 ], [ 82.69, 26.8563 ], [ 82.6977, 26.8549 ], [ 82.6976, 26.8494 ], [ 82.706, 26.8447 ], [ 82.706, 26.8365 ], [ 82.7021, 26.8255 ], [ 82.6908, 26.8235 ], [ 82.6804, 26.8304 ], [ 82.6745, 26.8292 ], [ 82.651, 26.838 ], [ 82.6403, 26.8307 ], [ 82.6366, 26.8341 ], [ 82.6304, 26.8322 ], [ 82.6211, 26.8241 ], [ 82.6099, 26.8243 ], [ 82.6075, 26.8199 ], [ 82.6114, 26.8047 ], [ 82.6225, 26.7965 ], [ 82.6319, 26.7947 ], [ 82.6307, 26.7841 ], [ 82.6497, 26.7548 ], [ 82.6326, 26.7433 ], [ 82.6347, 26.7334 ], [ 82.6172, 26.7311 ], [ 82.6102, 26.7225 ], [ 82.6157, 26.7181 ], [ 82.6139, 26.71 ], [ 82.6288, 26.704 ], [ 82.6319, 26.6986 ], [ 82.6225, 26.6791 ], [ 82.6124, 26.6763 ], [ 82.6226, 26.6661 ], [ 82.6237, 26.6598 ], [ 82.6189, 26.6359 ], [ 82.614, 26.6292 ], [ 82.6133, 26.6045 ], [ 82.5699, 26.6079 ] ] ] } },
{ "type": "Feature", "properties": { "unit_id": "IND.34.17.1_1", "unit_name": "Bijnor", "district": "Bijnor", "did": "uttar_pradesh:Bijnor", "state": "Uttar Pradesh", "state_key": "uttar_pradesh", "name_ok": true }, "geometry": { "type": "Polygon", "coordinates": [ [ [ 78.3417, 29.0488 ], [ 78.3297, 29.0548 ], [ 78.3256, 29.0485 ], [ 78.3122, 29.0449 ], [ 78.2981, 29.0455 ], [ 78.2959, 29.0495 ], [ 78.3002, 29.0539 ], [ 78.2937, 29.0571 ], [ 78.2831, 29.0457 ], [ 78.2656, 29.0543 ], [ 78.2475, 29.0492 ], [ 78.2324, 29.0513 ], [ 78.2288, 29.0464 ], [ 78.2228, 29.0467 ], [ 78.1995, 29.0616 ], [ 78.1954, 29.0563 ], [ 78.1723, 29.0681 ], [ 78.1653, 29.0624 ], [ 78.1591, 29.0663 ], [ 78.149, 29.0598 ], [ 78.1488, 29.0762 ], [ 78.1364, 29.0833 ], [ 78.1073, 29.085 ], [ 78.0946, 29.0893 ], [ 78.1047, 29.103 ], [ 78.1066, 29.1127 ], [ 78.0991, 29.127 ], [ 78.1003, 29.1539 ], [ 78.1078, 29.1652 ], [ 78.1244, 29.1711 ], [ 78.1312, 29.1858 ], [ 78.1287, 29.1972 ], [ 78.1155, 29.2112 ], [ 78.1145, 29.2234 ], [ 78.1254, 29.2661 ], [ 78.1098, 29.2942 ], [ 78.0981, 29.3295 ], [ 78.0766, 29.3467 ], [ 78.0717, 29.3635 ], [ 78.0565, 29.3649 ], [ 78.05, 29.3761 ], [ 78.0393, 29.383 ], [ 78.0372, 29.3946 ], [ 78.0535, 29.4076 ], [ 78.0507, 29.4168 ], [ 78.0422, 29.4177 ], [ 78.026, 29.4356 ], [ 78.0175, 29.4584 ], [ 78.0051, 29.4678 ], [ 78.0089, 29.4704 ], [ 78.0072, 29.4751 ], [ 77.9972, 29.4739 ], [ 77.9882, 29.4812 ], [ 77.9816, 29.4989 ], [ 77.9853, 29.545 ], [ 77.9942, 29.5551 ], [ 78.0369, 29.5526 ], [ 78.0372, 29.5653 ], [ 78.0426, 29.5719 ], [ 78.0365, 29.5809 ], [ 78.0398, 29.588 ], [ 78.0592, 29.6016 ], [ 78.0821, 29.6018 ], [ 78.0906, 29.6248 ], [ 78.0968, 29.6306 ], [ 78.1112, 29.6189 ], [ 78.1109, 29.6117 ], [ 78.1161, 29.6066 ], [ 78.1397, 29.5967 ], [ 78.1368, 29.5903 ], [ 78.1526, 29.5802 ], [ 78.1582, 29.5594 ], [ 78.1562, 29.5529 ], [ 78.1735, 29.5414 ], [ 78.1736, 29.5257 ], [ 78.1614, 29.5209 ], [ 78.1673, 29.5144 ], [ 78.1667, 29.5103 ], [ 78.1603, 29.5121 ], [ 78.1602, 29.5096 ], [ 78.1647, 29.5015 ], [ 78.1872, 29.489 ], [ 78.1834, 29.4816 ], [ 78.1992, 29.4638 ], [ 78.1957, 29.4551 ], [ 78.2132, 29.4499 ], [ 78.2131, 29.4457 ], [ 78.2271, 29.4409 ], [ 78.2352, 29.444 ], [ 78.2529, 29.4401 ], [ 78.2631, 29.431 ], [ 78.2696, 29.438 ], [ 78.2794, 29.4253 ], [ 78.2923, 29.4165 ], [ 78.2901, 29.4028 ], [ 78.3005, 29.387 ], [ 78.2981, 29.3686 ], [ 78.3061, 29.3493 ], [ 78.3005, 29.3309 ], [ 78.3123, 29.3238 ], [ 78.317, 29.2922 ], [ 78.3357, 29.2771 ], [ 78.3351, 29.2682 ], [ 78.3269, 29.2666 ], [ 78.3195, 29.26 ], [ 78.3295, 29.2463 ], [ 78.3344, 29.2486 ], [ 78.3343, 29.2411 ], [ 78.3305, 29.2396 ], [ 78.3278, 29.2428 ], [ 78.3121, 29.219 ], [ 78.319, 29.2115 ], [ 78.3259, 29.2157 ], [ 78.3334, 29.212 ], [ 78.3264, 29.2049 ], [ 78.3197, 29.2035 ], [ 78.3168, 29.1898 ], [ 78.3235, 29.1785 ], [ 78.3315, 29.176 ], [ 78.3221, 29.1646 ], [ 78.3381, 29.1438 ], [ 78.3117, 29.1328 ], [ 78.3216, 29.1169 ], [ 78.3125, 29.1098 ], [ 78.3145, 29.1006 ], [ 78.309, 29.0965 ], [ 78.3197, 29.0804 ], [ 78.3376, 29.0727 ], [ 78.3456, 29.0741 ], [ 78.3519, 29.0683 ], [ 78.3491, 29.0629 ], [ 78.3555, 29.0353 ], [ 78.3417, 29.0488 ] ] ] } },
{ "type": "Feature", "properties": { "unit_id": "IND.34.17.2_1", "unit_name": "Dhampur", "district": "Bijnor", "did": "uttar_pradesh:Bijnor", "state": "Uttar Pradesh", "state_key": "uttar_pradesh", "name_ok": true }, "geometry": { "type": "Polygon", "coordinates": [ [ [ 78.65, 29.1727 ], [ 78.6387, 29.1795 ], [ 78.6268, 29.1672 ], [ 78.6424, 29.1584 ], [ 78.6534, 29.1598 ], [ 78.6526, 29.1498 ], [ 78.6354, 29.1325 ], [ 78.6257, 29.1325 ], [ 78.6096, 29.1213 ], [ 78.6079, 29.118 ], [ 78.6157, 29.1074 ], [ 78.6049, 29.0977 ], [ 78.5952, 29.0966 ], [ 78.5904, 29.0904 ], [ 78.5648, 29.0952 ], [ 78.5658, 29.089 ], [ 78.5547, 29.0869 ], [ 78.5482, 29.0811 ], [ 78.5237, 29.086 ], [ 78.5048, 29.065 ], [ 78.5009, 29.0671 ], [ 78.4941, 29.0603 ], [ 78.4819, 29.0702 ], [ 78.477, 29.0667 ], [ 78.4572, 29.0722 ], [ 78.4396, 29.0632 ], [ 78.4362, 29.0563 ], [ 78.4101, 29.0435 ], [ 78.404, 29.0445 ], [ 78.398, 29.0376 ], [ 78.3923, 29.0368 ], [ 78.3842, 29.0432 ], [ 78.3555, 29.0353 ], [ 78.3491, 29.0629 ], [ 78.3519, 29.0683 ], [ 78.3456, 29.0741 ], [ 78.3376, 29.0727 ], [ 78.3197, 29.0804 ], [ 78.309, 29.0965 ], [ 78.3145, 29.1006 ], [ 78.3125, 29.1098 ], [ 78.3216, 29.1169 ], [ 78.3117, 29.1328 ], [ 78.3381, 29.1438 ], [ 78.3221, 29.1646 ], [ 78.3315, 29.176 ], [ 78.3235, 29.1785 ], [ 78.3168, 29.1898 ], [ 78.3197, 29.2035 ], [ 78.3264, 29.2049 ], [ 78.3334, 29.212 ], [ 78.3259, 29.2157 ], [ 78.319, 29.2115 ], [ 78.3121, 29.219 ], [ 78.3278, 29.2428 ], [ 78.3305, 29.2396 ], [ 78.3343, 29.2411 ], [ 78.3344, 29.2486 ], [ 78.3295, 29.2463 ], [ 78.3195, 29.26 ], [ 78.3269, 29.2666 ], [ 78.3351, 29.2682 ], [ 78.3357, 29.2771 ], [ 78.317, 29.2922 ], [ 78.3123, 29.3238 ], [ 78.3005, 29.3309 ], [ 78.3061, 29.3493 ], [ 78.2981, 29.3686 ], [ 78.3005, 29.387 ], [ 78.315, 29.406 ], [ 78.3226, 29.408 ], [ 78.3486, 29.3999 ], [ 78.3745, 29.3977 ], [ 78.3894, 29.3899 ], [ 78.3886, 29.3767 ], [ 78.4191, 29.3596 ], [ 78.4266, 29.3665 ], [ 78.4245, 29.3791 ], [ 78.4289, 29.3841 ], [ 78.4603, 29.3855 ], [ 78.4764, 29.3995 ], [ 78.4894, 29.404 ], [ 78.5054, 29.4226 ], [ 78.513, 29.423 ], [ 78.5357, 29.4058 ], [ 78.5561, 29.4069 ], [ 78.5697, 29.3902 ], [ 78.5834, 29.3844 ], [ 78.5877, 29.3836 ], [ 78.5896, 29.3881 ], [ 78.5972, 29.3859 ], [ 78.5924, 29.3774 ], [ 78.6026, 29.37 ], [ 78.6118, 29.3798 ], [ 78.6268, 29.3811 ], [ 78.623, 29.3702 ], [ 78.6274, 29.3548 ], [ 78.6359, 29.3474 ], [ 78.642, 29.3333 ], [ 78.6507, 29.331 ], [ 78.6443, 29.3205 ], [ 78.644, 29.3097 ], [ 78.6329, 29.3017 ], [ 78.6433, 29.2781 ], [ 78.6649, 29.2538 ], [ 78.6619, 29.2309 ], [ 78.6682, 29.2323 ], [ 78.6744, 29.2263 ], [ 78.6673, 29.2148 ], [ 78.6772, 29.2147 ], [ 78.6879, 29.2238 ], [ 78.6922, 29.2183 ], [ 78.6856, 29.2094 ], [ 78.6796, 29.2065 ], [ 78.6733, 29.2098 ], [ 78.6697, 29.2046 ], [ 78.6537, 29.1975 ], [ 78.6487, 29.1871 ], [ 78.6581, 29.184 ], [ 78.6579, 29.1793 ], [ 78.65, 29.1727 ] ] ] } },
{ "type": "Feature", "properties": { "unit_id": "IND.34.17.3_1", "unit_name": "Nagina", "district": "Bijnor", "did": "uttar_pradesh:Bijnor", "state": "Uttar Pradesh", "state_key": "uttar_pradesh", "name_ok": true }, "geometry": { "type": "Polygon", "coordinates": [ [ [ 78.2901, 29.4028 ], [ 78.2923, 29.4165 ], [ 78.2794, 29.4253 ], [ 78.2885, 29.427 ], [ 78.2904, 29.4358 ], [ 78.3108, 29.4503 ], [ 78.3112, 29.4579 ], [ 78.3276, 29.4617 ], [ 78.3342, 29.4594 ], [ 78.3389, 29.4653 ], [ 78.3496, 29.4654 ], [ 78.3507, 29.4791 ], [ 78.3629, 29.4962 ], [ 78.3583, 29.5023 ], [ 78.3594, 29.5164 ], [ 78.3454, 29.5246 ], [ 78.3617, 29.5325 ], [ 78.3595, 29.5396 ], [ 78.385, 29.5481 ], [ 78.3986, 29.5613 ], [ 78.4048, 29.5629 ], [ 78.4087, 29.5737 ], [ 78.4243, 29.5859 ], [ 78.4318, 29.6042 ], [ 78.431, 29.6155 ], [ 78.4249, 29.624 ], [ 78.4348, 29.6367 ], [ 78.4305, 29.6426 ], [ 78.4392, 29.6516 ], [ 78.4437, 29.6762 ], [ 78.466, 29.7131 ], [ 78.4826, 29.7174 ], [ 78.4902, 29.7249 ], [ 78.5018, 29.7117 ], [ 78.5115, 29.6507 ], [ 78.5274, 29.6244 ], [ 78.5765, 29.5806 ], [ 78.6052, 29.5618 ], [ 78.6396, 29.5478 ], [ 78.6934, 29.5089 ], [ 78.7266, 29.5087 ], [ 78.7391, 29.505 ], [ 78.7658, 29.4838 ], [ 78.7855, 29.476 ], [ 78.8658, 29.4596 ], [ 78.9003, 29.4562 ], [ 78.9198, 29.4601 ], [ 78.9229, 29.4562 ], [ 78.9004, 29.4467 ], [ 78.8965, 29.4236 ], [ 78.8702, 29.3924 ], [ 78.8626, 29.3946 ], [ 78.8568, 29.3856 ], [ 78.8404, 29.3799 ], [ 78.8325, 29.3813 ], [ 78.8363, 29.3714 ], [ 78.8288, 29.3682 ], [ 78.8142, 29.37 ], [ 78.811, 29.3803 ], [ 78.815, 29.3853 ], [ 78.809, 29.3829 ], [ 78.7972, 29.3556 ], [ 78.7901, 29.3521 ], [ 78.7979, 29.3383 ], [ 78.7888, 29.3293 ], [ 78.7813, 29.332 ], [ 78.7825, 29.3464 ], [ 78.7791, 29.3423 ], [ 78.7659, 29.3411 ], [ 78.7653, 29.3457 ], [ 78.7574, 29.3498 ], [ 78.747, 29.3433 ], [ 78.7415, 29.3326 ], [ 78.7283, 29.3342 ], [ 78.7273, 29.3175 ], [ 78.7139, 29.3174 ], [ 78.7468, 29.3027 ], [ 78.7668, 29.2859 ], [ 78.75, 29.2848 ], [ 78.7419, 29.2886 ], [ 78.7349, 29.2825 ], [ 78.7199, 29.2825 ], [ 78.7111, 29.2735 ], [ 78.695, 29.2732 ], [ 78.6938, 29.2671 ], [ 78.6827, 29.2591 ], [ 78.6867, 29.2532 ], [ 78.6802, 29.2432 ], [ 78.6682, 29.2323 ], [ 78.6619, 29.2309 ], [ 78.6649, 29.2538 ], [ 78.6433, 29.2781 ], [ 78.6329, 29.3017 ], [ 78.644, 29.3097 ], [ 78.6443, 29.3205 ], [ 78.6507, 29.331 ], [ 78.642, 29.3333 ], [ 78.6359, 29.3474 ], [ 78.6274, 29.3548 ], [ 78.623, 29.3702 ], [ 78.6268, 29.3811 ], [ 78.6118, 29.3798 ], [ 78.6026, 29.37 ], [ 78.5924, 29.3774 ], [ 78.5972, 29.3859 ], [ 78.5896, 29.3881 ], [ 78.5877, 29.3836 ], [ 78.5697, 29.3902 ], [ 78.5561, 29.4069 ], [ 78.5357, 29.4058 ], [ 78.513, 29.423 ], [ 78.5019, 29.4202 ], [ 78.4894, 29.404 ], [ 78.4764, 29.3995 ], [ 78.4603, 29.3855 ], [ 78.4289, 29.3841 ], [ 78.4245, 29.3791 ], [ 78.4266, 29.3665 ], [ 78.4191, 29.3596 ], [ 78.3886, 29.3767 ], [ 78.3894, 29.3899 ], [ 78.3745, 29.3977 ], [ 78.3486, 29.3999 ], [ 78.3367, 29.4051 ], [ 78.3175, 29.4075 ], [ 78.3005, 29.387 ], [ 78.2901, 29.4028 ] ] ] } },
{ "type": "Feature", "properties": { "unit_id": "IND.34.17.4_1", "unit_name": "Najibabad", "district": "Bijnor", "did": "uttar_pradesh:Bijnor", "state": "Uttar Pradesh", "state_key": "uttar_pradesh", "name_ok": true }, "geometry": { "type": "Polygon", "coordinates": [ [ [ 78.2696, 29.438 ], [ 78.2631, 29.431 ], [ 78.2529, 29.4401 ], [ 78.2352, 29.444 ], [ 78.2271, 29.4409 ], [ 78.2131, 29.4457 ], [ 78.2132, 29.4499 ], [ 78.1957, 29.4551 ], [ 78.1992, 29.4638 ], [ 78.1834, 29.4816 ], [ 78.1872, 29.489 ], [ 78.1647, 29.5015 ], [ 78.1602, 29.5096 ], [ 78.1603, 29.5121 ], [ 78.1667, 29.5103 ], [ 78.1673, 29.5144 ], [ 78.1614, 29.5209 ], [ 78.1736, 29.5257 ], [ 78.1735, 29.5414 ], [ 78.1562, 29.5529 ], [ 78.1582, 29.5594 ], [ 78.1526, 29.5802 ], [ 78.1368, 29.5903 ], [ 78.1397, 29.5967 ], [ 78.1161, 29.6066 ], [ 78.1109, 29.6117 ], [ 78.1112, 29.6189 ], [ 78.0975, 29.6308 ], [ 78.107, 29.6332 ], [ 78.1148, 29.6452 ], [ 78.134, 29.6585 ], [ 78.1391, 29.6761 ], [ 78.1659, 29.6795 ], [ 78.1822, 29.6916 ], [ 78.1935, 29.7101 ], [ 78.2213, 29.7176 ], [ 78.2314, 29.7041 ], [ 78.2648, 29.7268 ], [ 78.3029, 29.7576 ], [ 78.3317, 29.7962 ], [ 78.386, 29.7739 ], [ 78.4126, 29.7724 ], [ 78.4321, 29.7581 ], [ 78.4736, 29.7485 ], [ 78.4876, 29.7414 ], [ 78.4902, 29.7249 ], [ 78.4826, 29.7174 ], [ 78.466, 29.7131 ], [ 78.4437, 29.6762 ], [ 78.4392, 29.6516 ], [ 78.4305, 29.6426 ], [ 78.4348, 29.6367 ], [ 78.4249, 29.624 ], [ 78.431, 29.6155 ], [ 78.4318, 29.6042 ], [ 78.4243, 29.5859 ], [ 78.4087, 29.5737 ], [ 78.4048, 29.5629 ], [ 78.3986, 29.5613 ], [ 78.385, 29.5481 ], [ 78.3595, 29.5396 ], [ 78.3617, 29.5325 ], [ 78.3454, 29.5246 ], [ 78.3594, 29.5164 ], [ 78.3583, 29.5023 ], [ 78.3629, 29.4962 ], [ 78.3507, 29.4791 ], [ 78.3496, 29.4654 ], [ 78.3389, 29.4653 ], [ 78.3342, 29.4594 ], [ 78.3276, 29.4617 ], [ 78.3112, 29.4579 ], [ 78.3108, 29.4503 ], [ 78.2904, 29.4358 ], [ 78.2885, 29.427 ], [ 78.2794, 29.4253 ], [ 78.2696, 29.438 ] ] ] } },
{ "type": "Feature", "properties": { "unit_id": "IND.34.18.1_1", "unit_name": "Bisauli", "district": "Budaun", "did": "uttar_pradesh:Budaun", "state": "Uttar Pradesh", "state_key": "uttar_pradesh", "name_ok": true }, "geometry": { "type": "Polygon", "coordinates": [ [ [ 78.9973, 28.3924 ], [ 79.0346, 28.3828 ], [ 79.0561, 28.3707 ], [ 79.0657, 28.3597 ], [ 79.0596, 28.3326 ], [ 79.0663, 28.3176 ], [ 79.0829, 28.3167 ], [ 79.0817, 28.3042 ], [ 79.0911, 28.285 ], [ 79.082, 28.2728 ], [ 79.0845, 28.2531 ], [ 79.1143, 28.2341 ], [ 79.1161, 28.2225 ], [ 79.1063, 28.2123 ], [ 79.114, 28.1999 ], [ 79.1186, 28.1952 ], [ 79.1368, 28.1967 ], [ 79.1457, 28.1835 ], [ 79.1281, 28.1798 ], [ 79.1273, 28.1664 ], [ 79.1044, 28.1294 ], [ 79.0874, 28.1204 ], [ 79.068, 28.1184 ], [ 79.0708, 28.1328 ], [ 79.0558, 28.1436 ], [ 79.0542, 28.1502 ], [ 78.9694, 28.1958 ], [ 78.9677, 28.2056 ], [ 78.9574, 28.2195 ], [ 78.9504, 28.2172 ], [ 78.9457, 28.2309 ], [ 78.9374, 28.2261 ], [ 78.9305, 28.229 ], [ 78.9155, 28.2271 ], [ 78.9069, 28.2304 ], [ 78.898, 28.2439 ], [ 78.8926, 28.24 ], [ 78.8837, 28.245 ], [ 78.8813, 28.2423 ], [ 78.8633, 28.245 ], [ 78.8516, 28.2353 ], [ 78.8339, 28.2396 ], [ 78.8039, 28.2621 ], [ 78.7902, 28.2636 ], [ 78.7795, 28.2537 ], [ 78.77, 28.2637 ], [ 78.7582, 28.2665 ], [ 78.7211, 28.2345 ], [ 78.7164, 28.2515 ], [ 78.6998, 28.2716 ], [ 78.6881, 28.2746 ], [ 78.6782, 28.2852 ], [ 78.6705, 28.2831 ], [ 78.664, 28.2872 ], [ 78.6515, 28.2784 ], [ 78.6368, 28.3019 ], [ 78.6522, 28.3268 ], [ 78.6435, 28.3358 ], [ 78.6587, 28.3528 ], [ 78.6697, 28.3521 ], [ 78.6809, 28.3624 ], [ 78.6898, 28.3788 ], [ 78.7209, 28.3908 ], [ 78.7293, 28.3832 ], [ 78.7444, 28.3825 ], [ 78.756, 28.3999 ], [ 78.7459, 28.4075 ], [ 78.7519, 28.4164 ], [ 78.7669, 28.4122 ], [ 78.7715, 28.4072 ], [ 78.7767, 28.4103 ], [ 78.7809, 28.4146 ], [ 78.7772, 28.4221 ], [ 78.787, 28.433 ], [ 78.7836, 28.4447 ], [ 78.7946, 28.4559 ], [ 78.8071, 28.4513 ], [ 78.8139, 28.4594 ], [ 78.8224, 28.4597 ], [ 78.8301, 28.4654 ], [ 78.8349, 28.4615 ], [ 78.8473, 28.4809 ], [ 78.8544, 28.4808 ], [ 78.8599, 28.487 ], [ 78.875, 28.4802 ], [ 78.8804, 28.4885 ], [ 78.8996, 28.4804 ], [ 78.9094, 28.4855 ], [ 78.9151, 28.4837 ], [ 78.9184, 28.4658 ], [ 78.9266, 28.4553 ], [ 78.9259, 28.444 ], [ 78.935, 28.4402 ], [ 78.9367, 28.4436 ], [ 78.9438, 28.4434 ], [ 78.9667, 28.4265 ], [ 78.97, 28.4111 ], [ 78.9893, 28.3909 ], [ 78.9973, 28.3924 ] ] ] } },
{ "type": "Feature", "properties": { "unit_id": "IND.34.18.2_1", "unit_name": "Budaun", "district": "Budaun", "did": "uttar_pradesh:Budaun", "state": "Uttar Pradesh", "state_key": "uttar_pradesh", "name_ok": true }, "geometry": { "type": "Polygon", "coordinates": [ [ [ 79.1501, 28.1804 ], [ 79.1614, 28.1864 ], [ 79.1812, 28.1789 ], [ 79.1925, 28.1929 ], [ 79.1984, 28.1947 ], [ 79.2312, 28.1879 ], [ 79.2438, 28.1787 ], [ 79.2518, 28.1773 ], [ 79.2604, 28.1676 ], [ 79.2788, 28.1779 ], [ 79.3037, 28.1829 ], [ 79.316, 28.1758 ], [ 79.3165, 28.1544 ], [ 79.3091, 28.1414 ], [ 79.299, 28.1431 ], [ 79.2983, 28.1408 ], [ 79.2996, 28.1347 ], [ 79.3122, 28.131 ], [ 79.316, 28.1234 ], [ 79.3079, 28.1087 ], [ 79.2992, 28.1043 ], [ 79.2915, 28.1053 ], [ 79.2865, 28.0935 ], [ 79.2767, 28.0976 ], [ 79.2742, 28.0956 ], [ 79.2766, 28.0902 ], [ 79.2733, 28.0763 ], [ 79.2759, 28.0699 ], [ 79.285, 28.0693 ], [ 79.2782, 28.0624 ], [ 79.2884, 28.0426 ], [ 79.2896, 28.0276 ], [ 79.2849, 28.0205 ], [ 79.2915, 28.0142 ], [ 79.3066, 28.0137 ], [ 79.3084, 28.0059 ], [ 79.2826, 27.9907 ], [ 79.2699, 27.9888 ], [ 79.2642, 27.9799 ], [ 79.2735, 27.9762 ], [ 79.2795, 27.9793 ], [ 79.2969, 27.9779 ], [ 79.3001, 27.9699 ], [ 79.3129, 27.9614 ], [ 79.3073, 27.9485 ], [ 79.2853, 27.9442 ], [ 79.2665, 27.9491 ], [ 79.238, 27.9407 ], [ 79.2262, 27.9447 ], [ 79.2124, 27.9287 ], [ 79.2107, 27.9217 ], [ 79.2038, 27.9194 ], [ 79.1924, 27.9318 ], [ 79.1809, 27.9189 ], [ 79.176, 27.9266 ], [ 79.1721, 27.9251 ], [ 79.1633, 27.9146 ], [ 79.1593, 27.8937 ], [ 79.1773, 27.8747 ], [ 79.1491, 27.8729 ], [ 79.1471, 27.8589 ], [ 79.1307, 27.8412 ], [ 79.113, 27.8532 ], [ 79.0892, 27.8372 ], [ 79.0624, 27.8495 ], [ 79.0365, 27.8429 ], [ 79.0119, 27.8483 ], [ 78.9928, 27.846 ], [ 79.0062, 27.864 ], [ 78.9771, 27.8792 ], [ 78.9653, 27.8727 ], [ 78.955, 27.8568 ], [ 78.9372, 27.8579 ], [ 78.9265, 27.8526 ], [ 78.9108, 27.8571 ], [ 78.9131, 27.8815 ], [ 78.8792, 27.9229 ], [ 78.8612, 27.9165 ], [ 78.8494, 27.9214 ], [ 78.8414, 27.9313 ], [ 78.8183, 27.9424 ], [ 78.8076, 27.9583 ], [ 78.7982, 27.9607 ], [ 78.8113, 27.9847 ], [ 78.8192, 27.9926 ], [ 78.8314, 27.9951 ], [ 78.8333, 28.0065 ], [ 78.8497, 28.006 ], [ 78.8551, 28.0004 ], [ 78.8622, 28.0032 ], [ 78.8654, 28.0411 ], [ 78.8714, 28.0447 ], [ 78.9012, 28.0398 ], [ 78.9159, 28.0455 ], [ 78.9285, 28.0382 ], [ 78.9326, 28.0466 ], [ 78.956, 28.0632 ], [ 78.9959, 28.0474 ], [ 79.0213, 28.0631 ], [ 79.024, 28.0777 ], [ 79.0316, 28.0809 ], [ 79.0508, 28.0778 ], [ 79.074, 28.0816 ], [ 79.0777, 28.0933 ], [ 79.0714, 28.099 ], [ 79.0674, 28.1118 ], [ 79.1044, 28.1294 ], [ 79.1273, 28.1664 ], [ 79.1281, 28.1798 ], [ 79.1457, 28.1835 ], [ 79.1501, 28.1804 ] ] ] } },
{ "type": "Feature", "properties": { "unit_id": "IND.34.18.3_1", "unit_name": "Dataganj", "district": "Budaun", "did": "uttar_pradesh:Budaun", "state": "Uttar Pradesh", "state_key": "uttar_pradesh", "name_ok": true }, "geometry": { "type": "Polygon", "coordinates": [ [ [ 79.3242, 28.1589 ], [ 79.3345, 28.1691 ], [ 79.3401, 28.1715 ], [ 79.3484, 28.1686 ], [ 79.3594, 28.1763 ], [ 79.3634, 28.1747 ], [ 79.3662, 28.1807 ], [ 79.3768, 28.1816 ], [ 79.3961, 28.1723 ], [ 79.4132, 28.1771 ], [ 79.418, 28.1659 ], [ 79.4356, 28.1566 ], [ 79.4482, 28.1411 ], [ 79.4827, 28.1204 ], [ 79.4882, 28.1138 ], [ 79.4909, 28.092 ], [ 79.4888, 28.0721 ], [ 79.4737, 28.0594 ], [ 79.4706, 28.0509 ], [ 79.4907, 28.0228 ], [ 79.4855, 28.0057 ], [ 79.4661, 27.9905 ], [ 79.4589, 27.9732 ], [ 79.4799, 27.9485 ], [ 79.4756, 27.9447 ], [ 79.4753, 27.935 ], [ 79.4593, 27.9329 ], [ 79.4502, 27.902 ], [ 79.4656, 27.8616 ], [ 79.4748, 27.8548 ], [ 79.4761, 27.8486 ], [ 79.4674, 27.8481 ], [ 79.4586, 27.8539 ], [ 79.4495, 27.8547 ], [ 79.4459, 27.8462 ], [ 79.4389, 27.8418 ], [ 79.4304, 27.8499 ], [ 79.4128, 27.8393 ], [ 79.4032, 27.8477 ], [ 79.3969, 27.8475 ], [ 79.3921, 27.8294 ], [ 79.3821, 27.8233 ], [ 79.3763, 27.8277 ], [ 79.3647, 27.823 ], [ 79.3645, 27.8103 ], [ 79.3568, 27.8089 ], [ 79.3465, 27.7961 ], [ 79.34, 27.769 ], [ 79.3394, 27.7603 ], [ 79.3472, 27.7581 ], [ 79.3489, 27.7435 ], [ 79.3278, 27.74 ], [ 79.3213, 27.734 ], [ 79.3301, 27.7157 ], [ 79.3281, 27.7056 ], [ 79.3329, 27.6999 ], [ 79.334, 27.6846 ], [ 79.3442, 27.6755 ], [ 79.3423, 27.6576 ], [ 79.3062, 27.6731 ], [ 79.2999, 27.6822 ], [ 79.2877, 27.6885 ], [ 79.2815, 27.6862 ], [ 79.2913, 27.6738 ], [ 79.2499, 27.6898 ], [ 79.2509, 27.699 ], [ 79.2351, 27.7037 ], [ 79.2268, 27.7134 ], [ 79.218, 27.7019 ], [ 79.1992, 27.713 ], [ 79.2017, 27.7453 ], [ 79.1865, 27.7569 ], [ 79.178, 27.77 ], [ 79.1629, 27.7785 ], [ 79.1651, 27.7823 ], [ 79.1592, 27.7853 ], [ 79.1527, 27.825 ], [ 79.1461, 27.8288 ], [ 79.1379, 27.8223 ], [ 79.1298, 27.8246 ], [ 79.1371, 27.8353 ], [ 79.1308, 27.8434 ], [ 79.1471, 27.8589 ], [ 79.1491, 27.8729 ], [ 79.1773, 27.8747 ], [ 79.1599, 27.8903 ], [ 79.1674, 27.9219 ], [ 79.176, 27.9266 ], [ 79.1809, 27.9189 ], [ 79.1924, 27.9318 ], [ 79.2038, 27.9194 ], [ 79.2107, 27.9217 ], [ 79.2124, 27.9287 ], [ 79.2262, 27.9447 ], [ 79.238, 27.9407 ], [ 79.2665, 27.9491 ], [ 79.2853, 27.9442 ], [ 79.3073, 27.9485 ], [ 79.3129, 27.9614 ], [ 79.3001, 27.9699 ], [ 79.2969, 27.9779 ], [ 79.2795, 27.9793 ], [ 79.2735, 27.9762 ], [ 79.2642, 27.9799 ], [ 79.2699, 27.9888 ], [ 79.2826, 27.9907 ], [ 79.3084, 28.0059 ], [ 79.3066, 28.0137 ], [ 79.2915, 28.0142 ], [ 79.2849, 28.0205 ], [ 79.2896, 28.0276 ], [ 79.2884, 28.0426 ], [ 79.2782, 28.0624 ], [ 79.285, 28.0693 ], [ 79.2746, 28.0721 ], [ 79.2742, 28.0956 ], [ 79.2767, 28.0976 ], [ 79.2865, 28.0935 ], [ 79.2915, 28.1053 ], [ 79.2992, 28.1043 ], [ 79.3079, 28.1087 ], [ 79.3154, 28.1261 ], [ 79.3122, 28.131 ], [ 79.2996, 28.1347 ], [ 79.2983, 28.1408 ], [ 79.299, 28.1431 ], [ 79.3091, 28.1414 ], [ 79.3173, 28.1631 ], [ 79.3242, 28.1589 ] ] ] } },
{ "type": "Feature", "properties": { "unit_id": "IND.34.18.4_1", "unit_name": "Sahaswan", "district": "Budaun", "did": "uttar_pradesh:Budaun", "state": "Uttar Pradesh", "state_key": "uttar_pradesh", "name_ok": true }, "geometry": { "type": "Polygon", "coordinates": [ [ [ 78.5957, 28.0582 ], [ 78.6062, 28.0619 ], [ 78.5795, 28.0741 ], [ 78.5835, 28.086 ], [ 78.579, 28.0879 ], [ 78.5907, 28.1027 ], [ 78.5916, 28.1107 ], [ 78.5845, 28.119 ], [ 78.573, 28.1218 ], [ 78.5717, 28.1251 ], [ 78.5808, 28.1262 ], [ 78.5874, 28.1397 ], [ 78.5822, 28.1441 ], [ 78.5925, 28.155 ], [ 78.58, 28.1619 ], [ 78.5777, 28.1581 ], [ 78.5749, 28.1635 ], [ 78.5773, 28.1679 ], [ 78.5855, 28.1674 ], [ 78.5892, 28.1793 ], [ 78.6075, 28.1832 ], [ 78.6077, 28.1925 ], [ 78.6017, 28.193 ], [ 78.6001, 28.1992 ], [ 78.5891, 28.2019 ], [ 78.5968, 28.2158 ], [ 78.6035, 28.2164 ], [ 78.6326, 28.244 ], [ 78.6277, 28.2469 ], [ 78.6282, 28.2673 ], [ 78.6352, 28.2759 ], [ 78.6333, 28.2794 ], [ 78.6436, 28.2887 ], [ 78.6515, 28.2784 ], [ 78.664, 28.2872 ], [ 78.6705, 28.2831 ], [ 78.6782, 28.2852 ], [ 78.6881, 28.2746 ], [ 78.6998, 28.2716 ], [ 78.7164, 28.2515 ], [ 78.7211, 28.2345 ], [ 78.7582, 28.2665 ], [ 78.77, 28.2637 ], [ 78.7795, 28.2537 ], [ 78.7902, 28.2636 ], [ 78.8039, 28.2621 ], [ 78.8339, 28.2396 ], [ 78.8516, 28.2353 ], [ 78.8633, 28.245 ], [ 78.8813, 28.2423 ], [ 78.8837, 28.245 ], [ 78.8926, 28.24 ], [ 78.898, 28.2439 ], [ 78.9069, 28.2304 ], [ 78.9155, 28.2271 ], [ 78.9305, 28.229 ], [ 78.9374, 28.2261 ], [ 78.9457, 28.2309 ], [ 78.9504, 28.2172 ], [ 78.9574, 28.2195 ], [ 78.9677, 28.2056 ], [ 78.9694, 28.1958 ], [ 79.0542, 28.1502 ], [ 79.0558, 28.1436 ], [ 79.0708, 28.1328 ], [ 79.068, 28.1184 ], [ 79.0827, 28.1194 ], [ 79.0674, 28.1118 ], [ 79.0714, 28.099 ], [ 79.0777, 28.0933 ], [ 79.074, 28.0816 ], [ 79.0508, 28.0778 ], [ 79.0316, 28.0809 ], [ 79.024, 28.0777 ], [ 79.0213, 28.0631 ], [ 78.9959, 28.0474 ], [ 78.956, 28.0632 ], [ 78.9326, 28.0466 ], [ 78.9285, 28.0382 ], [ 78.9159, 28.0455 ], [ 78.9012, 28.0398 ], [ 78.8714, 28.0447 ], [ 78.8654, 28.0411 ], [ 78.8622, 28.0032 ], [ 78.8551, 28.0004 ], [ 78.8497, 28.006 ], [ 78.8333, 28.0065 ], [ 78.8314, 27.9951 ], [ 78.816, 27.9905 ], [ 78.7982, 27.9607 ], [ 78.7906, 27.9567 ], [ 78.7776, 27.9581 ], [ 78.7626, 27.9679 ], [ 78.7583, 27.9679 ], [ 78.7514, 27.9556 ], [ 78.7381, 27.9636 ], [ 78.7176, 27.9671 ], [ 78.6954, 27.9889 ], [ 78.6925, 27.9983 ], [ 78.6701, 28.0067 ], [ 78.6663, 28.032 ], [ 78.658, 28.038 ], [ 78.6613, 28.041 ], [ 78.6403, 28.0449 ], [ 78.6287, 28.0516 ], [ 78.6207, 28.0441 ], [ 78.6104, 28.0449 ], [ 78.5957, 28.0582 ] ] ] } },
{ "type": "Feature", "properties": { "unit_id": "IND.34.19.1_1", "unit_name": "Anupshahr", "district": "Bulandshahr", "did": "uttar_pradesh:Bulandshahr", "state": "Uttar Pradesh", "state_key": "uttar_pradesh", "name_ok": true }, "geometry": { "type": "Polygon", "coordinates": [ [ [ 78.2072, 28.1376 ], [ 78.1981, 28.1449 ], [ 78.1993, 28.165 ], [ 78.2038, 28.1739 ], [ 78.1957, 28.1739 ], [ 78.1947, 28.1794 ], [ 78.19, 28.1762 ], [ 78.1879, 28.1801 ], [ 78.1818, 28.1792 ], [ 78.1813, 28.1901 ], [ 78.1909, 28.2032 ], [ 78.1885, 28.2117 ], [ 78.1839, 28.2161 ], [ 78.1589, 28.2224 ], [ 78.1581, 28.2362 ], [ 78.1508, 28.2465 ], [ 78.1503, 28.2542 ], [ 78.1369, 28.2614 ], [ 78.1383, 28.2692 ], [ 78.1475, 28.2789 ], [ 78.1544, 28.2803 ], [ 78.164, 28.2895 ], [ 78.1525, 28.3069 ], [ 78.1458, 28.3101 ], [ 78.1326, 28.3363 ], [ 78.1187, 28.3428 ], [ 78.1161, 28.358 ], [ 78.1189, 28.3649 ], [ 78.0929, 28.3722 ], [ 78.0864, 28.3825 ], [ 78.0785, 28.3781 ], [ 78.0645, 28.383 ], [ 78.0464, 28.3743 ], [ 78.0444, 28.3583 ], [ 78.039, 28.3563 ], [ 78.0337, 28.3589 ], [ 78.025, 28.3757 ], [ 78.0113, 28.3871 ], [ 78.0146, 28.3928 ], [ 78.0067, 28.4011 ], [ 78.0145, 28.4146 ], [ 78.0107, 28.4259 ], [ 78.0044, 28.4308 ], [ 78.0061, 28.4407 ], [ 78.0098, 28.4426 ], [ 78.0051, 28.4496 ], [ 78.0095, 28.4562 ], [ 77.9993, 28.4629 ], [ 78.0039, 28.4657 ], [ 77.9897, 28.4786 ], [ 77.9703, 28.4715 ], [ 77.9598, 28.4724 ], [ 77.9535, 28.4794 ], [ 77.9571, 28.4893 ], [ 77.9747, 28.5014 ], [ 77.9584, 28.5146 ], [ 77.9599, 28.522 ], [ 77.9717, 28.5265 ], [ 77.9777, 28.5237 ], [ 78.0132, 28.5436 ], [ 78.0374, 28.5761 ], [ 78.0456, 28.5711 ], [ 78.0525, 28.574 ], [ 78.0677, 28.5681 ], [ 78.0821, 28.577 ], [ 78.0889, 28.57 ], [ 78.104, 28.5691 ], [ 78.1081, 28.5753 ], [ 78.122, 28.5638 ], [ 78.1343, 28.5737 ], [ 78.1475, 28.5696 ], [ 78.1595, 28.5821 ], [ 78.1615, 28.5952 ], [ 78.1712, 28.604 ], [ 78.2052, 28.6056 ], [ 78.2192, 28.5791 ], [ 78.2055, 28.5556 ], [ 78.2106, 28.5374 ], [ 78.2052, 28.5313 ], [ 78.2094, 28.5059 ], [ 78.2148, 28.5013 ], [ 78.2614, 28.4961 ], [ 78.2666, 28.4907 ], [ 78.2668, 28.476 ], [ 78.2944, 28.4647 ], [ 78.2958, 28.4555 ], [ 78.2779, 28.4434 ], [ 78.272, 28.4331 ], [ 78.2748, 28.4136 ], [ 78.2875, 28.4008 ], [ 78.2738, 28.3779 ], [ 78.294, 28.3416 ], [ 78.3013, 28.3142 ], [ 78.3118, 28.2951 ], [ 78.3261, 28.2818 ], [ 78.3643, 28.2684 ], [ 78.3721, 28.2453 ], [ 78.3853, 28.2324 ], [ 78.4006, 28.2026 ], [ 78.4141, 28.1945 ], [ 78.427, 28.1794 ], [ 78.4382, 28.1739 ], [ 78.4558, 28.1466 ], [ 78.4758, 28.1301 ], [ 78.4516, 28.1035 ], [ 78.4302, 28.1082 ], [ 78.4187, 28.0998 ], [ 78.4138, 28.105 ], [ 78.4082, 28.1044 ], [ 78.4038, 28.1134 ], [ 78.3929, 28.1205 ], [ 78.3792, 28.1093 ], [ 78.376, 28.1125 ], [ 78.3825, 28.1298 ], [ 78.3764, 28.1339 ], [ 78.3758, 28.1457 ], [ 78.3587, 28.1578 ], [ 78.3539, 28.1555 ], [ 78.3492, 28.1578 ], [ 78.342, 28.1546 ], [ 78.3346, 28.1421 ], [ 78.3297, 28.1419 ], [ 78.3218, 28.1331 ], [ 78.3179, 28.1343 ], [ 78.2967, 28.1241 ], [ 78.2896, 28.1231 ], [ 78.286, 28.1276 ], [ 78.2801, 28.1278 ], [ 78.2637, 28.12 ], [ 78.2431, 28.1201 ], [ 78.239, 28.112 ], [ 78.2241, 28.1044 ], [ 78.2072, 28.1376 ] ] ] } },
{ "type": "Feature", "properties": { "unit_id": "IND.34.19.2_1", "unit_name": "Bulandshahr", "district": "Bulandshahr", "did": "uttar_pradesh:Bulandshahr", "state": "Uttar Pradesh", "state_key": "uttar_pradesh", "name_ok": true }, "geometry": { "type": "Polygon", "coordinates": [ [ [ 78.2108, 28.1145 ], [ 78.1884, 28.092 ], [ 78.167, 28.0913 ], [ 78.15, 28.0751 ], [ 78.1416, 28.0748 ], [ 78.1297, 28.0804 ], [ 78.1334, 28.1002 ], [ 78.1276, 28.1098 ], [ 78.1191, 28.113 ], [ 78.1139, 28.1203 ], [ 78.092, 28.1134 ], [ 78.0932, 28.129 ], [ 78.0845, 28.123 ], [ 78.0724, 28.124 ], [ 78.0642, 28.1323 ], [ 78.0401, 28.1354 ], [ 78.026, 28.1269 ], [ 78.0238, 28.1161 ], [ 77.9947, 28.0952 ], [ 77.995, 28.0835 ], [ 77.9903, 28.0792 ], [ 77.9774, 28.0861 ], [ 77.9638, 28.0833 ], [ 77.9541, 28.0886 ], [ 77.9489, 28.085 ], [ 77.9411, 28.0863 ], [ 77.9295, 28.0825 ], [ 77.9297, 28.0941 ], [ 77.9184, 28.1021 ], [ 77.9097, 28.0994 ], [ 77.8967, 28.1129 ], [ 77.8869, 28.1147 ], [ 77.8567, 28.1378 ], [ 77.8411, 28.1331 ], [ 77.8348, 28.139 ], [ 77.844, 28.1547 ], [ 77.8381, 28.1638 ], [ 77.8422, 28.1649 ], [ 77.8412, 28.17 ], [ 77.8356, 28.1775 ], [ 77.8158, 28.163 ], [ 77.8, 28.1588 ], [ 77.8043, 28.1457 ], [ 77.7758, 28.1429 ], [ 77.7672, 28.1328 ], [ 77.7324, 28.1971 ], [ 77.7156, 28.2184 ], [ 77.6855, 28.2452 ], [ 77.6814, 28.2551 ], [ 77.6653, 28.2664 ], [ 77.662, 28.2765 ], [ 77.6653, 28.3168 ], [ 77.6575, 28.3302 ], [ 77.6553, 28.3671 ], [ 77.6441, 28.3827 ], [ 77.6217, 28.4006 ], [ 77.6005, 28.4085 ], [ 77.5859, 28.4286 ], [ 77.5854, 28.4357 ], [ 77.5898, 28.4385 ], [ 77.6013, 28.4381 ], [ 77.6141, 28.4456 ], [ 77.6041, 28.459 ], [ 77.6079, 28.4721 ], [ 77.6386, 28.4906 ], [ 77.6474, 28.4909 ], [ 77.6505, 28.497 ], [ 77.6624, 28.5016 ], [ 77.6636, 28.508 ], [ 77.6801, 28.5141 ], [ 77.6787, 28.5309 ], [ 77.6851, 28.5357 ], [ 77.6783, 28.5576 ], [ 77.7025, 28.559 ], [ 77.7148, 28.5518 ], [ 77.7267, 28.561 ], [ 77.7421, 28.5649 ], [ 77.7469, 28.5694 ], [ 77.7482, 28.5848 ], [ 77.7596, 28.5902 ], [ 77.7734, 28.5911 ], [ 77.7905, 28.6208 ], [ 77.8005, 28.6273 ], [ 77.8298, 28.6352 ], [ 77.8475, 28.6567 ], [ 77.8688, 28.6445 ], [ 77.8919, 28.6367 ], [ 77.8923, 28.6435 ], [ 77.9016, 28.6555 ], [ 77.8923, 28.6616 ], [ 77.8928, 28.6688 ], [ 77.8958, 28.6718 ], [ 77.9035, 28.6697 ], [ 77.9069, 28.6733 ], [ 77.9024, 28.678 ], [ 77.9267, 28.7076 ], [ 77.9391, 28.7077 ], [ 77.9568, 28.7195 ], [ 77.9764, 28.7046 ], [ 77.9991, 28.7032 ], [ 78.0027, 28.6891 ], [ 78.0165, 28.6765 ], [ 78.0434, 28.661 ], [ 78.0552, 28.6569 ], [ 78.0632, 28.6634 ], [ 78.0711, 28.659 ], [ 78.0757, 28.6454 ], [ 78.0819, 28.6398 ], [ 78.1176, 28.6284 ], [ 78.1264, 28.6364 ], [ 78.1382, 28.6358 ], [ 78.1582, 28.6233 ], [ 78.1987, 28.6212 ], [ 78.2052, 28.6056 ], [ 78.1712, 28.604 ], [ 78.1615, 28.5952 ], [ 78.1595, 28.5821 ], [ 78.1475, 28.5696 ], [ 78.1343, 28.5737 ], [ 78.122, 28.5638 ], [ 78.1081, 28.5753 ], [ 78.104, 28.5691 ], [ 78.0889, 28.57 ], [ 78.0821, 28.577 ], [ 78.0677, 28.5681 ], [ 78.0525, 28.574 ], [ 78.0456, 28.5711 ], [ 78.0374, 28.5761 ], [ 78.0132, 28.5436 ], [ 77.9777, 28.5237 ], [ 77.9717, 28.5265 ], [ 77.9599, 28.522 ], [ 77.9584, 28.5146 ], [ 77.9747, 28.5014 ], [ 77.9571, 28.4893 ], [ 77.9535, 28.4794 ], [ 77.9598, 28.4724 ], [ 77.9703, 28.4715 ], [ 77.9897, 28.4786 ], [ 78.0039, 28.4657 ], [ 77.9993, 28.4629 ], [ 78.0095, 28.4562 ], [ 78.0051, 28.4496 ], [ 78.0098, 28.4426 ], [ 78.0061, 28.4407 ], [ 78.0044, 28.4308 ], [ 78.0107, 28.4259 ], [ 78.0145, 28.4146 ], [ 78.0067, 28.4011 ], [ 78.0146, 28.3928 ], [ 78.0113, 28.3871 ], [ 78.025, 28.3757 ], [ 78.0337, 28.3589 ], [ 78.039, 28.3563 ], [ 78.0444, 28.3583 ], [ 78.0464, 28.3743 ], [ 78.0645, 28.383 ], [ 78.0785, 28.3781 ], [ 78.0864, 28.3825 ], [ 78.0929, 28.3722 ], [ 78.1189, 28.3649 ], [ 78.1161, 28.358 ], [ 78.1187, 28.3428 ], [ 78.1326, 28.3363 ], [ 78.1458, 28.3101 ], [ 78.1525, 28.3069 ], [ 78.164, 28.2895 ], [ 78.1544, 28.2803 ], [ 78.1475, 28.2789 ], [ 78.1383, 28.2692 ], [ 78.1369, 28.2614 ], [ 78.1503, 28.2542 ], [ 78.1508, 28.2465 ], [ 78.1581, 28.2362 ], [ 78.1589, 28.2224 ], [ 78.1839, 28.2161 ], [ 78.1885, 28.2117 ], [ 78.1909, 28.2032 ], [ 78.1813, 28.1901 ], [ 78.1818, 28.1792 ], [ 78.1879, 28.1801 ], [ 78.19, 28.1762 ], [ 78.1947, 28.1794 ], [ 78.1957, 28.1739 ], [ 78.2038, 28.1739 ], [ 78.1993, 28.165 ], [ 78.1981, 28.1449 ], [ 78.2072, 28.1376 ], [ 78.2218, 28.1055 ], [ 78.2108, 28.1145 ] ] ] } },
{ "type": "Feature", "properties": { "unit_id": "IND.34.20.1_1", "unit_name": "Chakia", "district": "Chandauli", "did": "uttar_pradesh:Chandauli", "state": "Uttar Pradesh", "state_key": "uttar_pradesh", "name_ok": true }, "geometry": { "type": "Polygon", "coordinates": [ [ [ 83.3525, 25.1518 ], [ 83.3521, 25.1312 ], [ 83.3574, 25.1242 ], [ 83.3538, 25.1104 ], [ 83.3401, 25.1124 ], [ 83.338, 25.0881 ], [ 83.3322, 25.0825 ], [ 83.3278, 25.061 ], [ 83.3336, 25.058 ], [ 83.3338, 25.051 ], [ 83.3219, 25.0558 ], [ 83.3235, 25.0481 ], [ 83.3165, 25.0384 ], [ 83.3161, 25.0273 ], [ 83.3197, 25.0155 ], [ 83.3277, 25.0163 ], [ 83.3439, 25.0105 ], [ 83.3459, 24.9921 ], [ 83.3385, 24.9636 ], [ 83.3463, 24.9629 ], [ 83.357, 24.9554 ], [ 83.358, 24.914 ], [ 83.3514, 24.9031 ], [ 83.36, 24.8918 ], [ 83.3549, 24.8855 ], [ 83.3642, 24.8786 ], [ 83.354, 24.8706 ], [ 83.3683, 24.8632 ], [ 83.3825, 24.8403 ], [ 83.3892, 24.8361 ], [ 83.3957, 24.8156 ], [ 83.3901, 24.8044 ], [ 83.3925, 24.7971 ], [ 83.3831, 24.7785 ], [ 83.3678, 24.7747 ], [ 83.3449, 24.7779 ], [ 83.3314, 24.7745 ], [ 83.3204, 24.7859 ], [ 83.3136, 24.7874 ], [ 83.313, 24.778 ], [ 83.3221, 24.7678 ], [ 83.2983, 24.733 ], [ 83.3005, 24.7209 ], [ 83.2914, 24.7194 ], [ 83.2808, 24.7308 ], [ 83.2793, 24.7388 ], [ 83.2648, 24.7305 ], [ 83.2514, 24.7316 ], [ 83.2464, 24.7263 ], [ 83.2206, 24.7329 ], [ 83.1969, 24.7205 ], [ 83.179, 24.7162 ], [ 83.1784, 24.7241 ], [ 83.1725, 24.7182 ], [ 83.1541, 24.7263 ], [ 83.1424, 24.7478 ], [ 83.1349, 24.7544 ], [ 83.0944, 24.7698 ], [ 83.0924, 24.7749 ], [ 83.0818, 24.7813 ], [ 83.0879, 24.7938 ], [ 83.0879, 24.7989 ], [ 83.0825, 24.8005 ], [ 83.0919, 24.8127 ], [ 83.0996, 24.8184 ], [ 83.1053, 24.8174 ], [ 83.118, 24.8231 ], [ 83.121, 24.8273 ], [ 83.1105, 24.8419 ], [ 83.0872, 24.8387 ], [ 83.0769, 24.862 ], [ 83.0785, 24.8687 ], [ 83.0703, 24.8882 ], [ 83.0731, 24.9016 ], [ 83.0591, 24.9306 ], [ 83.0537, 24.9552 ], [ 83.0531, 24.9693 ], [ 83.0682, 24.9787 ], [ 83.0608, 25.0049 ], [ 83.0678, 25.0165 ], [ 83.0603, 25.0267 ], [ 83.0641, 25.0336 ], [ 83.0544, 25.0448 ], [ 83.0597, 25.0465 ], [ 83.0598, 25.0527 ], [ 83.0509, 25.0601 ], [ 83.0621, 25.0693 ], [ 83.074, 25.0651 ], [ 83.0951, 25.0658 ], [ 83.1111, 25.0582 ], [ 83.1214, 25.0602 ], [ 83.1225, 25.0938 ], [ 83.1151, 25.0962 ], [ 83.1155, 25.1035 ], [ 83.1266, 25.1054 ], [ 83.1289, 25.1096 ], [ 83.1212, 25.1264 ], [ 83.1325, 25.1338 ], [ 83.1365, 25.1294 ], [ 83.1466, 25.1317 ], [ 83.148, 25.1361 ], [ 83.1593, 25.1374 ], [ 83.1633, 25.1483 ], [ 83.1892, 25.15 ], [ 83.1912, 25.163 ], [ 83.2331, 25.1626 ], [ 83.246, 25.157 ], [ 83.2515, 25.1623 ], [ 83.2714, 25.1653 ], [ 83.2712, 25.1507 ], [ 83.2779, 25.1421 ], [ 83.2931, 25.1465 ], [ 83.3075, 25.161 ], [ 83.3185, 25.1625 ], [ 83.3432, 25.1587 ], [ 83.3525, 25.1518 ] ] ] } },
{ "type": "Feature", "properties": { "unit_id": "IND.34.20.2_1", "unit_name": "Chandauli", "district": "Chandauli", "did": "uttar_pradesh:Chandauli", "state": "Uttar Pradesh", "state_key": "uttar_pradesh", "name_ok": true }, "geometry": { "type": "Polygon", "coordinates": [ [ [ 83.5331, 25.3129 ], [ 83.5466, 25.3116 ], [ 83.5256, 25.2995 ], [ 83.5181, 25.3025 ], [ 83.518, 25.2932 ], [ 83.5081, 25.2862 ], [ 83.5026, 25.2896 ], [ 83.4982, 25.283 ], [ 83.4948, 25.2873 ], [ 83.4862, 25.2795 ], [ 83.4803, 25.2824 ], [ 83.471, 25.2721 ], [ 83.4704, 25.2627 ], [ 83.4603, 25.252 ], [ 83.4536, 25.2513 ], [ 83.4398, 25.2592 ], [ 83.4312, 25.2501 ], [ 83.4314, 25.2445 ], [ 83.4193, 25.2533 ], [ 83.4193, 25.2464 ], [ 83.4093, 25.2493 ], [ 83.3882, 25.207 ], [ 83.3796, 25.2118 ], [ 83.3721, 25.2011 ], [ 83.3603, 25.1964 ], [ 83.3496, 25.1989 ], [ 83.3439, 25.1874 ], [ 83.3359, 25.1836 ], [ 83.338, 25.1799 ], [ 83.3481, 25.1786 ], [ 83.3432, 25.1587 ], [ 83.3185, 25.1625 ], [ 83.3075, 25.161 ], [ 83.2931, 25.1465 ], [ 83.2779, 25.1421 ], [ 83.2712, 25.1507 ], [ 83.2714, 25.1653 ], [ 83.2515, 25.1623 ], [ 83.246, 25.157 ], [ 83.2331, 25.1626 ], [ 83.1912, 25.163 ], [ 83.1892, 25.15 ], [ 83.1633, 25.1483 ], [ 83.1642, 25.1683 ], [ 83.173, 25.1717 ], [ 83.173, 25.1812 ], [ 83.1609, 25.1889 ], [ 83.1195, 25.1895 ], [ 83.1137, 25.2022 ], [ 83.0911, 25.2033 ], [ 83.0859, 25.2052 ], [ 83.085, 25.2121 ], [ 83.0685, 25.2131 ], [ 83.0621, 25.2307 ], [ 83.0417, 25.2353 ], [ 83.0257, 25.2438 ], [ 83.0406, 25.2496 ], [ 83.0626, 25.2472 ], [ 83.0495, 25.2567 ], [ 83.0433, 25.2702 ], [ 83.0379, 25.2719 ], [ 83.0406, 25.2844 ], [ 83.0053, 25.295 ], [ 83.004, 25.2989 ], [ 83.0213, 25.315 ], [ 83.0646, 25.329 ], [ 83.091, 25.3313 ], [ 83.1317, 25.319 ], [ 83.1535, 25.3333 ], [ 83.1672, 25.3541 ], [ 83.1863, 25.4077 ], [ 83.1824, 25.4214 ], [ 83.1778, 25.4246 ], [ 83.1462, 25.44 ], [ 83.1222, 25.4465 ], [ 83.1222, 25.4519 ], [ 83.1352, 25.4717 ], [ 83.1616, 25.4897 ], [ 83.1779, 25.5243 ], [ 83.1919, 25.5343 ], [ 83.2395, 25.526 ], [ 83.2756, 25.5091 ], [ 83.2982, 25.4775 ], [ 83.321, 25.4652 ], [ 83.3318, 25.4658 ], [ 83.3722, 25.4901 ], [ 83.4052, 25.4892 ], [ 83.4474, 25.4451 ], [ 83.4961, 25.4085 ], [ 83.5278, 25.393 ], [ 83.5217, 25.3801 ], [ 83.5233, 25.3745 ], [ 83.5409, 25.3496 ], [ 83.5302, 25.3464 ], [ 83.524, 25.3219 ], [ 83.5347, 25.3152 ], [ 83.5331, 25.3129 ] ] ] } },
{ "type": "Feature", "properties": { "unit_id": "IND.34.21.1_1", "unit_name": "Karwi", "district": "Chitrakoot", "did": "uttar_pradesh:Chitrakoot", "state": "Uttar Pradesh", "state_key": "uttar_pradesh", "name_ok": true }, "geometry": { "type": "Polygon", "coordinates": [ [ [ 81.2051, 25.0031 ], [ 81.2017, 24.9957 ], [ 81.2127, 24.9817 ], [ 81.2, 24.9669 ], [ 81.206, 24.9581 ], [ 81.206, 24.9392 ], [ 81.2126, 24.9345 ], [ 81.1995, 24.9269 ], [ 81.1844, 24.9292 ], [ 81.199, 24.9347 ], [ 81.1766, 24.955 ], [ 81.1721, 24.9535 ], [ 81.1642, 24.9598 ], [ 81.1614, 24.9585 ], [ 81.1555, 24.932 ], [ 81.1512, 24.9272 ], [ 81.1523, 24.9163 ], [ 81.1401, 24.9164 ], [ 81.1333, 24.9056 ], [ 81.1324, 24.8921 ], [ 81.1168, 24.9018 ], [ 81.1107, 24.9107 ], [ 81.1038, 24.9127 ], [ 81.0965, 24.9225 ], [ 81.0895, 24.9245 ], [ 81.0805, 24.9384 ], [ 81.0825, 24.9477 ], [ 81.0764, 24.9523 ], [ 81.0267, 24.955 ], [ 81.0199, 24.952 ], [ 81.0192, 24.945 ], [ 81.0095, 24.9543 ], [ 81.0072, 24.9526 ], [ 81.0126, 24.9437 ], [ 81.0211, 24.9383 ], [ 81.0168, 24.9325 ], [ 81.0087, 24.9325 ], [ 81.0, 24.9402 ], [ 80.981, 24.9297 ], [ 80.9793, 24.9381 ], [ 80.9723, 24.9396 ], [ 80.9657, 24.9386 ], [ 80.9552, 24.9257 ], [ 80.9511, 24.927 ], [ 80.9522, 24.9429 ], [ 80.9439, 24.9507 ], [ 80.9448, 24.968 ], [ 80.9368, 24.9725 ], [ 80.8973, 24.9567 ], [ 80.8933, 24.9505 ], [ 80.9012, 24.9433 ], [ 80.9, 24.9396 ], [ 80.8848, 24.9489 ], [ 80.875, 24.9407 ], [ 80.8349, 24.9345 ], [ 80.829, 24.9384 ], [ 80.8154, 24.9379 ], [ 80.8022, 24.9445 ], [ 80.8029, 24.9569 ], [ 80.7916, 24.9639 ], [ 80.79, 24.9718 ], [ 80.7988, 24.9749 ], [ 80.8186, 24.9736 ], [ 80.8247, 24.9861 ], [ 80.8364, 24.9861 ], [ 80.8482, 24.9981 ], [ 80.8503, 25.0031 ], [ 80.8401, 25.0202 ], [ 80.8291, 25.03 ], [ 80.8267, 25.0392 ], [ 80.8352, 25.0397 ], [ 80.8411, 25.0513 ], [ 80.8707, 25.0711 ], [ 80.8751, 25.0795 ], [ 80.8648, 25.0843 ], [ 80.8643, 25.0882 ], [ 80.873, 25.1026 ], [ 80.865, 25.1236 ], [ 80.8754, 25.1444 ], [ 80.8884, 25.1412 ], [ 80.9049, 25.1603 ], [ 80.9056, 25.1645 ], [ 80.8862, 25.1772 ], [ 80.878, 25.1956 ], [ 80.8642, 25.1879 ], [ 80.8363, 25.1927 ], [ 80.8423, 25.1712 ], [ 80.8321, 25.1414 ], [ 80.8378, 25.1275 ], [ 80.8334, 25.1133 ], [ 80.8277, 25.1103 ], [ 80.8186, 25.1306 ], [ 80.8096, 25.1307 ], [ 80.8083, 25.1408 ], [ 80.7996, 25.1464 ], [ 80.7821, 25.1371 ], [ 80.774, 25.1466 ], [ 80.7661, 25.1409 ], [ 80.7509, 25.1417 ], [ 80.7381, 25.1346 ], [ 80.7231, 25.1488 ], [ 80.7153, 25.1467 ], [ 80.7106, 25.1384 ], [ 80.6996, 25.1371 ], [ 80.7009, 25.128 ], [ 80.7173, 25.1289 ], [ 80.7254, 25.1229 ], [ 80.7199, 25.1173 ], [ 80.719, 25.104 ], [ 80.7252, 25.098 ], [ 80.7334, 25.1013 ], [ 80.7458, 25.0994 ], [ 80.7521, 25.0954 ], [ 80.7511, 25.0911 ], [ 80.776, 25.0843 ], [ 80.7814, 25.0696 ], [ 80.7759, 25.0617 ], [ 80.7336, 25.0624 ], [ 80.7272, 25.0718 ], [ 80.7144, 25.0678 ], [ 80.7096, 25.0778 ], [ 80.6949, 25.0839 ], [ 80.6934, 25.0879 ], [ 80.7003, 25.0893 ], [ 80.7037, 25.0967 ], [ 80.6901, 25.107 ], [ 80.6859, 25.1313 ], [ 80.6804, 25.1347 ], [ 80.6808, 25.1458 ], [ 80.6853, 25.1583 ], [ 80.7002, 25.1623 ], [ 80.7077, 25.168 ], [ 80.7039, 25.1832 ], [ 80.7061, 25.1889 ], [ 80.712, 25.1935 ], [ 80.7231, 25.1944 ], [ 80.7307, 25.1889 ], [ 80.7451, 25.1914 ], [ 80.759, 25.2094 ], [ 80.7731, 25.2097 ], [ 80.7896, 25.2204 ], [ 80.7692, 25.2306 ], [ 80.7616, 25.2278 ], [ 80.7435, 25.233 ], [ 80.7394, 25.2433 ], [ 80.7431, 25.2554 ], [ 80.7601, 25.2584 ], [ 80.7746, 25.2661 ], [ 80.7954, 25.2495 ], [ 80.8028, 25.2624 ], [ 80.8035, 25.2668 ], [ 80.7791, 25.2783 ], [ 80.7687, 25.3007 ], [ 80.7496, 25.3089 ], [ 80.7542, 25.3193 ], [ 80.7506, 25.3283 ], [ 80.7624, 25.3283 ], [ 80.7618, 25.3351 ], [ 80.7781, 25.3351 ], [ 80.7922, 25.347 ], [ 80.7945, 25.3403 ], [ 80.8084, 25.3468 ], [ 80.8095, 25.351 ], [ 80.8252, 25.3526 ], [ 80.8451, 25.3745 ], [ 80.8559, 25.3783 ], [ 80.867, 25.405 ], [ 80.8775, 25.4085 ], [ 80.8792, 25.4241 ], [ 80.8997, 25.4361 ], [ 80.8987, 25.4453 ], [ 80.9072, 25.443 ], [ 80.9223, 25.4463 ], [ 80.9291, 25.4671 ], [ 80.9351, 25.4734 ], [ 80.9747, 25.467 ], [ 80.9793, 25.4814 ], [ 80.9903, 25.48 ], [ 80.9914, 25.4905 ], [ 81.0034, 25.4957 ], [ 81.0024, 25.5016 ], [ 81.0087, 25.5011 ], [ 81.0183, 25.508 ], [ 81.0143, 25.5198 ], [ 80.9997, 25.5386 ], [ 81.0083, 25.5401 ], [ 81.0137, 25.5483 ], [ 81.0267, 25.5366 ], [ 81.0542, 25.5254 ], [ 81.1078, 25.5181 ], [ 81.1461, 25.5081 ], [ 81.1828, 25.4915 ], [ 81.187, 25.4816 ], [ 81.1877, 25.4643 ], [ 81.183, 25.4538 ], [ 81.1429, 25.4295 ], [ 81.1429, 25.4009 ], [ 81.1309, 25.3857 ], [ 81.112, 25.3928 ], [ 81.1087, 25.391 ], [ 81.1183, 25.3743 ], [ 81.1082, 25.3729 ], [ 81.1122, 25.3601 ], [ 81.1186, 25.3543 ], [ 81.116, 25.3479 ], [ 81.1204, 25.3416 ], [ 81.1128, 25.3231 ], [ 81.1171, 25.317 ], [ 81.1139, 25.3031 ], [ 81.1299, 25.2952 ], [ 81.1255, 25.2841 ], [ 81.1385, 25.2787 ], [ 81.1438, 25.2621 ], [ 81.1397, 25.2292 ], [ 81.1443, 25.2183 ], [ 81.1406, 25.2092 ], [ 81.1442, 25.2085 ], [ 81.1475, 25.1938 ], [ 81.1529, 25.1902 ], [ 81.1592, 25.2005 ], [ 81.1659, 25.1765 ], [ 81.1743, 25.1718 ], [ 81.178, 25.1625 ], [ 81.185, 25.1618 ], [ 81.1841, 25.1536 ], [ 81.1958, 25.1456 ], [ 81.2003, 25.1348 ], [ 81.1996, 25.1278 ], [ 81.1944, 25.1264 ], [ 81.1982, 25.1226 ], [ 81.2188, 25.1339 ], [ 81.2134, 25.1457 ], [ 81.2209, 25.1544 ], [ 81.2195, 25.1675 ], [ 81.2263, 25.1543 ], [ 81.2527, 25.1507 ], [ 81.2612, 25.1439 ], [ 81.258, 25.1168 ], [ 81.2481, 25.1117 ], [ 81.2457, 25.1055 ], [ 81.2591, 25.0873 ], [ 81.253, 25.079 ], [ 81.26, 25.0756 ], [ 81.2616, 25.0685 ], [ 81.2476, 25.0415 ], [ 81.2166, 25.0044 ], [ 81.2051, 25.0031 ] ] ] } },
{ "type": "Feature", "properties": { "unit_id": "IND.34.21.2_1", "unit_name": "Mau", "district": "Chitrakoot", "did": "uttar_pradesh:Chitrakoot", "state": "Uttar Pradesh", "state_key": "uttar_pradesh", "name_ok": true }, "geometry": { "type": "Polygon", "coordinates": [ [ [ 81.5325, 25.1854 ], [ 81.5128, 25.1879 ], [ 81.5078, 25.185 ], [ 81.5078, 25.1763 ], [ 81.53, 25.1633 ], [ 81.5187, 25.1518 ], [ 81.5252, 25.1475 ], [ 81.5247, 25.1436 ], [ 81.5185, 25.1425 ], [ 81.505, 25.1512 ], [ 81.4954, 25.1523 ], [ 81.4896, 25.1342 ], [ 81.4774, 25.1384 ], [ 81.4718, 25.135 ], [ 81.4817, 25.1173 ], [ 81.5076, 25.1068 ], [ 81.5005, 25.1008 ], [ 81.4943, 25.1017 ], [ 81.4974, 25.096 ], [ 81.4946, 25.0821 ], [ 81.4865, 25.0841 ], [ 81.4837, 25.0749 ], [ 81.4583, 25.0868 ], [ 81.4589, 25.093 ], [ 81.4364, 25.0962 ], [ 81.4008, 25.1078 ], [ 81.4069, 25.112 ], [ 81.4383, 25.1104 ], [ 81.4302, 25.1336 ], [ 81.4002, 25.1338 ], [ 81.4062, 25.1234 ], [ 81.3912, 25.1231 ], [ 81.385, 25.1301 ], [ 81.3865, 25.1339 ], [ 81.379, 25.1345 ], [ 81.3743, 25.1388 ], [ 81.3645, 25.1379 ], [ 81.3656, 25.1443 ], [ 81.3494, 25.1674 ], [ 81.336, 25.1663 ], [ 81.33, 25.1725 ], [ 81.313, 25.1635 ], [ 81.311, 25.149 ], [ 81.323, 25.1184 ], [ 81.317, 25.116 ], [ 81.3084, 25.1258 ], [ 81.3049, 25.1675 ], [ 81.2847, 25.1653 ], [ 81.2752, 25.169 ], [ 81.2691, 25.1677 ], [ 81.2748, 25.1534 ], [ 81.2612, 25.1439 ], [ 81.2527, 25.1507 ], [ 81.2263, 25.1543 ], [ 81.2195, 25.1675 ], [ 81.2209, 25.1544 ], [ 81.2134, 25.1457 ], [ 81.2188, 25.1339 ], [ 81.1982, 25.1226 ], [ 81.1944, 25.1264 ], [ 81.1996, 25.1278 ], [ 81.2003, 25.1348 ], [ 81.1958, 25.1456 ], [ 81.1841, 25.1536 ], [ 81.185, 25.1618 ], [ 81.178, 25.1625 ], [ 81.1743, 25.1718 ], [ 81.1659, 25.1765 ], [ 81.1592, 25.2005 ], [ 81.1571, 25.1936 ], [ 81.1511, 25.1907 ], [ 81.1442, 25.2085 ], [ 81.1406, 25.2092 ], [ 81.1443, 25.2183 ], [ 81.1397, 25.2292 ], [ 81.1438, 25.2621 ], [ 81.1385, 25.2787 ], [ 81.1255, 25.2841 ], [ 81.1299, 25.2952 ], [ 81.1139, 25.3031 ], [ 81.1171, 25.317 ], [ 81.1128, 25.3231 ], [ 81.1204, 25.3416 ], [ 81.116, 25.3479 ], [ 81.1186, 25.3543 ], [ 81.1122, 25.3601 ], [ 81.1082, 25.3729 ], [ 81.1183, 25.3743 ], [ 81.1087, 25.391 ], [ 81.112, 25.3928 ], [ 81.1309, 25.3857 ], [ 81.1429, 25.4009 ], [ 81.1552, 25.3873 ], [ 81.1679, 25.3803 ], [ 81.1939, 25.3691 ], [ 81.2412, 25.3584 ], [ 81.2492, 25.3376 ], [ 81.2605, 25.3276 ], [ 81.2693, 25.3285 ], [ 81.2831, 25.3417 ], [ 81.3165, 25.3511 ], [ 81.3345, 25.3504 ], [ 81.3781, 25.3384 ], [ 81.3913, 25.3311 ], [ 81.3948, 25.3184 ], [ 81.3919, 25.3056 ], [ 81.3772, 25.2861 ], [ 81.3764, 25.2803 ], [ 81.3855, 25.2742 ], [ 81.4183, 25.2712 ], [ 81.4515, 25.2622 ], [ 81.4635, 25.2685 ], [ 81.5101, 25.2742 ], [ 81.5416, 25.2936 ], [ 81.5476, 25.2612 ], [ 81.5559, 25.2423 ], [ 81.5365, 25.2374 ], [ 81.5175, 25.2381 ], [ 81.5178, 25.2301 ], [ 81.5127, 25.2303 ], [ 81.5125, 25.1974 ], [ 81.538, 25.1928 ], [ 81.5325, 25.1854 ] ] ] } },
{ "type": "Feature", "properties": { "unit_id": "IND.34.22.1_1", "unit_name": "Deoria", "district": "Deoria", "did": "uttar_pradesh:Deoria", "state": "Uttar Pradesh", "state_key": "uttar_pradesh", "name_ok": true }, "geometry": { "type": "Polygon", "coordinates": [ [ [ 84.0478, 26.5435 ], [ 84.043, 26.541 ], [ 84.0007, 26.525 ], [ 83.9903, 26.5301 ], [ 83.9742, 26.5319 ], [ 83.9681, 26.5258 ], [ 83.9625, 26.5086 ], [ 83.9457, 26.5102 ], [ 83.9427, 26.5135 ], [ 83.9458, 26.5184 ], [ 83.935, 26.5244 ], [ 83.9022, 26.5181 ], [ 83.9018, 26.5104 ], [ 83.9068, 26.5068 ], [ 83.9075, 26.5004 ], [ 83.9023, 26.4503 ], [ 83.8877, 26.45 ], [ 83.8808, 26.4362 ], [ 83.8693, 26.439 ], [ 83.8653, 26.444 ], [ 83.8481, 26.4477 ], [ 83.8479, 26.4424 ], [ 83.8608, 26.4296 ], [ 83.8583, 26.4254 ], [ 83.8508, 26.4167 ], [ 83.8244, 26.4118 ], [ 83.8206, 26.4014 ], [ 83.8147, 26.4004 ], [ 83.8055, 26.3854 ], [ 83.7925, 26.3899 ], [ 83.7941, 26.4068 ], [ 83.7842, 26.4112 ], [ 83.7482, 26.4121 ], [ 83.7267, 26.4342 ], [ 83.6966, 26.4375 ], [ 83.6853, 26.4354 ], [ 83.6691, 26.4402 ], [ 83.6498, 26.4383 ], [ 83.6439, 26.4303 ], [ 83.6401, 26.4323 ], [ 83.6292, 26.4243 ], [ 83.6238, 26.4254 ], [ 83.6223, 26.4226 ], [ 83.6325, 26.4155 ], [ 83.6326, 26.4108 ], [ 83.6476, 26.4073 ], [ 83.6475, 26.3977 ], [ 83.6533, 26.3952 ], [ 83.6401, 26.3749 ], [ 83.643, 26.364 ], [ 83.6316, 26.3607 ], [ 83.6253, 26.3491 ], [ 83.617, 26.3542 ], [ 83.6113, 26.3448 ], [ 83.5928, 26.3494 ], [ 83.6056, 26.3664 ], [ 83.6022, 26.3717 ], [ 83.5811, 26.3605 ], [ 83.572, 26.3671 ], [ 83.5703, 26.3758 ], [ 83.5776, 26.3924 ], [ 83.5751, 26.4004 ], [ 83.5439, 26.3952 ], [ 83.5397, 26.3915 ], [ 83.5544, 26.3875 ], [ 83.5625, 26.3776 ], [ 83.561, 26.3742 ], [ 83.5488, 26.3783 ], [ 83.5429, 26.3627 ], [ 83.5391, 26.357 ], [ 83.5345, 26.3566 ], [ 83.5281, 26.3663 ], [ 83.5266, 26.3867 ], [ 83.5046, 26.3861 ], [ 83.5186, 26.4013 ], [ 83.4942, 26.4017 ], [ 83.4853, 26.392 ], [ 83.4787, 26.3991 ], [ 83.4831, 26.4091 ], [ 83.5014, 26.419 ], [ 83.4894, 26.4254 ], [ 83.4893, 26.4375 ], [ 83.4704, 26.4647 ], [ 83.4845, 26.4649 ], [ 83.4799, 26.4793 ], [ 83.4862, 26.493 ], [ 83.4911, 26.4973 ], [ 83.5062, 26.4969 ], [ 83.508, 26.5017 ], [ 83.5215, 26.4967 ], [ 83.5322, 26.5027 ], [ 83.537, 26.4922 ], [ 83.5407, 26.4919 ], [ 83.546, 26.4988 ], [ 83.5425, 26.5098 ], [ 83.5455, 26.5128 ], [ 83.5559, 26.5113 ], [ 83.5926, 26.5176 ], [ 83.5948, 26.5328 ], [ 83.6008, 26.5417 ], [ 83.5997, 26.5495 ], [ 83.6068, 26.5563 ], [ 83.6071, 26.5711 ], [ 83.6116, 26.5743 ], [ 83.6173, 26.5706 ], [ 83.6209, 26.5771 ], [ 83.6178, 26.5829 ], [ 83.6218, 26.5844 ], [ 83.6222, 26.5932 ], [ 83.6121, 26.6035 ], [ 83.6103, 26.6168 ], [ 83.6248, 26.6254 ], [ 83.6222, 26.6602 ], [ 83.6455, 26.6611 ], [ 83.655, 26.6834 ], [ 83.6612, 26.6846 ], [ 83.6738, 26.703 ], [ 83.6901, 26.7001 ], [ 83.6875, 26.6842 ], [ 83.7139, 26.6894 ], [ 83.7159, 26.6989 ], [ 83.7398, 26.6944 ], [ 83.7516, 26.705 ], [ 83.7579, 26.7006 ], [ 83.7728, 26.7104 ], [ 83.7822, 26.7101 ], [ 83.7847, 26.716 ], [ 83.7919, 26.7169 ], [ 83.7973, 26.7265 ], [ 83.8028, 26.7496 ], [ 83.8266, 26.7456 ], [ 83.8334, 26.76 ], [ 83.8414, 26.7508 ], [ 83.8651, 26.7504 ], [ 83.8771, 26.7404 ], [ 83.8875, 26.7223 ], [ 83.8863, 26.7113 ], [ 83.8956, 26.7046 ], [ 83.8975, 26.6939 ], [ 83.9232, 26.679 ], [ 83.945, 26.6781 ], [ 83.9516, 26.6741 ], [ 83.9506, 26.6669 ], [ 83.9584, 26.6514 ], [ 83.9576, 26.6299 ], [ 83.9787, 26.6133 ], [ 83.9856, 26.5955 ], [ 83.993, 26.5956 ], [ 84.0017, 26.579 ], [ 84.022, 26.5718 ], [ 84.0335, 26.559 ], [ 84.0394, 26.5582 ], [ 84.0389, 26.5529 ], [ 84.0488, 26.5503 ], [ 84.0478, 26.5435 ] ] ] } },
{ "type": "Feature", "properties": { "unit_id": "IND.34.22.2_1", "unit_name": "Salempur", "district": "Deoria", "did": "uttar_pradesh:Deoria", "state": "Uttar Pradesh", "state_key": "uttar_pradesh", "name_ok": true }, "geometry": { "type": "Polygon", "coordinates": [ [ [ 83.9463, 26.4381 ], [ 83.982, 26.4346 ], [ 83.9904, 26.4476 ], [ 84.0017, 26.4436 ], [ 84.011, 26.4485 ], [ 84.0161, 26.442 ], [ 84.0164, 26.4319 ], [ 84.0332, 26.4138 ], [ 84.0306, 26.413 ], [ 84.0413, 26.4055 ], [ 84.055, 26.402 ], [ 84.0615, 26.3901 ], [ 84.072, 26.3845 ], [ 84.0772, 26.384 ], [ 84.0812, 26.3897 ], [ 84.0897, 26.3875 ], [ 84.0923, 26.3904 ], [ 84.1714, 26.374 ], [ 84.1672, 26.3381 ], [ 84.1817, 26.317 ], [ 84.1715, 26.3037 ], [ 84.1687, 26.2929 ], [ 84.1714, 26.2677 ], [ 84.1551, 26.2577 ], [ 84.1573, 26.2441 ], [ 84.1535, 26.2453 ], [ 84.1453, 26.2617 ], [ 84.1414, 26.2577 ], [ 84.113, 26.2619 ], [ 84.1105, 26.2418 ], [ 84.0923, 26.2402 ], [ 84.0914, 26.234 ], [ 84.0874, 26.2365 ], [ 84.0795, 26.2318 ], [ 84.0794, 26.2212 ], [ 84.0737, 26.221 ], [ 84.0736, 26.2249 ], [ 84.0494, 26.2256 ], [ 84.0468, 26.2302 ], [ 84.0336, 26.2321 ], [ 84.0313, 26.2391 ], [ 84.0205, 26.2416 ], [ 84.0184, 26.2388 ], [ 84.0115, 26.2407 ], [ 84.0109, 26.2358 ], [ 84.0055, 26.2341 ], [ 84.0095, 26.2239 ], [ 84.0205, 26.2236 ], [ 84.0243, 26.2198 ], [ 84.019, 26.2093 ], [ 84.0236, 26.2009 ], [ 84.0204, 26.1976 ], [ 84.009, 26.1996 ], [ 84.0021, 26.1901 ], [ 84.003, 26.1782 ], [ 84.0138, 26.167 ], [ 84.0278, 26.163 ], [ 84.0273, 26.153 ], [ 84.0236, 26.1541 ], [ 84.0181, 26.1451 ], [ 84.0424, 26.1315 ], [ 84.0452, 26.1204 ], [ 84.0419, 26.1205 ], [ 84.0422, 26.1116 ], [ 84.0491, 26.0997 ], [ 84.0471, 26.0931 ], [ 84.0299, 26.0986 ], [ 84.0095, 26.1156 ], [ 83.9988, 26.1135 ], [ 83.991, 26.1183 ], [ 83.9714, 26.1185 ], [ 83.9553, 26.1341 ], [ 83.9162, 26.1233 ], [ 83.8897, 26.1295 ], [ 83.8731, 26.1454 ], [ 83.8583, 26.1676 ], [ 83.8546, 26.1875 ], [ 83.8317, 26.1943 ], [ 83.8095, 26.1914 ], [ 83.7921, 26.1986 ], [ 83.7924, 26.2119 ], [ 83.7814, 26.2322 ], [ 83.7723, 26.2338 ], [ 83.7597, 26.2428 ], [ 83.7376, 26.2646 ], [ 83.7065, 26.2601 ], [ 83.6847, 26.2459 ], [ 83.6571, 26.2385 ], [ 83.6499, 26.2287 ], [ 83.6257, 26.2257 ], [ 83.632, 26.2726 ], [ 83.6347, 26.2776 ], [ 83.6597, 26.2882 ], [ 83.663, 26.3029 ], [ 83.6582, 26.3167 ], [ 83.6491, 26.3218 ], [ 83.6221, 26.3027 ], [ 83.6122, 26.3023 ], [ 83.616, 26.3188 ], [ 83.63, 26.3256 ], [ 83.6307, 26.3299 ], [ 83.6236, 26.3304 ], [ 83.6145, 26.325 ], [ 83.6037, 26.3363 ], [ 83.617, 26.3542 ], [ 83.6253, 26.3491 ], [ 83.6316, 26.3607 ], [ 83.643, 26.364 ], [ 83.6401, 26.3749 ], [ 83.6533, 26.3952 ], [ 83.6475, 26.3977 ], [ 83.6476, 26.4073 ], [ 83.6326, 26.4108 ], [ 83.6325, 26.4155 ], [ 83.6223, 26.4226 ], [ 83.6238, 26.4254 ], [ 83.6292, 26.4243 ], [ 83.6332, 26.43 ], [ 83.6439, 26.4303 ], [ 83.6498, 26.4383 ], [ 83.6631, 26.4404 ], [ 83.6853, 26.4354 ], [ 83.6966, 26.4375 ], [ 83.7267, 26.4342 ], [ 83.7482, 26.4121 ], [ 83.7842, 26.4112 ], [ 83.7941, 26.4068 ], [ 83.7925, 26.3899 ], [ 83.8055, 26.3854 ], [ 83.8147, 26.4004 ], [ 83.8206, 26.4014 ], [ 83.8244, 26.4118 ], [ 83.8508, 26.4167 ], [ 83.8583, 26.4254 ], [ 83.8608, 26.4296 ], [ 83.8479, 26.4424 ], [ 83.8481, 26.4477 ], [ 83.8653, 26.444 ], [ 83.8693, 26.439 ], [ 83.8808, 26.4362 ], [ 83.8877, 26.45 ], [ 83.9023, 26.4503 ], [ 83.9463, 26.4381 ] ] ] } },
{ "type": "Feature", "properties": { "unit_id": "IND.34.23.1_1", "unit_name": "Aliganj", "district": "Etah", "did": "uttar_pradesh:Etah", "state": "Uttar Pradesh", "state_key": "uttar_pradesh", "name_ok": true }, "geometry": { "type": "Polygon", "coordinates": [ [ [ 78.8965, 27.4821 ], [ 78.9042, 27.4854 ], [ 78.9073, 27.5301 ], [ 78.9132, 27.5346 ], [ 78.9092, 27.5408 ], [ 78.8862, 27.5476 ], [ 78.8813, 27.5537 ], [ 78.8953, 27.5554 ], [ 78.9093, 27.5659 ], [ 78.9236, 27.5666 ], [ 78.9397, 27.5772 ], [ 78.9494, 27.5704 ], [ 78.9559, 27.5701 ], [ 78.9645, 27.5938 ], [ 78.9803, 27.6148 ], [ 78.9793, 27.6485 ], [ 78.9827, 27.6559 ], [ 78.9937, 27.6603 ], [ 79.0103, 27.653 ], [ 79.0173, 27.6383 ], [ 79.0202, 27.6175 ], [ 79.0271, 27.6102 ], [ 79.0596, 27.5877 ], [ 79.0893, 27.5769 ], [ 79.1073, 27.5531 ], [ 79.1259, 27.555 ], [ 79.1491, 27.5693 ], [ 79.1601, 27.5699 ], [ 79.1776, 27.5836 ], [ 79.1795, 27.5889 ], [ 79.1937, 27.5878 ], [ 79.2137, 27.5798 ], [ 79.2162, 27.5418 ], [ 79.227, 27.5332 ], [ 79.2429, 27.5274 ], [ 79.2607, 27.5269 ], [ 79.2645, 27.523 ], [ 79.259, 27.5004 ], [ 79.2489, 27.498 ], [ 79.2383, 27.4793 ], [ 79.2456, 27.4697 ], [ 79.2435, 27.4602 ], [ 79.2509, 27.4507 ], [ 79.2508, 27.4359 ], [ 79.2454, 27.4265 ], [ 79.2187, 27.4195 ], [ 79.2425, 27.3972 ], [ 79.259, 27.3529 ], [ 79.2461, 27.3454 ], [ 79.2405, 27.335 ], [ 79.2309, 27.3303 ], [ 79.2197, 27.3354 ], [ 79.2067, 27.3349 ], [ 79.1877, 27.351 ], [ 79.1837, 27.367 ], [ 79.1742, 27.3706 ], [ 79.1612, 27.3853 ], [ 79.1373, 27.3826 ], [ 79.1329, 27.3866 ], [ 79.1258, 27.402 ], [ 79.1078, 27.4118 ], [ 79.1096, 27.4196 ], [ 79.1049, 27.4199 ], [ 79.0999, 27.4383 ], [ 79.0539, 27.4231 ], [ 79.0139, 27.4353 ], [ 79.0058, 27.4338 ], [ 78.9904, 27.4386 ], [ 78.9869, 27.4346 ], [ 78.9696, 27.4313 ], [ 78.9667, 27.4262 ], [ 78.9499, 27.4252 ], [ 78.9485, 27.4335 ], [ 78.9417, 27.4314 ], [ 78.9269, 27.4421 ], [ 78.9293, 27.4554 ], [ 78.9187, 27.4513 ], [ 78.8968, 27.4718 ], [ 78.8965, 27.4821 ] ] ] } },
{ "type": "Feature", "properties": { "unit_id": "IND.34.23.2_1", "unit_name": "Etah", "district": "Etah", "did": "uttar_pradesh:Etah", "state": "Uttar Pradesh", "state_key": "uttar_pradesh", "name_ok": true }, "geometry": { "type": "Polygon", "coordinates": [ [ [ 78.8862, 27.5476 ], [ 78.9092, 27.5408 ], [ 78.9132, 27.5346 ], [ 78.9066, 27.5263 ], [ 78.9042, 27.4854 ], [ 78.8965, 27.4821 ], [ 78.8968, 27.4718 ], [ 78.8786, 27.4744 ], [ 78.8632, 27.4423 ], [ 78.8302, 27.4155 ], [ 78.8305, 27.4056 ], [ 78.8403, 27.4032 ], [ 78.8458, 27.396 ], [ 78.8271, 27.3669 ], [ 78.8107, 27.3578 ], [ 78.7996, 27.3615 ], [ 78.79, 27.3549 ], [ 78.7736, 27.3531 ], [ 78.7713, 27.3422 ], [ 78.7656, 27.3408 ], [ 78.7538, 27.3449 ], [ 78.7452, 27.3519 ], [ 78.7269, 27.3395 ], [ 78.721, 27.3463 ], [ 78.7116, 27.3496 ], [ 78.7077, 27.3818 ], [ 78.6772, 27.3898 ], [ 78.6663, 27.4008 ], [ 78.6619, 27.4228 ], [ 78.6351, 27.4277 ], [ 78.632, 27.4384 ], [ 78.6411, 27.4658 ], [ 78.6561, 27.4797 ], [ 78.652, 27.4962 ], [ 78.6213, 27.4953 ], [ 78.6147, 27.5083 ], [ 78.609, 27.5118 ], [ 78.5977, 27.5157 ], [ 78.5887, 27.5128 ], [ 78.5904, 27.5061 ], [ 78.5799, 27.4965 ], [ 78.5788, 27.483 ], [ 78.5549, 27.4767 ], [ 78.5336, 27.4475 ], [ 78.5257, 27.4545 ], [ 78.5149, 27.4559 ], [ 78.4919, 27.4858 ], [ 78.469, 27.4792 ], [ 78.4467, 27.4895 ], [ 78.4561, 27.5191 ], [ 78.4403, 27.5363 ], [ 78.4339, 27.5649 ], [ 78.4365, 27.5715 ], [ 78.4046, 27.5864 ], [ 78.413, 27.5943 ], [ 78.4369, 27.6018 ], [ 78.4428, 27.6111 ], [ 78.4616, 27.6246 ], [ 78.4781, 27.6183 ], [ 78.491, 27.6226 ], [ 78.4961, 27.6288 ], [ 78.4895, 27.6462 ], [ 78.4994, 27.66 ], [ 78.4971, 27.6648 ], [ 78.5004, 27.6738 ], [ 78.5058, 27.6758 ], [ 78.4985, 27.6801 ], [ 78.4959, 27.6908 ], [ 78.509, 27.6999 ], [ 78.4981, 27.7108 ], [ 78.5186, 27.7296 ], [ 78.5049, 27.746 ], [ 78.5263, 27.7598 ], [ 78.5207, 27.7752 ], [ 78.5424, 27.7909 ], [ 78.557, 27.7733 ], [ 78.5905, 27.7754 ], [ 78.5941, 27.7719 ], [ 78.5961, 27.7538 ], [ 78.6002, 27.7506 ], [ 78.6272, 27.7466 ], [ 78.6468, 27.7526 ], [ 78.6659, 27.741 ], [ 78.6774, 27.7463 ], [ 78.6804, 27.7326 ], [ 78.6886, 27.7211 ], [ 78.6834, 27.7102 ], [ 78.6878, 27.6919 ], [ 78.6997, 27.6773 ], [ 78.7112, 27.6771 ], [ 78.7343, 27.6484 ], [ 78.7344, 27.6413 ], [ 78.7556, 27.6356 ], [ 78.769, 27.6394 ], [ 78.7681, 27.6363 ], [ 78.7755, 27.6352 ], [ 78.7832, 27.6256 ], [ 78.7885, 27.6243 ], [ 78.8, 27.6075 ], [ 78.8145, 27.6091 ], [ 78.8193, 27.6128 ], [ 78.8501, 27.5999 ], [ 78.8493, 27.5841 ], [ 78.8635, 27.5845 ], [ 78.8615, 27.5909 ], [ 78.8649, 27.596 ], [ 78.8817, 27.5928 ], [ 78.8886, 27.5744 ], [ 78.8813, 27.5537 ], [ 78.8862, 27.5476 ] ] ] } },
{ "type": "Feature", "properties": { "unit_id": "IND.34.23.3_1", "unit_name": "Jalesar", "district": "Etah", "did": "uttar_pradesh:Etah", "state": "Uttar Pradesh", "state_key": "uttar_pradesh", "name_ok": true }, "geometry": { "type": "Polygon", "coordinates": [ [ [ 78.4365, 27.5715 ], [ 78.4339, 27.5649 ], [ 78.4403, 27.5363 ], [ 78.4561, 27.5191 ], [ 78.4467, 27.4895 ], [ 78.469, 27.4792 ], [ 78.4919, 27.4858 ], [ 78.5067, 27.4683 ], [ 78.4965, 27.4613 ], [ 78.4999, 27.4465 ], [ 78.483, 27.4304 ], [ 78.4633, 27.4344 ], [ 78.4568, 27.4266 ], [ 78.466, 27.4084 ], [ 78.476, 27.4 ], [ 78.4823, 27.3994 ], [ 78.4829, 27.3921 ], [ 78.4754, 27.3845 ], [ 78.4812, 27.3713 ], [ 78.4751, 27.3623 ], [ 78.481, 27.3593 ], [ 78.4699, 27.3478 ], [ 78.4492, 27.3785 ], [ 78.4375, 27.376 ], [ 78.4288, 27.3666 ], [ 78.3912, 27.3768 ], [ 78.3829, 27.3727 ], [ 78.376, 27.3437 ], [ 78.3624, 27.338 ], [ 78.3579, 27.3408 ], [ 78.3565, 27.3491 ], [ 78.3444, 27.353 ], [ 78.326, 27.3364 ], [ 78.3128, 27.3419 ], [ 78.3114, 27.3311 ], [ 78.3023, 27.319 ], [ 78.2913, 27.314 ], [ 78.2794, 27.3163 ], [ 78.2738, 27.3244 ], [ 78.2698, 27.3432 ], [ 78.2805, 27.3603 ], [ 78.2798, 27.3779 ], [ 78.2849, 27.3801 ], [ 78.2878, 27.3882 ], [ 78.2782, 27.3903 ], [ 78.2716, 27.3993 ], [ 78.2628, 27.3947 ], [ 78.2513, 27.3994 ], [ 78.2416, 27.3974 ], [ 78.2301, 27.4076 ], [ 78.2169, 27.4118 ], [ 78.2081, 27.4067 ], [ 78.189, 27.4087 ], [ 78.1866, 27.4218 ], [ 78.1915, 27.4389 ], [ 78.1804, 27.4329 ], [ 78.1722, 27.4329 ], [ 78.1752, 27.4512 ], [ 78.1807, 27.4605 ], [ 78.1912, 27.4657 ], [ 78.1883, 27.4723 ], [ 78.1991, 27.4889 ], [ 78.1959, 27.5109 ], [ 78.1976, 27.5144 ], [ 78.2067, 27.5136 ], [ 78.211, 27.5187 ], [ 78.205, 27.5294 ], [ 78.2138, 27.5347 ], [ 78.22, 27.5308 ], [ 78.2353, 27.534 ], [ 78.2455, 27.524 ], [ 78.2549, 27.5326 ], [ 78.264, 27.5315 ], [ 78.2685, 27.5345 ], [ 78.2747, 27.542 ], [ 78.2626, 27.5545 ], [ 78.271, 27.5608 ], [ 78.2769, 27.5603 ], [ 78.2825, 27.55 ], [ 78.295, 27.5569 ], [ 78.305, 27.5492 ], [ 78.3094, 27.553 ], [ 78.3039, 27.5626 ], [ 78.3105, 27.5702 ], [ 78.309, 27.5788 ], [ 78.3229, 27.583 ], [ 78.3245, 27.5886 ], [ 78.3429, 27.5796 ], [ 78.3537, 27.5797 ], [ 78.3567, 27.5752 ], [ 78.3512, 27.5675 ], [ 78.3541, 27.5651 ], [ 78.3628, 27.5721 ], [ 78.3775, 27.5724 ], [ 78.3836, 27.5776 ], [ 78.3796, 27.5844 ], [ 78.3878, 27.594 ], [ 78.3977, 27.586 ], [ 78.4046, 27.5864 ], [ 78.4365, 27.5715 ] ] ] } },
{ "type": "Feature", "properties": { "unit_id": "IND.34.24.1_1", "unit_name": "Bharthana", "district": "Etawah", "did": "uttar_pradesh:Etawah", "state": "Uttar Pradesh", "state_key": "uttar_pradesh", "name_ok": true }, "geometry": { "type": "Polygon", "coordinates": [ [ [ 79.0609, 26.5033 ], [ 79.0509, 26.5008 ], [ 79.0498, 26.5067 ], [ 79.0393, 26.5157 ], [ 79.041, 26.5228 ], [ 79.0313, 26.5248 ], [ 79.0331, 26.536 ], [ 79.0196, 26.5414 ], [ 79.0205, 26.5517 ], [ 79.008, 26.5478 ], [ 79.006, 26.5514 ], [ 78.998, 26.5509 ], [ 78.9977, 26.5559 ], [ 79.0067, 26.5578 ], [ 78.998, 26.564 ], [ 78.9982, 26.5742 ], [ 78.9913, 26.5823 ], [ 78.9796, 26.5741 ], [ 78.978, 26.5924 ], [ 78.9913, 26.6046 ], [ 79.0037, 26.6064 ], [ 79.0057, 26.6105 ], [ 79.0031, 26.6267 ], [ 78.9913, 26.6414 ], [ 79.01, 26.6394 ], [ 79.0199, 26.6438 ], [ 79.0322, 26.6381 ], [ 79.0365, 26.6426 ], [ 79.0412, 26.6423 ], [ 79.0381, 26.6592 ], [ 79.0264, 26.663 ], [ 79.0442, 26.6792 ], [ 79.045, 26.6823 ], [ 79.0345, 26.6927 ], [ 79.0946, 26.7455 ], [ 79.0952, 26.7705 ], [ 79.1031, 26.7746 ], [ 79.1018, 26.7822 ], [ 79.1303, 26.8085 ], [ 79.1402, 26.8223 ], [ 79.1504, 26.825 ], [ 79.1624, 26.8225 ], [ 79.1588, 26.8343 ], [ 79.1629, 26.8506 ], [ 79.1717, 26.8669 ], [ 79.178, 26.8696 ], [ 79.1782, 26.8803 ], [ 79.1725, 26.8927 ], [ 79.1779, 26.9007 ], [ 79.169, 26.9091 ], [ 79.1967, 26.9394 ], [ 79.1868, 26.953 ], [ 79.1887, 26.966 ], [ 79.207, 26.9772 ], [ 79.2264, 26.9807 ], [ 79.2327, 26.9873 ], [ 79.2584, 26.9887 ], [ 79.2657, 26.9961 ], [ 79.2671, 26.9875 ], [ 79.2776, 26.9906 ], [ 79.2894, 26.9833 ], [ 79.2924, 26.9881 ], [ 79.2977, 26.9877 ], [ 79.311, 26.9813 ], [ 79.3126, 26.97 ], [ 79.3179, 26.9662 ], [ 79.311, 26.9574 ], [ 79.3106, 26.9475 ], [ 79.3237, 26.9469 ], [ 79.3342, 26.9369 ], [ 79.3409, 26.94 ], [ 79.3405, 26.9286 ], [ 79.3314, 26.9075 ], [ 79.3364, 26.9003 ], [ 79.3314, 26.8972 ], [ 79.3383, 26.8929 ], [ 79.3356, 26.8696 ], [ 79.3294, 26.8572 ], [ 79.3397, 26.8391 ], [ 79.3231, 26.8229 ], [ 79.3301, 26.807 ], [ 79.3282, 26.7986 ], [ 79.3192, 26.791 ], [ 79.3174, 26.7737 ], [ 79.3287, 26.7652 ], [ 79.3344, 26.7341 ], [ 79.3239, 26.7267 ], [ 79.3195, 26.7133 ], [ 79.3137, 26.7107 ], [ 79.3089, 26.7135 ], [ 79.3072, 26.7055 ], [ 79.297, 26.6943 ], [ 79.3104, 26.6844 ], [ 79.2994, 26.6771 ], [ 79.3114, 26.6628 ], [ 79.3054, 26.6571 ], [ 79.3062, 26.6509 ], [ 79.2862, 26.6375 ], [ 79.2751, 26.6242 ], [ 79.2631, 26.6268 ], [ 79.2507, 26.6241 ], [ 79.2492, 26.614 ], [ 79.2138, 26.5736 ], [ 79.2137, 26.5555 ], [ 79.2025, 26.5521 ], [ 79.1992, 26.5461 ], [ 79.1863, 26.5449 ], [ 79.1794, 26.5346 ], [ 79.1646, 26.5319 ], [ 79.1655, 26.5131 ], [ 79.1607, 26.5042 ], [ 79.1447, 26.5001 ], [ 79.1292, 26.5132 ], [ 79.115, 26.5125 ], [ 79.1118, 26.503 ], [ 79.0863, 26.5021 ], [ 79.0785, 26.505 ], [ 79.0643, 26.4868 ], [ 79.0609, 26.5033 ] ] ] } },
{ "type": "Feature", "properties": { "unit_id": "IND.34.24.2_1", "unit_name": "Etawah", "district": "Etawah", "did": "uttar_pradesh:Etawah", "state": "Uttar Pradesh", "state_key": "uttar_pradesh", "name_ok": true }, "geometry": { "type": "Polygon", "coordinates": [ [ [ 78.9869, 26.6474 ], [ 79.0012, 26.6739 ], [ 78.9932, 26.6846 ], [ 78.9739, 26.6825 ], [ 78.9479, 26.6626 ], [ 78.9379, 26.6627 ], [ 78.937, 26.6723 ], [ 78.9499, 26.6919 ], [ 78.9481, 26.6967 ], [ 78.9039, 26.7134 ], [ 78.8829, 26.7044 ], [ 78.8649, 26.7047 ], [ 78.8407, 26.7261 ], [ 78.8114, 26.7655 ], [ 78.7987, 26.7691 ], [ 78.7707, 26.7642 ], [ 78.7851, 26.8033 ], [ 78.8034, 26.8051 ], [ 78.8236, 26.7966 ], [ 78.8383, 26.8044 ], [ 78.8428, 26.8152 ], [ 78.827, 26.8404 ], [ 78.8096, 26.8554 ], [ 78.8018, 26.8743 ], [ 78.7855, 26.8694 ], [ 78.7742, 26.8707 ], [ 78.7775, 26.8863 ], [ 78.7668, 26.8902 ], [ 78.7547, 26.9133 ], [ 78.7492, 26.9112 ], [ 78.744, 26.8935 ], [ 78.7345, 26.8956 ], [ 78.7338, 26.9049 ], [ 78.7399, 26.9201 ], [ 78.7614, 26.9485 ], [ 78.7769, 26.951 ], [ 78.7988, 26.9644 ], [ 78.8253, 26.9592 ], [ 78.8326, 26.9704 ], [ 78.845, 26.9794 ], [ 78.8572, 26.9667 ], [ 78.8716, 26.9673 ], [ 78.8879, 26.9738 ], [ 78.9062, 26.9693 ], [ 78.9161, 26.9733 ], [ 78.9134, 26.9837 ], [ 78.9232, 26.9903 ], [ 78.9325, 26.9793 ], [ 78.9507, 26.9745 ], [ 78.9567, 26.965 ], [ 78.9779, 26.952 ], [ 78.9802, 26.9433 ], [ 78.991, 26.9363 ], [ 79.0021, 26.9448 ], [ 79.0039, 26.9516 ], [ 79.0209, 26.964 ], [ 79.0264, 26.9738 ], [ 79.041, 26.9783 ], [ 79.0458, 26.989 ], [ 79.0554, 26.9953 ], [ 79.0688, 26.9969 ], [ 79.0774, 26.9847 ], [ 79.081, 26.9848 ], [ 79.0917, 26.9902 ], [ 79.0863, 27.0054 ], [ 79.1039, 26.9988 ], [ 79.1078, 27.0062 ], [ 79.1145, 26.9998 ], [ 79.124, 27.0049 ], [ 79.1568, 27.0024 ], [ 79.1586, 27.0111 ], [ 79.1749, 27.0119 ], [ 79.1836, 27.0063 ], [ 79.188, 26.981 ], [ 79.207, 26.9772 ], [ 79.187, 26.9641 ], [ 79.1868, 26.953 ], [ 79.1967, 26.9394 ], [ 79.169, 26.9091 ], [ 79.1779, 26.9007 ], [ 79.1725, 26.8927 ], [ 79.1782, 26.8803 ], [ 79.178, 26.8696 ], [ 79.1717, 26.8669 ], [ 79.1629, 26.8506 ], [ 79.1588, 26.8343 ], [ 79.1624, 26.8225 ], [ 79.1504, 26.825 ], [ 79.1402, 26.8223 ], [ 79.1303, 26.8085 ], [ 79.1018, 26.7822 ], [ 79.1031, 26.7746 ], [ 79.0952, 26.7705 ], [ 79.0946, 26.7455 ], [ 79.0345, 26.6927 ], [ 79.045, 26.6823 ], [ 79.0442, 26.6792 ], [ 79.0264, 26.663 ], [ 79.0381, 26.6592 ], [ 79.0412, 26.6423 ], [ 79.0365, 26.6426 ], [ 79.0322, 26.6381 ], [ 79.0199, 26.6438 ], [ 79.01, 26.6394 ], [ 78.9913, 26.6414 ], [ 78.9869, 26.6474 ] ] ] } },
{ "type": "Feature", "properties": { "unit_id": "IND.34.25.1_1", "unit_name": "Bikapur", "district": "Faizabad", "did": "uttar_pradesh:Faizabad", "state": "Uttar Pradesh", "state_key": "uttar_pradesh", "name_ok": true }, "geometry": { "type": "Polygon", "coordinates": [ [ [ 82.326, 26.5753 ], [ 82.3046, 26.531 ], [ 82.3018, 26.5169 ], [ 82.3086, 26.5135 ], [ 82.3074, 26.5106 ], [ 82.3012, 26.5069 ], [ 82.2905, 26.4887 ], [ 82.2811, 26.4867 ], [ 82.2793, 26.4762 ], [ 82.2733, 26.4742 ], [ 82.2697, 26.4583 ], [ 82.2518, 26.4459 ], [ 82.2465, 26.4248 ], [ 82.2365, 26.4253 ], [ 82.2116, 26.4114 ], [ 82.1789, 26.4114 ], [ 82.1784, 26.4237 ], [ 82.1613, 26.4249 ], [ 82.1545, 26.4272 ], [ 82.1507, 26.435 ], [ 82.141, 26.4349 ], [ 82.1474, 26.4458 ], [ 82.1443, 26.4499 ], [ 82.1295, 26.4475 ], [ 82.1174, 26.4531 ], [ 82.1186, 26.4571 ], [ 82.1291, 26.4587 ], [ 82.1298, 26.4652 ], [ 82.1247, 26.4699 ], [ 82.1197, 26.4713 ], [ 82.1118, 26.4616 ], [ 82.1068, 26.4618 ], [ 82.1025, 26.4646 ], [ 82.1001, 26.4748 ], [ 82.0854, 26.4794 ], [ 82.0737, 26.474 ], [ 82.0548, 26.48 ], [ 82.0406, 26.4716 ], [ 82.0332, 26.4747 ], [ 82.0341, 26.4855 ], [ 82.0293, 26.4879 ], [ 82.026, 26.4841 ], [ 82.015, 26.4949 ], [ 82.0109, 26.494 ], [ 82.0082, 26.4845 ], [ 82.0001, 26.4819 ], [ 82.0014, 26.4945 ], [ 81.9969, 26.4928 ], [ 81.9801, 26.4999 ], [ 81.9747, 26.5044 ], [ 81.9752, 26.5097 ], [ 81.965, 26.5149 ], [ 81.9273, 26.5105 ], [ 81.9094, 26.5209 ], [ 81.9019, 26.5111 ], [ 81.8859, 26.5105 ], [ 81.8809, 26.5234 ], [ 81.8902, 26.5267 ], [ 81.8712, 26.538 ], [ 81.8534, 26.5371 ], [ 81.8496, 26.5257 ], [ 81.8397, 26.5255 ], [ 81.8384, 26.5161 ], [ 81.817, 26.5234 ], [ 81.8086, 26.536 ], [ 81.7999, 26.5416 ], [ 81.7965, 26.5406 ], [ 81.7972, 26.5358 ], [ 81.7893, 26.5318 ], [ 81.7837, 26.5387 ], [ 81.7716, 26.5447 ], [ 81.7637, 26.5426 ], [ 81.7482, 26.548 ], [ 81.7407, 26.5446 ], [ 81.7246, 26.5476 ], [ 81.7062, 26.5361 ], [ 81.7151, 26.5319 ], [ 81.7136, 26.5257 ], [ 81.7042, 26.5245 ], [ 81.7055, 26.5152 ], [ 81.7011, 26.512 ], [ 81.6673, 26.5334 ], [ 81.6727, 26.5436 ], [ 81.6921, 26.5446 ], [ 81.6951, 26.5914 ], [ 81.7103, 26.5937 ], [ 81.7236, 26.6109 ], [ 81.7363, 26.6157 ], [ 81.7434, 26.6243 ], [ 81.7369, 26.6307 ], [ 81.7393, 26.6446 ], [ 81.7288, 26.6569 ], [ 81.7384, 26.6743 ], [ 81.7489, 26.6814 ], [ 81.7407, 26.6942 ], [ 81.7511, 26.7108 ], [ 81.7611, 26.692 ], [ 81.7729, 26.6872 ], [ 81.7819, 26.7075 ], [ 81.7972, 26.6982 ], [ 81.7907, 26.6822 ], [ 81.7938, 26.6773 ], [ 81.8005, 26.681 ], [ 81.8111, 26.7014 ], [ 81.8305, 26.6956 ], [ 81.8322, 26.7004 ], [ 81.8269, 26.7064 ], [ 81.8297, 26.7086 ], [ 81.8722, 26.7132 ], [ 81.8768, 26.7197 ], [ 81.8826, 26.7184 ], [ 81.8856, 26.7067 ], [ 81.8989, 26.7099 ], [ 81.9128, 26.7078 ], [ 81.92, 26.6965 ], [ 81.942, 26.6923 ], [ 81.9506, 26.6918 ], [ 81.9559, 26.7031 ], [ 81.9694, 26.6993 ], [ 81.9836, 26.7061 ], [ 81.9995, 26.6906 ], [ 82.013, 26.6941 ], [ 82.0199, 26.6924 ], [ 82.0213, 26.6886 ], [ 82.0272, 26.6905 ], [ 82.0402, 26.6814 ], [ 82.0421, 26.6762 ], [ 82.0494, 26.6789 ], [ 82.0502, 26.6838 ], [ 82.0562, 26.682 ], [ 82.0644, 26.6643 ], [ 82.0556, 26.6603 ], [ 82.0565, 26.6569 ], [ 82.0744, 26.6463 ], [ 82.0736, 26.6353 ], [ 82.0757, 26.6336 ], [ 82.0834, 26.6399 ], [ 82.1055, 26.6385 ], [ 82.1033, 26.6327 ], [ 82.1095, 26.6291 ], [ 82.1255, 26.6293 ], [ 82.1342, 26.6337 ], [ 82.1308, 26.6369 ], [ 82.1454, 26.6498 ], [ 82.144, 26.6552 ], [ 82.1476, 26.6577 ], [ 82.173, 26.6576 ], [ 82.1833, 26.6503 ], [ 82.2003, 26.6537 ], [ 82.199, 26.6604 ], [ 82.2097, 26.6609 ], [ 82.2144, 26.6563 ], [ 82.21, 26.6506 ], [ 82.2134, 26.6422 ], [ 82.2237, 26.6387 ], [ 82.2373, 26.615 ], [ 82.2437, 26.6205 ], [ 82.2494, 26.6186 ], [ 82.2484, 26.6086 ], [ 82.2548, 26.5958 ], [ 82.2684, 26.5976 ], [ 82.2734, 26.5881 ], [ 82.279, 26.5931 ], [ 82.2868, 26.5846 ], [ 82.2931, 26.5874 ], [ 82.2971, 26.584 ], [ 82.3004, 26.5844 ], [ 82.2992, 26.5923 ], [ 82.3125, 26.5969 ], [ 82.3202, 26.5825 ], [ 82.3251, 26.583 ], [ 82.3274, 26.5923 ], [ 82.3358, 26.5879 ], [ 82.326, 26.5753 ] ] ] } },
{ "type": "Feature", "properties": { "unit_id": "IND.34.25.2_1", "unit_name": "Faizabad", "district": "Faizabad", "did": "uttar_pradesh:Faizabad", "state": "Uttar Pradesh", "state_key": "uttar_pradesh", "name_ok": true }, "geometry": { "type": "Polygon", "coordinates": [ [ [ 82.4381, 26.5643 ], [ 82.4335, 26.5665 ], [ 82.4276, 26.5589 ], [ 82.4242, 26.5593 ], [ 82.4211, 26.5502 ], [ 82.4128, 26.5522 ], [ 82.408, 26.5608 ], [ 82.3965, 26.554 ], [ 82.3936, 26.5481 ], [ 82.3814, 26.5473 ], [ 82.3716, 26.5534 ], [ 82.3662, 26.5517 ], [ 82.3617, 26.5589 ], [ 82.3692, 26.5623 ], [ 82.3697, 26.5766 ], [ 82.3452, 26.5832 ], [ 82.3383, 26.58 ], [ 82.3336, 26.5822 ], [ 82.3358, 26.5879 ], [ 82.3274, 26.5923 ], [ 82.3251, 26.583 ], [ 82.3202, 26.5825 ], [ 82.3125, 26.5969 ], [ 82.2992, 26.5923 ], [ 82.3004, 26.5844 ], [ 82.2971, 26.584 ], [ 82.2931, 26.5874 ], [ 82.2868, 26.5846 ], [ 82.279, 26.5931 ], [ 82.2734, 26.5881 ], [ 82.2684, 26.5976 ], [ 82.2548, 26.5958 ], [ 82.2484, 26.6086 ], [ 82.2494, 26.6186 ], [ 82.2437, 26.6205 ], [ 82.2373, 26.615 ], [ 82.2237, 26.6387 ], [ 82.2134, 26.6422 ], [ 82.21, 26.6506 ], [ 82.2144, 26.6563 ], [ 82.2097, 26.6609 ], [ 82.199, 26.6604 ], [ 82.2003, 26.6537 ], [ 82.1833, 26.6503 ], [ 82.173, 26.6576 ], [ 82.1476, 26.6577 ], [ 82.144, 26.6552 ], [ 82.1454, 26.6498 ], [ 82.1308, 26.6369 ], [ 82.1342, 26.6337 ], [ 82.1255, 26.6293 ], [ 82.1095, 26.6291 ], [ 82.1033, 26.6327 ], [ 82.1055, 26.6385 ], [ 82.0834, 26.6399 ], [ 82.0757, 26.6336 ], [ 82.0736, 26.6353 ], [ 82.0744, 26.6463 ], [ 82.0565, 26.6569 ], [ 82.0556, 26.6603 ], [ 82.0644, 26.6643 ], [ 82.0562, 26.682 ], [ 82.0502, 26.6838 ], [ 82.0494, 26.6789 ], [ 82.0421, 26.6762 ], [ 82.0402, 26.6814 ], [ 82.0272, 26.6905 ], [ 82.0213, 26.6886 ], [ 82.0199, 26.6924 ], [ 82.013, 26.6941 ], [ 81.9995, 26.6906 ], [ 81.9836, 26.7061 ], [ 81.9694, 26.6993 ], [ 81.9559, 26.7031 ], [ 81.9506, 26.6918 ], [ 81.92, 26.6965 ], [ 81.9128, 26.7078 ], [ 81.8989, 26.7099 ], [ 81.8856, 26.7067 ], [ 81.8826, 26.7184 ], [ 81.8768, 26.7197 ], [ 81.8722, 26.7132 ], [ 81.8426, 26.7111 ], [ 81.8269, 26.7064 ], [ 81.8152, 26.7217 ], [ 81.8227, 26.7398 ], [ 81.8303, 26.7406 ], [ 81.8323, 26.7631 ], [ 81.8283, 26.7676 ], [ 81.7992, 26.7784 ], [ 81.7968, 26.7886 ], [ 81.8005, 26.8016 ], [ 81.8157, 26.8065 ], [ 81.8183, 26.8125 ], [ 81.8244, 26.8091 ], [ 81.8317, 26.8123 ], [ 81.8403, 26.8079 ], [ 81.8515, 26.8105 ], [ 81.8533, 26.8164 ], [ 81.8481, 26.8201 ], [ 81.8467, 26.8308 ], [ 81.8478, 26.8394 ], [ 81.8516, 26.8403 ], [ 81.875, 26.8372 ], [ 81.8812, 26.8333 ], [ 81.9099, 26.7934 ], [ 81.9712, 26.7826 ], [ 81.9976, 26.7912 ], [ 82.0035, 26.7982 ], [ 82.0298, 26.811 ], [ 82.0475, 26.8072 ], [ 82.0802, 26.8135 ], [ 82.1026, 26.8283 ], [ 82.1185, 26.8247 ], [ 82.1224, 26.8313 ], [ 82.1319, 26.836 ], [ 82.1627, 26.8313 ], [ 82.1759, 26.8374 ], [ 82.1955, 26.8326 ], [ 82.1963, 26.8238 ], [ 82.2151, 26.8116 ], [ 82.2136, 26.782 ], [ 82.2314, 26.7521 ], [ 82.2481, 26.7478 ], [ 82.2619, 26.7516 ], [ 82.2759, 26.7401 ], [ 82.3084, 26.727 ], [ 82.317, 26.7132 ], [ 82.3574, 26.6746 ], [ 82.3836, 26.6563 ], [ 82.4043, 26.6494 ], [ 82.4363, 26.6618 ], [ 82.462, 26.6616 ], [ 82.4689, 26.6562 ], [ 82.4594, 26.633 ], [ 82.4698, 26.6198 ], [ 82.4677, 26.6116 ], [ 82.4563, 26.6057 ], [ 82.4454, 26.6067 ], [ 82.4423, 26.5989 ], [ 82.4507, 26.594 ], [ 82.4506, 26.5892 ], [ 82.4585, 26.5862 ], [ 82.4381, 26.5643 ] ] ] } },
{ "type": "Feature", "properties": { "unit_id": "IND.34.26.1_1", "unit_name": "Fatehgarh", "district": "Farrukhabad", "did": "uttar_pradesh:Farrukhabad", "state": "Uttar Pradesh", "state_key": "uttar_pradesh", "name_ok": true }, "geometry": { "type": "Polygon", "coordinates": [ [ [ 79.2461, 27.3454 ], [ 79.259, 27.3529 ], [ 79.2425, 27.3972 ], [ 79.258, 27.4095 ], [ 79.2738, 27.3936 ], [ 79.3002, 27.4037 ], [ 79.3015, 27.3821 ], [ 79.3242, 27.3549 ], [ 79.3398, 27.3636 ], [ 79.3453, 27.3845 ], [ 79.3544, 27.3861 ], [ 79.3589, 27.3922 ], [ 79.3729, 27.3993 ], [ 79.3649, 27.4068 ], [ 79.3655, 27.4135 ], [ 79.381, 27.4139 ], [ 79.3901, 27.4104 ], [ 79.4045, 27.4158 ], [ 79.4247, 27.4074 ], [ 79.4241, 27.4121 ], [ 79.4355, 27.4298 ], [ 79.4589, 27.4266 ], [ 79.4647, 27.4184 ], [ 79.4843, 27.4146 ], [ 79.4866, 27.4182 ], [ 79.4894, 27.4168 ], [ 79.4868, 27.4333 ], [ 79.5068, 27.4251 ], [ 79.5315, 27.439 ], [ 79.5441, 27.4437 ], [ 79.5518, 27.442 ], [ 79.5604, 27.4519 ], [ 79.5711, 27.4516 ], [ 79.5681, 27.481 ], [ 79.5754, 27.4866 ], [ 79.5763, 27.4953 ], [ 79.5456, 27.5232 ], [ 79.541, 27.5452 ], [ 79.5219, 27.5591 ], [ 79.5248, 27.5973 ], [ 79.5387, 27.6038 ], [ 79.5465, 27.6001 ], [ 79.5462, 27.5942 ], [ 79.5802, 27.597 ], [ 79.5844, 27.604 ], [ 79.6025, 27.5991 ], [ 79.6005, 27.605 ], [ 79.5892, 27.6111 ], [ 79.5881, 27.6203 ], [ 79.6084, 27.624 ], [ 79.6205, 27.6403 ], [ 79.6432, 27.6468 ], [ 79.6388, 27.6386 ], [ 79.6474, 27.6404 ], [ 79.6423, 27.6238 ], [ 79.6489, 27.6155 ], [ 79.6387, 27.6041 ], [ 79.6327, 27.5858 ], [ 79.6346, 27.5824 ], [ 79.6461, 27.5806 ], [ 79.6523, 27.5436 ], [ 79.6479, 27.5126 ], [ 79.6558, 27.5095 ], [ 79.6539, 27.5013 ], [ 79.6933, 27.4965 ], [ 79.6899, 27.4773 ], [ 79.703, 27.4815 ], [ 79.7227, 27.4732 ], [ 79.7252, 27.4645 ], [ 79.7369, 27.4578 ], [ 79.7291, 27.4452 ], [ 79.7117, 27.4379 ], [ 79.7095, 27.4282 ], [ 79.7153, 27.4181 ], [ 79.6853, 27.3908 ], [ 79.6805, 27.3787 ], [ 79.6803, 27.3738 ], [ 79.7121, 27.3333 ], [ 79.7174, 27.3139 ], [ 79.716, 27.3005 ], [ 79.7227, 27.2856 ], [ 79.6998, 27.2659 ], [ 79.6926, 27.2678 ], [ 79.6881, 27.265 ], [ 79.6863, 27.2576 ], [ 79.6934, 27.2499 ], [ 79.6905, 27.235 ], [ 79.7176, 27.2236 ], [ 79.7094, 27.2169 ], [ 79.6946, 27.2239 ], [ 79.6873, 27.22 ], [ 79.671, 27.1772 ], [ 79.6533, 27.1716 ], [ 79.6234, 27.1895 ], [ 79.6065, 27.1933 ], [ 79.6008, 27.1911 ], [ 79.5894, 27.1741 ], [ 79.5765, 27.1676 ], [ 79.5644, 27.1683 ], [ 79.5522, 27.1646 ], [ 79.5396, 27.1722 ], [ 79.527, 27.1926 ], [ 79.5181, 27.1968 ], [ 79.5124, 27.2152 ], [ 79.48, 27.2187 ], [ 79.4735, 27.2143 ], [ 79.4604, 27.2173 ], [ 79.4382, 27.2163 ], [ 79.4289, 27.2191 ], [ 79.4174, 27.2317 ], [ 79.403, 27.2315 ], [ 79.4021, 27.2168 ], [ 79.3852, 27.2016 ], [ 79.3655, 27.2128 ], [ 79.354, 27.2274 ], [ 79.3456, 27.217 ], [ 79.3298, 27.2214 ], [ 79.3305, 27.2353 ], [ 79.306, 27.2523 ], [ 79.3143, 27.2632 ], [ 79.3158, 27.2744 ], [ 79.311, 27.2926 ], [ 79.2918, 27.2852 ], [ 79.2799, 27.2878 ], [ 79.2803, 27.3104 ], [ 79.259, 27.3109 ], [ 79.253, 27.3292 ], [ 79.2412, 27.3366 ], [ 79.2461, 27.3454 ] ] ] } },
{ "type": "Feature", "properties": { "unit_id": "IND.34.26.2_1", "unit_name": "Kaimganj", "district": "Farrukhabad", "did": "uttar_pradesh:Farrukhabad", "state": "Uttar Pradesh", "state_key": "uttar_pradesh", "name_ok": true }, "geometry": { "type": "Polygon", "coordinates": [ [ [ 79.218, 27.7019 ], [ 79.2268, 27.7134 ], [ 79.2351, 27.7037 ], [ 79.2509, 27.699 ], [ 79.2499, 27.6898 ], [ 79.2881, 27.6737 ], [ 79.2913, 27.6744 ], [ 79.2815, 27.6862 ], [ 79.2835, 27.6892 ], [ 79.2932, 27.6864 ], [ 79.3062, 27.6731 ], [ 79.3401, 27.6583 ], [ 79.3365, 27.6539 ], [ 79.363, 27.6534 ], [ 79.3658, 27.6473 ], [ 79.3852, 27.6511 ], [ 79.4172, 27.6337 ], [ 79.4346, 27.6457 ], [ 79.4455, 27.6393 ], [ 79.45, 27.6409 ], [ 79.4677, 27.6295 ], [ 79.4729, 27.6199 ], [ 79.4751, 27.6157 ], [ 79.4703, 27.6024 ], [ 79.4994, 27.5954 ], [ 79.5106, 27.6045 ], [ 79.5248, 27.5973 ], [ 79.5219, 27.5591 ], [ 79.541, 27.5452 ], [ 79.5456, 27.5232 ], [ 79.5763, 27.4953 ], [ 79.5754, 27.4866 ], [ 79.5681, 27.481 ], [ 79.5711, 27.4516 ], [ 79.5604, 27.4519 ], [ 79.5518, 27.442 ], [ 79.5441, 27.4437 ], [ 79.5315, 27.439 ], [ 79.5068, 27.4251 ], [ 79.4868, 27.4333 ], [ 79.4894, 27.4168 ], [ 79.4866, 27.4182 ], [ 79.4843, 27.4146 ], [ 79.4647, 27.4184 ], [ 79.4589, 27.4266 ], [ 79.4355, 27.4298 ], [ 79.4241, 27.4121 ], [ 79.4247, 27.4074 ], [ 79.4045, 27.4158 ], [ 79.3901, 27.4104 ], [ 79.381, 27.4139 ], [ 79.3655, 27.4135 ], [ 79.3649, 27.4068 ], [ 79.3729, 27.3993 ], [ 79.3589, 27.3922 ], [ 79.3544, 27.3861 ], [ 79.3453, 27.3845 ], [ 79.3398, 27.3636 ], [ 79.3242, 27.3549 ], [ 79.3015, 27.3821 ], [ 79.3002, 27.4037 ], [ 79.2738, 27.3936 ], [ 79.258, 27.4095 ], [ 79.2425, 27.3972 ], [ 79.2187, 27.4195 ], [ 79.2454, 27.4265 ], [ 79.2508, 27.4359 ], [ 79.2509, 27.4507 ], [ 79.2435, 27.4602 ], [ 79.2456, 27.4697 ], [ 79.2383, 27.4793 ], [ 79.2489, 27.498 ], [ 79.259, 27.5004 ], [ 79.2645, 27.523 ], [ 79.2607, 27.5269 ], [ 79.2429, 27.5274 ], [ 79.227, 27.5332 ], [ 79.2162, 27.5418 ], [ 79.2167, 27.5596 ], [ 79.2107, 27.5824 ], [ 79.1937, 27.5878 ], [ 79.165, 27.5903 ], [ 79.1632, 27.5948 ], [ 79.1749, 27.6077 ], [ 79.1742, 27.6193 ], [ 79.1602, 27.6217 ], [ 79.1488, 27.6301 ], [ 79.1225, 27.6396 ], [ 79.1285, 27.6485 ], [ 79.1245, 27.6653 ], [ 79.1265, 27.6741 ], [ 79.1224, 27.6843 ], [ 79.1142, 27.6884 ], [ 79.1256, 27.7086 ], [ 79.1441, 27.7068 ], [ 79.1651, 27.7124 ], [ 79.1731, 27.7202 ], [ 79.1992, 27.713 ], [ 79.218, 27.7019 ] ] ] } },
{ "type": "Feature", "properties": { "unit_id": "IND.34.27.1_1", "unit_name": "Bindki", "district": "Fatehpur", "did": "uttar_pradesh:Fatehpur", "state": "Uttar Pradesh", "state_key": "uttar_pradesh", "name_ok": true }, "geometry": { "type": "Polygon", "coordinates": [ [ [ 80.5234, 25.8794 ], [ 80.4977, 25.8827 ], [ 80.4482, 25.9034 ], [ 80.3807, 25.9155 ], [ 80.3568, 25.9102 ], [ 80.3139, 25.8928 ], [ 80.2996, 25.894 ], [ 80.2868, 25.9047 ], [ 80.2761, 25.924 ], [ 80.2629, 25.9356 ], [ 80.2281, 25.9274 ], [ 80.2187, 25.9626 ], [ 80.2087, 25.9677 ], [ 80.2069, 25.9727 ], [ 80.2393, 25.9953 ], [ 80.2415, 26.0124 ], [ 80.2516, 26.026 ], [ 80.2454, 26.0304 ], [ 80.2515, 26.0365 ], [ 80.2477, 26.0398 ], [ 80.2525, 26.0451 ], [ 80.2472, 26.0502 ], [ 80.2544, 26.0534 ], [ 80.2624, 26.0656 ], [ 80.2742, 26.0613 ], [ 80.2824, 26.0712 ], [ 80.2936, 26.0655 ], [ 80.3046, 26.0776 ], [ 80.3053, 26.0884 ], [ 80.3128, 26.0957 ], [ 80.3115, 26.1083 ], [ 80.3155, 26.1185 ], [ 80.3239, 26.1203 ], [ 80.3332, 26.1296 ], [ 80.3464, 26.1305 ], [ 80.355, 26.1423 ], [ 80.3805, 26.1495 ], [ 80.3992, 26.166 ], [ 80.4222, 26.1588 ], [ 80.4231, 26.1698 ], [ 80.4364, 26.1741 ], [ 80.4412, 26.1851 ], [ 80.4645, 26.1868 ], [ 80.472, 26.1821 ], [ 80.4742, 26.1886 ], [ 80.4896, 26.199 ], [ 80.5009, 26.1931 ], [ 80.5121, 26.193 ], [ 80.5156, 26.1962 ], [ 80.5116, 26.1979 ], [ 80.5147, 26.2036 ], [ 80.5299, 26.2022 ], [ 80.5354, 26.2068 ], [ 80.5319, 26.2097 ], [ 80.5368, 26.2255 ], [ 80.558, 26.2316 ], [ 80.5691, 26.2268 ], [ 80.5932, 26.2294 ], [ 80.5989, 26.223 ], [ 80.6018, 26.2025 ], [ 80.5955, 26.1768 ], [ 80.6055, 26.1565 ], [ 80.6494, 26.1497 ], [ 80.6629, 26.1347 ], [ 80.6672, 26.1261 ], [ 80.6677, 26.1095 ], [ 80.675, 26.1036 ], [ 80.6993, 26.0914 ], [ 80.752, 26.0778 ], [ 80.7723, 26.063 ], [ 80.7687, 26.0561 ], [ 80.7721, 26.049 ], [ 80.7789, 26.0458 ], [ 80.7771, 26.0411 ], [ 80.7666, 26.0419 ], [ 80.7617, 26.037 ], [ 80.7694, 26.0317 ], [ 80.7683, 26.0279 ], [ 80.7505, 26.0212 ], [ 80.7486, 26.0083 ], [ 80.7436, 26.0018 ], [ 80.7223, 26.0083 ], [ 80.7045, 25.9977 ], [ 80.6982, 26.0022 ], [ 80.6849, 26.0032 ], [ 80.6798, 25.9954 ], [ 80.6697, 25.9977 ], [ 80.6636, 26.011 ], [ 80.647, 26.0155 ], [ 80.6425, 26.0089 ], [ 80.6287, 26.0055 ], [ 80.6444, 25.9724 ], [ 80.6378, 25.9454 ], [ 80.6417, 25.9276 ], [ 80.6275, 25.9084 ], [ 80.6145, 25.8979 ], [ 80.6344, 25.8799 ], [ 80.6259, 25.857 ], [ 80.6099, 25.8591 ], [ 80.604, 25.8538 ], [ 80.6038, 25.857 ], [ 80.5946, 25.8565 ], [ 80.5642, 25.8747 ], [ 80.5477, 25.8714 ], [ 80.5234, 25.8794 ] ] ] } },
{ "type": "Feature", "properties": { "unit_id": "IND.34.27.2_1", "unit_name": "Fatehpur", "district": "Fatehpur", "did": "uttar_pradesh:Fatehpur", "state": "Uttar Pradesh", "state_key": "uttar_pradesh", "name_ok": true }, "geometry": { "type": "Polygon", "coordinates": [ [ [ 80.928, 25.6915 ], [ 80.8937, 25.6813 ], [ 80.8611, 25.6781 ], [ 80.8542, 25.6802 ], [ 80.8429, 25.7049 ], [ 80.8391, 25.7241 ], [ 80.8272, 25.7319 ], [ 80.7878, 25.7002 ], [ 80.7588, 25.6886 ], [ 80.7344, 25.6851 ], [ 80.7113, 25.6852 ], [ 80.6858, 25.6959 ], [ 80.6455, 25.7063 ], [ 80.5912, 25.7121 ], [ 80.5516, 25.7309 ], [ 80.5471, 25.7393 ], [ 80.566, 25.7661 ], [ 80.5715, 25.7847 ], [ 80.5677, 25.7876 ], [ 80.5147, 25.7814 ], [ 80.4904, 25.7912 ], [ 80.4637, 25.8108 ], [ 80.4556, 25.8271 ], [ 80.4627, 25.8354 ], [ 80.4731, 25.8382 ], [ 80.5271, 25.8399 ], [ 80.5401, 25.8486 ], [ 80.5477, 25.8714 ], [ 80.5608, 25.8746 ], [ 80.5946, 25.8565 ], [ 80.6038, 25.857 ], [ 80.604, 25.8538 ], [ 80.6099, 25.8591 ], [ 80.6259, 25.857 ], [ 80.6344, 25.8799 ], [ 80.6145, 25.8979 ], [ 80.6275, 25.9084 ], [ 80.6417, 25.9276 ], [ 80.6378, 25.9454 ], [ 80.6444, 25.9724 ], [ 80.6287, 26.0055 ], [ 80.6425, 26.0089 ], [ 80.647, 26.0155 ], [ 80.6636, 26.011 ], [ 80.6697, 25.9977 ], [ 80.6798, 25.9954 ], [ 80.6849, 26.0032 ], [ 80.6982, 26.0022 ], [ 80.7045, 25.9977 ], [ 80.7223, 26.0083 ], [ 80.7436, 26.0018 ], [ 80.7486, 26.0083 ], [ 80.7505, 26.0212 ], [ 80.7683, 26.0279 ], [ 80.7694, 26.0317 ], [ 80.7617, 26.037 ], [ 80.7666, 26.0419 ], [ 80.7771, 26.0411 ], [ 80.7789, 26.0458 ], [ 80.7721, 26.049 ], [ 80.7687, 26.0561 ], [ 80.7723, 26.063 ], [ 80.8025, 26.0376 ], [ 80.8175, 26.0351 ], [ 80.8676, 26.0504 ], [ 80.8803, 26.0589 ], [ 80.9093, 26.0587 ], [ 80.9312, 26.0703 ], [ 80.9629, 26.073 ], [ 80.9696, 26.0688 ], [ 80.991, 26.0721 ], [ 81.0103, 26.068 ], [ 81.0287, 26.0554 ], [ 81.0568, 26.02 ], [ 81.0546, 26.0102 ], [ 81.0589, 26.0047 ], [ 81.044, 25.9964 ], [ 81.0391, 25.9752 ], [ 81.0276, 25.9603 ], [ 81.0292, 25.9526 ], [ 81.0219, 25.9389 ], [ 81.0277, 25.9331 ], [ 81.0268, 25.9149 ], [ 81.0177, 25.8964 ], [ 81.0245, 25.8851 ], [ 81.0102, 25.8617 ], [ 81.0138, 25.8513 ], [ 81.0259, 25.8436 ], [ 81.0213, 25.8262 ], [ 81.0229, 25.821 ], [ 81.0314, 25.8158 ], [ 81.0277, 25.8099 ], [ 81.0008, 25.8096 ], [ 80.9966, 25.7996 ], [ 80.982, 25.7903 ], [ 81.0105, 25.7745 ], [ 81.007, 25.7574 ], [ 81.01, 25.7412 ], [ 81.0027, 25.7268 ], [ 81.0074, 25.7238 ], [ 81.0062, 25.7175 ], [ 80.9912, 25.7254 ], [ 80.9728, 25.7224 ], [ 80.9631, 25.7254 ], [ 80.9539, 25.7157 ], [ 80.9383, 25.6853 ], [ 80.928, 25.6915 ] ] ] } },
{ "type": "Feature", "properties": { "unit_id": "IND.34.27.3_1", "unit_name": "Khaga", "district": "Fatehpur", "did": "uttar_pradesh:Fatehpur", "state": "Uttar Pradesh", "state_key": "uttar_pradesh", "name_ok": true }, "geometry": { "type": "Polygon", "coordinates": [ [ [ 80.9928, 25.5677 ], [ 80.9914, 25.5753 ], [ 81.0174, 25.5879 ], [ 81.0252, 25.5964 ], [ 81.0303, 25.6164 ], [ 81.0287, 25.6303 ], [ 81.0219, 25.637 ], [ 81.011, 25.6371 ], [ 80.9627, 25.6128 ], [ 80.9501, 25.6123 ], [ 80.937, 25.6312 ], [ 80.9419, 25.6732 ], [ 80.9383, 25.6853 ], [ 80.9539, 25.7157 ], [ 80.9631, 25.7254 ], [ 80.9728, 25.7224 ], [ 80.9912, 25.7254 ], [ 81.0062, 25.7175 ], [ 81.0074, 25.7238 ], [ 81.0027, 25.7268 ], [ 81.01, 25.7412 ], [ 81.007, 25.7574 ], [ 81.0105, 25.7745 ], [ 80.982, 25.7903 ], [ 80.9966, 25.7996 ], [ 81.0008, 25.8096 ], [ 81.0277, 25.8099 ], [ 81.0308, 25.813 ], [ 81.0213, 25.8262 ], [ 81.0259, 25.8436 ], [ 81.0138, 25.8513 ], [ 81.0102, 25.8617 ], [ 81.0245, 25.8851 ], [ 81.0177, 25.8964 ], [ 81.0268, 25.9149 ], [ 81.0277, 25.9331 ], [ 81.0219, 25.9389 ], [ 81.0292, 25.9526 ], [ 81.0276, 25.9603 ], [ 81.0391, 25.9752 ], [ 81.044, 25.9964 ], [ 81.0589, 26.0047 ], [ 81.1091, 25.9772 ], [ 81.1074, 25.9593 ], [ 81.1229, 25.9537 ], [ 81.1568, 25.9496 ], [ 81.1593, 25.9465 ], [ 81.1555, 25.9414 ], [ 81.1587, 25.9392 ], [ 81.1937, 25.9394 ], [ 81.1943, 25.9316 ], [ 81.2077, 25.9307 ], [ 81.211, 25.8812 ], [ 81.2156, 25.874 ], [ 81.2302, 25.8617 ], [ 81.2643, 25.8509 ], [ 81.2879, 25.8479 ], [ 81.3279, 25.8143 ], [ 81.324, 25.7977 ], [ 81.3183, 25.7998 ], [ 81.3061, 25.7856 ], [ 81.3069, 25.7764 ], [ 81.2852, 25.7725 ], [ 81.2841, 25.7684 ], [ 81.2775, 25.768 ], [ 81.272, 25.7631 ], [ 81.2675, 25.7645 ], [ 81.2603, 25.7571 ], [ 81.2534, 25.7561 ], [ 81.2425, 25.7646 ], [ 81.2348, 25.7542 ], [ 81.237, 25.7523 ], [ 81.2286, 25.7461 ], [ 81.2299, 25.7404 ], [ 81.221, 25.7195 ], [ 81.2072, 25.726 ], [ 81.1925, 25.7235 ], [ 81.1898, 25.7048 ], [ 81.1958, 25.699 ], [ 81.1972, 25.6879 ], [ 81.2174, 25.6915 ], [ 81.2209, 25.6853 ], [ 81.2298, 25.6849 ], [ 81.2317, 25.68 ], [ 81.2225, 25.6751 ], [ 81.2079, 25.6745 ], [ 81.2085, 25.6577 ], [ 81.202, 25.6491 ], [ 81.2102, 25.642 ], [ 81.2023, 25.6005 ], [ 81.2173, 25.5989 ], [ 81.2255, 25.5952 ], [ 81.2274, 25.5895 ], [ 81.2337, 25.5886 ], [ 81.2311, 25.5806 ], [ 81.2399, 25.5771 ], [ 81.2386, 25.5736 ], [ 81.2492, 25.5592 ], [ 81.2481, 25.5542 ], [ 81.2544, 25.5482 ], [ 81.2499, 25.5276 ], [ 81.2446, 25.5261 ], [ 81.2451, 25.5179 ], [ 81.2626, 25.5114 ], [ 81.2576, 25.4972 ], [ 81.2513, 25.492 ], [ 81.2438, 25.4946 ], [ 81.2373, 25.4864 ], [ 81.2284, 25.486 ], [ 81.2272, 25.4786 ], [ 81.2203, 25.4759 ], [ 81.2195, 25.4648 ], [ 81.2106, 25.4507 ], [ 81.2135, 25.4452 ], [ 81.2104, 25.4438 ], [ 81.1841, 25.4564 ], [ 81.1877, 25.4643 ], [ 81.1828, 25.4915 ], [ 81.142, 25.5093 ], [ 81.0427, 25.529 ], [ 81.0267, 25.5366 ], [ 80.9928, 25.5677 ] ] ] } },
{ "type": "Feature", "properties": { "unit_id": "IND.34.28.1_1", "unit_name": "Etmadpur", "district": "Firozabad", "did": "uttar_pradesh:Firozabad", "state": "Uttar Pradesh", "state_key": "uttar_pradesh", "name_ok": true }, "geometry": { "type": "Polygon", "coordinates": [ [ [ 78.1939, 27.1357 ], [ 78.211, 27.1625 ], [ 78.2088, 27.1724 ], [ 78.1972, 27.1866 ], [ 78.1888, 27.1893 ], [ 78.1712, 27.182 ], [ 78.1587, 27.1816 ], [ 78.159, 27.199 ], [ 78.1415, 27.1974 ], [ 78.1362, 27.1873 ], [ 78.1046, 27.1858 ], [ 78.0923, 27.2034 ], [ 78.0785, 27.2069 ], [ 78.0488, 27.1939 ], [ 78.0371, 27.1845 ], [ 78.0267, 27.1828 ], [ 78.0231, 27.1839 ], [ 78.0216, 27.1958 ], [ 78.0295, 27.2155 ], [ 78.0215, 27.2517 ], [ 78.0161, 27.2595 ], [ 78.0028, 27.2689 ], [ 77.9914, 27.2727 ], [ 77.9789, 27.2717 ], [ 77.9725, 27.2657 ], [ 77.984, 27.2544 ], [ 77.985, 27.2488 ], [ 77.9809, 27.2454 ], [ 77.9547, 27.2457 ], [ 77.9525, 27.2495 ], [ 77.9543, 27.2698 ], [ 77.9817, 27.2896 ], [ 77.9824, 27.3094 ], [ 77.9719, 27.319 ], [ 77.9754, 27.3312 ], [ 77.9964, 27.3321 ], [ 78.0046, 27.327 ], [ 78.0025, 27.3334 ], [ 78.0123, 27.3302 ], [ 78.0222, 27.339 ], [ 78.0301, 27.3396 ], [ 78.0315, 27.3487 ], [ 78.0382, 27.3533 ], [ 78.0507, 27.3455 ], [ 78.0653, 27.3421 ], [ 78.0697, 27.3551 ], [ 78.079, 27.3587 ], [ 78.0764, 27.3633 ], [ 78.0635, 27.3713 ], [ 78.043, 27.3748 ], [ 78.0478, 27.3857 ], [ 78.0617, 27.3859 ], [ 78.0662, 27.3943 ], [ 78.0732, 27.3978 ], [ 78.0977, 27.3748 ], [ 78.1121, 27.3772 ], [ 78.1277, 27.3707 ], [ 78.1447, 27.3883 ], [ 78.1533, 27.3931 ], [ 78.1649, 27.3935 ], [ 78.1633, 27.4035 ], [ 78.1696, 27.405 ], [ 78.1704, 27.4148 ], [ 78.1824, 27.408 ], [ 78.2081, 27.4067 ], [ 78.2169, 27.4118 ], [ 78.2301, 27.4076 ], [ 78.2416, 27.3974 ], [ 78.2513, 27.3994 ], [ 78.2628, 27.3947 ], [ 78.2716, 27.3993 ], [ 78.2782, 27.3903 ], [ 78.2878, 27.3882 ], [ 78.2849, 27.3801 ], [ 78.2798, 27.3779 ], [ 78.2805, 27.3603 ], [ 78.2698, 27.3432 ], [ 78.277, 27.3186 ], [ 78.3033, 27.3067 ], [ 78.3037, 27.2989 ], [ 78.3128, 27.2876 ], [ 78.3213, 27.2934 ], [ 78.3403, 27.288 ], [ 78.3394, 27.2804 ], [ 78.3222, 27.2678 ], [ 78.3299, 27.2352 ], [ 78.315, 27.226 ], [ 78.3016, 27.2226 ], [ 78.2943, 27.2069 ], [ 78.2939, 27.1817 ], [ 78.307, 27.1723 ], [ 78.2941, 27.1683 ], [ 78.2962, 27.1568 ], [ 78.291, 27.1447 ], [ 78.2932, 27.1345 ], [ 78.284, 27.0877 ], [ 78.2699, 27.0862 ], [ 78.2543, 27.1097 ], [ 78.2411, 27.1158 ], [ 78.234, 27.1121 ], [ 78.2347, 27.1062 ], [ 78.2493, 27.0991 ], [ 78.2515, 27.0871 ], [ 78.2334, 27.0778 ], [ 78.2205, 27.0785 ], [ 78.2201, 27.0991 ], [ 78.2, 27.1109 ], [ 78.1938, 27.1213 ], [ 78.1939, 27.1357 ] ] ] } },
{ "type": "Feature", "properties": { "unit_id": "IND.34.28.2_1", "unit_name": "Firozabad", "district": "Firozabad", "did": "uttar_pradesh:Firozabad", "state": "Uttar Pradesh", "state_key": "uttar_pradesh", "name_ok": true }, "geometry": { "type": "Polygon", "coordinates": [ [ [ 78.4549, 26.9907 ], [ 78.4432, 26.9899 ], [ 78.4409, 27.0132 ], [ 78.4267, 27.0313 ], [ 78.4246, 27.0472 ], [ 78.4198, 27.0525 ], [ 78.3832, 27.0618 ], [ 78.3554, 27.0851 ], [ 78.3422, 27.0772 ], [ 78.3265, 27.0787 ], [ 78.3125, 27.0597 ], [ 78.3044, 27.0574 ], [ 78.3032, 27.0898 ], [ 78.3072, 27.0999 ], [ 78.327, 27.1037 ], [ 78.3368, 27.1144 ], [ 78.3581, 27.1142 ], [ 78.3646, 27.1227 ], [ 78.3608, 27.1276 ], [ 78.3352, 27.131 ], [ 78.3194, 27.1137 ], [ 78.3142, 27.1124 ], [ 78.3095, 27.1266 ], [ 78.3021, 27.1289 ], [ 78.2904, 27.1257 ], [ 78.291, 27.1447 ], [ 78.2962, 27.1568 ], [ 78.2941, 27.1683 ], [ 78.307, 27.1723 ], [ 78.2939, 27.1817 ], [ 78.2943, 27.2069 ], [ 78.3016, 27.2226 ], [ 78.315, 27.226 ], [ 78.3299, 27.2352 ], [ 78.3222, 27.2678 ], [ 78.3394, 27.2804 ], [ 78.3403, 27.288 ], [ 78.3213, 27.2934 ], [ 78.3128, 27.2876 ], [ 78.3037, 27.2989 ], [ 78.3033, 27.3067 ], [ 78.2913, 27.314 ], [ 78.3062, 27.3233 ], [ 78.3148, 27.3431 ], [ 78.326, 27.3364 ], [ 78.3444, 27.353 ], [ 78.3565, 27.3491 ], [ 78.3579, 27.3408 ], [ 78.3624, 27.338 ], [ 78.376, 27.3437 ], [ 78.3829, 27.3727 ], [ 78.3912, 27.3768 ], [ 78.4288, 27.3666 ], [ 78.4375, 27.376 ], [ 78.4492, 27.3785 ], [ 78.4699, 27.3478 ], [ 78.481, 27.3593 ], [ 78.4751, 27.3623 ], [ 78.4812, 27.3713 ], [ 78.4754, 27.3845 ], [ 78.4829, 27.3921 ], [ 78.4823, 27.3994 ], [ 78.476, 27.4 ], [ 78.466, 27.4084 ], [ 78.4568, 27.4266 ], [ 78.4579, 27.4314 ], [ 78.4679, 27.4346 ], [ 78.4716, 27.4309 ], [ 78.483, 27.4304 ], [ 78.4999, 27.4465 ], [ 78.4965, 27.4613 ], [ 78.5043, 27.4685 ], [ 78.5105, 27.465 ], [ 78.5149, 27.4559 ], [ 78.5257, 27.4545 ], [ 78.5358, 27.4475 ], [ 78.5549, 27.4767 ], [ 78.5771, 27.4811 ], [ 78.5799, 27.4965 ], [ 78.5904, 27.5061 ], [ 78.5887, 27.5128 ], [ 78.5977, 27.5157 ], [ 78.6147, 27.5083 ], [ 78.6213, 27.4953 ], [ 78.652, 27.4962 ], [ 78.6561, 27.4797 ], [ 78.6411, 27.4658 ], [ 78.632, 27.4384 ], [ 78.6351, 27.4277 ], [ 78.6619, 27.4228 ], [ 78.6663, 27.4008 ], [ 78.6772, 27.3898 ], [ 78.7077, 27.3818 ], [ 78.7116, 27.3496 ], [ 78.7028, 27.3417 ], [ 78.7062, 27.3367 ], [ 78.7029, 27.3301 ], [ 78.6853, 27.3273 ], [ 78.6681, 27.3112 ], [ 78.6698, 27.3045 ], [ 78.6538, 27.2939 ], [ 78.6458, 27.3131 ], [ 78.6373, 27.3189 ], [ 78.604, 27.29 ], [ 78.5955, 27.2947 ], [ 78.5816, 27.2885 ], [ 78.5771, 27.2986 ], [ 78.5492, 27.3072 ], [ 78.4763, 27.284 ], [ 78.4768, 27.2797 ], [ 78.4673, 27.2764 ], [ 78.4706, 27.2583 ], [ 78.4497, 27.2471 ], [ 78.4479, 27.2362 ], [ 78.4417, 27.2364 ], [ 78.4372, 27.2434 ], [ 78.4295, 27.2379 ], [ 78.4285, 27.2244 ], [ 78.4453, 27.2106 ], [ 78.4447, 27.201 ], [ 78.4316, 27.1959 ], [ 78.4302, 27.1893 ], [ 78.4521, 27.1516 ], [ 78.4487, 27.14 ], [ 78.4672, 27.1326 ], [ 78.4658, 27.1275 ], [ 78.4774, 27.1258 ], [ 78.4888, 27.1162 ], [ 78.4679, 27.0902 ], [ 78.4912, 27.0909 ], [ 78.4986, 27.064 ], [ 78.5097, 27.057 ], [ 78.5182, 27.03 ], [ 78.5156, 27.0208 ], [ 78.5032, 27.0104 ], [ 78.496, 27.0161 ], [ 78.492, 27.0153 ], [ 78.4764, 27.0064 ], [ 78.4739, 26.9997 ], [ 78.4549, 26.9907 ] ] ] } },
{ "type": "Feature", "properties": { "unit_id": "IND.34.28.3_1", "unit_name": "Jasrana", "district": "Firozabad", "did": "uttar_pradesh:Firozabad", "state": "Uttar Pradesh", "state_key": "uttar_pradesh", "name_ok": true }, "geometry": { "type": "Polygon", "coordinates": [ [ [ 78.4487, 27.14 ], [ 78.4521, 27.1516 ], [ 78.4302, 27.1893 ], [ 78.4316, 27.1959 ], [ 78.4447, 27.201 ], [ 78.4453, 27.2106 ], [ 78.4268, 27.228 ], [ 78.4342, 27.2434 ], [ 78.4417, 27.2364 ], [ 78.4479, 27.2362 ], [ 78.4497, 27.2471 ], [ 78.4706, 27.2583 ], [ 78.4673, 27.2764 ], [ 78.4768, 27.2797 ], [ 78.4763, 27.284 ], [ 78.5109, 27.2973 ], [ 78.5492, 27.3072 ], [ 78.5771, 27.2986 ], [ 78.5816, 27.2885 ], [ 78.5955, 27.2947 ], [ 78.604, 27.29 ], [ 78.6373, 27.3189 ], [ 78.6458, 27.3131 ], [ 78.6538, 27.2939 ], [ 78.6698, 27.3045 ], [ 78.6681, 27.3112 ], [ 78.6853, 27.3273 ], [ 78.7029, 27.3301 ], [ 78.7062, 27.3367 ], [ 78.7036, 27.3079 ], [ 78.7122, 27.3009 ], [ 78.7084, 27.2854 ], [ 78.6957, 27.2853 ], [ 78.6873, 27.2812 ], [ 78.6801, 27.2746 ], [ 78.6814, 27.2692 ], [ 78.6865, 27.2722 ], [ 78.711, 27.2682 ], [ 78.719, 27.2593 ], [ 78.7192, 27.2502 ], [ 78.7265, 27.2496 ], [ 78.7395, 27.2407 ], [ 78.7509, 27.2265 ], [ 78.7413, 27.2115 ], [ 78.7188, 27.2081 ], [ 78.7093, 27.184 ], [ 78.6912, 27.1637 ], [ 78.6809, 27.1617 ], [ 78.684, 27.1493 ], [ 78.6659, 27.1448 ], [ 78.6533, 27.1507 ], [ 78.6491, 27.1658 ], [ 78.6368, 27.1651 ], [ 78.6305, 27.1694 ], [ 78.6151, 27.1566 ], [ 78.6065, 27.1622 ], [ 78.6083, 27.1693 ], [ 78.6009, 27.1714 ], [ 78.5895, 27.1698 ], [ 78.5815, 27.1585 ], [ 78.5772, 27.1581 ], [ 78.5487, 27.1696 ], [ 78.5446, 27.1559 ], [ 78.5324, 27.1544 ], [ 78.5282, 27.1504 ], [ 78.5198, 27.1546 ], [ 78.5133, 27.1671 ], [ 78.5091, 27.1665 ], [ 78.5103, 27.156 ], [ 78.5051, 27.1547 ], [ 78.5033, 27.1457 ], [ 78.4908, 27.1334 ], [ 78.4739, 27.1358 ], [ 78.4672, 27.1326 ], [ 78.4487, 27.14 ] ] ] } },
{ "type": "Feature", "properties": { "unit_id": "IND.34.28.4_1", "unit_name": "Shikohabad", "district": "Firozabad", "did": "uttar_pradesh:Firozabad", "state": "Uttar Pradesh", "state_key": "uttar_pradesh", "name_ok": true }, "geometry": { "type": "Polygon", "coordinates": [ [ [ 78.7261, 26.9259 ], [ 78.7184, 26.9056 ], [ 78.7102, 26.9041 ], [ 78.6986, 26.9213 ], [ 78.6862, 26.9162 ], [ 78.6739, 26.9235 ], [ 78.6676, 26.9226 ], [ 78.6648, 26.8841 ], [ 78.6363, 26.8851 ], [ 78.6281, 26.8908 ], [ 78.6241, 26.9131 ], [ 78.6107, 26.9249 ], [ 78.6155, 26.9451 ], [ 78.6108, 26.9517 ], [ 78.593, 26.9547 ], [ 78.5906, 26.9515 ], [ 78.6006, 26.9305 ], [ 78.5987, 26.9262 ], [ 78.5924, 26.9256 ], [ 78.5674, 26.9495 ], [ 78.5673, 26.9675 ], [ 78.5368, 26.9677 ], [ 78.5181, 26.9815 ], [ 78.5109, 26.9816 ], [ 78.5081, 26.972 ], [ 78.5194, 26.9607 ], [ 78.5201, 26.9447 ], [ 78.5327, 26.9407 ], [ 78.5362, 26.9339 ], [ 78.5319, 26.9245 ], [ 78.5209, 26.9232 ], [ 78.5152, 26.927 ], [ 78.5075, 26.9631 ], [ 78.4784, 26.9719 ], [ 78.4787, 26.9914 ], [ 78.4739, 26.9997 ], [ 78.4764, 27.0064 ], [ 78.492, 27.0153 ], [ 78.496, 27.0161 ], [ 78.5032, 27.0104 ], [ 78.5156, 27.0208 ], [ 78.5182, 27.03 ], [ 78.5097, 27.057 ], [ 78.4986, 27.064 ], [ 78.4912, 27.0909 ], [ 78.4679, 27.0902 ], [ 78.4888, 27.1162 ], [ 78.4774, 27.1258 ], [ 78.465, 27.1288 ], [ 78.4706, 27.1353 ], [ 78.4908, 27.1334 ], [ 78.5033, 27.1457 ], [ 78.5051, 27.1547 ], [ 78.5103, 27.156 ], [ 78.5091, 27.1665 ], [ 78.5164, 27.1654 ], [ 78.5198, 27.1546 ], [ 78.5282, 27.1504 ], [ 78.5324, 27.1544 ], [ 78.5446, 27.1559 ], [ 78.5487, 27.1696 ], [ 78.5772, 27.1581 ], [ 78.5815, 27.1585 ], [ 78.5895, 27.1698 ], [ 78.6056, 27.1709 ], [ 78.6065, 27.1622 ], [ 78.6151, 27.1566 ], [ 78.6305, 27.1694 ], [ 78.6368, 27.1651 ], [ 78.6491, 27.1658 ], [ 78.6533, 27.1507 ], [ 78.6659, 27.1448 ], [ 78.6762, 27.1451 ], [ 78.6856, 27.1532 ], [ 78.6809, 27.1617 ], [ 78.6912, 27.1637 ], [ 78.7093, 27.184 ], [ 78.712, 27.197 ], [ 78.7175, 27.2028 ], [ 78.7306, 27.1974 ], [ 78.735, 27.1872 ], [ 78.7509, 27.1856 ], [ 78.7725, 27.1682 ], [ 78.7817, 27.1697 ], [ 78.7962, 27.1603 ], [ 78.8096, 27.1595 ], [ 78.8129, 27.1444 ], [ 78.7989, 27.1504 ], [ 78.7831, 27.1469 ], [ 78.7851, 27.13 ], [ 78.7905, 27.1271 ], [ 78.7923, 27.1323 ], [ 78.7979, 27.1284 ], [ 78.7916, 27.107 ], [ 78.7875, 27.1035 ], [ 78.765, 27.1182 ], [ 78.758, 27.1133 ], [ 78.7641, 27.1089 ], [ 78.768, 27.0939 ], [ 78.7613, 27.089 ], [ 78.7589, 27.0711 ], [ 78.7666, 27.0663 ], [ 78.7557, 27.0589 ], [ 78.7644, 27.0504 ], [ 78.7797, 27.0478 ], [ 78.7648, 27.0382 ], [ 78.7632, 27.0313 ], [ 78.766, 27.0274 ], [ 78.7767, 27.0285 ], [ 78.7859, 27.0219 ], [ 78.7762, 27.0127 ], [ 78.7824, 26.9941 ], [ 78.794, 26.9857 ], [ 78.7978, 26.9956 ], [ 78.8036, 26.9993 ], [ 78.8087, 26.9926 ], [ 78.8074, 26.9869 ], [ 78.7976, 26.9768 ], [ 78.7988, 26.9644 ], [ 78.7769, 26.951 ], [ 78.7614, 26.9485 ], [ 78.7399, 26.9201 ], [ 78.7261, 26.9259 ] ] ] } },
{ "type": "Feature", "properties": { "unit_id": "IND.34.29.1_1", "unit_name": "Dadri", "district": "Gautam Buddha Nagar", "did": "uttar_pradesh:Gautam Buddha Nagar", "state": "Uttar Pradesh", "state_key": "uttar_pradesh", "name_ok": true }, "geometry": { "type": "Polygon", "coordinates": [ [ [ 77.3978, 28.4586 ], [ 77.3948, 28.4628 ], [ 77.4, 28.4667 ], [ 77.3979, 28.4712 ], [ 77.3694, 28.4807 ], [ 77.3605, 28.4979 ], [ 77.3432, 28.5036 ], [ 77.3215, 28.5359 ], [ 77.2952, 28.5612 ], [ 77.2936, 28.5797 ], [ 77.3071, 28.5969 ], [ 77.3362, 28.6089 ], [ 77.3342, 28.627 ], [ 77.3112, 28.6446 ], [ 77.3153, 28.6514 ], [ 77.3179, 28.6793 ], [ 77.3271, 28.6852 ], [ 77.3324, 28.6807 ], [ 77.3451, 28.68 ], [ 77.3638, 28.6871 ], [ 77.3769, 28.6822 ], [ 77.3854, 28.6858 ], [ 77.3967, 28.6843 ], [ 77.4009, 28.6794 ], [ 77.3894, 28.6601 ], [ 77.3909, 28.641 ], [ 77.3956, 28.6342 ], [ 77.4259, 28.6264 ], [ 77.4537, 28.6379 ], [ 77.465, 28.631 ], [ 77.4934, 28.6501 ], [ 77.5039, 28.6458 ], [ 77.5147, 28.6525 ], [ 77.5326, 28.6371 ], [ 77.5392, 28.6383 ], [ 77.5403, 28.6328 ], [ 77.5538, 28.6219 ], [ 77.5659, 28.632 ], [ 77.587, 28.6222 ], [ 77.6149, 28.5812 ], [ 77.6452, 28.6007 ], [ 77.6657, 28.5818 ], [ 77.6707, 28.5641 ], [ 77.681, 28.5525 ], [ 77.6851, 28.5357 ], [ 77.6787, 28.5309 ], [ 77.6801, 28.5141 ], [ 77.6636, 28.508 ], [ 77.6624, 28.5016 ], [ 77.6505, 28.497 ], [ 77.6474, 28.4909 ], [ 77.6386, 28.4906 ], [ 77.6079, 28.4721 ], [ 77.6041, 28.459 ], [ 77.6144, 28.4479 ], [ 77.6127, 28.4431 ], [ 77.5852, 28.4356 ], [ 77.5643, 28.4614 ], [ 77.5456, 28.4661 ], [ 77.5395, 28.4725 ], [ 77.5216, 28.4689 ], [ 77.4785, 28.4979 ], [ 77.4653, 28.4892 ], [ 77.4573, 28.4746 ], [ 77.4455, 28.4813 ], [ 77.4391, 28.4816 ], [ 77.431, 28.4725 ], [ 77.418, 28.4791 ], [ 77.4147, 28.4773 ], [ 77.4117, 28.47 ], [ 77.4181, 28.4558 ], [ 77.3978, 28.4586 ] ] ] } },
{ "type": "Feature", "properties": { "unit_id": "IND.34.29.2_1", "unit_name": "Khurja", "district": "Gautam Buddha Nagar", "did": "uttar_pradesh:Gautam Buddha Nagar", "state": "Uttar Pradesh", "state_key": "uttar_pradesh", "name_ok": true }, "geometry": { "type": "Polygon", "coordinates": [ [ [ 77.5318, 28.1703 ], [ 77.5424, 28.1817 ], [ 77.5379, 28.1909 ], [ 77.5057, 28.1955 ], [ 77.5015, 28.1872 ], [ 77.4921, 28.1851 ], [ 77.4891, 28.212 ], [ 77.4976, 28.213 ], [ 77.5106, 28.2063 ], [ 77.5128, 28.2017 ], [ 77.5191, 28.2018 ], [ 77.5233, 28.2072 ], [ 77.5156, 28.2298 ], [ 77.5356, 28.2405 ], [ 77.5412, 28.2477 ], [ 77.5388, 28.2544 ], [ 77.5116, 28.2546 ], [ 77.5173, 28.2647 ], [ 77.5263, 28.2621 ], [ 77.5296, 28.2687 ], [ 77.544, 28.2691 ], [ 77.5476, 28.2844 ], [ 77.5513, 28.285 ], [ 77.5576, 28.28 ], [ 77.561, 28.2847 ], [ 77.5729, 28.2779 ], [ 77.5774, 28.2808 ], [ 77.5911, 28.2756 ], [ 77.5987, 28.2804 ], [ 77.6052, 28.2762 ], [ 77.6094, 28.263 ], [ 77.6292, 28.2513 ], [ 77.6406, 28.2578 ], [ 77.6553, 28.2486 ], [ 77.6712, 28.2545 ], [ 77.6744, 28.2494 ], [ 77.6801, 28.2541 ], [ 77.7324, 28.1971 ], [ 77.7425, 28.1837 ], [ 77.7531, 28.1571 ], [ 77.7375, 28.1483 ], [ 77.7376, 28.1361 ], [ 77.7266, 28.1291 ], [ 77.7297, 28.1215 ], [ 77.7216, 28.1091 ], [ 77.7273, 28.0943 ], [ 77.7079, 28.0853 ], [ 77.6876, 28.0847 ], [ 77.6643, 28.1142 ], [ 77.6487, 28.1177 ], [ 77.6346, 28.0995 ], [ 77.6228, 28.1038 ], [ 77.6098, 28.1002 ], [ 77.5991, 28.1141 ], [ 77.5631, 28.0851 ], [ 77.5294, 28.0865 ], [ 77.5164, 28.0824 ], [ 77.5088, 28.0856 ], [ 77.4915, 28.0814 ], [ 77.47, 28.0837 ], [ 77.4731, 28.1037 ], [ 77.4782, 28.108 ], [ 77.4828, 28.1079 ], [ 77.486, 28.0974 ], [ 77.4901, 28.0953 ], [ 77.4923, 28.098 ], [ 77.4914, 28.1127 ], [ 77.4996, 28.1274 ], [ 77.4985, 28.1357 ], [ 77.4873, 28.1414 ], [ 77.4953, 28.1458 ], [ 77.4989, 28.163 ], [ 77.5318, 28.1703 ] ] ] } },
{ "type": "Feature", "properties": { "unit_id": "IND.34.29.3_1", "unit_name": "Sikandarabad", "district": "Gautam Buddha Nagar", "did": "uttar_pradesh:Gautam Buddha Nagar", "state": "Uttar Pradesh", "state_key": "uttar_pradesh", "name_ok": true }, "geometry": { "type": "Polygon", "coordinates": [ [ [ 77.4673, 28.2697 ], [ 77.4648, 28.2774 ], [ 77.4723, 28.2812 ], [ 77.4927, 28.2806 ], [ 77.4958, 28.307 ], [ 77.4638, 28.338 ], [ 77.4942, 28.3583 ], [ 77.4921, 28.3695 ], [ 77.4668, 28.3997 ], [ 77.4739, 28.4038 ], [ 77.4746, 28.4135 ], [ 77.436, 28.4316 ], [ 77.4258, 28.4545 ], [ 77.4181, 28.4558 ], [ 77.4117, 28.47 ], [ 77.4112, 28.4743 ], [ 77.418, 28.4791 ], [ 77.431, 28.4725 ], [ 77.4391, 28.4816 ], [ 77.4573, 28.4746 ], [ 77.4653, 28.4892 ], [ 77.4785, 28.4979 ], [ 77.5216, 28.4689 ], [ 77.5395, 28.4725 ], [ 77.5456, 28.4661 ], [ 77.5682, 28.4587 ], [ 77.5854, 28.4357 ], [ 77.5915, 28.4174 ], [ 77.6005, 28.4085 ], [ 77.6217, 28.4006 ], [ 77.6441, 28.3827 ], [ 77.6553, 28.3671 ], [ 77.6575, 28.3302 ], [ 77.6653, 28.3168 ], [ 77.662, 28.2765 ], [ 77.6653, 28.2664 ], [ 77.6814, 28.2551 ], [ 77.6744, 28.2494 ], [ 77.6712, 28.2545 ], [ 77.6553, 28.2486 ], [ 77.6406, 28.2578 ], [ 77.6292, 28.2513 ], [ 77.6094, 28.263 ], [ 77.6052, 28.2762 ], [ 77.5987, 28.2804 ], [ 77.5911, 28.2756 ], [ 77.5774, 28.2808 ], [ 77.5729, 28.2779 ], [ 77.561, 28.2847 ], [ 77.5576, 28.28 ], [ 77.5513, 28.285 ], [ 77.5476, 28.2844 ], [ 77.544, 28.2691 ], [ 77.5296, 28.2687 ], [ 77.5263, 28.2621 ], [ 77.5173, 28.2647 ], [ 77.5116, 28.2546 ], [ 77.4673, 28.2697 ] ] ] } },
{ "type": "Feature", "properties": { "unit_id": "IND.34.30.1_1", "unit_name": "Ghaziabad", "district": "Ghaziabad", "did": "uttar_pradesh:Ghaziabad", "state": "Uttar Pradesh", "state_key": "uttar_pradesh", "name_ok": true }, "geometry": { "type": "Polygon", "coordinates": [ [ [ 77.3276, 28.6918 ], [ 77.3198, 28.7036 ], [ 77.3235, 28.7159 ], [ 77.3015, 28.7167 ], [ 77.2929, 28.7098 ], [ 77.2849, 28.7125 ], [ 77.2844, 28.7239 ], [ 77.2769, 28.7344 ], [ 77.2562, 28.7399 ], [ 77.2519, 28.7455 ], [ 77.2532, 28.7528 ], [ 77.2485, 28.7575 ], [ 77.238, 28.7592 ], [ 77.229, 28.7724 ], [ 77.2171, 28.7817 ], [ 77.2247, 28.7876 ], [ 77.2085, 28.7872 ], [ 77.1969, 28.7953 ], [ 77.1946, 28.8154 ], [ 77.2136, 28.8135 ], [ 77.2173, 28.8353 ], [ 77.2343, 28.8265 ], [ 77.2479, 28.8294 ], [ 77.2523, 28.8367 ], [ 77.277, 28.8389 ], [ 77.2885, 28.8301 ], [ 77.2973, 28.7966 ], [ 77.3146, 28.8002 ], [ 77.3223, 28.8059 ], [ 77.3354, 28.8003 ], [ 77.3435, 28.8097 ], [ 77.3531, 28.807 ], [ 77.3594, 28.7909 ], [ 77.3974, 28.782 ], [ 77.4022, 28.7873 ], [ 77.4024, 28.7966 ], [ 77.3948, 28.8092 ], [ 77.3994, 28.8234 ], [ 77.3877, 28.8337 ], [ 77.407, 28.8412 ], [ 77.4091, 28.8491 ], [ 77.3992, 28.8542 ], [ 77.3985, 28.8805 ], [ 77.4135, 28.8855 ], [ 77.4343, 28.9226 ], [ 77.4334, 28.9272 ], [ 77.4442, 28.9317 ], [ 77.4492, 28.9312 ], [ 77.4512, 28.9111 ], [ 77.4875, 28.9014 ], [ 77.4977, 28.9063 ], [ 77.5251, 28.8937 ], [ 77.5383, 28.8956 ], [ 77.5476, 28.9014 ], [ 77.5602, 28.8941 ], [ 77.5704, 28.8937 ], [ 77.5762, 28.8983 ], [ 77.5803, 28.8966 ], [ 77.5866, 28.8802 ], [ 77.6081, 28.8843 ], [ 77.6447, 28.8844 ], [ 77.6496, 28.8742 ], [ 77.6543, 28.8739 ], [ 77.6762, 28.8827 ], [ 77.6824, 28.8806 ], [ 77.6964, 28.8539 ], [ 77.6923, 28.8293 ], [ 77.7075, 28.8146 ], [ 77.7066, 28.7932 ], [ 77.6913, 28.7809 ], [ 77.685, 28.7809 ], [ 77.6815, 28.7705 ], [ 77.6675, 28.7554 ], [ 77.6123, 28.7266 ], [ 77.6118, 28.7211 ], [ 77.5988, 28.7143 ], [ 77.5967, 28.711 ], [ 77.5998, 28.7088 ], [ 77.5643, 28.7059 ], [ 77.5537, 28.6903 ], [ 77.5441, 28.6913 ], [ 77.5412, 28.6816 ], [ 77.5444, 28.6792 ], [ 77.5438, 28.6696 ], [ 77.5554, 28.6655 ], [ 77.5642, 28.6551 ], [ 77.5601, 28.6515 ], [ 77.5404, 28.6571 ], [ 77.5452, 28.6441 ], [ 77.5392, 28.6383 ], [ 77.5326, 28.6371 ], [ 77.5253, 28.6459 ], [ 77.5116, 28.6527 ], [ 77.5039, 28.6458 ], [ 77.4934, 28.6501 ], [ 77.465, 28.631 ], [ 77.4537, 28.6379 ], [ 77.4259, 28.6264 ], [ 77.3956, 28.6342 ], [ 77.3909, 28.641 ], [ 77.3894, 28.6601 ], [ 77.4009, 28.6794 ], [ 77.3967, 28.6843 ], [ 77.3854, 28.6858 ], [ 77.3769, 28.6822 ], [ 77.3638, 28.6871 ], [ 77.3451, 28.68 ], [ 77.3324, 28.6807 ], [ 77.3271, 28.6852 ], [ 77.3276, 28.6918 ] ] ] } },
{ "type": "Feature", "properties": { "unit_id": "IND.34.31.1_1", "unit_name": "Ghazipur", "district": "Ghazipur", "did": "uttar_pradesh:Ghazipur", "state": "Uttar Pradesh", "state_key": "uttar_pradesh", "name_ok": true }, "geometry": { "type": "Polygon", "coordinates": [ [ [ 83.4961, 25.4085 ], [ 83.4354, 25.4554 ], [ 83.4052, 25.4892 ], [ 83.3998, 25.4878 ], [ 83.4023, 25.5012 ], [ 83.4095, 25.5019 ], [ 83.4114, 25.5148 ], [ 83.4102, 25.5206 ], [ 83.3958, 25.525 ], [ 83.3961, 25.5304 ], [ 83.4002, 25.5428 ], [ 83.4066, 25.5468 ], [ 83.4157, 25.5622 ], [ 83.4182, 25.5731 ], [ 83.4335, 25.5818 ], [ 83.4546, 25.5804 ], [ 83.4552, 25.5855 ], [ 83.4603, 25.5882 ], [ 83.46, 25.6019 ], [ 83.4808, 25.6053 ], [ 83.5051, 25.6396 ], [ 83.5194, 25.6416 ], [ 83.5243, 25.6635 ], [ 83.5305, 25.6681 ], [ 83.5227, 25.6934 ], [ 83.5114, 25.6945 ], [ 83.5104, 25.6915 ], [ 83.5021, 25.6964 ], [ 83.4973, 25.7047 ], [ 83.4782, 25.7134 ], [ 83.5053, 25.7367 ], [ 83.4963, 25.7427 ], [ 83.4703, 25.7424 ], [ 83.4648, 25.7481 ], [ 83.466, 25.7546 ], [ 83.4817, 25.7586 ], [ 83.4825, 25.7644 ], [ 83.4737, 25.7731 ], [ 83.4722, 25.8132 ], [ 83.4797, 25.821 ], [ 83.4717, 25.8399 ], [ 83.4782, 25.8453 ], [ 83.4805, 25.8566 ], [ 83.4994, 25.8661 ], [ 83.5439, 25.8662 ], [ 83.5688, 25.879 ], [ 83.5884, 25.8807 ], [ 83.5879, 25.885 ], [ 83.6064, 25.8821 ], [ 83.6108, 25.8743 ], [ 83.6182, 25.8762 ], [ 83.6255, 25.8686 ], [ 83.6191, 25.8547 ], [ 83.6087, 25.8554 ], [ 83.6059, 25.847 ], [ 83.5974, 25.8461 ], [ 83.5883, 25.8523 ], [ 83.5838, 25.8509 ], [ 83.5834, 25.8291 ], [ 83.605, 25.8369 ], [ 83.6125, 25.8364 ], [ 83.6229, 25.8289 ], [ 83.6292, 25.8135 ], [ 83.6462, 25.8003 ], [ 83.6424, 25.7803 ], [ 83.6298, 25.775 ], [ 83.627, 25.7704 ], [ 83.6345, 25.7435 ], [ 83.632, 25.708 ], [ 83.6383, 25.6973 ], [ 83.648, 25.7063 ], [ 83.655, 25.7033 ], [ 83.6548, 25.6985 ], [ 83.6512, 25.6884 ], [ 83.6405, 25.6817 ], [ 83.6385, 25.6763 ], [ 83.6482, 25.6693 ], [ 83.6435, 25.6563 ], [ 83.6307, 25.6552 ], [ 83.6223, 25.6604 ], [ 83.6109, 25.6392 ], [ 83.6193, 25.6336 ], [ 83.6199, 25.6204 ], [ 83.6323, 25.6241 ], [ 83.6353, 25.62 ], [ 83.6415, 25.6198 ], [ 83.655, 25.6268 ], [ 83.6539, 25.6354 ], [ 83.6596, 25.6392 ], [ 83.6611, 25.6272 ], [ 83.6701, 25.6269 ], [ 83.7023, 25.6045 ], [ 83.6948, 25.5954 ], [ 83.6508, 25.6041 ], [ 83.6281, 25.6028 ], [ 83.5422, 25.5495 ], [ 83.5089, 25.521 ], [ 83.4869, 25.515 ], [ 83.4978, 25.4903 ], [ 83.544, 25.4138 ], [ 83.5399, 25.399 ], [ 83.5278, 25.393 ], [ 83.4961, 25.4085 ] ] ] } },
{ "type": "Feature", "properties": { "unit_id": "IND.34.31.2_1", "unit_name": "Muhammadabad", "district": "Ghazipur", "did": "uttar_pradesh:Ghazipur", "state": "Uttar Pradesh", "state_key": "uttar_pradesh", "name_ok": true }, "geometry": { "type": "Polygon", "coordinates": [ [ [ 83.8928, 25.5255 ], [ 83.873, 25.5204 ], [ 83.8495, 25.5244 ], [ 83.8163, 25.5598 ], [ 83.8193, 25.5827 ], [ 83.8081, 25.5979 ], [ 83.7983, 25.5988 ], [ 83.7926, 25.5898 ], [ 83.8002, 25.5773 ], [ 83.7975, 25.5728 ], [ 83.7842, 25.5863 ], [ 83.7667, 25.5862 ], [ 83.7592, 25.5994 ], [ 83.7449, 25.5982 ], [ 83.7223, 25.6063 ], [ 83.7158, 25.6004 ], [ 83.6963, 25.607 ], [ 83.6701, 25.6269 ], [ 83.6611, 25.6272 ], [ 83.6596, 25.6392 ], [ 83.6539, 25.6354 ], [ 83.655, 25.6268 ], [ 83.6415, 25.6198 ], [ 83.6353, 25.62 ], [ 83.6323, 25.6241 ], [ 83.6199, 25.6204 ], [ 83.6193, 25.6336 ], [ 83.6109, 25.6392 ], [ 83.6223, 25.6604 ], [ 83.6307, 25.6552 ], [ 83.6435, 25.6563 ], [ 83.6482, 25.6693 ], [ 83.6385, 25.6763 ], [ 83.6405, 25.6817 ], [ 83.6512, 25.6884 ], [ 83.6548, 25.6985 ], [ 83.655, 25.7033 ], [ 83.648, 25.7063 ], [ 83.6383, 25.6973 ], [ 83.632, 25.708 ], [ 83.6345, 25.7435 ], [ 83.627, 25.7704 ], [ 83.6298, 25.775 ], [ 83.6424, 25.7803 ], [ 83.6462, 25.8003 ], [ 83.6292, 25.8135 ], [ 83.6229, 25.8289 ], [ 83.6125, 25.8364 ], [ 83.605, 25.8369 ], [ 83.5834, 25.8291 ], [ 83.5852, 25.8367 ], [ 83.5815, 25.8455 ], [ 83.5883, 25.8523 ], [ 83.5974, 25.8461 ], [ 83.6059, 25.847 ], [ 83.6087, 25.8554 ], [ 83.6191, 25.8547 ], [ 83.6255, 25.8686 ], [ 83.6283, 25.893 ], [ 83.6396, 25.8967 ], [ 83.651, 25.8936 ], [ 83.6674, 25.8774 ], [ 83.6776, 25.8756 ], [ 83.6791, 25.8705 ], [ 83.6914, 25.8707 ], [ 83.6951, 25.8648 ], [ 83.7176, 25.8689 ], [ 83.7186, 25.8647 ], [ 83.713, 25.8618 ], [ 83.7118, 25.8566 ], [ 83.7224, 25.8596 ], [ 83.7215, 25.8511 ], [ 83.7262, 25.8488 ], [ 83.7346, 25.8484 ], [ 83.7351, 25.8556 ], [ 83.7394, 25.8582 ], [ 83.7387, 25.8437 ], [ 83.7508, 25.8307 ], [ 83.779, 25.8099 ], [ 83.7922, 25.8141 ], [ 83.7944, 25.812 ], [ 83.7908, 25.8041 ], [ 83.8114, 25.7874 ], [ 83.804, 25.7797 ], [ 83.8044, 25.7751 ], [ 83.8258, 25.7904 ], [ 83.8296, 25.782 ], [ 83.8338, 25.7819 ], [ 83.8318, 25.7934 ], [ 83.8431, 25.7883 ], [ 83.8492, 25.7985 ], [ 83.8545, 25.795 ], [ 83.8613, 25.78 ], [ 83.8697, 25.7775 ], [ 83.8751, 25.7651 ], [ 83.8945, 25.7586 ], [ 83.9003, 25.7664 ], [ 83.9085, 25.7611 ], [ 83.9026, 25.7568 ], [ 83.904, 25.7509 ], [ 83.9106, 25.7516 ], [ 83.9166, 25.7578 ], [ 83.9182, 25.7683 ], [ 83.9421, 25.7585 ], [ 83.9407, 25.7525 ], [ 83.947, 25.748 ], [ 83.9411, 25.7413 ], [ 83.9542, 25.7312 ], [ 83.9448, 25.7235 ], [ 83.9338, 25.7249 ], [ 83.928, 25.7114 ], [ 83.9448, 25.7047 ], [ 83.9448, 25.6881 ], [ 83.9529, 25.6923 ], [ 83.9554, 25.6903 ], [ 83.9503, 25.6802 ], [ 83.9395, 25.6775 ], [ 83.9244, 25.6424 ], [ 83.9151, 25.6381 ], [ 83.9209, 25.6219 ], [ 83.9294, 25.6146 ], [ 83.9375, 25.5921 ], [ 83.935, 25.582 ], [ 83.9253, 25.5884 ], [ 83.9251, 25.5704 ], [ 83.8928, 25.5255 ] ] ] } },
{ "type": "Feature", "properties": { "unit_id": "IND.34.31.3_1", "unit_name": "Saidpur", "district": "Ghazipur", "did": "uttar_pradesh:Ghazipur", "state": "Uttar Pradesh", "state_key": "uttar_pradesh", "name_ok": true }, "geometry": { "type": "Polygon", "coordinates": [ [ [ 83.0793, 25.6516 ], [ 83.0807, 25.6597 ], [ 83.1124, 25.6562 ], [ 83.1272, 25.6425 ], [ 83.1399, 25.639 ], [ 83.1433, 25.649 ], [ 83.1395, 25.6559 ], [ 83.1516, 25.6662 ], [ 83.1625, 25.6627 ], [ 83.1648, 25.6745 ], [ 83.1765, 25.6754 ], [ 83.1784, 25.69 ], [ 83.1858, 25.7029 ], [ 83.2097, 25.7058 ], [ 83.2188, 25.702 ], [ 83.2334, 25.7086 ], [ 83.2237, 25.7243 ], [ 83.2063, 25.7346 ], [ 83.2123, 25.7516 ], [ 83.209, 25.7623 ], [ 83.2026, 25.7643 ], [ 83.1997, 25.7607 ], [ 83.1826, 25.7683 ], [ 83.187, 25.7801 ], [ 83.1976, 25.7737 ], [ 83.2108, 25.7723 ], [ 83.2127, 25.7621 ], [ 83.2295, 25.7704 ], [ 83.2383, 25.7669 ], [ 83.2418, 25.7733 ], [ 83.2599, 25.7789 ], [ 83.2627, 25.7748 ], [ 83.2666, 25.7769 ], [ 83.2774, 25.7581 ], [ 83.2972, 25.7583 ], [ 83.2918, 25.77 ], [ 83.2975, 25.7782 ], [ 83.2969, 25.7865 ], [ 83.3071, 25.7888 ], [ 83.3091, 25.7968 ], [ 83.3141, 25.7984 ], [ 83.3088, 25.8044 ], [ 83.3166, 25.8156 ], [ 83.3316, 25.8122 ], [ 83.3445, 25.8172 ], [ 83.355, 25.8107 ], [ 83.3621, 25.8004 ], [ 83.3704, 25.801 ], [ 83.3774, 25.8148 ], [ 83.3726, 25.8182 ], [ 83.3785, 25.8209 ], [ 83.3836, 25.8189 ], [ 83.3872, 25.825 ], [ 83.3936, 25.8243 ], [ 83.3932, 25.8394 ], [ 83.3995, 25.8384 ], [ 83.3992, 25.8426 ], [ 83.4205, 25.8483 ], [ 83.425, 25.8406 ], [ 83.4407, 25.8414 ], [ 83.4512, 25.8521 ], [ 83.4717, 25.8399 ], [ 83.4726, 25.8326 ], [ 83.4775, 25.8314 ], [ 83.4794, 25.8258 ], [ 83.4797, 25.821 ], [ 83.4722, 25.8132 ], [ 83.4723, 25.7976 ], [ 83.4754, 25.7925 ], [ 83.4737, 25.7731 ], [ 83.4825, 25.7644 ], [ 83.4817, 25.7586 ], [ 83.466, 25.7546 ], [ 83.4648, 25.7481 ], [ 83.4703, 25.7424 ], [ 83.4963, 25.7427 ], [ 83.5053, 25.7367 ], [ 83.4782, 25.7134 ], [ 83.4973, 25.7047 ], [ 83.5021, 25.6964 ], [ 83.5104, 25.6915 ], [ 83.5114, 25.6945 ], [ 83.5227, 25.6934 ], [ 83.5305, 25.6681 ], [ 83.5243, 25.6635 ], [ 83.5194, 25.6416 ], [ 83.5051, 25.6396 ], [ 83.4808, 25.6053 ], [ 83.46, 25.6019 ], [ 83.4603, 25.5882 ], [ 83.4552, 25.5855 ], [ 83.4546, 25.5804 ], [ 83.4335, 25.5818 ], [ 83.4182, 25.5731 ], [ 83.4157, 25.5622 ], [ 83.4066, 25.5468 ], [ 83.4002, 25.5428 ], [ 83.3961, 25.5304 ], [ 83.3958, 25.525 ], [ 83.4102, 25.5206 ], [ 83.4114, 25.5148 ], [ 83.4095, 25.5019 ], [ 83.4023, 25.5012 ], [ 83.3998, 25.4878 ], [ 83.3886, 25.4913 ], [ 83.3722, 25.4901 ], [ 83.3263, 25.4646 ], [ 83.2982, 25.4775 ], [ 83.2756, 25.5091 ], [ 83.2395, 25.526 ], [ 83.1919, 25.5343 ], [ 83.182, 25.5288 ], [ 83.1711, 25.5128 ], [ 83.1654, 25.526 ], [ 83.1553, 25.5239 ], [ 83.1503, 25.5198 ], [ 83.1507, 25.5053 ], [ 83.1237, 25.5105 ], [ 83.1097, 25.5235 ], [ 83.0938, 25.5273 ], [ 83.09, 25.5227 ], [ 83.0949, 25.5139 ], [ 83.1052, 25.5079 ], [ 83.1064, 25.4998 ], [ 83.101, 25.496 ], [ 83.089, 25.5058 ], [ 83.0805, 25.4942 ], [ 83.0557, 25.5311 ], [ 83.0691, 25.5406 ], [ 83.0637, 25.5533 ], [ 83.0705, 25.5587 ], [ 83.0743, 25.5724 ], [ 83.0821, 25.5761 ], [ 83.0789, 25.5917 ], [ 83.0708, 25.5884 ], [ 83.0602, 25.5975 ], [ 83.0687, 25.6014 ], [ 83.0695, 25.6074 ], [ 83.0689, 25.6157 ], [ 83.0587, 25.6249 ], [ 83.0559, 25.6341 ], [ 83.0585, 25.6542 ], [ 83.0793, 25.6516 ] ] ] } },
{ "type": "Feature", "properties": { "unit_id": "IND.34.31.4_1", "unit_name": "Zamania", "district": "Ghazipur", "did": "uttar_pradesh:Ghazipur", "state": "Uttar Pradesh", "state_key": "uttar_pradesh", "name_ok": true }, "geometry": { "type": "Polygon", "coordinates": [ [ [ 83.8682, 25.5116 ], [ 83.8713, 25.5032 ], [ 83.8667, 25.4935 ], [ 83.8549, 25.4849 ], [ 83.8511, 25.4737 ], [ 83.8294, 25.4615 ], [ 83.8123, 25.4679 ], [ 83.8067, 25.4585 ], [ 83.8056, 25.4537 ], [ 83.8334, 25.4501 ], [ 83.8394, 25.4421 ], [ 83.8384, 25.4369 ], [ 83.8241, 25.4332 ], [ 83.8176, 25.4373 ], [ 83.7944, 25.4316 ], [ 83.8052, 25.4245 ], [ 83.8033, 25.4181 ], [ 83.7966, 25.4083 ], [ 83.7823, 25.3987 ], [ 83.7652, 25.3997 ], [ 83.7619, 25.3879 ], [ 83.7497, 25.3921 ], [ 83.7497, 25.3968 ], [ 83.7581, 25.4012 ], [ 83.7507, 25.405 ], [ 83.7378, 25.4009 ], [ 83.7325, 25.4106 ], [ 83.7272, 25.3985 ], [ 83.7154, 25.3992 ], [ 83.704, 25.3861 ], [ 83.6946, 25.3961 ], [ 83.6894, 25.3859 ], [ 83.6763, 25.3817 ], [ 83.6768, 25.3768 ], [ 83.6878, 25.3741 ], [ 83.6863, 25.3694 ], [ 83.6691, 25.3645 ], [ 83.6602, 25.371 ], [ 83.6588, 25.363 ], [ 83.6502, 25.368 ], [ 83.6502, 25.3591 ], [ 83.6435, 25.3544 ], [ 83.6466, 25.3472 ], [ 83.6425, 25.3411 ], [ 83.63, 25.3432 ], [ 83.6224, 25.3295 ], [ 83.6072, 25.3323 ], [ 83.5881, 25.3264 ], [ 83.5779, 25.3166 ], [ 83.5722, 25.3176 ], [ 83.5694, 25.3101 ], [ 83.5642, 25.3081 ], [ 83.5643, 25.3159 ], [ 83.5512, 25.3139 ], [ 83.5395, 25.3176 ], [ 83.5347, 25.3152 ], [ 83.524, 25.3219 ], [ 83.5302, 25.3464 ], [ 83.5409, 25.3496 ], [ 83.5217, 25.3801 ], [ 83.5278, 25.393 ], [ 83.5399, 25.399 ], [ 83.544, 25.4138 ], [ 83.4978, 25.4903 ], [ 83.4869, 25.515 ], [ 83.5089, 25.521 ], [ 83.5422, 25.5495 ], [ 83.6231, 25.6004 ], [ 83.6508, 25.6041 ], [ 83.6948, 25.5954 ], [ 83.7023, 25.6045 ], [ 83.7158, 25.6004 ], [ 83.7181, 25.6049 ], [ 83.7283, 25.6061 ], [ 83.7449, 25.5982 ], [ 83.7592, 25.5994 ], [ 83.7667, 25.5862 ], [ 83.7842, 25.5863 ], [ 83.7975, 25.5728 ], [ 83.8002, 25.5773 ], [ 83.7926, 25.5898 ], [ 83.7983, 25.5988 ], [ 83.8081, 25.5979 ], [ 83.8193, 25.5827 ], [ 83.8161, 25.5635 ], [ 83.8208, 25.5519 ], [ 83.8495, 25.5244 ], [ 83.873, 25.5204 ], [ 83.8682, 25.5116 ] ] ] } },
{ "type": "Feature", "properties": { "unit_id": "IND.34.32.1_1", "unit_name": "Gonda", "district": "Gonda", "did": "uttar_pradesh:Gonda", "state": "Uttar Pradesh", "state_key": "uttar_pradesh", "name_ok": true }, "geometry": { "type": "Polygon", "coordinates": [ [ [ 81.6368, 27.1836 ], [ 81.6306, 27.1823 ], [ 81.6284, 27.1852 ], [ 81.6324, 27.1926 ], [ 81.6387, 27.1936 ], [ 81.6462, 27.2097 ], [ 81.6568, 27.2052 ], [ 81.653, 27.2185 ], [ 81.6561, 27.2218 ], [ 81.6509, 27.2272 ], [ 81.6559, 27.2396 ], [ 81.6599, 27.2436 ], [ 81.6738, 27.2432 ], [ 81.6733, 27.2605 ], [ 81.6922, 27.2712 ], [ 81.6974, 27.285 ], [ 81.6974, 27.2986 ], [ 81.6689, 27.3093 ], [ 81.6743, 27.3246 ], [ 81.7072, 27.3256 ], [ 81.7135, 27.3321 ], [ 81.727, 27.3372 ], [ 81.736, 27.3334 ], [ 81.7511, 27.3176 ], [ 81.7579, 27.319 ], [ 81.7637, 27.3132 ], [ 81.7675, 27.3151 ], [ 81.7702, 27.3096 ], [ 81.7666, 27.3006 ], [ 81.7739, 27.2976 ], [ 81.7863, 27.3004 ], [ 81.7902, 27.2912 ], [ 81.7852, 27.2852 ], [ 81.7893, 27.2803 ], [ 81.8057, 27.2719 ], [ 81.8102, 27.2794 ], [ 81.8163, 27.2763 ], [ 81.8195, 27.2838 ], [ 81.8285, 27.2872 ], [ 81.8286, 27.3049 ], [ 81.8389, 27.3294 ], [ 81.842, 27.3289 ], [ 81.8443, 27.3339 ], [ 81.8513, 27.3313 ], [ 81.8642, 27.3376 ], [ 81.867, 27.3321 ], [ 81.8769, 27.3365 ], [ 81.8828, 27.3233 ], [ 81.8917, 27.3263 ], [ 81.909, 27.3223 ], [ 81.9132, 27.3325 ], [ 81.9003, 27.3406 ], [ 81.909, 27.3557 ], [ 81.9026, 27.3586 ], [ 81.9059, 27.3638 ], [ 81.8998, 27.3749 ], [ 81.9017, 27.3793 ], [ 81.9058, 27.3786 ], [ 81.9151, 27.387 ], [ 81.9222, 27.3857 ], [ 81.9309, 27.3928 ], [ 81.9237, 27.3996 ], [ 81.9246, 27.4142 ], [ 81.9184, 27.4164 ], [ 81.9223, 27.4253 ], [ 81.9334, 27.4334 ], [ 81.9339, 27.443 ], [ 81.9383, 27.4386 ], [ 81.9437, 27.4407 ], [ 81.9455, 27.4359 ], [ 81.9607, 27.4473 ], [ 81.9696, 27.4446 ], [ 81.9744, 27.4361 ], [ 81.9879, 27.4304 ], [ 81.9933, 27.4161 ], [ 82.0035, 27.4155 ], [ 82.0121, 27.4218 ], [ 82.0289, 27.4231 ], [ 82.0342, 27.419 ], [ 82.0455, 27.4219 ], [ 82.0525, 27.4156 ], [ 82.0654, 27.4118 ], [ 82.0711, 27.4003 ], [ 82.0795, 27.408 ], [ 82.0913, 27.4015 ], [ 82.0986, 27.4123 ], [ 82.1083, 27.4103 ], [ 82.1113, 27.3957 ], [ 82.1017, 27.3866 ], [ 82.1014, 27.3811 ], [ 82.1208, 27.3756 ], [ 82.1294, 27.3675 ], [ 82.1377, 27.3511 ], [ 82.1336, 27.3426 ], [ 82.1447, 27.329 ], [ 82.1508, 27.3318 ], [ 82.1625, 27.3291 ], [ 82.1647, 27.3319 ], [ 82.1746, 27.3228 ], [ 82.1803, 27.3255 ], [ 82.1843, 27.3195 ], [ 82.1967, 27.3164 ], [ 82.1939, 27.3103 ], [ 82.2144, 27.3037 ], [ 82.2275, 27.2905 ], [ 82.2451, 27.2824 ], [ 82.2445, 27.273 ], [ 82.2638, 27.2677 ], [ 82.2648, 27.2587 ], [ 82.277, 27.2609 ], [ 82.2765, 27.2548 ], [ 82.2862, 27.254 ], [ 82.2851, 27.246 ], [ 82.2971, 27.2379 ], [ 82.297, 27.2292 ], [ 82.292, 27.2223 ], [ 82.2855, 27.2222 ], [ 82.2702, 27.2392 ], [ 82.2619, 27.243 ], [ 82.2362, 27.2286 ], [ 82.2349, 27.2215 ], [ 82.2284, 27.2164 ], [ 82.2175, 27.1778 ], [ 82.2238, 27.1642 ], [ 82.226, 27.1614 ], [ 82.2314, 27.1637 ], [ 82.2324, 27.1586 ], [ 82.2082, 27.1376 ], [ 82.2007, 27.138 ], [ 82.2036, 27.1441 ], [ 82.1895, 27.1369 ], [ 82.1929, 27.126 ], [ 82.1884, 27.1191 ], [ 82.1848, 27.1211 ], [ 82.1802, 27.1128 ], [ 82.1527, 27.1043 ], [ 82.143, 27.1155 ], [ 82.1398, 27.1311 ], [ 82.1252, 27.1334 ], [ 82.1193, 27.1226 ], [ 82.1119, 27.121 ], [ 82.0998, 27.1054 ], [ 82.0816, 27.0999 ], [ 82.0833, 27.0861 ], [ 82.0957, 27.0762 ], [ 82.088, 27.0632 ], [ 82.0696, 27.0637 ], [ 82.0641, 27.052 ], [ 82.0586, 27.0508 ], [ 82.0465, 27.0592 ], [ 82.0339, 27.0617 ], [ 82.0277, 27.0754 ], [ 82.0192, 27.0788 ], [ 82.0106, 27.0676 ], [ 81.9975, 27.0625 ], [ 81.9914, 27.0364 ], [ 81.9961, 27.0294 ], [ 81.9943, 27.0243 ], [ 81.9856, 27.0115 ], [ 81.9762, 27.0101 ], [ 81.957, 27.0098 ], [ 81.9424, 27.0168 ], [ 81.9455, 27.0201 ], [ 81.9403, 27.0334 ], [ 81.9488, 27.0373 ], [ 81.9551, 27.0579 ], [ 81.9614, 27.0567 ], [ 81.9633, 27.0609 ], [ 81.9564, 27.0857 ], [ 81.9476, 27.089 ], [ 81.9411, 27.1095 ], [ 81.9326, 27.1145 ], [ 81.9228, 27.1165 ], [ 81.911, 27.113 ], [ 81.8961, 27.1023 ], [ 81.8838, 27.0988 ], [ 81.874, 27.1055 ], [ 81.8626, 27.1052 ], [ 81.8464, 27.1153 ], [ 81.8412, 27.1241 ], [ 81.8345, 27.1155 ], [ 81.8303, 27.1166 ], [ 81.8218, 27.1017 ], [ 81.8145, 27.098 ], [ 81.8152, 27.0882 ], [ 81.8117, 27.0886 ], [ 81.8115, 27.0855 ], [ 81.7975, 27.0879 ], [ 81.8001, 27.0975 ], [ 81.7844, 27.1049 ], [ 81.7797, 27.0856 ], [ 81.7553, 27.0955 ], [ 81.7369, 27.1093 ], [ 81.7253, 27.1107 ], [ 81.7236, 27.1215 ], [ 81.7162, 27.1218 ], [ 81.7168, 27.1296 ], [ 81.6988, 27.1437 ], [ 81.6786, 27.1512 ], [ 81.6739, 27.1493 ], [ 81.6723, 27.1432 ], [ 81.6627, 27.1421 ], [ 81.6485, 27.1474 ], [ 81.6494, 27.165 ], [ 81.6346, 27.1732 ], [ 81.6368, 27.1836 ] ] ] } },
{ "type": "Feature", "properties": { "unit_id": "IND.34.32.2_1", "unit_name": "Tarabganj", "district": "Gonda", "did": "uttar_pradesh:Gonda", "state": "Uttar Pradesh", "state_key": "uttar_pradesh", "name_ok": true }, "geometry": { "type": "Polygon", "coordinates": [ [ [ 81.5063, 27.0877 ], [ 81.5212, 27.0886 ], [ 81.535, 27.0784 ], [ 81.5329, 27.0861 ], [ 81.5409, 27.0877 ], [ 81.5337, 27.1003 ], [ 81.555, 27.1186 ], [ 81.5599, 27.1284 ], [ 81.5667, 27.1276 ], [ 81.5662, 27.1247 ], [ 81.579, 27.1175 ], [ 81.5882, 27.1376 ], [ 81.594, 27.1394 ], [ 81.5978, 27.1462 ], [ 81.6223, 27.1425 ], [ 81.6216, 27.1584 ], [ 81.6248, 27.1614 ], [ 81.6346, 27.1588 ], [ 81.6346, 27.1732 ], [ 81.6494, 27.165 ], [ 81.6485, 27.1474 ], [ 81.6627, 27.1421 ], [ 81.6723, 27.1432 ], [ 81.6739, 27.1493 ], [ 81.6786, 27.1512 ], [ 81.6988, 27.1437 ], [ 81.7168, 27.1296 ], [ 81.7162, 27.1218 ], [ 81.7236, 27.1215 ], [ 81.7253, 27.1107 ], [ 81.7369, 27.1093 ], [ 81.7553, 27.0955 ], [ 81.7797, 27.0856 ], [ 81.7844, 27.1049 ], [ 81.8001, 27.0975 ], [ 81.7975, 27.0879 ], [ 81.8115, 27.0855 ], [ 81.8117, 27.0886 ], [ 81.8152, 27.0882 ], [ 81.8145, 27.098 ], [ 81.8218, 27.1017 ], [ 81.8303, 27.1166 ], [ 81.8345, 27.1155 ], [ 81.8412, 27.1241 ], [ 81.8464, 27.1153 ], [ 81.8626, 27.1052 ], [ 81.874, 27.1055 ], [ 81.8838, 27.0988 ], [ 81.8961, 27.1023 ], [ 81.911, 27.113 ], [ 81.9228, 27.1165 ], [ 81.9326, 27.1145 ], [ 81.9411, 27.1095 ], [ 81.9461, 27.0913 ], [ 81.9564, 27.0857 ], [ 81.9596, 27.0778 ], [ 81.9633, 27.0609 ], [ 81.9614, 27.0567 ], [ 81.9551, 27.0579 ], [ 81.9488, 27.0373 ], [ 81.9434, 27.0364 ], [ 81.94, 27.0299 ], [ 81.9455, 27.0201 ], [ 81.9424, 27.0168 ], [ 81.957, 27.0098 ], [ 81.9856, 27.0115 ], [ 81.9961, 27.0294 ], [ 81.9914, 27.0364 ], [ 81.9936, 27.0553 ], [ 81.9975, 27.0625 ], [ 82.0106, 27.0676 ], [ 82.0209, 27.0791 ], [ 82.0296, 27.073 ], [ 82.0339, 27.0617 ], [ 82.0465, 27.0592 ], [ 82.0586, 27.0508 ], [ 82.0641, 27.052 ], [ 82.0696, 27.0637 ], [ 82.1027, 27.0612 ], [ 82.1096, 27.065 ], [ 82.1173, 27.0625 ], [ 82.1317, 27.0473 ], [ 82.1503, 27.0417 ], [ 82.1635, 27.025 ], [ 82.1647, 27.018 ], [ 82.1775, 27.009 ], [ 82.1826, 27.0109 ], [ 82.1877, 27.0227 ], [ 82.2001, 27.0195 ], [ 82.2049, 27.0219 ], [ 82.2093, 27.0324 ], [ 82.2308, 27.0316 ], [ 82.2424, 27.0104 ], [ 82.2333, 27.0074 ], [ 82.2388, 26.9854 ], [ 82.2532, 26.9864 ], [ 82.2559, 26.9798 ], [ 82.2531, 26.9707 ], [ 82.2854, 26.9614 ], [ 82.2815, 26.9508 ], [ 82.268, 26.9475 ], [ 82.2663, 26.9415 ], [ 82.2518, 26.9461 ], [ 82.2406, 26.9379 ], [ 82.2337, 26.9388 ], [ 82.2299, 26.9318 ], [ 82.2264, 26.9183 ], [ 82.2413, 26.9049 ], [ 82.2346, 26.8866 ], [ 82.2228, 26.8725 ], [ 82.2324, 26.8591 ], [ 82.2302, 26.8555 ], [ 82.239, 26.8267 ], [ 82.2465, 26.819 ], [ 82.2391, 26.8165 ], [ 82.2281, 26.8226 ], [ 82.2151, 26.8116 ], [ 82.1963, 26.8238 ], [ 82.1955, 26.8326 ], [ 82.1759, 26.8374 ], [ 82.1627, 26.8313 ], [ 82.1319, 26.836 ], [ 82.1224, 26.8313 ], [ 82.1185, 26.8247 ], [ 82.1026, 26.8283 ], [ 82.0802, 26.8135 ], [ 82.0475, 26.8072 ], [ 82.0298, 26.811 ], [ 82.0035, 26.7982 ], [ 81.9976, 26.7912 ], [ 81.9712, 26.7826 ], [ 81.9099, 26.7934 ], [ 81.8908, 26.8226 ], [ 81.875, 26.8372 ], [ 81.8339, 26.8422 ], [ 81.7949, 26.8684 ], [ 81.7753, 26.8733 ], [ 81.757, 26.8884 ], [ 81.7415, 26.8926 ], [ 81.7186, 26.9212 ], [ 81.7078, 26.925 ], [ 81.71, 26.9404 ], [ 81.7218, 26.9502 ], [ 81.7191, 26.9606 ], [ 81.6903, 26.9617 ], [ 81.6641, 26.9688 ], [ 81.6481, 26.9669 ], [ 81.6445, 26.9768 ], [ 81.6479, 26.9803 ], [ 81.6437, 26.9921 ], [ 81.6446, 27.0092 ], [ 81.6317, 27.0139 ], [ 81.6304, 27.0186 ], [ 81.6181, 27.0232 ], [ 81.592, 27.0258 ], [ 81.5719, 27.0158 ], [ 81.5683, 27.0169 ], [ 81.5526, 27.0341 ], [ 81.5668, 27.0438 ], [ 81.5634, 27.0513 ], [ 81.5497, 27.0549 ], [ 81.5278, 27.0516 ], [ 81.499, 27.0605 ], [ 81.5063, 27.0877 ] ] ] } },
{ "type": "Feature", "properties": { "unit_id": "IND.34.32.3_1", "unit_name": "Utraula", "district": "Gonda", "did": "uttar_pradesh:Gonda", "state": "Uttar Pradesh", "state_key": "uttar_pradesh", "name_ok": true }, "geometry": { "type": "Polygon", "coordinates": [ [ [ 82.2572, 27.1475 ], [ 82.3398, 27.1 ], [ 82.3893, 27.0505 ], [ 82.4306, 27.0711 ], [ 82.4616, 27.1227 ], [ 82.4719, 27.1558 ], [ 82.4864, 27.161 ], [ 82.4859, 27.153 ], [ 82.4907, 27.1538 ], [ 82.4917, 27.1446 ], [ 82.5002, 27.1399 ], [ 82.4977, 27.1261 ], [ 82.5033, 27.1327 ], [ 82.5117, 27.1226 ], [ 82.5242, 27.124 ], [ 82.5337, 27.1165 ], [ 82.5351, 27.1099 ], [ 82.5393, 27.113 ], [ 82.5435, 27.094 ], [ 82.5584, 27.0779 ], [ 82.5595, 27.0719 ], [ 82.5509, 27.0716 ], [ 82.5487, 27.0613 ], [ 82.5586, 27.057 ], [ 82.557, 27.0496 ], [ 82.5659, 27.041 ], [ 82.5605, 27.0311 ], [ 82.5622, 27.0251 ], [ 82.6066, 27.0084 ], [ 82.5958, 27.0044 ], [ 82.5807, 27.0058 ], [ 82.5622, 26.9917 ], [ 82.5545, 26.9926 ], [ 82.5535, 26.9692 ], [ 82.5414, 26.9668 ], [ 82.5291, 26.9567 ], [ 82.5102, 26.9564 ], [ 82.5044, 26.9532 ], [ 82.5017, 26.947 ], [ 82.4939, 26.9426 ], [ 82.4924, 26.925 ], [ 82.4882, 26.9193 ], [ 82.4773, 26.9092 ], [ 82.4708, 26.9085 ], [ 82.4362, 26.9372 ], [ 82.4275, 26.9314 ], [ 82.3888, 26.951 ], [ 82.3813, 26.9519 ], [ 82.3771, 26.9454 ], [ 82.3595, 26.9364 ], [ 82.3499, 26.9355 ], [ 82.3227, 26.9558 ], [ 82.3191, 26.9705 ], [ 82.3111, 26.9801 ], [ 82.3068, 26.9813 ], [ 82.3016, 26.9732 ], [ 82.2854, 26.9614 ], [ 82.2581, 26.9684 ], [ 82.2531, 26.9707 ], [ 82.2559, 26.9798 ], [ 82.2532, 26.9864 ], [ 82.2373, 26.9874 ], [ 82.2333, 27.0074 ], [ 82.2424, 27.0104 ], [ 82.2308, 27.0316 ], [ 82.2093, 27.0324 ], [ 82.2049, 27.0219 ], [ 82.2001, 27.0195 ], [ 82.1877, 27.0227 ], [ 82.1817, 27.0097 ], [ 82.175, 27.0098 ], [ 82.1647, 27.018 ], [ 82.1635, 27.025 ], [ 82.1503, 27.0417 ], [ 82.1317, 27.0473 ], [ 82.1173, 27.0625 ], [ 82.1096, 27.065 ], [ 82.1027, 27.0612 ], [ 82.088, 27.0632 ], [ 82.0957, 27.0762 ], [ 82.0849, 27.0834 ], [ 82.0809, 27.0964 ], [ 82.0816, 27.0999 ], [ 82.0998, 27.1054 ], [ 82.1119, 27.121 ], [ 82.1193, 27.1226 ], [ 82.1252, 27.1334 ], [ 82.1398, 27.1311 ], [ 82.143, 27.1155 ], [ 82.1527, 27.1043 ], [ 82.1719, 27.1086 ], [ 82.1706, 27.1113 ], [ 82.1802, 27.1128 ], [ 82.1848, 27.1211 ], [ 82.1884, 27.1191 ], [ 82.1929, 27.126 ], [ 82.1895, 27.1369 ], [ 82.2036, 27.1441 ], [ 82.2007, 27.138 ], [ 82.2082, 27.1376 ], [ 82.2291, 27.1539 ], [ 82.2572, 27.1475 ] ] ] } },
{ "type": "Feature", "properties": { "unit_id": "IND.34.33.1_1", "unit_name": "Bansgaon", "district": "Gorakhpur", "did": "uttar_pradesh:Gorakhpur", "state": "Uttar Pradesh", "state_key": "uttar_pradesh", "name_ok": true }, "geometry": { "type": "Polygon", "coordinates": [ [ [ 83.1041, 26.3948 ], [ 83.0777, 26.3938 ], [ 83.0614, 26.4112 ], [ 83.0727, 26.4187 ], [ 83.0731, 26.425 ], [ 83.0788, 26.424 ], [ 83.0867, 26.4284 ], [ 83.0889, 26.4353 ], [ 83.0849, 26.4379 ], [ 83.0886, 26.4575 ], [ 83.0769, 26.4717 ], [ 83.0794, 26.478 ], [ 83.0874, 26.4871 ], [ 83.0991, 26.4922 ], [ 83.132, 26.4983 ], [ 83.1592, 26.5093 ], [ 83.1806, 26.4922 ], [ 83.1872, 26.5009 ], [ 83.1879, 26.5201 ], [ 83.196, 26.5274 ], [ 83.1815, 26.5354 ], [ 83.1735, 26.53 ], [ 83.1683, 26.5304 ], [ 83.1454, 26.5456 ], [ 83.1397, 26.5586 ], [ 83.1317, 26.5656 ], [ 83.1363, 26.5702 ], [ 83.1277, 26.5984 ], [ 83.1157, 26.6002 ], [ 83.1106, 26.5974 ], [ 83.0998, 26.6191 ], [ 83.1184, 26.6272 ], [ 83.1238, 26.6233 ], [ 83.1306, 26.6263 ], [ 83.1675, 26.6104 ], [ 83.1738, 26.6028 ], [ 83.1774, 26.6046 ], [ 83.19, 26.6211 ], [ 83.1953, 26.641 ], [ 83.1877, 26.6444 ], [ 83.1851, 26.6377 ], [ 83.1766, 26.641 ], [ 83.1774, 26.6497 ], [ 83.172, 26.6531 ], [ 83.1719, 26.661 ], [ 83.1616, 26.6668 ], [ 83.1679, 26.6737 ], [ 83.166, 26.6839 ], [ 83.1779, 26.7061 ], [ 83.1872, 26.7099 ], [ 83.1905, 26.7 ], [ 83.2002, 26.7001 ], [ 83.2002, 26.7091 ], [ 83.2066, 26.7142 ], [ 83.2067, 26.7196 ], [ 83.2099, 26.7192 ], [ 83.2175, 26.7108 ], [ 83.2124, 26.6994 ], [ 83.2197, 26.6936 ], [ 83.2279, 26.6938 ], [ 83.229, 26.6864 ], [ 83.2427, 26.6862 ], [ 83.2538, 26.6971 ], [ 83.2612, 26.6905 ], [ 83.2642, 26.6968 ], [ 83.2684, 26.6935 ], [ 83.2738, 26.6712 ], [ 83.2697, 26.671 ], [ 83.2701, 26.6635 ], [ 83.2779, 26.6651 ], [ 83.2815, 26.6621 ], [ 83.2919, 26.6706 ], [ 83.3096, 26.6723 ], [ 83.3031, 26.6627 ], [ 83.3142, 26.6613 ], [ 83.3059, 26.655 ], [ 83.3067, 26.6479 ], [ 83.3014, 26.6477 ], [ 83.2981, 26.6427 ], [ 83.2988, 26.6307 ], [ 83.3194, 26.6284 ], [ 83.3317, 26.6156 ], [ 83.3425, 26.613 ], [ 83.3452, 26.6084 ], [ 83.3533, 26.6077 ], [ 83.3563, 26.6154 ], [ 83.349, 26.618 ], [ 83.3516, 26.6265 ], [ 83.3737, 26.6383 ], [ 83.385, 26.6275 ], [ 83.3999, 26.6283 ], [ 83.4193, 26.6229 ], [ 83.4476, 26.6248 ], [ 83.4411, 26.6175 ], [ 83.4179, 26.6089 ], [ 83.4267, 26.5987 ], [ 83.436, 26.596 ], [ 83.4448, 26.5978 ], [ 83.4653, 26.6084 ], [ 83.4613, 26.5856 ], [ 83.4502, 26.5758 ], [ 83.4457, 26.5662 ], [ 83.4333, 26.5695 ], [ 83.4305, 26.5625 ], [ 83.4337, 26.5521 ], [ 83.4396, 26.5492 ], [ 83.4568, 26.5472 ], [ 83.4733, 26.5496 ], [ 83.474, 26.5441 ], [ 83.4558, 26.5357 ], [ 83.4643, 26.5255 ], [ 83.4767, 26.5274 ], [ 83.4674, 26.4984 ], [ 83.4862, 26.493 ], [ 83.4799, 26.4793 ], [ 83.4845, 26.4649 ], [ 83.4704, 26.4647 ], [ 83.4893, 26.4375 ], [ 83.4894, 26.4254 ], [ 83.5014, 26.419 ], [ 83.4787, 26.4051 ], [ 83.4807, 26.3946 ], [ 83.4889, 26.3937 ], [ 83.4942, 26.4017 ], [ 83.5186, 26.4013 ], [ 83.5046, 26.3861 ], [ 83.5266, 26.3867 ], [ 83.5281, 26.3663 ], [ 83.5345, 26.3566 ], [ 83.5391, 26.357 ], [ 83.5429, 26.3627 ], [ 83.5488, 26.3783 ], [ 83.561, 26.3742 ], [ 83.5625, 26.3776 ], [ 83.5544, 26.3875 ], [ 83.5397, 26.3915 ], [ 83.5439, 26.3952 ], [ 83.5751, 26.4004 ], [ 83.5776, 26.3924 ], [ 83.5703, 26.3758 ], [ 83.572, 26.3671 ], [ 83.5811, 26.3605 ], [ 83.6022, 26.3717 ], [ 83.6056, 26.3664 ], [ 83.5928, 26.3494 ], [ 83.6113, 26.3448 ], [ 83.6037, 26.3363 ], [ 83.6145, 26.325 ], [ 83.6236, 26.3304 ], [ 83.6307, 26.3299 ], [ 83.63, 26.3256 ], [ 83.616, 26.3188 ], [ 83.6122, 26.3023 ], [ 83.6221, 26.3027 ], [ 83.6491, 26.3218 ], [ 83.6609, 26.3119 ], [ 83.662, 26.2914 ], [ 83.6554, 26.2852 ], [ 83.6347, 26.2776 ], [ 83.6257, 26.2257 ], [ 83.6198, 26.2205 ], [ 83.6002, 26.235 ], [ 83.6091, 26.2482 ], [ 83.5736, 26.2543 ], [ 83.5699, 26.2517 ], [ 83.5252, 26.2799 ], [ 83.4686, 26.2837 ], [ 83.4494, 26.281 ], [ 83.4317, 26.2737 ], [ 83.4092, 26.277 ], [ 83.3919, 26.2871 ], [ 83.3921, 26.2992 ], [ 83.3305, 26.3516 ], [ 83.3179, 26.3481 ], [ 83.3098, 26.3531 ], [ 83.2955, 26.3532 ], [ 83.2218, 26.3963 ], [ 83.1541, 26.3999 ], [ 83.1256, 26.3881 ], [ 83.1041, 26.3948 ] ] ] } },
{ "type": "Feature", "properties": { "unit_id": "IND.34.33.2_1", "unit_name": "Gorakhpur", "district": "Gorakhpur", "did": "uttar_pradesh:Gorakhpur", "state": "Uttar Pradesh", "state_key": "uttar_pradesh", "name_ok": true }, "geometry": { "type": "Polygon", "coordinates": [ [ [ 83.6248, 26.6254 ], [ 83.6103, 26.6168 ], [ 83.6121, 26.6035 ], [ 83.6222, 26.5932 ], [ 83.6218, 26.5844 ], [ 83.6178, 26.5829 ], [ 83.6209, 26.5771 ], [ 83.6173, 26.5706 ], [ 83.6116, 26.5743 ], [ 83.6071, 26.5711 ], [ 83.6068, 26.5563 ], [ 83.5997, 26.5495 ], [ 83.6008, 26.5417 ], [ 83.5948, 26.5328 ], [ 83.5926, 26.5176 ], [ 83.5559, 26.5113 ], [ 83.5455, 26.5128 ], [ 83.5425, 26.5098 ], [ 83.546, 26.4988 ], [ 83.5407, 26.4919 ], [ 83.537, 26.4922 ], [ 83.5322, 26.5027 ], [ 83.5215, 26.4967 ], [ 83.508, 26.5017 ], [ 83.5062, 26.4969 ], [ 83.4911, 26.4973 ], [ 83.4862, 26.493 ], [ 83.4674, 26.4984 ], [ 83.4767, 26.5274 ], [ 83.4643, 26.5255 ], [ 83.4558, 26.5357 ], [ 83.474, 26.5441 ], [ 83.4733, 26.5496 ], [ 83.4568, 26.5472 ], [ 83.4396, 26.5492 ], [ 83.4337, 26.5521 ], [ 83.4305, 26.5625 ], [ 83.4333, 26.5695 ], [ 83.4457, 26.5662 ], [ 83.4502, 26.5758 ], [ 83.4613, 26.5856 ], [ 83.4653, 26.6084 ], [ 83.436, 26.596 ], [ 83.4267, 26.5987 ], [ 83.4179, 26.6089 ], [ 83.4411, 26.6175 ], [ 83.4476, 26.6248 ], [ 83.4193, 26.6229 ], [ 83.3999, 26.6283 ], [ 83.385, 26.6275 ], [ 83.3737, 26.6383 ], [ 83.3516, 26.6265 ], [ 83.349, 26.618 ], [ 83.3563, 26.6154 ], [ 83.3533, 26.6077 ], [ 83.3452, 26.6084 ], [ 83.3425, 26.613 ], [ 83.3317, 26.6156 ], [ 83.3194, 26.6284 ], [ 83.2988, 26.6307 ], [ 83.2981, 26.6427 ], [ 83.3014, 26.6477 ], [ 83.3067, 26.6479 ], [ 83.3059, 26.655 ], [ 83.3142, 26.6613 ], [ 83.3031, 26.6627 ], [ 83.3096, 26.6723 ], [ 83.2919, 26.6706 ], [ 83.2815, 26.6621 ], [ 83.2779, 26.6651 ], [ 83.2701, 26.6635 ], [ 83.2697, 26.671 ], [ 83.2738, 26.6712 ], [ 83.2684, 26.6935 ], [ 83.2642, 26.6968 ], [ 83.2612, 26.6905 ], [ 83.2538, 26.6971 ], [ 83.2427, 26.6862 ], [ 83.229, 26.6864 ], [ 83.2279, 26.6938 ], [ 83.2197, 26.6936 ], [ 83.2124, 26.6994 ], [ 83.2175, 26.7108 ], [ 83.2099, 26.7192 ], [ 83.2067, 26.7196 ], [ 83.2066, 26.7142 ], [ 83.2002, 26.7091 ], [ 83.2002, 26.7001 ], [ 83.1905, 26.7 ], [ 83.1872, 26.7099 ], [ 83.1779, 26.7061 ], [ 83.166, 26.6839 ], [ 83.1679, 26.6737 ], [ 83.1616, 26.6668 ], [ 83.1719, 26.661 ], [ 83.172, 26.6531 ], [ 83.1774, 26.6497 ], [ 83.1766, 26.641 ], [ 83.1851, 26.6377 ], [ 83.1877, 26.6444 ], [ 83.1953, 26.641 ], [ 83.19, 26.6211 ], [ 83.1774, 26.6046 ], [ 83.1738, 26.6028 ], [ 83.1675, 26.6104 ], [ 83.1387, 26.6235 ], [ 83.1306, 26.6263 ], [ 83.1238, 26.6233 ], [ 83.1184, 26.6272 ], [ 83.1256, 26.6364 ], [ 83.123, 26.6583 ], [ 83.1192, 26.6625 ], [ 83.0937, 26.6621 ], [ 83.0928, 26.6657 ], [ 83.1076, 26.6875 ], [ 83.1048, 26.69 ], [ 83.0909, 26.6869 ], [ 83.0806, 26.694 ], [ 83.0804, 26.7027 ], [ 83.076, 26.704 ], [ 83.0845, 26.7227 ], [ 83.0919, 26.7218 ], [ 83.0999, 26.7153 ], [ 83.0983, 26.7265 ], [ 83.1081, 26.7244 ], [ 83.1116, 26.7288 ], [ 83.1242, 26.7314 ], [ 83.1231, 26.738 ], [ 83.1358, 26.7496 ], [ 83.1325, 26.7591 ], [ 83.1348, 26.7708 ], [ 83.1246, 26.7813 ], [ 83.119, 26.7698 ], [ 83.108, 26.7676 ], [ 83.1031, 26.77 ], [ 83.1035, 26.7936 ], [ 83.0906, 26.8113 ], [ 83.105, 26.8155 ], [ 83.1109, 26.8224 ], [ 83.1158, 26.8337 ], [ 83.1108, 26.8378 ], [ 83.1105, 26.8447 ], [ 83.1229, 26.861 ], [ 83.1265, 26.8736 ], [ 83.1245, 26.8828 ], [ 83.1296, 26.8933 ], [ 83.1478, 26.8754 ], [ 83.159, 26.8846 ], [ 83.1656, 26.8802 ], [ 83.2075, 26.8877 ], [ 83.2063, 26.9023 ], [ 83.1955, 26.9113 ], [ 83.2121, 26.9127 ], [ 83.212, 26.9189 ], [ 83.2002, 26.929 ], [ 83.2005, 26.939 ], [ 83.2158, 26.9372 ], [ 83.2175, 26.9443 ], [ 83.2066, 26.9521 ], [ 83.1893, 26.9445 ], [ 83.1863, 26.9509 ], [ 83.1932, 26.9518 ], [ 83.199, 26.958 ], [ 83.1864, 26.9713 ], [ 83.2009, 26.9717 ], [ 83.2165, 26.9825 ], [ 83.2167, 26.9904 ], [ 83.2112, 26.9974 ], [ 83.217, 27.0035 ], [ 83.2244, 26.9821 ], [ 83.2384, 26.9759 ], [ 83.2527, 26.9801 ], [ 83.2588, 26.9784 ], [ 83.2697, 26.9573 ], [ 83.2818, 26.9573 ], [ 83.2802, 26.9347 ], [ 83.2922, 26.9244 ], [ 83.3036, 26.9049 ], [ 83.3159, 26.907 ], [ 83.31, 26.9151 ], [ 83.3124, 26.9225 ], [ 83.3195, 26.9239 ], [ 83.3319, 26.938 ], [ 83.3324, 26.9427 ], [ 83.328, 26.9452 ], [ 83.3317, 26.9514 ], [ 83.3265, 26.9574 ], [ 83.3445, 26.9554 ], [ 83.3493, 26.9653 ], [ 83.3685, 26.9619 ], [ 83.4204, 26.962 ], [ 83.4262, 26.9607 ], [ 83.4211, 26.9496 ], [ 83.4405, 26.9535 ], [ 83.4673, 26.9421 ], [ 83.4618, 26.9293 ], [ 83.4672, 26.9284 ], [ 83.4681, 26.9223 ], [ 83.474, 26.9218 ], [ 83.4754, 26.9142 ], [ 83.487, 26.9124 ], [ 83.4855, 26.9019 ], [ 83.5376, 26.8928 ], [ 83.5302, 26.8671 ], [ 83.5193, 26.8626 ], [ 83.5187, 26.8574 ], [ 83.5394, 26.8483 ], [ 83.5389, 26.8426 ], [ 83.5507, 26.8391 ], [ 83.5521, 26.8286 ], [ 83.5607, 26.8198 ], [ 83.5692, 26.8177 ], [ 83.5835, 26.7973 ], [ 83.5832, 26.7729 ], [ 83.5776, 26.7721 ], [ 83.5766, 26.7643 ], [ 83.6003, 26.7615 ], [ 83.6107, 26.7563 ], [ 83.6036, 26.7482 ], [ 83.6024, 26.738 ], [ 83.6143, 26.729 ], [ 83.614, 26.7164 ], [ 83.6072, 26.7061 ], [ 83.6149, 26.6949 ], [ 83.6155, 26.6707 ], [ 83.6222, 26.6602 ], [ 83.6248, 26.6254 ] ] ] } },
{ "type": "Feature", "properties": { "unit_id": "IND.34.34.1_1", "unit_name": "Hamirpur", "district": "Hamirpur", "did": "uttar_pradesh:Hamirpur", "state": "Uttar Pradesh", "state_key": "uttar_pradesh", "name_ok": true }, "geometry": { "type": "Polygon", "coordinates": [ [ [ 80.3439, 25.8746 ], [ 80.3367, 25.8707 ], [ 80.323, 25.8504 ], [ 80.293, 25.8481 ], [ 80.2824, 25.8401 ], [ 80.2894, 25.8248 ], [ 80.286, 25.8223 ], [ 80.2784, 25.8176 ], [ 80.2694, 25.823 ], [ 80.2537, 25.8105 ], [ 80.2443, 25.8149 ], [ 80.2229, 25.8024 ], [ 80.2271, 25.7978 ], [ 80.2533, 25.7919 ], [ 80.2621, 25.7761 ], [ 80.2965, 25.7659 ], [ 80.3105, 25.7539 ], [ 80.32, 25.7444 ], [ 80.321, 25.7364 ], [ 80.3044, 25.7294 ], [ 80.2942, 25.7313 ], [ 80.2585, 25.7617 ], [ 80.2548, 25.7569 ], [ 80.2427, 25.7533 ], [ 80.2444, 25.7413 ], [ 80.2346, 25.7331 ], [ 80.2261, 25.7129 ], [ 80.222, 25.7124 ], [ 80.21, 25.7227 ], [ 80.1865, 25.7317 ], [ 80.1805, 25.7512 ], [ 80.1368, 25.759 ], [ 80.1227, 25.7411 ], [ 80.1129, 25.7352 ], [ 80.0972, 25.7351 ], [ 80.0854, 25.7497 ], [ 80.0714, 25.7593 ], [ 80.0721, 25.7633 ], [ 80.0537, 25.7647 ], [ 80.0503, 25.7754 ], [ 80.0376, 25.782 ], [ 80.0166, 25.7782 ], [ 80.0074, 25.7893 ], [ 79.9917, 25.7824 ], [ 79.98, 25.7869 ], [ 79.9718, 25.783 ], [ 79.9606, 25.7873 ], [ 79.9512, 25.7943 ], [ 79.9514, 25.8054 ], [ 79.9408, 25.8075 ], [ 79.916, 25.8218 ], [ 79.9376, 25.8486 ], [ 79.9606, 25.8552 ], [ 79.9703, 25.8808 ], [ 79.9843, 25.8941 ], [ 79.9809, 25.9003 ], [ 79.9706, 25.9128 ], [ 79.9593, 25.9139 ], [ 79.9495, 25.909 ], [ 79.932, 25.8867 ], [ 79.9209, 25.8808 ], [ 79.904, 25.8787 ], [ 79.8855, 25.8987 ], [ 79.8619, 25.8868 ], [ 79.8559, 25.907 ], [ 79.8582, 25.9408 ], [ 79.8362, 25.9581 ], [ 79.8423, 25.9767 ], [ 79.847, 25.9782 ], [ 79.8676, 25.975 ], [ 79.854, 25.9604 ], [ 79.8612, 25.9555 ], [ 79.8709, 25.9551 ], [ 79.8765, 25.9657 ], [ 79.8841, 25.9702 ], [ 79.895, 25.9673 ], [ 79.9037, 25.9752 ], [ 79.9155, 25.9697 ], [ 79.9281, 25.9854 ], [ 79.9212, 25.9927 ], [ 79.9255, 26.0036 ], [ 79.9351, 26.0033 ], [ 79.9458, 26.012 ], [ 79.9486, 26.0278 ], [ 79.9434, 26.031 ], [ 79.9379, 26.0307 ], [ 79.9214, 26.0171 ], [ 79.9045, 26.0179 ], [ 79.9108, 26.0336 ], [ 79.9374, 26.0347 ], [ 79.9378, 26.0625 ], [ 79.9129, 26.096 ], [ 79.9181, 26.0996 ], [ 79.9305, 26.13 ], [ 79.9312, 26.163 ], [ 79.9442, 26.1673 ], [ 79.9527, 26.166 ], [ 79.9592, 26.1587 ], [ 79.9627, 26.1389 ], [ 79.9485, 26.0878 ], [ 79.9537, 26.0794 ], [ 79.9845, 26.072 ], [ 80.0188, 26.0748 ], [ 80.0669, 26.0849 ], [ 80.0865, 26.083 ], [ 80.0993, 26.0689 ], [ 80.1056, 26.051 ], [ 80.0998, 26.0296 ], [ 80.088, 26.0174 ], [ 80.0773, 26.0133 ], [ 80.0762, 26.0036 ], [ 80.1206, 25.9857 ], [ 80.1404, 25.9672 ], [ 80.1867, 25.953 ], [ 80.2056, 25.9223 ], [ 80.2629, 25.9356 ], [ 80.2761, 25.924 ], [ 80.2868, 25.9047 ], [ 80.2996, 25.894 ], [ 80.3139, 25.8928 ], [ 80.3415, 25.9036 ], [ 80.3439, 25.8746 ] ] ] } },
{ "type": "Feature", "properties": { "unit_id": "IND.34.34.2_1", "unit_name": "Maudaha", "district": "Hamirpur", "did": "uttar_pradesh:Hamirpur", "state": "Uttar Pradesh", "state_key": "uttar_pradesh", "name_ok": true }, "geometry": { "type": "Polygon", "coordinates": [ [ [ 80.3389, 25.7214 ], [ 80.3426, 25.7098 ], [ 80.3408, 25.7052 ], [ 80.3272, 25.7122 ], [ 80.3124, 25.7134 ], [ 80.2956, 25.6979 ], [ 80.2959, 25.6863 ], [ 80.3067, 25.6658 ], [ 80.3089, 25.6497 ], [ 80.2973, 25.638 ], [ 80.2748, 25.6314 ], [ 80.2679, 25.6247 ], [ 80.2822, 25.6118 ], [ 80.2713, 25.5885 ], [ 80.2691, 25.5855 ], [ 80.2443, 25.592 ], [ 80.2247, 25.5643 ], [ 80.2062, 25.5589 ], [ 80.1981, 25.5315 ], [ 80.2118, 25.5298 ], [ 80.2102, 25.5174 ], [ 80.216, 25.512 ], [ 80.2148, 25.5052 ], [ 80.2101, 25.4991 ], [ 80.2029, 25.4976 ], [ 80.216, 25.4752 ], [ 80.2029, 25.4746 ], [ 80.1976, 25.4882 ], [ 80.1856, 25.4716 ], [ 80.187, 25.454 ], [ 80.1825, 25.4466 ], [ 80.1413, 25.4622 ], [ 80.1312, 25.461 ], [ 80.113, 25.4121 ], [ 80.099, 25.4055 ], [ 80.0624, 25.4293 ], [ 80.0557, 25.4315 ], [ 80.0441, 25.4289 ], [ 80.0226, 25.4366 ], [ 80.0193, 25.4409 ], [ 80.0168, 25.4547 ], [ 80.0278, 25.4764 ], [ 80.0274, 25.4964 ], [ 80.0047, 25.491 ], [ 79.9888, 25.496 ], [ 79.9892, 25.5029 ], [ 80.0011, 25.5155 ], [ 79.9998, 25.5248 ], [ 79.992, 25.5368 ], [ 79.9746, 25.5406 ], [ 79.992, 25.5536 ], [ 80.0064, 25.5587 ], [ 80.0046, 25.5731 ], [ 80.0177, 25.5932 ], [ 80.0085, 25.5936 ], [ 79.9993, 25.5993 ], [ 79.9919, 25.6109 ], [ 79.9931, 25.6215 ], [ 79.9835, 25.6235 ], [ 79.9608, 25.6419 ], [ 79.9447, 25.6468 ], [ 79.9366, 25.633 ], [ 79.9497, 25.6173 ], [ 79.94, 25.6005 ], [ 79.9299, 25.5965 ], [ 79.9056, 25.6014 ], [ 79.8849, 25.5828 ], [ 79.8632, 25.5803 ], [ 79.8494, 25.5503 ], [ 79.8228, 25.554 ], [ 79.8162, 25.5519 ], [ 79.8148, 25.5432 ], [ 79.8207, 25.532 ], [ 79.8129, 25.5236 ], [ 79.8052, 25.5027 ], [ 79.796, 25.5035 ], [ 79.7969, 25.5095 ], [ 79.7641, 25.5218 ], [ 79.7574, 25.529 ], [ 79.7551, 25.5409 ], [ 79.7474, 25.5215 ], [ 79.7337, 25.5277 ], [ 79.7311, 25.5305 ], [ 79.7354, 25.5516 ], [ 79.7219, 25.5583 ], [ 79.719, 25.5646 ], [ 79.7051, 25.5731 ], [ 79.7027, 25.6013 ], [ 79.7138, 25.6053 ], [ 79.7175, 25.6139 ], [ 79.7409, 25.6355 ], [ 79.7191, 25.6361 ], [ 79.7059, 25.642 ], [ 79.6886, 25.6408 ], [ 79.6846, 25.6486 ], [ 79.7079, 25.6753 ], [ 79.6978, 25.6859 ], [ 79.7048, 25.6896 ], [ 79.7208, 25.679 ], [ 79.7444, 25.6924 ], [ 79.7592, 25.6822 ], [ 79.76, 25.6862 ], [ 79.7496, 25.6978 ], [ 79.7564, 25.7017 ], [ 79.7525, 25.712 ], [ 79.7623, 25.711 ], [ 79.7655, 25.718 ], [ 79.7748, 25.7172 ], [ 79.7767, 25.7219 ], [ 79.7833, 25.7166 ], [ 79.7907, 25.7183 ], [ 79.7784, 25.7303 ], [ 79.788, 25.7309 ], [ 79.794, 25.7364 ], [ 79.8006, 25.7302 ], [ 79.8099, 25.7302 ], [ 79.8104, 25.7399 ], [ 79.8191, 25.7389 ], [ 79.8291, 25.744 ], [ 79.8309, 25.7503 ], [ 79.8488, 25.7531 ], [ 79.8533, 25.7637 ], [ 79.8595, 25.7657 ], [ 79.8429, 25.7978 ], [ 79.851, 25.7993 ], [ 79.8495, 25.8147 ], [ 79.8568, 25.8161 ], [ 79.8516, 25.8244 ], [ 79.8592, 25.8332 ], [ 79.8542, 25.8368 ], [ 79.8596, 25.8487 ], [ 79.8631, 25.8499 ], [ 79.8619, 25.8408 ], [ 79.8779, 25.8451 ], [ 79.8765, 25.8476 ], [ 79.8667, 25.8464 ], [ 79.8787, 25.8604 ], [ 79.8727, 25.8706 ], [ 79.8803, 25.8749 ], [ 79.8918, 25.8753 ], [ 79.8877, 25.8825 ], [ 79.8947, 25.887 ], [ 79.904, 25.8787 ], [ 79.927, 25.8834 ], [ 79.9495, 25.909 ], [ 79.9593, 25.9139 ], [ 79.9706, 25.9128 ], [ 79.9843, 25.8941 ], [ 79.9703, 25.8808 ], [ 79.9606, 25.8552 ], [ 79.9376, 25.8486 ], [ 79.916, 25.8218 ], [ 79.9408, 25.8075 ], [ 79.9514, 25.8054 ], [ 79.9512, 25.7943 ], [ 79.9646, 25.7853 ], [ 79.9718, 25.783 ], [ 79.98, 25.7869 ], [ 79.9917, 25.7824 ], [ 80.0074, 25.7893 ], [ 80.0166, 25.7782 ], [ 80.0376, 25.782 ], [ 80.0503, 25.7754 ], [ 80.0537, 25.7647 ], [ 80.0721, 25.7633 ], [ 80.0714, 25.7593 ], [ 80.0854, 25.7497 ], [ 80.0972, 25.7351 ], [ 80.1129, 25.7352 ], [ 80.1227, 25.7411 ], [ 80.1368, 25.759 ], [ 80.1805, 25.7512 ], [ 80.1865, 25.7317 ], [ 80.21, 25.7227 ], [ 80.222, 25.7124 ], [ 80.2261, 25.7129 ], [ 80.2346, 25.7331 ], [ 80.2444, 25.7413 ], [ 80.2427, 25.7533 ], [ 80.2548, 25.7569 ], [ 80.2585, 25.7617 ], [ 80.299, 25.7285 ], [ 80.321, 25.7364 ], [ 80.3389, 25.7214 ] ] ] } },
{ "type": "Feature", "properties": { "unit_id": "IND.34.34.3_1", "unit_name": "Rath", "district": "Hamirpur", "did": "uttar_pradesh:Hamirpur", "state": "Uttar Pradesh", "state_key": "uttar_pradesh", "name_ok": true }, "geometry": { "type": "Polygon", "coordinates": [ [ [ 79.8855, 25.8987 ], [ 79.8947, 25.887 ], [ 79.8877, 25.8825 ], [ 79.8918, 25.8753 ], [ 79.8803, 25.8749 ], [ 79.8727, 25.8706 ], [ 79.8787, 25.8604 ], [ 79.8667, 25.8464 ], [ 79.8765, 25.8476 ], [ 79.8779, 25.8451 ], [ 79.8619, 25.8408 ], [ 79.8614, 25.8498 ], [ 79.8547, 25.8406 ], [ 79.8592, 25.8332 ], [ 79.8516, 25.8244 ], [ 79.8568, 25.8161 ], [ 79.8495, 25.8147 ], [ 79.851, 25.7993 ], [ 79.8429, 25.7978 ], [ 79.8595, 25.7657 ], [ 79.8533, 25.7637 ], [ 79.8488, 25.7531 ], [ 79.8309, 25.7503 ], [ 79.8291, 25.744 ], [ 79.8191, 25.7389 ], [ 79.8104, 25.7399 ], [ 79.8099, 25.7302 ], [ 79.8006, 25.7302 ], [ 79.794, 25.7364 ], [ 79.788, 25.7309 ], [ 79.7784, 25.7303 ], [ 79.7907, 25.7183 ], [ 79.7833, 25.7166 ], [ 79.7767, 25.7219 ], [ 79.7748, 25.7172 ], [ 79.7655, 25.718 ], [ 79.7623, 25.711 ], [ 79.7525, 25.712 ], [ 79.7564, 25.7017 ], [ 79.7496, 25.6978 ], [ 79.76, 25.6862 ], [ 79.7592, 25.6822 ], [ 79.7444, 25.6924 ], [ 79.7208, 25.679 ], [ 79.7048, 25.6896 ], [ 79.6978, 25.6859 ], [ 79.7079, 25.6753 ], [ 79.6846, 25.6486 ], [ 79.6886, 25.6408 ], [ 79.7059, 25.642 ], [ 79.7191, 25.6361 ], [ 79.7409, 25.6355 ], [ 79.7175, 25.6139 ], [ 79.7138, 25.6053 ], [ 79.7027, 25.6013 ], [ 79.706, 25.5713 ], [ 79.6907, 25.5659 ], [ 79.6935, 25.5554 ], [ 79.6803, 25.5507 ], [ 79.6657, 25.5502 ], [ 79.6582, 25.5563 ], [ 79.6528, 25.5553 ], [ 79.652, 25.5467 ], [ 79.6579, 25.54 ], [ 79.6543, 25.5342 ], [ 79.6584, 25.5177 ], [ 79.6332, 25.5114 ], [ 79.6386, 25.5047 ], [ 79.6351, 25.4986 ], [ 79.6367, 25.4907 ], [ 79.6076, 25.4877 ], [ 79.5962, 25.5009 ], [ 79.5877, 25.502 ], [ 79.5808, 25.4925 ], [ 79.5767, 25.4955 ], [ 79.5725, 25.4937 ], [ 79.5585, 25.4815 ], [ 79.5543, 25.4866 ], [ 79.5564, 25.4962 ], [ 79.5319, 25.497 ], [ 79.5229, 25.4867 ], [ 79.518, 25.4887 ], [ 79.5124, 25.4997 ], [ 79.5044, 25.4915 ], [ 79.4846, 25.4988 ], [ 79.476, 25.4946 ], [ 79.459, 25.5114 ], [ 79.4516, 25.5096 ], [ 79.4355, 25.5145 ], [ 79.4191, 25.5096 ], [ 79.3962, 25.5227 ], [ 79.3903, 25.522 ], [ 79.3811, 25.5269 ], [ 79.4025, 25.5504 ], [ 79.3943, 25.5722 ], [ 79.4128, 25.5823 ], [ 79.4101, 25.5882 ], [ 79.4053, 25.5885 ], [ 79.3813, 25.5823 ], [ 79.3667, 25.6077 ], [ 79.3704, 25.6255 ], [ 79.3527, 25.6482 ], [ 79.3599, 25.6541 ], [ 79.3873, 25.6524 ], [ 79.398, 25.6577 ], [ 79.3956, 25.6621 ], [ 79.3792, 25.6643 ], [ 79.3712, 25.6704 ], [ 79.3794, 25.6902 ], [ 79.3648, 25.7043 ], [ 79.366, 25.7207 ], [ 79.3854, 25.7346 ], [ 79.392, 25.7457 ], [ 79.3675, 25.7515 ], [ 79.3665, 25.7658 ], [ 79.3555, 25.7772 ], [ 79.3617, 25.7816 ], [ 79.381, 25.7801 ], [ 79.3908, 25.7834 ], [ 79.3938, 25.7935 ], [ 79.3898, 25.8014 ], [ 79.3946, 25.8134 ], [ 79.4109, 25.8132 ], [ 79.4365, 25.7933 ], [ 79.4521, 25.7936 ], [ 79.4577, 25.8056 ], [ 79.4516, 25.8291 ], [ 79.4717, 25.8486 ], [ 79.4948, 25.8635 ], [ 79.5205, 25.8422 ], [ 79.5293, 25.827 ], [ 79.5366, 25.8247 ], [ 79.5457, 25.8276 ], [ 79.568, 25.8585 ], [ 79.5676, 25.8661 ], [ 79.5578, 25.873 ], [ 79.5355, 25.8678 ], [ 79.5232, 25.8694 ], [ 79.5146, 25.8858 ], [ 79.517, 25.8942 ], [ 79.5309, 25.9006 ], [ 79.567, 25.8905 ], [ 79.6049, 25.9035 ], [ 79.6082, 25.9103 ], [ 79.5976, 25.9276 ], [ 79.6024, 25.9339 ], [ 79.6132, 25.9374 ], [ 79.6323, 25.9297 ], [ 79.6461, 25.9128 ], [ 79.6534, 25.9094 ], [ 79.6654, 25.9142 ], [ 79.6807, 25.9338 ], [ 79.7017, 25.9108 ], [ 79.7318, 25.9179 ], [ 79.7434, 25.9117 ], [ 79.7546, 25.8846 ], [ 79.7702, 25.871 ], [ 79.7938, 25.8686 ], [ 79.8036, 25.8738 ], [ 79.8061, 25.889 ], [ 79.8024, 25.9142 ], [ 79.8138, 25.9176 ], [ 79.835, 25.8889 ], [ 79.8497, 25.8846 ], [ 79.8619, 25.8868 ], [ 79.8855, 25.8987 ] ] ] } },
{ "type": "Feature", "properties": { "unit_id": "IND.34.35.1_1", "unit_name": "Garhmuktesar", "district": "Hapur", "did": "uttar_pradesh:Hapur", "state": "Uttar Pradesh", "state_key": "uttar_pradesh", "name_ok": true }, "geometry": { "type": "Polygon", "coordinates": [ [ [ 78.1081, 28.8488 ], [ 78.1013, 28.8344 ], [ 78.1085, 28.8242 ], [ 78.109, 28.788 ], [ 78.1229, 28.7771 ], [ 78.13, 28.7483 ], [ 78.1305, 28.727 ], [ 78.1359, 28.7177 ], [ 78.1637, 28.6977 ], [ 78.1823, 28.6762 ], [ 78.1987, 28.6212 ], [ 78.1582, 28.6233 ], [ 78.1382, 28.6358 ], [ 78.1264, 28.6364 ], [ 78.1176, 28.6284 ], [ 78.0819, 28.6398 ], [ 78.0757, 28.6454 ], [ 78.0711, 28.659 ], [ 78.0632, 28.6634 ], [ 78.0552, 28.6569 ], [ 78.0165, 28.6765 ], [ 78.0027, 28.6891 ], [ 77.9991, 28.7032 ], [ 77.9764, 28.7046 ], [ 77.9633, 28.7169 ], [ 77.9568, 28.7195 ], [ 77.9502, 28.7171 ], [ 77.9586, 28.7215 ], [ 77.9585, 28.7282 ], [ 77.9392, 28.7439 ], [ 77.9387, 28.753 ], [ 77.9244, 28.7618 ], [ 77.9277, 28.7681 ], [ 77.9232, 28.777 ], [ 77.9274, 28.7802 ], [ 77.9213, 28.7865 ], [ 77.9275, 28.7999 ], [ 77.9209, 28.8196 ], [ 77.9214, 28.8323 ], [ 77.9246, 28.8423 ], [ 77.9354, 28.8507 ], [ 77.958, 28.8492 ], [ 77.9662, 28.862 ], [ 77.9769, 28.863 ], [ 77.9844, 28.857 ], [ 77.9944, 28.8558 ], [ 77.993, 28.8607 ], [ 78.0012, 28.8661 ], [ 78.0237, 28.869 ], [ 78.0472, 28.8597 ], [ 78.0673, 28.8575 ], [ 78.105, 28.8622 ], [ 78.1081, 28.8488 ] ] ] } },
{ "type": "Feature", "properties": { "unit_id": "IND.34.35.2_1", "unit_name": "Hapur", "district": "Hapur", "did": "uttar_pradesh:Hapur", "state": "Uttar Pradesh", "state_key": "uttar_pradesh", "name_ok": true }, "geometry": { "type": "Polygon", "coordinates": [ [ [ 77.9391, 28.7077 ], [ 77.9267, 28.7076 ], [ 77.9024, 28.678 ], [ 77.9069, 28.6733 ], [ 77.9035, 28.6697 ], [ 77.8958, 28.6718 ], [ 77.8928, 28.6688 ], [ 77.8923, 28.6616 ], [ 77.9016, 28.6555 ], [ 77.8923, 28.6435 ], [ 77.8919, 28.6367 ], [ 77.8688, 28.6445 ], [ 77.8475, 28.6567 ], [ 77.8298, 28.6352 ], [ 77.8005, 28.6273 ], [ 77.7905, 28.6208 ], [ 77.7734, 28.5911 ], [ 77.7596, 28.5902 ], [ 77.7482, 28.5848 ], [ 77.7469, 28.5694 ], [ 77.7377, 28.5626 ], [ 77.7223, 28.5586 ], [ 77.7148, 28.5518 ], [ 77.7025, 28.559 ], [ 77.6783, 28.5576 ], [ 77.6707, 28.5641 ], [ 77.6657, 28.5818 ], [ 77.6452, 28.6007 ], [ 77.6149, 28.5812 ], [ 77.587, 28.6222 ], [ 77.5659, 28.632 ], [ 77.5538, 28.6219 ], [ 77.5403, 28.6328 ], [ 77.5392, 28.6383 ], [ 77.5452, 28.6441 ], [ 77.5404, 28.6571 ], [ 77.5601, 28.6515 ], [ 77.5642, 28.6551 ], [ 77.5554, 28.6655 ], [ 77.5438, 28.6696 ], [ 77.5444, 28.6792 ], [ 77.5412, 28.6816 ], [ 77.5441, 28.6913 ], [ 77.5537, 28.6903 ], [ 77.5643, 28.7059 ], [ 77.5998, 28.7088 ], [ 77.5967, 28.711 ], [ 77.5988, 28.7143 ], [ 77.6118, 28.7211 ], [ 77.6123, 28.7266 ], [ 77.6675, 28.7554 ], [ 77.6792, 28.7684 ], [ 77.689, 28.7467 ], [ 77.7219, 28.7421 ], [ 77.7362, 28.7538 ], [ 77.7512, 28.7538 ], [ 77.7575, 28.7623 ], [ 77.7716, 28.767 ], [ 77.7772, 28.7731 ], [ 77.773, 28.782 ], [ 77.7819, 28.7916 ], [ 77.799, 28.7914 ], [ 77.8013, 28.7986 ], [ 77.8327, 28.8045 ], [ 77.8354, 28.8082 ], [ 77.8574, 28.8003 ], [ 77.8608, 28.8056 ], [ 77.8573, 28.8281 ], [ 77.8605, 28.8344 ], [ 77.8504, 28.8396 ], [ 77.8513, 28.8591 ], [ 77.862, 28.8694 ], [ 77.8783, 28.8621 ], [ 77.88, 28.8701 ], [ 77.8863, 28.872 ], [ 77.9163, 28.8606 ], [ 77.9212, 28.8496 ], [ 77.9187, 28.845 ], [ 77.9246, 28.8423 ], [ 77.9209, 28.8196 ], [ 77.9275, 28.7999 ], [ 77.9213, 28.7865 ], [ 77.9274, 28.7802 ], [ 77.9232, 28.777 ], [ 77.9277, 28.7681 ], [ 77.9244, 28.7618 ], [ 77.9387, 28.753 ], [ 77.9392, 28.7439 ], [ 77.9585, 28.7282 ], [ 77.9586, 28.7215 ], [ 77.9391, 28.7077 ] ] ] } },
{ "type": "Feature", "properties": { "unit_id": "IND.34.36.1_1", "unit_name": "Bilgram", "district": "Hardoi", "did": "uttar_pradesh:Hardoi", "state": "Uttar Pradesh", "state_key": "uttar_pradesh", "name_ok": true }, "geometry": { "type": "Polygon", "coordinates": [ [ [ 79.6905, 27.235 ], [ 79.6934, 27.2499 ], [ 79.6863, 27.2576 ], [ 79.6881, 27.265 ], [ 79.6926, 27.2678 ], [ 79.6998, 27.2659 ], [ 79.7227, 27.2856 ], [ 79.716, 27.3005 ], [ 79.7174, 27.3139 ], [ 79.7121, 27.3333 ], [ 79.6803, 27.3738 ], [ 79.6805, 27.3787 ], [ 79.6853, 27.3908 ], [ 79.7153, 27.4181 ], [ 79.7095, 27.4282 ], [ 79.7117, 27.4379 ], [ 79.7238, 27.4419 ], [ 79.7363, 27.4523 ], [ 79.7448, 27.4437 ], [ 79.7509, 27.4479 ], [ 79.7611, 27.4481 ], [ 79.7667, 27.4422 ], [ 79.7749, 27.4418 ], [ 79.7781, 27.4351 ], [ 79.7936, 27.4235 ], [ 79.7976, 27.4268 ], [ 79.8056, 27.4227 ], [ 79.8162, 27.4226 ], [ 79.8161, 27.4333 ], [ 79.8222, 27.4339 ], [ 79.8299, 27.421 ], [ 79.8284, 27.3987 ], [ 79.8361, 27.3914 ], [ 79.8271, 27.3791 ], [ 79.8305, 27.374 ], [ 79.8606, 27.3615 ], [ 79.8542, 27.3524 ], [ 79.858, 27.3417 ], [ 79.8707, 27.3495 ], [ 79.8917, 27.3502 ], [ 79.9049, 27.3608 ], [ 79.9147, 27.3587 ], [ 79.9362, 27.3796 ], [ 79.9464, 27.3808 ], [ 79.9675, 27.3746 ], [ 79.99, 27.3854 ], [ 79.998, 27.3754 ], [ 80.0038, 27.3838 ], [ 80.0173, 27.3786 ], [ 80.0255, 27.3846 ], [ 80.0362, 27.3822 ], [ 80.0487, 27.388 ], [ 80.0541, 27.381 ], [ 80.0414, 27.3735 ], [ 80.0465, 27.3616 ], [ 80.0278, 27.3457 ], [ 80.0293, 27.333 ], [ 80.0244, 27.3218 ], [ 80.0444, 27.3028 ], [ 80.0472, 27.2938 ], [ 80.0422, 27.288 ], [ 80.0278, 27.2885 ], [ 80.0214, 27.2669 ], [ 80.0271, 27.2585 ], [ 80.0522, 27.2473 ], [ 80.0539, 27.2284 ], [ 80.0441, 27.2243 ], [ 80.0443, 27.2186 ], [ 80.0545, 27.2143 ], [ 80.077, 27.2166 ], [ 80.0931, 27.2111 ], [ 80.1077, 27.2136 ], [ 80.1397, 27.1887 ], [ 80.1503, 27.1915 ], [ 80.1619, 27.1906 ], [ 80.1717, 27.184 ], [ 80.186, 27.1867 ], [ 80.1868, 27.1815 ], [ 80.1725, 27.1708 ], [ 80.176, 27.1648 ], [ 80.192, 27.1636 ], [ 80.2096, 27.1704 ], [ 80.2403, 27.1613 ], [ 80.2541, 27.1622 ], [ 80.2521, 27.1426 ], [ 80.255, 27.1365 ], [ 80.2704, 27.1274 ], [ 80.2748, 27.1157 ], [ 80.2844, 27.1108 ], [ 80.2794, 27.1059 ], [ 80.2771, 27.0934 ], [ 80.2697, 27.09 ], [ 80.265, 27.0917 ], [ 80.2612, 27.0836 ], [ 80.2666, 27.0755 ], [ 80.2604, 27.0543 ], [ 80.2645, 27.0502 ], [ 80.2596, 27.0488 ], [ 80.277, 27.0372 ], [ 80.2424, 27.0322 ], [ 80.2472, 27.0237 ], [ 80.2328, 27.018 ], [ 80.2219, 26.9798 ], [ 80.2111, 26.9707 ], [ 80.1959, 26.9758 ], [ 80.1753, 26.9637 ], [ 80.1646, 26.9642 ], [ 80.1637, 26.9759 ], [ 80.1716, 26.9861 ], [ 80.1733, 27.0023 ], [ 80.1631, 27.0026 ], [ 80.1523, 26.9907 ], [ 80.139, 26.9841 ], [ 80.1355, 26.9857 ], [ 80.1367, 26.9914 ], [ 80.1301, 26.99 ], [ 80.1246, 26.9942 ], [ 80.1172, 26.9874 ], [ 80.1079, 26.9923 ], [ 80.1127, 26.9958 ], [ 80.1115, 27.0006 ], [ 80.1053, 27.0006 ], [ 80.0908, 26.9852 ], [ 80.0956, 26.9659 ], [ 80.0764, 26.9645 ], [ 80.0487, 26.9392 ], [ 80.0421, 26.9247 ], [ 80.0182, 26.9452 ], [ 80.0058, 26.9825 ], [ 79.9777, 27.0274 ], [ 79.9653, 27.0407 ], [ 79.9634, 27.0773 ], [ 79.9348, 27.0854 ], [ 79.925, 27.0979 ], [ 79.913, 27.1033 ], [ 79.9067, 27.129 ], [ 79.8958, 27.1522 ], [ 79.8842, 27.1567 ], [ 79.8491, 27.1564 ], [ 79.8472, 27.16 ], [ 79.8572, 27.1752 ], [ 79.8498, 27.1786 ], [ 79.7954, 27.174 ], [ 79.7693, 27.1955 ], [ 79.7242, 27.221 ], [ 79.6905, 27.235 ] ] ] } },
{ "type": "Feature", "properties": { "unit_id": "IND.34.36.2_1", "unit_name": "Hardoi", "district": "Hardoi", "did": "uttar_pradesh:Hardoi", "state": "Uttar Pradesh", "state_key": "uttar_pradesh", "name_ok": true }, "geometry": { "type": "Polygon", "coordinates": [ [ [ 80.2403, 27.1613 ], [ 80.2096, 27.1704 ], [ 80.192, 27.1636 ], [ 80.176, 27.1648 ], [ 80.1725, 27.1708 ], [ 80.1868, 27.1815 ], [ 80.186, 27.1867 ], [ 80.1717, 27.184 ], [ 80.1619, 27.1906 ], [ 80.1503, 27.1915 ], [ 80.1397, 27.1887 ], [ 80.1077, 27.2136 ], [ 80.0931, 27.2111 ], [ 80.077, 27.2166 ], [ 80.0545, 27.2143 ], [ 80.0443, 27.2186 ], [ 80.0441, 27.2243 ], [ 80.0539, 27.2284 ], [ 80.0522, 27.2473 ], [ 80.0271, 27.2585 ], [ 80.0214, 27.2669 ], [ 80.0278, 27.2885 ], [ 80.0422, 27.288 ], [ 80.0472, 27.2938 ], [ 80.0444, 27.3028 ], [ 80.0244, 27.3218 ], [ 80.0293, 27.333 ], [ 80.0278, 27.3457 ], [ 80.0465, 27.3616 ], [ 80.0414, 27.3735 ], [ 80.0521, 27.3777 ], [ 80.0528, 27.3861 ], [ 80.0439, 27.3874 ], [ 80.0325, 27.382 ], [ 80.0255, 27.3846 ], [ 80.0173, 27.3786 ], [ 80.0038, 27.3838 ], [ 79.998, 27.3754 ], [ 79.99, 27.3854 ], [ 79.9675, 27.3746 ], [ 79.9464, 27.3808 ], [ 79.9362, 27.3796 ], [ 79.9147, 27.3587 ], [ 79.9049, 27.3608 ], [ 79.8917, 27.3502 ], [ 79.8707, 27.3495 ], [ 79.858, 27.3417 ], [ 79.8542, 27.3524 ], [ 79.8606, 27.3615 ], [ 79.8305, 27.374 ], [ 79.8271, 27.3791 ], [ 79.8361, 27.3914 ], [ 79.8284, 27.3987 ], [ 79.8294, 27.412 ], [ 79.8365, 27.4092 ], [ 79.838, 27.4207 ], [ 79.8428, 27.4252 ], [ 79.8622, 27.4307 ], [ 79.8714, 27.4267 ], [ 79.883, 27.4321 ], [ 79.8858, 27.4223 ], [ 79.9006, 27.4254 ], [ 79.8976, 27.4193 ], [ 79.9087, 27.4207 ], [ 79.9064, 27.4345 ], [ 79.9116, 27.4363 ], [ 79.9152, 27.4464 ], [ 79.9106, 27.4526 ], [ 79.9132, 27.4515 ], [ 79.9156, 27.4598 ], [ 79.9208, 27.463 ], [ 79.9221, 27.4707 ], [ 79.9464, 27.4634 ], [ 79.9558, 27.4693 ], [ 79.9531, 27.477 ], [ 79.9634, 27.4827 ], [ 79.9699, 27.4968 ], [ 79.9709, 27.5185 ], [ 79.9771, 27.5212 ], [ 79.9916, 27.5458 ], [ 80.0129, 27.537 ], [ 80.0168, 27.53 ], [ 80.0238, 27.5304 ], [ 80.0406, 27.537 ], [ 80.0415, 27.5537 ], [ 80.0635, 27.5616 ], [ 80.0918, 27.5564 ], [ 80.0938, 27.5654 ], [ 80.1393, 27.5385 ], [ 80.1457, 27.5445 ], [ 80.1544, 27.5427 ], [ 80.1616, 27.5613 ], [ 80.1862, 27.5576 ], [ 80.1871, 27.5651 ], [ 80.1917, 27.5663 ], [ 80.2165, 27.5541 ], [ 80.2221, 27.5607 ], [ 80.2315, 27.5632 ], [ 80.2282, 27.5682 ], [ 80.2148, 27.5737 ], [ 80.203, 27.5747 ], [ 80.197, 27.5793 ], [ 80.1972, 27.5854 ], [ 80.2126, 27.6187 ], [ 80.233, 27.6407 ], [ 80.2492, 27.6503 ], [ 80.2615, 27.6471 ], [ 80.2724, 27.649 ], [ 80.2807, 27.6403 ], [ 80.295, 27.6373 ], [ 80.2943, 27.6237 ], [ 80.2987, 27.6196 ], [ 80.2992, 27.6103 ], [ 80.3093, 27.6104 ], [ 80.3147, 27.6056 ], [ 80.3071, 27.5974 ], [ 80.3137, 27.5952 ], [ 80.3013, 27.5923 ], [ 80.2957, 27.587 ], [ 80.3004, 27.5775 ], [ 80.3081, 27.5753 ], [ 80.309, 27.5656 ], [ 80.3154, 27.5618 ], [ 80.3094, 27.5515 ], [ 80.3154, 27.5472 ], [ 80.3174, 27.5288 ], [ 80.3226, 27.5224 ], [ 80.335, 27.5171 ], [ 80.3476, 27.4853 ], [ 80.3614, 27.486 ], [ 80.3801, 27.4811 ], [ 80.3834, 27.4699 ], [ 80.3954, 27.4668 ], [ 80.3904, 27.4617 ], [ 80.3918, 27.4557 ], [ 80.3958, 27.4552 ], [ 80.4009, 27.4427 ], [ 80.4186, 27.4275 ], [ 80.4091, 27.4219 ], [ 80.425, 27.4084 ], [ 80.4423, 27.4063 ], [ 80.4392, 27.4037 ], [ 80.4427, 27.4003 ], [ 80.4431, 27.3775 ], [ 80.4455, 27.3729 ], [ 80.4557, 27.3748 ], [ 80.4583, 27.3703 ], [ 80.4564, 27.3624 ], [ 80.4469, 27.3691 ], [ 80.4384, 27.363 ], [ 80.4272, 27.3461 ], [ 80.4024, 27.3461 ], [ 80.3974, 27.3353 ], [ 80.3926, 27.3332 ], [ 80.3937, 27.3221 ], [ 80.3874, 27.3056 ], [ 80.3634, 27.2906 ], [ 80.3539, 27.2724 ], [ 80.3587, 27.2649 ], [ 80.3564, 27.2556 ], [ 80.336, 27.2444 ], [ 80.3305, 27.2296 ], [ 80.3152, 27.2248 ], [ 80.3011, 27.2264 ], [ 80.2931, 27.2317 ], [ 80.2726, 27.2295 ], [ 80.2646, 27.223 ], [ 80.256, 27.2079 ], [ 80.2586, 27.1951 ], [ 80.2535, 27.1851 ], [ 80.2541, 27.1622 ], [ 80.2403, 27.1613 ] ] ] } },
{ "type": "Feature", "properties": { "unit_id": "IND.34.36.3_1", "unit_name": "Sandila", "district": "Hardoi", "did": "uttar_pradesh:Hardoi", "state": "Uttar Pradesh", "state_key": "uttar_pradesh", "name_ok": true }, "geometry": { "type": "Polygon", "coordinates": [ [ [ 80.2596, 27.0488 ], [ 80.2645, 27.0502 ], [ 80.2604, 27.0543 ], [ 80.2666, 27.0755 ], [ 80.2612, 27.0836 ], [ 80.265, 27.0917 ], [ 80.2697, 27.09 ], [ 80.2771, 27.0934 ], [ 80.2794, 27.1059 ], [ 80.2844, 27.1108 ], [ 80.2748, 27.1157 ], [ 80.2704, 27.1274 ], [ 80.2618, 27.1304 ], [ 80.2521, 27.1426 ], [ 80.2535, 27.1851 ], [ 80.2586, 27.1951 ], [ 80.256, 27.2079 ], [ 80.2726, 27.2295 ], [ 80.2931, 27.2317 ], [ 80.3011, 27.2264 ], [ 80.3152, 27.2248 ], [ 80.3305, 27.2296 ], [ 80.336, 27.2444 ], [ 80.3564, 27.2556 ], [ 80.3587, 27.2649 ], [ 80.3539, 27.2724 ], [ 80.3634, 27.2906 ], [ 80.3874, 27.3056 ], [ 80.3937, 27.3221 ], [ 80.3926, 27.3332 ], [ 80.3974, 27.3353 ], [ 80.4024, 27.3461 ], [ 80.4272, 27.3461 ], [ 80.4338, 27.3588 ], [ 80.4445, 27.3652 ], [ 80.454, 27.3543 ], [ 80.4485, 27.346 ], [ 80.4551, 27.3454 ], [ 80.4583, 27.3512 ], [ 80.472, 27.3498 ], [ 80.4773, 27.333 ], [ 80.4912, 27.3307 ], [ 80.4854, 27.316 ], [ 80.4905, 27.3101 ], [ 80.4971, 27.3088 ], [ 80.4969, 27.2979 ], [ 80.5012, 27.2966 ], [ 80.5077, 27.2725 ], [ 80.5002, 27.2745 ], [ 80.4902, 27.2607 ], [ 80.5044, 27.261 ], [ 80.5056, 27.2662 ], [ 80.5224, 27.2684 ], [ 80.5373, 27.2791 ], [ 80.5498, 27.2751 ], [ 80.5557, 27.2975 ], [ 80.5611, 27.2976 ], [ 80.5653, 27.2896 ], [ 80.5602, 27.2839 ], [ 80.5745, 27.2846 ], [ 80.5788, 27.2766 ], [ 80.5857, 27.2802 ], [ 80.5918, 27.2647 ], [ 80.5955, 27.2641 ], [ 80.5941, 27.2722 ], [ 80.6085, 27.2766 ], [ 80.6195, 27.2598 ], [ 80.6311, 27.2707 ], [ 80.6456, 27.263 ], [ 80.6385, 27.26 ], [ 80.6332, 27.2514 ], [ 80.6431, 27.2465 ], [ 80.6427, 27.2383 ], [ 80.647, 27.2326 ], [ 80.6773, 27.2262 ], [ 80.6808, 27.2209 ], [ 80.7058, 27.2402 ], [ 80.7179, 27.2408 ], [ 80.7251, 27.2365 ], [ 80.7232, 27.2285 ], [ 80.7402, 27.2318 ], [ 80.7423, 27.22 ], [ 80.7595, 27.2057 ], [ 80.7791, 27.2113 ], [ 80.7903, 27.1974 ], [ 80.7899, 27.1863 ], [ 80.7983, 27.1825 ], [ 80.7989, 27.1742 ], [ 80.8057, 27.1713 ], [ 80.8064, 27.1623 ], [ 80.8131, 27.1584 ], [ 80.8081, 27.1533 ], [ 80.8093, 27.1414 ], [ 80.7947, 27.1358 ], [ 80.7997, 27.1284 ], [ 80.7985, 27.1182 ], [ 80.8158, 27.1164 ], [ 80.8173, 27.1067 ], [ 80.8089, 27.1028 ], [ 80.781, 27.1163 ], [ 80.7735, 27.1033 ], [ 80.7608, 27.1076 ], [ 80.7555, 27.0943 ], [ 80.7492, 27.1057 ], [ 80.7283, 27.1062 ], [ 80.7018, 27.0853 ], [ 80.7029, 27.0745 ], [ 80.6925, 27.0738 ], [ 80.6912, 27.0655 ], [ 80.6859, 27.0689 ], [ 80.6762, 27.0686 ], [ 80.6568, 27.0802 ], [ 80.6369, 27.084 ], [ 80.6314, 27.0738 ], [ 80.641, 27.0727 ], [ 80.6468, 27.0676 ], [ 80.6327, 27.0696 ], [ 80.6275, 27.0643 ], [ 80.6137, 27.0622 ], [ 80.6055, 27.0435 ], [ 80.5977, 27.0421 ], [ 80.5949, 27.047 ], [ 80.5891, 27.0476 ], [ 80.5868, 27.044 ], [ 80.5681, 27.0381 ], [ 80.5678, 27.0349 ], [ 80.5782, 27.0347 ], [ 80.5783, 27.0319 ], [ 80.5507, 27.0162 ], [ 80.5407, 27.0183 ], [ 80.5349, 27.007 ], [ 80.5195, 27.0126 ], [ 80.4915, 26.9904 ], [ 80.4781, 26.9937 ], [ 80.471, 26.9896 ], [ 80.468, 26.9819 ], [ 80.4484, 26.9799 ], [ 80.4364, 26.972 ], [ 80.4378, 26.9531 ], [ 80.418, 26.9469 ], [ 80.4154, 26.9281 ], [ 80.4202, 26.9173 ], [ 80.4062, 26.8928 ], [ 80.3896, 26.9105 ], [ 80.3845, 26.9272 ], [ 80.3775, 26.9351 ], [ 80.3637, 26.9308 ], [ 80.3602, 26.9331 ], [ 80.3514, 26.9282 ], [ 80.3294, 26.9539 ], [ 80.3304, 26.9727 ], [ 80.3187, 26.9949 ], [ 80.3071, 26.9923 ], [ 80.2891, 27.0011 ], [ 80.2858, 27.0062 ], [ 80.2985, 27.0192 ], [ 80.2982, 27.0283 ], [ 80.295, 27.0305 ], [ 80.2807, 27.028 ], [ 80.2596, 27.0488 ] ] ] } },
{ "type": "Feature", "properties": { "unit_id": "IND.34.36.4_1", "unit_name": "Shahabad", "district": "Hardoi", "did": "uttar_pradesh:Hardoi", "state": "Uttar Pradesh", "state_key": "uttar_pradesh", "name_ok": true }, "geometry": { "type": "Polygon", "coordinates": [ [ [ 79.7369, 27.4578 ], [ 79.7252, 27.4645 ], [ 79.7227, 27.4732 ], [ 79.7064, 27.4791 ], [ 79.7223, 27.4922 ], [ 79.7209, 27.5345 ], [ 79.7178, 27.5433 ], [ 79.699, 27.5527 ], [ 79.7062, 27.572 ], [ 79.7032, 27.5821 ], [ 79.7064, 27.5878 ], [ 79.7047, 27.5939 ], [ 79.6938, 27.5964 ], [ 79.6896, 27.6091 ], [ 79.691, 27.6218 ], [ 79.6809, 27.6247 ], [ 79.6781, 27.6319 ], [ 79.689, 27.6623 ], [ 79.7186, 27.6782 ], [ 79.7247, 27.7195 ], [ 79.731, 27.7276 ], [ 79.7471, 27.7246 ], [ 79.7562, 27.7186 ], [ 79.7753, 27.6883 ], [ 79.8042, 27.6625 ], [ 79.8511, 27.6557 ], [ 79.8723, 27.6829 ], [ 79.8713, 27.7059 ], [ 79.8772, 27.7097 ], [ 79.8916, 27.7064 ], [ 79.9079, 27.709 ], [ 79.9009, 27.7201 ], [ 79.9036, 27.7265 ], [ 79.9221, 27.7182 ], [ 79.9355, 27.7197 ], [ 79.9558, 27.7357 ], [ 79.9765, 27.7317 ], [ 79.9896, 27.7344 ], [ 79.9958, 27.7324 ], [ 80.0038, 27.7386 ], [ 80.0079, 27.7362 ], [ 80.0178, 27.7497 ], [ 80.0268, 27.7398 ], [ 80.0342, 27.7485 ], [ 80.0549, 27.7491 ], [ 80.0635, 27.7562 ], [ 80.052, 27.7633 ], [ 80.0482, 27.7721 ], [ 80.0811, 27.7902 ], [ 80.0911, 27.7859 ], [ 80.1022, 27.7893 ], [ 80.1003, 27.784 ], [ 80.1057, 27.7801 ], [ 80.1262, 27.7831 ], [ 80.1216, 27.7555 ], [ 80.1341, 27.7596 ], [ 80.1478, 27.7763 ], [ 80.1585, 27.7676 ], [ 80.174, 27.7736 ], [ 80.1826, 27.7656 ], [ 80.1911, 27.7811 ], [ 80.2013, 27.7765 ], [ 80.223, 27.7759 ], [ 80.214, 27.7678 ], [ 80.2225, 27.7674 ], [ 80.2272, 27.7714 ], [ 80.2335, 27.7637 ], [ 80.2253, 27.7588 ], [ 80.23, 27.7559 ], [ 80.2423, 27.7609 ], [ 80.2486, 27.7484 ], [ 80.2566, 27.7467 ], [ 80.2572, 27.7393 ], [ 80.2632, 27.7334 ], [ 80.2745, 27.7416 ], [ 80.2697, 27.716 ], [ 80.2886, 27.7094 ], [ 80.2898, 27.7065 ], [ 80.285, 27.7049 ], [ 80.2909, 27.6961 ], [ 80.287, 27.6977 ], [ 80.2881, 27.6911 ], [ 80.3017, 27.6844 ], [ 80.2996, 27.6574 ], [ 80.3031, 27.6452 ], [ 80.295, 27.6373 ], [ 80.2807, 27.6403 ], [ 80.2724, 27.649 ], [ 80.2615, 27.6471 ], [ 80.2492, 27.6503 ], [ 80.233, 27.6407 ], [ 80.2126, 27.6187 ], [ 80.1972, 27.5854 ], [ 80.197, 27.5793 ], [ 80.203, 27.5747 ], [ 80.2148, 27.5737 ], [ 80.2334, 27.5645 ], [ 80.2221, 27.5607 ], [ 80.2189, 27.5553 ], [ 80.1917, 27.5663 ], [ 80.1871, 27.5651 ], [ 80.1862, 27.5576 ], [ 80.1616, 27.5613 ], [ 80.1544, 27.5427 ], [ 80.1457, 27.5445 ], [ 80.1393, 27.5385 ], [ 80.0924, 27.5652 ], [ 80.0918, 27.5564 ], [ 80.0635, 27.5616 ], [ 80.0415, 27.5537 ], [ 80.0406, 27.537 ], [ 80.0168, 27.53 ], [ 80.0129, 27.537 ], [ 79.9916, 27.5458 ], [ 79.9771, 27.5212 ], [ 79.9709, 27.5185 ], [ 79.9699, 27.4968 ], [ 79.9634, 27.4827 ], [ 79.9531, 27.477 ], [ 79.9558, 27.4693 ], [ 79.9464, 27.4634 ], [ 79.9221, 27.4707 ], [ 79.9208, 27.463 ], [ 79.9156, 27.4598 ], [ 79.9132, 27.4515 ], [ 79.9106, 27.4526 ], [ 79.9152, 27.4464 ], [ 79.9116, 27.4363 ], [ 79.9064, 27.4345 ], [ 79.9087, 27.4207 ], [ 79.9019, 27.4184 ], [ 79.8976, 27.4193 ], [ 79.9006, 27.4254 ], [ 79.8858, 27.4223 ], [ 79.883, 27.4321 ], [ 79.8714, 27.4267 ], [ 79.8583, 27.4302 ], [ 79.838, 27.4207 ], [ 79.8365, 27.4092 ], [ 79.8294, 27.412 ], [ 79.8299, 27.421 ], [ 79.8222, 27.4339 ], [ 79.8161, 27.4333 ], [ 79.8162, 27.4226 ], [ 79.8056, 27.4227 ], [ 79.7976, 27.4268 ], [ 79.7936, 27.4235 ], [ 79.7781, 27.4351 ], [ 79.7749, 27.4418 ], [ 79.7667, 27.4422 ], [ 79.7611, 27.4481 ], [ 79.7509, 27.4479 ], [ 79.7448, 27.4437 ], [ 79.7363, 27.4523 ], [ 79.7369, 27.4578 ] ] ] } },
{ "type": "Feature", "properties": { "unit_id": "IND.34.37.1_1", "unit_name": "Hathras", "district": "Hathras", "did": "uttar_pradesh:Hathras", "state": "Uttar Pradesh", "state_key": "uttar_pradesh", "name_ok": true }, "geometry": { "type": "Polygon", "coordinates": [ [ [ 77.9203, 27.3233 ], [ 77.915, 27.3765 ], [ 77.9177, 27.4749 ], [ 77.9064, 27.4861 ], [ 77.9087, 27.4926 ], [ 77.8987, 27.5173 ], [ 77.8952, 27.5208 ], [ 77.8771, 27.5238 ], [ 77.8697, 27.5327 ], [ 77.8727, 27.5427 ], [ 77.8807, 27.5447 ], [ 77.8897, 27.5572 ], [ 77.8968, 27.5592 ], [ 77.8995, 27.5696 ], [ 77.8903, 27.5875 ], [ 77.9055, 27.5948 ], [ 77.9203, 27.608 ], [ 77.941, 27.6091 ], [ 77.9502, 27.6181 ], [ 77.9653, 27.6008 ], [ 77.9667, 27.6045 ], [ 77.9743, 27.6064 ], [ 77.9904, 27.6066 ], [ 77.9768, 27.6286 ], [ 77.9797, 27.6379 ], [ 77.9977, 27.6504 ], [ 78.0141, 27.6507 ], [ 78.0062, 27.6609 ], [ 78.0134, 27.6736 ], [ 77.9965, 27.6892 ], [ 77.9908, 27.7036 ], [ 77.9942, 27.7134 ], [ 78.0059, 27.7224 ], [ 78.006, 27.7278 ], [ 77.9981, 27.7304 ], [ 77.9967, 27.7341 ], [ 78.0048, 27.7472 ], [ 78.0211, 27.7393 ], [ 78.0335, 27.7537 ], [ 78.0112, 27.7593 ], [ 78.011, 27.7673 ], [ 78.0336, 27.7783 ], [ 78.0337, 27.7885 ], [ 78.0547, 27.7977 ], [ 78.0625, 27.7841 ], [ 78.0592, 27.7778 ], [ 78.0618, 27.7744 ], [ 78.0775, 27.7771 ], [ 78.0891, 27.7704 ], [ 78.1296, 27.7764 ], [ 78.1446, 27.7658 ], [ 78.1606, 27.7691 ], [ 78.1695, 27.7623 ], [ 78.1728, 27.7544 ], [ 78.165, 27.7421 ], [ 78.1737, 27.7296 ], [ 78.1644, 27.7242 ], [ 78.165, 27.7214 ], [ 78.1881, 27.7094 ], [ 78.2, 27.6986 ], [ 78.2071, 27.7003 ], [ 78.2098, 27.692 ], [ 78.2235, 27.6983 ], [ 78.2661, 27.6663 ], [ 78.3219, 27.669 ], [ 78.3618, 27.6903 ], [ 78.3857, 27.7249 ], [ 78.399, 27.7594 ], [ 78.4283, 27.7967 ], [ 78.4411, 27.832 ], [ 78.448, 27.8279 ], [ 78.4535, 27.8171 ], [ 78.4658, 27.8144 ], [ 78.4642, 27.805 ], [ 78.4735, 27.795 ], [ 78.47, 27.7803 ], [ 78.4732, 27.7748 ], [ 78.465, 27.7703 ], [ 78.4659, 27.7643 ], [ 78.4849, 27.7515 ], [ 78.5049, 27.746 ], [ 78.5186, 27.7296 ], [ 78.4981, 27.7108 ], [ 78.509, 27.6999 ], [ 78.4959, 27.6908 ], [ 78.4985, 27.6801 ], [ 78.5057, 27.6744 ], [ 78.5004, 27.6738 ], [ 78.4971, 27.6648 ], [ 78.4994, 27.66 ], [ 78.4895, 27.6462 ], [ 78.4961, 27.6305 ], [ 78.491, 27.6226 ], [ 78.4781, 27.6183 ], [ 78.4616, 27.6246 ], [ 78.4428, 27.6111 ], [ 78.4369, 27.6018 ], [ 78.413, 27.5943 ], [ 78.4069, 27.5865 ], [ 78.3977, 27.586 ], [ 78.3878, 27.594 ], [ 78.3796, 27.5844 ], [ 78.3836, 27.5776 ], [ 78.3775, 27.5724 ], [ 78.3628, 27.5721 ], [ 78.3541, 27.5651 ], [ 78.3512, 27.5675 ], [ 78.3567, 27.5752 ], [ 78.3537, 27.5797 ], [ 78.3429, 27.5796 ], [ 78.3245, 27.5886 ], [ 78.3229, 27.583 ], [ 78.309, 27.5788 ], [ 78.3105, 27.5702 ], [ 78.3039, 27.5626 ], [ 78.3094, 27.553 ], [ 78.305, 27.5492 ], [ 78.295, 27.5569 ], [ 78.2825, 27.55 ], [ 78.2769, 27.5603 ], [ 78.271, 27.5608 ], [ 78.2626, 27.5545 ], [ 78.2747, 27.542 ], [ 78.264, 27.5315 ], [ 78.2549, 27.5326 ], [ 78.2455, 27.524 ], [ 78.2353, 27.534 ], [ 78.22, 27.5308 ], [ 78.2138, 27.5347 ], [ 78.205, 27.5294 ], [ 78.211, 27.5187 ], [ 78.2067, 27.5136 ], [ 78.1976, 27.5144 ], [ 78.1959, 27.5109 ], [ 78.1951, 27.503 ], [ 78.1999, 27.4958 ], [ 78.1883, 27.4723 ], [ 78.1912, 27.4657 ], [ 78.1807, 27.4605 ], [ 78.171, 27.4385 ], [ 78.1755, 27.4323 ], [ 78.1915, 27.4389 ], [ 78.1866, 27.4218 ], [ 78.189, 27.4087 ], [ 78.1824, 27.408 ], [ 78.1704, 27.4148 ], [ 78.1696, 27.405 ], [ 78.1633, 27.4035 ], [ 78.1649, 27.3935 ], [ 78.1533, 27.3931 ], [ 78.1447, 27.3883 ], [ 78.1277, 27.3707 ], [ 78.1121, 27.3772 ], [ 78.0977, 27.3748 ], [ 78.0732, 27.3978 ], [ 78.0662, 27.3943 ], [ 78.0617, 27.3859 ], [ 78.0478, 27.3857 ], [ 78.043, 27.3748 ], [ 78.0635, 27.3713 ], [ 78.0764, 27.3633 ], [ 78.079, 27.3587 ], [ 78.0697, 27.3551 ], [ 78.0653, 27.3421 ], [ 78.0507, 27.3455 ], [ 78.0382, 27.3533 ], [ 78.0315, 27.3487 ], [ 78.0301, 27.3396 ], [ 78.0222, 27.339 ], [ 78.0123, 27.3302 ], [ 78.0025, 27.3334 ], [ 78.0046, 27.327 ], [ 77.9964, 27.3321 ], [ 77.9754, 27.3312 ], [ 77.9719, 27.319 ], [ 77.9824, 27.3094 ], [ 77.9817, 27.2896 ], [ 77.9715, 27.2838 ], [ 77.9203, 27.3233 ] ] ] } },
{ "type": "Feature", "properties": { "unit_id": "IND.34.38.1_1", "unit_name": "Jalaun", "district": "Jalaun", "did": "uttar_pradesh:Jalaun", "state": "Uttar Pradesh", "state_key": "uttar_pradesh", "name_ok": true }, "geometry": { "type": "Polygon", "coordinates": [ [ [ 79.1007, 26.4117 ], [ 79.1172, 26.4171 ], [ 79.1191, 26.4329 ], [ 79.1268, 26.4448 ], [ 79.1491, 26.4441 ], [ 79.1719, 26.4354 ], [ 79.1788, 26.4363 ], [ 79.1837, 26.4306 ], [ 79.1991, 26.4364 ], [ 79.2059, 26.4437 ], [ 79.2175, 26.4333 ], [ 79.2377, 26.4331 ], [ 79.284, 26.448 ], [ 79.2939, 26.4417 ], [ 79.3033, 26.4222 ], [ 79.333, 26.4069 ], [ 79.3562, 26.4112 ], [ 79.4276, 26.437 ], [ 79.4497, 26.4396 ], [ 79.4655, 26.4367 ], [ 79.4733, 26.4304 ], [ 79.4825, 26.4121 ], [ 79.4851, 26.3866 ], [ 79.505, 26.3538 ], [ 79.5176, 26.348 ], [ 79.5171, 26.3419 ], [ 79.5066, 26.3284 ], [ 79.4834, 26.3247 ], [ 79.4778, 26.3193 ], [ 79.4705, 26.3011 ], [ 79.4737, 26.2948 ], [ 79.4671, 26.2805 ], [ 79.4625, 26.2812 ], [ 79.4479, 26.268 ], [ 79.4523, 26.2618 ], [ 79.447, 26.2578 ], [ 79.4447, 26.2477 ], [ 79.4541, 26.2416 ], [ 79.4507, 26.2318 ], [ 79.4555, 26.2293 ], [ 79.4467, 26.2033 ], [ 79.4422, 26.1976 ], [ 79.4369, 26.2013 ], [ 79.4267, 26.1928 ], [ 79.4221, 26.1984 ], [ 79.4138, 26.1826 ], [ 79.4203, 26.1781 ], [ 79.4203, 26.1693 ], [ 79.4418, 26.1733 ], [ 79.4494, 26.1715 ], [ 79.448, 26.1668 ], [ 79.4551, 26.1623 ], [ 79.465, 26.1647 ], [ 79.4704, 26.1623 ], [ 79.459, 26.1445 ], [ 79.4534, 26.1463 ], [ 79.4482, 26.1417 ], [ 79.4418, 26.1322 ], [ 79.4477, 26.1264 ], [ 79.44, 26.1234 ], [ 79.4619, 26.1053 ], [ 79.4582, 26.0999 ], [ 79.4481, 26.1011 ], [ 79.4401, 26.084 ], [ 79.4316, 26.0839 ], [ 79.4238, 26.0688 ], [ 79.4023, 26.0748 ], [ 79.3936, 26.0668 ], [ 79.3802, 26.0712 ], [ 79.3736, 26.0797 ], [ 79.3604, 26.0636 ], [ 79.3671, 26.0592 ], [ 79.367, 26.0506 ], [ 79.3736, 26.0495 ], [ 79.3738, 26.0459 ], [ 79.3618, 26.0389 ], [ 79.3509, 26.0407 ], [ 79.3469, 26.0451 ], [ 79.3361, 26.0452 ], [ 79.3316, 26.0352 ], [ 79.321, 26.0404 ], [ 79.31, 26.0286 ], [ 79.305, 26.029 ], [ 79.304, 26.0238 ], [ 79.3091, 26.0222 ], [ 79.3001, 26.0145 ], [ 79.2617, 26.0287 ], [ 79.2573, 26.0378 ], [ 79.2617, 26.0563 ], [ 79.2521, 26.0643 ], [ 79.2509, 26.0755 ], [ 79.2286, 26.0877 ], [ 79.2312, 26.0943 ], [ 79.2268, 26.0969 ], [ 79.2315, 26.1196 ], [ 79.2213, 26.1264 ], [ 79.2241, 26.1347 ], [ 79.2378, 26.1362 ], [ 79.2318, 26.1473 ], [ 79.2438, 26.1677 ], [ 79.2457, 26.1917 ], [ 79.2421, 26.1978 ], [ 79.2265, 26.1965 ], [ 79.214, 26.2039 ], [ 79.2039, 26.2034 ], [ 79.2014, 26.1982 ], [ 79.1871, 26.2081 ], [ 79.1819, 26.2194 ], [ 79.1741, 26.2221 ], [ 79.17, 26.2141 ], [ 79.1547, 26.2222 ], [ 79.147, 26.2134 ], [ 79.1376, 26.2119 ], [ 79.1223, 26.2171 ], [ 79.1226, 26.2262 ], [ 79.113, 26.2392 ], [ 79.1132, 26.256 ], [ 79.0968, 26.265 ], [ 79.0877, 26.2655 ], [ 79.0836, 26.2724 ], [ 79.0864, 26.2837 ], [ 79.0831, 26.2939 ], [ 79.0938, 26.3119 ], [ 79.098, 26.3146 ], [ 79.1088, 26.3086 ], [ 79.1266, 26.316 ], [ 79.1272, 26.3214 ], [ 79.1157, 26.3285 ], [ 79.1156, 26.3351 ], [ 79.127, 26.3317 ], [ 79.125, 26.3379 ], [ 79.1337, 26.345 ], [ 79.1232, 26.3447 ], [ 79.1166, 26.3536 ], [ 79.1086, 26.3545 ], [ 79.1034, 26.3595 ], [ 79.1004, 26.3551 ], [ 79.0964, 26.3556 ], [ 79.0967, 26.3596 ], [ 79.0768, 26.3627 ], [ 79.0792, 26.3729 ], [ 79.0905, 26.3794 ], [ 79.0807, 26.4055 ], [ 79.0868, 26.4178 ], [ 79.1007, 26.4117 ] ] ] } },
{ "type": "Feature", "properties": { "unit_id": "IND.34.38.2_1", "unit_name": "Kalpi", "district": "Jalaun", "did": "uttar_pradesh:Jalaun", "state": "Uttar Pradesh", "state_key": "uttar_pradesh", "name_ok": true }, "geometry": { "type": "Polygon", "coordinates": [ [ [ 79.9378, 26.0625 ], [ 79.9374, 26.0347 ], [ 79.9108, 26.0336 ], [ 79.905, 26.0168 ], [ 79.9214, 26.0171 ], [ 79.9407, 26.0314 ], [ 79.9486, 26.0278 ], [ 79.9483, 26.0202 ], [ 79.9458, 26.012 ], [ 79.9351, 26.0033 ], [ 79.9255, 26.0036 ], [ 79.9212, 25.9927 ], [ 79.9281, 25.9854 ], [ 79.9141, 25.9691 ], [ 79.9037, 25.9752 ], [ 79.895, 25.9673 ], [ 79.8841, 25.9702 ], [ 79.8765, 25.9657 ], [ 79.8709, 25.9551 ], [ 79.8612, 25.9555 ], [ 79.854, 25.9604 ], [ 79.8676, 25.975 ], [ 79.8423, 25.9767 ], [ 79.8362, 25.9581 ], [ 79.8582, 25.9408 ], [ 79.8559, 25.907 ], [ 79.8619, 25.8868 ], [ 79.8497, 25.8846 ], [ 79.835, 25.8889 ], [ 79.8169, 25.916 ], [ 79.8065, 25.916 ], [ 79.8024, 25.9142 ], [ 79.8017, 25.9081 ], [ 79.8061, 25.889 ], [ 79.8036, 25.8738 ], [ 79.7974, 25.8693 ], [ 79.7805, 25.869 ], [ 79.7592, 25.878 ], [ 79.747, 25.9066 ], [ 79.7318, 25.9179 ], [ 79.7017, 25.9108 ], [ 79.6807, 25.9338 ], [ 79.6654, 25.9142 ], [ 79.6574, 25.9091 ], [ 79.6486, 25.911 ], [ 79.6323, 25.9297 ], [ 79.6222, 25.936 ], [ 79.6112, 25.9368 ], [ 79.6163, 25.9738 ], [ 79.5991, 25.9777 ], [ 79.6009, 25.9903 ], [ 79.5733, 26.0061 ], [ 79.5756, 26.0168 ], [ 79.565, 26.0116 ], [ 79.5538, 26.0183 ], [ 79.547, 26.0024 ], [ 79.5398, 26.0032 ], [ 79.5354, 26.0091 ], [ 79.5333, 26.0151 ], [ 79.5495, 26.0416 ], [ 79.5445, 26.0491 ], [ 79.5127, 26.0673 ], [ 79.5211, 26.0964 ], [ 79.4929, 26.1065 ], [ 79.4842, 26.1135 ], [ 79.4747, 26.1074 ], [ 79.4619, 26.1053 ], [ 79.44, 26.1234 ], [ 79.4477, 26.1264 ], [ 79.4418, 26.1322 ], [ 79.4482, 26.1417 ], [ 79.4534, 26.1463 ], [ 79.459, 26.1445 ], [ 79.4704, 26.1623 ], [ 79.465, 26.1647 ], [ 79.4551, 26.1623 ], [ 79.448, 26.1668 ], [ 79.4494, 26.1715 ], [ 79.4418, 26.1733 ], [ 79.4203, 26.1693 ], [ 79.4203, 26.1781 ], [ 79.4139, 26.1803 ], [ 79.4221, 26.1984 ], [ 79.4267, 26.1928 ], [ 79.4369, 26.2013 ], [ 79.4422, 26.1976 ], [ 79.4467, 26.2033 ], [ 79.4555, 26.2293 ], [ 79.4507, 26.2318 ], [ 79.4541, 26.2416 ], [ 79.4447, 26.2477 ], [ 79.447, 26.2578 ], [ 79.4523, 26.2618 ], [ 79.4479, 26.268 ], [ 79.4625, 26.2812 ], [ 79.4671, 26.2805 ], [ 79.4737, 26.2948 ], [ 79.4705, 26.3011 ], [ 79.4778, 26.3193 ], [ 79.4834, 26.3247 ], [ 79.5066, 26.3284 ], [ 79.5149, 26.3372 ], [ 79.5176, 26.348 ], [ 79.5327, 26.3541 ], [ 79.5459, 26.365 ], [ 79.5617, 26.3664 ], [ 79.5662, 26.3603 ], [ 79.5607, 26.3444 ], [ 79.5203, 26.3198 ], [ 79.5215, 26.3033 ], [ 79.5405, 26.2807 ], [ 79.5704, 26.2683 ], [ 79.5748, 26.2617 ], [ 79.6435, 26.2477 ], [ 79.6471, 26.2388 ], [ 79.6387, 26.2237 ], [ 79.6418, 26.2161 ], [ 79.6763, 26.2038 ], [ 79.7051, 26.1979 ], [ 79.7216, 26.1895 ], [ 79.7572, 26.1883 ], [ 79.7604, 26.1723 ], [ 79.737, 26.1497 ], [ 79.7363, 26.1399 ], [ 79.7636, 26.1309 ], [ 79.7783, 26.1137 ], [ 79.8034, 26.1073 ], [ 79.8304, 26.1062 ], [ 79.8594, 26.1197 ], [ 79.8903, 26.098 ], [ 79.9057, 26.0944 ], [ 79.9129, 26.096 ], [ 79.9378, 26.0625 ] ] ] } },
{ "type": "Feature", "properties": { "unit_id": "IND.34.38.3_1", "unit_name": "Konch", "district": "Jalaun", "did": "uttar_pradesh:Jalaun", "state": "Uttar Pradesh", "state_key": "uttar_pradesh", "name_ok": true }, "geometry": { "type": "Polygon", "coordinates": [ [ [ 78.9255, 25.9654 ], [ 78.9311, 25.9763 ], [ 78.9261, 25.9778 ], [ 78.9246, 25.9843 ], [ 78.9395, 25.9864 ], [ 78.9432, 25.9907 ], [ 78.9453, 26.0139 ], [ 78.9504, 26.0199 ], [ 78.9443, 26.037 ], [ 78.9682, 26.0592 ], [ 78.9758, 26.0599 ], [ 78.9825, 26.0738 ], [ 78.986, 26.0761 ], [ 78.9971, 26.0739 ], [ 79.0044, 26.0901 ], [ 79.0005, 26.0967 ], [ 78.9901, 26.0959 ], [ 78.9718, 26.1087 ], [ 78.9692, 26.1234 ], [ 78.9427, 26.1391 ], [ 78.9523, 26.1426 ], [ 78.9603, 26.1543 ], [ 78.9653, 26.1558 ], [ 78.9862, 26.1505 ], [ 79.0007, 26.155 ], [ 79.0034, 26.173 ], [ 78.9918, 26.1773 ], [ 78.9757, 26.1928 ], [ 78.9918, 26.204 ], [ 79.0023, 26.1968 ], [ 79.0149, 26.1975 ], [ 79.0099, 26.2049 ], [ 79.0206, 26.2086 ], [ 79.0169, 26.228 ], [ 79.0204, 26.2343 ], [ 79.0406, 26.2293 ], [ 79.046, 26.2335 ], [ 79.0571, 26.2329 ], [ 79.0556, 26.2396 ], [ 79.0627, 26.2469 ], [ 79.0584, 26.2539 ], [ 79.0489, 26.2537 ], [ 79.037, 26.267 ], [ 79.0485, 26.266 ], [ 79.0468, 26.2706 ], [ 79.0579, 26.2838 ], [ 79.0641, 26.2826 ], [ 79.0673, 26.2876 ], [ 79.0721, 26.2852 ], [ 79.0777, 26.2872 ], [ 79.0772, 26.2736 ], [ 79.0836, 26.2724 ], [ 79.0877, 26.2655 ], [ 79.0968, 26.265 ], [ 79.1132, 26.256 ], [ 79.113, 26.2392 ], [ 79.1226, 26.2262 ], [ 79.1223, 26.2171 ], [ 79.1376, 26.2119 ], [ 79.147, 26.2134 ], [ 79.1547, 26.2222 ], [ 79.17, 26.2141 ], [ 79.1741, 26.2221 ], [ 79.1819, 26.2194 ], [ 79.1871, 26.2081 ], [ 79.2014, 26.1982 ], [ 79.2039, 26.2034 ], [ 79.214, 26.2039 ], [ 79.2265, 26.1965 ], [ 79.2421, 26.1978 ], [ 79.2457, 26.1917 ], [ 79.2438, 26.1677 ], [ 79.2318, 26.1473 ], [ 79.2378, 26.1362 ], [ 79.2241, 26.1347 ], [ 79.2213, 26.1264 ], [ 79.2315, 26.1196 ], [ 79.2268, 26.0969 ], [ 79.2312, 26.0943 ], [ 79.2286, 26.0877 ], [ 79.2509, 26.0755 ], [ 79.2521, 26.0643 ], [ 79.2606, 26.0584 ], [ 79.2613, 26.0441 ], [ 79.2573, 26.0378 ], [ 79.2617, 26.0287 ], [ 79.2967, 26.0132 ], [ 79.2887, 26.0085 ], [ 79.2649, 26.0093 ], [ 79.259, 26.006 ], [ 79.2613, 25.9944 ], [ 79.2483, 25.9719 ], [ 79.2377, 25.9747 ], [ 79.2307, 25.9316 ], [ 79.2246, 25.9195 ], [ 79.2061, 25.9133 ], [ 79.2039, 25.907 ], [ 79.2104, 25.8905 ], [ 79.2233, 25.8891 ], [ 79.2212, 25.8746 ], [ 79.2133, 25.8635 ], [ 79.2144, 25.8496 ], [ 79.2215, 25.8375 ], [ 79.2206, 25.8211 ], [ 79.2296, 25.8088 ], [ 79.223, 25.8033 ], [ 79.2034, 25.7955 ], [ 79.1657, 25.8109 ], [ 79.1289, 25.8177 ], [ 79.1129, 25.8264 ], [ 79.1098, 25.8297 ], [ 79.1192, 25.8515 ], [ 79.1132, 25.854 ], [ 79.1192, 25.8708 ], [ 79.1091, 25.8718 ], [ 79.1067, 25.8595 ], [ 79.09, 25.8666 ], [ 79.1002, 25.8962 ], [ 79.0701, 25.8957 ], [ 79.0679, 25.8646 ], [ 79.0605, 25.8657 ], [ 79.0557, 25.8617 ], [ 79.0327, 25.873 ], [ 79.0366, 25.8852 ], [ 79.0271, 25.8927 ], [ 79.0228, 25.9091 ], [ 79.04, 25.9047 ], [ 79.0391, 25.8995 ], [ 79.0469, 25.8972 ], [ 79.0501, 25.9119 ], [ 79.0742, 25.91 ], [ 79.0779, 25.9218 ], [ 79.0343, 25.9327 ], [ 79.0305, 25.9405 ], [ 79.0109, 25.9456 ], [ 78.9958, 25.9388 ], [ 78.9715, 25.9487 ], [ 78.9574, 25.9416 ], [ 78.9418, 25.9521 ], [ 78.9274, 25.9555 ], [ 78.9255, 25.9654 ] ] ] } },
{ "type": "Feature", "properties": { "unit_id": "IND.34.38.4_1", "unit_name": "Orai", "district": "Jalaun", "did": "uttar_pradesh:Jalaun", "state": "Uttar Pradesh", "state_key": "uttar_pradesh", "name_ok": true }, "geometry": { "type": "Polygon", "coordinates": [ [ [ 79.6024, 25.9339 ], [ 79.5976, 25.9276 ], [ 79.6082, 25.9103 ], [ 79.6049, 25.9035 ], [ 79.567, 25.8905 ], [ 79.5309, 25.9006 ], [ 79.517, 25.8942 ], [ 79.5146, 25.8858 ], [ 79.5232, 25.8694 ], [ 79.5355, 25.8678 ], [ 79.5578, 25.873 ], [ 79.5676, 25.8661 ], [ 79.568, 25.8585 ], [ 79.5457, 25.8276 ], [ 79.5366, 25.8247 ], [ 79.5293, 25.827 ], [ 79.5205, 25.8422 ], [ 79.4997, 25.8616 ], [ 79.4936, 25.8632 ], [ 79.4717, 25.8486 ], [ 79.4516, 25.8291 ], [ 79.4577, 25.8056 ], [ 79.4521, 25.7936 ], [ 79.4365, 25.7933 ], [ 79.4216, 25.8077 ], [ 79.4009, 25.8152 ], [ 79.3917, 25.8112 ], [ 79.3898, 25.8014 ], [ 79.3758, 25.7913 ], [ 79.3528, 25.7933 ], [ 79.3378, 25.7903 ], [ 79.3263, 25.7796 ], [ 79.312, 25.7747 ], [ 79.3045, 25.7838 ], [ 79.2893, 25.7907 ], [ 79.2838, 25.7974 ], [ 79.2938, 25.8138 ], [ 79.2878, 25.8208 ], [ 79.2734, 25.8186 ], [ 79.2658, 25.8015 ], [ 79.258, 25.7976 ], [ 79.2355, 25.812 ], [ 79.2303, 25.813 ], [ 79.2296, 25.8088 ], [ 79.2206, 25.8211 ], [ 79.2215, 25.8375 ], [ 79.2144, 25.8496 ], [ 79.2133, 25.8635 ], [ 79.2212, 25.8746 ], [ 79.2233, 25.8891 ], [ 79.2104, 25.8905 ], [ 79.2039, 25.907 ], [ 79.2061, 25.9133 ], [ 79.2246, 25.9195 ], [ 79.2307, 25.9316 ], [ 79.2377, 25.9747 ], [ 79.2483, 25.9719 ], [ 79.2613, 25.9944 ], [ 79.259, 26.006 ], [ 79.2649, 26.0093 ], [ 79.2887, 26.0085 ], [ 79.3001, 26.0145 ], [ 79.3091, 26.0222 ], [ 79.304, 26.0238 ], [ 79.305, 26.029 ], [ 79.31, 26.0286 ], [ 79.321, 26.0404 ], [ 79.3316, 26.0352 ], [ 79.3361, 26.0452 ], [ 79.3469, 26.0451 ], [ 79.3509, 26.0407 ], [ 79.3618, 26.0389 ], [ 79.3738, 26.0459 ], [ 79.3736, 26.0495 ], [ 79.367, 26.0506 ], [ 79.3671, 26.0592 ], [ 79.3604, 26.0636 ], [ 79.3736, 26.0797 ], [ 79.3802, 26.0712 ], [ 79.3936, 26.0668 ], [ 79.4023, 26.0748 ], [ 79.4238, 26.0688 ], [ 79.4316, 26.0839 ], [ 79.4401, 26.084 ], [ 79.4481, 26.1011 ], [ 79.4582, 26.0999 ], [ 79.4619, 26.1053 ], [ 79.4747, 26.1074 ], [ 79.4814, 26.1136 ], [ 79.5211, 26.0964 ], [ 79.5127, 26.0673 ], [ 79.5445, 26.0491 ], [ 79.5495, 26.0416 ], [ 79.5328, 26.0131 ], [ 79.5398, 26.0032 ], [ 79.547, 26.0024 ], [ 79.5538, 26.0183 ], [ 79.565, 26.0116 ], [ 79.5745, 26.0176 ], [ 79.5733, 26.0061 ], [ 79.6009, 25.9903 ], [ 79.5991, 25.9777 ], [ 79.6163, 25.9738 ], [ 79.6112, 25.9368 ], [ 79.6024, 25.9339 ] ] ] } },
{ "type": "Feature", "properties": { "unit_id": "IND.34.39.1_1", "unit_name": "Jaunpur", "district": "Jaunpur", "did": "uttar_pradesh:Jaunpur", "state": "Uttar Pradesh", "state_key": "uttar_pradesh", "name_ok": true }, "geometry": { "type": "Polygon", "coordinates": [ [ [ 82.7972, 25.7913 ], [ 82.8162, 25.7744 ], [ 82.8393, 25.7672 ], [ 82.8597, 25.7734 ], [ 82.8606, 25.7582 ], [ 82.8445, 25.7594 ], [ 82.8363, 25.7408 ], [ 82.8268, 25.7434 ], [ 82.8114, 25.7208 ], [ 82.8051, 25.7204 ], [ 82.7944, 25.7286 ], [ 82.7847, 25.722 ], [ 82.7758, 25.7106 ], [ 82.7804, 25.7033 ], [ 82.7779, 25.6942 ], [ 82.7593, 25.6839 ], [ 82.7533, 25.6869 ], [ 82.7493, 25.684 ], [ 82.7458, 25.6784 ], [ 82.7495, 25.67 ], [ 82.7417, 25.6565 ], [ 82.726, 25.6679 ], [ 82.7196, 25.6468 ], [ 82.7079, 25.6362 ], [ 82.6615, 25.6469 ], [ 82.6487, 25.6634 ], [ 82.6486, 25.6703 ], [ 82.6378, 25.6883 ], [ 82.6277, 25.6929 ], [ 82.6204, 25.6912 ], [ 82.6021, 25.6945 ], [ 82.597, 25.7049 ], [ 82.5895, 25.7091 ], [ 82.5528, 25.7147 ], [ 82.5462, 25.7041 ], [ 82.5268, 25.688 ], [ 82.5139, 25.7 ], [ 82.5137, 25.7107 ], [ 82.507, 25.71 ], [ 82.5117, 25.7268 ], [ 82.5064, 25.7304 ], [ 82.4852, 25.7253 ], [ 82.4759, 25.7192 ], [ 82.4677, 25.7194 ], [ 82.463, 25.7133 ], [ 82.4528, 25.7167 ], [ 82.4415, 25.7134 ], [ 82.4416, 25.7416 ], [ 82.4292, 25.7494 ], [ 82.423, 25.7624 ], [ 82.4249, 25.7666 ], [ 82.4433, 25.7738 ], [ 82.4496, 25.7921 ], [ 82.425, 25.8086 ], [ 82.3944, 25.8385 ], [ 82.4111, 25.8506 ], [ 82.4219, 25.8531 ], [ 82.4365, 25.8718 ], [ 82.4481, 25.8609 ], [ 82.5001, 25.8528 ], [ 82.5085, 25.866 ], [ 82.5155, 25.8672 ], [ 82.517, 25.8715 ], [ 82.5283, 25.8697 ], [ 82.5323, 25.8788 ], [ 82.5418, 25.8827 ], [ 82.5409, 25.8857 ], [ 82.5293, 25.8888 ], [ 82.5239, 25.8977 ], [ 82.5259, 25.9053 ], [ 82.5288, 25.907 ], [ 82.5327, 25.8965 ], [ 82.5401, 25.8931 ], [ 82.5537, 25.9083 ], [ 82.5633, 25.9009 ], [ 82.5808, 25.8979 ], [ 82.5832, 25.8874 ], [ 82.608, 25.8818 ], [ 82.6158, 25.8763 ], [ 82.6189, 25.8714 ], [ 82.6114, 25.8676 ], [ 82.6094, 25.8596 ], [ 82.6217, 25.8647 ], [ 82.6373, 25.8563 ], [ 82.644, 25.8597 ], [ 82.6503, 25.8512 ], [ 82.6712, 25.8447 ], [ 82.6758, 25.8449 ], [ 82.6799, 25.8623 ], [ 82.6946, 25.8489 ], [ 82.6977, 25.8558 ], [ 82.7098, 25.8562 ], [ 82.7107, 25.839 ], [ 82.7326, 25.836 ], [ 82.7338, 25.8479 ], [ 82.7288, 25.8509 ], [ 82.7297, 25.8552 ], [ 82.7469, 25.8615 ], [ 82.7568, 25.8609 ], [ 82.7593, 25.8541 ], [ 82.7492, 25.84 ], [ 82.7597, 25.8317 ], [ 82.7778, 25.8282 ], [ 82.7817, 25.8191 ], [ 82.8004, 25.8052 ], [ 82.7972, 25.7913 ] ] ] } },
{ "type": "Feature", "properties": { "unit_id": "IND.34.39.2_1", "unit_name": "Kirakat", "district": "Jaunpur", "did": "uttar_pradesh:Jaunpur", "state": "Uttar Pradesh", "state_key": "uttar_pradesh", "name_ok": true }, "geometry": { "type": "Polygon", "coordinates": [ [ [ 82.8814, 25.7708 ], [ 82.8903, 25.7757 ], [ 82.922, 25.7589 ], [ 82.9149, 25.7419 ], [ 82.9167, 25.7331 ], [ 82.9248, 25.7337 ], [ 82.9371, 25.707 ], [ 82.954, 25.7064 ], [ 82.9771, 25.6821 ], [ 82.9903, 25.6893 ], [ 82.9998, 25.7154 ], [ 83.0086, 25.7068 ], [ 83.0209, 25.7074 ], [ 83.0236, 25.7002 ], [ 83.0325, 25.7035 ], [ 83.0343, 25.692 ], [ 83.0439, 25.6898 ], [ 83.0468, 25.6855 ], [ 83.0694, 25.6842 ], [ 83.0694, 25.6733 ], [ 83.0559, 25.661 ], [ 83.0559, 25.6341 ], [ 83.0587, 25.6249 ], [ 83.0689, 25.6157 ], [ 83.0695, 25.6074 ], [ 83.0687, 25.6014 ], [ 83.0602, 25.5975 ], [ 83.0708, 25.5884 ], [ 83.0789, 25.5917 ], [ 83.0821, 25.5761 ], [ 83.0743, 25.5724 ], [ 83.0705, 25.5587 ], [ 83.0637, 25.5533 ], [ 83.0548, 25.5587 ], [ 83.0355, 25.5423 ], [ 83.0207, 25.5733 ], [ 83.0131, 25.5781 ], [ 82.997, 25.5562 ], [ 83.0012, 25.5565 ], [ 83.0028, 25.551 ], [ 82.9973, 25.5491 ], [ 82.9872, 25.555 ], [ 82.9739, 25.5565 ], [ 82.9564, 25.5295 ], [ 82.9458, 25.5274 ], [ 82.9363, 25.5329 ], [ 82.9381, 25.5457 ], [ 82.9279, 25.5672 ], [ 82.9212, 25.5728 ], [ 82.8882, 25.5724 ], [ 82.8711, 25.5685 ], [ 82.8581, 25.5828 ], [ 82.8461, 25.5663 ], [ 82.8303, 25.5705 ], [ 82.8284, 25.5556 ], [ 82.7917, 25.5555 ], [ 82.7849, 25.545 ], [ 82.777, 25.5462 ], [ 82.773, 25.5329 ], [ 82.7661, 25.5318 ], [ 82.7523, 25.5441 ], [ 82.7396, 25.5463 ], [ 82.7425, 25.5621 ], [ 82.7279, 25.5643 ], [ 82.7219, 25.5781 ], [ 82.7005, 25.5829 ], [ 82.692, 25.5906 ], [ 82.6887, 25.5966 ], [ 82.6964, 25.6171 ], [ 82.6861, 25.6362 ], [ 82.6933, 25.6395 ], [ 82.7102, 25.6367 ], [ 82.7196, 25.6468 ], [ 82.7281, 25.6691 ], [ 82.7381, 25.6569 ], [ 82.7428, 25.6572 ], [ 82.7495, 25.67 ], [ 82.7458, 25.6784 ], [ 82.7493, 25.684 ], [ 82.7533, 25.6869 ], [ 82.7593, 25.6839 ], [ 82.7779, 25.6942 ], [ 82.7804, 25.7033 ], [ 82.7758, 25.7106 ], [ 82.7837, 25.7211 ], [ 82.7944, 25.7286 ], [ 82.8051, 25.7204 ], [ 82.8114, 25.7208 ], [ 82.8268, 25.7434 ], [ 82.8363, 25.7408 ], [ 82.8445, 25.7594 ], [ 82.8599, 25.7572 ], [ 82.8597, 25.7734 ], [ 82.8814, 25.7708 ] ] ] } },
{ "type": "Feature", "properties": { "unit_id": "IND.34.39.3_1", "unit_name": "Machhlishahr", "district": "Jaunpur", "did": "uttar_pradesh:Jaunpur", "state": "Uttar Pradesh", "state_key": "uttar_pradesh", "name_ok": true }, "geometry": { "type": "Polygon", "coordinates": [ [ [ 82.3173, 25.5465 ], [ 82.3041, 25.5521 ], [ 82.2809, 25.5472 ], [ 82.2773, 25.5556 ], [ 82.2573, 25.5669 ], [ 82.2368, 25.5705 ], [ 82.2436, 25.5828 ], [ 82.2199, 25.5912 ], [ 82.2061, 25.5914 ], [ 82.1958, 25.5777 ], [ 82.1922, 25.588 ], [ 82.1739, 25.5847 ], [ 82.1666, 25.5897 ], [ 82.1614, 25.6025 ], [ 82.1456, 25.6042 ], [ 82.1263, 25.6331 ], [ 82.1122, 25.6469 ], [ 82.1153, 25.6504 ], [ 82.1354, 25.655 ], [ 82.1298, 25.661 ], [ 82.1338, 25.6708 ], [ 82.1432, 25.6739 ], [ 82.1472, 25.6826 ], [ 82.1552, 25.6867 ], [ 82.162, 25.7078 ], [ 82.175, 25.7041 ], [ 82.1804, 25.7148 ], [ 82.1879, 25.7435 ], [ 82.1768, 25.7656 ], [ 82.188, 25.7663 ], [ 82.188, 25.7686 ], [ 82.1848, 25.7727 ], [ 82.1761, 25.7721 ], [ 82.1723, 25.7822 ], [ 82.1608, 25.7937 ], [ 82.1641, 25.8038 ], [ 82.1743, 25.8054 ], [ 82.1679, 25.824 ], [ 82.1708, 25.8295 ], [ 82.176, 25.8333 ], [ 82.1983, 25.823 ], [ 82.1989, 25.8312 ], [ 82.2055, 25.8344 ], [ 82.2095, 25.8418 ], [ 82.2346, 25.8342 ], [ 82.2496, 25.8371 ], [ 82.2615, 25.8506 ], [ 82.2699, 25.8456 ], [ 82.2825, 25.8676 ], [ 82.282, 25.8814 ], [ 82.2874, 25.8953 ], [ 82.3071, 25.9044 ], [ 82.3249, 25.9037 ], [ 82.3376, 25.9185 ], [ 82.3487, 25.9087 ], [ 82.3657, 25.917 ], [ 82.3744, 25.9117 ], [ 82.4054, 25.9131 ], [ 82.4129, 25.9214 ], [ 82.4216, 25.897 ], [ 82.4182, 25.888 ], [ 82.4251, 25.8817 ], [ 82.4321, 25.8811 ], [ 82.4365, 25.8718 ], [ 82.4219, 25.8531 ], [ 82.4111, 25.8506 ], [ 82.3944, 25.8385 ], [ 82.425, 25.8086 ], [ 82.4496, 25.7921 ], [ 82.4433, 25.7738 ], [ 82.4249, 25.7666 ], [ 82.423, 25.761 ], [ 82.4292, 25.7494 ], [ 82.4409, 25.7429 ], [ 82.4426, 25.7382 ], [ 82.4426, 25.7267 ], [ 82.4337, 25.7198 ], [ 82.4317, 25.7003 ], [ 82.4367, 25.6865 ], [ 82.448, 25.6807 ], [ 82.4437, 25.6654 ], [ 82.4499, 25.6564 ], [ 82.4433, 25.6523 ], [ 82.428, 25.6615 ], [ 82.4167, 25.638 ], [ 82.4093, 25.6373 ], [ 82.4051, 25.6274 ], [ 82.3973, 25.6214 ], [ 82.3923, 25.622 ], [ 82.3851, 25.6095 ], [ 82.39, 25.5923 ], [ 82.386, 25.5819 ], [ 82.3952, 25.5751 ], [ 82.3909, 25.5663 ], [ 82.3936, 25.5578 ], [ 82.3888, 25.5523 ], [ 82.3899, 25.5424 ], [ 82.3811, 25.5324 ], [ 82.3879, 25.5245 ], [ 82.3847, 25.5235 ], [ 82.3848, 25.5166 ], [ 82.3643, 25.5219 ], [ 82.3614, 25.5206 ], [ 82.3672, 25.5113 ], [ 82.3466, 25.5154 ], [ 82.3406, 25.5313 ], [ 82.3217, 25.5392 ], [ 82.3173, 25.5465 ] ] ] } },
{ "type": "Feature", "properties": { "unit_id": "IND.34.39.4_1", "unit_name": "Mariahu", "district": "Jaunpur", "did": "uttar_pradesh:Jaunpur", "state": "Uttar Pradesh", "state_key": "uttar_pradesh", "name_ok": true }, "geometry": { "type": "Polygon", "coordinates": [ [ [ 82.4415, 25.7134 ], [ 82.4528, 25.7167 ], [ 82.4624, 25.7132 ], [ 82.4677, 25.7194 ], [ 82.4759, 25.7192 ], [ 82.4852, 25.7253 ], [ 82.502, 25.7306 ], [ 82.511, 25.7284 ], [ 82.507, 25.71 ], [ 82.5137, 25.7107 ], [ 82.5139, 25.7 ], [ 82.5268, 25.688 ], [ 82.5462, 25.7041 ], [ 82.5528, 25.7147 ], [ 82.5925, 25.7081 ], [ 82.6021, 25.6945 ], [ 82.6204, 25.6912 ], [ 82.6277, 25.6929 ], [ 82.6378, 25.6883 ], [ 82.6486, 25.6703 ], [ 82.6487, 25.6634 ], [ 82.6615, 25.6469 ], [ 82.6933, 25.6395 ], [ 82.6859, 25.6343 ], [ 82.6964, 25.6171 ], [ 82.689, 25.5981 ], [ 82.6908, 25.5924 ], [ 82.7005, 25.5829 ], [ 82.7219, 25.5781 ], [ 82.7279, 25.5643 ], [ 82.7432, 25.5611 ], [ 82.7392, 25.5473 ], [ 82.7258, 25.5484 ], [ 82.7053, 25.5344 ], [ 82.7161, 25.5242 ], [ 82.7172, 25.5115 ], [ 82.7153, 25.5049 ], [ 82.7073, 25.5033 ], [ 82.702, 25.4854 ], [ 82.7277, 25.4736 ], [ 82.7278, 25.4649 ], [ 82.6968, 25.4598 ], [ 82.6941, 25.45 ], [ 82.7081, 25.4449 ], [ 82.7118, 25.4375 ], [ 82.6799, 25.4327 ], [ 82.6759, 25.4145 ], [ 82.6844, 25.3965 ], [ 82.6661, 25.4025 ], [ 82.6461, 25.4018 ], [ 82.6193, 25.3954 ], [ 82.6101, 25.3968 ], [ 82.6085, 25.4021 ], [ 82.613, 25.4066 ], [ 82.6268, 25.4034 ], [ 82.6306, 25.4088 ], [ 82.6085, 25.4196 ], [ 82.5906, 25.4201 ], [ 82.605, 25.4433 ], [ 82.603, 25.4505 ], [ 82.5979, 25.4533 ], [ 82.5723, 25.4543 ], [ 82.5742, 25.4319 ], [ 82.565, 25.4176 ], [ 82.5577, 25.4263 ], [ 82.5563, 25.4496 ], [ 82.5438, 25.4635 ], [ 82.5334, 25.4651 ], [ 82.533, 25.4615 ], [ 82.5342, 25.4562 ], [ 82.5455, 25.4506 ], [ 82.5421, 25.4412 ], [ 82.532, 25.4397 ], [ 82.5062, 25.4446 ], [ 82.5057, 25.4558 ], [ 82.4944, 25.4776 ], [ 82.4831, 25.4797 ], [ 82.4612, 25.471 ], [ 82.4576, 25.477 ], [ 82.471, 25.4892 ], [ 82.4404, 25.498 ], [ 82.4359, 25.52 ], [ 82.4176, 25.519 ], [ 82.4059, 25.5073 ], [ 82.4103, 25.5004 ], [ 82.4036, 25.4934 ], [ 82.3902, 25.5213 ], [ 82.3811, 25.5302 ], [ 82.3899, 25.5424 ], [ 82.3888, 25.5523 ], [ 82.3936, 25.5578 ], [ 82.3909, 25.5663 ], [ 82.3952, 25.5751 ], [ 82.386, 25.5819 ], [ 82.39, 25.5923 ], [ 82.3845, 25.6063 ], [ 82.3923, 25.622 ], [ 82.4029, 25.6254 ], [ 82.4093, 25.6373 ], [ 82.4153, 25.6368 ], [ 82.4194, 25.6412 ], [ 82.4208, 25.6518 ], [ 82.428, 25.6615 ], [ 82.4433, 25.6523 ], [ 82.4493, 25.6548 ], [ 82.4437, 25.6654 ], [ 82.448, 25.6807 ], [ 82.4367, 25.6865 ], [ 82.4317, 25.7003 ], [ 82.4343, 25.7217 ], [ 82.4426, 25.7267 ], [ 82.4415, 25.7134 ] ] ] } },
{ "type": "Feature", "properties": { "unit_id": "IND.34.39.5_1", "unit_name": "Shahganj", "district": "Jaunpur", "did": "uttar_pradesh:Jaunpur", "state": "Uttar Pradesh", "state_key": "uttar_pradesh", "name_ok": true }, "geometry": { "type": "Polygon", "coordinates": [ [ [ 82.6711, 26.147 ], [ 82.661, 26.1474 ], [ 82.6596, 26.1441 ], [ 82.6655, 26.133 ], [ 82.6635, 26.1269 ], [ 82.6731, 26.1196 ], [ 82.6717, 26.11 ], [ 82.6749, 26.1064 ], [ 82.6981, 26.0973 ], [ 82.6923, 26.0709 ], [ 82.7003, 26.066 ], [ 82.706, 26.0553 ], [ 82.6944, 26.0507 ], [ 82.6926, 26.0436 ], [ 82.7125, 26.0454 ], [ 82.713, 26.0379 ], [ 82.6978, 26.0297 ], [ 82.6999, 26.0272 ], [ 82.724, 26.0282 ], [ 82.7172, 26.0006 ], [ 82.7187, 25.9926 ], [ 82.7261, 25.9853 ], [ 82.7273, 25.9729 ], [ 82.7362, 25.968 ], [ 82.7453, 25.9457 ], [ 82.7446, 25.9377 ], [ 82.7521, 25.9345 ], [ 82.7486, 25.9284 ], [ 82.7549, 25.9263 ], [ 82.7647, 25.8975 ], [ 82.7584, 25.8964 ], [ 82.7586, 25.8858 ], [ 82.7666, 25.8843 ], [ 82.7558, 25.8692 ], [ 82.7568, 25.8609 ], [ 82.7469, 25.8615 ], [ 82.7297, 25.8552 ], [ 82.7288, 25.8509 ], [ 82.7338, 25.8479 ], [ 82.7326, 25.836 ], [ 82.7107, 25.839 ], [ 82.7098, 25.8562 ], [ 82.6977, 25.8558 ], [ 82.6946, 25.8489 ], [ 82.6799, 25.8623 ], [ 82.6758, 25.8449 ], [ 82.6712, 25.8447 ], [ 82.6503, 25.8512 ], [ 82.644, 25.8597 ], [ 82.6373, 25.8563 ], [ 82.6217, 25.8647 ], [ 82.6094, 25.8596 ], [ 82.6114, 25.8676 ], [ 82.6189, 25.8714 ], [ 82.6158, 25.8763 ], [ 82.608, 25.8818 ], [ 82.5832, 25.8874 ], [ 82.5808, 25.8979 ], [ 82.5633, 25.9009 ], [ 82.5537, 25.9083 ], [ 82.5401, 25.8931 ], [ 82.5327, 25.8965 ], [ 82.5288, 25.907 ], [ 82.5259, 25.9053 ], [ 82.5239, 25.8977 ], [ 82.5293, 25.8888 ], [ 82.5409, 25.8857 ], [ 82.5418, 25.8827 ], [ 82.5323, 25.8788 ], [ 82.5283, 25.8697 ], [ 82.517, 25.8715 ], [ 82.5155, 25.8672 ], [ 82.5085, 25.866 ], [ 82.5001, 25.8528 ], [ 82.4481, 25.8609 ], [ 82.4321, 25.8811 ], [ 82.419, 25.8866 ], [ 82.4216, 25.897 ], [ 82.4153, 25.9074 ], [ 82.418, 25.913 ], [ 82.4153, 25.92 ], [ 82.4095, 25.9209 ], [ 82.4074, 25.9135 ], [ 82.3871, 25.9141 ], [ 82.3796, 25.9239 ], [ 82.3845, 25.9377 ], [ 82.372, 25.9357 ], [ 82.3709, 25.9431 ], [ 82.3522, 25.9456 ], [ 82.347, 25.957 ], [ 82.3382, 25.9615 ], [ 82.3431, 25.9664 ], [ 82.3553, 25.969 ], [ 82.3619, 25.9851 ], [ 82.3952, 25.9764 ], [ 82.4144, 25.9813 ], [ 82.4188, 25.9859 ], [ 82.4277, 25.9848 ], [ 82.4282, 25.9904 ], [ 82.4212, 25.9915 ], [ 82.4184, 25.996 ], [ 82.4232, 26.0124 ], [ 82.4359, 26.0089 ], [ 82.4684, 26.0084 ], [ 82.4757, 26.0044 ], [ 82.4801, 25.9757 ], [ 82.4989, 25.9824 ], [ 82.5016, 25.9886 ], [ 82.4948, 25.994 ], [ 82.5147, 26.0044 ], [ 82.5129, 26.0155 ], [ 82.5007, 26.0193 ], [ 82.5073, 26.0347 ], [ 82.4963, 26.0433 ], [ 82.482, 26.0459 ], [ 82.4702, 26.0415 ], [ 82.4576, 26.0479 ], [ 82.458, 26.0572 ], [ 82.454, 26.0575 ], [ 82.4558, 26.0662 ], [ 82.4653, 26.066 ], [ 82.4697, 26.0742 ], [ 82.4677, 26.0792 ], [ 82.458, 26.0778 ], [ 82.4526, 26.0811 ], [ 82.438, 26.1 ], [ 82.4282, 26.1016 ], [ 82.4279, 26.1063 ], [ 82.4368, 26.1156 ], [ 82.4358, 26.1363 ], [ 82.4456, 26.1381 ], [ 82.4686, 26.1341 ], [ 82.4741, 26.1456 ], [ 82.4789, 26.1475 ], [ 82.4886, 26.1375 ], [ 82.494, 26.1373 ], [ 82.5029, 26.1432 ], [ 82.5087, 26.1415 ], [ 82.5125, 26.1464 ], [ 82.5268, 26.1493 ], [ 82.5335, 26.1413 ], [ 82.5607, 26.1346 ], [ 82.5662, 26.1432 ], [ 82.5556, 26.1478 ], [ 82.5679, 26.1561 ], [ 82.5633, 26.1582 ], [ 82.5625, 26.1669 ], [ 82.5732, 26.1707 ], [ 82.5752, 26.1915 ], [ 82.5828, 26.1819 ], [ 82.5897, 26.1847 ], [ 82.5916, 26.1996 ], [ 82.6018, 26.1969 ], [ 82.6109, 26.1863 ], [ 82.6176, 26.185 ], [ 82.6182, 26.1749 ], [ 82.6446, 26.1774 ], [ 82.6337, 26.1699 ], [ 82.6327, 26.163 ], [ 82.6488, 26.1696 ], [ 82.657, 26.1679 ], [ 82.6731, 26.1547 ], [ 82.6711, 26.147 ] ] ] } },
{ "type": "Feature", "properties": { "unit_id": "IND.34.40.1_1", "unit_name": "Garautha", "district": "Jhansi", "did": "uttar_pradesh:Jhansi", "state": "Uttar Pradesh", "state_key": "uttar_pradesh", "name_ok": true }, "geometry": { "type": "Polygon", "coordinates": [ [ [ 79.3938, 25.7935 ], [ 79.3908, 25.7834 ], [ 79.381, 25.7801 ], [ 79.3617, 25.7816 ], [ 79.3555, 25.7772 ], [ 79.3665, 25.7658 ], [ 79.3675, 25.7515 ], [ 79.392, 25.7457 ], [ 79.3854, 25.7346 ], [ 79.366, 25.7207 ], [ 79.3648, 25.7043 ], [ 79.3794, 25.6902 ], [ 79.3712, 25.6704 ], [ 79.3792, 25.6643 ], [ 79.3956, 25.6621 ], [ 79.398, 25.6577 ], [ 79.3873, 25.6524 ], [ 79.3599, 25.6541 ], [ 79.3527, 25.6482 ], [ 79.3704, 25.6255 ], [ 79.3667, 25.6077 ], [ 79.3813, 25.5823 ], [ 79.4053, 25.5885 ], [ 79.4101, 25.5882 ], [ 79.4128, 25.5823 ], [ 79.3943, 25.5722 ], [ 79.4019, 25.5542 ], [ 79.4009, 25.5465 ], [ 79.3811, 25.5269 ], [ 79.3705, 25.5045 ], [ 79.3548, 25.4903 ], [ 79.3605, 25.4672 ], [ 79.3249, 25.4363 ], [ 79.3326, 25.4068 ], [ 79.3168, 25.404 ], [ 79.306, 25.3901 ], [ 79.2918, 25.3809 ], [ 79.2684, 25.3854 ], [ 79.2366, 25.3995 ], [ 79.2223, 25.3916 ], [ 79.1973, 25.3973 ], [ 79.1815, 25.3852 ], [ 79.1875, 25.3995 ], [ 79.1865, 25.4105 ], [ 79.1726, 25.4018 ], [ 79.1597, 25.4065 ], [ 79.1472, 25.3989 ], [ 79.1435, 25.4028 ], [ 79.1516, 25.4158 ], [ 79.1366, 25.4195 ], [ 79.1229, 25.4282 ], [ 79.0904, 25.4357 ], [ 79.0884, 25.4464 ], [ 79.0841, 25.4464 ], [ 79.0821, 25.4225 ], [ 79.0766, 25.418 ], [ 79.055, 25.4305 ], [ 79.0603, 25.4389 ], [ 79.0566, 25.4509 ], [ 79.0329, 25.4346 ], [ 79.0158, 25.4501 ], [ 79.0208, 25.4558 ], [ 79.0158, 25.4634 ], [ 79.0197, 25.4849 ], [ 78.9925, 25.4868 ], [ 78.9869, 25.4923 ], [ 78.9666, 25.5245 ], [ 78.9665, 25.5379 ], [ 78.969, 25.5502 ], [ 78.9788, 25.5579 ], [ 78.9871, 25.5928 ], [ 78.9986, 25.5875 ], [ 78.9949, 25.5755 ], [ 79.0076, 25.5654 ], [ 79.0159, 25.5744 ], [ 79.0336, 25.571 ], [ 79.0375, 25.5797 ], [ 79.0408, 25.5779 ], [ 79.0423, 25.599 ], [ 79.0515, 25.6085 ], [ 79.0459, 25.6219 ], [ 79.0367, 25.6248 ], [ 79.0385, 25.6312 ], [ 79.0321, 25.6341 ], [ 79.0265, 25.6498 ], [ 79.0239, 25.6476 ], [ 79.0081, 25.6514 ], [ 79.0065, 25.6438 ], [ 79.0013, 25.645 ], [ 78.997, 25.6355 ], [ 78.9758, 25.6419 ], [ 78.9692, 25.6471 ], [ 79.0034, 25.685 ], [ 79.011, 25.7087 ], [ 79.0316, 25.7171 ], [ 79.0466, 25.738 ], [ 79.0564, 25.7562 ], [ 79.0471, 25.7699 ], [ 79.0755, 25.8006 ], [ 79.0884, 25.8271 ], [ 79.0965, 25.8309 ], [ 79.1098, 25.8297 ], [ 79.1289, 25.8177 ], [ 79.1657, 25.8109 ], [ 79.2056, 25.7951 ], [ 79.223, 25.8033 ], [ 79.2303, 25.813 ], [ 79.258, 25.7976 ], [ 79.2658, 25.8015 ], [ 79.2734, 25.8186 ], [ 79.2878, 25.8208 ], [ 79.2938, 25.8138 ], [ 79.2838, 25.7974 ], [ 79.2893, 25.7907 ], [ 79.3045, 25.7838 ], [ 79.312, 25.7747 ], [ 79.3263, 25.7796 ], [ 79.3378, 25.7903 ], [ 79.3528, 25.7933 ], [ 79.3758, 25.7913 ], [ 79.3898, 25.8014 ], [ 79.3938, 25.7935 ] ] ] } },
{ "type": "Feature", "properties": { "unit_id": "IND.34.40.2_1", "unit_name": "Jhansi", "district": "Jhansi", "did": "uttar_pradesh:Jhansi", "state": "Uttar Pradesh", "state_key": "uttar_pradesh", "name_ok": true }, "geometry": { "type": "Polygon", "coordinates": [ [ [ 78.6202, 25.5736 ], [ 78.6234, 25.571 ], [ 78.6486, 25.5656 ], [ 78.673, 25.5918 ], [ 78.688, 25.5952 ], [ 78.6923, 25.5854 ], [ 78.706, 25.5819 ], [ 78.7253, 25.5617 ], [ 78.7278, 25.544 ], [ 78.7399, 25.545 ], [ 78.758, 25.5317 ], [ 78.7747, 25.5307 ], [ 78.7771, 25.5233 ], [ 78.7708, 25.5155 ], [ 78.7418, 25.5075 ], [ 78.7318, 25.5007 ], [ 78.7263, 25.4901 ], [ 78.7246, 25.4633 ], [ 78.7324, 25.4557 ], [ 78.7481, 25.4484 ], [ 78.76, 25.4306 ], [ 78.7654, 25.43 ], [ 78.7895, 25.442 ], [ 78.8035, 25.4382 ], [ 78.8129, 25.4304 ], [ 78.8077, 25.4252 ], [ 78.7946, 25.4266 ], [ 78.7454, 25.4155 ], [ 78.7405, 25.4065 ], [ 78.7416, 25.3986 ], [ 78.7512, 25.4053 ], [ 78.7586, 25.4041 ], [ 78.7589, 25.3935 ], [ 78.7529, 25.3903 ], [ 78.7612, 25.3822 ], [ 78.7653, 25.3604 ], [ 78.7498, 25.3521 ], [ 78.7357, 25.3492 ], [ 78.7252, 25.354 ], [ 78.7136, 25.353 ], [ 78.7038, 25.3586 ], [ 78.709, 25.3787 ], [ 78.6928, 25.3877 ], [ 78.6839, 25.3805 ], [ 78.6716, 25.3846 ], [ 78.6738, 25.3912 ], [ 78.6694, 25.3929 ], [ 78.6649, 25.388 ], [ 78.6579, 25.388 ], [ 78.652, 25.4131 ], [ 78.6565, 25.4201 ], [ 78.6649, 25.4045 ], [ 78.6691, 25.4039 ], [ 78.7002, 25.4261 ], [ 78.6998, 25.4323 ], [ 78.6892, 25.4454 ], [ 78.6817, 25.4474 ], [ 78.6749, 25.4381 ], [ 78.658, 25.4438 ], [ 78.649, 25.4424 ], [ 78.6454, 25.4379 ], [ 78.6388, 25.4404 ], [ 78.6325, 25.433 ], [ 78.6368, 25.4141 ], [ 78.6286, 25.4065 ], [ 78.6192, 25.407 ], [ 78.6144, 25.4163 ], [ 78.6035, 25.4171 ], [ 78.5946, 25.4091 ], [ 78.5883, 25.3921 ], [ 78.5789, 25.3901 ], [ 78.5634, 25.3979 ], [ 78.5611, 25.3957 ], [ 78.5569, 25.3841 ], [ 78.5601, 25.382 ], [ 78.5703, 25.3848 ], [ 78.5778, 25.3771 ], [ 78.5795, 25.3606 ], [ 78.5762, 25.3519 ], [ 78.556, 25.3486 ], [ 78.5351, 25.364 ], [ 78.5281, 25.3659 ], [ 78.5251, 25.363 ], [ 78.5234, 25.3583 ], [ 78.5304, 25.3521 ], [ 78.5315, 25.3349 ], [ 78.5415, 25.3266 ], [ 78.5251, 25.3065 ], [ 78.5051, 25.3021 ], [ 78.5003, 25.3041 ], [ 78.4922, 25.3238 ], [ 78.4693, 25.3033 ], [ 78.4671, 25.293 ], [ 78.4485, 25.3033 ], [ 78.4352, 25.3025 ], [ 78.4298, 25.297 ], [ 78.4287, 25.2808 ], [ 78.4445, 25.27 ], [ 78.454, 25.2706 ], [ 78.4967, 25.2939 ], [ 78.5053, 25.2815 ], [ 78.5209, 25.288 ], [ 78.5252, 25.2855 ], [ 78.5285, 25.2745 ], [ 78.557, 25.2693 ], [ 78.5686, 25.2586 ], [ 78.5626, 25.226 ], [ 78.5268, 25.188 ], [ 78.5001, 25.1748 ], [ 78.4811, 25.152 ], [ 78.4429, 25.1288 ], [ 78.4229, 25.1454 ], [ 78.4183, 25.1535 ], [ 78.4209, 25.1576 ], [ 78.442, 25.1574 ], [ 78.4465, 25.169 ], [ 78.4439, 25.1726 ], [ 78.4282, 25.1696 ], [ 78.4173, 25.1728 ], [ 78.4036, 25.1889 ], [ 78.3854, 25.1952 ], [ 78.3839, 25.206 ], [ 78.3978, 25.2178 ], [ 78.3955, 25.2212 ], [ 78.3752, 25.2258 ], [ 78.3689, 25.2417 ], [ 78.3545, 25.2461 ], [ 78.3622, 25.2654 ], [ 78.3451, 25.283 ], [ 78.3452, 25.2979 ], [ 78.3165, 25.3046 ], [ 78.308, 25.311 ], [ 78.3154, 25.3207 ], [ 78.3278, 25.3276 ], [ 78.3313, 25.3367 ], [ 78.3232, 25.3553 ], [ 78.2962, 25.365 ], [ 78.2955, 25.3748 ], [ 78.2997, 25.3838 ], [ 78.3107, 25.3851 ], [ 78.3303, 25.401 ], [ 78.3352, 25.4311 ], [ 78.3476, 25.4548 ], [ 78.3527, 25.4553 ], [ 78.361, 25.4466 ], [ 78.3774, 25.4484 ], [ 78.3857, 25.4542 ], [ 78.3938, 25.4713 ], [ 78.4014, 25.473 ], [ 78.4067, 25.4792 ], [ 78.4207, 25.4776 ], [ 78.4195, 25.4905 ], [ 78.4094, 25.5043 ], [ 78.4096, 25.5186 ], [ 78.4143, 25.5153 ], [ 78.4167, 25.5178 ], [ 78.4087, 25.5329 ], [ 78.4293, 25.5639 ], [ 78.4371, 25.5644 ], [ 78.445, 25.555 ], [ 78.4552, 25.552 ], [ 78.4621, 25.5675 ], [ 78.4863, 25.5822 ], [ 78.5114, 25.573 ], [ 78.5275, 25.5729 ], [ 78.5418, 25.5651 ], [ 78.5655, 25.5679 ], [ 78.5812, 25.5643 ], [ 78.5903, 25.5752 ], [ 78.598, 25.5756 ], [ 78.6057, 25.5889 ], [ 78.6181, 25.587 ], [ 78.6202, 25.5736 ] ] ] } },
{ "type": "Feature", "properties": { "unit_id": "IND.34.40.3_1", "unit_name": "Mau Ranipur", "district": "Jhansi", "did": "uttar_pradesh:Jhansi", "state": "Uttar Pradesh", "state_key": "uttar_pradesh", "name_ok": true }, "geometry": { "type": "Polygon", "coordinates": [ [ [ 79.2601, 25.3102 ], [ 79.256, 25.2917 ], [ 79.2595, 25.2714 ], [ 79.262, 25.2677 ], [ 79.2711, 25.2665 ], [ 79.2865, 25.2811 ], [ 79.2878, 25.2902 ], [ 79.3039, 25.2654 ], [ 79.31, 25.2619 ], [ 79.3187, 25.2631 ], [ 79.3319, 25.2763 ], [ 79.3401, 25.2728 ], [ 79.3445, 25.2643 ], [ 79.3409, 25.2561 ], [ 79.3411, 25.2305 ], [ 79.3395, 25.2281 ], [ 79.332, 25.232 ], [ 79.3291, 25.2299 ], [ 79.347, 25.2142 ], [ 79.3326, 25.2008 ], [ 79.3258, 25.2108 ], [ 79.3253, 25.2224 ], [ 79.3108, 25.2195 ], [ 79.3005, 25.2274 ], [ 79.2933, 25.2402 ], [ 79.284, 25.2465 ], [ 79.2736, 25.2481 ], [ 79.2815, 25.2271 ], [ 79.2788, 25.1974 ], [ 79.2835, 25.1895 ], [ 79.3019, 25.1753 ], [ 79.3145, 25.1519 ], [ 79.301, 25.1308 ], [ 79.2822, 25.1335 ], [ 79.2765, 25.1203 ], [ 79.27, 25.1262 ], [ 79.2601, 25.1221 ], [ 79.2581, 25.124 ], [ 79.2545, 25.1305 ], [ 79.2621, 25.1412 ], [ 79.256, 25.1573 ], [ 79.2458, 25.162 ], [ 79.2252, 25.1582 ], [ 79.2139, 25.1484 ], [ 79.2225, 25.1456 ], [ 79.2249, 25.1402 ], [ 79.2375, 25.1428 ], [ 79.2435, 25.1408 ], [ 79.2377, 25.1313 ], [ 79.2397, 25.1178 ], [ 79.2228, 25.1233 ], [ 79.2064, 25.1138 ], [ 79.2071, 25.1244 ], [ 79.1962, 25.1317 ], [ 79.1967, 25.1429 ], [ 79.1849, 25.1511 ], [ 79.1668, 25.1423 ], [ 79.1688, 25.1316 ], [ 79.1799, 25.1288 ], [ 79.1793, 25.1177 ], [ 79.1724, 25.1185 ], [ 79.1689, 25.1119 ], [ 79.1566, 25.1119 ], [ 79.1382, 25.1184 ], [ 79.1334, 25.1111 ], [ 79.1208, 25.1134 ], [ 79.1148, 25.1178 ], [ 79.1251, 25.1292 ], [ 79.1078, 25.1437 ], [ 79.1204, 25.1642 ], [ 79.0906, 25.1762 ], [ 79.0843, 25.1925 ], [ 79.0641, 25.1725 ], [ 79.0581, 25.1508 ], [ 79.0489, 25.1475 ], [ 79.0431, 25.1382 ], [ 79.0218, 25.1432 ], [ 79.0358, 25.1739 ], [ 79.0246, 25.1866 ], [ 79.0428, 25.2101 ], [ 79.0485, 25.2098 ], [ 79.0551, 25.2172 ], [ 79.0564, 25.2257 ], [ 79.0265, 25.2347 ], [ 79.0294, 25.2493 ], [ 79.0121, 25.2482 ], [ 79.016, 25.2652 ], [ 79.0124, 25.274 ], [ 79.005, 25.277 ], [ 78.9868, 25.275 ], [ 78.9712, 25.2449 ], [ 78.9947, 25.2337 ], [ 78.9933, 25.2222 ], [ 79.0004, 25.2161 ], [ 78.9958, 25.1959 ], [ 78.9824, 25.1992 ], [ 78.9639, 25.2194 ], [ 78.9483, 25.2202 ], [ 78.9242, 25.2106 ], [ 78.8934, 25.1732 ], [ 78.8771, 25.1622 ], [ 78.8739, 25.1633 ], [ 78.8674, 25.19 ], [ 78.8824, 25.2111 ], [ 78.8671, 25.2325 ], [ 78.8759, 25.2558 ], [ 78.8846, 25.2472 ], [ 78.8917, 25.2455 ], [ 78.9086, 25.2744 ], [ 78.9183, 25.2752 ], [ 78.9258, 25.2678 ], [ 78.9406, 25.2627 ], [ 78.9484, 25.2659 ], [ 78.9438, 25.2801 ], [ 78.9475, 25.2837 ], [ 78.97, 25.2852 ], [ 78.9703, 25.2911 ], [ 78.9528, 25.3119 ], [ 78.9558, 25.3478 ], [ 78.9529, 25.3499 ], [ 78.9276, 25.3317 ], [ 78.9245, 25.3419 ], [ 78.9189, 25.346 ], [ 78.9147, 25.3464 ], [ 78.9079, 25.3394 ], [ 78.8852, 25.3467 ], [ 78.8765, 25.3445 ], [ 78.8756, 25.334 ], [ 78.8564, 25.317 ], [ 78.8669, 25.311 ], [ 78.8724, 25.2882 ], [ 78.8623, 25.2831 ], [ 78.8418, 25.2292 ], [ 78.8351, 25.2332 ], [ 78.8056, 25.2709 ], [ 78.8117, 25.2998 ], [ 78.8037, 25.302 ], [ 78.7933, 25.2931 ], [ 78.7832, 25.2976 ], [ 78.7919, 25.3148 ], [ 78.8146, 25.311 ], [ 78.8167, 25.3166 ], [ 78.8266, 25.3199 ], [ 78.8333, 25.3313 ], [ 78.8435, 25.3324 ], [ 78.8454, 25.3387 ], [ 78.8359, 25.347 ], [ 78.8377, 25.3522 ], [ 78.8747, 25.3877 ], [ 78.9011, 25.3893 ], [ 78.9154, 25.3996 ], [ 78.931, 25.4032 ], [ 78.9494, 25.4002 ], [ 78.9512, 25.3965 ], [ 78.9389, 25.3891 ], [ 78.9311, 25.3771 ], [ 78.8954, 25.3808 ], [ 78.8925, 25.3753 ], [ 78.897, 25.3652 ], [ 78.9172, 25.36 ], [ 78.9286, 25.3518 ], [ 78.9387, 25.3528 ], [ 78.9484, 25.37 ], [ 78.9553, 25.3731 ], [ 78.9745, 25.3726 ], [ 78.9785, 25.376 ], [ 78.9758, 25.3887 ], [ 78.9682, 25.3966 ], [ 78.9655, 25.4115 ], [ 78.9689, 25.4251 ], [ 78.9601, 25.4389 ], [ 78.9426, 25.4417 ], [ 78.9291, 25.4283 ], [ 78.9032, 25.4469 ], [ 78.9134, 25.4521 ], [ 78.9197, 25.4622 ], [ 78.93, 25.4686 ], [ 78.9361, 25.4878 ], [ 78.9714, 25.477 ], [ 78.9855, 25.4775 ], [ 78.9852, 25.4869 ], [ 78.9723, 25.4907 ], [ 78.9739, 25.4934 ], [ 78.9889, 25.4862 ], [ 79.0197, 25.4849 ], [ 79.0158, 25.4634 ], [ 79.0208, 25.4558 ], [ 79.017, 25.4484 ], [ 79.0329, 25.4346 ], [ 79.0566, 25.4509 ], [ 79.0603, 25.4389 ], [ 79.055, 25.4305 ], [ 79.0766, 25.418 ], [ 79.0821, 25.4225 ], [ 79.0841, 25.4464 ], [ 79.0884, 25.4464 ], [ 79.0904, 25.4357 ], [ 79.1229, 25.4282 ], [ 79.1366, 25.4195 ], [ 79.1516, 25.4158 ], [ 79.1435, 25.4028 ], [ 79.1472, 25.3989 ], [ 79.1597, 25.4065 ], [ 79.1726, 25.4018 ], [ 79.1865, 25.4105 ], [ 79.1875, 25.3995 ], [ 79.1815, 25.3852 ], [ 79.1973, 25.3973 ], [ 79.2223, 25.3916 ], [ 79.2366, 25.3995 ], [ 79.2684, 25.3854 ], [ 79.29, 25.3823 ], [ 79.2872, 25.3633 ], [ 79.2696, 25.3439 ], [ 79.2765, 25.327 ], [ 79.2601, 25.3102 ] ] ] } },
{ "type": "Feature", "properties": { "unit_id": "IND.34.40.4_1", "unit_name": "Moth", "district": "Jhansi", "did": "uttar_pradesh:Jhansi", "state": "Uttar Pradesh", "state_key": "uttar_pradesh", "name_ok": true }, "geometry": { "type": "Polygon", "coordinates": [ [ [ 78.8943, 25.9259 ], [ 78.9098, 25.9461 ], [ 78.9238, 25.9528 ], [ 78.9211, 25.9508 ], [ 78.9295, 25.9494 ], [ 78.9274, 25.9555 ], [ 78.9418, 25.9521 ], [ 78.9574, 25.9416 ], [ 78.9715, 25.9487 ], [ 78.9958, 25.9388 ], [ 79.0109, 25.9456 ], [ 79.0305, 25.9405 ], [ 79.0343, 25.9327 ], [ 79.0783, 25.9207 ], [ 79.0742, 25.91 ], [ 79.0501, 25.9119 ], [ 79.0469, 25.8972 ], [ 79.0391, 25.8995 ], [ 79.04, 25.9047 ], [ 79.0228, 25.9091 ], [ 79.0271, 25.8927 ], [ 79.0366, 25.8852 ], [ 79.0327, 25.873 ], [ 79.0557, 25.8617 ], [ 79.0605, 25.8657 ], [ 79.0679, 25.8646 ], [ 79.0701, 25.8957 ], [ 79.1002, 25.8962 ], [ 79.09, 25.8666 ], [ 79.1067, 25.8595 ], [ 79.1091, 25.8718 ], [ 79.1192, 25.8708 ], [ 79.1132, 25.854 ], [ 79.1192, 25.8515 ], [ 79.1098, 25.8297 ], [ 79.0965, 25.8309 ], [ 79.0884, 25.8271 ], [ 79.0755, 25.8006 ], [ 79.0471, 25.7699 ], [ 79.0564, 25.7562 ], [ 79.0466, 25.738 ], [ 79.0316, 25.7171 ], [ 79.011, 25.7087 ], [ 79.0034, 25.685 ], [ 78.9701, 25.6502 ], [ 78.9692, 25.6471 ], [ 78.9758, 25.6419 ], [ 78.997, 25.6355 ], [ 79.0013, 25.645 ], [ 79.0065, 25.6438 ], [ 79.0081, 25.6514 ], [ 79.0239, 25.6476 ], [ 79.0265, 25.6498 ], [ 79.0321, 25.6341 ], [ 79.0385, 25.6312 ], [ 79.0367, 25.6248 ], [ 79.0459, 25.6219 ], [ 79.0515, 25.6085 ], [ 79.0423, 25.599 ], [ 79.0408, 25.5779 ], [ 79.0375, 25.5797 ], [ 79.0336, 25.571 ], [ 79.0159, 25.5744 ], [ 79.0076, 25.5654 ], [ 78.9949, 25.5755 ], [ 78.9986, 25.5875 ], [ 78.9924, 25.5917 ], [ 78.9855, 25.5902 ], [ 78.9788, 25.5579 ], [ 78.969, 25.5502 ], [ 78.9666, 25.5245 ], [ 78.9925, 25.4868 ], [ 78.9712, 25.493 ], [ 78.9852, 25.4869 ], [ 78.9831, 25.476 ], [ 78.9361, 25.4878 ], [ 78.9332, 25.4983 ], [ 78.9164, 25.5208 ], [ 78.9196, 25.5274 ], [ 78.9322, 25.5244 ], [ 78.9419, 25.5312 ], [ 78.9417, 25.5514 ], [ 78.9257, 25.56 ], [ 78.9168, 25.5413 ], [ 78.9104, 25.5593 ], [ 78.8811, 25.5602 ], [ 78.869, 25.5512 ], [ 78.8684, 25.5442 ], [ 78.8776, 25.5332 ], [ 78.876, 25.5243 ], [ 78.8339, 25.516 ], [ 78.8283, 25.51 ], [ 78.827, 25.5037 ], [ 78.8307, 25.4984 ], [ 78.846, 25.4914 ], [ 78.8572, 25.4671 ], [ 78.8537, 25.4523 ], [ 78.831, 25.432 ], [ 78.8197, 25.4378 ], [ 78.8139, 25.4463 ], [ 78.8165, 25.4489 ], [ 78.8372, 25.448 ], [ 78.8457, 25.4544 ], [ 78.8255, 25.4684 ], [ 78.7895, 25.4835 ], [ 78.773, 25.4828 ], [ 78.7605, 25.4758 ], [ 78.7436, 25.4849 ], [ 78.7361, 25.5043 ], [ 78.7708, 25.5155 ], [ 78.7771, 25.5233 ], [ 78.7747, 25.5307 ], [ 78.758, 25.5317 ], [ 78.7399, 25.545 ], [ 78.7278, 25.544 ], [ 78.7253, 25.5617 ], [ 78.706, 25.5819 ], [ 78.6923, 25.5854 ], [ 78.688, 25.5952 ], [ 78.7112, 25.6066 ], [ 78.7243, 25.6084 ], [ 78.7328, 25.6031 ], [ 78.741, 25.6039 ], [ 78.766, 25.6131 ], [ 78.7945, 25.6175 ], [ 78.8052, 25.6246 ], [ 78.8112, 25.6455 ], [ 78.8113, 25.6745 ], [ 78.7894, 25.6998 ], [ 78.7912, 25.7105 ], [ 78.7607, 25.7208 ], [ 78.748, 25.7327 ], [ 78.7455, 25.7441 ], [ 78.7513, 25.7527 ], [ 78.7624, 25.7523 ], [ 78.7658, 25.7589 ], [ 78.7758, 25.7615 ], [ 78.78, 25.7751 ], [ 78.7996, 25.7994 ], [ 78.8205, 25.7994 ], [ 78.8241, 25.8076 ], [ 78.8223, 25.8152 ], [ 78.8162, 25.8176 ], [ 78.804, 25.8102 ], [ 78.8005, 25.8129 ], [ 78.7989, 25.8182 ], [ 78.8112, 25.8301 ], [ 78.8158, 25.8311 ], [ 78.841, 25.8206 ], [ 78.8413, 25.8052 ], [ 78.8497, 25.7959 ], [ 78.8559, 25.7944 ], [ 78.8619, 25.7992 ], [ 78.8658, 25.8344 ], [ 78.8529, 25.8436 ], [ 78.8462, 25.8388 ], [ 78.844, 25.8453 ], [ 78.8466, 25.8605 ], [ 78.8578, 25.872 ], [ 78.868, 25.875 ], [ 78.8827, 25.8703 ], [ 78.8813, 25.8884 ], [ 78.8872, 25.899 ], [ 78.8764, 25.9157 ], [ 78.8943, 25.9259 ] ] ] } },
{ "type": "Feature", "properties": { "unit_id": "IND.34.41.1_1", "unit_name": "Chhibramau", "district": "Kannauj", "did": "uttar_pradesh:Kannauj", "state": "Uttar Pradesh", "state_key": "uttar_pradesh", "name_ok": true }, "geometry": { "type": "Polygon", "coordinates": [ [ [ 79.5932, 26.895 ], [ 79.5934, 26.8918 ], [ 79.5727, 26.8757 ], [ 79.5761, 26.8683 ], [ 79.5513, 26.8664 ], [ 79.5423, 26.8759 ], [ 79.5329, 26.8797 ], [ 79.521, 26.877 ], [ 79.5147, 26.8838 ], [ 79.5087, 26.8803 ], [ 79.4929, 26.8861 ], [ 79.4762, 26.8992 ], [ 79.4746, 26.9052 ], [ 79.4714, 26.9009 ], [ 79.4619, 26.9097 ], [ 79.4509, 26.9089 ], [ 79.4509, 26.9201 ], [ 79.4474, 26.9182 ], [ 79.4424, 26.9343 ], [ 79.4267, 26.9336 ], [ 79.4328, 26.9389 ], [ 79.4294, 26.9468 ], [ 79.4085, 26.9398 ], [ 79.3947, 26.9412 ], [ 79.3921, 26.9352 ], [ 79.3847, 26.9322 ], [ 79.3734, 26.9432 ], [ 79.3547, 26.9521 ], [ 79.3501, 26.9523 ], [ 79.3443, 26.9412 ], [ 79.3342, 26.9369 ], [ 79.3237, 26.9469 ], [ 79.3106, 26.9475 ], [ 79.311, 26.9574 ], [ 79.3179, 26.9662 ], [ 79.326, 26.9648 ], [ 79.3385, 26.9687 ], [ 79.3471, 26.9645 ], [ 79.3535, 26.9757 ], [ 79.3628, 26.9808 ], [ 79.3639, 26.9857 ], [ 79.3727, 26.9919 ], [ 79.3745, 27.0066 ], [ 79.3899, 27.0323 ], [ 79.3921, 27.0548 ], [ 79.403, 27.0629 ], [ 79.4175, 27.0657 ], [ 79.4245, 27.0726 ], [ 79.423, 27.087 ], [ 79.4308, 27.0994 ], [ 79.4214, 27.1022 ], [ 79.4078, 27.0976 ], [ 79.3865, 27.1038 ], [ 79.3806, 27.1217 ], [ 79.3814, 27.1263 ], [ 79.396, 27.1324 ], [ 79.4018, 27.1395 ], [ 79.4023, 27.1434 ], [ 79.3826, 27.1653 ], [ 79.3868, 27.1724 ], [ 79.3852, 27.2016 ], [ 79.4021, 27.2168 ], [ 79.403, 27.2315 ], [ 79.4174, 27.2317 ], [ 79.4289, 27.2191 ], [ 79.4382, 27.2163 ], [ 79.4604, 27.2173 ], [ 79.4735, 27.2143 ], [ 79.48, 27.2187 ], [ 79.5124, 27.2152 ], [ 79.5181, 27.1968 ], [ 79.527, 27.1926 ], [ 79.5396, 27.1722 ], [ 79.5522, 27.1646 ], [ 79.5644, 27.1683 ], [ 79.5765, 27.1676 ], [ 79.5894, 27.1741 ], [ 79.6008, 27.1911 ], [ 79.6065, 27.1933 ], [ 79.6234, 27.1895 ], [ 79.6533, 27.1716 ], [ 79.6666, 27.1741 ], [ 79.671, 27.1772 ], [ 79.6873, 27.22 ], [ 79.6946, 27.2239 ], [ 79.7094, 27.2169 ], [ 79.7161, 27.2222 ], [ 79.7242, 27.221 ], [ 79.7583, 27.2008 ], [ 79.753, 27.1932 ], [ 79.7486, 27.1971 ], [ 79.7325, 27.1786 ], [ 79.7395, 27.1712 ], [ 79.7389, 27.1645 ], [ 79.7511, 27.1632 ], [ 79.7636, 27.1565 ], [ 79.7497, 27.1409 ], [ 79.755, 27.1291 ], [ 79.7353, 27.1054 ], [ 79.7495, 27.0867 ], [ 79.7297, 27.0641 ], [ 79.7316, 27.0461 ], [ 79.7212, 27.0411 ], [ 79.7118, 27.0287 ], [ 79.7139, 27.0101 ], [ 79.6998, 26.9896 ], [ 79.6918, 26.9911 ], [ 79.6785, 26.978 ], [ 79.6812, 26.971 ], [ 79.6757, 26.9633 ], [ 79.6742, 26.9472 ], [ 79.6798, 26.9367 ], [ 79.6491, 26.9204 ], [ 79.6256, 26.9286 ], [ 79.6059, 26.8963 ], [ 79.5932, 26.895 ] ] ] } },
{ "type": "Feature", "properties": { "unit_id": "IND.34.41.2_1", "unit_name": "Kannauj", "district": "Kannauj", "did": "uttar_pradesh:Kannauj", "state": "Uttar Pradesh", "state_key": "uttar_pradesh", "name_ok": true }, "geometry": { "type": "Polygon", "coordinates": [ [ [ 79.7454, 26.7929 ], [ 79.7488, 26.8006 ], [ 79.7396, 26.8029 ], [ 79.7341, 26.8155 ], [ 79.7169, 26.8078 ], [ 79.707, 26.8121 ], [ 79.7079, 26.8181 ], [ 79.6922, 26.8296 ], [ 79.6984, 26.8409 ], [ 79.6893, 26.8441 ], [ 79.6659, 26.8666 ], [ 79.656, 26.8708 ], [ 79.6519, 26.8941 ], [ 79.6432, 26.8989 ], [ 79.6322, 26.8987 ], [ 79.615, 26.887 ], [ 79.6059, 26.8963 ], [ 79.6256, 26.9286 ], [ 79.6491, 26.9204 ], [ 79.6798, 26.9367 ], [ 79.6742, 26.9472 ], [ 79.6757, 26.9633 ], [ 79.6812, 26.971 ], [ 79.6785, 26.978 ], [ 79.6918, 26.9911 ], [ 79.6998, 26.9896 ], [ 79.7139, 27.0101 ], [ 79.7118, 27.0287 ], [ 79.7212, 27.0411 ], [ 79.7316, 27.0461 ], [ 79.7297, 27.0641 ], [ 79.7495, 27.0867 ], [ 79.7353, 27.1054 ], [ 79.755, 27.1291 ], [ 79.7497, 27.1409 ], [ 79.7636, 27.1565 ], [ 79.7511, 27.1632 ], [ 79.7389, 27.1645 ], [ 79.7395, 27.1712 ], [ 79.7325, 27.1786 ], [ 79.7486, 27.1971 ], [ 79.753, 27.1932 ], [ 79.7583, 27.2008 ], [ 79.7954, 27.174 ], [ 79.8498, 27.1786 ], [ 79.8572, 27.1752 ], [ 79.8472, 27.16 ], [ 79.8491, 27.1564 ], [ 79.8842, 27.1567 ], [ 79.8958, 27.1522 ], [ 79.9067, 27.129 ], [ 79.913, 27.1033 ], [ 79.925, 27.0979 ], [ 79.9348, 27.0854 ], [ 79.9634, 27.0773 ], [ 79.9653, 27.0407 ], [ 79.9777, 27.0274 ], [ 80.0058, 26.9825 ], [ 80.0112, 26.9582 ], [ 79.999, 26.9579 ], [ 79.9904, 26.9662 ], [ 79.986, 26.9641 ], [ 79.9708, 26.9524 ], [ 79.9851, 26.9408 ], [ 79.9736, 26.9325 ], [ 79.9678, 26.9453 ], [ 79.9589, 26.9471 ], [ 79.9536, 26.9559 ], [ 79.9352, 26.9494 ], [ 79.9363, 26.9345 ], [ 79.9314, 26.9285 ], [ 79.9419, 26.9269 ], [ 79.936, 26.9024 ], [ 79.944, 26.8956 ], [ 79.934, 26.88 ], [ 79.9562, 26.8653 ], [ 79.937, 26.8505 ], [ 79.9289, 26.852 ], [ 79.9196, 26.8592 ], [ 79.9066, 26.8525 ], [ 79.888, 26.8553 ], [ 79.8841, 26.8397 ], [ 79.8896, 26.822 ], [ 79.8858, 26.8178 ], [ 79.8802, 26.8162 ], [ 79.8591, 26.8306 ], [ 79.8509, 26.8325 ], [ 79.8427, 26.81 ], [ 79.8589, 26.8063 ], [ 79.858, 26.802 ], [ 79.8375, 26.7803 ], [ 79.8191, 26.7773 ], [ 79.81, 26.7807 ], [ 79.8053, 26.7891 ], [ 79.7997, 26.791 ], [ 79.7702, 26.7751 ], [ 79.7615, 26.7854 ], [ 79.7454, 26.7929 ] ] ] } },
{ "type": "Feature", "properties": { "unit_id": "IND.34.42.1_1", "unit_name": "Akbarpur", "district": "Kanpur Dehat", "did": "uttar_pradesh:Kanpur Dehat", "state": "Uttar Pradesh", "state_key": "uttar_pradesh", "name_ok": true }, "geometry": { "type": "Polygon", "coordinates": [ [ [ 79.9253, 26.6649 ], [ 79.9377, 26.662 ], [ 79.9642, 26.6753 ], [ 79.975, 26.6627 ], [ 79.9852, 26.66 ], [ 80.0075, 26.6456 ], [ 80.0138, 26.6136 ], [ 80.055, 26.6115 ], [ 80.056, 26.5987 ], [ 80.0607, 26.5943 ], [ 80.0771, 26.5979 ], [ 80.0804, 26.6038 ], [ 80.0869, 26.6031 ], [ 80.088, 26.5897 ], [ 80.0951, 26.5861 ], [ 80.1029, 26.5891 ], [ 80.1125, 26.5787 ], [ 80.1255, 26.5744 ], [ 80.1217, 26.5632 ], [ 80.1274, 26.5527 ], [ 80.1465, 26.56 ], [ 80.1497, 26.5528 ], [ 80.1405, 26.5519 ], [ 80.1347, 26.537 ], [ 80.1459, 26.5413 ], [ 80.1489, 26.5372 ], [ 80.1529, 26.5388 ], [ 80.1667, 26.5328 ], [ 80.1568, 26.5262 ], [ 80.1659, 26.5095 ], [ 80.139, 26.4954 ], [ 80.1328, 26.4968 ], [ 80.1385, 26.4819 ], [ 80.1476, 26.4761 ], [ 80.1422, 26.4721 ], [ 80.1228, 26.4811 ], [ 80.1236, 26.4721 ], [ 80.1167, 26.473 ], [ 80.116, 26.4643 ], [ 80.1241, 26.4535 ], [ 80.1256, 26.4324 ], [ 80.1319, 26.4253 ], [ 80.1284, 26.4206 ], [ 80.1304, 26.4081 ], [ 80.1392, 26.4107 ], [ 80.1441, 26.4085 ], [ 80.1374, 26.4062 ], [ 80.1392, 26.3984 ], [ 80.128, 26.3973 ], [ 80.138, 26.3873 ], [ 80.1462, 26.3873 ], [ 80.1466, 26.3843 ], [ 80.1387, 26.3821 ], [ 80.1311, 26.3716 ], [ 80.1425, 26.3712 ], [ 80.1401, 26.3665 ], [ 80.148, 26.3605 ], [ 80.1405, 26.3525 ], [ 80.148, 26.327 ], [ 80.1555, 26.3223 ], [ 80.1583, 26.3108 ], [ 80.1458, 26.3084 ], [ 80.1464, 26.3052 ], [ 80.1319, 26.3144 ], [ 80.1221, 26.3122 ], [ 80.1212, 26.2971 ], [ 80.1329, 26.2828 ], [ 80.1086, 26.2616 ], [ 80.1071, 26.2682 ], [ 80.0874, 26.2854 ], [ 80.0734, 26.2859 ], [ 80.0513, 26.2733 ], [ 80.0384, 26.2794 ], [ 80.0268, 26.2764 ], [ 80.0045, 26.2926 ], [ 79.9911, 26.294 ], [ 79.9763, 26.3034 ], [ 79.9689, 26.3018 ], [ 79.9563, 26.2878 ], [ 79.9517, 26.2877 ], [ 79.9354, 26.2973 ], [ 79.9416, 26.3276 ], [ 79.922, 26.3316 ], [ 79.9035, 26.3248 ], [ 79.8844, 26.3354 ], [ 79.8869, 26.3396 ], [ 79.8781, 26.3411 ], [ 79.8541, 26.3607 ], [ 79.8515, 26.3698 ], [ 79.8394, 26.3784 ], [ 79.839, 26.3895 ], [ 79.871, 26.4111 ], [ 79.8767, 26.4252 ], [ 79.9063, 26.4332 ], [ 79.8928, 26.4458 ], [ 79.8631, 26.4519 ], [ 79.8649, 26.4632 ], [ 79.8765, 26.4759 ], [ 79.862, 26.4876 ], [ 79.8487, 26.4908 ], [ 79.843, 26.5002 ], [ 79.8459, 26.5072 ], [ 79.8624, 26.5157 ], [ 79.8622, 26.5246 ], [ 79.8769, 26.5219 ], [ 79.8909, 26.529 ], [ 79.8991, 26.5382 ], [ 79.9056, 26.5391 ], [ 79.9103, 26.5457 ], [ 79.913, 26.5535 ], [ 79.9107, 26.5611 ], [ 79.9047, 26.5645 ], [ 79.9088, 26.573 ], [ 79.9052, 26.5882 ], [ 79.9227, 26.6275 ], [ 79.918, 26.6531 ], [ 79.9253, 26.6649 ] ] ] } },
{ "type": "Feature", "properties": { "unit_id": "IND.34.42.2_1", "unit_name": "Bilhaur", "district": "Kanpur Dehat", "did": "uttar_pradesh:Kanpur Dehat", "state": "Uttar Pradesh", "state_key": "uttar_pradesh", "name_ok": true }, "geometry": { "type": "Polygon", "coordinates": [ [ [ 79.8324, 26.7773 ], [ 79.858, 26.802 ], [ 79.8589, 26.8063 ], [ 79.8427, 26.81 ], [ 79.8509, 26.8325 ], [ 79.8591, 26.8306 ], [ 79.8802, 26.8162 ], [ 79.8886, 26.8198 ], [ 79.8897, 26.8237 ], [ 79.898, 26.8142 ], [ 79.9418, 26.7925 ], [ 79.9407, 26.787 ], [ 79.9479, 26.7787 ], [ 79.9463, 26.7593 ], [ 79.9535, 26.7538 ], [ 79.9574, 26.7427 ], [ 79.9734, 26.7344 ], [ 79.9806, 26.7194 ], [ 79.9762, 26.7011 ], [ 79.9906, 26.6956 ], [ 80.0032, 26.6504 ], [ 79.975, 26.6627 ], [ 79.9642, 26.6753 ], [ 79.9377, 26.662 ], [ 79.9253, 26.6649 ], [ 79.918, 26.6531 ], [ 79.9111, 26.6572 ], [ 79.9014, 26.6516 ], [ 79.8917, 26.656 ], [ 79.8809, 26.6557 ], [ 79.8797, 26.6629 ], [ 79.8723, 26.6679 ], [ 79.8738, 26.6714 ], [ 79.8649, 26.6811 ], [ 79.8735, 26.6854 ], [ 79.8716, 26.696 ], [ 79.856, 26.7111 ], [ 79.8513, 26.7318 ], [ 79.8366, 26.74 ], [ 79.8353, 26.7572 ], [ 79.8291, 26.76 ], [ 79.8321, 26.7659 ], [ 79.8219, 26.7706 ], [ 79.8168, 26.7783 ], [ 79.8324, 26.7773 ] ] ] } },
{ "type": "Feature", "properties": { "unit_id": "IND.34.42.3_1", "unit_name": "Derapur", "district": "Kanpur Dehat", "did": "uttar_pradesh:Kanpur Dehat", "state": "Uttar Pradesh", "state_key": "uttar_pradesh", "name_ok": true }, "geometry": { "type": "Polygon", "coordinates": [ [ [ 79.5693, 26.4383 ], [ 79.5617, 26.4517 ], [ 79.5638, 26.4547 ], [ 79.571, 26.4537 ], [ 79.5838, 26.4695 ], [ 79.5907, 26.4691 ], [ 79.5934, 26.4731 ], [ 79.5902, 26.4859 ], [ 79.6146, 26.4978 ], [ 79.6043, 26.5076 ], [ 79.6158, 26.5191 ], [ 79.6305, 26.5135 ], [ 79.6313, 26.5406 ], [ 79.6219, 26.5498 ], [ 79.6311, 26.5559 ], [ 79.6408, 26.5759 ], [ 79.6271, 26.5848 ], [ 79.629, 26.6058 ], [ 79.6362, 26.6132 ], [ 79.6445, 26.6094 ], [ 79.6529, 26.6209 ], [ 79.6655, 26.62 ], [ 79.675, 26.6339 ], [ 79.7025, 26.6542 ], [ 79.7141, 26.6711 ], [ 79.7069, 26.6807 ], [ 79.7128, 26.6953 ], [ 79.7075, 26.7107 ], [ 79.6946, 26.7226 ], [ 79.689, 26.7236 ], [ 79.6831, 26.7345 ], [ 79.6694, 26.7413 ], [ 79.6675, 26.7485 ], [ 79.7122, 26.7566 ], [ 79.724, 26.7708 ], [ 79.7341, 26.7702 ], [ 79.7383, 26.7735 ], [ 79.7499, 26.7889 ], [ 79.7615, 26.7854 ], [ 79.7702, 26.7751 ], [ 79.7903, 26.7883 ], [ 79.8036, 26.7903 ], [ 79.81, 26.7807 ], [ 79.8321, 26.7659 ], [ 79.8291, 26.76 ], [ 79.8353, 26.7572 ], [ 79.8366, 26.74 ], [ 79.8513, 26.7318 ], [ 79.856, 26.7111 ], [ 79.8716, 26.696 ], [ 79.8735, 26.6854 ], [ 79.8649, 26.6811 ], [ 79.8738, 26.6714 ], [ 79.8723, 26.6679 ], [ 79.8797, 26.6629 ], [ 79.8809, 26.6557 ], [ 79.8917, 26.656 ], [ 79.9014, 26.6516 ], [ 79.9111, 26.6572 ], [ 79.9212, 26.6469 ], [ 79.9214, 26.6215 ], [ 79.9158, 26.6159 ], [ 79.9052, 26.5882 ], [ 79.9088, 26.573 ], [ 79.9047, 26.5645 ], [ 79.9107, 26.5611 ], [ 79.913, 26.5535 ], [ 79.9103, 26.5457 ], [ 79.9056, 26.5391 ], [ 79.8991, 26.5382 ], [ 79.8909, 26.529 ], [ 79.8769, 26.5219 ], [ 79.8622, 26.5246 ], [ 79.8624, 26.5157 ], [ 79.8459, 26.5072 ], [ 79.843, 26.5002 ], [ 79.8487, 26.4908 ], [ 79.862, 26.4876 ], [ 79.8765, 26.4759 ], [ 79.8649, 26.4632 ], [ 79.8631, 26.4519 ], [ 79.8928, 26.4458 ], [ 79.9063, 26.4332 ], [ 79.8767, 26.4252 ], [ 79.871, 26.4111 ], [ 79.839, 26.3895 ], [ 79.8377, 26.382 ], [ 79.8455, 26.3743 ], [ 79.8239, 26.3712 ], [ 79.8082, 26.3517 ], [ 79.7895, 26.3651 ], [ 79.7788, 26.3459 ], [ 79.7717, 26.3575 ], [ 79.7601, 26.3629 ], [ 79.7498, 26.3574 ], [ 79.7341, 26.3742 ], [ 79.7295, 26.3748 ], [ 79.721, 26.3591 ], [ 79.7066, 26.3635 ], [ 79.6914, 26.3787 ], [ 79.6847, 26.3785 ], [ 79.6826, 26.3748 ], [ 79.6785, 26.386 ], [ 79.6572, 26.3944 ], [ 79.6432, 26.4077 ], [ 79.6342, 26.4035 ], [ 79.6217, 26.4071 ], [ 79.6143, 26.399 ], [ 79.5944, 26.4032 ], [ 79.5726, 26.4189 ], [ 79.5682, 26.4184 ], [ 79.5624, 26.427 ], [ 79.5693, 26.4383 ] ] ] } },
{ "type": "Feature", "properties": { "unit_id": "IND.34.42.4_1", "unit_name": "Pukhrayan", "district": "Kanpur Dehat", "did": "uttar_pradesh:Kanpur Dehat", "state": "Uttar Pradesh", "state_key": "uttar_pradesh", "name_ok": true }, "geometry": { "type": "Polygon", "coordinates": [ [ [ 79.5041, 26.3728 ], [ 79.5387, 26.4088 ], [ 79.5496, 26.4108 ], [ 79.5624, 26.427 ], [ 79.5682, 26.4184 ], [ 79.5726, 26.4189 ], [ 79.5944, 26.4032 ], [ 79.6143, 26.399 ], [ 79.6217, 26.4071 ], [ 79.6342, 26.4035 ], [ 79.6432, 26.4077 ], [ 79.6572, 26.3944 ], [ 79.6785, 26.386 ], [ 79.6826, 26.3748 ], [ 79.6847, 26.3785 ], [ 79.6914, 26.3787 ], [ 79.7066, 26.3635 ], [ 79.721, 26.3591 ], [ 79.7295, 26.3748 ], [ 79.7341, 26.3742 ], [ 79.7498, 26.3574 ], [ 79.7601, 26.3629 ], [ 79.7717, 26.3575 ], [ 79.7788, 26.3459 ], [ 79.7895, 26.3651 ], [ 79.8082, 26.3517 ], [ 79.8239, 26.3712 ], [ 79.8455, 26.3743 ], [ 79.8515, 26.3698 ], [ 79.8541, 26.3607 ], [ 79.8781, 26.3411 ], [ 79.8869, 26.3396 ], [ 79.8844, 26.3354 ], [ 79.9035, 26.3248 ], [ 79.922, 26.3316 ], [ 79.9416, 26.3276 ], [ 79.9354, 26.2973 ], [ 79.9414, 26.2923 ], [ 79.9563, 26.2878 ], [ 79.9689, 26.3018 ], [ 79.9763, 26.3034 ], [ 79.9911, 26.294 ], [ 80.0045, 26.2926 ], [ 80.0268, 26.2764 ], [ 80.023, 26.2689 ], [ 80.0048, 26.2667 ], [ 79.9928, 26.2474 ], [ 80.0025, 26.2392 ], [ 79.9946, 26.2229 ], [ 79.9993, 26.2197 ], [ 79.9961, 26.1987 ], [ 80.0076, 26.193 ], [ 80.0138, 26.1833 ], [ 80.0027, 26.1735 ], [ 79.9948, 26.1733 ], [ 79.9751, 26.1599 ], [ 79.9576, 26.1604 ], [ 79.9527, 26.166 ], [ 79.9442, 26.1673 ], [ 79.9312, 26.163 ], [ 79.9305, 26.13 ], [ 79.9161, 26.0968 ], [ 79.9057, 26.0944 ], [ 79.8903, 26.098 ], [ 79.8594, 26.1197 ], [ 79.8304, 26.1062 ], [ 79.7815, 26.1121 ], [ 79.7636, 26.1309 ], [ 79.7363, 26.1399 ], [ 79.737, 26.1497 ], [ 79.7604, 26.1723 ], [ 79.7572, 26.1883 ], [ 79.7216, 26.1895 ], [ 79.7051, 26.1979 ], [ 79.6763, 26.2038 ], [ 79.6418, 26.2161 ], [ 79.6387, 26.2237 ], [ 79.6471, 26.2388 ], [ 79.6435, 26.2477 ], [ 79.5748, 26.2617 ], [ 79.5704, 26.2683 ], [ 79.5334, 26.2866 ], [ 79.5215, 26.3033 ], [ 79.5203, 26.3198 ], [ 79.5607, 26.3444 ], [ 79.5662, 26.3603 ], [ 79.5617, 26.3664 ], [ 79.5459, 26.365 ], [ 79.5327, 26.3541 ], [ 79.5176, 26.348 ], [ 79.505, 26.3538 ], [ 79.495, 26.3693 ], [ 79.5041, 26.3728 ] ] ] } },
{ "type": "Feature", "properties": { "unit_id": "IND.34.43.1_1", "unit_name": "Bilhaur", "district": "Kanpur Nagar", "did": "uttar_pradesh:Kanpur Nagar", "state": "Uttar Pradesh", "state_key": "uttar_pradesh", "name_ok": true }, "geometry": { "type": "Polygon", "coordinates": [ [ [ 80.0182, 26.9452 ], [ 80.0421, 26.9247 ], [ 80.058, 26.9245 ], [ 80.0654, 26.9181 ], [ 80.081, 26.8998 ], [ 80.0788, 26.8932 ], [ 80.0974, 26.8772 ], [ 80.0955, 26.8433 ], [ 80.1122, 26.8012 ], [ 80.1106, 26.7809 ], [ 80.1238, 26.7483 ], [ 80.1319, 26.7379 ], [ 80.1476, 26.7275 ], [ 80.1772, 26.6922 ], [ 80.1947, 26.6884 ], [ 80.2238, 26.6927 ], [ 80.2362, 26.6874 ], [ 80.2498, 26.6749 ], [ 80.2747, 26.6399 ], [ 80.25, 26.6329 ], [ 80.2452, 26.6049 ], [ 80.2511, 26.5973 ], [ 80.2367, 26.5804 ], [ 80.2399, 26.5683 ], [ 80.2303, 26.5652 ], [ 80.2278, 26.5673 ], [ 80.2304, 26.5752 ], [ 80.2197, 26.5792 ], [ 80.2153, 26.5775 ], [ 80.2118, 26.5724 ], [ 80.2124, 26.5507 ], [ 80.2059, 26.5352 ], [ 80.1667, 26.5328 ], [ 80.1529, 26.5388 ], [ 80.1489, 26.5372 ], [ 80.1459, 26.5413 ], [ 80.1347, 26.537 ], [ 80.1405, 26.5519 ], [ 80.1497, 26.5528 ], [ 80.1465, 26.56 ], [ 80.1274, 26.5527 ], [ 80.1217, 26.5632 ], [ 80.1255, 26.5744 ], [ 80.1125, 26.5787 ], [ 80.1029, 26.5891 ], [ 80.0951, 26.5861 ], [ 80.088, 26.5897 ], [ 80.0869, 26.6031 ], [ 80.0804, 26.6038 ], [ 80.0771, 26.5979 ], [ 80.0607, 26.5943 ], [ 80.056, 26.5987 ], [ 80.055, 26.6115 ], [ 80.0138, 26.6136 ], [ 80.0075, 26.6456 ], [ 79.9978, 26.6607 ], [ 79.9984, 26.6712 ], [ 79.9906, 26.6956 ], [ 79.9762, 26.7011 ], [ 79.9806, 26.7194 ], [ 79.9734, 26.7344 ], [ 79.9574, 26.7427 ], [ 79.9535, 26.7538 ], [ 79.9463, 26.7593 ], [ 79.9479, 26.7787 ], [ 79.9407, 26.787 ], [ 79.9418, 26.7925 ], [ 79.898, 26.8142 ], [ 79.8845, 26.8347 ], [ 79.888, 26.8553 ], [ 79.9066, 26.8525 ], [ 79.9196, 26.8592 ], [ 79.9289, 26.852 ], [ 79.937, 26.8505 ], [ 79.9562, 26.8653 ], [ 79.934, 26.88 ], [ 79.944, 26.8956 ], [ 79.936, 26.9024 ], [ 79.9419, 26.9269 ], [ 79.9314, 26.9285 ], [ 79.9363, 26.9345 ], [ 79.9352, 26.9494 ], [ 79.9536, 26.9559 ], [ 79.9589, 26.9471 ], [ 79.9678, 26.9453 ], [ 79.9736, 26.9325 ], [ 79.9851, 26.9408 ], [ 79.9708, 26.9524 ], [ 79.986, 26.9641 ], [ 79.9904, 26.9662 ], [ 79.999, 26.9579 ], [ 80.0112, 26.9582 ], [ 80.0182, 26.9452 ] ] ] } },
{ "type": "Feature", "properties": { "unit_id": "IND.34.43.2_1", "unit_name": "Ghatampur", "district": "Kanpur Nagar", "did": "uttar_pradesh:Kanpur Nagar", "state": "Uttar Pradesh", "state_key": "uttar_pradesh", "name_ok": true }, "geometry": { "type": "Polygon", "coordinates": [ [ [ 80.4412, 26.1851 ], [ 80.4364, 26.1741 ], [ 80.4231, 26.1698 ], [ 80.4222, 26.1588 ], [ 80.3992, 26.166 ], [ 80.3805, 26.1495 ], [ 80.355, 26.1423 ], [ 80.3464, 26.1305 ], [ 80.3332, 26.1296 ], [ 80.3239, 26.1203 ], [ 80.3155, 26.1185 ], [ 80.3115, 26.1083 ], [ 80.3128, 26.0957 ], [ 80.3053, 26.0884 ], [ 80.3046, 26.0776 ], [ 80.2936, 26.0655 ], [ 80.2824, 26.0712 ], [ 80.2742, 26.0613 ], [ 80.2624, 26.0656 ], [ 80.2544, 26.0534 ], [ 80.2472, 26.0502 ], [ 80.2525, 26.0451 ], [ 80.2477, 26.0398 ], [ 80.2515, 26.0365 ], [ 80.2454, 26.0304 ], [ 80.2516, 26.026 ], [ 80.2415, 26.0124 ], [ 80.2393, 25.9953 ], [ 80.2069, 25.9727 ], [ 80.2087, 25.9677 ], [ 80.2187, 25.9626 ], [ 80.2281, 25.9274 ], [ 80.2056, 25.9223 ], [ 80.1867, 25.953 ], [ 80.1404, 25.9672 ], [ 80.1206, 25.9857 ], [ 80.0762, 26.0036 ], [ 80.0773, 26.0133 ], [ 80.088, 26.0174 ], [ 80.0998, 26.0296 ], [ 80.1056, 26.051 ], [ 80.0993, 26.0689 ], [ 80.0865, 26.083 ], [ 80.0669, 26.0849 ], [ 80.0188, 26.0748 ], [ 79.9845, 26.072 ], [ 79.9608, 26.0759 ], [ 79.9494, 26.0833 ], [ 79.9627, 26.1389 ], [ 79.9576, 26.1604 ], [ 79.9751, 26.1599 ], [ 79.9948, 26.1733 ], [ 80.0027, 26.1735 ], [ 80.0138, 26.1833 ], [ 80.0076, 26.193 ], [ 79.9961, 26.1987 ], [ 79.9993, 26.2197 ], [ 79.9946, 26.2229 ], [ 80.0025, 26.2392 ], [ 79.9928, 26.2474 ], [ 80.0008, 26.2625 ], [ 80.0082, 26.2689 ], [ 80.023, 26.2689 ], [ 80.0268, 26.2764 ], [ 80.0343, 26.2795 ], [ 80.0513, 26.2733 ], [ 80.078, 26.2867 ], [ 80.0926, 26.282 ], [ 80.1071, 26.2682 ], [ 80.1086, 26.2616 ], [ 80.1329, 26.2828 ], [ 80.1212, 26.2971 ], [ 80.1194, 26.3075 ], [ 80.1259, 26.3147 ], [ 80.1319, 26.3144 ], [ 80.1529, 26.3001 ], [ 80.1609, 26.2782 ], [ 80.1706, 26.2783 ], [ 80.167, 26.2843 ], [ 80.1766, 26.2819 ], [ 80.1839, 26.2843 ], [ 80.1871, 26.281 ], [ 80.1962, 26.2836 ], [ 80.2098, 26.2775 ], [ 80.2015, 26.2738 ], [ 80.2116, 26.27 ], [ 80.2125, 26.2581 ], [ 80.2212, 26.2623 ], [ 80.2225, 26.2549 ], [ 80.2486, 26.2644 ], [ 80.2592, 26.261 ], [ 80.2672, 26.2628 ], [ 80.272, 26.2596 ], [ 80.279, 26.2719 ], [ 80.2856, 26.272 ], [ 80.3088, 26.2858 ], [ 80.3207, 26.2816 ], [ 80.3277, 26.2875 ], [ 80.3397, 26.2805 ], [ 80.3694, 26.2846 ], [ 80.369, 26.2811 ], [ 80.3888, 26.2798 ], [ 80.3848, 26.273 ], [ 80.3897, 26.2692 ], [ 80.3873, 26.2644 ], [ 80.3908, 26.2537 ], [ 80.4058, 26.2416 ], [ 80.4006, 26.2341 ], [ 80.4062, 26.2328 ], [ 80.4111, 26.2137 ], [ 80.4203, 26.2082 ], [ 80.4318, 26.2085 ], [ 80.4418, 26.1987 ], [ 80.4584, 26.2021 ], [ 80.4658, 26.1857 ], [ 80.4412, 26.1851 ] ] ] } },
{ "type": "Feature", "properties": { "unit_id": "IND.34.43.3_1", "unit_name": "Kanpur", "district": "Kanpur Nagar", "did": "uttar_pradesh:Kanpur Nagar", "state": "Uttar Pradesh", "state_key": "uttar_pradesh", "name_ok": true }, "geometry": { "type": "Polygon", "coordinates": [ [ [ 80.5368, 26.2255 ], [ 80.5331, 26.2195 ], [ 80.5331, 26.204 ], [ 80.5147, 26.2036 ], [ 80.5116, 26.1979 ], [ 80.5156, 26.1962 ], [ 80.5063, 26.1921 ], [ 80.4896, 26.199 ], [ 80.4835, 26.1969 ], [ 80.472, 26.1821 ], [ 80.4658, 26.1857 ], [ 80.4584, 26.2021 ], [ 80.4418, 26.1987 ], [ 80.4318, 26.2085 ], [ 80.4203, 26.2082 ], [ 80.4111, 26.2137 ], [ 80.4062, 26.2328 ], [ 80.4006, 26.2341 ], [ 80.4058, 26.2416 ], [ 80.3908, 26.2537 ], [ 80.3873, 26.2644 ], [ 80.3897, 26.2692 ], [ 80.3848, 26.273 ], [ 80.3888, 26.2798 ], [ 80.369, 26.2811 ], [ 80.3694, 26.2846 ], [ 80.3397, 26.2805 ], [ 80.3277, 26.2875 ], [ 80.3207, 26.2816 ], [ 80.3088, 26.2858 ], [ 80.2856, 26.272 ], [ 80.279, 26.2719 ], [ 80.272, 26.2596 ], [ 80.2672, 26.2628 ], [ 80.2592, 26.261 ], [ 80.2486, 26.2644 ], [ 80.2225, 26.2549 ], [ 80.2212, 26.2623 ], [ 80.2125, 26.2581 ], [ 80.2116, 26.27 ], [ 80.2015, 26.2738 ], [ 80.2098, 26.2775 ], [ 80.1962, 26.2836 ], [ 80.1871, 26.281 ], [ 80.1839, 26.2843 ], [ 80.1766, 26.2819 ], [ 80.167, 26.2843 ], [ 80.1706, 26.2783 ], [ 80.1609, 26.2782 ], [ 80.1529, 26.3001 ], [ 80.1453, 26.3054 ], [ 80.1496, 26.3102 ], [ 80.1583, 26.3108 ], [ 80.1555, 26.3223 ], [ 80.148, 26.327 ], [ 80.1405, 26.3525 ], [ 80.148, 26.3605 ], [ 80.1401, 26.3665 ], [ 80.1425, 26.3712 ], [ 80.1311, 26.3716 ], [ 80.1387, 26.3821 ], [ 80.1466, 26.3843 ], [ 80.1462, 26.3873 ], [ 80.138, 26.3873 ], [ 80.128, 26.3973 ], [ 80.1392, 26.3984 ], [ 80.1374, 26.4062 ], [ 80.1441, 26.4085 ], [ 80.1392, 26.4107 ], [ 80.1304, 26.4081 ], [ 80.1284, 26.4206 ], [ 80.1319, 26.4253 ], [ 80.1256, 26.4324 ], [ 80.1275, 26.4381 ], [ 80.1241, 26.4535 ], [ 80.116, 26.4643 ], [ 80.1167, 26.473 ], [ 80.1236, 26.4721 ], [ 80.1228, 26.4811 ], [ 80.1422, 26.4721 ], [ 80.1476, 26.4761 ], [ 80.1385, 26.4819 ], [ 80.1328, 26.4968 ], [ 80.139, 26.4954 ], [ 80.1659, 26.5095 ], [ 80.1568, 26.5262 ], [ 80.1667, 26.5328 ], [ 80.2059, 26.5352 ], [ 80.2124, 26.5507 ], [ 80.2118, 26.5724 ], [ 80.2153, 26.5775 ], [ 80.2197, 26.5792 ], [ 80.2304, 26.5752 ], [ 80.2278, 26.5673 ], [ 80.2303, 26.5652 ], [ 80.2399, 26.5683 ], [ 80.2367, 26.5804 ], [ 80.2511, 26.5973 ], [ 80.2452, 26.6049 ], [ 80.2463, 26.6245 ], [ 80.2537, 26.6352 ], [ 80.2747, 26.6399 ], [ 80.2947, 26.611 ], [ 80.2869, 26.577 ], [ 80.2872, 26.553 ], [ 80.3006, 26.5308 ], [ 80.331, 26.4986 ], [ 80.3529, 26.4815 ], [ 80.3909, 26.4695 ], [ 80.3962, 26.4618 ], [ 80.3949, 26.4467 ], [ 80.4133, 26.4291 ], [ 80.5242, 26.3626 ], [ 80.5296, 26.342 ], [ 80.5281, 26.3268 ], [ 80.5456, 26.2934 ], [ 80.5537, 26.2612 ], [ 80.5516, 26.239 ], [ 80.558, 26.2316 ], [ 80.5368, 26.2255 ] ] ] } },
{ "type": "Feature", "properties": { "unit_id": "IND.34.44.1_1", "unit_name": "Aliganj", "district": "Kasganj", "did": "uttar_pradesh:Kasganj", "state": "Uttar Pradesh", "state_key": "uttar_pradesh", "name_ok": true }, "geometry": { "type": "Polygon", "coordinates": [ [ [ 78.9131, 27.8815 ], [ 78.9108, 27.8571 ], [ 78.9265, 27.8526 ], [ 78.9372, 27.8579 ], [ 78.955, 27.8568 ], [ 78.9653, 27.8727 ], [ 78.9771, 27.8792 ], [ 79.0062, 27.864 ], [ 78.9928, 27.846 ], [ 79.0119, 27.8483 ], [ 79.0365, 27.8429 ], [ 79.0624, 27.8495 ], [ 79.0892, 27.8372 ], [ 79.113, 27.8532 ], [ 79.1371, 27.8353 ], [ 79.1298, 27.8246 ], [ 79.1328, 27.8223 ], [ 79.1501, 27.8284 ], [ 79.1592, 27.7853 ], [ 79.1651, 27.7823 ], [ 79.1629, 27.7785 ], [ 79.178, 27.77 ], [ 79.2032, 27.7407 ], [ 79.1992, 27.713 ], [ 79.1731, 27.7202 ], [ 79.1651, 27.7124 ], [ 79.1441, 27.7068 ], [ 79.1256, 27.7086 ], [ 79.1226, 27.6984 ], [ 79.1145, 27.6908 ], [ 79.1224, 27.6843 ], [ 79.1265, 27.6741 ], [ 79.1245, 27.6653 ], [ 79.1285, 27.6485 ], [ 79.1225, 27.6396 ], [ 79.1488, 27.6301 ], [ 79.1602, 27.6217 ], [ 79.1742, 27.6193 ], [ 79.1749, 27.6077 ], [ 79.163, 27.5938 ], [ 79.165, 27.5903 ], [ 79.1795, 27.5889 ], [ 79.1776, 27.5836 ], [ 79.1601, 27.5699 ], [ 79.1491, 27.5693 ], [ 79.1259, 27.555 ], [ 79.1073, 27.5531 ], [ 79.0893, 27.5769 ], [ 79.0596, 27.5877 ], [ 79.0271, 27.6102 ], [ 79.0202, 27.6175 ], [ 79.0173, 27.6383 ], [ 79.0103, 27.653 ], [ 78.9937, 27.6603 ], [ 78.9827, 27.6559 ], [ 78.9793, 27.6485 ], [ 78.9803, 27.6148 ], [ 78.9736, 27.6039 ], [ 78.9686, 27.6137 ], [ 78.9584, 27.6206 ], [ 78.9613, 27.6312 ], [ 78.9347, 27.6454 ], [ 78.9172, 27.6448 ], [ 78.9075, 27.6539 ], [ 78.9179, 27.66 ], [ 78.9216, 27.6694 ], [ 78.9173, 27.6815 ], [ 78.9124, 27.6848 ], [ 78.92, 27.6933 ], [ 78.9147, 27.7039 ], [ 78.9038, 27.7025 ], [ 78.8943, 27.7232 ], [ 78.9107, 27.7366 ], [ 78.9183, 27.7482 ], [ 78.9106, 27.7567 ], [ 78.9134, 27.761 ], [ 78.9294, 27.762 ], [ 78.9362, 27.7724 ], [ 78.946, 27.7761 ], [ 78.9529, 27.7879 ], [ 78.941, 27.7941 ], [ 78.9288, 27.7943 ], [ 78.9005, 27.7861 ], [ 78.8812, 27.798 ], [ 78.871, 27.8139 ], [ 78.8561, 27.8135 ], [ 78.8478, 27.8223 ], [ 78.8615, 27.8328 ], [ 78.8543, 27.8412 ], [ 78.8568, 27.8454 ], [ 78.8692, 27.8581 ], [ 78.8788, 27.8514 ], [ 78.8815, 27.8536 ], [ 78.8876, 27.8604 ], [ 78.8817, 27.8657 ], [ 78.903, 27.8904 ], [ 78.9131, 27.8815 ] ] ] } },
{ "type": "Feature", "properties": { "unit_id": "IND.34.44.2_1", "unit_name": "Kasganj", "district": "Kasganj", "did": "uttar_pradesh:Kasganj", "state": "Uttar Pradesh", "state_key": "uttar_pradesh", "name_ok": true }, "geometry": { "type": "Polygon", "coordinates": [ [ [ 78.4941, 27.8045 ], [ 78.4995, 27.8063 ], [ 78.5074, 27.8175 ], [ 78.5056, 27.8344 ], [ 78.5008, 27.8359 ], [ 78.5044, 27.8464 ], [ 78.484, 27.8607 ], [ 78.485, 27.8635 ], [ 78.4901, 27.8638 ], [ 78.4995, 27.873 ], [ 78.4979, 27.8769 ], [ 78.5122, 27.8994 ], [ 78.5248, 27.9029 ], [ 78.5207, 27.9101 ], [ 78.5229, 27.9151 ], [ 78.5304, 27.9121 ], [ 78.5423, 27.9152 ], [ 78.5658, 27.9429 ], [ 78.56, 27.9465 ], [ 78.577, 27.9625 ], [ 78.5752, 27.968 ], [ 78.58, 27.9759 ], [ 78.589, 27.9821 ], [ 78.5843, 28.0004 ], [ 78.5898, 28.007 ], [ 78.5986, 28.0358 ], [ 78.6104, 28.0449 ], [ 78.6207, 28.0441 ], [ 78.6287, 28.0516 ], [ 78.6403, 28.0449 ], [ 78.6613, 28.041 ], [ 78.658, 28.038 ], [ 78.6663, 28.032 ], [ 78.6701, 28.0067 ], [ 78.6925, 27.9983 ], [ 78.6954, 27.9889 ], [ 78.7114, 27.9707 ], [ 78.7267, 27.9674 ], [ 78.7313, 27.9626 ], [ 78.7381, 27.9636 ], [ 78.7514, 27.9556 ], [ 78.7583, 27.9679 ], [ 78.7776, 27.9581 ], [ 78.7906, 27.9567 ], [ 78.7965, 27.9612 ], [ 78.8076, 27.9583 ], [ 78.8183, 27.9424 ], [ 78.8414, 27.9313 ], [ 78.8494, 27.9214 ], [ 78.8612, 27.9165 ], [ 78.8792, 27.9229 ], [ 78.903, 27.8904 ], [ 78.8817, 27.8657 ], [ 78.8876, 27.8604 ], [ 78.8815, 27.8536 ], [ 78.8788, 27.8514 ], [ 78.8692, 27.8581 ], [ 78.8568, 27.8454 ], [ 78.8543, 27.8412 ], [ 78.8615, 27.8328 ], [ 78.8478, 27.8223 ], [ 78.8561, 27.8135 ], [ 78.871, 27.8139 ], [ 78.8812, 27.798 ], [ 78.9005, 27.7861 ], [ 78.9288, 27.7943 ], [ 78.941, 27.7941 ], [ 78.9529, 27.7879 ], [ 78.946, 27.7761 ], [ 78.9362, 27.7724 ], [ 78.9294, 27.762 ], [ 78.9134, 27.761 ], [ 78.9106, 27.7567 ], [ 78.9183, 27.7482 ], [ 78.9107, 27.7366 ], [ 78.8943, 27.7232 ], [ 78.9038, 27.7025 ], [ 78.9147, 27.7039 ], [ 78.92, 27.6933 ], [ 78.9124, 27.6848 ], [ 78.9173, 27.6815 ], [ 78.9216, 27.6694 ], [ 78.9179, 27.66 ], [ 78.9075, 27.6539 ], [ 78.9172, 27.6448 ], [ 78.9347, 27.6454 ], [ 78.9613, 27.6312 ], [ 78.9584, 27.6206 ], [ 78.9686, 27.6137 ], [ 78.9736, 27.6039 ], [ 78.9645, 27.5938 ], [ 78.959, 27.5739 ], [ 78.9529, 27.5689 ], [ 78.9397, 27.5772 ], [ 78.9236, 27.5666 ], [ 78.9093, 27.5659 ], [ 78.8953, 27.5554 ], [ 78.8813, 27.5537 ], [ 78.8886, 27.5744 ], [ 78.8817, 27.5928 ], [ 78.8649, 27.596 ], [ 78.8615, 27.5909 ], [ 78.8635, 27.5845 ], [ 78.8493, 27.5841 ], [ 78.8501, 27.5999 ], [ 78.8193, 27.6128 ], [ 78.8145, 27.6091 ], [ 78.8, 27.6075 ], [ 78.7885, 27.6243 ], [ 78.7832, 27.6256 ], [ 78.7755, 27.6352 ], [ 78.7681, 27.6363 ], [ 78.769, 27.6394 ], [ 78.7556, 27.6356 ], [ 78.7344, 27.6413 ], [ 78.7343, 27.6484 ], [ 78.7112, 27.6771 ], [ 78.6997, 27.6773 ], [ 78.6878, 27.6919 ], [ 78.6834, 27.7102 ], [ 78.6886, 27.7211 ], [ 78.6804, 27.7326 ], [ 78.6774, 27.7463 ], [ 78.6659, 27.741 ], [ 78.6468, 27.7526 ], [ 78.6272, 27.7466 ], [ 78.6002, 27.7506 ], [ 78.5961, 27.7538 ], [ 78.5941, 27.7719 ], [ 78.5905, 27.7754 ], [ 78.557, 27.7733 ], [ 78.5424, 27.7909 ], [ 78.5207, 27.7752 ], [ 78.5263, 27.7598 ], [ 78.5049, 27.746 ], [ 78.4979, 27.7467 ], [ 78.4777, 27.7552 ], [ 78.4643, 27.7672 ], [ 78.4732, 27.7748 ], [ 78.47, 27.7803 ], [ 78.4735, 27.795 ], [ 78.4642, 27.805 ], [ 78.4658, 27.8144 ], [ 78.4941, 27.8045 ] ] ] } },
{ "type": "Feature", "properties": { "unit_id": "IND.34.45.1_1", "unit_name": "Allahabad", "district": "Kaushambi", "did": "uttar_pradesh:Kaushambi", "state": "Uttar Pradesh", "state_key": "uttar_pradesh", "name_ok": true }, "geometry": { "type": "Polygon", "coordinates": [ [ [ 81.8142, 25.4147 ], [ 81.7913, 25.3891 ], [ 81.7868, 25.377 ], [ 81.8079, 25.3453 ], [ 81.7976, 25.3287 ], [ 81.7867, 25.3222 ], [ 81.7804, 25.3227 ], [ 81.7525, 25.3461 ], [ 81.7352, 25.3516 ], [ 81.6834, 25.3587 ], [ 81.6277, 25.3542 ], [ 81.606, 25.3429 ], [ 81.5901, 25.3265 ], [ 81.5235, 25.2811 ], [ 81.5101, 25.2742 ], [ 81.4835, 25.2701 ], [ 81.4851, 25.2861 ], [ 81.4959, 25.301 ], [ 81.4843, 25.3047 ], [ 81.4796, 25.3162 ], [ 81.4876, 25.3537 ], [ 81.4841, 25.3567 ], [ 81.4891, 25.3696 ], [ 81.4816, 25.3747 ], [ 81.4908, 25.3931 ], [ 81.5008, 25.4004 ], [ 81.5116, 25.4014 ], [ 81.5248, 25.4169 ], [ 81.526, 25.4293 ], [ 81.5139, 25.4425 ], [ 81.5256, 25.4613 ], [ 81.5123, 25.4679 ], [ 81.5168, 25.4793 ], [ 81.5074, 25.481 ], [ 81.4881, 25.5 ], [ 81.4675, 25.5026 ], [ 81.4628, 25.5179 ], [ 81.467, 25.5263 ], [ 81.4581, 25.5367 ], [ 81.4681, 25.5537 ], [ 81.4822, 25.5563 ], [ 81.5007, 25.5847 ], [ 81.5308, 25.6057 ], [ 81.5429, 25.5798 ], [ 81.5495, 25.5741 ], [ 81.5607, 25.5717 ], [ 81.5717, 25.5763 ], [ 81.5813, 25.5858 ], [ 81.6009, 25.5895 ], [ 81.6056, 25.5965 ], [ 81.6243, 25.5919 ], [ 81.6402, 25.5823 ], [ 81.6439, 25.5734 ], [ 81.6449, 25.5378 ], [ 81.6582, 25.5172 ], [ 81.6733, 25.5112 ], [ 81.7155, 25.515 ], [ 81.7415, 25.4875 ], [ 81.7635, 25.4756 ], [ 81.7893, 25.4733 ], [ 81.8235, 25.4849 ], [ 81.8433, 25.4976 ], [ 81.8467, 25.5118 ], [ 81.8612, 25.5162 ], [ 81.904, 25.4731 ], [ 81.9047, 25.4688 ], [ 81.8914, 25.4423 ], [ 81.8142, 25.4147 ] ] ] } },
{ "type": "Feature", "properties": { "unit_id": "IND.34.45.2_1", "unit_name": "Manjhanpur", "district": "Kaushambi", "did": "uttar_pradesh:Kaushambi", "state": "Uttar Pradesh", "state_key": "uttar_pradesh", "name_ok": true }, "geometry": { "type": "Polygon", "coordinates": [ [ [ 81.1429, 25.4295 ], [ 81.1754, 25.4473 ], [ 81.1841, 25.4564 ], [ 81.2104, 25.4438 ], [ 81.2135, 25.4452 ], [ 81.2106, 25.4507 ], [ 81.2195, 25.4648 ], [ 81.2193, 25.4744 ], [ 81.2272, 25.4786 ], [ 81.2284, 25.486 ], [ 81.2373, 25.4864 ], [ 81.2438, 25.4946 ], [ 81.2513, 25.492 ], [ 81.2576, 25.4972 ], [ 81.2626, 25.5114 ], [ 81.2451, 25.5179 ], [ 81.2457, 25.5279 ], [ 81.2628, 25.5263 ], [ 81.2691, 25.5195 ], [ 81.2891, 25.5372 ], [ 81.3051, 25.5294 ], [ 81.3173, 25.5277 ], [ 81.3213, 25.5302 ], [ 81.3351, 25.529 ], [ 81.3568, 25.542 ], [ 81.3898, 25.5364 ], [ 81.4098, 25.5387 ], [ 81.4221, 25.5341 ], [ 81.4291, 25.5373 ], [ 81.442, 25.5211 ], [ 81.4398, 25.5155 ], [ 81.4502, 25.5164 ], [ 81.4561, 25.5206 ], [ 81.4629, 25.5156 ], [ 81.4675, 25.5026 ], [ 81.4881, 25.5 ], [ 81.5074, 25.481 ], [ 81.5168, 25.4793 ], [ 81.5123, 25.4679 ], [ 81.5253, 25.4639 ], [ 81.5139, 25.4425 ], [ 81.526, 25.4293 ], [ 81.5248, 25.4169 ], [ 81.5116, 25.4014 ], [ 81.5008, 25.4004 ], [ 81.4908, 25.3931 ], [ 81.4816, 25.3747 ], [ 81.4891, 25.3696 ], [ 81.4841, 25.3567 ], [ 81.4876, 25.3537 ], [ 81.4796, 25.3162 ], [ 81.4843, 25.3047 ], [ 81.4959, 25.301 ], [ 81.4851, 25.2861 ], [ 81.4835, 25.2701 ], [ 81.4635, 25.2685 ], [ 81.4515, 25.2622 ], [ 81.4183, 25.2712 ], [ 81.3807, 25.2756 ], [ 81.3764, 25.2803 ], [ 81.3779, 25.2883 ], [ 81.3919, 25.3056 ], [ 81.3948, 25.3184 ], [ 81.3913, 25.3311 ], [ 81.3781, 25.3384 ], [ 81.3345, 25.3504 ], [ 81.3165, 25.3511 ], [ 81.2831, 25.3417 ], [ 81.2693, 25.3285 ], [ 81.2605, 25.3276 ], [ 81.2492, 25.3376 ], [ 81.2412, 25.3584 ], [ 81.1939, 25.3691 ], [ 81.1679, 25.3803 ], [ 81.1552, 25.3873 ], [ 81.1429, 25.4009 ], [ 81.1429, 25.4295 ] ] ] } },
{ "type": "Feature", "properties": { "unit_id": "IND.34.45.3_1", "unit_name": "Sirathu", "district": "Kaushambi", "did": "uttar_pradesh:Kaushambi", "state": "Uttar Pradesh", "state_key": "uttar_pradesh", "name_ok": true }, "geometry": { "type": "Polygon", "coordinates": [ [ [ 81.2544, 25.5482 ], [ 81.2481, 25.5542 ], [ 81.2492, 25.5592 ], [ 81.2386, 25.5736 ], [ 81.2399, 25.5771 ], [ 81.2311, 25.5806 ], [ 81.2337, 25.5886 ], [ 81.2274, 25.5895 ], [ 81.2255, 25.5952 ], [ 81.2173, 25.5989 ], [ 81.2023, 25.6005 ], [ 81.2102, 25.642 ], [ 81.202, 25.6491 ], [ 81.2085, 25.6577 ], [ 81.2079, 25.6745 ], [ 81.2225, 25.6751 ], [ 81.2317, 25.68 ], [ 81.2298, 25.6849 ], [ 81.2209, 25.6853 ], [ 81.2174, 25.6915 ], [ 81.1972, 25.6879 ], [ 81.1958, 25.699 ], [ 81.1898, 25.7048 ], [ 81.1925, 25.7235 ], [ 81.2072, 25.726 ], [ 81.221, 25.7195 ], [ 81.2299, 25.7404 ], [ 81.2286, 25.7461 ], [ 81.237, 25.7523 ], [ 81.2348, 25.7542 ], [ 81.2425, 25.7646 ], [ 81.2534, 25.7561 ], [ 81.2603, 25.7571 ], [ 81.2675, 25.7645 ], [ 81.272, 25.7631 ], [ 81.2775, 25.768 ], [ 81.2841, 25.7684 ], [ 81.2852, 25.7725 ], [ 81.3069, 25.7764 ], [ 81.3061, 25.7856 ], [ 81.3183, 25.7998 ], [ 81.324, 25.7977 ], [ 81.3279, 25.8143 ], [ 81.3605, 25.776 ], [ 81.3874, 25.7747 ], [ 81.3954, 25.7665 ], [ 81.3939, 25.7464 ], [ 81.3768, 25.7233 ], [ 81.3601, 25.7161 ], [ 81.3645, 25.7013 ], [ 81.3808, 25.6887 ], [ 81.4003, 25.688 ], [ 81.4106, 25.6833 ], [ 81.4616, 25.6364 ], [ 81.4771, 25.6357 ], [ 81.4873, 25.6255 ], [ 81.5078, 25.6199 ], [ 81.5224, 25.623 ], [ 81.5308, 25.6057 ], [ 81.5007, 25.5847 ], [ 81.4822, 25.5563 ], [ 81.4681, 25.5537 ], [ 81.4581, 25.5367 ], [ 81.467, 25.5263 ], [ 81.4629, 25.5156 ], [ 81.4561, 25.5206 ], [ 81.4502, 25.5164 ], [ 81.4398, 25.5155 ], [ 81.442, 25.5211 ], [ 81.4291, 25.5373 ], [ 81.4221, 25.5341 ], [ 81.4098, 25.5387 ], [ 81.3898, 25.5364 ], [ 81.3568, 25.542 ], [ 81.3351, 25.529 ], [ 81.3283, 25.5284 ], [ 81.3051, 25.5294 ], [ 81.2891, 25.5372 ], [ 81.2691, 25.5195 ], [ 81.2628, 25.5263 ], [ 81.2499, 25.5276 ], [ 81.2544, 25.5482 ] ] ] } },
{ "type": "Feature", "properties": { "unit_id": "IND.34.46.1_1", "unit_name": "Hata", "district": "Kushinagar", "did": "uttar_pradesh:Kushinagar", "state": "Uttar Pradesh", "state_key": "uttar_pradesh", "name_ok": true }, "geometry": { "type": "Polygon", "coordinates": [ [ [ 83.8955, 27.2682 ], [ 83.9019, 27.2521 ], [ 83.9118, 27.2465 ], [ 83.9545, 27.235 ], [ 83.9638, 27.2253 ], [ 83.9617, 27.2138 ], [ 83.9766, 27.2034 ], [ 83.9851, 27.1818 ], [ 83.9683, 27.1656 ], [ 83.9509, 27.1409 ], [ 83.9525, 27.129 ], [ 83.9414, 27.1198 ], [ 83.9384, 27.111 ], [ 83.9408, 27.0896 ], [ 83.9549, 27.0861 ], [ 84.0116, 27.1049 ], [ 84.0207, 27.0955 ], [ 84.0161, 27.0918 ], [ 84.0169, 27.0838 ], [ 84.0056, 27.0719 ], [ 83.9902, 27.0717 ], [ 83.9797, 27.066 ], [ 83.9689, 27.0653 ], [ 83.9638, 27.0575 ], [ 83.9142, 27.0597 ], [ 83.9065, 27.0412 ], [ 83.909, 27.0247 ], [ 83.8998, 27.0276 ], [ 83.8935, 27.0207 ], [ 83.8769, 27.021 ], [ 83.8741, 27.0147 ], [ 83.8778, 27.0063 ], [ 83.8709, 27.0008 ], [ 83.8744, 26.9833 ], [ 83.8524, 26.9817 ], [ 83.8457, 26.9744 ], [ 83.8471, 26.9645 ], [ 83.8681, 26.9523 ], [ 83.8653, 26.9305 ], [ 83.8794, 26.9103 ], [ 83.8972, 26.9009 ], [ 83.9156, 26.9002 ], [ 83.91, 26.8703 ], [ 83.8926, 26.8588 ], [ 83.8799, 26.8438 ], [ 83.8822, 26.8358 ], [ 83.9117, 26.8141 ], [ 83.9031, 26.7991 ], [ 83.9046, 26.7947 ], [ 83.8847, 26.7851 ], [ 83.8794, 26.7927 ], [ 83.8755, 26.7851 ], [ 83.8684, 26.7859 ], [ 83.8688, 26.7597 ], [ 83.8651, 26.7504 ], [ 83.8458, 26.7491 ], [ 83.8334, 26.76 ], [ 83.8266, 26.7456 ], [ 83.8028, 26.7496 ], [ 83.7973, 26.7265 ], [ 83.7919, 26.7169 ], [ 83.7847, 26.716 ], [ 83.7822, 26.7101 ], [ 83.7728, 26.7104 ], [ 83.7579, 26.7006 ], [ 83.7516, 26.705 ], [ 83.7398, 26.6944 ], [ 83.7159, 26.6989 ], [ 83.7139, 26.6894 ], [ 83.6875, 26.6842 ], [ 83.6901, 26.7001 ], [ 83.6738, 26.703 ], [ 83.6612, 26.6846 ], [ 83.655, 26.6834 ], [ 83.6455, 26.6611 ], [ 83.6222, 26.6602 ], [ 83.6155, 26.6707 ], [ 83.6149, 26.6949 ], [ 83.6072, 26.7061 ], [ 83.614, 26.7164 ], [ 83.6143, 26.729 ], [ 83.6024, 26.738 ], [ 83.6036, 26.7482 ], [ 83.6107, 26.7563 ], [ 83.6003, 26.7615 ], [ 83.5766, 26.7643 ], [ 83.5776, 26.7721 ], [ 83.5832, 26.7729 ], [ 83.5835, 26.7973 ], [ 83.5692, 26.8177 ], [ 83.5607, 26.8198 ], [ 83.5521, 26.8286 ], [ 83.5507, 26.8391 ], [ 83.5389, 26.8426 ], [ 83.5394, 26.8483 ], [ 83.5187, 26.8574 ], [ 83.5193, 26.8626 ], [ 83.5302, 26.8671 ], [ 83.5376, 26.8928 ], [ 83.5465, 26.8932 ], [ 83.5506, 26.9263 ], [ 83.5618, 26.9361 ], [ 83.5684, 26.9317 ], [ 83.5792, 26.9356 ], [ 83.5849, 26.9304 ], [ 83.586, 26.9172 ], [ 83.5975, 26.9147 ], [ 83.6041, 26.9325 ], [ 83.6169, 26.9332 ], [ 83.6191, 26.944 ], [ 83.6124, 26.9519 ], [ 83.6132, 26.9582 ], [ 83.6708, 26.949 ], [ 83.6726, 26.9664 ], [ 83.6989, 26.963 ], [ 83.709, 26.9538 ], [ 83.7188, 26.9564 ], [ 83.7271, 26.9937 ], [ 83.7366, 26.9979 ], [ 83.7542, 26.998 ], [ 83.7598, 27.0038 ], [ 83.7402, 27.0116 ], [ 83.7348, 27.0253 ], [ 83.7436, 27.0383 ], [ 83.7281, 27.0415 ], [ 83.7205, 27.0576 ], [ 83.7299, 27.0626 ], [ 83.7477, 27.0511 ], [ 83.7551, 27.0559 ], [ 83.7566, 27.0765 ], [ 83.737, 27.0784 ], [ 83.7501, 27.0887 ], [ 83.7618, 27.0923 ], [ 83.7685, 27.1081 ], [ 83.7937, 27.1142 ], [ 83.8021, 27.169 ], [ 83.8165, 27.1787 ], [ 83.7721, 27.1685 ], [ 83.7752, 27.1746 ], [ 83.8003, 27.188 ], [ 83.7919, 27.197 ], [ 83.7901, 27.2179 ], [ 83.7965, 27.2193 ], [ 83.8101, 27.2034 ], [ 83.8183, 27.207 ], [ 83.8218, 27.214 ], [ 83.817, 27.2322 ], [ 83.812, 27.2368 ], [ 83.7994, 27.2319 ], [ 83.7894, 27.2366 ], [ 83.7858, 27.2482 ], [ 83.7936, 27.2519 ], [ 83.8042, 27.2476 ], [ 83.8372, 27.2525 ], [ 83.8396, 27.2579 ], [ 83.8293, 27.2694 ], [ 83.8279, 27.2767 ], [ 83.8322, 27.2891 ], [ 83.8639, 27.3003 ], [ 83.8688, 27.2985 ], [ 83.872, 27.2875 ], [ 83.8855, 27.2882 ], [ 83.898, 27.279 ], [ 83.8955, 27.2682 ] ] ] } },
{ "type": "Feature", "properties": { "unit_id": "IND.34.46.2_1", "unit_name": "Padrauna", "district": "Kushinagar", "did": "uttar_pradesh:Kushinagar", "state": "Uttar Pradesh", "state_key": "uttar_pradesh", "name_ok": true }, "geometry": { "type": "Polygon", "coordinates": [ [ [ 84.4144, 26.6272 ], [ 84.3789, 26.6218 ], [ 84.3706, 26.6154 ], [ 84.3509, 26.6204 ], [ 84.3255, 26.6153 ], [ 84.3027, 26.6175 ], [ 84.297, 26.6157 ], [ 84.295, 26.6066 ], [ 84.2868, 26.6039 ], [ 84.2793, 26.6066 ], [ 84.2774, 26.6007 ], [ 84.2722, 26.5994 ], [ 84.2589, 26.6073 ], [ 84.2309, 26.6098 ], [ 84.2157, 26.6187 ], [ 84.2039, 26.6205 ], [ 84.202, 26.6243 ], [ 84.1673, 26.6242 ], [ 84.1485, 26.6277 ], [ 84.1535, 26.6337 ], [ 84.152, 26.6385 ], [ 84.121, 26.6376 ], [ 84.1215, 26.6346 ], [ 84.1061, 26.6372 ], [ 84.1043, 26.6327 ], [ 84.0818, 26.6429 ], [ 84.0825, 26.5996 ], [ 84.0703, 26.5893 ], [ 84.0712, 26.5845 ], [ 84.0569, 26.5734 ], [ 84.0493, 26.5616 ], [ 84.0488, 26.5503 ], [ 84.0389, 26.5529 ], [ 84.0394, 26.5582 ], [ 84.0335, 26.559 ], [ 84.022, 26.5718 ], [ 84.0017, 26.579 ], [ 83.993, 26.5956 ], [ 83.9856, 26.5955 ], [ 83.9787, 26.6133 ], [ 83.9576, 26.6299 ], [ 83.9584, 26.6514 ], [ 83.9506, 26.6669 ], [ 83.9516, 26.6741 ], [ 83.945, 26.6781 ], [ 83.9232, 26.679 ], [ 83.8975, 26.6939 ], [ 83.8956, 26.7046 ], [ 83.8863, 26.7113 ], [ 83.8875, 26.7223 ], [ 83.8805, 26.7365 ], [ 83.8651, 26.7504 ], [ 83.8688, 26.7597 ], [ 83.8684, 26.7859 ], [ 83.8755, 26.7851 ], [ 83.8794, 26.7927 ], [ 83.8847, 26.7851 ], [ 83.9021, 26.7931 ], [ 83.9073, 26.8091 ], [ 83.9109, 26.81 ], [ 83.9117, 26.8141 ], [ 83.8822, 26.8358 ], [ 83.8799, 26.8438 ], [ 83.8926, 26.8588 ], [ 83.91, 26.8703 ], [ 83.9156, 26.9002 ], [ 83.8972, 26.9009 ], [ 83.8794, 26.9103 ], [ 83.8653, 26.9305 ], [ 83.8681, 26.9523 ], [ 83.8471, 26.9645 ], [ 83.8457, 26.9744 ], [ 83.8524, 26.9817 ], [ 83.8744, 26.9833 ], [ 83.8709, 27.0008 ], [ 83.8778, 27.0063 ], [ 83.8741, 27.0147 ], [ 83.8769, 27.021 ], [ 83.8935, 27.0207 ], [ 83.8998, 27.0276 ], [ 83.909, 27.0247 ], [ 83.9065, 27.0412 ], [ 83.9142, 27.0597 ], [ 83.9253, 27.0612 ], [ 83.958, 27.0561 ], [ 83.9638, 27.0575 ], [ 83.9689, 27.0653 ], [ 83.9797, 27.066 ], [ 83.9902, 27.0717 ], [ 83.9949, 27.0613 ], [ 84.0243, 27.0447 ], [ 84.0408, 27.0447 ], [ 84.0357, 27.0193 ], [ 84.0304, 27.0118 ], [ 84.0427, 27.0031 ], [ 84.0495, 26.9908 ], [ 84.046, 26.9872 ], [ 84.039, 26.988 ], [ 84.0364, 26.984 ], [ 84.0435, 26.9804 ], [ 84.0413, 26.968 ], [ 84.046, 26.9681 ], [ 84.0467, 26.9619 ], [ 84.0386, 26.9578 ], [ 84.0351, 26.9487 ], [ 84.0264, 26.949 ], [ 84.0249, 26.9427 ], [ 84.0298, 26.9396 ], [ 84.0363, 26.9411 ], [ 84.0385, 26.9309 ], [ 84.0477, 26.9318 ], [ 84.0492, 26.9146 ], [ 84.0424, 26.9091 ], [ 84.0508, 26.9016 ], [ 84.052, 26.8917 ], [ 84.0591, 26.8908 ], [ 84.0601, 26.8865 ], [ 84.0763, 26.8788 ], [ 84.0855, 26.8852 ], [ 84.09, 26.8772 ], [ 84.0999, 26.888 ], [ 84.1006, 26.9008 ], [ 84.1116, 26.8919 ], [ 84.122, 26.8927 ], [ 84.1302, 26.8853 ], [ 84.1408, 26.8876 ], [ 84.1393, 26.874 ], [ 84.1318, 26.8706 ], [ 84.1317, 26.8557 ], [ 84.1505, 26.8395 ], [ 84.1689, 26.8345 ], [ 84.1747, 26.8358 ], [ 84.1765, 26.8533 ], [ 84.1808, 26.8574 ], [ 84.1966, 26.8612 ], [ 84.2092, 26.871 ], [ 84.2211, 26.8722 ], [ 84.2411, 26.8624 ], [ 84.2521, 26.8449 ], [ 84.251, 26.8307 ], [ 84.2428, 26.8218 ], [ 84.2485, 26.8209 ], [ 84.2468, 26.8145 ], [ 84.2523, 26.8087 ], [ 84.2411, 26.7754 ], [ 84.2246, 26.7571 ], [ 84.234, 26.7395 ], [ 84.2474, 26.7293 ], [ 84.2523, 26.7315 ], [ 84.2553, 26.739 ], [ 84.2668, 26.7421 ], [ 84.2786, 26.7512 ], [ 84.298, 26.7533 ], [ 84.3185, 26.7162 ], [ 84.3257, 26.6843 ], [ 84.4022, 26.6712 ], [ 84.4074, 26.6381 ], [ 84.4144, 26.6272 ] ] ] } },
{ "type": "Feature", "properties": { "unit_id": "IND.34.47.1_1", "unit_name": "Lakhimpur", "district": "Lakhimpur Kheri", "did": "uttar_pradesh:Lakhimpur Kheri", "state": "Uttar Pradesh", "state_key": "uttar_pradesh", "name_ok": true }, "geometry": { "type": "Polygon", "coordinates": [ [ [ 80.3125, 28.487 ], [ 80.3298, 28.4813 ], [ 80.3471, 28.4671 ], [ 80.3514, 28.469 ], [ 80.3648, 28.4658 ], [ 80.3561, 28.4594 ], [ 80.3617, 28.4513 ], [ 80.3753, 28.4475 ], [ 80.3959, 28.4477 ], [ 80.3973, 28.4184 ], [ 80.411, 28.4276 ], [ 80.4324, 28.4159 ], [ 80.4656, 28.4159 ], [ 80.4614, 28.3974 ], [ 80.4669, 28.3928 ], [ 80.476, 28.3964 ], [ 80.4891, 28.3953 ], [ 80.5076, 28.382 ], [ 80.5277, 28.3864 ], [ 80.5332, 28.3793 ], [ 80.5441, 28.3771 ], [ 80.5522, 28.3824 ], [ 80.6001, 28.3525 ], [ 80.6151, 28.3384 ], [ 80.6117, 28.3368 ], [ 80.6137, 28.3333 ], [ 80.6208, 28.3324 ], [ 80.6431, 28.3184 ], [ 80.6416, 28.3081 ], [ 80.6555, 28.2897 ], [ 80.6553, 28.2795 ], [ 80.676, 28.272 ], [ 80.6884, 28.259 ], [ 80.6951, 28.2623 ], [ 80.6998, 28.2582 ], [ 80.7064, 28.2399 ], [ 80.7005, 28.2295 ], [ 80.6993, 28.2116 ], [ 80.726, 28.1911 ], [ 80.7344, 28.1764 ], [ 80.7581, 28.1555 ], [ 80.7737, 28.1481 ], [ 80.7813, 28.1489 ], [ 80.8011, 28.1679 ], [ 80.8074, 28.1671 ], [ 80.8201, 28.1555 ], [ 80.8289, 28.1677 ], [ 80.8357, 28.1695 ], [ 80.8485, 28.1623 ], [ 80.8528, 28.1512 ], [ 80.875, 28.1424 ], [ 80.8953, 28.1271 ], [ 80.8984, 28.1237 ], [ 80.8961, 28.1169 ], [ 80.9036, 28.1052 ], [ 80.9327, 28.1019 ], [ 80.929, 28.0742 ], [ 80.9445, 28.0687 ], [ 80.9373, 28.0441 ], [ 80.9384, 28.0259 ], [ 80.955, 28.0064 ], [ 80.975, 28.0026 ], [ 80.9745, 27.9903 ], [ 80.9807, 27.9822 ], [ 80.9805, 27.9702 ], [ 80.986, 27.963 ], [ 80.9849, 27.9584 ], [ 80.977, 27.955 ], [ 80.9787, 27.9459 ], [ 80.989, 27.9392 ], [ 81.0005, 27.9385 ], [ 81.0028, 27.9202 ], [ 81.0213, 27.9075 ], [ 81.0181, 27.8914 ], [ 81.0223, 27.8826 ], [ 81.0181, 27.8641 ], [ 80.9927, 27.8502 ], [ 80.9958, 27.8311 ], [ 80.9826, 27.8308 ], [ 80.9752, 27.8366 ], [ 80.9766, 27.8465 ], [ 80.9862, 27.8605 ], [ 80.9865, 27.8713 ], [ 80.9989, 27.8859 ], [ 80.9891, 27.8925 ], [ 80.9739, 27.891 ], [ 80.9708, 27.8962 ], [ 80.9634, 27.8967 ], [ 80.9619, 27.9001 ], [ 80.9739, 27.9075 ], [ 80.9675, 27.9113 ], [ 80.9517, 27.9067 ], [ 80.9422, 27.8781 ], [ 80.9319, 27.8766 ], [ 80.9277, 27.8684 ], [ 80.929, 27.8603 ], [ 80.921, 27.8496 ], [ 80.9128, 27.8535 ], [ 80.897, 27.8386 ], [ 80.895, 27.8525 ], [ 80.8858, 27.8572 ], [ 80.8789, 27.8491 ], [ 80.8569, 27.8373 ], [ 80.854, 27.8294 ], [ 80.8366, 27.8281 ], [ 80.8331, 27.8066 ], [ 80.818, 27.7964 ], [ 80.8079, 27.7994 ], [ 80.7966, 27.8131 ], [ 80.78, 27.823 ], [ 80.7664, 27.8145 ], [ 80.7574, 27.8205 ], [ 80.7535, 27.8092 ], [ 80.7369, 27.8156 ], [ 80.7323, 27.7929 ], [ 80.7062, 27.8176 ], [ 80.6801, 27.8295 ], [ 80.6645, 27.8258 ], [ 80.6587, 27.8365 ], [ 80.6491, 27.8225 ], [ 80.6435, 27.821 ], [ 80.6392, 27.8363 ], [ 80.6274, 27.8503 ], [ 80.6096, 27.8308 ], [ 80.6151, 27.8212 ], [ 80.609, 27.8218 ], [ 80.5887, 27.855 ], [ 80.5815, 27.8607 ], [ 80.5575, 27.8608 ], [ 80.5551, 27.8557 ], [ 80.5614, 27.8457 ], [ 80.5574, 27.8475 ], [ 80.55, 27.8437 ], [ 80.5456, 27.8459 ], [ 80.5432, 27.8543 ], [ 80.5366, 27.8487 ], [ 80.5372, 27.8601 ], [ 80.5334, 27.8642 ], [ 80.5229, 27.8661 ], [ 80.5233, 27.8808 ], [ 80.5163, 27.8847 ], [ 80.502, 27.8836 ], [ 80.4932, 27.8952 ], [ 80.4977, 27.8966 ], [ 80.4973, 27.9136 ], [ 80.5082, 27.9192 ], [ 80.5053, 27.9256 ], [ 80.5321, 27.9389 ], [ 80.5321, 27.9462 ], [ 80.5233, 27.9503 ], [ 80.5221, 27.955 ], [ 80.5248, 27.9574 ], [ 80.5381, 27.955 ], [ 80.5409, 27.966 ], [ 80.5343, 27.976 ], [ 80.5348, 27.9841 ], [ 80.5203, 27.9818 ], [ 80.4982, 27.9984 ], [ 80.4911, 27.9972 ], [ 80.4938, 28.0289 ], [ 80.4895, 28.0314 ], [ 80.4908, 28.0372 ], [ 80.4798, 28.041 ], [ 80.4711, 28.0583 ], [ 80.4887, 28.0621 ], [ 80.4914, 28.0711 ], [ 80.4852, 28.0864 ], [ 80.4773, 28.0824 ], [ 80.473, 28.0887 ], [ 80.4601, 28.091 ], [ 80.4541, 28.097 ], [ 80.4519, 28.1145 ], [ 80.4349, 28.1165 ], [ 80.4263, 28.1234 ], [ 80.4176, 28.1105 ], [ 80.4079, 28.1161 ], [ 80.3979, 28.1091 ], [ 80.3896, 28.1113 ], [ 80.389, 28.1004 ], [ 80.3975, 28.0946 ], [ 80.3924, 28.0747 ], [ 80.3838, 28.0713 ], [ 80.3712, 28.0744 ], [ 80.3415, 28.0378 ], [ 80.3256, 28.0549 ], [ 80.3271, 28.0671 ], [ 80.3203, 28.0711 ], [ 80.3255, 28.0833 ], [ 80.32, 28.0989 ], [ 80.3105, 28.1067 ], [ 80.3182, 28.1119 ], [ 80.3197, 28.1175 ], [ 80.3135, 28.1263 ], [ 80.3081, 28.1258 ], [ 80.2939, 28.1447 ], [ 80.2917, 28.1675 ], [ 80.3005, 28.1865 ], [ 80.2984, 28.1926 ], [ 80.2934, 28.1959 ], [ 80.2918, 28.1935 ], [ 80.2882, 28.1998 ], [ 80.288, 28.2121 ], [ 80.3027, 28.2483 ], [ 80.2958, 28.2644 ], [ 80.3009, 28.2757 ], [ 80.357, 28.3379 ], [ 80.3597, 28.3513 ], [ 80.351, 28.3587 ], [ 80.3472, 28.3892 ], [ 80.3369, 28.413 ], [ 80.3261, 28.4179 ], [ 80.2896, 28.4593 ], [ 80.3125, 28.487 ] ] ] } },
{ "type": "Feature", "properties": { "unit_id": "IND.34.47.2_1", "unit_name": "Muhamdi", "district": "Lakhimpur Kheri", "did": "uttar_pradesh:Lakhimpur Kheri", "state": "Uttar Pradesh", "state_key": "uttar_pradesh", "name_ok": true }, "geometry": { "type": "Polygon", "coordinates": [ [ [ 80.2881, 27.6911 ], [ 80.287, 27.6977 ], [ 80.2909, 27.6961 ], [ 80.285, 27.7049 ], [ 80.2898, 27.7065 ], [ 80.2886, 27.7094 ], [ 80.2697, 27.716 ], [ 80.2745, 27.7416 ], [ 80.2632, 27.7334 ], [ 80.2572, 27.7393 ], [ 80.2566, 27.7467 ], [ 80.2486, 27.7484 ], [ 80.2423, 27.7609 ], [ 80.2259, 27.7569 ], [ 80.2332, 27.7628 ], [ 80.2322, 27.7667 ], [ 80.2272, 27.7714 ], [ 80.2225, 27.7674 ], [ 80.2134, 27.7689 ], [ 80.223, 27.7759 ], [ 80.2013, 27.7765 ], [ 80.1911, 27.7811 ], [ 80.1826, 27.7656 ], [ 80.174, 27.7736 ], [ 80.1585, 27.7676 ], [ 80.1478, 27.7763 ], [ 80.1341, 27.7596 ], [ 80.1216, 27.7555 ], [ 80.1262, 27.7831 ], [ 80.1057, 27.7801 ], [ 80.1003, 27.784 ], [ 80.1022, 27.7893 ], [ 80.0911, 27.7859 ], [ 80.0811, 27.7902 ], [ 80.0748, 27.7843 ], [ 80.0525, 27.7761 ], [ 80.0391, 27.8054 ], [ 80.0415, 27.8137 ], [ 80.0352, 27.818 ], [ 80.0443, 27.8249 ], [ 80.0441, 27.8294 ], [ 80.0302, 27.8298 ], [ 80.024, 27.8353 ], [ 80.0252, 27.8419 ], [ 80.0379, 27.8476 ], [ 80.0472, 27.859 ], [ 80.0439, 27.8708 ], [ 80.0308, 27.8837 ], [ 80.0212, 27.888 ], [ 80.0148, 27.9247 ], [ 80.035, 27.9305 ], [ 80.0492, 27.9393 ], [ 80.056, 27.937 ], [ 80.0497, 27.9294 ], [ 80.0546, 27.9267 ], [ 80.0714, 27.9326 ], [ 80.0778, 27.9392 ], [ 80.0778, 27.9588 ], [ 80.0942, 27.9699 ], [ 80.0908, 27.9734 ], [ 80.1056, 27.9805 ], [ 80.1128, 28.0022 ], [ 80.1482, 28.0076 ], [ 80.1471, 28.0102 ], [ 80.1639, 28.0212 ], [ 80.161, 28.0242 ], [ 80.1665, 28.0286 ], [ 80.1784, 28.0234 ], [ 80.1961, 28.036 ], [ 80.2193, 28.0625 ], [ 80.2348, 28.0595 ], [ 80.2484, 28.0869 ], [ 80.2376, 28.1018 ], [ 80.2383, 28.123 ], [ 80.2328, 28.1352 ], [ 80.24, 28.1564 ], [ 80.2457, 28.1618 ], [ 80.2522, 28.1572 ], [ 80.2672, 28.1556 ], [ 80.2727, 28.1624 ], [ 80.2908, 28.1579 ], [ 80.2961, 28.1395 ], [ 80.3197, 28.1175 ], [ 80.3108, 28.1043 ], [ 80.32, 28.0989 ], [ 80.3255, 28.0833 ], [ 80.3203, 28.0711 ], [ 80.3271, 28.0671 ], [ 80.3256, 28.0549 ], [ 80.3415, 28.0378 ], [ 80.3712, 28.0744 ], [ 80.3838, 28.0713 ], [ 80.3924, 28.0747 ], [ 80.3975, 28.0946 ], [ 80.389, 28.1004 ], [ 80.3914, 28.1127 ], [ 80.3979, 28.1091 ], [ 80.4079, 28.1161 ], [ 80.4176, 28.1105 ], [ 80.4263, 28.1234 ], [ 80.4349, 28.1165 ], [ 80.4519, 28.1145 ], [ 80.4566, 28.0938 ], [ 80.473, 28.0887 ], [ 80.4773, 28.0824 ], [ 80.4852, 28.0864 ], [ 80.4914, 28.0711 ], [ 80.4887, 28.0621 ], [ 80.4711, 28.0583 ], [ 80.4798, 28.041 ], [ 80.4908, 28.0372 ], [ 80.4895, 28.0314 ], [ 80.4938, 28.0289 ], [ 80.4911, 27.9972 ], [ 80.4982, 27.9984 ], [ 80.5203, 27.9818 ], [ 80.5348, 27.9841 ], [ 80.5343, 27.976 ], [ 80.5409, 27.966 ], [ 80.5381, 27.955 ], [ 80.5248, 27.9574 ], [ 80.5221, 27.955 ], [ 80.5233, 27.9503 ], [ 80.5321, 27.9462 ], [ 80.5321, 27.9389 ], [ 80.5053, 27.9256 ], [ 80.5082, 27.9192 ], [ 80.4973, 27.9136 ], [ 80.4977, 27.8966 ], [ 80.4932, 27.8952 ], [ 80.502, 27.8836 ], [ 80.5163, 27.8847 ], [ 80.5233, 27.8808 ], [ 80.5229, 27.8661 ], [ 80.5334, 27.8642 ], [ 80.5372, 27.8601 ], [ 80.5366, 27.8487 ], [ 80.5432, 27.8543 ], [ 80.5456, 27.8459 ], [ 80.55, 27.8437 ], [ 80.5574, 27.8475 ], [ 80.5614, 27.8457 ], [ 80.5551, 27.8557 ], [ 80.5575, 27.8608 ], [ 80.5815, 27.8607 ], [ 80.5887, 27.855 ], [ 80.609, 27.8218 ], [ 80.6161, 27.8227 ], [ 80.6096, 27.8308 ], [ 80.6205, 27.8441 ], [ 80.6274, 27.8503 ], [ 80.6304, 27.8447 ], [ 80.6187, 27.8174 ], [ 80.6192, 27.8082 ], [ 80.5965, 27.7747 ], [ 80.5956, 27.7555 ], [ 80.5835, 27.7539 ], [ 80.57, 27.7605 ], [ 80.5558, 27.7541 ], [ 80.5454, 27.7663 ], [ 80.5434, 27.7776 ], [ 80.5326, 27.7766 ], [ 80.5286, 27.7883 ], [ 80.5298, 27.8022 ], [ 80.5091, 27.814 ], [ 80.5032, 27.8017 ], [ 80.4922, 27.7996 ], [ 80.4796, 27.7783 ], [ 80.4622, 27.7813 ], [ 80.454, 27.7636 ], [ 80.4455, 27.7778 ], [ 80.4388, 27.7774 ], [ 80.4356, 27.7694 ], [ 80.4427, 27.7642 ], [ 80.4443, 27.7581 ], [ 80.4404, 27.754 ], [ 80.4249, 27.7481 ], [ 80.4153, 27.7506 ], [ 80.4052, 27.7483 ], [ 80.3882, 27.7326 ], [ 80.3809, 27.7188 ], [ 80.3743, 27.719 ], [ 80.3693, 27.7164 ], [ 80.3699, 27.7129 ], [ 80.3652, 27.715 ], [ 80.3612, 27.7108 ], [ 80.3515, 27.7137 ], [ 80.3292, 27.705 ], [ 80.3017, 27.6844 ], [ 80.2881, 27.6911 ] ] ] } },
{ "type": "Feature", "properties": { "unit_id": "IND.34.47.3_1", "unit_name": "Nighasan", "district": "Lakhimpur Kheri", "did": "uttar_pradesh:Lakhimpur Kheri", "state": "Uttar Pradesh", "state_key": "uttar_pradesh", "name_ok": true }, "geometry": { "type": "Polygon", "coordinates": [ [ [ 81.2842, 27.7063 ], [ 81.2927, 27.6865 ], [ 81.2493, 27.6791 ], [ 81.2419, 27.6826 ], [ 81.2403, 27.6886 ], [ 81.2426, 27.6929 ], [ 81.2571, 27.6984 ], [ 81.2598, 27.7071 ], [ 81.254, 27.7174 ], [ 81.2367, 27.7239 ], [ 81.2352, 27.7343 ], [ 81.2254, 27.7328 ], [ 81.2209, 27.7362 ], [ 81.2191, 27.7293 ], [ 81.2112, 27.7283 ], [ 81.2047, 27.7201 ], [ 81.1927, 27.7242 ], [ 81.1898, 27.7315 ], [ 81.174, 27.7414 ], [ 81.1808, 27.7452 ], [ 81.1894, 27.7608 ], [ 81.1975, 27.7604 ], [ 81.2057, 27.7541 ], [ 81.2173, 27.7593 ], [ 81.2196, 27.7628 ], [ 81.2153, 27.7695 ], [ 81.1706, 27.7908 ], [ 81.1504, 27.7842 ], [ 81.1391, 27.7876 ], [ 81.1349, 27.7932 ], [ 81.1327, 27.8132 ], [ 81.121, 27.8065 ], [ 81.116, 27.8096 ], [ 81.1104, 27.7985 ], [ 81.1051, 27.8 ], [ 81.104, 27.7956 ], [ 81.099, 27.7949 ], [ 81.0941, 27.7986 ], [ 81.0941, 27.8066 ], [ 81.0854, 27.8067 ], [ 81.0823, 27.8211 ], [ 81.0746, 27.8205 ], [ 81.0728, 27.8264 ], [ 81.0613, 27.8309 ], [ 81.0545, 27.8198 ], [ 81.0372, 27.8237 ], [ 81.0294, 27.8186 ], [ 81.0241, 27.8279 ], [ 81.0204, 27.8254 ], [ 81.0146, 27.8286 ], [ 81.0113, 27.8223 ], [ 80.9958, 27.8311 ], [ 80.9927, 27.8502 ], [ 81.0181, 27.8641 ], [ 81.0223, 27.8826 ], [ 81.0181, 27.8914 ], [ 81.0213, 27.9075 ], [ 81.0028, 27.9202 ], [ 81.0005, 27.9385 ], [ 80.989, 27.9392 ], [ 80.9787, 27.9459 ], [ 80.977, 27.955 ], [ 80.9849, 27.9584 ], [ 80.986, 27.963 ], [ 80.9805, 27.9702 ], [ 80.9807, 27.9822 ], [ 80.9745, 27.9903 ], [ 80.975, 28.0026 ], [ 80.955, 28.0064 ], [ 80.9384, 28.0259 ], [ 80.9373, 28.0441 ], [ 80.9445, 28.0687 ], [ 80.929, 28.0742 ], [ 80.9327, 28.1019 ], [ 80.9036, 28.1052 ], [ 80.8961, 28.1169 ], [ 80.8984, 28.1237 ], [ 80.8953, 28.1271 ], [ 80.875, 28.1424 ], [ 80.8528, 28.1512 ], [ 80.8485, 28.1623 ], [ 80.8357, 28.1695 ], [ 80.8289, 28.1677 ], [ 80.8236, 28.1562 ], [ 80.8011, 28.1679 ], [ 80.7813, 28.1489 ], [ 80.7654, 28.151 ], [ 80.7396, 28.1707 ], [ 80.726, 28.1911 ], [ 80.6993, 28.2116 ], [ 80.7005, 28.2295 ], [ 80.7064, 28.2399 ], [ 80.6998, 28.2582 ], [ 80.6951, 28.2623 ], [ 80.6884, 28.259 ], [ 80.676, 28.272 ], [ 80.6553, 28.2795 ], [ 80.6555, 28.2897 ], [ 80.6416, 28.3081 ], [ 80.6431, 28.3184 ], [ 80.6208, 28.3324 ], [ 80.6137, 28.3333 ], [ 80.6117, 28.3368 ], [ 80.6151, 28.3384 ], [ 80.6001, 28.3525 ], [ 80.5522, 28.3824 ], [ 80.5441, 28.3771 ], [ 80.5332, 28.3793 ], [ 80.5277, 28.3864 ], [ 80.5076, 28.382 ], [ 80.4891, 28.3953 ], [ 80.4639, 28.3941 ], [ 80.4614, 28.3974 ], [ 80.4656, 28.4159 ], [ 80.4324, 28.4159 ], [ 80.411, 28.4276 ], [ 80.3973, 28.4184 ], [ 80.3959, 28.4477 ], [ 80.3753, 28.4475 ], [ 80.3617, 28.4513 ], [ 80.3561, 28.4594 ], [ 80.3803, 28.4848 ], [ 80.407, 28.4866 ], [ 80.411, 28.4969 ], [ 80.4219, 28.5085 ], [ 80.4235, 28.5168 ], [ 80.418, 28.5239 ], [ 80.4054, 28.5272 ], [ 80.3755, 28.565 ], [ 80.3718, 28.58 ], [ 80.3635, 28.5905 ], [ 80.3692, 28.598 ], [ 80.364, 28.6009 ], [ 80.3429, 28.5986 ], [ 80.3381, 28.607 ], [ 80.3194, 28.6193 ], [ 80.292, 28.6225 ], [ 80.2933, 28.6471 ], [ 80.3237, 28.6892 ], [ 80.3276, 28.6663 ], [ 80.3624, 28.6449 ], [ 80.3589, 28.6414 ], [ 80.3609, 28.637 ], [ 80.3699, 28.6348 ], [ 80.3733, 28.629 ], [ 80.3879, 28.6296 ], [ 80.4164, 28.6391 ], [ 80.4341, 28.6372 ], [ 80.4443, 28.6284 ], [ 80.4528, 28.6288 ], [ 80.4659, 28.6151 ], [ 80.4627, 28.6145 ], [ 80.4733, 28.5905 ], [ 80.4703, 28.5829 ], [ 80.4828, 28.5853 ], [ 80.5014, 28.5696 ], [ 80.5081, 28.568 ], [ 80.5193, 28.5517 ], [ 80.5244, 28.5527 ], [ 80.532, 28.5734 ], [ 80.5233, 28.5768 ], [ 80.5052, 28.6652 ], [ 80.5078, 28.6709 ], [ 80.5416, 28.6905 ], [ 80.5704, 28.6878 ], [ 80.592, 28.6797 ], [ 80.5818, 28.6612 ], [ 80.5993, 28.6559 ], [ 80.5915, 28.6476 ], [ 80.6079, 28.6523 ], [ 80.6133, 28.6392 ], [ 80.6349, 28.6372 ], [ 80.6432, 28.6432 ], [ 80.6529, 28.6339 ], [ 80.6693, 28.6418 ], [ 80.6725, 28.6283 ], [ 80.6813, 28.6205 ], [ 80.679, 28.6043 ], [ 80.6974, 28.6033 ], [ 80.6919, 28.587 ], [ 80.7163, 28.5679 ], [ 80.7262, 28.5747 ], [ 80.7403, 28.5658 ], [ 80.7401, 28.5742 ], [ 80.7696, 28.5655 ], [ 80.7712, 28.5496 ], [ 80.7918, 28.5435 ], [ 80.7863, 28.5292 ], [ 80.7908, 28.5243 ], [ 80.8172, 28.5207 ], [ 80.8317, 28.5117 ], [ 80.8461, 28.4954 ], [ 80.857, 28.497 ], [ 80.8673, 28.4894 ], [ 80.8633, 28.5041 ], [ 80.8776, 28.5097 ], [ 80.8979, 28.5056 ], [ 80.9015, 28.5004 ], [ 80.9103, 28.4975 ], [ 80.9087, 28.4896 ], [ 80.9031, 28.4856 ], [ 80.9074, 28.4657 ], [ 80.9174, 28.4575 ], [ 80.9161, 28.4677 ], [ 80.9212, 28.4637 ], [ 80.9194, 28.4596 ], [ 80.9326, 28.4584 ], [ 80.9342, 28.463 ], [ 80.9442, 28.4683 ], [ 80.9469, 28.4661 ], [ 80.934, 28.4585 ], [ 80.9533, 28.4555 ], [ 80.9534, 28.4475 ], [ 80.9658, 28.4496 ], [ 80.9688, 28.4569 ], [ 80.9815, 28.4552 ], [ 80.9666, 28.4446 ], [ 80.9698, 28.4429 ], [ 80.967, 28.4378 ], [ 80.9809, 28.4343 ], [ 80.9796, 28.4425 ], [ 80.9909, 28.4416 ], [ 81.0014, 28.4539 ], [ 81.0192, 28.4516 ], [ 81.0147, 28.4381 ], [ 81.0209, 28.4317 ], [ 81.0312, 28.4384 ], [ 81.0356, 28.4278 ], [ 81.0185, 28.4156 ], [ 81.0228, 28.4103 ], [ 81.0341, 28.3987 ], [ 81.0366, 28.4133 ], [ 81.0477, 28.4099 ], [ 81.0727, 28.3917 ], [ 81.0466, 28.4095 ], [ 81.0285, 28.3849 ], [ 81.0261, 28.3713 ], [ 81.044, 28.3637 ], [ 81.05, 28.3484 ], [ 81.0246, 28.295 ], [ 81.0506, 28.2762 ], [ 81.0496, 28.2545 ], [ 81.0575, 28.2409 ], [ 81.0906, 28.2204 ], [ 81.1212, 28.1688 ], [ 81.1753, 28.1218 ], [ 81.1762, 28.1146 ], [ 81.1475, 28.0734 ], [ 81.1546, 28.0626 ], [ 81.1559, 28.0502 ], [ 81.2216, 27.982 ], [ 81.2331, 27.9799 ], [ 81.2392, 27.9589 ], [ 81.269, 27.9484 ], [ 81.281, 27.9374 ], [ 81.2907, 27.9242 ], [ 81.2871, 27.9164 ], [ 81.2957, 27.9127 ], [ 81.2682, 27.8894 ], [ 81.2749, 27.8561 ], [ 81.285, 27.8535 ], [ 81.2832, 27.8355 ], [ 81.2961, 27.832 ], [ 81.2974, 27.8258 ], [ 81.2941, 27.819 ], [ 81.2699, 27.811 ], [ 81.2838, 27.7963 ], [ 81.2844, 27.7889 ], [ 81.2736, 27.7702 ], [ 81.2854, 27.7585 ], [ 81.2904, 27.7276 ], [ 81.2953, 27.7232 ], [ 81.2842, 27.7063 ] ] ] } },
{ "type": "Feature", "properties": { "unit_id": "IND.34.48.1_1", "unit_name": "Lalitpur", "district": "Lalitpur", "did": "uttar_pradesh:Lalitpur", "state": "Uttar Pradesh", "state_key": "uttar_pradesh", "name_ok": true }, "geometry": { "type": "Polygon", "coordinates": [ [ [ 78.2242, 24.5413 ], [ 78.2553, 24.5523 ], [ 78.2589, 24.5582 ], [ 78.2699, 24.6154 ], [ 78.2567, 24.6486 ], [ 78.2685, 24.6671 ], [ 78.257, 24.6859 ], [ 78.2508, 24.7056 ], [ 78.2204, 24.7474 ], [ 78.2189, 24.7538 ], [ 78.2258, 24.7766 ], [ 78.209, 24.8131 ], [ 78.1916, 24.8397 ], [ 78.1653, 24.8482 ], [ 78.1654, 24.8817 ], [ 78.1997, 24.8962 ], [ 78.2139, 24.9156 ], [ 78.256, 24.942 ], [ 78.2627, 24.9526 ], [ 78.2896, 24.9681 ], [ 78.3096, 24.9912 ], [ 78.3275, 24.9996 ], [ 78.3346, 25.0107 ], [ 78.3381, 25.0273 ], [ 78.325, 25.0725 ], [ 78.3252, 25.0841 ], [ 78.3327, 25.0932 ], [ 78.3744, 25.1085 ], [ 78.3953, 25.1305 ], [ 78.431, 25.1245 ], [ 78.4494, 25.1317 ], [ 78.4811, 25.152 ], [ 78.5001, 25.1748 ], [ 78.5268, 25.188 ], [ 78.5626, 25.226 ], [ 78.5698, 25.202 ], [ 78.5937, 25.1574 ], [ 78.5982, 25.1271 ], [ 78.5972, 25.0979 ], [ 78.6203, 25.0916 ], [ 78.6419, 25.0615 ], [ 78.6442, 25.0352 ], [ 78.6362, 25.0214 ], [ 78.632, 24.9837 ], [ 78.622, 24.9649 ], [ 78.6424, 24.9527 ], [ 78.6405, 24.9404 ], [ 78.6537, 24.9442 ], [ 78.663, 24.9093 ], [ 78.6367, 24.8813 ], [ 78.618, 24.8773 ], [ 78.6143, 24.8918 ], [ 78.6186, 24.9078 ], [ 78.6278, 24.9208 ], [ 78.6257, 24.9354 ], [ 78.6184, 24.9403 ], [ 78.5984, 24.9414 ], [ 78.5712, 24.951 ], [ 78.5654, 24.9461 ], [ 78.5571, 24.9559 ], [ 78.5505, 24.9561 ], [ 78.5387, 24.9645 ], [ 78.5251, 24.9527 ], [ 78.5133, 24.9494 ], [ 78.5074, 24.9342 ], [ 78.492, 24.9226 ], [ 78.4893, 24.9151 ], [ 78.4974, 24.8904 ], [ 78.4864, 24.8799 ], [ 78.4858, 24.871 ], [ 78.4798, 24.8642 ], [ 78.4823, 24.846 ], [ 78.4504, 24.792 ], [ 78.4655, 24.7777 ], [ 78.4733, 24.7815 ], [ 78.5064, 24.7856 ], [ 78.5053, 24.7697 ], [ 78.491, 24.7589 ], [ 78.5051, 24.7532 ], [ 78.5142, 24.7665 ], [ 78.5244, 24.7735 ], [ 78.5306, 24.7678 ], [ 78.552, 24.7651 ], [ 78.5648, 24.7573 ], [ 78.5741, 24.7588 ], [ 78.5763, 24.7517 ], [ 78.5847, 24.7474 ], [ 78.5881, 24.7373 ], [ 78.5968, 24.731 ], [ 78.6069, 24.6518 ], [ 78.6178, 24.6219 ], [ 78.6157, 24.6091 ], [ 78.5967, 24.5827 ], [ 78.5941, 24.5586 ], [ 78.5987, 24.5479 ], [ 78.5939, 24.5378 ], [ 78.5847, 24.5368 ], [ 78.5783, 24.502 ], [ 78.5659, 24.4893 ], [ 78.5564, 24.4869 ], [ 78.5314, 24.462 ], [ 78.5136, 24.451 ], [ 78.5002, 24.4213 ], [ 78.4895, 24.414 ], [ 78.4982, 24.3928 ], [ 78.4753, 24.3674 ], [ 78.4708, 24.3434 ], [ 78.4403, 24.3255 ], [ 78.4335, 24.3134 ], [ 78.4348, 24.2977 ], [ 78.4265, 24.2902 ], [ 78.4113, 24.2876 ], [ 78.407, 24.277 ], [ 78.3824, 24.2739 ], [ 78.3617, 24.2961 ], [ 78.3424, 24.3054 ], [ 78.3394, 24.3174 ], [ 78.3285, 24.3255 ], [ 78.3254, 24.3344 ], [ 78.3626, 24.3782 ], [ 78.3609, 24.3858 ], [ 78.3449, 24.392 ], [ 78.3367, 24.4039 ], [ 78.3183, 24.4104 ], [ 78.2999, 24.4265 ], [ 78.2669, 24.4474 ], [ 78.2603, 24.46 ], [ 78.2696, 24.4762 ], [ 78.2632, 24.4831 ], [ 78.2396, 24.4895 ], [ 78.2402, 24.5096 ], [ 78.2197, 24.5228 ], [ 78.2184, 24.5357 ], [ 78.2242, 24.5413 ] ] ] } },
{ "type": "Feature", "properties": { "unit_id": "IND.34.48.2_1", "unit_name": "Mahrauni", "district": "Lalitpur", "did": "uttar_pradesh:Lalitpur", "state": "Uttar Pradesh", "state_key": "uttar_pradesh", "name_ok": true }, "geometry": { "type": "Polygon", "coordinates": [ [ [ 78.9878, 24.428 ], [ 78.9809, 24.4178 ], [ 78.9672, 24.3736 ], [ 78.9669, 24.3537 ], [ 78.9325, 24.3189 ], [ 78.9078, 24.3012 ], [ 78.9077, 24.2949 ], [ 78.9128, 24.2894 ], [ 78.9117, 24.2765 ], [ 78.8791, 24.254 ], [ 78.8789, 24.2231 ], [ 78.8628, 24.214 ], [ 78.8465, 24.2169 ], [ 78.8388, 24.2147 ], [ 78.8243, 24.2013 ], [ 78.8201, 24.2012 ], [ 78.8135, 24.2103 ], [ 78.8091, 24.2047 ], [ 78.8057, 24.1843 ], [ 78.7917, 24.1802 ], [ 78.7846, 24.1851 ], [ 78.7763, 24.21 ], [ 78.7677, 24.2178 ], [ 78.7605, 24.2339 ], [ 78.7664, 24.2506 ], [ 78.7603, 24.2585 ], [ 78.7567, 24.2597 ], [ 78.7526, 24.2437 ], [ 78.7459, 24.2393 ], [ 78.7375, 24.2421 ], [ 78.7322, 24.2538 ], [ 78.7265, 24.2527 ], [ 78.7186, 24.2392 ], [ 78.7071, 24.2388 ], [ 78.6989, 24.2345 ], [ 78.6811, 24.2441 ], [ 78.6691, 24.245 ], [ 78.6544, 24.2737 ], [ 78.6342, 24.2894 ], [ 78.6217, 24.2863 ], [ 78.6173, 24.2961 ], [ 78.6228, 24.3099 ], [ 78.6021, 24.3183 ], [ 78.5936, 24.3394 ], [ 78.5847, 24.3434 ], [ 78.5784, 24.3571 ], [ 78.5526, 24.3606 ], [ 78.5276, 24.3745 ], [ 78.5146, 24.3906 ], [ 78.4982, 24.3928 ], [ 78.4895, 24.414 ], [ 78.5002, 24.4213 ], [ 78.5136, 24.451 ], [ 78.5314, 24.462 ], [ 78.5564, 24.4869 ], [ 78.5659, 24.4893 ], [ 78.5783, 24.502 ], [ 78.5847, 24.5368 ], [ 78.5939, 24.5378 ], [ 78.5987, 24.5479 ], [ 78.5941, 24.5586 ], [ 78.5967, 24.5827 ], [ 78.6126, 24.6018 ], [ 78.6178, 24.6219 ], [ 78.6069, 24.6518 ], [ 78.5968, 24.731 ], [ 78.5881, 24.7373 ], [ 78.5847, 24.7474 ], [ 78.5763, 24.7517 ], [ 78.5741, 24.7588 ], [ 78.5648, 24.7573 ], [ 78.552, 24.7651 ], [ 78.5306, 24.7678 ], [ 78.5244, 24.7735 ], [ 78.5142, 24.7665 ], [ 78.5051, 24.7532 ], [ 78.491, 24.7589 ], [ 78.5053, 24.7697 ], [ 78.5064, 24.7856 ], [ 78.4733, 24.7815 ], [ 78.4655, 24.7777 ], [ 78.4504, 24.792 ], [ 78.4823, 24.846 ], [ 78.4798, 24.8642 ], [ 78.4858, 24.871 ], [ 78.4864, 24.8799 ], [ 78.4974, 24.8904 ], [ 78.4893, 24.9151 ], [ 78.492, 24.9226 ], [ 78.5074, 24.9342 ], [ 78.5133, 24.9494 ], [ 78.5251, 24.9527 ], [ 78.5387, 24.9645 ], [ 78.5505, 24.9561 ], [ 78.5571, 24.9559 ], [ 78.5654, 24.9461 ], [ 78.5712, 24.951 ], [ 78.5984, 24.9414 ], [ 78.6184, 24.9403 ], [ 78.6257, 24.9354 ], [ 78.6278, 24.9208 ], [ 78.6186, 24.9078 ], [ 78.6143, 24.8918 ], [ 78.618, 24.8773 ], [ 78.6367, 24.8813 ], [ 78.663, 24.9093 ], [ 78.6754, 24.8985 ], [ 78.6963, 24.8947 ], [ 78.7029, 24.884 ], [ 78.7189, 24.8827 ], [ 78.7344, 24.871 ], [ 78.7467, 24.8708 ], [ 78.7645, 24.8614 ], [ 78.7811, 24.8105 ], [ 78.7645, 24.795 ], [ 78.7632, 24.7668 ], [ 78.7686, 24.7548 ], [ 78.7724, 24.7041 ], [ 78.7676, 24.6969 ], [ 78.76, 24.6936 ], [ 78.755, 24.6736 ], [ 78.7449, 24.6693 ], [ 78.7401, 24.66 ], [ 78.748, 24.6371 ], [ 78.7495, 24.605 ], [ 78.7769, 24.5931 ], [ 78.7938, 24.5982 ], [ 78.8018, 24.6078 ], [ 78.8111, 24.6053 ], [ 78.8288, 24.6078 ], [ 78.836, 24.6256 ], [ 78.8444, 24.629 ], [ 78.8524, 24.6209 ], [ 78.8592, 24.6282 ], [ 78.8628, 24.6411 ], [ 78.8731, 24.6469 ], [ 78.8817, 24.6397 ], [ 78.893, 24.6138 ], [ 78.9044, 24.6043 ], [ 78.9131, 24.5813 ], [ 78.9304, 24.5644 ], [ 78.9447, 24.5562 ], [ 78.94, 24.5341 ], [ 78.9448, 24.5236 ], [ 78.9442, 24.5095 ], [ 78.9502, 24.5045 ], [ 78.9634, 24.502 ], [ 78.9664, 24.4969 ], [ 78.9486, 24.4862 ], [ 78.9307, 24.4845 ], [ 78.9233, 24.4884 ], [ 78.9244, 24.4991 ], [ 78.9176, 24.5025 ], [ 78.9138, 24.5008 ], [ 78.9009, 24.4884 ], [ 78.9086, 24.4668 ], [ 78.9311, 24.46 ], [ 78.9444, 24.4433 ], [ 78.982, 24.4472 ], [ 78.9878, 24.428 ] ] ] } },
{ "type": "Feature", "properties": { "unit_id": "IND.34.49.1_1", "unit_name": "Lucknow", "district": "Lucknow", "did": "uttar_pradesh:Lucknow", "state": "Uttar Pradesh", "state_key": "uttar_pradesh", "name_ok": true }, "geometry": { "type": "Polygon", "coordinates": [ [ [ 81.0723, 26.914 ], [ 81.0803, 26.9203 ], [ 81.0859, 26.9196 ], [ 81.0907, 26.9078 ], [ 81.0809, 26.8942 ], [ 81.0889, 26.8874 ], [ 81.0925, 26.8755 ], [ 81.0823, 26.8632 ], [ 81.0846, 26.8418 ], [ 81.0686, 26.8341 ], [ 81.0504, 26.8326 ], [ 81.0492, 26.8222 ], [ 81.0442, 26.8303 ], [ 81.0383, 26.819 ], [ 81.0239, 26.8245 ], [ 81.0115, 26.8167 ], [ 81.0124, 26.8107 ], [ 81.0222, 26.8042 ], [ 81.003, 26.7896 ], [ 81.022, 26.7827 ], [ 81.0187, 26.7768 ], [ 81.021, 26.7664 ], [ 81.0013, 26.7465 ], [ 80.9968, 26.7464 ], [ 80.9903, 26.7553 ], [ 80.9761, 26.7545 ], [ 80.9728, 26.7487 ], [ 80.9809, 26.7436 ], [ 80.9612, 26.7312 ], [ 80.9529, 26.7129 ], [ 80.9577, 26.6868 ], [ 80.9317, 26.6684 ], [ 80.9047, 26.6659 ], [ 80.8946, 26.6569 ], [ 80.869, 26.6587 ], [ 80.8635, 26.6473 ], [ 80.8447, 26.6537 ], [ 80.8333, 26.6681 ], [ 80.816, 26.6649 ], [ 80.785, 26.6514 ], [ 80.7746, 26.6711 ], [ 80.761, 26.6684 ], [ 80.7575, 26.6737 ], [ 80.76, 26.6822 ], [ 80.7521, 26.6863 ], [ 80.7531, 26.6901 ], [ 80.7427, 26.6893 ], [ 80.7346, 26.6795 ], [ 80.7368, 26.6713 ], [ 80.7199, 26.661 ], [ 80.7051, 26.6731 ], [ 80.7071, 26.678 ], [ 80.6979, 26.6882 ], [ 80.6878, 26.6909 ], [ 80.7082, 26.7048 ], [ 80.7056, 26.7123 ], [ 80.6898, 26.7244 ], [ 80.6966, 26.7237 ], [ 80.6912, 26.7335 ], [ 80.6949, 26.7417 ], [ 80.693, 26.7522 ], [ 80.6882, 26.753 ], [ 80.6819, 26.7613 ], [ 80.683, 26.7652 ], [ 80.6873, 26.768 ], [ 80.7223, 26.7596 ], [ 80.7304, 26.7668 ], [ 80.7411, 26.7697 ], [ 80.7461, 26.779 ], [ 80.7281, 26.7808 ], [ 80.7311, 26.7946 ], [ 80.7181, 26.7994 ], [ 80.6989, 26.8294 ], [ 80.6825, 26.8427 ], [ 80.6841, 26.8553 ], [ 80.6712, 26.8659 ], [ 80.6489, 26.8755 ], [ 80.6516, 26.8814 ], [ 80.6582, 26.891 ], [ 80.6943, 26.8775 ], [ 80.704, 26.8995 ], [ 80.7163, 26.8931 ], [ 80.7164, 26.8848 ], [ 80.7274, 26.8803 ], [ 80.7292, 26.8843 ], [ 80.7367, 26.8849 ], [ 80.7459, 26.8762 ], [ 80.7559, 26.8743 ], [ 80.7591, 26.8836 ], [ 80.7742, 26.8886 ], [ 80.7741, 26.9021 ], [ 80.7676, 26.9095 ], [ 80.772, 26.9142 ], [ 80.7783, 26.917 ], [ 80.7909, 26.9054 ], [ 80.799, 26.9017 ], [ 80.8053, 26.903 ], [ 80.8097, 26.9067 ], [ 80.8123, 26.9203 ], [ 80.819, 26.9234 ], [ 80.8216, 26.934 ], [ 80.8086, 26.9418 ], [ 80.8062, 26.9491 ], [ 80.7946, 26.9462 ], [ 80.7882, 26.9529 ], [ 80.7749, 26.9504 ], [ 80.7598, 26.9622 ], [ 80.7523, 26.9541 ], [ 80.7488, 26.9571 ], [ 80.7449, 26.9678 ], [ 80.7503, 26.9708 ], [ 80.747, 26.9777 ], [ 80.7366, 26.9835 ], [ 80.7389, 26.9881 ], [ 80.7309, 26.9939 ], [ 80.7358, 27.0129 ], [ 80.7413, 27.0107 ], [ 80.756, 27.0132 ], [ 80.746, 26.9955 ], [ 80.7804, 26.9857 ], [ 80.7841, 26.9919 ], [ 80.7896, 26.9895 ], [ 80.8053, 27.0019 ], [ 80.8109, 27.0004 ], [ 80.8224, 27.006 ], [ 80.8611, 26.9949 ], [ 80.8724, 26.9698 ], [ 80.8847, 26.962 ], [ 80.8888, 26.9507 ], [ 80.8797, 26.9388 ], [ 80.8947, 26.9389 ], [ 80.908, 26.944 ], [ 80.9153, 26.9422 ], [ 80.9224, 26.9492 ], [ 80.9173, 26.9631 ], [ 80.9378, 26.9625 ], [ 80.9431, 26.9601 ], [ 80.939, 26.9502 ], [ 80.9432, 26.9478 ], [ 80.9397, 26.9405 ], [ 80.9344, 26.9427 ], [ 80.9293, 26.9314 ], [ 80.9357, 26.9226 ], [ 80.947, 26.9228 ], [ 80.9622, 26.9331 ], [ 80.9902, 26.9243 ], [ 80.9998, 26.9332 ], [ 81.0159, 26.9282 ], [ 81.0281, 26.9196 ], [ 81.0396, 26.9216 ], [ 81.0558, 26.9138 ], [ 81.0723, 26.914 ] ] ] } },
{ "type": "Feature", "properties": { "unit_id": "IND.34.49.2_1", "unit_name": "Malihabad", "district": "Lucknow", "did": "uttar_pradesh:Lucknow", "state": "Uttar Pradesh", "state_key": "uttar_pradesh", "name_ok": true }, "geometry": { "type": "Polygon", "coordinates": [ [ [ 81.0206, 26.9905 ], [ 81.0156, 26.9775 ], [ 81.0262, 26.9702 ], [ 81.0334, 26.9732 ], [ 81.0405, 26.9714 ], [ 81.0466, 26.9781 ], [ 81.0556, 26.9728 ], [ 81.049, 26.9633 ], [ 81.0423, 26.9661 ], [ 81.0357, 26.9608 ], [ 81.0323, 26.9491 ], [ 81.0335, 26.9438 ], [ 81.0408, 26.9421 ], [ 81.0409, 26.9374 ], [ 81.0541, 26.9328 ], [ 81.0656, 26.9136 ], [ 81.0558, 26.9138 ], [ 81.0396, 26.9216 ], [ 81.0281, 26.9196 ], [ 81.0159, 26.9282 ], [ 80.9998, 26.9332 ], [ 80.9902, 26.9243 ], [ 80.9622, 26.9331 ], [ 80.947, 26.9228 ], [ 80.9357, 26.9226 ], [ 80.9293, 26.9314 ], [ 80.9344, 26.9427 ], [ 80.9397, 26.9405 ], [ 80.9432, 26.9478 ], [ 80.939, 26.9502 ], [ 80.9431, 26.9601 ], [ 80.9378, 26.9625 ], [ 80.9173, 26.9631 ], [ 80.9224, 26.9492 ], [ 80.9153, 26.9422 ], [ 80.908, 26.944 ], [ 80.8947, 26.9389 ], [ 80.8797, 26.9388 ], [ 80.8888, 26.9507 ], [ 80.8847, 26.962 ], [ 80.8724, 26.9698 ], [ 80.8611, 26.9949 ], [ 80.8224, 27.006 ], [ 80.8109, 27.0004 ], [ 80.8053, 27.0019 ], [ 80.7896, 26.9895 ], [ 80.7841, 26.9919 ], [ 80.7804, 26.9857 ], [ 80.765, 26.9882 ], [ 80.746, 26.9955 ], [ 80.756, 27.0132 ], [ 80.7413, 27.0107 ], [ 80.7358, 27.0129 ], [ 80.7309, 26.9939 ], [ 80.7389, 26.9881 ], [ 80.7366, 26.9835 ], [ 80.747, 26.9777 ], [ 80.7503, 26.9708 ], [ 80.7449, 26.9678 ], [ 80.7488, 26.9571 ], [ 80.7523, 26.9541 ], [ 80.7598, 26.9622 ], [ 80.7749, 26.9504 ], [ 80.7882, 26.9529 ], [ 80.7946, 26.9462 ], [ 80.8062, 26.9491 ], [ 80.8086, 26.9418 ], [ 80.8216, 26.934 ], [ 80.819, 26.9234 ], [ 80.8123, 26.9203 ], [ 80.8097, 26.9067 ], [ 80.8053, 26.903 ], [ 80.799, 26.9017 ], [ 80.7909, 26.9054 ], [ 80.7783, 26.917 ], [ 80.772, 26.9142 ], [ 80.7676, 26.9095 ], [ 80.7741, 26.9021 ], [ 80.7742, 26.8886 ], [ 80.7591, 26.8836 ], [ 80.7559, 26.8743 ], [ 80.7459, 26.8762 ], [ 80.7367, 26.8849 ], [ 80.7292, 26.8843 ], [ 80.7274, 26.8803 ], [ 80.7164, 26.8848 ], [ 80.7163, 26.8931 ], [ 80.704, 26.8995 ], [ 80.6943, 26.8775 ], [ 80.6582, 26.891 ], [ 80.6489, 26.8755 ], [ 80.6362, 26.8822 ], [ 80.6182, 26.8858 ], [ 80.6177, 26.8941 ], [ 80.6314, 26.9083 ], [ 80.614, 26.9141 ], [ 80.5996, 26.9494 ], [ 80.5821, 26.9474 ], [ 80.572, 26.9309 ], [ 80.5512, 26.9417 ], [ 80.5613, 26.9602 ], [ 80.576, 26.9657 ], [ 80.5783, 26.9587 ], [ 80.5858, 26.9603 ], [ 80.5886, 26.968 ], [ 80.5845, 26.9742 ], [ 80.5903, 26.9893 ], [ 80.5779, 26.9912 ], [ 80.5701, 27.0062 ], [ 80.5507, 27.0162 ], [ 80.5783, 27.0319 ], [ 80.5782, 27.0347 ], [ 80.5678, 27.0349 ], [ 80.5709, 27.0398 ], [ 80.5868, 27.044 ], [ 80.5891, 27.0476 ], [ 80.5949, 27.047 ], [ 80.5977, 27.0421 ], [ 80.6055, 27.0435 ], [ 80.6137, 27.0622 ], [ 80.6275, 27.0643 ], [ 80.6327, 27.0696 ], [ 80.6468, 27.0676 ], [ 80.641, 27.0727 ], [ 80.6314, 27.0738 ], [ 80.6369, 27.084 ], [ 80.6568, 27.0802 ], [ 80.6762, 27.0686 ], [ 80.6859, 27.0689 ], [ 80.6912, 27.0655 ], [ 80.6925, 27.0738 ], [ 80.7029, 27.0745 ], [ 80.7018, 27.0853 ], [ 80.7144, 27.0923 ], [ 80.7248, 27.105 ], [ 80.7492, 27.1057 ], [ 80.7555, 27.0943 ], [ 80.7608, 27.1076 ], [ 80.7735, 27.1033 ], [ 80.781, 27.1163 ], [ 80.8089, 27.1028 ], [ 80.8173, 27.1067 ], [ 80.8208, 27.1048 ], [ 80.8492, 27.1279 ], [ 80.8715, 27.1344 ], [ 80.884, 27.133 ], [ 80.8947, 27.1551 ], [ 80.9038, 27.1542 ], [ 80.9192, 27.1643 ], [ 80.9385, 27.1534 ], [ 80.9393, 27.1478 ], [ 80.9469, 27.1443 ], [ 80.9549, 27.1497 ], [ 80.9688, 27.1431 ], [ 80.9712, 27.1477 ], [ 80.9819, 27.1425 ], [ 80.9899, 27.1519 ], [ 81.0021, 27.1458 ], [ 81.018, 27.1226 ], [ 81.013, 27.1083 ], [ 81.0461, 27.0905 ], [ 81.0293, 27.0753 ], [ 81.0191, 27.0773 ], [ 81.0074, 27.0701 ], [ 80.99, 27.0802 ], [ 80.983, 27.0787 ], [ 80.9795, 27.0716 ], [ 80.9741, 27.0746 ], [ 80.9726, 27.0685 ], [ 80.9628, 27.0608 ], [ 80.9685, 27.0406 ], [ 80.9911, 27.0431 ], [ 80.9845, 27.023 ], [ 80.9901, 27.0052 ], [ 81.0206, 26.9905 ] ] ] } },
{ "type": "Feature", "properties": { "unit_id": "IND.34.49.3_1", "unit_name": "Mohanlalganj", "district": "Lucknow", "did": "uttar_pradesh:Lucknow", "state": "Uttar Pradesh", "state_key": "uttar_pradesh", "name_ok": true }, "geometry": { "type": "Polygon", "coordinates": [ [ [ 81.1208, 26.8393 ], [ 81.1313, 26.8194 ], [ 81.1391, 26.8156 ], [ 81.1472, 26.8187 ], [ 81.1519, 26.8129 ], [ 81.1611, 26.8123 ], [ 81.1492, 26.8021 ], [ 81.1494, 26.7805 ], [ 81.1544, 26.7781 ], [ 81.1647, 26.7907 ], [ 81.1802, 26.7847 ], [ 81.184, 26.7965 ], [ 81.2068, 26.7872 ], [ 81.1789, 26.7664 ], [ 81.1939, 26.7491 ], [ 81.1941, 26.7334 ], [ 81.206, 26.726 ], [ 81.2093, 26.7109 ], [ 81.2069, 26.7069 ], [ 81.1985, 26.7059 ], [ 81.1957, 26.6954 ], [ 81.1794, 26.6794 ], [ 81.1787, 26.6723 ], [ 81.1577, 26.6481 ], [ 81.1663, 26.6404 ], [ 81.1626, 26.6319 ], [ 81.1743, 26.6235 ], [ 81.1553, 26.6074 ], [ 81.1538, 26.5928 ], [ 81.1335, 26.591 ], [ 81.1134, 26.5623 ], [ 81.1088, 26.5609 ], [ 81.0944, 26.5672 ], [ 81.0906, 26.5646 ], [ 81.0839, 26.5458 ], [ 81.0679, 26.5375 ], [ 81.0669, 26.5259 ], [ 81.0558, 26.5221 ], [ 81.038, 26.5064 ], [ 81.0292, 26.5114 ], [ 81.0232, 26.5235 ], [ 81.0164, 26.5283 ], [ 80.9905, 26.5399 ], [ 80.9789, 26.5397 ], [ 80.9783, 26.5494 ], [ 80.9706, 26.5485 ], [ 80.9712, 26.5555 ], [ 80.9569, 26.5542 ], [ 80.9609, 26.5593 ], [ 80.9437, 26.5666 ], [ 80.9453, 26.5728 ], [ 80.9365, 26.5687 ], [ 80.9274, 26.5726 ], [ 80.9321, 26.573 ], [ 80.9233, 26.5792 ], [ 80.9183, 26.5893 ], [ 80.9236, 26.5904 ], [ 80.9172, 26.5966 ], [ 80.9131, 26.5944 ], [ 80.9107, 26.598 ], [ 80.9094, 26.5946 ], [ 80.8998, 26.6024 ], [ 80.8966, 26.5959 ], [ 80.8825, 26.6029 ], [ 80.8828, 26.6266 ], [ 80.8749, 26.6265 ], [ 80.8677, 26.6192 ], [ 80.8629, 26.6264 ], [ 80.8716, 26.6312 ], [ 80.8736, 26.6363 ], [ 80.8635, 26.6473 ], [ 80.869, 26.6587 ], [ 80.8946, 26.6569 ], [ 80.9047, 26.6659 ], [ 80.9317, 26.6684 ], [ 80.9577, 26.6868 ], [ 80.9529, 26.7129 ], [ 80.9612, 26.7312 ], [ 80.9809, 26.7436 ], [ 80.9728, 26.7487 ], [ 80.9739, 26.7516 ], [ 80.9761, 26.7545 ], [ 80.9903, 26.7553 ], [ 80.9968, 26.7464 ], [ 81.0013, 26.7465 ], [ 81.021, 26.7664 ], [ 81.0187, 26.7768 ], [ 81.022, 26.7827 ], [ 81.003, 26.7896 ], [ 81.0222, 26.8042 ], [ 81.0124, 26.8107 ], [ 81.0115, 26.8167 ], [ 81.0239, 26.8245 ], [ 81.0383, 26.819 ], [ 81.0442, 26.8303 ], [ 81.0492, 26.8222 ], [ 81.0504, 26.8326 ], [ 81.0686, 26.8341 ], [ 81.0842, 26.8428 ], [ 81.1208, 26.8393 ] ] ] } },
{ "type": "Feature", "properties": { "unit_id": "IND.34.50.1_1", "unit_name": "Maharajganj", "district": "Maharajganj", "did": "uttar_pradesh:Maharajganj", "state": "Uttar Pradesh", "state_key": "uttar_pradesh", "name_ok": true }, "geometry": { "type": "Polygon", "coordinates": [ [ [ 83.8493, 27.3356 ], [ 83.8293, 27.3275 ], [ 83.8306, 27.3214 ], [ 83.8425, 27.3213 ], [ 83.8505, 27.3121 ], [ 83.8591, 27.3117 ], [ 83.8936, 27.3291 ], [ 83.908, 27.3304 ], [ 83.9236, 27.3164 ], [ 83.9257, 27.3042 ], [ 83.9188, 27.2927 ], [ 83.898, 27.279 ], [ 83.8855, 27.2882 ], [ 83.872, 27.2875 ], [ 83.8671, 27.3008 ], [ 83.8346, 27.2908 ], [ 83.8279, 27.2767 ], [ 83.8293, 27.2694 ], [ 83.8396, 27.2579 ], [ 83.8372, 27.2525 ], [ 83.8042, 27.2476 ], [ 83.7936, 27.2519 ], [ 83.7858, 27.2482 ], [ 83.7894, 27.2366 ], [ 83.7994, 27.2319 ], [ 83.812, 27.2368 ], [ 83.817, 27.2322 ], [ 83.8218, 27.214 ], [ 83.8183, 27.207 ], [ 83.8101, 27.2034 ], [ 83.7965, 27.2193 ], [ 83.7901, 27.2179 ], [ 83.7919, 27.197 ], [ 83.8003, 27.188 ], [ 83.7752, 27.1746 ], [ 83.7721, 27.1685 ], [ 83.8165, 27.1787 ], [ 83.8021, 27.169 ], [ 83.7937, 27.1142 ], [ 83.7685, 27.1081 ], [ 83.7618, 27.0923 ], [ 83.7501, 27.0887 ], [ 83.737, 27.0784 ], [ 83.7566, 27.0765 ], [ 83.7551, 27.0559 ], [ 83.7477, 27.0511 ], [ 83.7299, 27.0626 ], [ 83.7205, 27.0576 ], [ 83.7281, 27.0415 ], [ 83.7436, 27.0383 ], [ 83.7348, 27.0253 ], [ 83.7402, 27.0116 ], [ 83.7598, 27.0038 ], [ 83.7542, 26.998 ], [ 83.7366, 26.9979 ], [ 83.7271, 26.9937 ], [ 83.7188, 26.9564 ], [ 83.709, 26.9538 ], [ 83.6989, 26.963 ], [ 83.6726, 26.9664 ], [ 83.6708, 26.949 ], [ 83.6132, 26.9582 ], [ 83.6124, 26.9519 ], [ 83.6191, 26.944 ], [ 83.6169, 26.9332 ], [ 83.6041, 26.9325 ], [ 83.5975, 26.9147 ], [ 83.586, 26.9172 ], [ 83.5849, 26.9304 ], [ 83.5792, 26.9356 ], [ 83.5684, 26.9317 ], [ 83.5618, 26.9361 ], [ 83.5506, 26.9263 ], [ 83.5465, 26.8932 ], [ 83.5376, 26.8928 ], [ 83.4855, 26.9019 ], [ 83.487, 26.9124 ], [ 83.4754, 26.9142 ], [ 83.474, 26.9218 ], [ 83.4681, 26.9223 ], [ 83.4672, 26.9284 ], [ 83.4618, 26.9293 ], [ 83.4673, 26.9421 ], [ 83.4405, 26.9535 ], [ 83.4211, 26.9496 ], [ 83.4262, 26.9607 ], [ 83.3493, 26.9653 ], [ 83.3445, 26.9554 ], [ 83.3265, 26.9574 ], [ 83.327, 26.9614 ], [ 83.3324, 26.9633 ], [ 83.324, 26.9718 ], [ 83.3197, 26.9702 ], [ 83.3183, 26.9726 ], [ 83.3172, 26.9924 ], [ 83.3242, 26.9988 ], [ 83.3378, 26.9984 ], [ 83.338, 27.0043 ], [ 83.343, 27.0064 ], [ 83.341, 27.0098 ], [ 83.3477, 27.012 ], [ 83.3428, 27.0201 ], [ 83.3466, 27.0303 ], [ 83.3628, 27.0302 ], [ 83.3593, 27.0403 ], [ 83.3524, 27.0451 ], [ 83.3565, 27.0464 ], [ 83.3556, 27.0511 ], [ 83.3672, 27.0548 ], [ 83.3816, 27.0658 ], [ 83.3759, 27.0703 ], [ 83.3771, 27.0754 ], [ 83.3893, 27.0802 ], [ 83.3921, 27.087 ], [ 83.4047, 27.0834 ], [ 83.4134, 27.0909 ], [ 83.4195, 27.0888 ], [ 83.4179, 27.0964 ], [ 83.4099, 27.1024 ], [ 83.4128, 27.1087 ], [ 83.4036, 27.1018 ], [ 83.3984, 27.1096 ], [ 83.4274, 27.1307 ], [ 83.4221, 27.1392 ], [ 83.4162, 27.1385 ], [ 83.4222, 27.142 ], [ 83.4202, 27.1466 ], [ 83.4286, 27.1463 ], [ 83.4316, 27.1499 ], [ 83.425, 27.1526 ], [ 83.4274, 27.1593 ], [ 83.4205, 27.1638 ], [ 83.4309, 27.1783 ], [ 83.4245, 27.1867 ], [ 83.4291, 27.1851 ], [ 83.43, 27.1924 ], [ 83.4456, 27.1966 ], [ 83.4356, 27.2047 ], [ 83.4407, 27.209 ], [ 83.4475, 27.2064 ], [ 83.4531, 27.211 ], [ 83.4568, 27.2188 ], [ 83.4505, 27.2222 ], [ 83.4536, 27.2293 ], [ 83.4502, 27.2293 ], [ 83.462, 27.2386 ], [ 83.4649, 27.2359 ], [ 83.4641, 27.2442 ], [ 83.4747, 27.2419 ], [ 83.4853, 27.2463 ], [ 83.4822, 27.2558 ], [ 83.4881, 27.2579 ], [ 83.4884, 27.2637 ], [ 83.5041, 27.2647 ], [ 83.5064, 27.266 ], [ 83.5014, 27.2719 ], [ 83.5162, 27.2733 ], [ 83.5116, 27.2775 ], [ 83.5152, 27.28 ], [ 83.5076, 27.2955 ], [ 83.5262, 27.309 ], [ 83.5124, 27.3276 ], [ 83.5165, 27.3341 ], [ 83.5213, 27.332 ], [ 83.5246, 27.3409 ], [ 83.5436, 27.3442 ], [ 83.552, 27.3355 ], [ 83.5648, 27.3366 ], [ 83.5928, 27.3616 ], [ 83.6193, 27.3645 ], [ 83.6238, 27.3693 ], [ 83.6284, 27.367 ], [ 83.6475, 27.3857 ], [ 83.6453, 27.3899 ], [ 83.653, 27.3966 ], [ 83.6486, 27.4009 ], [ 83.6538, 27.4021 ], [ 83.6488, 27.4135 ], [ 83.6502, 27.4222 ], [ 83.6617, 27.4291 ], [ 83.6835, 27.4335 ], [ 83.6869, 27.4378 ], [ 83.8332, 27.3695 ], [ 83.8585, 27.351 ], [ 83.8493, 27.3356 ] ] ] } },
{ "type": "Feature", "properties": { "unit_id": "IND.34.50.2_1", "unit_name": "Pharenda", "district": "Maharajganj", "did": "uttar_pradesh:Maharajganj", "state": "Uttar Pradesh", "state_key": "uttar_pradesh", "name_ok": true }, "geometry": { "type": "Polygon", "coordinates": [ [ [ 83.3317, 26.9514 ], [ 83.328, 26.9452 ], [ 83.3324, 26.9427 ], [ 83.3319, 26.938 ], [ 83.3195, 26.9239 ], [ 83.3124, 26.9225 ], [ 83.31, 26.9151 ], [ 83.3159, 26.907 ], [ 83.3036, 26.9049 ], [ 83.2922, 26.9244 ], [ 83.2802, 26.9347 ], [ 83.2818, 26.9573 ], [ 83.2697, 26.9573 ], [ 83.2588, 26.9784 ], [ 83.2527, 26.9801 ], [ 83.2384, 26.9759 ], [ 83.2244, 26.9821 ], [ 83.217, 27.0035 ], [ 83.2112, 26.9974 ], [ 83.2036, 27.0042 ], [ 83.206, 27.0208 ], [ 83.197, 27.0207 ], [ 83.1586, 27.0041 ], [ 83.1654, 27.0119 ], [ 83.1548, 27.0138 ], [ 83.1541, 27.0185 ], [ 83.1487, 27.0151 ], [ 83.1509, 27.0065 ], [ 83.1431, 27.0146 ], [ 83.1382, 27.0072 ], [ 83.1344, 27.0085 ], [ 83.1338, 27.0205 ], [ 83.1399, 27.0261 ], [ 83.13, 27.0256 ], [ 83.1407, 27.0442 ], [ 83.1343, 27.0445 ], [ 83.122, 27.053 ], [ 83.1246, 27.0583 ], [ 83.1302, 27.0584 ], [ 83.1343, 27.0517 ], [ 83.1413, 27.0585 ], [ 83.129, 27.068 ], [ 83.1307, 27.079 ], [ 83.1208, 27.09 ], [ 83.1205, 27.1012 ], [ 83.1129, 27.1135 ], [ 83.1151, 27.1168 ], [ 83.1325, 27.113 ], [ 83.1384, 27.1195 ], [ 83.1242, 27.1373 ], [ 83.1136, 27.1625 ], [ 83.1203, 27.1656 ], [ 83.1294, 27.1624 ], [ 83.1395, 27.1714 ], [ 83.1506, 27.1642 ], [ 83.1462, 27.1514 ], [ 83.1508, 27.1474 ], [ 83.1613, 27.1518 ], [ 83.1512, 27.1534 ], [ 83.1533, 27.1567 ], [ 83.1682, 27.1611 ], [ 83.1696, 27.1802 ], [ 83.16, 27.1891 ], [ 83.1692, 27.2003 ], [ 83.1625, 27.2086 ], [ 83.1577, 27.2044 ], [ 83.1597, 27.2256 ], [ 83.1728, 27.2309 ], [ 83.1879, 27.229 ], [ 83.2084, 27.246 ], [ 83.2044, 27.269 ], [ 83.21, 27.2736 ], [ 83.2229, 27.2757 ], [ 83.2318, 27.2864 ], [ 83.2418, 27.2871 ], [ 83.2457, 27.2924 ], [ 83.2341, 27.3024 ], [ 83.2567, 27.3166 ], [ 83.2605, 27.3209 ], [ 83.2601, 27.3295 ], [ 83.2829, 27.341 ], [ 83.3068, 27.3312 ], [ 83.3102, 27.3333 ], [ 83.3196, 27.33 ], [ 83.32, 27.3372 ], [ 83.3383, 27.3331 ], [ 83.3545, 27.3398 ], [ 83.3529, 27.3422 ], [ 83.3576, 27.3444 ], [ 83.3612, 27.343 ], [ 83.3599, 27.3502 ], [ 83.3718, 27.358 ], [ 83.3758, 27.3571 ], [ 83.3768, 27.3698 ], [ 83.3848, 27.3707 ], [ 83.3902, 27.3757 ], [ 83.3868, 27.3901 ], [ 83.398, 27.3956 ], [ 83.4117, 27.4125 ], [ 83.3868, 27.4351 ], [ 83.386, 27.4422 ], [ 83.3978, 27.4463 ], [ 83.404, 27.4575 ], [ 83.4046, 27.4661 ], [ 83.3907, 27.4705 ], [ 83.3944, 27.4762 ], [ 83.3909, 27.4795 ], [ 83.6167, 27.4694 ], [ 83.6869, 27.4378 ], [ 83.6835, 27.4335 ], [ 83.6617, 27.4291 ], [ 83.6502, 27.4222 ], [ 83.6488, 27.4135 ], [ 83.6538, 27.4021 ], [ 83.6486, 27.4009 ], [ 83.653, 27.3966 ], [ 83.6453, 27.3899 ], [ 83.6475, 27.3857 ], [ 83.6284, 27.367 ], [ 83.6238, 27.3693 ], [ 83.6193, 27.3645 ], [ 83.5928, 27.3616 ], [ 83.5648, 27.3366 ], [ 83.552, 27.3355 ], [ 83.5436, 27.3442 ], [ 83.5285, 27.3433 ], [ 83.5213, 27.332 ], [ 83.5149, 27.3329 ], [ 83.5126, 27.3254 ], [ 83.5262, 27.309 ], [ 83.5076, 27.2955 ], [ 83.5152, 27.28 ], [ 83.5116, 27.2775 ], [ 83.5162, 27.2733 ], [ 83.5014, 27.2719 ], [ 83.5064, 27.266 ], [ 83.5041, 27.2647 ], [ 83.4884, 27.2637 ], [ 83.4881, 27.2579 ], [ 83.4822, 27.2558 ], [ 83.4853, 27.2463 ], [ 83.4747, 27.2419 ], [ 83.4641, 27.2442 ], [ 83.4649, 27.2359 ], [ 83.462, 27.2386 ], [ 83.4502, 27.2293 ], [ 83.4536, 27.2293 ], [ 83.4505, 27.2222 ], [ 83.4568, 27.2188 ], [ 83.4531, 27.211 ], [ 83.4475, 27.2064 ], [ 83.4407, 27.209 ], [ 83.4356, 27.2047 ], [ 83.4456, 27.1966 ], [ 83.43, 27.1924 ], [ 83.4291, 27.1851 ], [ 83.4245, 27.1867 ], [ 83.4309, 27.1783 ], [ 83.4205, 27.1638 ], [ 83.4274, 27.1593 ], [ 83.425, 27.1526 ], [ 83.4316, 27.1499 ], [ 83.4286, 27.1463 ], [ 83.4202, 27.1466 ], [ 83.4222, 27.142 ], [ 83.4162, 27.1385 ], [ 83.4221, 27.1392 ], [ 83.4274, 27.1307 ], [ 83.3984, 27.1096 ], [ 83.4036, 27.1018 ], [ 83.4128, 27.1087 ], [ 83.4099, 27.1024 ], [ 83.4179, 27.0964 ], [ 83.4195, 27.0888 ], [ 83.4134, 27.0909 ], [ 83.4047, 27.0834 ], [ 83.3921, 27.087 ], [ 83.3893, 27.0802 ], [ 83.3771, 27.0754 ], [ 83.3798, 27.0636 ], [ 83.3556, 27.0511 ], [ 83.3565, 27.0464 ], [ 83.3524, 27.0451 ], [ 83.3593, 27.0403 ], [ 83.3628, 27.0302 ], [ 83.3466, 27.0303 ], [ 83.3428, 27.0201 ], [ 83.3477, 27.012 ], [ 83.341, 27.0098 ], [ 83.343, 27.0064 ], [ 83.338, 27.0043 ], [ 83.3378, 26.9984 ], [ 83.3242, 26.9988 ], [ 83.3172, 26.9924 ], [ 83.3183, 26.9726 ], [ 83.3197, 26.9702 ], [ 83.324, 26.9718 ], [ 83.3324, 26.9633 ], [ 83.327, 26.9614 ], [ 83.3317, 26.9514 ] ] ] } },
{ "type": "Feature", "properties": { "unit_id": "IND.34.51.1_1", "unit_name": "Charkhari", "district": "Mahoba", "did": "uttar_pradesh:Mahoba", "state": "Uttar Pradesh", "state_key": "uttar_pradesh", "name_ok": true }, "geometry": { "type": "Polygon", "coordinates": [ [ [ 79.7354, 25.5516 ], [ 79.7311, 25.5305 ], [ 79.7337, 25.5277 ], [ 79.7474, 25.5215 ], [ 79.7551, 25.5409 ], [ 79.7574, 25.529 ], [ 79.7641, 25.5218 ], [ 79.7969, 25.5095 ], [ 79.796, 25.5035 ], [ 79.8012, 25.502 ], [ 79.8062, 25.5039 ], [ 79.8129, 25.5236 ], [ 79.8207, 25.532 ], [ 79.8148, 25.5432 ], [ 79.8162, 25.5519 ], [ 79.8228, 25.554 ], [ 79.8494, 25.5503 ], [ 79.8582, 25.5743 ], [ 79.8658, 25.5816 ], [ 79.8849, 25.5828 ], [ 79.8924, 25.5922 ], [ 79.8964, 25.5869 ], [ 79.9167, 25.5766 ], [ 79.9296, 25.5583 ], [ 79.91, 25.5104 ], [ 79.897, 25.5013 ], [ 79.9278, 25.4781 ], [ 79.9289, 25.47 ], [ 79.9113, 25.4611 ], [ 79.9106, 25.4467 ], [ 79.8969, 25.4428 ], [ 79.8918, 25.4468 ], [ 79.864, 25.4157 ], [ 79.8668, 25.3953 ], [ 79.8533, 25.3957 ], [ 79.838, 25.3811 ], [ 79.8308, 25.3525 ], [ 79.8117, 25.3524 ], [ 79.7979, 25.3718 ], [ 79.7795, 25.364 ], [ 79.7834, 25.3528 ], [ 79.7739, 25.3508 ], [ 79.7703, 25.3457 ], [ 79.7698, 25.3276 ], [ 79.7637, 25.3213 ], [ 79.7714, 25.319 ], [ 79.7668, 25.2986 ], [ 79.7648, 25.2955 ], [ 79.7604, 25.2967 ], [ 79.7552, 25.3026 ], [ 79.7489, 25.2983 ], [ 79.7482, 25.2847 ], [ 79.7412, 25.2799 ], [ 79.7369, 25.2681 ], [ 79.7394, 25.2441 ], [ 79.7268, 25.2077 ], [ 79.7223, 25.2075 ], [ 79.7044, 25.2155 ], [ 79.6877, 25.2182 ], [ 79.6889, 25.2416 ], [ 79.7011, 25.2446 ], [ 79.7014, 25.2516 ], [ 79.6929, 25.2625 ], [ 79.6935, 25.2765 ], [ 79.7001, 25.2868 ], [ 79.7002, 25.3114 ], [ 79.6945, 25.3186 ], [ 79.6977, 25.322 ], [ 79.7113, 25.3109 ], [ 79.7145, 25.3354 ], [ 79.7302, 25.3488 ], [ 79.7275, 25.3559 ], [ 79.7237, 25.3596 ], [ 79.703, 25.3499 ], [ 79.6849, 25.3717 ], [ 79.6914, 25.382 ], [ 79.6776, 25.4107 ], [ 79.6655, 25.4111 ], [ 79.6607, 25.3938 ], [ 79.6499, 25.3802 ], [ 79.6333, 25.3703 ], [ 79.6129, 25.3887 ], [ 79.6043, 25.3996 ], [ 79.6018, 25.4102 ], [ 79.6239, 25.4304 ], [ 79.6243, 25.4374 ], [ 79.6063, 25.4416 ], [ 79.5977, 25.4525 ], [ 79.5903, 25.4458 ], [ 79.5834, 25.4496 ], [ 79.5579, 25.4225 ], [ 79.535, 25.4515 ], [ 79.5403, 25.4571 ], [ 79.5364, 25.4608 ], [ 79.5429, 25.4687 ], [ 79.5479, 25.4685 ], [ 79.5563, 25.4752 ], [ 79.5576, 25.4822 ], [ 79.5725, 25.4937 ], [ 79.5767, 25.4955 ], [ 79.5808, 25.4925 ], [ 79.5877, 25.502 ], [ 79.5962, 25.5009 ], [ 79.6076, 25.4877 ], [ 79.6213, 25.4912 ], [ 79.6344, 25.489 ], [ 79.6386, 25.5047 ], [ 79.6332, 25.5114 ], [ 79.6584, 25.5177 ], [ 79.6543, 25.5342 ], [ 79.6579, 25.54 ], [ 79.652, 25.5467 ], [ 79.6528, 25.5553 ], [ 79.6582, 25.5563 ], [ 79.6657, 25.5502 ], [ 79.6856, 25.5518 ], [ 79.695, 25.5573 ], [ 79.6907, 25.5659 ], [ 79.706, 25.5713 ], [ 79.7354, 25.5516 ] ] ] } },
{ "type": "Feature", "properties": { "unit_id": "IND.34.51.2_1", "unit_name": "Kulpahar", "district": "Mahoba", "did": "uttar_pradesh:Mahoba", "state": "Uttar Pradesh", "state_key": "uttar_pradesh", "name_ok": true }, "geometry": { "type": "Polygon", "coordinates": [ [ [ 79.6, 25.155 ], [ 79.5914, 25.1463 ], [ 79.574, 25.1595 ], [ 79.5689, 25.1755 ], [ 79.5596, 25.176 ], [ 79.5503, 25.1694 ], [ 79.5349, 25.1476 ], [ 79.5286, 25.145 ], [ 79.5287, 25.1374 ], [ 79.5138, 25.1257 ], [ 79.5172, 25.1018 ], [ 79.5002, 25.0992 ], [ 79.4899, 25.0828 ], [ 79.4715, 25.0872 ], [ 79.4605, 25.0963 ], [ 79.4684, 25.1345 ], [ 79.4364, 25.1078 ], [ 79.4299, 25.1091 ], [ 79.4353, 25.1265 ], [ 79.4259, 25.1384 ], [ 79.4151, 25.1391 ], [ 79.4171, 25.1273 ], [ 79.4092, 25.1157 ], [ 79.3991, 25.1135 ], [ 79.3908, 25.1179 ], [ 79.3801, 25.1537 ], [ 79.3839, 25.1703 ], [ 79.4039, 25.1896 ], [ 79.4081, 25.2075 ], [ 79.4246, 25.2026 ], [ 79.4358, 25.2047 ], [ 79.4427, 25.2126 ], [ 79.4424, 25.221 ], [ 79.427, 25.225 ], [ 79.4386, 25.2483 ], [ 79.4418, 25.2517 ], [ 79.4449, 25.2481 ], [ 79.4483, 25.2508 ], [ 79.4592, 25.2695 ], [ 79.484, 25.265 ], [ 79.4897, 25.2656 ], [ 79.4904, 25.2703 ], [ 79.4763, 25.2732 ], [ 79.4731, 25.2821 ], [ 79.4574, 25.2839 ], [ 79.4531, 25.2826 ], [ 79.4516, 25.2736 ], [ 79.4312, 25.2596 ], [ 79.4153, 25.2592 ], [ 79.4012, 25.2624 ], [ 79.4019, 25.2793 ], [ 79.3886, 25.2862 ], [ 79.3835, 25.2836 ], [ 79.3674, 25.2943 ], [ 79.3644, 25.2925 ], [ 79.3672, 25.2724 ], [ 79.3583, 25.2635 ], [ 79.3511, 25.27 ], [ 79.3497, 25.2884 ], [ 79.3308, 25.294 ], [ 79.3419, 25.3046 ], [ 79.3345, 25.3174 ], [ 79.3446, 25.3344 ], [ 79.3337, 25.3326 ], [ 79.3251, 25.3372 ], [ 79.2947, 25.3402 ], [ 79.2913, 25.3293 ], [ 79.2765, 25.327 ], [ 79.2694, 25.342 ], [ 79.2872, 25.3633 ], [ 79.2918, 25.3809 ], [ 79.306, 25.3901 ], [ 79.3168, 25.404 ], [ 79.3326, 25.4068 ], [ 79.3249, 25.4363 ], [ 79.3605, 25.4672 ], [ 79.3548, 25.4903 ], [ 79.3705, 25.5045 ], [ 79.3811, 25.5269 ], [ 79.3903, 25.522 ], [ 79.3962, 25.5227 ], [ 79.4191, 25.5096 ], [ 79.4355, 25.5145 ], [ 79.4516, 25.5096 ], [ 79.459, 25.5114 ], [ 79.476, 25.4946 ], [ 79.4846, 25.4988 ], [ 79.5044, 25.4915 ], [ 79.5124, 25.4997 ], [ 79.518, 25.4887 ], [ 79.5229, 25.4867 ], [ 79.5319, 25.497 ], [ 79.5564, 25.4962 ], [ 79.5563, 25.4752 ], [ 79.5479, 25.4685 ], [ 79.5429, 25.4687 ], [ 79.5364, 25.4608 ], [ 79.5403, 25.4571 ], [ 79.535, 25.4515 ], [ 79.5495, 25.4369 ], [ 79.552, 25.4262 ], [ 79.5579, 25.4225 ], [ 79.5834, 25.4496 ], [ 79.5903, 25.4458 ], [ 79.5977, 25.4525 ], [ 79.6063, 25.4416 ], [ 79.6243, 25.4374 ], [ 79.6239, 25.4304 ], [ 79.6018, 25.4102 ], [ 79.6043, 25.3996 ], [ 79.6129, 25.3887 ], [ 79.6333, 25.3703 ], [ 79.6499, 25.3802 ], [ 79.6607, 25.3938 ], [ 79.6655, 25.4111 ], [ 79.6776, 25.4107 ], [ 79.6914, 25.382 ], [ 79.6849, 25.3717 ], [ 79.703, 25.3499 ], [ 79.7237, 25.3596 ], [ 79.7275, 25.3559 ], [ 79.7302, 25.3488 ], [ 79.7145, 25.3354 ], [ 79.7113, 25.3109 ], [ 79.6977, 25.322 ], [ 79.6945, 25.3186 ], [ 79.7002, 25.3114 ], [ 79.7001, 25.2868 ], [ 79.6935, 25.2765 ], [ 79.6929, 25.2625 ], [ 79.7014, 25.2516 ], [ 79.7011, 25.2446 ], [ 79.6889, 25.2416 ], [ 79.6877, 25.2182 ], [ 79.6824, 25.2209 ], [ 79.6755, 25.2061 ], [ 79.683, 25.1998 ], [ 79.6811, 25.1788 ], [ 79.6708, 25.1792 ], [ 79.6619, 25.1735 ], [ 79.6433, 25.1833 ], [ 79.6288, 25.1688 ], [ 79.6122, 25.1635 ], [ 79.6088, 25.1667 ], [ 79.6028, 25.1538 ], [ 79.6, 25.155 ] ] ] } },
{ "type": "Feature", "properties": { "unit_id": "IND.34.51.3_1", "unit_name": "Mahoba", "district": "Mahoba", "did": "uttar_pradesh:Mahoba", "state": "Uttar Pradesh", "state_key": "uttar_pradesh", "name_ok": true }, "geometry": { "type": "Polygon", "coordinates": [ [ [ 79.8313, 25.0981 ], [ 79.8187, 25.1102 ], [ 79.8052, 25.111 ], [ 79.7883, 25.1204 ], [ 79.7692, 25.1253 ], [ 79.7456, 25.1439 ], [ 79.7178, 25.1338 ], [ 79.6766, 25.137 ], [ 79.6662, 25.1271 ], [ 79.6378, 25.1311 ], [ 79.62, 25.1427 ], [ 79.6051, 25.1322 ], [ 79.5979, 25.1314 ], [ 79.5954, 25.1356 ], [ 79.6088, 25.1667 ], [ 79.6122, 25.1635 ], [ 79.6288, 25.1688 ], [ 79.6433, 25.1833 ], [ 79.6619, 25.1735 ], [ 79.6708, 25.1792 ], [ 79.6811, 25.1788 ], [ 79.683, 25.1998 ], [ 79.6755, 25.2061 ], [ 79.6824, 25.2209 ], [ 79.7268, 25.2077 ], [ 79.7394, 25.2441 ], [ 79.7363, 25.2608 ], [ 79.7395, 25.277 ], [ 79.7482, 25.2847 ], [ 79.7502, 25.3002 ], [ 79.7552, 25.3026 ], [ 79.7648, 25.2955 ], [ 79.7668, 25.2986 ], [ 79.7714, 25.319 ], [ 79.7637, 25.3213 ], [ 79.7698, 25.3276 ], [ 79.7703, 25.3457 ], [ 79.7739, 25.3508 ], [ 79.7834, 25.3528 ], [ 79.7795, 25.364 ], [ 79.7979, 25.3718 ], [ 79.8117, 25.3524 ], [ 79.8308, 25.3525 ], [ 79.838, 25.3811 ], [ 79.8533, 25.3957 ], [ 79.8668, 25.3953 ], [ 79.864, 25.4157 ], [ 79.8918, 25.4468 ], [ 79.8969, 25.4428 ], [ 79.9106, 25.4467 ], [ 79.9113, 25.4611 ], [ 79.9289, 25.47 ], [ 79.9278, 25.4781 ], [ 79.897, 25.5013 ], [ 79.91, 25.5104 ], [ 79.9296, 25.5583 ], [ 79.9167, 25.5766 ], [ 79.8964, 25.5869 ], [ 79.8924, 25.5922 ], [ 79.9056, 25.6014 ], [ 79.9299, 25.5965 ], [ 79.94, 25.6005 ], [ 79.9497, 25.6173 ], [ 79.9366, 25.633 ], [ 79.9468, 25.6473 ], [ 79.9719, 25.6357 ], [ 79.9835, 25.6235 ], [ 79.9931, 25.6215 ], [ 79.9919, 25.6109 ], [ 79.9993, 25.5993 ], [ 80.0085, 25.5936 ], [ 80.0177, 25.5932 ], [ 80.0046, 25.5731 ], [ 80.0064, 25.5587 ], [ 79.992, 25.5536 ], [ 79.9746, 25.5406 ], [ 79.992, 25.5368 ], [ 79.9998, 25.5248 ], [ 80.0011, 25.5155 ], [ 79.9892, 25.5029 ], [ 79.9888, 25.496 ], [ 80.0047, 25.491 ], [ 80.0274, 25.4964 ], [ 80.0278, 25.4764 ], [ 80.0161, 25.449 ], [ 80.0226, 25.4366 ], [ 80.0441, 25.4289 ], [ 80.0557, 25.4315 ], [ 80.0624, 25.4293 ], [ 80.099, 25.4055 ], [ 80.113, 25.4121 ], [ 80.1222, 25.4109 ], [ 80.1328, 25.4154 ], [ 80.1396, 25.4119 ], [ 80.142, 25.4022 ], [ 80.1263, 25.4026 ], [ 80.1224, 25.3914 ], [ 80.1334, 25.3883 ], [ 80.1162, 25.3796 ], [ 80.0961, 25.3516 ], [ 80.0833, 25.3558 ], [ 80.07, 25.3431 ], [ 80.0372, 25.341 ], [ 80.0207, 25.3432 ], [ 80.0099, 25.3248 ], [ 80.0126, 25.3017 ], [ 79.9987, 25.2938 ], [ 79.9913, 25.2832 ], [ 79.9967, 25.2687 ], [ 79.9773, 25.2649 ], [ 79.9672, 25.2685 ], [ 79.9492, 25.2653 ], [ 79.9426, 25.2719 ], [ 79.9333, 25.263 ], [ 79.9326, 25.2503 ], [ 79.921, 25.2507 ], [ 79.9135, 25.2334 ], [ 79.9024, 25.2569 ], [ 79.8936, 25.2462 ], [ 79.8725, 25.2538 ], [ 79.861, 25.243 ], [ 79.8471, 25.2402 ], [ 79.8472, 25.2324 ], [ 79.863, 25.2192 ], [ 79.8519, 25.2035 ], [ 79.8626, 25.177 ], [ 79.8606, 25.1561 ], [ 79.8721, 25.1503 ], [ 79.8516, 25.1398 ], [ 79.8477, 25.1334 ], [ 79.8427, 25.1163 ], [ 79.8559, 25.0985 ], [ 79.8313, 25.0981 ] ] ] } },
{ "type": "Feature", "properties": { "unit_id": "IND.34.52.1_1", "unit_name": "Bhongaon", "district": "Mainpuri", "did": "uttar_pradesh:Mainpuri", "state": "Uttar Pradesh", "state_key": "uttar_pradesh", "name_ok": true }, "geometry": { "type": "Polygon", "coordinates": [ [ [ 79.0539, 27.4231 ], [ 79.0744, 27.4278 ], [ 79.0999, 27.4383 ], [ 79.1049, 27.4199 ], [ 79.1096, 27.4196 ], [ 79.1078, 27.4118 ], [ 79.1258, 27.402 ], [ 79.1373, 27.3826 ], [ 79.1612, 27.3853 ], [ 79.1742, 27.3706 ], [ 79.1837, 27.367 ], [ 79.1877, 27.351 ], [ 79.2067, 27.3349 ], [ 79.2197, 27.3354 ], [ 79.2309, 27.3303 ], [ 79.2412, 27.3366 ], [ 79.2452, 27.335 ], [ 79.253, 27.3292 ], [ 79.259, 27.3109 ], [ 79.2803, 27.3104 ], [ 79.2799, 27.2878 ], [ 79.2918, 27.2852 ], [ 79.311, 27.2926 ], [ 79.3158, 27.2744 ], [ 79.3072, 27.2487 ], [ 79.3268, 27.2402 ], [ 79.3311, 27.2327 ], [ 79.3298, 27.2214 ], [ 79.3456, 27.217 ], [ 79.354, 27.2274 ], [ 79.3655, 27.2128 ], [ 79.3851, 27.2027 ], [ 79.3868, 27.1724 ], [ 79.3826, 27.1653 ], [ 79.4023, 27.1434 ], [ 79.396, 27.1324 ], [ 79.3814, 27.1263 ], [ 79.3837, 27.1091 ], [ 79.3865, 27.1038 ], [ 79.4078, 27.0976 ], [ 79.4214, 27.1022 ], [ 79.4308, 27.0994 ], [ 79.423, 27.087 ], [ 79.4245, 27.0726 ], [ 79.4175, 27.0657 ], [ 79.403, 27.0629 ], [ 79.3921, 27.0548 ], [ 79.3899, 27.0323 ], [ 79.3745, 27.0066 ], [ 79.3727, 26.9919 ], [ 79.3535, 26.9757 ], [ 79.3471, 26.9645 ], [ 79.3385, 26.9687 ], [ 79.326, 26.9648 ], [ 79.3179, 26.9662 ], [ 79.3126, 26.97 ], [ 79.309, 26.9825 ], [ 79.2924, 26.9881 ], [ 79.2867, 26.9836 ], [ 79.2776, 26.9906 ], [ 79.2671, 26.9875 ], [ 79.2657, 26.9961 ], [ 79.2584, 26.9887 ], [ 79.2546, 26.9906 ], [ 79.2486, 26.9864 ], [ 79.2388, 26.989 ], [ 79.2264, 26.9807 ], [ 79.2127, 26.9773 ], [ 79.1907, 26.9791 ], [ 79.1843, 26.9894 ], [ 79.1836, 27.0063 ], [ 79.1749, 27.0119 ], [ 79.1586, 27.0111 ], [ 79.1471, 27.064 ], [ 79.1139, 27.0896 ], [ 79.0906, 27.0982 ], [ 79.0798, 27.0983 ], [ 79.0697, 27.1099 ], [ 79.0552, 27.1132 ], [ 79.0484, 27.1207 ], [ 79.0487, 27.1282 ], [ 79.0605, 27.1258 ], [ 79.0684, 27.1312 ], [ 79.0732, 27.1447 ], [ 79.0653, 27.1515 ], [ 79.0565, 27.1505 ], [ 79.0469, 27.1557 ], [ 79.0442, 27.1764 ], [ 79.0289, 27.1887 ], [ 79.0293, 27.1935 ], [ 79.0507, 27.214 ], [ 79.0816, 27.2604 ], [ 79.0669, 27.2727 ], [ 79.0687, 27.2888 ], [ 79.0492, 27.3084 ], [ 79.0521, 27.3223 ], [ 79.0431, 27.3354 ], [ 79.0158, 27.3468 ], [ 79.0116, 27.3497 ], [ 79.0114, 27.3558 ], [ 79.0479, 27.4248 ], [ 79.0539, 27.4231 ] ] ] } },
{ "type": "Feature", "properties": { "unit_id": "IND.34.52.2_1", "unit_name": "Karhal", "district": "Mainpuri", "did": "uttar_pradesh:Mainpuri", "state": "Uttar Pradesh", "state_key": "uttar_pradesh", "name_ok": true }, "geometry": { "type": "Polygon", "coordinates": [ [ [ 79.1568, 27.0024 ], [ 79.124, 27.0049 ], [ 79.1145, 26.9998 ], [ 79.1078, 27.0062 ], [ 79.1039, 26.9988 ], [ 79.0863, 27.0054 ], [ 79.0917, 26.9902 ], [ 79.081, 26.9848 ], [ 79.0774, 26.9847 ], [ 79.0688, 26.9969 ], [ 79.0554, 26.9953 ], [ 79.0458, 26.989 ], [ 79.041, 26.9783 ], [ 79.0264, 26.9738 ], [ 79.0209, 26.964 ], [ 79.0039, 26.9516 ], [ 79.0021, 26.9448 ], [ 78.991, 26.9363 ], [ 78.9802, 26.9433 ], [ 78.9779, 26.952 ], [ 78.9567, 26.965 ], [ 78.9507, 26.9745 ], [ 78.9325, 26.9793 ], [ 78.9232, 26.9903 ], [ 78.9134, 26.9837 ], [ 78.917, 26.975 ], [ 78.9112, 26.9703 ], [ 78.8879, 26.9738 ], [ 78.8716, 26.9673 ], [ 78.8572, 26.9667 ], [ 78.845, 26.9794 ], [ 78.8326, 26.9704 ], [ 78.8253, 26.9592 ], [ 78.8208, 26.9585 ], [ 78.7988, 26.9644 ], [ 78.7964, 26.9728 ], [ 78.8074, 26.9869 ], [ 78.8068, 26.9967 ], [ 78.8003, 26.999 ], [ 78.794, 26.9857 ], [ 78.7858, 26.9901 ], [ 78.7762, 27.0127 ], [ 78.7859, 27.0219 ], [ 78.7767, 27.0285 ], [ 78.766, 27.0274 ], [ 78.7632, 27.0313 ], [ 78.7648, 27.0382 ], [ 78.7797, 27.0478 ], [ 78.7644, 27.0504 ], [ 78.7557, 27.0589 ], [ 78.7666, 27.0663 ], [ 78.7589, 27.0711 ], [ 78.7613, 27.089 ], [ 78.768, 27.0939 ], [ 78.7641, 27.1089 ], [ 78.758, 27.1133 ], [ 78.7669, 27.1177 ], [ 78.7875, 27.1035 ], [ 78.7979, 27.1284 ], [ 78.7923, 27.1323 ], [ 78.7905, 27.1271 ], [ 78.7851, 27.13 ], [ 78.7831, 27.1469 ], [ 78.7989, 27.1504 ], [ 78.8129, 27.1444 ], [ 78.8096, 27.1595 ], [ 78.8245, 27.1644 ], [ 78.8229, 27.1503 ], [ 78.8354, 27.1447 ], [ 78.836, 27.1275 ], [ 78.8454, 27.1178 ], [ 78.8374, 27.1062 ], [ 78.8403, 27.0914 ], [ 78.8532, 27.0885 ], [ 78.8671, 27.0911 ], [ 78.8647, 27.099 ], [ 78.8687, 27.1008 ], [ 78.8985, 27.1019 ], [ 78.9159, 27.1191 ], [ 78.9306, 27.1128 ], [ 78.9357, 27.1259 ], [ 78.9526, 27.122 ], [ 78.9608, 27.1137 ], [ 78.9751, 27.1087 ], [ 78.9908, 27.1083 ], [ 79.0013, 27.0991 ], [ 79.0099, 27.1107 ], [ 79.0174, 27.1132 ], [ 79.0283, 27.125 ], [ 79.0325, 27.1206 ], [ 79.0484, 27.1207 ], [ 79.0552, 27.1132 ], [ 79.0697, 27.1099 ], [ 79.0798, 27.0983 ], [ 79.0906, 27.0982 ], [ 79.1139, 27.0896 ], [ 79.1471, 27.064 ], [ 79.1586, 27.0111 ], [ 79.1568, 27.0024 ] ] ] } },
{ "type": "Feature", "properties": { "unit_id": "IND.34.52.3_1", "unit_name": "Mainpuri", "district": "Mainpuri", "did": "uttar_pradesh:Mainpuri", "state": "Uttar Pradesh", "state_key": "uttar_pradesh", "name_ok": true }, "geometry": { "type": "Polygon", "coordinates": [ [ [ 78.9187, 27.4513 ], [ 78.9293, 27.4554 ], [ 78.9269, 27.4421 ], [ 78.9417, 27.4314 ], [ 78.9485, 27.4335 ], [ 78.9499, 27.4252 ], [ 78.9667, 27.4262 ], [ 78.9696, 27.4313 ], [ 78.9869, 27.4346 ], [ 78.9904, 27.4386 ], [ 79.0058, 27.4338 ], [ 79.0139, 27.4353 ], [ 79.0479, 27.4248 ], [ 79.0138, 27.3611 ], [ 79.0116, 27.3497 ], [ 79.0257, 27.344 ], [ 79.0266, 27.3399 ], [ 79.0358, 27.3402 ], [ 79.0431, 27.3354 ], [ 79.0521, 27.3223 ], [ 79.0492, 27.3084 ], [ 79.0687, 27.2888 ], [ 79.0669, 27.2727 ], [ 79.0816, 27.2604 ], [ 79.0719, 27.2424 ], [ 79.0507, 27.214 ], [ 79.0349, 27.2007 ], [ 79.0289, 27.1887 ], [ 79.0442, 27.1764 ], [ 79.0469, 27.1557 ], [ 79.0565, 27.1505 ], [ 79.0653, 27.1515 ], [ 79.0732, 27.1447 ], [ 79.073, 27.1394 ], [ 79.0605, 27.1258 ], [ 79.0487, 27.1282 ], [ 79.0484, 27.1207 ], [ 79.0325, 27.1206 ], [ 79.0283, 27.125 ], [ 79.0174, 27.1132 ], [ 79.0099, 27.1107 ], [ 79.0013, 27.0991 ], [ 78.9908, 27.1083 ], [ 78.9751, 27.1087 ], [ 78.9608, 27.1137 ], [ 78.9526, 27.122 ], [ 78.9357, 27.1259 ], [ 78.9306, 27.1128 ], [ 78.9159, 27.1191 ], [ 78.8985, 27.1019 ], [ 78.8687, 27.1008 ], [ 78.8647, 27.099 ], [ 78.8671, 27.0911 ], [ 78.8532, 27.0885 ], [ 78.8403, 27.0914 ], [ 78.8374, 27.1062 ], [ 78.8454, 27.1178 ], [ 78.836, 27.1275 ], [ 78.8354, 27.1447 ], [ 78.8229, 27.1503 ], [ 78.8245, 27.1644 ], [ 78.806, 27.1588 ], [ 78.7962, 27.1603 ], [ 78.7837, 27.1692 ], [ 78.7725, 27.1682 ], [ 78.7509, 27.1856 ], [ 78.735, 27.1872 ], [ 78.7306, 27.1974 ], [ 78.7175, 27.2028 ], [ 78.7188, 27.2081 ], [ 78.7413, 27.2115 ], [ 78.7505, 27.2305 ], [ 78.7265, 27.2496 ], [ 78.7192, 27.2502 ], [ 78.719, 27.2593 ], [ 78.711, 27.2682 ], [ 78.6865, 27.2722 ], [ 78.6814, 27.2692 ], [ 78.6801, 27.2746 ], [ 78.6957, 27.2853 ], [ 78.7084, 27.2854 ], [ 78.7122, 27.3009 ], [ 78.7036, 27.3079 ], [ 78.7072, 27.3345 ], [ 78.7028, 27.3417 ], [ 78.7116, 27.3496 ], [ 78.721, 27.3463 ], [ 78.7269, 27.3395 ], [ 78.7322, 27.3407 ], [ 78.7452, 27.3519 ], [ 78.7656, 27.3408 ], [ 78.7713, 27.3422 ], [ 78.7736, 27.3531 ], [ 78.79, 27.3549 ], [ 78.7996, 27.3615 ], [ 78.8107, 27.3578 ], [ 78.8163, 27.3596 ], [ 78.8271, 27.3669 ], [ 78.8458, 27.396 ], [ 78.8403, 27.4032 ], [ 78.8305, 27.4056 ], [ 78.8302, 27.4155 ], [ 78.8632, 27.4423 ], [ 78.8786, 27.4744 ], [ 78.8968, 27.4718 ], [ 78.9187, 27.4513 ] ] ] } },
{ "type": "Feature", "properties": { "unit_id": "IND.34.53.1_1", "unit_name": "Chhata", "district": "Mathura", "did": "uttar_pradesh:Mathura", "state": "Uttar Pradesh", "state_key": "uttar_pradesh", "name_ok": true }, "geometry": { "type": "Polygon", "coordinates": [ [ [ 77.2835, 27.8159 ], [ 77.2897, 27.8178 ], [ 77.2889, 27.8291 ], [ 77.3129, 27.8301 ], [ 77.3273, 27.8377 ], [ 77.3241, 27.8409 ], [ 77.3292, 27.852 ], [ 77.3393, 27.8596 ], [ 77.3526, 27.8564 ], [ 77.3739, 27.8637 ], [ 77.3928, 27.8589 ], [ 77.4124, 27.8591 ], [ 77.4137, 27.8626 ], [ 77.4063, 27.8697 ], [ 77.4016, 27.8819 ], [ 77.4123, 27.8962 ], [ 77.4222, 27.8945 ], [ 77.4458, 27.8784 ], [ 77.4698, 27.8947 ], [ 77.4746, 27.9121 ], [ 77.4687, 27.9329 ], [ 77.4847, 27.9439 ], [ 77.4954, 27.9308 ], [ 77.5112, 27.9374 ], [ 77.5192, 27.9319 ], [ 77.5091, 27.9269 ], [ 77.5105, 27.9222 ], [ 77.5483, 27.8683 ], [ 77.5898, 27.8663 ], [ 77.611, 27.8517 ], [ 77.6077, 27.8455 ], [ 77.5808, 27.8418 ], [ 77.5794, 27.8384 ], [ 77.5876, 27.8211 ], [ 77.5859, 27.8084 ], [ 77.5921, 27.8002 ], [ 77.6004, 27.7957 ], [ 77.6111, 27.7961 ], [ 77.6386, 27.8074 ], [ 77.6518, 27.818 ], [ 77.6718, 27.8212 ], [ 77.6772, 27.8208 ], [ 77.6861, 27.8077 ], [ 77.6994, 27.802 ], [ 77.6972, 27.7871 ], [ 77.68, 27.7849 ], [ 77.6629, 27.7708 ], [ 77.6718, 27.744 ], [ 77.6936, 27.727 ], [ 77.6985, 27.7013 ], [ 77.6817, 27.6795 ], [ 77.6657, 27.6864 ], [ 77.6581, 27.6815 ], [ 77.6526, 27.6665 ], [ 77.6671, 27.648 ], [ 77.6307, 27.6421 ], [ 77.6252, 27.6327 ], [ 77.6252, 27.6224 ], [ 77.6136, 27.6085 ], [ 77.5842, 27.6114 ], [ 77.5756, 27.582 ], [ 77.5579, 27.5895 ], [ 77.5412, 27.6132 ], [ 77.5312, 27.6145 ], [ 77.5233, 27.6017 ], [ 77.5203, 27.5799 ], [ 77.5115, 27.5724 ], [ 77.4982, 27.5706 ], [ 77.4863, 27.562 ], [ 77.4703, 27.5731 ], [ 77.4517, 27.565 ], [ 77.4362, 27.5723 ], [ 77.4388, 27.5767 ], [ 77.4296, 27.589 ], [ 77.4323, 27.5974 ], [ 77.4252, 27.6007 ], [ 77.4099, 27.5996 ], [ 77.3916, 27.607 ], [ 77.3791, 27.5915 ], [ 77.3652, 27.5876 ], [ 77.3352, 27.6015 ], [ 77.3258, 27.5969 ], [ 77.3112, 27.6117 ], [ 77.3423, 27.653 ], [ 77.335, 27.6814 ], [ 77.3365, 27.6962 ], [ 77.3305, 27.7111 ], [ 77.3024, 27.7132 ], [ 77.2976, 27.7187 ], [ 77.2963, 27.7298 ], [ 77.3123, 27.7387 ], [ 77.3013, 27.7565 ], [ 77.3041, 27.788 ], [ 77.2954, 27.7998 ], [ 77.2793, 27.8028 ], [ 77.2758, 27.8065 ], [ 77.2835, 27.8159 ] ] ] } },
{ "type": "Feature", "properties": { "unit_id": "IND.34.53.2_1", "unit_name": "Mat", "district": "Mathura", "did": "uttar_pradesh:Mathura", "state": "Uttar Pradesh", "state_key": "uttar_pradesh", "name_ok": true }, "geometry": { "type": "Polygon", "coordinates": [ [ [ 77.775, 27.8509 ], [ 77.7745, 27.8455 ], [ 77.7881, 27.8298 ], [ 77.7977, 27.8292 ], [ 77.8067, 27.819 ], [ 77.8064, 27.7904 ], [ 77.8256, 27.7609 ], [ 77.8009, 27.7561 ], [ 77.7926, 27.749 ], [ 77.7874, 27.7349 ], [ 77.791, 27.7033 ], [ 77.7839, 27.6943 ], [ 77.785, 27.69 ], [ 77.8049, 27.6756 ], [ 77.809, 27.6734 ], [ 77.8139, 27.6778 ], [ 77.8194, 27.677 ], [ 77.8242, 27.6678 ], [ 77.8418, 27.6591 ], [ 77.8539, 27.6284 ], [ 77.8459, 27.608 ], [ 77.8608, 27.5823 ], [ 77.8678, 27.5818 ], [ 77.8824, 27.5928 ], [ 77.8903, 27.5875 ], [ 77.8995, 27.5696 ], [ 77.8968, 27.5592 ], [ 77.8897, 27.5572 ], [ 77.8807, 27.5447 ], [ 77.8727, 27.5427 ], [ 77.8697, 27.5327 ], [ 77.8771, 27.5238 ], [ 77.8952, 27.5208 ], [ 77.8987, 27.5173 ], [ 77.9087, 27.4926 ], [ 77.9036, 27.4818 ], [ 77.8877, 27.473 ], [ 77.8753, 27.4746 ], [ 77.8649, 27.4699 ], [ 77.8582, 27.4714 ], [ 77.8468, 27.4841 ], [ 77.8041, 27.4714 ], [ 77.7803, 27.4724 ], [ 77.7683, 27.4826 ], [ 77.7499, 27.4877 ], [ 77.7317, 27.5023 ], [ 77.7272, 27.4991 ], [ 77.7294, 27.492 ], [ 77.7109, 27.4812 ], [ 77.686, 27.5061 ], [ 77.6789, 27.5147 ], [ 77.6803, 27.5288 ], [ 77.6933, 27.5461 ], [ 77.7003, 27.5666 ], [ 77.7122, 27.5762 ], [ 77.7122, 27.5813 ], [ 77.7038, 27.5923 ], [ 77.6942, 27.5919 ], [ 77.6758, 27.5837 ], [ 77.6629, 27.5864 ], [ 77.662, 27.5922 ], [ 77.6769, 27.6125 ], [ 77.6975, 27.6152 ], [ 77.7041, 27.6212 ], [ 77.6949, 27.6497 ], [ 77.6704, 27.6466 ], [ 77.6526, 27.6665 ], [ 77.6617, 27.6853 ], [ 77.6817, 27.6795 ], [ 77.6985, 27.7013 ], [ 77.6936, 27.727 ], [ 77.6718, 27.744 ], [ 77.6629, 27.7708 ], [ 77.68, 27.7849 ], [ 77.6972, 27.7871 ], [ 77.6994, 27.802 ], [ 77.6861, 27.8077 ], [ 77.6772, 27.8208 ], [ 77.6718, 27.8212 ], [ 77.6518, 27.818 ], [ 77.6386, 27.8074 ], [ 77.6111, 27.7961 ], [ 77.6004, 27.7957 ], [ 77.5921, 27.8002 ], [ 77.5859, 27.8084 ], [ 77.5876, 27.8211 ], [ 77.5794, 27.8384 ], [ 77.5808, 27.8418 ], [ 77.6077, 27.8455 ], [ 77.6095, 27.854 ], [ 77.5898, 27.8663 ], [ 77.5483, 27.8683 ], [ 77.5091, 27.9269 ], [ 77.5192, 27.9319 ], [ 77.5263, 27.9251 ], [ 77.5551, 27.9183 ], [ 77.5608, 27.9234 ], [ 77.562, 27.9323 ], [ 77.5734, 27.9338 ], [ 77.5804, 27.9401 ], [ 77.5993, 27.9429 ], [ 77.6132, 27.9387 ], [ 77.6349, 27.9705 ], [ 77.6466, 27.9697 ], [ 77.6693, 27.9474 ], [ 77.6978, 27.9507 ], [ 77.7279, 27.9357 ], [ 77.7348, 27.9294 ], [ 77.7393, 27.9173 ], [ 77.7559, 27.9065 ], [ 77.7544, 27.8928 ], [ 77.7623, 27.8749 ], [ 77.7686, 27.8711 ], [ 77.7997, 27.8665 ], [ 77.775, 27.8509 ] ] ] } },
{ "type": "Feature", "properties": { "unit_id": "IND.34.53.3_1", "unit_name": "Mathura", "district": "Mathura", "did": "uttar_pradesh:Mathura", "state": "Uttar Pradesh", "state_key": "uttar_pradesh", "name_ok": true }, "geometry": { "type": "Polygon", "coordinates": [ [ [ 77.6233, 27.2638 ], [ 77.6128, 27.2603 ], [ 77.6066, 27.2727 ], [ 77.6141, 27.2792 ], [ 77.6094, 27.2817 ], [ 77.6031, 27.2949 ], [ 77.5917, 27.3006 ], [ 77.6135, 27.3148 ], [ 77.6141, 27.3434 ], [ 77.6104, 27.3444 ], [ 77.6048, 27.3379 ], [ 77.593, 27.338 ], [ 77.5745, 27.3267 ], [ 77.5678, 27.3332 ], [ 77.5427, 27.3424 ], [ 77.5391, 27.3531 ], [ 77.5307, 27.3528 ], [ 77.522, 27.3576 ], [ 77.4972, 27.3814 ], [ 77.4759, 27.3877 ], [ 77.4666, 27.3843 ], [ 77.4319, 27.3992 ], [ 77.4268, 27.4166 ], [ 77.4152, 27.4254 ], [ 77.4183, 27.4422 ], [ 77.4273, 27.451 ], [ 77.4296, 27.462 ], [ 77.4155, 27.4661 ], [ 77.4074, 27.4764 ], [ 77.3964, 27.4778 ], [ 77.392, 27.502 ], [ 77.3824, 27.5166 ], [ 77.3522, 27.52 ], [ 77.3351, 27.53 ], [ 77.3325, 27.5385 ], [ 77.3402, 27.5467 ], [ 77.3336, 27.5546 ], [ 77.3304, 27.5711 ], [ 77.3501, 27.5934 ], [ 77.3652, 27.5876 ], [ 77.3791, 27.5915 ], [ 77.3916, 27.607 ], [ 77.4099, 27.5996 ], [ 77.4224, 27.6017 ], [ 77.4323, 27.5974 ], [ 77.4296, 27.589 ], [ 77.4388, 27.5767 ], [ 77.4362, 27.5723 ], [ 77.4517, 27.565 ], [ 77.4703, 27.5731 ], [ 77.4863, 27.562 ], [ 77.4982, 27.5706 ], [ 77.5115, 27.5724 ], [ 77.5203, 27.5799 ], [ 77.5233, 27.6017 ], [ 77.5312, 27.6145 ], [ 77.5412, 27.6132 ], [ 77.5579, 27.5895 ], [ 77.5756, 27.582 ], [ 77.5842, 27.6114 ], [ 77.6136, 27.6085 ], [ 77.6252, 27.6224 ], [ 77.6252, 27.6327 ], [ 77.6307, 27.6421 ], [ 77.6927, 27.6505 ], [ 77.6987, 27.6457 ], [ 77.7046, 27.6186 ], [ 77.6741, 27.6105 ], [ 77.6649, 27.6001 ], [ 77.662, 27.5887 ], [ 77.668, 27.584 ], [ 77.6758, 27.5837 ], [ 77.6942, 27.5919 ], [ 77.7038, 27.5923 ], [ 77.7122, 27.5813 ], [ 77.7122, 27.5762 ], [ 77.7003, 27.5666 ], [ 77.6933, 27.5461 ], [ 77.6787, 27.5239 ], [ 77.6789, 27.5147 ], [ 77.7001, 27.4946 ], [ 77.7156, 27.4712 ], [ 77.7168, 27.4532 ], [ 77.7071, 27.4378 ], [ 77.7081, 27.4284 ], [ 77.7156, 27.4242 ], [ 77.7341, 27.4256 ], [ 77.7396, 27.4184 ], [ 77.7503, 27.4021 ], [ 77.7428, 27.3806 ], [ 77.7478, 27.3721 ], [ 77.7582, 27.3737 ], [ 77.7816, 27.3947 ], [ 77.7968, 27.394 ], [ 77.8009, 27.3874 ], [ 77.8003, 27.3763 ], [ 77.7788, 27.366 ], [ 77.775, 27.3588 ], [ 77.7772, 27.3346 ], [ 77.794, 27.3122 ], [ 77.8292, 27.3049 ], [ 77.8398, 27.2952 ], [ 77.8141, 27.2803 ], [ 77.8062, 27.2669 ], [ 77.7846, 27.2614 ], [ 77.7843, 27.2482 ], [ 77.7751, 27.2396 ], [ 77.7542, 27.2489 ], [ 77.7295, 27.2475 ], [ 77.7121, 27.2541 ], [ 77.7031, 27.2519 ], [ 77.6931, 27.2576 ], [ 77.6732, 27.2436 ], [ 77.6391, 27.2471 ], [ 77.6233, 27.2638 ] ] ] } },
{ "type": "Feature", "properties": { "unit_id": "IND.34.53.4_1", "unit_name": "Sadabad", "district": "Mathura", "did": "uttar_pradesh:Mathura", "state": "Uttar Pradesh", "state_key": "uttar_pradesh", "name_ok": true }, "geometry": { "type": "MultiPolygon", "coordinates": [ [ [ [ 77.9531, 27.298 ], [ 77.9715, 27.2838 ], [ 77.9543, 27.2698 ], [ 77.9531, 27.298 ] ] ], [ [ [ 77.9247, 27.2728 ], [ 77.9334, 27.2482 ], [ 77.9261, 27.2401 ], [ 77.9139, 27.2395 ], [ 77.9008, 27.2473 ], [ 77.9042, 27.2873 ], [ 77.9018, 27.2929 ], [ 77.885, 27.2999 ], [ 77.8646, 27.2999 ], [ 77.861, 27.2965 ], [ 77.8605, 27.2783 ], [ 77.8766, 27.2732 ], [ 77.8771, 27.2684 ], [ 77.8716, 27.258 ], [ 77.8638, 27.2543 ], [ 77.8515, 27.2575 ], [ 77.8452, 27.2695 ], [ 77.8471, 27.292 ], [ 77.8292, 27.3049 ], [ 77.794, 27.3122 ], [ 77.7772, 27.3346 ], [ 77.775, 27.3588 ], [ 77.7788, 27.366 ], [ 77.8003, 27.3763 ], [ 77.8009, 27.3874 ], [ 77.7968, 27.394 ], [ 77.7816, 27.3947 ], [ 77.7582, 27.3737 ], [ 77.7478, 27.3721 ], [ 77.7428, 27.3806 ], [ 77.7503, 27.4021 ], [ 77.7396, 27.4184 ], [ 77.7341, 27.4256 ], [ 77.7156, 27.4242 ], [ 77.7081, 27.4284 ], [ 77.7071, 27.4378 ], [ 77.7168, 27.4532 ], [ 77.7176, 27.4626 ], [ 77.7109, 27.4812 ], [ 77.7294, 27.492 ], [ 77.7287, 27.5021 ], [ 77.735, 27.5015 ], [ 77.7499, 27.4877 ], [ 77.7683, 27.4826 ], [ 77.7803, 27.4724 ], [ 77.8041, 27.4714 ], [ 77.8468, 27.4841 ], [ 77.8561, 27.4729 ], [ 77.8649, 27.4699 ], [ 77.8753, 27.4746 ], [ 77.8915, 27.474 ], [ 77.9064, 27.4861 ], [ 77.9177, 27.4749 ], [ 77.915, 27.3765 ], [ 77.9203, 27.3233 ], [ 77.9499, 27.2993 ], [ 77.9247, 27.2728 ] ] ] ] } },
{ "type": "Feature", "properties": { "unit_id": "IND.34.54.1_1", "unit_name": "Ghosi", "district": "Mau", "did": "uttar_pradesh:Mau", "state": "Uttar Pradesh", "state_key": "uttar_pradesh", "name_ok": true }, "geometry": { "type": "Polygon", "coordinates": [ [ [ 83.4052, 26.1237 ], [ 83.4115, 26.1289 ], [ 83.4129, 26.1421 ], [ 83.4078, 26.1648 ], [ 83.4009, 26.1705 ], [ 83.4087, 26.178 ], [ 83.4113, 26.1874 ], [ 83.4208, 26.1942 ], [ 83.4248, 26.2099 ], [ 83.443, 26.2302 ], [ 83.4573, 26.2564 ], [ 83.4621, 26.2611 ], [ 83.4892, 26.265 ], [ 83.5003, 26.2811 ], [ 83.5252, 26.2799 ], [ 83.5699, 26.2517 ], [ 83.5736, 26.2543 ], [ 83.6091, 26.2482 ], [ 83.6002, 26.235 ], [ 83.6198, 26.2205 ], [ 83.6257, 26.2257 ], [ 83.6499, 26.2287 ], [ 83.6571, 26.2385 ], [ 83.6847, 26.2459 ], [ 83.7065, 26.2601 ], [ 83.7376, 26.2646 ], [ 83.7597, 26.2428 ], [ 83.7723, 26.2338 ], [ 83.7814, 26.2322 ], [ 83.7924, 26.2119 ], [ 83.7921, 26.1986 ], [ 83.8022, 26.1932 ], [ 83.8037, 26.1878 ], [ 83.8013, 26.1813 ], [ 83.7724, 26.163 ], [ 83.7988, 26.1418 ], [ 83.7865, 26.1103 ], [ 83.7556, 26.1028 ], [ 83.7589, 26.0964 ], [ 83.7461, 26.0992 ], [ 83.7482, 26.089 ], [ 83.7356, 26.0912 ], [ 83.7286, 26.0857 ], [ 83.7218, 26.0924 ], [ 83.7122, 26.0917 ], [ 83.7057, 26.0976 ], [ 83.6965, 26.0927 ], [ 83.6849, 26.0786 ], [ 83.6737, 26.0779 ], [ 83.6809, 26.0603 ], [ 83.6744, 26.0567 ], [ 83.671, 26.0314 ], [ 83.6652, 26.0243 ], [ 83.6539, 26.0266 ], [ 83.6541, 26.0196 ], [ 83.6503, 26.0186 ], [ 83.6474, 26.0089 ], [ 83.6505, 26.0033 ], [ 83.635, 25.9912 ], [ 83.6384, 25.9821 ], [ 83.6332, 25.9591 ], [ 83.6256, 25.9566 ], [ 83.6297, 25.9389 ], [ 83.6477, 25.9379 ], [ 83.645, 25.9261 ], [ 83.6486, 25.9136 ], [ 83.6392, 25.9016 ], [ 83.635, 25.9009 ], [ 83.632, 25.9049 ], [ 83.6357, 25.9129 ], [ 83.6333, 25.9148 ], [ 83.6225, 25.9047 ], [ 83.6211, 25.9111 ], [ 83.626, 25.9162 ], [ 83.6181, 25.924 ], [ 83.6196, 25.9312 ], [ 83.609, 25.9302 ], [ 83.613, 25.9409 ], [ 83.6106, 25.9374 ], [ 83.6072, 25.9423 ], [ 83.6053, 25.9364 ], [ 83.6017, 25.9399 ], [ 83.6069, 25.9532 ], [ 83.5993, 25.9514 ], [ 83.5756, 25.9616 ], [ 83.5679, 25.9703 ], [ 83.5544, 25.9694 ], [ 83.5491, 25.9768 ], [ 83.552, 25.9839 ], [ 83.5426, 25.9786 ], [ 83.5365, 25.9823 ], [ 83.5349, 25.9985 ], [ 83.5288, 26.0071 ], [ 83.5191, 26.0086 ], [ 83.5011, 26.0049 ], [ 83.4967, 26.0161 ], [ 83.4893, 26.0117 ], [ 83.4608, 26.0155 ], [ 83.4493, 26.0122 ], [ 83.4401, 26.0168 ], [ 83.4466, 26.0225 ], [ 83.4408, 26.0295 ], [ 83.4173, 26.036 ], [ 83.4109, 26.041 ], [ 83.4278, 26.0641 ], [ 83.4333, 26.0645 ], [ 83.4343, 26.0752 ], [ 83.4424, 26.0844 ], [ 83.4462, 26.1085 ], [ 83.4283, 26.115 ], [ 83.4218, 26.1081 ], [ 83.4052, 26.1237 ] ] ] } },
{ "type": "Feature", "properties": { "unit_id": "IND.34.54.2_1", "unit_name": "Mau", "district": "Mau", "did": "uttar_pradesh:Mau", "state": "Uttar Pradesh", "state_key": "uttar_pradesh", "name_ok": true }, "geometry": { "type": "Polygon", "coordinates": [ [ [ 83.2027, 25.9456 ], [ 83.2058, 25.9512 ], [ 83.1997, 25.9829 ], [ 83.2069, 26.0034 ], [ 83.1919, 26.0093 ], [ 83.2013, 26.0394 ], [ 83.2025, 26.0543 ], [ 83.1976, 26.0572 ], [ 83.2211, 26.0678 ], [ 83.236, 26.0958 ], [ 83.2413, 26.0895 ], [ 83.2479, 26.0915 ], [ 83.2528, 26.0982 ], [ 83.2407, 26.1059 ], [ 83.2329, 26.1163 ], [ 83.2536, 26.1074 ], [ 83.2551, 26.1286 ], [ 83.2851, 26.1295 ], [ 83.2942, 26.126 ], [ 83.2898, 26.1167 ], [ 83.2957, 26.114 ], [ 83.3021, 26.1132 ], [ 83.3071, 26.1224 ], [ 83.3128, 26.1143 ], [ 83.3192, 26.117 ], [ 83.3145, 26.1092 ], [ 83.317, 26.1063 ], [ 83.3456, 26.09 ], [ 83.3554, 26.0795 ], [ 83.3696, 26.0811 ], [ 83.3802, 26.0919 ], [ 83.3847, 26.0916 ], [ 83.391, 26.1005 ], [ 83.3975, 26.0977 ], [ 83.4007, 26.1127 ], [ 83.4137, 26.1125 ], [ 83.4218, 26.1081 ], [ 83.4283, 26.115 ], [ 83.4462, 26.1085 ], [ 83.4424, 26.0844 ], [ 83.4343, 26.0752 ], [ 83.4333, 26.0645 ], [ 83.4278, 26.0641 ], [ 83.4109, 26.041 ], [ 83.4173, 26.036 ], [ 83.4408, 26.0295 ], [ 83.4466, 26.0225 ], [ 83.4401, 26.0168 ], [ 83.4493, 26.0122 ], [ 83.4608, 26.0155 ], [ 83.4893, 26.0117 ], [ 83.4967, 26.0161 ], [ 83.5011, 26.0049 ], [ 83.5191, 26.0086 ], [ 83.5288, 26.0071 ], [ 83.5349, 25.9985 ], [ 83.5365, 25.9823 ], [ 83.5426, 25.9786 ], [ 83.552, 25.9839 ], [ 83.5491, 25.9768 ], [ 83.5544, 25.9694 ], [ 83.5679, 25.9703 ], [ 83.5756, 25.9616 ], [ 83.5993, 25.9514 ], [ 83.6069, 25.9532 ], [ 83.6017, 25.9399 ], [ 83.6053, 25.9364 ], [ 83.6072, 25.9423 ], [ 83.6106, 25.9374 ], [ 83.613, 25.9409 ], [ 83.6142, 25.938 ], [ 83.6081, 25.9327 ], [ 83.609, 25.9302 ], [ 83.6196, 25.9312 ], [ 83.6181, 25.924 ], [ 83.626, 25.9162 ], [ 83.6211, 25.9111 ], [ 83.6225, 25.9047 ], [ 83.6333, 25.9148 ], [ 83.635, 25.9009 ], [ 83.6433, 25.9037 ], [ 83.6486, 25.9136 ], [ 83.645, 25.9261 ], [ 83.6477, 25.9379 ], [ 83.6297, 25.9389 ], [ 83.6256, 25.9566 ], [ 83.6332, 25.9591 ], [ 83.6384, 25.9821 ], [ 83.635, 25.9912 ], [ 83.6505, 26.0033 ], [ 83.6474, 26.0089 ], [ 83.6503, 26.0186 ], [ 83.6541, 26.0196 ], [ 83.6539, 26.0266 ], [ 83.6686, 26.026 ], [ 83.6871, 26.0083 ], [ 83.6954, 26.0072 ], [ 83.7037, 26.0135 ], [ 83.7168, 26.0089 ], [ 83.7319, 26.009 ], [ 83.7517, 26.0002 ], [ 83.7656, 26.004 ], [ 83.7712, 25.9953 ], [ 83.7659, 25.9834 ], [ 83.7688, 25.9802 ], [ 83.7761, 25.9883 ], [ 83.7828, 25.9877 ], [ 83.785, 25.9918 ], [ 83.7888, 25.9889 ], [ 83.7749, 25.9505 ], [ 83.7787, 25.947 ], [ 83.7765, 25.9371 ], [ 83.7896, 25.9332 ], [ 83.7898, 25.925 ], [ 83.7744, 25.9077 ], [ 83.7613, 25.9045 ], [ 83.7423, 25.8881 ], [ 83.737, 25.8694 ], [ 83.7239, 25.8586 ], [ 83.7118, 25.8566 ], [ 83.713, 25.8618 ], [ 83.7186, 25.8647 ], [ 83.7176, 25.8689 ], [ 83.6951, 25.8648 ], [ 83.6914, 25.8707 ], [ 83.6791, 25.8705 ], [ 83.6776, 25.8756 ], [ 83.6674, 25.8774 ], [ 83.651, 25.8936 ], [ 83.6396, 25.8967 ], [ 83.6283, 25.893 ], [ 83.6255, 25.8686 ], [ 83.6182, 25.8762 ], [ 83.6108, 25.8743 ], [ 83.6064, 25.8821 ], [ 83.5879, 25.885 ], [ 83.5884, 25.8807 ], [ 83.5688, 25.879 ], [ 83.5439, 25.8662 ], [ 83.4994, 25.8661 ], [ 83.4805, 25.8566 ], [ 83.4782, 25.8453 ], [ 83.4717, 25.8399 ], [ 83.4545, 25.8521 ], [ 83.4407, 25.8414 ], [ 83.425, 25.8406 ], [ 83.4205, 25.8483 ], [ 83.3992, 25.8426 ], [ 83.3995, 25.8384 ], [ 83.3932, 25.8394 ], [ 83.3908, 25.8328 ], [ 83.3952, 25.8316 ], [ 83.3936, 25.8243 ], [ 83.3872, 25.825 ], [ 83.3836, 25.8189 ], [ 83.3785, 25.8209 ], [ 83.3726, 25.8182 ], [ 83.3774, 25.8148 ], [ 83.3704, 25.801 ], [ 83.3668, 25.8003 ], [ 83.3575, 25.8037 ], [ 83.355, 25.8107 ], [ 83.3445, 25.8172 ], [ 83.3373, 25.8168 ], [ 83.3369, 25.8223 ], [ 83.3466, 25.8231 ], [ 83.3471, 25.8276 ], [ 83.3322, 25.832 ], [ 83.3266, 25.8407 ], [ 83.3088, 25.8413 ], [ 83.3158, 25.85 ], [ 83.3065, 25.8563 ], [ 83.2986, 25.8566 ], [ 83.2991, 25.8617 ], [ 83.2847, 25.8631 ], [ 83.2749, 25.8709 ], [ 83.2657, 25.8679 ], [ 83.2605, 25.876 ], [ 83.2552, 25.8628 ], [ 83.2444, 25.8597 ], [ 83.2431, 25.8559 ], [ 83.2335, 25.8569 ], [ 83.2256, 25.859 ], [ 83.2237, 25.8685 ], [ 83.219, 25.8702 ], [ 83.2151, 25.8791 ], [ 83.1907, 25.8757 ], [ 83.1773, 25.8961 ], [ 83.1741, 25.8994 ], [ 83.1703, 25.8979 ], [ 83.1695, 25.9073 ], [ 83.179, 25.9123 ], [ 83.1709, 25.9302 ], [ 83.2027, 25.9456 ] ] ] } },
{ "type": "Feature", "properties": { "unit_id": "IND.34.55.1_1", "unit_name": "Mawana", "district": "Meerut", "did": "uttar_pradesh:Meerut", "state": "Uttar Pradesh", "state_key": "uttar_pradesh", "name_ok": true }, "geometry": { "type": "Polygon", "coordinates": [ [ [ 78.0813, 29.0841 ], [ 78.0734, 29.0739 ], [ 78.0767, 29.0648 ], [ 78.0874, 29.0579 ], [ 78.0845, 29.0472 ], [ 78.09, 29.0315 ], [ 78.0838, 29.006 ], [ 78.0858, 28.9897 ], [ 78.0825, 28.9825 ], [ 78.0545, 28.9614 ], [ 78.0476, 28.9429 ], [ 78.0599, 28.9205 ], [ 78.0512, 28.906 ], [ 78.0526, 28.8984 ], [ 78.0717, 28.8865 ], [ 78.0932, 28.8836 ], [ 78.105, 28.8622 ], [ 78.0673, 28.8575 ], [ 78.0472, 28.8597 ], [ 78.0237, 28.869 ], [ 78.0012, 28.8661 ], [ 77.993, 28.8607 ], [ 77.9944, 28.8558 ], [ 77.9891, 28.8552 ], [ 77.9769, 28.863 ], [ 77.9662, 28.862 ], [ 77.958, 28.8492 ], [ 77.951, 28.8475 ], [ 77.9404, 28.8521 ], [ 77.9246, 28.8423 ], [ 77.9187, 28.845 ], [ 77.9212, 28.8496 ], [ 77.9163, 28.8606 ], [ 77.8863, 28.872 ], [ 77.88, 28.8701 ], [ 77.8783, 28.8621 ], [ 77.8729, 28.8624 ], [ 77.862, 28.8694 ], [ 77.8577, 28.8677 ], [ 77.839, 28.8819 ], [ 77.841, 28.8948 ], [ 77.829, 28.9025 ], [ 77.8374, 28.9119 ], [ 77.8392, 28.9225 ], [ 77.832, 28.9508 ], [ 77.8166, 28.9621 ], [ 77.8358, 28.978 ], [ 77.8285, 28.9936 ], [ 77.8307, 29.0044 ], [ 77.8373, 29.0062 ], [ 77.8285, 29.0187 ], [ 77.8525, 29.0414 ], [ 77.8527, 29.0508 ], [ 77.8391, 29.0558 ], [ 77.8316, 29.0776 ], [ 77.812, 29.0776 ], [ 77.8039, 29.1067 ], [ 77.8113, 29.1111 ], [ 77.813, 29.1239 ], [ 77.8013, 29.125 ], [ 77.7998, 29.1578 ], [ 77.7805, 29.1595 ], [ 77.7802, 29.1701 ], [ 77.7878, 29.1793 ], [ 77.7874, 29.1863 ], [ 77.7926, 29.1861 ], [ 77.8006, 29.2011 ], [ 77.8337, 29.2003 ], [ 77.8411, 29.2033 ], [ 77.8574, 29.2281 ], [ 77.8905, 29.2114 ], [ 77.9003, 29.2177 ], [ 77.9152, 29.2143 ], [ 77.9232, 29.2303 ], [ 77.9327, 29.2362 ], [ 77.9517, 29.2336 ], [ 77.9667, 29.2434 ], [ 77.9796, 29.2399 ], [ 77.9875, 29.2543 ], [ 78.011, 29.2538 ], [ 78.0256, 29.2675 ], [ 78.0709, 29.2668 ], [ 78.098, 29.2571 ], [ 78.1031, 29.26 ], [ 78.1255, 29.2592 ], [ 78.1145, 29.2234 ], [ 78.1155, 29.2112 ], [ 78.1287, 29.1972 ], [ 78.1312, 29.1858 ], [ 78.1244, 29.1711 ], [ 78.1078, 29.1652 ], [ 78.1003, 29.1539 ], [ 78.0991, 29.127 ], [ 78.1066, 29.1127 ], [ 78.1047, 29.103 ], [ 78.0946, 29.0893 ], [ 78.0813, 29.0841 ] ] ] } },
{ "type": "Feature", "properties": { "unit_id": "IND.34.55.2_1", "unit_name": "Meerut", "district": "Meerut", "did": "uttar_pradesh:Meerut", "state": "Uttar Pradesh", "state_key": "uttar_pradesh", "name_ok": true }, "geometry": { "type": "Polygon", "coordinates": [ [ [ 77.454, 28.9335 ], [ 77.459, 28.9551 ], [ 77.4688, 28.9662 ], [ 77.4724, 28.9944 ], [ 77.4535, 29.0226 ], [ 77.4542, 29.0311 ], [ 77.4434, 29.0351 ], [ 77.447, 29.0747 ], [ 77.4514, 29.0822 ], [ 77.4612, 29.0868 ], [ 77.4952, 29.0914 ], [ 77.5165, 29.0877 ], [ 77.532, 29.0946 ], [ 77.5785, 29.0729 ], [ 77.5802, 29.0665 ], [ 77.6199, 29.0545 ], [ 77.6242, 29.0595 ], [ 77.6536, 29.0436 ], [ 77.6723, 29.0472 ], [ 77.668, 29.0359 ], [ 77.6955, 29.0387 ], [ 77.699, 29.0303 ], [ 77.7097, 29.0338 ], [ 77.724, 29.0576 ], [ 77.7303, 29.0605 ], [ 77.763, 29.0427 ], [ 77.7889, 29.0651 ], [ 77.784, 29.0719 ], [ 77.8028, 29.086 ], [ 77.8071, 29.0858 ], [ 77.812, 29.0776 ], [ 77.8276, 29.0784 ], [ 77.8352, 29.0752 ], [ 77.8391, 29.0558 ], [ 77.8527, 29.0508 ], [ 77.8525, 29.0414 ], [ 77.8285, 29.0187 ], [ 77.8373, 29.0062 ], [ 77.8307, 29.0044 ], [ 77.8285, 28.9936 ], [ 77.8358, 28.978 ], [ 77.8166, 28.9621 ], [ 77.832, 28.9508 ], [ 77.8392, 28.9225 ], [ 77.8298, 28.9004 ], [ 77.841, 28.8948 ], [ 77.839, 28.8819 ], [ 77.8577, 28.8677 ], [ 77.8513, 28.8591 ], [ 77.8504, 28.8396 ], [ 77.8605, 28.8344 ], [ 77.8573, 28.8281 ], [ 77.8608, 28.8056 ], [ 77.8574, 28.8003 ], [ 77.8354, 28.8082 ], [ 77.8327, 28.8045 ], [ 77.8013, 28.7986 ], [ 77.799, 28.7914 ], [ 77.7819, 28.7916 ], [ 77.773, 28.782 ], [ 77.7751, 28.7703 ], [ 77.7575, 28.7623 ], [ 77.7512, 28.7538 ], [ 77.7362, 28.7538 ], [ 77.7219, 28.7421 ], [ 77.7034, 28.746 ], [ 77.693, 28.7446 ], [ 77.6871, 28.749 ], [ 77.6792, 28.7684 ], [ 77.685, 28.7809 ], [ 77.6913, 28.7809 ], [ 77.7066, 28.7932 ], [ 77.7075, 28.8146 ], [ 77.6923, 28.8293 ], [ 77.6964, 28.8539 ], [ 77.6824, 28.8806 ], [ 77.6762, 28.8827 ], [ 77.6543, 28.8739 ], [ 77.6496, 28.8742 ], [ 77.6447, 28.8844 ], [ 77.6081, 28.8843 ], [ 77.5866, 28.8802 ], [ 77.5803, 28.8966 ], [ 77.5762, 28.8983 ], [ 77.5704, 28.8937 ], [ 77.5602, 28.8941 ], [ 77.5476, 28.9014 ], [ 77.5383, 28.8956 ], [ 77.5251, 28.8937 ], [ 77.4977, 28.9063 ], [ 77.4875, 28.9014 ], [ 77.4512, 28.9111 ], [ 77.4492, 28.9312 ], [ 77.454, 28.9335 ] ] ] } },
{ "type": "Feature", "properties": { "unit_id": "IND.34.55.3_1", "unit_name": "Sardhana", "district": "Meerut", "did": "uttar_pradesh:Meerut", "state": "Uttar Pradesh", "state_key": "uttar_pradesh", "name_ok": true }, "geometry": { "type": "Polygon", "coordinates": [ [ [ 77.4397, 29.0921 ], [ 77.4397, 29.119 ], [ 77.4781, 29.2023 ], [ 77.4861, 29.2035 ], [ 77.5, 29.1947 ], [ 77.5074, 29.2066 ], [ 77.5212, 29.2078 ], [ 77.5257, 29.2179 ], [ 77.5321, 29.2192 ], [ 77.5395, 29.228 ], [ 77.546, 29.2274 ], [ 77.5603, 29.2366 ], [ 77.5604, 29.246 ], [ 77.5779, 29.2614 ], [ 77.5796, 29.2669 ], [ 77.5944, 29.258 ], [ 77.6143, 29.2527 ], [ 77.6194, 29.2363 ], [ 77.6292, 29.2283 ], [ 77.6404, 29.2277 ], [ 77.6461, 29.2487 ], [ 77.6538, 29.2555 ], [ 77.6599, 29.2554 ], [ 77.6738, 29.2513 ], [ 77.673, 29.2458 ], [ 77.6838, 29.2394 ], [ 77.6825, 29.2289 ], [ 77.6982, 29.2257 ], [ 77.7086, 29.2277 ], [ 77.725, 29.2204 ], [ 77.7392, 29.22 ], [ 77.773, 29.201 ], [ 77.7708, 29.186 ], [ 77.7874, 29.1863 ], [ 77.7878, 29.1793 ], [ 77.7802, 29.1701 ], [ 77.7805, 29.1595 ], [ 77.7998, 29.1578 ], [ 77.8013, 29.125 ], [ 77.813, 29.1239 ], [ 77.8113, 29.1111 ], [ 77.8039, 29.1067 ], [ 77.808, 29.0858 ], [ 77.8028, 29.086 ], [ 77.784, 29.0719 ], [ 77.7889, 29.0651 ], [ 77.7687, 29.0463 ], [ 77.763, 29.0427 ], [ 77.7303, 29.0605 ], [ 77.724, 29.0576 ], [ 77.7046, 29.0306 ], [ 77.699, 29.0303 ], [ 77.6955, 29.0387 ], [ 77.668, 29.0359 ], [ 77.6723, 29.0472 ], [ 77.6536, 29.0436 ], [ 77.6242, 29.0595 ], [ 77.6199, 29.0545 ], [ 77.5802, 29.0665 ], [ 77.5785, 29.0729 ], [ 77.532, 29.0946 ], [ 77.5165, 29.0877 ], [ 77.4952, 29.0914 ], [ 77.4612, 29.0868 ], [ 77.4514, 29.0822 ], [ 77.4458, 29.0706 ], [ 77.4397, 29.0921 ] ] ] } },
{ "type": "Feature", "properties": { "unit_id": "IND.34.56.1_1", "unit_name": "Chunar", "district": "Mirzapur", "did": "uttar_pradesh:Mirzapur", "state": "Uttar Pradesh", "state_key": "uttar_pradesh", "name_ok": true }, "geometry": { "type": "Polygon", "coordinates": [ [ [ 83.1593, 25.1374 ], [ 83.148, 25.1361 ], [ 83.1466, 25.1317 ], [ 83.1365, 25.1294 ], [ 83.1325, 25.1338 ], [ 83.1212, 25.1264 ], [ 83.1289, 25.1096 ], [ 83.1266, 25.1054 ], [ 83.1155, 25.1035 ], [ 83.1151, 25.0962 ], [ 83.1225, 25.0938 ], [ 83.1214, 25.0602 ], [ 83.1111, 25.0582 ], [ 83.0951, 25.0658 ], [ 83.074, 25.0651 ], [ 83.0621, 25.0693 ], [ 83.0509, 25.0601 ], [ 83.0598, 25.0527 ], [ 83.0597, 25.0465 ], [ 83.0544, 25.0448 ], [ 83.0641, 25.0336 ], [ 83.0603, 25.0267 ], [ 83.0678, 25.0165 ], [ 83.0608, 25.0049 ], [ 83.0682, 24.9787 ], [ 83.0531, 24.9693 ], [ 83.0537, 24.9552 ], [ 83.0591, 24.9306 ], [ 83.0731, 24.9016 ], [ 83.0703, 24.8882 ], [ 83.0785, 24.8687 ], [ 83.0769, 24.862 ], [ 83.0872, 24.8387 ], [ 83.1105, 24.8419 ], [ 83.121, 24.8273 ], [ 83.118, 24.8231 ], [ 83.1053, 24.8174 ], [ 83.0809, 24.8174 ], [ 83.0494, 24.801 ], [ 83.0463, 24.8154 ], [ 83.0379, 24.8198 ], [ 83.0162, 24.8113 ], [ 83.0088, 24.8166 ], [ 83.0069, 24.8244 ], [ 83.0225, 24.8388 ], [ 83.0062, 24.8512 ], [ 83.0024, 24.9074 ], [ 82.9925, 24.906 ], [ 82.9782, 24.896 ], [ 82.9786, 24.8874 ], [ 82.9721, 24.8755 ], [ 82.9625, 24.8638 ], [ 82.9553, 24.8586 ], [ 82.949, 24.8586 ], [ 82.9468, 24.8396 ], [ 82.9232, 24.8452 ], [ 82.9186, 24.8585 ], [ 82.909, 24.8524 ], [ 82.9107, 24.8417 ], [ 82.8987, 24.8365 ], [ 82.8864, 24.8419 ], [ 82.8734, 24.8382 ], [ 82.8592, 24.8434 ], [ 82.8314, 24.8447 ], [ 82.8171, 24.8565 ], [ 82.8003, 24.8538 ], [ 82.7938, 24.8449 ], [ 82.774, 24.8392 ], [ 82.7446, 24.823 ], [ 82.7173, 24.8205 ], [ 82.6914, 24.8308 ], [ 82.6922, 24.8391 ], [ 82.7017, 24.8459 ], [ 82.7029, 24.851 ], [ 82.6953, 24.8939 ], [ 82.6846, 24.9149 ], [ 82.6839, 24.9253 ], [ 82.676, 24.9307 ], [ 82.6802, 24.9392 ], [ 82.6787, 24.9493 ], [ 82.6932, 24.9586 ], [ 82.7085, 24.9566 ], [ 82.7208, 24.9664 ], [ 82.7229, 24.9834 ], [ 82.7303, 24.9898 ], [ 82.7357, 25.0067 ], [ 82.7444, 25.0129 ], [ 82.7476, 25.0236 ], [ 82.7477, 25.028 ], [ 82.7406, 25.0296 ], [ 82.736, 25.0395 ], [ 82.7506, 25.0482 ], [ 82.754, 25.0441 ], [ 82.7576, 25.046 ], [ 82.7715, 25.042 ], [ 82.7746, 25.0469 ], [ 82.7854, 25.0431 ], [ 82.7825, 25.0591 ], [ 82.7915, 25.0671 ], [ 82.7998, 25.0916 ], [ 82.811, 25.089 ], [ 82.8094, 25.1176 ], [ 82.756, 25.1364 ], [ 82.705, 25.1659 ], [ 82.7211, 25.1796 ], [ 82.7298, 25.1947 ], [ 82.7432, 25.1984 ], [ 82.7562, 25.1919 ], [ 82.7736, 25.193 ], [ 82.7806, 25.1998 ], [ 82.7828, 25.1955 ], [ 82.7943, 25.1924 ], [ 82.7853, 25.1816 ], [ 82.7954, 25.1748 ], [ 82.8015, 25.1908 ], [ 82.8172, 25.1877 ], [ 82.819, 25.1797 ], [ 82.8266, 25.1764 ], [ 82.8296, 25.1703 ], [ 82.8429, 25.1697 ], [ 82.8509, 25.1733 ], [ 82.8675, 25.1921 ], [ 82.8617, 25.1952 ], [ 82.8631, 25.202 ], [ 82.8684, 25.2042 ], [ 82.8751, 25.202 ], [ 82.8934, 25.218 ], [ 82.8959, 25.2145 ], [ 82.9104, 25.2155 ], [ 82.925, 25.2105 ], [ 82.9938, 25.205 ], [ 83.0128, 25.221 ], [ 83.0235, 25.2442 ], [ 83.0275, 25.244 ], [ 83.0417, 25.2353 ], [ 83.0621, 25.2307 ], [ 83.0685, 25.2131 ], [ 83.085, 25.2121 ], [ 83.0859, 25.2052 ], [ 83.0911, 25.2033 ], [ 83.1137, 25.2022 ], [ 83.1195, 25.1895 ], [ 83.1668, 25.1865 ], [ 83.1754, 25.1774 ], [ 83.173, 25.1717 ], [ 83.1642, 25.1683 ], [ 83.1593, 25.1374 ] ] ] } },
{ "type": "Feature", "properties": { "unit_id": "IND.34.56.2_1", "unit_name": "Mirzapur", "district": "Mirzapur", "did": "uttar_pradesh:Mirzapur", "state": "Uttar Pradesh", "state_key": "uttar_pradesh", "name_ok": true }, "geometry": { "type": "Polygon", "coordinates": [ [ [ 82.2984, 24.628 ], [ 82.2947, 24.6539 ], [ 82.2981, 24.6565 ], [ 82.2919, 24.6648 ], [ 82.2964, 24.67 ], [ 82.2852, 24.67 ], [ 82.2785, 24.6809 ], [ 82.2634, 24.6864 ], [ 82.2583, 24.6821 ], [ 82.2667, 24.6784 ], [ 82.2531, 24.6661 ], [ 82.248, 24.6756 ], [ 82.2355, 24.6764 ], [ 82.2351, 24.6659 ], [ 82.2299, 24.6696 ], [ 82.2287, 24.6908 ], [ 82.243, 24.7018 ], [ 82.2414, 24.7385 ], [ 82.2459, 24.7407 ], [ 82.2496, 24.7564 ], [ 82.2437, 24.7758 ], [ 82.2403, 24.7755 ], [ 82.2384, 24.7544 ], [ 82.2277, 24.7656 ], [ 82.2234, 24.7642 ], [ 82.2209, 24.767 ], [ 82.2185, 24.765 ], [ 82.2228, 24.7517 ], [ 82.2092, 24.7595 ], [ 82.1995, 24.7521 ], [ 82.2134, 24.7442 ], [ 82.2138, 24.7287 ], [ 82.2084, 24.739 ], [ 82.2026, 24.7408 ], [ 82.1951, 24.7399 ], [ 82.1887, 24.7438 ], [ 82.1729, 24.7396 ], [ 82.1915, 24.7532 ], [ 82.1957, 24.7637 ], [ 82.1906, 24.7696 ], [ 82.1894, 24.7823 ], [ 82.2095, 24.7815 ], [ 82.2049, 24.7855 ], [ 82.2087, 24.7978 ], [ 82.2014, 24.8007 ], [ 82.1949, 24.7969 ], [ 82.1886, 24.7982 ], [ 82.179, 24.8047 ], [ 82.196, 24.8245 ], [ 82.1737, 24.8142 ], [ 82.1718, 24.8088 ], [ 82.1628, 24.805 ], [ 82.1734, 24.801 ], [ 82.1594, 24.7923 ], [ 82.1322, 24.8045 ], [ 82.1264, 24.7939 ], [ 82.1122, 24.7923 ], [ 82.1078, 24.7937 ], [ 82.1077, 24.8008 ], [ 82.0935, 24.8217 ], [ 82.076, 24.8354 ], [ 82.0902, 24.8385 ], [ 82.0903, 24.8432 ], [ 82.1118, 24.8496 ], [ 82.1084, 24.8568 ], [ 82.0991, 24.8538 ], [ 82.0936, 24.8559 ], [ 82.0952, 24.8675 ], [ 82.1039, 24.8668 ], [ 82.1036, 24.8782 ], [ 82.1153, 24.8695 ], [ 82.1257, 24.8776 ], [ 82.1301, 24.8864 ], [ 82.1272, 24.9048 ], [ 82.1363, 24.9077 ], [ 82.1522, 24.8925 ], [ 82.1607, 24.8932 ], [ 82.1804, 24.9169 ], [ 82.1909, 24.9184 ], [ 82.1956, 24.933 ], [ 82.2029, 24.9411 ], [ 82.2175, 24.9359 ], [ 82.222, 24.9383 ], [ 82.2229, 24.951 ], [ 82.2335, 24.9662 ], [ 82.2598, 24.972 ], [ 82.2819, 25.0085 ], [ 82.2984, 25.0245 ], [ 82.2978, 25.0392 ], [ 82.2884, 25.0549 ], [ 82.3069, 25.0641 ], [ 82.3197, 25.0836 ], [ 82.296, 25.1122 ], [ 82.2964, 25.1307 ], [ 82.2883, 25.1376 ], [ 82.2933, 25.1593 ], [ 82.284, 25.1528 ], [ 82.2759, 25.1608 ], [ 82.2618, 25.1653 ], [ 82.2605, 25.185 ], [ 82.2783, 25.1921 ], [ 82.2796, 25.2022 ], [ 82.2335, 25.2198 ], [ 82.2343, 25.2352 ], [ 82.2516, 25.2675 ], [ 82.2682, 25.2767 ], [ 82.2915, 25.2746 ], [ 82.307, 25.2594 ], [ 82.3197, 25.2195 ], [ 82.3395, 25.2121 ], [ 82.3522, 25.2169 ], [ 82.3686, 25.2516 ], [ 82.3763, 25.2609 ], [ 82.3847, 25.2644 ], [ 82.3931, 25.2624 ], [ 82.4398, 25.2345 ], [ 82.4424, 25.2234 ], [ 82.4587, 25.2261 ], [ 82.4678, 25.2496 ], [ 82.4843, 25.2454 ], [ 82.5487, 25.2418 ], [ 82.56, 25.2488 ], [ 82.5664, 25.245 ], [ 82.5683, 25.2523 ], [ 82.5779, 25.2539 ], [ 82.606, 25.2478 ], [ 82.6077, 25.2301 ], [ 82.6288, 25.2211 ], [ 82.6362, 25.2606 ], [ 82.6486, 25.2634 ], [ 82.6636, 25.2509 ], [ 82.6759, 25.2648 ], [ 82.7022, 25.2653 ], [ 82.7066, 25.2556 ], [ 82.7284, 25.2567 ], [ 82.7318, 25.248 ], [ 82.7443, 25.2432 ], [ 82.7492, 25.2462 ], [ 82.7539, 25.2704 ], [ 82.7646, 25.269 ], [ 82.7698, 25.2741 ], [ 82.7729, 25.2679 ], [ 82.7629, 25.2628 ], [ 82.7714, 25.2512 ], [ 82.7681, 25.2383 ], [ 82.7767, 25.2316 ], [ 82.7831, 25.2338 ], [ 82.7776, 25.242 ], [ 82.7775, 25.251 ], [ 82.7959, 25.2584 ], [ 82.8116, 25.2588 ], [ 82.8135, 25.2551 ], [ 82.8036, 25.2436 ], [ 82.8082, 25.2317 ], [ 82.7966, 25.2255 ], [ 82.8083, 25.2088 ], [ 82.784, 25.2124 ], [ 82.7781, 25.2105 ], [ 82.7759, 25.2073 ], [ 82.7806, 25.1998 ], [ 82.7736, 25.193 ], [ 82.7562, 25.1919 ], [ 82.7432, 25.1984 ], [ 82.7298, 25.1947 ], [ 82.72, 25.1784 ], [ 82.7052, 25.1676 ], [ 82.756, 25.1364 ], [ 82.8094, 25.1176 ], [ 82.8112, 25.0925 ], [ 82.8103, 25.0879 ], [ 82.7998, 25.0916 ], [ 82.7915, 25.0671 ], [ 82.7825, 25.0591 ], [ 82.7854, 25.0431 ], [ 82.7746, 25.0469 ], [ 82.7715, 25.042 ], [ 82.7576, 25.046 ], [ 82.754, 25.0441 ], [ 82.7506, 25.0482 ], [ 82.736, 25.0395 ], [ 82.7406, 25.0296 ], [ 82.7477, 25.028 ], [ 82.7476, 25.0236 ], [ 82.7444, 25.0129 ], [ 82.7357, 25.0067 ], [ 82.7303, 24.9898 ], [ 82.7229, 24.9834 ], [ 82.7208, 24.9664 ], [ 82.7085, 24.9566 ], [ 82.6932, 24.9586 ], [ 82.6787, 24.9493 ], [ 82.6802, 24.9392 ], [ 82.676, 24.9307 ], [ 82.6839, 24.9253 ], [ 82.6846, 24.9149 ], [ 82.6953, 24.8939 ], [ 82.7029, 24.851 ], [ 82.7017, 24.8459 ], [ 82.6922, 24.8391 ], [ 82.6914, 24.8308 ], [ 82.6953, 24.8302 ], [ 82.6939, 24.811 ], [ 82.651, 24.7868 ], [ 82.6259, 24.7888 ], [ 82.6191, 24.7904 ], [ 82.6246, 24.8022 ], [ 82.6263, 24.8236 ], [ 82.6167, 24.8224 ], [ 82.6128, 24.8142 ], [ 82.6056, 24.8137 ], [ 82.5916, 24.8265 ], [ 82.5746, 24.8326 ], [ 82.5637, 24.8172 ], [ 82.5393, 24.8101 ], [ 82.5479, 24.7433 ], [ 82.5387, 24.7383 ], [ 82.5295, 24.7381 ], [ 82.5298, 24.721 ], [ 82.5427, 24.7103 ], [ 82.5418, 24.6968 ], [ 82.534, 24.6909 ], [ 82.521, 24.689 ], [ 82.5184, 24.6783 ], [ 82.4868, 24.6755 ], [ 82.4767, 24.6836 ], [ 82.4489, 24.6779 ], [ 82.4448, 24.6801 ], [ 82.4484, 24.6906 ], [ 82.4448, 24.6964 ], [ 82.4323, 24.7063 ], [ 82.4202, 24.7053 ], [ 82.4074, 24.6951 ], [ 82.4016, 24.6838 ], [ 82.4068, 24.6744 ], [ 82.4055, 24.6668 ], [ 82.4118, 24.6578 ], [ 82.409, 24.6431 ], [ 82.4035, 24.6362 ], [ 82.4079, 24.6228 ], [ 82.4057, 24.6175 ], [ 82.4146, 24.6064 ], [ 82.4092, 24.5978 ], [ 82.3856, 24.5974 ], [ 82.3608, 24.602 ], [ 82.3505, 24.6082 ], [ 82.346, 24.6188 ], [ 82.3298, 24.6238 ], [ 82.3094, 24.6129 ], [ 82.2939, 24.6137 ], [ 82.2984, 24.628 ] ] ] } },
{ "type": "Feature", "properties": { "unit_id": "IND.34.57.1_1", "unit_name": "Bilari", "district": "Moradabad", "did": "uttar_pradesh:Moradabad", "state": "Uttar Pradesh", "state_key": "uttar_pradesh", "name_ok": true }, "geometry": { "type": "Polygon", "coordinates": [ [ [ 78.625, 28.7966 ], [ 78.6378, 28.797 ], [ 78.6431, 28.7927 ], [ 78.64, 28.7888 ], [ 78.6527, 28.7827 ], [ 78.6625, 28.8006 ], [ 78.6703, 28.8024 ], [ 78.6761, 28.8013 ], [ 78.6854, 28.7914 ], [ 78.6967, 28.7898 ], [ 78.7071, 28.7961 ], [ 78.7235, 28.7916 ], [ 78.7415, 28.7938 ], [ 78.754, 28.7808 ], [ 78.7561, 28.773 ], [ 78.7638, 28.7684 ], [ 78.7587, 28.7601 ], [ 78.7701, 28.7627 ], [ 78.7781, 28.7567 ], [ 78.7906, 28.7581 ], [ 78.7898, 28.7477 ], [ 78.7931, 28.7455 ], [ 78.7982, 28.7485 ], [ 78.8088, 28.7468 ], [ 78.8132, 28.7505 ], [ 78.8225, 28.7482 ], [ 78.8233, 28.7444 ], [ 78.8117, 28.7399 ], [ 78.8118, 28.7315 ], [ 78.8245, 28.7259 ], [ 78.8355, 28.7302 ], [ 78.837, 28.7148 ], [ 78.8421, 28.7105 ], [ 78.8274, 28.6867 ], [ 78.8352, 28.6785 ], [ 78.8281, 28.6662 ], [ 78.8674, 28.6354 ], [ 78.8728, 28.6215 ], [ 78.894, 28.6096 ], [ 78.8932, 28.5991 ], [ 78.9057, 28.5931 ], [ 78.9102, 28.5867 ], [ 78.909, 28.5806 ], [ 78.9266, 28.5686 ], [ 78.9285, 28.5497 ], [ 78.9186, 28.5507 ], [ 78.9163, 28.546 ], [ 78.9299, 28.5231 ], [ 78.9272, 28.5162 ], [ 78.9074, 28.5201 ], [ 78.9031, 28.5319 ], [ 78.896, 28.5355 ], [ 78.8874, 28.5144 ], [ 78.8714, 28.5226 ], [ 78.8678, 28.5173 ], [ 78.8706, 28.5062 ], [ 78.8167, 28.488 ], [ 78.796, 28.4919 ], [ 78.786, 28.4873 ], [ 78.7728, 28.4712 ], [ 78.7632, 28.4655 ], [ 78.7475, 28.4691 ], [ 78.7379, 28.4769 ], [ 78.7204, 28.4805 ], [ 78.7204, 28.4859 ], [ 78.7143, 28.4898 ], [ 78.6694, 28.4891 ], [ 78.668, 28.5047 ], [ 78.6566, 28.5197 ], [ 78.6595, 28.5308 ], [ 78.6562, 28.5575 ], [ 78.673, 28.5667 ], [ 78.6718, 28.5764 ], [ 78.6754, 28.5813 ], [ 78.6724, 28.5886 ], [ 78.6816, 28.5896 ], [ 78.6929, 28.584 ], [ 78.6934, 28.5925 ], [ 78.6899, 28.595 ], [ 78.697, 28.6085 ], [ 78.6872, 28.6176 ], [ 78.6699, 28.6208 ], [ 78.674, 28.6375 ], [ 78.667, 28.6524 ], [ 78.6505, 28.6512 ], [ 78.6425, 28.6622 ], [ 78.6283, 28.6707 ], [ 78.6298, 28.675 ], [ 78.6205, 28.6752 ], [ 78.6375, 28.6978 ], [ 78.6362, 28.7375 ], [ 78.6399, 28.7512 ], [ 78.6511, 28.7527 ], [ 78.6521, 28.7575 ], [ 78.6448, 28.7621 ], [ 78.6535, 28.7666 ], [ 78.646, 28.7696 ], [ 78.6454, 28.7754 ], [ 78.6287, 28.7873 ], [ 78.625, 28.7966 ] ] ] } },
{ "type": "Feature", "properties": { "unit_id": "IND.34.57.2_1", "unit_name": "Moradabad", "district": "Moradabad", "did": "uttar_pradesh:Moradabad", "state": "Uttar Pradesh", "state_key": "uttar_pradesh", "name_ok": true }, "geometry": { "type": "Polygon", "coordinates": [ [ [ 78.6003, 28.8129 ], [ 78.5953, 28.8245 ], [ 78.6053, 28.8419 ], [ 78.6137, 28.8387 ], [ 78.6328, 28.8514 ], [ 78.6458, 28.8746 ], [ 78.6571, 28.8788 ], [ 78.6632, 28.8961 ], [ 78.6743, 28.9068 ], [ 78.6714, 28.9175 ], [ 78.6539, 28.9263 ], [ 78.6598, 28.9379 ], [ 78.674, 28.9453 ], [ 78.6796, 28.9528 ], [ 78.7082, 28.9408 ], [ 78.7174, 28.9497 ], [ 78.7244, 28.9459 ], [ 78.7375, 28.9507 ], [ 78.7436, 28.9426 ], [ 78.7805, 28.9499 ], [ 78.776, 28.9612 ], [ 78.785, 28.9608 ], [ 78.7851, 28.9638 ], [ 78.7736, 28.9728 ], [ 78.7862, 28.9729 ], [ 78.7877, 28.9872 ], [ 78.7955, 28.9824 ], [ 78.7931, 28.9929 ], [ 78.7978, 28.9958 ], [ 78.7963, 28.9993 ], [ 78.7905, 28.9998 ], [ 78.7895, 29.0053 ], [ 78.7816, 29.0036 ], [ 78.7868, 29.017 ], [ 78.7933, 29.024 ], [ 78.7977, 29.0208 ], [ 78.8085, 29.028 ], [ 78.8308, 29.0324 ], [ 78.8397, 29.03 ], [ 78.8527, 29.0354 ], [ 78.8558, 29.0405 ], [ 78.8445, 29.0444 ], [ 78.8585, 29.0632 ], [ 78.8522, 29.0661 ], [ 78.8528, 29.0766 ], [ 78.8626, 29.0694 ], [ 78.8739, 29.0832 ], [ 78.8696, 29.0944 ], [ 78.8761, 29.0893 ], [ 78.8857, 29.0902 ], [ 78.8773, 29.1117 ], [ 78.8873, 29.1129 ], [ 78.8814, 29.123 ], [ 78.8823, 29.1284 ], [ 78.893, 29.1346 ], [ 78.8849, 29.1492 ], [ 78.9145, 29.149 ], [ 78.9236, 29.1571 ], [ 78.9444, 29.1496 ], [ 78.9515, 29.1597 ], [ 78.9608, 29.1616 ], [ 78.9635, 29.1473 ], [ 78.95, 29.1493 ], [ 78.9549, 29.1449 ], [ 78.9574, 29.1276 ], [ 78.9485, 29.1229 ], [ 78.9455, 29.1153 ], [ 78.9374, 29.1096 ], [ 78.9478, 29.0981 ], [ 78.9364, 29.1021 ], [ 78.9381, 29.0835 ], [ 78.9305, 29.0886 ], [ 78.9234, 29.0855 ], [ 78.9314, 29.0746 ], [ 78.926, 29.0671 ], [ 78.938, 29.0389 ], [ 78.9354, 29.0265 ], [ 78.9275, 29.0137 ], [ 78.911, 29.0029 ], [ 78.8985, 29.0 ], [ 78.9019, 28.9976 ], [ 78.8925, 28.9865 ], [ 78.8767, 28.9904 ], [ 78.8733, 28.9871 ], [ 78.8801, 28.9797 ], [ 78.8725, 28.9667 ], [ 78.8906, 28.9545 ], [ 78.8879, 28.9525 ], [ 78.8921, 28.9446 ], [ 78.88, 28.9393 ], [ 78.8846, 28.9358 ], [ 78.8786, 28.9339 ], [ 78.8763, 28.9036 ], [ 78.8795, 28.8972 ], [ 78.8934, 28.895 ], [ 78.8944, 28.8861 ], [ 78.901, 28.8817 ], [ 78.8969, 28.8778 ], [ 78.899, 28.8694 ], [ 78.9131, 28.8624 ], [ 78.9212, 28.8638 ], [ 78.9356, 28.8559 ], [ 78.9303, 28.8382 ], [ 78.9463, 28.8272 ], [ 78.9515, 28.8312 ], [ 78.9608, 28.8314 ], [ 78.9622, 28.8196 ], [ 78.9574, 28.8162 ], [ 78.9559, 28.7998 ], [ 78.9404, 28.7876 ], [ 78.9624, 28.779 ], [ 78.9644, 28.7693 ], [ 78.9415, 28.7502 ], [ 78.9424, 28.7447 ], [ 78.9355, 28.7393 ], [ 78.9347, 28.719 ], [ 78.9081, 28.7105 ], [ 78.8943, 28.7122 ], [ 78.8682, 28.6965 ], [ 78.8522, 28.7059 ], [ 78.8498, 28.7129 ], [ 78.8556, 28.7187 ], [ 78.8492, 28.7317 ], [ 78.841, 28.7341 ], [ 78.8245, 28.7259 ], [ 78.8118, 28.7315 ], [ 78.8117, 28.7399 ], [ 78.8233, 28.7444 ], [ 78.8225, 28.7482 ], [ 78.8132, 28.7505 ], [ 78.8088, 28.7468 ], [ 78.7982, 28.7485 ], [ 78.7931, 28.7455 ], [ 78.7898, 28.7477 ], [ 78.7906, 28.7581 ], [ 78.7781, 28.7567 ], [ 78.7701, 28.7627 ], [ 78.7587, 28.7601 ], [ 78.7638, 28.7684 ], [ 78.7561, 28.773 ], [ 78.754, 28.7808 ], [ 78.7415, 28.7938 ], [ 78.7235, 28.7916 ], [ 78.7071, 28.7961 ], [ 78.6967, 28.7898 ], [ 78.6854, 28.7914 ], [ 78.6761, 28.8013 ], [ 78.6703, 28.8024 ], [ 78.6625, 28.8006 ], [ 78.6527, 28.7827 ], [ 78.64, 28.7888 ], [ 78.6431, 28.7927 ], [ 78.6378, 28.797 ], [ 78.6312, 28.798 ], [ 78.625, 28.7966 ], [ 78.6287, 28.7873 ], [ 78.6245, 28.7804 ], [ 78.6181, 28.784 ], [ 78.6108, 28.7826 ], [ 78.6095, 28.7876 ], [ 78.6222, 28.7953 ], [ 78.6205, 28.8021 ], [ 78.6155, 28.8067 ], [ 78.6085, 28.8031 ], [ 78.5985, 28.8074 ], [ 78.6003, 28.8129 ] ] ] } },
{ "type": "Feature", "properties": { "unit_id": "IND.34.57.3_1", "unit_name": "Thakurdwara", "district": "Moradabad", "did": "uttar_pradesh:Moradabad", "state": "Uttar Pradesh", "state_key": "uttar_pradesh", "name_ok": true }, "geometry": { "type": "Polygon", "coordinates": [ [ [ 78.6594, 28.9755 ], [ 78.6422, 28.9844 ], [ 78.6306, 29.0069 ], [ 78.6363, 29.0172 ], [ 78.6576, 29.0327 ], [ 78.6612, 29.0438 ], [ 78.6932, 29.07 ], [ 78.681, 29.0887 ], [ 78.6996, 29.1008 ], [ 78.6967, 29.1061 ], [ 78.6866, 29.1059 ], [ 78.6651, 29.0974 ], [ 78.6563, 29.1077 ], [ 78.6721, 29.1224 ], [ 78.6652, 29.1329 ], [ 78.6666, 29.1471 ], [ 78.6581, 29.184 ], [ 78.6499, 29.1847 ], [ 78.6492, 29.1905 ], [ 78.6537, 29.1975 ], [ 78.6697, 29.2046 ], [ 78.6733, 29.2098 ], [ 78.6796, 29.2065 ], [ 78.6907, 29.2131 ], [ 78.6914, 29.2225 ], [ 78.6879, 29.2238 ], [ 78.6772, 29.2147 ], [ 78.6673, 29.2148 ], [ 78.6744, 29.2263 ], [ 78.6682, 29.2323 ], [ 78.6867, 29.2532 ], [ 78.6827, 29.2591 ], [ 78.6938, 29.2671 ], [ 78.695, 29.2732 ], [ 78.7111, 29.2735 ], [ 78.7199, 29.2825 ], [ 78.7349, 29.2825 ], [ 78.7419, 29.2886 ], [ 78.75, 29.2848 ], [ 78.7586, 29.2867 ], [ 78.7815, 29.2712 ], [ 78.786, 29.273 ], [ 78.7899, 29.263 ], [ 78.8138, 29.2523 ], [ 78.8313, 29.2607 ], [ 78.8341, 29.2562 ], [ 78.8423, 29.2543 ], [ 78.8506, 29.2622 ], [ 78.871, 29.2407 ], [ 78.8736, 29.2353 ], [ 78.8701, 29.2285 ], [ 78.8829, 29.2253 ], [ 78.8845, 29.2195 ], [ 78.8921, 29.2149 ], [ 78.8877, 29.2103 ], [ 78.8992, 29.2026 ], [ 78.8943, 29.1959 ], [ 78.9057, 29.1803 ], [ 78.9024, 29.1745 ], [ 78.9048, 29.1632 ], [ 78.895, 29.1568 ], [ 78.9004, 29.1506 ], [ 78.8844, 29.1469 ], [ 78.8912, 29.1425 ], [ 78.893, 29.1346 ], [ 78.8823, 29.1284 ], [ 78.8814, 29.123 ], [ 78.8873, 29.1129 ], [ 78.8773, 29.1117 ], [ 78.8857, 29.0902 ], [ 78.8761, 29.0893 ], [ 78.8696, 29.0944 ], [ 78.8739, 29.0832 ], [ 78.8626, 29.0694 ], [ 78.8528, 29.0766 ], [ 78.8522, 29.0661 ], [ 78.8585, 29.0632 ], [ 78.8445, 29.0444 ], [ 78.8558, 29.0405 ], [ 78.8527, 29.0354 ], [ 78.8397, 29.03 ], [ 78.8308, 29.0324 ], [ 78.8085, 29.028 ], [ 78.7977, 29.0208 ], [ 78.7933, 29.024 ], [ 78.7868, 29.017 ], [ 78.7816, 29.0036 ], [ 78.7895, 29.0053 ], [ 78.7905, 28.9998 ], [ 78.7963, 28.9993 ], [ 78.7978, 28.9958 ], [ 78.7931, 28.9929 ], [ 78.7955, 28.9824 ], [ 78.7877, 28.9872 ], [ 78.7862, 28.9729 ], [ 78.7736, 28.9728 ], [ 78.7851, 28.9638 ], [ 78.785, 28.9608 ], [ 78.776, 28.9612 ], [ 78.7805, 28.9499 ], [ 78.7436, 28.9426 ], [ 78.7375, 28.9507 ], [ 78.7244, 28.9459 ], [ 78.7174, 28.9497 ], [ 78.7082, 28.9408 ], [ 78.6796, 28.9528 ], [ 78.6594, 28.9755 ] ] ] } },
{ "type": "Feature", "properties": { "unit_id": "IND.34.58.1_1", "unit_name": "Budhana", "district": "Muzaffarnagar", "did": "uttar_pradesh:Muzaffarnagar", "state": "Uttar Pradesh", "state_key": "uttar_pradesh", "name_ok": true }, "geometry": { "type": "Polygon", "coordinates": [ [ [ 77.4523, 29.225 ], [ 77.4493, 29.2327 ], [ 77.432, 29.2316 ], [ 77.4178, 29.2368 ], [ 77.3996, 29.2504 ], [ 77.3804, 29.2534 ], [ 77.3714, 29.2412 ], [ 77.3442, 29.2446 ], [ 77.3212, 29.2535 ], [ 77.3045, 29.2645 ], [ 77.2984, 29.2663 ], [ 77.2874, 29.2626 ], [ 77.2712, 29.2719 ], [ 77.2485, 29.2721 ], [ 77.2443, 29.2816 ], [ 77.2674, 29.2894 ], [ 77.285, 29.2903 ], [ 77.3103, 29.276 ], [ 77.3198, 29.2879 ], [ 77.3203, 29.3098 ], [ 77.3302, 29.3227 ], [ 77.3531, 29.3141 ], [ 77.3712, 29.3331 ], [ 77.3855, 29.3346 ], [ 77.4092, 29.3588 ], [ 77.418, 29.3937 ], [ 77.4221, 29.4049 ], [ 77.4263, 29.4058 ], [ 77.4301, 29.4302 ], [ 77.4503, 29.4427 ], [ 77.4781, 29.4378 ], [ 77.5063, 29.4265 ], [ 77.5088, 29.4216 ], [ 77.5059, 29.4129 ], [ 77.5149, 29.4034 ], [ 77.5478, 29.4025 ], [ 77.554, 29.3915 ], [ 77.5593, 29.389 ], [ 77.568, 29.3925 ], [ 77.5948, 29.384 ], [ 77.5944, 29.3757 ], [ 77.6123, 29.3689 ], [ 77.6176, 29.3785 ], [ 77.6353, 29.3874 ], [ 77.6635, 29.3822 ], [ 77.6748, 29.3765 ], [ 77.6826, 29.366 ], [ 77.6778, 29.3585 ], [ 77.6761, 29.3367 ], [ 77.6746, 29.3329 ], [ 77.6693, 29.3326 ], [ 77.6757, 29.3244 ], [ 77.6696, 29.3189 ], [ 77.6753, 29.3155 ], [ 77.6678, 29.3071 ], [ 77.6614, 29.3055 ], [ 77.6636, 29.3111 ], [ 77.6518, 29.3135 ], [ 77.6456, 29.2918 ], [ 77.6386, 29.2859 ], [ 77.6305, 29.2915 ], [ 77.6224, 29.2894 ], [ 77.61, 29.2923 ], [ 77.6063, 29.2847 ], [ 77.6012, 29.2882 ], [ 77.5962, 29.2762 ], [ 77.5796, 29.27 ], [ 77.5779, 29.2614 ], [ 77.5604, 29.246 ], [ 77.5603, 29.2366 ], [ 77.546, 29.2274 ], [ 77.5395, 29.228 ], [ 77.5321, 29.2192 ], [ 77.5257, 29.2179 ], [ 77.5212, 29.2078 ], [ 77.5074, 29.2066 ], [ 77.5, 29.1947 ], [ 77.4861, 29.2035 ], [ 77.4781, 29.2023 ], [ 77.4523, 29.225 ] ] ] } },
{ "type": "Feature", "properties": { "unit_id": "IND.34.58.2_1", "unit_name": "Jansath", "district": "Muzaffarnagar", "did": "uttar_pradesh:Muzaffarnagar", "state": "Uttar Pradesh", "state_key": "uttar_pradesh", "name_ok": true }, "geometry": { "type": "Polygon", "coordinates": [ [ [ 77.984, 29.5434 ], [ 77.9824, 29.5293 ], [ 77.9845, 29.4875 ], [ 77.9958, 29.4746 ], [ 78.0072, 29.4751 ], [ 78.0089, 29.4704 ], [ 78.0051, 29.4678 ], [ 78.0175, 29.4584 ], [ 78.026, 29.4356 ], [ 78.0422, 29.4177 ], [ 78.0507, 29.4168 ], [ 78.0535, 29.4076 ], [ 78.0372, 29.3946 ], [ 78.0393, 29.383 ], [ 78.05, 29.3761 ], [ 78.0565, 29.3649 ], [ 78.0717, 29.3635 ], [ 78.0766, 29.3467 ], [ 78.0981, 29.3295 ], [ 78.1255, 29.2592 ], [ 78.1031, 29.26 ], [ 78.098, 29.2571 ], [ 78.0709, 29.2668 ], [ 78.0256, 29.2675 ], [ 78.011, 29.2538 ], [ 77.9875, 29.2543 ], [ 77.9796, 29.2399 ], [ 77.9667, 29.2434 ], [ 77.9517, 29.2336 ], [ 77.9327, 29.2362 ], [ 77.9232, 29.2303 ], [ 77.9152, 29.2143 ], [ 77.9003, 29.2177 ], [ 77.8905, 29.2114 ], [ 77.8574, 29.2281 ], [ 77.8411, 29.2033 ], [ 77.8337, 29.2003 ], [ 77.8006, 29.2011 ], [ 77.7926, 29.1861 ], [ 77.7708, 29.186 ], [ 77.773, 29.201 ], [ 77.7392, 29.22 ], [ 77.725, 29.2204 ], [ 77.7086, 29.2277 ], [ 77.6982, 29.2257 ], [ 77.6825, 29.2289 ], [ 77.6838, 29.2394 ], [ 77.673, 29.2458 ], [ 77.6738, 29.2513 ], [ 77.6538, 29.2555 ], [ 77.6461, 29.2487 ], [ 77.6404, 29.2277 ], [ 77.6292, 29.2283 ], [ 77.6194, 29.2363 ], [ 77.6143, 29.2527 ], [ 77.5944, 29.258 ], [ 77.5796, 29.2669 ], [ 77.5796, 29.27 ], [ 77.5962, 29.2762 ], [ 77.5987, 29.2866 ], [ 77.6046, 29.2877 ], [ 77.6063, 29.2847 ], [ 77.61, 29.2923 ], [ 77.6338, 29.291 ], [ 77.6386, 29.2859 ], [ 77.6456, 29.2918 ], [ 77.6518, 29.3135 ], [ 77.6599, 29.3141 ], [ 77.6636, 29.3111 ], [ 77.6614, 29.3055 ], [ 77.6647, 29.3052 ], [ 77.6753, 29.3155 ], [ 77.6696, 29.3189 ], [ 77.6757, 29.3244 ], [ 77.6693, 29.3326 ], [ 77.6746, 29.3329 ], [ 77.6761, 29.3367 ], [ 77.6778, 29.3585 ], [ 77.6826, 29.366 ], [ 77.6748, 29.3765 ], [ 77.6635, 29.3822 ], [ 77.6892, 29.3912 ], [ 77.7085, 29.378 ], [ 77.7215, 29.3929 ], [ 77.7204, 29.3993 ], [ 77.7256, 29.4004 ], [ 77.7423, 29.3985 ], [ 77.7542, 29.3739 ], [ 77.7645, 29.3776 ], [ 77.7745, 29.3879 ], [ 77.7674, 29.3949 ], [ 77.7688, 29.4054 ], [ 77.7733, 29.4135 ], [ 77.7827, 29.4097 ], [ 77.7857, 29.4131 ], [ 77.7895, 29.4213 ], [ 77.7804, 29.4291 ], [ 77.7923, 29.4453 ], [ 77.8027, 29.4458 ], [ 77.8104, 29.439 ], [ 77.8274, 29.4542 ], [ 77.8205, 29.461 ], [ 77.8234, 29.4673 ], [ 77.8118, 29.4711 ], [ 77.8131, 29.4918 ], [ 77.7928, 29.5011 ], [ 77.7944, 29.5155 ], [ 77.7787, 29.535 ], [ 77.7826, 29.5383 ], [ 77.7896, 29.5311 ], [ 77.8058, 29.5409 ], [ 77.8129, 29.5507 ], [ 77.8507, 29.5302 ], [ 77.8669, 29.5407 ], [ 77.887, 29.563 ], [ 77.9121, 29.5764 ], [ 77.9188, 29.5766 ], [ 77.9269, 29.5715 ], [ 77.9477, 29.5494 ], [ 77.9594, 29.5611 ], [ 77.9609, 29.5793 ], [ 77.9674, 29.5857 ], [ 77.977, 29.5833 ], [ 77.9823, 29.589 ], [ 77.984, 29.5799 ], [ 77.9771, 29.5581 ], [ 77.988, 29.5459 ], [ 77.984, 29.5434 ] ] ] } },
{ "type": "Feature", "properties": { "unit_id": "IND.34.58.3_1", "unit_name": "Muzaffarnagar", "district": "Muzaffarnagar", "did": "uttar_pradesh:Muzaffarnagar", "state": "Uttar Pradesh", "state_key": "uttar_pradesh", "name_ok": true }, "geometry": { "type": "Polygon", "coordinates": [ [ [ 77.6353, 29.3874 ], [ 77.6176, 29.3785 ], [ 77.6123, 29.3689 ], [ 77.5944, 29.3757 ], [ 77.5948, 29.384 ], [ 77.568, 29.3925 ], [ 77.5593, 29.389 ], [ 77.554, 29.3915 ], [ 77.5478, 29.4025 ], [ 77.5149, 29.4034 ], [ 77.5059, 29.4129 ], [ 77.5088, 29.4216 ], [ 77.5063, 29.4265 ], [ 77.4781, 29.4378 ], [ 77.4503, 29.4427 ], [ 77.4561, 29.4517 ], [ 77.4545, 29.4581 ], [ 77.4487, 29.4581 ], [ 77.4267, 29.4731 ], [ 77.4391, 29.4827 ], [ 77.449, 29.5027 ], [ 77.4618, 29.5106 ], [ 77.4621, 29.5171 ], [ 77.4445, 29.5265 ], [ 77.4527, 29.5353 ], [ 77.4509, 29.538 ], [ 77.4572, 29.542 ], [ 77.4682, 29.541 ], [ 77.472, 29.5516 ], [ 77.47, 29.5657 ], [ 77.483, 29.5671 ], [ 77.4887, 29.5725 ], [ 77.4766, 29.582 ], [ 77.4934, 29.6034 ], [ 77.4835, 29.61 ], [ 77.4834, 29.6224 ], [ 77.4752, 29.6287 ], [ 77.477, 29.6377 ], [ 77.4967, 29.6291 ], [ 77.504, 29.6328 ], [ 77.5147, 29.6252 ], [ 77.5216, 29.6255 ], [ 77.5206, 29.6345 ], [ 77.5269, 29.6387 ], [ 77.5417, 29.6325 ], [ 77.5799, 29.6262 ], [ 77.5885, 29.6278 ], [ 77.6131, 29.6183 ], [ 77.6179, 29.6074 ], [ 77.6386, 29.594 ], [ 77.6417, 29.5726 ], [ 77.6499, 29.5664 ], [ 77.6547, 29.5795 ], [ 77.6849, 29.6198 ], [ 77.7072, 29.614 ], [ 77.7113, 29.6221 ], [ 77.7154, 29.6225 ], [ 77.7322, 29.6092 ], [ 77.7708, 29.6377 ], [ 77.779, 29.6342 ], [ 77.8111, 29.6725 ], [ 77.829, 29.6693 ], [ 77.8541, 29.6889 ], [ 77.8699, 29.694 ], [ 77.8739, 29.702 ], [ 77.9102, 29.6989 ], [ 77.9048, 29.7026 ], [ 77.9202, 29.7139 ], [ 77.9408, 29.7146 ], [ 77.952, 29.7054 ], [ 77.9411, 29.7 ], [ 77.9463, 29.6955 ], [ 77.9433, 29.6936 ], [ 77.9454, 29.6872 ], [ 77.9518, 29.6857 ], [ 77.9623, 29.6703 ], [ 77.9722, 29.6757 ], [ 77.9654, 29.6555 ], [ 77.9675, 29.6491 ], [ 77.977, 29.6421 ], [ 77.9731, 29.632 ], [ 77.9746, 29.6111 ], [ 77.9703, 29.6135 ], [ 77.9624, 29.61 ], [ 77.9557, 29.6168 ], [ 77.9497, 29.6131 ], [ 77.9532, 29.6024 ], [ 77.9473, 29.5904 ], [ 77.9532, 29.5847 ], [ 77.9663, 29.5845 ], [ 77.9609, 29.5793 ], [ 77.9594, 29.5611 ], [ 77.9524, 29.5514 ], [ 77.9477, 29.5494 ], [ 77.9269, 29.5715 ], [ 77.9188, 29.5766 ], [ 77.9121, 29.5764 ], [ 77.887, 29.563 ], [ 77.8669, 29.5407 ], [ 77.8507, 29.5302 ], [ 77.8129, 29.5507 ], [ 77.8058, 29.5409 ], [ 77.7896, 29.5311 ], [ 77.7826, 29.5383 ], [ 77.7787, 29.535 ], [ 77.7944, 29.5155 ], [ 77.7928, 29.5011 ], [ 77.8131, 29.4918 ], [ 77.8118, 29.4711 ], [ 77.8234, 29.4673 ], [ 77.8205, 29.461 ], [ 77.8274, 29.4542 ], [ 77.8104, 29.439 ], [ 77.797, 29.447 ], [ 77.7856, 29.4366 ], [ 77.7804, 29.4291 ], [ 77.7895, 29.4213 ], [ 77.7857, 29.4131 ], [ 77.7827, 29.4097 ], [ 77.7733, 29.4135 ], [ 77.7688, 29.4054 ], [ 77.7674, 29.3949 ], [ 77.7745, 29.3879 ], [ 77.7731, 29.383 ], [ 77.7542, 29.3739 ], [ 77.7423, 29.3985 ], [ 77.7256, 29.4004 ], [ 77.7204, 29.3993 ], [ 77.7215, 29.3929 ], [ 77.7085, 29.378 ], [ 77.6892, 29.3912 ], [ 77.6635, 29.3822 ], [ 77.6353, 29.3874 ] ] ] } },
{ "type": "Feature", "properties": { "unit_id": "IND.34.59.1_1", "unit_name": "Bisalpur", "district": "Pilibhit", "did": "uttar_pradesh:Pilibhit", "state": "Uttar Pradesh", "state_key": "uttar_pradesh", "name_ok": true }, "geometry": { "type": "Polygon", "coordinates": [ [ [ 79.6811, 28.2774 ], [ 79.6839, 28.2695 ], [ 79.7008, 28.2705 ], [ 79.7026, 28.2738 ], [ 79.6996, 28.2926 ], [ 79.6845, 28.2988 ], [ 79.6673, 28.3123 ], [ 79.6622, 28.323 ], [ 79.6863, 28.357 ], [ 79.6917, 28.3786 ], [ 79.6897, 28.3821 ], [ 79.6782, 28.3808 ], [ 79.6764, 28.3905 ], [ 79.6607, 28.3974 ], [ 79.679, 28.4073 ], [ 79.687, 28.4211 ], [ 79.6937, 28.4242 ], [ 79.7011, 28.4162 ], [ 79.7118, 28.4191 ], [ 79.7141, 28.4364 ], [ 79.7097, 28.4607 ], [ 79.7165, 28.4663 ], [ 79.7241, 28.4643 ], [ 79.7291, 28.4485 ], [ 79.734, 28.4476 ], [ 79.7461, 28.4564 ], [ 79.7331, 28.472 ], [ 79.7378, 28.5056 ], [ 79.7518, 28.4971 ], [ 79.7585, 28.5056 ], [ 79.7676, 28.501 ], [ 79.7752, 28.5124 ], [ 79.7756, 28.5289 ], [ 79.7803, 28.5371 ], [ 79.7861, 28.5385 ], [ 79.8112, 28.5244 ], [ 79.8167, 28.5192 ], [ 79.8156, 28.5113 ], [ 79.8232, 28.5069 ], [ 79.8294, 28.5086 ], [ 79.8367, 28.5217 ], [ 79.845, 28.5266 ], [ 79.8724, 28.5166 ], [ 79.864, 28.5087 ], [ 79.8876, 28.5119 ], [ 79.8929, 28.4992 ], [ 79.9118, 28.4861 ], [ 79.9202, 28.4758 ], [ 79.9675, 28.4487 ], [ 79.9897, 28.4474 ], [ 80.0005, 28.4536 ], [ 80.022, 28.4574 ], [ 80.0221, 28.4437 ], [ 80.0301, 28.426 ], [ 80.013, 28.4179 ], [ 79.9992, 28.4011 ], [ 79.999, 28.383 ], [ 80.0046, 28.371 ], [ 79.9967, 28.3506 ], [ 79.9766, 28.342 ], [ 79.9462, 28.3373 ], [ 79.9307, 28.3169 ], [ 79.9362, 28.3042 ], [ 79.9449, 28.2522 ], [ 79.9457, 28.1974 ], [ 79.9542, 28.1736 ], [ 79.9541, 28.1486 ], [ 79.9446, 28.1229 ], [ 79.9264, 28.1219 ], [ 79.9222, 28.1305 ], [ 79.9105, 28.1347 ], [ 79.8958, 28.1462 ], [ 79.8768, 28.1436 ], [ 79.8672, 28.1361 ], [ 79.8519, 28.1441 ], [ 79.8547, 28.1605 ], [ 79.8698, 28.1571 ], [ 79.8708, 28.1594 ], [ 79.865, 28.161 ], [ 79.8738, 28.1726 ], [ 79.8765, 28.184 ], [ 79.8736, 28.1883 ], [ 79.853, 28.1944 ], [ 79.8568, 28.202 ], [ 79.8468, 28.2073 ], [ 79.8389, 28.2065 ], [ 79.8294, 28.2146 ], [ 79.8334, 28.2367 ], [ 79.8205, 28.2454 ], [ 79.7998, 28.2428 ], [ 79.802, 28.2259 ], [ 79.8108, 28.2056 ], [ 79.7916, 28.1746 ], [ 79.7799, 28.1746 ], [ 79.7708, 28.1658 ], [ 79.7471, 28.1791 ], [ 79.735, 28.191 ], [ 79.7135, 28.1856 ], [ 79.7109, 28.1903 ], [ 79.7197, 28.1943 ], [ 79.7236, 28.2017 ], [ 79.7084, 28.2038 ], [ 79.7035, 28.2111 ], [ 79.7172, 28.2249 ], [ 79.7268, 28.2262 ], [ 79.7255, 28.2353 ], [ 79.7199, 28.2393 ], [ 79.6959, 28.2403 ], [ 79.6909, 28.2534 ], [ 79.6741, 28.2691 ], [ 79.6811, 28.2774 ] ] ] } },
{ "type": "Feature", "properties": { "unit_id": "IND.34.59.2_1", "unit_name": "Pilibhit", "district": "Pilibhit", "did": "uttar_pradesh:Pilibhit", "state": "Uttar Pradesh", "state_key": "uttar_pradesh", "name_ok": true }, "geometry": { "type": "Polygon", "coordinates": [ [ [ 79.6023, 28.6537 ], [ 79.6014, 28.6615 ], [ 79.6107, 28.681 ], [ 79.6063, 28.6936 ], [ 79.6135, 28.7015 ], [ 79.6178, 28.7151 ], [ 79.631, 28.728 ], [ 79.6465, 28.7324 ], [ 79.661, 28.7496 ], [ 79.6581, 28.7658 ], [ 79.6431, 28.7768 ], [ 79.6458, 28.8088 ], [ 79.6314, 28.8443 ], [ 79.6393, 28.8505 ], [ 79.6308, 28.8589 ], [ 79.6541, 28.8487 ], [ 79.6662, 28.8483 ], [ 79.6671, 28.8541 ], [ 79.6729, 28.8576 ], [ 79.6843, 28.8573 ], [ 79.6881, 28.8682 ], [ 79.7052, 28.8702 ], [ 79.7096, 28.8792 ], [ 79.7181, 28.8828 ], [ 79.7404, 28.8832 ], [ 79.75, 28.8934 ], [ 79.7598, 28.8895 ], [ 79.7745, 28.8918 ], [ 79.7906, 28.8774 ], [ 79.7916, 28.8704 ], [ 79.8028, 28.8718 ], [ 79.8086, 28.8628 ], [ 79.8081, 28.8563 ], [ 79.7946, 28.8529 ], [ 79.7982, 28.846 ], [ 79.7937, 28.8393 ], [ 79.7992, 28.8362 ], [ 79.8012, 28.8296 ], [ 79.7948, 28.8147 ], [ 79.7862, 28.8209 ], [ 79.7821, 28.8132 ], [ 79.7834, 28.8054 ], [ 79.8013, 28.8045 ], [ 79.8159, 28.8123 ], [ 79.8128, 28.8302 ], [ 79.8245, 28.8448 ], [ 79.854, 28.8443 ], [ 79.8606, 28.8341 ], [ 79.8753, 28.8302 ], [ 79.8756, 28.8183 ], [ 79.8712, 28.8164 ], [ 79.8462, 28.8213 ], [ 79.8405, 28.8087 ], [ 79.8673, 28.7964 ], [ 79.9013, 28.8021 ], [ 79.8889, 28.7858 ], [ 79.912, 28.765 ], [ 79.9117, 28.7593 ], [ 79.9215, 28.745 ], [ 79.9224, 28.7327 ], [ 79.9409, 28.7215 ], [ 79.9678, 28.7156 ], [ 79.9883, 28.717 ], [ 79.9996, 28.7256 ], [ 79.997, 28.7188 ], [ 80.013, 28.6817 ], [ 80.0078, 28.6698 ], [ 79.9883, 28.6602 ], [ 79.9352, 28.6497 ], [ 79.9257, 28.6426 ], [ 79.9147, 28.6116 ], [ 79.9031, 28.6024 ], [ 79.9051, 28.5599 ], [ 79.888, 28.5484 ], [ 79.8881, 28.5424 ], [ 79.8724, 28.5166 ], [ 79.845, 28.5266 ], [ 79.8367, 28.5217 ], [ 79.8294, 28.5086 ], [ 79.8232, 28.5069 ], [ 79.8156, 28.5113 ], [ 79.815, 28.5212 ], [ 79.7861, 28.5385 ], [ 79.7803, 28.5371 ], [ 79.7756, 28.5289 ], [ 79.7752, 28.5124 ], [ 79.7676, 28.501 ], [ 79.7585, 28.5056 ], [ 79.7518, 28.4971 ], [ 79.7378, 28.5056 ], [ 79.7359, 28.5135 ], [ 79.7094, 28.5226 ], [ 79.7061, 28.5371 ], [ 79.7001, 28.5384 ], [ 79.6923, 28.5341 ], [ 79.6934, 28.5257 ], [ 79.6906, 28.5247 ], [ 79.6752, 28.5324 ], [ 79.6754, 28.5478 ], [ 79.6812, 28.5619 ], [ 79.6583, 28.5545 ], [ 79.6515, 28.5606 ], [ 79.6641, 28.5888 ], [ 79.6421, 28.5909 ], [ 79.6414, 28.6012 ], [ 79.6342, 28.6091 ], [ 79.6011, 28.5989 ], [ 79.5883, 28.622 ], [ 79.5962, 28.636 ], [ 79.5869, 28.641 ], [ 79.6023, 28.6537 ] ] ] } },
{ "type": "Feature", "properties": { "unit_id": "IND.34.59.3_1", "unit_name": "Puranpur", "district": "Pilibhit", "did": "uttar_pradesh:Pilibhit", "state": "Uttar Pradesh", "state_key": "uttar_pradesh", "name_ok": true }, "geometry": { "type": "Polygon", "coordinates": [ [ [ 80.3514, 28.469 ], [ 80.3471, 28.4671 ], [ 80.3298, 28.4813 ], [ 80.3125, 28.487 ], [ 80.2896, 28.4593 ], [ 80.2546, 28.463 ], [ 80.2348, 28.4608 ], [ 80.2284, 28.4558 ], [ 80.228, 28.4499 ], [ 80.24, 28.428 ], [ 80.2404, 28.4141 ], [ 80.2227, 28.3892 ], [ 80.2027, 28.392 ], [ 80.1932, 28.3868 ], [ 80.1902, 28.3572 ], [ 80.1747, 28.3506 ], [ 80.1715, 28.3561 ], [ 80.1604, 28.3582 ], [ 80.1559, 28.3757 ], [ 80.1451, 28.3869 ], [ 80.1331, 28.3929 ], [ 80.1177, 28.3936 ], [ 80.1149, 28.389 ], [ 80.0965, 28.3894 ], [ 80.0888, 28.3863 ], [ 80.0918, 28.3787 ], [ 80.0883, 28.3725 ], [ 80.0792, 28.3695 ], [ 80.0612, 28.3382 ], [ 80.0548, 28.3417 ], [ 80.0483, 28.3539 ], [ 80.0032, 28.3683 ], [ 79.9992, 28.4011 ], [ 80.013, 28.4179 ], [ 80.0301, 28.426 ], [ 80.0221, 28.4437 ], [ 80.022, 28.4574 ], [ 80.0005, 28.4536 ], [ 79.9897, 28.4474 ], [ 79.9675, 28.4487 ], [ 79.9202, 28.4758 ], [ 79.9118, 28.4861 ], [ 79.8929, 28.4992 ], [ 79.8876, 28.5119 ], [ 79.864, 28.5087 ], [ 79.8795, 28.5271 ], [ 79.888, 28.5484 ], [ 79.9051, 28.5599 ], [ 79.9031, 28.6024 ], [ 79.9147, 28.6116 ], [ 79.9257, 28.6426 ], [ 79.9352, 28.6497 ], [ 79.9883, 28.6602 ], [ 80.0122, 28.6742 ], [ 80.0115, 28.6889 ], [ 79.997, 28.7188 ], [ 79.9996, 28.7256 ], [ 80.0348, 28.7632 ], [ 80.0405, 28.7831 ], [ 80.0257, 28.7999 ], [ 80.0584, 28.8353 ], [ 80.0724, 28.8297 ], [ 80.0767, 28.8244 ], [ 80.1198, 28.8287 ], [ 80.173, 28.782 ], [ 80.2177, 28.7553 ], [ 80.2359, 28.7592 ], [ 80.2432, 28.7561 ], [ 80.2523, 28.7578 ], [ 80.2668, 28.7435 ], [ 80.2634, 28.7327 ], [ 80.2579, 28.7293 ], [ 80.2765, 28.7114 ], [ 80.2954, 28.7113 ], [ 80.3185, 28.7001 ], [ 80.3237, 28.6892 ], [ 80.2933, 28.6471 ], [ 80.292, 28.6225 ], [ 80.3194, 28.6193 ], [ 80.3381, 28.607 ], [ 80.3429, 28.5986 ], [ 80.364, 28.6009 ], [ 80.3692, 28.598 ], [ 80.3635, 28.5905 ], [ 80.3718, 28.58 ], [ 80.3755, 28.565 ], [ 80.4054, 28.5272 ], [ 80.418, 28.5239 ], [ 80.4235, 28.5168 ], [ 80.4219, 28.5085 ], [ 80.411, 28.4969 ], [ 80.407, 28.4866 ], [ 80.3803, 28.4848 ], [ 80.3648, 28.4658 ], [ 80.3514, 28.469 ] ] ] } },
{ "type": "Feature", "properties": { "unit_id": "IND.34.60.1_1", "unit_name": "Bela", "district": "Pratapgarh", "did": "uttar_pradesh:Pratapgarh", "state": "Uttar Pradesh", "state_key": "uttar_pradesh", "name_ok": true }, "geometry": { "type": "Polygon", "coordinates": [ [ [ 81.9087, 25.7175 ], [ 81.899, 25.7158 ], [ 81.8858, 25.7221 ], [ 81.8811, 25.7146 ], [ 81.8696, 25.7257 ], [ 81.8618, 25.7265 ], [ 81.8563, 25.7193 ], [ 81.8522, 25.7261 ], [ 81.8378, 25.7349 ], [ 81.8344, 25.7292 ], [ 81.8163, 25.7291 ], [ 81.8187, 25.7456 ], [ 81.7914, 25.7531 ], [ 81.7688, 25.7483 ], [ 81.7464, 25.7618 ], [ 81.745, 25.7667 ], [ 81.7595, 25.7648 ], [ 81.7567, 25.7892 ], [ 81.7713, 25.7962 ], [ 81.7746, 25.8049 ], [ 81.7695, 25.8089 ], [ 81.7702, 25.8222 ], [ 81.7641, 25.8183 ], [ 81.7536, 25.8205 ], [ 81.7538, 25.8298 ], [ 81.7611, 25.834 ], [ 81.7561, 25.8483 ], [ 81.7436, 25.8517 ], [ 81.7475, 25.8661 ], [ 81.74, 25.8688 ], [ 81.7423, 25.8844 ], [ 81.7291, 25.8901 ], [ 81.7292, 25.8963 ], [ 81.7446, 25.8995 ], [ 81.7449, 25.905 ], [ 81.7363, 25.9141 ], [ 81.7374, 25.9197 ], [ 81.7289, 25.9243 ], [ 81.7335, 25.9391 ], [ 81.7238, 25.9484 ], [ 81.7255, 25.9584 ], [ 81.7145, 25.9627 ], [ 81.7072, 25.9574 ], [ 81.7017, 25.9604 ], [ 81.6967, 25.9589 ], [ 81.7036, 25.9766 ], [ 81.6993, 25.9856 ], [ 81.6759, 25.9894 ], [ 81.6728, 25.9913 ], [ 81.6768, 25.9963 ], [ 81.6725, 25.995 ], [ 81.667, 25.9985 ], [ 81.6639, 26.0048 ], [ 81.6757, 26.0112 ], [ 81.6697, 26.0201 ], [ 81.6514, 26.0065 ], [ 81.6519, 26.0011 ], [ 81.6478, 25.9989 ], [ 81.6378, 26.0018 ], [ 81.6318, 26.0166 ], [ 81.6204, 26.0208 ], [ 81.619, 26.0104 ], [ 81.6071, 26.0138 ], [ 81.6105, 25.9977 ], [ 81.6013, 25.996 ], [ 81.5986, 26.0138 ], [ 81.5931, 26.0086 ], [ 81.5814, 26.0209 ], [ 81.5789, 26.0128 ], [ 81.5661, 26.0167 ], [ 81.561, 26.0198 ], [ 81.5584, 26.033 ], [ 81.5303, 26.0292 ], [ 81.5402, 26.0373 ], [ 81.5321, 26.0473 ], [ 81.5285, 26.039 ], [ 81.5096, 26.0386 ], [ 81.5118, 26.0456 ], [ 81.5178, 26.0454 ], [ 81.5245, 26.0514 ], [ 81.5269, 26.0666 ], [ 81.54, 26.0592 ], [ 81.5424, 26.0645 ], [ 81.5546, 26.0681 ], [ 81.56, 26.0773 ], [ 81.5533, 26.0822 ], [ 81.5538, 26.0891 ], [ 81.5474, 26.0943 ], [ 81.5446, 26.1047 ], [ 81.5341, 26.1026 ], [ 81.5297, 26.1058 ], [ 81.5343, 26.1265 ], [ 81.5577, 26.1383 ], [ 81.5627, 26.1459 ], [ 81.5898, 26.1463 ], [ 81.603, 26.1565 ], [ 81.6102, 26.1826 ], [ 81.6243, 26.1752 ], [ 81.6254, 26.1644 ], [ 81.6446, 26.1498 ], [ 81.6454, 26.142 ], [ 81.6391, 26.1322 ], [ 81.6565, 26.1199 ], [ 81.6699, 26.1233 ], [ 81.6757, 26.1213 ], [ 81.6706, 26.1016 ], [ 81.6772, 26.0995 ], [ 81.6791, 26.0803 ], [ 81.6961, 26.0712 ], [ 81.6981, 26.0742 ], [ 81.7088, 26.069 ], [ 81.7112, 26.0762 ], [ 81.7072, 26.0869 ], [ 81.7153, 26.0969 ], [ 81.7332, 26.0898 ], [ 81.7481, 26.081 ], [ 81.7516, 26.0751 ], [ 81.7612, 26.0719 ], [ 81.7632, 26.0657 ], [ 81.7574, 26.0572 ], [ 81.7646, 26.0527 ], [ 81.763, 26.0452 ], [ 81.7736, 26.0321 ], [ 81.7904, 26.0321 ], [ 81.7946, 26.0513 ], [ 81.8234, 26.0401 ], [ 81.8262, 26.0435 ], [ 81.8377, 26.0433 ], [ 81.8418, 26.0486 ], [ 81.8524, 26.05 ], [ 81.864, 26.0665 ], [ 81.8613, 26.0766 ], [ 81.8759, 26.0843 ], [ 81.8867, 26.0809 ], [ 81.8898, 26.0698 ], [ 81.9004, 26.0699 ], [ 81.9025, 26.0637 ], [ 81.9096, 26.06 ], [ 81.9238, 26.0557 ], [ 81.9322, 26.0616 ], [ 81.944, 26.0544 ], [ 81.9361, 26.0462 ], [ 81.9373, 26.033 ], [ 81.9277, 26.0321 ], [ 81.9337, 26.0266 ], [ 81.9225, 26.0139 ], [ 81.9285, 26.0059 ], [ 81.933, 26.005 ], [ 81.9406, 26.0139 ], [ 81.9484, 26.0134 ], [ 81.9478, 26.0182 ], [ 81.9621, 26.0231 ], [ 81.9686, 26.0141 ], [ 81.9738, 26.0197 ], [ 81.977, 26.0164 ], [ 81.9724, 25.9962 ], [ 81.9794, 25.9932 ], [ 81.9909, 26.0021 ], [ 81.9985, 25.9911 ], [ 82.0077, 25.9947 ], [ 82.0143, 25.9647 ], [ 82.0034, 25.9461 ], [ 82.0056, 25.9397 ], [ 82.0205, 25.927 ], [ 82.0163, 25.9053 ], [ 82.0054, 25.8928 ], [ 82.037, 25.8719 ], [ 82.0466, 25.845 ], [ 82.0401, 25.8477 ], [ 82.034, 25.845 ], [ 82.0261, 25.8515 ], [ 82.019, 25.8399 ], [ 82.0125, 25.8496 ], [ 82.0025, 25.8477 ], [ 81.9817, 25.8566 ], [ 81.9871, 25.8489 ], [ 81.9855, 25.8391 ], [ 81.9781, 25.8315 ], [ 81.9825, 25.8245 ], [ 81.9733, 25.8248 ], [ 81.9658, 25.8017 ], [ 81.9557, 25.8049 ], [ 81.9543, 25.7913 ], [ 81.9434, 25.7931 ], [ 81.9425, 25.7769 ], [ 81.9359, 25.7733 ], [ 81.923, 25.7551 ], [ 81.9087, 25.7175 ] ] ] } },
{ "type": "Feature", "properties": { "unit_id": "IND.34.60.2_1", "unit_name": "Kunda", "district": "Pratapgarh", "did": "uttar_pradesh:Pratapgarh", "state": "Uttar Pradesh", "state_key": "uttar_pradesh", "name_ok": true }, "geometry": { "type": "Polygon", "coordinates": [ [ [ 81.749, 25.7395 ], [ 81.7444, 25.7338 ], [ 81.7487, 25.7202 ], [ 81.7364, 25.7019 ], [ 81.7485, 25.6957 ], [ 81.7421, 25.6723 ], [ 81.7185, 25.6781 ], [ 81.7103, 25.6743 ], [ 81.7026, 25.677 ], [ 81.6945, 25.6752 ], [ 81.6884, 25.6708 ], [ 81.6903, 25.6642 ], [ 81.7139, 25.6637 ], [ 81.7148, 25.6477 ], [ 81.7263, 25.6417 ], [ 81.725, 25.6345 ], [ 81.7184, 25.6286 ], [ 81.695, 25.6373 ], [ 81.6764, 25.6348 ], [ 81.6509, 25.6157 ], [ 81.6273, 25.6382 ], [ 81.6267, 25.6429 ], [ 81.6372, 25.6484 ], [ 81.629, 25.6573 ], [ 81.6341, 25.6658 ], [ 81.6003, 25.6712 ], [ 81.5942, 25.6588 ], [ 81.5955, 25.6524 ], [ 81.6016, 25.6482 ], [ 81.6019, 25.6531 ], [ 81.6135, 25.6461 ], [ 81.6127, 25.6286 ], [ 81.5985, 25.6166 ], [ 81.6047, 25.6124 ], [ 81.6056, 25.5965 ], [ 81.6009, 25.5895 ], [ 81.5813, 25.5858 ], [ 81.5717, 25.5763 ], [ 81.5607, 25.5717 ], [ 81.5495, 25.5741 ], [ 81.5429, 25.5798 ], [ 81.5224, 25.623 ], [ 81.5078, 25.6199 ], [ 81.4873, 25.6255 ], [ 81.4771, 25.6357 ], [ 81.4616, 25.6364 ], [ 81.4106, 25.6833 ], [ 81.4003, 25.688 ], [ 81.3808, 25.6887 ], [ 81.3645, 25.7013 ], [ 81.3601, 25.7161 ], [ 81.3768, 25.7233 ], [ 81.3939, 25.7464 ], [ 81.3954, 25.7665 ], [ 81.3874, 25.7747 ], [ 81.3605, 25.776 ], [ 81.3309, 25.8074 ], [ 81.3279, 25.8143 ], [ 81.3457, 25.8288 ], [ 81.345, 25.837 ], [ 81.3415, 25.8425 ], [ 81.3239, 25.8484 ], [ 81.3183, 25.861 ], [ 81.3263, 25.8742 ], [ 81.3369, 25.8705 ], [ 81.3438, 25.8736 ], [ 81.36, 25.8694 ], [ 81.3654, 25.8721 ], [ 81.3662, 25.8893 ], [ 81.3885, 25.8916 ], [ 81.4032, 25.9004 ], [ 81.4224, 25.9221 ], [ 81.4354, 25.922 ], [ 81.4329, 25.9369 ], [ 81.4386, 25.9412 ], [ 81.4459, 25.9405 ], [ 81.4427, 25.9324 ], [ 81.461, 25.9379 ], [ 81.4682, 25.9434 ], [ 81.4725, 25.9346 ], [ 81.4787, 25.9351 ], [ 81.4839, 25.95 ], [ 81.4964, 25.9493 ], [ 81.5, 25.954 ], [ 81.4997, 25.9618 ], [ 81.4835, 25.9668 ], [ 81.4972, 25.9772 ], [ 81.516, 25.9594 ], [ 81.5336, 25.971 ], [ 81.5468, 25.9694 ], [ 81.5626, 25.9774 ], [ 81.5741, 25.9698 ], [ 81.5868, 25.9703 ], [ 81.5864, 25.9795 ], [ 81.5629, 25.9906 ], [ 81.5495, 26.005 ], [ 81.561, 26.0198 ], [ 81.5789, 26.0128 ], [ 81.5814, 26.0209 ], [ 81.5931, 26.0086 ], [ 81.5986, 26.0138 ], [ 81.6013, 25.996 ], [ 81.6105, 25.9977 ], [ 81.6071, 26.0138 ], [ 81.619, 26.0104 ], [ 81.6204, 26.0208 ], [ 81.6318, 26.0166 ], [ 81.6378, 26.0018 ], [ 81.6478, 25.9989 ], [ 81.6519, 26.0011 ], [ 81.6514, 26.0065 ], [ 81.6697, 26.0201 ], [ 81.6757, 26.0112 ], [ 81.6639, 26.0048 ], [ 81.667, 25.9985 ], [ 81.6725, 25.995 ], [ 81.6768, 25.9963 ], [ 81.6728, 25.9913 ], [ 81.6759, 25.9894 ], [ 81.6993, 25.9856 ], [ 81.7036, 25.9766 ], [ 81.6967, 25.9589 ], [ 81.7017, 25.9604 ], [ 81.7072, 25.9574 ], [ 81.7145, 25.9627 ], [ 81.7255, 25.9584 ], [ 81.7238, 25.9484 ], [ 81.7335, 25.9391 ], [ 81.7289, 25.9243 ], [ 81.7374, 25.9197 ], [ 81.7354, 25.9161 ], [ 81.7439, 25.907 ], [ 81.7446, 25.8995 ], [ 81.7301, 25.8971 ], [ 81.7291, 25.8901 ], [ 81.7423, 25.8844 ], [ 81.74, 25.8688 ], [ 81.7475, 25.8661 ], [ 81.7436, 25.8517 ], [ 81.7561, 25.8483 ], [ 81.7611, 25.834 ], [ 81.7538, 25.8298 ], [ 81.7536, 25.8205 ], [ 81.7641, 25.8183 ], [ 81.7702, 25.8222 ], [ 81.7695, 25.8089 ], [ 81.7746, 25.8049 ], [ 81.7713, 25.7962 ], [ 81.7567, 25.7892 ], [ 81.7595, 25.7648 ], [ 81.745, 25.7667 ], [ 81.7451, 25.764 ], [ 81.7688, 25.7483 ], [ 81.749, 25.7395 ] ] ] } },
{ "type": "Feature", "properties": { "unit_id": "IND.34.60.3_1", "unit_name": "Patti", "district": "Pratapgarh", "did": "uttar_pradesh:Pratapgarh", "state": "Uttar Pradesh", "state_key": "uttar_pradesh", "name_ok": true }, "geometry": { "type": "Polygon", "coordinates": [ [ [ 82.1473, 25.6859 ], [ 82.1352, 25.6879 ], [ 82.1154, 25.6845 ], [ 82.1157, 25.6668 ], [ 82.1018, 25.6575 ], [ 82.0834, 25.6643 ], [ 82.0766, 25.6594 ], [ 82.0527, 25.6627 ], [ 82.0585, 25.6825 ], [ 82.0192, 25.6996 ], [ 82.0023, 25.7017 ], [ 82.0048, 25.7072 ], [ 82.0176, 25.7122 ], [ 82.0311, 25.7269 ], [ 82.014, 25.7456 ], [ 81.98, 25.7512 ], [ 81.9767, 25.7422 ], [ 81.9687, 25.7387 ], [ 81.9575, 25.7437 ], [ 81.9371, 25.7437 ], [ 81.923, 25.7551 ], [ 81.9359, 25.7733 ], [ 81.9425, 25.7769 ], [ 81.9434, 25.7931 ], [ 81.9543, 25.7913 ], [ 81.9557, 25.8049 ], [ 81.9658, 25.8017 ], [ 81.9733, 25.8248 ], [ 81.9825, 25.8245 ], [ 81.9781, 25.8315 ], [ 81.9855, 25.8391 ], [ 81.9871, 25.8489 ], [ 81.9817, 25.8566 ], [ 82.0025, 25.8477 ], [ 82.0125, 25.8496 ], [ 82.019, 25.8399 ], [ 82.0261, 25.8515 ], [ 82.034, 25.845 ], [ 82.0469, 25.8465 ], [ 82.037, 25.8719 ], [ 82.0054, 25.8928 ], [ 82.0163, 25.9053 ], [ 82.0205, 25.927 ], [ 82.0056, 25.9397 ], [ 82.0034, 25.9461 ], [ 82.0143, 25.9647 ], [ 82.0077, 25.9947 ], [ 81.9985, 25.9911 ], [ 81.9909, 26.0021 ], [ 81.9794, 25.9932 ], [ 81.9724, 25.9962 ], [ 81.977, 26.0164 ], [ 81.9738, 26.0197 ], [ 81.9686, 26.0141 ], [ 81.9621, 26.0231 ], [ 81.9478, 26.0182 ], [ 81.9484, 26.0134 ], [ 81.9406, 26.0139 ], [ 81.933, 26.005 ], [ 81.9236, 26.0102 ], [ 81.9245, 26.0179 ], [ 81.9337, 26.0266 ], [ 81.9277, 26.0321 ], [ 81.9373, 26.033 ], [ 81.9361, 26.0462 ], [ 81.944, 26.0544 ], [ 81.9255, 26.0636 ], [ 81.9316, 26.078 ], [ 81.9563, 26.0687 ], [ 81.9544, 26.0809 ], [ 81.9639, 26.082 ], [ 81.9763, 26.0768 ], [ 81.9787, 26.0689 ], [ 82.0291, 26.0694 ], [ 82.0445, 26.0632 ], [ 82.0514, 26.0559 ], [ 82.0576, 26.0556 ], [ 82.0836, 26.0715 ], [ 82.0936, 26.068 ], [ 82.1003, 26.0794 ], [ 82.1074, 26.0771 ], [ 82.1244, 26.0589 ], [ 82.1334, 26.0632 ], [ 82.1428, 26.0613 ], [ 82.163, 26.0532 ], [ 82.1651, 26.0459 ], [ 82.1777, 26.0449 ], [ 82.1943, 26.0188 ], [ 82.2212, 26.0368 ], [ 82.2229, 26.0447 ], [ 82.2387, 26.0606 ], [ 82.2483, 26.0572 ], [ 82.2516, 26.0499 ], [ 82.2643, 26.0427 ], [ 82.2712, 26.0507 ], [ 82.3023, 26.046 ], [ 82.3049, 26.0417 ], [ 82.3111, 26.0439 ], [ 82.3118, 26.0339 ], [ 82.3173, 26.0348 ], [ 82.3398, 26.0205 ], [ 82.3355, 26.013 ], [ 82.3381, 26.0092 ], [ 82.3479, 26.0109 ], [ 82.3729, 26.0357 ], [ 82.3789, 26.0314 ], [ 82.3851, 26.0353 ], [ 82.3934, 26.0325 ], [ 82.3929, 26.0135 ], [ 82.4066, 26.0162 ], [ 82.4232, 26.0124 ], [ 82.4184, 25.996 ], [ 82.4212, 25.9915 ], [ 82.4282, 25.9904 ], [ 82.4277, 25.9848 ], [ 82.4188, 25.9859 ], [ 82.4144, 25.9813 ], [ 82.3952, 25.9764 ], [ 82.3619, 25.9851 ], [ 82.3553, 25.969 ], [ 82.3388, 25.9633 ], [ 82.3385, 25.9594 ], [ 82.347, 25.957 ], [ 82.3522, 25.9456 ], [ 82.3709, 25.9431 ], [ 82.372, 25.9357 ], [ 82.3845, 25.9377 ], [ 82.3796, 25.9239 ], [ 82.3856, 25.913 ], [ 82.3744, 25.9117 ], [ 82.3657, 25.917 ], [ 82.3487, 25.9087 ], [ 82.3376, 25.9185 ], [ 82.3249, 25.9037 ], [ 82.3071, 25.9044 ], [ 82.2874, 25.8953 ], [ 82.282, 25.8814 ], [ 82.2825, 25.8676 ], [ 82.2699, 25.8456 ], [ 82.2615, 25.8506 ], [ 82.2496, 25.8371 ], [ 82.2346, 25.8342 ], [ 82.2095, 25.8418 ], [ 82.2055, 25.8344 ], [ 82.1989, 25.8312 ], [ 82.1983, 25.823 ], [ 82.176, 25.8333 ], [ 82.1696, 25.8283 ], [ 82.1743, 25.8054 ], [ 82.1641, 25.8038 ], [ 82.1608, 25.7937 ], [ 82.1723, 25.7822 ], [ 82.1761, 25.7721 ], [ 82.1873, 25.7704 ], [ 82.188, 25.7663 ], [ 82.1768, 25.7656 ], [ 82.1879, 25.7428 ], [ 82.175, 25.7041 ], [ 82.162, 25.7078 ], [ 82.1552, 25.6867 ], [ 82.1472, 25.6826 ], [ 82.1473, 25.6859 ] ] ] } },
{ "type": "Feature", "properties": { "unit_id": "IND.34.61.1_1", "unit_name": "Dalmau", "district": "Rae Bareli", "did": "uttar_pradesh:Rae Bareli", "state": "Uttar Pradesh", "state_key": "uttar_pradesh", "name_ok": true }, "geometry": { "type": "Polygon", "coordinates": [ [ [ 81.3307, 26.0673 ], [ 81.3298, 26.0529 ], [ 81.3094, 26.0561 ], [ 81.3005, 26.0529 ], [ 81.2983, 26.0451 ], [ 81.3049, 26.0394 ], [ 81.304, 26.0275 ], [ 81.2841, 26.0298 ], [ 81.2764, 26.0233 ], [ 81.2689, 26.0242 ], [ 81.2676, 26.0189 ], [ 81.2568, 26.0178 ], [ 81.2354, 25.9894 ], [ 81.2334, 25.9731 ], [ 81.2243, 25.961 ], [ 81.2187, 25.9568 ], [ 81.2107, 25.9604 ], [ 81.2077, 25.9307 ], [ 81.1943, 25.9316 ], [ 81.1937, 25.9394 ], [ 81.1587, 25.9392 ], [ 81.1555, 25.9414 ], [ 81.1593, 25.9465 ], [ 81.1568, 25.9496 ], [ 81.1229, 25.9537 ], [ 81.1074, 25.9593 ], [ 81.1091, 25.9772 ], [ 81.0589, 26.0047 ], [ 81.0546, 26.0102 ], [ 81.0568, 26.02 ], [ 81.0287, 26.0554 ], [ 81.0103, 26.068 ], [ 80.991, 26.0721 ], [ 80.9696, 26.0688 ], [ 80.9629, 26.073 ], [ 80.9312, 26.0703 ], [ 80.9093, 26.0587 ], [ 80.8803, 26.0589 ], [ 80.8426, 26.0411 ], [ 80.8175, 26.0351 ], [ 80.8025, 26.0376 ], [ 80.752, 26.0778 ], [ 80.6993, 26.0914 ], [ 80.675, 26.1036 ], [ 80.6677, 26.1095 ], [ 80.6672, 26.1261 ], [ 80.677, 26.1202 ], [ 80.6899, 26.1194 ], [ 80.6914, 26.1219 ], [ 80.6856, 26.1412 ], [ 80.6799, 26.1468 ], [ 80.6886, 26.1651 ], [ 80.6986, 26.1634 ], [ 80.7227, 26.181 ], [ 80.73, 26.1767 ], [ 80.7367, 26.1858 ], [ 80.7475, 26.1905 ], [ 80.7618, 26.1869 ], [ 80.7693, 26.1992 ], [ 80.7574, 26.2074 ], [ 80.7626, 26.2171 ], [ 80.7812, 26.2115 ], [ 80.7917, 26.2132 ], [ 80.7936, 26.2165 ], [ 80.8031, 26.2125 ], [ 80.8035, 26.2071 ], [ 80.8134, 26.2066 ], [ 80.817, 26.215 ], [ 80.8102, 26.2175 ], [ 80.817, 26.2315 ], [ 80.8268, 26.2404 ], [ 80.8369, 26.2415 ], [ 80.8354, 26.2487 ], [ 80.8411, 26.249 ], [ 80.8552, 26.2718 ], [ 80.8709, 26.2831 ], [ 80.8786, 26.2967 ], [ 80.8726, 26.2985 ], [ 80.8742, 26.3025 ], [ 80.8697, 26.3034 ], [ 80.8722, 26.3073 ], [ 80.8693, 26.31 ], [ 80.862, 26.3098 ], [ 80.8625, 26.3207 ], [ 80.8486, 26.3317 ], [ 80.837, 26.333 ], [ 80.8286, 26.3442 ], [ 80.8229, 26.3461 ], [ 80.8227, 26.3539 ], [ 80.8369, 26.376 ], [ 80.8515, 26.37 ], [ 80.8562, 26.374 ], [ 80.8594, 26.3695 ], [ 80.8558, 26.3635 ], [ 80.8579, 26.3607 ], [ 80.8763, 26.364 ], [ 80.8823, 26.3621 ], [ 80.8846, 26.3477 ], [ 80.8921, 26.3549 ], [ 80.9013, 26.3564 ], [ 80.91, 26.3543 ], [ 80.9159, 26.3456 ], [ 80.9293, 26.3616 ], [ 80.9409, 26.3493 ], [ 80.9408, 26.3343 ], [ 80.9339, 26.3253 ], [ 80.9426, 26.3122 ], [ 80.9723, 26.3132 ], [ 80.9801, 26.3192 ], [ 80.9895, 26.3186 ], [ 80.9929, 26.322 ], [ 81.002, 26.3186 ], [ 81.0032, 26.2955 ], [ 80.9891, 26.2813 ], [ 80.9828, 26.2675 ], [ 80.9953, 26.2616 ], [ 80.9908, 26.2564 ], [ 80.9908, 26.2482 ], [ 81.0078, 26.2352 ], [ 81.0137, 26.2389 ], [ 81.0292, 26.2332 ], [ 81.0328, 26.2352 ], [ 81.0422, 26.2284 ], [ 81.0544, 26.2273 ], [ 81.0584, 26.2181 ], [ 81.0669, 26.2171 ], [ 81.0677, 26.2082 ], [ 81.0755, 26.1995 ], [ 81.0898, 26.2026 ], [ 81.1006, 26.2125 ], [ 81.1216, 26.2064 ], [ 81.119, 26.1912 ], [ 81.1241, 26.1821 ], [ 81.1362, 26.1739 ], [ 81.1385, 26.1675 ], [ 81.1355, 26.1633 ], [ 81.1535, 26.1534 ], [ 81.1541, 26.1425 ], [ 81.1611, 26.142 ], [ 81.1532, 26.1352 ], [ 81.1533, 26.1277 ], [ 81.1642, 26.1218 ], [ 81.1738, 26.1218 ], [ 81.1944, 26.1092 ], [ 81.1967, 26.0915 ], [ 81.2165, 26.0901 ], [ 81.2268, 26.1035 ], [ 81.2314, 26.1016 ], [ 81.2378, 26.1075 ], [ 81.2501, 26.1088 ], [ 81.2567, 26.0937 ], [ 81.2921, 26.0903 ], [ 81.3063, 26.095 ], [ 81.312, 26.083 ], [ 81.3366, 26.0743 ], [ 81.3307, 26.0673 ] ] ] } },
{ "type": "Feature", "properties": { "unit_id": "IND.34.61.2_1", "unit_name": "Maharajganj", "district": "Rae Bareli", "did": "uttar_pradesh:Rae Bareli", "state": "Uttar Pradesh", "state_key": "uttar_pradesh", "name_ok": true }, "geometry": { "type": "Polygon", "coordinates": [ [ [ 81.3723, 26.5714 ], [ 81.3551, 26.545 ], [ 81.3448, 26.5418 ], [ 81.3462, 26.5386 ], [ 81.3376, 26.5393 ], [ 81.3352, 26.5322 ], [ 81.3437, 26.5243 ], [ 81.3633, 26.48 ], [ 81.3623, 26.4658 ], [ 81.3676, 26.4643 ], [ 81.3695, 26.453 ], [ 81.359, 26.4434 ], [ 81.389, 26.4256 ], [ 81.4011, 26.3993 ], [ 81.4118, 26.3927 ], [ 81.4137, 26.3876 ], [ 81.4122, 26.3815 ], [ 81.403, 26.3757 ], [ 81.3967, 26.3449 ], [ 81.3904, 26.3428 ], [ 81.3647, 26.3469 ], [ 81.3589, 26.339 ], [ 81.3399, 26.3404 ], [ 81.3397, 26.3529 ], [ 81.3167, 26.3628 ], [ 81.3169, 26.3749 ], [ 81.312, 26.3828 ], [ 81.3036, 26.3799 ], [ 81.2992, 26.3836 ], [ 81.2883, 26.3819 ], [ 81.2862, 26.3637 ], [ 81.2716, 26.3629 ], [ 81.2578, 26.3956 ], [ 81.2412, 26.39 ], [ 81.2335, 26.3821 ], [ 81.2197, 26.3835 ], [ 81.219, 26.3774 ], [ 81.1752, 26.3846 ], [ 81.1691, 26.39 ], [ 81.151, 26.3815 ], [ 81.1433, 26.3928 ], [ 81.1282, 26.3933 ], [ 81.1262, 26.403 ], [ 81.0934, 26.4132 ], [ 81.093, 26.4208 ], [ 81.0778, 26.4253 ], [ 81.0757, 26.4301 ], [ 81.0498, 26.4143 ], [ 81.0456, 26.4172 ], [ 81.0214, 26.4 ], [ 81.0168, 26.4077 ], [ 81.022, 26.4166 ], [ 81.017, 26.4173 ], [ 81.0121, 26.4255 ], [ 81.009, 26.4212 ], [ 81.0019, 26.4268 ], [ 81.0038, 26.4347 ], [ 80.9882, 26.4496 ], [ 80.9826, 26.4705 ], [ 80.9758, 26.4723 ], [ 80.9786, 26.486 ], [ 80.9818, 26.4879 ], [ 80.9843, 26.4847 ], [ 80.9842, 26.4786 ], [ 80.9941, 26.4882 ], [ 80.9923, 26.497 ], [ 80.9839, 26.5042 ], [ 80.989, 26.5086 ], [ 80.996, 26.5047 ], [ 80.9979, 26.5093 ], [ 80.9857, 26.5149 ], [ 80.9984, 26.518 ], [ 80.9927, 26.5217 ], [ 80.9905, 26.5399 ], [ 81.0164, 26.5283 ], [ 81.032, 26.509 ], [ 81.0418, 26.5067 ], [ 81.0558, 26.5221 ], [ 81.0669, 26.5259 ], [ 81.0679, 26.5375 ], [ 81.0814, 26.5428 ], [ 81.0906, 26.5646 ], [ 81.0944, 26.5672 ], [ 81.1088, 26.5609 ], [ 81.1175, 26.5644 ], [ 81.1335, 26.591 ], [ 81.1538, 26.5928 ], [ 81.1642, 26.6014 ], [ 81.1734, 26.6025 ], [ 81.1756, 26.6096 ], [ 81.2014, 26.5973 ], [ 81.2102, 26.603 ], [ 81.2399, 26.5881 ], [ 81.2439, 26.582 ], [ 81.2731, 26.5746 ], [ 81.2911, 26.5571 ], [ 81.2929, 26.5471 ], [ 81.3065, 26.5438 ], [ 81.318, 26.5557 ], [ 81.3345, 26.5487 ], [ 81.3477, 26.5506 ], [ 81.3588, 26.5656 ], [ 81.3631, 26.5793 ], [ 81.3723, 26.5714 ] ] ] } },
{ "type": "Feature", "properties": { "unit_id": "IND.34.61.3_1", "unit_name": "Rae Bareli", "district": "Rae Bareli", "did": "uttar_pradesh:Rae Bareli", "state": "Uttar Pradesh", "state_key": "uttar_pradesh", "name_ok": true }, "geometry": { "type": "Polygon", "coordinates": [ [ [ 81.3629, 26.3336 ], [ 81.3819, 26.3322 ], [ 81.3864, 26.3258 ], [ 81.4003, 26.3213 ], [ 81.3852, 26.293 ], [ 81.3703, 26.2958 ], [ 81.3689, 26.2848 ], [ 81.3567, 26.287 ], [ 81.3489, 26.2755 ], [ 81.3549, 26.2608 ], [ 81.3432, 26.2487 ], [ 81.342, 26.2376 ], [ 81.3448, 26.2315 ], [ 81.3606, 26.2299 ], [ 81.3668, 26.2221 ], [ 81.3516, 26.224 ], [ 81.3589, 26.1979 ], [ 81.3652, 26.1899 ], [ 81.3567, 26.1921 ], [ 81.3562, 26.1839 ], [ 81.3506, 26.179 ], [ 81.3522, 26.1714 ], [ 81.3651, 26.162 ], [ 81.3665, 26.1505 ], [ 81.3526, 26.123 ], [ 81.3374, 26.1138 ], [ 81.3476, 26.0993 ], [ 81.3352, 26.0877 ], [ 81.3366, 26.0743 ], [ 81.312, 26.083 ], [ 81.3063, 26.095 ], [ 81.2921, 26.0903 ], [ 81.2567, 26.0937 ], [ 81.2501, 26.1088 ], [ 81.2378, 26.1075 ], [ 81.2314, 26.1016 ], [ 81.2268, 26.1035 ], [ 81.2165, 26.0901 ], [ 81.1967, 26.0915 ], [ 81.1944, 26.1092 ], [ 81.1738, 26.1218 ], [ 81.1642, 26.1218 ], [ 81.1533, 26.1277 ], [ 81.1532, 26.1352 ], [ 81.1611, 26.142 ], [ 81.1541, 26.1425 ], [ 81.1535, 26.1534 ], [ 81.1355, 26.1633 ], [ 81.1385, 26.1675 ], [ 81.1362, 26.1739 ], [ 81.1241, 26.1821 ], [ 81.119, 26.1912 ], [ 81.1216, 26.2064 ], [ 81.1006, 26.2125 ], [ 81.0898, 26.2026 ], [ 81.0755, 26.1995 ], [ 81.0677, 26.2082 ], [ 81.0669, 26.2171 ], [ 81.0584, 26.2181 ], [ 81.0544, 26.2273 ], [ 81.0422, 26.2284 ], [ 81.0311, 26.2356 ], [ 81.0292, 26.2332 ], [ 81.0137, 26.2389 ], [ 81.0078, 26.2352 ], [ 81.0002, 26.239 ], [ 80.9908, 26.2482 ], [ 80.9942, 26.2636 ], [ 80.9826, 26.2654 ], [ 80.9891, 26.2813 ], [ 81.0019, 26.2925 ], [ 81.0044, 26.3062 ], [ 81.002, 26.3186 ], [ 80.9908, 26.3211 ], [ 80.9936, 26.3304 ], [ 80.9908, 26.3503 ], [ 80.9986, 26.3587 ], [ 81.0099, 26.3615 ], [ 81.0148, 26.3664 ], [ 81.0287, 26.3656 ], [ 81.0417, 26.3781 ], [ 81.0287, 26.38 ], [ 81.0261, 26.3832 ], [ 81.0218, 26.3809 ], [ 81.0214, 26.4 ], [ 81.0456, 26.4172 ], [ 81.0498, 26.4143 ], [ 81.0728, 26.4298 ], [ 81.093, 26.4208 ], [ 81.0934, 26.4132 ], [ 81.1262, 26.403 ], [ 81.1282, 26.3933 ], [ 81.1433, 26.3928 ], [ 81.151, 26.3815 ], [ 81.1691, 26.39 ], [ 81.1752, 26.3846 ], [ 81.219, 26.3774 ], [ 81.2197, 26.3835 ], [ 81.2335, 26.3821 ], [ 81.2412, 26.39 ], [ 81.2578, 26.3956 ], [ 81.2684, 26.3645 ], [ 81.2755, 26.3628 ], [ 81.2877, 26.3657 ], [ 81.2883, 26.3819 ], [ 81.2992, 26.3836 ], [ 81.3036, 26.3799 ], [ 81.312, 26.3828 ], [ 81.3169, 26.3749 ], [ 81.3176, 26.3616 ], [ 81.3289, 26.36 ], [ 81.3397, 26.3529 ], [ 81.338, 26.3416 ], [ 81.3589, 26.339 ], [ 81.3629, 26.3336 ] ] ] } },
{ "type": "Feature", "properties": { "unit_id": "IND.34.61.4_1", "unit_name": "Salon", "district": "Rae Bareli", "did": "uttar_pradesh:Rae Bareli", "state": "Uttar Pradesh", "state_key": "uttar_pradesh", "name_ok": true }, "geometry": { "type": "Polygon", "coordinates": [ [ [ 81.3074, 26.0122 ], [ 81.3232, 25.9961 ], [ 81.3505, 25.9805 ], [ 81.3739, 25.9547 ], [ 81.4119, 25.95 ], [ 81.4186, 25.9459 ], [ 81.4267, 25.9298 ], [ 81.4338, 25.9279 ], [ 81.4354, 25.922 ], [ 81.4224, 25.9221 ], [ 81.4032, 25.9004 ], [ 81.3885, 25.8916 ], [ 81.3662, 25.8893 ], [ 81.3668, 25.8747 ], [ 81.3634, 25.8708 ], [ 81.3438, 25.8736 ], [ 81.3369, 25.8705 ], [ 81.3263, 25.8742 ], [ 81.3183, 25.861 ], [ 81.3222, 25.8501 ], [ 81.3319, 25.8435 ], [ 81.3415, 25.8425 ], [ 81.3457, 25.8288 ], [ 81.3279, 25.8143 ], [ 81.2879, 25.8479 ], [ 81.2643, 25.8509 ], [ 81.2246, 25.8654 ], [ 81.2121, 25.8783 ], [ 81.2085, 25.9016 ], [ 81.2107, 25.9604 ], [ 81.2187, 25.9568 ], [ 81.2243, 25.961 ], [ 81.2334, 25.9731 ], [ 81.2354, 25.9894 ], [ 81.2568, 26.0178 ], [ 81.2676, 26.0189 ], [ 81.2689, 26.0242 ], [ 81.2764, 26.0233 ], [ 81.2841, 26.0298 ], [ 81.304, 26.0275 ], [ 81.3074, 26.0122 ] ] ] } },
{ "type": "Feature", "properties": { "unit_id": "IND.34.62.1_1", "unit_name": "Bilaspur", "district": "Rampur", "did": "uttar_pradesh:Rampur", "state": "Uttar Pradesh", "state_key": "uttar_pradesh", "name_ok": true }, "geometry": { "type": "Polygon", "coordinates": [ [ [ 79.3906, 28.8773 ], [ 79.3781, 28.8812 ], [ 79.3725, 28.8807 ], [ 79.3709, 28.8769 ], [ 79.3751, 28.8677 ], [ 79.3976, 28.8573 ], [ 79.3874, 28.8506 ], [ 79.3773, 28.8522 ], [ 79.3755, 28.8479 ], [ 79.3817, 28.8432 ], [ 79.3953, 28.8432 ], [ 79.3967, 28.8329 ], [ 79.3931, 28.8257 ], [ 79.3759, 28.8223 ], [ 79.3684, 28.8283 ], [ 79.3609, 28.823 ], [ 79.3736, 28.8001 ], [ 79.3724, 28.7839 ], [ 79.3805, 28.7725 ], [ 79.3802, 28.7667 ], [ 79.3765, 28.7634 ], [ 79.3471, 28.7716 ], [ 79.3463, 28.7643 ], [ 79.3569, 28.7565 ], [ 79.3566, 28.7495 ], [ 79.3389, 28.7391 ], [ 79.3353, 28.7325 ], [ 79.3243, 28.7341 ], [ 79.3175, 28.7294 ], [ 79.3122, 28.7314 ], [ 79.293, 28.7249 ], [ 79.2772, 28.74 ], [ 79.28, 28.7461 ], [ 79.2759, 28.7517 ], [ 79.2649, 28.7458 ], [ 79.2583, 28.7311 ], [ 79.2516, 28.7292 ], [ 79.2467, 28.7379 ], [ 79.2188, 28.7428 ], [ 79.2077, 28.7415 ], [ 79.2111, 28.7496 ], [ 79.2053, 28.7472 ], [ 79.1963, 28.7598 ], [ 79.1977, 28.7651 ], [ 79.1911, 28.7662 ], [ 79.1933, 28.7763 ], [ 79.1673, 28.7723 ], [ 79.1726, 28.7813 ], [ 79.1745, 28.797 ], [ 79.1703, 28.812 ], [ 79.1648, 28.8168 ], [ 79.152, 28.8176 ], [ 79.1495, 28.8216 ], [ 79.1555, 28.8327 ], [ 79.1733, 28.8402 ], [ 79.1794, 28.8532 ], [ 79.1754, 28.8602 ], [ 79.1829, 28.8616 ], [ 79.1832, 28.8675 ], [ 79.1698, 28.8718 ], [ 79.1625, 28.8799 ], [ 79.1824, 28.8891 ], [ 79.1941, 28.9254 ], [ 79.2027, 28.9299 ], [ 79.2058, 28.9371 ], [ 79.2066, 28.9528 ], [ 79.2108, 28.9555 ], [ 79.2167, 28.9465 ], [ 79.2301, 28.965 ], [ 79.2325, 28.9795 ], [ 79.2248, 28.9866 ], [ 79.2377, 29.0068 ], [ 79.2394, 28.9999 ], [ 79.2643, 28.9821 ], [ 79.2789, 28.9648 ], [ 79.2989, 28.9531 ], [ 79.3047, 28.9539 ], [ 79.3072, 28.9585 ], [ 79.3519, 28.9524 ], [ 79.3548, 28.9534 ], [ 79.3529, 28.9612 ], [ 79.3597, 28.9705 ], [ 79.377, 28.937 ], [ 79.3894, 28.9383 ], [ 79.4014, 28.9323 ], [ 79.4011, 28.8998 ], [ 79.3906, 28.8773 ] ] ] } },
{ "type": "Feature", "properties": { "unit_id": "IND.34.62.2_1", "unit_name": "Milak", "district": "Rampur", "did": "uttar_pradesh:Rampur", "state": "Uttar Pradesh", "state_key": "uttar_pradesh", "name_ok": true }, "geometry": { "type": "Polygon", "coordinates": [ [ [ 79.2654, 28.6731 ], [ 79.2438, 28.6501 ], [ 79.226, 28.6433 ], [ 79.2248, 28.6204 ], [ 79.2307, 28.6095 ], [ 79.2169, 28.5965 ], [ 79.2107, 28.5786 ], [ 79.1975, 28.5855 ], [ 79.184, 28.5627 ], [ 79.1721, 28.5631 ], [ 79.1607, 28.548 ], [ 79.1515, 28.5423 ], [ 79.1548, 28.528 ], [ 79.1439, 28.5096 ], [ 79.1314, 28.5102 ], [ 79.1197, 28.5241 ], [ 79.1133, 28.5196 ], [ 79.1009, 28.532 ], [ 79.0925, 28.5325 ], [ 79.0946, 28.5497 ], [ 79.081, 28.5703 ], [ 79.083, 28.5868 ], [ 79.067, 28.6107 ], [ 79.0705, 28.6194 ], [ 79.0822, 28.6306 ], [ 79.0776, 28.641 ], [ 79.0705, 28.6444 ], [ 79.0834, 28.6621 ], [ 79.0784, 28.6914 ], [ 79.089, 28.7001 ], [ 79.0885, 28.7097 ], [ 79.081, 28.712 ], [ 79.0782, 28.7097 ], [ 79.0797, 28.7325 ], [ 79.0873, 28.7347 ], [ 79.0833, 28.7421 ], [ 79.0884, 28.7436 ], [ 79.0966, 28.7394 ], [ 79.1035, 28.7494 ], [ 79.1111, 28.785 ], [ 79.1146, 28.7883 ], [ 79.1257, 28.7862 ], [ 79.1284, 28.7808 ], [ 79.1363, 28.7803 ], [ 79.1706, 28.8021 ], [ 79.1745, 28.797 ], [ 79.1726, 28.7813 ], [ 79.1673, 28.7723 ], [ 79.1933, 28.7763 ], [ 79.1911, 28.7662 ], [ 79.1977, 28.7651 ], [ 79.1963, 28.7598 ], [ 79.2053, 28.7472 ], [ 79.2111, 28.7496 ], [ 79.2077, 28.7415 ], [ 79.2188, 28.7428 ], [ 79.2467, 28.7379 ], [ 79.2516, 28.7292 ], [ 79.2583, 28.7311 ], [ 79.2649, 28.7458 ], [ 79.2759, 28.7517 ], [ 79.28, 28.7461 ], [ 79.2772, 28.74 ], [ 79.293, 28.7249 ], [ 79.2654, 28.6731 ] ] ] } },
{ "type": "Feature", "properties": { "unit_id": "IND.34.62.3_1", "unit_name": "Rampur", "district": "Rampur", "did": "uttar_pradesh:Rampur", "state": "Uttar Pradesh", "state_key": "uttar_pradesh", "name_ok": true }, "geometry": { "type": "Polygon", "coordinates": [ [ [ 78.9347, 28.719 ], [ 78.9355, 28.7393 ], [ 78.9424, 28.7447 ], [ 78.9415, 28.7502 ], [ 78.9644, 28.7693 ], [ 78.9624, 28.779 ], [ 78.9404, 28.7876 ], [ 78.9559, 28.7998 ], [ 78.9574, 28.8162 ], [ 78.9622, 28.8196 ], [ 78.9608, 28.8314 ], [ 78.9515, 28.8312 ], [ 78.9463, 28.8272 ], [ 78.9401, 28.8303 ], [ 78.9293, 28.8429 ], [ 78.933, 28.8445 ], [ 78.9356, 28.8559 ], [ 78.9212, 28.8638 ], [ 78.9131, 28.8624 ], [ 78.899, 28.8694 ], [ 78.8969, 28.8778 ], [ 78.901, 28.8817 ], [ 78.8944, 28.8861 ], [ 78.8934, 28.895 ], [ 78.8795, 28.8972 ], [ 78.8763, 28.9036 ], [ 78.8785, 28.9312 ], [ 78.8878, 28.9269 ], [ 78.8904, 28.9317 ], [ 78.9126, 28.933 ], [ 78.9422, 28.9224 ], [ 78.9885, 28.9214 ], [ 79.0056, 28.914 ], [ 79.0082, 28.9228 ], [ 79.0116, 28.923 ], [ 79.0202, 28.9201 ], [ 79.027, 28.9088 ], [ 79.0308, 28.9172 ], [ 79.043, 28.9175 ], [ 79.0691, 28.9023 ], [ 79.0749, 28.905 ], [ 79.0791, 28.9029 ], [ 79.0856, 28.9073 ], [ 79.1003, 28.9029 ], [ 79.1039, 28.9187 ], [ 79.1018, 28.9211 ], [ 79.0967, 28.9172 ], [ 79.0948, 28.9191 ], [ 79.1012, 28.9267 ], [ 79.1193, 28.9203 ], [ 79.1197, 28.9068 ], [ 79.1246, 28.9013 ], [ 79.1377, 28.9073 ], [ 79.1397, 28.8987 ], [ 79.1362, 28.8941 ], [ 79.1405, 28.8873 ], [ 79.1372, 28.8849 ], [ 79.1292, 28.8879 ], [ 79.1292, 28.8706 ], [ 79.119, 28.8745 ], [ 79.1171, 28.872 ], [ 79.1275, 28.864 ], [ 79.1355, 28.8644 ], [ 79.1354, 28.8545 ], [ 79.1398, 28.8621 ], [ 79.1433, 28.8612 ], [ 79.1423, 28.8511 ], [ 79.1555, 28.8405 ], [ 79.1635, 28.8427 ], [ 79.1677, 28.8402 ], [ 79.1555, 28.8327 ], [ 79.1495, 28.8216 ], [ 79.152, 28.8176 ], [ 79.1688, 28.8148 ], [ 79.1712, 28.8046 ], [ 79.1673, 28.7979 ], [ 79.1363, 28.7803 ], [ 79.1284, 28.7808 ], [ 79.1257, 28.7862 ], [ 79.1146, 28.7883 ], [ 79.1037, 28.7607 ], [ 79.1035, 28.7494 ], [ 79.0966, 28.7394 ], [ 79.0884, 28.7436 ], [ 79.0833, 28.7421 ], [ 79.0873, 28.7347 ], [ 79.0797, 28.7325 ], [ 79.0782, 28.7097 ], [ 79.081, 28.712 ], [ 79.0885, 28.7097 ], [ 79.089, 28.7001 ], [ 79.0784, 28.6914 ], [ 79.0834, 28.6621 ], [ 79.0724, 28.6438 ], [ 79.0474, 28.6682 ], [ 79.0364, 28.6573 ], [ 79.024, 28.6676 ], [ 79.0225, 28.6618 ], [ 79.0144, 28.6651 ], [ 79.0066, 28.6587 ], [ 79.0077, 28.6679 ], [ 79.0031, 28.6659 ], [ 79.0022, 28.6719 ], [ 78.9607, 28.6813 ], [ 78.9539, 28.6783 ], [ 78.9415, 28.6861 ], [ 78.9276, 28.6822 ], [ 78.9081, 28.7105 ], [ 78.9347, 28.719 ] ] ] } },
{ "type": "Feature", "properties": { "unit_id": "IND.34.62.4_1", "unit_name": "Shahabad", "district": "Rampur", "did": "uttar_pradesh:Rampur", "state": "Uttar Pradesh", "state_key": "uttar_pradesh", "name_ok": true }, "geometry": { "type": "Polygon", "coordinates": [ [ [ 79.1062, 28.488 ], [ 79.0872, 28.4922 ], [ 79.0675, 28.4891 ], [ 79.0722, 28.4759 ], [ 79.0673, 28.4703 ], [ 79.0606, 28.4682 ], [ 79.0402, 28.4713 ], [ 79.0487, 28.4617 ], [ 79.045, 28.4549 ], [ 79.0239, 28.4508 ], [ 79.0274, 28.4443 ], [ 79.0219, 28.4402 ], [ 79.006, 28.4377 ], [ 78.9964, 28.441 ], [ 78.9892, 28.4376 ], [ 78.9893, 28.3909 ], [ 78.97, 28.4111 ], [ 78.9667, 28.4265 ], [ 78.9438, 28.4434 ], [ 78.9367, 28.4436 ], [ 78.935, 28.4402 ], [ 78.9259, 28.444 ], [ 78.9266, 28.4553 ], [ 78.9184, 28.4658 ], [ 78.9151, 28.4837 ], [ 78.9094, 28.4855 ], [ 78.9219, 28.5107 ], [ 78.9208, 28.5148 ], [ 78.9297, 28.519 ], [ 78.9163, 28.546 ], [ 78.9186, 28.5507 ], [ 78.9285, 28.5497 ], [ 78.9266, 28.5686 ], [ 78.909, 28.5806 ], [ 78.9102, 28.5867 ], [ 78.9057, 28.5931 ], [ 78.8932, 28.5991 ], [ 78.894, 28.6096 ], [ 78.8728, 28.6215 ], [ 78.8674, 28.6354 ], [ 78.8281, 28.6662 ], [ 78.8352, 28.6785 ], [ 78.8274, 28.6867 ], [ 78.8421, 28.7105 ], [ 78.837, 28.7148 ], [ 78.8374, 28.7327 ], [ 78.8492, 28.7317 ], [ 78.8539, 28.7265 ], [ 78.8556, 28.7187 ], [ 78.8498, 28.7129 ], [ 78.8522, 28.7059 ], [ 78.8682, 28.6965 ], [ 78.8943, 28.7122 ], [ 78.9027, 28.7123 ], [ 78.9166, 28.7018 ], [ 78.9276, 28.6822 ], [ 78.9415, 28.6861 ], [ 78.9539, 28.6783 ], [ 78.9607, 28.6813 ], [ 79.0022, 28.6719 ], [ 79.0031, 28.6659 ], [ 79.0077, 28.6679 ], [ 79.0066, 28.6587 ], [ 79.0144, 28.6651 ], [ 79.0225, 28.6618 ], [ 79.024, 28.6676 ], [ 79.0364, 28.6573 ], [ 79.0411, 28.6592 ], [ 79.0436, 28.6672 ], [ 79.0515, 28.6649 ], [ 79.0706, 28.6425 ], [ 79.0776, 28.641 ], [ 79.0822, 28.6306 ], [ 79.0705, 28.6194 ], [ 79.067, 28.6107 ], [ 79.083, 28.5868 ], [ 79.081, 28.5703 ], [ 79.0946, 28.5497 ], [ 79.0925, 28.5325 ], [ 79.1009, 28.532 ], [ 79.1133, 28.5196 ], [ 79.1197, 28.5241 ], [ 79.1267, 28.5192 ], [ 79.1268, 28.5128 ], [ 79.1429, 28.509 ], [ 79.1294, 28.496 ], [ 79.1062, 28.488 ] ] ] } },
{ "type": "Feature", "properties": { "unit_id": "IND.34.62.5_1", "unit_name": "Suar", "district": "Rampur", "did": "uttar_pradesh:Rampur", "state": "Uttar Pradesh", "state_key": "uttar_pradesh", "name_ok": true }, "geometry": { "type": "Polygon", "coordinates": [ [ [ 78.8846, 28.9358 ], [ 78.88, 28.9393 ], [ 78.8921, 28.9446 ], [ 78.8879, 28.9525 ], [ 78.8906, 28.9545 ], [ 78.8725, 28.9667 ], [ 78.8801, 28.9797 ], [ 78.8733, 28.9871 ], [ 78.8767, 28.9904 ], [ 78.8925, 28.9865 ], [ 78.9019, 28.9976 ], [ 78.8985, 29.0 ], [ 78.911, 29.0029 ], [ 78.9275, 29.0137 ], [ 78.9354, 29.0265 ], [ 78.938, 29.0389 ], [ 78.926, 29.0671 ], [ 78.9314, 29.0746 ], [ 78.9234, 29.0855 ], [ 78.9305, 29.0886 ], [ 78.9381, 29.0835 ], [ 78.9364, 29.1021 ], [ 78.9478, 29.0981 ], [ 78.9374, 29.1096 ], [ 78.9455, 29.1153 ], [ 78.9485, 29.1229 ], [ 78.9574, 29.1276 ], [ 78.9549, 29.1449 ], [ 78.95, 29.1493 ], [ 78.9635, 29.1473 ], [ 78.9623, 29.1668 ], [ 78.979, 29.1548 ], [ 78.9835, 29.1373 ], [ 78.9926, 29.1336 ], [ 79.0006, 29.1166 ], [ 79.0066, 29.1205 ], [ 79.0219, 29.1189 ], [ 79.0297, 29.1254 ], [ 79.0277, 29.133 ], [ 79.0088, 29.1362 ], [ 79.0128, 29.1491 ], [ 79.011, 29.1572 ], [ 79.0215, 29.1508 ], [ 79.0287, 29.1524 ], [ 79.0218, 29.1673 ], [ 79.027, 29.1723 ], [ 79.0338, 29.1711 ], [ 79.0461, 29.1547 ], [ 79.0595, 29.1563 ], [ 79.0729, 29.152 ], [ 79.1007, 29.1317 ], [ 79.1136, 29.1307 ], [ 79.1178, 29.1339 ], [ 79.1308, 29.1294 ], [ 79.1422, 29.1197 ], [ 79.144, 29.1066 ], [ 79.1347, 29.0819 ], [ 79.137, 29.0693 ], [ 79.1437, 29.0601 ], [ 79.1654, 29.0513 ], [ 79.1587, 29.0342 ], [ 79.1542, 29.0329 ], [ 79.1583, 29.0229 ], [ 79.1686, 29.0159 ], [ 79.1776, 29.0196 ], [ 79.1849, 29.018 ], [ 79.183, 29.0242 ], [ 79.1976, 29.0221 ], [ 79.204, 29.0291 ], [ 79.2377, 29.0068 ], [ 79.2248, 28.9866 ], [ 79.2325, 28.9795 ], [ 79.2301, 28.965 ], [ 79.2167, 28.9465 ], [ 79.2108, 28.9555 ], [ 79.2066, 28.9528 ], [ 79.2058, 28.9371 ], [ 79.2027, 28.9299 ], [ 79.1941, 28.9254 ], [ 79.1824, 28.8891 ], [ 79.1635, 28.8824 ], [ 79.1648, 28.8754 ], [ 79.1832, 28.8675 ], [ 79.1829, 28.8616 ], [ 79.1754, 28.8602 ], [ 79.1794, 28.8532 ], [ 79.1733, 28.8402 ], [ 79.1555, 28.8327 ], [ 79.1677, 28.8402 ], [ 79.1635, 28.8427 ], [ 79.1555, 28.8405 ], [ 79.1423, 28.8511 ], [ 79.1433, 28.8612 ], [ 79.1398, 28.8621 ], [ 79.1354, 28.8545 ], [ 79.1355, 28.8644 ], [ 79.1275, 28.864 ], [ 79.1171, 28.872 ], [ 79.119, 28.8745 ], [ 79.1292, 28.8706 ], [ 79.1292, 28.8879 ], [ 79.1372, 28.8849 ], [ 79.1405, 28.8873 ], [ 79.1362, 28.8941 ], [ 79.1397, 28.8987 ], [ 79.1377, 28.9073 ], [ 79.1246, 28.9013 ], [ 79.1197, 28.9068 ], [ 79.1193, 28.9203 ], [ 79.1012, 28.9267 ], [ 79.0948, 28.9191 ], [ 79.0967, 28.9172 ], [ 79.1018, 28.9211 ], [ 79.1039, 28.9187 ], [ 79.1003, 28.9029 ], [ 79.0856, 28.9073 ], [ 79.0791, 28.9029 ], [ 79.0749, 28.905 ], [ 79.0691, 28.9023 ], [ 79.043, 28.9175 ], [ 79.0308, 28.9172 ], [ 79.027, 28.9088 ], [ 79.0202, 28.9201 ], [ 79.0116, 28.923 ], [ 79.0082, 28.9228 ], [ 79.0056, 28.914 ], [ 78.9885, 28.9214 ], [ 78.9422, 28.9224 ], [ 78.9126, 28.933 ], [ 78.8904, 28.9317 ], [ 78.8878, 28.9269 ], [ 78.8785, 28.9312 ], [ 78.8846, 28.9358 ] ] ] } },
{ "type": "Feature", "properties": { "unit_id": "IND.34.63.1_1", "unit_name": "Deoband", "district": "Saharanpur", "did": "uttar_pradesh:Saharanpur", "state": "Uttar Pradesh", "state_key": "uttar_pradesh", "name_ok": true }, "geometry": { "type": "Polygon", "coordinates": [ [ [ 77.779, 29.6342 ], [ 77.7708, 29.6377 ], [ 77.7322, 29.6092 ], [ 77.7154, 29.6225 ], [ 77.7113, 29.6221 ], [ 77.7072, 29.614 ], [ 77.6849, 29.6198 ], [ 77.6547, 29.5795 ], [ 77.6499, 29.5664 ], [ 77.646, 29.5669 ], [ 77.6394, 29.5789 ], [ 77.6386, 29.594 ], [ 77.6179, 29.6074 ], [ 77.6131, 29.6183 ], [ 77.5885, 29.6278 ], [ 77.5799, 29.6262 ], [ 77.5417, 29.6325 ], [ 77.5269, 29.6387 ], [ 77.5206, 29.6345 ], [ 77.5216, 29.6255 ], [ 77.5147, 29.6252 ], [ 77.504, 29.6328 ], [ 77.4967, 29.6291 ], [ 77.4892, 29.6307 ], [ 77.477, 29.6377 ], [ 77.479, 29.6473 ], [ 77.4743, 29.6516 ], [ 77.4743, 29.6606 ], [ 77.4597, 29.6622 ], [ 77.4415, 29.6762 ], [ 77.4311, 29.6727 ], [ 77.421, 29.6548 ], [ 77.4055, 29.6625 ], [ 77.3981, 29.657 ], [ 77.3907, 29.6597 ], [ 77.3788, 29.6514 ], [ 77.3554, 29.6593 ], [ 77.3547, 29.67 ], [ 77.3447, 29.6833 ], [ 77.3557, 29.6865 ], [ 77.3567, 29.6895 ], [ 77.3502, 29.6939 ], [ 77.3559, 29.701 ], [ 77.3568, 29.7118 ], [ 77.3651, 29.7174 ], [ 77.361, 29.7228 ], [ 77.3512, 29.7252 ], [ 77.3385, 29.7488 ], [ 77.3499, 29.7509 ], [ 77.3526, 29.7753 ], [ 77.3618, 29.7892 ], [ 77.366, 29.7845 ], [ 77.3681, 29.7874 ], [ 77.3752, 29.7861 ], [ 77.3945, 29.8007 ], [ 77.3948, 29.8105 ], [ 77.4112, 29.8352 ], [ 77.4042, 29.8536 ], [ 77.408, 29.8634 ], [ 77.4284, 29.8725 ], [ 77.4318, 29.8774 ], [ 77.4396, 29.8762 ], [ 77.4408, 29.881 ], [ 77.47, 29.8736 ], [ 77.4746, 29.8837 ], [ 77.4806, 29.8857 ], [ 77.4949, 29.8753 ], [ 77.5117, 29.8801 ], [ 77.5241, 29.8692 ], [ 77.5315, 29.8809 ], [ 77.5383, 29.8748 ], [ 77.5433, 29.8799 ], [ 77.5511, 29.8793 ], [ 77.5596, 29.8647 ], [ 77.5706, 29.8813 ], [ 77.5835, 29.8713 ], [ 77.5903, 29.8758 ], [ 77.6037, 29.8689 ], [ 77.6127, 29.8772 ], [ 77.6229, 29.8725 ], [ 77.6368, 29.8768 ], [ 77.6524, 29.8703 ], [ 77.6557, 29.8796 ], [ 77.6587, 29.8773 ], [ 77.6632, 29.8824 ], [ 77.6714, 29.878 ], [ 77.6812, 29.8805 ], [ 77.6827, 29.8746 ], [ 77.6901, 29.8712 ], [ 77.6957, 29.8738 ], [ 77.702, 29.8718 ], [ 77.7133, 29.8565 ], [ 77.7301, 29.8531 ], [ 77.7292, 29.8376 ], [ 77.7423, 29.8246 ], [ 77.7421, 29.8095 ], [ 77.7647, 29.7855 ], [ 77.7605, 29.7813 ], [ 77.7654, 29.7757 ], [ 77.7657, 29.7637 ], [ 77.7609, 29.7527 ], [ 77.7619, 29.7438 ], [ 77.7693, 29.7346 ], [ 77.7577, 29.7159 ], [ 77.762, 29.7118 ], [ 77.7827, 29.7083 ], [ 77.7949, 29.7005 ], [ 77.7974, 29.6978 ], [ 77.7892, 29.6859 ], [ 77.8111, 29.6725 ], [ 77.779, 29.6342 ] ] ] } },
{ "type": "Feature", "properties": { "unit_id": "IND.34.63.2_1", "unit_name": "Nakur", "district": "Saharanpur", "did": "uttar_pradesh:Saharanpur", "state": "Uttar Pradesh", "state_key": "uttar_pradesh", "name_ok": true }, "geometry": { "type": "Polygon", "coordinates": [ [ [ 77.1426, 29.7016 ], [ 77.1433, 29.706 ], [ 77.1402, 29.7173 ], [ 77.1226, 29.736 ], [ 77.1226, 29.7428 ], [ 77.113, 29.7486 ], [ 77.1189, 29.7642 ], [ 77.1183, 29.7756 ], [ 77.132, 29.779 ], [ 77.1524, 29.7933 ], [ 77.154, 29.8138 ], [ 77.169, 29.8296 ], [ 77.1676, 29.8464 ], [ 77.1825, 29.8733 ], [ 77.1849, 29.8949 ], [ 77.1802, 29.9062 ], [ 77.1891, 29.922 ], [ 77.2026, 29.9311 ], [ 77.2296, 29.9619 ], [ 77.2355, 29.9812 ], [ 77.2505, 29.9885 ], [ 77.2632, 30.0021 ], [ 77.2619, 30.0073 ], [ 77.2731, 30.034 ], [ 77.2704, 30.0483 ], [ 77.2861, 30.0575 ], [ 77.3317, 30.0645 ], [ 77.3685, 30.0916 ], [ 77.3925, 30.0944 ], [ 77.4086, 30.1026 ], [ 77.4142, 30.1111 ], [ 77.4006, 30.1133 ], [ 77.398, 30.1187 ], [ 77.4087, 30.1232 ], [ 77.4155, 30.1335 ], [ 77.4178, 30.1412 ], [ 77.4108, 30.1459 ], [ 77.4153, 30.1567 ], [ 77.4235, 30.1685 ], [ 77.4468, 30.1686 ], [ 77.456, 30.181 ], [ 77.4665, 30.1696 ], [ 77.5077, 30.1434 ], [ 77.5541, 30.1208 ], [ 77.5569, 30.1187 ], [ 77.551, 30.1164 ], [ 77.5484, 30.1102 ], [ 77.5575, 30.1016 ], [ 77.554, 30.0962 ], [ 77.5471, 30.0891 ], [ 77.5385, 30.0892 ], [ 77.5347, 30.0812 ], [ 77.5258, 30.0825 ], [ 77.5183, 30.0703 ], [ 77.5143, 30.0509 ], [ 77.499, 30.0478 ], [ 77.4901, 30.0419 ], [ 77.4953, 30.0329 ], [ 77.4914, 30.0235 ], [ 77.4795, 30.0267 ], [ 77.4677, 29.9902 ], [ 77.4728, 29.9816 ], [ 77.4631, 29.9655 ], [ 77.4657, 29.9514 ], [ 77.4492, 29.9403 ], [ 77.4532, 29.9314 ], [ 77.4452, 29.9131 ], [ 77.4361, 29.9134 ], [ 77.4366, 29.9055 ], [ 77.4314, 29.9068 ], [ 77.4276, 29.8928 ], [ 77.42, 29.8888 ], [ 77.4243, 29.8861 ], [ 77.4177, 29.8811 ], [ 77.4284, 29.8725 ], [ 77.4156, 29.865 ], [ 77.4122, 29.8678 ], [ 77.4051, 29.8592 ], [ 77.4062, 29.8416 ], [ 77.4112, 29.8352 ], [ 77.3948, 29.8105 ], [ 77.3945, 29.8007 ], [ 77.3752, 29.7861 ], [ 77.3681, 29.7874 ], [ 77.366, 29.7845 ], [ 77.3618, 29.7892 ], [ 77.3526, 29.7753 ], [ 77.3499, 29.7509 ], [ 77.3385, 29.7488 ], [ 77.3512, 29.7252 ], [ 77.361, 29.7228 ], [ 77.3651, 29.7174 ], [ 77.3568, 29.7118 ], [ 77.3559, 29.701 ], [ 77.3502, 29.6939 ], [ 77.3567, 29.6895 ], [ 77.3557, 29.6865 ], [ 77.3447, 29.6833 ], [ 77.3547, 29.67 ], [ 77.3527, 29.6555 ], [ 77.336, 29.6554 ], [ 77.3268, 29.6508 ], [ 77.299, 29.6651 ], [ 77.2922, 29.6738 ], [ 77.276, 29.6787 ], [ 77.2699, 29.67 ], [ 77.2608, 29.6714 ], [ 77.2113, 29.7005 ], [ 77.1937, 29.6907 ], [ 77.1911, 29.6846 ], [ 77.15, 29.6955 ], [ 77.1439, 29.6917 ], [ 77.1322, 29.6995 ], [ 77.1426, 29.7016 ] ] ] } },
{ "type": "Feature", "properties": { "unit_id": "IND.34.63.3_1", "unit_name": "Saharanpur", "district": "Saharanpur", "did": "uttar_pradesh:Saharanpur", "state": "Uttar Pradesh", "state_key": "uttar_pradesh", "name_ok": true }, "geometry": { "type": "Polygon", "coordinates": [ [ [ 77.4733, 30.1886 ], [ 77.496, 30.2336 ], [ 77.5198, 30.2601 ], [ 77.5268, 30.2823 ], [ 77.5704, 30.3112 ], [ 77.575, 30.3261 ], [ 77.5699, 30.3371 ], [ 77.592, 30.3709 ], [ 77.5901, 30.3773 ], [ 77.5749, 30.3845 ], [ 77.5762, 30.3899 ], [ 77.5631, 30.4045 ], [ 77.5775, 30.4125 ], [ 77.5864, 30.408 ], [ 77.6092, 30.4104 ], [ 77.6221, 30.4048 ], [ 77.6342, 30.4109 ], [ 77.6476, 30.3981 ], [ 77.6613, 30.3932 ], [ 77.6641, 30.384 ], [ 77.6733, 30.3857 ], [ 77.6913, 30.3582 ], [ 77.7108, 30.3388 ], [ 77.7513, 30.3246 ], [ 77.8124, 30.2908 ], [ 77.861, 30.2714 ], [ 77.874, 30.2742 ], [ 77.8964, 30.266 ], [ 77.9315, 30.247 ], [ 77.9181, 30.2248 ], [ 77.9031, 30.2131 ], [ 77.896, 30.1863 ], [ 77.8655, 30.1551 ], [ 77.8553, 30.1336 ], [ 77.8385, 30.1123 ], [ 77.8253, 30.1047 ], [ 77.82, 30.0936 ], [ 77.8131, 30.0896 ], [ 77.7939, 30.1011 ], [ 77.7864, 30.1 ], [ 77.7576, 30.0482 ], [ 77.7733, 30.033 ], [ 77.7723, 30.0263 ], [ 77.7491, 30.0141 ], [ 77.7408, 29.9941 ], [ 77.7301, 29.9875 ], [ 77.745, 29.9676 ], [ 77.7177, 29.935 ], [ 77.7288, 29.9286 ], [ 77.733, 29.9135 ], [ 77.7201, 29.9028 ], [ 77.7111, 29.8881 ], [ 77.703, 29.8898 ], [ 77.702, 29.8718 ], [ 77.6957, 29.8738 ], [ 77.6901, 29.8712 ], [ 77.6827, 29.8746 ], [ 77.6812, 29.8805 ], [ 77.6714, 29.878 ], [ 77.6632, 29.8824 ], [ 77.6587, 29.8773 ], [ 77.6557, 29.8796 ], [ 77.6524, 29.8703 ], [ 77.6368, 29.8768 ], [ 77.6229, 29.8725 ], [ 77.6127, 29.8772 ], [ 77.6037, 29.8689 ], [ 77.5903, 29.8758 ], [ 77.5835, 29.8713 ], [ 77.5706, 29.8813 ], [ 77.5596, 29.8647 ], [ 77.5511, 29.8793 ], [ 77.5433, 29.8799 ], [ 77.5383, 29.8748 ], [ 77.5315, 29.8809 ], [ 77.5241, 29.8692 ], [ 77.5117, 29.8801 ], [ 77.4949, 29.8753 ], [ 77.4806, 29.8857 ], [ 77.4746, 29.8837 ], [ 77.47, 29.8736 ], [ 77.4463, 29.881 ], [ 77.4408, 29.881 ], [ 77.4396, 29.8762 ], [ 77.4318, 29.8774 ], [ 77.4284, 29.8725 ], [ 77.4198, 29.8772 ], [ 77.4177, 29.8811 ], [ 77.4243, 29.8861 ], [ 77.42, 29.8888 ], [ 77.4276, 29.8928 ], [ 77.4314, 29.9068 ], [ 77.4366, 29.9055 ], [ 77.4361, 29.9134 ], [ 77.4452, 29.9131 ], [ 77.4502, 29.9224 ], [ 77.4532, 29.9314 ], [ 77.4492, 29.9403 ], [ 77.4657, 29.9514 ], [ 77.4631, 29.9655 ], [ 77.4728, 29.9816 ], [ 77.4677, 29.9902 ], [ 77.4795, 30.0267 ], [ 77.4914, 30.0235 ], [ 77.4953, 30.0329 ], [ 77.4901, 30.0419 ], [ 77.499, 30.0478 ], [ 77.5143, 30.0509 ], [ 77.5183, 30.0703 ], [ 77.5258, 30.0825 ], [ 77.5347, 30.0812 ], [ 77.5385, 30.0892 ], [ 77.5471, 30.0891 ], [ 77.5575, 30.1016 ], [ 77.5484, 30.1102 ], [ 77.551, 30.1164 ], [ 77.5569, 30.1187 ], [ 77.5077, 30.1434 ], [ 77.4665, 30.1696 ], [ 77.456, 30.181 ], [ 77.4733, 30.1886 ] ] ] } },
{ "type": "Feature", "properties": { "unit_id": "IND.34.64.1_1", "unit_name": "Bilari", "district": "Sambhal", "did": "uttar_pradesh:Sambhal", "state": "Uttar Pradesh", "state_key": "uttar_pradesh", "name_ok": true }, "geometry": { "type": "Polygon", "coordinates": [ [ [ 78.8996, 28.4804 ], [ 78.8804, 28.4885 ], [ 78.875, 28.4802 ], [ 78.8599, 28.487 ], [ 78.8544, 28.4808 ], [ 78.8473, 28.4809 ], [ 78.8349, 28.4615 ], [ 78.8301, 28.4654 ], [ 78.8224, 28.4597 ], [ 78.8139, 28.4594 ], [ 78.8071, 28.4513 ], [ 78.7946, 28.4559 ], [ 78.7836, 28.4447 ], [ 78.787, 28.433 ], [ 78.7772, 28.4221 ], [ 78.7809, 28.4146 ], [ 78.7767, 28.4103 ], [ 78.7715, 28.4072 ], [ 78.7669, 28.4122 ], [ 78.7519, 28.4164 ], [ 78.7459, 28.4075 ], [ 78.756, 28.3999 ], [ 78.7444, 28.3825 ], [ 78.7293, 28.3832 ], [ 78.7209, 28.3908 ], [ 78.7232, 28.4111 ], [ 78.7107, 28.4078 ], [ 78.6979, 28.4095 ], [ 78.6786, 28.4249 ], [ 78.6844, 28.4491 ], [ 78.6769, 28.4625 ], [ 78.6803, 28.4724 ], [ 78.67, 28.4809 ], [ 78.6694, 28.4891 ], [ 78.7143, 28.4898 ], [ 78.7204, 28.4859 ], [ 78.7204, 28.4805 ], [ 78.7379, 28.4769 ], [ 78.7475, 28.4691 ], [ 78.7632, 28.4655 ], [ 78.7728, 28.4712 ], [ 78.786, 28.4873 ], [ 78.796, 28.4919 ], [ 78.8167, 28.488 ], [ 78.8706, 28.5062 ], [ 78.8678, 28.5173 ], [ 78.8714, 28.5226 ], [ 78.8874, 28.5144 ], [ 78.896, 28.5355 ], [ 78.9031, 28.5319 ], [ 78.9074, 28.5201 ], [ 78.9236, 28.5172 ], [ 78.9094, 28.4855 ], [ 78.8996, 28.4804 ] ] ] } },
{ "type": "Feature", "properties": { "unit_id": "IND.34.64.2_1", "unit_name": "Gunnaur", "district": "Sambhal", "did": "uttar_pradesh:Sambhal", "state": "Uttar Pradesh", "state_key": "uttar_pradesh", "name_ok": true }, "geometry": { "type": "Polygon", "coordinates": [ [ [ 78.5399, 28.0692 ], [ 78.5169, 28.087 ], [ 78.4996, 28.0938 ], [ 78.494, 28.0993 ], [ 78.4901, 28.1224 ], [ 78.4558, 28.1466 ], [ 78.4382, 28.1739 ], [ 78.427, 28.1794 ], [ 78.4141, 28.1945 ], [ 78.4006, 28.2026 ], [ 78.3853, 28.2324 ], [ 78.3721, 28.2453 ], [ 78.3643, 28.2684 ], [ 78.3261, 28.2818 ], [ 78.3118, 28.2951 ], [ 78.3013, 28.3142 ], [ 78.294, 28.3416 ], [ 78.2738, 28.3779 ], [ 78.2868, 28.3956 ], [ 78.2875, 28.4008 ], [ 78.2805, 28.409 ], [ 78.2836, 28.4208 ], [ 78.2957, 28.4275 ], [ 78.2997, 28.4403 ], [ 78.3159, 28.4361 ], [ 78.3365, 28.4406 ], [ 78.369, 28.474 ], [ 78.3792, 28.4746 ], [ 78.382, 28.4778 ], [ 78.3963, 28.4754 ], [ 78.4087, 28.4643 ], [ 78.4331, 28.4727 ], [ 78.4476, 28.4569 ], [ 78.4435, 28.4504 ], [ 78.4471, 28.4423 ], [ 78.4655, 28.4346 ], [ 78.4839, 28.421 ], [ 78.4831, 28.3864 ], [ 78.497, 28.3823 ], [ 78.5149, 28.3639 ], [ 78.5348, 28.3601 ], [ 78.5503, 28.3628 ], [ 78.5683, 28.3496 ], [ 78.5871, 28.3573 ], [ 78.6013, 28.3503 ], [ 78.6018, 28.3455 ], [ 78.6098, 28.3429 ], [ 78.6165, 28.3463 ], [ 78.6282, 28.3393 ], [ 78.635, 28.3444 ], [ 78.64, 28.3432 ], [ 78.6496, 28.3529 ], [ 78.6544, 28.3506 ], [ 78.6587, 28.3528 ], [ 78.6435, 28.3358 ], [ 78.6522, 28.3268 ], [ 78.6368, 28.3019 ], [ 78.6436, 28.2887 ], [ 78.6333, 28.2794 ], [ 78.6352, 28.2759 ], [ 78.6282, 28.2673 ], [ 78.6277, 28.2469 ], [ 78.6326, 28.244 ], [ 78.6035, 28.2164 ], [ 78.5968, 28.2158 ], [ 78.5891, 28.2019 ], [ 78.6001, 28.1992 ], [ 78.6017, 28.193 ], [ 78.6077, 28.1925 ], [ 78.6075, 28.1832 ], [ 78.5892, 28.1793 ], [ 78.5855, 28.1674 ], [ 78.5773, 28.1679 ], [ 78.5749, 28.1635 ], [ 78.5777, 28.1581 ], [ 78.58, 28.1619 ], [ 78.5925, 28.155 ], [ 78.5822, 28.1441 ], [ 78.5874, 28.1397 ], [ 78.5808, 28.1262 ], [ 78.5717, 28.1251 ], [ 78.573, 28.1218 ], [ 78.5845, 28.119 ], [ 78.5916, 28.1107 ], [ 78.5907, 28.1027 ], [ 78.579, 28.0879 ], [ 78.5399, 28.0692 ] ] ] } },
{ "type": "Feature", "properties": { "unit_id": "IND.34.64.3_1", "unit_name": "Sambhal", "district": "Sambhal", "did": "uttar_pradesh:Sambhal", "state": "Uttar Pradesh", "state_key": "uttar_pradesh", "name_ok": true }, "geometry": { "type": "Polygon", "coordinates": [ [ [ 78.4027, 28.7846 ], [ 78.4165, 28.7767 ], [ 78.4239, 28.7856 ], [ 78.4412, 28.774 ], [ 78.4505, 28.775 ], [ 78.4598, 28.7832 ], [ 78.4794, 28.7734 ], [ 78.4867, 28.7843 ], [ 78.4966, 28.7793 ], [ 78.5013, 28.784 ], [ 78.5095, 28.7822 ], [ 78.514, 28.7869 ], [ 78.5226, 28.7839 ], [ 78.5251, 28.7954 ], [ 78.5516, 28.7993 ], [ 78.5581, 28.8046 ], [ 78.5685, 28.8034 ], [ 78.5771, 28.8096 ], [ 78.5797, 28.8074 ], [ 78.5905, 28.8101 ], [ 78.6085, 28.8031 ], [ 78.6155, 28.8067 ], [ 78.6222, 28.7953 ], [ 78.6095, 28.7876 ], [ 78.6108, 28.7826 ], [ 78.6181, 28.784 ], [ 78.6245, 28.7804 ], [ 78.6287, 28.7873 ], [ 78.6334, 28.7862 ], [ 78.6454, 28.7754 ], [ 78.646, 28.7696 ], [ 78.6535, 28.7666 ], [ 78.6448, 28.7621 ], [ 78.6521, 28.7575 ], [ 78.6511, 28.7527 ], [ 78.6399, 28.7512 ], [ 78.6362, 28.7375 ], [ 78.6375, 28.6978 ], [ 78.6205, 28.6752 ], [ 78.6298, 28.675 ], [ 78.6283, 28.6707 ], [ 78.6425, 28.6622 ], [ 78.6505, 28.6512 ], [ 78.667, 28.6524 ], [ 78.674, 28.6375 ], [ 78.6699, 28.6208 ], [ 78.6872, 28.6176 ], [ 78.697, 28.6085 ], [ 78.6899, 28.595 ], [ 78.6934, 28.5925 ], [ 78.6929, 28.584 ], [ 78.6816, 28.5896 ], [ 78.6724, 28.5886 ], [ 78.6754, 28.5813 ], [ 78.6718, 28.5764 ], [ 78.673, 28.5667 ], [ 78.6562, 28.5575 ], [ 78.6595, 28.5308 ], [ 78.6559, 28.5233 ], [ 78.668, 28.5047 ], [ 78.67, 28.4809 ], [ 78.6803, 28.4724 ], [ 78.6769, 28.4625 ], [ 78.6844, 28.4491 ], [ 78.6786, 28.4249 ], [ 78.6979, 28.4095 ], [ 78.7107, 28.4078 ], [ 78.7232, 28.4111 ], [ 78.7186, 28.3882 ], [ 78.6898, 28.3788 ], [ 78.6809, 28.3624 ], [ 78.6697, 28.3521 ], [ 78.6496, 28.3529 ], [ 78.64, 28.3432 ], [ 78.635, 28.3444 ], [ 78.6282, 28.3393 ], [ 78.6165, 28.3463 ], [ 78.6098, 28.3429 ], [ 78.6018, 28.3455 ], [ 78.6013, 28.3503 ], [ 78.5871, 28.3573 ], [ 78.5683, 28.3496 ], [ 78.5503, 28.3628 ], [ 78.5348, 28.3601 ], [ 78.5149, 28.3639 ], [ 78.497, 28.3823 ], [ 78.4831, 28.3864 ], [ 78.4839, 28.421 ], [ 78.4655, 28.4346 ], [ 78.4471, 28.4423 ], [ 78.4435, 28.4504 ], [ 78.4476, 28.4569 ], [ 78.4456, 28.4612 ], [ 78.4331, 28.4727 ], [ 78.4087, 28.4643 ], [ 78.405, 28.4673 ], [ 78.4177, 28.4851 ], [ 78.4145, 28.503 ], [ 78.4182, 28.5121 ], [ 78.4072, 28.5219 ], [ 78.4105, 28.532 ], [ 78.4239, 28.5426 ], [ 78.4134, 28.5541 ], [ 78.4187, 28.5645 ], [ 78.4176, 28.5766 ], [ 78.4262, 28.5886 ], [ 78.4132, 28.5969 ], [ 78.4158, 28.6119 ], [ 78.4119, 28.6151 ], [ 78.4004, 28.6145 ], [ 78.3975, 28.6332 ], [ 78.3903, 28.6453 ], [ 78.3896, 28.6497 ], [ 78.3985, 28.6596 ], [ 78.4074, 28.6615 ], [ 78.4088, 28.6709 ], [ 78.4051, 28.682 ], [ 78.3927, 28.6872 ], [ 78.4006, 28.6963 ], [ 78.4005, 28.7246 ], [ 78.3946, 28.7341 ], [ 78.3957, 28.7433 ], [ 78.403, 28.7485 ], [ 78.403, 28.7527 ], [ 78.402, 28.761 ], [ 78.3885, 28.7698 ], [ 78.3867, 28.7758 ], [ 78.4027, 28.7846 ] ] ] } },
{ "type": "Feature", "properties": { "unit_id": "IND.34.65.1_1", "unit_name": "Khalilabad", "district": "Sant Kabir Nagar", "did": "uttar_pradesh:Sant Kabir Nagar", "state": "Uttar Pradesh", "state_key": "uttar_pradesh", "name_ok": true }, "geometry": { "type": "Polygon", "coordinates": [ [ [ 83.0293, 26.4475 ], [ 83.0152, 26.4774 ], [ 82.9653, 26.4972 ], [ 82.9466, 26.5094 ], [ 82.9348, 26.5105 ], [ 82.8937, 26.5443 ], [ 82.893, 26.5589 ], [ 82.9093, 26.554 ], [ 82.9092, 26.5618 ], [ 82.9025, 26.5677 ], [ 82.9019, 26.5797 ], [ 82.8941, 26.5788 ], [ 82.894, 26.5862 ], [ 82.886, 26.5839 ], [ 82.8792, 26.6139 ], [ 82.8875, 26.6164 ], [ 82.8921, 26.6283 ], [ 82.8993, 26.6316 ], [ 82.8997, 26.6387 ], [ 82.9157, 26.6269 ], [ 82.9245, 26.6254 ], [ 82.9177, 26.6409 ], [ 82.9114, 26.6418 ], [ 82.9107, 26.6485 ], [ 82.9057, 26.6508 ], [ 82.9084, 26.6592 ], [ 82.9149, 26.6606 ], [ 82.9221, 26.6714 ], [ 82.9354, 26.6814 ], [ 82.9436, 26.6821 ], [ 82.9427, 26.6774 ], [ 82.9496, 26.6744 ], [ 82.9622, 26.6768 ], [ 82.9556, 26.6868 ], [ 82.9591, 26.6947 ], [ 82.9656, 26.696 ], [ 82.9687, 26.714 ], [ 82.9497, 26.7378 ], [ 82.9529, 26.746 ], [ 82.9423, 26.7534 ], [ 82.9439, 26.756 ], [ 82.9341, 26.7574 ], [ 82.9337, 26.7648 ], [ 82.9219, 26.7717 ], [ 82.9123, 26.7658 ], [ 82.9171, 26.7868 ], [ 82.9241, 26.799 ], [ 82.8993, 26.7879 ], [ 82.8953, 26.7923 ], [ 82.8869, 26.7863 ], [ 82.8739, 26.788 ], [ 82.8767, 26.7974 ], [ 82.8719, 26.8016 ], [ 82.8787, 26.822 ], [ 82.873, 26.8276 ], [ 82.873, 26.8352 ], [ 82.8644, 26.8387 ], [ 82.8509, 26.8356 ], [ 82.8445, 26.8387 ], [ 82.8422, 26.845 ], [ 82.8302, 26.8494 ], [ 82.8187, 26.8454 ], [ 82.8185, 26.8608 ], [ 82.8323, 26.8632 ], [ 82.8289, 26.871 ], [ 82.8389, 26.8812 ], [ 82.8631, 26.8827 ], [ 82.8476, 26.9009 ], [ 82.8566, 26.903 ], [ 82.8616, 26.9083 ], [ 82.8627, 26.9202 ], [ 82.852, 26.9215 ], [ 82.8473, 26.9175 ], [ 82.8417, 26.924 ], [ 82.844, 26.9298 ], [ 82.8549, 26.9294 ], [ 82.8601, 26.9442 ], [ 82.8694, 26.9494 ], [ 82.8764, 26.9451 ], [ 82.8738, 26.935 ], [ 82.8894, 26.9326 ], [ 82.902, 26.9227 ], [ 82.9202, 26.9251 ], [ 82.932, 26.9201 ], [ 82.9524, 26.9166 ], [ 82.9579, 26.9185 ], [ 82.9632, 26.9142 ], [ 82.9776, 26.9197 ], [ 82.9954, 26.9157 ], [ 83.0007, 26.919 ], [ 82.998, 26.9244 ], [ 83.0077, 26.9407 ], [ 83.0181, 26.9425 ], [ 83.0141, 26.9481 ], [ 83.0198, 26.9582 ], [ 83.024, 26.9618 ], [ 83.0339, 26.9614 ], [ 83.0335, 26.9958 ], [ 83.0432, 27.0039 ], [ 83.0448, 27.0115 ], [ 83.051, 27.0115 ], [ 83.0582, 27.0052 ], [ 83.065, 27.0092 ], [ 83.063, 27.0182 ], [ 83.0796, 27.0189 ], [ 83.0722, 27.0351 ], [ 83.0773, 27.0404 ], [ 83.0828, 27.0388 ], [ 83.0921, 27.0239 ], [ 83.1049, 27.0245 ], [ 83.1128, 27.04 ], [ 83.1231, 27.0503 ], [ 83.1407, 27.0442 ], [ 83.13, 27.0256 ], [ 83.1399, 27.0261 ], [ 83.1338, 27.0205 ], [ 83.1367, 27.0071 ], [ 83.1431, 27.0146 ], [ 83.1523, 27.0073 ], [ 83.1487, 27.0151 ], [ 83.1541, 27.0185 ], [ 83.1548, 27.0138 ], [ 83.1654, 27.0119 ], [ 83.1586, 27.0041 ], [ 83.197, 27.0207 ], [ 83.2069, 27.0201 ], [ 83.2036, 27.0042 ], [ 83.2167, 26.9904 ], [ 83.2165, 26.9825 ], [ 83.2009, 26.9717 ], [ 83.1864, 26.9713 ], [ 83.199, 26.958 ], [ 83.1862, 26.9482 ], [ 83.1925, 26.9444 ], [ 83.2066, 26.9521 ], [ 83.2157, 26.9464 ], [ 83.2177, 26.9404 ], [ 83.2105, 26.9359 ], [ 83.2048, 26.9405 ], [ 83.2005, 26.939 ], [ 83.2002, 26.929 ], [ 83.2132, 26.915 ], [ 83.21, 26.9108 ], [ 83.1955, 26.9113 ], [ 83.2063, 26.9023 ], [ 83.2075, 26.8877 ], [ 83.1656, 26.8802 ], [ 83.159, 26.8846 ], [ 83.1478, 26.8754 ], [ 83.1296, 26.8933 ], [ 83.1276, 26.8908 ], [ 83.1229, 26.861 ], [ 83.1105, 26.8447 ], [ 83.1108, 26.8378 ], [ 83.1158, 26.8337 ], [ 83.1109, 26.8224 ], [ 83.105, 26.8155 ], [ 83.0906, 26.8113 ], [ 83.1035, 26.7936 ], [ 83.1031, 26.77 ], [ 83.108, 26.7676 ], [ 83.119, 26.7698 ], [ 83.1226, 26.7799 ], [ 83.1265, 26.7808 ], [ 83.1348, 26.7708 ], [ 83.1325, 26.7591 ], [ 83.1358, 26.7496 ], [ 83.1231, 26.738 ], [ 83.1242, 26.7314 ], [ 83.1116, 26.7288 ], [ 83.1081, 26.7244 ], [ 83.0983, 26.7265 ], [ 83.0999, 26.7153 ], [ 83.0919, 26.7218 ], [ 83.0845, 26.7227 ], [ 83.076, 26.704 ], [ 83.0804, 26.7027 ], [ 83.0806, 26.694 ], [ 83.0909, 26.6869 ], [ 83.1048, 26.69 ], [ 83.1076, 26.6875 ], [ 83.0973, 26.675 ], [ 83.0937, 26.6621 ], [ 83.1192, 26.6625 ], [ 83.123, 26.6583 ], [ 83.1256, 26.6364 ], [ 83.1184, 26.6272 ], [ 83.0998, 26.6191 ], [ 83.1106, 26.5974 ], [ 83.1157, 26.6002 ], [ 83.1277, 26.5984 ], [ 83.1363, 26.5702 ], [ 83.1317, 26.5656 ], [ 83.1397, 26.5586 ], [ 83.1454, 26.5456 ], [ 83.162, 26.5337 ], [ 83.1735, 26.53 ], [ 83.1815, 26.5354 ], [ 83.196, 26.5274 ], [ 83.1879, 26.5201 ], [ 83.1872, 26.5009 ], [ 83.1806, 26.4922 ], [ 83.1592, 26.5093 ], [ 83.132, 26.4983 ], [ 83.0874, 26.4871 ], [ 83.0769, 26.4717 ], [ 83.0886, 26.4575 ], [ 83.0867, 26.4284 ], [ 83.0788, 26.424 ], [ 83.0731, 26.425 ], [ 83.0727, 26.4187 ], [ 83.0614, 26.4112 ], [ 83.0293, 26.4475 ] ] ] } },
{ "type": "Feature", "properties": { "unit_id": "IND.34.66.1_1", "unit_name": "Gyanpur", "district": "Sant Ravi Das Nagar", "did": "uttar_pradesh:Sant Ravi Das Nagar", "state": "Uttar Pradesh", "state_key": "uttar_pradesh", "name_ok": true }, "geometry": { "type": "Polygon", "coordinates": [ [ [ 82.244, 25.2769 ], [ 82.2555, 25.2955 ], [ 82.2818, 25.3029 ], [ 82.2936, 25.3112 ], [ 82.2948, 25.3279 ], [ 82.3054, 25.3332 ], [ 82.3107, 25.3434 ], [ 82.3075, 25.3601 ], [ 82.2998, 25.3712 ], [ 82.3113, 25.3857 ], [ 82.3039, 25.3893 ], [ 82.3063, 25.3948 ], [ 82.3092, 25.4004 ], [ 82.3186, 25.3959 ], [ 82.322, 25.4049 ], [ 82.333, 25.404 ], [ 82.3447, 25.4218 ], [ 82.3283, 25.452 ], [ 82.3174, 25.4524 ], [ 82.3146, 25.4593 ], [ 82.302, 25.4643 ], [ 82.3042, 25.4791 ], [ 82.3012, 25.487 ], [ 82.2811, 25.4854 ], [ 82.2753, 25.4907 ], [ 82.2795, 25.503 ], [ 82.2967, 25.4985 ], [ 82.3086, 25.5046 ], [ 82.3045, 25.5106 ], [ 82.2873, 25.5175 ], [ 82.2939, 25.5244 ], [ 82.3077, 25.5256 ], [ 82.3228, 25.5014 ], [ 82.3308, 25.5155 ], [ 82.3198, 25.5292 ], [ 82.3217, 25.5392 ], [ 82.3406, 25.5313 ], [ 82.3439, 25.5176 ], [ 82.3579, 25.5116 ], [ 82.3678, 25.5119 ], [ 82.3627, 25.5214 ], [ 82.3836, 25.5161 ], [ 82.3879, 25.5245 ], [ 82.4036, 25.4934 ], [ 82.4103, 25.5004 ], [ 82.4059, 25.5073 ], [ 82.4176, 25.519 ], [ 82.4359, 25.52 ], [ 82.4404, 25.498 ], [ 82.471, 25.4892 ], [ 82.4576, 25.477 ], [ 82.4612, 25.471 ], [ 82.4831, 25.4797 ], [ 82.4944, 25.4776 ], [ 82.5057, 25.4558 ], [ 82.5062, 25.4446 ], [ 82.532, 25.4397 ], [ 82.5421, 25.4412 ], [ 82.5455, 25.4506 ], [ 82.5342, 25.4562 ], [ 82.5334, 25.4651 ], [ 82.5504, 25.4588 ], [ 82.5563, 25.4496 ], [ 82.5577, 25.4263 ], [ 82.562, 25.418 ], [ 82.5688, 25.419 ], [ 82.5738, 25.4298 ], [ 82.5723, 25.4543 ], [ 82.5979, 25.4533 ], [ 82.603, 25.4505 ], [ 82.605, 25.4433 ], [ 82.5906, 25.4201 ], [ 82.6085, 25.4196 ], [ 82.6306, 25.4088 ], [ 82.6268, 25.4034 ], [ 82.613, 25.4066 ], [ 82.6085, 25.4021 ], [ 82.6101, 25.3968 ], [ 82.6193, 25.3954 ], [ 82.6461, 25.4018 ], [ 82.6678, 25.4024 ], [ 82.7023, 25.3902 ], [ 82.6969, 25.3637 ], [ 82.6912, 25.3702 ], [ 82.6741, 25.3554 ], [ 82.68, 25.3352 ], [ 82.6923, 25.3298 ], [ 82.6954, 25.3243 ], [ 82.6917, 25.3149 ], [ 82.6852, 25.311 ], [ 82.6824, 25.286 ], [ 82.6787, 25.2817 ], [ 82.6668, 25.2838 ], [ 82.6636, 25.2509 ], [ 82.6486, 25.2634 ], [ 82.6362, 25.2606 ], [ 82.6288, 25.2211 ], [ 82.6077, 25.2301 ], [ 82.606, 25.2478 ], [ 82.5779, 25.2539 ], [ 82.5683, 25.2523 ], [ 82.5664, 25.245 ], [ 82.56, 25.2488 ], [ 82.5487, 25.2418 ], [ 82.4843, 25.2454 ], [ 82.4678, 25.2496 ], [ 82.4587, 25.2261 ], [ 82.4424, 25.2234 ], [ 82.4398, 25.2345 ], [ 82.3931, 25.2624 ], [ 82.3847, 25.2644 ], [ 82.3763, 25.2609 ], [ 82.3686, 25.2516 ], [ 82.3522, 25.2169 ], [ 82.3426, 25.2125 ], [ 82.3325, 25.2126 ], [ 82.3225, 25.2168 ], [ 82.3167, 25.2245 ], [ 82.306, 25.2611 ], [ 82.2915, 25.2746 ], [ 82.2764, 25.2778 ], [ 82.2645, 25.2759 ], [ 82.2516, 25.2675 ], [ 82.2366, 25.2409 ], [ 82.2324, 25.2239 ], [ 82.2358, 25.2175 ], [ 82.2771, 25.2045 ], [ 82.2805, 25.1944 ], [ 82.2624, 25.1845 ], [ 82.2243, 25.1838 ], [ 82.2076, 25.1866 ], [ 82.1964, 25.1934 ], [ 82.1862, 25.2192 ], [ 82.191, 25.2358 ], [ 82.2039, 25.2528 ], [ 82.2139, 25.2786 ], [ 82.244, 25.2769 ] ] ] } },
{ "type": "Feature", "properties": { "unit_id": "IND.34.67.1_1", "unit_name": "Jalalabad", "district": "Shahjahanpur", "did": "uttar_pradesh:Shahjahanpur", "state": "Uttar Pradesh", "state_key": "uttar_pradesh", "name_ok": true }, "geometry": { "type": "Polygon", "coordinates": [ [ [ 79.3456, 27.6682 ], [ 79.3442, 27.6755 ], [ 79.334, 27.6846 ], [ 79.3329, 27.6999 ], [ 79.3281, 27.7056 ], [ 79.3301, 27.7157 ], [ 79.3213, 27.734 ], [ 79.3278, 27.74 ], [ 79.3489, 27.7435 ], [ 79.3472, 27.7581 ], [ 79.3394, 27.7603 ], [ 79.34, 27.769 ], [ 79.3465, 27.7961 ], [ 79.3568, 27.8089 ], [ 79.3645, 27.8103 ], [ 79.3647, 27.823 ], [ 79.3763, 27.8277 ], [ 79.3821, 27.8233 ], [ 79.3921, 27.8294 ], [ 79.3969, 27.8475 ], [ 79.4032, 27.8477 ], [ 79.4128, 27.8393 ], [ 79.4304, 27.8499 ], [ 79.4389, 27.8418 ], [ 79.4459, 27.8462 ], [ 79.4495, 27.8547 ], [ 79.4586, 27.8539 ], [ 79.4674, 27.8481 ], [ 79.4761, 27.8486 ], [ 79.4759, 27.8533 ], [ 79.4644, 27.8645 ], [ 79.4818, 27.8765 ], [ 79.4926, 27.8665 ], [ 79.5159, 27.8805 ], [ 79.5384, 27.8875 ], [ 79.5457, 27.8938 ], [ 79.5517, 27.9094 ], [ 79.554, 27.8942 ], [ 79.5687, 27.886 ], [ 79.5671, 27.8772 ], [ 79.5714, 27.8701 ], [ 79.5818, 27.8695 ], [ 79.5932, 27.8574 ], [ 79.598, 27.8401 ], [ 79.5962, 27.8303 ], [ 79.6277, 27.8204 ], [ 79.6344, 27.8147 ], [ 79.6383, 27.8002 ], [ 79.6349, 27.7846 ], [ 79.6424, 27.7716 ], [ 79.657, 27.7685 ], [ 79.6799, 27.7716 ], [ 79.6976, 27.7441 ], [ 79.7263, 27.7218 ], [ 79.7186, 27.6782 ], [ 79.689, 27.6623 ], [ 79.6782, 27.6394 ], [ 79.6809, 27.6247 ], [ 79.691, 27.6218 ], [ 79.6896, 27.6091 ], [ 79.6938, 27.5964 ], [ 79.7047, 27.5939 ], [ 79.7062, 27.572 ], [ 79.699, 27.5527 ], [ 79.7125, 27.547 ], [ 79.7201, 27.5385 ], [ 79.72, 27.5194 ], [ 79.7242, 27.511 ], [ 79.7206, 27.505 ], [ 79.7223, 27.4922 ], [ 79.7064, 27.4791 ], [ 79.6994, 27.4822 ], [ 79.6899, 27.4773 ], [ 79.6933, 27.4965 ], [ 79.6539, 27.5013 ], [ 79.6558, 27.5095 ], [ 79.6479, 27.5126 ], [ 79.6523, 27.5436 ], [ 79.6461, 27.5806 ], [ 79.6346, 27.5824 ], [ 79.6327, 27.5858 ], [ 79.6387, 27.6041 ], [ 79.6489, 27.6155 ], [ 79.6423, 27.6238 ], [ 79.6474, 27.6404 ], [ 79.6388, 27.6386 ], [ 79.6432, 27.6468 ], [ 79.6205, 27.6403 ], [ 79.6084, 27.624 ], [ 79.5881, 27.6203 ], [ 79.5892, 27.6111 ], [ 79.6005, 27.605 ], [ 79.6025, 27.5991 ], [ 79.5844, 27.604 ], [ 79.5802, 27.597 ], [ 79.5462, 27.5942 ], [ 79.5438, 27.6032 ], [ 79.5338, 27.6029 ], [ 79.5229, 27.597 ], [ 79.5106, 27.6045 ], [ 79.4994, 27.5954 ], [ 79.492, 27.5951 ], [ 79.4703, 27.6024 ], [ 79.4751, 27.6157 ], [ 79.4677, 27.6295 ], [ 79.4541, 27.6393 ], [ 79.4455, 27.6393 ], [ 79.4346, 27.6457 ], [ 79.4172, 27.6337 ], [ 79.3852, 27.6511 ], [ 79.3658, 27.6473 ], [ 79.363, 27.6534 ], [ 79.3365, 27.6539 ], [ 79.3456, 27.6682 ] ] ] } },
{ "type": "Feature", "properties": { "unit_id": "IND.34.67.2_1", "unit_name": "Pawayan", "district": "Shahjahanpur", "did": "uttar_pradesh:Shahjahanpur", "state": "Uttar Pradesh", "state_key": "uttar_pradesh", "name_ok": true }, "geometry": { "type": "Polygon", "coordinates": [ [ [ 80.3261, 28.4179 ], [ 80.3369, 28.413 ], [ 80.3472, 28.3892 ], [ 80.351, 28.3587 ], [ 80.3598, 28.3485 ], [ 80.357, 28.3379 ], [ 80.3227, 28.3019 ], [ 80.2958, 28.2644 ], [ 80.3027, 28.2483 ], [ 80.2974, 28.2296 ], [ 80.2888, 28.2188 ], [ 80.2882, 28.1998 ], [ 80.2918, 28.1935 ], [ 80.2934, 28.1959 ], [ 80.2984, 28.1926 ], [ 80.3005, 28.1865 ], [ 80.2925, 28.1718 ], [ 80.2908, 28.1579 ], [ 80.2727, 28.1624 ], [ 80.2672, 28.1556 ], [ 80.2522, 28.1572 ], [ 80.2457, 28.1618 ], [ 80.24, 28.1564 ], [ 80.2328, 28.1352 ], [ 80.2383, 28.123 ], [ 80.2376, 28.1018 ], [ 80.2484, 28.0869 ], [ 80.2348, 28.0595 ], [ 80.2193, 28.0625 ], [ 80.1961, 28.036 ], [ 80.1784, 28.0234 ], [ 80.1665, 28.0286 ], [ 80.161, 28.0242 ], [ 80.1639, 28.0212 ], [ 80.1471, 28.0102 ], [ 80.1482, 28.0076 ], [ 80.1128, 28.0022 ], [ 80.1056, 27.9805 ], [ 80.0908, 27.9734 ], [ 80.0942, 27.9699 ], [ 80.0778, 27.9588 ], [ 80.0778, 27.9392 ], [ 80.0714, 27.9326 ], [ 80.0546, 27.9267 ], [ 80.0497, 27.9294 ], [ 80.056, 27.937 ], [ 80.0492, 27.9393 ], [ 80.035, 27.9305 ], [ 80.0169, 27.927 ], [ 80.0159, 27.9101 ], [ 79.9859, 27.9068 ], [ 79.9717, 27.9195 ], [ 79.9744, 27.9219 ], [ 79.9716, 27.9248 ], [ 79.9826, 27.938 ], [ 79.9719, 27.9419 ], [ 79.9718, 27.9503 ], [ 79.9637, 27.965 ], [ 79.9491, 27.9691 ], [ 79.9406, 27.9629 ], [ 79.9314, 27.9675 ], [ 79.9276, 27.9653 ], [ 79.9218, 27.9705 ], [ 79.9121, 27.9609 ], [ 79.9061, 27.9643 ], [ 79.8915, 27.9755 ], [ 79.896, 27.9936 ], [ 79.8911, 27.9999 ], [ 79.8581, 28.0068 ], [ 79.856, 28.0334 ], [ 79.8497, 28.0358 ], [ 79.8535, 28.0505 ], [ 79.8611, 28.0534 ], [ 79.874, 28.0496 ], [ 79.8814, 28.0595 ], [ 79.891, 28.0637 ], [ 79.9026, 28.0892 ], [ 79.8984, 28.1003 ], [ 79.8913, 28.1015 ], [ 79.8907, 28.0938 ], [ 79.8627, 28.1114 ], [ 79.8595, 28.1198 ], [ 79.8615, 28.1298 ], [ 79.8519, 28.1441 ], [ 79.8672, 28.1361 ], [ 79.8768, 28.1436 ], [ 79.8958, 28.1462 ], [ 79.9105, 28.1347 ], [ 79.9222, 28.1305 ], [ 79.9264, 28.1219 ], [ 79.9473, 28.1247 ], [ 79.9464, 28.1329 ], [ 79.9541, 28.1486 ], [ 79.9542, 28.1736 ], [ 79.9457, 28.1974 ], [ 79.9449, 28.2522 ], [ 79.9316, 28.3192 ], [ 79.9462, 28.3373 ], [ 79.9766, 28.342 ], [ 79.9967, 28.3506 ], [ 80.0032, 28.3683 ], [ 80.0483, 28.3539 ], [ 80.0548, 28.3417 ], [ 80.0612, 28.3382 ], [ 80.0792, 28.3695 ], [ 80.0883, 28.3725 ], [ 80.0918, 28.3787 ], [ 80.0888, 28.3863 ], [ 80.0965, 28.3894 ], [ 80.1149, 28.389 ], [ 80.1177, 28.3936 ], [ 80.1331, 28.3929 ], [ 80.1451, 28.3869 ], [ 80.1559, 28.3757 ], [ 80.1604, 28.3582 ], [ 80.1715, 28.3561 ], [ 80.1771, 28.3508 ], [ 80.1902, 28.3572 ], [ 80.1932, 28.3868 ], [ 80.2027, 28.392 ], [ 80.2227, 28.3892 ], [ 80.2404, 28.4141 ], [ 80.24, 28.428 ], [ 80.228, 28.4499 ], [ 80.2306, 28.4587 ], [ 80.2546, 28.463 ], [ 80.2896, 28.4593 ], [ 80.3261, 28.4179 ] ] ] } },
{ "type": "Feature", "properties": { "unit_id": "IND.34.67.3_1", "unit_name": "Shahjahanpur", "district": "Shahjahanpur", "did": "uttar_pradesh:Shahjahanpur", "state": "Uttar Pradesh", "state_key": "uttar_pradesh", "name_ok": true }, "geometry": { "type": "Polygon", "coordinates": [ [ [ 80.0488, 27.7671 ], [ 80.0635, 27.7562 ], [ 80.0549, 27.7491 ], [ 80.0342, 27.7485 ], [ 80.0268, 27.7398 ], [ 80.0178, 27.7497 ], [ 80.0079, 27.7362 ], [ 80.0038, 27.7386 ], [ 79.9958, 27.7324 ], [ 79.9896, 27.7344 ], [ 79.9765, 27.7317 ], [ 79.9558, 27.7357 ], [ 79.9355, 27.7197 ], [ 79.9221, 27.7182 ], [ 79.9036, 27.7265 ], [ 79.9009, 27.7201 ], [ 79.9079, 27.709 ], [ 79.8916, 27.7064 ], [ 79.8772, 27.7097 ], [ 79.8713, 27.7059 ], [ 79.8723, 27.6829 ], [ 79.8557, 27.6584 ], [ 79.8418, 27.6557 ], [ 79.8157, 27.6594 ], [ 79.7987, 27.6659 ], [ 79.7808, 27.682 ], [ 79.7562, 27.7186 ], [ 79.7471, 27.7246 ], [ 79.731, 27.7276 ], [ 79.7263, 27.7218 ], [ 79.6976, 27.7441 ], [ 79.6799, 27.7716 ], [ 79.657, 27.7685 ], [ 79.6424, 27.7716 ], [ 79.6349, 27.7846 ], [ 79.6383, 27.8002 ], [ 79.6344, 27.8147 ], [ 79.6277, 27.8204 ], [ 79.5962, 27.8303 ], [ 79.598, 27.8401 ], [ 79.5932, 27.8574 ], [ 79.6208, 27.8676 ], [ 79.6285, 27.8784 ], [ 79.6556, 27.8816 ], [ 79.6592, 27.8858 ], [ 79.6566, 27.893 ], [ 79.6709, 27.9085 ], [ 79.6847, 27.9168 ], [ 79.7126, 27.9203 ], [ 79.7368, 27.9074 ], [ 79.7442, 27.9089 ], [ 79.7538, 27.904 ], [ 79.7669, 27.9105 ], [ 79.7736, 27.9416 ], [ 79.7843, 27.9447 ], [ 79.785, 27.9536 ], [ 79.7973, 27.9647 ], [ 79.789, 27.9929 ], [ 79.8212, 28.0057 ], [ 79.8255, 28.0315 ], [ 79.8294, 28.0344 ], [ 79.847, 28.0317 ], [ 79.8497, 28.0358 ], [ 79.856, 28.0334 ], [ 79.8581, 28.0068 ], [ 79.8911, 27.9999 ], [ 79.8954, 27.9954 ], [ 79.8915, 27.9755 ], [ 79.9003, 27.9683 ], [ 79.9121, 27.9609 ], [ 79.9218, 27.9705 ], [ 79.9276, 27.9653 ], [ 79.9314, 27.9675 ], [ 79.9406, 27.9629 ], [ 79.9491, 27.9691 ], [ 79.9637, 27.965 ], [ 79.9718, 27.9503 ], [ 79.9719, 27.9419 ], [ 79.9826, 27.938 ], [ 79.9716, 27.9248 ], [ 79.9744, 27.9219 ], [ 79.9717, 27.9195 ], [ 79.9859, 27.9068 ], [ 80.0159, 27.9101 ], [ 80.0212, 27.888 ], [ 80.0308, 27.8837 ], [ 80.0439, 27.8708 ], [ 80.0472, 27.859 ], [ 80.0379, 27.8476 ], [ 80.0252, 27.8419 ], [ 80.024, 27.8353 ], [ 80.0302, 27.8298 ], [ 80.0441, 27.8294 ], [ 80.0443, 27.8249 ], [ 80.0352, 27.818 ], [ 80.0415, 27.8137 ], [ 80.0391, 27.8054 ], [ 80.0525, 27.7761 ], [ 80.0488, 27.7671 ] ] ] } },
{ "type": "Feature", "properties": { "unit_id": "IND.34.67.4_1", "unit_name": "Tilhar", "district": "Shahjahanpur", "did": "uttar_pradesh:Shahjahanpur", "state": "Uttar Pradesh", "state_key": "uttar_pradesh", "name_ok": true }, "geometry": { "type": "Polygon", "coordinates": [ [ [ 79.4983, 28.0416 ], [ 79.4962, 28.0505 ], [ 79.5067, 28.0543 ], [ 79.518, 28.0653 ], [ 79.5225, 28.0622 ], [ 79.5283, 28.0644 ], [ 79.5385, 28.0753 ], [ 79.5509, 28.0738 ], [ 79.5654, 28.083 ], [ 79.5754, 28.0968 ], [ 79.5912, 28.0877 ], [ 79.6207, 28.0921 ], [ 79.6242, 28.1086 ], [ 79.6211, 28.1225 ], [ 79.6272, 28.128 ], [ 79.6155, 28.1402 ], [ 79.6116, 28.1598 ], [ 79.6175, 28.1624 ], [ 79.6234, 28.1855 ], [ 79.6356, 28.1985 ], [ 79.6298, 28.2065 ], [ 79.6315, 28.2149 ], [ 79.6427, 28.2212 ], [ 79.6549, 28.2196 ], [ 79.6611, 28.2271 ], [ 79.6569, 28.2429 ], [ 79.6725, 28.2545 ], [ 79.6679, 28.2694 ], [ 79.6741, 28.2691 ], [ 79.6909, 28.2534 ], [ 79.6959, 28.2403 ], [ 79.7199, 28.2393 ], [ 79.7255, 28.2353 ], [ 79.7268, 28.2262 ], [ 79.7172, 28.2249 ], [ 79.7035, 28.2111 ], [ 79.7084, 28.2038 ], [ 79.7236, 28.2017 ], [ 79.7197, 28.1943 ], [ 79.7109, 28.1903 ], [ 79.7135, 28.1856 ], [ 79.735, 28.191 ], [ 79.7471, 28.1791 ], [ 79.7708, 28.1658 ], [ 79.7799, 28.1746 ], [ 79.7916, 28.1746 ], [ 79.8108, 28.2056 ], [ 79.802, 28.2259 ], [ 79.7998, 28.2428 ], [ 79.8205, 28.2454 ], [ 79.8334, 28.2367 ], [ 79.8294, 28.2146 ], [ 79.8389, 28.2065 ], [ 79.8468, 28.2073 ], [ 79.8568, 28.202 ], [ 79.853, 28.1944 ], [ 79.8736, 28.1883 ], [ 79.8765, 28.184 ], [ 79.8738, 28.1726 ], [ 79.865, 28.161 ], [ 79.8708, 28.1594 ], [ 79.8698, 28.1571 ], [ 79.8547, 28.1605 ], [ 79.8519, 28.1441 ], [ 79.8615, 28.1298 ], [ 79.8595, 28.1198 ], [ 79.8627, 28.1114 ], [ 79.8907, 28.0938 ], [ 79.8913, 28.1015 ], [ 79.8984, 28.1003 ], [ 79.9025, 28.0856 ], [ 79.891, 28.0637 ], [ 79.8814, 28.0595 ], [ 79.874, 28.0496 ], [ 79.8584, 28.0524 ], [ 79.852, 28.0479 ], [ 79.847, 28.0317 ], [ 79.8294, 28.0344 ], [ 79.8255, 28.0315 ], [ 79.8212, 28.0057 ], [ 79.789, 27.9929 ], [ 79.7973, 27.9647 ], [ 79.785, 27.9536 ], [ 79.7843, 27.9447 ], [ 79.7736, 27.9416 ], [ 79.7681, 27.9277 ], [ 79.7695, 27.915 ], [ 79.7563, 27.9041 ], [ 79.7442, 27.9089 ], [ 79.7368, 27.9074 ], [ 79.7126, 27.9203 ], [ 79.6847, 27.9168 ], [ 79.6709, 27.9085 ], [ 79.6566, 27.893 ], [ 79.6592, 27.8858 ], [ 79.6556, 27.8816 ], [ 79.6285, 27.8784 ], [ 79.6208, 27.8676 ], [ 79.5932, 27.8574 ], [ 79.5818, 27.8695 ], [ 79.5714, 27.8701 ], [ 79.5671, 27.8772 ], [ 79.5687, 27.886 ], [ 79.554, 27.8942 ], [ 79.5517, 27.9094 ], [ 79.5457, 27.8938 ], [ 79.5384, 27.8875 ], [ 79.5159, 27.8805 ], [ 79.4926, 27.8665 ], [ 79.4818, 27.8765 ], [ 79.4644, 27.8645 ], [ 79.4502, 27.902 ], [ 79.4593, 27.9329 ], [ 79.4753, 27.935 ], [ 79.4756, 27.9447 ], [ 79.4799, 27.9485 ], [ 79.4589, 27.9732 ], [ 79.4661, 27.9905 ], [ 79.4855, 28.0057 ], [ 79.4907, 28.0228 ], [ 79.4869, 28.0265 ], [ 79.4983, 28.0416 ] ] ] } },
{ "type": "Feature", "properties": { "unit_id": "IND.34.68.1_1", "unit_name": "Budhana", "district": "Shamli", "did": "uttar_pradesh:Shamli", "state": "Uttar Pradesh", "state_key": "uttar_pradesh", "name_ok": true }, "geometry": { "type": "Polygon", "coordinates": [ [ [ 77.1542, 29.3169 ], [ 77.15, 29.3317 ], [ 77.161, 29.3374 ], [ 77.1669, 29.3462 ], [ 77.1718, 29.3381 ], [ 77.1922, 29.3294 ], [ 77.1984, 29.3312 ], [ 77.2069, 29.3443 ], [ 77.2195, 29.3443 ], [ 77.2247, 29.3607 ], [ 77.2294, 29.3568 ], [ 77.2332, 29.3601 ], [ 77.2266, 29.3747 ], [ 77.232, 29.3817 ], [ 77.2472, 29.3794 ], [ 77.252, 29.3819 ], [ 77.2516, 29.3953 ], [ 77.2674, 29.4117 ], [ 77.2971, 29.3958 ], [ 77.3003, 29.4008 ], [ 77.3283, 29.3934 ], [ 77.3272, 29.3853 ], [ 77.3456, 29.3848 ], [ 77.3522, 29.391 ], [ 77.3633, 29.3728 ], [ 77.3728, 29.3664 ], [ 77.3944, 29.3709 ], [ 77.4103, 29.3863 ], [ 77.4138, 29.395 ], [ 77.418, 29.3937 ], [ 77.4092, 29.3588 ], [ 77.3988, 29.345 ], [ 77.3855, 29.3346 ], [ 77.3712, 29.3331 ], [ 77.3531, 29.3141 ], [ 77.3302, 29.3227 ], [ 77.3203, 29.3098 ], [ 77.3198, 29.2879 ], [ 77.3103, 29.276 ], [ 77.285, 29.2903 ], [ 77.2674, 29.2894 ], [ 77.2443, 29.2816 ], [ 77.2287, 29.2853 ], [ 77.196, 29.2794 ], [ 77.1762, 29.2852 ], [ 77.1756, 29.2925 ], [ 77.1714, 29.2956 ], [ 77.1423, 29.3015 ], [ 77.1542, 29.3169 ] ] ] } },
{ "type": "Feature", "properties": { "unit_id": "IND.34.68.2_1", "unit_name": "Kairana", "district": "Shamli", "did": "uttar_pradesh:Shamli", "state": "Uttar Pradesh", "state_key": "uttar_pradesh", "name_ok": true }, "geometry": { "type": "Polygon", "coordinates": [ [ [ 77.1143, 29.4619 ], [ 77.1154, 29.4754 ], [ 77.1233, 29.4861 ], [ 77.1199, 29.4973 ], [ 77.0976, 29.512 ], [ 77.0849, 29.5336 ], [ 77.0894, 29.5447 ], [ 77.1097, 29.553 ], [ 77.102, 29.577 ], [ 77.0856, 29.6008 ], [ 77.1005, 29.6223 ], [ 77.1011, 29.6331 ], [ 77.1097, 29.6472 ], [ 77.1294, 29.6586 ], [ 77.1313, 29.663 ], [ 77.12, 29.6803 ], [ 77.1255, 29.6969 ], [ 77.1322, 29.6995 ], [ 77.1439, 29.6917 ], [ 77.15, 29.6955 ], [ 77.1911, 29.6846 ], [ 77.1937, 29.6907 ], [ 77.2113, 29.7005 ], [ 77.2608, 29.6714 ], [ 77.2699, 29.67 ], [ 77.2737, 29.679 ], [ 77.2882, 29.6757 ], [ 77.299, 29.6651 ], [ 77.33, 29.6502 ], [ 77.336, 29.6554 ], [ 77.3445, 29.6537 ], [ 77.3554, 29.6593 ], [ 77.3788, 29.6514 ], [ 77.3907, 29.6597 ], [ 77.3981, 29.657 ], [ 77.4055, 29.6625 ], [ 77.421, 29.6548 ], [ 77.4311, 29.6727 ], [ 77.4415, 29.6762 ], [ 77.4597, 29.6622 ], [ 77.4743, 29.6606 ], [ 77.4743, 29.6516 ], [ 77.479, 29.6473 ], [ 77.4752, 29.6287 ], [ 77.4834, 29.6224 ], [ 77.4835, 29.61 ], [ 77.4934, 29.6034 ], [ 77.4766, 29.582 ], [ 77.4887, 29.5725 ], [ 77.483, 29.5671 ], [ 77.47, 29.5657 ], [ 77.472, 29.5516 ], [ 77.4682, 29.541 ], [ 77.4572, 29.542 ], [ 77.4509, 29.538 ], [ 77.4527, 29.5353 ], [ 77.4445, 29.5265 ], [ 77.4621, 29.5171 ], [ 77.4618, 29.5106 ], [ 77.449, 29.5027 ], [ 77.4391, 29.4827 ], [ 77.4267, 29.4731 ], [ 77.4487, 29.4581 ], [ 77.4545, 29.4581 ], [ 77.4561, 29.4517 ], [ 77.4503, 29.4427 ], [ 77.4301, 29.4302 ], [ 77.4263, 29.4058 ], [ 77.4221, 29.4049 ], [ 77.418, 29.3937 ], [ 77.4138, 29.395 ], [ 77.4103, 29.3863 ], [ 77.3944, 29.3709 ], [ 77.3728, 29.3664 ], [ 77.3633, 29.3728 ], [ 77.3522, 29.391 ], [ 77.3456, 29.3848 ], [ 77.3272, 29.3853 ], [ 77.3283, 29.3934 ], [ 77.3003, 29.4008 ], [ 77.2971, 29.3958 ], [ 77.2674, 29.4117 ], [ 77.2516, 29.3953 ], [ 77.252, 29.3819 ], [ 77.2472, 29.3794 ], [ 77.232, 29.3817 ], [ 77.2266, 29.3747 ], [ 77.2332, 29.3601 ], [ 77.2294, 29.3568 ], [ 77.2247, 29.3607 ], [ 77.2195, 29.3443 ], [ 77.2069, 29.3443 ], [ 77.1984, 29.3312 ], [ 77.1922, 29.3294 ], [ 77.1718, 29.3381 ], [ 77.1669, 29.3462 ], [ 77.161, 29.3374 ], [ 77.1539, 29.3355 ], [ 77.1464, 29.3451 ], [ 77.1237, 29.345 ], [ 77.1175, 29.3572 ], [ 77.1169, 29.3767 ], [ 77.1468, 29.3898 ], [ 77.1291, 29.4025 ], [ 77.1259, 29.4106 ], [ 77.1249, 29.4222 ], [ 77.1358, 29.4322 ], [ 77.1394, 29.4421 ], [ 77.1377, 29.4466 ], [ 77.1143, 29.4619 ] ] ] } },
{ "type": "Feature", "properties": { "unit_id": "IND.34.69.1_1", "unit_name": "Bahraich", "district": "Shravasti", "did": "uttar_pradesh:Shravasti", "state": "Uttar Pradesh", "state_key": "uttar_pradesh", "name_ok": true }, "geometry": { "type": "Polygon", "coordinates": [ [ [ 81.7106, 27.3372 ], [ 81.6887, 27.3495 ], [ 81.6906, 27.3579 ], [ 81.7069, 27.3656 ], [ 81.7159, 27.3646 ], [ 81.7261, 27.3682 ], [ 81.7537, 27.3621 ], [ 81.7645, 27.3694 ], [ 81.7613, 27.3732 ], [ 81.7396, 27.3784 ], [ 81.7162, 27.3928 ], [ 81.7054, 27.395 ], [ 81.6957, 27.3906 ], [ 81.6812, 27.392 ], [ 81.6807, 27.3985 ], [ 81.6895, 27.4138 ], [ 81.6854, 27.4252 ], [ 81.6892, 27.4335 ], [ 81.6866, 27.4447 ], [ 81.6967, 27.4675 ], [ 81.6794, 27.4801 ], [ 81.6868, 27.486 ], [ 81.6834, 27.4982 ], [ 81.6686, 27.5086 ], [ 81.6545, 27.503 ], [ 81.6509, 27.5197 ], [ 81.6337, 27.5251 ], [ 81.6382, 27.5387 ], [ 81.635, 27.5419 ], [ 81.6277, 27.5368 ], [ 81.6212, 27.538 ], [ 81.6075, 27.5551 ], [ 81.5988, 27.5539 ], [ 81.5904, 27.5613 ], [ 81.5812, 27.5583 ], [ 81.5731, 27.5658 ], [ 81.5743, 27.5727 ], [ 81.569, 27.5831 ], [ 81.5604, 27.5865 ], [ 81.5551, 27.579 ], [ 81.5475, 27.5823 ], [ 81.5527, 27.6076 ], [ 81.5425, 27.614 ], [ 81.5506, 27.6275 ], [ 81.5464, 27.6332 ], [ 81.5343, 27.6269 ], [ 81.5271, 27.6297 ], [ 81.515, 27.6395 ], [ 81.5199, 27.6437 ], [ 81.5053, 27.6501 ], [ 81.4965, 27.6614 ], [ 81.4876, 27.661 ], [ 81.4818, 27.6536 ], [ 81.4664, 27.6709 ], [ 81.4384, 27.6679 ], [ 81.4366, 27.6802 ], [ 81.4432, 27.6838 ], [ 81.4492, 27.6827 ], [ 81.4526, 27.6975 ], [ 81.4655, 27.7002 ], [ 81.4651, 27.7097 ], [ 81.4751, 27.7213 ], [ 81.4743, 27.7054 ], [ 81.4766, 27.7035 ], [ 81.4816, 27.7079 ], [ 81.4835, 27.7032 ], [ 81.4894, 27.7018 ], [ 81.4901, 27.7143 ], [ 81.4831, 27.7207 ], [ 81.4909, 27.7216 ], [ 81.5064, 27.7153 ], [ 81.517, 27.7294 ], [ 81.5339, 27.7176 ], [ 81.5431, 27.7211 ], [ 81.5424, 27.7132 ], [ 81.5505, 27.7031 ], [ 81.5468, 27.6974 ], [ 81.5358, 27.6978 ], [ 81.5323, 27.6903 ], [ 81.5462, 27.6813 ], [ 81.5571, 27.6572 ], [ 81.5637, 27.6586 ], [ 81.5749, 27.6687 ], [ 81.589, 27.6869 ], [ 81.5556, 27.7177 ], [ 81.553, 27.7389 ], [ 81.5902, 27.7629 ], [ 81.5689, 27.7842 ], [ 81.529, 27.8054 ], [ 81.5211, 27.8427 ], [ 81.4865, 27.8852 ], [ 81.4812, 27.9038 ], [ 81.4838, 27.9411 ], [ 81.5184, 27.949 ], [ 81.553, 27.9437 ], [ 81.6141, 27.9437 ], [ 81.65, 27.9933 ], [ 81.6948, 27.9894 ], [ 81.7958, 27.9072 ], [ 81.825, 27.9025 ], [ 81.8354, 27.8974 ], [ 81.8754, 27.8693 ], [ 81.8868, 27.8572 ], [ 81.904, 27.8537 ], [ 81.928, 27.8596 ], [ 81.9271, 27.8753 ], [ 81.9701, 27.9288 ], [ 82.0729, 27.9225 ], [ 82.0933, 27.8946 ], [ 82.1161, 27.8774 ], [ 82.1252, 27.8648 ], [ 82.1519, 27.8578 ], [ 82.1559, 27.8661 ], [ 82.198, 27.8475 ], [ 82.1905, 27.8115 ], [ 82.1787, 27.7995 ], [ 82.1744, 27.8005 ], [ 82.1721, 27.7947 ], [ 82.1558, 27.7959 ], [ 82.1441, 27.7768 ], [ 82.1342, 27.7717 ], [ 82.1307, 27.7536 ], [ 82.1138, 27.742 ], [ 82.1249, 27.7332 ], [ 82.1202, 27.7201 ], [ 82.124, 27.7169 ], [ 82.1173, 27.712 ], [ 82.119, 27.7066 ], [ 82.1143, 27.6987 ], [ 82.1005, 27.6866 ], [ 82.0946, 27.6878 ], [ 82.0839, 27.6752 ], [ 82.0867, 27.6661 ], [ 82.0741, 27.655 ], [ 82.077, 27.6435 ], [ 82.0675, 27.6323 ], [ 82.0588, 27.6272 ], [ 82.0502, 27.6294 ], [ 82.0457, 27.623 ], [ 82.0344, 27.6185 ], [ 82.0156, 27.5935 ], [ 82.0173, 27.5809 ], [ 82.0252, 27.575 ], [ 82.0234, 27.5573 ], [ 82.0322, 27.5548 ], [ 82.0392, 27.5679 ], [ 82.0453, 27.5584 ], [ 82.0332, 27.5491 ], [ 82.0453, 27.5434 ], [ 82.0454, 27.5401 ], [ 82.0349, 27.5389 ], [ 82.0434, 27.5258 ], [ 82.0432, 27.5063 ], [ 82.0504, 27.5027 ], [ 82.0455, 27.4552 ], [ 82.0561, 27.4462 ], [ 82.0638, 27.4454 ], [ 82.0605, 27.4316 ], [ 82.0751, 27.428 ], [ 82.0654, 27.4118 ], [ 82.0525, 27.4156 ], [ 82.0455, 27.4219 ], [ 82.0342, 27.419 ], [ 82.0289, 27.4231 ], [ 82.0121, 27.4218 ], [ 82.0035, 27.4155 ], [ 81.9933, 27.4161 ], [ 81.9879, 27.4304 ], [ 81.9744, 27.4361 ], [ 81.9696, 27.4446 ], [ 81.9607, 27.4473 ], [ 81.9455, 27.4359 ], [ 81.9437, 27.4407 ], [ 81.9383, 27.4386 ], [ 81.9339, 27.443 ], [ 81.9334, 27.4334 ], [ 81.9223, 27.4253 ], [ 81.9184, 27.4164 ], [ 81.9246, 27.4142 ], [ 81.9237, 27.3996 ], [ 81.9309, 27.3928 ], [ 81.9222, 27.3857 ], [ 81.9151, 27.387 ], [ 81.9058, 27.3786 ], [ 81.9017, 27.3793 ], [ 81.8998, 27.3749 ], [ 81.9059, 27.3638 ], [ 81.9026, 27.3586 ], [ 81.909, 27.3557 ], [ 81.9003, 27.3406 ], [ 81.9111, 27.3353 ], [ 81.9131, 27.3272 ], [ 81.9068, 27.3211 ], [ 81.8917, 27.3263 ], [ 81.8852, 27.3229 ], [ 81.8769, 27.3365 ], [ 81.867, 27.3321 ], [ 81.8642, 27.3376 ], [ 81.8513, 27.3313 ], [ 81.8443, 27.3339 ], [ 81.842, 27.3289 ], [ 81.8389, 27.3294 ], [ 81.8286, 27.3049 ], [ 81.8285, 27.2872 ], [ 81.8195, 27.2838 ], [ 81.8163, 27.2763 ], [ 81.8102, 27.2794 ], [ 81.8057, 27.2719 ], [ 81.7852, 27.2852 ], [ 81.7902, 27.2912 ], [ 81.7863, 27.3004 ], [ 81.7739, 27.2976 ], [ 81.7666, 27.3006 ], [ 81.7702, 27.3096 ], [ 81.7675, 27.3151 ], [ 81.7637, 27.3132 ], [ 81.7579, 27.319 ], [ 81.7511, 27.3176 ], [ 81.736, 27.3334 ], [ 81.727, 27.3372 ], [ 81.7135, 27.3321 ], [ 81.7106, 27.3372 ] ] ] } },
{ "type": "Feature", "properties": { "unit_id": "IND.34.70.1_1", "unit_name": "Bansi", "district": "Siddharth Nagar", "did": "uttar_pradesh:Siddharth Nagar", "state": "Uttar Pradesh", "state_key": "uttar_pradesh", "name_ok": true }, "geometry": { "type": "Polygon", "coordinates": [ [ [ 82.9218, 26.9307 ], [ 82.897, 26.9431 ], [ 82.8976, 26.9542 ], [ 82.9043, 26.9669 ], [ 82.8989, 26.9822 ], [ 82.8911, 26.9864 ], [ 82.8954, 26.99 ], [ 82.8922, 26.9966 ], [ 82.8695, 26.9906 ], [ 82.8696, 26.9809 ], [ 82.8746, 26.9741 ], [ 82.8643, 26.9671 ], [ 82.847, 26.9655 ], [ 82.82, 26.9378 ], [ 82.8113, 26.9371 ], [ 82.8069, 26.9379 ], [ 82.8067, 26.9493 ], [ 82.8001, 26.9417 ], [ 82.7912, 26.9468 ], [ 82.8036, 26.9566 ], [ 82.805, 26.9793 ], [ 82.8004, 26.9793 ], [ 82.7973, 26.9681 ], [ 82.7784, 26.983 ], [ 82.7698, 26.9862 ], [ 82.7607, 26.9841 ], [ 82.76, 26.9903 ], [ 82.7651, 26.996 ], [ 82.7513, 26.9912 ], [ 82.7536, 26.9849 ], [ 82.7501, 26.9826 ], [ 82.7333, 26.9836 ], [ 82.7331, 26.9961 ], [ 82.7148, 26.9974 ], [ 82.7135, 27.0002 ], [ 82.7193, 27.0232 ], [ 82.7122, 27.0205 ], [ 82.69, 27.0243 ], [ 82.6979, 27.0309 ], [ 82.7006, 27.0392 ], [ 82.7146, 27.0353 ], [ 82.7198, 27.0379 ], [ 82.7227, 27.0331 ], [ 82.7275, 27.0336 ], [ 82.7294, 27.0466 ], [ 82.7373, 27.0483 ], [ 82.7319, 27.0561 ], [ 82.7415, 27.062 ], [ 82.7464, 27.0613 ], [ 82.7573, 27.0501 ], [ 82.7622, 27.0528 ], [ 82.7618, 27.0652 ], [ 82.7797, 27.0684 ], [ 82.7853, 27.0641 ], [ 82.7866, 27.072 ], [ 82.781, 27.0855 ], [ 82.7692, 27.0979 ], [ 82.7613, 27.1007 ], [ 82.756, 27.1223 ], [ 82.7694, 27.1224 ], [ 82.7707, 27.1361 ], [ 82.7742, 27.1415 ], [ 82.7806, 27.1399 ], [ 82.7822, 27.1457 ], [ 82.7764, 27.1588 ], [ 82.7935, 27.1719 ], [ 82.7916, 27.1922 ], [ 82.7999, 27.2041 ], [ 82.7976, 27.2103 ], [ 82.8028, 27.2189 ], [ 82.7937, 27.2281 ], [ 82.7949, 27.2372 ], [ 82.8054, 27.261 ], [ 82.8134, 27.2581 ], [ 82.826, 27.263 ], [ 82.8394, 27.2574 ], [ 82.8684, 27.2537 ], [ 82.8759, 27.2593 ], [ 82.876, 27.2691 ], [ 82.885, 27.2687 ], [ 82.8855, 27.2739 ], [ 82.8982, 27.2692 ], [ 82.936, 27.2203 ], [ 82.9471, 27.2196 ], [ 82.9517, 27.2246 ], [ 82.9598, 27.2477 ], [ 82.9713, 27.2354 ], [ 82.9846, 27.2423 ], [ 82.9898, 27.2312 ], [ 82.9978, 27.2366 ], [ 82.9993, 27.2464 ], [ 83.0028, 27.2475 ], [ 83.0117, 27.2372 ], [ 83.0236, 27.2376 ], [ 83.0235, 27.2276 ], [ 83.0404, 27.2311 ], [ 83.0416, 27.2075 ], [ 83.05, 27.2072 ], [ 83.0476, 27.2028 ], [ 83.067, 27.195 ], [ 83.0686, 27.1876 ], [ 83.0873, 27.1838 ], [ 83.0876, 27.1715 ], [ 83.1004, 27.1627 ], [ 83.097, 27.1581 ], [ 83.1158, 27.1533 ], [ 83.1384, 27.1195 ], [ 83.1325, 27.113 ], [ 83.1151, 27.1168 ], [ 83.1129, 27.1135 ], [ 83.1205, 27.1012 ], [ 83.1208, 27.09 ], [ 83.1307, 27.079 ], [ 83.129, 27.068 ], [ 83.1414, 27.0558 ], [ 83.1343, 27.0517 ], [ 83.1302, 27.0584 ], [ 83.1246, 27.0583 ], [ 83.1231, 27.0503 ], [ 83.1128, 27.04 ], [ 83.1049, 27.0245 ], [ 83.0921, 27.0239 ], [ 83.0828, 27.0388 ], [ 83.0773, 27.0404 ], [ 83.0722, 27.0351 ], [ 83.0796, 27.0189 ], [ 83.063, 27.0182 ], [ 83.065, 27.0092 ], [ 83.0582, 27.0052 ], [ 83.051, 27.0115 ], [ 83.0448, 27.0115 ], [ 83.0432, 27.0039 ], [ 83.0335, 26.9958 ], [ 83.0339, 26.9614 ], [ 83.024, 26.9618 ], [ 83.0198, 26.9582 ], [ 83.0141, 26.9481 ], [ 83.0181, 26.9425 ], [ 83.0077, 26.9407 ], [ 82.998, 26.9244 ], [ 83.0007, 26.919 ], [ 82.99, 26.9149 ], [ 82.9776, 26.9197 ], [ 82.9632, 26.9142 ], [ 82.9579, 26.9185 ], [ 82.9524, 26.9166 ], [ 82.932, 26.9201 ], [ 82.9202, 26.9251 ], [ 82.9218, 26.9307 ] ] ] } },
{ "type": "Feature", "properties": { "unit_id": "IND.34.70.2_1", "unit_name": "Domriaganj", "district": "Siddharth Nagar", "did": "uttar_pradesh:Siddharth Nagar", "state": "Uttar Pradesh", "state_key": "uttar_pradesh", "name_ok": true }, "geometry": { "type": "Polygon", "coordinates": [ [ [ 82.4846, 27.1653 ], [ 82.4791, 27.1663 ], [ 82.4804, 27.1709 ], [ 82.4758, 27.1688 ], [ 82.4716, 27.1728 ], [ 82.4723, 27.17 ], [ 82.464, 27.1707 ], [ 82.4618, 27.1681 ], [ 82.4728, 27.1614 ], [ 82.4583, 27.1633 ], [ 82.4439, 27.1573 ], [ 82.4315, 27.1722 ], [ 82.4306, 27.1814 ], [ 82.4395, 27.19 ], [ 82.4736, 27.2085 ], [ 82.5004, 27.196 ], [ 82.5048, 27.1831 ], [ 82.5097, 27.1803 ], [ 82.5147, 27.1869 ], [ 82.5231, 27.1899 ], [ 82.548, 27.1867 ], [ 82.5579, 27.1892 ], [ 82.5597, 27.1933 ], [ 82.5524, 27.2028 ], [ 82.5371, 27.2085 ], [ 82.5379, 27.2125 ], [ 82.5466, 27.2127 ], [ 82.5455, 27.2227 ], [ 82.5223, 27.2193 ], [ 82.5129, 27.2217 ], [ 82.5034, 27.2182 ], [ 82.5134, 27.2393 ], [ 82.4942, 27.2428 ], [ 82.4889, 27.2472 ], [ 82.4984, 27.2565 ], [ 82.5146, 27.2573 ], [ 82.5153, 27.2652 ], [ 82.4952, 27.2646 ], [ 82.5018, 27.2846 ], [ 82.4814, 27.2859 ], [ 82.4809, 27.2913 ], [ 82.5054, 27.3069 ], [ 82.5063, 27.3111 ], [ 82.4795, 27.2998 ], [ 82.476, 27.3106 ], [ 82.4892, 27.3233 ], [ 82.5023, 27.317 ], [ 82.5042, 27.3223 ], [ 82.4929, 27.3319 ], [ 82.4711, 27.3252 ], [ 82.4613, 27.3316 ], [ 82.4818, 27.3404 ], [ 82.4839, 27.3434 ], [ 82.4788, 27.355 ], [ 82.4936, 27.3729 ], [ 82.5, 27.3748 ], [ 82.5121, 27.3688 ], [ 82.5167, 27.376 ], [ 82.5245, 27.3708 ], [ 82.5326, 27.3766 ], [ 82.5393, 27.3915 ], [ 82.5444, 27.3913 ], [ 82.5467, 27.4032 ], [ 82.5554, 27.4035 ], [ 82.5639, 27.4132 ], [ 82.561, 27.4227 ], [ 82.5688, 27.4238 ], [ 82.5681, 27.4305 ], [ 82.5767, 27.4304 ], [ 82.5779, 27.4233 ], [ 82.5888, 27.4258 ], [ 82.5895, 27.4177 ], [ 82.597, 27.4239 ], [ 82.6098, 27.4237 ], [ 82.6127, 27.4125 ], [ 82.6184, 27.4169 ], [ 82.6147, 27.4094 ], [ 82.6174, 27.4092 ], [ 82.6256, 27.418 ], [ 82.6302, 27.4131 ], [ 82.6473, 27.4185 ], [ 82.6511, 27.4158 ], [ 82.6602, 27.4222 ], [ 82.6626, 27.4181 ], [ 82.6582, 27.4149 ], [ 82.644, 27.4146 ], [ 82.6454, 27.409 ], [ 82.6588, 27.4109 ], [ 82.6712, 27.4188 ], [ 82.6782, 27.4163 ], [ 82.6826, 27.4187 ], [ 82.6859, 27.413 ], [ 82.6899, 27.4136 ], [ 82.6889, 27.4249 ], [ 82.6991, 27.4153 ], [ 82.6978, 27.4278 ], [ 82.7045, 27.4187 ], [ 82.7113, 27.4198 ], [ 82.7059, 27.4115 ], [ 82.7107, 27.4068 ], [ 82.72, 27.4183 ], [ 82.7225, 27.4111 ], [ 82.7294, 27.4229 ], [ 82.7431, 27.4127 ], [ 82.7502, 27.4137 ], [ 82.7562, 27.4193 ], [ 82.7632, 27.4184 ], [ 82.7634, 27.4136 ], [ 82.7704, 27.4091 ], [ 82.7787, 27.41 ], [ 82.7808, 27.4196 ], [ 82.7906, 27.4128 ], [ 82.7925, 27.4194 ], [ 82.7969, 27.421 ], [ 82.8003, 27.4187 ], [ 82.7969, 27.4137 ], [ 82.8026, 27.4114 ], [ 82.809, 27.4137 ], [ 82.8107, 27.4089 ], [ 82.8213, 27.4055 ], [ 82.8234, 27.4132 ], [ 82.836, 27.4042 ], [ 82.8358, 27.3997 ], [ 82.8279, 27.4026 ], [ 82.827, 27.394 ], [ 82.8466, 27.3862 ], [ 82.8398, 27.3792 ], [ 82.8475, 27.3777 ], [ 82.8456, 27.3731 ], [ 82.8624, 27.3664 ], [ 82.8747, 27.37 ], [ 82.8716, 27.3653 ], [ 82.8748, 27.3605 ], [ 82.8695, 27.3573 ], [ 82.8749, 27.3485 ], [ 82.8637, 27.344 ], [ 82.8637, 27.339 ], [ 82.867, 27.3407 ], [ 82.8775, 27.3352 ], [ 82.8794, 27.3304 ], [ 82.8753, 27.3286 ], [ 82.8822, 27.3167 ], [ 82.8764, 27.3166 ], [ 82.8843, 27.3094 ], [ 82.8924, 27.3161 ], [ 82.8967, 27.3122 ], [ 82.8995, 27.2948 ], [ 82.8949, 27.2933 ], [ 82.8912, 27.2973 ], [ 82.8909, 27.2903 ], [ 82.8831, 27.2873 ], [ 82.885, 27.2687 ], [ 82.876, 27.2691 ], [ 82.8759, 27.2593 ], [ 82.8684, 27.2537 ], [ 82.8394, 27.2574 ], [ 82.8307, 27.2625 ], [ 82.8134, 27.2581 ], [ 82.8088, 27.2621 ], [ 82.799, 27.2495 ], [ 82.7937, 27.2281 ], [ 82.8028, 27.2189 ], [ 82.7976, 27.2103 ], [ 82.7999, 27.2041 ], [ 82.7916, 27.1922 ], [ 82.7935, 27.1719 ], [ 82.7764, 27.1588 ], [ 82.7822, 27.1457 ], [ 82.7806, 27.1399 ], [ 82.7742, 27.1415 ], [ 82.7707, 27.1361 ], [ 82.7694, 27.1224 ], [ 82.756, 27.1223 ], [ 82.7613, 27.1007 ], [ 82.7692, 27.0979 ], [ 82.781, 27.0855 ], [ 82.7866, 27.072 ], [ 82.7853, 27.0641 ], [ 82.7797, 27.0684 ], [ 82.7618, 27.0652 ], [ 82.7622, 27.0528 ], [ 82.7573, 27.0501 ], [ 82.7464, 27.0613 ], [ 82.7415, 27.062 ], [ 82.7319, 27.0561 ], [ 82.7373, 27.0483 ], [ 82.7294, 27.0466 ], [ 82.7294, 27.0364 ], [ 82.7253, 27.0322 ], [ 82.7198, 27.0379 ], [ 82.7146, 27.0353 ], [ 82.7006, 27.0392 ], [ 82.6979, 27.0309 ], [ 82.6934, 27.03 ], [ 82.6893, 27.021 ], [ 82.681, 27.0147 ], [ 82.6687, 27.0109 ], [ 82.659, 27.017 ], [ 82.6411, 27.0134 ], [ 82.6302, 27.0161 ], [ 82.6246, 27.0055 ], [ 82.6164, 27.0025 ], [ 82.5622, 27.0251 ], [ 82.5605, 27.0311 ], [ 82.5659, 27.041 ], [ 82.557, 27.0496 ], [ 82.5586, 27.057 ], [ 82.5487, 27.0613 ], [ 82.5509, 27.0716 ], [ 82.5595, 27.0719 ], [ 82.5584, 27.0779 ], [ 82.5435, 27.094 ], [ 82.5393, 27.113 ], [ 82.5351, 27.1099 ], [ 82.5337, 27.1165 ], [ 82.5242, 27.124 ], [ 82.5117, 27.1226 ], [ 82.5033, 27.1327 ], [ 82.4977, 27.1261 ], [ 82.5002, 27.1399 ], [ 82.4917, 27.1446 ], [ 82.4907, 27.1538 ], [ 82.4859, 27.153 ], [ 82.4846, 27.1653 ] ] ] } },
{ "type": "Feature", "properties": { "unit_id": "IND.34.70.3_1", "unit_name": "Naugarh", "district": "Siddharth Nagar", "did": "uttar_pradesh:Siddharth Nagar", "state": "Uttar Pradesh", "state_key": "uttar_pradesh", "name_ok": true }, "geometry": { "type": "Polygon", "coordinates": [ [ [ 82.7502, 27.436 ], [ 82.7361, 27.454 ], [ 82.7309, 27.4552 ], [ 82.7265, 27.4638 ], [ 82.7141, 27.4654 ], [ 82.7105, 27.4706 ], [ 82.73, 27.5059 ], [ 82.8036, 27.4964 ], [ 82.8371, 27.5015 ], [ 82.8723, 27.4984 ], [ 82.9316, 27.5009 ], [ 82.9562, 27.4678 ], [ 83.0361, 27.4487 ], [ 83.1665, 27.4575 ], [ 83.1902, 27.454 ], [ 83.2191, 27.4177 ], [ 83.2422, 27.4064 ], [ 83.2742, 27.3834 ], [ 83.2677, 27.3654 ], [ 83.2746, 27.3526 ], [ 83.2947, 27.336 ], [ 83.2829, 27.341 ], [ 83.2601, 27.3295 ], [ 83.2605, 27.3209 ], [ 83.2567, 27.3166 ], [ 83.2341, 27.3024 ], [ 83.2457, 27.2924 ], [ 83.2418, 27.2871 ], [ 83.2318, 27.2864 ], [ 83.2229, 27.2757 ], [ 83.21, 27.2736 ], [ 83.2044, 27.269 ], [ 83.2084, 27.246 ], [ 83.1879, 27.229 ], [ 83.1728, 27.2309 ], [ 83.1597, 27.2256 ], [ 83.1577, 27.2044 ], [ 83.1625, 27.2086 ], [ 83.1692, 27.2003 ], [ 83.16, 27.1891 ], [ 83.1696, 27.1802 ], [ 83.1689, 27.1645 ], [ 83.1682, 27.1611 ], [ 83.1521, 27.1557 ], [ 83.1512, 27.1534 ], [ 83.1613, 27.1518 ], [ 83.1508, 27.1474 ], [ 83.1462, 27.1514 ], [ 83.1506, 27.1642 ], [ 83.1395, 27.1714 ], [ 83.1294, 27.1624 ], [ 83.1162, 27.165 ], [ 83.1134, 27.1599 ], [ 83.1158, 27.1533 ], [ 83.0985, 27.1567 ], [ 83.1004, 27.1627 ], [ 83.0876, 27.1715 ], [ 83.0873, 27.1838 ], [ 83.0686, 27.1876 ], [ 83.067, 27.195 ], [ 83.0476, 27.2028 ], [ 83.05, 27.2072 ], [ 83.0416, 27.2075 ], [ 83.0404, 27.2311 ], [ 83.0235, 27.2276 ], [ 83.0236, 27.2376 ], [ 83.0117, 27.2372 ], [ 83.0028, 27.2475 ], [ 82.9993, 27.2464 ], [ 82.9978, 27.2366 ], [ 82.9898, 27.2312 ], [ 82.9846, 27.2423 ], [ 82.9713, 27.2354 ], [ 82.9598, 27.2477 ], [ 82.9517, 27.2246 ], [ 82.9471, 27.2196 ], [ 82.936, 27.2203 ], [ 82.8982, 27.2692 ], [ 82.8855, 27.2739 ], [ 82.8826, 27.2862 ], [ 82.8909, 27.2903 ], [ 82.8912, 27.2973 ], [ 82.8949, 27.2933 ], [ 82.8995, 27.2948 ], [ 82.9003, 27.3058 ], [ 82.8924, 27.3161 ], [ 82.8843, 27.3094 ], [ 82.8786, 27.3142 ], [ 82.8764, 27.3166 ], [ 82.8822, 27.3167 ], [ 82.8753, 27.3286 ], [ 82.8794, 27.3304 ], [ 82.8775, 27.3352 ], [ 82.867, 27.3407 ], [ 82.8637, 27.339 ], [ 82.8637, 27.344 ], [ 82.8749, 27.3485 ], [ 82.8695, 27.3573 ], [ 82.8748, 27.3605 ], [ 82.8716, 27.3653 ], [ 82.8747, 27.37 ], [ 82.8624, 27.3664 ], [ 82.8456, 27.3731 ], [ 82.8475, 27.3777 ], [ 82.8398, 27.3792 ], [ 82.8466, 27.3862 ], [ 82.827, 27.394 ], [ 82.8279, 27.4026 ], [ 82.8358, 27.3997 ], [ 82.837, 27.4024 ], [ 82.8234, 27.4132 ], [ 82.8213, 27.4055 ], [ 82.8125, 27.4077 ], [ 82.809, 27.4137 ], [ 82.8026, 27.4114 ], [ 82.7969, 27.4137 ], [ 82.8003, 27.4187 ], [ 82.7969, 27.421 ], [ 82.7925, 27.4194 ], [ 82.7906, 27.4128 ], [ 82.7808, 27.4196 ], [ 82.7787, 27.41 ], [ 82.7704, 27.4091 ], [ 82.7634, 27.4136 ], [ 82.7632, 27.4184 ], [ 82.7562, 27.4193 ], [ 82.7502, 27.436 ] ] ] } },
{ "type": "Feature", "properties": { "unit_id": "IND.34.71.1_1", "unit_name": "Biswan", "district": "Sitapur", "did": "uttar_pradesh:Sitapur", "state": "Uttar Pradesh", "state_key": "uttar_pradesh", "name_ok": true }, "geometry": { "type": "Polygon", "coordinates": [ [ [ 81.3028, 27.68 ], [ 81.3089, 27.6658 ], [ 81.309, 27.6434 ], [ 81.3017, 27.6346 ], [ 81.2937, 27.6111 ], [ 81.3099, 27.6002 ], [ 81.3144, 27.557 ], [ 81.3113, 27.5539 ], [ 81.2997, 27.5588 ], [ 81.2931, 27.5426 ], [ 81.3076, 27.5448 ], [ 81.3088, 27.5377 ], [ 81.3164, 27.5345 ], [ 81.3087, 27.5233 ], [ 81.3135, 27.5205 ], [ 81.3104, 27.507 ], [ 81.3232, 27.4967 ], [ 81.3262, 27.4797 ], [ 81.323, 27.4708 ], [ 81.3298, 27.4609 ], [ 81.3234, 27.4519 ], [ 81.3148, 27.4492 ], [ 81.3048, 27.451 ], [ 81.3035, 27.4552 ], [ 81.3127, 27.469 ], [ 81.3085, 27.4739 ], [ 81.298, 27.4716 ], [ 81.2961, 27.4591 ], [ 81.2931, 27.4631 ], [ 81.2906, 27.4583 ], [ 81.2788, 27.456 ], [ 81.2682, 27.464 ], [ 81.2624, 27.4598 ], [ 81.2595, 27.4498 ], [ 81.2529, 27.4467 ], [ 81.2479, 27.447 ], [ 81.2416, 27.455 ], [ 81.2286, 27.4474 ], [ 81.2235, 27.4565 ], [ 81.2199, 27.4558 ], [ 81.2087, 27.4381 ], [ 81.1987, 27.4365 ], [ 81.1891, 27.4466 ], [ 81.1886, 27.4669 ], [ 81.1734, 27.4837 ], [ 81.1634, 27.4918 ], [ 81.148, 27.4937 ], [ 81.1493, 27.5011 ], [ 81.1425, 27.4983 ], [ 81.1415, 27.5075 ], [ 81.1318, 27.517 ], [ 81.1241, 27.5206 ], [ 81.118, 27.5155 ], [ 81.1114, 27.5207 ], [ 81.1065, 27.5174 ], [ 81.1082, 27.51 ], [ 81.0995, 27.4982 ], [ 81.091, 27.5038 ], [ 81.0872, 27.5 ], [ 81.0783, 27.4781 ], [ 81.0643, 27.4774 ], [ 81.0597, 27.471 ], [ 81.0472, 27.4736 ], [ 81.0401, 27.4628 ], [ 81.0311, 27.4592 ], [ 81.0183, 27.4311 ], [ 81.0133, 27.4313 ], [ 81.0058, 27.4225 ], [ 80.9994, 27.4275 ], [ 80.978, 27.4124 ], [ 80.9732, 27.4198 ], [ 80.9663, 27.4069 ], [ 80.9433, 27.4109 ], [ 80.9348, 27.3874 ], [ 80.9195, 27.3738 ], [ 80.9001, 27.387 ], [ 80.8874, 27.3881 ], [ 80.8889, 27.4071 ], [ 80.8755, 27.396 ], [ 80.8439, 27.4128 ], [ 80.8762, 27.4496 ], [ 80.8807, 27.4622 ], [ 80.867, 27.4705 ], [ 80.8599, 27.4801 ], [ 80.8291, 27.4803 ], [ 80.829, 27.4867 ], [ 80.8247, 27.49 ], [ 80.8278, 27.4959 ], [ 80.8222, 27.4992 ], [ 80.8214, 27.5065 ], [ 80.8301, 27.509 ], [ 80.8353, 27.5193 ], [ 80.8449, 27.5256 ], [ 80.8436, 27.5306 ], [ 80.8288, 27.5411 ], [ 80.8313, 27.5488 ], [ 80.8496, 27.5556 ], [ 80.8512, 27.5738 ], [ 80.8736, 27.5594 ], [ 80.8755, 27.5641 ], [ 80.8811, 27.5652 ], [ 80.8814, 27.57 ], [ 80.9194, 27.5806 ], [ 80.9135, 27.5965 ], [ 80.9299, 27.6011 ], [ 80.9368, 27.6162 ], [ 80.9455, 27.6238 ], [ 80.9507, 27.6239 ], [ 80.9585, 27.6166 ], [ 80.9667, 27.6256 ], [ 80.9603, 27.6347 ], [ 80.9455, 27.6421 ], [ 80.954, 27.666 ], [ 80.9589, 27.6692 ], [ 80.9683, 27.6681 ], [ 80.9726, 27.6766 ], [ 80.9875, 27.6687 ], [ 80.9972, 27.6739 ], [ 80.9972, 27.688 ], [ 80.9904, 27.6988 ], [ 80.9967, 27.7028 ], [ 80.993, 27.7088 ], [ 80.9967, 27.7143 ], [ 80.9939, 27.7187 ], [ 80.9726, 27.727 ], [ 80.9742, 27.7376 ], [ 80.9661, 27.7393 ], [ 80.9675, 27.7524 ], [ 80.9519, 27.7642 ], [ 80.9371, 27.7867 ], [ 80.9261, 27.7916 ], [ 80.9298, 27.803 ], [ 80.9162, 27.8119 ], [ 80.8982, 27.8148 ], [ 80.895, 27.8205 ], [ 80.897, 27.8386 ], [ 80.9128, 27.8535 ], [ 80.921, 27.8496 ], [ 80.929, 27.8603 ], [ 80.9277, 27.8684 ], [ 80.9319, 27.8766 ], [ 80.9422, 27.8781 ], [ 80.9517, 27.9067 ], [ 80.9712, 27.9107 ], [ 80.9739, 27.9075 ], [ 80.9619, 27.9001 ], [ 80.9634, 27.8967 ], [ 80.9708, 27.8962 ], [ 80.9739, 27.891 ], [ 80.9891, 27.8925 ], [ 80.9989, 27.8859 ], [ 80.9865, 27.8713 ], [ 80.9862, 27.8605 ], [ 80.9766, 27.8465 ], [ 80.9773, 27.834 ], [ 80.9826, 27.8308 ], [ 80.9993, 27.8308 ], [ 81.0113, 27.8223 ], [ 81.0146, 27.8286 ], [ 81.0204, 27.8254 ], [ 81.0241, 27.8279 ], [ 81.0294, 27.8186 ], [ 81.0372, 27.8237 ], [ 81.0545, 27.8198 ], [ 81.0613, 27.8309 ], [ 81.0728, 27.8264 ], [ 81.0746, 27.8205 ], [ 81.0823, 27.8211 ], [ 81.0854, 27.8067 ], [ 81.0941, 27.8066 ], [ 81.0941, 27.7986 ], [ 81.099, 27.7949 ], [ 81.104, 27.7956 ], [ 81.1051, 27.8 ], [ 81.1104, 27.7985 ], [ 81.116, 27.8096 ], [ 81.121, 27.8065 ], [ 81.1342, 27.8125 ], [ 81.1349, 27.7932 ], [ 81.1391, 27.7876 ], [ 81.1504, 27.7842 ], [ 81.1706, 27.7908 ], [ 81.219, 27.7656 ], [ 81.2173, 27.7593 ], [ 81.2057, 27.7541 ], [ 81.1975, 27.7604 ], [ 81.1894, 27.7608 ], [ 81.1808, 27.7452 ], [ 81.174, 27.7414 ], [ 81.1898, 27.7315 ], [ 81.1927, 27.7242 ], [ 81.2047, 27.7201 ], [ 81.2112, 27.7283 ], [ 81.2191, 27.7293 ], [ 81.2209, 27.7362 ], [ 81.2254, 27.7328 ], [ 81.2352, 27.7343 ], [ 81.2367, 27.7239 ], [ 81.254, 27.7174 ], [ 81.2598, 27.7071 ], [ 81.2571, 27.6984 ], [ 81.2426, 27.6929 ], [ 81.2419, 27.6826 ], [ 81.2512, 27.6786 ], [ 81.27, 27.6845 ], [ 81.2927, 27.6865 ], [ 81.3028, 27.68 ] ] ] } },
{ "type": "Feature", "properties": { "unit_id": "IND.34.71.2_1", "unit_name": "Misrikh", "district": "Sitapur", "did": "uttar_pradesh:Sitapur", "state": "Uttar Pradesh", "state_key": "uttar_pradesh", "name_ok": true }, "geometry": { "type": "Polygon", "coordinates": [ [ [ 80.4469, 27.3691 ], [ 80.4564, 27.3624 ], [ 80.4583, 27.3703 ], [ 80.4557, 27.3748 ], [ 80.4455, 27.3729 ], [ 80.4431, 27.3775 ], [ 80.4427, 27.4003 ], [ 80.4392, 27.4037 ], [ 80.4423, 27.4063 ], [ 80.425, 27.4084 ], [ 80.4091, 27.4219 ], [ 80.4186, 27.4275 ], [ 80.4009, 27.4427 ], [ 80.3958, 27.4552 ], [ 80.3918, 27.4557 ], [ 80.3904, 27.4617 ], [ 80.3954, 27.4668 ], [ 80.3834, 27.4699 ], [ 80.3801, 27.4811 ], [ 80.3614, 27.486 ], [ 80.3476, 27.4853 ], [ 80.335, 27.5171 ], [ 80.3226, 27.5224 ], [ 80.3174, 27.5288 ], [ 80.3154, 27.5472 ], [ 80.3094, 27.5515 ], [ 80.3154, 27.5618 ], [ 80.309, 27.5656 ], [ 80.3081, 27.5753 ], [ 80.3004, 27.5775 ], [ 80.2957, 27.587 ], [ 80.3013, 27.5923 ], [ 80.3137, 27.5952 ], [ 80.3071, 27.5974 ], [ 80.3147, 27.6056 ], [ 80.3093, 27.6104 ], [ 80.2992, 27.6103 ], [ 80.2987, 27.6196 ], [ 80.2943, 27.6237 ], [ 80.295, 27.6373 ], [ 80.3031, 27.6452 ], [ 80.2996, 27.6574 ], [ 80.3033, 27.6753 ], [ 80.3002, 27.6789 ], [ 80.3113, 27.6938 ], [ 80.3292, 27.705 ], [ 80.3515, 27.7137 ], [ 80.3612, 27.7108 ], [ 80.3652, 27.715 ], [ 80.3699, 27.7129 ], [ 80.3693, 27.7164 ], [ 80.3743, 27.719 ], [ 80.3809, 27.7188 ], [ 80.3882, 27.7326 ], [ 80.4052, 27.7483 ], [ 80.4153, 27.7506 ], [ 80.4249, 27.7481 ], [ 80.4404, 27.754 ], [ 80.4443, 27.7581 ], [ 80.4427, 27.7642 ], [ 80.4356, 27.7694 ], [ 80.4388, 27.7774 ], [ 80.4455, 27.7778 ], [ 80.454, 27.7636 ], [ 80.4622, 27.7813 ], [ 80.4796, 27.7783 ], [ 80.4922, 27.7996 ], [ 80.5032, 27.8017 ], [ 80.5091, 27.814 ], [ 80.5298, 27.8022 ], [ 80.531, 27.7796 ], [ 80.5345, 27.7762 ], [ 80.5434, 27.7776 ], [ 80.5454, 27.7663 ], [ 80.5544, 27.7552 ], [ 80.57, 27.7605 ], [ 80.5835, 27.7539 ], [ 80.5735, 27.7451 ], [ 80.5751, 27.7344 ], [ 80.5615, 27.7306 ], [ 80.5622, 27.7204 ], [ 80.5499, 27.7194 ], [ 80.535, 27.6931 ], [ 80.5234, 27.6884 ], [ 80.5238, 27.6733 ], [ 80.5301, 27.6588 ], [ 80.5382, 27.6473 ], [ 80.5509, 27.6382 ], [ 80.5555, 27.6126 ], [ 80.567, 27.611 ], [ 80.5698, 27.6049 ], [ 80.5674, 27.5952 ], [ 80.5788, 27.5854 ], [ 80.5755, 27.5604 ], [ 80.5835, 27.5572 ], [ 80.5708, 27.547 ], [ 80.5627, 27.5499 ], [ 80.5505, 27.5445 ], [ 80.5475, 27.5266 ], [ 80.5503, 27.5023 ], [ 80.5526, 27.4987 ], [ 80.5621, 27.4982 ], [ 80.5789, 27.5125 ], [ 80.6025, 27.5068 ], [ 80.6076, 27.5191 ], [ 80.6187, 27.5138 ], [ 80.6365, 27.5222 ], [ 80.6462, 27.5088 ], [ 80.6619, 27.5077 ], [ 80.6657, 27.494 ], [ 80.6719, 27.4985 ], [ 80.6813, 27.4975 ], [ 80.6889, 27.5109 ], [ 80.6925, 27.5081 ], [ 80.7002, 27.5123 ], [ 80.7031, 27.4974 ], [ 80.7103, 27.4947 ], [ 80.7097, 27.4844 ], [ 80.7217, 27.4905 ], [ 80.7185, 27.4798 ], [ 80.729, 27.4781 ], [ 80.7369, 27.4689 ], [ 80.735, 27.4649 ], [ 80.7413, 27.4658 ], [ 80.7384, 27.4589 ], [ 80.7501, 27.4579 ], [ 80.7463, 27.4486 ], [ 80.7601, 27.4578 ], [ 80.7621, 27.4545 ], [ 80.754, 27.4454 ], [ 80.7616, 27.4458 ], [ 80.7549, 27.4371 ], [ 80.7707, 27.4444 ], [ 80.7737, 27.4318 ], [ 80.7795, 27.4335 ], [ 80.7901, 27.4288 ], [ 80.7935, 27.4232 ], [ 80.7883, 27.4206 ], [ 80.7757, 27.4232 ], [ 80.7761, 27.4156 ], [ 80.7668, 27.4179 ], [ 80.7518, 27.4128 ], [ 80.754, 27.4029 ], [ 80.746, 27.4053 ], [ 80.749, 27.4003 ], [ 80.7439, 27.3983 ], [ 80.7487, 27.3917 ], [ 80.7377, 27.3985 ], [ 80.7355, 27.3902 ], [ 80.7178, 27.3924 ], [ 80.7143, 27.3885 ], [ 80.7191, 27.3837 ], [ 80.7277, 27.3833 ], [ 80.7254, 27.3693 ], [ 80.7316, 27.3579 ], [ 80.7348, 27.3569 ], [ 80.7378, 27.3614 ], [ 80.7434, 27.3489 ], [ 80.7505, 27.3531 ], [ 80.7498, 27.345 ], [ 80.7649, 27.3489 ], [ 80.7566, 27.3386 ], [ 80.7574, 27.3297 ], [ 80.7649, 27.3239 ], [ 80.764, 27.3187 ], [ 80.7749, 27.3181 ], [ 80.766, 27.3123 ], [ 80.7603, 27.3156 ], [ 80.7623, 27.302 ], [ 80.7855, 27.3056 ], [ 80.7817, 27.2988 ], [ 80.794, 27.2988 ], [ 80.7836, 27.2959 ], [ 80.7868, 27.2756 ], [ 80.7752, 27.2701 ], [ 80.7701, 27.2548 ], [ 80.7728, 27.2439 ], [ 80.779, 27.2527 ], [ 80.7845, 27.2499 ], [ 80.7878, 27.2527 ], [ 80.7928, 27.2459 ], [ 80.8008, 27.2491 ], [ 80.803, 27.2331 ], [ 80.8173, 27.2243 ], [ 80.8112, 27.2219 ], [ 80.8089, 27.2146 ], [ 80.7972, 27.2172 ], [ 80.7916, 27.2123 ], [ 80.7811, 27.216 ], [ 80.7791, 27.2113 ], [ 80.7595, 27.2057 ], [ 80.7423, 27.22 ], [ 80.7402, 27.2318 ], [ 80.7232, 27.2285 ], [ 80.7251, 27.2365 ], [ 80.7179, 27.2408 ], [ 80.7058, 27.2402 ], [ 80.6808, 27.2209 ], [ 80.6773, 27.2262 ], [ 80.6441, 27.2348 ], [ 80.6431, 27.2465 ], [ 80.6332, 27.2514 ], [ 80.6385, 27.26 ], [ 80.6456, 27.263 ], [ 80.6311, 27.2707 ], [ 80.6195, 27.2598 ], [ 80.6085, 27.2766 ], [ 80.5941, 27.2722 ], [ 80.5955, 27.2641 ], [ 80.5918, 27.2647 ], [ 80.5857, 27.2802 ], [ 80.5788, 27.2766 ], [ 80.5745, 27.2846 ], [ 80.5602, 27.2839 ], [ 80.5653, 27.2896 ], [ 80.5611, 27.2976 ], [ 80.5557, 27.2975 ], [ 80.5498, 27.2751 ], [ 80.5373, 27.2791 ], [ 80.5224, 27.2684 ], [ 80.5056, 27.2662 ], [ 80.5044, 27.261 ], [ 80.4902, 27.2607 ], [ 80.5002, 27.2745 ], [ 80.5077, 27.2725 ], [ 80.5012, 27.2966 ], [ 80.4969, 27.2979 ], [ 80.4971, 27.3088 ], [ 80.4905, 27.3101 ], [ 80.4854, 27.316 ], [ 80.4912, 27.3307 ], [ 80.4773, 27.333 ], [ 80.472, 27.3498 ], [ 80.4583, 27.3512 ], [ 80.4551, 27.3454 ], [ 80.4485, 27.346 ], [ 80.454, 27.3543 ], [ 80.4445, 27.3652 ], [ 80.4469, 27.3691 ] ] ] } },
{ "type": "Feature", "properties": { "unit_id": "IND.34.71.3_1", "unit_name": "Sidhauli", "district": "Sitapur", "did": "uttar_pradesh:Sitapur", "state": "Uttar Pradesh", "state_key": "uttar_pradesh", "name_ok": true }, "geometry": { "type": "Polygon", "coordinates": [ [ [ 81.3426, 27.4466 ], [ 81.3406, 27.4325 ], [ 81.3538, 27.4287 ], [ 81.3521, 27.426 ], [ 81.3629, 27.4166 ], [ 81.368, 27.4007 ], [ 81.3836, 27.3847 ], [ 81.401, 27.3764 ], [ 81.4073, 27.3653 ], [ 81.4019, 27.3417 ], [ 81.3846, 27.3483 ], [ 81.3829, 27.3445 ], [ 81.3914, 27.3357 ], [ 81.3915, 27.3308 ], [ 81.3817, 27.3301 ], [ 81.3794, 27.3246 ], [ 81.372, 27.3255 ], [ 81.3717, 27.3221 ], [ 81.3817, 27.3211 ], [ 81.3847, 27.315 ], [ 81.3747, 27.3148 ], [ 81.3725, 27.3017 ], [ 81.3646, 27.297 ], [ 81.3643, 27.2874 ], [ 81.3747, 27.2841 ], [ 81.3672, 27.272 ], [ 81.3565, 27.2721 ], [ 81.3505, 27.2647 ], [ 81.3334, 27.2597 ], [ 81.3272, 27.2791 ], [ 81.3105, 27.2786 ], [ 81.3076, 27.2894 ], [ 81.3131, 27.3032 ], [ 81.3017, 27.3018 ], [ 81.299, 27.3096 ], [ 81.3075, 27.3263 ], [ 81.2868, 27.3422 ], [ 81.2882, 27.3556 ], [ 81.2835, 27.3621 ], [ 81.2776, 27.3587 ], [ 81.2657, 27.3364 ], [ 81.2465, 27.3419 ], [ 81.2443, 27.3235 ], [ 81.2397, 27.3221 ], [ 81.2315, 27.3271 ], [ 81.2163, 27.3262 ], [ 81.2171, 27.3153 ], [ 81.2303, 27.3141 ], [ 81.2219, 27.3046 ], [ 81.2338, 27.2891 ], [ 81.2269, 27.2838 ], [ 81.2318, 27.2738 ], [ 81.2235, 27.2689 ], [ 81.2173, 27.2793 ], [ 81.2142, 27.2774 ], [ 81.1995, 27.261 ], [ 81.2035, 27.2503 ], [ 81.2012, 27.2432 ], [ 81.1894, 27.2426 ], [ 81.178, 27.247 ], [ 81.1734, 27.2514 ], [ 81.1743, 27.2604 ], [ 81.1598, 27.2738 ], [ 81.1394, 27.2638 ], [ 81.1234, 27.2773 ], [ 81.1074, 27.2798 ], [ 81.0815, 27.271 ], [ 81.0826, 27.2593 ], [ 81.0755, 27.2556 ], [ 81.076, 27.2478 ], [ 81.0704, 27.2432 ], [ 81.0779, 27.2342 ], [ 81.0671, 27.2332 ], [ 81.0569, 27.2268 ], [ 81.0478, 27.2275 ], [ 81.0435, 27.2347 ], [ 80.9952, 27.2319 ], [ 80.9603, 27.2453 ], [ 80.9559, 27.222 ], [ 80.9489, 27.2256 ], [ 80.9365, 27.2036 ], [ 80.9344, 27.2075 ], [ 80.9281, 27.2012 ], [ 80.9213, 27.2051 ], [ 80.9171, 27.1951 ], [ 80.9254, 27.1771 ], [ 80.922, 27.1669 ], [ 80.9038, 27.1542 ], [ 80.8947, 27.1551 ], [ 80.884, 27.133 ], [ 80.8715, 27.1344 ], [ 80.8492, 27.1279 ], [ 80.8208, 27.1048 ], [ 80.8158, 27.1164 ], [ 80.7985, 27.1182 ], [ 80.7997, 27.1284 ], [ 80.7947, 27.1358 ], [ 80.8093, 27.1414 ], [ 80.8081, 27.1533 ], [ 80.8131, 27.1584 ], [ 80.8064, 27.1623 ], [ 80.8057, 27.1713 ], [ 80.7989, 27.1742 ], [ 80.7983, 27.1825 ], [ 80.7899, 27.1863 ], [ 80.7903, 27.1974 ], [ 80.7799, 27.207 ], [ 80.7793, 27.2131 ], [ 80.7811, 27.216 ], [ 80.7916, 27.2123 ], [ 80.7972, 27.2172 ], [ 80.8089, 27.2146 ], [ 80.8112, 27.2219 ], [ 80.8173, 27.2243 ], [ 80.803, 27.2331 ], [ 80.8008, 27.2491 ], [ 80.7928, 27.2459 ], [ 80.7878, 27.2527 ], [ 80.7845, 27.2499 ], [ 80.779, 27.2527 ], [ 80.7728, 27.2439 ], [ 80.7701, 27.2548 ], [ 80.7752, 27.2701 ], [ 80.7868, 27.2756 ], [ 80.7836, 27.2959 ], [ 80.794, 27.2988 ], [ 80.7817, 27.2988 ], [ 80.7855, 27.3056 ], [ 80.7623, 27.302 ], [ 80.7603, 27.3156 ], [ 80.766, 27.3123 ], [ 80.7749, 27.3181 ], [ 80.764, 27.3187 ], [ 80.7649, 27.3239 ], [ 80.7574, 27.3297 ], [ 80.7566, 27.3386 ], [ 80.7649, 27.3489 ], [ 80.7498, 27.345 ], [ 80.7505, 27.3531 ], [ 80.7434, 27.3489 ], [ 80.7378, 27.3614 ], [ 80.7348, 27.3569 ], [ 80.7316, 27.3579 ], [ 80.7254, 27.3693 ], [ 80.7277, 27.3833 ], [ 80.7191, 27.3837 ], [ 80.7143, 27.3885 ], [ 80.7178, 27.3924 ], [ 80.7355, 27.3902 ], [ 80.7377, 27.3985 ], [ 80.7487, 27.3917 ], [ 80.7439, 27.3983 ], [ 80.749, 27.4003 ], [ 80.746, 27.4053 ], [ 80.754, 27.4029 ], [ 80.7518, 27.4128 ], [ 80.7668, 27.4179 ], [ 80.7761, 27.4156 ], [ 80.7757, 27.4232 ], [ 80.7883, 27.4206 ], [ 80.8164, 27.4312 ], [ 80.8216, 27.4422 ], [ 80.8165, 27.445 ], [ 80.819, 27.468 ], [ 80.8291, 27.4803 ], [ 80.8599, 27.4801 ], [ 80.867, 27.4705 ], [ 80.8807, 27.4622 ], [ 80.8762, 27.4496 ], [ 80.8439, 27.4128 ], [ 80.8755, 27.396 ], [ 80.8889, 27.4071 ], [ 80.8874, 27.3881 ], [ 80.9001, 27.387 ], [ 80.9195, 27.3738 ], [ 80.9348, 27.3874 ], [ 80.9433, 27.4109 ], [ 80.9663, 27.4069 ], [ 80.9732, 27.4198 ], [ 80.978, 27.4124 ], [ 80.9994, 27.4275 ], [ 81.0058, 27.4225 ], [ 81.0133, 27.4313 ], [ 81.0183, 27.4311 ], [ 81.0311, 27.4592 ], [ 81.0401, 27.4628 ], [ 81.0472, 27.4736 ], [ 81.0597, 27.471 ], [ 81.0643, 27.4774 ], [ 81.0783, 27.4781 ], [ 81.0872, 27.5 ], [ 81.091, 27.5038 ], [ 81.0995, 27.4982 ], [ 81.1082, 27.51 ], [ 81.1056, 27.5146 ], [ 81.1098, 27.5205 ], [ 81.118, 27.5155 ], [ 81.1241, 27.5206 ], [ 81.1318, 27.517 ], [ 81.1415, 27.5075 ], [ 81.1425, 27.4983 ], [ 81.1493, 27.5011 ], [ 81.148, 27.4937 ], [ 81.1634, 27.4918 ], [ 81.1734, 27.4837 ], [ 81.1886, 27.4669 ], [ 81.1891, 27.4466 ], [ 81.1987, 27.4365 ], [ 81.2087, 27.4381 ], [ 81.2199, 27.4558 ], [ 81.2235, 27.4565 ], [ 81.2286, 27.4474 ], [ 81.2416, 27.455 ], [ 81.2479, 27.447 ], [ 81.2529, 27.4467 ], [ 81.2595, 27.4498 ], [ 81.2624, 27.4598 ], [ 81.2682, 27.464 ], [ 81.2788, 27.456 ], [ 81.2906, 27.4583 ], [ 81.2931, 27.4631 ], [ 81.2961, 27.4591 ], [ 81.3005, 27.4728 ], [ 81.3085, 27.4739 ], [ 81.3127, 27.469 ], [ 81.3035, 27.4552 ], [ 81.3048, 27.451 ], [ 81.3148, 27.4492 ], [ 81.3234, 27.4519 ], [ 81.3298, 27.4609 ], [ 81.3426, 27.4466 ] ] ] } },
{ "type": "Feature", "properties": { "unit_id": "IND.34.71.4_1", "unit_name": "Sitapur", "district": "Sitapur", "did": "uttar_pradesh:Sitapur", "state": "Uttar Pradesh", "state_key": "uttar_pradesh", "name_ok": true }, "geometry": { "type": "Polygon", "coordinates": [ [ [ 80.6392, 27.8363 ], [ 80.6435, 27.821 ], [ 80.6491, 27.8225 ], [ 80.6587, 27.8365 ], [ 80.6645, 27.8258 ], [ 80.6801, 27.8295 ], [ 80.7062, 27.8176 ], [ 80.7323, 27.7929 ], [ 80.7369, 27.8156 ], [ 80.7535, 27.8092 ], [ 80.7574, 27.8205 ], [ 80.7664, 27.8145 ], [ 80.78, 27.823 ], [ 80.7966, 27.8131 ], [ 80.8079, 27.7994 ], [ 80.818, 27.7964 ], [ 80.8331, 27.8066 ], [ 80.8366, 27.8281 ], [ 80.854, 27.8294 ], [ 80.8569, 27.8373 ], [ 80.8886, 27.8574 ], [ 80.8956, 27.8491 ], [ 80.8964, 27.8163 ], [ 80.9162, 27.8119 ], [ 80.9298, 27.803 ], [ 80.9261, 27.7916 ], [ 80.9371, 27.7867 ], [ 80.9519, 27.7642 ], [ 80.9675, 27.7524 ], [ 80.9661, 27.7393 ], [ 80.9742, 27.7376 ], [ 80.9726, 27.727 ], [ 80.9892, 27.7217 ], [ 80.9967, 27.7143 ], [ 80.993, 27.7088 ], [ 80.9967, 27.7028 ], [ 80.9904, 27.6988 ], [ 80.9972, 27.688 ], [ 80.9961, 27.6715 ], [ 80.9875, 27.6687 ], [ 80.9753, 27.6761 ], [ 80.9699, 27.6757 ], [ 80.9683, 27.6681 ], [ 80.9589, 27.6692 ], [ 80.954, 27.666 ], [ 80.9534, 27.6571 ], [ 80.946, 27.6466 ], [ 80.9455, 27.6421 ], [ 80.967, 27.628 ], [ 80.9597, 27.6173 ], [ 80.9507, 27.6239 ], [ 80.9455, 27.6238 ], [ 80.9368, 27.6162 ], [ 80.9299, 27.6011 ], [ 80.9135, 27.5965 ], [ 80.9194, 27.5806 ], [ 80.8814, 27.57 ], [ 80.8811, 27.5652 ], [ 80.8755, 27.5641 ], [ 80.8736, 27.5594 ], [ 80.8512, 27.5738 ], [ 80.8496, 27.5556 ], [ 80.8313, 27.5488 ], [ 80.8288, 27.5411 ], [ 80.8436, 27.5306 ], [ 80.8449, 27.5256 ], [ 80.8353, 27.5193 ], [ 80.8301, 27.509 ], [ 80.8214, 27.5065 ], [ 80.8222, 27.4992 ], [ 80.8278, 27.4959 ], [ 80.8247, 27.49 ], [ 80.829, 27.4867 ], [ 80.8291, 27.4803 ], [ 80.819, 27.468 ], [ 80.8165, 27.445 ], [ 80.8216, 27.4422 ], [ 80.8198, 27.4347 ], [ 80.8065, 27.4266 ], [ 80.7935, 27.4232 ], [ 80.7884, 27.4302 ], [ 80.7795, 27.4335 ], [ 80.7737, 27.4318 ], [ 80.7707, 27.4444 ], [ 80.7549, 27.4371 ], [ 80.7616, 27.4458 ], [ 80.754, 27.4454 ], [ 80.7621, 27.4545 ], [ 80.7601, 27.4578 ], [ 80.7463, 27.4486 ], [ 80.7501, 27.4579 ], [ 80.7384, 27.4589 ], [ 80.7413, 27.4658 ], [ 80.735, 27.4649 ], [ 80.7369, 27.4689 ], [ 80.729, 27.4781 ], [ 80.7185, 27.4798 ], [ 80.7217, 27.4905 ], [ 80.7097, 27.4844 ], [ 80.7103, 27.4947 ], [ 80.7031, 27.4974 ], [ 80.7002, 27.5123 ], [ 80.6925, 27.5081 ], [ 80.6889, 27.5109 ], [ 80.6813, 27.4975 ], [ 80.6719, 27.4985 ], [ 80.6657, 27.494 ], [ 80.6619, 27.5077 ], [ 80.6462, 27.5088 ], [ 80.6365, 27.5222 ], [ 80.6187, 27.5138 ], [ 80.6076, 27.5191 ], [ 80.6025, 27.5068 ], [ 80.5789, 27.5125 ], [ 80.5621, 27.4982 ], [ 80.5526, 27.4987 ], [ 80.5503, 27.5023 ], [ 80.5475, 27.5266 ], [ 80.5505, 27.5445 ], [ 80.5627, 27.5499 ], [ 80.5708, 27.547 ], [ 80.5835, 27.5572 ], [ 80.5755, 27.5604 ], [ 80.5788, 27.5854 ], [ 80.5674, 27.5952 ], [ 80.5698, 27.6049 ], [ 80.567, 27.611 ], [ 80.5555, 27.6126 ], [ 80.5509, 27.6382 ], [ 80.5382, 27.6473 ], [ 80.5301, 27.6588 ], [ 80.5238, 27.6733 ], [ 80.5234, 27.6884 ], [ 80.535, 27.6931 ], [ 80.5499, 27.7194 ], [ 80.5622, 27.7204 ], [ 80.5615, 27.7306 ], [ 80.5751, 27.7344 ], [ 80.5735, 27.7451 ], [ 80.5835, 27.7539 ], [ 80.5956, 27.7555 ], [ 80.5965, 27.7747 ], [ 80.6192, 27.8082 ], [ 80.6187, 27.8174 ], [ 80.6304, 27.8447 ], [ 80.6392, 27.8363 ] ] ] } },
{ "type": "Feature", "properties": { "unit_id": "IND.34.72.1_1", "unit_name": "Dudhi", "district": "Sonbhadra", "did": "uttar_pradesh:Sonbhadra", "state": "Uttar Pradesh", "state_key": "uttar_pradesh", "name_ok": true }, "geometry": { "type": "Polygon", "coordinates": [ [ [ 83.3149, 24.107 ], [ 83.3111, 24.0928 ], [ 83.289, 24.0729 ], [ 83.2775, 24.05 ], [ 83.28, 24.0348 ], [ 83.2761, 24.0233 ], [ 83.2589, 24.0116 ], [ 83.2418, 24.0137 ], [ 83.2354, 24.0072 ], [ 83.2369, 24.0014 ], [ 83.216, 23.9894 ], [ 83.2156, 23.9808 ], [ 83.2084, 23.9728 ], [ 83.2112, 23.9604 ], [ 83.2018, 23.9405 ], [ 83.1914, 23.9326 ], [ 83.1931, 23.9269 ], [ 83.1896, 23.9211 ], [ 83.1452, 23.9099 ], [ 83.1274, 23.89 ], [ 83.0866, 23.8782 ], [ 83.061, 23.8752 ], [ 83.0364, 23.8831 ], [ 83.0205, 23.8827 ], [ 82.984, 23.8796 ], [ 82.9536, 23.8728 ], [ 82.9388, 23.8759 ], [ 82.9225, 23.8927 ], [ 82.8812, 23.9103 ], [ 82.863, 23.9255 ], [ 82.8489, 23.9468 ], [ 82.8207, 23.965 ], [ 82.8078, 23.9631 ], [ 82.8005, 23.9675 ], [ 82.8015, 24.0011 ], [ 82.7973, 24.0051 ], [ 82.7663, 24.0061 ], [ 82.7524, 24.0084 ], [ 82.7459, 24.0131 ], [ 82.7399, 24.031 ], [ 82.7558, 24.0436 ], [ 82.7663, 24.0779 ], [ 82.7606, 24.0797 ], [ 82.7549, 24.0732 ], [ 82.748, 24.0805 ], [ 82.7415, 24.0751 ], [ 82.7263, 24.0826 ], [ 82.7084, 24.0808 ], [ 82.7014, 24.0971 ], [ 82.6635, 24.1239 ], [ 82.6574, 24.1348 ], [ 82.6659, 24.1428 ], [ 82.6652, 24.1511 ], [ 82.6709, 24.1585 ], [ 82.6794, 24.1567 ], [ 82.6884, 24.1442 ], [ 82.7204, 24.139 ], [ 82.7231, 24.1568 ], [ 82.7361, 24.1684 ], [ 82.727, 24.2233 ], [ 82.7499, 24.2361 ], [ 82.7506, 24.2681 ], [ 82.7641, 24.2924 ], [ 82.766, 24.3122 ], [ 82.7598, 24.3191 ], [ 82.7645, 24.3475 ], [ 82.7589, 24.3631 ], [ 82.7686, 24.3533 ], [ 82.8122, 24.3344 ], [ 82.8251, 24.3244 ], [ 82.8534, 24.3268 ], [ 82.8623, 24.331 ], [ 82.8895, 24.3274 ], [ 82.9204, 24.3127 ], [ 82.9353, 24.3091 ], [ 82.9497, 24.3105 ], [ 82.9597, 24.3078 ], [ 82.9718, 24.3154 ], [ 82.9741, 24.3261 ], [ 82.9823, 24.3284 ], [ 83.0535, 24.3224 ], [ 83.0699, 24.3249 ], [ 83.0802, 24.3186 ], [ 83.1082, 24.3232 ], [ 83.1603, 24.3238 ], [ 83.1944, 24.3324 ], [ 83.2004, 24.329 ], [ 83.2187, 24.3411 ], [ 83.2202, 24.3454 ], [ 83.2562, 24.3503 ], [ 83.2572, 24.3564 ], [ 83.2677, 24.3581 ], [ 83.2699, 24.3505 ], [ 83.291, 24.3353 ], [ 83.2894, 24.3319 ], [ 83.3039, 24.3146 ], [ 83.3029, 24.3082 ], [ 83.3164, 24.3104 ], [ 83.3188, 24.3006 ], [ 83.3248, 24.2963 ], [ 83.3356, 24.2977 ], [ 83.3509, 24.2931 ], [ 83.3818, 24.2999 ], [ 83.3962, 24.2934 ], [ 83.4029, 24.2761 ], [ 83.3934, 24.2471 ], [ 83.3773, 24.2357 ], [ 83.3783, 24.2008 ], [ 83.3574, 24.1568 ], [ 83.349, 24.1264 ], [ 83.339, 24.1105 ], [ 83.3236, 24.1013 ], [ 83.3149, 24.107 ] ] ] } },
{ "type": "Feature", "properties": { "unit_id": "IND.34.72.2_1", "unit_name": "Robertsganj", "district": "Sonbhadra", "did": "uttar_pradesh:Sonbhadra", "state": "Uttar Pradesh", "state_key": "uttar_pradesh", "name_ok": true }, "geometry": { "type": "Polygon", "coordinates": [ [ [ 83.4194, 24.7699 ], [ 83.4531, 24.7333 ], [ 83.4798, 24.7378 ], [ 83.4833, 24.7311 ], [ 83.4807, 24.7057 ], [ 83.4859, 24.7027 ], [ 83.4921, 24.7052 ], [ 83.4957, 24.6962 ], [ 83.5137, 24.6812 ], [ 83.4995, 24.6685 ], [ 83.4975, 24.6517 ], [ 83.5159, 24.6428 ], [ 83.5239, 24.6444 ], [ 83.5207, 24.63 ], [ 83.5389, 24.6277 ], [ 83.5417, 24.6246 ], [ 83.5345, 24.6156 ], [ 83.5256, 24.6137 ], [ 83.5174, 24.6032 ], [ 83.525, 24.585 ], [ 83.5246, 24.5673 ], [ 83.5172, 24.5492 ], [ 83.4934, 24.5421 ], [ 83.4982, 24.5271 ], [ 83.4264, 24.5128 ], [ 83.4, 24.5061 ], [ 83.393, 24.5012 ], [ 83.3926, 24.4803 ], [ 83.3814, 24.4557 ], [ 83.3898, 24.4376 ], [ 83.4007, 24.4371 ], [ 83.4001, 24.4087 ], [ 83.412, 24.4103 ], [ 83.4299, 24.4038 ], [ 83.4305, 24.396 ], [ 83.44, 24.387 ], [ 83.4432, 24.3728 ], [ 83.4514, 24.3647 ], [ 83.441, 24.3609 ], [ 83.4266, 24.34 ], [ 83.4033, 24.3374 ], [ 83.3759, 24.3145 ], [ 83.3818, 24.2999 ], [ 83.356, 24.2933 ], [ 83.3356, 24.2977 ], [ 83.3248, 24.2963 ], [ 83.3188, 24.3006 ], [ 83.3164, 24.3104 ], [ 83.3029, 24.3082 ], [ 83.3039, 24.3146 ], [ 83.2894, 24.3319 ], [ 83.291, 24.3353 ], [ 83.2699, 24.3505 ], [ 83.2677, 24.3581 ], [ 83.2572, 24.3564 ], [ 83.2562, 24.3503 ], [ 83.2202, 24.3454 ], [ 83.2187, 24.3411 ], [ 83.2004, 24.329 ], [ 83.1944, 24.3324 ], [ 83.1603, 24.3238 ], [ 83.1082, 24.3232 ], [ 83.0802, 24.3186 ], [ 83.0699, 24.3249 ], [ 83.0535, 24.3224 ], [ 82.9823, 24.3284 ], [ 82.9741, 24.3261 ], [ 82.9718, 24.3154 ], [ 82.9597, 24.3078 ], [ 82.9497, 24.3105 ], [ 82.9353, 24.3091 ], [ 82.9204, 24.3127 ], [ 82.8895, 24.3274 ], [ 82.8623, 24.331 ], [ 82.8534, 24.3268 ], [ 82.8251, 24.3244 ], [ 82.8122, 24.3344 ], [ 82.7686, 24.3533 ], [ 82.7589, 24.3631 ], [ 82.7606, 24.373 ], [ 82.7545, 24.3795 ], [ 82.7468, 24.3725 ], [ 82.7185, 24.3712 ], [ 82.7129, 24.3752 ], [ 82.7076, 24.3894 ], [ 82.7202, 24.4297 ], [ 82.7257, 24.4263 ], [ 82.7327, 24.4327 ], [ 82.7273, 24.4341 ], [ 82.725, 24.4447 ], [ 82.7306, 24.4703 ], [ 82.7238, 24.4763 ], [ 82.7338, 24.4872 ], [ 82.7365, 24.4998 ], [ 82.7156, 24.5133 ], [ 82.7125, 24.5562 ], [ 82.7335, 24.5516 ], [ 82.7412, 24.5546 ], [ 82.7454, 24.5525 ], [ 82.746, 24.5415 ], [ 82.7809, 24.5461 ], [ 82.8008, 24.5527 ], [ 82.7964, 24.5998 ], [ 82.7683, 24.5975 ], [ 82.7601, 24.5998 ], [ 82.7679, 24.6106 ], [ 82.7628, 24.6457 ], [ 82.7275, 24.6465 ], [ 82.7146, 24.6421 ], [ 82.6952, 24.6443 ], [ 82.6917, 24.6486 ], [ 82.696, 24.6757 ], [ 82.6656, 24.6999 ], [ 82.6579, 24.7004 ], [ 82.6364, 24.6878 ], [ 82.5876, 24.6737 ], [ 82.574, 24.663 ], [ 82.5293, 24.652 ], [ 82.524, 24.6571 ], [ 82.5184, 24.6783 ], [ 82.521, 24.689 ], [ 82.534, 24.6909 ], [ 82.5418, 24.6968 ], [ 82.5427, 24.7103 ], [ 82.5298, 24.721 ], [ 82.5295, 24.7381 ], [ 82.5387, 24.7383 ], [ 82.5479, 24.7433 ], [ 82.5393, 24.8101 ], [ 82.5637, 24.8172 ], [ 82.5746, 24.8326 ], [ 82.5916, 24.8265 ], [ 82.6056, 24.8137 ], [ 82.6128, 24.8142 ], [ 82.6167, 24.8224 ], [ 82.6263, 24.8236 ], [ 82.6246, 24.8022 ], [ 82.6191, 24.7904 ], [ 82.651, 24.7868 ], [ 82.6939, 24.811 ], [ 82.6953, 24.8302 ], [ 82.7173, 24.8205 ], [ 82.7446, 24.823 ], [ 82.774, 24.8392 ], [ 82.7938, 24.8449 ], [ 82.8003, 24.8538 ], [ 82.8171, 24.8565 ], [ 82.8314, 24.8447 ], [ 82.8592, 24.8434 ], [ 82.8734, 24.8382 ], [ 82.8864, 24.8419 ], [ 82.8987, 24.8365 ], [ 82.9107, 24.8417 ], [ 82.909, 24.8524 ], [ 82.9186, 24.8585 ], [ 82.9232, 24.8452 ], [ 82.9468, 24.8396 ], [ 82.949, 24.8586 ], [ 82.9553, 24.8586 ], [ 82.9625, 24.8638 ], [ 82.9721, 24.8755 ], [ 82.9786, 24.8874 ], [ 82.9782, 24.896 ], [ 82.9925, 24.906 ], [ 83.0024, 24.9074 ], [ 83.0062, 24.8512 ], [ 83.0225, 24.8388 ], [ 83.0069, 24.8244 ], [ 83.0088, 24.8166 ], [ 83.0162, 24.8113 ], [ 83.0379, 24.8198 ], [ 83.0463, 24.8154 ], [ 83.0494, 24.801 ], [ 83.0809, 24.8174 ], [ 83.0996, 24.8184 ], [ 83.0825, 24.8005 ], [ 83.0879, 24.7989 ], [ 83.0879, 24.7938 ], [ 83.0818, 24.7813 ], [ 83.0924, 24.7749 ], [ 83.0944, 24.7698 ], [ 83.1349, 24.7544 ], [ 83.1424, 24.7478 ], [ 83.1541, 24.7263 ], [ 83.1725, 24.7182 ], [ 83.1784, 24.7241 ], [ 83.179, 24.7162 ], [ 83.1969, 24.7205 ], [ 83.2206, 24.7329 ], [ 83.2464, 24.7263 ], [ 83.2514, 24.7316 ], [ 83.2648, 24.7305 ], [ 83.2793, 24.7388 ], [ 83.2808, 24.7308 ], [ 83.2914, 24.7194 ], [ 83.3005, 24.7209 ], [ 83.2983, 24.733 ], [ 83.3221, 24.7678 ], [ 83.313, 24.778 ], [ 83.3136, 24.7874 ], [ 83.3204, 24.7859 ], [ 83.3314, 24.7745 ], [ 83.3449, 24.7779 ], [ 83.3548, 24.7749 ], [ 83.3783, 24.7763 ], [ 83.3868, 24.7842 ], [ 83.4194, 24.7699 ] ] ] } },
{ "type": "Feature", "properties": { "unit_id": "IND.34.73.1_1", "unit_name": "Kadipur", "district": "Sultanpur", "did": "uttar_pradesh:Sultanpur", "state": "Uttar Pradesh", "state_key": "uttar_pradesh", "name_ok": true }, "geometry": { "type": "Polygon", "coordinates": [ [ [ 82.3608, 26.3851 ], [ 82.3778, 26.3793 ], [ 82.3774, 26.3686 ], [ 82.3911, 26.3614 ], [ 82.393, 26.3563 ], [ 82.3934, 26.3304 ], [ 82.4107, 26.3232 ], [ 82.4222, 26.3124 ], [ 82.4241, 26.3026 ], [ 82.4283, 26.3024 ], [ 82.4279, 26.3128 ], [ 82.4404, 26.304 ], [ 82.443, 26.3079 ], [ 82.4454, 26.2959 ], [ 82.4379, 26.2924 ], [ 82.4391, 26.29 ], [ 82.4607, 26.2869 ], [ 82.4675, 26.2813 ], [ 82.4745, 26.2888 ], [ 82.4839, 26.2844 ], [ 82.5062, 26.2949 ], [ 82.5208, 26.2831 ], [ 82.5275, 26.2854 ], [ 82.537, 26.2822 ], [ 82.5435, 26.2875 ], [ 82.5625, 26.2704 ], [ 82.5693, 26.2696 ], [ 82.5723, 26.2605 ], [ 82.5882, 26.2621 ], [ 82.5941, 26.2639 ], [ 82.5938, 26.2682 ], [ 82.5983, 26.268 ], [ 82.6056, 26.2583 ], [ 82.629, 26.2492 ], [ 82.634, 26.2562 ], [ 82.6417, 26.2486 ], [ 82.6581, 26.2657 ], [ 82.66, 26.2559 ], [ 82.6711, 26.259 ], [ 82.6719, 26.2458 ], [ 82.665, 26.2349 ], [ 82.6683, 26.2269 ], [ 82.6755, 26.2257 ], [ 82.6804, 26.2153 ], [ 82.6766, 26.1943 ], [ 82.6799, 26.1789 ], [ 82.6765, 26.1687 ], [ 82.6853, 26.1619 ], [ 82.6817, 26.1564 ], [ 82.6731, 26.1547 ], [ 82.6627, 26.1651 ], [ 82.6488, 26.1696 ], [ 82.6327, 26.163 ], [ 82.6337, 26.1699 ], [ 82.6446, 26.1774 ], [ 82.6182, 26.1749 ], [ 82.6176, 26.185 ], [ 82.6109, 26.1863 ], [ 82.6018, 26.1969 ], [ 82.5916, 26.1996 ], [ 82.5897, 26.1847 ], [ 82.5828, 26.1819 ], [ 82.5752, 26.1915 ], [ 82.5732, 26.1707 ], [ 82.5625, 26.1669 ], [ 82.5633, 26.1582 ], [ 82.5679, 26.1561 ], [ 82.5556, 26.1478 ], [ 82.5662, 26.1432 ], [ 82.5607, 26.1346 ], [ 82.5335, 26.1413 ], [ 82.5268, 26.1493 ], [ 82.5125, 26.1464 ], [ 82.5087, 26.1415 ], [ 82.5029, 26.1432 ], [ 82.494, 26.1373 ], [ 82.4886, 26.1375 ], [ 82.4789, 26.1475 ], [ 82.4741, 26.1456 ], [ 82.4686, 26.1341 ], [ 82.4456, 26.1381 ], [ 82.4358, 26.1363 ], [ 82.4368, 26.1156 ], [ 82.4279, 26.1063 ], [ 82.4282, 26.1016 ], [ 82.438, 26.1 ], [ 82.4526, 26.0811 ], [ 82.458, 26.0778 ], [ 82.4677, 26.0792 ], [ 82.4697, 26.0742 ], [ 82.4653, 26.066 ], [ 82.4558, 26.0662 ], [ 82.454, 26.0575 ], [ 82.458, 26.0572 ], [ 82.4576, 26.0479 ], [ 82.4702, 26.0415 ], [ 82.482, 26.0459 ], [ 82.4963, 26.0433 ], [ 82.5073, 26.0347 ], [ 82.5007, 26.0193 ], [ 82.5129, 26.0155 ], [ 82.5147, 26.0044 ], [ 82.4977, 25.9976 ], [ 82.4949, 25.9923 ], [ 82.5018, 25.9858 ], [ 82.4892, 25.9772 ], [ 82.4797, 25.9762 ], [ 82.4767, 26.0021 ], [ 82.4684, 26.0084 ], [ 82.4359, 26.0089 ], [ 82.4066, 26.0162 ], [ 82.3929, 26.0135 ], [ 82.3934, 26.0325 ], [ 82.3851, 26.0353 ], [ 82.3789, 26.0314 ], [ 82.3729, 26.0357 ], [ 82.3479, 26.0109 ], [ 82.3381, 26.0092 ], [ 82.3355, 26.013 ], [ 82.3398, 26.0205 ], [ 82.3173, 26.0348 ], [ 82.3118, 26.0339 ], [ 82.3111, 26.0439 ], [ 82.3049, 26.0417 ], [ 82.3023, 26.046 ], [ 82.2712, 26.0507 ], [ 82.2643, 26.0427 ], [ 82.2516, 26.0499 ], [ 82.2429, 26.0605 ], [ 82.2387, 26.0606 ], [ 82.2229, 26.0447 ], [ 82.2212, 26.0368 ], [ 82.1943, 26.0188 ], [ 82.1777, 26.0449 ], [ 82.1651, 26.0459 ], [ 82.163, 26.0532 ], [ 82.1428, 26.0613 ], [ 82.1334, 26.0632 ], [ 82.1244, 26.0589 ], [ 82.1074, 26.0771 ], [ 82.1003, 26.0794 ], [ 82.1078, 26.0916 ], [ 82.1109, 26.1102 ], [ 82.1254, 26.1146 ], [ 82.1455, 26.1145 ], [ 82.137, 26.1409 ], [ 82.1471, 26.1436 ], [ 82.1638, 26.1397 ], [ 82.1715, 26.1494 ], [ 82.1684, 26.1594 ], [ 82.176, 26.1649 ], [ 82.1853, 26.159 ], [ 82.1976, 26.189 ], [ 82.2116, 26.1918 ], [ 82.2202, 26.181 ], [ 82.2283, 26.1864 ], [ 82.2251, 26.1992 ], [ 82.2295, 26.2054 ], [ 82.2271, 26.218 ], [ 82.2375, 26.2363 ], [ 82.2281, 26.2515 ], [ 82.2419, 26.2549 ], [ 82.2467, 26.2616 ], [ 82.2471, 26.2736 ], [ 82.256, 26.283 ], [ 82.2727, 26.2872 ], [ 82.2683, 26.2945 ], [ 82.257, 26.3006 ], [ 82.2623, 26.303 ], [ 82.2789, 26.2966 ], [ 82.2912, 26.2977 ], [ 82.3184, 26.2856 ], [ 82.3362, 26.2832 ], [ 82.3426, 26.2881 ], [ 82.35, 26.2829 ], [ 82.3586, 26.2934 ], [ 82.351, 26.2971 ], [ 82.3411, 26.3195 ], [ 82.3212, 26.332 ], [ 82.3233, 26.3437 ], [ 82.3163, 26.3479 ], [ 82.3142, 26.3574 ], [ 82.3083, 26.3628 ], [ 82.3164, 26.3762 ], [ 82.3149, 26.3867 ], [ 82.3608, 26.3851 ] ] ] } },
{ "type": "Feature", "properties": { "unit_id": "IND.34.73.2_1", "unit_name": "Sultanpur", "district": "Sultanpur", "did": "uttar_pradesh:Sultanpur", "state": "Uttar Pradesh", "state_key": "uttar_pradesh", "name_ok": true }, "geometry": { "type": "Polygon", "coordinates": [ [ [ 82.2401, 26.3957 ], [ 82.2482, 26.3979 ], [ 82.2495, 26.4057 ], [ 82.2609, 26.4064 ], [ 82.2727, 26.3924 ], [ 82.2928, 26.4066 ], [ 82.3123, 26.3948 ], [ 82.3079, 26.3837 ], [ 82.3149, 26.3867 ], [ 82.3164, 26.3762 ], [ 82.3083, 26.3628 ], [ 82.3142, 26.3574 ], [ 82.3163, 26.3479 ], [ 82.3233, 26.3437 ], [ 82.3212, 26.332 ], [ 82.3411, 26.3195 ], [ 82.351, 26.2971 ], [ 82.3586, 26.2934 ], [ 82.35, 26.2829 ], [ 82.3426, 26.2881 ], [ 82.3362, 26.2832 ], [ 82.3184, 26.2856 ], [ 82.2912, 26.2977 ], [ 82.2789, 26.2966 ], [ 82.2623, 26.303 ], [ 82.257, 26.3006 ], [ 82.2683, 26.2945 ], [ 82.2727, 26.2872 ], [ 82.256, 26.283 ], [ 82.2471, 26.2736 ], [ 82.2467, 26.2616 ], [ 82.2419, 26.2549 ], [ 82.2281, 26.2515 ], [ 82.2375, 26.2363 ], [ 82.2271, 26.218 ], [ 82.2295, 26.2054 ], [ 82.2251, 26.1992 ], [ 82.2283, 26.1864 ], [ 82.2252, 26.1824 ], [ 82.2202, 26.181 ], [ 82.2116, 26.1918 ], [ 82.1976, 26.189 ], [ 82.1853, 26.159 ], [ 82.176, 26.1649 ], [ 82.1684, 26.1594 ], [ 82.1715, 26.1494 ], [ 82.1638, 26.1397 ], [ 82.1471, 26.1436 ], [ 82.137, 26.1409 ], [ 82.1455, 26.1145 ], [ 82.1254, 26.1146 ], [ 82.1109, 26.1102 ], [ 82.1078, 26.0916 ], [ 82.0971, 26.0785 ], [ 82.0962, 26.0695 ], [ 82.0836, 26.0715 ], [ 82.0576, 26.0556 ], [ 82.0514, 26.0559 ], [ 82.0445, 26.0632 ], [ 82.0467, 26.0718 ], [ 82.058, 26.0776 ], [ 82.066, 26.0934 ], [ 82.0545, 26.1014 ], [ 82.0478, 26.101 ], [ 82.0415, 26.1098 ], [ 82.0388, 26.1214 ], [ 82.0415, 26.134 ], [ 82.0503, 26.1365 ], [ 82.0437, 26.1549 ], [ 82.0201, 26.1622 ], [ 82.0159, 26.1771 ], [ 82.0106, 26.1803 ], [ 81.9908, 26.1841 ], [ 81.9786, 26.1919 ], [ 81.9674, 26.2012 ], [ 81.9597, 26.2234 ], [ 81.9397, 26.2162 ], [ 81.9344, 26.2253 ], [ 81.919, 26.226 ], [ 81.9006, 26.2409 ], [ 81.8982, 26.2589 ], [ 81.8875, 26.2663 ], [ 81.8809, 26.2651 ], [ 81.8731, 26.2742 ], [ 81.866, 26.2759 ], [ 81.867, 26.2864 ], [ 81.8432, 26.2856 ], [ 81.8317, 26.3207 ], [ 81.8009, 26.3306 ], [ 81.8009, 26.3361 ], [ 81.8145, 26.342 ], [ 81.8234, 26.3374 ], [ 81.8347, 26.3382 ], [ 81.8373, 26.3428 ], [ 81.8506, 26.3479 ], [ 81.8608, 26.3622 ], [ 81.8619, 26.3781 ], [ 81.8731, 26.391 ], [ 81.897, 26.3826 ], [ 81.9038, 26.3894 ], [ 81.9193, 26.3849 ], [ 81.9249, 26.389 ], [ 81.9273, 26.399 ], [ 81.9242, 26.4042 ], [ 81.932, 26.4024 ], [ 81.93, 26.4098 ], [ 81.9374, 26.417 ], [ 81.9361, 26.4248 ], [ 81.9288, 26.4304 ], [ 81.9389, 26.4448 ], [ 81.9402, 26.4537 ], [ 81.9204, 26.4574 ], [ 81.914, 26.4529 ], [ 81.9187, 26.4492 ], [ 81.9146, 26.446 ], [ 81.8971, 26.4527 ], [ 81.8952, 26.4699 ], [ 81.9098, 26.4684 ], [ 81.9232, 26.4718 ], [ 81.9238, 26.4798 ], [ 81.9163, 26.4871 ], [ 81.9009, 26.4897 ], [ 81.9056, 26.4939 ], [ 81.9056, 26.4979 ], [ 81.9021, 26.4973 ], [ 81.9048, 26.509 ], [ 81.9019, 26.5111 ], [ 81.9094, 26.5209 ], [ 81.9273, 26.5105 ], [ 81.965, 26.5149 ], [ 81.9752, 26.5097 ], [ 81.9747, 26.5044 ], [ 81.9801, 26.4999 ], [ 81.9969, 26.4928 ], [ 82.0014, 26.4945 ], [ 82.0001, 26.4819 ], [ 82.0082, 26.4845 ], [ 82.0109, 26.494 ], [ 82.015, 26.4949 ], [ 82.026, 26.4841 ], [ 82.0293, 26.4879 ], [ 82.0341, 26.4855 ], [ 82.0332, 26.4747 ], [ 82.0406, 26.4716 ], [ 82.0548, 26.48 ], [ 82.0737, 26.474 ], [ 82.0854, 26.4794 ], [ 82.1001, 26.4748 ], [ 82.1025, 26.4646 ], [ 82.1068, 26.4618 ], [ 82.1118, 26.4616 ], [ 82.1197, 26.4713 ], [ 82.1247, 26.4699 ], [ 82.1298, 26.4652 ], [ 82.1291, 26.4587 ], [ 82.1186, 26.4571 ], [ 82.1174, 26.4531 ], [ 82.1295, 26.4475 ], [ 82.1443, 26.4499 ], [ 82.1474, 26.4458 ], [ 82.141, 26.4349 ], [ 82.1507, 26.435 ], [ 82.1545, 26.4272 ], [ 82.1613, 26.4249 ], [ 82.1784, 26.4237 ], [ 82.1789, 26.4114 ], [ 82.2116, 26.4114 ], [ 82.2401, 26.3957 ] ] ] } },
{ "type": "Feature", "properties": { "unit_id": "IND.34.74.1_1", "unit_name": "Hasanganj", "district": "Unnao", "did": "uttar_pradesh:Unnao", "state": "Uttar Pradesh", "state_key": "uttar_pradesh", "name_ok": true }, "geometry": { "type": "Polygon", "coordinates": [ [ [ 80.4202, 26.9173 ], [ 80.4154, 26.9281 ], [ 80.418, 26.9469 ], [ 80.4378, 26.9531 ], [ 80.4364, 26.972 ], [ 80.453, 26.9823 ], [ 80.468, 26.9819 ], [ 80.471, 26.9896 ], [ 80.4781, 26.9937 ], [ 80.4915, 26.9904 ], [ 80.5195, 27.0126 ], [ 80.5349, 27.007 ], [ 80.5407, 27.0183 ], [ 80.5701, 27.0062 ], [ 80.5779, 26.9912 ], [ 80.5903, 26.9893 ], [ 80.5845, 26.9742 ], [ 80.5886, 26.968 ], [ 80.5858, 26.9603 ], [ 80.5783, 26.9587 ], [ 80.576, 26.9657 ], [ 80.5613, 26.9602 ], [ 80.5512, 26.9417 ], [ 80.572, 26.9309 ], [ 80.5821, 26.9474 ], [ 80.5996, 26.9494 ], [ 80.614, 26.9141 ], [ 80.6314, 26.9083 ], [ 80.6177, 26.8941 ], [ 80.6182, 26.8858 ], [ 80.6362, 26.8822 ], [ 80.6712, 26.8659 ], [ 80.6841, 26.8553 ], [ 80.6825, 26.8427 ], [ 80.6989, 26.8294 ], [ 80.7181, 26.7994 ], [ 80.7311, 26.7946 ], [ 80.7281, 26.7808 ], [ 80.7461, 26.779 ], [ 80.7411, 26.7697 ], [ 80.7304, 26.7668 ], [ 80.7223, 26.7596 ], [ 80.6873, 26.768 ], [ 80.683, 26.7652 ], [ 80.6819, 26.7613 ], [ 80.6882, 26.753 ], [ 80.693, 26.7522 ], [ 80.6949, 26.7417 ], [ 80.6912, 26.7335 ], [ 80.6966, 26.7237 ], [ 80.6898, 26.7244 ], [ 80.7056, 26.7123 ], [ 80.7082, 26.7048 ], [ 80.6878, 26.6909 ], [ 80.6979, 26.6882 ], [ 80.7071, 26.678 ], [ 80.7051, 26.6731 ], [ 80.7199, 26.661 ], [ 80.7368, 26.6713 ], [ 80.7346, 26.6795 ], [ 80.7475, 26.6913 ], [ 80.7531, 26.6901 ], [ 80.7521, 26.6863 ], [ 80.76, 26.6822 ], [ 80.7575, 26.6737 ], [ 80.761, 26.6684 ], [ 80.7746, 26.6711 ], [ 80.785, 26.6514 ], [ 80.8063, 26.6608 ], [ 80.8167, 26.6549 ], [ 80.8203, 26.6515 ], [ 80.8168, 26.631 ], [ 80.8264, 26.6337 ], [ 80.8252, 26.6231 ], [ 80.8299, 26.6147 ], [ 80.8243, 26.605 ], [ 80.8204, 26.6084 ], [ 80.8136, 26.6056 ], [ 80.8077, 26.6112 ], [ 80.7842, 26.6143 ], [ 80.7887, 26.6312 ], [ 80.7761, 26.6412 ], [ 80.7587, 26.6377 ], [ 80.7604, 26.6334 ], [ 80.7499, 26.6215 ], [ 80.7393, 26.6118 ], [ 80.7302, 26.6128 ], [ 80.7182, 26.5963 ], [ 80.7193, 26.5861 ], [ 80.7304, 26.5732 ], [ 80.7147, 26.5663 ], [ 80.719, 26.5612 ], [ 80.71, 26.5529 ], [ 80.7039, 26.5669 ], [ 80.6986, 26.5677 ], [ 80.6908, 26.5536 ], [ 80.6842, 26.5633 ], [ 80.6906, 26.576 ], [ 80.6893, 26.5813 ], [ 80.6854, 26.582 ], [ 80.6741, 26.5733 ], [ 80.6571, 26.5734 ], [ 80.6573, 26.5854 ], [ 80.6651, 26.5933 ], [ 80.6622, 26.5973 ], [ 80.6569, 26.5984 ], [ 80.6476, 26.5914 ], [ 80.6087, 26.583 ], [ 80.5943, 26.5852 ], [ 80.5761, 26.5947 ], [ 80.5711, 26.5935 ], [ 80.5732, 26.6053 ], [ 80.5573, 26.6037 ], [ 80.5545, 26.6179 ], [ 80.5386, 26.6249 ], [ 80.5422, 26.634 ], [ 80.5116, 26.6507 ], [ 80.5125, 26.6592 ], [ 80.5009, 26.661 ], [ 80.497, 26.6567 ], [ 80.4908, 26.658 ], [ 80.4852, 26.6437 ], [ 80.472, 26.6444 ], [ 80.4662, 26.6403 ], [ 80.4602, 26.6405 ], [ 80.4567, 26.6516 ], [ 80.4496, 26.6542 ], [ 80.4458, 26.6514 ], [ 80.4321, 26.6572 ], [ 80.4271, 26.6633 ], [ 80.4313, 26.6732 ], [ 80.4268, 26.6771 ], [ 80.4147, 26.6783 ], [ 80.4248, 26.6927 ], [ 80.4308, 26.7143 ], [ 80.4261, 26.7194 ], [ 80.4299, 26.7254 ], [ 80.4275, 26.7341 ], [ 80.4309, 26.7381 ], [ 80.4406, 26.7379 ], [ 80.4407, 26.7456 ], [ 80.41, 26.7595 ], [ 80.3998, 26.7727 ], [ 80.3996, 26.7794 ], [ 80.4085, 26.7873 ], [ 80.412, 26.7996 ], [ 80.408, 26.8081 ], [ 80.4089, 26.8239 ], [ 80.4027, 26.831 ], [ 80.4091, 26.8422 ], [ 80.4093, 26.856 ], [ 80.4136, 26.8663 ], [ 80.4223, 26.8659 ], [ 80.4267, 26.8772 ], [ 80.4402, 26.8849 ], [ 80.4322, 26.892 ], [ 80.4329, 26.9007 ], [ 80.4267, 26.8909 ], [ 80.4219, 26.8901 ], [ 80.4169, 26.8966 ], [ 80.4062, 26.8928 ], [ 80.4202, 26.9173 ] ] ] } },
{ "type": "Feature", "properties": { "unit_id": "IND.34.74.2_1", "unit_name": "Purwa", "district": "Unnao", "did": "uttar_pradesh:Unnao", "state": "Uttar Pradesh", "state_key": "uttar_pradesh", "name_ok": true }, "geometry": { "type": "Polygon", "coordinates": [ [ [ 80.6452, 26.1521 ], [ 80.6255, 26.1516 ], [ 80.6055, 26.1565 ], [ 80.5955, 26.1768 ], [ 80.6018, 26.2025 ], [ 80.5989, 26.223 ], [ 80.5932, 26.2294 ], [ 80.5691, 26.2268 ], [ 80.5553, 26.2339 ], [ 80.5516, 26.239 ], [ 80.5521, 26.2712 ], [ 80.5664, 26.2757 ], [ 80.6128, 26.306 ], [ 80.6066, 26.3318 ], [ 80.6106, 26.3402 ], [ 80.6085, 26.35 ], [ 80.6331, 26.3708 ], [ 80.6615, 26.3859 ], [ 80.6536, 26.3941 ], [ 80.6573, 26.3992 ], [ 80.6704, 26.3977 ], [ 80.6719, 26.4046 ], [ 80.6551, 26.4107 ], [ 80.6524, 26.4165 ], [ 80.6544, 26.4221 ], [ 80.6656, 26.4188 ], [ 80.6701, 26.4195 ], [ 80.6717, 26.4244 ], [ 80.6729, 26.4572 ], [ 80.6769, 26.4587 ], [ 80.6713, 26.4625 ], [ 80.6711, 26.4701 ], [ 80.6647, 26.4723 ], [ 80.6629, 26.4846 ], [ 80.6711, 26.4947 ], [ 80.678, 26.4953 ], [ 80.6863, 26.5171 ], [ 80.6839, 26.5331 ], [ 80.6939, 26.5415 ], [ 80.6908, 26.5536 ], [ 80.6986, 26.5677 ], [ 80.7039, 26.5669 ], [ 80.71, 26.5529 ], [ 80.719, 26.5612 ], [ 80.7147, 26.5663 ], [ 80.7304, 26.5732 ], [ 80.7193, 26.5861 ], [ 80.7206, 26.6 ], [ 80.7302, 26.6128 ], [ 80.7393, 26.6118 ], [ 80.7499, 26.6215 ], [ 80.7604, 26.6334 ], [ 80.7587, 26.6377 ], [ 80.7761, 26.6412 ], [ 80.7887, 26.6312 ], [ 80.7842, 26.6143 ], [ 80.8077, 26.6112 ], [ 80.8136, 26.6056 ], [ 80.8204, 26.6084 ], [ 80.8243, 26.605 ], [ 80.8299, 26.6147 ], [ 80.8252, 26.6231 ], [ 80.8264, 26.6337 ], [ 80.8168, 26.631 ], [ 80.8203, 26.6515 ], [ 80.8063, 26.6608 ], [ 80.8333, 26.6681 ], [ 80.8412, 26.6564 ], [ 80.8635, 26.6473 ], [ 80.8736, 26.6363 ], [ 80.8716, 26.6312 ], [ 80.8629, 26.6264 ], [ 80.8677, 26.6192 ], [ 80.8749, 26.6265 ], [ 80.8828, 26.6266 ], [ 80.8825, 26.6029 ], [ 80.8966, 26.5959 ], [ 80.8998, 26.6024 ], [ 80.9094, 26.5946 ], [ 80.9107, 26.598 ], [ 80.9131, 26.5944 ], [ 80.9172, 26.5966 ], [ 80.9236, 26.5904 ], [ 80.9183, 26.5893 ], [ 80.9233, 26.5792 ], [ 80.9321, 26.573 ], [ 80.9274, 26.5726 ], [ 80.9365, 26.5687 ], [ 80.9453, 26.5728 ], [ 80.9437, 26.5666 ], [ 80.9609, 26.5593 ], [ 80.9569, 26.5542 ], [ 80.9712, 26.5555 ], [ 80.9706, 26.5485 ], [ 80.9783, 26.5494 ], [ 80.9789, 26.5397 ], [ 80.9905, 26.5399 ], [ 80.9927, 26.5217 ], [ 80.9984, 26.518 ], [ 80.9857, 26.5149 ], [ 80.9979, 26.5093 ], [ 80.996, 26.5047 ], [ 80.989, 26.5086 ], [ 80.9839, 26.5042 ], [ 80.9923, 26.497 ], [ 80.9941, 26.4882 ], [ 80.9842, 26.4786 ], [ 80.9843, 26.4847 ], [ 80.9818, 26.4879 ], [ 80.9786, 26.486 ], [ 80.9758, 26.4723 ], [ 80.9826, 26.4705 ], [ 80.9882, 26.4496 ], [ 81.0038, 26.4347 ], [ 81.0019, 26.4268 ], [ 81.009, 26.4212 ], [ 81.0121, 26.4255 ], [ 81.017, 26.4173 ], [ 81.022, 26.4166 ], [ 81.0168, 26.4077 ], [ 81.0235, 26.395 ], [ 81.0218, 26.3809 ], [ 81.0261, 26.3832 ], [ 81.0287, 26.38 ], [ 81.0417, 26.3781 ], [ 81.0287, 26.3656 ], [ 81.0148, 26.3664 ], [ 81.0099, 26.3615 ], [ 80.9986, 26.3587 ], [ 80.9908, 26.3503 ], [ 80.9936, 26.3304 ], [ 80.9895, 26.3186 ], [ 80.9801, 26.3192 ], [ 80.9723, 26.3132 ], [ 80.9656, 26.3146 ], [ 80.9601, 26.3115 ], [ 80.9426, 26.3122 ], [ 80.9362, 26.3212 ], [ 80.9339, 26.3253 ], [ 80.9408, 26.3343 ], [ 80.9409, 26.3493 ], [ 80.9293, 26.3616 ], [ 80.9159, 26.3456 ], [ 80.91, 26.3543 ], [ 80.9013, 26.3564 ], [ 80.8921, 26.3549 ], [ 80.8846, 26.3477 ], [ 80.8823, 26.3621 ], [ 80.8763, 26.364 ], [ 80.8579, 26.3607 ], [ 80.8558, 26.3635 ], [ 80.8594, 26.3695 ], [ 80.8562, 26.374 ], [ 80.8515, 26.37 ], [ 80.8369, 26.376 ], [ 80.8227, 26.3539 ], [ 80.8229, 26.3461 ], [ 80.8286, 26.3442 ], [ 80.837, 26.333 ], [ 80.8486, 26.3317 ], [ 80.8625, 26.3207 ], [ 80.862, 26.3098 ], [ 80.8693, 26.31 ], [ 80.8722, 26.3073 ], [ 80.8697, 26.3034 ], [ 80.8742, 26.3025 ], [ 80.8726, 26.2985 ], [ 80.8786, 26.2967 ], [ 80.8709, 26.2831 ], [ 80.8552, 26.2718 ], [ 80.8411, 26.249 ], [ 80.8354, 26.2487 ], [ 80.8369, 26.2415 ], [ 80.8268, 26.2404 ], [ 80.817, 26.2315 ], [ 80.8102, 26.2175 ], [ 80.817, 26.215 ], [ 80.8134, 26.2066 ], [ 80.8035, 26.2071 ], [ 80.8031, 26.2125 ], [ 80.7936, 26.2165 ], [ 80.7917, 26.2132 ], [ 80.7812, 26.2115 ], [ 80.7626, 26.2171 ], [ 80.7574, 26.2074 ], [ 80.7693, 26.1992 ], [ 80.7618, 26.1869 ], [ 80.7475, 26.1905 ], [ 80.7367, 26.1858 ], [ 80.73, 26.1767 ], [ 80.7227, 26.181 ], [ 80.6986, 26.1634 ], [ 80.6886, 26.1651 ], [ 80.6799, 26.1468 ], [ 80.6856, 26.1412 ], [ 80.6914, 26.1219 ], [ 80.6899, 26.1194 ], [ 80.677, 26.1202 ], [ 80.6672, 26.1261 ], [ 80.6452, 26.1521 ] ] ] } },
{ "type": "Feature", "properties": { "unit_id": "IND.34.74.3_1", "unit_name": "Safipur", "district": "Unnao", "did": "uttar_pradesh:Unnao", "state": "Uttar Pradesh", "state_key": "uttar_pradesh", "name_ok": true }, "geometry": { "type": "Polygon", "coordinates": [ [ [ 80.0487, 26.9392 ], [ 80.0764, 26.9645 ], [ 80.0956, 26.9659 ], [ 80.0908, 26.9852 ], [ 80.1053, 27.0006 ], [ 80.1115, 27.0006 ], [ 80.1127, 26.9958 ], [ 80.1079, 26.9923 ], [ 80.1172, 26.9874 ], [ 80.1246, 26.9942 ], [ 80.1301, 26.99 ], [ 80.1367, 26.9914 ], [ 80.1355, 26.9857 ], [ 80.139, 26.9841 ], [ 80.1523, 26.9907 ], [ 80.1631, 27.0026 ], [ 80.1748, 27.0014 ], [ 80.1703, 26.9823 ], [ 80.1637, 26.9759 ], [ 80.1646, 26.9642 ], [ 80.168, 26.9625 ], [ 80.1812, 26.966 ], [ 80.1959, 26.9758 ], [ 80.2111, 26.9707 ], [ 80.2119, 26.9739 ], [ 80.2201, 26.9759 ], [ 80.2328, 27.018 ], [ 80.2472, 27.0237 ], [ 80.2424, 27.0322 ], [ 80.245, 27.0344 ], [ 80.2759, 27.0356 ], [ 80.2839, 27.0274 ], [ 80.2964, 27.0302 ], [ 80.2985, 27.0192 ], [ 80.2858, 27.0062 ], [ 80.2891, 27.0011 ], [ 80.3071, 26.9923 ], [ 80.3187, 26.9949 ], [ 80.3304, 26.9727 ], [ 80.3294, 26.9539 ], [ 80.3514, 26.9282 ], [ 80.3602, 26.9331 ], [ 80.3637, 26.9308 ], [ 80.3775, 26.9351 ], [ 80.3845, 26.9272 ], [ 80.3896, 26.9105 ], [ 80.4062, 26.8928 ], [ 80.4169, 26.8966 ], [ 80.4219, 26.8901 ], [ 80.4267, 26.8909 ], [ 80.4329, 26.9007 ], [ 80.4322, 26.892 ], [ 80.4402, 26.8849 ], [ 80.4267, 26.8772 ], [ 80.4223, 26.8659 ], [ 80.4136, 26.8663 ], [ 80.4093, 26.856 ], [ 80.4091, 26.8422 ], [ 80.4027, 26.831 ], [ 80.4089, 26.8239 ], [ 80.408, 26.8081 ], [ 80.412, 26.7996 ], [ 80.4085, 26.7873 ], [ 80.3996, 26.7794 ], [ 80.3998, 26.7727 ], [ 80.41, 26.7595 ], [ 80.4407, 26.7456 ], [ 80.4406, 26.7379 ], [ 80.4309, 26.7381 ], [ 80.4275, 26.7341 ], [ 80.4299, 26.7254 ], [ 80.4261, 26.7194 ], [ 80.4308, 26.7143 ], [ 80.4248, 26.6927 ], [ 80.4147, 26.6783 ], [ 80.4268, 26.6771 ], [ 80.4313, 26.6732 ], [ 80.4271, 26.6633 ], [ 80.4141, 26.6581 ], [ 80.4035, 26.6589 ], [ 80.3982, 26.673 ], [ 80.384, 26.6733 ], [ 80.3662, 26.6466 ], [ 80.3542, 26.6438 ], [ 80.3539, 26.6512 ], [ 80.3422, 26.6593 ], [ 80.3315, 26.6569 ], [ 80.3123, 26.6673 ], [ 80.304, 26.6695 ], [ 80.3024, 26.6672 ], [ 80.2958, 26.6781 ], [ 80.2908, 26.6796 ], [ 80.2613, 26.6591 ], [ 80.2498, 26.6749 ], [ 80.2301, 26.6911 ], [ 80.1947, 26.6884 ], [ 80.1772, 26.6922 ], [ 80.1476, 26.7275 ], [ 80.1319, 26.7379 ], [ 80.1238, 26.7483 ], [ 80.1106, 26.7809 ], [ 80.1122, 26.8012 ], [ 80.0955, 26.8433 ], [ 80.0974, 26.8772 ], [ 80.0788, 26.8932 ], [ 80.0795, 26.9021 ], [ 80.058, 26.9245 ], [ 80.0421, 26.9247 ], [ 80.0487, 26.9392 ] ] ] } },
{ "type": "Feature", "properties": { "unit_id": "IND.34.74.4_1", "unit_name": "Unnao", "district": "Unnao", "did": "uttar_pradesh:Unnao", "state": "Uttar Pradesh", "state_key": "uttar_pradesh", "name_ok": true }, "geometry": { "type": "Polygon", "coordinates": [ [ [ 80.2613, 26.6591 ], [ 80.2908, 26.6796 ], [ 80.2958, 26.6781 ], [ 80.3024, 26.6672 ], [ 80.304, 26.6695 ], [ 80.3123, 26.6673 ], [ 80.3315, 26.6569 ], [ 80.3422, 26.6593 ], [ 80.3539, 26.6512 ], [ 80.3542, 26.6438 ], [ 80.3662, 26.6466 ], [ 80.3813, 26.6717 ], [ 80.3902, 26.6742 ], [ 80.3982, 26.673 ], [ 80.4035, 26.6589 ], [ 80.4141, 26.6581 ], [ 80.4271, 26.6633 ], [ 80.4321, 26.6572 ], [ 80.4458, 26.6514 ], [ 80.4496, 26.6542 ], [ 80.4567, 26.6516 ], [ 80.4602, 26.6405 ], [ 80.472, 26.6444 ], [ 80.4852, 26.6437 ], [ 80.4908, 26.658 ], [ 80.497, 26.6567 ], [ 80.5009, 26.661 ], [ 80.5125, 26.6592 ], [ 80.5116, 26.6507 ], [ 80.5422, 26.634 ], [ 80.5386, 26.6249 ], [ 80.5545, 26.6179 ], [ 80.5573, 26.6037 ], [ 80.5713, 26.6072 ], [ 80.5711, 26.5935 ], [ 80.5761, 26.5947 ], [ 80.5943, 26.5852 ], [ 80.6087, 26.583 ], [ 80.6476, 26.5914 ], [ 80.6569, 26.5984 ], [ 80.6651, 26.5933 ], [ 80.6573, 26.5854 ], [ 80.6571, 26.5734 ], [ 80.6741, 26.5733 ], [ 80.6854, 26.582 ], [ 80.6893, 26.5813 ], [ 80.6906, 26.576 ], [ 80.6842, 26.5633 ], [ 80.6939, 26.5415 ], [ 80.6839, 26.5331 ], [ 80.6863, 26.5171 ], [ 80.678, 26.4953 ], [ 80.6711, 26.4947 ], [ 80.6629, 26.4846 ], [ 80.6647, 26.4723 ], [ 80.6711, 26.4701 ], [ 80.6713, 26.4625 ], [ 80.6769, 26.4587 ], [ 80.6729, 26.4572 ], [ 80.6717, 26.4244 ], [ 80.6701, 26.4195 ], [ 80.6656, 26.4188 ], [ 80.6544, 26.4221 ], [ 80.6524, 26.4165 ], [ 80.6551, 26.4107 ], [ 80.6719, 26.4046 ], [ 80.6704, 26.3977 ], [ 80.6573, 26.3992 ], [ 80.6536, 26.3941 ], [ 80.6615, 26.3859 ], [ 80.6331, 26.3708 ], [ 80.6085, 26.35 ], [ 80.6106, 26.3402 ], [ 80.6066, 26.3318 ], [ 80.6128, 26.306 ], [ 80.6092, 26.3025 ], [ 80.5664, 26.2757 ], [ 80.5521, 26.2712 ], [ 80.5456, 26.2934 ], [ 80.5281, 26.3268 ], [ 80.5296, 26.342 ], [ 80.5242, 26.3626 ], [ 80.4133, 26.4291 ], [ 80.3949, 26.4467 ], [ 80.3962, 26.4618 ], [ 80.3909, 26.4695 ], [ 80.3529, 26.4815 ], [ 80.3387, 26.4909 ], [ 80.3006, 26.5308 ], [ 80.2872, 26.553 ], [ 80.2858, 26.5652 ], [ 80.2947, 26.611 ], [ 80.2613, 26.6591 ] ] ] } },
{ "type": "Feature", "properties": { "unit_id": "IND.34.75.1_1", "unit_name": "Varanasi", "district": "Varanasi", "did": "uttar_pradesh:Varanasi", "state": "Uttar Pradesh", "state_key": "uttar_pradesh", "name_ok": true }, "geometry": { "type": "Polygon", "coordinates": [ [ [ 83.1616, 25.4897 ], [ 83.1352, 25.4717 ], [ 83.1222, 25.4519 ], [ 83.1222, 25.4465 ], [ 83.1504, 25.4383 ], [ 83.1824, 25.4214 ], [ 83.1852, 25.4009 ], [ 83.1672, 25.3541 ], [ 83.1535, 25.3333 ], [ 83.1371, 25.3204 ], [ 83.129, 25.3195 ], [ 83.0816, 25.3325 ], [ 83.0321, 25.32 ], [ 83.0087, 25.3056 ], [ 83.0053, 25.295 ], [ 83.0406, 25.2844 ], [ 83.0379, 25.2719 ], [ 83.0433, 25.2702 ], [ 83.0495, 25.2567 ], [ 83.0626, 25.2472 ], [ 83.0406, 25.2496 ], [ 83.0235, 25.2442 ], [ 83.0128, 25.221 ], [ 82.9938, 25.205 ], [ 82.925, 25.2105 ], [ 82.9104, 25.2155 ], [ 82.8959, 25.2145 ], [ 82.8934, 25.218 ], [ 82.8751, 25.202 ], [ 82.8684, 25.2042 ], [ 82.8631, 25.202 ], [ 82.8617, 25.1952 ], [ 82.8675, 25.1921 ], [ 82.8484, 25.1715 ], [ 82.8296, 25.1703 ], [ 82.8266, 25.1764 ], [ 82.819, 25.1797 ], [ 82.8172, 25.1877 ], [ 82.8015, 25.1908 ], [ 82.7954, 25.1748 ], [ 82.7853, 25.1816 ], [ 82.7943, 25.1924 ], [ 82.7828, 25.1955 ], [ 82.7759, 25.2073 ], [ 82.784, 25.2124 ], [ 82.8083, 25.2088 ], [ 82.7966, 25.2255 ], [ 82.8082, 25.2317 ], [ 82.8036, 25.2436 ], [ 82.8135, 25.2551 ], [ 82.8116, 25.2588 ], [ 82.7959, 25.2584 ], [ 82.7775, 25.251 ], [ 82.7776, 25.242 ], [ 82.7831, 25.2338 ], [ 82.7767, 25.2316 ], [ 82.7681, 25.2383 ], [ 82.7714, 25.2512 ], [ 82.7629, 25.2628 ], [ 82.7729, 25.2679 ], [ 82.7715, 25.2739 ], [ 82.7646, 25.269 ], [ 82.7539, 25.2704 ], [ 82.7492, 25.2462 ], [ 82.7443, 25.2432 ], [ 82.7318, 25.248 ], [ 82.7284, 25.2567 ], [ 82.7066, 25.2556 ], [ 82.7022, 25.2653 ], [ 82.6759, 25.2648 ], [ 82.6636, 25.2509 ], [ 82.6668, 25.2838 ], [ 82.6808, 25.2832 ], [ 82.6852, 25.311 ], [ 82.6917, 25.3149 ], [ 82.6954, 25.323 ], [ 82.6923, 25.3298 ], [ 82.68, 25.3352 ], [ 82.6741, 25.3554 ], [ 82.6912, 25.3702 ], [ 82.6969, 25.3637 ], [ 82.7024, 25.3879 ], [ 82.7019, 25.3909 ], [ 82.6851, 25.3973 ], [ 82.6761, 25.4198 ], [ 82.6799, 25.4327 ], [ 82.7115, 25.4363 ], [ 82.7081, 25.4449 ], [ 82.6941, 25.45 ], [ 82.6972, 25.4604 ], [ 82.7278, 25.4649 ], [ 82.7277, 25.4736 ], [ 82.702, 25.4854 ], [ 82.7073, 25.5033 ], [ 82.7153, 25.5049 ], [ 82.7172, 25.5115 ], [ 82.7161, 25.5242 ], [ 82.7053, 25.5344 ], [ 82.7258, 25.5484 ], [ 82.7523, 25.5441 ], [ 82.7603, 25.5342 ], [ 82.771, 25.5317 ], [ 82.777, 25.5462 ], [ 82.7849, 25.545 ], [ 82.79, 25.5546 ], [ 82.8284, 25.5556 ], [ 82.8303, 25.5705 ], [ 82.8461, 25.5663 ], [ 82.8581, 25.5828 ], [ 82.8711, 25.5685 ], [ 82.8882, 25.5724 ], [ 82.9212, 25.5728 ], [ 82.9279, 25.5672 ], [ 82.9381, 25.5457 ], [ 82.9378, 25.5305 ], [ 82.9494, 25.5271 ], [ 82.9564, 25.5295 ], [ 82.9739, 25.5565 ], [ 82.9872, 25.555 ], [ 82.9973, 25.5491 ], [ 83.0028, 25.551 ], [ 83.0012, 25.5565 ], [ 82.997, 25.5562 ], [ 83.0131, 25.5781 ], [ 83.0207, 25.5733 ], [ 83.0355, 25.5423 ], [ 83.0548, 25.5587 ], [ 83.0637, 25.5533 ], [ 83.0691, 25.5406 ], [ 83.0557, 25.5311 ], [ 83.0805, 25.4942 ], [ 83.089, 25.5058 ], [ 83.101, 25.496 ], [ 83.1064, 25.4998 ], [ 83.1052, 25.5079 ], [ 83.0949, 25.5139 ], [ 83.09, 25.5227 ], [ 83.0938, 25.5273 ], [ 83.1097, 25.5235 ], [ 83.1237, 25.5105 ], [ 83.1485, 25.5052 ], [ 83.1503, 25.5198 ], [ 83.1654, 25.526 ], [ 83.1711, 25.5128 ], [ 83.1616, 25.4897 ] ] ] } }
]
}
