unit_id,unit_name,name_ok,district,state,tier,seasonal_low,lat,lon,area_km2
IND.1.1.1_1,n.a. ( 2304),False,Nicobar Islands,Andaman and Nicobar,experimental,False,6.9992,93.81,1726.8
IND.1.2.1_1,n.a. ( 2178),False,North and Middle Andaman,Andaman and Nicobar,experimental,False,12.6113,92.8317,3406.5
IND.1.3.1_1,n.a. ( 2178),False,South Andaman,Andaman and Nicobar,experimental,False,10.7044,92.489,2477.5
IND.2.1.1_1,Anantapur,True,Anantapur,Andhra Pradesh,experimental,False,14.694,77.5856,2397.8
IND.2.1.2_1,Dharmavaram,True,Anantapur,Andhra Pradesh,experimental,False,14.3892,77.6014,1892.7
IND.2.1.3_1,Gooty,True,Anantapur,Andhra Pradesh,experimental,False,15.0246,77.4416,2317.1
IND.2.1.4_1,Hindupur,True,Anantapur,Andhra Pradesh,experimental,False,13.8827,77.6119,1122.5
IND.2.1.5_1,Kadiri,True,Anantapur,Andhra Pradesh,experimental,False,14.1426,78.16,3033.1
IND.2.1.6_1,Kalyandurg,True,Anantapur,Andhra Pradesh,experimental,False,14.4832,77.1449,2117.0
IND.2.1.7_1,Madakasira,True,Anantapur,Andhra Pradesh,experimental,False,13.9654,77.1693,1074.6
IND.2.1.8_1,Penukonda,True,Anantapur,Andhra Pradesh,experimental,False,14.1212,77.6274,1759.1
IND.2.1.9_1,Rayadurg,True,Anantapur,Andhra Pradesh,experimental,False,14.805,77.0769,1777.5
IND.2.1.10_1,Tadpatri,True,Anantapur,Andhra Pradesh,experimental,False,14.8513,77.9608,1735.2
IND.2.2.1_1,Chandragiri,True,Chittoor,Andhra Pradesh,experimental,False,13.5826,79.2396,1421.7
IND.2.2.2_1,Chittoor,True,Chittoor,Andhra Pradesh,experimental,False,13.2433,79.0552,1797.8
IND.2.2.3_1,Kuppam,True,Chittoor,Andhra Pradesh,experimental,False,12.7717,78.385,804.1
IND.2.2.4_1,Madanapalle,True,Chittoor,Andhra Pradesh,experimental,False,13.7071,78.3396,2145.8
IND.2.2.5_1,Palmaner,True,Chittoor,Andhra Pradesh,experimental,False,13.0137,78.5493,1073.7
IND.2.2.6_1,Punganuru,True,Chittoor,Andhra Pradesh,experimental,False,13.4115,78.6515,1755.4
IND.2.2.7_1,Puttur,True,Chittoor,Andhra Pradesh,experimental,False,13.3407,79.4311,1482.9
IND.2.2.8_1,Satyavedu,True,Chittoor,Andhra Pradesh,experimental,False,13.4453,79.8416,1046.4
IND.2.2.9_1,Sri Kalahasti,True,Chittoor,Andhra Pradesh,experimental,False,13.6658,79.7217,1584.1
IND.2.2.10_1,Vayalipad,True,Chittoor,Andhra Pradesh,experimental,False,13.7366,78.893,2056.9
IND.2.3.1_1,Addatigala,True,East Godavari,Andhra Pradesh,experimental,True,17.632,81.8844,2198.0
IND.2.3.2_1,Amalapuram,True,East Godavari,Andhra Pradesh,experimental,True,16.5571,82.0292,420.9
IND.2.3.3_1,Kakinada,True,East Godavari,Andhra Pradesh,experimental,True,16.8947,82.1501,916.0
IND.2.3.4_1,Kottapeta,True,East Godavari,Andhra Pradesh,experimental,True,16.7581,81.8161,386.5
IND.2.3.5_1,Mummidivaram,True,East Godavari,Andhra Pradesh,experimental,True,16.6033,82.1577,473.6
IND.2.3.6_1,Peddapuram,True,East Godavari,Andhra Pradesh,experimental,True,17.1116,82.0347,769.6
IND.2.3.7_1,Pithapuram,True,East Godavari,Andhra Pradesh,experimental,True,17.1436,82.2884,330.4
IND.2.3.8_1,Prathipadu,True,East Godavari,Andhra Pradesh,experimental,True,17.3419,82.3011,787.6
IND.2.3.9_1,Rajahmundry,True,East Godavari,Andhra Pradesh,experimental,True,17.0689,81.8061,948.4
IND.2.3.10_1,Ramachandrapuram,True,East Godavari,Andhra Pradesh,experimental,True,16.8243,81.9602,746.4
IND.2.3.11_1,Rampa Chodavaram,True,East Godavari,Andhra Pradesh,experimental,True,17.5219,81.6978,1828.3
IND.2.3.12_1,Razole,True,East Godavari,Andhra Pradesh,experimental,True,16.4469,81.8651,437.4
IND.2.3.13_1,Tuni,True,East Godavari,Andhra Pradesh,experimental,True,17.3404,82.4964,511.7
IND.2.4.1_1,Bapatla,True,Guntur,Andhra Pradesh,experimental,True,15.9733,80.4924,790.5
IND.2.4.2_1,Guntur,True,Guntur,Andhra Pradesh,experimental,True,16.3412,80.4573,1556.3
IND.2.4.3_1,Guruzala,True,Guntur,Andhra Pradesh,experimental,True,16.4511,79.5682,2655.5
IND.2.4.4_1,Narasaraopet,True,Guntur,Andhra Pradesh,experimental,True,16.1959,80.0543,1194.6
IND.2.4.5_1,Repalle,True,Guntur,Andhra Pradesh,experimental,True,15.9484,80.7624,801.3
IND.2.4.6_1,Sattenapalle,True,Guntur,Andhra Pradesh,experimental,True,16.5335,80.1392,1816.0
IND.2.4.7_1,Tenali,True,Guntur,Andhra Pradesh,experimental,True,16.2317,80.6761,916.5
IND.2.4.8_1,Vinukonda,True,Guntur,Andhra Pradesh,experimental,True,16.0942,79.7228,1680.3
IND.2.5.1_1,Avanigadda,True,Krishna,Andhra Pradesh,experimental,True,16.0064,80.9827,1152.4
IND.2.5.2_1,Gannavaram,True,Krishna,Andhra Pradesh,experimental,True,16.492,80.8618,653.1
IND.2.5.3_1,Gudivada,True,Krishna,Andhra Pradesh,experimental,True,16.3852,81.0084,708.9
IND.2.5.4_1,Jaggayyapeta,True,Krishna,Andhra Pradesh,experimental,True,16.9164,80.1062,389.5
IND.2.5.5_1,Kaikalur,True,Krishna,Andhra Pradesh,experimental,True,16.5163,81.1928,745.9
IND.2.5.6_1,Machilipatnam,True,Krishna,Andhra Pradesh,experimental,True,16.1907,81.1215,918.0
IND.2.5.7_1,Nandigama,True,Krishna,Andhra Pradesh,experimental,True,16.7819,80.2885,1004.9
IND.2.5.8_1,Nuzvid,True,Krishna,Andhra Pradesh,experimental,True,16.7611,80.8755,880.5
IND.2.5.9_1,Tiruvuru,True,Krishna,Andhra Pradesh,experimental,True,16.9725,80.6454,1110.1
IND.2.5.10_1,Vijayawada,True,Krishna,Andhra Pradesh,experimental,True,16.6008,80.5131,1052.8
IND.2.6.1_1,Adoni,True,Kurnool,Andhra Pradesh,experimental,False,15.7488,77.3047,1979.2
IND.2.6.2_1,Allagadda,True,Kurnool,Andhra Pradesh,experimental,False,15.1566,78.6034,1584.2
IND.2.6.3_1,Alur,True,Kurnool,Andhra Pradesh,experimental,False,15.3667,77.2101,1590.3
IND.2.6.4_1,Atmakur,True,Kurnool,Andhra Pradesh,experimental,False,15.9045,78.6187,1850.0
IND.2.6.5_1,Banganapalli,True,Kurnool,Andhra Pradesh,experimental,False,15.2912,78.1496,821.6
IND.2.6.6_1,Dhone,True,Kurnool,Andhra Pradesh,experimental,False,15.3794,77.9277,2137.0
IND.2.6.7_1,Koilkuntla,True,Kurnool,Andhra Pradesh,experimental,False,15.1355,78.3061,1374.1
IND.2.6.8_1,Kurnool,True,Kurnool,Andhra Pradesh,experimental,False,15.7136,77.9356,1659.6
IND.2.6.9_1,Nandikotkur,True,Kurnool,Andhra Pradesh,experimental,False,15.8678,78.299,1101.5
IND.2.6.10_1,Nandyal,True,Kurnool,Andhra Pradesh,experimental,False,15.5351,78.4827,1739.5
IND.2.6.11_1,Pattikonda,True,Kurnool,Andhra Pradesh,experimental,False,15.4889,77.5443,1941.4
IND.2.7.1_1,Atmakur,True,Nellore,Andhra Pradesh,experimental,True,14.6075,79.5322,1656.7
IND.2.7.2_1,Gudur,True,Nellore,Andhra Pradesh,experimental,True,14.0658,79.9367,1104.7
IND.2.7.3_1,Kavali,True,Nellore,Andhra Pradesh,experimental,True,14.8533,79.8326,1536.9
IND.2.7.4_1,Kovvur,True,Nellore,Andhra Pradesh,experimental,True,14.6058,79.9814,1011.9
IND.2.7.14_1,Nellore,True,Nellore,Andhra Pradesh,experimental,True,14.3585,80.0013,1290.1
IND.2.7.15_1,Rapur,True,Nellore,Andhra Pradesh,experimental,True,14.2981,79.6106,1530.9
IND.2.7.16_1,Suluru,True,Nellore,Andhra Pradesh,experimental,True,13.7398,79.9521,707.6
IND.2.7.17_1,Udayagiri,True,Nellore,Andhra Pradesh,experimental,True,14.8385,79.3579,2357.1
IND.2.7.18_1,Venkatagiri,True,Nellore,Andhra Pradesh,experimental,True,14.004,79.6398,1166.9
IND.2.7.5_1,n.a. ( 1971),False,Nellore,Andhra Pradesh,experimental,True,13.7889,80.2283,203.3
IND.2.7.6_1,n.a. ( 1975),False,Nellore,Andhra Pradesh,experimental,True,13.8862,80.1557,105.9
IND.2.7.7_1,n.a. ( 1983),False,Nellore,Andhra Pradesh,experimental,True,13.6969,80.1256,304.0
IND.2.7.8_1,n.a. ( 1991),False,Nellore,Andhra Pradesh,experimental,True,13.6481,80.1335,21.9
IND.2.7.9_1,n.a. ( 1992),False,Nellore,Andhra Pradesh,experimental,True,13.6726,80.1046,0.2
IND.2.7.10_1,n.a. ( 1997),False,Nellore,Andhra Pradesh,experimental,True,13.6447,80.1046,0.6
IND.2.7.11_1,n.a. ( 1998),False,Nellore,Andhra Pradesh,experimental,True,13.639,80.0949,0.2
IND.2.7.12_1,n.a. ( 2000),False,Nellore,Andhra Pradesh,experimental,True,13.5817,80.1439,19.0
IND.2.7.13_1,n.a. ( 2002),False,Nellore,Andhra Pradesh,experimental,True,13.5879,80.055,0.1
IND.2.8.1_1,Addanki,True,Prakasam,Andhra Pradesh,experimental,True,15.8903,80.0299,1303.7
IND.2.8.2_1,Chirala,True,Prakasam,Andhra Pradesh,experimental,True,15.8222,80.2889,934.9
IND.2.8.3_1,Darsi,True,Prakasam,Andhra Pradesh,experimental,True,15.7895,79.6486,1584.4
IND.2.8.4_1,Giddalur,True,Prakasam,Andhra Pradesh,experimental,True,15.4926,78.9822,2674.9
IND.2.8.5_1,Kandukur,True,Prakasam,Andhra Pradesh,experimental,True,15.2186,79.8651,2069.5
IND.2.8.6_1,Kanigiri,True,Prakasam,Andhra Pradesh,experimental,True,15.2928,79.4063,2658.4
IND.2.8.7_1,Markapur,True,Prakasam,Andhra Pradesh,experimental,True,15.955,79.1966,3705.8
IND.2.8.8_1,Ongole,True,Prakasam,Andhra Pradesh,experimental,True,15.4787,80.0177,1352.2
IND.2.8.9_1,Podili,True,Prakasam,Andhra Pradesh,experimental,True,15.5615,79.5406,1511.7
IND.2.9.1_1,Chipurupalle,True,Srikakulam,Andhra Pradesh,experimental,True,18.258,83.7089,1168.7
IND.2.9.2_1,Ichchapuram,True,Srikakulam,Andhra Pradesh,experimental,True,19.0408,84.6724,219.8
IND.2.9.3_1,Narsannapeta,True,Srikakulam,Andhra Pradesh,experimental,True,18.4383,84.0809,484.3
IND.2.9.4_1,Palakonda,True,Srikakulam,Andhra Pradesh,experimental,True,18.5792,83.7109,1359.7
IND.2.9.5_1,Pathapatnam,True,Srikakulam,Andhra Pradesh,experimental,True,18.7636,83.9008,1168.1
IND.2.9.6_1,Sompeta,True,Srikakulam,Andhra Pradesh,experimental,True,18.9036,84.5181,570.3
IND.2.9.7_1,Srikakulam,True,Srikakulam,Andhra Pradesh,experimental,True,18.4285,83.884,592.4
IND.2.9.8_1,Tekkali,True,Srikakulam,Andhra Pradesh,experimental,True,18.6525,84.3104,713.1
IND.2.10.1_1,Anakapalli,True,Visakhapatnam,Andhra Pradesh,experimental,True,17.691,83.019,771.1
IND.2.10.2_1,Bhimunipatnam,True,Visakhapatnam,Andhra Pradesh,experimental,True,17.9133,83.3007,414.1
IND.2.10.3_1,Chintapalle,True,Visakhapatnam,Andhra Pradesh,experimental,True,17.8277,82.2927,2512.9
IND.2.10.4_1,Chodavaram,True,Visakhapatnam,Andhra Pradesh,experimental,True,17.9107,82.9031,1590.6
IND.2.10.6_1,Narsipatnam,True,Visakhapatnam,Andhra Pradesh,experimental,True,17.6174,82.5292,1228.9
IND.2.10.7_1,Paderu,True,Visakhapatnam,Andhra Pradesh,experimental,True,18.1804,82.6276,2938.6
IND.2.10.8_1,Vishakhapatnam,True,Visakhapatnam,Andhra Pradesh,experimental,True,17.7044,83.2,506.2
IND.2.10.9_1,Yellamanchili,True,Visakhapatnam,Andhra Pradesh,experimental,True,17.4392,82.7509,900.4
IND.2.10.5_1,n.a. ( 1651),False,Visakhapatnam,Andhra Pradesh,experimental,True,18.2068,83.0238,509.1
IND.2.11.1_1,Bobbili,True,Vizianagaram,Andhra Pradesh,experimental,True,18.5567,83.3965,799.4
IND.2.11.2_1,Gajapatinagaram,True,Vizianagaram,Andhra Pradesh,experimental,True,18.3114,83.3201,475.0
IND.2.11.4_1,Parvathipuram,True,Vizianagaram,Andhra Pradesh,experimental,True,18.9031,83.5626,1534.8
IND.2.11.5_1,Puspatirega,True,Vizianagaram,Andhra Pradesh,experimental,True,18.025,83.4947,491.4
IND.2.11.6_1,Salur,True,Vizianagaram,Andhra Pradesh,experimental,True,18.5279,83.1826,918.6
IND.2.11.7_1,Srungavarapukota,True,Vizianagaram,Andhra Pradesh,experimental,True,18.0332,83.1616,779.2
IND.2.11.8_1,Vizianagaram,True,Vizianagaram,Andhra Pradesh,experimental,True,18.1787,83.4006,583.3
IND.2.11.3_1,n.a. ( 1607),False,Vizianagaram,Andhra Pradesh,experimental,True,18.6782,83.1038,144.3
IND.2.12.1_1,Bhimavaram,True,West Godavari,Andhra Pradesh,experimental,True,16.5363,81.4906,766.5
IND.2.12.2_1,Chintalapudi,True,West Godavari,Andhra Pradesh,experimental,True,17.0341,81.1296,1242.3
IND.2.12.3_1,Eluru,True,West Godavari,Andhra Pradesh,experimental,True,16.7978,81.1998,1289.8
IND.2.12.4_1,Kovvur,True,West Godavari,Andhra Pradesh,experimental,True,17.0158,81.5763,889.3
IND.2.12.5_1,Narsapur,True,West Godavari,Andhra Pradesh,experimental,True,16.4912,81.7192,653.4
IND.2.12.6_1,Polavaram,True,West Godavari,Andhra Pradesh,experimental,True,17.2948,81.4085,1451.4
IND.2.12.7_1,Tadepallegudem,True,West Godavari,Andhra Pradesh,experimental,True,16.848,81.483,894.8
IND.2.12.8_1,Tanuku,True,West Godavari,Andhra Pradesh,experimental,True,16.7156,81.6703,569.5
IND.2.13.1_1,Badvel,True,Y.S.R.,Andhra Pradesh,experimental,False,14.9222,78.9309,1897.9
IND.2.13.2_1,Cuddapah,True,Y.S.R.,Andhra Pradesh,experimental,False,14.494,78.7218,1297.9
IND.2.13.3_1,Jammalamadugu,True,Y.S.R.,Andhra Pradesh,experimental,False,14.8322,78.3002,1573.0
IND.2.13.4_1,Kamalapuram,True,Y.S.R.,Andhra Pradesh,experimental,False,14.5629,78.5027,762.0
IND.2.13.5_1,Proddatur,True,Y.S.R.,Andhra Pradesh,experimental,False,14.8321,78.6591,1096.3
IND.2.13.6_1,Pulivendla,True,Y.S.R.,Andhra Pradesh,experimental,False,14.4945,78.1898,1455.5
IND.2.13.7_1,Rajampet,True,Y.S.R.,Andhra Pradesh,experimental,False,14.0565,79.2166,2689.2
IND.2.13.8_1,Rayachoti,True,Y.S.R.,Andhra Pradesh,experimental,False,14.0829,78.7351,2879.3
IND.2.13.9_1,Sidhout,True,Y.S.R.,Andhra Pradesh,experimental,False,14.4711,79.074,1498.6
IND.3.1.1_1,Tezu,True,Anjaw,Arunachal Pradesh,low,False,27.8975,96.6783,1747.8
Z07.3.1.1_1,Tezu,True,Anjaw,Arunachal Pradesh,low,False,28.1048,96.9141,4771.6
IND.3.2.1_1,n.a. ( 347),False,Changlang,Arunachal Pradesh,low,False,27.2754,96.0619,5036.1
Z07.3.3.1_1,Amini,True,Dibang Valley,Arunachal Pradesh,low,False,29.0116,95.713,7514.1
Z07.3.4.1_1,Seepa,True,East Kameng,Arunachal Pradesh,low,False,27.3279,93.0507,4091.6
IND.3.5.1_1,Pasighat,True,East Siang,Arunachal Pradesh,low,False,27.9837,95.4036,945.9
Z07.3.5.1_1,Pasighat,True,East Siang,Arunachal Pradesh,low,False,28.1508,95.055,2671.1
Z07.3.6.1_1,Itanagar,True,Kurung Kumey,Arunachal Pradesh,low,False,27.9837,93.2846,5721.8
IND.3.7.1_1,Tezu,True,Lohit,Arunachal Pradesh,low,False,27.9031,96.2278,3319.5
Z07.3.7.1_1,Tezu,True,Lohit,Arunachal Pradesh,low,False,28.2552,96.2824,120.8
IND.3.8.1_1,Tirap,True,Longding,Arunachal Pradesh,low,False,26.8847,95.2982,933.5
IND.3.9.1_1,Amini,True,Lower Dibang Valley,Arunachal Pradesh,low,False,28.0896,95.7812,1366.1
Z07.3.9.1_1,Amini,True,Lower Dibang Valley,Arunachal Pradesh,low,False,28.459,95.8323,4198.1
Z07.3.10.1_1,Itanagar,True,Lower Subansiri,Arunachal Pradesh,low,False,27.6806,93.8473,3788.3
IND.3.11.1_1,Tezu,True,Namsai,Arunachal Pradesh,low,False,27.6634,95.8752,424.9
Z07.3.12.1_1,Itanagar,True,Papum Pare,Arunachal Pradesh,low,False,27.2898,93.6219,3532.5
Z07.3.13.1_1,Tawang,True,Tawang,Arunachal Pradesh,low,False,27.6614,91.9225,2150.2
IND.3.14.1_1,Tirap,True,Tirap,Arunachal Pradesh,low,False,27.0523,95.5172,1092.8
Z07.3.15.1_1,Along,True,Upper Siang,Arunachal Pradesh,low,False,28.7498,95.0093,7016.3
Z07.3.16.1_1,Daporijo,True,Upper Subansiri,Arunachal Pradesh,low,False,28.2343,94.1039,6411.7
Z07.3.17.1_1,Bomdila,True,West Kameng,Arunachal Pradesh,low,False,27.4332,92.425,7342.9
Z07.3.18.1_1,Along,True,West Siang,Arunachal Pradesh,low,False,28.2781,94.6559,7797.8
IND.4.1.1_1,Berpeta,True,Baksa,Assam,experimental,False,26.6683,91.0861,967.5
IND.4.1.2_1,Guwahati,True,Baksa,Assam,experimental,False,26.6294,91.7026,242.4
IND.4.1.3_1,Nalbari,True,Baksa,Assam,experimental,False,26.6655,91.4772,1183.7
IND.4.2.1_1,Berpeta,True,Barpeta,Assam,experimental,False,26.3765,91.0524,2278.6
IND.4.3.1_1,Kokrajhar,True,Bongaigaon,Assam,experimental,False,26.3385,90.6273,1123.6
IND.4.4.1_1,Silchar,True,Cachar,Assam,experimental,False,24.7588,92.8828,3786.7
IND.4.5.1_1,Kokrajhar,True,Chirang,Assam,experimental,False,26.5991,90.7026,1188.9
IND.4.6.1_1,Mangaldai,True,Darrang,Assam,experimental,False,26.4354,92.0046,1599.2
IND.4.7.1_1,Dhemaji,True,Dhemaji,Assam,experimental,False,27.5838,94.6989,2537.4
IND.4.8.1_1,Gauripur,True,Dhubri,Assam,experimental,False,25.977,90.0082,2781.0
IND.4.9.1_1,Dibrugarh,True,Dibrugarh,Assam,experimental,False,27.4074,94.9965,3391.9
IND.4.10.1_1,Haflong,True,Dima Hasao,Assam,experimental,False,25.3966,93.0835,4909.2
IND.4.11.1_1,Goalpara,True,Goalpara,Assam,experimental,False,26.0561,90.5836,1901.0
IND.4.12.1_1,Golaghat,True,Golaghat,Assam,experimental,False,26.3713,94.0114,3525.9
IND.4.13.1_1,Hailakandi,True,Hailakandi,Assam,experimental,False,24.5053,92.6313,1333.6
IND.4.14.1_1,Jorhat,True,Jorhat,Assam,experimental,False,26.7688,94.2619,2837.7
IND.4.16.1_1,Guwahati,True,Kamrup,Assam,experimental,False,26.1391,91.2239,3304.9
IND.4.15.1_1,Guwahati,True,Kamrup Metropolitan,Assam,experimental,False,26.1259,91.9015,796.7
IND.4.17.1_1,Diphu,True,Karbi Anglong,Assam,experimental,False,26.0712,93.4556,7324.0
IND.4.17.2_1,n.a. ( 571),False,Karbi Anglong,Assam,experimental,False,25.8541,92.5921,3102.6
IND.4.18.1_1,Karimganj,True,Karimganj,Assam,experimental,False,24.5825,92.3731,1833.1
IND.4.19.1_1,Kokrajhar,True,Kokrajhar,Assam,experimental,False,26.6003,90.2105,3289.8
IND.4.20.1_1,Lakhimpur,True,Lakhimpur,Assam,experimental,False,27.1743,94.193,2952.0
IND.4.21.1_1,Nagaon,True,Morigaon,Assam,experimental,False,26.291,92.29,1553.6
IND.4.22.1_1,Nagaon,True,Nagaon,Assam,experimental,False,26.2076,92.6188,3990.0
IND.4.23.1_1,Nalbari,True,Nalbari,Assam,experimental,False,26.36,91.3982,1076.0
IND.4.24.1_1,Sibsagar,True,Sivasagar,Assam,experimental,False,26.9991,94.8054,2633.6
IND.4.25.1_1,Tezpur,True,Sonitpur,Assam,experimental,False,26.7676,92.9953,5286.9
IND.4.26.1_1,Chapakhowa,True,Tinsukia,Assam,experimental,False,27.8652,95.7069,787.6
IND.4.26.2_1,Tinsukia,True,Tinsukia,Assam,experimental,False,27.5125,95.5704,3005.5
IND.4.27.1_1,Mangaldai,True,Udalguri,Assam,experimental,False,26.7103,92.0355,1967.9
IND.5.1.1_1,Araria,True,Araria,Bihar,validated,False,26.2635,87.3548,2819.3
IND.5.2.1_1,Jahanabad,True,Arwal,Bihar,validated,False,25.1865,84.6669,666.2
IND.5.3.1_1,Aurangabad,True,Aurangabad,Bihar,validated,False,24.8074,84.4068,3282.0
IND.5.4.1_1,Banka,True,Banka,Bihar,validated,False,24.8308,86.8119,3091.4
IND.5.5.1_1,Begusarai,True,Begusarai,Bihar,validated,False,25.5127,86.0832,1939.3
IND.5.6.1_1,Bhagalpur,True,Bhagalpur,Bihar,validated,False,25.2401,86.8833,1654.4
IND.5.6.2_1,Naugachhia,True,Bhagalpur,Bihar,validated,False,25.3716,87.0591,905.9
IND.5.7.1_1,Ara,True,Bhojpur,Bihar,validated,False,25.454,84.5565,2373.9
IND.5.8.1_1,Buxar,True,Buxar,Bihar,validated,False,25.5087,84.1004,1709.9
IND.5.9.1_1,Benipur,True,Darbhanga,Bihar,validated,False,26.0527,86.1928,1164.5
IND.5.9.2_1,Darbhanga,True,Darbhanga,Bihar,validated,False,26.2129,85.8637,1125.0
IND.5.10.1_1,Gaya,True,Gaya,Bihar,validated,False,24.6793,85.0017,4965.6
IND.5.11.1_1,Gopalganj,True,Gopalganj,Bihar,validated,False,26.4235,84.3657,2040.9
IND.5.12.1_1,Jamui,True,Jamui,Bihar,validated,False,24.7538,86.2954,3083.0
IND.5.13.1_1,Jahanabad,True,Jehanabad,Bihar,validated,False,25.1499,85.0227,939.0
IND.5.14.1_1,Bhabua,True,Kaimur,Bihar,validated,False,24.977,83.5704,3350.8
IND.5.15.1_1,Katihar,True,Katihar,Bihar,validated,False,25.5427,87.6383,3062.3
IND.5.16.1_1,Khagaria,True,Khagaria,Bihar,validated,False,25.4914,86.6954,1491.4
IND.5.17.1_1,Kishanganj,True,Kishanganj,Bihar,validated,False,26.2439,87.899,1934.3
IND.5.18.1_1,Lakhisarai,True,Lakhisarai,Bihar,validated,False,25.1616,86.1868,1336.4
IND.5.19.1_1,Kishanganj,True,Madhepura,Bihar,validated,False,25.6111,86.9378,693.9
IND.5.19.2_1,Madhepura,True,Madhepura,Bihar,validated,False,25.9396,86.8043,1144.4
IND.5.20.1_1,Benipatti,True,Madhubani,Bihar,validated,False,26.472,85.9285,852.5
IND.5.20.2_1,Jhanjharpur,True,Madhubani,Bihar,validated,False,26.3195,86.3756,1454.1
IND.5.20.3_1,Madhubani,True,Madhubani,Bihar,validated,False,26.4193,86.1292,1134.8
IND.5.21.1_1,Munger,True,Munger,Bihar,validated,False,25.2224,86.5193,1369.7
IND.5.22.1_1,Muzaffarpur,True,Muzaffarpur,Bihar,validated,False,26.1474,85.5611,1563.7
IND.5.22.2_1,n.a. ( 542),False,Muzaffarpur,Bihar,validated,False,26.1357,85.1368,1622.7
IND.5.23.1_1,Bihar Sharif,True,Nalanda,Bihar,validated,False,25.2136,85.5518,1446.1
IND.5.23.2_1,Hilsa,True,Nalanda,Bihar,validated,False,25.2222,85.2851,891.0
IND.5.24.1_1,Nawada,True,Nawada,Bihar,validated,False,24.818,85.517,2485.8
IND.5.25.1_1,Bettiah,True,Pashchim Champaran,Bihar,validated,False,27.0526,84.331,5231.8
IND.5.26.1_1,Barh,True,Patna,Bihar,validated,False,25.4149,85.7487,900.6
IND.5.26.2_1,Danapur,True,Patna,Bihar,validated,False,25.4659,84.8909,1214.1
IND.5.26.3_1,Masaurhi,True,Patna,Bihar,validated,False,25.3878,85.0535,519.3
IND.5.26.4_1,n.a. ( 652),False,Patna,Bihar,validated,False,25.5227,85.1418,571.4
IND.5.27.1_1,Dhaka,True,Purba Champaran,Bihar,validated,False,26.6006,85.1456,1326.5
IND.5.27.2_1,Motihari,True,Purba Champaran,Bihar,validated,False,26.64,84.7763,2664.6
IND.5.28.1_1,Purnia,True,Purnia,Bihar,validated,False,25.7786,87.4071,3246.0
IND.5.29.1_1,Sasaram,True,Rohtas,Bihar,validated,False,24.9401,84.0144,3868.3
IND.5.30.1_1,Saharsa,True,Saharsa,Bihar,validated,False,25.8384,86.6057,1689.0
IND.5.31.1_1,Dalsing Sarai,True,Samastipur,Bihar,validated,False,25.6705,85.762,729.6
IND.5.31.2_1,Rusera,True,Samastipur,Bihar,validated,False,25.7731,86.2641,1138.9
IND.5.31.3_1,Samastipur,True,Samastipur,Bihar,validated,False,25.7791,85.6326,1037.4
IND.5.32.1_1,Chhapra,True,Saran,Bihar,validated,False,25.923,84.7668,2645.2
IND.5.33.1_1,Sheikhpura,True,Sheikhpura,Bihar,validated,False,25.1256,85.8044,604.1
IND.5.34.1_1,Sheohar,True,Sheohar,Bihar,validated,False,26.4879,85.3206,574.6
IND.5.35.2_1,Sitamarhi,True,Sitamarhi,Bihar,validated,False,26.5305,85.5116,814.9
IND.5.35.1_1,n.a. ( 455),False,Sitamarhi,Bihar,validated,False,26.5898,85.696,1239.6
IND.5.36.1_1,Siwan,True,Siwan,Bihar,validated,False,26.1324,84.3831,2225.5
IND.5.37.1_1,Birpur,True,Supaul,Bihar,validated,False,26.3293,86.8008,1121.2
IND.5.37.2_1,Supaul,True,Supaul,Bihar,validated,False,26.1591,86.7569,1266.1
IND.5.38.1_1,Hajipur,True,Vaishali,Bihar,validated,False,25.7474,85.3912,2009.6
IND.6.1.1_1,Chandigarh,True,Chandigarh,Chandigarh,experimental,False,30.7339,76.7673,118.1
IND.7.2.1_1,Balod,True,Balod,Chhattisgarh,experimental,False,20.6913,81.158,2754.1
IND.7.1.1_1,Baloda Bazar,True,Baloda Bazar,Chhattisgarh,experimental,False,21.5623,82.1924,1184.7
IND.7.1.2_1,Bhatapara,True,Baloda Bazar,Chhattisgarh,experimental,False,21.7521,81.9885,477.9
IND.7.1.3_1,Bilaigarh,True,Baloda Bazar,Chhattisgarh,experimental,False,21.6014,82.8021,685.4
IND.7.1.4_1,Kasdol,True,Baloda Bazar,Chhattisgarh,experimental,False,21.4995,82.4684,1686.0
IND.7.1.5_1,Simga,True,Baloda Bazar,Chhattisgarh,experimental,False,21.6192,81.9041,651.7
IND.7.3.1_1,Ambikapur,True,Balrampur,Chhattisgarh,experimental,False,23.358,83.3669,784.0
IND.7.3.2_1,Kusmi,True,Balrampur,Chhattisgarh,experimental,False,23.388,83.755,1864.9
IND.7.3.3_1,Ramanuj Ganj,True,Balrampur,Chhattisgarh,experimental,False,23.7573,83.3973,3682.4
IND.7.4.1_1,Jagdalpur,True,Bastar,Chhattisgarh,experimental,False,19.1169,81.8219,5263.8
IND.7.4.2_1,n.a. ( 1547),False,Bastar,Chhattisgarh,experimental,False,19.2327,81.302,308.8
IND.7.4.3_1,n.a. ( 1608),False,Bastar,Chhattisgarh,experimental,False,18.6785,81.844,346.9
IND.7.5.1_1,Bemetara,True,Bemetara,Chhattisgarh,experimental,False,21.6773,81.4269,2869.1
IND.7.6.1_1,Bijapur,True,Bijapur,Chhattisgarh,experimental,False,18.7656,80.7336,8793.3
IND.7.7.1_1,Bilaspur,True,Bilaspur,Chhattisgarh,experimental,False,22.0212,82.206,1715.2
IND.7.7.2_1,Kota,True,Bilaspur,Chhattisgarh,experimental,False,22.4183,82.0444,1138.9
IND.7.7.4_1,Pendra Road,True,Bilaspur,Chhattisgarh,experimental,False,22.8321,81.9559,2003.6
IND.7.7.5_1,Takhatpur,True,Bilaspur,Chhattisgarh,experimental,False,22.1399,81.9824,691.1
IND.7.7.3_1,n.a. ( 1152),False,Bilaspur,Chhattisgarh,experimental,False,22.2423,82.9968,5.9
IND.7.8.1_1,Dantewara,True,Dantewada,Chhattisgarh,experimental,False,18.8367,81.4014,2980.9
IND.7.9.1_1,Dhamtari,True,Dhamtari,Chhattisgarh,experimental,False,20.5339,81.7095,4063.1
IND.7.10.1_1,Durg,True,Durg,Chhattisgarh,experimental,False,21.152,81.4035,2989.8
IND.7.11.1_1,Bindra Nawagarh,True,Gariaband,Chhattisgarh,experimental,False,20.3594,82.2372,4229.5
IND.7.12.1_1,Champa,True,Janjgir-Champa,Chhattisgarh,experimental,False,21.9071,82.7437,426.3
IND.7.12.2_1,Janjgir,True,Janjgir-Champa,Chhattisgarh,experimental,False,21.9815,82.4927,1821.3
IND.7.12.3_1,Sakti,True,Janjgir-Champa,Chhattisgarh,experimental,False,21.9219,82.9612,1627.2
IND.7.13.1_1,Bagicha,True,Jashpur,Chhattisgarh,experimental,False,22.8852,83.7023,2028.0
IND.7.13.2_1,Jashpurnagar,True,Jashpur,Chhattisgarh,experimental,False,22.7367,84.0406,2989.8
IND.7.13.3_1,Pathalgaon,True,Jashpur,Chhattisgarh,experimental,False,22.5368,83.6844,805.7
IND.7.14.1_1,Kawardha,True,Kabeerdham,Chhattisgarh,experimental,False,22.0957,81.1769,3086.0
IND.7.14.2_1,Pandaria,True,Kabeerdham,Chhattisgarh,experimental,False,22.2657,81.4263,1136.3
IND.7.15.1_1,Kondagaon,True,Kondagaon,Chhattisgarh,experimental,False,19.7007,81.7368,5099.1
IND.7.16.1_1,Katghora,True,Korba,Chhattisgarh,experimental,False,22.6002,82.443,3950.8
IND.7.16.2_1,Korba,True,Korba,Chhattisgarh,experimental,False,22.3891,82.9014,2658.6
IND.7.17.1_1,Baikunthpur,True,Koriya,Chhattisgarh,experimental,False,23.4762,82.4734,2119.1
IND.7.17.2_1,Bharatpur,True,Koriya,Chhattisgarh,experimental,False,23.7082,81.9935,2352.6
IND.7.17.3_1,Manendragarh,True,Koriya,Chhattisgarh,experimental,False,23.2546,82.2691,2165.5
IND.7.18.1_1,Mahasamund,True,Mahasamund,Chhattisgarh,experimental,False,21.1269,82.3184,2635.3
IND.7.18.2_1,Seraipali,True,Mahasamund,Chhattisgarh,experimental,False,21.3234,82.9506,2118.5
IND.7.19.1_1,Mungeli,True,Mungeli,Chhattisgarh,experimental,False,22.2457,81.6486,2784.5
IND.7.20.1_1,Narainpur,True,Narayanpur,Chhattisgarh,experimental,False,19.5838,81.1079,3929.9
IND.7.21.1_1,Dharmjaygarh,True,Raigarh,Chhattisgarh,experimental,False,22.4237,83.2717,1928.7
IND.7.21.2_1,Gharghoda,True,Raigarh,Chhattisgarh,experimental,False,22.2608,83.4868,1993.9
IND.7.21.4_1,Raigarh,True,Raigarh,Chhattisgarh,experimental,False,21.8659,83.3878,1169.7
IND.7.21.5_1,Sarangarh,True,Raigarh,Chhattisgarh,experimental,False,21.5378,83.1382,1502.3
IND.7.21.3_1,n.a. ( 1156),False,Raigarh,Chhattisgarh,experimental,False,22.0529,83.1266,489.6
IND.7.22.1_1,Raipur,True,Raipur,Chhattisgarh,experimental,False,21.2818,81.8128,2914.5
IND.7.22.2_1,Rajim,True,Raipur,Chhattisgarh,experimental,False,20.9312,82.0278,619.4
IND.7.23.1_1,Chhuikhadan,True,Rajnandgaon,Chhattisgarh,experimental,False,21.6507,80.9427,1351.0
IND.7.23.2_1,Dongargarh,True,Rajnandgaon,Chhattisgarh,experimental,False,21.2106,80.7759,1057.5
IND.7.23.3_1,Khairagarh,True,Rajnandgaon,Chhattisgarh,experimental,False,21.3642,80.8455,998.6
IND.7.23.4_1,Raj Nandgaon,True,Rajnandgaon,Chhattisgarh,experimental,False,20.7357,80.6818,4658.5
IND.7.24.1_1,Konta,True,Sukma,Chhattisgarh,experimental,False,18.2677,81.3021,5250.6
IND.7.25.1_1,Partabpur,True,Surajpur,Chhattisgarh,experimental,False,23.5366,83.1162,1507.4
IND.7.25.2_1,Surajpur,True,Surajpur,Chhattisgarh,experimental,False,23.3569,82.9092,3933.8
IND.7.26.1_1,Ambikapur,True,Surguja,Chhattisgarh,experimental,False,22.9353,83.0229,2095.9
IND.7.26.2_1,Lundra,True,Surguja,Chhattisgarh,experimental,False,23.1409,83.4111,585.5
IND.7.26.3_1,Sitapur,True,Surguja,Chhattisgarh,experimental,False,22.8453,83.3735,1312.2
IND.7.27.1_1,Bhanupratappur,True,Uttar Bastar Kanker,Chhattisgarh,experimental,False,20.2748,81.0082,1607.6
IND.7.27.2_1,Kanker,True,Uttar Bastar Kanker,Chhattisgarh,experimental,False,20.3394,81.5281,2070.0
IND.7.27.4_1,Pakhanjur,True,Uttar Bastar Kanker,Chhattisgarh,experimental,False,19.9564,80.7139,1543.4
IND.7.27.3_1,n.a. ( 1475),False,Uttar Bastar Kanker,Chhattisgarh,experimental,False,19.9473,81.1276,1936.4
IND.8.1.1_1,Silvassa,True,Dadra and Nagar Haveli,Dadra and Nagar Haveli,experimental,False,20.2063,73.0186,491.5
IND.9.1.1_1,Daman,True,Daman,Daman and Diu,experimental,False,20.4187,72.8454,58.3
IND.9.2.1_1,Diu,True,Diu,Daman and Diu,experimental,False,20.7176,70.9434,25.2
IND.10.1.1_1,Dicholi,True,North Goa,Goa,experimental,False,15.5504,73.9844,248.8
IND.10.1.2_1,Mapuca,True,North Goa,Goa,experimental,False,15.5857,73.8186,260.3
IND.10.1.4_1,Panaji,True,North Goa,Goa,experimental,False,15.4792,73.8849,147.4
IND.10.1.5_1,Pernem,True,North Goa,Goa,experimental,False,15.7061,73.8252,250.1
IND.10.1.6_1,Ponda,True,North Goa,Goa,experimental,False,15.4032,74.01,257.3
IND.10.1.7_1,Valpoy,True,North Goa,Goa,experimental,False,15.5562,74.1649,513.6
IND.10.1.3_1,n.a. ( 1882),False,North Goa,Goa,experimental,False,15.5304,73.8946,28.3
IND.10.2.1_1,Chauri,True,South Goa,Goa,experimental,False,15.0075,74.1349,390.5
IND.10.2.2_1,Madgaon,True,South Goa,Goa,experimental,False,15.2544,73.9901,307.0
IND.10.2.3_1,Quepem,True,South Goa,Goa,experimental,False,15.1585,74.0502,324.3
IND.10.2.4_1,Sambaji,True,South Goa,Goa,experimental,False,15.3761,73.8893,100.0
IND.10.2.5_1,Sanguem,True,South Goa,Goa,experimental,False,15.2402,74.21,867.9
IND.11.1.1_1,Ahmadabad,True,Ahmadabad,Gujarat,experimental,False,23.0154,72.5893,237.4
IND.11.1.2_1,Dhandhuka,True,Ahmadabad,Gujarat,experimental,False,22.2748,71.9875,2493.7
IND.11.1.3_1,Dholka,True,Ahmadabad,Gujarat,experimental,False,22.7463,72.3038,2468.6
IND.11.1.4_1,Sanand,True,Ahmadabad,Gujarat,experimental,False,22.9465,72.3262,801.1
IND.11.1.5_1,Viramgam,True,Ahmadabad,Gujarat,experimental,False,23.1426,72.0551,1733.5
IND.11.2.1_1,Amreli,True,Amreli,Gujarat,experimental,False,21.6094,71.2145,821.8
IND.11.2.2_1,Babra,True,Amreli,Gujarat,experimental,False,21.8865,71.2559,789.4
IND.11.2.3_1,Dhari,True,Amreli,Gujarat,experimental,False,21.3039,71.1028,1090.8
IND.11.2.4_1,Jafarabad,True,Amreli,Gujarat,experimental,False,20.901,71.3322,321.3
IND.11.2.5_1,Khambha,True,Amreli,Gujarat,experimental,False,21.1236,71.2178,406.5
IND.11.2.6_1,Kundla,True,Amreli,Gujarat,experimental,False,21.278,71.4117,1191.7
IND.11.2.7_1,Lathi,True,Amreli,Gujarat,experimental,False,21.6943,71.4615,639.8
IND.11.2.8_1,Lilia,True,Amreli,Gujarat,experimental,False,21.5328,71.4058,381.7
IND.11.2.12_1,Rajula,True,Amreli,Gujarat,experimental,False,21.028,71.4529,755.4
IND.11.2.13_1,Vadia,True,Amreli,Gujarat,experimental,False,21.6052,70.9834,812.6
IND.11.2.9_1,n.a. ( 1307),False,Amreli,Gujarat,experimental,False,21.29,70.8706,77.9
IND.11.2.10_1,n.a. ( 1370),False,Amreli,Gujarat,experimental,False,20.9774,71.584,66.1
IND.11.2.11_1,n.a. ( 1375),False,Amreli,Gujarat,experimental,False,20.9764,71.6468,0.1
IND.11.3.1_1,Anand,True,Anand,Gujarat,experimental,False,22.5855,73.0294,679.8
IND.11.3.2_1,Borsad,True,Anand,Gujarat,experimental,False,22.3673,72.9131,605.8
IND.11.3.3_1,Khambhat,True,Anand,Gujarat,experimental,False,22.4063,72.5466,1117.6
IND.11.3.4_1,Petlad,True,Anand,Gujarat,experimental,False,22.5189,72.7757,475.2
IND.11.4.1_1,Bayad,True,Aravalli,Gujarat,experimental,False,23.2859,73.2894,1116.9
IND.11.4.2_1,Bhiloda,True,Aravalli,Gujarat,experimental,False,23.7451,73.2957,727.1
IND.11.4.3_1,Meghraj,True,Aravalli,Gujarat,experimental,False,23.5226,73.5552,547.3
IND.11.4.4_1,Modasa,True,Aravalli,Gujarat,experimental,False,23.457,73.2835,861.1
IND.11.5.1_1,Danta,True,Banas Kantha,Gujarat,experimental,False,24.1891,72.8376,909.2
IND.11.5.2_1,Dhanera,True,Banas Kantha,Gujarat,experimental,False,24.4954,72.1947,1206.7
IND.11.5.3_1,Disa,True,Banas Kantha,Gujarat,experimental,False,24.2578,72.091,1476.7
IND.11.5.4_1,Diyodar,True,Banas Kantha,Gujarat,experimental,False,24.132,71.714,1026.2
IND.11.5.5_1,Kankrej,True,Banas Kantha,Gujarat,experimental,False,23.9857,71.7884,825.2
IND.11.5.6_1,Palanpur,True,Banas Kantha,Gujarat,experimental,False,24.2781,72.5106,1570.8
IND.11.5.7_1,Tharad,True,Banas Kantha,Gujarat,experimental,False,24.4807,71.7613,1348.4
IND.11.5.8_1,Vadgam,True,Banas Kantha,Gujarat,experimental,False,24.0643,72.5515,555.8
IND.11.5.9_1,Vav,True,Banas Kantha,Gujarat,experimental,False,24.2949,71.4603,1696.1
IND.11.6.1_1,Amod,True,Bharuch,Gujarat,experimental,False,21.9507,72.9043,434.0
IND.11.6.2_1,Ankleshwar,True,Bharuch,Gujarat,experimental,False,21.5902,72.9795,407.4
IND.11.6.3_1,Bharuch,True,Bharuch,Gujarat,experimental,False,21.7715,73.0399,684.0
IND.11.6.4_1,Hansot Mahal,True,Bharuch,Gujarat,experimental,False,21.5386,72.8242,599.9
IND.11.6.5_1,Jambusar,True,Bharuch,Gujarat,experimental,False,22.036,72.7011,1239.9
IND.11.6.6_1,Jhagadia,True,Bharuch,Gujarat,experimental,False,21.7537,73.2806,812.9
IND.11.6.7_1,Vagra,True,Bharuch,Gujarat,experimental,False,21.7944,72.7376,749.7
IND.11.6.8_1,Valia,True,Bharuch,Gujarat,experimental,False,21.5673,73.2609,506.7
IND.11.7.1_1,Bhavnagar,True,Bhavnagar,Gujarat,experimental,False,21.742,72.109,214.0
IND.11.7.2_1,Gariyadhar,True,Bhavnagar,Gujarat,experimental,False,21.5115,71.6101,481.6
IND.11.7.3_1,Ghogha,True,Bhavnagar,Gujarat,experimental,False,21.6842,72.2725,2.1
IND.11.7.4_1,Mahuva,True,Bhavnagar,Gujarat,experimental,False,21.2087,71.7468,1190.8
IND.11.7.10_1,Palitana,True,Bhavnagar,Gujarat,experimental,False,21.5034,71.8291,711.8
IND.11.7.11_1,Sihor,True,Bhavnagar,Gujarat,experimental,False,21.6514,71.9431,709.2
IND.11.7.12_1,Talaja,True,Bhavnagar,Gujarat,experimental,False,21.3356,72.0027,809.4
IND.11.7.13_1,Umrala,True,Bhavnagar,Gujarat,experimental,False,21.829,71.7727,418.1
IND.11.7.14_1,Valabhipur,True,Bhavnagar,Gujarat,experimental,False,21.9621,71.8904,622.9
IND.11.7.5_1,n.a. ( 1154),False,Bhavnagar,Gujarat,experimental,False,22.2188,72.3669,2.0
IND.11.7.6_1,n.a. ( 1198),False,Bhavnagar,Gujarat,experimental,False,22.125,72.2912,230.7
IND.11.7.9_1,n.a. ( 1232),False,Bhavnagar,Gujarat,experimental,False,21.7714,72.2194,1381.8
IND.11.8.1_1,Botad,True,Botad,Gujarat,experimental,False,22.176,71.6201,758.3
IND.11.8.2_1,Gadhada,True,Botad,Gujarat,experimental,False,21.9005,71.5872,862.3
IND.11.9.1_1,Chhota Udaipur,True,Chhota Udaipur,Gujarat,experimental,False,22.2455,74.0435,1400.1
IND.11.9.2_1,Jetpur Pavi,True,Chhota Udaipur,Gujarat,experimental,False,22.3216,73.8187,793.5
IND.11.9.3_1,Naswadi,True,Chhota Udaipur,Gujarat,experimental,False,21.9915,73.832,528.0
IND.11.9.4_1,Sankheda,True,Chhota Udaipur,Gujarat,experimental,False,22.2173,73.6379,717.4
IND.11.9.5_1,Tilakwada,True,Chhota Udaipur,Gujarat,experimental,False,21.9903,73.6142,247.0
IND.11.10.1_1,Dahod,True,Dahod,Gujarat,experimental,False,22.8004,74.2935,879.6
IND.11.10.2_1,Devgadh Bariya,True,Dahod,Gujarat,experimental,False,22.6659,73.8453,1146.6
IND.11.10.3_1,Jhalod,True,Dahod,Gujarat,experimental,False,23.0387,74.169,778.4
IND.11.10.4_1,Limkheda,True,Dahod,Gujarat,experimental,False,22.7862,74.0665,1051.8
IND.11.11.1_1,Bhanvad,True,Devbhumi Dwarka,Gujarat,experimental,False,21.9532,69.8469,726.3
IND.11.11.2_1,Dwarka,True,Devbhumi Dwarka,Gujarat,experimental,False,22.2275,69.108,868.7
IND.11.11.3_1,Kalyanpur,True,Devbhumi Dwarka,Gujarat,experimental,False,22.0699,69.3482,1586.9
IND.11.11.4_1,Khambhaliya,True,Devbhumi Dwarka,Gujarat,experimental,False,22.225,69.604,1378.3
IND.11.12.1_1,Dahegam,True,Gandhinagar,Gujarat,experimental,False,23.1585,72.9099,583.4
IND.11.12.2_1,Gandhinagar,True,Gandhinagar,Gujarat,experimental,False,23.2167,72.6724,643.2
IND.11.12.3_1,Kalol,True,Gandhinagar,Gujarat,experimental,False,23.236,72.4856,496.8
IND.11.13.1_1,Kodinar,True,Gir Somnath,Gujarat,experimental,False,20.8417,70.7583,515.1
IND.11.13.2_1,Talala,True,Gir Somnath,Gujarat,experimental,False,21.0494,70.6016,475.6
IND.11.13.3_1,Veraval,True,Gir Somnath,Gujarat,experimental,False,20.8989,70.5443,711.0
IND.11.14.1_1,Dhrol,True,Jamnagar,Gujarat,experimental,False,22.506,70.4704,572.3
IND.11.14.2_1,Jam Jodhpur,True,Jamnagar,Gujarat,experimental,False,21.9263,70.0515,1106.5
IND.11.14.3_1,Jamnagar,True,Jamnagar,Gujarat,experimental,False,22.4175,70.1089,1462.4
IND.11.14.4_1,Jodiya,True,Jamnagar,Gujarat,experimental,False,22.7265,70.4749,939.9
IND.11.14.5_1,Kalavad,True,Jamnagar,Gujarat,experimental,False,22.1785,70.3869,1233.0
IND.11.14.6_1,Lalpur,True,Jamnagar,Gujarat,experimental,False,22.2217,69.9754,1051.9
IND.11.14.7_1,n.a. ( 1037),False,Jamnagar,Gujarat,experimental,False,22.8714,70.4521,178.4
IND.11.14.8_1,n.a. ( 1049),False,Jamnagar,Gujarat,experimental,False,22.705,70.2709,160.0
IND.11.14.9_1,n.a. ( 1082),False,Jamnagar,Gujarat,experimental,False,22.7161,70.2444,0.1
IND.11.14.10_1,n.a. ( 1087),False,Jamnagar,Gujarat,experimental,False,22.6892,70.2447,0.2
IND.11.14.11_1,n.a. ( 1089),False,Jamnagar,Gujarat,experimental,False,22.6833,70.236,0.0
IND.11.14.12_1,n.a. ( 1090),False,Jamnagar,Gujarat,experimental,False,22.6831,70.2407,0.1
IND.11.14.13_1,n.a. ( 1096),False,Jamnagar,Gujarat,experimental,False,22.6436,70.2186,0.1
IND.11.14.14_1,n.a. ( 1103),False,Jamnagar,Gujarat,experimental,False,22.5986,70.1901,0.1
IND.11.14.15_1,n.a. ( 1106),False,Jamnagar,Gujarat,experimental,False,22.5821,70.1817,0.1
IND.11.15.1_1,Bhesan,True,Junagadh,Gujarat,experimental,False,21.5649,70.7478,434.1
IND.11.15.2_1,Junagadh,True,Junagadh,Gujarat,experimental,False,21.4876,70.5424,678.5
IND.11.15.3_1,Keshod,True,Junagadh,Gujarat,experimental,False,21.2944,70.233,558.5
IND.11.15.4_1,Maliya,True,Junagadh,Gujarat,experimental,False,21.1041,70.3904,532.5
IND.11.15.5_1,Manavadar,True,Junagadh,Gujarat,experimental,False,21.5157,70.1223,596.5
IND.11.15.6_1,Mangrol,True,Junagadh,Gujarat,experimental,False,21.2313,70.0999,614.0
IND.11.15.7_1,Mendarda,True,Junagadh,Gujarat,experimental,False,21.2898,70.4814,361.4
IND.11.15.10_1,Una,True,Junagadh,Gujarat,experimental,False,20.8714,71.0432,894.7
IND.11.15.11_1,Vanthli,True,Junagadh,Gujarat,experimental,False,21.4541,70.3484,389.9
IND.11.15.12_1,Visavadar,True,Junagadh,Gujarat,experimental,False,21.3713,70.7579,706.9
IND.11.15.8_1,n.a. ( 1315),False,Junagadh,Gujarat,experimental,False,21.109,70.8883,1230.2
IND.11.15.9_1,n.a. ( 1337),False,Junagadh,Gujarat,experimental,False,21.1326,70.5161,31.3
IND.11.16.1_1,Anjar,True,Kachchh,Gujarat,experimental,False,23.1462,70.0674,1435.5
IND.11.16.2_1,Bhachau,True,Kachchh,Gujarat,experimental,False,23.383,70.4474,1628.3
IND.11.16.3_1,Bhuj,True,Kachchh,Gujarat,experimental,False,23.4891,69.8354,5440.5
IND.11.16.4_1,Lakhpat,True,Kachchh,Gujarat,experimental,False,23.6012,68.7159,2190.4
IND.11.16.5_1,Mandvi,True,Kachchh,Gujarat,experimental,False,22.9663,69.324,1430.0
IND.11.16.6_1,Mundra,True,Kachchh,Gujarat,experimental,False,22.9088,69.789,844.1
IND.11.16.11_1,Nakhtarana,True,Kachchh,Gujarat,experimental,False,23.3632,69.2898,1983.1
IND.11.16.12_1,Naliya,True,Kachchh,Gujarat,experimental,False,23.2103,68.9319,2630.3
IND.11.16.13_1,Rapar,True,Kachchh,Gujarat,experimental,False,23.5995,70.7376,2910.1
IND.11.16.7_1,n.a. ( 1070),False,Kachchh,Gujarat,experimental,False,22.765,69.6947,61.8
IND.11.16.8_1,n.a. ( 1074),False,Kachchh,Gujarat,experimental,False,22.7775,69.6364,0.1
IND.11.16.9_1,n.a. ( 1075),False,Kachchh,Gujarat,experimental,False,22.7575,69.6494,1.5
IND.11.16.10_1,n.a. ( 913),False,Kachchh,Gujarat,experimental,False,23.8027,70.2958,21653.0
IND.11.17.1_1,Kapadvanj,True,Kheda,Gujarat,experimental,False,23.0402,73.0876,998.8
IND.11.17.2_1,Mahemdavad,True,Kheda,Gujarat,experimental,False,22.8576,72.7708,502.9
IND.11.17.3_1,Matar,True,Kheda,Gujarat,experimental,False,22.6664,72.658,584.7
IND.11.17.4_1,Nadiad,True,Kheda,Gujarat,experimental,False,22.7346,72.9125,662.3
IND.11.17.5_1,Thasra,True,Kheda,Gujarat,experimental,False,22.7981,73.2234,670.3
IND.11.17.6_1,Vadasinor,True,Kheda,Gujarat,experimental,False,23.1064,73.3672,564.1
IND.11.18.1_1,Chanasma,True,Mahesana,Gujarat,experimental,False,23.5624,72.0934,413.6
IND.11.18.2_1,Kadi,True,Mahesana,Gujarat,experimental,False,23.2287,72.3158,817.3
IND.11.18.3_1,Kheralu,True,Mahesana,Gujarat,experimental,False,23.8939,72.6415,938.2
IND.11.18.4_1,Mahesana,True,Mahesana,Gujarat,experimental,False,23.5386,72.3516,794.3
IND.11.18.5_1,Vijapur,True,Mahesana,Gujarat,experimental,False,23.5788,72.6725,937.8
IND.11.18.6_1,Visnagar,True,Mahesana,Gujarat,experimental,False,23.663,72.5522,487.1
IND.11.19.1_1,Lunavada,True,Mahisagar,Gujarat,experimental,False,23.2162,73.6439,968.1
IND.11.19.2_1,Santrampur,True,Mahisagar,Gujarat,experimental,False,23.2406,73.9461,1367.3
IND.11.20.1_1,Halvad,True,Morbi,Gujarat,experimental,False,22.9773,71.1532,1254.9
IND.11.20.2_1,Maliya Miyana,True,Morbi,Gujarat,experimental,False,23.0204,70.6763,749.6
IND.11.20.3_1,Morbi,True,Morbi,Gujarat,experimental,False,22.7092,70.7706,1687.0
IND.11.20.4_1,Wankaner,True,Morbi,Gujarat,experimental,False,22.5945,70.9563,1118.8
IND.11.21.1_1,Dediapada,True,Narmada,Gujarat,experimental,False,21.6316,73.6423,1022.1
IND.11.21.2_1,Rajpipla,True,Narmada,Gujarat,experimental,False,21.8446,73.5988,1134.4
IND.11.21.3_1,Sagbara,True,Narmada,Gujarat,experimental,False,21.5093,73.7795,411.9
IND.11.22.1_1,Chikhli,True,Navsari,Gujarat,experimental,False,20.746,73.1066,575.7
IND.11.22.2_1,Gandevi,True,Navsari,Gujarat,experimental,False,20.8021,72.961,311.2
IND.11.22.3_1,Navsari,True,Navsari,Gujarat,experimental,False,20.9363,72.9485,712.0
IND.11.22.4_1,Vansada,True,Navsari,Gujarat,experimental,False,20.7331,73.3699,584.5
IND.11.23.1_1,Godhra,True,Panch Mahals,Gujarat,experimental,False,22.9022,73.8411,1039.7
IND.11.23.2_1,Halol,True,Panch Mahals,Gujarat,experimental,False,22.4546,73.561,520.9
IND.11.23.3_1,Jambughoda,True,Panch Mahals,Gujarat,experimental,False,22.3791,73.7201,147.2
IND.11.23.4_1,Kalol,True,Panch Mahals,Gujarat,experimental,False,22.6405,73.5041,399.0
IND.11.23.5_1,Shehera,True,Panch Mahals,Gujarat,experimental,False,22.9359,73.599,570.1
IND.11.24.1_1,Harij,True,Patan,Gujarat,experimental,False,23.7713,71.9505,414.6
IND.11.24.4_1,Patan,True,Patan,Gujarat,experimental,False,23.9157,72.11,1009.0
IND.11.24.5_1,Radhanpur,True,Patan,Gujarat,experimental,False,23.8326,71.6523,539.2
IND.11.24.6_1,Sami,True,Patan,Gujarat,experimental,False,23.6156,71.7295,1508.8
IND.11.24.7_1,Santalpur,True,Patan,Gujarat,experimental,False,23.8064,71.2894,1299.8
IND.11.24.8_1,Siddhapur,True,Patan,Gujarat,experimental,False,23.9008,72.3665,658.3
IND.11.24.2_1,n.a. ( 922),False,Patan,Gujarat,experimental,False,23.6645,72.072,463.1
IND.11.24.3_1,n.a. ( 930),False,Patan,Gujarat,experimental,False,23.6376,71.4254,119.7
IND.11.25.1_1,Kutiyana,True,Porbandar,Gujarat,experimental,False,21.5923,69.9926,574.6
IND.11.25.2_1,Porbandar,True,Porbandar,Gujarat,experimental,False,21.7529,69.5825,1178.8
IND.11.25.3_1,Ranavav,True,Porbandar,Gujarat,experimental,False,21.6744,69.8085,557.2
IND.11.26.1_1,Dhoraji,True,Rajkot,Gujarat,experimental,False,21.6762,70.437,485.4
IND.11.26.2_1,Gondal,True,Rajkot,Gujarat,experimental,False,21.9235,70.7974,1129.8
IND.11.26.3_1,Jam Kandorna,True,Rajkot,Gujarat,experimental,False,21.9145,70.4753,600.8
IND.11.26.4_1,Jasdan,True,Rajkot,Gujarat,experimental,False,22.0542,71.2908,1352.3
IND.11.26.5_1,Jetpur,True,Rajkot,Gujarat,experimental,False,21.7778,70.6334,695.0
IND.11.26.6_1,Kotda Sangani,True,Rajkot,Gujarat,experimental,False,22.0219,70.9322,362.4
IND.11.26.7_1,Lodhi ka Mahal,True,Rajkot,Gujarat,experimental,False,22.1954,70.7196,374.8
IND.11.26.10_1,Padadhari,True,Rajkot,Gujarat,experimental,False,22.4541,70.6288,618.7
IND.11.26.11_1,Rajkot,True,Rajkot,Gujarat,experimental,False,22.2558,70.9063,1059.4
IND.11.26.12_1,Upleta,True,Rajkot,Gujarat,experimental,False,21.7973,70.2218,772.5
IND.11.26.8_1,n.a. ( 1171),False,Rajkot,Gujarat,experimental,False,22.071,70.6615,89.3
IND.11.26.9_1,n.a. ( 1182),False,Rajkot,Gujarat,experimental,False,22.0118,71.0503,65.9
IND.11.27.1_1,Himatnagar,True,Sabar Kantha,Gujarat,experimental,False,23.6129,73.0278,771.1
IND.11.27.2_1,Idar,True,Sabar Kantha,Gujarat,experimental,False,23.8605,73.0168,1155.3
IND.11.27.3_1,Khed Brahma,True,Sabar Kantha,Gujarat,experimental,False,24.2245,73.0557,899.3
IND.11.27.4_1,Prantij,True,Sabar Kantha,Gujarat,experimental,False,23.3882,72.9383,866.1
IND.11.27.5_1,Vijayanagar,True,Sabar Kantha,Gujarat,experimental,False,23.9774,73.2969,496.0
IND.11.28.1_1,Bardoli,True,Surat,Gujarat,experimental,False,21.1047,73.1753,382.6
IND.11.28.2_1,Chorasi,True,Surat,Gujarat,experimental,False,21.1661,72.8384,530.8
IND.11.28.3_1,Kamrej,True,Surat,Gujarat,experimental,False,21.2618,73.0163,378.4
IND.11.28.4_1,Mahuva,True,Surat,Gujarat,experimental,False,20.9463,73.182,351.0
IND.11.28.5_1,Mandvi,True,Surat,Gujarat,experimental,False,21.3204,73.2646,719.4
IND.11.28.6_1,Mangrol,True,Surat,Gujarat,experimental,False,21.4562,73.3126,985.9
IND.11.28.13_1,Olpad,True,Surat,Gujarat,experimental,False,21.3363,72.7628,705.0
IND.11.28.14_1,Palsana,True,Surat,Gujarat,experimental,False,21.1004,73.023,202.0
IND.11.28.7_1,n.a. ( 1327),False,Surat,Gujarat,experimental,False,21.1514,72.6422,121.9
IND.11.28.8_1,n.a. ( 1344),False,Surat,Gujarat,experimental,False,21.1229,72.6868,18.9
IND.11.28.9_1,n.a. ( 1348),False,Surat,Gujarat,experimental,False,21.1174,72.7004,0.4
IND.11.28.10_1,n.a. ( 1349),False,Surat,Gujarat,experimental,False,21.1068,72.6711,0.6
IND.11.28.11_1,n.a. ( 1352),False,Surat,Gujarat,experimental,False,21.0971,72.6794,0.0
IND.11.28.12_1,n.a. ( 1359),False,Surat,Gujarat,experimental,False,21.0706,72.6517,0.9
IND.11.29.1_1,Chotila,True,Surendranagar,Gujarat,experimental,False,22.4135,71.2027,1056.4
IND.11.29.2_1,Dasada,True,Surendranagar,Gujarat,experimental,False,23.2302,71.7585,1658.6
IND.11.29.3_1,Dhrangadhra,True,Surendranagar,Gujarat,experimental,False,22.9853,71.5268,1378.9
IND.11.29.4_1,Lakhtar,True,Surendranagar,Gujarat,experimental,False,22.8919,71.8195,756.3
IND.11.29.5_1,Limbdi,True,Surendranagar,Gujarat,experimental,False,22.6289,71.9155,1677.4
IND.11.29.6_1,Muli,True,Surendranagar,Gujarat,experimental,False,22.7063,71.3913,931.7
IND.11.29.7_1,Sayla,True,Surendranagar,Gujarat,experimental,False,22.4167,71.4604,946.0
IND.11.29.8_1,Wadhwan,True,Surendranagar,Gujarat,experimental,False,22.6733,71.6974,797.3
IND.11.30.1_1,Nijhar,True,Tapi,Gujarat,experimental,False,21.4797,74.1501,411.7
IND.11.30.2_1,Songadh,True,Tapi,Gujarat,experimental,False,21.1704,73.5095,1155.7
IND.11.30.3_1,Uchchhal,True,Tapi,Gujarat,experimental,False,21.289,73.8251,572.3
IND.11.30.4_1,Valod,True,Tapi,Gujarat,experimental,False,21.074,73.2735,195.9
IND.11.30.5_1,Vyara,True,Tapi,Gujarat,experimental,False,21.0451,73.418,808.8
IND.11.31.1_1,Ahwa,True,The Dangs,Gujarat,experimental,False,20.7861,73.7172,1711.4
IND.11.32.1_1,Dabhoi,True,Vadodara,Gujarat,experimental,False,22.1157,73.3922,636.4
IND.11.32.2_1,Karjan,True,Vadodara,Gujarat,experimental,False,21.9668,73.1499,589.3
IND.11.32.3_1,Padra,True,Vadodara,Gujarat,experimental,False,22.1741,73.0428,514.6
IND.11.32.4_1,Savli,True,Vadodara,Gujarat,experimental,False,22.6071,73.2953,791.1
IND.11.32.5_1,Sinor,True,Vadodara,Gujarat,experimental,False,21.9679,73.3321,294.5
IND.11.32.6_1,Vadodara,True,Vadodara,Gujarat,experimental,False,22.278,73.1896,666.9
IND.11.32.7_1,Waghoriya,True,Vadodara,Gujarat,experimental,False,22.3573,73.3731,559.7
IND.11.33.1_1,Dharampur,True,Valsad,Gujarat,experimental,False,20.3738,73.2052,1627.0
IND.11.33.2_1,Pardi,True,Valsad,Gujarat,experimental,False,20.4132,72.9831,458.3
IND.11.33.3_1,Umargam,True,Valsad,Gujarat,experimental,False,20.2497,72.8416,392.5
IND.11.33.4_1,Valsad,True,Valsad,Gujarat,experimental,False,20.6011,72.9887,536.2
IND.12.1.1_1,Ambala,True,Ambala,Haryana,experimental,False,30.2796,76.8708,992.3
IND.12.1.2_1,Narayangarh,True,Ambala,Haryana,experimental,False,30.4831,77.0447,760.7
IND.12.2.1_1,Bawani Khera,True,Bhiwani,Haryana,experimental,False,28.9606,76.029,606.0
IND.12.2.2_1,Bhiwani,True,Bhiwani,Haryana,experimental,False,28.7709,76.0264,1291.8
IND.12.2.3_1,Dadri,True,Bhiwani,Haryana,experimental,False,28.6061,76.1063,1376.4
IND.12.2.4_1,Loharu,True,Bhiwani,Haryana,experimental,False,28.5788,75.7308,610.9
IND.12.2.5_1,Siwani,True,Bhiwani,Haryana,experimental,False,28.7982,75.6376,750.2
IND.12.3.1_1,Faridabad,True,Faridabad,Haryana,experimental,False,28.336,77.3029,839.0
IND.12.3.2_1,Hathin,True,Faridabad,Haryana,experimental,False,28.0301,77.1973,418.6
IND.12.4.1_1,Fatehabad,True,Fatehabad,Haryana,experimental,False,29.4693,75.4946,1304.3
IND.12.4.2_1,Ratia,True,Fatehabad,Haryana,experimental,False,29.6945,75.5098,495.4
IND.12.4.3_1,Tohana,True,Fatehabad,Haryana,experimental,False,29.672,75.8004,600.1
IND.12.5.1_1,Gurgaon,True,Gurgaon,Haryana,experimental,False,28.3721,76.9661,1063.0
IND.12.5.2_1,Pataudi,True,Gurgaon,Haryana,experimental,False,28.3469,76.7138,222.4
IND.12.6.1_1,Hansi,True,Hisar,Haryana,experimental,False,29.1988,76.0889,1455.4
IND.12.6.2_1,Hisar,True,Hisar,Haryana,experimental,False,29.2435,75.6214,2714.0
IND.12.7.1_1,Bahadurgarh,True,Jhajjar,Haryana,experimental,False,28.6857,76.8138,549.1
IND.12.7.2_1,Jhajjar,True,Jhajjar,Haryana,experimental,False,28.63,76.6026,942.5
IND.12.7.3_1,Kosli,True,Jhajjar,Haryana,experimental,False,28.4756,76.4071,620.6
IND.12.8.1_1,Jind,True,Jind,Haryana,experimental,False,29.3254,76.3328,1041.2
IND.12.8.2_1,Narwana,True,Jind,Haryana,experimental,False,29.6195,76.0719,1160.7
IND.12.8.3_1,Safidon,True,Jind,Haryana,experimental,False,29.357,76.5538,531.3
IND.12.9.1_1,Gulha,True,Kaithal,Haryana,experimental,False,30.03,76.3189,633.5
IND.12.9.2_1,Kaithal,True,Kaithal,Haryana,experimental,False,29.7391,76.444,1667.0
IND.12.10.1_1,Asandh,True,Karnal,Haryana,experimental,False,29.5776,76.6611,556.6
IND.12.10.2_1,Karnal,True,Karnal,Haryana,experimental,False,29.721,76.9103,2028.0
IND.12.11.1_1,Pehowa,True,Kurukshetra,Haryana,experimental,False,30.0002,76.5707,464.2
IND.12.11.2_1,Thanesar,True,Kurukshetra,Haryana,experimental,False,30.0836,76.9287,1371.8
IND.12.12.1_1,Mahendragarh,True,Mahendragarh,Haryana,experimental,False,28.3116,76.1599,992.0
IND.12.12.2_1,Narnaul,True,Mahendragarh,Haryana,experimental,False,28.0151,76.0752,944.7
IND.12.13.1_1,Firozpur Jhirka,True,Mewat,Haryana,experimental,False,27.8393,77.1265,824.9
IND.12.13.2_1,Nuh,True,Mewat,Haryana,experimental,False,28.1649,77.0331,640.6
IND.12.14.1_1,Palwal,True,Palwal,Haryana,experimental,False,28.0669,77.3835,904.5
IND.12.15.1_1,Kalka,True,Panchkula,Haryana,experimental,False,30.7286,76.9647,737.8
IND.12.16.1_1,Panipat,True,Panipat,Haryana,experimental,False,29.3336,76.8911,1224.7
IND.12.17.1_1,Bawal,True,Rewari,Haryana,experimental,False,28.0614,76.5719,238.1
IND.12.17.2_1,Rewari,True,Rewari,Haryana,experimental,False,28.266,76.5177,1015.1
IND.12.18.1_1,Maham,True,Rohtak,Haryana,experimental,False,28.9754,76.3456,522.9
IND.12.18.2_1,Rohtak,True,Rohtak,Haryana,experimental,False,28.8973,76.6308,1162.6
IND.12.19.1_1,Dabwali,True,Sirsa,Haryana,experimental,False,29.7677,74.7584,1271.4
IND.12.19.2_1,Sirsa,True,Sirsa,Haryana,experimental,False,29.5744,74.9324,2959.8
IND.12.20.1_1,Ganaur,True,Sonipat,Haryana,experimental,False,29.1468,76.9858,341.1
IND.12.20.2_1,Gohana,True,Sonipat,Haryana,experimental,False,29.1221,76.6613,886.3
IND.12.20.3_1,Sonipat,True,Sonipat,Haryana,experimental,False,28.9666,76.9877,986.0
IND.12.21.1_1,Jagadhri,True,Yamunanagar,Haryana,experimental,False,30.2562,77.3195,1305.2
IND.13.1.1_1,Bilaspur,True,Bilaspur,Himachal Pradesh,experimental,False,31.3212,76.8109,551.3
IND.13.1.2_1,Ghumarwin,True,Bilaspur,Himachal Pradesh,experimental,False,31.4293,76.6958,614.8
IND.13.2.1_1,Brahmaur,True,Chamba,Himachal Pradesh,low,False,32.4226,76.5812,1667.3
IND.13.2.2_1,Chamba,True,Chamba,Himachal Pradesh,low,False,32.5208,76.2146,1001.1
IND.13.2.3_1,Chaurah,True,Chamba,Himachal Pradesh,low,False,32.8138,76.1725,1177.1
IND.13.2.4_1,Dalhousie,True,Chamba,Himachal Pradesh,experimental,False,32.4196,76.0431,627.1
IND.13.2.5_1,Pangi,True,Chamba,Himachal Pradesh,low,False,33.0073,76.4918,1519.2
IND.13.2.6_1,Saluni,True,Chamba,Himachal Pradesh,experimental,False,32.7579,76.014,468.8
IND.13.3.1_1,Barsar,True,Hamirpur,Himachal Pradesh,experimental,False,31.5408,76.5128,307.4
IND.13.3.2_1,Bhoranj,True,Hamirpur,Himachal Pradesh,experimental,False,31.6624,76.6461,152.3
IND.13.3.3_1,Hamirpur,True,Hamirpur,Himachal Pradesh,experimental,False,31.7487,76.5454,345.9
IND.13.3.4_1,Nadaun,True,Hamirpur,Himachal Pradesh,experimental,False,31.6911,76.4039,315.8
IND.13.4.1_1,Baijnath,True,Kangra,Himachal Pradesh,low,False,32.209,76.8775,1213.1
IND.13.4.2_1,Baroh,True,Kangra,Himachal Pradesh,experimental,False,31.9994,76.3039,137.7
IND.13.4.3_1,Dera Gopipur,True,Kangra,Himachal Pradesh,experimental,False,31.9225,76.2701,1033.8
IND.13.4.4_1,Dharmshala,True,Kangra,Himachal Pradesh,low,False,32.2544,76.3373,355.7
IND.13.4.5_1,Indora,True,Kangra,Himachal Pradesh,experimental,False,32.1322,75.7074,290.9
IND.13.4.6_1,Jaisinghpur,True,Kangra,Himachal Pradesh,experimental,False,31.9233,76.5675,242.8
IND.13.4.7_1,Jawali,True,Kangra,Himachal Pradesh,experimental,False,32.1132,75.8565,452.4
IND.13.4.8_1,Kangra,True,Kangra,Himachal Pradesh,experimental,False,32.199,76.1686,572.5
IND.13.4.10_1,Nurpur,True,Kangra,Himachal Pradesh,experimental,False,32.2766,75.8766,631.8
IND.13.4.11_1,Palampur,True,Kangra,Himachal Pradesh,experimental,False,32.0714,76.4941,573.8
IND.13.4.9_1,n.a. ( 42),False,Kangra,Himachal Pradesh,experimental,False,31.9029,76.0219,202.1
IND.13.5.1_1,Kalpa,True,Kinnaur,Himachal Pradesh,low,False,31.5751,78.2445,389.0
IND.13.5.2_1,Morang,True,Kinnaur,Himachal Pradesh,low,False,31.6035,78.562,1736.5
Z09.13.5.2_1,Morang,True,Kinnaur,Himachal Pradesh,low,False,31.4373,78.7879,13.9
IND.13.5.4_1,Nichar,True,Kinnaur,Himachal Pradesh,low,False,31.5961,77.9963,1130.0
IND.13.5.5_1,Puh,True,Kinnaur,Himachal Pradesh,low,False,31.8025,78.3949,1014.8
IND.13.5.6_1,Sangla,True,Kinnaur,Himachal Pradesh,low,False,31.3125,78.5232,1349.6
Z09.13.5.6_1,Sangla,True,Kinnaur,Himachal Pradesh,low,False,31.3235,78.8016,86.6
IND.13.5.3_1,n.a. ( 35),False,Kinnaur,Himachal Pradesh,low,False,31.9325,78.5781,614.3
Z04.13.5.3_1,n.a. ( 35),False,Kinnaur,Himachal Pradesh,low,False,31.9874,78.7213,114.4
IND.13.6.1_1,Ani,True,Kullu,Himachal Pradesh,low,False,31.4573,77.3971,278.7
IND.13.6.2_1,Banjar,True,Kullu,Himachal Pradesh,low,False,31.7038,77.4623,1159.5
IND.13.6.3_1,Kullu,True,Kullu,Himachal Pradesh,low,False,32.0719,77.3335,3631.9
IND.13.6.4_1,Nermand,True,Kullu,Himachal Pradesh,low,False,31.5102,77.5981,431.8
IND.13.7.1_1,Kyelang,True,Lahul & Spiti,Himachal Pradesh,low,False,32.6706,77.0051,6649.9
IND.13.7.2_1,Spiti,True,Lahul & Spiti,Himachal Pradesh,low,False,32.3664,78.087,6965.6
Z04.13.7.2_1,Spiti,True,Lahul & Spiti,Himachal Pradesh,low,False,32.1601,78.5293,193.3
IND.13.8.1_1,Chachyot,True,Mandi,Himachal Pradesh,experimental,False,31.5388,77.0237,285.2
IND.13.8.2_1,Jogindarnagar,True,Mandi,Himachal Pradesh,experimental,False,31.9118,76.8383,810.4
IND.13.8.3_1,Karsog,True,Mandi,Himachal Pradesh,experimental,False,31.3454,77.1783,577.7
IND.13.8.4_1,Mandi,True,Mandi,Himachal Pradesh,experimental,False,31.6743,76.9398,802.2
IND.13.8.5_1,Sarkaghat,True,Mandi,Himachal Pradesh,experimental,False,31.6937,76.7496,496.4
IND.13.8.6_1,Sundarnagar,True,Mandi,Himachal Pradesh,experimental,False,31.4337,76.9087,432.1
IND.13.8.7_1,Thunag,True,Mandi,Himachal Pradesh,low,False,31.5784,77.1977,544.2
IND.13.9.1_1,Chaupal,True,Shimla,Himachal Pradesh,low,False,30.9246,77.5754,839.7
IND.13.9.2_1,Jubbal,True,Shimla,Himachal Pradesh,low,False,31.0636,77.7315,316.4
IND.13.9.3_1,Kotkhai,True,Shimla,Himachal Pradesh,low,False,31.1587,77.525,240.8
IND.13.9.4_1,Kumharsain,True,Shimla,Himachal Pradesh,low,False,31.2843,77.4083,229.6
IND.13.9.7_1,Rampur,True,Shimla,Himachal Pradesh,experimental,False,31.4834,77.7675,977.8
IND.13.9.8_1,Rohru,True,Shimla,Himachal Pradesh,low,False,31.2577,77.7753,720.0
IND.13.9.9_1,Shimla,True,Shimla,Himachal Pradesh,low,False,31.0999,77.1788,21.3
IND.13.9.10_1,Suni,True,Shimla,Himachal Pradesh,experimental,False,31.2188,77.1766,266.6
IND.13.9.11_1,Theog,True,Shimla,Himachal Pradesh,low,False,31.1168,77.3517,470.8
IND.13.9.5_1,n.a. ( 75),False,Shimla,Himachal Pradesh,low,False,31.3064,78.113,579.4
IND.13.9.6_1,n.a. ( 89),False,Shimla,Himachal Pradesh,experimental,False,31.0742,77.176,469.7
IND.13.10.1_1,Nahan,True,Sirmaur,Himachal Pradesh,experimental,False,30.5813,77.2875,563.2
IND.13.10.2_1,Pachhad,True,Sirmaur,Himachal Pradesh,experimental,False,30.7687,77.1585,389.2
IND.13.10.3_1,Paonta,True,Sirmaur,Himachal Pradesh,experimental,False,30.5221,77.5956,762.4
IND.13.10.4_1,Rajgarh,True,Sirmaur,Himachal Pradesh,experimental,False,30.8875,77.3093,383.3
IND.13.10.5_1,Renuka,True,Sirmaur,Himachal Pradesh,experimental,False,30.7285,77.4188,425.2
IND.13.10.6_1,Shilla,True,Sirmaur,Himachal Pradesh,experimental,False,30.729,77.6223,285.3
IND.13.11.1_1,Arki,True,Solan,Himachal Pradesh,experimental,False,31.2101,76.9085,376.5
IND.13.11.2_1,Kandaghat,True,Solan,Himachal Pradesh,experimental,False,31.0067,77.1005,229.3
IND.13.11.3_1,Kasauli,True,Solan,Himachal Pradesh,experimental,False,30.9174,76.9194,376.9
IND.13.11.4_1,Nalagarh,True,Solan,Himachal Pradesh,experimental,False,31.0698,76.7477,713.8
IND.13.11.5_1,Solan,True,Solan,Himachal Pradesh,experimental,False,30.9357,77.0756,259.4
IND.13.12.1_1,Amb,True,Una,Himachal Pradesh,experimental,False,31.7108,76.1039,588.1
IND.13.12.2_1,Una,True,Una,Himachal Pradesh,experimental,False,31.5101,76.2632,949.5
Z01.14.1.1_1,n.a. ( 6),False,Anantnag,Jammu and Kashmir,experimental,False,33.801,75.2911,2702.6
Z01.14.2.1_1,n.a. ( 8),False,Badgam,Jammu and Kashmir,low,False,33.8956,74.6121,1172.8
Z01.14.3.1_1,n.a. ( 4),False,Bandipore,Jammu and Kashmir,low,False,34.5333,74.9434,2527.7
Z01.14.4.1_1,n.a. ( 4),False,Baramulla,Jammu and Kashmir,experimental,False,34.2051,74.302,2391.9
Z01.14.5.1_1,n.a. ( 7),False,Doda,Jammu and Kashmir,experimental,False,33.1504,75.5387,2625.2
Z01.14.6.1_1,n.a. ( 5a),False,Ganderbal,Jammu and Kashmir,low,False,34.2579,74.7307,220.0
Z01.14.6.2_1,n.a. ( 5b),False,Ganderbal,Jammu and Kashmir,low,False,34.3183,75.0895,1042.0
Z01.14.7.1_1,n.a. ( 16),False,Jammu,Jammu and Kashmir,experimental,False,32.7704,74.8185,2149.0
Z01.14.8.1_1,n.a. ( 3),False,Kargil,Jammu and Kashmir,low,False,33.7686,76.5152,14773.3
Z01.14.9.1_1,n.a. ( 20),False,Kathua,Jammu and Kashmir,experimental,False,32.5842,75.6057,2618.0
Z01.14.10.1_1,n.a. ( 7),False,Kishtwar,Jammu and Kashmir,low,False,33.6132,75.8247,7670.3
Z01.14.11.1_1,n.a. ( 10),False,Kulgam,Jammu and Kashmir,low,False,33.6192,74.6019,256.1
Z01.14.11.2_1,n.a. ( 6),False,Kulgam,Jammu and Kashmir,experimental,False,33.6383,74.9146,1087.3
Z01.14.12.1_1,n.a. ( 2),False,Kupwara,Jammu and Kashmir,experimental,False,34.5218,74.2045,2747.6
Z01.14.13.1_1,n.a. ( 1),False,Leh (Ladakh),Jammu and Kashmir,low,False,33.9081,77.6637,47669.6
Z01.14.14.1_1,n.a. ( 9),False,Poonch,Jammu and Kashmir,experimental,False,33.7154,74.2245,1673.6
Z01.14.15.1_1,n.a. ( 10),False,Pulwama,Jammu and Kashmir,low,False,33.9745,75.0489,733.9
Z01.14.16.1_1,n.a. ( 11),False,Rajouri,Jammu and Kashmir,experimental,False,33.2775,74.3811,2542.0
Z01.14.17.1_1,n.a. ( 12),False,Ramban,Jammu and Kashmir,experimental,False,33.3469,75.1825,902.3
Z01.14.18.1_1,n.a. ( 12),False,Reasi,Jammu and Kashmir,experimental,False,33.2002,74.8355,2083.7
Z01.14.19.1_1,n.a. ( 16),False,Samba,Jammu and Kashmir,experimental,False,32.6152,75.1259,843.6
Z01.14.20.1_1,n.a. ( 10),False,Shupiyan,Jammu and Kashmir,experimental,False,33.7668,74.8283,724.2
Z01.14.21.1_1,n.a. ( 5c),False,Srinagar,Jammu and Kashmir,low,False,34.125,74.9124,627.8
Z01.14.22.1_1,n.a. ( 15),False,Udhampur,Jammu and Kashmir,experimental,False,32.9362,75.2873,2458.1
IND.15.1.1_1,Bermo,True,Bokaro,Jharkhand,experimental,False,23.7099,85.8329,1680.0
IND.15.1.2_1,n.a. ( 902),False,Bokaro,Jharkhand,experimental,False,23.6653,86.214,1189.9
IND.15.2.1_1,Chatra,True,Chatra,Jharkhand,experimental,False,24.1012,84.8668,3757.2
IND.15.3.1_1,Devghar,True,Deoghar,Jharkhand,experimental,False,24.3312,86.7087,2441.0
IND.15.4.1_1,Baghmara,True,Dhanbad,Jharkhand,experimental,False,23.8311,86.2608,458.0
IND.15.4.2_1,Dhanbad,True,Dhanbad,Jharkhand,experimental,False,23.8451,86.5832,1625.8
IND.15.5.1_1,Dumka,True,Dumka,Jharkhand,experimental,False,24.3099,87.3062,3774.2
IND.15.6.1_1,Garhwa,True,Garhwa,Jharkhand,experimental,False,24.0486,83.6484,4078.3
IND.15.7.1_1,Giridih,True,Giridih,Jharkhand,experimental,False,24.3327,86.1587,4996.6
IND.15.8.1_1,Godda,True,Godda,Jharkhand,experimental,False,24.8655,87.3008,2242.0
IND.15.9.1_1,Gumla,True,Gumla,Jharkhand,experimental,False,23.1575,84.4576,5365.3
IND.15.10.1_1,Hazaribag,True,Hazaribagh,Jharkhand,experimental,False,24.1029,85.4472,4817.1
IND.15.11.1_1,Jamtara,True,Jamtara,Jharkhand,experimental,False,23.9804,86.9268,1804.8
IND.15.12.1_1,Khunti,True,Khunti,Jharkhand,experimental,False,22.9239,85.3005,2772.3
IND.15.13.1_1,Kodarma,True,Kodarma,Jharkhand,experimental,False,24.5541,85.6712,1322.4
IND.15.14.1_1,Latehar,True,Latehar,Jharkhand,experimental,False,23.6847,84.4907,4264.5
IND.15.15.1_1,Lohardaga,True,Lohardaga,Jharkhand,experimental,False,23.4754,84.6937,1499.8
IND.15.16.1_1,Pakaur,True,Pakur,Jharkhand,experimental,False,24.5319,87.5919,1815.2
IND.15.17.1_1,Daltenganj,True,Palamu,Jharkhand,experimental,False,24.1885,84.2107,4455.4
IND.15.18.1_1,Chaibasa,True,Pashchimi Singhbhum,Jharkhand,experimental,False,22.3408,85.6965,3556.3
IND.15.18.2_1,Chakradharpur,True,Pashchimi Singhbhum,Jharkhand,experimental,False,22.4585,85.2637,3674.6
IND.15.19.1_1,Jamshedpur,True,Purbi Singhbhum,Jharkhand,experimental,False,22.6125,86.381,3577.7
IND.15.20.1_1,Hazaribag,True,Ramgarh,Jharkhand,experimental,False,23.6775,85.5138,1344.0
IND.15.21.1_1,Khunti,True,Ranchi,Jharkhand,experimental,False,23.0979,85.7153,1030.6
IND.15.21.2_1,Ranchi,True,Ranchi,Jharkhand,experimental,False,23.3592,85.3839,3853.2
IND.15.22.1_1,Sahibganj,True,Sahibganj,Jharkhand,experimental,False,25.0338,87.6868,2198.9
IND.15.23.1_1,Saraikela,True,Saraikela-kharsawan,Jharkhand,experimental,False,22.8152,85.9127,2653.4
IND.15.24.1_1,Simdega,True,Simdega,Jharkhand,experimental,False,22.585,84.5432,3791.4
IND.16.1.1_1,Badami,True,Bagalkot,Karnataka,experimental,False,15.9802,75.6441,1379.7
IND.16.1.2_1,Bagalkot,True,Bagalkot,Karnataka,experimental,False,16.2012,75.6984,930.3
IND.16.1.3_1,Bilgi,True,Bagalkot,Karnataka,experimental,False,16.3673,75.6149,778.5
IND.16.1.4_1,Hungund,True,Bagalkot,Karnataka,experimental,False,16.0607,76.0801,1355.5
IND.16.1.5_1,Jamkhandi,True,Bagalkot,Karnataka,experimental,False,16.5797,75.3256,1158.4
IND.16.1.6_1,Mudhol,True,Bagalkot,Karnataka,experimental,False,16.2689,75.3214,950.2
IND.16.3.1_1,Anekal,True,Bangalore,Karnataka,experimental,False,12.7882,77.6734,525.3
IND.16.3.2_1,Bangalore,True,Bangalore,Karnataka,experimental,False,13.066,77.5234,794.6
IND.16.3.3_1,n.a. ( 2050),False,Bangalore,Karnataka,experimental,False,12.914,77.4902,859.1
IND.16.2.1_1,Devanhalli,True,Bangalore Rural,Karnataka,experimental,False,13.2309,77.6824,447.7
IND.16.2.2_1,Dod Ballapur,True,Bangalore Rural,Karnataka,experimental,False,13.3243,77.4939,797.5
IND.16.2.3_1,Hoskote,True,Bangalore Rural,Karnataka,experimental,False,13.0499,77.8357,547.3
IND.16.2.4_1,Nelamangala,True,Bangalore Rural,Karnataka,experimental,False,13.1429,77.3404,510.5
IND.16.4.1_1,Athni,True,Belgaum,Karnataka,experimental,False,16.7279,75.0608,1970.9
IND.16.4.2_1,Bail Hongal,True,Belgaum,Karnataka,experimental,False,15.7223,74.8443,1116.1
IND.16.4.3_1,Belgaum,True,Belgaum,Karnataka,experimental,False,15.8825,74.5525,1009.6
IND.16.4.4_1,Chikodi,True,Belgaum,Karnataka,experimental,False,16.47,74.489,1260.0
IND.16.4.5_1,Gokak,True,Belgaum,Karnataka,experimental,False,16.1653,74.908,1524.2
IND.16.4.6_1,Hukeri,True,Belgaum,Karnataka,experimental,False,16.162,74.6046,987.1
IND.16.4.7_1,Khanapur,True,Belgaum,Karnataka,experimental,False,15.5692,74.4827,1736.0
IND.16.4.8_1,Ramdurg,True,Belgaum,Karnataka,experimental,False,15.9932,75.2673,1214.5
IND.16.4.9_1,Raybag,True,Belgaum,Karnataka,experimental,False,16.4876,74.8395,952.8
IND.16.4.10_1,Saundatti,True,Belgaum,Karnataka,experimental,False,15.8804,74.9969,1563.4
IND.16.5.1_1,Bellary,True,Bellary,Karnataka,experimental,False,15.2188,76.9129,1684.6
IND.16.5.2_1,Hagaribommanahalli,True,Bellary,Karnataka,experimental,False,15.0503,76.1774,1011.2
IND.16.5.3_1,Hospet,True,Bellary,Karnataka,experimental,False,15.2292,76.4915,927.7
IND.16.5.4_1,Huvvinahadagalli,True,Bellary,Karnataka,experimental,False,14.9308,75.8963,948.1
IND.16.5.5_1,Kudligi,True,Bellary,Karnataka,experimental,False,14.767,76.4188,1585.3
IND.16.5.6_1,Sandur,True,Bellary,Karnataka,experimental,False,15.062,76.6233,1238.3
IND.16.5.7_1,Siruguppa,True,Bellary,Karnataka,experimental,False,15.5941,76.9302,1030.1
IND.16.6.1_1,Aurad,True,Bidar,Karnataka,experimental,False,18.2354,77.3616,1252.5
IND.16.6.2_1,Basavakalyan,True,Bidar,Karnataka,experimental,False,17.8346,76.9271,1203.1
IND.16.6.3_1,Bhalki,True,Bidar,Karnataka,experimental,False,18.0277,77.2221,1104.0
IND.16.6.4_1,Bidar,True,Bidar,Karnataka,experimental,False,17.8852,77.4826,897.4
IND.16.6.5_1,Homnabad,True,Bidar,Karnataka,experimental,False,17.7608,77.1812,976.5
IND.16.7.1_1,Basavana Bagevadi,True,Bijapur,Karnataka,experimental,False,16.5417,75.9169,1964.5
IND.16.7.2_1,Bijapur,True,Bijapur,Karnataka,experimental,False,16.7476,75.6635,2648.3
IND.16.7.3_1,Indi,True,Bijapur,Karnataka,experimental,False,17.2029,75.9134,2227.2
IND.16.7.4_1,Muddebihal,True,Bijapur,Karnataka,experimental,False,16.3826,76.1598,1493.0
IND.16.7.5_1,Sindgi,True,Bijapur,Karnataka,experimental,False,16.8807,76.2165,2151.3
IND.16.8.1_1,Chamrajnagar,True,Chamrajnagar,Karnataka,experimental,False,11.9265,76.9246,1223.8
IND.16.8.2_1,Gundlupet,True,Chamrajnagar,Karnataka,experimental,False,11.7882,76.6301,1366.3
IND.16.8.3_1,Kollegal,True,Chamrajnagar,Karnataka,experimental,False,12.0302,77.4272,2794.3
IND.16.8.4_1,Yelandur,True,Chamrajnagar,Karnataka,experimental,False,12.0051,77.1089,269.2
IND.16.9.1_1,Bagepalli,True,Chikballapura,Karnataka,experimental,False,13.7855,77.9151,930.5
IND.16.9.2_1,Chik Ballapur,True,Chikballapura,Karnataka,experimental,False,13.4917,77.749,633.9
IND.16.9.3_1,Chintamani,True,Chikballapura,Karnataka,experimental,False,13.4627,78.0756,888.8
IND.16.9.4_1,Gauribidanur,True,Chikballapura,Karnataka,experimental,False,13.5949,77.502,888.6
IND.16.9.5_1,Gudibanda,True,Chikballapura,Karnataka,experimental,False,13.6844,77.7506,224.9
IND.16.9.6_1,Sidlaghatta,True,Chikballapura,Karnataka,experimental,False,13.4333,77.8896,662.5
IND.16.10.1_1,Chikmagalur,True,Chikmagalur,Karnataka,experimental,False,13.3621,75.7187,1594.7
IND.16.10.2_1,Kadur,True,Chikmagalur,Karnataka,experimental,False,13.5298,76.0862,1424.9
IND.16.10.3_1,Koppa,True,Chikmagalur,Karnataka,experimental,False,13.4509,75.3601,565.4
IND.16.10.4_1,Mudigere,True,Chikmagalur,Karnataka,experimental,False,13.1134,75.5844,1146.9
IND.16.10.5_1,Narasimharajapura,True,Chikmagalur,Karnataka,experimental,False,13.506,75.4768,797.4
IND.16.10.6_1,Sringeri,True,Chikmagalur,Karnataka,experimental,False,13.3776,75.2187,442.6
IND.16.10.7_1,Tarikere,True,Chikmagalur,Karnataka,experimental,False,13.6958,75.8166,1216.5
IND.16.11.1_1,Challakere,True,Chitradurga,Karnataka,experimental,False,14.3434,76.7066,2073.5
IND.16.11.2_1,Chitradurga,True,Chitradurga,Karnataka,experimental,False,14.2487,76.3461,1378.2
IND.16.11.3_1,Hiriyur,True,Chitradurga,Karnataka,experimental,False,13.9376,76.6417,1706.3
IND.16.11.4_1,Holalkere,True,Chitradurga,Karnataka,experimental,False,14.0519,76.2292,1100.7
IND.16.11.5_1,Hosdurga,True,Chitradurga,Karnataka,experimental,False,13.7834,76.3221,1435.9
IND.16.11.6_1,Molakalmuru,True,Chitradurga,Karnataka,experimental,False,14.7945,76.7551,734.1
IND.16.12.1_1,Bantval,True,Dakshina Kannada,Karnataka,experimental,False,12.8365,75.0985,741.5
IND.16.12.2_1,Beltangadi,True,Dakshina Kannada,Karnataka,experimental,False,12.9943,75.307,1375.7
IND.16.12.3_1,Mangalore,True,Dakshina Kannada,Karnataka,experimental,False,12.9361,74.8817,569.4
IND.16.12.4_1,Puttur,True,Dakshina Kannada,Karnataka,experimental,False,12.7192,75.3016,1022.4
IND.16.12.5_1,Sulya,True,Dakshina Kannada,Karnataka,experimental,False,12.5922,75.483,852.3
IND.16.13.1_1,Bhadravati,True,Davanagere,Karnataka,experimental,False,13.9026,75.7654,679.1
IND.16.13.2_1,Channagiri,True,Davanagere,Karnataka,experimental,False,14.0597,75.9357,1210.8
IND.16.13.3_1,Davangere,True,Davanagere,Karnataka,experimental,False,14.389,75.9966,964.5
IND.16.13.4_1,Harihar,True,Davanagere,Karnataka,experimental,False,14.4612,75.745,482.1
IND.16.13.5_1,Harpanahalli,True,Davanagere,Karnataka,experimental,False,14.7069,75.9688,1433.9
IND.16.13.6_1,Honnali,True,Davanagere,Karnataka,experimental,False,14.2051,75.6412,866.0
IND.16.13.7_1,Jagalur,True,Davanagere,Karnataka,experimental,False,14.5525,76.3167,972.3
IND.16.14.1_1,Dharwad,True,Dharwad,Karnataka,experimental,False,15.4935,75.0078,1112.1
IND.16.14.2_1,Hubli,True,Dharwad,Karnataka,experimental,False,15.3245,75.1555,671.7
IND.16.14.3_1,Kalghatgi,True,Dharwad,Karnataka,experimental,False,15.1969,74.9957,686.0
IND.16.14.4_1,Kundgol,True,Dharwad,Karnataka,experimental,False,15.1974,75.3065,648.9
IND.16.14.6_1,Navalgund,True,Dharwad,Karnataka,experimental,False,15.5228,75.3568,1079.9
IND.16.14.5_1,n.a. ( 1897),False,Dharwad,Karnataka,experimental,False,15.3255,75.4043,62.5
IND.16.15.1_1,Gadag,True,Gadag,Karnataka,experimental,False,15.4207,75.6614,1087.8
IND.16.15.2_1,Mundargi,True,Gadag,Karnataka,experimental,False,15.2072,75.8288,880.1
IND.16.15.3_1,Nargund,True,Gadag,Karnataka,experimental,False,15.7638,75.423,434.6
IND.16.15.4_1,Ron,True,Gadag,Karnataka,experimental,False,15.676,75.6854,1283.7
IND.16.15.5_1,Shirhatti,True,Gadag,Karnataka,experimental,False,15.1183,75.5846,944.6
IND.16.16.1_1,Afzalpur,True,Gulbarga,Karnataka,experimental,False,17.2185,76.4133,1302.7
IND.16.16.2_1,Aland,True,Gulbarga,Karnataka,experimental,False,17.545,76.606,1743.1
IND.16.16.3_1,Chincholi,True,Gulbarga,Karnataka,experimental,False,17.4252,77.2986,1550.5
IND.16.16.4_1,Chitapur,True,Gulbarga,Karnataka,experimental,False,17.1751,76.9952,1758.6
IND.16.16.5_1,Gulbarga,True,Gulbarga,Karnataka,experimental,False,17.3641,76.8473,1747.1
IND.16.16.6_1,Jevargi,True,Gulbarga,Karnataka,experimental,False,16.9419,76.6656,1837.9
IND.16.16.7_1,Seram,True,Gulbarga,Karnataka,experimental,False,17.0685,77.3328,1023.1
IND.16.17.1_1,Alur,True,Hassan,Karnataka,experimental,False,12.9273,75.9691,424.5
IND.16.17.2_1,Arkalgud,True,Hassan,Karnataka,experimental,False,12.6637,76.0516,675.1
IND.16.17.3_1,Arsikere,True,Hassan,Karnataka,experimental,False,13.3051,76.1905,1266.3
IND.16.17.4_1,Belur,True,Hassan,Karnataka,experimental,False,13.1241,75.8984,838.5
IND.16.17.5_1,Channarayapatna,True,Hassan,Karnataka,experimental,False,12.9638,76.4458,1034.1
IND.16.17.6_1,Hassan,True,Hassan,Karnataka,experimental,False,13.0084,76.154,932.8
IND.16.17.7_1,Holenarsipur,True,Hassan,Karnataka,experimental,False,12.7633,76.2547,595.2
IND.16.17.8_1,Sakleshpur,True,Hassan,Karnataka,experimental,False,12.8507,75.7263,1024.3
IND.16.18.1_1,Byadgi,True,Haveri,Karnataka,experimental,False,14.6744,75.4223,431.4
IND.16.18.2_1,Hangal,True,Haveri,Karnataka,experimental,False,14.7409,75.1676,762.2
IND.16.18.3_1,Haveri,True,Haveri,Karnataka,experimental,False,14.8437,75.4965,795.0
IND.16.18.4_1,Hirekerur,True,Haveri,Karnataka,experimental,False,14.4408,75.4738,796.7
IND.16.18.5_1,Ranibennur,True,Haveri,Karnataka,experimental,False,14.5993,75.659,894.2
IND.16.18.6_1,Savanur,True,Haveri,Karnataka,experimental,False,14.9626,75.393,532.8
IND.16.18.7_1,Shiggaon,True,Haveri,Karnataka,experimental,False,15.0106,75.1815,581.8
IND.16.19.1_1,Madikeri,True,Kodagu,Karnataka,experimental,False,12.3464,75.6188,1434.9
IND.16.19.2_1,Somvarpet,True,Kodagu,Karnataka,experimental,False,12.5571,75.8465,1007.7
IND.16.19.3_1,Virarajendrapet,True,Kodagu,Karnataka,experimental,False,12.1528,75.9024,1653.3
IND.16.20.1_1,Bangarapet,True,Kolar,Karnataka,experimental,False,12.9124,78.2174,865.6
IND.16.20.2_1,Kolar,True,Kolar,Karnataka,experimental,False,13.1606,78.1003,790.9
IND.16.20.3_1,Malur,True,Kolar,Karnataka,experimental,False,12.9513,77.9876,642.6
IND.16.20.4_1,Mulbagal,True,Kolar,Karnataka,experimental,False,13.1639,78.4108,814.4
IND.16.20.5_1,Srinivaspur,True,Kolar,Karnataka,experimental,False,13.3951,78.2505,858.1
IND.16.21.1_1,Gangawati,True,Koppal,Karnataka,experimental,False,15.5204,76.5571,1331.5
IND.16.21.2_1,Koppal,True,Koppal,Karnataka,experimental,False,15.3685,76.2383,1368.2
IND.16.21.3_1,Kushtagi,True,Koppal,Karnataka,experimental,False,15.8147,76.1605,1351.3
IND.16.21.4_1,Yelbarga,True,Koppal,Karnataka,experimental,False,15.5254,76.0427,1505.0
IND.16.22.1_1,Krishnarajpet,True,Mandya,Karnataka,experimental,False,12.6543,76.4743,891.0
IND.16.22.2_1,Maddur,True,Mandya,Karnataka,experimental,False,12.6045,77.0397,616.9
IND.16.22.3_1,Malavalli,True,Mandya,Karnataka,experimental,False,12.3521,77.1261,792.5
IND.16.22.4_1,Mandya,True,Mandya,Karnataka,experimental,False,12.5876,76.8534,706.5
IND.16.22.5_1,Nagamangala,True,Mandya,Karnataka,experimental,False,12.8531,76.7286,1028.7
IND.16.22.6_1,Pandavapura,True,Mandya,Karnataka,experimental,False,12.5672,76.6719,518.8
IND.16.22.7_1,Shrirangapattana,True,Mandya,Karnataka,experimental,False,12.3944,76.6931,371.2
IND.16.23.1_1,Heggadadevankote,True,Mysore,Karnataka,experimental,False,12.0071,76.3192,1606.0
IND.16.23.2_1,Hunsur,True,Mysore,Karnataka,experimental,False,12.2674,76.3031,887.7
IND.16.23.3_1,Krishnarajanagara,True,Mysore,Karnataka,experimental,False,12.5176,76.2805,607.2
IND.16.23.4_1,Mysore,True,Mysore,Karnataka,experimental,False,12.2789,76.6392,798.9
IND.16.23.5_1,Nanjangud,True,Mysore,Karnataka,experimental,False,12.0354,76.6844,982.3
IND.16.23.6_1,Piriyapatna,True,Mysore,Karnataka,experimental,False,12.3769,76.0748,810.5
IND.16.23.7_1,Tirumakudal Narsipur,True,Mysore,Karnataka,experimental,False,12.2629,76.8982,604.9
IND.16.24.1_1,Deodrug,True,Raichur,Karnataka,experimental,False,16.3631,76.9284,1508.5
IND.16.24.2_1,Lingsugur,True,Raichur,Karnataka,experimental,False,16.1,76.4744,1965.9
IND.16.24.3_1,Manvi,True,Raichur,Karnataka,experimental,False,16.0345,76.9653,1816.9
IND.16.24.4_1,Raichur,True,Raichur,Karnataka,experimental,False,16.1682,77.356,1542.9
IND.16.24.5_1,Sindhnur,True,Raichur,Karnataka,experimental,False,15.77,76.7007,1601.9
IND.16.25.1_1,Channapatna,True,Ramanagara,Karnataka,experimental,False,12.6252,77.1821,537.9
IND.16.25.2_1,Kanakapura,True,Ramanagara,Karnataka,experimental,False,12.5164,77.4114,1551.3
IND.16.25.3_1,Magadi,True,Ramanagara,Karnataka,experimental,False,12.9992,77.2079,795.9
IND.16.25.4_1,Ramanagaram,True,Ramanagara,Karnataka,experimental,False,12.7243,77.3404,622.4
IND.16.26.1_1,Hosanagara,True,Shimoga,Karnataka,experimental,False,13.8525,75.0698,1405.2
IND.16.26.2_1,Sagar,True,Shimoga,Karnataka,experimental,False,14.0962,74.8746,1927.4
IND.16.26.3_1,Shikarpur,True,Shimoga,Karnataka,experimental,False,14.3051,75.3853,917.6
IND.16.26.4_1,Shimoga,True,Shimoga,Karnataka,experimental,False,13.9304,75.5411,1101.7
IND.16.26.5_1,Sorab,True,Shimoga,Karnataka,experimental,False,14.4367,75.0328,1130.6
IND.16.26.6_1,Tirthalli,True,Shimoga,Karnataka,experimental,False,13.6918,75.2765,1251.3
IND.16.27.1_1,Chiknayakanhalli,True,Tumkur,Karnataka,experimental,False,13.5153,76.5603,1123.4
IND.16.27.2_1,Gubbi,True,Tumkur,Karnataka,experimental,False,13.3363,76.8545,1218.1
IND.16.27.3_1,Koratagere,True,Tumkur,Karnataka,experimental,False,13.4634,77.2787,640.3
IND.16.27.4_1,Kunigal,True,Tumkur,Karnataka,experimental,False,12.9322,76.9978,992.5
IND.16.27.5_1,Madhugiri,True,Tumkur,Karnataka,experimental,False,13.7453,77.2709,1112.0
IND.16.27.6_1,Pavagada,True,Tumkur,Karnataka,experimental,False,14.1074,77.1814,1363.6
IND.16.27.7_1,Sira,True,Tumkur,Karnataka,experimental,False,13.7822,76.8719,1546.6
IND.16.27.8_1,Tiptur,True,Tumkur,Karnataka,experimental,False,13.244,76.4873,785.1
IND.16.27.9_1,Tumkur,True,Tumkur,Karnataka,experimental,False,13.3242,77.1465,1030.9
IND.16.27.10_1,Turuvekere,True,Tumkur,Karnataka,experimental,False,13.1464,76.707,779.6
IND.16.28.1_1,Karkal,True,Udupi,Karnataka,experimental,False,13.2485,75.0089,1364.0
IND.16.28.2_1,Kundapura,True,Udupi,Karnataka,experimental,False,13.7271,74.8192,1590.0
IND.16.28.3_1,Udupi,True,Udupi,Karnataka,experimental,False,13.3228,74.8188,948.2
IND.16.29.1_1,Ankola,True,Uttara Kannada,Karnataka,experimental,False,14.6919,74.4398,938.1
IND.16.29.2_1,Bhatkal,True,Uttara Kannada,Karnataka,experimental,False,14.0425,74.5801,362.4
IND.16.29.3_1,Haliyal,True,Uttara Kannada,Karnataka,experimental,False,15.2402,74.7576,859.4
IND.16.29.4_1,Honavar,True,Uttara Kannada,Karnataka,experimental,False,14.2676,74.5769,758.7
IND.16.29.5_1,Karwar,True,Uttara Kannada,Karnataka,experimental,False,14.8843,74.3143,748.9
IND.16.29.6_1,Kumta,True,Uttara Kannada,Karnataka,experimental,False,14.4744,74.4848,597.2
IND.16.29.7_1,Mundgod,True,Uttara Kannada,Karnataka,experimental,False,14.8826,74.9997,667.3
IND.16.29.8_1,Siddapur,True,Uttara Kannada,Karnataka,experimental,False,14.3832,74.8104,856.4
IND.16.29.9_1,Sirsi,True,Uttara Kannada,Karnataka,experimental,False,14.6512,74.8175,1307.2
IND.16.29.10_1,Supa,True,Uttara Kannada,Karnataka,experimental,False,15.2046,74.4717,1882.4
IND.16.29.11_1,Yellapur,True,Uttara Kannada,Karnataka,experimental,False,14.9386,74.7294,1298.2
IND.16.30.1_1,Shahpur,True,Yadgir,Karnataka,experimental,False,16.6464,76.889,1712.1
IND.16.30.2_1,Shorapur,True,Yadgir,Karnataka,experimental,False,16.4713,76.6474,1831.8
IND.16.30.3_1,Yadgir,True,Yadgir,Karnataka,experimental,False,16.7099,77.2868,1719.1
IND.17.1.1_1,Alleppey,True,Alappuzha,Kerala,experimental,False,9.4458,76.34,112.4
IND.17.1.2_1,Chengannur,True,Alappuzha,Kerala,experimental,False,9.2814,76.582,149.0
IND.17.1.3_1,Haripad,True,Alappuzha,Kerala,experimental,False,9.2296,76.4639,180.9
IND.17.1.4_1,Mankombu,True,Alappuzha,Kerala,experimental,False,9.4272,76.4263,301.4
IND.17.1.5_1,Mavelikara,True,Alappuzha,Kerala,experimental,False,9.2006,76.5648,227.0
IND.17.1.7_1,Shertallai,True,Alappuzha,Kerala,experimental,False,9.7357,76.3135,268.5
IND.17.1.6_1,n.a. ( 2250),False,Alappuzha,Kerala,experimental,False,9.8525,76.3594,6.2
IND.17.2.1_1,Alwaye,True,Ernakulam,Kerala,experimental,False,10.1584,76.3747,319.8
IND.17.2.2_1,Cochin,True,Ernakulam,Kerala,experimental,False,9.8967,76.2946,37.9
IND.17.2.3_1,Ernakulam,True,Ernakulam,Kerala,experimental,False,9.9424,76.3334,249.0
IND.17.2.4_1,Kotamangalam,True,Ernakulam,Kerala,experimental,False,10.0609,76.6477,311.5
IND.17.2.5_1,Muvattupula,True,Ernakulam,Kerala,experimental,False,9.9217,76.5565,434.5
IND.17.2.6_1,Parur,True,Ernakulam,Kerala,experimental,False,10.0861,76.2966,210.0
IND.17.2.7_1,Perumbavur,True,Ernakulam,Kerala,experimental,False,10.1014,76.4806,687.4
IND.17.3.1_1,Devikolam,True,Idukki,Kerala,experimental,False,10.1447,76.9492,1767.9
IND.17.3.2_1,Pirmed,True,Idukki,Kerala,experimental,False,9.5019,77.1516,1280.7
IND.17.3.3_1,Todupulai,True,Idukki,Kerala,experimental,False,9.8694,76.7912,870.5
IND.17.3.4_1,Udumbanchola,True,Idukki,Kerala,experimental,False,9.8505,77.0885,1070.8
IND.17.4.1_1,Cannanore,True,Kannur,Kerala,experimental,False,11.9008,75.4013,265.2
IND.17.4.2_1,Talipparamba,True,Kannur,Kerala,experimental,False,12.1025,75.4985,1318.9
IND.17.4.3_1,Tellicherry,True,Kannur,Kerala,experimental,False,11.8763,75.7162,1189.8
IND.17.5.1_1,Hosdurg,True,Kasaragod,Kerala,experimental,False,12.2964,75.2545,964.7
IND.17.5.2_1,Kasaragod,True,Kasaragod,Kerala,experimental,False,12.6015,75.0703,986.4
IND.17.6.1_1,Karunagapalli,True,Kollam,Kerala,experimental,False,9.0292,76.5552,157.0
IND.17.6.2_1,Kottarakara,True,Kollam,Kerala,experimental,False,8.9167,76.7733,560.1
IND.17.6.3_1,Kunnattur,True,Kollam,Kerala,experimental,False,9.0674,76.6376,120.7
IND.17.6.4_1,Punalur,True,Kollam,Kerala,experimental,False,8.9609,77.004,1231.7
IND.17.6.5_1,Quilon,True,Kollam,Kerala,experimental,False,8.8974,76.6318,334.9
IND.17.7.1_1,Changanacheri,True,Kottayam,Kerala,experimental,False,9.4826,76.6339,257.4
IND.17.7.2_1,Kanjirapalli,True,Kottayam,Kerala,experimental,False,9.5097,76.8117,347.1
IND.17.7.3_1,Kottayam,True,Kottayam,Kerala,experimental,False,9.5899,76.5822,497.9
IND.17.7.4_1,Pala (Lalam),True,Kottayam,Kerala,experimental,False,9.7111,76.6981,729.4
IND.17.7.5_1,Vaikam,True,Kottayam,Kerala,experimental,False,9.7436,76.4556,270.8
IND.17.8.1_1,Kozhikode,True,Kozhikode,Kerala,experimental,False,11.3329,75.9141,1001.3
IND.17.8.2_1,Mahe,True,Kozhikode,Kerala,experimental,False,11.6593,75.71,563.3
IND.17.8.3_1,Quilandi,True,Kozhikode,Kerala,experimental,False,11.5142,75.7804,707.4
IND.17.9.1_1,Malappuram,True,Malappuram,Kerala,experimental,False,11.2356,76.1868,2184.0
IND.17.9.2_1,Perintalmanna,True,Malappuram,Kerala,experimental,False,10.9812,76.2233,497.8
IND.17.9.3_1,Ponnani,True,Malappuram,Kerala,experimental,False,10.7672,75.977,188.1
IND.17.9.4_1,Tirur,True,Malappuram,Kerala,experimental,False,10.9612,75.937,630.1
IND.17.10.1_1,Alattur,True,Palakkad,Kerala,experimental,False,10.6021,76.5087,568.7
IND.17.10.2_1,Chittur,True,Palakkad,Kerala,experimental,False,10.568,76.6863,1140.4
IND.17.10.3_1,Mannarkkad,True,Palakkad,Kerala,experimental,False,11.0525,76.5314,1203.1
IND.17.10.4_1,Ottappalam,True,Palakkad,Kerala,experimental,False,10.8287,76.2413,843.9
IND.17.10.5_1,Palghat,True,Palakkad,Kerala,experimental,False,10.7976,76.6298,715.8
IND.17.11.1_1,Adur,True,Pathanamthitta,Kerala,experimental,False,9.1506,76.7852,321.4
IND.17.11.2_1,Mallapalli,True,Pathanamthitta,Kerala,experimental,False,9.4223,76.6715,163.0
IND.17.11.4_1,Rani,True,Pathanamthitta,Kerala,experimental,False,9.3295,76.9901,1048.0
IND.17.11.5_1,Tiruvalla,True,Pathanamthitta,Kerala,experimental,False,9.3633,76.6028,160.3
IND.17.11.3_1,n.a. ( 2275),False,Pathanamthitta,Kerala,experimental,False,9.2045,76.9546,941.6
IND.17.12.1_1,Chirayinkil,True,Thiruvananthapuram,Kerala,experimental,False,8.7325,76.8,338.4
IND.17.12.2_1,Nedumangad,True,Thiruvananthapuram,Kerala,experimental,False,8.6646,77.0264,918.0
IND.17.12.3_1,Neyyattinkara,True,Thiruvananthapuram,Kerala,experimental,False,8.4531,77.0979,536.7
IND.17.12.4_1,Trivandrum,True,Thiruvananthapuram,Kerala,experimental,False,8.5247,76.9337,249.4
IND.17.13.1_1,Chavakkad,True,Thrissur,Kerala,experimental,False,10.5181,76.0811,187.9
IND.17.13.2_1,Irinjalakuda,True,Thrissur,Kerala,experimental,False,10.322,76.4867,1293.3
IND.17.13.3_1,Kodungallur,True,Thrissur,Kerala,experimental,False,10.2874,76.1452,116.0
IND.17.13.4_1,Trichur,True,Thrissur,Kerala,experimental,False,10.4992,76.2855,660.8
IND.17.13.5_1,Vadakkancheri,True,Thrissur,Kerala,experimental,False,10.6729,76.2278,682.7
IND.17.14.1_1,Manantavadi,True,Wayanad,Kerala,experimental,False,11.8234,75.9371,746.5
IND.17.14.2_1,Sultans Battery,True,Wayanad,Kerala,experimental,False,11.7074,76.2535,740.7
IND.17.14.3_1,Vayittiri,True,Wayanad,Kerala,experimental,False,11.5887,76.0444,634.7
IND.18.1.1_1,Amini Island,True,Lakshadweep,Lakshadweep,experimental,False,11.1233,72.7233,3.2
IND.18.1.2_1,Androth Island,True,Lakshadweep,Lakshadweep,experimental,False,10.8131,73.6806,5.1
IND.18.1.3_1,Kavaratti,True,Lakshadweep,Lakshadweep,experimental,False,10.5589,72.6369,4.1
IND.18.1.4_1,Minicoy Island,True,Lakshadweep,Lakshadweep,experimental,False,8.2783,73.0115,5.8
IND.18.1.5_1,n.a. ( 2239),False,Lakshadweep,Lakshadweep,experimental,False,10.9479,72.3181,16.7
IND.19.1.1_1,Agar,True,Agar Malwa,Madhya Pradesh,validated,False,23.7439,75.939,1462.5
IND.19.1.2_1,Susner,True,Agar Malwa,Madhya Pradesh,validated,False,24.0177,76.1166,1305.3
IND.19.2.1_1,Alirajpur,True,Alirajpur,Madhya Pradesh,validated,False,22.2476,74.3403,2242.9
IND.19.2.2_1,Jobat,True,Alirajpur,Madhya Pradesh,validated,False,22.4587,74.5407,1088.1
IND.19.3.1_1,Anuppur,True,Anuppur,Madhya Pradesh,validated,False,23.1499,81.8538,2025.9
IND.19.4.1_1,Ashoknagar,True,Ashoknagar,Madhya Pradesh,validated,False,24.6586,77.6781,2414.8
IND.19.4.2_1,Chanderi,True,Ashoknagar,Madhya Pradesh,validated,False,24.6967,78.0757,1035.2
IND.19.4.3_1,Mungaoli,True,Ashoknagar,Madhya Pradesh,validated,False,24.4139,77.9849,1274.0
IND.19.5.1_1,Baihar,True,Balaghat,Madhya Pradesh,validated,False,21.9622,80.5867,4042.9
IND.19.5.2_1,Balaghat,True,Balaghat,Madhya Pradesh,validated,False,21.9333,80.2343,1937.7
IND.19.5.3_1,Lanji,True,Balaghat,Madhya Pradesh,validated,False,21.5232,80.5506,878.9
IND.19.5.4_1,Waraseoni,True,Balaghat,Madhya Pradesh,validated,False,21.8042,79.9561,2389.4
IND.19.6.1_1,Barwani,True,Barwani,Madhya Pradesh,validated,False,21.9309,74.7737,1472.1
IND.19.6.2_1,Pansemal,True,Barwani,Madhya Pradesh,validated,False,21.7308,74.7909,1180.7
IND.19.6.3_1,Rajpur,True,Barwani,Madhya Pradesh,validated,False,21.9348,75.187,1266.3
IND.19.6.4_1,Sendhwa,True,Barwani,Madhya Pradesh,validated,False,21.5946,75.2592,1505.3
IND.19.7.1_1,Betul,True,Betul,Madhya Pradesh,validated,False,22.0484,77.8671,4130.3
IND.19.7.2_1,Bhainsdehi,True,Betul,Madhya Pradesh,validated,False,21.7087,77.7422,3417.9
IND.19.7.3_1,Multai,True,Betul,Madhya Pradesh,validated,False,21.7636,78.2279,2520.1
IND.19.8.1_1,Bhind,True,Bhind,Madhya Pradesh,validated,False,26.5933,78.787,1366.1
IND.19.8.2_1,Gohad,True,Bhind,Madhya Pradesh,validated,False,26.3819,78.4119,1023.6
IND.19.8.3_1,Lahar,True,Bhind,Madhya Pradesh,validated,False,26.1825,78.8922,1100.9
IND.19.8.4_1,Mahgawan,True,Bhind,Madhya Pradesh,validated,False,26.4796,78.6338,982.0
IND.19.9.1_1,Berasia,True,Bhopal,Madhya Pradesh,validated,False,23.6713,77.4231,1399.1
IND.19.9.2_1,Bhopal,True,Bhopal,Madhya Pradesh,validated,False,23.2761,77.401,1322.7
IND.19.10.1_1,Burhanpur,True,Burhanpur,Madhya Pradesh,validated,False,21.3369,76.3714,3196.8
IND.19.11.1_1,Bijawar,True,Chhatarpur,Madhya Pradesh,validated,False,24.4459,79.2717,3540.2
IND.19.11.2_1,Chhatarpur,True,Chhatarpur,Madhya Pradesh,validated,False,24.9831,79.6755,3410.5
IND.19.11.3_1,Lauri,True,Chhatarpur,Madhya Pradesh,validated,False,25.186,80.1395,1762.3
IND.19.12.1_1,Amarwara,True,Chhindwara,Madhya Pradesh,validated,False,22.2969,79.1406,3855.3
IND.19.12.2_1,Chhindwara,True,Chhindwara,Madhya Pradesh,validated,False,21.983,78.925,1271.7
IND.19.12.3_1,Parasia,True,Chhindwara,Madhya Pradesh,validated,False,22.2836,78.6239,3862.7
IND.19.12.4_1,Sausar,True,Chhindwara,Madhya Pradesh,validated,False,21.691,78.8177,2815.2
IND.19.13.1_1,Damoh,True,Damoh,Madhya Pradesh,validated,False,23.6095,79.6102,4669.6
IND.19.13.2_1,Hatta,True,Damoh,Madhya Pradesh,validated,False,24.0928,79.4498,2683.8
IND.19.14.1_1,Bhander,True,Datia,Madhya Pradesh,validated,False,25.8036,78.738,635.8
IND.19.14.2_1,Datia,True,Datia,Madhya Pradesh,validated,False,25.6952,78.5031,947.1
IND.19.14.3_1,Seondha,True,Datia,Madhya Pradesh,validated,False,26.0382,78.6547,939.6
IND.19.15.1_1,Bagli,True,Dewas,Madhya Pradesh,validated,False,22.6067,76.3288,1920.2
IND.19.15.2_1,Dewas,True,Dewas,Madhya Pradesh,validated,False,23.0084,76.0165,981.8
IND.19.15.3_1,Kannod,True,Dewas,Madhya Pradesh,validated,False,22.5686,76.6228,1648.9
IND.19.15.4_1,Khategaon,True,Dewas,Madhya Pradesh,validated,False,22.6641,76.9415,1119.8
IND.19.15.5_1,Sonkach,True,Dewas,Madhya Pradesh,validated,False,23.0627,76.2885,1286.1
IND.19.16.1_1,Badnawar,True,Dhar,Madhya Pradesh,validated,False,22.9255,75.2264,1051.6
IND.19.16.2_1,Dhar,True,Dhar,Madhya Pradesh,validated,False,22.57,75.4128,1893.6
IND.19.16.3_1,Kukshi,True,Dhar,Madhya Pradesh,validated,False,22.3002,74.7917,1704.9
IND.19.16.4_1,Manawar,True,Dhar,Madhya Pradesh,validated,False,22.3303,75.127,2206.0
IND.19.16.5_1,Sardarpur,True,Dhar,Madhya Pradesh,validated,False,22.7607,75.0239,1278.4
IND.19.17.1_1,Dindori,True,Dindori,Madhya Pradesh,validated,False,22.8059,81.1478,6488.6
IND.19.18.1_1,Harsud,True,East Nimar,Madhya Pradesh,validated,False,21.9859,76.7704,3707.1
IND.19.18.2_1,Khandwa,True,East Nimar,Madhya Pradesh,validated,False,21.9427,76.3502,3737.9
IND.19.19.1_1,Chachaura,True,Guna,Madhya Pradesh,validated,False,24.3015,76.9856,1193.1
IND.19.19.2_1,Guna,True,Guna,Madhya Pradesh,validated,False,24.7927,77.1746,3140.7
IND.19.19.3_1,Raghogarh,True,Guna,Madhya Pradesh,validated,False,24.272,77.2198,1963.2
IND.19.20.1_1,Dabra,True,Gwalior,Madhya Pradesh,validated,False,25.916,78.2176,1902.3
IND.19.20.2_1,Gwalior,True,Gwalior,Madhya Pradesh,validated,False,26.0682,77.9054,2678.4
IND.19.21.1_1,Harda,True,Harda,Madhya Pradesh,validated,False,22.2477,77.0993,3314.5
IND.19.22.1_1,Babai,True,Hoshangabad,Madhya Pradesh,validated,False,22.7342,77.954,577.4
IND.19.22.2_1,Hoshangabad,True,Hoshangabad,Madhya Pradesh,validated,False,22.6845,77.7094,413.0
IND.19.22.3_1,Itarsi,True,Hoshangabad,Madhya Pradesh,validated,False,22.4791,77.7906,1035.1
IND.19.22.4_1,Piparia,True,Hoshangabad,Madhya Pradesh,validated,False,22.6851,78.4603,1703.1
IND.19.22.5_1,Seonimalwa,True,Hoshangabad,Madhya Pradesh,validated,False,22.4342,77.4858,1352.8
IND.19.22.6_1,Sohagpur,True,Hoshangabad,Madhya Pradesh,validated,False,22.612,78.1344,1627.3
IND.19.23.1_1,Depalpur,True,Indore,Madhya Pradesh,validated,False,22.8574,75.5658,1024.4
IND.19.23.2_1,Indore,True,Indore,Madhya Pradesh,validated,False,22.6743,75.9699,1025.9
IND.19.23.3_1,Mhow,True,Indore,Madhya Pradesh,validated,False,22.489,75.8,1098.7
IND.19.23.4_1,Sanwer,True,Indore,Madhya Pradesh,validated,False,22.909,75.8321,759.7
IND.19.24.1_1,Jabalpur,True,Jabalpur,Madhya Pradesh,validated,False,23.1159,79.9956,2543.3
IND.19.24.2_1,Patan,True,Jabalpur,Madhya Pradesh,validated,False,23.1946,79.639,1468.3
IND.19.25.1_1,Jhabua,True,Jhabua,Madhya Pradesh,validated,False,22.7283,74.589,1441.2
IND.19.25.2_1,Petlawad,True,Jhabua,Madhya Pradesh,validated,False,22.9636,74.8605,935.6
IND.19.25.3_1,Thandla,True,Jhabua,Madhya Pradesh,validated,False,23.0509,74.5273,1050.1
IND.19.26.1_1,Murwara,True,Katni,Madhya Pradesh,validated,False,23.8712,80.42,3072.9
IND.19.26.2_1,Sihora,True,Katni,Madhya Pradesh,validated,False,23.5713,80.2249,3090.6
IND.19.27.1_1,Mandla,True,Mandla,Madhya Pradesh,validated,False,22.5426,80.4967,4750.6
IND.19.27.2_1,Niwas,True,Mandla,Madhya Pradesh,validated,False,22.9459,80.2632,2021.6
IND.19.28.1_1,Bhanpura,True,Mandsaur,Madhya Pradesh,validated,False,24.5858,75.7337,1065.2
IND.19.28.2_1,Garot,True,Mandsaur,Madhya Pradesh,validated,False,24.2945,75.5921,1100.4
IND.19.28.3_1,Malhargarh,True,Mandsaur,Madhya Pradesh,validated,False,24.2763,75.1482,790.5
IND.19.28.4_1,Mandsaur,True,Mandsaur,Madhya Pradesh,validated,False,23.9854,75.1181,1313.1
IND.19.28.5_1,Sitamau,True,Mandsaur,Madhya Pradesh,validated,False,24.041,75.651,1361.9
IND.19.29.1_1,Ambah,True,Morena,Madhya Pradesh,validated,False,26.6998,78.3016,1065.0
IND.19.29.2_1,Jora,True,Morena,Madhya Pradesh,validated,False,26.262,77.8318,1570.8
IND.19.29.3_1,Morena,True,Morena,Madhya Pradesh,validated,False,26.5067,78.0559,1072.6
IND.19.29.4_1,Sabalgarh,True,Morena,Madhya Pradesh,validated,False,26.2415,77.4676,1276.4
IND.19.30.1_1,Gadarwara,True,Narsimhapur,Madhya Pradesh,validated,False,22.9376,78.8006,2385.8
IND.19.30.2_1,Narsimhapur,True,Narsimhapur,Madhya Pradesh,validated,False,22.9368,79.3039,2758.8
IND.19.31.1_1,Jawad,True,Neemuch,Madhya Pradesh,validated,False,24.7951,75.1062,1511.3
IND.19.31.2_1,Manasa,True,Neemuch,Madhya Pradesh,validated,False,24.533,75.3033,1809.2
IND.19.31.3_1,Nimach,True,Neemuch,Madhya Pradesh,validated,False,24.417,74.947,833.8
IND.19.32.1_1,Ajaigarh,True,Panna,Madhya Pradesh,validated,False,24.9245,80.2189,743.7
IND.19.32.2_1,Panna,True,Panna,Madhya Pradesh,validated,False,24.6362,80.136,3010.2
IND.19.32.3_1,Pawai,True,Panna,Madhya Pradesh,validated,False,24.1402,80.1903,3359.7
IND.19.33.1_1,Bareli,True,Raisen,Madhya Pradesh,validated,False,23.0329,78.2044,1411.4
IND.19.33.2_1,Begamganj,True,Raisen,Madhya Pradesh,validated,False,23.5561,78.3615,906.9
IND.19.33.3_1,Gairatganj,True,Raisen,Madhya Pradesh,validated,False,23.3866,78.2228,917.0
IND.19.33.4_1,Goharganj,True,Raisen,Madhya Pradesh,validated,False,23.0536,77.6831,1829.1
IND.19.33.5_1,Raisen,True,Raisen,Madhya Pradesh,validated,False,23.3545,77.8065,1336.0
IND.19.33.6_1,Silvani,True,Raisen,Madhya Pradesh,validated,False,23.28,78.4919,1280.3
IND.19.33.7_1,Udaipura,True,Raisen,Madhya Pradesh,validated,False,23.109,78.5807,814.5
IND.19.34.1_1,Biaora,True,Rajgarh,Madhya Pradesh,validated,False,23.9083,77.0188,1065.4
IND.19.34.2_1,Khilchipur,True,Rajgarh,Madhya Pradesh,validated,False,24.0498,76.4679,1381.7
IND.19.34.3_1,Narsinghgarh,True,Rajgarh,Madhya Pradesh,validated,False,23.6287,76.9127,1360.8
IND.19.34.4_1,Rajgarh,True,Rajgarh,Madhya Pradesh,validated,False,24.003,76.8042,1384.5
IND.19.34.5_1,Sarangpur,True,Rajgarh,Madhya Pradesh,validated,False,23.6826,76.5475,927.8
IND.19.35.1_1,Alot,True,Ratlam,Madhya Pradesh,validated,False,23.7259,75.4879,948.9
IND.19.35.2_1,Jaora,True,Ratlam,Madhya Pradesh,validated,False,23.6842,75.1137,1349.8
IND.19.35.3_1,Ratlam,True,Ratlam,Madhya Pradesh,validated,False,23.3198,75.0692,1328.7
IND.19.35.4_1,Sailana,True,Ratlam,Madhya Pradesh,validated,False,23.3407,74.7298,1188.8
IND.19.36.1_1,Mauganj,True,Rewa,Madhya Pradesh,validated,False,24.7185,81.9318,1898.4
IND.19.36.2_1,Rewa,True,Rewa,Madhya Pradesh,validated,False,24.5129,81.4085,1323.9
IND.19.36.3_1,Sirmaur,True,Rewa,Madhya Pradesh,validated,False,24.8098,81.3648,1520.5
IND.19.36.4_1,Teonthar,True,Rewa,Madhya Pradesh,validated,False,24.978,81.5654,1571.5
IND.19.37.1_1,Banda,True,Sagar,Madhya Pradesh,validated,False,24.1603,78.8666,1831.6
IND.19.37.2_1,Khurai,True,Sagar,Madhya Pradesh,validated,False,24.1505,78.3847,2440.3
IND.19.37.3_1,Rehli,True,Sagar,Madhya Pradesh,validated,False,23.5479,79.0254,3172.6
IND.19.37.4_1,Sagar,True,Sagar,Madhya Pradesh,validated,False,23.7755,78.6239,2807.9
IND.19.38.1_1,Amarpatan,True,Satna,Madhya Pradesh,validated,False,24.3081,81.129,1309.7
IND.19.38.2_1,Maihar,True,Satna,Madhya Pradesh,validated,False,24.1857,80.798,1132.8
IND.19.38.3_1,Nagod,True,Satna,Madhya Pradesh,validated,False,24.5168,80.657,1796.5
IND.19.38.4_1,Satna,True,Satna,Madhya Pradesh,validated,False,24.7723,80.8351,3263.6
IND.19.39.1_1,Ashta,True,Sehore,Madhya Pradesh,validated,False,22.9828,76.6549,1434.3
IND.19.39.2_1,Budhni,True,Sehore,Madhya Pradesh,validated,False,22.7881,77.5798,1058.5
IND.19.39.3_1,Ichhawar,True,Sehore,Madhya Pradesh,validated,False,22.9876,77.1156,1122.3
IND.19.39.4_1,Nasrullahganj,True,Sehore,Madhya Pradesh,validated,False,22.7659,77.2118,1345.0
IND.19.39.5_1,Sehore,True,Sehore,Madhya Pradesh,validated,False,23.369,77.1145,1602.9
IND.19.40.1_1,Lakhnadon,True,Seoni,Madhya Pradesh,validated,False,22.6033,79.6969,4019.6
IND.19.40.2_1,Seoni,True,Seoni,Madhya Pradesh,validated,False,22.075,79.6837,4737.1
IND.19.41.1_1,Beohari,True,Shahdol,Madhya Pradesh,validated,False,24.0818,81.2509,1126.8
IND.19.41.2_1,Jaisinghnagar,True,Shahdol,Madhya Pradesh,validated,False,23.8064,81.4081,1537.4
IND.19.41.3_1,Rajendragram,True,Shahdol,Madhya Pradesh,validated,False,22.9912,81.4246,1760.8
IND.19.41.4_1,Shahdol,True,Shahdol,Madhya Pradesh,validated,False,23.3599,81.4715,3893.3
IND.19.42.1_1,Shajapur,True,Shajapur,Madhya Pradesh,validated,False,23.4528,76.4032,1839.9
IND.19.42.2_1,Shujalpur,True,Shajapur,Madhya Pradesh,validated,False,23.3262,76.7813,1684.1
IND.19.43.1_1,Bijaipur,True,Sheopur,Madhya Pradesh,validated,False,25.936,77.2058,2809.0
IND.19.43.2_1,Sheopur,True,Sheopur,Madhya Pradesh,validated,False,25.6345,76.8945,3715.6
IND.19.44.1_1,Karera,True,Shivpuri,Madhya Pradesh,validated,False,25.5685,78.1539,2021.7
IND.19.44.2_1,Kolaras,True,Shivpuri,Madhya Pradesh,validated,False,25.1482,77.6215,2330.0
IND.19.44.3_1,Pichor,True,Shivpuri,Madhya Pradesh,validated,False,25.1181,78.1267,2546.6
IND.19.44.4_1,Pohri,True,Shivpuri,Madhya Pradesh,validated,False,25.6154,77.404,1589.6
IND.19.44.5_1,Shivpuri,True,Shivpuri,Madhya Pradesh,validated,False,25.5817,77.6966,1978.3
IND.19.45.1_1,Sidhi,True,Sidhi,Madhya Pradesh,validated,False,24.2144,81.6925,4780.2
IND.19.46.1_1,Devsar,True,Singrauli,Madhya Pradesh,validated,False,24.3361,82.4337,3835.5
IND.19.46.2_1,Singrauli,True,Singrauli,Madhya Pradesh,validated,False,24.0101,82.4905,1951.0
IND.19.47.1_1,Jatara,True,Tikamgarh,Madhya Pradesh,validated,False,25.056,78.9841,1915.7
IND.19.47.2_1,Nivari,True,Tikamgarh,Madhya Pradesh,validated,False,25.3157,78.6733,1335.7
IND.19.47.3_1,Tikamgarh,True,Tikamgarh,Madhya Pradesh,validated,False,24.7005,79.0343,1815.0
IND.19.48.1_1,Barnagar,True,Ujjain,Madhya Pradesh,validated,False,23.0698,75.4584,1244.8
IND.19.48.2_1,Khachrod,True,Ujjain,Madhya Pradesh,validated,False,23.4465,75.3968,1285.8
IND.19.48.3_1,Mehidpur,True,Ujjain,Madhya Pradesh,validated,False,23.5637,75.686,1128.1
IND.19.48.4_1,Tarana,True,Ujjain,Madhya Pradesh,validated,False,23.3196,76.0749,1036.7
IND.19.48.5_1,Ujjain,True,Ujjain,Madhya Pradesh,validated,False,23.2344,75.781,1386.8
IND.19.49.1_1,Bandhogarh,True,Umaria,Madhya Pradesh,validated,False,23.6451,80.9243,3725.9
IND.19.50.1_1,Basoda,True,Vidisha,Madhya Pradesh,validated,False,23.8667,77.8418,2332.0
IND.19.50.2_1,Korwai,True,Vidisha,Madhya Pradesh,validated,False,24.1021,78.0204,818.3
IND.19.50.3_1,Leteri,True,Vidisha,Madhya Pradesh,validated,False,24.106,77.4322,1002.9
IND.19.50.4_1,Sironj,True,Vidisha,Madhya Pradesh,validated,False,24.1406,77.7127,1264.3
IND.19.50.5_1,Vidisha,True,Vidisha,Madhya Pradesh,validated,False,23.564,77.865,1885.4
IND.19.51.1_1,Barwah,True,West Nimar,Madhya Pradesh,validated,False,22.2817,76.0264,1511.3
IND.19.51.2_1,Bhagwanpur,True,West Nimar,Madhya Pradesh,validated,False,21.5695,75.649,1312.5
IND.19.51.3_1,Bhikangaon,True,West Nimar,Madhya Pradesh,validated,False,21.9026,75.9716,911.0
IND.19.51.4_1,Jhirnia,True,West Nimar,Madhya Pradesh,validated,False,21.6141,75.9532,1184.3
IND.19.51.5_1,Kasrawad,True,West Nimar,Madhya Pradesh,validated,False,22.0428,75.6472,1008.0
IND.19.51.6_1,Khargon,True,West Nimar,Madhya Pradesh,validated,False,21.8439,75.6342,897.6
IND.19.51.7_1,Maheshwar,True,West Nimar,Madhya Pradesh,validated,False,22.2719,75.7084,822.7
IND.19.51.8_1,Segaon,True,West Nimar,Madhya Pradesh,validated,False,21.8218,75.3602,396.7
IND.20.1.1_1,Ahmadnagar,True,Ahmadnagar,Maharashtra,validated,False,19.0443,74.7729,1501.8
IND.20.1.2_1,Akola,True,Ahmadnagar,Maharashtra,validated,False,19.5012,73.8903,1485.0
IND.20.1.3_1,Karjat,True,Ahmadnagar,Maharashtra,validated,False,18.5802,75.0086,1494.0
IND.20.1.4_1,Kopargaon,True,Ahmadnagar,Maharashtra,validated,False,19.8119,74.493,1080.5
IND.20.1.5_1,Nevasa,True,Ahmadnagar,Maharashtra,validated,False,19.4724,74.9724,1239.0
IND.20.1.6_1,Parner,True,Ahmadnagar,Maharashtra,validated,False,19.1014,74.4005,1889.5
IND.20.1.7_1,Pathardi,True,Ahmadnagar,Maharashtra,validated,False,19.1569,75.194,1204.9
IND.20.1.8_1,Rahuri,True,Ahmadnagar,Maharashtra,validated,False,19.4139,74.5874,1062.3
IND.20.1.9_1,Sangamner,True,Ahmadnagar,Maharashtra,validated,False,19.4895,74.2512,1661.3
IND.20.1.10_1,Shevgaon,True,Ahmadnagar,Maharashtra,validated,False,19.3777,75.3015,1085.7
IND.20.1.11_1,Shrigonda,True,Ahmadnagar,Maharashtra,validated,False,18.6759,74.6765,1602.1
IND.20.1.12_1,Shrirampur,True,Ahmadnagar,Maharashtra,validated,False,19.6438,74.6959,824.6
IND.20.2.1_1,Akola,True,Akola,Maharashtra,validated,False,20.7218,77.0199,1820.6
IND.20.2.2_1,Akot,True,Akola,Maharashtra,validated,False,21.048,77.067,752.4
IND.20.2.3_1,Barsi Takli,True,Akola,Maharashtra,validated,False,20.5265,77.1539,858.7
IND.20.2.4_1,Murtajapur,True,Akola,Maharashtra,validated,False,20.7309,77.4116,690.0
IND.20.2.5_1,Patur,True,Akola,Maharashtra,validated,False,20.4282,76.8628,708.4
IND.20.2.6_1,Telhara,True,Akola,Maharashtra,validated,False,21.0428,76.8754,683.7
IND.20.3.1_1,Achalpur,True,Amravati,Maharashtra,validated,False,21.2322,77.4375,652.5
IND.20.3.2_1,Amravati,True,Amravati,Maharashtra,validated,False,20.9827,77.7988,909.3
IND.20.3.3_1,Anjangaon,True,Amravati,Maharashtra,validated,False,21.1055,77.3018,563.0
IND.20.3.4_1,Bhatkuli Jain,True,Amravati,Maharashtra,validated,False,20.9878,77.5945,561.7
IND.20.3.5_1,Chandur,True,Amravati,Maharashtra,validated,False,20.7365,78.0915,910.7
IND.20.3.6_1,Chandur Bazar,True,Amravati,Maharashtra,validated,False,21.2686,77.6896,631.6
IND.20.3.7_1,Chikhaldara,True,Amravati,Maharashtra,validated,False,21.4789,77.2713,2415.3
IND.20.3.8_1,Daryapur,True,Amravati,Maharashtra,validated,False,20.9675,77.4234,755.9
IND.20.3.9_1,Dharni,True,Amravati,Maharashtra,validated,False,21.4578,76.8797,1545.2
IND.20.3.10_1,Morshi,True,Amravati,Maharashtra,validated,False,21.2791,77.932,871.1
IND.20.3.11_1,Nandgaon Khandeshwar,True,Amravati,Maharashtra,validated,False,20.698,77.7612,729.2
IND.20.3.12_1,Tivsa,True,Amravati,Maharashtra,validated,False,20.9847,78.0312,892.3
IND.20.3.13_1,Warud,True,Amravati,Maharashtra,validated,False,21.4738,78.2796,748.0
IND.20.4.1_1,Aurangabad,True,Aurangabad,Maharashtra,validated,False,19.9167,75.436,1606.6
IND.20.4.2_1,Gangapur,True,Aurangabad,Maharashtra,validated,False,19.7948,75.0718,1298.0
IND.20.4.3_1,Kannad,True,Aurangabad,Maharashtra,validated,False,20.2503,75.1988,1567.6
IND.20.4.4_1,Khuldabad,True,Aurangabad,Maharashtra,validated,False,20.0903,75.2281,534.2
IND.20.4.5_1,Paithan,True,Aurangabad,Maharashtra,validated,False,19.5914,75.4324,1438.3
IND.20.4.6_1,Sillod,True,Aurangabad,Maharashtra,validated,False,20.3235,75.5918,1512.0
IND.20.4.7_1,Soygaon,True,Aurangabad,Maharashtra,validated,False,20.5412,75.322,543.0
IND.20.4.8_1,Vaijapur,True,Aurangabad,Maharashtra,validated,False,19.9472,74.8363,1593.3
IND.20.5.1_1,Amgaon,True,Bhandara,Maharashtra,validated,False,21.3914,80.3534,248.8
IND.20.5.2_1,Bhandara,True,Bhandara,Maharashtra,validated,False,21.1196,79.6532,597.6
IND.20.5.3_1,Lakhandur,True,Bhandara,Maharashtra,validated,False,20.8339,79.8084,484.1
IND.20.5.4_1,Mohari,True,Bhandara,Maharashtra,validated,False,21.2942,79.6633,504.3
IND.20.5.5_1,Pawni,True,Bhandara,Maharashtra,validated,False,20.839,79.6502,668.8
IND.20.5.6_1,Sakoli,True,Bhandara,Maharashtra,validated,False,21.0899,79.9254,756.0
IND.20.5.7_1,Salekasa,True,Bhandara,Maharashtra,validated,False,21.2487,80.4784,590.4
IND.20.5.8_1,Tumsar,True,Bhandara,Maharashtra,validated,False,21.4474,79.6652,850.4
IND.20.6.1_1,Ambajogai,True,Bid,Maharashtra,validated,False,18.7585,76.4888,1262.3
IND.20.6.2_1,Ashti,True,Bid,Maharashtra,validated,False,18.8895,75.0722,1460.5
IND.20.6.3_1,Bid,True,Bid,Maharashtra,validated,False,18.8955,75.754,1521.7
IND.20.6.4_1,Gevrai,True,Bid,Maharashtra,validated,False,19.2626,75.7487,1555.5
IND.20.6.5_1,Jamkhed,True,Bid,Maharashtra,validated,False,18.6727,75.3585,874.6
IND.20.6.6_1,Kaij,True,Bid,Maharashtra,validated,False,18.7822,76.0787,1875.7
IND.20.6.7_1,Majalgaon,True,Bid,Maharashtra,validated,False,19.0775,76.232,1545.0
IND.20.6.8_1,Patoda,True,Bid,Maharashtra,validated,False,18.9194,75.4521,1318.3
IND.20.7.1_1,Chikhli,True,Buldana,Maharashtra,validated,False,20.4496,76.3691,864.8
IND.20.7.2_1,Jalgaon,True,Buldana,Maharashtra,validated,False,21.066,76.489,551.4
IND.20.7.3_1,Lonar,True,Buldana,Maharashtra,validated,False,20.0223,76.5019,797.0
IND.20.7.4_1,Malkapur,True,Buldana,Maharashtra,validated,False,20.896,76.2101,463.1
IND.20.7.6_1,Nandura,True,Buldana,Maharashtra,validated,False,20.8141,76.3976,473.9
IND.20.7.7_1,Sangrampur,True,Buldana,Maharashtra,validated,False,21.1004,76.6867,695.0
IND.20.7.8_1,Sindkhed Raja,True,Buldana,Maharashtra,validated,False,20.0554,76.2769,807.8
IND.20.7.5_1,n.a. ( 1378),False,Buldana,Maharashtra,validated,False,20.4367,76.0785,4950.8
IND.20.8.1_1,Bhadravathi,True,Chandrapur,Maharashtra,validated,False,20.1685,79.2267,1189.0
IND.20.8.2_1,Bramhapuri,True,Chandrapur,Maharashtra,validated,False,20.4892,79.8474,763.2
IND.20.8.3_1,Chandrapur,True,Chandrapur,Maharashtra,validated,False,19.9757,79.3689,1470.0
IND.20.8.4_1,Chimur,True,Chandrapur,Maharashtra,validated,False,20.51,79.4079,1045.3
IND.20.8.5_1,Gond Pipri,True,Chandrapur,Maharashtra,validated,False,19.7312,79.6268,1138.2
IND.20.8.6_1,Mul,True,Chandrapur,Maharashtra,validated,False,20.0718,79.7905,824.3
IND.20.8.7_1,Nagbhir,True,Chandrapur,Maharashtra,validated,False,20.5331,79.6544,776.9
IND.20.8.8_1,Rajura,True,Chandrapur,Maharashtra,validated,False,19.6826,79.1722,1953.1
IND.20.8.9_1,Sindewahi,True,Chandrapur,Maharashtra,validated,False,20.2526,79.7053,1052.6
IND.20.8.10_1,Warora,True,Chandrapur,Maharashtra,validated,False,20.3522,79.0072,1096.0
IND.20.9.1_1,Dhule,True,Dhule,Maharashtra,validated,False,20.881,74.7076,1965.7
IND.20.9.2_1,Sakri,True,Dhule,Maharashtra,validated,False,21.0355,74.2549,2400.4
IND.20.9.3_1,Shirpur,True,Dhule,Maharashtra,validated,False,21.4117,74.9405,1503.3
IND.20.9.4_1,Sindkheda,True,Dhule,Maharashtra,validated,False,21.2501,74.7213,1297.2
IND.20.10.1_1,Ahiri,True,Garhchiroli,Maharashtra,validated,False,19.2865,80.1995,2720.9
IND.20.10.2_1,Armori,True,Garhchiroli,Maharashtra,validated,False,20.4727,80.018,983.2
IND.20.10.3_1,Chamursi,True,Garhchiroli,Maharashtra,validated,False,19.7487,79.9852,2045.7
IND.20.10.4_1,Dhanora,True,Garhchiroli,Maharashtra,validated,False,20.2928,80.3526,1993.0
IND.20.10.5_1,Garhchiroli,True,Garhchiroli,Maharashtra,validated,False,20.0981,80.065,864.1
IND.20.10.6_1,Itapalli,True,Garhchiroli,Maharashtra,validated,False,19.6637,80.397,3458.9
IND.20.10.7_1,Kurkheda,True,Garhchiroli,Maharashtra,validated,False,20.6341,80.2973,1325.9
IND.20.10.8_1,Sironcha,True,Garhchiroli,Maharashtra,validated,False,18.8274,80.1218,1069.0
IND.20.11.1_1,Arjuni Morgaon,True,Gondiya,Maharashtra,validated,False,20.8671,80.0658,1454.4
IND.20.11.2_1,Deori,True,Gondiya,Maharashtra,validated,False,21.0462,80.3118,1323.4
IND.20.11.3_1,Gondia,True,Gondiya,Maharashtra,validated,False,21.514,80.2203,584.8
IND.20.11.4_1,Goregaon,True,Gondiya,Maharashtra,validated,False,21.2901,80.1751,651.6
IND.20.11.5_1,Tirora,True,Gondiya,Maharashtra,validated,False,21.3918,79.9194,622.6
IND.20.12.1_1,Basmat,True,Hingoli,Maharashtra,validated,False,19.3105,77.0639,1333.1
IND.20.12.2_1,Hingoli,True,Hingoli,Maharashtra,validated,False,19.7653,76.939,1883.4
IND.20.12.3_1,Kalamnuri,True,Hingoli,Maharashtra,validated,False,19.6275,77.2876,1469.1
IND.20.13.1_1,Amalner,True,Jalgaon,Maharashtra,validated,False,21.0767,75.0468,837.1
IND.20.13.2_1,Bhadgaon,True,Jalgaon,Maharashtra,validated,False,20.661,75.1324,474.8
IND.20.13.3_1,Bhusawal,True,Jalgaon,Maharashtra,validated,False,20.9404,75.8996,822.7
IND.20.13.4_1,Chalisgaon,True,Jalgaon,Maharashtra,validated,False,20.504,74.9715,1208.6
IND.20.13.5_1,Chopda,True,Jalgaon,Maharashtra,validated,False,21.2792,75.3433,1155.4
IND.20.13.6_1,Edalabad,True,Jalgaon,Maharashtra,validated,False,21.0973,76.0683,654.7
IND.20.13.7_1,Erandol,True,Jalgaon,Maharashtra,validated,False,20.94,75.3701,965.1
IND.20.13.8_1,Jalgaon,True,Jalgaon,Maharashtra,validated,False,20.9868,75.6034,812.9
IND.20.13.9_1,Jamner,True,Jalgaon,Maharashtra,validated,False,20.7372,75.8033,1341.3
IND.20.13.10_1,Pachora,True,Jalgaon,Maharashtra,validated,False,20.6627,75.4053,822.5
IND.20.13.11_1,Parola,True,Jalgaon,Maharashtra,validated,False,20.8282,75.1159,792.8
IND.20.13.12_1,Raver,True,Jalgaon,Maharashtra,validated,False,21.2318,75.998,931.6
IND.20.13.13_1,Yaval,True,Jalgaon,Maharashtra,validated,False,21.2318,75.6975,928.8
IND.20.14.1_1,Ambad,True,Jalna,Maharashtra,validated,False,19.5293,75.8978,2240.4
IND.20.14.2_1,Bhokardan,True,Jalna,Maharashtra,validated,False,20.3358,75.8499,1316.9
IND.20.14.3_1,Jalna,True,Jalna,Maharashtra,validated,False,19.869,75.8733,1947.7
IND.20.14.5_1,Partur,True,Jalna,Maharashtra,validated,False,19.6013,76.3043,1539.5
IND.20.14.4_1,n.a. ( 1456),False,Jalna,Maharashtra,validated,False,20.1632,76.0368,734.6
IND.20.15.1_1,Ajra,True,Kolhapur,Maharashtra,validated,False,16.1524,74.2272,507.5
IND.20.15.2_1,Bavda,True,Kolhapur,Maharashtra,validated,False,16.5905,73.9219,272.1
IND.20.15.3_1,Chandgad,True,Kolhapur,Maharashtra,validated,False,15.8985,74.2473,972.1
IND.20.15.4_1,Gadhinglaj,True,Kolhapur,Maharashtra,validated,False,16.1275,74.4149,486.7
IND.20.15.5_1,Gargoti,True,Kolhapur,Maharashtra,validated,False,16.2509,74.1487,656.0
IND.20.15.6_1,Hatkalangda,True,Kolhapur,Maharashtra,validated,False,16.7449,74.3818,686.4
IND.20.15.7_1,Kagal,True,Kolhapur,Maharashtra,validated,False,16.4382,74.2441,539.4
IND.20.15.8_1,Kolhapur,True,Kolhapur,Maharashtra,validated,False,16.6459,74.1967,665.2
IND.20.15.9_1,Panhala,True,Kolhapur,Maharashtra,validated,False,16.7507,74.0426,473.4
IND.20.15.10_1,Radhanagari,True,Kolhapur,Maharashtra,validated,False,16.4126,73.9852,864.8
IND.20.15.11_1,Shahuwadi,True,Kolhapur,Maharashtra,validated,False,16.9586,73.9028,1021.4
IND.20.15.12_1,Shirol,True,Kolhapur,Maharashtra,validated,False,16.709,74.5763,509.4
IND.20.16.1_1,Ahmadpur,True,Latur,Maharashtra,validated,False,18.606,76.894,1599.4
IND.20.16.2_1,Ausa,True,Latur,Maharashtra,validated,False,18.1881,76.4575,1244.9
IND.20.16.3_1,Latur,True,Latur,Maharashtra,validated,False,18.4774,76.4852,1499.4
IND.20.16.4_1,Nilanga,True,Latur,Maharashtra,validated,False,18.1481,76.831,1391.0
IND.20.16.5_1,Udgir,True,Latur,Maharashtra,validated,False,18.3987,77.0826,1498.6
IND.20.17.1_1,Bombay,True,Mumbai City,Maharashtra,validated,False,18.9728,72.8283,67.9
IND.20.18.1_1,n.a. ( 1556),False,Mumbai Suburban,Maharashtra,validated,False,19.2007,72.8934,119.4
IND.20.18.2_1,n.a. ( 1557),False,Mumbai Suburban,Maharashtra,validated,False,19.1914,72.8217,68.6
IND.20.18.3_1,n.a. ( 1558),False,Mumbai Suburban,Maharashtra,validated,False,19.2289,72.7954,22.1
IND.20.18.4_1,n.a. ( 1565),False,Mumbai Suburban,Maharashtra,validated,False,19.0898,72.9227,136.1
IND.20.18.5_1,n.a. ( 1569),False,Mumbai Suburban,Maharashtra,validated,False,19.0912,72.8586,65.9
IND.20.18.6_1,n.a. ( 1571),False,Mumbai Suburban,Maharashtra,validated,False,19.1338,72.7818,0.1
IND.20.19.1_1,Bhiwapur,True,Nagpur,Maharashtra,validated,False,20.7426,79.4006,629.1
IND.20.19.2_1,Hingana,True,Nagpur,Maharashtra,validated,False,21.0739,78.864,998.7
IND.20.19.3_1,Kalmeshwar,True,Nagpur,Maharashtra,validated,False,21.2669,78.8753,565.2
IND.20.19.4_1,Kamthi,True,Nagpur,Maharashtra,validated,False,21.1815,79.2457,382.3
IND.20.19.5_1,Katol,True,Nagpur,Maharashtra,validated,False,21.2234,78.6699,780.6
IND.20.19.6_1,Kuhi,True,Nagpur,Maharashtra,validated,False,20.9637,79.4905,863.0
IND.20.19.7_1,Mauda,True,Nagpur,Maharashtra,validated,False,21.2364,79.4183,607.0
IND.20.19.8_1,Nagpur,True,Nagpur,Maharashtra,validated,False,20.9896,79.0692,679.8
IND.20.19.9_1,Narkher,True,Nagpur,Maharashtra,validated,False,21.3577,78.4303,806.4
IND.20.19.10_1,Parsivni,True,Nagpur,Maharashtra,validated,False,21.4259,79.1437,843.1
IND.20.19.11_1,Ramtek,True,Nagpur,Maharashtra,validated,False,21.5068,79.3325,1127.1
IND.20.19.12_1,Savner,True,Nagpur,Maharashtra,validated,False,21.4346,78.8773,600.1
IND.20.19.13_1,Umred,True,Nagpur,Maharashtra,validated,False,20.8167,79.1825,1043.8
IND.20.20.1_1,Bhokar,True,Nanded,Maharashtra,validated,False,19.1014,77.6686,1086.7
IND.20.20.2_1,Biloli,True,Nanded,Maharashtra,validated,False,18.8377,77.6727,1515.8
IND.20.20.3_1,Diglur,True,Nanded,Maharashtra,validated,False,18.4643,77.4985,690.8
IND.20.20.4_1,Hadgaon,True,Nanded,Maharashtra,validated,False,19.4762,77.5989,1534.7
IND.20.20.5_1,Kandahar,True,Nanded,Maharashtra,validated,False,18.8934,77.167,1672.5
IND.20.20.6_1,Kinwat,True,Nanded,Maharashtra,validated,False,19.581,78.2467,2127.2
IND.20.20.7_1,Mukher,True,Nanded,Maharashtra,validated,False,18.5735,77.3846,962.1
IND.20.20.8_1,Nanded,True,Nanded,Maharashtra,validated,False,19.1835,77.3508,998.7
IND.20.21.1_1,Akkalkuva,True,Nandurbar,Maharashtra,validated,False,21.6916,74.0099,914.8
IND.20.21.2_1,Dhadgaon,True,Nandurbar,Maharashtra,validated,False,21.8478,74.2859,1288.5
IND.20.21.3_1,Nandurbar,True,Nandurbar,Maharashtra,validated,False,21.3655,74.2246,1123.3
IND.20.21.4_1,Navapur,True,Nandurbar,Maharashtra,validated,False,21.1701,73.9279,972.4
IND.20.21.5_1,Shahada,True,Nandurbar,Maharashtra,validated,False,21.5975,74.567,1188.7
IND.20.21.6_1,Taloda,True,Nandurbar,Maharashtra,validated,False,21.6185,74.2362,444.1
IND.20.22.1_1,Chandvad,True,Nashik,Maharashtra,validated,False,20.2783,74.2228,952.5
IND.20.22.2_1,Dindori,True,Nashik,Maharashtra,validated,False,20.2527,73.8166,1320.8
IND.20.22.3_1,Igatpuri,True,Nashik,Maharashtra,validated,False,19.7546,73.6763,1020.5
IND.20.22.4_1,Kalvan,True,Nashik,Maharashtra,validated,False,20.5425,73.9795,1214.1
IND.20.22.5_1,Malegaon,True,Nashik,Maharashtra,validated,False,20.5819,74.5748,1913.5
IND.20.22.6_1,Nandgaon,True,Nashik,Maharashtra,validated,False,20.333,74.6775,1094.9
IND.20.22.7_1,Nashik,True,Nashik,Maharashtra,validated,False,19.9696,73.7025,1264.5
IND.20.22.8_1,Niphad,True,Nashik,Maharashtra,validated,False,20.0816,74.1231,1037.5
IND.20.22.9_1,Peint,True,Nashik,Maharashtra,validated,False,20.2084,73.5314,916.4
IND.20.22.10_1,Satana,True,Nashik,Maharashtra,validated,False,20.6507,74.1626,1562.4
IND.20.22.11_1,Sinnar,True,Nashik,Maharashtra,validated,False,19.8073,74.0986,1339.4
IND.20.22.12_1,Surgana,True,Nashik,Maharashtra,validated,False,20.5382,73.6455,822.4
IND.20.22.13_1,Yeola,True,Nashik,Maharashtra,validated,False,20.0757,74.5275,1050.7
IND.20.23.1_1,Bhum,True,Osmanabad,Maharashtra,validated,False,18.5445,75.6653,845.6
IND.20.23.2_1,Kallam,True,Osmanabad,Maharashtra,validated,False,18.488,76.0417,1249.2
IND.20.23.3_1,Osmanabad,True,Osmanabad,Maharashtra,validated,False,18.2165,76.1209,1349.3
IND.20.23.4_1,Parenda,True,Osmanabad,Maharashtra,validated,False,18.3799,75.5375,1078.6
IND.20.23.5_1,Tuljapur,True,Osmanabad,Maharashtra,validated,False,17.8788,76.1039,1545.6
IND.20.23.6_1,Umarga,True,Osmanabad,Maharashtra,validated,False,17.8666,76.5524,1481.8
IND.20.24.1_1,Dahanu,True,Palghar,Maharashtra,validated,False,19.9869,72.8994,1012.7
IND.20.24.2_1,Jawhar,True,Palghar,Maharashtra,validated,False,19.8595,73.1869,840.9
IND.20.24.3_1,Mokhada,True,Palghar,Maharashtra,validated,False,19.8667,73.3908,525.1
IND.20.24.5_1,Palghar,True,Palghar,Maharashtra,validated,False,19.6651,72.8373,1129.9
IND.20.24.6_1,Talasri,True,Palghar,Maharashtra,validated,False,20.145,72.9076,280.5
IND.20.24.7_1,Vada,True,Palghar,Maharashtra,validated,False,19.6427,73.1331,775.9
IND.20.24.8_1,Vasai,True,Palghar,Maharashtra,validated,False,19.4383,72.8872,566.3
IND.20.24.4_1,n.a. ( 1482),False,Palghar,Maharashtra,validated,False,20.0237,73.1707,196.4
IND.20.25.1_1,Gangakher,True,Parbhani,Maharashtra,validated,False,18.9373,76.8021,1620.5
IND.20.25.2_1,Jintur,True,Parbhani,Maharashtra,validated,False,19.6288,76.6607,1691.0
IND.20.25.3_1,Parbhani,True,Parbhani,Maharashtra,validated,False,19.2406,76.8328,1447.7
IND.20.25.4_1,Pathri,True,Parbhani,Maharashtra,validated,False,19.3306,76.4256,1568.9
IND.20.26.1_1,Baramati,True,Pune,Maharashtra,validated,False,18.2154,74.4578,1370.6
IND.20.26.2_1,Bhor,True,Pune,Maharashtra,validated,False,18.1896,73.8363,837.6
IND.20.26.3_1,Daund,True,Pune,Maharashtra,validated,False,18.4834,74.368,1307.3
IND.20.26.4_1,Ghod,True,Pune,Maharashtra,validated,False,19.0353,73.9539,1066.3
IND.20.26.5_1,Indapur,True,Pune,Maharashtra,validated,False,18.1111,74.9284,1464.8
IND.20.26.6_1,Junnar,True,Pune,Maharashtra,validated,False,19.2008,74.006,1341.5
IND.20.26.8_1,Paud,True,Pune,Maharashtra,validated,False,18.509,73.5922,1033.1
IND.20.26.9_1,Rajgurunagar,True,Pune,Maharashtra,validated,False,18.8488,73.8469,1363.9
IND.20.26.10_1,Sasvad,True,Pune,Maharashtra,validated,False,18.2696,74.0956,1119.5
IND.20.26.11_1,Shirur,True,Pune,Maharashtra,validated,False,18.7625,74.2158,1558.2
IND.20.26.12_1,Wadgaon,True,Pune,Maharashtra,validated,False,18.7859,73.5603,1132.7
IND.20.26.7_1,n.a. ( 1612),False,Pune,Maharashtra,validated,False,18.4559,73.9227,2005.6
IND.20.27.1_1,Alibag,True,Raigarh,Maharashtra,validated,False,18.6556,72.961,551.0
IND.20.27.2_1,Khalapur,True,Raigarh,Maharashtra,validated,False,18.8549,73.2556,405.4
IND.20.27.3_1,Mahad,True,Raigarh,Maharashtra,validated,False,18.0991,73.4712,817.0
IND.20.27.4_1,Mangaon,True,Raigarh,Maharashtra,validated,False,18.2964,73.2426,925.6
IND.20.27.5_1,Mhasla,True,Raigarh,Maharashtra,validated,False,18.1127,73.1752,297.1
IND.20.27.17_1,Pali,True,Raigarh,Maharashtra,validated,False,18.5803,73.2774,449.4
IND.20.27.18_1,Pen,True,Raigarh,Maharashtra,validated,False,18.6951,73.1511,499.6
IND.20.27.19_1,Poladpur,True,Raigarh,Maharashtra,validated,False,17.9596,73.5438,364.6
IND.20.27.20_1,Roha,True,Raigarh,Maharashtra,validated,False,18.4524,73.1523,643.9
IND.20.27.6_1,n.a. ( 1572),False,Raigarh,Maharashtra,validated,False,18.9596,73.3886,641.6
IND.20.27.7_1,n.a. ( 1575),False,Raigarh,Maharashtra,validated,False,18.9661,73.1045,601.0
IND.20.27.8_1,n.a. ( 1586),False,Raigarh,Maharashtra,validated,False,19.0046,73.0696,1.4
IND.20.27.9_1,n.a. ( 1589),False,Raigarh,Maharashtra,validated,False,18.9967,73.0274,0.1
IND.20.27.10_1,n.a. ( 1593),False,Raigarh,Maharashtra,validated,False,18.8286,73.0187,249.0
IND.20.27.13_1,n.a. ( 1634),False,Raigarh,Maharashtra,validated,False,18.4028,72.9526,270.9
IND.20.27.14_1,n.a. ( 1656),False,Raigarh,Maharashtra,validated,False,18.2997,72.9649,0.1
IND.20.27.15_1,n.a. ( 1657),False,Raigarh,Maharashtra,validated,False,18.1332,73.0229,292.9
IND.20.27.16_1,n.a. ( 1681),False,Raigarh,Maharashtra,validated,False,18.0513,73.0375,0.0
IND.20.28.1_1,Chiplun,True,Ratnagiri,Maharashtra,validated,False,17.4286,73.5427,1120.2
IND.20.28.2_1,Dapoli,True,Ratnagiri,Maharashtra,validated,False,17.7533,73.223,910.3
IND.20.28.3_1,Devrukh,True,Ratnagiri,Maharashtra,validated,False,17.1152,73.6173,1268.8
IND.20.28.4_1,Guhagar,True,Ratnagiri,Maharashtra,validated,False,17.4056,73.2693,694.9
IND.20.28.5_1,Khed,True,Ratnagiri,Maharashtra,validated,False,17.7291,73.4465,1026.0
IND.20.28.6_1,Lanja,True,Ratnagiri,Maharashtra,validated,False,16.8491,73.5916,753.7
IND.20.28.7_1,Mandangarh,True,Ratnagiri,Maharashtra,validated,False,17.9746,73.1965,446.6
IND.20.28.8_1,Rajapur,True,Ratnagiri,Maharashtra,validated,False,16.6604,73.5567,1265.0
IND.20.28.9_1,Ratnagiri,True,Ratnagiri,Maharashtra,validated,False,17.0253,73.4,977.0
IND.20.29.1_1,Atpadi,True,Sangli,Maharashtra,validated,False,17.4256,74.8693,851.7
IND.20.29.2_1,Islampur,True,Sangli,Maharashtra,validated,False,17.0179,74.287,752.2
IND.20.29.3_1,Jath,True,Sangli,Maharashtra,validated,False,17.072,75.3398,2240.3
IND.20.29.4_1,Kavathe Mahankal,True,Sangli,Maharashtra,validated,False,17.0512,74.8957,710.9
IND.20.29.5_1,Sangli,True,Sangli,Maharashtra,validated,False,16.8564,74.7064,913.6
IND.20.29.6_1,Shirala,True,Sangli,Maharashtra,validated,False,17.0801,74.0371,614.7
IND.20.29.7_1,Tasgaon,True,Sangli,Maharashtra,validated,False,17.086,74.6171,1136.9
IND.20.29.8_1,Vite,True,Sangli,Maharashtra,validated,False,17.2817,74.5142,1314.7
IND.20.30.1_1,Dahivadi,True,Satara,Maharashtra,validated,False,17.6754,74.6615,1490.9
IND.20.30.2_1,Karad,True,Satara,Maharashtra,validated,False,17.3112,74.1716,1045.5
IND.20.30.3_1,Koregaon,True,Satara,Maharashtra,validated,False,17.7338,74.1897,917.0
IND.20.30.4_1,Mahabaleshwar,True,Satara,Maharashtra,validated,False,17.9001,73.616,220.5
IND.20.30.5_1,Medha,True,Satara,Maharashtra,validated,False,17.7228,73.7078,856.1
IND.20.30.6_1,Patan,True,Satara,Maharashtra,validated,False,17.3526,73.8741,1370.0
IND.20.30.7_1,Phaltan,True,Satara,Maharashtra,validated,False,17.9548,74.4197,1183.4
IND.20.30.8_1,Satara,True,Satara,Maharashtra,validated,False,17.6411,73.9777,895.4
IND.20.30.9_1,Shirwal,True,Satara,Maharashtra,validated,False,18.0612,74.0491,516.2
IND.20.30.10_1,Vaduj,True,Satara,Maharashtra,validated,False,17.6365,74.4065,1351.1
IND.20.30.11_1,Wai,True,Satara,Maharashtra,validated,False,17.928,73.9351,622.5
IND.20.31.1_1,Devgarh,True,Sindhudurg,Maharashtra,validated,False,16.38,73.51,835.5
IND.20.31.2_1,Kankauli,True,Sindhudurg,Maharashtra,validated,False,16.3756,73.757,772.3
IND.20.31.3_1,Kudal,True,Sindhudurg,Maharashtra,validated,False,16.0606,73.8473,825.1
IND.20.31.4_1,Malvan,True,Sindhudurg,Maharashtra,validated,False,16.1473,73.5654,650.4
IND.20.31.5_1,Savantvadi,True,Sindhudurg,Maharashtra,validated,False,15.8304,73.9015,1345.8
IND.20.31.6_1,Vaibhavwadi,True,Sindhudurg,Maharashtra,validated,False,16.5295,73.7793,423.1
IND.20.31.7_1,Vengurla,True,Sindhudurg,Maharashtra,validated,False,15.8653,73.6735,318.9
IND.20.32.1_1,Akalkot,True,Solapur,Maharashtra,validated,False,17.5124,76.2114,1402.2
IND.20.32.2_1,Barsi,True,Solapur,Maharashtra,validated,False,18.1804,75.752,1527.2
IND.20.32.3_1,Karmal,True,Solapur,Maharashtra,validated,False,18.3221,75.1248,1597.5
IND.20.32.4_1,Madha,True,Solapur,Maharashtra,validated,False,18.07,75.3696,1554.4
IND.20.32.5_1,Malsiras,True,Solapur,Maharashtra,validated,False,17.8083,74.9327,1598.0
IND.20.32.6_1,Mangalwedha,True,Solapur,Maharashtra,validated,False,17.3953,75.4617,1135.7
IND.20.32.7_1,Mohol,True,Solapur,Maharashtra,validated,False,17.7706,75.6204,1325.5
IND.20.32.9_1,Pandharpur,True,Solapur,Maharashtra,validated,False,17.7212,75.3034,1264.1
IND.20.32.10_1,Sangole,True,Solapur,Maharashtra,validated,False,17.3975,75.1549,1596.7
IND.20.32.11_1,Solapur,True,Solapur,Maharashtra,validated,False,17.7739,75.881,687.4
IND.20.32.8_1,n.a. ( 1703),False,Solapur,Maharashtra,validated,False,17.6057,76.0438,1178.3
IND.20.33.1_1,Bhiwandi,True,Thane,Maharashtra,validated,False,19.3619,73.0913,700.1
IND.20.33.2_1,Kalyan,True,Thane,Maharashtra,validated,False,19.2699,73.2471,307.4
IND.20.33.3_1,Murbad,True,Thane,Maharashtra,validated,False,19.2885,73.5058,906.7
IND.20.33.6_1,Shahapur,True,Thane,Maharashtra,validated,False,19.5106,73.4422,1593.1
IND.20.33.7_1,Thane,True,Thane,Maharashtra,validated,False,19.1562,73.0336,350.6
IND.20.33.8_1,Ulhasnagar,True,Thane,Maharashtra,validated,False,19.1595,73.2657,336.9
IND.20.33.4_1,n.a. ( 1549),False,Thane,Maharashtra,validated,False,19.2822,72.8376,24.7
IND.20.33.5_1,n.a. ( 1551),False,Thane,Maharashtra,validated,False,19.2832,72.8024,19.3
IND.20.34.1_1,Arvi,True,Wardha,Maharashtra,validated,False,20.9433,78.3747,1061.3
IND.20.34.2_1,Ashti,True,Wardha,Maharashtra,validated,False,21.2101,78.1824,516.8
IND.20.34.3_1,Deoli,True,Wardha,Maharashtra,validated,False,20.6304,78.3825,653.8
IND.20.34.4_1,Hinganghat,True,Wardha,Maharashtra,validated,False,20.4923,78.7096,886.8
IND.20.34.5_1,Karanja,True,Wardha,Maharashtra,validated,False,21.1528,78.3936,646.2
IND.20.34.6_1,Samudrapur,True,Wardha,Maharashtra,validated,False,20.6122,79.0204,1012.9
IND.20.34.7_1,Selu,True,Wardha,Maharashtra,validated,False,20.8637,78.6971,773.0
IND.20.34.8_1,Wardha,True,Wardha,Maharashtra,validated,False,20.7362,78.5507,758.2
IND.20.35.1_1,Karanja,True,Washim,Maharashtra,validated,False,20.5808,77.5171,842.4
IND.20.35.2_1,Malegaon,True,Washim,Maharashtra,validated,False,20.2572,77.0236,997.0
IND.20.35.3_1,Mangrul Pir,True,Washim,Maharashtra,validated,False,20.268,77.3415,789.0
IND.20.35.4_1,Manora,True,Washim,Maharashtra,validated,False,20.2313,77.5555,812.5
IND.20.35.5_1,Risod,True,Washim,Maharashtra,validated,False,20.0308,76.8473,909.1
IND.20.35.6_1,Washim,True,Washim,Maharashtra,validated,False,20.0831,77.1877,841.5
IND.20.36.1_1,Babulgaon,True,Yavatmal,Maharashtra,validated,False,20.5589,78.15,615.1
IND.20.36.2_1,Darwha,True,Yavatmal,Maharashtra,validated,False,20.3252,77.7357,678.4
IND.20.36.3_1,Digras,True,Yavatmal,Maharashtra,validated,False,20.0632,77.8509,1128.7
IND.20.36.4_1,Ghatanji,True,Yavatmal,Maharashtra,validated,False,20.0202,78.2304,1161.7
IND.20.36.5_1,Kalam,True,Yavatmal,Maharashtra,validated,False,20.3681,78.3381,784.8
IND.20.36.6_1,Mahagaon,True,Yavatmal,Maharashtra,validated,False,19.8257,77.7223,1029.0
IND.20.36.7_1,Maregaon,True,Yavatmal,Maharashtra,validated,False,20.016,78.7221,1328.2
IND.20.36.8_1,Ner,True,Yavatmal,Maharashtra,validated,False,20.4069,77.9254,985.6
IND.20.36.9_1,Pandharkawada,True,Yavatmal,Maharashtra,validated,False,20.0238,78.5279,813.5
IND.20.36.10_1,Pusad,True,Yavatmal,Maharashtra,validated,False,19.8882,77.4505,1038.4
IND.20.36.11_1,Ralegaon,True,Yavatmal,Maharashtra,validated,False,20.3243,78.6002,807.3
IND.20.36.12_1,Umarkhed,True,Yavatmal,Maharashtra,validated,False,19.598,77.9131,1286.8
IND.20.36.13_1,Wani,True,Yavatmal,Maharashtra,validated,False,19.9914,78.9604,905.8
IND.20.36.14_1,Yavatmal,True,Yavatmal,Maharashtra,validated,False,20.3112,78.136,963.5
IND.21.1.1_1,Bishnupur,True,Bishnupur,Manipur,low,False,24.6318,93.7788,233.9
IND.21.1.2_1,Moirang,True,Bishnupur,Manipur,low,False,24.4207,93.7925,246.9
IND.21.2.1_1,Chakpikarong,True,Chandel,Manipur,low,False,24.0664,93.9988,1385.1
IND.21.2.2_1,Chandel,True,Chandel,Manipur,low,False,24.3159,94.0364,582.9
IND.21.2.3_1,Tengnoupal,True,Chandel,Manipur,low,False,24.3813,94.2547,1218.5
IND.21.3.1_1,Churachandpur,True,Churachandpur,Manipur,low,False,24.3708,93.7064,713.9
IND.21.3.2_1,Henglep,True,Churachandpur,Manipur,low,False,24.4357,93.5175,769.4
IND.21.3.3_1,Parbung,True,Churachandpur,Manipur,low,False,24.3778,93.123,1141.1
IND.21.3.4_1,Thanlon,True,Churachandpur,Manipur,low,False,24.3001,93.3609,1143.1
IND.21.3.5_1,Thinghat,True,Churachandpur,Manipur,low,False,24.1062,93.5765,951.2
IND.21.4.1_1,n.a. ( 745),False,Imphal East,Manipur,low,False,24.8625,94.0071,433.2
IND.21.4.2_1,n.a. ( 765),False,Imphal East,Manipur,low,False,24.7132,93.1195,165.0
IND.21.5.1_1,Imphal,True,Imphal West,Manipur,low,False,24.9026,93.8841,326.9
IND.21.5.2_1,n.a. ( 776),False,Imphal West,Manipur,low,False,24.6758,93.8647,161.0
IND.21.6.1_1,Kangpokpi,True,Senapati,Manipur,low,False,24.9996,93.8425,905.1
IND.21.6.2_1,Karong,True,Senapati,Manipur,low,False,25.396,94.1792,1750.9
IND.21.6.3_1,Saikul,True,Senapati,Manipur,low,False,24.9178,94.0925,828.5
IND.21.7.1_1,Nungba,True,Tamenglong,Manipur,low,False,24.6735,93.4909,1180.3
IND.21.7.2_1,Tamei,True,Tamenglong,Manipur,low,False,25.1924,93.7034,1063.4
IND.21.7.3_1,Tamenglong,True,Tamenglong,Manipur,low,False,24.9562,93.5517,845.0
IND.21.7.4_1,Tousem,True,Tamenglong,Manipur,low,False,24.9896,93.3434,1108.0
IND.21.8.1_1,Kakching,True,Thoubal,Manipur,low,False,24.4027,93.8996,320.4
IND.21.8.2_1,Thoubal,True,Thoubal,Manipur,low,False,24.621,94.0254,393.6
IND.21.9.1_1,Chingai,True,Ukhrul,Manipur,low,False,25.4443,94.5421,967.1
IND.21.9.2_1,Kamjong,True,Ukhrul,Manipur,low,False,24.8467,94.5333,1170.6
IND.21.9.3_1,Kasom Khullen,True,Ukhrul,Manipur,low,False,24.6572,94.2876,497.5
IND.21.9.4_1,Phungyar,True,Ukhrul,Manipur,low,False,24.84,94.2919,691.1
IND.21.9.5_1,Ukhrul,True,Ukhrul,Manipur,low,False,25.1111,94.3886,1127.0
IND.22.1.1_1,Williamnagar,True,East Garo Hills,Meghalaya,low,False,25.6821,90.6849,2185.7
IND.22.2.1_1,Shillong,True,East Khasi Hills,Meghalaya,low,False,25.4029,91.8262,2862.0
IND.22.3.1_1,Jowai,True,Jaintia Hills,Meghalaya,low,False,25.3537,92.4304,3824.0
IND.22.4.1_1,Williamnagar,True,North Garo Hills,Meghalaya,low,False,25.8952,90.5876,611.2
IND.22.5.1_1,Ri-Bhoi,True,Ri Bhoi,Meghalaya,low,False,25.8795,91.8605,2385.1
IND.22.6.1_1,South Garo Hills,True,South Garo Hills,Meghalaya,low,False,25.3479,90.571,1849.0
IND.22.7.1_1,Tura,True,South West Garo Hills,Meghalaya,low,False,25.4379,89.9038,518.5
IND.22.8.1_1,Nongstoin,True,South West Khasi Hills,Meghalaya,low,False,25.3279,91.2778,1420.3
IND.22.9.1_1,Tura,True,West Garo Hills,Meghalaya,low,False,25.5757,90.2271,2906.0
IND.22.9.2_1,Williamnagar,True,West Garo Hills,Meghalaya,low,False,25.9576,90.3253,137.7
IND.22.10.1_1,Nongstoin,True,West Khasi Hills,Meghalaya,low,False,25.5751,91.2638,3816.6
IND.23.1.1_1,Aizawl,True,Aizawl,Mizoram,low,False,23.8632,92.8983,3453.2
IND.23.2.1_1,Champhai,True,Champhai,Mizoram,low,False,23.5424,93.2351,3434.9
IND.23.3.1_1,Kolasib,True,Kolasib,Mizoram,low,False,24.2381,92.714,1348.9
IND.23.4.1_1,Chawngte,True,Lawangtlai,Mizoram,low,False,22.3698,92.6102,689.9
IND.23.4.2_1,Lawngtlai,True,Lawangtlai,Mizoram,low,False,22.3285,92.7373,1356.8
IND.23.5.1_1,Lunglei,True,Lunglei,Mizoram,low,False,22.896,92.937,2016.1
IND.23.5.2_1,Tlabung,True,Lunglei,Mizoram,low,False,22.9525,92.5514,2537.1
IND.23.6.1_1,Mamit,True,Mamit,Mizoram,low,False,23.7451,92.4533,3079.5
IND.23.7.1_1,Saiha,True,Saiha,Mizoram,low,False,22.3765,93.0784,1977.0
IND.23.8.1_1,Aizawl,True,Serchhip,Mizoram,low,False,23.3126,92.8629,1358.5
IND.25.1.1_1,Delhi,True,West,NCT of Delhi,validated,False,28.6457,77.119,1502.2
IND.24.1.1_1,Henima,True,Dimapur,Nagaland,low,False,25.8048,93.8187,866.8
IND.24.2.1_1,Tuensang,True,Kiphire,Nagaland,low,False,25.8155,94.853,1122.3
IND.24.3.1_1,Henima,True,Kohima,Nagaland,low,False,25.7782,94.1283,1310.5
IND.24.4.1_1,Tuensang,True,Longleng,Nagaland,low,False,26.5836,94.8078,588.6
IND.24.5.1_1,Mokokchung,True,Mokokchung,Nagaland,low,False,26.4825,94.5106,1605.7
IND.24.6.1_1,Mon,True,Mon,Nagaland,low,False,26.6644,95.0033,2168.3
IND.24.7.1_1,Henima,True,Peren,Nagaland,low,False,25.4572,93.6038,1683.7
IND.24.8.1_1,Phek,True,Phek,Nagaland,low,False,25.652,94.3805,1910.4
IND.24.9.1_1,Tuensang,True,Tuensang,Nagaland,low,False,26.166,94.9109,2143.3
IND.24.10.1_1,Wokha,True,Wokha,Nagaland,low,False,26.2452,94.1932,1626.4
IND.24.11.1_1,Zunheboto,True,Zunheboto,Nagaland,low,False,26.0283,94.5191,1573.7
IND.26.1.1_1,Anugul,True,Anugul,Odisha,experimental,False,20.8518,85.0344,2332.0
IND.26.1.2_1,Athamallik,True,Anugul,Odisha,experimental,False,20.8452,84.5607,1865.4
IND.26.1.3_1,Pala Laharha,True,Anugul,Odisha,experimental,False,21.4075,85.1446,1166.6
IND.26.1.4_1,Talcher,True,Anugul,Odisha,experimental,False,21.0759,85.103,1010.2
IND.26.2.1_1,Balangir,True,Balangir,Odisha,experimental,False,20.704,83.4591,2240.5
IND.26.2.2_1,Patnagarh,True,Balangir,Odisha,experimental,False,20.6957,82.9712,1869.0
IND.26.2.3_1,Titlagarh,True,Balangir,Odisha,experimental,False,20.3901,83.0644,2467.7
IND.26.3.1_1,Baleshwar,True,Baleshwar,Odisha,experimental,False,21.5135,86.9582,3020.5
IND.26.3.2_1,Nilagiri,True,Baleshwar,Odisha,experimental,False,21.4407,86.6691,684.8
IND.26.4.1_1,Bargarh,True,Bargarh,Odisha,experimental,False,21.3991,83.6495,2666.7
IND.26.4.2_1,Padmapur,True,Bargarh,Odisha,experimental,False,21.0791,83.0626,3139.1
IND.26.5.1_1,Bauda,True,Bauda,Odisha,experimental,False,20.6382,83.9948,3123.9
IND.26.6.1_1,Bhadrak,True,Bhadrak,Odisha,experimental,False,20.9772,86.5937,2452.9
IND.26.7.1_1,Athagarh,True,Cuttack,Odisha,experimental,False,20.5081,85.0638,1549.0
IND.26.7.2_1,Banki,True,Cuttack,Odisha,experimental,False,20.3669,85.5634,510.9
IND.26.7.3_1,Cuttack,True,Cuttack,Odisha,experimental,False,20.3629,85.9141,1884.4
IND.26.8.1_1,Deogarh,True,Debagarh,Odisha,experimental,False,21.4328,84.739,2814.1
IND.26.9.1_1,Dhenkanal,True,Dhenkanal,Odisha,experimental,False,20.682,85.6876,1529.6
IND.26.9.2_1,Hindola,True,Dhenkanal,Odisha,experimental,False,20.6352,85.2913,768.6
IND.26.9.3_1,Kamakhyanagar,True,Dhenkanal,Odisha,experimental,False,20.9555,85.5195,2183.1
IND.26.10.1_1,Paralakhemundi,True,Gajapati,Odisha,experimental,False,19.1851,84.1732,4068.0
IND.26.11.1_1,Brahmapur,True,Ganjam,Odisha,experimental,False,19.1979,84.6175,1702.9
IND.26.11.2_1,Chatrapur,True,Ganjam,Odisha,experimental,False,19.5477,84.9173,2085.2
IND.26.11.3_1,n.a. ( 1460),False,Ganjam,Odisha,experimental,False,19.7916,84.5252,4592.5
IND.26.12.1_1,Jagatsinghpur,True,Jagatsinghapur,Odisha,experimental,False,20.1851,86.3189,1671.0
IND.26.13.1_1,Jajapur,True,Jajapur,Odisha,experimental,False,20.8664,86.1159,2903.7
IND.26.14.1_1,Jharsuguda,True,Jharsuguda,Odisha,experimental,False,21.7984,84.011,2120.3
IND.26.15.1_1,Bhawanipatna,True,Kalahandi,Odisha,experimental,False,19.8138,83.2654,5080.2
IND.26.15.2_1,Dharamgarh,True,Kalahandi,Odisha,experimental,False,19.7479,82.8199,2835.4
IND.26.16.1_1,Ghumsur,True,Kandhamal,Odisha,experimental,False,19.9964,83.9141,5968.9
IND.26.16.2_1,Phulbani,True,Kandhamal,Odisha,experimental,False,20.4526,84.1332,2096.3
IND.26.17.1_1,Kendraparha,True,Kendrapara,Odisha,experimental,False,20.5429,86.5247,2482.6
IND.26.18.1_1,Anandapur,True,Kendujhar,Odisha,experimental,False,21.2747,85.9832,1722.9
IND.26.18.2_1,Champua,True,Kendujhar,Odisha,experimental,False,21.9428,85.5675,1609.1
IND.26.18.3_1,Kendujhar,True,Kendujhar,Odisha,experimental,False,21.4687,85.6322,4991.8
IND.26.19.1_1,Bhubaneshwar,True,Khordha,Odisha,experimental,False,20.2421,85.7909,886.6
IND.26.19.2_1,Khordha,True,Khordha,Odisha,experimental,False,19.9863,85.4979,1869.8
IND.26.20.1_1,Jaypur,True,Koraput,Odisha,experimental,False,18.9012,82.4252,3208.8
IND.26.20.2_1,Koraput,True,Koraput,Odisha,experimental,False,18.7141,82.8083,5373.7
IND.26.21.1_1,Malakanagiri,True,Malkangiri,Odisha,experimental,False,18.2686,81.9496,5831.2
IND.26.22.1_1,Baripada,True,Mayurbhanj,Odisha,experimental,False,21.9608,86.6496,4128.8
IND.26.22.2_1,Panchpir,True,Mayurbhanj,Odisha,experimental,False,21.6854,86.2241,2920.3
IND.26.22.3_1,Rai,True,Mayurbhanj,Odisha,experimental,False,22.2773,86.2065,1918.3
IND.26.22.4_1,Udala,True,Mayurbhanj,Odisha,experimental,False,21.5564,86.4842,1483.7
IND.26.23.1_1,Nabarangapur,True,Nabarangapur,Odisha,experimental,False,19.6204,82.2864,5308.2
IND.26.24.1_1,Nayagarh,True,Nayagarh,Odisha,experimental,False,20.2321,85.0461,3899.4
IND.26.25.1_1,Nuaparha,True,Nuapada,Odisha,experimental,False,20.534,82.5229,3870.8
IND.26.26.2_1,Puri,True,Puri,Odisha,experimental,False,19.9315,85.908,2401.7
IND.26.26.1_1,n.a. ( 1507),False,Puri,Odisha,experimental,False,19.6733,85.3621,1100.6
IND.26.27.1_1,Gunupur,True,Rayagada,Odisha,experimental,False,19.4339,83.689,4117.8
IND.26.27.2_1,Rayagarha,True,Rayagada,Odisha,experimental,False,19.2854,83.2537,3264.1
IND.26.28.1_1,Kuchinda,True,Sambalpur,Odisha,experimental,False,21.7682,84.4196,2291.4
IND.26.28.2_1,Redhakhol,True,Sambalpur,Odisha,experimental,False,21.1629,84.3967,2230.6
IND.26.28.3_1,Sambalpur,True,Sambalpur,Odisha,experimental,False,21.4585,84.0125,2222.2
IND.26.29.1_1,Sonapur,True,Subarnapur,Odisha,experimental,False,20.8455,83.8418,2361.7
IND.26.30.1_1,Banei,True,Sundargarh,Odisha,experimental,False,21.8524,84.9413,3303.5
IND.26.30.2_1,Panposh,True,Sundargarh,Odisha,experimental,False,22.2423,84.8899,1872.8
IND.26.30.3_1,Sundargarh,True,Sundargarh,Odisha,experimental,False,22.1557,83.9993,4562.8
IND.27.1.1_1,Karaikal,True,Karaikal,Puducherry,experimental,True,10.9008,79.7901,192.1
IND.27.2.1_1,Mahe,True,Mahe,Puducherry,experimental,True,12.0486,75.2669,128.4
IND.27.3.1_1,Puducherry,True,Puducherry,Puducherry,experimental,True,11.9138,79.7861,195.3
IND.27.4.1_1,Yanam,True,Yanam,Puducherry,experimental,True,16.7205,82.1978,31.6
IND.28.1.1_1,Ajnala,True,Amritsar,Punjab,experimental,False,31.7697,74.7221,1179.6
IND.28.1.2_1,Baba Bakala,True,Amritsar,Punjab,experimental,False,31.6639,75.0201,1432.6
IND.28.2.1_1,Barnala,True,Barnala,Punjab,experimental,False,30.3897,75.4768,1482.6
IND.28.3.1_1,Bathinda,True,Bathinda,Punjab,experimental,False,30.2433,74.9502,1179.9
IND.28.3.2_1,Rampura Phul,True,Bathinda,Punjab,experimental,False,30.346,75.2441,881.7
IND.28.3.3_1,Talwandi Sabo,True,Bathinda,Punjab,experimental,False,29.9773,75.0,1301.2
IND.28.4.1_1,Faridkot,True,Faridkot,Punjab,experimental,False,30.5989,74.7854,1447.7
IND.28.5.1_1,Sirhind,True,Fatehgarh Sahib,Punjab,experimental,False,30.6639,76.3475,1173.2
IND.28.6.1_1,Abohar,True,Fazilka,Punjab,experimental,False,30.1029,74.1535,1334.4
IND.28.6.2_1,Fazilka,True,Fazilka,Punjab,experimental,False,30.4436,74.1169,1385.3
IND.28.7.1_1,Firozpur,True,Firozpur,Punjab,experimental,False,30.8327,74.6231,1808.7
IND.28.7.2_1,Zira,True,Firozpur,Punjab,experimental,False,31.0192,74.9052,691.8
IND.28.8.1_1,Batala,True,Gurdaspur,Punjab,experimental,False,31.8298,75.1495,1239.7
IND.28.8.2_1,Gurdaspur,True,Gurdaspur,Punjab,experimental,False,31.9893,75.3242,1338.5
IND.28.9.1_1,Dasua,True,Hoshiarpur,Punjab,experimental,False,31.8335,75.6885,1237.8
IND.28.9.2_1,Garhshankar,True,Hoshiarpur,Punjab,experimental,False,31.3249,76.0169,786.1
IND.28.9.3_1,Hoshiarpur,True,Hoshiarpur,Punjab,experimental,False,31.5955,75.8646,1336.4
IND.28.10.1_1,Jalandhar,True,Jalandhar,Punjab,experimental,False,31.4129,75.6224,976.6
IND.28.10.2_1,Nakodar,True,Jalandhar,Punjab,experimental,False,31.112,75.3123,885.6
IND.28.10.3_1,Phillaur,True,Jalandhar,Punjab,experimental,False,31.0979,75.7166,740.6
IND.28.11.1_1,Kapurthala,True,Kapurthala,Punjab,experimental,False,31.4409,75.3325,918.5
IND.28.11.2_1,Phagwara,True,Kapurthala,Punjab,experimental,False,31.2688,75.7483,299.6
IND.28.11.3_1,Sultanpur Lodhi,True,Kapurthala,Punjab,experimental,False,31.2572,75.1825,439.8
IND.28.12.1_1,Jagraon,True,Ludhiana,Punjab,experimental,False,30.7897,75.521,1113.8
IND.28.12.2_1,Khanna,True,Ludhiana,Punjab,experimental,False,30.7068,76.162,457.0
IND.28.12.3_1,Ludhiana,True,Ludhiana,Punjab,experimental,False,30.793,75.8248,1528.6
IND.28.12.4_1,Samrala,True,Ludhiana,Punjab,experimental,False,30.8668,76.1831,470.2
IND.28.13.1_1,Mansa,True,Mansa,Punjab,experimental,False,29.8785,75.4783,2207.0
IND.28.14.1_1,Moga,True,Moga,Punjab,experimental,False,30.793,75.1489,2302.5
IND.28.15.1_1,Muktsar,True,Muktsar,Punjab,experimental,False,30.284,74.5156,2598.9
IND.28.16.1_1,Pathankot,True,Pathankot,Punjab,experimental,False,32.3282,75.6558,998.8
IND.28.17.2_1,Nabha,True,Patiala,Punjab,experimental,False,30.4332,76.1696,595.9
IND.28.17.3_1,Patiala,True,Patiala,Punjab,experimental,False,30.2619,76.4091,1093.9
IND.28.17.4_1,Rajpura,True,Patiala,Punjab,experimental,False,30.4847,76.6439,787.9
IND.28.17.5_1,Samana,True,Patiala,Punjab,experimental,False,30.0339,76.1105,829.5
IND.28.17.1_1,n.a. ( 155),False,Patiala,Punjab,experimental,False,30.1122,76.5995,28.8
IND.28.18.1_1,Anandpur Sahib,True,Rupnagar,Punjab,experimental,False,31.2195,76.4539,651.3
IND.28.18.2_1,Rupnagar,True,Rupnagar,Punjab,experimental,False,30.9662,76.503,730.2
IND.28.19.1_1,Kharar,True,Sahibzada Ajit Singh Nagar,Punjab,experimental,False,30.7587,76.6101,712.3
IND.28.19.2_1,Rajpura,True,Sahibzada Ajit Singh Nagar,Punjab,experimental,False,30.5214,76.8419,376.2
IND.28.20.1_1,Maler Kotla,True,Sangrur,Punjab,experimental,False,30.4881,75.8501,1295.6
IND.28.20.2_1,Sangrur,True,Sangrur,Punjab,experimental,False,30.2121,75.8106,891.8
IND.28.20.3_1,Sunam,True,Sangrur,Punjab,experimental,False,29.9641,75.8299,1415.7
IND.28.21.1_1,Balachaur,True,Shahid Bhagat Singh Nagar,Punjab,experimental,False,31.1124,76.3138,516.4
IND.28.21.2_1,Nawashahr,True,Shahid Bhagat Singh Nagar,Punjab,experimental,False,31.1371,76.0291,779.6
IND.28.22.1_1,Patti,True,Tarn Taran,Punjab,experimental,False,31.2583,74.6994,998.9
IND.28.22.2_1,Tarn Taran,True,Tarn Taran,Punjab,experimental,False,31.3622,74.9708,1347.2
IND.29.1.1_1,Ajmer,True,Ajmer,Rajasthan,experimental,False,26.4495,74.5118,1296.2
IND.29.1.2_1,Beawar,True,Ajmer,Rajasthan,experimental,False,26.0456,74.41,1482.2
IND.29.1.3_1,Kekri,True,Ajmer,Rajasthan,experimental,False,25.9198,75.1826,845.5
IND.29.1.4_1,Kishangarh,True,Ajmer,Rajasthan,experimental,False,26.6272,74.9496,1703.1
IND.29.1.7_1,Nasirabad,True,Ajmer,Rajasthan,experimental,False,26.4069,74.8027,1028.8
IND.29.1.8_1,Sarwar,True,Ajmer,Rajasthan,experimental,False,26.0749,75.0423,1255.8
IND.29.1.5_1,n.a. ( 566),False,Ajmer,Rajasthan,experimental,False,26.0193,74.762,807.3
IND.29.1.6_1,n.a. ( 617),False,Ajmer,Rajasthan,experimental,False,25.7597,73.9903,229.4
IND.29.2.1_1,Alwar,True,Alwar,Rajasthan,experimental,False,27.5362,76.5991,1318.3
IND.29.2.2_1,Bahror,True,Alwar,Rajasthan,experimental,False,27.9958,76.3104,727.9
IND.29.2.3_1,Bansur,True,Alwar,Rajasthan,experimental,False,27.6451,76.3501,900.5
IND.29.2.4_1,Kishangarh Bas,True,Alwar,Rajasthan,experimental,False,27.9061,76.7156,817.5
IND.29.2.5_1,Lachhmangarh,True,Alwar,Rajasthan,experimental,False,27.337,76.9615,962.9
IND.29.2.6_1,Mandawar,True,Alwar,Rajasthan,experimental,False,27.8484,76.4823,592.0
IND.29.2.7_1,Rajgarh,True,Alwar,Rajasthan,experimental,False,27.2261,76.6308,937.0
IND.29.2.8_1,Ramgarh,True,Alwar,Rajasthan,experimental,False,27.6066,76.8515,542.3
IND.29.2.9_1,Thana Gazi,True,Alwar,Rajasthan,experimental,False,27.2777,76.2705,888.8
IND.29.2.10_1,Tijara,True,Alwar,Rajasthan,experimental,False,28.027,76.8566,604.1
IND.29.3.1_1,Banswara,True,Banswara,Rajasthan,experimental,False,23.4907,74.5079,1051.0
IND.29.3.2_1,Garhi,True,Banswara,Rajasthan,experimental,False,23.6092,74.2017,850.6
IND.29.3.3_1,Ghatol,True,Banswara,Rajasthan,experimental,False,23.7478,74.4889,705.6
IND.29.3.4_1,Kalinjara,True,Banswara,Rajasthan,experimental,False,23.2959,74.3879,1301.6
IND.29.3.5_1,n.a. ( 965),False,Banswara,Rajasthan,experimental,False,23.3118,74.1312,578.9
IND.29.4.1_1,Atru,True,Baran,Rajasthan,experimental,False,24.7775,76.6407,776.1
IND.29.4.2_1,Baran,True,Baran,Rajasthan,experimental,False,25.0576,76.5478,753.2
IND.29.4.3_1,Chhabra,True,Baran,Rajasthan,experimental,False,24.6175,76.9222,657.9
IND.29.4.4_1,Chhipa Barod,True,Baran,Rajasthan,experimental,False,24.546,76.6731,655.4
IND.29.4.5_1,Kishanganj,True,Baran,Rajasthan,experimental,False,25.1097,76.7491,1386.6
IND.29.4.6_1,Mangrol,True,Baran,Rajasthan,experimental,False,25.174,76.3355,1152.0
IND.29.4.7_1,Shahbad,True,Baran,Rajasthan,experimental,False,25.2373,77.1309,1442.1
IND.29.5.1_1,Barmer,True,Barmer,Rajasthan,experimental,False,25.9889,71.829,4264.5
IND.29.5.2_1,Chauhtan,True,Barmer,Rajasthan,experimental,False,25.179,71.2009,6264.1
IND.29.5.3_1,Gurha Malini,True,Barmer,Rajasthan,experimental,False,25.4268,71.7051,4229.9
IND.29.5.4_1,Pachpadra,True,Barmer,Rajasthan,experimental,False,25.9663,72.3538,3701.0
IND.29.5.5_1,Shiv,True,Barmer,Rajasthan,experimental,False,26.0842,70.509,8046.4
IND.29.5.6_1,Siwana,True,Barmer,Rajasthan,experimental,False,25.6468,72.4821,1811.6
IND.29.6.1_1,Bayana,True,Bharatpur,Rajasthan,experimental,False,26.885,77.2889,717.5
IND.29.6.2_1,Bharatpur,True,Bharatpur,Rajasthan,experimental,False,27.216,77.4756,593.0
IND.29.6.3_1,Dig,True,Bharatpur,Rajasthan,experimental,False,27.4433,77.2955,383.2
IND.29.6.4_1,Kaman,True,Bharatpur,Rajasthan,experimental,False,27.6598,77.1558,997.2
IND.29.6.5_1,Kumher,True,Bharatpur,Rajasthan,experimental,False,27.2875,77.2591,447.4
IND.29.6.6_1,Nadbai,True,Bharatpur,Rajasthan,experimental,False,27.1622,77.2522,356.0
IND.29.6.7_1,Nagar,True,Bharatpur,Rajasthan,experimental,False,27.4621,77.1134,344.6
IND.29.6.8_1,Rupbas,True,Bharatpur,Rajasthan,experimental,False,27.0266,77.4709,590.5
IND.29.6.9_1,Weir,True,Bharatpur,Rajasthan,experimental,False,27.0192,77.0768,621.4
IND.29.7.1_1,Asind,True,Bhilwara,Rajasthan,experimental,False,25.7218,74.3702,1040.4
IND.29.7.2_1,Banera,True,Bhilwara,Rajasthan,experimental,False,25.5979,74.6786,717.5
IND.29.7.3_1,Bhilwara,True,Bhilwara,Rajasthan,experimental,False,25.3162,74.5747,973.6
IND.29.7.4_1,Gangapur,True,Bhilwara,Rajasthan,experimental,False,25.1944,74.2385,607.8
IND.29.7.5_1,Gulabpura,True,Bhilwara,Rajasthan,experimental,False,25.7819,74.6213,716.4
IND.29.7.6_1,Jahazpur,True,Bhilwara,Rajasthan,experimental,False,25.5705,75.2268,1093.0
IND.29.7.7_1,Kotri,True,Bhilwara,Rajasthan,experimental,False,25.3717,74.9622,1145.9
IND.29.7.8_1,Mandal,True,Bhilwara,Rajasthan,experimental,False,25.5227,74.23,1199.8
IND.29.7.9_1,Mandalgarh,True,Bhilwara,Rajasthan,experimental,False,25.2188,75.2026,1365.9
IND.29.7.10_1,Raipur,True,Bhilwara,Rajasthan,experimental,False,25.3644,74.1607,482.8
IND.29.7.11_1,Shahpura,True,Bhilwara,Rajasthan,experimental,False,25.6699,74.9271,1105.6
IND.29.8.1_1,Bikaner,True,Bikaner,Rajasthan,experimental,False,28.2968,72.889,8966.0
IND.29.8.2_1,Kolayat,True,Bikaner,Rajasthan,experimental,False,27.8883,72.6373,8028.7
IND.29.8.3_1,Lunkaransar,True,Bikaner,Rajasthan,experimental,False,28.6335,73.6786,6558.1
IND.29.8.4_1,Nokha,True,Bikaner,Rajasthan,experimental,False,27.5693,73.4636,3372.5
IND.29.9.1_1,Bundi,True,Bundi,Rajasthan,experimental,False,25.2845,75.6307,1927.1
IND.29.9.2_1,Hindoli,True,Bundi,Rajasthan,experimental,False,25.5291,75.5691,1358.6
IND.29.9.3_1,Keshorai Patan,True,Bundi,Rajasthan,experimental,False,25.4643,76.0318,952.1
IND.29.9.4_1,Naenwa,True,Bundi,Rajasthan,experimental,False,25.6984,75.9815,1335.8
IND.29.10.1_1,Bari Sadri,True,Chittaurgarh,Rajasthan,experimental,False,24.3792,74.457,268.5
IND.29.10.2_1,Begun,True,Chittaurgarh,Rajasthan,experimental,False,24.8981,75.0181,1731.8
IND.29.10.3_1,Bhadesar,True,Chittaurgarh,Rajasthan,experimental,False,24.6167,74.4613,525.3
IND.29.10.4_1,Gangrar,True,Chittaurgarh,Rajasthan,experimental,False,25.0446,74.6561,941.0
IND.29.10.5_1,Kapasan,True,Chittaurgarh,Rajasthan,experimental,False,24.829,74.268,722.9
IND.29.10.8_1,Nimbahera,True,Chittaurgarh,Rajasthan,experimental,False,24.649,74.6206,797.8
IND.29.10.9_1,Rashmi,True,Chittaurgarh,Rajasthan,experimental,False,25.054,74.383,614.5
IND.29.10.6_1,n.a. ( 748),False,Chittaurgarh,Rajasthan,experimental,False,24.8587,75.6117,1586.8
IND.29.10.7_1,n.a. ( 793),False,Chittaurgarh,Rajasthan,experimental,False,24.4984,74.3933,384.3
IND.29.11.1_1,Churu,True,Churu,Rajasthan,experimental,False,28.3717,74.9426,1576.3
IND.29.11.2_1,Dungargarh,True,Churu,Rajasthan,experimental,False,28.0157,74.0158,3710.3
IND.29.11.3_1,Rajgarh,True,Churu,Rajasthan,experimental,False,28.6679,75.3678,2124.2
IND.29.11.4_1,Ratangarh,True,Churu,Rajasthan,experimental,False,28.0635,74.5731,1566.0
IND.29.11.5_1,Sardarshahar,True,Churu,Rajasthan,experimental,False,28.546,74.409,3855.5
IND.29.11.6_1,Sujangarh,True,Churu,Rajasthan,experimental,False,27.6896,74.2508,2304.2
IND.29.11.7_1,Taranagar,True,Churu,Rajasthan,experimental,False,28.6879,74.9629,1913.5
IND.29.12.1_1,Baswa,True,Dausa,Rajasthan,experimental,False,27.0573,76.6384,663.9
IND.29.12.2_1,Dausa,True,Dausa,Rajasthan,experimental,False,26.8905,76.3647,1278.1
IND.29.12.3_1,Lalsot,True,Dausa,Rajasthan,experimental,False,26.5504,76.2846,703.7
IND.29.12.4_1,Mahwah,True,Dausa,Rajasthan,experimental,False,27.0208,76.8894,605.6
IND.29.12.5_1,Sakrai,True,Dausa,Rajasthan,experimental,False,26.8639,76.6342,338.5
IND.29.13.1_1,Bari,True,Dhaulpur,Rajasthan,experimental,False,26.5955,77.6648,449.3
IND.29.13.2_1,Baseri,True,Dhaulpur,Rajasthan,experimental,False,26.6203,77.4579,1329.9
IND.29.13.3_1,Dhaulpur,True,Dhaulpur,Rajasthan,experimental,False,26.7643,77.9075,1246.1
IND.29.14.1_1,Aspur,True,Dungarpur,Rajasthan,experimental,False,23.858,74.1249,908.5
IND.29.14.2_1,Dungarpur,True,Dungarpur,Rajasthan,experimental,False,23.7962,73.6507,1350.8
IND.29.14.3_1,Sagwara,True,Dungarpur,Rajasthan,experimental,False,23.5305,73.9399,662.8
IND.29.14.4_1,Simalwara,True,Dungarpur,Rajasthan,experimental,False,23.584,73.7649,854.3
IND.29.15.1_1,Anupgarh,True,Ganganagar,Rajasthan,experimental,False,29.0789,73.19,1289.1
IND.29.15.2_1,Ganganagar,True,Ganganagar,Rajasthan,experimental,False,29.957,73.8146,987.7
IND.29.15.3_1,Karanpur,True,Ganganagar,Rajasthan,experimental,False,29.856,73.5048,782.8
IND.29.15.5_1,Padampur,True,Ganganagar,Rajasthan,experimental,False,29.6449,73.6467,876.7
IND.29.15.6_1,Raisinghnagar,True,Ganganagar,Rajasthan,experimental,False,29.4527,73.4259,1860.7
IND.29.15.7_1,Sadulshahr,True,Ganganagar,Rajasthan,experimental,False,29.7945,74.1457,1182.6
IND.29.15.8_1,Sri Vijainagar,True,Ganganagar,Rajasthan,experimental,False,29.2471,73.5939,493.5
IND.29.15.9_1,Suratgarh,True,Ganganagar,Rajasthan,experimental,False,29.2819,73.8986,3159.1
IND.29.15.4_1,n.a. ( 230),False,Ganganagar,Rajasthan,experimental,False,28.8491,72.9392,1032.8
IND.29.16.1_1,Bhadra,True,Hanumangarh,Rajasthan,experimental,False,29.0693,75.2361,1485.4
IND.29.16.3_1,Nohar,True,Hanumangarh,Rajasthan,experimental,False,29.1077,74.7496,2799.3
IND.29.16.4_1,Pilibangan,True,Hanumangarh,Rajasthan,experimental,False,29.4265,74.0994,709.3
IND.29.16.5_1,Rawatsar,True,Hanumangarh,Rajasthan,experimental,False,29.4589,74.3065,1220.7
IND.29.16.6_1,Sangariya,True,Hanumangarh,Rajasthan,experimental,False,29.7687,74.3832,772.8
IND.29.16.7_1,Tibi,True,Hanumangarh,Rajasthan,experimental,False,29.4909,74.5282,841.3
IND.29.16.2_1,n.a. ( 211),False,Hanumangarh,Rajasthan,experimental,False,29.0013,74.248,1072.6
IND.29.17.1_1,Amer,True,Jaipur,Rajasthan,experimental,False,27.031,75.7281,685.3
IND.29.17.2_1,Bassi,True,Jaipur,Rajasthan,experimental,False,26.7988,76.0949,486.3
IND.29.17.3_1,Chaksu,True,Jaipur,Rajasthan,experimental,False,26.6213,75.9802,876.8
IND.29.17.4_1,Chomu,True,Jaipur,Rajasthan,experimental,False,27.2053,75.722,576.7
IND.29.17.5_1,Dudu,True,Jaipur,Rajasthan,experimental,False,26.6624,75.2434,1381.6
IND.29.17.6_1,Jaipur,True,Jaipur,Rajasthan,experimental,False,26.9126,75.7469,792.1
IND.29.17.7_1,Jamwa Ramgarh,True,Jaipur,Rajasthan,experimental,False,27.0658,76.0933,1154.3
IND.29.17.8_1,Kot Putli,True,Jaipur,Rajasthan,experimental,False,27.6725,76.1053,941.3
IND.29.17.10_1,Phagi,True,Jaipur,Rajasthan,experimental,False,26.6042,75.5925,1107.8
IND.29.17.11_1,Sambhar,True,Jaipur,Rajasthan,experimental,False,27.0386,75.3905,1532.3
IND.29.17.12_1,Sanganer,True,Jaipur,Rajasthan,experimental,False,26.7812,75.7198,489.0
IND.29.17.13_1,Viratnagar,True,Jaipur,Rajasthan,experimental,False,27.3828,76.0481,658.3
IND.29.17.9_1,n.a. ( 379),False,Jaipur,Rajasthan,experimental,False,27.3221,75.7698,562.7
IND.29.18.1_1,Jaisalmer,True,Jaisalmer,Rajasthan,experimental,False,26.9411,70.4712,28898.9
IND.29.18.2_1,Pokaran,True,Jaisalmer,Rajasthan,experimental,False,27.1182,71.7635,9672.8
IND.29.19.1_1,Ahor,True,Jalor,Rajasthan,experimental,False,25.5238,72.8187,1778.6
IND.29.19.2_1,Bhinmal,True,Jalor,Rajasthan,experimental,False,25.0922,72.1863,3223.9
IND.29.19.3_1,Jalor,True,Jalor,Rajasthan,experimental,False,25.2701,72.6281,2340.2
IND.29.19.4_1,Raniwara,True,Jalor,Rajasthan,experimental,False,24.7241,72.1989,542.7
IND.29.19.5_1,Sanchor,True,Jalor,Rajasthan,experimental,False,24.8362,71.6855,2818.5
IND.29.20.1_1,Aklera,True,Jhalawar,Rajasthan,experimental,False,24.3238,76.6115,1485.3
IND.29.20.2_1,Gangdhar,True,Jhalawar,Rajasthan,experimental,False,23.9499,75.7206,1000.2
IND.29.20.3_1,Jhalarapatan,True,Jhalawar,Rajasthan,experimental,False,24.4567,76.2578,1092.1
IND.29.20.4_1,Khanpur,True,Jhalawar,Rajasthan,experimental,False,24.6989,76.3313,904.0
IND.29.20.5_1,Pachpahar,True,Jhalawar,Rajasthan,experimental,False,24.4129,75.8748,556.6
IND.29.20.6_1,Pirawa,True,Jhalawar,Rajasthan,experimental,False,24.2743,76.0283,1209.9
IND.29.21.1_1,Chirawa,True,Jhunjhunun,Rajasthan,experimental,False,28.2243,75.6198,1555.4
IND.29.21.2_1,Jhunjhunun,True,Jhunjhunun,Rajasthan,experimental,False,28.2023,75.2171,1511.3
IND.29.21.3_1,Khetri,True,Jhunjhunun,Rajasthan,experimental,False,28.0667,75.8569,1315.6
IND.29.21.4_1,Nawalgarh,True,Jhunjhunun,Rajasthan,experimental,False,27.8702,75.334,710.1
IND.29.21.5_1,Udaipurwati,True,Jhunjhunun,Rajasthan,experimental,False,27.8452,75.5513,820.7
IND.29.22.1_1,Bhopalgarh,True,Jodhpur,Rajasthan,experimental,False,26.6158,73.5052,1840.5
IND.29.22.2_1,Bilara,True,Jodhpur,Rajasthan,experimental,False,26.273,73.6295,1458.9
IND.29.22.3_1,Jodhpur,True,Jodhpur,Rajasthan,experimental,False,26.1722,73.037,3581.1
IND.29.22.4_1,Osiyan,True,Jodhpur,Rajasthan,experimental,False,26.6902,72.9821,3511.4
IND.29.22.5_1,Phalodi,True,Jodhpur,Rajasthan,experimental,False,27.2036,72.5333,8484.6
IND.29.22.6_1,Shergarh,True,Jodhpur,Rajasthan,experimental,False,26.5279,72.3933,3925.7
IND.29.23.1_1,Hindaun,True,Karauli,Rajasthan,experimental,False,26.7252,77.0676,535.3
IND.29.23.2_1,Karauli,True,Karauli,Rajasthan,experimental,False,26.5162,77.089,1561.0
IND.29.23.3_1,Nandauti,True,Karauli,Rajasthan,experimental,False,26.6957,76.6667,929.6
IND.29.23.4_1,Sapotra,True,Karauli,Rajasthan,experimental,False,26.3023,76.7496,1636.7
IND.29.23.5_1,Toda Bhim,True,Karauli,Rajasthan,experimental,False,26.821,76.8554,519.7
IND.29.24.1_1,Digod,True,Kota,Rajasthan,experimental,False,25.2712,76.1585,1057.4
IND.29.24.2_1,Kota,True,Kota,Rajasthan,experimental,False,25.0259,75.8734,1434.7
IND.29.24.3_1,Pipalda Kalan,True,Kota,Rajasthan,experimental,False,25.6144,76.4038,1148.0
IND.29.24.4_1,Ramganj Mandi,True,Kota,Rajasthan,experimental,False,24.7088,75.9296,624.6
IND.29.24.5_1,Sangod,True,Kota,Rajasthan,experimental,False,24.859,76.171,1238.2
IND.29.25.1_1,Degana,True,Nagaur,Rajasthan,experimental,False,26.7881,74.3252,1347.7
IND.29.25.2_1,Didwana,True,Nagaur,Rajasthan,experimental,False,27.2871,74.5707,1617.6
IND.29.25.3_1,Jayal,True,Nagaur,Rajasthan,experimental,False,27.2401,74.1108,2170.0
IND.29.25.4_1,Ladnun,True,Nagaur,Rajasthan,experimental,False,27.5057,74.4585,1281.6
IND.29.25.5_1,Merta,True,Nagaur,Rajasthan,experimental,False,26.6933,73.9749,2842.7
IND.29.25.6_1,Nagaur,True,Nagaur,Rajasthan,experimental,False,27.1582,73.5188,4490.9
IND.29.25.7_1,Nawa,True,Nagaur,Rajasthan,experimental,False,27.1399,74.9759,1592.3
IND.29.25.8_1,Parvatsar,True,Nagaur,Rajasthan,experimental,False,26.9144,74.5987,2304.0
IND.29.26.1_1,Bali,True,Pali,Rajasthan,experimental,False,25.1635,73.1761,2372.1
IND.29.26.2_1,Desuri,True,Pali,Rajasthan,experimental,False,25.3161,73.506,1310.9
IND.29.26.3_1,Jaitaran,True,Pali,Rajasthan,experimental,False,26.2627,74.0234,1441.4
IND.29.26.4_1,Kharchi,True,Pali,Rajasthan,experimental,False,25.6332,73.6698,1137.4
IND.29.26.5_1,Pali,True,Pali,Rajasthan,experimental,False,25.7369,73.1989,3086.3
IND.29.26.6_1,Raipur,True,Pali,Rajasthan,experimental,False,26.061,73.9815,1013.9
IND.29.26.7_1,Sojat,True,Pali,Rajasthan,experimental,False,25.9552,73.678,1961.4
IND.29.27.1_1,Arnaud,True,Pratapgarh,Rajasthan,experimental,False,23.7384,74.8509,744.6
IND.29.27.2_1,Banswara,True,Pratapgarh,Rajasthan,experimental,False,23.6601,74.6301,57.2
IND.29.27.3_1,Bari Sadri,True,Pratapgarh,Rajasthan,experimental,False,24.3268,74.5486,225.1
IND.29.27.4_1,Chhoti Sadri,True,Pratapgarh,Rajasthan,experimental,False,24.3286,74.684,626.9
IND.29.27.5_1,Ghatol,True,Pratapgarh,Rajasthan,experimental,False,23.7678,74.6619,498.0
IND.29.27.6_1,Lasadia,True,Pratapgarh,Rajasthan,experimental,False,24.0869,74.4994,712.2
IND.29.27.7_1,Nimbahera,True,Pratapgarh,Rajasthan,experimental,False,24.4299,74.625,169.0
IND.29.27.8_1,Pratapgarh,True,Pratapgarh,Rajasthan,experimental,False,24.0769,74.7694,1264.5
IND.29.28.1_1,Amet,True,Rajsamand,Rajasthan,experimental,False,25.2821,73.9062,697.3
IND.29.28.2_1,Bhim,True,Rajsamand,Rajasthan,experimental,False,25.7404,74.0971,364.8
IND.29.28.3_1,Devgarh,True,Rajsamand,Rajasthan,experimental,False,25.5081,73.9497,736.1
IND.29.28.4_1,Kumbhalgarh,True,Rajsamand,Rajasthan,experimental,False,25.1533,73.6501,820.6
IND.29.28.5_1,Nathdwara,True,Rajsamand,Rajasthan,experimental,False,24.8768,73.6945,892.8
IND.29.28.6_1,Rajsamand,True,Rajsamand,Rajasthan,experimental,False,25.073,73.8594,450.7
IND.29.28.7_1,Relmagra,True,Rajsamand,Rajasthan,experimental,False,25.0112,74.1541,629.4
IND.29.29.1_1,Bamanwas,True,Sawai Madhopur,Rajasthan,experimental,False,26.4327,76.5108,713.6
IND.29.29.2_1,Bonali,True,Sawai Madhopur,Rajasthan,experimental,False,26.3013,76.3025,1115.0
IND.29.29.3_1,Gangapur,True,Sawai Madhopur,Rajasthan,experimental,False,26.4756,76.7346,401.7
IND.29.29.4_1,Khandar,True,Sawai Madhopur,Rajasthan,experimental,False,26.0258,76.6776,877.6
IND.29.29.5_1,Sawai Madhopur,True,Sawai Madhopur,Rajasthan,experimental,False,25.9795,76.39,1562.6
IND.29.30.1_1,Fatehpur,True,Sikar,Rajasthan,experimental,False,28.0182,74.967,1143.0
IND.29.30.2_1,Lachhmangarh,True,Sikar,Rajasthan,experimental,False,27.7333,74.9014,1164.5
IND.29.30.3_1,Nim ka Thana,True,Sikar,Rajasthan,experimental,False,27.7145,75.8407,1114.6
IND.29.30.4_1,Shri Madhopur,True,Sikar,Rajasthan,experimental,False,27.5067,75.628,1401.2
IND.29.30.5_1,Sikar,True,Sikar,Rajasthan,experimental,False,27.4745,75.1135,2858.0
IND.29.31.1_1,Abu Road,True,Sirohi,Rajasthan,experimental,False,24.5171,72.8207,1069.2
IND.29.31.2_1,Pindwara,True,Sirohi,Rajasthan,experimental,False,24.7256,72.9789,865.4
IND.29.31.3_1,Revdar,True,Sirohi,Rajasthan,experimental,False,24.5889,72.5012,1140.0
IND.29.31.4_1,Shivganj,True,Sirohi,Rajasthan,experimental,False,25.0922,72.8661,1072.0
IND.29.31.5_1,Sirohi,True,Sirohi,Rajasthan,experimental,False,24.8621,72.7174,988.7
IND.29.32.1_1,Devli,True,Tonk,Rajasthan,experimental,False,25.8487,75.5388,1069.2
IND.29.32.2_1,Malpura,True,Tonk,Rajasthan,experimental,False,26.3811,75.3651,1411.2
IND.29.32.3_1,Niwai,True,Tonk,Rajasthan,experimental,False,26.3898,75.9701,893.7
IND.29.32.4_1,Toda Raisingh,True,Tonk,Rajasthan,experimental,False,26.061,75.5008,1069.4
IND.29.32.5_1,Tonk,True,Tonk,Rajasthan,experimental,False,26.252,75.7845,1478.9
IND.29.32.6_1,Uniara,True,Tonk,Rajasthan,experimental,False,25.9473,75.9591,1316.7
IND.29.33.1_1,Gogunda,True,Udaipur,Rajasthan,experimental,False,24.8325,73.5126,1220.1
IND.29.33.2_1,Kherwara,True,Udaipur,Rajasthan,experimental,False,24.0308,73.6229,1084.1
IND.29.33.3_1,Kotra,True,Udaipur,Rajasthan,experimental,False,24.4777,73.2227,2053.8
IND.29.33.4_1,Lasadia,True,Udaipur,Rajasthan,experimental,False,24.2047,74.3023,605.9
IND.29.33.5_1,Phalsiya,True,Udaipur,Rajasthan,experimental,False,24.2888,73.4616,1125.0
IND.29.33.6_1,Salumbar,True,Udaipur,Rajasthan,experimental,False,24.1469,74.1263,1202.7
IND.29.33.7_1,Sarada,True,Udaipur,Rajasthan,experimental,False,24.2041,73.826,1183.2
IND.29.33.8_1,Udaipur,True,Udaipur,Rajasthan,experimental,False,24.462,73.9167,1471.3
IND.29.33.9_1,Vallabhnagar,True,Udaipur,Rajasthan,experimental,False,24.6058,74.0649,2054.1
IND.30.1.1_1,Gangtok,True,East Sikkim,Sikkim,low,False,27.2802,88.6728,946.6
IND.30.2.1_1,n.a. ( 302),False,North Sikkim,Sikkim,low,False,27.7541,88.519,4241.5
IND.30.3.1_1,n.a. ( 360),False,South Sikkim,Sikkim,low,False,27.3043,88.3752,731.7
IND.30.4.1_1,n.a. ( 352),False,West Sikkim,Sikkim,low,False,27.3617,88.1862,1163.2
IND.31.1.1_1,Ariyalur,True,Ariyalur,Tamil Nadu,experimental,True,11.1238,79.1207,1003.7
IND.31.1.2_1,Udaiyarpalaiyam,True,Ariyalur,Tamil Nadu,experimental,True,11.1907,79.3812,946.8
IND.31.2.1_1,Egmore Nungabakkam,True,Chennai,Tamil Nadu,experimental,True,13.0513,80.2159,33.8
IND.31.2.2_1,Fort Tondiarpet,True,Chennai,Tamil Nadu,experimental,True,13.0915,80.2785,41.8
IND.31.2.3_1,Mambalam Gundy,True,Chennai,Tamil Nadu,experimental,True,12.9997,80.2063,41.7
IND.31.2.4_1,Mylapore Tiruvallikk,True,Chennai,Tamil Nadu,experimental,True,13.0089,80.256,43.1
IND.31.2.5_1,Perambur Purasavakam,True,Chennai,Tamil Nadu,experimental,True,13.0927,80.2176,34.6
IND.31.3.1_1,Coimbatore,True,Coimbatore,Tamil Nadu,experimental,True,11.0133,76.865,1341.6
IND.31.3.2_1,Mettuppalaiyam,True,Coimbatore,Tamil Nadu,experimental,True,11.2537,76.8781,632.0
IND.31.3.3_1,Pollachi,True,Coimbatore,Tamil Nadu,experimental,True,10.5437,76.9455,1845.2
IND.31.4.1_1,Chidambaram,True,Cuddalore,Tamil Nadu,experimental,True,11.4318,79.633,630.5
IND.31.4.2_1,Cuddalore,True,Cuddalore,Tamil Nadu,experimental,True,11.6732,79.5992,1254.2
IND.31.4.4_1,Vriddhachalam,True,Cuddalore,Tamil Nadu,experimental,True,11.5103,79.2093,1480.8
IND.31.4.3_1,n.a. ( 2161),False,Cuddalore,Tamil Nadu,experimental,True,11.2937,79.5742,449.8
IND.31.5.1_1,Dharmapuri,True,Dharmapuri,Tamil Nadu,experimental,True,12.0482,78.1102,811.6
IND.31.5.2_1,Harur,True,Dharmapuri,Tamil Nadu,experimental,True,12.0123,78.4667,1847.1
IND.31.5.3_1,Palakkodu,True,Dharmapuri,Tamil Nadu,experimental,True,12.3268,78.052,733.4
IND.31.5.4_1,Pennagaram,True,Dharmapuri,Tamil Nadu,experimental,True,12.0992,77.8548,1120.7
IND.31.6.1_1,Dindigul,True,Dindigul,Tamil Nadu,experimental,True,10.3182,77.9434,1388.9
IND.31.6.2_1,Kodaikkanal,True,Dindigul,Tamil Nadu,experimental,True,10.2645,77.4972,1030.3
IND.31.6.3_1,Nattam,True,Dindigul,Tamil Nadu,experimental,True,10.2537,78.2353,577.3
IND.31.6.4_1,Nilakkottai,True,Dindigul,Tamil Nadu,experimental,True,10.1397,77.8147,487.2
IND.31.6.5_1,Palani,True,Dindigul,Tamil Nadu,experimental,True,10.5294,77.6288,1529.5
IND.31.6.6_1,Vedasandur,True,Dindigul,Tamil Nadu,experimental,True,10.5905,77.9918,1043.7
IND.31.7.1_1,Bhavani,True,Erode,Tamil Nadu,experimental,True,11.6525,77.5613,1488.2
IND.31.7.2_1,Erode,True,Erode,Tamil Nadu,experimental,True,11.2298,77.7554,757.5
IND.31.7.3_1,Gopichettipalaiyam,True,Erode,Tamil Nadu,experimental,True,11.4084,77.3677,693.0
IND.31.7.4_1,Perundurai,True,Erode,Tamil Nadu,experimental,True,11.2467,77.5177,795.1
IND.31.7.5_1,Satyamangalam,True,Erode,Tamil Nadu,experimental,True,11.5529,77.1596,2238.1
IND.31.8.1_1,Chengalpattu,True,Kancheepuram,Tamil Nadu,experimental,True,12.7319,80.0752,1419.6
IND.31.8.2_1,Cheyyur,True,Kancheepuram,Tamil Nadu,experimental,True,12.3636,79.8243,585.2
IND.31.8.3_1,Kanchipuram,True,Kancheepuram,Tamil Nadu,experimental,True,12.8335,79.7244,640.0
IND.31.8.4_1,Madurantakam,True,Kancheepuram,Tamil Nadu,experimental,True,12.4953,79.86,772.8
IND.31.8.5_1,Sriperumbudur,True,Kancheepuram,Tamil Nadu,experimental,True,12.9498,79.9973,809.2
IND.31.8.6_1,Uttiramerur,True,Kancheepuram,Tamil Nadu,experimental,True,12.6339,79.7692,429.0
IND.31.9.1_1,Bhutapandi,True,Kanniyakumari,Tamil Nadu,experimental,True,8.3282,77.4521,374.2
IND.31.9.2_1,Kuzhittura,True,Kanniyakumari,Tamil Nadu,experimental,True,8.3843,77.2013,361.6
IND.31.9.3_1,Nagercoil,True,Kanniyakumari,Tamil Nadu,experimental,True,8.1515,77.43,254.8
IND.31.9.4_1,Takkalai,True,Kanniyakumari,Tamil Nadu,experimental,True,8.3361,77.3084,600.3
IND.31.10.1_1,Karur,True,Karur,Tamil Nadu,experimental,True,10.8503,77.989,1587.5
IND.31.10.2_1,Kulittalai,True,Karur,Tamil Nadu,experimental,True,10.7448,78.3468,1301.6
IND.31.11.1_1,Denkanikota,True,Krishnagiri,Tamil Nadu,experimental,True,12.4153,77.7867,1994.9
IND.31.11.2_1,Hosur,True,Krishnagiri,Tamil Nadu,experimental,True,12.7107,77.9108,955.2
IND.31.11.3_1,Krishnagiri,True,Krishnagiri,Tamil Nadu,experimental,True,12.5254,78.2338,1526.5
IND.31.11.4_1,Uttangarai,True,Krishnagiri,Tamil Nadu,experimental,True,12.2851,78.4973,658.1
IND.31.12.1_1,Madurai,True,Madurai,Tamil Nadu,experimental,True,9.858,78.07,303.1
IND.31.12.2_1,Melur,True,Madurai,Tamil Nadu,experimental,True,10.0733,78.339,679.7
IND.31.12.4_1,Tirumangalam,True,Madurai,Tamil Nadu,experimental,True,9.7901,77.9157,826.1
IND.31.12.5_1,Usilampatti,True,Madurai,Tamil Nadu,experimental,True,9.8066,77.7254,1036.4
IND.31.12.6_1,Vadippatti,True,Madurai,Tamil Nadu,experimental,True,10.0669,78.0232,448.2
IND.31.12.3_1,n.a. ( 2237),False,Madurai,Tamil Nadu,experimental,True,9.9511,78.1427,394.1
IND.31.13.1_1,Mayuram,True,Nagappattinam,Tamil Nadu,experimental,True,11.0912,79.6009,409.2
IND.31.13.2_1,Nagappattinam,True,Nagappattinam,Tamil Nadu,experimental,True,10.721,79.8025,529.2
IND.31.13.3_1,Sirkazhi,True,Nagappattinam,Tamil Nadu,experimental,True,11.2546,79.7374,509.4
IND.31.13.4_1,Tarangambadi,True,Nagappattinam,Tamil Nadu,experimental,True,11.0731,79.7768,347.3
IND.31.13.5_1,Tirutturaippundi,True,Nagappattinam,Tamil Nadu,experimental,True,10.4249,79.7571,609.1
IND.31.14.1_1,Namakkal,True,Namakkal,Tamil Nadu,experimental,True,11.2085,78.1325,1768.6
IND.31.14.2_1,Rasipuram,True,Namakkal,Tamil Nadu,experimental,True,11.4485,78.2584,814.1
IND.31.14.3_1,Tiruchengodu,True,Namakkal,Tamil Nadu,experimental,True,11.3747,77.891,818.0
IND.31.15.1_1,Perambalur,True,Perambalur,Tamil Nadu,experimental,True,11.2739,78.916,1752.1
IND.31.16.1_1,Alangudi,True,Pudukkottai,Tamil Nadu,experimental,True,10.3932,79.0161,649.5
IND.31.16.2_1,Arantangi,True,Pudukkottai,Tamil Nadu,experimental,True,10.066,79.1177,1111.9
IND.31.16.3_1,Kulattur,True,Pudukkottai,Tamil Nadu,experimental,True,10.5243,78.6932,1330.9
IND.31.16.5_1,Pudukkottai,True,Pudukkottai,Tamil Nadu,experimental,True,10.5114,79.0012,653.5
IND.31.16.6_1,Tirumayam,True,Pudukkottai,Tamil Nadu,experimental,True,10.2691,78.7236,881.3
IND.31.16.4_1,n.a. ( 2236),False,Pudukkottai,Tamil Nadu,experimental,True,10.0318,78.9518,63.1
IND.31.17.1_1,Kamudi,True,Ramanathapuram,Tamil Nadu,experimental,True,9.3525,78.371,561.8
IND.31.17.2_1,Mudukulattur,True,Ramanathapuram,Tamil Nadu,experimental,True,9.2842,78.5409,1029.3
IND.31.17.3_1,Paramakkudi,True,Ramanathapuram,Tamil Nadu,experimental,True,9.4652,78.6714,762.8
IND.31.17.4_1,Ramanathapuram,True,Ramanathapuram,Tamil Nadu,experimental,True,9.3708,78.8577,809.8
IND.31.17.5_1,Rameswaram,True,Ramanathapuram,Tamil Nadu,experimental,True,9.2433,79.326,94.5
IND.31.17.6_1,Tiruvadanai,True,Ramanathapuram,Tamil Nadu,experimental,True,9.7229,78.9131,1002.6
IND.31.18.1_1,Attur,True,Salem,Tamil Nadu,experimental,True,11.5766,78.6176,1673.9
IND.31.18.2_1,Mettur,True,Salem,Tamil Nadu,experimental,True,11.7812,77.853,778.5
IND.31.18.3_1,Omalur,True,Salem,Tamil Nadu,experimental,True,11.7875,78.0571,665.7
IND.31.18.4_1,Salem,True,Salem,Tamil Nadu,experimental,True,11.7123,78.2645,1352.5
IND.31.18.5_1,Sankari,True,Salem,Tamil Nadu,experimental,True,11.5592,77.8665,739.8
IND.31.19.1_1,Devakottai,True,Sivaganga,Tamil Nadu,experimental,True,9.8771,78.8043,464.4
IND.31.19.2_1,Ilaiyankudi,True,Sivaganga,Tamil Nadu,experimental,True,9.605,78.6616,412.4
IND.31.19.3_1,Karaikkudi,True,Sivaganga,Tamil Nadu,experimental,True,10.0311,78.7416,595.7
IND.31.19.4_1,Manamadurai,True,Sivaganga,Tamil Nadu,experimental,True,9.7159,78.3775,599.7
IND.31.19.5_1,Sivaganga,True,Sivaganga,Tamil Nadu,experimental,True,9.8318,78.5086,1107.7
IND.31.19.6_1,Tiruppattur,True,Sivaganga,Tamil Nadu,experimental,True,10.1915,78.5759,886.3
IND.31.20.1_1,Kumbakonam,True,Thanjavur,Tamil Nadu,experimental,True,10.972,79.3614,222.4
IND.31.20.2_1,Orattanadu,True,Thanjavur,Tamil Nadu,experimental,True,10.5661,79.2508,598.5
IND.31.20.3_1,Papanasam,True,Thanjavur,Tamil Nadu,experimental,True,10.8523,79.2281,368.9
IND.31.20.4_1,Pattukkottai,True,Thanjavur,Tamil Nadu,experimental,True,10.3957,79.329,695.5
IND.31.20.5_1,Peravurani,True,Thanjavur,Tamil Nadu,experimental,True,10.2325,79.1836,300.1
IND.31.20.6_1,Thanjavur,True,Thanjavur,Tamil Nadu,experimental,True,10.7594,79.0192,878.7
IND.31.20.7_1,Tiruvidaimarudur,True,Thanjavur,Tamil Nadu,experimental,True,11.0052,79.4637,327.1
IND.31.21.1_1,Coonoor,True,The Nilgiris,Tamil Nadu,experimental,True,11.3094,76.7657,222.4
IND.31.21.2_1,Gudalur,True,The Nilgiris,Tamil Nadu,experimental,True,11.5373,76.3967,727.4
IND.31.21.3_1,Kotagiri,True,The Nilgiris,Tamil Nadu,experimental,True,11.4602,76.9104,405.2
IND.31.21.4_1,Udagamandalam,True,The Nilgiris,Tamil Nadu,experimental,True,11.3954,76.635,1191.3
IND.31.22.1_1,Periyakulam,True,Theni,Tamil Nadu,experimental,True,9.857,77.5362,1499.8
IND.31.22.2_1,Uttamapalaiyam,True,Theni,Tamil Nadu,experimental,True,9.8554,77.2951,1345.4
IND.31.23.1_1,Gummidipundi,True,Thiruvallur,Tamil Nadu,experimental,True,13.4193,80.0716,440.6
IND.31.23.8_1,Pallippattu,True,Thiruvallur,Tamil Nadu,experimental,True,13.1861,79.4549,368.3
IND.31.23.9_1,Ponneri,True,Thiruvallur,Tamil Nadu,experimental,True,13.3245,80.2508,638.3
IND.31.23.10_1,Saidapet,True,Thiruvallur,Tamil Nadu,experimental,True,13.1231,80.1539,309.6
IND.31.23.11_1,Tiruttani,True,Thiruvallur,Tamil Nadu,experimental,True,13.1448,79.541,448.5
IND.31.23.12_1,Tiruvallur,True,Thiruvallur,Tamil Nadu,experimental,True,13.1177,79.9026,669.0
IND.31.23.13_1,Uttukkottai,True,Thiruvallur,Tamil Nadu,experimental,True,13.2723,79.9526,359.9
IND.31.23.2_1,n.a. ( 1971),False,Thiruvallur,Tamil Nadu,experimental,True,13.4974,80.2874,21.0
IND.31.23.3_1,n.a. ( 2010),False,Thiruvallur,Tamil Nadu,experimental,True,13.4433,80.2684,50.9
IND.31.23.4_1,n.a. ( 2012),False,Thiruvallur,Tamil Nadu,experimental,True,13.5099,80.2672,0.4
IND.31.23.5_1,n.a. ( 2015),False,Thiruvallur,Tamil Nadu,experimental,True,13.4925,80.2321,0.2
IND.31.23.6_1,n.a. ( 2016),False,Thiruvallur,Tamil Nadu,experimental,True,13.4922,80.2262,0.1
IND.31.23.7_1,n.a. ( 2020),False,Thiruvallur,Tamil Nadu,experimental,True,13.4539,80.2792,0.3
IND.31.24.1_1,Mannargudi,True,Thiruvarur,Tamil Nadu,experimental,True,10.5891,79.5131,1611.1
IND.31.24.2_1,Nannilam,True,Thiruvarur,Tamil Nadu,experimental,True,10.8592,79.559,588.9
IND.31.24.3_1,Thiruvarur,True,Thiruvarur,Tamil Nadu,experimental,True,10.7174,79.673,315.2
IND.31.25.1_1,Kovilpatti,True,Thoothukkudi,Tamil Nadu,experimental,True,9.0573,77.8634,954.6
IND.31.25.2_1,Ottapidaram,True,Thoothukkudi,Tamil Nadu,experimental,True,8.9175,77.9951,774.5
IND.31.25.3_1,Sattankulam,True,Thoothukkudi,Tamil Nadu,experimental,True,8.4273,77.8874,352.9
IND.31.25.4_1,Srivaikuntam,True,Thoothukkudi,Tamil Nadu,experimental,True,8.6839,77.882,606.9
IND.31.25.5_1,Tiruchchendur,True,Thoothukkudi,Tamil Nadu,experimental,True,8.4907,78.0437,527.0
IND.31.25.6_1,Tuticorin,True,Thoothukkudi,Tamil Nadu,experimental,True,8.7442,78.0538,383.0
IND.31.25.7_1,Vilattikulam,True,Thoothukkudi,Tamil Nadu,experimental,True,9.1527,78.1336,1113.7
IND.31.26.1_1,Lalgudi,True,Tiruchirappalli,Tamil Nadu,experimental,True,10.9653,78.8103,970.7
IND.31.26.2_1,Manapparai,True,Tiruchirappalli,Tamil Nadu,experimental,True,10.5076,78.3186,1088.7
IND.31.26.3_1,Musiri,True,Tiruchirappalli,Tamil Nadu,experimental,True,11.0342,78.4309,745.1
IND.31.26.4_1,Tiruchchirappalli,True,Tiruchirappalli,Tamil Nadu,experimental,True,10.7675,78.7061,700.8
IND.31.26.5_1,Turaiyur,True,Tiruchirappalli,Tamil Nadu,experimental,True,11.1633,78.5601,999.0
IND.31.27.1_1,Ambasamudram,True,Tirunelveli,Tamil Nadu,experimental,True,8.6963,77.3627,1275.2
IND.31.27.2_1,Nanguneri,True,Tirunelveli,Tamil Nadu,experimental,True,8.4862,77.6191,939.0
IND.31.27.3_1,Palayankottai,True,Tirunelveli,Tamil Nadu,experimental,True,8.7063,77.7383,299.9
IND.31.27.4_1,Radhapuram,True,Tirunelveli,Tamil Nadu,experimental,True,8.2817,77.7166,878.0
IND.31.27.5_1,Sankarankovil,True,Tirunelveli,Tamil Nadu,experimental,True,9.1358,77.5672,1090.5
IND.31.27.6_1,Sengottai,True,Tirunelveli,Tamil Nadu,experimental,True,9.0125,77.1704,102.8
IND.31.27.7_1,Sivagiri,True,Tirunelveli,Tamil Nadu,experimental,True,9.2628,77.3641,532.2
IND.31.27.8_1,Tenkasi,True,Tirunelveli,Tamil Nadu,experimental,True,8.9912,77.3995,1093.9
IND.31.27.9_1,Tirunelveli,True,Tirunelveli,Tamil Nadu,experimental,True,8.8054,77.6728,558.8
IND.31.28.1_1,Avanashi,True,Tiruppur,Tamil Nadu,experimental,True,11.2175,77.1639,655.4
IND.31.28.2_1,Dharapuram,True,Tiruppur,Tamil Nadu,experimental,True,10.8543,77.5482,2203.4
IND.31.28.3_1,Tiruppur,True,Tiruppur,Tamil Nadu,experimental,True,11.0417,77.2564,1502.0
IND.31.28.4_1,Udumalaippettai,True,Tiruppur,Tamil Nadu,experimental,True,10.509,77.227,1429.6
IND.31.29.1_1,Arani,True,Tiruvannamalai,Tamil Nadu,experimental,True,12.6406,79.2597,414.4
IND.31.29.2_1,Chengam,True,Tiruvannamalai,Tamil Nadu,experimental,True,12.2697,78.8356,1693.9
IND.31.29.3_1,Polur,True,Tiruvannamalai,Tamil Nadu,experimental,True,12.5531,79.0588,1382.6
IND.31.29.4_1,Tiruvannamalai,True,Tiruvannamalai,Tamil Nadu,experimental,True,12.2129,79.1026,961.8
IND.31.29.5_1,Tiruvettipuram,True,Tiruvannamalai,Tamil Nadu,experimental,True,12.6938,79.5904,855.9
IND.31.29.6_1,Vandavasi,True,Tiruvannamalai,Tamil Nadu,experimental,True,12.465,79.5384,875.0
IND.31.30.1_1,Arakkonam,True,Vellore,Tamil Nadu,experimental,True,13.0213,79.596,840.9
IND.31.30.2_1,Arcot,True,Vellore,Tamil Nadu,experimental,True,12.7602,79.3689,520.9
IND.31.30.3_1,Gudiyattam,True,Vellore,Tamil Nadu,experimental,True,12.9495,78.9449,1131.2
IND.31.30.4_1,Tiruppattur,True,Vellore,Tamil Nadu,experimental,True,12.4404,78.5439,1000.0
IND.31.30.5_1,Vaniyambadi,True,Vellore,Tamil Nadu,experimental,True,12.6679,78.6255,983.1
IND.31.30.6_1,Vellore,True,Vellore,Tamil Nadu,experimental,True,12.7817,78.9901,979.7
IND.31.30.7_1,Walajapet,True,Vellore,Tamil Nadu,experimental,True,12.9925,79.3601,611.7
IND.31.31.1_1,Gingee,True,Viluppuram,Tamil Nadu,experimental,True,12.249,79.3731,1066.4
IND.31.31.2_1,Kallakkurichchi,True,Viluppuram,Tamil Nadu,experimental,True,11.7694,78.8778,2260.3
IND.31.31.3_1,Tindivanam,True,Viluppuram,Tamil Nadu,experimental,True,12.1339,79.7171,1483.8
IND.31.31.4_1,Tirukkoyilur,True,Viluppuram,Tamil Nadu,experimental,True,11.8275,79.2887,1510.1
IND.31.31.5_1,Viluppuram,True,Viluppuram,Tamil Nadu,experimental,True,11.9587,79.5237,973.2
IND.31.32.1_1,Aruppukottai,True,Virudunagar,Tamil Nadu,experimental,True,9.5115,78.0954,1080.9
IND.31.32.2_1,Rajapalaiyam,True,Virudunagar,Tamil Nadu,experimental,True,9.4091,77.478,497.4
IND.31.32.3_1,Sattur,True,Virudunagar,Tamil Nadu,experimental,True,9.3526,77.8381,930.6
IND.31.32.4_1,Srivilliputtur,True,Virudunagar,Tamil Nadu,experimental,True,9.5505,77.5939,648.8
IND.31.32.5_1,Tiruchuli,True,Virudunagar,Tamil Nadu,experimental,True,9.5911,78.3125,552.9
IND.31.32.6_1,Virudunagar,True,Virudunagar,Tamil Nadu,experimental,True,9.5087,77.8662,578.7
IND.32.1.1_1,Adilabad,True,Adilabad,Telangana,experimental,False,19.722,78.6009,1472.6
IND.32.1.2_1,Asifabad,True,Adilabad,Telangana,experimental,False,19.322,79.2765,2125.5
IND.32.1.3_1,Boath,True,Adilabad,Telangana,experimental,False,19.3808,78.37,1294.6
IND.32.1.4_1,Chinnur,True,Adilabad,Telangana,experimental,False,18.9488,79.7178,1772.8
IND.32.1.5_1,Khanapur,True,Adilabad,Telangana,experimental,False,19.1509,78.749,1208.2
IND.32.1.6_1,Laxettipet,True,Adilabad,Telangana,experimental,False,19.0162,79.3134,1576.5
IND.32.1.7_1,Mudhol,True,Adilabad,Telangana,experimental,False,19.0921,77.973,1143.2
IND.32.1.8_1,Nirmal,True,Adilabad,Telangana,experimental,False,19.1249,78.3284,1611.4
IND.32.1.9_1,Sirpur,True,Adilabad,Telangana,experimental,False,19.3422,79.7066,2112.7
IND.32.1.10_1,Utnur,True,Adilabad,Telangana,experimental,False,19.4397,78.8056,1726.4
IND.32.2.1_1,Hyderabad,True,Hyderabad,Telangana,experimental,False,17.3754,78.4541,178.0
IND.32.3.1_1,Huzurabad,True,Karimnagar,Telangana,experimental,False,18.233,79.427,1395.7
IND.32.3.2_1,Jagtial,True,Karimnagar,Telangana,experimental,False,18.8238,79.0094,1630.3
IND.32.3.3_1,Karimnagar,True,Karimnagar,Telangana,experimental,False,18.3317,79.1491,1873.0
IND.32.3.4_1,Manthani,True,Karimnagar,Telangana,experimental,False,18.6107,79.9697,2175.6
IND.32.3.5_1,Metpalli,True,Karimnagar,Telangana,experimental,False,18.8213,78.6887,1008.3
IND.32.3.6_1,Sirsilla,True,Karimnagar,Telangana,experimental,False,18.4319,78.7653,1899.4
IND.32.3.7_1,Sultanabad,True,Karimnagar,Telangana,experimental,False,18.6262,79.4002,1917.9
IND.32.4.1_1,Bhadrachalam,True,Khammam,Telangana,experimental,False,17.7002,81.2277,2423.8
IND.32.4.2_1,Borgampad,True,Khammam,Telangana,experimental,False,17.7606,80.71,2281.2
IND.32.4.3_1,Khammam,True,Khammam,Telangana,experimental,False,17.1818,80.1022,1754.4
IND.32.4.4_1,Kottagudem,True,Khammam,Telangana,experimental,False,17.474,80.8329,2857.4
IND.32.4.5_1,Madhira,True,Khammam,Telangana,experimental,False,17.0435,80.2965,1829.6
IND.32.4.6_1,Venkatapuram,True,Khammam,Telangana,experimental,False,18.2764,80.6273,1726.9
IND.32.4.7_1,Yellandu,True,Khammam,Telangana,experimental,False,17.6997,80.2911,3226.8
IND.32.5.1_1,Achampet,True,Mahbubnagar,Telangana,experimental,False,16.2829,78.8593,2911.1
IND.32.5.2_1,Alampur,True,Mahbubnagar,Telangana,experimental,False,16.0025,77.925,1155.6
IND.32.5.3_1,Atamkur,True,Mahbubnagar,Telangana,experimental,False,16.4623,77.7327,1085.2
IND.32.5.4_1,Farooq Nagar,True,Mahbubnagar,Telangana,experimental,False,17.0136,78.176,1355.9
IND.32.5.5_1,Gadwal,True,Mahbubnagar,Telangana,experimental,False,16.1284,77.6518,1432.4
IND.32.5.6_1,Kalwakurti,True,Mahbubnagar,Telangana,experimental,False,16.7495,78.502,2106.4
IND.32.5.7_1,Kolhapur,True,Mahbubnagar,Telangana,experimental,False,16.1393,78.3232,1618.8
IND.32.5.8_1,Korangal,True,Mahbubnagar,Telangana,experimental,False,16.9768,77.6184,1330.4
IND.32.5.9_1,Mahbubnagar,True,Mahbubnagar,Telangana,experimental,False,16.7337,77.9646,1223.3
IND.32.5.10_1,Makhtal,True,Mahbubnagar,Telangana,experimental,False,16.5785,77.5555,1328.2
IND.32.5.11_1,Nagar Karnul,True,Mahbubnagar,Telangana,experimental,False,16.513,78.2849,1484.8
IND.32.5.12_1,Wanparthy,True,Mahbubnagar,Telangana,experimental,False,16.3354,77.9741,1341.2
IND.32.6.1_1,Gajwel,True,Medak,Telangana,experimental,False,17.8408,78.6503,1126.1
IND.32.6.2_1,Jogipet,True,Medak,Telangana,experimental,False,17.8787,77.9457,1282.8
IND.32.6.3_1,Medak,True,Medak,Telangana,experimental,False,18.0233,78.3944,1338.9
IND.32.6.4_1,Narayankher,True,Medak,Telangana,experimental,False,18.0786,77.7365,998.3
IND.32.6.5_1,Narsapur,True,Medak,Telangana,experimental,False,17.7336,78.2748,1008.0
IND.32.6.6_1,Sangareddi,True,Medak,Telangana,experimental,False,17.615,78.0464,1120.5
IND.32.6.7_1,Siddipet,True,Medak,Telangana,experimental,False,18.0642,78.8516,1578.4
IND.32.6.8_1,Zahirabad,True,Medak,Telangana,experimental,False,17.7303,77.6676,1304.3
IND.32.7.1_1,Bhongir,True,Nalgonda,Telangana,experimental,False,17.5589,78.9109,1529.1
IND.32.7.2_1,Devarkonda,True,Nalgonda,Telangana,experimental,False,16.7104,78.9666,2803.1
IND.32.7.3_1,Huzurnagar,True,Nalgonda,Telangana,experimental,False,16.9028,79.814,1791.6
IND.32.7.4_1,Mirialguda,True,Nalgonda,Telangana,experimental,False,16.8185,79.4305,2021.0
IND.32.7.5_1,Nalgonda,True,Nalgonda,Telangana,experimental,False,17.1265,79.1795,2483.0
IND.32.7.6_1,Ramannapet,True,Nalgonda,Telangana,experimental,False,17.3903,79.1659,1704.4
IND.32.7.7_1,Suriapet,True,Nalgonda,Telangana,experimental,False,17.2373,79.698,1761.8
IND.32.8.1_1,Armur,True,Nizamabad,Telangana,experimental,False,18.7135,78.4327,1946.7
IND.32.8.2_1,Banswada,True,Nizamabad,Telangana,experimental,False,18.3326,77.8587,984.5
IND.32.8.3_1,Bodhan,True,Nizamabad,Telangana,experimental,False,18.6632,77.8793,772.8
IND.32.8.4_1,Kamareddy,True,Nizamabad,Telangana,experimental,False,18.3071,78.3634,1210.1
IND.32.8.5_1,Madnur,True,Nizamabad,Telangana,experimental,False,18.3944,77.6693,691.7
IND.32.8.6_1,Nizamabad,True,Nizamabad,Telangana,experimental,False,18.69,78.1282,1364.6
IND.32.8.7_1,Yellareddi,True,Nizamabad,Telangana,experimental,False,18.291,78.0711,937.4
IND.32.9.1_1,Chevella,True,Ranga Reddy,Telangana,experimental,False,17.3079,78.1714,887.7
IND.32.9.2_1,Ibrahimpatan,True,Ranga Reddy,Telangana,experimental,False,17.0982,78.5829,1427.5
IND.32.9.3_1,Medchal,True,Ranga Reddy,Telangana,experimental,False,17.5762,78.5238,771.5
IND.32.9.5_1,Pargi,True,Ranga Reddy,Telangana,experimental,False,17.0733,77.8508,1049.6
IND.32.9.6_1,Tandur,True,Ranga Reddy,Telangana,experimental,False,17.3012,77.5761,916.2
IND.32.9.7_1,Vikarabad,True,Ranga Reddy,Telangana,experimental,False,17.4227,77.8606,1288.0
IND.32.9.4_1,n.a. ( 1728),False,Ranga Reddy,Telangana,experimental,False,17.3382,78.6363,1207.8
IND.32.10.1_1,Hanmakonda,True,Warangal,Telangana,experimental,False,17.8765,79.4999,2266.1
IND.32.10.2_1,Jangaon,True,Warangal,Telangana,experimental,False,17.7584,79.2002,2195.9
IND.32.10.3_1,Mulug,True,Warangal,Telangana,experimental,False,18.2873,80.1572,3107.4
IND.32.10.5_1,Narsampet,True,Warangal,Telangana,experimental,False,17.8963,80.0274,2153.0
IND.32.10.6_1,Parkal,True,Warangal,Telangana,experimental,False,18.2739,79.7063,1307.5
IND.32.10.4_1,n.a. ( 1711),False,Warangal,Telangana,experimental,False,17.5236,79.8291,1779.0
IND.33.1.1_1,Kailashahar,True,Dhalai,Tripura,low,False,23.8779,92.0513,841.4
IND.33.1.2_1,Kamalpur,True,Dhalai,Tripura,low,False,23.8325,91.8693,1591.4
IND.33.2.1_1,Amarpur,True,Gomati,Tripura,low,False,23.4262,91.7156,814.8
IND.33.2.2_1,Udaipur,True,Gomati,Tripura,low,False,23.5481,91.5172,595.8
IND.33.3.1_1,Khowai,True,Khowai,Tripura,low,False,23.9508,91.6394,1034.5
IND.33.4.1_1,Dharmanagar,True,North Tripura,Tripura,low,False,24.0914,92.253,1319.8
IND.33.5.1_1,Sonamura,True,Sipahijala,Tripura,low,False,23.525,91.3146,1024.0
IND.33.6.1_1,Belonia,True,South Tripura,Tripura,low,False,23.2414,91.6011,1023.0
IND.33.6.2_1,Sabrum,True,South Tripura,Tripura,low,False,23.1149,91.6885,501.5
IND.33.7.1_1,n.a. ( 837),False,Unokoti,Tripura,low,False,24.1878,92.0631,774.4
IND.33.8.1_1,Agartala,True,West Tripura,Tripura,low,False,23.9029,91.3899,1015.5
IND.34.1.1_1,Agra,True,Agra,Uttar Pradesh,validated,False,27.1737,78.0325,539.9
IND.34.1.2_1,Bah,True,Agra,Uttar Pradesh,validated,False,26.878,78.4913,879.6
IND.34.1.3_1,Fatehabad,True,Agra,Uttar Pradesh,validated,False,27.0307,78.1966,608.9
IND.34.1.4_1,Khairagarh,True,Agra,Uttar Pradesh,validated,False,26.908,77.6074,796.5
IND.34.1.5_1,Kiraoli,True,Agra,Uttar Pradesh,validated,False,27.1511,77.7267,701.5
IND.34.2.1_1,Aligarh,True,Aligarh,Uttar Pradesh,validated,False,27.9509,78.0923,958.0
IND.34.2.2_1,Atrauli,True,Aligarh,Uttar Pradesh,validated,False,27.9805,78.3931,925.7
IND.34.2.3_1,Iglas,True,Aligarh,Uttar Pradesh,validated,False,27.7448,77.8969,545.9
IND.34.2.4_1,Khair,True,Aligarh,Uttar Pradesh,validated,False,28.014,77.7522,1003.3
IND.34.2.5_1,Sikandra Rao,True,Aligarh,Uttar Pradesh,validated,False,27.7739,78.285,432.4
IND.34.3.1_1,Handia,True,Allahabad,Uttar Pradesh,validated,False,25.4374,82.1859,754.1
IND.34.3.2_1,Karchana,True,Allahabad,Uttar Pradesh,validated,False,25.232,81.7727,1309.5
IND.34.3.3_1,Meja,True,Allahabad,Uttar Pradesh,validated,False,25.064,82.0345,1675.2
IND.34.3.4_1,Phulpur,True,Allahabad,Uttar Pradesh,validated,False,25.5344,82.0186,728.8
IND.34.3.5_1,Soraon,True,Allahabad,Uttar Pradesh,validated,False,25.6149,81.758,680.4
IND.34.4.1_1,Akbarpur,True,Ambedkar Nagar,Uttar Pradesh,validated,False,26.3727,82.5992,1395.1
IND.34.4.2_1,Tanda,True,Ambedkar Nagar,Uttar Pradesh,validated,False,26.4688,82.8466,929.7
IND.34.5.1_1,Amethi,True,Amethi,Uttar Pradesh,validated,False,26.161,81.8724,588.2
IND.34.5.2_1,Gauriganj,True,Amethi,Uttar Pradesh,validated,False,26.264,81.6934,570.8
IND.34.5.3_1,Maharajganj,True,Amethi,Uttar Pradesh,validated,False,26.4418,81.4551,483.6
IND.34.5.4_1,Musafirkhana,True,Amethi,Uttar Pradesh,validated,False,26.4958,81.7264,798.6
IND.34.5.5_1,Salon,True,Amethi,Uttar Pradesh,validated,False,26.12,81.4405,866.1
IND.34.6.1_1,Amroha,True,Amroha,Uttar Pradesh,validated,False,28.9769,78.4895,1003.7
IND.34.6.2_1,Hasanpur,True,Amroha,Uttar Pradesh,validated,False,28.7506,78.266,1513.4
IND.34.7.1_1,Auraiya,True,Auraiya,Uttar Pradesh,validated,False,26.5292,79.3983,1071.2
IND.34.7.2_1,Bidhuna,True,Auraiya,Uttar Pradesh,validated,False,26.775,79.5283,1107.4
IND.34.8.1_1,Azamgarh,True,Azamgarh,Uttar Pradesh,validated,False,26.0432,83.0418,828.2
IND.34.8.2_1,Katghar,True,Azamgarh,Uttar Pradesh,validated,False,25.7954,83.0531,997.3
IND.34.8.3_1,Phulpur,True,Azamgarh,Uttar Pradesh,validated,False,26.1292,82.7798,1151.4
IND.34.8.4_1,Sagri,True,Azamgarh,Uttar Pradesh,validated,False,26.2408,83.261,919.7
IND.34.9.1_1,Baghpat,True,Baghpat,Uttar Pradesh,validated,False,29.0392,77.3085,1332.4
IND.34.10.1_1,Kaisarganj,True,Bahraich,Uttar Pradesh,validated,False,27.4152,81.5263,1748.2
IND.34.10.2_1,Nanpara,True,Bahraich,Uttar Pradesh,validated,False,28.0326,81.3741,1938.9
IND.34.11.1_1,Ballia,True,Ballia,Uttar Pradesh,validated,False,25.7449,84.1391,1144.6
IND.34.11.2_1,Bansdih,True,Ballia,Uttar Pradesh,validated,False,25.959,84.1191,965.5
IND.34.11.3_1,Rasra,True,Ballia,Uttar Pradesh,validated,False,25.9715,83.8644,897.9
IND.34.12.1_1,Balrampur,True,Balrampur,Uttar Pradesh,validated,False,27.4485,82.3962,3367.2
IND.34.13.1_1,Baberu,True,Banda,Uttar Pradesh,validated,False,25.5166,80.763,1565.7
IND.34.13.2_1,Banda,True,Banda,Uttar Pradesh,validated,False,25.6267,80.4455,1614.1
IND.34.13.3_1,Naraini,True,Banda,Uttar Pradesh,validated,False,25.2353,80.5706,1339.9
IND.34.14.1_1,Bara Banki,True,Barabanki,Uttar Pradesh,validated,False,26.9256,81.2011,904.9
IND.34.14.2_1,Fatehpur,True,Barabanki,Uttar Pradesh,validated,False,27.169,81.1781,1298.8
IND.34.14.3_1,Haidargarh,True,Barabanki,Uttar Pradesh,validated,False,26.689,81.3158,762.7
IND.34.14.4_1,Ramsanehighat,True,Barabanki,Uttar Pradesh,validated,False,26.8098,81.6149,1465.9
IND.34.15.1_1,Aonla,True,Bareilly,Uttar Pradesh,validated,False,28.3262,79.1833,774.2
IND.34.15.2_1,Baheri,True,Bareilly,Uttar Pradesh,validated,False,28.7335,79.4913,885.1
IND.34.15.3_1,Bareilly,True,Bareilly,Uttar Pradesh,validated,False,28.409,79.4006,1022.1
IND.34.15.4_1,Faritpur,True,Bareilly,Uttar Pradesh,validated,False,28.2034,79.5052,582.1
IND.34.15.5_1,Nawabganj,True,Bareilly,Uttar Pradesh,validated,False,28.4981,79.607,519.8
IND.34.16.1_1,Basti,True,Basti,Uttar Pradesh,validated,False,26.7809,82.7742,1232.0
IND.34.16.2_1,Haraiya,True,Basti,Uttar Pradesh,validated,False,26.8081,82.4128,1285.7
IND.34.17.1_1,Bijnor,True,Bijnor,Uttar Pradesh,validated,False,29.3349,78.1959,1193.1
IND.34.17.2_1,Dhampur,True,Bijnor,Uttar Pradesh,validated,False,29.228,78.4956,1132.4
IND.34.17.3_1,Nagina,True,Bijnor,Uttar Pradesh,validated,False,29.4776,78.5662,1160.2
IND.34.17.4_1,Najibabad,True,Bijnor,Uttar Pradesh,validated,False,29.6091,78.2721,828.6
IND.34.18.1_1,Bisauli,True,Budaun,Uttar Pradesh,validated,False,28.303,78.8599,940.8
IND.34.18.2_1,Budaun,True,Budaun,Uttar Pradesh,validated,False,28.0152,79.0771,1127.3
IND.34.18.3_1,Dataganj,True,Budaun,Uttar Pradesh,validated,False,27.9191,79.3183,1050.8
IND.34.18.4_1,Sahaswan,True,Budaun,Uttar Pradesh,validated,False,28.1224,78.8209,1090.0
IND.34.19.1_1,Anupshahr,True,Bulandshahr,Uttar Pradesh,validated,False,28.3531,78.2021,1130.1
IND.34.19.2_1,Bulandshahr,True,Bulandshahr,Uttar Pradesh,validated,False,28.398,77.8171,2448.8
IND.34.20.1_1,Chakia,True,Chandauli,Uttar Pradesh,validated,False,24.9417,83.2074,1237.6
IND.34.20.2_1,Chandauli,True,Chandauli,Uttar Pradesh,validated,False,25.3381,83.3422,1297.9
IND.34.21.1_1,Karwi,True,Chitrakoot,Uttar Pradesh,validated,False,25.2194,80.9663,2266.5
IND.34.21.2_1,Mau,True,Chitrakoot,Uttar Pradesh,validated,False,25.2379,81.3288,817.5
IND.34.22.1_1,Deoria,True,Deoria,Uttar Pradesh,validated,False,26.5524,83.8213,1268.7
IND.34.22.2_1,Salempur,True,Deoria,Uttar Pradesh,validated,False,26.2716,83.9009,1288.0
IND.34.23.1_1,Aliganj,True,Etah,Uttar Pradesh,validated,False,27.4942,79.0749,667.0
IND.34.23.2_1,Etah,True,Etah,Uttar Pradesh,validated,False,27.5661,78.6594,1246.8
IND.34.23.3_1,Jalesar,True,Etah,Uttar Pradesh,validated,False,27.4559,78.3379,587.0
IND.34.24.1_1,Bharthana,True,Etawah,Uttar Pradesh,validated,False,26.7431,79.2123,1065.3
IND.34.24.2_1,Etawah,True,Etawah,Uttar Pradesh,validated,False,26.8247,78.9928,1087.5
IND.34.25.1_1,Bikapur,True,Faizabad,Uttar Pradesh,validated,False,26.5635,82.0075,1192.3
IND.34.25.2_1,Faizabad,True,Faizabad,Uttar Pradesh,validated,False,26.6933,82.1777,907.2
IND.34.26.1_1,Fatehgarh,True,Farrukhabad,Uttar Pradesh,validated,False,27.4054,79.5346,1245.2
IND.34.26.2_1,Kaimganj,True,Farrukhabad,Uttar Pradesh,validated,False,27.5372,79.3827,939.2
IND.34.27.1_1,Bindki,True,Fatehpur,Uttar Pradesh,validated,False,26.0425,80.513,1304.0
IND.34.27.2_1,Fatehpur,True,Fatehpur,Uttar Pradesh,validated,False,25.8762,80.8275,1651.6
IND.34.27.3_1,Khaga,True,Fatehpur,Uttar Pradesh,validated,False,25.7243,81.0998,1221.2
IND.34.28.1_1,Etmadpur,True,Firozabad,Uttar Pradesh,validated,False,27.2473,78.1746,733.7
IND.34.28.2_1,Firozabad,True,Firozabad,Uttar Pradesh,validated,False,27.2532,78.3933,931.7
IND.34.28.3_1,Jasrana,True,Firozabad,Uttar Pradesh,validated,False,27.2332,78.5879,433.4
IND.34.28.4_1,Shikohabad,True,Firozabad,Uttar Pradesh,validated,False,27.043,78.6432,747.6
IND.34.29.1_1,Dadri,True,Gautam Buddha Nagar,Uttar Pradesh,validated,False,28.5626,77.4834,611.5
IND.34.29.2_1,Khurja,True,Gautam Buddha Nagar,Uttar Pradesh,validated,False,28.1827,77.6424,399.3
IND.34.29.3_1,Sikandarabad,True,Gautam Buddha Nagar,Uttar Pradesh,validated,False,28.3746,77.5694,375.4
IND.34.30.1_1,Ghaziabad,True,Ghaziabad,Uttar Pradesh,validated,False,28.7794,77.4518,872.4
IND.34.31.1_1,Ghazipur,True,Ghazipur,Uttar Pradesh,validated,False,25.6387,83.558,664.9
IND.34.31.2_1,Muhammadabad,True,Ghazipur,Uttar Pradesh,validated,False,25.7087,83.7829,814.6
IND.34.31.3_1,Saidpur,True,Ghazipur,Uttar Pradesh,validated,False,25.6585,83.3321,1135.5
IND.34.31.4_1,Zamania,True,Ghazipur,Uttar Pradesh,validated,False,25.4571,83.6629,771.0
IND.34.32.1_1,Gonda,True,Gonda,Uttar Pradesh,validated,False,27.2279,81.9434,1618.2
IND.34.32.2_1,Tarabganj,True,Gonda,Uttar Pradesh,validated,False,26.9783,81.9507,1679.2
IND.34.32.3_1,Utraula,True,Gonda,Uttar Pradesh,validated,False,27.0352,82.3597,710.6
IND.34.33.1_1,Bansgaon,True,Gorakhpur,Uttar Pradesh,validated,False,26.4704,83.281,1362.2
IND.34.33.2_1,Gorakhpur,True,Gorakhpur,Uttar Pradesh,validated,False,26.7468,83.3687,1704.5
IND.34.34.1_1,Hamirpur,True,Hamirpur,Uttar Pradesh,validated,False,25.9383,80.026,1081.2
IND.34.34.2_1,Maudaha,True,Hamirpur,Uttar Pradesh,validated,False,25.6576,79.9992,1567.5
IND.34.34.3_1,Rath,True,Hamirpur,Uttar Pradesh,validated,False,25.7092,79.5586,1614.1
IND.34.35.1_1,Garhmuktesar,True,Hapur,Uttar Pradesh,validated,False,28.7448,78.0343,423.4
IND.34.35.2_1,Hapur,True,Hapur,Uttar Pradesh,validated,False,28.7122,77.7712,679.8
IND.34.36.1_1,Bilgram,True,Hardoi,Uttar Pradesh,validated,False,27.1882,79.9595,1516.7
IND.34.36.2_1,Hardoi,True,Hardoi,Uttar Pradesh,validated,False,27.4055,80.135,1643.7
IND.34.36.3_1,Sandila,True,Hardoi,Uttar Pradesh,validated,False,27.129,80.5335,1452.0
IND.34.36.4_1,Shahabad,True,Hardoi,Uttar Pradesh,validated,False,27.5994,79.9496,1397.8
IND.34.37.1_1,Hathras,True,Hathras,Uttar Pradesh,validated,False,27.5583,78.0815,1620.9
IND.34.38.1_1,Jalaun,True,Jalaun,Uttar Pradesh,validated,False,26.2305,79.2868,1279.7
IND.34.38.2_1,Kalpi,True,Jalaun,Uttar Pradesh,validated,False,26.1164,79.6135,1261.2
IND.34.38.3_1,Konch,True,Jalaun,Uttar Pradesh,validated,False,26.0402,79.1047,1089.5
IND.34.38.4_1,Orai,True,Jalaun,Uttar Pradesh,validated,False,25.9534,79.4234,933.3
IND.34.39.1_1,Jaunpur,True,Jaunpur,Uttar Pradesh,validated,False,25.7722,82.631,723.3
IND.34.39.2_1,Kirakat,True,Jaunpur,Uttar Pradesh,validated,False,25.6511,82.8895,631.3
IND.34.39.3_1,Machhlishahr,True,Jaunpur,Uttar Pradesh,validated,False,25.7155,82.3068,926.9
IND.34.39.4_1,Mariahu,True,Jaunpur,Uttar Pradesh,validated,False,25.5632,82.5608,828.5
IND.34.39.5_1,Shahganj,True,Jaunpur,Uttar Pradesh,validated,False,26.0183,82.6119,925.9
IND.34.40.1_1,Garautha,True,Jhansi,Uttar Pradesh,validated,False,25.606,79.2087,1554.7
IND.34.40.2_1,Jhansi,True,Jhansi,Uttar Pradesh,validated,False,25.3624,78.4164,1197.7
IND.34.40.3_1,Mau Ranipur,True,Jhansi,Uttar Pradesh,validated,False,25.3017,79.11,1148.5
IND.34.40.4_1,Moth,True,Jhansi,Uttar Pradesh,validated,False,25.6898,78.9027,1164.9
IND.34.41.1_1,Chhibramau,True,Kannauj,Uttar Pradesh,validated,False,27.0504,79.5617,1085.1
IND.34.41.2_1,Kannauj,True,Kannauj,Uttar Pradesh,validated,False,26.9871,79.844,989.4
IND.34.42.1_1,Akbarpur,True,Kanpur Dehat,Uttar Pradesh,validated,False,26.4686,79.9938,941.3
IND.34.42.2_1,Bilhaur,True,Kanpur Dehat,Uttar Pradesh,validated,False,26.7413,79.8982,195.4
IND.34.42.3_1,Derapur,True,Kanpur Dehat,Uttar Pradesh,validated,False,26.5689,79.7717,1040.4
IND.34.42.4_1,Pukhrayan,True,Kanpur Dehat,Uttar Pradesh,validated,False,26.2594,79.7914,986.7
IND.34.43.1_1,Bilhaur,True,Kanpur Nagar,Uttar Pradesh,validated,False,26.751,80.0385,786.9
IND.34.43.2_1,Ghatampur,True,Kanpur Nagar,Uttar Pradesh,validated,False,26.1183,80.1362,1083.0
IND.34.43.3_1,Kanpur,True,Kanpur Nagar,Uttar Pradesh,validated,False,26.4137,80.2849,1058.3
IND.34.44.1_1,Aliganj,True,Kasganj,Uttar Pradesh,validated,False,27.7217,79.0479,690.1
IND.34.44.2_1,Kasganj,True,Kasganj,Uttar Pradesh,validated,False,27.8033,78.6712,1285.9
IND.34.45.1_1,Allahabad,True,Kaushambi,Uttar Pradesh,validated,False,25.4375,81.7024,799.4
IND.34.45.2_1,Manjhanpur,True,Kaushambi,Uttar Pradesh,validated,False,25.4038,81.3274,705.0
IND.34.45.3_1,Sirathu,True,Kaushambi,Uttar Pradesh,validated,False,25.6623,81.32,599.1
IND.34.46.1_1,Hata,True,Kushinagar,Uttar Pradesh,validated,False,26.9808,83.787,1424.8
IND.34.46.2_1,Padrauna,True,Kushinagar,Uttar Pradesh,validated,False,26.812,84.0802,1463.4
IND.34.47.1_1,Lakhimpur,True,Lakhimpur Kheri,Uttar Pradesh,validated,False,28.1394,80.5877,2690.4
IND.34.47.2_1,Muhamdi,True,Lakhimpur Kheri,Uttar Pradesh,validated,False,27.9238,80.2612,1660.3
IND.34.47.3_1,Nighasan,True,Lakhimpur Kheri,Uttar Pradesh,validated,False,28.1856,80.9208,3350.8
IND.34.48.1_1,Lalitpur,True,Lalitpur,Uttar Pradesh,validated,False,24.7494,78.4009,2746.8
IND.34.48.2_1,Mahrauni,True,Lalitpur,Uttar Pradesh,validated,False,24.5744,78.7583,2300.0
IND.34.49.1_1,Lucknow,True,Lucknow,Uttar Pradesh,validated,False,26.8298,80.8713,982.7
IND.34.49.2_1,Malihabad,True,Lucknow,Uttar Pradesh,validated,False,27.0192,80.7697,860.0
IND.34.49.3_1,Mohanlalganj,True,Lucknow,Uttar Pradesh,validated,False,26.6737,81.0575,697.1
IND.34.50.1_1,Maharajganj,True,Maharajganj,Uttar Pradesh,validated,False,27.1658,83.6116,1785.2
IND.34.50.2_1,Pharenda,True,Maharajganj,Uttar Pradesh,validated,False,27.1917,83.2959,1402.2
IND.34.51.1_1,Charkhari,True,Mahoba,Uttar Pradesh,validated,False,25.4001,79.7749,664.7
IND.34.51.2_1,Kulpahar,True,Mahoba,Uttar Pradesh,validated,False,25.3061,79.5208,1202.8
IND.34.51.3_1,Mahoba,True,Mahoba,Uttar Pradesh,validated,False,25.3705,79.9725,968.6
IND.34.52.1_1,Bhongaon,True,Mainpuri,Uttar Pradesh,validated,False,27.2011,79.2103,1183.6
IND.34.52.2_1,Karhal,True,Mainpuri,Uttar Pradesh,validated,False,27.0501,78.963,557.9
IND.34.52.3_1,Mainpuri,True,Mainpuri,Uttar Pradesh,validated,False,27.2816,78.8769,1009.0
IND.34.53.1_1,Chhata,True,Mathura,Uttar Pradesh,validated,False,27.7522,77.4854,1055.2
IND.34.53.2_1,Mat,True,Mathura,Uttar Pradesh,validated,False,27.7212,77.7428,875.9
IND.34.53.3_1,Mathura,True,Mathura,Uttar Pradesh,validated,False,27.446,77.5662,1086.8
IND.34.53.4_1,Sadabad,True,Mathura,Uttar Pradesh,validated,False,27.3697,77.851,356.1
IND.34.54.1_1,Ghosi,True,Mau,Uttar Pradesh,validated,False,26.0899,83.568,931.8
IND.34.54.2_1,Mau,True,Mau,Uttar Pradesh,validated,False,25.9657,83.3888,1134.7
IND.34.55.1_1,Mawana,True,Meerut,Uttar Pradesh,validated,False,29.0544,77.966,1092.5
IND.34.55.2_1,Meerut,True,Meerut,Uttar Pradesh,validated,False,28.92,77.6457,913.6
IND.34.55.3_1,Sardhana,True,Meerut,Uttar Pradesh,validated,False,29.148,77.6276,599.1
IND.34.56.1_1,Chunar,True,Mirzapur,Uttar Pradesh,validated,False,25.0227,82.9057,1473.1
IND.34.56.2_1,Mirzapur,True,Mirzapur,Uttar Pradesh,validated,False,24.9371,82.4495,3044.3
IND.34.57.1_1,Bilari,True,Moradabad,Uttar Pradesh,validated,False,28.6342,78.7706,664.0
IND.34.57.2_1,Moradabad,True,Moradabad,Uttar Pradesh,validated,False,28.9288,78.7669,784.4
IND.34.57.3_1,Thakurdwara,True,Moradabad,Uttar Pradesh,validated,False,29.1143,78.7748,657.7
IND.34.58.1_1,Budhana,True,Muzaffarnagar,Uttar Pradesh,validated,False,29.3186,77.5144,536.0
IND.34.58.2_1,Jansath,True,Muzaffarnagar,Uttar Pradesh,validated,False,29.3872,77.9067,1140.8
IND.34.58.3_1,Muzaffarnagar,True,Muzaffarnagar,Uttar Pradesh,validated,False,29.5417,77.6375,1053.9
IND.34.59.1_1,Bisalpur,True,Pilibhit,Uttar Pradesh,validated,False,28.3307,79.8029,958.8
IND.34.59.2_1,Pilibhit,True,Pilibhit,Uttar Pradesh,validated,False,28.6948,79.8083,1043.8
IND.34.59.3_1,Puranpur,True,Pilibhit,Uttar Pradesh,validated,False,28.5856,80.1348,1589.0
IND.34.60.1_1,Bela,True,Pratapgarh,Uttar Pradesh,validated,False,25.9472,81.8641,1123.1
IND.34.60.2_1,Kunda,True,Pratapgarh,Uttar Pradesh,validated,False,25.7972,81.5561,1405.7
IND.34.60.3_1,Patti,True,Pratapgarh,Uttar Pradesh,validated,False,25.8687,82.161,1186.8
IND.34.61.1_1,Dalmau,True,Rae Bareli,Uttar Pradesh,validated,False,26.1517,80.9184,1276.2
IND.34.61.2_1,Maharajganj,True,Rae Bareli,Uttar Pradesh,validated,False,26.4735,81.1699,739.9
IND.34.61.3_1,Rae Bareli,True,Rae Bareli,Uttar Pradesh,validated,False,26.2528,81.1696,968.8
IND.34.61.4_1,Salon,True,Rae Bareli,Uttar Pradesh,validated,False,25.922,81.315,285.7
IND.34.62.1_1,Bilaspur,True,Rampur,Uttar Pradesh,validated,False,28.8662,79.2802,485.4
IND.34.62.2_1,Milak,True,Rampur,Uttar Pradesh,validated,False,28.6557,79.1631,397.1
IND.34.62.3_1,Rampur,True,Rampur,Uttar Pradesh,validated,False,28.7903,79.0474,517.8
IND.34.62.4_1,Shahabad,True,Rampur,Uttar Pradesh,validated,False,28.5605,79.0072,495.0
IND.34.62.5_1,Suar,True,Rampur,Uttar Pradesh,validated,False,29.0013,79.0681,675.5
IND.34.63.1_1,Deoband,True,Saharanpur,Uttar Pradesh,validated,False,29.7257,77.5572,1029.0
IND.34.63.2_1,Nakur,True,Saharanpur,Uttar Pradesh,validated,False,29.916,77.3167,1105.4
IND.34.63.3_1,Saharanpur,True,Saharanpur,Uttar Pradesh,validated,False,30.1384,77.6874,1585.9
IND.34.64.1_1,Bilari,True,Sambhal,Uttar Pradesh,validated,False,28.4576,78.7462,131.0
IND.34.64.2_1,Gunnaur,True,Sambhal,Uttar Pradesh,validated,False,28.2746,78.4888,866.1
IND.34.64.3_1,Sambhal,True,Sambhal,Uttar Pradesh,validated,False,28.5728,78.5449,1139.4
IND.34.65.1_1,Khalilabad,True,Sant Kabir Nagar,Uttar Pradesh,validated,False,26.7301,83.0359,1326.8
IND.34.66.1_1,Gyanpur,True,Sant Ravi Das Nagar,Uttar Pradesh,validated,False,25.3616,82.4944,1009.2
IND.34.67.1_1,Jalalabad,True,Shahjahanpur,Uttar Pradesh,validated,False,27.6956,79.5284,932.5
IND.34.67.2_1,Pawayan,True,Shahjahanpur,Uttar Pradesh,validated,False,28.1821,80.1259,1635.2
IND.34.67.3_1,Shahjahanpur,True,Shahjahanpur,Uttar Pradesh,validated,False,27.8454,79.8143,1032.2
IND.34.67.4_1,Tilhar,True,Shahjahanpur,Uttar Pradesh,validated,False,28.0629,79.7074,1052.0
IND.34.68.1_1,Budhana,True,Shamli,Uttar Pradesh,validated,False,29.343,77.3006,203.9
IND.34.68.2_1,Kairana,True,Shamli,Uttar Pradesh,validated,False,29.5158,77.2788,1114.5
IND.34.69.1_1,Bahraich,True,Shravasti,Uttar Pradesh,validated,False,27.6315,81.8071,3152.2
IND.34.70.1_1,Bansi,True,Siddharth Nagar,Uttar Pradesh,validated,False,27.0925,82.9468,1043.5
IND.34.70.2_1,Domriaganj,True,Siddharth Nagar,Uttar Pradesh,validated,False,27.2167,82.6743,1305.2
IND.34.70.3_1,Naugarh,True,Siddharth Nagar,Uttar Pradesh,validated,False,27.3271,83.0688,1129.8
IND.34.71.1_1,Biswan,True,Sitapur,Uttar Pradesh,validated,False,27.6428,81.127,1481.1
IND.34.71.2_1,Misrikh,True,Sitapur,Uttar Pradesh,validated,False,27.5096,80.4433,1552.5
IND.34.71.3_1,Sidhauli,True,Sitapur,Uttar Pradesh,validated,False,27.313,80.9981,1417.9
IND.34.71.4_1,Sitapur,True,Sitapur,Uttar Pradesh,validated,False,27.6396,80.7506,1328.9
IND.34.72.1_1,Dudhi,True,Sonbhadra,Uttar Pradesh,validated,False,24.1165,83.0086,2683.5
IND.34.72.2_1,Robertsganj,True,Sonbhadra,Uttar Pradesh,validated,False,24.6015,83.1392,4105.7
IND.34.73.1_1,Kadipur,True,Sultanpur,Uttar Pradesh,validated,False,26.1817,82.3974,1154.3
IND.34.73.2_1,Sultanpur,True,Sultanpur,Uttar Pradesh,validated,False,26.2877,82.0571,1307.3
IND.34.74.1_1,Hasanganj,True,Unnao,Uttar Pradesh,validated,False,26.7858,80.5681,1122.7
IND.34.74.2_1,Purwa,True,Unnao,Uttar Pradesh,validated,False,26.3919,80.8398,1418.6
IND.34.74.3_1,Safipur,True,Unnao,Uttar Pradesh,validated,False,26.8366,80.2516,1045.9
IND.34.74.4_1,Unnao,True,Unnao,Uttar Pradesh,validated,False,26.4766,80.515,1011.5
IND.34.75.1_1,Varanasi,True,Varanasi,Uttar Pradesh,validated,False,25.3756,82.9364,1551.2
IND.35.1.1_1,Almora,True,Almora,Uttarakhand,experimental,False,29.6555,79.7498,1286.5
IND.35.1.2_1,Ranikhet,True,Almora,Uttarakhand,experimental,False,29.7447,79.331,1815.5
IND.35.2.1_1,Bageshwar,True,Bageshwar,Uttarakhand,low,False,30.0054,79.8032,2281.2
IND.35.3.1_1,Chamoli,True,Chamoli,Uttarakhand,experimental,False,30.4024,79.4133,1504.1
IND.35.3.2_1,Joshimath,True,Chamoli,Uttarakhand,low,False,30.676,79.6504,4510.9
Z05.35.3.2_1,Joshimath,True,Chamoli,Uttarakhand,low,False,30.8077,80.0476,54.4
IND.35.3.3_1,Karnaprayag,True,Chamoli,Uttarakhand,low,False,30.1343,79.4401,1859.3
IND.35.4.1_1,Champawat,True,Champawat,Uttarakhand,experimental,False,29.2937,80.0588,1684.5
IND.35.5.1_1,Chakrata,True,Dehradun,Uttarakhand,low,False,30.7472,77.8757,1187.1
IND.35.5.2_1,Dehra Dun,True,Dehradun,Uttarakhand,experimental,False,30.2474,78.1154,1879.9
IND.35.6.1_1,Lansdowne,True,Garhwal,Uttarakhand,experimental,False,29.8008,78.7185,3861.0
IND.35.6.2_1,Pauri,True,Garhwal,Uttarakhand,experimental,False,30.1135,78.8576,1594.6
IND.35.7.1_1,Haridwar,True,Hardwar,Uttarakhand,experimental,False,29.8758,78.1278,1199.8
IND.35.7.2_1,Roorkee,True,Hardwar,Uttarakhand,experimental,False,29.8987,77.8531,1185.9
IND.35.8.1_1,Haldwani,True,Nainital,Uttarakhand,experimental,False,29.2042,79.4633,1550.4
IND.35.8.3_1,Naini Tal,True,Nainital,Uttarakhand,experimental,False,29.3832,79.5828,1789.4
IND.35.8.2_1,n.a. ( 188),False,Nainital,Uttarakhand,experimental,False,29.4495,79.0848,724.0
IND.35.9.1_1,Dharchula,True,Pithoragarh,Uttarakhand,low,False,30.1626,80.6624,2794.4
IND.35.9.2_1,Didihat,True,Pithoragarh,Uttarakhand,experimental,False,29.7512,80.191,843.6
IND.35.9.3_1,Munsyari,True,Pithoragarh,Uttarakhand,low,False,30.3047,80.2018,2578.0
Z05.35.9.3_1,Munsyari,True,Pithoragarh,Uttarakhand,low,False,30.699,80.1406,203.7
IND.35.9.4_1,Pithoragarh,True,Pithoragarh,Uttarakhand,experimental,False,29.6217,80.1806,909.4
IND.35.10.1_1,Okhimath,True,Rudraprayag,Uttarakhand,experimental,False,30.5528,79.1087,1214.0
IND.35.11.2_1,Narendranagar,True,Tehri Garhwal,Uttarakhand,low,False,30.3487,78.7833,1795.9
IND.35.11.3_1,Tehri,True,Tehri Garhwal,Uttarakhand,experimental,False,30.4522,78.3094,1071.4
IND.35.11.1_1,n.a. ( 111),False,Tehri Garhwal,Uttarakhand,low,False,30.5863,78.7049,1521.6
IND.35.12.1_1,Bazpur,True,Udham Singh Nagar,Uttarakhand,experimental,False,29.0096,79.4195,731.6
IND.35.12.2_1,Kashipur,True,Udham Singh Nagar,Uttarakhand,experimental,False,29.2187,79.0635,849.7
IND.35.12.3_1,Khatima,True,Udham Singh Nagar,Uttarakhand,experimental,False,28.9256,79.9253,885.8
IND.35.12.4_1,Kichha,True,Udham Singh Nagar,Uttarakhand,experimental,False,28.9582,79.6889,395.2
IND.35.13.1_1,Bhatwari,True,Uttarkashi,Uttarakhand,low,False,30.9431,78.9026,3317.3
Z09.35.13.1_1,Bhatwari,True,Uttarkashi,Uttarakhand,low,False,31.2828,79.0807,984.1
IND.35.13.2_1,Dunda,True,Uttarkashi,Uttarakhand,experimental,False,30.6636,78.3234,735.9
IND.35.13.3_1,Purola,True,Uttarkashi,Uttarakhand,low,False,31.0167,78.0814,2135.0
IND.35.13.4_1,Rajgarhi,True,Uttarkashi,Uttarakhand,experimental,False,30.8252,78.226,880.0
IND.36.1.1_1,Alipur Duar,True,Alipurduar,West Bengal,experimental,False,26.6261,89.4521,2801.8
IND.36.2.1_1,Bankura,True,Bankura,West Bengal,experimental,False,23.1291,86.9885,5109.4
IND.36.2.2_1,Bishnupur,True,Bankura,West Bengal,experimental,False,23.1571,87.4626,1855.3
IND.36.3.1_1,Asansol,True,Barddhaman,West Bengal,experimental,False,23.7217,87.0025,847.2
IND.36.3.2_1,Barddhaman,True,Barddhaman,West Bengal,experimental,False,23.2735,87.8968,3151.7
IND.36.3.3_1,Durgapur,True,Barddhaman,West Bengal,experimental,False,23.5314,87.3568,976.2
IND.36.3.4_1,Kalna,True,Barddhaman,West Bengal,experimental,False,23.3582,88.2022,988.5
IND.36.3.5_1,Katoya,True,Barddhaman,West Bengal,experimental,False,23.6422,88.0379,1077.8
IND.36.4.1_1,Bolpur,True,Birbhum,West Bengal,experimental,False,23.7152,87.7147,1179.3
IND.36.4.2_1,Rampur Hat,True,Birbhum,West Bengal,experimental,False,24.225,87.8198,1582.7
IND.36.4.3_1,Siuri,True,Birbhum,West Bengal,experimental,False,23.9032,87.5274,1793.7
IND.36.5.1_1,Balurghat,True,Dakshin Dinajpur,West Bengal,experimental,False,25.3829,88.5503,2117.6
IND.36.6.1_1,Darjiling,True,Darjiling,West Bengal,experimental,False,27.0601,88.2212,791.5
IND.36.6.2_1,Kalimpong,True,Darjiling,West Bengal,experimental,False,27.0283,88.6452,1111.1
IND.36.6.3_1,Kurseong,True,Darjiling,West Bengal,experimental,False,26.8626,88.3127,399.7
IND.36.6.4_1,Siliguri,True,Darjiling,West Bengal,experimental,False,26.704,88.3092,842.2
IND.36.7.1_1,Haora,True,Haora,West Bengal,experimental,False,22.6027,88.2068,464.0
IND.36.7.2_1,Uluberiya,True,Haora,West Bengal,experimental,False,22.4989,88.0339,976.4
IND.36.8.1_1,Arambag,True,Hugli,West Bengal,experimental,False,22.808,87.8022,1068.2
IND.36.8.2_1,Chandannagar,True,Hugli,West Bengal,experimental,False,22.8194,88.1608,511.3
IND.36.8.3_1,Chunchura,True,Hugli,West Bengal,experimental,False,23.0432,88.2732,1162.0
IND.36.8.4_1,Shrirampur,True,Hugli,West Bengal,experimental,False,22.7261,88.1746,410.6
IND.36.9.1_1,Jalpaiguri,True,Jalpaiguri,West Bengal,experimental,False,26.6605,88.7275,3383.8
IND.36.10.1_1,Dinhata,True,Koch Bihar,West Bengal,experimental,False,26.0959,89.435,717.2
IND.36.10.2_1,Kochbihar,True,Koch Bihar,West Bengal,experimental,False,26.3341,89.4402,736.1
IND.36.10.3_1,Mathabhanga,True,Koch Bihar,West Bengal,experimental,False,26.3149,89.2331,871.2
IND.36.10.4_1,Mekhliganj,True,Koch Bihar,West Bengal,experimental,False,26.388,88.8833,491.4
IND.36.10.5_1,Tufanganj,True,Koch Bihar,West Bengal,experimental,False,26.3097,89.6452,571.3
IND.36.11.1_1,Alipur,True,Kolkata,West Bengal,experimental,False,22.566,88.3707,91.6
IND.36.12.1_1,Maldah,True,Maldah,West Bengal,experimental,False,25.0966,88.1096,3611.1
IND.36.13.1_1,Baharampur,True,Murshidabad,West Bengal,experimental,False,24.0218,88.3521,1746.0
IND.36.13.2_1,Jangipur,True,Murshidabad,West Bengal,experimental,False,24.5354,88.0229,1115.2
IND.36.13.3_1,Kandi,True,Murshidabad,West Bengal,experimental,False,23.9564,88.0131,1180.2
IND.36.13.4_1,Murshidabad,True,Murshidabad,West Bengal,experimental,False,24.2716,88.463,1369.8
IND.36.14.1_1,Kalyani,True,Nadia,West Bengal,experimental,False,22.9863,88.5345,471.2
IND.36.14.2_1,Krishnanagar,True,Nadia,West Bengal,experimental,False,23.697,88.3604,2540.1
IND.36.14.3_1,Ranaghat,True,Nadia,West Bengal,experimental,False,23.2445,88.5508,909.6
IND.36.15.1_1,Bangaon,True,North 24 Parganas,West Bengal,experimental,False,23.0625,88.7843,849.8
IND.36.15.2_1,Barakpur,True,North 24 Parganas,West Bengal,experimental,False,22.7543,88.3872,315.7
IND.36.15.3_1,Barasat,True,North 24 Parganas,West Bengal,experimental,False,22.7422,88.5706,997.7
IND.36.15.4_1,Basirhat,True,North 24 Parganas,West Bengal,experimental,False,22.6268,88.8257,2609.9
IND.36.15.5_1,n.a. ( 1220),False,North 24 Parganas,West Bengal,experimental,False,21.8344,88.9909,1042.4
IND.36.16.1_1,Ghatal,True,Pashchim Medinipur,West Bengal,experimental,False,22.667,87.6468,960.9
IND.36.16.2_1,Jhargram,True,Pashchim Medinipur,West Bengal,experimental,False,22.327,86.9909,3100.3
IND.36.16.3_1,Medinipur,True,Pashchim Medinipur,West Bengal,experimental,False,22.3522,87.4072,5339.1
IND.36.17.1_1,Kanthi,True,Purba Medinipur,West Bengal,experimental,False,21.8912,87.7129,2190.0
IND.36.17.2_1,Tamluk,True,Purba Medinipur,West Bengal,experimental,False,22.1974,87.8913,1791.5
IND.36.18.1_1,Puruliya,True,Puruliya,West Bengal,experimental,False,23.1971,86.2915,6256.7
IND.36.19.1_1,Diamond Harbour,True,South 24 Parganas,West Bengal,experimental,False,22.0451,88.3541,2129.9
IND.36.19.2_1,n.a. ( 1187),False,South 24 Parganas,West Bengal,experimental,False,22.2371,88.5429,2653.5
IND.36.19.3_1,n.a. ( 1229),False,South 24 Parganas,West Bengal,experimental,False,21.8473,88.4436,743.7
IND.36.20.1_1,Islampur,True,Uttar Dinajpur,West Bengal,experimental,False,26.094,88.0625,1855.4
IND.36.20.2_1,Raiganj,True,Uttar Dinajpur,West Bengal,experimental,False,25.5403,88.1946,1504.8
