tree
version=v4
num_class=1
num_tree_per_iteration=1
label_index=0
max_feature_idx=32
objective=binary sigmoid:1
feature_names=rain_prev_7 rain_prev_14 rain_prev_30 season_to_date days_since_wet doy_sin doy_cos rain_prev_7_anom rain_prev_14_anom rain_prev_30_anom oni oni_age_days dmi dmi_age_days nino34 nino34_age_days rmm1 rmm2 amplitude mjo_age_days mjo_phase_1 mjo_phase_2 mjo_phase_3 mjo_phase_4 mjo_phase_5 mjo_phase_6 mjo_phase_7 mjo_phase_8 centroid_lat centroid_lon small_unit state zone_id
feature_infos=[0:563.739501953125] [0:825.598876953125] [0:1061.04931640625] [0:2138.258544921875] [0:323] [-0.99819540977478027:0.7295575737953186] [-0.99941062927246094:-0.060048960149288177] [-119.4168701171875:466.78271484375] [-199.28990173339844:623.6695556640625] [-325.978759765625:676.28131103515625] [-1.3700000047683716:1.690000057220459] [63:90] [-0.86100000143051147:0.81099998950958252] [32:59] [-1.3799999952316284:1.9700000286102295] [32:59] [-2.703779935836792:3.1550700664520264] [-2.4152100086212158:3.5100479125976562] [0.026713300496339798:3.5471172332763672] none [0:1] [0:1] [0:1] [0:1] [0:1] [0:1] [0:1] [0:1] [18.132350921630859:26.753688812255859] [75.09625244140625:87.400367736816406] none -1:2:1:3:0 -1:2:4:3:5:6:0:1
tree_sizes=3416 3481 3460 3488 3478 3464 3477 3489 3466 3480 3482 3487 3480 3462 3475 3458 3509 3466 3463 3447 3472 3483 3480 3507 3479 3464 3455 3482 3456 3514 3495 3498 3477 3483 3497 3506 3485 3489 3490 3487 3494 3511 3494 3502 3506 3485 3504 3509 3468 3481 3491 3512 3511 3506 3503 3511 3523 3480 3489 3488 3502 3503 3511 3478 3512 3496 3491 3489 3478 3509 3502 3506 3498 3503 3499 3520 3505 3497 3492 3493 3490 3512 3523 3521 3499 3513 3477 3482 3489

Tree=0
num_leaves=31
num_cat=0
split_feature=5 5 29 3 17 28 1 5 17 17 9 29 28 12 17 16 5 14 28 12 28 5 16 10 12 5 18 14 28 5
split_gain=1830.71 1189.17 231.108 274.193 206.054 199.284 156.86 144.175 135.512 97.512 93.1054 83.6933 62.9327 69.8006 61.5008 59.5621 58.3795 57.331 57.1597 53.8229 69.756 52.6296 51.9221 49.6317 47.2475 46.5597 46.0546 61.6561 53.5418 42.6538
threshold=0.56202840805053722 -0.93404099345207203 76.34873199462892 16.973361015319828 0.38102295994758612 20.863806724548343 15.98741674423218 -0.78753387928009022 -0.34192450344562525 -1.2670373916625974 -10.897905826568602 84.152141571044936 22.726541519165043 -0.027500000782310959 -0.39733999967575068 -0.17407006770372388 -0.96105405688285817 0.41499999165534979 24.009605407714847 -0.027500000782310959 20.863806724548343 -0.98097097873687733 0.64686599373817455 0.66999998688697826 0.32000000774860388 0.4124008715152741 0.51983559131622326 -0.56999999284744252 25.763958930969242 0.25061884522438055
decision_type=2 2 2 2 2 2 2 2 2 2 2 2 2 2 2 2 2 2 2 2 2 2 2 2 2 2 2 2 2 2
left_child=1 5 4 10 15 8 -2 14 24 -7 -4 16 13 -9 -5 25 -11 -17 -12 -6 -21 -10 -15 -19 -1 -3 -16 -28 -29 -14
right_child=6 2 3 7 19 9 -8 12 21 11 18 -13 29 22 26 17 -18 23 -20 20 -22 -23 -24 -25 -26 -27 27 28 -30 -31
leaf_value=-0.5921125558513316 -0.50147420576549806 -0.5854443914633658 -0.57251883248953916 -0.58374677301911659 -0.55966097027106165 -0.58039366688039573 -0.5528639561556371 -0.59402798408421909 -0.52285412274853549 -0.50207153929577997 -0.55771592621843957 -0.55517868391859826 -0.59779706857524084 -0.57821557528618106 -0.58450162794399285 -0.57342768376277042 -0.53334048979078097 -0.52426522828306743 -0.51857513908038189 -0.52176583346837191 -0.56065227446126931 -0.55508038845207652 -0.54380677351546991 -0.56514057590874878 -0.53452329861482617 -0.55617759722316928 -0.5895180689455477 -0.53009233977254266 -0.58595623100290273 -0.57685149081468268
leaf_weight=75.353112757205963 412.13067498803139 424.38133442401886 142.84731191396713 149.31935840845108 175.90097793936729 21.265295624732971 61.946730732917786 252.17866876721382 97.774130970239639 232.3002402484417 66.569621086120605 41.374868661165237 927.5829493701458 210.3415110707283 42.992880284786224 281.99631154537201 73.966245651245117 45.304325461387634 67.494199156761169 110.71822395920753 66.338476568460464 85.985760569572449 47.615770637989044 63.102453321218491 14.562104612588881 54.781250685453415 26.581619530916214 91.764373511075974 17.798127859830856 98.467564523220062
leaf_count=326 1783 1836 618 646 761 92 268 1091 423 1005 288 179 4013 910 186 1220 320 196 292 479 287 372 206 273 63 237 115 397 77 426
internal_value=-0.563835 -0.570436 -0.57758 -0.583519 -0.567169 -0.533071 -0.508152 -0.587654 -0.552527 -0.518707 -0.555688 -0.514896 -0.59151 -0.582832 -0.569592 -0.575014 -0.5095 -0.566304 -0.537822 -0.547866 -0.536236 -0.537805 -0.571812 -0.547854 -0.582567 -0.58209 -0.557749 -0.54921 -0.539286 -0.595802
internal_weight=4480.74 4006.66 3364.08 2141.55 1222.52 642.582 474.077 1864.64 273.675 368.907 276.911 347.641 1536.19 510.136 328.456 869.566 306.266 390.403 134.064 352.958 177.057 183.76 257.957 108.407 89.9152 479.163 179.137 136.144 109.563 1026.05
internal_count=19385 17334 14554 9265 5289 2780 2051 8067 1184 1596 1198 1504 6646 2207 1421 3762 1325 1689 580 1527 766 795 1116 469 389 2073 775 589 474 4439
is_linear=0
shrinkage=1


Tree=1
num_leaves=31
num_cat=1
split_feature=5 5 31 29 17 3 17 3 5 17 29 16 16 17 8 14 5 17 8 5 12 1 7 12 17 29 14 17 17 12
split_gain=1745.11 1231.38 266.771 257.699 194.799 189.571 160.539 125.423 121.059 84.1524 71.9388 77.2624 64.3368 64.1071 63.9099 51.3528 50.3267 50.0015 49.6452 48.431 47.9034 46.5756 48.5955 45.8814 39.0177 38.1507 48.7399 44.9099 37.0897 36.4528
threshold=0.52643132209777843 -0.91865202784538258 0 76.34873199462892 0.38102295994758612 1.0117325186729433 -0.34192450344562525 16.973361015319828 -0.78753387928009022 -1.2670373916625974 77.084831237792983 0.16344932466745379 0.74319502711296093 -0.39733999967575068 -6.6039657592773429 -0.15999999642372129 -0.98097097873687733 1.7078151702880862 -8.0250687599182111 -0.94917574524879444 0.13350000232458117 55.487617492675788 -3.1415648460388179 -0.34700000286102289 -0.25784449279308314 81.26676177978517 -0.62499999999999989 0.40543007850646978 -0.3221799880266189 0.028500000014901165
decision_type=2 2 1 2 2 2 2 2 2 2 2 2 2 2 2 2 2 2 2 2 2 2 2 2 2 2 2 2 2 2
left_child=1 2 9 4 12 14 -4 18 13 -1 11 -10 24 -9 -2 16 -8 -6 -5 -11 21 22 -7 -17 -3 26 -15 -28 -21 -13
right_child=5 3 6 7 17 20 15 8 10 19 -12 29 -14 25 -16 23 -18 -19 -20 28 -22 -23 -24 -25 -26 -27 27 -29 -30 -31
leaf_value=-0.015047331582814936 0.036225799608511994 -0.020634417373600104 -0.019218986768845824 -0.012258283588954802 0.010828465493430049 0.0071000262787217459 0.028336208136103148 -0.022466142460008592 -0.027387321010646403 0.058219914204665421 -0.033132771659420912 -0.016839065880573781 0.0087671421540246736 -0.036478039333515497 0.064718861564794519 0.073139924035187528 -0.019358879717028463 0.048645832800934194 0.017004635688237391 0.0072341553430239642 -0.0048236221430932201 -0.020157888298743178 0.048042834664616882 0.026822159117888645 -0.005939690559872971 -0.021800533965270718 0.0040485715969323507 0.041564688128836652 0.048824297882298744 0.0090473875357626223
leaf_weight=17.485655963420868 96.492770493030548 458.83308684825897 117.09866607189178 123.92298947274685 312.86473405361176 37.223791271448135 38.283183768391609 138.14353621006012 379.51462273299694 250.25141130387783 922.636060744524 98.366816177964211 114.2206571996212 15.378979727625845 324.53244522213936 22.537364646792412 39.407470643520355 34.157892599701881 88.602683663368225 35.045643508434296 45.674682378768921 14.10631614923477 89.39688940346241 123.55194486677647 253.24727462232113 36.830062583088875 73.652572929859161 46.32983772456646 43.074909538030624 95.606101736426353
leaf_count=76 412 1993 509 537 1348 160 164 601 1653 1066 4028 429 494 67 1384 97 170 147 381 151 196 61 383 531 1100 160 318 199 185 414
internal_value=-9.3291e-05 -0.00750072 0.0289149 -0.0153411 -0.00415509 0.0471454 0.00887644 -0.0218366 -0.0243999 0.0469721 -0.0279356 -0.0195313 -0.0120735 -0.00731919 0.05829 0.0239931 0.00420499 0.01468 -3.59696e-05 0.0517364 0.0217963 0.0304092 0.0361565 0.0344163 -0.015424 0.00489226 0.0122616 0.0187588 0.0304938 -0.00409909
internal_weight=4486.47 3879.04 686.736 3192.31 1173.32 607.427 340.879 2018.98 1806.46 345.858 1496.12 573.488 826.301 310.335 421.025 223.78 77.6907 347.023 212.526 328.372 186.402 140.727 126.621 146.089 712.08 172.191 135.361 119.982 78.1206 193.973
internal_count=19414 16818 2949 13869 5082 2596 1471 8787 7869 1478 6524 2496 3587 1345 1796 962 334 1495 918 1402 800 604 543 628 3093 744 584 517 336 843
cat_boundaries=0 1
cat_threshold=10
is_linear=0
shrinkage=0.03


Tree=2
num_leaves=31
num_cat=3
split_feature=5 5 29 17 17 2 2 32 5 10 5 32 32 17 18 17 29 16 5 7 5 10 16 14 7 18 1 12 5 29
split_gain=1681.15 1133.03 238.069 234.518 175.474 168.733 125.549 122.186 105.103 94.1046 97.9077 79.7078 73.095 71.2537 69.5283 64.6802 60.2708 67.0679 59.7525 54.9585 54.6117 52.5513 52.1207 51.6116 51.0049 50.1453 46.5899 43.7839 43.0195 42.3944
threshold=0.52643132209777843 -0.91865202784538258 76.34873199462892 -0.34192450344562525 0.069999270141124739 42.127584457397468 13.89349412918091 0 -0.75976759195327748 0.37500000000000006 0.63088810443878185 1 2 1.7078151702880862 1.5407053232192995 -0.18673217296600339 77.084831237792983 0.16344932466745379 -0.98097097873687733 -5.1775982379913321 -0.96105405688285817 -0.31000000238418574 -0.1622507497668266 -0.15999999642372129 -29.773410797119137 1.6450098752975466 6.5544946193695077 -0.34700000286102289 0.25061884522438055 81.26676177978517
decision_type=2 2 2 2 2 2 2 1 2 2 2 1 1 2 2 2 2 2 2 2 2 2 2 2 2 2 2 2 2 2
left_child=1 3 4 7 22 9 19 14 15 10 11 -2 21 -6 20 -8 17 -10 -14 -4 -1 25 -3 -20 -24 -5 -12 -25 -18 -17
right_child=5 2 6 12 13 -7 8 -9 16 -11 26 -13 18 -15 -16 29 28 -19 23 -21 -22 -23 24 27 -26 -27 -28 -29 -30 -31
leaf_value=0.056105937845237014 -0.0017058116081122001 -0.020265726773758919 -0.012952032598019848 0.045978554052209089 0.0069339158082077409 -0.0075581538056556496 -0.020738619409706317 -0.016702363688765969 -0.027000219713619805 0.067643231218558961 0.061716095375442523 0.039881949581557025 0.039547301949832477 0.051018610119205526 -0.016522564181270488 0.011588102791457963 -0.034405839897600335 -0.0049060692917651015 -0.017433511739317873 0.019366050645899552 0.0075799050501097337 0.063224268465033817 -0.033547379060343892 0.068052026615309763 0.0012375661791738859 -0.014664686864939909 0.024431885177477197 0.011353132477045388 -0.012996838629112889 -0.024350639423360333
leaf_weight=57.314451277256012 73.294029459357262 412.96018670499325 99.782616272568703 45.325397998094559 425.93064795434475 49.044319599866867 208.52871811389923 124.96946978569031 355.59367719292641 190.37935954332352 175.7065259963274 100.82168638706207 118.77796792984009 34.825781226158142 25.921955466270447 137.97851818799973 786.64356118440628 190.08689950406551 41.276169165968895 88.352625653147697 33.055358737707138 169.61859688162804 43.448135882616043 15.110326513648031 258.58539460599422 16.145206823945045 38.586554333567619 53.667829960584641 96.444079503417015 36.53472363948822
leaf_count=241 312 1805 434 191 1835 211 912 546 1561 803 738 427 505 148 112 596 3470 827 179 379 142 714 189 64 1122 68 163 230 422 160
internal_value=0.00022779 -0.00715072 -0.0147721 0.0273387 -0.00405437 0.0457291 -0.0210677 0.00336039 -0.0234886 0.0502497 0.0415725 0.0246459 0.0398824 0.0103693 0.0242365 -0.00950113 -0.0272293 -0.0193268 0.0238369 0.00224743 0.0386334 0.0523187 -0.0133508 0.00882423 -0.00386051 0.0300709 0.0551472 0.0246064 -0.0320851 0.00396838
internal_weight=4504.71 3876.88 3175.7 701.183 1175.75 627.832 1999.95 241.261 1811.81 578.788 388.409 174.116 459.921 460.756 116.292 383.042 1428.77 545.681 228.832 188.135 90.3698 231.089 714.994 110.054 302.034 61.4706 214.293 68.7782 883.088 174.513
internal_count=19506 16852 13860 2992 5099 2654 8761 1041 7948 2443 1640 739 1951 1983 495 1668 6280 2388 978 813 383 973 3116 473 1311 259 901 294 3892 756
cat_boundaries=0 1 2 3
cat_threshold=120 4 120
is_linear=0
shrinkage=0.03


Tree=3
num_leaves=31
num_cat=1
split_feature=5 5 31 29 2 4 5 29 12 8 16 20 1 16 5 9 12 10 14 12 12 10 14 10 12 14 10 14 10 10
split_gain=1576.21 1059.19 225.671 225.016 167.607 98.3696 130.556 100.473 88.1172 78.6589 72.5338 72.2337 67.1423 58.6511 55.7229 54.9051 51.84 47.8364 80.2661 47.8234 44.1486 42.0083 41.9578 37.924 37.544 40.3229 55.5512 37.3096 64.9854 37.0093
threshold=0.52643132209777843 -0.91865202784538258 0 75.77988433837892 42.127584457397468 51.500000000000007 -0.78753387928009022 77.084831237792983 0.028500000014901165 -7.4831807613372794 1.0861150026321413 1.0000000180025095e-35 3.8570725917816167 0.19737450033426288 -0.98097097873687733 -10.897905826568602 0.12900000065565112 -0.31000000238418574 -1.2200000286102293 0.13350000232458117 -0.28399999439716334 0.49500000476837164 -0.6599999964237212 -0.35500000417232508 0.10400000214576723 0.14500000327825549 -0.044999999925494187 0.39499999582767492 0.2950000017881394 -0.5349999964237212
decision_type=2 2 1 2 2 10 2 2 2 2 2 2 2 2 2 2 2 2 2 2 2 2 2 2 2 2 2 2 2 2
left_child=1 2 16 8 9 6 10 11 22 -2 -5 -8 -11 -10 21 -7 17 18 -1 20 -14 24 -3 -24 25 26 -4 -25 -29 -17
right_child=4 3 14 5 -6 15 7 -9 13 12 -12 -13 19 -15 -16 29 -18 -19 -20 -21 -22 -23 23 27 -26 -27 -28 28 -30 -31
leaf_value=0.055567171077173134 0.023642486957365785 -0.036828773824877467 -0.0055136748976534807 -0.0095018740482751638 -0.0087716491275451388 -0.012738182572065321 -0.012708141346191273 -0.031156390381927655 0.0031045089150602357 0.061205459235891706 0.030171377851674317 -0.032856618760552368 0.0049201525297210133 0.031209885884066309 -0.0034314877894814433 -0.021250878992561423 0.060698260906877292 0.043290606335692268 -0.014028896868739458 0.0087421258951622081 0.055858386381960085 0.052050394979458979 0.023222670182617856 -0.015765418133143593 0.031642181829682335 -0.039352076465979706 0.057543963245476351 0.051157565462682887 -0.0075927072719909616 0.020443022472858435
leaf_weight=23.048754125833511 96.295523837208748 40.182737842202187 47.035086750984192 331.3340964615345 49.19650773704052 194.19692286849022 741.48572170734406 893.60724096000195 170.85525467991829 334.1779031008482 46.406470984220505 204.34597393870354 18.769813999533653 109.01789271831512 180.08789446949959 22.703938812017441 112.04550209641457 184.6773509979248 38.487397432327271 41.310876041650772 87.39048957824707 30.194060683250427 37.751519069075584 192.28985711932182 57.254433199763298 17.235691472887993 16.088992327451706 22.027184054255486 63.413657814264297 101.5287256538868
leaf_count=96 406 175 202 1445 212 849 3239 3977 744 1389 200 902 79 469 780 98 468 773 163 174 366 128 164 837 243 75 68 95 275 436
internal_value=0.000138241 -0.00700213 0.0262016 -0.0144019 0.0442245 -0.0184013 -0.0206398 -0.0239374 0.00155846 0.0487431 -0.00456111 -0.0170913 0.053702 0.0141244 0.00793117 -0.00279932 0.0424691 0.0356794 0.0125105 0.0364011 0.0469821 0.0205432 -0.00834158 -0.00460829 0.0133046 1.11378e-05 0.0112051 -0.00846105 0.00797008 0.0127145
internal_weight=4504.44 3877.3 706.155 3171.15 627.141 2535.61 2217.18 1839.44 635.538 577.945 377.741 945.832 481.649 279.873 347.896 318.43 358.259 246.214 61.5362 147.471 106.16 167.808 355.665 315.482 137.614 80.3598 63.1241 277.731 85.4408 124.233
internal_count=19527 16901 2996 13905 2626 11146 9763 8118 2759 2414 1645 4141 2008 1213 1496 1383 1500 1032 259 619 445 716 1546 1371 588 345 270 1207 370 534
cat_boundaries=0 1
cat_threshold=10
is_linear=0
shrinkage=0.03


Tree=4
num_leaves=31
num_cat=1
split_feature=5 5 29 31 3 17 17 17 5 5 8 17 5 14 29 4 29 5 17 17 12 14 17 18 14 12 2 17 28 5
split_gain=1364.09 974.51 226.547 187.535 153.586 125.967 119.382 113.092 129.989 111.103 82.7363 77.4868 70.8029 59.4112 54.4925 51.9853 80.794 49.497 48.7125 47.25 47.0286 46.6573 45.7968 51.8751 45.6268 46.5007 44.866 41.3745 40.707 39.6085
threshold=0.52643132209777843 -0.91865202784538258 75.77988433837892 0 3.603879570960999 -0.34192450344562525 0.069999270141124739 0.38102295994758612 0.33273787796497351 -0.78753387928009022 -7.4831807613372794 -1.2670373916625974 -0.75976759195327748 -0.62499999999999989 79.142368316650405 17.500000000000004 77.177566528320327 -0.96105405688285817 -0.86578047275543202 0.17250502109527591 -0.027500000782310959 0.38499999046325689 -0.39733999967575068 0.51983559131622326 -0.15999999642372129 -0.34700000286102289 56.357252120971687 -0.3221799880266189 22.825375556945804 -0.98097097873687733
decision_type=2 2 2 1 2 2 2 2 2 2 2 2 2 2 2 10 2 2 2 2 2 2 2 2 2 2 2 2 2 2
left_child=1 3 6 11 10 -5 21 8 12 13 18 -1 22 -9 -15 16 -11 -13 -2 -6 -8 -3 -4 -24 29 -26 -22 -19 -28 -7
right_child=4 2 7 5 19 24 20 9 -10 15 -12 17 -14 14 -16 -17 -18 27 -20 -21 26 -23 23 -25 25 -27 28 -29 -30 -31
leaf_value=-0.01580467888138825 -0.026054889717174238 -0.015206213540883322 -0.023712801951278936 -0.016666450842781597 -0.0042154262635314453 0.024699465775399793 0.0051237894287341004 -0.028561080570162461 -0.0010953423757394886 -0.0069660465888015579 0.054538603965467183 0.052178233786388827 -0.028938135408404293 0.044390898333150568 -0.016156643900332692 0.005975592639784204 -0.030269805375208611 0.0011576424031826242 0.032157091626226118 0.032110997641656452 0.0028046549539087963 0.0074487675244501658 -0.0212253190937342 0.011913955864887388 0.06905775751770897 0.023598679748681826 0.05212364382021327 0.041643349181974709 0.00030039404978878269 -0.017947667497987808
leaf_weight=19.656552776694298 14.595749139785765 276.52749159932137 193.23708729445934 116.32479719817638 73.213071778416634 37.06850454211235 130.46545009315014 16.862012907862663 228.65007662773132 328.80574043095112 397.45947514474392 236.76960369944572 1171.9208442270756 64.237392634153366 16.270783290266991 110.70453415811062 225.83052854239941 36.940884992480278 80.586343005299568 56.280672773718834 36.543306693434715 115.30244939029217 73.857918962836266 97.415521562099457 23.811249688267708 124.74824386835098 71.375889256596565 58.249698296189308 16.82420340180397 39.417662337422371
leaf_count=85 62 1213 854 511 311 156 563 74 996 1441 1637 976 5219 273 71 482 1016 157 337 238 156 501 324 424 99 527 303 242 72 172
internal_value=-0.000310759 -0.00694547 -0.0139813 0.0252621 0.0408822 0.00834458 0.00185624 -0.0180344 -0.0222051 -0.00836613 0.0485143 0.0402386 -0.0253438 0.0214166 0.0321061 -0.0127503 -0.016492 0.0448032 0.0230525 0.0116979 0.0177853 -0.00853762 -0.0137404 -0.00241688 0.0216583 0.0312979 0.0308815 0.0261073 0.0423525 0.002773
internal_weight=4489.95 3867.82 3174.83 692.987 622.135 341.37 647.039 2527.79 1765.08 762.711 492.642 351.617 1536.43 97.3702 80.5082 665.341 554.636 331.96 95.1821 129.494 255.209 391.83 364.511 171.273 225.046 148.559 124.743 95.1906 88.2001 76.4862
internal_count=19492 16907 13982 2925 2585 1465 2808 11174 7817 3357 2036 1460 6821 418 344 2939 2457 1375 399 549 1094 1714 1602 748 954 626 531 399 375 328
cat_boundaries=0 1
cat_threshold=10
is_linear=0
shrinkage=0.03


Tree=5
num_leaves=31
num_cat=3
split_feature=5 5 17 31 5 29 1 17 29 5 4 5 17 14 31 14 14 16 29 17 18 18 12 12 29 16 16 17 31 2
split_gain=1313.4 922.664 180.992 172.797 166.581 136.144 129.567 107.593 92.2997 91.3452 77.3585 86.4178 64.7774 53.2409 52.0365 50.1679 47.4695 45.8657 45.6486 43.9342 42.9676 42.7875 42.3741 52.056 41.9268 64.1366 39.9487 38.9532 44.616 38.6608
threshold=0.56202840805053722 -0.93404099345207203 0.38102295994758612 0 0.33273787796497351 76.34873199462892 11.054427146911623 -0.57472997903823841 75.77988433837892 -0.8126716911792754 17.500000000000004 -0.78753387928009022 -1.2670373916625974 0.41499999165534979 1 -0.15999999642372129 0.49499998986721044 0.50235500931739818 77.084831237792983 0.19942466914653781 1.637889087200165 1.6450098752975466 -0.35050000250339503 -0.61199998855590809 77.084831237792983 0.75175401568412792 1.4732903838157656 1.5727599859237673 2 64.190715789794936
decision_type=2 2 2 1 2 2 2 2 2 2 10 2 2 2 1 2 2 2 2 2 2 2 2 2 2 2 2 2 1 2
left_child=1 3 4 12 8 22 -2 -5 13 16 11 -7 -1 -3 -6 21 -10 -15 -13 -8 -12 -9 23 -4 25 -11 -14 28 -24 -27
right_child=6 2 5 7 14 10 19 15 9 24 20 18 26 17 -16 -17 -18 -19 -20 -21 -22 -23 27 -25 -26 29 -28 -29 -30 -31
leaf_value=-0.0094082253759910882 0.051728436237893728 -0.013931534702890954 0.039083382357824013 -0.021099761735190146 0.022190528265232646 0.01454595609637296 -0.0090811759309327791 0.013127589845601547 -0.015553507099120116 -0.025695497358606455 -0.00042118511937268104 -0.0076628938912437971 0.049163001915613319 -0.0027297659390629041 -0.0044505502979345262 0.028993165575005905 0.012614568351248063 0.04101249870486947 -0.028029717031916656 0.03367588861967076 0.039481228532740317 -0.034776449894900578 0.021495717660640783 -0.023162923713697742 -0.032881799899832177 0.033973083011959851 0.013828006308575403 0.044416241119140117 -0.0041288903108450603 -0.0101651514856324
leaf_weight=20.265986859798431 424.33544109761715 307.05556657910347 14.721407637000082 76.982989266514778 73.3466557264328 72.960650041699409 45.404261633753777 62.840153738856316 218.56105281412601 550.01175159215927 78.206989228725433 156.94028005003929 281.70187419652939 66.300240650773048 293.28984799981117 162.92247565090656 70.505506753921509 30.899653136730194 272.0741436034441 39.741729035973549 34.214265823364258 21.765023842453957 168.22202637791634 51.761357262730598 633.14865303039551 23.489224791526794 33.124590545892715 40.463359609246254 93.866189554333687 65.000678792595863
leaf_count=88 1736 1349 63 340 314 312 192 270 963 2456 339 693 1155 289 1271 686 307 132 1234 166 147 94 716 223 2868 103 137 170 404 285
internal_value=-0.000337515 -0.00615406 -0.0126024 0.0262243 -0.0171533 -0.00180631 0.0449625 0.00939937 -0.0206155 -0.0239239 -0.0104513 -0.0154851 0.0409436 -0.00781511 0.00140748 0.0193098 -0.0086633 0.0114519 -0.0206144 0.0110349 0.0119637 0.000541797 0.0125759 -0.00900469 -0.0273833 -0.0218881 0.0455008 0.0173321 0.0129976 0.00179984
internal_weight=4484.12 3974.64 3315.04 659.603 2331.61 983.431 509.481 324.511 1964.97 1560.72 614.396 501.975 335.092 404.255 366.637 247.528 289.067 97.1999 429.014 85.146 112.421 84.6052 369.034 66.4828 1271.65 638.502 314.826 302.552 262.088 88.4899
internal_count=19502 17408 14638 2770 10337 4301 2094 1390 8752 6982 2725 2239 1380 1770 1585 1050 1270 421 1927 358 486 364 1576 286 5712 2844 1292 1290 1120 388
cat_boundaries=0 1 2 3
cat_threshold=10 8 4
is_linear=0
shrinkage=0.03


Tree=6
num_leaves=31
num_cat=2
split_feature=1 6 6 29 17 8 17 7 17 29 31 2 6 31 6 12 16 12 2 6 12 12 16 12 6 17 14 29 6 6
split_gain=816.556 786.892 459.581 224.763 175.317 133.36 131.908 120.404 117.821 94.7569 85.3152 69.386 64.4022 57.3233 56.3932 53.2279 53.1513 52.8361 49.6671 69.9445 45.0288 43.2081 42.4387 39.0703 37.6498 38.5538 41.2234 34.9484 34.7815 34.4641
threshold=7.606853961944581 -0.39505837857723231 -0.82436862587928761 75.77988433837892 -0.34192450344562525 -7.8031001091003409 0.38102295994758612 -16.660959243774411 0.069999270141124739 77.084831237792983 0 26.425443649291996 -0.61626377701759327 1 -0.58134955167770375 -0.33699999749660486 1.0481582283973696 -0.37100000679492945 64.190715789794936 -0.68159639835357655 0.12900000065565112 0.37450000643730169 0.10985428094863893 0.32000000774860388 -0.18987156450748441 0.27514992654323583 -0.15999999642372129 81.26676177978517 -0.97789707779884327 -0.77289488911628712
decision_type=2 2 2 2 2 2 2 2 2 2 1 2 2 1 2 2 2 2 2 2 2 2 2 2 2 2 2 2 2 2
left_child=2 3 5 6 10 -1 22 12 11 15 20 -5 -4 16 -13 -10 -6 -8 -11 -20 -3 28 -2 -12 25 -15 -27 -21 -17 -30
right_child=1 4 7 8 13 -7 17 -9 9 18 23 14 -14 24 -16 21 -18 -19 19 27 -22 -23 -24 -25 -26 26 -28 -29 29 -31
leaf_value=-0.01102593848129361 -0.012940177199213204 0.0071898090305332956 -0.028632848099702533 -0.00015796117927606529 0.05522986040927351 0.024584862663986295 -0.01265473062175825 0.051669053221123924 -0.019057703712036772 0.0030579943235389331 -0.026361575562628012 -0.027688702981686734 0.028112295171765268 -0.011447262224698518 -0.011611237946922311 0.031225115532110097 0.019173278067706113 0.031603843766205494 -0.029543180309478057 0.016580403530639918 0.049258516387793772 -0.019455699468997591 0.0079792299914535868 0.020117998928201111 0.032666277208118571 -0.0088663449664630866 0.044447415121523323 -0.025264176157739689 -0.0031564147286199684 0.019037857337642593
leaf_weight=261.44946375489235 264.31124867498875 67.681386902928352 23.439148455858231 113.1230663061142 172.1965633481741 147.03606131672859 28.214602023363113 408.1875489205122 97.616375103592873 78.868309482932091 90.390314802527428 1047.5814331620932 68.131074115633965 49.562831327319145 244.1595054268837 55.437907218933105 48.532578349113464 154.20077532529831 303.41436304152012 51.527374371886253 33.942244693636894 51.834021911025047 129.25138238072395 19.028332605957985 112.51516278088093 20.28604593873024 34.205263286828995 26.306399375200272 165.51335129141808 100.40792170166969
leaf_count=1143 1166 282 103 491 700 621 122 1658 429 347 402 4745 287 212 1079 242 199 650 1390 222 140 227 559 83 467 89 143 117 725 431
internal_value=6.62045e-05 -0.00641256 0.0254406 -0.0130684 0.0234537 0.00182105 0.00371135 0.0447043 -0.0172059 -0.008915 0.000984457 -0.0226896 0.0134349 0.0342705 -0.0246611 0.000550985 0.0453777 0.0247266 -0.0185812 -0.0230539 0.0196674 0.00571726 -0.00606715 -0.0166607 0.0197978 0.00758892 0.0247976 0.00229662 0.00982533 0.00526374
internal_weight=4468.35 3560.11 908.243 2911.77 648.341 408.486 575.978 499.758 2335.79 930.926 211.042 1404.86 91.5702 437.298 1291.74 470.81 220.729 182.415 460.116 381.248 101.624 373.193 393.563 109.419 216.569 104.054 54.4913 77.8338 321.359 265.921
internal_count=19471 15659 3812 12942 2717 1764 2497 2048 10445 4130 907 6315 390 1810 5824 2054 899 772 2076 1729 422 1625 1725 485 911 444 232 339 1398 1156
cat_boundaries=0 1 2
cat_threshold=10 10
is_linear=0
shrinkage=0.03


Tree=7
num_leaves=31
num_cat=1
split_feature=3 6 29 6 3 31 17 6 17 29 17 17 8 17 14 8 12 12 10 6 18 18 12 12 12 6 0 6 12 12
split_gain=1053.92 765.888 205.74 184.35 184.137 170.425 122.217 113.448 108.396 88.9263 79.9632 75.9937 70.1663 55.9957 53.4222 51.2316 48.6524 48.1112 45.2387 40.4957 51.2769 39.4642 37.5901 34.8033 33.7352 40.1013 33.4705 33.1012 29.5474 29.2492
threshold=1.196043908596039 -0.39505837857723231 75.77988433837892 -0.86977231502532948 18.527454376220707 0 -0.34192450344562525 -0.61626377701759327 0.41494375467300421 77.084831237792983 -0.21463730931282041 0.92455279827117931 -7.4831807613372794 -0.34192450344562525 0.49499998986721044 -6.9016656875610343 0.12900000065565112 -0.10150000080466269 -0.31000000238418574 -0.27338597923517222 1.5407053232192995 1.6450098752975466 -0.02450000029057264 0.43999999761581426 0.13350000232458117 -0.85020262002944935 9.1771821975708026 -0.18987156450748441 0.32000000774860388 -0.02450000029057264
decision_type=2 2 2 2 2 1 2 2 2 2 2 2 2 2 2 2 2 2 2 2 2 2 2 2 2 2 2 2 2 2
left_child=3 2 8 -1 12 13 28 9 22 10 -6 14 -4 16 -9 -5 19 -10 21 -3 -21 -15 -2 -16 25 -14 -17 -8 -7 -12
right_child=1 5 4 15 7 6 27 11 17 -11 29 -13 24 18 23 26 -18 -19 -20 20 -22 -23 -24 -25 -26 -27 -28 -29 -30 -31
leaf_value=-0.0040327766057985763 -0.012733199957083554 -0.018287048098812698 -0.0092376499093000646 0.026410443502259292 -0.024701937372786465 -0.024239615396978068 0.0075028271790466847 -0.01422401418512583 0.003336143054851688 -0.028282191833746379 -0.014739587113891353 0.038999671924354613 0.005740487941024601 0.038329857919528365 0.030970059446213036 0.053391996900361172 0.049826278076675425 0.033836801625626328 0.053749157502071127 0.041233022629828045 -0.01853250648139099 -0.013215307879608678 0.0044012759059599378 -0.0080938953839424337 -0.0017070122144354958 0.040910565876299987 0.0074529555029688582 0.030346564788119874 0.017917705516733974 -0.00055341718423802615
leaf_weight=75.51402448117733 238.44177366793156 30.992165774106979 149.91006505489349 95.403456911444664 427.34443540871143 99.463174149394035 109.15947683155537 264.07824881374836 75.992278829216957 895.8846371024847 245.49184229969978 33.512533918023109 48.307123631238937 46.119757905602455 44.629580408334732 354.66020639240742 36.755668506026268 120.09320524334908 178.91480746865273 42.030061811208725 17.774968460202217 18.075925454497337 221.39179980754852 36.699345335364342 51.358594372868538 74.138762131333351 15.237382501363752 120.69512951374054 16.83257520198822 278.87923017144203
leaf_count=328 1049 131 657 393 1938 445 465 1170 325 4136 1088 141 206 187 192 1434 150 501 723 171 76 75 967 160 217 305 63 498 73 1229
internal_value=0.000180296 -0.00523525 -0.0115035 0.0394007 -0.0153564 0.0227784 0.00673069 -0.0184292 0.00347716 -0.0214946 -0.0150822 -0.00346516 0.00576995 0.0365421 -0.00768593 0.0464431 0.021178 0.0220933 0.0459803 0.00916444 0.0234571 0.0238359 -0.00449197 0.0134584 0.0186931 0.0271942 0.0515248 0.0195774 -0.0180371 -0.00721029
internal_weight=4463.78 3922.97 3206.15 540.815 2550.23 716.814 346.15 2226.52 655.919 1847.6 951.716 378.92 323.715 370.663 345.407 465.301 127.553 196.085 243.11 90.7972 59.805 64.1957 459.834 81.3289 173.804 122.446 369.898 229.855 116.296 524.371
internal_count=19493 17275 14281 2218 11439 2994 1481 10054 2842 8391 4255 1663 1385 1513 1522 1890 528 826 985 378 247 262 2016 352 728 511 1497 963 518 2317
cat_boundaries=0 1
cat_threshold=10
is_linear=0
shrinkage=0.03


Tree=8
num_leaves=31
num_cat=2
split_feature=5 5 17 31 5 29 1 17 29 2 5 5 31 17 14 16 17 29 16 29 10 10 2 29 14 18 17 17 16 1
split_gain=1077.97 770.089 164.569 151.684 150.818 118.072 111.703 105.906 85.2957 70.3858 71.1089 62.4136 53.9169 49.398 47.0747 43.8686 43.465 39.5944 70.7857 37.9627 37.9229 35.385 35.096 34.5774 33.9463 34.5668 43.6755 32.8652 32.3344 31.5311
threshold=0.56202840805053722 -0.91865202784538258 0.38102295994758612 0 0.33273787796497351 76.34873199462892 15.98741674423218 -0.34192450344562525 75.77988433837892 13.89349412918091 -0.78753387928009022 -0.8126716911792754 1 -1.2670373916625974 0.38499999046325689 1.0481582283973696 -0.18673217296600339 77.084831237792983 0.6538391411304475 77.177566528320327 -0.62499999999999989 0.37500000000000006 82.761775970458999 79.142368316650405 -0.15999999642372129 1.6450098752975466 0.66239419579505932 1.7078151702880862 0.56353142857551586 19.726430892944339
decision_type=2 2 2 1 2 2 2 2 2 2 2 2 1 2 2 2 2 2 2 2 2 2 2 2 2 2 2 2 2 2
left_child=1 3 4 13 8 27 21 -5 14 -7 20 -10 29 -1 16 -15 -3 18 -13 -12 -11 -2 -20 -22 25 26 -9 -4 -16 -6
right_child=6 2 5 7 12 9 -8 24 11 10 19 17 -14 15 28 -17 -18 -19 22 -21 23 -23 -24 -25 -26 -27 -28 -29 -30 -31
leaf_value=-0.0079008682573543584 0.039757235039590007 -0.021040631136711407 0.0089741713338149214 -0.015361594943611709 0.034678180604702256 0.02158036701059236 0.0022680724915726158 0.00021296086315591352 -0.009560759278269956 -0.029010467619844188 -0.0086108623708324138 -0.024562068306708994 -0.0045815610622903678 0.045887157717381048 -0.0010157964623487604 0.019268514163654153 0.0042378105056439632 -0.031054999096041615 0.027760458112992475 -0.025724570293155058 0.03646495672591709 0.058131057833257976 -0.0097375630749238599 -0.013228314942157338 0.028305006706317998 -0.033159561083688761 0.05824083876119527 0.038996561573740811 0.034659279121834197 -0.012265832279855084
leaf_weight=20.089540779590607 298.49762742221355 199.24641072750092 336.69599896669388 114.74498161673546 60.947163566946983 58.26745830476284 59.546041756868362 48.347810938954353 267.33944968879223 14.401978477835653 232.60059741139412 523.97272783517838 289.71985198557377 263.23442879319191 74.00858399271965 73.297880291938782 87.750186964869499 609.85103030502796 33.347708448767662 236.11882394552231 46.923805966973305 150.47093831002712 63.989375650882721 16.507015615701675 148.21866516768932 16.711328461766243 14.392598301172255 35.542010486125946 32.052938282489777 15.706194460391997
leaf_count=87 1205 887 1432 514 257 247 252 207 1187 64 1040 2395 1260 1064 324 300 385 2848 147 1101 195 605 285 72 612 72 60 147 136 70
internal_value=-0.000138218 -0.00545457 -0.0116252 0.0230777 -0.0160746 -0.00133692 0.0409207 0.00782449 -0.0194853 -0.00951296 -0.0128611 -0.0227471 0.0015394 0.0364232 -0.00702385 0.0401638 -0.0133238 -0.0256003 -0.020205 -0.0172684 0.013562 0.0460307 0.00326093 0.0235284 0.0198684 0.00397365 0.0142294 0.0119376 0.00998863 0.0221703
internal_weight=4442.54 3934.03 3234.99 699.037 2257.93 977.058 508.515 342.415 1891.56 604.82 546.552 1498.5 366.373 356.622 393.058 336.532 286.997 1231.16 621.31 468.719 77.8328 448.969 97.3371 63.4308 227.67 79.4517 62.7404 372.238 106.062 76.6534
internal_count=19457 17395 14479 2916 10181 4298 2062 1465 8594 2719 2472 6862 1587 1451 1732 1364 1272 5675 2827 2141 331 1810 432 267 951 339 267 1579 460 327
cat_boundaries=0 1 2
cat_threshold=10 8
is_linear=0
shrinkage=0.03


Tree=9
num_leaves=31
num_cat=1
split_feature=0 6 6 17 29 11 31 8 4 4 6 17 14 16 14 29 17 12 28 6 29 6 8 9 17 12 17 6 10 16
split_gain=722.714 479.977 315.359 195.56 143.585 100.517 95.9847 95.3878 93.8665 88.0192 103.434 69.805 65.1862 61.6448 56.9603 55.7822 42.8458 41.7772 49.4184 44.5965 41.3461 41.2106 40.985 38.6696 36.6801 36.6494 35.6242 33.6434 38.7957 32.3101
threshold=1.5315812230110171 -0.31473593413829798 -0.82436862587928761 0.069999270141124739 76.34873199462892 74.500000000000014 0 -6.9016656875610343 46.500000000000007 38.500000000000007 -0.68159639835357655 -0.34192450344562525 0.49499998986721044 0.97266927361488353 -0.62499999999999989 77.084831237792983 0.60379037261009227 -0.33699999749660486 20.863806724548343 -0.74761795997619618 81.26676177978517 -0.97789707779884327 -6.6039657592773429 -3.9599835872650142 -1.1955825090408323 -0.66249999403953541 -1.2080913782119749 -0.54638096690177906 0.24000000208616259 -0.34565572440624232
decision_type=2 2 2 2 2 2 1 2 8 10 2 2 2 2 2 2 2 2 2 2 2 2 2 2 2 2 2 2 2 2
left_child=2 3 7 8 17 -4 26 16 12 10 15 -8 21 -14 -12 -6 -1 25 -19 -20 27 -2 24 -10 -7 -5 -3 28 -16 -13
right_child=1 6 5 4 9 22 11 -9 23 -11 14 29 13 -15 20 -17 -18 18 19 -21 -22 -23 -24 -25 -26 -27 -28 -29 -30 -31
leaf_value=-0.014273830140360521 -0.031116584241631155 -0.0047709440613893884 0.0025702876532735647 0.036277392665027865 -0.0060351774659047506 -0.011627611628534274 -0.016695669353552794 0.023762417454367531 -0.0061135866853048873 0.020635044468083306 -0.030332124378656029 0.043075495588605933 -0.012128120761508791 0.024420611917820998 0.033009846450045663 -0.025612173093291609 0.016036921717457527 0.025482010386506954 -0.010999615724948444 0.025757788548740928 -0.016275928835474615 -0.018574787926497586 0.050959040110491446 0.021885032944030634 0.036347406463597395 -0.013345236606587974 0.042128627334075686 0.040533260039567108 -0.02289770604158534 0.011642468927707766
leaf_weight=193.60181604325771 306.26668056845665 15.518039777874945 59.6442701369524 15.074554935097693 213.22062766551971 15.322954371571539 68.633635342121124 131.86742556095123 136.44801840186119 81.627477675676346 25.685397550463676 37.975011691451073 216.51129440963268 50.365864813327789 21.764442309737206 341.8818192332983 52.619671672582626 229.31833066046238 82.019669398665428 45.268006324768066 24.9576495885849 1068.6765260845423 289.4375242292881 64.600632101297379 156.01118142902851 79.750872492790222 198.4863266646862 60.060461282730103 20.973133563995361 125.59642787277699
leaf_count=859 1421 66 259 64 949 67 310 553 600 345 113 156 975 218 94 1605 226 965 353 191 110 4868 1162 271 639 347 799 249 92 522
internal_value=0.000131968 -0.00598249 0.0241387 -0.0101909 -0.000986112 0.0392651 0.0230663 0.0032695 -0.0163886 -0.00869395 -0.0120971 0.00818315 -0.0187566 -0.00516512 0.00965667 -0.0181168 -0.00775749 0.0124948 0.0171908 0.0021715 0.0178696 -0.021389 0.0439992 0.00294667 0.0320143 -0.00516039 0.0370005 0.0262365 0.00567742 0.0191574
internal_weight=4429.19 3530.68 898.505 3084.47 1241.6 520.416 446.209 378.089 1842.87 790.171 708.544 232.205 1641.82 266.877 153.441 555.102 246.221 451.431 356.606 127.288 127.756 1374.94 460.772 201.049 171.334 94.8254 214.004 102.798 42.7376 163.571
internal_count=19448 15683 3765 13830 5477 2127 1853 1638 8353 3557 3212 988 7482 1193 658 2554 1085 1920 1509 544 545 6289 1868 871 706 411 865 435 186 678
cat_boundaries=0 1
cat_threshold=10
is_linear=0
shrinkage=0.03


Tree=10
num_leaves=31
num_cat=2
split_feature=5 5 29 31 3 17 4 5 17 29 17 18 14 29 7 17 16 17 7 14 16 14 14 17 10 16 32 17 17 5
split_gain=987.914 737.061 166.452 161.787 110.942 103.263 85.8775 98.0864 83.6687 81.097 69.2599 64.9108 65.6896 65.0935 60.2598 59.6241 54.6359 47.3529 45.4705 44.2617 41.9947 41.8543 41.6257 38.6341 34.9717 34.3629 34.268 35.7013 32.1817 30.4989
threshold=0.52643132209777843 -0.91865202784538258 75.77988433837892 0 3.1872597932815556 -0.34192450344562525 51.500000000000007 -0.78753387928009022 -0.18673217296600339 77.084831237792983 -0.39733999967575068 0.35212390124797827 -0.62499999999999989 81.26676177978517 -3.7485659122467037 -0.11964228376746176 -0.22490999102592465 -1.2670373916625974 -5.8537995815277091 0.41499999165534979 1.0481582283973696 -0.15999999642372129 0.14500000327825549 -0.87325549125671376 0.37500000000000006 -1.579212963581085 1 0.054722087457776077 1.5727599859237673 0.4124008715152741
decision_type=2 2 2 1 2 2 10 2 2 2 2 2 2 2 2 2 2 2 2 2 2 2 2 2 2 2 1 2 2 2
left_child=1 3 8 17 14 -5 7 10 19 15 -4 -12 -13 -14 23 16 -9 -1 -8 -3 -19 -7 -23 -2 26 -10 -6 -28 -17 -11
right_child=4 2 6 5 24 21 18 9 25 29 11 12 13 -15 -16 28 -18 20 -20 -21 -22 22 -24 -25 -26 -27 27 -29 -30 -31
leaf_value=-0.0079229799366318226 -0.022035132485738056 -0.015775350853199352 -0.019308989166996124 -0.017106282211452155 0.025049583489981556 -0.00015333225231489283 -0.011794133451919389 -0.031109924858027278 -0.03010661273003104 -0.028783395611520667 -0.029499651771968633 -0.029838771590442542 0.029820880190543717 -0.021068316388621909 0.047083002171745339 -0.0095465606349633639 -0.0098099657687107447 0.044635281691363791 0.011040415227019169 0.010807217226861506 0.019095416942698604 0.04498279654843234 0.013464636447698072 0.028914587713105969 0.040644544674882883 0.014162806634740864 -0.025034461293068092 0.014057722133959149 0.018128306826477078 0.0062683787353911358
leaf_weight=20.235148698091507 14.310554996132849 243.62140473723412 156.9177620112896 112.84054294228554 32.642236769199371 78.950648814439774 168.0918894559145 267.13500908017159 15.701797619462011 807.01982246339321 36.170782953500748 25.573828309774399 131.52478605508804 26.529454708099365 369.89127787947655 405.96865516901016 184.06431548297405 264.46150490641594 145.47964909672737 72.478413611650467 76.959549874067307 64.292618319392204 92.351026803255081 121.05964657664299 27.476715192198753 311.0545738786459 47.220365449786186 36.413238689303398 40.767624229192734 22.642522618174553
leaf_count=88 60 1094 712 510 136 336 752 1250 68 3849 162 115 557 118 1485 1806 841 1064 621 315 313 262 380 490 114 1324 202 152 176 102
internal_value=3.19704e-05 -0.00585463 -0.0122435 0.0216621 0.0341901 0.00621624 -0.0158495 -0.0180311 0.00132303 -0.0210543 -0.00414777 0.00671449 0.013969 0.0212004 0.0407983 -0.0147787 -0.0224616 0.0353392 -0.00119876 -0.00966538 0.0389509 0.0176747 0.0266042 0.0234064 0.0108421 0.0119501 0.00351303 -0.00719856 -0.0069862 -0.0278204
internal_weight=4419.85 3770.83 3060.74 710.091 649.014 348.435 2417.89 2104.31 642.856 1727.6 376.717 219.799 183.628 158.054 505.261 897.936 451.199 361.656 313.572 316.1 341.421 235.594 156.644 135.37 143.753 326.756 116.276 83.6336 446.736 829.662
internal_count=19454 16815 13862 2953 2639 1488 11061 9688 2801 8024 1664 952 790 675 2035 4073 2091 1465 1373 1409 1377 978 642 550 604 1392 490 354 1982 3951
cat_boundaries=0 1 2
cat_threshold=10 104
is_linear=0
shrinkage=0.03


Tree=11
num_leaves=31
num_cat=0
split_feature=5 5 29 5 17 28 5 2 17 29 10 17 28 20 10 4 18 10 12 17 12 10 14 28 28 29 17 14 12 21
split_gain=932.712 587.77 139.525 148.26 116.771 97.4592 95.2068 89.1868 80.8935 77.7979 74.834 71.8504 71.6918 59.9305 57.7776 56.2761 53.5049 53.2897 52.6365 50.4664 47.4378 48.4165 43.3047 42.3925 40.0894 46.6942 38.4377 37.9651 37.5744 36.1063
threshold=0.56202840805053722 -0.91865202784538258 75.77988433837892 0.4124008715152741 -0.34192450344562525 20.863806724548343 -0.78753387928009022 7.8629119396209726 -0.18673217296600339 77.084831237792983 0.37500000000000006 -0.73506319522857655 20.863806724548343 1.0000000180025095e-35 -0.37499999999999994 17.500000000000004 1.3311007022857668 -0.64500001072883595 -0.027500000782310959 -0.53089502453804005 0.12900000065565112 -0.91499999165534962 0.34499999880790716 22.825375556945804 20.863806724548343 84.152141571044936 0.68395850062370311 -0.49499998986721033 0.12900000065565112 1.0000000180025095e-35
decision_type=2 2 2 2 2 2 2 2 2 2 2 2 2 2 2 10 2 2 2 2 2 2 2 2 2 2 2 2 2 2
left_child=1 4 8 6 12 -5 11 -2 22 13 -9 -4 -1 29 20 -11 -13 -7 -10 -19 21 -6 -3 -20 -16 -26 -17 -18 -14 -8
right_child=7 2 3 5 14 17 9 10 18 15 -12 16 28 -15 24 26 27 19 23 -21 -22 -23 -24 -25 25 -27 -28 -29 -30 -31
leaf_value=-0.01699719854371674 0.046701900470257171 -0.016470330204363767 -0.02598259571153088 -0.018599030078871984 0.028635637321364923 -0.021466390542930661 -0.0059644347784236851 0.0061122002742558176 -0.00067426060687552118 -0.028609381802900048 0.047754033202692191 -0.0025394846994300172 0.0056630047045597223 -0.028123351270466806 0.021659818400179897 -0.015353102678715201 -0.00066921402474188769 0.0081827959117831677 0.029469726525128671 0.042919942152916592 0.032526275257912476 -0.032503553188643723 0.0075335868422078079 -0.0085568291774986132 0.046350309486874741 0.0034139324460228542 0.024506648215693816 0.045048854334753655 0.038745362398611378 -0.022138094709268863
leaf_weight=99.375703036785126 342.18301697075367 224.09932239353657 88.564926087856293 85.443177580833435 16.427412897348404 23.051792189478874 601.8408115953207 115.98685239255428 163.60419788956642 771.81253863871098 57.66702988743782 215.70211175084114 99.743123278021812 190.66105797886848 167.19213968515396 116.66851696372032 26.276683062314987 71.062274321913719 148.58541911840439 80.435394391417503 34.041486158967018 34.593798950314522 96.003527939319611 31.564174070954323 195.61934322118759 25.973307877779007 25.778034195303917 42.136585012078285 44.052973106503487 155.99406078457832
leaf_count=452 1371 1012 406 371 68 99 2685 478 703 3727 233 955 416 903 687 529 113 301 623 338 141 145 417 134 784 107 113 177 180 731
internal_value=-4.25088e-05 -0.00508876 -0.0106544 -0.0139051 0.019415 0.00751289 -0.0163983 0.0378145 0.00156716 -0.0191663 0.0201349 -0.00254881 0.00249823 -0.0131241 0.0280729 -0.0254136 0.00482152 0.020328 0.0116565 0.0267865 0.00559928 -0.0126464 -0.00927016 0.0227966 0.032963 0.0413556 -0.00801927 0.0277324 0.0159956 -0.00931844
internal_weight=4392.14 3876.3 3159.28 2495.43 717.019 259.993 2235.44 515.837 663.857 1862.76 173.654 372.68 243.172 948.496 473.847 914.259 284.115 174.549 343.754 151.498 85.0627 51.0212 320.103 180.15 388.785 221.593 142.447 68.4133 143.796 757.835
internal_count=19399 17317 14337 11448 2980 1109 10339 2082 2889 8688 711 1651 1048 4319 1932 4369 1245 738 1460 639 354 213 1429 757 1578 891 642 290 596 3416
is_linear=0
shrinkage=0.03


Tree=12
num_leaves=31
num_cat=2
split_feature=5 5 32 31 2 12 28 12 20 21 5 14 10 10 14 6 5 5 5 10 7 5 18 5 9 28 10 10 2 14
split_gain=862.132 687.9 148.498 135.569 104 81.9042 84.4544 74.7738 64.38 70.2252 64.3736 58.4247 106.848 65.2874 108.248 72.5044 58.386 56.2301 51.1707 51.0113 53.1724 47.4501 46.8756 46.023 45.6553 45.1395 45.1313 44.2763 44.7288 43.8682
threshold=0.52643132209777843 -0.91865202784538258 0 1 15.763494014739992 0.028500000014901165 20.863806724548343 0.43999999761581426 1.0000000180025095e-35 1.0000000180025095e-35 -0.8126716911792754 0.39499999582767492 0.2950000017881394 -0.31000000238418574 -1.0349999666213987 -0.94107943773269642 0.3732354491949082 0.3732354491949082 0.12431468442082406 0.37500000000000006 -3.5005717277526851 0.4124008715152741 0.84393888711929332 -0.83753159642219532 -44.092308044433587 18.840229988098148 0.37500000000000006 -0.49500000476837153 179.67922210693362 0.76499998569488536
decision_type=2 2 1 1 2 2 2 2 2 2 2 2 2 2 2 2 2 2 2 2 2 2 2 2 2 2 2 2 2 2
left_child=1 3 5 -1 19 11 7 8 9 16 -8 13 -13 14 -3 -15 -7 -12 -9 20 -2 -4 -11 -14 -16 -17 -6 -5 -29 -25
right_child=4 2 21 27 26 6 10 18 -10 22 17 12 23 15 24 25 -18 -19 -20 -21 -22 -23 -24 29 -26 -27 -28 28 -30 -31
leaf_value=0.033567112572508502 0.011000514266204247 -0.034651037496692114 -0.024037630683311616 -0.02803055551633496 -0.0010127275729282298 0.026001851059060381 0.017273239667487426 -0.029195746386029477 -0.014003579107275841 0.021160614557784337 -0.022273632812673715 0.030149005520238522 0.031869979469501049 -0.033417605261527407 -0.024652301286320795 -0.025616939644383011 -0.025188413474926459 0.019069175249361348 0.020868079745401245 0.052596971397600001 0.038796019249326151 0.0034937089315642679 -0.022200112067529788 -0.02841754833119756 0.016430045032315169 -0.0050975667833014467 0.037769119288967729 0.00026356959836588279 0.023175434431617271 -0.00060801257510390136
leaf_weight=369.36036537587643 83.416670456528664 67.953783497214317 813.0196691006422 28.809890776872635 101.61606685817242 298.05299563705921 55.545044153928757 75.54648956656456 76.20037317276001 34.103202432394028 264.16400654613972 74.173458144068718 19.440216466784477 257.75478233397007 28.230312719941139 156.76909893751144 20.717664241790771 32.561094120144844 23.382853016257286 164.68129149079323 251.3535565584898 60.276565432548523 61.373883366584778 108.13819850981236 146.69738858938217 250.09778262674809 35.757097959518433 175.76591676473618 135.0676214247942 96.002323806285858
leaf_count=1492 340 312 3875 129 427 1290 245 337 352 157 1228 324 83 1196 129 713 89 139 104 662 1011 260 283 494 654 1130 146 753 568 424
internal_value=0.000250225 -0.00526108 -0.0115043 0.0213126 0.0324817 -0.00713836 -0.000540564 0.00640252 0.0112035 0.0158628 -0.0121422 -0.0123476 -0.000811987 -0.0161274 -0.00280152 -0.0209857 0.0226065 -0.0176881 -0.0172723 0.0388315 0.0319234 -0.0218852 -0.00665341 -0.0111719 0.00969762 -0.0130473 0.00928187 0.00674311 0.0102619 -0.0154061
internal_weight=4366.03 3729.2 3020.2 709.004 636.825 2146.9 941.648 589.377 490.448 414.248 352.27 1205.26 297.754 907.503 242.881 664.622 318.771 296.725 98.9293 499.452 334.77 873.296 95.4771 223.581 174.928 406.867 137.373 339.643 310.834 204.141
internal_count=19346 16760 13818 2942 2586 9683 4224 2612 2171 1819 1612 5459 1325 4134 1095 3039 1379 1367 441 2013 1351 4135 440 1001 783 1843 573 1450 1321 918
cat_boundaries=0 1 2
cat_threshold=44 10
is_linear=0
shrinkage=0.03


Tree=13
num_leaves=31
num_cat=4
split_feature=5 5 17 5 29 31 2 16 5 2 14 17 5 32 17 12 31 16 14 14 12 31 14 29 16 29 2 15 10 5
split_gain=838.841 539.765 148.179 123.881 107.163 99.0263 79.4777 77.8054 72.903 93.719 68.0348 64.8329 58.4851 57.6523 55.8717 44.9251 65.8239 43.4528 41.7192 40.9108 40.3449 54.7935 47.1205 39.1609 36.6827 35.6824 35.1817 34.6865 33.8262 33.7083
threshold=0.56202840805053722 -0.94917574524879444 0.069999270141124739 0.33273787796497351 76.34873199462892 0 44.960895538330085 0.96688616275787365 -0.73172146081924427 64.190715789794936 0.55000001192092907 -0.34192450344562525 -0.34091138839721674 1 -1.2670373916625974 0.12150000035762788 2 -0.1622507497668266 -0.37499999999999994 -0.62499999999999989 -0.027500000782310959 3 0.39499999582767492 77.084831237792983 -1.5033400058746336 81.26676177978517 3.9262043237686162 42.500000000000007 0.95499998331069957 -0.98097097873687733
decision_type=2 2 2 2 2 1 2 2 2 2 2 2 2 1 2 2 1 2 2 2 2 1 2 2 2 2 2 2 2 2
left_child=1 5 3 7 20 14 18 12 19 -10 -9 -7 24 -5 -1 -14 17 -17 26 -6 22 28 -4 -11 -3 -21 -2 -26 -22 -13
right_child=6 2 4 13 8 11 -8 10 9 23 -12 29 15 -15 -16 16 -18 -19 -20 25 21 -23 -24 -25 27 -27 -28 -29 -30 -31
leaf_value=-0.016786275431283023 0.034599541178774867 0.019459427226145899 -0.0062819470059177103 -0.0072582092020638637 -0.027011668148815744 -0.014169841381308853 -0.01471831496933821 -0.010737829684386368 0.0061316200878100292 -0.009088370097230505 0.031114525233471677 0.027428496079786396 -0.031758757525105291 0.017648213472629348 0.039422566040148266 -0.0088184446336419565 -0.028619029360917612 0.034651005164489546 0.042595359337525521 0.023664059314538549 0.033902498230431365 -0.0020011884948076038 0.024752511830650022 -0.026905525545751343 -0.0087369981403857162 -0.013747802399785916 -0.0015408370241707429 -0.021095362290918202 -0.0085467070080181666 0.00063505129890429268
leaf_weight=16.393247038125992 62.055438801646233 26.731444910168648 191.30131123960018 210.41907019913197 22.363180041313171 77.958274751901627 26.387566357851028 114.03711864352226 171.83532483875751 187.11111810803413 49.221243262290955 122.42276112735271 455.80275692045689 123.86344633996487 265.28138200938702 62.149620592594147 112.70124381780624 29.820805311203003 399.83068296313286 109.56961765885353 144.31201210618019 91.344957262277603 56.108830988407135 277.35618849098682 364.35155786573887 28.240474700927734 39.250145182013512 471.39333000779152 18.714100316166878 64.335910007357597
leaf_count=71 249 125 827 924 101 357 113 520 761 843 214 497 2184 529 1064 290 548 133 1608 460 598 392 237 1369 1655 126 160 2225 78 270
internal_value=0.000103004 -0.00474311 -0.00929318 -0.0143726 -0.00138312 0.0228602 0.035552 -0.0176783 -0.0082206 -0.0127713 0.00199296 0.00837078 -0.019787 0.0023055 0.0348699 -0.0265114 -0.0147279 0.00496347 0.0382231 0.00982455 0.00946475 0.0178295 0.000827504 -0.0197628 -0.0146127 0.0159537 0.020719 -0.0157245 0.0273404 0.018251
internal_weight=4392.66 3865.14 3318.75 2020.49 1298.26 546.392 527.524 1686.21 796.476 636.303 163.258 264.717 1522.95 334.283 281.675 660.474 204.672 91.9704 501.136 160.173 501.781 254.371 247.41 464.467 862.476 137.81 101.306 835.745 163.026 186.759
internal_count=19528 17398 15139 9347 5792 2259 2130 7894 3660 2973 734 1124 7160 1453 1135 3155 971 423 2017 687 2132 1068 1064 2212 4005 586 409 3880 676 767
cat_boundaries=0 1 2 3 4
cat_threshold=10 21 4 4
is_linear=0
shrinkage=0.03


Tree=14
num_leaves=31
num_cat=2
split_feature=5 5 17 5 29 1 31 29 17 4 5 5 32 14 17 16 10 10 29 16 5 5 10 14 14 12 17 16 18 5
split_gain=762.734 534.267 147.979 131.739 98.9056 93.4451 91.7624 73.4618 71.4424 63.9315 67.1781 58.7949 54.2032 46.7778 41.7715 39.9499 39.0219 35.5244 35.8224 55.6027 33.2046 33.1892 32.9215 32.7387 32.2169 31.7367 31.7314 30.5988 30.3135 30.0425
threshold=0.56202840805053722 -0.93404099345207203 0.41494375467300421 0.33273787796497351 76.34873199462892 15.98741674423218 0 75.77988433837892 -0.57472997903823841 17.500000000000004 -0.78753387928009022 -0.85957497358322132 1 0.41499999165534979 -1.2670373916625974 1.4732903838157656 0.34499999880790716 1.1600000262260439 77.084831237792983 0.74319502711296093 0.20903649181127551 -0.98097097873687733 -0.64500001072883595 -0.37499999999999994 -0.15999999642372129 -0.35050000250339503 1.7078151702880862 0.50235500931739818 1.637889087200165 0.4124008715152741
decision_type=2 2 2 2 2 2 1 2 2 10 2 2 1 2 2 2 2 2 2 2 2 2 2 2 2 2 2 2 2 2
left_child=1 6 3 7 25 23 14 13 -8 10 -6 16 22 -3 -1 -16 -9 18 19 -13 -21 -10 -5 -2 -23 -4 -27 -15 -11 -24
right_child=5 2 4 12 9 -7 8 11 21 28 -12 17 -14 27 15 -17 -18 -19 -20 20 -22 24 29 -25 -26 26 -28 -29 -30 -31
leaf_value=-0.011049777015331729 0.022735520547992449 -0.010855546284132021 -0.0067800669794796566 -0.018796968879241118 0.014054511353275753 0.00010275676757795592 -0.017821020334010947 -0.012237734086473672 0.025328073022617987 0.0025189494509884141 -0.01700305416683481 -0.021325584054815942 -0.0060535161517836326 0.0011398323472083072 0.037214368582401153 0.0020844204596051721 0.01815730729468816 0.015588554581919859 -0.027789466312757742 -0.0068204958999849106 0.033426955921471158 -0.018533809069048442 0.0017220287944938043 0.043240700721324361 0.014451200223808322 0.013324338079656325 0.043634921315178397 0.037692436081952697 0.036125586601135712 0.034304222064859294
leaf_weight=19.406565338373184 91.473999947309494 302.50010249018669 60.287350311875343 17.816682487726212 73.937624290585518 62.711724489927292 74.736919596791267 147.28354062139988 137.49742838740349 75.214126199483871 387.87962448596954 562.3251571059227 227.18035373091698 60.711122214794159 295.22434827685356 32.448158949613571 50.157856687903404 21.543777972459793 634.61104695498943 72.315634816884995 23.664054840803146 38.61438000202179 37.135311231017113 362.45026767253876 80.546348989009857 262.48608347773552 34.645272836089134 30.256840422749519 34.701983317732811 80.84503747522831
leaf_count=84 368 1369 262 78 313 263 344 665 563 325 1851 2674 999 267 1186 131 218 98 3135 326 104 170 163 1458 336 1101 141 126 147 337
internal_value=0.00023075 -0.00433612 -0.00946739 -0.0135964 0.00061649 0.0344351 0.0198248 -0.0167505 0.00760058 -0.00711884 -0.0120111 -0.0197544 0.0029611 -0.00518717 0.0303509 0.0337525 -0.00446361 -0.0220461 -0.0226847 -0.017729 0.00334498 0.0153386 0.0171639 0.0391676 0.00369703 0.0129754 0.016993 0.0135752 0.0133591 0.0241494
internal_weight=4392.61 3875.97 3197.5 2268.35 929.152 516.636 678.474 1905.37 331.395 571.733 461.817 1511.9 362.977 393.468 347.079 327.673 197.441 1314.46 1292.92 658.305 95.9797 256.658 135.797 453.924 119.161 357.419 297.131 90.968 109.916 117.98
internal_count=19602 17513 14699 10559 4140 2089 2814 8982 1413 2636 2164 7220 1577 1762 1401 1317 883 6337 6239 3104 430 1069 578 1826 506 1504 1242 393 472 500
cat_boundaries=0 1 2
cat_threshold=10 106
is_linear=0
shrinkage=0.03


Tree=15
num_leaves=31
num_cat=3
split_feature=5 5 17 5 29 1 31 32 5 5 2 17 17 14 32 14 14 3 18 14 17 29 14 18 18 12 10 28 18 12
split_gain=732.166 488.165 142.727 107.093 88.5528 76.3638 74.5054 71.8223 71.7919 70.8914 67.9699 65.0155 62.5543 61.3561 46.7198 46.6916 42.639 49.4591 37.1812 58.4075 35.2795 35.1687 33.8648 30.941 39.2316 29.3259 29.3202 28.3483 27.91 33.6241
threshold=0.56202840805053722 -0.96105405688285817 0.38102295994758612 0.33273787796497351 76.34873199462892 15.98741674423218 0 1 -0.78753387928009022 -0.8126716911792754 13.89349412918091 -0.2980938702821731 -0.34192450344562525 0.38499999046325689 2 -0.56999999284744252 -0.84999999403953541 253.42891693115237 1.6888062953948977 -0.15999999642372129 1.7078151702880862 81.26676177978517 0.49499998986721044 0.64485144615173351 0.57016858458518993 -0.23350000381469724 0.27500000596046453 18.543931961059574 0.93705850839614879 -0.10600000247359274
decision_type=2 2 2 2 2 2 1 1 2 2 2 2 2 2 1 2 2 2 2 2 2 2 2 2 2 2 2 2 2 2
left_child=1 6 3 7 20 23 18 11 15 22 -10 13 -8 -3 -5 -6 -13 -18 -1 -20 -4 -17 -9 24 -2 -7 -15 -12 -28 -30
right_child=5 2 4 14 8 25 12 9 10 -11 27 16 -14 26 -16 21 17 -19 19 -21 -22 -23 -24 -25 -26 -27 28 -29 29 -31
leaf_value=0.040585547473992463 0.031540475029837346 -0.021813067645796737 0.0090435786355298007 0.01516808301997399 -0.021558362533132768 -0.032775123539862387 -0.013096798594235246 -0.014017049145057163 0.019608569577447846 -0.02722600229872351 -0.0011605901065189601 -0.02702380632302033 0.019957759077234134 0.036102981723818997 -0.0061020610027962769 0.035084432763402222 -0.009949787980377045 0.010880201259372604 -0.030924208959221083 0.038356609040412007 0.03846170678499064 -0.01346073781267117 0.013558777730323712 0.04124340084962002 -0.021066353842700725 0.014112746136835412 -0.025124524256706058 -0.018857099614108228 -0.017683489523368314 0.014143926486665837
leaf_weight=215.10979618132114 50.906456604599953 476.19182971119881 351.77760809659958 141.95131005346775 22.774715080857277 14.860825583338736 72.253299281001091 157.93441730737686 57.841914981603622 630.01817378401756 106.67498409748077 51.258145824074745 173.82445669174194 15.98326802253723 227.43897262215614 70.115127623081207 182.05063636600971 232.43846003711224 17.753879547119141 25.438758730888367 40.159445971250534 15.991896122694014 52.714320331811905 387.69723816215992 16.137207359075546 48.445564478635788 45.29843907058239 345.6731323748827 47.044610694050789 78.018899917602539
leaf_count=867 205 2270 1483 603 101 63 334 706 243 3096 478 240 710 71 1002 285 840 1049 73 103 163 70 226 1563 65 202 213 1680 219 354
internal_value=0.000237741 -0.00426637 -0.00841122 -0.0124819 0.0010067 0.0336873 0.0232198 -0.0152615 -0.00605518 -0.021933 -0.0107757 -0.00999288 0.00984029 -0.0161122 0.0023354 0.0159605 -0.00148618 0.00172939 0.0341812 0.00982409 0.0121481 0.0260175 -0.00708481 0.0379763 0.0187547 0.00276757 -0.00150545 -0.0146956 -0.00522394 0.00212624
internal_weight=4371.78 3853.73 3349.35 2338.34 1011.01 518.047 504.38 1968.95 619.072 840.667 510.19 1128.28 246.078 662.537 369.39 108.882 465.747 414.489 258.302 43.1926 391.937 86.107 210.649 454.741 67.0437 63.3064 186.345 452.348 170.362 125.064
internal_count=19577 17479 15392 10889 4503 2098 2087 9284 2857 4028 2401 5256 1044 3127 1605 456 2129 1889 1043 176 1646 355 932 1833 270 265 857 2158 786 573
cat_boundaries=0 1 2 3
cat_threshold=10 36 106
is_linear=0
shrinkage=0.03


Tree=16
num_leaves=31
num_cat=1
split_feature=3 6 3 29 17 31 9 6 14 7 17 17 28 12 16 14 17 14 6 12 28 16 18 17 12 12 17 17 18 14
split_gain=619.164 463.648 148.122 166.733 111.684 92.8987 86.8672 72.2891 61.6492 57.9078 55.4013 51.6465 47.5415 56.7303 50.5781 42.0688 43.3266 40.5528 38.123 36.9698 49.5061 34.7531 32.8494 43.4718 31.5206 33.5879 31.3593 31.1216 34.9166 32.3084
threshold=0.050898358225822456 -0.35488262772560114 18.527454376220707 76.34873199462892 0.41494375467300421 0 -4.9689743518829337 -0.61626377701759327 -0.37499999999999994 -4.5858092308044425 -0.57472997903823841 -1.2670373916625974 18.543931961059574 0.028500000014901165 0.61092832684516918 0.49499998986721044 -1.0289596915245054 -0.15999999642372129 -0.82436862587928761 -0.095499999821186052 20.863806724548343 0.50235500931739818 1.6450098752975466 0.66239419579505932 -0.37100000679492945 -0.61199998855590809 1.7078151702880862 -0.41716000437736506 0.51983559131622326 -0.56999999284744252
decision_type=2 2 2 2 2 1 2 2 2 2 2 2 2 2 2 2 2 2 2 2 2 2 2 2 2 2 2 2 2 2
left_child=9 2 6 4 15 11 18 12 -8 -1 -7 -3 13 -5 -15 16 -4 22 -2 -18 -21 -17 23 -12 25 -6 -26 -9 -29 -30
right_child=1 5 3 7 24 10 8 27 -10 -11 17 -13 -14 14 -16 21 19 -19 -20 20 -22 -23 -24 -25 26 -27 -28 28 29 -31
leaf_value=0.012312031750982761 -0.0073863621753855789 -0.01560312303481419 -0.028761820692541538 -0.021193985710721792 0.029216626561654892 -0.016409743105364617 -0.009022942730108641 -0.015567624565934251 0.032289766909353416 0.040595646164281789 -0.0048103996816161948 0.033006105081603759 -0.023323226243888346 -0.0055575320346095882 0.036945732375136847 -0.004096257241249417 -0.01650225548340617 0.02184507684459875 0.019703610460770193 0.0087429711766553141 -0.018247996000655096 0.029593807002692339 -0.032896813953045036 0.052554814070324279 0.012715872644793857 -0.022371171189256814 0.043460633509299462 -0.017920227002627593 -0.019705643633018882 0.017620577005450805
leaf_weight=82.782328575849533 280.05026495456696 20.364202216267586 108.72801011800766 181.35065333545208 14.757674545049666 72.096225470304489 41.750078126788139 131.17958854138851 140.14759142696857 325.38143509626389 54.328654229640961 326.14581030607224 1040.6352318525314 110.7907539755106 31.544977188110352 77.929453402757645 240.23714242875576 168.54453080892563 55.099187940359116 180.30991476774216 91.291688144207001 41.463093087077141 23.280277997255325 14.171615719795225 241.20385587215424 40.009049654006958 33.43544340133667 50.093098253011703 24.526578232645988 116.06540080904961
leaf_count=342 1232 88 516 859 62 336 173 612 574 1321 234 1315 5172 517 138 351 1112 689 222 815 430 176 102 57 1008 176 135 229 112 489
internal_value=-0.000227265 -0.00386391 -0.00854514 -0.0113093 -0.00203965 0.01868 0.00617957 -0.0171833 0.02281 0.0349034 0.0065129 0.0292704 -0.0201988 -0.0101132 0.00405424 -0.00850594 -0.0116414 0.013149 -0.00288735 -0.00795554 -0.000362988 0.00775238 -0.00288374 0.00764297 0.0124676 -0.00819547 0.0166029 -0.00437824 0.00336042 0.0110158
internal_weight=4359.69 3951.53 3272.6 2755.55 1069.37 678.931 517.047 1686.19 181.898 408.164 332.421 346.51 1364.32 323.686 142.336 739.959 620.567 260.325 335.149 511.839 271.602 119.393 91.7805 68.5003 329.406 54.7667 274.639 321.865 190.685 140.592
internal_count=19594 17931 15110 12909 4781 2821 2201 8128 747 1663 1418 1403 6686 1514 655 3400 2873 1082 1454 2357 1245 527 393 291 1381 238 1143 1442 830 601
cat_boundaries=0 1
cat_threshold=10
is_linear=0
shrinkage=0.03


Tree=17
num_leaves=31
num_cat=2
split_feature=3 6 17 7 17 29 4 4 12 18 12 6 16 28 13 31 6 6 6 17 32 14 14 6 6 7 4 18 14 29
split_gain=580.825 439.79 154.384 103.928 100.432 99.6978 80.0773 76.5781 64.8516 60.741 59.7484 52.1435 44.9592 43.5973 43.0716 42.2562 42.8642 41.5083 39.6956 39.073 38.0837 33.7797 32.9957 32.4451 30.9216 30.6126 43.0527 30.239 30.1271 28.1466
threshold=1.196043908596039 -0.39505837857723231 0.069999270141124739 -4.8531422615051261 -0.34192450344562525 76.836559295654311 59.500000000000007 23.500000000000004 -0.027500000782310959 1.5407053232192995 0.36050000786781317 -0.68159639835357655 0.74319502711296093 20.863806724548343 48.500000000000007 0 -0.27338597923517222 -0.18987156450748441 -0.94107943773269642 1.0224600434303286 1 0.52500000596046459 0.47499999403953558 -0.82436862587928761 -0.97789707779884327 -29.414137840270993 193.50000000000003 1.4408521652221682 1.1899999976158144 81.26676177978517
decision_type=2 2 2 2 2 2 10 8 2 2 2 2 2 2 2 1 2 2 2 2 1 2 2 2 2 2 10 2 2 2
left_child=3 2 7 23 9 8 11 12 14 15 13 -7 18 24 22 16 -3 19 -2 20 -6 -14 -4 -1 -10 -9 -27 -15 -26 -13
right_child=1 4 5 -5 17 6 -8 25 10 -11 -12 29 21 27 -16 -17 -18 -19 -20 -21 -22 -23 -24 -25 28 26 -28 -29 -30 -31
leaf_value=-0.010398089513234664 -0.026257660822837033 -0.0037330897871934617 -0.017873074096095256 0.03584250533597149 0.023345900349212453 -0.019791988564370068 0.018375562805157959 -0.023041310725677448 0.056136289617891189 -0.02851730496587624 -0.0087540818730698546 0.015829686218429648 -0.012917308061815777 -0.0098634035478231893 0.0095054370118381453 -0.0064290636236186824 0.037329912665246483 0.03364465582223615 -0.01542364973760584 0.044937780247756798 -0.0027498882464470505 0.013231884181295972 0.013615414390414865 0.020185191118588568 0.028454824515229488 0.011281080694773378 -0.011733899060306275 0.02755936834198933 -0.01384372207486388 -0.021197514706790082
leaf_weight=63.352496787905693 515.23788756132126 34.846009388566017 157.6080784201622 422.65234372019768 88.133437424898148 387.25424540042877 73.823735803365707 52.451672494411469 32.809233039617538 48.44768887758255 70.826204568147659 65.082157224416733 138.05005788803101 52.874759629368782 147.17223499715328 89.350754991173744 64.691528394818306 243.39971552789211 760.81334090232849 33.894056633114815 104.2750182300806 64.425968557596207 36.140319764614105 59.715934112668037 143.81265434622765 172.97557130455971 125.23947031795979 29.420970901846886 16.328952133655548 24.690535470843315
leaf_count=278 2567 143 699 1723 355 1931 313 251 137 217 307 280 648 231 636 412 261 983 3642 137 438 286 154 240 603 767 548 123 69 115
internal_value=-0.00010763 -0.00429295 -0.0092103 0.028792 0.0170207 -0.00102655 -0.0105244 -0.0147448 0.00659334 0.00110418 0.0157225 -0.015026 -0.0177324 0.0220297 -0.0026927 0.00881192 0.0209743 0.0250438 -0.0198153 0.0156858 0.0103272 -0.00457274 -0.0119597 0.00448478 0.0297944 -0.0021334 0.00160871 0.00368559 0.0240827 0.00552462
internal_weight=4319.8 3774.08 3067.04 545.721 707.038 1237.84 550.851 1829.19 686.993 237.336 346.073 477.027 1478.53 275.247 340.921 188.888 99.5375 469.702 1276.05 226.303 192.408 202.476 193.748 123.068 192.951 350.667 298.215 82.2957 160.142 89.7727
internal_count=19494 17253 14307 2241 2946 5598 2639 8709 2959 1033 1470 2326 7143 1163 1489 816 404 1913 6209 930 793 934 853 518 809 1566 1315 354 672 395
cat_boundaries=0 1 2
cat_threshold=10 56
is_linear=0
shrinkage=0.03


Tree=18
num_leaves=31
num_cat=3
split_feature=5 5 17 5 14 5 16 4 32 8 1 17 18 31 17 12 12 16 5 10 32 10 10 17 28 10 10 12 14 28
split_gain=636.388 448.154 118.027 103.09 99.1119 88.4258 101.185 87.3254 74.393 64.5641 63.2403 59.1872 56.1842 48.9301 40.8692 38.7684 55.5035 41.3737 37.0556 40.0311 36.126 35.8224 50.4009 40.579 35.5609 31.9562 31.2701 37.669 42.3376 33.6194
threshold=0.56202840805053722 -0.96105405688285817 -0.2980938702821731 -0.78753387928009022 -0.62499999999999989 0.33273787796497351 1.1675921082496645 7.5000000000000009 0 -55.639192581176751 19.223432540893558 -1.2670373916625974 0.51983559131622326 1 1.5727599859237673 -0.02450000029057264 0.43999999761581426 -1.579212963581085 0.45150023698806768 -0.46499998867511744 2 0.2950000017881394 0.25499999523162847 -0.3120040744543075 25.763958930969242 0.37500000000000006 0.1799999997019768 -0.33699999749660486 -0.6599999964237212 20.863806724548343
decision_type=2 2 2 2 2 2 2 10 1 2 2 2 2 1 2 2 2 2 2 2 1 2 2 2 2 2 2 2 2 2
left_child=1 11 5 4 -4 6 -3 8 14 -9 25 -1 -6 -13 26 18 17 -17 -11 -20 -7 22 23 -15 -14 -2 27 -5 -29 -30
right_child=10 2 3 7 12 20 -8 9 -10 15 -12 13 24 21 -16 16 -18 -19 19 -21 -22 -23 -24 -25 -26 -27 -28 28 29 -31
leaf_value=-0.023449778630985664 0.029150238556150145 -0.020870810662676285 -0.029897024313706968 -0.022300216662208494 -0.0065389418471009644 0.019376374270675158 0.016248260574160022 -0.018375170265619824 -0.02205009370044541 -0.0086692446562633661 0.0006461079504194822 0.033414519047990865 0.02650882153620562 -0.01309492570183101 0.026836578219947466 -0.019098128638710941 -0.024263769466698337 0.023719761813876711 -0.022020218762537257 0.033931431825522128 -0.005498764739094877 0.032554170444570957 -0.032348322850032384 0.022097459216148689 -0.011412785866222529 0.046340204517920112 -0.016406271636356818 -0.016512499577429871 0.022230318052417809 -0.0075828521436961532
leaf_weight=23.889405190944672 307.26071338355541 1068.5661074817181 46.96940290927887 55.865754947066307 74.834208071231842 60.437279611825943 69.732336565852165 115.34310662746429 416.63673913478851 184.91895094513893 54.351847544312477 248.37707170844078 232.24288594722748 39.672165483236313 33.417126536369324 21.786469638347626 28.529955625534058 205.06692326068878 15.01188851892948 41.372822239995003 188.28644283115864 60.528586819767952 25.45007161796093 107.94453167915344 24.048809871077538 150.19135361909866 188.94657616317272 58.523345202207565 110.28476785123348 48.446603506803513
leaf_count=110 1247 5229 211 258 335 256 313 547 2131 834 229 1007 964 185 141 96 126 883 65 173 830 249 108 441 105 615 846 269 486 218
internal_value=-0.000113045 -0.00435045 -0.00839456 -0.00353885 0.0104646 -0.0150466 -0.0185846 -0.00701727 -0.0128944 0.00174829 0.0312554 0.0219103 0.0162626 0.0242025 -0.00462942 0.00644899 0.0145726 0.0195419 -0.00217327 0.0189107 0.00115474 0.0123559 0.00585513 0.012615 0.02292 0.0348828 -0.00705808 -0.000554677 0.00511361 0.0131405
internal_weight=4306.93 3795.13 3289.27 1902.25 378.095 1387.02 1138.3 1524.15 912.121 612.03 511.804 505.862 331.126 481.972 495.484 496.687 255.383 226.853 241.304 56.3847 248.724 233.595 173.067 147.617 256.292 457.452 462.067 273.12 217.255 158.731
internal_count=19507 17416 15316 8688 1615 6628 5542 7073 4349 2724 2091 2100 1404 1990 2218 2177 1105 979 1072 238 1086 983 734 626 1069 1862 2077 1231 973 704
cat_boundaries=0 1 2 3
cat_threshold=12 10 98
is_linear=0
shrinkage=0.03


Tree=19
num_leaves=31
num_cat=3
split_feature=5 5 17 5 29 4 5 1 17 10 5 29 16 5 10 32 32 18 5 17 17 32 18 16 17 18 29 10 10 16
split_gain=605.89 395.704 118.65 97.5283 98.228 87.4826 78.1823 63.1803 59.9277 57.337 55.0093 52.9852 50.068 51.0609 46.7913 42.3904 39.7904 38.7809 38.68 34.456 32.3008 31.2938 31.0435 29.9987 29.9345 29.8666 29.172 28.8231 26.7083 25.9656
threshold=0.56202840805053722 -0.96105405688285817 -0.2980938702821731 -0.83753159642219532 75.77988433837892 22.500000000000004 0.16665012389421466 19.223432540893558 -1.2670373916625974 -0.62499999999999989 -0.9936448037624358 77.084831237792983 1.1911813616752627 0.33273787796497351 0.2950000017881394 0 1 1.662451505661011 0.52643132209777843 0.19942466914653781 0.29685099422931677 2 0.69984164834022533 -1.8195750117301939 -0.16163000464439389 1.420721232891083 77.084831237792983 0.37500000000000006 0.19500000029802325 -1.8195750117301939
decision_type=2 2 2 2 2 8 2 2 2 2 2 2 2 2 2 1 1 2 2 2 2 1 2 2 2 2 2 2 2 2
left_child=1 8 6 9 23 11 -3 27 -1 -4 -10 25 13 -8 15 17 24 -12 -7 -9 22 -15 28 -5 -11 -6 -14 -2 -17 -27
right_child=7 2 3 4 5 18 12 19 10 16 14 -13 26 21 -16 20 -18 -19 -20 -21 -22 -23 -24 -25 -26 29 -28 -29 -30 -31
leaf_value=-0.022394795703503338 0.028588272861833613 -0.019213767189167723 -0.025857464983594872 -0.035626910886341165 -0.011400968903872837 0.00054001927684178201 -0.025008760743416677 -0.020766230850790067 0.037473702901155766 -0.0029724682166267498 0.031639860120646547 -0.020831783236162194 0.048343734662583834 0.01739903242645716 0.035159404105955576 0.033982800879389423 0.0053038296991698049 -0.019322741169019067 0.030904658825122309 0.025925481491775298 0.016859046175322821 -0.0057659868268607915 -0.02726689252778839 0.0098223526792654229 0.039866160109276114 -0.031100667101606288 -0.0056237199049936565 0.044949408955003843 -0.01814531577980192 0.008807341225875235
leaf_weight=27.145636171102524 307.54257674515247 1005.1428837180138 29.46221424639225 12.637508183717726 409.76062403619289 172.1317492723465 98.818975016474724 30.768087550997734 155.12849698960781 17.278599724173546 89.522769659757614 486.24912148714066 24.032933920621872 60.435782298445702 81.697463944554329 17.352906972169876 139.48123009502888 15.089901015162466 47.378787875175476 24.756905987858772 47.487763941287994 186.93024626374245 54.884966313838959 332.54522527754307 91.881727918982506 15.533174917101858 13.788945078849791 149.64701816439629 16.185877248644829 130.36729393899441
leaf_count=126 1252 4950 134 57 1893 757 484 132 635 75 364 2495 103 255 333 73 591 61 192 102 193 825 247 1419 378 75 66 617 69 570
internal_value=-0.000201566 -0.00435667 -0.00816893 -0.00326276 -0.00610323 -0.00998234 -0.0148182 0.0303675 0.0203497 0.0131097 0.0228222 -0.0136067 -0.00329262 -0.00689747 0.0156744 0.00893788 0.0178121 0.0220843 0.0072043 0.000142534 -0.00268537 0.000409276 -0.0135531 0.0080603 0.0303636 -0.00725803 0.0290305 0.03403 0.00902869 0.00437578
internal_weight=4291.07 3778.35 3273.86 1884.71 1606.6 1261.42 1389.15 512.715 504.496 278.104 477.35 1041.91 384.007 346.185 322.222 240.524 248.642 104.613 219.511 55.525 135.912 247.366 88.4238 345.183 109.16 555.661 37.8219 457.19 33.5388 145.9
internal_count=19523 17420 15319 8636 7458 5982 6683 2103 2101 1178 1975 5033 1733 1564 1340 1007 1044 425 949 234 582 1080 389 1476 453 2538 169 1869 142 645
cat_boundaries=0 1 2 3
cat_threshold=56 56 98
is_linear=0
shrinkage=0.03


Tree=20
num_leaves=31
num_cat=2
split_feature=5 5 32 5 31 16 1 12 26 5 16 28 18 4 3 16 21 5 10 2 12 10 13 12 10 18 5 3 5 8
split_gain=570.3 420.87 109.809 80.4475 75.039 69.1553 60.2141 53.4618 47.2416 46.889 51.3619 51.83 46.091 54.8822 43.3513 40.1411 36.0326 34.0903 33.5295 44.1776 33.4822 31.5772 35.4609 32.3893 31.5036 33.4093 34.131 37.4017 30.1454 29.4946
threshold=0.56202840805053722 -0.93404099345207203 0 0.45150023698806768 1 0.070914063602685942 19.726430892944339 -0.37100000679492945 1.0000000180025095e-35 0.4124008715152741 -0.91951251029968251 20.863806724548343 1.7047763466835024 3.5000000000000004 488.71522521972662 -0.11209625005722045 1.0000000180025095e-35 -0.83753159642219532 -0.49500000476837153 179.67922210693362 0.12900000065565112 0.95499998331069957 53.500000000000007 0.028500000014901165 0.49500000476837164 1.5901826620101931 -0.97269129753112782 871.23690795898449 -0.70125329494476307 -7.2034235000610343
decision_type=2 2 1 2 1 2 2 2 2 2 2 2 2 8 2 2 2 2 2 2 2 2 2 2 2 2 2 2 2 2
left_child=1 4 5 17 20 7 -2 -3 9 14 11 -11 13 -7 -9 -10 28 -4 -6 -20 24 22 23 -15 25 26 -1 -28 -16 -23
right_child=6 2 3 -5 18 12 -8 8 15 10 -12 -13 -14 21 16 -17 -18 -19 19 -21 -22 29 -24 -25 -26 -27 27 -29 -30 -31
leaf_value=0.035879890601141322 0.032964482678094716 -0.024074486838451585 -0.00472631931056108 0.0093235189704545026 -0.023651371860790138 -0.010901984952522519 -0.0020003219352816223 -0.014901450041355915 0.014555862773880835 -0.032702639444035973 0.028055834733968759 0.021633023436782521 0.017249410405602981 -0.0062910417331477576 0.026573525927137017 -0.021869669748682156 -0.017619072057874368 -0.023366014710418673 -0.00046077525429129095 0.023206070767220952 0.041594116489013774 -0.02949710808768893 0.025050571801572424 0.013811023663534068 0.046569508463241795 -0.0072572996215959215 0.02383384764891603 -0.019802213573276252 -0.01950425017125244 0.017771709096307903
leaf_weight=82.211834385991096 457.14114107191563 195.8538586050272 101.78492316603661 86.807430624961853 29.451294377446175 330.51129291951656 48.953827127814293 729.03799329698086 137.25568114221096 37.96282933652401 57.424475759267807 25.687151566147804 134.73614665865898 149.98674789071083 59.92344656586647 32.969640269875526 40.86862875521183 695.93705444037914 169.3829054236412 121.14537669718266 107.45339013636112 39.145782813429832 87.634700983762741 137.23551353812218 36.397669732570648 42.097781270742416 46.679769784212112 27.173725143074989 15.386605978012083 16.09243431687355
leaf_count=337 1877 951 462 368 136 1522 207 3513 598 166 246 106 588 681 270 149 200 3583 728 506 440 177 380 602 148 174 190 111 76 69
internal_value=-0.000286683 -0.00429903 -0.00891983 -0.0178127 0.0174055 -0.00527885 0.0295851 -0.00963297 -0.00712531 -0.00969169 0.00771893 -0.010779 0.00114518 -0.00172647 -0.0121919 0.00741436 0.00479316 -0.0209966 0.00615081 0.00945365 0.0269223 0.00533348 0.00845976 0.00332837 0.021196 0.0163251 0.022692 0.0077283 0.0170271 -0.0156552
internal_weight=4280.33 3774.24 3112.24 884.529 661.994 2227.71 506.095 1332.37 1136.52 966.291 121.074 63.65 895.343 760.606 845.217 170.225 116.179 797.722 319.98 290.528 342.014 430.095 374.857 287.222 234.561 198.163 156.065 73.8535 75.3101 55.2382
internal_count=19561 17477 14707 4413 2770 10294 2084 6275 5324 4577 518 272 4019 3431 4059 747 546 4045 1370 1234 1400 1909 1663 1283 960 812 638 301 346 246
cat_boundaries=0 1 2
cat_threshold=44 10
is_linear=0
shrinkage=0.03


Tree=21
num_leaves=31
num_cat=2
split_feature=5 5 29 31 2 5 29 12 32 5 12 5 10 10 5 28 20 12 12 28 18 28 10 12 10 14 10 5 10 10
split_gain=517.61 384.887 134.271 112.219 81.2516 65.5912 71.8461 55.7723 50.38 48.4911 43.5812 43.1076 42.0641 40.616 47.8946 43.1638 37.0918 42.3747 52.8732 37.5818 36.3323 35.6926 35.5188 44.6995 35.496 34.5532 31.3654 34.6697 30.6114 29.9204
threshold=0.52643132209777843 -0.88134551048278797 75.77988433837892 0 10.671154975891115 0.25061884522438055 77.084831237792983 -0.02450000029057264 1 -0.73172146081924427 -0.71900001168251026 -0.98097097873687733 -0.5349999964237212 0.37500000000000006 0.63088810443878185 22.590013504028324 1.0000000180025095e-35 0.43999999761581426 0.028500000014901165 20.863806724548343 0.73462718725204479 22.825375556945804 0.49500000476837164 0.12900000065565112 0.37500000000000006 0.31499999761581426 -0.29500000178813929 0.4124008715152741 0.49500000476837164 -0.35500000417232508
decision_type=2 2 2 1 2 2 2 2 1 2 2 2 2 2 2 2 2 2 2 2 2 2 2 2 2 2 2 2 2 2
left_child=1 3 7 22 13 6 16 -3 12 -8 -5 28 -7 14 15 -2 17 18 -4 20 -20 -9 23 -1 25 -6 -14 -28 -12 -10
right_child=4 2 5 10 24 8 9 21 29 -11 11 -13 26 -15 -16 -17 -18 -19 19 -21 -22 -23 -24 -25 -26 -27 27 -29 -30 -31
leaf_value=0.013330647920429454 -0.0074017851892517377 -0.0061188817290547771 -0.012117203057949532 0.048783532128983391 0.0074007555092334334 -0.028471185415895398 -0.0078702104831330794 0.01673194173252052 0.0082401036508753661 -0.025694581447194872 0.0054280558107856749 -0.0081130564709039708 0.048334229197954832 0.045197090311517897 0.036104216915006371 0.026667940329863069 -0.022316145005120989 -0.032036517041771503 0.034580718898832401 -0.010748191555600058 0.0047395136597550925 -0.012130602543699761 0.043140613598639618 0.036486962987219457 0.029441648915331926 -0.030994194124319155 -0.0050250426064044123 0.035300935862478178 0.038638903281531523 -0.014849850263503484
leaf_weight=258.19398631155491 57.948523908853531 305.1101076900959 402.68237009644508 16.040247946977615 107.30503377318382 17.033503606915474 173.9456420391798 244.924112662673 65.033533453941345 672.98274306952953 130.1687805056572 244.2772208750248 27.292283251881599 142.2531436830759 170.94731372594833 77.099066615104675 176.49823129177094 55.59912146627903 47.361751392483711 97.037176758050919 154.30249489843845 44.98389932513237 73.102396979928017 106.09080122411251 49.679879397153854 25.197805836796761 47.148959428071976 31.11313858628273 30.04755999147892 216.92246046662331
leaf_count=1083 239 1381 1897 66 444 77 834 1064 293 3584 551 1079 119 593 706 314 906 263 218 453 696 201 302 444 204 109 217 130 122 990
internal_value=-3.39271e-05 -0.00438473 -0.00980521 0.0131705 0.0250395 -0.0132445 -0.0157211 0.00282529 -0.00233333 -0.0220473 0.00174487 -0.00019313 0.013068 0.0318957 0.0255849 0.0121018 -0.00996392 -0.00705823 -0.0050354 0.00452023 0.0118839 0.0122271 0.0235499 0.0201559 0.00808842 -7.82066e-05 0.0212019 0.0112497 0.0118576 -0.00918907
internal_weight=4268.32 3637.89 2779.97 857.921 630.431 2184.95 1780.41 595.018 404.544 846.928 420.534 404.494 122.588 448.248 305.995 135.048 933.481 756.983 701.384 298.701 201.664 289.908 437.387 364.285 182.183 132.503 105.554 78.2621 160.216 281.956
internal_count=19579 16970 13323 3647 2609 10677 8851 2646 1826 4418 1818 1752 543 1852 1259 553 4433 3527 3264 1367 914 1265 1829 1527 757 553 466 347 673 1283
cat_boundaries=0 1 2
cat_threshold=10 98
is_linear=0
shrinkage=0.03


Tree=22
num_leaves=31
num_cat=1
split_feature=5 5 17 5 29 17 5 14 12 17 10 0 14 28 16 5 5 32 17 5 12 16 11 29 29 14 12 17 28 9
split_gain=508.148 353.264 117.58 75.0406 73.3945 68.8307 62.6088 114.964 65.1527 61.7261 65.7573 61.6597 60.7419 57.0924 55.5841 53.9389 51.4293 49.1326 54.6404 46.4757 46.9399 39.8254 38.4601 35.6792 34.6561 33.9559 33.2728 32.4931 39.0659 57.9781
threshold=0.56202840805053722 -0.94917574524879444 0.069999270141124739 0.25061884522438055 81.26676177978517 -1.2670373916625974 -0.78753387928009022 -0.62499999999999989 -0.37100000679492945 1.5727599859237673 0.22500000149011615 6.4879062175750741 0.49499998986721044 20.863806724548343 0.97266927361488353 0.33273787796497351 -0.9936448037624358 0 0.27514992654323583 0.4124008715152741 -0.16650000214576718 1.5459565520286562 73.500000000000014 75.77988433837892 75.522090911865249 0.30500000715255743 0.028500000014901165 -1.0595335364341734 20.863806724548343 -84.579589843749986
decision_type=2 2 2 2 2 2 2 2 2 2 2 2 2 2 2 2 2 1 2 2 2 2 2 2 2 2 2 2 2 2
left_child=1 5 3 12 6 -1 7 -4 -8 10 13 -2 26 15 23 -10 -7 18 -18 20 22 -19 -15 -14 -12 -22 -3 -28 -29 -30
right_child=11 2 4 -5 -6 16 8 -9 9 -11 24 -13 14 19 -16 -17 17 21 -20 -21 25 -23 -24 -25 -26 -27 27 28 29 -31
leaf_value=-0.025278745096472093 0.032568726362225568 -0.022885134701414258 -0.034347444968279781 -0.0014589502181518563 -0.020554574076245193 0.035460181271600964 -0.021289098320133357 0.027649398991626519 0.025233117787018998 0.024457359776786893 0.014187142410742809 0.003306987364059166 0.014145605506768407 -0.017815331064110287 0.026938480539820037 -0.015838021931032426 -0.012008297212454144 0.029836169524352217 0.023565750534874166 0.032756422642134179 -0.025313176290580233 -0.015420035423322891 0.044399825255770062 -0.01513944591862927 -0.014965620622906758 0.024600968077431302 -0.027731546999368899 0.00060426626850135516 0.011637189898959784 -0.025045825411930442
leaf_weight=29.875062197446823 425.52964879572392 685.35371372103691 31.380018696188927 431.90537370741367 146.93141661584377 153.64812472462654 125.8713471442461 161.43053466081619 166.13952888548374 94.70833583176136 41.393579646945 76.706852212548256 46.667363882064819 14.43853275477886 46.013301178812981 34.050221592187881 100.4797079116106 176.95218458771706 61.977789342403412 24.34929558634758 108.67172187566757 18.796359032392502 20.778772592544556 175.5967114418745 280.59685058891773 13.009486824274061 105.56298702955246 198.58535280823708 48.290248602628708 185.87650275230408
leaf_count=139 1769 3473 143 1927 755 633 606 663 715 416 172 319 206 69 197 146 441 730 252 99 534 76 97 861 1306 64 530 935 242 965
internal_value=-0.000182689 -0.00400011 -0.00780743 -0.0124753 -0.000697092 0.0183757 0.00193146 0.0174342 -0.00131882 0.00185333 -0.00122044 0.028115 -0.0156614 0.00719886 -0.00272145 0.0182033 0.020968 0.0146703 0.00153075 -0.00498886 -0.011017 0.024204 0.019105 -0.00895483 -0.0111856 -0.0198196 -0.0184938 -0.0128708 -0.00919021 -0.0174637
internal_weight=4231.57 3729.33 3187.6 1923.85 1263.75 541.729 1116.82 192.811 924.008 798.136 703.428 502.237 1491.95 381.438 268.277 200.19 511.854 358.206 162.457 181.248 156.899 195.749 35.2173 222.264 321.99 121.681 1223.67 538.315 432.752 234.167
internal_count=19480 17392 15121 9336 5785 2271 5030 806 4224 3618 3202 2088 7409 1724 1264 861 2132 1499 693 863 764 806 166 1067 1478 598 6145 2672 2142 1207
cat_boundaries=0 1
cat_threshold=5
is_linear=0
shrinkage=0.03


Tree=23
num_leaves=31
num_cat=1
split_feature=5 5 32 17 17 10 2 18 17 10 12 6 12 18 14 12 12 10 14 5 5 17 11 12 12 7 10 10 5 28
split_gain=468.102 351.865 124.404 95.217 78.8414 78.4904 68.7897 51.8498 50.3171 48.607 47.0353 45.4882 45.0543 43.151 41.5023 40.5597 39.4279 37.9001 66.3774 36.2926 35.7703 37.0698 48.5348 33.6296 33.1115 33.3839 32.4601 31.6024 29.9833 29.1921
threshold=0.52643132209777843 -0.91865202784538258 0 0.38102295994758612 -0.34192450344562525 0.37500000000000006 7.8629119396209726 1.5407053232192995 -1.4190942645072935 -0.37499999999999994 -0.37100000679492945 -0.98471984267234791 -0.66249999403953541 1.6450098752975466 -0.84999999403953541 0.13350000232458117 -1.0000000180025095e-35 -0.33500000834465021 -0.11999999731779097 0.33273787796497351 0.25061884522438055 -0.62203770875930775 83.500000000000014 -0.10600000247359274 -0.29899999499320978 -5.3632299900054923 -0.5349999964237212 -0.49500000476837153 -0.73172146081924427 20.863806724548343
decision_type=2 2 1 2 2 2 2 2 2 2 2 2 2 2 2 2 2 2 2 2 2 2 2 2 2 2 2 2 2 2
left_child=1 4 3 11 7 6 8 23 -2 13 12 16 -5 27 -13 24 -3 20 -19 28 21 -16 -23 -1 -8 -26 -21 -6 -4 -18
right_child=5 2 19 10 9 -7 15 -9 -10 -11 -12 14 -14 -15 17 -17 29 18 -20 26 -22 22 -24 -25 25 -27 -28 -29 -30 -31
leaf_value=-0.00388658892469606 -0.011302872647068916 -0.031523362626138564 -0.010418632784382421 0.023558079538494845 -0.0046593206187295023 0.039995945428727739 -0.018470728877462341 -0.026740585974426842 0.030231735861562709 0.026514240327020953 0.0080724662958973487 -0.027883378476003536 -0.024679299758028305 -0.031019523329061705 -0.015142326515139054 -0.026303189386265687 0.00228811756807104 -0.025595483907534106 -0.0040315056210189232 -0.040533758336337766 0.023279111743270096 0.0017611895321236809 0.062866184723392254 0.021847082721449591 -0.019328497496829918 0.026393406654081547 0.0043288997935705276 0.037562334342470534 -0.024945589666076975 -0.026984725688087515
leaf_weight=99.785821154713631 28.847806662321091 137.04642380774021 170.98149524629116 21.455772697925568 34.026874482631683 189.97995069622993 28.51630662381649 48.513796970248222 246.58894376456738 381.98208671808243 550.97313225269318 76.15483595430851 78.551013350486755 24.820747688412666 89.482721045613289 36.427016779780388 83.339124158024788 157.09418968856335 688.6244390308857 16.215298518538475 70.318654015660286 63.009465724229813 13.383574262261389 82.939167708158493 16.884738385677338 76.3414116948843 91.693385422229767 28.721102029085159 532.31173859536648 47.377421125769615
leaf_count=442 120 712 820 93 145 798 122 222 1026 1564 2405 378 371 104 445 152 395 763 3253 74 311 301 62 360 70 314 407 118 2885 246
internal_value=-3.05769e-05 -0.00420104 -0.00882853 -0.00484411 0.0148546 0.0239392 0.0168282 0.000508463 0.0258565 0.0219035 0.0046344 -0.00920581 -0.0141995 0.00171895 -0.00661822 0.00104279 -0.0203308 -0.00509702 -0.00806256 -0.0187206 0.00551062 -0.00211622 0.0131404 0.0078493 0.00937272 0.0179952 -0.00272283 0.0149525 -0.0214337 -0.00844597
internal_weight=4212.39 3588.8 2888.01 2076.81 700.79 623.586 433.606 231.239 275.437 469.551 650.98 1425.83 100.007 87.5687 1158.07 158.169 267.763 1081.91 845.719 811.202 236.194 165.876 76.393 182.725 121.742 93.2262 107.909 62.748 703.293 130.717
internal_count=19478 16876 13921 9735 2955 2602 1804 1024 1146 1931 2869 6866 464 367 5513 658 1353 5135 4016 4186 1119 808 363 802 506 384 481 263 3705 641
cat_boundaries=0 1
cat_threshold=44
is_linear=0
shrinkage=0.03


Tree=24
num_leaves=31
num_cat=3
split_feature=5 5 17 2 6 32 5 14 12 17 14 32 12 18 28 6 5 8 17 13 16 12 32 17 12 28 17 14 12 16
split_gain=465.695 320.757 120.405 62.9339 58.2112 56.3213 57.0038 89.9841 58.201 54.003 51.4274 49.891 44.8897 44.6683 47.3117 55.9681 48.4282 42.6133 41.9438 47.3299 73.9119 44.8017 40.7224 40.3911 38.9232 45.3482 36.7463 43.8849 36.3819 31.3469
threshold=0.52643132209777843 -0.96105405688285817 0.38102295994758612 10.671154975891115 -0.98471984267234791 0 -0.78753387928009022 -0.62499999999999989 -0.37100000679492945 -1.2670373916625974 -0.84999999403953541 1 0.13350000232458117 1.7617849707603457 20.863806724548343 -0.97789707779884327 0.12431468442082406 -5.8578784465789786 -0.25784449279308314 42.500000000000007 1.1911813616752627 0.43999999761581426 2 -0.87325549125671376 -1.0000000180025095e-35 20.863806724548343 0.20819161087274554 0.55000001192092907 -0.29899999499320978 -0.1622507497668266
decision_type=2 2 2 2 2 1 2 2 2 2 2 1 2 2 2 2 2 2 2 2 2 2 1 2 2 2 2 2 2 2
left_child=1 9 4 17 24 6 7 -4 -8 -1 -6 18 28 14 15 -10 -16 23 19 -12 -21 -20 26 -2 -3 29 27 -11 -5 -26
right_child=3 2 5 12 10 -7 8 -9 13 22 11 -13 -14 -15 16 -17 -18 -19 21 20 -22 -23 -24 -25 25 -27 -28 -29 -30 -31
leaf_value=-0.021966027154914622 -0.024380591219468079 -0.032027300589002487 -0.032919727001288979 -0.014585939322695288 -0.028005310287590308 -0.018228606360831498 -0.02134705906123862 0.030268831638189261 0.034665887813314922 -0.012440815363892263 -0.00081461154701336009 -0.01696735964947382 -0.020112201436170665 0.019299736613548998 -0.019758480869083436 0.00051476782074176878 0.0106239468236297 0.035477259968461204 0.0069262319651336376 -0.018801933267227212 0.031925775214947404 -0.017813278959748536 0.029043537814951795 0.021978016910855599 -0.010665619089503649 -0.026572716459996357 0.023874109013321796 0.028869432154272109 0.0233563183622017 0.027070211676102875
leaf_weight=27.287491947412491 19.346242547035217 191.9123490601778 23.226701721549034 27.265421971678734 125.79112650454044 109.33467680215836 96.931082248687744 127.60718587040901 55.399875953793526 85.402151212096214 345.05489534139633 420.7731921672821 37.417785629630089 127.11929538846016 156.01706136763096 184.51478683948517 66.77132286131382 321.75907896459103 360.76563082635403 412.66382667422295 26.681586176156998 79.562985613942146 244.56235843896866 102.80513502657413 50.354329228401184 93.004446119070053 92.528425827622414 30.614038646221161 120.42254781723022 31.28488227725029
leaf_count=129 82 1032 108 118 631 574 470 518 236 379 1587 2118 157 561 773 793 301 1357 1650 2085 116 369 1018 425 246 507 373 126 497 141
internal_value=-0.000148135 -0.00434878 -0.00790085 0.0236296 -0.0118439 0.00100438 0.00370688 0.0203858 7.32198e-05 0.0184293 -0.009582 -0.00815747 0.00887151 0.00362359 -0.000715481 0.00851193 -0.0106459 0.0297498 -0.0049406 -0.00913652 -0.0156557 0.00242582 0.020905 0.0144974 -0.0227181 -0.0123644 0.00943168 -0.00138642 0.0163006 0.00394768
internal_weight=4194.18 3565.17 3084.77 629.016 2137.85 946.922 837.587 150.834 686.753 480.394 1771.29 1645.5 185.106 589.822 462.703 239.915 222.788 443.91 1224.73 784.4 439.345 440.329 453.107 122.151 366.556 174.644 208.545 116.016 147.688 81.6392
internal_count=19477 16841 14816 2636 10482 4334 3760 626 3134 2025 8556 7925 772 2664 2103 1029 1074 1864 5807 3788 2201 2019 1896 507 1926 894 878 505 615 387
cat_boundaries=0 1 2 3
cat_threshold=60 46 5
is_linear=0
shrinkage=0.03


Tree=25
num_leaves=31
num_cat=3
split_feature=5 5 17 32 2 16 31 32 12 5 14 5 12 14 18 17 14 1 14 9 17 17 14 3 5 9 17 12 5 12
split_gain=424.582 310.22 98.0678 92.575 66.2407 65.7812 79.1712 54.8432 52.8293 56.3931 52.4204 50.3125 44.8586 42.9353 52.6652 42.6227 40.2235 38.3237 36.8547 36.5832 37.4489 35.61 40.3444 41.8427 37.6338 32.5093 32.3828 31.4423 34.8336 31.1995
threshold=0.52643132209777843 -0.88134551048278797 -0.34192450344562525 0 7.1916284561157235 0.10985428094863893 1 2 0.028500000014901165 0.3732354491949082 0.34499999880790716 0.33273787796497351 -0.37100000679492945 -0.10500000044703482 1.6450098752975466 0.66239419579505932 0.20499999821186068 15.98741674423218 0.39499999582767492 -8.0860137939453107 0.19942466914653781 -0.21463730931282041 -0.10500000044703482 451.60115051269537 0.3732354491949082 -2.7594251632690425 1.7491797804832461 -0.52750000357627858 -0.17521348595619199 0.42849999666213995
decision_type=2 2 2 1 2 2 1 1 2 2 2 2 2 2 2 2 2 2 2 2 2 2 2 2 2 2 2 2 2 2
left_child=1 2 7 5 19 12 8 -1 18 29 25 -8 16 14 15 -4 -3 -5 27 20 -2 24 -23 26 -14 -6 -24 -7 -29 -10
right_child=4 3 13 17 10 6 11 -9 9 -11 -12 -13 21 -15 -16 -17 -18 -19 -20 -21 -22 22 23 -25 -26 -27 -28 28 -30 -31
leaf_value=-0.01084115112824895 0.00059643262188561054 -0.032671970690603992 0.0093026114510019881 -0.0021761252299926821 -0.025683670731820044 0.022183297481094481 -0.016138213932744623 0.014670995797259131 0.028780204554517783 -0.024081186332139771 0.032876205390141217 0.02161284334679487 -0.016363440473417888 0.026552306796053218 -0.015128214542711472 0.04385186444503765 0.0020773059870151751 -0.021049014974181757 0.015971392936411786 0.03668775853198647 0.033772701492915072 0.010782654843661865 -0.015671262018357879 0.015805247720560016 0.0052791617353383146 0.0076579156551410997 0.022379006397718455 -0.024714194871335884 0.0057981326091852917 -0.0011895980855358447
leaf_weight=200.89208760857582 63.448540762066841 125.26703977584839 134.38637003302574 114.62061406672001 31.480811938643456 24.349878117442131 250.22777612507343 107.34543353319168 178.80114133656025 24.097672805190086 64.973737180233002 35.492263987660408 448.54087795317173 314.49434711039066 57.821652486920357 41.588317379355431 39.163876801729202 631.83311280608177 78.16672071814537 266.03491039574146 58.251621797680855 157.32152630388737 246.686488032341 55.547644957900047 85.674919173121452 137.79368196427822 21.040285706520081 94.976174682378769 51.374270722270012 37.748364761471748
leaf_count=927 264 643 569 533 131 113 1203 463 764 105 272 148 2310 1299 243 170 196 3417 347 1133 243 717 1137 248 380 574 89 444 233 168
internal_value=1.05947e-06 -0.00399882 0.0117236 -0.00898727 0.0228482 -0.00544949 0.00131019 -0.00181384 0.00855657 0.0187225 0.0101918 -0.0110059 -0.00993683 0.0193236 0.00952808 0.0176693 -0.0244329 -0.0179181 -0.000966731 0.0304486 0.016622 -0.00756627 -0.00163507 -0.00769278 -0.0128891 0.0013428 -0.0126088 -0.00877085 -0.0140366 0.0235745
internal_weight=4179.44 3557.46 856.528 2700.93 621.983 1954.48 775.234 308.238 489.514 240.647 234.248 285.72 1179.24 548.291 233.796 175.975 164.431 746.454 248.867 387.735 121.7 1014.81 480.596 323.274 534.216 169.274 267.727 170.7 146.35 216.55
internal_count=19483 16866 3671 13195 2617 9245 3525 1390 2174 1037 977 1351 5720 2281 982 739 839 3950 1137 1640 507 4881 2191 1474 2690 705 1226 790 677 932
cat_boundaries=0 1 2 3
cat_threshold=44 4 23
is_linear=0
shrinkage=0.03


Tree=26
num_leaves=31
num_cat=4
split_feature=5 5 17 29 5 5 29 10 32 5 5 29 29 32 17 17 10 32 10 18 10 13 10 10 10 5 12 2 18 32
split_gain=394.933 271.3 113.47 69.624 66.7968 62.0316 53.587 51.3413 50.7519 49.2076 46.0237 61.5478 44.4571 41.4716 38.8108 38.4301 36.5238 31.4326 30.7316 30.08 40.146 29.8109 33.7177 52.7796 50.4722 45.2746 45.1682 44.3371 44.6318 42.3923
threshold=0.59747540950775158 -0.96105405688285817 0.069999270141124739 83.357944488525405 0.25061884522438055 -0.83753159642219532 75.522090911865249 -0.62499999999999989 0 0.48901963233947759 -0.8126716911792754 75.77988433837892 86.164299011230483 1 -0.34192450344562525 1.5727599859237673 0.37500000000000006 2 0.2950000017881394 1.6888062953948977 0.11499999836087228 43.500000000000007 0.22500000149011615 -0.074999999254941926 -0.31000000238418574 0.081451712176203742 -0.14899999648332593 101.48119354248048 0.81021401286125194 3
decision_type=2 2 2 2 2 2 2 2 1 2 2 2 2 1 2 2 2 1 2 2 2 2 2 2 2 2 2 2 2 1
left_child=1 8 4 5 10 7 -7 -4 19 15 13 -12 16 -3 -10 21 18 -6 -2 -1 -21 -8 23 24 26 -25 -23 28 -24 -28
right_child=12 2 3 -5 17 6 9 -9 14 -11 11 -13 -14 -15 -16 -17 -18 -19 -20 20 -22 22 27 25 -26 -27 29 -29 -30 -31
leaf_value=0.032518394910828349 0.024783390490459096 0.0098093912568849601 -0.022341763030651038 -0.022040144646381273 -0.0069006924638863451 0.018200480157060425 -0.013431690012035379 0.025943685040080475 -0.011431906603546503 0.025636081990888574 -0.003791576394678098 -0.021180134194759514 -0.023369423102370699 -0.011108741508248341 0.014665412829633075 0.014442640524856191 0.041717883183533519 0.0089150595040670307 -0.017638887163663523 -0.025630183697253114 0.032211221110546744 0.040215759387039286 -0.03505668147232599 0.053644343246451953 -0.022614285180106351 -0.0003674080357046427 0.020447802062437025 -0.020723020669884976 0.02271567367205627 -0.019610504590091636
leaf_weight=207.43774642050266 288.9383772611618 110.46278159320354 22.110825046896935 110.76031401753426 285.80891007184982 125.23552416265011 326.40177781879902 146.55389784276485 71.686112448573112 50.968441590666771 236.08642195165157 824.591736972332 14.749703302979468 290.92284314334393 174.03854143619537 85.883699908852577 130.27983811497688 171.89037312567234 15.543886438012121 19.903532519936562 21.366593644022942 31.670347273349762 14.709120094776152 32.773003295063972 64.564214810729027 23.794918939471245 32.221086844801903 128.29875914752483 50.941870495676994 42.069179385900497
leaf_count=875 1214 499 106 587 1295 522 1552 601 341 211 1125 4456 62 1358 706 388 567 751 67 82 91 144 70 147 315 112 138 614 230 208
internal_value=0.000119952 -0.00310577 -0.00629434 0.00059088 -0.0109151 0.00273527 -8.54323e-05 0.0195194 0.017558 -0.00269275 -0.0140442 -0.017317 0.0266419 -0.00537422 0.00676239 -0.00445406 0.0283883 -0.000910637 0.0225671 0.0268099 0.00436937 -0.00664175 -0.00135867 0.00647482 -0.00189921 0.0313129 0.0108164 -0.0105169 0.00943999 -0.00208443
internal_weight=4152.66 3703.15 3208.72 1288.96 1919.76 1178.2 1009.53 168.665 494.433 884.296 1462.06 1060.68 449.512 401.386 245.725 833.328 434.762 457.699 304.482 248.708 41.2701 747.444 421.043 227.093 170.525 56.5679 105.961 193.95 65.651 74.2903
internal_count=19434 17524 15429 5945 9484 5358 4651 707 2095 4129 7438 5581 1910 1857 1047 3918 1848 2046 1281 1048 173 3530 1978 1064 805 259 490 914 300 346
cat_boundaries=0 1 2 3 4
cat_threshold=120 40 21 4
is_linear=0
shrinkage=0.03


Tree=27
num_leaves=31
num_cat=1
split_feature=5 5 29 17 10 12 17 29 5 28 5 14 31 18 18 5 12 28 17 18 16 16 29 5 3 28 10 5 2 5
split_gain=396.925 295.5 114.926 89.0463 76.8209 56.2181 55.9495 54.2366 54.6366 62.0288 49.5682 48.5506 45.9454 42.3112 38.271 40.0318 34.9611 34.8545 34.1128 33.8894 31.3983 29.7992 46.8072 29.5645 28.226 30.7206 27.8176 27.2483 26.9338 25.9918
threshold=0.52643132209777843 -0.88134551048278797 75.77988433837892 -0.34192450344562525 0.37500000000000006 0.028500000014901165 0.51024547219276439 86.164299011230483 0.63088810443878185 20.863806724548343 0.33273787796497351 -0.10500000044703482 0 1.6450098752975466 1.4259249567985537 -0.67050644755363453 0.13350000232458117 22.825375556945804 0.66239419579505932 0.741478592157364 0.17046115547418597 0.96688616275787365 77.177566528320327 -0.63756072521209706 111.56155014038087 24.009605407714847 -0.23499999940395352 -0.9936448037624358 196.18916320800784 0.16665012389421466
decision_type=2 2 2 2 2 2 2 2 2 2 2 2 1 2 2 2 2 2 2 2 2 2 2 2 2 2 2 2 2 2
left_child=1 3 5 12 7 -3 10 8 9 26 21 13 28 18 15 -8 -11 20 27 -14 23 -4 29 -7 -16 -26 -2 -5 -1 -23
right_child=4 2 6 11 -6 17 14 -9 -10 16 -12 -13 19 -15 24 -17 -18 -19 -20 -21 -22 22 -24 -25 25 -27 -28 -29 -30 -31
leaf_value=0.023386232481929298 0.0040126752736051605 -0.0054170953241255574 -0.01897423579888918 0.033563635372811561 0.038124404619859879 -0.0144798051882453 0.012922429947957214 -0.04082545953408568 0.027058048943605219 0.031665484554844608 -0.0022506305244508439 0.026515228062266659 0.012729191184740262 -0.013742915407017242 0.022237521474074737 -0.015353620016760744 -0.0048927572598649032 -0.011534768467323186 0.039130205517875188 -0.022088303885583714 0.031485179927022662 -0.0028684984873772654 -0.025580910448856142 0.017316092113706178 0.0064143207776960259 -0.020747541701235852 -0.030290501268953194 0.0011177699549907356 -0.0016736287343977235 0.031837149092893015
leaf_weight=71.356098219752312 40.170284897089005 326.55682091414928 1160.037429228425 28.831654772162437 186.35237473249435 35.815867379307747 52.910435006022453 14.182315498590468 224.16062386333942 73.852532640099525 228.19679090380669 308.94910895824432 31.717542141675949 57.788581743836403 61.241588115692139 279.05678780376911 33.992793992161751 42.13731837272644 41.456657469272614 111.14350853860378 90.465306743979454 50.91305860877037 53.423590615391731 92.163112089037895 134.42825445532799 50.817253246903419 43.743014991283417 106.65303164720535 82.471467643976212 30.252576917409897
leaf_count=308 165 1501 6177 119 804 165 241 62 952 307 1014 1283 146 244 271 1374 142 191 171 536 376 240 283 406 609 271 185 457 355 135
internal_value=-0.000125391 -0.00400708 -0.00886041 0.0115113 0.0220652 0.00286999 -0.0121379 0.0150348 0.0170329 0.00523424 -0.0151538 0.0187145 -0.001707 0.00837824 -0.00418589 -0.0108216 0.0202033 0.0132362 0.0156396 -0.0133926 0.0180453 -0.0174247 -0.00402779 0.0083745 0.00475863 -0.00110822 -0.0140153 0.0082177 0.00941855 0.0102973
internal_weight=4145.24 3528.78 2688.42 840.368 616.454 587.138 2101.28 430.102 415.919 191.759 1522.82 543.679 296.689 234.73 578.454 331.967 107.845 260.582 176.941 142.861 218.444 1294.63 134.589 127.979 246.487 185.246 83.9133 135.485 153.828 81.1656
internal_count=19490 16873 13254 3619 2617 2639 10615 1813 1751 799 7849 2274 1345 991 2766 1615 449 1138 747 682 947 6835 658 571 1151 880 350 576 663 375
cat_boundaries=0 1
cat_threshold=10
is_linear=0
shrinkage=0.03


Tree=28
num_leaves=31
num_cat=3
split_feature=5 5 17 29 5 16 5 14 29 5 31 29 17 16 14 17 12 2 5 18 12 31 5 31 12 12 12 17 7 14
split_gain=380.642 251.953 94.7363 81.7295 65.1243 81.4134 54.2335 85.935 63.7737 64.6827 50.93 41.6631 34.976 33.7949 32.8199 30.2831 30.139 43.3904 32.5062 29.8193 37.3235 28.5877 27.3493 33.2869 39.6952 39.0537 27.867 25.2597 32.8089 25.2441
threshold=0.59747540950775158 -0.96105405688285817 -0.18673217296600339 83.357944488525405 0.33273787796497351 1.1675921082496645 -0.75976759195327748 -0.62499999999999989 75.77988433837892 0.48901963233947759 0 86.164299011230483 1.660228490829468 -1.579212963581085 -0.20499999821186063 -0.66966253519058216 0.028500000014901165 249.83755493164065 -0.34091138839721674 1.6888062953948977 0.056499999016523368 1 0.081451712176203742 2 -0.02450000029057264 0.43999999761581426 -0.52750000357627858 0.19942466914653781 11.714587688446047 0.39499999582767492
decision_type=2 2 2 2 2 2 2 2 2 2 1 2 2 2 2 2 2 2 2 2 2 1 2 1 2 2 2 2 2 2
left_child=1 10 4 6 5 16 7 -4 13 12 19 27 22 -8 -9 -12 18 -18 -3 -1 -21 -6 23 24 26 -26 -10 28 -2 -14
right_child=11 2 3 -5 21 -7 8 14 9 -11 15 -13 29 -15 -16 -17 17 -19 -20 20 -22 -23 -24 -25 25 -27 -28 -29 -30 -31
leaf_value=0.032223379767006149 0.022892057328540244 -0.01458148629025338 -0.02760404675591711 -0.022645787239704597 0.018321928520963978 0.015398395207674149 -0.030993432275959156 0.035970660389191132 0.019931959923603308 0.019727453872695127 -0.015698216835623856 -0.021687016163812307 -0.0017489065437680952 0.01227464352728682 0.011834860984609332 0.011485745947659136 -0.0060078936105219232 -0.025953752929436007 -0.028265877981177714 -0.018253709178100798 0.038552697436458332 -0.0036680792194612416 -0.0020248108602589523 -0.02050092785065789 0.015364079764342524 -0.033137139755680715 -0.024371487126422741 0.033927883446054345 -0.022752757922199454 0.03627748577547301
leaf_weight=201.74404209852219 161.40914070606232 342.47089427709579 43.196394681930542 145.30271990597248 57.655338957905769 75.751453369855881 16.292412430047989 65.025404021143913 14.169126346707342 78.276547268033028 44.30194003880024 15.10218872129917 43.28085221350193 282.34100632369518 227.37845319509506 199.10101056098938 384.06490561366081 131.30259789526463 293.53645214438438 25.424893915653229 16.190143078565598 226.92829862236977 235.5317934602499 304.47195722162724 94.262121856212616 16.757406964898109 87.153204008936882 257.05702202022076 14.73401966691017 23.589823454618454
leaf_count=861 689 1767 204 776 241 339 73 271 70 327 216 64 199 1198 972 824 1938 698 1614 107 69 1006 1105 1633 417 82 422 1116 64 107
internal_value=0.000121384 -0.00306414 -0.00613403 -0.00122294 -0.0115778 -0.0145742 0.000822725 0.0114611 -0.00216919 -0.00616449 0.0170178 0.0261873 -0.00865951 0.00981853 0.0173065 0.00623872 -0.0165578 -0.01113 -0.0209317 0.0263937 0.00423264 0.00134867 -0.0105095 -0.0143649 -0.0043471 0.00781279 -0.0180418 0.0279024 0.0189671 0.0120024
internal_weight=4123.8 3675.5 3188.74 1677.03 1511.71 1227.13 1531.73 335.6 1196.13 897.493 486.762 448.302 819.216 298.633 292.404 243.403 1151.37 515.368 636.007 243.359 41.615 284.584 752.346 516.814 212.342 111.02 101.322 433.2 176.143 66.8707
internal_count=19469 17536 15459 7856 7603 6356 7080 1447 5633 4362 2077 1933 4035 1271 1243 1040 6017 2636 3381 1037 176 1247 3729 2624 991 499 492 1869 753 306
cat_boundaries=0 1 2 3
cat_threshold=10 8 4
is_linear=0
shrinkage=0.03


Tree=29
num_leaves=31
num_cat=1
split_feature=3 6 17 6 29 29 31 3 6 4 9 6 17 2 7 17 7 12 29 18 3 14 18 14 14 12 18 4 12 12
split_gain=339.874 226.562 105.058 66.1332 55.0022 52.8788 52.1216 47.0083 44.0964 40.9032 40.2266 39.2179 39.6714 38.6081 38.4377 37.5813 33.6465 36.1332 36.2599 30.9267 40.5968 28.7144 28.6945 33.5187 27.8535 37.1856 27.8412 26.5667 32.2172 32.1378
threshold=1.0000000180025095e-35 -0.31473593413829798 0.41494375467300421 -0.98471984267234791 76.151096343994155 86.164299011230483 0 5.8520450592041025 -0.68159639835357655 23.500000000000004 -4.9689743518829337 -0.58134955167770375 -0.39733999967575068 302.42918395996099 -4.5858092308044425 -0.66966253519058216 -28.372161865234371 0.028500000014901165 76.836559295654311 1.4185824990272524 190.72395324707034 -0.37499999999999994 1.6888062953948977 -0.20499999821186063 0.34499999880790716 -0.027500000782310959 0.99228918552398693 168.50000000000003 -0.16650000214576718 -0.26850000023841852
decision_type=2 2 2 2 2 2 1 2 2 8 2 2 2 2 2 2 2 2 2 2 2 2 2 2 2 2 2 8 2 2
left_child=14 2 3 -2 -4 9 22 -6 19 11 27 13 -13 16 -1 -8 -5 -18 -19 -9 24 -12 -3 -24 -21 -26 -14 -11 29 -29
right_child=1 6 4 5 7 -7 15 8 -10 10 21 12 26 -15 -16 -17 17 18 -20 20 -22 -23 23 -25 25 -27 -28 28 -30 -31
leaf_value=0.0070561548095759152 -0.02059709793168089 0.030307055496117438 0.012289576848338219 -0.021213882986751274 0.02231257979535704 -0.034369086322674429 -0.018619137581482023 -0.016350624993911433 0.010943808616187043 0.0037920557494760458 -0.0071641280389396324 -0.0093178483277714247 0.0020980465129814747 -0.024617514574240953 0.033499328782018972 0.010865496553089032 -0.012020977717526587 0.010482864049225596 -0.012540114343632239 -0.00043580416714329311 -0.015087861162369331 0.024122492326734579 -0.028931158471753603 0.022859731311386383 0.06916214003634398 0.0094503989739660992 0.027543729168344213 -0.010614132810982758 -0.023157452844699025 0.039590441541455794
leaf_weight=60.845243483781815 369.93700827658176 218.15323919057846 349.59139356017113 158.62000213563442 60.571357101202011 59.354997411370277 46.578901991248131 257.31696861982346 117.73337942361832 186.59926882386208 35.578713998198509 216.80644422769547 133.67402604222298 171.42201906442642 278.9932436645031 213.51213727891445 356.69967858493328 176.63540849089622 93.251411780714989 57.6795774102211 86.820538684725761 97.219699963927269 16.560074061155319 30.334596738219261 14.200724706053732 25.546683073043823 53.57625712454319 33.120977088809013 97.357452377676964 16.327084586024284
leaf_count=260 2024 936 1473 854 257 315 229 1313 509 859 151 1038 593 952 1225 885 1824 828 491 266 450 411 69 129 67 120 230 148 439 72
internal_value=0.00011654 -0.00248926 -0.00546519 -0.00901301 0.00279226 -0.00673138 0.0157659 -0.00257516 -0.00530549 -0.00581513 0.00185091 -0.00844113 -0.000601648 -0.0117482 0.0287995 0.00532995 -0.00891096 -0.00576764 0.00251103 -0.00965294 -0.000261302 0.0157494 0.0248151 0.00434844 0.0129702 0.0319577 0.00948623 -0.00371555 -0.0132193 0.00641893
internal_weight=4090.62 3750.78 3225.64 2256.18 969.461 1886.24 525.139 619.869 559.298 1826.89 466.203 1360.69 404.057 956.629 339.838 260.091 785.207 626.586 269.887 441.564 184.248 132.798 265.048 46.8947 97.427 39.7474 187.25 333.405 146.806 49.4481
internal_count=19417 17932 15684 11229 4455 9205 2248 2982 2725 8890 2080 6810 1861 4949 1485 1114 3997 3143 1319 2216 903 562 1134 198 453 187 823 1518 659 220
cat_boundaries=0 1
cat_threshold=10
is_linear=0
shrinkage=0.03


Tree=30
num_leaves=31
num_cat=2
split_feature=3 6 17 4 31 1 28 32 6 9 6 14 10 17 14 7 10 17 17 12 10 12 13 17 14 14 18 12 10 29
split_gain=311.273 213.521 103.878 75.8468 67.1653 53.0468 53.6322 44.5679 43.3997 43.1949 34.5705 54.1319 44.2385 35.0932 34.232 33.8815 33.5802 32.3031 31.6083 27.5681 26.9401 26.6946 28.7158 26.4578 31.5915 24.4727 30.0502 26.1922 24.3414 24.5212
threshold=0.050898358225822456 -0.35488262772560114 0.38102295994758612 25.500000000000004 0 30.662682533264164 24.009605407714847 1 -0.99223279953002919 -4.9689743518829337 -0.61626377701759327 -0.56999999284744252 -0.35500000417232508 1.7078151702880862 -0.84999999403953541 -5.3632299900054923 -0.80500000715255726 -1.1955825090408323 -0.57472997903823841 0.32000000774860388 -0.64500001072883595 0.053500000387430198 43.500000000000007 -0.2980938702821731 0.41499999165534979 -0.15999999642372129 1.6450098752975466 -0.34700000286102289 0.66999998688697826 81.26676177978517
decision_type=2 2 2 8 1 2 2 1 2 2 2 2 2 2 2 2 2 2 2 2 2 2 2 2 2 2 2 2 2 2
left_child=15 2 3 7 19 21 10 -2 -9 -5 12 -12 16 -14 -10 -1 -7 -17 -6 -3 -11 22 -4 24 -16 26 -20 -27 29 -25
right_child=1 4 5 9 18 6 -8 8 14 20 11 -13 13 -15 23 17 -18 -19 25 -21 -22 -23 -24 28 -26 27 -28 -29 -30 -31
leaf_value=0.0022911555399355906 -0.0227595539464139 0.01832872139030798 -0.0089418172150686204 -0.0045234734779114258 -0.015283888002742897 -0.018091035573801054 -0.017676999789012993 -0.025802036006661453 -0.026409928096406254 -0.010153285925476412 -0.026370066844101401 0.035461916454150269 -0.0087996542420876577 0.021991606676944813 -0.014228748786743564 -0.005113840665349847 0.029306858670145451 0.032060633103062529 0.004656854811652361 0.039940609034675972 0.023221327225490796 0.02256696544977816 0.015416473242698186 0.0045590238282051231 0.0020407831354870777 0.042721497913561099 -0.035731446742608468 0.0093450018733401505 -0.016710352904786108 -0.018615621522699213
leaf_weight=47.219876483082771 319.02123336493969 265.52538518607616 76.6906828135252 334.4077572375536 67.594136714935303 16.377264708280563 158.86109907925129 139.32836474478245 84.638802617788315 27.196276798844337 15.69540563225746 55.034246414899826 311.91506923735142 36.322096467018127 492.90366023778915 22.316337242722511 61.911003902554512 305.15294198691845 68.590862423181534 67.082667708396912 99.023284122347832 133.37859852612019 98.341283410787582 342.63462559878826 136.97271257638931 24.013568833470345 20.791732922196388 144.48998048901558 75.588074162602425 45.681070506572723
leaf_count=203 1777 1128 342 1544 333 73 861 765 452 116 74 222 1459 158 2594 95 276 1345 290 291 417 564 427 1623 663 100 93 586 364 252
internal_value=7.82494e-05 -0.00254936 -0.0058819 -0.00962767 0.0129415 0.00226493 -0.00256037 -0.0126525 -0.00994222 0.00112467 0.00229481 0.0215646 -0.000943617 -0.00553427 -0.00813108 0.0261032 0.0192885 0.0295194 0.00274982 0.0221308 0.0160069 0.0125054 0.00475366 -0.00669379 -0.0106932 0.0076236 -0.00502946 0.0143255 -0.00125224 0.00179197
internal_weight=4094.7 3720.01 3061.92 2097.4 658.088 964.527 656.116 1636.77 1317.75 460.627 497.255 70.7297 426.525 348.237 1178.42 374.689 78.2883 327.469 325.48 332.608 126.22 308.411 175.032 1093.78 629.876 257.886 89.3826 168.504 463.904 388.316
internal_count=19487 17844 15023 10567 2821 4456 3123 8490 6713 2077 2262 296 1966 1617 5948 1643 349 1440 1402 1419 533 1333 769 5496 3257 1069 383 686 2239 1875
cat_boundaries=0 1 2
cat_threshold=10 17
is_linear=0
shrinkage=0.03


Tree=31
num_leaves=31
num_cat=1
split_feature=5 5 29 32 10 1 17 5 29 14 28 12 28 14 17 10 10 16 12 12 14 10 12 14 14 5 17 6 28 3
split_gain=332.136 236.382 109.604 79.477 75.3247 65.4286 49.1067 46.8935 46.1863 43.5737 43.4301 42.1353 40.6887 40.576 40.0176 35.4012 37.7348 39.47 33.835 33.1006 29.0514 46.0148 27.8397 26.923 35.8336 71.1175 26.487 34.1715 35.4466 32.397
threshold=0.48901963233947759 -0.88134551048278797 75.77988433837892 0 0.37500000000000006 6.1980919837951669 -0.40205584466457361 0.63088810443878185 86.164299011230483 -0.10500000044703482 22.590013504028324 0.028500000014901165 22.825375556945804 -1.0349999666213987 -1.2670373916625974 -0.34499999880790705 -0.14499999582767484 1.1503108739852907 -0.34700000286102289 -0.26350000500679011 -0.6599999964237212 -0.35500000417232508 -0.090500000864267335 0.49499998986721044 0.14500000327825549 -0.97269129753112782 0.889196276664734 -0.94107943773269642 24.994574546813968 18.527454376220707
decision_type=2 2 2 1 2 2 2 2 2 2 2 2 2 2 2 2 2 2 2 2 2 2 2 2 2 2 2 2 2 2
left_child=1 3 11 14 5 7 -5 10 13 -8 -2 20 -13 -4 -1 22 -17 26 -11 -19 -3 -22 -15 24 -16 -26 27 -18 -29 -30
right_child=4 2 8 6 -6 -7 9 -9 -10 18 -12 12 -14 15 23 16 17 19 -20 -21 21 -23 -24 -25 25 -27 -28 28 29 -31
leaf_value=-0.01737793479164515 -0.0092039691564248637 -0.030286535745705459 -0.032834208535269735 -0.012947480662731223 0.035064026719625482 -0.0049344736643552036 -0.0049538459449892927 0.031348109308771223 -0.034886378239580879 0.042928642886383143 0.022842269606476839 0.017122383461128453 -0.014882254058085912 0.010561329821317387 0.023158414511507339 -0.022062072941230127 -0.0204896696839749 0.045925496533558076 0.010945325077648137 0.00051207718349108777 0.032165203460229046 -0.0053727065604004939 -0.0071747296772915019 0.037034057976709063 0.038315034694938216 -0.036858769525922888 -0.00066334491974962256 -0.012987325837589884 0.033362642582166868 -0.002698352919495637
leaf_weight=22.687058851122856 69.75210727751255 33.209295660257339 70.92841449379921 144.3754595220089 197.57232464849949 131.6462050974369 134.59087127447128 162.8103306889534 72.972696781158447 36.480478554964066 81.672520682215691 222.30413728952408 41.765517204999924 117.36026844382286 212.79019568860531 267.59468178451061 361.50702585279942 16.391564905643463 150.88567717373371 85.38750322163105 32.247287169098854 252.3793939948082 242.6044883877039 92.4400654733181 18.190786346793175 26.67768357694149 179.75542421638966 448.07435667514801 26.423469230532646 122.28643940389156
leaf_count=102 292 164 394 696 877 559 575 722 426 152 345 963 190 567 913 1433 1985 72 618 412 143 1171 1235 401 79 117 864 2244 109 663
internal_value=-8.54547e-05 -0.00379487 -0.00827288 0.0100373 0.0196765 0.012795 0.00150311 0.0202147 -0.0115891 0.00804976 0.00811698 0.00318927 0.0120235 -0.0106944 0.0201024 -0.00983637 -0.0118537 -0.00963441 0.0173674 0.00820161 -0.00416518 -0.00102206 -0.00137896 0.0231463 0.0180399 -0.00621058 -0.0112353 -0.0132157 -0.00878248 0.00388918
internal_weight=4075.76 3432.31 2593.19 839.118 643.453 445.881 466.332 314.235 2011.29 321.957 151.425 581.906 264.07 1938.31 372.786 1867.39 1507.42 1239.83 187.366 101.779 317.836 284.627 359.965 350.099 257.659 44.8685 1138.05 958.291 596.784 148.71
internal_count=19483 16688 13035 3653 2795 1918 2041 1359 10404 1345 637 2631 1153 9978 1612 9584 7782 6349 770 484 1478 1314 1802 1510 1109 196 5865 5001 3016 772
cat_boundaries=0 1
cat_threshold=56
is_linear=0
shrinkage=0.03


Tree=32
num_leaves=31
num_cat=0
split_feature=3 17 11 1 14 4 29 4 12 10 14 10 14 12 17 8 12 17 1 3 12 12 9 12 12 13 12 18 1 8
split_gain=299.267 130.743 62.2345 60.8788 49.6751 50.6734 49.5048 41.28 36.3618 51.9548 43.855 34.9803 34.6857 37.3855 33.7862 32.2968 30.8755 30.5708 31.2846 40.5011 35.9284 30.0503 27.4215 31.2273 29.6329 27.3745 30.3936 26.2995 31.9906 25.2151
threshold=1.0000000180025095e-35 0.069999270141124739 76.500000000000014 25.261755943298343 0.49499998986721044 23.500000000000004 79.142368316650405 200.50000000000003 -0.37800000607967371 0.22500000149011615 0.18500000238418582 0.35999999940395361 0.69499999284744274 0.26000000536441809 1.2232449650764468 -44.357536315917962 0.10400000214576723 -1.0289596915245054 134.03785705566409 260.35255432128912 0.11699999868869783 -0.57400000095367421 -6.9865615367889395 0.22399999946355822 0.26600000262260443 32.500000000000007 0.56250000000000011 0.73923268914222728 37.026264190673835 -9.4519371986389142
decision_type=2 2 2 2 2 8 2 10 2 2 2 2 2 2 2 2 2 2 2 2 2 2 2 2 2 2 2 2 2 2
left_child=29 4 14 -4 5 11 8 15 21 10 -10 17 13 -6 25 -7 -12 -2 19 -19 27 -5 23 -14 -24 -3 -27 -21 -29 -1
right_child=1 2 3 6 12 7 -8 -9 9 -11 16 -13 22 -15 -16 -17 -18 18 -20 20 -22 -23 24 -25 -26 26 -28 28 -30 -31
leaf_value=0.0014686005775932927 -0.020273887816121459 0.01656650000694497 0.021469868627313572 0.021546268663508547 0.03918175392426361 -0.0099275694030665686 -0.014461476149369689 -0.013307110563395603 0.01466775375661237 -0.001475486184751323 0.068307092225028315 -0.027318871794292484 -0.01783422650083584 -0.001123543147955318 0.010823024556784832 0.014341037934678254 0.012866484896091325 -0.013199153667101924 -0.018139199262260795 0.0057609538038003102 0.015613825807679661 -0.017964492417320847 0.016713424128273355 0.005479436844058121 -0.019990997299768932 -0.0095244182085070257 0.03024342656757225 0.0063032629517584251 -0.020301618355732704 0.029456648641500521
leaf_weight=32.097400933504105 242.8461886048317 43.063207790255547 258.72948609292507 21.711627542972565 40.993039101362228 67.914656847715378 105.53461840748787 131.34330433607101 221.41235791146755 164.74519257247448 25.11284227669239 126.05244423449039 131.27232892811298 40.763193219900131 130.34384119510651 174.05706378817558 14.669984295964239 337.91719654202461 227.28437174856663 132.97809554636478 107.47871060669422 72.912448674440384 94.561518132686615 84.272283434867859 24.066828817129135 483.0366507768631 16.982287213206291 59.614127591252327 124.45778453350067 307.03859987854958
leaf_count=139 1313 189 1113 92 173 336 549 593 974 764 110 701 660 185 583 767 65 1778 1205 641 523 358 435 390 120 2305 70 280 653 1377
internal_value=-0.000111805 -0.0025828 0.00403109 0.00925722 -0.00738074 -0.00961545 0.00418426 0.000174286 0.00798482 0.0117184 0.0200141 -0.0123036 0.0019254 0.019315 -0.00283917 0.0075167 0.04868 -0.0107471 -0.00839142 -0.00546567 0.000706603 -0.00876818 -0.00237394 -0.00873599 0.00916212 -0.00613207 -0.0081161 -0.00438009 -0.0116978 0.0268198
internal_weight=4045.26 3706.13 1558.25 884.829 2147.87 1731.94 626.099 373.315 520.564 425.94 261.195 1358.63 415.929 81.7562 673.426 241.972 39.7828 1232.58 989.73 762.446 424.529 94.6241 334.173 215.545 118.628 543.082 500.019 317.05 184.072 339.136
internal_count=19441 17925 7172 4025 10753 8790 2912 1696 2363 1913 1149 7094 1963 358 3147 1103 175 6393 5080 3875 2097 450 1605 1050 555 2564 2375 1574 933 1516
is_linear=0
shrinkage=0.03


Tree=33
num_leaves=31
num_cat=2
split_feature=5 5 29 32 10 17 14 5 29 31 5 17 14 12 12 16 5 28 12 28 17 10 18 17 0 12 28 12 16 10
split_gain=285.657 211.361 101.785 97.402 64.521 60.9151 50.2185 45.9043 49.2736 44.9377 50.6319 38.6618 38.0091 36.1734 45.6305 35.583 34.893 34.8108 31.6545 31.0713 33.9741 41.8485 30.0042 37.3719 27.2204 27.0319 26.1551 25.8419 25.9331 25.4908
threshold=0.52643132209777843 -0.85957497358322132 75.77988433837892 0 0.37500000000000006 -0.40205584466457361 0.014999999664723875 0.16665012389421466 77.084831237792983 1 0.63088810443878185 -0.21463730931282041 0.14500000327825549 0.43999999761581426 -0.02450000029057264 0.088539849966764464 -0.73172146081924427 20.863806724548343 0.13350000232458117 24.994574546813968 -0.19701982289552686 -0.37499999999999994 1.6450098752975466 0.66239419579505932 16.173883438110355 -0.52750000357627858 18.926905632019047 0.15049999952316287 -0.33059918880462641 0.49500000476837164
decision_type=2 2 2 1 2 2 2 2 2 1 2 2 2 2 2 2 2 2 2 2 2 2 2 2 2 2 2 2 2 2
left_child=1 3 15 19 9 29 22 8 11 18 -11 -4 -8 14 25 -3 -10 -16 -2 20 -1 -22 23 -7 -12 -13 -17 -20 -29 -5
right_child=4 2 7 5 -6 6 12 -9 16 10 24 13 -14 -15 17 26 -18 -19 27 -21 21 -23 -24 -25 -26 -27 -28 28 -30 -31
leaf_value=0.0035576968627083708 0.031302172095124633 -0.0023260533200226679 -0.016284848742946272 -0.018217828743685185 0.034367705160005729 -0.0058795999643982922 0.040421461281560822 -0.0028127783678452483 -0.0044774799900369885 -0.01266666494150571 0.022225666507147766 0.015878098307827521 0.010014385130066927 -0.030349637335990678 0.018807957909068401 0.023266936347356108 -0.02251445569365346 -0.0083038973611523278 -0.021551911041498607 0.032537757195335131 -0.0079961868684847864 0.031846856416585724 -0.026118507395094661 0.033374545744468527 -0.021383199163588152 -0.013504474778429537 0.0027499790845536298 0.038963149950538394 -0.0064721306088831665 0.016306212372965912
leaf_weight=132.37706419825554 143.38012672960758 334.55644798278809 316.35285751521587 153.43129253387451 182.67577984929085 96.084111258387566 49.324920013546944 499.14331461489201 117.71918931603432 101.1130968183279 96.71584241092205 32.060467720031738 143.78959159553051 37.933362662792206 135.95539988577366 112.14867901802063 550.07919104397297 61.18916018307209 20.180545717477798 129.16506914794445 28.85285472869873 123.94664460420609 41.978999048471451 27.168891653418541 14.028238877654074 194.55559632182121 111.16491258144379 24.133698642253876 20.100267574191093 21.200822025537491
leaf_count=590 628 1562 1753 754 827 415 203 2360 610 427 423 155 596 192 601 482 3291 289 86 564 125 536 185 111 60 933 484 108 86 95
internal_value=0.000472129 -0.0028574 -0.00742502 0.00920554 0.0195171 0.000513908 0.00759976 -0.0106639 -0.0133704 0.0129862 0.00249943 -0.00822307 0.0179491 -0.00267588 -0.000133014 0.00386593 -0.0193464 0.0103936 0.0224213 0.019867 0.0147285 0.0243203 -0.00453125 0.00297223 0.0165597 -0.00929608 0.0131114 0.00590455 0.0186303 -0.0139575
internal_weight=4052.51 3450.18 2502.86 947.32 602.328 532.979 358.347 1944.99 1445.85 419.652 211.857 778.047 193.115 461.694 423.761 557.87 667.798 197.145 207.795 414.342 285.177 152.799 165.232 123.253 110.744 226.616 223.314 64.4145 44.234 174.632
internal_count=19531 16886 12712 4174 2645 2359 1510 10184 7824 1818 910 3923 799 2170 1978 2528 3901 890 908 1815 1251 661 711 526 483 1088 966 280 194 849
cat_boundaries=0 1 2
cat_threshold=56 10
is_linear=0
shrinkage=0.03


Tree=34
num_leaves=31
num_cat=1
split_feature=5 5 4 29 31 16 17 29 12 12 14 10 10 8 10 12 14 5 17 10 10 1 29 16 10 5 17 12 10 14
split_gain=272.943 205.92 83.9509 107.765 70.6088 70.3992 65.2662 43.8619 39.9008 39.5647 50.4372 59.2325 36.3833 35.8754 33.9267 33.7917 32.2639 31.7538 31.1539 29.9075 29.3763 28.1075 32.2793 27.9896 27.6405 26.6643 30.6201 29.0718 35.7843 27.5229
threshold=0.59747540950775158 -0.88134551048278797 21.500000000000004 77.084831237792983 0 0.10985428094863893 -0.40205584466457361 86.164299011230483 -0.37100000679492945 0.028500000014901165 0.39499999582767492 0.72500002384185802 0.37500000000000006 -6.6039657592773429 -0.64500001072883595 0.42849999666213995 0.20499999821186068 -0.73172146081924427 0.45101259648799902 -0.36500000953674311 0.2950000017881394 7.9602410793304452 81.26676177978517 0.70041102170944225 -0.49500000476837153 -0.9936448037624358 0.86208418011665355 0.12900000065565112 0.49500000476837164 0.14500000327825549
decision_type=2 2 10 2 1 2 2 2 2 2 2 2 2 2 2 2 2 2 2 2 2 2 2 2 2 2 2 2 2 2
left_child=1 4 3 5 25 8 -6 12 16 10 -7 -12 20 21 -15 -11 -3 -5 -10 -20 -2 22 -4 -16 -8 -1 27 28 29 -27
right_child=7 2 13 17 6 9 24 -9 18 15 11 -13 -14 14 23 -17 -18 -19 19 -21 -22 -23 -24 -25 -26 26 -28 -29 -30 -31
leaf_value=0.034876879178196506 0.020385659334914822 -0.033841934515829668 -0.011913418429603091 -0.0066189191043804895 -0.016774229407884693 -0.012634400973763277 -0.023442488336557127 -0.026479197372270717 -0.011171980078338598 0.016614221493931266 0.035059167983529566 -0.017229205985443131 0.037542835757265948 -0.012994953578489732 0.02409928785185781 -0.011649633938604683 0.0052410964677704437 -0.02165611521004291 0.028439689275600956 -0.0025786795436556886 -0.022156823791486587 0.0071210188946853768 0.024437225674306534 -0.0062178634578279384 0.011769369043272283 0.0079334933422324522 0.039591090109372264 0.026082872864429677 0.039340061465346354 -0.018538951904752694
leaf_weight=78.262747958302498 280.15330843627453 95.27791240811348 233.42755284905434 160.49074472486973 125.7042713612318 191.5324545353651 20.794608861207962 15.228655263781546 499.28229300677776 226.412507802248 50.703888118267059 30.525247439742088 126.61642907559872 37.120952233672142 141.68190015852451 44.980541691184044 23.380884662270546 614.07686164975166 33.715809151530266 143.4271996319294 14.61197182536125 171.41223010420799 23.327920824289322 33.480200901627541 262.63374409079552 139.97833444178104 40.691239446401596 91.449166551232338 24.294613137841225 46.178706035017967
leaf_count=348 1230 522 1072 817 622 917 98 65 2597 996 220 148 600 159 595 209 123 3659 145 624 64 812 105 142 1084 602 177 401 105 202
internal_value=-9.37953e-05 -0.00282385 -0.00677104 -0.00965297 0.0102671 -0.00449553 0.0011104 0.0222731 -0.0101807 0.00381476 -0.00424819 0.0154391 0.0240935 0.00274095 0.0127941 0.0119042 -0.0261615 -0.018553 -0.0073429 0.00345158 0.018209 -0.00226153 -0.00852873 0.0183021 0.0091126 0.0186759 0.0154277 0.0120509 0.00585902 0.00130269
internal_weight=4020.85 3584.24 2754.26 2113.81 829.987 1339.24 409.133 436.61 795.084 544.155 272.762 81.2291 421.382 640.451 212.283 271.393 118.659 774.568 676.425 177.143 294.765 428.168 256.755 175.162 283.428 420.855 342.592 301.901 210.452 186.157
internal_count=19460 17501 13862 10977 3639 6501 1804 1959 4011 2490 1285 368 1894 2885 896 1205 645 4476 3366 769 1294 1989 1177 737 1182 1835 1487 1310 909 804
cat_boundaries=0 1
cat_threshold=10
is_linear=0
shrinkage=0.03


Tree=35
num_leaves=31
num_cat=1
split_feature=0 7 6 17 29 6 6 18 17 28 12 6 18 10 17 16 28 6 12 12 12 12 14 6 32 10 14 10 12 10
split_gain=206.426 133.521 128.168 88.1864 63.2589 58.4605 54.874 43.3828 41.2365 37.9671 56.3949 41.6661 39.0232 38.2353 37.9222 37.8162 46.8028 48.2636 46.2632 40.4375 39.7822 63.6253 37.1343 33.5234 52.8172 40.8578 32.6235 68.2241 32.0789 29.667
threshold=1.5315812230110171 -3.9040225744247432 -0.18987156450748441 0.069999270141124739 84.152141571044936 -0.27338597923517222 -0.77289488911628712 0.5405755639076234 0.97211340069770824 20.863806724548343 -0.35050000250339503 -0.97789707779884327 1.8245018720626833 0.2650000005960465 -1.2670373916625974 -0.17407006770372388 20.863806724548343 -0.50943501293659199 -0.14499999582767484 0.10400000214576723 0.024500000290572647 0.43999999761581426 -0.56999999284744252 -0.94107943773269642 0 -0.82499998807907093 0.41499999165534979 0.56499999761581432 -0.37100000679492945 -0.42000000178813929
decision_type=2 2 2 2 2 2 2 2 2 2 2 2 2 2 2 2 2 2 2 2 2 2 2 2 1 2 2 2 2 2
left_child=1 5 3 15 6 8 9 -8 -1 10 -5 -12 -11 -13 -4 23 20 -18 -19 -20 26 29 -9 25 -25 -2 -17 -28 -14 -22
right_child=2 -3 14 4 -6 -7 7 22 -10 12 11 13 28 -15 -16 16 17 18 19 -21 21 -23 -24 24 -26 -27 27 -29 -30 -31
leaf_value=-0.004332303713903583 0.034657309745189525 0.028686811138929826 -0.024898729769844492 -0.021611604206648441 -0.023503221034018806 0.029508462144589364 -0.014522831989658903 -0.013188964327842686 0.020046142135617697 -0.013557463792705109 0.029904029715075595 0.01259704352410738 -0.027051809715099309 -0.012920813608122148 0.019491817798964129 -0.014223930304783876 -0.018459808510699907 -0.019190546574741341 0.046057058718641894 0.0024422526726471964 -0.0055075579988265438 -0.020006361204401638 0.017979095413833662 0.0072915609099950991 -0.01433420148724497 -0.023044079700921385 0.045698319810592233 -0.023786985471682013 0.02684832368257558 0.027726375825296846
leaf_weight=363.02156117558479 10.564397171139715 318.55399115383625 17.758272439241409 60.572463199496269 87.060361862182617 68.28526146709919 50.58024337887764 37.543835580348969 74.378178492188454 294.70302787423134 70.519855558872223 149.83516843616962 12.151795774698256 80.396831721067429 250.74991255998611 143.08413290977478 298.35485967993736 52.997018292546272 26.750647231936455 61.994742453098297 29.699175760149956 42.294481977820396 340.00521409511566 130.49380353093147 399.93915581703186 334.30147701501846 26.603666976094246 22.715943619608879 40.830878615379333 122.3161448687315
leaf_count=1677 62 1449 88 297 472 303 243 172 319 1559 298 641 70 358 1082 718 1632 241 114 278 137 192 1488 661 2049 1962 116 108 196 558
internal_value=0.000129545 0.0135058 -0.00332456 -0.00514626 0.000994581 0.00390478 0.00288916 0.0113568 -0.000150571 -0.00223273 0.00457164 0.00989918 -0.00929684 0.00366889 0.0164745 -0.0095609 -0.00495109 -0.0116308 0.00277234 0.0159558 0.00266108 0.0122056 0.0148531 -0.0139047 -0.00914278 -0.0211814 -0.00699124 0.0138576 0.014214 0.0212399
internal_weight=4019.06 824.239 3194.82 2926.31 1224.2 505.685 1137.14 428.129 437.4 709.01 361.324 300.752 347.686 230.232 268.508 1702.11 826.811 440.097 141.742 88.7454 386.714 194.31 377.549 875.299 530.433 344.866 192.404 49.3196 52.9827 152.015
internal_count=19540 3748 15792 14622 5794 2299 5322 1903 1996 3419 1594 1297 1825 999 1170 8828 4094 2265 633 392 1829 887 1660 4734 2710 2024 942 224 266 695
cat_boundaries=0 1
cat_threshold=40
is_linear=0
shrinkage=0.03


Tree=36
num_leaves=31
num_cat=2
split_feature=5 5 32 31 16 1 17 29 29 17 11 18 12 5 17 18 10 10 10 10 11 12 14 12 12 18 29 12 5 5
split_gain=255.013 177.938 80.0378 63.472 62.8746 49.9161 45.2083 38.9787 36.9297 33.7653 32.54 31.2514 32.9346 31.5539 29.643 29.4764 38.1881 28.7286 28.3487 27.5974 55.7119 27.9517 27.092 33.0201 27.2873 27.7098 26.455 26.4313 26.1802 25.8978
threshold=0.59747540950775158 -0.91865202784538258 0 1 0.070914063602685942 18.1771354675293 -0.21463730931282041 75.522090911865249 86.164299011230483 -0.57472997903823841 68.500000000000014 1.7047763466835024 0.028500000014901165 0.038674917072057731 -1.898898661136627 1.5307921171188357 -0.22500000149011609 0.37500000000000006 -0.64500001072883595 -0.36500000953674311 73.500000000000014 0.054500000551342971 -0.15999999642372129 -0.14499999582767484 -0.34700000286102289 0.54848384857177745 86.164299011230483 0.1095000021159649 -0.83753159642219532 0.20903649181127551
decision_type=2 2 1 1 2 2 2 2 2 2 2 2 2 2 2 2 2 2 2 2 2 2 2 2 2 2 2 2 2 2
left_child=1 3 4 15 6 18 10 -6 17 -5 -3 12 13 28 -12 -1 -17 -2 -4 20 27 -22 23 -11 -24 -26 -7 -8 -9 -15
right_child=8 2 5 9 7 26 19 11 -10 22 14 -13 -14 29 -16 16 -18 -19 -20 -21 21 -23 24 -25 25 -27 -28 -29 -30 -31
leaf_value=0.026209276037196194 0.018522516106398296 -0.002386579324479378 -0.034433977390073783 -0.01591964807865209 0.018383374675946699 -0.015428457290967236 -0.027392654696844498 0.0072659162147155178 -0.022035551297551997 -0.02721573181555938 0.021058764404529039 0.015009556019490238 0.0048760900964939331 0.03154962409119292 -0.018459402096660197 -0.023371196255548496 0.019269554011034608 0.036097320296964434 0.0054321791975493004 -0.0045374414897980768 0.03684898196799502 -0.0011186054651039783 0.040140292509510719 0.0088605369369279385 -0.01344631399199871 0.016652738817520919 -0.033927905561754901 0.015689501718595879 -0.021798434110530483 -0.0039439494185646053
leaf_weight=248.30928693711758 288.05093538761139 201.14965671300888 17.082256302237511 74.131268739700317 134.3616918027401 547.88019642233849 36.215566843748093 33.566407799720764 15.719833910465239 37.819204926490784 16.984582722187042 116.12454880774021 309.93433006107807 22.765512898564339 431.23158274590969 26.853463992476463 57.989833995699883 120.48685255646706 142.1205085515976 462.85528920590878 59.520710676908493 24.441051825881004 28.954122766852379 54.613346114754677 37.129352927207947 99.013387709856033 79.889047861099243 18.747276693582535 152.56371752917767 82.776428773999214
leaf_count=1090 1281 1022 77 374 576 3172 174 154 68 167 84 515 1419 101 2345 112 254 584 665 2175 260 110 122 236 150 405 481 86 784 380
internal_value=8.00847e-05 -0.00254557 -0.00576487 0.0114376 -0.00265319 -0.0138576 -0.00694416 0.00361699 0.0220357 0.0017375 -0.0124275 0.00083094 -0.00192624 -0.00914644 -0.0169184 0.0203978 0.00565844 0.0237812 0.000966352 -0.00101638 0.0106633 0.0259136 0.00692933 -0.00603354 0.0141795 0.00840582 -0.0178329 -0.01268 -0.0165462 0.00393632
internal_weight=3979.28 3555.02 2890.21 664.813 2103.24 786.972 1251.15 852.093 424.258 331.661 649.366 717.731 601.606 291.672 448.216 333.153 84.8433 408.538 159.203 601.78 138.925 83.9618 257.529 92.4326 165.097 136.143 627.769 54.9628 186.13 105.542
internal_count=19423 17490 14580 2910 10185 4395 6256 3929 1933 1454 3451 3353 2838 1419 2429 1456 366 1865 742 2805 630 370 1080 403 677 555 3653 260 938 481
cat_boundaries=0 1 2
cat_threshold=44 10
is_linear=0
shrinkage=0.03


Tree=37
num_leaves=31
num_cat=0
split_feature=3 17 11 1 1 29 16 7 12 10 14 10 14 13 17 12 9 12 12 12 28 12 12 10 17 0 4 14 12 18
split_gain=227.654 111.745 57.5821 55.5401 38.0656 48.6778 37.4004 36.5388 35.8888 57.329 36.8174 40.5459 28.8226 28.3768 30.1069 27.5666 25.377 27.9182 24.7857 39.1541 33.2835 33.6068 33.4375 25.1009 23.8335 23.7521 21.6022 21.4027 20.208 31.4487
threshold=1.0000000180025095e-35 0.069999270141124739 76.500000000000014 23.503627777099613 25.261755943298343 79.142368316650405 -0.12991999834775922 -4.5858092308044425 -0.37800000607967371 0.22500000149011615 0.12999999895691874 -0.80500000715255726 0.42499999701976782 32.500000000000007 1.0224600434303286 -0.56650000810623158 -4.9689743518829337 0.11199999973177911 -0.10600000247359274 -0.085999999195337282 20.863806724548343 0.024500000290572647 0.43999999761581426 -0.42000000178813929 -0.24851682782173154 3.0111782550811772 7.5000000000000009 0.31499999761581426 0.22699999809265139 0.69159457087516796
decision_type=2 2 2 2 2 2 2 2 2 2 2 2 2 2 2 2 2 2 2 2 2 2 2 2 2 2 10 2 2 2
left_child=7 3 13 16 -4 8 -5 -1 15 10 11 -10 -12 -3 -15 -6 -2 -18 -8 -20 21 -21 23 -23 -24 -9 -11 -19 29 -22
right_child=1 2 4 6 5 -7 18 25 9 26 12 -13 -14 14 -16 -17 17 27 19 20 28 22 24 -25 -26 -27 -28 -29 -30 -31
leaf_value=0.0025316168148642954 -0.0029579652239755281 0.019003122810485395 0.018970421820218086 -0.014586309112361527 0.016158299049480452 -0.013344911559762139 -0.01166257030278469 0.032163228636963193 -0.033332467457087726 -0.009010738380927124 0.056946947111523996 0.018797902659058667 0.0075295492070382355 -0.0086166768052943939 0.0058287401447330153 -0.018980559691565434 0.018135157271401876 -0.023251755123282744 0.032975401641046689 -0.028698212024476095 0.0023902384741003816 -0.010923208428833729 0.01532366678701938 0.024756436448613122 -0.031845079169820767 0.0041175613200734699 0.014562261553610263 0.012137858866813629 -0.00071288467433751714 -0.029530510394310615
leaf_weight=57.786370098590851 477.32326129078865 49.867802157998085 251.71471476554871 728.339141741395 28.349051102995872 105.39765423536301 296.57880188524723 233.77098251879215 13.482063576579092 110.34240299463272 37.880560979247093 201.30518233776093 15.079521909356115 434.01970186829567 184.28574109077454 63.238366544246674 124.88476029038429 31.673525080084801 28.44926130771637 20.478612750768661 41.852393329143524 20.770031347870827 15.351824283599852 103.60511147975922 22.938007369637489 31.095551863312721 50.028910949826241 28.183447018265724 103.12440660595894 80.780319139361382
leaf_count=253 2284 217 1096 4068 128 562 1529 1111 64 529 166 884 66 2101 843 317 554 142 121 104 220 97 68 469 103 135 224 127 517 453
internal_value=7.92044e-05 -0.0020477 0.00408967 -0.00651113 0.0091413 0.00515936 -0.00977326 0.0241987 0.00893049 0.0125728 0.0210435 0.0153864 0.0432764 -0.00254313 -0.00430877 -0.00804698 0.000697645 0.0101078 -0.00498352 -0.000438004 -0.00283752 0.00664544 0.0112432 0.0187585 -0.0130247 0.0288985 -0.00161231 -0.00666304 -0.0105259 -0.0187053
internal_weight=3991.98 3669.32 1544.99 2124.33 876.818 625.104 1462.27 322.653 519.706 428.119 267.747 214.787 52.9601 668.173 618.305 91.5874 662.065 184.742 733.929 437.35 408.901 183.144 162.665 124.375 38.2898 264.867 160.371 59.857 225.757 122.633
internal_count=19552 18053 7197 10856 4036 2940 7749 1499 2378 1933 1180 948 232 3161 2944 445 3107 823 3681 2152 2031 841 737 566 171 1246 753 269 1190 673
is_linear=0
shrinkage=0.03


Tree=38
num_leaves=31
num_cat=2
split_feature=5 5 29 17 6 16 5 29 5 31 32 10 10 2 12 28 10 0 8 12 12 12 10 17 10 5 6 2 18 7
split_gain=243.6 157.781 77.1313 72.6633 52.7027 50.8874 43.9519 44.912 57.3177 39.2149 38.4705 35.6326 34.8424 33.0694 31.386 57.6401 43.712 30.9415 30.3209 32.1632 41.273 51.3261 28.8973 28.6115 28.4717 28.1446 26.9752 26.5491 30.8048 26.4046
threshold=0.59747540950775158 -0.96105405688285817 86.164299011230483 0.069999270141124739 -0.94107943773269642 0.96688616275787365 -0.83753159642219532 76.34873199462892 0.038674917072057731 0 1 -0.55500000715255726 -0.62499999999999989 143.73030853271487 0.12650000303983691 20.863806724548343 0.31000000238418585 3.7614165544509892 -64.398101806640611 0.43999999761581426 -0.28399999439716334 -0.158500000834465 0.054999999701976783 -1.0194784998893736 -0.42000000178813929 0.45150023698806768 -0.98471984267234791 296.39694213867193 0.57016858458518993 -3.1415648460388179
decision_type=2 2 2 2 2 2 2 2 2 1 1 2 2 2 2 2 2 2 2 2 2 2 2 2 2 2 2 2 2 2
left_child=1 9 3 4 5 14 12 -8 -9 -1 11 -6 -5 -13 -3 16 -16 29 -12 20 22 25 -20 -23 -25 -22 -7 28 -26 -2
right_child=17 2 -4 6 10 26 7 8 -10 -11 18 13 -14 -15 15 -17 -18 -19 19 -21 21 23 -24 24 27 -27 -28 -29 -30 -31
leaf_value=0.022017628787160733 0.014310929172362537 -0.02335746189180803 -0.032950414155573815 -0.017446621719231465 -0.025244936050430732 -0.020022142498682616 0.0065111617109623616 -0.012904684886196243 0.006189709603900871 0.0043831630258456345 -0.019972249235980698 0.029066793078831983 0.020465157663010752 -0.00022766967220502337 -0.01131512648080997 -0.025511165450152095 0.033175357165270966 0.0064658815719771745 -0.028633065931463374 -0.020101390302398724 0.012334089755560751 -0.015306022092192877 -0.0050994043901318028 -0.012081525537171286 0.032686012171793462 0.050138296522278254 0.018011635007147066 -0.013402515897495342 0.0053466993593429745 0.032506737930169359
leaf_weight=238.07818438112736 111.91342695057392 363.27989199757576 84.013715192675591 24.555047854781151 21.700763612985611 22.656160935759544 444.54782259464264 390.47025287151337 220.81135176122189 242.47996309399605 127.76746234297752 73.049396529793739 156.01963825523853 65.20536544919014 39.034930676221848 76.285709694027901 38.707092002034187 91.54845654964447 74.736496388912201 102.34331128001213 77.67700769007206 114.77766072750092 125.05819995701313 96.370234325528145 46.383553594350815 22.399381890892982 57.173777386546135 47.004511415958405 173.41032372415066 212.53039044141769
leaf_count=1070 497 2145 512 123 116 119 1914 2089 1049 1056 679 329 646 349 196 466 190 394 384 498 391 574 635 480 212 94 263 255 812 1034
internal_value=0.000259626 -0.00227682 -0.00476813 -0.00396856 -0.00787367 -0.0151167 0.00160801 -0.000735992 -0.00600843 0.0136954 -0.00416057 0.0091499 0.0152421 0.0153482 -0.0185527 -0.00714293 0.0109763 0.021956 -0.00630805 -0.00437568 -0.00228338 0.00178414 -0.0140013 -0.00231875 0.00181657 0.0212079 0.00710328 0.00686306 0.0112381 0.0262935
internal_weight=3981.99 3566 3085.44 3001.43 1765.02 597.138 1236.4 1055.83 611.282 480.558 1167.88 159.956 180.575 138.255 517.308 154.028 77.742 415.992 1007.93 880.161 777.817 578.023 199.795 477.946 363.169 100.076 79.8299 266.798 219.794 324.444
internal_count=19571 17646 15520 15008 9187 3379 5821 5052 3138 2126 5808 794 769 678 2997 852 386 1925 5014 4335 3837 2818 1019 2333 1759 485 382 1279 1024 1531
cat_boundaries=0 1 2
cat_threshold=10 32
is_linear=0
shrinkage=0.03


Tree=39
num_leaves=31
num_cat=1
split_feature=5 5 29 17 5 14 5 28 12 17 5 16 5 12 31 14 10 5 17 12 1 10 5 16 8 4 3 12 10 16
split_gain=233.01 148.981 66.615 67.3859 52.7097 59.896 48.8355 62.3342 51.0956 45.224 51.2823 44.3162 48.2292 44.1334 36.9899 32.8736 32.158 31.2861 31.2359 30.1785 29.6754 28.72 39.9438 31.724 28.2376 29.8069 29.9075 28.1266 26.9599 25.6731
threshold=0.59747540950775158 -0.94917574524879444 86.164299011230483 -0.18673217296600339 -0.73172146081924427 -0.62499999999999989 0.48901963233947759 20.863806724548343 -0.027500000782310959 0.56336399912834179 0.12431468442082406 1.1675921082496645 0.33273787796497351 0.43999999761581426 0 0.42499999701976782 0.37500000000000006 0.29221479594707495 1.660228490829468 -0.56650000810623158 6.5544946193695077 0.22500000149011615 -0.85957497358322132 -0.12991999834775922 -57.910634994506829 7.5000000000000009 169.81605529785159 -0.02450000029057264 -0.87499999999999989 0.24321942031383517
decision_type=2 2 2 2 2 2 2 2 2 2 2 2 2 2 1 2 2 2 2 2 2 2 2 2 2 10 2 2 2 2
left_child=1 14 3 11 5 -5 7 8 19 -9 18 12 -3 17 -1 -12 20 24 -11 -6 -2 23 -23 -7 -10 26 -26 -20 -8 -21
right_child=16 2 -4 4 6 21 28 9 13 10 15 -13 -14 -15 -16 -17 -18 -19 27 29 -22 22 -24 -25 25 -27 -28 -29 -30 -31
leaf_value=0.020168369352525459 0.021067780505403959 -0.013782576597712272 -0.031567755929413688 -0.022665117173035695 0.028163704971472324 0.036905912580050347 -0.012924549125980931 -0.020999741020562207 -0.017976943760537673 -0.017960907457246253 0.025306159749857077 0.013648500853178629 0.00058457733745903941 -0.017845252147316786 0.0034698610801510714 -0.01976175954295015 0.03396298172917029 -0.011038706228438002 0.038976261906398524 -0.01940188986955577 -0.00057661743448495807 0.020112457886162057 -0.011353629502866515 0.010647719537625232 -0.010087400769721736 0.035126525726938147 0.022592564222719762 -0.010966105738013125 0.023478508462677093 0.00089625389919559273
leaf_weight=245.84125719964504 216.82633027434349 1029.8529235422611 84.672169297933578 44.222224101424217 18.147882327437401 76.104254931211472 22.583938598632812 275.48192800581455 16.226320892572403 161.94243623316288 66.118788525462151 69.206714123487473 264.07664696872234 42.061633810400963 252.8374270349741 17.798313558101654 118.98492814600468 35.007963821291924 17.435095548629761 135.59795419871807 77.148678719997406 71.575398743152618 71.735430017113686 91.984313428401947 36.929417535662651 89.841570451855659 75.28652922809124 21.842601001262665 84.729643449187279 94.995385125279427
leaf_count=1105 1007 5736 526 217 88 325 96 1552 71 898 306 311 1168 198 1103 83 594 152 84 649 327 299 335 395 167 374 325 109 362 434
internal_value=-0.000467958 -0.00297493 -0.00548751 -0.00472352 -0.00048049 0.00965888 -0.003461 -0.0053416 0.00189196 -0.0123528 -0.00395449 -0.00959921 -0.0108522 0.0103128 0.0121989 0.0156274 0.0208211 0.0150406 -0.0121578 -0.00810818 0.0154049 0.0143071 0.00439231 0.0226844 0.0192544 0.0223181 0.0118437 0.0116202 0.015769 -0.0110721
internal_weight=3927.1 3514.14 3015.46 2930.79 1567.65 355.622 1212.03 1104.71 544.095 560.619 285.137 1363.14 1293.93 295.353 498.679 83.9171 412.96 253.292 201.22 248.741 293.975 311.399 143.311 168.089 218.284 202.058 112.216 39.2777 107.314 230.593
internal_count=19396 17468 15260 14734 7519 1571 5948 5490 2458 3032 1480 7215 6904 1287 2208 389 1928 1089 1091 1171 1334 1354 634 720 937 866 492 193 458 1083
cat_boundaries=0 1
cat_threshold=10
is_linear=0
shrinkage=0.03


Tree=40
num_leaves=31
num_cat=3
split_feature=5 5 32 31 2 16 7 0 2 10 21 5 10 31 21 10 14 10 10 10 14 14 10 14 5 8 24 0 16 10
split_gain=215.629 138.778 68.2983 66.4484 41.8143 35.7535 36.3082 52.2039 35.5994 34.852 33.0191 32.7852 32.1185 31.9616 28.1922 30.9822 43.6883 34.3712 41.4946 25.4551 42.5798 37.985 36.6626 54.5527 24.861 24.4006 24.3763 23.0778 23.0073 31.1379
threshold=0.56202840805053722 -0.85957497358322132 0 1 7.8629119396209726 -1.8195750117301939 -30.117835044860836 18.101202964782718 61.330173492431648 0.37500000000000006 1.0000000180025095e-35 -0.9936448037624358 0.13499999791383746 2 1.0000000180025095e-35 0.2950000017881394 0.66999998688697826 0.27500000596046453 0.19500000029802325 -0.32500000298023218 -0.11999999731779097 -1.0349999666213987 0.1799999997019768 0.49499998986721044 -0.70125329494476307 16.970341682434086 1.0000000180025095e-35 45.559335708618171 0.01979032997041941 0.95499998331069957
decision_type=2 2 1 1 2 2 2 2 2 2 2 2 2 1 2 2 2 2 2 2 2 2 2 2 2 2 2 2 2 2
left_child=1 3 5 10 -2 -3 -7 28 -4 -6 12 -5 -1 19 15 17 -17 18 -13 21 -21 -9 26 -24 -15 -25 -22 -12 -8 -30
right_child=4 2 8 11 9 6 7 13 -10 -11 27 14 -14 24 -16 16 -18 -19 -20 20 22 -23 23 25 -26 -27 -28 -29 29 -31
leaf_value=0.011463232008537608 0.026324687996617191 -0.025010590209647583 -0.0035305892886749245 0.016111598517127047 -0.0022055456626650246 -0.012380800994983836 0.00063923926242633749 -0.023102332718976888 -0.020882271495096291 0.027840304501586088 0.0079431283886413247 -0.007719936807002589 0.029047845622878148 0.0026972491644140714 -0.022822785497010327 0.034702199701633116 -0.0047675184115360493 -0.041443207890469166 0.037620801603956006 -0.020352509434837726 0.0054297723374310001 0.013255861433562735 -0.017065805202561738 -0.0019337041613072719 -0.02073832139138581 0.026910788198500752 0.03716170930827873 -0.02782730661255934 0.016634120891290786 -0.0094028673503569211
leaf_weight=216.61828948557377 287.17241629958153 67.208968326449394 148.38768246769905 83.392061501741409 111.12985537946224 306.4923107624054 393.52693125605583 30.063984736800194 379.42311249673367 49.465374961495399 56.251792296767235 177.46350862085819 166.55778090655804 52.049143105745316 62.381226718425751 44.352972403168678 56.441019102931023 22.617699861526489 19.230415925383568 132.60274505615234 118.53578191995621 154.8320042937994 183.00872971117496 65.240627750754356 183.01095624268055 43.189600080251694 25.833950504660606 21.663913384079933 226.52934159338474 49.82821698486805
leaf_count=966 1389 367 721 357 473 1590 1857 163 2359 232 254 812 750 279 317 184 236 98 82 711 592 726 932 308 1139 193 109 103 992 225
internal_value=-9.02481e-05 -0.00260882 -0.00621005 0.0073317 0.0194838 -0.00363736 -0.00291239 -0.00115595 -0.0157226 0.00716397 0.0152214 -0.000801638 0.0191626 -0.00553589 -0.00454246 -0.000920068 0.0127709 -0.00724172 -0.00311918 -0.00236035 -0.00553567 0.00725157 -0.000991103 -0.00710976 -0.0149272 0.00969647 0.0113246 -0.00222918 0.00530496 0.0119226
internal_weight=3934.5 3486.73 2559.76 926.971 447.768 2031.95 1964.74 1658.25 527.811 160.595 461.092 465.879 383.176 988.368 382.487 320.106 100.794 219.312 196.694 753.307 568.411 184.896 435.809 291.439 235.06 108.43 144.37 77.9157 669.884 276.358
internal_count=19516 17422 13263 4159 2094 10183 9816 8226 3080 705 2073 2086 1716 5152 1729 1412 420 992 894 3734 2845 889 2134 1433 1418 501 701 357 3074 1217
cat_boundaries=0 1 2 3
cat_threshold=108 10 6
is_linear=0
shrinkage=0.03


Tree=41
num_leaves=31
num_cat=1
split_feature=5 5 29 17 18 2 14 6 10 28 14 12 10 5 5 10 17 10 2 10 18 28 12 29 10 12 31 10 10 18
split_gain=195.314 164.613 74.2099 59.8331 49.2952 49.2093 48.7056 45.7839 40.8413 45.21 48.0579 38.4951 40.2971 37.1284 36.5512 36.3468 36.1109 34.5463 56.9531 40.1762 46.5913 35.5043 32.5208 32.3205 31.9724 31.0481 50.5215 40.2113 31.0317 29.7466
threshold=0.56202840805053722 -0.98097097873687733 86.164299011230483 0.38102295994758612 1.716315031051636 7.8629119396209726 -0.84999999403953541 -0.96645781397819508 -0.33500000834465021 24.994574546813968 -0.11999999731779097 0.43999999761581426 0.66999998688697826 -0.83753159642219532 0.4124008715152741 0.080000001937150969 -0.10783000290393828 0.39499999582767492 90.697071075439467 0.2650000005960465 0.83518201112747203 19.164343833923343 0.13350000232458117 75.522090911865249 0.24000000208616259 0.078999999910593047 0 0.31000000238418585 0.11499999836087228 1.4185824990272524
decision_type=2 2 2 2 2 2 2 2 2 2 2 2 2 2 2 2 2 2 2 2 2 2 2 2 2 2 1 2 2 2
left_child=1 4 3 6 -1 -2 -3 25 -9 10 16 12 17 15 -11 -5 -10 19 -19 20 21 -12 -7 -15 -23 -8 -27 -28 -6 -25
right_child=5 2 -4 13 28 22 7 8 9 14 11 -13 -14 23 -16 -17 -18 18 -20 -21 -22 24 -24 29 -26 26 27 -29 -30 -31
leaf_value=0.023190521665781904 0.026113307944373169 -0.024392724549860172 -0.032348009981686882 0.00095456349909041707 -0.034921291114706092 0.013145936341684679 -0.020534980633252056 0.006505737292698887 -0.031029551360777945 0.0011218350965952941 0.03167541460964541 -0.018896990904139217 -0.017357615864956041 0.016117342258721863 0.033225105542769653 0.029686892838021933 0.00024446823395268401 0.057612064819069504 0.0039385548747805496 -0.017827798761739424 -0.0058671963108149683 0.013067696215604066 -0.017666302666418329 -0.007718099748906442 -0.036353294341158644 -0.019723862973014688 -0.0061634857558148948 0.03116428861270143 0.01241694953576414 0.0049226177615194914
leaf_weight=267.69869101047516 285.06326793134212 128.33882012963295 82.931316837668419 76.933022618293762 22.160621076822281 119.81906940042973 258.90203133225441 325.93934543430805 125.03266623616219 205.95922036468983 69.516943022608757 149.64723138511181 123.77019521594048 95.520853310823441 36.789420485496521 80.860465884208679 45.105233460664749 23.435512140393257 66.063047468662262 106.29412324726582 195.65892693400383 43.98220220208168 40.443362340331078 398.69509445130825 14.961969405412672 90.009727835655212 58.01123820245266 45.63891713321209 26.170759111642838 287.5781309902668
leaf_count=1194 1396 716 521 336 99 528 1568 1614 658 1084 320 736 597 395 153 344 214 99 324 536 1004 218 177 1977 75 557 293 217 118 1339
internal_value=-2.01191e-05 -0.00243428 -0.0045159 -0.00374943 0.0181681 0.018655 -0.00654918 -0.00538366 -0.00290303 -0.00544871 -0.00836265 -0.00524472 -0.00204637 0.00254725 0.00610355 0.0157725 -0.0227855 0.00162494 0.0184745 -0.00191338 0.00334449 0.0173117 0.00530892 -0.00013882 0.000125843 -0.013757 -0.00463654 0.00950504 -0.00955621 -0.00242164
internal_weight=3896.93 3451.61 3135.58 3052.64 316.03 445.326 2113.06 1984.72 1532.16 1206.22 963.468 793.33 643.683 939.588 242.749 157.793 170.138 519.913 89.4986 430.414 324.12 128.461 160.262 781.794 58.9442 452.562 193.66 103.65 48.3314 686.273
internal_count=19407 17306 15895 15374 1411 2101 10983 10267 7632 6018 4781 3909 3173 4391 1237 680 872 2576 423 2153 1617 613 705 3711 293 2635 1067 510 217 3316
cat_boundaries=0 1
cat_threshold=10
is_linear=0
shrinkage=0.03


Tree=42
num_leaves=31
num_cat=1
split_feature=5 5 29 17 16 5 4 5 14 7 18 31 10 10 28 5 12 12 14 28 10 29 17 4 16 28 4 10 17 10
split_gain=185.104 134.512 65.8965 62.3681 49.6884 49.5213 50.6648 48.1755 41.973 41.9204 38.1833 33.5188 33.4441 31.1024 30.051 29.7382 29.0279 43.4091 32.5718 27.2883 26.7113 25.9227 25.5439 24.9152 27.7471 24.4024 21.8919 21.0975 31.1603 22.7354
threshold=0.59747540950775158 -0.96105405688285817 86.164299011230483 -0.34192450344562525 1.1675921082496645 -0.78753387928009022 3.5000000000000004 0.33273787796497351 -0.62499999999999989 -29.773410797119137 0.51983559131622326 0 0.37500000000000006 0.2650000005960465 24.994574546813968 0.45150023698806768 0.43999999761581426 0.14350000023841861 -0.6599999964237212 24.009605407714847 -0.39499999582767481 84.152141571044936 1.5727599859237673 237.50000000000003 0.15175064653158191 20.863806724548343 13.500000000000002 0.34499999880790716 0.20819161087274554 0.25499999523162847
decision_type=2 2 2 2 2 2 10 2 2 2 2 1 2 2 2 2 2 2 2 2 2 2 2 10 2 2 10 2 2 2
left_child=1 11 3 4 7 8 22 -3 19 -8 -10 -1 13 21 15 23 17 18 -11 -5 -20 -2 25 24 -9 -7 -19 28 29 -13
right_child=12 2 -4 5 -6 6 9 14 10 16 -12 27 -14 -15 -16 -17 -18 26 20 -21 -22 -23 -24 -25 -26 -27 -28 -29 -30 -31
leaf_value=0.02105620949788508 0.019969880750791102 -0.013997955941362319 -0.030876874301122788 -0.0289213314849644 0.015310057860983051 -0.0029673972770867941 -0.0095980676912889185 0.0036950940591590977 -0.0059610146170339176 -0.015528881018171618 0.01919736455986408 -0.0048507363781519919 0.032804144748193348 -0.014029512645154226 0.021357466598351624 -0.015211639484053706 -0.017867578970624239 0.0087370585053207685 0.025212493064864814 0.02111672256675674 0.0034411523801687184 -0.016281300041176016 0.013734269576723806 -0.021072332636991396 0.046144399713880888 -0.016211677463778034 0.03425287887309738 0.019731399489172595 0.01192237730966198 -0.040908913440548755
leaf_weight=224.18071390688419 235.16036000847816 838.20917764306068 80.665154621005058 36.277123257517815 69.782879963517189 201.129484847188 213.98419328033924 39.965641006827354 68.906140446662903 69.863893285393715 248.17455577850342 70.806516110897064 118.52750009298325 31.413087755441666 51.929776638746262 99.280133202672005 43.250582486391068 54.873374208807945 57.827337712049484 12.495365500450133 371.57630191743374 18.46114145219326 38.755756407976151 17.715812712907791 20.375910401344299 332.99554586410522 69.023538187146187 60.753032341599464 89.048380210995674 19.364815339446068
leaf_count=1029 1092 4781 522 181 315 958 1118 190 319 340 1042 333 613 143 218 439 210 253 260 60 1736 81 181 82 91 1933 290 262 364 84
internal_value=0.000228927 -0.00199056 -0.00429025 -0.00355464 -0.0090622 -0.00010841 -0.00259302 -0.0106683 0.00974138 0.00192584 0.0137285 0.0130337 0.019442 0.0137903 0.00151296 -0.00438528 0.00563497 0.00729217 0.0033279 -0.015935 0.00642484 0.0172776 -0.00952883 0.00940285 0.0185478 -0.0112393 0.0231125 0.00442537 -0.000598304 -0.0129582
internal_weight=3904.77 3501.21 3037.06 2956.39 1137.26 1819.13 1453.28 1067.48 365.853 880.399 317.081 464.153 403.562 285.035 229.267 177.337 666.415 623.164 499.268 48.7725 429.404 253.622 572.881 78.0574 60.3416 534.125 123.897 239.973 179.22 90.1713
internal_count=19520 17591 15519 14997 6116 8881 7279 5801 1602 4207 1361 2072 1929 1316 1020 802 3089 2879 2336 241 1996 1173 3072 363 281 2891 543 1043 781 417
cat_boundaries=0 1
cat_threshold=10
is_linear=0
shrinkage=0.03


Tree=43
num_leaves=31
num_cat=1
split_feature=5 5 29 32 4 2 12 10 14 12 17 29 18 10 12 12 28 5 12 16 10 14 14 10 12 18 14 2 12 17
split_gain=181.311 131.59 70.1596 61.6181 59.1097 45.003 43.5976 43.2111 44.5049 39.6564 39.0861 38.9516 37.2962 37.2154 34 31.3896 26.6661 32.0537 26.1942 26.1279 24.8712 27.805 24.0278 33.1093 29.2517 27.1238 26.8261 23.5283 28.3067 22.715
threshold=0.56202840805053722 -0.85957497358322132 75.77988433837892 0 43.500000000000007 7.8629119396209726 -0.37100000679492945 0.2950000017881394 0.69499999284744274 0.11699999868869783 -0.94982787966728199 76.836559295654311 0.69984164834022533 0.27500000596046453 0.13350000232458117 -0.66249999403953541 24.994574546813968 0.33273787796497351 -0.23350000381469724 -1.8195750117301939 1.0950000286102297 0.8400000035762788 0.78000000119209301 0.22500000149011615 -0.37100000679492945 1.4366115331649782 -1.0349999666213987 179.67922210693362 1.0000000180025095e-35 -1.0595335364341734
decision_type=2 2 2 1 10 2 2 2 2 2 2 2 2 2 2 2 2 2 2 2 2 2 2 2 2 2 2 2 2 2
left_child=1 3 6 -1 11 -2 15 9 -9 12 -11 22 13 -5 18 -3 -6 -18 -7 -8 21 -21 23 24 -4 -24 -26 -14 -29 -28
right_child=5 2 4 7 16 14 19 8 -10 10 -12 -13 27 -15 -16 -17 17 -19 -20 20 -22 -23 25 -25 26 -27 29 28 -30 -31
leaf_value=0.026511107389753291 0.025561372268328136 0.025726730347611547 -0.020667523349280577 0.013838485239890005 -0.0035225312144775028 -0.010903322332654432 -0.032274895768840205 0.028513897847403619 0.0017899560976756337 -0.024659719398248972 0.0143694102570762 -0.015555631303787967 -0.025523492444610291 -0.025839132427159239 -0.018252816361153196 -0.024931613563379126 -0.0057237865797976949 0.025519061077596647 0.021483839142172254 0.0072613831926437739 -0.022879727348795637 0.036155223529226919 -0.0060915820430036786 -0.017729921529505106 -0.029435101701404218 0.029086674878383099 -0.019048221568223063 -0.00064014291860369681 -0.045317973603704348 0.005395499743261996
leaf_weight=119.85626740753651 274.51488119363785 12.237444818019865 70.665052726864815 107.16301694512367 254.13084764778614 29.213373363018036 14.123570337891577 112.42966230213642 111.22206208109856 25.284681379795074 193.51550026237965 845.67368206381798 91.855400741100311 25.520652800798416 39.770014241337776 68.523708835244179 47.758827969431877 75.229823678731918 89.431932404637337 430.09887774288654 21.744415491819382 31.333939045667648 43.834644228219986 208.75994381308556 24.333633035421371 34.457314416766167 37.688851535320282 114.53409789502621 13.367693826556204 295.74845074117184
leaf_count=541 1367 55 399 482 1151 130 71 482 502 127 860 5107 431 119 174 350 237 312 396 1957 96 133 220 1109 141 151 222 531 63 1455
internal_value=-3.85234e-05 -0.00234862 -0.00589049 0.00739036 -0.00862511 0.0182328 0.00327795 0.00409306 0.0152912 -0.000238755 0.00976751 -0.0111986 -0.00646084 0.00607061 0.00545262 -0.0170348 0.00202984 0.0134386 0.0134848 0.00660428 0.00780505 0.00929738 -0.00603428 -0.00796262 -0.0031732 0.0095624 0.000330167 -0.0140202 -0.005625 0.0025839
internal_weight=3864.02 3431.09 2516.34 914.749 1938.28 432.93 578.062 794.893 223.652 571.241 218.8 1561.16 352.441 132.684 158.415 80.7612 377.119 122.989 118.645 497.301 483.177 461.433 715.488 637.196 428.436 78.292 357.771 219.757 127.902 333.437
internal_count=19371 17304 13166 4138 10504 2067 2662 3597 984 2613 987 8804 1626 601 700 405 1700 549 526 2257 2186 2090 3697 3326 2217 371 1818 1025 594 1677
cat_boundaries=0 1
cat_threshold=32
is_linear=0
shrinkage=0.03


Tree=44
num_leaves=31
num_cat=1
split_feature=5 5 29 17 16 4 13 0 17 5 28 5 7 5 7 6 17 17 12 6 32 10 5 16 10 18 16 10 16 18
split_gain=159.995 129.915 62.3438 64.3533 54.5094 49.1581 38.8722 37.6607 34.7916 30.518 30.33 28.506 27.7925 34.7422 25.5454 25.2775 24.9304 38.8443 23.9405 34.1944 24.4749 26.8442 24.2935 29.4607 22.2273 26.1223 27.7722 21.7625 21.1986 20.317
threshold=0.59747540950775158 -0.96105405688285817 86.164299011230483 -0.34192450344562525 1.1675921082496645 4.5000000000000009 42.500000000000007 3.7614165544509892 -1.2670373916625974 -0.73172146081924427 20.863806724548343 -0.9936448037624358 -30.117835044860836 -0.83753159642219532 -2.9715548753738399 -0.95380109548568714 0.29685099422931677 -0.053555749356746667 0.14649999886751178 -0.94107943773269642 0 -0.32500000298023218 -0.60434082150459278 -0.61939001083374012 -0.62499999999999989 0.5034179985523225 0.47467438876628881 0.42499999701976782 -0.80492398142814625 1.716315031051636
decision_type=2 2 2 2 2 8 2 2 2 2 2 2 2 2 2 2 2 2 2 2 1 2 2 2 2 2 2 2 2 2
left_child=1 8 3 4 6 9 18 14 -1 24 15 29 13 -7 -2 28 17 -13 19 -3 21 -20 23 -21 -5 -26 27 -27 -11 -10
right_child=7 2 -4 5 -6 12 -8 -9 11 10 -12 16 -14 -15 -16 -17 -18 -19 20 22 -22 -23 -24 -25 25 26 -28 -29 -30 -31
leaf_value=-0.021383510832070279 0.011877150750926475 -0.026269866715469482 -0.031180252521682758 -0.020200113161671269 0.017333558992664078 0.01445290443303851 -0.016335185575290238 0.00091010567713378223 0.029904314990845775 -0.019036319732251603 -0.01465548876804971 0.010587072538496969 0.0080422602989125135 -0.0091049926490071511 0.029912549601848956 -0.009955221547108305 0.020700198839336034 -0.020774202769078584 0.033959816448701365 0.0083678505436875685 -0.013432748596292494 0.0027670356013941022 0.0031791324333780694 -0.024954610103206827 -0.014644252015840005 0.033887436136058699 0.00047765800244982924 0.00011717789598251521 0.015054681751667267 -0.0040558819914155372
leaf_weight=24.491476118564606 115.31331230700016 79.778522923588753 74.451452553272247 29.999409094452858 64.910044580698013 74.897053226828575 550.13273878395557 88.187996402382851 125.8505153208971 18.873275831341743 348.98794974386692 139.38132029771805 660.521609172225 217.91574445366859 190.24743084609509 128.68856106698513 108.85893043875694 46.610075995326042 35.330623298883438 33.728550389409065 39.276009663939476 79.083230942487717 166.54399843513966 77.490702345967293 39.999704003334045 59.763784825801849 91.169228836894035 23.951004192233086 95.874259024858475 17.865343347191811
leaf_count=120 534 517 496 152 293 319 3177 385 564 98 2061 641 3019 1127 993 610 478 203 172 165 202 382 810 391 198 268 395 110 442 77
internal_value=0.000103657 -0.00196339 -0.00425328 -0.00355555 -0.00917068 -2.06033e-05 -0.0108064 0.0181972 0.0128067 -0.00532114 -0.008999 0.0147603 0.00463552 -0.00305056 0.0231672 -0.000863135 0.00936713 0.00265876 -0.00483662 -0.00908541 0.00504254 0.0116046 -0.00407319 -0.0148647 0.00357681 0.00697444 0.0119742 0.0243411 0.00933149 0.0256839
internal_weight=3848.17 3454.43 2991.37 2916.92 1126.27 1790.64 1061.36 393.749 463.058 837.307 592.424 438.566 953.334 292.813 305.561 243.436 294.85 185.991 511.232 357.542 153.69 114.414 277.763 111.219 244.883 214.884 174.884 83.7148 114.748 143.716
internal_count=19399 17487 15404 14908 6109 8799 5816 1912 2083 4334 3211 1963 4465 1446 1527 1150 1322 844 2639 1883 756 554 1366 556 1123 971 773 378 540 641
cat_boundaries=0 1
cat_threshold=44
is_linear=0
shrinkage=0.03


Tree=45
num_leaves=31
num_cat=0
split_feature=3 5 29 14 10 14 5 12 18 14 3 14 12 18 29 9 10 12 16 2 12 18 12 12 16 14 5 7 28 29
split_gain=158.596 109.687 71.1462 46.4701 57.6784 50.6075 43.625 50.9781 38.8857 36.7875 46.0876 46.8462 34.5494 34.3571 32.3034 32.9318 32.1515 31.9312 30.2497 28.8235 32.2737 35.5276 36.1774 28.5334 27.5043 49.8314 26.1641 26.1187 24.3852 24.1573
threshold=1.0000000180025095e-35 -0.98097097873687733 86.164299011230483 0.49499998986721044 0.56499999761581432 0.60499998927116405 0.16665012389421466 -0.71900001168251026 1.716315031051636 -0.6599999964237212 172.76625061035159 -0.42000000178813929 0.22699999809265139 1.9333299994468691 81.26676177978517 16.142851829528812 0.39499999582767492 0.54000002145767223 -0.45300555229187006 222.34690856933597 0.028500000014901165 1.1673708558082583 0.13650000095367434 -0.10600000247359274 0.088539849966764464 0.30500000715255743 -0.75976759195327748 -4.5858092308044425 20.863806724548343 81.26676177978517
decision_type=2 2 2 2 2 2 2 2 2 2 2 2 2 2 2 2 2 2 2 2 2 2 2 2 2 2 2 2 2 2
left_child=27 8 3 4 6 -5 7 26 18 -9 24 14 -10 -7 15 -12 -8 19 -2 20 -13 22 -22 28 -11 -26 -3 -1 -20 -29
right_child=1 2 -4 5 -6 13 16 9 12 10 11 17 -14 -15 -16 -17 -18 -19 23 -21 21 -23 -24 -25 25 -27 -28 29 -30 -31
leaf_value=0.002547105157982483 0.037260107902964204 0.039451465173572835 -0.029494061470838925 0.024769158254023069 -0.026716445172738437 -0.0025795174791376995 0.0019005086672024536 -0.017803787544764482 -0.028605985578257866 -0.021300832774259142 0.0062279694143369431 -0.0062322987575885525 0.024071941557949592 0.017015041284142 -0.027410857463143153 0.035922913664861666 0.046195563179202523 -0.028705455406000731 -0.017069318077422679 -0.0095546296759848048 0.033438153067361767 -0.0043310327859223778 0.0039581312424799616 0.023445471496372543 -0.017112735142563475 0.03041146333549033 -0.0043453336131598821 0.027349797007662914 0.014546200072553132 -0.014341630395293117
leaf_weight=57.057909294962883 64.814347803592682 31.872273802757263 90.580712549388409 94.291854247450829 99.832790940999985 436.07025489211082 667.00604410469532 240.46068225800991 30.34177328646183 215.23182414472103 94.214499607682228 272.98224076628685 16.52505387365818 97.731650725007057 15.543171465396879 51.726189464330673 14.085392266511915 47.109710082411766 38.030617922544479 415.99276231229305 70.619967892765999 111.26808488368988 79.203606247901917 114.96735896170139 58.831075355410576 28.722910374403 19.302068546414375 230.78995887935162 49.195418491959572 12.626993685960768
leaf_count=258 294 136 582 415 567 2154 3089 1354 138 1277 453 1449 74 448 82 227 64 271 172 2284 325 538 399 518 305 134 97 1180 223 55
internal_value=-2.39817e-05 -0.00178963 -0.00342535 -0.00266951 -0.00447995 0.00463014 -0.00355737 -0.00605972 0.0151184 -0.00695157 -0.00515504 -0.00242579 -0.0099171 0.00103308 0.0125158 0.0169257 0.00288294 -0.00485556 0.0195333 -0.003644 0.000969062 0.00849344 0.0179832 0.0136955 -0.0155566 -0.00135461 0.0231654 0.0208702 0.000724577 0.0251373
internal_weight=3867.03 3566.55 3252.68 3162.1 2534.01 628.094 2434.17 1753.08 313.875 1701.91 1461.45 1158.66 46.8668 533.802 161.484 145.941 681.091 997.176 267.008 950.067 534.074 261.092 149.824 202.193 302.786 87.554 51.1743 300.475 87.226 243.417
internal_count=19562 18069 16650 16068 13051 3017 12484 9331 1419 9098 7744 6028 212 2602 762 680 3153 5266 1207 4995 2711 1262 724 913 1716 439 233 1493 395 1235
is_linear=0
shrinkage=0.03


Tree=46
num_leaves=31
num_cat=1
split_feature=1 6 8 29 14 16 12 6 17 31 28 14 14 10 12 9 6 10 9 14 6 14 28 17 14 12 12 7 18 17
split_gain=109.517 98.8573 91.8705 83.7494 51.5559 50.4991 52.2729 43.0816 47.3765 40.0245 36.7177 34.0534 33.3442 34.4318 33.067 30.6416 28.7589 28.036 26.2415 25.0992 26.3426 59.5569 24.9519 22.8521 22.3182 25.5182 24.2429 24.1353 22.0364 21.5423
threshold=22.974452972412113 -0.50943501293659199 -6.9016656875610343 77.084831237792983 -0.37499999999999994 0.12726400047540667 0.028500000014901165 -0.18987156450748441 0.60379037261009227 0 20.863806724548343 -0.79499998688697804 0.39499999582767492 0.42499999701976782 -0.37100000679492945 -12.201414585113524 -0.86977231502532948 -0.49500000476837153 -6.3533122539520255 0.49499998986721044 -0.23208956420421598 0.14500000327825549 24.994574546813968 -0.39733999967575068 0.8400000035762788 -0.2145000025629997 0.26600000262260443 -19.212480545043942 1.5407053232192995 -1.0595335364341734
decision_type=2 2 2 2 2 2 2 2 2 1 2 2 2 2 2 2 2 2 2 2 2 2 2 2 2 2 2 2 2 2
left_child=2 3 7 5 -4 14 12 8 11 19 -8 -1 -7 -14 -2 -16 22 -11 23 20 21 -3 -6 -19 25 27 -26 -13 -22 -17
right_child=1 9 4 -5 16 6 10 -9 -10 17 -12 24 13 -15 15 29 -18 18 -20 -21 28 -23 -24 -25 26 -27 -28 -29 -30 -31
leaf_value=0.03041054869561054 -0.024496399606475358 0.01039502327759009 -0.0010358484015853605 -0.016272104480842327 -0.003968591053503015 -0.012134224835023306 0.021512957845949206 0.021360614918341111 0.01222596749199846 -0.025059271611813146 -0.0050964046254931708 -0.010903319087074233 0.035317513944826968 -0.0062826906305951929 -0.014519545543317282 -0.021625402815650171 0.026218053379899898 -0.021789362873592358 0.0087727497345699134 0.025979620073992946 0.029445465464570206 -0.030054735949397216 0.028234101685194805 0.0013995684774650067 -0.006716944446124899 -0.01390449033221659 0.026223706304876655 0.015505669558683531 -0.0054563775406511689 0.002870570275520094
leaf_weight=21.457703396677971 95.61095879971981 148.086909070611 114.81681904196739 652.29875690490007 62.160510346293449 175.97608648240566 175.75868880748749 79.571510314941406 168.15314890444279 40.273727670311928 62.962621569633484 62.946449548006058 30.97684346139431 40.127191588282585 204.46574939787388 35.237292155623436 305.47857396304607 62.46279963850975 184.63215327262878 91.410375073552132 67.934382066130638 40.988016083836555 32.067478090524673 95.983916908502579 46.950115695595741 349.6042932420969 33.770425096154213 59.739157602190971 20.948440954089165 297.17936454713345
leaf_count=99 573 669 521 4156 267 878 760 369 734 212 306 327 132 198 1120 212 1512 326 803 415 324 190 138 405 217 1733 154 271 93 1476
internal_value=-0.000189732 -0.00386728 0.00675007 -0.00773768 0.0166787 -0.00274948 0.00451952 0.000524056 -0.00173429 0.00523509 0.0145028 -0.00583476 -0.00514557 0.0120791 -0.00833093 -0.00541191 0.0217572 -0.00165553 0.00110854 0.01209 0.00787886 0.00151426 0.00717197 -0.00782129 -0.00729349 -0.00978344 0.00721644 0.00197737 0.0212504 0.000216842
internal_weight=3860.03 2523.31 1336.72 1770.59 514.523 1118.29 485.801 822.193 742.621 752.721 238.721 574.468 247.08 71.104 632.493 536.882 399.707 383.353 343.079 369.368 277.958 189.075 94.228 158.447 553.01 472.29 80.7205 122.686 88.8828 332.417
internal_count=19590 13248 6342 9811 2438 5655 2274 3904 3535 3437 1066 2801 1208 330 3381 2808 1917 1746 1534 1691 1276 859 405 731 2702 2331 371 598 417 1688
cat_boundaries=0 1
cat_threshold=10
is_linear=0
shrinkage=0.03


Tree=47
num_leaves=31
num_cat=1
split_feature=3 5 29 17 18 10 5 5 12 12 10 6 12 9 18 29 5 3 29 9 12 12 4 7 29 12 6 12 32 10
split_gain=143.437 114.588 65.3052 66.0262 32.7401 35.331 31.7662 35.9546 31.3901 42.9235 36.8948 35.5908 30.4465 43.6189 42.0101 30.606 40.7379 32.2323 32.6381 31.1706 28.6411 26.2391 25.7254 24.9256 27.6762 24.0803 37.7501 29.6926 23.158 23.7233
threshold=1.0000000180025095e-35 -0.98097097873687733 86.164299011230483 1.0224600434303286 1.716315031051636 0.11499999836087228 -0.78753387928009022 -0.49655652046203608 -0.37800000607967371 -0.52750000357627858 0.080000001937150969 -0.99887409806251515 -0.17849999666213986 -44.092308044433587 0.63601747155189525 76.34873199462892 -0.75976759195327748 14.224246501922609 78.088207244873061 -72.871372222900376 -0.37100000679492945 0.42849999666213995 168.50000000000003 -4.5858092308044425 81.26676177978517 -0.10600000247359274 -0.85020262002944935 -0.090500000864267335 0 0.2650000005960465
decision_type=2 2 2 2 2 2 2 2 2 2 2 2 2 2 2 2 2 2 2 2 2 2 10 2 2 2 2 2 1 2
left_child=23 4 3 8 -2 -6 -5 -8 9 10 -3 -10 13 -13 -15 21 19 18 -18 -17 -9 22 25 -1 -25 26 -14 -27 -16 -30
right_child=1 2 -4 6 5 -7 7 20 11 -11 -12 12 15 14 28 16 17 -19 -20 -21 -22 -23 -24 24 -26 27 -28 -29 29 -31
leaf_value=0.0027278539448806543 0.020337476110485656 -0.019181466965171288 -0.028263547565787212 0.027306838613372263 -0.034240704576322292 0.017695436218566517 -0.012471995878680735 -0.016189016600458291 -0.016434712211851495 -0.020587712085686039 0.0093327196727609352 -0.0098380987663770798 -0.028506979690884556 -0.007256404696557652 0.0066622026849728804 0.017292754252735049 -0.010641599408191166 -0.01406718201454772 0.014391865842843694 -0.0038488022311556247 0.015141726072632937 -0.013430243003735234 -0.012845369960306198 0.026771277436135905 -0.01693997749308964 0.044514664050344883 0.011698289090358452 0.0070149485000469605 0.035680949359960606 0.0025341520789766807
leaf_weight=59.985277742147446 258.85456477105618 62.066148415207863 88.570212759077549 71.51943564414978 21.515444278717041 23.825685650110245 76.747736796736717 29.333916887640953 154.93468450009823 218.19661308825016 114.88724674284458 125.82846038043499 41.934284821152687 86.207914918661118 139.06936192512512 90.815541341900826 106.38791839778423 554.32045762240887 82.180691778659821 197.54673203825951 201.67711339890957 92.098042026162148 73.598720610141754 230.80079743266106 13.161025732755659 18.931276753544807 40.3608178794384 433.43638986349106 89.877154380083084 24.922440007328987
leaf_count=271 1184 325 584 310 97 110 376 161 926 1258 609 669 236 417 637 434 481 3258 364 961 928 433 331 1202 57 79 197 2042 425 121
internal_value=0.0003708 -0.00133894 -0.00300551 -0.00228125 0.0162294 -0.00715657 0.00943628 0.00520839 -0.00390158 -0.011715 -0.000720178 -0.00258471 -0.00160119 0.00519913 0.0107754 -0.00343282 -0.00671723 -0.0104282 0.000286683 0.00284618 0.0111107 0.00140603 0.00367077 0.0201087 0.0243537 0.00596403 -0.00888499 0.00867901 0.0169031 0.026298
internal_weight=3823.59 3519.65 3215.45 3126.88 304.196 45.3411 379.278 307.759 2747.6 395.15 176.953 2352.45 2197.52 465.905 340.077 1731.61 1031.25 742.889 188.569 288.362 231.011 700.36 608.261 303.947 243.962 534.663 82.2951 452.368 253.869 114.8
internal_count=19483 17953 16562 15978 1391 207 1775 1465 14203 2192 934 12011 11085 2269 1600 8816 5498 4103 845 1395 1089 3318 2885 1530 1259 2554 433 2121 1183 546
cat_boundaries=0 1
cat_threshold=68
is_linear=0
shrinkage=0.03


Tree=48
num_leaves=31
num_cat=2
split_feature=5 5 29 17 6 32 10 16 32 10 6 2 29 16 5 5 7 5 17 29 10 9 14 13 3 18 10 14 17 18
split_gain=153.121 111.208 56.8089 56.9978 41.7251 34.3213 31.0132 30.4254 31.8899 30.6581 29.6353 30.3117 26.2446 26.7048 24.3237 33.1012 23.3999 23.3263 43.1479 21.559 24.9038 23.2839 21.284 20.4409 22.0789 20.229 20.0701 21.5388 19.8855 18.7575
threshold=0.59747540950775158 -0.94917574524879444 86.164299011230483 0.069999270141124739 -0.98471984267234791 0 0.37500000000000006 1.1675921082496645 1 0.14500000327825549 -0.90877163410186756 186.20759582519534 76.34873199462892 -1.5601966381072996 -0.73172146081924427 0.038674917072057731 -28.75852012634277 -0.9936448037624358 0.27514992654323583 84.152141571044936 0.2950000017881394 -2.5698010921478267 1.0949999690055849 53.500000000000007 731.32540893554699 0.64485144615173351 0.22500000149011615 0.40500000119209295 -0.18673217296600339 1.716315031051636
decision_type=2 2 2 2 2 1 2 2 1 2 2 2 2 2 2 2 2 2 2 2 2 2 2 2 2 2 2 2 2 2
left_child=1 5 3 4 22 -1 19 8 10 -9 -6 -12 13 -5 -14 -16 -10 29 -19 20 21 25 -3 24 26 -2 -15 -28 -13 -7
right_child=6 2 -4 12 7 17 -8 9 16 -11 11 28 14 23 15 -17 -18 18 -20 -21 -22 -23 -24 -25 -26 -27 27 -29 -30 -31
leaf_value=0.02141783458933471 -0.017595958778769013 -0.019129818213572927 -0.030768377248841034 -0.024748252845919572 -0.013052518189244548 0.02207044789679365 0.031208065899743734 -0.012607619389640263 -0.016538224863679615 0.02512818812218176 0.026074064586235794 -0.013135537871888214 0.0082474395259615578 0.0091718911953001664 -0.011333744128383252 0.0039777667571953218 -0.0057746241046937631 -0.0105776427589526 0.016890347565390665 -0.017351171202507377 -0.020954460095234429 0.026244454789456327 0.01900027510105803 0.019542121579085085 0.039651071533471659 0.013449677020011978 -0.01923202542954873 0.0044110271398323389 0.028115859273900687 -0.014516096886695229
leaf_weight=174.845987200737 22.288374900817871 279.62092059850693 69.78193374723196 22.142170399427414 52.332852393388748 85.354941248893738 110.46885785460472 28.561970323324203 227.33548194169998 56.148966401815414 73.179353699088097 42.481634080410004 151.91420693695545 206.72750635445118 322.81546905636787 208.47272180020809 903.78383548557758 141.1218505948782 79.693214252591133 19.535412058234215 15.729797378182409 122.85169003903866 13.052212208509443 110.26118142902851 14.679109320044516 100.74673610925674 58.496419921517372 82.439659804105759 12.88312231004238 14.055891364812849
leaf_count=825 104 1776 498 104 299 377 608 139 1288 241 346 245 680 898 1845 1007 4698 645 342 87 71 590 68 474 65 493 267 349 67 64
internal_value=3.27905e-05 -0.00199684 -0.00421458 -0.00355784 -0.00708818 0.0111423 0.0177804 -0.0049227 -0.00605016 0.0124062 0.00550984 0.0135347 0.00150699 0.00676217 -0.00230291 -0.00532946 -0.00788101 0.00467041 -0.000632859 0.0124125 0.0146927 0.0170487 -0.0173704 0.00828761 0.0048185 0.0077291 0.00323828 -0.00546853 -0.00320801 0.0168044
internal_weight=3823.8 3432.18 2937.11 2867.33 1689.38 495.072 391.621 1396.71 1312 84.7109 180.877 128.544 1177.95 494.746 683.202 531.288 1131.12 320.226 220.815 281.152 261.617 245.887 292.673 472.604 362.343 123.035 347.664 140.936 55.3648 99.4108
internal_count=19560 17607 15354 14856 9167 2253 1953 7323 6943 380 957 658 5689 2157 3532 2852 5986 1428 987 1345 1258 1187 1844 2053 1579 597 1514 616 312 441
cat_boundaries=0 1 2
cat_threshold=112 32
is_linear=0
shrinkage=0.03


Tree=49
num_leaves=31
num_cat=2
split_feature=5 5 29 10 32 31 12 17 12 29 12 17 17 0 17 8 10 12 16 28 10 12 21 5 16 5 28 16 10 3
split_gain=129.352 107.386 69.4444 64.0227 48.9036 36.289 39.9653 38.9637 34.7138 34.016 33.6376 32.461 31.5347 24.449 24.4309 22.772 22.6952 22.8373 21.4821 23.282 21.3719 21.2488 20.8878 20.7925 21.6195 21.223 21.9001 27.1032 20.6823 20.5709
threshold=0.48901963233947759 -0.88134551048278797 75.77988433837892 0.37500000000000006 0 1 0.13350000232458117 0.17250502109527591 -0.37100000679492945 86.164299011230483 -0.56650000810623158 -0.57472997903823841 -1.2670373916625974 18.101202964782718 0.38102295994758612 -48.97666931152343 -0.044999999925494187 -0.14499999582767484 0.15175064653158191 22.825375556945804 -0.80500000715255726 -0.34700000286102289 1.0000000180025095e-35 0.16665012389421466 1.1911813616752627 -0.75976759195327748 25.346193313598636 -0.4701900035142898 -0.37499999999999994 407.15119934082037
decision_type=2 2 2 2 1 1 2 2 2 2 2 2 2 2 2 2 2 2 2 2 2 2 2 2 2 2 2 2 2 2
left_child=1 4 8 5 12 6 -2 -7 10 14 -3 -6 -1 -14 23 -10 17 -13 20 -20 -17 -18 28 25 -25 26 29 -28 -15 -4
right_child=3 2 9 -5 11 7 -8 -9 15 -11 -12 16 13 22 -16 18 21 -19 19 -21 -22 -23 -24 24 -26 -27 27 -29 -30 -31
leaf_value=-0.018994863599638884 0.024777559739390432 0.014669945226482246 -0.029316590560606967 0.028713504634699939 -0.014120468552728154 -0.0139342163559337 -0.0043605474627033212 0.01168438278073 -0.0098524094863314659 -0.03050133965923128 -0.026361637932455998 -0.01972737290859208 0.02836203553558464 -0.0035336953366513334 -0.002452014868071855 0.036218685098514641 0.029738097252599401 0.0050846142416000519 0.02213651105951819 -0.010002901505643978 0.0015379859615674645 0.0062526571963471651 -0.016788373445504996 -0.0060042180549006044 0.019028505158948269 -0.014860819177534712 0.047257647263911511 -0.0016975334358245663 0.020373850055601047 -0.003531304610544142
leaf_weight=21.085774064064026 142.67177052795887 25.090026289224625 34.302520588040352 168.01495619118214 102.93624559044838 115.37561343610287 59.70124426484108 97.81042218208313 62.541844710707664 58.376574821770191 58.059456452727318 53.528988525271416 128.96607899665833 42.161251381039619 600.80260761082172 16.158565625548363 42.399768993258476 85.326697111129761 145.18361561000347 22.962294235825539 237.01452088356018 176.85621899366379 20.193128407001495 289.05461895465851 33.795348823070526 670.03549784421921 14.163857609033583 30.756262049078941 138.22974319756031 133.54285474121571
leaf_count=95 684 120 186 859 527 521 281 452 292 449 306 245 612 185 3018 75 188 372 617 102 1133 753 92 1440 151 4281 74 167 636 717
internal_value=0.000149496 -0.00219102 -0.00534438 0.0131396 0.00725154 0.00678915 0.0154431 -0.00208338 0.00384433 -0.00813881 -0.0139533 0.00063192 0.0154711 0.0181952 -0.00739968 0.00692526 0.00491748 -0.00455309 0.00943322 0.0177143 0.00388524 0.0109087 0.0115502 -0.00986113 -0.00333317 -0.012242 -0.00396397 0.0144316 0.0147975 -0.00894346
internal_weight=3827.1 3243.52 2431.84 583.574 811.684 415.559 202.373 213.186 567.01 1864.83 83.1495 461.048 350.636 329.55 1806.45 483.861 358.112 138.856 421.319 168.146 253.173 219.256 200.584 1205.65 322.85 882.801 212.765 44.9201 180.391 167.845
internal_count=19630 16833 13128 2797 3705 1938 965 973 2645 10483 426 2085 1620 1525 10034 2219 1558 617 1927 719 1208 941 913 7016 1591 5425 1144 241 821 903
cat_boundaries=0 1 2
cat_threshold=56 10
is_linear=0
shrinkage=0.03


Tree=50
num_leaves=31
num_cat=0
split_feature=5 5 17 29 18 14 10 14 29 16 10 12 1 12 12 14 16 10 10 9 2 3 5 29 3 12 14 5 28 12
split_gain=130.865 82.2214 59.7589 49.6111 40.9089 38.7301 32.437 75.9292 31.2303 31.1772 28.3594 27.207 26.5151 26.1026 29.8662 41.4273 38.1417 43.196 36.6184 28.5823 28.4268 38.0568 30.5611 25.4525 25.0706 26.379 38.466 26.6502 24.7821 24.6563
threshold=0.63088810443878185 -0.98097097873687733 1.141010642051697 86.164299011230483 1.716315031051636 -1.0349999666213987 -0.33500000834465021 -0.11999999731779097 83.357944488525405 -0.45300555229187006 0.11499999836087228 -0.2145000025629997 14.61003351211548 0.42849999666213995 0.035499999299645431 0.39499999582767492 -0.23738544434309003 0.72500002384185802 1.2450000047683718 -92.248954772949205 222.34690856933597 253.42891693115237 -0.88134551048278797 81.26676177978517 2.721495628356934 -0.48800000548362726 0.024999999441206459 -0.30041381716728205 19.164343833923343 0.73149999976158153
decision_type=2 2 2 2 2 2 2 2 2 2 2 2 2 2 2 2 2 2 2 2 2 2 2 2 2 2 2 2 2 2
left_child=1 4 3 5 9 -3 11 -8 -2 -1 -6 -7 -13 14 15 24 -17 19 -19 -18 21 -16 -23 -14 -9 -26 27 -27 -11 -15
right_child=8 2 -4 -5 10 6 7 13 -10 28 -12 12 23 29 20 16 17 18 -20 -21 -22 22 -24 -25 25 26 -28 -29 -30 -31
leaf_value=0.036303671664477198 0.023965495714872536 -0.020185633202504008 0.0091127766541188211 -0.028773580197761751 -0.036196018057020135 0.020199876985301218 -0.01680759622777233 0.011971501418441922 -0.0078064725657486615 -0.00049803553606895276 0.0089713438119576258 -0.010235138299768626 0.0073952214565842457 -0.013190753464850009 0.0025599470045151221 -0.0066919076680409606 -0.016339066518285025 -0.020313675898768205 0.017459510655157946 0.027209411810828883 -0.0069552437830317799 0.00044848067297455837 0.032200182566282702 -0.01714069380030088 0.010454533146650291 0.0036226499394170185 -0.021165119946942621 -0.023436348154440921 0.021232789744479858 0.023366427842911854
leaf_weight=62.884491845965385 234.17314387857914 122.52809301018715 327.25050640106201 72.272856168448925 21.969528868794441 72.430010855197906 384.31834299862385 44.980022057890892 31.103770181536674 82.148011177778244 26.796068042516708 144.14051476120949 352.09132789075375 243.77972196042538 236.84583143889904 181.80950102955103 14.599415749311445 52.741004168987274 39.544869109988213 120.7283630669117 121.55739945173264 38.883622080087662 90.664159417152405 41.694350823760033 44.751779720187187 135.5434575676918 248.89096688479185 42.117369398474693 109.97690732777119 16.911737337708473
leaf_count=293 1238 692 1557 514 101 346 2144 207 140 357 125 676 1797 1265 1158 926 78 292 188 551 646 176 422 249 240 720 1427 251 534 73
internal_value=-4.84967e-05 -0.0015927 -0.0030137 -0.0044021 0.0132955 -0.00376105 -0.00299976 -0.00480007 0.0202249 0.0181016 -0.0116956 0.00307042 0.000730795 -0.00203556 -0.000424116 -0.00358897 0.0035333 0.0116944 -0.00411406 0.0224259 0.00557509 0.00973986 0.0227464 0.0047605 -0.00923299 -0.0112778 -0.0135769 -0.0028874 0.0119867 -0.010739
internal_weight=3760.13 3494.85 3191.08 2863.82 303.775 2791.55 2669.02 2058.67 265.277 255.009 48.7656 610.356 537.926 1674.35 1413.66 925.707 409.423 227.614 92.2859 135.328 487.951 366.394 129.548 393.786 516.284 471.304 426.552 177.661 192.125 260.691
internal_count=19383 18005 16595 15038 1410 14524 13832 10764 1378 1184 226 3068 2722 8620 7282 4880 2035 1109 480 629 2402 1756 598 2046 2845 2638 2398 971 891 1338
is_linear=0
shrinkage=0.03


Tree=51
num_leaves=31
num_cat=1
split_feature=0 7 29 17 6 31 12 12 10 2 14 8 14 12 10 14 14 10 6 10 13 10 17 14 18 17 12 16 16 12
split_gain=109.683 68.6096 65.6602 55.7186 67.936 47.443 40.5616 43.4296 42.1971 40.4895 39.5413 35.4042 35.307 31.9576 35.1781 38.0474 29.5949 39.0475 29.0446 28.6086 28.5974 28.2373 28.1541 26.08 27.3501 37.1847 25.6501 25.5545 24.8572 24.8549
threshold=1.5315812230110171 -3.9040225744247432 86.164299011230483 -0.34192450344562525 -0.54638096690177906 0 -0.35050000250339503 -0.56650000810623158 0.22500000149011615 64.190715789794936 -0.6599999964237212 -3.9219774007797237 0.55000001192092907 0.1670000031590462 0.2650000005960465 -0.27499999105930323 0.40500000119209295 1.0950000286102297 -0.68159639835357655 -0.12499999627470969 47.500000000000007 -0.35500000417232508 -0.76042082905769337 0.014999999664723875 1.6450098752975466 0.66239419579505932 0.23849999904632571 1.1675921082496645 -1.8682830333709715 0.13350000232458117
decision_type=2 2 2 2 2 1 2 2 2 2 2 2 2 2 2 2 2 2 2 2 2 2 2 2 2 2 2 2 2 2
left_child=1 22 3 12 5 6 7 -5 10 29 11 -8 13 14 15 -2 -10 26 -11 -3 -15 -17 -1 24 25 -6 -18 -14 -24 -7
right_child=2 19 -4 4 23 9 8 -9 16 18 -12 -13 27 20 -16 21 17 -19 -20 -21 -22 -23 28 -25 -26 -27 -28 -29 -30 -31
leaf_value=-0.0097684429440520002 -0.018274937190198348 0.0097849489813031879 -0.026080083655690988 0.019462437938163938 0.0024433102208654594 0.012654082215734165 0.021395352347797644 -0.023253746754929527 -0.017747244084128398 -0.015302397294409013 0.018735982761814683 -0.021554063415834279 -0.00036551044844362212 0.0092092056157116221 -0.026110546233112986 0.03139212580288725 -0.0004075626605789567 -0.024995696996559947 0.0038235692811128875 0.029537018078079388 -0.013483959212038273 -0.0045603901982355427 -0.026328634590832088 0.017439155167906371 -0.011747168234723116 0.033832150118460358 0.028257939005334201 0.029187582353742612 0.0091221152405805712 -0.012042636835735502
leaf_weight=112.27687256038189 231.6563917323947 108.68466490507126 101.67321311682463 27.617585554718971 141.764573097229 115.91562533378601 26.101491913199425 85.599219724535942 80.412604406476021 417.09158261865377 269.26175971329212 46.785142555832863 163.48730011284351 128.65821844339371 143.21104661375284 20.258686527609825 59.634231939911842 29.895159170031548 85.767446771264076 172.68185149133205 80.326918408274651 261.09616965800524 17.800738796591759 257.76672777533531 71.377233162522316 43.744953438639641 52.071138307452202 30.383759930729866 349.53044413030148 52.522999197244644
leaf_count=551 1354 542 665 138 642 574 122 460 388 2559 1177 228 858 661 877 97 281 143 435 907 452 1477 88 1139 307 195 225 131 1635 255
internal_value=6.29591e-05 0.0102357 -0.00249943 -0.0016704 0.00145282 -0.00208684 0.00350764 -0.0127546 0.00685003 -0.00766695 0.0134446 -0.00609201 -0.00716153 -0.00975249 -0.0130019 -0.0092988 -0.00332773 0.00492791 -0.0120392 0.021969 0.000464034 -0.00186965 0.00332088 0.0107147 0.00392579 0.00998681 0.0130869 0.00439211 0.00733737 0.00492746
internal_weight=3785.06 760.975 3024.08 2922.41 1863.33 1348.68 677.378 113.217 564.162 671.298 342.148 72.8866 1059.08 865.207 656.222 513.011 222.013 141.601 502.859 281.367 208.985 281.355 479.608 514.653 256.887 185.51 111.705 193.871 367.331 168.439
internal_count=19563 3723 15840 15175 9268 6985 3162 598 2564 3823 1527 350 5907 4918 3805 2928 1037 649 2994 1449 1113 1574 2274 2283 1144 837 506 989 1723 829
cat_boundaries=0 1
cat_threshold=4
is_linear=0
shrinkage=0.03


Tree=52
num_leaves=31
num_cat=1
split_feature=0 17 6 6 14 8 32 18 8 0 28 14 10 10 10 16 18 17 28 10 17 18 6 10 18 28 10 28 10 6
split_gain=94.5065 68.9129 57.5811 51.0566 41.3704 37.4909 34.2558 29.0534 28.4502 28.8124 41.8512 28.4302 42.2452 29.4053 39.5245 26.863 25.639 24.9252 24.8313 29.5713 23.6502 29.6637 20.8308 26.5886 34.9743 28.882 27.6307 27.4284 23.7434 26.6127
threshold=0.1154255084693432 0.069999270141124739 -0.77289488911628712 -0.77289488911628712 -0.99500000476837147 -6.6039657592773429 0 0.44139750301837927 -51.046007156372063 30.423569679260257 24.009605407714847 -0.11999999731779097 -0.26999999582767481 -0.39499999582767481 -0.33500000834465021 -1.0275335311889646 1.5075686573982241 1.7078151702880862 24.009605407714847 0.32999999821186071 0.23441465198993686 0.85377278923988353 -0.85020262002944935 0.39499999582767492 1.1297983527183535 20.863806724548343 0.27500000596046453 20.863806724548343 0.53000000119209301 -0.18987156450748441
decision_type=2 2 2 2 2 2 1 2 2 2 2 2 2 2 2 2 2 2 2 2 2 2 2 2 2 2 2 2 2 2
left_child=2 6 5 8 -5 -1 -2 -6 -3 20 17 12 13 -8 -15 -13 -9 -11 19 -7 -10 -22 -17 24 26 -26 -24 -28 -25 -30
right_child=1 3 -4 4 7 18 11 16 9 10 -12 15 -14 14 -16 22 -18 -19 -20 -21 21 -23 23 28 25 -27 27 -29 29 -31
leaf_value=-0.0068976797930475151 -0.014397940947733079 -0.016256305764366805 0.025805638554863491 -0.025694360396944928 -0.012930301023064346 -0.0055077603588151326 -0.0094159217621099401 0.017500841446042571 0.026432710733876246 -0.0034493911802142424 -0.026108210503314768 -0.013298755821016276 -0.022860262446408094 0.022014080535316703 -0.011158825491210726 -0.004326012390118112 0.0042886095153710016 0.029041131935469217 0.039261769078763879 0.029145952544704246 -0.01401289569285463 0.0080204994656084029 0.014949705417793798 0.033613666783045122 -0.02382729699075738 0.0034677824477327393 -0.02741628714434248 0.013697469605295113 0.00019912462708654885 0.039460729247223797
leaf_weight=138.52779544889927 329.36742257326841 109.14572617411613 179.98739239573479 28.172286778688431 42.042185217142105 56.580033972859383 302.93640613555908 362.50694368779659 43.762328669428825 230.04942528903484 73.089923314750195 130.39620840549469 147.64631580561399 73.257627904415131 56.408323720097542 349.28645439445972 209.00868873298168 22.403124406933784 29.661030679941177 35.167712271213531 69.808161288499832 245.60902633517981 154.57837459445 45.737103253602982 72.824275642633438 65.732212752103806 31.958893120288849 25.385638624429703 82.263408571481705 18.159210547804832
leaf_count=661 2003 607 975 149 202 253 1592 1703 198 1166 503 739 910 378 303 1946 943 98 139 173 332 1112 747 206 378 320 158 126 410 81
internal_value=-0.000238612 -0.00197038 0.0128115 0.00298125 0.00926705 0.00374955 -0.0057392 0.0109115 -0.0021052 0.000170926 -0.00628305 -0.00378224 -0.00905952 -0.00430749 0.00760798 -0.000678478 0.0126849 -0.000462914 0.0158552 0.00794634 0.00602169 0.00311519 0.0012803 0.00522398 0.000728454 -0.0109462 0.00837701 -0.00929297 0.0159257 0.00761779
internal_weight=3761.46 3321.54 439.924 1435.6 641.73 259.937 1885.94 613.558 793.868 684.722 325.542 1556.57 580.249 432.602 129.666 976.322 571.516 252.453 121.409 91.7477 359.18 315.417 845.926 496.639 350.479 138.556 211.923 57.3445 146.16 100.423
internal_count=19511 17310 2201 7013 2997 1226 10297 2848 4016 3409 1767 8294 3183 2273 681 5111 2646 1264 565 426 1642 1444 4372 2426 1729 698 1031 284 697 491
cat_boundaries=0 1
cat_threshold=17
is_linear=0
shrinkage=0.03


Tree=53
num_leaves=31
num_cat=0
split_feature=3 5 29 17 5 5 18 12 7 14 10 14 10 29 10 29 27 29 17 12 5 14 14 5 14 12 12 2 12 16
split_gain=111.78 91.0927 52.1562 50.534 30.2052 37.2243 29.4599 39.5066 28.7936 27.8682 38.1236 40.9574 33.1871 29.2597 40.1408 29.1899 27.6684 24.7741 23.2128 23.1411 28.9526 35.7039 35.0324 32.956 30.6005 25.3852 55.7862 22.9742 22.626 22.0808
threshold=1.0000000180025095e-35 -0.98097097873687733 86.164299011230483 0.92455279827117931 -0.78753387928009022 -0.49655652046203608 1.4408521652221682 -0.10600000247359274 -3.9040225744247432 -1.0349999666213987 -0.35500000417232508 -0.11999999731779097 -0.26999999582767481 77.177566528320327 -0.37499999999999994 75.224540710449233 1.0000000180025095e-35 81.26676177978517 -0.9095366597175597 0.42849999666213995 -0.56916013360023487 0.49499998986721044 0.14500000327825549 0.48901963233947759 0.69499999284744274 0.092000000178813948 0.12150000035762788 142.23258209228518 -0.37100000679492945 -1.3644295930862425
decision_type=2 2 2 2 2 2 2 2 2 2 2 2 2 2 2 2 2 2 2 2 2 2 2 2 2 2 2 2 2 2
left_child=8 6 3 9 -5 -6 -2 -8 -1 -3 13 12 18 14 16 -13 29 -10 -12 20 21 22 -17 25 -23 -22 27 -27 -7 -11
right_child=1 2 -4 4 5 28 7 -9 17 10 11 15 -14 -15 -16 19 -18 -19 -20 -21 23 24 -24 -25 -26 26 -28 -29 -30 -31
leaf_value=0.0010445045380253586 0.020032249847211324 -0.018044961087483498 -0.02652255889464564 0.024118756105570051 -0.012812126878327935 -0.014082266301189651 -0.026933613038947021 0.016739501042012307 0.025748073705566636 0.023326829049714806 -0.019942469190324233 0.017465511690521345 -0.019816944216570157 -0.0072213090016552397 0.038880065023833316 0.0077781207132765684 0.022943242275110579 -0.018161688518954305 0.0039472716475006248 -0.012465432970054828 -0.011736590925846542 0.039921751270293147 -0.011114401806421086 0.010119352365031569 0.0080807917268046949 0.012848416696798572 -0.0048339871750212957 0.07031047248645772 0.012619396877033166 -0.0023127469465617535
leaf_weight=68.138661995530128 221.56236299872398 116.1543568149209 80.351109489798546 77.898247718811035 91.443884551525116 31.759778097271919 31.304706826806068 43.084693372249603 208.31086829304695 33.886074393987656 50.461618319153786 61.332073137164116 260.37856536358595 140.69369710236788 35.136435180902481 182.46345026791096 64.45903280377388 11.5568770468235 125.98546709120274 219.76776692271233 475.02795646339655 36.19276525080204 169.37977567315102 105.73077128827572 103.53753574192524 13.254896029829981 206.53596562147141 11.888152852654455 229.46565786004066 225.59624530375004
leaf_count=319 1040 670 580 341 458 177 141 209 1153 168 299 282 1546 762 157 896 286 50 648 1152 2736 154 863 481 486 73 1075 60 1064 1105
internal_value=0.000187752 -0.00131539 -0.00281251 -0.00218319 0.00733496 0.00357001 0.014569 -0.00175259 0.0181086 -0.00373899 -0.00307314 -0.00490672 -0.0130297 0.00433998 0.00887739 -0.00266137 0.0055135 0.0233683 -0.00295877 -0.0034824 -0.00196008 0.00378193 -0.00132259 -0.00543471 0.0165533 -0.00777277 0.000370032 0.0416679 0.00933169 0.00111225
internal_weight=3732.74 3444.73 3148.78 3068.43 430.568 352.669 295.952 74.3894 288.006 2637.86 2521.71 2021.94 436.826 499.771 359.078 1585.11 323.941 219.868 176.447 1523.78 1304.01 491.574 351.843 812.438 139.73 706.707 231.679 25.143 261.225 259.482
internal_count=19431 17909 16519 15939 2040 1699 1390 350 1522 13899 13229 10751 2493 2478 1716 8258 1559 1203 947 7976 6824 2399 1759 4425 640 3944 1208 133 1241 1273
is_linear=0
shrinkage=0.03


Tree=54
num_leaves=31
num_cat=1
split_feature=5 5 14 31 12 17 12 14 28 29 16 5 29 10 16 8 10 3 8 5 29 12 12 9 5 16 12 10 14 17
split_gain=107.094 75.7836 46.9252 42.3522 40.1419 39.4068 34.703 36.9035 33.0394 32.4917 31.8279 34.815 42.865 30.4462 29.6089 27.4134 27.2979 26.564 26.1051 25.1398 25.0276 25.0246 25.9537 23.0248 23.0229 22.0193 28.3392 21.1023 48.8182 20.8699
threshold=0.63088810443878185 -0.91865202784538258 0.37500000000000006 0 -0.37800000607967371 1.1189950108528139 0.34650000929832464 -1.0349999666213987 24.994574546813968 76.34873199462892 1.1503108739852907 0.48901963233947759 75.753208160400405 0.66999998688697826 1.0481582283973696 -50.403505325317376 -0.1950000002980232 10.812347412109377 -5.8578784465789786 0.12431468442082406 77.440567016601577 0.22699999809265139 -0.20100000500679013 -6.0157892704010001 -0.83753159642219532 0.63333719968795787 -0.14499999582767484 0.10500000044703485 0.25500000268220907 -1.2670373916625974
decision_type=2 2 2 1 2 2 2 2 2 2 2 2 2 2 2 2 2 2 2 2 2 2 2 2 2 2 2 2 2 2
left_child=1 3 4 14 16 10 7 -6 -8 15 11 12 -4 -12 29 -9 -3 20 -13 -15 -11 22 -16 -5 -18 -25 -27 28 -19 -1
right_child=-2 2 5 23 6 -7 8 9 -10 17 13 18 -14 19 21 -17 24 27 -20 -21 -22 -23 -24 25 -26 26 -28 -29 -30 -31
leaf_value=-0.0092244105781944235 0.018855797743310251 -0.028129192183551543 0.011527481526378539 -0.0072386442543962296 -0.021901775050284317 0.021085561521395804 -0.031258903147255539 -0.01240690897226056 0.011785344817115675 -0.0064038366804669402 0.031177396081023569 -0.0020380381970621438 -0.0081934623849312018 -0.029836773122557021 0.014101028178912954 0.0062874867443328247 0.017892784456031395 -0.0067468483938605047 0.034322759848029148 0.015293354864976095 0.017043463816951963 0.026102960105270762 -0.029889410398753896 0.017676831402476459 -0.012884518177563961 -0.029146920717789584 0.010776205790487025 -0.01766057420399433 0.044235735294424455 0.023775973504548981
leaf_weight=18.162595182657242 258.82473114132881 104.01091115176678 123.21587724983692 169.87051631510258 85.431147649884224 91.268697716295719 71.312889784574509 80.987440302968025 20.047316797077656 79.892392456531525 53.8987737596035 32.292515203356743 492.59056992083788 17.030465140938759 19.18724113702774 509.15860366821289 23.877551898360252 536.80146085470915 38.22914682328701 27.952387407422066 82.245886445045471 20.512857362627983 29.525442615151405 95.364033937454224 186.68872951716185 25.204177245497704 40.197270512580872 155.09823821485043 16.463075891137123 224.46073400974274
leaf_count=80 1381 653 551 780 538 438 393 414 125 364 240 143 2679 99 85 2425 99 3110 186 123 375 96 128 428 1138 112 171 939 93 1086
internal_value=0.000278168 -0.00111216 -0.00322522 0.00818096 -0.00581356 0.00253935 -0.0039226 -0.00285349 -0.0217883 -0.00172516 0.000359561 -0.00194044 -0.00423523 0.0161832 0.0158514 0.00370535 -0.0156127 -0.00540674 0.0178771 -0.00207016 0.00552155 -0.000942355 -0.0126271 0.00042946 -0.00932639 0.00855306 -0.00481647 -0.00791239 -0.00515273 0.0212779
internal_weight=3729.8 3470.98 2828.49 642.485 1952.02 876.478 1637.44 1546.08 91.3602 1460.65 785.21 686.328 615.806 98.8816 311.849 590.146 314.577 870.501 70.5217 44.9829 162.138 69.2255 48.7127 330.636 210.566 160.765 65.4014 708.363 553.265 242.623
internal_count=19472 18091 15125 2966 10666 4459 8776 8258 518 7720 4021 3559 3230 462 1475 2839 1890 4881 329 222 739 309 213 1491 1237 711 283 4142 3203 1166
cat_boundaries=0 1
cat_threshold=10
is_linear=0
shrinkage=0.03


Tree=55
num_leaves=31
num_cat=1
split_feature=5 5 17 4 5 16 0 5 12 12 16 12 12 2 5 12 4 31 7 16 9 10 16 17 28 28 28 5 12 17
split_gain=114.119 77.8587 42.1178 36.1392 33.4338 42.8202 31.8704 29.8006 28.1892 28.878 39.3449 28.4278 27.1393 28.2456 24.5778 23.934 21.4195 20.3847 19.8323 19.6693 19.7202 19.3408 18.9373 18.9297 18.4834 16.6759 16.3384 21.6889 23.8176 16.2835
threshold=0.63088810443878185 -0.96105405688285817 -0.34192450344562525 3.5000000000000004 0.33273787796497351 1.1675921082496645 25.566171646118168 -0.78753387928009022 0.056499999016523368 1.0000000180025095e-35 -0.34565572440624232 -0.14499999582767484 0.028500000014901165 257.01449584960943 -0.34091138839721674 0.42849999666213995 230.50000000000003 0 -5.3632299900054923 -0.61939001083374012 -40.349740982055657 -0.4849999994039535 -0.84492716193199147 -1.0194784998893736 18.63957500457764 18.71020603179932 20.863806724548343 0.3732354491949082 -0.060000000521540635 2.4116150140762334
decision_type=2 2 2 10 2 2 2 2 2 2 2 2 2 2 2 2 10 1 2 2 2 2 2 2 2 2 2 2 2 2
left_child=1 8 4 7 5 12 18 21 9 10 -1 17 14 23 19 26 -6 -12 -2 20 22 -4 -3 -14 -5 -10 27 28 -9 -26
right_child=6 2 3 24 16 -7 -8 15 25 -11 11 -13 13 -15 -16 -17 -18 -19 -20 -21 -22 -23 -24 -25 29 -27 -28 -29 -30 -31
leaf_value=0.024268411856993362 -0.0051210476484467035 -0.030257663513245665 -0.016832531160157121 -0.0049497333547700497 0.0066823636847765967 0.012281799851311273 -0.023727179404482764 -0.0083045068244797949 0.0017535568534622619 -0.035990910083226794 0.0038782259263050764 0.018695279694176496 -0.013929200653873985 -0.022095582353734308 -0.024557226128038095 -0.027654848248422514 -0.01261575632260873 -0.020215359473626036 0.024677203662227459 -0.016891571274586879 0.015003817057155196 0.0094373557786511571 0.014155535442527132 0.0031034042309971946 0.0041060029251307499 0.023034494762113219 -0.011161469258177447 -0.028124204952612746 0.01363405900461042 0.027944756014340606
leaf_weight=71.806725770235062 21.807644605636597 23.276305548846722 29.350725516676903 215.46074666082859 194.08820368349552 67.090622216463089 13.795578077435492 83.165029525756836 42.172108814120293 14.737452223896979 56.742707267403603 41.435997769236565 82.081205278635025 79.071056552231312 221.28290797024965 54.70735090225935 69.470326498150826 59.902244552969933 216.34478205442429 147.41031585633755 43.546319223940372 149.60087163746357 12.672010309994219 199.46046321094036 878.23007756471634 156.760379165411 313.53225744515657 21.192726716399193 93.695960834622383 25.61081151664257
leaf_count=345 101 146 148 1015 899 307 61 439 180 74 261 192 486 505 1516 331 312 276 1202 878 252 665 72 1099 4304 753 1949 100 424 119
internal_value=-9.55708e-05 -0.00152216 -0.0032553 -0.000477344 -0.00779662 -0.0106128 0.0193542 -0.00559178 0.0101964 0.00335169 0.00601879 -0.00237137 -0.0125247 -0.00637246 -0.0174497 -0.0089605 0.00156719 -0.00995022 0.0219386 -0.0104409 0.00158216 0.00505911 -0.0146423 -0.00189404 0.00292986 0.0185544 -0.00691134 -0.000160819 0.00332924 0.00481162
internal_weight=3699.5 3447.55 3004 1864.55 1139.45 875.891 251.948 745.245 443.558 244.625 229.888 158.081 808.801 360.613 448.188 566.293 263.559 116.645 238.152 226.905 79.4946 178.952 35.9483 281.542 1119.3 198.932 511.586 198.054 176.861 903.841
internal_count=19411 18047 15966 9494 6472 5261 1364 4056 2081 1148 1074 729 4954 2090 2864 3243 1211 537 1303 1348 470 813 218 1585 5438 933 2912 963 863 4423
cat_boundaries=0 1
cat_threshold=10
is_linear=0
shrinkage=0.03


Tree=56
num_leaves=31
num_cat=1
split_feature=3 5 29 14 5 2 7 12 32 12 10 14 14 16 5 14 29 12 12 7 10 7 14 11 29 16 2 10 0 18
split_gain=104.372 67.1308 57.4342 35.8863 44.4065 40.8948 42.8361 39.0574 41.0812 43.0719 29.4102 37.6766 36.5524 33.5469 40.2329 28.856 26.8502 25.7274 28.15 25.6579 25.6555 25.2831 25.1347 26.57 33.8431 26.1673 24.7609 31.1637 23.8224 22.9431
threshold=1.0000000180025095e-35 -0.9936448037624358 86.164299011230483 -1.0349999666213987 -0.78753387928009022 252.356315612793 -29.09250450134277 -0.71900001168251026 0 -0.30349999666213984 -0.32500000298023218 -0.11999999731779097 -0.030000000260770317 0.15175064653158191 0.45150023698806768 0.78000000119209301 75.522090911865249 -0.10600000247359274 0.22399999946355822 -4.5858092308044425 0.080000001937150969 -3.3371096849441524 -0.38499999046325678 81.500000000000014 77.10886383056642 -0.41888260841369623 177.97461700439456 -0.044999999925494187 6.4879062175750741 0.40214560925960546
decision_type=2 2 2 2 2 2 2 2 1 2 2 2 2 2 2 2 2 2 2 2 2 2 2 2 2 2 2 2 2 2
left_child=19 -2 3 -3 7 6 15 -5 9 20 22 -12 -13 14 -14 -6 -15 26 -19 -1 -9 -16 23 24 25 -8 -10 -28 -27 -11
right_child=1 2 -4 4 5 -7 10 8 17 29 11 12 13 16 21 -17 -18 18 -20 -21 -22 -23 -24 -25 -26 28 27 -29 -30 -31
leaf_value=-0.00055621405075778781 0.018274651688758626 -0.017249944252313604 -0.026764777604256454 0.034959147101025601 -0.016338002258345374 -0.013045802968721295 0.036365423981154922 0.0050933579035291505 -0.021321351995022934 -0.012932830312202064 -0.013675330282174013 0.033795700485775855 -0.010117804347825167 0.023475660291766603 -0.0048886953762045859 0.0094182726574922812 0.0023906650973894638 0.015089534387475876 -0.005586716440098745 0.021890471170995251 -0.029332790116789638 0.021404884920251204 0.013714527962293079 -0.012921349672476415 -0.015940412641100625 -0.028932576255995282 -0.019536309371717797 0.015771056971484468 0.015415407778494358 0.019446101452009274
leaf_weight=57.545533776283264 144.1590272039175 130.80837903916836 85.018484368920326 35.77929399907589 246.51597659289837 337.35665759444237 38.327484339475632 50.852328464388847 100.86148402094841 20.721927165985107 213.88564796745777 27.321177691221237 417.06232010573149 64.421994417905807 62.187100574374199 45.823548719286919 323.12668696045876 105.10252813994884 133.39137418568134 223.20042365789413 30.344903469085693 68.196596756577492 226.36293090879917 90.355467163026333 36.923269584774971 13.572799563407896 39.034206762909889 50.366537630558014 42.418909505009651 246.11452120542526
leaf_count=266 689 754 601 161 1458 2101 176 245 500 106 1220 138 2361 279 278 231 1582 465 623 1245 147 316 1084 430 198 63 182 233 188 1149
internal_value=-0.000248375 -0.00169116 -0.00257337 -0.00192192 -0.00126265 -0.0034301 -0.00173156 0.00474615 0.00331137 0.0107766 0.000173923 -0.00231772 0.000218212 -0.000798004 -0.00557508 -0.0122824 0.00594701 -0.00294165 0.00355012 0.0173038 -0.00797267 0.00892228 0.00670677 -0.00048112 0.00811645 0.0176025 -0.0112089 0.000309554 0.0043461 0.0168927
internal_weight=3707.16 3426.41 3282.25 3197.24 3066.43 2253.86 1916.5 812.569 776.79 348.034 1624.16 1176.2 962.316 934.995 547.446 292.34 387.549 428.756 238.494 280.746 81.1972 130.384 447.961 221.598 131.242 94.3192 190.262 89.4007 55.9917 266.836
internal_count=19469 17958 17269 16668 15914 12103 10002 3811 3650 1647 8313 6174 4954 4816 2955 1689 1861 2003 1088 1511 392 594 2139 1055 625 427 915 415 251 1255
cat_boundaries=0 1
cat_threshold=56
is_linear=0
shrinkage=0.03


Tree=57
num_leaves=31
num_cat=0
split_feature=5 5 29 17 5 10 29 5 14 28 13 18 16 3 14 29 12 29 14 12 10 3 12 28 5 12 12 16 28 5
split_gain=100.583 81.543 48.3613 46.0358 41.9708 33.0477 32.631 38.3946 32.5054 28.9847 28.9272 28.8767 37.0907 36.01 29.7605 22.5062 21.0079 20.8234 22.495 29.7212 30.3412 22.2261 20.5994 20.5337 19.5955 19.467 23.2664 28.164 31.9868 28.1698
threshold=0.56202840805053722 -0.9936448037624358 86.164299011230483 -0.34192450344562525 -0.73172146081924427 0.37500000000000006 75.77988433837892 0.038674917072057731 -0.73000001907348622 24.994574546813968 47.500000000000007 0.51983559131622326 0.49182637035846716 308.45028686523443 0.52500000596046459 84.152141571044936 -0.37800000607967371 77.084831237792983 0.30500000715255743 0.22399999946355822 0.32999999821186071 300.95053100585943 0.42849999666213995 18.43215370178223 -0.42028589546680445 -0.35050000250339503 -0.30349999666213984 -0.22490999102592465 22.726541519165043 -0.94917574524879444
decision_type=2 2 2 2 2 2 2 2 2 2 2 2 2 2 2 2 2 2 2 2 2 2 2 2 2 2 2 2 2 2
left_child=1 -1 3 10 8 15 -6 17 9 -5 16 -10 13 -13 -14 -2 -3 21 -19 20 -20 -8 24 -15 -23 -18 -27 -28 -29 -30
right_child=5 2 -4 4 6 -7 7 -9 11 -11 -12 12 14 23 -16 -17 25 18 19 -21 -22 22 -24 -25 -26 26 27 28 29 -31
leaf_value=0.020260016229427823 0.011225119555226608 -0.016272540775584227 -0.02685645301193168 -0.027412772292303798 0.0059295829383032884 0.028477425960430243 -0.013373249359386231 0.001911980096666813 -0.0034263685686015443 0.024231702143422223 -0.012900217485059836 -0.02276807430968476 -0.0012187744161245336 -0.0040341658666146439 0.027907245120856444 -0.020272800523769053 0.028580469677438804 -0.024377078590648991 0.034156475834296984 -0.025002694370353525 -0.011577313162824831 -0.00082860093866744431 -0.030835532619492782 0.027198628455220121 0.02344499335733128 -0.023599030356294352 -0.006591286546541471 0.016966670763847096 0.036954529451223621 -0.010103314676758518
leaf_weight=142.16552492976189 266.71548330783844 94.321584388613701 73.014212228357792 40.82272744178772 305.85090638697147 105.24877974390984 163.94996289163828 393.13989508897066 131.97100225090981 11.917250558733938 456.68885001540184 15.036597043275831 184.90632958710194 20.737052351236343 37.056542128324509 21.194175660610199 18.241904452443123 144.93775919824839 23.429160811007023 37.563829235732555 27.251847013831139 120.84318209439516 14.697088450193403 192.32904757559299 38.758574649691582 41.004178807139397 298.82256307452917 133.32870103418827 11.939987957477568 99.121785022318363
leaf_count=681 1341 554 554 218 1359 631 835 1922 634 59 2732 66 819 87 161 96 106 1027 146 256 194 622 85 877 193 211 1678 638 59 525
internal_value=-0.0001586 -0.00188181 -0.0028931 -0.00231248 0.000551772 0.014159 -0.00259558 -0.00530212 0.00684497 -0.0155093 -0.00703977 0.00889368 0.0125058 0.0209752 0.00374715 0.00884429 -0.00318569 -0.01026 -0.0171422 -0.00511924 0.00981663 -0.00547906 0.00198034 0.0241542 0.00517541 -0.00111323 -0.00208766 -0.000423504 0.00711413 -0.00475961
internal_weight=3667.01 3273.85 3131.68 3058.67 1905.2 393.158 1270.42 964.571 634.777 52.74 1153.47 582.037 450.066 228.103 221.963 287.91 696.781 571.431 233.183 88.2448 50.681 338.249 174.299 213.066 159.602 602.459 584.217 543.213 244.39 111.062
internal_count=19366 17298 16617 16063 9560 2068 6639 5280 2921 277 6503 2644 2010 1030 980 1437 3771 3358 1623 596 340 1735 900 964 815 3217 3111 2900 1222 584
is_linear=0
shrinkage=0.03


Tree=58
num_leaves=31
num_cat=0
split_feature=5 5 29 17 18 6 2 14 12 12 17 29 17 10 11 12 16 10 5 14 29 10 1 12 18 12 17 10 18 17
split_gain=87.4466 75.3501 47.5601 41.8478 39.0032 36.7403 34.7463 32.8001 30.4838 29.625 28.0531 26.1091 28.5155 26.5162 35.4426 25.0471 24.6856 24.6438 24.4468 32.851 23.2588 22.432 21.4052 20.8061 21.2582 20.05 19.6783 20.7364 26.8078 19.0585
threshold=0.56202840805053722 -0.98097097873687733 86.164299011230483 0.069999270141124739 1.716315031051636 -0.98471984267234791 7.8629119396209726 -0.84999999403953541 -0.37800000607967371 0.13350000232458117 -1.0289596915245054 78.088207244873061 -1.898898661136627 -0.34499999880790705 76.500000000000014 0.22699999809265139 -0.45300555229187006 0.080000001937150969 -0.73172146081924427 -0.62499999999999989 75.522090911865249 0.37500000000000006 162.20147705078128 -1.0000000180025095e-35 1.7097818851470949 -0.29899999499320978 1.5727599859237673 -0.34499999880790705 0.20206118375062945 -0.81693172454833973
decision_type=2 2 2 2 2 2 2 2 2 2 2 2 2 2 2 2 2 2 2 2 2 2 2 2 2 2 2 2 2 2
left_child=1 4 3 5 16 23 -2 -7 17 21 11 12 -10 14 -14 -6 -1 -9 19 -5 -20 25 -12 -3 -25 -8 27 -22 -29 -18
right_child=6 2 -4 18 15 7 9 8 10 -11 22 -13 13 -15 -16 -17 29 -19 20 -21 26 -23 -24 24 -26 -27 -28 28 -30 -31
leaf_value=0.034627799030451899 0.020562807956025522 -0.024039999248040334 -0.027572424153621645 -0.017256245198896684 -0.027842078566184231 -0.020899038607468147 -0.024246813968247415 -0.031254481606689095 0.013890186772959253 -0.021278995872590731 0.0038060523503378302 0.0068889382169432817 0.021317422073851358 -0.026043109233413873 -0.027372809622992718 0.017605381369172352 -0.011506965864404672 -0.0066916826551134496 0.012054621836639396 0.012637789420396431 0.0048739857257530965 0.03052630062991343 -0.010084103051465426 -0.010994346881352975 0.029285585345631093 0.0096149797646128705 0.010662615289063142 0.033195610351138473 -0.0080759361162805136 0.016119955991475202
leaf_weight=58.720374763011932 239.64523713290691 130.71866645663977 67.808081217110157 36.675076797604561 30.167550414800644 89.89630451798439 19.92156083881855 50.697159744799137 27.341549962759018 35.837888211011887 787.5750934407115 69.891637690365314 28.841331154108047 125.71349315345287 23.503764882683754 15.959380790591238 25.352410078048706 130.03819712251425 113.62696905434132 276.85445408523083 175.44638721644878 31.998307049274445 113.35458291321993 130.5057272836566 11.994385972619055 62.534607425332069 91.201949089765549 13.586131349205969 525.68747609853745 161.2961028367281
leaf_count=286 1361 942 535 192 145 550 90 302 142 164 4018 366 141 690 130 76 123 752 481 1215 841 173 647 803 69 279 419 64 2827 768
internal_value=7.51828e-05 -0.00150808 -0.0029149 -0.00233959 0.0130319 -0.00536203 0.0134942 -0.00345108 -0.00228064 0.00216168 -0.000513393 -0.00887675 -0.0142487 -0.018623 -0.000648544 -0.0120779 0.0177821 -0.0137157 0.00187746 0.00909719 -0.00059139 0.00962214 0.00204916 -0.0154322 -0.00742349 0.0012414 -0.00238708 -0.00406486 -0.00697665 0.0123261
internal_weight=3702.39 3312.45 3020.96 2953.15 291.496 1720.07 389.938 1446.85 1356.96 150.292 1176.22 275.292 205.4 178.059 52.3451 46.1269 245.369 180.735 1233.08 313.53 919.549 114.454 900.93 273.219 142.5 82.4562 805.922 714.72 539.274 186.649
internal_count=19591 17524 16126 15591 1398 9552 2067 7738 7188 706 6134 1469 1103 961 271 221 1177 1054 6039 1407 4632 542 4665 1814 872 369 4151 3732 2891 891
is_linear=0
shrinkage=0.03


Tree=59
num_leaves=31
num_cat=1
split_feature=5 5 29 4 31 17 16 18 17 4 5 29 5 17 10 12 16 12 12 17 4 17 3 24 10 10 16 10 12 17
split_gain=85.7092 63.935 40.0078 49.471 32.9821 36.485 30.2535 27.6145 31.3023 27.5885 26.2725 25.5562 23.1208 22.8585 21.8655 21.514 38.9092 21.0459 24.7609 21.4345 20.3125 18.3775 17.6371 19.7097 22.3514 27.6814 23.4988 17.2251 32.423 36.1939
threshold=0.59747540950775158 -0.93404099345207203 76.34873199462892 46.500000000000007 0 -1.2670373916625974 -1.8682830333709715 2.3449710607528691 -1.0289596915245054 168.50000000000003 -0.73172146081924427 86.164299011230483 -0.9936448037624358 -0.66966253519058216 0.37500000000000006 -0.30349999666213984 -0.063237648457288728 0.34650000929832464 0.056499999016523368 -0.73149234056472767 89.500000000000014 0.81215649843215953 615.41131591796886 1.0000000180025095e-35 0.2100000008940697 -0.42000000178813929 0.83948650956153881 0.2650000005960465 -0.37100000679492945 -0.9223128855228423
decision_type=2 2 2 8 1 2 2 2 2 10 2 2 2 2 2 2 2 2 2 2 10 2 2 2 2 2 2 2 2 2
left_child=1 4 6 10 -1 -6 -3 8 -8 -5 13 14 21 -4 -2 16 -14 18 27 -19 -20 -7 23 -12 25 -25 -27 28 -10 -30
right_child=11 2 3 9 5 12 7 -9 17 -11 22 -13 15 -15 -16 -17 -18 19 20 -21 -22 -23 -24 24 -26 26 -28 -29 29 -31
leaf_value=0.021189736447920427 0.011243281363094963 -0.02870234626959637 -0.01509269800503241 0.01404808220711627 -0.03100038441645182 0.023354412315286243 -0.013226280001134785 0.031742650077386227 -0.010127943153333626 -0.0039807254840155092 -0.011884272784494693 -0.023560162535532687 0.011283753391958239 0.002536142454166264 0.028350883567262109 0.0067941038869626996 -0.026058144279090849 0.023154368323426374 0.01512754759818831 -0.01441120736240338 -0.0099960779200736725 -0.010749633537346162 -0.026250734017475366 -0.018670805444538665 -0.014764895760199324 0.050804822702717287 0.0073258691360098384 -0.0067327333168650744 0.053631524282889295 0.0071077083682304174
leaf_weight=117.96437682211399 248.71385389566422 28.628855630755424 86.722883872687817 145.9731103926897 24.578702196478844 89.427381902933121 118.31745322048664 26.430400565266609 98.92536236345768 158.35659576952457 768.34463132172823 14.534309014678 44.219491109251976 268.95111485570669 92.648146003484726 249.98034824430943 55.81250636279583 15.002414390444754 239.81993143260479 95.642339214682579 32.222491472959518 16.266523316502571 66.01301459223032 17.132021278142929 42.248964786529541 18.087569370865822 28.017163388431072 173.22354272753 14.971862465143202 273.29590681195259
leaf_count=572 1267 163 520 673 131 420 668 116 534 736 4902 66 206 1321 587 1147 258 71 1104 451 143 75 510 101 252 95 158 863 74 1291
internal_value=0.000311505 -0.00119223 -0.00314794 -0.006188 0.00767801 0.00380293 0.00120991 0.00202275 0.00125351 0.00468456 -0.00874371 0.0142804 0.0058271 -0.00179251 0.0159557 0.00209395 -0.00960273 0.00308217 0.0047178 -0.00915589 0.012126 0.0180542 -0.0113696 -0.0102167 0.00192712 0.0131354 0.0250997 0.00110644 0.00462185 0.00970108
internal_weight=3670.47 3314.58 2716.33 1599.85 598.249 480.285 1116.48 1087.85 1061.42 304.33 1295.52 355.896 455.706 355.674 341.362 350.012 100.032 943.104 832.459 110.645 272.042 105.694 939.843 873.83 105.486 63.2368 46.1047 560.417 387.193 288.268
internal_count=19475 17555 14746 9268 2809 2237 5478 5315 5199 1409 7859 1920 2106 1841 1854 1611 464 4531 4009 522 1247 495 6018 5508 606 354 253 2762 1899 1365
cat_boundaries=0 1
cat_threshold=8
is_linear=0
shrinkage=0.03


Tree=60
num_leaves=31
num_cat=2
split_feature=5 5 31 29 5 32 10 10 14 5 29 17 12 16 0 12 10 12 17 16 14 29 12 12 12 12 16 5 5 28
split_gain=85.8975 60.2966 50.6287 50.3647 41.4628 40.5401 37.7174 30.6928 27.6319 28.6359 35.8237 26.9704 27.0564 26.4493 25.3181 21.5733 28.712 20.3122 24.7513 24.1288 25.6062 17.4623 17.3257 31.4651 17.2288 24.778 17.0682 24.1648 16.586 16.4867
threshold=0.59747540950775158 -0.88134551048278797 0 75.77988433837892 0.25061884522438055 1 -0.64500001072883595 0.37500000000000006 -1.0349999666213987 -0.67050644755363453 76.836559295654311 -0.40205584466457361 0.32000000774860388 -1.6909700632095335 25.566171646118168 0.12900000065565112 0.49500000476837164 1.0000000180025095e-35 0.17250502109527591 1.5459565520286562 0.14500000327825549 84.152141571044936 -0.18349999934434888 -0.19049999862909314 -0.30349999666213984 0.32000000774860388 0.96688616275787365 0.12431468442082406 0.038674917072057731 24.009605407714847
decision_type=2 2 1 2 2 1 2 2 2 2 2 2 2 2 2 2 2 2 2 2 2 2 2 2 2 2 2 2 2 2
left_child=1 2 15 13 8 6 -6 14 -5 24 26 12 -4 -3 21 16 17 19 -19 20 -1 -2 23 28 -10 -26 -11 -28 -12 -27
right_child=7 3 11 4 5 -7 -8 -9 9 10 22 -13 -14 -15 -16 -17 -18 18 -20 -21 -22 -23 -24 -25 25 29 27 -29 -30 -31
leaf_value=0.020374237108261421 0.012953121194785082 -0.026172455719608443 -0.021118193981440176 -0.028977147109431816 -0.021080663421913726 -0.0044035667530682807 0.020859139993519002 0.028430103658263279 -0.013031271396078278 -0.0068248497933476888 -0.019263686039841452 0.0031485982485776414 0.013217268238984182 0.0051783332307511797 -0.026523391513914238 0.024321946784915602 0.033767132024821046 -0.031851695637313333 0.0082890678405793429 -0.025796985465011135 -0.0066365989700919422 -0.020388962099987203 -0.019368909916433075 0.027141436014083666 0.0066811548078069063 -0.026175270314280095 -0.0018517931089174666 0.037892010975886133 0.0030176016186736292 0.0073711787602927549
leaf_weight=117.90279023349285 230.41856928169727 24.328086607158184 94.744756989181042 57.560958109796047 21.859876826405525 346.879907310009 128.05486291646957 94.480181962251663 81.458276949822903 410.08575014770031 98.203878283500671 281.15503942966461 25.596443220973015 560.08903795480728 16.437950327992439 116.71390889585018 34.898323506116867 25.66340309381485 28.040270313620567 14.718873307108877 42.457227647304535 14.178629845380781 376.28182613104582 19.654475338757038 241.31202502548695 38.445263132452965 48.083681836724281 18.245011314749718 42.793951228260994 19.254985325038433
leaf_count=562 1191 131 511 405 104 1664 583 600 493 2313 738 1231 119 2630 76 580 179 117 138 62 193 63 2612 111 1250 222 237 78 257 114
internal_value=-0.000135847 -0.00164043 0.00563715 -0.00388858 -0.00620503 0.00127387 0.0137344 0.0138567 -0.00876411 -0.00790919 -0.0105418 -0.00189585 -0.0137663 0.00383079 0.00849353 0.0132738 0.00881164 0.00487456 -0.0111246 0.00981745 0.013226 0.0109452 -0.0158492 -0.00753647 -0.00088814 0.00245236 -0.00453958 0.00948094 -0.0125275 -0.0150457
internal_weight=3670 3314.48 781.891 2532.59 1948.17 496.795 149.915 355.515 1451.38 1393.82 1013.35 401.496 120.341 584.417 261.035 380.395 263.681 228.783 53.7037 175.079 160.36 244.597 536.934 160.652 380.471 299.012 476.414 66.3287 140.998 57.7002
internal_count=19564 17634 3692 13942 11181 2351 687 1930 8830 8425 6346 1861 630 2761 1330 1831 1251 1072 255 817 755 1254 3718 1106 2079 1586 2628 315 995 336
cat_boundaries=0 1 2
cat_threshold=10 98
is_linear=0
shrinkage=0.03


Tree=61
num_leaves=31
num_cat=3
split_feature=3 5 32 17 7 12 10 6 0 12 17 10 14 32 5 5 12 2 12 12 12 6 12 9 12 4 31 14 10 2
split_gain=69.667 51.0974 41.5907 39.1138 25.681 24.1222 41.2324 27.7072 22.4953 22.3074 22.1386 20.4205 22.1241 28.6579 19.7704 28.7286 19.7353 19.4611 25.9076 49.181 26.3055 41.5836 28.1521 26.2373 24.6995 29.5033 27.5293 26.4927 43.6951 28.4747
threshold=1.0000000180025095e-35 -0.9936448037624358 0 1.0224600434303286 -4.5858092308044425 -0.37800000607967371 1.2450000047683718 -0.99887409806251515 3.4331679344177251 -0.20100000500679013 -1.2670373916625974 -0.35500000417232508 0.39499999582767492 1 -0.78753387928009022 -0.4591448307037353 -0.33699999749660486 287.07823181152349 -0.10600000247359274 -0.090500000864267335 0.028500000014901165 -0.95380109548568714 -0.00450000021373853 -4.9689743518829337 0.42849999666213995 166.50000000000003 2 -0.79499998688697804 -0.4849999994039535 100.14503097534181
decision_type=2 2 1 2 2 2 2 2 2 2 2 2 2 1 2 2 2 2 2 2 2 2 2 2 2 10 1 2 2 2
left_child=4 10 -3 5 -1 6 -4 -7 -6 11 -2 -9 13 -13 -5 -16 -17 18 -11 -20 21 -21 23 -23 25 26 -22 29 -29 -28
right_child=1 2 3 14 8 7 -8 9 -10 17 -12 12 -14 -15 15 16 -18 -19 19 20 24 22 -24 -25 -26 -27 27 28 -30 -31
leaf_value=-0.0032973178819958502 -0.018520553647132208 -0.022205086552491531 -0.012901227081286238 0.020622584241595503 0.023098972416148594 -0.014368586947710496 0.019752360386214207 0.021457345961391983 -0.0059040192639067306 -0.0092308674429667347 0.019910740948292774 0.022355685865693749 0.013966921198839473 -0.0075138531868150444 -0.01223518791852145 -0.010657181797980066 0.013198000691022551 -0.0095603624725723365 0.0308944393154496 -0.024262093581677434 -0.0044478050760555481 -0.0060663912096183548 -0.017250772723022525 0.020332540191369125 -0.0075410518404332846 -0.010680278477021453 0.060180495970726 -0.010970541741834035 0.012187257547318506 -0.00071403333166359685
leaf_weight=56.869186908006668 14.241160482168196 79.048685282468796 349.65985178947449 80.559933632612228 184.11747664213181 142.98552495241165 37.746031001210213 62.543487593531609 27.252329990267754 274.41555263847113 130.98656441271305 23.531274646520615 102.58355064690113 174.71327842026949 73.49979992210865 36.629810884594917 187.29256169497967 269.14891635626554 46.377482771873474 95.561385989189148 156.71335305273533 65.565021499991417 58.940562419593334 68.342701464891434 192.52422968298197 101.1061152368784 17.551059558987621 87.608343400061131 428.56548177450895 10.977396808564661
leaf_count=268 73 598 2103 369 1104 925 183 288 130 1539 638 121 465 898 373 193 885 1577 205 590 858 312 325 323 977 453 79 455 2078 66
internal_value=-0.000131519 -0.00130457 -0.00209062 -0.00150282 0.0145536 -0.00274464 -0.00967703 -0.00161251 0.0193494 -0.000791024 0.0160413 0.00600147 0.00272768 -0.00312908 0.00753206 0.00392913 0.00926568 -0.00211102 -0.00085605 0.000877759 -0.000230097 -0.0081915 -0.000144016 0.00745772 0.00208339 0.00439879 0.00658449 0.00966525 0.00824315 0.0375184
internal_weight=3637.66 3369.42 3224.19 3145.14 268.239 2767.16 387.406 2379.75 211.37 2236.77 145.228 363.372 300.828 198.245 377.982 297.422 223.922 1873.4 1604.25 1329.83 1283.46 288.41 192.848 133.908 995.046 802.522 701.416 544.702 516.174 28.5285
internal_count=19451 17949 17238 16640 1502 14820 2286 12534 1234 11609 711 1772 1484 1019 1820 1451 1078 9837 8260 6721 6516 1550 960 635 4966 3989 3536 2678 2533 145
cat_boundaries=0 1 2 3
cat_threshold=1 32 2
is_linear=0
shrinkage=0.03


Tree=62
num_leaves=31
num_cat=1
split_feature=5 5 29 17 16 11 2 17 4 17 5 32 11 12 12 14 12 14 12 12 18 14 16 12 12 12 28 12 12 2
split_gain=74.8472 48.0374 42.8368 36.2937 36.9274 40.3627 35.608 26.2044 25.8967 26.4419 27.1358 23.9103 23.6271 22.116 22.2172 19.9617 19.2987 20.382 21.8632 19.848 18.2791 28.528 17.8908 38.2902 20.8311 17.6543 17.4695 24.953 37.6296 17.4198
threshold=0.56202840805053722 -0.96105405688285817 86.164299011230483 -0.34192450344562525 1.1675921082496645 73.500000000000014 7.8629119396209726 -1.2670373916625974 3.5000000000000004 1.5727599859237673 -0.78753387928009022 0 73.500000000000014 0.13350000232458117 -0.23350000381469724 -0.62499999999999989 -0.02450000029057264 0.38499999046325689 -0.66249999403953541 -0.26350000500679011 1.6888062953948977 0.064999999478459372 -0.43948000669479365 -0.14499999582767484 1.0000000180025095e-35 -0.01150000002235174 20.863806724548343 -0.14899999648332593 -0.19049999862909314 71.000835418701186
decision_type=2 2 2 2 2 2 2 2 10 2 2 1 2 2 2 2 2 2 2 2 2 2 2 2 2 2 2 2 2 2
left_child=1 7 3 4 5 -3 -2 -1 9 10 15 20 -11 14 -8 -5 17 18 -10 -19 -9 -22 24 -24 -13 -18 -12 28 -28 -21
right_child=6 2 -4 8 -6 -7 13 11 16 12 26 22 -14 -15 -16 -17 25 19 -20 29 21 -23 23 -25 -26 -27 27 -29 -30 -31
leaf_value=-0.022753146655373799 0.019734921433968818 -0.002330854192634773 -0.027939842456384228 -0.019236622362907071 0.015078427304001989 -0.014481860674996183 -0.014601541218604863 0.022392862024150469 0.019252571780073391 -0.011068198856737075 -0.0022888241273110706 0.031252474689910568 0.033752767923768356 -0.01895317639695723 0.015513600619586053 0.0093754516214402117 0.038548342013767403 0.028714903713520975 -0.0069100568907626836 0.015172789354582451 -0.026504267210859106 0.02746453240411327 -0.022207419252602448 0.0080502929852090087 -0.0042804917689531164 0.0065552188433875714 -0.011446501466178179 -0.020175488862117723 0.031511979550561967 -0.0095846707699489709
leaf_weight=22.890450164675713 236.22093161940575 512.93748311698437 59.127105757594109 25.008067891001701 64.69143383204937 472.65287750959396 29.049988746643066 153.56916077435017 30.606249183416367 15.748392596840857 205.06696839630604 34.331730857491493 28.969399601221085 36.569303423166275 82.695809468626976 140.7232236713171 15.087559774518011 33.627344697713852 320.55385783314705 48.316910646855831 18.35832853615284 15.189859375357626 57.400091081857681 104.95423221588135 25.241248890757561 492.00644636899233 81.102697134017944 188.95023167878389 22.637420862913132 52.178061217069626
leaf_count=119 1388 2806 509 135 293 2994 137 809 139 77 1018 156 132 169 403 617 71 154 1632 220 75 86 265 448 117 2358 529 1233 130 260
internal_value=2.93896e-05 -0.00145625 -0.00288854 -0.00234013 -0.00672205 -0.0081668 0.0125257 0.00784681 0.0003685 -0.00401058 -0.0055238 0.00961052 0.0180712 0.000988444 0.00762465 0.00496854 0.00349451 -0.000782574 -0.00458159 0.00912434 0.0171253 -0.00198075 0.00235235 -0.00271773 0.0163749 0.0075811 -0.00902025 -0.0137126 -0.00186105 0.00235067
internal_weight=3626.46 3241.93 2809.99 2750.86 1050.28 985.59 384.536 431.935 1700.58 708.206 663.489 409.045 44.7178 148.315 111.746 165.731 992.376 485.282 351.16 134.122 187.117 33.5482 221.927 162.354 59.573 507.094 497.757 292.69 103.74 100.495
internal_count=19479 17382 15307 14798 6093 5800 2097 2075 8705 3871 3662 1956 209 709 540 752 4834 2405 1771 634 970 161 986 713 273 2429 2910 1892 659 480
cat_boundaries=0 1
cat_threshold=120
is_linear=0
shrinkage=0.03


Tree=63
num_leaves=31
num_cat=3
split_feature=3 5 29 3 5 32 32 9 17 12 12 17 7 12 32 12 12 3 29 12 6 12 12 5 0 2 3 28 12 5
split_gain=72.9939 53.9942 40.3149 30.2545 34.9072 34.1257 30.5339 26.7201 25.3002 25.7847 29.421 24.2097 21.5437 21.2968 20.3979 20.4634 19.9106 27.1905 19.2437 38.6142 20.532 18.9747 23.6185 18.3743 17.6748 17.4772 17.4294 20.667 34.1676 27.4445
threshold=1.0000000180025095e-35 -0.96105405688285817 76.34873199462892 16.973361015319828 -0.73172146081924427 0 1 -81.345256805419908 1.7078151702880862 -0.71900001168251026 -0.37800000607967371 -1.2670373916625974 -4.5858092308044425 -0.30349999666213984 2 0.12900000065565112 -0.069500001147389398 446.98823547363287 76.836559295654311 0.1670000031590462 -0.92772412300109852 -0.18349999934434888 -0.33699999749660486 0.33273787796497351 36.921825408935554 33.581750869750984 930.02719116210949 20.863806724548343 -0.027500000782310959 0.4124008715152741
decision_type=2 2 2 2 2 1 1 2 2 2 2 2 2 2 1 2 2 2 2 2 2 2 2 2 2 2 2 2 2 2
left_child=12 11 7 5 6 -4 13 -3 9 -9 -11 -2 -1 -5 -13 24 -15 -18 19 -6 -21 22 25 -7 -16 -20 27 28 -12 -29
right_child=1 2 3 4 18 23 -8 8 -10 10 26 14 -14 16 15 -17 17 -19 21 20 -22 -23 -24 -25 -26 -27 -28 29 -30 -31
leaf_value=-0.0013363590107783574 -0.020399230200628279 -0.010211167412154259 -0.00613397887652676 -0.0087828576420457081 -0.010136915002741073 -0.0035334584185307124 -0.0077494675806677555 0.032153532240086415 0.029348556829048404 -0.012083684785433299 -0.0022049401943281784 0.0031896579439838792 0.01980820168439143 0.027641080228576531 0.019825012397950367 0.031800998253165562 0.035538828181670937 -0.0017748660410574673 0.024258961484848945 0.030143251616081421 -0.0022145470783264316 -0.016756002447264259 0.0073912508805272252 0.020203710673020448 -0.0022978887358990454 -0.016934990852037122 0.033755103889515956 -0.0083358045121333327 0.012412362901032427 0.018461620512432133
leaf_weight=54.740716457366943 23.141759127378464 146.65756396949291 172.4657881706953 52.023915998637676 232.32055866718292 39.873139046132565 235.80513688921928 24.852182433009148 31.835090294480324 119.57457070797682 249.56800139695406 204.53934967517853 205.53141923248768 55.114329695701599 82.103061810135841 64.208483710885048 20.894284650683403 88.692119285464287 9.2053304091095907 37.078046105802059 32.656923241913319 462.24408793449402 76.413105167448521 107.44367803633213 53.067512571811676 114.86037432402372 16.08036957681179 212.62277486175299 338.13791437447071 40.029610231518745
leaf_count=259 122 759 804 269 1328 201 1237 117 137 675 1216 914 1223 254 424 353 101 456 50 186 175 3208 460 476 253 870 72 1123 1535 183
internal_value=0.000101386 -0.00109166 -0.00255122 -0.00545629 -0.00733599 0.00287162 -0.000459382 0.0017287 0.00343256 0.00257976 0.00179459 0.00885856 0.015373 0.00748388 0.0105811 0.0170976 0.0130957 0.00559658 -0.0105577 -0.00426288 0.015173 -0.0134159 -0.0056698 0.0129269 0.0111865 -0.013709 0.00374408 0.00313038 0.00621196 -0.00403404
internal_weight=3603.78 3343.51 2916.45 1737.09 1417.31 319.783 452.53 1179.36 1032.7 1000.87 976.013 427.06 260.272 216.725 403.918 199.379 164.701 109.586 964.778 302.056 69.735 662.723 200.479 147.317 135.171 124.066 856.439 840.358 587.706 252.652
internal_count=19440 17958 15892 10075 8594 1481 2317 5817 5058 4921 4804 2066 1482 1080 1944 1030 811 557 6277 1689 361 4588 1380 677 677 920 4129 4057 2751 1306
cat_boundaries=0 1 2 3
cat_threshold=21 48 5
is_linear=0
shrinkage=0.03


Tree=64
num_leaves=31
num_cat=1
split_feature=5 17 5 14 2 32 14 14 7 16 14 16 4 28 14 12 16 29 17 12 12 12 16 12 14 29 10 3 3 1
split_gain=70.4211 48.913 45.0664 43.3827 42.0928 37.6431 33.7546 52.0521 32.8177 33.1272 29.4545 28.3286 27.2236 26.7371 26.6346 32.3762 26.4047 26.231 25.1389 22.89 26.2719 25.4543 24.9036 22.1491 22.1804 21.5446 21.072 28.1841 19.0867 19.6578
threshold=0.63088810443878185 -1.0289596915245054 -0.78753387928009022 0.70499998331069957 249.83755493164065 0 0.49499998986721044 0.18500000238418582 -30.117835044860836 -1.8195750117301939 0.78000000119209301 1.6889299750328066 3.5000000000000004 22.825375556945804 -0.73000001907348622 -0.00450000021373853 -0.28875534236431116 83.357944488525405 -0.76042082905769337 -0.71900001168251026 -0.10600000247359274 0.34650000929832464 0.24321942031383517 -0.31749999523162836 -0.10500000044703482 77.084831237792983 -0.37499999999999994 773.70910644531261 332.30853271484381 1.0000000180025095e-35
decision_type=2 2 2 2 2 1 2 2 2 2 2 2 10 2 2 2 2 2 2 2 2 2 2 2 2 2 2 2 2 2
left_child=1 3 5 13 8 6 7 11 10 -10 -4 14 18 -1 15 -3 -16 -2 -11 -7 22 26 23 24 -21 -6 -22 -28 29 -14
right_child=17 2 4 -5 25 19 -8 -9 9 12 -12 -13 28 -15 16 -17 -18 -19 -20 20 21 -23 -24 -25 -26 -27 27 -29 -30 -31
leaf_value=-0.021865029550988267 0.019245237447635757 0.012349118464809648 -0.015336950391111449 0.013158171235431892 -0.0041550633603293138 0.029926958187017162 0.027507008917206609 -0.022803637303066653 -0.019278283818168745 0.015816160894057935 0.01133337608623918 -0.023533010954564337 0.019271675082687241 -0.0051928525844588125 0.038499738613563581 -0.044674837928418226 0.013216073935723603 -0.010199354356597428 -0.0057903261590707767 -0.0074400149029002008 -0.0025244474414120666 -0.0077800460442227787 -0.021142115851751582 -0.011740528067127545 0.030613105595727913 -0.019594121031716108 0.023865838619899608 -0.017674643099205922 0.019710423865636335 0.0025467327197597292
leaf_weight=205.94109408557415 209.39207357168198 25.790083214640617 206.06370619684458 56.952609054744244 155.22865572571754 21.296025097370148 102.62560300529003 42.498555719852448 66.985461518168449 53.410360865294933 44.680427625775337 16.993018239736557 68.134294502437115 150.19282452762127 51.475132599473 12.497224599122999 134.43360358476639 30.640834853053093 444.60742361843586 24.211937695741653 66.543290935456753 96.096935398876667 88.893077947199345 67.261196479201317 30.055265977978706 171.49021541327238 107.95456442981958 16.25075650960207 74.797163002192974 749.70076108723879
leaf_count=1230 1253 129 1276 282 841 97 507 213 387 321 227 71 337 907 261 60 653 141 2526 141 323 432 427 320 137 1336 476 79 370 3663
internal_value=-0.000202862 -0.00132837 3.12513e-05 -0.0109816 -0.0024454 0.00559788 0.0125168 0.00745614 -0.000555841 0.00117087 -0.0105584 0.0128602 0.00216902 -0.0148681 0.0157109 -0.00692723 0.0203852 0.0154598 -0.00344607 0.000184839 -0.0011427 0.00475763 -0.00917046 -0.000312593 0.0138078 -0.0122939 0.0110816 0.018333 0.00530214 0.00396193
internal_weight=3593.09 3353.06 2939.97 413.087 2035.1 904.876 386.313 283.688 1708.38 1457.64 250.744 241.189 1390.65 356.134 224.196 38.2873 185.909 240.033 498.018 518.563 497.267 286.846 210.421 121.528 54.2672 326.719 190.749 124.205 892.632 817.835
internal_count=19423 18029 15610 2419 11284 4326 1894 1387 9107 7604 1503 1174 7217 2137 1103 189 914 1394 2847 2432 2335 1310 1025 598 278 2177 878 555 4370 4000
cat_boundaries=0 1
cat_threshold=56
is_linear=0
shrinkage=0.03


Tree=65
num_leaves=31
num_cat=2
split_feature=17 6 6 32 17 29 16 14 10 13 6 2 8 18 18 16 31 17 16 14 14 2 10 4 1 14 6 10 7 4
split_gain=57.0352 54.0994 42.5741 46.3057 38.7142 33.676 31.5741 31.4985 28.1706 27.6434 26.4877 34.784 25.2273 23.1988 22.3295 21.0346 33.9212 22.4056 19.8176 19.5948 35.7581 22.1998 21.2093 20.7353 19.5218 17.6984 16.9765 26.3402 24.9157 19.277
threshold=0.17250502109527591 -0.77289488911628712 -0.98471984267234791 0 1.5727599859237673 81.26676177978517 1.9535394310951235 -0.99500000476837147 -0.82499998807907093 53.500000000000007 -0.90877163410186756 205.270133972168 -10.126052379608153 0.44139750301837927 1.4650008082389834 -0.22490999102592465 1 -0.81693172454833973 -0.41888260841369623 -0.6599999964237212 -0.59499999880790699 423.29586791992193 -0.91499999165534962 215.50000000000003 81.056632995605483 1.4100000262260439 -0.10495606064796446 0.49500000476837164 -18.166779518127438 1.5000000000000002
decision_type=2 2 2 1 2 2 2 2 2 2 2 2 2 2 2 2 1 2 2 2 2 2 2 10 2 2 2 2 2 10
left_child=2 4 8 10 9 7 19 -3 -1 12 -4 -12 -2 -9 25 -10 17 -17 -14 22 -21 26 23 -5 -19 -15 28 -28 -22 -30
right_child=1 5 3 6 -6 -7 -8 13 15 -11 11 -13 18 14 -16 16 -18 24 -20 20 21 -23 -24 -25 -26 -27 27 -29 29 -31
leaf_value=0.028572346243997831 -0.01471984944181466 -0.024203362413836318 -0.0065511480787519023 0.010217245992845604 0.016477684080880718 -0.0060453564678408017 0.024574741278659624 -0.016133060846811272 -0.022676982786394986 0.0054587240704190316 0.025685706962840952 -0.0021374692237101458 0.015331284660128482 0.023516587320797609 0.0090724382825290873 0.037457459165006077 -0.020734581684667706 -0.02126021080503248 -0.0051149237037202934 0.024188812824866013 -0.0091498622493040044 -0.021114698565341115 -0.020518278071057466 -0.026101103343460851 0.025341458327964847 -0.003994439223869866 -0.0019480841120493966 0.044436394585054086 -0.0070039237331617314 0.0029136484883493293
leaf_weight=12.48945791274309 215.17300269007683 18.151999354362488 57.329408228397369 50.986441373825073 104.6528005450964 88.508095301687717 35.216476440429688 19.919771462678909 162.17498064041138 231.33787905424833 124.07471010088921 59.548367097973824 53.273829661309719 285.7000840306282 228.32998476177454 19.965249061584473 47.586141370236874 18.995483450591568 198.48683275282383 42.686986684799194 420.591482616961 59.761037044227123 118.13353469967842 18.438543915748596 12.595593705773352 22.424121409654617 29.811772927641869 16.404942557215691 255.20593243837357 565.19567859172821
leaf_count=74 1158 108 343 255 496 453 170 97 1210 1170 632 349 268 1465 1145 101 356 107 1038 202 2369 392 752 82 63 114 143 80 1450 2850
internal_value=0.000238281 0.00478947 -0.00289895 -0.00126436 -0.000449202 0.0111245 -0.00310804 0.0137755 -0.0139186 -0.00300604 0.0107206 0.0167 -0.00720253 0.0150558 0.0162418 -0.0160506 -0.00509305 0.0112655 -0.000744864 -0.00376102 -0.00252764 -0.00339163 -0.0128375 0.000337818 -0.00247233 0.021508 -0.00255305 0.0151088 -0.00322245 -0.000176225
internal_weight=3593.15 1465.96 2127.19 1853.39 802.924 663.034 1612.43 574.526 273.807 698.272 240.952 183.623 466.934 556.374 536.454 261.317 99.1425 51.5563 251.761 1577.22 1389.66 1346.97 187.559 69.425 31.5911 308.124 1287.21 46.2167 1240.99 820.402
internal_count=19492 7512 11980 10069 4130 3382 8745 2929 1911 3634 1324 981 2464 2821 2724 1837 627 271 1306 8575 7486 7284 1089 337 170 1579 6892 223 6669 4300
cat_boundaries=0 1 2
cat_threshold=32 4
is_linear=0
shrinkage=0.03


Tree=66
num_leaves=31
num_cat=3
split_feature=5 5 32 14 10 10 2 6 17 13 5 6 14 31 4 4 12 12 12 32 8 6 10 14 6 17 17 3 10 10
split_gain=67.3491 40.7127 33.5344 26.6841 36.4317 50.0953 33.738 30.1022 22.8289 27.5056 27.2242 24.2455 37.6055 22.1549 20.4999 22.9221 19.5082 18.3113 18.3017 23.115 20.7131 19.445 18.946 31.3491 28.8852 23.5623 32.3923 22.1583 20.2295 24.3169
threshold=0.63088810443878185 -0.96105405688285817 0 -0.6599999964237212 -0.33500000834465021 -0.1950000002980232 133.28311157226565 -0.97606927156448353 0.889196276664734 53.500000000000007 -0.78753387928009022 -0.98471984267234791 1.0249999761581423 1 105.50000000000001 55.500000000000007 0.12900000065565112 0.042500000447034843 0.43999999761581426 2 -64.398101806640611 -0.89225733280181874 0.66999998688697826 0.20499999821186068 -0.89225733280181874 0.23441465198993686 -0.97836357355117787 746.40814208984386 0.25499999523162847 0.38499999046325689
decision_type=2 2 1 2 2 2 2 2 2 2 2 2 2 1 10 10 2 2 2 1 2 2 2 2 2 2 2 2 2 2
left_child=1 13 -3 6 7 -6 14 -5 11 10 -10 12 -7 16 15 -4 -1 -9 20 -20 -13 -21 23 24 -22 26 -25 -26 -28 -30
right_child=-2 2 3 4 5 8 -8 17 9 -11 -12 18 -14 -15 -16 -17 -18 -19 19 21 22 -23 -24 25 27 -27 28 -29 29 -31
leaf_value=0.0091825188674438361 0.015704893443214157 -0.022269723161214144 0.00039523957884728253 -0.0075139485141048007 -0.01693018582522484 -0.016425812151777453 -0.020755619181436202 0.017739365531735014 0.02606465235307702 0.01982311180981049 -0.003464750509772472 -0.010394706727990349 0.023244665743498052 0.00082027280402740068 -0.019295015638020819 0.037731177311381911 0.029713228419043614 0.0045536340602350452 0.01465764904402752 0.014759226455930578 -0.013109738413386106 -0.018063166449510067 -0.0058233980562666324 -0.0077994023332648155 0.0070573104202427753 -0.0014987530932983719 0.029683714072317589 -0.019146857586138873 -0.0010261717435393479 0.023031206778364101
leaf_weight=143.31127701699734 232.52231747657061 62.350902549922466 88.208956025540829 105.50436753034592 194.32376119494438 187.0087553113699 141.15042359381914 172.72662119567394 31.661572948098183 94.131250813603401 200.16690011322498 140.79316871613264 23.398478761315346 225.78489854931831 35.911531686782837 16.788202166557312 58.647000700235367 210.70872899144888 23.196260288357735 17.57487066090107 137.36264859884977 141.67182346433401 226.83193405717611 49.08349347114563 231.90047610551119 118.87556155771017 93.611070677638054 32.207740060985088 70.581828847527504 80.249082051217556
leaf_count=728 1367 544 478 613 1111 1267 943 817 146 466 996 798 118 1029 160 76 339 1059 127 93 859 765 1161 245 1209 590 455 166 369 389
internal_value=0.000126674 -0.000957117 -0.00222072 -0.00169328 -0.000740838 -0.00246242 -0.0104438 0.00662444 -0.000974833 0.00623966 0.000662803 -0.00247156 -0.0119251 0.0076775 -4.07294e-05 0.0066646 0.0145448 0.0105241 -0.00100555 -0.00982168 0.000362966 -0.0135272 0.00182692 0.00396364 -0.00200281 0.00976275 0.0143132 0.00380157 0.018767 0.0118409
internal_weight=3588.25 3355.72 2927.98 2865.63 2583.57 2094.63 282.059 488.94 1900.31 325.96 231.828 1574.35 210.407 427.743 140.909 104.997 201.958 383.435 1363.94 182.443 1181.5 159.247 1040.7 813.872 401.471 412.401 293.525 264.108 244.442 150.831
internal_count=19483 18116 16020 15476 13819 11330 1657 2489 10219 1608 1142 8611 1385 2096 714 554 1067 1876 7226 985 6241 858 5443 4282 2234 2048 1458 1375 1213 758
cat_boundaries=0 1 2 3
cat_threshold=1 10 32
is_linear=0
shrinkage=0.03


Tree=67
num_leaves=31
num_cat=2
split_feature=5 10 5 29 31 16 17 17 31 12 16 2 4 17 16 7 10 14 5 5 16 28 28 12 8 17 17 17 29 14
split_gain=64.7818 53.4483 52.9682 48.3365 34.5836 29.9702 27.6365 34.0064 26.3215 30.3759 24.971 24.4287 23.3752 21.7342 25.6333 21.4228 24.1565 20.8882 25.1118 26.3136 24.7968 30.9578 21.283 25.8159 34.1212 20.277 21.2805 19.5105 22.2315 20.3989
threshold=0.48901963233947759 0.37500000000000006 -0.91865202784538258 76.34873199462892 0 -1.8195750117301939 -1.9785536527633665 -1.0289596915245054 1 0.13350000232458117 1.0481582283973696 179.67922210693362 230.50000000000003 0.17250502109527591 -1.8682830333709715 -4.8531422615051261 0.49500000476837164 -1.0349999666213987 -0.73172146081924427 0.12431468442082406 -0.4701900035142898 22.786700248718265 18.543931961059574 -0.027500000782310959 35.691524505615241 -0.9375849962234496 1.7078151702880862 -0.73506319522857655 81.26676177978517 0.49499998986721044
decision_type=2 2 2 2 1 2 2 2 1 2 2 2 10 2 2 2 2 2 2 2 2 2 2 2 2 2 2 2 2 2
left_child=2 8 4 5 10 -4 -7 -8 9 -2 -1 -6 -11 -10 -15 16 -3 -5 20 22 21 -19 23 -20 -25 -9 -27 -22 29 -29
right_child=1 15 3 17 11 6 7 25 13 12 -12 -13 -14 14 -16 -17 -18 18 19 -21 27 -23 -24 24 -26 26 -28 28 -30 -31
leaf_value=0.018519340590295866 0.020329357360876484 0.03541850727300868 -0.028713586591022734 -0.026619839164874794 -0.0084654057869236656 0.041984067708567489 -0.015572809521992593 0.026781911235195514 -0.012993921800641465 0.0071209096775854954 -0.002270681579558064 0.0079717189798225747 -0.033511837646684348 -0.031911775950281954 0.013319144923896964 0.031600951840307596 -0.011807421524842369 -0.0084255828597818994 -0.015885867827701374 -0.0025254803570463817 -0.023931377906720515 0.026070764215025966 -0.015429004561529427 -0.00093724002253367761 0.046228119921580484 0.0015148058278685308 0.025462993460993698 -0.0023746148274361475 -0.02342688654516158 0.023207972642236119
leaf_weight=226.66625769436359 125.25985258817673 14.486566975712774 28.070903688669205 47.586812421679497 173.95931718498468 14.464967504143713 93.203596852719784 31.156083203852177 109.96074046194553 38.708295419812202 67.122668460011482 151.14203286916018 17.810471653938293 12.213291868567465 76.998588770627975 109.43939824402332 25.413733407855034 36.643376208841801 78.452426850795746 389.39966665953398 38.312569946050644 61.977562583982944 504.59020253270864 79.738614238798618 15.685260906815527 811.03007311373949 33.838983848690987 102.88053295016289 30.142131514847279 37.488662242889404
leaf_count=1166 662 71 175 363 819 72 571 160 519 202 313 687 85 56 391 682 120 186 492 2070 249 315 3697 413 73 3962 144 508 174 169
internal_value=-2.93746e-05 0.00963914 -0.00171105 -0.00370321 0.00611927 0.0013092 0.00219423 0.00155774 0.00365117 0.0115115 0.0133258 -0.000798176 -0.00604349 -0.00392344 0.00684184 0.024788 0.00578561 -0.00726575 -0.00657723 -0.00875059 0.000975559 0.0132975 -0.0123145 -0.00323951 0.00721457 0.003396 0.00250296 -0.00487933 -0.000483907 0.00457361
internal_weight=3583.84 530.291 3053.55 2434.66 618.89 1011.76 983.694 969.229 380.951 181.779 293.789 325.101 56.5188 199.173 89.2119 149.34 39.9003 1422.9 1375.31 1067.87 307.445 98.6209 678.467 173.876 95.4239 876.025 844.869 208.824 170.511 140.369
internal_count=19566 2788 16778 13793 2985 5084 4909 4837 1915 949 1479 1506 287 966 447 873 191 8709 8346 6745 1601 501 4675 978 486 4266 4106 1100 851 677
cat_boundaries=0 1 2
cat_threshold=10 10
is_linear=0
shrinkage=0.03


Tree=68
num_leaves=31
num_cat=2
split_feature=3 17 5 13 32 4 17 17 17 7 29 16 6 32 18 18 17 8 29 17 16 29 29 9 16 5 3 29 0 16
split_gain=78.4279 44.2833 45.0294 33.1255 27.1122 19.3052 19.2891 19.1312 18.9835 18.7519 20.2057 17.5822 27.9452 24.6585 30.1259 24.5057 22.1394 21.6977 15.2224 15.3208 15.2077 14.6427 14.2771 14.2792 14.0876 24.6197 17.4435 14.024 13.9339 13.9247
threshold=1.0000000180025095e-35 -0.34192450344562525 -0.83753159642219532 43.500000000000007 0 2.5000000000000004 2.4116150140762334 -0.37786428630352015 -1.4190942645072935 -4.1074757575988761 81.26676177978517 1.1503108739852907 -0.94107943773269642 1 0.73462718725204479 0.66384869813919078 -1.898898661136627 18.565414428710941 86.164299011230483 -0.30468432605266565 0.34925197064876562 77.084831237792983 75.77988433837892 29.351488113403324 -0.23229815810918805 -0.90013122558593739 178.59504699707034 76.151096343994155 4.4209465980529794 0.25043059885501867
decision_type=2 2 2 2 1 10 2 2 2 2 2 2 2 1 2 2 2 2 2 2 2 2 2 2 2 2 2 2 2 2
left_child=8 7 4 6 5 -3 20 11 -1 27 -11 12 22 17 15 28 -16 24 19 -5 -4 -17 23 -2 -14 -26 -27 -10 -15 -18
right_child=1 2 3 18 -6 -7 -8 -9 9 10 -12 -13 13 14 16 21 29 -19 -20 -21 -22 -23 -24 -25 25 26 -28 -29 -30 -31
leaf_value=-0.015130279320999196 -0.010066623101807984 0.0055520958904239723 -0.011356009193933921 0.031073571892503614 0.0029571537588620684 0.023685854616168137 0.021295635285315462 -0.02492407070616556 -0.017885963358901386 0.025567426140806891 -0.016641703972440119 0.0082246874858078398 0.028319588982462732 0.019418391949971702 0.023190876436905823 0.032460548593957028 -0.0063591773691705948 -0.016593070388866017 -0.021293741381486063 0.0024009460179597996 -0.00063714307938151596 -0.003096919714044217 -0.017360432550587102 0.019039040134885981 0.03666291212327645 0.014160764879997303 -0.032766804852620852 0.012896753917723837 -0.011350630168447895 -0.017565727293853688
leaf_weight=15.690062925219534 55.189081162214279 83.233391433954239 368.85857147723436 16.093425936996937 333.75141432136297 147.3922706246376 20.211448915302753 43.401372827589512 17.854527071118355 169.48560890555382 10.194632232189177 85.038255356252193 46.818096108734608 16.798512250185013 18.834577597677708 39.749096900224686 407.44450087100267 20.199567303061485 22.961885586380959 921.84758371859789 175.90887010097504 13.785617500543593 226.68948498368263 19.791641853749752 12.887547105550764 12.022039249539377 15.073799319565294 44.56412810087204 50.990282885730267 132.21462614089251
leaf_count=82 321 390 2151 92 1497 782 92 266 85 1084 45 395 241 79 101 195 2283 122 190 4751 926 84 1715 110 61 54 92 221 273 713
internal_value=0.000210503 -0.00103374 0.00161503 -0.00106393 0.00884711 0.016482 -0.00682203 -0.005581 0.0161153 0.0181942 0.0230937 -0.00484501 -0.00587269 -0.00288856 -0.00498679 0.00844028 -0.0080026 0.0099092 0.00232521 0.00292549 -0.00790233 0.0234153 -0.0136207 -0.00223453 0.0173239 0.00407172 -0.0121828 0.00394833 -0.00355442 -0.00913215
internal_weight=3564.98 3307.19 2090.26 1525.88 564.377 230.626 564.979 1216.93 257.789 242.099 179.68 1173.53 1088.49 786.818 679.817 121.324 558.494 107.001 960.903 937.941 544.767 53.5347 301.67 74.9807 86.8015 39.9834 27.0958 62.4187 67.7888 539.659
internal_count=19493 17976 10871 8202 2669 1172 3169 7105 1517 1435 1129 6839 6444 4298 3728 631 3097 570 5033 4843 3077 279 2146 431 448 207 146 306 352 2996
cat_boundaries=0 1 2
cat_threshold=56 32
is_linear=0
shrinkage=0.03


Tree=69
num_leaves=31
num_cat=1
split_feature=0 9 29 5 14 29 5 28 12 14 10 28 5 3 28 12 12 27 12 10 12 12 32 29 5 20 9 12 12 10
split_gain=59.14 48.4567 44.1725 32.3424 30.7926 26.2442 40.8043 31.1515 25.5101 20.1671 26.2099 19.3786 18.818 27.5695 18.5189 17.5586 26.151 23.4916 17.4403 16.5076 23.3344 29.8872 22.404 22.0223 32.218 16.6289 16.2899 16.1932 15.5066 15.8974
threshold=1.5315812230110171 -5.6913642883300772 86.164299011230483 -0.9936448037624358 -1.0349999666213987 75.77988433837892 -0.75976759195327748 18.289889335632328 -0.028500000014901158 0.33500000834465032 0.2950000017881394 24.009605407714847 -0.53371313214302052 264.05590820312506 19.008403778076175 -0.71900001168251026 -0.30349999666213984 1.0000000180025095e-35 0.54500001668930065 1.2450000047683718 -0.38449999690055842 -0.18349999934434888 0 76.836559295654311 0.3732354491949082 1.0000000180025095e-35 12.692739963531496 -0.10150000080466269 -0.33699999749660486 0.24000000208616259
decision_type=2 2 2 2 2 2 2 2 2 2 2 2 2 2 2 2 2 2 2 2 2 2 1 2 2 2 2 2 2 2
left_child=1 11 3 -2 -5 8 7 -7 9 -6 -11 -1 13 -10 -3 -9 17 -17 19 20 -8 22 26 27 -25 28 -22 -23 -24 -30
right_child=2 14 -4 4 5 6 18 15 12 10 -12 -13 -14 -15 -16 16 -18 -19 -20 -21 21 23 25 24 -26 -27 -28 -29 29 -31
leaf_value=-0.001918935877593491 0.014915170064463482 0.0030935696938200999 -0.022799351334735381 -0.016642114540210268 -0.0072945270229111767 -0.017169277364343646 -0.016607367553223576 0.030376104991412568 -0.023482270548011702 0.03050086045395619 -0.0029489215772767695 0.013663682443328069 0.01664504438130299 0.0096324662193534791 0.021536441959062801 -0.012390994606693195 0.0081167445369992111 0.027962882147318083 -0.033107134922209486 0.016907274717353805 0.012104079309949913 -0.016746549461303412 -0.012851330845504898 -0.015213315767102121 0.003807881397696731 -0.019601372915213744 0.045281262337725711 0.00051239843101111976 0.020752055043136368 -0.0071352814187632171
leaf_weight=326.447618663311 109.29552175104618 63.129995442926884 85.30372117459774 117.04967299103737 193.13488826900721 57.784353636205196 154.06011524796486 23.988718375563622 29.256602928042412 33.326345518231392 54.238629624247551 91.024048067629337 183.56507281959057 88.75660328567028 223.84814695268869 107.54549339413643 428.4151456207037 13.792801693081854 19.484942778944969 28.818452507257462 55.678423188626766 55.179677255451679 33.73452840000391 368.15664073824883 101.92054976522923 34.327955275774002 17.053230442106724 378.56503377854824 52.07713383436203 27.52765029668808
leaf_count=1639 549 313 652 726 1008 281 1071 115 135 143 267 449 832 405 1309 562 2090 68 142 142 334 350 187 2581 474 222 104 1954 250 154
internal_value=0.000259609 0.00803722 -0.00166359 -0.00100394 -0.00166402 -0.000967625 -0.0026304 0.00364236 0.00461897 -0.00188865 0.00998237 0.00150318 0.0106623 0.00129468 0.0175042 0.00576463 0.00463749 -0.0076128 -0.00561708 -0.00518229 -0.00569312 -0.00418403 0.00570264 -0.00659855 -0.0110899 -0.00151862 0.0179563 -0.0017167 0.00394896 0.0111396
internal_weight=3556.49 704.45 2852.04 2766.73 2657.44 2540.39 1958.11 631.527 582.278 280.7 87.565 417.472 301.578 118.013 286.978 573.742 549.753 121.338 1326.58 1307.1 1278.28 1124.22 220.399 903.822 470.077 147.667 72.7317 433.745 113.339 79.6048
internal_count=19508 3710 15798 15146 14597 13871 11081 3116 2790 1418 410 2088 1372 540 1622 2835 2720 630 7965 7823 7681 6610 1251 5359 3055 813 438 2304 591 404
cat_boundaries=0 1
cat_threshold=48
is_linear=0
shrinkage=0.03


Tree=70
num_leaves=31
num_cat=1
split_feature=5 17 5 4 0 17 16 6 12 28 10 31 2 12 12 17 12 8 13 16 16 5 12 29 12 16 16 12 21 16
split_gain=53.2661 43.7966 34.8828 29.1799 22.4501 20.8622 21.2484 27.2997 42.1189 32.937 27.8938 23.8517 27.5054 23.2819 41.9164 30.2305 27.35 33.6529 23.1113 20.9203 22.0454 18.3628 23.4869 18.1376 17.9095 20.1914 17.6921 17.6355 17.3413 17.1443
threshold=0.63088810443878185 -0.34192450344562525 -0.98097097873687733 3.5000000000000004 0.21848999708890918 -0.37786428630352015 1.1503108739852907 -0.94107943773269642 0.078999999910593047 20.863806724548343 0.31000000238418585 0 207.20364379882815 -0.26850000023841852 -0.20100000500679013 -1.0289596915245054 -0.14199999719858167 -12.427230834960936 37.500000000000007 -0.60845366120338429 -0.83375048637390126 -0.78753387928009022 0.42849999666213995 81.26676177978517 -0.28399999439716334 -0.94029042124748219 0.92502808570861828 -0.10600000247359274 1.0000000180025095e-35 -0.273849606513977
decision_type=2 2 2 10 2 2 2 2 2 2 2 1 2 2 2 2 2 2 2 2 2 2 2 2 2 2 2 2 2 2
left_child=1 5 26 21 -2 6 7 8 -1 10 -10 12 -9 19 -15 16 17 -16 -17 20 -13 -4 -23 24 -6 -26 -3 -28 -12 -20
right_child=4 2 3 -5 23 -7 -8 11 9 -11 28 13 -14 14 15 18 -18 -19 29 -21 -22 22 -24 -25 25 -27 27 -29 -30 -31
leaf_value=-0.021487068611387418 0.023279292141496866 0.019866521261691136 0.0036862472790225621 0.0037125722666937837 -0.015696887607613605 -0.025001577153914351 0.01037974957672479 0.016576193383378405 -0.011459638874245186 -0.015281024796037405 0.047898327654594702 -0.021800459247759307 -0.0096231663284245261 0.030123519193096967 -0.019671697020570353 -0.010577890888484017 -0.018746711622420253 0.050789785306577094 -0.0013201839161498489 -0.02354816541338493 0.019259888659703118 -0.0046786056453572205 -0.02558815869263515 -0.015545920177395516 -0.010742119188321894 0.026759385759777207 -0.020293034232172553 0.013161739025014085 0.0058971304712858458 0.017211811148719527
leaf_weight=194.24169415980577 118.05868984758854 136.75333070755005 210.10654834657907 1161.0254447311163 16.768746986985207 45.131954081356525 80.374826185405254 107.76564810425043 19.33761191368103 52.196181513369083 23.003134578466415 20.233971148729324 53.158069506287575 32.849058665335178 11.34524016082287 89.063684225082397 152.21855056285858 11.256850540637968 88.67891263961792 98.114501297473907 25.402367502450943 497.09064064174891 52.672063894569874 28.920809268951416 16.254206582903862 54.299567557871342 22.316665977239609 35.195301339030266 14.50754740834236 89.790141969919205
leaf_count=1477 796 708 968 5782 84 272 369 526 113 394 107 115 339 153 75 456 876 59 514 580 135 2960 347 133 86 319 98 174 84 462
internal_value=0.000324152 -0.000652147 0.00195092 0.000722493 0.0141179 -0.00520534 -0.00441666 -0.00552317 -0.0131454 0.00177388 0.0174266 -0.00254592 0.00745533 -0.00519055 -0.00206096 -0.00451353 -0.0141774 0.0160863 0.00183064 -0.015809 0.0009777 -0.00384501 -0.00672475 0.0046943 0.0114979 0.0180904 0.0140317 5.51547e-05 0.032229 0.00804746
internal_weight=3558.13 3323.83 2115.16 1920.89 234.302 1208.67 1163.54 1083.16 303.286 109.044 56.8483 779.877 160.924 618.953 475.202 442.353 174.821 22.6021 267.533 143.751 45.6363 759.869 549.763 116.243 87.3225 70.5538 194.265 57.512 37.5107 178.469
internal_count=19561 18143 11037 10057 1418 7106 6834 6465 2175 698 304 4290 865 3425 2595 2442 1010 134 1432 830 250 4275 3307 622 489 405 980 272 191 976
cat_boundaries=0 1
cat_threshold=8
is_linear=0
shrinkage=0.03


Tree=71
num_leaves=31
num_cat=1
split_feature=17 29 4 5 31 11 4 29 5 17 5 4 5 12 12 12 17 17 12 14 12 13 4 17 3 12 12 14 3 8
split_gain=49.9947 30.4364 28.3831 35.8728 27.0732 26.8238 24.9449 23.0979 22.2616 21.9919 21.593 19.613 17.3353 17.3665 19.6355 17.1936 21.5135 17.3148 19.408 16.93 16.8714 25.7419 17.1248 16.7819 16.5904 19.0795 32.4895 16.5359 18.5098 16.3268
threshold=0.069999270141124739 86.164299011230483 23.500000000000004 -0.8126716911792754 0 74.500000000000014 168.50000000000003 76.34873199462892 -0.67050644755363453 -1.2670373916625974 -0.9936448037624358 14.500000000000002 0.63088810443878185 -0.16650000214576718 -0.28399999439716334 -0.35050000250339503 1.5224150419235232 1.2232449650764468 0.053500000387430198 -0.62499999999999989 0.26000000536441809 57.500000000000007 3.5000000000000004 -1.9785536527633665 532.81591796875011 -0.30349999666213984 -0.069500001147389398 -0.030000000260770317 861.26611328125011 -5.8578784465789786
decision_type=2 2 8 2 1 2 10 2 2 2 2 10 2 2 2 2 2 2 2 2 2 2 10 2 2 2 2 2 2 2
left_child=2 5 3 4 -1 8 29 23 19 -6 -11 15 13 14 -8 -7 17 20 -19 -2 21 -17 -23 -5 -12 27 -27 -26 -29 -4
right_child=1 -3 6 7 9 11 12 -9 -10 10 24 -13 -14 -15 -16 16 -18 18 -20 -21 -22 22 -24 -25 25 26 -28 28 -30 -31
leaf_value=0.012854919374331321 -0.013014433696375987 -0.021981878062916575 0.003653910771262293 0.031823239807770624 -0.02443698679760143 -0.0062875108868958697 -0.010831155189626362 -0.013082943750777469 -0.0036627568976081415 0.020235382251339702 -0.012110201482356238 0.013681465797562879 0.016362525288991292 -0.013583224260096003 0.023177877897186745 0.015197493377753727 0.026865496323169105 -0.035580830669451273 0.0062324947577193663 0.013380495816261355 -0.0054760446570062586 -0.017218768318301041 0.0097235216437458298 -0.0044105329074912089 -0.030171785970513385 0.024787350828212842 -0.0024109318565835288 0.018398643560588741 -0.024992114906092811 0.018798543832514537
leaf_weight=115.50535978376865 25.135589435696602 38.657224044203758 198.18656198680401 10.903585106134413 37.972161531448364 106.66725739836693 30.668607905507088 530.06101278960705 448.76959700137377 38.513131484389305 121.40420226752758 334.13133461773396 29.792343363165855 139.607507199049 28.626065663993359 226.92252437025309 43.521730557084084 18.285146251320839 20.207819253206253 137.74056597054005 79.150697752833366 43.029638186097145 40.099661283195019 349.038210965693 26.638745509088039 57.43120251595974 121.70927736908197 20.905155882239342 13.845131024718283 94.138384290039539
leaf_count=565 142 275 993 55 227 583 150 3837 2341 184 605 1838 185 685 134 1120 206 89 98 618 417 240 191 2019 153 273 606 107 71 482
internal_value=-2.93396e-05 0.00397475 -0.00321337 -0.00537826 0.000615746 0.00464729 0.00278509 -0.00910534 -0.000214021 -0.00285819 -0.000827411 0.0079042 -0.00462528 -0.00783504 0.0056997 0.00454594 0.00700638 0.00492759 -0.0140279 0.00925258 0.00683348 0.00998338 -0.00426133 -0.00322779 -0.00311827 0.00145164 0.00639785 -0.0128532 0.000895487 0.00857845
internal_weight=3527.27 1562.32 1964.95 1443.93 553.924 1523.66 521.019 890.003 611.646 438.419 400.447 912.016 228.695 198.902 59.2947 577.884 471.217 427.695 38.493 162.876 389.203 310.052 83.1293 359.942 361.934 240.53 179.14 61.389 34.7503 292.325
internal_count=19489 8158 11331 8702 2791 7883 2629 5911 3101 2226 1999 4782 1154 969 284 2944 2361 2155 187 760 1968 1551 431 2074 1815 1210 879 331 178 1475
cat_boundaries=0 1
cat_threshold=8
is_linear=0
shrinkage=0.03


Tree=72
num_leaves=31
num_cat=0
split_feature=3 5 29 17 17 5 5 14 10 28 17 7 18 11 29 14 5 9 14 2 7 3 5 18 14 17 27 14 10 17
split_gain=58.7432 42.0401 37.8505 35.5657 25.6464 23.1156 24.154 20.7126 21.6281 20.4192 18.8774 17.7539 17.3347 17.2373 16.4426 16.0199 21.1883 26.2176 25.2017 21.3101 24.023 21.9533 38.5679 21.0804 18.7251 25.9788 21.723 18.0053 28.2172 16.3401
threshold=1.0000000180025095e-35 -0.9936448037624358 86.164299011230483 1.0224600434303286 -1.0289596915245054 -0.78753387928009022 -0.53371313214302052 0.70499998331069957 -0.33500000834465021 20.863806724548343 -1.1682549715042112 -3.9040225744247432 2.3088001012802128 76.500000000000014 81.26676177978517 -1.0349999666213987 -0.70125329494476307 -107.08458709716795 1.5849999785423281 281.07028198242193 -30.117835044860836 332.30853271484381 -0.42028589546680445 1.7923071384429934 0.52500000596046459 0.79074189066886913 1.0000000180025095e-35 1.0249999761581423 0.53000000119209301 -0.9375849962234496
decision_type=2 2 2 2 2 2 2 2 2 2 2 2 2 2 2 2 2 2 2 2 2 2 2 2 2 2 2 2 2 2
left_child=11 -2 3 4 7 -5 -7 8 13 -10 -11 -1 15 -3 -13 -6 17 -17 24 20 23 27 -23 -18 26 -26 -19 28 29 -22
right_child=1 2 -4 5 12 6 -8 -9 9 10 -12 14 -14 -15 -16 16 19 18 -20 -21 21 22 -24 -25 25 -27 -28 -29 -30 -31
leaf_value=-0.00014400764305017906 0.014811278174753631 0.013569252804359283 -0.023618207852735797 0.02126635068886322 -0.012426522180619357 -0.012327701851625331 0.0078162706467192443 0.0076252666550790417 -0.028793748251343777 -0.018004169372911782 0.0079181142350541259 0.020606887461722869 -0.023915422423614437 -0.01204043872397615 -0.017416101202606272 0.016970635925780467 -0.014753452374845053 -0.0021966946172914861 -0.019721690755052406 -0.013422797433436414 0.018456076151308405 0.0026373277614995523 0.047667461179709887 0.028319744881923778 0.020823407371403948 -0.022439956328810701 0.01636368640083229 0.013752552903986779 -0.016419866069332892 -0.0014364975171679891
leaf_weight=62.130987919867039 135.32850193977356 39.594655618071556 71.590422585606575 78.982863321900368 112.94316596537828 69.166042126715183 225.94369823485613 48.905976988375187 95.716518603265285 80.605456061661243 35.944737918674946 172.24877505749464 30.358822032809258 55.69732915610075 10.142231255769728 105.8979145810008 162.79425854980946 430.2253782004118 48.168617866933346 156.40362964570522 37.92894446849823 68.211090810596943 21.912448905408382 9.9964670166373235 83.98842553794384 13.798282414674757 64.35420385748148 65.344545513391495 113.05806546658278 818.80999992787838
leaf_count=310 697 202 599 378 690 351 1113 244 627 515 229 1139 173 350 46 532 1044 2133 232 1108 202 392 113 61 385 59 299 323 650 4340
internal_value=-0.000441052 -0.00149959 -0.00220562 -0.00169955 -0.00290088 0.00695778 0.00306936 -0.0103865 -0.0132661 -0.0185755 -0.0100102 0.0137135 -0.00175866 -0.00136898 0.0184091 -0.00145774 -0.000889468 0.00321671 0.000919907 -0.00299754 -0.00173202 -0.000128638 0.0139888 -0.0121129 0.0026288 0.0145533 0.00024651 -0.00137007 -0.00240215 -0.000535337
internal_weight=3526.19 3281.67 3146.34 3074.75 2700.66 374.093 295.11 356.465 307.559 212.267 116.55 244.522 2344.19 95.292 182.391 2313.84 2200.89 746.433 640.535 1454.46 1298.06 1125.27 90.1235 172.791 592.366 97.7867 494.58 1035.14 969.797 856.739
internal_count=19536 18041 17344 16745 14903 1842 1464 2167 1923 1371 744 1495 12736 552 1185 12563 11873 3640 3108 8233 7125 6020 505 1105 2876 444 2432 5515 5192 4542
is_linear=0
shrinkage=0.03


Tree=73
num_leaves=31
num_cat=1
split_feature=3 29 6 7 17 6 32 6 2 17 18 17 14 14 14 14 14 18 14 17 14 1 6 18 29 8 14 2 17 9
split_gain=48.3361 36.113 32.2386 26.5413 26.3752 23.291 24.5541 24.4444 23.3693 19.4208 19.2948 19.269 17.8311 17.2911 17.6441 26.2939 17.6839 22.2876 16.4984 15.7352 15.5699 14.6456 14.5803 17.1314 15.3429 13.8455 16.4749 14.8565 13.6366 12.9691
threshold=1.0000000180025095e-35 86.164299011230483 -0.10495606064796446 -5.3632299900054923 0.38102295994758612 -0.98471984267234791 0 -0.90877163410186756 205.270133972168 -1.4190942645072935 2.6567856073379521 -1.2670373916625974 -0.37499999999999994 -0.84999999403953541 -0.59499999880790699 -0.6599999964237212 -0.45000000298023218 0.57016858458518993 1.0949999690055849 0.96131497621536266 -0.79499998688697804 23.503627777099613 -0.54638096690177906 1.6310686469078066 75.40765762329103 -65.123928070068345 1.5849999785423281 395.98118591308599 0.66239419579505932 155.11786651611331
decision_type=2 2 2 2 2 2 1 2 2 2 2 2 2 2 2 2 2 2 2 2 2 2 2 2 2 2 2 2 2 2
left_child=3 2 4 -1 5 18 7 -7 -9 -5 22 -4 -11 21 15 20 17 -16 -2 -13 -15 -8 24 28 -6 -18 27 29 -24 -27
right_child=1 -3 11 9 10 6 13 8 -10 12 -12 19 -14 14 16 -17 25 -19 -20 -21 -22 -23 23 -25 -26 26 -28 -29 -30 -31
leaf_value=-0.012069207583525039 -0.013332593912835278 -0.02126369184971982 -0.018139184854391557 -0.016148414294828831 0.014520983381750384 -0.0091511107441700802 0.010956511968889616 0.021003955763613295 -0.0012332939655155791 0.00035009395856444684 0.023532778619973452 0.022103477404763219 0.023226024491637205 0.025284430661863158 0.021929829181084468 0.027035471418847642 -0.011638459713238616 -0.021846179255200996 0.020383132882556141 -0.011348274732227236 -0.010096497060496111 -0.019127115999848791 0.0067020883502907419 -0.0019364139194980451 -0.0011908766355498851 -0.00017050889427122409 -0.018766120262911756 -0.014000712312980288 0.027685225985448741 0.027546247398033637
leaf_weight=33.243141666054726 245.80820069462061 77.324452213943005 14.151577576994894 14.560452297329901 59.875535249710083 61.70169173926115 16.473138697445393 111.61570274084806 68.176044031977654 37.830654755234718 37.848517365753651 101.42350967228413 161.63667757064104 13.116649240255354 11.230049982666968 43.03637807816267 132.45413759350777 78.681864708662033 12.923228263854979 13.815748274326323 53.218824751675129 95.715781055390835 59.409853488206863 72.0061274766922 688.42915131151676 1007.4234643653035 46.247813060879707 69.399559639394283 52.976963743567467 14.426340915262697
leaf_count=158 1812 629 75 77 256 377 77 565 404 224 185 527 1056 59 56 197 790 435 69 69 312 620 276 342 3518 5302 230 445 257 72
internal_value=-0.000167379 -0.00113913 -0.000643501 0.0125928 -0.00126718 -0.00317095 -0.00197222 0.00675768 0.0126115 0.0164617 0.00281513 0.0139653 0.0189108 -0.00333042 -0.00247919 0.00906078 -0.00341331 -0.0161975 -0.0115766 0.0180299 -0.00282895 -0.014652 0.00195011 0.00948184 8.4008e-05 -0.00249617 -0.00142232 -0.000670773 0.0167501 0.000247341
internal_weight=3506.18 3258.91 3181.59 247.271 3052.2 2081.65 1822.92 241.493 179.792 214.028 970.546 129.391 199.467 1581.42 1469.24 109.372 1359.86 89.9119 258.731 115.239 66.3355 112.189 932.698 184.393 748.305 1269.95 1137.5 1091.25 112.387 1021.85
internal_count=19471 17956 17327 1515 16656 11822 9941 1346 969 1357 4834 671 1280 8595 7898 568 7330 491 1881 596 371 697 4649 875 3774 6839 6049 5819 533 5374
cat_boundaries=0 1
cat_threshold=32
is_linear=0
shrinkage=0.03


Tree=74
num_leaves=31
num_cat=1
split_feature=3 5 29 14 10 14 10 10 14 12 3 12 11 9 28 29 5 14 11 28 8 8 8 10 2 31 5 5 3 10
split_gain=49.0012 39.5741 30.2745 25.2257 43.306 30.8044 27.3839 38.0884 39.3276 27.9071 26.4867 25.2052 30.8497 37.0674 22.9146 22.3361 25.449 22.2624 22.7479 21.929 21.8045 21.6887 21.6886 21.1683 21.7191 20.7294 20.1448 24.7366 19.1694 18.2718
threshold=1.0000000180025095e-35 -0.96105405688285817 86.164299011230483 0.37500000000000006 -0.33500000834465021 -1.0349999666213987 -0.14499999582767484 0.095000002533197417 0.30500000715255743 -0.56650000810623158 3.603879570960999 -0.26350000500679011 76.500000000000014 -10.521410942077635 20.863806724548343 75.522090911865249 -0.67050644755363453 -0.45000000298023218 78.500000000000014 24.994574546813968 18.565414428710941 -6.6039657592773429 -6.6039657592773429 -0.36500000953674311 3.9262043237686162 0 0.52643132209777843 -0.83753159642219532 19.849283218383793 1.060000002384186
decision_type=2 2 2 2 2 2 2 2 2 2 2 2 2 2 2 2 2 2 2 2 2 2 2 2 2 1 2 2 2 2
left_child=22 25 3 4 5 -3 -6 8 17 14 -11 12 13 -5 -9 16 -13 -8 -19 -12 -15 -20 -1 24 -24 -2 27 -17 -18 -14
right_child=1 2 -4 11 6 -7 7 9 -10 10 19 15 29 20 -16 26 28 18 21 -21 -22 -23 23 -25 -26 -27 -28 -29 -30 -31
leaf_value=-0.0035531879710841022 0.014385145989081144 -0.014345457441639162 -0.02328680083298719 -0.027877345766045766 -0.015291808928832553 0.0041030275297134671 -0.022409148313004626 0.038933486610740427 0.038704738894881623 0.009119303946094488 -0.01747727831361516 -0.015201342324127894 0.044154671726243759 0.033392406135492374 -0.0090490009591248904 0.0096587775659893235 -0.0089342050625121766 -0.0036575571399991183 0.00022836884543480786 -9.6725301180230298e-05 -0.010659084490819919 0.026815158199861105 0.013812351642365661 0.024140009929998551 -0.026793679593989945 0.00085798557965894131 0.018191612157386763 -0.0062068349112732761 0.03014254491509764 0.012361285080128572
leaf_weight=56.311722703278065 189.18229429423809 92.286193072795868 60.61754597723484 25.733366228640079 301.88054935634136 642.01271835714579 34.795315809547901 17.444089464843273 24.360445976257324 47.82767291367054 351.74510629475117 20.12655608355999 32.824434295296669 26.208936780691147 16.818264089524746 106.9426587074995 13.603134632110594 190.03168658912182 55.570298239588737 80.198050156235695 15.473891288042067 53.927632004022598 39.69990374147892 131.29567965865135 15.732203856110571 223.59022349119186 40.798753544688225 489.9891115128994 55.998541995882988 33.430191874504089
leaf_count=285 1042 629 556 148 1850 3289 259 92 127 235 2062 92 138 129 109 485 62 1065 291 517 76 288 262 877 79 1032 209 2713 247 182
internal_value=-0.000245763 -0.00122084 -0.00248684 -0.00202342 -0.00394563 0.00176808 -0.00751601 -0.00481187 0.00268715 -0.0100396 -0.0119134 0.00223723 0.0141592 -0.00017949 0.0157918 3.01379e-05 0.0139588 -4.48515e-05 0.00261905 -0.0142579 0.0171726 0.0134465 0.0127185 0.0176184 0.00201736 0.00744594 -0.00194841 -0.00335305 0.0224869 0.028535
internal_weight=3486.46 3243.42 2830.65 2770.03 1908.9 734.299 1174.6 872.719 358.685 514.033 479.771 861.13 133.671 67.4162 34.2624 727.459 89.7282 334.325 299.53 431.943 41.6828 109.498 243.04 186.728 55.4321 412.773 637.731 596.932 69.6017 66.2546
internal_count=19427 17924 15850 15294 10813 3918 6895 5045 2030 3015 2814 4481 673 353 201 3808 401 1903 1644 2579 205 579 1503 1218 341 2074 3407 3198 309 320
cat_boundaries=0 1
cat_threshold=10
is_linear=0
shrinkage=0.03


Tree=75
num_leaves=31
num_cat=1
split_feature=3 32 17 6 28 18 17 10 12 12 5 5 11 28 10 10 10 18 17 12 7 28 12 12 1 10 2 10 9 28
split_gain=48.0247 33.0726 31.0524 27.1975 37.1575 28.0067 28.8201 27.0599 26.9307 30.6041 31.8456 26.1956 26.3574 25.8561 27.1334 22.1258 21.1182 20.8107 18.7206 18.2564 18.2547 17.784 17.685 24.1559 26.0758 22.5657 17.5662 16.8033 16.7859 16.3698
threshold=1.0000000180025095e-35 0 0.069999270141124739 -0.96645781397819508 24.994574546813968 0.73462718725204479 -0.24851682782173154 0.25499999523162847 0.13949999958276751 -0.26850000023841852 1.0000000180025095e-35 -0.83753159642219532 78.500000000000014 20.863806724548343 0.31000000238418585 0.034999999217689044 -0.1950000002980232 0.37955474853515631 -1.5257284045219419 -0.028500000014901158 -4.5858092308044425 18.289889335632328 -0.36949999630451197 -0.01150000002235174 175.43617248535159 -1.014999985694885 90.697071075439467 0.12499999627470972 -49.980117797851555 24.009605407714847
decision_type=2 1 2 2 2 2 2 2 2 2 2 2 2 2 2 2 2 2 2 2 2 2 2 2 2 2 2 2 2 2
left_child=18 -2 3 8 5 6 7 27 9 10 -3 16 -13 14 -10 -6 -4 -14 -1 -11 -20 -18 -7 24 28 -25 -19 -5 -24 -28
right_child=1 2 11 4 15 22 -8 -9 13 19 -12 12 17 -15 -16 -17 21 26 20 -21 -22 -23 23 25 -26 -27 29 -29 -30 -31
leaf_value=-0.019855100341520444 -0.019816854766100588 -0.014279093901663703 0.0011564168328956055 0.015364473314651066 -0.00097839506751121988 -0.018424203224723934 -0.0050830219498951366 -0.0027881246827851829 -0.0075872581708353315 -0.030606388662743407 0.02776441736704172 -0.0045508692173734265 0.026585263133510281 -0.013646169556606974 0.034250488059863658 0.015650612330302075 -0.015595084363021003 0.0099637597019741255 -0.00064865283254648954 -0.012268332770809985 0.019366547333846018 0.018803554868622084 -0.013205329652936734 0.027551074795822587 0.031480342919946766 -0.011948275356275333 0.0019777538304062182 0.046036754968030821 0.0026455238816044842 -0.01659438606355243
leaf_weight=14.177833065390585 72.644855618476868 40.815215051174164 143.15071053802967 84.293352924287319 130.70291602611542 104.21274027228355 183.39915373176336 67.535460449755192 24.015576362609863 98.256099805235863 25.489513628184795 504.16435946524143 36.6021389067173 47.267564304172993 31.312799707055092 159.06863176077604 13.865751713514326 206.61264365166426 53.37735977768898 100.64902998507023 175.10912080854177 182.2317211329937 81.124892063438892 12.592734575271605 22.05902473628521 351.18814035505056 219.87320610880852 19.553780004382133 223.63815905153751 51.965181291103363
leaf_count=77 611 351 692 439 752 644 948 384 124 795 141 2648 173 354 156 847 60 986 258 664 1175 896 488 56 123 1930 1094 89 1135 348
internal_value=-0.000228614 -0.00119471 -0.000696472 -0.00327399 -0.00141051 -0.00383103 0.0031714 0.0119828 -0.0105429 -0.0155763 0.00205606 0.00272718 0.000320752 0.00249298 0.0162783 0.00817245 0.00993473 0.00508896 0.0126157 -0.0214348 0.0147083 0.0163045 -0.00695676 -0.00520218 0.000719004 -0.0105092 0.00339244 0.0215239 -0.0016032 -0.00162034
internal_weight=3480.95 3238.29 3165.64 1807.17 1439.37 1149.6 354.782 171.383 367.806 265.21 66.3047 1358.47 1019.22 102.596 55.3284 289.772 339.248 515.053 242.664 198.905 228.486 196.097 794.816 690.603 326.822 363.781 478.451 103.847 304.763 271.838
internal_count=19438 17928 17317 10420 7835 6236 1860 912 2585 1951 492 6897 5249 634 280 1599 1648 2601 1510 1459 1433 956 4376 3732 1746 1986 2428 528 1623 1442
cat_boundaries=0 1
cat_threshold=1
is_linear=0
shrinkage=0.03


Tree=76
num_leaves=31
num_cat=2
split_feature=5 17 5 4 28 0 17 14 17 12 28 1 5 18 10 10 3 14 17 10 12 28 12 13 32 3 32 14 18 12
split_gain=47.1406 37.9228 28.2284 24.8498 25.1994 24.1126 21.8109 20.9384 24.5588 20.0901 19.3298 21.3697 17.4132 15.9713 15.1544 19.7376 15.094 14.7196 14.6389 14.4994 16.3171 26.0968 16.1884 15.6182 14.4264 15.4704 14.3729 18.1605 21.6134 16.9283
threshold=0.66410800814628612 -0.34192450344562525 -0.9936448037624358 4.5000000000000009 18.767070770263675 3.4331679344177251 1.5727599859237673 0.70499998331069957 -1.1682549715042112 0.24300000071525577 18.840229988098148 121.08220672607423 -0.93404099345207203 0.741478592157364 -0.33500000834465021 -0.36500000953674311 391.27612304687506 0.18500000238418582 2.1123999357223515 0.25499999523162847 -0.37800000607967371 24.009605407714847 -0.34700000286102289 40.500000000000007 0 25.147087097167972 1 -0.74500000476837147 0.93402358889579784 -0.060000000521540635
decision_type=2 2 2 10 2 2 2 2 2 2 2 2 2 2 2 2 2 2 2 2 2 2 2 2 1 2 1 2 2 2
left_child=1 7 -3 6 16 -2 26 8 14 10 13 19 -11 17 15 -1 -5 -10 -8 20 21 -12 -22 -21 -9 -26 27 -4 -29 -28
right_child=5 2 3 4 -6 -7 18 24 9 12 11 -13 -14 -15 -16 -17 -18 -19 -20 23 22 -23 -24 -25 25 -27 29 28 -30 -31
leaf_value=-0.014296579169323923 0.020954455191217355 0.017729898027536294 -0.017389492238844097 -0.0075980627794987269 0.006499144620743167 -0.0026764224775689652 0.023546851456119462 0.011834261677475238 -0.011361088337566418 0.030162604833565119 -0.028081367762998702 -0.01463732506496021 0.0013769834960702259 -0.019218005967788096 -0.020605789171463326 0.020340445187587878 0.0073074220584391884 0.023328359707996044 -0.012051105026745623 0.0025271908000435803 0.031517502247382284 0.017266490967437303 0.0042876597657793957 -0.020832956525234241 0.01201936933010047 -0.018472049450124164 -0.0016617496934815826 0.008087706743610288 -0.0057845670933482337 -0.014231323610424559
leaf_weight=46.343409493565559 137.52166528254747 90.969564154744148 49.669040165841579 225.05934419482946 808.70039343833923 53.726483516395092 42.274614103138447 92.074179545044899 29.879154704511166 22.486234426498413 31.374703265726566 112.67271696031094 97.694019831717014 145.30192147940397 156.75043926388025 20.566131077706814 82.921465910971165 16.110357329249382 12.993084892630575 49.508569307625294 20.624449633061886 16.817541614174843 221.69610659778118 52.261888571083546 23.36103542894125 38.213287472724915 177.02658366411924 217.04389651864767 187.4861955717206 211.58747182041407
leaf_count=271 959 482 308 1077 4142 263 201 472 185 103 218 786 549 896 1024 101 379 85 70 276 121 100 1272 343 118 242 1081 1118 951 1357
internal_value=-0.000104374 -0.000945508 0.00147611 0.000733799 0.0037202 0.0143365 -0.00297952 -0.00521487 -0.00674166 -0.0043183 -0.00627353 -0.00318389 0.00696736 -0.0143704 -0.0155291 -0.00350737 -0.00357421 0.00102865 0.0151126 0.000134652 0.00355015 -0.0122271 0.00672526 -0.00955486 0.00509712 -0.00594626 -0.00418242 -0.000447002 0.00165996 -0.00831111
internal_weight=3490.72 3299.47 2105.73 2014.76 1116.68 191.248 898.081 1193.74 1040.09 816.428 696.247 504.956 120.18 191.291 223.66 66.9095 307.981 45.9895 55.2677 392.283 290.513 48.1922 242.321 101.77 153.649 61.5743 842.813 454.199 404.53 388.614
internal_count=19550 18328 11166 10684 5598 1222 5086 7162 6330 4934 4282 3116 652 1166 1396 372 1456 270 271 2330 1711 318 1393 619 832 360 4815 2377 2069 2438
cat_boundaries=0 1 2
cat_threshold=36 36
is_linear=0
shrinkage=0.03


Tree=77
num_leaves=31
num_cat=2
split_feature=5 29 17 17 6 32 16 14 31 16 17 10 14 10 10 2 14 17 10 16 18 17 3 16 5 10 14 2 29 8
split_gain=48.0715 32.2076 30.4929 35.3049 22.6258 36.9101 26.0242 24.6299 32.7252 40.1759 29.1464 24.4835 21.2279 19.0005 23.3747 18.7957 19.5092 18.6203 21.3612 18.5863 18.5041 26.3936 24.4892 21.9135 17.5608 19.3959 17.1355 16.2929 15.321 19.4923
threshold=0.63088810443878185 86.164299011230483 0.069999270141124739 0.11878761649131776 -0.94107943773269642 0 -0.62602889537811268 -0.27499999105930323 1 -0.1622507497668266 -0.81693172454833973 -0.82499998807907093 0.45499999821186071 1.2450000047683718 0.11499999836087228 149.45448303222659 0.34499999880790716 0.17250502109527591 0.24000000208616259 -1.2127375602722166 0.73462718725204479 -0.24851682782173154 781.31762695312511 0.15175064653158191 -0.83753159642219532 -0.044999999925494187 0.074999999254941954 6.6270833015441903 75.77988433837892 -10.126052379608153
decision_type=2 2 2 2 2 1 2 2 1 2 2 2 2 2 2 2 2 2 2 2 2 2 2 2 2 2 2 2 2 2
left_child=1 2 4 -4 7 6 -6 11 9 12 -11 -1 -9 14 19 -8 -17 18 -5 -10 21 22 23 -7 25 -19 -21 -2 -26 -30
right_child=27 -3 3 17 5 20 15 8 13 10 -12 -13 -14 -15 -16 16 -18 24 -20 26 -22 -23 -24 -25 28 -27 -28 -29 29 -31
leaf_value=0.01115143092101655 0.020706043085459775 -0.02072936864761055 0.028134367276636343 -0.026791204337446584 0.028810255198148817 0.0083764804637272133 0.01515229595954636 -0.016593855758925753 0.029514869940705415 0.039498977252739063 0.0046323280140097975 -0.026614046062251821 0.013078259451612666 0.029037262388468463 -0.02350604435389515 -0.019027227031967523 0.017124051768747251 0.0010357202376518166 0.0071690396452621903 -0.024130967954572674 -0.0054619830158793162 -0.0045410278344446388 -0.013095186145991117 0.034022814002768721 0.0077133318431403261 0.016046731865789008 0.013786956631365171 0.004144296500732933 -0.0068004233129297957 0.0031527980646776205
leaf_weight=17.846515618264675 126.83736885339022 69.770386651158333 47.916976504027843 40.015033528208733 55.910523883998394 91.984791785478592 67.502327173948288 75.679137341678143 13.354680016636847 35.90709163993597 52.694966770708561 94.646578386425972 29.413111627101898 7.9459445476531974 119.54613583534956 41.639855839312077 18.711088255047798 143.10365241765976 27.499615870416164 27.009807676076889 774.30013906955719 202.93096650391817 29.071940772235394 44.200526595115662 228.76591116935015 168.28913286328316 16.553225211799145 92.931815065443516 312.83441143482924 405.47196344286203
leaf_count=112 923 611 248 230 303 486 329 519 89 171 279 740 175 41 925 258 102 687 153 205 4231 1060 156 219 998 835 128 486 1675 2168
internal_value=0.000205332 -0.000711775 -0.000267703 0.00310357 -0.00281736 -0.000779058 0.0113152 -0.00831478 -0.00462181 0.00406398 0.0190456 -0.0205773 -0.00824426 -0.0132236 -0.0160246 0.00437849 -0.00772253 0.00217851 -0.013056 -0.000176487 -0.00280696 0.0027002 0.011566 0.0168876 0.00300553 0.00917367 -0.00973673 0.0137532 0.000969945 -0.00118542
internal_weight=3480.29 3260.52 3190.75 1373.9 1816.85 1326.25 183.764 490.597 378.104 193.694 88.6021 112.493 105.092 184.41 176.464 127.853 60.3509 1325.98 67.5146 56.9177 1142.49 368.188 165.257 136.185 1258.47 311.393 43.563 219.769 947.072 718.306
internal_count=19542 18133 17522 6994 10528 7144 992 3384 2532 1144 450 852 694 1388 1347 689 360 6746 383 422 6152 1921 861 705 6363 1522 333 1409 4841 3843
cat_boundaries=0 1 2
cat_threshold=32 4
is_linear=0
shrinkage=0.03


Tree=78
num_leaves=31
num_cat=0
split_feature=29 5 5 12 10 12 18 5 7 10 28 12 14 9 12 28 10 14 12 2 12 28 12 14 12 9 5 18 3 5
split_gain=40.0222 42.6431 34.2735 22.4704 38.8334 34.8372 19.8962 19.6615 20.014 19.5322 18.9022 18.4603 20.3546 18.796 28.9599 27.8654 27.3248 27.2929 26.943 24.7358 22.7351 19.4537 31.9542 18.6222 18.5803 21.4473 17.2737 19.2424 28.7365 16.9681
threshold=86.164299011230483 0.63088810443878185 -0.9936448037624358 -0.37800000607967371 0.080000001937150969 -0.48800000548362726 2.7290999889373784 -0.75976759195327748 -15.58694553375244 -0.87499999999999989 19.164343833923343 0.42849999666213995 -1.0349999666213987 -8.7837634086608869 0.26600000262260443 26.140346527099613 0.2650000005960465 0.38499999046325689 -0.25599999725818628 132.14026641845706 -0.18349999934434888 19.164343833923343 -0.28399999439716334 -0.79499998688697804 0.73149999976158153 -118.77739334106444 0.52643132209777843 0.58106917142868053 439.56295776367193 0.29221479594707495
decision_type=2 2 2 2 2 2 2 2 2 2 2 2 2 2 2 2 2 2 2 2 2 2 2 2 2 2 2 2 2 2
left_child=1 2 -1 4 -4 7 11 -6 -9 10 -3 12 -5 14 16 -15 18 -16 21 -19 -20 22 -14 -22 25 -13 27 -18 -29 -17
right_child=-2 9 3 6 5 -7 -8 8 -10 -11 -12 24 13 15 17 29 26 19 20 -21 23 -23 -24 -25 -26 -27 -28 28 -30 -31
leaf_value=0.015062173851743616 -0.021177384149767501 -0.038619537841283962 -0.018848229115845112 -0.012684145943500024 0.02938076066747293 -0.013061404720363256 0.024043139056179132 -0.012124690033212074 0.012678788774507364 0.017267498643985336 0.012957022925193289 0.01750321089398521 -0.012585054503968953 0.0052023626998419989 -0.0036976111510458568 -0.026657906718786852 -0.031165528523729585 0.040646603989903114 -0.020387327749114177 -0.0081990828340875975 0.029484035818300128 0.020777842307100048 0.03374661889854004 -0.0016828551898567393 0.019127863364841464 -0.012687587159596418 0.019437727910092455 -0.012609020716506179 0.015078790967852064 0.0070013511451434895
leaf_weight=124.91388043761253 76.86195120960474 10.935841351747515 161.25190816819668 96.905676044523716 32.296388685703278 109.94988969713449 29.942820057272911 46.033515281975269 76.687956728041172 179.11096190661192 12.989391177892683 22.493998162448406 50.718039058148861 1048.0516190230846 40.180984936654568 40.158349275588989 38.538027971982956 38.502532117068768 57.174383461475372 11.825629264116285 16.906549319624901 87.08117651194334 17.081246331334114 472.59211479127407 20.6675725877285 225.25518728047609 16.180608212947845 237.01519276946783 38.441729843616486 19.521370872855186
leaf_count=663 640 57 1038 641 159 712 153 277 423 1195 77 131 263 5426 194 278 233 181 325 76 73 439 75 2603 98 1245 75 1368 207 95
internal_value=8.75786e-05 0.000577355 -0.000276542 -0.000909174 -0.00728976 -0.000211175 0.000129126 0.00892844 0.00335206 0.0138719 -0.0112214 -0.000155933 0.000704552 0.0012918 -0.0014441 0.00406233 -0.00287615 0.0147331 0.000475969 0.0292332 -0.00265679 0.0114796 -0.00059148 -0.000548482 -0.00759031 -0.00988712 -0.00997862 -0.0115514 -0.00870445 -0.015714
internal_weight=3456.27 3379.4 3176.37 3051.45 426.22 264.968 2625.23 155.018 122.721 203.036 23.9252 2595.29 2326.88 2229.97 1122.24 1107.73 1031.73 90.5091 701.554 50.3282 546.673 154.88 67.7993 489.499 268.417 247.749 330.176 313.995 275.457 59.6797
internal_count=19420 18780 17451 16788 2609 1571 14179 859 700 1329 134 14026 12552 11911 6112 5799 5661 451 3778 257 3001 777 338 2676 1474 1376 1883 1808 1575 373
is_linear=0
shrinkage=0.03


Tree=79
num_leaves=31
num_cat=1
split_feature=5 5 29 10 16 31 2 12 18 14 28 17 10 2 16 17 12 5 29 17 16 12 10 14 14 3 14 28 16 12
split_gain=37.4941 32.2193 32.8119 31.4273 25.8313 25.1097 24.8312 21.753 21.6569 20.3589 20.1595 19.001 18.8679 18.7885 17.614 18.4875 18.2083 17.6111 16.6323 15.5392 14.9479 15.2475 14.6201 22.4924 16.25 16.3025 16.3467 18.2128 26.105 16.0429
threshold=0.59747540950775158 -0.93404099345207203 76.34873199462892 0.37500000000000006 -1.8682830333709715 0 13.89349412918091 0.12900000065565112 2.3449710607528691 -1.0349999666213987 24.009605407714847 -1.0289596915245054 -0.66500002145767201 179.67922210693362 1.0481582283973696 -0.34192450344562525 -0.20100000500679013 0.4124008715152741 86.164299011230483 -0.9375849962234496 0.21549604833126071 0.11699999868869783 -0.32500000298023218 -0.84999999403953541 0.41499999165534979 627.35330200195324 1.4100000262260439 20.863806724548343 -0.64952498674392689 -1.0000000180025095e-35
decision_type=2 2 2 2 2 1 2 2 2 2 2 2 2 2 2 2 2 2 2 2 2 2 2 2 2 2 2 2 2 2
left_child=1 5 4 -2 -3 7 10 14 11 -8 -4 12 -6 -7 15 -1 -16 -12 -11 -13 -15 -22 23 -21 29 26 27 28 -26 -24
right_child=3 2 6 -5 8 13 9 -9 -10 18 17 19 -14 20 16 -17 -18 -19 -20 22 21 -23 24 -25 25 -27 -28 -29 -30 -31
leaf_value=-0.0010167309817445572 0.0040851059829315438 -0.027592038869132907 -0.0042274175426618536 0.02551133198116453 0.02769479625664268 -0.0075982335099135326 -0.026734007334172642 0.025938466671160055 0.028421845603305525 -0.0055949245258244597 0.0016754258405485829 0.024118291059179869 -0.014233438744879022 0.018641458830304172 0.012052719142605188 0.020870110845438102 -0.025547827686890713 0.026113101772734376 -0.024361244887099402 -0.010721145891800257 -0.01255671973912814 0.015119714099780961 -0.0081488615483256456 0.013489863047458904 -0.012383288090366831 0.031068951788346233 -0.020181395644121337 -0.0072912282498422539 0.020222324389498929 0.0037216597989943858
leaf_weight=58.265934467315674 238.26381984353065 25.745182327926159 133.53370124101639 82.34525690972805 9.7662821784615499 162.40318387001753 44.484882302582264 74.878921225667 26.740677028894424 1192.4109497964382 56.321378439664841 29.260031804442406 98.874149158596992 59.246632292866707 19.713695988059044 84.677818790078163 25.628822460770607 49.442512989044189 43.19439222663641 41.899574242532253 43.946907691657543 28.796958282589912 258.20694110542536 179.68901692330837 27.636038906872272 20.92799411714077 21.782883137464523 56.584406420588493 98.948322042822838 168.6866571828723
leaf_count=271 1337 163 629 616 54 776 368 429 120 7412 270 150 613 283 92 486 116 225 467 227 204 126 1388 832 130 95 102 287 437 800
internal_value=-0.000105828 -0.00110421 -0.00251561 0.00965043 0.00152188 0.00543009 -0.00534413 0.0119103 0.00226913 -0.00700159 0.00351447 0.00155089 -0.0102461 -0.000760837 0.00685309 0.0120036 -0.00929281 0.0132371 -0.00627013 0.00297897 0.00758867 -0.00154405 0.00224481 0.00888427 -1.91474e-05 0.00647131 0.00382093 0.00676943 0.0130626 -0.0034605
internal_weight=3462.3 3141.69 2584.14 320.609 1064.75 557.559 1519.39 263.165 1039 1280.09 239.298 1012.26 108.64 294.394 188.286 142.944 45.3425 105.764 1235.61 903.622 131.99 72.7439 874.362 221.589 652.773 225.88 204.952 183.169 126.584 426.894
internal_count=19505 17552 14769 1953 5398 2783 9371 1394 5235 8247 1124 5115 667 1389 965 757 208 495 7879 4448 613 330 4298 1059 3239 1051 956 854 567 2188
cat_boundaries=0 1
cat_threshold=10
is_linear=0
shrinkage=0.03


Tree=80
num_leaves=31
num_cat=0
split_feature=29 5 5 18 16 28 21 4 20 10 23 16 10 0 18 8 10 4 4 4 16 28 3 9 10 18 5 1 10 28
split_gain=39.08 35.2248 30.8692 25.604 18.4879 20.7134 17.9639 18.1423 18.1738 16.8929 16.8345 19.5345 16.6014 17.0872 17.7588 16.1757 14.2267 13.3367 31.5733 22.9706 17.7099 25.276 18.1758 17.2322 18.7366 16.7098 21.5489 15.6104 15.0321 13.7543
threshold=86.164299011230483 0.66410800814628612 -0.98097097873687733 1.716315031051636 -0.45300555229187006 20.863806724548343 1.0000000180025095e-35 3.5000000000000004 1.0000000180025095e-35 -0.84499999880790699 1.0000000180025095e-35 0.37996618449687963 0.37500000000000006 0.26740609109401708 1.1025848388671877 -51.046007156372063 0.11499999836087228 168.50000000000003 59.500000000000007 240.50000000000003 0.088539849966764464 22.825375556945804 350.07836914062506 -2.9940690994262691 -0.64500001072883595 1.0930942893028261 -0.70125329494476307 11.054427146911623 0.95499998331069957 18.840229988098148
decision_type=2 2 2 2 2 2 2 10 2 2 2 2 2 2 2 2 2 10 10 10 2 2 2 2 2 2 2 2 2 2
left_child=1 2 3 4 -1 10 7 8 9 -4 11 -6 13 -3 -15 -9 -5 18 20 23 22 28 29 -19 -25 26 -24 -21 -22 -17
right_child=-2 12 6 16 5 -7 -8 15 -10 -11 -12 -13 -14 14 -16 17 -18 19 -20 27 21 -23 25 24 -26 -27 -28 -29 -30 -31
leaf_value=0.029336285801291009 -0.02136187897124792 0.018232017792028089 -0.025453660829219401 -0.030528367966373472 -0.0096640255631596454 0.019496052488285693 -0.006784565050027027 -0.0043707872671543014 -0.012895428921756567 -0.00099807036545445944 -0.030336526636177776 0.02170723638893966 0.028795532118500902 0.015422750667121819 -0.016169109808396139 -0.014282117790770557 0.0045011585560781843 -0.015653863519817731 0.018135947961465979 0.0125298808997174 0.014682795247615175 -0.0051012142573779191 0.0090596807746622827 -0.02060749410403034 0.02449372056806785 0.021705342792087832 -0.022058195342557207 -0.015824343174509814 -0.012354855765532503 -0.00063994604786529329
leaf_weight=50.105694822967052 76.878117397427559 66.459322921931744 25.284369952976704 18.939041137695312 39.131957978010178 79.214158430695534 476.18966343998909 316.43480874598026 158.26424662768841 777.8868370577693 14.2659545391798 31.257609605789185 44.625029124319553 26.065146885812283 38.286915026605129 108.67599741369486 21.425187811255455 117.9934498667717 138.27886933088303 95.14593243598938 234.26011928170919 101.23456144332886 66.918682403862476 12.059484302997587 21.952197469770908 46.461126171052456 27.404692821204662 20.458427734673023 19.340831652283669 169.26847543567419
leaf_count=271 658 464 142 93 182 465 2930 1754 1122 4337 67 138 376 141 192 593 115 549 678 476 1085 575 313 54 115 253 176 98 106 941
internal_value=-0.000352155 0.000134292 -0.000587704 0.00941732 0.0135475 0.0085712 -0.00145807 -0.000423538 -0.00363681 -0.00179864 -0.00175971 0.00437581 0.0131827 0.00767843 -0.00333295 0.00164275 -0.0122755 0.00325845 0.00498548 -0.00262282 0.00261438 0.00753564 -0.00156397 -0.0102588 0.00837039 0.00718644 -0.000117859 0.00741938 0.0125803 -0.0060061
internal_weight=3440.17 3363.29 3187.85 254.34 213.975 163.87 2933.51 2457.32 961.435 803.171 84.6555 70.3896 175.436 130.811 64.3521 1495.89 40.3642 1179.45 911.843 267.609 773.564 354.836 418.729 152.005 34.0117 140.785 94.3234 115.604 253.601 277.944
internal_count=19459 18801 17628 1331 1123 852 16297 13367 5601 4479 387 320 1173 797 333 7766 208 6012 4720 1292 4042 1766 2276 718 169 742 489 574 1191 1534
is_linear=0
shrinkage=0.03


Tree=81
num_leaves=31
num_cat=1
split_feature=5 5 14 28 18 16 29 4 5 32 4 16 16 2 12 2 17 12 12 28 2 17 17 12 14 14 12 8 16 14
split_gain=43.3013 30.5067 25.2687 23.5833 22.5041 26.7525 21.8836 25.4083 35.62 32.4483 25.0738 22.8923 22.0751 19.595 22.6197 17.7651 17.6758 30.9694 30.1076 27.0003 24.2777 21.6718 22.9691 16.8938 16.5923 27.5948 17.3704 16.1628 15.9034 15.7596
threshold=0.63088810443878185 -0.98097097873687733 -1.0600000023841856 24.994574546813968 1.716315031051636 -0.45300555229187006 76.34873199462892 48.500000000000007 -0.78753387928009022 0 168.50000000000003 -1.8195750117301939 -0.33059918880462641 7.1916284561157235 0.13350000232458117 447.40505981445318 -0.25784449279308314 0.34650000929832464 -0.027500000782310959 20.863806724548343 93.454433441162124 -1.898898661136627 -1.2670373916625974 -0.29899999499320978 0.52500000596046459 0.14500000327825549 0.22699999809265139 -7.2034235000610343 1.0000000180025095e-35 0.089999999850988402
decision_type=2 2 2 2 2 2 2 10 2 1 10 2 2 2 2 2 2 2 2 2 2 2 2 2 2 2 2 2 2 2
left_child=1 4 3 -3 5 -1 11 8 9 12 27 -4 -8 -2 23 -10 21 18 -18 20 -20 -13 -23 -15 25 -14 -27 -9 -19 -21
right_child=13 2 6 -5 -6 -7 7 10 15 -11 -12 16 24 14 -16 -17 17 28 19 29 -22 22 -24 -25 -26 26 -28 -29 -30 -31
leaf_value=0.03104418184421421 0.021080944126639151 -0.029247169151520279 -0.022842785451818396 0.010499375806732747 -0.010932662020655789 0.0068151672216246947 0.025417591271276126 0.0037334279417469661 -0.0074826789779866279 -0.0059547304945858576 -0.0036090065875394135 0.02900945657035315 0.0098553533091478313 -0.016616533285241618 -0.023371873967225773 -0.027384029751364954 0.0018722576717169262 -0.022751482477693687 0.010965990701509526 -0.0077682071413724485 0.033228666719751554 -0.020945434276522578 -0.00063102908950002086 0.019215901628583842 0.026807555805879409 -0.033729953806034003 0.0063753335699158137 0.023270505392007194 0.0012439722783129023 0.016277685644658799
leaf_weight=53.564154639840126 120.73100888729095 52.486098192632198 31.678580969572067 17.361964151263237 42.210319846868515 168.73523198068142 62.700259581208229 81.428864412009716 918.04001639783382 218.89695113897324 176.10841481387615 18.560663059353828 81.452902793884277 14.457903385162352 21.819640800356865 41.416619963943958 310.21166709810495 44.945941686630249 87.780217379331589 55.154490597546101 90.632582262158394 56.535655081272125 387.78986056894064 51.43501503020525 23.419886738061905 26.986368402838707 14.464406274259089 71.406745910644531 53.949450343847275 42.600100301206112
leaf_count=292 914 337 196 109 217 876 293 397 6227 1116 859 96 394 70 108 365 1472 222 378 261 387 335 2143 285 121 136 78 351 253 204
internal_value=7.13657e-05 -0.000785421 -0.00165701 -0.0193587 0.00895737 0.0127662 -0.00122356 -0.00338489 -0.00516173 0.00203297 0.00410221 0.00192075 0.0101851 0.0132904 0.00245052 -0.00836937 0.00262327 0.00567931 0.00829881 0.0154848 0.0223975 -0.00190349 -0.00325705 0.0112229 0.00422099 -0.000264606 -0.0199146 0.0129533 -0.00978006 0.00276938
internal_weight=3438.96 3230.52 2966.01 69.8481 264.51 222.299 2896.16 1716.32 1387.38 427.921 328.944 1179.84 209.024 208.444 87.7126 959.457 1148.16 685.274 586.379 276.167 178.413 462.886 444.326 65.8929 146.324 122.904 41.4508 152.836 98.8954 97.7546
internal_count=19492 18115 16730 446 1385 1168 16284 10337 8730 2138 1607 5947 1022 1377 463 6592 5751 3177 2702 1230 765 2574 2478 355 729 608 214 748 475 465
cat_boundaries=0 1
cat_threshold=48
is_linear=0
shrinkage=0.03


Tree=82
num_leaves=31
num_cat=1
split_feature=5 5 17 32 6 16 12 8 14 12 6 16 12 0 1 14 12 12 14 16 29 5 12 12 18 17 28 12 8 18
split_gain=35.2034 34.829 26.8111 21.3663 44.5868 23.5404 25.398 23.8693 24.742 32.0749 29.0692 27.5393 22.9028 20.3955 19.1732 19.1399 18.9242 18.3964 17.8692 17.5751 16.8856 20.033 19.0326 28.7465 24.3057 17.5911 17.4606 35.7918 19.4773 18.4926
threshold=0.63088810443878185 -0.9936448037624358 0.38102295994758612 0 -0.94107943773269642 -1.8195750117301939 0.42849999666213995 -64.398101806640611 0.16499999910593036 -0.28399999439716334 -0.94107943773269642 0.78855508565902721 0.12650000303983691 16.173883438110355 125.36048889160158 0.42499999701976782 -0.158500000834465 -0.34700000286102289 -0.37499999999999994 0.028396612964570526 75.522090911865249 -0.78753387928009022 -0.33699999749660486 -0.26350000500679011 1.7617849707603457 0.57252100110054027 20.863806724548343 -0.028500000014901158 -27.197676658630368 1.8445399999618532
decision_type=2 2 2 1 2 2 2 2 2 2 2 2 2 2 2 2 2 2 2 2 2 2 2 2 2 2 2 2 2 2
left_child=1 -1 3 4 -3 -5 7 -7 9 17 12 16 -11 18 -6 -8 -12 -9 -2 -18 -4 -22 -23 -24 25 -25 29 -28 -29 -26
right_child=13 2 20 5 14 6 15 8 -10 10 11 -13 -14 -15 -16 -17 19 -19 -20 -21 21 22 23 24 26 -27 27 28 -30 -31
leaf_value=0.014166555266836344 -0.0020753496160655425 -0.015829185921581911 0.013050905577063046 -0.023973759803614804 0.01417570212358686 -0.013950132653251934 -0.029552307311038552 -0.011105714075637228 0.0032741521588956616 -0.019000993794790897 0.018784737722876622 -0.018437035151604577 0.0017482003637426732 -0.016017490611148662 -0.0055432829586286123 -0.0082335252621658934 -0.0025201095510387537 -0.034978079845682984 0.019726453279969858 0.012865327868289818 0.009328139576921508 -0.012892560112136303 0.025527039371638856 0.0066868244201075643 0.024847284948449455 -0.0085415628428964427 0.043474508115744298 -0.027401628160764139 0.014161469990710303 -0.013281751144934262
leaf_weight=129.93897012621164 43.685795269906521 80.313679672777653 118.20025616139174 55.189200654625893 194.67630229890347 159.23131091147661 54.784982234239578 161.83285117149353 542.3636893928051 124.47959059476852 74.52249912917614 48.616934895515442 77.161517783999443 20.788151070475578 56.800165288150311 122.13182155787945 223.42618815600872 34.985493510961533 146.37268079817295 94.190428249537945 198.81440325826406 109.20619600266218 38.193171925842762 88.185285978019238 14.711964353919027 292.07071957737207 30.815747611224651 13.200794644653795 34.589467376470566 41.266476199030876
leaf_count=694 258 625 512 386 1037 1020 362 1057 2919 923 381 255 478 96 365 639 1259 188 1043 472 970 651 178 466 65 1573 167 71 181 184
internal_value=-0.000207635 -0.000988122 -0.00163103 -0.0035385 0.00340242 -0.00483058 -0.00423004 -0.00298863 -0.00171611 -0.00494125 -0.0016858 0.00263258 -0.0110915 0.0116377 0.00971752 -0.0149642 0.00528502 -0.0155045 0.0147306 0.00206856 0.00246811 0.00100191 -0.00150804 0.000759241 -0.00112407 -0.00500167 0.00978781 0.0188183 0.00235445 -0.00300066
internal_weight=3424.75 3213.9 3083.96 2104.71 331.79 1772.92 1717.73 1540.81 1381.58 839.216 642.397 440.756 201.641 210.847 251.476 176.917 392.139 196.818 190.058 317.617 979.254 861.054 662.24 553.034 514.84 380.256 134.584 78.606 47.7903 55.9784
internal_count=19475 18078 17384 12366 2027 10339 9953 8952 7932 5013 3768 2367 1401 1397 1402 1001 2112 1245 1301 1731 5018 4506 3536 2885 2707 2039 668 419 252 249
cat_boundaries=0 1
cat_threshold=34
is_linear=0
shrinkage=0.03


Tree=83
num_leaves=31
num_cat=1
split_feature=29 5 17 5 7 4 10 32 17 18 10 17 13 14 17 10 9 17 17 5 14 10 10 14 13 8 3 8 14 3
split_gain=35.5778 40.7192 30.2163 26.0798 19.0761 24.9649 18.5763 18.1901 21.6495 16.4706 26.7082 15.9561 16.409 21.3849 16.4554 15.8555 21.0863 15.5119 15.3912 15.155 13.2276 16.7368 24.3139 21.2592 32.2183 19.836 17.1574 16.4164 12.8462 13.4797
threshold=86.164299011230483 0.59747540950775158 -0.34192450344562525 -0.78753387928009022 -29.773410797119137 3.5000000000000004 0.37500000000000006 0 -0.24851682782173154 0.37255923449993139 -0.31000000238418574 -0.37786428630352015 47.500000000000007 0.70499998331069957 -1.1559983491897581 0.2950000017881394 -2.5698010921478267 0.40543007850646978 -1.1682549715042112 -0.91865202784538258 -0.84999999403953541 -0.34499999880790705 0.13499999791383746 0.024999999441206459 38.500000000000007 -62.331821441650384 226.6340026855469 -9.0146918296813947 0.41499999165534979 2.2659604549407963
decision_type=2 2 2 2 2 10 2 1 2 2 2 2 2 2 2 2 2 2 2 2 2 2 2 2 2 2 2 2 2 2
left_child=1 2 11 7 -5 -6 15 9 -9 19 -11 12 20 14 -14 16 17 -3 -15 -4 -1 25 -23 24 -24 -22 -26 -27 -25 -30
right_child=-2 6 3 4 5 -7 -8 8 -10 10 -12 -13 13 18 -16 -17 -18 -19 -20 -21 21 22 23 28 26 27 -28 -29 29 -31
leaf_value=-0.027996852136349577 -0.020346647651352176 -0.010995908425618072 0.012683206240572585 -0.0089127771547776319 -0.0042948665720255238 0.0047181172680012904 0.024278621527540064 0.027755805275043181 8.9272059044045649e-05 -0.00021956437466807147 0.023482796883577756 -0.022197574552999873 -0.020310058524342329 0.036216815243036292 -0.0067155800088549607 -0.023091561891371688 0.01817406911507221 0.012359665113258755 -0.00016066772675517636 -0.024650049158212992 -0.019691159403165567 -0.012349888176409753 0.043937754160472783 -0.011862390276337117 -0.017679312436997753 0.027342082572833121 0.025008854039270979 0.0042123720956914338 -0.018626747901237705 0.0053507579636524263
leaf_weight=14.662915937602518 75.359721288084984 58.161644101142883 20.032193884253502 214.35136133432388 485.31185512989759 640.41220609843731 71.09279527515173 26.579194784164429 330.65311861038208 60.026914581656456 147.80891362577677 43.524444565176964 113.60332549363375 13.237330272793768 272.47958032041788 14.077703371644018 105.26182292401791 44.111066110432148 39.501573026180267 17.3587706387043 17.308838851749897 156.28595795482397 24.241445951163769 76.88440678268671 20.54346539825201 47.191143497824669 12.969153955578802 65.727622635662556 22.973390847444534 175.90976597368717
leaf_count=112 645 310 116 1287 2922 3134 578 122 1527 299 786 274 772 68 1772 68 614 286 231 90 106 1022 138 471 120 235 68 340 103 912
internal_value=-9.8338e-05 0.000362778 -0.000661273 0.00159945 -0.000732073 0.000832159 0.0110328 0.00677817 0.00215921 0.0128607 0.0166688 -0.00459057 -0.00385673 -0.0083103 -0.0107578 0.00669354 0.008815 -0.000900319 0.00947402 -0.00483939 -0.000769358 -8.14243e-05 -0.00262582 0.00195411 0.0183397 0.00943556 -0.000913322 0.0140339 -0.00153139 0.00250174
internal_weight=3427.64 3352.28 3059.58 1942.53 1340.08 1125.72 292.705 602.459 357.232 245.227 207.836 1117.04 1073.52 438.822 386.083 221.612 207.535 102.273 52.7389 37.391 634.698 620.035 489.808 333.522 57.7541 130.228 33.5126 112.919 275.768 198.883
internal_count=19528 18883 17027 10283 7343 6056 1856 2940 1649 1291 1085 6744 6470 2843 2544 1278 1210 596 299 206 3627 3515 2834 1812 326 681 188 575 1486 1015
cat_boundaries=0 1
cat_threshold=56
is_linear=0
shrinkage=0.03


Tree=84
num_leaves=31
num_cat=2
split_feature=5 17 10 10 11 32 29 5 12 10 12 17 12 2 12 5 17 12 18 17 12 6 31 17 18 12 12 12 5 17
split_gain=28.814 23.7932 21.1232 23.0501 24.755 21.9881 20.789 20.5772 20.8788 28.6255 26.9245 21.6869 21.0665 17.2209 17.1857 17.178 16.9352 16.0562 15.774 15.4216 15.1009 19.4933 42.0704 41.6643 37.5645 50.0919 46.4615 33.8691 25.3811 30.2234
threshold=0.63088810443878185 -1.0289596915245054 0.42499999701976782 -0.33500000834465021 76.500000000000014 0 86.164299011230483 -0.9936448037624358 -0.37800000607967371 0.080000001937150969 -0.48800000548362726 1.5727599859237673 -0.35750000178813929 6.6270833015441903 0.13350000232458117 -0.75976759195327748 1.3506723046302798 -0.29899999499320978 2.3088001012802128 0.81215649843215953 0.42849999666213995 -0.89225733280181874 1 -0.84973499178886402 1.1554906964302065 -0.17849999666213986 0.092000000178813948 -0.027500000782310959 -0.13282711803913114 0.16287712007761004
decision_type=2 2 2 2 2 1 2 2 2 2 2 2 2 2 2 2 2 2 2 2 2 2 1 2 2 2 2 2 2 2
left_child=1 2 3 4 -1 -5 7 19 9 -9 15 12 -10 -2 17 -11 -17 -15 20 -3 21 22 23 -14 -24 -26 -27 28 -25 -30
right_child=13 6 -4 5 -6 -7 -8 8 11 10 -12 -13 18 14 -16 16 -18 -19 -20 -21 -22 -23 24 27 25 26 -28 -29 29 -31
leaf_value=0.01793236378778491 0.018427342916159342 0.01965612688718469 0.0075237423992758103 -0.0022381028323479593 -0.011931524942697896 -0.023209121731462112 -0.01772831689370815 -0.016689006352558516 0.017733524736858776 0.028201871506522706 -0.011779655902099083 0.013263481882361617 0.035488805046542664 -0.017944184372624114 -0.021215193792315897 0.0078061935680563748 -0.024161089807827139 0.016354346908568199 -0.018660536764823075 -0.01061108994109148 -0.0068071741501571272 0.003830630614829981 -0.018160339770107604 -0.032617818405533613 0.036388501382116037 -0.026754990697682304 0.011307999762203954 0.00919273868334642 -0.019482720073911265 0.013219654744756839
leaf_weight=43.12704124301672 117.18660305440426 80.557162366807461 67.425719559192657 82.602786965668201 56.5822534263134 132.7445880100131 55.226444087922573 145.59422212094069 61.570878677070141 29.974430620670319 100.25442890822887 127.57727840542793 34.705912247300148 15.048549622297285 22.398195117712021 97.044374816119671 16.602879732847214 52.499423816800117 38.707018628716469 17.931937851011753 229.47590733319521 1110.1639650091529 207.68291933834553 33.166193068027496 28.884931437671185 55.128432027995586 58.565280482172966 199.1110498458147 48.297512888908386 51.572404265403748
leaf_count=222 911 450 378 520 370 924 518 928 342 152 662 614 164 74 111 559 90 295 208 93 1266 5662 1417 196 141 403 348 949 332 235
internal_value=8.17866e-05 -0.000619335 -0.00763165 -0.0108886 0.00103524 -0.0163888 0.0003315 0.000697493 0.000198998 -0.00621217 8.51173e-05 0.00129419 0.000580446 0.010899 0.000995894 0.00839145 0.00296604 0.00856291 6.82197e-05 0.0140941 0.000429582 0.00134162 -0.00251157 0.00457014 -0.00977252 0.00180609 -0.00722055 0.00137981 -0.0102949 -0.00263171
internal_weight=3417.41 3210.28 382.482 315.057 99.7093 215.347 2827.8 2772.57 2674.08 389.47 243.876 2284.61 2157.03 207.133 89.9462 143.622 113.647 67.548 2095.46 98.4891 2056.75 1827.28 717.115 366.853 350.262 142.579 113.694 332.147 133.036 99.8699
internal_count=19534 18143 2414 2036 592 1444 15729 15211 14668 2391 1463 12277 11663 1391 480 801 649 369 11321 543 11113 9847 4185 1876 2309 892 751 1712 763 567
cat_boundaries=0 1 2
cat_threshold=106 4
is_linear=0
shrinkage=0.03


Tree=85
num_leaves=31
num_cat=2
split_feature=5 17 14 14 16 32 27 3 5 8 32 18 18 18 5 28 7 2 3 5 7 9 12 12 14 12 5 17 2 12
split_gain=32.531 23.1317 30.1773 23.6388 25.5156 18.5714 17.6185 23.4902 20.5712 18.4018 23.9168 17.0522 17.3001 18.8069 24.4618 21.7192 15.9332 17.5671 20.4938 32.9649 22.3545 19.3087 23.9885 31.5291 26.1861 18.1001 17.2568 21.7567 15.7996 15.3968
threshold=0.63088810443878185 -1.1559983491897581 0.70499998331069957 -0.68500000238418568 -2.0103250741958614 0 1.0000000180025095e-35 203.25810241699222 -0.97269129753112782 -4.1674368381500235 1 2.5077248811721806 2.2589294910430913 1.7400228381156924 -0.93404099345207203 22.87558746337891 -29.773410797119137 257.01449584960943 296.80146789550787 -0.42028589546680445 30.538113594055179 -8.0860137939453107 -0.28399999439716334 -0.19300000369548795 0.39499999582767492 -0.060000000521540635 -0.63756072521209706 -0.24050971120595929 9.3753776550292987 0.34650000929832464
decision_type=2 2 2 2 2 1 2 2 2 2 1 2 2 2 2 2 2 2 2 2 2 2 2 2 2 2 2 2 2 2
left_child=1 2 -1 6 -5 -6 8 -8 -3 10 -10 12 13 14 15 -7 26 18 21 20 -20 -18 24 -24 -23 28 27 -16 -25 -19
right_child=-2 3 -4 4 5 11 7 -9 9 -11 -12 -13 -14 -15 16 -17 17 29 19 -21 -22 22 23 25 -26 -27 -28 -29 -30 -31
leaf_value=-0.013727834083105822 0.011610246668231333 0.010141169768532948 0.012647944652779556 -0.022021456363062207 -0.014903640619379203 0.0026180059170506638 0.027506320352600481 -0.017867793763973416 0.0096649893659848368 -0.023247082037905469 -0.018862011372591629 0.021033405277853221 -0.017239361631543992 0.0095196157533433638 -0.013152122432970759 0.018060971961861044 -0.0037931925653435384 -0.0032990866279891283 0.011190095196397302 0.039470276730772254 -0.0090179430375569667 -0.015902576372629328 0.038897685065059896 0.018184815885279801 0.021240933468860124 0.0090157970154475502 -0.012572623774018006 0.0089012916266970419 -0.018717410749189915 -0.024407079032838237
leaf_weight=221.72567753493786 204.29625886678696 32.904354579746723 46.513144977390766 41.892096556723118 51.310152314603329 237.49630366265774 24.799437880516052 16.178831048309803 45.967167317867279 111.18549471348524 40.025116622447968 39.399735018610954 43.108112439513206 248.93825744092464 63.350834980607033 124.50007463991642 505.67523601651192 238.37581351399422 186.63248604536057 28.469428882002831 65.966155342757702 79.746382758021355 27.219189278781414 12.941472209990023 20.74168960750103 265.63456698507071 184.96851639449596 106.55492771416903 41.723617196083069 34.854558117687702
leaf_count=1443 1390 174 243 268 480 1144 118 110 257 707 282 196 197 1329 364 694 2754 1463 956 145 350 473 133 63 103 1372 1222 535 261 234
internal_value=3.48791e-05 -0.000710125 -0.00912423 6.55267e-05 0.000929917 0.00130694 -0.00835588 0.00959305 -0.0115803 -0.015238 -0.00473432 0.00168969 0.00138536 0.00171675 0.000839802 0.00796437 -0.000548199 0.000798766 0.0023226 0.00942643 0.00589801 0.000221281 0.00475086 0.00847998 -0.00810205 0.00578205 -0.00625807 0.000649643 -0.0098114 -0.00607091
internal_weight=3393.1 3188.8 268.239 2920.56 2649.5 2607.61 271.06 40.9783 230.082 197.178 85.9923 2556.3 2516.9 2473.79 2224.85 361.996 1862.85 1507.98 1234.75 281.068 252.599 953.682 448.007 347.519 100.488 320.3 354.874 169.906 54.6651 273.23
internal_count=19460 18070 1686 16384 14736 14468 1648 228 1420 1246 539 13988 13792 13595 12266 1838 10428 8307 6610 1451 1306 5159 2405 1829 576 1696 2121 899 324 1697
cat_boundaries=0 1 2
cat_threshold=1 36
is_linear=0
shrinkage=0.03


Tree=86
num_leaves=31
num_cat=0
split_feature=5 5 17 12 12 13 10 14 14 12 12 28 10 17 5 28 2 10 14 11 5 12 28 9 13 5 5 4 10 8
split_gain=31.0786 22.9085 20.6255 21.7329 40.1798 25.663 24.1434 21.1369 19.6048 19.0037 27.21 18.2847 18.8992 18.5466 17.467 16.7753 36.1745 19.7922 37.842 29.6949 27.2956 30.505 33.0152 38.8308 28.8796 25.3404 24.0405 23.4226 20.4549 24.5408
threshold=0.63088810443878185 -0.9936448037624358 -1.0289596915245054 -0.37800000607967371 -0.52750000357627858 32.500000000000007 0.080000001937150969 -1.0349999666213987 0.70499998331069957 0.42849999666213995 0.73149999976158153 22.825375556945804 -0.66500002145767201 -1.1682549715042112 -0.75976759195327748 25.763958930969242 42.127584457397468 0.2650000005960465 0.39499999582767492 68.500000000000014 0.48901963233947759 0.23849999904632571 20.863806724548343 -10.521410942077635 38.500000000000007 0.038674917072057731 -0.04725049436092376 223.50000000000003 0.7150000035762788 -5.8578784465789786
decision_type=2 2 2 2 2 2 2 2 2 2 2 2 2 2 2 2 2 2 2 2 2 2 2 2 2 2 2 10 2 2
left_child=1 -1 8 4 6 -6 -4 -5 11 15 -11 12 -3 -13 -8 17 -17 18 27 -20 21 24 23 -23 -19 -24 -25 -9 -22 -30
right_child=-2 2 3 7 5 -7 14 9 -10 10 -12 13 -14 -15 -16 16 -18 20 19 -21 28 22 25 26 -26 -27 -28 -29 29 -31
leaf_value=0.011427897320379864 0.011191441598684678 0.016078976191550551 -0.013742056652835082 -0.014017717336408764 0.02862020508287097 -0.019600756636478991 0.027718382489258977 0.0050640873605431631 0.0089853443108199264 -0.01013020030095175 0.022860742837353894 -0.010590512040628688 -0.020624080390680848 0.013432898565541035 0.0030642237803960937 0.024040136197832618 -0.014107980749064363 0.0040202477732141787 -0.0078457566241109649 0.03498785560907814 0.036050641590332382 0.041555202287711493 -0.019835250715572905 0.023157424644852979 -0.012751710944172753 0.021196595872185711 -0.026722162228313494 -0.009948857067733647 -0.02792802919545443 0.023563471585898211
leaf_weight=130.56892506033182 204.93296337127686 13.018040940165518 60.643568359315395 84.452974960207939 9.6538672149181348 178.31745648756623 32.335274405777454 1052.0850740820169 50.036913841962814 217.28363727405667 24.137587010860443 86.17973718047142 154.2850621342659 42.308311216533184 116.80271000415087 26.223213613033295 125.72269897907972 134.64882231503725 18.617971271276474 61.007755517959595 27.723968379199505 40.65095479786396 42.941678799688816 16.265815034508705 290.74024641513824 18.647746928036213 16.52829073369503 101.7195467799902 13.79133762419224 18.072981938719749
leaf_count=709 1413 76 358 574 45 1242 165 5506 257 1247 123 571 1050 285 674 131 945 709 87 263 163 180 278 72 1669 95 79 477 63 109
internal_value=-0.00010582 -0.000831357 -0.00135548 -0.000479513 -0.00695162 -0.0169859 0.00207734 0.000627245 -0.0082466 0.00118371 -0.00675103 -0.0111821 -0.0176896 -0.00263748 0.00855862 0.00214183 -0.00741015 0.00292848 0.0051251 0.0249995 -0.0014426 -0.00350488 0.00887365 0.0223286 -0.00744589 -0.00727166 -0.00202882 0.00373308 0.0176907 0.00110554
internal_weight=3410.35 3205.41 3074.84 2729.02 397.753 187.971 209.782 2331.26 345.828 2246.81 241.421 295.791 167.303 128.488 149.138 2005.39 151.946 1853.44 1233.43 79.6257 620.012 560.424 135.034 73.4451 425.389 61.5894 32.7941 1153.8 59.5883 31.8643
internal_count=19615 18202 17493 15254 2484 1287 1197 12770 2239 12196 1370 1982 1126 856 839 10826 1076 9750 6333 350 3417 3082 704 331 2378 373 151 5983 335 172
is_linear=0
shrinkage=0.03


Tree=87
num_leaves=31
num_cat=2
split_feature=17 6 31 14 10 2 28 16 1 17 10 6 18 9 16 4 31 10 14 10 3 28 6 6 16 28 2 17 18 14
split_gain=26.5488 22.6425 28.2533 22.87 23.7609 22.8005 22.5329 37.9601 30.9324 23.1639 22.2053 22.048 24.14 21.306 20.4219 19.9129 18.4258 18.1995 24.4745 17.9544 17.8563 17.6078 16.2987 16.2035 16.0578 15.3644 14.7655 20.8344 15.7269 20.3734
threshold=0.069999270141124739 -0.94107943773269642 0 -0.27499999105930323 -0.82499998807907093 196.18916320800784 20.863806724548343 -0.1622507497668266 104.86742782592775 -0.81693172454833973 -0.29500000178813929 -0.77289488911628712 0.44139750301837927 -56.249256134033196 1.0767213106155398 2.5000000000000004 1 0.11499999836087228 -0.3299999982118606 -0.55500000715255726 507.98284912109381 18.289889335632328 -0.10495606064796446 -0.92449048161506642 -0.739569991827011 20.863806724548343 267.35086059570318 0.11878761649131776 1.420721232891083 0.39499999582767492
decision_type=2 2 1 2 2 2 2 2 2 2 2 2 2 2 2 10 1 2 2 2 2 2 2 2 2 2 2 2 2 2
left_child=1 3 5 4 -1 19 7 8 -5 -9 -8 26 -13 20 -12 -15 -14 18 -7 -3 23 -18 -17 -4 -21 -22 27 -2 -29 -30
right_child=11 2 13 6 -6 17 10 9 -10 -11 14 12 16 15 -16 22 21 -19 -20 24 25 -23 -24 -25 -26 -27 -28 28 29 -31
leaf_value=0.010122715512948877 0.029558000308563589 -0.0095762318975868531 0.016547456245111336 -0.015419922634960649 -0.026309303886846915 0.0046927928639216264 0.014206594206829907 0.034136396238465552 0.030972497756012254 0.0033711654715218031 -0.020468668505437475 -0.012453808803404609 -0.008730376881893244 -0.0066571122161792297 0.0081375812173111739 0.0021312444733008486 -0.0070031330245200925 0.013339867199304715 -0.032835119156234813 0.033942979013251821 -0.021166817202631177 0.012010245453989854 0.030014974752337983 -0.019784820970609535 0.012376335981360937 0.005732355415129722 -0.010095081008064007 -0.0028225281355561526 0.00019756437636913178 0.017645806274403694
leaf_weight=19.09582307189703 22.184808909893036 23.17821878939867 11.29644490033388 92.435601159930229 88.298954922705889 32.67609740793705 25.080661557614803 39.621889725327492 14.064183399081228 48.651217460632324 133.69805732369423 50.569191224873066 44.156681060791016 279.25417523831129 26.389045380055904 567.89154859632254 47.140209704637527 36.699650675058365 28.622913837432861 42.649017252027988 23.954422324895859 529.81093694269657 18.526625454425812 132.71973742544651 116.02277979254723 80.61951007694006 111.73266018554568 437.74809919297695 167.55804613232613 93.046173773705959
leaf_count=124 119 117 69 637 743 210 168 184 89 262 1172 268 237 1650 150 2969 232 220 193 216 139 2938 96 830 603 487 766 2286 847 461
internal_value=0.000296236 -0.00207856 -0.000131172 -0.00763776 -0.0197977 0.00820573 -0.00415765 0.00296197 -0.00906229 0.017408 -0.0116223 0.00326653 0.00730554 -0.00228358 -0.0157319 -7.74749e-05 0.00893173 -0.00314882 -0.0130762 0.0147572 -0.0100264 0.0102696 0.00306177 -0.0168405 0.0183495 -0.000571483 2.03299e-06 0.0015796 0.000649805 0.00647093
internal_weight=3385.39 1881.45 1394.11 487.335 107.395 279.849 379.941 194.773 106.5 88.2731 185.168 1503.95 671.677 1114.26 160.087 865.672 621.108 97.9987 61.299 181.85 248.59 576.951 586.418 144.016 158.672 104.574 832.27 720.537 698.352 260.604
internal_count=19482 11328 7799 3529 867 1559 2662 1172 726 446 1490 8154 3675 6240 1322 4715 3407 623 403 936 1525 3170 3065 899 819 626 4479 3713 3594 1308
cat_boundaries=0 1 2
cat_threshold=8 1
is_linear=0
shrinkage=0.03


Tree=88
num_leaves=31
num_cat=2
split_feature=5 5 12 12 13 2 14 14 3 2 29 12 12 32 9 6 28 3 29 9 12 32 5 28 2 3 9 28 2 23
split_gain=31.3485 22.6562 22.9223 30.3117 28.3721 18.1853 17.092 23.6431 20.4123 20.2463 28.2895 17.4659 26.9223 17.5183 34.8201 16.8236 38.6519 26.3689 16.6238 16.2006 32.7122 37.4815 29.5169 23.8569 18.3791 16.9449 15.8287 15.7224 14.7697 14.2867
threshold=0.63088810443878185 -0.9936448037624358 -0.37800000607967371 -0.52750000357627858 32.500000000000007 7.8629119396209726 -0.6599999964237212 -0.59499999880790699 292.21582031250006 133.28311157226565 76.151096343994155 0.42849999666213995 0.73149999976158153 0 -56.249256134033196 -0.85020262002944935 19.008403778076175 946.91305541992199 77.084831237792983 -8.3713808059692365 0.26600000262260443 1 0.45150023698806768 25.763958930969242 5.6894962787628183 91.798385620117202 -103.05646514892577 22.987782478332523 240.93579864501956 1.0000000180025095e-35
decision_type=2 2 2 2 2 2 2 2 2 2 2 2 2 1 2 2 2 2 2 2 2 1 2 2 2 2 2 2 2 2
left_child=1 -1 3 26 -5 -2 9 8 -8 10 -4 19 13 14 -13 16 -15 -17 -7 20 29 22 -22 24 27 -25 -3 -21 -28 -9
right_child=5 2 6 4 -6 18 7 11 -10 -11 -12 12 -14 15 -16 17 -18 -19 -20 23 21 -23 -24 25 -26 -27 28 -29 -30 -31
leaf_value=0.011506499948153307 0.018982072514278112 -0.033277724431981438 0.016567713298327971 0.031340168091175652 -0.018781856752989681 0.012645574845193233 -0.009076947407175481 -0.0047200140970055839 0.023152607126393478 -0.015933149518046412 -0.010473022054607458 0.036825634657935702 0.023534769096133602 0.020342306499101768 -0.012052312761458909 -0.025994426090978337 -0.026344203183309607 0.010809609034263652 -0.013776680125995902 0.0076010604684905664 0.037259266951165541 -0.016200751007423513 -0.010999994668748882 0.015910954327329471 0.0034095538384976555 -0.02242905941308258 0.0071739906183444996 0.032635047674019611 -0.0098977357659668311 0.0063622569879221002
leaf_weight=126.53937509655952 115.93722054362297 11.267160855233668 57.121297344565392 9.8421434462070447 193.02572597935796 46.404755614697933 22.927872367203236 845.79406248033047 70.148418083786964 130.62487281858921 85.855056338012218 19.707387492060661 22.494457013905048 33.037114635109901 34.895298935472965 114.41076497733593 29.054553676396608 20.083934620022774 38.114764757454395 59.8434863910079 55.456834204494953 21.572904072701931 13.805427297949789 12.390876673161982 788.05982541292906 47.939039777964354 143.20523443073034 36.106452412903309 65.732245489954948 118.58166029304266
leaf_count=693 933 81 278 45 1398 264 110 4849 333 907 474 109 114 162 235 656 183 122 188 305 270 137 61 60 4153 387 799 200 408 626
internal_value=-0.000158382 -0.000883043 -0.00139847 -0.00787262 -0.0162084 0.0113191 -0.000358338 0.00046363 0.0152013 -0.00744314 0.000370214 -0.000146213 -0.00723968 -0.010078 0.00502939 -0.0138328 -0.00157501 -0.0204593 0.000708479 0.000827821 -0.00172607 0.015386 0.0241792 0.00368036 0.00493078 -0.0144235 -0.000154582 0.0172609 0.00178162 -0.00335214
internal_weight=3389.98 3189.52 3062.98 423.073 202.868 200.457 2639.91 2366.31 93.0763 273.601 142.976 2273.23 273.684 251.189 54.6027 196.586 62.0917 134.495 84.5195 1999.55 1055.21 90.8352 69.2623 944.34 884.01 60.3299 220.205 95.9499 208.937 964.376
internal_count=19540 18155 17462 2731 1443 1385 14731 13072 443 1659 752 12629 1581 1467 344 1123 345 778 452 11048 5943 468 331 5105 4658 447 1288 505 1207 5475
cat_boundaries=0 1 2
cat_threshold=98 102
is_linear=0
shrinkage=0.03


end of trees

feature_importances:
doy_sin=342
dmi=342
rmm2=290
oni=249
nino34=230
centroid_lon=168
rmm1=145
amplitude=112
centroid_lat=108
doy_cos=95
rain_prev_30=76
season_to_date=72
zone_id=70
state=60
days_since_wet=57
rain_prev_7_anom=46
rain_prev_14_anom=44
rain_prev_30_anom=40
rain_prev_14=35
rain_prev_7=25
dmi_age_days=22
oni_age_days=18
mjo_phase_2=8
mjo_phase_1=6
mjo_phase_8=4
mjo_phase_4=2
mjo_phase_5=2
nino34_age_days=1
mjo_phase_7=1

parameters:
[boosting: gbdt]
[objective: binary]
[metric: binary_logloss]
[tree_learner: serial]
[device_type: cpu]
[data_sample_strategy: bagging]
[data: ]
[valid: ]
[num_iterations: 2000]
[learning_rate: 0.03]
[num_leaves: 31]
[num_threads: 0]
[seed: 42]
[deterministic: 0]
[force_col_wise: 0]
[force_row_wise: 0]
[histogram_pool_size: -1]
[max_depth: -1]
[min_data_in_leaf: 60]
[min_sum_hessian_in_leaf: 0.001]
[bagging_fraction: 0.8]
[pos_bagging_fraction: 1]
[neg_bagging_fraction: 1]
[bagging_freq: 1]
[bagging_seed: 400]
[bagging_by_query: 0]
[feature_fraction: 0.8]
[feature_fraction_bynode: 1]
[feature_fraction_seed: 30056]
[extra_trees: 0]
[extra_seed: 12879]
[early_stopping_round: 0]
[early_stopping_min_delta: 0]
[first_metric_only: 0]
[max_delta_step: 0]
[lambda_l1: 0]
[lambda_l2: 1]
[linear_lambda: 0]
[min_gain_to_split: 0]
[drop_rate: 0.1]
[max_drop: 50]
[skip_drop: 0.5]
[xgboost_dart_mode: 0]
[uniform_drop: 0]
[drop_seed: 17869]
[top_rate: 0.2]
[other_rate: 0.1]
[min_data_per_group: 100]
[max_cat_threshold: 32]
[cat_l2: 10]
[cat_smooth: 10]
[max_cat_to_onehot: 4]
[top_k: 20]
[monotone_constraints: ]
[monotone_constraints_method: basic]
[monotone_penalty: 0]
[feature_contri: ]
[forcedsplits_filename: ]
[refit_decay_rate: 0.9]
[cegb_tradeoff: 1]
[cegb_penalty_split: 0]
[cegb_penalty_feature_lazy: ]
[cegb_penalty_feature_coupled: ]
[path_smooth: 0]
[interaction_constraints: ]
[verbosity: -1]
[saved_feature_importance_type: 0]
[use_quantized_grad: 0]
[num_grad_quant_bins: 4]
[quant_train_renew_leaf: 0]
[stochastic_rounding: 1]
[linear_tree: 0]
[max_bin: 255]
[max_bin_by_feature: ]
[min_data_in_bin: 3]
[bin_construct_sample_cnt: 200000]
[data_random_seed: 175]
[is_enable_sparse: 1]
[enable_bundle: 1]
[use_missing: 1]
[zero_as_missing: 0]
[feature_pre_filter: 1]
[pre_partition: 0]
[two_round: 0]
[header: 0]
[label_column: ]
[weight_column: ]
[group_column: ]
[ignore_column: ]
[categorical_feature: 31,32]
[forcedbins_filename: ]
[precise_float_parser: 0]
[parser_config_file: ]
[objective_seed: 16083]
[num_class: 1]
[is_unbalance: 0]
[scale_pos_weight: 1]
[sigmoid: 1]
[boost_from_average: 1]
[reg_sqrt: 0]
[alpha: 0.9]
[fair_c: 1]
[poisson_max_delta_step: 0.7]
[tweedie_variance_power: 1.5]
[lambdarank_truncation_level: 30]
[lambdarank_norm: 1]
[label_gain: ]
[lambdarank_position_bias_regularization: 0]
[eval_at: ]
[multi_error_top_k: 1]
[auc_mu_weights: ]
[num_machines: 1]
[local_listen_port: 12400]
[time_out: 120]
[machine_list_filename: ]
[machines: ]
[gpu_platform_id: -1]
[gpu_device_id: -1]
[gpu_device_id_list: ]
[gpu_use_dp: 0]
[num_gpu: 1]

end of parameters

pandas_categorical:[["Bihar", "Madhya Pradesh", "Maharashtra", "Uttar Pradesh"], ["BI-2", "BI-3", "MH-6/MH-7", "MP-10", "MP-10/MP-5", "UP-10", "UP-8"]]
