tree
version=v4
num_class=1
num_tree_per_iteration=1
label_index=0
max_feature_idx=32
objective=binary sigmoid:1
feature_names=rain_prev_7 rain_prev_14 rain_prev_30 season_to_date days_since_wet doy_sin doy_cos rain_prev_7_anom rain_prev_14_anom rain_prev_30_anom oni oni_age_days dmi dmi_age_days nino34 nino34_age_days rmm1 rmm2 amplitude mjo_age_days mjo_phase_1 mjo_phase_2 mjo_phase_3 mjo_phase_4 mjo_phase_5 mjo_phase_6 mjo_phase_7 mjo_phase_8 centroid_lat centroid_lon small_unit state zone_id
feature_infos=[0:563.739501953125] [0:825.598876953125] [0:1061.04931640625] [0:2138.258544921875] [0:323] [-0.99819540977478027:0.7295575737953186] [-0.99941062927246094:-0.060048960149288177] [-119.4168701171875:466.78271484375] [-199.28990173339844:623.6695556640625] [-325.978759765625:676.28131103515625] [-1.3700000047683716:1.690000057220459] [63:90] [-0.86100000143051147:0.81099998950958252] [32:59] [-1.3799999952316284:1.9700000286102295] [32:59] [-2.703779935836792:3.1550700664520264] [-2.4152100086212158:3.5100479125976562] [0.026713300496339798:3.5471172332763672] none [0:1] [0:1] [0:1] [0:1] [0:1] [0:1] [0:1] [0:1] [18.132350921630859:26.753688812255859] [75.09625244140625:87.400367736816406] none -1:2:1:3:0 -1:2:4:3:5:6:0:1
tree_sizes=3351 3466 3468 3467 3478 3465 3481 3467 3465 3474 3478 3475 3447 3488 3449 3482 3457 3497 3479 3482 3480 3486 3484 3494 3467 3471 3482 3475 3480 3505 3482 3482 3453 3480 3474 3491 3486 3472 3490 3487 3449 3488 3484 3488 3493 3486 3483 3507 3493 3493 3472 3487 3505 3491 3499 3465 3503 3495 3508 3496 3489 3477 3491 3508 3509 3478 3476 3492 3494 3470 3504 3506 3487 3490 3504 3513 3504 3499 3502 3502 3473 3515 3479 3484 3480 3520 3483 3500 3521 3520 3499 3508 3506 3492 3515 3492 3478 3494 3503 3508 3497 3496 3491 3498 3519 3458 3486 3470 3493 3476 3476 3478 3517 3485 3446 3509 3472 3513 3506 3485 3466 3507 3489 3471 3467 3491 3503 3465 3472 3492 3525 3488 3502 3499

Tree=0
num_leaves=31
num_cat=0
split_feature=5 5 3 28 0 7 17 29 7 12 17 16 29 17 10 18 0 2 17 14 3 12 5 17 29 11 5 17 18 3
split_gain=2678.67 736.414 240.33 179.254 152.747 141.04 107.051 103.6 98.9872 97.7937 91.7915 107.761 62.3591 73.5771 61.6705 59.7599 56.5584 55.6737 51.5677 50.6753 51.9198 48.5675 47.238 41.1867 39.532 51.4314 38.1847 37.311 37.5455 40.7456
threshold=0.52643132209777843 -0.96105405688285817 3.603879570960999 20.863806724548343 17.756321907043461 -4.8531422615051261 0.60379037261009227 84.152141571044936 -16.660959243774411 0.056499999016523368 -1.2670373916625974 1.0481582283973696 77.084831237792983 0.069999270141124739 -0.5349999964237212 0.95011851191520702 39.848514556884773 46.468376159667976 1.1189950108528139 0.14500000327825549 516.84207153320324 0.13350000232458117 -0.78753387928009022 -0.053555749356746667 77.440567016601577 68.500000000000014 -0.97269129753112782 -0.28556217253208155 0.81021401286125194 300.95053100585943
decision_type=2 2 2 2 2 2 2 2 2 2 2 2 2 2 2 2 2 2 2 2 2 2 2 2 2 2 2 2 2 2
left_child=1 3 5 15 6 -2 8 10 27 -8 -5 16 13 -6 -7 19 -12 21 -11 20 -1 -4 -14 -13 -10 -26 -18 -3 -29 -30
right_child=2 4 17 7 12 14 9 -9 24 18 11 23 22 -15 -16 -17 26 -19 -20 -21 -22 -23 -24 -25 25 -27 -28 28 29 -31
leaf_value=-0.96900559470276115 -1.0269549498422088 -1.089359151417443 -1.0134944942981516 -1.0917571478312393 -1.0866609510623526 -1.0063261367032592 -1.0698455358883101 -1.0730966825459602 -1.0691153394583366 -1.0504863195200125 -0.98219075205719109 -1.0100722328778242 -1.0773984320947907 -1.0695068170607449 -0.97221421581661682 -1.0751498955177268 -1.0071526698110731 -1.0770006278502027 -1.0073211516948775 -1.0670801353746029 -1.0419013302032363 -1.0688815073499698 -1.0955869876246915 -1.0704438042609243 -1.0126558560458849 -1.0606207439655966 -1.0671988454852703 -1.0849167392214827 -1.0774621148078911 -1.0417321018603776
leaf_weight=12.587582409381865 71.138912707567215 335.66886425018311 56.834841787815094 11.63397768139839 598.29160633683205 67.896656632423401 135.41187137365341 28.035979002714157 171.64885103702545 56.453399896621704 101.65426400303841 14.685512810945509 165.73650172352791 361.60691285133362 245.4578569829464 97.649124145507812 33.9483283162117 26.700932383537292 44.819422215223312 32.994723588228226 27.463816165924072 18.690652668476105 606.11116510629654 28.417420893907547 29.180304676294327 60.839981645345688 12.969024300575255 128.54591733217239 62.747191101312637 51.303934365510941
leaf_count=66 373 1760 298 61 3137 356 710 147 900 296 533 77 869 1896 1287 512 178 140 235 173 144 98 3178 149 153 319 68 674 329 269
internal_value=-1.06445 -1.07439 -0.998937 -1.03646 -1.07983 -0.988078 -1.07095 -1.01932 -1.07597 -1.05316 -1.01189 -1.00693 -1.08535 -1.08021 -0.979398 -1.05983 -0.994867 -1.04012 -1.03101 -1.03948 -1.01723 -1.02708 -1.0917 -1.04912 -1.06067 -1.04468 -1.02347 -1.08289 -1.07386 -1.06133
internal_weight=3697.13 3210.41 486.72 402.04 2808.37 384.493 1076.62 231.345 839.935 236.685 203.309 191.675 1731.75 959.899 313.355 170.695 148.572 102.226 101.273 73.0461 40.0514 75.5255 771.848 43.1029 261.669 90.0203 46.9174 578.266 242.597 114.051
internal_count=19385 16833 2552 2108 14725 2016 5645 1213 4404 1241 1066 1005 9080 5033 1643 895 779 536 531 383 210 396 4047 226 1372 472 246 3032 1272 598
is_linear=0
shrinkage=1


Tree=1
num_leaves=31
num_cat=1
split_feature=5 5 3 31 29 17 3 8 5 17 16 9 17 16 29 17 29 1 22 17 10 10 8 14 14 7 12 12 17 29
split_gain=2474.96 674.717 231.366 215.528 148.593 130.249 115.661 94.0049 91.7826 76.7949 86.3842 68.9553 68.0704 63.752 58.006 74.7837 54.9992 54.036 47.6404 45.9069 45.1761 43.7817 43.6801 41.9364 82.18 40.7628 39.9796 34.7421 33.0483 32.6133
threshold=0.52643132209777843 -0.94917574524879444 1.3808759450912478 0 75.77988433837892 0.60379037261009227 16.973361015319828 -6.6039657592773429 -0.83753159642219532 -1.2670373916625974 1.0481582283973696 -9.13586378097534 -0.41716000437736506 1.1281398534774782 77.084831237792983 -0.21463730931282041 81.26676177978517 11.457682132720949 1.0000000180025095e-35 -0.66966253519058216 -0.5349999964237212 -0.1950000002980232 -5.8578784465789786 0.14500000327825549 -0.15999999642372129 40.599252700805671 -0.027500000782310959 -0.30349999666213984 -0.053555749356746667 81.26676177978517
decision_type=2 2 2 1 2 2 2 2 2 2 2 2 2 2 2 2 2 2 2 2 2 2 2 2 2 2 2 2 2 2
left_child=1 3 7 9 5 -3 11 -2 12 -1 18 -6 -8 19 15 -10 -9 22 25 -5 -13 -14 -4 24 -21 27 -7 -11 -12 -23
right_child=2 4 17 13 6 26 8 16 14 10 28 20 21 -15 -16 -17 -18 -19 -20 23 -22 29 -24 -25 -26 -27 -28 -29 -30 -31
leaf_value=-0.025497784397225196 0.045240516548075552 -0.0092549352805002295 0.011554126341198083 -0.016650696715108448 -0.01166977317015231 0.0074823900232970659 -0.022498716356555176 0.085225461104951841 -0.02829844686255004 0.049352075759982766 0.048651582653759524 -0.025635357539469897 -0.016055314520358775 -0.029059239559406938 -0.029933977290935217 -0.010406147902162452 0.025595632023773827 0.0072100247194780906 0.025410938621279064 0.0041443172261320807 0.031996115660148726 0.022351693985244048 0.059561732550306314 -0.00098274817451533586 0.066709120216109613 0.024687468346259279 0.042475352058475351 0.087573522050747449 -0.0023623101033129496 -0.017415932742078331
leaf_weight=12.042440891265867 86.148330613970757 432.00713570415974 25.541093930602074 41.380918905138969 138.70178304612637 55.72924630343914 137.28575150668621 266.40251681208611 390.51716411113739 36.611667618155479 16.556021243333817 13.942104026675223 57.698289260268211 45.531091839075089 812.25494568049908 458.17406152188778 15.797780171036718 62.679280713200569 28.993353798985481 40.252980038523674 71.573108568787575 103.12741054594517 54.030042290687561 53.445778161287308 34.849542632699013 17.494498401880264 62.397454470396042 76.22984978556633 32.501890599727631 21.80436946451664
leaf_count=64 440 2284 131 218 729 293 727 1343 2070 186 85 73 304 240 4313 2410 80 326 148 210 373 543 276 281 180 90 325 386 171 115
internal_value=-0.000261699 -0.0100794 0.0609961 0.0245641 -0.0155671 -0.00161513 -0.0190456 0.0735405 -0.0213561 0.0444225 0.0506871 0.00137078 -0.00661671 0.00199205 -0.0241894 -0.0186627 0.0819895 0.0282266 0.0613627 0.0105499 0.0224124 0.00537954 0.0444867 0.0193669 0.0336711 0.0691058 0.0261679 0.0757149 0.0154818 0.0153279
internal_weight=3701.7 3191.1 510.599 435.89 2755.21 550.134 2205.08 368.349 1980.86 220.43 208.387 224.217 319.916 215.46 1660.95 848.691 282.2 142.25 159.329 169.929 85.5152 182.63 79.5711 128.548 75.1025 130.336 118.127 112.842 49.0579 124.932
internal_count=19414 16818 2596 2259 14559 2902 11657 1863 10482 1130 1066 1175 1689 1129 8793 4480 1423 733 810 889 446 962 407 671 390 662 618 572 256 658
cat_boundaries=0 1
cat_threshold=10
is_linear=0
shrinkage=0.03


Tree=2
num_leaves=31
num_cat=1
split_feature=5 5 1 32 17 8 29 1 17 17 9 16 29 2 18 5 16 12 5 14 12 0 5 10 1 10 10 10 18 17
split_gain=2336.43 656.013 201.723 178.449 150.111 113.15 105.045 99.5592 81.1299 78.1878 75.1834 73.028 63.4742 58.4833 53.499 51.4842 57.9353 50.5282 49.5714 48.3891 47.0324 44.3835 44.3024 41.9073 41.663 41.6492 41.6248 41.0636 40.5621 38.8444
threshold=0.52643132209777843 -0.96105405688285817 9.0528583526611346 0 0.86208418011665355 -5.8578784465789786 76.34873199462892 22.464307785034183 0.19942466914653781 -1.2670373916625974 -11.732379436492918 1.1281398534774782 76.34873199462892 46.468376159667976 0.95011851191520702 -0.83753159642219532 -0.76819729804992665 0.13350000232458117 -0.8126716911792754 0.14500000327825549 -0.027500000782310959 15.841536521911623 -0.04725049436092376 0.39499999582767492 1.5648792982101443 -0.37499999999999994 0.37500000000000006 0.2950000017881394 1.3615900278091433 -0.053555749356746667
decision_type=2 2 2 1 2 2 2 2 2 2 2 2 2 2 2 2 2 2 2 2 2 2 2 2 2 2 2 2 2 2
left_child=1 3 5 9 7 8 20 10 23 -1 -3 21 -9 17 19 16 -14 -4 -8 25 28 -11 -20 -2 -12 -5 -7 -16 -6 -13
right_child=2 4 13 14 6 26 18 12 -10 11 24 29 15 -15 27 -17 -18 -19 22 -21 -22 -23 -24 -25 -26 -27 -28 -29 -30 -31
leaf_value=-0.028960406054893601 0.0038538908427408016 -0.013521078144090344 0.050096974008023765 -0.0010245526759054724 0.043010751610951234 0.068713988984478683 0.027156908358312176 -0.013086731326499942 0.067971519867164584 0.077781341064175835 0.032145422546338155 0.051533464164107985 0.022848575957004031 -0.011497728150778196 -0.020072262704170549 -0.02778155203639154 -0.018432190453309932 -0.0073041637965828741 -0.023923681409946804 -0.0019228803983038839 0.041735161939961872 0.044449023504775323 0.0050017046745762682 0.054442496295939988 0.00025265521093051862 0.059321555548895885 0.093987927165798943 0.019096129989879543 -0.0066893457119182702 -0.0085646208146112433
leaf_weight=10.959150224924086 46.369205042719841 385.73373876512051 54.851687729358673 14.442418649792669 19.273479267954826 198.92044495046139 28.891341909766197 639.68482999503613 61.561624452471733 72.955571874976158 53.179730579257011 14.606547594070433 35.792677775025368 33.530026614665985 81.722987577319145 976.75845378637314 183.54649588465691 18.022676303982735 139.7090679705143 41.479491353034973 66.033670172095299 82.52540585398674 71.606547147035599 20.721359208226204 115.40018533170223 34.540823251008987 102.13511894643307 33.084522411227226 53.787064969539642 24.878365457057953
leaf_count=59 233 2050 275 75 101 972 151 3400 307 357 276 73 189 175 433 5250 974 92 746 218 340 412 379 104 607 173 496 175 283 131
internal_value=0.000418971 -0.00935153 0.0582939 0.0259647 -0.0146027 0.0674432 0.00292343 -0.0173841 0.0433277 0.0447217 -0.00622714 0.0512722 -0.0207477 0.021061 0.00462975 -0.0248305 -0.0116227 0.0359943 -0.009085 0.0219853 0.0235781 0.0604865 -0.0141446 0.0200486 0.0104437 0.0418643 0.0775711 -0.00871753 0.00682533 0.0143911
internal_weight=3716.7 3180.59 536.112 411.195 2769.4 429.708 379.301 2390.1 128.652 205.925 554.314 194.966 1835.78 106.404 205.27 1196.1 219.339 72.8744 240.207 90.4627 139.094 155.481 211.316 67.0906 168.58 48.9832 301.056 114.808 73.0605 39.4849
internal_count=19506 16852 2654 2106 14746 2112 2000 12746 644 1032 2933 973 9813 542 1074 6413 1163 367 1276 466 724 769 1125 337 883 248 1468 608 384 204
cat_boundaries=0 1
cat_threshold=120
is_linear=0
shrinkage=0.03


Tree=3
num_leaves=31
num_cat=1
split_feature=5 5 31 1 29 4 8 5 12 9 12 16 12 12 10 5 29 5 14 16 10 14 16 16 2 10 16 26 14 29
split_gain=2206.93 609.189 205.506 199.483 125.483 126.712 119.418 87.9058 68.4813 62.605 59.6892 58.5165 55.1556 53.2496 49.9401 47.9019 47.5112 46.7508 46.7144 45.1715 44.6021 41.9398 45.0592 41.5558 39.8344 37.4138 33.6301 46.1482 32.5719 30.9074
threshold=0.52643132209777843 -0.94917574524879444 0 11.054427146911623 75.77988433837892 57.500000000000007 -6.6039657592773429 -0.83753159642219532 0.028500000014901165 -9.13586378097534 0.12900000065565112 1.1281398534774782 -0.23350000381469724 0.13350000232458117 -0.5349999964237212 0.56202840805053722 77.084831237792983 -0.98097097873687733 -0.37499999999999994 -0.17407006770372388 -0.060000000521540635 0.55000001192092907 -0.61939001083374012 -0.4068677276372909 6.1409459114074716 0.37500000000000006 0.17046115547418597 1.0000000180025095e-35 -0.53999999165534962 77.440567016601577
decision_type=2 2 1 2 2 8 2 2 2 2 2 2 2 2 2 2 2 2 2 2 2 2 2 2 2 2 2 2 2 2
left_child=1 2 10 6 8 7 15 21 -3 -7 19 -4 -5 -14 -11 25 -9 -12 24 20 -1 22 -6 -23 -8 -2 27 -10 -21 -16
right_child=3 4 11 12 5 9 18 16 26 14 17 -13 13 -15 29 -17 -18 -19 -20 28 -22 23 -24 -25 -26 -27 -28 -29 -30 -31
leaf_value=0.0061097204196983784 -0.021278656829071367 -0.011260168482760237 0.0089942344106063114 -0.028446539704295778 0.012244692014872643 -0.0093857957791329046 0.060392288897810134 -0.018359576183583519 -0.0062784642023803782 -0.024524653795060008 0.083807876782908977 -0.028724051022310536 0.042583624144270131 -0.013421414285243015 0.012452190974416319 0.049336372178344877 -0.028762019088546763 0.03345002496167486 0.078724628043080655 0.054278032641017299 0.064471283451408956 -0.0085028463347212764 -0.018283778645531341 0.03964005392871487 0.0017032082240534033 0.04219166597693888 0.023511624159108957 0.041202584281467808 0.0095063415090495297 0.050455077773411537
leaf_weight=15.517439678311346 18.941461935639381 304.47699861228466 175.11512343585491 18.849254578351974 55.199464410543442 165.74761733412743 53.52496100962162 825.31147219240665 122.80740539729595 16.96522082388401 46.596987217664719 45.871434956789017 56.239490523934364 20.296841681003571 40.310253351926804 74.363943532109261 775.13192047178745 28.608966693282127 275.00123117864132 17.416596531867981 51.128269374370575 31.615832090377808 194.5621946901083 31.350863054394722 12.937172845005987 13.41212113201618 98.2657390832901 20.64383727312088 74.198100388050079 37.489836931228638
leaf_count=77 95 1619 909 96 291 883 256 4434 654 90 225 247 282 105 207 365 4231 141 1298 84 250 168 1040 164 63 66 516 105 375 191
internal_value=0.0002716 -0.0092978 0.0228196 0.0560696 -0.0146706 -0.0178994 0.0644432 -0.0205709 -0.00181172 0.00172367 0.0415419 0.00102456 0.016465 0.02775 0.0210496 0.0362237 -0.0234125 0.0653417 0.0731311 0.0325013 0.0511739 -0.00600012 -0.0115148 0.0157123 0.0491628 0.00550897 0.0100873 0.00079239 0.0185119 0.0311727
internal_weight=3717.9 3174.33 454.453 543.566 2719.88 2173.68 448.181 1913.17 546.194 260.513 233.466 220.987 95.3856 76.5363 94.7653 106.718 1600.44 75.206 341.463 158.26 66.6457 312.728 249.762 62.9667 66.4621 32.3536 241.717 143.451 91.6147 77.8001
internal_count=19527 16901 2308 2626 14593 11699 2143 10328 2894 1371 1152 1156 483 387 488 526 8665 366 1617 786 327 1663 1331 332 319 161 1275 759 459 398
cat_boundaries=0 1
cat_threshold=10
is_linear=0
shrinkage=0.03


Tree=4
num_leaves=31
num_cat=1
split_feature=5 5 31 3 0 17 12 7 8 17 17 28 5 5 18 12 17 17 17 18 17 14 4 5 14 12 17 29 14 17
split_gain=1892.21 578.553 172.517 159.685 142.7 95.5711 90.2093 86.0196 80.518 80.3813 70.82 73.7077 72.5832 53.3556 52.2228 49.3325 47.7056 44.8828 43.1145 41.5421 40.6553 39.8044 36.8963 36.4075 35.3048 34.8737 34.2012 51.1102 32.796 31.2006
threshold=0.52643132209777843 -0.94917574524879444 0 3.603879570960999 15.841536521911623 0.40543007850646978 0.056499999016523368 -17.353397369384762 -6.6039657592773429 -1.2670373916625974 -0.2980938702821731 20.863806724548343 -0.83753159642219532 -0.98097097873687733 1.0292861461639407 -0.10600000247359274 0.97211340069770824 -0.87325549125671376 0.17250502109527591 0.95011851191520702 1.0372433662414553 -0.070000002160668359 12.500000000000002 -0.98097097873687733 0.34499999880790716 -0.19300000369548795 0.86208418011665355 76.151096343994155 0.14500000327825549 -0.28556217253208155
decision_type=2 2 1 2 2 2 2 2 2 2 2 2 2 2 2 2 2 2 2 2 2 2 10 2 2 2 2 2 2 2
left_child=1 2 9 8 5 7 -7 29 17 -1 -6 15 -13 -11 -8 -12 -15 -2 24 23 -21 -10 -23 28 -5 -9 -17 -28 -4 -3
right_child=3 4 19 18 10 6 14 25 21 13 11 12 -14 16 -16 26 -18 -19 -20 20 -22 22 -24 -25 -26 -27 27 -29 -30 -31
leaf_value=-0.027151430496487935 -0.016241758869209179 -0.024747080014286878 0.051561034027490606 -0.010111454854872514 -0.026916527167244932 -0.0050506095365473727 -0.004054785023909188 0.018549788241562712 0.052222283188759176 0.057544800190800882 -0.015798703060152203 0.0041419596119399169 -0.024917982888862534 0.015997297186383846 0.040204194671501589 -0.00024328409775333518 0.077368792667923666 0.043091509217143317 0.03973670240381795 -0.016719500705831787 0.028721675194298874 0.023880133954530317 0.078221813619375635 -0.0076089417116065421 0.042988640220624277 -0.0053239384836041405 0.067722937467792579 0.00080957746197666473 0.0058141459439962446 -0.0087544931363584492
leaf_weight=13.835105419158934 12.561828181147574 292.48809190094471 31.862689048051834 48.3304603099823 705.99699780344963 171.43507669866085 32.350005447864532 86.200998932123184 123.38436056673527 134.26911430060863 172.63192291557789 89.938261568546295 540.64927530288696 69.573766812682152 90.018705606460571 165.00495909154415 12.855774864554403 92.042294591665268 48.057115256786346 104.05066139996052 20.37305374443531 13.080757334828375 195.15219660103321 32.613078460097313 13.607939243316649 148.59778447449207 17.301738157868385 23.476926431059837 25.204289317131042 177.93051072955132
leaf_count=74 63 1593 157 244 3869 912 170 452 575 639 927 476 2971 343 460 886 62 444 238 557 106 62 892 167 67 783 88 125 132 958
internal_value=-0.000257921 -0.00917779 0.0225087 0.0512464 -0.0143754 -0.00535499 0.0089999 -0.0113397 0.0593849 0.0396724 -0.0196237 -0.0144994 -0.0207733 0.0458663 0.0285656 -0.00401745 0.0263815 0.0358799 0.0187263 0.00199244 -0.00910932 0.066669 0.0749386 0.0175455 0.00205237 0.00348225 0.00589446 0.0301413 0.0318045 -0.0187295
internal_weight=3704.88 3158.66 444.638 546.217 2714.02 999.021 293.804 705.217 436.221 230.534 1715 1009 630.588 216.699 122.369 378.416 82.4295 104.604 109.996 214.104 124.424 331.617 208.233 89.6801 61.9384 234.799 205.784 40.7787 57.067 470.419
internal_count=19492 16907 2237 2585 14670 5328 1542 3786 2036 1118 9342 5473 3447 1044 630 2026 405 507 549 1119 663 1529 954 456 311 1235 1099 213 289 2551
cat_boundaries=0 1
cat_threshold=10
is_linear=0
shrinkage=0.03


Tree=5
num_leaves=31
num_cat=2
split_feature=5 5 1 31 17 29 5 5 10 14 18 4 17 7 16 17 18 16 12 9 29 31 10 8 14 10 10 5 17 18
split_gain=1818.49 574.568 160.696 132.613 119.579 118.646 75.3704 72.6638 64.1011 49.9353 49.1161 48.5676 48.0839 47.0195 44.7786 57.4618 44.1075 42.7269 41.3747 41.3563 38.4779 37.6433 50.5298 36.1208 34.9707 35.5221 33.2065 33.1413 32.8546 32.6161
threshold=0.52643132209777843 -0.96105405688285817 15.98741674423218 0 0.054722087457776077 76.34873199462892 0.56202840805053722 0.25061884522438055 0.2950000017881394 0.49499998986721044 0.95011851191520702 61.500000000000007 0.86208418011665355 40.599252700805671 1.0481582283973696 -1.2080913782119749 0.64485144615173351 0.74319502711296093 0.056499999016523368 -6.6754589080810538 77.084831237792983 1 -0.32500000298023218 104.44287490844728 0.14500000327825549 -0.37499999999999994 0.35999999940395361 -0.83753159642219532 0.4625417441129685 0.57016858458518993
decision_type=2 2 2 1 2 2 2 2 2 2 2 10 2 2 2 2 2 2 2 2 2 1 2 2 2 2 2 2 2 2
left_child=1 3 6 13 7 12 8 9 19 -3 24 20 -6 14 15 -1 29 23 -14 -2 -7 26 -23 -11 25 -5 -9 -22 -12 -8
right_child=2 4 -4 10 5 11 16 21 -10 17 28 -13 18 -15 -16 -17 -18 -19 -20 -21 27 22 -24 -25 -26 -27 -28 -29 -30 -31
leaf_value=-0.0095395225591958909 -0.021006814044979963 -0.024905965543254534 0.0089829338173377064 -0.001336759578440039 -0.0012006376009315106 -0.0071540428107528696 0.048431862000884424 0.0025675478802063829 0.061214183553916647 -0.021188421127772167 -0.021216727691119056 0.011373904099356244 0.0080972491897736403 0.0033564677014986458 0.016252929350764271 0.05825355366787089 0.065328044427029969 0.011300848465261278 0.041945395776228474 0.031093081749531588 -0.0022168415800957698 0.011421885128059691 -0.020022324340162274 0.031561931280697668 0.00019992165922025836 0.05448454618815686 0.051933630276645389 -0.026627785349369232 0.011597239020952707 -0.004123194374651998
leaf_weight=11.933505743741987 22.587420254945755 1116.0462344139814 77.518360987305641 14.446408823132513 266.63392449915409 232.13080032169819 41.910389587283134 44.640347525477409 35.241913557052612 158.76596584916115 68.973709419369698 59.923789724707603 90.29594960808754 27.029625356197357 38.48025219142437 141.73390185832977 341.86210697889328 63.376702219247818 50.346292361617088 31.940595060586929 59.743131622672081 62.33958488702774 168.76143531501293 11.730503499507902 39.167607039213181 34.0097426623106 15.968031734228132 313.87349800765514 44.375715404748917 13.929165691137312
leaf_count=63 112 6170 388 74 1422 1247 193 235 162 872 372 313 475 133 191 655 1557 345 249 148 313 335 908 63 205 163 83 1755 235 66
internal_value=-0.000255371 -0.00918856 0.0492372 0.0234207 -0.0142424 -0.00644564 0.055607 -0.0193313 0.0302661 -0.0222641 0.00441797 -0.0142408 0.00629881 0.0387837 0.0457321 0.0529612 0.0612367 -0.00960466 0.0204246 0.00952183 -0.0167893 -0.0057298 -0.0110514 -0.0173962 0.0213811 0.0381518 0.0139424 -0.0227407 -0.00838115 0.0354801
internal_weight=3699.72 3134.73 564.99 420.15 2714.58 1072.95 487.472 1641.63 89.7699 1349.92 200.973 665.671 407.276 219.177 192.148 153.667 397.702 233.873 140.642 54.528 605.747 291.709 231.101 170.496 87.6238 48.4562 60.6084 373.617 113.349 55.8396
internal_count=19502 16876 2626 2091 14785 5774 2238 9011 422 7450 1049 3628 2146 1042 909 718 1816 1280 724 260 3315 1561 1243 935 442 237 318 2068 607 259
cat_boundaries=0 1 2
cat_threshold=10 8
is_linear=0
shrinkage=0.03


Tree=6
num_leaves=31
num_cat=1
split_feature=2 6 6 17 28 31 9 12 14 29 16 17 14 4 16 10 6 2 4 17 28 16 14 10 16 4 10 14 12 12
split_gain=1147.52 541.929 505.81 177.573 199.029 149.309 147.182 88.0561 77.9608 66.6212 56.9956 79.4669 50.5714 49.8471 46.8998 40.6537 40.4959 48.1646 37.5106 36.8142 35.4415 33.7074 32.5135 31.1945 30.816 30.7615 30.1356 61.4318 39.7203 35.952
threshold=15.763494014739992 -0.82436862587928761 -0.31473593413829798 0.069999270141124739 22.590013504028324 0 -10.897905826568602 -0.10150000080466269 0.39499999582767492 75.77988433837892 1.0481582283973696 -0.34192450344562525 0.76499998569488536 39.500000000000007 0.64686599373817455 0.35999999940395361 -0.54638096690177906 42.127584457397468 91.500000000000014 -1.2670373916625974 24.994574546813968 0.28545708954334265 0.52500000596046459 -0.55500000715255726 0.74319502711296093 10.500000000000002 -0.044999999925494187 0.14500000327825549 0.12299999967217447 -0.2145000025629997
decision_type=2 2 2 2 2 1 2 2 2 2 2 2 2 10 2 2 2 2 10 2 2 2 2 2 2 10 2 2 2 2
left_child=1 6 3 13 7 10 -1 8 -5 -9 11 25 -10 22 19 20 17 -6 21 -7 -8 -15 -2 -3 -24 -4 28 -28 -21 -29
right_child=2 23 5 4 16 14 15 9 12 -11 -12 -13 -14 18 -16 -17 -18 -19 -20 26 -22 -23 24 -25 -26 -27 27 29 -30 -31
leaf_value=-0.011423174345557513 -0.023256912946567482 0.040592769042240649 -0.00093151683614579514 -0.015709392049037284 0.0096739872081571046 -0.03489980664140243 0.0043342225973844826 0.038645891075965728 0.05538115742851786 0.0091847690564422976 0.0091464626303747187 0.058859434818457131 -0.0045116214350253347 0.0030952778348749383 -0.019132617967762756 0.051367208768907623 0.0040506291525119484 -0.02346972206106487 -0.012634446068313692 -0.024594890417389558 0.040109574928587029 0.066597143530801442 -0.017192763225713757 0.06329332575021876 0.0085716221159170096 0.041257611235495109 0.055685672078888554 -0.035292327208807345 0.029299700489935989 0.019586487369444003
leaf_weight=185.0488662570715 1195.6938879042864 75.705969199538231 36.039502531290054 157.14972342550755 43.228436037898064 13.336483731865881 67.192115649580956 109.06494976580143 25.773116409778595 187.90230429172516 49.835148066282272 127.89459332823753 23.852446630597115 19.073201388120655 65.455429956316948 46.658430650830269 71.533324062824249 399.75679257512093 54.015314146876335 29.840178787708282 38.8825314193964 11.535642996430395 160.13649880886078 301.39647459983826 55.710385039448738 26.307148188352585 35.998189300298691 13.561073780059813 19.489671871066093 40.116977989673615
leaf_count=983 6675 346 175 845 226 72 333 552 132 989 247 583 128 100 357 223 376 2231 289 156 191 58 884 1342 302 124 173 72 98 209
internal_value=8.51034e-05 0.0341835 -0.00812483 -0.0134065 -0.00373725 0.0208455 0.00654711 0.00965789 -0.00536077 0.0200981 0.0364182 0.0453814 0.0270733 -0.0199803 0.00184327 0.0282523 -0.0168451 -0.0202209 0.00235777 0.011042 0.0177001 0.0283772 -0.0213202 0.0588554 -0.0105341 0.0172405 0.0156675 0.0259353 -0.00314266 0.00533016
internal_weight=3687.18 714.884 2972.3 2514.43 1018.26 457.874 337.782 503.743 206.775 296.967 240.076 190.241 49.6256 1496.16 217.798 152.733 514.519 442.985 84.6242 152.343 106.075 30.6088 1411.54 377.102 215.847 62.3467 139.006 89.6762 49.3299 53.6781
internal_count=19471 3418 16053 13787 5479 2266 1730 2646 1105 1541 1129 882 260 8308 1137 747 2833 2457 447 780 524 158 7861 1688 1186 299 708 454 254 281
cat_boundaries=0 1
cat_threshold=10
is_linear=0
shrinkage=0.03


Tree=7
num_leaves=31
num_cat=2
split_feature=3 6 3 8 29 31 6 17 17 6 28 17 12 6 10 32 14 6 6 12 10 28 17 18 6 10 29 17 10 12
split_gain=1377.89 439.008 179.764 167.309 157.884 138.305 114.018 97.6274 79.4954 75.0246 66.322 58.6578 55.7884 44.6981 54.4152 44.3037 43.695 43.5296 41.8213 41.0573 38.295 37.2147 34.2099 33.5718 37.6457 33.5424 36.5499 32.434 32.2812 31.9725
threshold=1.196043908596039 -0.31473593413829798 30.226166725158695 -10.485037803649901 75.77988433837892 0 -0.85020262002944935 0.66239419579505932 -0.28556217253208155 -0.54638096690177906 20.863806724548343 -1.2670373916625974 0.13350000232458117 -0.18987156450748441 0.2950000017881394 1 0.49499998986721044 -0.86977231502532948 -0.92772412300109852 -0.027500000782310959 -0.55500000715255726 26.140346527099613 0.20819161087274554 0.95011851191520702 -0.18987156450748441 -0.4849999994039535 81.26676177978517 0.67499551177024852 0.37500000000000006 0.12900000065565112
decision_type=2 2 2 2 2 1 2 2 2 2 2 2 2 2 2 1 2 2 2 2 2 2 2 2 2 2 2 2 2 2
left_child=3 2 6 21 7 11 15 16 -6 10 19 -3 28 14 -13 18 -4 -5 -2 -10 -19 -1 23 24 -7 -11 27 -27 -8 -15
right_child=1 5 4 17 8 22 12 -9 9 25 -12 13 -14 29 -16 -17 -18 20 -20 -21 -22 -23 -24 -25 -26 26 -28 -29 -30 -31
leaf_value=-0.010494489425622255 -0.0043689626361532608 -0.022845354284207951 -0.011398652335648889 0.019720959436946378 -0.026180345288325121 -0.017524318146818013 0.028747428901895373 0.025126470712649548 -0.017162415505483322 -0.023842229867883671 -0.022722816387026615 0.0090348886777701087 -0.0046324424385085052 0.038826281286691307 0.063149378800332182 -0.014828192118011034 0.015640486281835477 0.034691984714773749 0.031052492502781501 0.0040119443359112475 0.060997603486066865 0.043936132551616526 0.015696087392464017 -0.021594078106446733 0.031352529544758923 0.0089976905090081542 -0.022472226191532232 0.045729712909742759 0.066824669799424211 0.0692465753209274
leaf_weight=49.546630859375 78.393014580011368 13.726982578635214 310.45471850037575 32.167378649115562 744.66066713631153 25.089970842003822 81.284574434161186 111.41520881652832 153.67947252094746 27.504064813256264 587.20336847007275 68.027733832597733 34.78838700056076 95.155214726924896 21.370640471577644 151.76181688904762 64.107394054532051 64.190091520547867 47.388774007558823 175.76528571546078 329.83086556196213 13.563423886895178 91.981884598731995 71.923001021146774 30.244758322834969 78.750454738736153 21.966814503073692 29.20450522005558 27.321969896554947 51.030395776033401
leaf_count=256 420 74 1706 163 4243 129 383 562 841 147 3333 327 169 435 97 819 346 289 242 948 1446 64 470 396 150 420 118 149 124 227
internal_value=0.000500986 -0.00668474 -0.0112968 0.0473282 -0.0145885 0.0201114 0.00671793 0.000601146 -0.0186454 -0.0134019 -0.0166852 0.034713 0.0283409 0.0396165 0.0225264 -0.0045154 -0.0067415 0.0540641 0.00844942 -0.00588752 0.0568108 0.00170643 0.00176833 -0.00820467 0.00927302 0.00570044 0.0120889 0.0192631 0.0388487 0.0498437
internal_weight=3683.5 3194.2 2725.65 489.298 2304.71 468.551 420.939 485.977 1818.73 1074.07 916.648 249.311 143.395 235.584 89.3984 277.544 374.562 426.188 125.782 329.445 394.021 63.1101 219.24 127.258 55.3347 157.426 129.922 107.955 108.607 146.186
internal_count=19493 17275 14970 2218 12813 2305 2157 2614 10199 5956 5122 1160 676 1086 424 1481 2052 1898 662 1789 1735 320 1145 675 279 834 687 569 507 662
cat_boundaries=0 1 2
cat_threshold=10 104
is_linear=0
shrinkage=0.03


Tree=8
num_leaves=31
num_cat=1
split_feature=5 5 1 31 17 29 5 7 17 5 2 28 17 16 16 28 0 17 3 17 1 10 16 14 17 14 14 16 11 17
split_gain=1443.95 464.23 124.181 117.893 111.942 107.154 81.2776 79.0242 64.2457 56.1167 63.9618 54.3306 54.0068 65.0161 51.1553 43.9054 40.8688 40.749 37.9308 37.218 39.625 33.0764 30.3317 29.7744 29.2695 28.0993 40.822 29.3712 32.4234 27.6544
threshold=0.52643132209777843 -0.94917574524879444 15.98741674423218 0 -0.28556217253208155 76.34873199462892 0.33273787796497351 -4.5858092308044425 1.7078151702880862 -0.83753159642219532 48.68263244628907 20.863806724548343 -1.2670373916625974 1.0481582283973696 1.1281398534774782 18.543931961059574 35.539224624633796 0.97211340069770824 0.050898358225822456 0.20819161087274554 33.797277450561531 0.37500000000000006 -0.60845366120338429 -0.53999999165534962 -1.0458313822746275 -0.92500001192092884 -0.3299999982118606 -0.4701900035142898 76.500000000000014 0.17250502109527591
decision_type=2 2 2 1 2 2 2 2 2 2 2 2 2 2 2 2 2 2 2 2 2 2 2 2 2 2 2 2 2 2
left_child=1 3 7 12 6 8 -3 17 16 23 -11 -8 -1 -14 19 -12 25 -2 -9 20 -5 -20 24 -7 -13 -6 27 -27 -29 -4
right_child=2 4 29 14 5 9 11 18 -10 10 15 22 13 -15 -16 -17 -18 -19 21 -21 -22 -23 -24 -25 -26 26 -28 28 -30 -31
leaf_value=-0.02222941519794162 0.013781622200114019 -0.023459258427412505 -0.012156844382567512 0.026821720040867508 -0.025090990044854187 -0.020260931740636905 -0.020791057968254981 0.061114268392811227 0.044927996099293654 0.0018244226902346559 -0.0064903495260707541 0.0065434822740186365 0.046946621958236422 0.0078624392513676061 -0.026867076860852712 -0.024904330640106352 -0.01031607207728275 0.057747272520123259 0.032133407667863101 0.026613875471657885 -0.013421248377955533 0.066142644070328604 0.0033593329419440991 0.012802069682574054 0.069487597012508173 0.05622805087237244 0.0039407140593725395 0.04525268705012505 -0.014945676779469745 0.024990877806571374
leaf_weight=13.382165402173994 78.938023164868355 968.53785678744316 36.517950370907784 30.259154766798019 22.39016056060791 31.814979732036591 68.593205645680428 267.70656299591064 29.553309246897697 136.485610216856 151.89433990418911 12.532658949494364 176.46134969592094 49.429264783859253 41.30799201130867 512.220429033041 204.72691796720028 24.41414250433445 105.24062918126583 70.130024164915085 73.526236370205879 35.541394948959351 68.895602107048035 96.181982606649399 13.734897091984747 24.305807217955589 256.40673817694187 13.525717303156854 17.267639070749283 33.823244258761406
leaf_count=73 366 5547 186 153 122 172 377 1144 147 728 832 65 786 241 231 2952 1114 109 474 348 392 153 361 505 70 129 1352 72 92 164
internal_value=-1.75262e-05 -0.00820224 0.043273 0.0197643 -0.0130426 -0.00765039 -0.0201574 0.0484008 0.00260919 -0.0139239 -0.0168699 -0.000604957 0.0335953 0.0384666 0.00262812 -0.0207088 0.000208279 0.0246212 0.0543425 0.00989755 -0.00154421 0.0411252 0.01401 0.00449056 0.0407973 0.00667277 0.00902885 0.0322144 0.0120876 0.00580539
internal_weight=3665.75 3083.56 582.182 454.496 2629.07 1496.77 1132.29 511.841 568.176 928.597 800.6 163.756 239.273 225.891 215.223 664.115 538.623 103.352 408.489 173.915 103.785 140.782 95.1632 127.997 26.2676 333.896 311.506 55.0992 30.7934 70.3412
internal_count=19457 16861 2596 2224 14637 8217 6420 2246 3028 5189 4512 873 1100 1027 1124 3784 2881 475 1771 893 545 627 496 677 135 1767 1645 293 164 350
cat_boundaries=0 1
cat_threshold=10
is_linear=0
shrinkage=0.03


Tree=9
num_leaves=31
num_cat=2
split_feature=1 8 6 17 32 6 17 31 11 6 12 14 4 12 10 10 16 18 14 14 10 10 6 16 16 10 14 11 16 16
split_gain=969.831 483.79 326.038 131.201 146.464 111.215 97.0743 91.9732 72.488 52.4486 42.7925 58.8273 49.8841 42.1494 40.461 38.3378 37.1571 42.5333 36.7704 36.0256 36.0144 35.0227 33.9566 33.9214 32.607 31.8923 39.7484 40.6485 35.7445 30.263
threshold=12.301986217498781 -7.4831807613372794 -0.27338597923517222 0.069999270141124739 0 -0.85020262002944935 -0.34192450344562525 1 74.500000000000014 -0.27338597923517222 -0.027500000782310959 0.39499999582767492 2.5000000000000004 0.32000000774860388 -0.5349999964237212 1.1200000047683718 0.80920153856277477 0.99649500846862804 0.47499999403953558 0.49499998986721044 0.19500000029802325 -0.5349999964237212 -0.54638096690177906 0.80920153856277477 0.97266927361488353 -0.34499999880790705 -1.0099999904632566 76.500000000000014 -1.4215446114540098 0.49182637035846716
decision_type=2 2 2 2 1 2 2 1 2 2 2 2 10 2 2 2 2 2 2 2 2 2 2 2 2 2 2 2 2 2
left_child=1 6 3 19 10 21 9 13 -8 -1 11 -5 -12 -4 -7 16 17 -14 -13 25 -10 -3 -6 -23 -21 26 -2 29 -29 -28
right_child=2 5 7 4 22 14 8 -9 20 -11 12 18 15 -15 -16 -17 -18 -19 -20 24 -22 23 -24 -25 -26 -27 27 28 -30 -31
leaf_value=-0.017184969608289136 -0.032081491694840342 -0.023467629610760949 0.024710361533923864 -0.010104206775478627 -0.022503296829530093 0.034534995872657716 -0.0033385129238102389 0.00080800961027941061 0.013994130855647605 0.025715845667894761 -0.0036387191700220077 0.064910575455833439 0.015844507827447472 0.058602408270728247 0.057614520285436212 -0.024732251389263278 -0.0081006742365572135 0.048852525952584137 0.0097029483937441322 -0.014275106638444992 0.043026586837948182 0.034492083059831639 0.0012127315013640955 -0.011905697678496641 0.013347370991108621 -0.024663803077862655 -0.0020618298964332465 0.014193584104614186 -0.02830157083179205 0.036139702923538561
leaf_weight=184.64366288483143 74.135956332087517 15.614338770508764 138.16271534562111 218.55409370362759 340.36220355331898 94.279445230960846 104.91236421465874 174.3421077132225 77.026375114917755 28.851761698722839 96.855238392949104 13.70695701241493 70.829425498843193 43.952253118157387 320.92195895314217 13.218931809067724 23.001087665557861 71.602068901062012 43.30286805331707 184.82330578565598 78.736547991633415 64.051203072071075 64.503395989537239 17.586982578039169 47.653077557682991 823.15395630896091 94.207668855786324 21.609668284654617 88.04399299621582 22.245735228061676
leaf_count=1012 429 82 634 1183 1977 413 550 911 380 137 514 69 369 191 1358 70 118 357 232 1044 372 318 336 88 258 4754 542 121 504 125
internal_value=0.000134125 0.0255329 -0.00926343 -0.0133817 -0.00486293 0.0457109 0.00367551 0.0174086 0.0159324 -0.0112945 0.00524636 -0.00301527 0.0136805 0.031448 0.0524694 0.023038 0.0269807 0.032663 0.0238667 -0.0193798 0.0288506 0.016616 -0.0182808 0.0244737 -0.00858013 -0.021605 -0.013165 -0.00684867 -0.0198744 0.00548125
internal_weight=3654.89 986.625 2668.27 2311.81 955.936 512.454 474.171 356.457 260.675 213.495 551.071 275.564 275.507 182.115 415.201 178.652 165.433 142.431 57.0098 1355.87 155.763 97.2525 404.866 81.6382 232.476 1123.4 300.243 226.107 109.654 116.453
internal_count=19448 4710 14738 13002 5225 2259 2451 1736 1302 1149 2912 1484 1428 825 1771 914 844 726 301 7777 752 488 2313 406 1302 6475 1721 1292 625 667
cat_boundaries=0 1 2
cat_threshold=12 10
is_linear=0
shrinkage=0.03


Tree=10
num_leaves=31
num_cat=1
split_feature=5 5 31 29 3 5 17 28 5 16 8 17 17 17 5 10 17 10 29 16 17 14 18 10 18 14 10 17 29 16
split_gain=1267.96 447.173 123.186 112.117 104.943 103.9 84.8608 72.674 69.9662 52.7833 50.614 48.1428 46.048 43.7251 45.6489 43.0741 42.9979 42.4358 40.6702 39.8933 47.6105 39.3443 35.9915 35.8173 53.7433 34.3831 31.8673 31.4341 30.7338 30.58
threshold=0.52643132209777843 -0.94917574524879444 0 75.77988433837892 3.603879570960999 0.4124008715152741 -0.25784449279308314 20.863806724548343 -0.85957497358322132 0.64686599373817455 -5.8578784465789786 -0.34192450344562525 -0.41716000437736506 1.7941562533378603 0.081451712176203742 0.37500000000000006 0.21617750078439715 -0.5349999964237212 81.26676177978517 1.0481582283973696 -0.34192450344562525 0.12999999895691874 1.0018550157546999 -0.32500000298023218 0.98537755012512218 -0.84999999403953541 -0.5349999964237212 -1.2670373916625974 77.084831237792983 -0.5375225543975829
decision_type=2 2 1 2 2 2 2 2 2 2 2 2 2 2 2 2 2 2 2 2 2 2 2 2 2 2 2 2 2 2
left_child=1 2 19 6 10 8 -3 -7 12 11 16 -4 -5 14 28 -6 -2 -9 26 20 27 29 -23 24 -16 -8 -12 -1 -10 -14
right_child=4 3 9 5 15 7 25 17 13 -11 18 -13 21 -15 23 -17 -18 -19 -20 -21 -22 22 -24 -25 -26 -27 -28 -29 -30 -31
leaf_value=-0.020331906634340976 0.012028829229958472 -0.014005268875170059 -0.012426293637388812 -0.01858777629066441 0.004947625808210526 -0.023221872187554199 -0.022437040289811354 -0.024274089249759684 -0.019086504876702399 -0.02025240091244971 0.034711129293741566 0.023128097384918812 0.019141433413351099 0.012439962688572476 -0.021778280458781336 0.049408357562948084 0.046376816640544515 0.032524967353485819 0.006220619863189559 0.010565775878836055 0.050777312157571239 0.0040207820632269485 0.045248066298633968 -0.018149611480268724 0.017924739475690701 0.013042814144351891 0.058794507117632622 0.029460459844862095 -0.028777991322954641 -0.019817847177485619
leaf_weight=13.544672995805739 65.40320859849453 239.10453817248344 50.418580651283264 109.59749980270863 94.943389981985092 41.318573549389839 26.085037723183632 13.148097440600393 611.3218831717968 67.368283554911613 67.291606664657593 102.73495629429817 25.396052807569504 35.47878760099411 51.828577384352684 23.809797748923302 66.762668579816818 78.844621852040291 17.066390171647072 53.154143482446671 129.3061054199934 44.408859699964523 32.673448741436005 270.9402394592762 72.209610477089882 274.41926597058773 268.28915773332119 55.392226099967957 589.29487301409245 57.323620423674583
leaf_count=74 297 1357 271 639 463 224 144 71 3481 375 289 503 134 195 294 108 290 396 76 255 557 240 164 1525 397 1432 1116 247 3526 314
internal_value=-5.88197e-05 -0.00793489 0.0188828 -0.0128582 0.0396275 -0.0160823 -0.000699571 0.00946157 -0.0178781 0.00162243 0.0458138 0.0114188 -0.00369865 -0.0202164 -0.0209499 0.0142001 0.0295974 0.0242332 0.0517906 0.0326009 0.0400627 0.00656489 0.0218518 -0.0120559 0.00129359 0.00989881 0.0540827 0.0195265 -0.0238633 -0.00777106
internal_weight=3648.88 3045.31 471.919 2573.39 603.566 2033.78 539.609 133.311 1900.47 220.522 484.813 153.154 269.399 1631.07 1595.6 118.753 132.166 91.9927 352.647 251.397 198.243 159.802 77.0823 394.978 124.038 300.504 335.581 68.9369 1200.62 82.7197
internal_count=19454 16815 2282 14533 2639 11600 2933 691 10909 1149 2068 774 1491 9418 9223 571 587 467 1481 1133 878 852 404 2216 691 1576 1405 321 7007 448
cat_boundaries=0 1
cat_threshold=10
is_linear=0
shrinkage=0.03


Tree=11
num_leaves=31
num_cat=0
split_feature=5 5 1 8 29 5 1 17 28 17 28 17 29 17 17 1 29 18 12 14 10 17 12 7 10 12 1 17 2 15
split_gain=1184.86 334.82 162.326 98.5397 85.6953 101.767 83.8807 79.0809 72.4547 65.17 52.7723 46.9845 46.9841 45.4959 42.3027 40.4539 36.0425 32.3193 32.2341 31.6659 36.4766 30.161 29.7283 27.1828 26.8452 25.8809 25.7586 25.2986 25.0866 24.8174
threshold=0.56202840805053722 -0.97269129753112782 22.464307785034183 -7.2034235000610343 75.77988433837892 -0.83753159642219532 12.784722328186037 -1.2670373916625974 22.590013504028324 0.60379037261009227 24.994574546813968 0.86208418011665355 77.084831237792983 0.92455279827117931 -0.18673217296600339 1.0000000180025095e-35 84.152141571044936 0.64485144615173351 -0.23350000381469724 0.55000001192092907 1.4200000166893008 1.7941562533378603 0.056499999016523368 -10.938724517822264 -0.87499999999999989 0.028500000014901165 0.29559853672981268 -0.76896089315414418 210.87500762939456 43.500000000000007
decision_type=2 2 2 2 2 2 2 2 2 2 2 2 2 2 2 2 2 2 2 2 2 2 2 2 2 2 2 2 2 2
left_child=1 7 3 9 11 13 17 -1 -9 24 15 25 14 19 -7 -5 -10 26 -8 23 28 29 -11 -6 -3 -4 -2 -26 -21 -16
right_child=6 2 4 10 5 12 18 8 16 22 -12 -13 -14 -15 21 -17 -18 -19 -20 20 -22 -23 -24 -25 27 -27 -28 -29 -30 -31
leaf_value=-0.031198951069211847 0.046258797258762425 0.034599292228986084 -0.013205900959257704 0.040875588177537871 -0.0010722933594763031 -0.02395016422113861 -0.02831197614691143 0.009152686266214103 0.043502881747000517 0.0011686186291821055 0.044528310446793076 0.023331163091446588 -0.026891243950411845 0.027059248283168913 -0.020029442028120719 0.00034887814392790215 -0.00016787630621519574 0.051919513632010354 0.022444405666206667 -0.0038423842999785853 -0.018367191835892818 0.036308187834572798 0.031419417650868885 -0.020319749538647024 -0.021195107040660917 0.0035781114454230337 0.0068298880013800949 -0.0056672259143531294 0.04653441060636012 -0.003721785749337615
leaf_weight=22.625487565994263 30.262309893965721 11.160826608538626 192.13852152228355 27.978275939822197 123.04810293018818 293.23902280628681 13.323462963104246 132.33977662026882 153.68939329683781 61.109191834926605 58.001276135444641 56.422079354524612 658.09796264767647 38.698079869151115 139.14301469922066 94.395631104707718 19.101517587900162 360.45289334654808 52.887937173247337 13.18584358692169 21.331915751099586 12.028277292847632 55.199929848313332 141.82440850138664 138.77801989018917 143.97852165997028 29.287422388792038 294.60261170566082 25.463311955332756 211.06752291321754
leaf_count=126 128 59 1077 126 671 1747 67 672 667 316 274 278 3990 189 779 464 99 1507 252 70 115 63 270 782 780 785 128 1612 131 1175
internal_value=3.26893e-05 -0.00672206 -0.0100695 0.00197549 -0.0143821 -0.0173339 0.0435608 0.0219293 0.0259578 -0.00423378 0.0211992 -0.00175864 -0.0212192 -0.0032758 -0.0154922 0.00987069 0.038702 0.048502 0.0119616 -0.00696141 0.0125739 -0.00859826 0.015671 -0.0114159 -0.00946511 -0.00602704 0.0273001 -0.0106769 0.029684 -0.0102396
internal_weight=3624.86 3138.65 2810.89 741.226 2069.67 1677.13 486.214 327.756 305.131 560.851 180.375 392.539 1313.58 363.552 655.478 122.374 172.791 420.003 66.2114 324.854 59.9811 362.239 116.309 264.873 444.541 336.117 59.5497 433.381 38.6492 350.211
internal_count=19399 17317 15753 3901 11852 9712 2082 1564 1438 3037 864 2140 7754 1958 3764 590 766 1763 319 1769 316 2017 586 1453 2451 1862 256 2392 201 1954
is_linear=0
shrinkage=0.03


Tree=12
num_leaves=31
num_cat=2
split_feature=5 5 4 10 31 2 29 5 28 5 5 12 3 2 12 22 12 28 32 18 10 18 27 18 10 10 14 3 10 5
split_gain=1104.91 388.925 99.7357 98.5964 81.4782 80.1058 62.805 57.2056 70.4904 54.058 45.9993 38.7674 36.7373 34.0126 35.7522 33.1202 39.0005 32.4972 30.1611 29.9307 33.1908 29.0179 28.3581 27.6245 41.2464 43.285 38.581 28.6015 27.5179 27.428
threshold=0.52643132209777843 -0.94917574524879444 2.5000000000000004 0.37500000000000006 0 6.6270833015441903 75.77988433837892 0.4124008715152741 20.863806724548343 0.56202840805053722 -0.85957497358322132 0.028500000014901165 541.47454833984386 42.127584457397468 0.13350000232458117 1.0000000180025095e-35 0.32000000774860388 22.590013504028324 1 1.5407053232192995 -0.22500000149011609 1.7400228381156924 1.0000000180025095e-35 0.95011851191520702 0.2950000017881394 0.38499999046325689 0.14500000327825549 480.61811828613287 -0.46499998867511744 -0.73172146081924427
decision_type=2 2 10 2 1 2 2 2 2 2 2 2 2 2 2 2 2 2 1 2 2 2 2 2 2 2 2 2 2 2
left_child=1 4 22 5 12 9 11 10 -9 17 -8 -4 -1 14 -7 16 19 -2 -12 -14 -21 -22 -3 26 -25 -26 27 -6 -10 -24
right_child=3 2 6 -5 23 13 7 8 28 -11 18 -13 15 -15 -16 -17 -18 -19 -20 20 21 -23 29 24 25 -27 -28 -29 -30 -31
leaf_value=0.059201297908617695 -0.027238000920035883 -0.021458175222831985 -0.0058265177558764437 0.05485965750966481 0.065994171073980201 0.027698316025239807 0.0021714347451266126 -0.024509073935302307 -0.013268989478584198 0.044485190843521843 -0.01114898030812974 0.01343274823877226 0.030968158113353201 -0.015412600270346527 -0.011967976270169149 -0.004820467711388032 0.058772314860614849 0.027497900695378233 -0.023639254308889836 -0.030998277640686956 -0.0070775445441887816 0.050882941333431332 0.018828911693412588 -0.017438113322774337 0.056641603237358021 -0.0071693661591423668 -0.0068404700686100226 0.017177686016449079 0.030855729837600359 -0.014870073168595656
leaf_weight=32.21060673892498 15.193075791001318 848.97801300883293 196.92642429471016 193.81970180571079 15.034665882587431 88.591899529099464 154.87367303669453 39.556716695427895 14.792261302471159 220.02363680303097 632.64795598387718 178.36801174283028 120.13437266647816 33.222026810050011 25.870538085699081 28.977978616952896 33.132379651069641 23.65393927693367 290.98033279180527 16.17138983309269 15.652442887425424 14.038746640086172 30.46720215678215 86.560280114412308 15.479073390364645 22.347374081611633 38.986960634589195 36.523598879575729 72.397449716925621 69.484674111008644
leaf_count=140 74 5017 1085 808 68 395 854 217 78 917 3623 942 523 171 120 132 140 101 1743 80 75 64 167 478 75 122 200 175 353 409
internal_value=0.000110481 -0.00731637 -0.0119951 0.0372303 0.0175588 0.0287118 -0.00737178 -0.0107067 0.0083069 0.0387468 -0.0129468 0.0033383 0.028358 0.0109797 0.018707 0.025001 0.0293431 0.00594435 -0.0154815 0.0231524 0.00245556 0.0210926 -0.01968 0.00295825 -0.00606819 0.0197292 0.0156123 0.0323976 0.0233041 -0.00451323
internal_weight=3605.1 3004.72 2529.47 600.375 475.25 406.555 1580.54 1205.25 126.746 258.871 1078.5 375.294 260.318 147.684 114.462 228.107 199.129 38.847 923.628 165.997 45.8626 29.6912 948.93 214.932 124.387 37.8264 90.5452 51.5583 87.1897 99.9519
internal_count=19346 16760 14488 2586 2272 1778 8895 6868 648 1092 6220 2027 1154 686 515 1014 882 175 5366 742 219 139 5593 1118 675 197 443 243 431 576
cat_boundaries=0 1 2
cat_threshold=10 44
is_linear=0
shrinkage=0.03


Tree=13
num_leaves=31
num_cat=1
split_feature=5 5 17 3 0 17 16 5 5 9 8 16 27 0 29 17 1 29 17 5 12 12 12 16 31 12 6 5 10 12
split_gain=1064.81 329.427 126.647 98.0219 75.9296 65.9782 81.1737 58.4665 77.6669 51.9305 50.3487 41.7671 39.6611 37.848 37.1366 36.5144 35.2572 35.1151 34.4959 32.6762 31.086 29.4744 29.1868 28.7572 44.1282 34.5042 42.7243 29.4329 57.1349 26.3135
threshold=0.52643132209777843 -0.97269129753112782 0.92455279827117931 3.603879570960999 22.376626968383793 -1.2670373916625974 1.1281398534774782 -0.8126716911792754 -0.17521348595619199 -11.732379436492918 -6.6039657592773429 0.10985428094863893 1.0000000180025095e-35 0.9502159357070924 75.522090911865249 -0.25295682251453394 28.819584846496586 81.26676177978517 0.97211340069770824 -0.85957497358322132 0.13350000232458117 0.028500000014901165 -0.23350000381469724 0.070914063602685942 0 0.028500000014901165 -0.92449048161506642 -0.85957497358322132 0.49500000476837164 0.06749999895691873
decision_type=2 2 2 2 2 2 2 2 2 2 2 2 2 2 2 2 2 2 2 2 2 2 2 2 1 2 2 2 2 2
left_child=1 5 4 10 9 -1 -7 -4 14 15 18 16 23 -11 -9 -3 21 -12 -2 -15 22 -10 -5 -6 25 -25 -27 28 -26 -28
right_child=3 2 7 20 12 6 -8 8 11 13 17 -13 -14 19 -16 -17 -18 -19 -20 -21 -22 -23 -24 24 27 26 29 -29 -30 -31
leaf_value=-0.030126289630195886 0.013724407994337775 -0.018608750688657156 0.03319073293684862 -0.010339450316690474 -0.024384216387985616 0.03188658527180218 -0.0069537498927198411 0.026031496769862439 -0.00025584687047963694 0.018715722177519111 0.048935726260063331 0.038976552732303278 -0.003705776399612456 0.017987472046688852 -0.018774426442947491 -0.0042440410447556884 -0.014904699021040559 0.0090661087708845487 0.051201722678167153 -0.0080490975265367498 -0.016919590535842296 0.052267003036254173 0.029118390765589326 -0.015898046348175442 -0.017654580172667793 0.028811365171713635 0.02721461385943124 -0.028269605570881019 0.053376517528048832 -0.017689473910805303
leaf_weight=20.469345360994339 84.622881829738617 364.16388510167599 59.002132743597031 21.848764300346375 615.57227264344692 251.21637280285358 59.541607603430748 18.01027175784111 20.157022386789322 88.003224641084671 369.605722874403 49.976405471563339 153.5008490383625 51.503159686923027 139.08500188589096 283.77375429868698 41.275220945477486 21.547236144542694 29.525992095470428 249.3196202814579 26.854050993919373 17.370994955301285 67.147308900952339 112.29870353639126 62.102143988013268 47.675147294998169 14.057787597179411 222.44929717481136 11.165750861167906 53.039153277873993
leaf_count=116 374 2128 282 110 3717 1142 305 88 106 445 1513 265 883 271 799 1555 233 94 124 1397 134 83 308 647 343 268 79 1360 57 302
internal_value=0.000208307 -0.00718617 -0.0106839 0.0359321 -0.0131962 0.0209933 0.0244463 0.00626793 0.000614969 -0.00713893 0.041632 0.0178115 -0.0180481 0.00152712 -0.0135055 -0.0123338 0.00406856 0.0467682 0.0237788 -0.00354661 0.010927 0.0247815 0.0194241 -0.0199771 -0.0147511 -0.00396925 0.00739613 -0.0221099 -0.00625676 -0.00801992
internal_weight=3625.88 3004.73 2673.5 621.152 2328.62 331.227 310.758 344.877 285.875 1036.76 505.302 128.78 1291.86 388.826 157.095 647.938 78.8032 391.153 114.149 300.823 115.85 37.528 88.9961 1138.36 522.788 227.071 114.772 295.717 73.2679 67.0969
internal_count=19528 16871 15308 2657 13452 1563 1447 1856 1574 5796 2105 687 7656 2113 887 3683 422 1607 498 1668 552 189 418 6773 3056 1296 649 1760 400 381
cat_boundaries=0 1
cat_threshold=4
is_linear=0
shrinkage=0.03


Tree=14
num_leaves=31
num_cat=3
split_feature=5 5 17 29 2 31 5 10 5 17 14 16 2 31 18 14 3 32 16 17 3 0 10 16 5 16 29 10 14 10
split_gain=972.129 325.2 110.863 114.667 94.2264 79.4147 66.7484 54.0292 48.8467 47.6139 46.1823 50.7691 43.8311 41.0748 37.4512 40.0581 36.8665 36.8181 32.5542 45.5819 32.4469 32.364 29.1593 40.4576 29.1273 30.868 28.0405 27.5377 27.0378 27.0305
threshold=0.52643132209777843 -0.96105405688285817 0.069999270141124739 76.34873199462892 46.468376159667976 0 0.25061884522438055 0.37500000000000006 0.63088810443878185 1.7078151702880862 0.52500000596046459 0.97266927361488353 49.909151077270515 1 0.95011851191520702 0.14500000327825549 555.77374267578136 2 1.1675921082496645 -0.34192450344562525 472.34913635253912 35.539224624633796 -0.32500000298023218 0.59408950805664074 -0.75976759195327748 -0.10931500047445296 77.084831237792983 -0.55500000715255726 0.76499998569488536 0.2950000017881394
decision_type=2 2 2 2 2 1 2 2 2 2 2 2 2 1 2 2 2 1 2 2 2 2 2 2 2 2 2 2 2 2
left_child=1 5 6 9 7 16 10 8 13 21 -3 -12 -5 -2 15 20 -1 -8 19 -18 -7 -4 23 -19 25 28 -26 -10 -14 -16
right_child=4 2 3 12 -6 14 17 -9 27 -11 11 -13 24 -15 29 -17 18 22 -20 -21 -22 -23 -24 -25 26 -27 -28 -29 -30 -31
leaf_value=0.059251439254067888 0.030124635761062966 -0.021470225140640245 0.01312754909763432 0.0063891732506665523 -0.01338743969339291 0.071201031782591989 0.012161681497811565 0.050954013400822715 0.023589945380710336 0.044135868308129808 -0.012027764620626562 0.029788251368056375 0.023693904583912687 -0.0004476423311906437 -0.018652717036814884 -0.0059323089716002341 0.0064712584592629442 -0.0066390077642986614 -0.004628790008803404 0.039215203740213256 0.01851511874256349 -0.0053871782396786557 -0.01775603814314089 0.052581690222751075 -0.0090016226628380509 -0.015761597023256399 -0.025091059129327117 0.047245721951243762 -0.024780503532442169 0.012943391882746836
leaf_weight=31.410865798592567 94.136065527796745 1037.4497825205326 230.84701302647591 107.64200532436371 33.982953563332558 13.840697795152662 91.143519848585129 188.27499186992645 66.386816397309303 31.77501392364502 175.43808116018772 29.700899958610535 47.682898014783859 72.430453673005104 79.181609198451042 41.18751385807991 55.65152595937252 41.206468254327774 29.508892893791199 124.72158451378345 40.152070343494415 133.4208652228117 138.12555292248726 12.801826372742651 167.55199903249741 68.139518186450005 237.7619261443615 156.37245243787766 12.277913391590117 34.177871853113174
leaf_count=134 401 6322 1192 574 175 60 476 771 280 152 1032 161 253 332 441 210 256 227 140 525 189 733 792 71 941 374 1496 645 70 177
internal_value=0.000368384 -0.00663453 -0.0107642 -0.00319161 0.0348208 0.0168666 -0.0159057 0.0376753 0.0311398 0.00948509 -0.0188996 -0.00585833 -0.0110258 0.0186782 0.00240528 0.0163062 0.0280467 -0.00275283 0.0244477 0.0292039 0.03307 0.00634995 -0.00996783 0.00809904 -0.0145455 -0.00205495 -0.0184784 0.0403327 0.0135243 -0.00909661
internal_weight=3624.38 3012.8 2562.97 1037.1 611.584 449.833 1525.87 577.601 389.326 396.043 1242.59 205.139 641.056 166.567 208.54 95.1803 241.293 283.277 209.882 180.373 53.9928 364.268 192.134 54.0083 533.414 128.1 405.314 222.759 59.9608 113.359
internal_count=19602 16998 14866 5785 2604 2132 9081 2429 1658 2077 7515 1193 3708 733 1077 459 1055 1566 921 781 249 1925 1090 298 3134 697 2437 925 323 618
cat_boundaries=0 1 2 3
cat_threshold=10 10 42
is_linear=0
shrinkage=0.03


Tree=15
num_leaves=31
num_cat=1
split_feature=5 5 0 17 2 17 12 17 7 10 5 28 31 17 5 5 28 12 17 10 12 1 3 18 10 28 5 14 12 18
split_gain=905.773 322.328 115.391 86.5897 77.7104 70.955 65.5339 57.2444 55.8415 54.1732 59.7361 64.9938 48.8953 44.5443 50.061 40.6225 60.6079 59.9286 37.5128 46.8704 36.6694 32.0308 30.4015 29.1459 32.8522 28.7466 35.7624 28.7124 27.7113 27.6827
threshold=0.52643132209777843 -0.97269129753112782 18.101202964782718 0.38102295994758612 46.468376159667976 -1.2670373916625974 0.056499999016523368 1.5727599859237673 -16.660959243774411 0.37500000000000006 0.63088810443878185 19.008403778076175 0 1.1736132502555849 -0.67050644755363453 -0.83753159642219532 20.863806724548343 0.028500000014901165 -0.40205584466457361 -0.4849999994039535 -0.14199999719858167 6.5544946193695077 339.73304748535162 0.95011851191520702 0.2950000017881394 24.009605407714847 0.33273787796497351 0.14500000327825549 0.13350000232458117 0.72459015250206005
decision_type=2 2 2 2 2 2 2 2 2 2 2 2 1 2 2 2 2 2 2 2 2 2 2 2 2 2 2 2 2 2
left_child=1 5 3 8 9 -1 -5 15 22 10 11 -2 -7 14 -8 18 17 -17 -4 -20 -9 -12 -3 27 -25 29 -27 -14 -13 -10
right_child=4 2 7 6 -6 12 13 20 25 -11 21 28 23 -15 -16 16 -18 -19 19 -21 -22 -23 -24 24 -26 26 -28 -29 -30 -31
leaf_value=-0.031339213837330043 -0.0094839656951240022 -0.019757976860980658 -0.019033145719416115 -0.0010963062371341526 -0.010521913428260971 0.035239431332361203 0.05262537176573924 0.059675670562456262 0.017834045924864067 0.04944362394957022 0.045330507236511275 0.039733855378320956 0.042035288399356149 0.046892947958922279 8.5727016119017387e-06 -0.019200973190109032 -0.024101509749639167 0.0023770425156871347 -0.027366514738317627 0.0093527531965841189 0.0016368867141417463 0.016225223685318382 -0.0048901714481903993 -0.014091825174705544 0.029976324442890973 -0.0089982658322116348 0.03422132833772222 0.0016544508790783609 0.0070760223605752194 -0.010057622397492383
leaf_weight=20.653278484940529 58.330012410879135 297.02032025158405 128.21257987618446 192.91619884967804 33.506574556231499 172.27003426849842 20.280738011002541 11.760601401329039 41.925142362713814 189.19654649496078 181.22344224154949 74.594265639781952 35.892500475049019 54.042157217860222 69.17215470969677 279.1131294965744 721.46673560142517 197.18240064382553 38.286049142479897 152.70619584619999 42.448603704571724 43.691803678870201 213.15022175014019 57.305508300662041 19.612022176384926 25.865740835666656 48.606792628765106 27.930029183626175 34.585339307785034 125.30833977460861
leaf_count=119 268 1763 757 1041 172 728 99 65 223 771 738 315 159 250 356 1658 4538 1125 211 807 236 191 1210 317 98 143 241 141 152 685
internal_value=0.000502632 -0.00631402 -0.00980266 -0.00229092 0.0336279 0.0214383 0.0103405 -0.015001 -0.00794882 0.0361851 0.0296834 0.0159799 0.0250095 0.0256175 0.0123878 -0.0160852 -0.0186191 -0.0102816 -0.00654852 0.00188786 0.0150811 0.0397734 -0.0135679 0.00919264 -0.00261505 0.00391846 0.01929 0.024662 0.0295468 -0.00300079
internal_weight=3608.26 2993.13 2659.46 1088.29 615.128 333.663 336.411 1571.18 751.877 581.621 392.425 167.51 313.01 143.495 89.4529 1516.97 1197.76 476.296 319.205 190.992 54.2092 224.915 510.171 140.74 76.9175 241.706 74.4725 63.8225 109.18 167.233
internal_count=19577 16970 15408 6011 2607 1562 1746 9397 4265 2435 1664 735 1443 705 455 9096 7321 2783 1775 1018 301 929 2973 715 415 1292 384 300 467 908
cat_boundaries=0 1
cat_threshold=10
is_linear=0
shrinkage=0.03


Tree=16
num_leaves=31
num_cat=0
split_feature=3 6 0 17 8 7 18 18 29 7 17 8 6 10 16 28 16 29 17 29 6 14 16 16 10 17 10 16 16 28
split_gain=759.766 261.319 145.653 110.58 100.472 61.9103 61.0624 58.5278 45.9661 55.0447 43.3031 40.7655 40.7018 38.9445 41.145 37.1545 32.818 32.7712 31.9696 31.9343 45.0533 37.4487 43.9158 29.6995 29.0783 28.9955 27.562 31.5702 30.6264 27.3033
threshold=1.196043908596039 -0.23208956420421598 22.376626968383793 -0.25295682251453394 -7.4831807613372794 -6.1038970947265616 1.291289806365967 0.68851351737976085 76.34873199462892 -14.080146789550779 1.5727599859237673 -8.6272497177124006 -0.68159639835357655 0.11499999836087228 -0.69018000364303578 22.590013504028324 0.49182637035846716 77.177566528320327 -0.34192450344562525 77.084831237792983 -0.61626377701759327 0.52500000596046459 0.50235500931739818 -0.83375048637390126 -0.12499999627470969 -0.0068096849136054507 -0.36500000953674311 -0.5375225543975829 0.7252347767353059 22.590013504028324
decision_type=2 2 2 2 2 2 2 2 2 2 2 2 2 2 2 2 2 2 2 2 2 2 2 2 2 2 2 2 2 2
left_child=4 2 3 5 18 -2 15 11 26 12 19 -5 -10 -8 -15 -3 -14 -12 -1 21 -21 25 -23 -22 -6 -4 -9 -28 -29 -7
right_child=1 6 10 7 24 29 13 8 9 -11 17 -13 16 14 -16 -17 -18 -19 -20 20 23 22 -24 -25 -26 -27 27 28 -30 -31
leaf_value=-0.013716481113595821 -0.017081476215429842 0.01411915317664884 -0.020514120983963574 -0.01937647232509801 0.028388382311763462 -0.010726912491739295 -0.01451914943160334 0.044073136078843674 -0.013618285336100275 0.023816690814241523 0.031385828718950112 0.0083517733740424184 0.029823296430326683 0.041556718726630415 -0.0077166977050721194 0.039365483026000701 -0.013370037422481442 -0.017125119186644909 0.019375739273803982 -0.026661706644075935 0.022712396580374862 -0.011993064396897566 0.025237314228266663 -0.013375689018706796 0.04574973889817887 -0.007921825452903276 0.0020063648368963348 0.039275080867042421 0.0075629278547952108 0.017888485076480342
leaf_weight=38.800791233778 432.5014263689518 94.776765748858452 394.08003805577755 114.89335408806801 138.04679469764233 48.071615651249886 62.64301323890686 38.57217463850975 146.14587986469269 83.63169951736927 29.658207565546036 80.358419075608253 43.161519899964333 32.241279363632202 27.689769580960274 121.35879077017307 23.947198182344437 20.362651735544205 76.844495475292206 444.04546658694744 23.147108018398285 69.221795991063118 47.030096471309662 138.03719753026962 271.92844393849373 285.40428078174591 80.997743487358093 67.422150403261185 46.681897133588791 76.632385402917862
leaf_count=206 2587 459 2417 643 574 246 324 193 836 401 153 416 219 147 146 511 129 122 343 2890 129 395 263 784 1113 1601 412 324 240 371
internal_value=-0.000261148 -0.00596544 -0.00904606 -0.00167978 0.0330334 -0.0117206 0.0188542 0.00603408 0.0111968 0.00334111 -0.015554 -0.00798014 -0.00476245 0.00190951 0.019038 0.0284108 0.0144401 0.0116892 0.00825038 -0.0165343 -0.0217359 -0.0125557 0.0031554 -0.00808512 0.0399871 -0.0152444 0.0211207 0.0163814 0.0264795 0.00686007
internal_weight=3598.33 3072.71 2734 1283.02 525.621 557.205 338.71 725.812 530.56 296.886 1450.99 195.252 213.255 122.574 59.931 216.136 67.1087 50.0209 115.645 1400.97 605.23 795.736 116.252 161.184 409.975 679.484 233.674 195.102 114.104 124.704
internal_count=19594 17358 15771 7017 2236 3204 1587 3813 2754 1585 8754 1059 1184 617 293 970 348 275 549 8479 3803 4676 658 913 1687 4018 1169 976 564 617
is_linear=0
shrinkage=0.03


Tree=17
num_leaves=31
num_cat=1
split_feature=3 6 17 6 4 31 29 2 4 29 12 12 7 27 16 17 17 29 7 13 12 17 6 17 4 14 2 17 12 14
split_gain=727.433 240.795 128.708 108.76 82.4697 78.6769 72.1856 59.9483 52.0727 50.9447 49.9423 43.3941 42.7795 40.8225 37.5693 39.9212 37.0146 35.3639 34.6531 29.7071 29.139 33.0339 27.5931 24.9494 24.6419 23.4874 42.0641 23.4582 22.687 22.1115
threshold=1.6161330938339236 -0.31473593413829798 0.92455279827117931 -0.82436862587928761 59.500000000000007 0 75.77988433837892 82.761775970458999 90.500000000000014 76.151096343994155 -0.71900001168251026 -0.37800000607967371 -4.8531422615051261 1.0000000180025095e-35 1.0481582283973696 -1.2080913782119749 -0.25784449279308314 84.152141571044936 -5.1775982379913321 37.500000000000007 -0.31749999523162836 0.3703989982604981 -0.58134955167770375 -0.53089502453804005 2.5000000000000004 0.81499999761581432 75.120689392089858 -0.053555749356746667 -0.095499999821186052 0.52500000596046459
decision_type=2 2 2 2 8 1 2 2 8 2 2 2 2 2 2 2 2 2 2 2 2 2 2 2 10 2 2 2 2 2
left_child=3 2 4 12 6 14 16 -4 -6 19 -7 -12 -1 22 15 -3 29 -5 -10 -9 -13 -22 25 -14 -17 -8 -27 -16 -18 -2
right_child=1 5 7 17 8 10 13 9 18 -11 11 20 23 -15 27 24 28 -19 -20 -21 21 -23 -24 -25 -26 26 -28 -29 -30 -31
leaf_value=-0.009298042948109906 -0.017360931712595128 -0.011744805758545578 0.024352925765556421 0.040840681604709057 0.035216087463067508 0.057468921212417826 -0.023370090028077464 0.054767739689977939 -0.014163981403014628 -0.012032647585750424 -0.036063180568802707 0.039948086709252151 0.0015503956344918896 -0.0048419798306557323 0.029598120298350915 0.015843036064276336 -0.0064382077384451007 -0.0057418227760647521 0.0090194329095132069 0.0084720367464165055 -0.011154390192542935 0.018368831944477162 -0.011247910966250068 0.034967436372461393 0.041514954046010938 0.020213341201263692 -0.021518211673519652 -0.010454521548396361 0.013042995990001265 0.010255308286507191
leaf_weight=63.858895808458328 163.62381125986576 17.397804841399193 118.68977463245392 396.20149624347687 37.985536023974419 11.643924742937086 920.90652433037758 14.349308237433432 112.00709801912308 152.13149684667587 30.992130056023598 15.457884863018988 31.598184570670128 195.10968028008938 19.079565435647964 46.590931236743927 91.456747069954872 14.990345865488051 118.30997341871262 69.558324217796326 108.83074933290482 48.483995258808136 283.45619973540306 54.76345856487751 139.04647645354271 31.676937267184258 64.237693905830383 37.2528146058321 128.04469868540764 30.320816233754158
leaf_count=339 989 92 575 1608 193 52 5814 68 635 897 174 70 143 1135 85 200 511 64 566 351 582 237 1694 240 576 178 398 179 676 173
internal_value=-0.000151084 -0.00600696 -0.00968363 0.0311649 -0.0124134 0.013579 -0.0146015 0.00705773 0.00315034 -0.00170503 -0.000378855 -0.00396752 0.00924071 -0.0176675 0.0242127 0.0311315 -0.0034961 0.0391327 -0.00226755 0.016941 0.00196423 -0.00199686 -0.0195868 0.0228984 0.0351913 -0.0218981 -0.00766952 0.0033908 0.00493364 -0.013013
internal_weight=3568.05 3006.64 2531.86 561.412 2177.14 474.776 1908.83 354.729 268.303 236.039 215.409 203.765 150.221 1495.39 259.368 203.035 413.446 411.192 230.317 83.9076 172.773 157.315 1300.28 86.3616 185.637 1016.82 95.9146 56.3324 219.501 193.945
internal_count=19494 17100 14853 2394 12962 2247 11568 1891 1394 1316 1115 1063 722 9219 1132 868 2349 1672 1201 419 889 819 8084 383 776 6390 576 264 1187 1162
cat_boundaries=0 1
cat_threshold=10
is_linear=0
shrinkage=0.03


Tree=18
num_leaves=31
num_cat=2
split_feature=5 5 17 4 5 10 5 17 5 16 28 12 32 14 31 5 16 12 28 14 18 5 6 5 10 9 9 12 16 4
split_gain=789.111 268.032 99.1238 72.4911 69.2597 66.2781 72.8102 57.6436 56.3707 70.8288 57.9204 63.8949 54.7878 52.3848 51.7944 49.8179 39.8683 37.457 41.2071 34.74 34.4147 33.686 33.6641 40.7766 31.1487 30.7318 29.6786 35.8144 33.2782 31.5769
threshold=0.52643132209777843 -0.97269129753112782 0.86208418011665355 25.500000000000004 -0.8126716911792754 0.37500000000000006 0.63088810443878185 -1.2670373916625974 -0.78753387928009022 -0.75970202684402455 20.863806724548343 0.028500000014901165 0 -0.49499998986721033 1 -0.4591448307037353 0.45968239009380346 -0.33699999749660486 20.863806724548343 0.044999998994171626 1.0548399686813357 -0.04725049436092376 -0.97789707779884327 -0.21742309629917142 0.42499999701976782 46.998497009277351 -10.897905826568602 -0.027500000782310959 0.96688616275787365 124.50000000000001
decision_type=2 2 2 8 2 2 2 2 2 2 2 2 1 2 1 2 2 2 2 2 2 2 2 2 2 2 2 2 2 10
left_child=1 7 3 8 -4 6 12 -1 9 13 11 -10 -2 -3 -9 -6 25 -17 22 -20 -11 -21 -19 -24 -15 -13 28 -28 -5 -30
right_child=5 2 4 26 15 -7 -8 14 10 20 -12 16 -14 24 -16 17 -18 18 19 21 -22 -23 23 -25 -26 -27 27 -29 29 -31
leaf_value=-0.031773006017652504 -0.0082921554538818235 -0.027824146475020139 0.033115907100334928 -0.010068497954442797 -0.018353937938381023 0.044435431943695945 0.034834027320715562 0.031607992784481509 -0.020103702988822785 -0.0056788742278765045 -0.023843884028630257 -0.015143917563487024 0.022837400417685942 0.03385887347562222 0.0059603639461103513 -0.021446494808718412 0.016576772717175222 0.050918110737106427 -0.030297969722360825 -0.014427032589158858 -0.023560454161981294 0.027958345919602955 0.04177710275596945 -0.012297242270454225 -0.015422233552797818 0.012120223341647737 0.027119476554322217 -0.0075012610102447854 0.050323734466162603 -0.0074583385988589417
leaf_weight=18.632217526435852 85.321167677640915 19.286225542426109 61.358071655035019 216.52380336821079 104.14536812901497 203.85074910521507 229.27462546527386 176.43567818403244 331.40196703374386 280.01638425886631 723.23368668556213 142.55331748723984 105.48336854577065 70.340572729706764 142.96004982292652 34.013838723301888 83.811315402388573 32.970445826649666 25.52024894952774 28.37018957734108 147.85201859474182 38.982426345348358 21.510180994868279 27.604653015732765 13.164633736014364 49.388104319572449 64.188094884157181 45.175646856427193 16.278775855898857 16.33319279551506
leaf_count=110 401 113 286 1244 607 830 945 735 2025 1589 4692 836 453 374 724 197 467 160 152 173 872 204 106 139 73 288 310 224 86 92
internal_value=-0.000227709 -0.0067491 -0.0100245 -0.0124325 0.00424331 0.0303802 0.0234703 0.0183417 -0.0148109 -0.00652723 -0.0181077 -0.0112469 0.00970502 0.0157298 0.0213552 -0.00150194 -0.000568546 0.00694401 0.012554 -0.00116532 -0.0118985 0.010155 0.0279034 0.0117461 0.0259991 -0.00810217 -7.89732e-05 0.0128801 -0.00579638 0.0220236
internal_weight=3555.98 2932.05 2594.02 2219.55 374.475 623.93 420.079 338.028 1861.05 530.66 1330.39 607.155 190.805 102.791 319.396 313.117 275.753 208.972 174.958 92.8729 427.868 67.3526 82.0853 49.1148 83.5052 191.941 358.5 109.364 249.136 32.612
internal_count=19507 16878 15309 13285 2024 2629 1799 1569 11329 3021 8308 3616 854 560 1459 1738 1591 1131 934 529 2461 377 405 245 447 1124 1956 534 1422 178
cat_boundaries=0 1 2
cat_threshold=5 10
is_linear=0
shrinkage=0.03


Tree=19
num_leaves=31
num_cat=2
split_feature=5 5 4 17 2 17 10 5 29 32 28 27 16 17 3 32 28 5 5 5 29 16 5 29 1 16 16 5 16 5
split_gain=744.365 253.084 92.0591 97.0931 75.4783 57.1268 54.8324 52.0831 42.8587 42.7201 41.7776 36.1542 35.5115 35.2934 38.4516 42.4079 30.9413 30.6004 30.4641 26.3745 26.782 25.4223 30.692 28.4356 24.7417 24.5495 29.0866 23.6793 23.1621 25.5477
threshold=0.52643132209777843 -0.97269129753112782 2.5000000000000004 0.82469648122787487 46.468376159667976 -1.2670373916625974 0.37500000000000006 0.56202840805053722 76.151096343994155 0 20.863806724548343 1.0000000180025095e-35 0.92502808570861828 -0.76896089315414418 1.0000000180025095e-35 1 18.767070770263675 -0.96105405688285817 -0.85957497358322132 0.33273787796497351 77.440567016601577 0.26034356653690344 -0.04725049436092376 77.177566528320327 6.9328279495239267 -0.97123998403549183 0.7252347767353059 -0.13282711803913114 -0.65235421061515797 -0.78753387928009022
decision_type=2 2 8 2 2 2 2 2 2 1 2 2 2 2 2 1 2 2 2 2 2 2 2 2 2 2 2 2 2 2
left_child=1 5 11 13 6 -1 7 10 25 -7 -2 21 -11 17 -15 16 -16 -4 -10 -19 -21 -3 -23 -24 -9 -5 -27 -20 29 -17
right_child=4 2 3 8 -6 9 -8 24 18 12 -12 -13 -14 14 15 28 -18 19 27 20 -22 22 23 -25 -26 26 -28 -29 -30 -31
leaf_value=-0.029463809635597495 -0.026362568191496644 -0.023943941122412667 0.027962895409331719 -0.011054997959048588 -0.012556567025623041 0.03349791926693229 0.044634059366240257 0.034166012568367904 0.032162410820863109 0.017331780688420513 0.020560127249727767 -0.00045962323717378326 -0.013032944867262215 0.035876588337934071 -0.010101920146823764 0.02226060519520744 0.0033657727758472904 -0.023550539607487028 -0.016201369654488929 -0.015027553228360005 0.022709003458929997 -0.017505964755401466 0.018457190423600171 -0.02321293642032389 0.012699345736847632 0.040164529989286164 -0.00062128817819166119 0.0085416537656689863 -0.020163641777674157 -0.011492595946015127
leaf_weight=20.934320122003555 27.872193530201912 484.62450562417507 12.18018291890621 13.703218460083006 36.164168566465378 129.14657759666443 199.65058499574661 263.74793674051762 23.246124491095543 145.21332985162735 40.808234661817551 100.86656619608402 44.626703098416328 18.334199473261833 255.130953758955 25.198831751942635 382.41371917724609 254.50808796286583 71.186451941728592 54.493553534150124 23.372938498854637 286.86655931174755 44.949440196156502 20.731132179498672 61.086427763104439 71.310778975486755 20.07568746805191 66.341927841305733 255.72304144501686 87.115312352776527
leaf_count=126 137 3105 60 68 188 535 807 1071 105 675 175 599 242 87 1486 134 2171 1626 427 305 120 1764 257 133 267 333 99 355 1531 535
internal_value=-0.000334577 -0.0067301 -0.00994593 -0.0056406 0.0292251 0.0175637 0.0317893 0.0251759 0.0109201 0.0207324 0.0014127 -0.0174331 0.00965687 -0.00886362 -0.00605828 -0.00685774 -0.00199976 -0.0171586 0.00114669 -0.0188911 -0.00355597 -0.0194751 -0.0132818 0.00515374 0.0301805 0.0257206 0.031295 -0.00429015 -0.01479 -0.0037901
internal_weight=3541.62 2912.29 2572.37 1634.34 629.33 339.921 593.165 393.515 265.864 318.987 68.6804 938.038 189.84 1368.47 1023.92 1005.58 637.545 344.555 160.775 332.375 77.8665 837.172 352.547 65.6806 324.834 105.09 91.3865 137.528 368.037 112.314
internal_count=19523 16878 15300 9442 2645 1578 2457 1650 1387 1452 312 5858 917 8055 5944 5857 3657 2111 887 2051 425 5259 2154 390 1338 500 432 782 2200 669
cat_boundaries=0 1 2
cat_threshold=112 36
is_linear=0
shrinkage=0.03


Tree=20
num_leaves=31
num_cat=1
split_feature=5 5 29 16 4 5 2 10 5 12 31 28 29 7 28 5 10 16 2 21 18 1 12 7 1 2 3 12 18 5
split_gain=689.582 251.055 86.4287 67.2706 64.7577 81.3684 63.7617 49.5135 51.9326 44.6474 39.4363 36.6441 35.658 35.5504 33.4484 28.5857 28.4386 27.6348 30.2661 27.1925 26.0833 26.0785 24.2248 23.6528 23.2873 22.6256 23.5147 22.107 22.0648 34.842
threshold=0.52643132209777843 -0.94917574524879444 75.77988433837892 1.1281398534774782 53.500000000000007 -0.83753159642219532 46.468376159667976 0.37500000000000006 0.63088810443878185 -0.02450000029057264 0 19.008403778076175 77.084831237792983 -5.6031310558319083 24.009605407714847 0.25061884522438055 -0.4849999994039535 -0.69018000364303578 109.13684082031251 1.0000000180025095e-35 0.84393888711929332 6.5544946193695077 -0.027500000782310959 40.599252700805671 1.0000000180025095e-35 162.48621368408206 716.37420654296886 0.13350000232458117 0.97647288441658031 -0.53371313214302052
decision_type=2 2 2 2 8 2 2 2 2 2 1 2 2 2 2 2 2 2 2 2 2 2 2 2 2 2 2 2 2 2
left_child=1 3 9 10 5 16 7 8 11 -3 23 -2 22 -6 24 -14 -4 18 -18 28 -21 -10 -7 -1 -15 -12 -27 -13 -11 -30
right_child=6 2 4 -5 13 12 -8 -9 21 19 25 27 15 14 -16 -17 17 -19 -20 20 -22 -23 -24 -25 -26 26 -28 -29 29 -31
leaf_value=0.032921282698710384 -0.007069850626860729 -0.0080147291191204669 -0.022507968899672444 -0.0091766046313489658 -0.0098430083797134641 -0.019338524579442625 -0.01091264369578453 0.043284957361621933 0.039133853209658197 0.0033709788492768734 -0.0027897872155553706 0.031243768983192578 -0.025508716614399168 0.030071693525338242 0.029018547503177686 -0.0031656720859376481 -0.020571918295978656 -0.0021068712428006062 0.033524565177592593 0.017644519514070128 -0.029068333729688867 0.013244091679024189 -0.008343867595574669 0.0023478533331510888 -0.010813508896840053 0.031057413941418144 -0.0015048702523591635 0.001872461782891494 -0.00063708524792391991 0.033926900089056793
leaf_weight=181.68604399263859 59.02475680410862 260.86243736743927 44.83543349802494 92.212409943342209 135.88988940417767 354.2709446400404 34.245659366250038 195.76100143790245 180.00719340145588 99.186723709106445 91.496184945106506 74.076225742697716 576.72196374833584 15.133023753762243 56.939616575837135 56.91838201880455 11.122475191950796 192.32110676169395 42.320334449410439 16.331608191132545 27.8001758903265 45.090426430106163 371.81852392852306 26.200349420309067 55.301592841744423 51.55666509270668 32.037682667374611 33.483022451400757 39.042446479201317 78.870556950569153
leaf_count=767 271 1512 267 481 777 2210 179 791 724 541 461 307 3924 68 271 349 65 1115 223 97 172 192 2236 116 283 253 163 145 201 400
internal_value=-4.986e-05 -0.00617751 -0.0100692 0.0137493 -0.0130196 -0.0152226 0.028605 0.0309233 0.0246505 0.000749111 0.0192788 0.01185 -0.0183001 0.000795586 0.0121337 -0.0235098 -0.000809509 0.00322418 0.022095 0.00949776 -0.0117736 0.0340293 -0.0137276 0.0277684 -0.00173124 0.00711757 0.0187076 0.022202 0.0138559 0.0225732
internal_weight=3532.56 2910.88 2435.69 475.189 1913.59 1650.33 621.688 587.443 391.682 522.094 382.977 166.584 1359.73 263.264 127.374 633.64 290.599 245.764 53.4428 261.232 44.1318 225.098 726.089 207.886 70.4346 175.091 83.5943 107.559 217.1 117.913
internal_count=19561 16952 14711 2241 11788 10389 2609 2430 1639 2923 1760 723 8719 1399 622 4273 1670 1403 288 1411 269 916 4446 883 351 877 416 452 1142 601
cat_boundaries=0 1
cat_threshold=10
is_linear=0
shrinkage=0.03


Tree=21
num_leaves=31
num_cat=1
split_feature=5 5 0 1 31 8 9 12 14 14 0 18 8 5 12 12 5 7 12 12 18 5 29 12 29 5 14 18 7 12
split_gain=637.636 220.119 92.339 67.1612 48.2831 46.5857 44.9171 36.4868 36.2845 41.1942 33.6595 32.2805 29.6457 29.4286 29.1949 32.9895 42.5903 30.3327 28.5821 40.6239 28.0721 26.0054 34.9655 28.4379 25.7095 34.5382 34.3588 25.5914 25.5414 24.8917
threshold=0.52643132209777843 -0.97269129753112782 34.255809783935554 10.232269287109377 0 -5.8578784465789786 -11.732379436492918 0.056499999016523368 -0.68500000238418568 -0.59499999880790699 5.6877098083496103 0.7678976058959962 -25.493623733520504 0.56202840805053722 0.43999999761581426 0.26600000262260443 -0.21742309629917142 -25.26020526885986 -0.23350000381469724 0.13350000232458117 0.95011851191520702 -0.85957497358322132 75.77988433837892 -0.37100000679492945 77.084831237792983 -0.8126716911792754 0.52500000596046459 1.0898954868316653 -17.353397369384762 0.22699999809265139
decision_type=2 2 2 2 1 2 2 2 2 2 2 2 2 2 2 2 2 2 2 2 2 2 2 2 2 2 2 2 2 2
left_child=1 4 6 5 27 13 7 28 -8 -10 12 -9 -11 -2 15 -13 17 -17 -5 -20 -6 -12 23 -23 26 -26 -4 -1 -3 -29
right_child=3 2 24 18 20 -7 8 11 9 10 21 14 -14 -15 -16 16 -18 -19 19 -21 -22 22 -24 -25 25 -27 -28 29 -30 -31
leaf_value=0.039982327459352686 -0.0052511592441663694 -0.017659751256283874 -0.01414059445427532 -0.025065708832540754 0.018046831269113727 0.038053907070666144 -0.018672681224720475 -0.015142406010070029 0.050449914264130008 -0.0072460113150271954 0.016989960256058863 0.0023126418567173527 0.019871449474337655 0.025481213646329479 -0.017350419465534173 0.023740359854569428 -0.00052841506812355049 0.085052314033822032 0.026424387508505912 -0.017780722817121376 -0.0078813474099007109 -0.022681870798868128 -0.013058831047526837 0.021482177745835915 -0.006766562968592264 -0.025132906870574259 0.0061968971803463028 0.0097459720361513947 -0.0030532528473438819 0.049544534662222875
leaf_weight=87.945423141121864 36.692302539944649 360.63414438068867 515.22920083999634 20.343892246484756 65.736492663621902 361.76680904626846 63.618973881006241 103.0374356508255 16.4736697524786 47.341766074299812 50.454478681087494 167.82719066739082 148.38627502322197 113.93307203054428 44.648603796958923 17.243762075901035 24.713507443666458 13.128003001213072 63.024290174245834 25.622731879353523 85.117727056145668 16.179608836770058 190.08745086193085 55.750798597931862 124.31834809482098 365.60022661089897 86.838460728526115 77.388156563043594 154.15299807488918 16.533397346735001
leaf_count=354 170 2205 3171 103 303 1462 373 598 89 268 264 945 738 467 254 94 138 70 282 125 466 93 1160 294 710 2560 499 347 908 69
internal_value=0.000114118 -0.00580021 -0.00877855 0.027666 0.0171237 0.0322081 -0.00387504 -0.00814082 0.00254791 0.00515163 0.00358706 -0.000957531 0.0133089 0.0180096 0.00454109 0.00898379 0.028905 0.0521084 0.00621353 0.0135914 0.00324773 -0.00252559 -0.00633384 0.0113734 -0.0153864 -0.0204957 -0.0112018 0.026904 -0.0133002 0.0172
internal_weight=3519.77 2898.39 2565.66 621.383 332.721 512.392 1473.68 885.386 588.293 524.674 508.2 370.599 195.728 150.625 267.561 222.912 55.0853 30.3718 108.991 88.647 150.854 312.472 262.018 71.9304 1091.99 489.919 602.068 181.867 514.787 93.9216
internal_count=19579 16970 15431 2609 1539 2099 8491 5212 3279 2906 2817 2099 1006 637 1501 1247 302 164 510 407 769 1811 1547 387 6940 3270 3670 770 3113 416
cat_boundaries=0 1
cat_threshold=10
is_linear=0
shrinkage=0.03


Tree=22
num_leaves=31
num_cat=1
split_feature=5 5 17 29 5 16 17 0 5 5 8 10 12 14 5 28 17 12 10 12 10 29 32 5 14 12 17 17 18 10
split_gain=602.655 221.426 92.4677 82.5963 59.1095 55.4984 61.5076 53.9207 51.3062 49.8714 49.7125 42.9774 69.1326 41.7585 48.3889 40.703 39.2944 32.5077 32.338 32.0613 31.7225 29.537 28.7981 29.0443 28.078 28.0487 27.2931 26.5602 26.3069 25.9602
threshold=0.52643132209777843 -0.94917574524879444 -0.2980938702821731 75.77988433837892 0.25061884522438055 1.1281398534774782 -1.2670373916625974 6.2539479732513437 -0.83753159642219532 -0.04725049436092376 -7.4831807613372794 0.2950000017881394 -0.37800000607967371 0.14500000327825549 -0.98902499675750721 20.863806724548343 1.7491797804832461 -0.02450000029057264 -0.4849999994039535 -0.10600000247359274 1.4200000166893008 81.26676177978517 0 0.45150023698806768 0.39499999582767492 0.43999999761581426 -0.87325549125671376 0.17250502109527591 0.97647288441658031 -0.12499999627470969
decision_type=2 2 2 2 2 2 2 2 2 2 2 2 2 2 2 2 2 2 2 2 2 2 1 2 2 2 2 2 2 2
left_child=1 5 4 19 -3 6 -1 10 18 15 26 12 -8 -14 -15 17 -11 -10 -5 24 -13 -20 23 -6 -4 -19 -2 -9 -21 -12
right_child=7 2 3 8 22 -7 11 27 9 16 29 20 13 14 -16 -17 -18 25 21 28 -22 -23 -24 -25 -26 -27 -28 -29 -30 -31
leaf_value=-0.029005089656812859 -0.026888920254994498 -0.020384976287919378 -0.010392548765397065 -0.022928765924988759 0.00128384654315828 -0.0083778616499601381 -0.020022109446132433 -0.009687267241565151 -0.019057784493791904 -0.0048127160682383272 0.024693571756350809 0.046752269670636219 0.027960884638095599 0.028572083623159952 -0.030456901948683775 -0.022586209931876738 0.035747498520657943 0.011028498530806379 0.019025160953108557 0.0055344696421029804 0.011223258683331089 -0.019559899124803073 -0.0089633701821541841 0.046360242459936002 0.022094681317811463 -0.028560033650174264 0.017518442973600418 0.02190291663383543 0.028211617153395367 0.040445694720244001
leaf_weight=23.089087769389153 13.609205618500708 776.58018831908703 97.284715846180916 25.935288980603218 37.794986009597778 90.403069362044334 44.137044504284859 48.330219000577927 93.459061875939369 318.86384835839272 153.22360065579414 76.838376685976982 166.45434848964214 21.984095245599747 26.413922101259232 366.76949141919613 22.048599392175674 97.85049507021904 114.07835976779461 91.823137879371643 32.973756223917007 20.295080482959747 163.41751293838024 18.550156563520432 30.664953947067261 18.261747881770134 86.551688656210899 45.686922296881676 92.578834220767021 275.92005288600922
leaf_count=139 69 5156 548 149 202 476 215 234 571 1862 624 333 736 99 124 2482 115 555 597 493 149 111 957 87 161 108 362 204 441 1121
internal_value=2.78424e-05 -0.00578382 -0.00953106 -0.00452575 -0.016502 0.0127379 0.0176179 0.0267397 -0.00846207 -0.0111975 0.0304533 0.0206073 0.0138475 0.0208658 -0.00360823 -0.0165702 -0.00209259 -0.00598431 0.00716181 0.00903756 0.0362814 0.013096 -0.00275052 0.0141979 -0.00249556 0.00461144 0.0112785 0.0057327 0.0170103 0.034892
internal_weight=3491.87 2868.55 2386.26 1389.91 996.343 482.294 391.891 623.322 1077.56 917.253 529.305 368.802 258.989 214.852 48.398 576.341 340.912 209.571 160.309 312.352 109.812 134.373 219.763 56.3451 127.95 116.112 100.161 94.0171 184.402 429.144
internal_count=19480 16866 14595 8193 6402 2271 1795 2614 6550 5693 2176 1656 1174 959 223 3716 1977 1234 857 1643 482 708 1246 289 709 663 431 438 934 1745
cat_boundaries=0 1
cat_threshold=98
is_linear=0
shrinkage=0.03


Tree=23
num_leaves=31
num_cat=1
split_feature=5 5 4 17 4 12 17 17 32 9 8 6 17 27 18 14 10 12 9 11 17 14 14 12 17 14 14 10 10 9
split_gain=562.956 211.111 99.4929 81.5534 56.4345 50.421 47.3946 38.6483 36.7465 36.1005 33.8865 32.6688 32.2747 29.7873 27.975 27.4428 34.9039 27.546 26.7591 27.7626 26.6874 26.1283 30.1355 33.4183 38.3318 24.9719 37.791 32.3737 24.3617 24.0735
threshold=0.52643132209777843 -0.97269129753112782 2.5000000000000004 0.79548063874244701 23.500000000000004 0.056499999016523368 -1.2670373916625974 1.5727599859237673 0 -7.7433714866638175 -54.855535507202141 -0.98471984267234791 0.40543007850646978 1.0000000180025095e-35 1.1452969908714297 -0.6599999964237212 -0.34499999880790705 0.054500000551342971 -10.897905826568602 73.500000000000014 1.1736132502555849 1.0949999690055849 -0.22999999672174451 0.13650000095367434 0.51652702689170849 -0.15999999642372129 0.14500000327825549 0.56499999761581432 -0.4849999994039535 -103.05646514892577
decision_type=2 2 8 2 10 2 2 2 1 2 2 2 2 2 2 2 2 2 2 2 2 2 2 2 2 2 2 2 2 2
left_child=1 6 7 10 -2 18 -1 13 25 12 -4 21 14 -3 -6 -13 17 -17 -5 -20 -7 22 23 24 -12 -8 -27 -28 -19 -22
right_child=4 2 3 5 9 20 8 -9 -10 -11 11 15 -14 -15 -16 16 -18 28 19 -21 29 -23 -24 -25 -26 26 27 -29 -30 -31
leaf_value=-0.027403244558554515 0.0033969145499430672 -0.019703650660112964 -0.016480201364040464 -0.012072944312841637 0.021175423955076662 0.0082656381734265028 -0.011525092872197428 0.013654410774642628 0.027471782800610044 0.034234360456590389 -0.032917990217350777 -0.017212156825861791 0.033963578407847583 -0.0021243648067898373 -0.012982319466877765 0.023453337235599062 -0.0033013104685636297 -0.027902432513980186 0.028039874097181755 -0.0083434204429305072 -0.00024333557679135403 0.029852369303259154 -0.027681156094218538 0.029946026761029754 0.033398016333388264 0.037196355620447735 -0.020763484739111656 0.028591967284689337 0.013669198621531993 0.045510158398460496
leaf_weight=19.911937475204468 86.24135684967041 775.55934782326221 276.20893873274326 82.7969751060009 43.157066002488136 48.996486350893974 47.139479398727417 36.081534400582314 186.99075140058994 394.66822871565819 30.980488672852516 96.647692382335663 54.96745790541172 97.950782343745232 41.269945025444031 86.976543977856636 633.25872251391411 21.382656574249268 42.942183285951614 32.447319447994232 12.596653506159781 9.6599303334951383 115.35361848771572 19.445046409964561 9.5059018582105619 38.458741560578346 30.760935068130493 18.19146029651165 28.34653177857399 56.752901434898376
leaf_count=122 402 5086 1702 468 179 252 250 199 780 1611 206 583 225 596 185 490 3713 136 229 187 59 57 746 121 55 171 162 88 153 265
internal_value=7.95731e-05 -0.00554985 -0.00855726 -0.00405882 0.0259598 0.0107363 0.0165519 -0.0164782 0.0193505 0.0295902 -0.00714596 -0.00468083 0.0162908 -0.0177371 0.00452179 -0.00222986 -0.000329365 0.0133615 -0.000368172 0.0124764 0.0254578 -0.0160918 -0.0187787 -0.00147066 -0.0169178 0.00551123 0.0153485 -0.00221703 -0.00440352 0.0373142
internal_weight=3475.65 2855.34 2513.89 1604.3 620.304 276.533 341.453 909.592 321.541 534.063 1327.77 1051.56 139.394 873.51 84.427 866.612 769.964 136.706 158.186 75.3895 118.346 184.945 175.285 59.9314 40.4864 134.551 87.4111 48.9524 49.7292 69.3496
internal_count=19478 16876 15303 9422 2602 1460 1573 5881 1451 2200 7962 6260 589 5682 364 5075 4492 779 884 416 576 1185 1128 382 261 671 421 250 289 324
cat_boundaries=0 1
cat_threshold=5
is_linear=0
shrinkage=0.03


Tree=24
num_leaves=31
num_cat=3
split_feature=5 5 17 32 2 14 31 5 14 8 5 12 16 17 14 17 0 16 17 28 16 5 28 5 16 18 18 13 16 32
split_gain=553.666 194.474 106.647 69.0646 64.9504 55.0238 54.1525 47.592 45.0486 42.8702 42.3081 51.2097 41.9663 36.7381 37.2189 39.963 32.4316 34.764 30.792 29.6207 27.1617 26.8733 31.8988 26.2299 25.5517 25.1379 25.1475 29.33 24.8624 27.3932
threshold=0.48901963233947759 -0.96105405688285817 -0.28556217253208155 0 46.468376159667976 -0.37499999999999994 1 0.25061884522438055 -1.0349999666213987 -5.8578784465789786 -0.83753159642219532 -0.37100000679492945 -1.3231350183486936 1.7078151702880862 -0.3299999982118606 -0.15506546199321744 51.724504470825202 1.6537657380104067 -0.34192450344562525 19.164343833923343 -0.78287568688392628 0.59747540950775158 18.926905632019047 -0.04725049436092376 1.1281398534774782 0.91998252272605907 1.5307921171188357 48.500000000000007 1.2922363281250002 2
decision_type=2 2 2 1 2 2 1 2 2 2 2 2 2 2 2 2 2 2 2 2 2 2 2 2 2 2 2 2 2 1
left_child=1 6 7 8 5 12 -1 -3 -4 18 19 -12 -2 14 15 -13 17 25 -7 -10 -17 -14 -23 -15 -8 -16 27 -27 29 -9
right_child=4 2 3 -5 -6 9 24 28 10 -11 11 13 21 23 16 20 -18 -19 -20 -21 -22 22 -24 -25 -26 26 -28 -29 -30 -31
leaf_value=0.021745409648431434 0.034429977398986983 -0.020139121739230281 -0.02669557382088085 -0.014521708493817367 -0.013685733795185879 -0.0071431505624755609 0.0051410865923272007 0.011640095540729358 0.0049894938791575734 0.036859609502556838 -0.01888152390726661 0.055823185940352571 -0.025610436693067718 0.009423820680417045 -0.010199881773747942 0.031278577789338589 -0.016420949743106258 0.050705819940790757 0.025296829497067838 0.032960326407151776 -0.0016391481689947019 -0.020676781008408994 0.025513894616680868 0.05411411591368491 -0.02390769281248057 0.00022506172298147179 -0.010208472598795308 0.024753003110420339 0.036631591289956626 -0.012727259178330258
leaf_weight=239.58773426711559 39.320550262928009 774.35944370925426 51.568117842078209 379.87702088057995 36.80554373562336 35.116539984941483 162.01512831449509 48.859182640910149 79.436120197176933 363.20639716088772 119.00826516747475 17.484847396612167 29.086643055081367 31.040655687451363 148.21620903909206 30.840981647372246 124.32404766976833 11.304828166961668 99.990891247987747 59.242361828684807 77.086653366684914 19.883353799581528 37.150924921035767 18.638963922858238 31.723187640309334 96.736490428447723 66.260617911815643 79.32479639351368 11.887824565172194 139.70894001424313
leaf_count=1026 161 5244 322 2483 195 162 806 251 415 1496 735 103 140 159 868 173 778 62 415 303 448 83 152 86 193 532 362 422 70 832
internal_value=5.12577e-05 -0.00578161 -0.00916685 -0.00382809 0.0247342 0.0270195 0.0126745 -0.0167699 0.000342467 0.0314857 0.00182632 -0.000771701 0.00916852 0.00232416 0.000409874 0.0150288 -0.00309646 0.00105646 0.0168746 0.0170888 0.00796809 -0.002628 0.00933204 0.0269278 0.000272245 -0.000506564 0.00543991 0.0113536 -0.00371914 -0.00644278
internal_weight=3459.09 2798.53 2365.21 1390.39 660.561 623.755 433.326 974.815 1010.51 498.314 958.946 820.267 125.441 701.259 651.579 125.412 526.167 401.843 135.107 138.678 107.928 86.1209 57.0343 49.6796 193.738 390.538 242.322 176.061 200.456 188.568
internal_count=19477 16673 14648 8251 2804 2609 2025 6397 5768 2073 5446 4728 536 3993 3748 724 3024 2246 577 718 621 375 235 245 999 2184 1316 954 1153 1083
cat_boundaries=0 1 2 3
cat_threshold=44 10 98
is_linear=0
shrinkage=0.03


Tree=25
num_leaves=31
num_cat=3
split_feature=5 5 17 0 1 12 17 4 7 17 7 3 16 27 14 7 12 31 16 6 5 31 12 18 31 9 16 16 16 14
split_gain=515.815 200.624 81.3936 57.0157 55.6611 46.216 45.9396 39.6229 39.2103 41.5172 36.8778 48.6603 52.8846 36.766 35.8427 37.5952 44.3695 34.1688 36.5586 32.4565 43.5386 32.1396 26.2671 45.1967 48.3976 29.2191 26.6127 24.6304 26.0559 24.0456
threshold=0.52643132209777843 -0.97269129753112782 1.1189950108528139 18.101202964782718 12.784722328186037 0.12650000303983691 -1.2670373916625974 2.5000000000000004 -3.7485659122467037 0.97211340069770824 -17.353397369384762 316.91842651367193 -1.3644295930862425 1.0000000180025095e-35 0.52500000596046459 -8.9030151367187482 -0.027500000782310959 0 0.50235500931739818 -0.99573117494583119 -0.8126716911792754 1 0.035499999299645431 0.82439422607421886 2 -77.260593414306626 -0.22490999102592465 0.66886055469512951 0.37996618449687963 0.49499998986721044
decision_type=2 2 2 2 2 2 2 10 2 2 2 2 2 2 2 2 2 1 2 2 2 1 2 2 1 2 2 2 2 2
left_child=1 6 3 10 8 19 -1 -7 9 -2 11 -3 -13 14 22 -16 -17 18 -18 -4 -21 -8 -5 24 26 -26 -24 28 -23 -14
right_child=4 2 5 13 -6 7 21 -9 -10 -11 -12 12 29 -15 15 16 17 -19 -20 20 -22 27 23 -25 25 -27 -28 -29 -30 -31
leaf_value=-0.0282502510707336 0.004919774478708277 -0.016266962078815849 0.040195524240730245 -0.022718709073833585 0.0030892356294947875 -0.0070541646513261136 0.027072206865190494 0.036450646458987046 0.033284905720012768 0.042067142879851888 0.0039460518345994459 0.047121744046818646 -0.0083757986967066562 -0.0006443203941142435 -0.024116934132737241 0.030040691650242174 -0.014263818960069374 -0.022356222728008284 0.044598120111289712 0.021463941918151781 -0.014560006427591431 0.008643748261949781 -0.017547463240112748 -0.020474247563672828 0.02165126565498662 -0.022587554555807361 0.031922240087524222 -0.012443736755996544 0.052657937742507578 0.012479681715763712
leaf_weight=18.896214798092842 104.34466217458248 348.35736919939518 14.110650062561033 565.04274059832096 92.085473582148552 25.802924051880836 175.26745609939098 66.066743865609169 389.96047574281693 35.725336700677872 302.02157309651375 19.327293038368225 195.61449179053307 153.90939271450043 55.616033315658569 41.98605589568615 17.638482943177223 44.223374843597412 18.677794709801674 39.020267263054848 122.41430968046188 89.083404541015625 11.484340384602545 243.88127470016479 15.601863801479338 72.556163102388382 48.966983705759048 41.353584781289101 13.132810384035109 65.651630476117134
leaf_count=117 447 2161 72 3815 434 152 719 310 1591 145 1618 107 1170 936 362 244 104 292 102 179 736 419 73 1622 108 506 290 239 59 354
internal_value=-5.08526e-05 -0.00549729 -0.00844351 -0.0103264 0.0246565 0.00717179 0.0161674 0.0242873 0.0283906 0.0146254 -0.00466151 -0.00879456 0.000507275 -0.0144092 -0.0162724 -0.00389035 0.00541168 -0.00763861 0.0129287 -0.00187227 -0.00577414 0.0188799 -0.0185695 -0.0125537 0.000494535 -0.0131306 0.0192577 0.00644257 0.0147541 -0.00310758
internal_weight=3447.82 2825.71 2487.97 2220.56 622.116 267.415 337.733 91.8697 530.03 140.07 930.972 628.951 280.593 1289.58 1135.68 178.142 122.526 80.5397 36.3163 175.545 161.435 318.837 957.533 392.491 148.609 88.158 60.4513 143.57 102.216 261.266
internal_count=19483 16866 15313 13864 2617 1449 1553 462 2183 592 5410 3792 1631 8454 7518 1104 742 498 206 987 915 1436 6414 2599 977 614 363 717 478 1524
cat_boundaries=0 1 2 3
cat_threshold=4 10 4
is_linear=0
shrinkage=0.03


Tree=26
num_leaves=31
num_cat=3
split_feature=5 5 17 10 0 5 3 18 12 5 9 29 12 12 32 6 6 10 17 27 16 10 10 17 6 16 32 32 17 18
split_gain=487.964 168.254 102.098 57.2296 51.3283 51.2715 43.9792 42.7858 49.3914 41.7959 39.3199 38.4682 39.0524 36.9859 36.5206 35.6961 30.3546 30.1677 30.1139 28.0102 38.4474 31.3815 78.0214 24.2874 23.3338 28.4076 27.3706 22.669 22.3002 21.9953
threshold=0.52643132209777843 -0.98097097873687733 0.86208418011665355 0.37500000000000006 15.304452896118166 -0.8126716911792754 0.014266946818679573 1.4408521652221682 -0.37800000607967371 -0.4591448307037353 -11.732379436492918 76.836559295654311 -0.37100000679492945 0.11699999868869783 0 -0.97789707779884327 -0.97606927156448353 -0.67500001192092884 -0.25295682251453394 1.0000000180025095e-35 0.070914063602685942 -0.42000000178813929 -0.35500000417232508 1.0000000180025095e-35 -0.94107943773269642 -0.65235421061515797 1 2 0.16916266083717349 1.8445399999618532
decision_type=2 2 2 2 2 2 2 2 2 2 2 2 2 2 1 2 2 2 2 2 2 2 2 2 2 2 1 1 2 2
left_child=1 7 4 6 10 -4 -2 8 28 -7 18 12 -11 -9 19 -14 -17 -12 -3 20 -6 -22 -23 27 -19 -26 -27 -8 -1 -21
right_child=3 2 5 -5 14 9 23 13 -10 11 17 -13 15 -15 -16 16 -18 24 -20 29 21 22 -24 -25 25 26 -28 -29 -30 -31
leaf_value=0.0091094166949713187 0.027265684348094996 -0.01612934827868235 0.029274523309867777 0.037612669451783758 -0.018635591128181445 -0.014668620096945174 0.012328640337420461 -0.021663643251844219 0.028620897949276448 -0.022620036183077934 -0.02276274961129127 -0.0063437614826691276 0.04638755099002051 0.02368758113995947 -0.02141381996226591 -0.025618146913059234 0.022682951508299784 -0.0096263277377457539 -0.0013528303544906352 0.0091170606874243255 -0.026074976666894338 0.057815173499322976 -0.0053616073473537569 0.018907310852124888 0.025974404523372834 0.024050713828609079 -0.0042788271486936804 -0.01260933081019198 -0.03354953212585704 -0.034634562308140687
leaf_weight=31.329284444451332 219.19726327061653 278.84644883871078 71.171468675136566 195.14735019207001 404.2354212552309 100.12537324428558 48.838798269629478 43.241669446229935 189.56262336671352 16.335470259189606 32.78899472951889 87.883606359362602 44.496231019496918 24.551916196942329 419.12769281864166 14.521253928542135 47.570578947663307 57.401891872286797 223.42584076523781 93.151872351765633 55.101056396961212 17.653120920062065 308.81252810359001 96.048053488135338 79.123217821121216 30.817150041460991 108.48648564517498 61.990700647234917 15.777970686554907 10.629909262061117
leaf_count=146 896 1771 322 804 2731 615 210 236 823 95 190 535 210 111 2921 76 234 345 1267 540 355 104 1910 413 412 145 584 292 76 65
internal_value=0.000125073 -0.00520273 -0.00776657 0.0241614 -0.0103393 0.00649429 0.0179269 0.0158203 0.0218188 0.00120283 -0.00440091 0.00877483 0.0195478 -0.0051338 -0.0140125 0.0261605 0.0111599 0.00401882 -0.00957206 -0.0101509 -0.0121979 -0.00534676 -0.0017793 0.00794836 0.00727319 0.011738 0.00352429 -0.00163314 -0.00557904 0.004348
internal_weight=3427.39 2806.17 2501.71 621.222 2119.6 382.104 426.075 304.463 236.67 310.933 810.89 210.807 122.924 67.7936 1308.71 106.588 62.0918 308.618 502.272 889.584 785.802 381.567 326.466 206.878 275.829 218.427 139.304 110.829 47.1073 103.782
internal_count=19434 16819 15427 2615 13340 2087 1811 1392 1045 1765 4714 1150 615 347 8626 520 310 1676 3038 5705 5100 2369 2014 915 1486 1141 729 502 222 605
cat_boundaries=0 1 2 3
cat_threshold=44 32 120
is_linear=0
shrinkage=0.03


Tree=27
num_leaves=31
num_cat=2
split_feature=5 5 29 31 10 3 5 12 12 10 5 14 16 17 29 17 3 17 14 14 5 32 5 12 17 18 1 18 5 16
split_gain=476.534 181.853 87.4802 81.987 59.6461 48.3935 47.5331 40.8738 37.9588 37.8456 36.6712 41.8251 37.4775 34.4064 32.121 34.4439 35 29.2871 26.972 27.1583 26.9329 25.4506 50.9599 25.2979 33.8033 29.1195 28.8534 27.2575 24.2641 25.1337
threshold=0.48901963233947759 -0.88134551048278797 75.77988433837892 0 0.37500000000000006 0.49395650625228887 0.081451712176203742 0.028500000014901165 -0.71900001168251026 0.2950000017881394 -0.98902499675750721 0.14500000327825549 0.940181463956833 0.49308504164218908 77.084831237792983 1.141010642051697 357.63442993164068 1.1189950108528139 -0.6599999964237212 -0.56999999284744252 -0.13282711803913114 1 0.33273787796497351 -0.46099999547004694 0.20819161087274554 0.7603900432586671 33.051876068115241 1.7108311653137209 -0.70125329494476307 -0.60017964243888844
decision_type=2 2 2 1 2 2 2 2 2 2 2 2 2 2 2 2 2 2 2 2 2 1 2 2 2 2 2 2 2 2
left_child=1 3 7 9 5 -2 14 -3 -5 10 13 12 -12 -1 15 16 -4 -9 -18 -20 -17 22 -8 -10 25 26 -25 -26 29 -16
right_child=4 2 6 8 -6 -7 21 17 23 -11 11 -13 -14 -15 28 20 18 -19 19 -21 -22 -23 -24 24 27 -27 -28 -29 -30 -31
leaf_value=0.042252739471624834 0.024507916929238618 -0.0068820901742159581 -0.021366128679441387 0.039114475612078349 0.036144314989757571 0.0044325806342007919 -0.011159281526835797 0.0067690496251548255 -0.035598546784421502 0.031884770811450816 0.020477091069503309 -0.020812350303343604 -0.01354497738182694 -0.0021444191436059881 0.0055628916950551614 -0.00444030338904475 -0.031550950632544254 0.04034183998988107 0.036829899276233619 -0.0048075342920419414 0.035334908301634695 -0.0090609789451754422 0.030913918121044829 0.032538049907009925 0.017497223768898326 -0.021674325115772719 -0.0079837610319958337 -0.019168197058565047 -0.026401165761996602 -0.020296417191231063
leaf_weight=51.037636265158653 272.36880406737328 246.76877817511559 304.54036037623882 16.682134374976158 204.31600342690945 179.58766834437847 55.973332494497299 181.62797772884369 23.121522128582001 109.30607847869396 111.84715057909489 45.471477493643761 38.499419555068016 22.369926631450653 48.854086637496948 51.79732757806778 30.406761065125465 25.963833317160606 14.286365717649458 180.69627659022808 20.650047421455383 362.02342134714127 46.643091887235641 19.969133675098419 84.90876467525959 105.1583146750927 63.377158686518669 22.282976657152176 374.65950675308704 106.38440382480621
leaf_count=214 1121 1476 2009 77 852 819 336 1019 137 504 555 239 201 93 338 296 209 110 87 1161 97 2203 223 92 409 642 348 108 2773 742
internal_value=-0.000260188 -0.00571581 -0.0102536 0.00731647 0.0227017 0.0165583 -0.0135564 0.00135897 -0.00358666 0.0166207 0.0109434 0.00410827 0.0117331 0.0288763 -0.0168707 -0.012097 -0.014747 0.0111413 -0.00574863 -0.0015844 0.00722376 -0.0054611 0.00736736 -0.00604846 -0.00362564 -0.0112535 0.00199562 0.00976851 -0.0222642 -0.0121749
internal_weight=3421.58 2765.31 2051.28 714.032 656.272 451.956 1596.91 454.361 335.5 378.532 269.226 195.818 150.347 73.4076 1132.28 602.377 529.93 207.592 225.389 194.983 72.4474 464.64 102.616 318.818 295.696 188.505 83.3463 107.192 529.898 155.238
internal_count=19490 16698 13079 3619 2792 1940 10474 2605 1813 1806 1302 995 756 307 7712 3859 3466 1129 1457 1248 393 2762 559 1736 1599 1082 440 517 3853 1080
cat_boundaries=0 1 2
cat_threshold=10 34
is_linear=0
shrinkage=0.03


Tree=28
num_leaves=31
num_cat=1
split_feature=5 5 17 29 2 31 5 12 5 2 2 17 3 3 14 5 14 14 16 11 14 17 14 18 29 17 5 14 11 29
split_gain=448.541 161.288 87.9232 79.9742 68.0579 44.5986 44.4614 43.3764 39.3233 40.3554 35.1868 35.0489 31.9126 31.3034 31.1037 29.6446 28.2933 57.846 36.6788 37.4282 28.2716 27.7182 30.4228 29.9865 24.8373 24.7581 41.4048 24.037 23.0271 23.102
threshold=0.48901963233947759 -0.96105405688285817 -0.28556217253208155 76.34873199462892 46.468376159667976 0 0.25061884522438055 0.12500000000000003 -0.78753387928009022 67.124362945556655 9.3753776550292987 1.7078151702880862 555.77374267578136 446.98823547363287 0.14500000327825549 0.63088810443878185 -0.84999999403953541 -0.3299999982118606 0.037843300029635436 76.500000000000014 -0.53999999165534962 -0.234918437898159 0.15500000119209292 2.010682344436646 81.26676177978517 0.38102295994758612 -0.85957497358322132 -0.20499999821186063 73.500000000000014 76.013408660888686
decision_type=2 2 2 2 2 1 2 2 2 2 2 2 2 2 2 2 2 2 2 2 2 2 2 2 2 2 2 2 2 2
left_child=1 5 6 11 7 12 28 21 20 -10 15 16 -1 14 -7 -9 -4 18 -18 -20 -5 22 23 -2 27 -19 -27 -22 29 -3
right_child=4 2 3 8 -6 13 -8 10 9 -11 -12 -13 -14 -15 -16 -17 17 25 19 -21 24 -23 -24 -25 -26 26 -28 -29 -30 -31
leaf_value=0.047103198042235894 -0.010794047949347546 -0.0015388973579714836 -0.020415235078892688 -0.020910819628767872 -0.016978507537762009 0.047434642308313395 -0.002783285027161039 0.0042801498398730526 -0.00013781564802169629 -0.017479656859821804 -0.01117389760954662 0.033784322528747919 0.015809987014245894 -0.0061829015678806342 -0.00090316908934132112 0.031086763039359755 0.04551525462085744 -0.0080306999549938588 0.032148993953159656 -0.021538690044715821 0.049550782396179723 0.035443555240359227 0.030543368367638279 0.036737852821735077 -0.015454423552393294 0.046538034734464211 0.0026677988567694955 0.0096995487455102305 -0.023776706606807418 -0.018285769375411962
leaf_weight=33.644402548670769 42.718718588352203 107.40965570509434 40.964181870222092 34.40752749145031 36.704801142215729 21.312443599104881 196.77130061388016 65.603071734309196 162.32243213057518 470.94171534478664 42.263814225792885 35.13512010872364 209.54107719659805 155.01872028410435 25.794353261590004 85.648324176669121 45.318293765187263 176.94524878263474 24.132409542798996 20.90779435634613 15.067061245441435 285.51897004246712 82.377919107675552 15.440331503748892 28.569098189473152 20.575462192296982 190.28120909631252 95.434402465820312 397.09971644729376 239.72476352006197
leaf_count=140 190 709 255 211 194 97 1144 283 928 3245 188 156 897 816 127 350 239 1034 134 117 76 1183 344 65 168 99 1020 525 2847 1688
internal_value=8.53217e-05 -0.00523905 -0.0084362 -0.00355653 0.0223484 0.0112703 -0.0154825 0.0247018 -0.00957949 -0.0130417 0.0128281 0.00521153 0.0195153 0.000326261 0.0214976 0.0195643 0.00321644 0.00527936 0.0267551 0.0073005 0.00306131 0.0300522 0.018926 0.00223263 0.00909922 0.000219532 0.00714813 0.015529 -0.0188319 -0.0131233
internal_weight=3403.59 2747.32 2302.01 1361 656.276 445.311 941.005 619.571 806.742 633.264 193.515 554.26 243.185 202.126 47.1068 151.251 519.125 478.16 90.3585 45.0402 173.478 426.056 140.537 58.1591 139.071 387.802 210.857 110.501 744.234 347.134
internal_count=19469 16672 14595 8207 2797 2077 6388 2603 5153 4173 821 3054 1037 1040 224 633 2898 2643 490 251 980 1782 599 255 769 2153 1119 601 5244 2397
cat_boundaries=0 1
cat_threshold=10
is_linear=0
shrinkage=0.03


Tree=29
num_leaves=31
num_cat=1
split_feature=3 6 4 17 7 31 8 12 12 6 17 16 12 16 14 17 0 9 27 14 12 12 14 6 12 18 17 14 9 2
split_gain=385.219 134.851 96.539 67.7591 49.8956 47.9321 36.4359 31.4266 35.3856 30.3798 31.878 28.3698 27.2961 31.8167 31.2891 26.0553 32.0959 31.8105 25.6726 25.6068 23.2505 23.0236 22.9611 22.7999 25.637 24.0878 20.518 22.693 20.2644 26.0116
threshold=0.33733227849006658 -0.31473593413829798 3.5000000000000004 0.67499551177024852 -29.09250450134277 0 -10.485037803649901 -0.71900001168251026 -0.37800000607967371 -0.54638096690177906 1.6090713143348696 0.74319502711296093 -0.14199999719858167 0.47467438876628881 0.16499999910593036 -0.46075017750263209 13.861207962036135 -4.9689743518829337 1.0000000180025095e-35 0.52500000596046459 -0.028500000014901158 -0.31749999523162836 0.39499999582767492 -0.85020262002944935 -0.36949999630451197 0.64485144615173351 -1.1955825090408323 -0.070000002160668359 -79.928268432617173 100.14503097534181
decision_type=2 2 10 2 2 1 2 2 2 2 2 2 2 2 2 2 2 2 2 2 2 2 2 2 2 2 2 2 2 2
left_child=6 2 9 4 -4 -3 -1 -7 -9 10 -2 12 -5 14 -14 16 17 -6 19 -11 -12 -10 -13 -17 -25 -26 -8 -28 -16 -30
right_child=1 5 3 11 15 7 26 8 21 18 20 22 13 -15 28 23 -18 -19 -20 -21 -22 -23 -24 24 25 -27 27 -29 29 -31
leaf_value=-0.00073628948952571228 -0.017527021524866626 0.018802624014975202 -0.015581568146880907 -0.00057760518439896661 -0.0084759531299338203 0.044593927355644422 0.0038646257339169836 -0.03461610556879989 0.035351928863685961 -0.014286387951737138 0.039619709375221399 -0.018956438740416148 0.028236920533517521 0.056445429272794514 -0.02048363434378301 -0.0029199406389916771 -0.019370110343525322 0.015921205412862495 0.024770627776234313 0.015195409733187167 -0.0084227114740505777 -0.0017436994975032359 0.016931520225337171 -0.014532441602601729 0.0024799325116430528 0.025153501273934637 0.021230593725051882 0.036932868565856342 0.02773771227121475 -0.0079515809881962156
leaf_weight=40.465100154280663 796.96429964154959 264.09509982168674 315.94593630731106 85.932143166661263 146.74837110936642 12.158930242061613 27.229415401816368 26.923095390200615 15.610654249787329 110.23173947632313 14.200441926717756 48.620058655738831 89.942555844783783 18.237562850117683 22.845091193914413 236.10486595332623 129.38154985010624 70.316222190856934 25.60021248459816 33.918429180979729 21.78716005384922 160.35167543590069 22.804723158478737 29.771735154092312 75.05834986269474 95.947250008583069 139.45386774837971 225.70235505700111 38.907266423106194 33.416482150554657
leaf_count=194 5566 1134 2081 475 860 51 114 162 68 716 77 281 436 86 121 1410 897 363 133 186 123 833 108 178 400 480 574 945 179 186
internal_value=-3.72473e-05 -0.00392786 -0.00676126 -0.001836 -0.00553792 0.010619 0.026353 -0.000326974 -0.00324064 -0.0139237 -0.0162787 0.00942994 0.0136021 0.0195677 0.0156507 -0.00147223 -0.00760513 -0.000535933 -0.00234023 -0.00729245 0.0110931 0.00172845 -0.00742245 0.0033974 0.010804 0.0152738 0.0291413 0.0310105 0.00358574 0.0113643
internal_weight=3374.67 2941.82 2462.68 1459.98 1099.27 479.139 432.851 215.044 202.885 1002.7 832.952 360.706 289.281 203.349 185.111 783.328 346.446 217.065 169.75 144.15 35.9876 175.962 71.4248 436.882 200.777 171.006 392.386 365.156 95.1688 72.3237
internal_count=19417 17590 15342 8541 6669 2248 1827 1114 1063 6801 5766 1872 1483 1008 922 4588 2120 1223 1035 902 200 901 389 2468 1058 880 1633 1519 486 365
cat_boundaries=0 1
cat_threshold=10
is_linear=0
shrinkage=0.03


Tree=30
num_leaves=31
num_cat=1
split_feature=3 6 17 4 7 7 18 12 6 17 18 17 12 29 17 6 3 12 6 10 0 6 32 3 12 10 6 10 14 14
split_gain=337.704 121.599 104.109 74.9745 49.5682 44.066 43.1646 40.7525 38.0975 36.6241 33.7576 32.274 31.1818 29.7732 28.7536 27.0243 32.197 30.5459 30.423 26.2617 24.6292 32.0265 34.5387 25.7425 26.0878 25.5502 25.2497 25.2233 24.2002 23.8555
threshold=0.85626241564750682 -0.18987156450748441 1.141010642051697 3.5000000000000004 -19.59663105010986 -5.3632299900054923 1.5307921171188357 -0.37800000607967371 -0.50943501293659199 -0.28556217253208155 0.81063601374626171 0.67499551177024852 0.11699999868869783 76.836559295654311 -1.4190942645072935 -0.54638096690177906 267.49920654296881 -0.37100000679492945 -0.99223279953002919 -0.12499999627470969 13.55401134490967 -0.80187052488327015 0 28.519619941711429 -0.16650000214576718 -0.64500001072883595 -0.94107943773269642 0.1799999997019768 -0.3299999982118606 -0.35500000417232508
decision_type=2 2 2 8 2 2 2 2 2 2 2 2 2 2 2 2 2 2 2 2 2 2 1 2 2 2 2 2 2 2
left_child=5 2 3 -2 8 -1 7 -3 9 -5 -11 -10 -8 28 -7 16 17 -4 -19 29 21 22 23 24 27 -24 -27 -6 -12 -16
right_child=1 6 15 4 20 14 12 -9 11 10 13 -13 -14 -15 19 -17 -18 18 -20 -21 -22 -23 25 -25 -26 26 -28 -29 -30 -31
leaf_value=0.0019750484190242984 -0.014501642375688418 -0.0055386065142200369 -0.0170302924272452 -0.023235945010752681 -0.012455353480056774 -0.0016854621181508675 -0.022513835997411795 0.025409303290253926 -0.00098698957885657202 -0.019678339083104561 0.040501455196266287 0.048651686666691528 0.020557794315763735 -0.014064523214233973 0.026568088258550292 0.030518853151046424 -0.0082853281064018507 0.051115244681030611 0.01342091358279543 0.035101250734208576 -0.0034462315046196053 0.02566883376002764 -0.01803192307978032 0.014456520348044007 -0.02486410828096294 -0.003846138902991179 0.02975651040930314 0.038435384075007524 0.004417141199837017 -0.00096661852283081698
leaf_weight=74.455513626337051 952.92264199256897 46.881380528211594 22.341571420431137 205.98607218265533 23.11523562669754 28.946991413831711 43.003941744565964 200.59617501497269 167.89555260539055 107.3373611047864 19.817954540252686 11.675819680094717 22.126755565404892 65.760810449719429 94.070455387234688 51.578533500432968 83.065925404429436 22.850851431488991 107.7214746773243 246.79596234858036 341.37436633557081 71.368406787514687 16.834061726927757 36.086417198181152 71.720562726259232 26.935873344540596 76.209400147199631 12.806664377450941 86.770871058106422 40.234671980142593
leaf_count=349 6515 223 139 1471 121 121 235 870 923 690 107 52 97 438 387 227 514 108 525 1041 2128 313 87 210 383 151 356 63 476 167
internal_value=8.42671e-05 -0.00379781 -0.00593827 -0.00807124 -0.00349673 0.0232387 0.0138452 0.0195479 -0.00930517 -0.0136632 -0.00655536 0.0024921 -0.00779158 0.00168385 0.0270855 0.0110511 0.00668519 0.0148185 0.020356 0.0292696 0.00222079 0.00798739 0.0031233 -0.00673236 -0.0145232 0.0142653 0.0210287 0.00623751 0.0114403 0.0183732
internal_weight=3379.29 2894.78 2582.18 2294.62 1341.7 484.504 312.608 247.478 665.244 485.673 279.687 179.571 65.1307 172.35 410.048 287.558 235.98 152.914 130.572 381.101 676.451 335.077 263.708 143.729 107.642 119.979 103.145 35.9219 106.589 134.305
internal_count=19487 17422 15997 14484 7969 2065 1425 1093 4157 3182 1711 975 332 1021 1716 1513 1286 772 633 1595 3812 1684 1371 777 567 594 507 184 583 554
cat_boundaries=0 1
cat_threshold=20
is_linear=0
shrinkage=0.03


Tree=31
num_leaves=31
num_cat=1
split_feature=5 5 29 1 32 5 12 7 17 17 17 29 16 17 17 17 16 5 10 16 17 17 28 12 14 3 12 14 10 28
split_gain=387.148 131.726 89.1957 60.8281 59.1207 47.0634 42.5732 41.6677 38.1435 35.1707 30.713 30.3066 29.9812 29.9862 29.673 29.3321 29.103 27.5666 42.4967 33.782 33.1304 27.5558 27.4096 27.2425 26.0429 25.3059 24.4038 28.6641 27.9931 24.1272
threshold=0.48901963233947759 -0.85957497358322132 75.77988433837892 10.232269287109377 0 0.081451712176203742 -0.71900001168251026 -3.9040225744247432 -0.25784449279308314 1.3122850060462954 0.97211340069770824 77.084831237792983 1.1281398534774782 -0.40205584466457361 -1.2670373916625974 1.141010642051697 -0.76819729804992665 -0.98097097873687733 0.49500000476837164 0.16344932466745379 0.49308504164218908 0.17250502109527591 25.503168106079105 0.12650000303983691 0.76499998569488536 353.75099182128912 -0.46099999547004694 0.80000001192092907 -0.49500000476837153 22.825375556945804
decision_type=2 2 2 2 1 2 2 2 2 2 2 2 2 2 2 2 2 2 2 2 2 2 2 2 2 2 2 2 2 2
left_child=1 4 8 7 9 11 -6 10 24 14 -2 15 13 -8 -1 25 -16 20 -19 -20 -18 -5 -23 -17 -3 -4 -15 28 -28 -10
right_child=3 2 5 21 6 -7 12 -9 29 -11 -12 -13 -14 26 16 23 17 18 19 -21 -22 22 -24 -25 -26 -27 27 -29 -30 -31
leaf_value=-0.024805082826836258 0.0032604488147369246 -0.012704002822984235 -0.019956260131728264 -0.012334501488537992 0.04053745374465504 -0.004868510693038096 -0.013276137092722528 0.030035567339557104 0.013573740722386613 0.051803128065844126 0.03621952283462139 -0.022066490211517541 -0.023073092535836025 -0.027439896769696062 0.035027880225198593 -0.0054285620965203174 0.030776913232119753 -0.0047131032450561938 0.0039958646306185314 0.062296113124768314 -0.0074824574985202837 0.030364925298425865 -0.014946134458893996 0.035470646210971207 0.023967751543765483 -0.0058629246005571832 -0.01976928501616898 -0.01621388898588615 0.017511615336813072 -0.010908480796870894
leaf_weight=18.076602250337601 109.56203204393387 150.44309408962727 284.20545257627964 62.772403940558434 18.660410180687904 458.69968081265688 118.26283264160156 391.6420165002346 223.94571420550346 19.995754346251488 32.238148748874664 468.25225875526667 65.662303954362869 17.859459191560745 48.554731428623199 49.54788176715374 84.520937815308571 141.68018265068531 19.046379268169403 16.116082191467285 26.291808888316154 38.022813379764557 16.635909378528595 19.693605601787567 18.764091417193413 193.64433512091637 19.685183525085449 35.061657398939133 154.12471702694893 42.4030951410532
leaf_count=112 476 1001 1950 309 85 2766 733 1637 1173 82 132 3605 394 106 225 285 344 788 100 75 110 164 77 92 110 1295 111 177 732 237
internal_value=-6.2747e-05 -0.00504881 -0.00933547 0.0206978 0.00513658 -0.0128579 -0.00254163 0.0249935 0.00258766 0.0136316 0.0109548 -0.016459 -0.00465462 -0.0010925 0.0117211 -0.011628 0.0137527 0.0100527 0.00266472 0.0317005 0.0217136 0.00113767 0.0165533 0.00654333 -0.0085204 -0.0142692 0.00529287 0.00820908 0.0132004 0.00964991
internal_weight=3364.07 2713.2 1909.6 650.873 803.599 1474.04 429.317 533.442 435.556 374.282 141.8 1015.34 410.656 344.994 354.287 547.091 336.21 287.655 176.843 35.1625 110.813 117.431 54.6587 69.2415 169.207 477.85 226.731 208.872 173.81 266.349
internal_count=19483 16688 12514 2795 4174 9993 2338 2245 2521 1836 608 7227 2253 1859 1754 3622 1642 1417 963 175 454 550 241 377 1111 3245 1126 1020 843 1410
cat_boundaries=0 1
cat_threshold=56
is_linear=0
shrinkage=0.03


Tree=32
num_leaves=31
num_cat=0
split_feature=3 17 4 9 29 13 17 4 3 17 12 10 29 28 16 2 17 4 17 16 14 9 26 16 10 9 16 3 10 12
split_gain=353.044 105.87 86.2585 48.9337 42.131 42.8162 62.7169 33.5943 32.7297 28.7078 30.5043 32.0796 23.199 22.6572 26.3436 22.5486 22.3303 21.8798 21.6331 23.3866 19.8022 28.0871 19.6417 18.959 18.0758 17.9405 17.8026 17.7884 24.2017 28.6655
threshold=1.0117325186729433 -0.34192450344562525 2.5000000000000004 -5.6913642883300772 86.164299011230483 48.500000000000007 0.79548063874244701 17.500000000000004 584.79080200195324 -0.30042955279350275 -0.37800000607967371 1.060000002384186 76.34873199462892 19.008403778076175 -0.70139330625534047 56.357252120971687 0.40543007850646978 211.50000000000003 -0.27559790015220637 1.011741101741791 0.55000001192092907 -26.121124267578121 1.0000000180025095e-35 -1.2127375602722166 -0.37499999999999994 -6.3533122539520255 -0.94029042124748219 316.91842651367193 0.080000001937150969 0.049999998882412917
decision_type=2 2 8 2 2 2 2 8 2 2 2 2 2 2 2 2 2 10 2 2 2 2 2 2 2 2 2 2 2 2
left_child=3 7 -3 16 5 6 23 20 12 -7 11 -11 15 -9 17 -8 26 -15 -12 27 -2 -22 25 -4 -21 -17 -1 -20 -29 -30
right_child=1 2 4 -5 -6 9 8 13 -10 10 18 -13 -14 14 -16 22 -18 -19 19 24 21 -23 -24 -25 -26 -27 -28 28 29 -31
leaf_value=-0.01448262032687626 -0.017517915765180744 -0.009155072461503334 0.012031481084312162 0.030770684715214009 -0.031744451269151874 0.045369216859897477 -0.0052231746824740466 -0.013071732308637323 0.04397524278632247 -0.018510124742750118 -0.019925379334830757 0.031164854501387139 -0.0021646580973231641 0.03325871767869798 -0.004207731392790375 -0.012946915349019714 0.02474445407291238 -0.0082900915924988099 0.010960388153955154 -0.036137376669243645 -0.019933701369912127 0.008065443728577662 0.051865950413616059 -0.0086907286564628528 0.0047171382841041075 0.031968508879029134 0.010597762847290462 0.036099335127592884 -0.012660558653385501 0.02320709759502354
leaf_weight=33.226608157157898 612.11966928839684 597.86438973993063 43.609319373965263 297.88250014185905 26.816014051437378 20.644069656729698 21.283445820212364 120.23498183488846 27.712360724806786 55.978178843855858 16.807310000061989 13.768459931015967 80.876690380275249 37.713410347700119 114.36576273292303 12.205283939838408 74.274427726864815 15.687008455395697 246.95169620215893 11.726850822567938 57.496168687939644 70.980169147253036 22.481505900621414 371.11748738586903 40.882833376526833 20.03965562582016 99.013861775398254 76.774431750178337 26.78593660145998 72.921044327318668
leaf_count=149 4352 3839 241 1253 173 90 98 737 126 320 97 76 462 202 636 62 317 82 1271 64 394 438 100 2213 217 97 453 384 156 342
internal_value=-0.000101271 -0.00421667 0.000157602 0.0229991 0.00476513 0.00561915 -1.45236e-05 -0.011895 0.0144857 0.0113983 0.0100735 -0.00840204 0.00903119 -0.00318669 0.00393321 0.0208173 0.0116949 0.0211252 0.0126998 0.013891 -0.0152726 -0.00452201 0.0308566 -0.00648805 -0.00489367 0.0150892 0.00423469 0.016231 0.0235028 0.0135413
internal_weight=3340.24 2835.84 1807.25 504.397 1209.38 1182.57 599.326 1028.6 184.599 583.241 562.597 69.7466 156.887 288.001 167.766 76.0099 206.515 53.4004 492.85 476.043 740.596 128.476 54.7264 414.727 52.6097 32.2449 132.24 423.433 176.481 99.707
internal_count=19441 17269 10428 2172 6589 6416 3399 6841 945 3017 2927 396 819 1657 920 357 919 284 2531 2434 5184 832 259 2454 281 159 602 2153 882 498
is_linear=0
shrinkage=0.03


Tree=33
num_leaves=31
num_cat=2
split_feature=5 5 29 32 4 10 17 16 5 32 29 17 16 17 28 17 29 29 5 16 12 12 12 4 14 18 10 7 12 12
split_gain=348.691 127.694 75.8187 69.9711 68.2442 45.5811 38.3562 34.9678 32.4586 33.098 32.6647 32.3179 30.345 30.0575 37.4291 29.4064 28.636 27.0545 33.228 22.8685 28.7998 26.0317 22.606 22.681 20.8596 20.354 20.2298 24.9167 19.8968 20.9457
threshold=0.52643132209777843 -0.85957497358322132 75.77988433837892 0 59.500000000000007 0.37500000000000006 -0.40205584466457361 -0.82302001118659962 0.63088810443878185 1 83.357944488525405 -0.25784449279308314 1.0861150026321413 -0.27559790015220637 22.590013504028324 -0.39733999967575068 86.164299011230483 77.440567016601577 0.33273787796497351 -0.91951251029968251 -0.060000000521540635 -0.2145000025629997 0.13350000232458117 223.50000000000003 0.49499998986721044 0.25180950760841375 0.49500000476837164 -4.8531422615051261 -0.027500000782310959 -0.00450000021373853
decision_type=2 2 2 1 10 2 2 2 2 1 2 2 2 2 2 2 2 2 2 2 2 2 2 10 2 2 2 2 2 2
left_child=1 3 11 7 13 8 -5 -1 9 -2 -10 -3 16 -4 28 -9 25 -6 -19 20 21 -16 -11 -24 -17 -8 -7 -28 -15 -30
right_child=5 2 4 6 17 26 12 15 10 22 -12 -13 -14 14 19 24 -18 18 -20 -21 -22 -23 23 -25 -26 -27 27 -29 29 -31
leaf_value=0.03679788116196013 -0.0078459517331609802 -0.0078835324677746319 -0.020517136962197674 -0.015899377663242599 -0.0063782441939794409 0.045587836121289804 -0.019671493596326767 -0.0023457930992573004 0.026145135884909573 0.026372057103410854 -0.012737296653786786 0.0088483537175439372 -0.016835779435597012 -0.011326268945787225 -0.0029744902588190549 0.011139248191380876 -0.031760025534515887 -0.0041888472434371254 0.028630964406645181 -0.019703665669002942 -0.022008454310606142 0.045890288295658332 0.020287859963927849 -0.028006549345792376 0.031316798632519599 0.013163694489676329 -0.0021565821339038201 0.03153147105227503 0.039616674728014271 0.00055911876977086093
leaf_weight=57.236498564481735 85.835918009281158 167.854102820158 478.99530892074108 134.74846604466438 132.11834059655666 69.823904559016228 17.603592395782471 96.71346352994442 209.23387745022774 75.882590159773827 20.835729017853737 269.20645907521248 53.724827826023102 149.42616277933121 25.902179226279259 149.11042715609074 14.410386219620703 50.721474587917328 59.742888942360878 365.36120966076851 32.448453195393085 14.686336375772951 17.071176111698151 15.987700983881949 67.131835654377937 209.57794378697872 24.409669741988182 100.0576214492321 12.340101689100264 168.1746701747179
leaf_count=270 396 1112 3672 849 741 297 100 539 871 316 91 1416 320 947 180 707 75 296 279 2680 229 101 76 68 299 1015 100 430 68 991
internal_value=0.000234015 -0.00438165 -0.00856372 0.00568667 -0.0117849 0.0205398 -0.00263694 0.0150044 0.0149751 0.00591815 0.022584 0.00241911 0.00335875 -0.0146145 -0.0109128 0.011392 0.00790047 0.00276462 0.0136588 -0.0166477 -0.00130095 0.0153848 0.0159946 -0.00320449 0.0175186 0.0105443 0.0325688 0.0249603 -0.0032655 0.00343266
internal_weight=3346.37 2727.24 1926.98 800.257 1489.92 619.138 430.065 370.192 424.847 194.777 230.07 437.061 295.317 1247.33 768.339 312.956 241.592 242.583 110.464 438.398 73.037 40.5885 108.941 33.0589 216.242 227.182 194.291 124.467 329.941 180.515
internal_count=19531 16886 12712 4174 10184 2645 2359 1815 1818 856 962 2528 1510 8868 5196 1545 1190 1316 575 3190 510 281 460 144 1006 1115 827 530 2006 1059
cat_boundaries=0 1 2
cat_threshold=56 5
is_linear=0
shrinkage=0.03


Tree=34
num_leaves=31
num_cat=2
split_feature=5 5 29 2 31 10 5 32 17 0 29 17 5 17 10 16 5 16 12 12 10 14 0 16 17 17 5 10 16 10
split_gain=320.785 123.629 84.591 59.8822 56.604 55.8102 39.3603 38.117 34.7872 34.323 32.7554 31.5189 30.3764 27.754 26.6206 25.8019 25.0368 34.5474 33.3351 23.765 21.448 21.0723 20.7086 19.3376 18.685 18.1291 28.8765 17.9518 17.312 20.6823
threshold=0.52643132209777843 -0.88134551048278797 75.77988433837892 54.992557525634773 0 0.37500000000000006 0.63088810443878185 1 -0.33403448760509485 3.4331679344177251 77.084831237792983 -0.40205584466457361 -0.8126716911792754 1.7078151702880862 0.2950000017881394 -0.5375225543975829 -0.98097097873687733 -0.82302001118659962 0.12900000065565112 -0.30349999666213984 -0.55500000715255726 -0.49499998986721033 46.089241027832038 -1.8195750117301939 0.27514992654323583 -0.27559790015220637 0.25061884522438055 0.49500000476837164 -0.33059918880462641 -0.12499999627470969
decision_type=2 2 2 2 1 2 2 1 2 2 2 2 2 2 2 2 2 2 2 2 2 2 2 2 2 2 2 2 2 2
left_child=1 4 13 25 14 6 7 -2 -5 20 -10 27 -12 22 16 19 18 -18 -1 -13 -8 -19 23 -3 -21 26 -4 -6 29 -9
right_child=5 2 3 8 11 -7 9 28 10 -11 12 15 -14 -15 -16 -17 17 21 -20 24 -22 -23 -24 -25 -26 -27 -28 -29 -30 -31
leaf_value=0.0089420506187119896 -0.011288181007349751 -0.029506914828790927 -0.024166820789143287 -0.022598382798087058 -0.021897228507409876 0.032609834108693177 0.01107702436017334 0.0064131143106766928 -0.0058133075450043769 -0.0005818843777259168 0.0047992138254670386 0.042376605636794545 -0.022033274901152339 0.037980033222211163 0.026587917414681316 -0.003275745833810188 0.03174992159267033 0.010746039994091587 0.043503929871384607 -0.0220519787073244 0.034094408372142115 -0.014572780031517445 -0.01077924164446226 0.0063674719738284107 0.019929124908884936 0.0048599318314294674 -0.00044362773248297216 0.018269104358420472 -0.0015935814393747631 0.038818591767824533
leaf_weight=85.749841198325157 84.79969410598278 13.127809941768644 66.066193051636219 387.99709865450859 86.731289654970169 195.40473718941212 52.452601402997971 33.308115720748901 411.54188704490662 49.71554771065712 43.368262954056263 23.456213980913162 287.01592267304659 18.501397356390953 109.40935800969601 167.05568331480026 26.099476054310799 45.187747180461884 34.961938783526421 14.156236737966536 128.75727705657482 81.670067146420479 96.730741858482361 325.36256997287273 24.840184465050697 190.3436174839735 148.39544753730297 10.542266473174093 35.280371725559235 38.066550225019455
leaf_count=360 394 79 488 3061 562 837 213 141 2578 216 274 114 2252 78 500 884 129 250 143 75 540 453 609 1866 109 1051 834 60 151 159
internal_value=-0.000107878 -0.00457393 -0.00840968 -0.0117723 0.00616742 0.0193745 0.0131888 0.00310364 -0.0153166 0.0215008 -0.0114833 -0.00308955 -0.0185072 0.00296541 0.0137733 0.00289192 0.00907352 0.000987345 0.0192274 0.0191815 0.0275292 -0.00554051 0.00139327 0.00489332 0.00451909 -0.00186576 -0.00782994 -0.0174025 0.0142681 0.0239936
internal_weight=3316.1 2698.31 1988.45 1534.73 709.86 617.785 422.38 191.455 1129.92 230.925 741.926 326.782 330.384 453.723 383.078 229.508 273.669 152.957 120.712 62.4526 181.21 126.858 435.221 338.49 38.9964 404.805 214.462 97.2736 106.655 71.3747
internal_count=19460 16809 13170 10538 3639 2651 1814 845 8165 969 5104 1804 2526 2632 1835 1182 1335 832 503 298 753 703 2554 1945 184 2373 1322 622 451 300
cat_boundaries=0 1 2
cat_threshold=10 5
is_linear=0
shrinkage=0.03


Tree=35
num_leaves=31
num_cat=1
split_feature=2 7 6 28 12 31 16 17 12 14 17 14 12 10 10 12 6 16 12 2 17 10 6 12 16 14 18 14 2 17
split_gain=244.216 134.826 126.953 94.9176 81.5967 58.1648 39.571 48.6006 51.0599 48.0157 37.4641 37.4419 34.2722 33.3035 31.0529 30.6286 30.3112 43.4681 29.6855 28.7601 28.6143 27.5297 29.6832 34.6005 28.9675 27.9154 30.5283 26.7454 42.3173 26.2793
threshold=27.566869735717777 -5.0161798000335684 -0.47246390581130976 20.863806724548343 -0.027500000782310959 0 0.4482188373804093 -0.73769435286521901 0.22399999946355822 0.30500000715255743 0.1427469998598099 0.39499999582767492 0.11199999973177911 0.2950000017881394 -0.5349999964237212 -0.71900001168251026 -0.61626377701759327 -0.33059918880462641 -0.28399999439716334 67.124362945556655 -0.76896089315414418 0.2950000017881394 -0.18987156450748441 0.12900000065565112 -0.739569991827011 -0.49499998986721033 0.59463971853256237 -0.68500000238418568 129.48593902587893 1.1736132502555849
decision_type=2 2 2 2 2 1 2 2 2 2 2 2 2 2 2 2 2 2 2 2 2 2 2 2 2 2 2 2 2 2
left_child=1 20 3 4 10 21 7 -6 27 -8 -2 19 14 -13 -3 -7 -5 -18 -16 -12 -1 22 24 -24 -4 26 -26 -9 -29 -10
right_child=2 12 5 16 6 15 9 8 29 -11 11 13 -14 -15 18 -17 17 -19 -20 -21 -22 -23 23 -25 25 -27 -28 28 -30 -31
leaf_value=-0.018510510292339865 -0.020009179152270434 0.010186684721732894 0.025603728338039245 -0.018111366325185261 -0.021821517580859293 0.035385446590679027 0.0053494748659241318 -0.006262264312387575 -0.014698818587080715 0.042519129396307496 0.022098687125710052 0.049770481473495269 0.01156580155333917 0.00019758506865316381 0.01761177584733583 -0.0055154667685029133 0.025156568043655143 -0.014047017359667064 0.037475535850068707 -0.015217128983423141 0.0026854617996141853 0.027014425299978485 0.0090704544426511626 0.044096125701287514 0.045275619198629338 -0.018303988313852396 -0.005930883040189021 0.009569729946003476 0.046870791039635595 0.026834940827302454
leaf_weight=75.91906526684761 216.23815090209246 80.822874203324318 30.580141201615334 760.41635681688786 63.650214716792107 16.415087968111038 74.172258250415325 29.210384041070938 89.226866833865643 53.516105517745018 20.995785191655159 19.59441214799881 196.23808689415455 29.930777177214622 102.59116245806217 307.53556221723557 36.321102879941463 79.070432178676128 216.45191212743521 121.80485320091248 224.23720597475767 108.74801768362522 80.606803134083748 36.548011377453804 14.879072412848471 71.588257536292076 30.244644120335579 64.05725260078907 47.682368844747543 15.224207252264021
leaf_count=463 1544 348 146 5685 472 73 422 178 529 290 105 98 870 161 451 1721 232 550 957 743 1166 499 337 150 75 412 169 354 273 67
internal_value=0.000306826 0.0136742 -0.00465103 -0.00902428 -0.0018488 0.0061431 0.00715875 0.00133384 0.00740388 0.0211372 -0.0114715 -0.00181845 0.0219196 0.0204077 0.0269593 -0.00324071 -0.0159398 -0.00159702 0.0311632 -0.00961511 -0.00271934 0.0139884 0.00907705 0.0202779 9.13147e-05 -0.00675401 0.0115695 0.0191277 0.0257617 -0.00844802
internal_weight=3314.52 896.26 2418.26 1721.11 845.304 697.146 436.74 309.051 245.401 127.688 408.564 192.326 596.104 49.5252 399.866 323.951 875.808 115.392 319.043 142.801 300.156 373.195 264.447 117.155 147.292 116.712 45.1237 140.95 111.74 104.451
internal_count=19540 4255 15285 11703 5236 3582 2585 1873 1401 712 2651 1107 2626 259 1756 1794 6467 782 1408 848 1629 1788 1289 487 802 656 244 805 627 596
cat_boundaries=0 1
cat_threshold=10
is_linear=0
shrinkage=0.03


Tree=36
num_leaves=31
num_cat=2
split_feature=5 5 17 16 4 29 5 32 17 14 32 12 12 7 18 5 5 9 16 18 2 5 12 17 16 16 12 14 10 12
split_gain=272.022 109.067 62.4838 59.7026 56.4742 48.6826 40.9712 48.2196 39.0037 38.8958 37.4936 33.9921 32.2951 32.1329 31.4887 30.7005 34.3179 30.1734 29.8915 29.0182 26.7752 26.6131 24.8812 24.4777 22.5818 20.3901 19.9694 30.1955 23.7722 22.3251
threshold=0.56202840805053722 -0.91865202784538258 -0.34192450344562525 1.113820016384125 3.5000000000000004 84.152141571044936 0.33273787796497351 0 -1.2670373916625974 1.0249999761581423 1 -0.71900001168251026 -0.39300000667572016 -29.773410797119137 0.64485144615173351 0.038674917072057731 -0.78753387928009022 -8.7837634086608869 -0.36812625825405115 0.55872759222984325 181.27133941650393 -0.49655652046203608 -0.37800000607967371 0.079938780516386046 -0.28875534236431116 0.15175064653158191 -0.02450000029057264 0.38499999046325689 1.1200000047683718 -0.26350000500679011
decision_type=2 2 2 2 8 2 2 1 2 2 1 2 2 2 2 2 2 2 2 2 2 2 2 2 2 2 2 2 2 2
left_child=1 3 6 8 15 14 9 -8 -1 21 22 -12 -13 -6 18 16 24 25 -2 -19 -11 -3 -10 -20 -4 -14 27 -15 -28 -29
right_child=5 2 4 -5 13 -7 7 -9 10 20 11 12 17 26 -16 -17 -18 19 23 -21 -22 -23 -24 -25 -26 -27 28 29 -30 -31
leaf_value=-0.024496073791645014 -0.024089203347884742 -0.010816547159072723 0.019755749112044571 -0.01229169380935315 -0.0064724953070399447 -0.015138209892219739 0.021692940749938786 -0.0095808709278353311 0.002156427783535943 0.022888960444008639 0.045825092489582338 -0.032960222170070622 -0.013422928707450736 -0.0052043002687695867 0.026705027159346317 0.0033159721016721359 -0.018109491636989994 -0.007303838054293894 -0.0068683468294987466 0.029093614373445337 -0.030131715463438433 -0.023749409174162951 0.02919024404524103 0.036512811391007996 -0.0099497212075057191 0.012992677623479875 0.01428286231964967 0.041654135431479736 -0.017718775182306162 0.0060800419068945382
leaf_weight=23.258586779236794 21.462481021881104 246.65875232219696 38.610835254192352 103.90352725982666 244.50250274688005 30.794493675231934 51.131924659013748 144.3482777774334 37.196062132716179 34.653258346021175 16.775647908449173 19.770440086722374 73.830616399645805 205.85842124372721 390.81241515278816 124.10761937499046 332.15201622247696 27.193600222468376 20.063794448971748 67.516470491886139 10.349552266299723 350.14467562735081 177.41438782215118 26.215520307421684 54.0683429017663 39.609268233180046 275.395996324718 21.952985070645809 21.760596826672554 52.927355222404003
leaf_count=153 91 1868 216 583 1500 139 244 817 172 218 72 121 374 1210 1669 803 2433 135 89 326 77 2722 779 110 335 195 1453 118 118 283
internal_value=0.000374866 -0.00323966 -0.00629322 0.0082511 -0.00234702 0.020985 -0.0127459 -0.000715327 0.0126905 -0.0164034 0.0146227 0.00563411 0.00273479 0.00262672 0.0234386 -0.00978969 -0.0136171 0.00626654 0.00447964 0.0186759 0.0103056 -0.0184313 0.0234489 0.017958 0.00250458 -0.00416658 0.00648105 0.000736193 0.0118878 0.0169209
internal_weight=3284.44 2795.09 2208.62 586.469 1371.34 489.349 837.286 195.48 482.565 641.806 459.306 244.696 227.92 822.398 458.554 548.939 424.831 208.15 67.7418 94.7101 45.0028 596.803 214.61 46.2793 92.6792 113.44 577.895 280.739 297.157 74.8803
internal_count=19423 17325 14415 2910 8469 2098 5946 1061 2327 4885 2174 1223 1151 4682 1959 3787 2984 1030 290 461 295 4590 951 199 551 569 3182 1611 1571 401
cat_boundaries=0 1 2
cat_threshold=98 56
is_linear=0
shrinkage=0.03


Tree=37
num_leaves=31
num_cat=0
split_feature=3 4 17 11 17 7 9 17 3 16 12 7 29 0 27 18 14 12 10 14 12 16 29 7 29 13 9 12 10 13
split_gain=263.391 91.8677 69.0382 41.998 33.9902 33.9079 28.4091 27.1757 25.9621 44.7793 27.7012 26.5561 24.6371 23.9801 22.7249 24.0564 27.2609 23.7592 21.1554 19.1687 22.6091 32.0019 22.684 20.5809 18.4286 18.1095 27.3203 24.4826 17.8951 17.6401
threshold=0.33733227849006658 3.5000000000000004 -0.34192450344562525 78.500000000000014 0.889196276664734 -4.5858092308044425 -14.682057857513426 0.097738046199083342 320.57951354980474 -0.5375225543975829 0.049999998882412917 -16.002643585205075 81.26676177978517 3.7614165544509892 1.0000000180025095e-35 1.8445399999618532 0.66999998688697826 -0.060000000521540635 -0.1950000002980232 0.14500000327825549 0.028500000014901165 1.0481582283973696 76.978988647460952 -26.788149833679196 75.522090911865249 37.500000000000007 -70.359115600585923 -0.060000000521540635 0.76499998569488536 43.500000000000007
decision_type=2 10 2 2 2 2 2 2 2 2 2 2 2 2 2 2 2 2 2 2 2 2 2 2 2 2 2 2 2 2
left_child=5 7 6 4 19 -1 -3 -2 11 -10 -11 -5 14 18 24 16 17 -16 -8 20 29 22 23 -22 -9 27 -27 -6 -26 -4
right_child=1 2 3 8 25 -7 13 12 9 10 -12 -13 -14 -15 15 -17 -18 -19 -20 -21 21 -23 -24 -25 28 26 -28 -29 -30 -31
leaf_value=0.0059059768240278965 -0.013967033949193507 -0.012928105020626355 -0.013173152099366207 -0.0045777760740127946 -0.0052389412301294385 0.026257801767559562 -0.0081192772936553789 0.01658023856957164 0.038669750675364586 -0.0020979831105509533 0.02185158935713331 0.012361998335115636 -0.020849541974494207 -0.0073889690700787054 0.050018292390809016 -0.026876061058284773 -0.016861503154387173 0.010531099266404156 0.018513745149618108 -0.013082646397552225 0.012526017512733807 -0.021199321125354671 -0.004927737590197768 0.055297502873827363 -0.0095799504657034639 -0.022345332854541568 0.012837049905336044 0.039987268110339265 0.020828574703925209 0.01245170871938469
leaf_weight=95.194255828857422 656.2655903622508 335.4634762853384 99.153833173215389 137.31401728838682 15.321500547230242 335.74750262498856 38.835273578763008 30.512321725487709 69.350544705986977 84.548791915178299 88.104513436555862 209.06791765242815 69.243586376309395 170.0188328102231 24.450341418385502 11.117517590522764 14.427671544253824 31.244742579758171 82.627290330827236 167.60182168334723 19.568434864282608 17.557307288050652 16.998041391372681 21.788285210728645 266.16154349595308 25.612163931131363 77.540512003004551 33.668334156274796 17.703828036785126 31.001792639493942
leaf_count=424 4742 2293 600 800 85 1448 203 163 340 459 421 1011 475 1101 141 72 88 180 410 1004 99 103 110 114 1712 133 397 152 102 170
internal_value=-5.1103e-05 -0.00334538 0.000968044 0.00544759 -0.000714834 0.0217862 -0.00698894 -0.0100391 0.0109465 0.018469 0.0101789 0.00565282 -0.00447587 -0.000132768 -0.0015647 0.0124848 0.0190153 0.0284426 0.0100016 -0.00558076 0.000554501 0.0134658 0.024077 0.0358332 -0.00522338 0.0111945 0.00397081 0.026021 -0.007617 -0.00702116
internal_weight=3293.21 2862.27 1741.14 1114.2 525.812 430.942 626.945 1121.13 588.386 242.004 172.653 346.382 464.862 291.481 395.618 81.2403 70.1228 55.6951 121.463 373.67 206.068 75.9121 58.3548 41.3567 314.378 152.143 103.153 48.9898 283.865 130.156
internal_count=19552 17680 10005 5998 2967 1872 4007 7675 3031 1220 880 1811 2933 1714 2458 481 409 321 613 2200 1196 426 323 213 1977 767 530 237 1814 770
is_linear=0
shrinkage=0.03


Tree=38
num_leaves=31
num_cat=1
split_feature=5 17 4 6 32 12 28 29 10 5 7 1 5 5 28 10 16 2 17 16 18 12 1 18 12 12 18 18 28 16
split_gain=271.51 89.7774 62.2814 38.9164 61.9485 39.9372 45.2693 38.1049 37.8871 37.3107 36.597 36.5004 30.4573 34.6857 28.6748 27.4668 23.2882 21.4246 20.2275 19.9003 19.7463 19.7268 19.0024 18.3494 20.8745 21.268 18.2975 29.2063 23.6401 25.2416
threshold=0.56202840805053722 -0.34192450344562525 2.5000000000000004 -0.94107943773269642 0 0.078999999910593047 20.863806724548343 83.357944488525405 0.66999998688697826 -0.83753159642219532 -30.117835044860836 12.784722328186037 -0.83753159642219532 0.038674917072057731 18.926905632019047 -0.55500000715255726 1.3583245873451235 132.14026641845706 1.5727599859237673 1.0861150026321413 0.81063601374626171 -0.23350000381469724 94.815513610839858 1.0465999841690066 -0.16650000214576718 -0.33699999749660486 0.741478592157364 0.55872759222984325 19.164343833923343 -0.57366412878036488
decision_type=2 2 10 2 1 2 2 2 2 2 2 2 2 2 2 2 2 2 2 2 2 2 2 2 2 2 2 2 2 2
left_child=1 3 12 5 22 16 8 9 -7 14 20 15 -3 -14 -4 -2 -1 -9 -12 -16 -11 -13 -5 -15 25 -25 27 -6 -28 -30
right_child=11 2 7 4 26 6 -8 17 -10 10 18 21 13 23 19 -17 -18 -19 -20 -21 -22 -23 -24 24 -26 -27 28 -29 29 -31
leaf_value=-0.029463214949044313 0.0087778691147809024 0.00301944457786749 0.0024941468343172859 0.02319283118996918 -0.023730593667261109 -0.0011585852008534553 -0.022599026115911899 0.0039636985264087671 0.05412435578793464 -0.024207872411109266 0.0043343426787026016 -0.02953560985802112 -0.016972128249108792 -0.007836864581951172 0.024696690000645245 0.028106038140552916 0.0037446116378924811 -0.02701440268816253 0.025314593617494694 0.00017192702036225634 -0.0027204513930377929 0.0089684311017073533 -0.0071518229429569135 0.0079191381143020097 -0.0032222744088551561 0.066801542647153711 -0.020192652606396071 0.010511826219194555 0.003816987151141133 -0.014698646691259667
leaf_weight=198.72557388991117 84.027395129203796 174.64505071938038 120.31277354061604 75.897294834256172 30.247742891311646 34.465413816273212 53.79725406318903 32.592434793710709 15.469091817736624 55.703626252710819 562.69112334400415 14.400428652763365 303.85130826383829 56.039538487792015 183.34930956363678 332.16616997122765 20.77153629809618 50.450864709913731 43.724649131298065 35.531280890107155 120.78458061814308 52.847002774477005 23.963375352323055 11.248210869729521 21.315144181251526 10.45503970980644 214.29756007343531 78.338967464864254 114.87036243826151 154.52239676564932
leaf_count=1587 345 916 592 413 211 252 436 190 88 392 3187 72 2270 379 824 1435 147 348 210 172 724 237 183 78 131 58 1479 494 711 1010
internal_value=0.0001918 -0.00339715 0.00065931 -0.0105128 -0.00648316 -0.0190949 -0.00370542 0.00454038 0.0166938 0.00599512 0.00238733 0.020928 -0.00743289 -0.0119598 0.0142909 0.0242342 -0.0263179 -0.0149538 0.00588628 0.0207344 -0.00960054 0.000411182 0.014477 0.00343094 0.017954 0.0379774 -0.0101092 0.000843806 -0.0127734 -0.00681857
internal_weight=3281.5 2798.06 1782.69 1015.37 692.138 323.229 103.732 1205.14 49.9345 1122.1 782.904 483.441 577.554 402.909 339.193 416.194 219.497 83.0433 606.416 218.881 176.488 67.2474 99.8607 99.0579 43.0184 21.7033 592.277 108.587 483.69 269.393
internal_count=19571 17482 10471 7011 4501 2510 776 6639 340 6101 4513 2089 3832 2916 1588 1780 1734 538 3397 996 1116 309 596 646 267 136 3905 705 3200 1721
cat_boundaries=0 1
cat_threshold=32
is_linear=0
shrinkage=0.03


Tree=39
num_leaves=31
num_cat=2
split_feature=5 5 17 32 14 14 10 5 14 12 10 12 16 32 5 16 5 17 12 29 16 16 5 28 16 17 14 4 8 29
split_gain=253.268 96.3485 54.79 49.4741 42.126 46.9646 39.5942 35.4971 35.4758 39.1544 35.4171 45.8331 34.2934 32.6271 32.4448 30.7002 59.0565 29.3814 28.5383 27.6157 27.5408 27.0373 29.6632 26.9289 22.8812 22.1096 29.6006 21.8552 21.2362 21.0285
threshold=0.52643132209777843 -0.97269129753112782 -0.28556217253208155 0 -0.84999999403953541 -0.37499999999999994 0.37500000000000006 0.63088810443878185 0.38499999046325689 -0.26350000500679011 0.22500000149011615 -0.37800000607967371 1.4868103861808779 1 0.25061884522438055 0.78855508565902721 -0.25901904702186579 -1.2670373916625974 -0.57400000095367421 81.26676177978517 1.2922363281250002 0.98491400480270397 -0.73172146081924427 22.825375556945804 0.92502808570861828 1.3246288299560549 0.69499999284744274 5.5000000000000009 -25.493623733520504 86.164299011230483
decision_type=2 2 2 1 2 2 2 2 2 2 2 2 2 1 2 2 2 2 2 2 2 2 2 2 2 2 2 10 2 2
left_child=1 17 14 4 -4 15 7 13 10 -10 11 -7 25 -2 -3 16 28 -1 -12 -9 23 22 -13 -16 -19 26 -11 -24 -6 -5
right_child=6 2 3 29 5 8 -8 19 9 12 18 21 -14 -15 20 -17 -18 24 -20 -21 -22 -23 27 -25 -26 -27 -28 -29 -30 -31
leaf_value=-0.026533098421422881 -0.011017695977803811 -0.015362505677675869 -0.019981900161626331 -0.0098184799621705565 0.021204523606737493 -0.023503258068063755 0.028695982894902203 0.023839881541171212 0.035069395118821366 0.0080083587589539068 0.027177805194848893 0.027262414950870232 0.044350141022691893 0.012892462602133246 -0.015175758852636795 -0.0044014126974672727 0.0030940883467054795 0.017535802818521067 -0.023344097989821372 -0.007102003882767354 0.041562212883149915 -0.015591877083330945 -0.0088544948433341847 0.0073684770118682 -0.0017423898730366811 0.020122583803711562 -0.013308314263428421 0.011842258401362975 0.061848873062954446 -0.032758857011806204
leaf_weight=16.95100736618042 83.633643731474876 698.21831497550011 81.48719696700573 334.40455567091703 19.265116855502129 64.079907849431038 185.6258602142334 199.98154336214066 38.678833521902561 113.10987987369299 10.168501645326613 56.780428484082222 16.235856398940086 102.12082125246525 99.487339965999126 39.490454576909542 50.776303686201572 236.049944922328 117.28386735916138 29.352962657809258 11.452115997672079 49.719895265996456 82.084103688597679 89.895324051380157 72.091398879885674 43.449186936020851 119.66144884377718 101.73213422298431 34.800840377807617 39.643403455615044
leaf_count=114 391 5368 523 2330 101 423 819 853 211 630 49 306 85 436 639 237 295 1029 775 128 68 295 531 488 365 199 683 544 174 307
internal_value=-0.000367336 -0.00437327 -0.00652422 -0.00283656 0.000584987 0.00236078 0.0171958 0.0119964 -0.00044665 0.00710069 -0.00563728 -0.000743568 0.00329479 0.00222625 -0.0123097 0.0180685 0.0264937 0.0108963 -0.0191331 0.0198659 -0.00167302 0.00434348 0.00851066 -0.00449207 0.0130345 0.000730339 -0.00296002 0.00260211 0.0480143 -0.0120104
internal_weight=3237.71 2637 2311.91 1412.85 1038.8 957.317 600.715 415.089 812.984 331.135 481.849 354.396 292.456 185.754 899.053 144.333 104.842 325.092 127.452 229.335 200.835 290.317 240.597 189.383 308.141 276.221 232.771 183.816 54.066 374.048
internal_count=19396 16769 15261 8698 6061 5538 2627 1808 4731 1808 2923 2099 1597 827 6563 807 570 1508 824 981 1195 1676 1381 1127 1394 1512 1313 1075 275 2637
cat_boundaries=0 1 2
cat_threshold=44 5
is_linear=0
shrinkage=0.03


Tree=40
num_leaves=31
num_cat=4
split_feature=5 5 4 9 2 14 10 27 32 5 4 10 16 32 10 16 16 5 4 31 31 0 2 16 2 3 4 14 3 16
split_gain=248.956 88.0444 57.209 38.3486 36.4497 31.9945 29.0656 26.7694 25.6727 26.8684 27.3313 32.5792 29.5321 22.0826 19.3198 18.3473 23.5341 21.1964 17.9609 17.8616 17.8371 17.2797 16.7605 16.056 36.7596 26.4381 20.9613 27.849 22.0577 19.6645
threshold=0.56202840805053722 -0.97269129753112782 2.5000000000000004 -10.897905826568602 47.575702667236335 -0.6599999964237212 -0.55500000715255726 1.0000000180025095e-35 0 -0.91865202784538258 72.500000000000014 -0.62499999999999989 -0.60845366120338429 1 -1.014999985694885 0.26034356653690344 0.28545708954334265 0.038674917072057731 252.50000000000003 2 3 3.4331679344177251 76.484935760498061 0.10985428094863893 101.48119354248048 500.02636718750006 159.50000000000003 0.34499999880790716 316.91842651367193 -0.75970202684402455
decision_type=2 2 8 2 2 2 2 2 1 2 10 2 2 1 2 2 2 2 8 1 1 2 2 2 2 2 8 2 2 2
left_child=1 13 7 14 6 -5 20 15 22 -10 11 -11 -12 -1 -4 -3 -17 -18 21 -14 -2 -8 -7 25 26 -16 27 -25 -29 -27
right_child=4 2 3 5 -6 8 18 -9 9 10 12 -13 19 -15 23 16 17 -19 -20 -21 -22 -23 -24 24 -26 29 -28 28 -30 -31
leaf_value=0.0035662525631854911 0.022357003554573131 -0.01795314554764341 0.030253378849876528 -0.015232127815529434 -0.01700888757172456 0.015892035427356632 0.0306951929647328 0.0029805180105640255 0.024262445350801458 0.048087581723137103 0.031159228837555709 -0.0011723488190412124 0.018611663237853474 0.019591888762988629 -0.013234489735432196 0.038935746536139237 -0.01329067250252183 0.0078422642049493525 0.0033462735628458826 -0.0051420790919001428 -0.0028310840349873127 0.011314210910693991 -0.029333732012010765 -0.0025640173946225118 -0.014873208417489243 0.021964999799817506 -0.011919487815313245 0.014488341747577883 0.052640991466555556 -0.0068709702786973886
leaf_weight=189.09112241864204 29.821437254548073 406.70469342172146 11.846007809042929 77.459022112190723 21.998901188373566 8.7955690026283246 282.23617561161518 97.040012881159782 68.099884264171124 11.459740206599234 60.909252166748047 399.28775173425674 36.436918973922729 143.04529918730259 428.56061874330044 8.2984644398093206 243.43317352235317 51.063871331512928 29.723392397165298 64.978518024086952 66.160621866583824 50.329633638262749 32.038778714835644 78.555934458971024 122.16128372400999 34.921862050890923 47.018198482692242 75.203794598579407 16.088539749383926 51.406049899756908
leaf_count=927 123 3174 64 500 114 47 1236 627 335 57 267 2485 159 617 2846 64 1748 330 131 300 276 214 249 485 809 197 277 444 75 339
internal_value=0.000201403 -0.00326484 -0.00524447 -0.00200026 0.0201146 0.00291805 0.0219298 -0.0117712 0.00499874 0.00648242 0.0044439 0.000315441 0.0148247 0.0112015 -0.00631309 -0.0137902 -0.00815792 -0.00961222 0.0258129 0.00480584 0.00715799 0.0278048 -0.0156938 -0.00685516 -0.00177784 -0.0101884 0.00563322 0.0105336 0.0217095 0.00491187
internal_weight=3244.17 2763.9 2431.77 1625.23 480.27 759.465 458.271 806.54 682.006 641.172 573.072 410.747 162.325 332.136 865.762 709.5 302.796 294.497 362.289 101.415 95.9821 332.566 40.8343 853.916 339.028 514.889 216.866 169.848 91.2923 86.3279
internal_count=19516 17422 15878 9935 2094 4399 1980 5943 3899 3603 3268 2542 726 1544 5536 5316 2142 2078 1581 459 399 1450 296 5472 2090 3382 1281 1004 519 536
cat_boundaries=0 1 2 3 4
cat_threshold=65 13 8 2
is_linear=0
shrinkage=0.03


Tree=41
num_leaves=31
num_cat=0
split_feature=5 5 17 4 4 29 5 29 17 29 14 10 12 12 12 8 12 10 18 5 12 27 10 14 10 10 5 12 28 4
split_gain=224.95 98.4842 55.8167 49.7006 51.7018 40.8368 40.8592 36.7717 34.668 29.244 26.8522 24.8905 25.5085 23.575 23.434 22.2381 21.7824 42.5201 27.0734 30.2175 26.455 19.6774 29.158 19.8244 19.5395 18.7289 18.3255 18.2809 26.076 17.0657
threshold=0.56202840805053722 -0.97269129753112782 0.86208418011665355 57.500000000000007 168.50000000000003 75.753208160400405 -0.85957497358322132 83.357944488525405 -1.2670373916625974 76.34873199462892 0.41499999165534979 -0.55500000715255726 -0.36949999630451197 -0.030999999493360516 0.092000000178813948 -0.96182772517204274 -0.37800000607967371 0.34499999880790716 1.4408521652221682 -0.98902499675750721 0.11699999868869783 1.0000000180025095e-35 -0.50999999046325672 0.49499998986721044 1.2450000047683718 -0.4849999994039535 -0.94917574524879444 0.035499999299645431 20.863806724548343 242.50000000000003
decision_type=2 2 2 8 10 2 2 2 2 2 2 2 2 2 2 2 2 2 2 2 2 2 2 2 2 2 2 2 2 10
left_child=1 8 3 5 -5 10 25 11 -1 -4 -3 -2 15 -6 -14 -13 17 -10 19 -18 -20 24 -23 -24 27 -7 -11 -8 -29 -16
right_child=7 2 9 4 13 6 21 -9 16 26 -12 12 14 -15 29 -17 18 -19 20 -21 -22 22 23 -25 -26 -27 -28 28 -30 -31
leaf_value=-0.027288582162357012 0.0076781983586131182 -0.0047576312803956442 0.014932663677562623 0.017869390788553052 0.0039459257772018258 -0.019311559750664585 -0.020871476016005971 -0.005983960449316446 -0.016021317606723488 0.030560761424420525 0.015067256991188861 0.025804017070988106 0.033944444434367456 -0.016469197053386595 0.021105959149868653 -0.025235166384643643 0.034248162171140531 0.036149570382345841 -0.023664106489290099 0.010764393457300108 0.017651863218678423 0.026648976612349176 -0.018216284672339024 0.0094707431026531431 0.018814701023649898 0.00055129491286171116 -0.0042866598795275436 -0.0033400314624922687 -0.018424719943376352 -0.013250886818872072
leaf_weight=18.223500683903694 89.526301845908165 244.30386456102133 161.54921656847 131.80309293419123 101.84851622581482 49.326684892177582 458.83542242646217 46.892473384737968 47.778227269649506 13.568580046296118 81.059164747595787 13.441467240452768 206.51547166705132 100.16770232468843 92.709961429238319 15.420399680733679 106.24399723112583 18.75435583293438 23.819821640849113 93.72115458548069 30.843571409583092 22.495411686599255 78.300126641988754 32.211072534322739 13.373369775712488 282.48221665620804 200.1929263100028 176.80259352177382 248.31479666382074 14.415299594402311
leaf_count=122 374 1550 782 692 554 315 3690 210 242 59 464 61 916 535 404 73 459 77 124 411 143 140 542 207 83 1658 1251 1171 2035 63
internal_value=0.000192148 -0.00312983 -0.00527258 -0.00724503 0.00332356 -0.00933642 -0.0116158 0.0191372 0.0119727 0.00534153 0.000212466 0.0218713 0.0255481 -0.00620797 0.0280242 -0.00139722 0.0142783 -0.000997741 0.0182581 0.0233499 -0.000453449 -0.0145621 -0.0037602 -0.0101337 -0.0161572 -0.00245067 -0.00194271 -0.016707 -0.0121737 0.0164029
internal_weight=3214.94 2736.02 2396.63 2021.32 333.819 1687.5 1362.14 478.921 339.385 375.311 325.363 432.029 342.503 202.016 313.641 28.8619 321.161 66.5326 254.629 199.965 54.6634 1030.33 133.007 110.511 897.326 331.809 213.762 883.953 425.117 107.125
internal_count=19407 17306 15728 13636 1781 11855 9841 2101 1578 2092 2014 1891 1517 1089 1383 134 1456 319 1137 870 267 7868 889 749 6979 1973 1310 6896 3206 467
is_linear=0
shrinkage=0.03


Tree=42
num_leaves=31
num_cat=1
split_feature=5 5 0 17 6 31 29 5 17 12 18 5 7 17 14 16 29 17 16 10 14 12 18 16 18 0 12 28 10 16
split_gain=197.415 84.7982 56.9921 46.8236 37.7279 42.92 32.05 30.7883 29.8977 29.2944 29.0111 25.0237 24.6436 33.3348 24.5796 24.776 32.1306 24.0833 23.3964 28.2324 22.3464 21.6295 21.4177 23.6851 22.5298 23.9432 21.5849 22.3593 23.9566 21.257
threshold=0.56202840805053722 -0.97269129753112782 34.704254150390632 0.069999270141124739 -0.96645781397819508 0 84.152141571044936 0.3732354491949082 -1.2670373916625974 0.47249999642372137 0.64485144615173351 -0.70125329494476307 -35.241580963134759 0.11878761649131776 0.49499998986721044 0.6538391411304475 76.34873199462892 -0.21463730931282041 -0.063237648457288728 0.2950000017881394 1.0949999690055849 -0.36949999630451197 0.73923268914222728 0.13955352455377582 0.57016858458518993 3.7614165544509892 0.29199999570846563 19.164343833923343 -0.66500002145767201 0.21549604833126071
decision_type=2 2 2 2 2 1 2 2 2 2 2 2 2 2 2 2 2 2 2 2 2 2 2 2 2 2 2 2 2 2
left_child=1 8 3 4 20 7 10 11 -1 17 -2 -6 -5 -14 -4 -16 -17 22 19 -10 -3 -12 23 24 -7 -26 27 28 -24 -20
right_child=6 2 14 12 5 9 -8 -9 18 -11 21 -13 13 -15 15 16 -18 -19 29 -21 -22 -23 26 -25 25 -27 -28 -29 -30 -31
leaf_value=-0.026363270913723175 0.0015759397804290093 -0.019610201204615405 -0.012889422371380367 -0.0059016086496836645 0.014330088760382109 -0.022983598194996572 -0.010938813578010511 0.029073340880622252 0.011445779557061542 -0.028743254551541135 -0.0061014209488569685 -0.017583197546396916 0.052224526850247734 0.0068573185543622222 -0.0091974654214258371 0.040710395458904231 -0.0028415711801003207 0.010450007784139766 -0.020348501211152253 0.039827879495242004 0.025511928018318378 0.025133313981261774 0.018305855800897098 0.027235622980033816 0.045252861507585035 -0.0083015217833489648 0.020889470879066657 -0.0048029246392687309 -0.025542509162654548 0.01030301288362149
leaf_weight=17.016936950385571 64.290264666080475 185.21938420832157 761.35746765136719 141.87896439433098 52.465259589254856 30.559262126684189 31.21462270617485 58.125170320272446 78.819285735487938 47.132471472024918 20.763028413057327 36.713720254600048 14.074549600481985 472.8479597941041 101.01771116256714 24.507687821984291 37.5974285826087 82.772445008158684 22.335606813430786 52.969314411282539 9.5940234959125501 356.13687543570995 11.59390716254711 29.191673442721367 11.458644807338716 18.301671676337719 16.947073101997375 143.3357331007719 126.05537255853415 161.64010973274708
leaf_count=117 279 1424 5761 864 329 195 142 267 344 292 96 259 72 2490 688 140 255 469 101 226 62 1566 78 173 66 128 99 904 872 762
internal_value=0.000260946 -0.00282312 -0.00478207 -0.00114608 -0.00569481 -0.00228146 0.0181531 0.0115095 0.0113515 -0.00632284 0.0202314 0.00114255 0.00507044 0.00827301 -0.0106279 -5.82104e-05 0.0147175 -0.00415346 0.0134608 0.0230673 -0.0172691 0.023401 -0.00729218 0.0055297 -0.00524774 0.0131194 -0.01115 -0.0131497 -0.0217439 0.00649187
internal_weight=3217.93 2745.53 2412.75 1488.27 859.466 664.652 472.405 147.304 332.781 517.348 441.19 89.179 628.801 486.923 924.48 163.123 62.1051 470.216 315.764 131.789 194.813 376.9 387.443 89.5113 60.3196 29.7603 297.932 280.985 137.649 183.976
internal_count=19520 17437 15887 9043 5617 4131 2083 855 1550 3276 1941 588 3426 2562 6844 1083 395 2984 1433 570 1486 1662 2515 562 389 194 1953 1854 950 863
cat_boundaries=0 1
cat_threshold=8
is_linear=0
shrinkage=0.03


Tree=43
num_leaves=31
num_cat=1
split_feature=5 5 29 4 32 2 12 17 4 12 17 29 6 18 16 10 12 29 10 5 10 18 10 14 18 16 9 12 16 5
split_gain=205.427 69.4914 60.2427 72.3617 48.5729 41.6767 34.011 33.9514 29.8308 29.2095 27.7942 27.9791 30.5721 27.5305 30.0782 27.9396 24.6397 23.3752 24.0131 24.0716 22.172 21.5198 20.8449 20.3659 20.3126 20.0008 23.7657 19.1019 19.9076 20.9523
threshold=0.56202840805053722 -0.83753159642219532 75.753208160400405 57.500000000000007 0 6.6270833015441903 0.13350000232458117 -0.46075017750263209 168.50000000000003 -0.37100000679492945 0.21617750078439715 77.177566528320327 -0.97789707779884327 0.244099996984005 1.0861150026321413 -0.49500000476837153 -0.29899999499320978 83.357944488525405 1.4200000166893008 -0.9980562925338744 1.1600000262260439 0.94727855920791637 -0.5349999964237212 0.30500000715255743 1.8445399999618532 0.76766744256019603 -9.13586378097534 0.092000000178813948 -0.90331152081489552 -0.21742309629917142
decision_type=2 2 2 8 1 2 2 2 8 2 2 2 2 2 2 2 2 2 2 2 2 2 2 2 2 2 2 2 2 2
left_child=1 4 9 10 -1 22 16 -6 -5 -3 20 12 21 -9 15 -15 -7 18 19 -17 -4 -12 -2 -16 -23 26 -10 28 29 -14
right_child=5 2 3 8 7 6 -8 13 25 -11 11 -13 27 14 23 17 -18 -19 -20 -21 -22 24 -24 -25 -26 -27 -28 -29 -30 -31
leaf_value=0.021157782758227651 0.011119917888791067 -0.016906609284039514 -0.016997054686850629 0.014098049328987979 -0.010137523383033479 -0.013464587147185375 -0.016687634746323014 -0.0305259614786162 -0.011887633368764807 0.0074960677181568902 -0.01427473682712195 -0.017313586981632115 0.037554429300481786 -0.011950336486207648 -0.01740475339427687 -0.01522323818967385 0.020137272342139641 -0.0092251938233099372 -0.011040871719447757 0.02024473276846691 0.021698895704525063 0.037342937511884187 0.029513132997706918 0.014249610923608956 0.0013694427618276312 -0.026194180846928816 0.010989337102274475 0.0040552865746323989 -0.017649959020954242 -0.015678204076286249
leaf_weight=113.71079839020967 76.229699462652206 50.088917531073093 712.45970249176025 134.72490285336971 186.26194846630096 23.392082616686821 42.791367292404175 18.127805814146996 77.709106221795082 325.45778232812881 17.160932034254074 157.75399961322546 12.325487770140173 46.236303314566612 68.608661115169525 17.701510787010193 104.48578360676765 38.384452641010284 27.525246739387512 266.13185937702656 12.763949178159235 35.102820694446564 220.6168749332428 23.965785175561905 23.336959712207317 30.340885981917381 84.010149836540222 89.85773378610611 136.02608578652143 12.464483253657816
leaf_count=565 316 327 5732 697 1195 111 190 103 456 1870 110 1265 71 262 401 78 454 192 134 1251 81 195 996 126 123 166 381 532 920 71
internal_value=-0.000280892 -0.00344196 -0.00655691 -0.00918914 0.00393872 0.0180664 0.00620375 0.000770683 0.00332855 0.00420508 -0.0125718 -0.0069832 -0.0019508 0.00480791 0.00617866 0.0097752 0.0139339 0.0126732 0.0153938 0.0179871 -0.0162871 0.0146509 0.024843 -0.00914533 0.0232422 -0.00425986 -8.9713e-06 -0.00699603 -0.013158 0.0112188
internal_weight=3185.75 2718.24 1911.58 1536.04 806.654 467.516 170.669 692.944 326.785 375.547 1209.25 484.029 326.275 506.682 488.554 395.979 127.878 349.743 311.359 283.833 725.224 75.6007 296.847 92.5744 58.4398 192.06 161.719 250.674 160.816 24.79
internal_count=19371 17304 12997 10800 4307 2067 755 3742 1700 2197 9100 3287 2022 2547 2444 1917 565 1655 1463 1329 5813 428 1312 527 318 1003 837 1594 1062 142
cat_boundaries=0 1
cat_threshold=32
is_linear=0
shrinkage=0.03


Tree=44
num_leaves=31
num_cat=1
split_feature=5 17 4 1 6 32 29 5 7 12 28 12 16 18 18 28 29 0 5 5 17 5 5 1 28 28 16 5 10 16
split_gain=178.097 80.9765 59.4658 45.7431 34.055 37.7476 32.6685 30.6232 35.3833 24.7694 26.271 23.9456 23.0527 22.7291 23.7558 27.1644 22.5224 22.4819 22.4468 20.8702 23.9825 32.5703 24.6156 20.2346 24.6259 18.8573 18.9775 18.2906 18.0297 26.0936
threshold=0.56202840805053722 -0.34192450344562525 2.5000000000000004 6.5544946193695077 -0.97606927156448353 0 86.164299011230483 -0.83753159642219532 -30.117835044860836 0.078999999910593047 20.863806724548343 0.26000000536441809 1.2470360398292544 0.741478592157364 0.63601747155189525 22.726541519165043 76.34873199462892 5.1503658294677743 -0.83753159642219532 -0.9980562925338744 0.67499551177024852 -0.98097097873687733 -0.98902499675750721 36.366125106811531 18.767070770263675 22.726541519165043 1.1578181982040407 0.038674917072057731 -0.18500000238418576 0.16344932466745379
decision_type=2 2 8 2 2 1 2 2 2 2 2 2 2 2 2 2 2 2 2 2 2 2 2 2 2 2 2 2 2 2
left_child=1 4 18 -2 9 17 7 19 -9 -1 11 16 13 14 -7 -16 -11 -6 -3 -4 21 -21 -22 24 -10 26 28 -20 -25 -30
right_child=3 2 6 -5 5 12 -8 8 23 10 -12 -13 -14 -15 15 -17 -18 -19 27 20 22 -23 -24 25 -26 -27 -28 -29 29 -31
leaf_value=-0.028225050368739825 0.022347826693302372 0.0017661250311779737 -0.017817768522333435 0.00026005444768801997 0.020139727834196774 -0.013905700392529752 -0.030898089767661018 -0.0092181269844900573 -0.003492343220604759 0.051298006929536913 -0.024140634757713268 -0.023129986510657886 0.017624904566343993 -0.0143605627367009 0.029739174050458908 -0.012439879327208237 -0.0050301727594856275 -0.0027306322886141861 -0.014889398380445227 0.021692896205066235 0.0019753386748867087 -0.0011616587971322401 0.035063506850376867 0.019609589877377893 0.015382292037299274 -0.011618259137539718 -0.026172978949594534 0.00041955193815794499 -0.012673561348567952 0.015812863882808875
leaf_weight=133.39081719517708 357.84070415794849 177.22747437655926 17.962125405669212 110.3608351200819 63.012566074728966 50.667249567806721 21.586490325629711 183.48382790386677 82.059973850846291 14.135920852422716 36.177641868591309 11.421298019587992 24.573032774031162 475.82439046353102 35.727993883192539 21.238138020038605 10.769961655139921 97.252197548747063 286.57444571703672 100.89561434090137 27.450365290045738 124.70913252234459 77.334362030029297 69.698677346110344 252.07942691445351 87.692391201853752 15.217094227671621 92.868467018008232 62.348585084080696 52.281375288963318
leaf_count=1157 1587 935 79 495 312 350 157 1211 440 88 315 87 153 3351 235 141 79 715 2245 439 124 651 341 403 1259 667 89 627 380 287
internal_value=9.01193e-05 -0.0028678 0.00102587 0.0171531 -0.00978212 -0.00686172 0.00485196 0.00554734 0.00232475 -0.0205937 -0.00636093 0.011518 -0.0101765 -0.0115497 0.000894303 0.0140706 0.0276863 0.00596098 -0.00704297 0.0129651 0.0146874 0.00911005 0.026496 0.00574252 0.0107504 -0.00010009 0.00499438 -0.0111513 0.00769471 0.000343155
internal_weight=3173.86 2705.66 1731.47 468.202 974.191 768.296 1174.8 1153.21 804.861 205.896 72.5048 36.3272 608.031 583.458 107.633 56.9661 24.9059 160.265 556.67 348.352 330.389 225.605 104.785 621.378 334.139 287.238 199.546 379.443 184.329 114.63
internal_count=19399 17317 10334 2082 6983 5257 6527 6370 4736 1726 569 254 4230 4077 726 376 167 1027 3807 1634 1555 1090 465 3525 1699 1826 1159 2872 1070 667
cat_boundaries=0 1
cat_threshold=96
is_linear=0
shrinkage=0.03


Tree=45
num_leaves=31
num_cat=2
split_feature=5 5 29 5 32 31 29 1 5 10 16 12 12 12 9 16 12 12 12 5 16 16 10 12 5 14 3 1 5 12
split_gain=180.391 69.1029 56.6782 59.7044 50.3911 41.922 36.7324 35.1814 27.1787 33.9034 27.3095 27.1357 24.6052 22.7232 24.2875 27.6751 21.204 20.3386 26.5746 20.1922 30.7795 19.9081 21.9008 27.4754 20.5671 19.471 26.0833 30.9635 23.1857 18.574
threshold=0.56202840805053722 -0.88134551048278797 75.77988433837892 0.16665012389421466 0 1 77.084831237792983 6.9328279495239267 0.4124008715152741 -0.32500000298023218 1.0000000180025095e-35 -0.71900001168251026 -0.37800000607967371 -0.46099999547004694 -6.0157892704010001 1.113820016384125 -0.56650000810623158 0.13350000232458117 -0.23350000381469724 -0.75976759195327748 -0.11646045744419097 -0.76819729804992665 0.49500000476837164 0.12900000065565112 -0.98902499675750721 -0.84999999403953541 353.75099182128912 149.96437072753909 -0.04725049436092376 0.34650000929832464
decision_type=2 2 2 2 1 1 2 2 2 2 2 2 2 2 2 2 2 2 2 2 2 2 2 2 2 2 2 2 2 2
left_child=1 5 12 6 8 21 25 -2 9 10 -5 -7 16 -13 -15 -16 -3 18 -9 20 -8 -1 23 -23 -25 -4 27 -27 -29 -28
right_child=7 2 3 4 -6 11 19 17 -10 -11 -12 13 -14 14 15 -17 -18 -19 -20 -21 -22 22 -24 24 -26 26 29 28 -30 -31
leaf_value=0.026328146518231101 0.021881067020996712 0.012816449220773272 -0.028584455909340053 0.049294450387460914 -0.008252816030666953 0.032318451612005181 0.011581777139716047 -0.023471538588785378 0.022585457177254829 -0.0096821756121558428 -0.00087979158128031869 -0.03409618009407589 0.0063128464129475958 -0.010415051795939876 0.013008959654964078 -0.022850294775847959 -0.024683979859578306 -0.02098178583580864 0.018375570747750199 -0.021618026064045257 -0.020902023401319265 -0.0016051757383768197 0.024960632039586247 0.046537603210719626 0.010344602364884997 -0.01357435879253647 0.0053726685899855471 -0.0025096125210089903 0.056696850781605218 -0.02450900436216092
leaf_weight=72.076799139380455 359.90376371145248 18.55191707611084 35.006782673299313 18.642353035509586 267.10817527025938 17.849604621529579 45.968223586678505 16.445117622613907 100.74487338960171 79.8743005245924 19.343471638858318 21.079013451933861 402.02316311001778 159.11122456938028 111.39515236020088 22.456392392516136 44.785623289644718 25.028757691383362 63.010216861963272 381.18979682028294 58.736597903072834 174.69054914265871 59.833183065056801 18.762594014406204 52.657102465629578 306.85449109971523 191.04815351217985 14.515737205743791 8.9976048618555051 19.751854792237282
leaf_count=333 1605 117 279 106 1618 78 338 80 455 487 112 139 2322 901 578 147 300 114 274 3388 455 879 267 79 276 2208 1313 115 56 143
internal_value=0.000181459 -0.00276757 -0.00560494 -0.00836386 0.000349489 0.00527511 -0.0123453 0.0174426 0.010737 0.00140772 0.0243771 -0.00258107 0.00356942 -0.00474292 -0.00252212 0.00686799 -0.0136714 0.0020916 0.00953026 -0.0184164 -0.00666611 0.011915 0.00883285 0.0048268 0.0203641 -0.00720244 -0.00576912 -0.0110181 0.021535 0.00247027
internal_weight=3187.44 2723.05 2013.14 1547.78 485.713 709.912 1062.07 464.388 218.605 117.86 37.9858 331.891 465.361 314.042 292.963 133.852 63.3375 104.484 79.4553 485.895 104.705 378.02 305.943 246.11 71.4197 576.175 541.168 330.368 23.5133 210.8
internal_count=19562 17489 13812 11073 2778 3677 8295 2073 1160 705 218 1843 2739 1765 1626 725 417 468 354 4181 793 1834 1501 1234 355 4114 3835 2379 171 1456
cat_boundaries=0 1 2
cat_threshold=106 10
is_linear=0
shrinkage=0.03


Tree=46
num_leaves=31
num_cat=0
split_feature=1 8 6 28 16 17 6 14 14 18 14 17 10 17 29 16 12 14 10 10 17 12 12 16 17 7 12 12 6 12
split_gain=137.894 79.9815 64.3531 71.0128 57.2433 50.9334 46.8588 37.2244 34.7882 36.217 45.0133 31.7221 30.4482 26.3355 26.2513 26.4903 44.9558 41.4894 35.8938 25.5859 24.667 24.2549 23.7971 23.7301 23.2329 22.8093 22.4999 34.786 22.4679 21.7834
threshold=31.815537452697757 -5.8578784465789786 -0.58134955167770375 20.863806724548343 0.070914063602685942 0.60379037261009227 -0.18987156450748441 -0.37499999999999994 0.38499999046325689 0.6304229497909547 0.32500000298023229 -0.15866540372371671 -1.014999985694885 -1.4625586271286009 86.164299011230483 -0.5375225543975829 -0.14499999582767484 -0.53999999165534962 0.42499999701976782 1.0950000286102297 1.5491908192634585 0.37450000643730169 -0.71900001168251026 -1.1317122578620908 -0.87325549125671376 -18.870879173278805 -0.10150000080466269 0.049999998882412917 -0.14772953093051908 -0.36949999630451197
decision_type=2 2 2 2 2 2 2 2 2 2 2 2 2 2 2 2 2 2 2 2 2 2 2 2 2 2 2 2 2 2
left_child=1 5 3 4 11 6 12 23 9 10 -6 -2 -1 -4 15 17 22 -15 -19 -10 -11 29 -17 -3 -14 -18 -13 -28 -27 -9
right_child=2 7 13 -5 8 -7 -8 21 19 20 -12 26 24 14 -16 16 25 18 -20 -21 -22 -23 -24 -25 -26 28 27 -29 -30 -31
leaf_value=0.037916852391058561 -0.022307281749112558 0.019307178600230433 -0.029895135324640647 -0.017254185266589329 0.046024164690931534 0.013545350250573056 0.017753536917814165 0.0020541299481728979 0.030435743203583308 -0.012322765483121641 -0.02728719447256877 -0.015273263790223464 -0.017670079312437473 -0.011157268990158233 -0.027079044245067369 0.023546734326143667 0.020523207166938541 0.03553618650138303 -0.0051968996291865922 -0.014742997835630942 0.032723407284388599 -0.0073749956919214685 -0.01466827380956923 -0.0091131587553144877 -0.0035572472731332937 -0.0024229618741175942 0.037239609131994256 -0.005063369228473549 0.023542914141986875 0.02476485953176201
leaf_weight=12.961317852139471 127.96049428731203 39.75185814499855 22.098412416875362 601.1887608319521 26.202218189835548 226.10378965735435 85.459325611591339 43.04940552264452 73.465715050697327 108.95496735721827 9.6640705764293653 59.470785610377789 137.34659850597382 38.020638093352318 24.550965860486031 15.211414098739622 87.463197968900204 76.085601530969143 25.737557493150234 12.675456680357454 11.187097936868666 26.244147621095181 162.916334182024 74.304199561476707 438.50829447805882 166.3768007978797 25.266916021704674 51.796958900988102 35.549737811088562 336.49190494418144
leaf_count=66 1051 173 176 5054 156 1086 386 205 408 713 68 386 934 223 155 73 464 376 143 85 60 131 977 344 2580 976 128 302 156 1555
internal_value=-0.000282493 0.0066707 -0.00588806 -0.0102902 -0.00200905 0.0012564 -0.00287839 0.016028 0.00851173 3.07047e-05 0.0260663 -0.0116368 -0.00589788 0.00157315 0.00271911 0.00396616 0.000528997 0.0153717 0.0252898 0.0236949 -0.00789277 0.0202748 -0.0112916 0.000873872 -0.00694808 0.00781876 -0.00154686 0.00910587 0.00224189 0.0222011
internal_weight=3182.06 1420.22 1761.84 1107.83 506.645 900.379 674.276 519.842 242.15 156.008 35.8663 264.495 588.816 654.011 631.912 607.361 467.517 139.844 101.823 86.1412 120.142 405.785 178.128 114.056 575.855 289.39 136.535 77.0639 201.927 379.541
internal_count=19590 7460 12130 8411 3357 5052 3966 2408 1490 997 224 1867 3580 3719 3543 3388 2646 742 519 493 773 1891 1050 517 3514 1596 816 430 1132 1760
is_linear=0
shrinkage=0.03


Tree=47
num_leaves=31
num_cat=1
split_feature=3 5 17 32 17 27 10 6 10 1 12 9 15 29 7 10 17 4 4 12 6 12 12 6 10 12 12 12 17 7
split_gain=162.091 66.2765 56.2369 47.4924 27.024 26.5238 28.1511 29.9596 32.9807 24.8598 21.894 26.1135 24.8743 21.7641 21.6248 20.9619 18.5999 18.5306 35.5199 24.696 24.0389 25.7021 35.0963 24.9951 24.5628 22.6056 18.9616 20.4279 22.1683 21.1601
threshold=0.33733227849006658 -0.97269129753112782 1.0742033720016482 0 -1.2670373916625974 1.0000000180025095e-35 -0.64500001072883595 -0.89225733280181874 0.22500000149011615 26.984601020812992 0.082499999552965178 -21.117370605468746 37.500000000000007 75.224540710449233 -4.8531422615051261 -0.55500000715255726 -1.1955825090408323 57.500000000000007 139.50000000000003 0.13350000232458117 -0.82436862587928761 0.34650000929832464 0.26600000262260443 -0.79671859741210926 -0.59000000357627858 0.73149999976158153 0.078999999910593047 -0.52750000357627858 0.889196276664734 -15.58694553375244
decision_type=2 2 2 1 2 2 2 2 2 2 2 2 2 2 2 2 2 10 10 2 2 2 2 2 2 2 2 2 2 2
left_child=14 4 3 5 -2 13 -7 -8 -9 -5 11 12 -4 -3 -1 -16 -17 20 -19 -20 26 22 23 -22 -25 -23 27 29 -29 -15
right_child=1 2 10 9 -6 6 7 8 -10 -11 -12 -13 -14 17 15 16 -18 18 19 -21 21 25 -24 24 -26 -27 -28 28 -30 -31
leaf_value=0.0038565369555557095 -0.025943477375655177 0.01188004707301807 0.028553148717387903 -0.0022202762932748451 0.01230557452649244 0.032683630654619628 -0.011788833944534668 0.023627361767339119 -0.01336480806183838 -0.016808842120415987 0.019395711136619195 0.010754254396457887 -0.01885830403541661 -0.027817934199391783 0.0047925267847261487 -0.00097103753361030981 0.027057883941182678 0.018942403118003374 0.0020013054506968606 -0.02498711911038248 0.021205800289381092 -0.023556732324030376 0.033091274685670448 -0.024587239031195977 -0.00094540435444227875 0.023225430490587742 -0.0046111136902857817 -0.021117991174786993 0.0090677915725876929 0.020424750478142
leaf_weight=79.767620041966438 16.6195118278265 69.038184747099876 10.867683589458464 139.93249061703682 318.0346398204565 31.56551568955183 76.465477056801319 73.079166501760483 29.912239089608192 425.76350397616625 102.60653868317604 124.01792101562023 63.299621947109699 11.000733770430086 58.005692586302757 23.179781794548035 253.60602013766766 76.649578280746937 99.49626761674881 42.930916532874107 38.253705769777298 70.321571953594685 27.361970722675323 44.544790752232075 301.23448961228132 9.8741680234670621 226.28621686995029 262.69560474902391 23.331420667469501 24.83435246348381
leaf_count=363 117 424 54 813 1449 170 470 367 177 3475 510 694 381 86 244 101 1182 400 536 229 243 481 154 319 2048 48 1547 2094 129 178
internal_value=0.000492086 -0.00215507 -0.00389628 -0.00563084 0.0103344 -0.00281947 0.0070195 0.00234921 0.0128584 -0.0129814 0.0082185 0.00236339 -0.0116237 -0.0044084 0.0179515 0.0212882 0.0247155 -0.00531044 0.00260948 -0.00625114 -0.0069801 -0.00215627 0.000886009 -0.00148857 -0.00405317 -0.0175815 -0.0112944 -0.0159643 -0.0186327 0.00526196
internal_weight=3154.58 2740.02 2405.36 2104.57 334.654 1538.88 211.022 179.457 102.991 565.696 300.792 198.185 74.1673 1327.85 414.559 334.791 276.786 1258.82 219.077 142.427 1039.74 491.591 411.395 384.033 345.779 80.1957 548.148 321.862 286.027 35.8351
internal_count=19483 17593 16027 14388 1566 10100 1184 1014 544 4288 1639 1129 435 8916 1890 1527 1283 8492 1165 765 7327 3293 2764 2610 2367 529 4034 2487 2223 264
cat_boundaries=0 1
cat_threshold=44
is_linear=0
shrinkage=0.03


Tree=48
num_leaves=31
num_cat=1
split_feature=5 5 2 31 17 29 14 6 7 17 18 3 18 16 16 18 5 0 3 18 10 16 16 16 5 5 9 10 6 17
split_gain=158.622 72.5743 52.0247 44.7488 42.1032 30.2704 29.4091 28.419 28.0077 24.6681 24.4271 22.0589 21.2805 25.1837 21.0876 25.0291 38.9537 23.6825 24.7063 32.6624 26.8877 20.9257 31.0434 20.7071 20.3021 27.4511 18.6486 20.0396 26.4194 19.2969
threshold=0.56202840805053722 -0.88134551048278797 238.9084167480469 0 -0.34192450344562525 84.152141571044936 1.0249999761581423 -0.97606927156448353 -19.59663105010986 1.3122850060462954 0.64485144615173351 537.38623046875011 1.5407053232192995 -0.82302001118659962 -1.9316447377204893 0.97647288441658031 0.48901963233947759 0.011288744863122703 304.69734191894537 0.35212390124797827 -0.42000000178813929 1.011741101741791 1.5459565520286562 -0.37346102297306055 -0.9936448037624358 -0.9980562925338744 -67.805557250976548 0.28499999642372137 -0.99223279953002919 -0.27559790015220637
decision_type=2 2 2 1 2 2 2 2 2 2 2 2 2 2 2 2 2 2 2 2 2 2 2 2 2 2 2 2 2 2
left_child=1 3 4 9 6 10 7 -3 -9 11 23 -1 13 -13 -6 16 17 -16 -19 -20 -21 26 -23 -2 25 -15 -17 29 -29 -28
right_child=5 2 -4 -5 14 -7 -8 8 -10 -11 -12 12 -14 24 15 21 -18 18 19 20 -22 22 -24 -25 -26 -27 27 28 -30 -31
leaf_value=0.028362403332633686 -0.027782240919155664 -0.021936343358293482 -0.015406523526286856 -0.0027509214839539554 -0.025720409895916663 -0.012050628605258608 0.011985444842525377 -0.020476493550465324 -0.0022847805312858241 0.04190116936041987 0.021121266155161446 0.037253973278018958 -0.0089756885988757761 -0.008159810346015952 0.03056270832790977 -0.0053522782781522957 0.021618505216903328 -0.012816428949971266 -0.024377028739344327 -0.028465944936132866 0.018773713028795221 -0.01442045416210211 0.022687709318592608 0.010690973586961071 0.0023255882838892445 0.037485566234459547 -0.019711648238533757 0.03657570371899236 -0.0061638649782293957 0.019193746721572508
leaf_weight=52.69240190833807 15.637555971741675 163.79893225431442 396.23719775676727 322.73979946225882 25.683188058435917 31.395332276821136 51.850500203669071 102.36161463707685 290.69719604402781 23.423804372549057 372.48681658506393 28.610128343105316 56.876961149275303 16.738648504018784 13.868186794221399 64.349083706736565 47.995657384395599 283.0531550347805 27.710901156067848 11.667462125420569 77.717963814735413 83.352198071777821 25.753782317042351 50.781283378601074 162.24522483348846 37.232885137200356 11.340306401252745 14.501775547862051 80.213130727410316 212.92678555846214
leaf_count=259 67 1452 3253 1812 157 143 321 853 1912 101 1691 131 298 75 74 411 223 1886 208 87 510 538 156 225 815 155 77 68 432 1170
internal_value=5.03131e-05 -0.00276578 -0.00569488 0.00553029 -0.00326475 0.0161033 -0.00945468 -0.0114689 -0.00706226 0.0123397 0.01814 0.0106206 0.00743858 0.0112729 0.000585195 0.00131923 -0.00369227 -0.00667149 -0.0080349 0.00353399 0.0123608 0.00601906 -0.0055348 0.00135517 0.00767933 0.0234383 0.00931344 0.0122795 0.000693743 0.0171477
internal_weight=3155.94 2685.64 1985.08 700.56 1588.84 470.301 608.708 556.858 393.059 377.82 438.906 354.396 301.704 244.827 980.134 954.45 462.013 414.018 400.149 117.096 89.3854 492.437 109.106 66.4188 216.217 53.9715 383.331 318.982 94.7149 224.267
internal_count=19560 17434 13788 3646 10535 2126 4538 4217 2765 1834 1983 1733 1474 1176 5997 5840 2988 2765 2691 805 597 2852 694 292 1045 230 2158 1747 500 1247
cat_boundaries=0 1
cat_threshold=10
is_linear=0
shrinkage=0.03


Tree=49
num_leaves=31
num_cat=1
split_feature=5 29 17 5 16 2 10 32 1 12 16 11 10 13 17 29 17 2 10 8 5 10 5 28 10 5 5 12 10 10
split_gain=131.355 60.4521 58.2869 43.8579 40.6263 33.5327 30.3414 29.7926 26.6231 26.323 25.3841 31.0529 29.114 24.9757 28.0911 25.6125 27.3208 24.5332 23.7358 23.548 20.7681 21.0648 20.692 20.4621 20.2695 18.9667 18.2353 17.7972 22.3573 45.7977
threshold=0.56202840805053722 86.164299011230483 -0.34192450344562525 -0.83753159642219532 1.0861150026321413 272.54676818847662 -0.49500000476837153 0 12.784722328186037 0.092000000178813948 1.1911813616752627 73.500000000000014 0.49500000476837164 43.500000000000007 -0.30468432605266565 76.151096343994155 1.1189950108528139 10.006336212158205 0.56499999761581432 12.243215560913088 -0.9980562925338744 1.4200000166893008 0.63088810443878185 22.786700248718265 -0.26999999582767481 0.25061884522438055 -0.49655652046203608 0.34650000929832464 0.1799999997019768 0.24000000208616259
decision_type=2 2 2 2 2 2 2 1 2 2 2 2 2 2 2 2 2 2 2 2 2 2 2 2 2 2 2 2 2 2
left_child=1 2 7 4 6 13 -4 19 9 -2 11 27 -13 15 -15 16 24 22 -14 -1 -8 -22 -11 -23 -5 -12 -20 28 -9 -30
right_child=8 -3 3 5 -6 -7 20 10 -10 17 25 12 18 14 -16 -17 -18 -19 26 -21 21 23 -24 -25 -26 -27 -28 -29 29 -31
leaf_value=0.011591914858895817 0.023794452267920121 -0.029470721133018525 -0.010728341508151249 0.016301168410832016 -0.0091424038764210316 -0.013606078275222736 -0.016324953685216421 -0.0088946286567661449 -0.0021671076369215109 -0.0055831000072037087 0.00016432773151333019 -0.020374088502263014 0.042838282062574902 0.044683991745419135 0.0032752646126766589 -0.012051048865572143 0.026594636040958422 -0.021619765826849185 0.029891222310299732 -0.017629843483402227 0.019168358997947228 -0.023728890283665913 0.021185270470270332 0.019296761314285076 -0.010176317605318909 0.043658329751897741 -0.013917198915001559 -0.025436075964140149 0.056698395870629942 0.00078566540343960036
leaf_weight=111.27777694910765 248.51919244229794 71.598301507532597 44.302156768739223 34.926513873040676 93.160398751497269 177.83243153989315 17.114977329969406 179.1040198430419 69.620988920331001 37.428098648786545 35.491059944033623 346.38166111707687 9.4782183170318586 14.133351549506186 589.63117250055075 222.34430705755949 35.159346073865891 21.156431078910828 9.4219151288270933 30.913068860769272 335.12623389065266 20.879944816231728 81.493215039372444 17.27418752014637 93.540397591888905 11.103380560874937 47.273728385567665 32.040044598281384 14.086087711155413 104.83546508103609
leaf_count=699 1139 591 258 199 515 1450 75 1382 322 161 236 2651 42 85 3582 1534 159 90 41 253 1547 107 370 78 560 66 369 233 105 731
internal_value=5.83034e-05 -0.002465 -0.00171799 0.00159453 0.00876197 -0.0016506 0.0126113 -0.00774296 0.014891 0.0179448 -0.00994542 -0.011421 -0.0168999 0.000509091 0.00431687 -0.00544309 0.00355481 0.0074716 0.00131833 0.00482334 0.0152805 0.0167693 0.0127842 -0.00425381 -0.00290753 0.0112284 -0.00624503 -0.00454248 -0.00221871 0.00782602
internal_weight=3156.65 2698.43 2626.83 1695.43 527.858 1167.57 434.698 931.406 458.218 388.597 789.216 742.621 412.556 989.735 603.765 385.971 163.626 140.078 66.1739 142.191 390.395 373.28 118.921 38.1541 128.467 46.5944 56.6956 330.066 298.026 118.922
internal_count=19630 17548 16957 10149 2580 7569 2065 6808 2082 1760 5856 5554 3103 6119 3667 2452 918 621 452 952 1807 1732 531 185 759 302 410 2451 2218 836
cat_boundaries=0 1
cat_threshold=32
is_linear=0
shrinkage=0.03


Tree=50
num_leaves=31
num_cat=0
split_feature=3 0 17 9 7 5 0 29 5 29 16 14 12 18 10 17 28 3 5 10 5 18 10 16 12 17 14 12 3 29
split_gain=135.282 59.4306 43.3252 29.0946 27.2677 37.6808 24.6779 24.6457 24.2696 34.7882 26.5606 35.214 36.7297 32.0847 41.3442 25.419 23.9072 25.6873 24.0186 23.777 20.6994 16.5437 15.9559 29.0001 17.7962 15.8682 19.109 14.9604 14.9155 16.4686
threshold=1.0000000180025095e-35 30.870703697204593 -0.34192450344562525 -6.3533122539520255 -34.566537857055657 -0.8126716911792754 3.7614165544509892 83.357944488525405 -0.88134551048278797 77.084831237792983 -0.22490999102592465 0.76499998569488536 0.035499999299645431 0.83054965734481823 0.22500000149011615 1.660228490829468 18.71020603179932 296.80146789550787 -0.63756072521209706 -0.66500002145767201 -0.96105405688285817 1.1554906964302065 -0.49500000476837153 -0.34565572440624232 -0.14499999582767484 0.76505395770072948 1.0949999690055849 0.1670000031590462 532.81591796875011 81.26676177978517
decision_type=2 2 2 2 2 2 2 2 2 2 2 2 2 2 2 2 2 2 2 2 2 2 2 2 2 2 2 2 2 2
left_child=7 2 3 20 5 -4 27 -1 22 10 19 12 15 14 -14 -12 -6 18 -18 21 -2 -10 -3 28 -25 26 -20 -5 -24 -30
right_child=1 8 4 6 16 -7 -8 -9 9 -11 11 -13 13 -15 -16 -17 17 -19 25 -21 -22 -23 23 24 -26 -27 -28 -29 29 -31
leaf_value=0.020426708955210711 0.0072016719632629804 -0.018054966691348429 0.0077095413267290252 0.021634311273457475 -0.0011812814852151315 -0.01607256578054805 -0.0052384703430815435 -0.013199669768000825 -0.010783064578631318 -0.017933143434834972 -0.017246590313348322 0.030529732326895653 0.0385868755437489 -0.006300700587878392 -0.015849894168105047 0.031610000358719602 -0.027256457910530565 0.019156339876022194 0.001454333793633923 -0.018248105419622372 -0.012666978341245343 0.039918837919040918 -0.0076853853910331957 -0.01343490246362513 0.0042901964889011605 0.015996584306847417 0.036517297874465074 -0.0064529896556572881 0.041701734925906467 0.0010671508062620278
leaf_weight=302.85035958886147 54.170251846313477 39.016840770840645 121.26470631361008 72.897462785243988 211.97866225242615 116.7711830213666 119.14117396622896 20.307444036006927 10.910878866910936 323.26516088843346 129.6347359791398 30.205013059079647 44.927732467651367 63.807482592761517 16.641371332108974 9.434396877884863 17.522349499166012 204.90265481173992 251.28994847089052 158.10476859658957 337.54905497282743 10.590112790465353 11.81682202965021 83.868097230792046 126.82194578647614 136.274673871696 13.820646300911902 21.685166455805302 29.638692751526833 12.771937958896158
leaf_count=1416 269 230 605 363 1136 836 795 86 80 2982 993 179 285 425 118 46 102 1028 1343 1250 2485 61 64 480 682 651 71 115 141 66
internal_value=-6.18087e-05 -0.00219911 0.0013531 -0.00505917 0.0049698 -0.00397547 0.00383273 0.0182794 -0.00761109 -0.0103572 -0.0051664 0.00038481 -0.00316039 0.00857961 0.0238551 -0.0137302 0.00751916 0.0104728 0.00618992 -0.0142251 -0.00990803 0.0148539 -0.000394954 0.00226412 -0.00279566 0.00771412 0.00341258 0.0151945 0.0216175 0.0297711
internal_weight=3103.88 2780.72 1679.27 605.443 1073.82 238.036 213.724 323.158 1101.46 797.522 474.256 294.651 264.446 125.377 61.5691 139.069 835.789 623.81 418.908 179.606 391.719 21.501 303.934 264.917 210.69 401.385 265.111 94.5826 54.2275 42.4106
internal_count=19383 17881 9799 4027 5772 1441 1273 1502 8082 6419 3437 2046 1867 828 403 1039 4331 3195 2167 1391 2754 141 1663 1433 1162 2065 1414 478 271 207
is_linear=0
shrinkage=0.03


Tree=51
num_leaves=31
num_cat=2
split_feature=1 9 6 29 14 17 12 31 31 16 2 29 17 17 6 14 9 16 10 12 14 10 6 17 8 18 23 18 9 17
split_gain=131.809 64.8149 49.1673 54.8866 32.7626 31.1652 30.2453 29.9061 27.4301 25.5122 25.3856 25.4222 24.9246 24.3156 21.7131 22.381 21.3745 23.6808 22.7385 18.5207 17.78 17.7076 17.095 16.6266 16.5997 16.5744 16.159 16.1579 15.2788 16.977
threshold=33.797277450561531 -10.046835422515867 -0.54638096690177906 76.836559295654311 -0.22999999672174451 -0.34192450344562525 -0.027500000782310959 0 1 1.0861150026321413 7.1916284561157235 76.484970092773452 0.3703989982604981 1.7941562533378603 -0.94107943773269642 -1.0000000180025095e-35 75.03122711181642 -0.023357300087809559 -0.42000000178813929 0.11699999868869783 0.49499998986721044 0.2950000017881394 -0.35488262772560114 0.069999270141124739 -65.123928070068345 0.82439422607421886 1.0000000180025095e-35 0.99649500846862804 86.653739929199233 0.30629649758338934
decision_type=2 2 2 2 2 2 2 1 1 2 2 2 2 2 2 2 2 2 2 2 2 2 2 2 2 2 2 2 2 2
left_child=1 5 3 6 10 22 13 26 16 12 -3 -12 -9 20 15 -6 17 23 -19 -14 21 28 -1 -8 -16 -18 -4 -25 29 -2
right_child=2 4 7 -5 14 -7 8 9 -10 -11 11 -13 19 -15 24 -17 25 18 -20 -21 -22 -23 -24 27 -26 -27 -28 -29 -30 -31
leaf_value=-0.011089121275501454 -0.01371326444270088 0.013683377009469772 0.0049741625857741964 -0.0168568540307443 0.034667567399077129 0.0053493477225373953 -0.016391491950497498 -0.0079128004042444498 -0.0090787892287725325 -0.025270754352206316 0.0097111210233619058 -0.01735279621699971 -0.0014878501594060623 0.030629031395120451 -0.0053704720476675585 -0.016155246329538128 0.056025729169039258 -0.016758862241810567 0.020909037733809695 0.029760841347041142 0.0076857827067239419 -0.028502623268711755 0.0079109864752377867 -0.010705196218524974 0.021083518203668248 0.011784764983376063 0.023511370166851082 0.034181564883901942 -0.024474659456524044 0.0067276770408883574
leaf_weight=225.37266299128532 87.104437656700611 127.7362232208252 251.24761046469212 485.71496539562941 9.4238753020763379 431.06839119642973 53.368021167814732 160.75317007303238 104.71567212045193 48.530393533408642 55.599261000752449 68.899938717484474 34.938775658607483 11.712734863162039 22.142449155449867 30.032751724123955 13.373175650835039 16.466803647577763 87.086496762931347 32.209172457456589 36.203478895127773 61.812526226043701 51.740682527422905 13.636959388852121 407.65927632898092 17.70578458160162 50.13127700984478 13.512587189674376 48.979536898434162 61.706674091517925
leaf_count=1623 735 565 1298 4358 51 2252 409 996 778 329 279 350 179 52 129 188 81 99 489 138 229 479 271 76 1933 105 266 65 374 387
internal_value=5.50128e-05 0.00675778 -0.00561286 -0.00929595 0.0130796 0.000307736 -0.00342487 0.00148608 0.00303065 -0.00555517 0.00433679 -0.00528543 -0.00150746 -0.0101276 0.0177599 -0.00345979 0.00894535 0.00538863 0.0148162 0.0137181 -0.0118392 -0.0145811 -0.00752586 -0.00676911 0.0197114 0.0319746 0.00786509 0.012056 -0.0101089 -0.0052488
internal_weight=3120.59 1429.68 1690.91 1113.1 721.494 708.182 627.385 577.81 319.866 276.432 252.235 124.499 227.901 307.519 469.258 39.4566 215.15 184.071 103.553 67.1479 295.807 259.603 277.113 80.5176 429.802 31.079 301.379 27.1495 197.791 148.811
internal_count=19563 7641 11922 8716 3495 4146 4358 3206 2102 1642 1194 629 1313 2256 2301 239 1324 1138 588 317 2204 1975 1894 550 2062 186 1564 141 1496 1122
cat_boundaries=0 1 2
cat_threshold=10 4
is_linear=0
shrinkage=0.03


Tree=52
num_leaves=31
num_cat=1
split_feature=0 7 17 6 32 10 17 6 28 16 9 17 17 18 16 7 14 14 16 10 10 16 9 10 16 4 18 14 2 16
split_gain=108.757 70.8556 50.8281 42.9847 33.8815 33.5678 32.4658 37.7981 34.5367 26.8999 24.0277 27.635 23.149 27.6866 22.5505 22.4727 22.3894 31.2466 21.516 24.1819 21.66 18.5254 18.1183 17.9683 27.7657 17.897 17.7732 17.2149 21.4589 16.7943
threshold=13.258056163787844 -5.0161798000335684 -0.34192450344562525 -0.27338597923517222 0 0.35999999940395361 1.7941562533378603 -0.54638096690177906 20.863806724548343 1.1675921082496645 -3.7271519899368282 0.40543007850646978 -0.76896089315414418 0.7678976058959962 -1.8682830333709715 -19.212480545043942 -0.84999999403953541 -0.37499999999999994 -1.0346390604972837 -0.36500000953674311 1.1600000262260439 0.57686099410057079 -31.105566978454586 -0.49500000476837153 -0.34565572440624232 168.50000000000003 0.20206118375062945 -0.37499999999999994 7.8629119396209726 -0.66705372929573048
decision_type=2 2 2 2 1 2 2 2 2 2 2 2 2 2 2 2 2 2 2 2 2 2 2 2 2 8 2 2 2 2
left_child=1 3 -2 12 -4 10 7 8 16 -5 11 25 21 15 -15 -14 -6 -18 19 -10 -20 -1 -23 -9 -25 -3 -19 28 -12 -28
right_child=2 5 4 9 6 -7 -8 23 18 -11 27 -13 13 14 -16 -17 17 26 20 -21 -22 22 -24 24 -26 -27 29 -29 -30 -31
leaf_value=-0.018429407800122508 -0.013282570588657238 0.0062458992088226259 -0.024953549352294449 0.018094860074077155 -0.021944332484476622 0.025295614562326558 0.028083202346601031 -0.013811075941005547 0.03745442790172071 -0.016782273348945886 0.016237071941721627 0.017268196652275653 -0.016788120401040506 -0.025166944253355847 0.005739025985464101 0.0057568653886506376 0.028773417977125477 -0.030839709748677738 -0.016622431637731465 -0.0080044768145446209 0.025060678694744695 -0.019256469875349767 0.031288457956946528 0.026011930939701812 0.0039725947510538557 -0.017406619618166801 -0.014374494096030433 0.021121130229721407 -0.018196467229431575 0.0059823010704736727
leaf_weight=119.92214944958687 544.32408953458071 48.459971204400063 44.162397623062134 152.78787480294704 32.398817241191864 162.26027679443359 32.874585419893265 33.852597117424011 14.513095282018183 22.06172302365303 40.742450356483459 59.755850791931152 128.23364375531673 21.486519820988178 390.50562819838524 56.894117660820484 38.554883651435375 14.692491531372069 298.67475315928459 32.002193599939346 10.797182366251944 10.240188926458361 13.972588635981081 65.762328013777733 226.44816324114799 68.495237335562706 44.025190435349941 154.68297755718231 25.73030424118042 191.35401114821434
leaf_count=900 4483 222 350 689 227 795 170 204 97 111 178 269 875 127 2166 287 215 100 2515 249 82 79 86 299 1146 317 277 713 122 1161
internal_value=-0.000461717 0.00543017 -0.00581611 0.000287736 -0.00204457 0.0138253 -0.000796513 -0.00177797 -0.00581706 0.0136238 0.00909569 0.000835 -0.00287214 -0.000259743 0.00407016 -0.00986581 0.00131905 0.00399716 -0.012238 0.00666878 -0.0150921 -0.0136184 0.00999584 0.00660064 0.00900437 -0.00763642 7.78797e-05 0.0156628 0.00283638 0.00213007
internal_weight=3100.67 1476.23 1624.44 916.104 1080.11 560.127 1035.95 1003.08 677.013 174.85 397.867 176.711 741.255 597.12 411.992 185.128 321.025 288.627 355.987 46.5153 309.472 144.135 24.2128 326.063 292.21 116.955 250.072 221.156 66.4728 235.379
internal_count=19511 7936 11575 5320 7092 2616 6742 6572 4923 800 1821 808 4520 3455 2293 1162 1980 1753 2943 346 2597 1065 165 1649 1445 539 1538 1013 300 1438
cat_boundaries=0 1
cat_threshold=1
is_linear=0
shrinkage=0.03


Tree=53
num_leaves=31
num_cat=2
split_feature=3 29 17 13 5 18 17 32 4 3 29 29 8 14 12 29 17 17 12 18 7 16 10 10 16 5 17 16 10 32
split_gain=110.928 53.7482 54.7868 44.0556 34.1964 35.5709 35.0506 25.4271 24.683 26.3807 24.4212 23.099 21.7668 21.3171 48.4363 31.1383 21.2274 22.8336 22.5682 31.9388 20.5589 20.0187 19.5472 43.3666 27.1011 21.7044 18.2096 17.4469 17.3481 17.8579
threshold=1.0000000180025095e-35 86.164299011230483 -0.34192450344562525 48.500000000000007 -0.73172146081924427 1.2578593492507937 0.67499551177024852 0 3.5000000000000004 1052.5799560546877 83.357944488525405 75.522090911865249 15.327858448028566 -0.34499999880790705 0.028500000014901165 75.77988433837892 -0.30042955279350275 -0.26767499744892115 -0.37800000607967371 0.32234686613082891 -3.9040225744247432 -0.074701867997646318 0.22500000149011615 -0.12499999627470969 0.26034356653690344 0.12431468442082406 -0.38627845048904413 -0.62602889537811268 -0.33500000834465021 1
decision_type=2 2 2 2 2 2 2 1 10 2 2 2 2 2 2 2 2 2 2 2 2 2 2 2 2 2 2 2 2 1
left_child=10 2 7 4 6 13 28 12 9 22 20 -7 27 14 -6 -16 -10 -18 19 -19 -1 -17 23 25 -25 -5 -9 -2 -4 -30
right_child=1 -3 3 8 5 11 -8 26 16 -11 -12 -13 -14 -15 15 21 17 18 -20 -21 -22 -23 -24 24 -26 -27 -28 -29 29 -31
leaf_value=0.0031959776013895601 0.027714751626574267 -0.026658326723974578 -0.016587696627281847 -0.017085747483167414 -0.021132812512473488 0.028332332560519702 0.021956831548239741 -0.0081683173392936275 0.038024402462779265 0.032929401503519355 -0.014961510027718618 -0.00075739734696587328 -0.019052049489381915 -0.016116975881743177 0.05736523849393145 -0.017645831779481244 -0.02024263310245367 0.034934315242819848 0.012533689662815978 -0.017462769504499705 0.022711455316432851 0.02679274020258084 -0.014193595209879221 0.0058521862816264631 0.04751659489362145 0.014212582766362433 -0.030287510885318957 0.0025247142048589115 0.012707201108686334 -0.0057145092240840243
leaf_weight=61.218424186110497 36.294576294720173 75.762450836598873 47.851937524974346 73.585610270500183 47.578363344073296 27.541878998279572 83.245521850883961 763.08600035309792 22.918053507804871 18.469239838421345 19.886437267065048 176.07814032584429 26.03881473839283 295.71970345079899 13.870637312531469 16.829971961677074 22.02876354008913 12.240025013685225 475.87859288603067 49.410106994211674 241.31154838204384 17.74111445993185 92.405855573713779 33.147578008472919 23.814645491540432 26.363145865499973 34.219799533486366 74.231013290584087 82.959496587514877 87.572646006941795
leaf_count=277 240 630 293 533 375 132 389 5680 103 92 85 1090 225 2123 68 129 123 61 2411 291 1160 125 664 196 139 166 264 465 412 490
internal_value=4.26665e-05 -0.0019066 -0.00119749 0.00193782 -0.00269895 -0.00686452 0.0055186 -0.00705939 0.00682684 -0.000711194 0.0166646 0.00329655 0.00480063 -0.012141 0.000143902 0.0210462 0.0102876 0.00908581 0.0103231 -0.00666828 0.0187859 0.00527117 -0.00332486 0.00312515 0.0237904 -0.00877128 -0.00904115 0.010971 -0.000818989 0.00367667
internal_weight=3079.3 2756.88 2681.12 1747.25 896.989 595.36 301.63 933.87 850.262 267.786 322.416 203.62 136.564 391.74 96.0201 48.4417 582.476 559.557 537.529 61.6501 302.53 34.5711 249.317 156.911 56.9622 99.9488 797.306 110.526 218.384 170.532
internal_count=19431 17909 17279 10405 5626 4042 1584 6874 4779 1790 1522 1222 930 2820 697 322 2989 2886 2763 352 1437 254 1698 1034 335 699 5944 705 1195 902
cat_boundaries=0 1 2
cat_threshold=32 56
is_linear=0
shrinkage=0.03


Tree=54
num_leaves=31
num_cat=0
split_feature=3 17 5 29 14 12 12 17 14 10 3 16 24 10 5 11 12 5 9 16 9 16 10 16 14 11 2 3 29 14
split_gain=110.899 52.5868 48.4693 39.7834 30.0709 37.3997 36.5854 33.9113 31.5022 37.3704 41.4304 36.0461 42.0993 48.2679 32.577 30.5774 45.9478 29.5359 26.3163 30.8858 24.6291 22.2288 21.4998 24.7667 21.4003 20.766 20.4065 20.0296 19.9514 19.7335
threshold=1.0000000180025095e-35 1.0742033720016482 -0.98902499675750721 86.164299011230483 0.49499998986721044 -0.027500000782310959 -0.37800000607967371 -1.219604969024658 -1.0349999666213987 0.22500000149011615 26.515231132507328 0.98491400480270397 1.0000000180025095e-35 -0.42000000178813929 -0.78753387928009022 68.500000000000014 -0.18349999934434888 -0.9980562925338744 -70.359115600585923 0.7252347767353059 -11.732379436492918 -1.3231350183486936 -0.43500000238418574 -1.1081970334053037 -0.34499999880790705 83.500000000000014 264.62896728515631 411.28997802734381 75.522090911865249 -0.59499999880790699
decision_type=2 2 2 2 2 2 2 2 2 2 2 2 2 2 2 2 2 2 2 2 2 2 2 2 2 2 2 2 2 2
left_child=-1 2 17 4 6 20 -4 -8 -9 11 25 12 14 -14 21 16 -16 -2 27 -20 -6 -10 23 -17 -18 -11 -23 -3 -7 -28
right_child=1 18 3 -5 5 28 7 8 9 10 -12 -13 13 -15 15 22 24 -19 19 -21 -22 26 -24 -25 -26 -27 29 -29 -30 -31
leaf_value=0.016823956815767718 -0.011908870585538044 -0.026855252871216026 -0.016323240478261097 -0.028992466295552143 0.00070452352428228662 0.017614671858097435 -0.019128289806700553 -0.020372842731190988 0.049895845144676709 -0.00093404579398229006 -0.016585594123396098 -0.014043203968827767 -0.0098277222460619301 0.045461877318460048 0.056282680327500646 0.021073660942115491 0.019794912550852521 0.018399908573190373 0.017435361059714036 -0.0074155013258666693 0.024246382149129851 0.01471517128388106 -0.0097321786380663161 -0.0033026068438955412 -0.010519901346209896 0.032980532234176435 0.022291331564734944 0.0098151807461959121 -0.0066954014898209591 -0.023676893639952207
leaf_weight=316.00208400189877 36.088288955390453 28.538895405828953 250.96318503469229 57.802199825644493 69.023359432816505 33.721084229648113 120.93110787123442 83.438491359353065 12.309853553771971 62.412257649004459 240.0115974470973 117.21722736209631 20.85766464471817 41.618774399161339 17.355946317315102 49.694049052894115 38.474637307226658 133.91972031444311 232.80226054042578 55.140108741819859 94.30369671434164 144.05300492793322 304.23815291374922 143.49777989834547 43.747874148190022 20.943423986434937 11.179462186992167 23.805471077561378 243.71519181877375 26.591296188533306
leaf_count=1500 175 168 1900 522 472 181 912 635 64 356 1907 768 134 239 109 280 261 633 1206 338 500 803 2179 884 355 96 60 132 1545 158
internal_value=1.88969e-05 -0.00191169 -0.00346633 -0.00463575 -0.00398003 0.00301799 -0.00574377 -0.00396234 -0.00261815 -0.00145864 -0.0102749 0.00148545 0.00363175 0.0271395 0.00174342 -0.00173203 0.0133605 0.0119341 0.0091135 0.0126673 0.0143622 0.0123854 -0.00477408 0.00304385 0.00373281 0.00787707 0.00958683 -0.0103067 -0.00368797 -0.00984711
internal_weight=3074.4 2758.4 2418.11 2248.1 2190.3 440.763 1749.54 1498.57 1377.64 1294.2 323.367 970.836 853.618 62.4764 791.142 597.008 99.5785 170.008 340.287 287.942 163.327 194.134 497.43 193.192 82.2225 83.3557 181.824 52.3444 277.436 37.7708
internal_count=19472 17972 16128 15320 14798 2698 12100 10200 9288 8653 2359 6294 5526 373 5153 4068 725 808 1844 1544 972 1085 3343 1164 616 452 1021 300 1726 218
is_linear=0
shrinkage=0.03


Tree=55
num_leaves=31
num_cat=0
split_feature=5 5 17 0 4 11 16 17 16 12 12 2 10 10 12 8 10 28 3 13 0 17 11 28 5 1 16 12 17 1
split_gain=105.735 58.3713 44.0478 32.2071 30.0569 29.8502 26.1755 26.7802 21.7634 20.1493 27.4938 21.978 19.7865 19.6752 39.3152 19.6716 18.5703 20.7151 17.9157 17.9062 17.7667 21.9797 40.4282 19.4934 23.9537 17.7518 17.213 16.6295 16.6104 15.7508
threshold=0.56202840805053722 -0.96105405688285817 -0.34192450344562525 25.566171646118168 2.5000000000000004 73.500000000000014 1.1281398534774782 -1.2670373916625974 1.1911813616752627 0.028500000014901165 0.43999999761581426 34.803195953369148 -0.55500000715255726 0.2950000017881394 -0.37800000607967371 -53.313816070556634 0.27500000596046453 22.590013504028324 504.20439147949224 32.500000000000007 13.861207962036135 -0.53089502453804005 66.000000000000014 23.15529823303223 -0.090113466605544076 65.249031066894545 1.4329050183296206 0.12299999967217447 1.0000000180025095e-35 13.757243633270265
decision_type=2 2 2 2 8 2 2 2 2 2 2 2 2 2 2 2 2 2 2 2 2 2 2 2 2 2 2 2 2 2
left_child=1 6 5 12 -4 15 7 -1 -7 11 19 29 28 14 -9 -3 -16 -18 -15 -11 21 23 -23 24 -17 -12 -10 -8 -2 -6
right_child=3 2 4 -5 9 8 27 13 26 10 25 -13 -14 18 16 20 17 -19 -20 -21 -22 22 -24 -25 -26 -27 -28 -29 -30 -31
leaf_value=-0.025532958111603318 -0.013324511109276521 -0.018569853349672576 -0.0075478321560291843 -0.024236668838729235 0.003069978479117874 -0.017960334573006359 -0.019708932806699872 -0.019889166250566713 0.028172117281392864 0.040668374738288278 -0.018809052630604024 -0.0061280739348247761 0.01876804406810258 0.005189376333589537 0.017115013168895066 0.023270026247286961 -0.035134608413828858 0.01278700159337038 0.032244758235715161 0.0083506020621411155 -0.007416004520357687 0.058654724235843288 -0.014518362506094395 0.01818308970303353 -0.015507213551020268 0.014047347396193226 -0.017227730885202904 0.0097006417616985734 0.012654296875931404 0.029285565601243201
leaf_weight=16.292998075485229 34.236167997121811 70.360615082085133 443.92508954554796 18.531232729554176 107.64714517444372 357.64185767620802 44.997505284845829 37.267640881240368 16.524787336587909 15.213702842593191 54.627335049211979 359.858358040452 326.25298674404621 32.581383913755417 172.4744146540761 17.311224609613419 13.144187584519388 18.197025120258331 69.947414040565491 362.18562952429056 184.59413737803698 16.405705615878105 10.604582682251932 39.036034822463989 65.79934936016798 19.339032039046288 12.274565175175665 26.962188556790352 58.744739413261414 24.605643332004547
leaf_count=119 147 572 3373 97 533 3090 255 194 98 69 335 2347 1559 146 770 130 64 81 309 2029 1568 84 71 201 416 126 98 143 252 135
internal_value=-5.41732e-05 -0.00234417 -0.00434232 0.0135723 -0.00111967 -0.00998945 0.00771956 0.0110191 -0.0159413 0.0019097 0.00648063 -0.00228741 0.0152972 0.0128213 0.00808163 -0.00427257 0.0132682 -0.00777578 0.0237803 0.00975743 -0.00121198 0.00646429 0.0304334 0.00095991 -0.00724961 -0.0101457 0.00889347 -0.00870769 0.00304874 0.00813056
internal_weight=3047.58 2609.82 2177.95 437.765 1387.4 790.553 431.865 359.905 386.441 943.477 451.366 492.111 419.234 343.612 241.083 404.112 203.816 31.3412 102.529 377.399 333.751 149.157 27.0103 122.147 83.1106 73.9664 28.7994 71.9597 92.9809 132.253
internal_count=19411 17356 15275 2055 8947 6328 2081 1683 3286 5574 2559 3015 1958 1564 1109 3042 915 145 455 2098 2470 902 155 747 546 461 196 398 399 668
is_linear=0
shrinkage=0.03


Tree=56
num_leaves=31
num_cat=1
split_feature=1 9 5 29 16 14 28 10 10 28 18 14 3 10 7 32 16 16 18 29 10 9 14 12 16 5 16 23 6 14
split_gain=102.892 60.6113 39.6147 43.4675 25.3885 34.9033 29.448 28.3163 26.0123 24.9703 24.638 28.0448 22.7606 33.8886 26.3655 20.3691 24.6176 19.919 19.7798 19.7486 20.3385 19.2222 26.2803 23.9588 20.5372 19.0674 37.6467 17.7407 17.6524 17.3303
threshold=33.797277450561531 -6.9865615367889395 -0.85957497358322132 76.836559295654311 0.070914063602685942 0.38499999046325689 20.863806724548343 1.0950000286102297 -0.66500002145767201 18.289889335632328 0.6304229497909547 0.32500000298023229 375.74615478515631 0.56499999761581432 -29.773410797119137 0 1.0861150026321413 -0.5375225543975829 1.5124193429946902 84.152141571044936 0.35999999940395361 -8.7837634086608869 0.064999999478459372 -0.34700000286102289 0.35567109286785131 -0.75976759195327748 -0.33059918880462641 1.0000000180025095e-35 -0.77289488911628712 -0.74500000476837147
decision_type=2 2 2 2 2 2 2 2 2 2 2 2 2 2 2 1 2 2 2 2 2 2 2 2 2 2 2 2 2 2
left_child=1 12 15 4 8 10 7 -7 29 -3 11 -6 14 17 -1 16 21 -14 -8 20 28 24 23 -23 -2 26 -5 -17 -11 -4
right_child=2 9 3 25 5 6 18 -9 -10 19 -12 -13 13 -15 -16 27 -18 -19 -20 -21 -22 22 -24 -25 -26 -27 -28 -29 -30 -31
leaf_value=-0.015672113667525259 -0.020954119459778934 -0.013111973882467778 -0.0071483978607699622 0.025808668987965019 0.028330017656451441 0.035812821522915428 -0.024683836057257217 -0.013772942511210381 -0.012310004423682399 0.0057535267068250708 -0.010280629651755777 -0.026990127807015603 0.016068361966085246 0.034135009757572728 0.00026497201351787739 0.0028615565609649207 -0.026453212929422897 -0.006616123789395135 0.027239764754379541 -0.014724265157720066 0.024306846169815991 -0.030227167164806619 0.026052674693016874 0.0067509269475753437 0.013329832275849166 -0.018156119657948836 -0.019018833274626074 0.021643502583274323 0.018346205231084215 0.032631346187623658
leaf_weight=113.98141413927078 60.832892686128616 31.471084721386433 18.240905769169331 27.226554065942764 33.128010705113411 59.035445377230644 19.781401440501217 11.969735741615294 294.70940993726254 222.04640889912844 151.84484828263521 10.00436110049486 57.493067920207977 38.039418898522854 498.14087984710932 258.0266512259841 41.244071774184704 85.223096869885921 8.7323148325085622 20.006842203438282 154.93880088627338 21.018596142530441 39.799286141991615 54.692092269659042 20.318468742072582 403.64124558120966 40.876750566065311 54.003339596092701 183.63869365304708 19.710003212094307
leaf_count=796 372 162 126 215 200 314 144 80 2287 1088 1046 76 311 183 2811 1333 291 488 54 95 792 143 211 299 118 3774 369 292 884 115
internal_value=-0.000445257 0.00551809 -0.00552691 -0.00881403 -0.00362949 0.00278192 0.0171465 0.0273787 -0.00929667 0.0126015 -0.00460004 0.0151779 4.06771e-05 0.00936442 -0.00272334 0.00104559 -0.00544636 0.00257052 -0.00839809 0.0140154 0.0150654 -0.00120478 0.00663758 -0.00377505 -0.0123124 -0.0156843 -0.000983414 0.00597989 0.0114849 0.0138188
internal_weight=3053.82 1404.98 1648.84 1098.9 627.156 294.496 99.5189 71.0052 332.66 612.102 194.977 43.1324 792.878 180.756 612.122 549.935 237.905 142.716 28.5137 580.631 560.624 196.661 115.51 75.7107 81.1514 471.745 68.1033 312.03 405.685 37.9509
internal_count=19469 7610 11859 8800 4442 1914 592 394 2528 3021 1322 276 4589 982 3607 3059 1434 799 198 2859 2764 1143 653 442 490 4358 584 1625 1972 241
cat_boundaries=0 1
cat_threshold=5
is_linear=0
shrinkage=0.03


Tree=57
num_leaves=31
num_cat=2
split_feature=5 5 29 31 12 31 5 18 17 17 28 18 16 20 16 12 12 12 17 12 12 12 12 12 10 16 10 13 18 5
split_gain=100.616 43.5019 65.3876 39.9676 37.669 37.0015 34.6262 46.1864 34.4908 31.0155 29.9568 28.0135 44.0158 28.6269 25.9669 24.9426 36.8876 23.1332 20.4763 19.142 18.4474 19.7902 18.9549 18.7858 18.3628 18.275 18.129 22.4607 25.7088 18.0826
threshold=0.45150023698806768 -0.83753159642219532 76.34873199462892 0 -0.37100000679492945 1 0.56202840805053722 0.66384869813919078 0.19942466914653781 1.7078151702880862 20.863806724548343 1.797299385070801 -1.4549223780632017 1.0000000180025095e-35 -0.76819729804992665 -0.26350000500679011 0.028500000014901165 0.25150000303983694 -0.66966253519058216 0.22399999946355822 0.12150000035762788 0.14350000023841861 0.37450000643730169 -0.36949999630451197 -0.62499999999999989 1.1281398534774782 0.49500000476837164 55.500000000000007 0.93402358889579784 -0.9980562925338744
decision_type=2 2 2 1 2 1 2 2 2 2 2 2 2 2 2 2 2 2 2 2 2 2 2 2 2 2 2 2 2 2
left_child=1 5 4 20 -3 14 7 -5 -8 10 11 12 -6 15 -1 -14 -17 19 -7 -12 23 -22 -23 -2 -20 -26 27 -16 -29 -30
right_child=3 2 -4 6 9 18 8 -9 -10 -11 17 -13 13 -15 26 16 -18 -19 24 -21 21 22 -24 -25 25 -27 -28 28 29 -31
leaf_value=0.024966307451236073 -0.0042167846727246246 -0.015976839325422265 -0.011056653644212659 0.025371582429856817 0.068284798401439611 -0.019437255154369455 -0.0035821704618071407 -0.02075430119345344 0.019886100103243983 0.034796185317740827 -0.0048536049095268263 -0.017409220036945262 0.04268958777349776 -0.014276378772575132 -0.0027026715543694568 -0.0067242705339820852 0.017692713352744676 -0.029098798924904561 -0.024790174292244498 0.039667140136028518 -0.0098604572104126556 0.024040858668802609 -0.012003611680698936 0.025062034025239495 0.0046670780125938408 -0.016014066345705926 0.018974695373657948 0.038479707674940702 -0.026908535193711388 0.015715059971068014
leaf_weight=74.147715345025063 21.431870952248573 94.19417317956686 896.70027125626802 23.973539814352989 10.488626934587954 64.357955642044544 102.28109554946423 89.937231406569481 123.82572230696678 27.753842800855637 128.38638129085302 34.889768704771996 21.024218611419201 42.326049409806728 213.16424313187599 84.512431457638741 159.82614108920097 34.412544265389442 25.540059223771095 8.3196717575192434 38.16855675727129 59.994021937251091 16.064947038888931 213.09317206591368 235.83227583765984 44.914822958409786 70.492557533085346 27.983162224292755 12.78703562915325 24.576695680618286
leaf_count=352 101 706 7464 124 65 473 463 492 575 120 961 231 121 306 1163 564 910 250 172 55 173 281 76 1014 1211 299 331 122 59 132
internal_value=8.71757e-05 -0.00288373 -0.00581857 0.0101554 0.00145665 0.00282063 0.00244605 -0.0109104 0.00930103 0.00445537 0.00278573 0.00777195 0.0105791 0.00839715 0.00875296 0.0120537 0.00925432 -0.00748768 -0.00408306 -0.00187578 0.0170848 0.00759617 0.0163707 0.0223799 -0.000936912 0.00131335 0.00549694 0.00202997 0.0172761 0.000806761
internal_weight=3025.4 2336.63 1542.83 688.77 646.134 793.797 340.018 113.911 226.107 551.94 524.186 353.067 318.177 307.689 423.151 265.363 244.339 171.119 370.645 136.706 348.753 114.228 76.059 234.525 306.287 280.747 349.004 278.511 65.3469 37.3637
internal_count=19366 16067 11753 3299 4289 4314 1654 616 1038 3583 3463 2197 1966 1901 2159 1595 1474 1266 2155 1016 1645 530 357 1115 1682 1510 1807 1476 313 191
cat_boundaries=0 1 2
cat_threshold=10 10
is_linear=0
shrinkage=0.03


Tree=58
num_leaves=31
num_cat=1
split_feature=5 5 29 17 6 31 14 6 16 18 2 12 10 17 16 18 16 17 11 14 29 17 12 12 14 14 14 1 12 12
split_gain=85.296 49.6243 44.1949 42.8466 46.8987 45.0972 36.9503 35.3371 34.342 26.4247 26.2578 29.7029 24.8951 23.3653 22.6933 28.7511 34.3917 41.3752 33.8578 22.1453 27.7554 21.7992 29.0243 23.7933 28.3814 22.5897 21.7433 20.6308 19.952 19.4333
threshold=0.56202840805053722 -0.98097097873687733 86.164299011230483 0.069999270141124739 -0.96645781397819508 0 1.0249999761581423 -0.9563411772251128 -0.62602889537811268 1.4408521652221682 6.6270833015441903 0.13350000232458117 0.054999999701976783 0.49308504164218908 0.78855508565902721 1.0292861461639407 -1.8682830333709715 0.73206120729446422 81.500000000000014 0.39499999582767492 77.084831237792983 -1.219604969024658 -0.36949999630451197 0.43999999761581426 -0.84999999403953541 0.20499999821186068 -0.38499999046325678 139.05767059326175 0.11699999868869783 -0.29899999499320978
decision_type=2 2 2 2 2 1 2 2 2 2 2 2 2 2 2 2 2 2 2 2 2 2 2 2 2 2 2 2 2 2
left_child=1 9 3 4 6 8 -3 -7 26 13 -2 29 -10 -1 15 -5 -17 18 -18 -16 -21 -9 25 24 -24 -23 -6 -28 -11 -12
right_child=10 2 -4 14 5 7 -8 21 12 28 11 -13 -14 -15 19 16 17 -19 -20 20 -22 22 23 -25 -26 -27 27 -29 -30 -31
leaf_value=0.019768601742228439 0.018144833490210663 -0.020104073801812998 -0.029719566231734999 -0.001393869270615228 -0.0065693313651188877 0.037788887353176814 0.019322143999892405 -0.020712325375113708 -0.013859741209980717 -0.020139643871142525 -0.014392018296448697 -0.019220312555469826 0.011105134157857278 -0.0027311768161322157 -0.012833363309437162 -0.021122168823056849 0.019217371479848391 0.0071079130965219436 0.063343777939743759 0.022408085578240231 -0.021923410165627367 -0.029006657766544632 -0.025233342596097757 -0.018561843013086561 0.0016546354459413156 0.0024014757721441135 0.043861241414495857 -0.0053119881914247945 0.012764490893725727 0.01570030637920794
leaf_weight=174.63198806345463 269.86519396305084 266.95731611549854 55.089303985238075 396.07421585172415 13.596731796860693 14.779012538492678 22.468870095908642 98.364123240113258 59.519370838999748 39.955565184354782 22.907408125698566 40.092826426029205 87.560897774994373 54.114443257451057 151.43144295364618 28.449501752853394 58.604188948869705 275.95841214060783 21.161688901484013 40.303263865411282 17.443249896168709 73.137763202190399 37.362309664487839 74.674398697912693 446.22373385727406 28.34417736530304 43.568900592625141 9.0336361750960332 26.994949027895927 102.65929265320301
leaf_count=790 1305 2419 535 2563 92 96 143 732 461 239 114 181 549 244 1034 164 320 1494 123 210 131 616 300 520 3072 200 269 83 125 467
internal_value=0.000113043 -0.00193494 -0.00341102 -0.00275831 -0.00639021 -0.00326605 -0.0169873 -0.00660107 0.00869609 0.00961918 0.0123897 0.00296167 0.000977158 0.0144571 0.00192575 0.00427819 0.0101144 0.0126648 0.0315633 -0.00682764 0.00887181 -0.00760204 -0.00561897 -0.00291934 -0.00047054 -0.0202964 0.0268702 0.035475 -0.00687985 0.0101402
internal_weight=3051.33 2615.8 2320.11 2265.02 1275.59 986.165 289.426 772.886 213.28 295.697 435.525 165.66 147.08 228.746 989.426 780.248 384.174 355.724 79.7659 209.178 57.7465 758.107 659.742 558.26 483.586 101.482 66.1993 52.6025 66.9505 125.567
internal_count=19591 17524 16126 15591 9552 6990 2562 5536 1454 1398 2067 762 1010 1034 6039 4664 2101 1937 443 1375 341 5440 4708 3892 3372 816 444 352 364 581
cat_boundaries=0 1
cat_threshold=8
is_linear=0
shrinkage=0.03


Tree=59
num_leaves=31
num_cat=1
split_feature=5 29 17 29 5 0 5 31 6 18 13 10 12 12 16 9 7 17 10 16 3 5 3 16 7 16 13 16 29 16
split_gain=87.2897 41.7267 41.3236 31.1113 30.2768 26.9176 25.8033 23.016 37.1572 20.5489 19.642 31.7868 23.6076 23.1369 40.5193 25.0389 25.496 31.4066 24.964 23.6579 24.1515 18.482 20.8948 18.3579 18.1958 27.7893 21.188 18.6846 20.8443 18.0801
threshold=0.56202840805053722 86.164299011230483 -0.34192450344562525 84.152141571044936 -0.97269129753112782 41.341505050659187 -0.9980562925338744 0 -0.94107943773269642 0.64485144615173351 47.500000000000007 0.49500000476837164 -0.39300000667572016 -0.16650000214576718 -0.22490999102592465 -54.39378356933593 6.8228373527526864 -1.0289596915245054 -0.49500000476837153 -0.85897344350814808 418.99810791015631 0.038674917072057731 241.60495758056643 0.33123148977756506 -35.241580963134759 -1.4549223780632017 32.500000000000007 -1.8195750117301939 77.10886383056642 -0.37346102297306055
decision_type=2 2 2 2 2 2 2 1 2 2 2 2 2 2 2 2 2 2 2 2 2 2 2 2 2 2 2 2 2 2
left_child=1 2 7 9 6 24 -4 8 -1 29 12 -12 -9 15 -15 -14 17 -17 -16 -19 -21 22 -7 -23 25 -6 -27 28 -26 -2
right_child=3 -3 4 -5 5 21 -8 10 -10 -11 11 -13 13 14 18 16 -18 19 -20 20 -22 23 -24 -25 27 26 -28 -29 -30 -31
leaf_value=-0.017906323558556758 -0.029033673084378622 -0.026160987704097676 -0.020525643294971689 -0.016310959096262581 0.03306604633221788 -0.027095657135344866 0.014712005760468657 -0.026050792107400373 0.011396613144005831 0.017695259074598797 -0.019604744585426569 0.0063064525035382993 -0.013762348800130492 -0.018483005640580162 0.043039897332691292 -0.0036942192209990514 -0.011079365946385752 0.0055772391546999563 0.00057293512700333765 0.080878188670909248 0.018869111014676261 -0.0029869506573901219 -0.0059958425571140037 0.027865037275775696 -0.032706370831956016 0.020893717046582157 -0.012778213932471638 0.0057981714841367823 0.016315308471640012 0.008056163723178314
leaf_weight=53.751655861735344 14.677245259284971 61.021528705954552 19.653615593910217 30.251270040869713 14.339871518313883 47.31443202495575 209.83607698976994 40.859495311975479 134.03261864930391 343.84804095327854 239.85628281533718 51.265025094151497 27.882590509951115 131.73068182915449 13.079070910811422 17.194824568927288 17.988495171070099 10.175904169678686 108.45932837575674 16.532142832875255 9.4594582915306074 50.774133786559105 345.73320759087801 25.244414329528809 22.675543069839478 17.988918647170067 151.93909929692745 740.52328016608953 10.901923783123491 47.197088301181793
leaf_count=509 65 574 94 142 84 407 950 333 861 1659 1986 356 225 1039 99 123 156 72 766 105 71 371 2589 154 134 91 1023 4159 62 216
internal_value=0.000241876 -0.00184985 -0.00125319 0.012645 0.00152932 -9.96917e-05 0.0116183 -0.00653442 0.00280965 0.0148388 -0.00900785 -0.0150359 -0.00474815 -0.00221219 -0.0070185 0.0100024 0.019351 0.0296243 0.00545686 0.0451378 0.0598456 -0.00598089 -0.00859812 0.00748722 0.00278205 -0.00566915 -0.00911225 0.0047985 -0.0167785 -0.00106378
internal_weight=3026.19 2590.21 2529.19 435.974 1656.92 1427.43 229.49 872.268 187.784 405.722 684.483 291.121 393.362 352.502 253.269 99.2334 71.3508 53.3623 121.538 36.1675 25.9916 469.066 393.048 76.0185 958.369 184.268 169.928 774.101 33.5775 61.8743
internal_count=19475 17393 16819 2082 10118 9074 1044 6701 1370 1940 5331 2342 2989 2656 1904 752 527 371 865 248 176 3521 2996 525 5553 1198 1114 4355 196 281
cat_boundaries=0 1
cat_threshold=8
is_linear=0
shrinkage=0.03


Tree=60
num_leaves=31
num_cat=2
split_feature=5 29 5 29 5 28 5 10 17 10 32 16 31 0 16 16 17 28 16 10 10 11 12 16 12 8 12 4 17 10
split_gain=99.9902 43.1684 39.285 40.0484 49.4864 33.6162 30.6943 29.1514 27.3145 27.2799 26.7826 21.4745 21.4063 21.2362 20.8774 20.7715 20.2829 23.9426 23.1661 20.0824 22.0909 58.9989 19.8967 23.7994 15.6643 28.8286 19.4498 18.4529 15.4458 15.0234
threshold=0.56202840805053722 86.164299011230483 -0.83753159642219532 75.77988433837892 0.16665012389421466 24.009605407714847 0.29221479594707495 -0.64500001072883595 -1.2670373916625974 -0.55500000715255726 0 1.1281398534774782 1 3.4331679344177251 -0.75970202684402455 -1.8195750117301939 -0.25295682251453394 20.863806724548343 -1.3644295930862425 -0.094999998807907091 0.080000001937150969 83.500000000000014 0.13350000232458117 1.0635380148887636 -0.02450000029057264 91.082115173339858 0.43999999761581426 10.500000000000002 0.56336399912834179 -0.46499998867511744
decision_type=2 2 2 2 2 2 2 2 2 2 1 2 1 2 2 2 2 2 2 2 2 2 2 2 2 2 2 10 2 2
left_child=1 2 8 15 16 -6 -7 -8 -1 12 14 -12 -2 -11 29 -4 -5 24 28 -20 21 -21 23 -15 -18 26 27 -26 -19 -10
right_child=9 -3 3 4 5 6 7 -9 10 13 11 -13 -14 22 -16 -17 17 18 19 20 -22 -23 -24 -25 25 -27 -28 -29 -30 -31
leaf_value=-0.021571149979716864 0.017339893108416257 -0.027174934256037245 -0.031944222781840913 -0.017307318259167138 -0.0046530310935771514 -0.013731739534523456 -0.018922795979538141 0.024743527278236137 0.0047934558246903016 0.020930384523104969 0.0024636810393951439 -0.017009973202617119 -0.0095265117125975882 0.022883480842918035 0.0075848075055140723 0.0049139939646558788 -0.008903391766020223 -0.0079555831371893922 -0.026345031373269712 -0.012480053301739479 -0.014108988868132399 0.074720166565090715 -0.026363615275442478 -0.022438878289122093 -0.0026921518985537915 0.050533501968019659 -0.025266917777887764 0.023904573438138527 0.03770300321209924 0.035610693051187414
leaf_weight=35.458542056381702 28.936101153492928 60.722920127213001 13.24376382678747 305.61390965431929 306.76464086771011 31.190700203180313 15.020515099167822 107.09908905625343 20.960096381604671 269.73180323839188 334.49295230209827 59.094706460833549 69.603019379079342 38.68462086468935 287.75646361708641 413.72056192159653 103.88152724504471 13.197776772081854 97.961564980447292 23.673035122454166 167.85224607586861 8.7795042470097524 15.800010591745375 13.25289937853813 61.04964929074049 11.230800896883009 18.552333831787109 36.970274344086647 11.914815932512282 45.800204798579216
leaf_count=281 126 575 88 3124 1855 210 82 522 96 1344 1800 395 304 183 1457 2499 716 104 884 217 1436 67 73 62 377 68 133 189 82 215
internal_value=-0.000148211 -0.00238545 -0.00178028 -0.00428203 -0.00686285 0.00107906 0.0125045 0.0192626 0.00379817 0.0131268 0.00502781 -0.000483608 -0.000757269 0.0171712 0.0108395 0.00369874 -0.0111045 -0.00766432 -0.0129253 -0.0152596 -0.00973414 0.012639 0.00211521 0.0111132 -0.000297171 0.00671299 0.00209734 0.00747947 0.0143217 0.0261488
internal_weight=3028.01 2592 2531.28 1747.72 1320.75 460.075 153.31 122.12 783.563 436.008 748.104 393.588 98.5391 337.469 354.517 426.964 860.677 555.064 323.379 298.266 200.305 32.4525 67.7375 51.9375 231.685 127.803 116.572 98.0199 25.1126 66.7603
internal_count=19564 17472 16897 12653 10066 2669 814 604 4244 2092 3963 2195 430 1662 1768 2587 7397 4273 2790 2604 1720 284 318 245 1483 767 699 566 186 311
cat_boundaries=0 1 2
cat_threshold=56 2
is_linear=0
shrinkage=0.03


Tree=61
num_leaves=31
num_cat=3
split_feature=5 10 5 14 10 16 32 11 12 9 12 17 27 32 12 10 14 10 17 5 5 23 10 14 12 32 4 12 17 7
split_gain=82.0689 37.4706 34.1936 33.6926 38.6974 43.1244 33.6076 31.99 40.6637 31.4903 39.762 29.9137 26.1822 24.5189 30.1755 25.173 23.6546 33.2685 29.0743 23.4024 23.84 23.0792 21.6392 21.4857 21.1924 20.7468 19.9299 19.8504 19.7116 19.3695
threshold=0.52643132209777843 0.37500000000000006 -0.96105405688285817 -0.84999999403953541 -0.34499999880790705 -1.1081970334053037 0 76.500000000000014 -0.2145000025629997 10.267464637756349 0.054500000551342971 -1.1559983491897581 1.0000000180025095e-35 1 0.028500000014901165 1.1200000047683718 0.39499999582767492 0.2950000017881394 -0.40205584466457361 0.4124008715152741 -0.78753387928009022 1.0000000180025095e-35 0.49500000476837164 1.0249999761581423 0.24300000071525577 2 85.500000000000014 -0.71900001168251026 1.7941562533378603 -4.8531422615051261
decision_type=2 2 2 2 2 2 1 2 2 2 2 2 2 1 2 2 2 2 2 2 2 2 2 2 2 1 10 2 2 2
left_child=2 25 6 -4 5 9 -1 21 -9 26 -11 23 -10 14 16 -16 27 18 -18 20 -15 24 -3 -6 -7 -2 -5 -13 -22 -24
right_child=1 22 3 4 11 7 -8 8 12 10 -12 13 -14 19 15 -17 17 -19 -20 -21 28 -23 29 -25 -26 -27 -28 -29 -30 -31
leaf_value=0.015012701580933737 0.012988169214299218 0.037813591485648675 -0.01952186540271442 -0.0030230478627336927 -0.025022139352525015 -0.00023938088236089288 -0.0017464089373656763 0.02548223120580519 -0.026249342180264337 0.071802038132940726 0.0048263934483213288 0.01686734006685809 0.015709974261725421 7.6664805942825698e-05 0.0079345619186619813 -0.016968400591409763 -0.012839944699234754 -0.0050031674179425011 0.040110407313489339 0.011533872443981975 -0.016065605692162883 0.041259913032768471 -0.010085423462697699 0.011971207062155874 0.027793407844995226 -0.00089130060503327742 0.041968994897641172 -0.012934131544783834 0.017005214779978527 0.021139960997938068
leaf_weight=174.51524795591831 166.89451891183853 55.312927380204201 116.68070938438177 34.177864275872707 98.154610484838486 133.55168507248163 257.60701038688421 21.00891400873661 83.186967834830284 20.562665559351444 12.904851734638212 20.818680144846439 15.222712092101572 135.38652195036411 356.79977554827929 39.744549490511417 12.482367910444735 117.54586589336395 31.801484234631062 45.564938992261887 359.73654199391603 16.400456666946411 22.141163602471352 15.866476163268088 28.657237701117992 217.47062120586634 10.9073019772768 280.11131791770458 16.197862833738327 81.911102920770645
leaf_count=785 785 284 962 233 921 883 1322 123 678 110 89 117 101 865 2232 255 83 757 165 222 3254 102 94 96 178 1011 59 2164 94 427
internal_value=3.11375e-05 0.010566 -0.0023049 -0.00394088 -0.00297771 0.00562687 0.00534719 0.000387422 -0.0115776 0.0252505 0.046866 -0.00509756 -0.019666 -0.00389948 -0.000655897 0.0054022 -0.00586175 0.00337447 0.0252312 -0.00872617 -0.0107209 0.00840718 0.0227527 -0.019815 0.00485308 0.00546725 0.00853622 -0.0108234 -0.0145994 0.0144628
internal_weight=2999.32 543.73 2455.59 2023.47 1906.79 376.581 432.122 298.028 119.419 78.5527 33.4675 1530.21 98.4097 1416.19 859.304 396.544 462.76 161.83 44.2839 556.886 511.321 178.609 159.365 114.021 162.209 384.365 45.0852 300.93 375.934 104.052
internal_count=19451 2601 16850 14743 13781 2556 2107 2065 902 491 199 11225 779 10208 5773 2487 3286 1005 248 4435 4213 1163 805 1017 1061 1796 292 2281 3348 521
cat_boundaries=0 1 2 3
cat_threshold=112 36 56
is_linear=0
shrinkage=0.03


Tree=62
num_leaves=31
num_cat=0
split_feature=1 7 29 17 5 29 17 28 16 14 5 1 12 12 14 18 17 17 16 14 12 12 12 28 17 12 12 5 18 11
split_gain=78.6665 37.8374 35.2979 30.955 30.6143 33.135 24.8664 23.4051 20.5771 19.0635 18.8765 20.575 18.0077 18.4563 19.1573 21.2139 23.3761 17.5058 18.7742 32.8759 33.2016 29.8937 21.652 25.8216 19.1934 17.1636 23.9693 16.1224 16.0886 31.8564
threshold=22.464307785034183 -3.9040225744247432 86.164299011230483 1.5727599859237673 -0.85957497358322132 75.77988433837892 -0.9095366597175597 25.503168106079105 0.23271599411964419 0.089999999850988402 0.081451712176203742 118.39102172851564 0.12150000035762788 -0.28399999439716334 -0.22999999672174451 1.8564911484718325 -0.040218671783804887 -1.4625586271286009 -0.5375225543975829 -0.53999999165534962 0.22699999809265139 -0.14499999582767484 -0.069500001147389398 20.863806724548343 -0.91470986604690541 -0.37100000679492945 -0.56650000810623158 -0.56916013360023487 0.50640302896499645 83.500000000000014
decision_type=2 2 2 2 2 2 2 2 2 2 2 2 2 2 2 2 2 2 2 2 2 2 2 2 2 2 2 2 2 2
left_child=1 6 3 4 17 25 7 -1 -5 -10 27 -12 13 -3 15 16 -15 -2 19 -19 -21 -20 23 -23 -24 26 -6 -7 29 -29
right_child=2 12 -4 8 5 10 -8 -9 9 -11 11 -13 -14 14 -16 -17 -18 18 21 20 -22 22 24 -25 -26 -27 -28 28 -30 -31
leaf_value=-0.016290678202472424 -0.030543723944491778 0.0046416539620458257 -0.02496642649646183 -0.0018314337876527672 0.027634001727075256 -0.006439684621176855 0.0043182815527707825 0.021813509714921485 0.0068940215633404474 0.045285293534599855 -0.0052759730391424061 0.023224363790559439 0.0045295666041277258 -0.017403092544892897 0.029005492155028269 0.034712189358103752 0.016363491913107049 -0.014616079258957101 -0.010748397112442985 0.02857587649847838 -0.014013497097194367 -0.00056907067845964531 -0.031592192633431576 0.042041789054636847 0.0038639800828261048 0.0060405167208862701 -0.025492573761895652 -0.012271744784739634 -0.018420883377360992 0.047916331957009617
leaf_weight=99.58770763874054 13.686504319310187 81.287682369351387 66.928578451275826 37.698487162590027 8.8307054713368398 264.21501372009516 581.93137733638287 16.063250131905079 21.978032156825066 24.797736160457134 175.51794119924307 25.182321600615978 158.14568415284157 29.171688571572304 128.40566602349281 25.106992602348328 46.565097481012344 30.579064607620239 158.31062916666269 83.938854165375233 19.788706809282303 23.019624345004559 13.733155734837053 27.753864780068398 203.38865640759468 217.42084095627069 34.842655912041664 35.730653248727322 331.02838172763586 9.0883226245641691
leaf_count=697 116 396 617 212 62 2318 3157 89 123 117 1251 188 763 134 674 111 221 181 929 396 123 126 108 132 1075 1348 262 340 3139 74
internal_value=0.00014089 0.00622532 -0.00374341 -0.00292288 -0.00381891 -0.00674379 0.00179053 -0.0108566 0.0146921 0.0277687 -0.00964018 -0.00160256 0.0128082 0.0169961 0.0213375 0.0113849 0.00330025 0.00179572 0.00263837 0.0123742 0.0203946 -0.000451393 0.00565088 0.0230851 0.00148679 0.00258424 -0.0143723 -0.0121541 -0.0161434 0.000712504
internal_weight=2993.72 1166.27 1827.46 1760.53 1676.06 1101.86 697.582 115.651 84.4743 46.7758 840.763 200.7 468.683 310.537 229.249 100.844 75.7368 574.199 560.513 134.307 103.728 426.206 267.895 50.7735 217.122 261.094 43.6734 640.062 375.847 44.819
internal_count=19479 6242 13237 12620 12168 8982 3943 786 452 240 7310 1439 2299 1536 1140 466 355 3186 3070 700 519 2370 1441 258 1183 1672 324 5871 3553 414
is_linear=0
shrinkage=0.03


Tree=63
num_leaves=31
num_cat=1
split_feature=3 29 17 5 13 29 2 3 17 17 0 9 17 12 32 28 9 6 5 3 17 12 12 27 12 2 17 9 12 7
split_gain=75.4147 40.2126 40.7791 28.5282 32.4454 25.8613 23.9886 35.9582 22.3968 22.3369 21.4869 29.1076 21.1934 22.3402 20.8901 16.8161 15.9484 15.8187 15.612 14.7388 15.0255 23.2886 14.7192 22.063 26.521 20.9287 19.755 18.4217 14.4645 14.1556
threshold=1.0000000180025095e-35 86.164299011230483 -0.34192450344562525 -0.78753387928009022 43.500000000000007 75.522090911865249 100.14503097534181 308.45028686523443 2.5750513076782231 -0.38627845048904413 13.861207962036135 -3.4931085109710689 0.96131497621536266 0.13650000095367434 0 23.15529823303223 48.491888046264656 -0.99573117494583119 -0.96105405688285817 281.44459533691412 -0.16163000464439389 0.22699999809265139 0.11699999868869783 1.0000000180025095e-35 -0.76250001788139332 76.484935760498061 0.41494375467300421 -29.478591918945309 -0.33699999749660486 -33.615882873535149
decision_type=2 2 2 2 2 2 2 2 2 2 2 2 2 2 1 2 2 2 2 2 2 2 2 2 2 2 2 2 2 2
left_child=-1 2 9 14 5 -5 7 12 -7 10 11 18 13 17 -4 16 -8 -6 -2 -16 21 -21 23 24 -22 -26 -24 -28 -14 -20
right_child=1 -3 3 4 6 8 15 -9 -10 -11 -12 -13 28 -15 19 -17 -18 -19 29 20 22 -23 26 -25 25 -27 27 -29 -30 -31
leaf_value=0.014513995457833282 0.013004003248874598 -0.024426046419336139 0.013550849038120453 0.011701680912548874 -0.022608722930458063 -0.011529821686991773 -0.0063438400669222333 0.051450869002601214 0.028882633192889258 -0.027429150910343699 -0.0092993715893367052 0.013262213913792766 -0.0016868258673807339 -0.0093683949002144069 -0.028364140271289126 -0.016478875772147791 0.0088666728675110152 0.010421835473422836 -0.020308300396929633 0.03420723507094775 0.030158136704156936 -0.0085898102164843494 -0.010646390231365356 0.016633869293333711 0.014782036736483208 -0.020384675750597513 -0.0012013589762043934 0.033431266973897658 0.025241157884267038 -0.0035409376787253737
leaf_weight=297.88988606631756 37.595570527017117 65.424201726913452 256.67324095219374 55.130187414586544 13.136853039264677 359.67091485112906 136.90346261113882 15.440800182521341 11.847376286983488 40.590766847133636 461.80839344859123 110.02270705997944 23.883100971579552 99.691051475703716 12.851328834891317 65.517324343323708 111.77866042405367 179.17506738752127 58.436010889708996 30.02476604282856 12.016713559627531 17.597184062004089 26.744166880846024 32.693090915679932 17.225106224417686 98.901446714997292 22.28902143239975 35.105279594659805 69.870576217770576 193.31041494756937
leaf_count=1482 183 623 1280 293 90 2672 950 85 57 321 4036 632 129 562 76 640 736 955 513 157 55 102 133 168 77 587 99 159 327 1261
internal_value=0.000222777 -0.00137571 -0.000787863 0.00194204 -0.000782107 -0.00732047 0.00312202 0.00797519 -0.010167 -0.00594331 -0.00489995 0.000197866 0.00610644 0.00209836 0.00746817 -0.00308058 0.000501173 0.00806023 -0.00479844 0.00182743 0.00330783 0.0185415 0.000283132 -0.00503007 -0.0106432 -0.0150867 0.0103795 0.0201915 0.018436 -0.00749797
internal_weight=2969.24 2671.35 2605.93 1704.17 1142.05 426.648 715.397 401.197 371.518 901.764 861.173 399.365 385.757 292.003 562.121 314.199 248.682 192.312 289.342 305.448 292.597 47.622 244.975 160.836 128.143 116.127 84.1385 57.3943 93.7537 251.746
internal_count=19440 17958 17335 10389 7496 3022 4474 2148 2729 6946 6625 2589 2063 1607 2893 2326 1686 1045 1957 1613 1537 259 1278 887 719 664 391 258 456 1774
cat_boundaries=0 1
cat_threshold=56
is_linear=0
shrinkage=0.03


Tree=64
num_leaves=31
num_cat=1
split_feature=3 17 29 5 2 16 14 6 32 12 12 28 10 29 12 16 4 9 14 14 11 29 14 16 12 14 10 3 16 5
split_gain=68.8444 40.8069 30.8848 28.9117 29.4455 25.0761 22.0719 29.8281 27.5919 20.1908 39.5353 19.1118 26.8859 19.0037 18.8342 21.8849 18.5329 18.8189 19.3658 25.4892 17.884 25.9753 18.7758 16.8595 16.6456 22.1143 33.6578 28.3514 42.8466 35.102
threshold=1.0000000180025095e-35 -0.34192450344562525 86.164299011230483 -0.83753159642219532 252.356315612793 1.0861150026321413 0.80000001192092907 -0.94107943773269642 0 -0.71900001168251026 -0.46099999547004694 22.590013504028324 1.4200000166893008 83.357944488525405 0.14649999886751178 1.3759199976921084 2.5000000000000004 -60.603517532348626 -0.11999999731779097 0.28000000119209295 78.500000000000014 75.753208160400405 -0.34499999880790705 0.15175064653158191 0.54000002145767223 0.30500000715255743 0.42499999701976782 316.91842651367193 -0.56506931781768788 0.081451712176203742
decision_type=2 2 2 2 2 2 2 2 1 2 2 2 2 2 2 2 10 2 2 2 2 2 2 2 2 2 2 2 2 2
left_child=13 6 3 5 20 9 7 14 -9 -3 -11 12 -12 -1 15 -2 -10 -18 23 -20 21 22 -5 -19 25 27 -27 29 -29 -22
right_child=1 2 -4 4 -6 -7 -8 8 16 10 11 -13 -14 -15 -16 -17 17 18 19 -21 24 -23 -24 -25 -26 26 -28 28 -30 -31
leaf_value=0.015088687779946125 -0.025591200788720795 0.034695516589718624 -0.024788666401477314 0.030404294067442418 -0.012037410538014028 -0.0071688405215078153 0.0068566256376877115 0.0030734568158268002 -0.020217794154839659 -0.022190012196735491 0.0080887709838476426 0.017694827423010758 -0.0299289735218875 -0.014947504590311866 -0.0011591130611301025 0.01103803066874234 -0.019842261675227613 -0.018204825814835394 0.026531059815130459 -0.0043500665408574167 -0.019014722739258662 -0.0079659234074395315 0.001837418458771138 0.013147299261327393 -0.027225751246678812 0.025377831691623259 0.001697207110000223 0.052372560852675949 -0.00105152483853156 0.0037033106789062221
leaf_weight=282.48004831373692 163.60536994040012 27.498596206307411 40.828673280775547 26.115780703723431 190.51217944920063 89.267930805683136 90.477501541376114 228.55508882552385 116.20233329385519 33.665449984371662 151.26330043375492 196.79549369215965 17.823006853461266 19.534620597958565 47.80773388594389 15.565675385296343 62.007277175784111 66.991409115493298 39.525219582021236 58.617733024060726 89.204901330173016 330.29322251677513 88.229938924312592 19.180759385228157 13.680581055581568 99.203764833509922 117.53386502712965 21.033360667526722 34.830955162644386 189.68487991392612
leaf_count=1428 1695 125 368 140 1669 504 586 1517 1026 203 707 918 96 84 458 123 493 447 268 363 641 2282 473 127 89 549 692 113 252 987
internal_value=-0.000447697 -0.00198711 0.000682102 0.00130198 -0.00125222 0.00723093 -0.00714548 -0.0087006 -0.00513466 0.0102507 0.00848589 0.0113612 0.003929 0.013103 -0.0179235 -0.0223654 -0.0101102 -0.0056882 -0.000845119 0.00822888 0.000792417 -0.00370405 0.00856893 -0.0111555 0.00433022 0.00516088 0.0126029 0.000319313 0.0196303 -0.00360519
internal_weight=2968.02 2666 1757.47 1716.64 1200.32 516.314 908.536 818.059 591.08 427.046 399.547 365.882 169.086 302.015 226.979 179.171 362.525 246.322 184.315 98.143 1009.81 444.639 114.346 86.1722 565.172 551.492 216.738 334.754 55.8643 278.89
internal_count=19423 17911 10808 10440 7887 2553 7103 6517 4241 2049 1924 1721 803 1512 2276 1818 2724 1698 1205 631 6218 2895 613 574 3323 3234 1241 1993 365 1628
cat_boundaries=0 1
cat_threshold=106
is_linear=0
shrinkage=0.03


Tree=65
num_leaves=31
num_cat=0
split_feature=1 7 10 29 17 14 14 16 29 6 18 17 6 18 17 14 16 8 16 16 14 10 16 11 9 4 10 16 17 6
split_gain=61.6032 39.4953 37.2875 29.1601 27.2961 25.1835 25.045 44.723 27.4536 26.0169 24.7743 23.6669 22.4959 27.3011 30.6007 22.4369 21.3994 20.4036 19.7338 19.3156 18.8899 18.3957 17.4805 16.9664 19.9021 16.4774 16.3567 16.1568 15.8907 23.9948
threshold=33.797277450561531 -5.0161798000335684 0.34499999880790716 86.164299011230483 -0.28556217253208155 -0.74500000476837147 -0.37499999999999994 0.78855508565902721 77.084831237792983 -0.9563411772251128 0.244099996984005 0.40543007850646978 -0.27338597923517222 0.63601747155189525 -0.76042082905769337 0.52500000596046459 1.1675921082496645 31.11860275268555 0.4482188373804093 0.45968239009380346 -1.314999997615814 -0.37499999999999994 -1.8682830333709715 83.500000000000014 -15.214176654815672 168.50000000000003 0.22500000149011615 0.75175401568412792 0.53851300477981578 -0.99223279953002919
decision_type=2 2 2 2 2 2 2 2 2 2 2 2 2 2 2 2 2 2 2 2 2 2 2 2 2 8 2 2 2 2
left_child=1 12 11 4 15 20 7 8 9 -7 -8 25 13 23 -15 -2 -14 -12 -17 -10 -6 -16 -23 -1 -25 26 -3 28 -19 -30
right_child=3 2 -4 -5 5 6 10 -9 19 -11 17 -13 16 14 21 18 -18 27 -20 -21 -22 22 -24 24 -26 -27 -28 -29 29 -31
leaf_value=-0.025119002922058414 -0.01216261126845017 0.012708472145502752 0.022441860755789637 -0.024574346859083794 0.025979169144381829 0.0043578620391017302 -0.019436515026999248 -0.0092521558677030654 -0.01313071460929279 0.047755565934595824 -0.0036511382028608487 0.014839725744060218 0.014681695765935294 -0.012396897373485122 0.021550874116089285 -0.0087357424855858228 -0.020228795685588226 0.019542270074245967 0.0182376030278317 0.034374838039778526 -0.019937371077865626 -0.024944777851058676 0.0034819248690157716 0.018629687880676003 -0.029110737929219411 -0.0072981672007260551 -0.012569536072546602 -0.0062719560694016324 0.037841999320608916 -0.0031996483738083842
leaf_weight=67.91219387948513 412.93847596645355 109.15231613814831 162.48537315428257 60.330579780042171 8.0645870417356473 17.33408422768116 61.474119253456593 55.830158315598965 22.935494758188725 44.985531501471996 445.21902415901423 155.90522813796997 130.67398428916931 130.35223876684904 47.608041979372501 51.361867807805538 17.07494592666626 98.555578447878361 44.802398450672626 10.363143429160116 82.621576152741909 19.612409666180611 351.44123896956444 20.592657178640369 11.358084522187708 133.17177646607161 28.269451208412647 63.498890973627567 13.963493295013903 88.734922982752323
leaf_count=465 3800 550 867 595 38 101 465 357 165 212 2950 747 598 1028 260 411 86 643 267 63 659 122 1998 123 61 632 143 451 72 563
internal_value=-0.000246174 0.00437135 0.0102547 -0.0042881 -0.00346873 -0.000619544 0.000869284 0.011981 0.0243461 0.035944 -0.00132482 0.00557004 1.41124e-05 -0.00239477 0.000240335 -0.00912888 0.0105383 0.000268546 0.00388935 0.00222505 -0.0156153 0.00419516 0.0019164 -0.0167405 0.00129015 0.000194247 0.00745522 0.00684898 0.0109994 0.00269173
internal_weight=2968.62 1385.61 588.984 1583.01 1522.68 1013.58 922.894 151.448 95.6183 62.3196 771.446 426.499 796.626 648.877 549.014 509.103 147.749 709.972 96.1643 33.2986 90.6862 418.662 371.054 99.8629 31.9507 270.594 137.422 264.753 201.254 102.698
internal_count=19492 7680 2939 11812 11217 6739 6042 898 541 313 5144 2072 4741 4057 3408 4478 684 4679 678 228 697 2380 2120 649 184 1325 693 1729 1278 635
is_linear=0
shrinkage=0.03


Tree=66
num_leaves=31
num_cat=2
split_feature=5 17 4 14 10 12 12 8 10 10 17 2 5 17 5 4 12 26 3 14 10 31 7 2 12 12 4 17 9 32
split_gain=68.5188 34.5771 38.5557 30.9496 24.6851 23.4628 25.2259 21.7103 23.8163 21.6979 25.9036 36.7867 22.2769 20.279 20.0717 24.0103 35.4668 27.0443 19.4419 19.2945 24.5424 19.1113 18.7777 17.6638 21.2388 23.8558 17.4272 17.285 18.4836 18.5436
threshold=0.56202840805053722 -1.2670373916625974 2.5000000000000004 0.70499998331069957 -0.55500000715255726 -0.37800000607967371 -0.52750000357627858 -55.639192581176751 0.7150000035762788 0.38499999046325689 -0.26767499744892115 97.370552062988295 -0.30041381716728205 1.7491797804832461 0.081451712176203742 17.500000000000004 0.12650000303983691 1.0000000180025095e-35 296.80146789550787 -1.0349999666213987 -0.29500000178813929 0 -5.6031310558319083 6.6270833015441903 0.13350000232458117 -0.10150000080466269 258.50000000000006 1.3246288299560549 -92.248954772949205 1
decision_type=2 2 8 2 2 2 2 2 2 2 2 2 2 2 2 10 2 2 2 2 2 1 2 2 2 2 8 2 2 1
left_child=1 3 19 -1 21 6 -4 18 9 12 -11 -12 -9 14 15 17 -17 -14 -7 -3 -21 -2 -5 26 25 -25 -6 28 -10 -30
right_child=4 2 5 22 23 7 -8 8 27 10 11 -13 13 -15 -16 16 -18 -19 -20 20 -22 -23 -24 24 -26 -27 -28 -29 29 -31
leaf_value=-0.021219540037041504 0.015318980537699733 -0.024113618237047798 0.001188971592964067 -0.012978002046949341 0.023549070574327178 -0.016111964576282424 -0.019242845889188898 0.010888756259941783 0.019021835353681901 0.037068059942566026 0.048500813422056373 -0.0078716956474103577 -0.022884821544102832 0.028919126920100225 0.0035816839037799393 -0.021854282330716183 0.051058116706349646 0.023372072900215615 0.0010352390179401416 0.0051664470221714264 -0.0080537037463120752 -0.010012510227192467 0.039134630926044738 -0.004944711124548128 -0.016591248159223523 0.024904676874592444 -0.013404167883394021 0.021086390038987591 -0.018362657971452853 0.0093728882881342242
leaf_weight=126.18294959515333 29.963635563850403 49.557441666722298 136.34305684268475 10.676131278276445 183.86016400158405 82.363609090447426 89.353319197893143 389.00138957053423 17.109860382974148 44.339598685503006 12.856256932020186 41.182358749210835 85.891867205500603 21.81236519664526 351.56989531219006 10.569800317287447 11.709706813096998 12.264724269509314 207.60650423169136 165.33911264687777 527.51197700947523 67.112862572073936 12.736735649406908 39.28760851919651 26.541727855801582 60.172431483864784 11.623205453157423 18.179852023720741 94.873416118323803 23.432564459741116
leaf_count=1076 133 407 838 81 971 642 702 2313 98 260 59 246 725 102 2020 76 72 69 1250 1267 4279 296 64 193 123 285 60 81 556 139
internal_value=0.000438972 -0.00141404 -0.00053631 -0.0153571 0.0116713 0.00201783 -0.0069492 0.00344217 0.00531339 0.00703258 0.0203329 0.00617735 0.00552911 0.00129363 -4.14431e-05 -0.0105603 0.0170143 -0.0169276 -0.00387392 -0.00620953 -0.004896 -0.00157616 0.0158134 0.015664 0.00682918 0.013182 0.0212948 -0.00564355 -0.00936036 -0.0135901
internal_weight=2961.03 2542.46 2392.87 149.596 418.562 1650.46 225.696 1424.76 1134.79 981.198 98.3782 54.0386 882.82 493.818 472.006 120.436 22.2795 98.1566 289.97 742.409 692.851 97.0765 23.4129 321.485 126.002 99.46 195.483 153.596 135.416 118.306
internal_count=19483 17422 16201 1221 2061 10248 1540 8708 6816 5942 565 305 5377 3064 2962 942 148 794 1892 5953 5546 429 145 1632 601 478 1031 874 793 695
cat_boundaries=0 1 2
cat_threshold=2 30
is_linear=0
shrinkage=0.03


Tree=67
num_leaves=31
num_cat=2
split_feature=5 29 5 29 5 16 31 16 17 10 17 10 10 16 12 3 1 17 17 5 10 10 17 31 14 3 5 12 14 28
split_gain=65.6877 37.3979 34.6089 31.6618 38.0902 32.8733 24.677 27.5148 22.4166 24.9885 21.8749 20.9927 20.0345 28.6651 37.2486 21.0966 18.8044 18.8022 19.5614 18.6246 18.1301 25.9553 19.1083 17.5864 17.5709 19.8417 21.0624 17.3922 17.8243 17.27
threshold=0.56202840805053722 86.164299011230483 -0.83753159642219532 76.34873199462892 0.081451712176203742 -1.8682830333709715 0 -0.75970202684402455 0.67499551177024852 -0.37499999999999994 1.7078151702880862 -0.55500000715255726 -0.31000000238418574 -0.25334499776363367 -0.31749999523162836 496.27542114257818 9.4478621482849139 -1.1559983491897581 -1.898898661136627 -0.98902499675750721 0.49500000476837164 1.4600000381469729 0.069999270141124739 1 -0.34499999880790705 464.47584533691412 -0.94917574524879444 -0.37100000679492945 0.20499999821186068 22.987782478332523
decision_type=2 2 2 2 2 2 1 2 2 2 2 2 2 2 2 2 2 2 2 2 2 2 2 1 2 2 2 2 2 2
left_child=1 2 6 5 -5 -4 7 -1 9 -8 17 23 -11 14 -14 -16 -13 18 -7 -10 24 22 -22 -2 -9 -26 -27 28 -19 -6
right_child=11 -3 3 4 29 10 8 20 19 12 -12 16 13 -15 15 -17 -18 27 -20 -21 21 -23 -24 -25 25 26 -28 -29 -30 -31
leaf_value=0.024280331964123571 0.015551911523794856 -0.025898040625849054 -0.035620600257174007 -0.012199985088725671 -0.006541824727336094 0.015603860441687344 -0.025056783404179113 0.01223665983220816 -0.011932088280481867 0.02511982868194609 0.025910470142399028 0.01797106774167789 0.050834819693331736 -0.012442880063315249 -0.016443293263142929 0.02069484065007118 -0.00076488315846406918 -0.019997179687220226 -0.024966496792144077 0.021928967257591921 0.042572083358948583 -0.018339569016174041 0.0083435882934952948 -0.008912088410562154 0.029997146378921369 0.0010531153142509179 -0.021320416947411214 0.0045051020626651304 0.0082830026923992744 0.0058362721811342595
leaf_weight=83.275685176253319 28.192020490765572 55.901775799691677 20.376572526991367 571.06654934585094 196.00460232049227 13.312948077917097 49.16293266415596 89.087359838187695 19.357217937707901 21.669303923845291 32.211008593440056 265.51929812133312 15.273428604006765 138.54287043213844 31.795940734446049 22.726470306515694 58.761332720518112 55.308730185031891 43.628061540424824 52.6845533400774 31.147615060210228 13.452089518308638 28.118529602885246 70.708251222968102 13.232289694249628 105.82388010621071 57.89522984623909 535.33859517425299 30.45437341183424 208.13471216708422
leaf_count=398 125 582 148 5366 1267 97 351 467 92 129 141 1374 68 866 197 122 278 446 368 238 140 71 129 311 75 492 401 3409 208 1210
internal_value=-2.31175e-05 -0.00185082 -0.00129835 -0.00368426 -0.00721918 0.00103738 0.00396311 0.00872651 -0.00196141 -0.00587066 0.00213767 0.0109039 -0.00167902 -0.00457305 0.0110035 -0.000869158 0.0145841 0.000971827 -0.0153755 0.0127919 0.00509959 0.0182655 0.0267405 -0.00118799 0.00144595 -0.00402495 -0.00694014 0.00249281 -0.0099752 -0.000168343
internal_weight=2958.16 2534.98 2479.08 1705.84 975.206 730.63 773.245 422.033 351.213 279.171 710.254 423.181 230.008 208.339 69.7958 54.5224 324.281 678.043 56.941 72.0418 338.757 72.7182 59.2661 98.9003 266.039 176.951 163.719 621.102 85.7631 404.139
internal_count=19566 17478 16896 12660 7843 4817 4236 2173 2063 1733 4669 2088 1382 1253 387 319 1652 4528 465 330 1775 340 269 436 1435 968 893 4063 654 2477
cat_boundaries=0 1 2
cat_threshold=10 2
is_linear=0
shrinkage=0.03


Tree=68
num_leaves=31
num_cat=1
split_feature=3 29 17 6 32 18 13 5 17 17 17 29 1 18 18 28 18 16 0 29 16 18 5 18 18 28 5 24 1 0
split_gain=77.1543 37.3115 37.3229 28.4096 29.8438 24.9292 24.1757 27.2133 23.056 19.3861 18.8213 16.3892 15.7309 15.6811 25.0606 17.1 21.4188 16.5666 15.6457 15.4294 15.2722 17.7565 43.754 21.3886 21.6229 21.3061 18.758 17.6497 17.2093 16.493
threshold=1.0000000180025095e-35 86.164299011230483 -0.34192450344562525 -0.96645781397819508 0 2.7290999889373784 43.500000000000007 -0.70125329494476307 -0.38627845048904413 0.67499551177024852 -0.30468432605266565 83.357944488525405 113.40140533447267 0.741478592157364 0.55872759222984325 22.726541519165043 0.67892736196517955 1.2922363281250002 12.093111515045168 76.34873199462892 1.011741101741791 0.98537755012512218 -0.9936448037624358 1.8445399999618532 1.7400228381156924 20.863806724548343 0.52643132209777843 1.0000000180025095e-35 45.798095703125007 57.160442352294929
decision_type=2 2 2 2 1 2 2 2 2 2 2 2 2 2 2 2 2 2 2 2 2 2 2 2 2 2 2 2 2 2
left_child=11 2 3 -2 12 6 7 9 13 -4 -8 -1 -5 14 -6 16 18 -15 -16 -9 21 22 -12 24 27 26 -25 -23 -27 -24
right_child=1 -3 5 4 8 -7 10 19 -10 -11 20 -13 -14 17 15 -17 -18 -19 -20 -21 -22 23 29 25 -26 28 -28 -29 -30 -31
leaf_value=0.016426293273940299 -0.016881935451582793 -0.024338464838604242 -0.00073848779604362503 0.016635494248236179 -0.02101640448006761 0.0275840187775429 0.028118001146358471 -0.0016788445639060322 -0.038415016968126631 0.019308021122496997 0.023338144721234279 -0.011262509288685024 -0.012774674338267311 -0.0086497304930199699 0.025533709170728367 -0.0053359215221642888 0.041703530944757781 0.016132732448023636 -0.020115674660597143 -0.013309661391644613 -0.0064832421384392021 0.0082786273367140301 0.00060795306987233442 -0.029523368579805566 0.037288549800412706 0.024783049701363531 0.0079425948104627775 0.037278789065171153 -0.01174350781647818 -0.013062559605370519
leaf_weight=277.90159858763218 173.03451761603355 62.077187456190586 144.39875943958759 90.172600761055946 23.585260383784771 31.563059590756893 26.960369393229485 187.85405343025923 18.217882327735424 61.040609151124954 66.759242370724678 19.982229009270668 19.17175281047821 443.92366130650043 12.832920253276827 27.655928298830986 26.878453984856606 24.774661183357239 12.230056844651697 226.20235241949558 128.45299618691206 245.30026063323021 346.71649541705847 32.45220560580492 29.652430951595306 30.50796727091074 18.226624071598053 19.611333228647709 17.623430885374546 101.99932400882244
leaf_count=1431 1777 629 816 526 194 150 158 1151 138 274 295 86 174 3375 71 190 166 148 98 1848 821 1350 2002 180 158 162 81 133 124 787
internal_value=8.80142e-05 -0.00154118 -0.000985118 -0.00603316 -0.00332902 0.00158453 0.00108107 -0.003627 -0.00597373 0.00528245 0.00382241 0.0145374 0.0104618 -0.00497931 0.00556815 0.0136084 0.0236054 -0.00730821 0.00334092 -0.00804961 0.00316448 0.00453367 0.000866132 0.00932522 0.0133656 -0.00273272 -0.0161558 0.0105576 0.011442 -0.00252168
internal_weight=2947.76 2649.88 2587.8 872.478 699.443 1715.32 1683.76 619.496 590.099 205.439 1064.26 297.884 109.344 571.881 103.183 79.5974 51.9414 468.698 25.063 414.056 1037.3 908.849 515.475 393.374 294.564 98.8102 50.6788 264.912 48.1314 448.716
internal_count=19493 17976 17347 6857 5080 10490 10340 4089 4380 1090 6251 1517 700 4242 719 525 335 3523 169 2999 6093 5272 3084 2188 1641 547 261 1483 286 2789
cat_boundaries=0 1
cat_threshold=32
is_linear=0
shrinkage=0.03


Tree=69
num_leaves=31
num_cat=0
split_feature=0 9 29 14 29 5 10 14 13 27 14 29 10 11 5 27 1 28 12 3 4 14 2 3 10 4 12 11 14 14
split_gain=56.7399 53.8083 37.8159 22.9759 23.2484 45.6079 20.446 19.3025 17.5178 25.8644 28.0995 17.2037 23.9554 19.4524 17.3236 16.6438 16.4321 15.9961 19.4359 15.8981 15.6041 16.1948 18.861 15.5418 17.6961 19.3546 15.2021 15.1144 15.0365 19.8666
threshold=3.6040465831756596 -5.3637900352478018 86.164299011230483 -0.84999999403953541 75.77988433837892 -0.75976759195327748 -0.59000000357627858 0.38499999046325689 48.500000000000007 1.0000000180025095e-35 -1.2200000286102293 76.836559295654311 -0.35500000417232508 74.500000000000014 0.25061884522438055 1.0000000180025095e-35 170.85838317871097 25.346193313598636 0.34650000929832464 765.48803710937511 29.500000000000004 -0.095000002533197389 7.8629119396209726 537.38623046875011 -0.11499999836087225 2.5000000000000004 0.11199999973177911 71.000000000000014 0.49499998986721044 0.14500000327825549
decision_type=2 2 2 2 2 2 2 2 2 2 2 2 2 2 2 2 2 2 2 2 10 2 2 2 2 10 2 2 2 2
left_child=1 -1 3 8 6 17 -5 -8 -2 10 -10 12 13 -7 -13 -9 -14 18 28 27 -3 22 -22 24 -18 -26 -16 -19 29 -6
right_child=2 20 -4 4 5 11 7 15 9 -11 -12 14 16 -15 26 -17 23 19 -20 -21 21 -23 -24 -25 25 -27 -28 -29 -30 -31
leaf_value=0.00043814802090070811 -0.022572188890660403 0.0064541337954075219 -0.024828001654586502 0.030154481677601767 0.0063649921067200823 0.028788651845974247 -0.0011479931144886407 0.016407876369361203 0.019582826905339069 0.043068829725186657 -0.02399640533641181 -0.014289638203252979 -0.0081362679695294836 -0.0026860276311164175 0.008078853967679123 -0.016658552587690625 -0.012433152038397746 -4.9780807359847313e-05 -0.01135570433001752 -0.001755618048583061 0.01654267267302284 0.025636915475851445 -0.015501733833070347 -0.014146959762944753 0.012289895450762192 0.070457293108174432 -0.013340571072751937 0.029350481745425677 0.01792011499096105 -0.01199047629317288
leaf_weight=519.00915866345167 78.539320312440395 121.8457659855485 64.281370561569929 27.207681521773338 207.72352534532547 35.515518940985203 257.37461116164923 121.84082341939211 19.295273318886757 8.9496593624353391 38.102096788585186 337.1434930190444 297.37734276801348 33.943376697599888 69.296353876590729 14.607629910111426 8.2779319882392901 21.418460361659527 83.532172925770283 38.904404938220978 78.405393496155739 154.44888189435005 20.029470682144165 13.690222024917601 12.524498678743841 8.4203056246042234 50.800720937550068 58.295771695673466 62.229150667786598 70.176464058458805
leaf_count=2880 657 644 641 141 1248 245 1645 696 99 51 293 3382 2281 217 379 78 69 125 507 213 376 841 89 117 105 56 291 343 335 464
internal_value=0.000399875 0.00669862 -0.0023623 -0.00161897 -0.000705328 -0.00255355 0.00547243 0.00369518 -0.0130768 -0.00166824 -0.00926191 -0.00681877 -0.0023458 0.0135877 -0.0108133 0.0127725 -0.00562838 0.00426561 0.00152648 0.0139542 0.0153453 0.019587 0.00993197 0.0115403 0.0236441 0.0378196 -0.00101685 0.0215482 0.00471422 0.00170342
internal_weight=2933.21 893.739 2039.47 1975.19 1830.3 1409.27 421.031 393.823 144.886 66.347 57.3974 866.99 409.749 69.4589 457.241 136.448 340.29 542.28 423.661 118.619 374.73 252.884 98.4349 42.913 29.2227 20.9448 120.097 79.7142 340.129 277.9
internal_count=19508 4830 14678 14037 12937 10377 2560 2419 1100 443 392 7142 3090 462 4052 774 2628 3235 2554 681 1950 1306 465 347 230 161 670 468 2047 1712
is_linear=0
shrinkage=0.03


Tree=70
num_leaves=31
num_cat=2
split_feature=5 10 5 29 14 12 31 17 6 29 10 8 31 17 16 17 5 10 12 10 12 4 14 14 10 4 16 11 14 12
split_gain=59.2982 29.1019 27.8263 38.3101 33.0713 24.8412 23.4933 20.2523 22.3958 18.7991 18.5073 19.0931 18.0966 20.129 17.2366 20.3552 16.9912 18.2635 17.9602 21.1906 17.0589 26.0653 17.5692 16.8542 15.4616 17.6135 15.3243 19.2033 14.763 36.0784
threshold=0.52643132209777843 0.37500000000000006 -0.94917574524879444 75.753208160400405 -1.0349999666213987 0.42849999666213995 0 -0.28556217253208155 -0.96645781397819508 83.357944488525405 0.49500000476837164 -8.6272497177124006 1 0.40543007850646978 1.1281398534774782 -1.2670373916625974 -0.75976759195327748 1.2450000047683718 -0.37100000679492945 0.66999998688697826 -0.18349999934434888 1.5000000000000002 -0.49499998986721033 1.0249999761581423 0.2650000005960465 247.50000000000003 1.2922363281250002 73.500000000000014 0.12999999895691874 -0.2145000025629997
decision_type=2 2 2 2 2 2 1 2 2 2 2 2 1 2 2 2 2 2 2 2 2 10 2 2 2 10 2 2 2 2
left_child=2 12 6 -4 -5 7 -1 8 23 16 -3 -12 24 -14 15 -8 20 18 -18 -20 21 -9 -22 -6 25 -2 27 -10 -17 -30
right_child=1 10 3 4 5 -7 14 9 26 -11 11 -13 13 -15 -16 28 17 -19 19 -21 22 -23 -24 -25 -26 -27 -28 -29 29 -31
leaf_value=0.016781403640959553 0.017991010914272357 0.034118397038630455 0.0049310843686111829 -0.028112272263644763 -0.021851082414563849 -0.016745372825691551 -0.029283680744663983 0.021300010706824912 -1.8987913765983984e-05 -0.014634842818178735 -0.014952287884152751 0.018399969181709254 -0.010241719999863981 0.0094851704116091645 -0.013345444308757946 0.012405131322953478 -0.015863219553500476 0.036949018393352059 0.0023198061212749898 -0.01586388975758285 -0.0084998204168556437 -0.015370705259624716 0.022380475154451906 0.011713775959009813 -0.011735306465759571 -0.012312656755611082 0.023327376565426987 -0.01377942054482839 -0.035936131128432657 0.0058430402858945431
leaf_weight=102.17632625997066 150.37916277348995 54.493102833628654 401.32571745663881 54.943803962320089 123.75441523268819 136.88399134576321 14.615660980343817 26.364056423306465 228.30357928946614 75.205068625509739 18.126658320426941 83.122638955712318 111.18007276207209 78.607639737427235 61.400407314300537 145.86723563820124 74.757461130619049 9.8924982100725156 421.70438828319311 65.793909668922424 19.874287694692612 47.149748921394348 86.897174537181854 14.46419884264469 22.040773376822472 18.777553379535675 16.351611152291298 151.07809989154339 21.632273681461811 103.52142243087292
leaf_count=465 736 301 2473 532 1415 1078 121 154 1679 702 77 457 530 370 376 690 660 52 2865 446 121 283 474 103 104 85 100 1523 115 474
internal_value=0.000238191 0.00924434 -0.0017756 -0.00332292 -0.00545714 -0.00460826 0.00494993 -0.0033767 -0.00792596 -0.00043571 0.0201299 0.0123411 0.00475342 -0.0019614 0.00091965 0.00405402 0.00100102 -0.00153243 -0.00227388 -0.000161759 0.00900521 -0.00211023 0.0166069 -0.0182797 0.0109277 0.0145745 -0.00427273 -0.00552051 0.0059529 -0.00160593
internal_weight=2940.68 536.728 2403.96 1954.74 1553.42 1498.47 449.213 1361.59 533.952 827.639 155.742 101.249 380.985 189.788 347.037 285.637 752.434 572.148 562.256 487.498 180.285 73.5138 106.771 138.219 191.197 169.157 395.733 379.382 271.021 125.154
internal_count=19561 2660 16901 14660 12187 11655 2241 10577 4820 5757 835 534 1825 900 1776 1400 5055 4023 3971 3311 1032 437 595 1518 925 821 3302 3202 1279 589
cat_boundaries=0 1 2
cat_threshold=8 10
is_linear=0
shrinkage=0.03


Tree=71
num_leaves=31
num_cat=1
split_feature=3 29 17 5 29 5 32 18 7 17 9 16 16 9 3 7 16 16 16 14 12 5 14 16 17 5 17 17 5 14
split_gain=52.5979 29.0848 26.4802 26.234 26.9856 27.2028 24.708 22.5977 22.1771 20.7985 20.7617 20.5161 20.4778 20.0971 18.1371 15.7535 15.4258 15.3404 18.0867 18.5711 14.8056 14.6415 20.8851 21.0528 17.1291 14.5682 13.9722 13.7418 13.7144 13.7133
threshold=0.33733227849006658 86.164299011230483 1.0742033720016482 -0.78753387928009022 76.34873199462892 0.081451712176203742 0 0.244099996984005 -58.103075027465813 -1.2670373916625974 -70.359115600585923 0.7252347767353059 -0.37346102297306055 130.29441833496097 281.44459533691412 -4.8531422615051261 -0.62602889537811268 -1.8195750117301939 -1.3792461752891538 -0.030000000260770317 -0.158500000834465 -0.98902499675750721 -0.62499999999999989 -1.3231350183486936 0.67499551177024852 -0.93404099345207203 0.76505395770072948 -1.1955825090408323 -0.34091138839721674 -0.59499999880790699
decision_type=2 2 2 2 2 2 1 2 2 2 2 2 2 2 2 2 2 2 2 2 2 2 2 2 2 2 2 2 2 2
left_child=15 2 3 6 17 -6 16 -8 -9 -10 -4 12 20 -14 -11 -1 -2 -5 19 -19 -12 26 -23 -24 29 -18 -16 -17 -13 -25
right_child=1 -3 10 4 5 -7 7 8 9 14 11 28 13 -15 21 27 25 18 -20 -21 -22 22 23 24 -26 -27 -28 -29 -30 -31
leaf_value=-0.002262843030658197 0.034792173019204266 -0.022148737076525198 -0.010925816789378878 -0.023924233999681393 -0.013661560745068638 -0.0026542390703721947 -0.028169447863192084 0.040296526438172373 -0.023471112419913991 -0.031409516245617872 -0.010556438101035988 -0.017500786753456284 0.027981947013527533 -0.011863539996310993 0.014743952367445974 -0.009830546128492863 0.017375257432305346 0.033918484050256645 -0.00057890297323263506 -0.012668226436283066 0.012884702334432454 -0.016584088415927442 0.03252990919126398 0.01763915336930786 0.020771744727604874 -0.0080694571775078681 -0.015255746272551616 0.015173492980588368 0.019089807201671503 -0.0035348159932954153
leaf_weight=71.951957777142525 26.711991064250469 61.248167127370834 48.725231781601906 22.479321956634521 433.0362254679203 379.1889219135046 24.478975251317024 11.446957342326639 31.601531520485878 14.007559537887571 36.55744730681181 33.719008527696133 94.980584859848022 12.365703403949736 110.07007534056902 20.664015293121338 60.270006895065308 26.299767836928368 542.74225758016109 10.114621780812739 67.751697853207588 61.857669599354267 18.390982277691364 29.279661752283573 32.87671086192131 29.527271881699562 15.158635199069975 271.21001693606377 11.636679142713545 302.66029424220324
leaf_count=338 133 642 292 165 4383 2343 161 71 292 94 203 225 490 82 508 97 285 160 3692 64 334 434 95 158 158 207 67 1422 70 1824
internal_value=-0.000369272 -0.00189335 -0.001386 -0.00254513 -0.00496873 -0.00853235 0.00191531 -0.000466005 0.000650668 -0.000150302 0.00686865 0.0102715 0.0141851 0.0233248 0.00114893 0.0102853 0.0139786 -0.000151559 0.000810799 0.0209856 0.00464701 0.00200221 -0.000554285 0.00206969 0.000449413 0.00901176 0.0110205 0.0133757 -0.00790363 -0.00161974
internal_weight=2913.01 2549.18 2487.94 2182.2 1413.86 812.225 768.338 651.829 627.35 615.903 305.736 257.011 211.655 107.346 584.302 363.826 116.509 601.636 579.157 36.4144 104.309 570.294 445.065 383.208 364.817 89.7973 125.229 291.874 45.3557 331.94
internal_count=19489 17632 16990 15294 10807 6726 4487 3862 3701 3630 1696 1404 1109 572 3338 1857 625 4081 3916 224 537 3244 2669 2235 2140 492 575 1519 295 1982
cat_boundaries=0 1
cat_threshold=32
is_linear=0
shrinkage=0.03


Tree=72
num_leaves=31
num_cat=0
split_feature=3 17 29 13 14 14 5 17 18 17 11 17 17 14 5 29 3 18 5 3 2 17 0 10 10 3 5 8 0 29
split_gain=59.6998 33.5663 27.9126 24.1366 20.7788 27.008 31.3931 30.4695 29.7441 22.1877 20.5041 18.4062 18.4058 20.3779 19.4221 17.3349 17.3678 16.2145 15.4347 15.2328 16.134 16.3218 14.5476 14.5392 35.1799 38.8691 15.1197 14.3221 14.6789 13.9319
threshold=1.0000000180025095e-35 -0.34192450344562525 86.164299011230483 48.500000000000007 -0.84999999403953541 -0.37499999999999994 -0.73172146081924427 0.67499551177024852 1.2578593492507937 -0.24540499597787854 63.500000000000007 -0.38627845048904413 -1.2670373916625974 0.70499998331069957 -0.96105405688285817 77.177566528320327 575.50405883789074 0.32234686613082891 -0.9980562925338744 1052.5799560546877 257.01449584960943 -0.3120040744543075 41.341505050659187 0.24000000208616259 -0.074999999254941926 621.72665405273449 -0.85957497358322132 39.301610946655281 66.510791778564467 76.013408660888686
decision_type=2 2 2 2 2 2 2 2 2 2 2 2 2 2 2 2 2 2 2 2 2 2 2 2 2 2 2 2 2 2
left_child=-1 11 3 4 17 10 7 9 27 -7 -6 12 13 -2 15 16 -14 -3 -5 20 21 -20 -10 24 -22 -26 -25 -8 -29 -16
right_child=1 2 -4 18 5 6 8 -9 22 -11 -12 -13 14 -15 29 -17 -18 -19 19 -21 23 -23 -24 26 25 -27 -28 28 -30 -31
leaf_value=0.0126377134656506 -0.019413662448376195 0.017025938301428959 -0.024407318397290878 -0.019926944454460103 0.035925346903090141 0.036876307876274245 -0.016879857218181835 0.023830875307674016 0.0063712584934017946 -0.0044150313323706629 0.0057129035468455706 -0.025980167796096215 0.021949221912327149 0.011601776296815719 0.00092714227937452161 0.024534782151927247 -0.011636853581347964 -0.023716954228692296 0.03511792967425114 0.025699011809452211 -0.013682235466968435 0.0056140901135421752 -0.014706954195797838 0.013477846949393087 0.073249614799417551 -0.0056310289112129859 -0.029475042848780691 0.021831808222100711 -0.010231855965777843 -0.0087951030164654612
leaf_weight=286.40095394849777 130.56566429883242 9.5470736324787122 38.105562396347523 21.020482137799263 24.516829438507557 11.770872309803961 230.43570600450039 61.802656590938568 141.81773837655783 140.36617223918438 100.00591331720352 40.746389582753181 19.247047081589699 21.613282062113285 199.73166070878506 37.552528344094753 42.915747173130512 59.524313054978848 16.365944050252438 31.469179317355156 39.829974010586739 660.96727090328932 36.145166605710983 8.864054471254347 10.02135429531336 11.207119293510912 31.886503174901009 17.733100615441799 39.919325031340122 392.95157547667623
leaf_count=1495 1116 68 378 99 144 60 1759 282 782 762 585 339 92 135 1554 170 238 483 89 156 321 3678 310 40 63 65 284 130 335 3524
internal_value=-0.000344389 -0.00176311 0.000653287 0.00122728 -0.00225405 -0.00088823 -0.00324413 0.00625035 -0.0076066 -0.00100037 0.0119001 -0.00651668 -0.00554806 -0.0149617 -0.00346048 0.00872999 -0.00105496 -0.0179228 0.00488255 0.00554966 0.00470394 0.00637769 0.00203191 -0.00638523 0.0028993 0.0332264 -0.0200329 -0.0135471 -0.000165435 -0.00552271
internal_weight=2915.05 2628.65 1743.32 1705.22 873.585 804.513 679.991 213.94 466.051 152.137 124.523 885.324 844.578 152.179 692.399 99.7153 62.1628 69.0714 831.632 810.611 779.142 677.333 177.963 101.809 61.0584 21.2285 40.7506 288.088 57.6524 592.683
internal_count=19536 18041 10873 10495 5700 5149 4420 1104 3316 822 729 7168 6829 1251 5578 500 330 551 4795 4696 4540 3767 1092 773 449 128 324 2224 465 5078
is_linear=0
shrinkage=0.03


Tree=73
num_leaves=31
num_cat=1
split_feature=3 29 18 7 4 17 14 8 6 32 29 14 14 11 2 14 6 0 3 29 14 17 17 29 14 3 17 17 13 2
split_gain=52.2427 30.6738 24.2998 23.3035 20.8677 18.4894 25.5453 17.8713 16.0023 18.2728 17.3549 19.457 19.7208 18.1316 21.9103 15.6334 15.6164 20.43 15.0378 14.3731 14.3155 14.3103 12.4398 19.4744 12.3068 14.3859 12.9848 17.3424 12.3324 14.8389
threshold=1.0000000180025095e-35 86.164299011230483 2.7290999889373784 -5.3632299900054923 3.5000000000000004 -1.2670373916625974 0.70499998331069957 -57.081521987915032 -0.95380109548568714 0 76.836559295654311 1.0249999761581423 -0.095000002533197389 73.500000000000014 78.893554687500014 1.4100000262260439 -0.61626377701759327 25.9799919128418 304.69734191894537 81.26676177978517 -0.22999999672174451 1.6090713143348696 -0.73506319522857655 78.088207244873061 -0.10500000044703482 709.90991210937511 1.4894750118255617 0.77456367015838634 42.500000000000007 89.655048370361342
decision_type=2 2 2 2 10 2 2 2 2 1 2 2 2 2 2 2 2 2 2 2 2 2 2 2 2 2 2 2 2 2
left_child=3 2 4 -1 16 6 -6 18 10 -10 11 12 13 -9 -15 -11 21 -18 -7 20 -5 -2 23 -19 -20 26 27 28 -26 -30
right_child=1 -3 -4 19 5 7 -8 8 9 15 -12 -13 -14 14 -16 -17 17 22 24 -21 -22 -23 -24 -25 25 -27 -28 -29 29 -31
leaf_value=-0.011356848463408573 -0.0093861237229786766 -0.022998114659183395 0.0239642077086967 0.0068306987693753374 -0.017438668568641083 -0.016914018238702609 0.021728655190689568 0.03812701566662912 0.012285243467064458 0.0034042598238446732 -0.011961804549762374 0.035549144180359746 -0.008229559798402215 0.019745738272118452 -0.016073230505688776 -0.018952807327914985 0.019933522489697895 -0.025789900843648031 -0.011390131486867978 -0.013032988228427916 0.022121682776683967 0.012510404215646656 -4.7814680649177293e-05 0.017304768920552396 -0.017780058112224509 0.020505546448518097 -0.030336726715813681 0.03506565897203389 0.025810858449260104 -0.0071482971425271252
leaf_weight=33.994789227843285 528.94907166063786 58.396751746535301 33.109684377908707 87.674226701259613 93.311694383621216 74.113305099308491 16.934448063373566 16.752793624997139 221.28805495798588 650.32927846908569 116.76492354273796 13.88358351588249 109.67357650399208 32.881076380610466 27.163043722510338 28.43371045589447 39.24870540946722 40.180925071239471 69.755474358797073 14.966275870800017 153.03892038762569 27.455015443265438 253.91026841104031 11.474077329039572 29.92686466127634 34.35139737278223 11.513254776597021 11.518533624708651 19.712250985205173 29.466486364603043
leaf_count=158 4900 629 158 424 701 624 102 115 1180 3649 915 74 743 212 188 172 224 357 457 65 868 163 1521 85 200 176 57 61 103 190
internal_value=-0.000338709 -0.00168636 -0.00118794 0.0117237 -0.00152927 0.000519534 -0.0112811 0.00139523 0.00296837 0.00500877 -0.00282027 0.0025403 -9.38708e-05 0.0114811 0.00354392 0.00240582 -0.00518086 -0.000162171 -0.00542081 0.0148248 0.0166036 -0.00828516 -0.00279999 -0.0160705 -0.00122908 0.00400902 -0.00168421 0.0022473 -0.00290946 0.00631378
internal_weight=2890.17 2600.5 2542.1 289.674 2508.99 1607.77 110.246 1497.53 1217.17 900.051 317.119 200.354 186.47 76.7969 60.0441 678.763 901.218 344.814 280.358 255.679 240.713 556.404 305.565 51.655 206.244 136.489 102.137 90.6241 79.1056 49.1787
internal_count=19471 17956 17327 1515 17169 9919 803 9116 7248 5001 2247 1332 1258 515 400 3821 7250 2187 1868 1357 1292 5063 1963 442 1244 787 611 554 493 293
cat_boundaries=0 1
cat_threshold=40
is_linear=0
shrinkage=0.03


Tree=74
num_leaves=31
num_cat=0
split_feature=0 7 5 10 29 27 14 0 14 10 12 14 10 11 10 8 12 28 12 8 13 13 10 13 10 21 12 12 9 12
split_gain=48.4992 37.9179 22.7105 19.8659 18.555 19.0879 18.1259 18.055 17.0261 16.6472 29.4829 18.8682 17.8816 33.9256 31.058 17.6454 26.288 24.6535 16.3413 16.2598 16.8438 15.0499 20.8415 14.7139 15.2137 15.443 15.2607 22.3516 18.0808 18.1459
threshold=17.413990974426273 -3.9040225744247432 -0.96105405688285817 0.35999999940395361 86.164299011230483 1.0000000180025095e-35 -0.84999999403953541 0.011288744863122703 -1.314999997615814 -0.34499999880790705 -0.2145000025629997 0.52500000596046459 0.22500000149011615 86.500000000000014 -0.14499999582767484 -28.381669998168942 -0.027500000782310959 20.863806724548343 -0.48800000548362726 -64.398101806640611 32.500000000000007 47.500000000000007 -0.39499999582767481 58.500000000000007 -0.33500000834465021 1.0000000180025095e-35 0.035499999299645431 0.12900000065565112 -41.203405380249016 0.43999999761581426
decision_type=2 2 2 2 2 2 2 2 2 2 2 2 2 2 2 2 2 2 2 2 2 2 2 2 2 2 2 2 2 2
left_child=1 2 -1 7 5 6 8 -3 -2 10 -8 12 13 -11 -15 -13 -17 -18 -14 -4 -21 -12 -23 24 25 -22 -26 -28 29 -29
right_child=4 3 19 -5 -6 -7 9 -9 -10 11 21 15 18 14 -16 16 17 -19 -20 20 23 22 -24 -25 26 -27 27 28 -30 -31
leaf_value=0.0096326785286924305 0.0075764719015478698 0.016570390297370771 -0.010717213829908336 0.020982097701219383 -0.022374886945854988 0.0059916659152925173 0.050883185268002423 0.0018908182084101028 -0.025114926942570486 -0.0083498463886835499 0.0094790892575416872 -0.013729512596504073 0.01165287987373002 -0.0098841564058291063 0.028287610641285651 0.025243088753959541 0.015340178791225916 -0.015074611710326766 -0.016996046886514675 0.027084283990734682 0.011790208143007887 -0.017672323910006692 0.02294893676719352 -0.012154129761633353 -0.0066680095052195163 -0.014512614239655323 0.020253919435536699 0.022863010749007387 -0.0096857433118466979 -0.014289834575504269
leaf_weight=190.47000811249018 17.601027749478817 112.04748517274857 150.23581389337778 119.63763861358166 49.483654666692019 155.76199636608362 10.55749788880348 227.40173164755106 67.984923720359802 362.54741165786982 85.59185116738081 44.272770725190639 18.820867694914341 31.036838941276073 47.565339721739292 49.38199407607317 42.252362817525864 52.859034962952137 218.70676819980145 19.204632788896561 153.38908231258392 53.887664251029491 13.419949874281881 87.497032694518566 265.30522344261408 22.228710286319256 55.650888092815876 38.353577852249146 95.530059546232224 16.12125039845705
leaf_count=916 114 580 1117 687 553 1018 72 1091 623 2994 623 328 124 264 348 303 241 405 1919 106 853 420 99 521 1747 177 293 218 559 114
internal_value=-0.000307883 0.00328586 0.000246696 0.0105118 -0.00452993 -0.00381883 -0.00519163 0.00677078 -0.018382 -0.00407981 0.00468101 -0.00573415 -0.00806501 -0.00447456 0.0132803 0.00264441 0.00772126 -0.00154409 -0.0146867 -0.00174042 6.17629e-05 0.00118091 -0.00935577 -0.000681075 0.000887866 0.00839763 -0.00192433 0.00419789 -0.00185348 0.0118086
internal_weight=2874.81 1553.07 1093.99 459.087 1321.73 1272.25 1116.49 339.449 85.586 1030.9 163.457 867.443 678.677 441.15 78.6022 188.766 144.493 95.1114 237.528 903.516 753.28 152.899 67.3076 734.076 646.579 175.618 470.961 205.656 150.005 54.4748
internal_count=19427 8979 6621 2358 10448 9895 8877 1671 737 8140 1214 6926 5649 3606 612 1277 949 646 2043 5705 4588 1142 519 4482 3961 1030 2931 1184 891 332
is_linear=0
shrinkage=0.03


Tree=75
num_leaves=31
num_cat=1
split_feature=1 9 5 28 20 32 12 12 3 5 5 12 12 12 2 10 12 8 17 17 3 8 18 10 8 10 10 17 18 5
split_gain=51.0764 28.0157 19.9207 30.9442 37.2251 23.5077 23.0708 24.1244 20.5846 24.2481 22.5085 18.4629 18.3453 58.3452 17.3158 17.1099 17.0152 18.1204 16.9364 18.7637 17.8338 17.6984 17.4287 16.7872 16.6099 15.4246 20.1644 15.3311 15.0286 17.0761
threshold=33.797277450561531 -5.6913642883300772 -0.85957497358322132 20.863806724548343 1.0000000180025095e-35 0 -0.10150000080466269 -0.56650000810623158 172.76625061035159 -0.63756072521209706 0.20903649181127551 -0.12299999967217444 -0.36599999666213984 -0.25599999725818628 6.6270833015441903 -0.29500000178813929 -0.38449999690055842 -64.398101806640611 0.38102295994758612 0.456177368760109 324.63864135742193 -48.97666931152343 0.66384869813919078 0.2100000008940697 -52.476177215576165 -0.18500000238418576 -0.074999999254941926 -0.46075017750263209 0.67892736196517955 -0.75976759195327748
decision_type=2 2 2 2 2 1 2 2 2 2 2 2 2 2 2 2 2 2 2 2 2 2 2 2 2 2 2 2 2 2
left_child=1 18 5 4 6 -2 7 -4 10 -10 -8 16 -9 23 -3 -12 -5 -18 20 -20 21 -1 -21 -14 -22 -11 -27 -7 -19 -30
right_child=2 14 3 11 -6 27 8 12 9 25 15 -13 13 -15 -16 -17 17 28 19 22 24 -23 -24 -25 -26 26 -28 -29 29 -31
leaf_value=-0.019534545303235271 0.015582677823595107 0.016534948318046874 0.031159767206171942 -0.015874599704787769 -0.02089387945543884 -0.011478903304858359 -0.015829095822356493 -0.024738819049553714 -0.0028033383444495534 0.037817279673595057 -0.0080456694733489105 -0.016088518887416248 0.054902217051791803 -0.019025550170247801 0.0052275525640386568 0.028155278708757975 -0.026481498919434725 -0.020549430847532812 0.032655465433792295 -0.028805146235342749 0.0010531223980281075 -0.0029028507746111662 0.0061100605136396634 0.012430433313658694 0.025442388339491265 -0.019300623029941257 0.022497216941454932 0.0012123634780206076 0.033725442129822904 0.0038963342593876815
leaf_weight=68.838705688714981 70.132478401064873 192.08737015724182 13.385927848517893 74.609519064426422 71.009861245751381 113.19386891275644 51.145978882908821 47.671567760407925 44.686650969088078 40.482999585568905 19.936961196362972 316.65145343542099 11.98843991756439 67.920374602079391 334.64158979058266 26.418773114681244 16.525430575013161 15.319534249603747 21.867822207510471 12.625056013464926 114.42820174247026 331.16524810343981 235.07041465491056 25.974172092974186 31.238005079329014 12.421187251806257 47.068325042724609 342.28451932221651 21.269414827227592 78.486061945557594
leaf_count=617 356 1045 107 802 653 831 353 393 334 220 120 3199 64 540 1731 145 188 171 109 72 699 2010 1189 171 169 85 292 1834 155 784
internal_value=-0.000280235 0.00398912 -0.00402852 -0.00650573 -0.00100197 0.000701897 0.0024933 -0.00606565 0.00839433 0.0155367 -0.00225268 -0.0115479 -0.00949134 -0.00245926 0.00937465 0.0127446 -0.00453153 0.00197053 0.000502271 0.00664056 -0.00253667 -0.00580666 0.00422176 0.0269077 0.00642119 0.0236811 0.0135952 -0.00191785 0.00624935 0.010528
internal_weight=2870.55 1341.96 1528.58 1002.97 480.111 525.611 409.101 166.94 242.161 144.659 97.5017 522.861 153.555 105.883 526.729 46.3557 206.21 131.6 815.233 269.563 545.67 400.004 247.695 37.9626 145.666 99.9725 59.4895 455.478 115.075 99.7555
internal_count=19438 7641 11797 8776 3477 3021 2824 1275 1549 931 618 5299 1168 775 2776 265 2100 1298 4865 1370 3495 2627 1261 235 868 597 377 2665 1110 939
cat_boundaries=0 1
cat_threshold=32
is_linear=0
shrinkage=0.03


Tree=76
num_leaves=31
num_cat=1
split_feature=4 5 17 14 12 32 6 0 29 2 10 14 7 18 0 3 7 2 4 12 12 17 22 5 4 14 12 12 17 5
split_gain=42.0602 32.544 27.819 25.1516 22.7885 19.1406 26.8924 18.6701 19.1101 18.3301 17.3534 27.3106 17.2551 16.3361 15.7455 18.4376 15.6139 15.3465 18.8255 14.9202 19.6999 17.8876 18.6755 14.8489 13.9228 15.8134 13.7288 12.8923 19.6961 14.7728
threshold=2.5000000000000004 0.56202840805053722 -1.2670373916625974 0.70499998331069957 0.092000000178813948 0 -0.92772412300109852 127.95177841186525 76.484970092773452 13.89349412918091 1.4200000166893008 0.8400000035762788 -35.241580963134759 0.66384869813919078 30.870703697204593 288.78085327148443 -32.883396148681634 7.8629119396209726 228.50000000000003 -0.10600000247359274 -0.71900001168251026 -0.28556217253208155 1.0000000180025095e-35 -0.98097097873687733 18.500000000000004 -0.095000002533197389 0.046000000089406974 -0.37800000607967371 -0.52211499214172352 -0.73172146081924427
decision_type=10 2 2 2 2 1 2 2 2 2 2 2 2 2 2 2 2 2 10 2 2 2 2 2 10 2 2 2 2 2
left_child=14 2 3 -2 26 6 -4 8 9 13 11 19 -8 -7 15 -1 -13 18 -6 20 -11 22 -21 -10 -23 -26 -3 -22 29 -29
right_child=1 4 5 -5 17 7 12 -9 23 10 -12 16 -14 -15 -16 -17 -18 -19 -20 21 27 24 -24 -25 25 -27 -28 28 -30 -31
leaf_value=-0.0059063453169000074 -0.020607664466574759 0.012476362821785544 -0.0066634133712295462 0.017245435518414304 0.015069705241914116 0.013909511088076958 -0.0020783462778027999 0.027554267436476099 0.007498053635055419 0.023795440962537204 -0.026487991242131387 -0.0025472269788709575 0.021807253772455296 -0.015721952870643333 -0.0079390130167299074 0.01604133315637422 0.035925783250686433 -0.013178372050322656 -0.014791311309163323 -0.011030771467006078 -0.016590130110370208 0.015965165328467441 0.020760297569892314 -0.0059412878975422089 0.021591879166698576 -0.012044560658507734 0.032020902417973486 -0.0042134496292990428 -0.0056275928633735357 0.037317094358114415
leaf_weight=82.85526917129755 90.695328027009964 202.65778408944607 62.54097855091095 18.289169453084469 72.959542140364647 20.655584089457989 34.788985297083855 20.941412169486284 84.581731624901295 22.963159881532192 14.581111118197439 12.395640969276426 121.4513930901885 74.749319836497307 638.82804610207677 57.526002060621977 37.860605053603649 47.393076702952385 24.682198897004128 69.472802825272083 59.792367838323116 185.93698298931122 20.788422986865044 550.54333702102304 17.629531189799309 37.741487838327885 38.366321220993996 12.545991860330107 124.74779085814953 18.254220850765705
leaf_count=622 748 1059 461 115 372 107 247 147 395 128 82 75 660 403 5518 387 197 215 123 543 444 945 139 3965 85 185 224 86 728 145
internal_value=6.03098e-06 0.00221485 0.000440264 -0.0141563 0.0100718 0.00143964 0.00945484 9.9815e-05 -0.000340438 0.00296815 0.00481315 0.0055906 0.0165094 -0.00922887 -0.00594205 0.00313731 0.0265719 0.000663767 0.00744791 0.00369698 -0.00202488 0.00780309 -0.00356159 -0.00414255 0.0120512 -0.00114203 0.0157069 -0.00487553 -0.000295252 0.0207997
internal_weight=2879.22 2100.01 1713.95 108.984 386.059 1604.96 218.781 1386.18 1365.24 730.115 634.71 620.129 156.24 95.4049 779.209 140.381 50.2562 145.035 97.6417 569.873 238.304 331.569 90.2612 635.125 241.308 55.371 241.024 215.34 155.548 30.8002
internal_count=19550 13023 11030 863 1993 10167 1368 8799 8652 4292 3782 3700 907 510 6527 1009 272 710 495 3428 1531 1897 682 4360 1215 270 1283 1403 959 231
cat_boundaries=0 1
cat_threshold=32
is_linear=0
shrinkage=0.03


Tree=77
num_leaves=31
num_cat=1
split_feature=4 5 17 32 6 16 8 14 14 4 14 5 16 16 16 5 5 14 6 15 14 10 17 29 3 2 9 7 10 10
split_gain=40.9032 30.3513 26.4749 20.2387 22.2863 24.1552 20.3001 20.1284 19.8188 20.9028 20.0709 27.0191 17.2263 17.2342 39.11 21.0695 16.66 17.0337 22.2538 19.362 59.6286 24.6527 23.6991 16.195 16.0105 15.5093 14.5502 13.6691 12.7021 15.3494
threshold=3.5000000000000004 0.63088810443878185 -1.2670373916625974 0 -0.94107943773269642 -1.2127375602722166 -59.503492355346673 0.70499998331069957 1.4100000262260439 168.50000000000003 0.8400000035762788 0.081451712176203742 1.1622792482376101 0.088539849966764464 -0.11646045744419097 -0.73172146081924427 -0.63756072521209706 0.024999999441206459 -0.80187052488327015 38.500000000000007 -0.24999999254941938 -0.44499999284744257 0.069999270141124739 78.088207244873061 296.80146789550787 7.8629119396209726 -3.4931085109710689 -42.881021499633782 0.56499999761581432 -0.44499999284744257
decision_type=10 2 2 1 2 2 2 2 2 10 2 2 2 2 2 2 2 2 2 2 2 2 2 2 2 2 2 2 2 2
left_child=-1 2 7 4 5 -4 24 -2 9 10 12 -12 13 14 15 -8 -17 19 -19 20 -18 22 -21 -3 -5 -25 -11 -15 29 -29
right_child=1 23 3 6 -6 -7 8 -9 -10 26 11 -13 -14 27 -16 16 17 18 -20 21 -22 -23 -24 25 -26 -27 -28 28 -30 -31
leaf_value=-0.0047833578551500274 -0.018180657023803282 0.017224129522993799 0.029977500716322707 -0.021287742271296727 0.016836254341569854 -0.015408395863950134 0.015622897384705346 0.017084007724740745 -0.020497929032747456 -0.0096125475330390408 0.038393004967699956 -0.0031904528990900185 -0.013800954587247767 -0.016984615526743938 -0.02005680333358199 -0.019615999134004036 -0.0040915080268376022 -0.010651644587423403 0.018558244287003749 0.0014030723075009383 0.061817012014881829 -0.0098374512589044765 0.042981891180254653 0.012357192405560045 -0.0026721154917431623 -0.016798267305802729 0.0090925488167345955 -0.0037375045197311071 -0.0096315337484255813 0.017491007516281111
leaf_weight=934.30934915319085 93.046107113361359 182.01687978208065 12.782175071537493 53.933793406933546 160.84151534736156 44.265067592263222 120.71176880598068 16.419650472700596 31.397890605032444 159.26293580979109 35.07439561188221 22.811847291886806 44.829498745501041 14.010268591344355 63.283060841262341 30.856835067272186 27.412903554737568 109.74169635400176 28.825991332530975 30.587304271757603 21.318501576781273 61.334013715386391 19.758404217660427 37.110104754567146 172.59379276260734 27.853092841804028 47.965538136661053 35.417754832655191 20.710248611867428 212.75932257995009
leaf_count=7700 720 995 83 470 909 327 633 99 194 858 195 125 280 112 448 258 206 738 157 188 128 441 98 204 1081 128 238 226 142 1161
internal_value=0.000369994 0.00285441 0.00141694 0.00240674 0.0106624 -0.00489785 0.000996322 -0.0127843 0.00263708 0.00331136 0.00528986 0.0222299 0.00409964 0.00512289 0.00184132 0.0049547 0.00101498 0.00320254 -0.00448573 0.00983054 0.0254047 0.00286961 0.0182402 0.0126565 -0.00717838 -0.00020842 -0.00526015 0.0110558 0.0125743 0.0144586
internal_weight=2873.24 1938.93 1691.95 1582.49 217.889 57.0472 1364.6 109.466 1138.07 1106.67 899.444 57.8862 841.558 796.728 513.83 450.547 329.836 298.979 138.568 160.411 48.7314 111.68 50.3457 246.98 226.528 64.9632 207.228 282.898 268.887 248.177
internal_count=19542 11842 10515 9696 1319 410 8377 819 6826 6632 5536 320 5216 4936 3295 2847 2214 1956 895 1061 334 727 286 1327 1551 332 1096 1641 1529 1387
cat_boundaries=0 1
cat_threshold=32
is_linear=0
shrinkage=0.03


Tree=78
num_leaves=31
num_cat=1
split_feature=1 9 12 12 14 32 3 5 12 12 29 5 29 16 18 14 16 29 12 13 23 12 12 9 14 10 12 12 18 12
split_gain=40.0652 25.9511 26.0071 36.7164 23.6423 22.2342 29.1577 20.875 20.1859 23.0917 29.8626 30.6736 26.7925 20.5759 19.484 26.6628 19.2188 17.7479 17.4277 17.1712 17.23 16.935 29.6243 18.6839 19.8283 14.5493 16.5544 19.086 17.7011 13.9395
threshold=35.057794570922859 -5.3637900352478018 0.12900000065565112 0.14350000023841861 -0.74500000476837147 0 172.76625061035159 -0.8126716911792754 -0.10600000247359274 -0.71900001168251026 76.836559295654311 -0.63756072521209706 76.484970092773452 -0.4068677276372909 1.2361400127410891 0.8400000035762788 -2.20131504535675 76.836559295654311 0.55149999260902416 48.500000000000007 1.0000000180025095e-35 -0.36599999666213984 -0.26350000500679011 -29.478591918945309 1.0249999761581423 0.31000000238418585 0.42849999666213995 0.15450000017881396 1.0784812569618227 -0.37800000607967371
decision_type=2 2 2 2 2 1 2 2 2 2 2 2 2 2 2 2 2 2 2 2 2 2 2 2 2 2 2 2 2 2
left_child=1 16 29 -4 -2 6 21 -7 9 12 -11 13 -8 -12 15 17 -1 18 -10 20 -16 -6 -23 -24 -25 26 27 -9 -29 -3
right_child=4 2 3 -5 5 7 8 25 14 10 11 -13 -14 -15 19 -17 -18 -19 -20 -21 -22 22 23 24 -26 -27 -28 28 -30 -31
leaf_value=-0.032204696809101194 -0.01585911436899258 -0.0016778490508835169 -0.027975847152475797 0.0067136242424114881 -0.029434194505717593 -7.106786846510299e-05 0.057926559985086168 -0.0084846188988191348 0.02786105503595528 -0.011873793241949277 0.043709349403718741 -0.019569018310519316 -0.0077622844706104754 0.0074828921665263878 0.014051407658120178 -0.011869305556596982 0.001004363634910148 0.0051122163288678619 -0.007965537741621528 -0.020096586206679069 -0.026372814387109058 0.037631196823285064 -0.025584512624731791 -0.0065242500227626048 0.035795623347629812 -0.020827377147408985 -0.032992541061873895 -0.013452010100393616 0.032726755278526976 0.015460179637198182
leaf_weight=14.990616768598555 125.97532837837934 49.071671456098557 35.257354512810707 112.22233553975821 30.054436959326267 251.29979076236486 11.007163740694525 199.29265961423516 120.51319902390242 161.48310552537441 22.005978152155876 21.809225000441074 10.061260491609572 37.860246010124683 52.000630602240562 30.174419924616814 817.14305029064417 64.921469457447529 13.153316609561442 30.828333012759686 10.601706132292746 12.384021475911139 42.236196294426918 93.750570274889469 10.138154454529284 102.99560398980975 19.917679041624069 10.900280740112068 19.991513092070818 319.36362861841917
leaf_count=86 1066 279 173 606 267 1445 65 2040 691 1203 146 236 68 259 333 209 4885 477 75 240 76 78 370 708 53 1085 200 116 184 1701
internal_value=-0.000107077 0.00364806 0.00892733 -0.00171201 -0.00347 -0.00232786 0.00106006 -0.00657546 0.00437378 -0.00177059 -0.00442041 0.0102813 0.0276265 0.0212986 0.0094026 0.0141004 0.000368176 0.018086 0.0243026 -0.00212724 0.00689855 -0.00915821 -0.00515331 -0.00901041 -0.0020925 -0.0113771 -0.00741783 -0.00507173 0.0165215 0.0131792
internal_weight=2853.4 1348.05 515.915 147.48 1505.36 1379.38 774.983 604.398 586.42 264.227 243.159 81.6754 21.0684 59.8662 322.193 228.762 832.134 198.588 133.667 93.4307 62.6023 188.563 158.509 146.125 103.889 353.098 250.102 230.184 30.8918 368.435
internal_count=19420 7730 2759 779 11690 10624 5554 5070 4078 1977 1844 641 133 405 2101 1452 4971 1243 766 649 409 1476 1209 1131 761 3625 2540 2340 300 1980
cat_boundaries=0 1
cat_threshold=36
is_linear=0
shrinkage=0.03


Tree=79
num_leaves=31
num_cat=1
split_feature=17 1 5 28 20 9 12 12 9 12 31 14 28 12 18 12 12 29 3 9 12 12 17 1 18 16 12 10 16 16
split_gain=39.3958 34.9153 26.71 27.1167 27.2539 24.1713 23.231 36.6595 22.4052 21.3889 20.8209 19.9241 20.799 20.1561 28.2857 18.4747 40.6904 20.7039 16.7871 20.3537 16.7638 26.384 24.1079 19.2699 15.9704 17.1813 22.456 17.7882 15.9636 18.6284
threshold=1.5727599859237673 35.057794570922859 -0.8126716911792754 20.863806724548343 1.0000000180025095e-35 -5.6913642883300772 0.12900000065565112 0.13949999958276751 -70.359115600585923 -0.33699999749660486 0 0.69499999284744274 18.767070770263675 -0.090500000864267335 1.4765700101852419 0.049999998882412917 0.21900000423192981 76.836559295654311 172.76625061035159 -21.851166725158688 -0.00450000021373853 -0.2145000025629997 0.97211340069770824 198.55711364746097 2.2008477449417119 -1.5345587134361265 -0.16650000214576718 -0.12499999627470969 -0.34565572440624232 -0.63776403665542591
decision_type=2 2 2 2 2 2 2 2 2 2 1 2 2 2 2 2 2 2 2 2 2 2 2 2 2 2 2 2 2 2
left_child=1 5 10 4 11 24 -7 -8 -2 -10 20 13 -13 -4 18 28 17 -17 19 -15 21 22 -3 -23 25 26 -1 -28 29 -12
right_child=8 2 3 -5 -6 6 7 -9 9 -11 15 12 -14 14 -16 16 -18 -19 -20 -21 -22 23 -24 -25 -26 -27 27 -29 -30 -31
leaf_value=0.052707771184318845 -0.014565039237807357 -0.0029698403503704077 -0.010914550027999235 -0.013159428106688796 -0.020362266203073152 0.011639643661214186 -0.042287916613116802 0.0031027140223250636 -0.0055655473427243174 0.023969583580262202 -0.015972260600178183 7.3515457341712952e-05 0.040610970812729873 -0.03051335002398366 -0.032421995381989678 0.040792387370776749 -0.0093582226307913404 -0.0069112295309443185 0.015252212565297851 0.0067995690697903637 -0.0018484813993372966 0.018005355150444585 0.042420836438303008 0.058058186515943438 -0.018406361226999943 -0.0012050252481833872 0.030912211973832357 -0.0087551645774715334 -0.020337174133709075 0.01873908565391099
leaf_weight=10.947959885001181 20.810728572309017 90.631765387952328 130.18828054517508 431.6491114012897 63.892977304756641 350.82694318890572 17.388986833393574 123.20766314119101 26.967331923544407 112.73362689465284 28.99553906172514 24.057768732309341 20.641958892345428 17.748224757611752 16.039413936436176 28.27287682890892 79.431828610599041 11.006997562944887 107.10461861640215 43.272862643003464 141.15516218543053 56.655781306326389 10.901608884334562 12.949218854308127 43.593026839196682 680.31435896456242 15.086609393358229 26.844158075749874 93.022531345486641 24.955277897417545
leaf_count=68 127 513 1066 4667 614 1868 91 658 151 589 208 163 115 136 127 145 519 67 665 262 815 304 50 62 290 4105 76 166 676 142
internal_value=-0.000444359 -0.00130459 -0.00451253 -0.0078782 -0.00246998 0.00231982 0.00751972 -0.0027702 0.0139483 0.0182692 0.000468946 0.000761638 0.0192724 -0.00192328 0.00445736 -0.00558918 0.0029941 0.0275852 0.0081466 -0.00437004 0.00562323 0.0120875 0.00226994 0.0261735 -0.000975273 8.47758e-05 0.0163932 0.00590468 -0.0128731 0.000132511
internal_weight=2861.3 2700.78 1432.57 854.595 422.946 1268.21 491.424 140.597 160.512 139.701 577.979 359.053 44.6997 314.353 184.165 265.685 118.712 39.2799 168.126 61.0211 312.294 171.138 101.533 69.605 776.786 733.193 52.8787 41.9308 146.973 53.9508
internal_count=19505 18638 11316 7815 3148 7322 2617 749 867 740 3501 2534 278 2256 1190 1757 731 212 1063 398 1744 929 563 366 4705 4415 310 242 1026 350
cat_boundaries=0 1
cat_threshold=10
is_linear=0
shrinkage=0.03


Tree=80
num_leaves=31
num_cat=0
split_feature=1 29 9 10 5 29 29 29 10 10 20 16 10 13 18 9 8 5 10 10 2 4 10 8 5 13 4 16 5 3
split_gain=39.7909 20.9258 20.7306 18.9942 16.3987 25.8699 14.7938 12.7118 12.7092 19.4939 13.0733 17.2874 16.2826 24.6922 19.3679 12.5664 12.327 13.3533 18.6754 15.3127 16.5392 13.8342 13.3714 11.9489 11.4805 11.4188 10.9305 16.3574 12.2673 16.7356
threshold=34.44148254394532 86.164299011230483 -9.13586378097534 -0.67500001192092884 -0.88134551048278797 76.836559295654311 76.836559295654311 84.152141571044936 0.32999999821186071 -0.074999999254941926 1.0000000180025095e-35 -0.66705372929573048 0.12499999627470972 48.500000000000007 1.4092208147048952 -6.0157892704010001 -59.503492355346673 -0.38118652999401087 0.35999999940395361 0.095000002533197417 14.753347396850588 252.50000000000003 0.49500000476837164 -6.9016656875610343 0.12431468442082406 50.500000000000007 2.5000000000000004 1.2043771743774416 0.038674917072057731 164.46697235107425
decision_type=2 2 2 2 2 2 2 2 2 2 2 2 2 2 2 2 2 2 2 2 2 10 2 2 2 2 10 2 2 2
left_child=2 4 -1 -4 6 26 15 16 9 24 11 -11 13 -13 -15 -2 25 -18 19 21 -21 -19 -20 -24 -7 -5 28 -28 -6 -30
right_child=1 -3 3 7 5 8 -8 -9 -10 10 -12 12 -14 14 -16 -17 17 18 22 20 -22 -23 23 -25 -26 -27 27 -29 29 -31
leaf_value=-0.00011232419649799313 -0.011958533195259927 -0.022320183933483444 -0.0059257793171045257 -0.01874152694492669 -0.0096447852413255857 -0.018283068006846554 0.0074345943990583845 -0.014911547243766645 -0.020508755718541233 0.031736716379088009 -0.018496031406442612 -0.0051801014513267922 -0.010178383170458339 0.077395471182830883 0.007463268263174035 0.0022196784390430217 0.027383465543421893 0.013600702460592388 0.03285752321822788 0.0049966499083028961 -0.019340959242239032 -0.010963094653977632 -0.010155177679897199 0.01721242280641155 0.0015316103300477705 0.011759225060406293 0.0038849061248513164 -0.027219826021860492 -0.00291267794910162 0.031101063803079712
leaf_weight=694.47308987379074 92.546312890946865 51.082604117691517 83.485520415008068 23.667379394173622 193.31550775468349 139.70009714737535 216.25888111442327 17.93286544829607 95.595217764377594 17.44554103910923 24.760067529976368 20.690259300172329 55.312597811222076 6.922102823853491 6.9088580086827278 140.52741572260857 42.911532945930958 175.5642459243536 42.485251225531101 74.762902528047562 36.639827288687229 22.610742628574371 16.51330429315567 85.78845340013504 32.19027491658926 19.098683834075928 321.71589284390211 14.975719630718229 57.807122439146042 15.75151740759611
leaf_count=4280 565 601 422 150 1717 1554 1140 90 1001 154 287 211 536 57 64 787 210 884 266 369 218 102 84 493 254 106 2219 99 433 106
internal_value=-0.000285549 -0.00363204 0.00348061 0.00736459 -0.00295986 -0.0050918 0.00180023 0.00936017 -0.0110032 -0.007956 0.000718387 0.00528293 -0.000147171 0.0157597 0.0453215 -0.00343709 0.0101922 0.0115205 0.00996548 0.0057735 -0.00310873 0.0107571 0.0188275 0.0127393 -0.0145849 -0.00516289 -0.00116706 0.00242489 -0.00569083 0.00469032
internal_weight=2839.44 1503.51 1335.93 641.461 1452.42 1003.09 449.333 557.975 399.525 303.93 132.039 107.279 89.8338 34.5212 13.831 233.074 540.042 497.276 454.365 309.578 111.403 198.175 144.787 102.302 171.89 42.7661 603.566 336.692 266.874 73.5586
internal_count=19459 11785 7674 3394 11184 8692 2492 2972 4118 3117 1309 1022 868 332 121 1352 2882 2626 2416 1573 587 986 843 577 1808 256 4574 2318 2256 539
is_linear=0
shrinkage=0.03


Tree=81
num_leaves=31
num_cat=1
split_feature=5 18 29 17 18 14 14 14 29 6 16 12 28 32 18 8 12 18 16 14 16 5 2 16 18 16 29 16 5 11
split_gain=35.6741 27.6894 25.971 25.7698 26.8471 25.0637 19.625 26.1709 23.0312 27.659 35.1847 36.2884 34.249 27.9008 30.8147 26.7515 26.3116 25.32 25.1614 25.6844 23.1327 22.509 20.9557 20.6565 20.3063 24.4851 18.5923 18.1532 22.3985 18.3021
threshold=0.63088810443878185 2.7290999889373784 86.164299011230483 -1.2670373916625974 2.2589294910430913 0.70499998331069957 -0.68500000238418568 -0.56999999284744252 75.224540710449233 -0.92772412300109852 -0.19112948328256604 0.52799999713897716 20.863806724548343 0 0.741478592157364 -38.442935943603509 -0.10600000247359274 1.4026598930358889 0.070914063602685942 0.90500000119209301 -0.62602889537811268 -0.98902499675750721 283.82049560546881 0.21549604833126071 1.7864649891853335 0.40636359155178076 84.152141571044936 -1.0147862434387205 -0.91865202784538258 76.500000000000014
decision_type=2 2 2 2 2 2 2 2 2 2 2 2 2 1 2 2 2 2 2 2 2 2 2 2 2 2 2 2 2 2
left_child=1 2 3 5 6 -1 21 27 -9 12 11 13 18 20 15 -15 -12 -14 19 -10 22 -5 -11 -18 25 -25 -2 -8 -29 -30
right_child=26 -3 -4 4 -6 -7 7 8 9 10 16 -13 17 14 -16 -17 23 -19 -20 -21 -22 -23 -24 24 -26 -27 -28 28 29 -31
leaf_value=-0.018147872148735519 0.013266975850154234 0.025405924299628069 -0.022761697931800794 0.026881345026281606 -0.017787574536767603 0.015251065548154872 0.042593713525187676 0.016516208534455991 -0.0099530414357662609 0.031230035829806851 -0.0086589797851913067 -0.018377460666382569 -0.020225042957312211 -0.012623941144021553 -0.002555344088776672 0.028793596911187044 -0.0085414835102686926 -0.00045154783293592857 0.013548006574662867 0.035103684228697404 0.0057045193859066251 -0.010653698850404269 0.0064888973422668663 0.019191967975253691 0.027613299762653191 -0.0008621905080639249 -0.016579152627369378 0.027220623704654764 0.011962136524069905 -0.022132927811500527
leaf_weight=125.6590699031949 234.03237117826939 34.618050917983055 48.438634168356657 14.527443967759607 73.236802652478218 23.2728141695261 17.623770587146282 77.818705677986145 129.4185678511858 114.18635158240795 317.60892812907696 43.678317293524742 172.52722835913301 17.613566383719444 220.85710709542036 59.79199031740427 112.45342416316271 87.827920287847519 99.801454722881317 11.49731285125017 94.265506699681282 202.04905398190022 42.907857164740562 70.047471702098846 34.806041374802589 239.18136458843946 19.573423564434052 38.899110212922096 33.446288898587227 23.082532115280628
leaf_count=1092 1283 174 585 68 457 140 113 447 1047 633 2304 311 1687 104 1368 330 758 709 633 69 621 1546 323 365 180 1481 94 184 223 163
internal_value=0.000193627 -0.00086285 -0.00122979 -0.000803335 -3.36987e-05 -0.0128619 0.000545165 0.00144982 0.000631006 -3.90668e-05 0.00217069 0.00766124 -0.00606169 0.00976014 0.00306704 0.0193283 -0.00204195 -0.0135819 0.00209459 -0.00605542 0.0168686 -0.00802396 0.0245562 0.00257082 0.00621729 0.00372776 0.0109074 0.0154173 0.0100086 -0.0021027
internal_weight=2834.75 2581.14 2546.52 2498.09 2349.15 148.932 2275.92 2059.34 1946.29 1868.47 1367.4 593.301 501.072 549.622 298.263 77.4056 774.097 260.355 240.717 140.916 251.36 216.576 157.094 456.488 344.035 309.229 253.606 113.052 95.4279 56.5288
internal_count=19492 18115 17941 17356 16124 1232 15667 14053 13370 12923 8778 3690 4145 3379 1802 434 5088 2396 1749 1116 1577 1614 956 2784 2026 1846 1377 683 570 386
cat_boundaries=0 1
cat_threshold=56
is_linear=0
shrinkage=0.03


Tree=82
num_leaves=31
num_cat=0
split_feature=18 29 5 18 18 17 14 5 27 6 14 18 13 5 16 1 28 16 17 17 9 29 14 0 17 18 6 28 13 29
split_gain=29.3906 26.3837 27.4438 24.4135 28.4192 19.9252 21.0251 23.0057 27.5458 22.1028 20.787 31.1011 22.2464 19.0777 21.1189 20.9457 26.6641 19.7886 18.34 18.2945 18.0347 17.1743 15.7547 14.3867 13.8338 13.8145 13.1907 20.2065 14.8807 18.8775
threshold=2.7290999889373784 86.164299011230483 0.63088810443878185 2.1211340427398686 2.0718435049057011 -0.34192450344562525 -0.6599999964237212 -0.98902499675750721 1.0000000180025095e-35 -0.96645781397819508 -0.34499999880790705 0.244099996984005 43.500000000000007 -0.63756072521209706 -0.34565572440624232 23.503627777099613 24.009605407714847 -0.37346102297306055 -0.30468432605266565 -0.37786428630352015 -22.570696830749508 75.522090911865249 -0.79499998688697804 25.566171646118168 1.1189950108528139 0.30128292739391332 -0.92449048161506642 20.863806724548343 40.500000000000007 76.34873199462892
decision_type=2 2 2 2 2 2 2 2 2 2 2 2 2 2 2 2 2 2 2 2 2 2 2 2 2 2 2 2 2 2
left_child=1 2 3 4 5 19 7 -7 -9 -10 26 -12 13 17 21 16 24 -13 -14 -1 -5 -15 -4 -19 -16 -20 27 -8 29 -28
right_child=-2 -3 22 20 -6 6 10 8 9 -11 11 12 18 14 15 -17 -18 23 25 -21 -22 -23 -24 -25 -26 -27 28 -29 -30 -31
leaf_value=-0.0034702238743092814 0.021483868018062111 -0.020869594090523386 -0.015591300773340231 -0.026226884321020869 0.031543848012638979 0.032409880050456183 0.014295359427889955 -0.018210674631325193 0.042889171037988123 -0.0057778049146323561 -0.016463378438660404 -0.011038287629203603 0.028485867843240961 0.04124012722483552 -0.01998628672587564 -0.022984357554797052 0.032583250033949282 0.027443158977808007 0.021042504263979116 -0.025533293097273292 -0.0042327666708047128 -0.00096088239179937141 0.012288255544880401 0.0037988296117386741 0.01468404472232755 0.0033926924522688436 0.047298513559204926 -0.025577917601966791 0.008700959534108833 0.011718243520906375
leaf_weight=744.47266774624586 55.056284472346306 54.84165421500802 19.126937702298164 55.43559643253684 24.07089164853096 10.5504252910614 24.93511027097702 122.36250658705831 12.05086164921522 23.008683748543262 83.809171341359615 46.831283442676067 29.039310097694397 9.5623525902628881 40.517996326088905 100.08407980203629 15.010913722217081 35.553071424365044 41.657914899289608 34.477396219968796 83.933266550302505 48.439563825726509 209.14482299238443 64.287235587835312 12.991703376173971 634.97133024036884 23.739857576787472 19.486415334045887 116.89982344210148 31.318480148911476
leaf_count=6094 295 627 89 427 152 47 136 935 71 160 612 278 171 49 236 865 77 181 218 286 531 396 1144 394 59 3873 120 166 596 190
internal_value=-2.25809e-05 -0.00045723 -3.78064e-05 -0.000952137 -0.000226131 -0.000568312 0.00140192 -0.00858805 -0.011523 0.0116758 0.00262399 0.00103114 0.00240404 -0.00351274 -0.00895367 -0.0143039 -0.00147651 0.00489716 0.00553439 -0.00447825 -0.0131057 0.00657753 0.00989441 0.0124072 -0.0114537 0.00450878 0.0111393 -0.00337391 0.0148864 0.0276297
internal_weight=2827.67 2772.61 2717.77 2489.5 2350.13 2326.06 1547.11 167.972 157.422 35.0595 1379.14 1162.76 1078.95 373.278 226.607 168.605 68.5206 146.672 705.669 778.95 139.369 58.0019 228.272 99.8403 53.5097 676.629 216.38 44.4215 171.958 55.0583
internal_count=19475 19180 18553 17320 16362 16210 9830 1213 1166 231 8617 7409 6797 2535 1682 1237 372 853 4262 6380 958 445 1233 575 295 4091 1208 302 906 310
is_linear=0
shrinkage=0.03


Tree=83
num_leaves=31
num_cat=2
split_feature=1 17 17 31 9 10 14 4 14 10 10 3 32 27 29 11 10 23 13 18 5 3 18 18 11 24 5 5 5 1
split_gain=37.7955 22.7871 19.6102 18.5064 17.942 20.1978 16.9971 16.9253 16.4392 18.008 27.8669 24.1174 21.7578 21.1622 21.3336 17.0678 16.6542 15.6628 19.4243 14.4179 14.3412 14.9665 14.2152 24.7804 22.6166 19.0481 17.305 14.0346 13.7843 13.7077
threshold=36.366125106811531 1.5727599859237673 0.40543007850646978 0 -3.7271519899368282 -1.014999985694885 0.34499999880790716 64.500000000000014 -1.0349999666213987 -0.35500000417232508 -0.42000000178813929 172.76625061035159 1 1.0000000180025095e-35 78.088207244873061 74.500000000000014 -0.91499999165534962 1.0000000180025095e-35 43.500000000000007 1.1554906964302065 -0.4591448307037353 480.61811828613287 1.0976158976554873 0.6304229497909547 86.500000000000014 1.0000000180025095e-35 -0.49655652046203608 -0.98097097873687733 -0.78753387928009022 9.0528583526611346
decision_type=2 2 2 1 2 2 2 10 2 2 2 2 1 2 2 2 2 2 2 2 2 2 2 2 2 2 2 2 2 2
left_child=2 8 3 -1 5 -5 -3 20 16 10 13 -11 -13 15 19 -10 -2 22 -19 -15 21 -6 23 24 -7 26 -25 -17 -14 -9
right_child=1 6 -4 4 7 17 -8 29 9 11 -12 12 28 14 -16 27 -18 18 -20 -21 -22 -23 -24 25 -26 -27 -28 -29 -30 -31
leaf_value=0.0089273147809703253 0.0073275536554231789 0.0023866766277227274 0.0086340824312467826 0.035866418537728498 0.031029801055288294 -0.020881668719258988 0.033784125192484131 0.020150867376395175 0.0051266855018405975 -0.013562692748594602 0.023423964890554507 0.00070037976326036832 -0.0035507086698241758 0.0058325178893536191 -0.018055200017382048 0.0056889990457443052 -0.023983325475285509 -0.01433270783309646 0.021384559652540939 0.047142965204970445 -0.011987115883631735 -0.0020221914723976401 -0.012897371473077226 0.019996161765373881 0.018544482143231442 0.036031475935530119 -0.0059304909051132093 -0.025132030562607318 -0.017229913304392511 -0.0075868133672308512
leaf_weight=197.48522531241179 19.359519459307194 43.078406974673271 470.73419289290905 9.9602103829383832 17.612674601376057 72.631326634436846 23.403931245207787 81.72278693318367 51.919110953807831 223.87369943037629 52.635447520762682 600.76551679521799 146.0756999514997 13.798024922609331 10.952273104339836 17.311750866472721 65.259772714227438 20.142194658517838 38.465145654976368 16.856636427342892 59.948343493044376 36.20012790709734 209.06049399077892 32.4604182690382 15.11123840510845 16.27752560377121 74.402813866734505 52.060446709394455 121.42094856128097 19.327578045427799
leaf_count=1125 128 264 2469 51 93 448 116 444 427 2024 358 4340 905 90 83 92 607 145 224 85 365 197 1415 209 76 89 515 468 1582 94
internal_value=0.000104729 -0.00325571 0.00367866 0.0010824 -0.00123907 -0.00443204 0.0137764 0.00595168 -0.00407831 -0.0032417 0.00466734 -0.0048054 -0.0025344 -0.00149921 0.0167185 -0.00783409 -0.016818 -0.00534383 0.00907472 0.0293203 -0.00198911 0.00916432 -0.00737286 -0.00186108 -0.0139591 0.00680227 0.00205727 -0.0174691 -0.00944904 0.0148232
internal_weight=2830.31 1458.77 1371.54 900.808 703.323 488.511 66.4823 214.812 1392.29 1307.67 215.534 1092.14 868.262 162.898 41.6069 121.291 84.6193 478.551 58.6073 30.6547 113.761 53.8128 419.944 210.883 87.7426 123.141 106.863 69.3722 267.497 101.05
internal_count=19528 11569 7959 5490 4365 3172 380 1193 11189 10454 1603 8851 6827 1245 258 987 735 3121 369 175 655 290 2752 1337 524 813 724 560 2487 538
cat_boundaries=0 1 2
cat_threshold=8 44
is_linear=0
shrinkage=0.03


Tree=84
num_leaves=31
num_cat=0
split_feature=5 17 12 10 10 17 12 5 18 12 18 29 29 12 18 9 12 1 8 11 27 2 29 20 8 12 1 29 12 17
split_gain=29.1558 22.4748 22.9906 24.3611 21.0043 20.8102 22.9076 22.1889 31.3608 20.0908 19.8056 17.9426 16.4423 15.9394 15.4509 27.6857 22.7398 24.1313 16.7147 15.7771 19.0582 15.3086 19.7271 17.4938 15.2539 15.1727 14.4444 13.2074 12.9749 12.7963
threshold=0.63088810443878185 -1.2670373916625974 -0.37800000607967371 0.24000000208616259 0.49500000476837164 1.5727599859237673 0.42849999666213995 -0.98902499675750721 1.6757197976112368 -0.48800000548362726 2.3088001012802128 86.164299011230483 78.088207244873061 -0.35050000250339503 1.637889087200165 -84.579589843749986 -0.16650000214576718 14.61003351211548 -8.3676824569702131 76.500000000000014 1.0000000180025095e-35 7.8629119396209726 77.10886383056642 1.0000000180025095e-35 -23.148235321044918 0.12900000065565112 2.130683541297913 78.088207244873061 -0.030999999493360516 1.3981143236160281
decision_type=2 2 2 2 2 2 2 2 2 2 2 2 2 2 2 2 2 2 2 2 2 2 2 2 2 2 2 2 2 2
left_child=1 4 3 -3 12 6 7 8 -4 24 11 13 -1 27 29 25 19 18 26 -17 -21 23 -23 -2 -5 -16 -18 -9 -14 -15
right_child=21 2 5 9 -6 -7 -8 10 -10 -11 -12 -13 28 14 15 16 17 -19 -20 20 -22 22 -24 -25 -26 -27 -28 -29 -30 -31
leaf_value=-0.024320381747455832 0.018982861864105065 -0.014015399713182022 0.023233127379631888 -0.0034148044139436866 0.011157898890555488 0.013150254853069863 -0.0090345909133697205 0.0079614743569856785 -0.017694116214020474 -0.01212495140197154 -0.021834378883694109 -0.022293924002090851 0.016754048195950281 -5.7476345444791976e-05 0.015982360507117654 0.046763025018783121 -0.022290075439316184 -0.012234622589295233 0.029758628056400858 -0.01525150158699941 0.037673357875546626 0.011932160996258115 -0.016000644637415937 -0.010014554938891772 0.021418346673208445 0.061278769463552742 0.019601350964123552 0.040063258810011493 -0.019163838917877093 -0.033763441749097345
leaf_weight=87.413624156266451 142.08150984346867 202.38510805368423 81.262396343052387 38.539514273405075 27.662914846092463 118.71953290700912 211.51167681068182 44.231490291655064 20.399576976895332 54.517662644386292 33.818455655127764 28.137547064572573 18.54131130874157 1311.1430013738573 16.724591828882698 15.271694481372831 14.999298989772798 80.249051637947559 26.994654700160027 13.318802930414677 9.7625274732708931 51.696555003523827 39.048279479146004 20.907215058803558 50.936330489814281 11.286666393280028 12.812049046158789 14.960959672927855 15.862143527716396 9.2160836234688741
leaf_count=806 833 1710 366 279 191 637 1465 316 103 453 236 372 145 9146 102 95 82 594 127 104 58 264 186 108 319 55 71 98 144 69
internal_value=7.28613e-05 -0.000886125 -0.000186874 -0.00733005 -0.0121357 0.00100859 0.000265349 0.00139739 0.0149283 0.00209817 0.000551548 0.0010353 -0.0174731 0.00146433 0.000864851 0.0085828 0.00402006 -0.00181441 0.0133891 0.0240894 0.00776856 0.00975408 -0.000130956 0.0152249 0.0108026 0.0357169 -0.00298114 0.016606 0.00012012 -0.000318117
internal_weight=2824.41 2570.68 2421.2 346.379 149.48 2074.82 1956.1 1744.59 101.662 143.994 1642.93 1609.11 121.817 1580.97 1521.78 201.419 173.408 135.055 54.806 38.353 23.0813 253.734 90.7448 162.989 89.4758 28.0113 27.8113 59.1924 34.4035 1320.36
internal_count=19534 18143 16857 2761 1286 14096 13459 11994 469 1051 11525 11289 1095 10917 10503 1288 1131 874 280 257 162 1391 450 941 598 157 153 414 289 9215
is_linear=0
shrinkage=0.03


Tree=85
num_leaves=31
num_cat=1
split_feature=17 12 5 18 5 9 14 14 12 14 27 6 18 18 16 3 32 16 12 17 3 4 14 14 8 12 12 17 4 14
split_gain=30.4976 23.5606 25.6661 35.5523 24.6555 20.6611 20.3304 19.591 18.5775 18.9684 26.6056 25.604 19.4152 18.2295 17.6101 17.2732 16.7725 39.7458 28.6413 19.1198 18.8593 20.0903 18.2246 16.8041 15.8655 14.8087 21.2194 17.9559 16.2626 14.1235
threshold=1.0372433662414553 -0.37800000607967371 -0.98902499675750721 1.5307921171188357 0.69509023427963268 -70.359115600585923 -0.11999999731779097 1.0949999690055849 0.42849999666213995 -0.68500000238418568 1.0000000180025095e-35 -0.90877163410186756 2.2589294910430913 1.3875417709350588 -0.41888260841369623 233.607048034668 0 -0.34565572440624232 -0.13650000095367429 -0.99373286962509144 813.30935668945324 147.50000000000003 0.70499998331069957 0.12999999895691874 16.970341682434086 0.035499999299645431 0.12500000000000003 0.71210753917694103 18.500000000000004 -0.56999999284744252
decision_type=2 2 2 2 2 2 2 2 2 2 2 2 2 2 2 2 1 2 2 2 2 10 2 2 2 2 2 2 10 2
left_child=1 7 3 24 8 -2 13 15 9 10 -4 -11 16 -7 -15 -1 17 18 22 -18 21 25 -13 -20 -3 -21 28 -28 -27 -19
right_child=5 2 4 -5 -6 6 -8 -9 -10 11 -12 12 -14 14 -16 -17 19 29 23 20 -22 -23 -24 -25 -26 26 27 -29 -30 -31
leaf_value=-0.023719181790422032 -0.01041465464827019 0.012972966958120379 -0.014179041411995011 -0.018697517085656236 0.015078141957432024 0.025927608244693541 0.015002603108690877 0.010441662839969855 -0.010571524950439516 -0.0049447397806045429 0.016043740495188041 0.039082756988499986 -0.020563819650862618 0.0088487094570127277 -0.017258857548425627 -0.0070745733247956693 -0.01426771183794005 0.020396682769969986 -0.0035331458129151745 0.0011274119021581377 -0.023262279554649334 -0.010061330375743891 0.00034929485499008008 0.019818380163141126 0.039362114817904574 0.034037341727148111 0.0084841226649208078 -0.031318101607510897 0.0038134432696629757 -0.0027455788995079753
leaf_weight=77.559064321219921 49.635981280356646 73.811949640512466 166.53966765105724 25.060282848775387 80.648401185870171 18.471757333725691 240.27927477285266 40.191026475280523 192.28818420320749 521.12861643359065 30.215125761926174 64.769232988357544 28.769772447645664 40.232976004481316 52.596422787755728 201.63669789582491 68.190514147281647 26.019890114665031 51.99849346280098 189.28371457010508 23.005388308316469 74.411356665194035 13.134076468646525 57.809917315840721 28.405949436128139 53.005882777273655 87.971411176025867 10.53429840505123 23.172926560044289 194.17555300146341
leaf_count=691 309 339 1346 168 452 92 1358 234 1421 4395 180 401 169 218 327 1663 553 155 323 1221 185 358 82 336 127 307 545 64 125 1316
internal_value=-9.50786e-05 -0.00137393 -0.000209618 0.0127906 -0.00106119 0.00755107 0.0101098 -0.008948 -0.00176251 -0.000751057 -0.00948015 0.000409244 0.00329893 -0.000492411 -0.00596992 -0.0117665 0.00405237 0.00851953 0.0188311 0.000433223 0.00264148 0.00405071 0.0326397 0.00882844 0.0206167 0.00695551 0.0132283 0.00395567 0.025012 6.89266e-05
internal_weight=2804.95 2403.74 2084.35 127.278 1957.07 401.216 351.58 319.387 1876.42 1684.14 196.755 1487.38 966.252 111.301 92.8294 279.196 937.483 407.907 187.712 529.575 461.385 438.38 77.9033 109.808 102.218 363.968 174.685 98.5057 76.1788 220.195
internal_count=19460 17156 14568 634 13934 2304 1995 2588 13482 12061 1526 10535 6140 637 545 2354 5971 2613 1142 3358 2805 2620 483 659 466 2262 1041 609 432 1471
cat_boundaries=0 1
cat_threshold=56
is_linear=0
shrinkage=0.03


Tree=86
num_leaves=31
num_cat=0
split_feature=12 12 5 17 5 10 13 14 28 2 17 14 28 10 6 8 10 16 12 4 12 17 6 10 16 10 27 11 11 2
split_gain=29.8878 28.367 27.9783 28.6822 27.1984 24.8209 24.7626 22.2746 20.1599 23.9149 19.8461 19.7537 17.3228 17.0384 15.7322 15.4258 14.729 27.6351 14.0935 13.7634 13.0397 12.6872 18.2704 16.6878 46.7005 39.8855 22.641 48.1403 22.1256 21.7005
threshold=-0.37800000607967371 -0.52750000357627858 0.59747540950775158 -1.2670373916625974 -0.98902499675750721 -0.12499999627470969 32.500000000000007 -1.0349999666213987 25.763958930969242 29.897008895874027 0.76505395770072948 0.70499998331069957 24.994574546813968 0.95499998331069957 -0.85020262002944935 23.984689712524418 0.080000001937150969 0.73820891976356517 0.092000000178813948 215.50000000000003 0.34650000929832464 1.5727599859237673 -0.99887409806251515 -0.35500000417232508 -1.3644295930862425 -0.37499999999999994 1.0000000180025095e-35 76.500000000000014 78.500000000000014 4.2702307701110849
decision_type=2 2 2 2 2 2 2 2 2 2 2 2 2 2 2 2 2 2 2 10 2 2 2 2 2 2 2 2 2 2
left_child=1 16 3 11 10 -4 -3 -6 13 -10 15 -2 -8 21 -14 20 17 -1 -7 -15 -5 22 -9 24 -24 26 27 -26 -28 -29
right_child=2 6 5 4 7 18 12 8 9 -11 -12 -13 14 19 -16 -17 -18 -19 -20 -21 -22 -23 23 -25 25 -27 28 29 -30 -31
leaf_value=-0.025955334206971263 -0.01915589913738314 0.033369278739450836 -0.00029891726587107808 0.019233869118163612 -0.016839487400904785 0.022752875657649205 -0.024999476963677825 -0.012029429777212254 0.019213722278220192 -0.015990836248120657 -0.0121231298911447 0.012834590773792129 -0.0255358568069779 -0.01163830398587117 0.013321429601484872 0.038833181414200897 0.0048576521225958983 0.017451680774323925 0.0061643489783476365 0.023764999449739397 -0.0088672782159089237 0.012914065156470889 0.036641690625064498 0.00051154482231194061 0.012300786954022383 0.034266622934298274 -0.0035968902457990813 0.0089584468486356705 0.034313587226343797 -0.02488242555848574
leaf_weight=41.976879812777042 106.07080376148224 7.4613146334886542 145.1569357663393 59.849776491522789 68.978749450296164 114.85171450674534 123.63279090076685 83.274178639054298 19.574030503630638 114.31035542860627 20.954934552311897 20.008452799171209 14.272102251648901 124.25143629312515 23.308644682168961 26.50163696706295 141.28418806195259 18.229288339614868 78.172308027744293 9.8033029362559301 19.004094377160072 92.82158874720335 44.148556903004646 1028.3242509812117 78.10704380273819 32.677162922918797 26.144076690077782 20.562831208109856 28.0695840716362 87.756182983517647
leaf_count=333 1016 45 702 275 650 700 1144 757 105 1133 99 125 174 834 184 123 954 101 419 49 89 482 235 7133 550 173 157 97 148 629
internal_value=-0.000117785 -0.00805112 0.00108395 -0.000200852 0.000683327 0.00908163 -0.017089 -0.000235317 0.000413644 -0.0107396 0.0140979 -0.014018 -0.0196156 0.00132133 -0.00171485 0.0193781 -0.000438188 -0.0127421 0.0161011 -0.0088925 0.0124351 0.00222626 0.00152352 0.00237045 0.00837123 0.00368781 -0.000589197 -0.0055607 0.0162976 -0.018435
internal_weight=2819.54 370.165 2449.37 2111.19 1985.11 338.181 168.675 1858.8 1789.82 133.884 126.31 126.079 161.214 1655.94 37.5807 105.356 201.49 60.2062 193.024 134.055 78.8539 1521.89 1429.06 1345.79 317.465 273.317 240.64 186.426 54.2137 108.319
internal_count=19615 2935 16680 14859 13718 1821 1547 13132 12482 1238 586 1141 1502 11244 358 487 1388 434 1119 883 364 10361 9879 9122 1989 1754 1581 1276 305 726
is_linear=0
shrinkage=0.03


Tree=87
num_leaves=31
num_cat=1
split_feature=17 17 4 31 13 13 6 28 10 10 2 10 16 10 16 16 18 20 13 10 20 17 6 9 9 17 6 9 1 10
split_gain=25.2421 22.3954 19.3622 18.4822 17.982 17.4143 16.4576 17.0763 15.8967 34.3069 27.1308 26.9175 26.5069 27.4123 23.9445 18.8053 18.6502 23.2997 16.8087 16.7129 26.648 20.4576 17.2261 15.9321 15.7436 15.7324 19.6699 17.0751 15.1768 14.6729
threshold=-0.34192450344562525 -0.38627845048904413 57.500000000000007 0 43.500000000000007 32.500000000000007 -0.27338597923517222 24.994574546813968 -0.094999998807907091 0.080000001937150969 101.48119354248048 -0.21000000089406964 0.037843300029635436 0.28499999642372137 -1.1317122578620908 -1.1081970334053037 1.3875417709350588 1.0000000180025095e-35 52.500000000000007 0.22500000149011615 1.0000000180025095e-35 1.3122850060462954 -0.27338597923517222 -40.349740982055657 -3.7271519899368282 1.1736132502555849 -0.90877163410186756 -56.249256134033196 91.024322509765639 0.7150000035762788
decision_type=2 2 10 1 2 2 2 2 2 2 2 2 2 2 2 2 2 2 2 2 2 2 2 2 2 2 2 2 2 2
left_child=1 2 6 -2 5 -5 -1 -8 11 14 12 15 13 -11 -10 23 17 -17 -16 -12 21 -21 -23 -6 -4 26 -7 -27 -20 -15
right_child=3 -3 24 4 8 25 7 -9 9 10 19 -13 -14 29 18 16 -18 -19 28 20 -22 22 -24 -25 -26 27 -28 -29 -30 -31
leaf_value=-0.0073829153402869005 -0.0099743313026369601 -0.024469337117255643 -0.0005787939984182273 0.013918573720452439 -0.020008430054447156 -0.014947466269281935 -0.0017299607936627265 0.024837615945660755 -0.0082829890530342065 -0.011164978474263039 0.011503603765585806 -0.017526741322569726 0.020789595805854034 0.027177502352692322 0.015905539665118533 0.0071560216193975101 -0.013680889415711692 -0.020452704552437039 0.029772282884609053 -0.013102730961961455 0.025880961664812539 -0.012568051232034871 0.033590919467371139 0.019922521540950148 0.016084076305702216 -0.01289612805697336 -0.0010972055696364588 0.015463141459855778 0.06863518715545941 0.0033286786315900423
leaf_weight=533.88022915646434 91.741709250956774 43.049230426549911 154.2383127361536 61.92302967607975 9.2645888701081258 129.3099770359695 82.104766830801964 28.575924664735794 16.790153376758099 68.468991473317146 68.044618912041187 59.680783040821552 145.91261364519596 39.981533415615559 41.103202998638153 239.61160650476813 65.868772439658642 30.088896185159683 31.692285448312759 163.16125044971704 20.949475690722466 11.907162271440031 16.172074198722839 82.974649406969547 75.218318030238152 24.992059789597988 316.86619126424193 72.318166211247444 13.896068997681139 54.314749836921692
leaf_count=5197 795 372 939 338 65 1039 475 142 96 384 386 435 820 250 234 1357 417 198 155 1160 134 77 79 440 400 151 2181 372 84 310
internal_value=0.000482559 -0.00359446 -0.00253949 0.00247533 0.00315847 -0.0010261 -0.00520191 0.00529033 0.00533141 0.00825008 0.0054288 0.00117754 0.0115492 0.0031892 0.0241003 0.00382165 0.0005085 0.0040117 0.0303951 -0.00132991 -0.00547999 -0.00903219 0.0142579 0.0157402 0.00492956 -0.00275128 -0.00513571 0.00812258 0.0428373 0.0136196
internal_weight=2794.1 917.067 874.018 1877.03 1785.29 605.409 644.561 110.681 1179.88 692.394 588.912 487.489 308.678 162.765 103.482 427.809 335.569 269.701 86.6916 280.235 212.19 191.24 28.0792 92.2392 229.457 543.486 446.176 97.3102 45.5884 94.2963
internal_count=19482 7525 7153 11957 11162 4081 5814 617 7081 4169 3600 2912 1764 944 569 2477 1972 1555 473 1836 1450 1316 156 505 1339 3743 3220 523 239 560
cat_boundaries=0 1
cat_threshold=1
is_linear=0
shrinkage=0.03


Tree=88
num_leaves=31
num_cat=1
split_feature=29 5 32 6 16 2 5 12 12 14 9 14 6 16 18 18 16 18 12 12 23 5 16 3 16 0 14 16 14 4
split_gain=30.1413 27.8782 17.4689 40.4881 24.461 27.3552 28.4246 21.6743 23.1558 25.6932 20.9698 17.7662 17.3546 40.3026 17.8198 41.0772 17.4238 17.7009 17.4017 17.2474 16.9895 16.992 20.7917 16.652 24.251 16.4245 16.3506 15.9068 14.6437 14.1023
threshold=86.164299011230483 0.56202840805053722 0 -0.94107943773269642 -0.62602889537811268 132.14026641845706 -0.91865202784538258 0.42849999666213995 0.056499999016523368 -0.6599999964237212 -24.731862068176266 -0.62499999999999989 -0.89225733280181874 -0.15070500224828717 0.99228918552398693 1.1943072676658633 0.070914063602685942 1.7108311653137209 -0.058499999344348901 -0.52750000357627858 1.0000000180025095e-35 0.081451712176203742 0.96688616275787365 328.49816894531256 -0.4068677276372909 32.18291091918946 -1.314999997615814 0.52900657057762157 -0.38499999046325678 163.50000000000003
decision_type=2 2 1 2 2 2 2 2 2 2 2 2 2 2 2 2 2 2 2 2 2 2 2 2 2 2 2 2 2 10
left_child=1 2 3 -1 28 -6 -7 8 9 26 20 -12 16 14 25 -16 -13 19 -17 -18 21 23 -23 -11 -25 -14 -4 -22 -5 -10
right_child=-2 -3 7 4 5 6 -8 -9 29 10 11 12 13 -15 15 18 17 -19 -20 -21 27 22 -24 24 -26 -27 -28 -29 -30 -31
leaf_value=-0.012213221285497738 -0.021982595175019545 0.0080108292214044197 0.0094508385185650585 0.0026012341999712744 0.018454996269854165 0.016461565125900638 -0.017182761174433007 -0.011307504674390722 0.0048879390196819661 -0.021767568262667344 0.029497526855098363 -0.013343445913521448 0.033805773232939033 -0.0047696489954573429 -0.024787461498591214 0.022487669146333083 0.026167168612822089 0.029541902219033821 -0.010410041602836425 -0.011000302304336636 0.037736230393342333 -0.0041994708170052198 0.036508245097308469 0.0080298973239662456 -0.016166034432995746 0.0056702789962933108 -0.021684549095823621 -0.00091118334713430761 0.035226295707169501 -0.010584400709146746
leaf_weight=83.983448378741741 54.294133480638266 372.19694555550814 17.395165510475636 16.59584741294384 83.109926301985979 34.612883992493153 61.013785783201456 196.23778268322349 619.64981353282928 116.18308395147324 18.617383152246475 128.97657350823283 54.503940582275391 222.79654382914305 28.356567047536373 72.292346201837063 13.252458550035952 18.157850220799446 17.398801438510418 52.269198823720217 11.966696158051489 70.199782684445381 12.425134904682634 60.509074546396732 94.140553928911686 28.842826224863529 96.336279805749655 36.577773977071047 49.790889404714108 57.033274061977863
leaf_count=742 634 2001 114 99 431 167 588 1375 4140 1133 95 1145 283 1470 178 409 92 125 99 429 67 542 64 411 716 203 871 299 311 307
internal_value=-5.28303e-05 0.000388704 -0.000809557 0.00549812 0.0118147 0.00596942 -0.00496058 -0.00184516 -0.000844701 -0.00339636 -0.00193144 0.00137763 0.000510624 0.00401492 0.0137086 0.00612332 -0.00646556 0.00416782 0.0160616 -0.00320243 -0.00731689 -0.00960283 0.00228552 -0.0132248 -0.00670823 0.0242519 -0.0168815 0.00918516 0.0272301 0.00357018
internal_weight=2799.72 2745.42 2373.23 329.107 245.123 178.737 95.6267 2044.12 1847.88 1171.2 1057.47 655.464 636.847 424.191 201.394 118.048 212.656 83.6795 89.6911 65.5217 402.002 353.458 82.6249 270.833 154.65 83.3468 113.731 48.5445 66.3867 676.683
internal_count=19540 18906 16905 2338 1596 1186 755 14567 13192 8745 7760 4528 4433 2642 1172 686 1791 646 508 521 3232 2866 606 2260 1127 486 985 366 410 4447
cat_boundaries=0 1
cat_threshold=32
is_linear=0
shrinkage=0.03


Tree=89
num_leaves=31
num_cat=1
split_feature=1 8 10 14 32 5 12 10 28 2 16 12 10 5 16 12 12 12 14 10 28 3 14 14 0 14 13 14 16 10
split_gain=29.3691 27.7087 24.2284 20.3366 18.9651 22.6944 21.2473 18.0843 15.3996 24.3852 24.9278 14.8133 18.6299 14.7182 14.6513 14.4454 14.1809 47.4392 17.8752 13.6585 18.6661 16.5034 26.6626 15.7815 17.3245 18.9115 13.9199 13.3367 13.2906 18.4342
threshold=5.9044764041900644 -5.8578784465789786 -0.5349999964237212 -0.84999999403953541 0 -0.98097097873687733 0.12900000065565112 -1.014999985694885 18.767070770263675 203.41763305664065 0.070914063602685942 -0.02450000029057264 0.11499999836087228 -0.73172146081924427 0.33123148977756506 -0.36949999630451197 0.10400000214576723 0.082499999552965178 0.49499998986721044 -0.62499999999999989 24.994574546813968 188.16148376464847 -0.27499999105930323 0.78000000119209301 32.97198677062989 -1.0000000180025095e-35 48.500000000000007 1.1899999976158144 0.10985428094863893 0.34499999880790716
decision_type=2 2 2 2 1 2 2 2 2 2 2 2 2 2 2 2 2 2 2 2 2 2 2 2 2 2 2 2 2 2
left_child=1 27 -3 -2 7 6 -6 -5 9 10 -9 13 -13 14 -11 -4 17 18 -7 20 26 22 -21 24 25 -24 -10 -1 -27 -30
right_child=3 2 15 4 5 16 -8 8 19 11 -12 12 -14 -15 -16 -17 -18 -19 -20 21 -22 -23 23 -25 -26 28 -28 -29 29 -31
leaf_value=-0.0016603560424344947 -0.012969841521703079 -0.0029697462091597356 -0.0082200828527485073 0.033413931980129506 -0.0035438802626971012 -0.010441411350615444 0.028840936390167146 -0.014158107419246614 0.045006271535994298 0.028993092245538771 0.0008439369349849214 0.032288482359335548 -0.0055586591370653249 -0.019789534765266854 -0.010890984720449531 0.019566762503453933 -0.015002141386346137 0.06466543474382927 0.0076958275422895177 -0.026738418562893357 -0.014395966804538569 0.0043730843252990266 0.017660064969149059 0.016602402945896769 -0.018572529717105851 -0.014263640621614032 0.009362999251290121 0.027214033962810049 0.019230038041426704 -0.020401930587464409
leaf_weight=323.95093530789018 139.65789347887039 70.396830022335052 17.850323781371117 13.967486932873724 45.826937586069107 218.38494944944978 29.076116845011711 218.42339867725968 19.032074503600597 17.248526930809025 182.47665506601334 34.966597400605679 16.965485006570816 23.306273866444826 14.440392866730688 198.30391779541969 181.40519062802196 7.7168906927108756 62.140244424343109 39.933590743690729 12.118354655802248 623.45609145984054 43.743254818022251 39.275826670229435 52.797254022210836 63.597197063267231 20.739655487239361 14.064389534294603 32.01240199804306 14.59227619320154
leaf_count=1802 1193 336 94 82 226 2137 138 1637 104 98 1190 208 109 216 101 1158 1628 61 460 340 93 4140 289 228 502 468 113 72 176 115
internal_value=-0.00028642 0.00544016 0.0122856 -0.00193844 -0.00117261 -0.00589701 0.00924171 0.000600554 0.000270154 -0.00395109 -0.00734456 0.00872211 0.0200529 -0.00214464 0.0110411 0.0172448 -0.00845125 -0.00429084 -0.00641069 0.00250191 0.017324 0.00163808 -0.00431947 -0.000586924 -0.00391666 0.00119716 0.027105 -0.000382199 -0.00543762 0.00665307
internal_weight=2791.87 624.566 286.551 2167.3 2027.64 544.55 74.9031 1483.09 1469.13 507.827 400.9 106.927 51.9321 54.9952 31.6889 216.154 469.647 288.242 280.525 961.298 51.8901 909.408 285.952 246.018 206.742 153.945 39.7717 338.015 110.202 46.6047
internal_count=19514 3462 1588 16052 14859 4650 364 10209 10127 3559 2827 732 317 415 199 1252 4286 2658 2597 6568 310 6258 2118 1778 1550 1048 217 1874 759 291
cat_boundaries=0 1
cat_threshold=44
is_linear=0
shrinkage=0.03


Tree=90
num_leaves=31
num_cat=1
split_feature=4 9 29 14 28 6 12 12 32 16 16 6 7 18 12 16 0 4 12 16 18 21 12 6 2 0 9 3 6 6
split_gain=27.9786 19.1622 16.6396 16.2289 16.8944 18.3382 16.0108 16.4362 15.3284 17.4887 15.5224 14.8222 16.9989 13.3225 13.7222 13.2662 13.0941 12.4798 12.5413 13.3415 13.5087 12.5817 15.8614 12.0106 13.9481 11.9882 11.5836 13.7709 15.2573 12.33
threshold=3.5000000000000004 -5.6913642883300772 81.26676177978517 1.2750000357627871 18.63957500457764 -0.95380109548568714 -0.71900001168251026 -0.37800000607967371 0 -1.8682830333709715 -0.66705372929573048 -0.27338597923517222 -8.9030151367187482 1.9333299994468691 -0.20100000500679013 -1.5601966381072996 0.86325812339782726 223.50000000000003 -0.10600000247359274 -0.83375048637390126 0.73923268914222728 1.0000000180025095e-35 -0.018499999772757288 -0.61626377701759327 257.01449584960943 14.752258300781252 75.03122711181642 300.95053100585943 -0.92449048161506642 -0.99113067984580983
decision_type=10 2 2 2 2 2 2 2 1 2 2 2 2 2 2 2 2 10 2 2 2 2 2 2 2 2 2 2 2 2
left_child=23 8 3 4 25 -6 -7 -8 10 -10 -2 12 -12 14 -9 -11 -4 18 19 -16 -21 -20 -23 24 26 -3 27 -1 -29 -28
right_child=1 2 16 -5 5 6 7 13 9 15 11 -13 -14 -15 17 -17 -18 -19 21 20 -22 22 -24 -25 -26 -27 29 28 -30 -31
leaf_value=-0.0091527952117725041 0.025476944946862212 -0.010314985881296713 0.025271791073028401 -0.022313619346560988 -0.0029545775737068835 0.041934179474270854 -0.0071491596778836741 0.021265114181213799 -0.02249684925959184 0.013893440217887923 -0.016157430031677557 0.021490198575720217 0.012427137688468757 0.023338937699396163 0.022258331647528197 -0.002243772446375004 -0.012970132742811509 -0.0047817691904890724 0.016263474068246915 0.012941891731379879 -0.024592691685111277 0.024183216623438322 -0.023516731651732643 -0.00016495267134380973 -0.015566425633554391 0.008659644365101157 0.030511768155125563 0.035760405759802799 -0.00073820874069526463 -0.0017874714962786559
leaf_weight=295.8878618106246 35.86518544331193 74.638737089931965 8.2559620887041074 16.086937956511974 92.584361974149942 14.221665874123572 42.540251865983009 75.480545572936535 35.705021951347589 47.519173972308636 43.480326216667891 26.673710361123085 31.398533582687378 79.565261404961348 12.59195728600025 834.5275313667953 64.178350627422333 63.456716552376747 174.04153759032488 12.122064135968683 25.130151063203812 8.935860253870489 16.145997356623411 350.68897539377213 136.13391465321183 48.690652836114168 15.461104992777107 11.338502388447521 62.400454197078943 29.776566650718451
leaf_count=2699 237 444 41 103 646 71 280 404 247 289 366 125 170 472 67 5413 458 319 941 68 167 48 113 2301 1613 319 116 97 618 237
internal_value=-0.000163988 0.00191604 0.00532737 0.00664446 0.00730312 0.00932734 0.0114979 0.0105688 -0.000765525 -0.00218183 0.00820562 0.00271711 -0.00416541 0.012193 0.00985265 -0.00135965 -0.00832659 0.0070364 0.0100557 -0.00334851 -0.0123597 0.013411 -0.00624713 -0.00450696 -0.00726518 -0.00281437 -0.00451032 -0.00626756 0.0052774 0.00967274
internal_weight=2785.52 1883.84 828.667 756.233 740.146 616.816 524.232 510.01 1055.17 917.752 137.418 101.553 74.8789 467.47 387.905 882.047 72.4343 312.424 248.968 49.8442 37.2522 199.123 25.0819 901.687 550.998 123.329 414.864 369.627 73.739 45.2377
internal_count=19489 11808 4961 4462 4359 3596 2950 2879 6847 5949 898 661 536 2599 2127 5702 499 1723 1404 302 235 1102 161 7681 5380 763 3767 3414 715 353
cat_boundaries=0 1
cat_threshold=32
is_linear=0
shrinkage=0.03


Tree=91
num_leaves=31
num_cat=1
split_feature=29 12 12 5 10 13 10 9 16 18 18 9 18 12 16 31 12 10 10 18 16 5 10 4 18 16 12 13 3 5
split_gain=32.7306 28.4991 36.448 26.4667 28.4589 26.3913 23.052 18.2014 17.0915 15.9603 19.1161 21.4786 20.8756 17.4875 15.1698 33.6281 41.7076 28.7223 49.2561 28.0929 26.0967 22.1421 21.9312 24.6714 20.0958 27.8619 16.3195 16.2139 19.9051 14.8405
threshold=86.164299011230483 -0.37800000607967371 -0.52750000357627858 0.63088810443878185 -0.55500000715255726 32.500000000000007 0.080000001937150969 -2.5698010921478267 0.73820891976356517 2.7290999889373784 2.1211340427398686 -4.9689743518829337 2.0718435049057011 0.42849999666213995 -0.65235421061515797 0 -0.18349999934434888 -0.44499999284744257 -0.35500000417232508 0.37955474853515631 0.45968239009380346 0.25061884522438055 -0.12499999627470969 3.5000000000000004 1.797299385070801 -1.4215446114540098 -0.090500000864267335 52.500000000000007 395.74838256835943 -0.98902499675750721
decision_type=2 2 2 2 2 2 2 2 2 2 2 2 2 2 2 1 2 2 2 2 2 2 2 10 2 2 2 2 2 2
left_child=1 2 6 9 7 -4 8 -5 -1 10 12 -12 13 14 15 16 27 19 20 -16 -19 24 -18 -24 25 -17 -21 28 -3 -28
right_child=-2 3 5 4 -6 -7 -8 -9 -10 -11 11 -13 -14 -15 17 21 22 18 -20 26 -22 -23 23 -25 -26 -27 29 -29 -30 -31
leaf_value=-0.025234824083852608 -0.022837631409642661 0.062025683998807507 0.03364811461899906 -0.023458465803129137 0.01847994226437321 -0.020179706022485235 0.0084029670043834232 0.0095273147285193337 0.010869944419186532 0.021458289253334983 -0.020945184815879113 0.0042430391311964492 0.026984517256635809 -0.0070823684753519777 0.026086475138253646 0.035460214367865263 -0.0039885532378067671 0.011456277108369169 0.00040603434039180095 -0.028662995216142309 0.046899716946252779 -0.01530534043152032 -0.010133613394260775 0.024649435332423423 -0.022305803672271349 0.002102751693456337 0.020052509771211827 0.015522195949002858 0.020755653318903087 -0.010363329524087257
leaf_weight=38.344666708260775 52.894622009247541 24.168163955211639 7.7637877017259589 27.137735337018967 158.73865187913179 156.59170863032341 135.83511951938272 31.526089131832123 16.181572929024696 32.618077032268047 73.879827704280615 50.885083757340908 27.166267275810242 214.98006676882505 18.235094532370567 25.777809724211693 94.761986661702394 51.148772619664669 875.22765999287367 41.016391411423683 29.337375469505787 75.228272400796413 23.687297958880663 73.896812502294779 22.380549050867558 143.20163277164102 14.776573121547697 32.66082526370883 20.605100497603416 179.04741740226746
leaf_count=317 643 141 46 123 970 1493 912 148 91 169 521 311 168 1525 117 141 700 326 6161 348 150 408 217 439 187 988 67 213 120 1342
internal_value=0.000313101 0.000772069 -0.00714484 0.00196348 0.0119128 -0.0174489 0.00179622 -0.00586925 -0.0145173 0.000949858 0.000623127 -0.0107202 0.0013403 0.000971313 0.00196691 0.00616072 0.0133415 0.000102458 0.00248353 -0.00886379 0.0247925 -0.00156871 0.00627911 0.0161891 0.00380144 0.00737011 -0.0116767 0.0322818 0.0439012 -0.00795349
internal_weight=2769.7 2716.81 354.717 2362.09 217.402 164.355 190.361 58.6638 54.5262 2144.69 2112.07 124.765 1987.3 1960.14 1745.16 536.368 269.78 1208.79 955.714 253.075 80.4861 266.588 192.346 97.5841 191.36 168.979 234.84 77.4341 44.7733 193.824
internal_count=19502 18859 2859 16000 1241 1539 1320 271 408 14759 14590 832 13758 13590 12065 3554 1830 8511 6637 1874 476 1724 1356 656 1316 1129 1757 474 261 1409
cat_boundaries=0 1
cat_threshold=10
is_linear=0
shrinkage=0.03


Tree=92
num_leaves=31
num_cat=1
split_feature=17 17 31 6 12 28 18 14 16 28 5 28 16 16 18 1 14 16 17 18 5 18 14 14 6 3 28 17 1 11
split_gain=26.8199 24.1729 20.2323 19.9099 18.9274 23.7155 17.3385 21.7614 18.4201 25.3765 17.3339 16.4866 21.2589 15.7411 23.6194 19.619 19.7946 16.3833 49.8932 18.5348 22.7625 15.0441 17.0121 17.7727 25.5559 26.7947 21.7858 17.274 16.5284 17.4804
threshold=-0.34192450344562525 -0.38627845048904413 0 -0.97606927156448353 0.078999999910593047 20.863806724548343 0.244099996984005 -0.34499999880790705 -1.8682830333709715 24.994574546813968 -0.9980562925338744 18.840229988098148 -0.76819729804992665 1.011741101741791 1.7725424170494082 118.39102172851564 -0.070000002160668359 0.96688616275787365 0.84054565429687511 1.420721232891083 -0.9936448037624358 0.25180950760841375 -0.6599999964237212 0.87999999523162853 -0.96645781397819508 172.76625061035159 20.863806724548343 1.0000000180025095e-35 23.503627777099613 83.500000000000014
decision_type=2 2 1 2 2 2 2 2 2 2 2 2 2 2 2 2 2 2 2 2 2 2 2 2 2 2 2 2 2 2
left_child=1 3 -2 4 -1 -6 7 -4 9 -8 -10 12 -5 17 -15 16 -16 19 -19 20 -12 -22 27 24 25 -24 -27 -23 29 -29
right_child=2 -3 6 11 5 -7 8 -9 10 -11 13 -13 -14 14 15 -17 -18 18 -20 -21 21 22 23 -25 -26 26 -28 28 -30 -31
leaf_value=-0.022807120500278943 -0.010865494568888892 -0.025975797682941604 0.023081511387401814 -0.026353436862980459 0.018250395644042048 -0.020717879958385636 -0.02628213450747471 -0.014793706087910533 -0.024706836779070582 0.023298785464874187 0.022951987773518669 0.0014238098647686693 -0.0029269290930362115 -0.0096068807686574154 -0.0047188544862467891 -0.013547440677011441 0.032310501073583478 0.054020982959717335 -0.018696202127294528 0.011373207792987226 0.029010264227942277 -0.022396335184572166 -0.017908504780515009 -0.0099205584445127021 0.0071882512929935458 0.024061382526650923 -0.019664100785093272 -0.0021939786435385615 -0.011653724256523019 0.042475133119595929
leaf_weight=80.176867764443159 92.036132037639618 42.502215459942818 15.212786041200159 45.938396748155355 29.096236951649189 25.372215028852224 37.226343765854836 87.770293641835451 17.542739681899548 11.418538495898245 48.678354725241661 561.03161720186472 136.72945128753781 152.48184211552143 19.35974895209074 21.204947732388973 37.128062002360821 20.778122626245022 13.256142124533651 326.15985199809074 17.371335126459599 48.990476980805397 80.70767406001687 83.086449310183525 609.60949309915304 31.888422161340714 14.023111339658497 18.407003447413448 42.176922831684351 12.672531321644781
leaf_count=1030 820 378 85 390 222 313 244 644 86 65 225 4171 1122 1038 134 155 219 111 89 1798 94 440 632 531 3697 201 156 93 348 57
internal_value=4.21328e-05 -0.00414213 0.00211569 -0.00305728 -0.0136276 5.2135e-05 0.00284291 -0.00903057 0.00359972 -0.014409 0.00415056 -0.00112782 -0.00892977 0.00448261 -0.00276605 0.0106114 0.0197583 0.00570355 0.0259729 0.00516726 0.00314914 0.00212102 0.00159468 0.00315451 0.00464154 -0.00757987 0.0105715 -0.00880031 0.000471233 0.0167759
internal_weight=2780.03 920.847 1859.19 878.345 134.645 54.4685 1767.15 102.983 1664.17 48.6449 1615.52 743.699 182.668 1597.98 230.175 77.6928 56.4878 1367.81 34.0343 1333.77 1007.61 958.933 941.562 819.315 736.229 126.619 45.9115 122.247 73.2565 31.0795
internal_count=19588 7626 11962 7248 1565 535 11142 729 10413 309 10104 5683 1512 10018 1546 508 353 8472 200 8272 6474 6249 6155 5217 4686 989 357 938 498 150
cat_boundaries=0 1
cat_threshold=1
is_linear=0
shrinkage=0.03


Tree=93
num_leaves=31
num_cat=0
split_feature=29 5 14 18 18 18 9 18 27 14 14 5 2 16 8 18 12 11 12 14 12 4 28 0 18 22 15 2 5 9
split_gain=23.9902 19.0237 15.4056 14.685 13.3181 14.2894 20.3778 18.6545 15.267 21.6869 14.7912 17.0962 16.4714 17.6844 17.4524 12.5482 18.5899 15.6312 13.3456 12.2194 12.1041 11.3975 13.4032 16.6859 13.4689 12.0748 16.0255 13.3606 16.9061 16.3062
threshold=86.164299011230483 0.69509023427963268 -0.31499999761581415 1.797299385070801 2.7290999889373784 2.1211340427398686 -26.121124267578121 2.0718435049057011 1.0000000180025095e-35 -0.36500000953674311 -0.68500000238418568 -0.98902499675750721 101.48119354248048 0.33893643319606787 -22.620976448059078 0.66384869813919078 -0.26350000500679011 83.500000000000014 -0.018499999772757288 -1.314999997615814 0.42849999666213995 1.5000000000000002 18.63957500457764 70.12082672119142 0.13759496062994006 1.0000000180025095e-35 48.500000000000007 240.93579864501956 -0.78753387928009022 -3.4931085109710689
decision_type=2 2 2 2 2 2 2 2 2 2 2 2 2 2 2 2 2 2 2 2 2 10 2 2 2 2 2 2 2 2
left_child=1 4 3 -3 5 7 -7 8 10 -10 11 -1 13 14 -13 18 -17 -18 -11 -14 -20 -12 23 -23 -24 27 -27 29 -29 -26
right_child=-2 2 -4 -5 -6 6 -8 -9 9 15 21 12 19 -15 -16 16 17 -19 20 -21 -22 22 24 -25 25 26 -28 28 -30 -31
leaf_value=0.022146435087558355 -0.01980556269936834 -0.010870440328100523 0.021329800050743405 0.024645744123941733 0.016804248304554431 -0.025085038505526177 -0.0016703795389301076 0.022716968667908823 0.017613915817427529 -0.032671323535997512 -0.0043777478156521721 0.017637511663163016 0.004558122260718187 0.022381859039440188 -0.021710317551352925 0.023109556547633508 0.0054834542111612539 -0.019320598007679688 0.014770863933579239 -0.023349455995374444 -0.023395115703673475 -0.0068260787768892866 -0.029997240809324963 0.027061519597513725 0.0025529401630614867 0.0017940079722889492 -0.021349104509400935 0.0049468375589632393 -0.013827306132654317 0.01113384827466558
leaf_weight=13.877404160797594 51.283901106566191 35.044498935341835 69.919977210462093 13.77199451625347 41.612611681222916 47.302876137197018 109.32400856167078 32.445305127650499 102.17518965154886 17.536997228860855 410.91552078723907 13.558932423591612 16.461776733398438 20.921619597822428 33.185530096292496 36.797293439507484 84.865307405591011 30.169031880795956 18.119873441755775 87.181603167206049 11.283112101256846 239.85725551471114 10.323910877108572 12.852097198367117 620.24339389055967 77.622968427836895 40.121023204177618 92.12488529086113 79.611687805503607 293.29145169630647
leaf_count=69 639 170 453 75 222 393 692 200 557 119 3655 100 117 114 203 213 506 195 107 890 92 1639 70 99 4040 526 301 493 798 1744
internal_value=0.000323024 0.000710741 0.0124019 -0.0005571 0.000170979 -0.000106699 -0.00885612 0.000468818 0.000153871 0.0064543 -0.000768285 -0.00883342 -0.011457 7.64748e-05 -0.0101665 0.000658436 0.00485575 -0.00113213 -0.0127363 -0.0189157 -0.00016274 3.17247e-05 0.00126979 -0.00500278 0.00257926 0.0028835 -0.00620534 0.00387438 -0.00378593 0.00531701
internal_weight=2763.8 2712.52 118.736 48.8165 2593.78 2552.17 156.627 2395.54 2363.1 300.947 2062.15 185.187 171.309 67.6661 46.7445 198.772 151.832 115.034 46.94 103.643 29.403 1876.96 1466.05 252.709 1213.34 1203.02 117.744 1085.27 171.737 913.535
internal_count=19491 18852 698 245 18154 17932 1085 16847 16647 1789 14858 1493 1424 417 303 1232 914 701 318 1007 199 13365 9710 1738 7972 7902 827 7075 1291 5784
is_linear=0
shrinkage=0.03


Tree=94
num_leaves=31
num_cat=1
split_feature=14 32 6 14 28 28 14 28 10 26 16 16 18 14 16 28 10 6 9 8 18 16 10 0 10 16 9 10 16 18
split_gain=21.0323 20.2587 16.521 22.5635 27.2972 16.4488 16.3648 21.6039 19.5717 18.0056 15.7317 28.3019 34.4149 26.9662 23.2828 24.252 24.0418 21.4344 18.7271 16.3245 15.4775 15.2146 20.1254 16.067 14.3607 14.825 17.4794 14.3095 13.7909 13.6904
threshold=-1.0349999666213987 0 -0.96645781397819508 1.0249999761581423 22.987782478332523 18.289889335632328 -0.84999999403953541 20.863806724548343 -0.18500000238418576 1.0000000180025095e-35 -0.3596245795488357 0.12726400047540667 0.55504223704338085 -0.74500000476837147 -0.37346102297306055 19.164343833923343 -0.64500001072883595 -0.80187052488327015 -58.511774063110344 -71.038375854492173 0.9316869080066682 -0.01200395869091153 -0.33500000834465021 42.344842910766609 0.14500000327825549 0.98491400480270397 -7.7433714866638175 -0.91499999165534962 0.35567109286785131 1.5901826620101931
decision_type=2 1 2 2 2 2 2 2 2 2 2 2 2 2 2 2 2 2 2 2 2 2 2 2 2 2 2 2 2 2
left_child=27 -2 3 6 -5 28 -3 8 9 -8 13 21 -13 -7 15 16 -15 29 -19 -14 -9 22 23 -12 -10 26 -26 -1 -4 -18
right_child=1 2 5 4 -6 10 7 20 24 -11 11 12 19 14 -16 -17 17 18 -20 -21 -22 -23 -24 -25 25 -27 -28 -29 -30 -31
leaf_value=0.0076595757639819984 -0.01661087289894491 0.027099056372798424 -0.014293421177041814 0.028441517970430163 -0.022613321363592578 -0.015508947175821202 0.0038408903239124338 -0.027851015188786053 -0.026620886416241957 0.040345510992382788 0.0056486158137634013 0.019513571811695843 -0.014713247958636573 0.036133679895314137 0.038734502947277406 0.010930785647296099 -0.0046325211592364579 -0.013863149786737035 0.0086034470622687303 0.0026338736435757709 -0.0091358911319462856 -0.015201920152668949 -0.0064066473114299458 0.04570470477511588 -0.021816778549447163 0.029092111722797225 0.0051053330502006718 -0.020063207377624639 0.0049673008564829939 -0.029460902402623088
leaf_weight=21.079385705292225 49.708922110497952 11.662419408559797 95.817507930099964 34.935481019318104 11.936861664056776 48.095789395272732 67.90019354596734 57.050868082791567 28.561527650803328 13.886466555297373 49.089244276285172 107.28817207738757 51.641867183148861 14.32985746860504 19.873549409210682 438.97122879326344 47.803252752870321 42.930070716887712 138.55678548663855 673.25422918051481 131.88155703991652 114.01107412204146 220.21631375327706 10.147892154753206 38.142723124474287 10.670212954282759 48.04965503141284 72.958745963871479 50.49151599407196 33.923840876668692
leaf_count=139 605 72 639 183 90 312 499 676 281 68 295 654 396 69 101 2813 306 297 760 4344 1309 793 1610 83 323 76 357 720 324 245
internal_value=3.3782e-05 0.000528896 0.00092149 -0.00426588 0.0152387 0.00202097 -0.0065395 -0.00759556 -0.000892154 0.0104514 0.00272891 0.000604296 0.00373802 0.00604334 0.00747011 0.00655017 -0.000392705 -0.0025105 0.00324221 0.00137949 -0.0149041 -0.00601625 -0.00222785 0.0131554 -0.00831326 -0.00269809 -0.00692209 -0.0138337 -0.00765791 -0.01517
internal_weight=2754.87 2660.83 2611.12 454.678 46.8723 2156.44 407.806 396.143 207.211 81.7867 2010.13 1225.65 832.184 784.484 736.389 716.515 277.544 263.214 181.487 724.896 188.932 393.465 279.453 59.2371 125.424 96.8626 86.1924 94.0381 146.309 81.7271
internal_count=19439 18580 17975 3934 273 14041 3661 3589 1604 567 13078 8175 5394 4903 4591 4490 1677 1608 1057 4740 1985 2781 1988 378 1037 756 680 859 963 551
cat_boundaries=0 1
cat_threshold=1
is_linear=0
shrinkage=0.03


Tree=95
num_leaves=31
num_cat=2
split_feature=29 5 10 32 4 18 18 8 5 32 18 29 10 2 16 1 7 5 8 14 14 10 27 12 16 9 14 18 29 12
split_gain=19.8522 19.6309 14.4928 17.8062 13.9395 12.911 14.7097 12.917 12.7002 24.5117 22.2233 20.2731 17.3034 16.6929 15.7337 21.0455 20.2715 18.671 27.1151 15.1761 22.2147 14.665 12.4363 16.8937 13.5668 12.3844 12.1624 15.6426 11.7631 11.7238
threshold=86.164299011230483 0.63088810443878185 -0.55500000715255726 0 246.50000000000003 2.7290999889373784 2.2589294910430913 -7.8031001091003409 -0.83753159642219532 1 2.0956649780273442 75.224540710449233 1.4600000381469729 254.58805084228518 -1.3792461752891538 40.409067153930671 -30.84140586853027 0.20903649181127551 -8.3676824569702131 0.014999999664723875 0.14500000327825549 0.56499999761581432 1.0000000180025095e-35 0.06749999895691873 0.15175064653158191 51.762645721435554 0.12999999895691874 0.80001428723335277 76.484970092773452 0.092000000178813948
decision_type=2 2 2 1 8 2 2 2 2 1 2 2 2 2 2 2 2 2 2 2 2 2 2 2 2 2 2 2 2 2
left_child=1 5 3 -3 -4 6 8 -8 9 10 12 -10 21 14 15 17 29 -13 -19 22 28 26 23 -11 -25 -22 -1 -28 -21 -16
right_child=-2 2 4 -5 -6 -7 7 -9 11 19 -12 13 -14 -15 16 -17 -18 18 -20 20 25 -23 -24 24 -26 -27 27 -29 -30 -31
leaf_value=0.010926251298612568 -0.018262039832821816 0.013719831399207504 0.015828256244210134 -0.014496152159152835 -0.012714090002701005 0.018022549239900824 -0.024539928016183845 -0.0015705859795269255 0.013773031129839852 -0.020938206805673969 0.044657498826592812 0.037880338602624887 -0.026519128405806908 -0.0099292111269831881 -0.018412240774450899 -0.0093952992401343787 -0.00061794575177603265 -0.015203545269159001 0.023662660763092282 0.034303274466403029 -0.0062070959363373602 0.026154084369473082 0.012930894457942606 -0.019071452440187663 0.0088175135972146657 0.01532419836104937 -0.017755619169457434 0.0063884991600129002 0.005095072789489904 -0.001813713561248241
leaf_weight=184.59470657259226 51.105599611997604 23.86080402135849 157.75365722179413 38.199451938271523 16.311015754938126 32.921637266874313 41.520086839795113 46.040053728967905 72.274829089641571 82.189200684428215 14.008821457624434 25.622107870876789 12.165054365992544 224.09920898079872 98.757565304636955 39.262998703867197 1028.522416844964 26.414939489215612 38.574177004396915 25.412086144089699 132.37616143375635 37.054990202188492 19.835837543010712 22.876764789223671 44.837244652211666 28.346557147800922 35.516737431287766 70.364473186433315 24.177407875657082 62.548123016953468
leaf_count=991 655 116 970 173 97 169 349 267 437 584 64 160 66 2374 955 356 7446 161 196 123 795 182 103 144 243 157 195 367 116 525
internal_value=7.9882e-05 0.000432849 0.00867805 -0.0037253 0.0130963 -0.000358461 -0.000614021 -0.0126165 -0.000161604 0.00310899 0.00864209 -0.00164757 0.00728379 -0.00237795 -0.00108912 0.00878552 -0.00217345 0.0166801 0.00787442 -0.00221829 0.00310505 0.00861618 -0.00892356 -0.011882 -0.000745031 -0.00233836 0.00629688 -0.00180074 0.020445 -0.0120268
internal_weight=2757.54 2706.44 236.125 62.0603 174.065 2470.31 2437.39 87.5601 2349.83 733.756 353.705 1616.08 339.696 1543.8 1319.7 129.874 1189.83 90.6112 64.9891 380.051 210.312 327.531 169.739 149.903 67.714 160.723 290.476 105.881 49.5895 161.306
internal_count=19536 18881 1356 289 1067 17525 17356 616 16740 4130 1865 12610 1801 12173 9799 873 8926 517 357 2265 1191 1735 1074 971 387 952 1553 562 239 1480
cat_boundaries=0 1 2
cat_threshold=88 56
is_linear=0
shrinkage=0.03


Tree=96
num_leaves=31
num_cat=0
split_feature=0 28 6 7 29 14 18 10 4 14 12 5 12 16 3 3 8 0 1 14 29 16 22 5 12 13 7 10 14 18
split_gain=22.974 17.756 15.9649 18.3123 15.1852 14.8204 14.974 22.6112 24.1857 20.7677 14.5469 15.7947 15.6399 15.5422 23.5714 16.6771 12.5282 14.9934 11.797 11.504 22.2594 18.5512 15.448 14.8388 13.647 13.4428 12.5245 11.5655 37.1349 11.3407
threshold=35.179430007934577 18.63957500457764 -0.89225733280181874 -30.84140586853027 84.152141571044936 1.0949999690055849 0.9316869080066682 -0.32500000298023218 171.50000000000003 -0.11999999731779097 0.12150000035762788 -0.98097097873687733 0.053500000387430198 -0.51159128546714772 30.226166725158695 773.70910644531261 -4.1674368381500235 6.6735129356384286 81.906562805175795 0.52500000596046459 76.34873199462892 0.21549604833126071 1.0000000180025095e-35 -0.88134551048278797 0.056499999016523368 48.500000000000007 19.101721763610843 0.24000000208616259 0.20499999821186068 1.1837971806526186
decision_type=2 2 2 2 2 2 2 2 10 2 2 2 2 2 2 2 2 2 2 2 2 2 2 2 2 2 2 2 2 2
left_child=1 -1 3 -3 10 6 18 16 9 -9 12 -12 13 15 -15 -4 17 -8 -5 22 21 -21 25 24 -22 -2 -23 28 -27 -14
right_child=19 2 4 5 -6 -7 7 8 -10 -11 11 -13 29 14 -16 -17 -18 -19 -20 20 23 26 -24 -25 -26 27 -28 -29 -30 -31
leaf_value=-0.0048069674639084339 -0.0082947006190731993 -0.014457371257888879 0.0095145093111777441 -0.012514436495618782 -0.010166250809244434 0.022519683059890699 0.0098183378602406009 -0.023753231752381591 -0.028949618768266031 0.0071214408383515476 0.016281997665000884 -0.0017816450473616674 0.030091255127210847 0.012175607235150666 -0.0042261600687589973 0.036580706235156364 -0.0034715370205577216 0.040051646250413492 0.021725846831030866 -0.0013582587234645263 0.026887192966115546 0.011333297598455928 -0.019916762572494442 -0.016019595982392349 -0.0096462631277109273 -0.00078272877968406525 0.050246745500633662 -0.010801498927310202 0.038020754040580161 0.0098849358937279138
leaf_weight=327.76453903689981 367.24536566436291 82.86277624219656 218.2324865758419 103.79526125267148 56.430026102811098 25.817704677581787 34.677489843219519 22.41977508738637 25.786432310938835 119.63710968196392 49.776463061571121 305.8649619743228 45.410025991499424 127.2803909778595 203.79405256733298 21.843713581562042 21.045080319046974 25.916208490729332 9.0063600391149503 24.914287813007832 17.546581380069256 14.225910156965258 64.300053454935551 52.838309530168772 17.493263430893421 182.36498063057661 16.529696017503738 61.314074266701937 24.266630988568068 57.476165227591991
leaf_count=2149 3504 815 1276 757 388 144 191 205 182 797 235 1774 244 696 1325 116 125 156 65 181 91 78 669 513 90 1463 83 570 151 338
internal_value=-0.00031153 0.00152977 0.00286589 -0.00174464 0.00486489 0.000999813 -0.000591542 0.00350987 -0.0027993 0.00211674 0.00569772 0.000785152 0.00828473 0.00632338 0.00209712 0.0121187 0.016358 0.0231896 -0.00961372 -0.00442518 0.00329287 0.0179667 -0.0060115 -0.00610041 0.00888668 -0.00457479 0.0331711 0.000535595 0.00393549 0.019007
internal_weight=2727.88 1884.84 1557.07 470.964 1086.11 388.101 362.284 249.482 167.843 142.057 1029.68 355.641 674.037 571.151 331.074 240.076 81.6388 60.5937 112.802 843.039 143.548 55.6699 699.491 87.8782 35.0398 635.191 30.7556 267.946 206.632 102.886
internal_count=19371 11978 9829 3437 6392 2622 2478 1656 1184 1002 6004 2009 3995 3413 2021 1392 472 347 822 7393 1036 342 6357 694 181 5688 161 2184 1614 582
is_linear=0
shrinkage=0.03


Tree=97
num_leaves=31
num_cat=1
split_feature=29 12 5 17 12 15 28 10 5 14 18 12 10 16 12 2 7 18 18 14 32 17 16 17 15 7 18 5 16 14
split_gain=20.5206 19.261 19.1399 23.4176 18.3184 23.9127 21.8016 17.4687 15.606 16.263 20.286 17.1235 15.2025 18.2859 14.5224 18.6721 14.5108 14.0347 18.8974 13.9239 13.7668 18.2836 12.4407 12.2163 13.9769 12.211 11.4775 15.4855 11.3444 22.9017
threshold=86.164299011230483 -0.37800000607967371 0.63088810443878185 -1.2670373916625974 -0.52750000357627858 32.500000000000007 24.009605407714847 -0.55500000715255726 -0.98097097873687733 -1.0349999666213987 0.37955474853515631 0.42849999666213995 0.080000001937150969 0.73820891976356517 0.13350000232458117 8.3045997619628924 10.415960788726808 1.6757197976112368 1.7725424170494082 0.70499998331069957 0 0.42457818984985357 0.15175064653158191 0.069999270141124739 47.500000000000007 -38.453201293945305 0.47822393476963049 -0.93404099345207203 1.011741101741791 0.55000001192092907
decision_type=2 2 2 2 2 2 2 2 2 2 2 2 2 2 2 2 2 2 2 2 1 2 2 2 2 2 2 2 2 2
left_child=1 4 3 19 12 -6 -7 20 17 10 -10 28 13 -1 -9 -16 26 -5 -19 25 -4 -22 -13 24 -8 -3 -14 -28 -11 -30
right_child=-2 2 7 8 5 6 23 14 9 11 -12 22 16 -15 15 -17 -18 18 -20 -21 21 -23 -24 -25 -26 -27 27 -29 29 -31
leaf_value=-0.024432539858713749 -0.018983398947909638 0.013563489989766666 0.012056621434106761 0.012423101288828285 0.033901825859210956 -0.023213611625290398 -0.0069581645839611826 0.020731658578733509 0.02186134118223039 0.0026806753025228926 -0.023607513341146504 -0.015478339732402757 0.020491615424543773 0.012805535453152732 0.012311827484275954 -0.028590888100253866 0.026503670436355008 -0.028800906100286783 0.010631912779700667 0.011788564689750489 -0.037354499155666805 0.0027626355312295814 0.00056991652288364042 -0.02114254429731104 0.036724758024142712 -0.018970412988485511 0.022194248393349596 -0.0092781122810257702 -0.011662741854136047 0.010478405542837596
leaf_weight=38.624670028686523 50.23935080319643 10.821297563612459 22.912902757525444 174.59017072618008 7.9745723232626906 112.45779573917389 12.634026370942594 110.71732660382986 9.9818676076829416 1351.3871176876128 47.205574564635754 94.754404548555613 20.57147067040205 16.20307008177042 35.267112486064434 12.893322780728338 22.728592433035374 18.385626710951328 24.2460852637887 18.48231153562665 18.161517038941383 21.649092257022858 79.499875824898481 11.407384451478718 12.201476030051706 103.16597467288375 16.120012283325195 78.432597611099482 138.32549460232258 59.32025271654129
leaf_count=314 660 112 112 810 46 1081 119 714 76 9349 517 776 111 92 219 60 172 96 126 117 78 101 526 124 103 943 76 577 1039 349
internal_value=-0.000175766 0.000180941 0.0011581 0.000283261 -0.00638154 -0.0139647 -0.016741 0.00952849 0.00109559 0.000167433 -0.0154318 0.000693743 -0.000175167 -0.0133954 0.0147949 0.00100268 0.00514149 0.00866762 -0.00664447 -0.0118833 -0.00383411 -0.0128555 -0.00819518 0.00342695 0.0150937 -0.0157907 0.000732109 -0.00373636 0.00169832 -0.00499813
internal_weight=2751.36 2701.12 2351.77 2130.17 349.356 156.675 148.701 221.601 1997.7 1780.47 57.1874 1723.29 192.68 54.8277 158.878 48.1604 137.853 217.222 42.6317 132.47 62.7235 39.8106 174.254 36.2429 24.8355 113.987 115.124 94.5526 1549.03 197.646
internal_count=19595 18935 16120 14836 2815 1473 1427 1284 13664 12632 593 12039 1342 406 993 279 936 1032 222 1172 291 179 1302 346 222 1055 764 653 10737 1388
cat_boundaries=0 1
cat_threshold=88
is_linear=0
shrinkage=0.03


Tree=98
num_leaves=31
num_cat=0
split_feature=29 5 17 14 5 14 29 18 5 10 12 12 18 10 10 8 18 4 8 17 4 4 17 3 10 16 3 12 14 12
split_gain=27.422 25.639 21.3075 20.4691 15.4898 23.4145 17.9941 17.6486 15.9427 14.2337 14.7688 12.5983 17.6105 17.4351 16.1179 15.0017 14.7473 13.1392 14.6864 19.891 17.6637 17.75 16.5439 16.0819 15.4046 19.6599 14.3051 14.2826 13.8238 13.3847
threshold=86.164299011230483 0.63088810443878185 -1.2670373916625974 0.70499998331069957 -0.97269129753112782 -1.0349999666213987 75.224540710449233 0.37955474853515631 0.45150023698806768 -0.55500000715255726 -0.36949999630451197 -0.37800000607967371 0.35212390124797827 -0.1950000002980232 0.22500000149011615 -24.959188461303707 0.3860755860805512 3.5000000000000004 -51.046007156372063 0.25146600604057318 168.50000000000003 59.500000000000007 0.97211340069770824 172.76625061035159 -0.11499999836087225 0.59408950805664074 422.86135864257818 -0.18749999999999997 -0.3299999982118606 -0.17249999940395352
decision_type=2 2 2 2 2 2 2 2 2 2 2 2 2 2 2 2 2 8 2 2 10 10 2 2 2 2 2 2 2 2
left_child=1 2 3 -1 -4 7 8 -6 -7 -3 -11 13 14 -8 -13 -15 -14 -18 19 -19 21 23 -22 27 25 28 -21 -20 -25 -26
right_child=-2 9 4 -5 5 6 11 -9 -10 10 -12 12 16 15 -16 -17 17 18 20 26 22 -23 -24 24 29 -27 -28 -29 -30 -31
leaf_value=-0.01689093195714041 -0.021609634341918725 -0.0020764486245107489 0.0070133233774783603 0.014305708524707389 0.020496590061426141 0.018711027439201489 -0.0217659978102351 -0.023489048664013877 -0.018913351174701058 -0.011309295191960604 0.017756597335302157 0.0015704774744760854 0.022972654838830146 -0.014697706308958258 -0.021463595410180232 0.0032900505589793408 -0.003112703124180766 -0.011965291372877093 0.013621150732480646 -0.0031399815734498193 -0.0064453600634241286 0.017258749776536148 0.018270631724438165 0.013433320439219144 0.0020297810340858002 -0.029217025055547893 0.020438938049056617 -0.0056713743608675154 -0.015711250778772785 0.019827924991972636
leaf_weight=112.90834502875805 49.560603614896536 61.263532623648643 284.69759766757488 21.904325120151043 8.7184059582650644 73.100984141230583 53.521645803004503 59.226951643824577 10.917297899723051 16.875530876219273 150.61760206520557 49.535064656287432 26.794442482292652 60.487974748015404 59.67138560116291 129.03369572013617 490.6927138902247 122.98808262869716 42.625176772475243 57.919159486889839 172.78106711059809 125.89457699656487 27.369837410748005 56.041025876998901 54.692483831197023 16.565694078803062 37.339459158480167 164.93288009986281 18.783816035836935 125.68183755129576
leaf_count=1086 657 285 1391 136 67 430 564 626 59 95 956 360 156 560 509 1041 4205 987 268 355 934 669 140 338 333 117 203 1114 143 780
internal_value=0.000279598 0.000690219 -0.000203142 -0.0117541 0.000469942 -0.000443846 0.000155295 -0.0176296 0.0136572 0.0102751 0.0147784 -0.000450749 0.000489766 -0.00681286 -0.0110961 -0.00249796 0.00131743 0.000919354 0.00285336 -0.00403628 0.00472308 0.00727509 -0.00299152 0.0046224 0.00941135 -0.000625556 0.0062188 -0.00166305 0.00600624 0.0144722
internal_weight=2743.14 2693.58 2464.83 134.813 2330.01 2045.32 1977.37 67.9454 84.0183 228.757 167.493 1893.35 1650.31 243.043 109.206 189.522 1541.1 1514.31 1023.62 218.247 805.368 605.217 200.151 479.323 271.765 91.3905 95.2586 207.558 74.8248 180.374
internal_count=19564 18907 17571 1222 16349 14958 14265 693 489 1336 1051 13776 11611 2165 869 1601 10742 10586 6381 1545 4836 3762 1074 3093 1711 598 558 1382 481 1113
is_linear=0
shrinkage=0.03


Tree=99
num_leaves=31
num_cat=1
split_feature=32 17 17 6 12 28 13 28 16 12 12 16 3 16 28 17 14 12 14 12 14 6 9 9 17 3 12 16 24 11
split_gain=18.4728 17.2995 20.1163 18.3682 18.3124 20.866 17.8583 15.0303 19.2879 18.2662 18.1255 15.9858 15.9728 15.4134 16.7006 14.2576 14.1052 13.9948 12.7329 20.3085 17.5977 27.4769 22.4912 14.6819 25.4347 18.801 14.3766 16.3714 30.1461 24.6753
threshold=0 -0.34192450344562525 -0.38627845048904413 -0.97606927156448353 0.078999999910593047 20.863806724548343 43.500000000000007 18.840229988098148 -0.75148594379425038 -0.26850000023841852 -0.17849999666213986 -0.65235421061515797 468.24874877929693 -0.76423409581184376 22.726541519165043 -1.1955825090408323 0.70499998331069957 0.23849999904632571 0.38499999046325689 -0.26350000500679011 0.47499999403953558 -0.99223279953002919 3.5833966732025151 -75.608737945556626 1.1610170602798464 387.56597900390631 0.47249999642372137 0.78855508565902721 1.0000000180025095e-35 83.500000000000014
decision_type=1 2 2 2 2 2 2 2 2 2 2 2 2 2 2 2 2 2 2 2 2 2 2 2 2 2 2 2 2 2
left_child=-1 2 3 4 -2 17 -3 8 -5 -10 -11 13 15 14 -9 16 -13 -6 26 -20 21 -21 -23 25 -25 -22 27 28 -8 -30
right_child=1 6 -4 7 5 -7 18 11 9 10 -12 12 -14 -15 -16 -17 -18 -19 19 20 23 22 -24 24 -26 -27 -28 -29 29 -31
leaf_value=-0.016390037777419684 -0.022242649961941339 -0.0022911026438917747 -0.024261247282766848 -0.02399645359626253 0.031563423758045696 -0.019750704353205185 0.0028606605311936287 -0.0089940988426153237 -0.021698145259329945 0.032865178195872501 -0.0012463502600255558 -0.017593979029910802 -0.0094477425015987524 0.030096682535463149 0.012592858098587408 0.0081656267268004571 0.013070811841120767 -0.01113580971736992 0.026607487440355741 -0.028096266391425411 -0.0060678785709432116 0.037654435958792358 0.0029764071632606011 -0.0086039157858130572 0.021114233784754396 0.030308463627373203 -0.023677937854073856 -0.0062928058904880143 0.009513065092769224 0.052915578353078835
leaf_weight=50.380024135112762 73.821979261934757 598.32723051309586 37.968510743230581 47.499736901372671 19.557588450610641 23.590712621808052 639.5082541257143 46.578275099396706 30.978258855640888 15.703222014009951 86.851196140050888 44.411305204033852 136.93041258305311 26.931910667568445 99.820344846695662 163.04344424232841 18.367358766496181 9.775256931781767 48.985106825828552 9.455517463386057 21.358088217675686 42.872142806649208 27.608869954943657 134.37515944615006 31.071973718702793 29.83893533796072 18.075365349650383 149.84202276915312 30.075690805912018 19.002618871629238
leaf_count=671 986 4168 342 410 138 295 3838 349 294 106 706 343 1093 179 703 1174 104 82 260 76 141 249 190 819 173 152 148 1060 182 95
internal_value=-0.000117308 0.000254471 -0.00318497 -0.00220907 -0.0126897 0.000801 0.00194134 -0.000341604 -0.00779108 -0.00189105 0.00424377 0.00218387 -0.00140049 0.00965035 0.00571032 0.00349921 -0.00855801 0.0174358 0.00404819 0.008901 0.0058969 0.0178334 0.024302 0.00143093 -0.00292935 0.0153077 0.00208217 0.00266507 0.00462067 0.0270392
internal_weight=2732.61 2682.23 881.83 843.861 126.746 52.9236 1800.4 717.115 181.032 133.533 102.554 536.083 362.753 173.331 146.399 225.822 62.7787 29.3328 1202.07 345.566 296.581 79.9365 70.481 216.644 165.447 51.197 856.504 838.429 688.587 49.0783
internal_count=19526 18855 7304 6962 1501 515 11551 5461 1516 1106 812 3945 2714 1231 1052 1621 447 220 7383 2060 1800 515 439 1285 992 293 5323 5175 4115 277
cat_boundaries=0 1
cat_threshold=1
is_linear=0
shrinkage=0.03


Tree=100
num_leaves=31
num_cat=1
split_feature=0 17 28 16 6 8 14 16 32 26 2 14 0 28 16 28 6 17 2 17 12 12 12 16 16 16 20 4 17 4
split_gain=16.2603 16.3014 15.8279 15.6112 13.4264 17.915 16.8131 15.4945 13.2713 11.775 11.5904 11.4819 10.7608 10.7674 10.2421 11.3684 11.1243 10.2384 9.85596 9.72553 9.08236 15.3407 14.2239 12.9143 14.2642 12.6486 11.8411 11.5547 20.7259 20.3514
threshold=31.23216533660889 -1.2670373916625974 18.63957500457764 0.34925197064876562 -0.50943501293659199 -50.403505325317376 0.78000000119209301 1.5459565520286562 0 1.0000000180025095e-35 162.48621368408206 -0.74500000476837147 3.6040465831756596 25.346193313598636 -0.98455500602722157 22.726541519165043 -0.10495606064796446 -1.0806100368499754 254.58805084228518 0.27514992654323583 -0.37100000679492945 -0.52750000357627858 -0.16650000214576718 -1.2127375602722166 -1.7367364168167112 -0.22490999102592465 1.0000000180025095e-35 168.50000000000003 1.5224150419235232 72.500000000000014
decision_type=2 2 2 2 2 2 2 2 1 2 2 2 2 2 2 2 2 2 2 2 2 2 2 2 2 2 2 10 2 10
left_child=1 12 3 -3 5 6 9 8 -6 -4 -8 14 13 -1 15 -2 -16 -10 20 -19 21 25 23 24 -22 -7 -25 29 -29 -24
right_child=11 2 4 -5 7 18 10 -9 17 -11 -12 -13 -14 -15 16 -17 -18 19 -20 -21 22 -23 27 26 -26 -27 -28 28 -30 -31
leaf_value=-0.0069202581964442102 -0.020856948444919005 -0.0080553606559134305 -0.015860615410325803 0.0073830857680916876 0.018913021195131267 -0.020391095947799802 0.023268540529391341 -0.014621548023502273 0.02990089259207444 0.01128764916410732 -0.013453738830189211 -0.0020762224921256301 -0.018472918836078489 0.023019547330082879 -0.025367647152381202 0.022400399418420102 0.015742006772356702 -0.0027948335587269202 -0.013204113556777378 0.011358414172207029 0.0001874570645217953 -0.022169541755634486 0.002246286679567857 0.011284738818100638 0.035920346173166258 0.012877949424164635 -0.013290833906610089 -0.0049777781816413543 0.029216965616301421 0.017837436667740833
leaf_weight=47.375264372676611 8.6276931911706942 211.74603640288115 106.19743874669075 80.656767830252647 110.09476292133331 12.759852904826401 22.753917578607798 21.922063540667295 13.216194599866865 15.876819863915442 10.681178692728279 843.67460358142853 55.328742418438196 12.922055043280123 49.741746205836535 11.697557922452686 6.029166728258132 99.321475978940725 28.556391038000584 76.595355793833733 14.068939439952372 29.085799254477024 297.81457176432014 125.1022539101541 34.327380999922752 40.023824922740459 19.654099982231855 204.94244503229856 16.29781773686409 100.03910822421312
leaf_count=306 67 1379 1018 493 555 105 146 124 67 118 74 7328 531 69 583 85 31 576 265 367 82 215 1907 731 188 229 137 1096 103 569
internal_value=0.000153655 0.00180597 0.00255249 -0.00378615 0.00387876 0.0022706 -0.00711877 0.00925398 0.011046 -0.0122667 0.0114872 -0.0030916 -0.00904469 -0.000233125 -0.0141761 0.00392146 -0.0207244 0.00512687 0.0038591 0.00339695 0.00441821 -0.00505933 0.00537853 0.0124661 0.0257468 0.00460594 0.00787973 0.00315074 -0.00233867 0.00620153
internal_weight=2727.13 1807.36 1691.73 292.403 1399.33 1078.18 155.509 321.15 299.228 122.074 33.4351 919.771 115.626 60.2973 76.0962 20.3253 55.7709 189.133 922.672 175.917 894.116 81.8695 812.247 193.153 48.3963 52.7837 144.756 619.094 221.24 397.854
internal_count=19544 11450 10544 1872 8672 6983 1356 1689 1565 1136 220 8094 906 375 766 152 614 1010 5627 943 5362 549 4813 1138 270 334 868 3675 1199 2476
cat_boundaries=0 1
cat_threshold=48
is_linear=0
shrinkage=0.03


Tree=101
num_leaves=31
num_cat=2
split_feature=17 18 12 12 6 12 18 5 12 4 4 31 4 5 12 29 27 14 9 18 14 18 32 2 16 8 12 6 11 8
split_gain=17.2295 14.7019 14.2864 18.1886 14.2624 25.3706 22.365 56.5576 18.322 17.3842 34.2458 28.1625 16.5073 14.893 14.138 20.8907 21.8434 13.9397 13.5355 13.4973 13.2692 16.8096 13.1897 27.5178 13.1451 16.7037 16.0934 19.9669 12.7533 12.9563
threshold=1.0372433662414553 2.1211340427398686 0.42849999666213995 -0.37800000607967371 -0.80187052488327015 -0.17849999666213986 1.0292861461639407 0.45150023698806768 -0.095499999821186052 168.50000000000003 59.500000000000007 0 2.5000000000000004 0.29221479594707495 -0.52750000357627858 78.088207244873061 1.0000000180025095e-35 0.49499998986721044 -70.359115600585923 1.797299385070801 -0.11999999731779097 1.3875417709350588 1 257.01449584960943 -1.3644295930862425 -43.809534072875969 0.21900000423192981 -0.97789707779884327 68.500000000000014 -6.6039657592773429
decision_type=2 2 2 2 2 2 2 2 2 10 10 1 10 2 2 2 2 2 2 2 2 2 1 2 2 2 2 2 2 2
left_child=1 2 3 14 5 6 7 -5 28 10 11 13 -8 19 -1 16 -16 22 -2 24 21 -20 23 -6 -10 -26 -27 -28 29 -7
right_child=18 -3 -4 4 17 8 12 -9 9 -11 -12 -13 -14 -15 15 -17 -18 -19 20 -21 -22 -23 -24 -25 25 26 27 -29 -30 -31
leaf_value=-0.00021563916225066172 -0.0086059887628016103 -0.012128896478499679 -0.0077823765806865593 -0.019756319334435661 0.016276832875542387 -0.018434953987465585 0.042579269971328826 0.039339762896862765 0.036801376917123735 -0.012809751387402696 0.020349929419539121 -0.01220123956402995 0.011626346326456028 -0.011450364926153313 -0.024224423443418894 0.005627535301599971 0.026816474398433716 0.011724092218021585 0.024966317275906133 -0.02809554122651026 0.012203079405050433 -0.0059019125915927041 -0.00034541136490184822 -0.0077522345981738327 -0.012265771836308635 0.0056509517624437995 -0.00025621708968996622 0.04797805013931835 -0.025189200528002886 0.027553945111857107
leaf_weight=155.95780880749226 49.154184684157372 98.740676287561655 210.14962244406343 54.674095280468464 140.62810949236155 11.193806611001493 17.870598062872887 18.753944370895624 13.042314313352106 110.31349699944258 65.40629144012928 160.60694364085793 96.060373678803444 46.945549920201302 94.849902424961329 37.786519162356853 7.3762663751840583 178.86355298012495 18.227510713040829 8.3994784727692586 228.62545620650053 90.131938368082047 498.294170178473 60.814960155636072 33.592698626220226 117.24289670586586 12.493320621550085 19.188423965126276 54.821019388735294 9.0727783963084203
leaf_count=1153 317 788 1559 500 890 125 130 89 72 637 354 1716 579 321 921 365 55 1051 93 92 1341 545 3240 495 279 880 89 118 649 77
internal_value=0.000112456 -0.000859755 -0.000356555 0.000417826 0.0015955 -0.00117531 0.00854302 -0.00433707 -0.0039332 -0.00213459 0.00035627 -0.00286318 0.0168097 0.00348494 -0.00644125 -0.0133251 -0.0203174 0.00427339 0.00597382 0.00713174 0.00811967 -0.000528648 0.00235486 0.00859549 0.00878003 0.00658806 0.0108943 0.0295316 -0.0177865 0.00248054
internal_weight=2719.28 2333.14 2234.4 2024.25 1728.28 849.678 187.359 73.428 662.319 587.231 476.918 411.512 113.931 250.905 295.97 140.013 102.226 878.601 386.139 203.959 336.985 108.359 699.737 201.443 195.56 182.517 148.925 31.6817 75.0876 20.2666
internal_count=19520 17224 16436 14877 12383 6707 1298 589 5409 4558 3921 3567 709 1851 2494 1341 976 5676 2296 1530 1979 638 4625 1385 1438 1366 1087 207 851 202
cat_boundaries=0 1 2
cat_threshold=5 48
is_linear=0
shrinkage=0.03


Tree=102
num_leaves=31
num_cat=1
split_feature=29 17 17 14 17 28 6 12 28 1 9 6 4 32 18 14 18 5 11 18 5 14 9 6 28 18 17 17 14 0
split_gain=17.3622 16.9829 22.8541 13.2425 18.0238 19.5219 15.4925 14.8706 14.1648 17.8647 15.9134 13.8701 17.1531 13.3034 13.6894 16.6801 20.6295 12.9658 15.4953 12.665 10.9728 13.2792 10.7846 10.7345 11.4684 13.445 13.7762 13.3133 13.2809 9.97702
threshold=86.164299011230483 -0.34192450344562525 -0.38627845048904413 0.70499998331069957 -1.219604969024658 24.009605407714847 -0.97606927156448353 0.14649999886751178 22.590013504028324 29.426011085510257 -1.2956423759460447 -0.97789707779884327 7.5000000000000009 0 0.741478592157364 0.014999999664723875 0.63601747155189525 0.038674917072057731 74.500000000000014 0.91998252272605907 0.63088810443878185 -0.37499999999999994 -38.419609069824212 -0.9563411772251128 22.786700248718265 1.4408521652221682 -0.53963491320610035 -0.69458991289138783 -0.59499999880790699 4.4209465980529794
decision_type=2 2 2 2 2 2 2 2 2 2 2 2 10 1 2 2 2 2 2 2 2 2 2 2 2 2 2 2 2 2
left_child=1 2 3 4 5 -1 7 -6 17 10 -10 12 -9 19 15 -15 -17 22 -19 -8 -3 -22 -5 -16 27 26 -26 28 -25 -27
right_child=-2 20 -4 8 6 -7 13 11 9 -11 -12 -13 -14 14 23 16 -18 18 -20 -21 21 -23 -24 24 25 29 -28 -29 -30 -31
leaf_value=-0.021808125480580531 -0.018116846820852444 0.00085569252596723333 -0.0260587535528948 0.011581279260264983 -0.020570284055545309 0.004238146620108324 -0.0037411101103079101 -0.010328046203668157 -0.0043212015260766087 -0.025385708414292569 0.036945872961009887 -0.023969600404386254 0.047040121633025102 -0.0068270243452929211 0.022560321243348152 -0.00032134702080505043 0.04157728866949946 -0.022623298456306333 0.019628469342312937 0.014294713134060605 -0.0061701750591526246 0.014230461629877478 0.05027703477739455 0.026615347111147002 -0.011904868517007261 0.042523990245596846 0.024414198834248543 -0.02454933707635849 -0.0094087803985028143 0.0042121225550838101
leaf_weight=88.785850685089827 47.973490443080664 1640.5320582278073 37.754454888403416 13.169487901031973 65.649176321923733 35.992249395698309 53.880387414246798 8.1245376467704791 26.179607346653938 20.576136168092489 11.2701074257493 8.3111984953284281 9.2104877382516843 36.051064729690552 10.210677430033682 20.953801225870848 20.323736622929573 11.509273104369642 19.861977383494377 97.398776412010193 37.457800269126892 115.60471385717392 13.441197104752062 9.1352205798029882 56.642487157136202 9.1657038182020205 10.269929409027098 52.41941075026989 103.69178076460958 15.995560515671967
leaf_count=873 654 10640 349 103 866 285 390 98 163 202 62 91 83 266 104 178 127 83 133 652 180 752 74 92 452 45 67 422 855 122
internal_value=-0.000416518 -9.05492e-05 -0.00353829 -0.00248151 -0.00401356 -0.0143211 -0.00180349 -0.0130896 0.00687822 -0.00358901 0.0087356 0.00611262 0.0210561 0.000295447 -0.00296294 0.00799937 0.0208037 0.0172366 0.00390741 0.00740248 0.00157512 0.00923033 0.0322397 -0.00625988 -0.0074864 0.000996992 -0.00605309 -0.0121908 -0.00628383 0.0192603
internal_weight=2707.54 2659.57 865.974 828.22 712.212 124.778 587.434 91.2954 116.008 58.0259 37.4497 25.6462 17.335 496.139 344.859 77.3286 41.2775 57.9819 31.3713 151.279 1793.59 153.063 26.6107 267.531 257.32 92.0737 66.9124 165.246 112.827 25.1613
internal_count=19463 18809 7237 6888 6068 1158 4910 1138 820 427 225 272 181 3772 2730 571 305 393 216 1042 11572 932 177 2159 2055 686 519 1369 947 167
cat_boundaries=0 1
cat_threshold=40
is_linear=0
shrinkage=0.03


Tree=103
num_leaves=31
num_cat=0
split_feature=17 4 8 5 12 12 18 5 28 16 4 4 18 16 20 28 12 12 29 18 4 12 5 12 28 18 17 8 28 12
split_gain=20.6737 20.0155 16.1074 14.1125 11.4691 11.7635 11.6249 11.1678 12.9363 18.0617 11.1403 26.2789 18.0366 13.34 13.182 16.9262 13.9478 16.508 11.7461 20.4035 14.7989 11.9595 13.2459 12.7991 15.6507 11.1298 10.5936 16.1615 15.7921 11.1398
threshold=-1.2670373916625974 1.5000000000000002 -55.639192581176751 -0.9936448037624358 -0.37800000607967371 -0.52750000357627858 0.4964651763439179 -0.73172146081924427 19.008403778076175 -0.074701867997646318 168.50000000000003 72.500000000000014 1.637889087200165 -1.8195750117301939 1.0000000180025095e-35 22.726541519165043 -0.090500000864267335 -0.28399999439716334 76.151096343994155 0.46393503248691564 10.500000000000002 -0.20100000500679013 -0.75976759195327748 -0.10150000080466269 18.289889335632328 0.93402358889579784 -1.8101940155029295 -12.427230834960936 23.15529823303223 -0.030999999493360516
decision_type=2 10 2 2 2 2 2 2 2 2 10 10 2 2 2 2 2 2 2 2 10 2 2 2 2 2 2 2 2 2
left_child=26 3 7 25 5 6 -4 8 -3 -10 11 13 14 -6 16 -16 17 -12 19 20 -15 -20 -23 -24 -25 -2 27 -1 -28 -30
right_child=1 2 4 -5 10 -7 -8 -9 9 -11 12 -13 -14 18 15 -17 -18 -19 21 -21 -22 22 23 24 -26 -27 28 -29 29 -31
leaf_value=-0.022208621031962965 0.034046468632474819 -0.010605889689193911 0.021218076690826457 -0.0054749154353095492 -0.015770329080708967 -0.013299113094896018 -0.0023787596474663482 -0.011436786412887576 0.016308826255246111 -0.0063795156755630036 -0.012541869968087243 0.01671077279650604 0.010116212192265186 0.00041368087718098349 -0.035566376814938142 0.0012868884438342087 -0.0066599783738216555 0.022220339149300525 0.010976710835796067 0.010591783583101654 -0.035055374417714578 0.006064100492157937 -0.020085464579707883 0.013460526955150272 -0.0053572431661433216 -0.0032438782822993028 -0.02360999474576974 0.014487881920137882 0.014057103665747361 -0.01952701315698295
leaf_weight=15.722632538527249 13.970173373818399 63.922052890062332 21.986583545804024 526.84089491888881 29.866718083620071 70.899386771023273 102.12021071091294 118.39403807744384 67.487681765109301 57.826614871621132 17.403810247778893 160.1296963095665 97.413820408284664 38.346368223428726 24.930983848869801 19.646714568138123 142.66947777569294 36.957301579415798 97.687860675156116 365.29382736235857 13.612730823457239 174.16298308223486 39.129149537533522 47.82831908762455 213.89501373842359 13.577776052057741 72.649802982807159 29.51759634539485 21.482869692146778 13.702923279255627
leaf_count=168 61 358 124 4796 214 672 691 1140 385 358 91 917 565 238 133 112 754 209 644 2103 80 1022 378 305 1777 86 699 213 155 136
internal_value=3.58433e-05 0.000674054 0.00205899 -0.0043708 0.00319356 -0.00364154 0.00193781 -0.00425224 0.000279191 0.00587161 0.00407287 0.00544901 -0.000718647 0.00366608 -0.00511083 -0.0196522 -0.00173827 0.0110656 0.0042678 0.00809015 -0.0093653 0.00147371 -0.000499556 -0.00430675 -0.00188027 0.0161971 -0.0106388 0.00153003 -0.0157111 0.000799757
internal_weight=2729.08 2576 2021.61 554.389 1713.98 195.006 124.107 307.63 189.236 125.314 1518.97 1179.95 339.022 1019.82 241.608 44.5777 197.031 54.3611 989.956 417.253 51.9591 572.703 475.015 300.852 261.723 27.5479 153.076 45.2402 107.836 35.1858
internal_count=19584 18213 13270 4943 11029 1487 815 2241 1101 743 9542 7678 1864 6761 1299 245 1054 300 6547 2421 318 4126 3482 2460 2082 147 1371 381 990 291
is_linear=0
shrinkage=0.03


Tree=104
num_leaves=31
num_cat=1
split_feature=29 17 3 14 5 17 17 25 5 5 16 17 16 16 18 32 5 17 16 10 16 28 18 14 3 6 14 13 8 29
split_gain=21.6666 16.5245 19.0744 16.9808 14.0231 21.6099 18.3201 19.0832 14.6909 18.4951 16.0759 17.6536 14.6558 40.2186 22.2799 17.6661 32.134 18.1537 23.1162 19.0708 20.5845 18.7492 17.3392 21.6186 13.4407 14.3332 13.2315 12.8588 11.9843 11.7119
threshold=86.164299011230483 -1.2670373916625974 1.0000000180025095e-35 0.70499998331069957 -0.98902499675750721 0.76505395770072948 0.86208418011665355 1.0000000180025095e-35 -0.8126716911792754 -0.53371313214302052 -0.36492605507373804 1.0742033720016482 1.011741101741791 0.96688616275787365 1.7047763466835024 0 -0.70125329494476307 0.054722087457776077 0.78855508565902721 0.22500000149011615 -1.8195750117301939 24.009605407714847 1.7617849707603457 0.42499999701976782 320.57951354980474 -0.92772412300109852 0.15500000119209292 58.500000000000007 -10.485037803649901 81.26676177978517
decision_type=2 2 2 2 2 2 2 2 2 2 2 2 2 2 2 1 2 2 2 2 2 2 2 2 2 2 2 2 2 2
left_child=1 3 -3 29 5 -4 7 12 -8 -10 28 -12 13 15 -14 16 -6 -17 19 20 -19 26 -16 -24 25 -18 -22 -9 -11 -1
right_child=-2 2 4 -5 6 -7 8 27 9 10 11 -13 14 -15 22 17 24 18 -20 -21 21 -23 23 -25 -26 -27 -28 -29 -30 -31
leaf_value=-0.017223721389952911 -0.019888989647442745 0.0092080177725483454 0.014474705450804053 0.012627468372965986 0.023367355526373524 -0.013995370293661517 0.01685639304614981 -0.017980980750969482 -0.011254745491745431 -0.014367092248198461 -0.0021509053153494872 0.020605970220029343 -0.014539807106975848 0.038271107285858572 0.036517405606553914 -0.004313747716997246 -0.0098284036754615854 -0.020470943044173063 -0.030186388491338177 -0.0039180480370486293 0.012700116272661353 -0.013636772357763035 -0.021006385289085331 0.019859818977479349 -0.028698378774373041 0.012446588949766366 0.035742351481934935 0.0086221966651659418 0.0061815440801570682 0.012075776476211076
leaf_weight=107.21706347540021 46.606622498482466 235.67087611556053 123.42667725682259 25.502499360591173 74.884347453713417 28.880812145769596 80.269950583577156 95.053389418870211 67.566539403051138 43.407357580959797 45.598649397492409 91.679318707436323 146.48533473908901 23.581444919109344 12.977728858590124 822.64264836162329 47.699216231703758 17.027928069233894 16.364960398525 129.55758187547326 166.02899830788374 20.671309430152178 23.649757072329521 21.098235346376896 13.562592972069977 54.814109228551388 25.544893324375153 19.079042613506317 59.219788573682308 13.136892583221195
leaf_count=1024 649 1420 595 158 468 141 372 690 507 256 296 526 1113 136 70 6857 470 118 144 870 945 153 184 113 172 345 148 92 335 116
internal_value=0.000170636 0.00053049 0.00110315 -0.00925071 0.000258304 0.00902008 -0.000375585 -0.00169659 0.00551005 0.00250287 0.00640819 0.0130861 -0.000855602 0.000232704 -0.00834708 -0.000440251 0.00778051 -0.00180604 0.00364112 0.00526347 0.0104462 0.013011 0.00734763 -0.00172544 -0.00172421 0.00208726 0.0159423 -0.0134976 -0.00256451 -0.0139525
internal_weight=2698.91 2652.3 2506.44 145.856 2270.77 152.307 2118.47 1730.72 387.742 307.472 239.905 137.278 1616.59 1412.38 204.211 1388.8 190.96 1197.84 375.196 358.831 229.273 212.245 57.7257 44.748 116.076 102.513 191.574 114.132 102.627 120.354
internal_count=19483 18834 17536 1298 16116 736 15380 13088 2292 1920 1413 822 12306 10826 1480 10690 1455 9235 2378 2234 1364 1246 367 297 987 815 1093 782 591 1140
cat_boundaries=0 1
cat_threshold=32
is_linear=0
shrinkage=0.03


Tree=105
num_leaves=31
num_cat=0
split_feature=29 17 17 13 29 17 16 3 16 17 17 28 2 8 13 2 28 0 10 29 10 28 11 7 2 7 10 10 16 8
split_gain=18.3727 17.0836 19.4347 15.993 18.3356 14.28 13.499 16.4607 24.1384 14.5416 12.3283 12.14 14.4688 13.0729 12.9467 11.9967 11.7252 10.9593 17.1202 13.4576 15.2491 18.0809 13.7359 18.2671 25.1321 14.3816 13.6243 11.6309 12.8297 11.5726
threshold=86.164299011230483 -0.34192450344562525 -0.38627845048904413 43.500000000000007 76.34873199462892 -0.30042955279350275 1.1675921082496645 507.98284912109381 1.5459565520286562 -0.24851682782173154 1.2232449650764468 24.994574546813968 18.8245964050293 97.238903045654311 37.500000000000007 134.57571411132815 22.948931694030765 2.7414832115173344 -0.12499999627470969 76.013408660888686 0.39499999582767492 20.863806724548343 74.500000000000014 -11.99789524078369 234.51697540283206 -19.212480545043942 -0.50999999046325672 -0.35500000417232508 -0.98455500602722157 -6.6039657592773429
decision_type=2 2 2 2 2 2 2 2 2 2 2 2 2 2 2 2 2 2 2 2 2 2 2 2 2 2 2 2 2 2
left_child=1 2 17 4 -3 15 9 8 -8 16 -10 13 -13 14 -6 -5 -7 18 -1 20 22 -22 23 24 25 -19 -25 28 -21 -20
right_child=-2 3 -4 5 11 6 7 -9 10 -11 -12 12 -14 -15 -16 -17 -18 19 29 27 21 -23 -24 26 -26 -27 -28 -29 -30 -31
leaf_value=-0.0083572337700279845 -0.018479982213497653 0.0042810691653820425 -0.024203397068375373 0.046422898313325446 -0.0047762684281720067 -0.020064652733871726 -0.012871589242335663 -0.022001219546138328 0.050222666677970824 0.0054312996390459738 0.0063776094863844252 0.025064754961646778 -0.0031366009516750992 0.010567855204419659 -0.019783402947863585 0.0087020514154073324 0.010536745518583598 -0.0096960488066490692 0.0014444948906388862 0.021386942912024465 0.031411579539610164 -0.0079134140858020813 -0.011872753224424297 0.029597298662683104 0.068979104871184443 0.03697148032943836 -0.014019114673685841 -0.01036100342598268 -0.0043865558616307037 0.01678643304515608
leaf_weight=79.27532746270299 45.502323608845472 256.25895851477981 35.938036695122719 11.864715516567232 100.22674463689327 35.824874643236399 33.627192486077547 38.419771865010262 9.7424469888210314 1012.7077470272779 13.208332046866415 18.869279474020004 92.193208325654268 23.703723896294832 107.80801952257752 19.967347502708435 15.492847573012112 15.285128947347406 99.106056421995163 21.764683414250612 28.506676845252514 15.82859245687723 69.846345342695713 6.8883416913449755 7.2251667007803908 8.4237922020256519 34.856143593788147 294.55542895942926 72.601461824029684 79.249680675566196
leaf_count=515 634 1584 347 68 673 239 268 272 50 6112 96 85 780 176 914 128 122 140 667 161 174 137 641 58 52 66 318 3011 624 437
internal_value=0.000214328 0.000541031 -0.00290713 0.00221647 -0.00177976 0.00422658 0.00367044 -0.0071133 0.003203 0.004639 0.0263094 -0.00630977 0.00183566 -0.0102046 -0.0126107 0.0237474 -0.0108013 -0.0019609 0.00317374 -0.00425989 0.00234864 0.0175069 -0.00245577 0.00663255 0.0237325 0.00771018 -0.00629784 -0.00743288 0.00171979 0.00831704
internal_weight=2704.77 2659.27 869.351 1789.92 599.06 1190.86 1159.02 94.9977 56.578 1064.03 22.9508 342.801 111.062 231.738 208.035 31.8321 51.3177 833.413 257.631 575.782 186.86 44.3353 142.525 72.6786 30.9341 23.7089 41.7445 388.922 94.3661 178.356
internal_count=19549 18915 7348 11567 4212 7355 7159 686 414 6473 146 2628 865 1763 1587 196 361 7001 1619 5382 1586 311 1275 634 258 206 376 3796 785 1104
is_linear=0
shrinkage=0.03


Tree=106
num_leaves=31
num_cat=0
split_feature=29 17 17 16 28 16 10 16 10 16 6 12 8 16 16 11 9 29 12 18 5 0 6 12 18 0 9 10 14 17
split_gain=16.6183 14.3542 20.2926 13.4855 25.5157 13.6131 16.5443 16.9308 38.9828 27.0778 17.3259 15.6854 15.6975 15.6081 15.1698 22.1318 16.4435 14.0513 24.6954 24.9874 13.9572 13.6422 13.6108 12.8166 12.7674 12.4594 20.761 20.6624 18.3387 24.4436
threshold=86.164299011230483 -0.34192450344562525 -0.38627845048904413 -1.8682830333709715 24.009605407714847 -1.3644295930862425 -0.44499999284744257 0.10985428094863893 -0.35500000417232508 -0.22263643890619275 -0.77289488911628712 -0.158500000834465 -2.0244437456130977 0.98491400480270397 0.41872498393058782 76.500000000000014 -48.04496765136718 76.484970092773452 -0.090500000864267335 0.81021401286125194 -0.13282711803913114 37.420553207397468 -0.80187052488327015 0.26000000536441809 0.3860755860805512 13.258056163787844 -3.2728086709976192 -0.34499999880790705 -0.30500000715255732 -1.0595335364341734
decision_type=2 2 2 2 2 2 2 2 2 2 2 2 2 2 2 2 2 2 2 2 2 2 2 2 2 2 2 2 2 2
left_child=1 2 25 4 -3 11 13 9 -9 10 20 -5 -13 17 15 16 -10 18 -7 24 23 -18 -17 -8 -20 26 -1 28 -27 -30
right_child=-2 3 -4 5 -6 6 7 8 14 -11 -12 12 -14 -15 -16 22 21 -19 19 -21 -22 -23 -24 -25 -26 27 -28 -29 29 -31
leaf_value=-0.0026036290881388223 -0.017656835651218155 -0.025968455086811091 -0.02440938110235218 0.025231635496753595 0.021841877100597963 -0.025732013455613805 -0.019118414356946455 0.03985299721982586 -0.026063381120370318 -0.0092833961205722182 0.0099758725620571111 0.011558633779002108 -0.015747464180784397 -0.022805335293704588 0.0017998164720964254 0.030950253419011357 0.018676560203024564 -0.0087505581687916563 0.021810980340363488 0.026942088349842949 0.0033476113412678654 -0.013308795272407886 0.010286677121740124 0.0078815392537555928 -0.012967152153408509 -0.00045896491084996269 0.011601516154753752 -0.0093579594077792868 -0.016428933624353645 0.05151644758558889
leaf_weight=299.38371937349439 45.479421757161617 36.509196117520332 36.173349536955357 47.26668605953455 12.863897830247877 17.92229912802577 58.34175830706954 29.059014834463596 17.288028672337532 207.65486931055784 213.08426124975085 68.117319256067276 25.145945310592651 37.159774985164404 437.43184752762318 53.277582615613937 31.91375095397234 132.28837163001299 11.972066365182398 47.348945580422878 159.33186636120081 18.008434046059847 64.122657552361488 20.939208727329969 34.656709581613541 74.70921878144145 132.89506363123655 305.22598208487034 6.3384988754987743 14.329384487122296
leaf_count=2117 652 243 346 256 76 128 521 142 128 1459 1273 359 160 285 2906 306 169 896 71 234 1027 149 354 164 210 648 809 3217 79 122
internal_value=0.000126484 0.000438138 -0.00272089 0.00197967 -0.0133254 0.00242331 0.00162945 0.00304677 0.00647434 -0.000342583 0.00377913 0.0113405 0.00410732 -0.00495953 0.00485358 0.0120408 -0.00168467 -0.00216188 0.00563578 0.0118258 -0.00177318 0.00710371 0.0198462 -0.011978 -0.00376731 -0.00175079 0.00178014 -0.00555585 0.00658252 0.0308822
internal_weight=2696.24 2650.76 869.055 1781.7 49.3731 1732.33 1591.8 1310.45 651.101 659.352 451.697 140.53 93.2633 281.348 622.042 184.61 67.2102 244.188 111.9 93.9777 238.613 49.9222 117.4 79.281 46.6288 832.882 432.279 400.603 95.3771 20.6679
internal_count=19506 18854 7338 11516 319 11197 10422 8598 4154 4444 2985 775 519 1824 4012 1106 446 1539 643 515 1712 318 660 685 281 6992 2926 4066 849 201
is_linear=0
shrinkage=0.03


Tree=107
num_leaves=31
num_cat=0
split_feature=29 18 0 18 18 9 4 4 18 4 4 2 4 7 4 18 28 9 0 14 20 29 18 4 2 2 0 27 14 7
split_gain=18.0173 14.2687 11.8026 12.7917 26.0868 24.1217 13.9291 24.0879 11.6249 10.8686 11.022 11.4482 10.6724 10.0132 10.3183 9.44603 8.8933 8.52434 12.4469 9.75458 11.9045 8.84109 8.43036 10.4137 10.0582 15.8473 8.7097 8.35321 14.1747 10.5438
threshold=86.164299011230483 2.7290999889373784 34.704254150390632 2.1211340427398686 2.0718435049057011 -26.121124267578121 168.50000000000003 57.500000000000007 1.9333299994468691 154.50000000000003 64.500000000000014 36.29353332519532 4.5000000000000009 -75.660694122314439 45.500000000000007 1.8445399999618532 20.863806724548343 -1.9256995916366575 6.2539479732513437 -0.35500000417232508 1.0000000180025095e-35 79.001594543457045 1.7282904982566836 4.5000000000000009 191.13148498535159 101.48119354248048 10.428303718566896 1.0000000180025095e-35 -0.68500000238418568 89.744697570800795
decision_type=2 2 2 2 2 2 8 10 2 10 10 2 10 2 10 2 2 2 2 2 2 2 2 10 2 2 2 2 2 2
left_child=1 2 3 4 6 -5 7 13 17 10 -9 -12 27 -1 15 22 -17 19 -19 20 -8 -21 23 24 25 -15 -24 28 -4 -30
right_child=-2 -3 12 5 -6 -7 8 9 -10 -11 11 -13 -14 14 -16 16 -18 18 -20 21 -22 -23 26 -25 -26 -27 -28 -29 29 -31
leaf_value=-0.024007010054286446 -0.018685991752873918 0.016855467628575371 -0.018896124350579812 -0.027430068298007169 0.031881973473852632 0.00052125430951072181 0.0054069173541057775 0.037691992249865136 0.016987630537400072 0.033876060148207508 0.0059249060597844306 0.036540936361007727 0.0060563369159223153 0.011810497814971396 -0.01890078833408607 -0.02131004907860154 0.0042212344379933949 0.010814560420687146 -0.015066368429786828 -0.015084485706999226 -0.02475907959269372 0.0040544018720849312 0.026246032909597414 0.00042956405626528118 0.019224503566581948 -0.0080580735761581323 0.0003785732064188378 0.0041842923295326391 -0.0055379167521908568 0.007095757613416972
leaf_weight=12.907433010637758 44.891159981489182 44.896049290895462 63.381395384669304 38.014393173158169 24.993831373751163 96.436096552759409 70.556589785963297 11.35819276422262 21.85870698094368 18.857177577912807 153.51472143828869 10.915979154407976 101.10905495285988 91.289777230471373 20.63054620474577 28.382203303277493 20.607737723737955 56.852015361189842 22.557791173458099 138.56981977820396 13.092881347984074 25.288282841444016 25.906176403164864 757.39389265328646 52.696649625897408 58.484606690704823 20.801464103162289 89.984614498913288 489.2051855251193 66.789990808814764
leaf_count=133 634 265 688 328 143 595 370 67 118 103 874 54 782 683 122 209 149 315 110 814 74 140 145 4981 381 461 158 631 4430 558
internal_value=-4.92121e-05 0.000273751 -1.86741e-05 0.00133997 0.00206323 -0.00752584 0.00158747 0.00303166 -0.00372167 0.012724 0.0102762 0.00816599 -0.00302062 0.00128935 0.00161475 0.00203323 -0.0107007 -0.00515394 0.00336668 -0.00789023 0.000448601 -0.0121241 0.002663 0.00204891 0.00807461 0.00405014 0.0149752 -0.00432111 -0.00556155 -0.00401026
internal_weight=2692.22 2647.33 2602.44 1791.97 1657.52 134.45 1632.52 1283.75 348.776 194.646 175.789 164.431 810.47 1089.1 1076.19 1055.56 48.9899 326.917 79.4098 247.508 83.6495 163.858 1006.57 959.865 202.471 149.774 46.7076 709.361 619.377 555.995
internal_count=19515 18881 18616 11527 10604 923 10461 8520 1941 1098 995 928 7089 7422 7289 7167 358 1823 425 1398 444 954 6809 6506 1525 1144 303 6307 5676 4988
is_linear=0
shrinkage=0.03


Tree=108
num_leaves=31
num_cat=0
split_feature=9 14 17 16 6 16 28 17 28 16 9 7 17 2 3 16 16 17 17 17 14 5 16 5 15 16 11 29 5 14
split_gain=13.3469 17.1664 14.1737 14.1275 13.8145 14.6179 17.3226 12.3459 12.1065 17.3657 12.4512 11.3642 10.853 13.8353 20.1976 19.5569 14.7231 16.4453 21.6632 25.6638 18.2398 34.175 15.8009 11.8717 11.3399 14.8972 12.7214 11.1695 10.8444 10.6039
threshold=-10.897905826568602 -0.74500000476837147 1.0742033720016482 -1.8682830333709715 -0.95380109548568714 -0.51159128546714772 18.917017936706547 -0.234918437898159 20.863806724548343 -0.90331152081489552 75.03122711181642 -43.66581726074218 -1.1682549715042112 106.67781448364259 316.91842651367193 -0.11646045744419097 0.070914063602685942 -0.9375849962234496 -0.49491618573665613 0.25146600604057318 0.2950000017881394 0.20903649181127551 -0.19112948328256604 0.29221479594707495 33.500000000000007 -0.36812625825405115 83.500000000000014 79.142368316650405 0.3732354491949082 0.16499999910593036
decision_type=2 2 2 2 2 2 2 2 2 2 2 2 2 2 2 2 2 2 2 2 2 2 2 2 2 2 2 2 2 2
left_child=3 -2 4 -1 8 6 7 -6 9 -3 -11 -7 27 16 -15 -16 22 -18 23 -20 29 -22 24 -19 -14 -26 28 -5 -27 -21
right_child=1 2 -4 12 5 11 -8 -9 -10 10 -12 -13 13 14 15 -17 17 18 19 20 21 -23 -24 -25 25 26 -28 -29 -30 -31
leaf_value=-0.022749848535033205 -0.0081736288836186492 -0.019809415516842743 0.0097462445871469884 -0.017208618487034189 -0.015695222453561551 -0.023466224805075944 0.012255775329399575 0.0067750276383841323 -0.013363000617217078 0.00018466441632583767 0.024364598167570559 0.00094758105587064185 0.020476037490341392 -0.017526810322528358 0.0069953212279522895 -0.0080173762264132958 0.03927535797264526 -0.022946215504653731 0.02217781001711808 -0.0038751367722207278 0.025943699541113162 -0.022309310316270661 -0.016416998125490332 0.0092633717163639988 -0.0045228195142040292 -0.017490112908278326 0.030089249253158142 0.011584508397478202 0.01765657146661203 -0.033685199747438659
leaf_weight=29.415348552167416 142.70997163653374 27.063027739524841 216.77974334359169 69.900538947433233 38.916918240487576 16.663163255900145 239.0143624022603 48.153813324868679 95.268259573727846 67.224383909255266 25.819145228713751 601.12243023142219 22.359069760888815 94.987554855644703 131.93937012925744 188.38677633553743 12.367878638207911 32.63458301872015 82.483425032347441 58.333480712026358 46.111175939440727 17.486039645969868 59.323760878294706 14.187879525125025 231.3268568366766 14.674366757273676 21.70947203785181 13.892592977732418 14.931646522134541 12.260983623564242
leaf_count=269 1084 252 1331 753 271 153 1496 244 1106 516 178 3993 182 1021 1004 1438 77 312 494 353 226 105 441 100 1600 110 127 142 92 80
internal_value=-0.000159309 0.00169486 0.00272353 -0.00256818 0.00140301 0.00296776 0.00809598 -0.0033324 -0.00543644 0.000909316 0.00708221 0.000252223 -0.00202762 -0.00119689 -0.00545451 -0.00183126 0.00156938 0.0067853 0.00511758 0.00911764 0.000985291 0.0125366 -0.00238786 -0.0131966 0.000385591 -0.0012703 0.0131981 -0.0123545 0.000233673 -0.00945079
internal_weight=2687.45 1518.74 1376.03 1168.71 1159.25 943.871 326.085 87.0707 215.375 120.107 93.0435 617.786 1139.3 1055.5 415.314 320.326 640.191 275.865 263.498 216.675 134.192 63.5972 364.325 46.8225 305.001 282.642 51.3155 83.7931 29.606 70.5945
internal_count=19550 10624 9540 8926 8209 6157 2011 515 2052 946 694 4146 8657 7762 3463 2442 4299 1747 1670 1258 764 331 2552 412 2111 1929 329 895 202 433
is_linear=0
shrinkage=0.03


Tree=109
num_leaves=31
num_cat=0
split_feature=17 5 10 18 12 16 0 3 12 7 16 14 11 3 18 18 18 1 16 16 2 10 16 12 17 29 18 18 13 17
split_gain=14.4877 14.5641 16.618 14.6913 13.2099 16.0089 13.7145 12.5001 17.2573 15.5644 14.4888 15.8598 14.0954 19.2613 17.6729 13.9449 17.6631 17.9014 13.53 19.7675 12.3006 12.0948 16.5436 13.2959 11.4681 11.0777 10.9339 25.2189 10.8217 10.7737
threshold=1.3122850060462954 0.69509023427963268 -0.55500000715255726 2.1211340427398686 0.42849999666213995 0.41872498393058782 60.257751464843757 285.29481506347662 0.22399999946355822 -30.84140586853027 -0.5375225543975829 0.49499998986721044 78.500000000000014 773.70910644531261 1.6150261759757998 0.64485144615173351 0.94727855920791637 74.861248016357436 1.3949765563011172 1.3583245873451235 7.8629119396209726 0.14500000327825549 0.23271599411964419 0.15450000017881396 -0.6322750151157378 75.753208160400405 1.2237299680709841 0.91998252272605907 47.500000000000007 0.60379037261009227
decision_type=2 2 2 2 2 2 2 2 2 2 2 2 2 2 2 2 2 2 2 2 2 2 2 2 2 2 2 2 2 2
left_child=1 3 -3 4 6 -6 7 9 10 29 12 24 13 -9 -14 -10 -17 -18 19 -11 -4 23 -23 -2 -12 -7 27 -13 -28 -1
right_child=21 2 20 -5 5 25 -8 8 15 18 11 26 14 -15 -16 16 17 -19 -20 -21 -22 22 -24 -25 -26 -27 28 -29 -30 -31
leaf_value=-0.019557026042739116 -0.0033052013595394549 -0.0093881670301538735 0.030007672984148699 -0.012973068346247252 -0.014049129575613491 0.026593296905809367 -0.0054000179057942356 -0.0045828741015745402 -0.0088232178804192041 -7.2190239984214587e-05 -0.017991324290917276 0.0013452719335578839 0.022704618365963991 0.025951256221960872 -0.0094012038147726715 0.036123236737022058 0.019770581059967953 -0.018709179424331791 -0.021925395113153889 0.037443960985184432 0.0033835092726068956 0.0053150420633833384 0.029547329286104512 0.020064675013015759 -0.002065883365046416 -0.0025990521859862573 0.014069060865545761 0.054405357014574059 -0.019745864953913436 0.0024166564987510237
leaf_weight=65.591797489672899 128.37670792266726 25.907852798700333 36.22879196703434 97.834601618349552 141.28870114311576 13.756903417408465 396.94159716740251 98.406293243169785 17.519902683794498 807.95892487466335 47.35586116835475 19.140643626451492 77.989415135234594 21.873286318033934 18.581906285136938 35.204902704805136 35.407403666526079 14.613852001726626 23.916226979345083 11.841117933392523 27.391040734946728 75.625431329011917 37.593155845999718 25.378515806049109 259.21647104993463 55.786793924868107 18.601399004459381 12.99423850700259 14.064494121819733 28.46254126355052
leaf_count=723 819 124 271 797 1126 75 3704 719 106 5470 477 102 456 124 135 216 205 125 163 78 150 447 216 132 1767 375 110 66 85 197
internal_value=-0.000465021 -0.00119636 0.0106111 -0.00165355 -0.00115281 -0.00828103 -0.000407186 0.000812188 0.00387107 -0.00144339 0.001878 -0.00172084 0.00802088 0.00113806 0.0164939 0.0151534 0.0201274 0.00838225 -0.000146647 0.000514648 0.0187746 0.00615453 0.0135494 0.00065691 -0.00457636 0.0034708 0.0116529 0.0237954 -0.000644218 -0.0129519
internal_weight=2690.85 2423.88 89.5277 2334.35 2236.51 210.832 2025.68 1628.74 690.97 937.771 588.224 371.373 216.851 120.28 96.5713 102.746 85.2262 50.0213 843.716 819.8 63.6198 266.974 113.219 153.755 306.572 69.5437 64.8008 32.1349 32.6659 94.0543
internal_count=19560 17946 545 17401 16604 1576 15028 11324 4693 6631 4041 2607 1434 843 591 652 546 330 5711 5548 421 1614 663 951 2244 450 363 168 195 920
is_linear=0
shrinkage=0.03


Tree=110
num_leaves=31
num_cat=0
split_feature=29 3 29 5 12 28 3 14 3 14 3 14 5 29 3 5 14 9 5 5 0 0 17 17 12 3 16 12 18 5
split_gain=14.9986 13.9539 12.0321 14.9987 18.6063 15.9753 20.5612 14.7091 14.7832 12.6402 28.4463 19.6977 13.6584 11.5973 12.0713 17.8378 20.6233 17.1382 16.9977 13.7217 19.3463 15.2817 16.3696 15.2607 13.6172 12.8753 11.7747 11.1291 11.1723 10.6463
threshold=86.164299011230483 0.050898358225822456 75.224540710449233 -0.96105405688285817 0.42849999666213995 22.948931694030765 754.95867919921886 -1.0600000023841856 1160.4768066406252 0.14500000327825549 480.61811828613287 0.52500000596046459 -0.98902499675750721 76.34873199462892 285.29481506347662 -0.60434082150459278 1.0249999761581423 112.55723953247072 -0.49655652046203608 -0.70125329494476307 63.442726135253913 16.821443557739261 0.32790680229663854 -0.43760488927364344 -0.37100000679492945 666.33056640625011 -0.11646045744419097 0.12900000065565112 1.5407053232192995 -0.93404099345207203
decision_type=2 2 2 2 2 2 2 2 2 2 2 2 2 2 2 2 2 2 2 2 2 2 2 2 2 2 2 2 2 2
left_child=1 -1 -3 5 7 9 -7 -5 13 10 -4 12 -11 14 15 -9 18 19 -17 23 21 -21 26 -16 -20 29 -23 28 -8 -25
right_child=-2 2 3 4 -6 6 27 8 -10 11 -12 -13 -14 -15 17 16 -18 -19 24 20 -22 22 -24 25 -26 -27 -28 -29 -30 -31
leaf_value=0.0067640223481839467 -0.016679853532619342 0.0097485151535989332 0.037845587528112193 -0.021482767832226315 -0.012019592417717072 0.025164553596049445 0.0034338782974633109 -0.030787269036846095 0.03146615317363291 -0.0044507795770858324 -0.00011769576527327792 0.0030104914203668582 -0.039353381973108989 -0.0029509327702688282 -0.013206372981103149 0.028815302708967788 0.021630489999449408 -0.0094972117725903166 -0.02147143626833449 0.013559196675834129 -0.0015132792005115958 0.081391978727477068 0.012325908972469249 -0.0175626061384879 -0.0013460728049245851 0.034971222056810219 0.028476523214004523 0.020393563807268703 -0.02573122637813139 0.010321607654039021
leaf_weight=272.89483727514744 46.356049418449402 99.850636165589094 19.97667470574379 30.146328259259462 150.42455136403441 63.007915556430817 42.186292678117752 16.397265717387199 11.78104008734226 18.314104914665222 115.94619907438755 57.032778047025204 22.279724210500717 1012.7006609849632 31.735001176595688 14.520502187311648 35.855705745518208 45.039415750652552 32.470544222742319 28.464409504085779 25.425897892564535 10.503136273473503 9.9446204602718336 13.887404322624205 317.15095557272434 15.140962108969687 8.0143357962369937 20.994722194969654 15.323543444275854 71.944030694663525
leaf_count=1625 674 602 97 326 1233 306 204 136 77 92 647 301 132 8350 290 89 193 349 318 181 205 86 57 74 2127 87 61 101 83 399
internal_value=5.3586e-05 0.000354829 -0.000389956 -0.000842683 -0.001935 0.00462762 0.0125431 -0.00105227 -0.000677771 -0.000201582 0.00569744 -0.00838913 -0.0240925 -0.000920438 0.00211905 -0.00104959 0.000243193 0.00717634 -0.00191621 0.010696 0.020244 0.0298201 0.0450702 0.00466389 -0.00327109 0.0103548 0.0611227 0.00222405 -0.00464415 0.00565968
internal_weight=2675.71 2629.35 2356.46 2256.61 1881.55 375.062 141.512 1731.12 1700.98 233.549 135.923 97.6266 40.5938 1689.19 676.494 416.395 399.998 260.099 364.142 215.06 82.3524 56.9265 28.4621 132.707 349.621 100.972 18.5175 78.5046 57.5098 85.8314
internal_count=19502 18828 17203 16601 14638 1963 694 13405 13079 1269 744 525 224 13002 4652 2863 2727 1789 2534 1440 590 385 204 850 2445 560 147 388 287 473
is_linear=0
shrinkage=0.03


Tree=111
num_leaves=31
num_cat=0
split_feature=18 29 17 14 14 18 14 16 29 16 16 14 18 16 6 14 14 28 28 1 14 26 9 18 1 2 11 0 4 14
split_gain=14.1925 12.9462 13.567 21.0607 12.1217 10.8965 20.5118 10.7847 11.9894 11.675 23.565 20.838 15.6932 14.1001 13.2352 16.735 17.5634 16.2559 14.3251 20.3034 19.4958 23.5763 18.8243 15.8305 15.3491 13.7559 13.5315 12.7657 13.0704 13.358
threshold=2.7290999889373784 86.164299011230483 -1.2670373916625974 0.70499998331069957 -1.0349999666213987 0.244099996984005 -0.34499999880790705 -2.20131504535675 77.084831237792983 1.011741101741791 0.96688616275787365 0.38499999046325689 1.7047763466835024 2.1502023935317998 -0.97606927156448353 1.0249999761581423 -0.84999999403953541 18.63957500457764 20.863806724548343 154.5063400268555 0.014999999664723875 1.0000000180025095e-35 -63.98603439331054 1.4092208147048952 11.865643024444582 209.07149505615237 73.500000000000014 59.422590255737312 168.50000000000003 -0.84999999403953541
decision_type=2 2 2 2 2 2 2 2 2 2 2 2 2 2 2 2 2 2 2 2 2 2 2 2 2 2 2 2 8 2
left_child=1 2 3 -1 -4 6 -6 8 -7 10 14 -12 -11 -14 15 16 -9 25 19 20 21 22 -18 -20 -25 -16 -24 28 29 -19
right_child=-2 -3 4 -5 5 7 -8 9 -10 12 11 -13 13 -15 17 -17 18 27 23 -21 -22 -23 26 24 -26 -27 -28 -29 -30 -31
leaf_value=-0.014204500642352506 0.015957427261101189 -0.016306125959432857 -0.010444894008981232 0.015184412422265987 0.022747800794466692 -0.034153744677540142 -0.014300507051526598 0.029945770642566455 0.0078929327884449292 -0.009314963895155284 0.0052845301635147069 0.051556603533803855 0.0076666535358354965 -0.029363644077521813 -0.0067645024400654983 0.022729669683019038 0.031027347926961199 -0.014596818282949673 -0.020877158082393373 0.037150254284525584 -0.013967611967917831 0.04299606255312461 0.015253723890159394 0.03681912022316914 -0.0072392741471734683 0.010326249783033743 -0.018374874334684169 -0.0016696331405496756 -0.00022558374821013809 0.0084304890588890943
leaf_weight=117.11189630255103 49.407382022589445 42.696177694946527 83.99925422295928 26.08761989697814 15.021032892167566 14.69494226947427 84.892573639750481 11.435818962752817 9.469147674739359 180.91101951897144 19.29251316934824 15.444938629865645 110.84005631133914 9.1077889278531057 216.28997164964676 19.855098985135555 12.575554504990576 22.44145929068327 90.023755107074976 10.990112788975237 76.603121418505907 12.72505911439657 14.318680729717014 7.6486840471625319 39.17585426941514 51.718265764415264 36.012447733432055 234.73035609349608 233.65503680706024 815.08089885115623
leaf_count=1130 297 643 801 167 86 102 662 68 62 1321 109 78 727 74 1434 111 86 162 1090 78 611 63 119 49 372 344 298 1974 1278 5156
internal_value=0.000188995 -0.000112628 0.000160285 -0.00878235 0.000686566 0.00108618 -0.00856043 0.0015153 -0.0180181 0.00173388 0.00258678 0.0267249 -0.00375625 0.00463537 0.0021329 -0.00330927 -0.00503638 0.00328005 -0.00646459 -0.000448103 -0.00338712 0.00737168 -0.000394618 -0.0135854 0.000576961 -0.00344033 -0.0086971 0.00466083 0.00604831 0.0077968
internal_weight=2684.26 2634.85 2592.15 143.2 2448.95 2364.95 99.9136 2265.04 24.1641 2240.88 1940.02 34.7375 300.859 119.948 1905.28 331.364 311.509 1573.92 300.073 163.225 152.235 75.6317 62.9067 136.848 46.8245 268.008 50.3311 1305.91 1071.18 837.522
internal_count=19552 19255 18612 1297 17315 16514 748 15766 164 15602 13480 187 2122 801 13293 2945 2834 10348 2766 1255 1177 566 503 1511 421 1778 417 8570 6596 5318
is_linear=0
shrinkage=0.03


Tree=112
num_leaves=31
num_cat=1
split_feature=3 29 2 28 9 16 9 12 12 9 29 6 12 31 12 16 14 10 6 5 14 10 12 6 10 10 2 8 12 28
split_gain=14.3386 9.18873 8.91745 13.5564 10.3899 8.44772 8.17703 8.10101 13.8771 12.6409 11.2349 14.2233 9.91881 16.1668 27.3344 33.3406 25.2251 30.6941 23.8158 23.5587 20.2788 18.5185 17.4421 32.3291 18.1899 16.2866 15.4428 14.5118 14.4822 14.021
threshold=1.0000000180025095e-35 86.164299011230483 6.1409459114074716 24.009605407714847 -1.9256995916366575 2.1502023935317998 -1.7449471950531004 0.42849999666213995 0.73149999976158153 -118.77739334106444 75.522090911865249 -0.80187052488327015 0.035499999299645431 0 -0.028500000014901158 -0.66705372929573048 -0.6599999964237212 -0.64500001072883595 -0.98471984267234791 0.45150023698806768 0.78000000119209301 -0.24499999731779096 -0.14499999582767484 -0.74761795997619618 0.24000000208616259 -0.094999998807907091 22.083073616027836 -24.358454704284664 -0.71900001168251026 20.863806724548343
decision_type=2 2 2 2 2 2 2 2 2 2 2 2 2 1 2 2 2 2 2 2 2 2 2 2 2 2 2 2 2 2
left_child=2 5 4 6 -1 7 -4 12 9 -9 11 -11 13 14 15 18 -15 -18 -2 -16 22 -20 27 24 -24 -23 -26 -17 -19 -14
right_child=1 -3 3 -5 -6 -7 -8 8 -10 10 -12 -13 29 16 19 20 17 28 21 -21 -22 25 23 -25 26 -27 -28 -29 -30 -31
leaf_value=0.0065952134888519233 -0.011952681183584307 -0.014837313955407855 -0.016465009109111778 -0.020516351388029312 0.024247547325795052 -0.02720041940563624 0.014218116384197101 0.013499947143466584 0.013422294618586673 0.033382231620793873 -0.014737390976570394 -0.011582788810148206 0.0064935158759271685 -0.02274775386226828 -0.025896063599099507 -0.016753006003477931 0.029755659953549621 0.014645274501636784 0.036072715313364763 0.011095945900091535 0.022340256851412322 -0.02270546954883991 -0.029168722838335312 0.024804582850708853 0.018149814201846411 0.016542680240128716 -0.021902295778666966 -0.0016815615707950914 -0.0054469943242192401 -0.0011102815234241715
leaf_weight=141.30380414426327 24.158731445670128 39.386805258691311 9.1611168310046178 23.054543361067772 37.586280606687069 9.5439682826399785 34.004170596599579 19.542982716113329 28.253216750919819 9.7622499689459818 141.85511725395918 14.520228087902067 440.45763902366161 62.31061328202486 51.799798674881458 86.555212549865246 23.958967465907335 33.409973427653313 43.423934556543827 21.261982470750809 31.025251604616642 9.7031385228037816 21.262757159769535 50.45793429017067 25.20305211097002 93.971654653549194 11.977896459400652 168.24794048070908 534.05066413804889 431.16862335428596
leaf_count=840 287 636 49 115 284 79 204 134 138 53 1142 94 2628 612 531 773 136 204 234 101 167 111 213 280 153 664 158 1301 3994 3249
internal_value=5.2333e-05 -0.000647012 0.00695228 -0.00242668 0.0104183 -0.000406838 0.00748077 -0.000287932 -0.0058429 -0.0088305 -0.0115223 0.00709979 0.000263576 -0.00140367 0.00198746 0.00425447 -0.00467555 -0.00281524 0.0152669 -0.0151264 -0.000549896 0.0197879 -0.00255841 0.00744621 -0.00770546 0.0126875 0.00501126 -0.00684672 -0.00424035 0.00273517
internal_weight=2672.38 2427.27 245.11 66.2198 178.89 2387.88 43.1653 2378.34 213.934 185.681 166.138 24.2825 2164.41 1292.78 639.049 565.988 653.73 591.42 171.257 73.0618 394.73 147.099 363.705 108.902 58.4437 103.675 37.1809 254.803 567.461 871.626
internal_count=19564 18072 1492 368 1124 17436 253 17357 1561 1423 1289 147 15796 9919 4973 4341 4946 4334 1296 632 3045 1009 2878 804 524 775 311 2074 4198 5877
cat_boundaries=0 1
cat_threshold=10
is_linear=0
shrinkage=0.03


Tree=113
num_leaves=31
num_cat=0
split_feature=29 18 12 12 12 28 5 18 6 5 12 12 18 18 8 17 12 24 29 18 13 18 17 3 12 7 28 17 14 5
split_gain=15.9936 13.1515 11.6444 12.6352 19.3015 25.3834 15.9367 22.997 15.764 19.3942 15.66 29.7242 17.4749 25.8602 21.7018 14.7553 14.5191 22.2593 20.5187 19.6166 17.0983 14.78 14.0331 13.3422 13.1364 12.5791 12.1675 18.5055 12.166 13.0761
threshold=86.164299011230483 2.7290999889373784 0.42849999666213995 0.15049999952316287 0.13350000232458117 22.590013504028324 0.45150023698806768 2.2589294910430913 -0.97789707779884327 0.59747540950775158 -0.28399999439716334 -0.18749999999999997 1.7400228381156924 1.1025848388671877 -6.9016656875610343 1.1189950108528139 0.056499999016523368 1.0000000180025095e-35 76.836559295654311 1.1837971806526186 32.500000000000007 0.244099996984005 0.47327268123626715 790.58477783203136 -0.081000000238418565 -25.26020526885986 24.994574546813968 0.17250502109527591 -1.0349999666213987 -0.94917574524879444
decision_type=2 2 2 2 2 2 2 2 2 2 2 2 2 2 2 2 2 2 2 2 2 2 2 2 2 2 2 2 2 2
left_child=1 2 3 4 6 8 7 16 -6 -10 26 -12 13 24 -14 22 21 18 20 -19 -18 -1 -5 28 -13 -20 27 -8 29 -23
right_child=-2 -3 -4 15 5 -7 10 -9 9 -11 11 12 14 -15 -16 -17 17 19 25 -21 -22 23 -24 -25 -26 -27 -28 -29 -30 -31
leaf_value=-0.026164892059200456 -0.017683860185852798 0.015836307387952133 -0.0065592306467430203 0.0065137337753003394 0.028405922370312687 -0.026480229128240444 -0.024598399742074919 -0.021969345402206148 -0.019559288857249123 0.020673643261210541 0.032557983653399895 -0.018564734204734572 -0.010529518013750013 -0.012937363647923307 0.027955547944175357 0.019732963781810994 0.040265718843299783 0.048328807279011066 0.0059443208287129397 0.006682113821209733 0.0056844331944427449 0.0068938470076593096 -0.0070293630529776269 0.0074320831659823719 0.013381067471738778 -0.017501438105036873 0.015449652364543025 0.0052047770036624695 -0.0018529843778206418 -0.026309939076995786
leaf_weight=21.173358954489231 44.296106893569231 47.111641451716423 221.21325128152966 274.42915869504213 13.742131531238554 56.31236893683672 38.561156496405602 44.987531188875437 33.19731854647398 14.812429212033747 40.902908943593502 12.235831297934054 17.130811206996441 75.669917121529579 50.464746423065662 54.634815603494644 13.398182101547716 18.175327159464359 31.450905900448561 22.502191361039877 126.6868565492332 14.496464073657988 90.907357573509216 133.44585839286447 98.101619698107243 56.512765757739544 19.810039959847927 35.092533089220524 909.14025021344423 36.053634721785784
leaf_count=184 665 285 1622 1980 93 430 218 422 237 76 236 73 87 405 284 275 66 97 220 116 764 88 576 820 521 453 104 204 7481 443
internal_value=-9.36168e-06 0.000295818 5.48303e-06 0.000624907 -0.000400085 -0.0121015 0.000366907 -0.00109872 0.00122369 -0.00697769 0.0057505 0.00913874 0.00524847 0.000473025 0.0181909 0.00533495 -0.00040446 0.00584181 0.00214768 0.0260036 0.00925386 -0.00191469 0.00313379 -0.0014215 0.00970353 -0.00914595 -0.00490961 -0.0105191 -0.00265905 -0.0168389
internal_weight=2666.65 2622.35 2575.24 2354.03 1934.06 118.064 1815.99 1428.02 61.7519 48.0097 387.97 294.506 253.603 186.007 67.5956 419.971 1383.04 268.726 228.049 40.6775 140.085 1114.31 365.337 1093.14 110.337 87.9637 93.4637 73.6537 959.69 50.5501
internal_count=19525 18860 18575 16953 14122 836 13286 11154 406 313 2132 1606 1370 999 371 2831 10732 1716 1503 213 830 9016 2556 8832 594 673 526 422 8012 531
is_linear=0
shrinkage=0.03


Tree=114
num_leaves=31
num_cat=0
split_feature=12 12 13 28 6 10 16 12 5 10 4 3 11 5 11 3 3 29 7 29 16 28 5 10 9 14 29 13 29 28
split_gain=12.3454 14.2203 16.7443 18.4603 12.7418 12.1521 19.0723 12.0321 11.8459 17.8116 10.8988 16.3424 18.5669 10.4407 12.1203 14.4766 11.9873 10.4351 10.2887 10.1632 9.12152 9.4071 9.00229 9.35959 12.9434 14.8067 11.0931 8.97562 8.85454 8.54152
threshold=-0.37800000607967371 -0.52750000357627858 32.500000000000007 24.009605407714847 -0.85020262002944935 0.080000001937150969 0.73820891976356517 -0.35750000178813929 0.69509023427963268 -0.23499999940395352 226.50000000000003 446.98823547363287 71.000000000000014 -0.38118652999401087 76.500000000000014 455.47529602050787 371.31716918945318 76.34873199462892 1.4299843311309817 75.805187225341811 0.6538391411304475 24.009605407714847 -0.98902499675750721 0.56499999761581432 22.046154975891117 -0.49499998986721033 77.084831237792983 47.500000000000007 83.357944488525405 18.926905632019047
decision_type=2 2 2 2 2 2 2 2 2 2 10 2 2 2 2 2 2 2 2 2 2 2 2 2 2 2 2 2 2 2
left_child=1 5 -3 13 -5 6 -1 10 22 17 11 12 -2 14 15 -4 -16 -10 19 -7 21 -20 23 24 25 -9 -27 -6 -11 -14
right_child=7 2 3 4 27 18 -8 8 9 28 -12 -13 29 -15 16 -17 -18 -19 20 -21 -22 -23 -24 -25 -26 26 -28 -29 -30 -31
leaf_value=-0.0231351316445303 0.060281162216090603 0.028258070933288013 -0.022631423431745921 -0.019934622775397984 -0.004953129250938674 0.014786555821780201 0.013729596165687072 0.026048050328042943 0.015562374948051865 0.026232718089455129 -0.014458098545194864 -0.0096441054567745991 -0.0015835313291295194 -0.03310420118201883 0.0071622150782651326 0.023445777607070388 -0.032131836361492513 -0.015649018134561633 0.039172695829374125 -0.0059784415621756629 -0.0061564822642184479 7.2375759235554523e-05 -0.00066266662130609047 0.026139145425724042 0.018255642353530319 -0.021169875561682556 0.0063484257905179068 0.030450017997970577 -0.0065695167112645551 0.025832642163727052
leaf_weight=39.088288780301809 9.680478919297455 7.714544251561164 9.7501493841409701 13.218699358403681 10.847531735897066 28.605122432112694 17.649904485791922 11.130330726504324 13.99040314555168 47.611592642962933 11.086553134024141 15.723597351461647 16.460285797715187 40.658896517008543 8.619580537080763 13.336172632873057 29.834860075265169 26.186661444604397 17.682722080498937 73.839549727737904 9.4647423923015577 7.8760900683701029 2032.4153957795352 19.70059959590435 35.432934541255236 33.072882723063231 20.895521562546492 14.043486990034578 8.3213736414909345 25.540774893015623
leaf_count=350 77 45 106 191 105 172 99 61 74 374 62 115 115 472 99 121 281 133 125 528 69 68 14869 93 179 178 117 109 39 174
internal_value=-0.000104458 -0.00541596 -0.0123868 -0.0148057 0.00296468 -6.65411e-05 -0.0116282 0.000678608 0.000273007 0.0105223 0.0121493 0.016673 0.0247108 -0.0213967 -0.0132562 0.00385412 -0.0233658 -0.00466663 0.0047549 -9.3442e-05 0.0185453 0.0275801 -0.000189269 0.00775254 0.00392746 -0.0040295 -0.0105937 0.0154259 0.0213229 0.0153012
internal_weight=2669.48 342.23 148.024 140.309 38.1097 194.206 56.7382 2327.25 2248.76 96.11 78.4917 67.4051 51.6815 102.2 61.5408 23.0863 38.4544 40.1771 137.468 102.445 35.0236 25.5588 2152.65 120.232 100.532 65.0987 53.9684 24.891 55.933 42.0011
internal_count=19600 2940 1529 1484 405 1411 449 16660 16117 620 543 481 366 1079 607 227 380 207 962 700 262 193 15497 628 535 356 295 214 413 289
is_linear=0
shrinkage=0.03


Tree=115
num_leaves=31
num_cat=1
split_feature=5 16 14 11 14 27 9 17 14 7 16 18 14 5 28 14 14 31 18 29 10 4 16 18 16 28 11 16 29 14
split_gain=13.259 19.7774 12.4442 15.169 16.979 21.5261 13.7231 10.4856 17.1225 16.733 11.128 17.1524 18.1135 13.4227 14.8912 16.2253 17.1459 14.8101 15.5229 14.5942 22.4931 19.4678 18.4972 17.5365 15.9582 15.9727 13.2546 13.2217 26.4023 12.661
threshold=0.56202840805053722 -2.0103250741958614 -0.84999999403953541 76.500000000000014 -1.314999997615814 1.0000000180025095e-35 -32.719305038452141 -1.4190942645072935 0.70499998331069957 -42.172414779663079 1.011741101741791 1.7047763466835024 0.55000001192092907 -0.78753387928009022 18.289889335632328 -0.3299999982118606 -0.11999999731779097 0 0.244099996984005 76.34873199462892 -0.5349999964237212 23.500000000000004 -1.094704747200012 0.97647288441658031 0.25043059885501867 24.009605407714847 71.000000000000014 -1.2127375602722166 77.084831237792983 -0.030000000260770317
decision_type=2 2 2 2 2 2 2 2 2 2 2 2 2 2 2 2 2 1 2 2 2 8 2 2 2 2 2 2 2 2
left_child=1 -1 3 -3 -5 6 -6 8 9 -4 13 -12 -13 14 -9 -16 -17 26 -19 20 23 24 29 -15 -21 -26 -18 28 -23 -22
right_child=-2 2 7 4 5 -7 -8 10 -10 -11 11 12 -14 19 15 16 17 18 -20 21 22 27 -24 -25 25 -27 -28 -29 -30 -31
leaf_value=-0.027570668545627394 0.0055814023185149098 -0.021600588754278175 0.026980255094508625 0.027092470626205626 0.01221580960731722 0.031815924568311671 -0.024302413931109716 -0.012748794382929904 0.014986187498487598 -0.02122234313648734 -0.010579348824595072 -0.0028419658263278448 0.026022273427250279 0.0059874576758565876 0.016633251272463939 -0.017498853328659268 -0.0021553822716282021 -0.026170983882688847 0.0036175161574601607 -0.010178763933777746 0.00069535941888866312 -0.014634149830332729 0.0038836608737324789 0.04024546806074044 0.0094326697504162928 -0.012101406382570531 0.023296355309240489 0.00081076336421469425 0.037694160346627932 -0.023924478224689467
leaf_weight=23.186800453811884 362.44459781050682 52.369239067658782 6.3438694365322581 14.789196833968161 11.4445813447237 9.3152592517435533 38.186281822621822 38.021253101527691 18.945612024515867 63.947876058518887 174.00657349452376 70.309529088437557 26.026299610733986 30.197782341390848 111.44158314913511 30.475981093943119 24.578780971467495 15.594286561012266 308.23101007565856 328.75381331890821 35.445657312870026 12.36476371437311 395.47071793302894 23.866646841168404 89.143479969352484 46.270205054432154 70.580479271709919 158.53774758800864 24.994004726409912 38.897713799029589
leaf_count=245 2110 580 74 73 125 48 380 225 123 710 1331 521 140 183 597 216 138 119 1760 3626 261 79 2708 138 742 548 384 942 130 259
internal_value=0.000257871 -0.000586128 -0.000298293 -0.00941862 -0.00059333 -0.00787559 -0.0158066 0.000242674 -0.00976644 -0.0165546 0.000682237 -0.00497832 0.00514329 0.00154288 0.00519865 0.00643576 0.00387603 0.00546875 0.00204393 -0.000309304 0.00342581 -0.00327448 0.00129684 0.0215668 -0.00661746 0.00203981 0.0151888 0.00463994 0.0204449 -0.0123327
internal_weight=2654.18 2291.74 2268.55 126.105 73.7353 58.9461 49.6309 2142.45 89.2374 70.2917 2053.21 270.342 96.3358 1782.87 598.923 560.902 449.461 418.985 323.825 1183.94 523.879 660.064 469.814 54.0644 464.167 135.414 95.1593 195.897 37.3588 74.3434
internal_count=19515 17405 17160 1206 626 553 505 15954 907 784 15047 1992 661 13055 3439 3214 2617 2401 1879 9616 3549 6067 3228 321 4916 1290 522 1151 209 520
cat_boundaries=0 1
cat_threshold=8
is_linear=0
shrinkage=0.03


Tree=116
num_leaves=31
num_cat=0
split_feature=12 10 12 28 11 5 0 9 12 10 11 12 26 16 5 16 13 29 28 16 28 16 29 0 4 5 10 3 16 29
split_gain=13.4588 19.9136 16.1539 16.9009 23.7389 17.7873 11.3111 12.5632 17.8932 15.2506 15.7561 14.2077 13.0736 12.5428 11.4716 16.8289 11.8732 11.4009 11.1274 13.1474 10.4053 9.75597 11.6779 12.5852 9.55202 9.53134 9.9205 9.41653 9.37451 8.96899
threshold=-0.37800000607967371 -0.1950000002980232 -0.48800000548362726 24.994574546813968 73.500000000000014 -0.70125329494476307 33.434959411621101 -8.3713808059692365 0.12500000000000003 -0.55500000715255726 76.500000000000014 0.14350000023841861 1.0000000180025095e-35 0.070914063602685942 0.63088810443878185 0.48314210772514349 38.500000000000007 81.26676177978517 26.140346527099613 0.35567109286785131 22.726541519165043 0.940181463956833 78.715969085693374 17.121694564819339 230.50000000000003 -0.97269129753112782 -0.87499999999999989 871.23690795898449 -2.20131504535675 81.26676177978517
decision_type=2 2 2 2 2 2 2 2 2 2 2 2 2 2 2 2 2 2 2 2 2 2 2 2 10 2 2 2 2 2
left_child=1 18 21 4 5 -4 7 28 9 10 -9 12 13 24 15 16 -11 -13 19 -1 -7 22 23 -3 -10 -8 -27 -21 -2 -16
right_child=6 2 3 -5 -6 20 25 8 11 14 -12 17 -14 -15 29 -17 -18 -19 -20 27 -22 -23 -24 -25 -26 26 -28 -29 -30 -31
leaf_value=-0.031337783415996821 -0.026776195203351495 0.0046932639715050201 0.02524726110734344 0.010187528490316488 -0.029055601643301027 -0.031276720676715615 0.00663947954747739 -0.020530742828256624 -0.016870022773819084 0.022446208131934663 0.0059875301604479722 0.0053398659868710901 0.010961343733827865 0.0013035619836049141 0.024687704280006356 -0.0056817961889770504 0.0077784724573977332 -0.021348145933898749 0.018229834488383053 -0.014666113699901564 0.016446957767399652 -0.013377805881874746 -0.0091186914665800124 0.027347113593150878 -0.048295759385196486 -0.024493567447333393 -0.0030272060946209376 0.021154052771745938 3.958595217855138e-05 -0.0034507421164495585
leaf_weight=45.371773794293404 10.899421636015175 54.563477341085672 16.093885637819767 28.465914770960808 50.535456385463476 12.4614699408412 90.683049146085978 29.514614213258028 28.352550178766251 65.680123504251242 58.56736246496439 172.16978324204683 16.719916313886642 19.650487348437309 70.289337538182735 63.334569592028856 203.3262475579977 14.729674484580753 6.4472534172236911 30.295109737664461 5.1771322488784781 19.506116483360529 24.253803133964539 36.666059218347073 12.959857419133185 19.064954072237015 589.96617925912142 7.4362096861004821 838.86821773275733 11.630689010024069
leaf_count=512 82 339 111 264 496 145 476 202 163 330 324 1033 82 104 546 372 1192 106 62 279 81 142 189 271 63 186 5556 39 5752 54
internal_value=-1.7371e-05 -0.00560727 -0.00120152 -0.00954044 -0.0162459 0.00322863 0.000798598 0.00217741 0.00495851 0.00827882 -0.00302897 -0.00135296 -0.0120513 -0.0184378 0.0106846 0.00816139 0.0114296 0.00313414 -0.017647 -0.0206141 -0.0171384 0.0057815 0.00910474 0.0139959 -0.0276368 -0.00238572 -0.00373823 -0.00724266 -0.000335431 0.0206993
internal_weight=2653.68 337.274 247.723 112.734 84.2679 33.7325 2316.41 1616.69 766.925 502.343 88.082 264.582 77.6828 60.9629 414.261 332.341 269.006 186.899 89.5503 83.1031 17.6386 134.989 115.483 91.2295 41.3124 699.714 609.031 37.7313 849.768 81.92
internal_count=19553 2930 2038 1097 833 337 16623 10405 4571 3020 526 1551 412 330 2494 1894 1522 1139 892 830 226 941 799 610 226 6218 5742 318 5834 600
is_linear=0
shrinkage=0.03


Tree=117
num_leaves=31
num_cat=1
split_feature=29 12 12 9 4 4 18 16 10 2 12 31 12 1 6 16 18 0 12 2 6 2 0 28 18 12 28 10 4 16
split_gain=15.1279 12.2019 17.3307 10.0236 10.0129 25.4371 13.8319 12.6618 12.4882 11.6393 15.6185 14.1122 17.2779 16.1883 14.4505 19.2634 15.1117 15.0611 15.5444 14.2379 13.5686 13.0193 12.7136 13.7495 12.0403 14.5551 19.5739 16.1425 11.7612 11.6917
threshold=86.164299011230483 0.42849999666213995 0.73149999976158153 -134.18791198730466 168.50000000000003 59.500000000000007 1.7725424170494082 -1.8682830333709715 -0.36500000953674311 257.01449584960943 0.056499999016523368 0 -0.060000000521540635 127.98085784912111 -0.92449048161506642 -0.50422024726867665 0.69984164834022533 16.821443557739261 -0.56650000810623158 37.677106857299812 -0.47246390581130976 64.190715789794936 23.195001602172855 24.994574546813968 0.94727855920791637 -0.37100000679492945 24.009605407714847 -0.18500000238418576 2.5000000000000004 0.74319502711296093
decision_type=2 2 2 2 8 10 2 2 2 2 2 1 2 2 2 2 2 2 2 2 2 2 2 2 2 2 2 2 10 2
left_child=1 3 -3 -1 5 7 -6 8 -5 10 11 12 13 19 17 16 -16 -13 -19 -9 29 -18 -23 -24 -20 -26 27 -27 -22 -11
right_child=-2 2 -4 4 6 -7 -8 9 -10 20 -12 14 -14 -15 15 -17 21 18 24 -21 28 22 23 -25 25 26 -28 -29 -30 -31
leaf_value=-0.0087168706969169684 -0.017918492786094357 -0.0099264697596772727 0.01448275058194305 0.0094834806433923401 -0.0068042072233597817 0.011751067584330309 0.006144742810504083 0.032905110652635086 -0.028910909327526338 -0.0050497240491769084 0.0067858305740931485 -0.018505870353521314 -0.012167537881128686 0.036827688931189421 0.032167522421207947 -0.0036134093816224729 -0.0091162720873130577 0.036458880129683444 -0.018150853503272481 0.0031801152901051316 -0.0052459664153696678 0.020175449506206072 -0.015627218720158213 0.020250681903359977 -0.021528324242427972 0.038294751650014267 -0.019689088034272315 0.0028852725080417189 0.01154214966038512 -0.023371347812274151
leaf_weight=94.60450528934598 41.282535584643483 189.33632212877274 29.451278306543827 10.513019680976866 271.95271899178624 215.93799817934632 101.10359017550945 16.470171462744474 23.343267794698477 177.45937052369118 486.3495929017663 81.352476593106985 29.08616354689002 20.690595723688602 21.667868860065937 282.12902318313718 37.919805832207203 7.8188998810946932 39.383657574653625 87.043442260473967 71.890801958739758 58.12425722181797 24.053995087742805 14.605800069868563 17.402196809649467 19.768639583140608 15.345114976167677 26.613417290151123 76.653851911425591 37.328920260071754
leaf_count=775 634 1452 145 72 1552 1282 604 116 260 1847 3281 650 298 151 109 2027 228 74 462 685 436 351 218 114 172 113 189 282 399 402
internal_value=-0.000119015 0.000172018 -0.00658977 0.000799647 0.00119957 0.0020824 -0.00328781 0.000835623 -0.0170587 0.0012131 0.00255269 -2.77442e-05 0.00783726 0.0132077 -0.00199304 0.00106636 0.00947901 -0.00852225 -0.00199838 0.00817928 -0.00352167 0.00561929 0.0114268 -0.00190359 -0.00481943 0.0019595 0.00881885 0.018467 0.0034365 -0.00832746
internal_weight=2626.68 2585.4 218.788 2366.61 2272.01 1898.95 373.056 1683.01 33.8563 1649.16 1285.83 799.476 153.29 124.204 646.185 438.501 156.372 207.684 126.332 103.514 363.333 134.704 96.7841 38.6598 118.513 79.1294 61.7272 46.3821 148.545 214.788
internal_count=19380 18746 1597 17149 16374 14218 2156 12936 332 12604 9520 6239 1250 952 4989 3047 1020 1942 1292 801 3084 911 683 332 1218 756 584 395 835 2249
cat_boundaries=0 1
cat_threshold=2
is_linear=0
shrinkage=0.03


Tree=118
num_leaves=31
num_cat=1
split_feature=32 3 10 7 1 14 11 10 2 3 3 7 8 14 18 1 18 14 16 16 2 8 8 16 16 10 10 11 10 11
split_gain=10.924 10.2435 11.146 9.02043 8.9712 8.11936 12.2764 14.9175 22.0401 12.9905 7.94784 17.1816 18.1707 17.6052 14.8559 12.8298 17.1198 12.5379 12.2921 14.7762 16.7407 18.8181 14.1519 10.6894 18.7016 10.4673 18.2101 13.7812 13.0532 12.389
threshold=0 1.0000000180025095e-35 -0.55500000715255726 -4.8531422615051261 0.15381576120853427 -1.0099999904632566 76.500000000000014 -0.91499999165534962 102.7101173400879 206.05649566650393 304.69734191894537 -29.414137840270993 91.082115173339858 0.39499999582767492 0.244099996984005 51.503980636596687 0.66384869813919078 -0.27499999105930323 1.0635380148887636 1.4868103861808779 76.484935760498061 -24.358454704284664 62.32104682922364 1.3949765563011172 1.2922363281250002 -0.31000000238418574 -0.1950000002980232 76.500000000000014 -0.014999999664723871 78.500000000000014
decision_type=1 2 2 2 2 2 2 2 2 2 2 2 2 2 2 2 2 2 2 2 2 2 2 2 2 2 2 2 2 2
left_child=-1 2 4 -4 -2 6 -3 -8 -9 -10 11 -7 15 -14 -12 23 -17 -18 -16 -20 -21 -22 -23 24 25 27 -27 -13 -28 -30
right_child=1 5 3 -5 -6 10 7 8 9 -11 14 12 13 -15 18 16 17 -19 19 20 21 22 -24 -25 -26 26 28 -29 29 -31
leaf_value=-0.013714261033731854 0.0060526161154076299 -0.020199503113942013 -0.0041448181753750233 0.012230591475565726 -0.020541841840079216 -0.01149549972040954 0.025067595851294894 0.036693163191695008 0.019544924147137464 -0.025821868545447782 -0.016666609180424122 0.015374659163598996 0.0026131696363891578 0.049194864713097496 0.0038780076375508682 0.0065217498921024443 -0.024252527579632737 -0.0067568049111675884 -0.013757683709053298 0.038241662469904507 -0.022180391822686024 0.023948858111459904 -0.012834812539934754 -0.01923653618370498 0.032708928906323542 -0.025580999623048585 0.014407079637608811 0.0004044080094166499 -0.0076103768555924895 0.003086625118650938
leaf_weight=41.050146562978625 21.905531823635101 45.034797575324774 36.845407202839851 158.41868287324905 22.066006436944008 142.09922532737255 15.257320344448088 7.1029096357524386 6.1499506980180731 30.658193103969097 36.765338823199272 87.351399272680283 17.230499807745222 11.827623032033442 875.73314871639013 66.921228490769863 47.394860103726387 160.67907736077905 83.68350550532341 10.287461519241331 23.443551674485207 25.759459398686886 13.736571006476877 21.818816389888525 16.003755290061235 26.189002621918917 47.473245959728956 148.29040785506368 188.10851211473346 200.19579284265637
leaf_count=645 108 486 187 1097 101 1311 75 50 40 324 330 496 160 71 6185 584 500 1537 627 50 152 172 98 144 95 196 293 837 1292 1246
internal_value=-0.000106571 0.000166137 0.00606797 0.00913525 -0.00745316 -0.000434974 -0.00858106 0.000450816 -0.00847023 -0.0179255 -5.42317e-05 -0.00174942 -0.000407351 0.0225793 0.00181866 -0.00109008 -0.00660579 -0.0108389 0.00249228 -0.00521718 0.00459672 -0.00141462 0.0111546 0.000978546 0.00162268 0.000863734 -0.00176111 0.00599533 -0.000274312 -0.00210162
internal_weight=2635.48 2594.43 239.236 195.264 43.9715 2355.2 104.203 59.1684 43.9111 36.8081 2250.99 1181.58 1039.48 29.0581 1069.41 1010.43 274.995 208.074 1032.64 156.911 73.227 62.9396 39.496 735.431 713.612 697.608 461.967 235.642 435.778 388.304
internal_count=19489 18844 1493 1284 209 17351 975 489 414 364 16376 8762 7451 231 7614 7220 2621 2037 7284 1099 472 422 270 4599 4455 4360 3027 1333 2831 2538
cat_boundaries=0 1
cat_threshold=1
is_linear=0
shrinkage=0.03


Tree=119
num_leaves=31
num_cat=0
split_feature=29 18 16 14 14 15 18 14 4 27 14 2 10 16 18 3 28 18 20 21 18 28 28 16 5 5 6 9 4 4
split_gain=11.4359 13.176 11.1217 12.5881 10.4112 15.3146 17.3854 13.2632 14.2568 13.0178 15.3738 14.8214 12.8434 19.5912 15.1182 15.883 12.8404 15.8525 13.2383 12.7003 13.6552 15.0795 12.1299 20.4603 18.5582 19.2097 13.7754 12.6923 12.5159 14.6118
threshold=83.357944488525405 2.7290999889373784 -2.0103250741958614 -0.36500000953674311 -0.84999999403953541 48.500000000000007 0.32234686613082891 -0.56999999284744252 222.50000000000003 1.0000000180025095e-35 -1.2200000286102293 86.749385833740249 -0.12499999627470969 -1.3644295930862425 0.244099996984005 1.0000000180025095e-35 22.786700248718265 1.6490654945373537 1.0000000180025095e-35 1.0000000180025095e-35 0.5405755639076234 25.658441543579105 24.994574546813968 -0.62602889537811268 -0.96105405688285817 0.33273787796497351 -0.92772412300109852 -4.6528794765472403 168.50000000000003 183.50000000000003
decision_type=2 2 2 2 2 2 2 2 10 2 2 2 2 2 2 2 2 2 2 2 2 2 2 2 2 2 2 2 8 10
left_child=1 2 3 -1 5 6 -4 8 19 10 -7 -12 13 16 -14 -16 17 -9 -18 20 -6 -22 28 26 -25 -26 -24 -28 -17 -30
right_child=-2 -3 4 -5 7 9 -8 12 -10 -11 11 -13 14 -15 15 22 18 -19 -20 -21 21 -23 23 24 25 -27 27 -29 29 -31
leaf_value=0.016727388748026234 -0.0068739613897261962 0.016904345068631373 0.020369283816135206 -0.023614182020589264 -0.0093331239927841644 0.021125701061975147 -0.02263775892172696 0.021128974720675216 -0.02188939351365625 0.034007242142496535 0.0043106307454105494 -0.031128931544973534 -0.013475664259546289 -0.0056037880658165867 0.013088962482410912 0.0010206958185994958 -0.001026301584314005 -0.014440105419376771 0.039456940658008435 -0.017899201858644256 0.018068859724540694 -0.017158964708900902 -0.0034343990245631799 0.021509439699916894 -0.0093242126758325411 0.017465691774061896 0.041258144412710314 0.011169992787284522 -0.035859553523377122 -0.0045791419588172341
leaf_weight=8.0621150992810708 200.29550794139504 42.627101764082909 8.9725496135652048 31.810026649385691 22.126469373703003 16.431714758276939 62.224483482539654 18.24705782532692 12.272994086146353 9.2668708860874158 22.211787417531013 18.988034620881081 54.943501487374306 504.3908803164959 114.41968146711588 952.07282696664333 11.132222935557367 26.233712326735258 19.687266733497381 12.508144602179526 146.07146803289652 11.039322033524511 15.459069352596996 33.531405419111252 103.15524561330676 30.359829694032669 29.574265889823437 23.169137001037598 16.160198293626308 63.818942863494158
leaf_count=60 1943 260 68 258 145 88 640 89 66 45 118 235 431 3708 788 6834 69 202 122 144 881 79 157 164 934 149 181 151 89 410
internal_value=-1.07351e-06 0.000565471 0.000268146 -0.0152475 0.000536803 -0.00742562 -0.0170108 0.00103514 0.00830494 0.00287571 -0.00262472 -0.0123732 0.00029582 -0.00346981 0.0018166 0.002434 0.0107106 0.000294914 0.0252614 0.0103411 0.0124003 0.0155007 0.00146244 0.00759447 0.00190011 -0.00314793 0.0213125 0.0284948 5.86856e-05 -0.0112643
internal_weight=2641.26 2440.97 2398.34 39.8721 2358.47 138.095 71.197 2220.37 204.018 66.8984 57.6315 41.1998 2016.36 579.691 1436.66 1381.72 75.3003 44.4808 30.8195 191.745 179.237 157.111 1267.3 235.249 167.046 133.515 68.2025 52.7434 1032.05 79.9791
internal_count=19508 17565 17305 318 16987 1194 708 15793 1315 486 441 353 14478 4190 10288 9857 482 291 191 1249 1105 960 9069 1736 1247 1083 489 332 7333 499
is_linear=0
shrinkage=0.03


Tree=120
num_leaves=31
num_cat=2
split_feature=29 17 14 5 14 18 29 29 18 8 17 18 12 31 14 8 16 2 14 6 4 12 17 1 18 17 32 16 12 4
split_gain=11.9206 12.3042 13.3123 10.994 13.5781 11.9837 12.6634 10.2813 12.5438 14.5385 9.38156 12.9102 10.7403 12.0845 13.7461 11.1425 10.102 11.8972 9.78053 8.3663 8.80807 11.5889 11.1823 13.4724 12.7398 8.73101 10.1849 26.1678 23.58 19.0368
threshold=86.164299011230483 -1.2670373916625974 0.70499998331069957 0.69509023427963268 -0.31499999761581415 1.797299385070801 76.34873199462892 81.26676177978517 2.0318918228149419 -7.2034235000610343 1.3122850060462954 2.3088001012802128 0.082499999552965178 0 -0.21499999612569806 -10.879503250122069 0.32726836204528814 155.42070770263675 0.10999999940395357 -0.99573117494583119 18.500000000000004 0.054500000551342971 0.51652702689170849 81.906562805175795 0.50640302896499645 1.2449049949645998 1 -0.65235421061515797 -0.14199999719858167 1.5000000000000002
decision_type=2 2 2 2 2 2 2 2 2 2 2 2 2 1 2 2 2 2 2 2 10 2 2 2 2 2 1 2 2 10
left_child=1 2 7 10 5 6 -5 8 -1 -10 11 19 13 14 -12 -16 18 -18 -15 20 22 -22 24 -24 -3 26 27 28 29 -21
right_child=-2 3 -4 4 -6 -7 -8 -9 9 -11 12 -13 -14 16 15 -17 17 -19 -20 25 21 -23 23 -25 -26 -27 -28 -29 -30 -31
leaf_value=-0.021789877407049685 -0.016078845089614931 0.0055713215629426306 0.010465744827866922 0.012094804487016799 0.02101984160647774 0.023008499008566427 -0.026248633176908585 0.011020664075436042 -0.026780441940443028 0.023793370050385582 -0.012104308257656618 -0.019507199048220545 0.01565178425179653 0.0034241680693028981 0.0018927740889847179 0.037430925577114429 0.023664597610874191 -0.0079350618153814171 -0.018712279602188835 0.062971053397592389 -0.013380066777159498 0.037665740999064869 -0.014075814318779202 0.033842083903915264 -0.025692290857876145 -0.01763417224082104 -0.00087000250194858213 -0.00015889944515878703 0.0039492731753716604 0.019926144612315642
leaf_weight=78.287527903914452 40.693715360015631 14.919906977564095 25.878286302089691 11.884406328201296 50.416867010295391 11.559375561773775 19.028350494801998 13.27952606230974 7.280515622347596 12.442667797207831 11.30173375084996 30.503982994705439 69.748698510229588 28.232574716210365 12.305182911455629 21.968535974621773 20.278452441096306 20.862123094499111 47.116767659783363 10.51979863271117 7.254198666661976 6.9861584678292274 11.150781255215408 8.4066640026867372 48.953411646187305 23.235475547611713 1418.8774095512927 396.26645969972014 88.61027829349041 58.227119419723749
leaf_count=780 646 139 167 62 397 69 92 119 101 93 88 262 361 161 80 148 126 146 273 86 64 57 84 62 641 139 10209 2818 601 370
internal_value=-0.00016552 9.10343e-05 -0.00861921 0.000582291 0.0106494 -0.00186119 -0.0115904 -0.0131107 -0.0164586 0.00473337 0.000180982 -0.000445488 0.00589805 0.00163005 0.0130094 0.0250872 -0.0036882 0.00783256 -0.0104818 -0.00015855 -0.00868593 0.0124907 -0.0124056 0.00716572 -0.0184162 0.00026292 0.000482571 0.00388994 0.0142682 0.0273214
internal_weight=2626.48 2585.78 137.169 2448.61 92.889 42.4721 30.9128 111.29 98.0107 19.7232 2355.73 2123.91 231.814 162.065 45.5755 34.2737 116.49 41.1406 75.3493 2093.41 97.6711 14.2404 83.4308 19.5574 63.8733 1995.74 1972.5 553.624 157.357 68.7469
internal_count=19441 18795 1260 17535 620 223 154 1093 974 194 16915 15532 1383 1022 316 228 706 272 434 15270 1047 121 926 146 780 14223 14084 3875 1057 456
cat_boundaries=0 1 2
cat_threshold=2 40
is_linear=0
shrinkage=0.03


Tree=121
num_leaves=31
num_cat=0
split_feature=29 3 10 14 10 3 17 16 24 12 12 12 12 18 5 18 28 12 2 26 10 16 9 12 16 17 14 0 12 29
split_gain=12.3323 10.9731 9.00419 9.51252 25.6981 24.4452 13.1016 12.165 19.4075 27.1932 20.5545 18.3696 14.8466 13.3871 18.4892 15.1522 15.2149 22.7524 20.2429 17.3699 17.5251 18.481 15.8215 15.683 14.3285 14.3268 19.3316 18.1931 13.9284 19.6713
threshold=86.164299011230483 1.0000000180025095e-35 1.4600000381469729 0.49499998986721044 0.53000000119209301 645.67691040039074 -1.1682549715042112 0.80920153856277477 1.0000000180025095e-35 -0.00450000021373853 -0.71900001168251026 0.54000002145767223 -0.61199998855590809 0.91998252272605907 -0.98902499675750721 0.93402358889579784 19.164343833923343 -0.17849999666213986 283.82049560546881 1.0000000180025095e-35 -0.31000000238418574 -0.90331152081489552 6.197646141052247 -0.18349999934434888 0.26034356653690344 -0.28556217253208155 0.044999998994171626 6.6735129356384286 0.1970000043511391 75.805187225341811
decision_type=2 2 2 2 2 2 2 2 2 2 2 2 2 2 2 2 2 2 2 2 2 2 2 2 2 2 2 2 2 2
left_child=1 -1 3 4 6 -5 -3 8 10 -10 -8 12 -12 14 -14 -15 23 19 28 20 22 -22 -18 -17 -20 27 -27 -25 -19 -30
right_child=-2 2 -4 5 -6 -7 7 -9 9 -11 11 -13 13 15 -16 16 17 18 24 -21 21 -23 -24 25 -26 26 -28 -29 29 -31
leaf_value=0.0066119009713346503 -0.016244457833238603 -0.010348217559362188 -0.017148546802247269 0.00046566420152201253 -0.019677469755557706 0.017447031800448338 0.023256719173313938 -0.0054123335863530287 -0.010779230979615419 0.028458563781514332 -0.022659947896740494 -0.02170347366316288 0.017424788727804293 0.035937680232580267 -0.0035241915887743291 -0.013851220485727279 0.018066356955463641 0.0011527186802477887 -0.028753878389035262 -0.014231360894941375 -0.0030985257148152426 0.029681839487925004 0.056411684416109081 -0.0299339175907102 0.016029820767240043 0.017724316319573732 -0.0060899688917529591 0.0035404853073300376 -0.014814501218815931 0.029516409115180695
leaf_weight=230.99933151900768 39.758862661197782 109.56973113119602 26.963035076856613 410.07182573899627 63.174386750906706 92.749805886298418 34.142565973103046 276.49106606841087 22.35838345810771 50.495027307420969 23.221592046320438 33.161683652549982 39.66857522726059 12.243976496160029 561.65485914796591 71.552073486149311 20.748523779213428 143.09971630200744 26.946593966335058 12.309319637715815 33.107804968953133 27.79315185546875 19.783861376345158 22.728629142045975 7.6393717862665644 76.242165744304657 50.223393440246582 37.560848847031593 11.011636257171629 38.280269920825958
leaf_count=1443 644 1131 167 2650 692 532 171 2064 153 286 211 305 194 72 4449 566 126 969 278 88 295 197 103 182 57 381 241 396 69 281
internal_value=0.000128961 0.000386879 -0.000226275 -2.30041e-05 -0.00102981 0.00362644 -0.000350455 0.000318322 0.00147295 0.0164338 0.000624574 -2.18974e-06 0.000597216 0.0010609 -0.00211558 0.00418404 0.00347619 0.00763021 0.00211638 0.0185189 0.0225934 0.0120992 0.0376903 -0.00201146 -0.0186895 0.00257436 0.00829334 -0.00936159 0.00593393 0.0195154
internal_weight=2625.75 2585.99 2354.99 2328.03 1825.21 502.822 1762.03 1652.47 1375.97 72.8534 1303.12 1268.98 1235.82 1212.59 601.323 611.271 599.027 340.72 226.978 113.743 101.433 60.901 40.5324 258.307 34.586 186.755 126.466 60.2895 192.392 49.2919
internal_count=19393 18749 17306 17139 13957 3182 13265 12134 10070 439 9631 9460 9155 8944 4643 4301 4229 2463 1654 809 721 492 229 1766 335 1200 622 578 1319 350
is_linear=0
shrinkage=0.03


Tree=122
num_leaves=31
num_cat=0
split_feature=29 17 14 5 10 16 29 14 10 10 16 27 15 15 17 10 14 18 17 18 28 0 4 7 14 18 10 17 26 14
split_gain=14.3744 13.1689 13.7093 10.6942 20.5516 12.6191 12.65 9.52781 10.0909 17.5114 23.5066 23.4081 23.6578 22.7485 15.8262 14.577 15.6601 18.0611 14.2562 13.7148 17.332 13.678 11.3681 17.8342 16.7243 15.6791 16.2849 13.7895 17.8496 12.2477
threshold=83.357944488525405 -1.2670373916625974 0.70499998331069957 0.69509023427963268 -0.23499999940395352 -2.0103250741958614 77.084831237792983 -1.0349999666213987 -0.35500000417232508 -0.42000000178813929 0.15175064653158191 1.0000000180025095e-35 45.500000000000007 52.500000000000007 -0.88509482145309437 -0.12499999627470969 -0.37499999999999994 0.741478592157364 1.1736132502555849 0.244099996984005 24.994574546813968 29.906589508056644 3.5000000000000004 -5.1775982379913321 0.10999999940395357 0.30128292739391332 0.7150000035762788 0.75613871216773998 1.0000000180025095e-35 -0.11999999731779097
decision_type=2 2 2 2 2 2 2 2 2 2 2 2 2 2 2 2 2 2 2 2 2 2 10 2 2 2 2 2 2 2
left_child=1 2 -1 5 -5 6 -3 -7 9 11 13 12 14 -11 -9 16 17 -10 -18 20 -17 -20 -21 25 -25 -24 29 -28 -29 -27
right_child=-2 3 -4 4 -6 7 -8 8 15 10 -12 -13 -14 -15 -16 19 18 -19 21 22 -22 -23 23 24 -26 26 27 28 -30 -31
leaf_value=-0.013145671430456637 -0.0075876846784908797 -0.026640078355736677 0.011956175494627089 -0.0044870077944932927 0.025658885005757612 -0.0092892868705738204 0.0083330962658094698 0.042614526705174099 0.026247637488859929 -0.024158713895290229 0.033651287660580301 0.016238963145951604 -0.0086092704122860686 0.022550195847847985 0.0055157789951604877 -0.021084623588192651 -0.011815408019778604 -0.0043733942277781133 0.019877443758115936 -0.0015522926952855818 0.020115449792966401 -0.016783494146060556 0.028620606586547245 0.026737383307528683 0.0073143293629315039 -0.012581078976797978 -0.015145471095458076 0.02891269655354485 -0.011389071276014491 0.004812073316292128
leaf_weight=105.19227085635066 200.22503149695694 27.690392360091209 23.182243682444096 36.946287460625172 43.627829298377037 74.214256405830383 13.198479875922201 10.987189292907713 26.539143718779087 16.718811459839344 41.441860057413578 85.817491747438908 163.04110581055284 18.950654290616512 79.148196458816528 43.575336594134569 210.94316583499312 46.169445097446442 26.341538429260254 417.36530235409737 10.725251398980616 12.871303599327801 17.896283850073814 48.731326829642057 209.35002988576889 38.74186535179615 88.178953405469656 16.49929503723979 21.871415659785271 442.66002997383475
leaf_count=1059 1956 214 145 197 361 746 98 71 144 134 220 462 1033 111 563 352 1732 348 131 3518 82 109 91 304 1310 333 638 82 110 2787
internal_value=0.000116575 0.000757244 -0.00855533 0.00128275 0.0119503 0.000888531 -0.0154217 0.001203 0.00157902 0.00575517 0.0185639 0.00279552 -0.00180727 0.000595249 0.010456 0.0005409 -0.00517802 0.00700796 -0.00873371 0.0019058 -0.0127303 0.00772567 0.00252584 0.004451 0.0110709 0.00170785 0.00086992 -0.00866478 0.00623478 0.00338914
internal_weight=2618.84 2418.62 128.375 2290.24 80.5741 2209.67 40.8889 2168.78 2094.56 416.105 77.1113 338.994 253.176 35.6695 90.1354 1678.46 322.865 72.7086 250.156 1355.6 54.3006 39.2128 1301.29 883.929 258.081 625.848 607.952 126.55 38.3707 481.402
internal_count=19441 17485 1204 16281 558 15723 312 15411 14665 2594 465 2129 1667 245 634 12071 2464 492 1972 9607 434 240 9173 5655 1614 4041 3950 830 192 3120
is_linear=0
shrinkage=0.03


Tree=123
num_leaves=31
num_cat=0
split_feature=17 14 7 12 12 13 12 3 28 0 28 17 1 18 10 16 18 9 17 9 17 16 3 11 17 9 29 17 16 29
split_gain=10.7341 12.9495 10.5086 9.35672 16.0914 23.6498 14.5454 14.8567 14.6309 18.0983 14.4372 14.3479 13.2423 12.2091 12.0465 22.5369 14.1616 11.5566 10.8264 16.7941 13.6841 11.2499 12.6851 12.009 10.4091 15.8991 15.1709 12.9138 13.5021 17.341
threshold=-1.2670373916625974 0.70499998331069957 -5.6031310558319083 -0.37800000607967371 -0.52750000357627858 32.500000000000007 -0.35750000178813929 446.98823547363287 19.164343833923343 0.72555944323539745 24.009605407714847 -0.41716000437736506 18.1771354675293 1.205718517303467 0.24000000208616259 0.35567109286785131 0.47822393476963049 79.140010833740249 -1.1067209243774412 -11.732379436492918 -0.28556217253208155 -1.1465640664100645 2.2659604549407963 73.500000000000014 -0.14889999479055402 97.021862030029311 81.26676177978517 0.16287712007761004 -1.8682830333709715 76.581501007080092
decision_type=2 2 2 2 2 2 2 2 2 2 2 2 2 2 2 2 2 2 2 2 2 2 2 2 2 2 2 2 2 2
left_child=1 -1 -3 4 14 -6 7 8 13 -10 -7 -12 -13 -5 15 -2 -16 -18 19 -8 21 23 -23 -20 25 -22 27 -26 29 -29
right_child=3 2 -4 6 5 10 18 -9 9 -11 11 12 -14 -15 16 -17 17 -19 20 -21 24 22 -24 -25 26 -27 -28 28 -30 -31
leaf_value=-0.012736645665843357 -0.022171998139223197 -0.013797795940118172 0.024225179552909641 0.02448617891709708 0.033954939449437914 -0.021630350876459186 -0.0057395609871474726 -0.01241546406208611 0.0031977577014430693 0.050612418142164328 0.02763242625855597 0.022512036086600094 -0.025123313156072715 -0.014068570990473771 0.03206657675771251 0.0070885062967922874 -0.0013459408143951899 0.033656333532585063 -0.00051723157398096947 0.023206581276006024 0.0050645596690873217 0.0079130827390013134 -0.0046939468957198933 -0.025571551746859766 -0.0044822926363812269 0.03323601263098161 -0.0090848050729554746 -0.038631314934462514 0.0040004468946005806 0.0091891557684800357
leaf_weight=113.10975790210068 43.039302084594965 9.5716819949448126 16.662317208945751 13.097193434834482 8.3805168941616994 93.92870245501399 29.550621688365936 14.735913794487713 11.235992420464756 20.152303967624903 11.109896609559653 6.4119883403182056 17.778480203822255 14.597153700888155 17.679786585271358 50.497897144407034 69.139267526566982 8.6674170009791833 29.487315272912383 44.015651926398277 163.63419191353023 87.215659447014332 386.75184090994298 40.523098863661289 239.51077565923333 19.354029573500156 130.27851886488497 14.30865888297558 864.71897682920098 11.743576116859911
leaf_count=1170 386 78 93 91 47 1046 307 106 71 135 128 32 219 108 97 339 498 63 236 316 1170 505 3422 427 1601 124 1096 79 5318 64
internal_value=-0.00027655 -0.00834643 0.010355 0.000183475 -0.00453724 -0.0123016 0.000907513 0.0139014 0.0205626 0.0342623 -0.015539 0.00081837 -0.0121045 0.00438263 0.00115021 -0.00646725 0.00860186 0.0029308 0.000435617 0.0116582 1.45691e-05 -0.00403614 -0.00236233 -0.0151749 0.00154275 0.0082086 0.000569368 0.00168917 0.00335173 -0.0175324
internal_weight=2600.89 139.344 26.234 2461.54 326.633 137.61 2134.91 73.8186 59.0826 31.3883 129.229 35.3004 24.1905 27.6943 189.024 93.5372 95.4865 77.8067 2061.09 73.5663 1987.53 543.978 473.968 70.0104 1443.55 182.988 1260.56 1130.28 890.771 26.0522
internal_count=19372 1341 171 18031 2855 1472 15176 511 405 206 1425 379 251 199 1383 725 658 561 14665 623 14042 4590 3927 663 9452 1294 8158 7062 5461 143
is_linear=0
shrinkage=0.03


Tree=124
num_leaves=31
num_cat=1
split_feature=17 14 14 13 18 31 13 5 29 16 16 3 7 7 5 28 17 29 18 29 28 17 5 18 17 16 3 28 29 18
split_gain=10.7302 11.7103 10.7718 14.5646 13.3259 11.8454 12.9115 10.5298 12.2235 10.2203 10.6276 11.9116 19.611 9.68081 15.8238 9.61788 8.51645 10.946 8.28117 23.5672 18.7706 15.5834 11.9103 8.21099 8.16161 12.3319 9.93235 8.61116 8.0606 8.04053
threshold=-1.2670373916625974 0.70499998331069957 -0.84999999403953541 48.500000000000007 0.32234686613082891 0 57.500000000000007 0.69509023427963268 76.484970092773452 -2.0103250741958614 -1.5345587134361265 739.56744384765636 4.5629231929779062 -35.241580963134759 -0.85957497358322132 25.346193313598636 1.141010642051697 76.484970092773452 1.797299385070801 76.49637603759767 22.726541519165043 0.58630269765853893 0.52643132209777843 2.010682344436646 0.70180940628051769 -0.063237648457288728 496.27542114257818 22.726541519165043 76.581501007080092 2.54328465461731
decision_type=2 2 2 2 2 1 2 2 2 2 2 2 2 2 2 2 2 2 2 2 2 2 2 2 2 2 2 2 2 2
left_child=1 15 3 4 -2 6 -5 9 -9 28 11 12 18 14 24 23 -16 -18 19 -11 22 -22 -20 -1 25 27 -27 -12 29 -4
right_child=2 -3 7 5 -6 -7 -8 8 -10 10 13 -13 -14 -15 16 -17 17 -19 20 -21 21 -23 -24 -25 -26 26 -28 -29 -30 -31
leaf_value=-0.021974970398240624 0.016670314910571516 0.0094001092810740254 -0.042534022471672935 0.024730769985460858 -0.021264926772287144 -0.0099723889589232121 -0.013105241731264646 0.025133612461387518 0.002321345751789407 0.0479402840677726 -0.0048142638495933228 0.040732826989985031 -0.022894602515311398 0.001044198069340423 -0.014953777886961922 0.0038078739960460042 0.020713811596332069 -0.014636527438834968 -0.021872850279594382 -0.003699327468477287 -0.0032330634822290848 0.041350189469625376 0.015041811948790541 -0.00015616742018565244 0.021384469981581746 0.012791350898411083 -0.018762548943116585 0.018655844048959445 -0.00078082970330579145 -0.002416972934599138
leaf_weight=67.404308304190636 8.7682331055402738 26.907842982560396 11.664666101336481 28.707992400974035 65.930332861840725 31.355716610327363 10.444434534758328 32.997542597353458 56.5079335719347 16.349956631660465 23.164794310927391 9.0848544314503652 16.314459163695574 1812.4868126120418 121.49103244207799 25.340701578184962 14.574843659996988 14.990136273205279 22.482499398291111 14.440611172467468 11.746432509273292 16.173462972044945 10.980269223451613 20.098336797207594 17.510439783334732 11.012127898633478 36.622712627053261 33.546007789671421 19.023342868313193 7.167737189680337
leaf_count=725 71 176 102 162 700 240 90 243 370 89 127 52 170 12964 1293 241 70 125 147 96 94 98 69 214 81 55 232 173 166 57
internal_value=-6.92794e-05 -0.00812667 0.000388681 -0.00751058 -0.0166506 0.00227012 0.0116588 0.000883907 0.0109162 0.000478495 0.000747178 0.00948374 0.00651878 0.000250311 -0.00500668 -0.0123518 -0.0114637 0.0028979 0.0119147 0.024367 0.00537796 0.02313 -0.00967491 -0.0170218 0.0030258 -0.000228746 -0.011355 0.00915165 -0.014774 -0.028157
internal_weight=2615.29 139.751 2475.54 145.207 74.6986 70.5081 39.1524 2330.33 89.5055 2240.83 2202.97 117.573 108.488 2085.4 272.912 112.843 151.056 29.565 92.1732 30.7906 61.3827 27.9199 33.4628 87.5026 121.856 104.346 47.6348 56.7108 37.8557 18.8324
internal_count=19492 1356 18136 1263 771 492 252 16873 613 16260 15935 815 763 15120 2156 1180 1488 195 593 185 408 192 216 939 668 587 287 300 325 159
cat_boundaries=0 1
cat_threshold=10
is_linear=0
shrinkage=0.03


Tree=125
num_leaves=31
num_cat=0
split_feature=7 1 16 16 18 10 10 3 9 1 16 4 18 16 16 17 14 8 8 17 20 1 16 29 17 16 29 14 3 8
split_gain=13.6771 13.9543 13.8963 33.4258 19.5853 18.8075 32.6875 15.4438 14.6958 13.6653 13.6575 12.667 17.8959 15.3127 11.9632 11.6839 18.0127 11.8481 11.3082 10.897 12.7819 13.2701 10.8677 10.6438 10.4658 13.7077 11.4454 10.623 10.3114 10.0821
threshold=-34.936653137207024 35.057794570922859 0.070914063602685942 -0.01200395869091153 1.8445399999618532 -0.42000000178813929 -0.35500000417232508 848.94943237304699 -0.98025399446487416 48.245992660522468 0.54131844639778148 168.50000000000003 1.8713452219963076 -1.6909700632095335 -1.4215446114540098 -0.54624021053314198 0.38499999046325689 16.970341682434086 -6.9016656875610343 -1.1239467859268186 1.0000000180025095e-35 0.29559853672981268 0.6538391411304475 77.10886383056642 -0.21463730931282041 -0.040924146771430962 78.088207244873061 -0.49499998986721033 216.37103271484378 33.242048263549812
decision_type=2 2 2 2 2 2 2 2 2 2 2 8 2 2 2 2 2 2 2 2 2 2 2 2 2 2 2 2 2 2
left_child=10 11 3 4 24 9 8 -6 -7 -4 28 13 19 -2 -15 16 -8 22 -14 -13 21 -21 -18 -22 25 26 -3 -28 -1 -26
right_child=1 2 5 -5 7 6 15 -9 -10 -11 -12 12 18 14 -16 -17 17 -19 -20 20 23 -23 -24 -25 29 -27 27 -29 -30 -31
leaf_value=-0.015273169546414275 -0.0098863895013277785 -0.012002554723188435 0.01960704118431612 -0.028311350934878202 -0.026829983496837524 0.052007617730470558 -0.024341508893974392 0.022431646832012889 0.0072398841230670273 -0.016801309787970238 -0.01875546892307673 -0.021426622280003978 -0.0050367684253160433 0.022790257642730325 0.0061506629954301475 0.0043771766241535804 -0.031827003338039443 0.019179925644869079 0.019843459724847252 0.010625518818278541 -0.025266554525106955 -0.0043303562231498246 0.0059487089397601538 0.0036372165171518994 -0.0015109381775470945 0.030100913133668788 -0.020870935518634278 0.010015803855190379 0.00020258960914597767 0.0095980610363529256
leaf_weight=46.294790897518396 49.847553078085184 139.12797173112631 9.9251154512166959 47.125194448977709 41.734072107821703 16.852570921182636 33.993575379252434 5.8402651175856581 11.052317213267086 65.423684559762478 56.561504038050771 28.092933036386967 23.250661741942167 40.763929080218077 606.05225031077862 415.9512656442821 10.633247695863249 22.796104487031698 52.426593594253063 80.457849435508251 33.452553987503052 154.00841035321355 16.066770039498806 16.845368012785912 178.84772289358079 8.2384204976260644 11.655049148946999 47.489084705710411 214.29944652318954 123.58789438568056
leaf_count=505 338 1624 70 472 506 87 397 38 72 601 509 191 142 236 3767 2957 105 157 334 445 189 852 125 96 1342 76 156 569 1600 885
internal_value=0.000302334 0.00111113 -0.00110899 -0.00432289 -0.00224445 0.00211181 0.0041198 -0.0204453 0.0351403 -0.0118115 -0.00552659 0.00357784 -0.000761523 0.00599556 0.00723289 0.00231986 -0.00786031 0.00371675 0.0122334 -0.00393384 -0.00213917 0.00082513 -0.0097013 -0.0157041 -0.000506349 -0.00569742 -0.00732847 0.00368339 -0.00259457 0.00304534
internal_weight=2608.69 2291.54 1206.34 603.646 556.52 602.695 527.346 47.5743 27.9049 75.3488 317.156 1085.2 388.534 696.664 646.816 499.441 83.4897 49.4961 75.6773 312.857 284.764 234.466 26.7 50.2979 508.946 206.511 198.272 59.1441 260.594 302.436
internal_count=19443 16829 10239 5668 5196 4571 3900 544 159 671 2614 6590 2249 4341 4003 3741 784 387 476 1773 1582 1297 230 285 4652 2425 2349 725 2105 2227
is_linear=0
shrinkage=0.03


Tree=126
num_leaves=31
num_cat=0
split_feature=17 12 9 12 12 3 3 16 12 28 1 12 12 12 10 27 12 14 3 20 16 17 17 17 16 16 17 28 9 17
split_gain=11.7676 12.4192 9.38159 9.33971 18.7601 12.7708 16.7524 16.324 17.7984 12.8352 20.3159 12.3552 14.7705 12.5421 17.7093 12.5897 11.6297 11.5329 11.496 11.3745 10.5581 17.2435 13.212 14.6244 14.5733 10.4967 10.4455 10.31 10.0633 10.025
threshold=2.2257456779479985 0.42849999666213995 -118.77739334106444 0.14649999886751178 0.13350000232458117 30.226166725158695 296.80146789550787 -0.34565572440624232 -0.14499999582767484 24.994574546813968 261.48323059082037 0.028500000014901165 -0.16650000214576718 -0.37800000607967371 0.24000000208616259 1.0000000180025095e-35 -0.52750000357627858 -1.0600000023841856 399.31550598144537 1.0000000180025095e-35 1.0635380148887636 1.4782116413116457 0.47327268123626715 -0.28556217253208155 0.47467438876628881 -0.22490999102592465 0.57782429456710827 18.289889335632328 -2.7594251632690425 1.1189950108528139
decision_type=2 2 2 2 2 2 2 2 2 2 2 2 2 2 2 2 2 2 2 2 2 2 2 2 2 2 2 2 2 2
left_child=1 3 -3 4 5 28 11 27 18 10 17 12 13 16 -15 -16 25 -10 -9 -6 22 -22 23 -19 -24 -7 -11 -8 -1 -5
right_child=-2 2 -4 29 19 6 7 8 9 26 -12 -13 -14 14 15 -17 -18 20 -20 -21 21 -23 24 -25 -26 -27 -28 -29 -30 -31
leaf_value=0.00094077186989219579 0.014959566908973482 0.012248879372563356 -0.0091487404519590351 0.0025341069839333995 -0.0086016530731231368 -0.020530256574424605 -0.013113416305862883 0.0045291595139937196 -0.021398341063847769 -0.00087655070858076939 0.048305439779671382 0.0022497145770151851 -0.017424893437729558 0.011391772924114496 -0.022854982431704075 0.016947550632326242 -0.024576493080943392 0.0018409216536027929 -0.010661181174993839 -0.035912017098366958 -0.013305415880937446 0.031028405603214442 -0.013828287781353785 0.029626282409556896 0.018802982659704481 0.0087588611314995211 -0.030602288712375674 0.0072125832498600734 0.0097537478477913008 0.016558300542281398
leaf_weight=325.18679112195969 44.749890208244324 19.44404037669301 199.68867617659271 376.33796584419906 87.768646838143468 16.634955679997802 23.189218893647194 55.391137421131134 13.225458227097986 34.057055668905377 9.1276265159249288 110.58117421343923 123.75173362717032 70.821082837879658 29.507144350558519 8.5409049391746503 38.936124982312322 27.054814588278532 224.0198744609952 15.551312200725077 40.378785312175751 8.7762960493564588 29.370731618255377 45.748147889971733 19.723281424492598 28.366432055830956 14.513662695884703 329.98648113757372 181.01799203455448 51.342549178749323
leaf_count=1947 276 140 1530 2750 622 180 154 471 149 321 67 820 1422 563 318 60 574 250 1851 106 300 45 157 257 99 207 112 2381 1083 254
internal_value=-0.000121202 -0.000390765 -0.00720307 0.000250287 -0.000647031 6.67132e-05 -0.00150575 0.000873624 -0.00249844 0.00345064 0.0069129 -0.00636816 -0.00937618 -0.00414691 0.00257237 -0.013715 -0.0127897 0.004613 -0.0076444 -0.0130171 0.00673683 -0.00492909 0.011443 0.0194656 -0.000605176 -0.00227892 -0.0101972 0.00584474 0.00410529 0.00425239
internal_weight=2602.79 2558.04 219.133 2338.91 1911.23 1807.91 1301.7 874.563 521.387 241.976 193.405 427.14 316.558 192.807 108.869 38.048 83.9375 184.278 279.411 103.32 171.052 49.1551 121.897 72.803 49.094 45.0014 48.5707 353.176 506.205 427.681
internal_count=19466 19190 1670 17520 14516 13788 10758 6614 4079 1757 1324 4144 3324 1902 941 378 961 1257 2322 728 1108 345 763 507 256 387 433 2535 3030 3004
is_linear=0
shrinkage=0.03


Tree=127
num_leaves=31
num_cat=0
split_feature=29 8 6 16 4 0 4 4 18 10 27 4 15 10 10 14 14 16 29 0 9 7 0 29 0 6 9 2 14 7
split_gain=10.5768 10.9757 14.8563 23.2376 14.5052 13.5869 11.4387 21.4925 12.928 11.145 10.9641 14.2279 9.73499 11.2791 8.17169 13.9065 16.1226 11.6156 10.2958 12.7027 8.62824 7.54251 14.3428 8.23547 13.6922 9.33955 7.5235 15.8645 8.86724 8.48851
threshold=83.357944488525405 -59.503492355346673 -0.61626377701759327 -1.628304600715637 3.5000000000000004 127.95177841186525 168.50000000000003 57.500000000000007 1.8713452219963076 -0.31000000238418574 1.0000000180025095e-35 226.50000000000003 58.500000000000007 0.2650000005960465 1.060000002384186 0.41499999165534979 0.22499999403953555 1.1622792482376101 78.088207244873061 0.060561645776033408 155.11786651611331 8.292877674102785 32.18291091918946 76.013408660888686 12.093111515045168 -0.85020262002944935 -1.9256995916366575 15.763494014739992 -0.35500000417232508 -0.94554266333580006
decision_type=2 2 2 2 10 2 10 10 2 2 2 10 2 2 2 2 2 2 2 2 2 2 2 2 2 2 2 2 2 2
left_child=1 2 3 -1 -3 6 7 12 26 -4 -10 -12 14 -14 15 16 17 20 19 -18 -6 22 23 -17 25 -25 28 -28 29 -8
right_child=-2 4 9 -5 5 -7 8 -9 10 -11 11 -13 13 -15 -16 21 18 -19 -20 -21 -22 -23 -24 24 -26 -27 27 -29 -30 -31
leaf_value=0.035558969215273649 -0.0066273190798115614 -0.0022134374447383199 -0.013691399054987445 -0.017271334532968988 0.005892244223861756 0.035715189630034033 0.0050794204700358161 0.013097033321949449 0.018875063620150286 0.0050552159289992786 0.020434616298121867 -0.024830229892298477 -0.020812921102614401 0.0058227845644586648 -0.0088126280248560229 0.019805857116892155 0.019824018845659725 -0.015696811693851214 0.016999727680615081 -0.01584075352075302 -0.016365881815567446 0.031767969366624078 -0.014788156913143592 -0.016470084901468715 0.020273589493372667 0.007588393777522566 0.012665615451954238 -0.021908681940172904 -0.011744796998973581 -0.022161595942047023
leaf_weight=7.1493628472089759 200.003581950441 720.16757845878601 36.121466476470232 103.25299466401339 415.42710716277361 10.34773964434862 65.456827510148287 201.12943403050303 42.386369176208973 122.5150098502636 9.7291551008820552 14.074958793818949 32.940840847790241 24.124131243675947 47.965935278683901 68.335853677242994 9.1667700186371786 24.739544618874788 11.331789351999758 86.139897562563419 15.343078717589377 13.396483439952133 19.437468733638525 25.133692774921652 35.925392679870129 31.769553977996114 48.224731937050819 14.798125587403772 143.37250676378608 11.183614056557415
leaf_count=64 1962 6290 246 1107 2838 61 358 1204 296 701 61 77 240 178 338 360 63 167 98 643 124 82 132 169 217 178 281 75 860 58
internal_value=-1.55877e-05 0.000535386 -0.00516465 -0.0135617 0.00125338 0.00300961 0.00274473 0.00429218 -0.00196123 0.000727592 0.00988015 -0.00625173 0.00222298 -0.00964636 0.00307624 0.00384105 0.00144369 0.00390395 -0.00900402 -0.0122402 0.00506339 0.0107448 0.00901905 0.0119638 0.00604138 -0.00313896 -0.00475548 0.00433197 -0.00736641 0.000870086
internal_weight=2611.09 2411.09 269.039 110.402 2142.05 1421.88 1411.53 1062.31 349.226 158.636 66.1905 23.8041 861.178 57.065 804.113 756.147 562.148 455.51 106.638 95.3067 430.77 193.998 180.602 161.164 92.8286 56.9032 283.036 63.0229 220.013 76.6404
internal_count=19528 17566 2118 1171 15448 9158 9097 7031 2066 947 434 138 5827 418 5409 5071 3933 3129 804 706 2962 1138 1056 924 564 347 1632 356 1276 416
is_linear=0
shrinkage=0.03


Tree=128
num_leaves=31
num_cat=0
split_feature=12 10 18 12 28 12 12 8 0 4 4 16 16 5 18 12 28 16 16 28 5 15 28 7 10 12 9 28 16 4
split_gain=10.2222 16.2145 15.3437 13.7291 14.0096 12.5932 13.4762 12.8422 12.8166 13.5591 15.6206 16.2912 26.0653 20.1852 12.899 12.6526 11.4217 11.4401 11.0296 27.659 14.803 10.7029 13.6918 10.6315 10.8859 10.0386 10.0144 11.2763 13.523 13.3419
threshold=-0.37800000607967371 -0.1950000002980232 1.7617849707603457 -0.48800000548362726 22.87558746337891 0.42849999666213995 0.73149999976158153 -55.639192581176751 31.23216533660889 168.50000000000003 72.500000000000014 0.10985428094863893 -0.27698498964309687 -0.04725049436092376 1.8298299908638003 -0.030999999493360516 26.140346527099613 0.35567109286785131 -0.10135374218225478 19.008403778076175 -0.78753387928009022 32.500000000000007 24.994574546813968 -4.6906883716583243 1.060000002384186 -0.01150000002235174 -79.928268432617173 24.009605407714847 0.24321942031383517 1.5000000000000002
decision_type=2 2 2 2 2 2 2 2 2 8 10 2 2 2 2 2 2 2 2 2 2 2 2 2 2 2 2 2 2 10
left_child=1 16 3 4 23 7 -7 18 9 10 11 12 13 14 -9 -11 17 -1 19 -2 -21 -5 -23 24 -3 -17 -13 28 -28 -30
right_child=5 2 -4 21 -6 6 -8 8 -10 15 -12 26 -14 -15 -16 25 -18 -19 -20 20 -22 22 -24 -25 -26 -27 27 -29 29 -31
leaf_value=-0.030057074025302055 -0.017099196560495307 0.017160407852324158 -0.024247240544278605 0.023811713831857505 -0.0048906910423599801 -0.0081729832922710563 0.01411352703389499 0.015730979480777584 -0.00043224943678071533 0.0065554549877692219 0.015203025897389496 0.029977252794388329 -0.01277749789324421 -0.00195780883851696 -0.0095675300768293982 -0.028310495974627425 0.021387182326529655 -0.0065471253036976278 -0.01143863305398842 0.019810012769003259 -0.0026851940924667301 -0.016783349024665946 0.01041398919591338 0.028014945763046785 -0.011351751298998328 -0.0031625879812291822 0.034441301088819251 -0.0051718732391908655 0.036888558481015597 0.0064177583024206319
leaf_weight=39.071279397234321 49.987798858433962 30.456980925053358 21.073167478665709 8.4208949729800207 46.505026012659073 192.66906954720616 27.018070701509714 146.3223169259727 616.3169026914984 142.4068428426981 164.76471991837025 22.111985377967358 91.018816005438566 172.90688258782029 20.009479161351919 14.578760445117949 6.0511770620942107 36.130936602130532 106.21164750680327 57.961460649967194 47.183360952883959 64.526695262640715 21.575673345476389 34.63969249650836 18.66308256983757 177.5728518255055 20.929765947163105 40.246531892567873 13.28694962710142 146.17817207798362
leaf_count=491 352 185 187 48 363 1531 139 914 5409 873 981 139 710 1169 151 91 59 312 896 330 497 697 209 220 138 996 111 307 89 833
internal_value=0.000715112 -0.00423494 -0.000376019 0.00195931 0.00824833 0.00143008 -0.00538056 0.00216221 0.00307001 0.00491001 0.00694676 0.00490593 0.0013919 0.00521998 0.0126486 -0.000195786 -0.015765 -0.0189959 -0.00403881 0.00106829 0.00978517 -0.00670336 -0.00992688 0.015515 0.00631692 -0.00520728 0.0111029 0.0090847 0.0122764 0.00917071
internal_weight=2596.8 327.115 245.861 224.788 130.265 2269.68 219.687 2050 1788.65 1172.33 837.776 673.011 430.257 339.239 166.332 334.558 81.2534 75.2022 261.344 155.133 105.145 94.5233 86.1024 83.7598 49.1201 192.152 242.753 220.641 180.395 159.465
internal_count=19427 2909 2047 1860 906 16518 1670 14848 12773 7364 5404 4423 2944 2234 1065 1960 862 803 2075 1179 827 954 906 543 323 1087 1479 1340 1033 922
is_linear=0
shrinkage=0.03


Tree=129
num_leaves=31
num_cat=2
split_feature=32 17 28 7 10 18 16 16 28 16 17 17 4 28 4 17 10 1 0 10 10 4 18 18 18 0 28 16 9 32
split_gain=11.8767 10.3766 10.5137 10.0915 13.3095 11.8334 10.1266 14.1708 12.323 10.4635 12.3952 22.2957 9.415 11.3147 11.7603 12.2938 9.50853 9.28218 8.80303 8.64723 10.1041 11.7283 9.64345 8.52676 10.9894 19.6903 8.80138 9.64157 8.39932 8.36716
threshold=0 -1.2670373916625974 25.346193313598636 -33.615882873535149 -0.11499999836087225 1.4650008082389834 0.48314210772514349 0.23271599411964419 18.926905632019047 -0.11209625005722045 0.40543007850646978 0.79074189066886913 3.5000000000000004 18.767070770263675 168.50000000000003 -1.1067209243774412 1.4600000381469729 35.057794570922859 6.6735129356384286 -0.11499999836087225 0.054999999701976783 6.5000000000000009 0.69984164834022533 1.4026598930358889 0.72820800542831432 0.085741467773914351 22.726541519165043 -0.22923302650451657 -61.725248336791985 1
decision_type=1 2 2 2 2 2 2 2 2 2 2 2 10 2 10 2 2 2 2 2 2 10 2 2 2 2 2 2 2 1
left_child=-1 2 -2 4 5 -3 7 8 -6 10 -10 -12 -5 -14 15 -15 17 18 -17 22 21 -21 -19 24 25 -16 27 -26 -9 -22
right_child=1 3 -4 12 6 -7 -8 28 9 -11 11 -13 13 14 23 16 -18 19 -20 20 29 -23 -24 -25 26 -27 -28 -29 -30 -31
leaf_value=-0.014552264812686795 -0.012121595557045424 -0.01972420059432611 0.007891670552867984 -0.0012550379816304016 -0.014356881099766343 0.0032108145570936583 -0.011865005428712942 0.0071527416703121138 0.0020916314661688761 -0.011578883022493993 0.057350281935045544 0.0021943681827346186 -0.0015938188953862318 0.026970698196678206 0.022577231837350917 0.006265403040984642 -0.020671914853024147 0.009909825956707469 0.016058064634743685 0.037882074772373424 0.007496911054564113 -0.0021700929583641625 -0.0089230172608650501 0.0061926126430836463 -0.017351762213087353 -0.0088348122348802516 -0.018358059192202306 0.012712932223662762 0.039550820754198142 -0.0070266947334557779
leaf_weight=38.908734243363142 107.32740460522473 71.169818300753832 29.459716230630875 743.9044289290905 41.969465214759111 27.790518026798964 52.053659778088331 16.722364604473118 63.543402571231127 27.25080168992281 10.791926972568037 15.158335417509077 361.47917687892914 24.793227285146713 29.31644706428051 265.36766588315368 11.022526338696478 32.683059860020876 120.68885825574398 16.716538429260257 107.45438461005688 10.302978526800869 89.019058186560869 99.627236440777779 15.529834412038324 43.160587184131145 60.111085996031761 21.899797476828098 12.432428956031798 42.21211002394557
leaf_count=653 1080 621 229 6506 279 191 434 115 516 236 61 93 2309 180 149 1559 61 225 705 120 699 69 655 604 97 235 355 134 72 309
internal_value=-5.74972e-05 0.000223151 -0.00778536 0.000677115 -0.00411847 -0.0133158 -0.000285347 0.00296892 -0.000609161 0.00441308 0.00935677 0.0264089 0.00145433 0.00294559 0.00460316 0.00660153 0.00583769 0.00629414 0.00936036 0.00230904 0.00653258 0.0230772 -0.00382592 -0.000739429 -0.00481393 0.00400548 -0.0113413 0.00011194 0.0218216 0.00341242
internal_weight=2609.87 2570.96 136.787 2434.17 338.883 98.9603 239.922 187.869 158.714 116.744 89.4937 25.9503 2095.29 1351.38 989.905 720.26 695.467 684.445 386.057 298.388 176.686 27.0195 121.702 269.645 170.018 72.477 97.5407 37.4296 29.1548 149.666
internal_count=19551 18898 1309 17589 2618 812 1806 1372 1185 906 670 154 14971 8465 6156 4582 4402 4341 2264 2077 1197 189 880 1574 970 384 586 231 187 1008
cat_boundaries=0 1 2
cat_threshold=1 52
is_linear=0
shrinkage=0.03


Tree=130
num_leaves=31
num_cat=1
split_feature=2 8 8 5 16 10 5 17 6 17 32 9 12 28 16 10 12 14 16 10 8 10 16 16 17 10 10 10 12 5
split_gain=10.7576 9.94125 9.14413 11.6818 19.0631 10.7104 10.475 10.5845 18.7666 20.0544 15.8547 15.6897 17.6861 14.9909 15.1861 14.8617 14.4483 14.2152 14.0933 17.194 12.5169 17.1633 20.0074 16.2461 18.459 13.3758 12.4922 14.4101 13.625 13.1631
threshold=395.98118591308599 6.2332913875579843 -59.503492355346673 -0.78753387928009022 -1.6684122681617735 -0.31000000238418574 -0.9980562925338744 0.17250502109527591 -0.97606927156448353 0.11878761649131776 0 -40.349740982055657 0.12650000303983691 23.15529823303223 -1.8682830333709715 -0.82499998807907093 0.50899998843669902 1.0249999761581423 -0.5375225543975829 0.16000000387430194 -10.879503250122069 -0.34499999880790705 -0.99229201674461354 -0.27698498964309687 -0.39733999967575068 0.66999998688697826 -0.37499999999999994 0.47500000894069677 -0.18349999934434888 0.29221479594707495
decision_type=2 2 2 2 2 2 2 2 2 2 1 2 2 2 2 2 2 2 2 2 2 2 2 2 2 2 2 2 2 2
left_child=2 -2 3 5 -5 -1 -4 8 15 10 11 12 -10 14 -9 -8 20 -17 -13 -20 21 -12 -23 -24 -25 -26 28 29 -15 -28
right_child=1 -3 6 4 -6 -7 7 13 9 -11 16 18 -14 26 -16 17 -18 -19 19 -21 -22 22 23 24 25 -27 27 -29 -30 -31
leaf_value=-0.013597188651129721 -0.028467407310213088 -0.0047980380795143857 -0.019611787498113278 0.032739456797702876 -0.014482821393071535 0.0045502485882433219 0.026454186363090985 -0.018556869129224926 0.0083295133216281375 -0.020874872013025268 0.021680450262523212 0.012798780696023306 0.040446976370765164 0.010658012003017558 0.0067398222904685653 -0.013351186993263896 -0.017185639295028504 0.012388234067179408 -0.010751292055289484 0.0074463950274372796 -0.0030821539122581998 -0.022049031270458846 0.020249639979190177 -0.013400055920112779 0.024613189563032618 -0.014406282150173103 -0.0011336571916924706 -0.014985266370229235 -0.02238058849159744 0.017840552954106661
leaf_weight=36.257713720202446 18.393098091706634 94.153883665800095 20.488047506660223 7.3055659830570212 115.28286546654999 135.54632872715592 9.3554076068103296 21.094304479658604 43.005975045263767 34.527919938787818 48.204089917242527 105.95297823473811 23.698155209422112 14.153875283896921 694.08744511008263 173.37161838635802 44.582783604040742 20.926363222301006 84.926606647670269 101.44782811775804 350.58183707669377 26.241027180105448 46.573871474713087 49.803011041134596 27.749899830669165 10.148580908775328 91.717157855629921 37.673300363123417 45.397666685283184 50.221637219190598
leaf_count=254 205 893 111 68 1309 809 67 131 364 240 353 696 170 93 4155 2143 375 133 662 636 2646 243 324 459 162 83 751 299 304 313
internal_value=0.000146127 -0.00888287 0.000560912 -0.00439234 -0.0114265 0.000663871 0.00123277 0.00143991 -0.000434217 0.00126249 0.00207711 0.00695461 0.0201688 0.00379659 0.00596883 -0.00870983 -0.000929055 -0.0105298 0.00411797 -0.000859002 0.000378558 0.0061784 0.00141762 0.00613273 -0.00150782 0.0140627 -0.00269697 0.00126892 -0.0144818 0.00565776
internal_weight=2582.87 112.547 2470.32 294.392 122.588 171.804 2175.93 2155.44 1201.1 997.445 962.917 359.032 66.7041 954.345 715.182 203.653 603.885 194.298 292.327 186.374 559.302 208.72 160.516 134.275 87.7015 37.8985 239.164 179.612 59.5515 141.939
internal_count=19451 1098 18353 2440 1377 1063 15913 15802 9756 7413 7173 2528 534 6046 4286 2343 4645 2276 1994 1298 4270 1624 1271 1028 704 245 1760 1363 397 1064
cat_boundaries=0 1
cat_threshold=106
is_linear=0
shrinkage=0.03


Tree=131
num_leaves=31
num_cat=1
split_feature=17 14 16 29 7 16 3 29 16 16 11 16 18 14 18 9 29 5 14 1 5 6 16 14 3 9 16 32 9 18
split_gain=10.7821 16.6362 10.5292 10.4376 9.66465 13.3219 10.2516 9.49078 9.24865 30.5179 15.5095 12.8896 17.8794 16.8748 16.4087 16.2028 15.0727 14.4826 13.4179 14.0288 11.2209 11.2149 14.2207 13.6305 14.5267 11.2814 11.1427 10.2978 19.3641 18.1637
threshold=-1.2670373916625974 0.70499998331069957 -0.57366412878036488 81.26676177978517 -41.464284896850579 -0.11209625005722045 837.03970336914074 76.151096343994155 0.070914063602685942 -0.01200395869091153 86.500000000000014 0.74319502711296093 0.91998252272605907 0.42499999701976782 0.71707853674888622 -78.535449981689439 76.151096343994155 -0.53371313214302052 0.43500000238418585 52.256353378295906 0.56202840805053722 -0.96645781397819508 0.24321942031383517 0.32500000298023229 504.20439147949224 -36.151199340820305 0.27630940079689031 0 -84.579589843749986 1.1554906964302065
decision_type=2 2 2 2 2 2 2 2 2 2 2 2 2 2 2 2 2 2 2 2 2 2 2 2 2 2 2 1 2 2
left_child=1 2 -1 -4 5 6 7 -2 9 27 -11 12 14 -13 21 -15 17 26 -17 20 -20 22 -10 24 25 -23 -14 28 -6 -30
right_child=4 -3 3 -5 8 -7 -8 -9 11 10 -12 13 16 15 -16 18 -18 -19 19 -21 -22 23 -24 -25 -26 -27 -28 -29 29 -31
leaf_value=-0.0033797193167209769 0.012524717793294648 0.013271947047916141 -0.026238557828992273 0.012375951611833091 0.020944890325218162 -0.015534143239926574 0.024102953548154331 -0.010305777313885009 0.012005175494296695 -0.023536401755666035 0.0086669222412659661 -0.0052361112346637718 0.029291798545786403 0.031740654344931216 -0.008793712516771756 0.034767185808650312 0.0065596125830930359 0.035182271245963438 -0.016187425261879447 0.010830766142804879 0.010370074317503577 0.042884002080513413 -0.031488384593465653 -0.00082948399925349765 0.0035026713194857033 0.015588186283607731 -0.0063268738092909131 -0.0019681401895105459 -0.0043787544211857333 0.0078921531833097257
leaf_weight=51.340248923748732 22.86722295358777 24.908238053321838 53.420309502631426 6.5321516226977101 51.18112525343895 80.367523415014148 13.79724366404116 51.49108037352562 11.427983775734903 73.699961107224226 15.869866732507942 285.80465816706419 12.191960185766222 19.61884818598628 92.748025028035045 10.181489467620848 115.9454444013536 42.347897753119469 49.575081299990416 61.549686186015606 19.181260146200657 19.376176983118057 14.23216253519058 87.37189039029181 58.3202456664294 47.943126186728477 19.033605072647333 740.5989772323519 222.2241413667798 210.42733056470752
leaf_count=508 153 165 591 83 410 773 78 512 92 597 115 2224 63 111 751 62 766 223 289 402 145 116 135 610 361 274 108 5367 1806 1516
internal_value=-0.000327234 -0.00851113 -0.0134611 -0.0218973 0.000131132 -0.0067799 0.00128569 -0.00321174 0.000644507 -0.000993999 -0.017798 0.00287005 0.00607017 -0.000873719 0.00185426 0.00689772 0.0133943 0.0239327 0.00322863 0.000518345 -0.00873611 0.0060115 -0.0123944 0.0082763 0.0145652 0.0239573 0.00805777 0.000248769 0.00360546 0.00159384
internal_weight=2585.57 136.201 111.293 59.9525 2449.37 168.523 88.1555 74.3583 2280.85 1314 89.5698 966.85 520.939 445.911 331.42 160.106 189.519 73.5735 140.488 130.306 68.7563 238.672 25.6601 213.011 125.64 67.3193 31.2256 1224.43 483.833 432.651
internal_count=19406 1347 1182 674 18059 1516 743 665 16543 9811 712 6732 3499 3233 2339 1009 1160 394 898 836 434 1588 227 1361 751 390 171 9099 3732 3322
cat_boundaries=0 1
cat_threshold=56
is_linear=0
shrinkage=0.03


Tree=132
num_leaves=31
num_cat=0
split_feature=12 17 14 14 10 16 24 14 3 10 7 12 12 16 11 12 10 9 4 13 10 14 14 14 28 17 0 10 5 7
split_gain=8.87812 16.9962 10.3295 17.2104 11.12 11.5801 13.9462 19.2683 12.6624 16.1197 11.4984 10.9927 13.9937 10.7063 21.1195 15.211 12.0738 11.1157 12.7061 9.85622 25.4998 20.1628 15.9181 14.2233 23.7781 15.951 23.4856 13.8731 17.0627 16.6307
threshold=0.42849999666213995 1.5727599859237673 0.34499999880790716 0.35999999940395361 0.53000000119209301 0.85363894701004039 1.0000000180025095e-35 0.30500000715255743 76.26718902587892 -0.35500000417232508 1.0000000180025095e-35 -0.71900001168251026 -0.57400000095367421 0.87252560257911693 83.500000000000014 -0.26350000500679011 0.49500000476837164 105.87836074829103 180.50000000000003 38.500000000000007 0.1799999997019768 0.10999999940395357 -0.68500000238418568 -0.37499999999999994 24.009605407714847 -0.44273455440998072 4.9768853187561044 0.080000001937150969 -0.75976759195327748 -9.1779503822326642
decision_type=2 2 2 2 2 2 2 2 2 2 2 2 2 2 2 2 2 2 10 2 2 2 2 2 2 2 2 2 2 2
left_child=2 -2 4 -4 5 6 11 -8 9 -7 -11 -1 -13 -5 15 -15 -16 18 -17 20 22 -22 -14 24 25 -24 -27 28 -21 -29
right_child=1 -3 3 13 -6 8 7 -9 -10 10 -12 12 19 14 16 17 -18 -19 -20 27 21 -23 23 -25 -26 26 -28 29 -30 -31
leaf_value=0.017204120836558062 -0.0075654167924497995 0.031045641837364399 0.035808413978637363 0.00087297475110143332 -0.017427785610580289 0.034746210605757201 0.0059608386406698032 0.045246878528756987 -0.010158996394295825 0.0071123105202683286 -0.027321938841342121 -0.020067210361821911 -0.016571326691464255 -0.013409143642854917 0.021838284057593145 0.027494776177344256 -0.016154540926959376 -0.010208674556898828 -0.0074425207255118062 0.0082951251185184784 0.046337428748489985 0.0063908061343356231 -0.0031199791399906867 -0.00079334125617139771 -0.017148298704755701 -0.00096634627460877613 0.053765938805457637 -0.017225532477270294 -0.0021002561756454084 -0.0011556970764989311
leaf_weight=31.39417277276516 211.51312066614628 9.8052442371845228 13.630567289888857 530.08985892124474 34.172258635982871 12.524081692099569 62.918179696425796 12.794324796646832 185.26241009123623 28.782858055084944 11.360819302499293 31.043522255495191 38.063006784766912 12.846805080771444 8.6719222441315633 81.256641553714871 33.88367996737361 9.1270832642912847 10.150137294083832 191.69090892933309 20.765636768192053 24.600795894861221 11.424905538558958 141.02852112613618 13.5097274556756 9.9664784967899305 22.875927079468966 96.546026429161429 540.35123695619404 143.20962046273053
leaf_count=163 1626 53 103 3759 424 59 433 74 1512 216 76 314 460 97 51 511 261 54 72 1253 147 218 85 1239 98 56 117 783 4081 1090
internal_value=8.86443e-06 -0.00572285 0.000547675 0.00360347 -0.000738359 -0.000378026 0.0006687 0.0131029 -0.00647982 0.00641007 -0.00305993 -5.58151e-05 -0.000490521 0.00291241 0.00979553 0.0165201 -0.00808878 0.0204391 0.0235767 9.70182e-06 0.00493478 0.0252806 0.000948123 0.00436852 0.0167673 0.027268 0.0376189 -0.00142427 0.000629458 -0.00767145
internal_weight=2585.26 221.318 2363.94 699.657 1664.29 1630.11 1392.18 75.7125 237.93 52.6678 40.1437 1316.47 1285.08 686.026 155.936 113.381 42.5556 100.534 91.4068 1254.03 282.235 45.3664 236.869 198.806 57.777 44.2673 32.8424 971.798 732.042 239.756
internal_count=19485 1679 17806 4908 12898 12474 10611 507 1863 351 292 10104 9941 4805 1046 734 312 637 583 9627 2420 365 2055 1595 356 258 173 7207 5334 1873
is_linear=0
shrinkage=0.03


Tree=133
num_leaves=31
num_cat=1
split_feature=17 9 12 2 18 16 16 18 13 5 31 16 12 16 12 12 5 12 9 12 26 2 16 12 12 5 7 5 3 12
split_gain=11.3907 12.2898 10.8682 8.28734 13.7271 12.0647 11.346 16.6949 10.9777 10.2685 22.8694 16.484 20.9822 14.8064 20.4152 17.4618 14.4228 12.9889 19.9371 12.0056 21.4125 13.3351 13.2268 12.3943 11.3548 10.1253 9.44377 9.33868 9.21435 10.3322
threshold=1.7078151702880862 -81.345256805419908 -0.33699999749660486 64.190715789794936 2.1117471456527714 1.2922363281250002 1.3949765563011172 1.7923071384429934 33.500000000000007 -0.78753387928009022 0 -0.57366412878036488 -0.1105000004172325 -0.34565572440624232 -0.14499999582767484 0.22699999809265139 0.33273787796497351 -0.02450000029057264 75.03122711181642 -0.16650000214576718 1.0000000180025095e-35 252.356315612793 0.83948650956153881 -0.33699999749660486 -0.36599999666213984 -0.60434082150459278 6.3107924461364755 0.16665012389421466 516.84207153320324 -0.26350000500679011
decision_type=2 2 2 2 2 2 2 2 2 2 1 2 2 2 2 2 2 2 2 2 2 2 2 2 2 2 2 2 2 2
left_child=3 -2 -3 5 9 -1 -7 -8 -6 13 17 12 -12 15 24 28 -13 19 25 21 -21 22 -11 -24 -15 -19 -20 -14 29 -5
right_child=1 2 -4 4 8 6 7 -9 -10 10 11 16 27 14 -16 -17 -18 18 26 20 -22 -23 23 -25 -26 -27 -28 -29 -30 -31
leaf_value=0.00067073722853609914 -0.019530958268605198 -0.011809245866346565 0.016732323334573498 0.016796635346610935 0.010477472963033706 0.032037210368376312 -0.018267936390167865 0.019172037210007133 -0.026363706435963259 -0.0016070035819156566 0.012395323596431918 -0.015969842754218262 -0.016277104489182254 -0.0038278254488398073 0.0028636292100791042 -0.017333929254671317 0.018199234488704912 -0.012789813785693851 0.0081900067222838227 -0.026641318249617168 0.024001053914896341 -0.02548695864484625 0.003179211967363879 0.048606458079326592 -0.019601072333759226 0.004627086163065966 0.037127307789115015 0.014247232962977347 0.013361875660281139 -0.013466502742157932
leaf_weight=889.17244664952159 11.013558432459829 13.261667236685751 83.618546031415462 15.080135021358727 8.6498962305486184 20.299409233033657 16.226837277412415 27.506022423505783 33.297853417694569 103.68981487676501 57.762023938819766 220.67152141779661 60.016350496560335 104.53970013186336 298.40310256555676 22.187700416892767 10.898262470960615 35.528916399925947 19.355053350329399 40.393935550004244 8.3591373264789564 15.938340712338684 12.055203299969437 9.0275604128837568 67.343971729278564 168.3714117333293 22.144352670758963 9.7909753452986461 163.66827162727714 26.591630592942238
leaf_count=5623 73 96 475 74 67 129 101 202 400 905 642 2949 758 755 1859 180 118 308 111 443 44 171 103 46 493 1108 138 93 945 158
internal_value=-0.000196337 0.00930089 0.0127446 -0.000611933 -0.00197668 0.0015838 0.0140575 0.00518231 -0.0186997 -0.00149424 -0.00382549 -0.00927914 -0.000863765 0.00116003 -0.00188043 0.00742524 -0.0142904 0.000882107 0.00544844 -0.00498359 -0.0176504 -0.000501262 0.00286766 0.0239512 -0.0100854 0.00154464 0.0241414 -0.0118551 0.0101716 -0.00237793
internal_weight=2594.86 107.894 96.8802 2486.97 1533.77 953.205 64.0323 43.7329 41.9477 1491.82 794.003 359.139 127.569 697.815 470.287 227.528 231.57 434.864 245.4 189.464 48.7531 140.711 124.773 21.0828 171.884 203.9 41.4994 69.8073 205.34 41.6718
internal_count=19567 644 571 18923 12868 6055 432 303 467 12401 7937 4560 1493 4464 3107 1357 3067 3377 1665 1712 487 1225 1054 149 1248 1416 249 851 1177 232
cat_boundaries=0 1
cat_threshold=4
is_linear=0
shrinkage=0.03


end of trees

feature_importances:
dmi=414
rmm2=398
rmm1=382
doy_sin=376
oni=314
nino34=310
amplitude=240
centroid_lon=224
centroid_lat=146
season_to_date=133
days_since_wet=120
doy_cos=120
rain_prev_30_anom=114
rain_prev_30=94
rain_prev_7_anom=85
rain_prev_7=81
rain_prev_14_anom=77
rain_prev_14=74
zone_id=72
state=57
oni_age_days=53
dmi_age_days=47
mjo_phase_8=31
mjo_phase_1=13
nino34_age_days=12
mjo_phase_7=10
mjo_phase_5=7
mjo_phase_4=6
mjo_phase_3=5
mjo_phase_2=4
mjo_phase_6=1

parameters:
[boosting: gbdt]
[objective: binary]
[metric: binary_logloss]
[tree_learner: serial]
[device_type: cpu]
[data_sample_strategy: bagging]
[data: ]
[valid: ]
[num_iterations: 2000]
[learning_rate: 0.03]
[num_leaves: 31]
[num_threads: 0]
[seed: 42]
[deterministic: 0]
[force_col_wise: 0]
[force_row_wise: 0]
[histogram_pool_size: -1]
[max_depth: -1]
[min_data_in_leaf: 60]
[min_sum_hessian_in_leaf: 0.001]
[bagging_fraction: 0.8]
[pos_bagging_fraction: 1]
[neg_bagging_fraction: 1]
[bagging_freq: 1]
[bagging_seed: 400]
[bagging_by_query: 0]
[feature_fraction: 0.8]
[feature_fraction_bynode: 1]
[feature_fraction_seed: 30056]
[extra_trees: 0]
[extra_seed: 12879]
[early_stopping_round: 0]
[early_stopping_min_delta: 0]
[first_metric_only: 0]
[max_delta_step: 0]
[lambda_l1: 0]
[lambda_l2: 1]
[linear_lambda: 0]
[min_gain_to_split: 0]
[drop_rate: 0.1]
[max_drop: 50]
[skip_drop: 0.5]
[xgboost_dart_mode: 0]
[uniform_drop: 0]
[drop_seed: 17869]
[top_rate: 0.2]
[other_rate: 0.1]
[min_data_per_group: 100]
[max_cat_threshold: 32]
[cat_l2: 10]
[cat_smooth: 10]
[max_cat_to_onehot: 4]
[top_k: 20]
[monotone_constraints: ]
[monotone_constraints_method: basic]
[monotone_penalty: 0]
[feature_contri: ]
[forcedsplits_filename: ]
[refit_decay_rate: 0.9]
[cegb_tradeoff: 1]
[cegb_penalty_split: 0]
[cegb_penalty_feature_lazy: ]
[cegb_penalty_feature_coupled: ]
[path_smooth: 0]
[interaction_constraints: ]
[verbosity: -1]
[saved_feature_importance_type: 0]
[use_quantized_grad: 0]
[num_grad_quant_bins: 4]
[quant_train_renew_leaf: 0]
[stochastic_rounding: 1]
[linear_tree: 0]
[max_bin: 255]
[max_bin_by_feature: ]
[min_data_in_bin: 3]
[bin_construct_sample_cnt: 200000]
[data_random_seed: 175]
[is_enable_sparse: 1]
[enable_bundle: 1]
[use_missing: 1]
[zero_as_missing: 0]
[feature_pre_filter: 1]
[pre_partition: 0]
[two_round: 0]
[header: 0]
[label_column: ]
[weight_column: ]
[group_column: ]
[ignore_column: ]
[categorical_feature: 31,32]
[forcedbins_filename: ]
[precise_float_parser: 0]
[parser_config_file: ]
[objective_seed: 16083]
[num_class: 1]
[is_unbalance: 0]
[scale_pos_weight: 1]
[sigmoid: 1]
[boost_from_average: 1]
[reg_sqrt: 0]
[alpha: 0.9]
[fair_c: 1]
[poisson_max_delta_step: 0.7]
[tweedie_variance_power: 1.5]
[lambdarank_truncation_level: 30]
[lambdarank_norm: 1]
[label_gain: ]
[lambdarank_position_bias_regularization: 0]
[eval_at: ]
[multi_error_top_k: 1]
[auc_mu_weights: ]
[num_machines: 1]
[local_listen_port: 12400]
[time_out: 120]
[machine_list_filename: ]
[machines: ]
[gpu_platform_id: -1]
[gpu_device_id: -1]
[gpu_device_id_list: ]
[gpu_use_dp: 0]
[num_gpu: 1]

end of parameters

pandas_categorical:[["Bihar", "Madhya Pradesh", "Maharashtra", "Uttar Pradesh"], ["BI-2", "BI-3", "MH-6/MH-7", "MP-10", "MP-10/MP-5", "UP-10", "UP-8"]]
