tree
version=v4
num_class=1
num_tree_per_iteration=1
label_index=0
max_feature_idx=32
objective=binary sigmoid:1
feature_names=rain_prev_7 rain_prev_14 rain_prev_30 season_to_date days_since_wet doy_sin doy_cos rain_prev_7_anom rain_prev_14_anom rain_prev_30_anom oni oni_age_days dmi dmi_age_days nino34 nino34_age_days rmm1 rmm2 amplitude mjo_age_days mjo_phase_1 mjo_phase_2 mjo_phase_3 mjo_phase_4 mjo_phase_5 mjo_phase_6 mjo_phase_7 mjo_phase_8 centroid_lat centroid_lon small_unit state zone_id
feature_infos=[0:563.739501953125] [0:825.598876953125] [0:1061.04931640625] [0:2138.258544921875] [0:323] [-0.99819540977478027:0.7295575737953186] [-0.99941062927246094:-0.060048960149288177] [-119.4168701171875:466.78271484375] [-199.28990173339844:623.6695556640625] [-325.978759765625:676.28131103515625] [-1.3700000047683716:1.690000057220459] [63:90] [-0.86100000143051147:0.81099998950958252] [32:59] [-1.3799999952316284:1.9700000286102295] [32:59] [-2.703779935836792:3.1550700664520264] [-2.4152100086212158:3.5100479125976562] [0.026713300496339798:3.5471172332763672] none [0:1] [0:1] [0:1] [0:1] [0:1] [0:1] [0:1] [0:1] [18.132350921630859:26.753688812255859] [75.09625244140625:87.400367736816406] none -1:2:1:3:0 -1:2:4:3:5:6:0:1
tree_sizes=3397 3466 3470 3486 3470 3469 3480 3459 3475 3450 3464 3464 3478 3470 3445 3491 3480 3504 3486 3467 3464 3488 3487 3507 3483 3468 3493 3483 3478 3508 3489 3492 3500 3503 3511 3502 3480 3517 3512 3507 3471 3502 3490 3494 3495 3483 3504 3499 3488 3510 3500 3512 3509 3503 3487 3485 3496 3499 3503 3482 3480 3507 3504 3516 3498 3489 3453 3514 3483 3514 3514 3504 3503 3496 3524 3505 3500 3470 3484 3520 3483 3478 3543 3505 3516 3455 3504 3498 3517 3517 3501 3513

Tree=0
num_leaves=31
num_cat=0
split_feature=6 3 5 29 5 5 29 17 28 12 17 29 16 5 16 2 28 28 3 16 14 11 16 5 29 6 18 0 18 18
split_gain=1505.03 644.827 1037.81 340.464 343.898 170.068 154.115 146.474 126.334 126.197 101.027 92.8845 84.152 83.3378 75.4857 65.3563 60.524 59.099 57.3222 55.842 53.6617 53.4927 49.1914 49.0084 48.2478 48.1284 48.0501 47.3408 46.9371 44.3816
threshold=-0.82436862587928761 3.603879570960999 -0.88134551048278797 75.77988433837892 0.4124008715152741 -0.98097097873687733 77.084831237792983 0.52565798163414013 20.863806724548343 -0.028500000014901158 0.28963282704353338 84.152141571044936 0.15175064653158191 0.25061884522438055 0.4482188373804093 31.086930274963382 20.863806724548343 22.825375556945804 34.680606842041023 -0.56506931781768788 0.20499999821186068 76.500000000000014 -0.62602889537811268 -0.67050644755363453 81.26676177978517 -0.92449048161506642 1.4956442117691042 11.775074005126955 1.0376279354095461 1.716315031051636
decision_type=2 2 2 2 2 2 2 2 2 2 2 2 2 2 2 2 2 2 2 2 2 2 2 2 2 2 2 2 2 2
left_child=3 27 5 9 6 29 12 14 10 20 22 -10 -5 -8 18 16 -6 19 -4 -11 25 23 -7 -9 -23 -1 -14 -2 -20 -3
right_child=1 2 7 4 15 8 13 21 11 17 -12 -13 26 -15 -16 -17 -18 -19 28 -21 -22 24 -24 -25 -26 -27 -28 -29 -30 -31
leaf_value=-0.21995386595395122 -0.13686427957636596 -0.13480963159046874 -0.17349311834869713 -0.21459738249675725 -0.19538224468588686 -0.22516975357808022 -0.22985620900482553 -0.15730076652046118 -0.14785064366090434 -0.18535816676688505 -0.1525415586265888 -0.19795723337173776 -0.20094344412468423 -0.20415668937407463 -0.18587959143926391 -0.21143702637877429 -0.16215210600859811 -0.20189385439748464 -0.20496222755509477 -0.151193111705338 -0.1790546857482106 -0.16014406747951568 -0.18654251493809959 -0.20733832873441463 -0.20768424897167564 -0.18348226229883222 -0.17206989435414341 -0.19002606409809858 -0.2215353788416749 -0.16533674312849944
leaf_weight=107.78390899300575 411.80886608362198 294.8571303486824 36.423527866601944 524.05279889702797 73.094834834337234 37.166865170001984 690.8081339597702 21.804560899734497 279.74260517954826 61.944775283336639 69.873706519603729 37.41464427113533 243.31907731294632 137.76518023014069 144.2074368596077 47.821366518735886 148.66746068000793 38.15798157453537 375.63311731815338 141.97742494940758 81.271545171737671 122.15509685873985 132.80959820747375 76.811521351337433 22.052340000867844 46.08691281080246 64.918124496936798 15.610083371400831 264.38030090928078 52.776948541402817
leaf_count=435 1662 1190 147 2115 295 150 2788 88 1129 250 282 151 982 556 582 193 600 154 1516 573 328 493 536 310 89 186 262 63 1067 213
internal_value=-0.188992 -0.17216 -0.179426 -0.205739 -0.211346 -0.155823 -0.216445 -0.199515 -0.166167 -0.183059 -0.182637 -0.153771 -0.207291 -0.225607 -0.205567 -0.179945 -0.173084 -0.167896 -0.209763 -0.161503 -0.198694 -0.179078 -0.19515 -0.196067 -0.167492 -0.209064 -0.194827 -0.138804 -0.211848 -0.139363
internal_weight=4803.2 2395.53 1968.11 2407.67 1930.45 904.641 1660.86 1063.47 557.007 477.223 239.85 317.157 832.29 828.573 820.644 269.584 221.762 242.08 676.437 203.922 235.142 242.824 169.976 98.6161 144.207 153.871 308.237 427.419 640.013 347.634
internal_count=19385 9668 7943 9717 7791 3651 6703 4292 2248 1926 968 1280 3359 3344 3312 1088 895 977 2730 823 949 980 686 398 582 621 1244 1725 2583 1403
is_linear=0
shrinkage=1


Tree=1
num_leaves=31
num_cat=2
split_feature=6 3 5 29 5 31 17 29 17 12 5 32 16 12 3 5 28 16 16 10 11 5 29 5 16 16 10 17 16 17
split_gain=1452.6 609.495 994.524 310.445 313.691 195.134 169.688 166.794 155.377 101.509 80.4531 80.0571 78.2363 77.9562 62.4156 58.8128 55.081 54.5338 54.4131 50.2264 48.1967 46.2776 45.1545 42.5819 42.0949 41.6718 41.1696 43.1779 40.8873 39.454
threshold=-0.82436862587928761 4.1023669242858896 -0.88134551048278797 75.77988433837892 0.4124008715152741 0 0.40543007850646978 77.084831237792983 -0.49491618573665613 -0.028500000014901158 -0.9936448037624358 1 0.4482188373804093 -0.02450000029057264 30.226166725158695 -0.98097097873687733 22.825375556945804 0.6538391411304475 -1.5033400058746336 -0.64500001072883595 76.500000000000014 0.081451712176203742 81.26676177978517 -0.96105405688285817 -0.56506931781768788 -0.058773901313543313 -0.49500000476837153 0.32254585623741155 0.37996618449687963 -0.53089502453804005
decision_type=2 2 2 2 2 1 2 2 2 2 2 1 2 2 2 2 2 2 2 2 2 2 2 2 2 2 2 2 2 2
left_child=3 -2 5 9 7 23 12 13 10 -1 -7 -6 18 21 -9 -10 24 -15 -4 -13 28 -5 -22 -3 -11 -23 -17 -28 -8 -21
right_child=1 2 6 4 11 8 20 14 15 16 -12 19 -14 17 -16 26 -18 -19 -20 29 22 25 -24 -25 -26 -27 27 -29 -30 -31
leaf_value=-0.0091322327780291451 0.048024290253108691 0.055085003977172434 0.026033856133599164 -0.033563740980668687 -0.012598468347444445 0.042356893684900275 -0.016196147454957371 -0.019036335264431044 0.043357117795391031 0.0043565005142497757 -0.020643068480389701 -0.016654808720053437 0.0028714275173326444 -0.013113598073241303 -0.040564273836744665 -0.02240447286743014 -0.014256196264421232 0.015257198458939737 -0.023535330649950892 0.010847557766247897 0.027493013298333157 -0.027781315958535918 -0.016153094104333517 0.035991353104038649 0.033691276893963971 0.0027838275036689993 0.010028031784058439 0.041304095408275662 0.019525120909554373 0.042738957563146794
leaf_weight=234.41089102625847 444.34319727122784 261.41687992215157 19.792892470955849 275.7352709621191 101.97290599346161 20.898057103157043 85.104463428258896 151.49603240191936 136.82602137327194 64.19700576364994 109.26584614813328 26.05659507215023 138.05407726764679 312.76582343876362 665.30292540788651 20.071896508336067 38.357793241739273 74.796189099550247 627.52070546150208 65.532798171043396 131.62164664268494 82.793139740824699 24.735183894634247 191.94909131526947 141.44015116989613 76.749106466770172 103.05183809995651 64.587894976139069 42.393749982118607 75.973177403211594
leaf_count=947 1786 1051 80 1115 412 84 344 613 550 259 441 105 557 1265 2696 81 155 302 2538 264 530 335 100 772 569 310 416 260 171 306
internal_value=-5.26973e-05 0.0163152 0.00916877 -0.0166539 -0.0220668 0.0322387 -0.0104358 -0.0269949 0.0169796 0.004948 -0.0102825 0.00790123 -0.017615 -0.017428 -0.0365995 0.0284333 0.0184572 -0.0076131 -0.0219818 0.0199417 0.00941943 -0.0261295 0.0205296 0.0460838 0.0245988 -0.0131519 0.017383 0.0222515 -0.00425914 0.0281495
internal_weight=4809.21 2421.63 1977.29 2387.58 1909.17 908.068 1069.22 1639.64 454.702 478.406 130.164 269.535 785.368 822.84 816.799 324.538 243.995 387.562 647.314 167.563 283.855 435.278 156.357 453.366 205.637 159.542 187.712 167.64 127.498 141.506
internal_count=19414 9761 7975 9653 7723 3655 4320 6636 1832 1930 525 1087 3175 3327 3309 1307 983 1567 2618 675 1145 1760 630 1823 828 645 757 676 515 570
cat_boundaries=0 1 2
cat_threshold=10 5
is_linear=0
shrinkage=0.03


Tree=2
num_leaves=31
num_cat=3
split_feature=6 2 5 1 32 12 17 17 7 32 23 5 10 29 10 6 11 32 12 29 17 29 9 16 14 10 10 2 10 10
split_gain=1369.17 575.562 919.255 276.693 346.399 199.558 189.341 162.195 116.902 107.49 107.135 98.6887 94.349 92.0823 76.3385 65.6153 65.3433 47.4531 46.103 43.4238 39.2297 37.2862 42.1387 35.6163 34.7411 69.5081 52.4762 34.3528 32.3409 33.5934
threshold=-0.82436862587928761 25.409214973449711 -0.88134551048278797 22.974452972412113 0 -0.02450000029057264 -0.34192450344562525 0.16916266083717349 -29.09250450134277 1 1.0000000180025095e-35 -0.9936448037624358 -0.49500000476837153 76.151096343994155 -0.91499999165534962 -0.86977231502532948 79.500000000000014 2 -0.10600000247359274 76.581501007080092 1.2449049949645998 75.753208160400405 -14.043200016021727 -0.64952498674392689 0.20499999821186068 0.2650000005960465 -0.35500000417232508 7.8629119396209726 0.24000000208616259 0.1799999997019768
decision_type=2 2 2 2 1 2 2 2 2 1 2 2 2 2 2 2 2 1 2 2 2 2 2 2 2 2 2 2 2 2
left_child=3 27 6 8 5 24 9 10 -1 -3 -4 -11 14 23 -8 21 17 28 -13 20 -6 -10 -23 -7 26 -26 -5 -2 29 -9
right_child=1 2 7 4 19 13 12 16 15 11 -12 18 -14 -15 -16 -17 -18 -19 -20 -21 -22 22 -24 -25 25 -27 -28 -29 -30 -31
leaf_value=-0.026649446217809333 0.050384333350988415 0.029741225628372267 -0.024166499080017504 -0.0011675683076448498 -0.026829842733210971 -0.0031498226040321564 0.048853822840246891 0.0080620310422841821 0.015214123732052935 0.045175772485456379 0.0097687500294983687 -0.03219199681029563 0.045512511599108539 -0.0026004469102035256 -0.02562662315723414 0.021263572537697638 0.022258782849508902 -0.020810410193398885 0.0016227428682932434 -0.038533487252637409 0.018843430995999666 -0.014735755680443005 0.0053168309375667662 0.037594766761612469 0.030939618611586919 -0.02024508884888437 -0.035102034662047699 0.031816688208037111 -0.0090187906869394849 0.051304148096660826
leaf_weight=131.20898431539536 350.00401678681374 161.32993693649769 566.57562990486622 52.325131759047508 198.50700743496418 23.287395238876343 18.909264490008354 84.912471354007721 98.205111414194107 29.431606650352478 97.656193971633911 67.294492468237877 514.30733612179756 178.94381459057331 31.780096217989922 154.90288911759853 131.56435272097588 82.921096906065941 77.23462849855423 722.18276147544384 17.795989468693733 202.47939325869083 175.05830489099026 107.97640503942966 29.907007619738579 104.55125290155411 189.89774639904499 130.47856351733208 77.724255576729774 19.134866759181023
leaf_count=532 1403 647 2297 212 804 94 76 343 396 118 394 272 2064 724 128 624 530 335 312 2939 72 820 707 434 121 423 770 524 314 77
internal_value=0.000232676 0.0160268 0.00880492 -0.0159189 -0.0229078 -0.00629226 0.0310822 -0.0101186 -0.00099793 0.0131686 -0.0191701 -0.00376734 0.0416708 0.0114152 0.00256533 0.00437274 0.00506427 -0.00353379 -0.0142348 -0.0346138 -0.0230027 -0.00116002 -0.0054482 0.0303971 -0.0210331 -0.00871592 -0.0278064 0.0454187 0.00526859 0.0164272
internal_weight=4828.49 2441.26 1960.78 2387.23 1625.37 686.889 900.287 1060.49 761.855 335.291 664.232 173.961 564.997 310.208 50.6894 630.646 396.257 264.693 144.529 938.486 216.303 475.743 377.538 131.264 376.681 134.458 242.223 480.483 181.772 104.047
internal_count=19506 9834 7907 9672 6593 2778 3617 4290 3079 1349 2691 702 2268 1252 204 2547 1599 1069 584 3815 876 1923 1527 528 1526 544 982 1927 734 420
cat_boundaries=0 1 2 3
cat_threshold=4 120 44
is_linear=0
shrinkage=0.03


Tree=3
num_leaves=31
num_cat=1
split_feature=6 2 5 29 5 31 29 16 5 12 2 4 16 29 28 12 12 10 12 14 10 16 12 5 12 16 28 5 10 16
split_gain=1334.66 548.776 837.182 278.195 293.189 186.678 171.218 164.798 117.372 106.507 87.984 82.5958 81.2578 77.7255 55.4953 51.9407 103.779 76.5311 51.4611 47.2736 58.3598 46.0004 45.0642 48.3006 44.848 39.6622 39.3799 38.9873 38.1722 51.4386
threshold=-0.82436862587928761 14.753347396850588 -0.88134551048278797 75.77988433837892 0.33273787796497351 0 77.084831237792983 0.44459640979766851 -0.98097097873687733 -0.028500000014901158 40.55683898925782 40.500000000000007 0.6538391411304475 81.26676177978517 24.994574546813968 -0.30349999666213984 -0.17249999940395352 0.24000000208616259 0.042500000447034843 0.39499999582767492 0.74500000476837169 0.61092832684516918 0.092000000178813948 0.038674917072057731 -0.027500000782310959 -0.56506931781768788 22.825375556945804 -0.73172146081924427 0.2950000017881394 -0.37346102297306055
decision_type=2 2 2 2 2 1 2 2 2 2 2 8 2 2 2 2 2 2 2 2 2 2 2 2 2 2 2 2 2 2
left_child=3 -2 5 9 6 -3 12 10 -7 19 -4 -6 24 18 21 -12 17 -17 -9 -1 -21 -13 23 -14 -5 -11 -27 -19 -10 -30
right_child=1 2 7 4 11 8 -8 13 28 25 15 14 22 -15 -16 16 -18 27 -20 20 -22 -23 -24 -25 -26 26 -28 -29 29 -31
leaf_value=-0.01679666918494627 0.047143489139761227 0.043855857861372159 0.017569105518175861 -0.030278102267524563 -0.019115014997320479 0.034864124848941677 -0.037227882104007196 0.0069651971875117772 -0.0030902659603988403 0.00066394812012986366 -0.033705713812355424 0.0087150309026975993 -0.025347290967176882 -0.024619465127817507 0.032007958790608096 0.032812759590136464 -0.020694333303083554 0.0088049373343032627 0.035767442246038957 0.046689742137233765 -0.01500384975157627 -0.026490477354952507 0.02390929234842596 0.01760843379823112 -0.013824621735382091 0.0332432580783565 -0.0063339074769103425 -0.036760930238859242 -0.007570445479410352 0.041866358329567283
leaf_weight=183.29102022945881 414.7186665982008 458.03021845221519 66.848721772432327 295.04691733419895 124.80260810256004 178.72229245305061 747.77081003785133 141.3841907531023 202.29038520157337 75.576921284198761 153.26807801425457 181.4879355430603 63.120323196053505 44.120937615633011 74.973117411136627 63.624744072556496 467.27296963334084 34.865584552288055 91.949835509061813 25.785660579800606 27.714493930339813 39.89300112426281 55.263340055942535 36.366488844156265 306.65935823321342 138.95574550330639 26.645469158887863 31.245546862483025 31.702869608998299 45.09895795583725
leaf_count=743 1660 1834 269 1201 506 716 3059 569 816 305 623 732 256 178 302 257 1898 141 370 104 112 161 223 147 1244 557 108 127 128 181
internal_value=6.60209e-05 0.0157642 0.00927099 -0.0157745 -0.0208578 0.0304193 -0.0270486 -0.0084356 0.015614 0.00470309 -0.0152145 0.00126526 -0.0169503 0.0115116 0.00988336 -0.0181549 -0.0141129 0.00956841 0.0184195 -0.00957011 0.0150419 0.00228038 0.00242636 -0.00962625 -0.0219294 0.0186983 0.0268754 -0.0129573 0.00376376 0.0216244
internal_weight=4828.5 2425.14 2010.43 2403.35 1925.38 915.845 1504.23 1094.58 457.815 477.969 817.126 421.157 756.456 277.455 296.354 750.277 597.009 129.736 233.334 236.791 53.5002 221.381 154.75 99.4868 601.706 241.178 165.601 66.1111 279.092 76.8018
internal_count=19527 9767 8107 9760 7831 3675 6130 4432 1841 1929 3315 1701 3071 1117 1195 3046 2423 525 939 959 216 893 626 403 2445 970 665 268 1125 309
cat_boundaries=0 1
cat_threshold=10
is_linear=0
shrinkage=0.03


Tree=4
num_leaves=31
num_cat=2
split_feature=6 3 5 29 5 31 17 17 28 12 12 5 31 11 3 23 29 17 14 5 5 17 12 18 5 14 28 2 12 0
split_gain=1171.04 497.169 816.211 280.017 301.948 159.966 154.15 131.918 127.42 94.1279 84.4385 81.4401 75.7857 71.4395 65.9876 58.0495 54.9656 52.4429 49.1886 46.7489 46.2361 51.0974 44.2317 48.1557 40.8858 39.9331 39.154 43.3173 38.8569 35.418
threshold=-0.82436862587928761 3.603879570960999 -0.88134551048278797 75.77988433837892 0.4124008715152741 0 -0.14036395400762555 -0.49491618573665613 20.863806724548343 -0.028500000014901158 -0.027500000782310959 -0.9936448037624358 1 79.500000000000014 28.519619941711429 1.0000000180025095e-35 81.26676177978517 1.660228490829468 0.39499999582767492 -0.96105405688285817 -0.98097097873687733 -1.2080913782119749 -0.16650000214576718 1.1554906964302065 -0.67050644755363453 -0.73000001907348622 22.825375556945804 36.29353332519532 -0.10600000247359274 11.775074005126955
decision_type=2 2 2 2 2 1 2 2 2 2 2 2 1 2 2 2 2 2 2 2 2 2 2 2 2 2 2 2 2 2
left_child=3 29 5 9 8 20 15 11 10 18 -5 -7 -6 24 22 -4 -15 -16 -1 -9 -3 -22 23 -10 -8 -21 27 -11 -13 -2
right_child=1 2 6 4 12 7 13 19 14 26 -12 28 -14 16 17 -17 -18 -19 -20 25 21 -23 -24 -25 -26 -27 -28 -29 -30 -31
leaf_value=-0.015874018145111989 0.045302519747918601 0.054955557654700546 -0.025002920737530031 -0.024820304100626262 0.020978932045439172 0.042008846396030315 0.0044571265491964588 0.03502602254329585 -0.022263650463513404 -0.0010311427522497552 -0.0011945880823419023 -0.039379722512916264 -0.009677306142724381 0.023071879084818586 -0.035986628868565129 0.0039688934170770546 -0.018981084538498946 -0.0018559080356899485 0.015426360617128664 -0.03245644663114778 -0.017212833490296519 0.037911087965095638 -0.025331441762697249 0.028224768072798799 -0.016387769852698596 0.017840240196912684 -0.0085545115808428451 0.03107106713307442 -0.0035689486808051416 -0.0016301706667826211
leaf_weight=180.7113214880228 417.45430663228035 171.74230699241161 457.72393204271793 275.58097507059574 163.24355080723763 21.748001202940941 158.62324205040932 196.43801018595695 30.729825541377068 49.551074489951134 268.35318271815777 50.539277926087379 117.9012073725462 164.74631263315678 860.65386079251766 71.722498819231987 32.86177784204483 42.633709073066711 59.260547831654549 15.312893778085707 15.49515053629875 264.92665714025497 124.62190045416355 35.673258423805237 179.85164245963097 112.28789016604424 40.685629978775978 158.07074376940727 58.379883587360382 14.91931267082691
leaf_count=734 1670 687 1866 1124 656 87 641 787 125 199 1088 205 477 663 3535 289 133 175 239 62 62 1060 507 145 730 451 165 634 236 60
internal_value=-0.000218324 0.0145863 0.00818902 -0.015005 -0.0201631 0.0290922 -0.00961226 0.0152912 -0.0250902 0.00527078 -0.013188 -0.00976636 0.00853472 0.00172981 -0.0309889 -0.0210781 0.0160182 -0.0343795 -0.00811251 0.0258649 0.04165 0.0348148 -0.0148601 0.00487622 -0.00663464 0.0115989 0.0181855 0.0234413 -0.0203925 0.0436831
internal_weight=4812.44 2404.77 1972.4 2407.67 1919.39 906.87 1065.53 454.706 1638.25 488.279 543.934 130.667 281.145 536.083 1094.31 529.446 197.608 903.288 239.972 324.039 452.164 280.422 191.025 66.4031 338.475 127.601 248.307 207.622 108.919 432.374
internal_count=19492 9689 7959 9803 7832 3637 4322 1828 6699 1971 2212 528 1133 2167 4487 2155 796 3710 973 1300 1809 1122 777 270 1371 513 998 833 441 1730
cat_boundaries=0 1 2
cat_threshold=10 10
is_linear=0
shrinkage=0.03


Tree=5
num_leaves=31
num_cat=2
split_feature=6 2 5 29 5 17 29 17 12 31 5 10 10 4 16 23 29 6 4 12 2 16 31 12 12 12 14 10 17 17
split_gain=1130.86 479.067 825.262 270.922 251.466 151.341 149.622 133.291 89.6864 86.512 80.2629 72.2925 70.2978 68.7501 65.9242 65.8325 51.6627 55.0285 48.1543 46.0278 43.7359 41.4639 40.1166 38.7579 38.6549 50.4768 38.303 42.1777 37.762 37.6388
threshold=-0.82436862587928761 34.803195953369148 -0.88134551048278797 75.77988433837892 0.33273787796497351 -0.34192450344562525 77.084831237792983 0.52565798163414013 -0.028500000014901158 0 -0.9936448037624358 -0.49500000476837153 -0.91499999165534962 43.500000000000007 0.6538391411304475 1.0000000180025095e-35 84.152141571044936 -0.74189642071723927 168.50000000000003 0.092000000178813948 7.1916284561157235 -0.56506931781768788 1 0.13350000232458117 -0.26350000500679011 0.056499999016523368 0.20499999821186068 0.2950000017881394 -0.76042082905769337 1.7491797804832461
decision_type=2 2 2 2 2 2 2 2 2 1 2 2 2 8 2 2 2 2 8 2 2 2 1 2 2 2 2 2 2 2
left_child=3 20 5 8 6 9 14 15 26 -3 -11 12 -7 -6 29 28 17 -9 -15 -16 -2 -10 -23 -22 -19 -26 -1 -28 -4 -5
right_child=1 2 7 4 13 11 -8 16 21 10 -12 -13 -14 18 19 -17 -18 24 -20 -21 23 22 -24 -25 25 -27 27 -29 -30 -31
leaf_value=-0.016793664588333094 0.046095687529313652 0.027096650539376783 -0.030749921662967961 -0.022191656436170968 -0.017583578314752969 0.046342313547819543 -0.035197954114178746 -0.0071421110742349511 -0.00080898277938728147 0.041126436283257163 -0.013185208298988046 0.041364812816618308 -0.028898975879542297 0.024004646274638296 -0.010315948397259054 0.0059341446845062439 -0.035721925365615192 0.048045253612706965 -0.0010785363850101036 0.02430165626243137 0.036750025737351755 0.03101387682008741 -0.0084696017453823255 0.0075550750978207824 -0.00060743755376967677 0.049457427044754601 0.034337712691340554 -0.0080945507359025688 -0.015570770594784636 0.016328833342273065
leaf_weight=155.43838773667812 334.25435687601566 158.96628341078758 217.99972966313362 570.88811714947224 126.5722766071558 17.709232643246651 745.78505453467369 74.136802181601524 75.424068734049797 28.744839325547218 137.73485776782036 502.8579361140728 26.756097927689552 113.19169515371323 100.77804829180241 96.860236287117004 20.212745979428291 43.130229443311691 173.40179090201855 51.350337788462639 134.48642228543758 143.43902638554573 28.07120954990387 59.516848877072334 64.517733246088028 24.192529067397118 32.733661592006683 55.461196616292 468.23058548569679 23.090654715895653
leaf_count=633 1338 636 893 2334 515 71 3086 301 304 115 558 2013 108 456 410 390 82 173 699 207 539 574 114 239 259 97 132 224 1908 94
internal_value=-0.00025193 0.0142532 0.0071579 -0.0148458 -0.0199632 0.0285046 -0.0256956 -0.0113115 0.00502707 0.0122519 -0.00341419 0.0381288 0.0014276 0.000748144 -0.016163 -0.0171661 0.00894411 0.0134786 0.00887723 0.00145148 0.0394706 0.0177346 0.0258468 0.0278782 0.0250406 0.0134451 -0.00787246 0.00786266 -0.0204306 -0.0206693
internal_weight=4805.93 2410.31 1882.05 2395.63 1905.06 872.769 1491.89 1009.28 490.568 325.446 166.48 547.323 44.4653 413.166 746.107 783.091 226.19 205.977 286.593 152.128 528.258 246.934 171.51 194.003 131.84 88.7103 243.633 88.1949 686.23 593.979
internal_count=19502 9720 7604 9782 7801 3501 6131 4103 1981 1309 673 2192 179 1670 3045 3191 912 830 1155 617 2116 992 688 778 529 356 989 356 2801 2428
cat_boundaries=0 1 2
cat_threshold=10 4
is_linear=0
shrinkage=0.03


Tree=6
num_leaves=31
num_cat=2
split_feature=6 2 6 29 4 16 29 31 9 12 12 17 17 29 6 12 14 6 14 10 6 28 17 12 28 4 16 12 6 31
split_gain=1064.04 479.747 742.494 256.879 226.398 167.266 126.117 115.42 96.5095 77.5932 75.8881 71.603 70.8471 70.0913 67.0434 64.5252 62.4206 48.431 53.5226 73.4258 47.6416 71.3757 58.9737 55.1688 45.4903 43.9423 41.0219 40.0638 37.9678 38.7962
threshold=-0.82436862587928761 16.788583755493168 -0.39505837857723231 75.77988433837892 43.500000000000007 0.44459640979766851 77.084831237792983 0 -14.682057857513426 -0.02450000029057264 -0.028500000014901158 -0.18673217296600339 -0.34192450344562525 81.26676177978517 -0.10495606064796446 -0.10600000247359274 -0.62499999999999989 -0.77289488911628712 -0.79499998688697804 0.22500000149011615 -0.61626377701759327 20.863806724548343 -0.65890195965766896 -0.10150000080466269 22.825375556945804 168.50000000000003 -0.56506931781768788 -0.01150000002235174 -0.58134955167770375 1
decision_type=2 2 2 2 10 2 2 1 2 2 2 2 2 2 2 2 2 2 2 2 2 2 2 2 2 10 2 2 2 1
left_child=3 -2 5 10 6 11 9 -4 -6 -5 -1 28 14 16 15 -9 -7 -13 -19 -20 21 23 -22 -18 26 -10 -12 -11 -3 -30
right_child=1 2 7 4 8 13 -8 12 25 27 24 17 -14 -15 -16 -17 20 18 19 -21 22 -23 -24 -25 -26 -27 -28 -29 29 -31
leaf_value=-0.0069454788390912771 0.042773370869253438 -0.027510432683181135 0.043609972125322922 -0.025749577003252179 -0.01598290244882471 -0.035612875976293708 -0.033979857905143254 -0.035543978463177091 0.027788034514416981 0.039318259681690282 0.002261580954014639 -0.020434786466408558 0.028161015067538517 -0.019726878811171501 0.040706863183237053 0.011911279105041207 0.0036655480727185654 -0.031581164881827439 0.021813369820897554 -0.0081516747727233742 -0.013314216681638623 -0.014211005651846005 0.045027781235573702 0.054175718350604286 -0.01106095719077561 0.0016092911316473333 0.031605621656576481 -0.0085703120752685415 0.014412812952878155 -0.016505659659165648
leaf_weight=235.89907304942608 426.31971786916256 291.1893504858017 367.45720708370209 383.56925377249718 188.40470577776432 17.172138869762421 711.91588048636913 48.352570131421089 99.584707215428352 15.474552541971205 61.613373637199402 118.09186792373657 237.83170904219151 50.910969808697701 28.218929007649422 53.231093049049377 39.035491153597832 37.111254617571831 140.18809215724468 152.92109215259552 17.989249229431152 60.646525904536247 99.525569230318069 38.122914463281631 42.819863811135292 135.68090452253819 141.2264274507761 352.50003950297832 39.312908083200455 155.64446969330311
leaf_count=959 1709 1196 1472 1576 770 69 2964 197 401 63 248 481 953 206 113 215 157 151 565 621 73 244 399 153 174 547 565 1435 160 635
internal_value=-6.44247e-05 0.0139266 0.00773751 -0.0143541 -0.0193426 -0.00626217 -0.0249301 0.0316692 -2.879e-05 -0.0163238 0.00519459 -0.0126952 0.0179776 0.0123076 0.000620675 -0.0108031 0.018343 -0.00403314 0.00187632 0.00620543 0.0220967 0.0100155 0.0360598 0.0289958 0.0168332 0.0127611 0.0227471 -0.00645534 -0.0206584 -0.0103361
internal_weight=4787.96 2419.27 1992.95 2368.69 1887.13 1257.86 1463.46 735.092 423.67 751.544 481.559 934.459 367.634 323.403 129.803 101.584 272.492 448.312 330.22 293.109 255.32 137.805 117.515 77.1584 245.66 235.266 202.84 367.975 486.147 194.957
internal_count=19471 9769 8060 9702 7756 5110 6038 2950 1718 3074 1946 3809 1478 1301 525 412 1095 1818 1337 1186 1026 554 472 310 987 948 813 1498 1991 795
cat_boundaries=0 1 2
cat_threshold=10 8
is_linear=0
shrinkage=0.03


Tree=7
num_leaves=31
num_cat=3
split_feature=6 2 6 29 3 29 17 31 6 12 17 6 12 6 14 6 12 28 32 3 32 12 12 10 10 18 12 2 12 12
split_gain=1026.88 441.159 657.565 243.54 220.384 145.61 142.5 103.875 83.5497 81.9959 79.6981 75.3406 72.3558 60.8654 59.2911 75.913 58.5678 58.5428 53.9017 52.2521 51.0061 54.3531 59.688 67.4831 50.8851 41.7028 41.0336 37.4163 37.2295 36.9472
threshold=-0.82436862587928761 16.788583755493168 -0.39505837857723231 75.77988433837892 26.515231132507328 77.084831237792983 0.40543007850646978 0 -0.90877163410186756 -0.02450000029057264 -0.34192450344562525 -0.50943501293659199 -0.028500000014901158 -0.10495606064796446 -0.6599999964237212 -0.61626377701759327 -0.10600000247359274 20.863806724548343 1 5.8520450592041025 2 -0.36599999666213984 0.27899999916553503 -0.39499999582767481 -0.64500001072883595 0.69159457087516796 -0.00450000021373853 98.978710174560561 -0.25599999725818628 -0.34700000286102289
decision_type=2 2 2 2 2 2 2 1 2 2 2 2 2 2 2 2 2 2 1 2 1 2 2 2 2 2 2 2 2 2
left_child=3 -2 6 12 8 9 11 -4 28 -6 13 20 -1 16 -8 19 -9 -10 25 -16 21 -3 23 27 -19 -13 -11 -23 -5 -20
right_child=1 2 7 4 5 -7 14 10 17 26 -12 18 -14 -15 15 -17 -18 24 29 -21 -22 22 -24 -25 -26 -27 -28 -29 -30 -31
leaf_value=-0.0066397566330010207 0.041729698518536786 -0.034168298623170328 0.041628839408606934 0.0091840469596217687 -0.025190034900716977 -0.034414549938869145 -0.033640128320861974 -0.03480911652105826 -0.0090081673424699041 0.041274379818067336 0.027979394577178893 -0.0083673325249745065 0.016651638847627784 0.037207351669020533 0.041454715450290537 0.036572680242618991 0.010807030231926475 -0.02067020281897864 0.023128752460376299 -0.0010996918843968599 -0.028469689653552156 0.011823142624353862 -0.028961717389921961 0.0089736403819457872 0.030004790594285551 0.032965284078099018 -0.0074036112116685525 -0.031862654140875808 -0.019820486347886759 -0.017009456856446826
leaf_weight=233.96958461403847 423.88166671991348 71.544596672058105 373.98066861927509 50.813648536801338 372.59308136999607 685.85883118212223 23.415300354361534 50.299872219562531 75.632881984114647 15.30266661942005 239.54477016627789 31.17117615044117 244.63041155040264 27.671383515000343 29.198604449629784 98.770794183015823 49.326139599084854 19.907341793179512 24.350493401288986 185.08536477386951 211.48715046048164 22.785521060228348 79.482170388102531 222.4284942150116 130.66416846215725 70.730256497859955 359.46092937886715 70.996449887752533 175.16551077365875 111.7811339199543
leaf_count=952 1703 294 1501 207 1538 2878 95 206 306 62 960 126 983 111 117 396 199 80 98 749 867 93 326 908 524 285 1465 292 718 454
internal_value=0.000229151 0.0139724 0.00805402 -0.0138276 -0.018677 -0.0244347 -0.00519315 0.0304406 -0.000414296 -0.0152423 0.0173492 -0.0113191 0.00527525 -0.00136434 0.0114819 0.0149532 -0.012341 0.0124473 0.0031937 0.00486445 -0.016406 -0.0100733 -0.00589553 -2.46253e-05 0.0232128 0.0185597 -0.0053114 -0.0212359 -0.0132868 -0.00905326
internal_weight=4781.93 2417.93 1994.05 2364 1885.4 1433.22 1253.23 740.823 452.184 747.357 366.842 916.757 478.6 127.297 336.47 313.055 99.626 226.204 238.033 214.284 678.724 467.237 395.693 316.21 150.572 101.901 374.764 93.782 225.979 136.132
internal_count=19493 9780 8077 9713 7778 5943 5100 2977 1835 3065 1476 3743 1935 516 1357 1262 405 910 963 866 2780 1913 1619 1293 604 411 1527 385 925 552
cat_boundaries=0 1 2 3
cat_threshold=10 56 44
is_linear=0
shrinkage=0.03


Tree=8
num_leaves=31
num_cat=2
split_feature=6 2 5 29 5 31 28 16 17 31 5 17 16 17 29 11 18 16 17 9 10 10 22 2 5 5 5 7 17 10
split_gain=942.144 409.917 637.663 207.011 223.285 140.573 119.731 112.938 105.91 65.7084 65.1914 65.0428 59.8113 54.4865 52.5703 51.4291 50.9611 43.6535 44.0438 43.2569 41.3279 38.9198 37.9333 49.5144 38.6437 37.6022 37.5391 37.3521 36.6071 35.6771
threshold=-0.82436862587928761 16.788583755493168 -0.88134551048278797 75.77988433837892 0.4124008715152741 0 20.863806724548343 0.44459640979766851 -0.34192450344562525 1 -0.9936448037624358 0.16916266083717349 0.15175064653158191 0.49308504164218908 81.26676177978517 76.500000000000014 1.4956442117691042 -1.628304600715637 -0.18673217296600339 -65.214942932128892 -0.49500000476837153 -0.64500001072883595 1.0000000180025095e-35 191.13148498535159 -0.83753159642219532 -0.8126716911792754 0.081451712176203742 -4.5858092308044425 -0.53089502453804005 0.2650000005960465
decision_type=2 2 2 2 2 1 2 2 2 1 2 2 2 2 2 2 2 2 2 2 2 2 2 2 2 2 2 2 2 2
left_child=3 27 5 17 6 -3 12 11 10 21 -7 25 -5 -8 22 -13 26 -1 -19 -12 -10 -6 23 -9 -25 -4 -15 -2 -23 -14
right_child=1 2 7 4 9 8 13 14 20 -11 19 15 29 16 -16 -17 -18 18 -20 -21 -22 28 -24 24 -26 -27 -28 -29 -30 -31
leaf_value=-0.025805252291264388 0.020320265740066203 0.038062690583217769 -0.0074736931067958005 -0.018394352981409689 -0.017714279218138031 0.036209250956831009 -0.032410628957265597 0.032238123982897937 -0.012869127496199659 -0.010214957035671244 -0.034432417227033517 -0.01280917876774142 0.012235069519378911 -0.034774727886346779 -0.02202360467638597 0.014397063968324228 -6.7350196177239083e-05 -0.0029124076475836114 0.016005948792879598 -0.00042540206719565672 0.028270217259943643 0.0087654089928172561 -0.023554031955483112 0.034958886586555674 -0.0066516395559328206 -0.024716586558730096 -0.0067247138661132968 0.0442244642857723 0.039370358302000467 -0.013599381102599215
leaf_weight=39.402398675680161 73.952398210763931 443.15042218565941 163.1909693479538 341.46899612247944 21.297492116689682 27.607153058052063 761.5476731210947 105.86633357405663 23.44445925951004 116.4301629960537 53.500874668359756 145.78440323472023 123.01751919090748 137.53892900049686 42.336664333939552 107.95446670055389 102.65362231433392 215.83770816028118 225.92061896622181 88.115599974989891 258.4510805606842 66.75739161670208 21.192666351795197 25.463970348238945 82.473448157310486 384.12301218509674 63.043540209531784 345.88869924843311 75.10180988907814 77.621216177940369
leaf_count=160 298 1782 671 1407 86 111 3191 425 95 473 219 594 501 579 172 435 429 874 912 358 1036 268 86 102 332 1587 262 1394 301 317
internal_value=-8.35717e-05 0.0131908 0.00745217 -0.0134972 -0.0179752 0.0261683 -0.0222784 -0.00807836 0.0132899 0.006748 -0.00516182 -0.0137866 -0.0107738 -0.0281201 0.00839975 -0.00122307 -0.0172738 0.00406082 0.00677697 -0.0134242 0.0248154 0.0183461 0.0139509 0.0177608 0.00339567 -0.0195983 -0.0260356 0.0400722 0.0251302 0.0022226
internal_weight=4760.14 2392.5 1972.66 2367.64 1886.48 894.27 1606.89 1078.39 451.119 279.587 169.224 801.053 542.108 1064.78 277.333 253.739 303.236 481.161 441.758 141.616 281.896 163.157 234.996 213.804 107.937 547.314 200.582 419.841 141.859 200.639
internal_count=19457 9697 8005 9760 7814 3601 6686 4404 1819 1128 688 3287 2225 4461 1117 1029 1270 1946 1786 577 1131 655 945 859 434 2258 841 1692 569 818
cat_boundaries=0 1 2
cat_threshold=10 10
is_linear=0
shrinkage=0.03


Tree=9
num_leaves=31
num_cat=3
split_feature=6 1 6 29 4 17 12 28 31 8 23 14 6 14 10 8 32 6 17 6 16 32 10 29 12 6 11 12 10 17
split_gain=888.279 377.343 532.089 193.712 237.966 126.488 92.5767 99.0605 91.0357 77.6744 75.3551 71.8608 83.229 71.6289 113.95 68.971 68.8648 63.838 59.889 54.3438 51.6212 50.5181 49.5216 45.5293 43.7904 43.2453 42.0133 41.0631 39.7099 39.0455
threshold=-0.82436862587928761 7.606853961944581 -0.35488262772560114 76.836559295654311 41.500000000000007 0.19942466914653781 -0.02450000029057264 20.863806724548343 0 -5.8578784465789786 1.0000000180025095e-35 -1.0600000023841856 -0.61626377701759327 0.39499999582767492 0.72500002384185802 -7.8031001091003409 1 -0.96645781397819508 0.16916266083717349 -0.14772953093051908 -0.56506931781768788 2 0.49500000476837164 81.26676177978517 -0.30349999666213984 -0.95380109548568714 89.500000000000014 0.35000000894069677 -0.64500001072883595 -1.2080913782119749
decision_type=2 2 2 2 10 2 2 2 1 2 2 2 2 2 2 2 1 2 2 2 2 1 2 2 2 2 2 2 2 2
left_child=3 9 5 6 -5 10 13 20 -4 29 16 -7 21 17 -15 -6 -3 -1 19 22 -8 -13 -10 -14 -18 -22 -9 -26 -17 -2
right_child=1 2 8 4 15 11 7 26 18 -11 -12 12 23 14 -16 28 24 -19 -20 -21 25 -23 -24 -25 27 -27 -28 -29 -30 -31
leaf_value=-0.030837071387635855 -0.02340347081377616 0.0089368677830378336 0.041251573183669017 -0.030010734930147557 -0.011481516565444525 -0.037092602495014976 -0.0038857951295056974 -0.019273337140446233 -0.012353608044494363 0.046036104849375648 0.00814128481276441 0.013080824808238004 0.037474411047783533 0.032948823446336872 -0.016760676691870462 -0.01887410239889524 -0.034740281405194098 -0.0090862778253833973 0.033023433063918126 0.032351590155538776 0.03013440819285363 -0.011611873440072074 0.031198327782283902 -0.014200587060453381 -0.009705666172573452 0.0068383944197742026 0.027652396760400499 -0.030409091694891206 0.027699770413643722 0.02558148964049663
leaf_weight=215.17920276522636 15.043790921568869 87.858695819973946 303.1323270201683 834.4269273430109 131.33786937594414 28.192081078886986 134.87608078122139 171.27332036197186 112.48777365684509 291.25029163062572 145.20824258029461 157.44097222387791 117.97764228284359 70.28826430439949 98.369390994310379 19.021223515272141 131.04941953718662 279.9430116713047 124.01806445419788 51.59186914563179 143.98490190505981 123.34003150463104 28.642421022057533 17.086314216256142 338.7894322425127 143.41528753936291 18.192142933607101 115.48304876685143 98.233449622988701 197.89813430607319
leaf_count=891 61 361 1224 3528 541 115 547 702 457 1179 585 636 474 286 403 77 542 1149 498 208 581 501 115 69 1394 579 73 476 395 801
internal_value=3.5743e-05 0.0129369 0.00675408 -0.0130182 -0.0223431 -0.00442549 -0.00508934 0.00332774 0.0294927 0.03596 -0.0114154 0.00845408 0.0116235 -0.0128399 0.00402791 0.00341125 -0.0156397 -0.0185822 0.0163324 0.00631957 0.0114077 0.00228336 -0.00335741 0.0308809 -0.0191632 0.0185735 -0.0146461 -0.015024 0.0200488 0.0220276
internal_weight=4745.03 2386.49 1882.3 2358.54 1083.02 1262.43 1275.52 611.742 619.872 504.192 818.389 444.037 415.845 663.78 168.658 248.593 673.181 495.122 316.74 192.722 422.276 280.781 141.13 135.064 585.322 287.4 189.465 454.272 117.255 212.942
internal_count=19448 9696 7655 9752 4541 5153 5211 2482 2502 2041 3358 1795 1680 2729 689 1013 2773 2040 1278 780 1707 1137 572 543 2412 1160 775 1870 472 862
cat_boundaries=0 1 2 3
cat_threshold=10 32 12
is_linear=0
shrinkage=0.03


Tree=10
num_leaves=31
num_cat=3
split_feature=6 3 5 29 5 17 29 31 5 14 5 32 4 17 16 32 29 10 18 29 10 16 2 17 17 17 18 7 14 6
split_gain=829.468 376.983 641.765 207.875 223.183 114.872 100.425 80.4912 75.0565 60.7726 83.7321 60.3393 57.7835 56.1757 54.8913 51.4382 51.3217 49.0965 44.4954 43.1733 40.7671 38.3247 37.9067 40.5733 37.1713 32.7634 43.1226 32.0507 31.5912 43.839
threshold=-0.82436862587928761 3.1872597932815556 -0.93404099345207203 75.77988433837892 0.4124008715152741 0.16916266083717349 77.084831237792983 0 -0.85957497358322132 -0.6599999964237212 -0.78753387928009022 1 17.500000000000004 -0.57472997903823841 0.15175064653158191 2 81.26676177978517 0.24000000208616259 1.4956442117691042 77.177566528320327 -0.64500001072883595 0.15175064653158191 302.42918395996099 -0.87325549125671376 -0.53089502453804005 -0.15243946015834806 0.69159457087516796 -3.9040225744247432 0.20499999821186068 -0.92449048161506642
decision_type=2 2 2 2 2 2 2 1 2 2 2 1 10 2 2 1 2 2 2 2 2 2 2 2 2 2 2 2 2 2
left_child=3 27 7 21 6 8 14 -3 15 -7 16 -6 -8 -9 -5 25 -11 19 -16 -12 -13 28 23 -10 -22 26 -4 -2 29 -1
right_child=1 2 5 4 11 9 12 13 22 10 17 20 -14 -15 18 -17 -18 -19 -20 -21 24 -23 -24 -25 -26 -27 -28 -29 -30 -31
leaf_value=-0.017609455945540343 0.023126323724725794 0.040531857675412807 -0.027005620319185002 -0.020287174737269983 -0.010785033601268446 -0.031664018174126729 -0.033439186624210124 -0.0033228100813638022 -0.028542029010249811 0.034748017538618163 0.022769774198446589 -0.018290407824834303 -0.012754080064420376 0.025079365073677067 -0.009883510496078985 -0.010517694979666007 -0.016029355072123434 -0.014030092918788489 0.018741761686260107 -0.010309172320964467 0.0078168401302769648 0.016109970533515226 -0.032406957262332406 -0.0083344571509339285 0.037495269188242697 0.052253321097255161 0.021720956072854385 0.04235938080496094 0.010772850349146943 0.013613403923577651
leaf_weight=142.43337896466255 108.29246544837952 340.3061470836401 20.9256941229105 502.14801366627216 99.870704963803291 34.645795330405235 626.97727815806866 81.541761994361877 125.91721297800541 124.55610294640064 98.676595956087112 22.953091889619827 152.82938276231289 266.79654666781425 236.93509675562382 136.5093102902174 20.295415163040161 128.67239081859589 60.535918161273003 54.428548038005829 70.679434701800346 169.66820777952671 136.82319563627243 307.47543741762638 82.77821446955204 19.149189949035645 63.820595502853394 324.09713768959045 116.88063596189022 55.535731673240662
leaf_count=581 438 1380 85 2086 407 142 2693 333 525 501 398 93 635 1074 972 556 82 523 246 221 284 685 569 1265 332 77 257 1318 471 225
internal_value=-0.000132518 0.0122846 0.00668353 -0.0128291 -0.0173959 -0.00594783 -0.0217453 0.0299879 -0.0127432 0.0059957 0.00912087 0.00745718 -0.0294068 0.0179271 -0.0142462 0.00131419 0.0275724 -0.000428339 -0.00401494 0.0110197 0.0174135 0.00466148 -0.0186617 -0.0142577 0.0239651 0.0162644 0.00951468 0.0376069 -0.00153943 -0.00882619
internal_weight=4733.15 2392.93 1960.54 2340.23 1855.71 1271.9 1579.43 688.644 810.621 461.275 426.629 276.281 779.807 348.338 799.619 240.405 144.852 281.778 297.471 153.105 176.411 484.518 570.216 433.393 153.458 103.895 84.7463 432.39 314.85 197.969
internal_count=19454 9744 7988 9710 7748 5201 6632 2787 3334 1867 1725 1116 3328 1407 3304 975 583 1142 1218 619 709 1962 2359 1790 616 419 342 1756 1277 806
cat_boundaries=0 1 2 3
cat_threshold=10 5 56
is_linear=0
shrinkage=0.03


Tree=11
num_leaves=31
num_cat=0
split_feature=6 3 5 29 4 29 17 5 9 17 14 12 28 12 29 5 18 29 12 2 12 29 28 2 18 14 6 12 9 12
split_gain=791.661 350.184 553.335 200.065 177.098 119.314 105.592 99.5096 89.4253 81.132 73.6846 72.4271 71.1499 64.6729 61.7966 52.4466 56.9629 51.1904 49.6637 46.1473 44.1586 45.9023 39.6172 38.4254 37.8012 37.3676 44.6992 36.701 33.1553 30.7618
threshold=-0.82436862587928761 3.603879570960999 -0.88134551048278797 75.77988433837892 17.500000000000004 77.084831237792983 -0.76042082905769337 -0.98097097873687733 -14.043200016021727 0.27514992654323583 -0.6599999964237212 0.34650000929832464 20.863806724548343 -0.028500000014901158 81.26676177978517 -0.78753387928009022 0.5171303153038026 84.152141571044936 -0.02450000029057264 209.07149505615237 -0.35750000178813929 76.34873199462892 22.825375556945804 36.29353332519532 1.716315031051636 0.20499999821186068 -0.94107943773269642 0.56250000000000011 53.648344039916999 -0.158500000834465
decision_type=2 2 2 2 10 2 2 2 2 2 2 2 2 2 2 2 2 2 2 2 2 2 2 2 2 2 2 2 2 2
left_child=3 -2 7 13 5 18 -4 24 -6 12 -8 14 28 25 15 16 -12 -14 -5 -16 -17 -22 23 -15 -3 26 -1 -13 -9 -10
right_child=1 2 6 4 8 -7 10 9 29 -11 11 27 17 22 19 20 -18 -19 -20 -21 21 -23 -24 -25 -26 -27 -28 -29 -30 -31
leaf_value=-0.029418840162161369 0.036787020561726731 0.041191685020786531 -0.026498388875504316 -0.021499988091097696 -0.014138939100720839 -0.031523496721085717 -0.028101742192458409 -0.012888096786983345 0.025709564465159422 0.033777726450341446 -0.009640890170917904 -0.028868701386508527 0.025095152126553097 -0.0022143127572524625 0.0045856867981362301 -0.019768372531270447 0.032580973758894752 -0.018874175672381803 -0.0051863525834823414 -0.038546922016595771 0.020415124581980273 -0.0030848530731119616 -0.011350717120655458 0.027817364566774798 0.013581226203232152 0.0097118527380856256 0.0037367954738902272 0.017653232068517179 0.018377985093827577 0.0035435835791451818
leaf_weight=85.573145374655724 431.85978484153748 287.66139627993107 217.33149832487106 344.13006593286991 256.23224338889122 660.90017335116863 92.573898375034332 131.95733463764191 83.77993643283844 167.00828278064728 37.219402000308037 96.710145518183708 198.89225064218044 50.099716022610664 40.836092114448547 67.759271562099457 119.95296032726765 26.318955048918724 328.77478250861168 47.741603061556816 128.40812097489834 176.77175371348858 40.865134835243225 160.4917730987072 54.293145403265953 81.790016561746597 63.039839550852776 17.39017790555954 38.677040696144104 169.20601265132427
leaf_count=353 1762 1170 911 1441 1062 2856 383 537 339 676 152 401 804 201 167 278 485 107 1348 197 521 719 166 644 220 330 257 71 156 685
internal_value=0.000215681 0.0123782 0.00694946 -0.0122318 -0.0167298 -0.0224722 -0.00794448 0.024103 -0.00167418 0.0163008 -0.00303278 0.000168182 0.00886068 0.0049712 0.00422717 0.00810851 0.0225848 0.019896 -0.0135488 -0.0188327 0.00196349 0.00683743 0.0154637 0.0206961 0.0368603 -0.00649747 -0.0154236 -0.0216865 -0.00573535 0.0109565
internal_weight=4704.25 2379.36 1947.5 2324.88 1843.02 1333.81 1042.69 904.808 509.218 562.854 825.363 732.79 395.846 481.86 618.689 530.112 157.172 225.211 672.905 88.5777 372.939 305.18 251.457 210.591 341.955 230.403 148.613 114.1 170.634 252.986
internal_count=19399 9717 7955 9682 7731 5645 4285 3670 2086 2280 3374 2991 1604 1951 2519 2155 637 911 2789 364 1518 1240 1011 845 1390 940 610 472 693 1024
is_linear=0
shrinkage=0.03


Tree=12
num_leaves=31
num_cat=3
split_feature=6 2 5 29 5 28 14 12 12 14 32 31 12 5 14 14 21 2 18 12 12 12 9 10 29 12 12 12 32 14
split_gain=777.015 325.285 559.932 171.911 192.482 108.026 93.8172 78.5828 78.434 74.9568 68.1298 66.8812 61.3771 54.4834 53.5748 70.5756 85.7906 55.6182 53.2115 51.0609 102.199 46.6203 53.9902 55.1153 45.0254 42.3156 41.3226 80.2195 32.1635 31.7823
threshold=-0.82436862587928761 16.788583755493168 -0.93404099345207203 75.77988433837892 0.4124008715152741 20.863806724548343 0.49499998986721044 -0.027500000782310959 -0.71900001168251026 1.4100000262260439 0 1 -0.028500000014901158 -0.98902499675750721 -0.6599999964237212 -0.3299999982118606 1.0000000180025095e-35 245.22758483886722 1.4765700101852419 -0.17849999666213986 -0.37100000679492945 0.056499999016523368 -21.851166725158688 -0.060000000521540635 81.26676177978517 0.15450000017881396 0.24300000071525577 -0.14199999719858167 2 -0.21499999612569806
decision_type=2 2 2 2 2 2 2 2 2 2 1 1 2 2 2 2 2 2 2 2 2 2 2 2 2 2 2 2 1 2
left_child=3 -2 11 12 5 7 8 -5 -4 -8 -6 -3 -1 -13 -10 16 24 26 -7 20 -20 22 -15 -24 -16 -21 27 -17 -11 -22
right_child=1 2 6 4 10 18 9 -9 14 28 -12 13 -14 21 15 17 -18 -19 19 25 29 -23 23 -25 -26 -27 -28 -29 -30 -31
leaf_value=-0.0071216110739558509 0.036591422682560555 0.038815767994386012 0.03204789646673066 -0.020550835693041222 -0.012079267471547115 -0.030218333402065749 0.023365199957020563 0.0024099230829585988 -0.027123421718494706 0.013526839089332733 0.017811290826657868 0.035848223574482641 0.014403163259878789 -0.027255219936824691 0.028630836486458151 -0.012419738343900609 -0.025331169004964123 -0.023685445415614979 -0.033255467686714314 -0.033170978298640727 -0.0084652101680927124 0.024918975814826754 -0.014147477059573747 0.035487310632911835 -0.015290958661082189 -0.0025202564302335448 -0.024587140885499664 0.017230399573498138 -0.023298207042336393 0.042007830285787869
leaf_weight=229.76353920996189 411.82342682778835 342.34463147819042 40.353848621249199 273.33025830984116 101.31550706923008 741.160669952631 167.9938652664423 262.16854028403759 142.17248150706291 25.857384026050568 172.61194051802158 107.16247323155403 245.8193149715662 47.373275145888329 115.11210341751575 209.34714461863041 48.060940742492676 231.79454442858696 40.105026751756668 132.75357076525688 14.871479511260985 102.1210311204195 36.341067224740982 43.009117349982262 24.976349592208862 58.4171531945467 80.717720791697502 133.72430059313774 51.336080029606819 41.379662156105042
leaf_count=939 1690 1402 163 1146 414 3189 679 1072 592 106 694 435 989 194 468 862 201 959 173 570 63 412 147 174 102 247 337 542 211 174
internal_value=0.000294617 0.0123974 0.00727116 -0.0120589 -0.0162166 -0.0202774 -0.00447401 -0.00932621 -0.00845722 0.0121648 0.00696066 0.0292595 0.00401099 0.017758 -0.0101459 -0.00725642 0.0089052 -0.0119012 -0.0259636 -0.0149294 0.00286531 0.00994033 -0.00223092 0.0128622 0.0207472 -0.0238667 -0.00541518 -0.000846054 -0.0121974 0.0287492
internal_weight=4675.32 2361.62 1949.8 2313.7 1838.11 1564.19 1271.45 535.499 1026.26 245.187 273.927 678.352 475.583 336.007 985.906 843.733 188.149 655.584 1028.69 287.527 96.3562 228.844 126.723 79.3502 140.088 191.171 423.789 343.071 77.1935 56.2511
internal_count=19346 9676 7986 9670 7742 6634 5222 2218 4226 996 1108 2764 1928 1362 4063 3471 771 2700 4416 1227 410 927 515 321 570 817 1741 1404 317 237
cat_boundaries=0 1 2 3
cat_threshold=5 10 104
is_linear=0
shrinkage=0.03


Tree=13
num_leaves=31
num_cat=3
split_feature=6 2 5 1 31 12 31 17 5 8 14 5 12 32 29 29 17 16 17 9 12 5 10 2 12 17 12 10 6 12
split_gain=727.492 329.858 501.983 171.717 196.574 130.416 119.656 88.9048 79.2787 77.3467 65.0387 68.2117 49.8013 45.1752 43.9079 43.8539 43.5229 43.4653 38.6724 38.1355 37.4532 35.1723 34.9837 33.3292 51.8094 33.2659 41.74 33.9177 38.6547 30.9363
threshold=-0.82436862587928761 39.24365425109864 -0.88134551048278797 31.815537452697757 0 -0.02450000029057264 1 -0.76042082905769337 -0.98097097873687733 -54.855535507202141 -0.6599999964237212 -0.78753387928009022 0.35000000894069677 2 83.357944488525405 76.151096343994155 -0.46075017750263209 0.30150692164897924 1.1189950108528139 -10.897905826568602 -0.35750000178813929 -0.98097097873687733 0.37500000000000006 7.8629119396209726 0.13350000232458117 0.61926200985908519 -0.25599999725818628 -0.79500001668930043 -0.9563411772251128 0.12900000065565112
decision_type=2 2 2 2 1 2 1 2 2 2 2 2 2 1 2 2 2 2 2 2 2 2 2 2 2 2 2 2 2 2
left_child=3 22 6 9 5 -5 21 -4 -8 -1 -9 14 13 20 17 -7 -10 -12 -6 25 -13 -3 23 -2 -25 26 -11 -28 -29 -23
right_child=1 2 7 4 18 15 8 10 16 19 11 12 -14 -15 -16 -17 -18 -19 -20 -21 -22 29 -24 24 -26 -27 27 28 -30 -31
leaf_value=-0.021782974924629217 0.033381095974094534 0.045478126986694678 -0.026106792644485385 -0.017821695453962227 -0.030229642593639493 0.023541913268269363 0.02657995156457774 -0.030595215467371997 -0.016720707272179443 0.012716317518075542 0.0047559556054303283 -0.019396872490455481 -0.030668491563788307 -0.017931939323362924 -0.028207183454460546 -0.000356297060113782 0.0089270164282349903 0.033512957344896205 -0.0089651684727039931 0.010116611450791957 0.0087541129827875767 0.0206387217221271 0.043127160220241212 0.025121819811620167 -0.018980216112407477 0.014431884578678007 0.021705988894484954 -0.032684689749432422 -0.0077488811404518784 0.042978555816667111
leaf_weight=141.24052529036999 236.27589580416679 158.19576252996922 214.75924234092236 329.07254657149315 738.67172828316689 120.7266697883606 167.34770742058754 74.966461926698685 89.123876750469208 72.831537023186684 110.21254126727581 51.451457545161247 71.100895628333092 121.1657989770174 20.402019143104553 159.797945484519 174.51555135846138 82.397351071238518 87.075846672058105 322.5639211833477 224.39505879580975 190.91908192634583 181.02955974638462 94.276933506131172 31.21509937942028 75.469229012727737 22.861611500382423 81.795225948095322 175.40557539463043 80.666953697800636
leaf_count=596 978 655 910 1374 3211 486 681 315 367 299 451 212 299 499 84 652 704 332 373 1311 911 778 744 383 127 310 93 345 719 329
internal_value=7.9662e-05 0.0117605 0.00566568 -0.0118365 -0.0182572 -0.0049534 0.0223324 -0.00911904 0.0102595 -0.00149774 -0.00426575 -0.00132725 -0.00772836 -0.00355328 0.0127101 0.00997564 0.000226328 0.0171676 -0.0276662 0.00234157 0.00333188 0.0333744 0.0322786 0.0267461 0.0140885 -0.00352308 -0.00739283 -0.0126489 -0.0157749 0.0274075
internal_weight=4701.93 2374.42 1831.62 2327.51 1435.34 609.597 860.769 970.851 430.987 892.168 756.092 681.125 468.113 397.012 213.012 280.525 263.639 192.61 825.748 750.927 275.847 429.782 542.797 361.768 125.492 428.363 352.894 280.062 257.201 271.586
internal_count=19528 9759 7527 9769 6096 2512 3514 4013 1752 3673 3103 2788 1921 1622 867 1138 1071 783 3584 3077 1123 1762 2232 1488 510 1766 1456 1157 1064 1107
cat_boundaries=0 1 2 3
cat_threshold=4 10 44
is_linear=0
shrinkage=0.03


Tree=14
num_leaves=31
num_cat=4
split_feature=6 2 5 1 31 17 12 17 7 5 32 23 29 16 10 10 17 6 17 16 10 6 17 12 3 16 31 12 32 2
split_gain=642.986 310.693 494.327 168.443 185.612 118.981 97.3669 89.5413 70.2812 66.3977 67.2411 55.7837 54.3601 53.5254 51.2421 56.8184 44.2439 40.497 39.0065 38.8921 60.9593 38.7486 38.3375 42.2486 33.4371 35.0978 32.7032 38.5358 32.386 38.6233
threshold=-0.82436862587928761 16.788583755493168 -0.88134551048278797 33.051876068115241 0 -0.34192450344562525 -0.02450000029057264 0.16916266083717349 -29.09250450134277 -0.9936448037624358 1 1.0000000180025095e-35 77.084831237792983 -0.1622507497668266 -0.49500000476837153 -0.91499999165534962 1.2449049949645998 -0.86977231502532948 -1.2670373916625974 1.4868103861808779 0.11499999836087228 -0.95380109548568714 0.79548063874244701 -0.17849999666213986 4.1023669242858896 0.37996618449687963 2 -0.095499999821186052 3 207.20364379882815
decision_type=2 2 2 2 1 2 2 2 2 2 1 2 2 2 2 2 2 2 2 2 2 2 2 2 2 2 1 2 1 2
left_child=3 -2 5 8 6 9 -5 11 -1 -3 -11 28 24 -8 15 -7 -6 22 -12 -16 -21 -15 23 -10 -9 -26 27 -25 29 -4
right_child=1 2 7 4 16 14 13 12 17 10 18 -13 -14 21 19 -17 -18 -19 -20 20 -22 -23 -24 26 25 -27 -28 -29 -30 -31
leaf_value=-0.018259011381111998 0.034828753300342789 0.039644281260445072 0.02633657321527438 -0.015801039853344655 -0.029272427589556078 0.041818204060683803 -0.0072723235847507138 0.046985360564940536 0.0093670670471004049 -0.012494732635506415 -0.0224797743319918 0.0058375031928646166 -0.0097858034240795536 0.031593285436674605 0.036671205312908135 -0.024212532317916473 -0.0040641969039327689 0.016120518114145378 0.022734520843732821 -0.016212019024780568 0.046063947659890081 0.001823187117489252 0.018046813185041307 -0.035179208053813554 -0.0013363565459400257 0.022708657714197937 -0.023316922594569373 0.001081819757798931 -0.02053443758782518 -0.017179607316379457
leaf_weight=171.86204017698765 410.83745597302914 50.628406032919884 31.851660802960396 321.3821813762188 739.9609068185091 18.061644941568375 113.987424492836 21.982034757733345 149.78484234213829 132.40571047365665 18.943725883960724 104.25884772837162 163.90242187678814 95.709199294447899 458.67878217995167 29.488516017794609 68.835335001349449 163.36023984849453 130.11731077730656 32.862185582518578 23.371429413557053 66.560799151659012 82.61750066280365 28.9636569917202 128.34468774497509 93.998372241854668 98.011915028095245 219.92693971097469 491.48819401860237 40.614327639341354
leaf_count=726 1707 209 132 1346 3244 74 464 89 617 542 77 421 670 387 1881 120 294 659 532 134 96 270 338 121 522 379 406 904 2070 171
internal_value=0.000180796 0.0111287 0.00617346 -0.0110542 -0.0175676 0.0226418 -0.004521 -0.00752063 -0.00102913 0.00836852 0.00262241 -0.0142758 0.00354461 0.00844815 0.0310394 0.00121358 -0.0268037 0.00297728 0.0158225 0.0337861 0.0100233 0.019468 -0.000750426 -0.00390708 0.0124906 0.00888514 -0.00964902 -0.0031363 -0.017998 0.00180052
internal_weight=4702.8 2381.84 1971 2320.96 1406.44 894.558 597.64 1076.44 914.527 332.095 281.467 668.213 408.228 276.257 562.463 47.5502 808.796 742.665 149.061 514.912 56.2336 162.27 579.305 496.687 244.325 222.343 346.903 248.891 563.954 72.466
internal_count=19602 9826 8119 9776 6005 3665 2467 4454 3771 1360 1151 2794 1660 1121 2305 194 3538 3045 609 2111 230 657 2386 2048 990 901 1431 1025 2373 303
cat_boundaries=0 1 2 3 4
cat_threshold=4 5 12 32
is_linear=0
shrinkage=0.03


Tree=15
num_leaves=31
num_cat=2
split_feature=5 5 32 17 2 5 31 29 5 5 7 5 3 14 17 14 17 10 17 12 12 14 5 12 12 23 10 14 12 5
split_gain=575.18 756.897 201.467 132.046 92.7291 92.0704 76.9787 66.919 78.436 57.1978 55.8028 55.4248 82.0497 67.8398 52.5299 45.0945 41.7195 40.6982 37.9219 37.7427 43.6891 37.2313 34.9635 36.572 33.3204 32.7636 32.4809 30.3716 30.1936 29.7227
threshold=-0.93404099345207203 0.48901963233947759 0 0.069999270141124739 14.753347396850588 -0.73172146081924427 1 75.77988433837892 -0.73172146081924427 0.33273787796497351 -3.9040225744247432 0.16665012389421466 175.66519927978518 -0.6599999964237212 -0.57472997903823841 0.47499999403953558 -0.88509482145309437 0.37500000000000006 -0.88509482145309437 -0.33699999749660486 -0.26350000500679011 -0.56999999284744252 -0.9936448037624358 -0.10600000247359274 -0.37100000679492945 1.0000000180025095e-35 0.034999999217689044 0.18500000238418582 0.43999999761581426 -0.56916013360023487
decision_type=2 2 1 2 2 2 1 2 2 2 2 2 2 2 2 2 2 2 2 2 2 2 2 2 2 2 2 2 2 2
left_child=6 2 3 11 10 15 -1 24 21 -7 16 12 -2 -14 22 27 -3 26 -13 -10 -21 -9 -8 -24 -5 -15 -6 -4 -22 -27
right_child=1 4 5 7 17 9 14 8 19 -11 -12 18 13 25 -16 -17 -18 -19 -20 20 28 -23 23 -25 -26 29 -28 -29 -30 -31
leaf_value=0.036165956628354784 -0.026616218318523586 -0.025420555034517209 -0.0045144750509687253 -0.0072084642789536895 0.0072347487242773734 -0.029638704162842085 0.028804704663919781 -0.01987002667988905 -0.022934018462998803 -0.0054901151757267503 0.036985922540660819 0.014544302195018979 -0.03068039452956536 -0.0084926086989287192 0.021330480812915234 0.019889423243031921 0.021239843968862162 0.030095644247075018 -0.0073582120920275074 0.038600676735848785 -0.0020934421675145457 0.028050716427827329 -0.037220162537933248 0.0082758115602104537 0.02093296094361987 0.018814345068883184 -0.025448271777758141 -0.034715368396872927 -0.029848499279412615 -0.0098906717050106074
leaf_weight=331.73326207697392 325.61748208105564 19.69369213283062 122.58978186547756 44.98399044573307 82.389075681567192 661.96278826892376 18.681762501597404 16.393664970993996 98.609748557209969 102.4280594587326 381.146040558815 109.164784938097 108.60338294506073 554.65714609622955 256.45144736766815 52.164460808038712 105.70093342661858 43.025334611535072 199.866903886199 21.135095775127411 386.59011943638325 97.480307757854462 34.563101083040237 28.213828101754189 224.60614162683487 84.16123828291893 39.761329382658005 38.833704188466072 37.841158419847488 51.662720248103142
leaf_count=1384 1377 80 508 185 335 2910 77 68 418 423 1586 446 461 2328 1045 213 436 175 824 87 1611 395 144 114 910 339 162 162 159 215
internal_value=0.000186771 -0.00411196 -0.00995785 -0.00512658 0.0249217 -0.0213357 0.0259033 0.00366901 -0.00149297 -0.0264142 0.0312769 -0.0108517 -0.0139412 -0.00874941 0.0142633 -0.00411661 0.0137685 0.00536158 0.000400761 -0.00623793 -0.00249978 0.021039 -0.00624517 -0.0169638 0.016228 -0.00526059 -0.0035242 -0.0119489 -0.00463235 0.00790346
internal_weight=4680.71 4011.07 3339.35 2361.37 671.716 977.979 669.643 927.64 658.05 764.391 506.541 1433.73 1124.7 799.084 337.91 213.588 125.395 165.176 309.032 544.176 445.566 113.874 81.4587 62.7769 269.59 690.481 122.15 161.423 424.431 135.824
internal_count=19577 16813 14039 9823 2774 4216 2764 3833 2738 3333 2102 5990 4720 3343 1380 883 516 672 1270 2275 1857 463 335 258 1095 2882 497 670 1770 554
cat_boundaries=0 1 2
cat_threshold=44 10
is_linear=0
shrinkage=0.03


Tree=16
num_leaves=31
num_cat=2
split_feature=6 2 6 28 3 12 6 31 17 6 16 29 10 14 10 12 2 12 17 17 12 12 32 10 17 17 29 6 12 6
split_gain=631.251 278.432 454.151 155.785 211.97 104.547 98.5865 98.1516 75.5663 74.7257 63.9549 63.3932 54.7973 72.12 84.8331 58.4181 52.1594 50.5867 50.4579 48.5422 44.846 42.4866 42.1155 41.0752 40.4908 38.3136 35.4983 41.7564 33.3269 33.2696
threshold=-0.82436862587928761 39.24365425109864 -0.47246390581130976 20.863806724548343 30.226166725158695 -0.027500000782310959 -0.90877163410186756 0 0.51652702689170849 -0.18987156450748441 -1.1924016475677488 76.151096343994155 -0.35500000417232508 0.18500000238418582 0.2950000017881394 -0.18749999999999997 36.29353332519532 -0.37800000607967371 0.28963282704353338 -1.1239467859268186 -0.35050000250339503 -0.15249999612569806 1 -0.64500001072883595 -1.2670373916625974 2.4116150140762334 81.26676177978517 -0.74189642071723927 0.13350000232458117 -0.92449048161506642
decision_type=2 2 2 2 2 2 2 1 2 2 2 2 2 2 2 2 2 2 2 2 2 2 1 2 2 2 2 2 2 2
left_child=3 28 8 5 6 10 20 24 17 18 -1 16 15 -14 29 -12 -7 -3 -9 -19 -5 -16 -21 -8 -4 -6 27 -10 -2 -15
right_child=1 2 7 4 25 11 23 9 26 -11 12 -13 13 14 21 -17 -18 19 -20 22 -22 -23 -24 -25 -26 -27 -28 -29 -30 -31
leaf_value=-0.036803986977181825 0.03504673419903432 -0.031448394394379374 -0.0039696271194394608 0.022682165469975972 -0.026962710959013321 -0.007199039747914188 -0.019867614286339881 -0.0075930923470988194 -0.006533113428244839 0.025968216691541486 0.05052920767899538 -0.0028784024931801876 -0.025915218307588854 0.039045363058475842 0.0037380057375311949 -0.0045809662907643454 0.026012099490435162 -0.030769865611578143 0.021210243284277126 -0.00076193720847090435 -0.018446402556173656 -0.031380678853779903 -0.018292970962323189 0.024062115342011255 0.034430585928988858 0.022770127261089863 -0.019875301388345989 0.022410379178946775 0.0184064994624757 -0.0068564899545963962
leaf_weight=78.452919974923134 366.35963617265224 114.24260787665844 26.129865363240242 26.675126075744629 881.39593271911144 54.881556138396263 21.357703968882561 190.96664908528328 70.459409445524216 171.45627938210964 26.729048267006874 268.71637399494648 178.10402750968933 51.064937964081764 59.422793209552765 45.683610796928406 183.01784189045429 85.394536465406418 75.57228496670723 385.12595652043819 177.46911434829235 63.395720407366753 174.17135438323021 141.57277968525887 399.62475524842739 13.451382070779799 37.33082589507103 120.71356895565987 159.24987843632698 19.178003519773483
leaf_count=332 1533 487 107 110 3907 221 86 779 288 706 110 1100 751 210 246 190 738 367 308 1597 746 264 733 569 1667 57 154 487 665 79
internal_value=-2.76081e-05 0.010801 0.00532245 -0.0112637 -0.0183231 -0.00259387 0.000874896 0.021198 -0.00857185 0.0103451 -0.0120047 0.00710783 -0.00754564 -0.012204 0.00051336 0.0161726 0.0183525 -0.0131218 0.000622325 -0.00983055 -0.0129878 -0.0144964 -0.00658429 0.0182175 0.0313358 -0.0261905 0.0065313 0.0117644 0.0300496 0.0265927
internal_weight=4667.37 2376.8 1851.19 2290.57 1261.92 1028.65 367.075 863.75 987.438 437.995 522.031 506.616 443.578 371.165 193.061 72.4127 237.899 758.934 266.539 644.692 204.144 122.819 559.297 162.93 425.755 894.847 228.504 191.173 525.61 70.2429
internal_count=19594 9878 7680 9716 5475 4241 1511 3567 4113 1793 2182 2059 1850 1550 799 300 959 3184 1087 2697 856 510 2330 655 1774 3964 929 775 2198 289
cat_boundaries=0 1 2
cat_threshold=10 44
is_linear=0
shrinkage=0.03


Tree=17
num_leaves=31
num_cat=1
split_feature=6 2 6 29 3 17 17 17 14 12 17 14 6 12 7 12 16 6 12 12 17 32 28 6 29 18 28 12 14 2
split_gain=553.622 265.263 440.944 149.574 202.962 92.8143 89.5262 73.1315 62.6159 62.2522 58.8739 58.0147 52.4217 54.1483 51.7502 46.9178 44.5207 49.8836 58.6734 45.2675 42.6101 39.8831 38.9309 36.411 42.5522 36.1448 44.1547 32.8776 32.5293 31.9806
threshold=-0.82436862587928761 39.24365425109864 -0.47246390581130976 76.836559295654311 26.515231132507328 -0.34192450344562525 0.38102295994758612 0.51652702689170849 -0.73000001907348622 -0.35050000250339503 -1.9785536527633665 -1.314999997615814 -0.10495606064796446 -0.10600000247359274 -6.5311598777770987 -0.37800000607967371 0.96688616275787365 -0.96645781397819508 0.078999999910593047 -0.52750000357627858 -1.1239467859268186 0 20.863806724548343 -0.74189642071723927 81.26676177978517 1.4366115331649782 20.863806724548343 0.34650000929832464 -0.62499999999999989 7.8629119396209726
decision_type=2 2 2 2 2 2 2 2 2 2 2 2 2 2 2 2 2 2 2 2 2 1 2 2 2 2 2 2 2 2
left_child=3 29 7 6 14 12 10 15 11 -8 -1 -7 13 -4 -5 -3 17 18 19 -12 -17 27 -20 -9 -25 26 -11 28 -22 -2
right_child=1 2 5 4 -6 8 9 23 -10 25 16 -13 -14 -15 -16 20 -18 -19 22 -21 21 -23 -24 24 -26 -27 -28 -29 -30 -31
leaf_value=0.036036256876198415 0.034704391568537274 -0.031088987252584091 -0.012666455405786169 -0.012112093350358132 -0.02680044785638314 0.035752521802006804 -0.021451858145493878 -0.0092560597086580147 0.031399390422896807 0.015035997183755754 0.007592925338323616 -0.032034849475553615 0.036737533194681683 0.014438466889236883 0.014530010185809265 -0.029873146222590821 0.010641911992807378 -0.0059271506998625732 0.0059815062708811475 -0.036942628985926665 -0.024178633224152996 -0.01861887713090541 -0.030072702686323172 0.022582337931737109 -0.02330227581949813 0.026790461651740066 -0.014491196518012121 -0.019519494021952039 0.0063369809726833331 0.019078954081849092
leaf_weight=24.521925732493401 330.58221027255058 114.18717658519745 117.82992888987064 111.22125358879566 769.63554890453815 17.829568088054657 52.702722296118736 85.202617898583412 485.91262575984001 147.47755287587643 22.945702418684959 27.691985264420509 46.348287716507912 149.19265085458755 157.10262767970562 85.183068081736565 82.060497865080833 438.05716794729233 85.587487652897835 172.73166459798813 34.524069786071777 172.15532121062279 38.182391494512558 117.11486254632473 20.661292880773544 116.12316678464413 64.85597363114357 72.198734849691391 273.07529619336128 190.35714726150036
leaf_count=101 1409 491 489 467 3452 74 222 350 2022 604 97 113 195 611 638 369 337 1810 348 740 147 728 163 473 85 474 274 304 1124 783
internal_value=-6.37799e-05 0.0101886 0.00477645 -0.0105712 -0.0189761 0.0206261 -0.00355585 -0.00897365 0.0282529 0.00854077 -0.00889553 -0.00528656 0.00764338 0.00247516 0.00348279 -0.0134472 -0.0102492 -0.0125234 -0.0215221 -0.0317082 -0.0102417 -0.00716346 -0.00529292 0.00609279 0.015583 0.0134038 0.00599145 -0.00140972 0.00284474 0.0290422
internal_weight=4623.25 2340.05 1819.11 2283.21 1037.96 844.805 1245.25 974.302 531.434 381.159 864.087 45.5216 313.371 267.023 268.324 751.324 839.565 757.504 319.447 195.677 637.136 551.953 123.77 222.979 137.776 328.457 212.334 379.798 307.599 520.939
internal_count=19494 9767 7575 9727 4557 3504 5170 4071 2209 1574 3596 187 1295 1100 1105 3163 3495 3158 1348 837 2672 2303 511 908 558 1352 878 1575 1271 2192
cat_boundaries=0 1
cat_threshold=44
is_linear=0
shrinkage=0.03


Tree=18
num_leaves=31
num_cat=2
split_feature=6 2 5 4 32 31 12 17 14 14 5 14 14 8 12 16 4 17 2 17 6 12 17 14 12 12 28 10 28 5
split_gain=535.622 261.507 405.629 140.514 173.027 111.453 82.1278 76.8135 70.6086 68.1152 66.1247 64.1289 64.0278 60.097 58.8277 61.2291 52.2351 44.3031 42.5167 38.8642 40.3641 37.3234 41.3777 34.8811 32.9798 37.6492 31.6983 31.6586 30.4929 29.3943
threshold=-0.82436862587928761 39.24365425109864 -0.88134551048278797 13.500000000000002 0 1 -0.02450000029057264 -0.78709009289741505 -0.6599999964237212 -0.3299999982118606 -0.98097097873687733 0.40500000119209295 0.70499998331069957 -55.639192581176751 -0.018499999772757288 -0.1622507497668266 168.50000000000003 0.28963282704353338 230.63111877441409 0.38102295994758612 -0.98471984267234791 -0.16650000214576718 0.456177368760109 0.39499999582767492 -0.14199999719858167 0.24300000071525577 25.763958930969242 0.37500000000000006 18.926905632019047 0.66410800814628612
decision_type=2 2 2 10 1 1 2 2 2 2 2 2 2 2 2 2 10 2 2 2 2 2 2 2 2 2 2 2 2 2
left_child=3 27 5 4 6 -3 19 -4 -9 26 -7 18 -13 -5 -8 -16 -15 -12 24 20 -1 -18 -23 -21 -11 -26 -10 28 29 -2
right_child=1 2 7 13 -6 10 14 8 9 11 17 12 -14 16 15 -17 21 -19 -20 23 -22 22 -24 -25 25 -27 -28 -29 -30 -31
leaf_value=-0.036136722341700636 -0.0051260667019056268 0.030688895448959166 -0.026056414923650673 -0.020225949820400876 -0.027183959274186952 0.023383422837037291 0.054909507278755577 -0.031900435666832261 0.023471367836495265 -0.017229483662194511 -0.0085767674747968797 0.031641934054374321 -0.0046721489821021653 0.011209119090883794 -0.013309664411111104 0.010420091516938491 0.0104741094456121 0.018913101882751023 -0.024057086592079103 -0.010666800149976466 -0.013552659073162613 -0.021772959175936971 0.0092221832488799393 0.024116400957687703 0.017049545178117648 -0.018104019132841112 -0.018974025322774909 0.039226021566837695 0.029941679040819184 0.02480132972675652
leaf_weight=106.67579109966755 54.832937434315681 417.53034217655659 182.21955825388432 109.59412685036659 655.0076958835125 163.15967927873135 17.712190851569176 75.388876691460609 115.20293627679348 96.743360951542854 188.41065154969692 67.174372166395187 121.12435790896416 362.44988629221916 167.34623658657074 232.73796065151691 84.656798541545868 72.138587906956673 171.21586042642593 102.74946008622646 217.16595271229744 140.50840330123901 52.736609876155853 33.606682047247887 85.930590838193893 39.114517629146576 17.56645168364048 176.74472777545452 219.51530036330223 62.307339876890182
leaf_count=462 228 1761 793 471 2989 678 72 324 470 403 770 274 498 1490 692 952 345 296 718 435 921 579 214 138 349 167 73 749 933 263
internal_value=-0.000122882 0.0100059 0.00464638 -0.0104439 -0.0156468 0.0198857 -0.00663384 -0.00855401 -0.00448634 -0.00155151 0.00827533 -0.00598417 0.00838139 0.000198114 0.00291888 0.00048603 0.00371971 -0.000922402 -0.0128709 -0.0154378 -0.0210804 -0.00605342 -0.0133104 -0.00198088 -0.00416617 0.005997 0.0177556 0.0288855 0.0233566 0.0108676
internal_weight=4609.27 2326.32 1812.92 2282.95 1533 841.239 877.994 971.681 789.461 714.072 423.709 581.303 188.299 749.946 417.796 400.084 640.352 260.549 393.004 460.198 323.842 277.902 193.245 136.356 221.788 125.045 132.769 513.4 336.656 117.14
internal_count=19507 9747 7574 9760 6661 3505 3672 4069 3276 2952 1744 2409 772 3099 1716 1644 2628 1066 1637 1956 1383 1138 793 573 919 516 543 2173 1424 491
cat_boundaries=0 1 2
cat_threshold=12 10
is_linear=0
shrinkage=0.03


Tree=19
num_leaves=31
num_cat=3
split_feature=6 2 5 29 5 17 5 31 17 17 32 32 17 29 10 17 29 5 10 5 10 3 2 5 10 16 17 18 17 5
split_gain=507.067 247.13 374.515 138.097 177.784 104.594 64.4157 60.3344 59.9363 53.9105 51.1208 50.2101 47.1128 46.0319 40.7587 39.6456 38.5492 37.8851 33.9448 32.1976 62.0318 36.6768 30.9696 28.7313 27.2608 27.1336 29.4059 27.1147 27.581 27.7158
threshold=-0.82436862587928761 25.409214973449711 -0.93404099345207203 76.836559295654311 0.33273787796497351 0.16916266083717349 -0.8126716911792754 0 1.5727599859237673 -1.9785536527633665 1 2 -0.57472997903823841 75.522090911865249 -0.35500000417232508 0.069999270141124739 84.152141571044936 0.16665012389421466 -0.64500001072883595 -0.73172146081924427 -0.62499999999999989 81.100643157958999 302.42918395996099 -0.9936448037624358 0.24000000208616259 0.940181463956833 -0.40205584466457361 1.6888062953948977 0.30629649758338934 -0.98097097873687733
decision_type=2 2 2 2 2 2 2 1 2 2 1 1 2 2 2 2 2 2 2 2 2 2 2 2 2 2 2 2 2 2
left_child=3 -2 7 8 -5 6 11 -3 9 -1 -6 -4 23 -11 15 17 19 -15 -12 20 -7 -21 -8 -9 -23 26 -13 28 29 -14
right_child=1 2 5 4 10 16 22 12 -10 13 18 25 27 14 -16 -17 -18 -19 -20 21 -22 24 -24 -25 -26 -27 -28 -29 -30 -31
leaf_value=0.035811029391341134 0.029799084716720253 0.032737883289515587 0.023101227849059724 -0.025285304170898956 -0.0093980068667431742 -0.024765794810474022 -0.014573133196474974 0.026914608084594845 0.026848023428217467 0.0063261157822896491 -0.023167532632354236 -0.01874574402775913 0.030382196509926261 -0.022606343194889758 -0.011907982723099324 0.020735060711403859 -0.021923241560334625 0.011882560556336999 0.02474982076754851 0.033628615766046761 0.024884703528585569 0.006981552324247008 -0.033288542695693174 -0.015348206010944375 -0.016522165606597444 0.016023013005517631 0.0013463166350092424 -0.0014013570758462199 0.038545022069940614 0.0031640489935233908
leaf_weight=27.483067914843559 443.14132694900036 312.97307404875755 49.621887654066086 786.37614862620831 118.86422139406204 25.311674579977989 319.19368287920952 17.554771646857262 54.713532894849777 221.51553569734097 14.430250450968741 155.85707578063011 62.287098437547684 63.683062046766281 764.28100536763668 73.386700242757797 37.291279330849648 50.62401619553566 104.27909243106842 26.308261647820473 168.84769237041473 96.901153519749641 106.78530585765839 65.315709203481674 80.372923895716667 39.455853626132011 112.41669702529907 44.852500513195992 76.708522409200668 72.510242462158203
leaf_count=113 1899 1343 204 3574 493 106 1358 74 223 905 60 657 261 271 3210 304 155 207 426 107 691 395 467 270 331 160 462 184 320 293
internal_value=-0.000210794 0.00968105 0.00490166 -0.0102503 -0.0184217 -0.00492092 -0.0114662 0.0232304 -0.00357758 -0.00498488 0.00430766 -0.00206234 0.0130428 -0.00597 -0.00883482 0.00367575 0.00686392 -0.0073614 0.0173323 0.00961114 0.0183183 0.0012581 -0.0193317 -0.00618135 -0.00370752 -0.00671253 -0.0103527 0.0197639 0.0242378 0.0158721
internal_weight=4593.34 2313.71 1870.57 2279.64 1023.95 1218.36 783.331 652.202 1255.69 1200.97 237.574 357.352 339.229 1173.49 951.975 187.694 435.033 114.307 118.709 397.742 194.159 203.582 425.979 82.8705 177.274 307.73 268.274 256.358 211.506 134.797
internal_count=19523 9737 7838 9786 4553 5093 3308 2745 5233 5010 979 1483 1402 4897 3992 782 1785 478 486 1630 797 833 1825 344 726 1279 1119 1058 874 554
cat_boundaries=0 1 2 3
cat_threshold=10 21 32
is_linear=0
shrinkage=0.03


Tree=20
num_leaves=31
num_cat=3
split_feature=5 5 32 16 5 10 18 5 32 31 12 29 1 3 5 5 12 5 10 12 26 5 2 10 12 28 12 5 10 29
split_gain=493.916 593.861 162.132 106.4 89.8999 85.442 72.2708 66.281 61.0678 58.2097 51.425 47.6262 47.2513 44.3918 43.3083 40.6713 39.6517 38.3471 41.9768 39.0423 37.9644 35.3777 32.9874 50.0166 31.7861 48.6205 50.7155 60.0587 29.8234 29.2742
threshold=-0.93404099345207203 0.48901963233947759 0 0.070914063602685942 -0.83753159642219532 0.37500000000000006 1.7108311653137209 0.63088810443878185 1 2 -0.37100000679492945 75.522090911865249 5.9044764041900644 496.27542114257818 -0.83753159642219532 0.4124008715152741 -0.13650000095367429 -0.98902499675750721 0.2950000017881394 -0.14499999582767484 1.0000000180025095e-35 0.25061884522438055 173.09577941894534 -0.060000000521540635 0.028500000014901165 20.863806724548343 0.43999999761581426 0.29221479594707495 0.2950000017881394 75.77988433837892
decision_type=2 2 1 2 2 2 2 2 1 1 2 2 2 2 2 2 2 2 2 2 2 2 2 2 2 2 2 2 2 2
left_child=9 2 3 10 -4 7 11 8 -3 -1 -2 -5 -9 15 28 20 -15 -11 19 22 -12 -6 -19 -24 -16 26 27 -26 -13 -22
right_child=1 5 4 6 21 -7 -8 12 -10 17 13 14 -14 16 24 -17 -18 18 -20 -21 29 -23 23 -25 25 -27 -28 -29 -30 -31
leaf_value=0.032919104470989335 -0.023883710307783218 -0.0084601438467252869 0.0050641519035057522 0.016992814812360393 -0.02645145126167003 0.037720621349870878 0.022836118029929062 0.034268230335057485 0.022290818843440689 0.029248319486245372 -0.014170080203408222 0.0043546373059969853 0.0031828038555493086 0.026270683708713435 -0.013738933199898428 0.012628973421680987 -0.0049764781844489755 -0.037547819015896093 0.02751245804585474 0.011412455955266319 0.023485907896281348 -0.010263448622437913 -0.035056444368389422 0.035903423959604636 0.026534289967327825 -0.013452297092980476 -0.026313511540843375 -0.027934151460171402 0.042958465276377179 -0.0062627569519674905
leaf_weight=323.43013073503971 215.41606369614601 148.92542600631714 111.68631267547607 114.52768494188786 683.36758184432983 204.77212046086788 135.54496718943119 163.4024960398674 80.757516756653786 100.42055405676365 829.02230800688267 59.905396446585655 60.39568604528904 58.536856934428215 292.71465170383453 65.03868742287159 94.009366050362587 35.824069857597351 63.917678117752075 96.240099564194679 41.655139744281769 149.86872294545174 15.564111009240149 18.432542860507965 117.9007893204689 130.22782476246357 26.576361656188965 20.672007083892822 24.920197233557701 97.653932854533195
leaf_count=1400 936 618 462 467 3103 871 559 712 336 424 3534 247 249 239 1238 264 399 149 265 392 169 639 64 76 478 560 111 84 103 413
internal_value=-0.00029003 -0.00431073 -0.0095461 -0.00519748 -0.0199601 0.021666 0.00268758 0.0143494 0.00300134 0.0238317 -0.0104263 -0.000805206 0.0259308 -0.00796372 -0.00385507 -0.0101932 0.00710706 0.0134638 0.00705756 -0.000933188 -0.0117375 -0.0235556 -0.0178711 0.00334363 -0.00675059 0.000197763 0.0109777 0.0182669 0.0160641 0.00273645
internal_weight=4581.33 3927.5 3269.24 2324.32 944.923 658.253 922.99 453.481 229.683 653.829 1401.33 787.445 223.798 1185.92 672.917 1033.37 152.546 330.399 229.979 166.061 968.331 833.236 69.8207 33.9967 588.092 295.377 165.149 138.573 84.8256 139.309
internal_count=19561 16791 14005 9801 4204 2786 3847 1915 954 2770 5954 3288 961 5018 2821 4380 638 1370 946 681 4116 3742 289 140 2471 1233 673 562 350 582
cat_boundaries=0 1 2 3
cat_threshold=44 21 10
is_linear=0
shrinkage=0.03


Tree=21
num_leaves=31
num_cat=2
split_feature=6 2 5 29 5 29 14 12 28 5 12 12 5 12 32 32 14 2 10 14 10 14 6 10 10 29 12 18 29 28
split_gain=443.112 224.462 325.979 136.885 191.671 75.9279 75.6886 62.1492 63.3343 60.3122 73.9222 76.3549 69.8507 65.7508 60.321 53.5121 53.4111 50.2183 46.0127 42.9627 51.2613 65.1268 43.9961 43.5497 41.0096 40.4465 39.9987 45.7695 34.9538 33.1507
threshold=-0.82436862587928761 10.006336212158205 -0.96105405688285817 76.836559295654311 0.33273787796497351 86.164299011230483 -0.79499998688697804 -0.02450000029057264 20.863806724548343 -0.83753159642219532 0.27899999916553503 -0.30349999666213984 0.59747540950775158 -0.26350000500679011 0 1 -0.3299999982118606 32.314153671264656 -0.95500001311302174 -0.27499999105930323 0.35999999940395361 0.39499999582767492 -0.86977231502532948 -0.31000000238418574 -0.64500001072883595 76.34873199462892 0.056499999016523368 1.6888062953948977 76.151096343994155 20.863806724548343
decision_type=2 2 2 2 2 2 2 2 2 2 2 2 2 2 1 1 2 2 2 2 2 2 2 2 2 2 2 2 2 2
left_child=3 -2 26 7 -5 6 18 19 17 14 11 16 13 -13 -8 24 -11 -9 -4 23 21 -21 -22 -1 -6 -15 27 29 -19 -3
right_child=1 2 5 4 15 -7 9 8 -10 10 -12 12 -14 25 -16 -17 -18 28 -20 20 22 -23 -24 -25 -26 -27 -28 -29 -30 -31
leaf_value=-0.0041980599144834452 0.031636051697368904 0.011599624231067741 0.0205151879176344 -0.024829867963943736 -0.022122887460444569 -0.035261278787509356 0.021796923345469663 -0.0099324948122701436 -0.010672641933285548 0.021853855924684952 -0.025874594667145655 0.048058752453064221 0.030340446467746647 0.0098598407607683996 0.00040148795870638616 -0.0085670476470238403 -0.027605965971558916 0.024712491178390514 -0.028151566908227579 -0.0043658555461571456 -0.023871130968783304 0.029690832144033105 0.020373187163490722 -0.035286792867568542 0.02706094276314578 -0.0088092111838997261 0.036222191882117408 -0.006628196425043008 0.0051737713878646421 0.035210031324873728
leaf_weight=69.845082446932793 339.81175234913826 98.161967724561691 19.679855450987816 783.36525204777718 17.021959245204926 57.50890189409256 210.88169135153294 85.046091645956039 180.43846470117569 22.863261952996254 109.73665201663971 24.220200404524803 85.219088494777679 167.14904214441776 266.49906741082668 118.91758827865124 115.34855650365353 180.2097814977169 120.57066498696804 246.85110963881016 147.09798568487167 62.487625807523727 22.645356997847557 96.701159730553627 105.98006758093834 274.73200482130051 215.09981563687325 51.366563260555267 152.33546839654446 120.55970576405525
leaf_count=295 1494 412 82 3616 71 244 882 345 763 93 477 98 354 690 1101 494 499 729 525 1050 625 255 93 420 433 1150 924 216 623 526
internal_value=-0.000115347 0.00916383 0.0052528 -0.00951901 -0.017629 -0.00177053 -0.000387305 -0.00282423 0.00414067 0.0019168 -0.0031224 0.000530762 0.00553468 0.000944105 0.0103427 0.00569437 -0.019326 0.0105516 -0.0212258 -0.00927208 -0.00468798 0.00258723 -0.0178838 -0.0223519 0.0186287 -0.00174101 0.0265553 0.0187513 0.0158044 0.0247147
internal_weight=4568.35 2299.41 1959.6 2268.94 1025.28 1474.41 1416.9 1243.66 598.03 1276.65 799.269 689.532 551.32 466.101 477.381 241.92 138.212 417.591 140.251 645.628 479.082 309.339 169.743 166.546 123.002 441.881 485.188 270.088 332.545 218.722
internal_count=19579 9767 8273 9812 4614 6195 5951 5198 2460 5344 3361 2884 2292 1938 1983 998 592 1697 607 2738 2023 1305 718 715 504 1840 2078 1154 1352 938
cat_boundaries=0 1 2
cat_threshold=56 98
is_linear=0
shrinkage=0.03


Tree=22
num_leaves=31
num_cat=2
split_feature=6 17 5 29 5 5 5 14 32 11 5 17 12 0 14 10 28 32 6 10 18 16 10 29 12 5 12 5 28 16
split_gain=431.51 195.669 138.94 129.181 146.724 100.273 97.3603 85.7805 80.2485 60.8424 90.3547 56.1789 59.5039 51.3989 48.2109 53.324 44.1065 43.8067 42.8824 39.6529 37.8448 38.9467 36.0225 35.4501 35.1978 33.89 32.7459 32.3607 31.3411 30.9891
threshold=-0.82436862587928761 0.16916266083717349 -0.98097097873687733 76.581501007080092 0.4124008715152741 0.56202840805053722 -0.8126716911792754 -0.99500000476837147 0 74.500000000000014 -0.67050644755363453 0.38102295994758612 -0.35050000250339503 4.9768853187561044 0.20499999821186068 -0.87499999999999989 20.863806724548343 1 -0.94107943773269642 -0.64500001072883595 0.741478592157364 0.7252347767353059 0.7150000035762788 84.152141571044936 0.23849999904632571 0.16665012389421466 -1.0000000180025095e-35 0.16665012389421466 18.543931961059574 0.42793112993240362
decision_type=2 2 2 2 2 2 2 2 1 2 2 2 2 2 2 2 2 1 2 2 2 2 2 2 2 2 2 2 2 2
left_child=3 2 -2 11 27 6 8 -3 -4 10 -9 14 -13 -7 15 -1 22 -6 26 -19 -10 -22 -16 -11 -24 -18 -17 28 -5 -8
right_child=1 7 5 4 17 13 29 9 20 23 -12 12 -14 -15 16 18 25 19 -20 -21 21 -23 24 -25 -26 -27 -28 -29 -30 -31
leaf_value=0.037107106215451664 0.026764125099176056 -0.027654963665751965 0.012652774514254488 -0.0084031864680930296 -0.016144175043256565 0.024837191949067774 -0.021239379458353694 0.025209408644772911 0.0037827656256199252 0.028360779620510302 -0.0093488248882571765 -0.023561038937756733 0.013240224779575009 -0.010999316173549276 0.019243404802791245 -0.032071509003068883 -0.032066461258776581 -0.0221938055401678 -0.003569635559765862 0.023797954866251664 -0.028092904934455168 0.0018479614289533136 -0.015799427212814698 -3.3199692593059156e-05 0.030052773054351674 0.0052666960782414909 -0.0099713386991952171 -0.011683932171467125 -0.026665277701808422 0.0029703508517863486
leaf_weight=17.516298606991768 173.25811207294464 32.501757875084877 289.40719875693321 99.136794686317444 42.017594411969185 161.65286855399609 327.63142721354961 148.25038267672062 115.30173355340958 589.63892704248428 124.4709946513176 44.845601230859756 289.27172963321209 45.633121252059937 135.89843365550041 145.94153262674809 47.827125757932663 18.845773488283157 175.21783594787121 118.19238139688969 118.0994381159544 58.036546662449837 66.310519248247147 42.413247510790825 18.437308430671692 39.212876930832863 104.50798359513283 255.18806456029415 625.04755695164204 55.375744357705116
leaf_count=71 750 139 1220 423 175 709 1443 621 474 2537 515 191 1190 189 555 642 208 77 729 478 500 235 276 179 75 162 433 1113 2945 226
internal_value=-7.41691e-05 0.00910995 0.00177084 -0.0094148 -0.0163773 -0.00194635 -0.00601988 0.0196238 0.00172585 0.0213509 0.00946038 -0.00197277 0.00824515 0.016933 -0.00652439 -0.0128475 0.00259534 0.00855377 -0.0149853 0.0161856 -0.00924756 -0.0182727 0.00972301 0.0264584 -0.00558991 -0.0153785 -0.0229258 -0.0209395 -0.0241803 -0.0177405
internal_weight=4525.09 2281.67 1344.4 2243.42 1158.43 1171.14 963.852 937.275 580.845 904.774 272.721 1084.99 334.117 207.286 750.87 443.184 307.686 179.056 425.667 137.038 291.438 176.136 220.646 632.052 84.7478 87.04 250.45 979.372 724.184 383.007
internal_count=19480 9737 5746 9743 5211 4996 4098 3991 2429 3852 1136 4532 1381 898 3151 1875 1276 730 1804 555 1209 735 906 2716 351 370 1075 4481 3368 1669
cat_boundaries=0 1 2
cat_threshold=120 5
is_linear=0
shrinkage=0.03


Tree=23
num_leaves=31
num_cat=2
split_feature=5 5 32 17 10 5 2 31 14 10 17 10 12 12 17 12 5 12 10 12 12 6 18 5 12 7 12 7 14 10
split_gain=403.369 507.691 139.308 100.134 73.3655 73.2208 67.4263 53.4928 52.8006 71.9606 47.5776 45.7003 44.7219 71.8899 43.5501 42.3941 44.385 41.253 35.6623 35.3527 34.9934 34.2808 37.473 33.6415 33.5191 33.7277 32.9154 32.3458 31.3482 48.8548
threshold=-0.93404099345207203 0.48901963233947759 0 0.069999270141124739 0.37500000000000006 -0.83753159642219532 7.8629119396209726 1 -0.15999999642372129 -0.26999999582767481 -0.57472997903823841 -0.39499999582767481 -0.33699999749660486 -0.71900001168251026 -1.4190942645072935 -0.17249999940395352 0.081451712176203742 -0.26850000023841852 -0.32500000298023218 0.13350000232458117 0.43999999761581426 -0.97789707779884327 2.010682344436646 0.25061884522438055 -0.29899999499320978 -5.3632299900054923 -0.19300000369548795 -23.144579887390133 -1.0349999666213987 -0.35500000417232508
decision_type=2 2 1 2 2 2 2 1 2 2 2 2 2 2 2 2 2 2 2 2 2 2 2 2 2 2 2 2 2 2
left_child=7 2 3 8 6 -4 14 -1 9 11 -9 23 13 -5 -3 16 26 -14 -13 24 28 -10 27 -2 -8 -26 -7 -23 -19 -30
right_child=1 4 5 12 -6 15 19 10 21 -11 -12 18 17 -15 -16 -17 -18 20 -20 -21 -22 22 -24 -25 25 -27 -28 -29 29 -31
leaf_value=0.030688667401988577 -0.021991922775582842 -0.012149531087281737 0.0042569144332039385 0.031845199532065716 0.035841353104982682 -0.026402436772146435 -0.020669638750503989 -0.0075543093885047626 -0.016149351064966865 -0.03321440167149619 0.018884140049740664 0.018186878377965475 0.038318996897651683 -0.01797506800137548 0.026812103098130046 -0.026577979509412826 0.0063494530611962613 -0.023116560721083691 -0.013581089697804435 -0.024644394941524202 -0.018053625141014364 -0.014005474801283106 0.022120487099533008 0.013011646952028813 -0.020796426886464464 0.023375252126896579 0.0039163043813696015 0.00073511827995369032 0.0252006729654193 0.0040520287287938751
leaf_weight=315.91553223133087 194.72609788179398 28.186088010668755 110.80969271063805 30.246696829795837 195.31146650016308 149.5418024212122 29.853076934814453 80.482008814811707 194.56766565144062 169.28247506916523 249.44900895655155 74.425137147307396 34.06490795314312 157.68605436384678 251.59264658391476 539.44468978047371 82.357773616909981 28.852316245436668 54.058606564998627 41.879995197057724 53.890880092978477 195.58137005567551 52.920206025242805 27.612285628914833 18.365415841341019 81.207913249731064 40.703409120440483 420.40572606027126 122.87840303778648 478.96286943554878
leaf_count=1401 843 120 460 125 847 691 124 337 845 749 1046 316 139 683 1103 2486 363 123 230 173 231 830 219 114 76 337 184 1774 513 1996
internal_value=-5.46008e-05 -0.00372826 -0.00860949 -0.00456336 0.0205105 -0.0183861 0.0138079 0.0218701 -0.00965847 -0.0172018 0.0120669 -0.00940279 0.00316434 -0.00983067 0.0228577 -0.0217035 -0.0119957 0.00657158 0.00481908 -0.00101897 0.00493824 -0.00510018 -0.00186696 -0.017606 0.00675613 0.0151024 -0.0199291 -0.00396026 0.0069283 0.0084046
internal_weight=4505.26 3859.42 3213.02 2290.16 646.397 922.857 451.085 645.847 1383.58 520.105 329.931 350.822 906.582 187.933 279.779 812.048 272.603 718.649 128.484 171.306 684.584 863.475 668.907 222.338 129.426 99.5733 190.245 615.987 630.694 601.841
internal_count=19478 16694 13914 9730 2780 4184 1933 2784 5920 2252 1383 1503 3810 808 1223 3724 1238 3002 546 710 2863 3668 2823 957 537 413 875 2604 2632 2509
cat_boundaries=0 1 2
cat_threshold=44 10
is_linear=0
shrinkage=0.03


Tree=24
num_leaves=31
num_cat=3
split_feature=6 17 5 2 4 32 11 23 32 12 5 12 9 18 5 32 17 17 17 8 17 6 16 2 12 9 14 4 14 12
split_gain=373.832 212.846 119.817 141.412 108.984 129.12 93.5118 66.4439 64.5513 64.5313 52.4115 50.2924 45.2973 39.0119 48.1436 40.6745 41.365 40.5054 38.3279 38.8409 37.8121 33.3266 33.0104 32.7932 31.9132 31.5667 28.8735 28.8267 26.6139 26.5122
threshold=-0.82436862587928761 0.16916266083717349 -0.96105405688285817 14.753347396850588 14.500000000000002 0 74.500000000000014 1.0000000180025095e-35 1 -0.02450000029057264 -0.88134551048278797 -0.00450000021373853 -10.046835422515867 1.5901826620101931 -0.9936448037624358 2 -0.053555749356746667 -0.57472997903823841 0.60379037261009227 -51.715362548828118 0.38102295994758612 -0.98471984267234791 -0.1622507497668266 197.76412200927737 -0.41899999976158137 -6.6754589080810538 0.064999999478459372 104.50000000000001 -0.79499998688697804 -0.16650000214576718
decision_type=2 2 2 2 8 1 2 2 1 2 2 2 2 2 2 1 2 2 2 2 2 2 2 2 2 2 2 8 2 2
left_child=4 2 13 25 5 9 10 8 23 20 26 -11 18 15 -15 16 17 -2 19 -6 21 -1 -13 -5 -22 -4 -3 -21 -8 -29
right_child=1 6 3 7 12 -7 28 -9 -10 11 -12 22 -14 14 -16 -17 -18 -19 -20 27 24 -23 -24 -25 -26 -27 -28 29 -30 -31
leaf_value=-0.033364152258614076 -0.0055049220155185437 0.0082797119168412908 0.0023215016779473499 0.030090047495766287 -0.027894662367593429 -0.023862589514451568 -0.010234226337222029 0.0085417715473299263 -0.015634588962302021 0.047483472467409124 -0.0039329407279716745 -0.009897903947074899 0.01006747501288072 0.037987880320161295 -0.024531832745065651 0.035293291011400177 -0.035211914088193914 0.034869503730227125 0.013105700382268446 0.0068471336204405115 -0.028640487598765665 -0.012514438882907781 0.0077470562841197178 -0.0047363207201566795 0.0064892550938571826 0.03118868926214121 0.038128641552793892 0.0037685956474114465 0.027073775368358845 -0.020864585367226084
leaf_weight=102.82354959845543 41.745685294270515 67.580207899212837 49.723381504416466 43.642750799655914 79.268767341971397 626.07205204665661 17.225971415638924 167.95426703989506 640.49687823653221 20.440091505646706 190.40165282785892 164.34089197218418 277.18425171077251 15.047238498926161 34.925119608640671 114.90466184914112 15.956710517406462 46.584719806909561 82.370809331536293 121.20340393483639 28.266350731253624 212.55673171579838 224.65522994101048 52.981948271393776 112.6690294444561 108.64933286607265 51.309585899114609 60.249017491936684 605.91805398464203 110.77627845108509
leaf_count=463 174 285 219 183 351 3008 76 690 2768 83 792 686 1133 66 147 515 66 197 344 504 124 919 924 229 473 487 220 248 2634 469
internal_value=-0.000219255 0.00835631 0.000660784 -0.00386822 -0.00895735 -0.0136048 0.0193421 -0.00844862 -0.0123262 -0.00582538 0.00583176 0.0027524 0.000532169 0.0185026 -0.00533051 0.0239358 0.00717223 0.0159402 -0.00530052 -0.00940589 -0.0136385 -0.019396 0.000286248 0.0101057 -0.000708599 0.0221969 0.0213723 -0.00431267 0.0260277 -0.0122153
internal_weight=4487.92 2265.05 1332.61 1063.45 2222.88 1491.82 932.435 905.076 737.122 865.752 309.291 409.436 731.053 269.164 49.9724 219.192 104.287 88.3304 453.868 371.497 456.316 315.38 388.996 96.6247 140.935 158.373 118.89 292.229 623.144 171.025
internal_count=19477 9748 5741 4576 9729 6680 4007 3870 3180 3672 1297 1693 3049 1165 213 952 437 371 1916 1572 1979 1382 1610 412 597 706 505 1221 2710 717
cat_boundaries=0 1 2 3
cat_threshold=12 32 5
is_linear=0
shrinkage=0.03


Tree=25
num_leaves=31
num_cat=3
split_feature=5 5 5 32 16 31 14 2 18 31 12 17 5 14 12 14 17 18 14 12 6 17 12 14 17 2 12 14 14 8
split_gain=367.974 448.074 144.41 131.235 71.1718 69.4281 62.077 63.7899 61.2209 57.5057 46.5712 43.987 48.3715 42.4256 41.8075 39.4082 38.571 37.1806 55.9206 36.9128 52.4135 35.2316 33.1709 31.6921 31.5711 31.4564 30.833 50.2851 35.1263 30.2392
threshold=-0.96105405688285817 0.48901963233947759 -0.83753159642219532 0 0.15175064653158191 1 0.34499999880790716 6.6270833015441903 1.4956442117691042 2 -0.37100000679492945 -0.21463730931282041 0.3732354491949082 -0.38499999046325678 0.028500000014901165 0.20499999821186068 0.63405978679656994 1.6888062953948977 0.064999999478459372 0.1095000021159649 -0.92772412300109852 -0.3221799880266189 0.13350000232458117 -0.3299999982118606 -1.4190942645072935 168.41275787353518 -0.26350000500679011 0.42499999701976782 0.35999999940395361 -7.2034235000610343
decision_type=2 2 2 1 2 1 2 2 2 1 2 2 2 2 2 2 2 2 2 2 2 2 2 2 2 2 2 2 2 2
left_child=17 2 5 4 10 21 7 24 9 14 15 12 13 -12 -6 -4 -7 -1 -19 -16 -21 -2 29 -13 -3 -5 -10 28 -28 -9
right_child=1 6 3 25 8 16 -8 22 26 -11 11 23 -14 -15 19 -17 -18 18 -20 20 -22 -23 -24 -25 -26 -27 27 -29 -30 -31
leaf_value=0.0287484420351053 0.0064519329574837759 -0.007787280938902858 -0.031383964180964737 -0.01372255816494453 -0.0067618322866666433 -0.0093172924041090358 0.034204528164834873 -0.023052667699268708 0.036779597739550363 -0.015524212173517384 -0.033189900684495281 0.011586138217503882 0.0081320134115569695 -0.012138065873470478 0.035424154748697589 -0.00040763994673965657 0.02065244061370964 -0.019155750373087112 0.029579865116483816 0.027295186079527276 -0.010426014991881808 0.028099390832538176 -0.022094492515673091 -0.0056149025413352142 0.026873900170152502 -0.025845764171525485 0.0056052776329903109 0.031824173622809773 -0.040035507870684259 0.01357389800517292
leaf_weight=393.96509747207165 130.29728510975838 25.856750354170799 146.28975984454155 345.232108309865 164.236213311553 224.76690490543842 193.45179338753223 23.443262785673141 49.342260673642159 204.34966221451759 110.71110539138317 127.37573383748531 80.328615710139275 388.19852830469608 51.06939198076725 49.382532373070717 45.660333245992661 39.290840864181519 43.775615721940994 56.567484050989151 77.29044146835804 141.50951969623566 43.799442514777184 386.14713934063911 234.29055236279964 448.11047683656216 57.295948475599289 50.716449663043022 19.55310195684433 119.75345239043236
leaf_count=1739 543 110 665 1582 689 934 850 98 204 893 498 537 329 1692 207 216 192 167 191 230 318 604 182 1636 1043 2108 237 208 82 499
internal_value=3.39019e-05 -0.00294183 -0.00733336 -0.0100662 -0.00589179 0.00683253 0.0200297 0.0138345 0.00155923 -0.00335585 -0.0101594 -0.0077319 -0.0133918 -0.0168666 0.00411555 -0.0236082 -0.00405038 0.024909 0.00657403 0.0139817 0.00559891 0.017155 0.000456348 -0.00133408 0.0234122 -0.0203381 0.01687 0.00894287 -0.00637245 0.00745934
internal_weight=4472.06 3995.03 3354.43 2812.2 2018.85 542.234 640.595 447.143 730.421 553.513 1288.43 1092.76 579.238 498.91 349.164 195.672 270.427 477.032 83.0665 184.927 133.858 271.807 186.996 513.523 260.147 793.343 176.908 127.566 76.8491 143.197
internal_count=19483 17386 14604 12331 8641 2273 2782 1932 3068 2337 5573 4692 2519 2190 1444 881 1126 2097 358 755 548 1147 779 2173 1153 3690 731 527 319 597
cat_boundaries=0 1 2 3
cat_threshold=44 10 4
is_linear=0
shrinkage=0.03


Tree=26
num_leaves=31
num_cat=2
split_feature=6 3 5 29 3 5 32 2 17 17 17 29 8 17 16 12 6 12 12 10 18 10 32 16 10 21 10 7 9 29
split_gain=346.292 175.878 272.253 122.154 115.731 77.9966 78.4462 52.9749 52.3989 49.2134 49.0292 41.4253 41.2859 38.7779 37.3859 36.8573 36.5503 49.7756 36.7254 36.5266 34.4188 59.2125 33.3317 36.2366 31.1126 30.5125 29.7615 32.9285 29.171 28.2436
threshold=-0.82436862587928761 3.1872597932815556 -0.96105405688285817 76.34873199462892 14.224246501922609 -0.83753159642219532 0 191.13148498535159 -0.87325549125671376 0.38102295994758612 0.63405978679656994 77.177566528320327 -7.4831807613372794 -0.16163000464439389 0.96688616275787365 -0.37100000679492945 -0.94107943773269642 -1.0000000180025095e-35 -0.52750000357627858 -0.62499999999999989 1.6888062953948977 0.11499999836087228 1 -0.1622507497668266 -0.37499999999999994 1.0000000180025095e-35 0.37500000000000006 -3.3371096849441524 -62.852039337158196 77.084831237792983
decision_type=2 2 2 2 2 2 1 2 2 2 2 2 2 2 2 2 2 2 2 2 2 2 1 2 2 2 2 2 2 2
left_child=3 26 20 9 12 6 13 8 -7 14 24 -6 -5 -4 16 -11 17 18 -1 -15 25 -22 23 -19 -8 -3 27 -2 -26 -9
right_child=1 2 5 4 11 7 10 29 -10 15 -12 -13 -14 19 -16 -17 -18 22 -20 -21 21 -23 -24 -25 28 -27 -28 -29 -30 -31
leaf_value=0.011541312267590038 0.0039429269386001544 0.031709479902319267 0.0086672797280872883 -0.0070084348094192487 -0.012342646841642761 -0.024366386373118273 -0.031494635809386815 -0.0068300383944573523 0.0044822295862447003 -0.019186524517975229 0.023666084059070749 -0.024117252663242456 0.016477201044030002 -0.011063650865519623 0.018417292241005606 0.01538991208528461 0.0020140133991411505 -0.0042285191703110717 -0.031918160701132785 0.038505866815727971 -0.020221144768255477 0.030986902380308726 -0.01898543069427407 0.033801193793985773 -0.024421314003233632 0.0091429351523495597 0.039087623967603506 0.02788714449303635 0.002903878628713013 -0.022281817211768317
leaf_weight=19.748063981533051 72.755291685461998 327.96140412986279 145.66620954871178 146.06548127532005 547.04212120175362 66.312445938587189 47.932520255446434 202.27770280838013 357.22977800667286 30.573868244886398 45.02356906235218 536.26066568493843 123.39404205977917 14.975548043847082 58.368385881185532 235.40972924232483 238.32430925965309 60.006086125969887 127.13231697678566 99.921837642788887 38.473575502634048 40.950873091816902 48.86184073984623 34.944275811314583 47.061981573700905 65.703016489744186 125.83261194825172 180.70639000833035 130.3635176718235 226.74479022622108
leaf_count=85 319 1465 609 615 2423 298 206 868 1499 133 190 2599 502 63 241 968 986 244 569 430 163 180 214 142 198 287 580 824 535 999
internal_value=0.000218975 0.00853744 0.00472743 -0.00821176 -0.0138153 -0.00199429 0.00702393 -0.00761214 -8.12474e-05 0.00067669 -0.00442171 -0.0181882 0.00376754 0.0183402 -0.0041714 0.0113585 -0.00669374 -0.0138152 -0.0260365 0.0320053 0.0243473 0.00623849 -0.0012396 0.00903248 -0.0103084 0.0279758 0.0271255 0.0210565 -0.00444036 -0.0150294
internal_weight=4442.02 2235.89 1856.6 2206.13 1352.76 1383.51 530.945 852.565 423.542 853.369 270.382 1083.3 269.46 260.564 587.385 265.984 529.017 290.693 146.88 114.897 473.089 79.4244 143.812 94.9504 225.358 393.664 379.294 253.462 177.425 429.022
internal_count=19434 9713 7990 9721 6139 5895 2231 3664 1797 3582 1129 5022 1117 1102 2481 1101 2240 1254 654 493 2095 343 600 386 939 1752 1723 1143 733 1867
cat_boundaries=0 1 2
cat_threshold=120 4
is_linear=0
shrinkage=0.03


Tree=27
num_leaves=31
num_cat=2
split_feature=6 3 5 29 5 17 29 29 14 5 17 12 18 14 12 12 5 12 14 17 10 8 14 29 12 16 12 28 32 32
split_gain=338.366 173.58 255.269 112.38 104.411 77.0554 68.3773 61.9335 57.5089 61.048 65.5801 50.7501 39.9397 46.03 39.4612 36.2645 35.2355 34.3827 33.974 33.4584 33.2792 32.9535 32.5804 32.1805 34.4761 31.3241 30.8306 30.3026 30.1874 29.1085
threshold=-0.82436862587928761 2.721495628356934 -0.96105405688285817 75.77988433837892 0.16665012389421466 -1.0056577920913694 86.164299011230483 77.084831237792983 -0.73000001907348622 -0.73172146081924427 0.45101259648799902 -0.02450000029057264 1.5901826620101931 -0.20499999821186063 0.43999999761581426 -0.028500000014901158 0.48901963233947759 -0.00450000021373853 0.34499999880790716 0.56336399912834179 -0.91499999165534962 -5.8578784465789786 0.66999998688697826 76.34873199462892 -0.36949999630451197 0.6538391411304475 -0.16650000214576718 20.863806724548343 0 1
decision_type=2 2 2 2 2 2 2 2 2 2 2 2 2 2 2 2 2 2 2 2 2 2 2 2 2 2 2 2 1 1
left_child=3 21 12 15 7 -4 8 11 20 10 28 19 27 -14 23 -1 26 -13 -18 -5 -7 -2 -15 24 -11 -19 -6 -3 -10 -28
right_child=1 2 5 4 16 6 -8 -9 9 14 -12 17 13 22 -16 -17 18 25 -20 -21 -22 -23 -24 -25 -26 -27 29 -29 -30 -31
leaf_value=-0.0038860015092475378 0.011854500186628284 0.018651499441334377 -0.019985731356796044 -0.026362006340826763 0.0041073309915134028 0.011566664645906619 -0.034654764916355905 -0.02543396217758603 0.021492648076428651 -0.023741492584117712 0.026270889018542323 0.039777087504890632 -0.021598881182790415 0.032112064870742286 -0.027814459603106287 0.012782433920816369 0.00084174696953119284 -0.0099829660101617979 0.032865822217653717 -0.003230156755886792 -0.027281411846920955 0.032079675022841037 -0.01384475134149761 -0.0076308110669723837 0.017846496698773487 0.014177847467610874 -0.0037169250284223802 0.036263714934446828 0.00097141789335995809 -0.022157001345304357
leaf_weight=229.72019170224667 100.49721869826317 166.17000246047974 185.65653517842293 205.97644329071045 176.60500328242779 25.184962794184685 46.245855137705803 496.94170594215393 66.715449824929237 20.581804230809212 166.60237914323807 15.487409174442289 33.231569558382034 53.90458308160305 55.974449798464775 238.64399249851704 93.454935148358345 223.00862327218056 42.821071490645409 77.712417006492615 84.900924623012543 275.50449807941914 17.939306870102882 230.50976987183094 107.82571820914745 60.631812155246735 213.04230870306492 196.27370831370354 403.28127709031105 124.70718117058277
leaf_count=967 450 714 829 946 753 106 200 2483 280 89 707 63 140 242 250 972 382 948 175 335 377 1273 77 980 447 248 906 911 1691 549
internal_value=-5.7016e-05 0.00815578 0.00439273 -0.00841258 -0.0119397 -0.00204673 0.00072496 -0.017656 0.00216213 0.00432713 0.0101566 -0.0109918 0.0235495 0.0071791 -0.00462031 0.00461615 -0.00244066 -0.00235447 0.0110706 -0.020059 -0.0183698 0.0267197 0.0206042 -0.000935864 0.0110486 -0.00478661 -0.00603493 0.0282626 0.00440078 -0.0113347
internal_weight=4435.75 2237 1861 2198.75 1730.39 1393.48 1207.82 1079.76 1161.58 1051.49 636.599 582.817 467.519 105.075 414.892 468.364 650.63 299.128 136.276 283.689 110.086 376.002 71.8439 358.917 128.408 283.64 514.354 362.444 469.997 337.749
internal_count=19490 9763 8040 9727 7788 5956 5127 5023 4927 4444 2678 2540 2084 459 1766 1939 2765 1259 557 1281 483 1723 319 1516 536 1196 2208 1625 1971 1455
cat_boundaries=0 1 2
cat_threshold=32 102
is_linear=0
shrinkage=0.03


Tree=28
num_leaves=31
num_cat=2
split_feature=5 5 29 5 29 17 14 14 17 5 29 17 16 16 29 16 12 31 14 18 14 18 3 31 17 18 5 17 29 12
split_gain=311.911 392.134 110.239 109.929 130.847 63.1384 77.1971 58.9036 55.831 54.1633 57.226 51.3441 48.5828 45.6196 42.6078 41.2179 40.9007 40.4353 32.0525 30.0125 36.0952 28.3016 28.6864 27.8322 34.6257 30.0775 26.3323 25.754 25.764 25.6887
threshold=-0.96105405688285817 0.48901963233947759 86.164299011230483 -0.78753387928009022 75.77988433837892 -0.40205584466457361 -0.73000001907348622 0.34499999880790716 1.5727599859237673 0.25061884522438055 77.084831237792983 0.17250502109527591 0.61092832684516918 0.940181463956833 78.088207244873061 0.070914063602685942 0.092000000178813948 0 -0.59499999880790699 1.6888062953948977 -0.15999999642372129 0.40214560925960546 308.45028686523443 1 -0.57472997903823841 0.72459015250206005 0.12431468442082406 -1.4625586271286009 78.088207244873061 0.43999999761581426
decision_type=2 2 2 2 2 2 2 2 2 2 2 2 2 2 2 2 2 1 2 2 2 2 2 1 2 2 2 2 2 2
left_child=19 2 3 5 15 13 -7 11 9 10 12 17 29 14 18 -5 26 -3 -2 23 -21 -8 -23 -1 -25 -26 -14 -11 -29 -6
right_child=1 7 -4 4 8 6 21 -9 -10 27 -12 -13 16 -15 -16 -17 -18 -19 -20 20 -22 22 -24 24 25 -27 -28 28 -30 -31
leaf_value=0.035915416909235387 0.0082813079723698391 0.015180956889321143 -0.037304394432177583 -0.0023731899464598102 -0.012445591284961017 -0.021605314978431673 -0.0024331307800682903 0.032775260588273077 0.010765213202334435 0.022481889469634222 -0.022182173229941055 0.023519942077087901 -0.012010709892862105 0.024551822288208458 0.011413441529505158 0.014186722249846921 0.024558728010287929 -0.009066995255717851 -0.023794731370890717 -0.016375476894226897 0.02358789093505289 -0.015311163333357474 0.02391610224658933 -0.0041203574150136474 0.01131144712088945 0.03857900580695988 0.027083996548261224 -0.010830718889474537 0.0073207063029074688 -0.034123672814719945
leaf_weight=181.34196195006371 33.988151550292969 109.97787438333035 101.81908842921257 344.18877531588078 598.52183909714222 50.291439294815063 52.036564990878105 194.16871459782124 89.999767020344734 31.665361121296883 692.94650484621525 210.83841694891453 104.48925541341305 37.401587143540382 58.762069135904312 221.61380618810654 55.431677743792534 116.94820287823677 148.25924573838711 34.236442998051643 47.27783465385437 17.214492544531822 272.87617655098438 51.949403062462807 78.272373169660568 69.071887195110321 17.213256299495697 235.03879684209824 99.456966161727905 53.108883887529373
leaf_count=861 145 482 488 1449 2639 217 218 877 386 131 3355 941 443 153 250 911 226 497 641 144 210 71 1153 217 339 306 72 991 422 234
internal_value=0.000138662 -0.00259287 -0.00672093 -0.0057409 -0.00858929 0.0050564 0.0127954 0.0190472 -0.0122271 -0.0133283 -0.0158197 0.0128973 -0.0104796 -0.00585845 -0.0106597 0.00412659 0.00343661 0.00296787 -0.0178002 0.02343 0.00680802 0.0179004 0.0215437 0.0269625 0.0160814 0.0242678 -0.0063056 -0.00295967 -0.00542795 -0.014262
internal_weight=4410.41 3948.26 3316.32 3214.5 2543.67 670.83 392.419 631.933 1977.87 1887.87 1521.71 437.764 828.765 278.411 241.009 565.803 177.134 226.926 182.247 462.15 81.5143 342.127 290.091 380.636 199.294 147.344 121.703 366.161 334.496 651.631
internal_count=19469 17392 14595 14107 11259 2848 1659 2797 8899 8513 6969 1920 3614 1189 1036 2360 741 979 786 2077 354 1442 1224 1723 862 645 515 1544 1413 2873
cat_boundaries=0 1 2
cat_threshold=10 10
is_linear=0
shrinkage=0.03


Tree=29
num_leaves=31
num_cat=1
split_feature=6 17 6 29 4 2 11 6 29 31 9 6 16 2 14 12 12 14 12 12 12 14 14 18 18 14 1 6 29 14
split_gain=312.01 157.704 101.675 95.4429 93.8996 88.0297 77.2451 66.3522 58.6375 56.693 46.5029 46.1428 38.9673 36.8149 35.4159 36.7336 40.7596 34.6327 32.7343 31.2479 33.5819 38.8752 28.8738 28.3219 35.6281 31.3825 26.7401 62.1986 26.4781 26.4074
threshold=-0.82436862587928761 0.16916266083717349 -0.18987156450748441 75.77988433837892 17.500000000000004 10.006336212158205 74.500000000000014 -0.58134955167770375 77.084831237792983 0 -14.043200016021727 -0.47246390581130976 1.0000000180025095e-35 302.42918395996099 0.76499998569488536 -0.02450000029057264 -0.018499999772757288 0.52500000596046459 -0.028500000014901158 -0.17249999940395352 0.27899999916553503 1.0000000180025095e-35 1.1899999976158144 0.741478592157364 0.91998252272605907 0.14500000327825549 15.98741674423218 -0.54638096690177906 77.084831237792983 1.0249999761581423
decision_type=2 2 2 2 10 2 2 2 2 1 2 2 2 2 2 2 2 2 2 2 2 2 2 2 2 2 2 2 2 2
left_child=3 2 5 18 8 -2 11 13 14 -9 -6 -3 -11 19 15 -5 -17 23 -1 -7 21 -21 29 25 -25 -14 -8 -28 -23 -16
right_child=1 6 -4 4 10 7 26 9 -10 12 -12 -13 17 -15 22 16 -18 -19 -20 20 -22 28 -24 24 -26 -27 27 -29 -30 -31
leaf_value=-0.0040412308147129983 0.021157953750494111 -0.0042355495889660373 0.023405072462541403 -0.019086873752014007 -0.0094641112098903923 -0.025009819380548751 0.031166728401689627 0.020349267594582651 -0.022719322319972191 -0.011428842167776603 0.0087416909241770646 0.020076414413774304 0.040435693577599477 -0.029687578162852658 0.0054061519080729533 0.042793335182283863 -0.0067873572938482764 0.029562048352034832 0.011908209045230541 -0.0071197198947592901 -0.024065927496055625 0.034003913818173713 -0.016154953475697377 -0.034732995335869654 0.0017865560854445879 -0.0043218755511030193 0.0048904468955747382 0.030461672987178473 -0.0067415404971179942 0.054937706062552674
leaf_weight=225.72244194149971 130.78528447449207 182.43395675718784 162.74985720217228 300.55532094836235 250.26890856027603 81.129599943757057 258.38772042095661 107.43918783962727 571.80080276727676 235.59655120968819 252.82799816131592 112.99280565977097 26.73191300034523 99.307561174035072 22.185768976807594 14.775881454348562 277.32717776298523 44.044453874230385 236.02138122916222 133.80279402434826 55.697092413902283 43.872092604637146 20.079154282808304 31.843155190348625 89.39594355225563 28.327374771237373 164.35819667577744 178.7090789526701 20.678381413221359 16.540994361042976
leaf_count=950 609 767 743 1363 1091 364 1208 460 2887 1001 1036 495 112 463 96 60 1172 186 962 585 251 184 84 136 378 119 677 821 88 69
internal_value=2.02166e-05 0.00802834 0.00131345 -0.00798856 -0.0112276 -0.00189003 0.0176847 -0.00492897 -0.0157114 0.00186594 -0.000315715 0.00509948 -0.00290627 -0.0137237 -0.00953505 -0.0117403 -0.0041419 0.00608546 0.00411948 -0.0089196 -0.00370337 0.00210643 0.0125151 8.66682e-05 -0.00801089 0.0177421 0.0238477 0.0182607 0.0210476 0.0274124
internal_weight=4376.39 2188.28 1291.4 2188.11 1726.36 1128.65 896.882 997.866 1223.27 563.379 503.097 295.427 455.939 434.488 651.464 592.658 292.103 220.343 461.744 335.18 254.05 198.353 58.8059 176.298 121.239 55.0593 601.455 343.067 64.5505 38.7268
internal_count=19417 9647 5679 9770 7858 4936 3968 4327 5731 2392 2127 1262 1932 1935 2844 2595 1232 931 1912 1472 1108 857 249 745 514 231 2706 1498 272 165
cat_boundaries=0 1
cat_threshold=8
is_linear=0
shrinkage=0.03


Tree=30
num_leaves=31
num_cat=2
split_feature=6 3 29 17 6 8 4 31 32 17 29 12 12 17 9 14 10 9 17 4 10 18 17 18 14 14 10 14 10 14
split_gain=287.436 331.924 98.7858 81.1138 77.3581 69.4614 63.8031 56.4394 47.8276 40.6679 37.5397 32.81 41.4731 31.5934 30.9502 30.0276 67.4388 32.182 28.2425 27.3657 26.8605 24.3987 30.6077 23.4963 31.0198 23.4475 31.964 37.4094 43.1661 57.1937
threshold=-0.35488262772560114 1.9392991065979006 76.34873199462892 0.069999270141124739 -0.54638096690177906 -7.2034235000610343 55.500000000000007 0 1 -1.9785536527633665 86.164299011230483 0.36050000786781317 0.035499999299645431 -0.57472997903823841 167.75689697265628 -0.11999999731779097 -0.31000000238418574 -31.105566978454586 1.0372433662414553 90.500000000000014 0.080000001937150969 1.5901826620101931 0.58630269765853893 1.6888062953948977 -0.15999999642372129 -1.0349999666213987 -0.31000000238418574 0.089999999850988402 0.22500000149011615 0.30500000715255743
decision_type=2 2 2 2 2 2 10 1 1 2 2 2 2 2 2 2 2 2 2 10 2 2 2 2 2 2 2 2 2 2
left_child=1 5 3 9 6 -1 10 21 -6 -3 14 12 -5 -9 18 16 -11 -17 25 -8 -19 -2 -23 -15 -25 -4 -27 -28 29 -29
right_child=7 2 4 11 8 -7 19 13 -10 15 -12 -13 -14 23 -16 17 -18 20 -20 -21 -22 22 -24 24 -26 26 27 28 -30 -31
leaf_value=0.0020375112569857314 0.033633292921794691 0.039994461530356108 -0.034774371866083453 0.0052657973876883823 0.018936010327044311 0.025675603689354561 0.026553508181153266 -0.0069450926022692275 -0.0074520925362664024 -0.0036707636224377793 -0.03343385249994605 -0.013262261131758804 0.024543368102143932 0.019261564766167947 -0.032078405511693442 -0.012293057994980212 -0.033573765923445541 0.020922570756431794 -0.00077957153923349071 -0.0025393581087005635 -0.0012280759756832427 -0.0079681870472082857 0.032438835555016157 -0.03569718846749971 0.013988992973958281 -0.0044968047558842468 -0.02485712289901201 -0.011492851033484675 -0.015986420103679233 0.031233584642661318
leaf_weight=158.50517290830612 234.58211287856102 15.74599978327751 48.227857306599617 283.62405444681644 108.5427403897047 380.86686785519123 33.046899855136871 79.018788143992424 120.7413684874773 183.61785225570202 94.525123119354248 50.327905505895615 155.15512841939926 198.9606821835041 79.406756058335304 172.03449493646622 106.95105989277363 65.09930893778801 154.55035799741745 199.38809326291084 193.12879115343094 32.458881765604019 33.432086244225502 16.844160303473473 29.930586740374565 270.74820983409882 301.9037452340126 75.710656479001045 454.54491485655308 43.60927015542984
leaf_count=682 1117 65 229 1190 456 1749 138 333 508 787 465 213 645 870 382 739 482 276 681 850 818 144 158 69 130 1235 1444 345 2090 197
internal_value=0.000132406 -0.00300875 -0.0066681 2.9181e-05 -0.0108015 0.0187457 -0.0129411 0.0189472 0.00556666 -0.00625673 -0.0151738 0.00948899 0.0121228 0.00920769 -0.0139432 -0.00732106 -0.0147547 -0.00227833 -0.012853 0.00169301 0.00441527 0.0281685 0.0127122 0.0147821 -0.00427629 -0.0144128 -0.0135267 -0.0163101 -0.0117782 0.00425269
internal_weight=4375.23 3750 3210.63 1225.68 1984.95 539.372 1755.66 625.227 229.284 736.578 1523.23 489.107 438.779 324.754 1428.7 720.832 290.569 430.263 1349.3 232.435 258.228 300.473 65.891 245.735 46.7747 1194.74 1146.52 875.769 573.865 119.32
internal_count=19487 16666 14235 5215 9020 2431 8056 2821 964 3167 7068 2048 1835 1402 6603 3102 1269 1833 6221 988 1094 1419 302 1069 199 5540 5311 4076 2632 542
cat_boundaries=0 1 2
cat_threshold=10 48
is_linear=0
shrinkage=0.03


Tree=31
num_leaves=31
num_cat=2
split_feature=6 3 5 29 5 31 29 32 17 17 16 5 16 17 17 17 10 29 28 14 14 17 10 10 14 10 12 10 16 9
split_gain=286.353 153.079 218.647 90.811 89.4274 74.0773 56.934 47.8962 47.6857 46.8388 40.1157 38.4845 36.6123 36.1803 32.9525 32.5532 32.4884 31.6639 31.4582 31.0608 30.8759 30.6415 40.24 32.9214 26.9152 26.9141 27.2772 26.2927 25.3589 25.2155
threshold=-0.82436862587928761 3.603879570960999 -0.88134551048278797 75.77988433837892 0.25061884522438055 0 77.084831237792983 1 -0.14036395400762555 0.16916266083717349 -0.70797500014305104 -0.8126716911792754 -1.628304600715637 -0.15866540372371671 -0.34192450344562525 -0.41716000437736506 0.49500000476837164 84.152141571044936 22.825375556945804 0.39499999582767492 -0.22999999672174451 0.069999270141124739 -0.35500000417232508 0.81499999761581432 0.69499999284744274 0.27500000596046453 -0.37800000607967371 -0.31000000238418574 0.97266927361488353 19.936741828918461
decision_type=2 2 2 2 2 1 2 1 2 2 2 2 2 2 2 2 2 2 2 2 2 2 2 2 2 2 2 2 2 2
left_child=3 -2 5 12 6 14 21 20 11 10 -7 -4 -1 19 15 24 25 -10 -15 -14 -6 28 -23 -24 -3 26 -12 -16 -5 -13
right_child=1 2 8 4 7 9 -8 -9 17 -11 16 29 13 18 27 -17 -18 -19 -20 -21 -22 22 23 -25 -26 -27 -28 -29 -30 -31
leaf_value=-0.024747244898689093 0.02534327946436675 0.025859808072057767 -0.00048332998905405898 -0.017385042493750232 -0.0040808548431998451 -0.024845367200495762 -0.022642356967396644 -0.0046385743480116736 0.0034208185952988219 0.019254538027240121 -0.016832045057411815 -0.012198766253857952 -0.0094493254077805469 0.020510970469850308 0.014984602337004861 -0.021546996419679929 0.027346223825953721 -0.024334853238125918 -0.0093964976409711878 0.01470229227511919 0.033446890474056565 0.022563635376557409 -0.010532272241627023 0.03198168754400714 -0.0084093736464001517 -0.024890418418352052 0.013004869052091111 0.038094699292646063 0.010831096029291578 -0.030429816312205756
leaf_weight=35.709694355726242 371.18131893873215 111.72243639826775 173.26872617006302 334.06580890715122 29.651309579610825 51.275781780481339 534.08068895339966 439.48495461046696 469.28034563362598 159.59434372186661 37.520294889807701 216.61793184280396 154.59238842129707 176.72400629520416 61.016031190752983 18.923431292176247 43.305930405855179 39.152138352394104 37.894098177552223 68.271938472986221 56.816238701343536 49.34150256216526 203.58612106740475 16.854238718748093 24.736458241939545 34.166201561689377 96.351748734712601 181.07037946581841 30.685623928904533 100.58676110208035
leaf_count=153 1763 500 743 1511 124 217 2755 1858 1975 705 158 973 648 727 282 81 185 172 156 279 236 207 880 70 110 146 402 867 130 470
internal_value=0.000162654 0.00781258 0.00422253 -0.00756499 -0.0108083 0.0156964 -0.0154284 -0.000533099 -0.00519901 0.00634173 -0.0013081 -0.0118626 0.00404809 0.0064496 0.0248109 0.014511 0.00449256 0.0012399 0.0152113 -0.00201813 0.0185568 -0.00933044 -0.00165395 -0.00715203 0.0196317 -0.00152409 0.00457968 0.0323556 -0.0149882 -0.0180574
internal_weight=4357.53 2189.77 1818.59 2167.76 1694.57 819.683 1168.61 525.953 998.906 422.214 262.62 490.473 473.192 437.482 397.469 155.382 211.344 508.432 214.618 222.864 86.4675 634.533 269.782 220.44 136.459 168.038 133.872 242.086 364.751 317.205
internal_count=19483 9749 7986 9734 7771 3653 5553 2218 4333 1813 1108 2186 1963 1810 1840 691 891 2147 883 927 360 2798 1157 950 610 706 560 1149 1641 1443
cat_boundaries=0 1 2
cat_threshold=10 32
is_linear=0
shrinkage=0.03


Tree=32
num_leaves=31
num_cat=1
split_feature=3 17 16 11 17 29 10 14 12 14 14 3 16 18 14 29 1 3 1 8 3 10 14 17 3 32 14 12 29 10
split_gain=239.098 129.163 67.346 52.5053 55.755 46.6248 43.518 47.5116 40.1398 39.9384 37.9398 41.4279 43.608 40.2093 35.4432 33.4947 32.7038 36.1048 37.5715 30.6362 27.609 27.3625 34.9101 39.8654 26.4859 26.2867 36.8894 28.5382 26.1596 25.8968
threshold=1.0000000180025095e-35 0.41494375467300421 0.92502808570861828 79.500000000000014 0.16916266083717349 83.357944488525405 0.66999998688697826 0.014999999664723875 0.23849999904632571 -0.49499998986721033 -1.0600000023841856 615.41131591796886 1.5459565520286562 1.4408521652221682 0.90500000119209301 75.77988433837892 2.130683541297913 364.45019531250006 137.45868682861331 -9.4519371986389142 70.753379821777358 -0.91499999165534962 -0.74500000476837147 -0.25295682251453394 296.80146789550787 0 0.38499999046325689 0.56250000000000011 76.34873199462892 -0.35500000417232508
decision_type=2 2 2 2 2 2 2 2 2 2 2 2 2 2 2 2 2 2 2 2 2 2 2 2 2 1 2 2 2 2
left_child=19 2 3 8 16 10 7 -4 21 -10 -3 13 -13 15 -8 -12 -5 28 -19 -1 -7 -2 -23 -24 -25 27 -27 -11 -18 -17
right_child=1 5 6 4 -6 20 14 -9 9 25 11 12 -14 -15 -16 29 17 18 -20 -21 -22 22 23 24 -26 26 -28 -29 -30 -31
leaf_value=-0.0028570246479681111 0.014294622320693694 -0.03038154895075872 -0.0012902480401442954 0.012323132898608589 0.019047242697780055 0.017221222194449427 -0.034153571870049332 0.023332162667710363 0.038603457996690418 -0.025980264588750919 0.014103876799484188 0.028012662673122905 -0.020872077199554365 0.014363092614845245 0.0062549254391002932 0.012063805066088481 -0.0031424671930092413 0.0077575976218252768 -0.01461931783975343 0.027941074522194284 -0.019119954163217618 -0.030667307045781952 -0.01591472506345561 -0.012787637092663945 0.0042101841580535326 -0.013969574113011666 0.012722666812476286 0.013793573364398069 -0.018245580192754983 -0.007621281996363828
leaf_weight=32.103437930345535 31.432719796895981 21.154713720083237 129.12160021066666 95.297616600990295 103.80850800871849 22.856510430574417 36.578795462846756 154.17231121659279 20.412118673324585 74.554025322198868 130.22696205973625 152.08640366792679 17.669562622904778 351.32540062069893 40.147480264306068 74.859316602349281 176.73820930719376 231.6386242210865 94.157358065247536 289.68009433150291 90.372064307332039 99.753067702054977 767.13930276036263 149.16319291293621 182.30850392580032 73.386185362935066 123.82029783725739 19.991949841380119 248.77438142895699 290.15587946772575
leaf_count=139 133 91 564 420 467 99 166 673 86 346 544 705 75 1521 174 328 766 1058 445 1377 436 470 3479 668 802 326 534 88 1158 1303
internal_value=3.10284e-05 -0.00197126 -0.00539356 -0.00714554 -0.00159681 0.00650935 0.00672134 0.0121445 -0.0105623 -0.000951174 0.00850577 0.00934427 0.0228319 0.00661595 -0.0132011 0.00110224 -0.00414762 -0.00625041 0.00126556 0.0248691 -0.0116975 -0.0129992 -0.0137265 -0.0121618 -0.00345434 -0.00384098 0.00263634 -0.0158543 -0.0119945 -0.00356223
internal_weight=4324.89 4003.1 2852.4 2492.38 950.415 1150.71 360.02 283.294 1541.96 312.165 1037.48 1016.32 169.756 846.568 76.7263 495.242 846.606 751.309 325.796 321.784 113.229 1229.8 1198.36 1098.61 331.472 291.752 197.206 94.546 425.513 365.015
internal_count=19441 17925 12823 11246 4314 5102 1577 1237 6932 1380 4567 4476 780 3696 340 2175 3847 3427 1503 1516 535 5552 5419 4949 1470 1294 860 434 1924 1631
cat_boundaries=0 1
cat_threshold=25
is_linear=0
shrinkage=0.03


Tree=33
num_leaves=31
num_cat=1
split_feature=5 5 29 5 29 10 16 29 32 5 18 28 17 18 28 4 14 10 12 17 10 10 5 28 12 10 12 12 16 12
split_gain=242.096 307.614 100.702 88.1703 106.908 62.3574 49.3466 49.1216 47.1837 47.141 44.4128 42.368 40.0948 42.117 38.1629 40.6483 35.2917 34.1966 42.0165 32.8253 54.2704 32.3699 31.3847 30.6095 29.8349 31.0735 34.1133 28.6415 28.302 28.1034
threshold=-0.96105405688285817 0.48901963233947759 86.164299011230483 -0.83753159642219532 76.34873199462892 0.37500000000000006 -0.058773901313543313 86.164299011230483 0 0.25061884522438055 1.7047763466835024 20.863806724548343 -0.56213873624801625 1.4956442117691042 18.926905632019047 222.50000000000003 0.39499999582767492 0.054999999701976783 -0.31749999523162836 -0.16163000464439389 -0.62499999999999989 0.42499999701976782 0.66410800814628612 19.164343833923343 -0.095499999821186052 -0.35500000417232508 -0.25599999725818628 -0.14499999582767484 0.51231163740158092 0.13350000232458117
decision_type=2 2 2 2 2 2 2 2 1 2 2 2 2 2 2 8 2 2 2 2 2 2 2 2 2 2 2 2 2 2
left_child=23 2 3 8 6 7 -5 14 19 12 11 24 -6 -14 22 -16 -15 27 -19 28 -21 -18 -3 -1 25 -8 -27 -10 -2 -17
right_child=1 5 -4 4 9 -7 10 -9 17 -11 -12 -13 13 16 15 29 21 18 -20 20 -22 -23 -24 -25 -26 26 -28 -29 -30 -31
leaf_value=0.011889290198748785 -0.0025823577033483726 -0.011055925856986386 -0.035439518063671682 -0.0054523142536660593 -0.022811929713188409 0.031759020629093068 0.037567060089930639 -0.04140656283021308 -0.029722664978204652 -0.0010440395395978005 0.031093097705042323 -0.0087698680035773555 -0.014373808528435481 -0.0090905467858605881 0.028611704445196333 0.015537220764066061 0.03719587115573391 0.037214266044806682 -0.00057595456171234455 -0.022666875167964888 0.038405690861989528 -0.00061879502616170453 0.01702492110226821 0.02786319657608408 0.019061343977390021 0.0044184926371236919 -0.035040331078798163 -0.00092091093651276289 0.028892295324222973 -0.017504282151593963
leaf_weight=188.13766051828861 87.638112008571625 85.705711156129837 98.554072648286819 581.57057335972786 361.29480305314064 187.1367281973362 14.651602879166601 14.568688243627546 53.848050221800804 295.65530295670033 61.672354400157928 149.36719077825546 739.32976587116718 123.65977042913437 168.31023214757442 68.982056096196175 35.70010980963707 32.751499146223068 122.75508196651936 14.662630930542944 88.398559004068375 45.724254325032234 60.039262324571609 260.31250061094761 163.72434981167316 61.090949773788452 27.98764356970787 71.843563839793205 35.305261343717575 33.676492303609848
leaf_count=828 367 362 496 2524 1779 876 61 63 232 1259 255 641 3469 565 768 316 156 138 515 62 399 201 278 1261 676 257 118 306 152 151
internal_value=0.000357626 -0.00205305 -0.0057264 -0.00479135 -0.00697584 0.0173317 0.000414756 0.0110125 0.00666247 -0.0118654 0.0075422 0.00399157 -0.0143131 -0.0110411 0.0129399 0.019578 0.000984813 -0.00175413 0.00757003 0.0164488 0.0295825 0.016211 0.000549094 0.021203 0.0111247 -0.00146475 -0.00823046 -0.0133972 0.0066163 0.00463386
internal_weight=4334.05 3885.6 3267.19 3168.63 2661.43 618.419 1060.06 431.282 507.203 1601.36 478.494 416.822 1305.71 944.414 416.714 270.969 205.084 281.198 155.507 226.005 103.061 81.4244 145.745 448.45 267.455 103.73 89.0786 125.692 122.943 102.659
internal_count=19531 17442 14628 14132 11961 2814 4532 1938 2171 7429 2008 1753 6170 4391 1875 1235 922 1191 653 980 461 357 640 2089 1112 436 375 538 519 467
cat_boundaries=0 1
cat_threshold=56
is_linear=0
shrinkage=0.03


Tree=34
num_leaves=31
num_cat=0
split_feature=6 2 5 28 29 5 12 14 14 14 17 17 6 14 28 8 16 10 14 10 10 14 12 16 10 17 12 29 21 10
split_gain=244.514 142.555 206.058 108.845 82.5835 79.8765 74.711 62.8033 79.2415 66.9004 68.1471 61.2485 48.8253 46.3543 44.8529 44.2285 43.1704 60.9022 91.2082 62.0659 45.8614 42.5359 41.6944 40.7065 34.9041 33.2729 32.6398 32.3036 28.8469 33.3065
threshold=-0.86977231502532948 10.671154975891115 -0.96105405688285817 20.863806724548343 86.164299011230483 0.33273787796497351 -0.028500000014901158 0.37500000000000006 0.28000000119209295 -0.73000001907348622 -0.18673217296600339 1.1189950108528139 -0.77289488911628712 0.9650000035762788 24.994574546813968 -5.8578784465789786 -1.0642287731170652 0.2650000005960465 0.18500000238418582 -0.35500000417232508 -0.46499998867511744 -0.37499999999999994 -0.17849999666213986 -0.56506931781768788 -0.95500001311302174 -0.65890195965766896 -0.37800000607967371 76.151096343994155 1.0000000180025095e-35 -0.37499999999999994
decision_type=2 2 2 2 2 2 2 2 2 2 2 2 2 2 2 2 2 2 2 2 2 2 2 2 2 2 2 2 2 2
left_child=3 15 28 6 7 11 16 8 9 24 26 -5 -12 25 -10 -2 -1 18 19 20 -18 -17 -19 -8 -4 -9 -11 -25 29 -3
right_child=1 2 4 5 -6 -7 23 13 14 10 12 -13 -14 -15 -16 21 17 22 -20 -21 -22 -23 -24 27 -26 -27 -28 -29 -30 -31
leaf_value=-0.028999090757669387 0.0069940449604882649 0.0059470076625883573 0.0098729608675897276 -0.022269561050267724 -0.033697932648838171 0.0024642404282016967 -0.0047556622159836163 -0.0090974553790174606 -0.026634558503974656 -0.029197036564200071 -0.0037753304142094241 0.0041338871402233617 0.019447151568509458 -0.0070441059380063039 0.005984720307184041 0.0061920318502616005 -0.0014657445551007136 -0.0023736178713078281 0.042548272783601467 -0.019992363720683606 0.053978431755595579 0.034233507035818275 -0.036570825060447516 0.025207614786622191 -0.024715119687233115 0.020652816796866046 -0.0021784974246719904 0.0050899612028123134 0.0032503149221509166 0.028827345176572067
leaf_weight=81.685663521289825 124.8123591542244 71.592908278107643 32.331619799137115 703.53590875864029 70.020742431282997 187.18472297489643 143.96303814649582 38.882674157619476 180.99037648737431 44.382006704807281 116.47945366799831 88.745378956198692 267.99994058907032 103.73269648849964 47.521171078085899 62.145716220140457 35.5361008644104 60.019590750336647 45.436802551150322 96.267577052116394 20.531555324792862 232.50871880352497 68.316647857427597 137.4434916973114 128.77608181536198 235.98604279756546 357.14402125775814 150.63910105824471 69.090411096811295 297.57685697078705
leaf_count=372 562 326 136 3517 320 785 601 171 798 210 504 413 1148 447 214 292 153 259 189 432 85 1131 305 565 597 1007 1566 625 310 1420
internal_value=-9.54022e-06 0.00611339 0.0028663 -0.00836147 -0.0020625 -0.0151509 -0.000434634 -0.000616518 -0.00403924 -0.000206544 0.00340852 -0.0193106 0.0124203 0.0099943 -0.0198545 0.0220345 -0.00963255 -0.00470768 0.00573463 -0.0054516 0.0194276 0.0283602 -0.0207197 0.00824918 -0.0177558 0.0164266 -0.00523006 0.014742 0.0210962 0.0244182
internal_weight=4301.28 2481.97 2062.51 1819.31 1624.25 979.466 839.84 1554.23 1175.62 947.113 786.005 792.281 384.479 378.601 228.512 419.467 407.794 326.108 197.772 152.335 56.0677 294.654 128.336 432.046 161.108 274.869 401.526 288.083 438.26 369.17
internal_count=19460 11159 9174 8301 7118 4715 3586 6798 5173 4161 3428 3930 1652 1625 1012 1985 1795 1423 859 670 238 1423 564 1791 733 1178 1776 1190 2056 1746
is_linear=0
shrinkage=0.03


Tree=35
num_leaves=31
num_cat=1
split_feature=6 2 6 2 17 9 32 14 16 2 29 17 10 12 12 18 28 12 6 10 2 12 10 29 16 7 28 18 16 17
split_gain=241.686 123.511 137.214 99.1094 79.6903 70.0418 63.5587 57.4795 53.5012 50.1455 81.0462 40.3354 40.7795 37.5606 37.1141 36.8078 31.4071 42.3101 29.5499 34.2953 49.5623 29.216 29.5163 28.6714 28.4731 26.8448 25.628 24.8441 23.2345 23.1072
threshold=-0.77289488911628712 7.8629119396209726 -0.18987156450748441 257.01449584960943 0.013298091944307091 -30.292024612426754 0 -0.73000001907348622 -0.023357300087809559 29.897008895874027 76.151096343994155 0.92455279827117931 0.14500000327825549 0.092000000178813948 -0.17249999940395352 1.716315031051636 20.863806724548343 -0.02450000029057264 -0.54638096690177906 0.22500000149011615 40.55683898925782 0.34650000929832464 0.12499999627470972 81.26676177978517 0.96688616275787365 -5.0161798000335684 20.863806724548343 1.3875417709350588 -0.1622507497668266 0.456177368760109
decision_type=2 2 2 2 2 2 1 2 2 2 2 2 2 2 2 2 2 2 2 2 2 2 2 2 2 2 2 2 2 2
left_child=3 -2 4 5 6 11 -3 -6 -8 13 16 24 -13 25 -10 -4 17 27 19 23 -21 22 -16 -9 26 -7 -1 -11 -19 -15
right_child=1 2 15 -5 7 9 8 18 14 10 -12 12 -14 29 21 -17 -18 28 -20 20 -22 -23 -24 -25 -26 -27 -28 -29 -30 -31
leaf_value=-0.010033758611517951 0.031291634950303959 0.016326948358647415 0.029132642876822899 -0.021501839940531543 -0.024068539091164021 0.0018749877770072385 -0.015395931635683717 0.024044847575512417 -0.015873954785865358 0.0092851226690497668 -0.012149120083853 -0.018489915999199604 0.020040591950903856 -0.0087289125371049336 0.0063521616936594565 0.00038151261341710056 -0.0096050747696940914 0.0086528323051116851 0.021629946740219577 0.031631394104998121 -0.012102080479778626 -0.0073819906728929468 0.034703333323363277 -0.0098343308045942684 0.003480981637667266 0.019126032329270133 -0.023207443425901607 -0.016159575313535676 0.033232783858719021 0.016260328802847893
leaf_weight=263.01516826450825 186.92498037219048 106.5030166208744 240.43433029949665 326.60832895338535 39.11756856739521 126.42585042119026 376.01904538273811 112.82452745735645 85.214991375803947 89.374803245067596 509.45328485965729 38.412917301058769 65.480125069618225 154.22621957957745 119.30546714365482 48.082696706056595 85.650864943861961 62.249510750174522 216.14396232366562 28.150371760129929 115.79345566034317 83.92490154504776 45.048386588692665 27.422432288527489 70.300826773047447 227.05416017770767 273.27724646031857 54.897105872631073 79.653238698840141 41.429269582033157
leaf_count=1144 954 470 1176 1625 171 537 1699 473 367 379 2386 173 286 657 511 215 380 254 973 130 489 369 192 117 317 983 1368 238 331 176
internal_value=-7.15301e-06 0.00824861 0.00561114 -0.00613385 0.00160556 -0.00378042 -0.00430757 0.0105416 -0.00754715 4.56132e-05 -0.00438678 -0.0114726 0.00575405 0.00715397 0.00109642 0.024359 0.00625279 0.0110159 0.0132901 0.00689363 -0.00339012 0.00696135 0.0142859 0.0173977 -0.0144276 0.0129787 -0.0167773 -0.000441464 0.0225861 -0.00338176
internal_weight=4298.42 1830.91 1643.99 2467.51 1355.47 2140.9 816.016 539.452 709.513 1430.41 881.279 710.486 103.893 549.135 333.494 288.517 371.826 286.175 500.335 284.191 143.944 248.279 164.354 140.247 606.593 353.48 536.292 144.272 141.903 195.655
internal_count=19540 8306 7352 11234 5961 9609 3608 2353 3138 6321 3968 3288 459 2353 1439 1391 1582 1202 2182 1209 619 1072 703 590 2829 1520 2512 617 585 833
cat_boundaries=0 1
cat_threshold=32
is_linear=0
shrinkage=0.03


Tree=36
num_leaves=31
num_cat=2
split_feature=5 5 32 16 29 31 18 10 2 5 5 17 10 17 18 11 14 29 12 5 10 18 17 18 5 12 16 14 5 17
split_gain=213.961 257.477 100.88 72.0405 55.1268 50.28 49.234 41.1129 43.8801 38.8842 42.4182 38.4394 33.599 34.3844 49.3912 33.2694 41.4714 32.027 30.4745 29.8446 35.885 30.1803 28.9976 28.1539 27.1959 25.9686 24.4661 24.0501 22.9499 26.8825
threshold=-0.93404099345207203 0.56202840805053722 0 0.070914063602685942 86.164299011230483 1 1.7108311653137209 0.37500000000000006 7.8629119396209726 -0.83753159642219532 0.33273787796497351 -0.2980938702821731 0.49500000476837164 0.29685099422931677 1.7725424170494082 68.500000000000014 -0.38499999046325678 75.522090911865249 -0.35050000250339503 -0.98902499675750721 0.27500000596046453 0.741478592157364 -1.8101940155029295 0.69984164834022533 0.52643132209777843 0.10400000214576723 -0.76819729804992665 0.20499999821186068 -0.67050644755363453 1.7491797804832461
decision_type=2 2 1 2 2 1 2 2 2 2 2 2 2 2 2 2 2 2 2 2 2 2 2 2 2 2 2 2 2 2
left_child=5 2 3 11 9 -1 17 8 -3 23 -11 15 13 19 -15 26 -17 -5 27 -7 21 -21 -18 -4 28 -23 -2 -13 -20 -30
right_child=1 7 4 6 -6 12 -8 -9 -10 10 -12 18 -14 14 -16 16 22 -19 24 20 -22 25 -24 -25 -26 -27 -28 -29 29 -31
leaf_value=0.0259974409004749 -0.016843798503345851 0.021734410013892504 -0.022640095960996694 0.015683529642052624 -0.035885972068586812 0.015763318642355455 0.020740088402485517 0.033334570815535661 -0.0017612082165227654 -0.017433541283507718 0.0012903193743933458 -0.022529247053673793 0.029667115237467876 0.028924252681076425 -0.031504709811486876 -0.034174025043223866 0.023025695350857012 -0.0011236365217010492 0.0098278655444898576 0.015660577764086657 -0.049493260700389702 -0.033848588824307677 -0.01357335688875146 0.01535174030844935 0.029152455342457896 0.0030889228022793792 0.0049571288597464224 0.0080498190039798596 -0.0058056540322097066 0.025419521190622543
leaf_weight=277.4710106253624 66.038205400109291 192.63159193098545 22.044322580099106 119.3144159168005 92.729877218604088 47.521385416388512 138.89935038983822 128.14481285214424 113.23012486100197 581.38244131207466 133.77545927464962 93.615956097841263 52.028433129191399 71.459307670593262 13.771186903119085 90.671469300985336 19.727496638894081 671.10741351544857 148.87759387493134 39.140569120645523 18.38788928091526 36.666387438774109 353.76881428062916 73.196195483207703 28.798869103193283 31.135494604706764 149.04674324393272 30.070077642798424 393.18527784943581 25.498619928956032
leaf_count=1381 296 962 92 496 484 217 587 650 486 2940 560 433 235 332 59 436 84 2899 628 162 79 157 1611 310 119 127 648 132 1715 106
internal_value=0.000134108 -0.00256108 -0.00547619 -0.0021276 -0.0139208 0.0169244 0.00433536 0.0191084 0.0130589 -0.0115378 -0.0139342 -0.00643509 0.0076668 0.00343015 0.0189083 -0.0115491 -0.0160607 0.00143002 -0.00160149 -0.00426672 -0.0119262 -0.00506812 -0.0115839 0.00641429 0.00121663 -0.017088 -0.00178345 -0.01509 -0.000249655 -0.00384795
internal_weight=4253.34 3665.76 3231.75 2328.62 903.128 587.582 929.321 434.007 305.862 810.398 715.158 1399.3 310.111 258.082 85.2305 679.253 464.168 790.422 720.046 172.852 125.33 106.942 373.496 95.2405 596.36 67.8019 215.085 123.686 567.561 418.684
internal_count=19423 16674 14576 10190 4386 2749 3982 2098 1448 3902 3500 6208 1368 1133 391 3075 2131 3395 3133 742 525 446 1695 402 2568 284 944 565 2449 1821
cat_boundaries=0 1 2
cat_threshold=44 10
is_linear=0
shrinkage=0.03


Tree=37
num_leaves=31
num_cat=1
split_feature=3 17 16 29 3 32 7 14 10 12 11 1 17 18 10 14 29 16 3 4 16 14 14 4 0 1 28 14 10 0
split_gain=183.35 112.918 72.3953 51.8776 64.3784 51.0567 41.6616 37.3423 79.8773 49.332 34.5641 34.9472 34.1959 32.8752 32.5743 32.3114 31.4971 29.6926 28.2281 51.3625 35.3522 29.8557 27.0993 26.9215 24.8654 23.3764 23.2829 22.3663 22.2274 23.3794
threshold=1.0000000180025095e-35 0.054722087457776077 0.9592377543449403 86.164299011230483 695.99041748046886 0 -4.5858092308044425 -0.11999999731779097 -0.26999999582767481 0.32000000774860388 76.500000000000014 21.895506858825687 1.0224600434303286 1.1518606543540957 -0.91499999165534962 -0.27499999105930323 76.978988647460952 1.5459565520286562 296.80146789550787 21.500000000000004 -0.26453061401844019 0.014999999664723875 -0.6599999964237212 119.50000000000001 3.0111782550811772 68.935504913330092 18.767070770263675 0.38499999046325689 -0.33500000834465021 3.3003264665603642
decision_type=2 2 2 2 2 1 2 2 2 2 2 2 2 2 2 2 2 2 2 8 2 2 2 10 2 2 2 2 2 2
left_child=6 2 5 4 10 28 -1 8 9 14 12 -12 -3 18 23 -4 -10 -6 19 21 -21 -9 25 -7 -8 -16 27 -15 -2 -30
right_child=1 3 15 -5 17 7 24 13 16 -11 11 -13 -14 26 22 -17 -18 -19 -20 20 -22 -23 -24 -25 -26 -27 -28 -29 29 -31
leaf_value=-0.00080554185967632666 -0.0062159025391489387 -0.0065656926037615171 -0.0091412107569080157 -0.024196162855282338 0.023737805066935656 0.026186148029300107 0.031315827693569998 0.024922757097000797 -0.034924634468968964 0.041613749613139787 0.017937842188202699 0.0033734679540824179 0.0090320940308870543 -0.031104450065376946 -0.0073955027708439529 0.016374463893848404 -0.0084807650755786886 -0.020100867660373303 0.0091896446449410939 0.029330610918777325 -0.0025749854877364165 -0.015052539580512878 -0.00409429903867358 -0.018661737823538836 0.0019376237611854954 -0.03352320707058859 -0.0037198616656762599 -0.0047220964197479624 -0.0029616381532162317 -0.026292976791985483
leaf_weight=55.886643126606941 108.75830027461052 439.56067970395088 58.889494374394417 53.507264852523804 201.19674851000309 44.171479463577271 218.6723320633173 17.394369661808014 134.41928619146347 19.290090784430504 207.58527214825153 515.07295134663582 176.48769806325436 65.626790478825569 60.811698719859123 177.11689209938049 58.985285386443138 14.190027594566343 302.05523063242435 56.739716783165932 67.820792868733406 207.36339662969112 287.24751062691212 15.615346714854239 29.554417341947556 63.031343445181847 280.49993126094341 51.837014853954315 46.897889226675034 226.44518078863621
leaf_count=253 528 1953 261 267 960 191 1111 79 633 81 936 2344 762 298 278 777 296 63 1336 250 290 950 1291 65 135 295 1287 223 214 1145
internal_value=0.000181847 -0.00154491 -0.00573371 0.00458071 0.00558642 -0.00749282 0.0225903 -0.00518982 -0.0106707 -0.00420772 0.00312981 0.00757613 -0.00208979 -0.00166203 -0.00616906 0.00999596 -0.0269448 0.0207701 0.00248836 -0.00331593 0.0120765 -0.0118621 -0.00918205 0.0143583 0.0278398 -0.0208555 -0.00844446 -0.0196 -0.0173093 -0.0223154
internal_weight=4262.73 3958.62 2351.02 1607.6 1554.09 2115.01 304.113 1732.91 683.572 490.167 1338.71 722.658 616.048 1049.34 470.877 236.006 193.405 215.387 651.374 349.318 124.561 224.758 411.091 59.7868 248.227 123.843 397.964 117.464 382.101 273.343
internal_count=19552 18053 10768 7285 7018 9730 1499 7843 3130 2201 5995 3280 2715 4713 2120 1038 929 1023 2905 1569 540 1029 1864 256 1246 573 1808 521 1887 1359
cat_boundaries=0 1
cat_threshold=17
is_linear=0
shrinkage=0.03


Tree=38
num_leaves=31
num_cat=1
split_feature=6 17 4 29 5 32 2 7 12 16 29 16 17 4 29 12 12 17 12 12 6 16 2 5 10 18 5 16 2 12
split_gain=198.212 120.489 105.056 119.493 81.2887 62.5978 56.476 56.4313 44.8621 57.1434 43.2178 40.6403 38.9971 38.9281 34.8833 34.3372 47.6555 42.7704 48.6519 32.5554 31.3642 31.1564 29.7767 50.2562 37.4392 36.676 28.6878 28.6451 27.8108 27.5527
threshold=-0.77289488911628712 0.16916266083717349 14.500000000000002 77.084831237792983 -0.98097097873687733 0 3.9262043237686162 -32.541711807250969 -0.37800000607967371 -0.4068677276372909 84.152141571044936 -1.8195750117301939 1.1189950108528139 168.50000000000003 86.164299011230483 -0.37100000679492945 -0.26350000500679011 0.069999270141124739 0.024500000290572647 -0.16650000214576718 -0.92772412300109852 -0.10931500047445296 49.909151077270515 -0.88134551048278797 0.24000000208616259 1.7725424170494082 0.4124008715152741 -0.32504084706306452 196.18916320800784 0.37450000643730169
decision_type=2 2 10 2 2 1 2 2 2 2 2 2 2 10 2 2 2 2 2 2 2 2 2 2 2 2 2 2 2 2
left_child=2 4 3 11 -2 28 -7 -4 -8 -10 22 -1 13 -9 -11 -13 -17 18 20 -15 -18 -20 -3 25 -25 -24 -5 -22 -6 -19
right_child=1 10 7 26 5 6 8 12 9 14 -12 15 -14 19 -16 16 17 29 21 -21 27 -23 23 24 -26 -27 -28 -29 -30 -31
leaf_value=-0.036663793181435499 0.021101155263838867 0.028787845728749831 -0.018734730671947881 -0.022489589417161074 0.03123060989455197 0.029757720532423808 -0.024088993417864846 0.010144248935256971 -0.015166844498766541 0.0048555139811491564 -0.010049030844494057 -0.015126726012683325 0.025752729395724493 0.010256628379308312 -0.04003842324002619 0.025547350499868223 -0.029057743183980706 0.010258086387831515 -0.0096901031144208515 -0.010511379687710086 0.020236302990872569 0.012250695186446163 0.029393022823201956 0.016346843802581792 -0.0072956425643692351 -0.0012653092821736241 0.0038832375295851434 -0.017790256591075863 0.0022084429555797916 -0.013516162368836598
leaf_weight=31.459149926900864 158.10689532756805 197.28103277087212 94.276212140917778 548.81574143469334 67.436528593301773 38.576205715537071 116.23889204859734 363.54617854952812 249.85468865931034 387.89192961156368 49.03006811439991 160.8029543608427 77.735610589385033 96.750036999583244 15.232049986720083 59.858179226517677 116.87631306052208 262.19340133666992 118.54992973804474 222.13624523580074 26.776172146201134 112.60395117104053 209.20349712669849 125.21882475912571 114.55949740111828 42.064874902367592 39.518482834100723 48.878569856286049 52.810067668557167 51.749935746192932
leaf_count=152 761 1001 437 2952 306 201 540 1559 1127 1692 220 737 343 414 69 254 554 1106 517 957 118 474 1033 528 477 196 171 216 238 221
internal_value=0.000170809 0.00764606 -0.00543373 -0.0100191 0.00128843 -0.00210607 -0.0051451 0.00303684 -0.00699864 -0.00392415 0.0169966 -0.00364692 0.00575802 0.00344608 0.00306432 -0.00252594 3.06082e-05 -0.00207185 -0.00828193 -0.004198 -0.0193792 0.00100483 0.0189348 0.0149259 0.00506773 0.0242758 -0.0207145 -0.00424325 0.0171902 0.0063087
internal_weight=4256.03 1823.51 2432.53 1578.08 1086.15 928.04 807.794 854.444 769.218 652.979 737.358 989.749 760.168 682.432 403.124 958.289 797.486 737.628 423.685 318.886 192.531 231.154 688.328 491.047 239.778 251.268 588.334 75.6547 120.247 313.943
internal_count=19571 8389 11182 7472 4934 4173 3629 3710 3428 2888 3455 4349 3273 2930 1761 4197 3460 3206 1879 1371 888 991 3235 2234 1005 1229 3123 334 544 1327
cat_boundaries=0 1
cat_threshold=32
is_linear=0
shrinkage=0.03


Tree=39
num_leaves=31
num_cat=2
split_feature=6 17 5 28 5 32 12 16 5 32 9 14 14 14 16 10 14 10 12 2 17 16 2 5 10 5 10 17 14 12
split_gain=215.391 117.812 86.7352 106.067 79.0328 70.4677 68.2575 63.5898 60.9989 57.5119 57.2934 54.3372 48.5876 46.0732 40.1439 46.9929 67.9762 61.286 41.6223 36.8734 34.5056 33.9451 32.8919 63.9343 40.2341 32.2095 30.0154 29.7061 36.0956 28.9816
threshold=-0.77289488911628712 0.16916266083717349 0.48901963233947759 20.863806724548343 -0.9936448037624358 0 -0.027500000782310959 0.4482188373804093 0.25061884522438055 1 -81.345256805419908 -0.79499998688697804 -0.37499999999999994 0.014999999664723875 -1.1924016475677488 0.34499999880790716 0.20499999821186068 -0.35500000417232508 -0.18749999999999997 3.9262043237686162 1.660228490829468 -0.56506931781768788 49.909151077270515 -0.78753387928009022 0.24000000208616259 -0.8126716911792754 0.14500000327825549 0.56336399912834179 -0.22999999672174451 -0.085999999195337282
decision_type=2 2 2 2 2 1 2 2 2 1 2 2 2 2 2 2 2 2 2 2 2 2 2 2 2 2 2 2 2 2
left_child=2 4 3 6 -2 -6 14 19 20 29 -8 -3 -11 -9 -1 16 17 18 -16 -7 -5 -12 -13 -24 -25 -21 -22 28 -10 -4
right_child=1 11 9 8 5 7 10 13 27 12 21 22 -14 -15 15 -17 -18 -19 -20 25 26 -23 23 24 -26 -27 -28 -29 -30 -31
leaf_value=-0.030113039163455153 0.031178406284786631 -0.018450836612049215 0.012442736366714058 -0.020175648959168253 0.018489514147633137 0.026145119539197757 -0.023209141255685305 -0.0085398520296785241 -0.025849753475782455 -0.0090959690844882105 -0.0031903974024729115 0.028859364135750663 0.030334158201341836 0.020008137694422234 0.050395313524253138 -0.021084290518238222 0.024137384701931244 -0.018185540161109511 -0.00091882189124379502 -0.0052837604762112911 -0.017263568909926499 0.015419210761473586 0.021873439355229972 0.014162880398264022 -0.015416218018385192 -0.019429609564455986 0.033695597503779387 0.016166212943865707 0.00077543280761214301 -0.014891238357282399
leaf_weight=69.745751783251762 72.071658238768578 36.886891007423401 52.767121434211731 801.41612328588963 131.04985558986664 24.81947349011898 50.737767115235329 79.246958300471306 66.251410022377968 35.793797940015793 122.27842175960541 198.8895211815834 123.90557399392128 138.87746098637581 20.936227858066559 123.71100859344006 80.873055219650269 151.94950024783611 40.377907231450081 395.86141838133335 19.955433219671249 312.89227218925953 334.49726206064224 79.811049371957779 83.840472891926765 228.51065745949745 19.75931541621685 59.322476476430893 143.66629056632519 98.855473667383194
leaf_count=328 359 171 229 4132 600 130 218 341 292 155 513 1017 567 620 86 550 336 691 174 1733 94 1300 1592 328 354 1099 89 253 621 424
internal_value=-0.000413385 0.00741215 -0.0063092 -0.00851579 0.00106111 -0.00114207 -0.00128449 -0.00428978 -0.0148489 0.00844087 0.00666629 0.0166612 0.0202358 0.0096447 -0.00920523 -0.00565181 0.000888389 -0.00799951 0.0171304 -0.00904529 -0.0188231 0.0101948 0.0185431 0.0143746 -0.000992411 -0.0104837 0.00829508 -0.00240922 -0.00771037 -0.00502981
internal_weight=4199.56 1804.36 2395.19 2083.87 1070.44 998.366 973.502 867.316 1110.37 311.322 485.908 733.925 159.699 218.124 487.593 417.848 294.137 213.264 61.3141 649.192 841.131 435.171 697.038 498.149 163.652 624.372 39.7147 269.24 209.918 151.623
internal_count=19396 8344 11052 9677 4882 4523 4196 3923 5481 1375 2031 3462 722 961 2165 1837 1287 951 260 2962 4315 1813 3291 2274 682 2832 183 1166 913 653
cat_boundaries=0 1 2
cat_threshold=32 5
is_linear=0
shrinkage=0.03


Tree=40
num_leaves=31
num_cat=3
split_feature=6 3 5 32 3 16 32 16 5 10 10 14 10 9 31 14 16 10 14 16 14 5 5 10 14 0 7 10 14 3
split_gain=174.378 111.071 140.527 63.5651 107.714 47.7919 41.241 35.3908 32.8692 34.4517 31.9269 41.8262 44.2739 37.9187 31.8024 29.6631 27.5966 25.4434 26.4645 34.8805 32.1086 24.4971 23.5503 22.7698 22.7069 22.6262 27.7233 20.3996 49.4645 38.1813
threshold=-0.82436862587928761 3.1872597932815556 -0.96105405688285817 0 30.226166725158695 -1.1924016475677488 1 0.44459640979766851 0.4124008715152741 -0.64500001072883595 -0.35500000417232508 -0.11999999731779097 -0.23499999940395352 -79.928268432617173 2 0.52500000596046459 1.5459565520286562 0.49500000476837164 0.14500000327825549 0.37996618449687963 0.014999999664723875 -0.17521348595619199 -0.8126716911792754 0.37500000000000006 -0.99500000476837147 3.4331679344177251 -3.5005717277526851 0.2650000005960465 0.70499998331069957 164.46697235107425
decision_type=2 2 2 1 2 2 1 2 2 2 2 2 2 2 1 2 2 2 2 2 2 2 2 2 2 2 2 2 2 2
left_child=3 23 14 5 8 21 22 -8 -5 -10 13 12 -12 -7 16 -9 -3 18 20 -20 -16 -1 -4 25 -15 26 -2 -13 29 -29
right_child=1 2 6 4 -6 10 7 15 9 -11 11 27 -14 24 17 -17 -18 -19 19 -21 -22 -23 -24 -25 -26 -27 -28 28 -30 -31
leaf_value=0.0023133116489899054 0.0025698482255405229 0.031588828496634191 0.015153830592921198 -0.0066725262847360245 -0.020201707798677953 -0.028848271073404583 -0.0083476339052466625 -0.00113219447104103 -0.028182295123202101 0.020114752584610308 -8.6003682715977972e-05 0.0071649755015480128 -0.029664765829659292 -0.0064071230300687598 0.004872146356127682 0.022734577789274821 -0.0076333916769735681 0.03103159192226319 -0.030509506271768103 0.018268712591571576 0.042643769358628791 -0.021881103762248711 -0.00029923948197462625 0.032907232101381599 0.020393164208354724 -0.013015014812296834 0.026514770993536729 -0.020427964248702926 0.011564713331596711 0.0026016888867903395
leaf_weight=50.740189447999001 62.748870253562927 178.93102850019932 169.05819618701935 146.58064943552017 557.85903713107109 18.340022087097168 721.36011476814747 192.72875809669495 14.248740836977957 108.16383509337902 92.072191551327705 309.46673835813999 89.135628923773766 34.547638341784477 110.28646469116211 60.890484809875488 17.354553267359734 39.193041741847992 34.842934757471085 20.046740427613258 23.908480748534203 143.17888793349266 185.58003552258015 111.66967809200287 150.16682399809361 20.916058301925659 142.71552057564259 151.40045955777168 135.9706701785326 112.3542447835207
leaf_count=225 292 950 744 653 3059 80 3247 819 58 449 400 1326 409 149 500 261 83 185 155 91 111 645 818 606 629 93 757 663 568 491
internal_value=-4.18843e-05 0.00609681 0.00305679 -0.00611673 -0.0125423 -0.00187133 -0.00174436 -0.00491114 0.00289386 0.0143102 0.000553173 -0.00189776 -0.0147187 0.0112572 0.0180615 0.00466467 0.0267443 0.00895443 0.00471023 -0.0126867 0.0118673 -0.0155711 0.00689534 0.0218163 0.0153731 0.0162247 0.0192499 0.00139426 -0.00308014 -0.010645
internal_weight=4206.46 2092.23 1754.18 2114.23 826.852 1287.37 1329.62 974.979 268.993 122.413 1093.45 890.4 181.208 203.054 424.563 253.619 196.286 228.278 189.085 54.8897 134.195 193.919 354.638 338.05 184.714 226.38 205.464 709.192 399.725 263.755
internal_count=19516 9712 7964 9804 4219 5585 5889 4327 1160 507 4715 3857 809 858 2075 1080 1033 1042 857 246 611 870 1562 1748 778 1142 1049 3048 1722 1154
cat_boundaries=0 1 2 3
cat_threshold=12 40 10
is_linear=0
shrinkage=0.03


Tree=41
num_leaves=31
num_cat=1
split_feature=5 5 29 5 29 2 12 28 17 18 12 5 12 18 17 12 5 17 10 12 28 31 8 14 17 14 8 12 2 12
split_gain=181.071 200.042 93.8271 63.558 88.296 53.611 43.6439 40.1572 39.5318 38.7898 35.0431 32.9658 32.1698 32.4298 31.7184 30.8924 37.8751 28.6265 36.6023 27.3132 29.8404 26.9343 25.7809 25.7064 25.266 38.2034 24.9248 23.8404 43.7907 27.2618
threshold=-0.96105405688285817 0.48901963233947759 86.164299011230483 -0.83753159642219532 75.77988433837892 6.1409459114074716 0.13350000232458117 22.726541519165043 0.41494375467300421 1.420721232891083 -0.23350000381469724 0.16665012389421466 -0.16650000214576718 1.2578593492507937 0.63405978679656994 0.056499999016523368 -0.98902499675750721 0.29685099422931677 0.49500000476837164 -0.028500000014901158 22.825375556945804 0 -6.9016656875610343 -1.2200000286102293 -0.15866540372371671 0.38499999046325689 -5.8578784465789786 0.028500000014901165 249.83755493164065 0.042500000447034843
decision_type=2 2 2 2 2 2 2 2 2 2 2 2 2 2 2 2 2 2 2 2 2 1 2 2 2 2 2 2 2 2
left_child=15 2 3 7 19 26 10 14 11 -10 -7 27 13 -13 -2 16 -1 18 23 -5 24 -14 -12 -18 25 -21 -3 -6 29 -29
right_child=1 5 -4 4 8 6 -8 -9 9 -11 22 12 21 -15 -16 -17 17 -19 -20 20 -22 -23 -24 -25 -26 -27 -28 28 -30 -31
leaf_value=0.025853578760234117 -0.0068166148996498489 0.0096344764713173076 -0.035367033013720829 -0.0023863381272071389 -0.018765158793101606 -0.011139112708603183 -0.017107506938007833 0.014585296419356368 -0.0090024335999941019 0.0065717526458857088 -0.0054717649473490426 -0.0061539678778750146 -0.022904796545288101 0.024313420465003448 0.022648726978803674 0.027897659553022053 0.015857229698951699 0.023136363820151475 0.038225768100807495 -0.0062285046894904978 -0.010444912650119726 -0.0019916747893214248 0.025673424424283432 -0.021625326187417224 0.024277452781194246 0.029631373388712148 0.027486466713152462 0.034324868647614214 -0.022703460886325213 -0.0054232012886793208
leaf_weight=97.900185093283653 221.13262131810188 103.43241761624813 87.90199975669384 281.15058445930481 546.5024139136076 46.675221592187881 66.244082555174828 237.93867273628712 341.67024111747742 247.23828227818012 30.380065158009529 65.314922109246254 83.06440444290638 59.064957991242409 37.60199348628521 183.28188706934452 20.487787753343582 39.80806140601635 13.381634190678595 84.025541886687279 49.585536807775497 155.95556253194809 106.31182409822941 71.794654920697212 125.64218398928642 38.045872867107391 229.81955860555172 15.323846176266668 156.30411334335804 321.58823359012604
leaf_count=494 945 480 480 1219 2773 207 291 1048 1579 1086 130 285 380 251 172 928 94 199 66 357 211 683 476 321 526 157 1208 69 782 1510
internal_value=0.000117464 -0.00199766 -0.0049814 -0.00409933 -0.00599751 0.0141343 0.00359888 0.00571677 -0.00899272 -0.00246395 0.0111316 -0.0117292 -0.00393733 0.00839277 -0.00246369 0.0186094 0.0115289 0.001778 -0.00641005 0.00431493 0.0106389 -0.0103618 0.0187619 -0.013223 0.0148844 0.00509786 0.0219911 -0.0144462 -0.00963241 -0.0035191
internal_weight=4164.57 3737.92 3155.05 3067.15 2570.48 582.863 249.611 496.673 1992.03 588.909 183.367 1403.12 363.4 124.38 258.735 426.654 243.372 145.472 105.664 578.45 297.299 239.02 136.692 92.2824 247.714 122.071 333.252 1039.72 493.216 336.912
internal_count=19407 17305 14513 14033 11868 2792 1104 2165 9398 2665 813 6733 1599 536 1117 2102 1174 680 481 2470 1251 1063 606 415 1040 514 1688 5134 2361 1579
cat_boundaries=0 1
cat_threshold=2
is_linear=0
shrinkage=0.03


Tree=42
num_leaves=31
num_cat=1
split_feature=5 5 29 17 6 16 5 10 12 29 14 10 10 12 7 3 2 5 12 28 12 10 31 10 10 18 2 28 4 6
split_gain=172.485 188.98 84.7093 56.3854 60.0297 53.2257 44.9164 51.599 43.5971 39.9055 38.4085 38.355 36.8287 35.7988 35.3978 41.2743 38.6322 35.3998 33.2477 45.0801 38.0774 32.8048 29.876 29.5077 41.6217 30.5184 28.5493 27.5236 26.8636 26.1902
threshold=-0.96105405688285817 0.56202840805053722 86.164299011230483 0.41494375467300421 -0.96645781397819508 0.96688616275787365 -0.73172146081924427 -0.62499999999999989 -0.37100000679492945 76.34873199462892 -0.6599999964237212 0.37500000000000006 0.2650000005960465 -0.16650000214576718 -19.59663105010986 316.91842651367193 252.356315612793 -0.8126716911792754 0.078999999910593047 20.863806724548343 -0.52750000357627858 -0.91499999165534962 0 0.34499999880790716 0.25499999523162847 0.83054965734481823 10.671154975891115 20.863806724548343 72.500000000000014 -0.98471984267234791
decision_type=2 2 2 2 2 2 2 2 2 2 2 2 2 2 2 2 2 2 2 2 2 2 1 2 2 2 2 2 10 2
left_child=22 2 3 4 5 18 7 -5 -8 -10 21 12 -3 -11 15 -12 -16 -18 20 -20 27 28 -1 24 -24 -26 -15 -2 -6 -7
right_child=1 11 -4 6 10 29 8 -9 9 13 14 -13 -14 26 16 -17 17 -19 19 -21 -22 -23 23 -25 25 -27 -28 -29 -30 -31
leaf_value=0.027227032648217325 0.035394848038728791 0.01515951860937461 -0.031983597455073322 -0.026940399641171519 0.022007625119774058 -0.014113742765673778 -0.018984081982112089 0.022369181316260926 0.011507792611052533 0.01327260700059027 -0.018933109977681647 0.031598352902582567 -0.019297204144585033 0.015590949564272497 0.0050512624655300936 -0.0014341890391057874 0.0053651796302814584 -0.017882438954477598 0.006222572893294611 -0.02205703394111053 -0.027147410115922796 -0.022862418552285928 0.010951969928384779 0.028961684387129368 -0.055243637164308572 0.0022911525594812238 -0.011859677933905098 -0.018290967856914142 -0.025864484949089724 0.024760800188701585
leaf_weight=190.63235078752041 15.126599237322806 257.85107634961605 94.11842505633831 20.864597201347351 30.819594174623489 23.390995308756828 96.274450972676277 157.25499963760376 264.91741281747818 87.58798448741436 188.98863822221756 121.25834332406521 30.431539878249168 38.190023705363274 784.62160386145115 336.09655492007732 97.648076340556145 146.3339192122221 101.34362870454788 99.90128219127655 277.74391295015812 141.64963632822037 139.37486520409584 54.961175471544266 15.561323061585425 16.475444465875626 267.06116198003292 17.476353943347931 14.819617897272108 42.878883451223373
leaf_count=1029 67 1280 516 93 131 112 453 710 1103 387 876 660 143 160 3390 1516 418 732 427 535 1437 697 638 262 66 77 1257 96 61 191
internal_value=0.000315158 -0.00171956 -0.004076 -0.00325847 -0.00576274 -0.0141326 0.00297073 0.016475 -0.00023689 0.00253175 -0.0029781 0.0174908 0.0114681 -0.00353524 -0.00142638 -0.00775642 0.00180939 -0.0085942 -0.0174077 -0.00785554 -0.0235568 -0.0157747 0.0185957 0.0096188 0.00384262 -0.0264817 -0.00838563 0.00692939 0.00624169 0.0110336
internal_weight=4171.65 3754.65 3345.11 3250.99 2318.84 577.862 932.151 178.12 754.031 657.757 1740.98 409.541 288.283 392.839 1553.69 525.085 1028.6 243.982 511.592 201.245 310.347 187.289 417.005 226.373 171.412 32.0368 305.251 32.603 45.6392 66.2699
internal_count=19520 17448 15365 14849 10686 2865 4163 803 3360 2907 7821 2083 1423 1804 6932 2392 4540 1150 2562 962 1600 889 2072 1043 781 143 1417 163 192 303
cat_boundaries=0 1
cat_threshold=10
is_linear=0
shrinkage=0.03


Tree=43
num_leaves=31
num_cat=2
split_feature=6 17 29 5 32 5 12 16 14 14 32 29 28 12 15 12 17 12 10 12 28 5 16 5 12 2 5 16 12 10
split_gain=181.595 96.3359 75.5097 114.126 64.2938 60.6311 45.9639 62.0826 42.6821 39.3902 41.9166 36.8685 34.0415 46.347 33.4077 32.4646 33.2135 30.866 33.2447 33.3015 31.0894 46.454 34.7624 29.3609 29.3266 28.4011 36.6047 40.141 27.2535 30.3676
threshold=-0.77289488911628712 0.16916266083717349 76.34873199462892 0.25061884522438055 0 -0.9936448037624358 -0.37800000607967371 -0.4068677276372909 -0.79499998688697804 -0.37499999999999994 1 86.164299011230483 18.543931961059574 -0.027500000782310959 52.500000000000007 -0.37100000679492945 1.1610170602798464 -0.17849999666213986 -0.62499999999999989 -0.095499999821186052 20.863806724548343 0.45150023698806768 -0.1622507497668266 0.4124008715152741 -0.52750000357627858 7.8629119396209726 -0.83753159642219532 1.4868103861808779 -0.00450000021373853 0.2100000008940697
decision_type=2 2 2 2 1 2 2 2 2 2 1 2 2 2 2 2 2 2 2 2 2 2 2 2 2 2 2 2 2 2
left_child=2 4 15 12 -2 -6 -7 28 -3 -5 -11 14 13 -4 -9 24 17 -17 -19 -20 21 22 -21 -12 -1 -10 27 -27 29 -8
right_child=1 8 3 9 5 6 7 11 25 10 23 -13 -14 -15 -16 16 -18 18 19 20 -22 -23 -24 -25 -26 26 -28 -29 -30 -31
leaf_value=0.003528135890032159 0.019814919311229823 -0.016673802623550938 -0.020054798022030397 -0.014305513112497673 0.027759705296420068 -0.020355838057885534 0.013173203863849643 0.012695451490271495 0.031818682048950761 -0.0064199203182140245 0.0014604321950175607 -0.039544375195219986 -0.019116739312950326 0.0070481721942085235 -0.0069917367743729808 0.014496963323374586 0.023017739296792395 0.014241562507075426 -0.024011014155009714 -0.0019446645694857431 -0.012384322716686906 -0.021181151362343269 0.021049701560881047 0.022463296727517727 -0.025471800089050541 0.025778527656263945 0.00680229112912347 -0.010147019167589925 -0.020180453931013143 -0.015017939811797882
leaf_weight=55.348843187093735 138.9296001046896 33.646014675498009 106.18592266738415 105.40469089150429 59.001129180192947 122.62691402435303 64.38438156247139 328.26343095302582 106.01994685828686 145.86432921886444 100.75234898924828 14.174089923501013 705.03333054482937 119.96081708371639 100.7716398537159 135.28652121126652 70.407585620880127 101.99149911105633 66.879072457551956 113.50644692778587 151.37292928993702 51.500715538859367 122.25602969527245 147.28680214285851 70.834573239088058 268.77923095226288 268.95120783150196 30.701033666729927 150.5972600877285 71.561317771673203
leaf_count=242 655 159 502 460 301 577 294 1475 606 638 445 66 3786 510 453 581 298 441 313 479 681 218 511 659 335 1354 1160 140 701 331
internal_value=8.52069e-05 0.0073874 -0.00533373 -0.00967085 0.00161776 -0.00137696 -0.00344008 -0.000573606 0.0159311 0.00189959 0.00626117 0.00645763 -0.0158704 -0.00571014 0.00806582 0.00127407 0.00347465 0.00159375 -0.00129879 -0.0044561 -0.00142671 0.00437031 0.0100177 0.0134328 -0.0128236 0.0175799 0.014873 0.0220741 -0.0114338 -0.00166781
internal_weight=4128.28 1758.41 2369.87 1430.49 1050.31 911.38 852.379 729.752 708.097 499.308 393.903 443.209 931.18 226.147 429.035 939.384 813.201 742.793 607.507 505.515 438.636 287.263 235.762 248.039 126.183 674.451 568.431 299.48 286.543 135.946
internal_count=19371 8272 11099 7000 4853 4198 3897 3320 3419 2202 1742 1994 4798 1012 1928 4099 3522 3224 2643 2202 1889 1208 990 1104 577 3260 2654 1494 1326 625
cat_boundaries=0 1 2
cat_threshold=32 5
is_linear=0
shrinkage=0.03


Tree=44
num_leaves=31
num_cat=2
split_feature=5 5 29 17 16 6 2 12 12 28 5 29 17 32 12 7 32 12 18 17 10 9 28 8 4 10 10 5 10 29
split_gain=152.829 165.354 75.7955 60.1473 58.0554 63.6764 51.4021 40.5363 40.0688 56.6005 35.3609 36.2414 34.0311 34.5522 30.6901 29.7328 29.6678 28.6022 27.0595 27.4418 26.5611 26.1824 25.2045 34.0766 27.7359 30.0276 25.1311 31.7981 23.9623 27.0112
threshold=-0.96105405688285817 0.48901963233947759 86.164299011230483 0.41494375467300421 0.96688616275787365 -0.9563411772251128 6.1409459114074716 0.13350000232458117 0.078999999910593047 20.863806724548343 -0.83753159642219532 76.151096343994155 -1.898898661136627 0 -0.23350000381469724 -4.8531422615051261 1 -0.52750000357627858 1.5901826620101931 0.76505395770072948 1.1600000262260439 -10.046835422515867 18.840229988098148 -22.620976448059078 3.5000000000000004 0.2650000005960465 0.66999998688697826 0.16665012389421466 -0.074999999254941926 77.177566528320327
decision_type=2 2 2 2 2 2 2 2 2 2 2 2 2 1 2 2 1 2 2 2 2 2 2 2 10 2 2 2 2 2
left_child=16 2 3 4 5 8 21 14 17 -10 -5 -12 -7 22 -8 -16 18 -2 -1 -20 -15 -3 23 -14 -25 -26 28 -28 29 -6
right_child=1 6 -4 10 26 12 7 -9 9 -11 11 -13 13 20 15 -17 -18 -19 19 -21 -22 -23 -24 24 25 -27 27 -29 -30 -31
leaf_value=0.033714430390644312 0.00086418455737263854 0.007076166404111928 -0.032563431625110294 0.019176842796772019 0.011714271595903224 0.032541849184431017 -0.011565088486701861 -0.017588374711702069 0.0086015651485306897 -0.023115869733127636 0.0091541582697733988 -0.0043064099360825159 -0.017827683185845027 -0.013537580614563876 -0.0054306530218542664 0.025192930985634254 0.0085845621163948491 -0.027083329959187427 -0.011622972969468102 0.035241969103403166 0.02157516255849614 0.02634526557308825 0.0024383118055141795 -0.0089653473939150918 0.021899471255291878 -0.015188154384233776 -0.02938480682111156 0.012140781974414592 0.02343574576984157 -0.027250315939901817
leaf_weight=144.17241522669792 37.318364128470421 88.604249760508537 83.078311562538147 105.34473726153374 58.046358704566956 20.658362597227097 44.566935151815414 63.76009464263916 104.99455966055393 96.113241404294968 286.18071316182613 481.45531524717808 167.46166275441647 457.28393717110157 38.977813705801964 102.41610656678677 222.4487427175045 277.17021456360817 27.646313935518265 17.570198938250542 19.374295204877853 231.18417806923389 522.95224042236805 133.36073626577854 71.851986244320869 26.096299052238464 31.645955011248589 32.923117443919182 95.918011292815208 20.971390277147293
leaf_count=816 184 410 471 499 246 92 198 280 442 525 1206 2228 754 2163 169 466 1037 1451 130 100 82 1250 2365 600 308 112 154 140 421 100
internal_value=0.000175774 -0.00175563 -0.00446165 -0.00368504 -0.00635501 -0.00807998 0.0130993 0.00288065 -0.0171 -0.00659617 0.00296414 0.000717176 -0.0047929 -0.00536731 0.00995537 0.0167721 0.0174886 -0.0237747 0.0260289 0.00695628 -0.0118207 0.021045 -0.00187241 -0.00756432 -8.91634e-05 0.0119646 0.00755437 -0.00834909 0.0134384 0.00116171
internal_weight=4111.55 3699.71 3130.2 3047.12 2174.14 1934.64 569.509 249.721 515.596 201.108 872.981 767.636 1419.04 1398.38 185.961 141.394 411.838 314.489 189.389 45.2165 476.658 319.788 921.723 398.771 231.309 97.9483 239.505 64.5691 174.936 79.0177
internal_count=19399 17316 14543 14072 10139 9078 2773 1113 2602 967 3933 3434 6476 6384 833 635 2083 1635 1046 230 2245 1660 4139 1774 1020 420 1061 294 767 346
cat_boundaries=0 1 2
cat_threshold=100 120
is_linear=0
shrinkage=0.03


Tree=45
num_leaves=31
num_cat=3
split_feature=5 5 32 10 16 31 29 32 12 5 14 5 12 16 10 2 12 10 5 12 12 12 12 9 12 14 10 3 3 13
split_gain=143.143 163.478 80.3756 53.8569 53.7596 44.6765 43.4805 40.7466 40.4786 38.8261 34.2304 29.6885 29.8073 29.5643 25.878 29.1206 25.6949 34.8812 30.5947 28.2722 25.0943 28.589 25.76 23.1111 39.7704 34.5142 48.0851 32.0355 31.2249 28.4844
threshold=-0.93404099345207203 0.48901963233947759 0 0.37500000000000006 0.73820891976356517 1 86.164299011230483 2 -0.16650000214576718 -0.85957497358322132 -0.37499999999999994 -0.04725049436092376 -0.30349999666213984 1.5459565520286562 0.49500000476837164 177.97461700439456 -0.37100000679492945 -0.1950000002980232 -0.83753159642219532 0.42849999666213995 0.10400000214576723 0.12900000065565112 -0.31749999523162836 -24.731862068176266 0.26600000262260443 -0.6599999964237212 0.2650000005960465 134.43284606933597 609.40325927734386 33.500000000000007
decision_type=2 2 1 2 2 1 2 1 2 2 2 2 2 2 2 2 2 2 2 2 2 2 2 2 2 2 2 2 2 2
left_child=5 2 4 7 16 13 8 -3 11 -10 -9 12 -4 -1 15 20 17 -2 -19 23 22 -22 -7 24 -18 27 -27 -25 29 -28
right_child=1 3 6 -5 -6 14 -8 10 9 -11 -12 -13 -14 -15 -16 -17 19 18 -20 -21 21 -23 -24 25 -26 26 28 -29 -30 -31
leaf_value=0.026933721967007624 -0.030278674030440298 -0.003274052298495549 -0.018293941448194146 0.027184695487579243 0.0077974456650428585 0.0035300164818233412 -0.034111737312383976 -0.0017881285151785547 0.0078211076162301666 -0.018949926964933757 0.024506851595306009 0.012967582266310446 0.006663443826040576 -0.008879302228104886 0.025572539336431176 0.012305417625247879 -0.0082577536408028479 0.022947053411915188 -0.010742650572643713 -0.014473259835347935 0.031310111635862781 -0.010832930305258824 -0.032296919192913054 0.0098617395514358861 0.023752975075786487 0.010356625671851577 0.018606232421175178 -0.024908394234435288 0.034858976860520217 -0.013231090405709351
leaf_weight=237.02341729402542 72.687374070286751 195.62413819134235 106.64996737241745 161.97468820214272 415.43225449323654 28.478007838129997 78.699406445026398 64.578520610928535 54.461472049355507 427.80699191987514 141.78693540394306 86.877101063728333 71.100481197237968 22.257172584533691 48.629789412021637 124.31996916234493 494.50516836345196 27.180223748087883 175.11653284728527 160.50405110418797 24.139865964651108 33.345954775810242 47.537943050265312 34.639827728271484 36.620986267924309 446.18902684748173 28.147344052791595 72.50287652015686 14.537576287984846 194.99479532241821
leaf_count=1286 363 903 556 842 1794 132 464 305 233 2249 715 418 333 108 233 569 2248 120 840 722 112 151 208 150 158 1948 124 352 61 865
internal_value=5.34314e-05 -0.00217377 -0.00496137 0.0126307 -0.00188744 0.014058 -0.0128618 0.00671357 -0.0107521 -0.0159168 0.015559 -0.00131519 -0.00832952 0.0229552 0.00555288 0.00190715 -0.00419042 -0.0125966 -0.00612555 -0.00262389 -0.00779546 0.00709684 -0.0190034 -0.00117556 -0.00601013 0.00207412 0.00455867 -0.0136798 -0.00632345 -0.00915001
internal_weight=4128.35 3562.62 2998.65 563.964 2173.06 565.732 825.595 401.99 746.896 482.268 206.365 264.628 177.75 259.281 306.452 257.822 1757.63 274.984 202.297 1482.64 133.502 57.4858 76.016 1322.14 531.126 791.011 683.869 107.143 237.68 223.142
internal_count=19562 16763 13998 2765 9745 2799 4253 1923 3789 2482 1020 1307 889 1394 1405 1172 7951 1323 960 6628 603 263 340 5906 2406 3500 2998 502 1050 989
cat_boundaries=0 1 2 3
cat_threshold=44 10 5
is_linear=0
shrinkage=0.03


Tree=46
num_leaves=31
num_cat=1
split_feature=6 1 8 6 28 12 16 17 10 14 14 10 12 32 14 14 14 12 6 10 14 17 16 12 12 12 17 12 12 14
split_gain=135.861 92.6107 101.92 69.2286 93.0805 67.2487 60.6936 47.0635 33.6306 61.7735 53.7205 49.7962 33.2343 32.8365 42.2975 36.0181 49.2906 30.9565 39.6031 32.2788 32.5758 32.2694 30.2787 29.3686 28.9643 28.9184 28.2667 28.1503 26.0858 25.2332
threshold=-0.27338597923517222 22.974452972412113 -7.2034235000610343 -0.61626377701759327 20.863806724548343 0.024500000290572647 -0.4068677276372909 0.60379037261009227 -0.35500000417232508 -0.99500000476837147 0.39499999582767492 0.24000000208616259 0.13350000232458117 0 1.0000000180025095e-35 0.47499999403953558 0.14500000327825549 0.056499999016523368 -0.14772953093051908 -0.31000000238418574 -1.2200000286102293 -0.34192450344562525 1.4732903838157656 -0.31749999523162836 0.06749999895691873 0.43999999761581426 1.5727599859237673 0.14050000160932544 -0.028500000014901158 -0.79499998688697804
decision_type=2 2 2 2 2 2 2 2 2 2 2 2 2 1 2 2 2 2 2 2 2 2 2 2 2 2 2 2 2 2
left_child=1 2 7 4 5 8 -7 22 9 -3 -10 -12 -4 15 24 16 -5 18 19 20 -2 -21 29 -16 -15 -8 -6 -14 -28 -1
right_child=17 3 12 13 26 6 25 -9 10 -11 11 -13 27 14 23 -17 -18 -19 -20 21 -22 -23 -24 -25 -26 -27 28 -29 -30 -31
leaf_value=0.023818792591152577 0.0066976992923215321 -0.020275005490996603 0.020027641774469144 0.014209619018659385 -0.015327909783780245 -0.011397386215198547 0.02005671963999615 0.012135702181303498 -0.01808159142354759 0.031939360688359821 0.047327018576944394 -0.00361118538277325 -0.029500273204026581 -0.023478226012768801 0.032316974334476528 0.031525679412489703 -0.01972402377627442 0.025535412027533514 0.024058285106121822 -0.013127002225406558 -0.044247481709069426 0.021942249679005658 0.035688969620671196 0.0012721438170370477 0.0025980461689526272 -0.01112664887827349 0.030313075195368716 0.0082616923392088565 -0.012763872779377565 -0.0085787116465594962
leaf_weight=21.566290885210037 19.752765044569969 34.989542335271835 356.21006602048874 147.95650207996368 978.72836174070835 94.748457714915276 232.88032706081867 158.03469713032246 297.51891946792603 46.226948454976082 20.744654148817062 83.409099504351616 19.534610152244568 100.74158345162868 33.989531174302101 61.977133840322495 51.012050732970238 178.65367339551449 92.993231549859047 37.390739291906357 24.681793808937073 60.756189167499542 14.131626233458517 127.26929679512978 61.222254812717438 29.580816000699997 23.234983086585999 131.2239535599947 25.617003247141838 556.13012693822384
leaf_count=95 93 161 1762 673 5119 413 972 695 1395 193 85 368 90 454 146 278 220 945 492 170 104 318 61 551 269 129 102 632 121 2484
internal_value=-0.00013174 -0.00195324 0.00466578 -0.0053467 -0.00816494 -0.0007554 0.00909894 -0.00235985 -0.00804873 0.00947146 -0.011606 0.00688794 0.0150417 0.0036622 -0.00279192 0.0113115 0.0054545 0.016142 0.0089404 -0.00101855 -0.0219515 0.00858437 -0.00624452 0.0079745 -0.0136659 0.0165133 -0.014216 0.00320652 0.00792147 -0.00733019
internal_weight=4122.91 3708.68 1256.83 2451.85 1867.68 840.099 357.21 749.863 482.889 81.2165 401.673 104.154 506.969 584.168 323.223 260.946 198.969 414.228 235.575 142.581 44.4346 98.1469 591.828 161.259 161.964 262.461 1027.58 150.759 48.852 577.696
internal_count=19590 17468 5819 11649 9058 3716 1514 3335 2202 354 1848 453 2484 2591 1420 1171 893 2122 1177 685 197 488 2640 697 723 1101 5342 722 223 2579
cat_boundaries=0 1
cat_threshold=56
is_linear=0
shrinkage=0.03


Tree=47
num_leaves=31
num_cat=1
split_feature=5 3 29 31 8 29 17 5 5 17 21 17 12 5 10 9 29 10 3 9 9 17 18 12 12 15 7 17 10 17
split_gain=137.08 159.972 81.5026 64.238 50.1334 44.8808 36.4203 28.9587 39.7938 28.3927 28.973 28.1554 25.4051 25.4242 24.7245 23.9084 23.8096 29.6005 27.4838 25.9208 23.1777 23.0473 23.6811 22.6428 35.6767 19.9464 23.1219 19.2897 29.2619 20.2465
threshold=-0.88134551048278797 1.9392991065979006 76.34873199462892 0 -7.4831807613372794 86.164299011230483 1.5727599859237673 -0.73172146081924427 0.16665012389421466 -1.9785536527633665 1.0000000180025095e-35 -0.5103931427001952 0.32000000774860388 -0.9936448037624358 0.37500000000000006 183.65167999267581 75.224540710449233 -0.35500000417232508 172.76625061035159 -52.17344665527343 -95.571743011474595 -0.40205584466457361 0.5034179985523225 0.42849999666213995 -0.10600000247359274 38.500000000000007 -8.577051639556883 -0.34192450344562525 -0.31000000238418574 -0.40205584466457361
decision_type=2 2 2 1 2 2 2 2 2 2 2 2 2 2 2 2 2 2 2 2 2 2 2 2 2 2 2 2 2 2
left_child=3 4 6 27 -2 7 9 20 15 -3 16 12 13 -5 -6 -9 -11 19 -19 -18 -4 -22 -23 24 -20 26 -12 29 -29 -1
right_child=1 2 5 11 14 -7 -8 8 -10 10 25 -13 -14 -15 -16 -17 17 18 23 -21 21 22 -24 -25 -26 -27 -28 28 -30 -31
leaf_value=0.016673147439006747 -0.00091156335614198548 0.03997630970286864 0.01763924035026998 0.017428778483196006 0.014191908267342663 -0.030042600148425129 0.02660666391617578 -0.012040629652359958 -0.00207108964339925 0.01740471782808033 0.021881735104817078 0.0084848325388880482 0.016489865679317983 -0.023531024315777353 0.031558977056859588 -0.034649308950129562 -0.011233815657757157 -0.010601464483129618 -0.0032568396083255307 0.017611178106899012 -0.015769259581259708 -0.018485435792137912 0.010597416427929548 -0.017382786879947622 0.016947096154274394 -0.019302750172844871 -0.013744046588790563 0.0088020158144351546 0.034264272048696628 -0.020665730496076163
leaf_weight=129.99968810379505 150.02257862687111 14.936758697032927 57.615736946463585 15.814603239297865 230.24813340604305 85.953009620308876 48.386131480336189 909.24643376469612 425.61934144794941 79.719460338354111 27.85157310962677 282.75135786831379 26.604820072650909 75.861513987183571 110.18465237319469 43.506755843758583 34.890439227223396 242.10423098504543 187.55373871326447 130.5214566141367 84.932942911982536 31.747926294803619 108.64430655539036 44.644709467887878 134.15834857523441 108.78761655092239 36.990374356508255 56.483451500535011 151.89467485249043 13.667095512151716
leaf_count=623 667 63 253 75 1178 506 205 4659 1890 341 122 1304 114 332 617 244 156 1073 838 559 400 141 467 201 571 515 165 290 855 59
internal_value=0.000349902 -0.00226616 -0.00500129 0.0118994 0.0135375 -0.00901608 0.00143356 -0.00791079 -0.00970415 0.000240415 -0.000375699 0.00326967 -0.00888971 -0.0163534 0.0198889 -0.0131083 0.00189999 0.000282395 -0.0027799 0.0114959 0.000829133 -0.00352816 0.00393647 0.00240371 0.00519489 -0.0115102 0.00165823 0.0210053 0.0274374 0.0130028
internal_weight=4081.34 3328.27 2837.81 753.077 490.455 1747.27 1090.54 1661.31 1378.37 1042.16 1027.22 401.032 118.281 91.6761 340.433 952.753 853.592 773.873 608.461 165.412 282.941 225.325 140.392 366.357 321.712 173.63 64.8419 352.045 208.378 143.667
internal_count=19483 15831 13369 3652 2462 8560 4809 8054 6793 4604 4541 1825 521 407 1795 4903 3739 3398 2683 715 1261 1008 608 1610 1409 802 287 1827 1145 682
cat_boundaries=0 1
cat_threshold=10
is_linear=0
shrinkage=0.03


Tree=48
num_leaves=31
num_cat=2
split_feature=5 5 29 16 17 10 6 31 31 17 29 5 5 2 7 14 10 5 17 16 10 10 18 17 14 10 3 18 14 10
split_gain=135.725 161.898 70.5964 56.2607 56.6652 53.2792 45.6897 41.6123 41.2738 34.1327 29.142 28.2554 28.2 27.1839 31.2043 38.7161 32.6605 27.1074 25.7777 24.5426 23.2239 23.6917 34.3481 22.9909 22.1209 22.7724 21.8251 20.0369 22.2463 19.993
threshold=-0.93404099345207203 0.48901963233947759 86.164299011230483 1.0635380148887636 0.054722087457776077 0.37500000000000006 -0.96645781397819508 0 1 -0.36623531579971308 76.34873199462892 -0.67050644755363453 -0.75976759195327748 395.98118591308599 -19.59663105010986 -0.095000002533197389 0.2650000005960465 -0.4591448307037353 0.40543007850646978 -1.1662200093269346 0.34499999880790716 0.25499999523162847 0.73462718725204479 -0.5103931427001952 -0.37499999999999994 0.22500000149011615 260.35255432128912 1.6888062953948977 -0.15999999642372129 -0.24499999731779096
decision_type=2 2 2 2 2 2 2 1 1 2 2 2 2 2 2 2 2 2 2 2 2 2 2 2 2 2 2 2 2 2
left_child=8 2 3 4 6 7 -2 24 -1 -5 19 -12 -11 14 26 -16 -17 29 -9 -6 21 23 -23 -10 -3 -26 -8 -25 -29 -13
right_child=1 5 -4 9 10 -7 13 18 20 12 11 17 -14 -15 15 16 -18 -19 -20 -21 -22 22 -24 27 25 -27 -28 28 -30 -31
leaf_value=0.022574915632650176 -0.017167144470011809 0.0016647451423386752 -0.033714869297955925 0.02360109514208655 -0.014235643573726097 0.027008416745726672 -0.022296241050731247 -0.010723268419366985 -0.012550847866343284 0.023841330582108512 0.0073024461529233083 0.005789272527193445 -0.0034684174703740038 -0.023165241550747426 -0.0088286168542123337 0.014112272419600176 -0.0033244719254262537 -0.0034479768123026845 0.010735562226495649 0.0089846419637751324 0.020502752290712908 -0.050838221478017309 0.0032608366944401035 0.017842989360697569 0.030382732971680468 0.00022806885997945676 -0.00667197684496837 -0.032674161933753186 0.017357438154133303 -0.025958252846645678
leaf_weight=252.74284942448139 451.83844543993473 57.566664054989815 73.5869510024786 87.95391471683979 45.42599481344223 163.13189959526062 117.1258699297905 134.08428107202053 45.687836229801178 40.799488797783852 144.28472621738911 21.450712963938713 182.16647626459599 75.568580061197281 304.9769024848938 193.68520978093147 191.43655796349049 325.29799604415894 79.390455111861229 352.75491735339165 71.813557386398315 16.870151475071907 25.5567926466465 107.48262624442577 104.35048937797546 28.693548008799553 256.8702380657196 16.141410633921627 14.119862288236616 96.643025353550911
leaf_count=1402 2348 277 451 381 200 871 564 601 197 187 630 101 812 384 1415 857 855 1588 389 1511 348 72 119 511 547 139 1202 67 65 469
internal_value=8.0526e-05 -0.00208166 -0.00489423 -0.00414853 -0.00560315 0.0125877 -0.0091024 0.00671364 0.0139224 0.00788878 4.93022e-05 -0.00419382 0.001613 -0.00589275 -0.00464552 -0.000858998 0.00545864 -0.00794285 -0.00260835 0.00630656 0.00558208 0.00101453 -0.0189258 0.00570424 0.0163935 0.0239295 -0.0116115 0.011806 -0.00952102 -0.0201914
internal_weight=4079.5 3529.08 2961.87 2888.28 2577.36 567.217 1591.5 404.085 550.415 310.92 985.857 587.676 222.966 1139.66 1064.09 690.099 385.122 443.392 213.475 398.181 297.672 225.859 42.4269 183.432 190.611 133.044 373.996 137.744 30.2613 118.094
internal_count=19560 16779 13955 13504 12124 2824 7625 1953 2781 1380 4499 2788 999 5277 4893 3127 1712 2158 990 1711 1379 1031 191 840 963 686 1766 643 132 570
cat_boundaries=0 1 2
cat_threshold=10 10
is_linear=0
shrinkage=0.03


Tree=49
num_leaves=31
num_cat=1
split_feature=5 5 29 5 29 17 10 10 5 17 28 16 32 10 3 28 16 10 12 5 12 10 16 2 5 2 12 10 10 12
split_gain=135.157 126.675 80.8052 61.0618 63.9727 51.2807 47.6138 37.3396 36.5815 33.8585 32.6163 34.2237 32.0996 30.5358 29.2888 28.5635 61.7416 34.0923 31.6919 29.5193 27.2644 30.667 29.0033 26.4082 24.8827 28.8378 22.6154 21.6576 24.7244 26.7945
threshold=-0.98097097873687733 0.56202840805053722 86.164299011230483 -0.83753159642219532 75.77988433837892 -1.2080913782119749 0.2950000017881394 0.37500000000000006 0.4124008715152741 0.42457818984985357 24.994574546813968 0.78855508565902721 0 1.2450000047683718 391.27612304687506 20.863806724548343 -0.22490999102592465 1.060000002384186 0.024500000290572647 0.038674917072057731 -0.37100000679492945 1.0950000286102297 0.060905499383807189 7.8629119396209726 -0.75976759195327748 189.30069732666018 -0.66249999403953541 0.2950000017881394 1.0000000180025095e-35 0.42849999666213995
decision_type=2 2 2 2 2 2 2 2 2 2 2 2 1 2 2 2 2 2 2 2 2 2 2 2 2 2 2 2 2 2
left_child=-1 2 3 5 20 -2 12 23 9 13 11 -10 -7 15 -8 16 -6 18 19 -18 26 22 -22 -3 25 -17 -5 28 -26 -30
right_child=1 7 -4 4 8 6 14 -9 10 -11 -12 -13 -14 -15 -16 24 17 -19 -20 -21 21 -23 -24 -25 27 -27 -28 -29 29 -31
leaf_value=0.021214994010094371 -0.025798663382093065 0.016527857051019751 -0.030760951644513007 0.023833058025802878 -0.016198351678847509 0.022242599613472244 -0.0011306749180046447 0.029811043188721503 0.0025295047476661982 -0.0021593504995483883 0.021922160315558274 -0.034112588479284216 -0.0001753233792361778 0.029266517404051746 0.02986064094276827 0.021399396390567187 -0.016752210052487011 -0.035683695577835739 0.0186883625115544 0.019335106903732548 0.0028107131720824675 -0.02555186098003635 0.017695102245540714 -0.0021301712693842386 -0.018159855509245065 -0.011737351797855615 -0.01716339542353508 -0.025187320393439593 0.0025788690266844738 -0.031835367997985434
leaf_weight=256.75937181711197 41.427030920982361 170.87110210955143 91.338457837700844 13.43177407979965 240.45088770985603 56.98542682826519 35.617534518241882 108.38539838790894 169.11407819390297 567.08958572149277 65.344144210219383 25.522542625665665 380.10391260683537 15.820646420121191 117.57819096744061 32.786635458469391 59.986204490065575 15.750949457287787 121.92550626397133 29.692961141467094 310.19406642019749 24.069178208708763 189.45195314288139 112.92362378537655 318.79669854044914 77.71174144744873 77.063869133591652 209.77646487951279 121.1059751957655 23.448660135269165
leaf_count=1403 183 949 544 57 1163 274 160 635 704 2623 279 105 1697 70 568 146 284 74 514 130 1335 101 801 498 1723 361 352 1128 644 125
internal_value=0.000188335 -0.00122875 -0.00307597 -0.00230995 -0.00426885 0.00608248 0.00835979 0.0149013 -0.00676501 -0.00825722 0.00375491 -0.00242515 0.00329523 -0.0109821 0.0226947 -0.0115139 -0.00563083 0.00556736 0.00879131 -0.00472217 0.00423967 0.00686883 0.00847853 0.0091223 -0.0150143 -0.00180141 -0.0108845 -0.0171774 -0.0135046 -0.00318394
internal_weight=4080.52 3823.77 3431.59 3340.25 2708.53 631.712 590.285 392.18 2094.32 1834.34 259.981 194.637 437.089 1267.25 153.196 1251.43 467.807 227.356 211.605 89.6792 614.211 523.715 499.646 283.795 783.626 110.498 90.4956 673.128 463.351 144.555
internal_count=19630 18227 16145 15601 12719 2882 2699 2082 10073 8985 1088 809 1971 6362 728 6292 2165 1002 928 414 2646 2237 2136 1447 4127 507 409 3620 2492 769
cat_boundaries=0 1
cat_threshold=32
is_linear=0
shrinkage=0.03


Tree=50
num_leaves=31
num_cat=1
split_feature=5 5 2 31 7 12 12 2 3 17 17 9 12 29 14 17 0 17 10 3 14 16 5 12 16 18 14 10 12 2
split_gain=111.138 129.654 84.4222 75.9446 43.6481 39.7501 46.1695 52.5231 41.2234 38.8271 38.3363 30.4254 32.2847 28.8781 28.2001 27.9643 27.6332 26.3104 47.9618 24.5506 24.2685 27.525 25.0932 29.6748 34.1608 29.043 23.3555 23.8439 23.1792 23.0912
threshold=0.63088810443878185 -0.83753159642219532 249.83755493164065 0 -29.09250450134277 0.43999999761581426 0.028500000014901165 31.086930274963382 253.42891693115237 0.30629649758338934 -0.65381282567977894 -3.7271519899368282 -0.090500000864267335 77.084831237792983 -0.1950000002980232 1.1610170602798464 3.0111782550811772 -0.19701982289552686 -0.31000000238418574 324.63864135742193 -1.2200000286102293 0.64686599373817455 -0.96105405688285817 0.22699999809265139 -0.44829782843589777 1.5901826620101931 0.78000000119209301 0.66999998688697826 0.06749999895691873 92.114337921142592
decision_type=2 2 2 1 2 2 2 2 2 2 2 2 2 2 2 2 2 2 2 2 2 2 2 2 2 2 2 2 2 2
left_child=1 3 4 17 26 6 7 11 15 14 29 12 -6 -4 -9 -8 -2 20 28 -16 -1 22 25 24 -24 -22 -3 -28 -19 -5
right_child=16 2 13 10 5 -7 8 9 -10 -11 -12 -13 -14 -15 19 -17 -18 18 -20 -21 21 -23 23 -25 -26 -27 27 -29 -30 -31
leaf_value=0.041618685834046473 0.025314483950433009 -0.013824102074177894 -0.0071868600230939484 -0.036225053421565928 0.0084598464046946303 -0.016638605960930305 0.0012492957256276911 -0.024269027416790281 0.021148016686800709 0.0016392130147026074 0.0053915992124168293 0.021808081446687121 -0.012454135594322714 -0.021507732989818205 -0.011493416023463161 0.024790428770349711 0.0022661568203560423 -0.0150330126076707 0.034820881735559028 0.011221491747779446 0.0302943041346657 0.028045235574674469 0.012532541427279555 0.011421795458148162 -0.036180952929801759 -0.023067093269148804 0.030755137381417531 -0.0082928210125356727 0.02179340971001734 -0.0064665971103912987
leaf_weight=19.734309911727905 184.32529132068157 347.04053403437138 225.25832282006741 30.273174270987511 201.60752564668655 121.11660721898079 518.71296085417271 135.51716591417789 145.99006350338459 262.17642918229103 349.95475135743618 85.552892372012138 97.84922368824482 293.04699540138245 273.48954707384109 48.786355316638947 62.920525684952736 30.631235480308533 148.16217823326588 49.911543443799019 39.494957372546196 43.941320016980171 18.272723644971848 43.339008331298828 40.286341428756714 11.066293522715567 21.758403137326241 36.081519901752472 28.967912077903748 96.544248312711716
leaf_count=101 1083 1721 1049 136 885 558 2345 725 652 1191 1615 395 438 1641 1341 222 295 139 836 229 231 212 77 187 170 50 99 166 167 427
internal_value=3.94905e-05 -0.00124226 -0.0043645 0.00867952 -0.00194047 -6.92986e-05 0.00104213 -0.00279536 0.00698688 -0.00756861 0.000263557 0.00614104 0.00160738 -0.0153096 -0.0128211 0.00331311 0.0194818 0.0176996 0.0257306 -0.00796397 0.010712 0.00741138 0.00132035 -0.00724806 -0.0210252 0.0183943 -0.0108872 0.00666941 0.00293057 -0.0137982
internal_weight=4011.81 3764.56 2863.9 900.668 2345.59 1940.71 1819.59 1106.1 713.489 721.095 476.772 385.01 299.457 518.305 458.918 567.499 247.246 423.896 207.761 323.401 216.135 196.401 152.459 101.898 58.5591 50.5613 404.88 57.8399 59.5991 126.817
internal_count=19383 18005 13657 4348 10967 8981 8423 5204 3219 3486 2178 1718 1323 2690 2295 2567 1378 2170 1142 1570 1028 927 715 434 247 281 1986 265 306 563
cat_boundaries=0 1
cat_threshold=10
is_linear=0
shrinkage=0.03


Tree=51
num_leaves=31
num_cat=1
split_feature=6 4 29 7 6 29 32 12 17 10 10 14 12 18 9 4 4 12 14 10 10 12 6 9 9 0 17 6 11 12
split_gain=104.339 96.7449 74.0708 62.8404 55.7698 69.1297 49.8368 39.162 34.9344 33.1627 28.6426 44.4461 27.7635 27.4285 26.536 25.6067 23.9332 21.775 25.9924 32.3458 27.1452 48.4733 22.0654 21.2929 20.7758 20.7151 20.7003 32.1176 18.434 18.0276
threshold=-0.18987156450748441 43.500000000000007 86.164299011230483 -5.0161798000335684 -0.58134955167770375 76.34873199462892 0 -0.37100000679492945 0.19942466914653781 -0.12499999627470969 0.2950000017881394 0.69499999284744274 -0.52750000357627858 1.716315031051636 183.65167999267581 252.50000000000003 95.500000000000014 0.42849999666213995 -0.15999999642372129 -0.18500000238418576 0.1799999997019768 -0.01150000002235174 -0.85020262002944935 -2.9940690994262691 33.046781539916999 7.8485026359558114 -0.21463730931282041 -0.77289488911628712 81.500000000000014 0.35000000894069677
decision_type=2 10 2 2 2 2 1 2 2 2 2 2 2 2 2 10 10 2 2 2 2 2 2 2 2 2 2 2 2 2
left_child=1 2 4 16 5 7 -6 12 17 15 -8 -12 24 -2 26 -5 -3 18 19 -9 25 22 -22 -11 -1 -20 -7 -28 -14 -10
right_child=13 3 -4 9 6 14 10 8 29 23 11 -13 28 -15 -16 -17 -18 -19 20 -21 21 -23 -24 -25 -26 -27 27 -29 -30 -31
leaf_value=-0.009349431763344478 0.023248556322227044 0.011887543349428523 -0.028205842492197045 0.010223538772660648 0.015937652431890929 -0.013367578526233662 -0.0051220475926860836 -0.00012967405633221649 0.014503324460108559 0.014023310532279587 0.028846907196509494 -0.0051871133360345406 -0.033242340274552272 -0.0021169234584205226 -0.030193491736893556 -0.019169635795303817 -0.007231389693510783 -0.020744630976812201 -0.0048143334041110255 -0.029445321652066064 -0.027650439550457644 0.021188709172063874 0.0056125012993585976 0.030988998674621578 0.028406904497760045 0.027625171746894661 -0.0091120918455612661 0.005802822503407282 -0.0037126416219375471 -0.008638669973394927
leaf_weight=39.123200491070747 206.80134488642216 77.932401165366173 106.23275701701641 169.92898818850517 217.84975042939186 515.70361380279064 382.07172177731991 130.7916963249445 264.61112999916077 150.49631533026695 64.085097283124924 73.027691558003426 58.242926955223083 46.860704958438873 53.830510258674622 30.659396678209305 231.74907283484936 45.761408418416977 23.072960287332535 44.716966673731804 50.69603568315506 50.910591810941696 27.04521381855011 123.08921925723553 18.501257091760635 71.686163574457169 524.52934953570366 171.8558586537838 28.431910693645477 33.530923187732697
leaf_count=178 1175 339 616 833 1037 2724 1695 590 1130 733 305 324 294 226 311 134 1046 211 101 222 240 223 123 680 83 312 2639 761 134 144
internal_value=-1.4324e-05 -0.00126616 -0.00372109 0.00811066 -0.00281164 -0.00524938 0.00430702 0.00117194 0.0039534 0.014964 -0.000883839 0.0108137 -0.0130751 0.0185727 -0.00974665 0.00565806 -0.00239727 -0.00137612 0.000892019 -0.00772336 0.00766441 -0.00132737 -0.0161544 0.0217414 0.00305062 0.0197587 -0.00881444 -0.00542831 -0.0237086 0.0118805
internal_weight=4033.83 3780.16 2996.31 783.855 2890.08 2153.04 737.034 887.122 742.823 474.174 519.185 137.113 144.299 253.662 1265.92 200.588 309.681 444.681 398.92 175.509 223.411 128.652 77.7412 273.586 57.6245 94.7591 1212.09 696.385 86.6748 298.142
internal_count=19563 18162 14397 3765 13781 10420 3361 3985 3296 2380 2324 629 689 1401 6435 967 1385 2022 1811 812 999 586 363 1413 261 413 6124 3400 428 1274
cat_boundaries=0 1
cat_threshold=48
is_linear=0
shrinkage=0.03


Tree=52
num_leaves=31
num_cat=1
split_feature=6 17 6 6 32 14 16 18 10 1 2 6 7 14 10 14 10 28 6 28 9 10 18 10 16 28 4 18 16 2
split_gain=103.778 81.626 57.9162 46.2679 45.4167 38.5724 33.7638 33.7362 32.8611 36.3324 30.5094 35.4145 34.3871 31.2867 60.1424 45.2409 40.9323 28.8531 26.1355 24.3946 50.6133 23.7869 40.0249 37.1349 31.9709 29.735 22.91 22.0253 20.5334 24.9441
threshold=-0.18987156450748441 0.40543007850646978 -0.79671859741210926 -0.98471984267234791 0 -0.99500000476837147 1.9535394310951235 1.420721232891083 -0.36500000953674311 117.0063819885254 257.01449584960943 -0.54638096690177906 -19.59663105010986 -0.11999999731779097 -0.24499999731779096 -0.38499999046325678 0.11499999836087228 24.994574546813968 -0.35488262772560114 20.863806724548343 25.02580547332764 0.39499999582767492 1.1728448867797854 0.53000000119209301 -0.32504084706306452 18.71020603179932 224.50000000000003 1.716315031051636 0.75175401568412792 69.823360443115249
decision_type=2 2 2 2 1 2 2 2 2 2 2 2 2 2 2 2 2 2 2 2 2 2 2 2 2 2 10 2 2 2
left_child=1 3 7 19 -5 -4 10 8 9 -3 12 -12 18 14 15 26 -15 -16 28 20 -1 22 24 -23 -18 -25 -14 -2 29 -6
right_child=27 2 5 4 6 -7 -8 -9 -10 -11 11 -13 13 16 17 -17 21 -19 -20 -21 -22 23 -24 25 -26 -27 -28 -29 -30 -31
leaf_value=-0.017087014106558541 0.022886252737188469 0.01861189542302593 -0.024553105780731541 -0.026115083797391501 -0.02319548316592198 0.015697802794761878 0.025246935966627526 0.0077683104401594129 -0.010306351013153399 -0.031402160404240952 -0.015902318300583543 0.0025845021170472935 -0.0019628884609800053 0.019827764130505205 -0.029763134088252173 0.014743305173958001 0.026089058451477808 0.0086036334922709682 0.0088126050879889384 -0.021569977469028025 0.016654488711026399 0.032092688422551009 -0.016643147495707472 -0.016334050579630686 -0.0016009712704029638 0.01025130809291277 -0.026860393135691156 -0.00065868375660828261 0.0084417165843010816 -0.0069868107519255014
leaf_weight=122.0083010494709 201.79628360271454 75.516243323683739 21.682640746235847 61.048998787999153 124.77559588849545 427.7801339328289 39.551806479692459 284.09123001992702 312.82145699858665 14.825116619467734 275.62087346613407 140.31777343153954 193.22189176082611 153.05138485133648 93.270441070199013 151.64080075919628 48.657635867595673 21.226999074220657 78.415712058544159 189.88520359992981 58.371411964297295 50.367168366909027 119.84490317106247 50.04077273607254 153.21199752390385 145.91355811059475 39.228170409798622 43.345516607165337 48.294819489121437 271.04685847461224
leaf_count=586 1164 331 98 352 584 2134 184 1308 1495 78 1463 626 881 707 447 689 214 107 374 1135 263 247 545 225 686 688 176 209 218 1297
internal_value=-0.000135519 -0.00136875 0.00534533 -0.00427268 -0.00265815 0.0137059 -0.0018677 -0.000134409 -0.00570855 0.0101506 -0.00238474 -0.00967451 -0.000639811 0.00211919 -0.00365481 0.00204796 0.0061111 -0.0226373 -0.00707152 -0.0140881 -0.00613654 0.00238694 -0.00298285 0.009384 0.00516899 0.00341375 -0.00626164 0.0187373 -0.0098896 -0.0121419
internal_weight=4010.87 3765.73 1136.72 2629.01 2258.75 449.463 2197.7 687.254 403.163 90.3414 2158.15 415.939 1742.21 1219.68 498.588 384.091 721.087 114.497 522.533 370.265 180.38 568.036 321.715 246.321 201.87 195.954 232.45 245.142 444.117 395.822
internal_count=19511 18138 5444 12694 10710 2232 10358 3212 1904 409 10174 2089 8085 5612 2300 1746 3312 554 2473 1984 849 2605 1445 1160 900 913 1057 1373 2099 1881
cat_boundaries=0 1
cat_threshold=1
is_linear=0
shrinkage=0.03


Tree=53
num_leaves=31
num_cat=2
split_feature=5 5 29 17 5 14 16 29 17 5 5 10 32 12 18 16 29 18 12 32 29 14 2 12 12 12 14 5 16 5
split_gain=108.376 105.673 67.4944 47.9779 40.9129 44.829 40.9047 39.374 35.7315 33.1482 36.1268 32.8882 29.1481 27.8076 27.023 26.3839 27.3995 32.3578 25.4182 24.7768 24.3369 40.8621 31.7301 26.8033 24.2551 40.9137 23.4278 23.2243 22.5896 27.2643
threshold=-0.98097097873687733 0.56202840805053722 86.164299011230483 -0.22853047400712964 -0.73172146081924427 -0.73000001907348622 0.9592377543449403 75.77988433837892 -0.37786428630352015 0.33273787796497351 -0.8126716911792754 0.37500000000000006 0 0.42849999666213995 1.716315031051636 0.7252347767353059 78.088207244873061 0.741478592157364 -0.095499999821186052 1 76.581501007080092 -0.11999999731779097 69.823360443115249 0.028500000014901165 -0.33699999749660486 -0.28399999439716334 -0.37499999999999994 0.52643132209777843 -0.28875534236431116 -0.83753159642219532
decision_type=2 2 2 2 2 2 2 2 2 2 2 2 1 2 2 2 2 2 2 1 2 2 2 2 2 2 2 2 2 2
left_child=14 2 3 6 5 -5 9 18 -8 10 15 19 28 24 -1 16 17 -2 -6 26 21 23 -23 -12 -9 -26 -3 -27 -7 -30
right_child=1 11 -4 4 7 12 8 13 -10 -11 20 -13 -14 -15 -16 -17 -18 -19 -20 -21 -22 22 -24 -25 25 27 -28 -29 29 -31
leaf_value=0.02393853543823312 0.0048226105129826422 0.00070846317524560047 -0.028990639345659267 -0.018043965967464846 -0.0029616082373879271 0.036717089777701793 0.018378483735479054 -0.012905940928486313 -0.016934213074992151 0.0018576840326503933 -0.033045448965015413 0.028156295624874528 0.0043807990621551338 -0.019889614103778777 -0.0025489150460121434 0.025850293102317169 0.011834329642801225 -0.018365515123026976 0.01524010497565716 0.00046041123884099666 -0.018741962336018703 -0.017142665051039271 0.006175539903646248 -0.0090054564196837168 0.03949058026792307 -0.0029354378411534056 0.030153523565150896 0.021203673285394589 0.025678434014500932 -0.0036662648094052852
leaf_weight=202.77236348390579 89.056849002838135 36.517181545495987 85.559777110815048 48.97311832010746 112.4878875464201 60.91101598739624 102.71800471842289 169.7069698870182 33.454329460859299 272.34449136257172 73.887371897697449 103.87663070857525 239.03645047545433 93.438779562711716 41.553083226084709 28.203775063157082 73.013552248477936 135.87543220818043 176.65987895429134 166.92321921885014 378.48882019519806 72.950563907623291 180.2364115267992 96.72850513458252 21.510140553116798 651.17219412326813 72.098232597112656 36.963704600930214 71.108414396643639 46.743654236197472
leaf_count=1189 381 194 535 224 483 287 447 855 153 1146 416 641 1068 467 201 127 324 616 748 808 2148 338 834 438 91 3088 435 160 387 202
internal_value=0.000126977 -0.00114284 -0.00284297 -0.00214924 0.00127934 0.00885778 -0.00600391 -0.00152861 0.00964278 -0.00753074 -0.00979623 0.0138417 0.0120467 -0.00441777 0.0194417 -0.0013714 -0.00402607 -0.00920399 0.00817324 0.00836291 -0.0132151 -0.00824678 -0.000584125 -0.0195482 -0.00275303 -0.000310284 0.0186493 -0.0016099 0.0208143 0.0141065
internal_weight=3974.97 3730.65 3351.23 3265.67 1728.71 466.773 1536.96 1261.94 136.172 1400.79 1128.44 379.415 417.8 972.792 244.325 326.15 297.946 224.932 289.148 275.539 802.292 423.803 253.187 170.616 879.353 709.646 108.615 688.136 178.763 117.852
internal_count=19431 18041 15963 15428 8060 2168 7368 5892 600 6768 5622 2078 1944 4661 1390 1448 1321 997 1231 1437 4174 2026 1172 854 4194 3339 629 3248 876 589
cat_boundaries=0 1 2
cat_threshold=56 56
is_linear=0
shrinkage=0.03


Tree=54
num_leaves=31
num_cat=2
split_feature=5 5 29 31 17 29 5 28 5 28 12 4 14 16 10 5 3 17 14 10 14 32 16 10 10 14 10 12 17 14
split_gain=96.3972 113.081 59.6161 58.7804 54.7826 45.9208 41.0498 34.9676 33.6399 35.8948 33.8941 32.5397 31.7093 31.3882 29.9654 27.6768 27.5218 27.2059 27.099 24.3203 23.8355 23.5506 27.3428 20.5485 32.2055 35.3809 85.5862 27.2697 20.2832 20.989
threshold=0.63088810443878185 -0.88134551048278797 86.164299011230483 0 1.141010642051697 75.77988433837892 0.25061884522438055 24.009605407714847 -0.70125329494476307 20.863806724548343 0.024500000290572647 12.500000000000002 0.47499999403953558 -0.56506931781768788 -0.64500001072883595 0.33273787796497351 339.73304748535162 -0.5103931427001952 1.1899999976158144 -0.35500000417232508 0.76499998569488536 1 -0.28875534236431116 1.1600000262260439 0.34499999880790716 0.30500000715255743 0.16000000387430194 0.42849999666213995 -1.898898661136627 -0.79499998688697804
decision_type=2 2 2 1 2 2 2 2 2 2 2 10 2 2 2 2 2 2 2 2 2 1 2 2 2 2 2 2 2 2
left_child=1 3 4 -1 5 -3 8 28 12 10 19 -6 21 -12 -9 -16 -14 -5 -15 -10 -21 22 -7 24 25 -11 -27 -28 -8 -30
right_child=-2 2 -4 17 11 6 7 14 9 23 13 -13 16 18 15 -17 -18 -19 -20 20 -22 -23 -24 -25 -26 26 27 -29 29 -31
leaf_value=0.018657445426826239 0.018418938725294647 0.0029387208756726626 -0.030283649776350865 -0.010851864280004189 0.0019772810900754011 0.037332919636565196 0.029171651506896112 -0.01993998502360831 0.008614111562089518 -0.016983206263311623 -0.014771726927958336 0.022777137024839571 -0.022580091204564081 0.015657418946678488 -0.0090576676379075759 0.023685852934417457 0.020504505139595657 0.0064849115276807336 -0.022013696065432891 -0.020998687551572245 0.017480229915768308 -0.010213553294361284 -0.0047226332787101977 0.017332916442474318 -0.028410700801159337 0.060262441558853463 0.002620644837722899 -0.034396004695684455 0.019344503324577239 -0.0078977637016237508
leaf_weight=328.46295002102852 241.81956559419632 598.73410741984844 72.801988780498505 113.59471352398396 195.85246187448502 21.843342795968056 14.513734444975851 21.921796262264252 37.471386715769768 392.91931734979153 59.08479468524456 102.61973337829113 15.125272139906881 132.22316044569016 28.554862588644028 113.80322150886059 79.722114905714989 280.86764988303185 18.840183362364769 167.02180966734886 15.108812078833578 242.58692964911461 35.101369559764862 15.363256335258482 164.4977787733078 18.100831344723701 49.792648434638977 26.862829685211182 26.568984106183052 338.75043603777885
leaf_count=1809 1381 2621 480 508 886 97 62 98 174 2243 271 472 68 558 131 504 343 1330 81 840 68 1147 152 75 943 92 258 157 114 1509
internal_value=0.000103596 -0.00108884 -0.00365137 0.009556 -0.00298021 -0.00436093 -0.00650818 0.000544942 -0.00907958 -0.0117785 -0.00499973 0.0091808 -0.00155965 0.00360704 0.0120671 0.0171006 0.0134699 0.00144112 0.0108453 -0.013215 -0.0177286 -0.00634778 0.0100422 -0.0161285 -0.0169421 -0.0130234 0.00340241 -0.0106272 -0.00445707 -0.00586909
internal_weight=3970.53 3728.71 3005.79 722.925 2932.99 2634.51 2035.78 544.113 1491.67 1097.29 429.75 298.472 394.379 210.148 164.28 142.358 94.8474 394.462 151.063 219.602 182.131 299.532 56.9447 667.537 652.173 487.676 94.7563 76.6555 379.833 365.319
internal_count=19472 18091 14444 3647 13964 12606 9985 2418 7567 5760 1992 1358 1807 910 733 635 411 1838 639 1082 908 1396 249 3768 3693 2750 507 415 1685 1623
cat_boundaries=0 1 2
cat_threshold=10 32
is_linear=0
shrinkage=0.03


Tree=55
num_leaves=31
num_cat=0
split_feature=5 5 17 2 0 12 12 5 7 3 16 12 5 10 4 4 4 12 3 4 3 10 16 10 16 5 12 7 16 17
split_gain=93.7243 107.851 40.4249 33.8273 30.584 30.3829 31.1634 30.2416 30.0135 34.477 34.0774 27.0798 25.6354 26.9062 25.2756 35.8399 29.7101 27.6985 23.8641 23.6625 23.376 22.5679 21.2931 21.5367 19.843 19.1187 18.9102 18.4582 18.2849 28.49
threshold=0.63088810443878185 -0.96105405688285817 1.141010642051697 254.58805084228518 25.566171646118168 0.056499999016523368 -0.61199998855590809 -0.8126716911792754 -29.09250450134277 308.45028686523443 -1.8195750117301939 0.26600000262260443 -0.9936448037624358 0.49500000476837164 3.5000000000000004 168.50000000000003 55.500000000000007 -0.16650000214576718 142.66426086425784 12.500000000000002 226.6340026855469 -0.59000000357627858 -0.92327180504798878 0.12499999627470972 1.1503108739852907 0.12431468442082406 -0.28399999439716334 -5.3632299900054923 1.5459565520286562 -0.30468432605266565
decision_type=2 2 2 2 2 2 2 2 2 2 2 2 2 2 10 10 10 2 2 10 2 2 2 2 2 2 2 2 2 2
left_child=1 5 3 8 27 6 -1 22 9 -3 -10 -11 -8 28 20 16 18 26 24 -4 25 -22 -5 -24 -16 -12 -17 -2 29 -14
right_child=4 2 19 7 -6 -7 12 -9 10 11 14 -13 13 -15 15 17 -18 -19 -20 -21 21 -23 23 -25 -26 -27 -28 -29 -30 -31
leaf_value=0.037338393901850113 -0.0062210575683061898 -0.017437755393848633 0.0012439756394533453 0.025371152806048881 -0.02329069725399965 0.023445510371582778 0.018450715759332176 -0.015419056064749673 -0.020064988320081779 -0.0060330405005151232 -0.016417165373286757 0.020397441150043903 -0.020566437303135711 0.028850824622637689 -0.0058858816120685165 -0.0038377774166862646 0.017044338547314197 -0.012788453918582614 0.007860721360529066 0.018616475574001371 -0.018244867295154028 0.0036316145328239226 -0.015188430407817203 0.0063470672134066748 0.026826727158974523 -0.0031353583729631668 0.025054576723082388 0.023536750368415859 -0.040206241438774361 0.011063222740969264
leaf_weight=24.640541195869446 20.274777978658676 239.62468617409468 215.36016675829887 23.351186722517014 14.319465652108191 162.58790329098701 58.718547314405441 397.06138829886913 80.312359467148781 191.0005436912179 187.20775797963142 41.638568937778473 53.149617567658424 17.159145995974541 256.90919396281242 50.124578103423119 168.84170271456242 193.90505051612854 373.74904908239841 104.06579113006592 47.536151587963104 337.02747289091349 84.395353451371193 81.03358119726181 16.858429729938507 203.69869165122509 33.111977249383926 200.80711394548416 15.036982521414755 47.775979653000832
leaf_count=146 101 1255 1001 107 61 933 336 2186 405 886 985 194 248 95 1207 219 752 857 1701 485 229 1560 382 368 75 962 150 1202 64 259
internal_value=-0.000291408 -0.00145932 -0.00318805 -0.00426619 0.0180233 0.013681 0.0062732 -0.0107291 -0.00269885 -0.00947586 -0.00105293 -0.00123536 0.00211016 -0.00518131 -0.000225657 0.00271139 0.00587465 -0.00659404 0.00294034 0.0069442 -0.00436539 0.000887142 -0.000835341 -0.00466475 -0.00378116 -0.00952177 0.00781675 0.020792 -0.0104207 -0.005632
internal_weight=3941.28 3705.88 3326.81 3007.39 235.401 379.069 216.481 585.842 2421.55 472.264 1949.28 232.639 191.84 133.122 1868.97 1093.5 816.358 277.142 647.517 319.426 775.47 384.564 188.78 165.429 273.768 390.906 83.2366 221.082 115.963 100.926
internal_count=19411 18047 15966 14480 1364 2081 1148 3043 11437 2335 9102 1080 1002 666 8697 4961 3735 1226 2983 1486 3736 1789 857 750 1282 1947 369 1303 571 507
is_linear=0
shrinkage=0.03


Tree=56
num_leaves=31
num_cat=0
split_feature=5 3 29 5 29 5 28 28 7 12 12 29 12 9 21 10 12 10 10 9 16 28 18 6 10 1 14 10 14 10
split_gain=93.9291 100.276 71.2738 60.3592 51.8257 42.7705 39.7289 32.4956 31.1152 28.9843 30.1323 30.1045 30.0978 26.4197 25.6343 29.0417 24.595 33.3947 23.7618 22.807 22.5294 28.627 27.8146 23.1941 25.0435 21.9129 21.4693 23.5554 35.1319 79.348
threshold=-0.98902499675750721 1.0000000180025095e-35 86.164299011230483 -0.83753159642219532 76.34873199462892 0.25061884522438055 19.164343833923343 24.009605407714847 -4.5858092308044425 0.43999999761581426 -0.37100000679492945 75.522090911865249 -0.52750000357627858 193.68643951416018 1.0000000180025095e-35 -0.62499999999999989 0.32000000774860388 0.49500000476837164 1.0950000286102297 -14.682057857513426 0.070914063602685942 20.863806724548343 1.4547299742698672 -0.92449048161506642 0.81499999761581432 9.824522018432619 -1.0349999666213987 0.35999999940395361 0.30500000715255743 0.16000000387430194
decision_type=2 2 2 2 2 2 2 2 2 2 2 2 2 2 2 2 2 2 2 2 2 2 2 2 2 2 2 2 2 2
left_child=-1 8 3 6 9 13 14 -7 -2 10 12 -11 -5 26 15 -3 17 -8 20 -20 23 -22 -23 24 -12 -9 -6 28 -28 -30
right_child=1 2 -4 4 5 7 16 25 -10 11 18 -13 -14 -15 -16 -17 -18 -19 19 -21 21 22 -24 -25 -26 -27 27 -29 29 -31
leaf_value=0.023676351414145723 -0.0030794615722936555 -0.026896937036145176 -0.027444096259873558 0.0059141911837427962 -0.030039598710079149 -0.0055382477621858028 0.0047528240753545604 0.019645072150331198 0.022071956517299922 0.012970702449229122 -0.0063057337251907677 -0.030305143197618702 -0.020651788993245952 -0.031815653661190789 -0.019392945375927766 0.0059420924395469686 0.027165187233205365 0.033079254260927192 -0.044476548329838418 0.0077777784337852785 0.018489869430369798 -0.010013596873676922 0.022203189257469405 0.008223569953160698 0.033271782098477809 -0.0020663058243534688 -0.0091897721459850337 -0.016066826766668707 0.051064947855899386 -0.0026044591673329625
leaf_weight=143.603635892272 55.764115244150162 26.168110877275467 97.580580279231071 65.583764404058456 41.479107931256294 274.85953232645988 271.70653189718723 104.06355006992817 209.59235934913158 19.933868736028671 262.4674019664526 47.569264844059944 90.331339240074158 47.173360630869865 59.120857611298561 224.13865308463573 81.270662575960159 42.547282427549362 15.971928060054781 13.032775878906248 208.56090731918812 78.780354917049408 33.569374844431877 266.30547152459621 14.232921078801153 69.2310631275177 627.54149177670479 262.32490336894989 28.122846513986588 166.20221097767353
leaf_count=859 266 116 596 299 231 1222 1324 471 1245 86 1203 221 458 277 262 1017 413 231 68 61 888 348 138 1190 60 308 3290 1360 133 828
internal_value=-5.56914e-05 -0.000957289 -0.00229239 -0.00157163 -0.00358767 -0.00701166 0.00625067 0.000870712 0.0167947 0.00138601 0.00261852 -0.0175229 -0.00951066 -0.0100218 -0.00180031 0.0024156 0.0125378 0.00868074 0.0047447 -0.0215203 0.00565036 0.0119394 -0.000276471 0.0019185 -0.00415746 0.0110093 -0.00908102 -0.00825224 -0.00574148 0.00538428
internal_weight=3948.83 3805.23 3539.87 3442.29 2737.34 1621 704.952 448.154 265.356 1116.34 1048.84 67.5031 155.915 1172.84 309.428 250.307 395.524 314.254 892.921 29.0047 863.916 320.911 112.35 543.006 276.7 173.295 1125.67 1084.19 821.867 194.325
internal_count=19469 18610 17099 16503 13140 8120 3363 2001 1511 5020 4713 307 757 6119 1395 1133 1968 1555 3956 129 3827 1374 486 2453 1263 779 5842 5611 4251 961
is_linear=0
shrinkage=0.03


Tree=57
num_leaves=31
num_cat=2
split_feature=5 5 29 17 16 14 5 12 12 14 10 29 12 5 12 12 31 12 17 28 17 13 12 9 17 4 4 32 18 12
split_gain=93.0545 103.773 59.6114 35.8191 58.0705 37.1678 51.4531 35.7685 35.1329 32.237 31.9436 31.7586 29.1401 29.1527 33.6757 28.5617 27.1014 26.474 25.5918 27.9495 23.8133 23.6312 29.8726 23.4278 21.7031 21.5855 28.6398 20.8123 42.9822 20.5745
threshold=-0.96105405688285817 0.56202840805053722 86.164299011230483 -0.34192450344562525 0.9592377543449403 -1.0349999666213987 -0.73172146081924427 0.42849999666213995 -0.37100000679492945 0.20499999821186068 0.37500000000000006 76.34873199462892 0.056499999016523368 -0.98902499675750721 1.0000000180025095e-35 -0.10600000247359274 0 0.35000000894069677 0.29685099422931677 22.590013504028324 -1.9785536527633665 42.500000000000007 0.23849999904632571 -10.046835422515867 0.40543007850646978 45.500000000000007 168.50000000000003 1 0.40214560925960546 -0.28399999439716334
decision_type=2 2 2 2 2 2 2 2 2 2 2 2 2 2 2 2 1 2 2 2 2 2 2 2 2 8 10 1 2 2
left_child=12 2 3 4 20 -5 27 8 9 -8 16 23 13 -1 15 18 -3 -13 19 -15 -2 22 25 -10 29 -22 -27 28 -7 -18
right_child=1 10 -4 5 -6 6 7 -9 11 -11 -12 17 -14 14 -16 -17 24 -19 -20 -21 21 -23 -24 -25 -26 26 -28 -29 -30 -31
leaf_value=0.021047383637097985 0.015685104067582806 0.017561828574812172 -0.029642026193842933 -0.018349441135155957 0.013626514131893844 -0.015074255508200032 -0.019676031330229899 -0.016986606725713067 0.00022543216878031464 0.0056201885029191247 0.027877410919460065 -0.0038266151380122798 0.023809655797495138 -0.031326175244771291 -0.047565558081618643 0.035434809455494473 -0.040597554053730812 0.026968096214320829 0.018508742477224064 0.0061653813438514839 -0.012530338212165818 -0.013727464006308818 0.0091163288608701893 0.014612370002136488 0.012548957730085079 0.021210575521038628 -0.010958002782528634 0.0035509761732150833 0.025314353077167496 -0.003722453274792455
leaf_weight=79.327438220381737 33.689552769064903 122.1720112413168 75.654059156775475 95.29560649394989 113.07975429296494 27.637362495064735 141.29989901185036 128.55392786860466 181.69843293726444 65.997011661529541 98.265685424208641 578.37060308456421 157.00793817639351 36.421429455280304 12.073695629835127 19.474013611674309 15.87553124129772 25.271393999457359 32.011858582496643 33.767132014036179 306.92206886410713 584.47132149338722 107.39275377988815 230.9479855298996 59.29988257586956 44.333333134651184 54.345015406608582 225.48549282550812 144.56090052425861 71.868106991052628
leaf_count=468 156 706 509 470 499 124 736 636 780 326 631 2799 921 163 51 100 73 118 184 180 1509 3014 474 982 317 185 233 992 689 341
internal_value=-0.000252608 -0.00175339 -0.00350661 -0.00285721 -0.00678874 -0.000203784 0.000794347 -0.0019969 -0.000409448 -0.0116342 0.0133151 0.00188929 0.0140387 0.0067612 -0.0018054 0.00308608 0.00791624 -0.00249493 -0.00336151 -0.0134561 -0.00883985 -0.0096063 -0.00489335 0.0082933 -0.00126328 -0.00861606 0.00356221 0.0102659 0.0177572 -0.0107766
internal_weight=3902.57 3532.49 3165.01 3089.35 1244.23 1845.12 1749.82 1352.14 1223.59 207.297 367.481 1016.29 370.084 213.076 133.748 121.674 269.216 603.642 102.2 70.1886 1131.15 1097.46 512.993 412.646 147.044 405.6 98.6783 397.684 172.198 87.7436
internal_count=19366 17299 15231 14722 6070 8652 8182 6377 5741 1062 2068 4679 2067 1146 678 627 1437 2917 527 343 5571 5415 2401 1762 731 1927 418 1805 813 414
cat_boundaries=0 1 2
cat_threshold=10 56
is_linear=0
shrinkage=0.03


Tree=58
num_leaves=31
num_cat=1
split_feature=5 5 29 17 14 10 14 16 6 10 14 10 31 12 12 17 18 12 5 12 1 2 9 29 12 2 5 6 29 12
split_gain=79.4546 82.6732 59.2352 48.2387 32.1509 36.603 116.179 38.0557 37.6196 35.0401 34.2547 33.2722 30.7675 35.2599 35.2316 32.02 29.1784 27.506 37.4188 34.4031 27.2056 26.3109 26.7666 27.8662 31.7725 23.8501 23.5715 23.0892 21.9586 26.4016
threshold=-0.98097097873687733 0.63088810443878185 86.164299011230483 1.141010642051697 -1.0349999666213987 -0.33500000834465021 -0.11999999731779097 0.9592377543449403 -0.9563411772251128 0.24000000208616259 0.42499999701976782 -0.91499999165534962 0 0.024500000290572647 -0.46099999547004694 0.38102295994758612 1.716315031051636 -0.090500000864267335 -0.88134551048278797 0.32000000774860388 4.3701298236846933 364.41322326660162 -4.9689743518829337 78.088207244873061 0.22399999946355822 16.788583755493168 -0.85957497358322132 -0.99223279953002919 75.224540710449233 0.43999999761581426
decision_type=2 2 2 2 2 2 2 2 2 2 2 2 1 2 2 2 2 2 2 2 2 2 2 2 2 2 2 2 2 2
left_child=16 2 3 4 11 17 26 8 12 -9 -11 -2 13 14 -8 -16 -1 18 -6 -19 -3 22 23 28 -25 -24 -7 -20 -10 -30
right_child=1 20 -4 -5 5 6 7 9 21 10 -12 -13 -14 -15 15 -17 -18 19 27 -21 -22 -23 25 24 -26 -27 -28 -29 29 -31
leaf_value=0.022131945778450325 0.017320934167172876 0.023838028300909843 -0.026425073415149915 0.0096618546719352983 -0.029319041832669125 -0.0026021377155465665 0.020965008404839145 0.026921671175157456 0.020186496633935305 -0.016760288554858033 0.011626047862944572 -0.022451174868019966 -0.019816917595935516 0.013933033502837104 -0.03600038882797215 0.0049697885209783049 -0.0046084621154327682 -0.0014336720349558869 -0.0073229665004926562 0.036999365409344447 0.00232365110251138 -0.013360959009403503 0.024517507901438498 -0.00079013219432784974 0.027047491666728686 0.004595256258512293 -0.021246891883954604 0.022222456349236711 -0.0030724229370574 -0.01976178568054018
leaf_weight=191.44905689358711 21.619571432471275 152.08555560559034 86.267899438738823 320.64236038923264 15.768970027565954 74.521612539887428 20.376288816332817 77.91610711812973 28.439365267753601 54.385926097631454 122.83987563848495 121.71043087542057 163.63178327679634 74.241699308156967 51.476826533675194 25.188389122486115 45.00623707473278 446.91754713654518 27.686952874064445 20.99115976691246 81.185987249016762 115.32568818330765 63.066632941365242 103.59586217999458 56.268972739577293 352.22189952433109 343.72626006603241 152.11257348954678 422.7434533983469 106.04597355425358
leaf_count=1177 97 987 559 1504 70 343 91 350 122 261 557 617 964 314 267 111 221 2126 144 92 401 590 307 500 273 1620 1833 668 1929 496
internal_value=0.000221573 -0.000856952 -0.00202101 -0.00139116 -0.00255106 -0.00186708 -0.00368854 -0.000437364 -0.00217239 0.0102913 0.00286987 -0.0163736 -0.0110838 -0.00144027 -0.0133707 -0.0226489 0.0170443 0.00432266 0.0137398 0.000365726 0.0163922 0.000226597 0.00162097 -0.00188934 0.00911534 0.00767232 -0.017939 0.0176575 -0.00505718 -0.00645037
internal_weight=3939.46 3703 3469.73 3383.46 3062.82 2919.49 2256.01 1837.76 1582.62 255.142 177.226 143.33 334.915 171.283 97.0415 76.6652 236.455 663.477 195.568 467.909 233.272 1247.71 1132.38 717.094 159.865 415.289 418.248 179.8 557.229 528.789
internal_count=19591 18193 16805 16246 14742 14028 10928 8752 7584 1168 818 714 1747 783 469 378 1398 3100 882 2218 1388 5837 5247 3320 773 1927 2176 812 2547 2425
cat_boundaries=0 1
cat_threshold=4
is_linear=0
shrinkage=0.03


Tree=59
num_leaves=31
num_cat=2
split_feature=5 5 29 17 6 16 12 31 2 7 12 2 29 10 2 18 21 18 17 31 10 5 5 10 10 29 29 17 12 12
split_gain=90.235 92.72 51.5968 31.587 33.5792 35.3862 31.9899 31.2547 30.3652 35.4306 25.2383 24.7088 22.4905 22.345 23.3386 23.2376 26.4733 21.9512 22.6976 21.4927 26.1681 24.1016 21.4346 40.2075 39.8939 41.989 31.4984 25.7346 19.4367 23.7201
threshold=-0.93404099345207203 0.63088810443878185 86.164299011230483 0.069999270141124739 -0.98471984267234791 1.1675921082496645 -1.0000000180025095e-35 0 249.83755493164065 -23.144579887390133 -0.50149999558925618 6.6270833015441903 75.224540710449233 0.49500000476837164 162.48621368408206 0.51983559131622326 1.0000000180025095e-35 1.5901826620101931 0.76505395770072948 1 0.28499999642372137 -0.04725049436092376 -0.78753387928009022 -0.62499999999999989 -0.35500000417232508 77.177566528320327 81.26676177978517 1.5727599859237673 0.13350000232458117 -0.23350000381469724
decision_type=2 2 2 2 2 2 2 1 2 2 2 2 2 2 2 2 2 2 2 1 2 2 2 2 2 2 2 2 2 2
left_child=7 2 3 4 6 8 10 17 9 -6 -2 -3 -5 14 15 -9 -17 -1 -19 21 -21 -8 23 -14 25 -24 -25 -26 29 -13
right_child=1 11 -4 12 5 -7 19 13 -10 -11 -12 28 22 -15 -16 16 -18 18 -20 20 -22 -23 24 26 27 -27 -28 -29 -30 -31
leaf_value=0.025985852950498455 0.0072857110964251025 0.0251852986121632 -0.027576361030807146 0.02173379634065899 -0.010793902957656908 0.015557150635569266 0.0076206280104293518 -0.042869601276648059 -0.012850873819212837 0.0013321901407240694 -0.027443327271713319 -0.012783863051477653 -0.023324653731503855 0.024048492373534121 0.010005598298269152 0.0050390256172146309 -0.031803245567002716 -0.0092632135954529276 0.031497239506108415 -0.0078897003339330977 0.023669017869194918 -0.028364158344656717 0.020641056428760799 0.024487969779248841 -0.0054924804067330892 -0.010450526099201763 -0.02095358135676019 0.0098814731776649036 -0.016811208879552571 0.024170594234572938
leaf_weight=176.89864155650139 21.33069235086441 134.59434615075588 72.305484406650066 47.016510382294655 288.65726108849049 88.912573605775833 24.209753558039665 14.393620327115057 271.7635772973299 862.19017979502678 139.14865063130856 21.556493297219276 23.808223783969879 45.321932718157768 128.91472658514977 77.695185974240303 21.605162799358368 36.81804983317852 17.240284308791161 52.670496687293053 41.390058919787407 50.891529276967049 134.87939600646496 104.93246538937092 742.81072670221329 54.161106467247009 14.994247168302534 111.92781232297421 25.388080298900604 51.28825069963932
leaf_count=1112 112 906 504 204 1404 387 145 69 1448 3947 843 102 112 235 622 373 98 183 117 235 180 304 588 498 3515 280 64 499 124 265
internal_value=0.000441 -0.00134791 -0.00270093 -0.00210737 -0.00459588 -0.00269951 -0.013257 0.0120769 -0.00385067 -0.00171602 -0.0228107 0.0168793 0.00160468 0.00478893 0.00130367 -0.00856443 -0.00321405 0.0200327 0.00407208 -0.0041129 0.00551955 -0.0148633 0.000790104 0.0116094 -0.000709472 0.011725 0.0186802 -0.00347007 0.00535975 0.0132099
internal_weight=3899.72 3380.83 3148 3075.7 1841.16 1511.52 329.641 518.888 1422.61 1150.85 160.479 232.827 1234.53 287.931 242.609 113.694 99.3003 230.957 54.0583 169.162 94.0606 75.1013 1187.51 143.735 1043.78 189.041 119.927 854.739 98.2328 72.8447
internal_count=19475 16666 15269 14765 9005 7186 1819 2809 6799 5351 955 1397 5760 1397 1162 540 471 1412 300 864 415 449 5556 674 4882 868 562 4014 491 367
cat_boundaries=0 1 2
cat_threshold=10 10
is_linear=0
shrinkage=0.03


Tree=60
num_leaves=31
num_cat=2
split_feature=6 32 17 29 5 10 2 29 14 5 10 17 12 16 12 16 5 12 16 32 5 12 14 2 29 14 5 3 16 17
split_gain=82.6719 59.1616 54.4227 45.8364 40.0532 33.4361 32.0354 28.6165 27.9557 25.9595 26.5854 25.5309 27.823 27.5759 37.0493 24.7904 25.45 29.9921 23.2219 21.6754 20.6473 20.5939 22.9433 29.551 18.8025 20.701 20.4222 36.9247 26.7015 29.658
threshold=-0.82436862587928761 0 0.16916266083717349 75.77988433837892 0.25061884522438055 0.39499999582767492 100.14503097534181 77.177566528320327 -0.79499998688697804 -0.83753159642219532 -0.59000000357627858 -1.1239467859268186 -0.19300000369548795 -0.43948000669479365 -0.00450000021373853 0.96688616275787365 0.12431468442082406 0.092000000178813948 -1.6909700632095335 1 -0.98902499675750721 0.34650000929832464 -0.60500001907348622 302.42918395996099 84.152141571044936 -0.3299999982118606 -0.88134551048278797 98.590011596679702 0.37996618449687963 1.1189950108528139
decision_type=2 1 2 2 2 2 2 2 2 2 2 2 2 2 2 2 2 2 2 1 2 2 2 2 2 2 2 2 2 2
left_child=3 6 5 18 7 11 -2 15 -4 -8 -11 -3 20 14 -14 -5 17 -17 -1 -6 -13 22 -15 -24 25 -10 -27 -28 -29 -30
right_child=1 2 8 4 19 -7 9 -9 24 10 -12 12 13 21 -16 16 -18 -19 -20 -21 -22 -23 23 -25 -26 26 27 28 29 -31
leaf_value=-0.022911504115739521 0.026191587270766304 -0.018865816485795606 -0.019950498441968112 -0.0086963431939223994 0.012896208443100528 0.0097424952556143824 0.017238859972857179 -0.0169296943878618 0.022091562913812247 -0.032556454749232015 0.0048675841173874603 0.016976180252606384 0.010215793553003732 -0.0052766997266605669 -0.020945558413697576 -0.017066012618710543 0.03383569226549335 0.026509221007544968 0.0058526298768279399 -0.0027811414795889285 -0.015565060690036917 -0.0072765095332040924 0.02390154133605021 -0.015261011302483656 -0.0070989673011094346 0.018596094684414526 0.019032911878894328 -0.014536652664774838 0.021047932271002809 -0.023629726941647465
leaf_weight=25.893955364823341 131.62626679986715 116.70176472514868 28.781336173415184 566.65871664136648 86.425607159733772 143.28375973552465 172.0653123036027 365.15263178944588 128.00171110033989 18.011066004633904 167.59942252933979 18.543300360441208 53.92420682311058 50.249132335186005 91.266386345028877 39.825170353055 24.368348866701126 20.814834505319595 420.4968014806509 417.35122952610254 186.26377320289612 66.883696228265762 118.61534707248211 19.577764078974724 52.165293574333191 114.18200063705444 87.932508014142513 101.18053062260151 50.885892510414124 17.09836183488369
leaf_count=122 821 587 145 2871 376 729 937 2325 661 91 758 109 261 234 455 194 105 90 1815 1844 902 317 534 104 255 652 540 439 221 70
internal_value=2.11034e-05 0.00442291 0.00130664 -0.00430881 -0.00678916 -0.00345 0.0133097 -0.0102135 0.00841654 0.00888041 0.00108107 -0.00607786 -0.00358539 0.00101887 -0.00938143 -0.00642997 0.00860297 -0.00192129 0.00413662 0.000128999 -0.0125506 0.00694651 0.0120064 0.0182836 0.00993052 0.0117204 0.00809513 0.00337746 -0.00482433 0.00963164
internal_weight=3901.83 1934.84 1445.54 1966.99 1520.6 865.309 489.302 1016.82 580.228 357.676 185.61 722.025 605.324 400.517 145.191 651.667 85.0084 60.64 446.391 503.777 204.807 255.326 188.442 138.193 551.446 499.281 371.279 257.097 169.165 67.9843
internal_count=19564 9822 7215 9742 7805 4232 2607 5585 2983 1786 849 3503 2916 1905 716 3260 389 284 1937 2220 1011 1189 872 638 2838 2583 1922 1270 730 291
cat_boundaries=0 1 2
cat_threshold=40 32
is_linear=0
shrinkage=0.03


Tree=61
num_leaves=31
num_cat=3
split_feature=5 3 32 17 7 5 32 2 7 3 14 0 10 14 12 12 5 16 10 14 11 5 14 10 31 17 14 14 12 17
split_gain=65.4678 71.3627 42.8082 40.3554 30.3473 26.7439 35.9308 35.8735 41.2346 25.1425 27.5346 23.6935 23.5986 50.659 32.6931 32.5935 23.6473 22.0409 25.2012 29.7444 27.9562 23.0929 27.4292 30.8053 31.5101 21.6822 24.7226 34.0663 26.8814 23.3758
threshold=-0.98097097873687733 1.0000000180025095e-35 0 1.141010642051697 -4.5858092308044425 -0.8126716911792754 1 249.83755493164065 -29.414137840270993 300.95053100585943 -1.0600000023841856 3.0111782550811772 -0.32500000298023218 -0.11999999731779097 -0.14899999648332593 0.092000000178813948 0.12431468442082406 -1.6909700632095335 0.16000000387430194 0.30500000715255743 73.500000000000014 -0.63756072521209706 1.0249999761581423 1.0950000286102297 2 -0.94982787966728199 0.014999999664723875 0.14500000327825549 0.12299999967217447 -0.40205584466457361
decision_type=2 2 1 2 2 2 1 2 2 2 2 2 2 2 2 2 2 2 2 2 2 2 2 2 1 2 2 2 2 2
left_child=-1 4 -3 5 -2 6 -4 8 -7 12 -11 -6 14 15 16 -14 -10 -15 19 -19 -21 -20 23 24 -23 -8 28 -28 -27 -29
right_child=1 2 3 -5 11 7 25 -9 9 10 -12 -13 13 17 -16 -17 -18 18 21 20 -22 22 -24 -25 -26 26 27 29 -30 -31
leaf_value=0.015261533545031312 -0.0054164831659707716 -0.021910359298371988 0.011308045587460069 0.0083938843531568396 0.023773659493100174 -0.013127151985027135 -0.017997211365816935 -0.012743781412123494 -0.013061623934220458 -0.03215157850468349 0.011121836325857557 -0.0061202049436695494 -0.029555498708577623 -0.022348463032270303 -0.0016926751555491836 -0.0052075497967159394 0.023028605617956509 0.0012648662115939179 -0.028274348100266019 0.00068799446577714075 0.044142136224378889 -0.01673852046434848 0.013433098021958759 -0.032366042561697027 0.0018961457303807692 -0.016251790773173964 0.035327342025083926 -0.015150470594911754 0.0091989960160719746 0.0093969185519873974
leaf_weight=231.16527698934078 55.234041944146156 86.655056588351727 245.02985483407974 318.90208151936531 170.46138007193804 288.15702810883522 70.456246301531792 382.20124436914921 18.89822943508625 13.154999598860739 211.67041708528996 27.300763964653015 106.25981286168098 41.884182885289192 282.17265637218952 92.812942922115326 97.814089834690094 121.53330679237843 30.393505603075027 21.551791951060295 34.0423524081707 96.062958836555481 88.185447014868259 32.672530397772789 340.20100179314613 116.75182887911797 31.745963603258133 49.778491288423538 53.922730177640915 110.80150212347507
leaf_count=1404 268 574 1180 1506 1093 1505 331 2099 98 71 971 141 583 206 1313 435 424 589 142 95 148 485 399 156 1605 534 146 217 238 495
internal_value=-0.000184021 -0.00116973 -0.00232032 -0.00172729 0.0141674 -0.00281932 0.00241188 -0.00436309 -0.00268683 -0.000833449 0.00845866 0.0196368 -0.00232586 -0.00477378 0.00384193 -0.0182866 0.0171235 -0.00141993 -0.000245858 0.00964112 0.0276064 -0.00323796 -0.0018239 -0.00471552 -0.00257544 -0.00282673 8.14705e-05 0.00743873 -0.00820415 0.00174076
internal_weight=3867.87 3636.71 3383.71 3297.06 252.996 2978.16 678.487 2299.67 1917.47 1629.31 224.825 197.762 1404.48 1005.6 398.885 199.073 116.712 806.527 764.643 177.127 55.5941 587.515 557.122 468.936 436.264 433.457 363.001 192.326 170.675 160.58
internal_count=19451 18047 16545 15971 1502 14465 3141 11324 9225 7720 1042 1234 6678 4843 1835 1018 522 3825 3619 832 243 2787 2645 2246 2090 1961 1630 858 772 712
cat_boundaries=0 1 2 3
cat_threshold=1 112 2
is_linear=0
shrinkage=0.03


Tree=62
num_leaves=31
num_cat=1
split_feature=5 5 29 17 16 5 14 2 6 12 28 2 16 28 13 16 18 29 5 18 32 12 12 17 17 14 6 28 12 2
split_gain=69.8444 75.5243 52.0754 35.8612 43.7797 34.1742 41.303 35.8815 34.0879 30.4916 48.7682 27.9454 26.5537 23.946 25.1551 23.6733 23.0437 22.5805 24.1496 22.1447 24.8275 20.9959 27.4387 20.9343 20.9137 20.626 19.8821 19.5435 18.7599 16.7211
threshold=-0.98097097873687733 0.56202840805053722 86.164299011230483 -0.34192450344562525 0.92502808570861828 -0.73172146081924427 -0.73000001907348622 269.73716735839849 -0.94107943773269642 0.024500000290572647 20.863806724548343 7.8629119396209726 -1.9316447377204893 22.825375556945804 42.500000000000007 -1.3792461752891538 1.716315031051636 75.522090911865249 0.52643132209777843 0.4964651763439179 0 0.13350000232458117 -0.23350000381469724 1.660228490829468 -0.37786428630352015 -1.2200000286102293 -0.97789707779884327 19.008403778076175 0.26000000536441809 20.943740844726566
decision_type=2 2 2 2 2 2 2 2 2 2 2 2 2 2 2 2 2 2 2 2 1 2 2 2 2 2 2 2 2 2
left_child=16 2 3 4 8 6 25 12 9 -2 28 27 -7 14 -10 -15 -1 -14 -19 -8 -21 22 -13 -9 26 -5 -6 -3 -11 -20
right_child=1 11 -4 5 24 7 19 23 13 10 -12 21 17 15 -16 -17 -18 18 29 20 -22 -23 -24 -25 -26 -27 -28 -29 -30 -31
leaf_value=0.02080221298744701 -0.021936500318529062 0.0061656730462272642 -0.026837373734411456 0.004671606862545849 -0.012460978841421866 -0.027734728749427222 -0.0029446989918839911 -0.014664553027658029 -0.0017936327114874964 0.0015689882556954163 -0.022426901109519871 -0.016090139195047735 0.011565656198985476 0.034439331969809743 -0.015878717957509159 0.00027182112665493919 -0.0032404300919247086 -0.0017654849618587156 0.026864181324675041 0.022725743644787924 0.0060493803966196079 -0.017598299260507197 0.017427153525695301 0.025073598444102403 -0.017498758312796851 -0.030879743654308348 0.021119871477494771 0.025391790325939839 0.032500705594877916 -0.0089135098475936637
leaf_weight=182.16230660676956 226.87543804943562 72.851119957864285 76.065222606062889 24.825648441910744 18.366405367851257 28.380122125148773 89.320450246334076 217.48390525579453 245.04216761887074 56.179179117083549 71.770453304052353 29.241652995347977 159.94291442632675 18.457173809409142 213.05586141347885 294.56044836342335 44.31096713244915 921.13034711778164 44.617349818348885 148.81714545190334 215.66167789697647 36.358421012759209 80.329599037766457 11.731286764144896 19.457745864987373 34.157979637384415 93.784480467438698 140.67089288681746 24.801887914538383 15.280809983611105
leaf_count=1162 1333 428 531 119 91 146 411 1175 1076 247 440 137 687 84 1037 1433 221 4364 199 763 979 169 403 54 90 159 412 960 105 64
internal_value=-2.13782e-05 -0.00103184 -0.00246784 -0.00187921 -0.0057582 0.000724917 0.00734189 -0.0017047 -0.00763393 -0.0149819 -0.00457701 0.0120014 0.000426288 -0.00400175 -0.00836475 0.00238978 0.0161045 0.00115043 -0.000557676 0.0104159 0.0136892 0.00186012 0.00841766 -0.0125307 0.0105764 -0.0160881 0.015559 0.0188914 0.0113233 0.0177403
internal_weight=3855.69 3629.22 3269.77 3193.7 1282.35 1911.35 512.783 1398.57 1150.74 379.627 152.752 359.452 1169.35 771.116 458.098 313.018 226.473 1140.97 981.029 453.799 364.479 145.93 109.571 229.215 131.609 58.9836 112.151 213.522 80.9811 59.8982
internal_count=19479 18096 15999 15468 6348 9120 2431 6689 5755 2125 792 2097 5460 3630 2113 1517 1383 5314 4627 2153 1742 709 540 1229 593 278 503 1388 352 263
cat_boundaries=0 1
cat_threshold=56
is_linear=0
shrinkage=0.03


Tree=63
num_leaves=31
num_cat=1
split_feature=5 5 17 29 12 12 9 12 12 6 31 5 5 12 2 17 17 0 29 29 9 28 3 5 12 28 12 12 12 12
split_gain=66.4461 66.1023 46.0474 35.7357 27.8193 46.9513 50.1719 44.9994 38.6968 36.5594 34.2012 33.7552 40.0808 31.2573 29.2802 28.9236 32.7605 26.8018 25.76 24.4729 27.8565 31.95 27.087 23.4304 23.0907 21.0024 20.3173 20.025 27.0778 30.2198
threshold=-0.98097097873687733 0.63088810443878185 1.141010642051697 86.164299011230483 -0.37800000607967371 -0.17849999666213986 -31.944062232971188 -0.10600000247359274 -0.090500000864267335 -0.92772412300109852 0 -0.90013122558593739 0.48901963233947759 -0.52750000357627858 69.823360443115249 -1.1067209243774412 -1.9785536527633665 3.4331679344177251 81.26676177978517 76.151096343994155 -98.999389648437486 24.009605407714847 10.812347412109377 -0.38118652999401087 -0.57400000095367421 19.164343833923343 0.12900000065565112 0.26950000226497656 0.15450000017881396 0.21900000423192981
decision_type=2 2 2 2 2 2 2 2 2 2 1 2 2 2 2 2 2 2 2 2 2 2 2 2 2 2 2 2 2 2
left_child=25 2 3 4 13 6 -6 9 -9 -7 11 26 14 24 -13 16 -12 -3 -8 22 21 -21 -17 -15 -2 -1 -10 28 -16 -30
right_child=1 17 -4 -5 5 7 18 8 10 -11 15 12 -14 23 27 19 -18 -19 -20 20 -22 -23 -24 -25 -26 -27 -28 -29 29 -31
leaf_value=0.0057983241789591935 -0.010271203173150513 0.020866322669186838 0.0086368770054194282 -0.023962276614493936 -0.0063708744856954087 -0.030369179278907279 0.015384764508964232 0.023976580608127629 -0.0099826319797966384 -0.0069249426377871581 0.025370173283505874 -0.029924188805738935 0.012579121599409141 -0.0094490504075097417 -0.012649577260268391 -0.015641939499874066 -0.017320800301812139 -0.0026870293043622945 -0.012815694121353529 -0.0084927211633257244 -0.0033910601215445288 0.031216323673085852 0.011189594207706736 -0.029184500960817383 0.010523552378516866 0.024295143884316979 0.02595974765525157 -0.02450491463720432 0.050258152387717879 -0.00039442172560887555
leaf_weight=103.62760312855244 106.73157942295074 164.69092448055744 323.06218122690916 72.231930069625378 184.82938823103905 92.062775760889053 323.56951911747456 49.370429322123528 22.485285475850105 170.16545267403126 17.506273552775383 94.318225115537643 51.368441462516785 136.18060441315174 166.42237712442875 37.092679738998413 132.90658088028431 58.666144266724586 31.280255332589149 29.317265689373016 644.74711537361145 45.760847106575966 311.80463817715645 90.579692594707012 85.771253004670143 119.35705249011517 35.335076808929443 71.551309160888195 12.485444620251654 49.482504412531853
leaf_count=560 563 1101 1545 509 890 561 1448 226 113 811 81 461 253 703 891 163 638 283 154 138 3133 233 1347 532 402 811 189 388 69 244
internal_value=-9.23302e-05 -0.00107533 -0.00211893 -0.00325495 -0.00274739 -0.00157822 0.00628069 -0.00366529 -0.00194477 -0.0152398 -0.00270117 -0.00917995 -0.0121609 -0.00990409 -0.015408 5.43925e-05 -0.0122173 0.0146955 0.0128698 0.00179184 -0.00137002 0.0158025 0.00830047 -0.0174259 -0.000999423 0.0157634 0.0120503 -0.010759 -0.00636461 0.0104473
internal_weight=3834.76 3611.78 3388.42 3065.36 2993.13 2573.86 539.679 2034.18 1771.95 262.228 1722.58 503.449 445.628 419.263 394.26 1219.14 150.413 223.357 354.85 1068.72 719.825 75.0781 348.897 226.76 192.503 222.985 57.8204 299.942 228.39 61.9679
internal_count=19440 18069 16685 15140 14631 12431 2492 9939 8567 1372 8341 2608 2306 2200 2053 5733 719 1384 1602 5014 3504 371 1510 1235 965 1371 302 1592 1204 313
cat_boundaries=0 1
cat_threshold=2
is_linear=0
shrinkage=0.03


Tree=64
num_leaves=31
num_cat=0
split_feature=5 5 29 17 5 17 2 10 3 12 12 12 29 10 28 17 7 16 14 29 12 12 12 3 4 17 6 17 16 12
split_gain=67.6487 62.8291 42.8906 42.838 46.2971 41.9546 36.2481 36.1852 37.7097 32.0546 32.4946 27.7664 26.6367 24.7166 27.3867 26.7659 23.7237 28.1847 24.6481 22.9722 19.7958 33.7152 32.0868 26.0577 35.1557 21.5135 35.4586 20.8444 20.2878 19.5685
threshold=-0.98902499675750721 0.63088810443878185 86.164299011230483 -1.0595335364341734 -0.78753387928009022 -1.9785536527633665 269.73716735839849 0.2950000017881394 378.79510498046881 0.049999998882412917 -0.00450000021373853 -0.18349999934434888 84.152141571044936 -0.1950000002980232 23.15529823303223 -0.07885394990444182 -30.117835044860836 -1.8195750117301939 0.78000000119209301 77.084831237792983 0.43999999761581426 0.15049999952316287 0.13799999654293063 161.55976104736331 7.5000000000000009 -0.34192450344562525 -0.98471984267234791 -0.76896089315414418 -0.75970202684402455 0.29199999570846563
decision_type=2 2 2 2 2 2 2 2 2 2 2 2 2 2 2 2 2 2 2 2 2 2 2 2 10 2 2 2 2 2
left_child=-1 2 3 5 7 -2 16 9 -9 10 11 13 -3 14 -5 -15 18 -18 -6 29 21 22 25 24 -23 26 -19 28 -28 -8
right_child=1 12 -4 4 6 -7 19 8 -10 -11 -12 -13 -14 15 -16 -17 17 20 -20 -21 -22 23 -24 -25 -26 -27 27 -29 -30 -31
leaf_value=0.02085019351986344 0.018195354358624832 0.017930284786775628 -0.023179936631487374 -0.030572277866179335 -0.01227274863831943 -0.013787713096158959 0.0010305044630411263 -0.0065257380931677995 0.024321518717167975 0.012242278742047204 -0.028674454633529585 0.018374342882423143 -0.017454725822682801 -0.0078564292378656489 0.011682348600755761 0.016512361143674711 -0.016680656501858227 -0.02353086423892907 0.010529980177043919 -0.018776695419179656 -0.011570437910656801 -0.011015749069002942 -0.017626405929332036 0.023755033575186543 0.016668037926689441 0.0045881251597334576 -0.012077322257750012 -0.0050495671710633332 0.020460831134064075 -0.034713458503952778
leaf_weight=133.53675569593906 40.282354459166527 201.74954265356064 81.446643352508545 50.670270621776581 247.70170772075653 357.640052549541 132.37904639542103 45.706605941057205 155.67550206929445 188.32551079243422 38.725009083747864 59.442420199513435 20.350427776575089 101.0325064510107 18.226450845599174 66.352464236319065 77.977162823081017 68.709741182625294 50.693177089095116 175.03656391054392 94.218380659818649 72.124422609806061 81.89544589817524 104.49311323463917 93.963541358709335 756.75852895528078 22.361727222800255 201.96150249242783 66.981973484158516 14.380380168557165
leaf_count=863 186 1298 562 243 1291 1809 634 214 815 922 176 286 96 461 89 327 407 410 236 1052 447 338 385 483 417 3533 105 954 309 75
internal_value=-4.52225e-05 -0.000807412 -0.00180045 -0.00127914 -4.54845e-05 -0.0105125 -0.0021596 0.00655104 0.0173226 0.00237648 -0.0031988 0.000222628 0.0146243 -0.00440207 -0.0193867 0.00184421 -0.000610324 0.00080574 -0.00837665 -0.0114681 0.00168797 0.00254548 0.000382743 0.0120897 0.00465225 0.00171798 -0.00431112 0.00028721 0.0122734 -0.00268313
internal_weight=3820.8 3687.26 3465.16 3383.72 2985.79 397.922 2261.64 724.157 201.382 522.775 334.449 295.724 222.1 236.282 68.8967 167.385 1939.84 1641.45 298.395 321.796 1563.47 1469.25 1198.67 270.581 166.088 1116.77 360.015 291.305 89.3437 146.759
internal_count=19423 18560 17166 16604 14609 1995 11076 3533 1029 2504 1582 1406 1394 1120 332 788 9315 7788 1527 1761 7381 6934 5696 1238 755 5311 1778 1368 414 709
is_linear=0
shrinkage=0.03


Tree=65
num_leaves=31
num_cat=1
split_feature=6 17 32 17 6 29 4 2 16 29 14 4 9 2 29 14 18 10 8 14 29 14 14 6 2 1 14 14 17 9
split_gain=61.6876 66.3111 50.0158 40.2213 37.1496 35.5313 40.2267 27.9585 28.1016 26.2346 25.9803 22.5757 33.3151 20.7499 19.6386 19.2761 20.0515 31.0306 18.1849 19.1851 17.8045 17.7467 17.7214 16.8153 16.7037 20.7167 15.777 27.2048 22.9609 18.035
threshold=-0.79671859741210926 0.16916266083717349 0 1.5727599859237673 -0.10495606064796446 75.77988433837892 17.500000000000004 3.9262043237686162 -0.030392172746360299 76.836559295654311 -0.79499998688697804 168.50000000000003 -10.897905826568602 191.13148498535159 86.164299011230483 0.52500000596046459 0.741478592157364 0.27500000596046453 -10.879503250122069 0.28000000119209295 84.152141571044936 0.42499999701976782 0.9650000035762788 -0.58134955167770375 220.29926300048831 86.371635437011733 -0.53999999165534962 -1.314999997615814 -0.41073784232139582 -150.71347808837888
decision_type=2 2 1 2 2 2 10 2 2 2 2 10 2 2 2 2 2 2 2 2 2 2 2 2 2 2 2 2 2 2
left_child=3 2 13 5 7 21 9 -4 26 -7 -3 12 -8 -2 15 16 17 24 19 -5 -12 -1 -17 -15 -10 -26 27 -9 29 -28
right_child=1 10 4 18 -6 6 11 8 14 -11 20 -13 -14 23 -16 22 -18 -19 -20 -21 -22 -23 -24 -25 25 -27 28 -29 -30 -31
leaf_value=-3.9054400607641416e-05 0.029254244707683622 -0.013629673547476934 0.024376195001593371 -0.016213417030292238 0.022327399126423474 -0.0043830844827194206 -0.0030467054314909561 0.012145354592992276 0.029402909467170016 -0.013826627041754512 0.014995461542329069 -0.0058269981934519471 0.017532199215445691 -0.014818539268450902 -0.034120961109129613 0.031803763912232941 -0.007487389674310686 -0.026769119165293551 0.026298536967106489 0.020008057650612331 -0.0040844990850852862 0.013393060376394273 -0.0009134138413137143 0.017893355590484189 0.033033373961252444 -0.010218862761653867 0.0199671410656047 -0.02904564077478532 0.0019534511218559794 -0.01631116350637932
leaf_weight=363.72393891215324 67.244177430868149 32.652558863162994 28.204522430896759 25.739149913191795 48.47590858489275 495.66017292439938 153.38899973034859 17.130099579691887 43.331347733736038 570.62624422460794 568.0482227280736 257.12613076716661 130.10261728614569 22.967326521873474 12.896884724497793 33.278321221470833 168.97364903986454 17.128675162792206 56.85494939237833 24.92387418448925 47.296722322702408 116.00051997601986 26.260515108704567 33.617547817528248 13.474672332406042 31.059652790427208 12.361210748553274 76.686469011008739 135.78629120439291 188.41965391486883
leaf_count=1618 361 169 192 118 303 2400 728 80 188 3494 3150 1180 605 116 69 162 789 82 268 110 235 501 142 169 62 141 64 410 658 928
internal_value=0.000275512 0.00470376 -0.000232548 -0.00300532 -0.0028783 -0.00392971 -0.00606785 -0.00445769 -0.00553462 -0.00944504 0.0121375 0.00059828 0.00642599 0.0167671 0.000826593 0.002276 -0.00110538 0.00913932 0.0148054 0.00164825 0.0135247 0.00323002 0.0175966 0.00458911 0.0163618 0.00330595 -0.0106446 -0.0214757 -0.00757083 -0.0139898
internal_weight=3819.44 1625.29 977.297 2194.15 853.468 2086.63 1606.9 804.992 776.787 1066.29 647.998 540.618 283.492 123.829 346.404 333.507 273.968 104.994 107.518 50.663 615.345 479.724 59.5388 56.5849 87.8657 44.5343 430.384 93.8166 336.567 200.781
internal_count=19492 8470 4916 11022 4270 10526 8407 3967 3775 5894 3554 2513 1333 646 1635 1566 1262 473 496 228 3385 2119 304 285 391 203 2140 490 1650 992
cat_boundaries=0 1
cat_threshold=32
is_linear=0
shrinkage=0.03


Tree=66
num_leaves=31
num_cat=4
split_feature=5 3 32 17 6 12 31 12 12 10 18 10 8 5 12 10 8 17 18 10 3 1 32 32 17 8 12 1 18 14
split_gain=57.556 67.5815 38.1754 27.5754 26.987 32.4535 29.3203 23.7621 27.3537 24.9844 29.209 29.6313 37.3614 23.2645 32.594 27.3612 20.9316 19.9781 18.5783 24.9697 24.1604 21.7629 26.4738 18.3632 18.2152 19.916 23.1273 18.7946 18.143 21.2613
threshold=-0.96105405688285817 0.050898358225822456 0 0.41494375467300421 -0.98471984267234791 0.078999999910593047 1 0.056499999016523368 -0.61199998855590809 0.49500000476837164 1.5901826620101931 0.25499999523162847 1.6019884943962099 -0.73172146081924427 -0.37100000679492945 -0.62499999999999989 -6.6039657592773429 -1.9785536527633665 1.420721232891083 0.31000000238418585 226.6340026855469 35.783811569213874 2 3 -1.1239467859268186 -40.534990310668938 -0.14199999719858167 48.88188552856446 1.5075686573982241 -0.20499999821186063
decision_type=2 2 1 2 2 2 1 2 2 2 2 2 2 2 2 2 2 2 2 2 2 2 1 1 2 2 2 2 2 2
left_child=7 16 -3 4 5 -4 -7 8 -1 10 11 -10 -13 15 -15 -5 -2 -6 19 21 -20 -16 -23 28 25 -19 27 -27 -17 -30
right_child=1 2 3 13 17 6 -8 -9 9 -11 -12 12 -14 14 18 23 -18 24 20 -21 -22 22 -24 -25 -26 26 -28 -29 29 -31
leaf_value=0.035803257389244461 -0.0010125090500828461 -0.021516828064804247 -0.019465496325076392 -0.020980850556201327 0.021785410997994536 -0.0146291459343489 0.010651504554742957 0.020866840199152546 0.013612297365774493 0.029590229852956861 -0.023986193234778474 -0.04467974239342791 0.023714979794660362 -0.016726337721348596 0.016153467351881726 0.020923354482886982 0.018322215741873156 -0.026728977383089804 0.015034307932267763 -0.013175265522435115 -0.0031406412414695449 0.0057792921541899777 -0.017002198260828875 0.028576290024467401 -0.0013006016960729135 0.027182309458846241 -0.012260245253871043 -0.010011560402426111 0.016411885733458299 -0.023971850331139639
leaf_weight=22.129200495779514 67.044469736516476 78.371549524366856 188.16522369533777 18.019818753004074 30.210075706243515 63.082835078239441 82.32853864133358 148.15074995160103 86.026235640048981 23.147833064198494 42.932282045483589 19.224742174148563 10.36719901114702 86.019697472453117 82.954674884676933 38.073811084032059 200.67267370223999 50.83966688811779 183.69331912696362 114.79726283997297 101.81537519395351 122.96490983664989 59.287344828248024 59.89910101890564 1610.2097996249795 28.532717913389206 126.23237776756287 20.160239964723587 19.613257333636284 26.385523736476898
leaf_count=148 340 566 1150 87 138 392 362 937 510 146 192 94 69 432 369 183 1285 263 842 535 454 568 307 321 7729 119 620 110 95 120
internal_value=0.000222225 -0.000954967 -0.00217084 -0.00160284 -0.00342704 -0.0112736 -0.000612516 0.011762 0.00507469 0.00115675 -0.00315389 0.00472108 -0.0207265 0.00277122 0.000542158 0.0130458 0.0134945 -0.0020192 0.00279591 -0.00154937 0.00856459 0.00351359 -0.00229638 0.01742 -0.00242254 -0.0103834 -0.0055079 0.0118914 0.00525258 -0.00676995
internal_weight=3811.35 3459.37 3191.66 3113.29 2199.76 333.577 145.411 351.978 203.827 181.698 158.55 115.618 29.5919 913.524 751.533 161.992 267.717 1866.18 665.513 380.004 285.509 265.207 182.252 143.972 1835.97 225.765 174.925 48.693 84.0726 45.9988
internal_count=19483 17387 15762 15196 10883 1904 754 2096 1159 1011 865 673 163 4313 3507 806 1625 8979 3075 1779 1296 1244 875 719 8841 1112 849 229 398 215
cat_boundaries=0 1 2 3 4
cat_threshold=1 10 20 70
is_linear=0
shrinkage=0.03


Tree=67
num_leaves=31
num_cat=1
split_feature=3 5 29 31 4 5 14 17 17 17 16 16 8 14 14 10 8 14 17 10 14 10 12 3 12 29 5 28 20 10
split_gain=59.5582 69.3977 58.1768 55.2495 26.656 27.8873 28.2052 26.349 24.8292 31.6006 22.9772 22.8489 21.833 21.5045 20.7304 21.3733 22.7989 22.6536 23.516 19.9597 22.2079 72.0963 19.6555 26.3649 29.0254 24.1759 22.2301 19.3869 35.5201 25.7425
threshold=0.050898358225822456 -0.88134551048278797 76.34873199462892 0 17.500000000000004 -0.73172146081924427 0.47499999403953558 0.30629649758338934 -1.9785536527633665 -1.0458313822746275 -0.70797500014305104 -1.8195750117301939 -6.6039657592773429 0.69499999284744274 -1.0600000023841856 -0.35500000417232508 -40.534990310668938 -0.11999999731779097 -0.9375849962234496 0.32999999821186071 0.30500000715255743 0.16000000387430194 0.34650000929832464 188.16148376464847 0.092000000178813948 75.522090911865249 -0.13282711803913114 18.71020603179932 1.0000000180025095e-35 -0.24499999731779096
decision_type=2 2 2 1 10 2 2 2 2 2 2 2 2 2 2 2 2 2 2 2 2 2 2 2 2 2 2 2 2 2
left_child=12 3 8 -2 5 6 -4 10 -3 13 -5 -11 -1 -10 -13 16 -16 -17 -19 20 27 -22 23 -20 26 -24 -25 28 29 -7
right_child=1 2 4 7 -6 19 -8 -9 9 11 -12 14 -14 -15 15 17 -18 18 22 -21 21 -23 25 24 -26 -27 -28 -29 -30 -31
leaf_value=-0.0013859892461858482 0.01657622206471944 0.038325067746048699 -0.0056755358714757473 -0.022676689362696345 -0.00011370996515774082 0.015196024837257202 0.017133778587372535 0.012147118748039322 -0.017791362592560919 -0.022288141349271425 -0.0010349850093152643 -0.030789729942238307 0.018318549352326782 0.017277148499450234 -0.0063020056952679928 -0.0084598407381566675 0.019404311904835405 0.03028330181371678 -0.0016764268207474058 -0.018316656101468751 0.043440182799281975 -0.0079222523213077559 0.014726076595507514 0.0029239256388375809 0.028328148524889043 -0.017727623914258868 0.035369090511306996 -0.01490423392665908 -0.027566816348361375 -0.0094946591055154947
leaf_weight=67.159054569900036 306.35828453302383 15.721628695726393 197.33314667642117 54.379280775785446 417.09718146175146 78.749646484851837 63.711378157138824 105.8808853328228 106.53949816524982 29.529198467731476 218.32432821393013 14.123466461896895 202.70997462421656 17.614729523658752 39.10673750936985 139.56198473274708 142.38239452242851 30.142765700817108 224.90728183090687 255.17960075289011 28.719432808458805 141.68439172953367 27.98094068467617 184.27171267569065 72.403628557920456 71.781708598136902 20.224677681922913 420.09156695008278 41.60312682390213 71.671481922268867
leaf_count=344 1829 68 951 252 1947 349 280 576 541 155 1028 70 1303 76 181 679 627 137 1038 1458 141 737 121 801 314 328 86 2575 227 347
internal_value=-0.000130066 -0.001168 -0.00322753 0.00740015 -0.00671276 -0.00883036 -6.44794e-05 -0.000473636 0.00203658 0.00149373 -0.0054176 0.00327545 0.0134279 -0.0127176 0.0040784 0.00462701 0.013861 0.00243902 0.00485643 -0.0110333 -0.00863789 0.000937178 0.00353423 0.00595276 0.0121332 -0.00856936 0.00628925 -0.0113006 -0.00338064 0.00344659
internal_weight=3806.95 3537.08 2852.13 684.943 1715.84 1298.74 261.045 378.584 1136.29 1120.57 272.704 996.416 269.869 124.154 966.887 952.764 181.489 771.275 631.713 1037.7 782.52 170.404 601.57 501.807 276.9 99.7626 204.496 612.116 192.024 150.421
internal_count=19566 17919 14234 3685 9012 7065 1231 1856 5222 5154 1280 4537 1647 617 4382 4312 808 3504 2825 5834 4376 878 2688 2239 1201 449 887 3498 923 696
cat_boundaries=0 1
cat_threshold=10
is_linear=0
shrinkage=0.03


Tree=68
num_leaves=31
num_cat=0
split_feature=3 5 29 17 18 6 28 16 17 17 7 0 16 16 17 1 28 5 4 17 8 29 13 4 5 0 28 4 29 18
split_gain=70.1323 65.3182 45.9416 31.765 28.0717 27.6973 46.3772 52.7253 25.5182 32.3073 20.6745 21.3806 20.5934 23.2235 19.6504 19.2625 23.0016 18.3915 25.5376 22.9238 18.2177 16.4252 16.2756 16.2305 16.1152 19.7578 15.7394 15.6827 15.0415 14.4843
threshold=1.0000000180025095e-35 -0.98097097873687733 86.164299011230483 1.141010642051697 1.9887673258781435 -0.96645781397819508 20.863806724548343 -0.45300555229187006 -1.898898661136627 -1.0595335364341734 -4.5858092308044425 3.1408208608627324 1.0635380148887636 -1.0309998989105222 -0.72113272547721852 162.20147705078128 18.63957500457764 -0.8126716911792754 4.5000000000000009 0.32790680229663854 46.088130950927741 77.440567016601577 40.500000000000007 227.50000000000003 -0.78753387928009022 5.5128073692321786 23.15529823303223 15.500000000000002 76.151096343994155 0.91998252272605907
decision_type=2 2 2 2 2 2 2 2 2 2 2 2 2 2 2 2 2 2 10 2 2 2 2 8 2 2 2 10 2 2
left_child=10 4 3 5 -2 6 7 27 -7 22 -1 -12 13 14 -8 16 23 29 -19 -20 28 -14 -10 -11 -5 -26 -24 -3 -9 -17
right_child=1 2 -4 24 -6 8 12 20 9 15 11 -13 21 -15 -16 17 -18 18 19 -21 -22 -23 26 -25 25 -27 -28 -29 -30 -31
leaf_value=-0.00097101974166265397 0.018636552750795635 -0.019579051308085609 -0.024287858550947072 0.023159439211457175 -0.015263808890167402 0.024381430871648496 -0.028690148366429823 0.015672137194382176 -0.00062298231521731114 -0.0042933188047539718 0.024292943623496481 -0.004538989340819229 0.022051819033124625 -0.023686676399183666 0.0055251030137226939 -0.0055994095274904225 0.0030847933315584311 -0.017276747074682526 -0.014824051275909526 0.037322231079456918 0.031672271922072559 -0.016180081965779664 -0.021648652571131043 -0.036077735181411379 0.01664847168964884 -0.00085262919016345956 -0.0016906295890170631 0.0026146388576945316 -0.0023046356386393942 0.016607324045188429
leaf_weight=52.739674389362335 193.92742800712585 107.26492220163345 80.703921690583229 48.764851719141006 24.021079331636429 34.367957979440689 19.958337232470512 77.880016446113586 90.416783019900322 314.85381117463112 162.76617296040058 26.625686697661877 20.908485889434814 213.56840524077415 53.286726914346218 69.61016209423542 1320.8252288848162 160.05168957263231 13.500256150960924 15.185761868953703 28.787814080715179 17.83167077600956 130.18332449346781 14.189018443226812 82.994924284517765 187.70967476069927 49.03524611890316 38.675122410058975 88.857475578784943 41.291443258523941
leaf_count=263 1292 563 581 281 121 156 147 348 395 1433 1115 139 102 1349 310 324 6279 879 78 70 127 98 678 62 394 856 261 181 408 203
internal_value=4.66702e-05 -0.00102391 -0.00206977 -0.00150902 0.0148476 -0.0024921 -0.0078572 -0.00012676 -0.000901301 -0.00130366 0.0156326 0.0202371 -0.0159402 -0.0187058 -0.00405896 4.46912e-05 0.00131659 -0.00693968 -0.0126138 0.0131084 0.0100373 0.00448977 -0.0110166 -0.00576909 0.00745785 0.00455453 -0.0162277 -0.0137198 0.00613536 0.00274324
internal_weight=3780.78 3538.65 3320.7 3240 217.949 2920.53 667.019 341.465 2253.51 2219.14 242.132 189.392 325.554 286.813 73.2451 1949.51 1649.87 299.639 188.738 28.686 195.525 38.7402 269.635 329.043 319.469 270.705 179.219 145.94 166.737 110.902
internal_count=19493 17976 16563 15982 1413 14451 3633 1627 10818 10662 1517 1254 2006 1806 457 9328 7774 1554 1027 148 883 200 1334 1495 1531 1250 939 744 756 527
is_linear=0
shrinkage=0.03


Tree=69
num_leaves=31
num_cat=1
split_feature=5 5 29 10 14 10 5 29 28 32 12 12 10 14 5 10 10 10 12 11 10 3 14 10 2 3 28 12 14 10
split_gain=52.0197 55.3556 45.4024 34.311 25.6835 29.3405 28.3121 37.721 31.3642 24.6986 23.7369 23.8335 30.9915 50.9404 49.3977 42.2926 37.0901 32.4261 36.7642 26.7752 25.6915 23.7209 29.5016 23.3915 23.3326 23.2152 22.9451 21.7223 21.5876 30.5884
threshold=-0.98097097873687733 0.56202840805053722 86.164299011230483 0.37500000000000006 -1.0349999666213987 -0.91499999165534962 -0.8126716911792754 75.77988433837892 22.590013504028324 0 0.42849999666213995 0.15049999952316287 0.32999999821186071 0.20499999821186068 0.45150023698806768 0.24000000208616259 1.2450000047683718 -0.31000000238418574 -0.158500000834465 66.000000000000014 1.0000000180025095e-35 156.05032348632815 -0.68500000238418568 -0.12499999627470969 162.48621368408206 443.56622314453131 18.543931961059574 -0.37100000679492945 0.014999999664723875 -0.24499999731779096
decision_type=2 2 2 2 2 2 2 2 2 1 2 2 2 2 2 2 2 2 2 2 2 2 2 2 2 2 2 2 2 2
left_child=-1 2 4 9 5 -2 8 21 24 -3 11 12 13 17 16 19 -14 18 -9 -15 -21 27 -23 -19 -6 -17 -13 -8 29 -26
right_child=1 3 -4 -5 6 -7 7 10 -10 -11 -12 26 14 15 -16 25 -18 23 -20 20 -22 22 -24 -25 28 -27 -28 -29 -30 -31
leaf_value=0.014579100313089725 0.01780523572082977 0.014680180212988937 -0.025361296655081911 0.02665637538729717 -0.0093244210430439567 -0.020337053784561795 -0.027564768655152037 0.014138415781614531 0.011689909857540846 -0.0035556944533002505 -0.016112183000785922 0.020213905919032282 -0.020142008189268482 -0.011378920226947068 0.015194080033184577 0.0041231455876412099 0.018197297696407311 -0.019139117817509113 -0.0066368333485968102 0.0045291993966308369 0.041242797783227106 -0.028632533877757844 0.013093853956117053 -0.005383874910147155 0.015232180787972003 -0.030548681908300072 0.00013190940277222471 0.0011340202439839161 0.017415064189957252 -0.023134880467774063
leaf_weight=217.10650836676359 20.895130485296249 115.31283984333277 70.599819488823414 90.524904310703278 167.73416861146688 109.99266903102398 25.323329329490662 123.46508422493935 315.16313745826483 138.28292663395405 138.39458034187555 63.000869616866112 280.53457023948431 15.301567569375036 48.82548126578331 114.20258818566799 23.936495169997215 188.82749540358782 198.62771535664797 24.053505748510361 61.227872952818871 15.238622173666952 268.61555707454681 271.64570660144091 34.650435447692871 19.469982117414474 256.1955252289772 240.92636068165302 80.643435299396515 38.41159887611866
leaf_count=1407 95 726 537 645 784 588 119 571 1578 715 727 269 1526 74 215 548 105 1098 980 108 270 79 1188 1439 160 94 1271 1051 367 174
internal_value=0.000357119 -0.000514053 -0.00173887 0.010904 -0.00120074 -0.0141591 -0.000633574 -0.0021381 0.0049806 0.0051984 -0.00421075 -0.00322679 -0.00494627 -0.00228142 -0.0125879 0.00996404 -0.0170782 -0.00595505 0.00134588 0.0245556 0.0310603 0.0047434 0.0107611 -0.0110538 -0.00161355 -0.00111629 0.00414631 -0.00168848 0.00680698 -0.00497892
internal_weight=3777.13 3560.02 3215.9 344.121 3145.3 130.888 3014.42 2377.81 636.603 253.596 1827.71 1689.31 1370.12 1016.82 353.297 234.256 304.471 782.566 322.093 100.583 85.2814 550.104 283.854 460.473 321.44 133.673 319.196 266.25 153.705 73.062
internal_count=19508 18101 16015 2086 15478 683 14795 11732 3063 1441 9295 8568 7028 5182 1846 1094 1631 4088 1551 452 378 2437 1267 2537 1485 642 1540 1170 701 334
cat_boundaries=0 1
cat_threshold=120
is_linear=0
shrinkage=0.03


Tree=70
num_leaves=31
num_cat=1
split_feature=5 29 5 17 6 31 12 12 5 10 17 17 12 4 14 10 16 10 14 28 12 10 14 12 14 6 2 12 10 10
split_gain=55.2424 54.9528 61.1873 37.0426 25.901 32.4746 49.6076 49.9997 22.9559 26.4143 21.4168 23.3975 30.1452 21.2758 22.281 22.5956 19.9172 19.7557 41.6588 18.5675 31.0359 39.5307 38.2519 38.0344 34.147 26.2942 32.0182 26.1672 21.4459 19.5414
threshold=-0.98097097873687733 86.164299011230483 0.63088810443878185 0.42457818984985357 -0.96645781397819508 0 0.078999999910593047 -0.18749999999999997 -0.73172146081924427 -0.62499999999999989 -1.898898661136627 -1.2670373916625974 -0.19300000369548795 7.5000000000000009 -0.45000000298023218 -0.80500000715255726 -0.1622507497668266 -0.35500000417232508 0.20499999821186068 24.994574546813968 -0.28399999439716334 0.66999998688697826 -0.10500000044703482 0.47249999642372137 -1.0099999904632566 -0.90877163410186756 203.41763305664065 -0.17849999666213986 -0.91499999165534962 -0.31000000238418574
decision_type=2 2 2 2 2 1 2 2 2 2 2 2 2 10 2 2 2 2 2 2 2 2 2 2 2 2 2 2 2 2
left_child=-1 2 3 4 5 6 7 17 9 -5 -6 12 -12 14 15 -10 -8 -2 -19 20 22 23 29 24 28 -21 -27 -28 -22 -13
right_child=1 -3 -4 8 10 -7 16 -9 13 -11 11 19 -14 -15 -16 -17 -18 18 -20 25 21 -23 -24 -25 -26 26 27 -29 -30 -31
leaf_value=0.015276139441109648 0.035775451741680578 -0.024389552520353752 0.015912719950024991 -0.018950733203653043 0.020935478288643793 -0.017132068474841732 0.0031901068232212423 -0.027710853972795064 -0.01319011871269855 0.017549402928366573 0.012135402922483976 0.0030662712028826787 -0.019653699842447213 0.0073749949900004724 -0.0056745882984461597 0.02582791888739374 0.028238284860388759 -0.023580410518439465 0.026425176709685558 -0.011045181650336697 0.0130466089432209 -0.014733471364888298 -0.0024434679390997693 -0.015569055471507292 0.0067524907564605365 0.019318912540120633 0.016243141927841379 -0.013548435059497762 -0.025676666642592806 -0.029703393401326637
leaf_weight=211.65413202345371 14.480000555515288 83.354278460144997 206.52264448255301 19.180778622627258 37.374019712209702 222.50388041883707 76.058910675346851 88.410999409854412 18.603258937597275 164.13461302965879 33.573100976645947 19.518938004970551 122.43017555773258 339.60458821058273 350.33124090731144 42.176899984478951 45.048434458673 34.097182266414165 25.182799682021141 65.463410824537277 16.669417813420296 134.42723650485277 198.13380640745163 90.873756140470505 712.2209512218833 145.66734857857227 42.20638082921505 67.799154952168465 48.697651401162148 95.355897895991802
leaf_count=1388 65 598 1375 94 170 1437 340 490 90 865 148 89 607 1549 1698 200 198 211 115 356 75 638 938 449 3303 713 217 365 260 520
internal_value=0.000422821 -0.000464275 0.000116176 -0.000885974 -0.00290463 -0.00890683 -0.00174466 -0.0126222 0.00416079 0.0136482 -0.00124214 -0.00171582 -0.0127787 0.00182901 -0.00275911 0.0138653 0.0126623 0.00559234 -0.00225151 -0.000654409 -0.00223327 0.000343437 -0.0104639 0.00269142 0.00484271 0.00580202 0.0101419 -0.00207479 -0.015754 -0.0241569
internal_weight=3771.76 3560.1 3476.75 3270.22 2336.19 505.782 283.278 162.171 934.031 183.315 1830.41 1793.04 156.003 750.716 411.111 60.7802 121.107 73.76 59.28 1637.03 1315.9 1002.89 313.009 868.462 777.588 321.136 255.673 110.006 65.3671 114.875
internal_count=19561 18173 17575 16200 11704 2856 1419 881 4496 959 8848 8678 755 3537 1988 290 538 391 326 7923 6272 4725 1547 4087 3638 1651 1295 582 335 609
cat_boundaries=0 1
cat_threshold=5
is_linear=0
shrinkage=0.03


Tree=71
num_leaves=31
num_cat=1
split_feature=17 5 29 5 16 0 14 12 9 16 32 12 0 18 14 14 29 12 12 14 17 18 29 12 29 9 16 3 12 12
split_gain=45.9428 38.2603 26.1335 25.8772 28.5673 26.0877 25.4777 35.3029 33.3749 33.6382 30.8785 29.3989 27.9712 24.9118 24.4251 32.0896 23.7837 24.7028 25.1021 24.0375 22.1968 24.9422 20.9373 19.9944 19.2899 29.1797 20.8846 19.2556 18.8288 17.9432
threshold=0.41494375467300421 -0.9936448037624358 86.164299011230483 -0.83753159642219532 1.4868103861808779 1.2642394304275515 -0.11999999731779097 0.32000000774860388 -10.521410942077635 0.9592377543449403 0 -0.46099999547004694 0.9502159357070924 1.2280365824699404 -1.2200000286102293 -1.0099999904632566 81.26676177978517 -0.35050000250339503 -0.26850000023841852 0.32500000298023229 -0.25295682251453394 2.2008477449417119 75.753208160400405 -0.66249999403953541 78.088207244873061 -93.791568756103501 -0.27698498964309687 2.2659604549407963 -0.48800000548362726 0.43999999761581426
decision_type=2 2 2 2 2 2 2 2 2 2 1 2 2 2 2 2 2 2 2 2 2 2 2 2 2 2 2 2 2 2
left_child=1 -1 6 4 -2 -5 7 11 9 13 27 -3 -12 24 -13 22 17 23 -19 -18 21 -17 -16 -7 -8 -26 -27 -10 -14 -20
right_child=3 2 -4 5 -6 16 8 -9 10 -11 12 14 28 -15 15 20 19 18 29 -21 -22 -23 -24 -25 25 26 -28 -29 -30 -31
leaf_value=0.020374088159332185 0.019655986618378803 -0.024189643231094366 -0.021996885116618792 0.012545247979020201 -0.01618639957977178 0.017420327511888805 -0.0065002238482708037 0.029682888655295631 0.021792558069214544 0.011748688260759784 0.01909017716831762 0.024093426051260386 0.022128198625972498 -0.017109504645433083 0.0053937356488806274 -0.0099325974757269418 -0.025528238645695634 0.025863128143622374 0.0043244762305243234 0.0049899037679193518 0.0023520665443402004 0.0221455822686079 -0.031195962249287279 -0.017495828269847365 0.0264516492335371 0.01583179826609124 -0.016776391978309334 0.0059678887714113785 -0.01418652135059127 -0.022630648396651912
leaf_weight=65.422173775732517 163.75574135780334 80.789271600544453 60.590900294482708 204.73412650078535 22.016911327838898 17.17512235045433 411.9087912812829 23.249519005417824 80.032285884022713 102.93575608730316 32.488293781876564 23.682754665613174 13.186675637960432 155.01586385071278 17.4261784106493 429.98628420382738 57.400925025343895 46.689851112663746 468.82414239645004 38.099354840815067 285.43213507533073 22.052780456840992 66.782762810587883 80.563336446881294 43.453367352485657 27.68498744815588 45.183866463601589 486.0903380587697 146.541100718081 22.343632966279984
leaf_count=451 1025 454 448 1147 112 75 2013 115 479 488 185 115 75 813 86 2250 336 210 2185 215 1431 121 388 406 227 155 245 2300 829 110
internal_value=6.84595e-05 -0.00210663 -0.00269012 0.00514657 0.0153442 0.00310802 -0.00221243 -0.00607713 0.000165566 -0.004163 0.00465264 -0.00700588 -0.00560916 -0.00657387 -0.00533702 -0.00621353 0.000451714 0.00255495 0.00507902 -0.0134276 -0.00419324 -0.00832223 -0.0236497 -0.0112459 -0.00345558 0.00728934 -0.00434099 0.00809672 -0.0110695 0.00305477
internal_weight=3741.54 2619.94 2554.51 1121.6 185.773 935.83 2493.92 949.402 1544.52 786.183 758.339 926.152 192.216 683.247 845.363 821.68 731.096 635.596 537.858 95.5003 737.471 452.039 84.2089 97.7385 528.231 116.322 72.8689 566.123 159.728 491.168
internal_count=19489 13668 13217 5821 1137 4684 12769 4960 7809 3941 3868 4845 1089 3453 4391 4276 3537 2986 2505 551 3802 2371 474 481 2640 627 400 2779 904 2295
cat_boundaries=0 1
cat_threshold=44
is_linear=0
shrinkage=0.03


Tree=72
num_leaves=31
num_cat=1
split_feature=3 5 32 29 17 29 17 18 14 7 17 28 10 14 10 14 5 10 10 9 27 5 5 18 10 0 14 5 14 29
split_gain=52.4731 60.9278 48.2291 39.072 28.9275 26.2894 23.2022 22.9168 32.3104 22.8077 22.3939 18.9794 25.9891 43.0681 23.7986 36.6331 19.3934 22.7715 19.1299 30.2674 18.251 17.8377 17.6362 18.4466 18.1775 16.8009 15.4084 19.7463 21.9183 22.1792
threshold=1.0000000180025095e-35 -0.88134551048278797 0 76.34873199462892 -0.5103931427001952 86.164299011230483 1.5727599859237673 1.6888062953948977 -0.15999999642372129 -3.9040225744247432 0.30629649758338934 20.863806724548343 1.0950000286102297 0.49499998986721044 -0.32500000298023218 -0.11999999731779097 0.48901963233947759 1.1200000047683718 0.2650000005960465 -75.608737945556626 1.0000000180025095e-35 -0.9936448037624358 -0.34091138839721674 1.5673300027847292 -0.79500001668930043 2.7414832115173344 -0.68500000238418568 0.48901963233947759 0.34499999880790716 77.084831237792983
decision_type=2 2 1 2 2 2 2 2 2 2 2 2 2 2 2 2 2 2 2 2 2 2 2 2 2 2 2 2 2 2
left_child=9 2 -2 6 21 26 11 10 -9 -1 -6 12 13 14 -3 -16 17 22 19 -17 -15 -4 23 -13 -24 -21 -5 -28 29 -29
right_child=1 3 4 5 7 -7 -8 8 -10 -11 -12 16 -14 20 15 18 -18 -19 -20 25 -22 -23 24 -25 -26 -27 27 28 -30 -31
leaf_value=-0.0022910627699882649 0.01807712208449699 0.01017177294336824 0.017471546984504826 -0.014251774446899179 0.0040598944477507467 -0.024867785156415037 0.021641255198767174 -0.033673926293110612 0.0089289251572476254 0.019213951880542823 0.023283213664487306 -0.005665745729591002 -0.019946059092786194 0.029148812560419964 -0.018694985201192359 -0.024158378305998082 0.01989051952571062 0.028649399820217882 -0.007559803572834858 -0.0060217312065312424 -0.0048562471801231804 -0.014266895058560125 0.017858077489225604 0.023117383305565686 -0.018128536174641826 0.017469240815073426 -0.0054202900201160567 -0.016366289223777111 0.02478903356690728 0.010257391608052301
leaf_weight=59.680207073688507 220.56958828121424 190.84121324121952 17.450841657817364 152.16202764958143 169.02311828732491 62.520780079066753 47.160825602710247 27.495453640818596 35.872795403003693 169.98945437371731 79.919503189623356 134.3143772482872 40.201990142464638 78.770708680152893 96.223577305674553 21.897103309631348 24.901625029742718 14.416726410388945 106.87451510131359 33.950398668646812 16.965501829981804 121.73176369071007 12.932763412594793 22.526279181241989 158.41481603682041 132.30252367258072 1338.2154135107994 47.273606315255165 39.752937272191048 66.598663300275803
leaf_count=310 1359 855 104 858 852 508 212 125 198 1185 497 644 180 345 491 103 129 64 482 148 72 559 59 104 792 580 6982 213 205 321
internal_value=-0.000220548 -0.00113079 0.00698523 -0.00305369 0.00111436 -0.00591959 0.00126551 0.00620477 -0.0097924 0.0136401 0.0102997 0.000361182 0.00319806 0.00459811 0.00151493 -0.00272284 -0.0051751 -0.00704954 0.0025321 0.00827425 0.0231348 -0.0101913 -0.00869999 -0.00141149 -0.0153245 0.0126648 -0.00518432 -0.00425054 0.00590817 -0.000841577
internal_weight=3740.95 3511.28 672.063 2839.22 451.493 1706.52 1132.69 312.311 63.3682 229.67 248.943 1085.53 718.028 677.826 582.089 391.248 367.507 342.605 295.025 188.15 95.7362 139.183 328.188 156.841 171.348 166.253 1644 1491.84 153.625 113.872
internal_count=19536 18041 3694 14347 2335 9087 5260 1672 323 1495 1349 5048 3256 3076 2659 1804 1792 1663 1313 831 417 663 1599 748 851 728 8579 7721 739 534
cat_boundaries=0 1
cat_threshold=112
is_linear=0
shrinkage=0.03


Tree=73
num_leaves=31
num_cat=1
split_feature=29 3 6 32 29 7 17 4 14 9 17 17 4 29 14 17 18 14 18 17 17 0 6 17 1 3 7 17 9 17
split_gain=44.134 46.2309 48.0897 39.295 35.5924 26.2237 24.6895 22.0921 23.1685 26.005 22.0238 20.7323 19.6704 18.3452 18.1311 16.8141 16.4626 31.9212 18.0322 28.6914 27.5553 17.5715 16.3986 17.4328 17.2185 16.1514 14.8248 14.3092 13.5718 13.4483
threshold=86.164299011230483 1.0000000180025095e-35 -0.47246390581130976 0 76.34873199462892 -4.5858092308044425 -0.5103931427001952 17.500000000000004 -0.37499999999999994 -5.6913642883300772 1.7078151702880862 -1.9785536527633665 220.50000000000003 77.084831237792983 -1.0600000023841856 0.60379037261009227 1.6888062953948977 -0.15999999642372129 0.81140595674514782 -0.053555749356746667 0.41494375467300421 46.089241027832038 -0.10495606064796446 -0.66136500239372242 24.118959426879886 652.92187500000011 8.7353067398071307 -0.94982787966728199 219.51387023925784 -1.0595335364341734
decision_type=2 2 2 1 2 2 2 10 2 2 2 2 10 2 2 2 2 2 2 2 2 2 2 2 2 2 2 2 2 2
left_child=1 5 4 -4 10 -1 22 28 12 15 11 -3 -9 -11 -13 -10 18 -18 19 21 25 -8 23 24 -5 -21 -20 -26 -6 -16
right_child=-2 2 3 6 7 -7 16 8 9 13 -12 14 -14 -15 29 -17 17 -19 26 20 -22 -23 -24 -25 27 -27 -28 -29 -30 -31
leaf_value=-0.0061429404823765046 -0.020952526913220554 0.035276069715991051 0.01696618224772025 -0.028660068272806715 -0.0066974233495085715 0.018611172868276113 0.025802271010426998 -0.00082039164456768456 -0.0056188427181798365 -0.0027413129682624248 0.024784932716590602 -0.029640522414485903 -0.029065042852470666 0.0241909912143068 -0.0087582696982174777 0.013273542942125047 -0.031460222258649251 0.012815433623012011 0.011435378617074944 -0.036815512317151813 0.016336350634974402 -0.0054529352148648454 0.017985025614347602 -0.036201048285238367 -0.012853207377046417 0.0042762351301354005 0.036606490445974776 0.013894241904934022 -0.02474840325010769 0.0021533851959157947
leaf_weight=48.523594200611115 89.76308486610651 14.63759809732437 211.28215679526329 24.205311417579651 1161.1082911714911 178.26858966052532 47.137503854930401 51.76129475235939 188.96342606842518 32.076387576758862 35.144697241485119 16.689198225736618 37.924288585782051 75.834108054637909 112.87422669678926 53.588455557823181 26.759410887956619 30.195583686232567 70.64147561788559 30.872127532958984 19.779944337904453 23.934975638985634 16.411459907889366 22.92579086124897 35.750283852219582 11.530133023858069 29.99742004275322 34.283383928239346 37.910343080759048 947.08399837464094
leaf_count=246 652 64 1314 115 6271 1246 239 240 895 146 161 88 173 373 569 242 121 172 399 149 123 111 98 106 161 73 185 152 241 4346
internal_value=-0.000289786 0.000227066 -0.000649012 0.00678483 -0.00235961 0.0133112 0.00126008 -0.00517965 0.000568079 0.00405514 0.00174504 0.00098103 -0.0129527 0.0162337 0.000482469 -0.00140747 0.00618873 -0.00817069 0.00970526 0.00242636 -0.0123506 0.0153469 -0.00934416 -0.013292 -0.00739728 -0.0258007 0.0192245 0.000251667 -0.0072883 0.000984251
internal_weight=3717.86 3628.1 3401.3 635.707 2765.6 226.792 424.425 1639.17 440.148 350.462 1126.43 1091.29 89.6856 107.91 1076.65 242.552 290.849 56.955 233.894 133.255 62.1822 71.0725 133.576 117.165 94.239 42.4023 100.639 70.0337 1199.02 1059.96
internal_count=19471 18819 17327 3518 13809 1492 2204 8581 2069 1656 5228 5067 413 519 5003 1137 1572 293 1279 695 345 350 632 534 428 222 584 313 6512 4915
cat_boundaries=0 1
cat_threshold=112
is_linear=0
shrinkage=0.03


Tree=74
num_leaves=31
num_cat=1
split_feature=5 3 29 8 12 12 3 12 10 12 12 3 31 6 2 14 12 10 28 8 14 1 14 10 12 12 8 0 14 12
split_gain=46.3919 49.4268 31.4182 28.4121 23.5504 32.3591 23.3489 23.1448 38.3702 34.2419 41.0683 42.6213 41.3968 50.4436 47.526 35.9842 33.3054 31.7399 31.2405 30.8474 24.2816 30.5001 23.8364 45.8809 23.3109 23.1646 22.9887 21.6888 21.4102 22.6933
threshold=-0.96105405688285817 1.0000000180025095e-35 86.164299011230483 -6.6039657592773429 -0.10600000247359274 -0.31749999523162836 688.14999389648449 -0.37800000607967371 -0.1950000002980232 -0.17849999666213986 -0.10600000247359274 446.98823547363287 0 -0.94107943773269642 212.69753265380862 -1.0600000023841856 -0.48800000548362726 1.1200000047683718 24.994574546813968 -32.507366180419915 0.8400000035762788 19.223432540893558 0.39499999582767492 -0.23499999940395352 -0.35750000178813929 -0.028500000014901158 5.105785846710206 3.0111782550811772 0.30500000715255743 0.22699999809265139
decision_type=2 2 2 2 2 2 2 2 2 2 2 2 1 2 2 2 2 2 2 2 2 2 2 2 2 2 2 2 2 2
left_child=4 3 7 -2 5 -1 -7 8 -3 19 11 -11 15 -14 18 -12 -10 20 -15 -9 21 -17 23 -21 -25 -16 -20 -5 -27 -30
right_child=1 2 -4 27 -6 6 -8 9 16 10 12 -13 13 14 25 17 -18 -19 26 22 -22 -23 -24 24 -26 28 -28 -29 29 -31
leaf_value=0.01550876412936507 -0.0065452475153784245 -0.022173253805790008 -0.021931021100768826 0.022534243364042264 0.017994830687556918 -0.026892887973254058 0.0058654113421423943 -0.0047399647210593088 0.0072589694478287798 -0.020890568611565116 -0.030156899708363473 0.0060188382872012423 -0.015918464957738916 -0.0020489504953513779 0.028392771801257339 -0.0041148821692200688 -0.012051455340606211 -0.017936590294071419 0.022828751260658444 0.016826681607404838 0.022056287822271477 0.0083317177291934424 0.02125412947866728 0.02065860846156467 -0.01448221565506874 -0.018690486598157842 -0.0065324609702454529 -0.0070859140854948391 0.025265347758357381 -0.0088526715118421966
leaf_weight=78.040842443704605 54.61090662330389 123.7266331911087 69.88633518666029 148.16008980572224 176.69330352544785 41.127483233809471 36.034889742732048 167.95097929984331 157.49723590910435 190.70367722958326 26.821627989411354 72.679313533008099 285.3193953409791 151.32153227925301 12.608796954154966 261.52314942330122 162.17917846888304 52.689354844391346 122.7019767165184 141.40991077572107 74.919299364089966 545.25585295259953 126.63624749332666 19.614767640829086 97.499675527215004 154.78500684350729 29.301321014761925 25.665956631302834 22.261172786355019 70.412503659725189
leaf_count=507 285 704 556 1079 1130 216 221 804 793 1068 136 355 1689 725 70 1190 889 238 595 633 336 2488 567 98 452 841 137 139 117 369
internal_value=-0.000147021 -0.00120262 -0.00218425 0.0122398 0.0105369 0.00198537 -0.0117154 -0.00172771 -0.00805939 -0.000656104 -0.00242563 -0.0134704 -0.000811832 -0.00559913 -0.000453365 0.00343905 -0.00254468 0.0044714 0.00760346 0.00596927 0.00582928 0.00429696 0.0106393 0.00537778 -0.00847162 -0.00984342 0.0171632 0.0181452 -0.0118981 -0.000474945
internal_weight=3700.04 3368.14 3139.7 228.437 331.897 155.203 77.1624 3069.82 443.403 2626.42 2073.3 263.383 1809.92 848.712 563.392 961.209 319.676 934.388 303.325 553.112 881.698 806.779 385.161 258.524 117.114 260.067 152.003 173.826 247.459 92.6737
internal_count=19427 17353 15850 1503 2074 944 437 15294 2386 12908 10354 1423 8931 4543 2854 4388 1682 4252 1457 2554 4014 3678 1750 1183 550 1397 732 1218 1327 486
cat_boundaries=0 1
cat_threshold=5
is_linear=0
shrinkage=0.03


Tree=75
num_leaves=31
num_cat=1
split_feature=5 3 17 32 12 12 10 28 3 6 28 9 7 0 10 12 10 24 12 28 6 3 10 10 28 12 5 5 3 2
split_gain=42.864 46.5925 30.4247 24.6828 21.4976 31.3764 29.2699 26.4743 26.2246 23.3732 20.0801 23.2734 18.7199 19.9645 17.697 21.4675 27.2384 32.3789 21.842 21.3776 33.7507 21.6431 23.9817 33.7544 29.0901 30.6129 27.6919 24.261 20.7689 20.5786
threshold=-0.98902499675750721 1.0000000180025095e-35 1.141010642051697 0 -0.37800000607967371 -0.36599999666213984 0.24000000208616259 25.346193313598636 566.08303833007824 -0.99887409806251515 20.863806724548343 -11.284264087677 -5.3632299900054923 3.0111782550811772 0.22500000149011615 0.54500001668930065 1.0000000180025095e-35 1.0000000180025095e-35 0.32000000774860388 24.994574546813968 -0.9563411772251128 930.02719116210949 0.87000000476837169 0.42499999701976782 22.726541519165043 0.23849999904632571 -0.4591448307037353 -0.73172146081924427 516.84207153320324 82.761775970458999
decision_type=2 2 2 1 2 2 2 2 2 2 2 2 2 2 2 2 2 2 2 2 2 2 2 2 2 2 2 2 2 2
left_child=-1 12 3 -3 6 -6 7 -5 -9 10 11 -7 -2 -14 15 16 18 -18 -11 21 -21 22 23 26 25 28 -16 -26 29 -25
right_child=1 2 -4 4 5 9 -8 8 -10 14 -12 -13 13 -15 19 -17 17 -19 -20 20 -22 -23 -24 24 27 -27 -28 -29 -30 -31
leaf_value=0.017194896203885601 -0.0085164551334294507 -0.019701635038825108 0.0068086961162676235 -0.020767572453015595 0.021415712028490061 -0.018396252943784289 -0.00020813963860693012 -0.010425596642825417 0.043940096634511795 -0.0012394496162007455 -0.02395515275490262 0.012324647737470803 0.01951625697814938 -0.0079915283232242923 -0.021375062132498072 -0.025522223001176014 0.0057594048195068696 0.035156987339510427 0.027375533846374107 -0.02294868213737894 0.011153827282670739 0.015882017472477104 -0.019353576622965874 0.017277492773348765 0.018495470168178867 0.033930528859330171 -0.004220711760351447 -0.024220961985698113 0.031839759067597104 -0.013288183743657339
leaf_weight=119.91986545920372 33.119074672460556 65.256802342832088 327.47033589333296 182.87005276232958 52.443846665322781 42.807024374604225 192.68837111443281 23.149139940738678 10.975500859320162 1074.6198118776083 75.78921826928854 44.019559383392334 167.6034152135253 27.076895654201508 132.91340558230877 25.842917196452618 253.41027808189392 38.015788801014423 23.556042157113552 30.850135803222656 144.82682128250599 35.849501423537731 129.2154932320118 29.082467287778854 15.531319700181482 40.004228845238686 232.21218463778496 43.527616992592812 17.833086311817169 57.209858536720276
leaf_count=852 162 519 1611 1050 261 217 987 142 62 5319 515 204 1202 146 637 148 1219 189 116 198 748 193 617 140 83 177 1134 237 93 260
internal_value=-0.000371815 -0.000966587 -0.00186272 -0.00280666 -0.00235153 -0.00132911 -0.00872793 -0.0162577 0.00781319 -0.00181712 -0.0127771 -0.0028583 0.012131 0.0156691 -0.00104523 0.00105256 0.00156478 0.00970136 -0.000601307 -0.00430916 0.00506919 -0.00655953 -0.007734 -0.00506275 0.00472326 0.0119699 -0.0105066 -0.0128665 0.00329023 -0.00290694
internal_weight=3689.69 3569.77 3341.97 3014.5 2949.24 2539.56 409.683 216.995 34.1246 2487.12 162.616 86.8266 227.799 194.68 2324.5 1415.44 1389.6 291.426 1098.18 909.056 175.677 733.379 697.53 568.314 203.189 144.13 365.126 59.0589 104.125 86.2923
internal_count=19438 18586 17076 15465 14946 12705 2241 1254 204 12444 936 421 1510 1348 11508 6991 6843 1408 5435 4517 946 3571 3378 2761 990 670 1771 320 493 400
cat_boundaries=0 1
cat_threshold=1
is_linear=0
shrinkage=0.03


Tree=76
num_leaves=31
num_cat=1
split_feature=17 5 4 12 17 31 10 14 29 12 12 5 12 28 5 14 29 7 14 14 12 18 3 3 28 14 18 5 10 3
split_gain=45.7982 45.8619 39.9238 30.3501 29.949 26.323 28.7873 23.4298 25.651 25.5713 24.8987 19.5896 23.7109 23.7999 23.1581 21.4688 19.5201 19.5122 27.6793 23.4967 19.4704 18.9503 20.1427 18.5358 22.244 23.4981 17.4721 16.589 16.3702 20.0983
threshold=-0.34192450344562525 -0.88134551048278797 12.500000000000002 0.47249999642372137 -0.37786428630352015 0 -0.31000000238418574 -1.0600000023841856 76.34873199462892 0.34650000929832464 -0.10150000080466269 -0.9936448037624358 -0.37800000607967371 24.009605407714847 0.59747540950775158 0.41499999165534979 81.26676177978517 -3.1415648460388179 -0.37499999999999994 -0.49499998986721033 -0.36599999666213984 0.81021401286125194 312.98873901367193 241.60495758056643 20.863806724548343 0.089999999850988402 1.6966412067413332 0.52643132209777843 -0.31000000238418574 164.46697235107425
decision_type=2 2 10 2 2 1 2 2 2 2 2 2 2 2 2 2 2 2 2 2 2 2 2 2 2 2 2 2 2 2
left_child=4 5 7 17 11 6 26 -3 9 10 28 -1 13 15 20 -13 -16 21 19 -19 -14 -4 -23 -12 -25 -26 -2 -20 -9 -30
right_child=1 2 3 -5 -6 -7 -8 8 -10 -11 23 12 14 -15 16 -17 -18 18 27 -21 -22 22 -24 24 25 -27 -28 -29 29 -31
leaf_value=0.019670686927721916 0.014030791281384021 -0.02792205387733911 -0.0055557736034998247 -0.021371409321680069 -0.025429791484346542 0.0045056420724844349 0.030218452115449219 0.018807201520370066 -0.005107875720966811 -0.014860206744610048 0.0055979329985653735 -0.030277469978949353 0.021718416683501267 0.0057789502161877532 0.019763279543762897 -0.0048837682038137499 -0.017087701403145337 0.0085318563475315946 0.002775089217207254 -0.036108937593884158 -0.0040540486674199546 0.0050441839635641614 0.025723159048485232 0.039309092910050844 -0.011933662805718162 0.029280136925775066 -0.025144156851099116 0.027585435677278548 -0.02498129101728426 0.000636487081091181
leaf_weight=31.912542797625065 33.138661123812199 30.446209013462067 119.87590887397528 31.903741970658302 55.860554404556751 216.48787593841553 115.79023659974337 30.640551373362541 743.74585522711277 55.991164490580559 108.80028422176838 78.155653350055218 26.07064662873745 39.967945650219917 67.893938183784485 48.931649670004845 15.112502887845038 44.172588430345058 30.738099351525307 12.873304173350332 1063.6438380554318 258.85817293822765 49.896469257771969 43.308874949812889 23.173515349626541 24.900024995207787 13.647640958428381 118.40467626601458 33.874314747750759 131.24051325023174
leaf_count=221 215 177 569 153 291 1145 864 135 4000 259 482 474 124 247 446 227 72 231 133 67 5462 1220 231 191 105 106 69 864 170 600
internal_value=0.000118245 0.00276376 0.00085376 0.00675668 -0.00409102 0.0122739 0.0209701 -0.00235894 -0.00168522 0.00394633 0.00663657 -0.00320412 -0.00376325 -0.0143032 -0.00225091 -0.0206147 0.0129305 0.00820169 0.0157652 -0.00199057 -0.00341811 0.00453513 0.00845828 0.0140483 0.0239398 0.00957497 0.00231635 0.0225246 -0.000975657 -0.0047379
internal_weight=3699.46 2271.91 1892.84 666.723 1427.55 379.064 162.577 1226.12 1195.68 451.929 395.938 1371.69 1339.78 167.055 1172.72 127.087 83.0064 634.819 206.189 57.0459 1089.71 428.631 308.755 200.183 91.3824 48.0735 46.7863 149.143 195.755 165.115
internal_count=19550 11986 9693 3468 7564 2293 1148 6225 6048 2048 1789 7273 7052 948 6104 701 518 3315 1295 298 5586 2020 1451 884 402 211 284 997 905 770
cat_boundaries=0 1
cat_threshold=10
is_linear=0
shrinkage=0.03


Tree=77
num_leaves=31
num_cat=3
split_feature=5 5 29 17 6 31 16 32 14 3 2 3 17 16 5 16 17 15 8 31 14 10 14 2 16 10 18 10 17 1
split_gain=43.1528 46.1144 34.7807 29.0162 21.6624 40.5045 40.3432 32.0508 31.096 27.2169 22.0336 21.1152 21.0202 20.522 19.1915 34.7309 18.2591 18.5027 19.1247 17.4087 17.3015 33.0346 23.7633 16.5082 15.828 15.686 15.562 17.2927 30.7501 20.2504
threshold=-0.98902499675750721 0.63088810443878185 86.164299011230483 0.41494375467300421 -0.94107943773269642 0 -0.273849606513977 1 0.20499999821186068 164.46697235107425 153.95527648925784 561.17974853515636 -1.898898661136627 0.98491400480270397 -0.83753159642219532 1.4868103861808779 -1.1239467859268186 40.500000000000007 -1.5465890169143675 2 -0.6599999964237212 -0.91499999165534962 -0.59499999880790699 6.6270833015441903 -0.30558110773563379 -0.62499999999999989 1.420721232891083 -0.36500000953674311 0.84054565429687511 117.0063819885254
decision_type=2 2 2 2 2 1 2 1 2 2 2 2 2 2 2 2 2 2 2 1 2 2 2 2 2 2 2 2 2 2
left_child=-1 2 3 4 5 6 8 10 -2 -10 -6 24 -9 -7 15 25 17 19 -19 -14 21 -18 -22 -3 -12 -5 27 28 29 -16
right_child=1 23 -4 14 7 13 -8 12 9 -11 11 -13 16 -15 26 -17 20 18 -20 -21 22 -23 -24 -25 -26 -27 -28 -29 -30 -31
leaf_value=0.017826954605828334 -0.018398597565845373 0.020843796978399852 -0.021728614070206823 -0.008486030084335688 0.019830970746363519 -0.018313488387964205 0.0093751653505523905 0.02884837780125939 -0.011386844584671209 0.029784044880400127 0.0068458334748012451 0.015677927388716994 0.014387888210977274 0.0048123443135941035 0.023589207302199579 -0.01912200227686248 0.010072203702667076 -0.026874671752353422 -0.0014982409136346112 -0.012779852493564052 0.021872397978577259 -0.020818332735101634 -0.0011906925519187146 0.0036339987808034031 -0.023466904615857462 0.024275783669749772 0.006435620631505299 -0.0048896839468999349 -0.028186440234403622 -0.016981778906667407
leaf_weight=117.97916873544455 128.17629968374968 113.59922096133232 72.934281945228577 14.53377406299114 105.50808294862509 272.86129563301802 189.41041867434978 18.003105908632278 29.629853449761868 26.500094830989838 26.131443724036217 46.693369776010513 32.438027337193489 39.099916741251945 66.459968559443951 23.478648006916046 44.332197166979313 80.694130778312683 39.909423820674419 30.686164662241936 40.804655589163303 100.0229174643755 1051.9705073833466 90.110857352614403 35.857546895742416 103.91987252235413 352.15851254016161 365.66718356311321 15.352441802620886 12.496735513210295
leaf_count=857 726 923 582 71 535 1799 879 81 146 118 140 251 144 194 298 121 203 411 222 136 196 547 5069 486 194 665 1633 1775 68 72
internal_value=5.35047e-05 -0.000538782 -0.00137922 -0.00092203 -0.00272049 -0.00719934 -0.000315159 -0.000859454 -0.0102877 0.00823188 0.00968379 0.000624877 -0.00248457 -0.0149318 0.00348481 0.0136226 -0.00291906 -0.0117176 -0.0185586 0.00143843 -0.00160397 -0.0113277 -0.000310298 0.013286 -0.0107828 0.0202187 0.00169851 -0.00193432 0.00945567 0.0170358
internal_weight=3687.42 3569.44 3365.73 3292.8 2338.73 685.678 373.717 1653.05 184.306 56.1299 214.19 108.682 1438.86 311.961 954.067 141.932 1420.86 183.728 120.604 63.1242 1237.13 144.355 1092.78 203.71 61.989 118.454 812.135 459.976 94.3091 78.9567
internal_count=19542 18685 17276 16694 11991 3862 1869 8129 990 264 1120 585 7009 1993 4703 857 6928 913 633 280 6015 750 5265 1409 334 736 3846 2213 438 370
cat_boundaries=0 1 2 3
cat_threshold=5 32 4
is_linear=0
shrinkage=0.03


Tree=78
num_leaves=31
num_cat=0
split_feature=5 29 3 14 10 10 14 16 12 29 5 12 28 10 28 7 28 9 10 21 7 3 10 12 12 14 29 14 4 5
split_gain=47.6807 39.402 38.9775 24.8108 27.9568 25.6602 62.2841 30.9013 29.084 21.736 23.4087 21.8177 21.3766 29.2929 22.2963 20.6646 19.5045 25.565 19.0923 19.0873 18.8749 18.449 17.9525 21.6267 28.3054 18.6358 17.5333 48.2394 18.9946 18.9904
threshold=-0.98902499675750721 86.164299011230483 1.0000000180025095e-35 -1.0349999666213987 -0.91499999165534962 -0.33500000834465021 -0.11999999731779097 0.97266927361488353 -0.71900001168251026 75.522090911865249 -0.91865202784538258 0.42849999666213995 24.009605407714847 -0.24499999731779096 18.63957500457764 -3.9040225744247432 24.994574546813968 -49.980117797851555 -0.17000000178813932 1.0000000180025095e-35 -10.938724517822264 357.63442993164068 0.24000000208616259 -0.10600000247359274 -0.48800000548362726 0.25500000268220907 81.26676177978517 -0.21499999612569806 200.50000000000003 0.52643132209777843
decision_type=2 2 2 2 2 2 2 2 2 2 2 2 2 2 2 2 2 2 2 2 2 2 2 2 2 2 2 2 10 2
left_child=-1 2 15 4 -4 26 8 9 -7 21 19 -12 13 14 -10 -2 -13 -18 -14 -11 -20 -8 25 24 -24 -9 28 29 -5 -28
right_child=1 -3 3 5 -6 6 7 22 12 10 11 16 18 -15 -16 -17 17 -19 20 -21 -22 -23 23 -25 -26 -27 27 -29 -30 -31
leaf_value=0.019030951633702699 -0.002720788850382991 -0.021043991040088528 0.016523289984322672 0.0086370557793153963 -0.019040317332167662 0.017116185003346437 0.012475883125577554 0.011845977789076612 0.017998857959218285 0.015503597632153173 -0.0017217051935013807 -0.017424800952482253 -0.012227209691449671 -0.024665663803558866 -0.013039116030339828 0.018035274251841472 0.03560673029494632 -0.010620810392334919 -0.01013934002800721 -0.0075842912300643694 0.033352947956017627 -0.011405807017767966 0.026409868515666349 0.011954630680071463 -0.022484714405186242 0.042450808494592755 -0.029064444880496698 0.045260921511953683 -0.0057229405615139154 0.011917429632332199
leaf_weight=117.12327315658331 58.907525308430195 79.873269163072109 23.169188357889652 541.25597210228443 115.86414457857609 27.998182892799377 168.04809183627367 58.130214780569077 26.913236245512962 111.44738592207432 1151.0115669518709 156.49334263056517 55.139639183878899 198.88058946281672 81.526463016867638 158.17534226924181 14.962995879352091 32.163742460310459 14.608784087002276 44.464739643037319 20.860827885568142 34.348972484469414 13.217110320925711 118.62445571273565 42.283680990338326 25.711703009903431 46.095923498272896 11.180533036589621 97.143866717815399 12.377995774149893
leaf_count=863 309 612 114 2619 641 135 747 277 131 706 5751 804 330 1134 435 1178 72 180 94 221 126 157 61 579 213 118 263 59 436 55
internal_value=0.000281025 -0.000344372 0.000139275 -0.000685873 -0.0130382 -0.000128732 -0.00161127 0.00063873 -0.0119999 -0.000821025 -0.0020595 -0.00332801 -0.0140863 -0.0178511 -0.00524184 0.0124163 -0.0123552 0.00449156 -0.00126156 0.00891277 0.015653 0.00838675 0.0102975 0.0047527 -0.0105795 0.0216213 0.00488501 -0.00931411 0.00644639 -0.0203347
internal_weight=3658 3540.88 3461.01 3243.92 139.033 3104.89 2396.84 1970.91 425.928 1712.94 1510.54 1354.63 397.93 307.32 108.44 217.083 203.62 47.1267 90.6093 155.912 35.4696 202.397 257.967 174.125 55.5008 83.8419 708.054 69.6545 638.4 58.4739
internal_count=19420 18557 17945 16458 755 15703 12271 9886 2385 8638 7734 6807 2250 1700 566 1487 1056 252 550 927 220 904 1248 853 274 395 3432 377 3055 318
is_linear=0
shrinkage=0.03


Tree=79
num_leaves=31
num_cat=2
split_feature=17 5 2 31 5 12 12 10 14 14 28 14 10 14 5 12 12 3 9 29 10 12 17 28 12 12 29 31 4 10
split_gain=36.9902 39.0532 43.0712 37.1023 28.4045 19.358 33.2793 32.0777 55.0882 43.8083 26.1987 23.1977 42.3479 21.4218 20.5926 34.4821 29.4961 28.1587 23.7944 21.6948 22.6512 21.9137 18.799 18.7387 17.7251 22.4345 20.9394 18.9585 17.7092 21.1345
threshold=1.5727599859237673 -0.88134551048278797 249.83755493164065 0 0.63088810443878185 0.028500000014901165 0.43999999761581426 -0.31000000238418574 -0.11999999731779097 -1.0349999666213987 24.994574546813968 1.0000000180025095e-35 0.87000000476837169 -0.22999999672174451 0.45150023698806768 -0.26350000500679011 -0.33699999749660486 7.4234716892242441 31.66166973114014 76.013408660888686 0.35999999940395361 -0.17249999940395352 -0.49491618573665613 22.987782478332523 -0.17849999666213986 -0.2145000025629997 77.084831237792983 1 222.50000000000003 -0.18500000238418576
decision_type=2 2 2 1 2 2 2 2 2 2 2 2 2 2 2 2 2 2 2 2 2 2 2 2 2 2 2 1 10 2
left_child=1 3 4 -1 5 7 11 9 10 -3 -9 28 -13 -12 15 16 18 -16 -10 20 21 -17 -5 -14 25 27 -26 -4 29 -7
right_child=-2 2 24 22 -6 6 -8 8 14 -11 13 12 23 -15 17 19 -18 -19 -20 -21 -22 -23 -24 -25 26 -27 -28 -29 -30 -31
leaf_value=0.013947145820279529 0.01377863670007023 -0.022816998368165687 0.010204597500235366 -0.010943885564884449 0.010889964164911555 0.0040234187364988159 -0.011231325526699573 -0.027694275107256132 -0.0067935764626319744 0.0098973029298452357 -0.014609919276174933 0.014154018610558143 -0.017394397902117022 0.035529934570611592 0.019134068385149666 -0.012468544159172975 0.024032879918547308 -0.01191660089702886 0.01860773885659461 -0.015902351524377932 -0.017690950601812343 0.017711055205694423 0.0040423710031039974 0.011797584440581198 -0.0055695041670889662 0.019450803410204377 -0.021356242552472801 -0.013126104415274467 -0.017852257239273157 -0.017476844233302452
leaf_weight=278.68117532134056 165.06310450285673 42.55906929820776 34.806720428168774 108.84549441933632 180.25269915163517 320.88269857317209 151.21225629001856 138.00683123618364 163.07204505801201 238.78212322294712 22.036346338689327 322.8321451023221 65.482566960155964 10.499906130135058 75.246396735310555 32.277536690235138 49.061593383550644 39.286514826118946 40.613031029701233 258.20507476478815 48.815826997160912 61.468245461583138 238.79688465595245 27.359443448483944 133.07273842394352 32.438726462423801 177.00082961469889 112.08379580825567 48.398319840431213 46.183453693985939
leaf_count=1772 867 252 202 520 1247 1549 750 817 850 1121 142 1525 306 58 381 153 213 174 195 1399 225 274 1246 152 659 154 1182 664 218 238
internal_value=-5.57599e-05 -0.000712278 -0.00219284 0.00606934 -0.000526098 -0.001465 0.00166849 -0.00398755 -0.00664953 0.00488526 -0.0220216 0.00402608 0.00902786 0.00214788 -0.00321199 -0.00526955 0.00340029 0.00847227 -0.00166261 -0.0107321 -0.00132231 0.00729801 -0.000649083 -0.00875782 -0.0102893 -0.00276029 -0.0146208 -0.00776366 -0.000987889 0.00127817
internal_weight=3663.32 3498.26 2871.94 626.324 2382.53 2202.28 982.351 1219.93 938.589 281.341 170.543 831.139 415.674 32.5363 768.046 653.513 252.747 114.533 203.685 400.767 142.562 93.7458 347.642 92.842 489.403 179.329 310.074 146.891 415.464 367.066
internal_count=19505 18638 15100 3538 12239 10992 4738 6254 4881 1373 1017 3988 1983 200 3864 3309 1258 555 1045 2051 652 427 1766 458 2861 1020 1841 866 2005 1787
cat_boundaries=0 1 2
cat_threshold=10 8
is_linear=0
shrinkage=0.03


Tree=80
num_leaves=31
num_cat=0
split_feature=5 29 5 16 4 5 10 10 10 9 10 16 18 2 9 27 8 10 4 13 10 28 4 28 1 24 5 18 28 29
split_gain=37.7084 36.2955 35.1093 16.7058 15.9591 15.874 21.789 15.7788 15.9725 15.3334 17.5354 18.085 15.1341 14.419 14.1178 14.0753 13.855 15.7084 16.0039 12.5501 12.4863 21.7172 12.7744 25.2072 12.4735 16.7141 19.1454 18.4388 17.9641 14.4034
threshold=-0.98902499675750721 86.164299011230483 0.63088810443878185 1.9535394310951235 3.5000000000000004 -0.78753387928009022 0.2950000017881394 0.37500000000000006 0.2950000017881394 -6.9865615367889395 -0.91499999165534962 -2.20131504535675 2.3449710607528691 269.73716735839849 33.046781539916999 1.0000000180025095e-35 -53.313816070556634 -0.67500001192092884 195.50000000000003 47.500000000000007 -0.87499999999999989 19.164343833923343 161.50000000000003 24.009605407714847 33.051876068115241 1.0000000180025095e-35 -0.83753159642219532 0.66384869813919078 20.863806724548343 76.151096343994155
decision_type=2 2 2 2 10 2 2 2 2 2 2 2 2 2 2 2 2 2 10 2 2 2 10 2 2 2 2 2 2 2
left_child=-1 2 3 4 5 6 15 8 20 10 -6 -12 -13 14 -7 -2 19 18 -18 -11 21 -4 -22 -24 -19 26 -26 28 -28 -29
right_child=1 -3 7 -5 9 13 -8 -9 -10 16 11 12 -14 -15 -16 -17 17 24 -20 -21 22 -23 23 -25 25 -27 27 29 -30 -31
leaf_value=0.01657744151377593 -0.0046091302482162005 -0.020484653176172013 -0.039870885354227552 0.016145410857487399 0.024728364876763838 -0.0063893343510530989 0.015476111074380091 0.026994104526788246 -0.028373733724421479 -0.01922118862223229 -0.036762725064750416 -0.0025654899927111527 0.017400288254536867 -0.01265518147601831 0.0032796225058823749 0.018035944469897043 0.0014036765891448457 0.011507157354452549 -0.026721339150138242 0.0063516205032151446 0.025155778764128556 0.016637934909360108 0.014278449390794281 -0.035439533480888269 0.013217501733063833 0.022256517944234812 0.024282417284124495 0.0017392441714218952 -0.011344145881091377 -0.014685711669875432
leaf_weight=114.63621185719967 256.2707611694932 81.601483508944511 10.431754671037199 48.889656536281109 20.940581351518631 525.56661773473024 76.850960932672024 47.885329693555832 9.6463152542710286 42.052526518702507 12.585160128772257 1072.4083389043808 34.301952071487904 221.95381644368172 182.48751926422119 26.341293804347515 59.181057974696159 260.810099221766 25.242560178041458 28.185704454779625 49.722190506756306 12.311683326959608 43.60425242036581 10.566149257123469 82.826681397855282 35.29296962171793 35.521160170435905 83.729140594601631 18.822600446641445 111.15979249030352
leaf_count=853 1265 631 58 231 93 2807 401 424 47 200 64 5345 168 1322 917 141 288 1271 110 152 332 75 325 66 437 177 160 387 104 608
internal_value=-0.000280057 -0.000832481 -0.000361252 -0.0010824 -0.00134952 -0.00393035 0.00142084 0.0123464 0.00704057 0.000382141 -0.00183698 -0.00235561 -0.00193151 -0.00599797 -0.00389623 -0.00244231 0.00361266 0.00486813 -0.00722004 -0.00901404 0.00993937 -0.00986863 0.0143283 0.00411417 0.00650165 0.00292629 0.000811114 -0.0033482 0.0119607 -0.00765629
internal_weight=3641.83 3527.19 3445.59 3261.42 3212.53 1289.47 359.463 184.168 136.282 1923.06 1140.24 1119.3 1106.71 930.008 708.054 282.612 782.824 712.586 84.4236 70.2382 126.636 22.7434 103.893 54.1704 628.162 367.352 332.059 249.233 54.3438 194.889
internal_count=19459 18606 17975 16648 16417 6853 1807 1327 903 9564 5670 5577 5513 5046 3724 1406 3894 3542 398 352 856 133 723 391 3144 1873 1696 1259 264 995
is_linear=0
shrinkage=0.03


Tree=81
num_leaves=31
num_cat=0
split_feature=5 5 29 18 17 14 14 5 28 17 12 29 4 4 3 14 14 28 3 16 18 2 12 12 17 18 28 14 28 8
split_gain=40.4501 37.9219 24.0331 23.9643 22.4542 19.4328 31.1438 20.2357 33.5121 22.234 21.4564 22.5982 22.5379 28.861 22.3986 29.0599 21.2129 23.996 19.8151 19.584 20.1323 17.7364 25.8717 18.6108 16.2306 23.9721 16.0892 23.5627 22.0029 15.8086
threshold=0.63088810443878185 -0.98902499675750721 86.164299011230483 2.0485763549804692 1.141010642051697 -1.0349999666213987 -1.314999997615814 -0.8126716911792754 22.590013504028324 -0.91470986604690541 0.43999999761581426 76.34873199462892 43.500000000000007 168.50000000000003 197.07277679443362 -0.70500001311302174 -0.68500000238418568 20.863806724548343 702.19500732421886 -1.6909700632095335 1.9333299994468691 6.6270833015441903 0.13350000232458117 -0.29899999499320978 -0.234918437898159 1.637889087200165 24.994574546813968 -1.0600000023841856 20.863806724548343 -26.056365013122555
decision_type=2 2 2 2 2 2 2 2 2 2 2 2 10 10 2 2 2 2 2 2 2 2 2 2 2 2 2 2 2 2
left_child=1 3 4 -1 5 6 -3 8 9 -7 11 14 -13 29 15 -9 -16 -18 -10 -17 -21 -2 23 -23 -20 -26 27 -8 -29 -14
right_child=21 2 -4 -5 -6 7 26 10 18 -11 -12 12 13 -15 16 19 17 -19 24 20 -22 22 -24 -25 25 -27 -28 28 -30 -31
leaf_value=0.021184666179093044 0.021401552397115834 0.018283793280703273 -0.01903742349031989 -0.019711611030797226 0.0065101065947446657 -0.020557564038268469 -0.036160356833557214 0.021535786008060376 0.01884357126008564 9.4752921814390028e-05 -0.013787765753738988 -0.0069995614531488922 -0.0079295380756989071 -0.0062983018125083489 -0.02487498854040417 -0.026535239492358021 0.016344733354408433 -0.00060239739570067997 -0.0043415405924375752 -0.0042850165090807871 0.022614350762191704 -0.016499476904305962 -0.024397278151949552 0.021033959351962804 0.020342526036552074 -0.023016161147812977 0.0037507070480528185 0.011390223458241075 -0.035088226526912687 0.017343728947699432
leaf_weight=100.01546294242144 105.53747434914112 23.454376235604286 67.737515904009342 13.98346798121929 313.44107892364264 55.593405768275261 57.953976735472679 41.658046215772629 135.4367552921176 274.31587293744087 147.18649859726429 889.18657319247723 27.084832057356834 155.9494601264596 15.942541658878325 32.236117817461491 189.08000386506319 124.29795629531145 100.94763816893101 401.47162927687168 25.713109835982323 14.59866166114807 21.922638811171055 51.016054734587669 70.339708797633648 12.811846747994421 22.416679233312607 24.294284395873547 13.412339039146898 112.51576033979654
leaf_count=784 897 117 562 74 1548 273 304 179 716 1298 779 5036 140 732 100 175 838 594 486 1891 119 72 113 295 422 66 137 127 92 526
internal_value=-0.000148202 -0.000897929 -0.00148165 0.0160404 -0.00111191 -0.00192278 -0.0127301 -0.00137446 0.00326599 -0.003437 -0.00276906 -0.00195781 -0.00461599 0.00255462 0.00183562 -0.00215853 0.00790106 0.0096423 0.0101757 -0.00434912 -0.00261686 0.0131782 0.00313409 0.0125608 0.00373164 0.0134678 -0.0189924 -0.0243056 -0.00562167 0.0124188
internal_weight=3641.55 3448.48 3334.48 113.999 3266.74 2953.3 141.532 2811.77 649.445 329.909 2162.32 2015.14 1184.74 295.55 830.399 501.079 329.321 313.378 319.536 459.421 427.185 193.075 87.5374 65.6147 184.099 83.1516 118.077 95.6606 37.7066 139.601
internal_count=19492 18115 17257 858 16695 15147 777 14370 3261 1571 11109 10330 6434 1398 3896 2364 1532 1432 1690 2185 2010 1377 480 367 974 488 660 523 219 666
is_linear=0
shrinkage=0.03


Tree=82
num_leaves=31
num_cat=1
split_feature=5 5 29 0 14 14 12 12 12 13 12 12 12 12 12 12 8 32 14 18 12 14 14 16 28 16 8 5 12 18
split_gain=34.2882 31.8908 26.0001 24.9347 24.2927 22.7952 36.2646 44.2129 37.6194 29.4255 23.036 36.4403 26.7781 21.5399 25.8055 37.0508 37.0799 26.7692 26.6471 28.8695 26.2562 25.5312 22.2141 22.0213 24.8336 22.7889 26.2944 21.9779 35.6785 21.3946
threshold=-0.98902499675750721 0.63088810443878185 86.164299011230483 16.173883438110355 -0.37499999999999994 0.37500000000000006 -0.13650000095367429 -0.10600000247359274 -0.045499999076127999 53.500000000000007 -0.71900001168251026 -0.37800000607967371 0.47249999642372137 -0.37100000679492945 0.028500000014901165 -0.00450000021373853 -18.48367881774902 0 1.0000000180025095e-35 0.57016858458518993 -0.02450000029057264 -1.0000000180025095e-35 -0.3299999982118606 0.028396612964570526 25.658441543579105 -1.3644295930862425 -4.8167543411254874 -0.38118652999401087 -0.16650000214576718 1.351981580257416
decision_type=2 2 2 2 2 2 2 2 2 2 2 2 2 2 2 2 2 1 2 2 2 2 2 2 2 2 2 2 2 2
left_child=-1 2 5 4 -3 10 9 -8 -9 -7 -2 -12 13 -13 15 16 21 -18 22 -20 29 27 23 25 -25 26 -16 -15 -29 -19
right_child=1 3 -4 -5 -6 6 7 8 -10 -11 11 12 -14 14 18 -17 17 20 19 -21 -22 -23 -24 24 -26 -27 -28 28 -30 -31
leaf_value=0.016207578541905139 0.019466621561227634 -0.0054004348247539049 -0.019676409214273903 -0.018818505230718933 0.02105336346299691 0.0064588428316820013 -0.023585590089554923 0.026456997344602377 -0.00041151182833375368 0.028971779473475946 -0.01213158047437465 0.028777423509990883 -0.017740617512672568 0.0030380778443647063 0.046095876385767794 -0.023623153786684181 0.010067168213116134 0.00081874635079780842 0.026524539788065894 0.0046034791897284306 0.029775649520044113 -0.024564346055136733 -0.0079641375556729951 0.016573564138491845 -0.025205656749908576 -0.0064714464477826378 -0.011188660794618244 0.0049903780302095017 -0.0323934781282584 -0.015789573209784552
leaf_weight=112.26962665468454 41.003279238939285 40.203254722058773 66.56889233738184 21.316193580627441 133.84262593835592 218.39939527958632 67.840456999838352 49.909533970057964 595.04079585522413 68.066044189035892 330.70780159533024 21.239849664270878 84.584319688379765 122.10611452162266 16.110868528485302 81.600110456347466 216.36491450667381 174.74596667289734 72.649558767676353 205.60137196630239 18.951531514525414 86.710089780390263 235.65366715192795 134.71179307997227 13.250192932784556 176.85639166086912 11.905676275491713 40.035784974694252 52.187727712094784 115.13926299661398
leaf_count=856 224 258 562 96 1043 1025 374 241 3022 341 1887 112 466 602 76 438 1144 830 336 995 88 445 1215 654 77 901 62 198 341 566
internal_value=-3.85054e-05 -0.000562122 -0.00125699 0.0111856 0.0149468 -0.000873939 0.00289528 -0.000731317 0.00170545 0.0118902 -0.00254687 -0.00296371 -0.00134576 -0.000564109 -0.000931305 -0.00446378 -0.00254532 0.00226737 0.00276957 0.0104014 -0.00342621 -0.0109214 -0.000850474 0.00390973 0.0126881 -0.00246096 0.0222061 -0.00531346 -0.0162851 -0.0058095
internal_weight=3625.57 3513.3 3317.94 195.362 174.046 3251.37 999.256 712.791 644.95 286.465 2252.12 2211.11 1880.41 1795.82 1774.58 907.842 826.241 525.202 866.74 278.251 308.837 301.04 588.489 352.835 147.962 204.873 28.0165 214.33 92.2235 289.885
internal_count=19475 18619 17222 1397 1301 16660 5003 3637 3263 1366 11657 11433 9546 9080 8968 4652 4214 2628 4316 1331 1484 1586 2985 1770 731 1039 138 1141 539 1396
cat_boundaries=0 1
cat_threshold=56
is_linear=0
shrinkage=0.03


Tree=83
num_leaves=31
num_cat=1
split_feature=29 5 5 31 29 4 4 17 17 17 17 10 10 0 17 17 17 14 3 10 27 11 14 0 29 17 5 10 14 17
split_gain=33.3424 36.6546 35.7046 31.4111 24.4309 26.6997 24.0745 17.3433 18.2952 17.321 16.0773 14.8111 22.8691 14.3099 14.1022 14.0988 21.2348 16.5072 16.1678 20.0426 19.187 21.759 16.2407 16.0061 13.3357 12.7691 12.4375 13.8465 51.396 17.0904
threshold=86.164299011230483 0.63088810443878185 -0.88134551048278797 0 76.34873199462892 39.500000000000007 168.50000000000003 1.5491908192634585 -1.9785536527633665 -0.5103931427001952 -1.2670373916625974 -0.37499999999999994 -0.1950000002980232 2.7414832115173344 0.18772999942302707 -1.0458313822746275 -0.9375849962234496 0.69499999284744274 188.16148376464847 -0.59000000357627858 1.0000000180025095e-35 76.500000000000014 -1.0600000023841856 55.060956954956062 76.73075103759767 -0.59426808357238758 -0.98902499675750721 -0.31000000238418574 -0.34499999880790705 -0.19701982289552686
decision_type=2 2 2 1 2 8 8 2 2 2 2 2 2 2 2 2 2 2 2 2 2 2 2 2 2 2 2 2 2 2
left_child=1 2 3 10 7 -6 -7 8 -4 11 -1 -5 -13 -3 -15 17 -17 -10 19 -18 21 -21 -20 -24 -8 -23 -12 28 -28 -29
right_child=-2 13 4 9 5 6 24 -9 15 -11 26 12 -14 14 -16 16 18 -19 22 20 -22 25 23 -25 -26 -27 27 29 -30 -31
leaf_value=-0.01051326927108572 -0.018888179817423335 0.018515516775402936 0.029761377484684451 -0.0318245430837064 -0.0062537738143156538 0.011317322592345197 -0.019707680454147395 0.017733673162814944 -0.013993464294419835 0.0041931829136224175 0.031546070889944683 0.028848843343565359 -0.012188192824453707 -0.017366621278882638 0.01413992909910745 0.022624849294502831 0.011101283542821146 0.01816251350108963 -0.027438415872665083 -0.011336316428203768 -0.022869813239081292 -0.012307159770088979 0.0096757937502693625 -0.0023176767899325485 -0.00020053093702549152 0.0084744487948085166 0.015822247085605257 0.0085908401589620854 -0.045688271398548884 0.028840591924554508
leaf_weight=21.914811603724957 82.510267287492752 131.90835836529732 18.110121890902519 22.13192492723465 1271.9571147188544 166.62869367748499 38.801355473697186 55.450392328202724 102.35779896378517 228.93395025283098 38.250488817691803 14.138185352087019 62.745533384382725 22.702949441969395 26.760799661278725 39.513421095907688 69.148678749799728 15.806366875767706 12.977361440658568 161.14655344933271 53.323889851570129 32.569918669760227 281.91177605837584 154.51445849239826 152.06777219474316 128.30493543297052 51.643246032297611 82.712710022926331 14.924839496612547 69.578288845717907
leaf_count=110 645 1082 80 103 7009 807 177 254 545 1223 381 59 313 109 155 184 310 69 72 744 255 165 1292 716 724 619 292 447 72 515
internal_value=-0.000151559 0.000289998 -0.000420521 0.00615996 -0.00187224 -0.00421892 0.00301821 0.00152703 0.00067113 -0.000331116 0.0133 -0.0107622 -0.00436835 0.0133889 -0.000378577 0.000142342 0.00138153 -0.00957576 0.000418264 -0.00363449 -0.0063715 -0.00357718 0.00442591 0.00543398 -0.00424814 0.00421707 0.0158779 0.0130085 0.00155926 0.0179703
internal_weight=3625.45 3542.94 3361.56 606.974 2754.59 1629.45 357.498 1125.14 1069.69 327.95 279.024 99.0156 76.8837 181.372 49.4637 1051.58 933.411 118.164 893.898 444.494 375.345 322.021 449.404 436.426 190.869 160.875 257.11 218.859 66.5681 152.291
internal_count=19528 18883 17537 3515 14022 8717 1708 5305 5051 1698 1817 475 372 1346 264 4971 4357 614 4173 2093 1783 1528 2080 2008 901 784 1707 1326 364 962
cat_boundaries=0 1
cat_threshold=10
is_linear=0
shrinkage=0.03


Tree=84
num_leaves=31
num_cat=1
split_feature=6 31 2 12 12 10 17 12 12 5 29 10 9 10 17 9 10 2 10 10 18 8 24 9 10 12 12 12 12 5
split_gain=28.5711 45.9057 54.2021 30.6727 47.4071 42.6622 29.6378 28.1616 28.1391 34.6574 27.4322 24.3936 23.3631 21.7395 21.5195 21.1411 20.3075 18.5521 18.3977 18.6378 19.741 16.7136 18.795 16.2985 16.1541 15.5427 25.3672 22.6464 28.7238 21.5668
threshold=-0.82436862587928761 0 184.48174285888675 -0.10600000247359274 0.34650000929832464 -0.37499999999999994 -0.21463730931282041 -0.71900001168251026 -0.00450000021373853 -0.91865202784538258 75.224540710449233 0.13499999791383746 -114.13779067993163 -0.46499998867511744 -0.18673217296600339 -56.249256134033196 1.1600000262260439 254.58805084228518 -0.12499999627470969 -0.43500000238418574 1.3875417709350588 -64.398101806640611 1.0000000180025095e-35 -40.349740982055657 -0.87499999999999989 -0.55899998545646656 -0.38799999654293055 -0.37800000607967371 -0.36949999630451197 -0.97269129753112782
decision_type=2 1 2 2 2 2 2 2 2 2 2 2 2 2 2 2 2 2 2 2 2 2 2 2 2 2 2 2 2 2
left_child=10 2 18 7 5 6 -5 -3 13 -10 -1 -11 -12 -4 -15 -9 -7 -14 19 -2 -21 -16 -23 -18 -8 29 -27 -28 -29 -17
right_child=1 3 8 4 -6 16 24 15 9 11 12 -13 17 14 21 25 23 -19 -20 20 -22 22 -24 -25 -26 26 27 28 -30 -31
leaf_value=0.015334545049827314 0.015793215649442312 0.023619996134454427 0.042316745326464338 -0.015900742060020373 -0.012519317719362133 0.019152531849859756 -0.0095995639915847277 -0.024375143233058418 0.015989565107600683 -0.021004192382944667 -0.020308874747783711 0.0016410013912021805 -0.0014565226789278857 -0.0049298544869329306 -0.014535504872682381 0.0088594586479322831 -0.028397938716079409 -0.011322124832059769 0.022277818863888459 0.0085198551596474843 -0.032464683886987721 0.022722926983623274 -0.0066098379314943655 0.017361893233439365 0.019701526011966272 0.020183743214678543 -0.035029020283611198 0.036639622582787516 -0.0072735221009035747 -0.040939229128425368
leaf_weight=73.373400516808033 86.692440278828144 22.820452183485031 14.917998954653738 85.229445688426495 133.12654697149992 212.84603393822908 24.799727968871593 73.606786452233791 48.956613048911095 109.82499199360609 68.570078127086163 69.53897887468338 1521.326911225915 95.572378873825073 16.244687795639038 11.063057601451872 14.883927509188654 192.42227993905544 218.89820410311222 25.06396871805191 16.916972450911999 101.53451063483953 23.844075836241245 11.637150302529333 49.242247670888901 33.129122152924538 23.158768273890018 13.385210797190664 198.02424412965775 23.428381830453873
leaf_count=326 560 124 81 448 710 1096 124 378 350 573 437 353 7674 516 86 66 65 1322 1457 168 87 551 128 79 276 177 145 67 982 128
internal_value=7.54226e-05 0.0028148 0.00789441 -0.0017752 0.00292047 0.00809506 -0.00392415 -0.00807541 0.00145247 -0.00616277 -0.00252043 -0.0122643 -0.00326366 0.00834613 0.00604092 -0.0100577 0.0160755 -0.0025702 0.0169956 0.00790708 -0.00836668 0.013427 0.0171364 -0.00841776 0.00989024 -0.0065014 -0.00401174 -0.00750015 -0.00433379 -0.0251668
internal_weight=3614.08 1758.39 828.006 930.381 531.765 398.639 159.271 398.616 480.434 228.321 1855.69 179.364 1782.32 252.114 237.196 375.796 239.367 1713.75 347.572 128.673 41.9809 141.623 125.379 26.5211 74.042 302.189 267.697 234.568 211.409 34.4914
internal_count=19534 9775 4910 4865 2798 2088 848 2067 2638 1276 9759 926 9433 1362 1281 1943 1240 8996 2272 815 255 765 679 144 400 1565 1371 1194 1049 194
cat_boundaries=0 1
cat_threshold=10
is_linear=0
shrinkage=0.03


Tree=85
num_leaves=31
num_cat=3
split_feature=5 5 17 18 31 7 14 14 14 32 5 12 12 12 5 18 5 17 9 32 5 14 4 5 4 12 17 14 12 5
split_gain=30.3225 27.7217 26.846 20.9347 18.8179 18.664 20.5088 19.3865 21.4731 18.6401 20.5438 21.662 33.4776 21.8425 37.2892 19.3587 16.9525 16.3451 16.1765 15.1084 18.4008 14.6381 16.1197 13.9612 15.9205 13.9048 13.874 27.747 17.1894 17.3484
threshold=0.63088810443878185 -0.98097097873687733 1.141010642051697 1.716315031051636 0 6.8228373527526864 0.49499998986721044 0.14500000327825549 0.014999999664723875 1 -0.83753159642219532 -0.16650000214576718 -0.36949999630451197 -0.52750000357627858 -0.04725049436092376 1.1554906964302065 0.12431468442082406 0.4625417441129685 8.688052177429201 2 -0.04725049436092376 -0.37499999999999994 7.5000000000000009 -0.78753387928009022 12.500000000000002 -0.18749999999999997 -1.1239467859268186 0.70499998331069957 -0.20100000500679013 0.29221479594707495
decision_type=2 2 2 2 1 2 2 2 2 1 2 2 2 2 2 2 2 2 2 1 2 2 10 2 10 2 2 2 2 2
left_child=1 3 9 4 -1 6 7 8 17 10 -3 12 13 14 -12 25 -17 -6 -5 23 -21 -2 -23 -4 -25 -14 27 28 29 -11
right_child=21 2 19 18 5 -7 -8 -9 -10 26 11 -13 15 -15 -16 16 -18 -19 -20 20 -22 22 -24 24 -26 -27 -28 -29 -30 -31
leaf_value=0.026984146054123068 -0.0032875681752007318 0.0040222371466346295 0.026252219101756562 -0.024879350223727864 -0.032103465340653378 0.023968225726245424 0.026110628328471011 -0.047875330129134475 0.033384183128269324 -0.011576953301679122 -0.032828704948900382 -0.01605802082875275 -0.014645476360525397 -0.032825833659625339 0.040826289761368269 0.0076552223530780344 0.048046464966227873 0.013752556248084797 0.012501108801444397 -0.029874990501232952 0.01309603937803489 -0.0079574755759808987 0.020314362100116903 0.0010837464182248857 0.017438209209807837 0.024776494680357 -0.00034993303361841537 0.014796463043935023 -0.015601878520024407 0.027649560323586501
leaf_weight=59.326361037790775 44.93176794052124 105.25795462727547 38.124859347939491 22.88726120442152 18.906828984618191 30.166790880262852 14.32933373749256 10.44291031360626 9.6421513855457288 21.697542428970337 11.228939168155195 251.09844814240932 26.615910403430462 34.492222361266613 11.534698508679865 20.069456681609154 17.291115380823612 10.077436804771422 17.646988868713379 21.002557449042797 14.377497330307959 20.69096015393734 123.75890470296144 152.77871805429459 81.618901938199997 10.379921957850454 2149.8852656260133 41.065783530473709 184.39453828334808 17.429815873503685
leaf_count=590 282 552 247 119 105 198 102 53 65 135 90 1675 160 254 60 122 83 74 103 121 78 99 1009 699 393 62 10674 192 992 72
internal_value=-3.8971e-05 -0.00069046 -0.00135624 0.0103098 0.0153724 0.0044755 -0.00433286 -0.013567 -0.00331737 -0.0022504 -0.00753146 -0.0109076 -0.00103426 -0.0181059 0.00464091 0.0121771 0.0271142 -0.016233 -0.00869623 0.00705257 -0.00983056 0.0116124 0.0162378 0.00929202 0.00682837 -0.00322387 -0.00114449 -0.00761809 -0.0117837 0.00615061
internal_weight=3593.15 3403.77 3210.34 193.426 152.892 93.5655 63.3987 49.0693 38.6264 2902.44 487.969 382.711 131.612 57.2559 22.7636 74.3564 37.3606 28.9843 40.5343 307.903 35.3801 189.382 144.45 272.522 234.398 36.9958 2414.47 264.588 223.522 39.1274
internal_count=19460 18070 16661 1409 1187 597 399 297 244 15123 3058 2506 831 404 150 427 205 179 222 1538 199 1390 1108 1339 1092 222 12065 1391 1199 207
cat_boundaries=0 1 2 3
cat_threshold=10 17 60
is_linear=0
shrinkage=0.03


Tree=86
num_leaves=31
num_cat=0
split_feature=5 5 14 10 14 12 12 12 12 12 12 4 10 28 6 12 12 17 28 14 6 14 10 12 28 8 4 14 28 16
split_gain=27.039 30.8924 21.96 29.8144 68.2165 32.3159 26.2878 24.211 32.3552 23.3044 51.5981 21.7255 19.8412 30.5535 22.5386 19.5913 27.3422 21.5454 19.2857 26.7006 19.2022 30.6939 66.6274 38.5738 34.3345 25.1144 24.2289 23.1111 21.2924 25.261
threshold=0.63088810443878185 -0.96105405688285817 -1.0349999666213987 -0.33500000834465021 -0.11999999731779097 -0.71900001168251026 -0.090500000864267335 0.42849999666213995 0.73149999976158153 0.082499999552965178 0.10400000214576723 228.50000000000003 -0.26999999582767481 22.825375556945804 -0.92772412300109852 -0.10600000247359274 -0.31749999523162836 -0.3221799880266189 20.863806724548343 -0.24999999254941938 -0.90877163410186756 0.20499999821186068 0.2650000005960465 -0.12299999967217444 18.767070770263675 -9.4519371986389142 9.5000000000000018 0.074999999254941954 22.726541519165043 0.10985428094863893
decision_type=2 2 2 2 2 2 2 2 2 2 2 10 2 2 2 2 2 2 2 2 2 2 2 2 2 2 10 2 2 2
left_child=1 15 -3 6 5 -5 -4 9 -9 20 -11 -8 18 -14 -15 16 17 -1 19 -7 21 -6 28 24 -24 27 -27 -22 -23 -30
right_child=-2 2 3 4 7 12 11 8 -10 10 -12 -13 13 14 -16 -17 -18 -19 -20 -21 25 22 23 -25 -26 26 -28 -29 29 -31
leaf_value=-0.0042481590855104386 0.010968115090452094 -0.014636719525946286 0.013481013396606453 0.016363308360699127 -0.016509193187669569 -0.011133525549501847 0.0026910916898699394 -0.011486409966472044 0.034457563702790274 0.039006904732212237 0.0036185854124792913 -0.018703996116322053 -0.028571638027986995 -0.026299909785810999 0.0018193417038352606 0.015264114561984239 -0.012594663073530667 0.028240186451048671 -0.017470609763088535 0.030846622592497569 0.0063959209324749387 0.037030172123263476 -0.023195965789902882 -0.017614801412136158 0.016726718646177093 0.0026401598157265106 0.019882526832752614 -0.010476488380028478 -0.027914870361451585 0.023352718155676192
leaf_weight=33.822309531271458 189.2240874543786 110.43202802538872 201.69756580144167 28.993377603590488 159.45931576937437 29.790879040956497 439.93136171996593 240.73790550231934 13.672120489180086 39.650771357119083 426.00962201505899 46.298273861408234 163.50675813853741 38.625676356256008 72.428132146596909 167.79258234798908 73.24022451043129 38.627074047923088 54.931618563830853 23.578743472695351 115.02354197204113 43.651394531130791 25.245263606309891 151.43339937925339 73.579429864883423 274.35526725649834 99.307587668299675 196.79728373140097 12.179232977330683 24.279384799301624
leaf_count=196 1413 650 944 142 967 150 2235 1271 75 198 2076 209 957 302 429 1159 432 310 330 100 572 187 114 852 367 1324 519 946 74 115
internal_value=-4.04453e-05 -0.000652727 -0.00155957 -0.00107269 -0.00270702 -0.0137574 0.00440466 -0.000299863 -0.00889211 0.00103685 0.00670901 0.000619667 -0.016075 -0.0203541 -0.00810825 0.00830757 0.000246198 0.013222 -0.00513992 0.00763956 -0.00121426 -0.0057445 -0.000514547 -0.00814461 0.00639807 0.00202657 0.00726346 -0.00425209 0.0231278 0.00593844
internal_weight=3608.3 3419.08 3105.6 2995.16 2307.24 411.855 687.927 1895.38 254.41 1640.97 465.66 486.23 382.862 274.561 111.054 313.482 145.69 72.4494 108.301 53.3696 1175.31 489.827 330.368 250.258 98.8247 685.484 373.663 311.821 80.11 36.4586
internal_count=19615 18202 16105 15455 12067 2410 3388 9657 1346 8311 2274 2444 2268 1688 731 2097 938 506 580 250 6037 2676 1709 1333 481 3361 1843 1518 376 189
is_linear=0
shrinkage=0.03


Tree=87
num_leaves=31
num_cat=1
split_feature=6 4 9 14 4 14 10 14 6 16 28 2 18 31 16 6 16 7 11 14 10 14 16 10 16 2 10 10 1 3
split_gain=34.7392 29.0614 29.1924 31.4577 23.5054 21.7652 35.8345 29.3728 21.6759 20.8405 25.3799 20.1268 21.1809 19.883 21.422 18.03 17.5742 15.9147 23.1073 16.3113 21.8336 28.971 17.1994 17.0121 18.6593 15.3012 23.6581 24.8266 14.7451 14.7246
threshold=-0.35488262772560114 43.500000000000007 -2.7594251632690425 -0.37499999999999994 209.50000000000003 0.49499998986721044 0.35999999940395361 0.60499998927116405 -0.99223279953002919 0.33123148977756506 20.863806724548343 278.10350036621099 1.8298299908638003 0 1.5459565520286562 -0.88835394382476796 -0.43948000669479365 -29.09250450134277 88.500000000000014 -1.0600000023841856 -0.32500000298023218 -0.15999999642372129 -1.579212963581085 -0.67500001192092884 -0.60017964243888844 177.97461700439456 0.34499999880790716 0.25499999523162847 11.054427146911623 245.23506927490237
decision_type=2 10 2 2 10 2 2 2 2 2 2 2 2 1 2 2 2 2 2 2 2 2 2 2 2 2 2 2 2 2
left_child=1 5 -3 4 -4 6 8 -7 9 -1 -11 17 -13 14 16 -8 -2 18 -10 -19 23 -22 -23 24 -21 26 27 -15 -5 -26
right_child=13 2 3 28 -6 7 15 -9 11 10 -12 12 -14 25 -16 -17 -18 19 -20 20 21 22 -24 -25 29 -27 -28 -29 -30 -31
leaf_value=-0.01708219417889317 0.0062930725780805073 0.00097948079662133055 0.025005822295953401 0.027371693073811133 -0.02011208475504685 0.022631206993555517 -0.024757933460605865 0.00053871770211038792 -0.0082925706700988332 0.038390807448236711 -0.017556106854160366 -0.010460499473363215 0.015414648973619334 -0.0028407221081475907 -0.012881861408242885 -0.0052795392810568277 0.02694856337483786 -0.020359501220665849 0.02374293265060862 0.02043658488785274 -0.011801308225273949 -0.031570497413215534 0.0038654595278425153 0.013794269212523701 -0.015728042419060229 0.010380242947154327 0.015621211045408064 -0.036222676860702172 0.0022385556956141467 0.014594980780176214
leaf_weight=144.3056682869792 57.786375895142555 512.98239026218653 14.148069858551024 106.16600653529167 32.285749785602093 61.620143532752991 101.4205712005496 401.41418588906527 268.44134241342545 13.861708939075472 13.48709651827812 297.08227696269751 30.595658406615257 74.487660735845566 19.635865032672882 74.584224164485931 106.32093188911676 27.409259781241417 20.951665103435516 26.169323690235615 153.27409489452839 11.642350003123282 505.56068731099367 219.7163230702281 58.489060588181019 116.28574057668447 37.934527270495892 26.536343678832054 26.365191362798214 18.154443755745888
leaf_count=893 395 2598 75 779 171 290 667 2020 1415 61 78 1790 164 392 110 375 865 163 105 132 862 70 2474 1033 296 634 224 131 124 96
internal_value=0.000310088 -0.000795858 0.00462857 0.0150247 -0.00612761 -0.00233027 -0.00369621 0.0035212 -0.0024343 -0.0125448 0.0111545 -0.00136742 -0.00800496 0.00820488 0.0153857 -0.0165802 0.0197574 0.000297943 -0.00589947 0.0020596 0.00269828 -0.000389695 0.0030084 0.00909897 -0.000971359 0.00230532 -0.00431324 -0.0118784 0.022426 -0.00845
internal_weight=3579.11 3140.13 691.947 178.965 46.4338 2448.18 1985.15 463.034 1809.14 171.654 27.3488 1637.49 327.678 438.987 183.743 176.005 164.107 1309.81 289.393 1020.42 993.006 670.477 517.203 322.529 102.813 255.244 138.959 101.024 132.531 76.6435
internal_count=19482 16731 3747 1149 246 12984 10674 2310 9632 1032 139 8600 1954 2751 1370 1042 1260 6646 1520 5126 4963 3406 2544 1557 524 1381 747 523 903 392
cat_boundaries=0 1
cat_threshold=10
is_linear=0
shrinkage=0.03


Tree=88
num_leaves=31
num_cat=2
split_feature=5 29 5 14 12 12 12 32 6 12 12 12 6 32 16 16 14 28 28 5 6 12 3 9 12 12 2 9 12 16
split_gain=28.6336 31.5432 37.2105 18.1389 24.9121 41.131 27.1704 25.5877 62.2661 21.5868 29.5107 31.8158 39.7585 40.4744 30.2833 29.6655 35.9582 43.7087 28.0239 23.9845 23.2023 22.845 30.176 22.4172 21.3394 24.3629 20.532 20.4787 25.7222 20.544
threshold=-0.98902499675750721 86.164299011230483 0.63088810443878185 0.37500000000000006 -0.13650000095367429 -0.10600000247359274 -0.045499999076127999 0 -0.86977231502532948 0.47249999642372137 0.028500000014901165 -0.00450000021373853 -0.96645781397819508 1 -0.3596245795488357 -0.0042439100798219434 0.30500000715255743 20.863806724548343 24.009605407714847 -0.4591448307037353 -0.86977231502532948 0.14649999886751178 188.16148376464847 29.351488113403324 -0.078500002622604356 -0.71900001168251026 315.82583618164068 -53.349534988403313 -0.33699999749660486 -1.0082404613494871
decision_type=2 2 2 2 2 2 2 1 2 2 2 2 2 1 2 2 2 2 2 2 2 2 2 2 2 2 2 2 2 2
left_child=-1 2 3 9 27 -6 -7 -8 -9 10 11 12 23 14 -14 26 17 -17 -11 -18 -16 -19 -23 -2 25 -15 -12 28 -5 -29
right_child=1 -3 -4 4 5 6 7 8 -10 18 15 -13 13 24 20 16 19 21 -20 -21 -22 22 -24 -25 -26 -27 -28 29 -30 -31
leaf_value=0.01507636511989508 -0.019152040469899875 -0.019763794360777107 0.013335953938270423 -0.031882846760936057 -0.023200101704362854 0.022889216698744823 0.0042064627027961158 -0.022998715065942969 0.01228024715692042 -0.026970492879144162 -0.00055810521206982669 -0.022530315073824785 0.022168333434235628 0.01928866109317284 -0.014811858545851498 0.015955252724114608 0.0036804054988251837 -0.01439639127861176 0.012393818839434032 0.053354098179300778 0.00952050390555839 -0.017604001147577118 0.021239673588290056 0.00071713510268715179 0.010080961763844281 -0.0077009857419979635 -0.022174558192690534 -0.0077492307884531103 0.0073992333605901323 0.018539757233717959
leaf_weight=107.89453978091478 188.51914998888969 74.206295475363731 174.39820951968431 19.937379390001297 64.185227029025555 49.683390446007252 409.01106659322977 114.95734191685915 72.793601527810097 63.52544566988945 423.59742131829262 82.612388767302036 103.6795062944293 30.808111578226089 52.340260028839111 179.68035307526588 13.636597193777559 99.945452012121677 21.103441402316093 24.213023528456688 103.13496485352516 27.234809502959251 48.919972471892834 69.877474807202816 80.060288585722446 579.31304416060448 42.625012904405594 30.794533975422382 52.038817718625069 180.92807707190514
leaf_count=861 1184 605 1337 115 358 246 1998 642 420 361 2117 453 545 169 268 799 70 521 116 114 539 140 286 426 401 2928 272 151 246 852
internal_value=-7.19419e-05 -0.000546104 -0.000121426 -0.000852128 0.00251707 -0.000486356 0.00180123 1.01958e-05 -0.00885866 -0.00235162 -0.0017625 -0.00463007 -0.00338802 -0.000543346 0.00933509 0.00254113 0.00859507 0.00558547 -0.0171243 0.0360129 0.00128678 -0.00502547 0.00730011 -0.0137968 -0.00433309 -0.00630881 -0.00257765 0.0100156 -0.00376968 0.0146976
internal_weight=3585.66 3477.76 3403.55 3229.16 994.329 710.631 646.445 596.762 187.751 2234.83 2150.2 1290.35 1207.73 949.336 259.155 859.853 393.63 355.781 84.6289 37.8496 155.475 176.1 76.1548 258.397 690.181 610.121 466.222 283.699 71.9762 211.723
internal_count=19540 18679 18074 16737 5028 3664 3306 3060 1062 11709 11232 6913 6460 4850 1352 4319 1930 1746 477 184 807 947 426 1610 3498 3097 2389 1364 361 1003
cat_boundaries=0 1 2
cat_threshold=100 40
is_linear=0
shrinkage=0.03


Tree=89
num_leaves=31
num_cat=1
split_feature=5 2 14 12 12 12 12 10 12 14 11 29 32 5 13 14 10 6 18 16 12 29 6 28 0 14 10 28 12 4
split_gain=27.9375 29.9175 27.8098 30.2631 44.3106 30.1464 31.8552 38.8556 27.3325 26.8197 29.9558 28.4363 25.69 24.0666 23.3926 22.8973 32.2554 22.3008 33.1175 22.2239 35.0915 21.8582 21.6903 30.9965 27.1527 22.6184 20.6891 20.6571 19.1429 18.6401
threshold=-0.98902499675750721 3.5554621219635014 0.38499999046325689 -0.13650000095367429 -0.10600000247359274 -0.71900001168251026 -0.37800000607967371 0.22500000149011615 -0.045499999076127999 0.30500000715255743 73.500000000000014 81.26676177978517 0 0.4124008715152741 53.500000000000007 -1.0349999666213987 -0.91499999165534962 -0.96645781397819508 0.71188476681709301 -0.75970202684402455 0.035499999299645431 75.522090911865249 -0.80187052488327015 20.863806724548343 12.908175468444826 0.42499999701976782 0.34499999880790716 18.543931961059574 0.34650000929832464 233.50000000000003
decision_type=2 2 2 2 2 2 2 2 2 2 2 2 1 2 2 2 2 2 2 2 2 2 2 2 2 2 2 2 2 8
left_child=-1 13 5 14 -5 -3 -7 9 -6 11 -11 15 -9 -2 -4 16 -8 27 -19 20 -13 -10 23 -23 -24 26 -25 -17 29 -20
right_child=1 2 3 4 8 6 7 12 21 10 -12 19 -14 -15 -16 17 -18 18 28 -21 -22 22 24 25 -26 -27 -28 -29 -30 -31
leaf_value=0.014787585501716351 -0.0096502538096240337 0.021364991225859494 0.0064114462760444862 -0.023898068277235382 0.023767055400455293 -0.01248242878434061 0.019584791288877721 0.01031556670293177 0.016512856639114483 -0.0050845576072439435 0.03810996273376157 -0.016363541010083971 -0.015327713137058583 0.012124058968241666 0.027510031825218297 0.012384674297646619 -0.021323659078218211 0.01451942670411811 0.0030126196507378384 -0.01943304018036332 0.029512984809739469 0.0031333282259637892 0.022162178036254265 0.034025642604468373 -0.0024133900110982921 -0.021390215237937108 -0.013269414661813837 -0.0098667548950526329 -0.023104674324682072 -0.016247623660442474
leaf_weight=106.94815373420715 54.949809983372688 42.358742378652096 215.70039653778076 65.829463593661785 46.214586354792118 329.45169252157211 20.946382842957973 35.603465996682644 62.623191207647324 25.128520146012306 32.345165409147739 35.106462121009827 257.6986271366477 252.266372397542 59.949378989636898 44.219476245343685 84.11853352189064 198.03946955502033 664.91025272011757 124.38460773229599 24.688024841248989 144.6580610871315 61.162739016115665 13.184041574597357 115.42242774367332 131.29105898737907 19.254564382135868 223.02627192437649 28.130002446472645 47.528023555874825
leaf_count=864 258 238 1057 381 233 1948 106 200 288 119 164 211 1396 1641 286 217 490 967 3301 770 154 636 377 70 600 793 130 1239 161 219
internal_value=-0.000241796 -0.000710465 -0.00158205 0.00275443 -0.000737374 -0.00341134 -0.00390339 -0.00236627 0.00186607 -0.000471437 0.0194606 -0.00125015 -0.0123607 0.00821075 0.0110829 0.000304106 -0.0130601 0.00147838 0.00365532 -0.0122546 0.00275191 -2.22298e-05 -0.00218694 -0.00697987 0.00617557 -0.0158798 0.00639545 -0.00615251 0.00073443 0.00170676
internal_weight=3567.14 3460.19 3152.97 935.29 659.64 2217.68 2175.32 1845.87 593.811 1552.57 57.4737 1495.1 293.302 307.216 275.65 1310.92 105.065 1205.85 938.608 184.179 59.7945 547.596 484.973 308.388 176.585 163.73 32.4386 267.246 740.568 712.438
internal_count=19514 18650 16751 4851 3508 11900 11662 9714 3127 8118 283 7835 1596 1899 1343 6700 596 6104 4648 1135 365 2894 2606 1629 977 993 200 1456 3681 3520
cat_boundaries=0 1
cat_threshold=32
is_linear=0
shrinkage=0.03


Tree=90
num_leaves=31
num_cat=0
split_feature=6 29 3 12 12 12 12 12 12 6 14 12 12 14 14 9 9 12 29 28 14 12 12 28 16 16 14 8 29 14
split_gain=27.5756 26.2181 24.9677 21.4732 22.4822 16.2585 16.676 20.6981 27.8804 20.5659 22.6334 35.639 28.7267 19.4682 17.4056 17.0496 19.2694 20.8991 15.9492 20.5792 27.6097 15.5448 22.4256 15.2623 26.1796 23.1003 15.1195 14.8867 15.0681 14.745
threshold=-0.27338597923517222 86.164299011230483 1.0000000180025095e-35 0.056499999016523368 -0.31749999523162836 0.73149999976158153 0.42849999666213995 0.15049999952316287 0.13799999654293063 -0.94107943773269642 0.20499999821186068 -0.12299999967217444 0.092000000178813948 0.014999999664723875 0.42499999701976782 -30.292024612426754 112.55723953247072 -0.41899999976158137 78.715969085693374 18.767070770263675 0.69499999284744274 -0.2145000025629997 0.12150000035762788 19.008403778076175 -0.51159128546714772 -0.44829782843589777 0.47499999403953558 -6.6039657592773429 76.151096343994155 -1.2200000286102293
decision_type=2 2 2 2 2 2 2 2 2 2 2 2 2 2 2 2 2 2 2 2 2 2 2 2 2 2 2 2 2 2
left_child=1 2 27 4 -2 6 7 8 9 10 13 18 14 15 -13 21 17 -17 19 20 -12 -4 -23 24 -19 -25 -16 28 -1 -6
right_child=3 -3 5 -5 29 -7 -8 -9 -10 -11 11 12 -14 -15 26 16 -18 23 -20 -21 -22 22 -24 25 -26 -27 -28 -29 -30 -31
leaf_value=-0.025526733540148033 0.015092815392858037 -0.019499402224969979 0.0014765215807545028 0.018065987798025523 0.025660195881187758 0.030850570707429175 -0.0088625962338853455 0.005091888957658823 -0.017633161715559533 0.00099584897240837639 0.025797794500480246 -0.027473823544421811 0.025883762475589756 -0.022658063236749668 0.017295570957905442 -0.027962121461468953 -0.023852750188263081 -0.0058949149559853241 -0.010075973965272727 0.029550800479939347 -0.029736958271144524 -0.029590318858679063 0.017355417423193596 0.009542437625749061 0.027517606796892347 -0.020109382750056633 -0.011856878162944486 0.014483278011411509 0.0078154997023403353 -0.010142857155476151
leaf_weight=17.932577863335609 70.678662069141865 64.159638099372387 31.857242941856384 127.89419165998697 10.589152656495569 13.379800863564013 230.28719548135996 492.18851684778929 93.624308653175831 1473.6465457752347 15.971594586968424 46.433688893914223 18.784787684679031 81.929646842181683 20.343845635652542 18.326882593333721 29.644364304840565 35.144800290465355 19.04164731502533 61.095427773892879 14.339376807212828 66.695322960615158 9.9190740510821325 53.039782896637917 50.725684389472008 41.085183225572109 63.494819805026054 153.49959997087717 33.41418182849884 98.950558803975582
leaf_count=100 510 560 185 953 72 78 1211 2374 493 7318 72 280 89 533 91 122 201 175 103 289 64 449 49 310 231 236 367 1219 182 573
internal_value=0.000152878 -0.000661309 -0.00027593 0.00871537 0.00201651 -0.000973402 -0.00112723 -0.000473464 -0.00169524 -0.00099383 -0.00531434 0.00164327 -0.00790788 -0.00962363 -0.0129406 -0.00639174 -0.00171078 0.00170197 0.0144885 0.0196594 -0.000584993 -0.0161239 -0.0233671 0.00486013 0.0139322 -0.0034758 -0.00466242 0.00982936 -0.00409429 -0.00648097
internal_weight=3558.12 3250.01 3185.85 308.113 180.218 2981 2967.62 2737.33 2245.14 2151.52 677.873 259.505 149.057 418.368 130.272 336.438 227.967 198.322 110.448 91.4064 30.311 108.472 76.6144 179.995 85.8705 94.125 83.8387 204.846 51.3468 109.54
internal_count=19489 17381 16821 2108 1155 15320 15242 14031 11657 11164 3846 1355 827 2491 738 1958 1275 1074 528 425 136 683 498 952 406 546 458 1501 282 645
is_linear=0
shrinkage=0.03


Tree=91
num_leaves=31
num_cat=1
split_feature=29 5 5 12 10 28 12 14 10 14 16 12 10 28 6 31 14 6 14 10 2 9 2 29 12 3 12 12 3 10
split_gain=33.4031 28.3777 26.4525 18.2225 16.6597 23.3952 15.5159 15.223 19.8974 47.6933 25.9528 22.4015 21.8452 28.3146 24.3876 21.4939 23.0668 26.9032 21.7474 19.8175 18.5528 16.6382 17.2075 18.26 20.7766 17.4169 16.0852 15.2203 15.0713 14.7058
threshold=86.164299011230483 0.63088810443878185 -0.9936448037624358 0.73149999976158153 -0.87499999999999989 19.008403778076175 -0.36949999630451197 -1.0349999666213987 -0.33500000834465021 -0.11999999731779097 0.97266927361488353 -0.71900001168251026 -0.26999999582767481 22.825375556945804 -0.92772412300109852 0 -0.37499999999999994 -0.89225733280181874 -0.24999999254941938 -0.91499999165534962 364.41322326660162 -6.3533122539520255 18.017407417297367 76.73075103759767 -0.19049999862909314 172.76625061035159 0.26000000536441809 0.092000000178813948 371.31716918945318 0.27500000596046453
decision_type=2 2 2 2 2 2 2 2 2 2 2 2 2 2 2 1 2 2 2 2 2 2 2 2 2 2 2 2 2 2
left_child=1 2 -1 7 5 -3 -6 19 -9 11 20 -10 15 -14 -15 16 17 -13 -17 -4 21 -11 -23 25 28 -24 27 29 -25 -22
right_child=-2 4 3 -5 6 -7 -8 8 9 10 -12 12 13 14 -16 18 -18 -19 -20 -21 26 22 23 24 -26 -27 -28 -29 -30 -31
leaf_value=0.016971896061454748 -0.019320712358081464 -0.044150329319850336 0.014645020177726859 0.028762249513059678 -0.012063180257434305 0.015221151976638902 0.019231240932093521 0.0040597436845302235 0.01507490482679303 -0.0026480535834302009 0.0093929056563245416 -0.026511460474619181 -0.024987493627796457 -0.025763678649871932 0.004303879412529933 -0.0044296921250225833 -0.031866278228634727 0.037502807036964965 0.029895208823010454 -0.015993439392982561 -0.02513239140953541 0.016230053427031942 -0.0061132555112260204 -0.0051545494800640836 -0.012304395159494982 0.0099978986539080994 -0.031426560042517093 0.014163358455432987 0.020352719156591363 0.0022966797095254048
leaf_weight=77.70217215269804 78.009308815002441 9.7500827461481112 22.1326784491539 17.871252238750458 15.282840043306349 12.62417448312044 132.83566433936357 701.45696064829826 27.394715204834938 946.99672093987465 245.89003986865282 10.331361889839174 166.72899487614632 34.698690086603165 75.195069573819637 37.881910942494869 33.811440750956535 11.400773353874682 28.285196617245674 109.3138442710042 38.913646288216114 83.624743275344372 78.76695678383112 44.054548822343349 134.25287943333387 250.05704039335251 28.798195101320744 24.040107250213623 38.045225568115711 31.179061278700829
leaf_count=657 643 53 113 115 101 84 1104 3434 134 4861 1233 59 1003 275 441 196 219 71 129 645 212 458 372 242 765 1183 189 124 206 181
internal_value=-3.2721e-05 0.000406422 -0.000212056 -0.000631718 0.0123047 -0.0114333 0.015943 -0.000804635 -0.00037514 -0.00168871 0.000304146 -0.010771 -0.0125818 -0.0172281 -0.0053366 -0.00196728 -0.0141961 0.00724318 0.00911337 -0.010763 -0.0010162 -0.000137138 0.00364259 0.00168561 -0.00506902 0.00613178 -0.0121925 -0.00603964 0.00676826 -0.0130705
internal_weight=3547.33 3469.32 3298.82 3221.12 170.493 22.3743 148.119 3203.25 3071.8 2370.35 1944.62 425.728 398.333 276.623 109.894 121.711 55.5436 21.7321 66.1671 131.447 1698.73 1575.8 628.801 545.177 216.353 328.824 122.931 94.1328 82.0998 70.0927
internal_count=19502 18859 17517 16860 1342 137 1205 16745 15987 12553 10026 2527 2393 1719 716 674 349 130 325 758 8793 8087 3226 2768 1213 1555 706 517 448 393
cat_boundaries=0 1
cat_threshold=10
is_linear=0
shrinkage=0.03


end of trees

feature_importances:
dmi=398
doy_sin=304
oni=265
rmm2=256
nino34=254
centroid_lon=191
rmm1=149
doy_cos=134
centroid_lat=104
rain_prev_30=103
amplitude=88
season_to_date=87
zone_id=83
state=61
days_since_wet=60
rain_prev_30_anom=55
rain_prev_7_anom=37
rain_prev_14_anom=34
rain_prev_7=23
rain_prev_14=23
oni_age_days=18
dmi_age_days=7
mjo_phase_2=7
mjo_phase_4=7
nino34_age_days=3
mjo_phase_5=3
mjo_phase_8=3
mjo_phase_1=1
mjo_phase_3=1
mjo_phase_7=1

parameters:
[boosting: gbdt]
[objective: binary]
[metric: binary_logloss]
[tree_learner: serial]
[device_type: cpu]
[data_sample_strategy: bagging]
[data: ]
[valid: ]
[num_iterations: 2000]
[learning_rate: 0.03]
[num_leaves: 31]
[num_threads: 0]
[seed: 42]
[deterministic: 0]
[force_col_wise: 0]
[force_row_wise: 0]
[histogram_pool_size: -1]
[max_depth: -1]
[min_data_in_leaf: 60]
[min_sum_hessian_in_leaf: 0.001]
[bagging_fraction: 0.8]
[pos_bagging_fraction: 1]
[neg_bagging_fraction: 1]
[bagging_freq: 1]
[bagging_seed: 400]
[bagging_by_query: 0]
[feature_fraction: 0.8]
[feature_fraction_bynode: 1]
[feature_fraction_seed: 30056]
[extra_trees: 0]
[extra_seed: 12879]
[early_stopping_round: 0]
[early_stopping_min_delta: 0]
[first_metric_only: 0]
[max_delta_step: 0]
[lambda_l1: 0]
[lambda_l2: 1]
[linear_lambda: 0]
[min_gain_to_split: 0]
[drop_rate: 0.1]
[max_drop: 50]
[skip_drop: 0.5]
[xgboost_dart_mode: 0]
[uniform_drop: 0]
[drop_seed: 17869]
[top_rate: 0.2]
[other_rate: 0.1]
[min_data_per_group: 100]
[max_cat_threshold: 32]
[cat_l2: 10]
[cat_smooth: 10]
[max_cat_to_onehot: 4]
[top_k: 20]
[monotone_constraints: ]
[monotone_constraints_method: basic]
[monotone_penalty: 0]
[feature_contri: ]
[forcedsplits_filename: ]
[refit_decay_rate: 0.9]
[cegb_tradeoff: 1]
[cegb_penalty_split: 0]
[cegb_penalty_feature_lazy: ]
[cegb_penalty_feature_coupled: ]
[path_smooth: 0]
[interaction_constraints: ]
[verbosity: -1]
[saved_feature_importance_type: 0]
[use_quantized_grad: 0]
[num_grad_quant_bins: 4]
[quant_train_renew_leaf: 0]
[stochastic_rounding: 1]
[linear_tree: 0]
[max_bin: 255]
[max_bin_by_feature: ]
[min_data_in_bin: 3]
[bin_construct_sample_cnt: 200000]
[data_random_seed: 175]
[is_enable_sparse: 1]
[enable_bundle: 1]
[use_missing: 1]
[zero_as_missing: 0]
[feature_pre_filter: 1]
[pre_partition: 0]
[two_round: 0]
[header: 0]
[label_column: ]
[weight_column: ]
[group_column: ]
[ignore_column: ]
[categorical_feature: 31,32]
[forcedbins_filename: ]
[precise_float_parser: 0]
[parser_config_file: ]
[objective_seed: 16083]
[num_class: 1]
[is_unbalance: 0]
[scale_pos_weight: 1]
[sigmoid: 1]
[boost_from_average: 1]
[reg_sqrt: 0]
[alpha: 0.9]
[fair_c: 1]
[poisson_max_delta_step: 0.7]
[tweedie_variance_power: 1.5]
[lambdarank_truncation_level: 30]
[lambdarank_norm: 1]
[label_gain: ]
[lambdarank_position_bias_regularization: 0]
[eval_at: ]
[multi_error_top_k: 1]
[auc_mu_weights: ]
[num_machines: 1]
[local_listen_port: 12400]
[time_out: 120]
[machine_list_filename: ]
[machines: ]
[gpu_platform_id: -1]
[gpu_device_id: -1]
[gpu_device_id_list: ]
[gpu_use_dp: 0]
[num_gpu: 1]

end of parameters

pandas_categorical:[["Bihar", "Madhya Pradesh", "Maharashtra", "Uttar Pradesh"], ["BI-2", "BI-3", "MH-6/MH-7", "MP-10", "MP-10/MP-5", "UP-10", "UP-8"]]
