tree
version=v4
num_class=1
num_tree_per_iteration=1
label_index=0
max_feature_idx=32
objective=binary sigmoid:1
feature_names=rain_prev_7 rain_prev_14 rain_prev_30 season_to_date days_since_wet doy_sin doy_cos rain_prev_7_anom rain_prev_14_anom rain_prev_30_anom oni oni_age_days dmi dmi_age_days nino34 nino34_age_days rmm1 rmm2 amplitude mjo_age_days mjo_phase_1 mjo_phase_2 mjo_phase_3 mjo_phase_4 mjo_phase_5 mjo_phase_6 mjo_phase_7 mjo_phase_8 centroid_lat centroid_lon small_unit state zone_id
feature_infos=[0:563.739501953125] [0:825.598876953125] [0:1061.04931640625] [0:2138.258544921875] [0:323] [-0.99819540977478027:0.7295575737953186] [-0.99941062927246094:-0.060048960149288177] [-119.4168701171875:466.78271484375] [-199.28990173339844:623.6695556640625] [-325.978759765625:676.28131103515625] [-1.3700000047683716:1.690000057220459] [63:90] [-0.86100000143051147:0.81099998950958252] [32:59] [-1.3799999952316284:1.9700000286102295] [32:59] [-2.703779935836792:3.1550700664520264] [-2.4152100086212158:3.5100479125976562] [0.026713300496339798:3.5471172332763672] none [0:1] [0:1] [0:1] [0:1] [0:1] [0:1] [0:1] [0:1] [18.132350921630859:26.753688812255859] [75.09625244140625:87.400367736816406] none -1:2:1:3:0 -1:2:4:3:5:6:0:1
tree_sizes=3350 3489 3471 3492 3500 3445 3476 3486 3473 3480 3476 3467 3487 3463 3483 3495 3481 3479 3486 3474 3495 3487 3500 3489 3478 3472 3492 3490 3488 3502 3500 3479 3494 3515 3485 3489 3495 3493 3486 3496 3495 3490 3513 3512 3510 3479 3503 3480 3507 3497 3515 3505 3506 3506 3492 3507 3487 3498 3497 3505 3479 3494 3476 3510 3497 3515 3496 3506 3507 3523 3492 3528 3500 3481 3503 3490 3482 3509 3489 3514 3495

Tree=0
num_leaves=31
num_cat=0
split_feature=6 5 3 28 5 16 12 29 5 3 17 29 14 10 10 29 28 17 9 12 14 5 5 29 5 2 6 0 10 10
split_gain=1979.45 642.416 692.14 459.956 474.076 311.295 245.258 152.908 105.294 82.6929 78.2403 77.1632 75.8739 143.865 123.197 75.8039 68.7229 58.3356 58.218 55.1742 53.4455 51.6959 51.2082 49.3646 48.5863 48.3867 46.6321 43.858 42.904 42.3645
threshold=-0.82436862587928761 -0.93404099345207203 5.8520450592041025 20.863806724548343 0.33273787796497351 0.37996618449687963 -0.027500000782310959 76.151096343994155 -0.8126716911792754 30.226166725158695 0.16916266083717349 84.152141571044936 0.20499999821186068 -0.35500000417232508 0.2950000017881394 76.581501007080092 20.863806724548343 1.4894750118255617 -77.260593414306626 -0.15249999612569806 -0.11999999731779097 0.4124008715152741 -0.97269129753112782 84.152141571044936 -0.78753387928009022 42.127584457397468 -0.92449048161506642 11.775074005126955 -0.37499999999999994 0.24000000208616259
decision_type=2 2 2 2 2 2 2 2 2 2 2 2 2 2 2 2 2 2 2 2 2 2 2 2 2 2 2 2 2 2
left_child=3 22 27 6 15 8 12 18 16 21 25 24 13 -1 -14 17 -4 -5 -8 -16 -15 -6 -2 -18 -7 -10 -22 -3 -24 -12
right_child=1 2 5 4 9 11 7 -9 10 -11 29 -13 14 20 19 -17 23 -19 -20 -21 26 -23 28 -25 -26 -27 -28 -29 -30 -31
leaf_value=0.14518737334779347 0.19156011587632238 0.18396467480155929 0.12736129448903963 0.11173824254172357 0.13060177076887419 0.17794268475376862 0.11948548419210041 0.1361429472155804 0.1522964459111204 0.1098993668638179 0.14995641161352341 0.11256070460353981 0.16895132183605957 0.087907466208078766 0.13958319167403713 0.096430314199870359 0.15943839297987303 0.17096690040162013 0.17316436634326671 0.099718440996657248 0.10383824129000163 0.16071621328320529 0.15330174490814313 0.11403374834082952 0.15451824698312783 0.11071034783431184 0.14454466787491846 0.13401835338070966 0.18080569888147138 0.12167238355322627
leaf_weight=93.288034200668335 390.06836700439453 430.12002968788147 152.99237608909607 237.32475900650024 73.386586904525757 168.41599774360657 19.155143022537231 282.35178351402283 26.618185758590698 51.494994878768921 105.47767066955566 24.62804102897644 69.157529354095459 126.37419033050537 61.44571852684021 823.91991806030273 176.87411284446716 15.174853563308714 218.16961598396301 62.689558982849121 81.347165822982788 165.67954874038696 66.669848442077637 23.632968664169312 153.9874484539032 349.27040004730225 36.320141315460205 16.169925928115845 234.83707809448242 85.327455282211304
leaf_count=375 1568 1729 615 954 295 677 77 1135 107 207 424 99 278 508 247 3312 711 61 877 252 327 666 268 95 619 1404 146 65 944 343
internal_value=0.140657 0.159922 0.150061 0.121489 0.110025 0.138738 0.136425 0.151064 0.129607 0.144021 0.121603 0.162911 0.122095 0.113528 0.137109 0.100853 0.142455 0.115403 0.168761 0.119285 0.101457 0.151469 0.184307 0.153981 0.166832 0.113678 0.11633 0.182144 0.174786 0.137275
internal_weight=4822.37 2405.09 1713.51 2417.28 1366.98 1267.22 1050.3 519.677 920.193 290.561 566.694 347.031 530.622 337.33 193.293 1076.42 353.499 252.5 237.325 124.135 244.041 239.066 691.575 200.507 322.403 375.889 117.667 446.29 301.507 190.805
internal_count=19385 9668 6888 9717 5495 5094 4222 2089 3699 1168 2278 1395 2133 1356 777 4327 1421 1015 954 499 981 961 2780 806 1296 1511 473 1794 1212 767
is_linear=0
shrinkage=1


Tree=1
num_leaves=31
num_cat=1
split_feature=6 5 3 29 5 16 12 28 5 31 1 17 29 5 29 14 10 14 10 9 14 3 28 5 12 17 5 12 14 14
split_gain=1925.13 602.233 653.302 444.853 325.522 311.374 169.247 158.115 116.861 107.748 93.369 85.6922 79.5787 76.693 75.3561 71.0232 62.9989 74.61 62.6785 57.8943 53.8814 46.856 42.4991 42.3735 43.8718 42.8612 40.4681 39.7791 39.6968 48.8293
threshold=-0.82436862587928761 -0.93404099345207203 7.4234716892242441 76.836559295654311 0.33273787796497351 0.37996618449687963 -0.028500000014901158 20.863806724548343 -0.8126716911792754 0 10.232269287109377 0.16916266083717349 81.26676177978517 0.4124008715152741 76.151096343994155 -0.21499999612569806 0.35999999940395361 0.39499999582767492 -0.21000000089406964 -89.005546569824205 0.76499998569488536 304.69734191894537 22.726541519165043 -0.97269129753112782 0.056499999016523368 -0.41716000437736506 0.16665012389421466 0.37450000643730169 0.014999999664723875 0.20499999821186068
decision_type=2 2 2 2 2 2 2 2 2 1 2 2 2 2 2 2 2 2 2 2 2 2 2 2 2 2 2 2 2 2
left_child=3 23 -3 6 22 8 13 14 9 -4 -6 -10 21 15 19 18 17 28 26 -8 -18 -7 -5 -2 25 -25 -1 -9 -17 -30
right_child=1 2 5 4 10 12 7 27 11 -11 -12 -13 -14 -15 -16 16 20 -19 -20 -21 -22 -23 -24 24 -26 -27 -28 -29 29 -31
leaf_value=-0.03328973383492527 0.049212890083154527 0.039934395941948385 0.018471988083047872 -0.024468268062994319 0.012691175159575291 -0.0087633225072231129 -0.028650178163869451 -0.011894837327255934 -0.027618424637989827 -0.013607351300319124 -0.026183810151198302 -0.0024355104875808642 -0.012509140315109029 0.0073164711911080562 0.00017520838666994538 0.0013959964508074602 -0.041607570561804398 0.025987857095350893 -0.058534668281789944 0.028745851976428163 0.012039876735415012 0.031455404568465697 -0.043864408003055071 -0.0015478062671112447 0.046663898839778298 0.03266401434229782 0.0075302747901385587 -0.046858347090034551 -0.04157392385531359 -0.00010671511733693431
leaf_weight=82.955664217472076 392.14154337346554 464.14483635127544 176.87355470657349 122.48306769132614 150.40622414648533 28.316573098301888 16.193217173218727 166.63387256860733 376.77953346073627 178.54467079043388 86.880557283759117 179.64845257997513 50.988660663366318 92.517738252878189 201.82784149050713 82.964365631341934 96.191788226366043 51.964758172631264 73.831738948822021 230.32007464766502 19.914064422249794 279.77157180011272 756.4900076687336 45.407715484499931 133.19575376808643 118.36092187464237 29.11550597846508 34.880494266748428 67.539949789643288 40.761532470583916
leaf_count=333 1583 1872 712 492 605 114 65 669 1512 717 349 722 205 372 811 333 386 209 296 928 80 1127 3033 183 537 477 117 140 271 164
internal_value=8.84109e-05 0.0189488 0.00951424 -0.0189312 -0.0327836 -0.00161795 -0.00690614 0.00386747 -0.0109355 0.00250043 -0.00159272 -0.0195068 0.0220079 -0.017873 0.0137812 -0.0221528 -0.0142988 -0.00556964 -0.0371762 0.024875 -0.0323819 0.0277425 -0.0411925 0.0426553 0.03386 0.0232264 -0.0227121 -0.0181482 -0.014234 -0.0261106
internal_weight=4828.05 2424.17 1735.07 2403.87 1116.26 1270.92 1287.61 649.856 911.846 355.418 237.287 556.428 359.077 637.757 448.341 545.239 359.336 243.231 185.903 246.513 116.106 308.088 878.973 689.106 296.964 163.769 112.071 201.514 191.266 108.301
internal_count=19414 9761 6981 9653 4479 5109 5174 2613 3663 1429 954 2234 1446 2561 1804 2189 1443 977 746 993 466 1241 3525 2780 1197 660 450 809 768 435
cat_boundaries=0 1
cat_threshold=10
is_linear=0
shrinkage=0.03


Tree=2
num_leaves=31
num_cat=2
split_feature=6 5 2 29 5 16 12 32 32 6 1 29 14 17 29 5 9 5 1 17 5 12 17 5 2 12 12 29 5 10
split_gain=1816.51 546.784 602.488 404.776 345.023 264.228 156.941 141.053 111.706 101.917 96.4504 84.991 82.0058 80.1554 75.6026 63.438 57.1248 51.4236 50.2772 49.8762 46.9713 46.8982 50.043 44.8662 43.3432 41.6968 41.1374 40.9498 40.9157 40.0976
threshold=-0.82436862587928761 -0.93404099345207203 14.753347396850588 76.836559295654311 0.33273787796497351 0.37996618449687963 -0.02450000029057264 0 1 -0.96645781397819508 10.232269287109377 84.152141571044936 -0.6599999964237212 0.38102295994758612 76.151096343994155 -0.75976759195327748 -23.984628677368161 -0.97269129753112782 40.409067153930671 0.16916266083717349 -0.8126716911792754 0.056499999016523368 -0.41716000437736506 -0.78753387928009022 36.29353332519532 -0.41899999976158137 -0.52750000357627858 77.084831237792983 0.48901963233947759 -0.31000000238418574
decision_type=2 2 2 2 2 2 2 1 1 2 2 2 2 2 2 2 2 2 2 2 2 2 2 2 2 2 2 2 2 2
left_child=3 17 -3 6 27 8 9 14 15 13 -6 23 -10 26 24 -4 -14 -2 -11 20 -18 22 -19 -7 -8 -15 -1 -5 -9 -24
right_child=1 2 5 4 10 11 7 28 12 18 -12 -13 16 25 -16 -17 19 21 -20 -21 -22 -23 29 -25 -26 -27 -28 -29 -30 -31
leaf_value=-0.0016247373292186274 0.048277106023719506 0.0410911232787292 0.01934105959484567 -0.024151285755998921 0.014907918778656246 0.035756480854829881 0.0020719428380196981 -0.021570166048135355 -0.042094388992320861 0.003853185082025902 -0.023843715749361984 -0.028630266200159928 -0.022109364727559831 -0.042227807248492018 0.00028744593475438733 -0.007927677862482085 0.0043532646470735526 -0.0048015910633563376 -0.01804868681338246 0.01273991406383777 -0.025679514580901282 0.044508396760063393 0.0048875083573298884 0.014197142408874621 0.033177954854930802 0.0043107807085066693 -0.044988171932478956 -0.042746301003934589 0.026837098429036105 0.042710746667446127
leaf_weight=22.157516717910767 388.09809274971485 412.90782235562801 159.95550261437893 129.38551808893681 151.74932098388672 171.94135837256908 52.564031437039375 174.81891497969627 91.699189320206642 203.31120590865612 91.998957052826881 28.141697555780411 251.17524480819702 21.718352019786835 187.87584573030472 146.0207876265049 84.366382941603661 48.882965266704559 174.52042119204998 114.85634078085423 103.74776312708855 137.7601352930069 36.68193906545639 178.98797225952148 174.00327099859715 72.382380723953247 181.41347363591194 755.72783946990967 16.410688295960426 81.814399912953377
leaf_count=89 1575 1672 644 519 611 695 212 701 368 817 369 113 1008 87 755 586 339 197 700 462 416 558 148 722 703 291 727 3025 66 331
internal_value=0.00019073 0.0184504 0.00947983 -0.0182734 -0.0313636 -0.000351026 -0.00672405 0.00436204 -0.00878684 -0.0166559 0.000244062 0.0207981 -0.0157112 -0.0297554 0.014036 0.00614404 -0.0115604 0.040969 -0.00628423 -0.00277083 -0.0122585 0.0315468 0.0206778 0.0248319 0.0260021 -0.00676137 -0.0402993 -0.0400584 -0.0164427 0.031141
internal_weight=4847.08 2437.04 1743.8 2410.04 1128.86 1330.89 1281.18 605.673 951.821 675.503 243.748 379.071 645.845 297.672 414.443 305.976 554.146 693.238 377.832 302.97 188.114 305.139 167.379 350.929 226.567 94.1007 203.571 885.113 191.23 118.496
internal_count=19506 9834 7025 9672 4524 5353 5148 2437 3823 2711 980 1530 2593 1194 1670 1230 2225 2809 1517 1217 755 1234 676 1417 915 378 816 3544 767 479
cat_boundaries=0 1 2
cat_threshold=4 104
is_linear=0
shrinkage=0.03


Tree=3
num_leaves=31
num_cat=1
split_feature=6 5 2 29 5 16 12 29 32 29 1 5 14 10 10 14 12 12 14 6 28 10 10 5 8 12 2 28 28 28
split_gain=1738.06 540.655 596.674 369.559 327.396 260.114 148.769 124.113 93.8969 85.8258 82.2446 75.8629 73.7287 156.349 71.352 74.2973 63.0003 64.0554 59.6555 50.0361 49.3385 49.0024 42.8006 41.4063 38.5309 37.6234 41.4119 40.919 37.2685 35.3061
threshold=-0.82436862587928761 -0.93404099345207203 14.753347396850588 76.836559295654311 0.33273787796497351 0.42793112993240362 -0.02450000029057264 75.77988433837892 0 81.26676177978517 10.232269287109377 -0.75976759195327748 0.39499999582767492 0.72500002384185802 -0.35500000417232508 -0.21499999612569806 -0.30349999666213984 0.35000000894069677 -0.56999999284744252 -0.96645781397819508 22.726541519165043 1.2450000047683718 0.2100000008940697 -0.97269129753112782 -6.3787858486175528 0.056499999016523368 184.48174285888675 20.863806724548343 20.863806724548343 22.825375556945804
decision_type=2 2 2 2 2 2 2 2 1 2 2 2 2 2 2 2 2 2 2 2 2 2 2 2 2 2 2 2 2 2
left_child=3 23 -3 6 20 8 12 29 11 -7 24 -4 14 -14 19 -16 22 18 -18 -1 -5 -15 -10 -2 -6 26 27 -25 -9 -8
right_child=1 2 5 4 10 9 7 28 16 -11 -12 -13 13 21 15 -17 17 -19 -20 -21 -22 -23 -24 25 -26 -27 -28 -29 -30 -31
leaf_value=-0.024039728098676241 0.046891625207965519 0.040723628049298265 0.019268328645472722 -0.021424422533840404 -0.0033417560457779296 0.027401902145705634 0.026496166653408152 0.00091790845532879208 -0.047555892337341275 -0.013490122018954675 -0.022138371879169332 -0.010270437938839886 0.033307901357262672 -0.035233345932972365 -0.046897736482142738 -0.019114224373397763 -0.027930650460279888 -0.032073432313272712 0.00022697836057653168 0.016208828857517482 -0.0416468181463217 0.015202598173273168 -0.012357245309097039 -0.014742326846936212 0.026980519201432157 0.043701073368640687 0.034498746627033346 0.031283137561688101 -0.018025816478627943 -0.0053312958529583123
leaf_weight=47.892193779349327 390.29089167714119 406.20620065927505 158.68084019422531 130.52664089202881 65.792871296405792 299.27653214335442 190.13235604763031 237.09575553238392 80.315086796879768 53.964450508356094 89.103089839220047 152.54688090085983 73.241343885660172 77.329488232731819 129.92146733403206 264.32375478744507 84.085145711898804 100.983792334795 331.67311108112335 63.438791006803513 764.73158460855484 21.641606196761131 51.804851591587067 41.031930461525917 86.759536609053612 134.5624878257513 99.972042992711067 28.673077285289764 153.19086408615112 37.166384503245354
leaf_count=192 1594 1653 640 523 265 1212 770 954 322 217 357 612 295 310 520 1060 337 405 1332 255 3059 87 208 166 350 548 405 116 614 149
internal_value=-2.04908e-07 0.0180295 0.00899597 -0.0178949 -0.0303699 -0.000840746 -0.00693095 0.00371805 -0.00893953 0.0211344 0.00061757 0.00465444 -0.0166253 0.000330373 -0.02239 -0.0283656 -0.0152933 -0.010762 -0.00552112 -0.00116511 -0.0387256 -0.024163 -0.0339508 0.0403498 0.0139665 0.0318316 0.0222176 0.00436487 -0.00654473 0.0212914
internal_weight=4846.36 2414.07 1719.54 2432.29 1136.91 1313.33 1295.37 617.585 960.09 353.241 241.655 311.228 677.789 172.212 505.576 394.245 648.862 516.742 415.758 111.331 895.258 98.9711 132.12 694.53 152.552 304.24 169.677 69.705 390.287 227.299
internal_count=19527 9767 6938 9760 4554 5285 5206 2487 3856 1429 972 1252 2719 692 2027 1580 2604 2074 1669 447 3582 397 530 2829 615 1235 687 282 1568 919
cat_boundaries=0 1
cat_threshold=104
is_linear=0
shrinkage=0.03


Tree=4
num_leaves=31
num_cat=1
split_feature=6 5 3 29 5 5 29 31 17 12 12 0 17 14 4 2 28 14 28 29 12 18 5 14 18 17 12 12 9 9
split_gain=1563.21 516.588 540.689 375.743 302.248 188.942 187.453 121.003 106.189 103.689 78.5868 63.3587 63.0534 68.635 60.5484 57.9889 50.9172 45.4736 43.4519 42.39 41.9549 47.8654 39.8487 41.1672 39.3269 39.5777 38.2939 66.7479 65.8675 35.5755
threshold=-0.82436862587928761 -0.93404099345207203 3.603879570960999 75.77988433837892 0.4124008715152741 -0.78753387928009022 77.084831237792983 0 0.16916266083717349 -0.028500000014901158 -0.02450000029057264 5.8847463130950937 -0.66136500239372242 -0.73000001907348622 17.500000000000004 199.53227233886722 20.863806724548343 0.39499999582767492 22.825375556945804 84.152141571044936 -0.18349999934434888 1.2578593492507937 -0.97269129753112782 -0.73000001907348622 0.40214560925960546 -0.40205584466457361 -0.17849999666213986 -0.33699999749660486 -29.478591918945309 -104.91578292846678
decision_type=2 2 2 2 2 2 2 1 2 2 2 2 2 2 10 2 2 2 2 2 2 2 2 2 2 2 2 2 2 2
left_child=3 22 -3 9 6 7 10 24 15 17 26 -6 -9 -14 -8 -7 29 -1 -11 -10 21 -16 -2 -24 -4 -26 27 -5 -29 -12
right_child=1 2 5 4 11 8 14 12 19 18 16 -13 13 -15 20 -17 -18 -19 -20 -21 -22 -23 23 -25 25 -27 -28 28 -30 -31
leaf_value=-0.014729681244532717 0.045979555688676232 0.037814392213659058 -0.0072608157222041007 -0.029617295178017096 0.014391462477961782 -0.0099386660503861697 -0.041648124048690609 -0.023717687816430029 0.0065564984413473415 0.025861190047562856 -0.043235741570931706 -0.017806551695561394 -0.048533066864106543 0.012628613664269496 -0.030243502613466311 -0.03163129620094942 -0.023067030309836763 0.015290997631879914 -0.0077352697221963812 -0.034389178240701632 -0.032466543860843029 0.023123333118030831 0.00046452697345520587 0.03506533584204919 0.017173946269695373 0.041231514058392024 -0.03625845864495586 -0.027059806391394284 0.025384633057910326 0.0026578680894624005
leaf_weight=183.12228214740753 376.52631144225597 423.1605252623558 27.973671436309814 161.53997133672237 207.63779647648335 232.09799872338772 675.81164002418518 85.887069582939148 261.77307583391666 205.17708145081997 15.191931709647177 73.757763728499413 17.213823392987251 177.35454404354095 26.448606312274933 213.80634097754955 129.64349286258221 59.382565841078758 41.168341189622879 23.919610530138016 103.79057723283768 32.693904429674149 35.105853065848351 261.95477631688118 118.44505243003368 132.73525182902813 193.19976133108139 36.627295389771461 49.471993863582611 247.54801128804684
leaf_count=734 1549 1730 113 647 837 932 2704 345 1055 833 61 296 69 715 106 857 519 239 165 96 416 131 142 1069 479 538 774 147 199 995
internal_value=-7.15105e-05 0.0171843 0.00842776 -0.0169441 -0.0228285 -0.00122478 -0.0276673 0.0118848 -0.011255 0.00656741 -0.0175557 0.00591874 -0.00237553 0.00699703 -0.0376795 -0.0203876 -0.00776093 -0.00734586 0.0202381 0.00302033 -0.0210648 -0.000848429 0.0394254 0.0309916 0.0253489 0.0300002 -0.0262366 -0.0183035 0.00301984 -0.000149626
internal_weight=4830.17 2387.95 1714.37 2442.21 1953.36 1291.21 1671.97 559.609 731.597 488.85 833.222 281.396 280.455 194.568 838.745 445.904 392.383 242.505 246.345 285.693 162.933 59.1425 673.587 297.061 279.154 251.18 440.839 247.639 86.0993 262.74
internal_count=19492 9689 6929 9803 7832 5199 6699 2259 2940 1971 3342 1133 1129 784 3357 1789 1575 973 998 1151 653 237 2760 1211 1130 1017 1767 993 346 1056
cat_boundaries=0 1
cat_threshold=10
is_linear=0
shrinkage=0.03


Tree=5
num_leaves=31
num_cat=4
split_feature=6 5 2 29 5 16 29 12 5 31 12 17 29 2 4 31 12 5 12 31 17 10 16 31 9 6 10 10 12 12
split_gain=1475.27 499.883 516.522 344.184 248.889 229.224 196.251 95.7259 93.0533 102.908 78.8792 73.1599 67.7328 58.2987 53.9382 53.2908 41.1242 39.4112 43.9682 47.3621 50.848 38.8417 37.361 37.2857 38.5234 37.2703 36.3526 45.3603 37.8499 35.8622
threshold=-0.82436862587928761 -0.93404099345207203 16.788583755493168 75.77988433837892 0.4124008715152741 0.42793112993240362 77.084831237792983 -0.028500000014901158 -0.78753387928009022 0 -0.02450000029057264 0.32790680229663854 81.26676177978517 26.425443649291996 22.500000000000004 1 -0.36599999666213984 -0.97269129753112782 0.056499999016523368 2 -0.40205584466457361 0.53000000119209301 0.15175064653158191 3 -77.260593414306626 -0.9563411772251128 0.13499999791383746 0.27500000596046453 0.10400000214576723 0.22699999809265139
decision_type=2 2 2 2 2 2 2 2 2 1 2 2 2 2 10 1 2 2 2 1 2 2 2 1 2 2 2 2 2 2
left_child=3 17 -3 7 6 8 10 25 9 -4 22 16 -7 -6 -8 -12 -10 -2 19 -19 -21 -13 -5 24 -9 -1 28 -28 -11 -30
right_child=1 2 5 4 13 12 14 23 11 26 15 21 -14 -15 -16 -17 -18 18 -20 20 -22 -23 -24 -25 -26 -27 27 -29 29 -31
leaf_value=-0.020269868600392902 0.045037046465312293 0.037448063885711008 0.017872474472569771 -0.03112175909919962 0.01136104931573435 0.025224060881568634 -0.040289002065496342 -0.016603747594712306 -0.044647327998673228 -0.03943898061195724 0.0018391823794093693 0.011759156556000837 -0.011011226287626507 -0.021644696308330734 -0.019923423559940586 -0.020842200172681367 -0.018722224508697129 0.033477977765616229 0.042543973655239195 -0.0324197797661211 0.017637579683136721 -0.019681413640723091 -0.012234520290154925 -0.0070769394446339052 0.029054453387772711 0.0031332006075460214 0.03103008629450137 -0.014349836773502553 0.025807028873653222 -0.027933886296243521
leaf_weight=109.24557960033417 377.8047014772892 408.37990693747997 189.23084752261639 292.55685487389565 216.87264198064804 295.69808740913868 694.34760320186615 17.630883395671844 65.20501321554184 62.921300575137138 258.98639400303364 104.05053858458996 54.450112745165825 60.85816390812397 144.47542017698288 135.20615580677986 355.74800349771976 78.41105218231678 136.58985556662083 26.943941012024879 51.719113767147064 52.313088446855545 141.66658198833466 42.182756975293159 184.44107758998871 137.27450834214687 29.376205131411552 56.074580013751984 19.943249389529228 22.97539196908474
leaf_count=438 1567 1680 766 1172 875 1203 2781 71 261 252 1041 419 219 244 579 541 1425 320 563 109 211 210 568 169 752 551 118 225 80 92
internal_value=-0.000118225 0.0166348 0.00803954 -0.0165419 -0.0222044 -0.001164 -0.0265822 0.00589854 -0.00875749 0.00275726 -0.0161947 -0.0163387 0.0195739 0.00407691 -0.0368092 -0.00645433 -0.0228343 0.038561 0.0301049 0.0190873 0.000266566 0.00118216 -0.025002 0.0191726 0.0238349 -0.00727788 -0.0124903 0.00142931 -0.0248056 -0.00294278
internal_weight=4823.58 2387.83 1716.37 2435.74 1944.97 1307.99 1667.24 490.775 957.838 380.522 828.416 577.317 350.148 277.731 838.823 394.193 420.953 671.469 293.664 157.074 78.6631 156.364 434.223 244.255 202.072 246.52 191.291 85.4508 105.84 42.9186
internal_count=19502 9720 6950 9782 7801 5270 6682 1981 3848 1533 3322 2315 1422 1119 3360 1582 1686 2770 1203 640 320 629 1740 992 823 989 767 343 424 172
cat_boundaries=0 1 2 3 4
cat_threshold=10 4 10 4
is_linear=0
shrinkage=0.03


Tree=6
num_leaves=31
num_cat=2
split_feature=6 6 2 29 16 4 29 9 6 31 12 12 2 29 28 6 6 31 12 17 0 14 14 12 16 12 12 29 17 14
split_gain=1438.15 457.336 523.965 333.732 220.538 205.84 159.359 120.7 93.5709 93.5026 90.3832 86.2679 74.7256 73.0398 48.3276 40.3503 38.2014 38.4477 40.84 57.6922 37.7101 35.4834 35.256 33.7044 32.8717 32.7234 47.0782 44.2818 32.0252 31.6903
threshold=-0.82436862587928761 -0.35488262772560114 14.753347396850588 75.77988433837892 0.42793112993240362 12.500000000000002 77.084831237792983 -14.682057857513426 -0.64897239208221424 0 -0.02450000029057264 -0.028500000014901158 43.447582244873054 81.26676177978517 22.825375556945804 -0.96645781397819508 -0.23208956420421598 1 -0.10600000247359274 -0.40205584466457361 5.2983129024505624 -0.6599999964237212 0.20499999821186068 0.13350000232458117 -0.56506931781768788 0.27899999916553503 -0.30349999666213984 76.34873199462892 -0.040218671783804887 -0.62499999999999989
decision_type=2 2 2 2 2 10 2 2 2 1 2 2 2 2 2 2 2 1 2 2 2 2 2 2 2 2 2 2 2 2
left_child=3 2 -2 11 8 6 10 -7 12 -10 -5 15 23 29 24 22 17 -3 19 -19 -9 -14 -1 -4 -13 26 -23 -28 -11 -6
right_child=1 16 4 5 13 7 -8 20 9 28 -12 14 21 -15 -16 -17 -18 18 -20 -21 -22 25 -24 -25 -26 -27 27 -29 -30 -31
leaf_value=-0.033146208122741508 0.03831909814512012 0.039881386863261918 0.024995882033188529 -0.028478937899484455 -0.01336968752030881 -0.020665415249206131 -0.03886878852518335 0.012433672649110982 0.013589639086183204 -0.020214110817455961 -0.0058994174037950622 0.0062486894796178558 -0.044100236624556956 -0.0120633914725222 -0.0099476489609100129 0.0040697799232638507 0.043783850104311864 -0.038194627398327526 0.028709230519188108 0.019954750804123237 -0.010905841779525968 -0.035515060181258655 0.0033016523483771478 -0.019593234452114194 0.032818432426397169 -0.037632598389297854 0.011849421476909438 -0.016864687245909553 0.0032638527265946658 0.027692814514388039
leaf_weight=68.688523948192596 398.03055566549301 149.59254099428654 47.530466124415398 340.68186147511005 17.427371248602867 314.56360255181789 672.45020607113838 217.92616929113865 246.88422659039497 161.78502225875854 300.54464240372181 60.756791204214096 58.458398833870888 55.489307209849358 43.44600822031498 134.26341977715492 375.38115510344505 24.310769036412239 87.327081620693207 38.058241307735443 86.209129869937897 70.171346381306648 36.084554076194763 21.382734954357147 138.13933145999908 66.965363129973412 71.603480070829391 144.19974729418755 76.666613832116127 279.65527336299419
leaf_count=275 1649 617 192 1365 71 1262 2698 879 999 648 1206 248 234 223 174 539 1571 98 361 156 346 281 145 86 565 268 287 578 308 1142
internal_value=-5.19439e-05 0.0164359 0.00819966 -0.0163839 -0.000916921 -0.0219493 -0.0286655 -0.00766547 -0.00833182 0.000961252 -0.0179215 0.00595616 -0.0177046 0.0193576 0.018534 -0.0068197 0.0373445 0.029149 0.0146143 -0.0029563 0.00580388 -0.0225412 -0.0206808 0.0110782 0.024774 -0.0188558 -0.0143431 -0.00732664 -0.012175 0.0252472
internal_weight=4804.67 2390.92 1716.25 2413.75 1318.22 1932.38 1313.68 618.699 965.647 485.336 641.227 481.379 480.312 352.572 242.342 239.036 674.67 299.289 149.696 62.369 304.135 411.398 104.773 68.9132 198.896 352.94 285.975 215.803 238.452 297.083
internal_count=19471 9769 6966 9702 5317 7756 5269 2487 3881 1955 2571 1946 1926 1436 987 959 2803 1232 615 254 1225 1648 420 278 813 1414 1146 865 956 1213
cat_boundaries=0 1 2
cat_threshold=10 10
is_linear=0
shrinkage=0.03


Tree=7
num_leaves=31
num_cat=2
split_feature=6 6 2 29 3 6 17 12 31 28 6 6 17 29 14 17 32 2 12 2 23 10 14 18 12 18 12 6 17 12
split_gain=1379.65 421.294 467.42 309.392 246.528 166.966 118.318 114.671 105.026 94.9021 93.6342 66.6109 83.3625 64.1961 49.3519 62.5392 48.8436 48.1079 46.3028 42.0303 41.7175 41.1226 97.8838 40.7599 40.1242 39.902 36.2558 34.6185 34.015 33.9895
threshold=-0.82436862587928761 -0.35488262772560114 14.753347396850588 76.836559295654311 14.224246501922609 -0.61626377701759327 0.16916266083717349 -0.02450000029057264 0 20.863806724548343 -0.89225733280181874 -0.96645781397819508 0.38102295994758612 76.151096343994155 -0.73000001907348622 0.45101259648799902 1 203.41763305664065 -0.52750000357627858 36.29353332519532 1.0000000180025095e-35 -0.35500000417232508 -0.11999999731779097 0.81021401286125194 -0.41899999976158137 0.40214560925960546 -0.19300000369548795 -0.23208956420421598 -0.83688184618949879 0.056499999016523368
decision_type=2 2 2 2 2 2 2 2 1 2 2 2 2 2 2 2 1 2 2 2 2 2 2 2 2 2 2 2 2 2
left_child=3 2 -2 7 10 6 17 11 25 13 -5 12 18 19 -10 20 -8 26 -1 -9 -16 -13 -23 -24 -14 -7 -4 29 -27 -3
right_child=1 27 5 4 -6 8 16 9 14 -11 -12 21 24 -15 15 -17 -18 -19 -20 -21 -22 22 23 -25 -26 28 -28 -29 -30 -31
leaf_value=0.0025628627260597821 0.037214673943682545 0.019553589432160366 -0.031130582113562073 -0.01602700670510104 -0.033811575583756866 -0.0079905412833117563 0.011838175240576015 -0.00055710814811937132 -0.039546810345322682 -0.013528512069215319 0.02358581295785464 0.015910922674133066 -0.036544717081515452 -0.00079843480611332051 -0.01100255021489947 0.032060352599692601 -0.014594698398533102 -0.029229984751400789 -0.041220692654549855 0.029886899757784621 0.024919484504542348 -0.03809875155143122 -0.01730069619640924 0.0087728993759464587 0.0095670537131865782 0.010565107375839296 -0.0033929305309684781 0.042730086419759346 0.036327497818589169 0.040097045560176896
leaf_weight=24.705383092164993 394.82284142076969 166.22021898627281 53.749749958515167 117.80940592288971 914.95772162079811 27.410444855690002 233.14830110967159 53.325653493404388 25.952542126178741 191.80336831510067 97.010387375950813 64.400076478719711 21.203891173005104 193.38393552601337 161.91833068430424 52.14716936647892 75.186480164527893 211.0921825170517 173.36264157295227 172.43861523270607 34.446969121694565 82.616664782166481 81.830888241529465 153.81506833434105 71.248360186815262 62.677061483263969 189.57294061779976 376.740473985672 185.44737753272057 133.17104057967663
leaf_count=99 1648 682 216 473 3676 111 943 217 104 768 393 259 85 777 650 212 303 846 695 708 141 331 328 618 286 255 762 1592 758 557
internal_value=0.000399324 0.0165851 0.00863886 -0.0155842 -0.0270278 2.26078e-05 -0.00905799 -0.00550288 0.0126093 0.0039051 0.00188813 -0.0140343 -0.0248412 0.011896 -0.000949913 0.00318509 0.00527715 -0.0187751 -0.0357741 0.0227253 -0.00460667 -0.00578625 -0.0102127 -0.000316316 -0.00128655 0.0251938 -0.00962249 0.036611 0.0298884 0.0287945
internal_weight=4797.62 2383.7 1707.57 2413.91 1129.78 1312.75 762.75 1284.13 550 610.952 214.82 673.183 290.52 419.148 274.465 248.512 308.335 454.415 198.068 225.764 196.365 382.663 318.263 235.646 92.4523 275.535 243.323 676.132 248.124 299.391
internal_count=19493 9780 6949 9713 4542 5301 3070 5171 2231 2470 866 2701 1165 1702 1107 1003 1246 1824 794 925 791 1536 1277 946 371 1124 978 2831 1013 1239
cat_boundaries=0 1 2
cat_threshold=10 108
is_linear=0
shrinkage=0.03


Tree=8
num_leaves=31
num_cat=2
split_feature=6 5 2 28 5 16 29 14 5 2 29 17 14 10 14 3 17 14 5 18 14 10 10 31 9 5 14 31 17 16
split_gain=1259.08 427.163 449.734 285.362 330.606 213.078 118.06 84.2257 70.1122 58.7212 55.2622 53.2139 49.8824 61.2725 98.3126 51.0263 49.4275 49.2549 44.6308 44.5137 42.941 39.2755 37.8443 36.8849 35.5569 35.0213 34.3019 34.088 39.0753 36.6323
threshold=-0.82436862587928761 -0.93404099345207203 16.788583755493168 20.863806724548343 0.4124008715152741 0.37996618449687963 76.34873199462892 -0.73000001907348622 -0.88134551048278797 31.086930274963382 86.164299011230483 0.56336399912834179 0.42499999701976782 -0.26999999582767481 -0.11999999731779097 98.590011596679702 0.097738046199083342 0.40500000119209295 -0.78753387928009022 1.4956442117691042 -0.3299999982118606 -0.35500000417232508 -0.39499999582767481 0 -40.349740982055657 -0.97269129753112782 -0.37499999999999994 1 0.29685099422931677 0.48314210772514349
decision_type=2 2 2 2 2 2 2 2 2 2 2 2 2 2 2 2 2 2 2 2 2 2 2 1 2 2 2 1 2 2
left_child=3 25 -3 6 11 7 12 -4 16 26 18 -5 13 24 -15 -16 23 20 -7 -13 22 -8 -10 -9 -1 -2 -6 -27 29 -29
right_child=1 2 5 4 9 10 21 8 17 -11 -12 19 -14 14 15 -17 -18 -19 -20 -21 -22 -23 -24 -25 -26 27 -28 28 -30 -31
leaf_value=-0.010489344905693891 0.04264651495984819 0.035541553782848748 -0.031455197156881727 -0.033974389924295141 -0.010285603029863923 0.031394255828104727 0.0035124997948298448 0.021394933844955204 -0.015314616195732201 -0.023771046645524742 -0.034020610402442565 -0.027807374887378333 0.02136408211177427 -0.039926068741123762 -0.019782394658411889 0.013185395337894886 0.047717602514366651 0.0064366414460934485 0.010133081489197768 -0.003943471926047824 -0.017507323697454665 -0.018291030746795951 0.018473231005447188 -0.012837431865965769 0.022453238979529215 0.038658143474658638 0.025560399892250354 -0.0056319312523293967 0.041074051667947135 0.031952179577644589
leaf_weight=37.566356673836708 358.59020115435123 399.38233463466167 123.53579984605312 870.07901535928249 28.633679673075676 178.26618155837059 91.21434673666954 44.439316540956497 54.239409357309341 33.702782228589058 16.473039507865906 197.378253236413 140.84855464100838 65.102517634630203 61.524527788162231 129.37754020094872 31.276419073343277 150.20034177601337 178.99011743068695 109.58020003139973 415.10112851858139 394.47949929535389 63.908140957355499 48.208725705742836 128.06342056393623 145.68624383211136 134.38663293421268 75.26310558617115 37.913367301225662 32.684439852833748
leaf_count=152 1531 1679 497 3500 116 735 366 181 218 135 66 794 573 263 248 524 127 605 728 441 1667 1583 257 193 521 609 544 310 158 136
internal_value=1.18232e-05 0.0156319 0.0077289 -0.0151713 -0.0241613 -0.000805947 -0.00337696 -0.00848754 -0.0049387 0.0117883 0.0182994 -0.0301746 0.00597498 0.000795811 -0.00839292 0.00251271 0.015739 -0.00870555 0.0208001 -0.0193287 -0.0129747 -0.0141975 0.00296349 0.00454929 0.0149634 0.036302 0.0192399 0.0283794 0.0143128 0.00593664
internal_weight=4776.1 2354.16 1704.02 2421.94 1373.76 1304.64 1048.18 930.909 807.373 196.723 373.729 1177.04 562.483 421.634 256.005 190.902 123.924 683.449 357.256 306.958 533.249 485.694 118.148 92.648 165.63 650.137 163.02 291.547 145.861 107.948
internal_count=19457 9697 6953 9760 5530 5274 4230 3745 3248 795 1529 4735 2281 1708 1035 772 501 2747 1463 1235 2142 1949 475 374 673 2744 660 1213 604 446
cat_boundaries=0 1 2
cat_threshold=10 10
is_linear=0
shrinkage=0.03


Tree=9
num_leaves=31
num_cat=1
split_feature=6 6 4 28 1 16 12 6 17 6 29 29 16 29 31 10 14 10 10 29 17 9 16 17 10 12 18 10 16 14
split_gain=1188.86 395.055 414.707 281.504 240.532 180.608 144.6 121.139 93.7 85.8476 73.9609 62.2811 60.2572 57.7935 55.694 51.712 43.8083 72.0697 49.0152 43.715 42.2378 41.5871 41.3919 39.4879 37.0512 35.7989 38.5657 35.6193 36.3364 34.8997
threshold=-0.82436862587928761 -0.35488262772560114 38.500000000000007 20.863806724548343 15.040790081024172 0.42793112993240362 -0.02450000029057264 -0.90877163410186756 0.59293398261070263 -0.58134955167770375 76.151096343994155 86.164299011230483 -1.5601966381072996 76.34873199462892 0 0.53000000119209301 0.18500000238418582 -0.35500000417232508 0.2950000017881394 77.084831237792983 1.4894750118255617 -77.260593414306626 -0.55096751451492298 0.60379037261009227 -0.12499999627470969 0.22399999946355822 0.40214560925960546 -0.79500001668930043 0.9592377543449403 0.69499999284744274
decision_type=2 2 10 2 2 2 2 2 2 2 2 2 2 2 1 2 2 2 2 2 2 2 2 2 2 2 2 2 2 2
left_child=3 2 5 6 7 8 12 23 9 -2 21 -7 -1 16 25 -10 17 -14 -18 20 27 -8 -16 -5 -9 26 -11 -6 -29 -20
right_child=1 -3 -4 4 19 11 10 24 15 14 -12 -13 13 -15 22 -17 18 -19 29 -21 -22 -23 -24 -25 -26 -27 -28 28 -30 -31
leaf_value=-0.043602945851321254 -0.019599478451205989 0.035211924177795333 0.033845426855169766 -0.024482903363388344 0.017745885756860681 0.02085176476749568 -0.020317857574985349 -0.0012653842033735476 0.024049747425399445 -0.0357326843546295 -0.0019540870341274046 -0.040915530739715149 0.020972323603573109 -0.021282272221675714 -0.029775385570040221 -0.01587040793171263 0.038369240639152133 -0.024538061792446563 -0.020008889229443941 -0.03518041343719009 0.022997999276236612 0.02512898419789494 0.00080012321656905709 0.010993779204527898 0.02841724136554544 0.034455977875032115 0.011633994798996235 -0.031170818134533165 0.0023619027681377061 0.020050428169483901
leaf_weight=53.488241881132126 477.60568460822105 644.45356394350529 410.72389023005962 159.64011788368225 16.488569602370262 322.86796750128269 19.104687929153442 61.434772446751595 114.6413795799017 17.560197398066521 270.91879139840603 14.484011575579641 43.007707267999649 231.98171302676201 68.589741110801697 38.291320472955704 41.930179804563522 108.36719760298729 41.624870792031288 718.04855032265186 17.450415477156639 207.78145857155323 93.119718879461288 33.648808479309082 97.235593378543854 49.055193960666656 92.155270949006081 226.00520379841328 33.202149853110313 35.197620257735252
leaf_count=215 1917 2744 1734 641 66 1328 77 249 466 71 1087 58 173 931 275 154 169 435 167 2903 70 858 373 135 395 200 376 906 133 142
internal_value=9.12e-06 0.0152302 0.00763506 -0.0147523 -0.0237483 -0.000740403 -0.00309959 -0.00237828 -0.00743088 -0.0115531 0.00863389 0.0180867 -0.0136092 -0.0103337 0.000461954 0.0140164 -0.000887462 -0.0115552 0.0126937 -0.0311767 -0.0212836 0.0212298 -0.0115613 -0.0182821 0.0169886 0.0126362 0.00379859 -0.0241594 -0.026883 -0.00163319
internal_weight=4760.1 2343.55 1699.09 2416.56 1363.15 1288.37 1053.4 351.959 951.019 798.086 497.805 337.352 555.598 502.109 320.48 152.933 270.128 151.375 118.753 1011.19 293.146 226.886 161.709 193.289 158.67 158.771 109.715 275.696 259.207 76.8225
internal_count=19448 9696 6952 9752 5498 5218 4254 1420 3832 3212 2022 1386 2232 2017 1295 620 1086 608 478 4078 1175 935 648 776 644 647 447 1105 1039 309
cat_boundaries=0 1
cat_threshold=10
is_linear=0
shrinkage=0.03


Tree=10
num_leaves=31
num_cat=1
split_feature=6 5 3 29 5 16 29 32 2 5 16 5 28 16 10 14 3 14 10 5 28 28 10 8 2 2 10 16 17 10
split_gain=1104.9 414.446 437.367 272.438 215.03 176.207 144.525 99.9941 57.291 54.2047 42.8144 42.7721 42.3875 41.7326 39.6988 38.0637 40.8359 36.1397 61.284 55.6392 44.9518 34.3969 34.2362 32.1997 29.6879 29.626 31.6158 27.7646 27.332 25.7981
threshold=-0.82436862587928761 -0.93404099345207203 7.4234716892242441 75.77988433837892 0.33273787796497351 0.37996618449687963 77.084831237792983 0 32.314153671264656 -0.78753387928009022 0.24321942031383517 -0.88134551048278797 22.726541519165043 0.59408950805664074 -0.64500001072883595 0.40500000119209295 328.49816894531256 0.20499999821186068 -0.26999999582767481 1.0000000180025095e-35 22.825375556945804 24.009605407714847 1.0950000286102297 -7.4831807613372794 89.655048370361342 7.8629119396209726 0.37500000000000006 -1.579212963581085 -0.91470986604690541 -0.37499999999999994
decision_type=2 2 2 2 2 2 2 1 2 2 2 2 2 2 2 2 2 2 2 2 2 2 2 2 2 2 2 2 2 2
left_child=3 29 25 17 6 7 10 14 13 28 -5 24 -11 23 -4 -13 -17 18 -1 -20 22 -15 -19 27 -9 -3 -27 -6 -7 -2
right_child=1 2 5 4 8 9 -8 11 -10 12 -12 15 -14 21 -16 16 -18 20 19 -21 -22 -23 -24 -25 -26 26 -28 -29 -30 -31
leaf_value=0.012652189268294506 0.023186769323470229 0.037045785862024366 -0.0319985027782035 -0.02050412176033246 -0.037221506694471253 -0.0032911698193024033 -0.033952662251233286 -0.030088468775065488 -0.020930168534546732 0.018665191838614242 -0.0054114655067130733 -0.022113841211804614 -0.011712053515818088 -0.028897977990896707 0.011641132105003031 -0.025659446901957088 0.011796069241903514 0.026485950517939987 -0.002384936546314624 -0.043217951224105683 -0.014619447379352097 0.01740141404289864 -0.019282695482114209 0.019353559085479068 0.010122257771534205 0.0055387162218924098 0.037292975891841142 0.0048398406701187424 0.031929131703869545 0.038151923570532299
leaf_weight=142.24690268933773 137.72983764111996 327.36389438807964 19.570230051875114 492.28320099413395 16.155188798904419 22.498772501945496 752.07449497282505 19.427521213889122 92.848892018198967 82.152070984244347 258.83802057802677 460.20965769886971 81.272652372717857 47.402671277523041 216.61706371605396 41.163240998983383 68.209634348750114 149.91844266653061 95.19727797806263 42.96103872358799 35.89799302816391 19.799002036452293 15.582415863871573 160.80764709413052 85.598003298044205 66.839326933026314 48.376419007778168 79.067667707800865 155.79795016348362 510.67666462063789
leaf_count=581 588 1401 79 1978 65 93 3052 78 373 336 1039 1848 330 191 877 165 275 615 386 173 144 80 63 652 346 278 203 318 648 2199
internal_value=-1.66534e-05 0.0146341 0.0068225 -0.0143162 -0.0193774 -0.00224171 -0.0246572 -0.00913316 -0.000289042 0.0160992 -0.0153173 -0.0148812 0.00357895 0.00568642 0.00758572 -0.0183402 -0.00240534 0.00584314 -0.00112629 -0.0153015 0.0155042 -0.0152021 0.0220868 0.0112069 0.00247049 0.0324218 0.0190778 -0.00260881 0.0274912 0.0350137
internal_weight=4744.58 2343.5 1695.1 2401.08 1919.28 1252.52 1503.2 910.795 416.081 341.721 751.121 674.608 163.425 323.232 236.187 569.583 109.373 481.804 280.405 138.158 201.399 67.2017 165.501 256.031 105.026 442.58 115.216 95.2229 178.297 648.407
internal_count=19454 9744 6957 9710 7748 5075 6069 3668 1679 1407 3017 2712 666 1306 956 2288 440 1962 1140 559 822 271 678 1035 424 1882 481 383 741 2787
cat_boundaries=0 1
cat_threshold=40
is_linear=0
shrinkage=0.03


Tree=11
num_leaves=31
num_cat=0
split_feature=6 5 3 29 5 29 14 5 17 12 12 29 12 2 28 4 12 14 1 28 14 12 12 9 6 28 10 1 29 5
split_gain=1064.05 345.485 390.573 257.64 167.314 147.205 138.532 105.487 75.0965 66.0725 63.3815 56.4575 56.4461 52.428 51.7048 49.9547 49.7276 75.7492 46.4478 43.2458 38.5207 38.4258 50.6812 54.7776 37.8121 37.7184 37.6424 36.0702 35.2248 34.4966
threshold=-0.82436862587928761 -0.93404099345207203 3.1872597932815556 75.77988433837892 0.4124008715152741 77.084831237792983 -0.73000001907348622 -0.78753387928009022 0.45101259648799902 -0.028500000014901158 0.27899999916553503 81.26676177978517 -0.02450000029057264 32.314153671264656 22.590013504028324 17.500000000000004 -0.35750000178813929 -0.3299999982118606 32.462686538696296 20.863806724548343 0.20499999821186068 -0.17849999666213986 -0.33699999749660486 -29.478591918945309 -0.95380109548568714 22.825375556945804 0.35999999940395361 114.51137542724611 81.26676177978517 -0.97269129753112782
decision_type=2 2 2 2 2 2 2 2 2 2 2 2 2 2 2 10 2 2 2 2 2 2 2 2 2 2 2 2 2 2
left_child=3 29 -3 9 5 12 -4 8 14 20 11 16 21 -6 18 -7 17 -9 -8 -14 24 22 -5 -24 -1 -11 -22 -13 -16 -2
right_child=1 2 6 4 13 15 7 10 -10 25 -12 27 19 -15 28 -17 -18 -19 -20 -21 26 -23 23 -25 -26 -27 -28 -29 -30 -31
leaf_value=-0.02781634225274016 0.039582817855746202 0.03303573626384209 -0.028524957899612544 -0.022834488761590364 0.0091120167297665117 -0.034969815026279369 -0.030683002250775002 0.042793070217744332 0.036258741162493495 0.021999064176548521 -0.028260939815593206 -0.0077489105547842614 0.0018063356604755693 -0.024693813647998133 0.02455301765998353 -0.015816350179405709 0.0077621224849079573 -0.028228715946775021 0.0042243100057346656 -0.019366788225391961 0.030474446067569095 -0.031193899111685471 -0.021480881074953991 0.027050123433569731 0.0022109643337783194 -0.0092052688079161515 -0.009841367253209261 -0.047845968317056668 -0.0037429349424414741 0.025452826507480604
leaf_weight=83.943246975541115 354.99569153785706 406.10363081097603 142.18597534298897 159.390535145998 224.29455743730068 664.2786660194397 44.493330612778664 15.307516649365423 100.25067275762558 203.34556290507317 91.208897426724434 51.070253685116768 263.93616627156734 49.56337670981884 155.90034948289394 153.28101934492588 367.43466080725193 79.798186495900154 138.770503282547 128.26838135719299 41.895309254527092 185.14139764010906 36.137432277202606 47.04668216407299 67.677329659461975 41.449950635433197 39.821195676922798 32.92298236489296 52.63777968287468 293.02468611299992
leaf_count=338 1564 1743 575 641 910 2710 179 63 417 845 366 205 1060 199 642 618 1487 321 564 514 170 745 145 189 272 166 160 132 213 1246
internal_value=0.000213738 0.014654 0.00746024 -0.0138439 -0.0187689 -0.0223968 -0.000724753 0.00279607 0.0132185 0.00584213 -0.00525348 -0.00136925 -0.0133898 0.00292619 0.00724583 -0.0314025 0.00275457 -0.0164712 -0.00437111 -0.00514986 -0.005571 -0.0209159 -0.0129755 0.00596222 -0.0144867 0.0166994 0.0109467 -0.0238438 0.017427 0.0332425
internal_weight=4715.58 2326.11 1678.08 2389.47 1911.34 1637.48 1271.98 1129.8 492.053 478.133 637.742 546.534 819.921 273.858 391.802 817.56 462.54 95.1057 183.264 392.205 233.337 427.716 242.575 83.1841 151.621 244.796 81.7165 83.9932 208.538 648.02
internal_count=19399 9717 6907 9682 7731 6622 5164 4589 2015 1951 2574 2208 3294 1109 1598 3328 1871 384 743 1574 940 1720 975 334 610 1011 330 337 855 2810
is_linear=0
shrinkage=0.03


Tree=12
num_leaves=31
num_cat=2
split_feature=6 5 2 29 5 14 12 5 28 32 9 21 12 6 12 2 12 12 3 29 10 14 18 12 12 25 12 31 8 12
split_gain=1009.39 359.788 378.859 242.573 206.069 138.286 107.769 102.664 83.6373 72.8744 63.0338 61.1491 53.4769 51.3822 46.2866 45.0391 41.6401 66.3268 40.7687 39.2184 38.3467 87.7784 43.779 37.9704 52.4953 37.8669 37.6422 37.4317 35.852 41.5068
threshold=-0.82436862587928761 -0.93404099345207203 16.788583755493168 76.836559295654311 0.4124008715152741 -0.73000001907348622 -0.02450000029057264 -0.83753159642219532 20.863806724548343 0 -93.791568756103501 1.0000000180025095e-35 0.27899999916553503 -0.96645781397819508 0.55149999260902416 189.30069732666018 -0.36599999666213984 -0.66249999403953541 14.224246501922609 76.151096343994155 -0.35500000417232508 -0.11999999731779097 0.81021401286125194 0.26000000536441809 0.15049999952316287 1.0000000180025095e-35 0.1670000031590462 1 -5.1803369522094718 0.26600000262260443
decision_type=2 2 2 2 2 2 2 2 2 1 2 2 2 2 2 2 2 2 2 2 2 2 2 2 2 2 2 1 2 2
left_child=3 -2 -3 6 -5 -4 13 11 10 12 -8 27 16 25 -14 -11 17 -9 -6 -12 -15 -22 -23 24 -10 -1 -21 -7 29 -18
right_child=1 2 5 4 18 7 8 9 23 15 19 -13 14 20 -16 -17 28 -19 -20 26 21 22 -24 -25 -26 -27 -28 -29 -30 -31
leaf_value=-0.026166627626884816 0.033368720885543622 0.032893046081839211 -0.029627390673401234 -0.029209574416797932 0.017486548191769879 0.033370657022900048 -0.030359106605214667 0.039716758629431428 -0.014599961859472186 0.0030900092882482819 0.023968406201395634 -0.0086037838371851878 -0.033721085812451743 0.015228345864079737 0.018087548013909202 -0.024675161857974328 -0.0014576929743507787 -0.027571382081487034 -0.01609272779481306 -0.0070919370390007319 -0.036477999098580641 -0.017943275831197123 0.0090159729571693548 -0.032615615977801084 0.026802543368157072 0.0094218691315912321 0.021110833602646376 0.0088245232820441978 0.020253359538326916 0.049030241989059122
leaf_weight=260.28375387191772 634.69653515517712 385.32352405786514 134.72995649278164 949.97806467115879 112.08586755394936 134.20266994833946 28.405874952673912 15.793999835848807 99.898296535015106 73.060689941048622 209.78228430449963 70.163804560899734 57.299941524863243 64.190066501498222 20.426139146089554 184.72411513328552 200.69995525479317 61.199273273348808 44.79462605714798 101.39234021306038 82.369165137410164 83.381954342126846 150.62685652077198 55.271985217928886 36.932546034455299 29.494285807013512 72.009524956345558 134.31221657991409 183.37497948110104 14.80547848343849
leaf_count=1051 2780 1674 544 3873 458 561 114 66 401 295 875 284 230 259 82 745 810 247 180 407 332 335 607 222 148 119 289 550 747 61
internal_value=1.05479e-05 0.0141594 0.00684362 -0.0136863 -0.0239535 -0.000988396 -0.00475459 0.00238949 0.00443654 -0.00340367 0.0120568 0.0162375 0.00281409 -0.0130261 -0.0200492 -0.0161986 0.00664165 -0.013436 0.00785734 0.015272 -0.0057537 -0.0100453 -0.000625615 -0.0118681 -0.00331147 -0.0225244 0.00467387 0.0227365 0.010541 0.00222133
internal_weight=4685.71 2304.81 1670.12 2380.9 1106.86 1284.79 1274.04 1150.06 603.693 811.385 411.59 338.679 553.6 670.346 77.7261 257.785 475.874 76.9933 156.88 383.184 380.568 316.378 234.009 192.103 136.831 289.778 173.402 268.515 398.88 215.505
internal_count=19346 9676 6896 9670 4511 5222 5159 4678 2456 3283 1685 1395 2243 2703 312 1040 1931 313 638 1571 1533 1274 942 771 549 1170 696 1111 1618 871
cat_boundaries=0 1 2
cat_threshold=44 10
is_linear=0
shrinkage=0.03


Tree=13
num_leaves=31
num_cat=4
split_feature=6 5 3 29 16 5 29 32 12 12 29 14 5 17 5 32 16 10 16 3 3 1 31 14 16 14 10 14 31 27
split_gain=955.782 318.905 309.251 226.886 172.444 172.077 133.977 102.936 69.7643 68.4302 65.1297 60.2391 57.7391 52.7766 58.3627 46.8526 44.0159 40.9692 37.8142 37.4173 36.0579 35.5277 34.3358 34.1526 31.828 36.9479 48.3532 31.5357 30.2503 30.0816
threshold=-0.82436862587928761 -0.96105405688285817 3.603879570960999 75.77988433837892 0.42793112993240362 0.33273787796497351 77.084831237792983 0 -0.02450000029057264 -0.028500000014901158 81.26676177978517 -0.6599999964237212 -0.85957497358322132 0.19942466914653781 -0.67050644755363453 1 0.61092832684516918 -0.39499999582767481 0.96688616275787365 316.91842651367193 308.45028686523443 59.097501754760749 2 -0.22999999672174451 0.25043059885501867 0.39499999582767492 0.2950000017881394 0.25500000268220907 3 1.0000000180025095e-35
decision_type=2 2 2 2 2 2 2 1 2 2 2 2 2 2 2 1 2 2 2 2 2 2 1 2 2 2 2 2 1 2
left_child=3 -2 -3 9 7 6 8 12 24 -1 20 21 -4 -13 -15 23 -17 19 22 -14 -6 -9 -10 -7 29 -26 -27 -16 -11 -5
right_child=1 2 4 5 10 15 -8 11 18 28 -12 13 17 14 27 16 -18 -19 -20 -21 -22 -23 -24 -25 25 26 -28 -29 -30 -31
leaf_value=-0.0059326537971825417 0.035863331269096597 0.030943812259019488 0.026473255964096738 -0.032358387136030897 -0.0081779017391625537 -0.0077440354094121203 -0.03142498894258941 -0.0041204119198892967 -1.7976304806680477e-05 0.021151933040688683 -0.012075198763905401 -0.013446909211916033 0.014356967857739968 0.020786647009835117 0.0038488191117125267 -0.0033047787905435308 -0.036980087618792727 0.0067966064232123334 0.023200032424981268 -0.041312335541755833 0.027267050984089117 -0.044590806902018151 -0.020260763064077217 0.020982826817185104 -0.020735967133173265 0.049600621639867254 -0.014441155517777641 -0.033762483779525232 -0.0070524495679884823 -0.0053851714071282931
leaf_weight=236.80983243882656 469.42888709902763 415.00385534763336 112.22178980708122 228.27473938465118 27.890288576483727 54.137322634458542 751.34570010006428 27.417468369007111 215.76964555680752 194.28729450702667 51.258028104901314 431.96859516203403 15.294767305254934 101.6231659501791 43.573656290769577 199.0682183355093 41.431979581713676 187.26174327731133 39.828240185976028 33.295280814170837 291.54205848276615 68.723898261785507 108.0757262557745 115.40584330260754 87.961464926600456 17.645200580358505 23.85196179151535 35.900997906923294 40.439425602555275 44.954883053898811
leaf_count=956 2093 1812 472 923 115 219 3091 111 867 815 209 1748 63 419 177 805 167 756 160 134 1227 279 434 468 354 71 96 144 162 181
internal_value=5.40583e-05 0.0138143 0.00818172 -0.0132081 0.00154946 -0.0177689 -0.0224251 -0.00462574 -0.013572 0.00543578 0.0191274 -0.0110931 0.00861666 -0.00775683 0.00581489 -0.000522527 -0.00886806 0.00040813 -0.00402943 -0.0238531 0.0241564 -0.0332107 -0.00743936 0.0111637 -0.0221587 -0.00980218 0.0133167 -0.0133497 0.0168816 -0.0279563
internal_weight=4711.69 2312.4 1842.98 2399.29 1427.97 1927.75 1517.71 1057.28 766.362 471.537 370.69 709.208 348.074 613.066 181.098 410.043 240.5 235.852 363.674 48.59 319.432 96.1414 323.845 169.543 402.688 129.459 41.4972 79.4747 234.727 273.23
internal_count=19528 9759 7666 9769 5854 7836 6177 4303 3086 1933 1551 2878 1425 2488 740 1659 972 953 1461 197 1342 390 1301 687 1625 521 167 321 977 1104
cat_boundaries=0 1 2 3 4
cat_threshold=104 106 4 4
is_linear=0
shrinkage=0.03


Tree=14
num_leaves=31
num_cat=2
split_feature=5 5 32 16 1 5 12 31 5 12 12 5 29 10 17 6 12 17 7 14 29 14 12 14 5 14 18 8 6 12
split_gain=888.826 685.115 238.957 129.065 105.296 92.6324 79.4259 73.3204 70.9249 60.9872 64.7966 55.9185 71.2004 68.204 51.2759 60.7383 47.9953 63.6323 43.7618 45.6491 43.7308 43.1793 41.9524 58.4813 45.9453 36.8477 34.3621 34.2203 53.08 33.9759
threshold=-0.88134551048278797 0.48901963233947759 0 0.15175064653158191 15.98741674423218 -0.78753387928009022 -0.37100000679492945 1 -0.97269129753112782 -0.17849999666213986 0.024500000290572647 -0.60434082150459278 75.77988433837892 -0.62499999999999989 0.58630269765853893 -0.92772412300109852 -0.10600000247359274 -0.46075017750263209 -4.5858092308044425 -0.37499999999999994 86.164299011230483 0.20499999821186068 -0.17249999940395352 0.39499999582767492 0.16665012389421466 -0.6599999964237212 1.4366115331649782 -32.507366180419915 -0.98471984267234791 0.43999999761581426
decision_type=2 2 1 2 2 2 2 1 2 2 2 2 2 2 2 2 2 2 2 2 2 2 2 2 2 2 2 2 2 2
left_child=7 2 3 6 18 -4 21 -1 -9 27 14 13 -13 -5 15 -11 17 -10 -3 -20 22 -2 23 24 -7 -17 -14 -8 -29 -15
right_child=1 4 5 11 -6 20 9 8 16 10 -12 12 26 29 -16 25 -18 -19 19 -21 -22 -23 -24 -25 -26 -27 -28 28 -30 -31
leaf_value=0.037171364725529017 -0.035327543697752366 0.01111175767587624 0.0024514564411492537 -0.039563845272880864 -0.0066020126944199026 -0.031673903470015009 -0.0098452580848528183 0.032598181360458882 -0.040358901933503451 -0.040487825334310772 -0.0061974504720323301 0.015111172502803381 -0.012679908562362454 0.025899492825311739 0.0021262918316766436 -0.040662013133050061 0.01944206986299599 0.0083259192216513095 0.013093472529039443 0.036852448491131895 -0.046602071519921559 -0.0053258400567853699 -0.029924798847412504 0.010846439425738479 0.0006921855826490964 -0.0021890429410934419 0.0066098292650436895 -0.01861893082572727 0.021646683926865275 -0.01395545547682041
leaf_weight=417.00677284598351 171.04038470983505 120.77913837134838 104.48227788507938 17.007213950157166 97.253523021936417 143.64303539693356 96.863129839301109 175.8870126157999 34.2588911652565 155.2358291298151 603.25688694417477 169.36268463730812 324.27864223718643 174.55486072599888 61.277876362204552 28.951818898320198 137.65572088956833 75.980515629053116 94.751835033297539 335.75358086824417 95.6070416867733 58.169785708189011 517.83682976663113 59.805201977491379 54.230751782655716 89.420985609292984 110.92957358062267 37.325830221176147 128.25848864018917 20.990177854895592
leaf_count=1840 695 514 428 69 394 589 391 803 139 633 2449 698 1313 729 248 118 585 318 410 1459 393 235 2121 244 221 361 449 151 519 86
internal_value=8.4016e-05 -0.00598996 -0.0116524 -0.00615995 0.022121 -0.0239744 -0.01162 0.028023 0.0176637 -0.00851619 -0.0120897 0.00332123 -0.00133806 0.016518 -0.0226537 -0.028191 0.00768869 -0.00703057 0.0271909 0.0316657 -0.027418 -0.0277698 -0.0249959 -0.0150134 -0.0228445 -0.0118606 -0.00775929 0.00425491 0.0125128 0.0215721
internal_weight=4711.86 3871.07 3222.53 2246.92 648.538 975.605 1429.8 840.789 423.782 1200.59 938.143 817.123 604.571 212.552 334.887 273.609 247.895 110.239 551.285 430.505 871.123 229.21 775.516 257.679 197.874 118.373 435.208 262.447 165.584 195.545
internal_count=19602 15917 13140 9144 2777 3996 5800 3685 1845 4870 3809 3344 2460 884 1360 1112 1042 457 2383 1869 3568 930 3175 1054 810 479 1762 1061 670 815
cat_boundaries=0 1 2
cat_threshold=44 10
is_linear=0
shrinkage=0.03


Tree=15
num_leaves=31
num_cat=2
split_feature=5 5 32 2 5 17 14 5 31 10 14 10 5 14 5 5 29 12 3 18 29 17 12 12 17 29 12 12 10 7
split_gain=809.359 644.068 245.653 110.59 91.8962 90.1381 74.3134 73.0547 77.7336 67.2699 78.1051 64.2804 63.0857 61.4792 53.8597 53.5537 53.7008 49.5118 47.5057 52.2898 51.7264 47.2196 49.0281 44.5911 40.5486 38.5771 38.6055 45.6939 38.4061 37.7758
threshold=-0.88134551048278797 0.48901963233947759 0 14.753347396850588 -0.78753387928009022 0.38102295994758612 0.20499999821186068 -0.97269129753112782 1 -0.31000000238418574 -0.84999999403953541 0.2650000005960465 -0.38118652999401087 -0.11999999731779097 -0.38118652999401087 -0.67050644755363453 76.34873199462892 0.13350000232458117 316.91842651367193 0.47822393476963049 75.522090911865249 -0.46075017750263209 -0.10600000247359274 -0.29899999499320978 1.7078151702880862 86.164299011230483 -0.17249999940395352 -0.35050000250339503 -0.49500000476837153 -24.876327514648434
decision_type=2 2 1 2 2 2 2 2 1 2 2 2 2 2 2 2 2 2 2 2 2 2 2 2 2 2 2 2 2 2
left_child=7 2 5 -3 -4 6 9 -1 -9 10 -2 12 29 -11 -15 -7 24 23 20 -20 -13 22 -10 -5 -17 26 27 -6 -23 -8
right_child=1 3 4 17 25 15 11 8 21 13 -12 18 -14 14 -16 16 -18 -19 19 -21 -22 28 -24 -25 -26 -27 -28 -29 -30 -31
leaf_value=0.037915327444608925 -0.033307440024335735 0.029103706713687415 0.0027333771363023487 -0.02585982118954884 -0.026538130119650522 0.021369645044436152 -0.030418701800402889 0.03143588383305948 -0.0376184301153107 -0.032608419676674716 0.00034599805441665779 0.013896834049676324 0.030653613199841723 0.0010255062777176738 -0.025257565934836298 0.0044891710109291137 -0.010111847718711519 -0.030961066686449476 -0.030934693636054524 0.022041680679039385 -0.017745342333329826 -0.022276571843712373 0.0083100804136824018 0.017729534404015337 0.039664041258806071 -0.045638714544399779 -0.029531344786646718 -0.0009342471025823116 0.021700019664364391 0.009730471971110476
leaf_weight=337.86331427097321 74.748531952500343 479.36693386733532 104.25602865219116 25.458305388689041 139.81835648417473 123.92483280599117 31.462209478020668 239.06122487783432 35.326679542660713 250.60963989794254 343.53631587326527 54.418935194611549 93.033656254410744 140.43426750600338 139.09795564413071 256.89628560841084 264.92704617977142 34.266793608665466 20.39622962474823 77.415735751390457 294.20005667209625 19.567266032099724 48.645389765501022 104.7863410115242 32.379422500729561 90.527474582195282 516.84091658890247 113.26493605971336 143.85821458697319 59.307808831334114
leaf_count=1562 303 2102 427 103 575 517 127 1038 143 1026 1395 224 379 571 566 1048 1075 139 82 317 1193 81 204 430 133 375 2125 463 614 240
internal_value=0.000220616 -0.0055363 -0.0110117 0.0218334 -0.0235991 -0.00549411 -0.00944619 0.0271897 0.0196779 -0.0147477 -0.00573305 -0.00145732 0.0134296 -0.0218361 -0.0120966 0.00362566 -0.000373396 0.000600792 -0.00760285 0.0107935 -0.0127804 0.0067 -0.0112272 0.00907721 0.00854947 -0.0270631 -0.0248226 -0.0151281 0.0163312 -0.00436564
internal_weight=4689.7 3865.38 3221.5 643.878 964.708 2256.79 1578.66 824.322 486.459 948.427 418.285 630.235 183.804 530.142 279.532 678.128 554.203 164.511 446.431 97.812 348.619 247.398 83.9721 130.245 289.276 860.452 769.924 253.083 163.425 90.77
internal_count=19577 15935 13161 2774 3965 9196 6423 3642 2080 3861 1698 2562 746 2163 1137 2773 2256 672 1816 399 1417 1042 347 533 1181 3538 3163 1038 695 367
cat_boundaries=0 1 2
cat_threshold=44 10
is_linear=0
shrinkage=0.03


Tree=16
num_leaves=31
num_cat=2
split_feature=6 6 3 28 3 16 12 6 32 12 12 29 29 16 29 6 2 29 3 17 12 8 10 6 10 6 31 17 12 14
split_gain=837.573 311.053 331.628 205.64 173.493 131.746 114.133 90.663 85.2301 66.4375 63.5145 59.2607 49.4826 48.8594 42.8761 41.6921 40.9373 38.4458 37.3151 34.4885 34.2455 34.3666 34.015 33.2893 32.9811 32.7317 38.2548 34.9251 58.205 32.727
threshold=-0.82436862587928761 -0.35488262772560114 7.4234716892242441 20.863806724548343 26.515231132507328 0.37996618449687963 -0.02450000029057264 -0.90877163410186756 0 -0.26850000023841852 -0.30349999666213984 76.151096343994155 84.152141571044936 -1.5601966381072996 76.34873199462892 -0.64897239208221424 36.29353332519532 77.084831237792983 277.53517150878912 1.4894750118255617 -0.17249999940395352 -32.507366180419915 -0.79500001668930043 -0.47246390581130976 -0.12499999627470969 -0.23208956420421598 1 0.29685099422931677 -0.10600000247359274 0.18500000238418582
decision_type=2 2 2 2 2 2 2 2 1 2 2 2 2 2 2 2 2 2 2 2 2 2 2 2 2 2 1 2 2 2
left_child=3 2 -2 6 7 8 13 9 15 -5 -10 16 18 -1 29 -4 -8 19 -7 22 21 -12 -6 -22 -9 26 -3 28 -28 -15
right_child=1 25 5 4 17 12 11 24 10 -11 20 -13 -14 14 -16 -17 -18 -19 -20 -21 23 -23 -24 -25 -26 -27 27 -29 -30 -31
leaf_value=-0.038587943620254105 0.028980550607042358 0.033760750611153835 -0.0060257234797089004 0.021554015434590321 0.017452928088434103 -0.018409251994470317 -0.0046813850004117563 -0.0029365294426338803 -0.032099786426057861 -0.024247774397260592 -0.012296472277675219 -0.0017132423700196948 -0.025771700030684845 -0.0100426572709141 -0.018563724454569684 0.016365228477395261 0.026183775585129753 -0.030873716419901807 0.020204833328783704 0.022595113706413025 -0.016784441137894734 0.022033953501060521 -0.023269019302668011 0.0079037031987622391 0.025346559890004651 0.037146802895505204 -0.025492692510353111 0.035044731275298231 0.019507627010478996 0.010958511396458395
leaf_weight=55.237956821918488 421.4298299998045 139.01036919653416 141.96339125931263 33.887715727090836 19.198365360498428 23.610276475548744 49.500711858272552 59.666689485311508 135.98175953328609 158.49539619684219 47.667211413383484 265.78104916214943 25.079228669404984 152.86958979070187 228.96964049339294 156.35905790328979 171.47181618213654 691.13177008926868 295.40274797379971 17.136092513799667 325.28640508651733 56.114666789770126 252.84506085515022 57.26237028837204 96.320163905620575 338.43732896447182 42.59993976354599 36.215768322348595 62.612603411078453 117.00004194676876
leaf_count=226 1883 623 572 137 77 96 205 243 552 644 192 1066 101 619 927 645 724 2886 1245 69 1311 227 1023 233 396 1587 177 160 274 474
internal_value=-0.000221401 0.012651 0.00596655 -0.0127436 -0.0205613 -0.00171896 -0.00275368 -0.00236671 -0.00763789 -0.0161102 -0.0138211 0.00783693 0.0140936 -0.0120548 -0.0090454 0.00554036 0.0192796 -0.027018 0.0172984 -0.0177284 -0.00893853 0.00629906 -0.0203418 -0.013078 0.0145782 0.0308241 0.023089 0.00940552 0.00121879 -0.000930908
internal_weight=4674.55 2305.03 1686.16 2369.51 1328.68 1264.73 1040.83 348.37 920.635 192.383 622.312 486.754 344.092 554.077 498.839 298.322 220.973 980.311 319.013 289.18 486.331 103.782 272.043 382.549 155.987 618.876 280.439 141.428 105.213 269.87
internal_count=19594 9878 7057 9716 5475 5174 4241 1420 3732 781 2515 1995 1442 2246 2020 1217 929 4055 1341 1169 1963 419 1100 1544 639 2821 1234 611 451 1093
cat_boundaries=0 1 2
cat_threshold=104 10
is_linear=0
shrinkage=0.03


Tree=17
num_leaves=31
num_cat=3
split_feature=6 3 32 16 7 6 31 6 12 3 17 14 6 29 17 16 12 14 6 29 29 4 12 17 32 12 6 3 3 16
split_gain=747.879 506.349 199.577 108.057 103.811 79.7079 75.919 70.632 70.5048 69.4637 63.2343 65.7838 55.5915 51.2262 48.0199 48.0915 41.6692 39.7206 39.0438 36.1922 32.6546 29.5808 29.4849 27.836 26.8354 26.5417 25.7839 25.7672 25.7589 25.666
threshold=-0.47246390581130976 1.9392991065979006 0 0.24321942031383517 -5.3632299900054923 -0.61626377701759327 1 -0.23208956420421598 -0.37100000679492945 26.515231132507328 -0.21463730931282041 0.39499999582767492 -0.79671859741210926 75.77988433837892 0.64729160070419323 0.42793112993240362 0.11699999868869783 0.20499999821186068 -0.9563411772251128 75.77988433837892 86.164299011230483 46.500000000000007 -0.35050000250339503 -1.4190942645072935 2 -0.20100000500679013 -0.85020262002944935 500.02636718750006 260.35255432128912 -0.01200395869091153
decision_type=2 2 1 2 2 2 1 2 2 2 2 2 2 2 2 2 2 2 2 2 2 10 2 2 1 2 2 2 2 2
left_child=1 4 3 8 24 9 -2 14 17 -4 11 18 13 22 15 16 29 -3 -10 -12 -11 28 -5 -6 -1 -20 -25 -21 -13 -8
right_child=6 2 5 12 23 -7 7 -9 10 20 19 21 -14 -15 -16 -17 -18 -19 25 27 -22 -23 -24 26 -26 -27 -28 -29 -30 -31
leaf_value=0.0056988519859061245 0.035543720202547757 -0.03274397065087415 -0.0023090751222862092 -0.013748907784483393 0.0014361844825094645 0.0033462837511280138 -0.012654000701162663 0.031190776338151791 -0.029135025526903384 -0.025380432130895067 0.011067789015474989 -0.011641922443739475 0.017788212317003477 -0.0064787674302577347 0.037634314501673712 0.021223707317631714 0.011398523093293025 -0.0045617882439035447 0.0062176126394409784 -0.0074848026600513214 -0.043877491658302223 0.032223394262254124 0.019511393024706451 0.011101142329430203 -0.022196013839752012 -0.015835312487269836 0.032797554062497215 0.01450534823373063 0.019918067466386774 -0.050173136850311266
leaf_weight=87.50019097328186 399.03367759287357 166.84143516421318 109.44260482490063 28.536609709262848 34.187071055173874 101.88716199994087 69.245459690690041 163.8763612061739 188.74539291858673 656.06958913803101 179.74915601313114 75.059892445802689 194.52962039411068 403.03394174575806 35.2708700299263 66.156979233026505 53.295214056968689 61.994942411780357 58.274495050311089 394.79628112912178 100.83442817628384 27.781991362571716 131.49111296236515 59.022466316819191 35.00405091047287 296.37272298336029 345.55980218946934 53.631308630108833 32.546796336770058 20.985138028860092
leaf_count=372 1819 685 448 115 149 418 285 779 776 2723 740 306 819 1638 154 286 227 251 235 1606 422 115 548 241 142 1204 1556 218 132 85
internal_value=-7.98806e-05 -0.00562359 -0.0101536 -0.00523859 0.0206721 -0.0215022 0.026128 0.0156251 -0.00983294 -0.0246729 -0.00713176 -0.0134728 0.00400673 -0.000777667 0.00576241 0.000248031 -0.00950048 -0.0251621 -0.0181279 -0.000269427 -0.0278992 0.00520686 0.0135318 0.0274761 -0.00372269 -0.0122044 0.0296675 -0.00482839 -0.00200076 -0.0218342
internal_weight=4630.76 3822.89 3261.62 2293.39 561.274 968.234 807.864 408.83 1535.79 866.347 1306.96 678.781 757.591 563.062 244.954 209.683 143.526 228.836 543.393 628.177 756.904 135.389 160.028 438.769 122.504 354.647 404.582 448.428 107.607 90.2306
internal_count=19494 15859 13399 9388 2460 4011 3635 1816 6268 3593 5332 2768 3120 2301 1037 883 597 936 2215 2564 3145 553 663 1946 514 1439 1797 1824 438 370
cat_boundaries=0 1 2 3
cat_threshold=44 10 70
is_linear=0
shrinkage=0.03


Tree=18
num_leaves=31
num_cat=2
split_feature=6 5 5 28 17 12 16 32 9 1 4 2 17 5 4 10 5 18 10 10 14 12 10 12 12 2 13 10 10 31
split_gain=731.571 225.598 207.804 262.93 205.907 143.766 123.962 80.8183 80.0707 61.3367 59.9183 57.57 55.6526 52.0309 50.4404 46.6444 51.1154 44.9906 44.2897 42.1963 80.7261 55.4183 54.0644 50.592 44.4459 41.783 36.3294 36.2329 35.5722 34.8964
threshold=-0.77289488911628712 -0.96105405688285817 0.45150023698806768 20.863806724548343 0.19942466914653781 -0.02450000029057264 0.42793112993240362 0 -93.791568756103501 15.98741674423218 39.500000000000007 3.9262043237686162 0.56336399912834179 -0.8126716911792754 168.50000000000003 -0.62499999999999989 -0.83753159642219532 1.4956442117691042 1.2450000047683718 -0.35500000417232508 -0.11999999731779097 -0.25599999725818628 -0.46499998867511744 -0.33699999749660486 -0.095499999821186052 207.20364379882815 48.500000000000007 0.12499999627470972 0.24000000208616259 1
decision_type=2 2 2 2 2 2 2 1 2 2 10 2 2 2 10 2 2 2 2 2 2 2 2 2 2 2 2 2 2 1
left_child=2 -2 3 5 6 19 7 25 -7 -6 -4 -9 18 29 -12 -11 -17 -14 -5 22 -21 23 -1 -22 -23 -3 -8 -28 -18 -13
right_child=1 4 10 12 9 8 26 11 -10 15 14 13 17 -15 -16 16 28 -19 -20 20 21 24 -24 -25 -26 -27 27 -29 -30 -31
leaf_value=-0.015777465690594829 0.032758426208833812 0.038301124237368651 -0.011090541702519186 -0.027632568331271593 0.035052501575186676 -0.030657590638000994 0.028081323705311571 0.030901623107312808 0.013424509667117748 -0.019502737417074947 0.028354742385802413 0.0080699577021531958 -0.020511228365310184 -0.021886430202472447 0.005015951112929711 0.033397487009665029 0.022422938653815273 0.0029783400348498343 0.020730123049213383 -0.038196662492896785 -0.0027751996651832599 -0.033474242461293748 0.034842942011933879 0.045786263503854487 -0.0039096319151198369 -0.0022688557384438796 -0.028778197085233877 0.01957576787066204 -0.0023581024924062386 -0.012079381497617494
leaf_weight=40.612653806805611 443.59428511559963 50.889998316764832 109.51162306964397 919.71476343274117 214.30297839641571 39.634491056203842 144.20806831121445 27.708298534154892 429.81890292465687 31.789957448840141 137.30926744639874 123.05162471532822 205.92907382547855 282.00520034134388 211.08274334669113 122.64244012534618 95.117811098694801 113.36013624072075 16.680898442864418 116.2166733443737 114.6683524698019 98.013969704508781 33.999674037098885 22.194542095065117 85.649414420127869 40.630660399794579 22.798504590988159 32.692590996623039 113.55198100209236 176.13130234181881
leaf_count=164 2100 216 446 3822 973 159 632 128 1767 130 586 519 853 1148 896 539 394 468 68 480 464 397 137 91 347 167 94 141 466 715
internal_value=-0.000121717 0.0140189 -0.0102055 -0.0139744 0.00837438 -0.00233116 -0.000599449 -0.00654744 0.00964554 0.0223405 0.00819319 -0.0104622 -0.0230598 -0.0126636 0.0142691 0.0147623 0.0180988 -0.0121883 -0.0267498 -0.0133238 -0.0168809 -0.00905741 0.00744521 0.00537482 -0.0197829 0.0184645 0.020191 -0.000448207 0.00899089 -0.0039264
internal_weight=4615.51 1921.12 2694.4 2236.49 1477.52 980.809 900.116 700.417 469.453 577.405 457.904 608.896 1255.68 581.188 348.392 363.102 331.312 319.289 936.396 511.355 436.743 320.526 74.6123 136.863 183.663 91.5207 199.699 55.4911 208.67 299.183
internal_count=19507 8362 11145 9217 6262 4006 3760 2893 1926 2502 1928 2510 5211 2382 1482 1529 1399 1321 3890 2080 1779 1299 301 555 744 383 867 235 860 1234
cat_boundaries=0 1 2
cat_threshold=32 10
is_linear=0
shrinkage=0.03


Tree=19
num_leaves=31
num_cat=2
split_feature=6 5 3 29 3 5 31 17 29 17 5 10 16 2 32 10 29 17 17 18 28 8 16 0 8 28 4 22 17 18
split_gain=687.299 259.83 242.315 178.427 161.48 139.748 89.4797 85.6746 63.207 61.673 52.9612 47.4235 46.2948 40.7856 46.6762 33.5246 33.9762 30.3364 33.6922 26.4226 24.6558 24.1408 23.7839 22.6012 24.6127 22.562 22.1255 21.2524 20.7862 25.1934
threshold=-0.82436862587928761 -0.96105405688285817 2.721495628356934 76.836559295654311 26.515231132507328 -0.83753159642219532 0 0.16916266083717349 75.522090911865249 0.63405978679656994 0.4124008715152741 -0.35500000417232508 0.74319502711296093 199.53227233886722 1 0.24000000208616259 84.152141571044936 1.1736132502555849 -1.9785536527633665 1.5760120749473574 18.543931961059574 -41.725002288818352 -0.75970202684402455 8.7574877738952654 -6.6039657592773429 22.786700248718265 3.5000000000000004 1.0000000180025095e-35 -1.0806100368499754 0.5405755639076234
decision_type=2 2 2 2 2 2 1 2 2 2 2 2 2 2 1 2 2 2 2 2 2 2 2 2 2 2 10 2 2 2
left_child=3 -2 23 8 10 6 28 13 -1 12 -5 21 22 14 -7 16 -9 18 -13 -17 -6 -10 -8 24 -3 -12 -20 -15 -4 -30
right_child=1 2 5 4 20 7 9 15 11 -11 25 17 -14 27 -16 19 -18 -19 26 -21 -22 -23 -24 -25 -26 -27 -28 -29 29 -31
leaf_value=0.010305213061886616 0.032476648831879923 0.013976593869986636 0.00092748706731858252 -0.012762019050756085 -0.0091902405401897078 0.015108193622070082 -0.030411166115534381 0.018438804907966115 -0.013863395487908457 0.034592255529319549 -0.0084437145337835692 0.02386367892521556 0.021359403087789552 -0.025051285723528327 -0.011753686450182529 -0.011757760290838233 -0.027363251750614617 0.0072691164050381106 -0.0191242538889068 0.018189372424246907 -0.028521478609783598 0.011659069601357801 -0.0056967688442825445 -0.0051704816133296815 0.033631600361908383 0.020808009426323028 -0.0086021125067521683 6.4836471167420632e-05 0.0049106346310183666 0.033450863439054596
leaf_weight=232.52386648952961 438.01975150406361 74.205866307020187 25.722137048840523 142.27331502735615 65.76676270365715 66.904967352747917 46.628974556922913 167.65070450305939 41.442669838666916 39.954919770359993 30.707645446062088 22.145339965820312 45.535516753792763 231.09316058456898 233.51961925625801 111.54884454607964 15.075327590107916 81.761270388960838 308.42168898880482 33.730720788240433 751.5295687764883 156.07314258813858 135.16094052791595 17.319877803325653 286.37908731400967 96.900593802332878 437.28997102379799 34.871657952666283 32.848786249756813 196.3436159491539
leaf_count=968 2101 340 110 582 266 274 191 695 168 176 125 90 198 942 949 453 61 333 1259 142 3179 633 556 73 1329 401 1782 141 139 867
internal_value=-0.000150576 0.0117875 0.00672218 -0.0114114 -0.0203422 0.00102161 0.013339 -0.00617678 -0.0038139 0.000670417 -0.000218068 -0.006956 -0.00538774 -0.0132341 -0.00562994 0.00601282 0.0145317 -0.0100324 -0.0118817 -0.00472788 -0.0269791 0.0062611 -0.0121677 0.0280319 0.0296366 0.013758 -0.0129738 -0.0217703 0.0255432 0.0293995
internal_weight=4599.35 2232.51 1794.49 2366.84 1087.18 1416.59 522.195 894.395 1279.66 267.28 269.882 1047.13 227.325 566.389 300.425 328.006 182.726 849.618 767.857 145.28 817.296 197.516 181.79 377.905 360.585 127.608 745.712 265.965 254.915 229.192
internal_count=19523 9737 7636 9786 4553 5894 2237 3657 5233 1121 1108 4265 945 2306 1223 1351 756 3464 3131 595 3445 801 747 1742 1669 526 3041 1083 1116 1006
cat_boundaries=0 1 2
cat_threshold=10 104
is_linear=0
shrinkage=0.03


Tree=20
num_leaves=31
num_cat=2
split_feature=5 5 32 16 2 5 31 5 10 18 12 12 12 3 5 12 12 29 18 10 12 28 10 12 16 12 5 8 28 18
split_gain=683.185 493.338 189.401 96.8906 82.4355 79.223 71.967 61.1836 56.6026 55.203 53.6182 55.4037 71.1503 54.9385 46.6686 45.5279 45.133 40.5347 39.8366 38.1859 42.9791 44.9761 36.5816 35.7052 47.255 34.5641 39.0516 34.5468 33.1771 32.1088
threshold=-0.88134551048278797 0.48901963233947759 0 0.070914063602685942 6.1409459114074716 -0.78753387928009022 1 -0.97269129753112782 0.2650000005960465 0.80001428723335277 -0.37100000679492945 -0.17849999666213986 -0.02450000029057264 484.84410095214849 -0.73172146081924427 0.13350000232458117 -0.23350000381469724 86.164299011230483 1.6888062953948977 -0.060000000521540635 0.028500000014901165 20.863806724548343 0.24000000208616259 0.056499999016523368 0.48314210772514349 -0.17249999940395352 0.16665012389421466 -8.3676824569702131 20.863806724548343 1.7923071384429934
decision_type=2 2 1 2 2 2 1 2 2 2 2 2 2 2 2 2 2 2 2 2 2 2 2 2 2 2 2 2 2 2
left_child=6 2 3 10 -3 -4 -1 -8 18 -10 22 -12 13 -13 -11 16 -6 25 19 20 -5 -22 -2 24 -9 26 -7 -18 -24 -14
right_child=1 4 5 8 15 17 7 23 9 14 11 12 29 -15 -16 -17 27 -19 -20 -21 21 -23 28 -25 -26 -27 -28 -29 -30 -31
leaf_value=0.034407513842600594 -0.032801956352831937 0.027977958179642767 0.0032765069838517455 -0.015963801030233829 -0.012173047194113263 -0.020158627632515639 0.029756000530896762 -0.016729593471753547 -0.026625936497105727 0.035892681667112875 0.0041655113721979602 -0.027571238350113804 -0.0081775066755205034 0.027297620754891252 -0.0046747411939847792 -0.014958560084591984 -0.0091905586430565712 -0.043631205634490001 0.025528041464817953 0.014946561370530308 0.021624837017443187 -0.012396550235336512 0.012856744310497272 0.018367397226800159 0.021595605089835664 -0.026936559428604186 0.0072506560757112214 0.028164765124002501 -0.03233949338449528 0.014480945704624933
leaf_weight=388.08609172701836 144.70534265041351 362.98807263374329 100.72954711318016 121.36514475941658 46.825829550623894 179.2004130333662 155.37158866226673 91.669730052351952 95.665985107421875 28.091214686632156 258.99703550338745 260.68388488888741 560.01859146356583 16.743714809417725 207.01476366817951 68.587899595499039 26.739311516284943 92.20306570827961 96.771627888083458 181.32015436887741 87.206509858369827 57.103850111365318 36.604377016425133 107.81423775851727 41.145902141928673 506.36149208247662 62.600327625870705 121.19935892522335 22.942865997552872 61.647617816925049
leaf_count=1831 601 1665 415 496 198 751 769 378 390 123 1054 1076 2287 68 850 293 112 396 405 755 359 235 148 474 180 2128 258 518 95 253
internal_value=-0.000332645 -0.00558946 -0.010386 -0.00553663 0.0187256 -0.0216063 0.0251475 0.0147701 0.00223023 -0.00754155 -0.0105611 -0.00804778 -0.0115667 -0.0241736 0.000303874 0.00591504 0.0133047 -0.024846 0.00817731 0.00437239 -0.00287334 0.00816985 -0.0247025 0.00562213 -0.0047839 -0.0224758 -0.0130619 0.0213966 -0.00480336 -0.00591093
internal_weight=4588.41 3804.32 3177.98 2236.88 626.34 941.095 784.088 396.001 874.539 330.772 1362.34 1158.09 899.094 277.428 235.106 263.352 194.764 840.365 543.767 446.996 265.676 144.31 204.253 240.63 132.816 748.162 241.801 147.939 59.5472 621.666
internal_count=19561 15929 13143 9195 2786 3948 3632 1801 3613 1363 5582 4738 3684 1144 973 1121 828 3533 2250 1845 1090 594 844 1032 558 3137 1009 630 243 2540
cat_boundaries=0 1 2
cat_threshold=44 10
is_linear=0
shrinkage=0.03


Tree=21
num_leaves=31
num_cat=2
split_feature=5 5 32 2 31 29 5 3 14 5 12 12 12 14 5 12 12 29 12 14 5 3 28 12 9 14 10 2 6 10
split_gain=620.014 483.597 176.836 88.1371 73.7903 70.4304 68.1122 64.64 103.52 54.2909 48.3211 53.3941 48.3176 44.7421 42.4382 46.0412 40.2204 40.057 39.9338 45.131 45.6591 37.4769 32.09 49.5852 31.6682 31.4427 29.2221 39.9888 28.4883 27.3076
threshold=-0.88134551048278797 0.48901963233947759 0 8.3045997619628924 1 75.77988433837892 -0.78753387928009022 357.63442993164068 -0.6599999964237212 -0.97269129753112782 0.13350000232458117 -0.23350000381469724 -1.0000000180025095e-35 -0.6599999964237212 0.25061884522438055 0.024500000290572647 -0.10600000247359274 86.164299011230483 -0.16650000214576718 0.39499999582767492 0.16665012389421466 175.66519927978518 18.543931961059574 0.43999999761581426 -116.31041336059569 1.0249999761581423 -0.31000000238418574 177.97461700439456 -0.98471984267234791 0.2650000005960465
decision_type=2 2 1 2 1 2 2 2 2 2 2 2 2 2 2 2 2 2 2 2 2 2 2 2 2 2 2 2 2 2
left_child=4 2 5 -3 -1 12 -4 14 -9 -6 11 -5 13 -2 15 -7 26 18 19 20 -8 28 23 -17 -10 29 -11 -28 -15 -16
right_child=1 3 6 10 9 7 17 8 24 16 -12 -13 -14 21 25 22 -18 -19 -20 -21 -22 -23 -24 -25 -26 -27 27 -29 -30 -31
leaf_value=0.033797667982024063 -0.034579034637221118 0.027752507619503753 0.002314495749961698 -0.016907427600262027 0.02828573722134882 -0.021718450624309684 -0.027098013500009024 -0.033867174139693271 0.03739781113913903 -0.042216144407903118 -0.019844225732740649 0.021701810881953165 0.012528754132442681 -0.029587837002280251 0.0028936952700823609 0.01465684418831523 0.016568250821715948 -0.042444885706410931 -0.026209570575910765 0.011317297071903225 0.0057785072044120147 0.0094493107135617919 -0.013452377046546426 -0.033072768021620139 0.0043242454733066092 0.036642883875035788 -0.017716382550009159 0.021598803026734302 -0.0016553031420698584 -0.018352169955535531
leaf_weight=382.85370895266533 37.572190552949905 394.47623199224472 102.33927020430565 42.067978709936142 153.3379563242197 476.3328977227211 143.32134740054607 65.098248273134232 27.026872515678406 17.527997881174088 55.468728452920914 128.7554907053709 285.84246116876602 49.682796999812126 157.81629531085491 96.273125663399696 133.28503710031509 90.464274629950523 495.65629096329212 59.080322191119194 51.195895180106163 164.38976126909256 277.46936725080013 23.546670749783516 377.72777882218361 17.047521695494652 53.579297885298729 39.609745681285858 93.822909250855446 81.951052278280258
leaf_count=1829 155 1821 422 176 769 1970 605 269 114 72 234 546 1197 204 641 386 584 393 2095 244 211 674 1137 95 1559 69 223 170 382 333
internal_value=2.09721e-05 -0.00498858 -0.00972591 0.0192075 0.0243598 -0.00503301 -0.0205543 -0.00840152 0.000949967 0.0140041 0.00425524 0.0121506 0.00342594 -0.00412023 -0.0122858 -0.0154342 0.00552184 -0.0235853 -0.0212547 -0.0115055 -0.0184598 -0.000303455 -0.0078641 0.00508104 0.00661941 -0.00155714 -0.00780549 -0.000953676 -0.0114636 -0.00441408
internal_weight=4574.62 3794.43 3173.66 620.768 780.194 2231.6 942.057 1600.29 469.853 397.34 226.292 170.823 631.31 345.468 1130.44 873.622 244.002 839.718 749.254 253.598 194.517 307.895 397.289 119.82 404.755 256.815 110.717 93.189 143.506 239.767
internal_count=19579 15932 13155 2777 3647 9185 3970 6573 1942 1818 956 722 2612 1415 4631 3588 1049 3548 3155 1060 816 1260 1618 481 1673 1043 465 393 586 974
cat_boundaries=0 1 2
cat_threshold=44 10
is_linear=0
shrinkage=0.03


Tree=22
num_leaves=31
num_cat=3
split_feature=6 5 17 29 5 16 32 14 32 12 14 17 9 5 5 28 12 29 12 12 12 12 12 18 5 12 10 10 32 14
split_gain=606.93 184.673 174.097 165.869 201.189 96.1739 76.5723 72.9551 59.7704 56.8786 50.6066 45.196 50.6204 44.4242 48.0224 43.5496 44.5237 40.7194 40.6567 66.3648 35.7531 34.9118 53.2059 55.8232 31.6985 29.526 30.39 52.9912 28.7354 27.6348
threshold=-0.77289488911628712 -0.96105405688285817 0.19942466914653781 76.581501007080092 0.4124008715152741 0.42793112993240362 0 -0.99500000476837147 1 -0.37100000679492945 -0.37499999999999994 0.38102295994758612 -27.626015663146969 -0.83753159642219532 0.66410800814628612 22.726541519165043 -0.027500000782310959 84.152141571044936 -0.17849999666213986 -0.095499999821186052 -0.52750000357627858 -0.17249999940395352 -0.37100000679492945 1.2578593492507937 0.20903649181127551 -0.2145000025629997 -0.39499999582767481 1.0000000180025095e-35 2 0.014999999664723875
decision_type=2 2 2 2 2 2 1 2 1 2 2 2 2 2 2 2 2 2 2 2 2 2 2 2 2 2 2 2 1 2
left_child=3 -2 5 9 15 6 13 -4 -6 20 -10 12 -11 -3 28 16 -5 -9 -14 -20 -1 22 -17 -24 -13 29 -27 -28 -15 -8
right_child=1 2 7 4 8 -7 25 17 10 11 -12 24 18 14 -16 21 -18 -19 19 -21 -22 -23 23 -25 -26 26 27 -29 -30 -31
leaf_value=-0.0017633045378060107 0.030338451634856614 0.018928001366361944 -0.025181382804562131 -0.023145161673437824 -0.016099508784440178 0.017752295831497254 -0.039065571357695041 0.025719508285368637 -0.01300482408680489 -0.013927621348382182 0.024212773240219792 0.016959513424177557 0.022235088021497533 0.010246546900240738 0.034575308186569974 -0.028757208362122984 0.0034363077222714345 -0.0074422984754781984 -0.027509678019953559 0.0043876321061519473 -0.028595326329444934 -0.028806516752313369 -0.018900932269622275 0.018142108830958466 -0.0025685735783942073 -0.025883965352084023 0.01996138387215966 -0.014768229610131561 -0.014699892104218381 -0.0026306263725868464
leaf_weight=79.219974532723427 421.90986205637455 123.13990145921707 28.448916628956795 113.35362102091312 64.643033146858215 202.90841656923294 71.935104414820671 493.26722076535225 41.215549007058144 248.95363919436932 151.66882055997849 219.97391819953918 78.989840641617775 49.74236373603344 25.339723765850067 150.17879720032215 112.06268846988678 35.310756430029869 70.054742693901062 336.79309678077698 101.96538525819778 622.10019105672836 86.677838549017906 61.891726016998291 112.74248349666595 76.675324410200119 57.960901245474815 119.13489660620689 145.95252661406994 25.415603786706924
leaf_count=323 2102 540 117 466 268 899 297 2209 173 1021 653 902 328 202 119 643 450 149 290 1405 422 2665 365 258 470 320 235 490 596 103
internal_value=-0.000164927 0.012885 0.00780746 -0.00940164 -0.0164733 -0.000368152 -0.00567415 0.0209676 0.00746425 -0.00144482 0.0154378 0.00119811 -0.00295635 0.00443624 -0.00348631 -0.0218531 -0.00997373 0.0234943 0.00268262 -0.00115872 -0.0169376 -0.024747 -0.0162259 -0.00345127 0.0103545 -0.0152615 -0.0102358 -0.00335347 -0.00856548 -0.0296769
internal_weight=4529.63 1877.14 1455.23 2652.49 1403.79 898.205 695.296 557.027 257.527 1248.69 192.884 1067.51 734.791 344.175 221.035 1146.26 225.416 528.578 485.838 406.848 181.185 920.849 298.748 148.57 332.716 351.122 253.771 177.096 195.695 97.3507
internal_count=19480 8378 6276 11102 5941 3801 2902 2475 1094 5161 826 4416 3044 1457 917 4847 916 2358 2023 1695 745 3931 1266 623 1372 1445 1045 725 798 400
cat_boundaries=0 1 2 3
cat_threshold=120 5 32
is_linear=0
shrinkage=0.03


Tree=23
num_leaves=31
num_cat=2
split_feature=6 5 2 4 32 17 12 7 14 4 32 17 12 10 17 28 12 2 28 9 12 12 14 10 6 28 10 5 14 28
split_gain=550.842 195.6 195.088 173.112 200.169 89.513 84.6326 78.501 59.5072 47.3376 38.8767 38.382 38.001 37.7193 36.7812 32.2319 39.5853 31.9616 31.1576 32.005 33.3124 29.7635 29.1704 76.6253 28.7703 28.5098 28.2994 27.8845 27.3192 26.6777
threshold=-0.77289488911628712 -0.93404099345207203 14.753347396850588 14.500000000000002 0 0.60379037261009227 -0.028500000014901158 -19.59663105010986 -0.73000001907348622 168.50000000000003 1 0.97211340069770824 0.13350000232458117 -0.37499999999999994 -0.77695557475090016 20.863806724548343 0.37450000643730169 163.77049255371097 22.590013504028324 -95.571743011474595 -0.02450000029057264 -0.16650000214576718 0.39499999582767492 0.24000000208616259 -0.96645781397819508 25.763958930969242 -0.91499999165534962 -0.98097097873687733 0.70499998331069957 18.767070770263675
decision_type=2 2 2 10 1 2 2 2 2 10 1 2 2 2 2 2 2 2 2 2 2 2 2 2 2 2 2 2 2 2
left_child=3 13 -3 4 6 8 22 18 26 -9 17 21 25 27 -12 29 -17 -10 19 -5 -21 -11 24 -24 -1 -7 -4 -2 -25 -8
right_child=1 2 5 7 -6 12 15 9 10 11 14 -13 -14 -15 -16 16 -18 -19 -20 20 -22 -23 23 28 -26 -27 -28 -29 -30 -31
leaf_value=-0.026477077044540977 0.027457095278313227 0.031061473475044881 0.0093962105436721233 -0.029586570676723861 -0.025257082273097083 0.026611131053192138 0.0017300871924618472 0.017076731161552807 0.031877553397735223 0.011868219693171731 -0.016936282456169127 0.03242430737303479 -0.022842060567861731 0.031357110715095809 4.2489755501438163e-05 -0.00051068540427617241 -0.041694496047636753 0.0039441971775878047 -0.023860051046599457 -0.011997062498370518 0.0170000639416245 -0.0096217709946815003 0.049054375836653299 -0.023521976634681953 -0.010029278823325978 -0.0090724919826057852 -0.032792455501673264 -0.0013926283315937383 0.010191031543126785 0.018391535528044702
leaf_weight=174.35983642935753 56.163157030940056 231.72501729428768 16.883723720908165 32.221598014235497 784.57180757820606 166.59408491849899 207.28728584945202 289.12292452156544 48.871273890137672 81.237043872475624 158.36993503570557 28.969525679945946 17.559644803404808 444.62760883569717 410.86138227581978 106.65054441988468 25.164486646652222 142.74870786070824 103.47919626533985 67.472824260592461 73.449380964040756 196.10881547629833 21.830231204628944 62.603096336126328 215.24707418680191 22.410929888486862 80.646788388490677 63.618187233805656 32.077543839812279 147.703011110425
leaf_count=725 289 1123 69 130 3388 719 840 1223 209 344 651 126 71 2206 1700 431 102 599 433 275 303 828 90 256 880 93 335 289 130 621
internal_value=9.96971e-05 0.0126048 0.00617881 -0.0086855 -0.0140542 0.000740455 -0.00488238 0.00226094 -0.00353073 0.00839242 -0.000688962 0.000166645 0.0184209 0.0273309 -0.00462166 0.00399615 -0.00862772 0.0106443 -0.0109199 -0.00309366 0.00312968 -0.00330714 -0.0135094 -0.00033234 -0.0174391 0.0223545 -0.0254678 0.0122498 -0.012113 0.00869471
internal_weight=4510.64 1861.08 1296.67 2649.56 1777.49 1064.95 992.923 872.061 858.382 595.438 760.851 306.315 206.565 564.409 569.231 486.805 131.815 191.62 276.623 173.144 140.922 277.346 506.118 116.511 389.607 189.005 97.5305 119.781 94.6806 354.99
internal_count=19478 8353 5569 11125 7463 4446 4075 3662 3563 2521 3159 1298 883 2784 2351 1994 533 808 1141 708 578 1172 2081 476 1605 812 404 578 386 1461
cat_boundaries=0 1 2
cat_threshold=12 40
is_linear=0
shrinkage=0.03


Tree=24
num_leaves=31
num_cat=3
split_feature=6 5 2 28 5 16 12 32 14 17 14 18 9 28 17 5 32 18 18 17 16 14 1 5 14 12 32 28 5 14
split_gain=505.777 212.522 208.804 140.671 168.108 125.812 74.4612 73.8035 59.063 50.1532 45.0346 44.615 44.1078 40.0949 39.1212 53.635 39.0994 35.9474 39.7674 35.1084 34.184 34.0512 33.2706 32.7847 32.0026 29.7201 29.2263 27.847 27.7027 27.1275
threshold=-0.82436862587928761 -0.96105405688285817 14.753347396850588 20.863806724548343 0.33273787796497351 0.42793112993240362 -0.027500000782310959 0 -0.6599999964237212 0.49308504164218908 -0.11999999731779097 1.4956442117691042 -93.791568756103501 18.767070770263675 -0.07885394990444182 -0.73172146081924427 1 2.1211340427398686 0.81021401286125194 -0.91470986604690541 0.060905499383807189 0.37500000000000006 1.0000000180025095e-35 -0.83753159642219532 0.28000000119209295 -0.18349999934434888 2 22.726541519165043 -0.78753387928009022 -0.37499999999999994
decision_type=2 2 2 2 2 2 2 1 2 2 2 2 2 2 2 2 1 2 2 2 2 2 2 2 2 2 1 2 2 2
left_child=3 -2 29 6 9 7 10 21 -9 -5 20 -11 -8 -14 -10 -16 19 18 -12 -7 -1 23 -6 -4 25 -17 -24 -27 -21 -3
right_child=1 2 5 4 22 16 12 8 14 11 17 -13 13 -15 15 24 -18 -19 -20 28 -22 -23 26 -25 -26 27 -28 -29 -30 -31
leaf_value=-0.030919822981183266 0.029952382749626229 0.01049769499741727 0.017758660776683307 -0.0266094551073719 0.024937146605570663 -0.013418003422721751 -0.02667633799238265 -0.032660359257443698 -0.01330546463781533 -0.020470248862330922 -0.014565660664434604 0.0037999348070966669 0.00098743707815416096 0.018726741024391185 0.017106293314323836 -0.030406337067950331 -0.0070150169077933819 -0.033166979052786295 0.0082117820751836067 0.031616096259833443 -0.004410805500462793 0.024091001522160042 0.016274577540104904 -0.005234975685951734 -0.022023480551703053 0.032036536619892156 -0.0070079860120900407 -0.01552115147306434 0.013118949639361145 0.03119975889362343
leaf_weight=119.33421488106251 395.36527682840824 74.087503895163536 78.872561305761337 717.36100687086582 52.762360170483589 25.719348877668381 32.392073035240173 91.004634648561478 360.55670915544033 191.42975863814354 104.84954255819321 105.1367539614439 252.6463053971529 209.15847724676132 115.73948520421982 14.555020168423651 59.454116001725197 30.981138169765472 197.08531086146832 152.09383770823479 69.409686043858528 78.666046336293221 54.024199068546295 184.29420186579227 84.651124939322472 33.83147856593132 181.04331097006798 15.524032220244406 143.63802435994148 266.51503539085388
leaf_count=500 2025 354 353 3094 220 111 130 381 1479 819 427 443 1025 886 493 59 248 128 804 700 284 338 224 750 346 139 745 63 608 1301
internal_value=-0.000304659 0.0100851 0.00565597 -0.0100533 -0.0165786 0.000648875 -0.00168349 -0.00467637 -0.0100686 -0.0223178 -0.00958009 -0.0118823 0.00665445 0.00904494 -0.0068923 0.00187365 0.0154095 -0.00292245 0.000280142 0.0191884 -0.0212459 0.00671041 0.00364604 0.00169748 -0.0100286 0.00595338 -0.00121828 0.0170668 0.0227065 0.0267406
internal_weight=4492.18 2174.57 1779.2 2317.61 1301.76 1438.6 1015.86 1057.7 715.862 1013.93 521.66 296.567 494.197 461.805 624.858 264.301 380.905 332.916 301.935 321.451 188.744 341.833 287.83 263.167 148.562 63.9105 235.068 49.3555 295.732 340.603
internal_count=19477 9748 7723 9729 5545 6068 4184 4401 2960 4356 2143 1262 2041 1911 2579 1100 1667 1359 1231 1419 784 1441 1189 1103 607 261 969 202 1308 1655
cat_boundaries=0 1 2 3
cat_threshold=104 60 32
is_linear=0
shrinkage=0.03


Tree=25
num_leaves=31
num_cat=4
split_feature=5 5 32 31 16 2 5 17 12 12 12 6 9 16 12 18 12 8 14 12 31 7 14 14 5 32 12 14 5 2
split_gain=508.869 429.613 154.432 96.3606 74.6329 70.1663 61.7132 55.1398 49.2219 51.2133 54.4093 50.7649 45.8778 44.7977 46.6449 40.6489 36.2059 33.8708 41.547 33.4073 32.2726 36.0123 30.5094 29.2509 27.5195 26.6089 27.9193 45.2312 26.5276 25.9865
threshold=-0.83753159642219532 0.48901963233947759 0 1 0.24321942031383517 14.753347396850588 -0.97269129753112782 0.63405978679656994 -0.37100000679492945 -0.17849999666213986 -0.028500000014901158 -0.92772412300109852 -26.89638519287109 0.74319502711296093 -0.46099999547004694 1.4956442117691042 0.13350000232458117 -6.6039657592773429 -0.37499999999999994 -0.29899999499320978 2 -29.773410797119137 0.20499999821186068 1.0249999761581423 -0.63756072521209706 3 -0.17249999940395352 0.39499999582767492 -0.67050644755363453 42.127584457397468
decision_type=2 2 1 1 2 2 2 2 2 2 2 2 2 2 2 2 2 2 2 2 1 2 2 2 2 1 2 2 2 2
left_child=3 2 4 -1 8 17 -5 13 22 12 11 -11 28 14 -8 -6 19 -3 -19 -7 21 -12 -2 -22 -23 -4 27 -27 -10 -21
right_child=1 5 25 6 15 16 7 -9 9 10 20 -13 -14 -15 -16 -17 -18 18 -20 29 23 24 -24 -25 -26 26 -28 -29 -30 -31
leaf_value=0.029654713233029924 -0.029414877379493772 0.0094773712460581028 -0.037205873716164725 0.025929789856984121 -0.0014839127126950289 -0.021844003623075495 -0.0528906152274842 0.031449790093973584 0.015430689360611007 -0.03308082246601201 -0.019481147724582502 -0.0061802916942877593 0.015972478414835029 0.020635834491034701 -0.0046009730226427943 0.0154845515268734 -0.026143147180081976 0.0088815235585803891 0.034307951885264962 0.026362986030142775 -0.017907698401551094 -0.012182580019926602 -0.0030032994117478438 0.014015676554359783 0.008145945639661414 -0.017456394797228075 -0.022380687873328003 0.011504277548606631 -0.019018339267752794 -0.0061849608804438712
leaf_weight=449.88120052218437 156.80066961050034 112.13068754971027 90.614211335778236 145.70979999005795 527.31497412919998 25.550165489315987 18.823868215084076 49.007826685905457 26.310984030365944 151.25694321095943 72.531783580780029 108.80661359429359 143.98034383356571 57.126794964075089 199.13943608105183 166.33378909528255 34.33429491519928 75.421538442373276 259.78183828294277 68.125116482377052 229.39186437427998 76.104425892233849 52.771349191665649 28.350289538502693 268.77367216348648 191.6250301450491 511.63042564690113 64.105317875742912 76.642255321145058 31.956687837839127
leaf_count=2192 665 514 404 773 2184 104 78 228 107 643 294 445 589 258 841 700 140 353 1251 289 950 309 216 117 1108 817 2202 267 314 131
internal_value=-2.68199e-05 -0.00517909 -0.00991965 0.0198486 -0.00540919 0.0177751 0.0095819 0.00246971 -0.00943964 -0.00705203 -0.0102584 -0.0218928 0.00508401 -0.00278836 -0.00899389 0.00260148 0.000713175 0.0238613 0.0286304 0.0082013 -0.00575119 -0.000406743 -0.0228101 -0.0138215 0.00363779 -0.0205613 -0.0180977 -0.0101801 -0.0101507 0.0160119
internal_weight=4470.33 3550.65 2943.34 919.689 2085.37 607.3 469.808 324.098 1391.72 1182.15 935.216 260.064 246.934 275.09 217.963 693.649 159.966 447.334 335.203 125.632 675.152 417.41 209.572 257.742 344.878 857.975 767.361 255.73 102.953 100.082
internal_count=19483 15113 12331 4370 8641 2782 2178 1405 5757 4876 3866 1088 1010 1177 919 2884 664 2118 1604 524 2778 1711 881 1067 1417 3690 3286 1084 421 420
cat_boundaries=0 1 2 3 4
cat_threshold=44 10 4 1
is_linear=0
shrinkage=0.03


Tree=26
num_leaves=31
num_cat=2
split_feature=5 5 32 16 2 32 5 12 12 9 12 6 5 17 18 16 10 10 29 5 10 29 12 5 17 18 17 10 1 29
split_gain=486.925 375.704 161.948 95.4279 75.2339 72.8206 67.7321 48.1278 50.1802 55.9148 54.4617 45.9427 45.864 52.3617 44.959 44.4385 39.4455 35.5014 32.8843 35.1917 32.5868 31.932 31.9661 44.4257 33.2127 31.3071 31.6961 30.6418 35.9711 29.987
threshold=-0.88134551048278797 0.48901963233947759 0 0.070914063602685942 42.127584457397468 1 -0.78753387928009022 -0.37100000679492945 -0.17849999666213986 -29.478591918945309 -0.02450000029057264 -0.89225733280181874 -0.98097097873687733 0.63405978679656994 1.4765700101852419 -0.76423409581184376 0.37500000000000006 0.2650000005960465 75.77988433837892 -0.63756072521209706 1.0950000286102297 86.164299011230483 -0.16650000214576718 0.081451712176203742 0.60379037261009227 1.7923071384429934 -0.16163000464439389 0.16000000387430194 152.01996612548831 76.34873199462892
decision_type=2 2 1 2 2 1 2 2 2 2 2 2 2 2 2 2 2 2 2 2 2 2 2 2 2 2 2 2 2 2
left_child=5 2 3 7 16 -1 -4 -2 9 -9 11 -10 -7 15 18 -14 17 -3 -5 -20 -16 22 23 24 -8 26 -12 28 -28 -13
right_child=1 4 6 14 -6 12 21 8 10 -11 25 29 13 -15 20 -17 -18 -19 19 -21 -22 -23 -24 -25 -26 -27 27 -29 -30 -31
leaf_value=0.032295516437280028 -0.022786065989015551 0.018068992747601851 0.0036317100961479206 0.010580904790348235 -0.015736116417854794 0.027108432358661397 -0.027462382058081689 -0.012357563849441618 -0.030142002076140595 0.01623232352238585 -0.013112680024664213 0.013108362198939299 -0.027982624583374516 0.036264864119571354 0.019887274602520464 0.0060377755380209147 0.032691305186085311 -0.014768587761414112 0.01135074070256366 -0.0085428747032816124 -0.024266152192908636 -0.039458729162571961 -0.024669311038340965 0.0075852505476854343 0.0028232282622661785 0.014957208489020173 0.019638596909622379 -0.010468054284720169 -0.022237606684416621 -0.02171296878867409
leaf_weight=351.62285353243351 193.20243732631207 345.1492016017437 102.91496227681637 189.30308571457863 55.23527230322361 129.30139236152172 127.07525931298733 100.26513554155827 176.78014531731606 156.24933488667011 340.52580514550209 45.742392897605896 42.027194276452065 40.112413108348846 183.00336028635502 174.52655491232872 171.64798964560032 31.663233488798141 101.4401243776083 365.77434314787388 15.544637233018873 86.086480438709259 468.09869949519634 76.953558400273323 43.477523252367973 61.837360382080078 96.774236455559731 103.00369973480701 21.878107577562332 41.528728947043419
leaf_count=1786 818 1602 428 796 226 695 549 411 753 641 1400 186 180 193 773 768 812 145 434 1506 64 390 2034 322 182 256 400 423 91 170
internal_value=0.000221081 -0.00421607 -0.00843641 -0.00395136 0.0174159 0.0224618 -0.0190384 -0.00897014 -0.00662019 0.00505265 -0.00999373 -0.0213897 0.0122906 0.00522658 0.00385589 -0.000662934 0.0207772 0.0152779 6.54627e-05 -0.00420862 0.0163262 -0.0221867 -0.0200567 -0.0112689 -0.0197705 -0.00514507 -0.00737886 0.00144922 0.0117958 -0.00351994
internal_weight=4438.75 3701.16 3097.46 2192.85 603.696 737.59 904.606 1337.79 1144.58 256.514 888.07 264.051 385.968 256.666 855.066 216.554 548.46 376.812 656.518 467.214 198.548 801.692 715.605 247.506 170.553 624.019 562.182 221.656 118.652 87.2711
internal_count=19434 15812 13027 9122 2785 3622 3905 5549 4731 1052 3679 1109 1836 1141 3573 948 2559 1747 2736 1940 837 3477 3087 1053 731 2570 2314 914 491 356
cat_boundaries=0 1 2
cat_threshold=44 120
is_linear=0
shrinkage=0.03


Tree=27
num_leaves=31
num_cat=2
split_feature=6 5 3 5 28 12 16 17 32 29 29 32 28 14 12 10 14 14 5 29 17 12 10 2 5 10 17 3 5 4
split_gain=474.119 171.916 148.598 142.441 198.537 105.135 95.623 64.7143 64.4467 52.3605 48.2298 45.4818 41.6888 39.3336 37.4926 36.9704 33.323 32.7969 32.7845 47.6077 32.7123 37.4819 28.792 28.3868 28.6414 27.808 27.5285 37.2112 28.0899 26.9865
threshold=-0.77289488911628712 -0.96105405688285817 2.721495628356934 0.4124008715152741 20.863806724548343 -0.027500000782310959 1.0000000180025095e-35 0.49308504164218908 0 84.152141571044936 76.151096343994155 1 18.840229988098148 -0.53999999165534962 0.42849999666213995 -0.62499999999999989 0.41499999165534979 -0.11999999731779097 0.12431468442082406 77.084831237792983 0.013298091944307091 0.13350000232458117 1.1200000047683718 186.20759582519534 -0.85957497358322132 -0.24499999731779096 -0.77695557475090016 532.81591796875011 -0.78753387928009022 39.500000000000007
decision_type=2 2 2 2 2 2 2 2 1 2 2 1 2 2 2 2 2 2 2 2 2 2 2 2 2 2 2 2 2 10
left_child=3 -2 -3 4 5 12 8 -6 16 15 -7 -5 -1 -10 18 -8 23 25 19 -9 -15 -22 26 -4 -25 -14 27 -17 -28 -13
right_child=1 2 6 11 7 10 9 14 13 -11 -12 29 17 20 -16 22 -18 -19 -20 -21 21 -23 -24 24 -26 -27 28 -29 -30 -31
leaf_value=-0.018165143944886167 0.029228813105369424 0.027449369949343126 0.018424366953938533 0.019017024811240232 -0.024234318878576487 0.019387032295389572 -0.016865900316951222 0.0092740877309981772 -0.030488004531436897 -0.0219090474844378 0.00012022779903792372 -0.014733587339374582 -0.00064948179389109266 -0.01391070132331651 -0.042478585687844315 -0.021162410140831825 0.028840150023166759 0.0093658472038978431 0.011518464558268323 -0.020221839939872487 0.013863407053815278 -0.023328765334534367 -0.022803294757471757 0.016759430629461704 -0.016331703275082522 -0.039239105346830568 0.029608358004925308 0.021939023418854651 0.011889944926555806 0.0049586072065830045
leaf_weight=299.825280174613 391.62199684977531 256.1876248717308 59.698753640055656 158.56158488988876 847.54408702254295 207.48864440619946 29.548028916120529 70.433348387479782 80.751614972949028 36.243701562285423 266.3080777078867 84.636242866516113 40.869512051343918 244.42878176271915 25.966378673911095 32.848953515291214 53.027899414300919 118.90403614938259 75.407453611493111 159.06909207999706 97.77564549446106 31.410218968987465 14.637705087661741 32.000854998826981 81.649816915392876 27.584948569536209 200.67650271952152 37.576114058494568 137.552399918437 232.1674677580595
leaf_count=1247 2084 1272 257 690 3681 888 123 287 343 150 1071 349 168 1008 113 139 234 486 317 696 417 130 59 144 334 119 932 165 577 1010
internal_value=-0.000116842 0.0116477 0.00680235 -0.00829621 -0.0115959 -0.00147223 0.00226115 -0.0198434 -0.00500699 0.0123671 0.00858075 0.00654753 -0.0112465 -0.0113744 -0.00855683 0.0151527 0.00791892 -0.000137177 -0.00553861 -0.0111687 -0.00747651 0.00471078 0.0174222 0.00184457 -0.00694925 -0.0165409 0.0189152 0.00182004 0.0224588 -0.000321971
internal_weight=4432.4 1817.64 1426.01 2614.77 2139.4 960.98 1169.83 1178.42 680.744 489.083 473.797 475.365 487.184 454.366 330.876 452.84 226.377 187.358 304.91 229.502 373.615 129.186 423.292 173.349 113.651 68.4545 408.654 70.4251 338.229 316.804
internal_count=19490 8368 6284 11122 9073 3979 5012 5094 2867 2145 1959 2049 2020 1898 1413 1995 969 773 1300 983 1555 547 1872 735 478 287 1813 304 1509 1359
cat_boundaries=0 1 2
cat_threshold=104 104
is_linear=0
shrinkage=0.03


Tree=28
num_leaves=31
num_cat=2
split_feature=5 5 29 5 2 16 5 5 31 29 12 31 14 14 14 12 17 16 18 17 12 14 4 12 17 14 14 14 14 12
split_gain=419.266 358.094 128.388 98.8298 65.812 63.5684 62.055 56.3995 53.2634 51.54 58.6236 50.0618 42.7863 38.7223 38.5955 34.2399 32.813 32.5229 30.2714 30.2281 31.6985 29.3266 27.3426 26.2393 25.9767 26.7655 29.6071 29.3937 25.842 25.4592
threshold=-0.90013122558593739 0.48901963233947759 76.34873199462892 -0.70125329494476307 42.127584457397468 -0.058773901313543313 0.25061884522438055 -0.97269129753112782 0 77.084831237792983 0.024500000290572647 1 0.47499999403953558 0.18500000238418582 0.34499999880790716 0.43999999761581426 0.17250502109527591 -0.4068677276372909 1.7047763466835024 -0.46075017750263209 -0.10600000247359274 0.014999999664723875 227.50000000000003 -0.37100000679492945 0.25146600604057318 -0.15999999642372129 -1.0000000180025095e-35 0.39499999582767492 0.20499999821186068 0.22699999809265139
decision_type=2 2 2 2 2 2 2 2 1 2 2 1 2 2 2 2 2 2 2 2 2 2 8 2 2 2 2 2 2 2
left_child=7 2 5 8 14 23 9 -1 12 10 -5 -9 13 -4 16 -12 22 21 -7 20 -19 -13 -3 28 25 -25 -27 -28 -2 -15
right_child=1 4 3 6 -6 18 -8 11 -10 -11 15 17 -14 29 -16 -17 -18 19 -20 -21 -22 -23 -24 24 -26 26 27 -29 -30 -31
leaf_value=0.03201181621923007 -0.029616032498886495 0.014045072375901023 0.010780774053969119 -0.021074168258408282 -0.013545960844687031 0.0048859154653082973 -0.004211488507425391 0.02514170481913669 -0.011612455372210027 -0.024036116824101773 0.0046797803409609155 -0.033709162802589093 0.03235052668015153 -0.038631697618864057 0.032223894781449484 -0.032699261397574737 0.024286529314270559 -0.03635884827617606 0.02606246449059722 0.021279961756777203 0.010776679472496192 0.0058580752505558373 -0.010297976221367718 -0.016770398685038507 0.0071078812522049305 0.018170981941382443 -0.018696870391229782 0.0050430693253004774 0.0079214758865356078 0.0061331581039698021
leaf_weight=280.06259877979755 71.030877411365509 129.22415600717068 135.05107265710831 250.69796949625015 55.211972668766975 454.33265598118305 313.46331943571568 191.73063145577908 179.74818612635136 753.68047122657299 188.36718629300594 31.988987892866135 56.711484983563423 27.48542857170105 175.07131046056747 23.963151872158051 177.10568062961102 19.273368492722511 69.283672258257866 98.78871913254261 34.166106998920441 33.966832712292671 60.113641992211342 169.55993710458279 143.56578800082207 53.834383919835091 93.311741277575493 92.782992705702782 20.94031248986721 18.697485357522964
leaf_count=1560 304 596 569 1049 226 1898 1303 950 751 3350 763 134 241 114 846 98 859 78 296 458 152 147 270 710 595 220 384 386 85 77
internal_value=0.000181846 -0.0038101 -0.00788742 -0.0126018 0.017462 -2.54556e-05 -0.0161304 0.0216396 0.000332093 -0.0191951 -0.0112804 0.0144924 0.00945629 0.00267295 0.0206426 0.000327756 0.015037 0.00374444 0.00773228 0.0115211 -0.00657873 -0.0135491 0.0063028 -0.00632522 -0.00383859 -0.00768436 -0.00122022 -0.00689694 -0.0210761 -0.0207624
internal_weight=4403.21 3713.23 3116.51 1947.87 596.727 1168.64 1530.17 689.977 417.694 1216.71 463.028 409.915 237.945 181.234 541.515 212.33 366.443 218.184 523.616 152.228 53.4395 65.9558 189.338 645.026 553.055 409.489 239.929 186.095 91.9712 46.1829
internal_count=19469 15990 13193 8315 2797 4878 6563 3479 1752 5260 1910 1919 1001 760 2571 861 1725 969 2194 688 230 281 866 2684 2295 1700 990 770 389 191
cat_boundaries=0 1 2
cat_threshold=10 10
is_linear=0
shrinkage=0.03


Tree=29
num_leaves=31
num_cat=2
split_feature=6 3 32 29 29 31 6 6 3 7 17 14 17 17 14 12 6 12 29 16 6 12 9 12 29 6 1 14 12 12
split_gain=432.816 283.174 131.687 64.7771 62.8014 58.3126 55.9975 48.2531 47.9158 45.2583 42.6219 42.2665 41.2797 33.4372 33.6758 30.7619 29.9285 34.69 29.6726 37.8971 29.6297 33.9779 28.228 26.2539 25.503 36.9359 62.2873 34.6833 29.9801 38.1935
threshold=-0.47246390581130976 1.0000000180025095e-35 0 86.164299011230483 75.77988433837892 1 -0.96645781397819508 -0.61626377701759327 26.515231132507328 -4.5858092308044425 -0.49491618573665613 -1.0349999666213987 -0.56213873624801625 -0.18673217296600339 -0.11999999731779097 0.056499999016523368 -0.85020262002944935 -0.25599999725818628 78.088207244873061 0.6538391411304475 -0.18987156450748441 -0.10600000247359274 -32.719305038452141 0.37450000643730169 78.088207244873061 -0.68784540891647328 64.440570831298842 -0.36500000953674311 0.43999999761581426 -0.34700000286102289
decision_type=2 2 1 2 2 1 2 2 2 2 2 2 2 2 2 2 2 2 2 2 2 2 2 2 2 2 2 2 2 2
left_child=1 9 4 7 13 -2 12 8 16 -1 20 -8 23 14 -3 -12 17 -4 19 -14 21 -7 -16 -6 28 26 27 -26 29 -13
right_child=5 2 3 -5 6 10 11 -9 -10 -11 15 24 18 -15 22 -17 -18 -19 -20 -21 -22 -23 -24 -25 25 -27 -28 -29 -30 -31
leaf_value=-0.00050479001320612605 0.030228796115834296 -0.014159068718972878 0.018468767622369323 -0.037524339315106216 -0.031207081027417722 -0.032292098152427222 -0.028127460481938302 0.007935377848634316 -0.019383479945312716 0.029341278829591269 0.0095696771678967073 -0.014741752045551693 -0.0086227491390148681 0.011435659183190927 -0.0093872097253089662 0.030502258358534245 0.015480847795059566 -0.020999297335486531 -0.02318118244765259 0.02094137844874084 0.02379198875048634 0.0051441451086197843 0.014140077380117936 0.0075259218728867079 -0.01597224847530325 0.024712523930986826 -0.017741612114573823 0.022781303728941264 -0.02191677412499593 0.0014519427518466601
leaf_weight=56.179867550730705 346.09697711467743 123.86752890050411 26.120911672711372 110.53373837471008 139.83292552828789 38.338464379310608 53.426652327179909 86.9867312759161 614.63092704117298 243.96003073453903 142.16492499411106 164.90559642016888 208.73789377510548 349.4073591530323 70.690353363752365 114.75703623890877 60.541350767016411 76.918219789862633 88.959815070033073 46.959744766354561 27.182612285017967 48.476370051503181 127.01856541633606 17.343375116586685 25.704004019498825 74.183680191636086 95.312628194689751 95.660551875829697 73.050095558166504 623.80306160449982
leaf_count=260 1827 523 107 500 602 159 223 365 2713 1225 688 697 862 1489 292 591 272 323 390 191 153 213 534 72 109 316 413 414 300 2594
internal_value=8.42328e-05 -0.00409819 -0.00659807 -0.0158125 -0.00273562 0.0213786 -0.00580152 -0.0131811 -0.0155487 0.0237716 0.0119282 -0.00229288 -0.0142124 0.00502445 -0.00195547 0.0190015 -0.00110964 -0.0109126 -0.00835957 -0.00313277 -0.00300257 -0.0115676 0.00572304 -0.0269126 -0.00107205 0.00659481 0.000306826 0.0145102 -0.00366441 -0.00194826
internal_weight=4371.75 3654.74 3354.6 975.732 2378.86 717.016 1707.88 865.198 778.211 300.14 370.919 1206.05 501.834 670.984 321.576 256.922 163.58 103.039 344.657 255.698 113.997 86.8148 197.709 157.176 1152.62 290.861 216.677 121.365 861.759 788.709
internal_count=19417 15786 14301 4280 10021 3631 7183 3780 3415 1485 1804 5066 2117 2838 1349 1279 702 430 1443 1053 525 372 826 674 4843 1252 936 523 3591 3291
cat_boundaries=0 1 2
cat_threshold=44 10
is_linear=0
shrinkage=0.03


Tree=30
num_leaves=31
num_cat=2
split_feature=6 3 29 29 6 31 32 2 28 12 17 6 8 17 14 12 12 10 10 14 10 12 12 12 12 14 14 2 3 10
split_gain=417.064 270.305 113.524 84.9693 75.6852 62.5802 61.8049 48.1641 47.3482 48.8514 48.8414 44.9376 41.9817 41.1643 36.6778 38.4901 35.626 31.8688 42.3605 50.9501 97.3096 37.4297 31.1419 30.8166 29.5501 39.4501 49.4605 36.5127 30.4268 27.9341
threshold=-0.47246390581130976 0.050898358225822456 75.77988433837892 86.164299011230483 -0.90877163410186756 0 1 186.20759582519534 20.863806724548343 -0.027500000782310959 1.6090713143348696 -0.18987156450748441 -10.485037803649901 -0.46075017750263209 -0.68500000238418568 0.43999999761581426 -0.060000000521540635 1.2450000047683718 0.2950000017881394 0.30500000715255743 0.16000000387430194 0.42849999666213995 -0.028500000014901158 -0.10600000247359274 -0.10600000247359274 0.39499999582767492 -0.3299999982118606 249.83755493164065 391.27612304687506 -0.32500000298023218
decision_type=2 2 2 2 2 1 1 2 2 2 2 2 2 2 2 2 2 2 2 2 2 2 2 2 2 2 2 2 2 2
left_child=1 12 22 4 8 -2 7 -6 9 -4 17 13 -1 23 -8 24 -9 18 19 29 -21 -22 -3 -7 25 26 -16 28 -26 -10
right_child=5 2 3 -5 6 11 14 16 10 -11 -12 -13 -14 -15 15 -17 -18 -19 -20 20 21 -23 -24 -25 27 -27 -28 -29 -30 -31
leaf_value=-0.011245707631451997 0.030257019296344095 -0.0020369001666607858 -0.015466473761582566 -0.035378420531839767 0.01937352953080259 -0.032615008949923384 -0.024162198905356643 0.010575149451227778 -0.01146407386063299 0.0042967612166102025 0.013653985067224615 0.026213657049289303 0.025177674791437725 0.013363748161699615 0.010407925192065303 -0.02355230094624677 -0.013499619280839065 0.023370971557297483 -0.031655129331913549 0.052771920123150289 0.0032254233076490731 -0.042698108847697001 0.010775606490208254 0.0029752425285226223 0.0027173271632844019 0.0080350118570124088 -0.021346022094418889 -0.012322697033693472 0.025694280148927707 -0.027390791950523741
leaf_weight=30.879051223397255 342.26043649017811 343.36606232821941 230.74344585835934 107.76636299490929 161.41956117749214 36.939688459038734 104.28202250599861 103.70631168782711 179.69689156115055 218.21707685291767 40.553398624062538 125.75762656331062 301.10431694984436 157.59713400900364 54.849594533443451 91.73093156516552 116.32465220987797 14.226807326078413 223.01217415928841 25.64874604344368 39.774220913648605 25.549973636865616 338.06586755812168 51.423188716173172 201.11696827411652 89.50942263007164 214.76940926909447 101.99873600900173 69.033010214567184 226.70288279652596
leaf_count=136 1833 1437 970 492 702 153 446 440 783 880 172 716 1507 731 235 383 487 59 989 110 170 113 1446 226 850 375 900 438 293 1015
internal_value=9.41271e-05 -0.00400492 -0.00658607 -0.00940257 -0.00828385 0.0210488 -0.00326449 0.00680363 -0.0136431 -0.00587236 -0.0181304 0.0113943 0.0217662 0.00420319 -0.00740253 -0.00534203 -0.00215605 -0.0199012 -0.020787 -0.0158602 0.00439462 -0.0151094 0.004326 -0.0121016 -0.00302871 -0.00915589 -0.0148716 0.0028928 0.00866187 -0.0203939
internal_weight=4368.03 3654.05 3322.06 2640.63 2532.87 713.978 1308.74 381.451 1224.13 448.961 775.165 371.718 331.983 245.96 927.29 823.008 220.031 734.612 720.385 497.373 90.9729 65.3242 681.432 88.3629 731.277 359.128 269.619 372.149 270.15 406.4
internal_count=19487 15828 14185 11302 10810 3659 5549 1629 5261 1850 3411 1826 1643 1110 3920 3474 927 3239 3180 2191 393 283 2883 379 3091 1510 1135 1581 1143 1798
cat_boundaries=0 1 2
cat_threshold=10 40
is_linear=0
shrinkage=0.03


Tree=31
num_leaves=31
num_cat=3
split_feature=5 5 29 5 29 31 32 10 31 10 16 14 10 14 10 12 14 5 14 14 3 17 5 16 29 16 16 14 10 7
split_gain=390.291 292.546 112.769 85.1846 64.2778 59.5693 55.1298 52.5779 41.7306 41.4542 40.4041 38.426 38.8182 69.8583 42.8297 54.1771 38.1427 35.0932 34.4191 50.5749 37.5926 32.9277 35.3447 34.9771 30.9726 30.6865 40.0517 28.6159 48.0166 27.2615
threshold=-0.88134551048278797 0.48901963233947759 75.77988433837892 -0.78753387928009022 86.164299011230483 0 1 0.37500000000000006 2 0.2650000005960465 0.037843300029635436 -1.0349999666213987 -0.32500000298023218 0.16499999910593036 0.2650000005960465 0.42849999666213995 0.39499999582767492 0.63088810443878185 0.78000000119209301 1.1899999976158144 175.66519927978518 0.30629649758338934 -0.98097097873687733 -0.76423409581184376 86.164299011230483 0.30150692164897924 -0.28875534236431116 -0.11999999731779097 -0.24499999731779096 -42.172414779663079
decision_type=2 2 2 2 2 1 1 2 1 2 2 2 2 2 2 2 2 2 2 2 2 2 2 2 2 2 2 2 2 2
left_child=5 2 10 8 7 -1 11 9 25 17 27 -5 -13 29 15 16 -15 -3 20 -20 -16 22 -7 -24 -8 26 -4 28 -2 -14
right_child=1 4 3 6 -6 21 24 -9 -10 -11 -12 12 13 14 18 -17 -18 -19 19 -21 -22 -23 23 -25 -26 -27 -28 -29 -30 -31
leaf_value=0.029488889606177588 -0.0011044974549166003 0.0058264202506594269 0.025644063215697545 -0.035159919871100946 -0.034051557566838281 0.022542352078769728 -0.017115851999432538 0.031298200096150759 -0.008318537899658765 -0.016781227830770674 0.01279937907711793 0.0018278387851764324 0.011990319124567448 0.0065393282831919478 -0.025395925013871352 -0.016415122989835759 0.039854208822744285 0.024847806285481337 0.017978362387577169 -0.017165878328951376 -0.0031983900970038118 0.025277790451402896 -0.028362515055925255 0.0046970056450267922 -0.037080043669539021 0.034489748166345091 -0.011770458336220693 0.0041625558359727512 -0.037837643337380246 -0.021694566198749338
leaf_weight=339.10859382152557 99.713481262326241 187.79086865484715 48.642649874091148 46.934999570250511 21.751041740179062 76.073084458708763 699.39285717904568 171.70919115841389 110.19001725316048 41.242681324481964 258.93444584310055 294.33685927093029 22.242693468928337 95.494318753480911 156.06041695177555 59.934300094842911 45.112297654151917 163.44925278425217 81.217839673161507 65.803481221199036 122.58166132867336 106.23402634263039 34.640597805380821 149.19244106113911 77.833987206220627 52.251141756772995 52.623582541942596 220.28073045611382 46.225295394659042 400.7057691514492
leaf_count=1840 417 838 206 200 90 439 3093 848 462 186 1100 1213 93 401 655 248 186 833 336 270 504 562 150 662 374 237 215 913 201 1711
internal_value=7.32712e-05 -0.00388322 -0.00760631 -0.0105274 0.0155178 0.0204842 -0.0124855 0.0174857 0.00555466 0.0113786 0.00375301 -0.00868097 -0.00779503 -0.0104939 -0.0041199 0.00728653 0.0174341 0.0147234 -0.00949825 0.00223888 -0.015677 0.0109844 0.00548859 -0.00165231 -0.0189171 0.0150652 0.00627641 -0.00266064 -0.0129178 -0.019899
internal_weight=4347.7 3642.46 3056.51 2431.36 585.943 705.249 2167.65 564.192 263.707 392.483 625.154 1390.42 1343.49 1049.15 626.204 200.541 140.607 351.24 425.663 147.021 278.642 366.14 259.906 183.833 777.227 153.517 101.266 366.22 145.939 422.948
internal_count=19483 15830 13035 10404 2795 3653 9284 2705 1120 1857 2631 5817 5617 4404 2600 835 587 1671 1765 606 1159 1813 1251 812 3467 658 421 1531 618 1804
cat_boundaries=0 1 2 3
cat_threshold=10 44 10
is_linear=0
shrinkage=0.03


Tree=32
num_leaves=31
num_cat=1
split_feature=3 3 32 29 12 14 10 10 12 17 29 2 10 14 14 3 12 8 1 9 12 9 17 10 3 9 28 12 12 12
split_gain=176.897 111.097 105.143 89.6964 63.857 60.1187 105.759 61.1047 73.9717 58.6651 58.0791 56.971 49.4578 40.6913 43.8629 39.3182 37.0267 36.8608 36.0015 36.7491 35.7826 35.8098 34.405 40.4781 32.7498 29.5418 28.8137 27.2695 24.0853 23.1253
threshold=1.0000000180025095e-35 575.50405883789074 0 86.164299011230483 0.028500000014901165 0.20499999821186068 0.2650000005960465 -0.35500000417232508 -0.71900001168251026 0.60379037261009227 76.151096343994155 364.41322326660162 -0.39499999582767481 -0.11999999731779097 0.074999999254941954 1005.6416320800782 0.40150000154972082 -9.4519371986389142 31.815537452697757 -4.9689743518829337 -0.00450000021373853 -52.17344665527343 -0.16163000464439389 1.1200000047683718 364.45019531250006 -90.65679550170897 18.767070770263675 0.13350000232458117 -0.26350000500679011 0.1095000021159649
decision_type=2 2 1 2 2 2 2 2 2 2 2 2 2 2 2 2 2 2 2 2 2 2 2 2 2 2 2 2 2 2
left_child=17 2 4 11 5 7 -7 20 -9 18 22 12 -3 -10 -15 -13 -11 -1 19 24 21 -2 25 -24 28 -6 -8 -21 -4 -12
right_child=1 3 9 -5 10 6 26 8 13 16 29 15 -14 14 -16 -17 -18 -19 -20 27 -22 -23 23 -25 -26 -27 -28 -29 -30 -31
leaf_value=-0.0083189591498411958 -0.025961198051601169 0.0011874230504402966 0.0007930694446465986 -0.024215186502381202 -0.027177442346489535 0.030470594825207437 -0.014416732040505946 0.033525029928688721 -0.028433463655052435 0.0046839588035193502 0.011612581743014648 -0.009322230238216286 0.021944158356262133 -0.001410126591692562 -0.026128151855990701 0.019067065438244751 -0.036489183759105842 0.026041109091572836 -0.019701541003994863 0.020054215054387252 -0.025318666071252369 0.014642437643947608 0.03015826598854034 -0.015803175317817303 0.013951813995008422 0.010700947518962658 0.0032844459699972145 -0.013702155957163887 -0.02476299151765745 -0.0029124968621464047
leaf_weight=30.927251592278481 21.584893852472305 139.58590167760849 43.498414322733879 68.896308377385139 20.249757990241051 102.71653193235397 141.61976999044418 25.186627253890038 205.18476115167141 233.00426454842091 124.22009909152985 159.69581188261509 397.8912762850523 171.60774773359299 102.7482523471117 59.418351292610168 20.461407124996185 266.69896280765533 559.36670097708702 62.434609711170197 30.864661484956741 147.36310061812401 153.82538275420666 18.783358186483383 31.879867374897003 145.33672340214252 196.50983661413193 31.759510859847069 138.22917598485947 463.90539163351059
leaf_count=139 93 683 185 325 85 433 597 117 906 1023 536 710 2012 744 444 289 92 1377 2497 274 132 624 706 82 147 622 848 135 595 1989
internal_value=0.000177976 -0.00147738 -0.0040143 0.00832641 1.8513e-05 -0.0047162 0.00396723 -0.0101475 -0.0156978 -0.011362 0.00587191 0.0113177 0.0165657 -0.0183474 -0.0107285 -0.00157211 0.00122986 0.0224547 -0.0151705 -0.00689909 0.00388071 0.00933266 0.015758 0.0250945 -0.0137633 0.00593342 -0.00415004 0.00864817 -0.018675 0.000169901
internal_weight=4315.45 4017.83 3192.34 825.488 2071.71 1145.39 440.846 704.54 504.727 1120.63 926.321 756.591 537.477 479.541 274.356 219.114 253.466 297.626 867.168 307.802 199.813 168.948 338.195 172.609 213.607 165.586 338.13 94.1941 181.728 588.125
internal_count=19441 17925 13906 4019 8958 4938 1878 3060 2211 4948 4020 3694 2695 2094 1188 999 1115 1516 3833 1336 849 717 1495 788 927 707 1445 409 780 2525
cat_boundaries=0 1
cat_threshold=36
is_linear=0
shrinkage=0.03


Tree=33
num_leaves=31
num_cat=1
split_feature=5 5 29 31 29 29 16 10 5 14 5 5 10 14 10 16 4 17 4 14 10 28 5 18 14 10 9 14 17 17
split_gain=340.185 272.532 130.405 73.1704 58.7522 58.2744 50.3173 46.6237 46.0548 40.7523 43.7281 40.6381 41.9215 52.7677 93.8046 40.2269 36.8419 47.8936 35.412 33.6364 32.2021 37.6217 29.5181 28.6369 28.3667 68.1559 31.3896 44.8399 30.4758 27.5549
threshold=-0.85957497358322132 0.48901963233947759 76.34873199462892 0 86.164299011230483 86.164299011230483 -0.058773901313543313 0.37500000000000006 -0.97269129753112782 -1.0349999666213987 -0.75976759195327748 0.25061884522438055 0.35999999940395361 0.30500000715255743 0.16000000387430194 0.060905499383807189 223.50000000000003 -1.4190942645072935 39.500000000000007 0.49499998986721044 -0.32500000298023218 18.543931961059574 0.63088810443878185 1.7047763466835024 -0.11999999731779097 -0.26999999582767481 -27.626015663146969 -1.0000000180025095e-35 0.029705954715609554 -0.40205584466457361
decision_type=2 2 2 1 2 2 2 2 2 2 2 2 2 2 2 2 8 2 10 2 2 2 2 2 2 2 2 2 2 2
left_child=3 2 6 -1 7 9 24 16 -5 -4 -11 12 13 20 -15 29 17 -3 -19 -16 21 -12 -18 -8 25 28 -26 -28 -2 -10
right_child=1 4 5 8 -6 -7 23 -9 15 10 11 -13 -14 14 19 -17 22 18 -20 -21 -22 -23 -24 -25 26 -27 27 -29 -30 -31
leaf_value=0.027101604996029191 -0.0099929769732130455 -0.025500669488532225 -0.035367913920868868 0.023135988281932994 -0.033233921765825958 -0.036113095519842334 0.0051362438527365207 0.030059515197840041 -0.022898278179484526 0.0036415982458482665 0.015169171531049129 -0.0020470606228450393 -0.024301722558230605 0.050280390182897837 -0.01410589938027737 0.013909587471075688 -0.013343899931915162 0.0032562488063903224 0.028295593376956255 0.01583182850105444 -0.019575116376836638 -0.012681888810487676 0.016883474992576801 0.026701512025963992 -0.010528353369212802 -0.035119985647665532 0.036112570246067156 0.0010672938921300857 0.018441997191523365 0.0024322375323061638
leaf_weight=389.44704246520996 112.49721165001392 20.737883597612381 59.168180853128433 134.82920548319817 20.928721278905869 87.127862602472305 425.3835875838995 169.17525699734688 66.175738140940666 182.6948946416378 56.626021176576614 302.32824604213238 289.38981029391289 30.094356447458267 128.04237596690655 135.42813301086426 78.808914870023727 71.684783771634102 176.16948036849499 44.832614094018936 470.58958055078983 179.78167970478535 44.754035741090775 62.877984389662743 144.26415632665157 81.247675508260727 39.128618389368057 181.73459976911545 47.389898106455803 90.618804410099983
leaf_count=2092 468 94 260 788 87 424 1781 852 273 767 230 1259 1265 128 553 628 352 308 885 190 2082 790 236 273 600 359 160 756 198 393
internal_value=0.000403847 -0.00365715 -0.00738862 0.0178319 0.0150698 -0.0122842 0.000803387 0.0169267 0.00850318 -0.0110734 -0.0101995 -0.0118848 -0.0143608 -0.0111762 0.00229834 0.00198583 0.0111991 0.0174169 0.0210959 -0.00629558 -0.0150423 -0.00597501 -0.00234801 0.0079623 -0.00496576 -0.0129279 0.000313516 0.00741078 -0.00150272 -0.00833597
internal_weight=4323.96 3507.46 2925.2 816.499 582.259 1830.68 1094.52 561.33 427.052 1743.55 1684.38 1501.68 1199.36 909.967 202.969 292.223 392.155 268.592 247.854 172.875 706.997 236.408 123.563 488.262 606.262 241.135 365.127 220.863 159.887 156.795
internal_count=19531 15357 12543 4174 2814 7948 4595 2727 2082 7524 7264 6497 5238 3973 871 1294 1875 1287 1193 743 3102 1020 588 2054 2541 1025 1516 916 666 666
cat_boundaries=0 1
cat_threshold=10
is_linear=0
shrinkage=0.03


Tree=34
num_leaves=31
num_cat=2
split_feature=5 5 32 2 16 31 12 29 5 12 12 12 12 6 17 12 5 14 17 10 28 14 28 5 10 17 6 28 6 8
split_gain=340.348 254.53 123.986 62.4334 61.692 54.1775 45.9413 45.9306 52.747 43.6546 50.4968 40.5764 41.0221 39.1991 37.2031 34.699 38.5511 45.2046 33.554 31.1742 41.748 30.7263 29.8587 28.9045 45.225 35.0199 34.883 39.9642 28.8242 38.9482
threshold=-0.88134551048278797 0.48901963233947759 0 6.6270833015441903 0.15175064653158191 1 -0.37100000679492945 86.164299011230483 -0.78753387928009022 0.13350000232458117 -0.23350000381469724 -0.17849999666213986 -0.02450000029057264 -0.92772412300109852 -0.49491618573665613 -0.17249999940395352 0.16665012389421466 0.39499999582767492 0.4625417441129685 0.11499999836087228 20.863806724548343 1.1899999976158144 18.917017936706547 -0.60434082150459278 -0.62499999999999989 -0.86578047275543202 -0.97789707779884327 24.994574546813968 -0.98471984267234791 -32.991369247436516
decision_type=2 2 1 2 2 1 2 2 2 2 2 2 2 2 2 2 2 2 2 2 2 2 2 2 2 2 2 2 2 2
left_child=5 2 4 -3 6 -1 19 8 -4 10 -5 28 13 18 -7 16 17 -10 -13 -2 -21 23 -15 24 -6 -25 27 -27 -8 -30
right_child=1 3 7 9 21 14 11 -9 15 -11 -12 12 -14 22 -16 -17 -18 -19 -20 20 -22 -23 -24 25 -26 26 -28 -29 29 -31
leaf_value=0.028162531868065287 -0.030441495627942298 0.023094293683846835 0.0073466262750171672 -0.016278809867390005 -0.030498050255775604 -0.0035250839347032051 -0.014870217785957433 -0.036778444807160519 -0.02403225357818542 -0.01828327412743657 0.019510287268051381 -0.033888607423560105 -0.0034761974699043141 -0.021750552196399677 0.01712576465409205 -0.021909985805240138 0.012753997202455044 0.010926760974279158 0.00089682669937910073 0.0087589912493544024 -0.031398566644478321 -0.023433306360947308 0.0090475622514610485 0.023950473889521075 0.019835935963513279 0.023493262534517372 -0.0050795844262924422 -0.02444595073893369 -0.0052649450348621254 0.020963358748031471
leaf_weight=326.90904812514782 113.93246699869633 330.69150526821613 88.647268429398537 46.654185861349106 16.857689306139946 114.35101391375065 48.54833160340786 91.73865681886673 126.17382390797138 62.639696195721626 139.22663940489292 126.25356264412403 634.38560265302658 48.013597026467323 247.45340274274349 461.39555720984936 60.707382827997208 44.426092460751534 30.982494115829468 58.116368234157562 37.541703134775162 35.1507648229599 66.23242062330246 54.98201709985733 168.4739882349968 82.47042715549469 397.14843405783176 18.401489034295082 83.994951590895653 127.24313855171204
leaf_count=1835 506 1711 375 203 69 534 203 448 569 279 628 567 2638 199 1270 2089 254 189 129 241 166 147 275 229 751 344 1660 81 345 526
internal_value=7.06321e-05 -0.00362619 -0.00711865 0.0145753 -0.00317736 0.0193772 -0.00700255 -0.0165777 -0.0143738 0.00319239 0.0104885 -0.00466818 -0.00766404 -0.0174013 0.0103227 -0.0171601 -0.00763169 -0.0149179 -0.027072 -0.0199015 -0.00716292 0.00358301 -0.00397223 0.00489917 0.0151185 0.00145319 -0.00107355 0.0145939 0.00576763 0.0105585
internal_weight=4289.74 3601.03 3021.82 579.212 2148.73 688.713 1375.24 873.089 781.35 248.521 185.881 1165.65 905.868 271.482 361.804 692.703 231.307 170.6 157.236 209.591 95.6581 773.485 114.246 738.334 185.332 553.002 498.02 100.872 259.786 211.238
internal_count=19460 15821 13000 2821 9076 3639 5795 3924 3476 1110 831 4882 3808 1170 1804 3101 1012 758 696 913 407 3281 474 3134 820 2314 2085 425 1074 871
cat_boundaries=0 1 2
cat_threshold=44 10
is_linear=0
shrinkage=0.03


Tree=35
num_leaves=31
num_cat=2
split_feature=6 2 29 7 6 17 31 29 6 32 12 6 14 14 18 28 12 10 6 17 12 14 10 9 10 14 10 28 12 12
split_gain=325.02 194.88 111.321 110.47 75.4077 55.8057 55.644 43.9481 33.3231 32.8673 32.3845 31.4044 34.8877 30.1532 29.5226 29.4737 49.2298 41.7448 37.558 27.8947 30.7252 27.4139 70.9887 28.1838 27.6912 25.5715 38.984 24.0773 28.0581 45.0559
threshold=-0.47246390581130976 14.753347396850588 76.34873199462892 -5.0161798000335684 -0.61626377701759327 0.38102295994758612 0 86.164299011230483 -0.23208956420421598 1 0.37450000643730169 -0.86977231502532948 -0.37499999999999994 -1.0349999666213987 0.4964651763439179 18.543931961059574 0.024500000290572647 -0.35500000417232508 -0.79671859741210926 0.64729160070419323 -0.46099999547004694 -0.15999999642372129 -0.26999999582767481 -48.04496765136718 0.080000001937150969 0.12999999895691874 0.2650000005960465 20.863806724548343 0.024500000290572647 -0.17849999666213986
decision_type=2 2 2 2 2 2 1 2 2 1 2 2 2 2 2 2 2 2 2 2 2 2 2 2 2 2 2 2 2 2
left_child=1 3 5 -1 7 21 -2 13 19 14 -7 -5 -13 -4 -6 16 17 -15 -17 20 -8 22 -3 -23 -25 -19 -27 28 29 -26
right_child=6 2 4 11 9 10 8 -9 -10 -11 -12 12 -14 15 -16 18 -18 25 -20 -21 -22 23 -24 24 27 26 -28 -29 -30 -31
leaf_value=-0.0057387402636156805 0.028113035938877037 -0.0010073274434133496 -0.034785979513218837 0.0052855583187782045 -0.01876938840079475 0.013971441009024189 -0.03883283343737777 -0.032907503450927966 0.022259220468003729 -0.0059506916267202054 -0.017546346959970753 0.0056022296859656153 0.028621264920189751 0.016824445861236846 0.026141819688244743 -0.016996606362737348 0.0070646143037838369 -0.032693550508851511 -0.0033996816713167412 0.029200352862682036 0.0028179352780656544 -0.010764695762799967 -0.032519828239728106 0.019613720990502816 0.011746516174968389 0.015680986415775928 -0.02370365738115723 -0.014796203282380708 0.023624205908290695 -0.029766204797934424
leaf_weight=243.36927296221256 317.67594784498215 204.71810482442379 51.374678164720535 111.39104869961739 14.922027155756949 299.13594429194927 16.441902101039886 99.334341496229172 131.84130305051804 105.03190533816814 31.666407346725464 76.303917557001114 273.29641759395599 31.873648673295975 81.713151261210442 853.98921151459217 179.2681597918272 78.745334431529045 233.30924697220325 31.462088748812675 184.17247587442398 131.83996713161469 92.869452610611916 90.499087497591972 65.961273014545441 34.49624128639698 61.796987786889076 67.654773488640785 54.63145124912262 35.290531754493713
leaf_count=1059 1811 857 230 458 61 1277 69 484 787 441 136 381 1447 130 361 3842 729 344 978 160 815 549 414 377 271 146 259 284 237 146
internal_value=4.73384e-05 -0.0035464 -0.00698417 0.0105981 -0.0114906 0.000678637 0.0190295 -0.0136382 0.0100004 0.0057876 0.0109106 0.0192164 0.0236274 -0.0123622 0.0173124 -0.0115573 -0.00442289 -0.0143617 -0.0140848 0.0033997 -0.000771346 -0.00388257 -0.0109175 0.000826636 0.00571167 -0.0201039 -0.00957828 2.11508e-05 0.00650534 -0.00287202
internal_weight=4286.08 3604.48 2900.12 704.361 1825.85 1074.27 681.594 1624.19 363.918 201.667 330.802 460.991 349.6 1524.85 96.6352 1473.48 386.18 206.912 1087.3 232.076 200.614 743.465 297.588 445.877 314.037 175.039 96.2932 223.538 155.883 101.252
internal_count=19540 15898 12553 3345 8005 4548 3642 7142 1831 863 1413 2286 1828 6658 422 6428 1608 879 4820 1044 884 3135 1271 1864 1315 749 405 938 654 417
cat_boundaries=0 1 2
cat_threshold=10 48
is_linear=0
shrinkage=0.03


Tree=36
num_leaves=31
num_cat=2
split_feature=5 5 32 16 10 2 31 29 12 12 9 12 5 5 17 5 16 14 29 17 29 10 12 17 10 10 12 29 4 10
split_gain=306.655 221.627 107.051 72.3594 58.9184 56.1436 53.4155 48.4708 39.0722 62.3915 46.1949 40.9875 38.1951 38.1614 35.9195 41.6854 37.1517 31.4728 30.9062 30.6627 30.5014 28.6754 27.8505 27.1204 26.6055 25.8555 27.997 24.3911 24.3052 32.0323
threshold=-0.88134551048278797 0.52643132209777843 0 0.24321942031383517 0.37500000000000006 7.8629119396209726 1 86.164299011230483 -0.37100000679492945 -0.17849999666213986 -26.89638519287109 -0.095499999821186052 -0.60434082150459278 -0.78753387928009022 0.30629649758338934 -0.98097097873687733 -0.76423409581184376 0.20499999821186068 75.77988433837892 1.7491797804832461 86.164299011230483 0.22500000149011615 0.52799999713897716 -1.4190942645072935 0.49500000476837164 0.27500000596046453 -0.39300000667572016 75.522090911865249 226.50000000000003 -0.43500000238418574
decision_type=2 2 1 2 2 2 1 2 2 2 2 2 2 2 2 2 2 2 2 2 2 2 2 2 2 2 2 2 8 2
left_child=6 2 3 8 5 23 -1 13 17 10 -10 -11 -5 -4 15 -8 -17 -2 -14 27 21 -7 -15 -3 25 26 -18 -13 -25 -30
right_child=1 4 7 12 -6 20 14 -9 9 11 -12 19 18 22 -16 16 24 -19 -20 -21 -22 -23 -24 28 -26 -27 -28 -29 29 -31
leaf_value=0.027921319773667724 -0.025632412992456069 -0.010962942630017975 0.0056469422219057631 0.0169656798721067 0.030092935253407147 0.0053326653115308969 0.023705585282196618 -0.036404516701241819 -0.0074497594687573682 -0.022702858007294328 0.017912533366422876 0.0064245711078561177 0.012357809375053539 -0.01387871374200193 0.025524545990764948 -0.029808978932105153 -0.026830403599727194 -0.00023512716961578584 -0.0034722080820081907 0.026122116055492042 -0.044804052321328183 -0.029909240733611609 -0.041929965995727105 0.028396794564588823 0.031044726099968802 -0.029015946654636172 0.012275357351242511 -0.0086746643644808955 0.032010000310256172 -0.013136170082524724
leaf_weight=309.41114990413189 152.96068838238716 25.514204934239388 88.086564242839813 179.78231710195541 156.57963615655899 109.4605764746666 71.334840267896652 87.338647693395615 104.40866084396839 145.97466519474983 166.77723480761051 111.41925770044327 154.26265674829483 670.70225785672665 99.030772373080254 36.52350164949894 19.556603640317917 61.463942974805832 388.42320777475834 25.770019099116325 15.279376477003096 24.596182346343994 32.765421107411385 136.92950959503651 25.178504437208176 24.779661551117897 82.366603046655655 679.14446334540844 22.592595428228378 34.395667642354965
leaf_count=1794 685 119 374 802 816 485 432 438 432 642 693 472 659 3028 544 157 84 256 1617 108 64 103 150 737 116 109 370 2842 122 173
internal_value=0.000238247 -0.00325011 -0.00635142 -0.00271507 0.0147288 0.00814138 0.0188771 -0.0151153 -0.00659544 -0.00453237 0.00815636 -0.00811291 0.00502253 -0.012914 0.00996818 0.00434417 -0.003073 -0.0183873 0.00104205 -0.00547939 -0.0060258 -0.00130695 -0.0152429 0.0177666 0.00350923 -0.0021629 0.00458413 -0.0065412 0.0215834 0.00500507
internal_weight=4242.81 3574.63 3049.28 2170.39 525.348 368.768 668.182 878.893 1447.92 1233.49 271.186 962.308 722.468 791.554 358.77 259.74 188.405 214.425 542.686 816.334 149.336 134.057 703.468 219.432 151.881 126.703 101.923 790.564 193.918 56.9883
internal_count=19423 15817 13198 9208 2619 1803 3606 3990 6130 5189 1125 4064 3078 3552 1812 1268 836 941 2276 3422 652 588 3178 1151 679 563 454 3314 1032 295
cat_boundaries=0 1 2
cat_threshold=44 10
is_linear=0
shrinkage=0.03


Tree=37
num_leaves=31
num_cat=0
split_feature=3 29 3 14 16 29 3 14 17 10 14 14 12 7 9 14 10 10 29 14 14 14 14 28 0 14 14 10 12 10
split_gain=143.64 104.494 120.131 101.402 88.4258 76.2056 81.3967 45.6716 44.4054 43.67 49.3083 41.6775 40.8427 37.8498 34.389 31.479 89.7367 34.7709 30.9403 30.861 30.5122 58.9934 31.2748 28.9413 25.1542 24.6074 23.7814 32.6748 35.7026 28.9664
threshold=1.0000000180025095e-35 86.164299011230483 350.07836914062506 0.47499999403953558 0.24321942031383517 75.77988433837892 25.147087097167972 0.35999999940395361 0.66239419579505932 0.35999999940395361 1.0249999761581423 1.1899999976158144 -0.028500000014901158 -4.5858092308044425 -2.9940690994262691 0.30500000715255743 0.16000000387430194 -0.32500000298023218 81.26676177978517 0.16499999910593036 -1.314999997615814 -0.6599999964237212 -0.59499999880790699 24.994574546813968 3.1408208608627324 -0.36500000953674311 -0.11999999731779097 0.2650000005960465 -0.17849999666213986 -0.24499999731779096
decision_type=2 2 2 2 2 2 2 2 2 2 2 2 2 2 2 2 2 2 2 2 2 2 2 2 2 2 2 2 2 2
left_child=13 2 5 4 8 12 14 18 20 15 -11 -12 26 -1 -7 17 -17 -8 -6 -10 -4 23 -23 -22 -15 -16 29 -28 -29 -2
right_child=1 -3 3 -5 7 6 9 -9 19 10 11 -13 -14 24 25 16 -18 -19 -20 -21 21 22 -24 -25 -26 -27 27 28 -30 -31
leaf_value=-0.0019145455454287787 -0.0020779356615769065 -0.027833088101567528 0.025734342599288858 0.02099100348211376 0.017536106939885304 -0.0029419672770198734 -0.0040873732426001093 -0.02853310025001226 0.027084790471522215 -0.031539837362234514 0.0262487048413678 -0.016689393095816636 0.012439841219255534 0.029873292879558096 -0.007453874591111161 0.041108539104446111 -0.0077691729470849482 -0.017830611227204345 -0.0062490958805010788 -0.016435003380952405 -0.032081930696358521 0.026908311680930004 -0.004928474842679457 0.0017379509350491007 -0.00089707961254989704 0.020937898533783084 0.015191947250057607 0.0057688524777555318 -0.032527171709643241 -0.035932264809088392
leaf_weight=52.88744167983532 56.318261384963989 128.01412428915501 24.494848623871803 321.77423161268234 388.84659598767757 337.17639611661434 282.08870773017406 22.402920052409172 61.463946759700775 185.07064245641232 26.361566483974457 78.60929998755455 294.91447551548481 200.08342139422894 35.415173679590225 39.619090288877487 200.54366081953049 403.09466338157654 55.823131397366524 18.421431437134743 109.57973963022232 28.390230014920235 506.12514406442642 28.553746595978737 27.072143390774727 115.16933590173721 91.997571170330048 52.096479937434196 36.505438134074211 37.308394283056259
leaf_count=253 238 636 123 1600 1933 1461 1212 98 309 828 111 336 1296 1115 151 168 860 1799 273 79 499 137 2326 132 131 524 386 218 150 170
internal_value=0.000191636 -0.00127666 -0.000383908 0.00600741 0.0021183 -0.00478898 -0.00796377 0.0124202 -0.00408216 -0.0121157 -0.0222616 -0.00576031 0.00470882 0.0209173 0.00238563 -0.008915 0.000431094 -0.0121867 0.0145428 0.0169701 -0.00651537 -0.00772622 -0.00319041 -0.0251287 0.0262183 0.0142555 -0.00362043 0.00274876 -0.0101967 -0.0158054
internal_weight=4246.22 3966.18 3838.17 1565.88 1244.1 2272.29 1703.15 467.073 777.029 1215.39 290.042 104.971 569.141 280.043 487.761 925.346 240.163 685.183 444.67 79.8854 697.144 672.649 534.515 138.133 227.156 150.585 274.226 180.599 88.6019 93.6267
internal_count=19552 18053 17417 7509 5909 9908 7450 2304 3605 5314 1275 447 2458 1499 2136 4039 1028 3011 2206 388 3217 3094 2463 631 1246 675 1162 754 368 408
is_linear=0
shrinkage=0.03


Tree=38
num_leaves=31
num_cat=2
split_feature=5 5 29 5 31 5 2 12 17 17 12 10 29 32 18 28 12 7 8 17 5 12 12 12 16 6 5 12 10 12
split_gain=285.155 230.235 94.856 64.195 51.6348 49.1106 48.3557 45.3062 40.0335 39.0595 38.1678 37.6736 34.9507 33.2413 37.7966 32.4016 33.9872 36.5007 30.727 26.5694 30.4013 25.108 24.8153 23.6172 23.5571 23.4987 26.5502 24.6772 22.696 22.3788
threshold=-0.90013122558593739 0.48901963233947759 76.34873199462892 -0.78753387928009022 0 0.25061884522438055 6.1409459114074716 0.13350000232458117 0.21617750078439715 -0.22853047400712964 -0.23350000381469724 -0.37499999999999994 83.357944488525405 1 0.4964651763439179 20.863806724548343 0.024500000290572647 -28.372161865234371 -8.3676824569702131 -0.46075017750263209 -0.96105405688285817 -0.069500001147389398 0.13799999654293063 0.37450000643730169 -0.43948000669479365 -0.97789707779884327 -0.60434082150459278 -0.38449999690055842 0.34499999880790716 -0.16650000214576718
decision_type=2 2 2 2 1 2 2 2 2 2 2 2 2 1 2 2 2 2 2 2 2 2 2 2 2 2 2 2 2 2
left_child=4 2 8 13 -1 9 -3 10 15 -5 -8 21 -11 14 -4 16 25 -18 -12 20 -13 -6 -19 -10 -23 27 -27 -2 -24 -7
right_child=1 6 3 5 11 29 7 -9 23 12 18 19 -14 -15 -16 -17 17 22 -20 -21 -22 24 28 -25 -26 26 -28 -29 -30 -31
leaf_value=0.027726731287481113 0.010043236822763138 0.022466092739713825 -0.023363543197311581 -0.020737957622198107 -0.032944582626420693 0.0092148784747119791 -0.011484722635542113 -0.016988442789729365 0.01033825567509244 -0.0078189514385328153 -0.010550729814987732 0.021824564450517944 -0.025964247551129114 -0.0059918956987807335 0.02576298965803233 -0.01187373550646656 -0.019774341057073666 0.02905806621525123 0.026788463516674573 0.021561220058861432 -0.014490791428248214 -0.013757691840155592 -0.002826680967082149 -0.01578257562446703 0.027978691100619513 -0.017366251365728492 0.0062678406717519971 -0.033071239265990912 0.024358203201361641 -0.0075765178201462353
leaf_weight=297.14788518846035 15.465097576379774 312.16259834170341 16.014067247509956 588.36269553005695 24.838458687067032 108.8082475066185 44.843641623854637 63.53487691283226 366.67645847797394 662.07274354994297 23.522663846611977 35.25295689702034 111.0719426125288 121.94297607243061 85.821198388934135 270.95372506976128 31.489350855350494 68.007141008973122 111.27801418304443 181.39880807697773 47.510788783431053 28.32374618947506 80.561793237924576 33.152235180139542 19.829686775803566 61.447936847805977 134.84780140221119 46.258292034268379 40.936131879687309 203.49579600989819
leaf_count=1773 67 1678 66 2676 118 456 198 284 1565 2890 103 198 533 515 388 1149 129 291 518 984 199 142 339 143 99 263 567 200 175 865
internal_value=0.000188659 -0.00307834 -0.00631653 -0.0104348 0.0187203 -0.0124516 0.0146703 0.00461208 0.000483294 -0.0149112 0.0123033 0.00961961 -0.0104559 0.00463872 0.0163004 -0.00360329 0.00108988 0.00970159 0.0202431 0.0151642 0.0010535 -0.00908041 0.0146776 0.00813845 0.00364899 -0.00629506 -0.00118104 -0.0222808 0.00645676 -0.00171557
internal_weight=4237.03 3602.73 3047.39 1897.59 634.302 1673.81 555.342 243.179 1149.8 1361.51 179.644 337.154 773.145 223.778 101.835 749.967 479.014 220.994 134.801 264.163 82.7637 72.9919 189.505 399.829 48.1534 258.019 196.296 61.7234 121.498 312.304
internal_count=19571 16058 13277 8389 3513 7420 2781 1103 4888 6099 819 1740 3423 969 454 3180 2031 934 621 1381 397 359 805 1708 241 1097 830 267 514 1321
cat_boundaries=0 1 2
cat_threshold=10 48
is_linear=0
shrinkage=0.03


Tree=39
num_leaves=31
num_cat=0
split_feature=5 5 29 16 5 2 6 12 28 12 28 14 10 10 12 10 10 12 10 14 10 12 10 16 12 14 14 17 5 17
split_gain=281.03 198.051 78.5241 79.3866 66.4967 51.8458 48.247 47.8351 42.5722 40.1753 58.2429 36.6374 34.482 37.3529 33.566 33.3674 44.8935 42.1821 32.4673 30.794 43.358 30.4012 30.2776 27.2674 26.1168 25.7407 25.6949 25.5422 25.2715 24.8458
threshold=-0.93404099345207203 0.48901963233947759 86.164299011230483 0.24321942031383517 -0.60434082150459278 6.1409459114074716 -0.9563411772251128 0.13350000232458117 20.863806724548343 0.024500000290572647 20.863806724548343 -0.6599999964237212 -0.42000000178813929 0.31000000238418585 -0.46099999547004694 -0.094999998807907091 -0.32500000298023218 0.42849999666213995 -0.35500000417232508 0.30500000715255743 0.2650000005960465 -0.23350000381469724 -0.37499999999999994 -0.51159128546714772 -0.027500000782310959 0.39499999582767492 -0.20499999821186063 -0.91470986604690541 -0.98097097873687733 0.4625417441129685
decision_type=2 2 2 2 2 2 2 2 2 2 2 2 2 2 2 2 2 2 2 2 2 2 2 2 2 2 2 2 2 2
left_child=22 2 3 6 27 -3 9 21 18 29 23 -8 -10 15 26 16 -14 25 -6 -20 -21 -7 28 -11 -22 -17 -13 -5 -1 -2
right_child=1 5 -4 4 8 7 11 -9 12 10 -12 14 13 -15 -16 17 -18 -19 19 20 24 -23 -24 -25 -26 -27 -28 -29 -30 -31
leaf_value=0.024106425262205501 -0.026413564848366766 0.021541556089153681 -0.032945424776137329 -0.0095377087823625278 0.02382097084684217 -0.010317235046998049 -0.018401900037560447 -0.019625939127184879 -0.032543203828047942 -0.0043846889553283983 -0.01937888155923621 -0.038570090031815205 0.014626528229249253 -0.018836255716897895 -0.0020778731853843021 0.007669972316277248 -0.029069661979831921 -0.035014428537041502 -0.011192245562084268 0.037332445961826582 -0.016560105571961796 0.017688731701330607 0.02548328832279877 0.022532833424200219 0.011905025767410406 0.039344200593935175 -0.0070315165377632348 0.016328770908030803 -0.0053755199059478927 -0.0092039169202434417
leaf_weight=44.424021646380424 276.01988254487514 306.96944020688534 94.213081985712051 38.65194770693779 61.571361675858498 45.791564598679543 170.98981168866158 61.635158821940422 52.781497344374657 76.572021976113319 154.88501608371735 40.030328616499901 33.533807590603828 134.62976731359959 1089.3215737193823 66.633287712931633 54.180007547140121 14.077192381024359 123.63393113017082 35.684431344270706 48.992377877235413 138.35890364646912 364.33145695924759 59.36010804772377 68.114532336592674 34.875906854867935 54.947068303823471 271.36406876146793 61.051018536090851 105.80319845676422
leaf_count=279 1280 1672 481 167 257 202 756 276 238 317 710 180 141 601 4637 292 246 64 517 152 202 642 2163 248 288 147 236 1242 305 458
internal_value=-0.000444068 -0.00321149 -0.00610926 -0.00527433 0.00146925 0.0133402 -0.00872748 0.00305143 -0.003483 -0.0152916 -0.00685677 -0.0054608 -0.0102157 -0.0066426 -0.00357841 0.00148497 -0.0123876 0.0120283 0.00430691 -0.000109877 0.00887209 0.0107065 0.0213916 0.00744862 -4.29168e-05 0.0188301 -0.0205875 0.0130835 0.00715148 -0.0216813
internal_weight=4183.43 3713.62 3160.87 3066.65 1038.72 552.755 2027.93 245.786 728.708 672.64 290.817 1355.29 390.711 337.93 1184.3 203.3 87.7138 115.586 337.997 276.425 152.791 184.15 469.806 135.932 117.107 101.509 94.9774 310.016 105.475 381.823
internal_count=19396 16649 13857 13376 4554 2792 8822 1120 3145 3013 1275 5809 1729 1491 5053 890 387 503 1416 1159 642 844 2747 565 490 439 416 1409 584 1738
is_linear=0
shrinkage=0.03


Tree=40
num_leaves=31
num_cat=2
split_feature=5 5 32 5 32 16 10 2 16 10 14 25 5 5 5 10 3 14 10 14 7 14 14 5 5 14 14 10 10 21
split_gain=256.062 182.459 82.996 61.806 61.7802 46.3582 40.0659 38.7184 38.2029 50.3658 49.8715 36.3011 33.3276 31.5622 28.352 28.1046 27.2985 58.3522 33.0491 26.8655 26.149 25.6375 31.3245 28.0345 24.9149 21.885 21.4765 20.6362 28.7679 19.7603
threshold=-0.93404099345207203 0.56202840805053722 0 -0.78753387928009022 1 0.30150692164897924 0.37500000000000006 7.8629119396209726 0.037843300029635436 0.2650000005960465 0.16499999910593036 1.0000000180025095e-35 0.33273787796497351 0.4124008715152741 -0.97269129753112782 -0.37499999999999994 172.76625061035159 -0.6599999964237212 -0.26999999582767481 0.28000000119209295 -17.353397369384762 0.78000000119209301 1.1899999976158144 0.3732354491949082 -0.91865202784538258 0.31499999761581426 0.37500000000000006 0.13499999791383746 0.24000000208616259 1.0000000180025095e-35
decision_type=2 2 1 2 1 2 2 2 2 2 2 2 2 2 2 2 2 2 2 2 2 2 2 2 2 2 2 2 2 2
left_child=14 2 -2 5 8 27 7 -3 13 10 -10 -12 -6 16 -1 -16 18 -18 20 -20 -5 -11 23 -23 -7 -9 -15 -4 -29 -17
right_child=1 6 3 4 12 24 -8 25 9 21 11 -13 -14 26 15 29 17 -19 19 -21 -22 22 -24 -25 -26 -27 -28 28 -30 -31
leaf_value=0.028328681549072924 -0.030582493771083543 0.019430073977494158 -0.0070796557448214552 -0.015967679573858872 -0.016405866706253686 -0.018414118877112501 0.031483407167907894 0.0026762361908477857 0.0019044941990681739 -0.012463059240039188 0.035450466072765259 0.0052182259072180558 0.00027557353222768986 -0.0007194960168383143 -0.0056939670531223445 0.02353596989176307 -0.026250729864515734 0.00048093659284062268 -0.027434832088206278 -0.010446797165852716 0.0084145140014113707 0.029420837887184807 -0.015305615895827573 -0.015048594594540336 0.023070042958290241 -0.032548409735308211 0.024312438199913626 0.032403153792045974 0.00071810315678730102 -0.0034438099340019773
leaf_weight=237.03682377934456 97.912556394934654 167.79679600894451 183.9603463113308 67.768466725945473 583.2034355700016 13.590785518288611 117.29382944107056 87.227807179093361 339.19319000840187 229.46341381967068 84.710700809955597 61.999003276228905 132.13799872994423 103.3199582695961 52.739746019244194 148.46519535779953 85.652658224105835 483.71926864981651 159.30526185035706 179.77336673438549 92.32488177716732 48.61797496676445 39.925640970468521 16.472759231925011 142.77062666416168 18.373464658856392 42.943866819143295 32.521313041448593 112.01551301777363 28.924376651644707
leaf_count=1544 505 957 790 286 2718 65 664 395 1444 972 359 265 561 435 260 825 391 2031 724 767 387 206 169 71 692 78 187 141 486 141
internal_value=0.000132377 -0.00249586 -0.00477061 -0.00387379 -0.00562663 0.0059812 0.0168744 0.0105149 -0.00290011 0.00208589 0.00824625 0.0227962 -0.0131449 -0.00629005 0.0210439 0.0134503 -0.00807897 -0.00357938 -0.0131939 -0.0184853 -0.00194167 -0.00686125 0.00538096 0.0181094 0.0193702 -0.0037003 0.00674521 -0.000431271 0.00802101 0.0191421
internal_weight=4191.16 3723.99 3333.3 3235.39 2750.53 484.859 390.692 273.398 2035.19 820.383 485.903 146.71 715.341 1214.81 467.166 230.129 1068.54 569.372 499.172 339.079 160.093 334.48 105.016 65.0907 156.361 105.601 146.264 328.497 144.537 177.39
internal_count=19516 16746 14652 14147 11973 2174 2094 1430 8694 3486 2068 624 3279 5208 2770 1226 4586 2422 2164 1491 673 1418 446 277 757 473 622 1417 627 966
cat_boundaries=0 1 2
cat_threshold=1 44
is_linear=0
shrinkage=0.03


Tree=41
num_leaves=31
num_cat=0
split_feature=5 5 29 29 5 5 5 17 12 2 12 17 28 12 12 12 12 18 28 10 14 28 14 0 12 17 10 14 10 12
split_gain=244.978 178.735 80.8825 60.6337 50.587 47.8283 48.0297 47.7303 45.3051 41.9471 39.9731 40.6825 35.907 44.9718 35.7103 33.5118 32.7914 31.1165 30.8098 46.2106 29.58 28.5727 27.8738 27.3138 27.2899 26.7205 26.6033 25.3289 22.1331 27.7506
threshold=-0.88134551048278797 0.56202840805053722 86.164299011230483 75.77988433837892 -0.97269129753112782 -0.75976759195327748 0.33273787796497351 0.41494375467300421 0.056499999016523368 7.8629119396209726 1.0000000180025095e-35 -0.40205584466457361 20.863806724548343 0.024500000290572647 0.13350000232458117 0.42849999666213995 0.42849999666213995 0.90838575363159191 24.009605407714847 -0.64500001072883595 0.38499999046325689 22.87558746337891 0.47499999403953558 7.2663934230804452 -0.23350000381469724 0.73206120729446422 0.24000000208616259 -0.84999999403953541 -0.35500000417232508 -0.52750000357627858
decision_type=2 2 2 2 2 2 2 2 2 2 2 2 2 2 2 2 2 2 2 2 2 2 2 2 2 2 2 2 2 2
left_child=4 2 3 27 -1 21 7 12 10 -3 11 -6 13 28 24 23 17 -9 -8 -20 25 -5 -23 -15 -11 -19 -22 -2 -7 -30
right_child=1 9 -4 5 8 6 18 16 -10 14 -12 -13 -14 15 -16 -17 -18 20 19 -21 26 22 -24 -25 -26 -27 -28 -29 29 -31
leaf_value=0.028165165827282318 -0.019807079931797335 0.024156522117095312 -0.033990548586068717 -0.0047105814799206433 -0.010349396671805388 0.0044677506856846032 -0.0043418985537483062 -0.014025091379479934 0.022253940216530325 -0.010596697638072656 -0.043627129028185191 0.015875341724143607 -0.017999996642318977 -0.011597833717484515 -0.020467040197522577 -0.024790880178775274 -0.028711109574005602 0.01590797706133068 -0.031985163454713569 0.022081656060834298 0.043218199657778608 0.0058780291840880459 0.035114115927240987 0.01614819876185003 0.021729990985041876 -0.0082948393576301876 0.0084537427233735401 0.0052403679102860428 0.007174109699682703 -0.024924618907977154
leaf_weight=237.96220883727074 37.69306506216526 236.40197859704494 84.920094296336174 174.78391809761524 87.663685947656631 39.164149165153503 263.29587808251381 117.97459827363491 175.28458282351494 32.287835255265236 15.031331345438955 132.51703365147114 729.74106307327747 42.316318616271019 39.024696663022041 30.505104839801788 39.990083530545235 52.364831924438477 15.735984250903128 97.100175604224205 23.796551302075386 128.22270059585571 37.285739287734032 122.01463642716408 80.69165264070034 177.19865292310715 102.47444325685501 601.39659176766872 28.012242957949638 162.22746856510639
leaf_count=1578 163 1396 450 751 413 165 1105 515 932 143 68 672 3367 172 177 126 178 225 66 416 101 548 166 496 385 772 439 2581 118 723
internal_value=0.000256599 -0.00288544 -0.00528436 -0.00446707 0.0171775 -0.00666614 -0.00839939 -0.0105822 0.010755 0.0162762 0.0021278 0.00543453 -0.0139665 -0.00700252 0.00394258 0.00358999 -0.00296872 -0.000740137 0.00128169 0.0143268 0.00369136 0.00373844 0.0126357 0.00897648 0.0124796 -0.00272898 0.0152934 0.00373445 -0.0159754 -0.0201854
internal_weight=4145.08 3496.62 3108.21 3023.29 648.459 2384.2 2043.91 1667.78 410.497 388.406 235.212 220.181 1153.98 424.24 152.004 194.836 513.799 473.809 376.132 112.836 355.834 340.292 165.508 164.331 112.979 229.563 126.271 639.09 229.404 190.24
internal_count=19407 15744 13643 13193 3663 10449 8984 7397 2085 2101 1153 1085 5167 1800 705 794 2230 2052 1587 482 1537 1465 714 668 528 997 540 2744 1006 841
is_linear=0
shrinkage=0.03


Tree=42
num_leaves=31
num_cat=1
split_feature=5 5 29 17 6 28 12 5 12 12 14 12 0 29 4 31 10 7 5 3 10 10 12 12 17 10 5 14 2 12
split_gain=227.255 167.303 76.1276 56.4986 62.3951 59.9487 70.0436 46.4838 51.2418 44.1099 44.0744 37.6599 36.9733 36.3141 43.0828 35.2996 34.8967 32.3153 31.6906 31.3529 40.8881 29.1181 29.1102 28.5017 27.7137 26.1157 27.0372 25.16 23.5341 26.9697
threshold=-0.93404099345207203 0.56202840805053722 86.164299011230483 0.41494375467300421 -0.96645781397819508 20.863806724548343 0.024500000290572647 -0.60434082150459278 -0.37100000679492945 -0.52750000357627858 -0.84999999403953541 0.50899998843669902 4.5999011993408212 76.836559295654311 55.500000000000007 0 -0.62499999999999989 -23.144579887390133 0.20903649181127551 320.57951354980474 -0.32500000298023218 -0.37499999999999994 -0.15249999612569806 0.13350000232458117 0.19942466914653781 0.24000000208616259 -0.83753159642219532 0.76499998569488536 249.83755493164065 0.43999999761581426
decision_type=2 2 2 2 2 2 2 2 2 2 2 2 2 2 10 1 2 2 2 2 2 2 2 2 2 2 2 2 2 2
left_child=15 2 3 4 5 6 9 16 -9 -2 -6 13 -3 18 22 -1 -5 19 -10 20 -12 -17 -15 24 -14 -18 -27 -21 29 -19
right_child=1 12 -4 7 10 -7 -8 8 11 -11 17 -13 23 14 -16 21 25 28 -20 27 -22 -23 -24 -25 -26 26 -28 -29 -30 -31
leaf_value=0.028935824444159968 0.024547664475676453 0.021577406357608943 -0.031162193372417935 -0.021571057351047442 -0.020975195009512386 -0.023040079387210449 0.012010408287966852 -0.023426173467351489 0.015819560434861511 -0.022986823076168634 0.013966750550288566 -0.035012520661766584 -0.009375406223853933 0.011005159813152601 0.01811759910380591 -0.0082348277647542791 0.027013407304966493 0.0050682044254374854 -0.0043663622407873158 -0.0058808232538203288 -0.025005952782255779 0.01658229642349324 -0.018147690733688063 -0.027909542309563169 0.029280625665400808 0.033818154314018099 -0.003294968954620382 0.020659225528563519 -0.0072032429782661975 -0.011864845857439046
leaf_weight=212.10326102375984 19.127979040145874 292.07913145422935 92.883475571870804 21.609051391482353 116.29462392628193 332.1475838124752 129.5867218375206 82.528077945113182 229.07105283439159 145.88301640748978 28.352634459733963 23.179069519042969 33.038460254669189 37.924368768930435 52.895816996693611 54.080151975154877 119.13211943209171 767.19948118925095 100.07889005541801 244.8382835239172 145.55566516518593 189.94042301177979 151.34588028490543 23.821123987436295 31.997919589281082 22.398915603756905 71.51866090297699 35.994940206408501 251.84346729516983 94.183572009205818
leaf_count=1394 78 1684 491 93 522 1590 541 365 961 656 118 104 143 162 226 283 549 3292 418 1065 629 1101 696 103 153 119 305 158 1125 396
internal_value=0.000101706 -0.00236534 -0.00453001 -0.00375299 -0.00624712 -0.0143205 -0.00444482 0.00256925 -0.00142315 -0.017362 -0.00323615 0.00166552 0.0164378 0.00321218 -0.00559245 0.0200566 0.014045 -0.00190793 0.00968734 -0.00863702 -0.0186086 0.010637 -0.0122792 -0.000508259 0.00979877 0.0177414 0.00581938 -0.0024179 0.000846112 0.00320513
internal_weight=4152.63 3696.51 3315.57 3222.69 2311.01 626.745 294.598 911.682 677.023 165.011 1684.26 594.495 380.937 571.316 242.166 456.124 234.659 1567.97 329.15 454.742 173.908 244.021 189.27 88.8575 65.0364 213.05 93.9176 280.833 1113.23 861.383
internal_count=19520 16742 14659 14168 10170 2865 1275 3998 2932 734 7305 2567 2083 2463 1084 2778 1066 6783 1379 1970 747 1384 858 399 296 973 424 1223 4813 3688
cat_boundaries=0 1
cat_threshold=10
is_linear=0
shrinkage=0.03


Tree=43
num_leaves=31
num_cat=1
split_feature=6 5 17 4 16 28 9 14 32 12 15 14 10 14 28 2 18 8 14 14 14 10 14 14 17 10 17 12 10 14
split_gain=248.571 94.5292 92.3201 77.417 56.2558 54.7202 43.2976 42.112 32.1259 30.5793 28.6835 27.9461 91.5277 39.208 50.4725 25.304 24.7988 31.7274 24.5448 26.6945 32.3333 23.7316 35.6554 29.3744 23.1297 23.0378 24.6435 22.8558 29.252 40.5311
threshold=-0.79671859741210926 -0.97269129753112782 0.16916266083717349 3.5000000000000004 1.0000000180025095e-35 20.863806724548343 -48.04496765136718 -0.99500000476837147 0 -0.37800000607967371 47.500000000000007 -0.11999999731779097 -0.31000000238418574 -0.38499999046325678 20.863806724548343 199.53227233886722 0.5405755639076234 -21.409787178039547 0.41499999165534979 -1.314999997615814 -0.56999999284744252 -0.26999999582767481 -0.11999999731779097 -0.68500000238418568 0.72034165263175975 -1.014999985694885 -0.0023360013728961344 0.43999999761581426 0.53000000119209301 1.0249999761581423
decision_type=2 2 2 10 2 2 2 2 1 2 2 2 2 2 2 2 2 2 2 2 2 2 2 2 2 2 2 2 2 2
left_child=3 -2 4 5 8 21 24 -4 15 -6 -11 12 13 14 25 -3 17 -9 19 -10 -21 23 -23 -1 -5 -8 -27 28 -13 -30
right_child=1 2 7 6 9 -7 11 16 18 10 -12 27 -14 -15 -16 -17 -18 -19 -20 20 -22 22 -24 -25 -26 26 -28 -29 29 -31
leaf_value=-0.017867286318613659 0.026798282457027169 0.031202614183354602 -0.021003292062359902 -0.015308395256991411 -0.015551775233181891 -0.018730592879808973 0.044971900627619535 -0.032216889142371051 0.026394830763714194 0.019706865137356665 0.0004251781397186794 0.010065322307797881 -0.025401988731302606 0.018157462307955924 -0.01894626870688541 -0.0037634199478742843 0.019581514645887626 0.014093365692740348 0.0047980684156521238 -0.029855611422425439 -0.0089278683285324307 -0.030927998905791745 -0.0032003917478651694 0.01742267128157177 0.0042346667324306368 -0.010376104598327293 0.023683740760370272 -0.014644304335584418 -0.013766355606681664 0.014216735113890478
leaf_weight=28.121918067336082 223.92669159173965 34.914954721927643 26.327406257390976 272.98023495078087 37.979475572705269 581.4629595130682 14.737059503793715 18.818508431315422 14.542741775512694 191.07074667513371 108.82121489942074 460.20723877847195 137.46120870113373 110.86585666239262 98.869427531957626 38.299086660146713 471.87604127824306 39.575506448745728 93.640624418854713 86.292534053325653 285.00838421285152 51.326622232794762 207.75521151721478 78.00940015912056 67.571414843201637 41.647052004933357 33.723614856600761 51.612796992063522 127.81766088306904 72.015715971589088
leaf_count=117 1529 168 113 1221 167 2755 63 80 65 997 474 2038 623 495 439 171 2431 188 418 396 1248 236 878 330 291 178 143 226 579 314
internal_value=-0.000206489 0.00870151 0.00588474 -0.00631797 -0.000108718 -0.0130214 -0.00205161 0.0154574 -0.00600062 0.00951867 0.0127348 0.00073557 -0.00522592 0.00407737 -0.004235 0.0115508 0.0173038 -0.00112209 -0.00875722 -0.0122772 -0.0138587 -0.00390546 -0.0087913 0.0079923 -0.0114297 0.0119375 0.00497409 0.00440104 0.00591022 -0.00366127
internal_weight=4107.28 1671.09 1447.17 2436.19 890.57 946.676 1489.51 556.597 552.698 337.871 299.892 1148.96 437.304 299.843 188.977 73.214 530.27 58.394 479.484 385.844 371.301 365.213 259.082 106.131 340.552 90.1077 75.3707 711.653 660.041 199.833
internal_count=19371 8445 6916 10926 4104 4316 6610 2812 2466 1638 1471 5098 1941 1318 823 339 2699 268 2127 1709 1644 1561 1114 447 1512 384 321 3157 2931 893
cat_boundaries=0 1
cat_threshold=32
is_linear=0
shrinkage=0.03


Tree=44
num_leaves=31
num_cat=1
split_feature=5 5 32 16 10 5 2 10 12 10 10 5 10 12 7 5 12 12 17 17 29 10 28 6 16 5 12 28 29 6
split_gain=223.848 136.518 71.8434 52.8651 48.7038 48.4876 46.1471 35.9336 33.2039 32.9832 32.1888 31.8789 40.2818 30.8372 36.2542 30.5231 29.4841 44.4343 29.4807 28.8172 28.4157 27.381 26.9423 25.5801 22.4122 23.8594 22.2149 20.9828 20.8853 19.3656
threshold=-0.93404099345207203 0.56202840805053722 0 1.0000000180025095e-35 0.95499998331069957 -0.78753387928009022 7.8629119396209726 -0.37499999999999994 -0.37100000679492945 0.24000000208616259 0.37500000000000006 -0.60434082150459278 -0.62499999999999989 -0.17849999666213986 -21.878076553344723 0.33273787796497351 -0.33699999749660486 -0.26350000500679011 -0.73506319522857655 1.1736132502555849 75.77988433837892 -0.46499998867511744 20.863806724548343 -0.98471984267234791 0.51231163740158092 -0.98097097873687733 -0.12299999967217444 20.863806724548343 86.164299011230483 -0.92772412300109852
decision_type=2 2 1 2 2 2 2 2 2 2 2 2 2 2 2 2 2 2 2 2 2 2 2 2 2 2 2 2 2 2
left_child=7 2 3 8 11 28 -3 21 9 -2 -8 12 -5 14 -10 -7 -13 -18 22 -15 29 24 -14 -16 25 -1 -6 -11 -4 -19
right_child=1 6 5 4 26 15 10 -9 13 27 -12 16 18 19 23 -17 17 20 -20 -21 -22 -23 -24 -25 -26 -27 -28 -29 -30 -31
leaf_value=0.023865084545710839 -0.025173727221163421 0.023311243575539372 0.0084074859915720928 -0.029323200589719836 0.0034276160456582767 -0.017190535150563863 -0.0068845267136058716 0.024700089504386031 -0.0085075554696299009 0.015936529399798099 0.023645988983049052 -0.011922971339723401 -0.023221554364410243 -0.0075064205364487532 -0.011303896129651051 -0.0016579094371258765 0.038056346702512497 0.026117681404788765 0.022342662014725508 0.014370806187836777 -0.0016757698300923958 -0.029561975962887239 0.026478047006105839 0.01925954894014284 0.033620131308028788 -0.014968559891964439 -0.026941252997969064 -0.021739826677501323 -0.025880502361406595 0.0034141672324724134
leaf_weight=22.810325533151627 131.30092991888523 225.32896512746811 130.73451395332813 16.604377955198288 32.745470404624939 641.37204204499722 107.75783497095108 346.21055866777897 103.83354572951794 35.724864423274994 42.522461757063866 107.55092623829842 26.314464792609215 844.50536893308163 29.188073679804802 138.66992105543613 33.729464799165726 65.356506317853928 207.10326352715492 56.988472700119019 344.36330659687519 16.827450633049011 14.353244960308073 139.6092277765274 26.492459341883659 34.424886524677277 61.970084071159363 19.869306713342667 17.216587111353874 69.654590204358101
leaf_count=153 608 1373 591 69 137 3111 488 2207 436 148 221 460 110 3642 125 602 143 290 972 246 1454 95 68 590 163 168 263 91 72 303
internal_value=0.000107525 -0.00235131 -0.00432074 -0.00148382 0.00382134 -0.0113293 0.0147537 0.0201252 -0.0053137 -0.0170251 0.00185342 0.006014 0.0147173 -0.00343659 0.00539029 -0.0144349 0.00228902 0.00528538 0.0177747 -0.00610905 0.00290514 0.00428596 -0.00546611 0.0139391 0.0113573 0.000652112 -0.0165159 0.00232483 0.00427054 0.0145158
internal_weight=4091.13 3644.37 3268.76 2340.77 979.746 927.993 375.609 446.766 1361.02 186.895 150.28 885.03 264.375 1174.12 272.631 780.042 620.655 513.104 247.771 901.494 479.374 100.555 40.6677 168.797 83.7277 57.2352 94.7156 55.5942 147.951 135.011
internal_count=19399 16613 14531 10155 4269 4376 2082 2786 5886 847 709 3869 1219 5039 1151 3713 2650 2190 1150 3888 2047 579 178 715 484 321 400 239 663 593
cat_boundaries=0 1
cat_threshold=44
is_linear=0
shrinkage=0.03


Tree=45
num_leaves=31
num_cat=3
split_feature=5 5 29 5 29 14 12 10 32 2 6 28 12 14 10 14 10 2 3 9 10 31 12 2 32 4 18 29 10 12
split_gain=219.643 130.377 81.2053 52.6895 75.7593 47.2738 45.333 37.2049 34.9271 33.8835 33.4035 40.2688 41.7061 28.9311 37.9356 51.9434 51.1518 28.2818 40.9669 29.7311 27.7331 27.5108 28.5472 30.9376 25.0415 22.8822 22.5415 22.4788 21.997 21.042
threshold=-0.93404099345207203 0.56202840805053722 86.164299011230483 -0.78753387928009022 75.77988433837892 -1.0349999666213987 0.42849999666213995 0.37500000000000006 0 6.6270833015441903 -0.96645781397819508 18.43215370178223 -0.02450000029057264 0.78000000119209301 0.35999999940395361 0.30500000715255743 0.24000000208616259 249.83755493164065 353.75099182128912 -160.56457519531247 0.12499999627470972 1 -0.10600000247359274 181.27133941650393 2 9.5000000000000018 0.4964651763439179 75.224540710449233 -0.22500000149011609 -0.027500000782310959
decision_type=2 2 2 2 2 2 2 2 1 2 2 2 2 2 2 2 2 2 2 2 2 1 2 2 1 10 2 2 2 2
left_child=21 2 3 8 27 -6 10 9 26 -3 11 12 -7 14 15 -13 -17 18 19 -12 25 -1 23 -23 -21 -10 -2 -5 -25 -15
right_child=1 7 -4 4 5 6 -8 -9 20 -11 17 13 -14 29 -16 16 -18 -19 -20 24 -22 22 -24 28 -26 -27 -28 -29 -30 -31
leaf_value=0.028315936817911252 -0.0094588619946216045 0.017515681686166688 -0.032150557653528269 0.018208332199339639 -0.032961778308932398 -0.012023078911545377 -0.022159224211078899 0.029602795369024174 -0.00099712628729520117 -0.004236386795040261 -0.035866663641185244 -0.017552073126474898 0.02761285503963035 0.027143778417809353 -0.033921103062184009 0.04815128392164323 -0.0058153257541568798 -0.010025468061380103 0.014064568708016102 0.0090042646386609484 0.0099009982011112486 -0.013347974807816743 0.021590058117988808 -0.011710774126206502 -0.0044094185568844613 -0.024143873928446295 0.023264027582515487 0.0021135115757310728 0.030485179662100122 -0.0078968992322906821
leaf_weight=202.83873434364796 21.694332957267761 155.33169335126877 89.514292404055595 92.463476181030273 62.97278918325901 48.603573739528656 158.09117615222931 105.67008842527866 141.16798667609692 109.1084893643856 22.664696425199509 333.23328685760498 45.216189056634903 23.088866859674454 90.696661770343781 21.326752215623856 53.531083360314369 339.99415515363216 155.70574516057968 146.92457300424576 147.9722361266613 61.521971240639687 127.48446795344353 15.265262007713316 602.39589764177799 51.867850437760353 126.34049957990646 477.30727979540825 35.975276902318001 42.016678750514984
leaf_count=1394 92 942 488 402 294 218 693 633 626 498 104 1565 182 97 443 92 240 1527 666 650 664 340 767 82 2562 228 612 2054 216 191
internal_value=0.000185634 -0.00222822 -0.00412586 -0.00333343 -0.00496551 -0.0075462 -0.00676258 0.0146305 0.00572311 0.00855859 -0.00548754 -0.0109684 0.00716911 -0.0139935 -0.016445 -0.0124875 0.00999166 -0.00263748 7.80673e-05 -0.00275749 0.000161302 0.0201115 0.0114476 0.000898165 -0.00170957 -0.00730893 0.0172779 0.00475273 0.0179309 0.00475247
internal_weight=4107.99 3664.9 3294.79 3205.28 2716.23 2146.46 2083.49 370.11 489.043 264.44 1925.4 657.713 93.8198 563.893 498.788 408.091 74.8578 1267.69 927.691 771.985 341.008 443.086 240.247 112.763 749.32 193.036 148.035 569.771 51.2405 65.1055
internal_count=19562 16763 14690 14202 11980 9524 9230 2073 2222 1440 8537 3028 400 2628 2340 1897 332 5509 3982 3316 1518 2799 1405 638 3212 854 704 2456 298 288
cat_boundaries=0 1 2 3
cat_threshold=48 10 32
is_linear=0
shrinkage=0.03


Tree=46
num_leaves=31
num_cat=2
split_feature=6 1 8 29 6 14 31 16 10 12 10 17 17 6 32 12 12 10 14 16 18 14 7 16 14 1 8 14 14 10
split_gain=195.707 87.9495 90.0593 64.9456 78.6406 51.4021 51.1275 45.8572 49.0587 41.6938 40.7019 39.1988 35.2136 33.76 32.2368 30.3469 31.6286 37.5669 28.4136 31.0452 26.6337 32.0172 26.3315 23.5699 23.3739 22.0663 21.5871 20.9834 24.6142 22.5952
threshold=-0.47246390581130976 22.974452972412113 -7.4831807613372794 77.084831237792983 -0.68784540891647328 -0.68500000238418568 0 -0.074701867997646318 0.24000000208616259 -0.33699999749660486 -0.66500002145767201 0.60379037261009227 0.1427469998598099 -0.14772953093051908 1 -0.10600000247359274 -0.31749999523162836 -0.044999999925494187 -0.095000002533197389 -1.3231350183486936 0.80001428723335277 0.78000000119209301 -29.09250450134277 -2.20131504535675 0.47499999403953558 37.026264190673835 -39.976228713989251 -0.68500000238418568 0.34499999880790716 0.87000000476837169
decision_type=2 2 2 2 2 2 1 2 2 2 2 2 2 2 1 2 2 2 2 2 2 2 2 2 2 2 2 2 2 2
left_child=1 2 11 5 -5 10 -2 -7 9 -9 26 22 18 15 -6 16 17 -8 19 -4 -10 -22 -1 -24 -16 -18 -3 -25 -29 -30
right_child=6 3 12 4 14 7 13 8 20 -11 -12 -13 -14 -15 24 -17 25 -19 -20 -21 21 -23 23 27 -26 -27 -28 28 29 -31
leaf_value=-0.017168547938504721 0.024644552722372336 -0.038419517171394774 0.025227167905189269 -0.017551327563807374 0.017618849939543161 -0.0060494481352346948 -0.017814718959011652 -0.0070147575501145849 -0.017243538549718287 0.018152576059544061 -0.037046383912606083 0.010660255031030338 0.022812190187056828 0.026606795724440448 -0.011468477326525138 0.011729779041648566 -0.04855478835385868 0.025501237762340964 0.014582781639242509 -0.012971671810795027 -0.0042374194974882278 0.02502837928916073 -0.039482306100994138 0.029716589744100564 0.016317583159498415 -0.010285700998532552 0.0014681727288264491 -0.0096063945374593625 0.013903905988216199 -0.0099583158038905346
leaf_weight=154.92381267249584 283.8886597007513 13.672649770975111 23.297745794057846 678.75203055143356 73.542211711406708 592.34033961594105 32.527180626988411 74.342214345932007 89.812041267752647 282.08798784017563 61.976976782083511 147.09454108774662 214.21625843644142 63.63648995757103 124.18128646910191 149.34733712673187 20.327157780528069 38.035675033926964 162.4494758695364 89.728914454579353 144.54195608198643 42.771936848759651 14.013136550784109 17.845197781920433 33.890172004699707 39.286367386579514 72.401747405529022 204.95770931243896 107.33031520247459 52.421326696872711
leaf_count=674 1847 60 117 3342 327 2545 154 325 378 1216 299 658 1198 438 540 786 91 199 809 414 621 183 62 77 146 193 304 891 472 224
internal_value=3.17747e-05 -0.00275469 0.00386274 -0.00619721 -0.012407 -0.00207661 0.015443 -5.39698e-05 0.00555217 0.0128984 -0.0187118 -0.00305221 0.0137136 0.00686577 0.00267921 0.00253744 -0.00801767 0.00556407 0.00658142 -0.00494571 -0.00390867 0.00254266 -0.00672229 -0.00260841 -0.00512396 -0.0239206 -0.00523632 -0.00115829 -0.00274612 0.00606045
internal_weight=4099.64 3472.59 1188.28 2284.31 910.366 1373.95 627.049 1225.9 633.556 356.43 148.051 698.586 489.692 343.16 231.614 279.524 130.176 70.5629 275.476 113.027 277.126 187.314 551.491 396.568 158.071 59.6135 86.0744 382.555 364.709 159.752
internal_count=19590 15882 5596 10286 4355 5931 3708 5268 2723 1541 663 3058 2538 1861 1013 1423 637 353 1340 531 1182 804 2400 1726 686 284 364 1664 1587 696
cat_boundaries=0 1 2
cat_threshold=10 32
is_linear=0
shrinkage=0.03


Tree=47
num_leaves=31
num_cat=2
split_feature=5 5 32 10 31 29 29 17 29 12 3 5 17 12 12 17 12 5 12 12 2 10 4 10 29 4 17 10 9 2
split_gain=192.228 131.707 66.0524 48.5116 47.6163 44.9493 35.7497 33.5115 33.0614 32.9883 27.5522 41.0166 35.8203 29.2426 42.1234 32.154 28.655 27.3941 27.0549 26.3442 36.2448 25.2523 24.6296 30.4953 24.2641 23.7483 23.648 22.5859 22.1666 20.6608
threshold=-0.88134551048278797 0.52643132209777843 0 0.37500000000000006 1 86.164299011230483 86.164299011230483 -1.4190942645072935 75.224540710449233 -0.16650000214576718 172.76625061035159 0.16665012389421466 0.79548063874244701 0.42849999666213995 0.26600000262260443 -0.14036395400762555 0.55149999260902416 -0.8126716911792754 -0.2145000025629997 0.056499999016523368 174.94234466552737 -0.1950000002980232 224.50000000000003 -0.43500000238418574 81.26676177978517 116.50000000000001 -1.3200682401657102 0.14500000327825549 89.44382476806642 7.8629119396209726
decision_type=2 2 1 2 1 2 2 2 2 2 2 2 2 2 2 2 2 2 2 2 2 2 8 2 2 10 2 2 2 2
left_child=4 2 8 5 -1 7 9 -3 -2 18 11 12 -10 14 15 28 -15 -11 25 20 -6 -22 29 -24 -20 -4 -13 -14 -12 -9
right_child=1 3 6 -5 19 -7 -8 22 10 17 13 26 27 16 -16 -17 -18 -19 24 -21 21 -23 23 -25 -26 -27 -28 -29 -30 -31
leaf_value=0.025004375182630302 0.01492954155032694 -0.019526265490477795 -0.010333140442423465 0.026801685262309086 -0.012992580724993204 -0.046984533312089544 -0.031111274116544001 0.024738914005307904 -0.016956784694190492 0.0077188017260919053 -0.0020937971322756684 0.022258962084881536 -0.016141674221624477 -0.02315117428437214 0.026713506220044442 0.0058150242058270405 0.0096931979425579178 -0.016894089891017618 0.02935471048089084 0.017311493970757694 -0.0036386644668586253 0.026911052519681514 0.020216092214620972 -0.017074642834320437 -0.0087676423076147505 0.021718028102650364 -0.0023563169083250144 0.018543612132093563 -0.019216449594771392 0.0063087074125656381
leaf_weight=276.04468505084515 99.849337995052338 34.319871723651886 184.13346889615059 141.97070461511612 92.687751933932304 12.843169048428534 78.408353343605995 122.48883454501629 365.66669237613678 44.311438277363777 387.6903268545866 37.40284962952137 25.408437013626099 82.804227516055107 57.639767304062843 500.20403642952442 32.793780744075775 435.45086812973022 40.159649387001991 144.77888549864292 44.105153754353523 52.794278502464294 31.13236877322197 50.19737346470356 23.073329135775566 22.496391117572784 410.65658405423164 46.150089606642723 81.616013139486313 99.948131576180458
leaf_count=1827 435 159 853 819 475 56 448 734 1642 191 1661 159 114 348 255 2170 140 2091 177 827 235 288 175 255 103 94 1735 195 374 448
internal_value=0.000471546 -0.00227628 -0.004671 0.0120652 0.015975 0.00604429 -0.011799 0.00819136 -0.001829 -0.00989741 -0.00267007 -0.00663965 -0.0131654 0.000408277 0.00202263 0.000528679 -0.0138304 -0.0146095 -0.00149726 0.00749912 0.000347833 0.0131108 0.0113767 -0.00272788 0.0155242 -0.00675584 -0.000256505 0.00617511 -0.00510609 0.0165229
internal_weight=4059.23 3448.82 2955.92 492.9 610.411 350.93 828.033 338.087 2127.88 749.625 2028.03 885.285 437.225 1142.75 1027.15 969.51 115.598 479.762 269.863 334.366 189.587 96.8994 303.767 81.3297 63.233 206.63 448.059 71.5585 469.306 222.437
internal_count=19483 15831 13185 2646 3652 1827 3957 1771 9228 3509 8793 3845 1951 4948 4460 4205 488 2282 1227 1825 998 523 1612 430 280 947 1894 309 2035 1182
cat_boundaries=0 1 2
cat_threshold=44 10
is_linear=0
shrinkage=0.03


Tree=48
num_leaves=31
num_cat=1
split_feature=5 5 29 16 5 6 17 10 29 32 29 14 10 16 5 17 7 0 14 3 16 14 10 10 10 10 6 16 21 18
split_gain=194.134 130.797 70.8042 58.4194 41.3544 34.8808 36.15 33.9281 35.043 32.3854 31.5303 29.4315 73.333 28.493 28.2816 31.2948 26.5057 29.5526 23.7519 23.4833 23.2557 22.5158 31.0315 22.3989 29.1036 50.0052 23.4556 22.3258 21.5655 21.4367
threshold=-0.93404099345207203 0.56202840805053722 86.164299011230483 0.24321942031383517 -0.60434082150459278 -0.9563411772251128 -0.3221799880266189 0.37500000000000006 86.164299011230483 0 76.34873199462892 -0.11999999731779097 -0.24499999731779096 0.47467438876628881 -0.97269129753112782 0.29685099422931677 -20.917654037475582 23.590881347656254 0.014999999664723875 375.74615478515631 -1.9316447377204893 -0.56999999284744252 -0.66500002145767201 -0.5349999964237212 -0.33500000834465021 -0.094999998807907091 -0.92772412300109852 -1.8682830333709715 1.0000000180025095e-35 0.64485144615173351
decision_type=2 2 2 2 2 2 2 2 2 1 2 2 2 2 2 2 2 2 2 2 2 2 2 2 2 2 2 2 2 2
left_child=14 2 3 5 -5 6 -2 8 29 23 -6 12 21 -12 -1 18 19 27 -16 -13 -8 22 -11 -7 -25 -26 -27 -18 -20 -3
right_child=1 7 -4 4 10 9 20 -9 -10 11 13 16 -14 -15 15 -17 17 -19 28 -21 -22 -23 -24 24 25 26 -28 -29 -30 -31
leaf_value=0.026973273563975143 -0.019887601987641598 -0.006609883539317323 -0.031101205400125405 0.01156315395352538 0.0061058839577250853 -0.017183013502123482 -0.03600273454433988 0.028962884911562719 -0.040560617636710011 -0.0026433425723844609 0.006275198920336034 -0.01841305079637667 -0.030111463004869159 -0.010845100711447179 -0.0065356754926848282 0.031706754370629635 -0.018640484705483244 -0.0040797773086212324 0.02442726756855888 -0.00081089429691229536 -0.0038626589075581204 0.0030110323025202388 -0.03090477020964881 0.04038688102114478 -0.028454311365321842 -0.019276875029515569 0.020595897365896947 0.013611437874194828 -0.011412789171921355 0.015431931577000006
leaf_weight=210.97685958445072 291.15884147584438 48.52669632434845 84.315146893262863 308.76162306964397 298.509919911623 26.812232166528702 20.543345734477043 105.50968162715435 11.361255064606665 101.44555336236954 117.25426222383976 132.72277817130089 133.58700181543827 337.38469041883945 81.093372702598572 51.098262891173363 20.534932985901833 292.30341482162476 63.953749299049377 139.43962974846363 348.83609645068645 187.95401634275913 52.530248790979385 26.160744100809097 28.517022877931595 14.512066677212713 98.797785207629204 196.98586462438107 19.03350405395031 206.10839676856995
leaf_count=1548 1398 253 476 1447 1277 117 99 658 48 438 523 564 621 1521 425 326 87 1269 384 603 1569 814 234 115 131 67 444 839 98 1167
internal_value=4.50646e-05 -0.00220516 -0.00412886 -0.00340296 0.00233589 -0.00628703 -0.0119982 0.0146364 0.00886655 -0.00368301 -0.00145724 -0.00543009 -0.0113507 -0.00642559 0.0191758 0.0114412 -0.00188929 0.00214719 0.00497617 -0.00943075 -0.00574253 -0.00395472 -0.0124222 0.0074614 0.0119148 0.00641696 0.0153653 0.0104953 0.0161692 0.0112219
internal_weight=4056.73 3630.57 3259.07 3174.75 1061.91 2112.84 660.538 371.506 265.996 1452.3 753.149 1257.5 475.517 454.639 426.156 215.179 781.987 509.824 164.081 272.162 369.379 341.93 153.976 194.8 167.988 141.827 113.31 217.521 82.9873 254.635
internal_count=19560 16779 14653 14177 4768 9409 3066 2126 1468 6343 3321 5469 2107 2044 2781 1233 3362 2195 907 1167 1668 1486 672 874 757 642 511 926 482 1420
cat_boundaries=0 1
cat_threshold=32
is_linear=0
shrinkage=0.03


Tree=49
num_leaves=31
num_cat=0
split_feature=5 3 29 5 29 5 16 12 12 9 10 17 8 17 17 17 0 28 10 10 28 16 10 28 16 9 12 10 10 3
split_gain=184.483 106.68 73.5146 57.8901 64.1035 52.4141 46.3978 35.4776 38.5868 33.3977 30.053 36.319 30.0206 29.0006 27.5121 24.8637 24.4349 23.3097 36.1686 22.6987 22.5088 37.9621 22.3485 20.7084 22.8231 24.4894 22.0762 20.1806 19.9679 26.4822
threshold=-0.96105405688285817 1.0000000180025095e-35 86.164299011230483 -0.78753387928009022 76.34873199462892 0.29221479594707495 0.42793112993240362 -0.37100000679492945 0.43999999761581426 183.65167999267581 -0.4849999994039535 -0.07885394990444182 -6.6039657592773429 -0.91470986604690541 -0.56213873624801625 1.7078151702880862 11.775074005126955 24.009605407714847 -0.64500001072883595 1.0950000286102297 20.863806724548343 -0.19112948328256604 -0.37499999999999994 22.87558746337891 -0.62602889537811268 -37.663394927978509 0.22399999946355822 0.56499999761581432 -0.79500001668930043 324.63864135742193
decision_type=2 2 2 2 2 2 2 2 2 2 2 2 2 2 2 2 2 2 2 2 2 2 2 2 2 2 2 2 2 2
left_child=22 12 3 6 7 9 10 27 15 14 -3 23 -2 -8 -6 19 -14 -7 -19 20 21 -9 -1 24 -12 -26 -25 -5 -22 -30
right_child=1 2 -4 4 5 17 13 8 -10 -11 11 -13 16 -15 -16 -17 -18 18 -20 -21 28 -23 -24 26 25 -27 -28 -29 29 -31
leaf_value=0.007353283719189572 -0.0030601290742214102 -0.017822624685611105 -0.027840245932537255 -0.018368653095420958 -0.016902547301159754 -0.0042561406328852349 -0.013024497842167802 0.0019334155403357631 -0.019016737954942301 -0.032601168691631904 -0.025422694878572034 0.018207725581011965 0.025091764915291803 0.024322259697624121 -0.0068556917703520752 0.031375324793170734 -0.018565451263202883 -0.021509237625228654 0.015890726828223983 -0.021422876008110839 0.022989081872030873 0.018224544330044844 0.026978507287474758 -0.0014852891596659735 -0.019612799463568965 0.0094830907013716253 0.029456543944264321 0.0049103223971803675 -0.010855405314931711 0.0094165123423953067
leaf_weight=68.263436391949654 52.064046040177345 64.010868921875954 103.42807799577713 111.2425981760025 339.78858822584152 265.43710345029831 20.812096908688545 291.56765529513359 60.866129741072655 59.092767730355263 48.907909885048866 114.7544106990099 187.0751581043005 145.5873017013073 886.37160621583462 31.240771532058716 11.591873615980147 26.826760143041611 143.82422657310963 28.355904951691628 26.389077812433243 229.88853414356709 234.94136890023947 59.182721763849258 39.657349437475204 71.398690730333328 30.885299131274223 47.273464143276215 169.16166752576828 87.073303014039993
leaf_count=439 274 276 571 500 1619 1167 95 1274 257 287 211 568 1157 799 4022 142 51 116 651 123 110 1011 1688 276 170 311 156 201 743 365
internal_value=0.000129015 -0.00169149 -0.00304624 -0.00228395 -0.00408755 -0.00768373 0.00620669 0.00162979 0.00388042 -0.010731 0.000975268 0.00431353 0.017173 0.0196013 -0.00965134 0.00551419 0.0224642 0.00130142 0.0099203 0.00450715 0.00544705 0.00913664 0.0225988 -0.00211046 -0.00857108 -0.000989158 0.00933195 -0.011439 -0.00136865 -0.00395681
internal_weight=4056.96 3753.76 3503.02 3399.6 2804.4 1721.34 595.197 1083.06 924.543 1285.25 428.797 364.786 250.731 166.399 1226.16 863.677 198.667 436.088 170.651 832.436 804.08 521.456 303.205 250.032 159.964 111.056 90.068 158.516 282.624 256.235
internal_count=19630 17503 16021 15450 12588 7862 2862 4726 4025 5928 1968 1692 1482 894 5641 3768 1208 1934 767 3626 3503 2285 2127 1124 692 481 432 701 1218 1108
is_linear=0
shrinkage=0.03


Tree=50
num_leaves=31
num_cat=1
split_feature=5 5 29 31 0 29 5 8 16 28 17 17 10 16 9 12 9 10 14 10 14 12 10 14 14 10 3 12 12 17
split_gain=165.202 119.661 79.1614 62.3612 47.4551 37.4204 35.952 34.7443 33.0677 33.9832 32.6316 29.6013 28.9338 28.3147 28.2113 26.817 28.6993 26.5555 71.4436 82.4858 57.384 23.5451 38.7921 23.1184 22.7564 38.9964 32.4813 21.7276 43.2363 23.3153
threshold=-0.83753159642219532 0.45150023698806768 76.34873199462892 0 3.0111782550811772 86.164299011230483 -0.98902499675750721 -6.6039657592773429 1.0635380148887636 20.863806724548343 -0.65381282567977894 1.5491908192634585 0.37500000000000006 0.060905499383807189 183.65167999267581 -1.0000000180025095e-35 -95.571743011474595 0.35999999940395361 0.30500000715255743 0.16000000387430194 0.76499998569488536 0.1970000043511391 -0.34499999880790705 -0.10500000044703482 -0.6599999964237212 -0.35500000417232508 118.24196624755861 0.25150000303983694 0.15450000017881396 0.56336399912834179
decision_type=2 2 2 1 2 2 2 2 2 2 2 2 2 2 2 2 2 2 2 2 2 2 2 2 2 2 2 2 2 2
left_child=3 2 8 -1 7 14 -5 -3 9 15 -8 27 -6 -12 17 24 -17 18 -4 -20 -19 -18 -23 -15 -2 -26 -27 28 29 -11
right_child=1 4 5 6 12 -7 10 -9 -10 11 13 -13 -14 23 -16 16 21 20 19 -21 -22 22 -24 -25 25 26 -28 -29 -30 -31
leaf_value=0.021928046998261081 -0.025836220636555732 0.0019805590197052524 -0.0099367977954314072 0.025569216203549353 -0.0091814508534777389 -0.032078922362330821 -0.013755869137295075 0.020050027373931373 0.017347016086290357 -0.015581212436082327 -0.0030269041948854749 0.031829857746941435 0.019228934409003924 0.0027006716168096493 -0.028160802876525445 -0.020493712094872361 0.021987997808922185 -0.027005010090230465 0.049547786658343911 0.0010837014885495154 -0.0023172175039800481 -0.037724426255203926 0.010712263501670257 0.029603998145222445 0.029232535348540957 -0.020838715931768899 0.0031731156683971764 -0.027732919278127811 0.029260487085690613 0.0081746570606903868
leaf_weight=341.12772708386183 32.805723428726196 141.59175124764442 878.00028890371323 60.317811876535416 158.50291407108307 64.855967313051224 99.697804614901543 296.48432378470898 97.4882632791996 190.70296239852905 131.27448636293411 14.592283815145491 39.465377300977707 53.335285007953644 65.035489842295647 23.808794572949409 131.89356136322021 179.95454196631908 35.917808949947357 220.04422746598721 159.74447198212147 16.584523111581802 95.993044167757034 61.916407480835915 35.282563433051109 71.916415646672249 165.74571740627289 53.993366286158562 25.757145881652832 45.458903178572655
leaf_count=2170 154 692 4023 439 695 402 458 1703 434 835 638 62 195 294 315 98 574 851 154 970 702 71 414 349 150 317 702 227 105 190
internal_value=4.54849e-06 -0.00292816 -0.00577598 0.0127066 0.00872878 -0.00990747 0.00429083 0.0142276 0.000838989 -0.000957392 0.000644399 -0.00860645 -0.00344961 0.00650007 -0.00895272 0.00345395 0.0103583 -0.00808651 -0.00587306 0.00805077 -0.0154364 0.0134342 0.00330742 0.0172842 -0.00261829 0.00025644 -0.00414972 -0.0105688 -0.00693846 -0.0109932
internal_weight=3989.29 3241.62 2605.58 747.67 636.044 1603.55 406.542 438.076 1002.02 904.535 346.224 330.505 197.968 246.526 1538.7 574.03 268.28 1473.66 1133.96 255.962 339.699 244.471 112.578 115.252 305.75 272.945 237.662 315.912 261.919 236.162
internal_count=19383 15035 11750 4348 3285 7417 2178 2395 4333 3899 1739 1419 890 1281 7015 2480 1157 6700 5147 1124 1553 1059 485 643 1323 1169 1019 1357 1130 1025
cat_boundaries=0 1
cat_threshold=10
is_linear=0
shrinkage=0.03


Tree=51
num_leaves=31
num_cat=2
split_feature=6 29 6 17 31 11 12 2 16 6 31 2 12 17 14 10 14 9 6 1 10 16 18 16 29 12 10 14 14 14
split_gain=160.163 91.1696 77.5744 85.2204 47.9723 59.4141 48.4038 46.9446 43.0319 40.406 40.3784 39.3 36.1387 35.8397 34.5684 33.6338 65.6584 30.7162 30.6379 30.2705 28.6729 46.1375 28.0706 31.382 27.5158 27.3046 29.8253 25.3394 25.2682 24.1672
threshold=-0.27338597923517222 86.164299011230483 -0.82436862587928761 0.59293398261070263 0 89.500000000000014 -0.027500000782310959 10.671154975891115 0.42793112993240362 -0.88835394382476796 1 205.270133972168 0.42849999666213995 0.56336399912834179 -0.79499998688697804 -0.35500000417232508 -0.11999999731779097 -93.791568756103501 -0.94107943773269642 28.210255622863773 -0.074999999254941926 0.26034356653690344 2.1211340427398686 -0.56367722153663624 76.151096343994155 -0.17249999940395352 0.19500000029802325 -0.37499999999999994 -0.74500000476837147 -0.36500000953674311
decision_type=2 2 2 2 1 2 2 2 2 2 1 2 2 2 2 2 2 2 2 2 2 2 2 2 2 2 2 2 2 2
left_child=1 2 4 7 6 12 15 -4 10 17 11 -9 13 18 -12 29 -17 -8 -6 -15 -21 -22 23 -18 -19 -13 -27 -7 -20 -1
right_child=-2 -3 3 -5 5 27 9 8 -10 -11 14 25 -14 19 -16 16 22 24 28 20 21 -23 -24 -25 -26 26 -28 -29 -30 -31
leaf_value=-0.0024722296315794917 0.021429560016147226 -0.028653081617397803 0.016161386138167567 0.017564524830544239 -0.017755045938626413 -0.014419655270116082 -0.018828428396691181 0.025172865747687876 0.009597438412116811 -0.011661760235118094 -0.026266086574969743 0.015310114998295755 -0.033684323107625466 0.017341235982548359 -0.0057399019314042614 -0.030869971296884645 0.015797004971234801 0.022462797505181462 -0.040067054112481987 -0.019568578902023993 -0.014465925506329498 0.026170730345334323 -0.03109445653915224 -0.0064808166238162629 0.0060681817952718967 -0.031010238013785274 0.018509124142886503 0.024769106807303948 -0.0027076497612094331 0.029468564571255681
leaf_weight=52.492189228534698 290.91201594471931 108.20685969293118 149.74549049139023 338.45642167329788 440.95870195329189 18.665095806121826 28.191425770521164 70.841057881712914 232.17380318045616 85.774966090917587 84.278958961367607 36.462529227137566 58.082665503025055 67.806187078356743 559.19651971757412 100.75215184688568 79.016888916492462 162.28890074789524 16.386921897530556 78.040724620223045 52.682149320840836 46.348250970244408 27.969526410102844 196.0567951053381 213.86163623631001 39.853703826665878 14.193853393197058 62.368101373314857 262.76589575409889 34.740018293261528
leaf_count=221 2090 601 935 1817 2174 79 115 330 1142 365 393 168 281 284 2430 479 336 731 79 366 245 208 124 836 864 179 64 294 1189 144
internal_value=3.16999e-05 -0.00164757 -0.000830497 0.00430968 -0.00459041 -0.00883588 0.000278377 0.000517832 -0.00175453 0.0069437 -0.00503716 0.00810173 -0.0108771 -0.0094709 -0.00833556 -0.00636952 -0.0100173 0.0109096 -0.0128383 0.000443498 -0.00608823 0.00462436 -0.00300567 -4.73126e-05 0.0131824 -0.00450336 -0.0179056 0.0156767 -0.00503592 0.0104379
internal_weight=4009.57 3718.66 3610.45 1525.2 2085.25 1104.1 981.144 1186.75 1037 490.117 804.827 161.351 1023.07 964.989 643.475 491.028 403.795 404.342 720.112 244.877 177.071 99.0304 303.043 275.074 376.151 90.5101 54.0476 81.0332 279.153 87.2322
internal_count=19563 17473 16872 7458 9414 5199 4215 5641 4706 2075 3564 741 4826 4545 2823 2140 1775 1710 3442 1103 819 453 1296 1172 1595 411 243 373 1268 365
cat_boundaries=0 1 2
cat_threshold=4 8
is_linear=0
shrinkage=0.03


Tree=52
num_leaves=31
num_cat=2
split_feature=6 32 17 32 2 14 21 2 14 10 10 14 14 6 6 4 16 28 10 14 10 28 18 14 10 16 14 6 14 7
split_gain=151.432 87.8609 57.7538 51.8162 50.2367 46.7567 38.5236 34.2434 31.3289 75.8447 64.9208 33.7882 31.6259 29.0633 27.9335 27.6037 26.9519 26.2195 26.1235 32.8795 32.9447 25.7467 24.8009 25.8301 35.464 23.8635 22.7329 21.718 19.439 19.0041
threshold=-0.77289488911628712 0 -0.66136500239372242 1 199.53227233886722 -0.73000001907348622 1.0000000180025095e-35 47.575702667236335 0.20499999821186068 -0.32500000298023218 0.16000000387430194 -0.11999999731779097 0.014999999664723875 -0.18987156450748441 -0.61626377701759327 23.500000000000004 0.060905499383807189 18.289889335632328 0.31000000238418585 0.089999999850988402 0.095000002533197417 24.994574546813968 0.81021401286125194 0.9650000035762788 0.53000000119209301 -0.1622507497668266 0.30500000715255743 -0.27338597923517222 -1.0349999666213987 -28.034340858459469
decision_type=2 1 2 1 2 2 2 2 2 2 2 2 2 2 2 10 2 2 2 2 2 2 2 2 2 2 2 2 2 2
left_child=3 4 13 8 -2 27 14 -7 9 28 26 25 21 -3 -6 18 17 -9 19 -5 -21 -13 -12 24 -24 -11 -10 -4 -1 -25
right_child=1 2 5 15 6 7 -8 16 10 11 22 12 -14 -15 -16 -17 -18 -19 -20 20 -22 -23 23 29 -26 -27 -28 -29 -30 -31
leaf_value=-0.016777411787872242 0.025741473489671166 -0.014293965274256455 -0.025017401943393289 -0.017775945974990832 0.0020205620698717486 0.02297088837965347 -0.01058465317268918 -0.027033697786435815 0.0067589938173262401 -0.028868302886606096 -0.0086259354120496665 0.012980618605459616 -0.013747940018794631 0.022704310090962656 0.021171201551333393 -0.0012611781232331892 0.012340690694323368 0.0018918130166671989 -0.026586610894410018 0.030400291019261318 -0.0067519382285869929 -0.024570183249906445 0.0059520746112935591 -0.011529096452704937 -0.014724061322603127 -0.010345721267880621 0.03949667672614942 0.013395947020832544 0.0054146493728725069 0.024754613027133252
leaf_weight=37.83136186003685 270.94337264448404 225.11647099256516 58.226943746209145 236.78624077141285 113.67575241625309 117.63738974928856 73.898891359567642 31.209971442818642 30.644064947962761 145.49737600982189 223.87478373944759 93.433681920170784 179.09310786426067 19.981163486838341 172.56071698665619 163.12940038740635 233.92320020496845 225.97645497322083 137.57389871776104 26.279916182160378 100.07873171567917 18.939029946923256 261.1538617759943 15.241622492671011 103.39074467122555 112.22518786787987 51.829085513949394 16.366676807403564 419.62111680209637 70.703224569559097
leaf_count=170 1687 1032 282 1239 487 688 353 146 141 700 993 396 809 147 1047 754 1292 1075 729 130 505 93 1135 63 459 504 232 99 1816 308
internal_value=-5.57207e-05 0.00723594 0.00125412 -0.00474154 0.0157514 0.00574846 0.0086212 0.00850019 -0.00199651 -0.00547269 0.0026018 -0.0129783 -0.00594944 -0.0111977 0.0135992 -0.0118119 0.00499433 -0.00170945 -0.0154753 -0.0112044 0.00115296 0.006491 -0.000486726 0.00356827 6.37504e-05 -0.0208738 0.0275592 -0.0165234 0.00354677 0.0182614
internal_weight=3986.84 1559.52 928.438 2427.33 631.079 683.341 360.135 608.747 1763.48 1006.64 756.837 549.188 291.466 245.098 286.236 663.848 491.11 257.186 500.719 363.145 126.359 112.373 674.364 450.489 364.545 257.723 82.4732 74.5936 457.452 85.9448
internal_count=19511 8335 4761 11176 3574 3582 1887 3201 7819 4488 3331 2502 1298 1179 1534 3357 2513 1221 2603 1874 635 489 2958 1965 1594 1204 373 381 1986 371
cat_boundaries=0 1 2
cat_threshold=56 44
is_linear=0
shrinkage=0.03


Tree=53
num_leaves=31
num_cat=2
split_feature=5 5 29 16 17 5 1 5 10 3 14 5 14 4 16 0 29 29 5 32 32 10 14 8 4 12 17 12 3 14
split_gain=138.349 88.5693 65.9012 45.489 36.7349 41.3707 38.6072 32.8615 42.067 47.6815 39.557 30.9645 30.595 44.0928 28.3317 26.883 24.6903 24.3812 42.7732 25.6404 22.6733 22.5204 19.6304 19.466 19.1727 17.3778 17.7583 16.9657 22.6563 16.7379
threshold=-0.96105405688285817 0.63088810443878185 86.164299011230483 0.96688616275787365 0.59293398261070263 -0.67050644755363453 28.819584846496586 0.33273787796497351 -0.91499999165534962 86.642669677734389 -1.0600000023841856 -0.73172146081924427 -0.095000002533197389 228.50000000000003 -0.33059918880462641 3.1408208608627324 77.084831237792983 76.34873199462892 -0.75976759195327748 0 1 -0.37499999999999994 0.42499999701976782 -37.804857254028313 46.500000000000007 0.13350000232458117 -0.38627845048904413 -0.26850000023841852 50.546270370483406 -0.15999999642372129
decision_type=2 2 2 2 2 2 2 2 2 2 2 2 2 10 2 2 2 2 2 1 1 2 2 2 10 2 2 2 2 2
left_child=20 2 3 4 7 -6 -7 8 -2 27 -11 -5 13 24 -14 -3 22 23 19 -19 -1 -22 -16 -12 -9 26 -17 28 -10 -25
right_child=1 15 -4 11 5 6 -8 12 9 10 17 -13 14 -15 16 25 -18 18 -20 -21 21 -23 -24 29 -26 -27 -28 -29 -30 -31
leaf_value=0.029395710882197598 0.027727052056993884 0.023125298349388482 -0.02753121044350328 0.022292520917652766 0.020236752937238364 0.010603885764878593 -0.0068551264721137053 -0.0091801470379309965 0.020029059276081358 -0.030646579164440992 -0.0076050397281103715 0.0028593803176890317 0.019544548799213374 -0.025487791442202413 -0.022710071648168094 -0.013139079290798885 0.016238695546745986 0.017317162224744862 -0.01183823827497908 -0.0028078318286439696 -0.0098875827865981866 0.016946680000206719 0.0059677624966391644 -0.0033667697205995344 0.013714703929279972 -0.029390151276801765 0.024307630407627134 -0.022017528605430388 -0.022051733688599928 0.0087636912362710762
leaf_weight=129.32455929368734 30.679468810558319 163.8953466117382 91.617732167243958 96.812945827841759 107.81268621981144 182.51860858500004 299.88307332992554 57.12030203640461 21.381378650665283 52.056501552462578 190.41289733350277 302.07167269289494 122.86135286092758 69.796716600656509 47.563356474041939 19.024527981877327 50.076452299952507 62.832200840115547 625.48280881345272 241.82597413659096 36.017475038766861 119.27071213722229 37.916505932807922 169.96750916540623 75.06857094168663 13.349786698818205 25.726140528917313 228.17303152382374 22.723682597279549 254.81085793673992
leaf_count=1050 141 1101 537 534 539 821 1346 249 97 240 825 1355 580 310 202 85 219 317 2965 1094 215 829 165 767 348 62 136 1082 110 1110
internal_value=0.000186654 -0.00138083 -0.00256736 -0.00187659 -0.0031624 0.00352737 -0.000241168 -0.0048357 -0.00657721 -0.00715464 -0.00516973 0.00761993 0.0023512 -0.00637852 0.00917284 0.0169423 -0.000301838 -0.00429225 -0.00735418 0.00186048 0.0202971 0.0100559 -0.0100675 0.000341674 0.00382693 -0.000595547 0.00844895 -0.018738 -0.00165991 0.0039134
internal_weight=3948.07 3663.46 3441.47 3349.85 2950.96 590.214 482.402 2360.75 1900.35 1869.67 1597.39 398.885 460.403 201.986 258.418 221.996 135.556 1545.33 930.141 304.658 284.613 155.288 85.4799 615.191 132.189 58.1005 44.7507 272.278 44.1051 424.778
internal_count=19431 17337 15953 15416 13527 2706 2167 10821 8748 8607 7318 1889 2073 907 1166 1384 586 7078 4376 1411 2094 1044 367 2702 597 283 221 1289 207 1877
cat_boundaries=0 1 2
cat_threshold=32 120
is_linear=0
shrinkage=0.03


Tree=54
num_leaves=31
num_cat=2
split_feature=5 5 29 31 29 17 10 5 5 9 29 10 14 17 10 32 17 14 2 16 10 12 17 16 10 4 14 28 10 5
split_gain=141.806 102.811 56.7893 47.2789 42.2165 33.3879 31.6653 30.5065 44.9368 36.0217 35.747 25.7011 30.3881 25.2044 27.3108 23.0648 29.8895 22.9169 22.7633 22.2991 22.3373 35.4614 22.0701 21.1212 26.9518 19.2186 18.992 18.6383 28.4697 21.7892
threshold=-0.88134551048278797 0.56202840805053722 86.164299011230483 0 75.77988433837892 1.141010642051697 0.37500000000000006 -0.70125329494476307 0.25061884522438055 -103.05646514892577 77.084831237792983 -0.35500000417232508 -1.0349999666213987 0.30629649758338934 0.49500000476837164 1 0.40543007850646978 1.0249999761581423 49.909151077270515 0.92502808570861828 0.27500000596046453 -0.46099999547004694 -0.15506546199321744 -0.063237648457288728 1.0950000286102297 252.50000000000003 0.39499999582767492 24.009605407714847 -0.64500001072883595 0.3732354491949082
decision_type=2 2 2 1 2 2 2 2 2 2 2 2 2 2 2 1 2 2 2 2 2 2 2 2 2 8 2 2 2 2
left_child=3 2 4 -1 23 7 15 9 10 -6 11 12 -9 14 19 16 -3 27 -14 20 21 -5 -11 26 -25 -17 -2 -10 -29 -30
right_child=1 6 -4 13 5 -7 -8 8 17 22 -12 -13 18 -15 -16 25 -18 -19 -20 -21 -22 -23 -24 24 -26 -27 -28 28 29 -31
leaf_value=0.023318267330705373 -0.0054653174616505432 -0.014167887008171247 -0.029954216574689288 -0.050210722937566711 0.019323773769407374 0.005856906431235499 0.027685918362100794 -0.024015956573946447 -0.0060659153233027698 -0.0096989848666527746 -0.016947558738330485 -0.0094600783400944216 -0.016118958355736707 0.019604221936611953 0.023299576280935298 0.020833171785233945 0.015273809948452566 0.024747833536476294 0.018870270576431199 0.017434863627686946 -0.030568524594659148 0.00213895697329884 0.005950175937040331 0.012306345936104027 -0.020830580609523065 -0.017260803781461949 0.010958780287847476 -0.026876748844597644 -0.0071362125623668409 0.021873042687239608
leaf_weight=251.35542991757393 261.60862113535404 75.0599465072155 73.351436361670494 11.906237527728079 76.498911961913109 218.9123832732439 96.016550958156586 24.811730355024338 300.85410767793655 199.27429583668709 543.71696770191193 554.07852640748024 19.871233642101288 85.029234483838081 38.872556194663048 115.30959722399712 51.438947126269341 29.912123039364815 86.613602846860886 35.18805156648159 32.211970522999763 118.58916243910789 135.44381560385227 260.75785581767559 23.225076153874397 12.525931343436239 82.531422525644302 17.590163454413414 32.595200687646866 77.323993876576424
leaf_count=1809 1137 381 459 50 339 982 635 115 1288 868 2764 2438 84 558 230 699 304 125 359 207 175 618 600 1165 96 69 356 77 146 339
internal_value=7.66731e-05 -0.0022711 -0.00405742 0.0138581 -0.00340259 -0.00527193 0.0130893 -0.00643507 -0.00821974 0.000890256 -0.0112071 -0.00663502 0.00526829 0.00552591 0.00064126 0.00749199 -0.00201213 -0.000200784 0.0122517 -0.00390428 -0.00859751 -0.00298288 -0.00336768 0.00349188 0.00953271 0.0157714 -0.00150616 -0.0019965 0.00757765 0.0132839
internal_weight=3942.48 3369.32 3018.97 573.153 2945.62 2317.5 350.351 2098.58 1687.37 411.217 1229.09 685.375 131.297 321.797 236.768 254.334 126.499 458.276 106.485 197.895 162.707 130.495 334.718 628.123 283.983 127.836 344.14 428.363 127.509 109.919
internal_count=19472 15825 13737 3647 13278 10524 2088 9542 7735 1807 5760 2996 558 1838 1280 1453 685 1975 443 1050 843 668 1468 2754 1261 768 1493 1850 562 485
cat_boundaries=0 1 2
cat_threshold=10 5
is_linear=0
shrinkage=0.03


Tree=55
num_leaves=31
num_cat=1
split_feature=5 5 17 0 5 31 10 10 10 12 2 10 10 12 5 5 10 12 12 2 16 28 10 28 7 28 7 10 10 12
split_gain=142.012 85.889 41.1473 37.8525 36.8288 32.4606 48.6785 31.9944 32.0814 35.6547 32.4969 31.3303 37.2596 31.0054 29.9837 34.6926 29.5895 28.6823 27.3056 23.0131 21.2923 23.2477 19.4841 19.0742 18.2852 17.8722 16.6566 20.233 44.8367 43.2843
threshold=-0.96105405688285817 0.63088810443878185 0.41494375467300421 25.566171646118168 -0.73172146081924427 0 1.1600000262260439 0.16000000387430194 -0.12499999627470969 -0.37800000607967371 315.82583618164068 -0.33500000834465021 -0.64500001072883595 -0.37100000679492945 -0.75976759195327748 0.48901963233947759 -0.62499999999999989 0.11199999973177911 0.42849999666213995 69.823360443115249 -0.22490999102592465 18.840229988098148 -0.37499999999999994 24.009605407714847 -5.3632299900054923 25.763958930969242 -21.878076553344723 0.2650000005960465 -0.060000000521540635 -0.37100000679492945
decision_type=2 2 2 2 2 1 2 2 2 2 2 2 2 2 2 2 2 2 2 2 2 2 2 2 2 2 2 2 2 2
left_child=22 2 5 24 16 20 7 8 11 -10 23 12 17 -6 -9 -16 -4 -7 25 -19 21 -2 -1 -11 -3 -15 -22 28 29 -28
right_child=1 3 4 -5 13 6 -8 14 9 10 -12 -13 -14 18 15 -17 -18 19 -20 -21 26 -23 -24 -25 -26 -27 27 -29 -30 -31
leaf_value=0.0059715205489737962 -0.011256413909148881 -0.0078224731537693132 -0.01549317987694562 -0.028721536540061817 -0.015716165223081412 -0.032465706801660908 0.026651527045988752 1.0222339298102872e-05 -0.02115782029265692 0.030030604786027367 -0.012498397773194227 -0.02427455587273698 0.0051711389671794516 0.0052438778923058014 -0.025541746023323542 0.010773579991181108 0.021211564750969372 -0.02227394030457077 -0.019156292336903646 0.027522364509730366 -0.0065637986998942389 -0.0012085176659994295 0.024957675259847 -0.0052324646701568962 0.022990097856458416 -0.012272269938994548 -0.027803821221272645 -0.0029234805115357608 0.025152566782307824 0.0068815270546935528
leaf_weight=64.021947525441647 368.00551982223988 18.669934079051018 22.474847212433815 14.52542160451412 99.784667238593102 56.249581053853035 31.084726303815842 67.580223262310028 33.901813268661499 67.656485930085182 31.136729344725609 109.37225720286369 135.27246567606926 597.14576338231564 256.60016302764416 25.525269791483879 131.90561402589083 15.453915372490885 49.631059929728508 15.980082169175146 182.939966827631 473.36030758917332 212.05911241471767 16.943364813923836 181.54883998632431 56.515889540314674 37.456150695681572 237.60188828408718 100.81149087846279 204.01130926609039
leaf_count=434 1624 101 99 61 458 277 150 330 167 338 144 551 635 2662 1263 133 728 69 232 78 831 2221 1647 83 1202 294 177 1071 452 899
internal_value=-0.000111558 -0.00168747 -0.00284336 0.0166727 0.00243343 -0.00489152 -0.00954789 -0.0110459 -0.006014 0.0054953 0.013417 -0.0111973 -0.00470238 -0.000153094 -0.0179441 -0.0222297 0.0158027 -0.0198211 0.00207421 0.00310904 -0.002309 -0.00561152 0.0205923 0.0229896 0.0200923 0.00371299 0.00130592 0.00379568 0.00845488 0.0014087
internal_weight=3915.23 3639.15 3424.4 214.744 957.458 2466.94 862.757 831.672 481.967 149.638 115.737 332.328 222.956 803.077 349.706 282.125 154.38 87.6836 703.293 31.434 1604.19 841.366 276.081 84.5999 200.219 653.662 762.821 579.881 342.279 241.467
internal_count=19411 17330 15966 1364 4473 11493 4218 4068 2342 732 565 1610 1059 3646 1726 1396 827 424 3188 147 7275 3845 2081 421 1303 2956 3430 2599 1528 1076
cat_boundaries=0 1
cat_threshold=12
is_linear=0
shrinkage=0.03


Tree=56
num_leaves=31
num_cat=0
split_feature=5 3 29 5 29 5 16 7 9 12 12 28 12 12 12 12 28 10 28 9 29 10 14 3 12 16 5 12 1 18
split_gain=131.63 83.0918 59.711 47.2388 50.2384 45.4212 37.5148 35.8226 28.2035 33.7878 49.4994 39.6581 28.7013 39.264 26.4452 30.1398 24.1861 28.5027 23.3318 22.578 20.9492 27.8154 24.31 25.216 47.4304 20.9324 28.324 20.4747 19.9616 20.0583
threshold=-0.96105405688285817 1.0000000180025095e-35 86.164299011230483 -0.78753387928009022 76.34873199462892 0.25061884522438055 0.42793112993240362 -4.5858092308044425 183.65167999267581 0.028500000014901165 -0.17249999940395352 18.289889335632328 0.1095000021159649 0.092000000178813948 -0.35050000250339503 -0.26850000023841852 24.009605407714847 -0.64500001072883595 22.87558746337891 -89.005546569824205 75.224540710449233 -0.79500001668930043 -0.6599999964237212 181.35945129394534 0.42849999666213995 0.57686099410057079 0.4124008715152741 0.15450000017881396 70.73044586181642 1.8298299908638003
decision_type=2 2 2 2 2 2 2 2 2 2 2 2 2 2 2 2 2 2 2 2 2 2 2 2 2 2 2 2 2 2
left_child=-1 7 3 6 20 8 18 -2 9 10 14 -11 13 19 -6 -16 -7 -18 -3 -13 -5 -22 -23 25 27 26 -24 -25 29 -17
right_child=1 2 -4 4 5 16 -8 -9 -10 11 -12 12 -14 -15 15 28 17 -19 -20 -21 21 22 23 24 -26 -27 -28 -29 -30 -31
leaf_value=0.020257736003201434 -0.0063759448628708968 -0.0040037384134111956 -0.026103906703937304 0.014919020434738226 -0.013753613459733995 -0.004127816708268184 0.0183991238017111 0.021591459110834817 -0.030764754574853136 0.017590831294358851 -0.023493540526418739 0.023110478496006399 -0.010883783183748653 0.044643885752718326 0.028570195456284215 -0.024258929707172316 -0.018995351830150001 0.015263240035828005 0.010640895487105241 -0.0096092768382487152 0.018493915233219742 -0.02529664909901579 -0.013311704548101376 0.005635055409003391 -0.024004528725542734 0.0069431617885864312 0.0055440657777198355 0.024873927747457836 0.0079527531479489776 0.011365093649712443
leaf_weight=271.74118352681398 52.037493422627449 272.73824389278889 93.251577734947205 94.548098117113113 199.95228977501392 275.77655988931656 156.17992526292801 190.36959762871265 54.426258310675621 70.446992605924606 260.50442166626453 24.292299523949623 338.39723311364651 18.950077801942825 31.016534134745598 51.834609255194664 24.79882450401783 145.91516614705324 151.45220045000315 75.089361935853958 68.538275167346001 35.154946401715279 268.50423645973206 306.702462464571 43.561561480164528 103.20291118323803 97.046062141656876 58.691365316510201 66.927604019641876 18.784080266952515
leaf_count=2081 266 1231 551 424 978 1222 879 1245 276 289 1288 104 1591 83 136 233 110 669 754 346 296 174 1194 1320 184 449 463 254 298 81
internal_value=0.000154107 -0.00134811 -0.00255732 -0.00188696 -0.00353774 -0.00681368 0.0058796 0.0155862 -0.00982791 -0.0088166 -0.0135066 -0.00320558 -0.00644469 0.00623474 -0.00640232 0.00234761 0.00136285 0.010205 0.00123768 -0.00146089 0.00150929 0.000203528 -0.00118846 -0.000195161 0.00524203 -0.00493981 -0.00830442 0.00878475 -0.00372909 -0.0147568
internal_weight=3920.83 3649.09 3406.68 3313.43 2733.06 1657.11 580.37 242.407 1210.62 1156.2 629.02 527.176 456.729 118.332 368.515 168.563 446.491 170.714 424.19 99.3817 1075.95 981.402 912.864 877.709 408.955 468.753 365.55 365.394 137.546 70.6187
internal_count=19469 17388 15877 15326 12462 7704 2864 1511 5703 5427 3014 2413 2124 533 1726 748 2001 779 1985 450 4758 4334 4038 3864 1758 2106 1657 1574 612 314
is_linear=0
shrinkage=0.03


Tree=57
num_leaves=31
num_cat=0
split_feature=5 5 29 14 5 17 29 4 4 9 10 14 9 5 14 12 12 12 14 10 10 5 10 29 12 16 10 14 28 28
split_gain=131.275 82.806 54.3058 42.0439 40.7635 51.8081 34.5029 36.9178 35.7083 35.6065 30.5729 27.6347 26.6912 27.7125 25.9249 21.9059 21.8298 31.4797 39.6328 37.4622 29.3805 37.4047 24.8951 23.455 22.1136 21.9166 25.4895 24.5899 21.5847 21.3522
threshold=-0.96105405688285817 0.63088810443878185 86.164299011230483 -1.0349999666213987 -0.83753159642219532 -0.40205584466457361 76.151096343994155 55.500000000000007 168.50000000000003 -10.897905826568602 -0.91499999165534962 -0.53999999165534962 219.51387023925784 -0.67050644755363453 0.47499999403953558 -0.16650000214576718 0.36050000786781317 -0.028500000014901158 0.39499999582767492 0.2950000017881394 -0.31000000238418574 -0.090113466605544076 -0.5349999964237212 75.522090911865249 -0.12299999967217444 0.070914063602685942 -0.62499999999999989 0.074999999254941954 22.87558746337891 18.543931961059574
decision_type=2 2 2 2 2 2 2 10 10 2 2 2 2 2 2 2 2 2 2 2 2 2 2 2 2 2 2 2 2 2
left_child=-1 2 3 10 5 11 16 12 9 -9 -2 -5 13 14 -8 -10 17 18 20 -20 22 -22 -6 -18 -21 26 -19 -28 -13 -15
right_child=1 -3 -4 4 6 -7 7 8 15 -11 -12 28 -14 29 -16 -17 23 25 19 24 21 -23 -24 -25 -26 -27 27 -29 -30 -31
leaf_value=0.020112471209243431 0.020739429624316113 0.016397948674980706 -0.02614376577299533 0.026047377529476643 -0.013762847018475983 0.018459386528705771 -0.0028610338185739272 -0.0011318267358975177 0.010588677038479396 0.027162733042919201 -0.023565909392774888 -0.016300342879326316 -0.030041331757097334 -0.001714620353256121 0.01954030623954783 -0.011105663987220633 0.010999789470575349 0.025751939350301137 0.041660723139984555 0.011673919727423017 -0.0027154720021370592 -0.025185424679188429 0.021405064011860708 -0.01956483063574559 -0.023548044064167318 0.018091493151498939 -0.010727017042247376 0.010394539461070716 0.0069398486598842152 -0.01106566028170858
leaf_weight=266.99389985203743 15.075854763388632 214.19813498109579 86.335144236683846 23.293026462197304 26.6900325268507 195.28821545094252 210.2743596881628 74.977828979492188 57.664922371506691 84.684332177042961 120.00223867595196 103.46328821033239 44.134808868169785 297.97327151894569 58.629381239414215 146.13103772699833 30.963584184646606 38.462836220860481 30.055199265480042 64.810904115438461 177.62589989602566 106.01394046843052 51.996914982795715 77.573073491454124 20.227477058768272 161.51780042052269 103.06771562993526 93.798536494374275 54.151090152561665 840.79646550118923
leaf_count=2067 70 1387 532 115 114 1086 913 335 262 413 564 475 224 1275 255 666 137 168 136 285 787 493 225 338 88 742 438 415 290 4071
internal_value=-0.000145868 -0.00164937 -0.00279228 -0.00217537 -0.00147487 0.00778398 -0.00272204 -0.00517228 0.0033711 0.0139512 -0.018505 -0.00377817 -0.00731195 -0.00657849 0.00207746 -0.00494543 0.00180428 0.00338267 -0.00180751 0.0134563 -0.00667976 -0.0111729 0.00945335 -0.0108245 0.0031196 0.00961547 0.00374603 -0.000661806 -0.00832237 -0.0086225
internal_weight=3876.87 3609.88 3395.68 3309.34 3174.27 376.196 2798.07 1815.27 363.458 159.662 135.078 180.907 1451.81 1407.67 268.904 203.796 982.804 874.267 477.42 115.094 362.327 283.64 78.6869 108.537 85.0384 396.847 235.329 196.866 157.614 1138.77
internal_count=19366 17299 15912 15380 14746 1966 12780 8414 1676 748 634 880 6738 6514 1168 928 4366 3891 2128 509 1619 1280 339 475 373 1763 1021 853 765 5346
is_linear=0
shrinkage=0.03


Tree=58
num_leaves=31
num_cat=2
split_feature=5 5 29 5 17 2 16 7 16 1 31 12 2 12 14 10 10 14 6 12 14 10 10 4 12 12 12 12 31 29
split_gain=121.03 68.6953 58.0125 50.5849 41.3925 33.0937 31.5136 29.4242 30.4875 28.6985 28.6517 38.3258 26.9986 26.0501 45.1039 105.099 59.3598 45.4271 39.1798 37.541 31.1471 29.1124 32.6631 31.1444 25.9936 23.9412 38.1378 21.8095 20.6082 19.8112
threshold=-0.97269129753112782 0.63088810443878185 86.164299011230483 -0.83753159642219532 0.63405978679656994 249.83755493164065 0.64686599373817455 -29.09250450134277 -1.8195750117301939 4.3701298236846933 0 -0.46099999547004694 173.09577941894534 0.43999999761581426 0.15500000119209292 0.22500000149011615 -0.31000000238418574 -0.11999999731779097 -0.90877163410186756 0.23849999904632571 -1.0600000023841856 0.53000000119209301 1.1600000262260439 18.500000000000004 0.12650000303983691 -0.158500000834465 -0.02450000029057264 0.1095000021159649 1 75.522090911865249
decision_type=2 2 2 2 2 2 2 2 2 2 1 2 2 2 2 2 2 2 2 2 2 2 2 10 2 2 2 2 1 2
left_child=-1 2 3 4 6 7 10 -5 -9 -3 -2 -12 -13 14 16 -16 20 -18 24 21 -10 23 29 -17 -19 -22 -27 -28 -24 -23
right_child=1 9 -4 5 -6 -7 -8 8 13 -11 11 12 -14 -15 15 19 17 18 -20 -21 25 22 28 -25 -26 26 27 -29 -30 -31
leaf_value=0.02389197042171538 0.0090971715405619036 0.023842878939971491 -0.025537943683205319 -0.0084336994558402191 0.029913302733774114 -0.0095622118217617777 0.020293816075285888 -0.017037026806269642 -0.034837441554833072 0.00093852229638854219 -0.047288514188183778 -0.012746634746827546 0.011588338420611825 -0.012089008519016595 0.030255314843718621 -0.0021402389271620104 -0.020160005741071057 -0.015475556633698238 0.01546267047877305 0.015414981793455539 0.017125257226810395 0.00753242222628409 -0.0080567517355791228 0.021289586380230784 0.015059737943223371 -0.018757455555922092 0.018343722522919784 0.0013039622811269198 0.020630396063117434 -0.020732442418036973
leaf_weight=184.87840953469276 162.62298147380352 135.82052081078291 90.147517070174217 425.54763336479664 63.637884669005871 531.66814209520817 86.541558384895325 86.629798457026482 16.428113281726837 77.04154996573925 18.954168692231178 104.81044225394726 66.071911841630936 125.37387464940548 146.33652655780315 154.05640372633934 214.00762389600277 132.79637721180916 82.517442435026169 143.71308809518814 128.34407982230186 25.834532678127289 37.851047366857529 75.257100984454155 30.03607289493084 64.0575011074543 95.717229768633842 225.14179140329361 34.856727451086044 144.4124164134264
leaf_count=1561 921 987 552 1941 421 2502 523 416 79 401 83 465 300 550 679 676 1024 619 365 656 560 112 164 357 134 293 431 992 164 663
internal_value=0.00026632 -0.000911971 -0.00191629 -0.00128696 0.00749443 -0.00280031 0.00418397 -0.00129203 0.000259385 0.0155962 0.000182199 -0.00754384 -0.0033248 0.00106643 0.00201454 0.0074935 -0.00221172 -0.0100929 -0.00126558 0.00204578 0.00462912 -0.00204649 -0.00926469 0.00560811 -0.00978547 0.00595763 0.00219924 0.00642839 0.0074953 -0.0164244
internal_weight=3911.11 3726.23 3513.37 3423.22 502.639 2920.58 439.001 2388.92 1963.37 212.862 352.46 189.837 170.882 1876.74 1751.36 762.318 989.046 459.358 245.35 615.981 529.689 472.268 242.955 229.314 162.832 513.261 384.917 320.859 72.7078 170.247
internal_count=19591 18030 16642 16090 2713 13377 2292 10875 8934 1388 1769 848 765 8518 7968 3471 4497 2142 1118 2792 2355 2136 1103 1033 753 2276 1716 1423 328 775
cat_boundaries=0 1 2
cat_threshold=10 4
is_linear=0
shrinkage=0.03


Tree=59
num_leaves=31
num_cat=2
split_feature=5 5 29 31 17 6 12 31 12 3 2 17 17 12 7 10 2 10 10 10 12 12 12 10 16 4 10 29 18 17
split_gain=132.819 74.1294 40.7592 26.3875 26.0525 32.1364 44.3008 64.3581 35.5774 31.226 25.9546 25.9346 24.5547 24.0208 23.4036 24.9871 25.5236 20.8443 65.1288 22.9302 20.7866 40.9316 30.0289 20.6992 20.4837 20.1083 27.6272 25.3169 19.8188 19.7315
threshold=-0.93404099345207203 0.63088810443878185 86.164299011230483 0 0.41494375467300421 -0.96645781397819508 0.024500000290572647 1 -0.25599999725818628 34.680606842041023 6.6270833015441903 -1.898898661136627 -1.7146775126457212 0.42849999666213995 -22.875698089599606 -0.64500001072883595 249.83755493164065 0.16000000387430194 -0.074999999254941926 -0.50999999046325672 -0.66249999403953541 -0.35050000250339503 -0.26850000023841852 0.49500000476837164 -0.45300555229187006 229.50000000000003 -0.66500002145767201 76.484970092773452 1.7617849707603457 0.31397299468517309
decision_type=2 2 2 1 2 2 2 1 2 2 2 2 2 2 2 2 2 2 2 2 2 2 2 2 2 10 2 2 2 2
left_child=3 2 4 -1 5 6 8 17 9 -2 -3 -7 -13 20 -14 25 -17 18 19 -8 -6 -22 -23 29 -9 26 27 -16 -24 -5
right_child=1 10 -4 23 13 11 7 24 -10 -11 -12 12 14 -15 15 16 -18 -19 -20 -21 21 22 28 -25 -26 -27 -28 -29 -30 -31
leaf_value=0.025588441408582588 0.031139570365184582 0.024659657028769561 -0.02401164006680765 -0.0015250024589936501 0.028097534185117193 0.023274309049639685 0.007397761182157468 -0.00032407178584367257 -0.025494877416899521 -0.011072968467486734 0.0035233930038537603 -0.028251968110667311 -0.007806951923994606 -0.016830861694123331 0.016853324671771058 0.0043935286354900554 -0.0066301874447485341 -0.029812349793163218 0.051530746137097891 -0.033819609395381596 -0.013287892032312352 0.027175241531844824 0.00031515055796729318 0.030056984653238871 0.023586139546552899 -0.040934383498898469 -0.037712507089281762 -0.013496258656143437 0.012215733066981741 0.020301314495919633
leaf_weight=168.11803987622261 17.465635374188423 119.07296059280634 78.680306859314442 129.96830432116985 28.306475520133972 35.010909244418144 17.721763432025909 53.366299867630005 195.45821209251881 107.75613580644131 93.299917951226234 31.578019917011261 445.04344198107719 56.121842548251152 42.432663008570671 808.35528317093849 245.67779982089996 58.22309547662735 13.408130273222922 35.584166690707207 126.05968181788921 50.940527111291885 477.2459230273962 33.691318534314632 80.379407152533531 17.457463636994362 20.854325443506241 56.468801155686378 170.12660150229931 51.199501596391201
leaf_count=1412 77 906 504 773 142 161 87 226 1007 535 491 146 2007 271 184 3645 1162 303 61 181 582 228 2167 235 354 77 103 261 798 389
internal_value=0.000146634 -0.0016994 -0.00281662 0.0168918 -0.00228666 -0.00399671 -0.0100937 -0.00084747 -0.0175265 -0.0049852 0.0154341 -0.00191766 -0.0024601 0.00200739 -0.0019454 0.000249152 0.00182023 -0.0156093 -0.00526185 -0.0202328 0.00326556 0.00237989 0.0052232 0.00842431 0.013139 -0.0117453 -0.00718649 -0.000436721 0.00345659 0.00472088
internal_weight=3865.07 3482.1 3269.72 382.977 3191.04 2282.24 579.363 258.683 320.68 125.222 212.373 1702.88 1667.87 908.801 1636.29 1191.25 1054.03 124.937 66.7141 53.3059 852.679 824.373 698.313 214.859 133.746 137.213 119.756 98.9015 647.373 181.168
internal_count=19475 16666 15269 2809 14765 10577 2831 1212 1619 612 1397 7746 7585 4188 7439 5432 4807 632 329 268 3917 3775 3193 1397 580 625 548 445 2965 1162
cat_boundaries=0 1 2
cat_threshold=10 10
is_linear=0
shrinkage=0.03


Tree=60
num_leaves=31
num_cat=3
split_feature=5 5 29 31 14 10 12 12 10 14 5 12 10 10 12 32 28 10 12 28 3 6 3 32 14 12 2 10 5 29
split_gain=113.515 80.967 56.3378 50.6354 37.5653 35.3534 35.2337 36.4257 39.8106 58.3618 46.1356 38.3716 32.269 41.7812 45.3857 43.0483 33.7766 29.7332 28.9901 28.56 28.3203 26.8657 34.9089 31.5507 30.0287 26.3552 30.6737 36.1604 31.139 25.7169
threshold=-0.85957497358322132 0.56202840805053722 75.77988433837892 0 -1.0349999666213987 0.37500000000000006 0.42849999666213995 0.15450000017881396 0.34499999880790716 0.39499999582767492 0.33273787796497351 0.024500000290572647 -0.31000000238418574 -0.12499999627470969 0.092000000178813948 1 25.658441543579105 1.2450000047683718 0.12650000303983691 20.863806724548343 500.02636718750006 -0.94107943773269642 288.78085327148443 2 0.35999999940395361 0.056499999016523368 181.27133941650393 -0.044999999925494187 -0.97269129753112782 86.164299011230483
decision_type=2 2 2 1 2 2 2 2 2 2 2 2 2 2 2 1 2 2 2 2 2 2 2 1 2 2 2 2 2 2
left_child=3 2 -2 -1 -4 29 7 8 9 12 17 -11 16 15 21 18 20 -10 -14 -20 -6 22 -15 -23 -25 26 -5 28 -28 -3
right_child=1 5 4 25 6 -7 -8 -9 10 11 -12 -13 13 14 -16 -17 -18 -19 19 -21 -22 23 -24 24 -26 -27 27 -29 -30 -31
leaf_value=0.02016984499837662 0.0041067857470463388 0.0075926693584407422 -0.028110706300705258 -0.014626895817782906 0.001414240777367582 0.027226724621885658 -0.018427396124654636 0.0040549943527503308 -0.022460451801679188 0.019822672289773913 0.0045022287999670011 -0.02011001810909175 -0.018297672170993314 -0.026230398678628281 0.032253208077012353 -0.033769292715067005 -0.020561220884843964 0.016587926548606489 0.023252688395282384 -0.017047386583591808 0.028996210343857173 0.016767614796040563 0.01482341184923202 -0.0035916404537622176 -0.039255160237279915 0.012650818419632427 0.02269837493672797 0.025745631597020913 -0.023970858857704908 -0.037407310440675204
leaf_weight=292.53890854865313 592.19389805197716 232.99076977372169 67.83054381608963 107.97650836408138 286.37049652636051 91.492161214351654 176.14721262454987 368.4968641102314 289.25810480862856 131.34528763592243 87.558629214763641 25.052798539400101 100.3711354136467 99.79585812240839 27.532365530729294 100.90255810320377 55.117249667644501 17.97981433570385 38.965485796332359 25.293867230415344 36.961270332336426 54.064667582511902 22.181598193943501 241.1438851505518 22.335481338202953 159.62278469651937 18.265703931450844 51.769452817738056 38.0547766238451 11.032646805047987
leaf_count=2094 2620 1397 344 578 1258 646 808 1669 1424 576 390 115 493 512 120 544 282 77 159 118 167 246 114 1105 98 957 142 287 175 49
internal_value=-0.000149907 -0.00249747 -0.00413027 0.0110875 -0.00627556 0.0114252 -0.00559201 -0.00447013 -0.00636136 -0.00376419 -0.0146686 0.0133389 -0.00618158 -0.00985219 -0.00443277 -0.0193322 0.0009311 -0.0201289 -0.00782206 0.00737156 0.00464692 -0.00679885 -0.0187049 -0.00218103 -0.00650589 0.003356 -0.00338275 0.00788071 -0.00870328 0.00541379
internal_weight=3870.64 3202.41 2866.9 668.228 2274.71 335.516 2206.87 2030.73 1662.23 1267.43 394.797 156.398 1111.04 732.587 467.054 265.533 378.449 307.238 164.63 64.2594 323.332 439.521 121.977 317.544 263.479 375.689 216.066 108.09 56.3205 244.023
internal_count=19564 15331 13239 4233 10619 2092 10275 9467 7798 5907 1891 691 5216 3509 2195 1314 1707 1501 770 277 1425 2075 626 1449 1203 2139 1182 604 317 1446
cat_boundaries=0 1 2 3
cat_threshold=10 78 32
is_linear=0
shrinkage=0.03


Tree=61
num_leaves=31
num_cat=3
split_feature=5 3 5 31 32 7 14 10 3 10 10 17 12 12 12 10 12 10 14 10 14 31 17 12 12 16 12 16 16 12
split_gain=110.664 55.6885 45.254 40.9212 36.0243 32.5907 24.3151 40.4015 30.1874 28.3184 27.7032 26.1875 37.6582 28.7065 23.4522 23.7147 39.4347 33.0328 28.5092 45.5915 24.6198 22.2005 28.9243 22.9966 22.0621 25.4517 24.7873 26.1892 22.0029 21.9322
threshold=-0.97269129753112782 1.0000000180025095e-35 -0.8126716911792754 0 1 -5.0161798000335684 0.37500000000000006 0.16000000387430194 316.91842651367193 1.060000002384186 1.2450000047683718 -0.16340281069278714 -0.18349999934434888 -0.66249999403953541 0.42849999666213995 0.34499999880790716 0.15450000017881396 1.1600000262260439 0.30500000715255743 0.2100000008940697 -0.30500000715255732 2 -0.83688184618949879 0.13949999958276751 0.22399999946355822 0.42793112993240362 1.0000000180025095e-35 -0.71760207414627064 -0.4068677276372909 0.42849999666213995
decision_type=2 2 2 1 1 2 2 2 2 2 2 2 2 2 2 2 2 2 2 2 2 1 2 2 2 2 2 2 2 2
left_child=-1 5 3 24 6 -2 11 -8 9 21 -11 -4 13 -13 15 16 18 -17 -6 -20 -18 22 -9 -24 25 26 -3 -28 -5 -10
right_child=1 2 4 28 14 -7 7 8 29 10 -12 12 -14 -15 -16 17 20 -19 19 -21 -22 -23 23 -25 -26 -27 27 -29 -30 -31
leaf_value=0.023197905870456358 -0.011361450997542242 0.01017237807467119 -0.0078305873162190336 -0.012444088493354506 -0.012832089945136646 0.018350764463280256 0.037165297743388746 0.026117266653296296 0.021493317454060856 -0.026401544473292817 0.0037446179161495291 0.025137953866988843 0.0044517156434149526 -0.012417149959954172 -0.032075980781005133 -0.025510493404765959 -0.004434691060403507 0.017682835860745295 0.052518939976681708 -0.0053642503440826401 0.035663158695533381 -0.0061734690681528289 -0.0089998757552033522 0.011840954358865887 0.027421801361253093 0.026083852946474192 0.014933545286070387 -0.03244539256956476 0.0035082758805816332 -0.017879358268738436
leaf_weight=177.65048194676638 39.44938251376152 106.2879843339324 764.02100782096386 115.06751976907253 282.82712331414223 191.40744084119797 28.735226511955261 58.809914454817772 90.069760009646416 69.536352947354317 44.533598013222218 18.931837230920792 537.52978783100843 235.48315175622702 40.776622600853443 114.75752514600754 23.905823774635792 17.755271464586258 15.397731199860571 47.781683944165707 30.910826720297337 166.76381130516529 87.970134384930134 101.65682271122932 78.24072402715683 54.499453209340572 15.325289063155649 29.345786467194557 235.23481571674347 14.026259332895277
leaf_count=1564 202 569 3517 515 1488 1300 134 258 403 309 202 91 2414 1070 220 627 126 83 70 227 154 786 389 434 472 362 92 148 1163 62
internal_value=0.000142801 -0.000983198 -0.00194557 0.00528435 -0.00358853 0.0132464 -0.00181556 0.00298834 0.00138162 -0.00153181 -0.014702 -0.00387201 -4.79474e-05 -0.00953508 -0.0102141 -0.00867689 -0.00501462 -0.019634 -0.00876808 0.00934122 0.0184101 0.00211313 0.00761999 0.00217616 0.0134753 0.00870987 0.00230712 -0.01622 -0.00170377 0.0160685
internal_weight=3834.69 3657.04 3426.18 634.002 2792.18 230.857 2218.07 662.102 633.367 529.271 114.07 1555.97 791.945 254.415 574.113 533.336 400.823 132.513 346.007 63.1794 54.8167 415.201 248.437 189.627 283.699 205.459 150.959 44.6711 350.302 104.096
internal_count=19451 17887 16385 3321 13064 1502 10069 2977 2843 2378 511 7092 3575 1161 2995 2775 2065 710 1785 297 280 1867 1081 823 1643 1171 809 240 1678 465
cat_boundaries=0 1 2 3
cat_threshold=10 108 4
is_linear=0
shrinkage=0.03


Tree=62
num_leaves=31
num_cat=0
split_feature=5 5 29 16 2 6 17 28 17 18 12 12 12 28 14 14 2 28 5 17 17 12 5 6 29 14 5 12 14 14
split_gain=109.128 64.9149 44.0841 37.5186 31.9606 31.3788 51.5941 27.1926 32.392 30.632 26.5606 27.6308 25.2935 38.9083 22.5982 23.3588 26.4557 27.1119 20.4914 18.9399 27.7853 18.6052 18.3999 22.134 28.4758 23.1224 20.2054 20.7458 18.3551 16.9908
threshold=-0.96105405688285817 0.56202840805053722 86.164299011230483 0.96688616275787365 6.6270833015441903 -0.9563411772251128 -0.3221799880266189 20.863806724548343 1.3981143236160281 1.8564911484718325 0.13350000232458117 -0.23350000381469724 0.024500000290572647 20.863806724548343 -0.6599999964237212 -1.314999997615814 149.45448303222659 24.994574546813968 0.12431468442082406 -1.898898661136627 -1.7146775126457212 -0.00450000021373853 -0.60434082150459278 -0.95380109548568714 77.177566528320327 -0.27499999105930323 0.12431468442082406 0.092000000178813948 -1.0600000023841856 0.38499999046325689
decision_type=2 2 2 2 2 2 2 2 2 2 2 2 2 2 2 2 2 2 2 2 2 2 2 2 2 2 2 2 2 2
left_child=-1 2 3 5 -3 6 12 9 -9 18 11 -6 -2 29 15 -7 28 -18 -8 -16 -21 -19 -5 24 25 -24 27 -27 -17 -14
right_child=1 4 -4 22 10 14 7 8 -10 -11 -12 -13 13 -15 19 16 17 21 -20 20 -22 -23 23 -25 -26 26 -28 -29 -30 -31
leaf_value=0.018948154378979232 -0.024448716118567405 0.019571580747729262 -0.02494618747773886 0.015642109715760449 -0.015325917481394759 0.024220869870873348 0.018752158598243005 -0.014084083855796089 0.016075033112917293 -0.019765466990625157 -0.020425360227759551 0.017547324406282198 -0.0065400271211425512 -0.023931223157696389 0.025081951719046411 -0.031419430627592664 -0.032044192202597639 0.028813696472492777 -0.0025950007361798572 -0.034001680430413204 -0.00030297512039462171 -0.017885715019171824 -0.0087027312322874289 -0.0081358086908026282 -0.011796318926808319 -0.013894682026588376 0.040296246509416815 0.031065110120012597 0.0041788271907363811 0.024417280127091143
leaf_weight=251.56759221851826 195.86203062534332 182.05549186468124 77.597134575247765 132.08190520107746 31.240102283656597 15.286195158958433 110.73094564676285 189.86722372472286 37.648827418684959 33.914876848459244 38.12295289337635 80.165890261530876 30.130082383751869 60.731034278869629 24.96916352212429 14.525307044386862 80.652243942022324 12.051162630319597 63.10892978310585 21.299427106976509 1763.88538813591 17.655029490590096 21.496519923210144 110.55390033125877 38.38153837621212 17.344186097383499 40.745731040835381 17.766937986016273 80.373193547129631 32.13374999165535
leaf_count=2075 1049 1332 509 728 148 72 482 956 170 156 185 432 124 325 113 65 418 60 267 90 8038 88 99 491 186 79 178 79 347 138
internal_value=-0.000109605 -0.00145658 -0.00275115 -0.00219896 0.0111662 -0.00340366 -0.00862511 -0.00189833 -0.00904492 0.00593388 0.000870495 0.00827478 -0.0177732 -0.00703138 -0.00146132 -0.0105053 -0.0131963 -0.0231153 0.011032 -0.000354237 -0.000723853 0.00138062 0.0066533 0.00178895 0.00987289 0.018449 0.0261565 0.00908613 -0.00154071 0.00957015
internal_weight=3823.94 3572.38 3240.79 3163.2 331.584 2784.82 754.128 435.271 227.516 207.755 149.529 111.406 318.857 122.995 2030.7 220.543 205.257 110.358 173.84 1810.15 1785.18 29.7062 378.371 246.289 135.735 97.3534 75.8569 35.1111 94.8985 62.2638
internal_count=19479 17404 15307 14798 2097 12958 3667 2031 1126 905 765 580 1636 587 9291 1050 978 566 749 8241 8128 148 1840 1112 621 435 336 158 412 262
is_linear=0
shrinkage=0.03


Tree=63
num_leaves=31
num_cat=2
split_feature=5 3 29 5 29 31 12 12 5 12 12 12 8 7 12 12 12 12 17 8 32 17 12 5 17 28 3 17 29 28
split_gain=96.9445 55.0142 43.576 41.587 52.6307 42.8509 38.2141 34.1542 37.2896 31.2983 50.6102 44.9894 29.8386 28.664 27.886 25.8072 36.1763 23.9661 23.0709 22.3432 27.4182 23.6039 21.4011 23.0305 20.6577 20.1563 19.6703 19.0763 18.8728 18.6261
threshold=-0.97269129753112782 1.0000000180025095e-35 86.164299011230483 -0.78753387928009022 75.77988433837892 0 0.42849999666213995 0.15049999952316287 0.52643132209777843 -0.17249999940395352 -0.33699999749660486 -0.28399999439716334 -15.812461853027342 -5.0161798000335684 -0.19049999862909314 -0.28399999439716334 0.13350000232458117 -0.028500000014901158 -0.65381282567977894 -96.943614959716783 1 -0.21463730931282041 -0.52750000357627858 0.16665012389421466 -1.2670373916625974 18.767070770263675 241.60495758056643 -1.6015719771385191 76.836559295654311 24.009605407714847
decision_type=2 2 2 2 2 1 2 2 2 2 2 2 2 2 2 2 2 2 2 2 1 2 2 2 2 2 2 2 2 2
left_child=-1 13 3 5 17 24 7 8 9 10 22 -12 14 -2 -13 -10 25 -5 28 -11 -21 -22 23 26 -3 -17 -6 -15 -7 -24
right_child=1 2 -4 4 6 18 -8 -9 15 19 11 12 -14 27 -16 16 -18 -19 -20 20 21 -23 29 -25 -26 -27 -28 -29 -30 -31
leaf_value=0.021849563085165082 -0.010481120089822138 -0.011477873768266277 -0.022707033494080427 -0.0013424255132708531 -0.025100969847535192 -0.019631391779372433 -0.019669792247439075 0.004240987924275773 -0.01505948583770475 0.013211624829521929 0.03615926603082769 -0.020097018539641857 0.012493351356812742 -0.016675061238622169 0.011721668422732576 0.0024210645815053999 -0.02365237089336808 0.010820729599442866 0.003309739257531928 -0.021852195608712505 -0.014744933405550345 -0.0027031433251828302 -0.020912688301082664 0.019040557262279507 0.016033285751427612 0.031195913371324793 0.0026861858657544211 0.020615052211037262 0.0096168367910399923 -0.0022818969138185276
leaf_weight=170.29369763284922 37.641576707363129 26.247679233551025 89.682288184762001 292.48954721540213 36.66289010643959 88.929453700780869 156.95147980749607 344.42394559085369 32.988346084952354 30.944878727197647 40.2263453155756 71.387203067541122 117.37838476896286 12.561724424362181 36.893605321645737 32.815901175141335 17.897289857268333 289.31289403140545 224.01760350912809 205.68706493079662 294.24503484368324 291.88815526664257 161.47414101660252 38.398832052946091 276.13220324367285 66.019995205104351 58.171714931726456 172.52381477504969 24.816193729639053 69.101847797632217
leaf_count=1540 195 124 573 1304 183 391 726 1549 159 142 179 316 515 70 169 159 81 1313 1114 1087 1387 1287 793 164 1618 358 272 1217 109 346
internal_value=-0.000206336 -0.00124451 -0.00218803 -0.00162802 -0.00326605 0.00523779 -0.0054744 -0.00432033 -0.00616228 -0.00763217 -0.00259226 0.00734047 0.00206633 0.0131681 -0.00924765 0.00805331 0.0146573 0.00471414 -0.00221474 -0.0114816 -0.0124621 -0.00861631 -0.00985169 -0.000270075 0.0131808 0.0217619 -0.00820611 0.0180082 -0.013222 -0.0153631
internal_weight=3808.21 3637.91 3415.18 3325.5 2685.36 640.143 2103.56 1946.61 1602.18 1452.46 629.695 265.886 225.659 222.727 108.281 149.722 116.733 581.802 337.763 822.765 791.82 586.133 363.809 133.233 302.38 98.8359 94.8346 185.086 113.746 230.576
internal_count=19440 17900 16418 15845 12489 3356 9872 9146 7597 6840 2937 1179 1000 1482 485 757 598 2617 1614 3903 3761 2674 1758 619 1742 517 455 1287 500 1139
cat_boundaries=0 1 2
cat_threshold=10 80
is_linear=0
shrinkage=0.03


Tree=64
num_leaves=31
num_cat=0
split_feature=5 17 14 10 6 10 28 29 10 28 5 5 28 12 8 12 14 10 14 10 12 28 5 10 14 14 10 16 16 15
split_gain=101.448 51.9828 50.0547 111.9 50.0362 39.086 38.6518 30.0557 29.5586 38.3721 29.0094 40.547 39.1005 34.9262 38.6326 35.137 52.0187 30.7439 56.6514 29.4332 28.9736 28.7068 29.6882 28.6331 26.8219 42.7683 26.5387 25.7191 24.8563 24.6704
threshold=-0.97269129753112782 0.40543007850646978 -0.11999999731779097 -0.24499999731779096 -0.79671859741210926 -0.39499999582767481 24.994574546813968 86.164299011230483 -0.33500000834465021 18.926905632019047 0.3732354491949082 -0.75976759195327748 20.863806724548343 0.024500000290572647 -45.647138595581048 -0.25599999725818628 0.014999999664723875 0.16000000387430194 0.30500000715255743 1.2450000047683718 -0.37100000679492945 24.994574546813968 -0.34091138839721674 -0.14499999582767484 -1.314999997615814 -1.0099999904632566 0.32999999821186071 -0.33059918880462641 -1.3644295930862425 33.500000000000007
decision_type=2 2 2 2 2 2 2 2 2 2 2 2 2 2 2 2 2 2 2 2 2 2 2 2 2 2 2 2 2 2
left_child=-1 2 3 5 20 24 29 10 -7 -10 11 -4 13 15 -15 -13 -17 18 -14 21 -3 -19 26 -16 -2 -26 -23 -12 -27 -5
right_child=1 4 7 6 -6 8 -8 -9 9 -11 27 12 17 14 23 16 -18 19 -20 -21 -22 22 -24 -25 25 28 -28 -29 -30 -31
leaf_value=0.022824900400415862 0.025767976067651677 -0.017086930824753224 0.0069162609269454523 -0.0041032805012141058 0.01357460009656576 0.016772419883453037 -0.0028747908586904893 -0.024949203328742602 0.019869222088794044 -0.018102705524840435 0.019673803177286335 0.0084032517825434576 -0.0075095724796179581 -0.01391579422213656 -0.016420860637678822 0.012935267112758842 -0.026703854760044846 -0.025778416206590309 0.043632189944272634 0.025524558532402743 0.002109476151112317 0.036731262805475187 -0.019212477434965198 0.024751717107471451 -0.025987559298352503 0.019681222128067558 -0.0093425535989396548 0.0015001045604584973 -0.0064614657894225347 -0.034201417752156869
leaf_weight=168.28373277187347 20.313988968729973 79.04166866093874 382.69838080555201 28.421806111931801 368.03666377067566 136.34376542270184 58.51384736597538 40.993335127830505 36.402739867568016 65.707790367305279 123.06238136440516 95.409305647015572 130.08490294218063 39.281956672668457 16.708043783903122 41.554570078849792 99.98966971039772 180.13130639493465 21.89950405061245 13.485698908567427 609.4222007393837 20.583685219287872 62.006142944097519 118.73134624958038 99.470412358641624 35.469804301857948 22.838074594736099 161.48903249949217 320.4341978803277 191.54464706778526
leaf_count=1551 101 382 1930 139 2150 618 318 257 170 351 640 414 644 169 70 175 448 909 93 57 2806 93 336 514 495 183 108 810 1522 970
internal_value=0.000125599 -0.00093562 -0.00324322 -0.00851317 0.00466149 -0.00221182 -0.0246068 8.99585e-05 0.00768063 -0.00450418 0.000776712 -0.00119979 -0.00480393 0.00188045 0.0120203 -0.00561541 -0.0150575 -0.0108957 9.65061e-05 -0.016464 -0.000116025 -0.0185291 -0.00601737 0.0195895 -0.00717645 -0.00869932 0.0128335 0.00940121 -0.00380821 -0.0303486
internal_weight=3788.35 3620.07 2563.57 992.623 1056.5 714.143 278.48 1570.95 238.454 102.111 1529.95 1245.4 862.704 411.675 174.721 236.954 141.544 451.029 151.984 299.045 688.464 285.559 105.428 135.439 475.688 455.374 43.4218 284.551 355.904 219.966
internal_count=19423 17872 12534 4867 5338 3440 1427 7667 1139 521 7410 5960 4030 1790 753 1037 623 2240 737 1503 3188 1446 537 584 2301 2200 201 1450 1705 1109
is_linear=0
shrinkage=0.03


Tree=65
num_leaves=31
num_cat=1
split_feature=6 4 7 29 31 0 17 6 14 14 10 17 10 10 10 10 18 10 18 9 4 14 18 29 10 14 10 14 14 11
split_gain=98.7414 46.3354 52.2985 40.1248 36.0025 34.1155 28.7429 26.316 24.9527 24.7225 23.1905 28.1978 22.8495 22.7507 22.6602 21.9634 25.9352 21.2738 21.105 20.8065 19.954 19.835 19.6916 19.3377 19.747 27.5853 51.5921 25.6273 19.1798 17.7229
threshold=-0.47246390581130976 12.500000000000002 -5.0161798000335684 76.34873199462892 0 3.4331679344177251 1.1189950108528139 -0.58134955167770375 0.38499999046325689 -1.0600000023841856 0.49500000476837164 0.31397299468517309 -0.014999999664723871 -0.03499999921768903 0.2950000017881394 0.27500000596046453 0.67892736196517955 -0.36500000953674311 1.7108311653137209 183.65167999267581 91.500000000000014 0.014999999664723875 0.5171303153038026 86.164299011230483 0.35999999940395361 0.30500000715255743 0.22500000149011615 0.70499998331069957 -0.49499998986721033 73.500000000000014
decision_type=2 10 2 2 1 2 2 2 2 2 2 2 2 2 2 2 2 2 2 2 10 2 2 2 2 2 2 2 2 2
left_child=1 3 6 9 -2 13 8 19 12 -1 11 15 20 -4 -10 21 -17 -11 -13 23 -3 -6 -9 24 25 -5 -27 -26 -19 -8
right_child=4 2 5 7 10 -7 29 22 14 17 -12 18 -14 -15 -16 16 -18 28 -20 -21 -22 -23 -24 -25 27 26 -28 -29 -30 -31
leaf_value=-0.034055602877548358 0.021195352238145445 0.0030391531132871663 0.006620390058587099 -0.0079168283721763842 -0.0060913575956120522 -0.0017478608362566726 0.033817566092313928 -0.017315333381064241 0.02273232060490411 0.01309860524591604 0.024580891070051118 0.02752989885160468 -0.017754790362697732 0.02286506319455979 -0.00092503717064504473 -0.062119036290319785 -0.0088511311401315955 -0.026698686442720141 -0.011742652184840125 -0.02663880394905872 -0.015104974417726576 0.018247307593868521 0.0098951555073419455 -0.024218209935529374 -0.024229637156767007 0.031267237463124202 -0.0040241784883252932 -0.0039559934683633885 0.00073686912818101162 0.0041944687178680331
leaf_weight=16.534892618656158 223.39648847281933 164.28519352525473 131.66210947930813 653.64935201406479 103.12142518907785 132.71568682044744 27.863903298974037 28.955976501107216 44.480295524001122 127.43183536827564 45.069817267358303 50.047161608934402 152.12713953852654 191.84312044084072 182.95810192078352 10.511739723384379 30.347538620233536 22.841684937477112 15.599348120391367 55.969763673841953 80.483285382390022 41.413508161902428 118.77796091139317 61.857362098991871 121.70653414726257 48.874445572495461 146.9471912831068 104.25264744460583 600.76568493247032 50.006701335310936
leaf_count=77 1815 729 779 3195 543 621 124 121 193 557 301 369 702 1216 835 56 177 134 111 306 361 252 555 431 631 219 672 482 2684 244
internal_value=0.000271681 -0.0016613 0.00315714 -0.00430874 0.0124073 0.0110536 -0.00198158 -0.00743788 -0.00413141 0.00116059 0.00485158 0.00141856 -0.00866362 0.0162945 0.00378091 -0.00457561 -0.0237118 0.00198016 0.0181615 -0.00891608 -0.00296407 0.000959849 0.00448132 -0.00802124 -0.00706798 -0.0049604 0.00489819 -0.0149345 -0.000309185 0.0150887
internal_weight=3786.5 3266.99 1158.43 2108.57 519.507 456.221 702.205 1340.99 624.334 767.574 296.111 251.041 396.896 323.505 227.438 185.394 40.8593 751.039 65.6465 1193.26 244.768 144.535 147.734 1137.29 1075.43 849.471 195.822 225.959 623.607 77.8706
internal_count=19492 15868 5804 10064 3624 2616 3188 6612 2820 3452 1809 1508 1792 1995 1028 1028 233 3375 480 5936 1090 795 676 5630 5199 4086 891 1113 2818 368
cat_boundaries=0 1
cat_threshold=10
is_linear=0
shrinkage=0.03


Tree=66
num_leaves=31
num_cat=3
split_feature=5 3 32 5 17 9 10 10 14 12 12 31 6 10 10 18 10 17 3 32 7 8 7 12 5 10 17 12 18 10
split_gain=87.6978 47.2777 37.7019 33.6685 34.5053 33.4575 31.8713 29.1453 26.3429 23.3665 30.8432 38.5162 35.3001 41.171 60.1831 33.4067 31.3633 30.5889 26.782 25.6789 25.5918 23.1865 22.3155 33.0378 26.4137 22.2836 24.1692 21.78 21.0467 20.2052
threshold=-0.97269129753112782 1.0000000180025095e-35 0 -0.78753387928009022 0.60379037261009227 219.51387023925784 -0.39499999582767481 -0.91499999165534962 -1.0600000023841856 0.43999999761581426 0.028500000014901165 1 -0.96645781397819508 -0.35500000417232508 -0.11499999836087225 2.010682344436646 1.1600000262260439 0.38102295994758612 324.63864135742193 2 -15.58694553375244 -6.6039657592773429 -19.59663105010986 -0.17849999666213986 0.52643132209777843 -0.33500000834465021 -0.40205584466457361 -0.35050000250339503 0.55872759222984325 0.37500000000000006
decision_type=2 2 1 2 2 2 2 2 2 2 2 1 2 2 2 2 2 2 2 1 2 2 2 2 2 2 2 2 2 2
left_child=-1 21 -3 4 6 8 7 -4 -5 10 12 16 17 -14 -15 -13 28 18 -10 -16 -19 -2 -21 -24 29 -8 -27 -22 -12 -25
right_child=1 2 3 5 -6 -7 25 -9 9 -11 11 15 13 14 19 -17 -18 20 -20 22 27 -23 23 24 -26 26 -28 -29 -30 -31
leaf_value=0.021759334974231114 -0.0051881400662561949 -0.019535007890224547 0.021407368676772252 -0.034682585722794625 0.022581472019541804 -0.025417145038994622 0.031572739053883872 -0.018599187715219952 -0.01825119968430932 -0.012418918385497014 0.023329877975633392 -0.0055788712641906225 0.012671296999657675 -0.022954251444096078 0.0095576515768316904 0.020489729135768193 -0.025296993884339716 -0.013960108262629025 0.025153005057946598 -0.013947109720338993 -0.015020433083564537 0.01818452985897117 0.008407389784756426 -0.0066774956498102537 0.016647329013802201 -0.0032106722457547168 0.011370476560740625 0.017520449134848154 0.0075412789519237883 -0.03160918511891303
leaf_weight=165.54926007241011 48.697306431829929 88.95063191652298 18.977610781788826 20.769270107150078 89.004455901682377 54.218319237232208 28.100572220981121 92.915435649454594 279.59696936607361 165.31351374089718 93.241920575499535 434.43480099737644 176.9549160823226 118.08577628433704 179.60186243802309 48.261948548257351 22.054429471492767 70.382415488362312 12.56022636592388 131.9022845774889 23.678998336195946 170.0103307813406 202.40431027859449 82.402828499674797 26.824917085468769 196.04971037060022 212.18779260665178 74.471581071615219 403.45302410423756 44.996909141540527
leaf_count=1573 273 581 95 112 572 281 140 447 1471 746 410 2062 799 565 825 228 99 322 64 607 117 1210 924 365 136 986 1149 332 1787 205
internal_value=0.000475378 -0.000506291 -0.0013795 -0.000823165 0.00536404 -0.00230681 0.00253279 -0.0116844 -0.00181744 -0.00154068 -0.000794384 0.00323775 -0.00363058 -0.000360971 -0.00330652 -0.002876 0.00880707 -0.0104508 -0.0163058 0.000195128 -0.000264842 0.0129805 -0.00338545 0.000454278 -0.0099703 0.00619697 0.00437737 0.00959759 0.0105461 -0.0156608
internal_weight=3776.05 3610.51 3391.8 3302.85 637.236 2665.61 548.231 111.893 2611.39 2590.62 2425.31 1001.45 1423.86 963.174 786.219 482.697 518.749 460.69 292.157 668.133 168.533 218.708 488.531 356.629 154.225 436.338 408.238 98.1506 496.695 127.4
internal_count=19483 17910 16427 15846 3389 12457 2817 542 12176 12064 11318 4586 6732 4426 3627 2290 2296 2306 1535 3062 771 1483 2237 1630 706 2275 2135 449 2197 570
cat_boundaries=0 1 2 3
cat_threshold=1 5 40
is_linear=0
shrinkage=0.03


Tree=67
num_leaves=31
num_cat=1
split_feature=5 5 5 29 31 10 17 4 12 29 10 4 14 7 17 14 10 14 28 14 10 10 10 29 12 12 16 12 29 12
split_gain=90.1478 59.705 39.9967 42.9256 40.8897 31.2986 30.1985 24.3152 23.9676 23.8591 21.5749 21.496 19.8408 24.445 19.6745 18.9951 22.2775 24.8356 24.1099 32.2425 57.1218 34.3783 24.9558 22.9251 35.9898 22.6476 20.769 20.224 19.0003 36.7526
threshold=-0.97269129753112782 0.56202840805053722 -0.83753159642219532 76.34873199462892 0 0.37500000000000006 0.63405978679656994 23.500000000000004 -0.46099999547004694 86.164299011230483 0.2650000005960465 168.50000000000003 -0.37499999999999994 -3.1415648460388179 1.7078151702880862 -1.0349999666213987 0.35999999940395361 0.76499998569488536 25.763958930969242 0.30500000715255743 0.24000000208616259 -0.31000000238418574 -0.094999998807907091 76.836559295654311 0.40150000154972082 0.54000002145767223 -0.4068677276372909 0.42849999666213995 77.177566528320327 0.12650000303983691
decision_type=2 2 2 2 1 2 2 10 2 2 2 10 2 2 2 2 2 2 2 2 2 2 2 2 2 2 2 2 2 2
left_child=-1 2 4 14 -2 9 8 15 -6 10 12 -9 -3 -14 -4 -5 18 -18 19 21 25 -17 28 24 -22 -21 -24 -25 29 -23
right_child=1 5 3 7 6 -7 -8 11 -10 -11 -12 -13 13 -15 -16 16 17 -19 -20 20 23 22 26 27 -26 -27 -28 -29 -30 -31
leaf_value=0.021683015522210917 0.014972665339537554 -0.0016410507544626809 0.00032459773817408781 -0.026724615189986853 -0.035069970393055858 0.026534754262250593 0.023623466604552369 0.0074704833379336507 -0.0028394780984770896 -0.037931533617004375 -0.017503133118554677 -0.0077567022324662579 -0.00055461111297228278 0.027393523921941412 0.024593564087954885 0.0017846716123846534 -0.023614836109460653 -0.005965737436567654 -0.016501480920698464 0.043035153006208422 -0.0054150081784149588 -0.025455758048255069 -0.016364627350164949 -0.005605255028870053 0.048917209082728993 0.0064015491411548407 0.0011200024513417222 -0.040073732851557214 -0.032860813893994936 0.013182427251415572
leaf_weight=163.1997801810503 216.12082377821207 71.229087628424168 1050.5712085217237 48.213267162442207 21.834860920906067 87.136720284819603 34.98178668320179 184.42822982370853 231.99108876287937 9.8768779486417753 26.249235540628433 150.70150081813335 42.103876277804375 83.847423374652863 29.95046029984951 256.17216286063194 147.82679791748524 140.3076750561595 155.19826803356409 40.872569665312767 33.288887724280357 63.522633031010628 103.44591546058655 71.962511390447617 15.244898200035093 24.458479389548302 147.1898996680975 18.619816184043884 70.674921199679375 32.974835455417633
leaf_count=1574 1386 417 4676 267 101 651 224 828 1099 45 137 672 253 585 141 1162 795 662 892 182 138 330 530 329 65 112 685 98 383 147
internal_value=-5.69642e-05 -0.00104524 -0.00225012 -0.00365841 0.00551111 0.0112959 -0.00204256 -0.0066216 -0.00573878 0.00551546 0.00759653 0.000620401 0.0110093 0.0181201 0.00101942 -0.00839234 -0.00770394 -0.0150709 -0.00563773 -0.00370177 0.00671089 -0.00686564 -0.012161 -0.0041839 0.0122942 0.0296236 -0.00613285 -0.0130507 -0.0211087 -0.0122526
internal_weight=3774.2 3611 3290.55 2785.62 504.929 320.443 288.808 1705.1 253.826 233.307 223.43 335.13 197.18 125.951 1080.52 1369.97 1321.76 288.134 1033.63 878.428 204.447 673.98 417.808 139.116 48.5338 65.331 250.636 90.5823 167.172 96.4975
internal_count=19566 17992 15904 13094 2810 2088 1424 8277 1200 1437 1392 1500 1255 838 4817 6777 6510 1457 5053 4161 924 3237 2075 630 203 294 1215 427 860 477
cat_boundaries=0 1
cat_threshold=10
is_linear=0
shrinkage=0.03


Tree=68
num_leaves=31
num_cat=1
split_feature=5 3 29 5 17 29 5 16 17 7 28 28 5 9 29 0 28 4 17 16 17 5 4 9 17 4 17 7 3 32
split_gain=87.6335 63.4254 42.4903 36.2012 35.3317 30.57 28.3175 25.1914 23.7362 23.339 22.5422 21.9319 21.2147 25.5967 25.0372 20.4753 17.3387 16.8053 16.7767 16.7161 16.1043 18.4582 15.2771 17.6234 19.2339 18.4208 15.0138 15.8013 14.9914 14.9208
threshold=-0.97269129753112782 1.0000000180025095e-35 86.164299011230483 -0.83753159642219532 0.63405978679656994 76.34873199462892 0.25061884522438055 0.74319502711296093 1.7078151702880862 -4.5858092308044425 24.994574546813968 24.009605407714847 -0.67050644755363453 -87.623367309570298 77.084831237792983 3.1408208608627324 25.346193313598636 250.50000000000003 -0.72113272547721852 1.0635380148887636 0.67499551177024852 0.45150023698806768 230.50000000000003 -60.603517532348626 0.77456367015838634 3.5000000000000004 -0.19701982289552686 23.124465942382816 167.19574737548831 0
decision_type=2 2 2 2 2 2 2 2 2 2 2 2 2 2 2 2 2 8 2 2 2 2 8 2 2 10 2 2 2 1
left_child=-1 9 3 4 7 8 12 10 19 -2 -3 17 13 16 -14 -11 -7 -8 -16 22 21 -13 23 24 28 -25 27 -15 -5 -28
right_child=1 2 -4 5 -6 6 11 -9 -10 15 -12 20 14 26 18 -17 -18 -19 -20 -21 -22 -23 -24 25 -26 -27 29 -29 -30 -31
leaf_value=0.02158799194483401 -0.0036867482294493143 -0.0039859790125434964 -0.022757651513948981 -0.022182635700559773 0.028150154923454161 0.005569305960195889 -0.0017147855095509114 0.018438004794520117 0.026803489875824347 0.023988402883310649 0.016100279422201186 -0.0057725691404200627 -0.0041055011057900955 -0.020839973590448875 -0.024036215624081238 -0.0051894669719375367 0.038657810804588029 -0.02810822323512353 -0.011092243116836844 0.012602605388738124 0.029392317475246989 0.015650464617090132 -0.014914081209638641 -0.0035935712306116641 0.0189909312927895 0.0061136516075842489 0.011993614621840473 0.0059107844183861943 -0.0036290645539165259 -0.007873502052369561
leaf_weight=160.95730026811361 48.777840740978718 279.80303493142128 85.44793463498354 68.245630592107773 56.989583566784859 46.353116810321808 237.02374654263258 77.759450100362301 30.534825272858143 146.92021868377924 60.255040980875492 69.051641717553139 427.8398353010416 73.292663484811783 113.54549917578697 24.982685327529907 19.860387966036797 22.920814052224159 447.56228567659855 91.247622512280941 29.593950778245926 74.163431003689766 63.103063963353634 289.27361482381821 19.921044766902924 446.03228744119406 55.64136466383934 26.618270978331566 91.423474669456482 59.354958549141884
leaf_count=1583 263 1397 574 307 414 203 1074 494 147 1115 376 307 1928 334 668 139 84 100 2349 430 147 348 287 1298 86 2017 249 120 395 260
internal_value=2.60004e-06 -0.000972676 -0.0019967 -0.00144865 0.00620321 -0.00274675 -0.00526363 0.00314962 0.00115145 0.0145706 -0.000390115 0.00136174 -0.0075204 -0.000246489 -0.00958576 0.0197425 0.0159215 -0.00414085 -0.0137497 0.000394537 0.0096151 0.00535287 -0.000756189 0.000235539 -0.00816297 0.00229508 -0.00527857 -0.0137251 -0.0116479 0.00211499
internal_weight=3744.5 3583.54 3362.86 3277.41 474.807 2802.6 1702.82 417.818 1099.78 220.681 340.058 432.754 1270.07 281.121 988.948 171.903 66.2135 259.945 561.108 1069.25 172.809 143.215 977.999 914.896 179.59 735.306 214.907 99.9109 159.669 114.996
internal_count=19493 17910 16393 15819 2681 13138 8171 2267 4967 1517 1773 1976 6195 1250 4945 1254 287 1174 3017 4820 802 655 4390 4103 788 3315 963 454 702 509
cat_boundaries=0 1
cat_threshold=48
is_linear=0
shrinkage=0.03


Tree=69
num_leaves=31
num_cat=1
split_feature=5 5 29 5 32 0 29 14 12 14 10 10 14 12 9 12 5 12 5 28 10 9 28 9 10 12 14 3 3 10
split_gain=81.1231 45.2481 33.7526 32.3776 32.4017 28.1841 27.5602 24.7284 22.6027 25.8297 55.8932 51.264 72.5946 29.6763 26.4008 26.3718 31.7045 28.2574 26.3413 28.1788 23.255 20.9542 19.6286 30.9169 19.5054 24.5842 19.3446 22.0509 20.4651 23.6105
threshold=-0.97269129753112782 0.63088810443878185 86.164299011230483 -0.83753159642219532 0 3.4331679344177251 75.77988433837892 -1.0349999666213987 0.42849999666213995 0.089999999850988402 -0.32500000298023218 0.22500000149011615 0.25500000268220907 -0.158500000834465 -4.6528794765472403 0.22399999946355822 0.52643132209777843 -0.15249999612569806 -0.49655652046203608 19.008403778076175 0.2950000017881394 -26.121124267578121 20.863806724548343 -78.535449981689439 0.49500000476837164 0.06749999895691873 0.78000000119209301 304.69734191894537 430.61766052246099 0.32999999821186071
decision_type=2 2 2 2 1 2 2 2 2 2 2 2 2 2 2 2 2 2 2 2 2 2 2 2 2 2 2 2 2 2
left_child=-1 2 3 4 -2 -3 -5 -8 9 10 13 12 14 21 -11 16 17 26 19 -12 -19 -9 -15 -24 25 -6 27 -13 -29 -30
right_child=1 5 -4 6 24 -7 7 8 -10 11 18 15 -14 22 -16 -17 -18 20 -20 -21 -22 -23 23 -25 -26 -27 -28 28 29 -31
leaf_value=0.021372372312794121 0.016978746790461432 0.020737426463531054 -0.020303367932047241 0.0036215866434250242 -0.0098799393304141742 -0.0041855588805269689 -0.022228763319704241 -0.0056461148841224973 -0.013426413541310521 -0.011664875969021167 -0.020732299227154267 -0.017491624227478929 0.035511215346560487 0.0061603278460040777 0.014441083846197113 0.0072410849019118066 0.018346268476436795 0.011273438673223862 -0.016782705175883358 0.0048082517492690239 -0.018792076165012404 0.02044737315017402 0.018074739548339994 -0.012509346800485112 0.017137270421167285 0.0086213301300210703 0.014648248434447401 0.017638339777961167 -0.027511292223138237 0.010788273581250932
leaf_weight=158.8808621019125 157.71210747212172 139.17857553809881 80.941231541335583 607.0690373852849 164.16485645622015 57.205065958201885 61.282756462693214 37.319729700684547 172.69429242610931 73.951211273670197 54.364970818161964 78.317267179489136 85.671933427453041 140.65001857280731 64.187372155487537 184.38274740427732 43.31067867577076 25.332824528217316 358.05054380744696 129.69181640446186 210.68438276648521 102.46821396052837 34.031714409589767 199.22608292847872 52.769787929952145 105.25770689547062 54.482740461826324 48.138728708028793 28.475232690572739 27.687234461307526
leaf_count=1581 1024 1102 557 2749 804 291 326 169 796 351 255 382 404 590 302 844 250 109 1865 599 1021 457 157 945 304 578 231 215 129 121
internal_value=0.000464718 -0.000469215 -0.00128364 -0.000811321 0.00638433 0.0134931 -0.00203706 -0.00358929 -0.00304869 -0.00213743 -0.00534147 0.00152301 0.0139891 0.00174938 0.000482107 -0.00247242 -0.00594776 -0.00820572 -0.0120515 -0.00280694 -0.0155311 0.0134905 -0.00266438 -0.0079891 0.000617455 -0.00264673 -0.000879262 -0.00556632 0.00346919 -0.00877177
internal_weight=3737.58 3578.7 3382.32 3301.38 479.904 196.384 2821.47 2214.4 2153.12 1980.43 1055.8 924.622 223.811 513.696 138.139 700.812 516.429 473.118 542.107 184.057 236.017 139.788 373.908 233.258 322.192 269.423 237.101 182.618 104.301 56.1625
internal_count=19508 17927 16534 15977 2710 1393 13267 10518 10192 9396 5037 4359 1057 2318 653 3302 2458 2208 2719 854 1130 626 1692 1102 1686 1382 1078 847 465 250
cat_boundaries=0 1
cat_threshold=112
is_linear=0
shrinkage=0.03


Tree=70
num_leaves=31
num_cat=0
split_feature=5 17 6 14 10 10 28 10 28 29 1 10 2 8 16 14 8 16 14 28 12 28 6 14 14 14 29 6 10 1
split_gain=84.1136 45.239 37.1206 33.5657 82.0252 53.3013 44.3446 32.7249 35.4735 32.1582 28.6491 27.9884 32.8118 33.0651 32.3773 31.8787 26.414 24.873 23.4429 22.6083 26.8595 22.5798 55.3057 20.7944 20.7744 34.2707 29.6655 28.1416 22.5719 22.5512
threshold=-0.97269129753112782 0.41494375467300421 -0.79671859741210926 -0.11999999731779097 -0.24499999731779096 -0.39499999582767481 22.825375556945804 -0.33500000834465021 19.008403778076175 86.164299011230483 62.200969696044929 0.2650000005960465 364.41322326660162 -39.976228713989251 0.940181463956833 0.70499998331069957 -93.378185272216783 -1.579212963581085 -0.73000001907348622 24.009605407714847 0.37450000643730169 24.009605407714847 -0.92772412300109852 0.089999999850988402 -1.314999997615814 -1.0600000023841856 77.177566528320327 -0.85020262002944935 -1.014999985694885 51.503980636596687
decision_type=2 2 2 2 2 2 2 2 2 2 2 2 2 2 2 2 2 2 2 2 2 2 2 2 2 2 2 2 2 2
left_child=-1 3 10 4 5 24 -6 -7 -9 11 -3 12 13 14 16 21 -5 -15 -4 20 -12 -13 -23 -19 -2 -26 28 -28 -27 -29
right_child=1 2 18 9 6 7 -8 8 -10 -11 19 15 -14 17 -16 -17 -18 23 -20 -21 -22 22 -24 -25 25 26 27 29 -30 -31
leaf_value=0.022093016673360551 0.022314680135239903 0.0058465168179767171 -0.011866451752934635 0.026265181663531891 -0.031878622693817568 0.018893560062045914 -0.0070657853745633385 0.01720641655951204 -0.017704252882240416 -0.02668784211502543 0.002558726069551231 -0.011426604284441538 -0.016554313275490277 -0.024337663607365844 0.032604656124482254 0.0042972376905266504 -0.011733568464763915 0.004844269770567392 0.014937100241986479 -0.021236980703115638 -0.026864328980944964 -0.02362874488841743 0.021094663693786393 0.017838240475455274 -0.033615337337444602 0.028338351224910751 -0.035132973238382166 0.011877176760302586 -0.0032602250369365214 -0.020787313080465501
leaf_weight=152.30488026887178 18.973202735185623 393.89399399608374 31.55434288084507 17.450351394712925 151.64170390367508 140.77500409632921 113.90943565964699 44.036972641944885 61.662197507917881 38.622331507503986 188.32067869603634 377.8331662863493 57.745955564081669 16.295876204967499 18.928606934845448 309.62631303071976 155.60320202261209 191.56710688024759 323.4088671207428 70.301480501890182 31.759137570858002 38.901423394680023 65.191348120570183 265.2866799607873 44.824449136853218 21.046038568019867 51.411218166351318 33.235568135976791 262.93013056367636 41.99873623251915
leaf_count=1547 96 1817 168 89 781 645 631 208 342 260 856 1845 291 92 106 1550 740 901 1978 395 149 230 337 1271 232 93 286 179 1237 209
internal_value=0.000332514 -0.000599489 0.00467039 -0.00275707 -0.00708167 -0.00182136 -0.0213015 0.00947239 -0.00313463 -7.44308e-06 0.000582093 0.000690146 0.00495435 0.00684376 -0.00364359 -0.00320544 -0.00777297 0.0110977 0.0125278 -0.00655451 -0.00178955 -0.00802465 0.00431489 0.0124121 -0.00769636 -0.00899273 -0.00622973 -0.0182425 -0.000827168 -0.00639091
internal_weight=3731.04 3578.74 1039.24 2539.5 986.445 720.894 265.551 246.474 105.699 1553.05 684.275 1514.43 722.878 665.132 191.982 791.552 173.054 473.15 354.963 290.381 220.08 481.926 104.093 456.854 474.419 455.446 410.622 126.646 283.976 75.2343
internal_count=19561 18014 5363 12651 4939 3527 1412 1195 550 7712 3217 7452 3490 3199 935 3962 829 2264 2146 1400 1005 2412 567 2172 2332 2236 2004 674 1330 388
is_linear=0
shrinkage=0.03


Tree=71
num_leaves=31
num_cat=1
split_feature=5 17 14 12 32 12 18 12 14 14 12 9 3 29 29 5 5 14 9 16 14 14 5 12 7 12 29 9 4 12
split_gain=69.7348 42.7943 40.2176 31.4432 29.5311 24.8211 21.7666 22.2918 20.5578 35.8936 19.0399 18.4012 20.8721 26.2964 23.2583 21.2477 20.504 24.4088 19.4763 18.6731 17.9359 31.3793 24.4932 32.1817 29.2728 18.4752 22.0058 25.9419 17.4667 21.7915
threshold=-0.97269129753112782 0.41494375467300421 -0.11999999731779097 -0.46099999547004694 0 0.32000000774860388 1.4408521652221682 -0.34700000286102289 -1.2200000286102293 -1.0600000023841856 -0.66249999403953541 -10.046835422515867 248.93583679199222 78.088207244873061 75.224540710449233 -0.4591448307037353 0.20903649181127551 0.34499999880790716 204.85606384277347 1.0861150026321413 -0.24999999254941938 -0.38499999046325678 -0.88134551048278797 0.054500000551342971 -2.8156914710998531 -0.085999999195337282 76.151096343994155 -70.359115600585923 3.5000000000000004 -0.00450000021373853
decision_type=2 2 2 2 1 2 2 2 2 2 2 2 2 2 2 2 2 2 2 2 2 2 2 2 2 2 2 2 10 2
left_child=-1 2 3 -2 11 8 10 -8 -5 -10 -3 12 14 15 -4 19 -16 -18 -13 -14 21 25 -23 -24 -25 -11 -27 -28 29 -12
right_child=1 6 4 5 -6 -7 7 -9 9 20 28 18 13 -15 16 -17 17 -19 -20 -21 -22 22 23 24 -26 26 27 -29 -30 -31
leaf_value=0.019817668856846878 -0.024893439108752833 0.027683742493608689 0.021197475011837202 0.023686263643694881 -0.0079373733000109616 0.029827554202355177 -0.0055651118826374217 0.012421595049612455 -0.035323809972928839 -0.016913492108642316 0.0027443096523641639 0.0069807762779041842 -0.0071793102660804116 0.021637824246462233 -0.013315478634254129 0.025085202756177854 -0.021220428319664367 0.008634160379468828 -0.02476133770035854 0.029107753777163643 -0.014588356457314535 -0.033244220998501842 0.017387579807217283 -0.02104411200210083 0.010536310916821329 0.008488131357626931 0.017072969398668158 -0.015170374209181686 0.0036299420753416294 -0.016105557170381993
leaf_weight=151.74696249514818 86.507726855576038 21.344462394714355 25.855104826390743 18.622088059782982 318.67057479172945 16.073416523635387 74.187330283224583 361.9016290679574 38.590788893401623 155.7123791128397 104.77110365778208 569.12623733282089 154.22820080816746 64.806205257773399 223.29157957434654 24.671127915382385 31.379049442708492 102.26027093827724 16.982912339270115 12.922392621636389 173.91745304316282 13.361780688166617 124.51094432175159 51.389155268669128 52.390937104821205 85.931617505848408 25.810332469642162 141.12467002123594 348.12661514431238 115.06650494784117
leaf_count=1565 446 122 117 97 1781 95 409 1966 200 858 502 2780 701 356 1063 103 145 467 90 77 882 69 610 229 255 396 121 701 1718 568
internal_value=-3.06384e-05 -0.00088356 -0.00298002 -0.00771686 4.1283e-05 -0.00603527 0.00428317 0.00935597 -0.00672236 -0.00740539 0.000519797 0.00216778 -0.00133372 0.00527383 -0.00576577 -0.000338221 -0.00777268 0.00151864 0.00602042 -0.00421754 -0.00605688 -0.00375607 0.00480087 0.00716291 -0.00515308 -0.00881642 -0.00378335 -0.0101132 -0.000547904 -0.00715026
internal_weight=3705.28 3553.53 2528.14 983.943 1544.19 897.436 1025.4 436.089 881.362 862.74 589.309 1225.52 639.414 256.628 382.786 191.822 356.931 133.639 586.109 167.151 824.149 650.232 241.653 228.291 103.78 408.579 252.867 166.935 567.964 219.838
internal_count=19489 17924 12639 4959 7680 4513 5285 2375 4418 4321 2910 5899 3029 1237 1792 881 1675 612 2870 778 4121 3239 1163 1094 484 2076 1218 822 2788 1070
cat_boundaries=0 1
cat_threshold=108
is_linear=0
shrinkage=0.03


Tree=72
num_leaves=31
num_cat=2
split_feature=5 29 5 17 14 10 28 10 5 29 28 17 17 14 10 14 31 10 3 5 14 10 32 10 14 18 2 2 5 0
split_gain=74.2938 49.5386 54.6941 27.6099 25.9299 80.6328 41.704 32.6185 29.1183 38.1437 26.8689 23.5674 23.1932 24.4107 22.613 89.9288 27.5362 53.3474 28.6965 23.767 21.1804 20.8101 21.6937 20.2524 24.6602 19.8045 19.6265 18.8069 18.5324 17.122
threshold=-0.97269129753112782 86.164299011230483 0.63088810443878185 1.141010642051697 -0.11999999731779097 -0.26999999582767481 22.825375556945804 -0.39499999582767481 -0.70125329494476307 75.522090911865249 22.87558746337891 -0.40205584466457361 0.029705954715609554 -1.0349999666213987 0.16000000387430194 0.30500000715255743 0 1.1600000262260439 274.55114746093756 0.48901963233947759 -1.314999997615814 -0.36500000953674311 1 1.1200000047683718 1.0000000180025095e-35 0.244099996984005 245.22758483886722 187.84236145019534 -0.56916013360023487 1.5315812230110171
decision_type=2 2 2 2 2 2 2 2 2 2 2 2 2 2 2 2 1 2 2 2 2 2 1 2 2 2 2 2 2 2
left_child=-1 2 3 4 5 7 -7 12 10 -10 11 -6 20 -14 15 -11 18 19 28 -18 -2 -9 -23 24 -13 -26 -15 -12 -16 -4
right_child=1 -3 29 -5 8 6 -8 21 9 14 27 23 13 26 16 -17 17 -19 -20 -21 -22 22 -24 -25 25 -27 -28 -29 -30 -31
leaf_value=0.020435312169886265 0.020786381071594966 -0.023015826502197363 0.021913284544790392 0.0074951650141716585 -0.0089506630210321007 -0.028363094877990238 -0.0054865226748944023 0.025678315531048782 0.012139788514925743 -0.0045072375834716303 0.028431936787906637 -0.017283996319201057 -0.014103246290404119 0.014508858394512887 -0.030376380753363349 0.036424348499966654 -0.02054478240321304 0.028183187496736425 0.010852552741211181 0.010237485924712058 -0.011025269346371908 -0.008272546415619737 0.010140357716888154 -0.013431341733427282 -0.0099410589840596888 0.020463913956248744 -0.017639469161207854 0.0081589129997055952 -0.0044564371213765309 0.0025018407258086605
leaf_weight=150.59524722397327 18.970975808799267 88.740399785339832 122.0302671790123 289.67502579838037 130.40708178281784 177.10722733289003 121.03364647179842 45.878852479159832 144.83370112627745 287.59683191031218 62.884186923503876 22.402278780937195 51.014250844717026 119.30095057934523 25.531946614384651 57.025493249297142 257.65582059323788 23.707104183733463 113.25334130227566 24.137175634503365 359.74788724631071 80.998865887522697 148.71287731826305 34.420066691935062 22.078863978385925 126.9837661087513 19.051584169268608 119.47875744104385 398.83793225884438 61.682822450995445
leaf_count=1576 97 592 1002 1464 610 916 657 222 650 1364 368 113 238 576 110 264 1287 112 507 134 1710 405 686 161 98 656 99 634 1867 361
internal_value=-0.000132626 -0.00100937 -0.000439535 -0.0013329 -0.00218952 -0.00574284 -0.0191255 -0.000996603 4.03925e-06 -0.00234336 0.00602812 0.000987915 -0.00510302 0.00345733 -0.00411817 0.0023516 -0.0067623 -0.0137768 -0.0024568 -0.0178812 -0.0093812 0.00745597 0.00372101 0.00729582 0.0115104 0.0159242 0.00998712 0.0152666 -0.00608364 0.0154446
internal_weight=3705.78 3555.18 3466.44 3282.73 2993.05 1141.82 298.141 843.676 1851.23 1332.58 518.655 336.292 568.086 189.367 1187.75 344.622 843.123 305.5 537.623 281.793 378.719 275.591 229.712 205.885 171.465 149.063 138.353 182.363 424.37 183.713
internal_count=19536 17960 17368 16005 14541 5606 1573 4033 8935 6295 2640 1638 2720 913 5645 1628 4017 1533 2484 1421 1807 1313 1091 1028 867 754 675 1002 1977 1363
cat_boundaries=0 1 2
cat_threshold=12 88
is_linear=0
shrinkage=0.03


Tree=73
num_leaves=31
num_cat=2
split_feature=6 29 3 7 17 6 29 9 17 32 31 14 14 17 14 9 14 14 14 6 0 14 14 0 14 6 0 6 18 0
split_gain=61.9243 40.4017 42.3946 29.4193 25.7811 26.5868 28.4645 23.9549 23.33 21.796 16.6273 23.6432 28.1177 22.8643 22.5144 24.1766 22.9061 29.0677 22.027 21.4878 17.5776 17.5283 17.6904 16.816 16.2669 16.109 16.03 15.7293 16.8171 17.2742
threshold=-0.23208956420421598 86.164299011230483 1.0000000180025095e-35 -4.5858092308044425 1.5727599859237673 -0.54638096690177906 76.34873199462892 183.65167999267581 0.63405978679656994 0 1 1.4100000262260439 0.49499998986721044 -0.18673217296600339 -0.11999999731779097 -45.048408508300774 0.074999999254941954 0.16499999910593036 -0.31499999761581415 -0.88835394382476796 6.6735129356384286 -0.52499997615814198 1.0249999761581423 62.586336135864265 -1.0349999666213987 -0.68784540891647328 0.66213878989219677 -0.85020262002944935 1.351981580257416 3.0111782550811772
decision_type=2 2 2 2 2 2 2 2 2 1 1 2 2 2 2 2 2 2 2 2 2 2 2 2 2 2 2 2 2 2
left_child=1 2 3 -1 5 6 10 24 9 -7 11 12 13 14 -4 20 -17 -18 23 21 -16 -12 -23 -15 -8 27 -14 28 29 -20
right_child=-2 -3 4 -5 -6 8 7 -9 -10 -11 19 -13 26 18 15 16 17 -19 25 -21 -22 22 -24 -25 -26 -27 -28 -29 -30 -31
leaf_value=-0.0087611609142174435 0.018834010332594811 -0.021128292820522462 -0.013104967600986429 0.018570159736080765 0.01196128780466039 0.011982753161890512 -0.022760475237412561 -0.024909143703245862 0.024727902949434666 -0.0022777891094436769 0.012897616014234682 -0.029973432403549528 -0.0084549363737669875 0.025753049121014147 -0.038701878159416801 0.029258568012817801 -0.03467974196396837 0.010230564566186975 -0.015106882624705321 0.0046288698361287451 0.0006644110975837583 -0.015708776040529945 0.017373170791730987 -0.0092327483382811677 -0.0042977930301220865 0.025832176059672668 0.024666041597078026 -0.01544851781708512 -0.012367845923194506 0.01881181969942931
leaf_weight=44.620027489960194 146.89497306197882 86.358187317848206 130.20055301487446 162.30241937190294 125.59427781403065 133.10001359879971 43.283848315477371 54.462011829018593 46.306481562554836 286.44420492649078 25.517796009778976 17.343614786863327 15.133703276515005 76.100779682397842 16.662506178021431 38.444489911198616 15.222368240356444 63.726823002099991 16.062484085559845 145.37671983242035 24.109937071800232 183.96675300598145 14.974890872836111 14.197003483772276 1503.6639763191342 21.860738083720207 81.411904379725456 47.378960445523262 35.016994148492813 67.004071444272995
leaf_count=246 1556 594 615 1246 616 850 247 300 346 1435 112 71 72 358 70 160 65 290 68 667 106 840 62 68 7267 96 380 211 159 298
internal_value=-0.000184697 -0.000979921 -0.000469529 0.0126627 -0.0013112 -0.00184966 -0.00301124 -0.00552678 0.0047531 0.00249486 0.000827986 0.00358742 0.00456388 0.00199638 -0.00391398 0.00368674 0.0105892 0.00124585 0.00812751 -0.00422358 -0.0159648 -0.0101395 -0.0131442 0.0202116 -0.00482875 0.0022261 0.0194408 -0.00102916 0.0048375 0.0121513
internal_weight=3682.74 3535.85 3449.49 206.922 3242.57 3116.97 2651.12 1601.41 465.851 419.544 1049.71 679.877 662.533 565.988 288.367 158.166 117.394 78.9492 277.621 369.836 40.7724 224.459 198.942 90.2978 1546.95 187.323 96.5456 165.463 118.084 83.0666
internal_count=19471 17915 17321 1492 15829 15213 12582 7814 2631 2285 4768 3087 3016 2564 1306 691 515 355 1258 1681 176 1014 902 426 7514 832 452 736 525 366
cat_boundaries=0 1 2
cat_threshold=112 4
is_linear=0
shrinkage=0.03


Tree=74
num_leaves=31
num_cat=2
split_feature=5 5 29 14 5 21 10 14 29 12 12 12 5 12 32 10 14 10 10 10 28 28 12 2 11 28 31 12 6 3
split_gain=66.5138 39.2778 28.6608 25.2686 27.9583 50.508 31.438 66.2201 38.6002 35.3121 39.9237 38.5108 37.3236 31.2162 28.9637 28.5477 37.764 37.0043 33.6581 27.4108 38.4085 37.1906 26.4922 22.8306 22.774 22.2376 21.0896 22.3212 20.9179 20.8532
threshold=-0.96105405688285817 0.63088810443878185 86.164299011230483 -1.0349999666213987 -0.73172146081924427 1.0000000180025095e-35 -0.32500000298023218 -0.11999999731779097 75.522090911865249 0.42849999666213995 0.082499999552965178 0.12650000303983691 0.4124008715152741 -0.66249999403953541 0 0.35999999940395361 0.39499999582767492 0.2950000017881394 1.2450000047683718 -0.24499999731779096 22.825375556945804 19.008403778076175 -0.46099999547004694 16.788583755493168 86.500000000000014 25.346193313598636 1 -0.10600000247359274 -0.89225733280181874 98.590011596679702
decision_type=2 2 2 2 2 2 2 2 2 2 2 2 2 2 1 2 2 2 2 2 2 2 2 2 2 2 1 2 2 2
left_child=26 2 3 -2 5 14 -6 13 22 10 12 -12 15 -8 -5 16 29 -18 25 21 -21 -15 -9 -14 -7 -17 -1 -28 -22 -10
right_child=1 -3 -4 4 6 24 7 8 9 -11 11 -13 23 19 -16 18 17 -19 -20 20 28 -23 -24 -25 -26 -27 27 -29 -30 -31
leaf_value=0.025705083021050998 -0.014824207243410523 0.012039925207348633 -0.020381352760215639 0.017583480836911261 0.0034864569140511154 -0.017940703336687444 0.024529048790071142 -0.022268787539182548 -0.02338881807590391 -0.016823624120429967 0.037703730046959379 0.0037370018513225053 0.018107314797019689 0.014277949798385044 0.0026012297353403243 -0.024946711936078319 0.027407399918432475 -0.0045556007795911008 0.016110490256312816 -0.034805072185154391 -0.02190520619540437 -0.020471306359816879 0.016357207966549416 -0.0084731700025613785 0.010421502796251189 0.00037005197769971149 -0.0070580332258774782 0.018222436509981739 0.0073473519956772293 -0.0050610071326419202
leaf_weight=93.71032727509737 124.16613705456257 187.52671708911657 73.955663003027439 198.09925231337547 590.92831198871136 107.08222458511591 15.251543700695036 17.094099961221218 68.933357909321785 154.81427253782749 32.392907850444317 302.70992733538151 89.019676588475704 46.289407014846802 291.06898666918278 170.1631216853857 59.368906915187836 70.341702401638031 24.856547668576241 129.36067871749401 48.585020333528519 66.164744451642036 143.37066370993853 42.242849841713905 32.609907150268555 38.158274978399277 59.770858496427536 64.359305277466774 38.848931685090065 282.54227754473686
leaf_count=1042 629 1384 535 1127 2692 513 70 72 345 734 152 1410 482 215 1419 839 271 309 104 687 293 347 661 184 136 209 473 559 192 1342
internal_value=-0.000256282 -0.00127443 -0.00204415 -0.00161202 -0.00107129 0.00456234 -0.00252964 -0.00446206 -0.00172691 -0.00339964 -0.00162678 0.00712283 -0.00509836 -0.0163002 0.0091039 -0.00780025 -0.00361088 0.0101717 -0.0163931 -0.01826 -0.0244753 -0.00616773 0.01213 0.00955381 -0.0112928 -0.0203298 0.0157817 0.00563962 -0.00897151 -0.00871172
internal_weight=3663.79 3445.95 3258.42 3184.46 3060.3 628.86 2431.44 1840.51 1496.01 1335.54 1180.73 335.103 845.627 344.5 489.168 714.364 481.186 129.711 233.178 329.249 216.795 112.454 160.465 131.263 139.692 208.321 217.84 124.13 87.434 351.476
internal_count=19427 17353 15969 15434 14805 3195 11610 8918 7114 6381 5647 1562 4085 1804 2546 3419 2267 580 1152 1734 1172 562 733 666 649 1048 2074 1032 485 1687
cat_boundaries=0 1 2
cat_threshold=56 10
is_linear=0
shrinkage=0.03


Tree=75
num_leaves=31
num_cat=3
split_feature=5 3 17 32 8 0 5 7 2 3 5 32 10 12 9 0 18 6 12 5 32 6 12 0 10 28 21 10 24 18
split_gain=61.3865 38.7526 28.3766 27.361 23.7834 24.9256 17.0095 24.8974 24.59 22.8498 32.373 21.0529 19.3405 22.7827 20.0733 21.6049 20.0128 24.7872 27.0981 27.8091 20.657 20.1732 19.8128 16.8206 16.8174 16.5782 16.5004 29.4294 16.0316 16.2687
threshold=-0.97269129753112782 1.0000000180025095e-35 1.141010642051697 0 -6.6039657592773429 18.484686851501468 -0.85957497358322132 -29.414137840270993 252.356315612793 304.69734191894537 -0.42028589546680445 1 0.2650000005960465 -0.37100000679492945 75.03122711181642 9.9083604812622088 0.5034179985523225 -0.99887409806251515 -0.16650000214576718 0.52643132209777843 2 -0.85020262002944935 0.12900000065565112 3.9299068450927739 -0.46499998867511744 19.008403778076175 1.0000000180025095e-35 -0.49500000476837153 1.0000000180025095e-35 1.7864649891853335
decision_type=2 2 2 1 2 2 2 2 2 2 2 1 2 2 2 2 2 2 2 2 1 2 2 2 2 2 2 2 2 2
left_child=25 4 3 -3 -2 -6 11 28 9 12 -11 -5 13 -9 15 -14 -15 -18 19 -19 21 -20 -23 -4 -10 -1 27 -13 29 -8
right_child=1 2 23 6 5 -7 7 8 24 10 -12 26 14 16 -16 -17 17 18 20 -21 -22 22 -24 -25 -26 -27 -28 -29 -30 -31
leaf_value=0.0065328429712674871 -0.0067255416485623876 -0.020154204913355213 0.019089117959910688 0.012615686494670002 0.019807035108008672 -0.031508745364706117 -0.013076067073525603 -0.014391708108518402 -0.025829710580329228 0.0035589605070089772 0.03397519909409568 -0.025875666043967051 -0.00037219768383906681 0.016200210843772097 0.014676779653906116 -0.013060148410228839 -0.015489148812147401 0.016682253591109027 -0.019586418722758424 -0.02705310508640564 0.0025742228811631274 0.027025587602213647 -0.020389864628499184 0.002778013937636368 -0.0064576100670130886 0.027499002949809226 -0.014782404640004798 0.0066694378516575234 0.0075919407676346383 0.0088711218944847476
leaf_weight=58.100385092198849 49.172566428780556 68.705902323126793 74.576352074742317 133.04219824075699 151.46405612677336 8.1457110643386823 382.84780924022198 79.440630480647087 45.897089079022408 236.33555373549461 35.394755572080612 27.776655822992325 203.03039967268705 83.131388075649738 37.145540446043015 297.3856488764286 74.879587590694427 153.48269079625607 86.957962393760681 13.400911912322043 378.75285019725561 18.884841583669189 12.276308596134184 232.1220318749547 298.72555065900087 83.384992174804211 64.089838773012161 190.18809030205011 43.824326321482658 32.326579630374908
leaf_count=570 286 498 395 884 1188 36 1822 400 247 1079 158 132 947 385 165 1455 378 675 447 63 1728 104 58 1166 1488 972 292 1045 210 165
internal_value=-0.000308274 -0.00109083 -0.00188402 -0.00277372 0.011413 0.0170082 -0.00228274 -0.00321943 -0.00180631 -0.000331373 0.00763093 0.00332978 -0.00183941 0.000847604 -0.00633734 -0.00792336 0.0023365 0.000756382 0.00260962 0.01303 -0.000909417 -0.0112771 0.00829253 0.00679335 -0.00910487 0.0189956 -0.00147304 0.00242277 -0.00952888 -0.01135
internal_weight=3654.89 3513.4 3304.62 2997.92 208.782 159.61 2929.22 2514.12 2055.12 1710.5 271.73 415.097 1438.77 901.207 537.562 500.416 821.767 738.635 663.756 166.884 496.872 118.119 31.1612 306.698 344.623 141.485 282.055 217.965 458.999 415.174
internal_count=19438 17896 16386 14825 1510 1224 14327 11974 9777 8042 1237 2353 6805 4238 2567 2402 3838 3453 3075 738 2337 609 162 1561 1735 1542 1469 1177 2197 1987
cat_boundaries=0 1 2 3
cat_threshold=1 112 48
is_linear=0
shrinkage=0.03


Tree=76
num_leaves=31
num_cat=2
split_feature=5 5 31 29 17 10 0 2 3 14 5 7 18 17 28 12 18 4 0 12 17 2 18 10 22 14 5 10 32 14
split_gain=64.1103 38.8375 33.8882 27.2065 25.5195 23.1085 23.0228 22.0306 29.2431 40.04 31.724 27.1623 21.6383 26.7179 26.686 20.5223 19.7811 18.5684 19.8186 17.2324 16.9491 22.4477 28.2233 20.1213 16.4817 20.8257 20.594 16.2773 17.0348 15.6797
threshold=-0.93404099345207203 0.63088810443878185 0 86.164299011230483 1.141010642051697 0.49500000476837164 3.4331679344177251 249.83755493164065 304.69734191894537 -0.73000001907348622 -0.38118652999401087 -29.09250450134277 0.40214560925960546 -0.9375849962234496 22.786700248718265 0.13350000232458117 0.37955474853515631 12.500000000000002 77.809761047363295 -0.29899999499320978 -0.49491618573665613 184.48174285888675 0.51983559131622326 -0.37499999999999994 1.0000000180025095e-35 0.45499999821186071 -0.42028589546680445 0.32999999821186071 1 1.5849999785423281
decision_type=2 2 1 2 2 2 2 2 2 2 2 2 2 2 2 2 2 10 2 2 2 2 2 2 2 2 2 2 1 2
left_child=2 3 -1 4 7 20 -3 8 11 -10 12 27 -11 14 -14 19 -13 18 -6 -8 -4 22 -22 -24 25 -9 -26 28 -2 -27
right_child=1 6 5 -5 17 -7 15 24 9 10 -12 16 13 -15 -16 -17 -18 -19 -20 -21 21 -23 23 -25 26 29 -28 -29 -30 -31
leaf_value=0.023586861983450291 0.0079083221462409991 0.01891591651638596 -0.014791083292532179 -0.020794537746265305 -0.0039373840834183195 0.027595015317547673 -0.021812019140596745 -0.01278521420210388 -0.01650708365647377 -0.012120323338582827 0.036525131789339513 0.0095732425823532568 -0.021928279642899014 0.012023304932164828 0.015538689840718645 -0.03288795061776513 -0.0025873130353980893 0.017855075944053951 0.01770008325271458 0.019478552291471486 -0.046586234585979443 0.020118655715223741 -0.024103697187084341 0.017296156769879553 0.015804612948443514 0.0077098913461739966 -0.023860590017261627 -0.0224160688920939 -0.012552656108092971 -0.024363988508811423
leaf_weight=134.98863165080547 47.783010646700859 131.35912990570068 51.359558321535587 66.365536488592625 146.28149933367968 29.87624079734087 12.112964913249014 387.39385150372982 67.433748744428158 51.903656616806984 31.806675210595131 131.38818617910147 45.303674310445786 320.99116384238005 26.253637567162514 14.947279512882231 1329.0685076937079 93.573337644338608 50.402738831937313 29.010017052292824 11.647923737764357 51.66100849956274 14.666294343769549 31.536032274365425 48.963049724698067 84.217994220554829 14.460922807455061 89.882310017943382 98.973757430911064 15.358345866203306
leaf_count=1403 228 1109 315 506 696 242 53 1960 336 225 143 628 198 1535 120 72 6308 482 253 166 80 406 91 264 223 414 85 445 490 74
internal_value=9.98233e-05 -0.00114225 0.0127821 -0.00193361 -0.00152079 0.00363305 0.0120881 -0.00240181 -0.0010794 0.00496967 0.00803879 -0.00301911 0.00592278 0.00833321 -0.00815733 -0.00395901 -0.0014875 0.00693044 0.00166897 0.00708714 -0.000735601 0.00593046 -0.00686635 0.00392211 -0.00777392 -0.00964656 0.0065308 -0.0124256 -0.00619659 0.00256986
internal_weight=3660.97 3335.23 325.736 3147.81 3081.44 190.747 187.429 2791.18 2240.79 543.693 476.259 1697.1 444.452 392.548 71.5573 56.0703 1460.46 290.258 196.684 41.123 160.871 109.511 57.8503 46.2023 550.394 486.97 63.424 236.639 146.757 99.5763
internal_count=19550 16749 2801 15349 14843 1398 1400 13412 10656 2557 2221 8099 2078 1853 318 291 6936 1431 949 219 1156 841 435 355 2756 2448 308 1163 718 488
cat_boundaries=0 1 2
cat_threshold=10 40
is_linear=0
shrinkage=0.03


Tree=77
num_leaves=31
num_cat=1
split_feature=5 5 29 17 14 10 29 10 5 14 14 10 14 29 16 0 10 29 15 18 14 31 16 2 10 8 8 10 3 29
split_gain=62.9974 37.1418 29.3476 24.9371 29.7653 68.5086 43.5565 37.9755 27.3066 25.7382 23.0269 22.3963 21.907 35.0263 21.5655 21.1608 18.6626 17.4523 17.3965 17.0518 17.8718 17.0142 26.804 16.5631 23.6898 27.8532 35.6473 27.0814 32.8153 26.0195
threshold=-0.97269129753112782 0.63088810443878185 86.164299011230483 0.41494375467300421 -0.11999999731779097 -0.24499999731779096 78.088207244873061 -0.39499999582767481 -0.83753159642219532 -1.314999997615814 -1.0600000023841856 -0.62499999999999989 -0.3299999982118606 81.26676177978517 -1.579212963581085 17.756321907043461 -0.36500000953674311 77.177566528320327 33.500000000000007 1.420721232891083 0.39499999582767492 0 -1.2910532951354978 358.97969055175787 0.2650000005960465 -39.976228713989251 -90.858589172363267 0.28499999642372137 346.77491760253912 77.177566528320327
decision_type=2 2 2 2 2 2 2 2 2 2 2 2 2 2 2 2 2 2 2 2 2 1 2 2 2 2 2 2 2 2
left_child=-1 2 3 4 5 7 18 9 11 -2 -11 -5 13 -10 -6 -3 -9 -12 -7 -14 -21 22 -18 24 25 26 -16 29 -29 -26
right_child=1 15 -4 8 14 6 -8 16 12 10 17 -13 19 -15 23 -17 21 -19 -20 20 -22 -23 -24 -25 27 -27 -28 28 -30 -31
leaf_value=0.019637695365616808 0.026407533766609273 0.015416311871833233 -0.02000709848646718 -0.013335656309639366 -0.021307039891746052 -0.0043317810299495843 0.0018386849866544113 0.024922910764356033 0.015557325819075674 -0.028924333920217996 -0.0023316030218681386 0.025999975966390063 -0.0056470732737652057 -0.027778888415048865 0.030567684358925054 -0.018001927627360737 0.025075166511787306 -0.016918185491492713 -0.031242962198614818 -0.0021004033970698946 0.012775218076846314 0.011408921195938377 -0.01405447684079269 -0.011070345420704449 -0.029808694015482091 0.0097402725843030724 -0.0090822253400254932 -0.0043538135675016193 0.012136020576871872 0.011183824109531252
leaf_weight=138.25885270535946 18.385106161236763 167.76325288414955 75.714624017477036 15.256436765193937 41.152276575565338 25.334897980093956 59.163947075605392 43.911837682127953 152.04456145316362 45.437080919742584 262.15704164654016 70.841577418148518 354.8852404654026 17.931982129812241 22.339001804590225 18.13113109767437 18.835200548171997 101.98296949267387 161.83423942327499 174.72557831555605 123.18166514486074 99.429177850484848 76.175544574856758 102.53668051958084 54.800712071359158 436.20389922708273 162.14868655800819 451.21475584805012 141.94878309965134 17.980335384607315
leaf_count=1549 96 1329 559 71 209 130 325 215 707 240 1205 548 1632 88 113 80 94 538 880 826 593 455 395 530 263 2059 787 2203 724 99
internal_value=-0.000151768 -0.000935876 -0.00166631 -0.00123325 -0.00286921 -0.0070991 -0.0205831 -0.00209076 0.00298262 -0.00742982 -0.00900933 0.0189567 0.00129004 0.0108498 -0.000167173 0.012078 0.00748656 -0.00645194 -0.0276427 -0.00121194 0.00407268 0.0034414 -0.00553992 0.000473942 0.00140183 0.00561396 -0.00414224 -0.0025266 -0.00039388 -0.0196673
internal_weight=3651.71 3513.45 3327.55 3251.84 2342.97 912.647 246.333 666.314 908.867 427.962 409.577 86.098 822.769 169.977 1430.33 185.894 238.352 364.14 187.169 652.792 297.907 194.44 95.0107 1389.17 1286.64 620.692 184.488 665.945 593.164 72.781
internal_count=19542 17993 16584 16025 11560 4573 1335 3238 4465 2079 1983 619 3846 795 6987 1409 1159 1743 1010 3051 1419 944 489 6778 6248 2959 900 3289 2927 362
cat_boundaries=0 1
cat_threshold=10
is_linear=0
shrinkage=0.03


Tree=78
num_leaves=31
num_cat=0
split_feature=5 29 5 12 28 10 16 2 5 28 12 12 29 12 8 14 12 8 28 2 28 5 29 7 3 12 12 28 9 18
split_gain=60.1191 34.4868 33.262 30.5925 29.2902 35.681 27.8386 21.7594 18.531 24.6796 25.0041 26.787 23.9063 26.5745 21.2888 22.5387 20.9043 27.842 32.1526 19.1803 18.8754 18.5983 17.6614 19.4899 21.2235 17.2842 20.8689 28.0533 28.2029 23.4711
threshold=-0.97269129753112782 86.164299011230483 0.48901963233947759 0.13350000232458117 19.164343833923343 0.37500000000000006 0.96688616275787365 7.8629119396209726 -0.85957497358322132 24.994574546813968 0.056499999016523368 1.0000000180025095e-35 76.836559295654311 -0.17249999940395352 -78.05251312255858 0.39499999582767492 0.028500000014901165 -3.4567222595214839 24.009605407714847 173.09577941894534 18.289889335632328 0.3732354491949082 81.26676177978517 -3.7485659122467037 633.77917480468761 0.43999999761581426 0.024500000290572647 20.863806724548343 -90.65679550170897 2.1117471456527714
decision_type=2 2 2 2 2 2 2 2 2 2 2 2 2 2 2 2 2 2 2 2 2 2 2 2 2 2 2 2 2 2
left_child=-1 2 6 4 5 -4 8 -5 9 10 11 19 25 14 -14 -16 21 18 -18 -2 -12 -15 23 -8 -25 26 29 28 -28 -10
right_child=1 -3 3 7 -6 -7 22 -9 12 -11 20 -13 13 16 15 -17 17 -19 -20 -21 -22 -23 -24 24 -26 -27 27 -29 -30 -31
leaf_value=0.019621858550050546 -0.01593483125411806 -0.019743795232645977 -0.0073887364723784843 0.0046786532544455476 0.021146509001299559 0.025931438401402631 0.016153426630279914 -0.021361362287621179 -0.001842742717690441 0.020883608468263752 -0.022742640053414788 -0.042610633351408848 -0.021250018805407233 -0.022816042974336669 -0.0017871362542641346 0.018231470161566163 -0.011552454780982886 -0.015227746736598926 0.010629892307218034 0.0051868872688907554 0.014350960448144545 0.0014837626373854116 -0.013470819692703416 -0.0026263185591329096 0.026219337815587038 -0.012233769281337719 -0.014798450252034818 -0.0055847192386105637 0.012720821399707533 -0.028007528978218451
leaf_weight=136.3982859402895 62.795816943049431 81.766353107988834 97.159339644014835 77.343684680759907 167.24977657943964 40.019104853272438 158.25718352943659 44.834264546632767 648.4130409732461 62.548276476562023 12.928694769740103 16.151195794343948 36.661166086792946 163.95198649168015 223.94104773551226 64.346388086676598 110.68259230256081 193.68794259428978 123.21935065090656 97.479113020002842 114.07721483707428 34.087541490793228 35.498992346227169 152.31740993261337 26.00342720746994 106.5773101747036 36.762133345007896 155.19188003242016 307.32662564516068 31.410695299506187
leaf_count=1549 296 589 524 530 1133 268 810 213 3014 436 67 73 188 941 1124 299 529 988 592 526 674 147 190 746 164 466 153 681 1349 161
internal_value=0.000157669 -0.000610053 -0.000144363 0.00767942 0.0127569 0.00244909 -0.00126873 -0.0049728 -0.00236671 0.00388362 0.000322221 -0.00696965 -0.0033909 -0.0069956 -3.35638e-05 0.00272864 -0.0106058 -0.0068467 0.000128693 -0.00313611 0.0104268 -0.018647 0.00639608 0.00852514 0.00170282 -0.000722371 0.00032761 0.00497932 0.00974632 -0.00309103
internal_weight=3619.09 3482.69 3400.92 426.606 304.428 137.178 2974.32 122.178 2602.24 365.98 303.432 176.426 2236.26 950.578 324.949 288.287 625.629 427.59 233.902 160.275 127.006 198.04 372.077 336.578 178.321 1285.68 1179.1 499.281 344.089 679.824
internal_count=19420 17871 17282 2668 1925 792 14614 743 12704 2072 1636 895 10632 4808 1611 1423 3197 2109 1121 822 741 1088 1910 1720 910 5824 5358 2183 1502 3175
is_linear=0
shrinkage=0.03


Tree=79
num_leaves=31
num_cat=1
split_feature=5 2 31 17 18 12 12 12 3 14 9 5 12 12 10 1 5 18 28 14 10 10 14 2 9 12 29 10 29 28
split_gain=50.8418 37.943 37.0531 30.6621 24.5018 22.6908 39.1512 28.8133 20.6658 36.671 31.9478 25.8078 24.0632 20.4088 20.3526 30.8335 20.5609 20.1324 22.1624 20.0048 43.0611 26.9754 26.0439 22.9043 26.6133 24.6137 23.5034 19.3612 18.9424 18.9216
threshold=-0.88134551048278797 249.83755493164065 0 0.38102295994758612 1.8713452219963076 -0.10600000247359274 -0.31749999523162836 -0.30349999666213984 300.95053100585943 -0.6599999964237212 -32.719305038452141 -0.38118652999401087 -1.0000000180025095e-35 0.50899998843669902 0.39499999582767492 15.495090484619142 0.038674917072057731 0.40214560925960546 18.289889335632328 -0.11999999731779097 -0.26999999582767481 0.16000000387430194 0.20499999821186068 14.753347396850588 -4.9689743518829337 -0.045499999076127999 75.522090911865249 -0.044999999925494187 76.49637603759767 18.63957500457764
decision_type=2 2 1 2 2 2 2 2 2 2 2 2 2 2 2 2 2 2 2 2 2 2 2 2 2 2 2 2 2 2
left_child=2 3 -1 8 -3 6 27 -8 10 -10 12 17 -2 -5 15 -14 -17 -11 -19 20 -12 22 29 24 25 -23 -25 -4 -7 -21
right_child=1 4 5 13 -6 28 7 -9 9 11 19 -13 14 -15 -16 16 -18 18 -20 21 -22 23 -24 26 -26 -27 -28 -29 -30 -31
leaf_value=0.018712070563821872 -0.017090555435780377 -0.010160994852039354 -0.0097414138185187554 0.0057635838734145248 0.012591907648216974 0.018651384976175387 -0.0672948087239746 -0.014511968396626149 -0.01810045315853389 -0.011542689766080571 0.00025464774306225289 0.039526392711985374 -0.018217541259232837 -0.026245555615282898 -0.019051552074689008 0.016661852739328888 -0.015940136402947488 -0.017038580680293808 0.012668742849601483 -0.017607855752309061 -0.022201363412619777 0.017175368509256262 0.030276074494057822 0.014620229214927179 0.023615820531813016 -0.011624902166631526 -0.010648248980387224 0.021640843243053137 -0.0032012831237760988 0.01170452943755221
leaf_weight=196.06329893320799 228.02251402288675 527.2282587736845 30.716748632490635 788.76665753871202 45.490596234798431 86.959555603563786 10.700046643614767 50.201140239834785 54.425154589116573 48.20603783428669 279.79844412207603 21.293819703161716 45.805157542228699 17.369545988738537 52.541205167770386 93.057689480483532 20.524938441812992 24.400334894657135 212.90643189102411 25.142263635993004 104.94530491530895 40.986574023962021 53.269824914634228 38.226758435368538 58.458986721932888 72.400342546403408 215.15642806887627 39.340467877686024 59.655641973018646 81.385770499706268
leaf_count=1824 1216 2721 191 4052 244 607 58 300 286 209 1384 100 203 83 250 425 105 107 969 111 552 210 298 173 397 349 1049 262 398 372
internal_value=2.12798e-05 -0.00135759 0.00917465 0.000195656 -0.00833495 0.00166351 -0.00732311 -0.024723 -0.0020121 0.00438157 -0.00365238 0.00841556 -0.0103476 0.00504223 -0.00304633 0.00231558 0.0106828 0.00596542 0.0095555 -0.000607474 -0.00591228 0.00288537 0.0133525 -0.00107019 0.00735936 -0.00115518 -0.00679362 0.00793777 0.00979839 0.00468694
internal_weight=3623.45 3149.81 473.637 2577.09 572.719 277.574 130.958 60.9012 1770.95 361.232 1409.72 306.807 439.952 806.136 211.929 159.388 113.583 285.513 237.307 969.771 384.744 585.027 159.798 425.229 171.846 113.387 253.383 70.0572 146.615 106.528
internal_count=19505 15865 3640 12900 2965 1816 811 358 8765 1671 7094 1385 2199 4135 983 733 530 1285 1076 4895 1936 2959 781 2178 956 559 1222 453 1005 483
cat_boundaries=0 1
cat_threshold=10
is_linear=0
shrinkage=0.03


Tree=80
num_leaves=31
num_cat=1
split_feature=5 3 16 6 28 16 3 31 10 29 1 3 10 28 5 18 10 10 10 10 8 16 0 6 5 29 8 16 4 29
split_gain=46.2478 28.6792 23.7696 22.8554 38.3592 29.4944 33.7207 24.948 29.357 28.7689 28.1469 23.3194 20.7224 29.6944 19.683 18.5692 18.406 18.2771 22.2161 18.1693 17.4406 17.7355 16.9753 16.6637 15.0151 14.701 13.564 13.0577 14.0317 12.5248
threshold=-0.98097097873687733 1.0000000180025095e-35 0.96688616275787365 -0.9563411772251128 20.863806724548343 -0.51159128546714772 83.906261444091811 0 0.034999999217689044 76.34873199462892 51.503980636596687 288.78085327148443 -0.79500001668930043 24.009605407714847 -0.73172146081924427 1.9294059872627261 -0.64500001072883595 -0.35500000417232508 -0.34499999880790705 0.35999999940395361 -40.534990310668938 -1.2127375602722166 3.1408208608627324 -0.90877163410186756 -0.75976759195327748 76.151096343994155 -6.6039657592773429 -0.71760207414627064 11.500000000000002 81.26676177978517
decision_type=2 2 2 2 2 2 2 1 2 2 2 2 2 2 2 2 2 2 2 2 2 2 2 2 2 2 2 2 10 2
left_child=-1 19 3 4 5 11 -7 8 10 20 16 15 13 -6 29 27 -5 -14 -19 22 21 -9 26 -10 -12 -8 -2 28 -3 -4
right_child=1 2 14 7 12 6 25 9 23 -11 24 -13 17 -15 -16 -17 -18 18 -20 -21 -22 -23 -24 -25 -26 -27 -28 -29 -30 -31
leaf_value=0.0182522792285751 -0.0094352217097759036 -0.0092932933896339321 0.020458488744941494 -0.010938276533577616 0.031727751120449933 -0.013503255083765832 0.026551194394616982 0.016254117259712448 -0.0021006807809504889 -0.006097686536493398 0.0024517744377294385 0.026795332095801101 -0.035489985477436585 -0.023649913077335074 0.0012606741967225775 -0.033514941616966699 0.020701184828734568 0.011865978146994706 -0.016012573760441164 0.022150082603825869 0.0041324954628717686 -0.0094907244906450583 -0.022806167276495301 0.01771842447180114 -0.019004932861451797 0.0068048677087976777 0.013922946727421896 -0.023356074024553582 0.015415793351894433 -0.0081658678527327458
leaf_weight=117.218894995749 29.652721829712391 64.244786083698273 92.16141664981842 22.632622718811035 19.590315192937851 46.74693974852562 61.582999497652054 26.959442250430584 48.915410101413727 930.28651038557291 45.681920111179352 14.056640192866324 37.690761499106884 14.177928246557711 283.14662308245897 29.242160320281982 55.688005782663822 27.665394961833954 273.71521063148975 71.536273188889027 614.00149623304605 175.54205974936485 18.098540723323822 169.83867590874434 80.081692881882191 76.206378757953644 83.369719803333282 32.347381010651588 29.293104931712151 15.584338113665579
leaf_count=1375 170 298 626 106 91 216 288 125 242 4653 243 65 217 84 1357 151 278 142 1610 578 2917 822 92 920 417 334 668 155 129 90
internal_value=-0.000201813 -0.000826729 -0.00150315 -0.00244071 -0.00704216 3.93727e-05 0.00831262 -0.000897258 0.00555655 -0.0024794 -0.00249405 -0.00898044 -0.0137427 0.00846542 0.00543193 -0.0123731 0.0115356 -0.0159728 -0.0134227 0.0100982 0.0016152 -0.00600023 0.00340518 0.0132973 -0.0112532 0.0157579 0.00776566 -0.00723654 -0.00147398 0.0162812
internal_weight=3606.96 3489.74 3287.08 2896.19 726.56 353.72 184.536 2169.63 422.838 1746.79 204.084 169.184 372.84 33.7682 390.892 155.127 78.3206 339.071 301.381 202.657 816.503 202.502 131.121 218.754 125.764 137.789 113.022 125.885 93.5379 107.746
internal_count=19459 18084 16576 14503 3780 1636 838 10723 2206 8517 1044 798 2144 175 2073 733 384 1969 1752 1508 3864 947 930 1162 660 622 838 582 427 716
cat_boundaries=0 1
cat_threshold=8
is_linear=0
shrinkage=0.03


end of trees

feature_importances:
dmi=336
doy_sin=290
oni=285
nino34=260
centroid_lon=181
rmm2=166
doy_cos=115
centroid_lat=111
rmm1=109
rain_prev_30=81
season_to_date=79
zone_id=69
state=63
rain_prev_30_anom=55
amplitude=54
days_since_wet=39
rain_prev_7_anom=34
rain_prev_14_anom=32
rain_prev_7=27
rain_prev_14=24
mjo_phase_2=6
oni_age_days=3
nino34_age_days=3
mjo_phase_3=2
mjo_phase_6=2
dmi_age_days=1
mjo_phase_4=1
mjo_phase_5=1
mjo_phase_8=1

parameters:
[boosting: gbdt]
[objective: binary]
[metric: binary_logloss]
[tree_learner: serial]
[device_type: cpu]
[data_sample_strategy: bagging]
[data: ]
[valid: ]
[num_iterations: 2000]
[learning_rate: 0.03]
[num_leaves: 31]
[num_threads: 0]
[seed: 42]
[deterministic: 0]
[force_col_wise: 0]
[force_row_wise: 0]
[histogram_pool_size: -1]
[max_depth: -1]
[min_data_in_leaf: 60]
[min_sum_hessian_in_leaf: 0.001]
[bagging_fraction: 0.8]
[pos_bagging_fraction: 1]
[neg_bagging_fraction: 1]
[bagging_freq: 1]
[bagging_seed: 400]
[bagging_by_query: 0]
[feature_fraction: 0.8]
[feature_fraction_bynode: 1]
[feature_fraction_seed: 30056]
[extra_trees: 0]
[extra_seed: 12879]
[early_stopping_round: 0]
[early_stopping_min_delta: 0]
[first_metric_only: 0]
[max_delta_step: 0]
[lambda_l1: 0]
[lambda_l2: 1]
[linear_lambda: 0]
[min_gain_to_split: 0]
[drop_rate: 0.1]
[max_drop: 50]
[skip_drop: 0.5]
[xgboost_dart_mode: 0]
[uniform_drop: 0]
[drop_seed: 17869]
[top_rate: 0.2]
[other_rate: 0.1]
[min_data_per_group: 100]
[max_cat_threshold: 32]
[cat_l2: 10]
[cat_smooth: 10]
[max_cat_to_onehot: 4]
[top_k: 20]
[monotone_constraints: ]
[monotone_constraints_method: basic]
[monotone_penalty: 0]
[feature_contri: ]
[forcedsplits_filename: ]
[refit_decay_rate: 0.9]
[cegb_tradeoff: 1]
[cegb_penalty_split: 0]
[cegb_penalty_feature_lazy: ]
[cegb_penalty_feature_coupled: ]
[path_smooth: 0]
[interaction_constraints: ]
[verbosity: -1]
[saved_feature_importance_type: 0]
[use_quantized_grad: 0]
[num_grad_quant_bins: 4]
[quant_train_renew_leaf: 0]
[stochastic_rounding: 1]
[linear_tree: 0]
[max_bin: 255]
[max_bin_by_feature: ]
[min_data_in_bin: 3]
[bin_construct_sample_cnt: 200000]
[data_random_seed: 175]
[is_enable_sparse: 1]
[enable_bundle: 1]
[use_missing: 1]
[zero_as_missing: 0]
[feature_pre_filter: 1]
[pre_partition: 0]
[two_round: 0]
[header: 0]
[label_column: ]
[weight_column: ]
[group_column: ]
[ignore_column: ]
[categorical_feature: 31,32]
[forcedbins_filename: ]
[precise_float_parser: 0]
[parser_config_file: ]
[objective_seed: 16083]
[num_class: 1]
[is_unbalance: 0]
[scale_pos_weight: 1]
[sigmoid: 1]
[boost_from_average: 1]
[reg_sqrt: 0]
[alpha: 0.9]
[fair_c: 1]
[poisson_max_delta_step: 0.7]
[tweedie_variance_power: 1.5]
[lambdarank_truncation_level: 30]
[lambdarank_norm: 1]
[label_gain: ]
[lambdarank_position_bias_regularization: 0]
[eval_at: ]
[multi_error_top_k: 1]
[auc_mu_weights: ]
[num_machines: 1]
[local_listen_port: 12400]
[time_out: 120]
[machine_list_filename: ]
[machines: ]
[gpu_platform_id: -1]
[gpu_device_id: -1]
[gpu_device_id_list: ]
[gpu_use_dp: 0]
[num_gpu: 1]

end of parameters

pandas_categorical:[["Bihar", "Madhya Pradesh", "Maharashtra", "Uttar Pradesh"], ["BI-2", "BI-3", "MH-6/MH-7", "MP-10", "MP-10/MP-5", "UP-10", "UP-8"]]
