tree
version=v4
num_class=1
num_tree_per_iteration=1
label_index=0
max_feature_idx=32
objective=binary sigmoid:1
feature_names=rain_prev_7 rain_prev_14 rain_prev_30 season_to_date days_since_wet doy_sin doy_cos rain_prev_7_anom rain_prev_14_anom rain_prev_30_anom oni oni_age_days dmi dmi_age_days nino34 nino34_age_days rmm1 rmm2 amplitude mjo_age_days mjo_phase_1 mjo_phase_2 mjo_phase_3 mjo_phase_4 mjo_phase_5 mjo_phase_6 mjo_phase_7 mjo_phase_8 centroid_lat centroid_lon small_unit state zone_id
feature_infos=[0:563.739501953125] [0:825.598876953125] [0:1061.04931640625] [0:2138.258544921875] [0:323] [-0.99819540977478027:0.7295575737953186] [-0.99941062927246094:-0.060048960149288177] [-119.4168701171875:466.78271484375] [-199.28990173339844:623.6695556640625] [-325.978759765625:676.28131103515625] [-1.3700000047683716:1.690000057220459] [63:90] [-0.86100000143051147:0.81099998950958252] [32:59] [-1.3799999952316284:1.9700000286102295] [32:59] [-2.703779935836792:3.1550700664520264] [-2.4152100086212158:3.5100479125976562] [0.026713300496339798:3.5471172332763672] none [0:1] [0:1] [0:1] [0:1] [0:1] [0:1] [0:1] [0:1] [18.132350921630859:26.753688812255859] [75.09625244140625:87.400367736816406] none -1:2:1:3:0 -1:2:4:3:5:6:0:1
tree_sizes=3336 3438 3431 3461 3438 3451 3441 3455 3426 3441 3448 3446 3457 3458 3458 3458 3472 3467 3470 3476 3436 3475 3470 3468 3471 3447 3464 3471 3472 3452 3467 3441 3455 3464 3487 3463 3475 3473 3466 3478 3473 3475 3474 3472 3478 3467 3482 3470 3456 3450 3430 3455 3471 3485 3471 3447 3440 3489 3467 3461 3492 3478 3495 3459 3451 3482 3501 3460 3451 3461 3471 3472 3460 3452 3490 3447 3453 3465 3455 3471 3444 3444 3450 3467 3463 3495 3441 3478 3492 3432 3447 3467 3457 3459 3439 3456 3490

Tree=0
num_leaves=31
num_cat=0
split_feature=0 28 28 5 3 14 28 5 17 9 5 3 16 18 28 16 14 3 0 11 14 17 16 17 14 9 9 18 2 5
split_gain=368.455 196.307 107.688 147.794 74.3654 64.5534 63.8694 67.6028 57.6579 51.435 57.2737 47.4685 46.6101 43.8128 40.7657 78.3422 93.94 49.3409 33.8245 24.945 24.216 22.4115 19.6988 24.8231 33.0771 21.6125 18.3549 18.1164 17.1608 16.8136
threshold=42.344842910766609 20.863806724548343 24.009605407714847 -0.88134551048278797 108.16881942749025 -0.38499999046325678 20.863806724548343 -0.8126716911792754 -0.15866540372371671 139.19290924072268 -1.0000000180025095e-35 332.30853271484381 0.12726400047540667 0.69159457087516796 24.009605407714847 0.40636359155178076 0.089999999850988402 652.92187500000011 157.67160797119143 76.500000000000014 0.49499998986721044 -0.24050971120595929 0.52900657057762157 0.29685099422931677 -0.11999999731779097 33.046781539916999 -70.359115600585923 0.22964722663164142 423.29586791992193 0.038674917072057731
decision_type=2 2 2 2 2 2 2 2 2 2 2 2 2 2 2 2 2 2 2 2 2 2 2 2 2 2 2 2 2 2
left_child=4 22 3 26 -1 13 27 -8 21 10 11 12 -10 -5 15 17 -17 20 -4 -13 -9 29 -2 24 25 -24 -3 -6 -20 -7
right_child=1 2 18 5 6 8 7 14 9 -11 -12 19 -14 -15 -16 16 -18 -19 28 -21 -22 -23 23 -25 -26 -27 -28 -29 -30 -31
leaf_value=-3.0754342560276293 -3.066315239712861 -2.9970174767634123 -3.0364043617020604 -2.9509937943950098 -3.0143830017310211 -2.971181959313653 -3.0597271272117803 -3.0531033998498871 -2.9532312048844847 -2.9996705340764307 -3.0113267928361167 -2.9879855846172916 -2.7577468269562266 -3.0616839506995515 -3.0417810537185503 -3.0356841081131791 -2.8311847852871281 -2.9280407373273016 -2.9419380915809206 -2.9004415587741255 -2.9823589357239335 -3.0595965237499492 -2.9265064854409015 -3.0679858439320165 -3.0483630731263456 -3.0353631488145867 -3.0719350720827352 -3.0685077494769493 -3.0330257460288728 -3.0452259885617514
leaf_weight=260.61818540096283 62.671028673648834 2.5914967060089138 73.123398721218109 3.6280953884124747 4.8806521296501151 23.884961307048805 71.179776191711426 20.602398812770851 3.2393708825111416 8.9838552474975568 5.0534185767173794 7.0834243297576931 4.0168198943138123 9.9772623181343061 35.805846154689789 3.6712870001792899 3.9304366707801819 3.3257541060447684 4.6215024590492231 9.9772623181343061 4.4919276237487784 3.2825624942779532 3.6712870001792952 13.000675141811369 11.013861000537872 2.9802212119102478 15.808129906654356 153.50298821926117 3.4121373295783997 3.239370882511138
leaf_count=6034 1451 60 1693 84 113 553 1648 477 75 208 117 164 93 231 829 85 91 77 107 231 104 76 85 301 255 69 366 3554 79 75
internal_value=-3.04981 -3.02143 -3.00336 -2.98276 -3.06373 -2.96577 -3.05356 -3.03906 -2.95406 -2.92921 -2.91001 -2.89129 -2.82278 -3.02744 -3.01872 -2.99663 -2.91686 -3.02175 -3.02944 -2.93137 -3.03835 -2.98824 -3.05676 -3.03732 -3.01497 -2.96706 -3.05922 -3.06663 -2.97452 -2.97956
internal_weight=837.269 275.26 181.923 100.766 562.009 82.3664 301.391 143.007 68.761 38.3542 29.3703 24.3169 7.25619 13.6054 71.8277 36.0218 7.60172 28.4201 81.157 17.0607 25.0943 30.4069 93.3371 30.666 17.6654 6.65151 18.3996 158.384 8.03364 27.1243
internal_count=19385 6373 4212 2333 13012 1907 6978 3311 1592 888 680 563 168 315 1663 834 176 658 1879 395 581 704 2161 710 409 154 426 3667 186 628
is_linear=0
shrinkage=1


Tree=1
num_leaves=31
num_cat=1
split_feature=1 32 5 5 14 11 17 28 8 12 28 9 16 8 3 8 3 8 8 16 14 17 16 14 9 12 12 17 5 6
split_gain=307.533 252.173 132.535 87.7976 65.7931 79.8063 63.6373 37.4126 57.4916 61.9946 32.2098 32.7671 40.9802 36.2486 30.3596 29.0377 27.7112 40.907 26.4437 26.357 25.4919 24.5373 23.478 22.4694 22.3123 21.0087 17.6964 17.9513 37.3432 34.5897
threshold=42.448432922363288 0 -0.88134551048278797 1.0000000180025095e-35 -0.38499999046325678 76.500000000000014 -0.15866540372371671 23.15529823303223 24.835453033447269 0.049999998882412917 24.994574546813968 17.971662521362308 1.3583245873451235 21.069481849670414 346.77491760253912 -76.542976379394517 339.73304748535162 122.03418731689455 128.62918090820315 -0.4068677276372909 0.76499998569488536 -0.25295682251453394 0.57686099410057079 0.089999999850988402 219.51387023925784 0.13799999654293063 0.15450000017881396 -0.4773349910974502 -0.34091138839721674 -0.80187052488327015
decision_type=2 1 2 2 2 2 2 2 2 2 2 2 2 2 2 2 2 2 2 2 2 2 2 2 2 2 2 2 2 2
left_child=15 2 -2 4 21 14 16 8 -8 -10 11 12 26 -14 19 20 -7 -18 -12 -6 -1 -4 25 -21 -20 -16 27 28 29 -3
right_child=1 10 3 -5 5 6 7 -9 9 -11 18 -13 13 -15 22 -17 17 -19 24 23 -22 -23 -24 -25 -26 -27 -28 -29 -30 -31
leaf_value=-0.0082431572317642875 -0.0073628293889293032 0.12641692694284465 -0.021309715555272953 0.0089196531020686066 0.030503713029158774 0.12116098921378399 0.20299926803197774 0.051557409604728321 0.14516344994529726 -0.0021661344257806353 0.0064612254197912011 -0.02181172561334415 0.01070998359019687 0.13340566708144069 -0.0049231259621081566 -0.024331396204878692 0.01610552863363186 0.1291810745434806 0.10412474146156671 0.16009003173197603 0.053661266316905876 0.042764028202952831 0.079486106220555519 0.058630975957941853 0.0059195422963024616 0.048898029335054181 -0.025301610310543888 -0.0089317709238299001 -0.01197866585426967 0.023637514937920205
leaf_weight=30.133300572633743 36.484150681644678 3.3803862631320944 8.0392991676926631 28.771818734705448 7.2505231499671963 4.9039909839630154 11.023970961570745 5.1552531719207755 5.6278232224285585 4.1516065150499344 83.746721263974905 99.22152391448617 5.4401779733598215 2.8300679624080658 16.001548234373338 326.43619236722589 14.156149566173555 2.7431840710341922 3.8776055015623561 4.173953387886284 6.4177850894629946 12.762827534228562 6.041139278560876 6.3313444368541241 3.8561017215251923 9.8396720923483354 23.804625317454338 39.111423507332802 14.519300058484076 11.016416605561973
leaf_count=701 851 78 186 661 161 106 222 111 117 87 1925 2323 125 64 358 7712 313 60 86 90 145 290 133 132 88 217 557 916 341 258
internal_value=-0.000749133 0.0151445 0.0414149 0.0562899 0.0676489 0.0779264 0.105659 0.137587 0.155564 0.0882198 -0.00283579 -0.00968455 0.00243275 0.0625579 0.0496824 -0.0214996 0.0632794 0.0406521 0.0117235 0.0804984 0.00376583 0.0181601 0.0305942 0.109353 0.061443 0.0166288 -0.00359757 0.00425376 0.0217907 0.0544135
internal_weight=837.25 474.263 183.458 146.974 118.202 97.4002 47.762 25.9587 20.8034 9.77943 290.804 199.324 100.102 8.27025 49.6382 362.987 21.8033 16.8993 91.4804 17.7558 36.5511 20.8021 31.8824 10.5053 7.73371 25.8412 91.8322 68.0275 28.9161 14.3968
internal_count=19414 10856 4095 3244 2583 2107 1016 537 426 204 6761 4662 2339 189 1091 8558 479 373 2099 383 846 476 708 222 174 575 2150 1593 677 336
cat_boundaries=0 1
cat_threshold=25
is_linear=0
shrinkage=0.03


Tree=2
num_leaves=31
num_cat=2
split_feature=0 32 1 29 5 10 32 7 12 9 2 1 17 17 16 12 12 16 17 12 14 18 12 12 2 13 1 16 17 12
split_gain=311.291 193.434 71.248 55.5457 99.1984 53.7496 42.9482 35.2035 33.8196 32.4348 29.3664 36.6506 29.2702 36.638 39.574 52.8887 81.4457 25.9599 27.0308 37.3543 32.2442 24.3534 26.2241 24.2013 23.3793 63.5207 21.0386 19.7303 19.5267 15.6373
threshold=38.882541656494148 0 26.984601020812992 78.088207244873061 -0.88134551048278797 -0.42000000178813929 1 95.507411956787124 -0.30349999666213984 -61.725248336791985 344.18690490722662 79.364421844482436 -0.15866540372371671 1.141010642051697 -0.72854000329971302 0.049999998882412917 -0.028500000014901158 0.52900657057762157 0.29685099422931677 -0.38799999654293055 -0.11999999731779097 1.5596290826797488 -0.33699999749660486 0.06749999895691873 254.58805084228518 47.500000000000007 183.4059753417969 1.0861150026321413 -0.24050971120595929 -0.24849999696016309
decision_type=2 1 2 2 2 2 1 2 2 2 2 2 2 2 2 2 2 2 2 2 2 2 2 2 2 2 2 2 2 2
left_child=2 17 -1 4 9 -6 21 -5 10 -3 11 -7 28 14 -14 16 -16 -2 19 -19 23 22 -4 -21 -24 -26 -17 -8 -10 -29
right_child=1 3 6 7 5 8 27 -9 12 -11 -12 -13 13 -15 15 26 -18 18 -20 20 -22 -23 24 -25 25 -27 -28 29 -30 -31
leaf_value=-0.023959002484566595 -0.017614639270291683 0.063353506665177736 -0.010907726216769423 0.015725490578972559 0.011295457224379407 -0.016400433474554398 -0.015484192016777044 0.077314441767345324 0.069127667423638434 -0.02574707181280907 -0.0025855294874454131 0.098051842284116592 0.035133917558886819 0.026505913182779287 0.10202127265536891 0.1200589619803534 0.28741310277946347 0.11948239053907049 -0.019126759047713947 -4.9058650211815247e-05 -0.012010443939619522 -0.012051073351057703 0.018702298766324375 0.11339132845969251 0.0041193663115297718 0.11565653317220316 0.042816327419153546 0.055029915434529467 -0.008876521764425202 -0.0040478939790907723
leaf_weight=282.84605812653899 79.70511531829834 3.7615055069327381 15.143129609525202 69.605310525745153 13.045353993773459 3.0506071187555817 140.61913738399744 8.6575514860451204 22.546848319470886 15.22184896469116 8.3605151288211328 8.7237070351839048 5.3113137111067728 5.2085464969277373 7.3113040588796139 8.1003712937235814 3.7970627099275642 2.7858086712658432 13.794426567852495 2.8570572584867504 12.989379893988369 22.282318472862244 37.311876110732555 3.1495821550488472 9.1596994362771529 8.3795432560145837 7.4868309795856467 5.611161656677722 3.0499381609261027 10.018135555088518
leaf_count=6811 1890 85 348 1575 284 64 3343 184 474 362 175 175 107 101 143 157 68 63 327 61 303 512 854 67 208 173 156 132 69 235
internal_value=0.000220505 0.0241445 -0.0136893 0.0412416 0.0566166 0.0688937 -0.00195223 0.023428 0.0777098 -0.00580518 0.0408233 0.0694359 0.088709 0.106473 0.118289 0.132968 0.183895 -0.00752213 0.012896 0.0331254 0.0151189 0.0134253 0.0234821 0.0671274 0.0330016 0.0607715 0.0877759 -0.0112028 0.0598489 0.0191957
internal_weight=839.891 308.52 531.371 193.239 114.976 95.9924 248.525 78.2629 82.947 18.9834 20.1348 11.7743 62.8122 37.2154 32.0069 26.6956 11.1084 115.281 35.5763 21.7818 18.996 92.2766 69.9942 6.00664 54.8511 17.5392 15.5872 156.248 25.5968 15.6293
internal_count=19506 6890 12616 4179 2420 1973 5805 1759 1689 447 414 239 1275 732 631 524 211 2711 821 494 431 2095 1583 128 1235 381 313 3710 543 367
cat_boundaries=0 1 2
cat_threshold=6 89
is_linear=0
shrinkage=0.03


Tree=3
num_leaves=31
num_cat=1
split_feature=1 32 5 14 5 4 10 28 22 1 9 8 14 5 28 16 12 12 12 29 11 13 28 5 16 16 28 7 13 8
split_gain=252.053 191.287 70.7111 54.4582 46.966 41.7041 31.4659 31.563 40.1302 35.9827 31.3032 31.1491 30.8925 36.3262 26.2645 26.1886 30.565 62.3418 22.7605 21.9362 21.9002 38.7275 35.1795 28.139 22.2441 17.911 17.5075 34.8736 16.4271 24.2705
threshold=42.448432922363288 0 -0.88134551048278797 -0.42000000178813929 0.16665012389421466 1.5000000000000002 1.0950000286102297 25.763958930969242 1.0000000180025095e-35 303.55693054199224 -121.26370620727538 -73.826641082763658 0.76499998569488536 -0.78753387928009022 25.763958930969242 0.41872498393058782 -0.41899999976158137 -0.48800000548362726 -0.30349999666213984 76.836559295654311 76.500000000000014 53.500000000000007 25.763958930969242 -0.34091138839721674 -0.67604190111160267 -0.50422024726867665 24.994574546813968 21.4401388168335 48.500000000000007 26.858479499816898
decision_type=2 1 2 2 2 10 2 2 2 2 2 2 2 2 2 2 2 2 2 2 2 2 2 2 2 2 2 2 2 2
left_child=11 2 14 25 5 6 7 8 9 10 -5 12 -1 -14 -2 19 17 -17 -16 -3 -7 22 23 -22 -23 -4 -18 -28 29 -27
right_child=1 15 3 4 -6 20 -8 -9 -10 -11 -12 -13 13 -15 18 16 26 -19 -20 -21 21 24 -24 -25 -26 28 27 -29 -30 -31
leaf_value=-0.0083527765069243854 -0.014963914510137956 -0.021599391783501943 -0.019129330649779227 0.029211853641952747 -0.0033656793757676066 0.017784947028137259 -0.016826302185157811 0.034933500582661814 0.017290050797929585 0.018081533021947212 0.11749419669133691 -0.023183879237455095 -0.023512504030974272 0.099297120794221566 -0.024268205118626651 0.0011672039569517675 -0.0068336824937130823 0.13170236279586092 0.061468489296373177 0.00015504068484717767 0.11741586541818812 0.067387610266042813 0.0075041860474000634 0.019011735249769068 -0.0027350612712604317 0.070046278749009025 -0.00079033911527217823 0.10166334641550191 -0.0099898639182020507 -0.017933382222519712
leaf_weight=34.23736784607172 31.952714432030916 94.446874883025885 13.705854848027228 4.9228484295308581 13.980338223278521 31.838950872421265 3.1732901483774176 15.725172054022549 6.9999279007315627 5.0587876103818408 33.359295539557934 312.20912711322308 2.9665445610880852 4.7426712289452544 3.3798723071813574 9.162829536944626 58.863740347325802 4.1558472253382197 8.0530278831720334 74.080237310379744 13.07826103270054 4.7725401632487801 5.1901703067123881 3.7478819042444256 13.568713281303642 8.4640225768089312 9.8145163618028146 3.2906132601201525 7.4432383738458148 3.5276174657046786
leaf_count=816 755 2282 309 91 309 671 67 343 141 100 622 7685 68 101 77 210 1379 92 180 1711 240 99 114 68 276 182 225 71 166 77
internal_value=-0.000715481 0.0133067 0.0321788 0.0414679 0.0488725 0.0540234 0.0707859 0.0751823 0.0868296 0.0974176 0.107174 -0.0199314 0.00425267 0.0547658 -0.000966919 -0.00506201 0.00822205 0.0482516 0.0362091 -0.0120922 0.0372001 0.0517168 0.0777591 0.0977933 0.0180522 0.00632863 0.000254371 0.0303188 0.0243396 0.0447768
internal_weight=839.913 485.757 231.943 188.557 155.416 141.436 69.2393 66.066 50.3409 43.3409 38.2821 354.156 41.9466 7.70922 43.3856 253.815 85.2875 13.3187 11.4329 168.527 72.1965 40.3576 22.0163 16.8261 18.3413 33.1407 71.9689 13.1051 19.4349 11.9916
internal_count=19527 10857 4887 3875 3141 2832 1364 1297 954 813 713 8670 985 169 1012 5970 1977 302 257 3993 1468 797 422 308 375 734 1675 296 425 259
cat_boundaries=0 1
cat_threshold=89
is_linear=0
shrinkage=0.03


Tree=4
num_leaves=31
num_cat=1
split_feature=0 31 5 5 3 14 14 28 3 18 18 11 14 28 4 14 18 5 3 29 17 18 3 9 7 17 12 29 11 5
split_gain=261.842 190.602 93.3716 68.0439 55.567 56.7232 48.5719 43.7006 40.1069 34.7771 32.1714 30.1153 74.3951 29.4729 27.8792 27.5785 31.0895 23.5072 36.3067 40.8251 22.8558 21.8034 21.3925 19.7915 30.2671 19.0412 23.4067 19.3601 18.6169 18.1125
threshold=20.760113716125492 0 -0.94917574524879444 1.0000000180025095e-35 339.73304748535162 1.0000000180025095e-35 0.024999999441206459 24.994574546813968 209.121208190918 0.69984164834022533 0.81140595674514782 76.500000000000014 0.34499999880790716 25.346193313598636 2.5000000000000004 -0.37499999999999994 1.0829342007637026 -0.85957497358322132 528.52374267578136 76.013408660888686 -0.24540499597787854 0.93705850839614879 137.69837188720706 17.971662521362308 26.7783317565918 0.4625417441129685 0.21900000423192981 76.013408660888686 86.500000000000014 -0.53371313214302052
decision_type=2 1 2 2 2 2 2 2 2 2 2 2 2 2 8 2 2 2 2 2 2 2 2 2 2 2 2 2 2 2
left_child=8 2 -2 4 10 9 -7 23 -1 -6 14 20 -13 -9 -4 -12 -17 -10 -19 -20 21 -8 -18 24 -3 26 27 -26 -14 -15
right_child=1 7 3 -5 5 6 11 13 17 -11 15 12 28 29 -16 16 22 18 19 -21 -22 -23 -24 -25 25 -27 -28 -29 -30 -31
leaf_value=-0.024977014477970367 -0.027436912850338103 -0.0089149917879604475 0.16286330794287127 0.0032614534061041495 0.066286793001189476 0.16760381573758296 0.11070545848802055 0.054038414891502649 -0.017345042634296693 0.0010105211832604011 -0.010587602770757173 0.01858374964156884 0.15469465566996263 0.022214708720252975 0.048510485474882972 0.023226218281632089 0.031157674801295332 -0.0034348434346636145 0.11888563520568189 0.011463122297475176 0.0044643968120227353 0.0087858732164393695 0.12441582244742302 -0.019672086736638224 0.0067435596905971876 -0.024811661972740619 -0.023787041069491803 0.082492893386535704 0.060297195574072732 -0.0034236867007551041
leaf_weight=245.6691455617547 14.621185719966887 69.898413147777319 7.933354984968898 23.189184006303549 8.8111773580312711 3.2178673110902301 3.6476825810968867 14.09963598847389 71.929790042340755 29.356710325926542 3.3861009925603893 10.911188445985319 7.8419061601161939 46.492028161883354 3.8785476572811612 7.1740960888564613 3.7796465642750254 62.374403055757284 3.9870981052517882 9.4948674179613572 14.001502800732853 3.497832790017128 10.323207147419451 81.297524333000183 4.5324341207742753 3.7683951221406451 3.1492317840456954 9.5413010902702791 4.8731858618557453 51.420360740274191
leaf_count=6151 352 1689 135 508 174 56 75 314 1749 604 78 194 127 1023 74 122 68 1490 75 207 289 75 175 1974 103 89 77 216 86 1143
internal_value=0.000232525 0.0159895 0.0408019 0.0505632 0.0594089 0.0453454 0.0667719 0.000441631 -0.0175698 0.0173874 0.0905325 0.0560218 0.0789111 0.0149675 0.132032 0.0662869 0.0784471 -0.00517154 0.00644731 0.0492473 0.0280405 0.0680179 0.10314 -0.00901418 0.000629256 0.0313705 0.0443502 0.0601636 0.12555 0.00885178
internal_weight=838.099 444.644 160.444 145.823 122.634 86.1591 47.9912 284.199 393.455 38.1679 36.475 44.7733 23.6263 112.012 11.8119 24.6631 21.2769 147.786 75.8564 13.482 21.147 7.14552 14.1029 172.187 90.8898 20.9914 17.223 14.0737 12.7151 97.9124
internal_count=19492 9820 3192 2840 2332 1680 902 6628 9672 778 652 846 407 2480 209 443 365 3521 1772 282 439 150 243 4148 2174 485 396 319 213 2166
cat_boundaries=0 1
cat_threshold=2
is_linear=0
shrinkage=0.03


Tree=5
num_leaves=31
num_cat=1
split_feature=0 31 5 1 16 7 18 10 29 16 13 12 17 16 5 14 16 4 14 2 10 9 17 29 18 10 14 10 17 0
split_gain=279.42 139.707 73.7602 61.7681 31.8273 33.3223 44.4281 31.0777 27.132 24.7778 26.1525 27.0189 29.7113 21.8444 56.724 51.2242 38.9903 30.0842 22.1512 20.8252 21.0474 18.7935 17.8578 24.9341 25.4241 16.5127 15.9327 15.9236 15.4299 19.5075
threshold=38.882541656494148 0 -0.94917574524879444 22.974452972412113 0.40636359155178076 -21.194037437438961 0.81063601374626171 -0.074999999254941926 79.001594543457045 0.52900657057762157 48.500000000000007 0.1970000043511391 0.17250502109527591 0.49182637035846716 -0.25901904702186579 1.0000000180025095e-35 0.25043059885501867 2.5000000000000004 0.2950000017881394 305.70989990234381 0.25499999523162847 79.140010833740249 0.18772999942302707 81.26676177978517 1.1452969908714297 -0.11499999836087225 0.78000000119209301 -0.66500002145767201 -0.17815499752759931 62.586336135864265
decision_type=2 1 2 2 2 2 2 2 2 2 2 2 2 2 2 2 2 10 2 2 2 2 2 2 2 2 2 2 2 2
left_child=3 2 -2 -1 19 6 -6 -8 9 -3 -11 12 -12 16 15 25 17 26 -17 -5 -21 -19 -9 24 -24 -15 27 -4 -29 -30
right_child=1 8 13 4 5 -7 7 22 -10 10 11 -13 -14 14 -16 18 -18 21 -20 20 -22 -23 23 -25 -26 -27 -28 28 29 -31
leaf_value=-0.024608087764046081 -0.028509903667821242 -0.014360221842844427 0.012039591589762165 -0.013888631417750433 0.084675025352183089 -0.0083704924386172816 -0.024374953021200952 0.002303410997412934 0.017832512301751143 -0.0050638139116255046 0.11070236278362872 -0.018788724933348957 0.010144801634299575 0.058398035452555737 0.00018038564806417581 0.17034228585983507 -0.0058991221365068316 -0.0022171951118597154 0.084353857840568439 0.039349369766335657 -0.023381700120676606 0.057239072741928805 0.0071129925205233044 -0.015153847831357686 0.1168635330403206 -0.01730038647532342 0.013142285951342267 0.051549981802548092 0.035122500829251398 0.106942437287047
leaf_weight=246.66459139809012 10.131574615836142 80.256725810468197 4.5424990206956855 167.28387518599629 9.3268718346953374 36.875570826232433 11.983390834182503 8.8246462047100085 76.206475637853146 22.926348432898521 5.5449840351939184 3.8663101196289054 4.8081063292920589 6.9945237711071968 7.4799850620329371 6.4001646637916592 11.805130518972872 13.252881783992054 11.373703140765427 12.973629374057056 6.5322653017938128 6.4262954816222182 2.9206562489271146 2.769593756645917 5.272365890443325 3.2810193486511725 5.7100291326642028 22.036439258605235 5.7333409115672209 17.990617260336876
leaf_count=6314 251 1943 99 4040 195 888 280 206 1654 528 115 91 112 132 140 89 225 254 187 277 144 119 65 63 112 65 107 406 103 298
internal_value=-1.01533e-06 0.0216308 0.0437649 -0.0138375 -0.00374834 0.0122488 0.0305092 0.0125092 0.00381605 -0.00503357 0.0149657 0.0454706 0.0690092 0.0534275 0.0738764 0.0928463 0.044383 0.0521998 0.122741 -0.0104558 0.0182258 0.0190275 0.0349447 0.0588312 0.0827691 0.0348366 0.0633161 0.0686443 0.0738857 0.0917084
internal_weight=838.195 326.767 133.158 511.427 264.763 77.9731 41.0975 31.7707 193.609 117.402 37.1457 14.2194 10.3531 123.027 35.5294 28.0494 87.4972 75.6921 17.7739 186.79 19.5059 19.6792 19.7873 10.9626 8.19302 10.2755 56.0129 50.3029 45.7604 23.724
internal_count=19502 6918 2475 12584 6270 1809 921 726 4443 2789 846 318 227 2224 613 473 1611 1386 276 4461 421 373 446 240 177 197 1013 906 807 401
cat_boundaries=0 1
cat_threshold=2
is_linear=0
shrinkage=0.03


Tree=6
num_leaves=31
num_cat=1
split_feature=0 31 6 7 10 29 2 10 1 10 2 14 0 6 17 6 17 16 12 15 14 15 14 9 9 14 7 0 17 14
split_gain=236.468 133.67 73.3824 50.7083 35.547 34.7609 28.9556 25.0453 49.6789 42.6716 33.1225 31.6739 23.8539 22.9454 20.1297 29.2984 20.1271 19.6007 29.5576 21.2343 19.1694 36.4957 39.9347 26.6038 20.786 18.2831 17.9431 17.0381 15.7557 15.129
threshold=25.9799919128418 0 -0.47246390581130976 -41.464284896850579 -0.50999999046325672 76.836559295654311 315.82583618164068 -0.17000000178813932 261.48323059082037 -0.060000000521540635 119.70293045043947 -0.030000000260770317 147.67270660400393 -0.47246390581130976 -0.27961628139019007 -0.92449048161506642 -0.73149234056472767 0.52900657057762157 -0.41899999976158137 52.500000000000007 0.12999999895691874 42.500000000000007 0.34499999880790716 86.653739929199233 115.63980865478517 -1.0349999666213987 -13.690502643585203 10.97759008407593 -0.76042082905769337 -0.21499999612569806
decision_type=2 1 2 2 2 2 2 2 2 2 2 2 2 2 2 2 2 2 2 2 2 2 2 2 2 2 2 2 2 2
left_child=3 2 4 27 25 17 -5 8 14 -9 26 -12 -7 -8 28 29 -13 -3 -19 -20 -18 24 -23 -24 -22 -2 -11 -1 -6 -16
right_child=1 5 -4 6 7 12 13 9 -10 10 11 16 -14 -15 15 -17 20 18 19 -21 21 22 23 -25 -26 -27 -28 -29 -30 -31
leaf_value=-0.0011095219429266088 0.040641224622201218 -0.019085410345413223 -0.0093560669171271794 -0.021282338312856353 0.073959217792118365 0.0078058933319746981 0.068437378769541979 -0.014576794022052966 -0.019132213144731534 0.059548139503408419 -0.011241768645962689 0.020586073177471742 0.049542919185036546 -0.019515499728303437 0.093710187363630709 0.15518457707749897 0.12088176804049734 0.063189715319205586 -0.019065719380300595 0.0361272846947049 -0.0077314481067293902 0.028956850277762857 0.1256856947916995 0.045779587553438673 0.067010510904357501 -0.022418980399942733 -0.012781408117614895 0.032791424298366741 -0.0040267833738078535 0.015670586306159924
leaf_weight=41.591812137514353 6.0707860067486754 75.259081862866879 23.561801392585039 350.51421811059117 5.8177998699247837 131.89164873957634 5.0012289397418499 9.5222573131322843 3.8635841347277156 3.2815689817070952 4.9286558404564778 8.739647075533858 12.680156525224445 4.1743386685848218 5.6846893616020733 7.4827736057341054 6.8308052830398216 5.9780864082276812 23.45178891718388 7.4532400518655768 8.9916345551609975 10.780871283262966 14.571007151156666 7.1063070408999911 4.1751012168824664 8.9973141700029355 10.199917051941155 18.601486250758171 3.3930208273232036 4.0692593194544315
leaf_count=974 120 1896 560 9020 105 2953 98 179 72 59 96 153 250 100 94 112 94 126 559 170 160 171 217 115 75 192 209 405 67 70
internal_value=0.00022843 0.0162746 0.0368306 -0.0156238 0.0476485 0.00201634 -0.0198822 0.0530847 0.0771533 0.0441341 0.0512507 0.0598785 0.0117818 0.0304385 0.0914037 0.110889 0.0656951 -0.0103877 0.00739498 -0.00503991 0.072685 0.0630313 0.07978 0.102665 0.019026 0.00393549 0.00772081 0.00973152 0.0476504 0.0656374
internal_weight=834.666 414.783 158.069 419.883 134.507 256.714 359.69 119.439 30.3111 89.1278 79.6055 66.124 144.572 9.17557 26.4475 17.2367 61.1954 112.142 36.8831 30.905 52.4557 45.6249 32.4582 21.6773 13.1667 15.0681 13.4815 60.1933 9.21082 9.75395
internal_count=19471 8874 2920 10597 2360 5954 9218 2048 520 1528 1349 1081 3203 198 448 276 985 2751 855 729 832 738 503 332 235 312 268 1379 172 164
cat_boundaries=0 1
cat_threshold=2
is_linear=0
shrinkage=0.03


Tree=7
num_leaves=31
num_cat=2
split_feature=0 31 2 6 32 12 12 18 6 14 3 3 12 12 6 23 18 18 0 6 12 10 12 24 8 18 6 17 14 6
split_gain=228.595 108.891 63.4904 60.8108 36.7824 27.6644 62.94 30.5629 23.6015 34.755 23.4262 46.56 32.9075 25.2433 39.9109 21.1079 20.1391 24.6878 18.8796 23.8087 17.8208 17.5962 16.7899 28.8702 31.8494 16.1815 20.1782 15.5906 15.3077 23.8467
threshold=42.344842910766609 0 49.909151077270515 -0.31473593413829798 1 0.049999998882412917 -1.0000000180025095e-35 0.20206118375062945 -0.58134955167770375 1.1899999976158144 350.07836914062506 156.05032348632815 -0.37800000607967371 -0.17249999940395352 -0.68784540891647328 1.0000000180025095e-35 0.80486598610878002 0.54848384857177745 170.24241638183597 -0.50943501293659199 0.54000002145767223 -0.24499999731779096 -0.2145000025629997 1.0000000180025095e-35 6.2332913875579843 0.244099996984005 -0.68784540891647328 0.32790680229663854 0.18500000238418582 -0.54638096690177906
decision_type=2 1 2 2 1 2 2 2 2 2 2 2 2 2 2 2 2 2 2 2 2 2 2 2 2 2 2 2 2 2
left_child=2 3 -1 5 8 6 10 -7 9 16 11 -2 21 14 -14 18 17 -4 -3 -20 -9 -12 23 28 -25 26 -24 -13 -6 -30
right_child=1 15 4 -5 22 7 -8 20 -10 -11 12 27 13 -15 -16 -17 -18 -19 19 -21 -22 -23 25 24 -26 -27 -28 -29 29 -31
leaf_value=-0.025234151875102567 0.013423448489054978 -0.0035850692509789743 0.0047820839601017285 -0.028303791947411384 -0.017886300107819338 0.10105675196755344 0.12705928308264447 0.012930529258563746 -0.0078164390860046024 0.085354639570129009 0.048883180692546671 0.12589992979483286 0.0030207722089117539 0.017689552066984672 0.11518200262773982 0.027936459402827379 0.0022884393518039807 0.06750711721371512 0.0029305529887464323 0.095320281323982972 0.063940768509472265 -0.02014832416964428 -0.019160983177770367 0.11128089675437956 -0.015098538492839091 -0.019815469741847974 0.071833731900268913 0.051927178948429978 -0.0018060448105060383 0.080717257497945213
leaf_weight=204.80211102217436 8.9509553201496619 143.37106921523809 11.423589915037157 9.5349934659898263 32.639360439032316 3.953347496688365 10.065083649009464 39.046558540314436 43.591145817190409 5.6596816182136527 3.4682577587664136 9.0619689598679525 4.1878713481128207 11.117909774184236 8.3593747876584477 26.239747688174248 48.616402745246887 10.496186178177593 6.8456347025930882 3.0255823843181116 6.5283368229866019 11.989935331046574 4.0417337976396084 3.2137193977832785 2.7570106498897076 135.04329100996256 3.0841033793985835 6.4781645797193042 14.293726027011873 3.0278908796608439
leaf_count=5474 164 3318 249 245 822 55 128 677 1038 100 58 140 71 199 125 562 1051 211 139 57 117 228 100 74 63 3424 76 96 357 75
internal_value=-0.000124705 0.0201487 -0.0122502 0.0393826 -0.0038323 0.0479772 0.0597136 0.0296816 0.00893758 0.0196573 0.0472566 0.0701695 0.0315218 0.0530328 0.0807325 0.00341299 0.0132664 0.0364526 -0.000718795 0.0374118 0.0214534 -0.00263108 -0.0114346 0.00189695 0.0591303 -0.0174548 0.0242156 0.100067 -0.00596897 0.0162376
internal_weight=834.915 312.225 522.69 132.743 317.888 123.208 73.6795 49.5282 119.787 76.1959 63.6144 24.4911 39.1233 23.6652 12.5472 179.482 70.5362 21.9198 153.242 9.87122 45.5749 15.4582 198.101 55.9317 5.97073 142.169 7.12584 15.5401 49.961 17.3216
internal_count=19493 6379 13114 2303 7640 2058 1209 849 2649 1611 1081 400 681 395 196 4076 1511 460 3514 196 794 286 4991 1391 137 3600 176 236 1254 432
cat_boundaries=0 1 2
cat_threshold=2 89
is_linear=0
shrinkage=0.03


Tree=8
num_leaves=31
num_cat=0
split_feature=0 28 3 28 5 18 28 5 14 3 7 8 3 0 18 16 14 17 6 13 16 18 18 6 6 16 14 3 16 10
split_gain=214.944 100.262 66.3224 39.273 45.3689 34.6992 32.8113 47.9232 33.5306 29.176 53.7511 30.5671 49.3377 23.9428 23.1792 19.7587 26.5838 31.0661 17.0585 15.8635 23.6585 24.2072 21.5542 20.4361 26.8302 24.0742 20.5983 21.4302 14.8893 14.1135
threshold=37.904369354248054 20.863806724548343 115.08821868896486 20.863806724548343 -0.78753387928009022 0.22964722663164142 24.009605407714847 -0.94917574524879444 -0.38499999046325678 528.52374267578136 -36.147006988525384 -90.858589172363267 300.95053100585943 157.67160797119143 0.55504223704338085 0.52900657057762157 -0.11999999731779097 0.28963282704353338 -0.80187052488327015 43.500000000000007 -0.67604190111160267 1.2534404993057253 1.1297983527183535 -0.9563411772251128 -0.58134955167770375 -0.4701900035142898 0.49499998986721044 320.57951354980474 -0.27698498964309687 -0.14499999582767484
decision_type=2 2 2 2 2 2 2 2 2 2 2 2 2 2 2 2 2 2 2 2 2 2 2 2 2 2 2 2 2 2
left_child=2 15 -1 5 -5 -4 7 -3 14 11 -11 12 -6 -8 -9 -2 17 18 -17 20 -10 22 -22 25 26 -21 27 -25 -15 -29
right_child=1 6 3 4 9 -7 13 8 19 10 -12 -13 -14 28 -16 16 -18 -19 -20 23 21 -23 -24 24 -26 -27 -28 29 -30 -31
leaf_value=-0.024875326826930031 -0.016718114921661073 -0.028029778457591088 0.062812038422286012 -0.009327102796454486 0.10693429617582829 -0.017129778488774346 0.0094055819944712186 0.064137540896899339 -0.006705248856433318 0.015809890513567616 0.12432442342395664 0.00063432737330909583 -0.0068653414314339403 0.011547814041608023 -0.0087380455188592072 0.018615535170226138 -0.011720737559419271 -0.0084426587515928908 0.10624291579938192 0.066239042639750528 0.043717700209910615 0.00081134539782020342 0.11414893487069246 0.1002196107404561 0.0080276362540784487 -0.019008984011510483 0.11542998910095133 0.075724845144233388 0.08472778097556774 0.027892563905156303
leaf_weight=221.99824633821845 64.999932747334242 8.7351518645882589 4.1119336262345305 64.426902886480093 6.152216933667658 128.64452369138598 86.963200107216835 4.006634600460532 9.7491788528859598 10.987069945782425 5.9129095040261737 40.019619293510914 6.3686633110046387 4.5698400288820267 17.432831384241581 3.7992659285664558 20.391042247414589 6.906142931431531 4.875050660222767 4.2110017649829388 29.033759199082851 9.1106453612446767 4.3246790692210189 9.1496997699141414 6.5122991017997327 6.2028412222862226 9.3291629180312139 8.4434095919132179 5.701303154230116 18.862887267023332
leaf_count=6006 1656 230 100 1570 125 3349 1881 66 170 209 100 867 143 83 368 75 479 165 87 73 482 160 58 119 106 121 118 124 100 267
internal_value=-2.93856e-05 0.0181331 -0.0128015 -0.00269306 0.00874165 -0.0142026 0.0285641 0.0375848 0.0419612 0.0254003 0.0586011 0.013826 0.0528241 0.0148568 0.00713236 -0.00693664 0.0107125 0.0390082 0.0737544 0.0483407 0.0348929 0.0443767 0.0559051 0.058815 0.0663996 0.0182457 0.0743531 0.0610403 0.0560818 0.0448355
internal_weight=831.932 343.31 488.622 266.624 133.867 132.756 242.339 145.104 136.369 69.4405 16.9 52.5405 12.5209 97.2343 21.4395 100.971 35.9715 15.5805 8.67432 114.93 52.2183 42.4691 33.3584 62.7113 52.2975 10.4138 45.7852 36.456 10.2711 27.3063
internal_count=19457 6988 12469 6463 3014 3449 4526 2462 2232 1444 309 1135 268 2064 434 2462 806 327 162 1798 870 700 540 928 734 194 628 510 183 391
is_linear=0
shrinkage=0.03


Tree=9
num_leaves=31
num_cat=1
split_feature=0 32 6 28 16 9 18 18 10 12 12 17 17 6 18 18 9 18 18 6 11 17 4 10 4 4 18 10 16 12
split_gain=217.353 152.57 41.1164 28.065 35.3192 35.8337 44.4336 36.378 27.194 22.6837 29.2304 27.1658 30.7884 33.209 26.2132 25.9012 22.5934 27.0321 21.4736 35.453 33.803 27.3986 21.5903 18.034 16.9908 16.9636 16.548 15.855 15.6166 43.2211
threshold=10.97759008407593 0 -0.4337597787380218 24.994574546813968 1.0861150026321413 20.901262283325199 1.5901826620101931 1.318078398704529 -0.42000000178813929 -0.31749999523162836 -0.39300000667572016 1.3122850060462954 1.0000000180025095e-35 -0.68784540891647328 1.7777194380760195 0.82439422607421886 -98.999389648437486 1.0762402415275576 0.81140595674514782 -0.84565824270248402 79.500000000000014 -0.25295682251453394 2.5000000000000004 0.24000000208616259 1.0000000180025095e-35 30.500000000000004 0.72820800542831432 -0.66500002145767201 0.15175064653158191 0.13949999958276751
decision_type=2 1 2 2 2 2 2 2 2 2 2 2 2 2 2 2 2 2 2 2 2 2 8 2 10 8 2 2 2 2
left_child=25 2 8 4 -3 6 7 -6 26 10 14 12 24 28 15 -10 17 -4 19 27 21 -21 -23 -15 -11 -1 -2 -5 -14 -30
right_child=1 3 16 18 5 -7 -8 -9 9 11 -12 -13 13 23 -16 -17 -18 -19 -20 20 -22 22 -24 -25 -26 -27 -28 -29 29 -31
leaf_value=-0.013455795111721666 0.041417308394925939 -0.013447305858598839 0.096434709212814176 0.048753983738299159 0.0042808406474454637 -0.021280011549135478 0.0004731181614027125 0.1272435312783069 0.051422381160425107 0.055967073561235252 -0.014111175814614003 -0.0097097312364746984 0.028463902169818769 0.14402479700268642 0.096522990483069768 -0.011218599647708577 -0.01226342915047718 -0.016243519265125156 0.00028213728744620758 0.1391177747773529 -0.003089221193872897 0.077078839687758208 -0.0078544664369827565 0.0602304775638942 0.023510942168665106 -0.028498330102638421 -0.0085546547315657837 -0.017588540219779191 0.095685634238468473 0.012643159019601276
leaf_weight=140.2836967818439 7.607918061316016 184.06387766450644 3.2302402816712847 3.1274011619389084 3.2389760650694424 10.942207105457781 10.304467104375361 5.9994661174714565 11.556874018162494 22.453677549958229 14.338620144873856 7.1285574808716765 19.279727231711149 6.2920104674994928 4.5927406139671794 10.713099110871552 27.293562028557062 3.0502714402973652 69.792074408382177 3.9288379698991784 6.4324680976569644 5.9131429940462104 4.1346920244395742 7.0843166224658489 46.036441657692194 135.39616832137108 18.61496951803565 14.17538497969508 15.540625337511303 9.0785926990210992
leaf_count=3594 137 4717 71 67 75 255 236 134 186 366 287 125 316 76 70 205 655 72 1544 82 140 122 91 96 837 3821 403 312 206 150
internal_value=0.000814841 0.0116108 0.0293422 -0.00215902 -0.0084835 0.0209623 0.0444986 0.0887619 0.0357171 0.0399884 0.0198497 0.0460372 0.0492486 0.0656285 0.0378329 0.0221014 -0.000139549 0.0469955 0.0102258 0.0281456 0.0539608 0.0786701 0.0445813 0.106922 0.0348036 -0.02092 0.00693231 -0.00358883 0.0509448 0.0667517
internal_weight=831.625 555.945 233.892 322.053 214.549 30.4851 19.5429 9.23844 200.318 174.095 41.2013 132.894 125.765 57.2753 26.8627 22.27 33.5741 6.28051 107.504 37.7119 20.4091 13.9767 10.0478 13.3763 68.4901 275.68 26.2229 17.3028 43.8989 24.6192
internal_count=19448 12033 4258 7775 5417 700 445 209 3460 2920 748 2172 2047 844 461 391 798 143 2358 814 435 295 213 172 1203 7415 540 379 672 356
cat_boundaries=0 1
cat_threshold=25
is_linear=0
shrinkage=0.03


Tree=10
num_leaves=31
num_cat=1
split_feature=1 32 5 5 16 29 16 7 17 14 3 3 11 2 5 17 8 17 8 29 16 14 5 5 3 14 3 3 14 14
split_gain=188.677 113.377 56.809 61.7492 35.7759 28.8295 24.4798 20.9271 20.4997 24.4233 22.4758 26.4242 21.665 34.1197 20.6148 23.4737 20.3956 41.3887 19.9041 17.4233 16.4385 16.3577 27.27 19.3718 18.1907 15.1418 15.0989 18.1268 13.115 47.3219
threshold=26.984601020812992 0 -0.88134551048278797 1.0000000180025095e-35 0.50235500931739818 76.836559295654311 0.49182637035846716 27.58839321136475 1.141010642051697 -0.59499999880790699 304.69734191894537 256.87760925292974 76.500000000000014 323.83238220214849 -0.4591448307037353 0.30629649758338934 -24.959188461303707 0.28963282704353338 -78.05251312255858 75.887035369873061 -0.23738544434309003 1.0000000180025095e-35 -0.42028589546680445 -0.34091138839721674 580.13208007812511 0.34499999880790716 271.45259094238287 94.895103454589858 -0.49499998986721033 -0.56999999284744252
decision_type=2 1 2 2 2 2 2 2 2 2 2 2 2 2 2 2 2 2 2 2 2 2 2 2 2 2 2 2 2 2
left_child=18 2 -2 4 8 6 -3 -7 9 -4 11 19 -12 25 15 -15 17 -8 26 -11 -21 22 -6 24 -23 -14 27 -1 29 -18
right_child=1 5 3 -5 21 7 16 -9 -10 10 12 -13 13 14 -16 -17 28 -19 -20 20 -22 23 -24 -25 -26 -27 -28 -29 -30 -31
leaf_value=-0.022470014737127602 -0.0076482963068287514 -0.01878385946732513 -0.0034157960548533515 -0.0027967488951717687 -0.0015804689518127556 1.8939948260525877e-05 -0.016819041422844811 0.023722016246418381 -0.01303511635683848 0.00085650854394440912 0.011204487345459372 0.11587497165591706 -0.0074969037694256006 0.053981727859247361 0.025993808523089634 0.13817987536917192 -0.01657494500337638 0.12891849760557206 -0.024755587516072864 0.027689791034141483 0.10025955223644469 0.10940055335256128 0.075700723419397764 0.029969978943149754 0.044274671058012513 0.046579263851009918 -0.011835548321033588 0.066590627282956574 -0.0094447470741298011 0.11013665469584789
leaf_weight=2.559275887906554 39.471551042050123 114.84764701500535 13.908136911690233 38.604924466460943 9.0088928639888746 123.03783671185374 3.2313625067472449 45.077854540199041 8.6101337447762472 6.292825769633061 33.045456800609827 5.8737575598061076 12.525099448859693 11.478717885911466 9.2975843399763125 4.7801170013844958 7.1740714944899082 2.3766218982636929 220.14688808470964 7.5420071594417131 4.8658719360828346 14.319949306547644 6.4950980357825747 8.1104562096297759 7.9568052664399138 6.2178798653185359 17.548153806477785 4.8197906501591206 37.326131500303745 3.0222271457314474
leaf_count=67 946 3055 286 823 179 2862 82 936 156 101 583 78 220 160 136 52 171 56 6269 123 62 159 95 112 102 89 441 102 898 53
internal_value=0.000152608 0.00941647 0.0242259 0.0314092 0.0391331 -0.00222126 -0.0110452 0.00647728 0.0303533 0.0336626 0.0387064 0.063633 0.0300755 0.0435944 0.0655206 0.0853081 0.00572083 0.0551063 -0.0218901 0.0421753 0.0615038 0.0617851 0.0334201 0.0747314 0.0890404 0.0118932 0.00339562 0.0367065 -0.00112259 0.0274653
internal_weight=829.573 584.499 248.405 208.934 170.329 336.094 167.978 168.116 124.438 115.827 101.919 24.5745 77.3449 44.2994 25.5564 16.2588 53.1304 5.60798 245.074 18.7007 12.4079 45.8912 15.504 30.3872 22.2768 18.743 24.9272 7.37907 47.5224 10.1963
internal_count=19454 12575 4462 3516 2693 8113 4315 3798 2046 1890 1604 364 1240 657 348 212 1260 138 6879 286 185 647 274 373 261 309 610 169 1122 224
cat_boundaries=0 1
cat_threshold=25
is_linear=0
shrinkage=0.03


Tree=11
num_leaves=31
num_cat=0
split_feature=1 28 3 5 28 8 15 14 14 9 12 14 15 14 29 14 7 18 5 10 11 17 4 3 29 6 5 14 12 10
split_gain=186.569 95.0767 35.6796 37.9973 45.7401 33.2091 31.5693 42.5888 26.9033 20.1732 28.2468 33.6286 50.5924 28.7705 57.5243 77.4693 19.8664 18.5999 23.0631 24.8659 18.2755 18.2857 18.1108 17.0568 22.8594 15.7123 15.6342 15.0996 17.2041 19.6754
threshold=41.947761535644538 20.863806724548343 115.08821868896486 -0.96105405688285817 24.009605407714847 -76.542976379394517 43.500000000000007 -0.45000000298023218 0.76499998569488536 17.971662521362308 -0.19049999862909314 0.18500000238418582 48.500000000000007 0.044999998994171626 76.484970092773452 -0.56999999284744252 -35.73077201843261 0.81140595674514782 -0.53371313214302052 -0.67500001192092884 86.500000000000014 -0.77695557475090016 3.5000000000000004 395.74838256835943 84.152141571044936 -0.97789707779884327 -0.94917574524879444 -0.24999999254941938 -0.30349999666213984 1.0000000180025095e-35
decision_type=2 2 2 2 2 2 2 2 2 2 2 2 2 2 2 2 2 2 2 2 2 2 10 2 2 2 2 2 2 2
left_child=5 9 -3 16 6 8 22 -8 -1 10 11 26 -13 14 -12 -16 -4 18 23 -20 21 -9 -5 -6 -25 -19 -2 -23 -29 -30
right_child=1 2 3 4 17 -7 7 20 -10 -11 13 12 -14 -15 15 -17 -18 25 19 -21 -22 27 -24 24 -26 -27 -28 28 29 -31
leaf_value=-0.0048068929561365867 0.042695932558739845 -0.0098884925099183233 0.055752200148591384 0.030789962122417563 -0.011010815269268993 -0.021868273085714676 -0.011300836635264272 0.019250753903668445 0.056985873654882536 -0.017747037705466342 -0.023375645351129314 0.0056095948314164434 0.13722026342165927 -0.026801017203451058 -0.02091540502006806 0.13336874535246102 -0.017471732804577922 0.035487030027210896 0.066475400756873582 -0.014766887109834596 0.032581010931172376 0.11192979163067511 0.00035002044212801604 0.078659034604091141 0.0055293474068078188 -0.0029035444348330022 -0.017139691131405781 0.0076972407687564597 0.027632443880014207 0.082408429351310986
leaf_weight=28.437527894973755 4.6699303947389152 32.205088336020708 2.8029381521046188 63.09640233963728 3.4541579149663475 267.68839702010155 9.4139498174190503 7.7748084329068652 7.1141660064458838 83.348963811993599 14.280275896191599 5.5349459908902627 4.1652919054031372 32.868306908756495 4.8665500655770302 5.5574127919971925 27.084844451397657 10.204608578234909 3.2952139303088215 15.119379211217163 26.614760160446167 7.8969081044197074 24.277026157826185 13.144383378326895 5.5033383406698695 66.003055430948734 11.812029138207437 5.015807081013917 9.3841854445636255 25.15022187680006
leaf_count=702 102 693 67 1015 74 7640 200 123 136 2163 364 139 96 851 119 127 652 216 66 316 387 97 489 258 115 1404 301 73 124 290
internal_value=0.000438631 0.0112614 0.0199766 0.0229551 0.0262106 -0.0182582 0.0357268 0.0480758 0.00877907 -0.00738861 0.0030074 0.0282512 0.0696658 -0.00875903 0.0153541 0.0658136 -0.00902197 0.011468 0.0276274 0.00244625 0.0549601 0.0649746 0.0224318 0.0475935 0.0584568 0.0026302 0.0012864 0.071915 0.061362 0.0687204
internal_weight=827.785 524.545 357.441 325.236 295.348 303.24 178.624 91.2506 35.5517 167.104 83.7547 26.1822 9.70024 57.5725 24.7042 10.424 29.8878 116.724 40.5165 18.4146 81.8367 55.2219 87.3734 22.1019 18.6477 76.2077 16.482 47.4471 39.5502 34.5344
internal_count=19399 10921 6659 5966 5247 8478 2798 1294 838 4262 2099 638 235 1461 610 246 719 2449 829 382 1094 707 1504 447 373 1620 403 584 487 414
is_linear=0
shrinkage=0.03


Tree=12
num_leaves=31
num_cat=1
split_feature=3 32 5 28 10 10 14 8 4 5 18 9 14 10 6 29 18 8 14 12 12 3 6 3 3 18 18 2 12 12
split_gain=181.344 150.527 73.1753 33.2527 29.236 27.5921 37.0653 31.5331 30.2821 24.57 23.9014 21.9572 19.5885 22.4878 31.5223 21.9615 24.6165 32.6379 29.4453 29.0554 31.146 20.6834 18.5071 17.4124 16.1517 15.5664 14.2729 14.1968 14.1155 30.3445
threshold=115.08821868896486 0 -0.88134551048278797 25.346193313598636 -0.42000000178813929 -0.17000000178813932 1.0000000180025095e-35 128.62918090820315 1.5000000000000002 -0.13282711803913114 0.73923268914222728 11.040825843811037 0.38499999046325689 0.31000000238418585 -0.68784540891647328 76.151096343994155 0.7603900432586671 -38.442935943603509 -0.56999999284744252 0.12650000303983691 0.028500000014901165 271.45259094238287 -0.97789707779884327 320.57951354980474 435.35032653808599 0.73923268914222728 1.205718517303467 327.38676452636724 -0.41899999976158137 -0.48800000548362726
decision_type=2 1 2 2 2 2 2 2 10 2 2 2 2 2 2 2 2 2 2 2 2 2 2 2 2 2 2 2 2 2
left_child=-1 11 -3 4 10 7 23 8 -6 -8 -4 12 13 15 -15 -2 -17 -18 -19 20 21 -20 -5 -7 -24 27 -11 -26 29 -13
right_child=1 2 3 22 5 6 9 -9 -10 26 -12 28 -14 14 -16 16 17 18 19 -21 -22 -23 24 -25 25 -27 -28 -29 -30 -31
leaf_value=-0.022194391167727246 -0.018449245388385636 -0.0037808570210431333 0.04977169608037333 0.042614473077884026 0.099524921803254313 0.039598398991772032 0.045732579305174811 -0.0040180390914569914 0.038206042107209029 0.029370719202001475 -0.016010004938551259 -0.018996191106602507 -0.019655194437407039 0.0020719149225818028 0.10599925244528691 -0.018877405920825378 -0.011579831040345805 -0.018848704914300709 -0.0051785392008364406 -0.0050087435416498634 0.15977835236399959 0.08421854156623651 -0.0085327966437157132 -0.016956474670329666 0.077735653411622044 0.006710320137833967 -0.02439851572267571 0.0086310866548798063 -0.025688238755583976 0.064666674191391701
leaf_weight=236.31906550750136 31.944948785007 81.554341707378626 5.9702070429921177 14.368345774710177 17.504117853939533 5.6914320997893837 93.111330796033144 5.4514848776161662 15.160278812050818 8.7526823729276639 16.356708094477654 13.761957615613939 37.984541930258274 6.2249593287706375 3.5962182953953725 13.622365791350601 11.298572357743977 3.8921034559607497 3.6379705630242878 3.6113109588623038 3.2373243309557429 4.9733112677931786 34.275759566575289 17.312167298048735 5.5931653864681703 26.407511662691832 7.1899741776287547 4.9733766987919807 85.785975072532892 4.3061954081058493
leaf_count=6684 864 1957 93 291 215 90 1274 88 244 139 341 358 1015 161 89 352 310 95 90 91 67 111 748 339 111 539 129 92 2282 87
internal_value=-5.62696e-05 0.0088705 0.020603 0.0284793 0.0353859 0.0395982 0.0326553 0.0622028 0.0730458 0.0398947 0.00295959 -0.0101149 -0.00199618 0.00593618 0.0464058 0.000187968 0.013746 0.0283836 0.0511385 0.0688328 0.0899769 0.049842 0.0127214 -0.00189721 0.00618677 0.0196975 0.00511254 0.0487683 -0.0206636 0.00328889
internal_weight=823.87 587.551 359.673 278.119 192.5 170.173 132.058 38.1159 32.6644 109.054 22.3269 227.878 124.024 86.0391 9.82118 76.2179 44.273 30.6506 19.352 15.4599 11.8486 8.61128 85.6182 23.0036 71.2498 36.9741 15.9427 10.5665 103.854 18.0682
internal_count=19346 12662 6690 4733 2952 2518 1971 547 459 1542 434 5972 3245 2230 250 1980 1116 764 454 359 268 201 1781 429 1490 742 268 203 2727 445
cat_boundaries=0 1
cat_threshold=6
is_linear=0
shrinkage=0.03


Tree=13
num_leaves=31
num_cat=1
split_feature=0 32 3 5 16 9 16 12 12 7 3 1 16 5 29 10 5 0 15 6 12 12 12 2 17 1 17 17 12 7
split_gain=173.402 120.551 59.9767 31.0169 30.9822 28.8864 21.8404 21.2473 20.7477 20.5402 18.6715 16.8274 16.2735 16.9396 26.7589 26.2993 27.4434 26.0312 22.5654 35.3297 22.9725 39.346 40.315 19.0705 23.4115 24.3126 17.2714 16.7454 22.1135 15.4489
threshold=10.97759008407593 0 78.638252258300795 -0.98097097873687733 1.0861150026321413 20.901262283325199 -0.83375048637390126 -0.50149999558925618 -0.41899999976158137 -42.172414779663079 426.41526794433599 3.535241007804871 -0.76423409581184376 -0.78753387928009022 78.088207244873061 -0.66500002145767201 -0.63756072521209706 138.55088043212893 43.500000000000007 -0.9563411772251128 -0.17849999666213986 0.049999998882412917 -1.0000000180025095e-35 224.42637634277347 0.17250502109527591 78.491504669189467 -0.41073784232139582 0.21617750078439715 0.078999999910593047 -18.870879173278805
decision_type=2 1 2 2 2 2 2 2 2 2 2 2 2 2 2 2 2 2 2 2 2 2 2 2 2 2 2 2 2 2
left_child=9 4 -3 29 -2 8 7 -5 -6 11 -10 -1 -8 17 18 -16 -17 23 20 -20 -15 22 -22 24 25 -14 -21 -28 -29 -4
right_child=1 2 3 6 5 -7 12 -9 10 -11 -12 -13 13 14 15 16 -18 -19 19 26 21 -23 -24 -25 -26 -27 27 28 -30 -31
leaf_value=0.057856140736189006 -0.013880398656476235 -0.018553130732169749 0.043035753008294424 0.062617005521668281 0.097042658334646398 -0.020843423269958521 0.078010866054870537 0.0031610919294496743 -0.0059229107036352386 -0.023607024720073685 0.054852943023185032 -0.0064635604226760575 0.0066422816129190071 -0.0062778567965061276 0.070925925083659885 0.044944143778775557 -0.0016772173160619571 0.059786634087478523 -0.0017449600526805121 0.023669898237490262 0.026452804717826239 0.0099580974834933417 0.11583966717822478 -0.00818189630487463 -0.019021948908672696 0.080622666818638111 0.092819053031460541 0.070622755445244267 0.013796667193580697 -0.02573648065628506
leaf_weight=3.0466538332402697 177.13386576622725 32.035015214234591 2.6476145498454597 5.0457908622920504 3.4296498000621858 10.516849137842653 5.5326636433601371 52.6737808175385 9.6598714329302329 219.37107343971729 7.3176088556647292 37.390557605773211 7.6882917582988757 14.043017528951166 6.319143019616603 14.275302756577728 44.112027648836374 8.8061170689761621 8.9975749738514406 10.271927669644354 10.758499063551428 22.453021802008152 8.0079228319227678 32.140313360840082 6.3296169787645331 7.7954613752663136 18.639459721744061 18.170135337859396 9.9355934225022775 15.223479393869637
leaf_count=74 4755 823 65 93 62 258 91 967 235 6504 143 863 172 227 122 278 914 148 164 159 168 346 78 647 144 138 203 183 127 377
internal_value=0.000266704 0.00952413 0.01965 0.0239989 -0.00862625 0.0182597 0.0262016 0.00933653 0.0384439 -0.0200006 0.0218667 -0.000338245 0.0299784 0.0286019 0.0331613 0.0171975 0.0102862 0.0147824 0.0414683 0.0533763 0.0265475 0.0376146 0.0685263 0.00648272 0.0275014 0.04652 0.0619549 0.0696958 0.0516985 -0.0138072
internal_weight=829.768 569.96 361.902 329.867 208.058 30.924 311.996 57.7196 20.4071 259.808 16.9775 40.4372 254.276 248.743 185.984 64.7065 58.3873 62.7598 121.277 66.0147 55.2625 41.2194 18.7664 53.9537 21.8134 15.4838 57.0171 46.7452 28.1057 17.8711
internal_count=19528 12087 6634 5811 5453 698 5369 1060 440 7441 378 937 4309 4218 2969 1314 1192 1249 1655 836 819 592 246 1101 454 310 672 513 310 442
cat_boundaries=0 1
cat_threshold=6
is_linear=0
shrinkage=0.03


Tree=14
num_leaves=31
num_cat=1
split_feature=3 32 5 17 4 16 16 3 12 6 10 22 18 1 16 18 14 16 13 13 7 8 16 12 1 16 29 17 8 0
split_gain=165.511 112.808 54.3926 26.7726 25.774 21.9265 67.0593 80.0112 28.5667 47.2453 64.4415 20.448 20.0876 19.8062 22.5391 21.8352 20.0269 17.2522 16.467 19.8003 19.7438 20.0882 14.9735 14.7221 15.1177 23.1889 14.4472 20.1203 16.4574 13.9705
threshold=115.08821868896486 0 -0.88134551048278797 -0.73769435286521901 1.5000000000000002 -0.11209625005722045 -0.074701867997646318 364.45019531250006 -0.41899999976158137 -0.54638096690177906 -0.1950000002980232 1.0000000180025095e-35 0.89895629882812511 17.387654304504398 1.1360246539115908 1.7108311653137209 0.39499999582767492 2.0463922023773198 42.500000000000007 48.500000000000007 -39.628211975097649 -100.79533386230467 -1.2127375602722166 0.26000000536441809 74.861248016357436 0.54131844639778148 79.142368316650405 0.51652702689170849 58.590194702148445 31.23216533660889
decision_type=2 1 2 2 10 2 2 2 2 2 2 2 2 2 2 2 2 2 2 2 2 2 2 2 2 2 2 2 2 2
left_child=13 5 12 -4 11 -2 7 -7 9 -8 -11 26 -3 -1 -15 16 -16 -10 -6 20 21 -20 -21 24 25 -24 -5 28 -28 -22
right_child=1 2 3 4 18 6 8 -9 17 10 -12 -13 -14 14 15 -17 -18 -19 19 22 29 -23 23 -25 -26 -27 27 -29 -30 -31
leaf_value=-0.028129366437608355 -0.018258804794673882 0.015140943571821957 0.0060104351842379701 0.048579534221640318 0.0028946985961452024 0.19111431088521119 -0.015258882508616463 -0.022403268223846688 -0.013261267402130083 -0.018355861571688004 0.1359780363043139 -0.0056999342556070635 -0.0147138617808567 -0.015444173147178176 -0.0069823195375184541 -0.024860790135047457 0.090232765210948168 0.050151740965675609 0.057353992209513899 0.063649351057073464 0.097792862528933128 -0.020585405845834202 -0.0053728653277901909 0.041962221198746326 -0.011360812241602564 0.079541305267998838 0.012836362556323143 -0.020174938748921251 0.076422676370697856 0.04186241695255298
leaf_weight=134.22165973857045 101.38635917380452 33.759740617126226 53.529261149466038 87.209100540727377 36.970036692917347 2.5119406804442397 10.267195947468283 2.5293331071734428 97.281010117381811 3.7064822092652321 5.0801759250462037 8.0913731642067415 47.737900964915752 86.177399549633265 2.7312030978500825 3.8828202821314335 4.4316426217556 3.0506379641592494 3.7225967943668365 4.0349814742803565 5.694559037685397 7.1336907595396024 6.9243596903979761 8.6506683640182001 27.444747071713209 3.8341703936457634 9.8030622899532336 6.9588726051151744 5.3829286359250537 19.498942449688911
leaf_count=4221 2847 777 992 1148 705 62 257 66 2560 91 92 129 1186 2287 63 102 100 66 68 75 95 137 128 126 440 66 190 139 95 292
internal_value=0.000826761 0.00911392 0.0188614 0.0253389 0.0295832 -0.00763923 0.000481423 0.0980114 -0.0044169 0.0283464 0.0756519 0.0396743 -0.00231313 -0.020682 -0.0102187 0.0284475 0.0568502 -0.0108573 0.0197774 0.0268421 0.0436235 0.00872317 0.0143426 0.00885502 0.000479151 0.0290801 0.0430529 0.0201299 0.0387046 0.0577554
internal_weight=833.639 602.194 376.381 294.883 241.354 225.813 124.427 5.04127 119.386 19.0539 8.78666 117.445 81.4976 231.445 97.2231 11.0457 7.16285 100.332 123.909 86.9387 36.0498 10.8563 50.8889 46.8539 38.2033 10.7585 109.354 22.1449 15.186 25.1935
internal_count=19602 12829 6788 4825 3833 6041 3194 128 3066 440 183 1701 1963 6773 2552 265 163 2626 2132 1427 592 205 835 760 634 194 1572 424 285 387
cat_boundaries=0 1
cat_threshold=6
is_linear=0
shrinkage=0.03


Tree=15
num_leaves=31
num_cat=1
split_feature=0 32 3 5 7 17 10 28 11 18 7 18 14 3 2 28 14 14 2 12 5 12 23 18 5 18 14 29 5 2
split_gain=172.501 89.7744 32.5597 35.7364 23.5231 22.7303 24.2201 21.7092 23.428 27.3165 21.3429 20.9993 20.5361 16.5589 14.6262 14.3082 13.0197 18.695 21.7347 14.255 12.6351 12.4248 19.6726 15.1434 21.78 20.4572 14.8818 17.1189 16.6579 19.5659
threshold=10.97759008407593 0 115.08821868896486 -0.94917574524879444 -40.119729995727532 -0.53089502453804005 1.0349999666213991 25.658441543579105 73.500000000000014 0.84919169545173656 60.607175827026374 0.40214560925960546 -0.45000000298023218 716.37420654296886 556.54824829101574 25.763958930969242 -0.21499999612569806 0.47499999403953558 186.20759582519534 -0.24849999696016309 -0.38118652999401087 -0.41899999976158137 1.0000000180025095e-35 0.81021401286125194 -0.8126716911792754 1.2720590233802798 0.40500000119209295 76.013408660888686 0.16665012389421466 196.18916320800784
decision_type=2 1 2 2 2 2 2 2 2 2 2 2 2 2 2 2 2 2 2 2 2 2 2 2 2 2 2 2 2 2
left_child=4 2 -2 15 -1 6 14 8 9 11 12 -7 -10 -13 -5 -4 20 19 -19 -18 -14 22 23 -3 25 -25 27 -23 29 -29
right_child=1 21 3 5 -6 7 -8 -9 10 -11 -12 13 16 -15 -16 -17 17 18 -20 -21 -22 26 -24 24 -26 -27 -28 28 -30 -31
leaf_value=-0.0011163985675383186 -0.0057164442597561621 -0.025989538477154805 -0.019556970769384376 0.002356875444028086 -0.024774392008431647 0.0051743975583236372 0.077474270770106823 0.0039837240631596894 0.0063434101038037285 0.0017940555307367897 0.01657685334950789 0.06737561918187629 0.11401459742515224 0.01684768410578948 0.054816861891230778 0.041277457676424059 -0.0062883305623430037 0.023213547874523167 0.094158200932121405 0.043059619943224083 0.042409328280975211 -0.01918571959542769 0.058270651053836248 0.10425667936540668 -0.0070407218150283189 -0.00034677188513277963 -0.021154672083217394 0.019490425947349201 -0.023097263977687979 -0.0068348484444365754
leaf_weight=46.469686457887292 39.867532530799508 10.599286243319513 22.138139016926292 61.755121283233166 204.64692118950188 12.653411284089087 3.6493579149246207 23.388967350125313 8.4741883575916273 34.203442506492138 21.263574190437794 19.072851885110143 6.4979342482984066 9.4092068709433061 4.1953764744102946 3.1370034366846076 5.9192993864417067 6.4679710976779488 13.25112187117338 34.18028487637639 5.7800766751170141 41.6161133274436 5.6600941456854335 2.9757328405976322 11.38666946813464 2.9059493504464626 52.598091311752796 55.616338346153498 17.70255509391427 45.379073966294527
leaf_count=1100 970 279 578 1100 6336 203 55 456 165 587 264 285 73 155 69 65 86 78 132 421 74 1165 103 56 283 71 1402 1382 496 1088
internal_value=0.000314496 0.00928369 0.0190423 0.0230337 -0.0204182 0.0262197 0.011231 0.0313396 0.0349083 0.0217661 0.0443249 0.0379357 0.0513549 0.0518211 0.00646299 -0.0107229 0.0564864 0.0491059 0.0731315 0.0357994 0.0860379 -0.00460071 0.0119486 0.000847698 0.0178413 0.0600351 -0.00746552 -0.0028709 0.00296166 0.00771096
internal_weight=832.861 581.745 335.305 295.437 251.117 270.162 69.5999 200.562 177.173 75.3389 101.834 41.1355 80.5709 28.4821 65.9505 25.2751 72.0967 59.8187 19.7191 40.0996 12.278 246.44 33.5277 27.8676 17.2684 5.88168 212.912 160.314 118.698 100.995
internal_count=19577 12141 5816 4846 7436 4203 1224 2979 2523 1230 1293 643 1029 440 1169 643 864 717 210 507 147 6325 792 689 410 127 5533 4131 2966 2470
cat_boundaries=0 1
cat_threshold=57
is_linear=0
shrinkage=0.03


Tree=16
num_leaves=31
num_cat=1
split_feature=0 32 16 16 2 3 6 2 29 0 16 12 9 18 18 12 17 23 17 28 9 7 11 12 14 15 14 12 7 10
split_gain=141.083 85.0809 27.0829 31.8 38.2908 26.5849 36.6937 18.5947 18.0055 16.4706 17.302 15.7184 15.5979 22.528 22.3892 18.5305 15.4679 14.9409 14.9067 23.6289 19.3658 17.6686 21.3303 29.2691 46.7156 18.3567 17.2797 17.2584 14.0065 14.8979
threshold=10.97759008407593 0 -0.17407006770372388 -0.074701867997646318 97.370552062988295 115.08821868896486 -0.54638096690177906 39.24365425109864 79.001594543457045 84.740871429443374 1.0861150026321413 -0.50149999558925618 2.4688330888748173 1.6490654945373537 1.3112390041351321 -0.12299999967217444 -0.19701982289552686 1.0000000180025095e-35 -0.27961628139019007 25.763958930969242 -141.73419952392575 34.746080398559577 73.500000000000014 -0.00450000021373853 0.16499999910593036 53.500000000000007 1.0000000180025095e-35 0.049999998882412917 -32.541711807250969 -0.87499999999999989
decision_type=2 1 2 2 2 2 2 2 2 2 2 2 2 2 2 2 2 2 2 2 2 2 2 2 2 2 2 2 2 2
left_child=7 5 8 4 -4 -2 18 -1 -3 10 28 -10 13 14 -12 -16 -6 -8 -7 20 -20 22 23 -22 -25 -24 -23 -28 -5 -30
right_child=1 2 3 9 16 6 17 -9 11 -11 12 -13 -14 -15 15 -17 -18 -19 19 -21 21 26 25 24 -26 -27 27 -29 29 -31
leaf_value=-0.02745558109217322 -0.0069074444570025196 -0.021180946516870434 0.11397712098391473 0.025144611845238297 0.050210672635584638 0.016933004701788587 -0.007485701014008154 -0.010865798548105763 0.055150595111206374 0.018437331574791743 -0.010094630677858657 -0.0037027480858430085 -0.010819007918276327 -0.0067716734495330954 0.12790134450546342 0.033954740793148065 -0.015844364159578062 0.033188568950865915 -0.00052442275972313063 -0.0063448457477410652 -0.012337814917097173 -0.0025601634997120346 0.076339089382102099 0.10425804462543767 -0.0020573062598452738 0.029900983445778264 0.060092291005064899 0.0098550296764041145 0.042243491436759241 -0.016694941987491125
leaf_weight=127.24271705746651 28.325550796464086 89.018096301704645 3.9628735445439807 8.0100270733237249 4.5229320339858523 60.372006520628929 40.148992784321308 119.71000138670206 3.5129804220050564 34.877170626074076 3.2547021880745914 42.103941455483437 13.573774598538874 8.7457052953541261 3.1407967023551437 5.4179174862802038 6.746184278279542 9.1288390010595304 9.9825729541480523 10.845965653657911 9.5731369033455866 12.87900425866246 32.4927808791399 6.8270969986915571 7.0161228328943253 12.354747846722601 14.482815597206356 10.979477182030676 3.0992058515548697 87.420159637928009
leaf_count=4192 670 2479 99 172 105 930 903 3266 75 736 70 920 316 201 58 115 157 175 126 204 147 181 321 75 110 164 132 143 85 2267
internal_value=-0.000531779 0.00752088 -0.00314003 0.00427799 0.0443711 0.0196159 0.0236244 -0.01949 -0.013399 0.000391257 -0.00445554 0.00191541 0.0136884 0.0296203 0.0549879 0.0782043 0.0125989 0.000559543 0.0296413 0.0354831 0.0393952 0.0431034 0.0523393 0.0274036 0.0538661 0.0644774 0.0257471 0.0396208 -0.0108154 -0.0142375
internal_weight=829.768 582.816 317.406 182.771 15.232 265.409 237.084 246.953 134.635 167.539 132.662 45.6169 34.1329 20.5591 11.8134 8.55871 11.2691 49.2778 187.806 127.434 116.588 106.605 68.2639 23.4164 13.8432 44.8475 38.3413 25.4623 98.5294 90.5194
internal_count=19594 12136 7855 4381 361 4281 3611 7458 3474 4020 3284 995 760 444 243 173 262 1078 2533 1603 1399 1273 817 332 185 485 456 275 2524 2352
cat_boundaries=0 1
cat_threshold=25
is_linear=0
shrinkage=0.03


Tree=17
num_leaves=31
num_cat=1
split_feature=1 32 16 12 14 18 6 3 16 28 12 17 3 2 12 12 17 6 18 29 7 14 3 3 16 18 6 17 18 17
split_gain=140.231 68.6754 31.161 40.1746 24.3997 23.3899 22.0009 27.3147 22.646 21.418 17.6868 16.6458 20.1676 19.1574 16.6397 19.1924 29.3141 30.8917 15.3615 14.8973 17.2549 14.7249 14.5351 13.5495 14.2053 13.2629 22.8229 12.7503 17.386 33.1457
threshold=26.984601020812992 0 0.49182637035846716 -0.41899999976158137 -1.0000000180025095e-35 2.1633379459381108 -0.47246390581130976 115.08821868896486 1.6537657380104067 25.346193313598636 -0.52750000357627858 -0.2980938702821731 304.69734191894537 299.39166259765631 -0.46099999547004694 0.042500000447034843 0.32790680229663854 -0.68784540891647328 0.81140595674514782 77.440567016601577 30.538113594055179 -0.38499999046325678 121.44297790527345 264.05590820312506 0.12726400047540667 0.33102445304393774 -0.64897239208221424 -0.6322750151157378 0.87745714187622081 -0.73769435286521901
decision_type=2 1 2 2 2 2 2 2 2 2 2 2 2 2 2 2 2 2 2 2 2 2 2 2 2 2 2 2 2 2
left_child=22 2 27 4 10 6 7 -3 9 11 -4 21 23 -14 -15 16 -16 -18 -11 -8 -21 -9 -1 24 -13 26 -24 28 29 -2
right_child=1 5 3 -5 -6 -7 19 8 -10 18 -12 12 13 14 15 -17 17 -19 -20 20 -22 -23 25 -25 -26 -27 -28 -29 -30 -31
leaf_value=-0.025996485099833957 0.10461279415656285 -0.0042797001322676014 -0.025065085243229066 -0.0013993446574017342 0.10076803254861851 -0.021628047285954615 -0.015318779032471473 -0.019776915364224486 0.076170306162166954 0.024886620635363055 0.055592698362344907 0.015745038774568211 0.0056366167044667667 -0.0030445099032703361 0.018376912395666505 0.022092590033632252 0.038885334151688031 0.12659389802320517 -0.0019770661658472747 -6.3839935953567494e-05 0.047039803722764409 0.019669421298124736 0.08815288465313989 0.083733625506487649 0.059675794979341508 -0.012943460707989501 -0.022824635995871305 -0.020347235208298665 -0.010360830360857392 -0.0087288788586945814
leaf_weight=144.33444180712104 2.7579840049147606 37.689139610156417 3.8571754321455956 56.063553854823112 5.1060912162065488 14.22799310274422 28.976642210036516 9.1886653117835504 6.1306161992251864 29.702079102396965 4.1189724691212177 13.889247544109823 31.505514208227396 9.1165621839463693 11.118316788226368 28.879401586949825 8.8817792087793368 7.1353814303874961 50.597232051193714 23.886618483811617 8.8984809480607492 55.790313821285963 2.2738764118403196 8.8876010850071889 13.630889907479284 64.850038204342127 2.746087046340107 99.172287635505199 35.097032979130745 5.7178719304501993
leaf_count=4833 66 904 87 1412 85 317 719 187 77 562 60 200 441 128 127 366 105 57 1035 549 164 805 56 88 149 1853 79 2842 986 155
internal_value=0.000252792 0.00758731 -0.00618891 0.00995468 0.0552562 0.014703 0.0164842 0.0196198 0.0227903 0.021346 0.0181405 0.0266319 0.0327118 0.0250866 0.0342675 0.040287 0.0581772 0.0831012 0.00814349 7.69303e-05 0.0137349 0.0138761 -0.0205731 0.0517397 0.0388337 -0.00916084 0.0337375 -0.0144543 -0.000886223 0.0352996
internal_weight=824.228 610.023 211.891 69.1458 13.0822 398.132 383.904 322.143 284.454 278.323 7.97615 198.024 133.045 96.637 65.1314 56.0149 27.1355 16.0172 80.2993 61.7617 32.7851 64.979 214.204 36.4077 27.5201 69.87 5.01996 142.745 43.5729 8.47586
internal_count=19494 12673 5693 1644 232 6980 6663 5231 4327 4250 147 2653 1661 1224 783 655 289 162 1597 1432 713 992 6821 437 349 1988 135 4049 1207 221
cat_boundaries=0 1
cat_threshold=6
is_linear=0
shrinkage=0.03


Tree=18
num_leaves=31
num_cat=1
split_feature=2 32 5 16 12 10 18 2 4 18 5 13 8 5 12 16 2 10 1 28 22 6 17 12 18 16 18 17 2 13
split_gain=130.492 80.8875 35.3004 28.9335 25.6329 24.5949 22.9158 27.6653 21.5432 20.8659 26.3389 23.7865 21.518 18.8769 17.8734 17.8624 29.1949 24.1667 41.2521 16.8345 16.1104 15.6404 15.1929 14.0869 13.8213 14.4658 14.3332 13.5602 12.2894 11.9023
threshold=51.086946487426765 0 -0.88134551048278797 -0.17407006770372388 -0.2145000025629997 -0.1950000002980232 0.5171303153038026 220.29926300048831 1.5000000000000002 1.7617849707603457 -0.63756072521209706 43.500000000000007 32.174037933349616 0.081451712176203742 -0.61199998855590809 -0.074701867997646318 115.97471237182619 -0.59000000357627858 88.202163696289077 25.763958930969242 1.0000000180025095e-35 -0.47246390581130976 0.23441465198993686 -0.31749999523162836 1.1837971806526186 -0.67604190111160267 1.4408521652221682 -0.56213873624801625 199.53227233886722 57.500000000000007
decision_type=2 1 2 2 2 2 2 2 10 2 2 2 2 2 2 2 2 2 2 2 2 2 2 2 2 2 2 2 2 2
left_child=-1 2 19 -3 5 -5 -7 9 13 10 12 -12 22 20 -10 16 -6 18 -17 -2 24 -9 -8 -21 25 -4 -26 -16 -20 -29
right_child=1 3 8 4 15 6 7 21 14 -11 11 -13 -14 -15 27 17 -18 -19 28 23 -22 -23 -24 -25 26 -27 -28 29 -30 -31
leaf_value=-0.023665880611684786 -0.015516560497276547 -0.015830788486511666 0.0070008774997079746 -0.019281021602945647 0.095881550742112409 -0.01158884828048377 0.060945779623012022 -0.024346809058185263 0.065201625141590641 -0.015533674349391485 -0.02531240476528155 0.060224207101164218 0.015157388566849991 -0.0055781076782950526 -0.005512756334083809 -0.023227384029483992 -0.0066485040758010958 -0.013842815531427681 0.10942785490557076 -0.025199210125815795 0.00036638642639891315 0.04334884441373734 0.15666676374242397 0.034419110839510138 -0.0016144980390121878 0.048693406340890019 0.034470545686141316 0.020488159234761379 0.021460123816518673 -0.0046798446664181297
leaf_weight=167.44113662838936 40.847487956285477 133.56275346502662 8.8812477141618711 11.481350639834998 3.0126996487379056 9.7318153623491508 5.176188260316847 7.5730565637350082 4.5588931255042544 2.8844798803329459 4.1935799196362549 6.1816274374723434 2.8496951125562182 12.739873152226208 36.554814556613564 6.6154513191431743 6.3155030366033316 98.638473302125931 3.4643432199954987 4.0153073258698013 12.810977276414631 3.786624573171137 4.1013277731835842 12.648418519645928 15.53943522647023 64.014309920370579 25.918695192784071 84.557302450761199 2.9857941977679729 20.66791745647788
leaf_count=5580 1053 3701 130 282 67 262 121 177 79 74 106 126 56 242 704 175 155 2569 66 92 199 64 83 266 243 722 342 1364 65 342
internal_value=-0.000107392 0.00592983 0.0156884 -0.00515464 0.00256914 0.0187997 0.0284145 0.0390352 0.0204408 0.0558868 0.0653132 0.0264651 0.0940011 0.0288462 0.0122637 -0.00529367 0.0325426 -0.00871401 0.0282371 -0.00522882 0.0323116 -9.96731e-05 0.114388 0.0194401 0.0358562 0.0437773 0.0212256 0.0101168 0.0770535 0.0155472
internal_weight=823.751 656.309 343.755 312.555 178.992 57.9597 46.4784 36.7466 286.243 25.3869 22.5024 10.3752 12.1272 139.905 146.339 121.032 9.3282 111.704 13.0656 57.5112 127.165 11.3597 9.27752 16.6637 114.354 72.8956 41.4581 141.78 6.45014 105.225
internal_count=19507 13927 5778 8149 4448 1351 1069 807 4367 566 492 232 260 1878 2489 3097 222 2875 306 1411 1636 241 204 358 1437 852 585 2410 131 1706
cat_boundaries=0 1
cat_threshold=89
is_linear=0
shrinkage=0.03


Tree=19
num_leaves=31
num_cat=1
split_feature=0 32 3 16 5 28 3 16 2 18 23 10 29 6 10 4 5 17 28 0 10 16 10 4 5 18 16 10 13 17
split_gain=145.084 82.9263 29.0572 22.8138 18.9105 22.7008 18.587 16.6792 27.2389 16.4781 13.9613 13.8425 13.1365 24.0076 14.072 11.5485 13.1057 11.3475 17.6516 21.6217 19.1884 12.3162 12.2839 12.0297 14.058 13.4651 18.1813 11.9733 11.2538 16.7956
threshold=10.97759008407593 0 70.753379821777358 -0.17407006770372388 -0.94917574524879444 25.503168106079105 108.16881942749025 -0.074701867997646318 97.370552062988295 2.1633379459381108 1.0000000180025095e-35 1.2450000047683718 76.836559295654311 -0.97606927156448353 -0.17000000178813932 1.0000000180025095e-35 -0.34091138839721674 0.097738046199083342 25.658441543579105 74.922687530517592 -0.1950000002980232 0.46302187442779547 0.59999999403953563 2.5000000000000004 -0.73172146081924427 1.1873534917831423 0.12726400047540667 -0.34499999880790705 42.500000000000007 0.21617750078439715
decision_type=2 1 2 2 2 2 2 2 2 2 2 2 2 2 2 8 2 2 2 2 2 2 2 10 2 2 2 2 2 2
left_child=6 2 -2 12 5 -4 -1 8 -5 10 17 15 -3 14 -14 16 -9 27 19 20 21 -19 23 24 -21 26 -26 -6 -22 -30
right_child=1 3 4 7 9 -7 -8 11 -10 -11 -12 -13 13 -15 -16 -17 -18 18 -20 22 28 -23 -24 -25 25 -27 -28 -29 29 -31
leaf_value=-0.027400177522500603 -0.014001467266708702 -0.02586080756298547 -0.023042711622616972 0.089752819817688956 -0.0037891457212986916 0.038085358739829808 -0.010293201642907715 0.022092794282580958 0.00083144158302671906 -0.018340958214981516 0.041637229475128386 0.045697567605767937 0.061207549905130554 -0.019002331401551189 0.00068657757303954155 -0.0088439948881813158 -0.017254861244550924 0.088049422199856966 -0.0048432936556095157 0.066191217357500803 0.0042393776051193981 0.028128402551822751 -0.020028869155842614 -0.0085215987443815738 0.0037866029646857224 -0.0020439567800188815 0.059898228426915487 0.018900821571489767 0.087323258467942519 0.028280578228378782
leaf_weight=127.42769777961075 23.459105432033539 57.048331081867218 17.51224231347442 3.9568631239235392 25.733507446944714 6.7733016535639754 106.37730774655938 25.807743461802602 8.3289403282105905 8.0866794101893884 33.323965806514025 4.4355132989585391 5.4828494992107153 28.144692746922374 7.4589859154075366 90.89634195715189 9.7945854999124986 11.293085508048536 13.542192239314316 6.7315874211490145 10.604162126779554 5.8339933138340703 6.2112915478646746 8.9117518886923772 9.453733868896963 14.474296540021895 10.945216950029133 104.57738228142262 4.8851158693432835 24.809011112898588
leaf_count=4473 645 1760 483 88 488 147 2938 584 203 167 454 99 122 692 183 2331 261 155 263 78 192 85 84 126 106 195 99 1656 42 324
internal_value=0.000248923 0.0081917 0.0172749 -0.00538163 0.0201097 -0.00516197 -0.0196938 0.00204068 0.0340701 0.0221699 0.0233533 -0.00120016 -0.0166681 -0.00359284 0.0288776 -0.00319009 0.0110922 0.0208401 0.0272233 0.0310364 0.0439471 0.0703163 0.0174321 0.0223375 0.0289924 0.0201669 0.0352859 0.0144253 0.0313087 0.0405225
internal_weight=822.321 588.516 347.162 241.355 323.703 24.2855 233.805 143.22 12.2858 299.417 291.33 130.934 98.1349 41.0865 12.9418 126.499 35.6023 258.006 127.695 114.153 57.4254 17.1271 56.7279 50.5166 41.6048 34.8732 20.399 130.311 40.2983 29.6941
internal_count=19523 12112 5789 6323 5144 630 7411 3566 291 4514 4347 3275 2757 997 305 3176 845 3893 1749 1486 798 240 688 604 478 400 205 2144 558 366
cat_boundaries=0 1
cat_threshold=57
is_linear=0
shrinkage=0.03


Tree=20
num_leaves=31
num_cat=1
split_feature=1 32 16 3 18 10 12 10 8 3 28 5 29 3 2 16 10 13 7 7 12 5 7 10 29 2 2 1 12 2
split_gain=118.085 65.482 31.6812 28.2745 28.1934 29.1412 20.373 22.6352 17.7868 17.6971 17.3374 27.4195 16.7063 16.3662 18.1693 12.4992 13.9898 17.7661 17.2355 37.3036 19.9433 12.3549 21.4889 17.5474 14.4402 11.7109 10.5695 10.2483 10.0786 9.90581
threshold=26.984601020812992 0 1.0861150026321413 115.08821868896486 0.81140595674514782 -0.39499999582767481 -0.30349999666213984 0.14500000327825549 -78.05251312255858 411.28997802734381 25.346193313598636 -0.91865202784538258 76.484970092773452 271.45259094238287 71.000835418701186 1.6537657380104067 0.080000001937150969 43.500000000000007 -27.671403884887692 32.307443618774421 0.092000000178813948 -0.78753387928009022 74.296375274658217 -0.4849999994039535 78.715969085693374 289.69863891601568 323.83238220214849 82.635818481445327 0.22699999809265139 174.94234466552737
decision_type=2 1 2 2 2 2 2 2 2 2 2 2 2 2 2 2 2 2 2 2 2 2 2 2 2 2 2 2 2 2
left_child=8 2 -2 -3 21 -6 7 -4 13 -8 11 -7 -11 14 -1 16 18 28 26 20 -20 22 23 -5 -25 27 -13 -26 -18 -23
right_child=1 3 6 4 5 10 9 -9 -10 12 -12 15 -14 -15 -16 -17 17 -19 19 -21 -22 29 -24 24 25 -27 -28 -29 -30 -31
leaf_value=-0.016267261832725331 -0.01282929299791862 -0.0095919126033824648 0.013427384971823286 0.053182602623795282 -0.014848002337486637 -0.021965460807943059 -0.025764793553831485 0.099455452929210944 -0.023267982013722193 -0.01460453260941778 0.0003145697956705273 -0.018644933388610362 0.058027107041132772 -0.012784724474960738 0.06995186929397311 0.062527430490202054 -0.017695050461070297 0.024682979176276921 0.086335392735143082 0.0089803902990903423 0.023193761797360903 0.012571940434773648 0.058361735602015075 -0.021351599214488343 0.00349906071509198 -0.019457517751436892 0.036548612004206608 0.068679471397053965 0.021326968833391038 0.037290299914759815
leaf_weight=3.1000029835850027 173.9509394466877 42.980179889127612 6.9305021055042761 4.3135453872382632 36.521586997434497 12.074624033644794 10.046078424900772 4.0165157616138458 179.32507634349167 4.395010154694317 58.143816571682692 7.9086493104696256 5.6846212483942509 16.883163515478373 4.6079889461398125 6.440206140279769 19.600238263607029 39.093388419598341 14.922354418784382 17.999035492539406 7.590655054897069 19.586596813052893 6.6112035475671282 19.25206790864468 4.1768426336348039 4.0143888890743256 3.8082772232592106 3.7916060239076614 7.4348221346735945 77.269919656217098
leaf_count=87 4969 1046 129 84 770 328 255 61 6244 104 1194 138 115 437 84 65 315 419 168 214 99 305 101 402 91 78 57 70 123 1009
internal_value=-0.000261195 0.00626859 -0.00747415 0.0129515 0.0159336 0.00945511 0.0196398 0.0506742 -0.0200025 0.00115962 0.014059 0.019853 0.0278978 0.00378889 0.0373902 0.0240416 0.0214411 0.0119918 0.0329551 0.0420247 0.0669379 0.0265793 0.0126046 0.00273078 -0.00567033 0.0192278 0.000757627 0.0387134 -0.00658579 0.0324712
internal_weight=822.474 618.558 205.024 413.534 370.554 231.538 31.0727 10.947 203.916 20.1257 195.016 136.872 10.0796 24.5912 7.70799 124.798 118.357 66.1284 52.229 40.512 22.513 139.016 42.1597 35.5485 31.2349 11.9828 11.7169 7.96845 27.0351 96.8565
internal_count=19561 12709 5633 7076 6030 3890 664 190 6852 474 3120 1926 219 608 171 1598 1533 857 676 481 267 2140 826 725 641 239 195 161 438 1314
cat_boundaries=0 1
cat_threshold=6
is_linear=0
shrinkage=0.03


Tree=21
num_leaves=31
num_cat=1
split_feature=3 32 0 9 12 24 12 11 18 5 20 14 10 18 8 29 18 12 18 28 0 3 5 12 12 6 12 10 28 10
split_gain=121.431 78.283 25.7609 20.3674 28.9852 26.811 35.8117 23.8572 20.0781 16.5813 16.8602 16.5326 19.3884 36.4275 16.9724 26.274 44.1572 48.0687 14.2799 13.5774 22.6091 15.3394 19.763 18.7621 21.1163 19.5923 13.4335 13.2567 12.7722 12.4658
threshold=70.753379821777358 0 12.908175468444826 46.998497009277351 -0.2145000025629997 1.0000000180025095e-35 -0.26350000500679011 86.500000000000014 2.1633379459381108 -0.98097097873687733 1.0000000180025095e-35 0.2950000017881394 0.31000000238418585 0.83518201112747203 7.3073477745056161 76.34873199462892 0.87207192182540905 0.028500000014901165 0.81021401286125194 25.346193313598636 157.67160797119143 332.30853271484381 1.0000000180025095e-35 -0.37800000607967371 -0.17249999940395352 -0.68784540891647328 -0.38449999690055842 -0.64500001072883595 23.15529823303223 0.24000000208616259
decision_type=2 1 2 2 2 2 2 2 2 2 2 2 2 2 2 2 2 2 2 2 2 2 2 2 2 2 2 2 2 2
left_child=-1 3 -3 4 5 6 7 -2 9 -4 19 12 14 -14 -6 -16 -17 -18 -9 21 27 22 -11 28 25 -25 -12 -21 -23 -27
right_child=1 2 8 -5 11 -7 -8 18 -10 10 26 -13 13 -15 15 16 17 -19 -20 20 -22 23 -24 24 -26 29 -28 -29 -30 -31
leaf_value=-0.023226657696561771 -0.015411230734453222 -0.0047477298135947185 -0.012492062375433328 -0.023062551828211198 -0.017584114601889939 0.070946975118787226 0.086279854812260415 -0.015040748302279866 -0.021692030451052422 0.046714605468350413 0.034067364955108564 -0.023598293900031542 0.10932870325936318 -0.01819144136359966 -0.017235914258126823 -0.025668428805174514 -0.0081922853744598716 0.14087702195915536 0.060855057215719446 0.041677799702878028 0.057739981623136552 -0.016409870345273438 0.0072036498838578987 0.0051964628152598247 0.017747991141510898 0.089162238768129495 -0.0038521039865397509 0.0021447822626483965 0.036470582275792633 0.033623530773910372
leaf_weight=162.3698469735682 29.232374573126435 59.544990040361881 14.9833946544677 61.982905505225062 43.380480907857418 6.0003797188401213 3.6061608325690022 2.7537159249186498 11.207760063931344 51.68484478071332 9.3935409784316999 51.282725112512708 2.8403723295778027 3.7393188755959272 11.972263108938934 4.6204183381050807 2.9427287168800831 4.2058185897767544 6.1524122525006533 7.5891520194709292 7.6630944870412341 17.753654735162858 15.058058604598044 6.9113602153956917 87.057384552434087 9.0257966592907923 43.241099987179041 69.877922222018242 4.2787940409034482 8.7423121370375139
leaf_count=5660 809 1445 388 1795 1294 108 98 72 242 576 149 1559 63 113 342 127 74 77 142 141 108 292 259 90 1193 83 721 1388 74 97
internal_value=-7.10905e-05 0.0056631 0.0131697 -0.00811067 -0.00311027 0.0165547 0.00725945 -0.00222585 0.0164623 0.0177306 0.0191021 -0.0106942 -0.00151964 0.0440187 -0.00656424 0.0134684 0.0436067 0.0860375 0.0382391 0.021969 0.0117288 0.0262369 0.0380384 0.0201101 0.0250623 0.0491679 0.00342427 0.00649947 -0.0050027 0.0650835
internal_weight=821.095 658.725 424.013 234.712 172.729 47.745 41.7447 38.1385 364.468 353.26 338.277 124.984 73.7014 6.57969 67.1217 23.7412 11.769 7.14855 8.90613 285.642 85.1302 200.512 66.7429 133.769 111.737 24.6795 52.6346 77.4671 22.0324 17.7681
internal_count=19579 13919 7246 6673 4878 1229 1121 1023 5801 5559 5171 3649 2090 176 1914 620 278 151 214 4301 1637 2664 835 1829 1463 270 870 1529 366 180
cat_boundaries=0 1
cat_threshold=6
is_linear=0
shrinkage=0.03


Tree=22
num_leaves=31
num_cat=1
split_feature=0 32 16 7 5 5 16 9 12 12 28 16 9 18 29 0 7 6 27 18 5 28 10 16 9 0 22 16 12 0
split_gain=111.133 47.3584 24.7797 21.5758 18.9903 25.9624 18.8771 20.8653 19.1029 18.0941 17.1163 16.802 20.5494 16.6234 13.336 13.0114 12.6403 14.7613 11.9145 28.0006 15.825 14.7626 14.7187 13.4812 16.4573 17.7939 11.5733 13.5997 21.5581 10.6004
threshold=10.97759008407593 0 -0.17407006770372388 -39.01965141296386 1.0000000180025095e-35 -0.49655652046203608 -0.074701867997646318 -15.214176654815672 0.035499999299645431 -0.37800000607967371 25.346193313598636 1.0861150026321413 5.5301179885864267 2.1117471456527714 76.836559295654311 75.872070312500014 -32.541711807250969 -0.80187052488327015 1.0000000180025095e-35 0.71188476681709301 -0.91865202784538258 25.763958930969242 -0.42000000178813929 0.070914063602685942 8.688052177429201 94.322036743164077 1.0000000180025095e-35 0.12726400047540667 0.15450000017881396 22.376626968383793
decision_type=2 1 2 2 2 2 2 2 2 2 2 2 2 2 2 2 2 2 2 2 2 2 2 2 2 2 2 2 2 2
left_child=3 4 14 -1 5 9 7 8 -4 -2 -9 15 29 26 -3 16 17 -8 20 -20 21 -11 -22 24 -24 -26 27 -7 -29 -13
right_child=1 2 6 -5 -6 13 11 10 -10 18 -12 12 -14 -15 -16 -17 -18 -19 19 -21 22 -23 23 -25 25 -27 -28 28 -30 -31
leaf_value=0.00053790210859522931 -0.014182373119291415 -0.022240658415698958 0.017587056589728527 -0.022187305128390043 -0.0027512854221185515 0.026242646431505871 -0.018641857311230029 -0.026580525388876817 0.11470454379285108 -0.025580023934682967 0.049506825974942777 0.068936276179904818 -0.0043137576418439969 -0.017755630591260074 -0.0025487969802089091 0.013024126815511263 -0.012492670195238274 0.053476674121499507 0.091311815108285427 0.0052442149783885729 -0.012120299615845797 0.036846365558931664 -0.014283504646819186 0.033784605915309684 0.049282676765583545 -0.0058293841841871802 0.0035729780278343504 0.062329068910808673 0.0061974865010520821 0.023040088069671959
leaf_weight=47.807240132242441 20.947299193590879 53.97555516846478 3.9116118513047722 174.3172991219908 39.44171773456037 52.289013225585222 3.7595622465014458 5.6708228699862939 3.3046817854046822 15.05690958350897 3.4342133291065693 5.8675504010170725 19.815822964534163 5.4253991954028598 71.514404065907001 33.167936867102981 80.583511028438807 4.9930779300630075 4.9293100778013459 8.2895104959607107 12.572662338614462 3.3929513841867438 15.600532677024601 40.531822293996811 11.213008012622597 8.9414564594626409 10.637565545737742 29.664067532867193 8.0014436878263933 19.162625323981047
leaf_count=1186 407 1758 84 6199 859 651 82 154 59 406 59 128 435 97 1657 702 2192 98 55 110 220 63 241 470 134 115 149 253 85 372
internal_value=0.000749735 0.00749924 -0.000872709 -0.0173157 0.0159672 0.0195919 0.00610874 0.0359301 0.0706094 0.0110577 0.00417711 0.00300417 0.0185006 0.0307706 -0.0111275 -0.00277258 -0.0087167 0.0237641 0.0155249 0.0415036 0.0119711 -0.0127956 0.0171986 0.0221249 0.0083478 0.0257126 0.0335368 0.0370019 0.0508735 0.036034
internal_weight=818.221 596.096 309.161 222.125 286.935 247.493 183.671 16.3213 7.21629 141.475 9.10504 167.35 44.846 106.017 125.49 122.504 89.3362 8.75264 120.528 13.2188 107.309 18.4499 88.8595 76.2868 35.755 20.1545 100.592 89.9545 37.6655 25.0302
internal_count=19480 12095 7780 7385 4315 3456 4365 356 143 2221 213 4009 935 1235 3415 3074 2372 180 1814 165 1649 469 1180 960 490 249 1138 989 338 500
cat_boundaries=0 1
cat_threshold=25
is_linear=0
shrinkage=0.03


Tree=23
num_leaves=31
num_cat=1
split_feature=0 32 18 5 2 9 7 5 28 17 11 23 7 14 14 14 18 7 9 12 17 10 12 13 28 7 14 5 4 10
split_gain=110.44 59.2816 18.8481 18.0718 17.7656 14.8779 18.374 13.1405 19.323 14.9285 16.6572 20.2309 15.9361 13.8124 12.3318 12.6488 12.6361 15.3231 12.6158 12.0433 12.1152 11.7745 24.5231 17.7065 22.908 15.568 14.5498 15.1924 16.4947 11.6369
threshold=10.97759008407593 0 2.1633379459381108 0.16665012389421466 39.24365425109864 14.399299144744875 26.7783317565918 -0.94917574524879444 25.503168106079105 -0.54624021053314198 71.000000000000014 1.0000000180025095e-35 1.4299843311309817 -0.42000000178813929 0.089999999850988402 1.0000000180025095e-35 0.66384869813919078 14.64401960372925 112.55723953247072 0.15450000017881396 0.40543007850646978 -0.11499999836087225 0.028500000014901165 53.500000000000007 25.658441543579105 -30.117835044860836 0.34499999880790716 -0.75976759195327748 1.0000000180025095e-35 -0.1950000002980232
decision_type=2 1 2 2 2 2 2 2 2 2 2 2 2 2 2 2 2 2 2 2 2 2 2 2 2 2 2 2 10 2
left_child=4 5 3 7 -1 6 -2 8 -3 13 11 14 -13 -9 15 16 17 -11 -16 20 -8 22 25 24 26 -12 27 -23 -29 -6
right_child=1 2 -4 -5 29 -7 19 9 -10 10 21 12 -14 -15 18 -17 -18 -19 -20 -21 -22 23 -24 -25 -26 -27 -28 28 -30 -31
leaf_value=-0.026990087746252552 -0.0060509293094884141 -0.024164604415869845 -0.022379041106639769 -0.0087622160694123957 -0.025294713085304611 -0.017293130050755737 0.047826876351862731 -0.020783142811916167 0.025230109919432041 0.044092232213624342 0.0071560764417518442 0.0082599578982065457 0.075427770913797335 0.011726544644265979 -0.021175446446226095 0.054610309196859948 -0.010530642420879772 -0.016763830851195073 0.020310201446746931 -0.023460299392443974 -0.01549805486459652 -0.017793334305627427 0.0097479892481599686 0.00209316361190744 -0.0091540038154735888 0.060003984999179374 0.04706578765881831 -0.0033300336478046077 0.047133621813382931 -0.0036232225368819887
leaf_weight=108.82250452786684 90.685854269191623 16.303506866097454 12.274171091616152 28.181270286440849 30.250295689329505 81.12984505109489 12.903631102293732 13.018112575635312 11.138429060578344 10.96288940310478 6.2861581370234481 6.39909530431032 5.9130485542118549 73.721390247344971 23.643088538199667 5.0670989118516436 17.040956811979413 4.7701502442359915 8.12035860493779 3.0110567156225434 2.8668158054351798 7.1968633644282844 19.549841336905956 33.364044841378927 12.260401980951427 31.306070007383823 37.972862139344215 8.7378810234367865 15.791573535650967 79.376099707558751
leaf_count=4204 2586 470 286 707 929 2377 264 279 224 146 84 100 70 1212 401 63 309 66 118 81 71 103 301 508 226 399 371 95 169 2259
internal_value=-0.000223042 0.00643193 0.0126833 0.0141405 -0.0184362 -0.00726264 -0.000396914 0.0159107 -0.00393358 0.0175139 0.0211722 0.00986585 0.0437609 0.00666613 0.00333536 0.0147288 0.0071285 0.0257419 -0.0102734 0.0258291 0.0360777 0.0264545 0.0376827 0.0206149 0.0280386 0.0515812 0.0346179 0.0187363 0.0297312 -0.00977785
internal_weight=818.065 599.616 409.019 396.745 218.449 190.597 109.467 368.564 27.4419 341.122 254.382 81.9167 12.3121 86.7395 69.6045 37.8411 32.774 15.733 31.7634 18.7815 15.7704 172.466 57.1421 115.324 81.9596 37.5922 69.6992 31.7263 24.5295 109.626
internal_count=19478 12086 6707 6421 7392 5379 3002 5714 694 5020 3529 1273 170 1491 1103 584 521 212 519 416 335 2256 784 1472 964 483 738 367 264 3188
cat_boundaries=0 1
cat_threshold=6
is_linear=0
shrinkage=0.03


Tree=24
num_leaves=31
num_cat=1
split_feature=3 32 5 16 12 14 12 18 16 9 12 12 5 16 18 13 18 3 4 16 28 18 14 16 11 6 28 0 1 17
split_gain=103.025 54.7561 30.5129 26.0362 31.905 34.0503 20.1943 16.7579 17.6082 15.3382 15.6607 27.6621 29.1085 15.5315 15.2086 15.0917 19.2803 32.386 14.029 13.7417 11.6851 10.8932 15.4522 13.7914 12.4663 12.4392 12.0333 13.445 13.3345 19.6533
threshold=68.04062652587892 0 -0.96105405688285817 0.49182637035846716 -0.41899999976158137 -1.0000000180025095e-35 -0.46099999547004694 2.1633379459381108 1.6537657380104067 11.040825843811037 0.056499999016523368 0.035499999299645431 -0.53371313214302052 0.32726836204528814 0.22964722663164142 52.500000000000007 0.82439422607421886 271.45259094238287 1.0000000180025095e-35 2.0463922023773198 25.763958930969242 0.80486598610878002 -0.45000000298023218 0.54131844639778148 76.500000000000014 -0.97789707779884327 25.658441543579105 127.95177841186525 173.02658843994143 -0.69458991289138783
decision_type=2 1 2 2 2 2 2 2 2 2 2 2 2 2 2 2 2 2 10 2 2 2 2 2 2 2 2 2 2 2
left_child=-1 3 20 9 5 6 -5 8 18 10 11 13 -13 15 -12 -2 -17 -18 -4 -6 -3 23 -23 -20 25 -24 27 28 29 -26
right_child=1 2 7 4 19 -7 -8 -9 -10 -11 14 12 -14 -15 -16 16 17 -19 21 -21 -22 22 24 -25 26 -27 -28 -29 -30 -31
leaf_value=-0.022202176423664042 -0.020039595161959425 -0.022377836061229728 0.022519036229154084 -0.026599674122563807 -0.006456537196423728 0.099885276403478815 0.057298596846726606 -0.019832713953987655 0.056151773035914766 -0.02494797088692154 0.032326762775403653 -0.0068126980560596316 0.12078307665098384 0.060194406703128964 -0.025487823721282426 -0.026517522371614779 -0.012756177595124403 0.08482008572857104 0.013607765541450299 0.048091974210361529 0.014702383891573068 -0.018032293086587631 0.024982125457608778 0.048816865358093244 -0.011289777994398261 -0.0071211394860197534 -0.0073946501687859731 -0.012726301635763429 0.060068488019384324 0.033036873393767985
leaf_weight=151.03738658316433 29.037350064143538 29.989519385620952 120.33395285904408 5.46741684898734 52.10592850856483 5.3453104440122834 3.3192587308585635 11.903262006118892 8.3142938576638681 63.480602040886879 3.7272393554449073 2.7581783644855022 2.5506744850426903 2.2913535311818114 37.234716266393661 5.7331064902246025 5.5930870026350004 5.2082982417196035 83.231102783232927 3.5112479440867892 9.3809749595820886 21.299744809046388 12.610034313052891 10.700923945754765 12.003683594986791 52.821587616577744 13.906226107850669 7.6278046630322924 9.1099551506340486 30.602300319820646
leaf_count=5589 899 891 1635 136 1402 76 35 267 97 2036 95 87 59 58 1215 167 167 133 1309 69 196 469 205 135 211 992 288 85 92 382
internal_value=6.87215e-05 0.0051819 0.011274 -0.00664382 0.0082451 0.0468715 0.0077101 0.0140492 0.0151523 -0.0136619 -0.00586878 0.00486198 0.0639194 -0.00286258 -0.0195821 -0.00725751 0.0150526 0.0374944 0.0140943 -0.00222416 -0.0133972 0.010029 0.00521251 0.0180908 0.00888616 -0.000651248 0.0172996 0.023113 0.0285402 0.0205759
internal_weight=812.237 661.199 433.835 227.364 69.7492 14.132 8.78668 394.465 382.562 157.615 94.134 53.172 5.30885 47.8632 40.962 45.5718 16.5345 10.8014 374.247 55.6172 39.3705 253.913 159.981 93.932 138.682 65.4316 73.25 59.3437 51.7159 42.606
internal_count=19477 13888 7254 6634 1718 247 171 6167 5900 4916 2880 1570 146 1424 1310 1366 467 300 5803 1471 1087 4168 2724 1444 2255 1197 1058 770 685 593
cat_boundaries=0 1
cat_threshold=6
is_linear=0
shrinkage=0.03


Tree=25
num_leaves=31
num_cat=1
split_feature=1 32 16 12 8 7 3 5 12 18 13 17 9 0 8 18 8 3 12 18 7 9 2 3 8 9 7 7 16 12
split_gain=104.819 46.0618 23.3212 44.8883 38.3307 31.1683 20.8382 22.6451 17.0528 17.5875 17.0349 18.9445 15.1647 14.9625 13.8275 14.819 13.4951 21.995 13.1581 11.6356 23.4858 11.8105 18.5206 11.6356 13.3655 11.4333 10.6493 12.7798 13.5562 18.82
threshold=22.974452972412113 0 0.32726836204528814 -0.41899999976158137 -10.879503250122069 40.599252700805671 115.08821868896486 -0.97269129753112782 0.64250001311302196 0.79567050933837902 47.500000000000007 -1.0289596915245054 -21.851166725158688 51.063535690307624 7.3073477745056161 0.87207192182540905 -100.79533386230467 382.43107604980474 0.15049999952316287 0.8178631365299226 15.947690010070803 23.070843696594242 168.41275787353518 335.66105651855474 -41.725002288818352 -118.77739334106444 -62.856004714965813 -33.22857475280761 -1.2127375602722166 -0.18749999999999997
decision_type=2 1 2 2 2 2 2 2 2 2 2 2 2 2 2 2 2 2 2 2 2 2 2 2 2 2 2 2 2 2
left_child=16 2 12 4 -4 -6 25 -8 9 -9 13 -12 14 23 -2 -16 17 -1 19 20 -5 22 -21 24 -11 -3 -13 -28 29 -29
right_child=1 6 3 18 5 -7 7 8 -10 10 11 26 -14 -15 15 -17 -18 -19 -20 21 -22 -23 -24 -25 -26 -27 27 28 -30 -31
leaf_value=0.059534752459600472 -0.0073171060324361921 0.04306068821538047 0.11623703066455636 -0.016038619873530349 -0.027563747721685728 0.060244429680211958 -0.016363908743900916 0.022958648336034254 0.066392208960175184 0.037567742428479656 -0.010226310241977628 0.058011365499764093 -0.022872065763473084 0.0094394283850877097 -0.013145993546880529 0.077174304038455738 -0.02293504740811466 -0.026157958536841084 -0.026446576441211556 -0.0053478418905374067 0.068100246707389483 -0.025311657343979499 0.057205314987673665 -0.025077973050794421 -0.015144230323196912 -0.012724769875442089 -0.0047630342069919984 0.09096917457051043 0.018452953668674731 0.010919474875447021
leaf_weight=3.9420723840594274 39.341817539185286 2.6165465656667939 4.2568654306232956 5.05756285227835 6.2797478940337879 6.4315477963536978 21.167754692956805 130.19790204614401 4.790955062955617 6.3321301005780688 19.729240227490664 5.8991342000663272 76.497326318174601 63.44983976893127 2.3938428889960042 2.8738224748522043 161.73000613600016 5.0433324612677097 18.418149391189218 19.673843294382099 5.3395097441971302 14.730592763051389 4.3897469434887162 26.727372858673334 9.6620951704680902 40.888092236593366 17.18428523093462 4.9917279370129108 76.63784097135067 5.2863039188086969
leaf_count=79 1191 48 71 154 134 99 572 1816 88 114 361 83 2471 967 69 70 6123 126 535 483 130 437 84 596 179 1058 275 54 931 85
internal_value=-0.000121991 0.00544481 -0.00615943 0.0055939 0.0477564 0.0180182 0.0108195 0.0132521 0.0149819 0.0141301 0.00918105 0.0164309 -0.0148506 0.000251986 -0.000895455 0.0405804 -0.0209421 0.0136343 -0.00552959 0.00267301 0.0293555 -0.00503605 0.0078904 -0.013297 0.00670712 -0.00847744 0.0212611 0.0186464 0.0232763 0.054416
internal_weight=811.961 641.246 205.684 84.5776 16.9682 12.7113 435.561 392.057 370.889 366.098 235.9 129.729 121.107 106.171 44.6095 5.26767 170.715 8.9854 67.6094 49.1913 10.3971 38.7942 24.0636 42.7216 15.9942 43.5046 109.999 104.1 86.9159 10.278
internal_count=19483 13155 5928 2127 304 233 7227 6121 5549 5461 3645 1789 3801 1856 1330 139 6328 205 1823 1288 284 1004 567 889 293 1106 1428 1345 1070 139
cat_boundaries=0 1
cat_threshold=6
is_linear=0
shrinkage=0.03


Tree=26
num_leaves=31
num_cat=1
split_feature=0 32 16 12 3 10 13 18 3 9 18 10 5 10 16 0 3 10 7 10 16 18 10 7 12 10 13 7 10 0
split_gain=99.2972 38.2307 23.7134 25.5581 22.5655 21.7069 20.9721 32.5257 19.855 16.4622 15.6605 11.9719 11.9049 12.5749 15.2579 32.9057 14.3232 11.5723 11.4536 11.3279 11.3129 16.3592 12.8249 11.2939 10.7335 10.0983 23.9915 11.9883 12.1222 12.3684
threshold=11.271425247192385 0 0.49182637035846716 -0.41899999976158137 70.753379821777358 0.34499999880790716 52.500000000000007 0.85377278923988353 209.121208190918 -95.571743011474595 1.1554906964302065 0.38499999046325689 -0.90013122558593739 -0.14499999582767484 -0.97123998403549183 3.0111782550811772 512.65859985351574 -0.50999999046325672 -60.398752212524407 -0.39499999582767481 -0.83375048637390126 1.0930942893028261 0.054999999701976783 43.389730453491218 -1.0000000180025095e-35 -0.1950000002980232 52.500000000000007 -21.194037437438961 0.59999999403953563 19.073967933654789
decision_type=2 1 2 2 2 2 2 2 2 2 2 2 2 2 2 2 2 2 2 2 2 2 2 2 2 2 2 2 2 2
left_child=8 2 9 5 -3 23 -5 -8 18 11 20 -2 -10 -14 15 -15 -16 -9 -1 -12 -6 -22 -23 -4 -18 26 -21 28 29 -27
right_child=1 4 3 6 10 -7 7 17 12 -11 19 -13 13 14 16 -17 24 -19 -20 25 21 22 -24 -25 -26 27 -28 -29 -30 -31
leaf_value=0.032677053633738094 0.050051820887604688 -0.015615723456994144 -0.02495048486873485 -0.012664027673587352 -0.01018054953132279 0.085359647783088466 0.097673928663221513 0.042336243334099549 -0.018516948312368314 -0.015523726267879625 -0.012385884543499519 -0.021943901385352405 -0.021608321778557028 0.11753006934332409 -0.00828256157484299 -0.021673792590956698 -0.0018412319986438766 -0.015884440671829567 -0.025638799503625027 0.00026189626041439232 0.01789533120410294 0.078909012656940891 0.017572490416004467 0.040403166619534289 0.061142550947231977 0.043929110820365498 0.061773636847864265 -0.0007626855562180377 0.053607188203848112 -0.0023871256536982062
leaf_weight=2.2868034094572058 5.2763503007590762 24.232396841049194 3.6807877663522941 35.831646043807268 11.113609490916131 5.5970712304115295 3.4186650011688462 3.4783725552260867 35.019179182127118 112.96583533659577 23.876343559473753 2.4110288918018341 11.701495010405777 2.4301227871328583 22.450660811737183 2.2803722638636827 4.1080634463578463 8.8065285049378854 126.76599633693695 12.773265065625312 211.16625113040209 6.5162802301347238 6.427965184673667 3.920842606574297 4.7833012212067825 6.1201900169253411 9.3276429865509254 75.422057569026947 6.8592436686158171 18.789417034015059
leaf_count=48 141 729 83 954 176 70 77 81 1113 3580 503 78 351 59 612 67 99 236 5052 228 3006 52 88 54 83 120 120 1189 89 296
internal_value=0.000556933 0.00681014 -0.00451023 0.00979907 0.0117205 0.0454375 -1.94606e-05 0.0278632 -0.0170457 -0.0125758 0.0137628 0.0275447 -0.00548397 0.0042572 0.0130089 0.0581464 0.00463697 0.00254622 -0.0243621 0.00624018 0.0186141 0.0200809 0.0518945 0.00953653 0.0347981 0.00974852 0.0277731 0.00580982 0.0209606 0.0102489
internal_weight=809.838 598.012 185.387 64.7339 412.625 13.1987 51.5352 15.7036 211.826 120.653 388.392 7.68738 82.7732 47.754 36.0525 4.7105 31.342 12.2849 129.053 153.168 235.224 224.11 12.9442 7.60163 8.89136 129.292 22.1009 107.191 31.7689 24.9096
internal_count=19434 11950 5354 1555 6596 207 1348 394 7484 3799 5867 219 2384 1271 920 126 794 317 5100 2545 3322 3146 140 137 182 2042 348 1694 505 416
cat_boundaries=0 1
cat_threshold=6
is_linear=0
shrinkage=0.03


Tree=27
num_leaves=31
num_cat=1
split_feature=0 32 16 2 16 2 5 3 2 2 16 29 17 14 12 17 26 28 17 12 14 10 8 5 2 17 8 12 12 16
split_gain=86.245 46.2471 26.5992 19.5082 17.3833 22.3292 15.014 30.8463 14.1973 12.7141 16.25 17.7006 18.0207 12.3417 12.4529 22.8485 26.9684 13.3301 16.417 12.2687 22.6247 16.2802 27.0464 13.1901 27.3584 16.2848 12.2606 12.2308 19.2242 17.772
threshold=10.97759008407593 0 -0.17407006770372388 42.127584457397468 -0.074701867997646318 97.370552062988295 1.0000000180025095e-35 346.77491760253912 308.92327880859381 191.13148498535159 -1.0082404613494871 77.084831237792983 -0.20425185561180112 1.0000000180025095e-35 -0.23350000381469724 -0.0023360013728961344 1.0000000180025095e-35 19.164343833923343 -0.24050971120595929 -0.23350000381469724 0.76499998569488536 -0.59000000357627858 6.7550752162933358 -0.63756072521209706 194.46482086181643 0.16916266083717349 75.326705932617202 -0.31749999523162836 -0.24849999696016309 -0.86933985352516163
decision_type=2 1 2 2 2 2 2 2 2 2 2 2 2 2 2 2 2 2 2 2 2 2 2 2 2 2 2 2 2 2
left_child=3 6 -3 -1 5 -4 7 9 -9 10 -2 -12 -13 -5 15 -15 -17 -16 -19 20 23 22 -21 24 25 -6 -7 -10 -29 -30
right_child=1 2 4 13 19 26 -8 8 27 -11 11 12 -14 14 17 16 -18 18 -20 21 -22 -23 -24 -25 -26 -27 -28 28 29 -31
leaf_value=-0.026594896022783518 -0.023296771258698237 -0.013837591420485774 0.075293589781844736 -0.020173916395483257 0.012541003154581213 -0.011083612668198356 -0.0031816846062637295 -0.00031918183881829296 -0.0031229940036450166 0.046763343485071045 0.010244739809236807 0.086768326381384764 0.016911984545172131 -0.01779907817300673 -0.025049130768655194 0.090133290435595745 -0.021781194438875929 0.036482565375802974 -0.0095691512769583605 -0.023012162326828643 0.06738885625705468 -0.0094266377348448793 0.053402318816816903 -0.01061419227410974 -0.0060343034963083724 0.083229432588688548 0.050995902873935114 0.063559672030893369 -0.01912074491318904 0.021999358354829527
leaf_weight=100.26639060862362 5.6668514758348456 122.75338655151427 5.722744137048724 43.081440903246403 5.7721583563834447 9.3171115703880769 39.893563849851489 73.691093843430281 22.32458333298564 32.754063215106726 20.898025533184409 6.4788314867764711 7.0727069713175279 5.8631509337574244 19.59415852651 5.1759191770106536 2.3418022468686104 9.5970952380448598 19.494760364294052 6.295033795759081 5.010068640112876 95.803570318967104 9.1987174507230502 23.520783022046089 16.370118796825409 5.9894811306148767 2.9837112314999095 7.9727075174450865 10.109110878780482 70.902882186695933
leaf_count=4234 93 3442 108 1353 123 220 863 1249 345 303 225 77 71 183 689 131 72 238 474 161 78 2454 194 598 339 87 54 73 147 812
internal_value=-0.000426786 0.00526614 -0.00296072 -0.0171796 0.00409553 0.031276 0.0134272 0.0165177 0.0099087 0.032935 0.0207818 0.0284853 0.0539772 -0.00803554 0.000576145 0.0251521 0.0568071 -0.0065486 0.00633034 0.00101098 0.0122538 -0.00477101 0.0228426 0.00572765 0.0192863 0.0522394 0.00667644 0.0166225 0.0215559 0.0166976
internal_weight=811.916 606.501 308.737 205.415 185.983 18.0236 297.764 257.871 185 72.8705 40.1164 34.4496 13.5515 105.148 62.0669 13.3809 7.51772 48.686 29.0919 167.96 56.6626 111.297 15.4938 51.6525 28.1318 11.7616 12.3008 111.309 88.9847 81.012
internal_count=19490 12116 7858 7374 4416 382 4258 3395 2626 769 466 373 148 3140 1787 386 203 1401 712 4034 1225 2809 355 1147 549 210 274 1377 1032 959
cat_boundaries=0 1
cat_threshold=25
is_linear=0
shrinkage=0.03


Tree=28
num_leaves=31
num_cat=1
split_feature=3 31 4 5 3 16 12 14 14 29 5 4 14 22 18 5 29 2 18 16 17 8 3 16 16 29 0 13 3 16
split_gain=85.652 41.9297 18.5177 19.2327 17.9345 17.6025 17.7066 20.1853 18.8456 21.5694 18.6879 16.1115 14.5911 14.4862 12.2901 12.0738 10.9963 10.0327 17.1544 29.1559 13.895 14.6268 15.6453 10.084 9.3543 8.68539 14.9307 8.16789 8.08736 12.8311
threshold=68.04062652587892 0 1.5000000000000002 -0.83753159642219532 528.52374267578136 0.49182637035846716 -0.30349999666213984 0.064999999478459372 -0.095000002533197389 76.34873199462892 -0.96105405688285817 19.500000000000004 -0.56999999284744252 1.0000000180025095e-35 1.1554906964302065 -0.70125329494476307 86.164299011230483 119.70293045043947 0.32234686613082891 -0.061227450147271149 -0.53963491320610035 -35.836700439453118 245.23506927490237 -0.10135374218225478 0.61092832684516918 81.26676177978517 76.744964599609389 57.500000000000007 8.1995434761047381 1.1360246539115908
decision_type=2 1 10 2 2 2 2 2 2 2 2 8 2 2 2 2 2 2 2 2 2 2 2 2 2 2 2 2 2 2
left_child=28 5 13 16 11 17 7 10 9 -8 -7 -5 -11 14 -3 25 -4 18 19 -2 21 -20 -23 -24 -17 26 -6 -15 -1 -30
right_child=1 2 3 4 15 6 8 -9 -10 12 -12 -13 -14 27 -16 24 -18 -19 20 -21 -22 22 23 -25 -26 -27 -28 -29 29 -31
leaf_value=-0.028311526177028631 0.1051861197236354 0.024479970650105477 -0.013420534192523686 0.00024641399474809088 0.054166475567457774 0.043463054703199819 -0.014347850453595653 0.064429789061358364 -0.021239146817370328 -0.0002229435996645603 -0.024394887385068384 0.053763010648524366 0.072664656913054695 -0.01907912286979193 0.0088818818584926653 -0.0028579268284475924 0.02964412274436716 -0.020576334896925313 -0.019345777081552093 -0.016825537619591765 -0.022413121475714611 -0.0065203319342567101 0.08129317155143731 0.0077800104117015162 0.042313486978325376 -0.0017762686063756577 0.0053056114083420546 0.020256103905416538 -0.018315639713206898 0.021209464361935475
leaf_weight=73.985386848449707 2.2983138188719749 115.54425872676075 62.383018674328923 123.97057897411287 19.589689340442423 5.2797452174127111 9.6534493546932953 7.3090989440679541 26.478663254529238 3.8591988794505596 7.7517582941800365 4.2789247315376988 5.8458858821541053 15.058469040319325 77.295848926529288 20.239962063729767 4.8891785591840735 76.908004362136126 9.440834656357767 3.2873998750001183 30.759198328480124 6.3812273908406478 4.0538114048540592 2.8617397584021091 4.148550357669591 5.0375591106712809 8.0683856606483442 5.8212066777050486 58.61477661691606 7.5892192386090747
leaf_count=3235 59 1470 1613 2148 238 69 260 105 799 98 203 90 100 259 1183 306 95 2579 340 101 1073 205 96 71 52 97 80 80 2139 226
internal_value=-0.000245434 0.00423295 0.00906837 0.00373951 0.00871778 -0.0070115 0.0052798 0.0278714 -0.00512641 0.0168733 0.00423609 0.00243409 0.0463677 0.0157424 0.0183059 0.0225502 -0.00990234 -0.0134996 -0.00409858 0.0417265 -0.00956115 0.00803664 0.0274717 0.0556986 0.00618984 0.034208 0.0405953 -0.00768798 -0.0214794 -0.0135365
internal_weight=808.683 668.494 466.326 252.606 185.334 202.168 66.1778 20.3406 45.8372 19.3585 13.0315 128.25 9.70508 213.72 192.84 57.0841 67.2722 135.991 59.0825 5.58571 53.4968 22.7376 13.2968 6.91555 24.3885 32.6956 27.6581 20.8797 140.189 66.204
internal_count=19469 13869 7711 4719 3011 6158 1634 377 1257 458 272 2238 198 2992 2653 773 1708 4524 1945 160 1785 712 372 167 358 415 318 339 5600 2365
cat_boundaries=0 1
cat_threshold=4
is_linear=0
shrinkage=0.03


Tree=29
num_leaves=31
num_cat=1
split_feature=0 32 16 3 12 3 13 18 3 4 8 9 13 17 11 8 8 0 14 6 12 3 6 14 9 9 8 3 12 14
split_gain=92.1796 35.1369 22.0882 20.749 20.7053 18.6641 15.4638 23.3325 14.8881 14.6055 13.739 13.3005 12.5265 11.0504 10.6564 13.8825 11.5188 10.8071 9.51256 10.9235 12.6221 17.8157 14.5624 9.20487 9.18861 9.12077 15.6533 11.6992 8.98454 8.77377
threshold=10.97759008407593 0 0.49182637035846716 121.44297790527345 -0.41899999976158137 209.121208190918 52.500000000000007 0.85377278923988353 285.29481506347662 1.0000000180025095e-35 52.142036437988288 -95.571743011474595 47.500000000000007 0.81215649843215953 78.500000000000014 -43.018526077270501 77.626277923583999 38.416564941406257 1.0000000180025095e-35 -0.4337597787380218 -0.2145000025629997 652.92187500000011 -0.80187052488327015 0.064999999478459372 -118.77739334106444 219.51387023925784 112.42757034301759 871.23690795898449 -0.00450000021373853 -0.3299999982118606
decision_type=2 1 2 2 2 2 2 2 2 10 2 2 2 2 2 2 2 2 2 2 2 2 2 2 2 2 2 2 2 2
left_child=5 2 11 24 10 -1 -6 -8 14 25 23 12 -2 -9 15 28 17 -16 -7 20 22 -22 -20 -4 -3 26 27 -10 -5 -17
right_child=1 3 4 8 6 18 7 13 9 -11 -12 -13 -14 -15 16 29 -18 -19 19 -21 21 -23 -24 -25 -26 -27 -28 -29 -30 -31
leaf_value=-0.024949831794198133 -0.017496967569733651 0.033681948268960087 0.021229679516279774 0.013048112339601094 -0.011814180161937873 -0.018434115125316938 0.07764345893643243 -0.018511545603688419 0.022072281260943329 0.0048265607005293807 0.0016091362310008633 -0.015689968192153864 0.051747752949342786 0.035239271823768722 0.012710723906911659 0.032752982521104104 -0.0034085429045605763 0.049067918244629305 -0.0065351445386490062 -0.014622206887109922 -0.0090840186274973381 0.06139427983050557 0.077929633913151414 0.084505052145587622 -0.011243742465833021 -0.0028046716503933476 0.051763312071489785 -0.008117750560598172 0.068207807736918466 -0.0057324005014177098
leaf_weight=117.5243833437562 3.4685946125537148 3.529564816504716 4.5860632304102165 6.187016062438488 35.767910830676556 32.248673183843493 3.9429879747331169 8.5449863076210004 64.507394617423415 183.34183608740568 6.0546012204140416 108.52096561342478 4.414796270430088 4.3847161885350934 10.883853755891321 5.6842719987034824 6.269929200410842 29.151718560606241 2.6965236309915781 19.240647016093135 19.115045370534066 2.8465303853154174 3.9352834951132563 4.8373590968549252 45.019608581438661 14.872372578829525 13.066549649462102 13.480167891830204 4.614379230886696 25.411113824695349
leaf_count=4972 103 55 78 82 972 1008 79 238 823 2855 96 3561 116 98 170 78 93 338 77 646 507 41 86 50 1169 202 162 241 59 362
internal_value=0.000375723 0.00614213 -0.00475988 0.0107246 0.0084738 -0.0173819 -0.000699675 0.0222044 0.0133477 0.00999662 0.0378218 -0.0129157 0.0227409 0.000937639 0.0241026 0.0126875 0.0339444 0.0397347 -0.00610483 0.00241459 0.0139855 0.00232691 0.0472296 0.0587021 -0.00736376 0.0188163 0.0223399 0.0168172 0.0403953 0.00210406
internal_weight=808.15 610.543 184.523 426.02 68.1186 197.607 52.6406 16.8727 377.471 289.268 15.478 116.404 7.88339 12.9297 88.2023 41.8968 46.3055 40.0356 80.0827 47.834 28.5934 21.9616 6.63181 9.42342 48.5492 105.926 91.0541 77.9876 10.8014 31.0954
internal_count=19417 12080 5391 6689 1611 7337 1387 415 5465 4283 224 3780 219 336 1182 581 601 508 2365 1357 711 548 163 128 1224 1428 1226 1064 141 440
cat_boundaries=0 1
cat_threshold=6
is_linear=0
shrinkage=0.03


Tree=30
num_leaves=31
num_cat=1
split_feature=2 32 18 4 9 0 6 28 10 29 12 12 17 14 11 28 6 0 9 17 11 28 10 0 17 12 6 7 9 13
split_gain=82.6994 48.7359 21.8809 17.9903 17.3057 20.2549 14.6206 15.1809 13.6608 13.2186 12.6132 23.5222 16.313 31.4176 31.6881 14.0287 11.0453 10.0387 17.1984 9.817 9.46076 11.0788 9.43068 25.2014 18.8797 12.2021 13.1563 10.2663 9.36956 9.36792
threshold=64.190715789794936 0 2.1633379459381108 1.0000000180025095e-35 43.580894470214851 78.766536712646499 -0.54638096690177906 25.346193313598636 -0.42000000178813929 86.164299011230483 0.078999999910593047 0.035499999299645431 0.63405978679656994 0.32500000298023229 81.500000000000014 18.767070770263675 -0.14772953093051908 55.060956954956062 -60.603517532348626 -0.48386885225772852 73.500000000000014 26.609252929687504 -0.1950000002980232 71.985900878906264 -0.15866540372371671 -0.1105000004172325 -0.99113067984580983 18.179292678833011 219.51387023925784 32.500000000000007
decision_type=2 1 2 10 2 2 2 2 2 2 2 2 2 2 2 2 2 2 2 2 2 2 2 2 2 2 2 2 2 2
left_child=-1 4 3 28 5 10 7 8 -5 17 11 12 29 -14 -15 -13 -6 -8 -19 -7 21 -9 23 24 -10 -24 -27 -28 -3 -2
right_child=1 2 -4 6 16 19 9 20 22 -11 -12 15 13 14 -16 -17 -18 18 -20 -21 -22 -23 25 -25 -26 26 27 -29 -30 -31
leaf_value=-0.019308331600415955 0.030975900076054774 0.023219602667281285 -0.027004920671551975 -0.010324893832927928 -0.024980651948536527 -0.0070013606670461586 -0.016806523147906816 0.0028779909421584615 0.0093104806943042871 0.037647352641580804 -0.018104573882433282 0.08014777715820226 -0.010602437294598754 -0.0068314365034514686 0.12128944183300215 -0.0011758829738402626 0.019162977149066306 0.056866275305190582 -0.0065289574715575007 0.04003650486261412 -0.0097764778949845713 0.051415564919594092 0.0028898831176385103 -0.004453866979272544 0.078603635670113525 -0.0047474762330174313 0.036321192972195757 0.010278134642796201 -0.0015688225614854756 -0.01552482028525347
leaf_weight=155.11972244270146 3.2965772021561852 125.37539844959974 12.613198839128016 15.517498657107351 53.699566774070263 5.2133197896182564 42.577336965128779 19.80445367470384 5.5235637594014451 5.0673841685056678 47.726146645843983 4.0906896926462641 10.649700967594983 2.7501496300101271 3.2888936195522547 3.0089484322816133 4.8987739235162726 4.0531978756189373 15.518178636208175 13.011492552235721 41.291918648406863 4.429906526580452 46.715666612610221 9.1506492123007757 10.581152509897947 13.087555436417459 42.44220757111907 21.3402404114604 15.258357586339114 50.6102060303092
leaf_count=6296 77 1635 296 286 1773 135 1154 392 92 94 1574 96 309 84 48 82 118 62 302 241 815 88 650 104 88 197 456 207 209 1527
internal_value=0.000309023 0.00499443 0.0103527 0.0117242 -0.0070899 -0.00178704 0.00749728 0.0110852 0.0159279 -0.00475625 -0.00613787 0.00134961 -0.0041495 0.0209774 0.0702622 0.0497915 -0.0210307 -0.0087551 0.00872621 0.0269168 -0.00111849 0.0134363 0.0187155 0.0352632 0.0567714 0.015078 0.0223527 0.0279009 0.020538 -0.0121688
internal_weight=807.712 652.592 450.348 437.735 202.244 143.646 297.101 229.885 164.359 67.2161 125.421 77.6952 70.5955 16.6887 6.03904 7.09964 58.5983 62.1487 19.5714 18.2248 65.5263 24.2344 148.841 25.2554 16.1047 123.586 76.87 63.7824 140.634 53.9068
internal_count=19487 13191 7127 6831 6064 4173 4987 3375 2080 1612 3797 2223 2045 441 132 178 1891 1518 364 376 1295 480 1794 284 180 1510 860 663 1844 1604
cat_boundaries=0 1
cat_threshold=6
is_linear=0
shrinkage=0.03


Tree=31
num_leaves=31
num_cat=2
split_feature=0 32 16 16 3 12 3 14 12 5 5 32 10 7 16 10 14 16 3 16 9 12 29 17 6 10 7 13 10 28
split_gain=88.4812 27.2669 24.9718 41.9606 19.5112 18.6 16.872 15.3826 16.3576 19.5921 14.9791 14.0085 29.4642 13.8841 13.8419 13.7585 19.407 14.7639 18.2651 14.531 16.1744 12.3317 12.2315 11.359 9.70057 9.67744 9.31883 13.2674 9.27223 10.0663
threshold=10.97759008407593 0 -0.10931500047445296 -0.074701867997646318 76.26718902587892 0.15049999952316287 209.121208190918 0.064999999478459372 -0.2145000025629997 -0.90013122558593739 -0.98097097873687733 1 0.2950000017881394 -60.398752212524407 0.32726836204528814 0.14500000327825549 0.12999999895691874 0.50235500931739818 105.04207992553712 1.3759199976921084 5.5301179885864267 0.64250001311302196 86.164299011230483 -0.77695557475090016 -0.97789707779884327 0.25499999523162847 35.867965698242195 50.500000000000007 -0.87499999999999989 25.658441543579105
decision_type=2 1 2 2 2 2 2 2 2 2 2 1 2 2 2 2 2 2 2 2 2 2 2 2 2 2 2 2 2 2
left_child=6 2 -2 -4 -3 14 13 -8 9 -9 22 -10 -13 -1 -5 19 -17 -18 -19 26 -21 23 -6 24 -12 -11 -16 -28 -25 -30
right_child=1 4 3 5 10 -7 7 8 11 25 21 12 -14 -15 15 16 17 18 -20 20 -22 -23 -24 28 -26 -27 27 -29 29 -31
leaf_value=0.035663860234192768 -0.017198967782354337 -0.014195492529956621 0.082416220710156404 -0.014231975855196314 -0.026954398141787544 -0.021491872606561088 -0.020840163016458798 -0.023145330072853781 -0.015060151088477755 0.01621365318037583 0.021607724869382283 0.095147937424492485 -0.0031251224432768819 -0.02567516185119308 -0.019346106355674266 0.079873553951439538 0.063178986329115172 0.04096186442700963 -0.020892021544922573 0.05893903362694166 -0.017745152350789946 0.056170027707857131 0.035686570810102076 0.047477948587807732 -0.0063128454568325701 0.087464626133274659 -0.016620683120362849 0.047555831334824057 0.01679352393511949 0.0032588723424584231
leaf_weight=2.5829332098364821 71.011774642392993 25.697916358709335 5.0311464350670567 18.713198646903038 13.427157510071991 24.258864846080542 34.207747127860785 2.9732375461608171 23.396835304796696 3.4455582331866008 13.886345654726027 3.0256187412887803 8.4473487418144924 112.04389977641404 19.244985157623891 4.8664381671696928 3.7239456679672029 5.9289167970418957 10.322933034971355 6.1934829633682948 3.1979632452130318 5.1044913046061984 2.5708989091217509 6.9160702601075164 44.224741045385599 4.0214826893061399 5.1934620849788171 4.6361251268535852 255.26888819783926 61.968538951128721
leaf_count=53 2465 801 94 611 388 777 1087 103 759 91 209 70 189 4997 543 76 90 122 258 94 64 87 43 111 786 75 134 82 3118 1106
internal_value=0.000920077 0.00652469 -0.00324679 0.00543888 0.010506 0.00106063 -0.0166726 -0.00594816 0.0055021 0.0366529 0.0123707 -0.00458649 0.0157302 -0.0239965 0.00790934 0.0145736 0.03151 0.0164817 0.00273955 0.0031144 0.0336318 0.0135535 -0.0153807 0.0128393 0.000611785 0.0603848 -0.00753363 0.0152444 0.0150228 0.0141682
internal_weight=805.533 611.388 182.323 111.311 429.065 106.28 194.145 79.5178 45.3101 10.4403 403.367 34.8698 11.473 114.627 82.0215 63.3083 24.8422 19.9758 16.2518 38.466 9.39145 387.369 15.9981 382.265 58.1111 7.46704 29.0746 9.82959 324.153 317.237
internal_count=19483 12059 5410 2945 6649 2851 7424 2374 1287 269 5848 1018 259 5050 2074 1463 546 470 380 917 158 5417 431 5330 995 166 759 216 4335 4224
cat_boundaries=0 1 2
cat_threshold=6 52
is_linear=0
shrinkage=0.03


Tree=32
num_leaves=31
num_cat=1
split_feature=3 32 9 12 14 10 18 8 29 18 16 14 13 28 17 4 3 8 2 10 14 11 18 16 12 4 3 28 18 22
split_gain=82.0019 34.8674 23.5005 22.5151 20.2992 28.5652 28.3754 23.6023 37.3289 34.1627 19.756 18.3148 18.1756 19.8747 15.4204 13.7382 12.3939 20.966 14.0827 13.4516 17.5409 14.8884 16.4739 12.2313 12.3831 19.646 13.7105 12.5946 11.1579 14.0608
threshold=68.04062652587892 0 17.971662521362308 -0.2145000025629997 0.2950000017881394 0.31000000238418585 0.83518201112747203 7.8863990306854257 76.151096343994155 0.93928709626197826 0.32726836204528814 -0.10500000044703482 52.500000000000007 18.63957500457764 0.39910650253295904 1.0000000180025095e-35 320.57951354980474 -73.826641082763658 556.54824829101574 0.080000001937150969 -0.6599999964237212 83.500000000000014 1.4547299742698672 0.6894190013408662 0.1670000031590462 104.50000000000001 19.849283218383793 20.863806724548343 1.2107300162315371 1.0000000180025095e-35
decision_type=2 1 2 2 2 2 2 2 2 2 2 2 2 2 2 10 2 2 2 2 2 2 2 2 2 8 2 2 2 2
left_child=23 2 3 10 5 7 -7 -5 -9 -10 12 -12 -2 -14 -13 28 17 -17 -18 20 -19 -22 -23 -1 26 -26 -25 -28 29 -3
right_child=1 15 -4 4 -6 6 -8 8 9 -11 11 14 13 -15 -16 16 18 19 -20 -21 21 22 -24 24 25 -27 27 -29 -30 -31
leaf_value=-0.025241504197674583 -0.017263352121366888 0.027381603105791748 -0.01766911664936462 -0.016204204171265606 -0.021742242556385811 0.10446454260074095 -0.013954764665206251 -0.027039061619410779 -0.016803810991965134 0.095047397912038589 -0.0020019737519975933 0.021338607205326855 0.077640844346728508 -0.0040200026851246011 0.095748651922129571 0.044060312124947168 0.00045734374482585987 -0.018081944344032343 0.03189047985729758 -0.0032337861103865543 0.01640142914192122 0.013332648551545848 0.09442453611229383 -0.028672328223831305 -0.009340524831738712 0.099859204295894954 0.05331050372440975 -0.017886358846200368 0.0055904049172600763 -0.0077507578089224295
leaf_weight=102.77170170284808 14.355721097439529 87.849365392699838 79.08033356256783 33.434099461883307 38.22082463093102 3.8239969667047253 2.5858389120548964 6.4702509716153171 3.2087403871119005 6.7556879185140133 4.9376452527940282 5.0528202094137633 3.9620908144861442 5.636452779173851 5.9625944010913372 17.572309771552682 201.94219625554979 7.7884522695094338 12.700323566794394 42.281781448051333 23.996240977197886 4.3288082797080261 4.7639997564256191 14.17425361834467 3.2104599382728329 1.5330636855214832 3.5915870610624543 3.6266896203160286 47.572183383628726 11.15383894369006
leaf_count=4525 476 1031 2604 1130 1340 63 89 192 86 120 102 77 101 152 69 259 3618 162 152 707 337 79 53 654 115 71 85 117 700 175
internal_value=0.00121179 0.00540287 -0.00458783 0.00284358 -0.00515587 0.00629147 0.061256 -0.00183867 0.0266392 0.0607816 0.021449 0.0462413 0.0037465 0.0338332 0.0662331 0.00990509 0.0065569 0.0151842 0.00245649 0.00863135 0.0206882 0.0300766 0.0609652 -0.0206207 -0.00219023 0.0371935 -0.0121941 0.0197152 0.0176871 0.0233856
internal_weight=804.344 675.437 213.487 134.407 94.4994 56.2786 6.40984 49.8688 16.4347 9.96443 39.9073 15.9531 23.9543 9.59854 11.0154 461.95 315.374 100.732 214.643 83.1593 40.8775 33.089 9.09281 128.908 26.1361 4.74352 21.3925 7.21828 146.575 99.0032
internal_count=19441 13874 6601 3997 3020 1680 152 1528 398 206 977 248 729 253 146 7273 5367 1597 3770 1338 631 469 132 5567 1042 186 856 202 1906 1206
cat_boundaries=0 1
cat_threshold=6
is_linear=0
shrinkage=0.03


Tree=33
num_leaves=31
num_cat=1
split_feature=1 32 16 12 9 18 29 17 10 5 12 18 5 4 5 16 29 12 5 14 18 14 7 18 1 29 16 16 5 14
split_gain=66.8594 28.2888 19.6149 14.6739 15.8445 13.9032 13.6081 14.5225 22.2884 26.7232 28.1861 23.5937 17.7011 14.5122 14.0293 12.8139 12.638 12.3759 13.2149 15.4587 16.0192 12.9884 12.2479 12.1261 11.381 11.3549 11.8205 19.053 10.9709 10.267
threshold=21.895506858825687 0 -0.17407006770372388 0.1970000043511391 102.32808303833009 2.1768919229507451 75.655178070068374 -0.37786428630352015 -0.33500000834465021 -0.34091138839721674 -0.50149999558925618 0.91491127014160167 -0.63756072521209706 3.5000000000000004 -0.04725049436092376 -0.074701867997646318 76.978988647460952 0.64250001311302196 -0.83753159642219532 -0.60500001907348622 0.79567050933837902 -0.42000000178813929 -45.618173599243157 0.73923268914222728 4.6847224235534677 86.164299011230483 0.940181463956833 0.97266927361488353 0.16665012389421466 -0.27499999105930323
decision_type=2 1 2 2 2 2 2 2 2 2 2 2 2 8 2 2 2 2 2 2 2 2 2 2 2 2 2 2 2 2
left_child=22 5 -3 4 6 17 -4 8 -8 11 -11 13 -9 -10 -14 -5 -16 18 19 20 -2 23 24 -20 -1 26 -21 -28 29 -23
right_child=1 2 3 15 -6 -7 7 12 9 10 -12 -13 14 -15 16 -17 -18 -19 21 25 -22 28 -24 -25 -26 -27 27 -29 -30 -31
leaf_value=0.051957992160761725 0.059445222693374905 -0.013217216049015523 -0.012150495371991562 0.035145759219636218 -0.017554961317108268 -0.025381394556550967 -0.025648763735129716 0.023770227606846189 0.11896683360926048 0.07627909571826566 -0.027383282225091989 0.02173043761658728 -0.018031610588231436 0.030718772859207825 -0.0051701720667285149 -0.019179303077584035 0.060348580855875744 0.052043477316871659 0.016799905813986184 -0.024017790523078498 -0.005192230971361682 0.030554970869645617 -0.021149344807686366 -0.015849637720852638 -0.0073968405109679381 0.024253817804306681 0.065941856454926978 -0.01584688409925843 -0.0070481384100984385 0.013679280332828885
leaf_weight=2.9569207187741986 5.5679709278047067 107.52778182551265 17.417886175215244 3.4750355742871752 18.393946824595332 9.055568400770424 4.4027831219136742 32.048202611505985 6.1339606568217357 2.2853022813796997 7.3917948789894528 8.015451252460478 25.74044743925333 3.3579187281429776 5.9291069619357568 33.906744489446282 3.5913904774934053 5.3965942822396746 15.743750777095554 33.966054970398545 6.9623008333146572 38.92445464245975 130.47177972272038 25.413234144449234 10.24727515876293 6.4984018877148619 2.8798612579703313 6.7443147674202919 18.662101155146956 203.34030430391431
leaf_count=71 103 3365 480 69 477 224 113 634 103 31 233 180 637 78 182 1001 98 90 210 755 157 424 5853 519 259 113 29 168 461 2414
internal_value=9.64225e-05 0.0041463 -0.00311587 0.00305569 0.00767174 0.00933255 0.0117767 0.0160703 0.03255 0.0425515 0.00194856 0.0636766 0.0079733 0.093651 -0.0066439 -0.0133451 0.0229323 0.0104995 0.00974415 -0.0027622 0.0258008 0.0123372 -0.0183731 -0.00325798 0.00861713 -0.0102727 -0.0158484 0.0125301 0.0148001 0.0165051
internal_weight=802.449 658.773 279.618 172.09 134.708 379.155 116.314 98.8964 31.5872 27.1844 9.6771 17.5073 67.3091 9.49188 35.2609 37.3818 9.5205 370.099 364.703 62.6189 12.5303 302.084 143.676 41.157 13.2042 50.0886 43.5902 9.62418 260.927 242.265
internal_count=19531 13348 7681 4316 3246 5667 2769 2289 738 625 264 361 1551 181 917 1070 280 5443 5353 1325 260 4028 6183 729 330 1065 952 197 3299 2838
cat_boundaries=0 1
cat_threshold=89
is_linear=0
shrinkage=0.03


Tree=34
num_leaves=31
num_cat=1
split_feature=0 32 2 16 4 6 29 14 12 28 12 10 16 8 29 12 12 10 12 2 17 17 5 16 14 16 17 17 16 17
split_gain=75.8484 27.3126 20.0558 9.72649 12.4233 10.5658 18.4693 16.796 8.72565 8.85918 9.53076 8.70894 10.9089 10.4994 16.1707 10.207 8.24766 13.1143 12.0257 17.2504 13.2307 12.1328 28.7407 11.5362 10.6001 17.3545 11.4223 10.6379 9.74236 15.1265
threshold=11.271425247192385 0 42.127584457397468 -0.17407006770372388 27.500000000000004 -0.97606927156448353 76.836559295654311 -0.11999999731779097 0.32000000774860388 24.994574546813968 0.54000002145767223 -0.31000000238418574 0.34925197064876562 -71.038375854492173 77.084831237792983 -0.14199999719858167 -0.31749999523162836 -0.42000000178813929 -0.37100000679492945 275.49830627441412 1.4287149906158449 -0.14036395400762555 -0.34091138839721674 -0.12991999834775922 -0.79499998688697804 -0.51828125119209278 -0.18673217296600339 0.28963282704353338 0.49182637035846716 -0.54624021053314198
decision_type=2 1 2 2 10 2 2 2 2 2 2 2 2 2 2 2 2 2 2 2 2 2 2 2 2 2 2 2 2 2
left_child=2 8 -1 5 -5 6 -3 -8 16 10 -10 -4 -13 14 -14 -15 18 24 19 20 21 22 -2 -21 25 -18 -27 -28 -19 -30
right_child=1 3 11 4 -6 -7 7 -9 9 -11 -12 12 13 15 -16 -17 17 28 -20 23 -22 -23 -24 -25 -26 26 27 -29 29 -31
leaf_value=-0.026240524553105209 0.054090248556143188 -0.018770054014619439 -0.02297888538990165 0.00029829874924289349 0.046810029444918959 -0.018263434368833643 0.061655112021727555 -0.0040290447179631428 -0.0064994467148549668 -0.021122944909481623 0.022318783515553341 -0.0090860772526714893 0.088496010406429598 0.030646055957840829 -0.0026143405001187734 -0.014275801049139185 -0.020522059684016339 0.013910083845751394 -0.02584344940816764 0.01204095837053209 0.064640758182216929 -0.0062830161230801856 -0.017525482229742557 -0.023069450199478987 -0.010954413531523051 -0.0056760789725468445 0.073933463309352854 0.014135141673741311 -0.0090350996958568717 0.033596183058796282
leaf_weight=87.792727030813694 12.960286015644666 13.950333939865233 21.767085703089833 134.32926696538925 4.3757630456238976 55.2963090185076 6.0783327426761389 6.71054516173899 22.297987092286348 13.033827846869825 17.714134300127625 55.942534303292632 2.7384218182414797 6.2087045479565903 3.1967620998620987 11.372740719467398 7.2338321115821627 140.84037615917623 9.5656550768762809 14.215871965512632 4.60050363279879 14.832325313240291 7.2790555730462083 18.101752787828445 27.542972300201654 4.6692964155226955 5.7254679314792121 5.4151692576706409 8.184265570715068 56.548446822911501
leaf_count=4325 163 530 789 3375 131 1846 132 172 297 249 234 1751 55 150 78 358 161 1960 216 190 45 267 139 294 559 75 69 75 160 615
internal_value=0.00073812 0.00587424 -0.0158214 -0.0026384 0.00209018 -0.0108801 0.00449655 0.0293968 0.0104774 -0.000558471 0.00649205 -0.00661665 -0.00190448 0.0148532 0.0461219 0.00238343 0.0125167 0.0151561 0.00414341 0.00842739 0.0214537 0.0141537 0.0287213 -0.00772724 0.00143623 0.0160857 0.03306 0.0484255 0.0185089 0.0281508
internal_weight=800.521 611.502 189.019 220.741 138.705 82.0355 26.7392 12.7889 390.761 53.0459 40.0121 101.226 79.4592 23.5166 5.93518 17.5814 337.715 256.16 81.5555 71.9898 39.6722 35.0717 20.2393 32.3176 50.5867 23.0438 15.8099 11.1406 205.573 64.7327
internal_count=19460 11954 7506 6186 3506 2680 834 304 5768 780 531 3181 2392 641 133 508 4988 3674 1314 1098 614 569 302 484 939 380 219 144 2735 775
cat_boundaries=0 1
cat_threshold=57
is_linear=0
shrinkage=0.03


Tree=35
num_leaves=31
num_cat=1
split_feature=0 32 9 16 18 2 14 10 16 18 0 29 12 18 16 18 16 18 10 9 2 18 16 16 18 16 12 11 17 14
split_gain=68.8207 27.2584 20.3114 18.2363 21.7555 15.1029 13.7501 15.7994 21.0693 13.8941 18.8183 17.8025 17.8659 10.5297 11.3868 10.8748 10.1194 13.6459 11.3818 9.91353 9.72805 8.13806 12.9478 8.78346 14.2061 7.98045 7.58734 10.5467 7.05605 10.443
threshold=10.97759008407593 0 17.971662521362308 1.0861150026321413 1.5812261104583742 39.24365425109864 0.37500000000000006 0.31000000238418585 -0.087023615837097154 0.83518201112747203 25.164292335510257 76.151096343994155 0.15450000017881396 2.1633379459381108 1.6537657380104067 1.1554906964302065 -0.83375048637390126 1.0930942893028261 0.054999999701976783 -23.28602313995361 161.03313446044925 0.33102445304393774 -0.01200395869091153 0.41872498393058782 0.81063601374626171 -1.0082404613494871 0.37450000643730169 71.000000000000014 -0.61042499542236317 -0.27499999105930323
decision_type=2 1 2 2 2 2 2 2 2 2 2 2 2 2 2 2 2 2 2 2 2 2 2 2 2 2 2 2 2 2
left_child=5 2 3 6 19 26 7 9 -9 -2 -11 -12 28 14 15 16 -3 -18 -19 -5 -6 22 -7 -23 -25 -8 -1 -28 -13 -30
right_child=1 13 -4 4 20 21 25 8 -10 10 11 12 -14 -15 -16 -17 17 18 -20 -21 -22 23 -24 24 -26 -27 27 -29 29 -31
leaf_value=-0.027598288424369292 -0.02117033532323782 -0.012970730174352475 -0.017838915192183415 0.075373806352599548 -0.024366481957697798 0.055702649596929325 0.024258870203909027 -0.016869926806892522 0.072558786055306163 -0.020875570213668971 -0.012468370302846877 0.078950174901873421 -0.016209309152640218 -0.018864204586331271 0.038325101796873602 0.0023893454476369975 0.011975783978551124 0.06509367975412135 0.010901662073832807 0.020475734970402004 0.031807061248364715 -0.016038349794452955 -0.017545107435248331 0.039490731282052959 -0.0088729222066924168 -0.027216298041488111 0.051037841618537021 -0.02332371702294872 0.061676361277752632 -0.014413558497661993
leaf_weight=78.71623750589788 20.340971630066633 12.644889464601873 68.839507270604372 6.2058402076363564 7.4139700382947904 3.4768013805150986 2.2787217684090164 3.3214304130524397 5.2139991857111436 11.042129527777432 7.0098166782408979 6.5987397730350459 3.1076491456478825 11.026991449296473 11.257655568420885 150.86974720843136 242.09380017407238 7.373711755499242 6.8018421251326799 6.782096993178131 3.1653137691318989 66.840392731130123 3.5119036007672539 6.5141103472560671 19.163963919505477 22.933213662356138 1.9452632777392853 3.1816977318376303 2.2365044374018908 2.650035200640561
leaf_count=4008 655 192 2283 98 173 83 84 114 79 407 222 159 98 277 135 2517 3386 57 97 102 47 2264 112 129 596 784 91 155 59 77
internal_value=0.00011223 0.00488207 -0.00490418 0.00281562 0.0256416 -0.0159873 -0.00360825 0.00408297 0.0396393 -0.00227292 0.00978128 0.0256817 0.0436317 0.0087628 0.00971441 0.00885788 0.0124646 0.0137652 0.0415226 0.0502201 -0.00626398 -0.00795979 0.0213061 -0.0103747 0.00441653 -0.0218158 -0.0253084 0.00861555 0.0598247 0.0249732
internal_weight=804.559 621.209 179.14 110.3 23.5672 183.35 86.7332 61.5213 8.53543 52.9858 32.6449 21.6027 14.5929 442.069 431.042 419.784 268.914 256.269 14.1756 12.9879 10.5793 99.5072 6.9887 92.5185 25.6781 25.2119 83.8432 5.12696 11.4853 4.88654
internal_count=19540 12102 5441 3158 420 7438 2738 1870 193 1677 1022 615 393 6661 6384 6249 3732 3540 154 200 220 3184 195 2989 725 868 4254 246 295 136
cat_boundaries=0 1
cat_threshold=6
is_linear=0
shrinkage=0.03


Tree=36
num_leaves=31
num_cat=1
split_feature=1 4 32 8 16 9 12 14 5 11 5 7 18 1 23 5 18 20 5 16 12 2 29 18 7 13 28 28 16 1
split_gain=63.8347 35.457 21.5166 21.4816 21.2138 21.1106 23.5662 28.6516 15.6276 17.3526 15.1244 12.6742 11.6177 11.2443 14.1514 10.6475 13.9323 22.499 13.0394 14.5491 12.0577 11.5513 11.0759 10.6225 25.2078 12.5932 15.8221 13.5136 14.8435 12.104
threshold=15.98741674423218 1.0000000180025095e-35 0 -100.79533386230467 -0.44829782843589777 -21.851166725158688 -0.19049999862909314 0.35999999940395361 -0.75976759195327748 63.500000000000007 -0.94917574524879444 22.24563026428223 2.1633379459381108 89.056610107421889 1.0000000180025095e-35 -0.78753387928009022 0.80486598610878002 1.0000000180025095e-35 1.0000000180025095e-35 0.070914063602685942 0.64250001311302196 214.57081604003909 86.164299011230483 1.7864649891853335 47.784276962280281 52.500000000000007 22.987782478332523 22.87558746337891 -0.34565572440624232 222.762565612793
decision_type=2 8 1 2 2 2 2 2 2 2 2 2 2 2 2 2 2 2 2 2 2 2 2 2 2 2 2 2 2 2
left_child=3 13 12 4 -1 6 7 10 -8 -10 -4 -11 15 -2 23 20 17 18 19 21 22 -17 -3 25 -25 26 -15 -27 -29 -28
right_child=1 2 5 -5 -6 -7 8 -9 9 11 -12 -13 -14 14 -16 16 -18 -19 -20 -21 -22 -23 -24 24 -26 27 29 28 -30 -31
leaf_value=0.082034971092701275 0.0031714311647611138 -0.011585476905881088 0.043737995712385631 -0.022622147998798227 -0.022747269527192766 -0.014557787464716367 -0.024969551467431229 0.065433004605880293 0.061077858469335118 -0.0066045859990676173 -0.012988281516795134 0.057794127595334262 -0.0277779543844229 -0.0084243214652448533 0.041632471247134928 -0.013725246185806351 0.0046307971789182351 -0.017134945221171819 -0.0070790723365777644 0.051771613814263449 0.045160072456861142 0.029272774832290127 0.028870627670401786 0.068211013450896751 -0.0097318448259201672 0.04330202760897213 0.0068429971338036981 0.038284241948017071 -0.010919051477220833 0.044144754254468489
leaf_weight=2.6952955964952707 53.001512710005045 51.921588266268373 4.9681807756423977 107.05576633661985 2.641257517039775 129.15341244824231 23.320658665150404 9.7575211785733682 3.501797502860426 33.100221188738942 13.572634268552067 1.9923683293163765 7.8156730122864237 39.091248774901032 21.189137358218431 6.839349418878558 122.54221895895898 10.791075181216 7.6148669626563779 22.579389091581106 3.2796812541782847 21.397078949958086 5.9204973950982085 8.7607433144003135 5.6867083664983502 18.845389505848289 25.251059707254171 8.0332855582237261 13.367727136239408 10.666322322562335
leaf_count=55 1168 1115 115 5182 67 3925 718 201 75 1065 371 35 213 641 276 91 1867 181 187 204 61 224 100 137 105 247 391 94 175 137
internal_value=0.00123666 0.00468668 0.000227064 -0.0196145 0.0347689 -0.00652732 0.00428739 0.0264745 -0.00611288 0.00562412 0.00367246 -0.0014484 0.00593634 0.0151345 0.0192881 0.00731744 0.0107792 0.0214427 0.0287358 0.0341357 -0.00354227 0.0187447 -0.00702427 0.0153472 0.0388877 0.0120872 0.00469554 0.0254155 0.00843491 0.0188161
internal_weight=796.354 683.961 480.068 112.392 5.33655 219.367 90.2134 28.2983 61.915 38.5944 18.5408 35.0926 260.701 203.893 150.892 252.886 191.764 69.2218 58.4307 50.8158 61.1218 28.2364 57.8421 129.702 14.4475 115.255 75.0086 40.2464 21.401 35.9174
internal_count=19423 14119 10748 5304 122 6505 2580 687 1893 1175 486 1100 4243 3371 2203 4030 2754 887 706 519 1276 315 1215 1927 242 1685 1169 516 269 528
cat_boundaries=0 1
cat_threshold=89
is_linear=0
shrinkage=0.03


Tree=37
num_leaves=31
num_cat=1
split_feature=3 32 9 14 14 16 3 17 10 10 14 10 18 16 9 16 10 10 1 18 1 26 13 18 1 9 17 4 3 16
split_gain=72.2284 28.8323 19.3613 16.8118 22.7678 18.2411 19.3721 19.2333 24.9762 21.3258 19.705 16.7652 15.0377 13.7913 18.3432 12.512 12.3527 16.8706 20.4124 12.0585 16.6479 14.8227 11.5715 11.0203 19.8125 31.6376 12.5336 15.3808 10.9582 15.0332
threshold=115.08821868896486 0 39.059240341186531 0.38499999046325689 -0.56999999284744252 -0.17407006770372388 241.60495758056643 -0.79671478271484364 0.31000000238418585 0.53000000119209301 -0.45000000298023218 -0.4849999994039535 2.1768919229507451 0.6894190013408662 -84.579589843749986 0.13955352455377582 1.1600000262260439 1.0349999666213991 109.75578689575197 0.80486598610878002 87.265239715576186 1.0000000180025095e-35 47.500000000000007 0.5171303153038026 59.097501754760749 -79.928268432617173 -0.52211499214172352 1.5000000000000002 253.42891693115237 -0.11646045744419097
decision_type=2 1 2 2 2 2 2 2 2 2 2 2 2 2 2 2 2 2 2 2 2 2 2 2 2 2 2 10 2 2
left_child=13 2 3 4 -2 11 -7 15 10 -10 -9 -6 16 -1 -15 -8 17 19 -19 21 -21 23 -22 28 25 -25 -26 -28 -3 -30
right_child=1 12 -4 -5 5 6 7 8 9 -11 -12 -13 -14 14 -16 -17 -18 18 -20 20 22 -23 -24 24 26 -27 27 -29 29 -31
leaf_value=-0.022638543336739963 -0.025532583509537615 -0.020721798635749022 -0.020407414409918532 -0.016962576059108486 0.057821133145882719 -0.0125656985128078 0.11262915063146749 0.051531845912052718 0.097350200250143973 0.0096556867666228244 -0.0072727090536281874 -0.012957867246040981 -0.025985144217497452 0.064964820050295385 -0.0080340719839610969 0.026408856924356735 -0.019034699384227194 0.064287464851825238 -0.0036446670312507614 -0.0066544676398201481 0.0012284703379856169 -0.011903466585486848 0.016254575818297569 0.10833188214260105 -0.0095520302210647806 0.013250043718015766 0.039092278109607234 0.0063261054725455802 0.033353450898538015 -0.00018420472628224868
leaf_weight=126.57289336435497 15.455370504409073 8.6100329570472223 55.346523474901915 35.298404447734356 2.375799914821985 10.369188725948332 3.1249033510684958 5.6785568408667997 5.1746223736554366 4.5972827207297087 21.318272756412632 27.479214441031218 10.145278856158255 2.4148772656917563 32.425702938809991 3.678417744114995 12.462028969079254 9.8827448263764364 6.1154718324542037 75.719831421971321 79.944124484434724 14.841657364740966 108.60222472622991 5.4031103476881981 10.801821580156682 6.8319645710289461 29.623080911114812 23.051750445738435 20.345163393765688 27.535533314570785
leaf_count=5481 519 121 1928 1218 71 337 41 74 61 74 594 1029 247 49 1195 96 243 102 73 1559 1194 224 1368 102 162 128 305 321 263 373
internal_value=-0.000200506 0.00432874 -0.00536257 0.000535336 0.00686552 0.0130717 0.0233388 0.0319735 0.0221609 0.0608199 0.00649517 -0.005634 0.00835561 -0.0180697 -0.00130293 0.07537 0.00939456 0.0102662 0.039633 0.00903058 0.0051663 0.0158936 0.00992356 0.0190802 0.0265146 0.0602516 0.0191782 0.025138 0.00882823 0.0144572
internal_weight=801.226 639.812 189.897 134.55 99.2516 83.7963 53.9412 43.5721 36.7687 9.77191 26.9968 29.855 449.916 161.413 34.8406 6.80332 439.771 427.309 15.9982 411.31 264.266 147.044 188.546 132.202 75.7117 12.2351 63.4767 52.6748 56.4907 47.8807
internal_count=19552 12827 6042 4114 2896 2377 1277 940 803 135 668 1100 6785 6725 1244 137 6538 6295 175 6120 4121 1999 2562 1775 1018 230 788 626 757 636
cat_boundaries=0 1
cat_threshold=6
is_linear=0
shrinkage=0.03


Tree=38
num_leaves=31
num_cat=1
split_feature=2 32 9 5 12 5 4 0 16 18 12 18 17 16 4 0 18 17 10 5 29 4 12 10 4 5 12 12 10 7
split_gain=55.2567 25.044 21.7672 16.8692 16.2447 23.8161 21.5832 27.5056 14.1247 14.0655 12.6421 17.4674 16.2497 15.0783 17.3611 12.5407 12.5377 12.5076 16.7331 12.0288 17.0515 14.9609 15.7805 14.86 12.7345 12.151 11.2064 11.2778 11.6597 11.2441
threshold=46.468376159667976 0 43.580894470214851 -0.34091138839721674 -0.2145000025629997 -0.8126716911792754 25.500000000000004 22.376626968383793 0.6894190013408662 2.1768919229507451 -0.26350000500679011 0.7603900432586671 0.69031909108161937 -0.17407006770372388 3.5000000000000004 68.292369842529311 1.5973798632621767 -0.52211499214172352 -0.50999999046325672 -0.98097097873687733 86.164299011230483 19.500000000000004 0.64250001311302196 0.19500000029802325 1.5000000000000002 -0.83753159642219532 0.32000000774860388 0.26600000262260443 0.37500000000000006 -19.212480545043942
decision_type=2 1 2 2 2 2 8 2 2 2 2 2 2 2 10 2 2 2 2 2 2 10 2 2 10 2 2 2 2 2
left_child=8 2 3 4 10 -6 7 -7 -1 19 11 -2 13 -13 -15 -5 -10 -9 -19 20 -3 22 24 -23 26 -26 27 28 -21 -30
right_child=1 9 -4 15 5 6 -8 17 16 -11 -12 12 -14 14 -16 -17 -18 18 -20 21 -22 23 -24 -25 25 -27 -28 -29 29 -31
leaf_value=-0.025737699629600663 -0.021416016491571124 -0.02382769346124233 -0.022244782207339695 -0.01984749461920363 -0.020924114649730981 -0.023283050450634012 0.088091123745322755 0.065780197448574967 0.018409768586497764 -0.024310607410131194 0.066042411621726568 -0.0016790880544337505 -0.024663556962343274 0.02116146742982614 0.088440920900390879 0.023622055983519366 -0.02713270309161963 0.053559452313683351 -0.0095686543276053068 0.016773274332538141 0.044775254533444761 -0.00017935230661196986 0.049493620289656204 0.075818483984699619 -0.013591355475921378 0.005009258580669633 -0.0077386882170740866 0.052440538215118883 0.028483825516737307 -0.0094354850217857854
leaf_weight=84.827292885631323 8.1254556123167259 19.74911244399846 53.73351282812655 44.58213241584599 31.50356275215745 14.697757951915262 2.2510435283184043 5.0988132674247053 13.600157126784326 11.936962766572831 4.2379725556820622 6.1958664283156422 3.8391146622598162 8.3730266727507132 6.1139025148004285 6.0151586197316638 7.6742119845002881 4.8867551684379587 9.8903060499578679 148.39929318614304 2.9209221825003615 3.8417157065123302 7.0115625634789458 4.8110107779502869 37.185401597991586 182.82693812064826 22.431483399122953 5.8700276631861916 7.937498200684785 32.143524304032326
leaf_count=4323 225 616 1921 1629 1074 544 55 103 584 317 93 213 122 122 77 152 376 100 276 1811 46 105 109 89 852 2815 295 58 80 389
internal_value=-0.000250112 0.00283045 -0.00569902 -0.000250948 0.00658699 -0.00211955 0.0140956 0.00693703 -0.0203131 0.00648797 0.0223456 0.0148791 0.0272736 0.037607 0.0534326 -0.014322 0.00150086 0.0293289 0.0133793 0.00744744 -0.0134703 0.00852291 0.00770015 0.0455533 0.00691775 0.0018182 0.0120612 0.0143743 0.0129183 -0.00141552
internal_weight=802.711 696.61 209.544 155.811 105.214 68.3282 36.8247 34.5736 106.102 487.065 36.8853 32.6474 24.5219 20.6828 14.4869 50.5973 21.2744 19.8759 14.7771 475.128 22.67 452.458 443.806 8.65273 436.794 220.012 216.782 194.35 188.48 40.081
internal_count=19571 14288 6706 4785 3004 2152 1078 1023 5283 7582 852 759 534 412 199 1781 960 479 376 7265 662 6603 6409 194 6300 3667 2633 2338 2280 469
cat_boundaries=0 1
cat_threshold=6
is_linear=0
shrinkage=0.03


Tree=39
num_leaves=31
num_cat=1
split_feature=3 32 16 12 6 5 4 9 8 10 6 14 16 17 14 4 2 14 16 16 1 12 29 8 10 17 17 6 3 14
split_gain=60.6748 28.0062 18.8815 17.6579 19.3729 17.5877 17.2372 15.8375 14.1411 13.6026 12.2939 11.8242 11.2486 14.882 16.7603 11.2428 12.5733 11.0958 10.4583 20.2991 10.259 9.5521 9.34973 9.11173 10.4703 9.68812 8.99206 8.60541 19.0632 18.7522
threshold=70.753379821777358 0 0.49182637035846716 -0.30349999666213984 -0.54638096690177906 -0.98902499675750721 3.5000000000000004 -21.851166725158688 -49.706783294677727 0.47500000894069677 -0.97789707779884327 -0.99500000476837147 2.0463922023773198 -0.14889999479055402 0.18500000238418582 1.0000000180025095e-35 556.54824829101574 -0.53999999165534962 1.1360246539115908 1.2922363281250002 9.0528583526611346 0.54000002145767223 76.013408660888686 66.289947509765639 1.1600000262260439 -0.54624021053314198 0.29685099422931677 -0.61626377701759327 281.44459533691412 0.28000000119209295
decision_type=2 1 2 2 2 2 10 2 2 2 2 2 2 2 2 10 2 2 2 2 2 2 2 2 2 2 2 2 2 2
left_child=11 2 7 4 10 -3 -6 8 -2 17 -4 20 13 14 22 -7 23 -10 21 -20 -1 -13 -5 24 25 -17 -18 28 -19 -30
right_child=1 5 3 12 6 15 -8 -9 9 -11 -12 18 -14 -15 -16 16 26 27 19 -21 -22 -23 -24 -25 -26 -27 -28 -29 29 -31
leaf_value=-0.0192618752041533 -0.022662172540699892 -0.023437579703772714 0.04165023053813624 -0.0082074018966476654 0.017867466465899668 0.015682613049564458 0.087429353593885817 -0.021526615873423867 -0.025018814526410017 -0.02697177965844209 -0.021690300345163564 -0.025614953729857982 0.045490592115324975 -0.022239031867020996 -0.020251147428980647 -0.0025180360785263607 0.052420090071746091 0.0097556524795465883 0.058680177268482299 -0.019018488873448234 0.065678086953132375 0.031363610802391341 0.051619827951312383 -0.0082285288019996548 -0.027869854876079365 0.011112978809248993 0.0028657058445096337 0.0013401011689119248 0.017098631677739454 0.11304981033258489
leaf_weight=1.705821227282285 17.339031517505646 14.605582365766166 2.9720982499420634 2.9043231196701544 7.8322398364543897 151.40965279377997 5.349386190995574 72.843524839729071 4.1925008054822674 6.9366482533514491 8.0374611541628855 99.793531926348805 2.8282848000526419 26.071911785751581 7.4659783355891696 62.838639684021473 7.6450197584927064 12.204293273389341 3.3219739310443392 9.1286708340048772 1.8039004895836113 1.9089991878718127 7.5316032338887453 43.380791027098894 6.7631472591310731 180.63906019181013 5.5223682727664709 10.930122859776022 3.9003399647772303 3.3509752452373505
leaf_count=96 687 456 29 81 130 1823 51 2785 150 271 197 4921 50 820 250 1239 82 432 94 400 67 83 146 634 154 2723 63 305 106 71
internal_value=0.000425133 0.00389536 -0.00532244 0.00682499 0.0270867 0.00779767 0.0502716 -0.0122739 -0.00065339 0.00885559 -0.00254684 -0.0193621 -0.00399548 -0.00811902 0.0125336 0.00901201 0.00567961 0.0165989 -0.0210989 0.00453377 0.029278 -0.0242505 0.0357081 0.00433185 0.00653335 0.00759907 0.0333063 0.0229553 0.0344396 0.0697666
internal_weight=793.158 675.495 202.691 70.9933 24.1912 472.804 13.1816 131.697 58.8539 41.5149 11.0096 117.663 46.8021 43.9738 17.9019 458.199 306.789 34.5782 114.153 12.4506 3.50972 101.703 10.4359 293.622 250.241 243.478 13.1674 30.3857 19.4556 7.25132
internal_count=19396 13735 6561 1754 407 7174 181 4807 2022 1335 226 5661 1347 1297 477 6718 4895 1064 5498 494 163 5004 227 4750 4116 3962 145 914 609 177
cat_boundaries=0 1
cat_threshold=6
is_linear=0
shrinkage=0.03


Tree=40
num_leaves=31
num_cat=1
split_feature=1 32 16 9 4 16 2 8 8 10 7 14 16 16 8 10 3 5 8 9 10 5 3 8 16 16 5 13 4 9
split_gain=57.8188 21.8822 18.5806 12.8573 11.5817 12.6622 14.1584 12.8757 10.8695 10.7912 10.6218 10.2612 9.89201 19.4505 16.1735 9.62344 10.4672 18.0812 9.45291 22.4271 24.4126 8.87714 13.4711 11.3358 9.9062 9.72365 10.1585 8.23923 14.0799 12.7918
threshold=15.495090484619142 0 0.49182637035846716 -21.851166725158688 1.5000000000000002 0.40636359155178076 556.54824829101574 -69.950656890869126 -73.826641082763658 0.47500000894069677 -34.936653137207024 0.10999999940395357 -0.074701867997646318 -0.17407006770372388 4.522860288619996 0.11499999836087228 285.29481506347662 -0.85957497358322132 -20.772079467773434 -44.092308044433587 0.34499999880790716 0.081451712176203742 300.95053100585943 -64.398101806640611 -0.69018000364303578 -0.11646045744419097 -0.73172146081924427 48.500000000000007 2.5000000000000004 1.9187189936637881
decision_type=2 1 2 2 8 2 2 2 2 2 2 2 2 2 2 2 2 2 2 2 2 2 2 2 2 2 2 2 8 2
left_child=8 2 3 9 21 6 -6 11 10 12 -1 -7 13 14 15 -2 -17 -18 19 -4 -21 22 -3 -24 -25 26 -26 29 -29 -20
right_child=1 4 18 -5 5 7 -8 -9 -10 -11 -12 -13 -14 -15 -16 16 17 -19 27 20 -22 -23 23 24 25 -27 -28 28 -30 -31
leaf_value=-0.0088615055755594026 -0.028223918226406505 0.025741716056741085 -0.013638105509132054 -0.019503480222490516 -0.0039622301184325699 0.0051102322102377492 0.033311817399556576 0.0063561894725157842 -0.02446586420995071 -0.027918544190342166 0.051333012124865615 0.055459597881172204 -0.014713577162718691 0.055044712834521399 0.051678569501213543 -0.013304027792268015 -0.019869022214981512 0.091936883549718726 0.010774904334671966 -0.00018338577147828346 0.088251212946850441 -0.0072373218012064889 -0.015900102642724373 -0.0052331252344455298 0.047183260080540967 0.0093831581874642585 0.013836387659886056 0.031337739337736058 -0.012874639441029906 -0.02635169713247271
leaf_weight=12.362540582194923 10.683632280677562 58.81415156647563 7.4352666679769781 75.678902577608824 165.52438726089895 6.1083583757281295 8.7091147601604444 63.977861363440752 87.260746784508228 9.4553455393761379 2.291587619110941 8.9130538031458837 13.685656590387223 7.1693613659590509 3.7072102930396786 5.8960742279887182 1.8154434338212015 1.9280805401504038 14.9279343765229 4.7875712011009437 5.7850663270801306 19.557520270347595 14.168691655620931 25.840477555990219 14.069331791251896 84.791027357801795 20.847658257931471 14.849981980398299 10.228732846677302 16.820209231227636
leaf_count=368 414 685 215 2977 3229 105 91 1115 4731 371 83 96 443 123 100 236 72 48 340 140 73 400 187 370 164 1048 221 272 293 506
internal_value=0.00050004 0.00359794 -0.00454904 -0.011592 0.00694839 0.00260679 -0.00191961 0.012489 -0.0204909 -0.000420657 0.00322949 0.0365823 0.00585411 0.0150528 0.00139897 -0.00976611 0.0114208 0.0449578 0.00707926 0.0253941 0.0516502 0.0118266 0.0135579 0.00893906 0.0114491 0.0150637 0.0282126 0.000936692 0.0135028 -0.00909886
internal_weight=798.091 696.176 204.854 130.02 491.322 253.233 174.234 78.9993 101.915 54.3408 14.6541 15.0214 44.8855 31.1998 24.0304 20.3232 9.6396 3.74352 74.8348 18.0079 10.5726 238.089 218.531 159.717 145.548 119.708 34.917 56.8269 25.0787 31.7481
internal_count=19516 14334 6623 4784 7711 4636 3320 1316 5182 1807 451 201 1436 993 870 770 356 120 1839 428 213 3075 2675 1990 1803 1433 385 1411 565 846
cat_boundaries=0 1
cat_threshold=6
is_linear=0
shrinkage=0.03


Tree=41
num_leaves=31
num_cat=1
split_feature=2 29 32 12 14 4 10 12 11 2 10 2 5 2 18 10 18 6 8 14 14 13 18 14 29 14 11 14 5 6
split_gain=56.5186 25.2418 14.3779 16.4606 27.4961 13.8371 12.7828 12.7155 12.4921 11.6488 11.8306 17.2875 11.5592 14.1099 28.3911 15.7468 10.9308 12.7464 10.5013 8.89585 9.65219 10.0561 8.39852 8.49068 11.1851 9.61812 8.37346 13.5244 24.3423 12.5974
threshold=24.145714759826664 75.522090911865249 0 -0.23350000381469724 0.76499998569488536 1.5000000000000002 -0.24499999731779096 0.37450000643730169 71.000000000000014 96.19669342041017 -0.49500000476837153 152.43484497070315 -0.88134551048278797 194.46482086181643 1.0548399686813357 0.25499999523162847 0.22964722663164142 -0.68784540891647328 -14.805606365203856 0.49499998986721044 0.35999999940395361 47.500000000000007 2.1768919229507451 -0.62499999999999989 77.084831237792983 -1.0349999666213987 76.500000000000014 0.12999999895691874 -0.17521348595619199 -0.9563411772251128
decision_type=2 2 1 2 2 10 2 2 2 2 2 2 2 2 2 2 2 2 2 2 2 2 2 2 2 2 2 2 2 2
left_child=7 -2 12 4 6 9 -4 -1 -9 -5 11 -11 13 14 15 -3 17 -7 -6 20 -8 -22 23 24 -14 -26 27 28 -25 -28
right_child=1 2 3 5 18 16 19 8 -10 10 -12 -13 22 -15 -16 -17 -18 -19 -20 -21 21 -23 -24 26 25 -27 29 -29 -30 -31
leaf_value=-0.027418203155906838 -0.018303230405200467 0.076424680788824931 -0.023801978766856833 -0.019957303281575928 0.090291400979842146 -0.016813498862218872 0.0080207342209700702 0.067306548017562237 -0.021164151226100193 0.078263159431715676 0.0033934679780156843 0.011414707750545591 -0.022162213455961872 -0.015782597950843379 -0.023768692843241106 -0.0066592086954911202 -0.011815617350926183 0.056479246753629718 0.022022983020886296 -0.022977099396354183 0.06501147421757171 0.0033027129747810772 -0.019650476982262504 0.0019131912587285892 0.039021870603754026 -0.0077811944850091578 -0.00062203205037013114 -0.0031564985395689982 0.040802026909206569 0.021994864425915615
leaf_weight=66.188109057024121 42.796037808060646 5.9098534192889911 10.961265590041874 12.500205336138604 3.8805548679083586 3.2427317462861538 66.093458427116275 1.7625801768153895 2.255241522565484 4.1637878566980389 52.553702315315604 12.052531633526085 13.487754622474315 31.407165432348847 7.329367594793438 2.7068937923759222 132.73022669553757 3.7234467435628167 4.9691642019897682 6.0998529810458413 4.8999838400632125 4.1682696007192135 6.7137815579771987 36.650870831683278 6.4889896288514137 7.7895878702402097 26.417988846078515 54.716422338038683 23.067461961880326 134.93453341722488
leaf_count=3800 1558 118 310 397 57 100 1597 83 129 78 1195 240 246 775 232 80 4274 73 78 151 115 98 170 437 81 160 503 730 279 1263
internal_value=0.00127661 0.00378507 0.00520075 0.000431891 0.0104148 -0.00414131 0.0052663 -0.0242274 0.0233259 0.00565734 0.0105326 0.032128 0.00921301 -0.00426133 0.018023 0.052346 -0.0098415 0.0245339 0.058086 0.00942896 0.0123261 0.039792 0.0115725 0.0123254 -0.00338033 0.0146506 0.0139131 0.00760746 0.0173594 0.0183108
internal_weight=792.662 722.456 679.66 322.039 101.073 220.967 92.2228 70.2059 4.01782 81.2702 68.77 16.2163 357.621 47.3533 15.9461 8.61675 139.696 6.96618 8.84972 81.2616 75.1617 9.06825 310.267 303.554 27.7663 14.2786 275.787 114.435 59.7183 161.353
internal_count=19407 15395 13837 8763 2406 6357 2271 4012 212 1910 1513 318 5074 1205 430 198 4447 173 135 1961 1810 213 3869 3699 487 241 3212 1446 716 1766
cat_boundaries=0 1
cat_threshold=25
is_linear=0
shrinkage=0.03


Tree=42
num_leaves=31
num_cat=1
split_feature=2 31 5 14 14 11 0 29 3 14 3 10 5 6 7 10 10 5 7 3 23 28 16 3 7 0 29 2 12 12
split_gain=52.6098 18.6351 27.896 18.6702 18.8747 25.4867 23.4752 21.569 14.5751 15.7883 15.6256 16.5287 13.9633 21.1272 17.1587 13.3225 15.1127 24.8296 11.3587 11.3014 12.8569 11.1981 17.3568 11.4876 11.0234 10.6495 10.6209 15.5871 10.3636 9.92647
threshold=42.127584457397468 0 -0.94917574524879444 1.0000000180025095e-35 0.089999999850988402 73.500000000000014 21.139054298400882 76.581501007080092 285.29481506347662 -0.3299999982118606 216.37103271484378 -0.34499999880790705 -0.63756072521209706 -0.74189642071723927 95.507411956787124 0.25499999523162847 0.49500000476837164 -0.78753387928009022 60.607175827026374 472.34913635253912 1.0000000180025095e-35 24.994574546813968 1.0861150026321413 746.40814208984386 -40.705196380615227 68.292369842529311 77.084831237792983 173.09577941894534 -0.14499999582767484 -0.18349999934434888
decision_type=2 1 2 2 2 2 2 2 2 2 2 2 2 2 2 2 2 2 2 2 2 2 2 2 2 2 2 2 2 2
left_child=-1 2 -2 8 7 -6 -7 -5 10 -10 11 -4 13 29 15 19 17 21 26 -15 -21 22 -17 -23 -18 -13 27 -8 -22 -3
right_child=1 12 3 4 5 6 18 -9 9 -11 -12 25 -14 14 -16 16 24 -19 -20 20 28 23 -24 -25 -26 -27 -28 -29 -30 -31
leaf_value=-0.021060294254112922 -0.026403814460642355 0.070773948141705054 -0.024306286904267928 0.0062086431563305247 -0.0037162560198251062 0.053003973471889378 -0.018109603950530944 0.065184630530833232 0.0057009172953367097 -0.019953002977418366 0.044326711768469487 0.032885926350571783 -0.0072905383464029142 -0.022838314318217472 0.034373406165688472 -0.025720000296230495 0.032439159854668137 0.074406250813891808 -0.0055466237913316535 -0.0069679093458113088 -0.0096507470186414646 0.055516058554006473 0.050133765798918886 -0.007205874626389548 -0.015478702285879987 -0.014626400955894205 0.032877620138672292 0.022749412356087583 0.045602575026913839 0.017395805496371684
leaf_weight=92.957924667745829 18.814710929989815 4.5465591270476571 10.784411543980239 9.5978711210191268 55.138868186622858 16.784656077623367 11.948649311438201 13.145641315728424 48.892802024260163 37.203013589605689 11.380515944212673 14.46616380475462 197.45834824815392 30.641938926652074 11.936547614634035 10.691578859463339 4.3866632208228138 5.9879932887852183 18.897754032164812 60.945068387314677 4.3224916383624077 5.8772611338645202 2.5564006026834241 3.9181966371834278 21.279907997697592 5.1866086684167376 31.649972140789032 23.304778825491667 7.4282042756676656 9.4158616326749307
leaf_count=5069 628 98 236 77 792 205 150 100 662 517 105 182 5492 911 183 386 72 90 165 1604 83 120 35 74 595 53 276 173 146 241
internal_value=3.50574e-05 0.00282828 0.00793293 0.0103628 0.0165507 0.0126984 0.0214718 0.0416062 0.00157201 -0.00548626 0.0158926 0.00418918 -0.00172269 0.00416847 0.00115312 -0.00155639 0.0103015 0.0247706 0.0147638 -0.0078715 -0.00133855 0.00931426 -0.00859151 0.0320837 -0.00637972 0.0202458 0.0204979 0.00878329 0.0261148 0.0383457
internal_weight=801.547 708.589 327.196 308.382 180.468 157.725 102.586 22.7435 127.914 86.0958 41.8177 30.4372 381.393 183.935 169.972 158.036 54.698 29.0314 85.8012 103.338 72.6958 23.0434 13.248 9.79546 25.6666 19.6528 66.9034 35.2534 11.7507 13.9624
internal_count=19520 14451 4321 3693 1938 1761 969 177 1755 1179 576 471 10130 4638 4299 4116 1372 705 764 2744 1833 615 421 194 667 235 599 323 229 339
cat_boundaries=0 1
cat_threshold=2
is_linear=0
shrinkage=0.03


Tree=43
num_leaves=31
num_cat=1
split_feature=0 32 2 16 29 6 10 12 11 6 17 18 14 10 12 16 17 16 8 28 18 12 12 11 2 16 5 2 10 17
split_gain=49.335 25.226 12.4802 9.00111 11.3876 12.0576 14.1413 8.34581 9.87582 8.34347 14.2747 10.9207 10.6479 11.4156 16.9254 14.7341 15.071 13.0994 9.70618 9.60207 9.52123 8.61735 8.96709 11.5505 8.2264 7.59522 19.832 10.0706 8.70601 16.7819
threshold=10.97759008407593 0 42.127584457397468 -0.17407006770372388 76.836559295654311 -0.97606927156448353 -0.17000000178813932 0.37450000643730169 71.000000000000014 -0.94107943773269642 0.67499551177024852 1.318078398704529 0.38499999046325689 0.22500000149011615 -0.24849999696016309 -0.10135374218225478 -0.24851682782173154 0.49182637035846716 32.174037933349616 18.71020603179932 1.5124193429946902 0.12900000065565112 0.06749999895691873 79.500000000000014 186.20759582519534 0.40636359155178076 -0.91865202784538258 80.292694091796889 -0.1950000002980232 -0.18673217296600339
decision_type=2 1 2 2 2 2 2 2 2 2 2 2 2 2 2 2 2 2 2 2 2 2 2 2 2 2 2 2 2 2
left_child=2 25 7 4 -3 6 -6 -1 -9 11 12 -5 13 15 17 16 -11 -15 -16 21 -13 22 23 -17 -14 27 -27 -2 29 -29
right_child=1 3 -4 9 5 -7 -8 8 -10 10 -12 20 24 14 18 19 -18 -19 -20 -21 -22 -23 -24 -25 -26 26 -28 28 -30 -31
leaf_value=-0.027380129009874972 -0.015986817673870168 -0.024188115388659618 -0.0079008531667249821 -0.026873376675662079 0.049956124095324551 -0.013665646423492011 -0.008711313803445463 0.051977968520472748 -0.022345110436880394 0.087801492704180389 -0.01938445093421361 0.031541981325253245 -0.028395864138345057 -0.026166226121903856 0.089333887738834841 -0.01484870327600179 -0.0016306793027560749 0.034398567602271127 0.020900942673231917 -0.010998423008142244 -0.015920144475071511 -0.018922872904577309 0.067068044409860639 0.041863007486201802 0.014634297249821113 -0.019446748652959634 0.017309250354638397 -0.0013412040797295504 0.0026362165449802782 0.027027875847848885
leaf_weight=66.060652054846287 18.626403344795108 40.131261786445975 93.743980476632714 20.102333394810557 6.3254194222390652 24.504916820675135 6.9601524826139194 1.9113765507936467 2.7125727850943804 2.7262439411133528 18.917764775454998 6.3649269808083755 9.9965154379606229 5.0433769226074237 4.3936122469603998 6.0759763754904288 3.0467388480901709 5.9164867792278528 4.0617581345140934 27.805019319057465 6.9645411428064108 4.0284667648375025 2.85222129151225 5.1001944802701473 5.5037694033235303 13.955036751925944 122.90617055259645 32.843733513727784 174.128841124475 42.506681477651
leaf_count=3992 565 1728 3111 650 126 692 182 87 152 38 560 93 310 150 74 147 88 77 71 687 216 132 44 106 149 347 1424 562 2305 506
internal_value=-0.000648994 0.00322006 -0.0152109 -0.00494638 -0.0132641 -0.00133886 0.0207626 -0.0246602 0.0121569 -0.000572341 0.00358335 -0.0134057 0.00876761 0.0136667 0.0326919 0.0060278 0.0473308 0.00667105 0.0621475 -7.03869e-05 0.00736299 0.0164514 0.0271928 0.0123441 -0.013156 0.0075302 0.0134476 0.00475061 0.00635653 0.0148068
internal_weight=786.217 621.789 164.429 216.822 77.9218 37.7905 13.2856 70.6846 4.62395 138.9 105.468 33.4318 86.5504 71.0501 19.4152 51.6349 5.77298 10.9599 8.45537 45.8619 13.3295 18.0569 14.0284 11.1762 15.5003 404.967 136.861 268.106 249.479 75.3504
internal_count=19371 12029 7342 6320 2728 1000 308 4231 239 3592 2633 959 2073 1614 372 1242 126 227 145 1116 309 429 297 253 459 5709 1771 3938 3373 1068
cat_boundaries=0 1
cat_threshold=57
is_linear=0
shrinkage=0.03


Tree=44
num_leaves=31
num_cat=1
split_feature=2 32 5 16 16 12 5 10 6 5 4 4 10 12 22 18 17 18 12 16 18 29 18 1 2 5 1 0 18 2
split_gain=48.9457 20.707 17.0663 15.4736 19.3968 24.9099 19.8045 15.1927 23.1042 14.6303 10.4901 11.1415 14.9403 10.2344 9.09757 9.86563 16.2044 13.7872 9.90686 9.77016 8.81352 10.907 9.49274 8.70771 8.614 9.06932 9.25151 11.6531 8.52319 8.45797
threshold=23.066596984863285 0 -0.98902499675750721 -0.11209625005722045 -0.074701867997646318 -0.41899999976158137 -0.73172146081924427 -0.1950000002980232 -0.54638096690177906 0.16665012389421466 1.0000000180025095e-35 19.500000000000004 0.19500000029802325 0.52799999713897716 1.0000000180025095e-35 1.2107300162315371 -0.14036395400762555 0.67037811875343334 -0.069500001147389398 -0.60845366120338429 1.1345867514610293 76.836559295654311 1.1873534917831423 17.387654304504398 119.70293045043947 -0.83753159642219532 345.83782958984381 121.97103500366212 1.4408521652221682 194.46482086181643
decision_type=2 1 2 2 2 2 2 2 2 2 8 10 2 2 2 2 2 2 2 2 2 2 2 2 2 2 2 2 2 2
left_child=13 3 -3 20 6 7 -5 -6 9 -9 14 24 -13 -1 15 16 18 -18 -4 -19 -2 22 -22 -14 -12 29 27 -27 -17 -26
right_child=1 2 10 4 5 -7 -8 8 -10 -11 11 12 23 -15 -16 28 17 19 -20 -21 21 -23 -24 -25 25 26 -28 -29 -30 -31
leaf_value=-0.026706161625088341 -0.024560664038280829 -0.025230820695046612 0.016534360122524155 -0.010719667836512721 -0.017773973605504475 -0.0091015598222591709 0.078757819966905243 -0.01809529703879412 0.066984824228820877 0.047107418661622699 -0.0080358979835025417 -0.0052071663580270985 0.083687594726418887 0.033681075174185386 -0.0074213862848587575 -0.0132196895477151 -0.010237073887585053 -0.0061708036416959627 0.047146776122598245 0.02918409721067465 0.030897733416220177 0.018372243105079247 -0.019325633532199338 0.01512293828727343 0.01380471478197076 0.0088825861155919159 0.036372525262378982 -0.012546279359583556 0.013008100736482474 -0.013688373389706134
leaf_weight=62.217042340897024 42.449698273092508 14.32824147120118 17.815839748829603 3.3447621650993824 5.744095670059326 93.355425201356411 4.587932299822568 7.8686469290405547 9.4715786222368443 3.7725266441702843 54.550115006044507 5.9550738222897035 3.6778680980205536 1.8075090944766987 16.736135588958859 15.775338374078272 19.073826346546412 8.9026871658861619 24.254160419106483 27.779426576569676 2.8949500359594813 11.754298923537133 30.346878567710519 3.422463446855545 12.800546180456875 182.67419913783669 8.6593634672462922 25.192711714655161 32.501336444169283 37.02236695215106
leaf_count=3842 1809 461 195 78 169 3098 72 197 89 45 1361 204 94 86 246 233 225 109 258 268 113 419 1329 70 289 2431 83 284 437 805
internal_value=0.000428631 0.00265639 0.00588124 -0.00502066 0.00139878 -0.0017562 0.0440538 0.0231867 0.0346306 0.00508977 0.00694559 0.00388116 0.0300343 -0.0245096 0.0131682 0.0155611 0.0209971 0.0101011 0.0348679 0.0206675 -0.014905 -0.00545977 -0.0141772 0.0565854 0.00272716 0.00495331 0.00760467 0.00623785 0.00434331 -0.00649218
internal_weight=790.737 726.712 511.122 215.591 128.145 120.212 7.93269 26.8568 21.1128 11.6412 496.793 333.955 13.0554 64.0246 162.839 146.103 97.8259 55.7559 42.07 36.6821 87.4458 44.9961 33.2418 7.10033 320.899 266.349 216.526 207.867 48.2767 49.8229
internal_count=19399 15471 8053 7418 3748 3598 150 500 331 242 7592 5621 368 3928 1971 1725 1055 602 453 377 3670 1861 1442 164 5253 3892 2798 2715 670 1094
cat_boundaries=0 1
cat_threshold=6
is_linear=0
shrinkage=0.03


Tree=45
num_leaves=31
num_cat=1
split_feature=1 4 7 18 9 32 16 3 10 12 5 3 18 29 18 2 12 11 2 10 14 2 2 1 2 9 3 12 18 2
split_gain=51.8732 21.1062 12.9408 11.427 12.7746 18.3765 13.585 16.8316 23.0557 16.2745 11.471 14.9329 11.1558 10.5603 10.3577 11.1463 11.4447 14.6224 16.4997 13.8498 19.9586 10.5791 10.1265 12.1856 9.82932 9.78335 10.931 10.2407 8.85126 8.64689
threshold=12.784722328186037 1.0000000180025095e-35 -52.227149963378899 1.9453080892562868 -13.618815898895262 0 0.49182637035846716 169.81605529785159 0.14500000327825549 -0.12299999967217444 -0.83753159642219532 121.44297790527345 0.21339819580316546 77.177566528320327 0.22964722663164142 52.297691345214851 0.06749999895691873 73.500000000000014 196.18916320800784 0.32999999821186071 1.0000000180025095e-35 187.84236145019534 90.697071075439467 55.487617492675788 94.811756134033217 -49.057682037353509 418.99810791015631 -0.19049999862909314 0.98537755012512218 102.7101173400879
decision_type=2 8 2 2 2 1 2 2 2 2 2 2 2 2 2 2 2 2 2 2 2 2 2 2 2 2 2 2 2 2
left_child=2 12 -1 4 6 10 14 8 -8 -10 -6 -12 -2 -11 29 -16 17 18 19 20 28 -18 23 -19 -9 -24 27 -27 -17 -3
right_child=1 3 -4 -5 5 -7 7 24 9 13 11 -13 -14 -15 15 16 21 22 -20 -21 -22 -23 25 -25 -26 26 -28 -29 -30 -31
leaf_value=0.021881632163835367 -0.024688967001155013 0.062592167157916712 -0.024179207383648153 -0.016061585360992007 -0.015452163706796052 -0.012084853546066275 -0.0018618395464309032 -0.02690668056369349 0.088482191509992578 -0.0092472294386002126 -0.022019823963073167 0.012026588572738972 0.012592012913407136 0.06130500711067087 -0.02638982012388924 0.038477099399976053 -0.020462459066223588 -0.0040995025546530931 -0.0073253714528338362 -0.0095478918655116027 0.083515871472410061 0.0088828981383808556 -0.022144389822977804 0.056766314464725395 0.012137613173917459 0.067679188860641198 -0.018822803171323014 0.0008492952194699302 -0.010297988617904289 0.0057944859402681561
leaf_weight=5.1351965684443703 6.5757861752063027 3.3632625322788936 78.926345972344279 35.046240324154496 21.09407895244658 104.16792985331267 8.1322278715670127 5.6699607558548442 7.4617171678692102 4.1073048561811429 12.161402322351931 100.57402513734996 212.67688838206232 2.2462920397520065 12.7509569209069 8.1829663217067772 29.225202456116676 6.7741941604763252 10.945093205198644 4.5392580702900878 7.1823939662426701 16.708094688132405 22.042644180357449 4.0935956202447414 45.823413852602243 2.9079728722572327 5.982567535713315 4.4272287338972145 4.7195362057536832 5.9117965195327997
leaf_count=113 108 59 4639 1001 494 3459 182 161 70 125 377 1123 3375 56 559 163 890 219 177 119 121 252 405 95 688 58 152 93 129 100
internal_value=0.00100983 0.00363818 -0.0211413 0.00020744 0.0014758 -0.00335322 0.00661701 0.0170921 0.0385006 0.0607815 0.00407635 0.0081925 0.0113669 0.020641 0.00140071 -0.000720866 0.00202668 0.00872103 0.0228991 0.0360951 0.0463741 -0.00982634 -0.00244186 0.0216784 0.00740775 -0.0102474 0.00961506 0.0322845 0.0211785 0.0304773
internal_weight=799.556 715.494 84.0615 496.241 461.195 237.997 223.198 73.4409 21.9475 13.8153 133.83 112.735 219.253 6.3536 149.757 140.482 127.731 81.7975 35.5692 24.6242 20.0849 45.9333 46.2282 10.8678 51.4934 35.3604 13.3178 7.3352 12.9025 9.27506
internal_count=19562 14810 4752 11327 10326 5453 4873 1282 433 251 1994 1500 3483 181 3591 3432 2873 1731 709 532 413 1142 1022 314 849 708 303 151 292 159
cat_boundaries=0 1
cat_threshold=89
is_linear=0
shrinkage=0.03


Tree=46
num_leaves=31
num_cat=1
split_feature=1 32 16 8 29 9 16 12 14 14 28 16 6 10 14 6 18 17 16 18 12 27 12 16 6 10 17 12 12 17
split_gain=41.3656 17.3146 20.6105 13.8997 15.941 11.9313 11.9483 20.5019 19.0345 17.8339 13.7896 15.712 10.8396 10.6791 14.2637 10.5267 10.0269 9.51794 9.2331 14.4777 13.9895 13.4609 17.0123 12.584 12.7223 8.49916 8.57305 11.6164 11.5748 8.28067
threshold=16.431187629699711 0 -0.17407006770372388 -100.79533386230467 77.084831237792983 17.971662521362308 -0.074701867997646318 -0.23350000381469724 0.32500000298023229 -0.070000002160668359 18.767070770263675 0.85363894701004039 -0.64897239208221424 1.1600000262260439 0.49499998986721044 -0.99113067984580983 0.52844944596290599 0.9069734811782838 -0.86933985352516163 1.8445399999618532 -0.41899999976158137 1.0000000180025095e-35 -0.18349999934434888 -0.76423409581184376 -0.68784540891647328 -0.1950000002980232 0.28963282704353338 -0.34700000286102289 -0.37800000607967371 -0.94982787966728199
decision_type=2 1 2 2 2 2 2 2 2 2 2 2 2 2 2 2 2 2 2 2 2 2 2 2 2 2 2 2 2 2
left_child=3 2 -2 4 -1 6 8 25 12 10 11 -9 -4 14 18 -16 -17 29 19 -3 -21 23 -23 24 -20 -8 28 -28 -27 -18
right_child=1 13 5 -5 -6 -7 7 9 -10 -11 -12 -13 -14 -15 15 16 17 -19 21 20 -22 22 -24 -25 -26 26 27 -29 -30 -31
leaf_value=0.062705785887912771 -0.017883971535793415 -0.012865992763318894 0.089701965352819268 -0.020657875957850583 -0.023424323297631729 -0.0096322706561219832 -0.012744843999351527 -0.0036640142742263219 -0.017913687916346673 -0.022490104934361828 -0.014923953776375775 0.063652236462349826 0.017255420513956121 -0.020766278698498449 -0.012586969553697981 -0.0073209744324855934 -0.0039486613683327836 -0.00034427407434136471 0.0021278119533289031 0.055862028411419455 -0.0018772899695221601 -0.013046007975835864 0.040481958102706279 0.0036039663136630848 0.063377725329655632 0.032895758901248982 0.01634155094290568 0.081742255499413691 -0.024915724576746429 0.034068296099819498
leaf_weight=3.1084187738597384 66.294225470162928 52.578166639432311 4.0288188066333532 89.786451457999647 2.8986927848309278 45.905623668804765 3.905485454946759 5.4052263647317904 3.5627542436122894 27.573838371783495 8.0025434419512731 6.0638129152357578 3.8816400021314603 11.870521541684864 8.4111677482724172 9.0844471678137761 5.505738252773873 10.755793131887911 5.8802228663116693 5.0100999977439633 9.995547052472828 6.6734110023826387 19.54740787576884 299.50866400077939 5.5115165617316944 7.9461660701781538 5.3509049117565155 4.7478174660354835 3.9019595663994542 51.105651540681727
leaf_count=57 2826 969 48 5244 72 1513 110 156 97 1027 229 96 76 240 180 112 127 175 100 58 229 114 226 4520 64 117 75 58 109 566
internal_value=0.000723739 0.00326804 -0.00418781 -0.0176578 0.0237327 0.00254593 0.00920722 0.00449858 0.0363654 -0.00730191 0.0142542 0.0341773 0.0600788 0.00615421 0.0069734 0.0180885 0.0215823 0.02553 0.00460383 -0.00545671 0.0196865 0.00663088 0.0268799 0.0048424 0.0344847 0.025445 0.0325002 0.0516837 0.0133992 0.0303666
internal_weight=793.803 698.009 196.571 95.7936 6.00711 130.277 84.371 72.8978 11.4732 47.0454 19.4716 11.469 7.91046 501.438 489.568 84.8628 76.4516 67.3672 404.705 67.5838 15.0056 337.121 26.2208 310.9 11.3917 25.8523 21.9468 10.0987 11.8481 56.6114
internal_count=19590 14217 6537 5373 129 3711 2198 1977 221 1508 481 252 124 7680 7440 1160 980 868 6280 1256 287 5024 340 4684 164 469 359 133 226 693
cat_boundaries=0 1
cat_threshold=6
is_linear=0
shrinkage=0.03


Tree=47
num_leaves=31
num_cat=1
split_feature=3 32 9 12 12 12 18 7 17 8 10 26 17 18 10 5 10 7 29 12 2 6 5 7 5 7 11 10 6 15
split_gain=48.5211 16.5255 17.1268 18.4234 17.9894 20.1303 19.6309 12.6659 14.8302 13.4654 10.5784 10.4502 14.3302 9.92095 16.4565 10.939 13.9694 16.7272 12.193 15.1336 13.3227 14.0631 9.9466 9.91724 9.83359 9.018 8.8629 14.6625 8.66193 8.49228
threshold=70.753379821777358 0 46.998497009277351 0.078999999910593047 0.035499999299645431 -0.2145000025629997 0.87207192182540905 39.407182693481452 -0.0023360013728961344 7.3073477745056161 0.14500000327825549 1.0000000180025095e-35 0.27514992654323583 0.79567050933837902 -0.39499999582767481 -0.90013122558593739 -0.1950000002980232 100.70303344726564 78.088207244873061 -0.30349999666213984 85.487895965576186 -0.97789707779884327 -0.04725049436092376 -16.660959243774411 -0.73172146081924427 -7.7807133197784415 83.500000000000014 0.1799999997019768 -0.92772412300109852 43.500000000000007
decision_type=2 1 2 2 2 2 2 2 2 2 2 2 2 2 2 2 2 2 2 2 2 2 2 2 2 2 2 2 2 2
left_child=-1 2 3 4 5 7 -6 8 26 10 -10 -5 -13 -3 28 -16 17 25 19 -18 -20 22 -22 -8 -21 -17 -2 -28 -15 -26
right_child=1 13 -4 11 6 -7 23 -9 9 -11 -12 12 -14 14 15 16 18 -19 20 24 21 -23 -24 -25 29 -27 27 -29 -30 -31
leaf_value=-0.018522117723021689 -0.021546822523278698 0.01209243974317949 -0.019644587030415772 -0.017519897550059331 -0.02288951481886408 -0.014234773069147154 0.012067553094599644 0.049828154773262336 0.0021575454512220617 -0.016109445260227465 0.05347407171128455 0.07059442618415987 -0.016257084779260734 0.007730160014223989 -0.0097771472757533385 0.011323300031311351 -0.014034584755689458 -0.022611229634396889 0.045545740377135817 0.032086483142847122 0.053947457563614812 -0.015783670303769738 -0.0057468069945130883 0.080105621294396689 -0.00024106441125280615 0.046995173796753179 0.053561879224215736 -0.024244389620303692 -0.021705582865002279 0.017484320878841046
leaf_weight=102.48638240899891 14.515253055840729 179.83652064017951 46.666370943188667 47.65406921505928 2.7581677939742795 33.063127053901553 3.1735422667115918 7.2048823628574601 5.2445549722761013 4.7313885036855927 11.292503431439398 2.0913103297352782 3.1723448736593127 11.835416279733179 33.560692878440022 10.79520912282169 19.229604745283723 4.7532169334590426 3.2564941011369219 21.52127394080162 3.9025906324386597 48.938309848308563 4.79896600730717 6.2739605903625479 42.542543664574623 18.026440020650625 3.5698890071362248 3.3382054436951876 31.591106828302145 55.728213515132666
leaf_count=5670 478 2396 1829 1878 88 1226 123 111 164 115 201 19 138 218 913 157 288 55 72 186 67 882 89 84 483 202 77 86 693 495
internal_value=0.000627384 0.00351498 -0.00380879 0.00102445 0.00888826 0.00366505 0.0414236 0.0155727 0.00878343 0.0259773 0.0382506 -0.0130201 0.0240114 0.00637356 0.00323749 0.0060309 0.00833504 0.0259618 0.00526028 0.0101418 -0.00586768 -0.00949956 0.0238268 0.0605934 0.0141068 0.0344619 -0.00868335 0.0176521 -0.0136898 0.00988567
internal_weight=787.553 685.066 194.75 148.083 95.1655 82.9598 12.2057 49.8967 42.6918 21.2684 16.5371 52.9177 5.26366 490.317 310.48 267.054 233.493 33.5749 199.918 139.022 60.8964 57.6399 8.70156 9.4475 119.792 28.8216 21.4233 6.90809 43.4265 98.2708
internal_count=19483 13813 6617 4788 2753 2458 295 1232 1121 480 365 2035 157 7196 4800 3889 2976 414 2562 1452 1110 1038 156 207 1164 359 641 163 911 978
cat_boundaries=0 1
cat_threshold=6
is_linear=0
shrinkage=0.03


Tree=48
num_leaves=31
num_cat=0
split_feature=3 29 16 14 18 9 18 10 5 17 0 23 18 14 14 29 13 0 17 29 18 7 29 3 16 14 18 2 11 11
split_gain=41.3307 20.5992 18.9541 20.0156 21.5956 14.3624 12.2296 11.9806 8.77279 13.5635 10.3974 8.53673 7.87919 7.59699 16.7612 18.9521 13.7925 18.8302 16.8405 15.0263 18.1227 16.6191 12.698 11.8201 11.9841 17.7436 14.204 10.6081 10.5044 14.0148
threshold=115.08821868896486 75.522090911865249 0.82587000727653515 0.39499999582767492 1.7864649891853335 -21.851166725158688 0.13759496062994006 1.1600000262260439 -0.97269129753112782 -1.2670373916625974 142.87317657470706 1.0000000180025095e-35 0.32234686613082891 1.0000000180025095e-35 0.12999999895691874 79.142368316650405 42.500000000000007 88.440532684326186 -0.28556217253208155 78.715969085693374 0.33102445304393774 -28.75852012634277 81.26676177978517 320.57951354980474 -1.1285877823829649 -0.3299999982118606 1.8445399999618532 106.67781448364259 71.000000000000014 83.500000000000014
decision_type=2 2 2 2 2 2 2 2 2 2 2 2 2 2 2 2 2 2 2 2 2 2 2 2 2 2 2 2 2 2
left_child=2 12 6 -4 5 -5 -1 8 9 -3 -11 -7 -2 23 15 28 17 22 -19 21 -21 27 -16 24 25 -10 -27 -18 -15 -30
right_child=1 7 3 4 -6 11 -8 -9 13 10 -12 -13 -14 14 16 -17 19 18 -20 20 -22 -23 -24 -25 -26 26 -28 -29 29 -31
leaf_value=0.043044441610588763 0.023131947269620021 0.042013945945459576 -0.021554379241658969 0.079036269047552232 -0.024964394821711307 -0.022595460492943545 -0.02116077563693038 -0.01994254259233123 -0.0060727347550006147 -0.018005552988644806 0.032537859805388612 0.039337709990344659 -0.023588483543954545 0.048200554292965866 -0.01988186369613824 -0.017693768575919883 -0.0017704363789350433 0.043741494630044585 -0.0035909959452364178 0.046137972401307598 -0.013158977309014006 0.0090945929311918965 0.015685043864268951 -0.0018139544632983869 0.0059201941659393379 0.016089314399190442 0.087791050947974944 0.039516687651776072 -0.0019668425139342557 0.040535526337235867
leaf_weight=1.8338610278442491 2.825556617230176 3.5012458562850943 11.486072001978757 5.6737642614170936 4.3311921237036577 2.7014583609998217 110.72457464598119 16.100733757019043 6.0706687476485994 35.018277369439602 3.1590503212064496 3.5589258447289467 30.425733670592308 19.632336897775531 46.493728760629892 7.4954340960830441 6.6663926243782035 10.93705881200731 15.295666126534341 4.3680587206035844 33.572884468361735 96.023357128724456 10.364683639258145 170.38510651700199 61.66806454397738 5.1042044367641193 5.1358856502920389 31.493004340678453 14.361726218834521 12.429139258339999
leaf_count=60 91 109 458 118 219 116 5665 403 167 1154 49 110 1198 211 1136 140 154 128 209 68 593 1402 199 3259 1207 109 61 379 231 157
internal_value=0.0004006 0.003599 -0.0143036 0.00768489 0.0283852 0.0481803 -0.0197449 0.00485244 0.00555084 -0.00759368 -0.0130995 0.0131813 -0.0190589 0.00654536 0.00967807 0.0247333 0.00641328 -0.00359587 0.0170246 0.011238 -0.00532274 0.0159253 -0.0132394 0.00262296 0.0122179 0.034311 0.0566622 0.0324429 0.0318121 0.0185004
internal_weight=788.838 648.528 140.31 27.7514 16.2653 11.9341 112.558 615.277 599.176 41.6786 38.1773 6.26038 33.2513 557.497 309.133 53.9186 255.215 83.0911 26.2327 172.124 37.9409 134.183 56.8584 248.364 77.9788 16.3108 10.2401 38.1594 46.4232 26.7909
internal_count=19560 12814 6746 1021 563 344 5725 11525 11122 1312 1203 226 1289 9810 5007 739 4268 1672 337 2596 661 1935 1335 4803 1544 337 170 533 599 388
is_linear=0
shrinkage=0.03


Tree=49
num_leaves=31
num_cat=0
split_feature=3 28 16 16 3 8 16 12 2 3 13 17 2 8 1 9 5 17 16 2 16 0 10 28 16 17 28 16 13 12
split_gain=51.6539 17.7023 15.7147 19.6431 13.6707 22.7092 12.5131 11.5559 10.6699 15.3765 14.9941 14.8175 11.3849 10.62 9.74173 9.72043 9.49152 8.69707 8.56785 8.14521 11.7594 8.08815 13.3743 10.8615 7.83459 7.79812 7.41744 7.08918 10.3805 10.1953
threshold=70.753379821777358 22.590013504028324 -0.10931500047445296 -0.074701867997646318 300.95053100585943 -90.858589172363267 0.49182637035846716 0.15450000017881396 262.31149291992193 382.43107604980474 48.500000000000007 -0.33403448760509485 162.48621368408206 -88.403491973876939 16.883376121521 -17.930299758911129 -0.98902499675750721 -0.011134599801152943 -0.86933985352516163 33.581750869750984 0.6894190013408662 38.416564941406257 -0.1950000002980232 25.346193313598636 1.1503108739852907 -0.18673217296600339 22.87558746337891 -0.11646045744419097 37.500000000000007 -0.37800000607967371
decision_type=2 2 2 2 2 2 2 2 2 2 2 2 2 2 2 2 2 2 2 2 2 2 2 2 2 2 2 2 2 2
left_child=14 2 -2 -4 5 17 -5 8 9 10 -8 -12 -11 -6 -1 -13 -15 -3 -18 20 -16 -7 25 -24 -14 -23 -27 28 -20 -29
right_child=1 4 3 6 13 21 7 -9 -10 12 11 15 24 16 19 -17 18 -19 27 -21 -22 22 23 -25 -26 26 -28 29 -30 -31
leaf_value=-0.027029681518390976 -0.013811113499973791 0.067134807990757842 0.046038266354821271 -0.012644111110482865 -0.014924455276230902 -0.0018429602885251194 -0.021088962453000109 -0.017040434572249026 -0.016914659685324691 0.010929108123054313 0.056300833768016686 0.026751104556381994 0.073031375138575619 -0.018775418938258976 -0.0082550853101748933 -0.024415384692452361 -0.0063326085399985936 0.018044365360623229 -0.0071432087241000966 -0.015585019135739096 0.054073177818638109 0.0052584362316788931 0.014453691358685534 -0.013216666381959015 0.022056187149303158 0.011714386258030316 0.052887270848635676 -0.011580450080643167 0.019443486685450231 0.0077644295255661884
leaf_weight=60.225597948767245 83.400630782358348 8.4366908557713014 7.8233091458678237 45.281731568276882 25.443095587193966 36.161883216351271 12.553127530962231 13.664786836132405 8.6529174428433162 10.979726986959578 5.6413355302065602 5.3765776026993972 7.0521926544606668 13.614834235981105 7.074938318692146 6.0208873860538041 42.606184041127563 6.4422231130301943 15.482481131330131 29.828487258404493 3.222729011438787 7.7380214277654913 45.385192791000009 16.733252944424748 5.9232407845556736 6.29230519384146 13.885162154212592 28.822916362434626 74.375612856820226 138.5070450399071
leaf_count=4086 3187 98 113 1577 482 726 346 467 204 188 91 98 117 453 368 158 711 77 253 1119 112 120 473 309 103 59 167 469 989 1910
internal_value=0.000531601 0.00345537 -0.00374407 0.00282214 0.00664232 0.0144572 -0.0003227 0.00710045 0.0125897 0.0175801 0.0028522 0.0206818 0.0349303 0.00335578 -0.0194737 -6.75277e-05 0.00488254 0.0483547 0.00601579 -0.00775141 0.0143107 0.0101118 0.014881 0.00690864 0.0530047 0.0317687 0.041207 0.00807805 0.0148344 0.00438324
internal_weight=792.649 692.297 212.37 128.97 479.927 141.075 121.147 75.8648 62.2 53.5471 29.5919 17.0388 23.9552 338.852 100.352 11.3975 313.409 14.8789 299.794 40.1262 10.2977 126.196 90.0339 62.1184 12.9754 27.9155 20.1775 257.188 89.8581 167.33
internal_count=19630 13945 6649 3462 7296 2029 3349 1772 1305 1101 693 347 408 5267 5685 256 4785 175 4332 1599 480 1854 1128 782 220 346 226 3621 1242 2379
is_linear=0
shrinkage=0.03


Tree=50
num_leaves=31
num_cat=0
split_feature=3 29 16 0 14 12 28 28 17 7 12 12 7 14 7 9 15 29 16 3 4 15 18 2 15 16 14 14 16 2
split_gain=40.2888 17.367 11.7634 16.8662 8.93598 14.0214 23.0464 18.2347 12.0033 11.3313 10.3427 12.356 30.1856 12.1721 18.9528 12.7643 10.4229 14.008 9.75697 8.79127 22.0591 13.3964 11.6719 9.01729 12.4733 10.4984 23.8743 7.96428 13.8245 7.91167
threshold=8.1995434761047381 75.522090911865249 0.49182637035846716 25.164292335510257 1.0000000180025095e-35 -0.15249999612569806 20.863806724548343 22.948931694030765 0.28963282704353338 -16.660959243774411 0.1970000043511391 0.06749999895691873 -7.996640443801879 -0.45000000298023218 14.64401960372925 -37.663394927978509 45.500000000000007 76.73075103759767 0.56353142857551586 193.80409240722659 23.500000000000004 52.500000000000007 0.89895629882812511 305.70989990234381 47.500000000000007 -0.98455500602722157 0.18500000238418582 0.32500000298023229 1.1360246539115908 80.292694091796889
decision_type=2 2 2 2 2 2 2 2 2 2 2 2 2 2 2 2 2 2 2 2 10 2 2 2 2 2 2 2 2 2
left_child=-1 -2 3 19 10 7 -7 27 9 -9 11 13 -13 14 -4 16 -15 -18 -8 -3 23 22 -22 25 -25 26 -21 -6 -29 -24
right_child=1 2 4 -5 5 6 18 8 -10 -11 -12 12 -14 15 -16 -17 17 -19 -20 20 21 -23 29 24 -26 -27 -28 28 -30 -31
leaf_value=-0.025892003996687202 -0.016017398130593146 -0.017668770856888068 -0.010398814587284779 0.0051582429635178961 0.067775323601278525 -0.025126091002035861 0.052211241609724075 0.053731540126090306 -0.02603760485702972 -0.0081816262955184873 -0.023743502594028895 -0.020613062846295327 0.055806446739373801 -0.01915733755618465 0.043591049810963872 -0.026253236328535198 0.060412590990046242 -0.0086027372881111158 0.011414364564999089 -0.024059045413767556 0.097147986813955561 -0.020261122374943111 -0.020437508990697125 -0.013414446127272031 0.033455596907464163 -0.016986752889211105 0.048368960749252232 0.0083048779261253956 0.06017385998933035 0.053006348643089014
leaf_weight=45.238942988216877 39.954665970057249 46.365277143195271 11.132676506415011 337.85897114127874 8.1473350413143653 14.827522001229225 4.8988763159140936 4.412626475095748 6.5502810515463343 4.783551516942679 10.780906728468834 6.8230969589203623 11.248406654223798 6.1889077732339492 10.653367726132272 20.308238379657269 4.5632647015154344 4.6331110093742609 64.198714707046747 7.6741544865071756 2.8956844769418222 1.882992375642061 1.9881716053932907 8.8640688676387089 9.8623970821499807 56.84169671498239 6.838643241673708 11.722105375491084 7.0775344222784033 1.4894764423370359
leaf_count=3211 1636 2081 232 5919 77 576 47 53 87 69 290 146 163 135 152 479 56 72 890 286 61 74 94 200 156 1694 179 143 80 45
internal_value=0.0012738 0.00297767 0.0040903 0.00149094 0.00994613 0.0149908 0.00770686 0.0288051 0.00280171 0.0238825 0.00246049 0.00646104 0.0273855 -0.000473369 0.0167566 -0.01116 0.00914911 0.0282091 0.0150104 -0.00704829 -0.00191336 0.0422341 0.0609419 -0.00637895 0.0117146 -0.0112237 0.010988 0.0433562 0.029885 0.0158314
internal_weight=780.706 735.467 695.512 482.562 212.951 126.619 83.9251 42.6934 15.7465 9.19618 86.332 75.5511 18.0715 57.4796 21.786 35.6935 15.3853 9.19638 69.0976 144.703 98.3373 8.25632 6.37333 90.081 18.7265 71.3545 14.5128 26.947 18.7996 3.47765
internal_count=19383 16172 14536 10789 3747 2022 1513 509 209 122 1725 1435 309 1126 384 742 263 128 937 4870 2789 274 200 2515 356 2159 465 300 223 139
is_linear=0
shrinkage=0.03


Tree=51
num_leaves=31
num_cat=0
split_feature=1 4 18 12 16 12 12 8 18 18 14 2 7 2 17 29 9 2 22 13 29 11 14 14 9 1 17 1 17 2
split_gain=35.7673 16.8277 13.4559 15.5515 14.1592 11.5819 15.5398 11.059 14.7994 16.0317 13.8325 13.2095 10.6542 10.6108 10.0931 8.54561 11.119 8.31502 8.1768 9.65972 8.57288 8.35136 7.70111 20.866 9.98094 10.7858 8.03415 9.45917 9.12506 8.22696
threshold=12.784722328186037 1.0000000180025095e-35 0.22964722663164142 0.092000000178813948 0.40636359155178076 0.042500000447034843 0.035499999299645431 -20.222151756286618 0.81063601374626171 0.76419657468795787 -0.030000000260770317 72.398101806640639 -56.572647094726555 101.48119354248048 -0.48386885225772852 78.715969085693374 -134.18791198730466 181.27133941650393 1.0000000180025095e-35 32.500000000000007 75.522090911865249 68.500000000000014 -0.20499999821186063 0.024999999441206459 167.75689697265628 166.39406585693362 0.49308504164218908 198.55711364746097 0.81215649843215953 186.20759582519534
decision_type=2 8 2 2 2 2 2 2 2 2 2 2 2 2 2 2 2 2 2 2 2 2 2 2 2 2 2 2 2 2
left_child=12 18 3 -3 5 6 -4 8 9 -6 -10 -12 -1 -5 -9 16 -13 -15 19 -2 -21 -22 26 -24 25 -25 27 29 -28 -23
right_child=1 2 4 13 7 -7 -8 14 10 -11 11 15 -14 17 -16 -17 -18 -19 -20 20 21 22 23 24 -26 -27 28 -29 -30 -31
leaf_value=0.026417718882216681 0.03824597731402208 -0.02193585332749411 -0.0025803387976658207 0.066482983822006944 0.01647483542213837 -0.013041515422613699 0.043996800776002022 -0.021820509131308726 -0.016118796618384695 0.072804267879440387 0.051080032710116602 -0.023175514743501657 -0.021530953625782921 -0.018396117832966102 0.0029497296957000756 -0.016796661660829371 0.028607026927547543 0.030568308355038185 -0.0073034224447154506 -0.022991989147374967 -0.00079207626776608628 0.037129692907662937 -0.018553501602279879 0.010360554250088532 -0.012396917955174416 0.036617039833441577 -0.023364360500965842 0.054200175423626998 0.02161288412771574 0.0041268664334932247
leaf_weight=3.5960384868085375 10.480453534051774 5.1677031666040447 174.8207930456847 5.2001683339476612 16.325026540085677 114.69515977241099 5.6925318650901309 16.945410838350654 17.745235192589462 5.8168277256190768 6.5323871318250886 4.0280660800635841 72.279205066151917 3.6190541274845591 83.700481456704438 9.0393039844930154 15.187512112781407 9.7842906937003118 22.872060865163803 6.0592917799949637 42.186267215758562 12.286466203629972 18.783531215041876 37.402454290539026 8.7659003585576993 22.802462924271822 5.5937868356704703 10.420891882851718 9.6323593351989967 14.501679133623837
leaf_count=71 133 131 4458 93 235 3002 63 465 404 50 164 37 4688 89 1616 174 227 116 444 213 627 230 317 619 107 223 114 116 125 212
internal_value=0.000503528 0.00258774 -0.000496585 0.0210566 -0.0016278 -0.0056314 -0.000877221 0.00510725 0.0137728 0.0337795 0.00486668 0.0157228 -0.0189444 0.0335088 -0.00139439 0.00608178 0.0171426 0.0169881 0.00943316 0.0113845 0.0096965 0.010902 0.0144017 0.00880324 0.0164123 0.0207409 0.0234311 0.0307862 0.00466755 0.0200552
internal_weight=791.963 716.088 494.3 23.7712 470.529 295.208 180.513 175.32 74.6744 22.1419 52.5325 34.7873 75.8752 18.6035 100.646 28.2549 19.2156 13.4033 221.788 198.916 188.435 182.376 140.19 87.7543 68.9708 60.2049 52.4352 37.209 15.2261 26.7881
internal_count=19563 14804 11324 429 10895 7523 4521 3372 1291 285 1006 602 4759 298 2081 438 264 205 3480 3036 2903 2690 2063 1266 949 842 797 558 239 442
is_linear=0
shrinkage=0.03


Tree=52
num_leaves=31
num_cat=1
split_feature=0 28 13 32 16 9 14 17 17 1 10 6 7 18 10 18 11 28 17 13 17 26 16 18 17 13 28 9 0 10
split_gain=39.9278 11.9666 12.9541 8.95675 9.77538 18.3013 11.7761 9.68947 12.8028 8.61746 8.25474 8.45487 7.99888 7.58437 11.1403 10.0452 8.87691 19.1553 11.234 12.148 10.7249 7.72971 7.41617 10.755 8.75737 7.21876 7.11916 8.88848 12.4428 10.985
threshold=10.97759008407593 26.140346527099613 42.500000000000007 0 1.1281398534774782 5.5301179885864267 0.66999998688697826 0.42457818984985357 0.39910650253295904 46.984615325927741 0.2950000017881394 -0.54638096690177906 -30.84140586853027 0.69159457087516796 -0.64500001072883595 1.5455672740936282 81.500000000000014 24.009605407714847 -0.63888818025588978 57.500000000000007 -0.8601066768169402 1.0000000180025095e-35 -0.83375048637390126 1.1906099915504458 -1.0595335364341734 38.500000000000007 25.346193313598636 -67.805557250976548 107.34223556518556 0.24000000208616259
decision_type=2 2 2 1 2 2 2 2 2 2 2 2 2 2 2 2 2 2 2 2 2 2 2 2 2 2 2 2 2 2
left_child=1 12 -3 22 6 -6 7 8 13 -4 -9 -12 -1 14 -5 16 20 18 -18 -20 25 -16 23 -2 -25 -15 27 -26 29 -29
right_child=3 2 9 4 5 -7 -8 10 -10 -11 11 -13 -14 15 21 -17 17 -19 19 -21 -22 -23 -24 24 26 -27 -28 28 -30 -31
leaf_value=-0.007814675476197231 -0.024950917492163816 0.060551614051558317 -0.025941013945235836 0.023770195600358104 0.028403688416968168 -0.014183795219882549 -0.025443591787647254 -0.022042534909616093 0.054394798217996171 0.034795008014693679 -0.01809887872932486 0.039150657094489637 -0.022354245990994566 0.053366329472707072 -0.021081907826533391 -0.013893722602809759 0.012113719946240241 -0.018974048838557401 0.07768460016462124 0.0052763823318694534 -0.0080658691378210148 0.023502516549261866 0.008082034472437577 -0.024940058648205622 -0.012883270284755459 0.002697261840487289 -0.011959816917323653 0.045307394452670693 -0.010210400330800787 -0.0021727727366923134
leaf_weight=64.268316940404475 14.218709355220197 2.938645772635935 5.2446829322725534 6.5896634422242633 22.972406296059489 13.836909381672738 20.022035364061594 28.784083496779203 3.147670983336865 2.1898035351186991 3.6826744107529521 3.7631086129695168 75.513500869274139 4.0969439297914487 31.058620381169021 16.464014573954046 8.6438189279288089 6.0564879477024069 7.4182541621848941 2.976088797673583 25.70751850772649 3.0969626866281024 350.51367486640811 7.3921404015272847 7.7232658155262426 5.2498309789225459 11.205717734992502 15.911214286461481 7.5708320289850226 5.8013532217591992
leaf_count=2110 223 111 255 197 391 357 716 1014 53 51 126 68 4849 88 1007 606 259 129 171 79 835 64 4639 148 111 194 244 240 81 95
internal_value=0.000408175 -0.0134495 0.0164851 0.00370671 -0.00135402 0.012443 -0.00435722 -0.00151934 0.00259358 -0.0060471 -0.0149017 0.0120448 -0.0157723 0.000756377 -0.00956181 0.00629642 0.0119597 0.0252113 0.0395131 0.0592354 0.00203702 -0.0164858 0.00616102 -0.00259053 0.00346705 0.0279181 0.00824084 0.0145114 0.0219234 0.0330841
internal_weight=784.059 150.155 10.3731 633.904 213.567 36.8093 176.758 156.736 120.506 7.43449 36.2299 7.44578 139.782 117.358 40.7452 76.613 60.1489 25.0946 19.0382 10.3943 35.0543 34.1556 420.337 69.8232 55.6045 9.34677 48.2124 37.0067 29.2834 21.7126
internal_count=19511 7376 417 12135 6354 748 5606 4890 3682 306 1208 194 6959 3629 1268 2361 1755 638 509 250 1117 1071 5781 1142 919 282 771 527 416 335
cat_boundaries=0 1
cat_threshold=57
is_linear=0
shrinkage=0.03


Tree=53
num_leaves=31
num_cat=1
split_feature=3 32 16 12 10 16 5 18 7 2 0 8 18 18 5 5 12 29 12 3 8 14 3 8 17 14 14 10 2 29
split_gain=32.1639 13.4008 15.7149 14.315 18.3786 11.6442 11.1177 10.5495 9.62456 9.01491 9.33289 12.7052 10.7301 13.5663 10.0136 11.2354 9.01196 8.25158 8.19195 14.1824 8.02863 10.2117 8.01177 13.4135 14.3546 20.4204 12.7748 16.5622 12.592 23.1362
threshold=8.1995434761047381 0 0.49182637035846716 -0.30349999666213984 0.14500000327825549 2.1502023935317998 -0.96105405688285817 2.1633379459381108 -2.5677667856216426 187.84236145019534 53.690595626831062 32.174037933349616 0.22964722663164142 0.20206118375062945 -0.78753387928009022 -0.090113466605544076 0.056499999016523368 76.836559295654311 0.64250001311302196 1052.5799560546877 -43.018526077270501 0.014999999664723875 285.29481506347662 -73.826641082763658 0.51652702689170849 -0.21499999612569806 1.0000000180025095e-35 0.28499999642372137 214.57081604003909 76.581501007080092
decision_type=2 1 2 2 2 2 2 2 2 2 2 2 2 2 2 2 2 2 2 2 2 2 2 2 2 2 2 2 2 2
left_child=-1 2 9 4 6 -5 -4 18 -6 10 12 14 13 -2 -12 -16 17 -14 22 -20 -19 -22 23 -3 28 -26 -24 -28 -25 -30
right_child=1 7 3 5 8 -7 -8 -9 -10 -11 11 -13 16 -15 15 -17 -18 20 19 -21 21 -23 26 24 25 -27 27 -29 29 -31
leaf_value=-0.025582091877438831 -0.021965205720844962 0.029125855721614441 0.022581887373149999 -0.0082865485297820077 0.064030161203976754 0.051609994388139922 -0.027364536314443719 -0.022450790571753639 0.013465347242461146 -0.025322354680086732 -0.010698107180259906 -0.017189106044107297 -0.012774360288243653 0.061436699350208838 0.067787589164127859 -0.0050447580241026841 -0.027577298005375842 -0.017440155701746139 0.065098679213894131 -0.0085635800247227233 0.064168262197766987 -0.0037812358472452665 -0.0054018564965822441 -0.0054467196462761333 0.049142572107787628 0.0045885010133186015 0.014712324621163543 -0.0028282042527620521 0.064530069994405803 -0.0063688648435213848
leaf_weight=42.514187710359693 2.4400184070691457 24.65141271892935 6.8930915743112564 46.65885881241411 8.1785937510430795 2.118690723553299 7.1691386206075567 12.698071073740719 6.4173784498125306 32.171087665483356 3.4133579190820464 7.7158022318035355 38.51126314047724 2.9590253513306379 5.5169935896992683 2.509009039029479 28.575400154106319 3.5038905395194888 4.1925082542002183 3.923723017796874 3.3737190123647434 3.4602984338998795 150.85262671113014 83.203221949748695 13.414851341396568 26.543229464441538 98.996394274756312 93.454641846939921 6.030733883380889 9.6957337930798513
leaf_count=3213 88 315 77 1529 79 22 227 382 81 1410 106 283 1700 45 118 92 1485 135 66 63 105 147 2515 1848 189 469 1199 1283 44 116
internal_value=-0.000516543 0.000957599 -0.00526564 0.00520565 0.0216561 -0.00470035 -0.00300777 0.00349185 0.0440873 -0.0116934 -0.00718978 0.0112645 -0.0115413 0.0262022 0.0302953 0.0469831 -0.0144738 -0.00640916 0.00424151 0.0324543 0.0163381 0.0336722 0.00372671 0.00917002 0.00544513 0.020381 0.00111459 0.00622402 -0.000731087 0.0230517
internal_weight=781.757 739.243 211.586 77.4358 28.6582 48.7775 14.0622 527.657 14.596 134.15 101.979 19.1552 82.8236 5.39904 11.4394 8.026 77.4246 48.8492 514.959 8.11623 10.3379 6.83402 506.843 163.539 138.888 39.9581 343.304 192.451 98.9297 15.7265
internal_count=19431 16218 7729 2015 464 1551 304 8489 160 5714 4304 599 3705 133 316 210 3572 2087 8107 129 387 252 7978 2981 2666 658 4997 2482 2008 160
cat_boundaries=0 1
cat_threshold=6
is_linear=0
shrinkage=0.03


Tree=54
num_leaves=31
num_cat=1
split_feature=3 32 12 10 16 2 16 16 16 11 3 8 12 5 3 17 10 3 9 8 29 12 5 2 14 2 5 17 16 3
split_gain=33.5393 16.0744 15.5618 14.1553 12.523 18.7817 10.9467 10.6242 13.5158 10.2999 8.70412 15.0911 12.2112 9.87438 8.23156 15.3315 10.3912 10.2211 9.91835 12.9752 8.89017 7.98996 8.7488 12.6676 12.8704 9.89779 9.9389 13.5055 16.3985 11.2036
threshold=70.753379821777358 0 -0.17249999940395352 -0.21000000089406964 0.32726836204528814 194.46482086181643 2.1502023935317998 1.1360246539115908 1.2922363281250002 81.500000000000014 339.73304748535162 -63.346477508544915 -0.48800000548362726 1.0000000180025095e-35 324.63864135742193 -0.33403448760509485 0.14500000327825549 716.37420654296886 8.688052177429201 -15.336947441101072 76.978988647460952 0.64250001311302196 -0.83753159642219532 187.84236145019534 -0.60500001907348622 199.53227233886722 -0.70125329494476307 0.71210753917694103 -0.69018000364303578 596.26895141601574
decision_type=2 1 2 2 2 2 2 2 2 2 2 2 2 2 2 2 2 2 2 2 2 2 2 2 2 2 2 2 2 2
left_child=7 10 3 -3 14 -6 -4 -1 -9 -7 12 -12 -2 -14 16 17 20 18 19 -16 -5 22 23 24 -13 -24 -27 28 -28 -30
right_child=1 2 6 4 5 9 -8 8 -10 -11 11 21 13 -15 15 -17 -18 -19 -20 -21 -22 -23 25 -25 -26 26 27 -29 29 -31
leaf_value=-0.020688165121603777 0.040581234579005754 -0.015645997175266213 -0.010348953586419525 -0.014405147175119325 0.039991501318494604 -0.025481412979975186 0.04021876037567014 0.046206574266968559 -0.014451999708818422 0.022596960110871707 -0.01254000179010833 0.060540150131821499 0.014136327407294064 -0.0049920678803067565 0.018439049539002276 -0.0075070117144482983 -0.027125539527016476 -0.014304045813623033 -0.00049971879232789656 0.10070412513385374 0.056183488523928717 0.036073203895825821 -0.018157831221465977 -0.013672471350786171 0.00080981952745759142 0.020885852153704323 -0.013537348516713737 -0.013533595872131123 0.02821011355706602 0.00087343912842539667
leaf_weight=81.024456852115691 11.514047836884854 21.955883610062301 162.18607828393579 2.6902707796543863 22.917720254510641 7.6571123674511892 2.9805073142051688 4.2902007065713388 7.9512287108227611 6.4875546470284462 45.939687956124544 3.5257663521915683 95.022564209997654 31.935582611709833 3.8141371635720125 17.926734369248152 13.867941849865018 2.6063051838427773 2.8647805694490671 3.2912114858627346 2.0831403862684965 6.7772489991039029 10.786115141585467 41.139456210657954 11.586455464363095 53.055010447278619 17.721335604786873 25.749064285308123 38.133870854973793 20.693425260484219
leaf_count=5124 120 707 5370 107 338 173 35 103 408 105 887 68 959 548 105 570 469 84 94 60 44 111 141 857 281 485 250 300 362 207
internal_value=8.58679e-07 0.00230049 -0.0033085 0.00538656 0.0108613 0.0237795 -0.00919989 -0.0167808 0.00869082 -0.0033939 0.00594289 0.00297857 0.0121947 0.00932328 0.00083904 0.0103263 -0.0144205 0.0344269 0.0473084 0.0642675 0.0207958 0.00613043 0.00506055 -0.00509971 0.0176377 0.00851056 0.0104664 0.0049127 0.0112121 0.0187693
internal_weight=780.175 686.909 273.329 108.163 86.2069 37.0624 165.167 93.2659 12.2414 14.1447 413.58 275.107 138.472 126.958 49.1445 30.5032 18.6414 12.5764 9.97013 7.10535 4.77341 229.168 222.39 56.2517 15.1122 166.139 155.353 102.298 76.5486 58.8273
internal_count=19472 13837 8261 2856 2149 616 5405 5635 511 278 5576 3949 1627 1507 1533 913 620 343 259 165 151 3062 2951 1206 349 1745 1604 1119 819 569
cat_boundaries=0 1
cat_threshold=89
is_linear=0
shrinkage=0.03


Tree=55
num_leaves=31
num_cat=0
split_feature=2 16 28 9 8 3 5 10 3 17 17 10 9 3 17 17 8 10 2 28 7 9 10 7 16 12 16 10 10 8
split_gain=33.6233 12.7095 16.974 12.7567 11.0256 11.7831 19.6588 10.8905 9.78966 9.39367 16.0897 12.2257 11.0872 12.1861 11.6387 14.3374 11.1624 8.41564 8.51657 8.33801 12.5011 14.0418 7.81725 7.64163 7.36516 6.68995 6.67055 6.58924 11.0714 15.9219
threshold=23.066596984863285 0.49182637035846716 19.164343833923343 -14.043200016021727 13.039136886596681 241.60495758056643 -0.78753387928009022 -0.060000000521540635 391.27612304687506 0.29685099422931677 0.16916266083717349 -0.1950000002980232 -75.608737945556626 169.81605529785159 -0.48386885225772852 -0.37786428630352015 -38.442935943603509 -0.59000000357627858 170.06616973876956 25.658441543579105 -21.194037437438961 -77.260593414306626 0.7150000035762788 16.752061843872074 -0.058773901313543313 0.52799999713897716 1.1578181982040407 1.1600000262260439 1.0349999666213991 -43.809534072875969
decision_type=2 2 2 2 2 2 2 2 2 2 2 2 2 2 2 2 2 2 2 2 2 2 2 2 2 2 2 2 2 2
left_child=25 2 3 4 5 -2 -7 -8 -6 10 12 -11 13 -3 -14 -16 -15 23 -19 20 21 -13 26 -17 -9 -1 -22 28 -4 -30
right_child=1 9 27 -5 8 6 7 24 -10 11 -12 19 14 16 15 17 -18 18 -20 -21 22 -23 -24 -25 -26 -27 -28 -29 29 -31
leaf_value=-0.025594365995253415 -0.023477106206830127 0.059507716327865647 0.0014034390087381582 -0.021869875666681183 0.060210356608613451 -0.016680594870372868 -0.01129996356738297 0.059505804490394325 -0.012309425981526177 -0.015215557481325212 0.035774034847277883 -0.0065468418010720762 -0.013210414022884085 -0.0054980338569514883 0.040944812594417596 -0.00184371187183101 0.040365006404749805 -0.024076941910455309 0.0057067205863175078 -0.020945182158635903 0.0162781989956725 0.050632889812504342 -0.028138109094259688 0.053644941115319027 0.0017124833426978162 0.024896208362655676 -0.0091950438628564703 -0.018862050560771094 0.04668496684803343 -0.0097717929388893131
leaf_weight=48.884799056686461 19.758380121551454 5.8906695721671012 360.64202528446913 53.17148585896939 3.5392273105680934 15.644992233254017 3.6561863534152517 7.4558500899001947 2.1950812209397554 30.210286836139858 21.504849785938859 5.378750926814976 27.371963986195624 12.172552943229679 10.077740826644002 3.8673879746347657 6.6525424979627106 10.935875236056743 30.393850123509765 7.347427448257803 25.500788835808635 11.070287158712743 5.4445671625435343 4.0874373465776443 2.6722891964018318 1.7130994219332922 13.41454247292131 12.376759410835801 10.622820396907629 6.8490916071459642
leaf_count=3775 1004 75 6254 2527 85 613 159 135 60 725 242 82 696 208 145 80 86 290 425 146 377 168 85 49 92 89 223 281 119 116
internal_value=-3.03288e-05 0.00162199 -0.0010764 -0.0115396 -0.00132631 -0.00613993 0.00588898 0.0309007 0.0347443 0.00741763 0.0125871 0.000374143 0.00783466 0.025141 0.00267271 0.0100939 0.0119279 0.00309673 -0.00255668 0.00740437 0.0111132 0.0326318 0.0025905 0.0294747 0.0457813 -0.0234355 0.00748692 0.00184204 0.00256771 0.0252227
internal_weight=780.504 729.906 498.584 108.093 54.922 49.1877 29.4293 13.7843 5.73431 231.322 132.955 98.3667 111.45 24.7158 86.7343 59.3623 18.8251 49.2846 41.3297 68.1564 60.8089 16.449 44.3599 7.95483 10.1281 50.5979 38.9153 390.491 378.114 17.4719
internal_count=19411 15547 11445 4675 2148 2003 999 386 145 4102 2296 1806 2054 369 1685 989 294 844 715 1081 935 250 685 129 227 3864 600 6770 6489 235
is_linear=0
shrinkage=0.03


Tree=56
num_leaves=31
num_cat=0
split_feature=3 16 28 10 14 2 9 10 12 12 1 18 28 5 7 2 28 3 9 5 16 16 3 25 2 28 7 18 6 29
split_gain=32.0079 14.3345 20.8686 11.6155 16.6447 15.6373 11.1779 12.8954 10.7252 11.6945 11.2488 9.85647 12.8564 8.51974 8.3116 8.22143 8.15999 10.7312 12.489 10.1666 9.92917 13.5003 8.46601 11.5911 14.2763 11.2761 6.99263 6.82294 6.7206 12.3568
threshold=8.1995434761047381 0.49182637035846716 22.590013504028324 0.14500000327825549 0.28000000119209295 240.93579864501956 -89.005546569824205 0.34499999880790716 0.1970000043511391 -0.46099999547004694 80.295772552490249 1.1837971806526186 18.71020603179932 -0.4591448307037353 -5.3632299900054923 52.297691345214851 18.289889335632328 83.906261444091811 -21.851166725158688 -0.21742309629917142 1.2922363281250002 1.1360246539115908 169.81605529785159 1.0000000180025095e-35 161.03313446044925 22.825375556945804 169.90336608886722 1.7923071384429934 -0.97789707779884327 81.26676177978517
decision_type=2 2 2 2 2 2 2 2 2 2 2 2 2 2 2 2 2 2 2 2 2 2 2 2 2 2 2 2 2 2
left_child=-1 2 6 8 5 -5 7 13 9 -3 -11 -12 -13 -2 -8 -4 -6 18 20 22 21 -18 -19 24 -24 -25 28 -26 29 -17
right_child=1 3 15 4 16 -7 14 -9 -10 10 11 12 -14 -15 -16 26 17 19 -20 -21 -22 -23 23 25 27 -27 -28 -29 -30 -31
leaf_value=-0.025219137765029861 0.036589233746340773 -0.020856055763818993 -0.016961680895254998 0.067031601738175059 -0.023600973366906551 0.0054968065961309926 -0.021466220363664662 -0.026212790891632361 -0.021704767707672441 -0.0068036931251960761 0.027649115087241216 0.034137207868027084 -0.0064399865973786465 -0.021137624063729911 -0.0059431140652251007 0.0040207318777872349 0.019312671640745471 0.047361033870905449 -0.0041678297860607205 -0.014721360961406889 0.0026862543348996348 0.10926581690878082 -0.027480039767402101 0.05526502122665345 0.0039654968887231183 0.0027733851152643755 0.029812168406801089 0.033966946196772291 0.0013393256631604334 0.033870455158302941
leaf_weight=39.681834775954485 11.004441290162504 12.818539045751093 16.526220553554595 8.8177681770175678 5.1370224105194202 6.2908467631787053 60.714112607762218 5.0672262106090775 14.491455459967254 28.567274253815413 30.618356615304947 8.5338632576167566 25.889884470030665 2.1500176647678026 64.613426031544805 46.39939146488905 3.1685521537438017 4.8965921700000754 4.4936859915032974 13.783276561647652 2.5057576522231102 3.1545811295509338 10.318875715136526 7.5074369460344297 31.314955787733197 6.6908572670072317 8.2905682083219272 7.8474318441003552 272.7252734946087 16.246142646297812
leaf_count=3207 312 308 868 79 132 67 2715 220 424 778 346 128 400 113 2350 671 113 61 168 271 80 30 242 68 401 64 85 87 4393 288
internal_value=0.000691094 0.00211155 -0.000753039 0.00818162 0.0149244 0.0433418 -0.0103847 0.011113 0.00164784 0.00500002 0.00872368 0.0155432 0.00429906 0.0263274 -0.0135736 0.00310371 0.0102819 0.0123263 0.0363748 0.00804653 0.0553345 0.0729824 0.0127685 0.00941743 0.00233001 0.0323387 0.00411504 0.0106733 0.00339305 0.0121723
internal_weight=780.266 740.584 503.737 236.847 115.928 15.1086 143.549 18.2217 120.919 106.428 93.6094 65.0421 34.4237 13.1545 125.328 360.188 100.819 95.682 13.3226 82.3594 8.82889 6.32313 68.5761 63.6796 49.4813 14.1983 343.661 39.1624 335.371 62.6455
internal_count=19469 16262 12015 4247 1863 146 5710 645 2384 1960 1652 874 528 425 5065 6305 1717 1585 391 1194 223 143 923 862 730 132 5437 488 5352 959
is_linear=0
shrinkage=0.03


Tree=57
num_leaves=31
num_cat=1
split_feature=3 4 32 16 5 18 20 9 10 10 23 29 12 12 7 16 5 18 10 14 7 14 7 17 13 5 18 18 7 3
split_gain=35.8624 14.1428 11.0106 14.7734 10.3379 12.4135 15.9481 10.0529 13.2037 16.2133 9.21554 7.64821 7.53689 7.42143 9.3463 7.02765 8.83864 13.7664 6.93889 6.45107 7.40466 12.3528 8.01259 6.26963 15.282 6.06814 6.05041 17.9695 8.32144 8.1057
threshold=8.1995434761047381 1.0000000180025095e-35 0 -0.17407006770372388 -0.78753387928009022 0.80486598610878002 1.0000000180025095e-35 -81.345256805419908 0.49500000476837164 -0.1950000002980232 1.0000000180025095e-35 86.164299011230483 -0.57400000095367421 0.32000000774860388 74.296375274658217 -0.44829782843589777 -0.83753159642219532 0.79567050933837902 -0.87499999999999989 -0.42000000178813929 -62.856004714965813 0.18500000238418582 -33.22857475280761 0.1427469998598099 33.500000000000007 -0.04725049436092376 0.80486598610878002 0.87745714187622081 31.363509178161625 488.71522521972662
decision_type=2 8 1 2 2 2 2 2 2 2 2 2 2 2 2 2 2 2 2 2 2 2 2 2 2 2 2 2 2 2
left_child=-1 13 4 -4 10 6 23 8 9 -5 11 15 -7 -2 25 16 17 -3 -9 -14 21 -21 -22 -6 -25 -15 28 -28 -20 -30
right_child=1 2 3 7 5 12 -8 18 -10 -11 -12 -13 19 14 -16 -17 -18 -19 26 20 22 -23 -24 24 -26 -27 27 -29 29 -31
leaf_value=-0.026581658633755001 0.011214525078092105 0.033250038219853416 -0.014611351760865829 -0.023830964468008642 0.028270167447852226 0.035450951888838754 -0.015558474738330096 0.039912491925637818 -0.020962286018907435 0.044987174989502013 0.018156801026136718 0.020773326978386315 -0.018791146602163952 -0.02273640998762463 0.026282762717225169 -0.022412419137469275 0.033929589904092859 -0.028571500636923933 -0.01963631088525411 -0.010338931013922451 -0.014410663075945551 0.05135244215908577 0.0044511288212306785 0.045477502173730443 -0.0063000903761289495 0.015253209478128658 0.037209783913178418 -0.0043541767971137877 -0.010383373232151856 0.0466922103444741
leaf_weight=38.593922357074916 190.0279541797936 3.6168507728725698 87.05833984632045 3.2112130485475125 45.550319729372859 4.741963241249322 11.276614206843076 2.3931612120941272 4.9359653526917091 13.797663348726926 10.788500891998408 5.2784082591533652 13.214224065653978 16.610600428655751 5.4567626602947703 33.91555511020124 4.2702916376292697 10.244767466560004 31.977447559125721 4.6137648131698352 25.116378945298493 5.8187122289091349 89.547136072069407 6.1986879706382778 17.189508954063058 4.0613742712885132 9.8046454936265928 69.134197637438774 4.7228440195322028 2.8255230560898781
leaf_count=3203 2956 82 3806 106 468 75 197 89 185 317 204 92 328 286 59 794 46 320 1121 87 427 61 1307 64 248 87 160 1992 139 60
internal_value=0.00123593 0.00272587 4.59403e-05 -0.00474132 0.00385602 0.00710322 0.0164718 0.00100591 0.0192164 0.0313927 -0.00617857 -0.0109912 0.00177197 0.00915832 -0.00565814 -0.0145434 0.000577539 -0.0112888 -0.00243123 0.000371102 0.00252823 0.0255515 0.000230692 0.0218587 0.00872483 -0.0149133 -0.00361357 0.0012092 -0.0130375 0.0139441
internal_weight=775.993 737.399 521.243 229.861 291.382 223.267 80.2151 142.803 21.9448 17.0089 68.1144 57.3259 143.052 216.157 26.1287 52.0475 18.1319 13.8616 120.858 138.31 125.096 10.4325 114.664 68.9385 23.3882 20.672 118.465 78.9388 39.5258 7.54837
internal_count=19366 16163 12775 7975 4800 3262 977 4169 608 423 1538 1334 2285 3388 432 1242 448 402 3561 2210 1882 148 1734 780 312 373 3472 2152 1320 199
cat_boundaries=0 1
cat_threshold=89
is_linear=0
shrinkage=0.03


Tree=58
num_leaves=31
num_cat=0
split_feature=2 12 11 4 22 4 2 16 8 18 4 10 14 16 18 14 18 14 1 18 7 5 2 14 10 1 8 8 16 16
split_gain=27.1032 18.219 13.3788 12.317 10.0744 8.70542 8.17792 9.0947 11.7662 12.5357 9.52727 8.79211 7.71276 14.8728 10.7602 8.87932 7.60384 7.19484 10.8987 8.64532 16.0914 10.0367 7.45957 7.09035 9.29171 11.7198 13.1959 8.55876 8.97813 7.58913
threshold=23.066596984863285 0.37450000643730169 71.000000000000014 1.5000000000000002 1.0000000180025095e-35 24.500000000000004 556.54824829101574 0.40636359155178076 -20.222151756286618 0.81063601374626171 7.5000000000000009 0.11499999836087228 0.34499999880790716 -0.97123998403549183 1.7047763466835024 0.37500000000000006 1.1837971806526186 1.0949999690055849 80.295772552490249 1.7923071384429934 12.766647815704347 -0.75976759195327748 340.38960266113287 -0.42000000178813929 0.28499999642372137 140.81438446044925 -69.950656890869126 -39.241281509399407 -0.78287568688392628 -0.23229815810918805
decision_type=2 2 2 8 2 10 2 2 2 2 10 2 2 2 2 2 2 2 2 2 2 2 2 2 2 2 2 2 2 2
left_child=1 -1 -3 4 16 6 7 10 9 -9 23 -11 -12 14 -14 -15 -2 18 -18 21 -21 22 -20 -5 25 26 -25 28 -28 -27
right_child=3 2 -4 5 -6 -7 -8 8 -10 11 12 -13 13 15 -16 -17 17 -19 19 20 -22 -23 -24 24 -26 29 27 -29 -30 -31
leaf_value=-0.025819664624220501 0.012362150819365779 0.081761404548267913 -0.018722951210061876 -0.015672541538795819 -0.0088041260495231033 0.017402722428897458 0.023099251697327718 0.03274218970658524 -0.005010142102024902 -0.010406571442275784 -0.021207715287283102 0.016125320494376445 0.051824315217635218 0.031335555680150388 -0.01119438248385945 -0.022357290266926719 -0.016692587362145257 0.034710523121569026 0.0019203311953396292 0.05342739620539233 0.0033351977955565926 -0.0097124068219072782 0.038395332268684038 -0.027369026128387701 -0.010053366752879966 0.003788448701213427 -0.0021672513019867046 0.011922774649158235 0.057350125103578946 -0.026236177211948264
leaf_weight=45.031692093238235 176.58161151502281 1.6745563913136714 1.6031756140291689 27.442972818389535 33.038539500907063 20.636426342651248 10.228843374177812 18.698990687727928 68.708402279764414 20.212261393666267 53.243857190944254 23.001827611587942 5.3945119120180625 2.3133660703897503 3.4539107941091061 19.491769377142191 24.240556308068335 4.8777182642370454 13.509078787639739 7.7059038095176247 17.560403691604733 38.026215406134725 7.1641687601804724 5.5279231742024413 46.323952876031399 17.266281826421622 3.0310819083824754 46.365960625000298 7.4229620024561864 12.208919411525128
leaf_count=3721 2553 83 127 774 649 853 107 233 1509 505 2100 413 133 48 123 714 622 47 258 95 294 550 91 99 1068 250 69 1168 137 198
internal_value=0.000875252 -0.020657 0.0397258 0.00231924 0.00669632 -0.00112562 -0.00214715 -0.00288536 0.00351029 0.0128952 -0.00623451 0.00376102 -0.0144076 -0.00229933 0.0285865 -0.0155366 0.00848847 0.00238434 0.000622637 0.0057591 0.0200651 -0.000631669 0.0157488 -0.00203192 0.000770958 0.00628121 0.013582 0.0179705 0.0414108 -0.00910086
internal_weight=781.988 48.3094 3.27773 733.678 322.704 410.974 390.338 380.109 130.621 61.9131 249.487 43.2141 83.8974 30.6536 8.84842 21.8051 289.666 113.084 108.206 83.9658 25.2663 58.6995 20.6732 165.59 138.147 91.8231 62.3479 56.82 10.454 29.4752
internal_count=19591 3931 210 15660 5159 10501 9648 9541 2660 1151 6881 918 3118 1018 256 762 4510 1957 1910 1288 389 899 349 3763 2989 1921 1473 1374 206 448
is_linear=0
shrinkage=0.03


Tree=59
num_leaves=31
num_cat=0
split_feature=3 29 4 16 8 10 12 17 17 2 17 18 2 9 17 17 17 8 7 11 10 10 16 2 11 9 10 18 4 4
split_gain=32.6716 9.42054 8.10877 8.79256 9.60147 8.00831 14.5868 9.25481 14.0548 7.9796 7.72322 7.469 9.15906 12.0507 10.1077 8.25019 7.22458 7.03251 11.3901 7.46555 6.9198 7.05469 6.85136 11.0551 8.35959 6.79658 6.6879 6.68472 6.66209 8.49999
threshold=8.1995434761047381 75.522090911865249 1.5000000000000002 0.40636359155178076 -71.038375854492173 -0.17000000178813932 0.23300000280141833 0.42457818984985357 -0.21463730931282041 556.54824829101574 -0.71519991755485524 0.95011851191520702 388.37123107910162 10.267464637756349 -0.64982390403747547 0.39910650253295904 0.52565798163414013 -0.78230336308479298 47.784276962280281 71.000000000000014 0.31000000238418585 0.56499999761581432 0.56353142857551586 257.01449584960943 71.000000000000014 56.761695861816413 1.0349999666213991 0.40214560925960546 7.5000000000000009 19.500000000000004
decision_type=2 2 8 2 2 2 2 2 2 2 2 2 2 2 2 2 2 2 2 2 2 2 2 2 2 2 2 2 8 10
left_child=-1 27 5 9 16 6 7 8 10 28 17 12 13 14 -7 20 -5 19 -19 -3 -15 -22 23 24 -6 26 -13 -2 -4 -30
right_child=1 2 3 4 22 11 -8 -9 -10 -11 -12 25 -14 15 -16 -17 -18 18 -20 -21 21 -23 -24 -25 -26 -27 -28 -29 29 -31
leaf_value=-0.026443007505127153 0.020333695667865716 0.026609414171378933 -0.0006820125309206788 0.03298320355191952 -0.0099722279565124076 0.036019539697344775 -0.024934599009575214 0.0017011070627761951 0.033188283256331018 0.022508823220101622 -0.0052171593865634174 -0.00071072821175543512 -0.010187974177141764 0.032103216680703435 -0.0035245733276103382 0.060994782449759137 -0.0073964030475542428 0.053215072048740597 -0.00088985965483922441 -0.026287661426500443 -0.023025492292989926 0.019810307826159751 -0.0012367306516853107 -0.011713306111646778 0.041444071659151344 -0.014522820325784684 0.033287436841918538 -0.016561129946983864 -0.016728156801348953 0.0033645860074599655
leaf_weight=37.349975422024727 4.1801078291609874 3.3803214933723238 154.70739610679448 16.522274740040306 3.1993789589032557 5.8737835381180039 7.9224895918741813 33.208038130775094 39.296812143176794 9.2882611118257028 20.094192709773779 59.522697671316564 18.192436285316944 15.043456897139555 37.032435419037938 4.5484871193766585 4.7461322778835884 8.0572291202843171 5.6563898939639321 4.3262486252933741 4.9676115568727237 7.2465660367161036 91.638636538758874 7.6511610075831404 12.163137281313537 31.700991783291101 4.702798042446374 34.871104449033737 64.050604437477887 26.320846708491445
leaf_count=3245 164 50 3406 230 88 78 193 493 496 93 340 1012 185 231 540 56 91 148 90 87 86 95 1971 146 236 503 76 1515 2256 1275
internal_value=0.000558145 0.00195461 0.00275947 -0.000121846 0.0060122 0.0063668 0.0123282 0.0151116 0.0205342 -0.00341027 0.00805726 0.00247247 0.00849207 0.0131151 0.00258602 0.026807 0.0240448 0.0201872 0.0323549 -0.00269415 0.0191455 0.00196454 0.0024881 0.0167539 0.0307811 -0.00338498 0.0022509 -0.0122028 -0.00448006 -0.0109033
internal_weight=777.462 740.112 701.061 390.288 135.921 310.773 121.942 114.019 80.8112 254.367 41.5144 188.831 92.9048 74.7123 42.9062 31.8061 21.2684 21.4202 13.7136 7.70657 27.2576 12.2142 114.652 23.0137 15.3625 95.9265 64.2255 39.0512 245.079 90.3715
internal_count=19475 16230 14551 9792 2762 4759 1897 1704 1211 7030 715 2862 1271 1086 618 468 321 375 238 137 412 181 2441 470 324 1591 1088 1679 6937 3531
is_linear=0
shrinkage=0.03


Tree=60
num_leaves=31
num_cat=1
split_feature=2 16 0 32 29 4 11 12 16 14 2 12 1 10 10 16 17 13 3 4 14 3 2 4 5 28 16 12 5 13
split_gain=29.5494 12.8453 11.3314 9.48677 8.59547 7.9582 9.59875 9.1533 10.1705 10.4673 9.19276 9.08949 13.2414 7.48724 8.52086 8.34841 7.69743 10.6459 6.89909 7.56777 6.4214 6.62913 5.733 6.57254 6.27924 7.77139 6.80775 6.67936 8.26735 9.20535
threshold=47.575702667236335 0.82587000727653515 25.9799919128418 0 75.522090911865249 24.500000000000004 78.500000000000014 -0.18749999999999997 0.41872498393058782 -0.10500000044703482 403.18029785156256 -0.26350000500679011 36.366125106811531 0.28499999642372137 1.0349999666213991 -0.23229815810918805 -0.07885394990444182 42.500000000000007 0.85626241564750682 231.50000000000003 1.5849999785423281 70.753379821777358 71.000835418701186 1.0000000180025095e-35 -0.75976759195327748 22.786700248718265 0.74319502711296093 -0.090500000864267335 -0.63756072521209706 48.500000000000007
decision_type=2 2 2 1 2 10 2 2 2 2 2 2 2 2 2 2 2 2 2 10 2 2 2 10 2 2 2 2 2 2
left_child=1 -1 3 13 -4 7 -7 8 11 -10 -9 -5 -13 15 -15 -2 17 -17 -3 -20 21 -6 -23 -24 25 26 -25 28 -26 -30
right_child=2 18 4 5 20 6 -8 10 9 -11 -12 12 -14 14 -16 16 -18 -19 19 -21 -22 22 23 24 27 -27 -28 -29 29 -31
leaf_value=-0.023743670550783431 -0.0022222999581195469 -0.024206100773071233 -0.015906966270212538 -0.023123958676011965 -0.017744646803555319 0.040439623228033475 -0.022405769200164412 -0.019997374910203248 -0.013040208643267064 0.035694992475964457 0.028177624607490834 0.044268091603799992 -0.020989896443753792 -0.018546217228007974 0.020520157345561982 0.00094737392910173798 0.0064305229983209582 0.06337316800164973 0.0055831789705100641 0.064277725123657384 -0.019829686990023181 0.032293862717448996 0.0096067491053580794 -0.026335175514471901 0.015742115685475219 0.002696405692913443 0.0027794748573099341 0.0098832364167404339 -0.015661430907444537 0.0066051286700672448
leaf_weight=61.315571906045079 15.424934626556931 3.9172933073714367 17.716855616308749 18.246596921235323 10.068116959184406 4.9803440934047094 2.6470481855794787 71.486557049676776 5.5815514326095572 9.8766055293381196 2.8981132470071307 4.5443840548396128 4.7779171457514167 16.207242503762249 6.1655177948996416 3.6467466913163662 9.7924024350941181 6.7469577249139547 10.081495186313985 1.5340093262493599 8.3798376210033876 6.2760348040610543 194.69505953975022 19.734561929479245 19.194346040487289 50.171154845505953 10.825102157890795 117.10001457668841 37.891993874683976 28.529082085937262
leaf_count=4598 352 325 653 721 326 146 115 2661 170 125 47 143 140 321 107 82 212 126 380 87 181 129 2660 551 262 880 224 1718 684 438
internal_value=-0.000108883 -0.0176481 0.0018291 -0.00457494 0.00408504 -0.00880669 0.0185604 -0.01147 -0.000419754 0.0183748 -0.0177715 -0.0112324 0.0120285 0.00516294 -0.00736292 0.0144287 0.0266567 0.0434759 0.00639467 0.0178154 0.00481957 0.00527647 0.00579051 0.00537595 0.00244633 -0.00459071 -0.0162607 0.00525758 -0.00111019 -0.00614142
internal_weight=780.453 76.8484 703.605 183.023 520.582 125.039 7.62739 117.412 43.0271 15.4582 74.3847 27.5689 9.3223 57.9838 22.3728 35.611 20.1861 10.3937 15.5328 11.6155 502.865 494.485 484.417 478.141 283.446 80.7308 30.5597 202.715 85.6154 66.4211
internal_count=19564 5390 14174 5468 8706 4268 261 4007 1299 295 2708 1004 283 1200 428 772 420 208 792 467 8053 7872 7546 7417 4757 1655 775 3102 1384 1122
cat_boundaries=0 1
cat_threshold=73
is_linear=0
shrinkage=0.03


Tree=61
num_leaves=31
num_cat=1
split_feature=3 4 32 10 0 10 10 12 7 16 17 17 17 3 17 11 14 10 3 2 17 14 17 10 14 3 9 7 17 9
split_gain=25.7881 11.8077 8.46493 10.6609 19.4628 14.5421 10.1925 14.8885 9.41526 9.25932 10.4549 9.17838 9.12374 13.0453 11.383 11.7362 11.7909 11.2688 10.742 9.02794 12.1204 8.83021 8.15933 9.54415 8.80769 8.14225 8.39549 7.93762 7.64772 7.45315
threshold=8.1995434761047381 1.0000000180025095e-35 0 0.28499999642372137 105.35622024536134 0.74500000476837169 0.14500000327825549 -0.33699999749660486 -25.536696434020993 -0.17407006770372388 0.77456367015838634 0.96131497621536266 0.67499551177024852 78.638252258300795 0.59293398261070263 78.500000000000014 1.0000000180025095e-35 0.47500000894069677 94.895103454589858 176.34421539306643 0.21617750078439715 0.044999998994171626 -0.44273455440998072 -0.34499999880790705 -0.21499999612569806 659.56069946289074 9.4294867515563983 -22.875698089599606 -0.20425185561180112 -75.608737945556626
decision_type=2 8 1 2 2 2 2 2 2 2 2 2 2 2 2 2 2 2 2 2 2 2 2 2 2 2 2 2 2 2
left_child=-1 -2 3 4 6 -5 8 -8 25 10 -4 -12 14 -14 15 16 28 18 -18 27 -21 22 23 -10 -24 -3 -27 29 -11 -20
right_child=1 2 9 5 -6 -7 7 -9 21 12 11 -13 13 -15 -16 -17 17 -19 19 20 -22 -23 24 -25 -26 26 -28 -29 -30 -31
leaf_value=-0.024540321827539246 0.0072136094734321097 -0.017772581109967038 -0.012098359680500003 -0.017889454368927998 -0.022493008910872945 0.017963890435647022 -0.0093435323965017931 0.053997793473606788 0.0058415595698978039 -0.019027539066519782 0.029817808868883956 -0.0072696626139337368 0.036820707368110633 -0.015180488646183257 0.036925146226813768 -0.0067527664915340239 -0.017996607493408416 -0.0023221888137212438 0.039160448243856047 -0.0075041148211451763 0.043414752927071171 -0.010265038625908487 0.027069353258746522 0.07276110575980016 -0.014675356056204318 0.048061406469267688 -0.0079067041445973589 0.059340317121890702 0.00733344106419363 -0.017286797033238471
leaf_weight=35.213751077651978 218.89697422832251 13.730276089161636 134.96634892467409 29.95014166738838 11.907672582194207 14.237759117968379 4.146842202171686 11.923464997671543 3.0520049510523677 15.944494344294069 9.9411331424489635 12.635382940061389 3.8240928743034592 46.90653302706778 7.8138617584481826 76.390502572990954 3.7450415510684243 17.375796262174845 3.9704741910099983 9.6477696551009995 6.1448551081120959 6.3532238621264687 15.884539014659822 5.1837055096402747 5.4981541959568903 3.4399958327412588 4.7632919289171696 12.054605608806016 22.951884237118065 2.8791556116193524
leaf_count=3202 3357 322 4533 441 146 212 72 167 82 466 200 495 155 1236 133 1874 178 414 84 182 75 97 216 78 95 58 85 201 512 83
internal_value=0.000176022 0.00139 -0.00108362 0.0052832 0.0118004 -0.00619528 0.0175469 0.0380631 0.0113036 -0.0032821 -0.00894303 0.00963314 0.000481027 -0.0106246 0.00367148 0.00194715 0.0089612 0.0176789 0.0265491 0.0317267 0.0137138 0.0205512 0.0272808 0.0512796 0.0161594 -0.00409754 0.0182352 0.0453297 -0.00367859 0.016254
internal_weight=771.374 736.16 517.263 130.071 85.8832 44.1879 73.9755 16.0703 57.9052 387.192 157.543 22.5765 229.649 50.7306 178.918 171.105 94.7141 55.8177 38.4419 34.6969 15.7926 35.9716 29.6184 8.23571 21.3827 21.9336 8.20329 18.9042 38.8964 6.84963
internal_count=19451 16249 12892 2071 1418 653 1272 239 1033 10821 5228 695 5593 1391 4202 4069 2195 1217 803 625 257 568 471 160 311 465 143 368 978 167
cat_boundaries=0 1
cat_threshold=9
is_linear=0
shrinkage=0.03


Tree=62
num_leaves=31
num_cat=1
split_feature=5 4 13 32 27 18 2 16 5 18 2 2 14 7 1 18 14 11 12 12 12 17 16 28 4 17 1 14 16 12
split_gain=29.7366 15.315 8.03999 7.58147 10.8962 10.3021 8.97309 8.05569 8.19644 9.55245 18.9435 7.10686 7.00073 7.36857 7.58275 7.99695 8.44232 6.82323 7.15957 11.1392 6.66653 7.2794 8.64036 10.9716 6.59748 6.58649 6.89884 6.0068 10.0228 6.57548
threshold=0.20903649181127551 1.0000000180025095e-35 32.500000000000007 0 1.0000000180025095e-35 0.74509108066558849 556.54824829101574 0.49182637035846716 -0.78753387928009022 0.32234686613082891 101.48119354248048 84.071823120117202 1.2250000238418581 52.745260238647468 81.056632995605483 0.85377278923988353 -0.20499999821186063 68.500000000000014 -0.10600000247359274 0.15450000017881396 0.056499999016523368 -1.4854578375816343 0.028396612964570526 24.994574546813968 8.5000000000000018 -0.43313944339752192 53.621520996093757 -0.79499998688697804 -1.0000000180025095e-35 0.54000002145767223
decision_type=2 10 2 1 2 2 2 2 2 2 2 2 2 2 2 2 2 2 2 2 2 2 2 2 10 2 2 2 2 2
left_child=1 2 -1 4 12 -6 7 8 20 10 -10 -4 13 14 25 16 -16 18 -13 -20 21 -5 -23 24 -24 -3 -27 28 -2 -29
right_child=27 3 11 6 5 -7 -8 -9 9 -11 -12 17 -14 -15 15 -17 -18 -19 19 -21 -22 22 23 -25 -26 26 -28 29 -30 -31
leaf_value=0.031519759172114845 -0.023457917465039748 -0.023391954883324677 -0.01730249761305348 0.036676223673406075 0.057675665349445515 0.0078686306835166545 0.022228329091525872 0.0023147309473954547 0.064443067614772878 -0.0062930919197808251 -0.0029584314288427019 -0.015955425415793392 0.031697559601854455 -0.021733486170362009 0.017032458560062275 0.018996831329185379 -0.022627767181167709 0.011303157556837806 0.024825571705215207 -0.014614975287941456 -0.027685521778926619 -0.019592604747641542 -0.026444598087546407 0.05200787310181975 0.027988914726464715 0.015664114031997047 -0.017768154702853197 -0.020358139624881651 0.042795437819424374 0.024298782584641614
leaf_weight=11.952155653387306 3.2331047868356109 13.312565110623831 9.3710642335936409 2.0636937450617543 5.5383451208472243 9.615645941346882 10.888903031125663 111.03433328587562 4.317126861773434 144.33677275944501 12.481347230263053 18.323949342593551 5.6704455502331248 11.366749906912444 7.5910668838769224 32.637329319491982 10.136238086968659 149.07486903481185 14.163080053403975 10.337469507008789 26.508439562283456 29.391057166270912 5.1021908987313491 2.9391622450202703 2.0425750119611621 13.305085974745458 8.0994650423526746 78.615036483854055 3.0745542244985691 2.272197305224835
leaf_count=145 207 319 253 53 53 137 114 2262 73 4169 234 327 75 140 82 421 140 2051 172 145 1065 973 149 59 62 276 116 4967 143 97
internal_value=-0.000232155 0.0018862 0.00853102 -0.0011505 0.00517831 0.0285152 -0.0033257 -0.00430379 -0.00750646 -0.0037737 0.0170109 0.00701678 0.00197444 -8.03933e-05 0.00303129 0.0103834 -0.00564209 0.00828791 -0.00222676 0.00826395 -0.0161629 -0.0083317 -0.0115327 0.0116074 -0.00935713 -0.00762668 0.00278496 -0.0166249 0.0102731 -0.0188223
internal_weight=768.796 681.601 213.223 468.379 117.273 15.154 351.106 340.217 229.182 161.135 16.7985 201.27 102.119 96.4485 85.0818 50.3646 17.7273 191.899 42.8245 24.5005 68.0471 41.5387 39.475 10.0839 7.14477 34.7171 21.4046 87.1949 6.30766 80.8872
internal_count=19479 14065 3093 10972 1759 190 9213 9099 6837 4476 307 2948 1569 1494 1354 643 222 2695 644 317 2361 1296 1243 270 211 711 392 5414 350 5064
cat_boundaries=0 1
cat_threshold=9
is_linear=0
shrinkage=0.03


Tree=63
num_leaves=31
num_cat=0
split_feature=3 29 28 24 5 17 7 23 17 17 7 9 11 3 9 17 9 28 12 28 17 8 8 17 3 5 12 12 2 3
split_gain=27.9857 10.2045 7.88103 7.61959 7.11125 10.0658 6.56952 6.10473 12.9118 8.92481 10.9161 9.48509 6.8323 9.4785 8.96931 11.617 11.5086 8.24545 8.21136 7.21943 15.0949 14.0056 11.3972 9.71101 9.33337 13.3491 7.45703 7.41987 6.83384 6.81417
threshold=8.1995434761047381 75.522090911865249 18.289889335632328 1.0000000180025095e-35 -0.97269129753112782 -1.4854578375816343 100.70303344726564 1.0000000180025095e-35 -0.36623531579971308 -0.48386885225772852 -7.3328149318695059 -23.984628677368161 68.500000000000014 161.55976104736331 99.756767272949233 -1.0595335364341734 -137.85687255859372 22.948931694030765 -0.34700000286102289 22.948931694030765 -0.9375849962234496 1.1514629721641543 29.090994834899906 -0.84973499178886402 220.02209472656253 -0.78753387928009022 -0.38449999690055842 -0.19049999862909314 556.54824829101574 236.76441955566409
decision_type=2 2 2 2 2 2 2 2 2 2 2 2 2 2 2 2 2 2 2 2 2 2 2 2 2 2 2 2 2 2
left_child=-1 3 -3 -2 5 -4 -7 12 9 11 -11 -9 -6 -14 15 -15 18 -16 -17 22 -21 29 23 -18 -25 -26 -27 -28 -19 -22
right_child=1 2 4 -5 7 6 -8 8 -10 10 -12 -13 13 14 17 16 19 28 -20 20 21 -23 -24 24 25 26 27 -29 -30 -31
leaf_value=-0.025144313611441139 -0.019001629953708805 -0.011479333660777562 0.043028468107711236 0.01510615457026838 -0.0024644195896235833 -0.016635896048766658 0.023244959491602813 0.027537754541139596 0.0035970650332076198 0.0095436348726582916 0.067209028913795543 -0.01778167443363534 -0.0035402935782492717 -0.010036635235622354 -0.011224637987930263 0.025160948975270332 -0.010275966962272244 0.00096062676403992943 -0.01673016615667185 0.053207803693778241 0.016446975782964952 0.017230490949435882 0.0042862486584809047 0.0019103928187489919 0.0082844421079123071 0.0064605276882821914 0.072972766426114874 0.036903303947281411 0.030318522824783891 -0.011252422004645751
leaf_weight=33.739580831490457 30.389327594079077 30.444984897971153 2.2065028669312587 6.4660983849316827 131.53915730305016 33.461598250083625 3.2884894181042901 11.015084355138244 57.141825809143484 5.1232898272573948 7.4533213116228563 5.5179379405453828 85.117785383947194 22.377006955444813 37.714770996943116 4.4469947963953045 5.8872926775366059 27.904886033385992 18.227097042836249 5.3190194815397254 9.0214172024279815 44.156516844406724 32.494268008507788 10.615833713673053 16.393657292239368 5.6950225345790377 6.9986268170177928 36.746791999787092 8.6202508024871332 39.595883825793862
leaf_count=3193 1441 1123 59 189 2752 1171 50 176 819 77 84 155 2727 555 575 53 158 389 287 87 127 593 486 284 382 98 99 498 90 663
internal_value=0.0011755 0.00240555 0.00321675 -0.0127766 0.00389652 -0.00840019 -0.012546 0.00466279 0.0120421 0.0279494 0.0461513 0.0122608 0.0034834 0.0053595 0.00764352 0.0102792 0.012243 -0.00153005 -0.00779844 0.0144037 0.00829838 0.00518363 0.0195024 0.025384 0.0282273 0.0323789 0.0400456 0.0441758 0.00851266 -0.00588464
internal_weight=775.12 741.381 704.525 36.8554 674.08 38.9566 36.7501 635.124 86.2515 29.1096 12.5766 16.533 548.872 417.333 332.215 257.975 235.598 74.2399 22.6741 212.924 98.0928 92.7738 114.831 82.3372 76.4499 65.8341 49.4404 43.7454 36.5251 48.6173
internal_count=19440 16247 14617 1630 13494 1280 1221 12214 1311 492 161 331 10903 8151 5424 4370 3815 1054 340 3475 1470 1383 2005 1519 1361 1077 695 597 479 790
is_linear=0
shrinkage=0.03


Tree=64
num_leaves=31
num_cat=0
split_feature=3 29 24 28 16 3 9 16 5 3 28 2 9 12 14 1 16 16 28 10 9 3 3 3 7 3 9 8 7 29
split_gain=22.6417 10.1117 8.15191 6.99472 7.28005 11.4162 10.0591 9.76647 10.0953 9.2924 18.5795 15.8223 12.2555 9.26808 8.68574 8.58466 8.39067 11.0937 8.37367 17.6493 8.08906 8.06856 7.53399 10.7931 7.52724 7.3183 6.88592 11.7771 6.6978 7.24577
threshold=8.1995434761047381 75.522090911865249 1.0000000180025095e-35 18.289889335632328 0.49182637035846716 115.08821868896486 16.142851829528812 0.25043059885501867 -0.83753159642219532 256.87760925292974 22.948931694030765 134.57571411132815 -81.345256805419908 0.14649999886751178 -0.22999999672174451 4.6847224235534677 -0.1622507497668266 0.060905499383807189 24.994574546813968 0.25499999523162847 -6.9865615367889395 695.99041748046886 426.41526794433599 571.15536499023449 15.947690010070803 1160.4768066406252 -84.579589843749986 -57.910634994506829 -24.876327514648434 77.177566528320327
decision_type=2 2 2 2 2 2 2 2 2 2 2 2 2 2 2 2 2 2 2 2 2 2 2 2 2 2 2 2 2 2
left_child=-1 2 -2 -3 5 14 9 8 18 12 11 -11 -6 -13 16 -10 -5 -18 26 25 -12 -21 -8 -24 -14 -20 27 -7 29 -9
right_child=1 3 -4 4 6 7 22 28 15 10 20 13 24 -15 -16 -17 17 -19 19 21 -22 -23 23 -25 -26 -27 -28 -29 -30 -31
leaf_value=-0.024172596083490618 -0.020822755301802186 -0.012248184409934018 0.014274391769501916 -0.010830911132979605 0.041719548117499707 -0.022177593968505126 -0.015907443767893333 0.018110527162477585 0.050290187023823381 -0.01337959879890885 -0.0170233446254404 0.033307811117414064 0.0031669531577238784 -0.0027180978655078915 -0.021685967616523378 0.0056167071110836035 0.066069357577916848 -0.0090800329376193901 -0.026648376971823845 0.052339551213475201 0.019637069358927683 0.0061436301660960741 0.024243710775354886 -0.0049729897306454371 0.037633366910515748 0.021155380698977509 -0.020034736328850923 0.033544256205793467 -0.0176244889797307 -0.016644172134481834
leaf_weight=33.184164416976273 30.205290718004107 30.312272069044411 6.6100138407200566 11.034384154714646 17.142845309339464 5.8849320495501161 23.004704018123448 11.981425906531515 2.946276180446147 11.153739218600093 30.002495692111552 30.954009057953954 27.009158943779767 7.8652197178453198 33.881475959904492 276.68902988824993 2.6967284511774769 2.9834205219522119 11.162121560424568 6.4480312978848797 5.6882167048752299 6.8215347304940224 15.761969810351728 34.660952249541879 6.3061683848500243 2.9576275516301385 35.653679582290351 5.8129875166341645 34.841322007589042 8.276285268366335
leaf_count=3228 1457 1112 198 541 183 233 421 219 62 249 487 322 733 110 1453 4533 80 101 273 140 89 128 216 578 98 49 1176 136 666 152
internal_value=-0.0003043 0.000802069 -0.0143104 0.00161624 0.00226118 0.000146327 0.00688165 0.00181784 0.0036501 0.0116812 0.00555227 0.0172172 0.0217763 0.0261236 -0.0131543 0.00626492 0.00438778 0.0311476 -0.00608651 0.00695697 -0.0108046 0.0306862 -0.00205331 0.00445387 0.0105976 -0.0158981 -0.013619 0.00597305 -0.00982157 0.00379648
internal_weight=769.932 736.748 36.8153 699.933 669.621 460.071 209.549 409.475 354.376 136.122 85.6637 49.973 50.4582 38.8192 50.596 279.635 16.7145 5.68015 74.7409 27.3893 35.6907 13.2696 73.4276 50.4229 33.3153 14.1197 47.3516 11.6979 55.099 20.2577
internal_count=19423 16195 1655 14540 13428 9942 3486 7767 6730 2271 1257 681 1014 432 2175 4595 722 181 2135 590 576 268 1215 794 831 322 1545 369 1037 371
is_linear=0
shrinkage=0.03


Tree=65
num_leaves=31
num_cat=1
split_feature=2 29 16 18 32 2 7 8 7 9 8 17 17 27 6 17 16 2 17 2 18 10 9 29 18 1 16 7 18 16
split_gain=23.4183 9.31886 7.48878 10.6626 8.46096 12.9321 13.7278 14.1999 7.87542 7.20211 17.73 7.118 12.9441 7.1084 8.45558 10.0998 15.3511 12.4011 7.05192 8.38988 6.78228 6.73779 7.93443 10.5575 10.5376 9.77146 6.69288 6.07062 9.3605 6.86202
threshold=23.066596984863285 75.522090911865249 0.49182637035846716 0.86189997196197521 0 187.84236145019534 27.58839321136475 31.11860275268555 169.90336608886722 9.4294867515563983 60.36194038391114 0.51652702689170849 -0.068412926048040376 1.0000000180025095e-35 -0.94107943773269642 0.11878761649131776 -0.60845366120338429 315.82583618164068 -0.33403448760509485 121.32994842529298 0.97878730297088634 0.45499999821186071 -89.005546569824205 76.836559295654311 1.1345867514610293 37.026264190673835 -0.17407006770372388 7.3703784942626962 1.6450098752975466 -0.11646045744419097
decision_type=2 2 2 2 1 2 2 2 2 2 2 2 2 2 2 2 2 2 2 2 2 2 2 2 2 2 2 2 2 2
left_child=-1 -2 4 18 5 6 21 -8 13 10 20 12 -11 27 -15 -16 17 -17 -4 -20 -5 22 26 -24 -25 -26 -3 28 -6 -29
right_child=1 2 3 9 8 -7 7 -9 -10 11 -12 -13 -14 14 15 16 -18 -19 19 -21 -22 -23 23 24 25 -27 -28 29 -30 -31
leaf_value=-0.020041110325462946 -0.012362699264536332 -0.0037957014007621143 0.044131204649969641 -0.014294698666869042 0.0069787234936543102 -0.024211350622837663 0.059269264620665861 -0.0045419462980458057 0.030053043137643263 -0.012012084059592573 0.054703218212150198 -0.015754437297387961 0.022977382452998286 0.025618850505331553 -0.026411338131962142 -0.025655108257524741 0.03789615054666326 0.021620834404623417 -0.016695670758179241 0.019348820702254532 0.0085311936384410494 -0.027738339528061016 -0.015994806928804967 -0.01222832155928265 -0.0097162741255398775 0.066990728098926561 0.039653987943037372 0.0015365994933302658 -0.013642104126947907 -0.012613469216998557
leaf_weight=42.635405224747956 34.745081423781812 5.6796488305553794 8.0113351456820947 12.582478719763456 154.29975768178701 26.636611985974014 5.5121840536594373 5.8037315560504794 8.7160485088825208 19.242190322838724 6.1023782212287179 25.607931370846927 17.016865557059646 23.55631678365171 7.3980173403397194 10.792321629822256 10.60340354871005 7.7057762015610924 6.0146520407870403 38.867960752919316 87.428940733894706 9.4893930135294777 31.995733994059265 5.2678517270833236 1.8814098769798873 3.5799417309463024 5.8420359147712571 75.459583169780672 21.767715756781399 50.949722663499415
leaf_count=3949 1589 256 82 228 2712 1237 131 212 86 433 54 533 201 330 126 240 110 76 141 435 1533 507 1464 218 99 116 129 999 556 710
internal_value=0.00130985 0.00258508 0.00335035 0.00789802 0.00121429 -0.00607548 -0.000204028 0.0288302 0.00329663 0.00414489 0.00885759 -0.00395062 0.00458491 0.00266313 0.0120008 0.00276308 0.0108107 -0.00586248 0.0195192 0.0142599 0.00554637 -0.00572459 -0.00144133 -0.00744629 0.0172366 0.0431515 0.0196427 0.00077573 0.00436667 -0.00422087
internal_weight=771.192 728.557 693.812 220.875 472.937 101.689 75.0519 11.3159 371.249 167.981 106.114 61.867 36.2591 362.533 60.0558 36.4995 29.1015 18.4981 52.8939 44.8826 100.011 63.736 54.2466 42.7249 10.7292 5.46135 11.5217 302.477 176.067 126.409
internal_count=19492 15543 13954 3640 10314 4369 3132 343 5945 2982 1815 1167 634 5859 882 552 426 316 658 576 1761 2789 2282 1897 433 215 385 4977 3268 1709
cat_boundaries=0 1
cat_threshold=6
is_linear=0
shrinkage=0.03


Tree=66
num_leaves=31
num_cat=1
split_feature=3 4 17 9 13 1 12 7 23 18 1 17 2 17 5 11 2 8 32 10 10 5 5 12 9 5 18 7 18 18
split_gain=21.3861 8.31304 8.69746 7.35162 7.10171 7.73577 7.75418 8.99071 9.05722 9.34867 6.86748 6.82252 11.6239 7.13556 6.70956 8.38549 6.30834 8.36255 9.51705 11.2405 7.81172 8.40771 9.17276 7.12936 11.1707 13.1036 10.4728 13.2482 8.72706 8.7151
threshold=8.1995434761047381 1.0000000180025095e-35 -1.6015719771385191 -222.01596069335935 32.500000000000007 106.08333587646486 0.26950000226497656 47.784276962280281 1.0000000180025095e-35 1.7191656827926638 189.3150329589844 -0.43313944339752192 122.79625320434572 -0.9095366597175597 -0.78753387928009022 81.500000000000014 556.54824829101574 82.247844696044936 0 0.2950000017881394 0.47500000894069677 -0.13282711803913114 -0.56916013360023487 -0.17249999940395352 26.10262489318848 -0.38118652999401087 0.22964722663164142 -23.811680793762203 1.318078398704529 1.5596290826797488
decision_type=2 8 2 2 2 2 2 2 2 2 2 2 2 2 2 2 2 2 1 2 2 2 2 2 2 2 2 2 2 2
left_child=-1 4 -3 -4 -2 11 7 8 9 10 -7 12 13 -6 15 -9 17 18 19 -5 -21 22 -22 24 25 -20 27 -25 -27 -30
right_child=1 2 3 16 5 6 -8 14 -10 -11 -12 -13 -14 -15 -16 -17 -18 -19 23 20 21 -23 -24 26 -26 28 -28 -29 29 -31
leaf_value=-0.023869120338050352 0.026659351673824452 -0.02817841232049139 0.035336259549366658 0.012142094788672172 -0.00021731822739513135 -6.7221529989671113e-05 -0.0091775068928756694 -0.0022816170206700183 0.046606794067373704 0.042357020981922747 0.024782552616858577 -0.01136302640427006 -0.011197966022912854 0.042781523465609698 -0.0031339441679466328 0.041472308997057852 0.016705375061418299 -0.013626643844969043 0.016212796042479521 -0.020126431527335859 -0.0057162394712448189 -0.026878958452310385 0.030059537246762597 -0.025753463746738176 -0.014483703909908054 -0.027279054737993753 -0.0089220324634750412 0.034899023464705213 0.027295799139600826 -0.015297721177495848
leaf_weight=31.642236794345081 12.846446515992282 9.4840660067275149 4.0809800289571276 95.225305872038007 5.6029780488461247 30.009117596782744 18.501802628859878 7.6783243771642429 8.5000807400792819 7.8357230927795163 14.014152089133857 41.30166885163635 14.104373950511215 8.0957407383248228 43.646960975602269 6.8934875950217247 16.621113244444132 45.788481392897666 55.875798143446445 18.757497923448682 12.774190194904808 5.3594334796071044 11.502894848585129 3.7749086460098615 25.076418350450695 11.753038085997106 175.55465829186141 9.8892186060547811 7.5387509325519186 7.8343010125681758
leaf_count=3212 156 365 60 1743 157 415 254 123 88 89 145 819 285 188 509 116 160 939 1237 338 214 125 107 77 795 431 5700 193 142 301
internal_value=-0.000107127 0.000945565 -0.00113132 -0.000571345 0.00582967 0.00440946 0.00851457 0.0113287 0.0193456 0.0140801 0.00821807 -0.00373895 0.00758795 0.0263761 0.00283085 0.0197511 -0.000931974 -0.00156731 -0.000286968 0.00580062 -0.00549638 0.00411795 0.0117535 -0.00332051 0.00269961 0.00800163 -0.00692978 0.0175294 -0.00888725 0.00598101
internal_weight=767.564 735.922 516.891 507.407 219.031 206.184 137.08 118.578 60.3591 51.859 44.0233 69.1048 27.8031 13.6987 58.2188 14.5718 503.326 486.705 440.916 143.619 48.394 29.6365 24.2771 297.297 108.078 83.0019 189.219 13.6641 27.1261 15.3731
internal_count=19483 16271 12927 12562 3344 3188 1739 1485 737 649 560 1449 630 345 748 239 12502 12342 11403 2527 784 446 321 8876 2906 2111 5970 270 874 443
cat_boundaries=0 1
cat_threshold=73
is_linear=0
shrinkage=0.03


Tree=67
num_leaves=31
num_cat=0
split_feature=2 29 4 4 3 17 16 12 11 12 7 12 7 0 5 8 14 28 7 12 13 14 8 14 8 14 3 29 8 3
split_gain=24.7701 8.2496 9.63832 12.7414 8.99315 7.784 7.40688 10.9303 7.31001 12.3328 10.9922 9.38478 8.66386 7.00719 6.80621 6.64537 11.8126 6.70918 6.59185 6.58098 6.57542 11.126 17.8635 14.0906 12.9626 9.49901 10.591 6.444 6.33259 5.94852
threshold=29.897008895874027 75.805187225341811 24.500000000000004 9.5000000000000018 203.25810241699222 0.96131497621536266 0.82587000727653515 0.37450000643730169 68.500000000000014 -0.00450000021373853 -62.856004714965813 0.042500000447034843 56.599895477294929 15.304452896118166 -0.90013122558593739 -24.358454704284664 1.0000000180025095e-35 20.863806724548343 -31.457530975341793 -0.76250001788139332 53.500000000000007 0.20499999821186068 -22.106971740722653 -0.42000000178813929 50.565748214721687 -0.21499999612569806 288.78085327148443 77.084831237792983 -51.715362548828118 387.56597900390631
decision_type=2 2 10 10 2 2 2 2 2 2 2 2 2 2 2 2 2 2 2 2 2 2 2 2 2 2 2 2 2 2
left_child=6 4 3 8 5 -2 -1 13 9 -3 -10 -11 -13 -8 -6 16 -16 -17 19 -5 -12 22 -22 -24 25 -25 -27 -28 -18 -4
right_child=1 2 29 18 14 -7 7 -9 10 11 20 12 -14 -15 15 17 28 -19 -20 -21 21 -23 23 24 -26 26 27 -29 -30 -31
leaf_value=-0.025849576112510531 -0.02373317381168415 -0.012175860473429263 0.042361633766245931 0.037643628918126337 -0.014745093762364199 0.014382193008626741 -0.025979706737215863 0.062709782452687837 0.033866611263710482 0.029617017478945445 0.0076064966066658876 -0.0050604355405055356 0.024544595229274879 0.035738640915999695 -0.0086613124835629683 -0.017119021145159154 0.0081598641532579941 0.0053381074863719669 -0.023899613663510906 -0.0063588024250747074 -0.023879748292650976 -0.012804672916027927 -0.0091601120302211778 0.061952975104819709 0.0013553546800243673 -0.018809705088721502 0.05617259491961215 0.0061956712061550841 0.046183847959523079 -0.0034488741370707391
leaf_weight=39.101730616763234 29.647121620364487 57.84518036711961 7.9046764867380244 2.2982046306133261 22.003805005922914 5.0292554162442675 5.8359439149498922 1.2559307962656019 11.499762021005152 11.966646626591681 282.31796391494572 42.034942701458931 10.217130407691 1.2442195508629081 10.652638187631966 17.543934068642557 7.2802462540566948 32.898537943139672 19.684118431061506 42.257926072925329 12.540184604935346 42.699438710696995 14.77552448119968 8.6829237099736876 13.166028526611624 3.7723826663568678 5.0774029176682216 4.2050818353891373 9.1567578930407745 3.3761735148727894
leaf_count=3730 1057 1120 270 52 801 151 501 61 145 138 4814 816 118 39 262 691 106 296 901 1195 267 829 329 157 187 108 72 62 167 124
internal_value=0.000285941 0.00166127 0.00317399 0.00261717 -0.00503368 -0.017957 -0.0204909 0.0047213 0.00417597 -0.0022339 0.00613888 0.00677072 0.0010806 -0.012053 -0.000397634 0.00381012 0.0155117 -0.00265345 -0.00989044 -0.00331267 0.00523034 -0.00117493 0.00688252 0.0149656 0.0251492 0.0388671 0.0201969 0.0363368 0.0307761 0.0294869
internal_weight=777.972 730.534 596.322 585.041 134.212 34.6764 47.4378 8.33609 520.801 122.064 398.737 64.2187 52.2521 7.08016 99.5359 77.5321 27.0896 50.4425 64.2402 44.5561 387.237 104.919 62.2195 49.6793 34.9038 21.7378 13.0549 9.28248 16.437 11.2809
internal_count=19566 15235 11704 11310 3531 1208 4331 601 9162 2192 6970 1072 934 540 2323 1522 535 987 2148 1247 6825 2011 1182 915 586 399 242 134 273 394
is_linear=0
shrinkage=0.03


Tree=68
num_leaves=31
num_cat=0
split_feature=3 0 18 18 27 1 29 18 8 7 18 18 21 4 8 18 3 17 5 13 3 17 8 7 29 8 7 0 18 26
split_gain=20.6903 8.45627 7.37852 7.18568 10.056 10.2306 12.3455 9.04837 8.87139 7.46311 7.04775 11.7681 10.0927 7.91724 7.81126 7.08549 6.60022 8.894 8.38584 14.6589 8.45706 8.32575 7.79526 7.95995 6.85205 6.49426 7.4123 6.20931 5.77016 8.55458
threshold=8.1995434761047381 38.416564941406257 1.7097818851470949 0.5171303153038026 1.0000000180025095e-35 206.05661773681643 77.177566528320327 0.57016858458518993 -7.8031001091003409 80.916362762451186 1.4869270324707033 1.5124193429946902 1.0000000180025095e-35 231.50000000000003 -75.131702423095689 0.87745714187622081 492.78237915039068 -0.38627845048904413 -0.98902499675750721 45.500000000000007 550.28985595703136 -0.97836357355117787 -88.403491973876939 -22.564409255981442 76.73075103759767 -84.097473144531236 -14.080146789550779 29.392139434814457 0.33102445304393774 1.0000000180025095e-35
decision_type=2 2 2 2 2 2 2 2 2 2 2 2 2 10 2 2 2 2 2 2 2 2 2 2 2 2 2 2 2 2
left_child=-1 2 10 4 5 -3 -7 8 -5 -10 13 -12 14 16 -13 -15 17 21 -18 20 24 -2 -21 -24 -20 -23 -27 -28 29 -19
right_child=1 3 -4 7 -6 6 -8 -9 9 -11 11 12 -14 15 -16 -17 18 28 19 22 -22 25 23 -25 -26 26 27 -29 -30 -31
leaf_value=-0.024526423620276017 -0.02057214903629374 -0.017776919479477109 -0.014989262625079115 0.049411312077726095 0.022457811915336575 -0.020345357568546409 0.03439402152102361 0.0034280178194900871 -0.0044206590966251154 0.039946637841903096 0.044216542484809815 0.022984352692750665 0.036060862646968866 -0.015485215791308885 -0.019632359385396814 0.064760169029684136 -0.024106199983240689 -0.010053847439691146 -0.010191186780087571 -0.016161367911813555 -0.0178300643998896 0.031500327366148932 0.031368410549381817 -0.0020889554113167029 0.04770808658253109 -0.0076462501742701238 0.039170612641791676 -0.0048667411403744507 -0.01636507179212681 0.038402179994940423
leaf_weight=30.222797819413245 10.366536858491598 43.222158131189644 42.194274903275073 6.6643314734101322 8.5950535368174297 5.5827358048409206 7.7144804522395134 357.30911718960851 10.999533150345085 3.8416488440707317 6.6276803240180042 4.2675139494240346 4.7623474746942511 1.0299204941838973 14.239760769531129 1.8212507246062157 8.0477930316701514 10.346651471219955 3.0321126449853208 4.4268064722418776 22.434937017038465 7.6816887855529776 25.680646329186853 8.2620230689644831 2.7676672227680683 22.151482115499672 6.1333172051236051 4.5002470863983035 79.96132914815098 3.626024109311401
leaf_count=3205 404 798 1660 66 114 71 77 5578 189 47 123 83 174 70 529 106 353 366 99 83 537 118 468 209 66 733 243 151 2724 49
internal_value=-0.000605622 0.000405454 -0.00353043 0.00301735 -0.0061235 -0.0107848 0.0115965 0.00460055 0.023064 0.00886056 -0.00156144 0.0118762 0.00122265 -0.00341401 -0.00913106 0.0392792 -0.00414446 -0.00786252 0.00307432 0.00666655 -0.00954996 0.00222382 0.0185392 0.0233978 0.0203913 0.00841885 0.00223845 0.0217172 -0.0132868 0.00424586
internal_weight=768.514 738.291 294.362 443.929 65.1144 56.5194 13.2972 378.815 21.5055 14.8412 252.168 29.8973 23.2696 222.27 18.5073 2.85117 219.419 144.767 74.652 66.6042 28.2347 50.8333 38.3695 33.9427 5.79978 40.4667 32.785 10.6336 93.934 13.9727
internal_count=19493 16288 9348 6940 1060 946 148 5880 302 236 7688 909 786 6779 612 176 6603 4788 1815 1462 702 1649 760 677 165 1245 1127 394 3139 415
is_linear=0
shrinkage=0.03


Tree=69
num_leaves=31
num_cat=0
split_feature=3 28 12 5 10 14 9 29 14 3 10 10 14 4 11 3 3 11 28 10 14 12 5 7 9 7 5 2 0 10
split_gain=20.6308 11.3709 9.82152 13.7378 15.1319 8.90785 12.1228 14.9366 12.1022 9.89691 10.252 8.39186 10.0616 9.59471 8.73572 9.35592 10.5763 17.2692 12.8493 10.9826 10.5736 8.79614 8.08717 7.66203 6.86026 6.75461 11.3732 10.4001 10.1956 9.79292
threshold=8.1995434761047381 22.590013504028324 -0.41899999976158137 -0.8126716911792754 -0.1950000002980232 0.37500000000000006 6.9728620052337655 76.151096343994155 -0.56999999284744252 115.08821868896486 -0.4849999994039535 1.1600000262260439 0.35999999940395361 16.500000000000004 71.000000000000014 968.31945800781261 541.47454833984386 83.500000000000014 24.009605407714847 0.47500000894069677 1.1899999976158144 0.26600000262260443 0.038674917072057731 -24.197547912597653 -58.511774063110344 -20.287114143371578 -0.94917574524879444 403.18029785156256 73.011444091796889 -0.17000000178813932
decision_type=2 2 2 2 2 2 2 2 2 2 2 2 2 10 2 2 2 2 2 2 2 2 2 2 2 2 2 2 2 2
left_child=-1 2 3 4 -2 6 7 -4 -9 -10 -11 12 25 14 21 16 18 19 20 -18 -16 -14 -5 -12 -20 27 -27 -3 29 -28
right_child=1 11 5 22 -6 -7 -8 8 9 10 23 -13 13 -15 15 -17 17 -19 24 -21 -22 -23 -24 -25 -26 26 28 -29 -30 -31
leaf_value=-0.024400305437683328 -0.019261756520631751 -0.0080943286374847295 -0.010310780276280891 -0.020266988039907671 0.042697998782215703 -0.018241284946186653 -0.014566019464336534 -0.019171709876520112 -0.012302865731958349 0.067687659368522973 -0.0069219426306600419 -0.020687644029830556 -0.017076472446273628 0.036855732173558475 0.010145314704447204 -0.019880449537472762 0.062488750536375572 -0.0063213933279361173 0.013500731310515093 0.018423305651221428 0.05055412710711385 0.013042340929690793 0.016414952243414372 0.029652683823078327 -0.022171420855927809 -0.018611541020200965 0.021272476364664998 0.021365856066181993 0.00042900423536141756 0.0017055882442778168
leaf_weight=29.586977772414684 4.0773801598697927 100.66378835216165 35.302080055698752 14.047634663991632 13.175045494921504 51.954200133681297 52.755073216743767 6.6792484177276483 5.5573159847408524 4.4334164671599892 6.4926806986331966 11.962148843333123 20.330653415061533 10.497471823357044 35.026975633576512 6.5790854748338452 11.329529220238333 8.6003281362354738 6.2885634638369075 10.673545340076087 6.208439737558364 13.841826337389646 7.5377017874270669 19.077337853610516 14.391696304082872 17.860056205652654 54.786691853776574 11.100334476679562 138.69683273509145 39.512590195052326
leaf_count=3208 146 2101 1286 449 159 2123 2062 274 305 52 292 297 370 325 370 149 111 100 128 118 37 205 151 428 307 522 1060 123 1547 703
internal_value=-0.00025596 0.000741769 -0.00494067 0.00860045 0.0278016 -0.00785747 -0.00360967 0.00393493 0.0158039 0.0227179 0.0293922 0.00317032 0.00377356 0.0104601 0.00812199 0.0125999 0.0150975 0.0292638 0.00774158 0.0428431 0.0172822 -0.00485266 -0.00729784 0.0204547 -0.0112017 0.00110106 0.0038305 -0.00500484 0.00562295 0.0131776
internal_weight=769.027 739.44 221.089 38.8378 17.2524 182.251 130.297 77.5421 42.24 35.5608 30.0034 518.351 506.388 143.768 133.271 99.0982 92.5191 30.6034 61.9157 22.0031 41.2354 34.1725 21.5853 25.57 20.6803 362.62 250.856 111.764 232.996 94.2993
internal_count=19508 16300 7727 905 305 6822 4699 2637 1351 1077 772 8573 8276 2220 1895 1320 1171 329 842 229 407 575 600 720 435 6056 3832 2224 3310 1763
is_linear=0
shrinkage=0.03


Tree=70
num_leaves=31
num_cat=0
split_feature=3 28 16 12 14 8 14 2 17 14 4 12 14 8 4 6 13 17 14 28 17 3 16 11 8 1 14 10 10 12
split_gain=20.8053 10.2737 11.9931 11.7579 8.37868 10.496 7.8161 7.1729 7.37863 6.29914 13.2248 11.3788 10.9644 9.18133 10.3587 9.17993 8.95393 8.29318 9.42694 20.8684 6.66563 8.07773 8.11063 6.42286 6.32972 9.75824 11.8986 11.8631 8.01131 7.83161
threshold=8.1995434761047381 19.008403778076175 0.49182637035846716 0.15450000017881396 -0.45000000298023218 6.2332913875579843 -0.56999999284744252 163.77049255371097 0.63405978679656994 1.0000000180025095e-35 19.500000000000004 0.23300000280141833 -0.20499999821186063 133.07139587402347 4.5000000000000009 -0.99887409806251515 53.500000000000007 1.141010642051697 0.12999999895691874 24.009605407714847 -1.2080913782119749 335.66105651855474 -0.64064663648605336 71.000000000000014 -6.3787858486175528 239.44480133056643 0.41499999165534979 0.24000000208616259 0.53000000119209301 -0.095499999821186052
decision_type=2 2 2 2 2 2 2 2 2 2 10 2 2 2 10 2 2 2 2 2 2 2 2 2 2 2 2 2 2 2
left_child=-1 2 -2 4 6 7 -4 8 -6 11 17 12 13 14 15 -3 -12 18 19 23 -14 22 -22 -11 29 26 -26 -28 -27 -20
right_child=1 9 3 -5 5 -7 -8 -9 -10 10 16 -13 20 -15 -16 -17 -18 -19 24 -21 21 -23 -24 -25 25 28 27 -29 -30 -31
leaf_value=-0.024313785691591025 -0.012484104403936575 0.03613120063344788 0.0004154822245799948 -0.023029476142316901 -0.0067412575004695439 -0.0115138749531999 0.04903583818538515 0.053588086240093931 0.032086286532473536 0.042388344071834477 0.041465951814815834 -0.024412311193679266 0.023736951748477623 -0.017632876491427914 -0.005985798488096692 0.0083231192822954894 -0.010258080768101122 -0.011454058745551707 -0.00093873991578873799 -0.015836979149180946 0.019601189409431792 -0.021824718226380269 -0.017950985854611492 0.016145062032423611 -0.017524043678262911 0.022402006781302986 0.041333307878804994 -0.0018902199573822465 -0.0072418314445882254 0.015176992935968078
leaf_weight=29.185245209373534 93.288286657072604 10.986826380714772 4.6954686753451824 10.613989263772963 10.323971766978508 20.167284712195396 7.2070568911731225 3.2317021880298844 6.3471058662980786 16.350819433107972 13.244858808815481 15.905793391168116 3.8658796474337569 14.280846121720968 42.452263105660677 112.44565302785486 3.3820402128621927 26.813858741894364 46.478161966428161 11.947078198194502 10.257996403612198 33.803387465886772 8.5960661349818093 20.27336550783366 44.058809391222894 22.283812208101153 5.5845902943983665 42.710028165020049 12.059011926874517 63.852469782344997
leaf_count=3246 4525 139 132 438 280 527 54 52 116 124 431 427 84 195 1248 1643 165 511 750 242 216 720 179 212 722 228 52 705 120 1078
internal_value=9.88322e-05 0.00109652 -0.00571989 0.00440025 0.010331 0.00346858 0.0313742 0.0184747 0.00902059 0.00292997 0.005659 -0.000633266 0.0010607 0.00467958 0.00669458 0.0110688 0.0309598 0.00421798 0.00572421 0.017629 -0.0103551 -0.0132538 0.00243836 0.0286766 0.00322089 -0.00135508 -0.00642795 0.00384507 0.0120826 0.00844059
internal_weight=766.694 737.508 155.875 62.5866 51.9726 40.0701 11.9025 19.9028 16.6711 581.634 329.039 252.595 236.689 180.166 165.885 123.432 16.6269 312.412 285.598 48.5713 56.5233 52.6575 18.8541 36.6242 237.027 126.696 92.3534 48.2946 34.3428 110.331
internal_count=19561 16315 6124 1599 1161 975 186 448 396 10191 5340 4851 4424 3225 3030 1782 596 4744 4233 578 1199 1115 395 336 3655 1827 1479 757 348 1828
is_linear=0
shrinkage=0.03


Tree=71
num_leaves=31
num_cat=1
split_feature=0 14 8 9 32 12 5 18 12 3 29 5 18 12 3 27 16 3 13 16 13 13 3 5 18 29 3 7 12 3
split_gain=22.5967 8.00397 9.30106 6.37861 9.433 9.80242 8.45229 9.09802 12.2449 8.1144 7.87265 12.1567 10.7253 7.8094 8.46387 7.40516 8.52635 9.19908 7.18945 6.34159 13.0182 7.8181 6.2776 6.26562 6.09963 6.07972 6.07587 7.30962 8.43425 6.76321
threshold=10.97759008407593 0.064999999478459372 -12.874896526336668 1.9187189936637881 0 -0.41899999976158137 -0.70125329494476307 1.9294059872627261 -0.41899999976158137 968.31945800781261 79.001594543457045 -0.83753159642219532 0.71188476681709301 0.13650000095367434 181.35945129394534 1.0000000180025095e-35 0.96688616275787365 561.17974853515636 48.500000000000007 0.75175401568412792 42.500000000000007 42.500000000000007 52.453363418579109 -0.88134551048278797 0.72820800542831432 76.34873199462892 709.90991210937511 -30.84140586853027 0.40150000154972082 545.83404541015636
decision_type=2 2 2 2 1 2 2 2 2 2 2 2 2 2 2 2 2 2 2 2 2 2 2 2 2 2 2 2 2 2
left_child=1 -1 19 -2 5 18 9 13 -9 10 11 -6 -12 14 -8 16 17 -15 -5 21 -21 -3 -7 -11 -16 -22 27 28 29 -23
right_child=3 2 -4 4 6 22 7 8 -10 23 12 -13 -14 15 24 -17 -18 -19 -20 20 25 26 -24 -25 -26 -27 -28 -29 -30 -31
leaf_value=-0.020497678298493013 0.0052625956391373569 -0.02091485837876747 -0.020663513822603497 -0.012484551835648554 -0.011751444702714171 0.023992189439887558 -0.029729969144445645 0.051798545032461459 -0.0066165349784351587 -0.015431331919193075 0.060440857741647168 0.02217125180816865 0.010407261381142011 -0.013006649164826342 0.0052456164094916678 0.034901231283621055 0.030104029393514715 0.014929830412582995 0.024815901290051613 0.066810898803344468 0.025010310218478132 0.018589333145763901 -0.019794757498965445 0.010793205718194119 -0.011535827916394461 -0.024707747862937529 -0.025292426636187759 -0.01306812658448042 -0.017919404188380405 0.070046053377119957
leaf_weight=51.624245028942823 320.52132049761713 14.038368728943167 23.128377579152584 7.5853576315566924 14.813254194334144 2.3043313883244982 14.068899784237145 5.4215590357780457 6.0958705591037852 15.418020578101279 6.6306024733930817 23.281981393694881 8.8360535670071823 30.946640587411821 30.867258206009865 5.5510148219764224 6.7893803380429736 14.922564890235661 9.3771440405398589 2.8282167604193074 3.1254705945029855 12.698578552342953 49.801832505501807 15.41259275190532 49.819683507084846 3.7825183505192399 3.9428295549005261 7.3402013508603039 3.4064584150910369 2.2451004348695269
leaf_count=3397 6038 650 1952 266 293 126 339 41 120 342 74 182 144 426 292 65 73 151 171 83 100 312 2180 150 603 156 125 457 106 75
internal_value=-2.88568e-05 -0.0114742 -0.00520191 0.00228294 -0.000727956 -0.00969166 0.00209262 -0.00178914 0.0228224 0.00983567 0.0167901 0.0090173 0.0342247 -0.00377844 -0.00905513 0.00481903 0.00105657 -0.00379348 0.00836932 0.00175051 0.022427 -0.00325799 -0.017443 -0.00239416 -0.00513036 -0.00189504 0.00551643 0.0110153 0.0208264 0.0302285
internal_weight=766.626 128.16 76.5361 638.465 317.944 69.0687 248.875 164.483 11.5174 84.3925 53.5619 38.0952 15.4667 152.965 94.7558 58.2096 52.6586 45.8692 16.9625 53.4077 9.73621 43.6715 52.1062 30.8306 80.6869 6.90799 29.6332 25.6903 18.3501 14.9437
internal_count=19489 7413 4016 12076 6038 2743 3295 2110 161 1185 693 475 218 1949 1234 715 650 577 437 2064 339 1725 2306 492 895 256 1075 950 493 387
cat_boundaries=0 1
cat_threshold=6
is_linear=0
shrinkage=0.03


Tree=72
num_leaves=31
num_cat=0
split_feature=3 28 10 29 18 0 3 18 14 23 29 17 9 18 3 29 3 9 14 17 8 8 11 7 9 17 3 29 18 14
split_gain=16.1549 8.26511 7.96342 7.55678 7.49394 5.99286 5.27801 10.3664 12.2146 17.5365 10.0133 9.00918 9.69157 8.92952 6.44091 8.98211 8.15022 7.50386 9.85668 15.1968 12.3917 7.9946 7.36803 9.50634 11.4412 10.1401 10.5842 10.2804 10.2557 10.1109
threshold=0.49395650625228887 18.289889335632328 1.3499999642372134 75.522090911865249 0.40214560925960546 24.287681579589847 115.08821868896486 1.5075686573982241 0.38499999046325689 1.0000000180025095e-35 84.152141571044936 0.55027690529823314 -13.090242385864256 0.13759496062994006 320.57951354980474 75.77988433837892 476.22442626953131 -27.626015663146969 -0.1950000002980232 0.27514992654323583 -30.622309684753414 -41.725002288818352 83.500000000000014 -49.41180229187011 71.326526641845717 -0.65381282567977894 709.90991210937511 78.715969085693374 0.78497427701950084 0.064999999478459372
decision_type=2 2 2 2 2 2 2 2 2 2 2 2 2 2 2 2 2 2 2 2 2 2 2 2 2 2 2 2 2 2
left_child=-1 -2 3 4 5 -3 7 8 10 11 13 -10 -13 -5 15 -8 -16 18 20 21 -17 -20 23 -18 25 27 28 -25 29 -27
right_child=1 2 -4 6 -6 -7 14 -9 9 -11 -12 12 -14 -15 16 17 22 -19 19 -21 -22 -23 -24 24 -26 26 -28 -29 -30 -31
leaf_value=-0.028532091013512208 -0.014640024844292965 0.046328003453715683 -0.027412598917994233 0.043873139161089716 -0.016735780066163011 -0.018004861064173556 -0.010483413881144625 -0.021155915494741544 -0.013435968165620163 0.058736397712083055 0.041565744190654792 0.055520367137696432 -0.01972274967376865 -0.016861495594765592 -0.0053234517299290476 0.012311945926435593 -0.015722269699233415 0.0041399484611742048 0.032350621799598876 -0.010534713018896467 0.060904382725358745 0.0044893312021632419 -0.0046364505271553795 -0.019874421320680118 -0.00077452774240025564 0.01688128599701412 0.0050204570627098285 0.02044317467570092 0.014495259773636681 0.05493250464225561
leaf_weight=16.429759768769145 29.391838617622852 2.4163529984652992 7.5733453128486863 1.3836965113878239 31.02557831723243 1.4182255966588853 20.078667232766747 23.372352388687432 10.976322420872753 6.0260796248912802 2.3223096011206499 3.4331108909100294 1.7278884118422855 32.29084213450551 118.45370807033032 10.928423405624928 15.093753691762684 84.26014290843159 22.799229607917368 19.621630744077265 8.2971411421895009 15.782388054765759 67.907106921076775 13.920523613691332 78.767230147495866 12.579196289181711 40.1579220443964 8.2361178398132306 41.103177133016288 14.686644536443053
leaf_count=1930 1207 91 341 29 1593 72 521 1347 540 165 102 123 73 1526 2142 183 316 1500 315 317 120 241 1192 368 1260 206 678 193 635 210
internal_value=1.8832e-05 0.000684958 0.00133301 0.00167821 -0.0117467 0.0237317 0.00238872 -0.00472757 0.00212036 0.0191725 -0.00861314 0.00183302 0.0312168 -0.0131726 0.00337401 0.00806004 0.00128657 0.0104131 0.0170998 0.0106078 0.0352573 0.0213549 0.00397289 0.00658555 0.0082602 0.0136703 0.0174192 -0.00465185 0.0245245 0.0385957
internal_weight=762.461 746.031 716.639 709.066 34.8602 3.83458 674.206 81.5326 58.1602 22.1634 35.9968 16.1373 5.161 33.6745 592.673 181.768 410.905 161.689 77.4288 58.2032 19.2256 38.5816 292.452 224.545 209.451 130.684 108.527 22.1566 68.369 27.2658
internal_count=19536 17606 16399 16058 1756 163 14302 3905 2558 901 1657 736 196 1555 10397 3197 7200 2676 1176 873 303 556 5058 3866 3550 2290 1729 561 1051 416
is_linear=0
shrinkage=0.03


Tree=73
num_leaves=31
num_cat=0
split_feature=3 4 6 20 3 9 1 8 18 18 3 0 29 18 18 18 8 14 3 7 9 8 18 3 2 14 17 17 18 9
split_gain=18.9771 9.89593 9.721 13.4708 12.744 10.2213 10.01 14.5496 14.7405 9.02561 8.51287 8.3597 7.35426 6.56686 8.17677 6.87273 6.63346 6.35246 6.37005 6.25668 6.08856 10.3854 8.0704 6.08252 17.3908 14.5504 6.01092 11.8693 6.3761 6.28199
threshold=8.1995434761047381 1.0000000180025095e-35 -0.61626377701759327 1.0000000180025095e-35 512.65859985351574 -21.851166725158688 107.40356445312501 -88.403491973876939 0.78908342123031627 0.20206118375062945 387.56597900390631 46.616378784179695 86.164299011230483 1.2107300162315371 1.4308754205703738 0.21339819580316546 -44.357536315917962 0.49499998986721044 459.43595886230474 -52.227149963378899 -95.571743011474595 -19.675163269042965 0.95011851191520702 158.64189147949222 126.98769378662111 0.18500000238418582 0.66239419579505932 0.60379037261009227 0.5171303153038026 -75.608737945556626
decision_type=2 8 2 2 2 2 2 2 2 2 2 2 2 2 2 2 2 2 2 2 2 2 2 2 2 2 2 2 2 2
left_child=-1 13 3 4 5 10 7 -6 -9 -7 11 -3 26 15 -15 -2 -16 -18 -19 -11 -13 -22 -23 -5 25 -25 27 28 -4 -30
right_child=1 2 12 23 6 9 -8 8 -10 19 -12 20 -14 14 16 -17 17 18 -20 -21 21 22 -24 24 -26 -27 -28 -29 29 -31
leaf_value=-0.022844069477888272 -0.017146408577196934 0.0051520755695240467 -0.023823857078414706 -0.023749343326759282 -0.012430244057087153 0.026798881731225969 0.0080178285380216509 0.071550890378988874 0.015395707184317839 0.022621521704891678 -0.011101889843076938 0.0061034141704262405 0.021256698089560891 -0.014621416098828983 -0.022649563481308272 0.012452143488383209 0.004099169728824706 0.0040208886737212656 0.049477361094239294 -0.0084360105026349014 0.058359236871911642 0.038357409049551677 -0.0079652852553780823 -0.021511929073725893 -0.012962440940952428 0.059949236523512778 -0.023953100382294059 0.032361526164663527 0.0071689453329484253 -0.010236871264988151
leaf_weight=27.315920364111662 6.5785228684544554 75.592543999664485 18.562776650302112 19.681337714195251 4.6757712773978737 6.7105605257675043 46.853710247203708 8.2354622008278984 9.0217443313449603 5.2261756844818583 18.006869740784168 12.374873444437979 6.8750453479588023 22.386835985817015 5.3397559132426968 142.61959097161889 39.060165945440531 5.2138893017545325 5.4379060119390488 106.49497926887125 7.7735230494290581 5.2900613509118575 6.7269589025527239 2.2937515927478662 33.820816959254444 5.107304697856307 18.840040862560272 5.8896456379443398 26.568350465036929 57.462902203202248
leaf_count=3239 102 2216 582 938 66 146 513 78 117 70 306 97 113 440 103 1961 648 89 58 3109 76 63 98 110 754 108 657 62 792 1760
internal_value=0.00125889 0.00218484 -0.000143754 0.00234362 0.00485965 0.00162164 0.0161668 0.0324662 0.0446452 -0.00468342 0.00754918 0.0107393 -0.00703982 0.00738288 0.000282871 0.0110416 0.00649644 0.010012 0.0294818 -0.00679538 0.0233186 0.0332718 0.0138068 -0.010456 -0.00369689 0.0351472 -0.00872148 -0.00588163 -0.00836826 -0.00471405
internal_weight=762.038 734.722 508.085 373.886 312.983 244.197 68.7867 21.933 17.2572 118.432 125.765 107.758 134.199 226.637 77.4386 149.198 55.0517 49.712 10.6518 111.721 32.1654 19.7905 12.017 60.9032 41.2219 7.40106 127.324 108.484 102.594 84.0313
internal_count=19471 16232 12831 8865 6955 6181 774 261 195 3325 2856 2550 3966 3401 1338 2063 898 795 147 3179 334 237 161 1910 972 218 3853 3196 3134 2552
is_linear=0
shrinkage=0.03


Tree=74
num_leaves=31
num_cat=1
split_feature=3 29 5 3 23 14 5 1 28 12 8 3 14 3 28 11 9 8 7 31 22 9 8 10 14 11 12 3 13 10
split_gain=15.3855 7.2405 6.30834 6.16103 7.6191 12.9441 6.1502 8.9389 7.53966 6.93338 5.85088 9.10947 11.8015 11.4553 13.4597 9.33605 7.99036 9.80215 9.99977 9.07821 7.6186 7.47366 8.53092 6.99458 6.7269 6.72179 6.69996 6.00021 8.29896 9.28616
threshold=0.49395650625228887 75.522090911865249 0.52643132209777843 121.44297790527345 1.0000000180025095e-35 0.38499999046325689 -0.97269129753112782 3.535241007804871 25.503168106079105 -0.10600000247359274 -55.639192581176751 324.63864135742193 0.014999999664723875 541.47454833984386 25.503168106079105 76.500000000000014 9.4294867515563983 77.626277923583999 56.599895477294929 0 1.0000000180025095e-35 -97.263153076171861 -65.123928070068345 0.34499999880790716 0.90500000119209301 86.500000000000014 -0.30349999666213984 476.22442626953131 47.500000000000007 -0.044999999925494187
decision_type=2 2 2 2 2 2 2 2 2 2 2 2 2 2 2 2 2 2 2 1 2 2 2 2 2 2 2 2 2 2
left_child=-1 2 -2 4 -3 -6 8 -8 -5 -10 11 21 -13 26 15 -15 17 18 27 20 24 -9 -23 -21 -18 -25 -14 28 29 -12
right_child=1 3 -4 6 5 -7 7 10 9 -11 16 12 13 14 -16 -17 19 -19 -20 23 -22 22 -24 25 -26 -27 -28 -29 -30 -31
leaf_value=-0.028442964271761691 -0.015312948364659705 -0.0096831355072418482 0.037724101501961982 -0.016265235375610643 -0.016331662643173938 0.035119396451990775 0.042971893083379661 -0.0019417033209539565 0.035517063380433735 -0.0095590289398517179 0.0093010120149121557 -0.024454950780963984 0.018580364791913894 0.0022544075598453792 -0.026466425044251216 0.047323292498143647 0.0073650586158112083 0.042316784243401746 -0.014864970074798369 -0.016021430280101851 -0.014590396587697702 0.040471082285906228 -0.0092489671382335638 -0.0058050048094125326 -0.01451062298262804 0.037712391710784818 -0.024270954454087459 0.016375806693002221 0.01268995568006895 -0.014355387729719034
leaf_weight=15.675407323520629 33.582812062930316 77.375179412774742 1.2042511533945788 30.001203633844852 7.1410748828202477 8.8479825286194664 4.0583286406472316 23.342717126943171 4.8296434115618467 5.7997894585132581 27.936743153259155 28.199580969288945 3.3343453221023109 7.3184887077659431 4.4367782939225426 8.8384223347529751 170.32943488843739 6.5445119161158791 15.893037587404249 43.883537176996469 17.214769266545773 9.0886008739471418 4.0245959907770148 9.2313624238595349 12.740712076425551 3.7203616006299844 15.123105305247007 67.885791693814099 62.577351402491331 29.928251520730559
leaf_count=1930 1670 3903 103 1132 274 243 105 313 123 144 517 694 32 142 74 99 1895 67 181 1621 264 147 109 318 143 66 329 996 1084 709
internal_value=5.6459e-05 0.000693918 -0.0124741 0.00135606 -0.0057863 0.0125315 0.00244572 0.00324614 -0.00870007 0.0122149 0.00288953 -0.00353233 -0.010028 0.00074051 0.0157661 0.02823 0.00431743 0.00863291 0.00735252 0.000760223 0.00377076 0.00839808 0.0256373 -0.00885197 0.00577207 0.00850239 -0.0159728 0.00929607 0.00520369 -0.00297029
internal_weight=760.108 744.433 34.7871 709.646 93.3642 15.9891 616.281 575.651 40.6306 10.6294 571.592 103.707 67.2507 39.0511 20.5937 16.1569 467.886 210.766 204.221 257.12 200.285 36.4559 13.1132 56.8353 183.07 12.9517 18.4575 188.328 120.442 57.865
internal_count=19427 17497 1773 15724 4420 517 11304 9905 1399 267 9800 1939 1370 676 315 241 7861 3554 3487 4307 2302 569 256 2005 2038 384 361 3306 2310 1226
cat_boundaries=0 1
cat_threshold=10
is_linear=0
shrinkage=0.03


Tree=75
num_leaves=31
num_cat=0
split_feature=3 18 10 17 2 9 10 8 0 10 28 28 1 28 10 12 12 8 10 28 10 8 10 28 10 9 8 0 10 3
split_gain=18.4302 7.0314 6.68277 13.5963 9.1542 10.887 10.3414 9.65723 7.00447 6.82035 6.74193 6.3085 10.3671 5.39827 4.96664 5.47493 12.0997 4.88426 4.83996 5.64255 4.63517 4.68404 7.63396 6.52023 8.3992 23.2223 11.0463 8.41602 6.44566 5.49831
threshold=8.1995434761047381 2.1633379459381108 -0.34499999880790705 -0.21463730931282041 340.38960266113287 -27.626015663146969 -0.49500000476837153 -13.904138565063475 38.882541656494148 -1.014999985694885 18.289889335632328 25.763958930969242 125.36048889160158 18.917017936706547 -0.49500000476837153 0.1095000021159649 -0.00450000021373853 46.088130950927741 -0.33500000834465021 22.987782478332523 1.3499999642372134 -6.1504218578338614 0.7150000035762788 22.726541519165043 -0.1950000002980232 109.08686828613283 133.07139587402347 94.322036743164077 1.1600000262260439 134.43284606933597
decision_type=2 2 2 2 2 2 2 2 2 2 2 2 2 2 2 2 2 2 2 2 2 2 2 2 2 2 2 2 2 2
left_child=-1 2 3 11 5 6 7 8 -5 -7 -4 13 -13 14 15 16 -2 -3 19 -12 21 -20 23 29 25 -25 -26 -28 -24 -23
right_child=1 17 10 4 -6 9 -8 -9 -10 -11 18 12 -14 -15 -16 -17 -18 -19 20 -21 -22 22 28 24 26 -27 27 -29 -30 -31
leaf_value=-0.023620611220509929 -0.020851900437766205 -0.022516311267864634 -0.012395565716247284 -0.01669132367344173 0.0235716328682593 0.024545571541784845 -0.013152342153741324 0.054298888554240338 0.025975856156414578 -0.016481156060479684 0.033192900944259383 0.033213844626183091 -0.025915556022827524 -0.024887408000354185 -0.024414767588813214 -0.020631074086094003 0.061877961712148474 0.0090372114856919015 0.0069226285278354664 -0.0046932276808103416 -0.019372577002366897 -0.025119574899471864 -0.020002256306247117 0.046329096138722298 -0.00047120986294100077 -0.010923425770300494 0.049492655986299795 0.010610522833172781 0.012471434928019262 -0.0011632861655795012
leaf_weight=26.149720743298531 2.0486810775473714 16.579839349724356 22.20673452783376 5.0060819080099481 16.102674909867346 3.2133356165140858 8.616637319326399 5.7561871400103 7.4019598998129368 31.64765892829746 9.5049636485055071 4.9959357436746341 3.855950303375721 36.081293028779328 3.927409712225197 2.0789545588195324 2.8448548428714275 5.2796434508636585 253.34925413224846 4.9974587373435488 6.7912685424089423 8.8805049890652281 23.27715912740678 13.920665367506446 121.85787186492234 10.580766635015605 5.8231330346316126 22.140113711357117 6.3682261370122424 68.632684923708439
leaf_count=3227 98 664 811 156 171 54 266 89 78 1082 140 111 61 1000 224 131 90 117 5480 71 282 373 437 246 1734 128 73 220 80 1744
internal_value=0.00065361 0.00154965 0.0020728 -0.00395445 0.00415084 -0.00121774 0.0128999 0.0252998 0.00880059 -0.0121205 0.00346935 -0.0151151 0.00744055 -0.0194314 -0.000796874 0.0139002 0.0295817 -0.0148333 0.00412396 0.0206769 0.00364345 0.00397132 0.00129987 0.00300944 0.00621763 0.0221462 0.00348315 0.0201367 -0.0128471 -0.00419289
internal_weight=759.918 733.768 711.908 133.578 77.7445 61.6419 26.7809 18.1642 12.408 34.861 578.331 55.8331 8.85189 46.9812 10.8999 6.97249 4.89354 21.8595 556.124 14.5024 541.622 534.83 281.481 251.836 174.323 24.5014 149.821 27.9632 29.6454 77.5132
internal_count=19438 16211 15430 3611 1896 1725 589 323 234 1136 11819 1715 172 1543 543 319 188 781 11008 211 10797 10515 5035 4518 2401 374 2027 293 517 2117
is_linear=0
shrinkage=0.03


Tree=76
num_leaves=31
num_cat=0
split_feature=3 14 12 4 8 18 10 4 28 10 28 5 7 5 10 14 18 18 7 0 17 28 18 14 28 29 18 18 22 8
split_gain=17.3265 13.027 10.4047 7.57723 7.99088 9.04441 8.84988 8.48461 11.4076 6.71789 6.5695 6.39771 6.70606 12.2323 12.4153 7.46312 5.98662 5.86664 6.64866 9.38781 6.63749 9.16848 8.86298 6.80156 9.10355 5.31358 5.23132 8.89864 8.00301 7.16842
threshold=68.04062652587892 -0.99500000476837147 0.54000002145767223 1.5000000000000002 -9.4519371986389142 1.5596290826797488 1.1600000262260439 19.500000000000004 22.87558746337891 -0.79500001668930043 22.786700248718265 -0.13282711803913114 -16.002643585205075 -0.73172146081924427 0.53000000119209301 -0.24999999254941938 1.4869270324707033 1.4308754205703738 -25.26020526885986 19.389822959899906 -0.43760488927364344 22.786700248718265 1.5673300027847292 -0.21499999612569806 24.009605407714847 84.152141571044936 1.1837971806526186 1.4366115331649782 1.0000000180025095e-35 152.67790985107425
decision_type=2 2 2 10 2 2 2 8 2 2 2 2 2 2 2 2 2 2 2 2 2 2 2 2 2 2 2 2 2 2
left_child=1 10 25 26 5 6 9 -7 -9 -5 -1 12 16 -14 15 -15 -11 18 19 -6 -19 22 -22 -23 -25 -3 28 29 -2 -28
right_child=3 2 -4 4 17 7 -8 8 -10 11 -12 -13 13 14 -16 -17 -18 20 -20 -21 21 23 -24 24 -26 -27 27 -29 -30 -31
leaf_value=0.081966849900066238 0.0097322351940752564 -0.021117402768922419 0.046304762521135946 -0.022657882242297638 -0.013913458780016475 -0.017192336943136904 -0.02715026138602903 -0.012115308769877965 0.063156245337174594 0.0043284739028347282 -0.0038088308887938263 -0.010155316665645333 -0.0026875170736310873 0.0091268191357207415 -0.01491296991285348 0.051864024938693791 0.039276789962232654 -0.01349740165542667 -0.013321862722836886 0.024387109840571929 0.018363928516199692 0.052657000575660196 -0.023350480725563273 0.030192680005466353 -0.020378758727277343 0.012612316733566567 -0.016381385965933654 0.0056007729624039911 -0.0082156049425476559 0.020408515947115284
leaf_weight=0.86872873594984357 181.52170176804066 61.245705807581544 1.3458597818389524 5.8393357899039975 10.809028479270639 31.095390433445573 6.3200116269290438 3.7900803461670867 2.0747354160994291 104.09740867838264 1.2617547716945408 15.310272963717578 13.158110886812208 5.3970689158886698 3.6505021303892127 15.151978847570719 3.6349662095308295 15.232920248061417 97.065868264995515 10.306741561740635 7.0936274295672801 4.6106994152069118 9.6645035566762072 7.2244552876800281 4.3671683147549629 3.8675102614797643 35.22480938769877 76.063398634083569 24.710730111226439 4.6206081993877879
leaf_count=57 2382 5102 67 197 333 875 256 215 42 2495 92 431 346 89 83 226 98 419 2264 129 117 73 326 95 93 249 678 1197 463 61
internal_value=-9.28783e-05 -0.0143684 -0.0169651 0.0013284 -0.0015639 0.00233074 0.00522187 -0.0109493 0.0198338 0.00660756 0.0461779 0.00780674 0.00975868 0.0205614 0.0328077 0.0415838 0.00585803 -0.00645314 -0.0100266 0.00503868 0.00233552 0.0098348 -0.00565321 0.0252515 0.0110345 -0.0189535 0.00469771 -0.00040279 0.00755246 -0.0117199
internal_weight=766.626 68.5896 66.4591 698.036 375.895 209.52 172.56 36.9602 5.86482 166.24 2.13048 160.4 145.09 37.3577 24.1995 20.549 107.732 166.375 118.182 21.1158 48.1934 32.9605 16.7581 16.2023 11.5916 65.1132 322.141 115.909 206.232 39.8454
internal_count=19550 5567 5418 13983 9202 5353 4221 1132 257 3965 149 3768 3337 744 398 315 2593 3849 2726 462 1123 704 443 261 188 5351 4781 1936 2845 739
is_linear=0
shrinkage=0.03


Tree=77
num_leaves=31
num_cat=2
split_feature=3 32 16 3 5 14 18 14 32 16 17 5 9 7 18 18 4 0 16 14 0 14 3 18 10 17 14 15 4 9
split_gain=14.27 7.57629 14.7101 8.61935 8.12425 9.05991 7.53635 6.80264 11.1756 13.8719 13.4447 9.51551 10.4522 8.91481 9.83982 9.595 8.51068 7.57358 9.18419 7.43007 11.3368 10.808 7.0608 11.6717 10.1475 7.83761 7.42504 6.47639 7.14837 6.45008
threshold=8.1995434761047381 0 0.49182637035846716 48.173698425292976 -0.67050644755363453 -0.56999999284744252 2.1768919229507451 1.0000000180025095e-35 1 -0.063237648457288728 -0.18673217296600339 -0.04725049436092376 -65.214942932128892 -18.166779518127438 1.8445399999618532 1.5307921171188357 19.500000000000004 5.8847463130950937 0.46302187442779547 -0.30500000715255732 75.872070312500014 -0.42000000178813929 316.91842651367193 1.4408521652221682 -0.37499999999999994 0.47327268123626715 -0.79499998688697804 48.500000000000007 2.5000000000000004 -47.045381546020501
decision_type=2 1 2 2 2 2 2 2 1 2 2 2 2 2 2 2 10 2 2 2 2 2 2 2 2 2 2 2 10 2
left_child=-1 2 -2 -4 5 -5 7 8 9 13 -10 16 -13 -3 15 19 -9 18 -14 20 21 -15 23 26 25 -24 -12 -6 -29 -11
right_child=1 6 3 4 27 -7 -8 11 10 29 22 12 17 14 -16 -17 -18 -19 -20 -21 -22 -23 24 -25 -26 -27 -28 28 -30 -31
leaf_value=-0.022242515393252567 -0.011532577173113406 -0.0026666570148132329 0.037575943609591794 -0.021911132814119123 -0.023271848964763801 0.017169307240678382 -0.02128964901066643 0.0064338526574408287 -0.018844814036920874 0.010719917773825376 0.029365359051885004 0.038514447416637933 -0.018140956538209324 0.021886509401305442 0.056786291036428939 -0.015930787062348638 0.033622814208311362 -0.01803096512706125 0.070826645113602565 0.0035902818297080955 0.0088919407512831044 0.085417917320145864 0.023315541202980277 0.045218470209178629 -0.018872398632698625 -0.015282981115121127 -0.011384201771925799 0.019583816198466504 -0.01516156902172092 -0.014349772671745413
leaf_weight=25.256247900892049 117.73629260528833 18.275157749652863 5.7623218186199656 5.4305695667862883 14.152196437120436 33.509988823905587 11.095397031866012 256.47760999388993 53.420717496424913 12.265533682890235 4.6733350222930357 2.8654960691928855 1.4658696772530668 6.1296803578734362 5.4614554205909362 6.393626829609274 9.8796725524589402 30.783510621637106 1.0732115982100365 12.520703136920931 10.168327935039995 4.3634376432746667 12.434765024110677 6.5079083619639269 23.561043596826494 6.4649497373029581 12.847344486042857 9.9535127170383948 9.4017950575798732 30.263345139101148
leaf_count=3249 5768 396 182 169 521 673 362 3109 1098 198 68 89 111 104 58 134 190 721 57 161 123 53 143 76 399 119 237 166 298 510
internal_value=-0.000510503 0.000265107 -0.00463616 0.00517478 0.00212117 0.0113071 0.00209786 0.00266798 -0.00127064 0.00559176 -0.00719171 0.00560138 -0.0086615 0.0149235 0.0219641 0.0158775 0.00756433 -0.0137222 0.0288508 0.0222932 0.032938 0.0534387 0.00124584 0.0139223 -0.00608304 0.0100078 0.000483706 -0.0085725 0.00279063 -0.00703938
internal_weight=760.595 735.339 195.947 78.2104 72.4481 38.9406 539.392 528.297 225.751 105.841 119.91 302.545 36.1881 63.3124 45.0372 39.5758 266.357 33.3226 2.53908 33.1821 20.6614 10.4931 66.4893 24.0286 42.4608 18.8997 17.5207 33.5075 19.3553 42.5289
internal_count=19542 16293 7777 2009 1827 842 8516 8154 3877 1737 2140 4277 978 1029 633 575 3299 889 168 441 280 157 1042 381 661 262 305 985 464 708
cat_boundaries=0 1 2
cat_threshold=6 73
is_linear=0
shrinkage=0.03


Tree=78
num_leaves=31
num_cat=0
split_feature=3 14 28 29 29 5 7 4 1 7 9 8 14 9 13 3 21 16 3 10 16 2 18 14 18 12 3 4 18 16
split_gain=15.5303 15.1006 8.09533 7.70824 6.93512 6.61184 8.03436 5.87465 5.58809 5.84407 9.15945 9.15613 8.32895 8.58017 7.73065 7.37231 11.2473 8.66314 7.28857 8.95852 8.60285 8.16786 13.6065 8.42323 20.9705 10.1224 9.38368 8.37172 7.79822 7.73184
threshold=63.532464981079109 -0.99500000476837147 22.726541519165043 75.522090911865249 84.152141571044936 -0.97269129753112782 -43.66581726074218 220.50000000000003 3.535241007804871 -0.52403265237808216 155.11786651611331 160.98786163330081 -0.36500000953674311 -69.121990203857408 42.500000000000007 149.00703430175784 1.0000000180025095e-35 0.19737450033426288 115.08821868896486 0.66999998688697826 -0.273849606513977 182.83302307128909 0.5171303153038026 -0.10500000044703482 1.1797205209732058 -1.0000000180025095e-35 312.98873901367193 4.5000000000000009 1.4308754205703738 0.17046115547418597
decision_type=2 2 2 2 2 2 2 10 2 2 2 2 2 2 2 2 2 2 2 2 2 2 2 2 2 2 2 10 2 2
left_child=1 2 -1 -2 -3 6 -5 -6 -7 11 12 14 13 -11 15 16 17 -10 -14 21 -21 22 -20 28 25 26 -25 -23 -24 -27
right_child=3 4 -4 5 7 8 -8 -9 9 10 -12 -13 18 -15 -16 -17 -18 -19 19 20 -22 27 23 24 -26 29 -28 -29 -30 -31
leaf_value=0.085552987401414246 -0.013188925827079005 -0.019783985565955953 -0.0050472339451279455 0.038293095283358419 -0.0072642411943218037 0.035157380801298377 -0.012790472040094151 0.057093949809353985 -0.024300682316999174 0.027321631568094855 -0.0052846953122899307 0.043496054924803483 -0.0088048420721932707 -0.0079032499314655932 0.0026358940302897097 -0.010674620602928843 0.049080827888569302 0.026668938910681089 -0.015522231984676853 0.022115661315082278 -0.018066426241502908 0.011984748615854671 0.025189905071324042 0.024026502472793133 -0.0096291446150193593 0.036670369378939492 0.081924273584823543 -0.022935592058388649 0.077214525941774109 -0.015598840453482969
leaf_weight=1.0676420982927077 29.541087498888373 56.887447657529265 1.3716924702748654 2.0184777230024329 2.8661362482234831 3.8325133156031361 38.44001008104533 1.0568824699148534 6.8378231562674028 6.2588955257087937 55.844175742939115 3.2587772803381077 15.229782577604054 42.980005845427513 200.72307353653014 88.832295252010226 3.9664069116115561 3.888011266477406 6.048362558707594 5.9353010980412391 14.771800028160213 112.76073694601655 7.1364869438111764 5.9616623856127227 12.08352379966527 4.2706121569499409 5.6466017551720142 5.6272985767573109 5.1107237283140421 4.1134618138894439
leaf_count=61 1464 4966 100 51 171 114 1349 78 215 80 716 42 378 898 3783 2100 71 75 122 95 255 1397 104 86 254 53 71 122 64 85
internal_value=0.000242137 -0.0138673 0.0479519 0.00155158 -0.0170828 0.00222869 -0.00937973 0.0181496 0.0029987 0.0027425 0.00564376 -0.000189027 0.00805839 -0.00297101 -0.000797897 -0.00741717 0.0117032 -0.00512598 0.010713 0.0123199 -0.00606075 0.0145977 0.0246576 0.0303621 0.0211426 0.039314 0.0564536 0.0101467 0.0510895 0.0120962
internal_weight=754.368 63.2498 2.43933 691.118 60.8105 661.577 40.4585 3.92302 621.118 617.286 309.779 307.506 253.935 49.2389 304.248 103.525 14.6922 10.7258 204.696 189.467 20.7071 168.759 50.3714 44.3231 32.0759 19.9923 11.6083 118.388 12.2472 8.38407
internal_count=19420 5376 161 14044 5215 12580 1400 249 11180 11066 4780 6286 4064 978 6244 2461 361 290 3086 2708 350 2358 839 717 549 295 157 1519 168 138
is_linear=0
shrinkage=0.03


Tree=79
num_leaves=31
num_cat=0
split_feature=1 12 6 28 10 9 12 18 12 12 2 17 4 12 18 18 16 16 16 1 5 2 16 18 18 1 3 16 18 9
split_gain=15.5534 8.91151 17.4025 18.5218 6.62341 8.4339 6.13282 8.94372 9.61394 7.43036 9.91564 7.99781 7.27591 13.2442 13.0622 13.31 9.73196 8.187 17.6083 7.96512 6.60323 6.1702 5.97678 7.73728 5.49307 5.65334 9.60916 9.36151 7.74457 5.47776
threshold=13.757243633270265 0.29199999570846563 -0.85020262002944935 22.590013504028324 0.49500000476837164 -174.33585357666013 0.23300000280141833 1.351981580257416 0.50899998843669902 -0.33699999749660486 556.54824829101574 1.2449049949645998 2.5000000000000004 -0.17249999940395352 1.0504449605941775 1.7108311653137209 0.32726836204528814 -0.12487920373678206 -0.030392172746360299 82.635818481445327 -0.53371313214302052 37.677106857299812 1.1360246539115908 1.445794999599457 0.77869001030921947 81.056632995605483 609.40325927734386 -0.13904142379760739 0.67037811875343334 102.32808303833009
decision_type=2 2 2 2 2 2 2 2 2 2 2 2 10 2 2 2 2 2 2 2 2 2 2 2 2 2 2 2 2 2
left_child=1 -1 3 -3 6 -6 9 8 -8 -2 11 12 29 14 16 -16 -14 -15 19 -19 -10 -20 24 -24 25 -7 27 -27 -29 -11
right_child=4 2 -4 -5 5 22 7 -9 20 10 -12 -13 13 17 15 -17 -18 18 21 -21 -22 -23 23 -25 -26 26 -28 28 -30 -31
leaf_value=-0.020937959029049092 -0.0029598859916704426 -0.020347058361613362 -0.025375279111223233 0.092689131678278178 0.034900078333134653 -0.016626178266453386 -0.0098875657808983261 -0.022857142772195256 0.018511657576114754 0.011796320243817032 0.031438862349165098 -0.011861474502352688 -0.016946798024073433 -0.014342989502864842 0.042053614285861206 -0.017795042057268111 0.028573022722734511 0.055900004193654561 0.035127421700636756 -0.0023330979890935654 -0.010662577781445626 -0.0081806938171360144 0.025969790374109923 -0.0075529114880068674 -0.01743583390900047 0.04082367246674342 -0.019367501253614978 -0.01554087185127326 0.026429853894193771 -0.0025434611812699863
leaf_weight=45.710290817543864 118.38718642294407 1.6462836889550092 4.8215722646564227 2.3373617599718273 3.5154675282537928 16.715797457844019 40.906100256368518 18.577668979763985 26.445765014737844 162.61721948813647 11.995488237589596 23.515212854370475 12.910116557963194 45.727202841546386 16.749486408196393 3.5247501879930487 5.0824848227202883 6.1057393536902946 2.1997557366266838 2.8986522126942873 8.6263872440904361 41.388219005428255 9.4859909759834427 14.352583386935292 47.304453872144222 7.2485941853374287 9.5643747709691507 9.185962148010729 5.4711899599060425 27.719043496064842
leaf_count=4328 2652 93 398 86 31 499 953 545 420 2520 104 522 336 1575 312 134 84 138 120 60 217 1056 98 267 1081 103 131 150 53 439
internal_value=-0.000392264 -0.0156758 0.010991 0.0512663 0.000821751 -0.00547425 0.00217313 -0.00477641 -0.00011594 0.00354687 0.00567457 0.00470571 0.00592991 0.000636082 0.0153813 0.0313013 -0.00326111 -0.00519997 0.00286886 0.0387945 0.0112393 -0.00525626 -0.00694385 0.00629514 -0.0102799 -0.00304314 0.00446152 0.0152569 0.000813294 0.00970561
internal_weight=752.736 54.5155 8.80522 3.98365 698.221 122.844 575.376 94.5559 75.9783 480.821 362.433 350.438 326.923 136.586 38.2668 20.2742 17.9926 98.3196 52.5924 9.00439 35.0722 43.588 119.329 23.8386 95.4904 48.1859 31.4701 21.9057 14.6572 190.336
internal_count=19505 4905 577 179 14600 2413 12187 2135 1590 10052 7400 7296 6774 3815 866 446 420 2949 1374 198 637 1176 2382 365 2017 936 437 306 203 2959
is_linear=0
shrinkage=0.03


Tree=80
num_leaves=31
num_cat=0
split_feature=3 0 28 10 4 13 3 10 29 8 8 3 18 2 2 13 8 18 1 1 29 24 5 29 0 21 28 8 9 2
split_gain=16.1264 6.79942 9.89206 6.88774 6.87762 6.36836 6.3282 12.5224 9.17319 7.8983 5.16548 12.9825 6.59123 5.24063 4.82314 4.78066 6.02906 4.74011 4.36468 11.1035 4.06187 8.11339 4.61072 6.47814 5.32452 5.27323 4.80781 6.22911 5.93711 8.88782
threshold=8.1995434761047381 18.7711296081543 26.609252929687504 -0.21000000089406964 21.500000000000004 47.500000000000007 537.38623046875011 0.27500000596046453 75.887035369873061 -52.476177215576165 -78.05251312255858 271.45259094238287 0.32234686613082891 90.697071075439467 110.42354965209962 52.500000000000007 -51.715362548828118 0.80001428723335277 61.405452728271491 43.751655578613288 75.522090911865249 1.0000000180025095e-35 -0.97269129753112782 86.164299011230483 142.87317657470706 1.0000000180025095e-35 25.658441543579105 -29.405751228332516 8.688052177429201 103.83284759521486
decision_type=2 2 2 2 10 2 2 2 2 2 2 2 2 2 2 2 2 2 2 2 2 2 2 2 2 2 2 2 2 2
left_child=-1 2 3 -2 20 -4 10 8 -8 -10 11 14 13 -12 -5 -14 -17 -18 19 -19 21 -3 23 24 25 -22 28 -28 29 -24
right_child=1 4 5 6 -6 -7 7 -9 9 -11 12 -13 15 -15 -16 16 17 18 -20 -21 22 -23 26 -25 -26 -27 27 -29 -30 -31
leaf_value=-0.022962557602054647 -0.017378432715194847 -0.021513164436930743 0.050893426870937224 0.0049500397727415078 0.03397699314496605 -0.002851819211703621 0.064725309112115242 -0.009020059425887508 -0.012688833574530297 0.033739037657810361 0.038753877906595659 -0.018736307251447756 -0.019102807869160566 -0.012799855093841917 0.047184955108413522 -0.027244851002375198 -0.023145366091349186 0.0017784863824469495 -0.013008063654377768 0.062052356248897857 -0.025252777402688487 0.021553479678676497 -0.0034885304549844079 0.030389638820998304 0.018311868288903278 0.019975877443884103 -0.015705234190890045 0.002208353148310231 0.0015501218327534792 0.011411313643670122
leaf_weight=23.768334911670536 33.350064247846603 14.130686783231797 3.7434431603178373 4.4332182584330457 5.448361884802579 3.2378419237211347 3.5238663395866778 15.864459846168755 5.4009148040786377 6.102346532046794 3.3353227470070115 8.2060998827218992 39.289853574708104 2.3487625420093536 5.2017026599496603 5.3028166526928571 2.9700399925932315 8.2140687117353064 3.4968232363462439 3.1829576464369884 17.645571512170147 4.4287212127819648 44.299654625356197 2.3729510866105548 3.0480725821107617 1.898279920220374 22.655478895641863 66.097733652219176 214.80112201627344 183.12612210121006
leaf_count=3227 1750 686 101 88 140 90 66 444 181 125 90 218 1829 92 59 204 147 370 88 79 609 119 1135 35 43 48 404 1082 3541 2369
internal_value=0.000850009 0.00164787 -0.00386936 -0.00556446 0.00314748 0.0287328 -0.00207448 0.00937854 0.0281532 0.0126692 -0.00624984 0.0078039 -0.00998914 0.0187231 0.0300446 -0.0128561 -0.00190977 0.00665645 0.0136817 0.0222593 0.00279658 -0.0106599 0.00326414 -0.00910177 -0.0143621 -0.0201012 0.00386155 -0.00248837 0.0051387 0.00850645
internal_weight=760.926 737.157 157.205 150.223 579.953 6.98129 116.873 30.8916 15.0271 11.5033 85.9817 17.841 68.1406 5.68409 9.63492 62.4566 23.1667 17.8639 14.8938 11.397 574.504 18.5594 555.945 24.9649 22.5919 19.5439 530.98 88.7532 442.227 227.426
internal_count=19459 16232 6021 5830 10211 191 4080 816 372 306 3264 365 2899 182 147 2717 888 684 537 449 10071 805 9266 735 700 657 8531 1486 7045 3504
is_linear=0
shrinkage=0.03


Tree=81
num_leaves=31
num_cat=0
split_feature=3 16 28 18 2 14 18 8 12 12 28 14 29 11 13 12 14 2 12 2 14 3 18 17 4 16 17 5 3 12
split_gain=13.6333 8.1311 15.1865 7.33911 7.07858 11.5984 7.73032 7.10679 6.77774 10.0039 5.8178 5.69414 6.8509 13.4785 13.9415 11.3324 10.8903 7.49746 8.68908 7.73631 7.21571 10.4953 5.85148 5.79434 5.47017 8.53033 7.20438 13.256 11.5644 5.73637
threshold=0.49395650625228887 0.49182637035846716 22.590013504028324 1.9294059872627261 69.823360443115249 0.38499999046325689 1.7777194380760195 -10.879503250122069 -0.00450000021373853 0.15049999952316287 18.926905632019047 0.40500000119209295 76.49637603759767 81.500000000000014 32.500000000000007 -0.14899999648332593 0.074999999254941954 173.09577941894534 0.054500000551342971 272.54676818847662 -0.53999999165534962 399.31550598144537 1.5124193429946902 -0.10022363811731337 1.5000000000000002 0.25043059885501867 0.32790680229663854 -0.73172146081924427 236.76441955566409 -0.02450000029057264
decision_type=2 2 2 2 2 2 2 2 2 2 2 2 2 2 2 2 2 2 2 2 2 2 2 2 8 2 2 2 2 2
left_child=-1 2 -2 4 5 8 11 10 -3 -10 -7 12 13 14 -6 -14 20 23 19 -19 -15 -22 -13 -17 25 26 -4 -28 29 -29
right_child=1 3 24 -5 6 7 -8 -9 9 -11 -12 22 15 16 -16 17 -18 18 -20 -21 21 -23 -24 -25 -26 -27 27 28 -30 -31
leaf_value=-0.028119492483398668 -0.0093905021313201512 -0.018809775843219561 0.0047112853176419492 -0.0090546117017275222 0.043636044274950901 0.01496386118840402 0.034498022756514 0.0027795467324729221 0.07166650112819245 -0.012290623370498844 0.069960566281547495 0.0014808277446224508 -0.012880391358877072 -0.01944448153150646 -0.0082622566438689832 0.04257623435927884 0.050305823678322675 -0.0052407914718805319 -0.012690395747224623 0.03226176916631468 -0.0056698181909969622 0.052193259513101609 -0.022508294376387395 0.0072093198783594195 -0.0011251526522654124 -0.01084250080777582 0.044348635401534928 0.0067626983512734723 -0.0082899020764184896 0.048509327296316337
leaf_weight=13.354294866789131 133.91736566321924 6.3778737033717334 115.38889388553798 25.499050315003842 4.7180741056799915 3.1939093619585019 7.1155163068324319 3.350752424914389 1.3382156263105591 2.2834402108564973 5.9141133865341544 39.298477386124432 28.507066044956446 4.0127181941643348 24.15980620123446 8.3423186242580432 12.38311795145273 8.3597872629761714 17.205666900612414 10.32904773019254 5.1578378193080443 4.7909265831112862 10.887015063315628 8.4162274906411749 194.89753076247871 22.403301714919508 12.122770590707658 6.0037794047966599 16.849839899688959 5.6769845550879854
leaf_count=1903 6171 284 1486 565 50 97 85 165 50 126 164 575 446 119 471 143 123 113 253 111 76 58 235 174 4707 300 119 90 176 57
internal_value=0.000843434 0.00139671 -0.000762407 0.00591365 0.00771307 0.0233182 0.00579312 0.041502 -0.00105095 0.0275261 0.0540632 0.00452026 0.00768466 0.0157366 0.00139358 0.00208116 0.0308329 0.0102706 0.00231485 0.0160722 0.0113534 0.0244168 -0.00406133 0.0262209 0.00234929 0.00612918 0.00861937 0.0193325 0.00756121 0.0292775
internal_weight=762.256 748.901 507.26 241.641 216.142 22.4583 193.684 12.4588 9.99953 3.62166 9.10802 186.568 136.383 55.2225 28.8779 81.1601 26.3446 52.653 35.8945 18.6888 13.9615 9.94876 50.1855 16.7585 373.343 178.446 156.042 40.6534 28.5306 11.6808
internal_count=19492 17589 13106 4483 3918 886 3032 426 460 176 261 2947 2137 897 521 1240 376 794 477 224 253 134 810 317 6935 2228 1928 442 323 147
is_linear=0
shrinkage=0.03


Tree=82
num_leaves=31
num_cat=0
split_feature=5 14 9 29 28 14 14 28 9 9 0 16 18 16 18 1 0 5 17 18 1 12 9 12 14 28 17 0 9 9
split_gain=10.6696 9.69144 9.04687 8.24755 7.10641 6.14354 7.90949 15.4304 6.40987 6.18143 6.06322 5.24145 5.21008 5.28731 5.32309 4.58965 4.54279 4.26969 7.38978 3.504 4.00394 9.43122 7.96277 10.792 3.55145 9.32111 11.1639 9.37767 9.11096 7.74896
threshold=0.48901963233947759 -0.99500000476837147 -31.944062232971188 75.522090911865249 18.289889335632328 1.4100000262260439 1.0949999690055849 24.009605407714847 18.964177131652836 -222.01596069335935 17.413990974426273 1.3949765563011172 0.32234686613082891 0.85363894701004039 1.1797205209732058 0.76955652236938488 2.7414832115173344 -0.9936448037624358 -1.4854578375816343 2.2982864379882817 6.5544946193695077 -0.19049999862909314 -77.260593414306626 0.37450000643730169 -0.38499999046325678 25.763958930969242 -0.37786428630352015 30.423569679260257 139.19290924072268 -14.043200016021727
decision_type=2 2 2 2 2 2 2 2 2 2 2 2 2 2 2 2 2 2 2 2 2 2 2 2 2 2 2 2 2 2
left_child=3 -2 -3 12 11 6 9 8 10 -6 -8 16 -1 -14 -15 -11 -5 18 -17 20 21 -19 -23 -24 25 26 -22 -27 -29 -28
right_child=1 2 -4 4 5 -7 7 -9 -10 15 -12 -13 13 14 -16 17 -18 19 -20 -21 24 22 23 -25 -26 27 29 28 -30 -31
leaf_value=0.020403735158452507 0.03824565217730181 0.051878486781113738 -0.027667081925250112 0.019844461019914494 0.031004113274543506 -0.012116302730354335 0.010612594441083249 -0.021514869050065309 0.0021955799706471135 -0.024981592782720063 0.060611320139174932 0.021606846379510471 -0.025103207239883598 0.036213785114620728 -0.010694531705173317 0.032966405709726948 -0.020896260313176707 -0.02179757025945378 -0.021846697837070248 -0.012670818789617067 -0.022865995959212463 0.073566819840199943 -0.017008010760544864 0.070619414803630459 0.0044324056009206799 0.053030307995472294 0.010852317488285386 -0.010708397278886296 0.03788919627271263 -0.0093230149490147896
leaf_weight=2.9648252269253126 1.6117031690664614 0.46146901557222264 21.63347010454163 1.9652657061815322 6.0428258934989563 22.083507596515119 3.5784923820756394 4.8806834341958156 3.9206442376598707 4.3491058531217268 7.6578779080882668 2.7661517849192014 19.95118242548779 1.9768575155176202 7.1300452891737223 1.7491091629490245 22.204075201414526 2.4699676726013422 11.920885776169596 11.117978946771471 23.522230028174818 2.4386884737759829 3.4728874401189369 0.7828719438984989 478.08889668388292 3.9576763268560198 33.358821502421051 10.174919813871382 4.0555681884288779 33.181649471633136
leaf_count=116 90 26 2678 118 72 485 117 116 49 429 69 55 1301 54 226 38 936 182 472 381 777 105 345 42 8530 91 591 169 47 768
internal_value=0.00115944 -0.0182338 -0.0238313 0.00181175 0.00249988 0.00311133 0.00364591 0.0217532 0.0361551 0.00303709 0.0468566 -0.0123377 -0.0128453 -0.0168037 0.00206357 0.00271741 -0.0169267 0.00295151 -0.0130641 0.00333333 0.00365286 0.0223492 0.0393535 0.00948111 0.00332309 -0.00157194 -0.00556241 0.0174479 0.00471987 0.000802435
internal_weight=755.47 23.7066 22.0949 731.764 699.741 672.805 650.722 20.0377 15.157 630.684 11.2364 26.9355 32.0229 29.0581 9.1069 624.641 24.1693 620.292 13.67 606.622 595.504 9.16442 6.69445 4.25576 586.34 108.251 90.0627 18.1882 14.2305 66.5405
internal_count=19475 2794 2704 16681 14984 13875 13390 351 235 13039 186 1109 1697 1581 280 12967 1054 12538 510 12028 11647 674 492 387 10973 2443 2136 307 216 1359
is_linear=0
shrinkage=0.03


Tree=83
num_leaves=31
num_cat=1
split_feature=3 18 29 8 3 14 9 4 8 3 7 14 11 3 3 0 14 18 32 14 17 7 29 17 10 18 14 17 13 0
split_gain=12.7568 6.56359 8.01793 7.03752 10.1851 5.3833 5.44846 9.14217 7.70457 14.2921 9.54877 7.93729 12.3779 7.8197 12.7833 9.88719 8.05141 7.59645 7.43685 10.7087 10.4208 11.9261 11.3106 12.8406 10.066 9.55256 9.17184 7.26776 11.2019 7.42023
threshold=63.532464981079109 1.5973798632621767 83.357944488525405 -8.6272497177124006 23.398981094360355 1.4100000262260439 -9.6246972084045392 2.5000000000000004 -54.855535507202141 320.57951354980474 52.745260238647468 1.1899999976158144 73.500000000000014 507.98284912109381 681.10702514648449 88.440532684326186 0.35999999940395361 0.81063601374626171 0 -0.30500000715255732 -0.54624021053314198 -21.878076553344723 76.836559295654311 -0.87325549125671376 -0.060000000521540635 0.32234686613082891 -0.52499997615814198 0.61926200985908519 52.500000000000007 60.257751464843757
decision_type=2 2 2 2 2 2 2 10 2 2 2 2 2 2 2 2 2 2 1 2 2 2 2 2 2 2 2 2 2 2
left_child=1 2 -1 4 -4 6 8 -8 9 11 13 12 -2 15 16 18 -15 -14 20 26 21 -10 23 -23 -25 -22 -20 29 -29 -27
right_child=5 -3 3 -5 -6 -7 7 -9 10 -11 -12 -13 17 14 -16 -17 -18 -19 19 -21 25 22 -24 24 -26 27 -28 28 -30 -31
leaf_value=-0.010489139170873959 0.026969163565484643 -0.027218746484328826 0.094805187997818133 -0.011113930076219027 -0.0056671622523180292 -0.012125274179776305 0.0031523696180379398 -0.0068995577594414487 -0.013059351196342574 -0.012423364176216384 -0.012953422029880131 0.044083540349355417 0.015953911445472407 0.022981769730006311 0.0037911206580155416 0.028126703109212111 0.062049021167666703 -0.017273665058274674 -0.0022926064630809854 -0.014150207527137807 0.036576407604239893 -0.014947864605164634 0.061181174095402052 -0.006257954201102733 0.06259398563385371 -0.020633319467935642 0.049892636629064673 -0.012908204347761246 0.03474576793444039 0.015804989115766107
leaf_weight=39.574134711176157 14.416981102898715 18.031972568947822 1.1576838423497977 2.0956363906152538 1.3846914293244479 23.713210114277899 228.03131588362157 125.36209756135941 5.5794608518481281 53.022823142819107 16.933060728013515 4.532940085977315 8.2418712815269846 26.429934556595981 27.664927103556693 15.165300676599143 5.6953288977965704 18.129940188489854 7.7741741966456175 38.164336377754807 5.0213518328964701 6.2237404016777909 7.6856848113238803 2.616943578235805 4.7205877406522614 21.882036739028994 3.8833030406385642 7.8651632992550722 8.1339327869936806 5.6460707932710639
leaf_count=3272 269 1897 99 117 48 600 3603 3562 207 1338 209 52 88 436 495 136 92 318 141 578 115 248 125 89 92 735 48 252 180 87
internal_value=0.000455569 -0.0124434 -0.00594856 0.0277829 0.0539314 0.00163118 0.00213629 -0.000422839 0.0049957 -0.00195734 0.00814012 0.0102909 0.00557046 0.00998017 0.0189915 0.0060344 0.0315719 -0.00668572 0.00315665 -0.00543651 0.00844015 0.0241834 0.0341108 0.0156209 0.0402325 0.00113182 0.0176595 -0.00368672 0.0119378 -0.0128677
internal_weight=754.781 62.2441 44.2121 4.63801 2.54238 692.537 668.823 353.393 315.43 98.3446 217.085 45.3217 40.7888 200.152 59.7902 140.362 32.1253 26.3718 125.197 49.8218 75.375 26.8264 21.247 13.5613 7.33753 48.5486 11.6575 43.5272 15.9991 27.5281
internal_count=19528 5433 3536 264 147 14095 13495 7165 6330 2065 4265 727 675 4056 1023 3033 528 406 2897 767 2130 761 554 429 181 1369 189 1254 432 822
cat_boundaries=0 1
cat_threshold=23
is_linear=0
shrinkage=0.03


Tree=84
num_leaves=31
num_cat=0
split_feature=1 29 12 12 3 3 5 5 7 7 4 18 13 13 18 12 6 5 4 29 12 12 13 7 12 10 17 5 6 18
split_gain=15.1977 8.34789 6.6807 7.6701 8.94399 14.2571 7.43442 12.5283 8.10529 7.04568 5.9519 5.63216 12.9867 9.24522 8.31611 5.32314 11.7501 5.61114 6.19962 5.35729 5.30227 10.7628 12.2663 14.6794 11.7875 9.85598 11.8426 8.1704 14.4076 10.9142
threshold=15.495090484619142 75.522090911865249 0.32000000774860388 0.64250001311302196 1073.6838989257815 627.35330200195324 -0.78753387928009022 -0.70125329494476307 49.618246078491218 -54.666326522827141 4.5000000000000009 0.5171303153038026 48.500000000000007 43.500000000000007 0.37955474853515631 0.29199999570846563 -0.85020262002944935 -0.56916013360023487 23.500000000000004 75.655178070068374 -0.17249999940395352 -1.0000000180025095e-35 42.500000000000007 -2.4159938097000118 0.049999998882412917 -0.35500000417232508 -1.0984219908714292 -0.63756072521209706 -0.85020262002944935 1.7097818851470949
decision_type=2 2 2 2 2 2 2 2 2 2 10 2 2 2 2 2 2 2 10 2 2 2 2 2 2 2 2 2 2 2
left_child=15 -2 11 6 5 -5 -4 10 9 -9 -8 12 13 -3 -15 17 -17 18 19 -1 27 -22 23 24 -23 -25 -27 29 -29 -13
right_child=1 2 3 4 -6 -7 7 8 -10 -11 -12 20 -14 14 -16 16 -18 -19 -20 -21 21 22 -24 25 -26 26 -28 28 -30 -31
leaf_value=0.023949119534586876 -0.014560285079876936 -0.00377458106368327 -0.025413396067631211 -0.016136420783905286 -0.020209154565725886 0.059180960264976899 -0.0012408746046476814 0.020229240998048677 0.012256594391368053 -0.0242664017686668 0.037085367783318363 0.017239645538493002 -0.022832940811688157 0.039472854345733201 -0.0039440911548497678 0.036873079289578579 -0.025122721263987919 -0.025130781825720039 0.023319670064552978 -0.024648701604205316 -0.0059379787238159074 0.028934788059802062 0.00077527614075627977 0.0019478247451565644 -0.012017370404616867 0.00031579937423441691 0.048306051026375516 0.007570201381221422 -0.019990621420995856 -0.012846423206728984
leaf_weight=1.7256753090769041 26.786955206189305 42.057403969578445 18.303212157450616 3.051138577051459 3.5238059731200329 5.0485467808321118 6.4244018383324129 2.8537719845771745 8.6779980314895493 27.105786046944566 7.2481368612498045 95.379334890283644 22.496380727272481 9.1621821429580432 6.241614759899675 4.4691402642056346 4.5732233175076527 32.859603143297136 4.5511729558929792 8.8030591113492829 102.53173149190843 8.0546330111101287 132.77390488050878 9.1491935057565552 19.989579473622143 5.8946122583001879 20.762709978036582 85.68179465085268 20.266277656890452 11.498505088500677
leaf_count=86 1332 760 580 116 59 69 78 31 111 623 58 1556 507 143 88 185 405 3922 237 404 2235 98 2481 180 529 108 253 1593 445 262
internal_value=0.00034073 0.00155958 0.00222068 -0.0057447 0.0159358 0.0321536 -0.00948617 -0.00354109 -0.0122472 -0.0195115 0.0202196 0.00333512 -0.00403231 0.0035929 0.0227123 -0.0144213 0.00613894 -0.0183455 -0.00291691 -0.015297 0.00449133 0.00190539 0.00600473 0.0166994 0.000335844 0.0291583 0.0380893 0.00810031 0.0021606 0.0139137
internal_weight=757.945 700.964 674.177 82.2368 11.6235 8.09969 70.6133 52.3101 38.6376 29.9596 13.6725 591.94 79.9576 57.4612 15.4038 56.9819 9.04236 47.9395 15.0799 10.5287 511.982 299.156 196.625 63.8507 28.0442 35.8065 26.6573 212.826 105.948 106.878
internal_count=19534 14295 12963 1725 244 185 1481 901 765 654 136 11238 1498 991 231 5239 590 4649 727 490 9740 5884 3649 1168 627 541 361 3856 2038 1818
is_linear=0
shrinkage=0.03


Tree=85
num_leaves=31
num_cat=1
split_feature=3 16 7 12 8 12 12 28 7 16 16 15 4 3 32 7 5 14 12 12 5 4 12 18 6 3 28 2 16 16
split_gain=12.0252 5.654 14.8547 8.98673 7.72621 6.03924 12.302 15.7344 11.3576 9.39383 9.25025 9.11815 11.0572 12.5025 11.5424 10.4736 15.583 10.4362 9.8006 17.0572 8.7137 7.80675 7.65813 7.58982 7.42012 7.09987 12.7646 7.03521 7.74363 12.4756
threshold=0.49395650625228887 -0.86933985352516163 -62.856004714965813 -0.50149999558925618 -17.343503952026364 -0.058499999344348901 0.046000000089406974 24.009605407714847 215.87577819824222 -0.66705372929573048 -0.72854000329971302 53.500000000000007 25.500000000000004 496.27542114257818 0 -16.327253341674801 -0.78753387928009022 0.60499998927116405 0.21900000423192981 0.60050001740455639 0.20903649181127551 3.5000000000000004 0.22699999809265139 0.22964722663164142 -0.92772412300109852 134.43284606933597 22.786700248718265 447.40505981445318 0.27630940079689031 -0.11646045744419097
decision_type=2 2 2 2 2 2 2 2 2 2 2 2 10 2 1 2 2 2 2 2 2 8 2 2 2 2 2 2 2 2
left_child=-1 2 -2 4 -4 20 7 -7 9 10 -8 12 13 23 15 16 -15 24 -17 -20 27 -12 -16 -11 -14 26 -25 28 29 -3
right_child=1 5 3 -5 -6 6 8 -9 -10 11 21 -13 17 14 22 18 -18 -19 19 -21 -22 -23 -24 25 -26 -27 -28 -29 -30 -31
leaf_value=-0.027945016184560835 0.043541578176638937 0.0035867993402959198 -0.017458209744419011 -0.010240141567095041 0.032135168125822254 0.023753019489526864 -0.0040532510375405487 -0.0094902873493554196 0.050474408759496124 0.013395536857178598 0.061725841500757876 -0.01261912553049927 -0.0062334604244177506 0.0073138434900105178 -0.020813275874498001 0.031638512841114144 0.066555666272370306 -0.01418422335753171 -0.019692520332871343 0.04487360276554897 -0.01994419148748031 0.0053745440243618088 0.0059439465574648081 -0.022254217350810856 0.064706213816233427 -0.012969062573295956 0.031575071711761854 -0.014266323319287601 0.0071343866324499834 -0.015874649642345046
leaf_weight=12.356058521661906 4.3964209705591193 82.080650354269892 3.3880333555862308 103.12544983625412 7.872160663828252 52.569306076038629 6.6731579774059346 16.234001010656357 3.2287712655961505 14.403546351008115 5.2125244084745619 45.02325201081112 1.4764289096929131 7.5538145042955867 15.031659431755541 10.322321292012932 8.1991742104291898 2.6724151973612607 13.872160453349354 3.9004678772762409 19.757820980623364 3.7577617396600553 23.295136671513319 5.9027067124843589 5.2323288600891811 77.72589904256165 8.4769438616931421 26.256787384860218 122.59861632157117 45.164771967567503
leaf_count=1926 73 1935 128 3322 130 1013 264 385 26 268 57 1260 96 234 210 123 72 180 268 58 1141 118 327 279 241 1676 218 328 2058 1046
internal_value=0.000270269 0.000774788 -0.00519936 -0.00743384 0.0170064 0.00191372 0.0046931 0.0158857 0.00170415 0.000903549 0.0227082 -0.000586929 0.00219783 0.00053651 0.00926734 0.0175042 0.0402805 0.0323416 0.0098042 -0.00388697 -0.00119891 0.0410263 -0.00383691 -0.00622312 0.0503108 -0.00940202 0.00946841 0.000209636 0.00178176 -0.00339081
internal_weight=757.761 745.404 118.782 114.386 11.2602 626.622 330.764 68.8033 261.96 258.732 15.6434 243.088 198.065 188.684 82.1747 43.8479 15.753 9.38117 28.0949 17.7726 295.859 8.97029 38.3268 106.509 6.70876 92.1055 14.3797 276.101 249.844 127.245
internal_count=19460 17534 3653 3580 258 13881 7373 1398 5975 5949 439 5510 4250 3733 1292 755 306 517 449 326 6508 175 537 2441 337 2173 497 5367 5039 2981
cat_boundaries=0 1
cat_threshold=108
is_linear=0
shrinkage=0.03


Tree=86
num_leaves=31
num_cat=0
split_feature=0 2 12 4 4 13 14 12 14 28 28 13 8 0 28 1 12 8 28 9 16 8 11 16 5 17 0 14 16 8
split_gain=14.8028 6.85146 10.1513 7.64357 5.86198 9.40745 6.00026 5.36773 10.2029 6.44335 6.17566 5.99213 6.12714 5.80127 4.73611 4.46368 4.04108 3.82657 12.0999 5.63382 9.24558 6.73335 7.35267 8.41806 6.89793 11.7556 4.87996 4.77723 13.0616 9.38687
threshold=11.488672256469728 42.127584457397468 0.37450000643730169 139.50000000000003 24.500000000000004 48.500000000000007 0.2950000017881394 -0.23350000381469724 0.064999999478459372 18.71020603179932 22.786700248718265 38.500000000000007 -41.026628494262688 5.8847463130950937 18.289889335632328 4.3701298236846933 0.64250001311302196 38.062185287475593 22.987782478332523 4.7759451866149911 -0.2081387788057327 128.62918090820315 81.500000000000014 -0.4701900035142898 -0.13282711803913114 0.029705954715609554 157.67160797119143 1.0249999761581423 1.1360246539115908 -46.966962814331048
decision_type=2 2 2 10 10 2 2 2 2 2 2 2 2 2 2 2 2 2 2 2 2 2 2 2 2 2 2 2 2 2
left_child=1 2 -1 -4 7 6 -6 8 9 -3 -9 -10 -13 -14 -2 -5 17 27 -19 20 -20 24 23 -23 26 -26 -21 -16 29 -29
right_child=14 4 3 15 5 -7 -8 10 11 -11 -12 12 13 -15 16 -17 -18 18 19 21 -22 22 -24 -25 25 -27 -28 28 -30 -31
leaf_value=-0.025628032727681556 -0.011044392140039718 0.027332278927460034 -0.018803639199196139 0.00075791820972227395 0.069551965608382518 -0.02149026037197543 -0.00018648138172075985 -0.022244796146036562 0.05073076890575428 -0.02769744888532568 -0.002389595259809656 -0.016912821212362022 0.052466892241802399 -0.0056851305323776819 0.0032665319272658401 0.081780731092856579 0.020964673543179484 -0.0074108032902370441 0.054086992654286327 -0.014844286797786077 0.0017181446581164769 0.0026460422656470997 -0.0056054935421823958 0.042766982841320224 -0.011223348244398943 0.041215762344763818 0.014858051566913593 0.026079971561487073 0.050171723786797774 -0.014652718998032816
leaf_weight=31.258410618640482 22.124113308265805 1.5741103813052193 1.596910503227263 0.9376604347489772 2.2464966233819719 2.2655116436071694 1.679441640153527 25.554547633044422 3.5388039546087375 7.992499808780849 30.637459164019674 4.2383918622508636 2.5258568134158841 2.4324619956314564 382.11868372373283 0.87020182330161333 9.8388511938974244 112.33375663217157 4.7449045404791832 28.252303648740053 6.5744211506098491 8.2328872103244084 9.421175701543687 10.442400800064208 7.2595425955951196 6.4609790090471506 5.1586282812058917 7.9524743072688624 6.4438201729208222 10.836130613461137
leaf_count=4083 809 74 110 95 75 107 63 1401 85 307 877 126 60 77 7300 39 188 2040 65 465 84 107 114 99 112 89 56 126 68 314
internal_value=0.000480186 -0.00917241 -0.0202207 0.0239703 -0.00446694 0.0215706 0.0457376 -0.00676624 0.00551129 -0.016913 -0.0116503 0.0223609 0.00753976 0.0277724 0.00229684 0.0549938 0.00279307 0.00246411 -0.000944052 0.00743823 0.0262789 0.00429577 0.0156504 0.0261133 -0.0026576 0.0145926 -0.00995975 0.00412632 0.016526 0.00303451
internal_weight=757.544 119.349 34.6632 3.40477 84.6856 6.19145 3.92594 78.4941 22.3021 9.56661 56.192 12.7355 9.19671 4.95832 638.195 1.80786 616.071 606.232 198.881 86.5472 11.3193 75.2279 28.0965 18.6753 47.1315 13.7205 33.4109 407.351 25.2324 18.7886
internal_count=19615 7579 4327 244 3252 245 138 3007 729 381 2278 348 263 137 12036 134 11227 11039 3231 1191 149 1042 320 206 722 201 521 7808 508 440
is_linear=0
shrinkage=0.03


Tree=87
num_leaves=31
num_cat=0
split_feature=3 10 17 14 10 17 14 6 3 14 28 28 18 7 17 2 4 17 11 2 28 10 16 3 6 0 18 10 14 0
split_gain=12.1237 5.03855 5.05893 6.23312 9.05005 5.76632 15.5086 15.0516 12.4775 12.2219 8.55143 7.77631 8.93396 9.65762 7.29276 7.27903 7.04771 9.34794 7.96735 6.98071 6.85343 6.3357 6.32443 9.88798 8.5299 6.58523 6.29976 9.65767 5.97533 5.73953
threshold=0.85626241564750682 1.3499999642372134 -1.0984219908714292 0.15500000119209292 -0.24499999731779096 -0.38627845048904413 -0.030000000260770317 -0.92772412300109852 378.79510498046881 1.0949999690055849 26.140346527099613 25.763958930969242 0.93928709626197826 56.599895477294929 -1.0056577920913694 184.48174285888675 1.0000000180025095e-35 -0.73769435286521901 79.500000000000014 117.37898254394533 18.926905632019047 0.49500000476837164 1.1503108739852907 94.895103454589858 -0.84565824270248402 33.434959411621101 0.32234686613082891 -0.4849999994039535 -0.29500000178813929 113.95952606201173
decision_type=2 2 2 2 2 2 2 2 2 2 2 2 2 2 2 2 10 2 2 2 2 2 2 2 2 2 2 2 2 2
left_child=-1 2 3 4 29 6 8 9 16 10 -8 12 -9 20 -10 -13 17 -4 -18 21 -14 22 24 -24 25 -7 -26 -28 -27 -2
right_child=1 -3 5 -5 -6 19 7 11 14 -11 -12 15 13 -15 -16 -17 18 -19 -20 -21 -22 -23 23 -25 26 28 27 -29 -30 -31
leaf_value=-0.027967648696993218 -0.026371245695976132 -0.023188062551411821 0.05216985983051755 -0.020437718278115687 0.011243889116235641 -0.023475807881261818 -0.013832274739763966 0.037395888427464517 0.0088798670675945875 0.029668982064762352 0.031602610258931386 0.024877476260681024 -0.0081141589974308634 -0.026560675577766663 -0.021401896573043581 -0.027275318734623102 -0.014518292025998941 0.0046659910221657263 0.023057988185179127 0.0017308097371919906 0.028108900200247623 -0.024532096356647035 0.045558395609833512 -0.0064936558927633876 0.033925782557944456 0.019253044795910654 0.03389128043789516 -0.015087854610312999 -0.012661423314585897 0.023074146136499284
leaf_weight=12.537309040315447 11.681341188028453 6.8762212810106567 5.3065723348408929 20.390843647066504 23.017771552316844 27.674994585104287 30.890109912492335 29.424309849273413 8.4621804766356927 8.4818606907501799 3.2676761080510905 3.2573423278518012 5.5706906733103159 3.7919814065098754 33.007506877183914 4.5954862050712109 14.801813683472576 9.6630569119006378 6.4929795539937905 392.422377968207 19.918477272149175 14.966095865704117 4.6217593364417535 7.3935461761429906 5.2211452652700272 7.2261032769456532 4.0209398376755479 12.027399786282325 13.754592274315653 1.732953150756656
leaf_count=2048 540 370 104 782 557 1659 859 520 182 99 68 77 266 56 839 68 637 140 234 6611 403 691 108 153 97 164 198 576 342 34
internal_value=0.000167271 0.000681069 0.000936241 -0.00758331 -3.49712e-05 0.00166224 0.006129 0.0133715 -0.00408562 -0.000571176 -0.00871053 0.0221799 0.0258795 0.013454 -0.0151591 -0.00527591 0.00864429 0.0237179 -0.00254061 -5.31612e-05 0.0201848 -0.00722123 -0.00380181 0.0154905 -0.00728849 -0.0141294 0.00829241 -0.00154792 -0.00129371 -0.0188259
internal_weight=752.497 739.96 733.084 56.8229 36.4321 676.261 186.932 109.198 77.7341 42.6396 34.1578 66.5583 58.7055 29.2811 41.4697 7.85283 36.2644 14.9696 21.2948 489.329 25.4892 96.9066 81.9405 12.0153 69.9252 48.6557 21.2695 16.0483 20.9807 13.4143
internal_count=19482 17434 17064 1913 1131 15151 4552 2416 2136 1026 927 1390 1245 725 1021 145 1115 244 871 10599 669 3988 3297 261 3036 2165 871 774 506 574
is_linear=0
shrinkage=0.03


Tree=88
num_leaves=31
num_cat=1
split_feature=3 32 12 9 3 6 7 16 28 12 0 3 3 12 16 12 11 16 28 4 28 18 5 16 14 5 16 12 16 13
split_gain=11.0613 9.27267 10.1342 9.4803 10.2754 8.99383 8.42841 8.38578 10.378 7.54809 7.76715 7.5316 8.60284 8.66466 8.82583 9.1674 8.26476 11.7807 7.45371 7.31408 6.89413 14.4739 13.1689 13.708 8.65095 8.02803 6.85772 18.5362 8.57364 8.31843
threshold=0.49395650625228887 0 0.15049999952316287 99.756767272949233 480.61811828613287 -0.74189642071723927 -34.566537857055657 -0.17407006770372388 25.346193313598636 -0.19049999862909314 6.4879062175750741 339.73304748535162 371.31716918945318 -0.31749999523162836 -0.90331152081489552 -0.18349999934434888 68.500000000000014 -0.27698498964309687 25.503168106079105 2.5000000000000004 25.763958930969242 0.71707853674888622 -0.78753387928009022 0.40636359155178076 0.35999999940395361 -0.67050644755363453 -0.94029042124748219 -0.060000000521540635 0.32726836204528814 48.500000000000007
decision_type=2 1 2 2 2 2 2 2 2 2 2 2 2 2 2 2 2 2 2 8 2 2 2 2 2 2 2 2 2 2
left_child=-1 11 3 4 6 -6 9 8 -7 10 -3 -2 -13 -14 15 -15 -16 -18 19 26 22 -22 -19 25 -25 -24 27 -8 -28 -30
right_child=1 2 -4 -5 5 7 18 -9 -10 -11 -12 12 13 14 16 -17 17 20 -20 -21 21 -23 23 24 -26 -27 28 -29 29 -31
leaf_value=-0.027774151953989419 0.008440837960573563 0.0012809307234363219 -0.014471750729769981 -0.016638423354372239 0.056235371281774714 -0.025441192725726043 -0.0094274135530214541 0.01695872706329302 0.029259103640154036 -0.0047146495073149986 0.053991654449555761 -0.023281803995939643 -0.0093743288523156481 0.013133616676033459 -0.0033883541532047355 -0.021009419814824327 0.024931173495612267 -0.018108774976030643 -0.021579093526457965 -0.0088496207312036574 0.045298215422160656 -0.00094258783742741869 0.012641870808382522 0.004935439221630652 0.035286654838305252 -0.024921108334040414 -0.012831752322325205 0.077188855431893313 -0.0033186798664490889 0.029857466596599148
leaf_weight=11.487201101146637 167.8506996287033 4.2168736383318919 59.405180865898728 28.278319112956524 3.0603668252006164 9.9425472626462561 4.4658605791628361 34.583637125790119 3.433215723372995 8.0844448027200979 5.4252603375352919 12.131770288571714 51.589182564988732 9.5254426822066325 53.019190574064851 21.472858047112823 36.216327123343945 22.643147625029087 19.450098366476595 62.059122343547642 9.6212162356823701 14.194190971553324 7.5351494327187565 17.374853067100048 16.189497400075197 12.298135489225386 20.058860423974693 3.0829035779461256 13.769530870020391 12.105841109529136
leaf_count=1935 2973 120 2619 904 76 493 160 687 91 315 82 145 866 112 700 366 432 565 561 3302 116 233 65 131 86 126 711 63 317 188
internal_value=0.000227527 0.000697145 -0.00340944 -0.00067343 0.00161291 0.0131317 -0.00229566 0.00928879 -0.0103424 0.0165948 0.0332258 0.0033498 0.00043742 0.00157809 0.00417613 -0.0104351 0.00661368 0.0105072 -0.00488005 -0.00190793 0.00508046 0.0188109 0.000591834 0.0087089 0.0201725 -0.0107282 0.00616147 0.0308379 0.00153555 0.0127363
internal_weight=754.571 743.084 291.422 232.017 203.739 51.0198 152.719 47.9594 13.3758 17.7266 9.64213 451.662 283.811 271.679 220.09 30.9983 189.092 136.073 134.992 115.542 99.8562 23.8154 76.0408 53.3976 33.5644 19.8333 53.483 7.54876 45.9342 25.8754
internal_count=19540 17605 10689 8070 7166 1347 5819 1271 584 517 202 6916 3943 3798 2932 478 2454 1754 5302 4741 1322 349 973 408 217 191 1439 223 1216 505
cat_boundaries=0 1
cat_threshold=89
is_linear=0
shrinkage=0.03


Tree=89
num_leaves=31
num_cat=0
split_feature=3 29 5 4 12 28 12 10 3 7 18 7 14 5 0 13 1 13 2 10 29 12 2 14 0 3 3 18 12 3
split_gain=12.0102 7.9314 6.83653 5.98818 10.8296 6.81086 5.98543 6.52844 6.89196 5.31244 7.93261 6.29197 7.72302 7.61383 7.22263 5.94099 14.1719 9.48041 11.7428 11.0935 8.9682 11.387 7.63004 8.59854 7.26928 7.16556 8.46093 5.66109 5.51302 7.81747
threshold=8.1995434761047381 75.522090911865249 0.4124008715152741 1.5000000000000002 0.32000000774860388 25.763958930969242 0.26600000262260443 0.42499999701976782 596.26895141601574 -20.595987319946286 0.69984164834022533 -15.210879325866697 0.18500000238418582 -0.70125329494476307 178.04959106445315 52.500000000000007 132.25299072265628 47.500000000000007 186.20759582519534 -0.17000000178813932 79.001594543457045 -0.060000000521540635 103.83284759521486 -0.36500000953674311 77.809761047363295 801.39553833007824 403.11267089843756 0.89895629882812511 -0.24849999696016309 277.53517150878912
decision_type=2 2 2 8 2 2 2 2 2 2 2 2 2 2 2 2 2 2 2 2 2 2 2 2 2 2 2 2 2 2
left_child=-1 2 -2 4 6 -6 7 9 -9 10 -3 13 15 -11 28 17 -17 18 19 22 -20 -22 27 -24 -18 26 -26 -13 29 -14
right_child=1 3 -4 -5 5 -7 -8 8 -10 11 -12 12 14 -15 -16 16 24 -19 20 -21 21 -23 23 -25 25 -27 -28 -29 -30 -31
leaf_value=-0.021764472866200788 -0.016983484563461226 0.014625726997496879 0.039164169472874932 -0.00083364215982993065 -0.016355302296383933 0.019815746808783258 0.030589873396494906 0.0013297450934964866 -0.027116349124477589 -0.00081702581280646133 -0.016168459785985113 0.026812644575942023 -0.020890929566792511 0.055131117388812954 -0.011677628959711842 -0.0079660023639075862 0.051724482445747878 -0.015921781035888021 -0.010311026520715806 -0.011209591266266087 0.039993319433691193 -0.010311712409682245 0.014059295653178651 0.061973041431056669 0.026314270383915477 0.043832072295912378 -0.0080154555039376116 -0.023906621885974814 0.034361011814446826 0.023056407003322954
leaf_weight=20.327946895733476 29.261625021230433 11.581720020622017 1.1521082869730879 377.91873054625466 29.596502052620053 4.6584186032414427 8.133380485698579 37.87937350384891 8.5841336585581285 3.4902906371280551 17.846033167093992 3.0837717475369635 4.3737208331003776 4.7450483487918955 5.1248635668307534 18.46632859762758 6.1057320423424235 22.307504788972437 37.495817487128079 6.5835312651470295 7.5799378752708435 7.0477707013487798 6.5267356764525202 8.1221474735066241 11.40380278229714 5.8935312926769248 12.75193293020129 2.8537984732538462 20.614230331033468 10.780101413838564
leaf_count=3257 1589 110 70 9842 522 65 92 529 107 66 281 81 107 84 54 344 67 397 498 115 99 100 112 87 101 60 148 79 314 137
internal_value=0.000428096 0.00107328 -0.0136775 0.00173132 0.00471988 -0.0110138 0.00661388 0.00581458 -0.00438626 0.0078434 -0.00396659 0.00954685 0.0083635 0.0338983 0.0198245 0.00525643 0.0131388 0.000932062 0.00581277 0.0214237 -0.00257471 0.016647 0.0318956 0.0428879 0.0238425 0.0166937 0.00859323 0.0025031 0.024533 0.00986422
internal_weight=752.291 731.963 30.4137 701.549 323.63 34.2549 289.375 281.242 46.4635 234.778 29.4278 205.351 197.115 8.23534 40.8929 156.222 54.6213 101.601 79.2935 27.17 52.1235 14.6277 20.5865 14.6489 36.155 30.0493 24.1557 5.93757 35.7681 15.1538
internal_count=19514 16257 1659 14598 4756 587 4169 4077 636 3441 391 3050 2900 150 612 2288 720 1568 1171 474 697 199 359 199 376 309 249 160 558 244
is_linear=0
shrinkage=0.03


Tree=90
num_leaves=31
num_cat=0
split_feature=28 16 18 16 12 14 16 18 6 28 28 9 9 18 7 0 7 16 3 4 14 29 18 7 4 12 2 6 14 8
split_gain=11.5614 14.1863 8.96736 8.05469 11.1168 14.6652 13.4752 12.5984 8.98847 8.32758 8.12102 8.3292 7.89032 6.06982 9.6678 6.09137 7.48075 8.38941 5.90545 7.26412 12.6121 8.94965 8.7273 9.16899 5.74804 5.66172 6.25341 5.44883 8.21519 5.35847
threshold=22.590013504028324 -0.10931500047445296 2.1633379459381108 -0.074701867997646318 -0.15249999612569806 -0.070000002160668359 0.32726836204528814 1.7047763466835024 -0.94107943773269642 18.289889335632328 18.767070770263675 -31.944062232971188 17.971662521362308 0.32234686613082891 -15.210879325866697 62.586336135864265 44.711011886596687 -0.65235421061515797 0.49395650625228887 19.500000000000004 0.12999999895691874 83.357944488525405 0.5171303153038026 -2.4159938097000118 9.5000000000000018 0.11699999868869783 34.803195953369148 -0.98471984267234791 0.18500000238418582 70.966430664062514
decision_type=2 2 2 2 2 2 2 2 2 2 2 2 2 2 2 2 2 2 2 10 2 2 2 2 8 2 2 2 2 2
left_child=1 13 18 -3 6 8 -5 9 -6 -8 11 -10 -13 14 -1 -15 17 -17 -2 24 21 -21 -22 25 -20 26 -24 28 -26 -11
right_child=2 3 -4 4 5 -7 7 -9 10 29 -12 12 -14 15 -16 16 -18 -19 19 20 22 -23 23 -25 27 -27 -28 -29 -30 -31
leaf_value=0.057743777146605828 -0.025428762085343549 0.027732093209758005 -0.020637110316438723 -0.022485344365526537 -0.023946951674359361 -0.02115697657570683 -0.01143119962367644 -0.021142987034639453 -0.0084847469149102635 0.032492955963700054 -0.0060216708383251773 0.058370943883816771 0.0050030854094361647 -0.021337812730445022 -0.021012970157732357 0.041850606497832003 -0.021619142153296023 -0.013593660181954811 0.0038732936775698491 -0.020592497359212585 -0.019491940917635415 0.045133169753097231 -0.011010747783348167 -0.017768152111734457 -0.020317612414840307 0.0774360266335829 0.04554611310089484 -0.012381020038483367 0.050597371254401641 0.0023449888428852617
leaf_weight=1.6695215934887531 5.3389213299378744 8.1231402065604907 13.383684777654706 9.5180910071358067 6.1321147517301169 39.676711210981011 5.4047243716195217 6.5350944697856894 3.8311875648796585 27.692010486032814 10.228614336811004 6.6941651683300716 3.9874398978427052 61.773343877866864 2.1592909903265527 4.5528784487396479 6.8836274538189164 3.7245468683540803 451.45667830202729 7.8349233646877128 1.6406304677948345 1.3813610961660741 2.0983173432759923 1.3970490256324399 1.896173171699046 4.5950324269942939 4.5186204556375742 33.257715823594481 2.2998435804620385 6.7101405505090943
leaf_count=43 927 134 692 450 258 1849 99 218 92 447 369 133 160 4090 114 105 256 110 6332 635 92 86 184 152 80 141 76 950 60 155
internal_value=0.000367786 -0.00548108 0.00274464 0.000504779 -0.00144878 -0.00930712 0.0084653 0.0151629 0.00610756 0.0214953 0.0141974 0.0279174 0.0405825 -0.0153364 0.0181747 -0.017216 -0.00014045 0.0181265 0.00338771 0.00373693 0.0196999 -0.00728785 0.0364882 0.0446691 0.00293211 0.0532669 0.0285202 -0.00821833 0.0208083 0.0268449
internal_weight=746.396 215.297 531.099 134.533 126.41 70.5502 55.8601 46.342 30.8735 39.8069 24.7414 14.5128 10.6816 80.7632 3.82881 76.9344 15.1611 8.27743 517.715 512.376 23.4659 9.21628 14.2496 12.609 488.91 11.212 6.61694 37.4537 4.19602 34.4022
internal_count=19489 9082 10407 4364 4230 2861 1369 919 1012 701 754 385 293 4718 157 4561 471 215 9715 8788 1366 721 645 553 7422 401 260 1090 140 602
is_linear=0
shrinkage=0.03


Tree=91
num_leaves=31
num_cat=0
split_feature=3 29 16 18 3 10 9 12 2 4 4 12 11 14 10 18 5 6 16 0 9 4 29 16 3 2 6 9 14 14
split_gain=11.6357 5.10995 9.25088 9.22989 7.34757 6.47842 5.83022 5.77718 7.78283 5.43675 8.55565 7.51426 6.99962 5.63829 6.79646 5.38398 7.43088 4.35214 4.23779 6.28521 4.20316 10.7445 5.87041 4.89236 4.27666 4.09295 6.98814 6.08615 6.13058 9.77958
threshold=0.85626241564750682 75.805187225341811 0.6894190013408662 0.96771091222763073 209.121208190918 -0.31000000238418574 1.0000000180025095e-35 -0.30349999666213984 135.77822875976565 9.5000000000000018 19.500000000000004 -0.33699999749660486 81.500000000000014 -0.52499997615814198 -0.31000000238418574 0.32234686613082891 -0.73172146081924427 -0.74761795997619618 -1.0082404613494871 53.01178169250489 -6.0157892704010001 28.500000000000004 79.001594543457045 0.52900657057762157 403.11267089843756 556.54824829101574 -0.58134955167770375 99.756767272949233 -0.45000000298023218 -0.21499999612569806
decision_type=2 2 2 2 2 2 2 2 2 8 10 2 2 2 2 2 2 2 2 2 2 8 2 2 2 2 2 2 2 2
left_child=-1 2 4 -4 17 -5 7 -7 -9 25 13 -12 20 14 -11 16 -6 -2 19 -17 21 24 -23 -24 -13 27 -27 28 -3 -30
right_child=1 9 3 5 15 6 -8 8 -10 10 11 12 -14 -15 -16 18 -18 -19 -20 -21 -22 22 23 -25 -26 26 -28 -29 29 -31
leaf_value=-0.027758205695984157 -0.025035635031231088 -0.0033890502915705457 0.041162157589847627 -0.026332957769330801 -0.015677224604381111 0.040386683161864841 -0.0093238189537590277 -0.025147660636527642 0.02495835254012992 -0.009100470216771234 -0.023287324777559473 0.049151387849070853 -0.0080095201751851624 -0.016037557228450895 0.047339265429935003 -0.0099630826376628356 0.04023358358490714 0.019594425151376719 -0.0097864920440941545 0.035066890053850032 0.045804718630265147 -0.025904739499639163 -0.015955061620849274 0.051521357914996166 0.0024629158962952299 0.0046601100079015538 0.037213941022877492 -0.0045289863540316222 0.016990728473348708 0.0038462371782520626
leaf_weight=11.46649395348504 24.68649937026203 71.503321767784655 5.5892468402162185 4.9844215107150402 2.8145945109426975 5.8444353709928718 9.6834638388827425 3.9088767073117179 5.4904133463278413 4.5376098197884858 5.2757093133404842 5.4583658212795854 9.3849960248917323 43.834812094923109 2.0397083591669789 5.3573838463053089 4.461912350729107 1.4069319828413416 52.439008811488748 4.1521752970293164 4.4186607524752644 5.6739816777408132 1.1001201993785801 1.1476354938931761 2.5813163071870804 19.55812034569681 7.7479539420455685 77.763602325692773 61.347593301907182 284.27478469442576
leaf_count=2062 1306 1528 106 171 102 70 236 187 46 212 302 138 727 1583 52 211 72 113 1365 60 333 532 103 42 87 191 84 1344 1045 5092
internal_value=0.000986323 0.00146959 -0.00388879 0.0090134 -0.00873782 0.00186885 0.00830621 0.0193901 0.00370634 0.00262767 -0.00435092 0.00691963 0.0128566 -0.0121671 0.0123398 -0.00349873 0.0193258 -0.0219948 -0.00644413 0.0111643 0.0223906 0.0135904 -0.0107318 0.0237523 0.0360918 0.00377579 0.0148855 0.00313402 0.00457003 0.00622166
internal_weight=749.934 738.468 130.819 35.5009 95.3185 29.9116 24.9272 15.2437 9.39929 607.648 85.4529 35.0408 29.7651 50.4121 6.57732 69.2251 7.27651 26.0934 61.9486 9.50956 20.3801 15.9614 7.92174 2.24776 8.03968 522.195 27.3061 494.889 417.126 345.622
internal_count=19502 17440 4045 816 3229 710 539 303 233 13395 4111 2264 1962 1847 264 1810 174 1419 1636 271 1235 902 677 145 225 9284 275 9009 7665 6137
is_linear=0
shrinkage=0.03


Tree=92
num_leaves=31
num_cat=0
split_feature=3 17 5 5 18 11 16 21 10 17 1 0 0 12 9 6 28 18 3 10 12 14 7 7 3 3 0 18 12 17
split_gain=9.72982 6.43442 7.68479 7.4366 7.81564 4.33799 8.06815 8.06605 7.26603 5.85308 6.88874 11.3208 9.10881 5.70451 5.48267 5.44969 7.29259 7.25454 5.78073 6.57944 5.29389 6.37175 4.59973 9.32197 4.54153 4.4348 7.35186 4.3867 9.3378 6.17426
threshold=0.49395650625228887 -1.1682549715042112 -0.9936448037624358 -0.97269129753112782 1.5407053232192995 68.500000000000014 -0.36812625825405115 1.0000000180025095e-35 0.24000000208616259 0.76505395770072948 30.662682533264164 20.032947540283207 4.7792363166809091 -0.028500000014901158 77.120651245117202 -0.96645781397819508 22.987782478332523 0.52844944596290599 121.44297790527345 0.35999999940395361 0.042500000447034843 0.43500000238418585 -6.1038970947265616 25.002727508544925 223.22633361816409 152.23914337158206 52.442718505859382 1.4366115331649782 -0.26850000023841852 -1.0289596915245054
decision_type=2 2 2 2 2 2 2 2 2 2 2 2 2 2 2 2 2 2 2 2 2 2 2 2 2 2 2 2 2 2
left_child=-1 3 -3 4 -2 6 7 -4 -9 10 12 -12 -8 14 22 16 27 -18 19 -19 -15 -22 -13 -24 25 -20 -27 29 -29 -7
right_child=1 2 5 -5 -6 15 9 8 -10 -11 11 13 -14 20 -16 -17 17 18 24 -21 21 -23 23 -25 -26 26 -28 28 -30 -31
leaf_value=-0.027540600577058566 -0.020885908776171518 -0.02066686317868368 -0.022020492272587615 -0.015531269940453427 0.043187333421889733 0.023278920504699922 -0.011253483041687986 0.033068166727911456 -0.018501407084105151 -0.01443533258120747 -0.028544113047422805 -0.015339844290155917 0.046274691418695495 0.025647438442350994 -0.027694628907175715 0.0045694215076320811 -0.020894942970696606 -0.017659870390247492 0.0074236597808072652 0.026745949099874201 -0.0033283814147232155 0.022882797401260521 0.02931824850345284 -0.013148800146541219 0.0059970682132814406 0.064507100458928171 0.010186399981480581 0.021809197966804507 -0.01291345054345323 -0.015737707031730525
leaf_weight=10.454843438696114 2.0370949963107696 13.398696682415901 29.264972046483308 37.789303791243583 3.3858278812840581 3.0616674972698084 3.3022516984492523 4.4973641745746118 3.5775652066804469 17.899280104786158 9.3304144227877241 8.660793808288874 6.0829878933727741 14.336644251830874 6.5094387512654057 391.77844381146133 6.76646644482389 10.052937086205928 6.27884786017239 3.1545554962940505 27.100989090278745 10.934788278304039 9.2402565935626644 7.7152663422748438 17.200082357041538 4.5098877158015949 4.5325121115893126 11.02992370631546 15.587491810321806 49.757310491520911
leaf_count=1937 79 586 1004 1414 96 64 225 117 120 485 281 134 160 156 174 8456 135 410 95 114 427 168 124 125 247 67 60 201 479 1448
internal_value=-0.000103357 0.000321628 0.00102561 -0.0107768 0.0196141 0.00148131 -0.00285548 -0.0148501 0.0106994 0.000933879 0.00371214 0.00113371 0.0268985 0.00470631 -0.00514811 0.00279638 -0.00246353 0.00614279 0.0105051 -0.00591772 0.0107343 0.00460015 0.00140651 0.0103384 0.0171522 0.0285406 0.0410045 -0.00815665 0.00174387 -0.0130856
internal_weight=749.229 738.774 695.562 43.2122 5.42292 682.163 158.453 37.3399 8.07493 121.113 103.214 93.8286 9.38524 84.4982 32.1258 523.71 131.932 52.4953 45.7288 13.2075 52.3724 38.0358 25.6163 16.9555 32.5213 15.3212 9.0424 79.4364 26.6174 52.819
internal_count=19588 17651 16062 1589 175 15476 3700 1241 237 2459 1974 1589 385 1308 557 11776 3320 1128 993 524 751 595 383 249 469 222 127 2192 680 1512
is_linear=0
shrinkage=0.03


Tree=93
num_leaves=31
num_cat=0
split_feature=2 12 0 8 18 29 24 4 18 28 4 0 14 7 28 9 8 18 14 9 9 1 0 2 18 1 14 29 14 11
split_gain=8.06083 9.37193 5.78424 5.27404 5.61679 4.99131 4.72248 4.97257 4.6221 4.34318 4.31854 8.099 6.46105 5.4809 5.0036 3.90274 4.11495 6.63014 10.3293 6.55838 6.24285 12.1151 6.23137 4.90787 6.25154 4.99987 5.09583 8.16704 7.36944 9.42221
threshold=23.066596984863285 0.37450000643730169 1.1947620511054995 3.4616011381149296 0.89486348628997814 75.522090911865249 1.0000000180025095e-35 2.5000000000000004 0.32234686613082891 18.289889335632328 24.500000000000004 1.5315812230110171 -0.095000002533197389 -36.995754241943352 19.008403778076175 -222.01596069335935 -53.313816070556634 0.80486598610878002 1.1899999976158144 -137.85687255859372 -81.345256805419908 100.80677413940431 10.428303718566896 33.581750869750984 1.5596290826797488 41.241113662719734 -0.62499999999999989 76.836559295654311 -0.21499999612569806 68.500000000000014
decision_type=2 2 2 2 2 2 2 10 2 2 10 2 2 2 2 2 2 2 2 2 2 2 2 2 2 2 2 2 2 2
left_child=1 3 -3 -1 -5 6 8 -8 -2 -7 15 -12 -13 -14 -15 -11 17 22 -19 -18 21 -21 -17 24 -22 -25 27 -27 29 -28
right_child=5 2 -4 4 -6 9 7 -9 -10 10 11 12 13 14 -16 16 19 18 -20 20 23 -23 -24 25 -26 26 28 -29 -30 -31
leaf_value=-0.026368331158162627 0.015756025414943885 0.058385425851739649 -0.0089874693770686728 0.053996569340976096 -0.017735204040248045 -0.010574471859319878 0.033909590794292073 -0.015592511329083989 -0.021789224773883915 0.024320251214437975 0.056229109861517711 -0.024255137082250713 -0.020272120690483432 -0.0058987417693117349 0.045739626966386351 -0.013044333345167658 -0.018941418633500625 -0.013588904923819164 0.023873521307913811 0.024906551490731302 0.049545297270160694 -0.0040191556585329616 0.012259722725922784 -0.012805326143415926 -0.01702539373105658 -0.024684868443949248 -0.0073159756954346115 0.0013365119069792255 0.00054665910445563588 0.014621571583306861
leaf_weight=22.317328333854682 2.6760851489380064 1.3670874508097761 1.7823755792342124 0.78010780131444279 1.4100669897161422 26.53955676080659 2.9583456702530375 2.571551613509655 21.007037957198918 5.5103014316409817 2.6662370455451301 3.7044869042001656 1.768243026919661 2.1337545244023204 4.5187831586226821 11.287484048400072 12.058824142441152 63.413261067122221 6.467810856178402 28.984577831812203 2.9931136122904709 22.618603402748704 30.005767364054918 21.003529135137796 1.2616937900893388 15.245427839457987 21.857177259400487 32.432762113399804 293.53936307644472 79.894036087207496
leaf_count=3463 99 125 97 66 164 1082 79 103 1307 63 122 195 53 99 143 322 157 1528 87 557 123 227 383 1041 94 474 405 626 4934 1273
internal_value=-3.90054e-05 -0.0156425 0.0272799 -0.0220117 0.0167316 0.000581986 -0.0113547 0.0120272 -0.0170803 0.00110313 0.00158553 0.0170893 0.00485443 0.0188757 0.0305705 0.00120619 0.000970676 -0.00425394 -0.00983369 0.00206865 0.00259146 0.0123925 0.00519799 0.00148718 0.0303215 0.00115812 0.00184755 -0.00732018 0.002969 0.00988383
internal_weight=746.775 27.657 3.14946 24.5075 2.19017 719.118 29.213 5.5299 23.6831 689.905 663.365 14.7915 12.1253 8.42078 6.65254 648.574 643.063 111.174 69.8811 531.889 519.83 51.6032 41.2933 468.227 4.25481 463.972 442.969 47.6782 395.291 101.751
internal_count=19491 3915 222 3693 230 15576 1588 182 1406 13988 12906 612 490 295 242 12294 12231 2320 1615 9911 9754 784 705 8970 217 8753 7712 1100 6612 1678
is_linear=0
shrinkage=0.03


Tree=94
num_leaves=31
num_cat=0
split_feature=16 28 18 9 0 18 18 16 14 28 28 28 28 2 8 10 2 4 14 2 2 0 0 9 10 14 16 16 14 2
split_gain=9.48373 10.6221 7.07907 5.88351 8.28991 12.5043 6.59079 6.42981 8.21481 9.5415 6.5914 6.51814 6.6766 6.38811 5.54883 7.93002 5.47258 9.12989 5.23252 6.11794 5.20953 5.17719 4.91304 4.90473 4.87583 4.79851 4.69573 11.7063 5.8681 11.7544
threshold=0.49182637035846716 19.008403778076175 0.81063601374626171 9.4294867515563983 131.06626129150393 1.0504449605941775 1.3112390041351321 0.94581216573715221 0.35999999940395361 18.71020603179932 18.63957500457764 22.590013504028324 23.15529823303223 152.43484497070315 -11.674581527709959 1.0000000180025095e-35 42.127584457397468 24.500000000000004 0.40500000119209295 155.42070770263675 72.398101806640639 11.488672256469728 70.12082672119142 -90.65679550170897 -0.32500000298023218 0.69499999284744274 -0.10931500047445296 -0.074701867997646318 -0.49499998986721033 100.14503097534181
decision_type=2 2 2 2 2 2 2 2 2 2 2 2 2 2 2 2 2 8 2 2 2 2 2 2 2 2 2 2 2 2
left_child=1 26 23 4 5 -4 14 11 9 24 -10 -7 -13 -14 -5 22 -3 -18 -12 20 21 -20 -16 -2 -9 -25 -1 -28 29 -29
right_child=2 16 3 6 -6 7 -8 8 10 -11 18 12 13 -15 15 -17 17 -19 19 -21 -22 -23 -24 25 -26 -27 27 28 -30 -31
leaf_value=-0.017317957059634938 0.0353418603951699 -0.014989451068246029 -0.015251234152473512 0.029100653923979043 0.035325016975422563 -0.0021662841178947114 -0.013522554512625551 0.038498784176045624 -0.016223066992531794 -0.009850128289682146 0.048332485888987267 0.048459237311588167 0.031011448201250607 -0.019044536199334425 -0.013044621461540919 -0.015501182760607685 1.7325544385608415e-06 0.038133207659840601 -0.019811288085876844 0.033006576249756614 -0.025719135686600069 0.031649325272299855 0.023556926686184237 0.014266130763882313 -0.0017557077035634831 -0.015077939979069145 0.030502820627918922 0.058655247769876316 -0.017583120122905589 -0.022430728808300548
leaf_weight=52.347086959984154 8.040321081876753 20.491239314433187 23.009216843638569 5.744741545058786 7.2703747544437638 6.7927072998136309 35.243752620182931 5.4807619205676019 3.6741321412846473 37.881190051790327 5.0559294079430428 8.8895632042549568 4.1044099796563378 3.2689547091722488 3.7825454301200834 15.514020082540808 388.44491500640288 4.7346326000988475 1.8665040796622649 7.4505650950595728 3.7724434258416295 4.0893362043425441 11.2618660191074 34.822778882924467 4.5081842397339624 4.9953675623983136 6.4961683126166454 2.0034304144792285 23.536789391189814 2.6383823789656162
leaf_count=3699 55 2541 600 101 46 278 795 70 92 839 54 118 136 50 101 302 6513 123 216 71 87 62 145 544 104 88 102 84 1284 139
internal_value=0.000108855 -0.00226209 0.00491403 0.00238486 0.00624065 0.00419852 -0.00445716 0.00892869 0.00446892 -0.00292927 0.0177389 0.0224211 0.0322214 0.00919521 0.00447026 -0.000935454 -0.000247877 0.000556484 0.0238076 0.014328 -0.00172052 0.0149924 0.0141149 0.015149 0.0218247 0.0103056 -0.0117253 -0.00303362 -0.0115454 0.0167598
internal_weight=747.212 500.693 246.52 198.661 127.114 119.844 71.5469 96.8347 73.779 47.8701 25.9089 23.0556 16.2629 7.37336 36.3032 30.5584 413.671 393.18 22.2348 17.1788 9.72828 5.95584 15.0444 47.8585 9.98895 39.8181 87.0219 34.6748 28.1786 4.64181
internal_count=19439 14485 4954 4267 2823 2777 1444 2177 1595 1013 582 582 304 186 649 548 9177 6636 490 436 365 278 246 687 174 632 5308 1609 1507 223
is_linear=0
shrinkage=0.03


Tree=95
num_leaves=31
num_cat=0
split_feature=1 12 16 9 4 2 29 15 15 5 5 11 12 8 14 10 24 29 16 16 9 5 16 16 0 5 10 1 2 9
split_gain=7.81293 8.02239 8.27648 6.04825 6.34753 8.58189 4.8552 10.0755 9.362 9.21202 12.4956 7.82122 8.46744 8.14666 13.7839 8.64636 7.78033 7.99218 7.7413 10.8648 10.4212 8.48126 7.51598 7.34944 7.22158 7.20984 7.72834 7.00432 6.88754 6.78196
threshold=12.301986217498781 0.29199999570846563 0.82587000727653515 -79.928268432617173 24.500000000000004 29.897008895874027 76.836559295654311 47.500000000000007 33.500000000000007 -0.34091138839721674 -0.8126716911792754 79.500000000000014 0.042500000447034843 128.62918090820315 1.0000000180025095e-35 -0.66500002145767201 1.0000000180025095e-35 75.805187225341811 -0.10931500047445296 -0.0042439100798219434 86.653739929199233 -0.88134551048278797 -0.51828125119209278 -0.15070500224828717 33.434959411621101 -0.78753387928009022 -0.1950000002980232 41.947761535644538 126.98769378662111 14.399299144744875
decision_type=2 2 2 2 8 2 2 2 2 2 2 2 2 2 2 2 2 2 2 2 2 2 2 2 2 2 2 2 2 2
left_child=1 3 -3 4 -1 -6 7 8 18 10 -9 13 23 15 -15 22 -11 -18 20 -20 -2 -21 -8 24 27 -26 -27 -13 -29 -25
right_child=6 2 -4 -5 5 -7 11 9 -10 16 -12 12 -14 14 -16 -17 17 -19 19 21 -22 -23 -24 29 25 26 -28 28 -30 -31
leaf_value=-0.01969472844228061 -0.02022296323099864 -0.0044482647195103137 0.05786376733631117 -0.024939743783453289 -0.019160542228246407 0.054643465149826945 -0.0071169522677955541 -0.0079245597592208696 -0.012481604966802732 -0.013436160826068817 0.013727948039999709 -0.0012436421510673415 -0.011281733055456511 -0.0066147800555832912 0.038487560481372918 0.0026985362511176237 0.045046213271788448 -0.009673116523374152 0.056115780125089151 0.043233563717228057 0.034558223281942517 -0.0034039771442860769 0.033509629189486724 0.0043289269866253303 0.027082148350657319 0.015300903951575099 -0.017999175324858282 0.077526462537109486 0.018354559304097951 -0.019481040680845059
leaf_weight=4.3836248544976089 15.70304279914126 6.1531059537082902 1.708081984426826 26.526512733660638 1.7092878096736974 2.5071122352965176 5.1476854453794685 32.447551963850856 101.4147126362659 38.724832157138735 85.421254049055278 4.0279229939915222 56.519163188990206 9.156174558214845 15.836075557395814 206.47995869955048 3.667985672131179 4.3593035158701241 3.6732967416755882 3.3089966475963619 2.896405676379799 18.282272052951157 14.548056083731352 26.392275071702898 8.0815675845369714 9.8271174440160411 13.997340604662893 2.8113951180130243 4.9235973637551069 16.865266923326999
leaf_count=206 454 469 83 3676 161 111 142 998 2967 1315 1317 187 1113 134 166 3782 59 81 40 41 73 404 233 428 118 111 204 60 114 289
internal_value=0.000265554 -0.0120016 0.014093 -0.0180699 0.00351044 0.0267865 0.00103002 -0.00177715 -0.00750984 0.00329677 0.00775081 0.00323347 -0.00234511 0.00641615 0.0223451 0.0045654 -0.00785966 0.0175506 0.00400701 0.0145787 -0.0103642 0.00534086 0.0230606 0.00352766 0.0120806 0.00430539 -0.0042005 0.0311807 0.0462747 -0.00518454
internal_weight=747.501 42.9877 7.86119 35.1265 8.60002 4.2164 704.513 309.9 145.279 164.621 117.869 394.614 143.446 251.168 24.9923 226.176 46.7521 8.02729 43.864 25.2646 18.5994 21.5913 19.6957 86.9265 43.6689 31.906 23.8245 11.7629 7.73499 43.2575
internal_count=19536 4706 552 4154 478 272 14830 7749 3979 3770 2315 7081 2624 4457 300 4157 1455 140 1012 485 527 445 375 1511 794 433 315 361 174 717
is_linear=0
shrinkage=0.03


Tree=96
num_leaves=31
num_cat=1
split_feature=3 28 3 29 5 5 14 14 18 1 8 18 28 14 4 5 7 12 16 6 1 12 28 7 4 13 18 18 32 18
split_gain=10.3297 5.51824 5.44321 4.74971 6.25406 4.73499 3.98935 6.99821 5.40941 12.4686 6.43412 9.65303 8.1686 11.0935 9.12269 9.30512 14.9373 14.8651 8.93831 13.5875 11.5051 9.42336 10.4467 9.22983 11.1877 9.1667 8.74615 9.69666 7.94126 7.49985
threshold=0.85626241564750682 18.289889335632328 288.78085327148443 75.522090911865249 0.48901963233947759 -0.83753159642219532 1.2750000357627871 1.2250000238418581 1.5760120749473574 103.88302993774415 39.301610946655281 1.5407053232192995 22.948931694030765 1.0000000180025095e-35 4.5000000000000009 -0.53371313214302052 -15.210879325866697 -0.00450000021373853 0.75175401568412792 -0.92772412300109852 115.63481903076173 -0.30349999666213984 20.863806724548343 -34.936653137207024 5.5000000000000009 47.500000000000007 1.1837971806526186 0.8178631365299226 0 0.82439422607421886
decision_type=2 2 2 2 2 2 2 2 2 2 2 2 2 2 10 2 2 2 2 2 2 2 2 2 10 2 2 2 1 2
left_child=-1 2 -2 4 -3 -4 7 8 10 -10 11 12 13 14 15 -5 -17 -18 19 20 -15 -20 -23 25 26 -21 27 -25 29 -12
right_child=1 3 5 6 -6 -7 -8 -9 9 -11 28 -13 -14 18 -16 16 17 -19 21 23 -22 22 -24 24 -26 -27 -28 -29 -30 -31
leaf_value=-0.027528950915038534 -0.026682402120958581 -0.012799061550458429 -0.015764804354332074 -0.0066162289836154417 0.041325514616947383 0.015434254442140641 -0.010943492204967688 0.029094250004576775 -0.013390137109035211 0.0058926834649478867 0.013729996637825257 0.036903256618654789 0.00023708030060858319 -0.016606913253998865 -0.01344503914989344 0.052538490880377306 -0.016562726169813975 0.031216988827679142 0.054507955001002494 -0.02458007136637181 0.032945278051990851 -0.019952042388126114 0.029916286721430308 0.0066059314708428567 0.047312059027557286 0.016556288077466414 -0.022775696071817987 0.043066485574749527 -0.0088035673228227338 -0.0037306132968075918
leaf_weight=10.42414390016347 11.398814546409996 29.516853690613065 7.673970035277307 22.286561239510775 1.0854952037334431 7.8397171618416888 18.982837298884988 7.9076145794242612 57.434531183447689 61.552794991992414 41.710734806023538 7.7508684801869085 173.62850717129186 21.699307931587104 26.733572179451585 7.4711566660553244 11.981401269324129 9.7219464248046226 8.6837892318144458 7.2197330147027996 4.2137198708951464 4.5624848348088589 11.757584542501716 17.837790552061058 13.291239532642065 10.982483950443564 4.0479618869721881 9.8219007207080704 63.748776765540242 45.27889868337661
leaf_count=2061 646 1669 277 432 101 278 483 119 2280 956 459 179 3514 694 1232 80 209 155 58 185 29 192 125 304 475 140 72 119 1267 581
internal_value=0.000778911 0.00122156 -0.0118635 0.00174017 -0.00963229 -1.87116e-05 0.00227294 0.00267432 0.00230497 -0.00344905 0.00361458 0.00572069 0.00496145 0.00920353 0.00047747 0.00782851 0.0187165 0.00527233 0.0151266 0.0104626 -0.00762449 0.0307078 0.0156279 0.0178817 0.0250371 -0.000190403 0.0145388 0.0206039 -0.00160992 0.00422259
internal_weight=738.247 727.823 26.9125 700.911 30.6023 15.5137 670.308 651.325 643.418 118.987 524.43 373.692 365.941 192.313 78.1946 51.4611 29.1745 21.7033 114.118 89.1141 25.913 25.0039 16.3201 63.2011 44.9989 18.2022 31.7077 27.6597 150.738 86.9896
internal_count=19371 17310 1201 16109 1770 555 14339 13856 13737 3236 10501 8194 8015 4501 2108 876 444 364 2393 2018 723 375 317 1295 970 325 495 423 2307 1040
cat_boundaries=0 1
cat_threshold=112
is_linear=0
shrinkage=0.03


end of trees

feature_importances:
rmm1=237
dmi=236
amplitude=232
nino34=210
season_to_date=207
oni=174
doy_sin=164
rmm2=164
rain_prev_30=135
rain_prev_30_anom=125
centroid_lat=123
rain_prev_7_anom=115
rain_prev_14_anom=112
centroid_lon=102
rain_prev_7=99
days_since_wet=89
rain_prev_14=73
doy_cos=69
dmi_age_days=59
zone_id=58
oni_age_days=55
nino34_age_days=14
mjo_phase_4=13
mjo_phase_3=11
mjo_phase_5=7
state=7
mjo_phase_8=6
mjo_phase_7=5
mjo_phase_1=4
mjo_phase_2=4
mjo_phase_6=1

parameters:
[boosting: gbdt]
[objective: binary]
[metric: binary_logloss]
[tree_learner: serial]
[device_type: cpu]
[data_sample_strategy: bagging]
[data: ]
[valid: ]
[num_iterations: 2000]
[learning_rate: 0.03]
[num_leaves: 31]
[num_threads: 0]
[seed: 42]
[deterministic: 0]
[force_col_wise: 0]
[force_row_wise: 0]
[histogram_pool_size: -1]
[max_depth: -1]
[min_data_in_leaf: 60]
[min_sum_hessian_in_leaf: 0.001]
[bagging_fraction: 0.8]
[pos_bagging_fraction: 1]
[neg_bagging_fraction: 1]
[bagging_freq: 1]
[bagging_seed: 400]
[bagging_by_query: 0]
[feature_fraction: 0.8]
[feature_fraction_bynode: 1]
[feature_fraction_seed: 30056]
[extra_trees: 0]
[extra_seed: 12879]
[early_stopping_round: 0]
[early_stopping_min_delta: 0]
[first_metric_only: 0]
[max_delta_step: 0]
[lambda_l1: 0]
[lambda_l2: 1]
[linear_lambda: 0]
[min_gain_to_split: 0]
[drop_rate: 0.1]
[max_drop: 50]
[skip_drop: 0.5]
[xgboost_dart_mode: 0]
[uniform_drop: 0]
[drop_seed: 17869]
[top_rate: 0.2]
[other_rate: 0.1]
[min_data_per_group: 100]
[max_cat_threshold: 32]
[cat_l2: 10]
[cat_smooth: 10]
[max_cat_to_onehot: 4]
[top_k: 20]
[monotone_constraints: ]
[monotone_constraints_method: basic]
[monotone_penalty: 0]
[feature_contri: ]
[forcedsplits_filename: ]
[refit_decay_rate: 0.9]
[cegb_tradeoff: 1]
[cegb_penalty_split: 0]
[cegb_penalty_feature_lazy: ]
[cegb_penalty_feature_coupled: ]
[path_smooth: 0]
[interaction_constraints: ]
[verbosity: -1]
[saved_feature_importance_type: 0]
[use_quantized_grad: 0]
[num_grad_quant_bins: 4]
[quant_train_renew_leaf: 0]
[stochastic_rounding: 1]
[linear_tree: 0]
[max_bin: 255]
[max_bin_by_feature: ]
[min_data_in_bin: 3]
[bin_construct_sample_cnt: 200000]
[data_random_seed: 175]
[is_enable_sparse: 1]
[enable_bundle: 1]
[use_missing: 1]
[zero_as_missing: 0]
[feature_pre_filter: 1]
[pre_partition: 0]
[two_round: 0]
[header: 0]
[label_column: ]
[weight_column: ]
[group_column: ]
[ignore_column: ]
[categorical_feature: 31,32]
[forcedbins_filename: ]
[precise_float_parser: 0]
[parser_config_file: ]
[objective_seed: 16083]
[num_class: 1]
[is_unbalance: 0]
[scale_pos_weight: 1]
[sigmoid: 1]
[boost_from_average: 1]
[reg_sqrt: 0]
[alpha: 0.9]
[fair_c: 1]
[poisson_max_delta_step: 0.7]
[tweedie_variance_power: 1.5]
[lambdarank_truncation_level: 30]
[lambdarank_norm: 1]
[label_gain: ]
[lambdarank_position_bias_regularization: 0]
[eval_at: ]
[multi_error_top_k: 1]
[auc_mu_weights: ]
[num_machines: 1]
[local_listen_port: 12400]
[time_out: 120]
[machine_list_filename: ]
[machines: ]
[gpu_platform_id: -1]
[gpu_device_id: -1]
[gpu_device_id_list: ]
[gpu_use_dp: 0]
[num_gpu: 1]

end of parameters

pandas_categorical:[["Bihar", "Madhya Pradesh", "Maharashtra", "Uttar Pradesh"], ["BI-2", "BI-3", "MH-6/MH-7", "MP-10", "MP-10/MP-5", "UP-10", "UP-8"]]
