tree
version=v4
num_class=1
num_tree_per_iteration=1
label_index=0
max_feature_idx=32
objective=binary sigmoid:1
feature_names=rain_prev_7 rain_prev_14 rain_prev_30 season_to_date days_since_wet doy_sin doy_cos rain_prev_7_anom rain_prev_14_anom rain_prev_30_anom oni oni_age_days dmi dmi_age_days nino34 nino34_age_days rmm1 rmm2 amplitude mjo_age_days mjo_phase_1 mjo_phase_2 mjo_phase_3 mjo_phase_4 mjo_phase_5 mjo_phase_6 mjo_phase_7 mjo_phase_8 centroid_lat centroid_lon small_unit state zone_id
feature_infos=[0:563.739501953125] [0:825.598876953125] [0:1061.04931640625] [0:2138.258544921875] [0:323] [-0.99819540977478027:0.7295575737953186] [-0.99941062927246094:-0.060048960149288177] [-119.4168701171875:466.78271484375] [-199.28990173339844:623.6695556640625] [-325.978759765625:676.28131103515625] [-1.3700000047683716:1.690000057220459] [63:90] [-0.86100000143051147:0.81099998950958252] [32:59] [-1.3799999952316284:1.9700000286102295] [32:59] [-2.703779935836792:3.1550700664520264] [-2.4152100086212158:3.5100479125976562] [0.026713300496339798:3.5471172332763672] none [0:1] [0:1] [0:1] [0:1] [0:1] [0:1] [0:1] [0:1] [18.132350921630859:26.753688812255859] [75.09625244140625:87.400367736816406] none -1:2:1:3:0 -1:2:4:3:5:6:0:1
tree_sizes=3356 3461 3465 3467 3462 3480 3482 3492 3449 3486 3475 3447 3492 3473 3473 3482 3462 3469 3475 3474 3494 3464 3478 3494 3485 3464 3492 3496 3480 3481 3486 3486 3476 3490 3502 3497 3505 3489 3489 3491 3490 3503 3469 3491 3500 3504 3496 3487 3489 3486 3477 3491 3462 3502 3498 3461 3485 3505 3472 3472 3492 3451 3495 3496

Tree=0
num_leaves=31
num_cat=0
split_feature=28 3 5 28 10 12 10 9 10 14 5 10 14 28 17 10 5 29 28 10 16 2 18 3 12 14 10 10 12 9
split_gain=555.801 509.018 536.395 468.255 244.531 123.106 145.846 174.995 122.153 115.274 106.814 74.1321 128.514 61.9927 59.5927 64.8907 85.5749 58.9638 57.8734 51.5878 44.1705 42.8016 41.8106 49.6414 40.7212 40.1489 40.1196 84.3029 82.5244 139.796
threshold=20.863806724548343 26.515231132507328 -0.83753159642219532 24.009605407714847 -0.39499999582767481 -0.23350000381469724 -0.1950000002980232 -9.13586378097534 -0.17000000178813932 1.0000000180025095e-35 0.081451712176203742 0.054999999701976783 0.18500000238418582 25.503168106079105 1.5491908192634585 0.28499999642372137 -0.49655652046203608 77.084831237792983 24.994574546813968 0.34499999880790716 0.13955352455377582 146.19311523437503 0.98537755012512218 281.44459533691412 0.37450000643730169 0.41499999165534979 0.45499999821186071 0.31000000238418585 0.14649999886751178 -20.442817687988278
decision_type=2 2 2 2 2 2 2 2 2 2 2 2 2 2 2 2 2 2 2 2 2 2 2 2 2 2 2 2 2 2
left_child=5 -2 13 4 -4 6 -1 11 22 -10 14 -8 -13 -3 15 -11 17 -17 -5 -9 -21 -15 -6 -24 -18 -14 27 -7 -29 -30
right_child=1 2 3 18 8 26 7 19 9 10 -12 12 25 21 -16 16 24 -19 -20 20 -22 -23 23 -25 -26 -27 -28 28 29 -31
leaf_value=-1.6697806607051582 -1.6578446156110944 -1.6564913047240215 -1.6335124068795739 -1.6571976016734649 -1.5117688663145297 -1.6602684876868994 -1.5345002084565635 -1.6584990733115439 -1.6212242879212984 -1.5370149085584588 -1.6235583637007267 -1.650596679996069 -1.5453706502037343 -1.6565474248670129 -1.6274059189793004 -1.6382045541338035 -1.5400579524210354 -1.5712020597776102 -1.6227502702686851 -1.6448362718861513 -1.5752661527469345 -1.6150080057950664 -1.5341634181283317 -1.5947541822244851 -1.6152936994461391 -1.6049853003503372 -1.6722117825696396 -1.6520305576067447 -1.5209187743836154 -1.6428557431545554
leaf_weight=87.469996243715286 344.70263317227364 236.93196801841259 68.940526634454727 49.593580424785614 32.154079616069794 575.36728058755398 15.395809307694433 92.783594146370888 54.907178327441216 72.891663536429405 31.881587415933609 32.699064016342163 22.616852611303329 32.154079616069794 12.670887306332586 25.205528512597084 47.004904523491859 21.254391610622406 336.25537496805191 18.801961809396744 13.352117806673048 67.850557833909988 30.382880315184593 23.706821411848068 8.3110121041536313 20.845653310418129 178.48239108920097 52.727240726351738 13.352117806673048 20.436915010213852
leaf_count=642 2530 1739 506 364 236 4223 113 681 403 535 234 240 166 236 93 185 345 156 2468 138 98 498 223 174 61 153 1310 387 98 150
internal_value=-1.63793 -1.6259 -1.61634 -1.60319 -1.58167 -1.65366 -1.6373 -1.62409 -1.57179 -1.58197 -1.57226 -1.59282 -1.6058 -1.64815 -1.56366 -1.55912 -1.57578 -1.60679 -1.62722 -1.64719 -1.61492 -1.62841 -1.54043 -1.55945 -1.55076 -1.57258 -1.65957 -1.65612 -1.6286 -1.59269
internal_weight=2641.13 1496.8 1152.1 815.16 429.311 1144.33 303.965 216.495 360.371 274.127 219.22 91.5574 76.1616 336.937 187.338 174.668 101.776 46.4599 385.849 124.938 32.1541 100.005 86.2438 54.0897 55.3159 43.4625 840.366 661.884 86.5163 33.789
internal_count=19385 10986 8456 5983 3151 8399 2231 1589 2645 2012 1609 672 559 2473 1375 1282 747 341 2832 917 236 734 633 397 406 319 6168 4858 635 248
is_linear=0
shrinkage=1


Tree=1
num_leaves=31
num_cat=1
split_feature=32 1 5 28 10 5 12 9 6 13 10 5 12 10 14 10 5 12 28 28 14 29 29 5 3 10 5 3 10 28
split_gain=676.769 361.834 452.394 134.481 216.762 129.227 131.893 121.279 74.5887 92.8408 68.9705 60.5542 60.0252 80.1849 113.211 57.7097 59.1693 57.3698 57.0029 53.3133 51.0136 49.6549 49.379 44.6354 75.2627 44.0191 72.2827 66.0276 72.5568 43.0288
threshold=0 25.782530784606937 -0.83753159642219532 25.763958930969242 -0.50999999046325672 -0.04725049436092376 -0.17249999940395352 31.66166973114014 -0.94107943773269642 43.500000000000007 -0.22500000149011609 -0.85957497358322132 0.54000002145767223 -0.14499999582767484 0.43500000238418585 1.1200000047683718 0.12431468442082406 -0.50149999558925618 25.763958930969242 24.994574546813968 -0.84999999403953541 76.013408660888686 77.084831237792983 0.081451712176203742 241.60495758056643 -0.044999999925494187 -0.91865202784538258 281.44459533691412 0.24000000208616259 19.164343833923343
decision_type=1 2 2 2 2 2 2 2 2 2 2 2 2 2 2 2 2 2 2 2 2 2 2 2 2 2 2 2 2 2
left_child=1 8 18 4 20 6 7 10 9 -1 -2 -8 13 -6 23 16 -16 -5 -3 -9 22 -13 -4 24 -15 29 -27 -28 -29 -12
right_child=5 2 3 17 12 -7 11 19 -10 -11 25 21 -14 14 15 -17 -18 -19 -20 -21 -22 -23 -24 -25 -26 26 27 28 -30 -31
leaf_value=0.093505000889282722 -0.013939511412401321 -0.01989944759246174 -0.0086289912434002469 0.081848201932553225 0.080645076598938589 -0.023765787663685863 -0.027312462086855765 -0.024166508629334831 -0.016544506509359274 0.0013613219207388326 0.10188617037790948 -0.024172417521296126 0.11605413578126175 0.076755850603691514 0.096911306539041925 0.017096587077443093 0.021267078474436003 0.014183077488368386 0.016599116692296505 0.02341303618820675 -0.027591122390227273 -0.0011830597328395609 0.079914723996084402 -0.01194733070324254 0.024683766842881674 -0.015521191109601786 0.0093248051949896809 0.014741744936302727 0.077406448056484112 0.014790812459886699
leaf_weight=11.53369005024433 37.854821622371674 143.43964570760727 12.436662942171099 11.278314203023909 96.265665128827095 601.4737793803215 210.39981538057327 100.79984115064144 247.82226179540157 45.954741075634956 13.149173542857172 116.28710421919823 16.561205580830574 32.771184459328651 61.881419211626053 13.793705984950064 11.694621071219442 150.62306977808475 51.657049268484116 25.91227313876152 32.381063967943192 303.41405448317528 9.1566639244556409 18.021916404366493 103.14505715668201 31.805757716298103 53.54656183719635 27.554766103625298 43.21294005215168 8.5940618664026243
leaf_count=81 282 1066 91 82 671 4470 1566 750 1839 338 91 864 115 230 432 99 85 1095 375 189 237 2238 67 131 731 234 391 201 310 63
internal_value=-0.000283187 0.0180167 0.0291922 0.0426692 0.0518422 -0.0127651 -0.0060753 0.00889441 -0.00940469 0.0211304 0.0225392 -0.0142118 0.0603558 0.0572885 0.0476765 0.0748765 0.0853344 0.0193702 -0.0102001 -0.0143295 -0.00409825 -0.00759507 0.0307933 0.0318551 0.0377079 0.0303376 0.0244575 0.0347283 0.0535521 0.0696255
internal_weight=2644.42 1070.42 765.107 570.011 408.109 1574 972.531 342.43 305.311 57.4884 215.718 630.101 354.135 337.574 241.308 87.3697 73.576 161.901 195.097 126.712 53.9744 419.701 21.5933 153.938 135.916 177.863 156.12 124.314 70.7677 21.7432
internal_count=19414 7765 5507 4066 2889 11649 7179 2511 2258 419 1572 4668 2494 2379 1708 616 517 1177 1441 939 395 3102 158 1092 961 1290 1136 902 511 154
cat_boundaries=0 1
cat_threshold=89
is_linear=0
shrinkage=0.03


Tree=2
num_leaves=31
num_cat=1
split_feature=32 1 5 5 12 29 10 9 5 5 14 29 17 5 12 2 10 14 14 29 10 12 12 10 2 16 7 9 6 7
split_gain=701.709 362.476 406.032 124.096 124.95 122.547 206.414 110.151 71.2924 62.7095 81.908 58.5566 55.4264 60.184 99.3336 68.1171 63.2651 50.0294 92.0107 48.4358 47.7395 49.0954 44.6046 43.9597 43.587 42.8831 38.8687 37.8381 37.4134 36.6804
threshold=0 15.040790081024172 -0.83753159642219532 -0.13282711803913114 -0.17249999940395352 81.26676177978517 -0.50999999046325672 31.66166973114014 -0.8126716911792754 0.081451712176203742 -0.27499999105930323 81.26676177978517 1.5727599859237673 -0.49655652046203608 -0.36599999666213984 243.09403228759768 0.53000000119209301 0.20499999821186068 0.41499999165534979 78.715969085693374 -0.67500001192092884 -0.50149999558925618 0.26000000536441809 0.56499999761581432 212.69753265380862 -0.55096751451492298 -34.041633605957024 -62.852039337158196 -0.85020262002944935 -49.41180229187011
decision_type=1 2 2 2 2 2 2 2 2 2 2 2 2 2 2 2 2 2 2 2 2 2 2 2 2 2 2 2 2 2
left_child=1 22 11 4 7 6 -4 17 -6 12 -11 -3 13 14 -8 -16 29 -2 -19 -9 -7 -22 27 -20 -23 -15 -10 -1 -24 -17
right_child=3 2 5 -5 8 20 9 19 26 10 -12 -13 -14 25 15 16 -18 18 23 -21 21 24 28 -25 -26 -27 -28 -29 -30 -31
leaf_value=0.013651620374596154 0.01035381936212036 -0.018036197331073801 -0.0055835204992734193 -0.023020359493837315 -0.026601549375686286 0.064887704238772534 -0.0044924017013507258 -0.023555417188330669 0.019564500895727369 0.10681253180784728 0.014492363395869812 0.017421619990521806 0.0016206436053119834 0.054165639583769132 0.017475599480605813 0.0368005931852926 0.028329085396174836 0.086622581330094719 0.033323136319599433 0.021405154746420411 0.064792859716499784 -0.0069001346272889808 0.062292345387347896 -0.027302544189061723 0.025855849176980365 0.087528881233402606 -0.0094325801662476904 -0.02325968652892178 -0.0040180067358072348 0.098570526900203431
leaf_weight=28.181335061788559 130.5917482227087 151.22427046298981 55.712394297122955 650.25007531046867 243.5975224673748 17.200293838977814 25.643932238221169 96.546486988663673 47.312748208642006 9.2941972315311414 57.115108951926231 56.950160205364227 13.418949335813521 60.794700399041176 26.435163751244545 12.212774246931074 22.789125025272369 25.338773936033249 40.582625329494476 26.836811274290085 14.184123635292051 79.735227212309837 10.66988332569599 13.678940936923025 66.019682601094246 111.20083326101303 300.43514841794968 185.94583235681057 21.953772008419037 53.789809286594391
leaf_count=206 947 1139 409 4904 1843 124 180 728 348 63 404 410 94 407 184 85 160 171 290 195 98 577 78 100 475 735 2234 1395 165 358
internal_value=-0.000166888 0.0183481 0.0279634 -0.0129052 -0.00591602 0.0400251 0.0483682 0.00874841 -0.014189 0.0560172 0.0288057 -0.00829911 0.0614507 0.0640035 0.0487808 0.0605735 0.0730671 0.021918 0.0405262 -0.0136827 0.0187525 0.0134187 -0.0133812 0.0178224 0.00801177 0.0761174 -0.0054426 -0.0183609 0.0188771 0.0878608
internal_weight=2655.64 1080.47 833.721 1575.17 924.921 625.546 448.407 333.575 591.345 392.695 66.4093 208.174 326.285 312.866 140.871 115.227 88.7917 210.192 79.6003 123.383 177.139 159.939 246.751 54.2616 145.755 171.996 347.748 214.127 32.6237 66.0026
internal_count=19506 7746 5902 11760 6856 4353 3079 2431 4425 2670 467 1549 2203 2109 967 787 603 1508 561 923 1274 1150 1844 390 1052 1142 2582 1601 243 443
cat_boundaries=0 1
cat_threshold=89
is_linear=0
shrinkage=0.03


Tree=3
num_leaves=31
num_cat=1
split_feature=32 4 5 28 10 5 12 9 5 10 14 12 5 12 28 28 10 12 14 10 5 9 10 2 14 14 28 29 10 28
split_gain=605.503 339.541 421.448 131.998 180.944 116.724 116.107 105.154 71.1571 67.4295 97.9371 64.8275 64.0328 61.2819 57.8791 56.9751 56.204 53.7497 43.5553 41.755 41.1971 41.192 40.8724 39.3682 38.2569 62.5052 45.933 40.844 37.9005 37.4835
threshold=0 21.500000000000004 -0.78753387928009022 25.763958930969242 -0.50999999046325672 -0.04725049436092376 -0.17249999940395352 31.66166973114014 -0.75976759195327748 -0.14499999582767484 0.34499999880790716 0.042500000447034843 0.081451712176203742 0.13799999654293063 25.763958930969242 24.994574546813968 -0.22500000149011609 -0.50149999558925618 -0.030000000260770317 0.28499999642372137 -0.88134551048278797 -19.125610351562496 -0.060000000521540635 56.357252120971687 0.20499999821186068 0.49499998986721044 18.63957500457764 76.49637603759767 -0.67500001192092884 19.008403778076175
decision_type=1 8 2 2 2 2 2 2 2 2 2 2 2 2 2 2 2 2 2 2 2 2 2 2 2 2 2 2 2 2
left_child=1 2 14 4 -4 6 7 16 -8 11 18 23 19 -13 20 -9 29 -5 -11 -12 -1 -3 -18 -6 26 27 -24 -26 -19 -2
right_child=5 21 3 17 9 -7 8 15 -10 10 12 13 -14 -15 -16 -17 22 28 -20 -21 -22 -23 24 -25 25 -27 -28 -29 -30 -31
leaf_value=-0.02429683965043623 -0.034235823163874884 0.0058255618673133001 -0.0057590178880011084 0.07111363723047695 0.031845867320195308 -0.02303517747096134 -0.025203113906294407 -0.025379749092978736 -0.0047371589836949024 -0.0027414359297583883 0.10702560453737284 0.017865881128883696 0.02148091087591205 0.08828117593233975 0.017268983260211656 0.022082267601300127 0.082028867589117135 0.050056890047076495 0.036880141945516851 0.061890811038495433 0.0061624850422009941 -0.023141663483098457 0.043334539963914724 0.10179249680667198 0.088197236234313747 0.0086139182858472035 -0.0041535792358334284 0.029638161202459413 0.0057537118306114441 0.024394120307529313
leaf_weight=135.82858458161354 24.489226967096329 58.963256731629372 51.123346462845802 13.800760209560393 9.5643561780452711 588.36596989631653 274.36434026062489 94.734639897942543 345.09300701320171 32.283882141113281 27.065829545259476 29.790420100092888 27.25541590154171 17.42236752808094 64.315029442310333 29.016494452953339 10.691559255123137 18.864562034606934 107.26466876268387 83.913326621055603 55.962516218423843 171.18737676739693 24.741620168089867 58.319731682538986 23.508860573172569 36.702057436108589 63.165840789675713 21.729899287223816 142.05470684170723 15.064050674438475
leaf_count=1035 184 436 377 92 63 4515 2106 727 2575 226 169 196 195 109 458 207 73 131 710 544 403 1301 176 368 155 262 454 147 1021 112
internal_value=-0.000386648 0.0164946 0.0251682 0.0385472 0.0472325 -0.0124372 -0.00607603 0.00788881 -0.0138278 0.0541252 0.0457978 0.0736556 0.0636772 0.0451425 -0.00717815 -0.0141633 0.020296 0.0163327 0.0277596 0.0737558 -0.0154233 -0.0157273 0.0273663 0.0925429 0.0234655 0.0381 0.00954907 0.0613184 0.0112244 -0.0118554
internal_weight=2656.65 1104.98 874.83 618.723 444.003 1551.67 963.302 343.844 619.457 392.88 277.783 115.097 138.235 47.2128 256.106 123.751 220.093 174.72 139.549 110.979 191.791 230.151 180.54 67.8841 169.848 81.9408 87.9075 45.2388 160.919 39.5533
internal_count=19527 7834 6097 4201 2957 11693 7178 2497 4681 2580 1844 736 908 305 1896 934 1563 1244 936 713 1438 1737 1267 431 1194 564 630 302 1152 296
cat_boundaries=0 1
cat_threshold=89
is_linear=0
shrinkage=0.03


Tree=4
num_leaves=31
num_cat=1
split_feature=31 5 2 28 3 14 12 9 14 5 14 14 14 14 3 12 14 3 2 9 9 8 14 3 14 13 12 14 17 7
split_gain=459.444 318.522 527.482 154.221 158.177 131.182 109.448 110.065 128.594 93.9187 80.146 62.1481 59.031 69.2746 90.4791 78.4859 71.6738 54.9937 52.6674 51.855 48.245 40.1562 39.572 39.2811 38.8384 37.4528 37.0086 35.6183 37.0274 35.0602
threshold=0 -0.83753159642219532 25.409214973449711 24.994574546813968 18.527454376220707 -0.49499998986721033 -0.23350000381469724 46.998497009277351 0.18500000238418582 -0.78753387928009022 -0.030000000260770317 0.41499999165534979 -0.3299999982118606 -1.0000000180025095e-35 300.95053100585943 -0.30349999666213984 -0.27499999105930323 350.07836914062506 209.07149505615237 -116.31041336059569 -34.376356124877923 -4.9836568832397452 0.089999999850988402 220.02209472656253 0.76499998569488536 48.500000000000007 0.11199999973177911 0.40500000119209295 0.60379037261009227 -34.041633605957024
decision_type=1 2 2 2 2 2 2 2 2 2 2 2 2 2 2 2 2 2 2 2 2 2 2 2 2 2 2 2 2 2
left_child=1 -1 -3 6 -5 26 7 8 9 10 20 17 -7 14 16 19 -14 21 23 -15 -2 -10 -17 -6 -13 -24 -4 -27 -29 -8
right_child=3 2 5 4 18 12 29 -9 11 -11 -12 24 13 15 -16 22 -18 -19 -20 -21 -22 -23 25 -25 -26 27 -28 28 -30 -31
leaf_value=-0.01808157852331508 0.080500602392073031 -0.016053560567162235 0.018164766646280923 -0.02607125143082251 0.012523351248105099 0.084223825989307749 -0.0016040239909816917 -0.02959796551463972 0.060466775014695578 -0.023952396537562207 -0.019211200203980875 -0.021299689769279394 0.10665577428548616 0.079055586462806346 -0.0020013234532552065 0.099519393588001714 0.028744196733342674 0.10479829259774599 0.021834326126403819 0.0044262093536648348 0.0083580283245139903 -0.011464338813344027 0.068538553328453253 -0.010434726398834223 0.036044715586829063 0.016023803036330893 -0.031870188216141036 0.038948810136100007 0.097891815403951421 -0.022429663880714691
leaf_weight=170.50159251689911 20.496704444289207 180.02424669265747 55.916067227721214 127.99744668602943 148.38488933444023 42.333557337522507 80.402528718113899 83.647812128067017 19.148084238171581 98.602758720517159 22.777353063225746 17.594317704439163 15.024152338504789 9.6105554997920972 53.647004544734955 23.693694114685059 35.052974537014961 16.741033434867859 226.70169872045517 40.49582327902317 14.050148010253904 10.264106571674345 113.03452204167843 120.76294495165348 24.046216860413551 32.994173794984818 16.392022579908371 36.131624341011047 13.639159545302389 780.26521748304367
leaf_count=1314 134 1381 395 989 1082 262 610 653 131 759 167 125 91 60 362 142 226 104 1608 267 103 75 709 886 173 214 123 234 83 6030
internal_value=-1.43769e-06 0.0182203 0.0277717 -0.00849302 0.00353499 0.0439399 -0.0148781 -0.000111208 0.0100886 -0.00628464 0.0239951 0.0389117 0.0504143 0.0463657 0.025171 0.0543968 0.0537497 0.0625277 0.0112146 0.0200071 0.0522209 0.0358131 0.062121 0.00222188 0.0118838 0.0571128 0.00654198 0.0408763 0.0567115 -0.0204883
internal_weight=2650.37 838.491 667.99 1811.88 623.847 487.965 1188.04 327.369 243.721 155.927 57.3242 87.7938 415.657 373.324 103.724 269.6 50.0771 46.1532 495.85 50.1064 34.5469 29.4122 219.493 269.148 41.6405 195.799 72.3081 82.765 49.7708 860.668
internal_count=19492 5863 4549 13629 4565 3168 9064 2424 1771 1163 404 608 2650 2388 679 1709 317 310 3576 327 237 206 1382 1968 298 1240 518 531 317 6640
cat_boundaries=0 1
cat_threshold=2
is_linear=0
shrinkage=0.03


Tree=5
num_leaves=31
num_cat=1
split_feature=31 5 5 10 2 29 9 12 5 14 10 14 12 5 29 12 10 5 14 10 14 10 18 5 14 12 14 10 14 29
split_gain=451.852 321.168 486.292 136.049 129.659 132.793 77.5437 95.1718 73.9926 68.0529 55.0328 99.3442 51.5912 44.2319 43.9317 40.944 39.4059 35.7367 38.1541 41.1675 34.3438 32.9622 78.0253 50.7362 36.9552 32.9142 32.876 45.3183 32.5921 32.2447
threshold=0 0.33273787796497351 -0.78753387928009022 -0.39499999582767481 43.447582244873054 76.836559295654311 -42.10113334655761 -0.17249999940395352 0.081451712176203742 -0.27499999105930323 -0.24499999731779096 -1.0000000180025095e-35 -0.41899999976158137 -0.91865202784538258 77.084831237792983 0.26950000226497656 -0.1950000002980232 -0.75976759195327748 0.42499999701976782 0.31000000238418585 -0.73000001907348622 0.28499999642372137 1.7282904982566836 -0.38118652999401087 0.47499999403953558 0.11199999973177911 -0.030000000260770317 0.34499999880790716 1.1899999976158144 76.581501007080092
decision_type=1 2 2 2 2 2 2 2 2 2 2 2 2 2 2 2 2 2 2 2 2 2 2 2 2 2 2 2 2 2
left_child=1 2 13 25 12 6 7 16 10 -10 -5 29 -2 -1 -11 -7 -6 -9 19 -19 -15 22 -13 24 -23 -4 -22 -28 -25 -12
right_child=4 -3 3 8 5 15 -8 17 9 14 11 21 -14 20 -16 -17 -18 18 -20 -21 26 23 -24 28 -26 -27 27 -29 -30 -31
leaf_value=-0.024831452572564524 0.016914760836548057 -0.020080417910086988 0.015973567159190672 0.08712414653936254 -0.013363047762803086 0.0087663773002334428 -0.018894702601235228 -0.031328158690482229 0.08741038994313749 -0.011980764457439856 0.040484765703353694 0.080861415838622525 -0.024975810701018914 0.06140440225911057 0.036463683462369875 -0.012547838808335312 0.047580821915144345 -0.00089614507528483858 -0.033483634966708239 0.059741892339179606 -0.027451974430457809 -0.0040752493911005421 3.5544477219708036e-05 0.054723255725837479 0.044948972750599878 -0.030404604198431266 0.036689388313985077 -0.02211423658987335 0.11262333431856916 0.00034191276400203524
leaf_weight=113.99310325086117 27.537690013647079 159.74135211110115 51.365890011191368 43.585885345935822 11.495698943734167 568.43977409601212 514.42418677359819 46.912045806646347 11.236573547124861 36.183394804596901 32.768286153674126 98.333475112915039 424.72443079948425 7.4074687361717215 29.950259298086166 93.685515731573105 46.217736288905144 34.771449744701385 17.965547040104866 13.171442747116087 28.387632384896278 21.128207385540009 12.054565027356146 49.811187922954559 38.273614764213562 17.698908537626266 27.890458881855011 19.067648455500603 11.571855425834654 38.624822154641151
leaf_count=892 204 1237 361 248 89 4130 3984 373 68 253 215 574 3343 56 208 698 305 268 140 96 211 139 77 298 236 135 200 141 68 255
internal_value=3.98969e-05 0.0179433 0.0270309 0.0429307 -0.00846626 -0.00384008 -0.013092 0.00442023 0.0492839 0.0223641 0.0552192 0.0503512 -0.0223935 -0.0127929 0.0101749 0.00573621 0.0354208 -0.01161 0.00268332 0.0166433 0.0038888 0.0598876 0.0721146 0.0482126 0.0277331 0.00382413 -0.00249596 0.0128486 0.0672689 0.0190716
internal_weight=2648.42 849.075 689.333 492.587 1799.35 1347.08 684.958 170.534 423.522 77.3702 346.152 302.566 452.262 196.746 66.1337 662.125 57.7134 112.82 65.9084 47.9429 82.7532 231.173 110.388 120.785 59.4018 69.0648 75.3457 46.9581 61.383 71.3931
internal_count=19502 5872 4635 3135 13630 10083 5255 1271 2639 529 2110 1862 3547 1500 461 4828 394 877 504 364 608 1392 651 741 375 496 552 341 366 470
cat_boundaries=0 1
cat_threshold=2
is_linear=0
shrinkage=0.03


Tree=6
num_leaves=31
num_cat=1
split_feature=32 4 6 12 9 14 28 10 10 14 12 10 28 12 2 29 14 14 10 12 12 12 14 10 14 17 29 2 10 10
split_gain=550.661 253.154 308.008 91.379 101.064 91.7053 87.9943 129.128 51.9375 42.3634 103.476 84.4114 41.8588 41.1777 40.8571 40.5868 39.3191 35.0343 34.0429 33.862 33.5807 54.4032 33.9429 51.2372 47.7109 37.6334 33.1965 31.1518 29.0364 28.3025
threshold=0 59.500000000000007 -0.54638096690177906 -0.14499999582767484 -13.618815898895262 0.18500000238418582 25.763958930969242 -0.50999999046325672 1.1600000262260439 0.2950000017881394 0.50899998843669902 0.39499999582767492 25.763958930969242 -0.50149999558925618 48.68263244628907 76.73075103759767 -0.99500000476837147 -0.52499997615814198 -0.67500001192092884 0.26950000226497656 0.54000002145767223 0.47249999642372137 0.49499998986721044 -0.14499999582767484 -0.11999999731779097 0.1427469998598099 77.084831237792983 220.29926300048831 0.45499999821186071 -0.62499999999999989
decision_type=1 8 2 2 2 2 2 2 2 2 2 2 2 2 2 2 2 2 2 2 2 2 2 2 2 2 2 2 2 2
left_child=1 2 6 4 5 14 7 16 20 10 11 15 29 -8 -2 -5 26 -16 -15 -3 21 22 23 -9 -25 -26 -1 -20 -7 -4
right_child=3 19 12 9 -6 28 13 8 -10 -11 -12 -13 -14 18 17 -17 -18 -19 27 -21 -22 -23 -24 24 25 -27 -28 -29 -30 -31
leaf_value=-0.0093768983602606649 -0.026177481694066671 -0.021729417000224103 0.020026903681363478 -0.023983603122596679 -0.013182115921835585 0.050166582588403882 0.05997930921839164 0.055446486683283114 -0.022667584605144862 -0.025654800590484951 0.07300397115560163 0.062228860820979927 0.012405811431186055 0.04520823176817048 0.048963829905968384 -0.0072241140883608796 -0.024410375617492087 0.0010854902954224163 -0.0063798851843879156 0.015272624571236839 0.083338195539631829 -0.018221867218596963 0.062485351153616489 -0.0037907173627164978 0.048184038192103644 0.019824375784226564 0.061505256478499519 0.020031686319570498 0.012015362665254003 -0.020577816359971742
leaf_weight=11.631635904312136 42.510932549834251 158.53429501503706 16.429740868508816 288.43787155300379 344.6030912771821 54.56986977905035 15.39953078329563 125.94395940005779 9.9299821406602842 388.21803816407919 11.429963290691374 11.607569292187689 61.383175283670425 21.034250766038895 15.173881210386751 238.34012512117624 34.428097575902939 92.295619763433933 89.496183156967163 25.139188289642334 19.632819443941116 12.231713578104971 80.871260046958923 30.339041337370872 105.78696227073669 73.210712969303131 10.696920767426489 71.438165917992592 27.676697619259357 148.74194029718637
leaf_count=84 337 1245 128 2294 2653 365 97 736 65 3079 82 86 430 140 104 1837 261 676 649 194 110 81 481 207 652 459 73 494 196 1176
internal_value=-0.000449821 0.0153946 0.0218321 -0.0122117 -0.00288886 0.0123764 0.031515 0.0380431 0.0433227 -0.0180655 -0.0126699 -0.0146208 -0.00860621 0.0143847 -0.00162803 -0.0164288 -0.00456807 0.00823463 0.0102194 -0.0166097 0.0448326 0.0428779 0.0447131 0.0402533 0.0308924 0.0367594 0.0257614 0.00539542 0.0376269 -0.0164426
internal_weight=2637.16 1122.3 938.626 1514.86 576.83 232.227 712.071 514.703 457.946 938.034 549.816 538.386 226.555 197.368 149.98 526.778 56.7567 107.47 181.969 183.673 448.016 428.384 416.152 335.281 209.337 178.998 22.3286 160.934 82.2466 165.172
internal_count=19471 7762 6323 11709 4331 1678 4589 3209 2791 7378 4299 4217 1734 1380 1117 4131 418 780 1283 1439 2726 2616 2535 2054 1318 1111 157 1143 561 1304
cat_boundaries=0 1
cat_threshold=89
is_linear=0
shrinkage=0.03


Tree=7
num_leaves=31
num_cat=1
split_feature=32 3 6 12 10 28 10 8 2 6 29 14 10 14 10 10 29 10 0 12 12 6 10 10 14 10 6 14 6 10
split_gain=514.313 284.263 318.115 107.026 77.048 76.9148 111.402 65.9741 50.0685 45.3304 42.8365 42.4912 40.804 78.219 52.6764 72.9072 45.9139 44.141 40.2166 40.1457 86.7165 44.6848 40.0804 58.266 34.0476 45.5944 33.8912 39.0142 31.9023 31.4057
threshold=0 25.147087097167972 -0.61626377701759327 -0.18749999999999997 -0.22500000149011609 25.763958930969242 -0.50999999046325672 -14.297502517700194 49.909151077270515 -0.35488262772560114 76.151096343994155 -0.84999999403953541 -0.11499999836087225 0.34499999880790716 0.28499999642372137 0.42499999701976782 76.581501007080092 1.1200000047683718 1.6422222256660464 -0.38799999654293055 -0.48800000548362726 -0.74189642071723927 -0.060000000521540635 0.080000001937150969 0.2950000017881394 0.37500000000000006 -0.31473593413829798 -0.73000001907348622 -0.90877163410186756 -0.67500001192092884
decision_type=1 2 2 2 2 2 2 2 2 2 2 2 2 2 2 2 2 2 2 2 2 2 2 2 2 2 2 2 2 2
left_child=1 28 5 4 -2 6 11 -6 -5 10 -10 -3 -8 22 -15 16 -16 -17 -12 20 -9 -22 -14 -24 25 -20 27 -4 -1 -7
right_child=3 2 26 8 7 29 12 19 9 -11 18 -13 13 14 15 17 -18 -19 24 -21 21 -23 23 -25 -26 -27 -28 -29 -30 -31
leaf_value=0.0031045632579326304 -0.021974883360238683 0.030807202907660505 0.048298420155226306 -0.02689250213537641 0.020761380682685487 0.052453892459199819 0.058394318647732986 -0.010092197645644172 -0.021138095060803903 -0.029427635035465638 0.042183756736489511 -0.024702200933441089 -0.012800112291938434 0.085003377588221407 -0.031554075284532176 0.06830854777565272 0.035410503082836803 0.0097635258523050671 -0.0016065519723646731 -0.015405055467374827 0.0047163981082157299 0.079348358902223512 0.064477180713186977 0.016819178473054901 -0.018108203837843308 0.065230249098918905 -0.016644918188347065 -0.00067466518936008639 -0.023153620220970488 0.011493767969600759
leaf_weight=56.659227296710014 110.23410947620869 19.628079041838646 15.415651112794874 320.85878063738346 162.99765026569366 18.148070529103279 137.33432205021381 60.507917106151581 179.36957530677319 117.631846152246 15.641082644462584 30.170742735266685 23.993549361824989 35.876487851142883 15.248000547289847 67.162617221474648 20.340293258428574 14.408209085464476 244.37713543325663 125.37007396668196 11.710832431912424 18.404222875833511 30.446372047066689 91.363464623689651 126.54694892466068 8.5433698669075948 120.61042519658804 135.13292438536882 153.877410762012 150.72626653313637
leaf_count=435 875 136 110 2616 1135 116 773 465 1440 957 118 232 157 197 96 377 123 91 1874 955 86 124 175 578 992 62 935 993 1225 1045
internal_value=2.3032e-05 0.0151688 0.0224527 -0.0114632 -1.50633e-05 0.0337533 0.0398148 0.00641324 -0.0170998 -0.0125277 -0.00902211 -0.00264755 0.0446578 0.0381714 0.0531314 0.0427348 0.00664092 0.058211 -0.00348227 -0.00446026 0.0106839 0.0514106 0.0222143 0.0291593 -0.00547048 0.000899121 -0.00486183 0.00462562 -0.0161058 0.0161784
internal_weight=2638.74 1136.54 926.005 1502.19 489.225 654.846 485.972 378.991 1012.97 692.11 574.478 49.7988 436.173 298.839 153.036 117.159 35.5883 81.5708 395.109 215.993 90.623 30.1151 145.803 121.81 379.467 252.921 271.159 150.549 210.537 168.874
internal_count=19493 7794 6134 11699 3640 4096 2935 2765 8059 5443 4486 368 2567 1794 884 687 219 468 3046 1630 675 210 910 753 2928 1936 2038 1103 1660 1161
cat_boundaries=0 1
cat_threshold=89
is_linear=0
shrinkage=0.03


Tree=8
num_leaves=31
num_cat=0
split_feature=28 3 5 28 10 9 14 10 10 10 29 28 14 14 10 29 10 10 3 17 29 28 10 2 5 14 2 9 10 3
split_gain=366.011 332.869 266.305 151.036 127.403 76.3684 93.8214 99.8318 71.7871 50.3571 43.111 42.6613 40.7925 40.7132 69.8091 63.4793 40.4122 78.1619 49.0981 36.5115 42.4241 35.0332 35.3158 39.3277 29.0728 32.983 27.4298 26.8086 28.5244 53.3347
threshold=20.863806724548343 18.527454376220707 -0.83753159642219532 24.009605407714847 -0.39499999582767481 -29.478591918945309 0.40500000119209295 0.24000000208616259 0.34499999880790716 1.1600000262260439 76.836559295654311 25.503168106079105 0.28000000119209295 0.49499998986721044 0.28499999642372137 77.084831237792983 -0.1950000002980232 -0.014999999664723871 203.25810241699222 1.5727599859237673 77.084831237792983 24.994574546813968 -0.67500001192092884 209.07149505615237 -0.04725049436092376 1.0949999690055849 107.84056854248048 53.648344039916999 0.7150000035762788 335.66105651855474
decision_type=2 2 2 2 2 2 2 2 2 2 2 2 2 2 2 2 2 2 2 2 2 2 2 2 2 2 2 2 2 2
left_child=5 -2 11 4 -4 6 7 10 12 13 16 -3 -9 14 19 -16 -1 18 -18 20 -6 -5 -23 -24 27 -26 -13 28 -7 -30
right_child=1 2 3 21 9 24 -8 8 -10 -11 -12 26 -14 -15 15 -17 17 -19 -20 -21 -22 22 23 -25 25 -27 -28 -29 29 -31
leaf_value=-0.024642834470815566 -0.019703691443565673 -0.01547293818499469 -0.00139783425066669 -0.013028760413160657 0.056767280136617686 -0.01065576630099163 -0.024020307200693383 0.042082182559615537 0.012958168831557594 -0.023279947125150056 0.030969904096414504 -0.022358927140637128 0.12613683706510512 0.060064937488311772 -0.011825069941173626 0.040836878126817182 -0.01649722711363226 -0.016269449260099284 0.064145087094718001 -0.0066723273686778934 0.032421948053197064 0.04187332069154865 0.0011459019228414471 0.02198853965441664 -0.028284202255230984 0.020094773359240113 0.01619977413472231 -0.024116071004592125 -0.022579409821410813 0.078503799341753125
leaf_weight=71.592959366738796 292.20736353844404 218.04191625863314 78.171161502599716 51.342768631875515 151.91848836839199 228.68344398587942 119.47857860475779 12.590854376554491 29.676607877016068 10.469352751970289 29.200197108089924 20.049879536032677 10.205987825989721 87.604010447859764 44.582817181944847 36.764642834663391 8.9459130093455297 54.286930054426193 23.302751094102859 12.078262656927107 121.43460373580456 34.185193121433258 188.19932060688734 142.83848287165165 298.65288914740086 12.564322806894777 78.64088049530983 144.81244441866875 8.7286118641495722 8.3707910776138288
leaf_count=582 2369 1733 554 395 865 1791 954 79 216 69 220 155 63 484 280 224 72 427 153 79 692 231 1364 985 2474 95 554 1175 68 55
internal_value=-7.05112e-05 0.00913302 0.0157453 0.0236121 0.0340253 -0.0136711 -0.00241274 0.00840801 0.0445629 0.0399724 -0.00190234 -0.00808765 0.0834321 0.0414777 0.036887 0.0121822 -0.00812904 0.00565866 0.0419512 0.0438607 0.0461097 0.00998875 0.0132513 0.0101784 -0.0194231 -0.026273 0.00822054 -0.0139121 -0.00782662 0.0285079
internal_weight=2629.62 1568.53 1276.32 959.589 543.023 1061.09 359.281 239.802 52.4735 464.852 187.329 316.733 22.7968 454.383 366.779 81.3475 158.129 86.5356 32.2487 285.431 273.353 416.566 365.223 331.038 701.813 311.217 98.6908 390.595 245.783 17.0994
internal_count=19457 11033 8664 6222 3247 8424 2766 1812 358 2693 1454 2442 142 2624 2140 504 1234 652 225 1636 1557 2975 2580 2349 5658 2569 709 3089 1914 123
is_linear=0
shrinkage=0.03


Tree=9
num_leaves=31
num_cat=1
split_feature=32 1 6 12 9 14 28 10 12 6 8 14 12 10 29 28 29 6 14 10 14 12 10 10 12 10 17 14 18 6
split_gain=455.634 225.26 225.753 84.7501 91.3042 74.8852 74.8082 97.4239 46.8631 42.0957 44.6486 39.9082 80.3275 64.5986 37.0824 34.5605 33.3996 38.3367 30.8869 30.8563 59.9751 52.1859 39.1596 53.2425 32.4933 30.7922 32.0775 28.758 29.8096 28.731
threshold=0 15.98741674423218 -0.61626377701759327 -0.14499999582767484 -14.043200016021727 0.20499999821186068 25.763958930969242 -0.50999999046325672 -0.50149999558925618 -0.90877163410186756 -72.522434234619126 0.2950000017881394 0.50899998843669902 0.39499999582767492 76.151096343994155 18.43215370178223 86.164299011230483 -0.39505837857723231 -0.84999999403953541 -0.11499999836087225 1.0000000180025095e-35 -0.33699999749660486 0.28499999642372137 0.34499999880790716 0.028500000014901165 0.16000000387430194 0.61926200985908519 -0.52499997615814198 0.95011851191520702 -0.35488262772560114
decision_type=1 2 2 2 2 2 2 2 2 2 2 2 2 2 2 2 2 2 2 2 2 2 2 2 2 2 2 2 2 2
left_child=1 9 6 4 5 27 7 18 -8 10 -1 12 13 14 -5 -7 17 -4 -3 24 -21 -22 25 -24 -9 26 -23 28 -2 -16
right_child=3 2 16 11 -6 15 8 19 -10 -11 -12 -13 -14 -15 29 -17 -18 -19 -20 20 21 22 23 -25 -26 -27 -28 -29 -30 -31
leaf_value=0.057690069502867994 0.060226733823581298 0.022786354768569612 0.0051925590628155013 -0.026774112146122693 -0.011978651563758299 -0.0049658754621706748 0.062638033993378431 0.066815557179949983 0.0080168185104604484 -0.019313762793856038 -0.0036803029349678608 -0.024321639239183554 0.059263605388036239 0.053368629607475737 -0.0060045893086533306 0.044919227385798677 0.028028091918151872 -0.020123518988669965 -0.023971410052027905 0.004712199336649874 0.012638377798916016 0.060738848513317109 0.0018667617614417508 0.047244423579339494 0.036979618788554373 0.080316864687096964 0.0010969778479752827 -0.0053377113029188482 -0.010408115121760935 -0.031072108400084057
leaf_weight=12.463583715260027 12.213023185729982 21.360212162137032 103.50150566548109 163.25253565609455 334.14782828092575 15.157634153962134 14.562693655490873 69.566529959440231 160.16775469481945 174.58231861144304 50.912092752754688 370.52421463280916 13.098081842064856 11.786019593477247 302.60115939378738 65.587325438857079 25.116887047886848 110.45046579837799 28.512277223169804 50.666502118110657 49.744913563132286 23.438948422670364 30.905092015862465 94.264683306217194 71.95076684653759 45.07917857170105 12.207209601998327 130.28131072968245 8.63375675678253 46.791367419064045
leaf_count=74 77 146 747 1366 2635 102 87 360 1100 1420 390 3075 87 83 2393 431 171 879 223 326 298 124 191 527 397 232 74 983 64 386
internal_value=7.57857e-06 0.0140918 0.0209955 -0.0109981 -0.0019559 0.0124771 0.0298866 0.0358126 0.0128997 -0.0117405 0.00909758 -0.016747 -0.0114902 -0.0133668 -0.015002 0.0356085 -0.00403275 -0.00790942 -0.00389097 0.040233 0.0346393 0.0405293 0.0471741 0.036144 0.0520122 0.0636255 0.0409015 -3.44036e-05 0.0318357 -0.00944078
internal_weight=2623.53 1149.45 911.496 1474.07 566.021 231.873 672.427 497.696 174.73 237.958 63.3757 908.053 537.529 524.431 512.645 80.745 239.069 213.952 49.8725 447.824 306.307 255.64 205.895 125.17 141.517 80.7253 35.6462 151.128 20.8468 349.393
internal_count=19448 7766 5882 11682 4292 1657 4085 2898 1187 1884 464 7390 4315 4228 4145 533 1797 1626 369 2529 1772 1446 1148 718 757 430 198 1124 141 2779
cat_boundaries=0 1
cat_threshold=89
is_linear=0
shrinkage=0.03


Tree=10
num_leaves=31
num_cat=1
split_feature=32 1 5 5 28 10 10 10 5 29 14 2 10 16 3 28 5 14 5 5 14 3 14 10 7 14 14 5 4 10
split_gain=394.057 207.854 218.898 103.575 58.2444 78.0171 57.3466 70.2274 78.9424 66.1639 54.7843 51.9989 50.6902 49.9901 47.3613 40.7988 38.1217 46.8523 35.856 42.1677 50.2727 38.2494 73.4342 51.4422 32.0873 29.8871 49.2223 30.3678 28.8873 55.3122
threshold=0 16.431187629699711 -0.88134551048278797 -0.090113466605544076 25.763958930969242 -0.50999999046325672 0.74500000476837169 0.24000000208616259 -0.8126716911792754 76.151096343994155 -0.84999999403953541 88.268642425537124 1.1600000262260439 0.64686599373817455 229.71144866943362 25.763958930969242 -0.4591448307037353 0.20499999821186068 -0.78753387928009022 0.081451712176203742 -0.27499999105930323 285.29481506347662 0.34499999880790716 -0.11499999836087225 -14.437435150146483 -0.56999999284744252 -0.49499998986721033 -0.67050644755363453 245.50000000000003 0.81499999761581432
decision_type=1 2 2 2 2 2 2 2 2 2 2 2 2 2 2 2 2 2 2 2 2 2 2 2 2 2 2 2 10 2
left_child=1 24 15 6 5 10 7 9 -9 -2 -4 13 18 14 -10 -3 -13 -18 -7 21 -21 -20 23 -23 -1 27 -27 -11 -5 -30
right_child=3 2 4 28 -6 12 -8 8 11 25 -12 16 -14 -15 -16 -17 17 -19 19 20 -22 22 -24 -25 -26 26 -28 -29 29 -31
leaf_value=0.0041521358246273078 -0.02280537418754041 -0.02220183222423076 0.030800434671664805 -0.0223827974522504 0.012439383732986082 0.012035797831267734 -0.028468291068983298 -0.010258652819326581 0.025533451090563465 -0.028866566872911292 -0.026268544594693351 0.03121736926657822 -0.026317177209251894 0.0022619745913370279 0.097907096260425208 0.01087776519646708 0.030667768775529521 -0.020059101546701735 0.056294196207658416 0.072377573423369049 0.006727843322705861 0.0437680709264298 0.061300010316054185 0.0089523965481020304 -0.019138799610845084 0.051404578767950994 0.00077887054491918635 0.0052513340025052849 -0.013841271582540263 0.073608382978800013
leaf_weight=78.782696716487408 179.56753604114056 110.15805069357157 26.221132829785347 512.60394697636366 196.16660241782665 48.256325609982014 78.33791446685791 101.57666973024607 15.034668572247027 57.529525689780712 33.109959952533245 53.257011167705059 11.025808185338972 14.825200870633124 19.495743364095688 47.346019610762596 24.267547518014908 45.640677101910114 139.03515754640102 11.776504904031752 60.359264120459557 66.897012114524841 69.564341068267822 88.840891197323799 161.20571506768465 17.45082126557827 274.03738106042147 38.760808795690536 29.32392080873251 7.2941313683986655
leaf_count=579 1468 910 177 4307 1321 330 648 796 104 466 263 363 74 110 116 327 176 352 730 61 373 349 355 539 1340 122 2101 293 248 56
internal_value=8.07759e-05 0.013174 0.0198423 -0.0101804 0.0265784 0.0315438 -0.00408556 -0.00178445 0.0106605 -0.00780508 -0.00095467 0.0229655 0.0354273 0.0486916 0.0680009 -0.0122522 0.0123472 -0.0022659 0.036883 0.0395963 0.0182886 0.0437535 0.0357999 0.0240913 -0.0115074 -0.000818137 0.00397512 -0.0152199 -0.0205464 0.00507193
internal_weight=2617.75 1148.75 908.757 1469 751.253 555.086 919.782 841.444 274.098 567.346 59.3311 172.521 495.755 49.3556 34.5304 157.504 123.165 69.9082 484.729 436.473 72.1358 364.337 225.302 155.738 239.988 387.779 291.488 96.2903 549.222 36.6181
internal_count=19454 7728 5809 11726 4572 3251 7115 6467 2017 4450 440 1221 2811 330 220 1237 891 528 2737 2407 434 1973 1243 888 1919 2982 2223 759 4611 304
cat_boundaries=0 1
cat_threshold=89
is_linear=0
shrinkage=0.03


Tree=11
num_leaves=31
num_cat=0
split_feature=28 3 5 28 12 10 9 10 10 14 9 28 10 10 3 17 14 28 8 18 10 14 29 12 2 17 5 3 18 29
split_gain=336.354 276.468 237.831 122.385 109.434 115.699 107.49 78.5913 45.2948 87.3718 39.8869 39.4635 37.2668 66.3232 69.7508 142.645 43.9512 36.47 36.0756 34.517 33.8638 54.1222 59.0031 40.5863 33.7028 27.0584 30.1717 42.3005 30.8794 26.8285
threshold=20.863806724548343 18.527454376220707 -0.83753159642219532 24.009605407714847 -0.23350000381469724 -0.1950000002980232 46.998497009277351 -0.39499999582767481 -0.044999999925494187 0.18500000238418582 -63.98603439331054 25.503168106079105 0.45499999821186071 0.31000000238418585 229.71144866943362 -0.15243946015834806 -0.070000002160668359 24.994574546813968 -41.026628494262688 0.84393888711929332 0.28499999642372137 0.47499999403953558 77.084831237792983 0.26950000226497656 110.42354965209962 1.5727599859237673 0.081451712176203742 285.29481506347662 1.5673300027847292 76.151096343994155
decision_type=2 2 2 2 2 2 2 2 2 2 2 2 2 2 2 2 2 2 2 2 2 2 2 2 2 2 2 2 2 2
left_child=4 10 11 7 5 -1 8 -4 -7 -10 -2 -3 13 29 16 -16 -15 -5 -11 -19 23 22 -22 25 -13 26 27 -9 -29 -6
right_child=1 2 3 17 12 6 -8 20 9 18 -12 24 -14 14 15 -17 -18 19 -20 -21 21 -23 -24 -25 -26 -27 -28 28 -30 -31
leaf_value=-0.030521386152581487 0.052080150919892189 -0.015113653964359765 0.0034969799017092037 -0.014021040848458458 -0.027365177879606229 0.071020985444721269 -0.023367072811713591 0.061465851536477413 -0.0052461950252208154 -0.00060435554515584635 -0.01956647264110286 -0.0264851637229906 -0.032406571717953567 0.03313002643340647 -0.0049558798937271893 0.12656357784365518 -0.028134399198336119 0.025337573066795599 0.049324959707548029 0.0061766542995549002 -0.02204804533493104 0.038003895956440555 0.033362982037420268 0.071897412676043548 0.016039491058246501 -0.0063345647757934043 0.013759024638476888 0.039598054075458286 0.0019390803450957369 -0.013295391538725354
leaf_weight=71.46844195574522 6.2399908527731887 211.7290964871645 79.273070991039276 49.906383320689201 226.7028805911541 16.269054487347603 54.424861036241055 78.935199484229088 70.301709458231926 16.028300493955612 274.76032453775406 20.062794558703899 150.82445712387562 13.446911089122294 19.60694079101086 10.87305238842964 38.474343001842499 131.93012552708387 67.933300413191319 235.36417662352324 36.204546168446541 108.10006383061409 31.335321500897408 35.727371424436569 82.121398858726025 11.833078712224959 36.595798313617706 127.33718259632587 23.253085851669312 270.97487539052963
leaf_count=609 47 1733 556 392 1960 94 457 398 536 100 2313 159 1309 102 149 65 315 909 449 1647 229 578 187 172 572 76 212 697 132 2245
internal_value=0.000458744 0.00914216 0.0149756 0.0222119 -0.012898 0.00247218 0.0130429 0.0312578 0.0247314 0.0194236 -0.0177964 -0.00774734 -0.0191264 -0.0156236 0.00921581 0.0444908 -0.0119415 0.00983811 0.0398985 0.0131093 0.0357389 0.0249363 0.00377175 0.0416891 0.00751446 0.0375624 0.0395307 0.0435623 0.0338342 -0.0197465
internal_weight=2608.04 1580.71 1299.71 985.795 1027.33 296.426 224.957 568.595 170.532 154.263 281 313.913 730.903 580.079 82.4012 30.48 51.9213 417.201 83.9616 367.294 489.322 175.64 67.5399 313.682 102.184 277.954 266.121 229.525 150.59 497.678
internal_count=19399 11009 8649 6185 8390 2245 1636 3237 1179 1085 2360 2464 6145 4836 631 214 417 2948 549 2556 2681 994 416 1687 731 1515 1439 1227 829 4205
is_linear=0
shrinkage=0.03


Tree=12
num_leaves=31
num_cat=1
split_feature=32 5 5 5 12 9 5 10 28 12 28 12 28 10 12 10 14 9 14 29 10 10 10 12 14 10 28 11 29 10
split_gain=365.92 181.623 194.551 107.453 96.7906 64.8942 63.3024 51.6897 49.3951 47.6824 40.6023 37.4086 36.4687 35.3715 53.7358 40.5296 39.108 38.7213 35.1276 33.0766 32.2206 47.5785 50.2988 34.5367 35.9777 100.094 32.7044 38.3634 32.3404 42.8975
threshold=0 0.33273787796497351 -0.88134551048278797 -0.04725049436092376 -0.15249999612569806 56.761695861816413 -0.75976759195327748 -0.39499999582767481 26.140346527099613 -0.50149999558925618 25.763958930969242 0.37450000643730169 24.994574546813968 -0.17000000178813932 -0.31749999523162836 -0.060000000521540635 -0.030000000260770317 -134.18791198730466 1.0949999690055849 76.581501007080092 0.66999998688697826 0.31000000238418585 0.34499999880790716 0.13799999654293063 -1.0000000180025095e-35 -0.18500000238418576 24.994574546813968 83.500000000000014 76.34873199462892 -0.50999999046325672
decision_type=1 2 2 2 2 2 2 2 2 2 2 2 2 2 2 2 2 2 2 2 2 2 2 2 2 2 2 2 2 2
left_child=1 2 10 4 5 -2 -6 -4 13 -10 -1 -11 -7 -9 17 19 -17 -15 -5 -16 21 23 -23 24 28 -26 27 -24 -8 -30
right_child=3 -3 7 18 6 12 20 8 9 11 -12 -13 -14 14 15 16 -18 -19 -20 -21 -22 22 26 -25 25 -27 -28 -29 29 -31
leaf_value=-0.018598244045276841 0.015342009316564242 -0.013136277122321386 0.0052313527641536404 -0.022802536557432158 -0.023745041708436276 -0.025261270668658912 -0.029993063715944911 0.044222737536629642 0.064200266288834004 -0.0084274181712722142 0.012261275430789675 0.047520250553753841 0.018076495003073151 0.04868952184247767 0.03566817968736883 -0.0042707623658636285 0.038658268655746321 -0.0029091694295044208 0.014053314503949071 -0.017565361204054723 -0.02859994322352551 0.079796843349476482 -0.022559440054634169 -0.024004389074536243 0.10467849008481174 0.00090545452018951352 0.050443081154881296 0.041226953752455595 0.033107130577771503 -0.015939260598030344
leaf_weight=131.03018899261951 272.70083731412888 203.30146959424019 107.82616206258535 491.8075737208128 231.98802924156189 66.05609405040741 38.089810214936733 139.24247807264328 10.747084081172941 72.997256524860859 53.286998316645622 11.585386306047438 22.825695246458054 14.805242247879503 16.686645150184631 20.266470976173878 284.4444545134902 75.623433470726013 23.787965007126331 24.906395256519318 38.320433311164379 10.6361166536808 27.445577353239059 66.720461755990982 9.538077697157858 40.657678060233593 12.581529229879377 11.100267097353933 26.535968065261841 37.523670300841331
leaf_count=1109 1902 1657 741 4272 1991 563 325 727 62 501 366 80 159 87 94 134 1591 471 178 147 323 59 216 537 75 324 90 81 198 286
internal_value=7.46703e-05 0.0124751 0.0180169 -0.0100733 -0.00395068 0.00809714 -0.0118552 0.024568 0.0276614 0.00756382 -0.00965859 -0.000298485 -0.0140544 0.0309689 0.0266519 0.0320174 0.0357984 0.00597886 -0.0210782 0.00412732 -0.00316535 0.000394481 0.0234334 -0.00617808 0.00173468 0.0222837 0.0104021 -0.00361249 -0.00848114 0.00457423
internal_weight=2595.07 1166.75 963.448 1428.32 912.72 361.583 551.138 779.131 671.305 95.3297 184.317 84.5826 88.8818 575.975 436.733 346.304 304.711 90.4287 515.596 41.593 319.15 280.829 61.7635 219.066 152.345 50.1958 51.1274 38.5458 102.149 64.0596
internal_count=19346 7767 6110 11579 7129 2624 4505 4635 3894 643 1475 581 722 3251 2524 1966 1725 558 4450 241 2514 2191 446 1745 1208 399 387 297 809 484
cat_boundaries=0 1
cat_threshold=89
is_linear=0
shrinkage=0.03


Tree=13
num_leaves=31
num_cat=1
split_feature=32 3 5 5 12 9 5 29 29 10 14 29 14 14 3 9 29 3 10 10 2 3 12 8 12 14 10 10 29 2
split_gain=343.426 184.994 200.687 96.0516 89.752 64.1791 61.9695 51.6343 46.0376 69.0188 38.6026 48.9785 35.5858 36.7336 48.245 38.1384 32.5937 35.3767 30.141 54.8133 40.6321 34.334 32.451 29.2418 32.7332 27.9099 99.0847 37.9407 45.1221 28.091
threshold=0 39.079507827758796 -0.78753387928009022 -0.13282711803913114 -0.15249999612569806 39.059240341186531 -0.8126716911792754 78.715969085693374 81.26676177978517 -0.50999999046325672 -0.84999999403953541 77.084831237792983 0.20499999821186068 0.49499998986721044 281.44459533691412 -75.608737945556626 86.164299011230483 688.14999389648449 0.53000000119209301 0.31000000238418585 117.37898254394533 216.37103271484378 0.13799999654293063 -62.331821441650384 0.26950000226497656 -1.0000000180025095e-35 -0.18500000238418576 -0.50999999046325672 76.34873199462892 186.20759582519534
decision_type=1 2 2 2 2 2 2 2 2 2 2 2 2 2 2 2 2 2 2 2 2 2 2 2 2 2 2 2 2 2
left_child=1 23 16 4 5 12 -6 -7 9 10 11 -4 -2 14 -14 -15 17 -3 19 22 21 -21 25 -1 -25 27 -27 28 -8 -30
right_child=3 2 8 -5 6 7 18 -9 -10 -11 -12 -13 13 15 -16 -17 -18 -19 -20 20 -22 -23 -24 24 -26 26 -28 -29 29 -31
leaf_value=0.044033144166336566 0.0075254072351118324 0.0094377494491703785 -0.015092572210053402 -0.019540998212577355 -0.02433332509785294 -0.024019829544000351 -0.027043606851385113 0.02250043377635394 0.012787802017239572 0.034652955373012065 -0.024810517931107574 0.070112610670990672 -0.0049693484303852259 0.058828020471242991 0.062995001993803881 -0.0075893442721302424 0.027223663156178381 -0.015385452119930601 -0.023326329794008199 0.013694410292877461 0.0002286281103305737 0.086199141566055792 -0.022758801388819243 -0.018448012045517596 0.015511983476133501 0.11253370767814769 0.0014955986646981989 -0.023574168607149348 0.066310833593616711 0.0081031083755061795
leaf_weight=7.1306449025869361 152.28469466418028 74.106311731040478 11.94354432821274 565.40870798379183 205.43433261662722 77.3911307528615 15.50710742920637 28.686204895377159 168.23291742801666 460.66159449517727 28.585915796458721 10.772205799818037 12.010852634906767 9.3744625747203809 40.056699946522713 30.423853538930416 25.733614295721054 165.58272057026625 54.084210194647312 10.550124391913416 21.470430947840214 13.658743187785147 65.285294137895107 194.44628152251244 28.610455311834812 7.7259160578250876 42.432006552815437 53.930658802390099 12.841010861098768 16.890773810446262
leaf_count=44 1092 563 82 4916 1811 657 135 201 1101 2426 230 67 74 60 225 213 168 1297 456 76 157 79 533 1588 229 56 338 436 93 125
internal_value=-4.3703e-05 0.0119172 0.0178865 -0.00985699 -0.00366163 0.00806335 -0.0115618 -0.0113468 0.0265093 0.0309845 -0.00198872 0.0265658 0.0165085 0.0311582 0.0475189 0.00911368 -0.0042276 -0.00770337 -0.00316532 0.00109704 0.0305677 0.0563985 -0.00528834 -0.0120606 -0.0140423 0.00245025 0.0204644 -0.00677428 0.0133301 0.0345824
internal_weight=2611.25 1175.81 945.619 1435.45 870.039 350.228 519.811 106.077 680.196 511.963 51.3017 22.7158 244.151 91.8659 52.0676 39.7983 265.423 239.689 314.376 260.292 45.6793 24.2089 214.613 230.187 223.057 149.327 50.1579 99.1696 45.2389 29.7318
internal_count=19528 7795 5934 11733 6817 2522 4295 858 3906 2805 379 149 1664 572 299 273 2028 1860 2484 2028 312 155 1716 1861 1817 1183 394 789 353 218
cat_boundaries=0 1
cat_threshold=89
is_linear=0
shrinkage=0.03


Tree=14
num_leaves=31
num_cat=1
split_feature=32 3 5 5 12 5 29 29 16 7 29 29 3 12 12 8 6 2 12 12 5 29 14 14 2 12 14 29 10 29
split_gain=337.211 180.233 185.844 92.0025 74.26 69.4075 37.4633 39.6413 40.2586 35.7544 35.1557 34.464 37.0533 39.4876 32.6483 32.2171 29.2396 31.5199 33.7436 27.5649 26.9252 46.896 30.9724 28.3 26.1865 25.1254 61.6954 75.5212 24.874 23.7186
threshold=0 25.147087097167972 -0.88134551048278797 -0.04725049436092376 -0.14499999582767484 -0.8126716911792754 75.655178070068374 84.152141571044936 -0.32504084706306452 -34.041633605957024 78.715969085693374 81.26676177978517 688.14999389648449 0.12299999967217447 0.55149999260902416 -14.805606365203856 -0.85020262002944935 262.31149291992193 -0.36599999666213984 0.26950000226497656 0.081451712176203742 81.26676177978517 -0.27499999105930323 -0.49499998986721033 89.655048370361342 -0.29899999499320978 0.39499999582767492 76.49637603759767 -0.42000000178813929 76.836559295654311
decision_type=1 2 2 2 2 2 2 2 2 2 2 2 2 2 2 2 2 2 2 2 2 2 2 2 2 2 2 2 2 2
left_child=1 19 11 4 6 -6 -2 8 24 10 -7 12 13 -3 16 -10 20 -18 -19 -1 21 -4 23 -22 -8 26 -5 -28 -20 -27
right_child=3 2 14 25 5 9 7 -9 15 -11 -12 -13 -14 -15 -16 -17 17 18 28 -21 22 -23 -24 -25 -26 29 27 -29 -30 -31
leaf_value=-0.018246076034371974 -0.015348497484425752 0.035992429580365817 0.03688725707960213 -0.022877864475680052 -0.025122465302244178 0.039955940707377888 0.027064089278055575 -0.027866258483113499 0.0362544074717236 -0.0068182493025105038 -0.012702168996638346 0.0098516012843339832 -0.027523086315794549 -0.031945931568230355 0.064443176134399621 0.010646556273057267 0.0033022358765621585 -0.0054235879855875409 -0.0012923703678912634 0.014656051575976372 0.011660108985358297 0.0098656739954933771 0.0059603897318641968 0.064419321953918363 -0.0071762656919084457 -0.028861097589858657 0.071674217475238319 -0.019915811988464913 0.032998272824780746 -0.014085039760554342
leaf_weight=173.28923423588276 61.030213326215744 18.963599026203159 282.56138171255589 61.446904622018337 199.69296371936798 30.462409675121307 24.155941136181355 22.118237137794495 78.557319790124893 279.48013680428267 17.291194096207619 54.027266398072243 97.445722587406635 11.589820772409437 16.327398836612701 102.3029505237937 122.60869609564543 31.57831996679306 21.960195474326611 25.623655952513218 18.924886450171471 73.732842996716499 94.078639209270477 17.757499352097511 99.063786372542381 248.49916120618582 16.027636252343658 14.802152886986731 138.58549843728542 166.40704567730427
leaf_count=1474 461 158 1458 545 1794 222 156 163 521 2257 126 367 849 99 91 762 794 197 148 207 131 477 582 95 734 2274 115 115 766 1464
internal_value=0.000315638 0.011973 0.0172582 -0.00953729 -0.00391075 -0.0112317 0.00605461 0.0100937 0.0129371 -0.0027042 0.0210194 -0.0101137 -0.0185519 0.0100257 0.0233532 0.0219076 0.0224373 0.0152278 0.0227818 -0.0139556 0.0270553 0.0313386 0.015235 0.038232 -0.000299966 -0.0198387 -0.00560614 0.0284554 0.0283289 -0.022983
internal_weight=2620.39 1199.05 1000.14 1421.34 914.155 526.927 387.228 326.198 304.08 327.234 47.7536 182.026 127.999 30.5534 818.115 180.86 801.788 314.733 192.124 198.913 487.055 356.294 130.761 36.6824 123.22 507.183 92.2767 30.8298 160.546 414.906
internal_count=19602 7893 6212 11709 7196 4399 2797 2336 2173 2605 348 1473 1106 257 4739 1283 4648 1905 1111 1681 2743 1935 808 226 890 4513 775 230 914 3738
cat_boundaries=0 1
cat_threshold=89
is_linear=0
shrinkage=0.03


Tree=15
num_leaves=31
num_cat=1
split_feature=32 3 5 5 12 5 12 5 3 2 28 5 29 14 8 10 18 29 14 14 17 10 1 18 3 12 29 14 14 3
split_gain=323.025 158.225 156.007 91.2065 82.7145 61.8591 41.1133 39.9383 44.6976 59.0435 39.7282 50.8818 39.562 38.3608 32.4618 38.7556 26.5176 26.1058 26.0702 55.3031 29.934 24.3591 26.8745 34.2916 24.2617 21.1252 20.7245 19.952 19.8664 31.0051
threshold=0 2.721495628356934 -0.88134551048278797 -0.13282711803913114 -0.17249999940395352 -0.75976759195327748 0.54000002145767223 0.20903649181127551 274.55114746093756 252.356315612793 26.140346527099613 1.0000000180025095e-35 86.164299011230483 -0.22999999672174451 -72.522434234619126 0.24000000208616259 1.4956442117691042 76.013408660888686 0.49499998986721044 0.20499999821186068 0.30629649758338934 0.66999998688697826 30.04930400848389 0.90838575363159191 709.90991210937511 0.12299999967217447 76.151096343994155 -0.59499999880790699 -1.0000000180025095e-35 212.93068695068362
decision_type=1 2 2 2 2 2 2 2 2 2 2 2 2 2 2 2 2 2 2 2 2 2 2 2 2 2 2 2 2 2
left_child=1 -1 12 4 14 -6 7 8 10 -10 11 27 24 -9 15 -2 -13 28 19 26 -21 22 23 -19 25 -3 -16 -4 -7 -30
right_child=3 2 6 -5 5 17 -8 13 9 -11 -12 16 -14 -15 18 -17 -18 21 -20 20 -22 -23 -24 -25 -26 -27 -28 -29 29 -31
leaf_value=-0.019653478600129847 0.0058544769646304571 0.018202257379972889 0.017639900353922058 -0.019312039680824039 -0.022760428343824399 -0.033543049869032872 0.050949107087526112 0.023396995215428106 -0.00081411746801383249 0.023048582356618365 0.0020453551880068761 0.0043735733266886834 0.029130834699931919 -0.008579204264874048 -0.012015511360955307 0.084098565591367691 0.040217276133012611 0.066833105680311797 -0.014408431717443791 0.013863092039759981 0.055198854547958517 -0.024779205672285552 0.0012805881490269792 0.0077206911890460037 -0.022682734895487701 -0.022914881276920221 0.0080464123022606273 0.051996836764199778 -0.027497695665975101 0.023586422260448513
leaf_weight=130.10079821199179 12.582868628203871 29.364060051739216 18.89729206264019 550.99182361364365 230.95593249052763 34.377627737820148 37.396773755550385 55.390819601714611 130.69805993139744 324.72983638197184 34.668075859546661 52.073418609797955 19.46533839404583 83.267787173390388 68.839660957455635 9.6630645617842656 28.125896796584129 12.981137931346892 50.217044770717621 35.326799966394901 28.882893718779087 23.647186018526554 154.40512718260288 24.824203096330166 112.7508220076561 16.874733991920948 136.78126222640276 121.25682139396667 21.024663530290127 19.794484026730061
leaf_count=1140 87 232 120 4930 2081 305 198 386 826 1825 232 311 125 593 539 61 154 81 365 220 168 203 1180 193 957 141 999 583 186 156
internal_value=-5.29939e-05 0.0113759 0.0152882 -0.00971634 -0.00369615 -0.0112028 0.0204365 0.0190343 0.0219057 0.0162137 0.0319676 0.0366447 -0.0102583 0.00427059 0.00775109 0.0419974 0.0172844 -0.00198517 0.00524729 0.00894503 0.0330181 0.00332963 0.00689814 0.0292172 -0.0152328 0.00302923 0.00130425 0.0475222 -0.0170852 -0.00275376
internal_weight=2610.36 1195.06 1064.96 1415.3 864.304 522.01 886.505 849.108 710.449 455.428 255.022 220.353 178.455 138.659 342.294 22.2459 80.1993 291.054 320.048 269.831 64.2097 215.858 192.21 37.8053 158.99 46.2388 205.621 140.154 75.1968 40.8191
internal_count=19577 7823 6683 11754 6824 4385 5228 5030 4051 2651 1400 1168 1455 979 2439 148 465 2304 2291 1926 388 1657 1454 274 1330 373 1538 703 647 342
cat_boundaries=0 1
cat_threshold=89
is_linear=0
shrinkage=0.03


Tree=16
num_leaves=31
num_cat=1
split_feature=32 3 6 12 9 14 29 12 14 12 10 29 3 28 10 28 10 16 6 14 10 14 0 12 10 28 3 14 10 3
split_gain=313.045 153.159 153.594 70.3073 72.6785 61.24 48.7742 41.3037 39.528 55.3659 57.0276 41.0978 36.4995 35.3068 32.8272 61.6546 47.2832 31.1875 54.6172 30.0913 51.5745 29.4457 29.0491 27.0789 26.518 29.3011 26.3857 25.765 35.472 35.2425
threshold=0 3.1872597932815556 -0.54638096690177906 -0.14499999582767484 -15.771351814270018 0.20499999821186068 83.357944488525405 0.55149999260902416 0.2950000017881394 0.50899998843669902 0.39499999582767492 76.73075103759767 520.72189331054699 19.164343833923343 -0.39499999582767481 25.763958930969242 1.1600000262260439 0.39002384245395666 -0.68159639835357655 0.49499998986721044 -0.17000000178813932 -0.52499997615814198 26.379553794860843 -0.50149999558925618 0.25499999523162847 18.71020603179932 688.14999389648449 -0.3299999982118606 -0.18500000238418576 339.73304748535162
decision_type=1 2 2 2 2 2 2 2 2 2 2 2 2 2 2 2 2 2 2 2 2 2 2 2 2 2 2 2 2 2
left_child=1 -1 7 4 5 12 26 14 9 10 11 -5 21 -14 -3 16 19 -6 -19 20 27 -2 -20 -17 -7 -26 -4 -16 29 -29
right_child=3 2 6 8 17 24 -8 -9 -10 -11 -12 -13 13 -15 15 23 -18 18 22 -21 -22 -23 -24 -25 25 -27 -28 28 -30 -31
leaf_value=-0.01938802400387361 0.032002144419358607 0.0056223263085730477 0.0034732447869407234 -0.021995845027188741 -0.016444857594594183 0.056458953926075833 0.020122596624418634 0.072722308883434408 -0.023546909787433162 0.042915154574258894 0.045798061051790066 -0.0044182210088820287 0.051630643285570162 -0.014959680839056504 0.057637622772756407 0.040447825303847405 -0.02659192031281582 -0.014957001102870963 0.06801746544587059 0.043277909178167276 0.017387471930980159 -0.01390625447286015 0.012150792956988607 0.0015742927751139172 -0.0080218726939523186 0.035041966861607675 -0.022212472857380976 0.031068686566192032 0.06499692957959631 -0.017297664025541084
leaf_weight=132.52670224756002 13.346351869404314 128.01537140458822 50.227648064494133 256.66698512434959 241.04219041019678 25.192645713686943 44.303010113537312 12.563002184033392 333.14791420847178 16.097171112895012 13.931260883808134 224.75708249956369 19.193866722285751 10.534226626157759 47.878454193472862 17.161718927323818 13.660316675901411 54.297795154154301 12.114856727421282 101.20667157322168 283.30520113557577 103.01681559532881 24.777794621884823 144.84099923074245 21.679921463131905 38.636783637106419 123.86628344655037 57.393496580421925 19.600655362010002 16.945489853620529
leaf_count=1178 89 871 400 2340 2012 142 291 59 3055 92 92 1863 124 74 224 96 90 448 79 501 1571 810 193 976 141 243 1067 298 89 86
internal_value=-0.000426236 0.010826 0.0147167 -0.00996827 -0.00183001 0.0110427 -0.00767581 0.0205231 -0.0155105 -0.01024 -0.0120503 -0.0138157 -0.000797439 0.0283153 0.0196465 0.0221923 0.0270556 -0.0108098 0.00410206 0.0284957 0.0248833 -0.00841295 0.0318072 0.00591523 0.0310466 0.0196849 -0.0148244 0.0396309 0.029943 0.0199604
internal_weight=2601.93 1193.5 1060.97 1408.43 563.833 231.601 218.397 842.571 844.6 511.452 495.355 481.424 146.091 29.7281 830.008 701.993 539.99 332.233 91.1904 526.33 425.123 116.363 36.8927 162.003 85.5094 60.3167 174.094 141.818 93.9396 74.339
internal_count=19594 7797 6619 11797 4355 1623 1758 4861 7442 4387 4295 4203 1097 198 4802 3931 2859 2732 720 2769 2268 899 272 1072 526 384 1467 697 473 384
cat_boundaries=0 1
cat_threshold=89
is_linear=0
shrinkage=0.03


Tree=17
num_leaves=31
num_cat=1
split_feature=32 3 6 12 28 2 3 14 3 14 16 6 14 29 29 6 14 7 14 12 29 12 3 17 18 6 14 3 12 12
split_gain=266.084 223.147 177.49 80.3547 67.9253 53.3508 71.936 80.3299 61.7915 44.86 44.3465 43.824 38.2754 36.353 33.8558 33.8368 52.5729 31.4439 28.2709 78.4966 37.6711 26.4773 26.071 25.4898 26.3652 30.2088 24.5455 54.1467 41.945 38.9379
threshold=0 39.079507827758796 -0.47246390581130976 -0.23350000381469724 25.346193313598636 196.18916320800784 316.91842651367193 0.39499999582767492 94.895103454589858 -0.52499997615814198 0.28545708954334265 -0.61626377701759327 -0.3299999982118606 86.164299011230483 76.484970092773452 -0.68784540891647328 0.014999999664723875 -14.080146789550779 0.2950000017881394 0.50899998843669902 76.013408660888686 0.12299999967217447 391.27612304687506 -0.46075017750263209 0.87745714187622081 -0.80187052488327015 -1.0000000180025095e-35 328.49816894531256 -0.36599999666213984 -0.30349999666213984
decision_type=1 2 2 2 2 2 2 2 2 2 2 2 2 2 2 2 2 2 2 2 2 2 2 2 2 2 2 2 2 2
left_child=3 17 4 5 9 6 7 -1 14 -3 15 12 -11 21 -9 -8 -17 -2 19 20 -5 -4 -12 24 25 -22 27 28 -14 -28
right_child=1 2 13 18 -6 -7 10 8 -10 11 22 -13 26 -15 -16 16 -18 -19 -20 -21 23 -23 -24 -25 -26 -27 29 -29 -30 -31
leaf_value=-0.017218383769775945 0.0051825313515933488 0.0049616574331901664 -0.0054522056824185998 -0.026687658191569267 0.0082344790162142533 -0.020439806940954847 0.052745070354594192 0.094085485040983199 -0.020810565867528854 0.054189167040788536 0.018070785260812579 0.0028839096766573335 0.074910428171760801 0.028926705608914381 0.017386499190112342 0.037402618558250923 -0.023600219326529885 -0.019017318487434088 -0.024338935367969602 0.060071846390991328 0.05338184214086221 -0.027625799103029373 0.077806439356411156 -0.014452278712865984 -0.0047143992389895029 -0.014829767922528514 0.0096254031838036349 -0.0049145980874223316 0.01944580008943635 0.03683050134411537
leaf_weight=113.68693345040083 59.110968746244907 86.697382912039757 143.59599279612303 148.03849878907204 321.60079232603312 78.122516214847565 14.341935828328131 12.561900518834593 11.201845705509184 56.895205207169056 10.828373759984972 55.703081861138344 16.543286234140396 19.420200690627098 9.2597548738121969 20.775101155042648 29.562355473637581 254.95851524174213 290.35597816854715 12.140684425830839 16.201938651502136 72.679235726594925 19.325987443327904 191.00515142828226 74.191914044320583 8.3011470139026624 58.209691241383553 57.455650463700294 44.640982903540134 274.60310091823339
leaf_count=968 436 584 1179 1394 2164 666 76 83 82 280 69 369 76 121 69 126 205 2253 2693 66 123 640 113 1673 643 72 320 338 241 1372
internal_value=-3.26347e-05 0.0079825 0.0138905 -0.0115065 0.0195483 0.000954508 0.0079298 -0.00524196 0.0352824 0.0251184 0.028149 0.0282023 0.0309655 -0.0094346 0.0637272 0.0137391 0.00181481 -0.0144607 -0.017037 -0.0122808 -0.0144199 -0.0129965 0.0576241 -0.0080807 0.00427155 0.0305978 0.0279254 0.0160015 0.0354061 0.0321154
internal_weight=2582.02 1522.11 1208.04 1059.9 972.349 319.667 241.544 146.71 33.0235 650.748 94.8338 564.051 508.348 235.695 21.8217 64.6794 50.3375 314.069 740.235 449.879 437.739 216.275 30.1544 289.7 98.695 24.5031 451.453 118.64 61.1843 332.813
internal_count=19494 10373 7684 9121 5744 2457 1791 1202 234 3580 589 2996 2627 1940 152 407 331 2689 6664 3971 3905 1819 182 2511 838 195 2347 655 317 1692
cat_boundaries=0 1
cat_threshold=6
is_linear=0
shrinkage=0.03


Tree=18
num_leaves=31
num_cat=2
split_feature=32 6 1 12 10 9 5 5 28 10 28 9 28 24 14 9 5 5 10 12 12 14 28 12 12 9 10 14 32 10
split_gain=281.109 125.625 85.7391 79.2673 74.424 61.6821 61.2556 53.4252 50.902 42.4436 41.929 46.0735 41.5404 36.564 35.7331 35.2327 46.8265 46.1071 39.4131 67.8302 35.1962 33.9835 33.4692 32.9895 29.1953 27.0388 26.7822 47.5196 26.4282 26.2381
threshold=0 -0.86977231502532948 25.782530784606937 -0.23350000381469724 -0.22500000149011609 -5.6913642883300772 -0.88134551048278797 0.081451712176203742 25.763958930969242 0.66999998688697826 24.994574546813968 19.936741828918461 26.140346527099613 1.0000000180025095e-35 -0.27499999105930323 -26.89638519287109 -0.75976759195327748 -0.34091138839721674 0.2950000017881394 0.40150000154972082 0.042500000447034843 0.60499998927116405 24.009605407714847 0.54500001668930065 0.54000002145767223 105.87836074829103 0.1799999997019768 0.20499999821186068 1 0.2950000017881394
decision_type=1 2 2 2 2 2 2 2 2 2 2 2 2 2 2 2 2 2 2 2 2 2 2 2 2 2 2 2 1 2
left_child=1 7 -3 4 -2 22 8 12 -4 10 15 21 -1 -7 -9 16 -5 18 20 -20 -18 -12 26 -8 28 -15 -6 -28 -16 -30
right_child=3 2 6 9 5 13 23 14 -10 -11 11 -13 -14 25 24 -17 17 -19 19 -21 -22 -23 -24 -25 -26 -27 27 -29 29 -31
leaf_value=0.03149364593211286 -0.024521875294789844 -0.017315925752648391 -0.021281922122645024 -0.026211072653461807 0.047231480132085737 -0.01161795853832991 0.012193904284973668 0.029393885897208191 0.016419429284940907 -0.029677076561594424 -0.012205558495043681 0.023609669588757862 0.002382525666064375 0.047104831492178867 -0.018915308424823082 -0.020286933840552607 0.045902157903608076 -0.012591884637597131 0.0051934942108435743 0.097700066452275913 -0.011647530390047333 0.043374510256908513 -0.0004488634783048826 0.046866481540067353 0.051324042853835461 -0.015574902384656827 -0.014497369201280978 0.034837560680344701 -0.0065214074440579613 0.024660123659258584
leaf_weight=321.80365469306707 76.815029338002205 162.45136541128159 93.574326403439045 66.136030092835426 45.007129460573196 133.83812937885523 296.85654301196337 52.610065765678883 48.007954433560371 132.02227468788624 137.52089333534241 55.252883389592171 51.298089519143105 17.531692340970043 45.305228672921658 416.08800788223743 11.952565670013426 75.676746480166912 15.621367603540421 12.317033439874649 35.61366631090641 9.6885677203536016 48.2908606082201 26.156145974993706 8.6694108471274358 8.6985663771629316 26.240588262677193 49.535258799791336 54.751561090350151 42.199068732559681
leaf_count=1619 681 1415 853 613 286 1097 1763 344 316 1282 1133 419 329 120 323 3836 92 676 111 61 307 77 341 133 52 76 201 279 370 302
internal_value=5.88653e-05 0.0105921 0.00137951 -0.00918097 0.00187644 0.00809288 0.00793975 0.0207737 -0.00847259 -0.0139106 -0.0113879 0.000496399 0.0275082 -0.00524414 0.00835438 -0.0151814 -0.0053579 0.00387686 0.020332 0.0479431 0.00346109 -0.00827959 0.0206761 0.0151375 0.000875155 0.0265101 0.0290565 0.017787 -0.00253613 0.00650034
internal_weight=2577.53 1203.68 627.046 1373.85 405.957 329.142 464.595 576.637 141.582 967.89 835.868 202.462 373.102 160.068 203.535 633.405 217.317 151.181 75.5046 27.9384 47.5662 147.209 169.074 323.013 150.925 26.2303 120.783 75.7758 142.256 96.9506
internal_count=19507 7819 4480 11688 3081 2400 3065 3339 1169 8607 7325 1629 1948 1293 1391 5696 1860 1247 571 172 399 1210 1107 1896 1047 196 766 480 995 672
cat_boundaries=0 1 2
cat_threshold=89 8
is_linear=0
shrinkage=0.03


Tree=19
num_leaves=31
num_cat=1
split_feature=32 4 5 5 29 10 5 10 28 10 29 10 10 5 10 18 10 10 3 3 5 2 28 4 29 10 29 10 10 2
split_gain=236.791 134.512 128.357 75.3913 54.1276 31.6278 30.9877 34.3509 35.0621 31.3874 29.5925 29.2964 39.5661 29.1788 38.9305 34.5875 30.2923 38.4813 28.0653 24.3683 27.6347 25.8634 24.0532 32.6908 23.4734 22.8641 22.3095 22.2435 21.9254 21.534
threshold=0 59.500000000000007 -0.78753387928009022 1.0000000180025095e-35 76.013408660888686 0.74500000476837169 0.20903649181127551 -0.50999999046325672 25.763958930969242 0.24000000208616259 86.164299011230483 -0.1950000002980232 -0.18500000238418576 -0.85957497358322132 0.2650000005960465 1.318078398704529 -0.46499998867511744 0.054999999701976783 645.67691040039074 285.29481506347662 -0.04725049436092376 252.356315612793 19.008403778076175 1.0000000180025095e-35 84.152141571044936 -0.34499999880790705 77.084831237792983 -0.67500001192092884 -0.80500000715255726 89.655048370361342
decision_type=1 8 2 2 2 2 2 2 2 2 2 2 2 2 2 2 2 2 2 2 2 2 2 10 2 2 2 2 2 2
left_child=1 2 10 4 11 13 7 26 19 -8 18 -2 -13 16 24 -16 -6 29 -1 20 -9 -21 -19 -24 -15 -23 -4 28 -28 -18
right_child=3 -3 6 -5 5 -7 9 8 -10 -11 -12 12 -14 14 15 -17 17 22 -20 21 -22 25 23 -25 -26 -27 27 -29 -30 -31
leaf_value=0.0099119818455940898 -0.03344638605227869 -0.015182393090632547 -0.019242067524562412 -0.018597503473564616 -0.031758561662421018 -0.021422127296268825 0.018689941729264054 0.045721876755263041 0.010125891467489257 -0.013413763428405241 0.024225802589009665 0.046019985773235364 -0.013102665201095244 0.0034852322424393347 0.030737564905774901 -0.0037627952805658368 0.05411863277318394 -0.02763122991664534 -0.014219503113691375 0.0025703193218051118 0.023577957305812677 0.059239962624924598 0.046502681893947864 -0.011703619853444496 -0.027429415147841668 0.023429272951256578 0.0090584503524179724 -0.01164689900163692 0.065808251128312914 0.0082934903760917052
leaf_weight=57.209528990089893 62.194194249808788 165.71405720710754 26.263967700302601 444.00427783280611 35.437147237360477 52.740108922123909 63.528629034757614 116.42965829372406 122.69054405391216 46.721792340278625 27.597518056631088 9.8837359845638257 164.72622057050467 292.07016179710627 89.781083956360817 36.45269276201725 10.238804265856741 50.0962825268507 170.97030325978994 50.262038454413414 96.69090636074543 17.067801907658577 10.419408053159712 35.281745478510857 22.909909777343273 201.88554391264915 15.226428084075449 15.919479310512541 9.7040464729070681 54.727246135473251
leaf_count=426 604 1465 192 4218 325 491 406 532 778 321 167 73 1396 2271 606 276 60 442 1391 269 482 81 83 299 185 993 98 107 56 430
internal_value=0.000109033 0.00977004 0.0138578 -0.0083856 -0.00356979 0.000682309 0.019883 0.0222988 0.0245542 0.00508679 -0.00457814 -0.0159131 -0.00951305 0.00254194 0.00681807 0.0208236 -0.00706 -0.00145302 -0.00815238 0.0281957 0.0358324 0.02204 -0.0134864 0.00227843 0.00115698 0.0264774 0.00190455 0.0156354 0.032834 0.0162266
internal_weight=2574.85 1203.88 1038.17 1370.96 926.959 690.155 782.391 672.14 605.026 110.25 255.777 236.804 174.61 637.414 441.214 126.234 196.201 160.763 228.18 482.336 213.121 269.215 95.7974 45.7012 314.98 218.953 67.1139 40.85 24.9305 64.9661
internal_count=19523 7764 6299 11759 7541 5468 4315 3588 3135 727 1984 2073 1469 4977 3338 882 1639 1314 1817 2357 1014 1343 824 382 2456 1074 453 261 154 490
cat_boundaries=0 1
cat_threshold=89
is_linear=0
shrinkage=0.03


Tree=20
num_leaves=31
num_cat=1
split_feature=32 3 5 12 5 10 10 5 28 29 1 3 5 29 3 12 2 28 12 3 12 28 29 29 4 10 12 10 10 10
split_gain=236.744 124.611 105.22 67.3883 51.0191 40.9325 39.6103 39.1608 37.2056 36.2436 33.0032 31.2221 35.6691 30.0277 29.5808 34.7633 27.1939 53.2636 26.7499 29.2366 27.5932 38.1846 28.2466 25.42 23.4561 33.7526 22.6799 22.4746 22.3213 31.7492
threshold=0 3.1872597932815556 -0.88134551048278797 -0.14499999582767484 -0.13282711803913114 -0.34499999880790705 -0.1950000002980232 0.20903649181127551 25.763958930969242 76.151096343994155 26.325069427490238 18.527454376220707 -0.93404099345207203 75.655178070068374 688.14999389648449 0.12299999967217447 228.60534667968753 24.994574546813968 0.54500001668930065 281.44459533691412 -0.17849999666213986 26.140346527099613 75.887035369873061 78.715969085693374 226.50000000000003 0.10500000044703485 -0.069500001147389398 0.42499999701976782 0.66999998688697826 0.39499999582767492
decision_type=1 2 2 2 2 2 2 2 2 2 2 2 2 2 2 2 2 2 2 2 2 2 2 2 10 2 2 2 2 2
left_child=1 -1 8 4 13 10 -7 18 14 -5 -4 -11 -13 -2 15 -3 -15 -18 19 20 22 -22 -8 -19 -6 -26 -12 -24 29 -14
right_child=3 2 5 9 24 6 7 -9 -10 11 26 12 28 16 -16 -17 17 23 -20 -21 21 -23 27 -25 25 -27 -28 -29 -30 -31
leaf_value=-0.018475823217391888 -0.014044519992202759 0.033092576741996997 -0.021129364246156128 -0.02374620898496323 -0.018323649603281884 0.038450033461097016 -0.020981676560114924 -0.0029984434593275438 0.011691313424448657 -0.024282804546945664 0.026372690641585365 -0.025886021818288488 -0.0025655041327808915 0.015218484230326578 -0.026650329162643288 -0.031503317747560752 -0.023866172509676205 -0.017548329253946084 0.047497392556553684 0.012756444827599259 0.039746703906027518 -0.0046790592790681863 0.0053753082806040084 0.035392071455284606 -0.017720380218830028 0.042346377840763061 0.0021669179980992308 0.051367769416756297 -0.021385219058179365 0.032299924181894722
leaf_weight=126.93442231416702 57.040884844958782 17.999267667531971 35.830311194062233 249.51442161202431 153.26290503889322 92.099166765809059 18.056068129837513 74.633374013006687 54.662502966821194 109.05287004262209 52.099832460284233 70.202068358659744 302.47391511499882 218.61542358249426 88.482514269649982 11.425084874033926 52.375643581151962 10.417748190462587 29.733047142624855 323.3335520029068 131.37352827191353 19.822066724300385 24.921162709593773 29.731747157871723 17.743466548621655 14.367840923368929 101.88223388046026 14.793145693838595 49.008340165019035 24.480010807514191
leaf_count=1181 442 146 275 2461 1394 465 92 520 363 1082 295 687 2512 1476 842 105 459 72 150 1795 619 133 132 195 174 109 655 76 471 183
internal_value=-8.04576e-05 0.0094782 0.0128308 -0.00865914 -0.000662775 0.0168663 0.0200951 0.0173838 -0.00862288 -0.0142595 0.00442907 -0.00996109 -0.00641406 0.00579792 -0.0180598 0.00779978 0.00946894 -0.00413338 0.0200909 0.0184738 0.0272175 0.0339299 0.00937147 0.0215628 -0.0134569 0.00962303 0.0104743 0.0233479 -0.00271911 0.000135503
internal_weight=2576.37 1218.08 1091.15 1358.29 553.556 918.577 728.765 636.666 172.569 804.732 189.812 555.217 446.164 368.181 117.907 29.4244 311.141 92.5251 562.033 532.3 208.966 151.196 57.7704 40.1495 185.374 32.1113 153.982 39.7143 375.962 326.954
internal_count=19561 7844 6663 11717 4321 5207 3982 3517 1456 7396 1225 4935 3853 2644 1093 251 2202 726 2997 2847 1052 752 300 267 1677 283 950 208 3166 2695
cat_boundaries=0 1
cat_threshold=89
is_linear=0
shrinkage=0.03


Tree=21
num_leaves=31
num_cat=2
split_feature=32 3 5 5 12 5 9 28 12 10 32 12 7 29 28 10 12 12 10 10 10 14 29 2 3 5 14 10 29 29
split_gain=219.512 110.978 103.271 84.2208 63.9034 58.0185 55.922 37.6746 29.1661 28.8458 29.1758 38.3945 27.4901 33.0121 25.4773 42.1346 28.3799 25.3801 30.8874 24.5662 50.0308 36.053 32.1302 27.4178 26.8352 33.9253 26.9337 26.262 23.3076 22.9643
threshold=0 25.147087097167972 -0.78753387928009022 -0.13282711803913114 -0.15249999612569806 -0.8126716911792754 39.059240341186531 24.994574546813968 0.26950000226497656 0.59999999403953563 1 0.54500001668930065 -34.041633605957024 78.715969085693374 25.763958930969242 -0.50999999046325672 -0.090500000864267335 -0.50149999558925618 -0.67500001192092884 0.28499999642372137 0.42499999701976782 0.34499999880790716 76.581501007080092 458.27914428710943 339.73304748535162 -0.04725049436092376 -0.27499999105930323 -0.29500000178813929 77.084831237792983 86.164299011230483
decision_type=1 2 2 2 2 2 2 2 2 2 1 2 2 2 2 2 2 2 2 2 2 2 2 2 2 2 2 2 2 2
left_child=1 8 9 4 6 -6 -2 -8 -1 10 -3 29 13 -7 15 16 -4 -16 -19 21 22 24 -21 -22 25 -17 -27 28 -26 -12
right_child=3 2 14 -5 5 12 7 -9 -10 -11 11 -13 -14 -15 17 19 -18 18 -20 20 23 -23 -24 -25 27 26 -28 -29 -30 -31
leaf_value=-0.016877523446234718 0.014702278961744291 -0.012430176149384548 0.03516353209398361 -0.018117148403447494 -0.023054681571546217 0.037441339707439576 -0.023469740216495331 0.01637249452036578 0.017552413856060569 -0.031500647281335253 -0.001986111817734591 0.058228854526757523 -0.0054670475887685123 -0.015589532900543547 0.042027004827579741 0.04806987889695985 -0.015134363503958005 0.03906615228791243 0.00038647848918883256 -0.028525792681549672 0.032093216430510892 0.054316399120412265 0.012330164203212273 -0.012902487726285189 0.059163749949128916 0.046317187176721439 0.0082007476654789319 0.0073994856575716065 0.012647000467961267 0.030387035681847991
leaf_weight=161.31314785033464 248.84699415415525 89.88372153788805 12.155735805630682 513.73425092548132 182.08859038352966 30.072411708533764 70.986117541790009 29.545714423060417 24.809951238334179 28.303968101739883 106.30970851331949 11.944902211427687 260.14078309386969 15.316080048680304 17.65294848382473 75.156779870390892 42.499687872827053 20.179542139172554 151.5829990208149 29.059808596968651 105.06030832231045 43.524944886565208 39.971705347299576 13.227864965796469 18.959940358996391 22.998991146683693 56.671019412577152 103.64607264101505 20.203082397580147 23.183835715055466
leaf_count=1463 1645 764 72 4933 1811 218 647 196 208 223 817 84 2176 111 92 337 314 112 976 163 496 192 207 69 85 103 294 541 92 138
internal_value=-0.000209949 0.00898209 0.0129001 -0.00850481 -0.00269184 -0.00970019 0.00708928 -0.0117144 -0.0122188 -0.0034593 9.25887e-05 0.0083674 -0.00169196 0.0195961 0.0183953 0.0215008 -0.00351696 0.00877187 0.00513059 0.0240899 0.0152292 0.0288963 -0.00503048 0.0269955 0.0250095 0.0336615 0.0196419 0.0154607 0.0360795 0.00399825
internal_weight=2569.03 1218.3 1032.18 1350.73 836.997 487.618 349.379 100.532 186.123 259.626 231.322 141.438 305.529 45.3885 772.551 583.136 54.6554 189.415 171.763 528.481 187.32 341.161 69.0315 118.288 297.636 154.827 79.67 142.809 39.163 129.494
internal_count=19579 7842 6171 11737 6804 4316 2488 843 1671 2026 1803 1039 2505 329 4145 2965 386 1180 1088 2579 935 1644 370 565 1452 734 397 718 177 955
cat_boundaries=0 1 2
cat_threshold=89 16
is_linear=0
shrinkage=0.03


Tree=22
num_leaves=31
num_cat=1
split_feature=32 5 5 5 12 5 9 12 5 5 14 29 28 28 10 28 12 12 14 29 9 29 14 0 29 5 7 9 14 12
split_gain=213.037 110.895 97.7233 72.8831 64.012 52.3731 46.4363 43.2014 33.8943 36.5362 34.1734 33.5276 33.1217 32.6991 31.4691 31.1473 29.6772 27.148 70.95 54.8014 39.6482 28.0908 32.271 35.3213 26.7861 26.5808 25.2173 24.537 27.6995 26.822
threshold=0 0.48901963233947759 -0.88134551048278797 -0.13282711803913114 -0.17249999940395352 -0.8126716911792754 46.998497009277351 0.54000002145767223 0.081451712176203742 -0.56916013360023487 -0.27499999105930323 77.084831237792983 24.994574546813968 25.763958930969242 0.28499999642372137 25.763958930969242 -0.18749999999999997 -0.29899999499320978 0.39499999582767492 76.49637603759767 -11.284264087677 76.836559295654311 -0.095000002533197389 3.3003264665603642 78.715969085693374 -0.98097097873687733 -34.041633605957024 -26.89638519287109 0.35999999940395361 -0.36599999666213984
decision_type=1 2 2 2 2 2 2 2 2 2 2 2 2 2 2 2 2 2 2 2 2 2 2 2 2 2 2 2 2 2
left_child=1 2 13 4 6 -6 25 8 9 27 16 -12 -8 -1 -13 -11 -10 18 -5 20 -20 -19 23 -23 -25 -2 -7 28 -4 -29
right_child=3 -3 7 17 5 26 12 -9 10 15 11 14 -14 -15 -16 -17 -18 21 19 -21 -22 22 -24 24 -26 -27 -28 29 -30 -31
leaf_value=-0.017362178173627726 -0.011678039747574538 -0.018042901301805459 -0.010034086867881296 -0.021386764688239978 -0.022481876366524496 0.017463399833449352 -0.023167670467513668 0.046235439338672989 0.068813951472800228 0.02714982490117044 -0.021377552673483805 -0.0093494614383052409 0.016639512625448952 0.010452613301705559 0.026818047616031945 0.0072221861935808391 0.01250372801181319 -0.02703434384513833 0.097628538178765739 -0.011078059665371757 0.010753954800714189 -0.021964628566936099 -0.022164620598366866 0.04692943750329797 -2.2082853144793347e-05 0.017451177597726655 -0.005855862456787906 -0.011504019899474865 0.020852163472894751 0.023948896619516984
leaf_weight=117.14929270744324 31.570354022085667 119.75176876783371 87.179653823375702 65.319077476859093 179.22918954491615 48.848937124013901 62.170247502624989 40.203966170549393 9.7924323976039869 346.57456970959902 57.882528647780418 44.441289909183979 25.954204618930817 55.299836479127407 40.534630656242371 89.699597105383873 41.507795885205269 241.9472852870822 11.212582916021345 15.353554762899874 8.1624985709786433 26.898214764893055 95.460142478346825 18.9316810593009 24.228111006319523 221.84581504017115 255.74150462448597 22.695041067898273 36.140795141458511 107.69424799829721
leaf_count=1107 221 1098 558 625 1809 352 585 203 48 1663 422 306 170 363 285 555 287 2485 67 124 63 264 926 168 211 1442 2147 138 194 594
internal_value=0.000155262 0.00918888 0.0122596 -0.00809883 -0.00265168 -0.00966298 0.00727961 0.0161251 0.0147053 0.0178178 0.00360956 -0.00396041 -0.0113886 -0.00843388 0.00801418 0.0230785 0.0243627 -0.0170941 -0.00305486 0.0310581 0.0633534 -0.0205253 -0.0109054 0.00453223 0.0211692 0.0137906 -0.00207111 0.00871652 -0.000887516 0.0177375
internal_weight=2549.42 1216.55 1096.8 1332.87 825.36 483.82 341.541 924.347 884.143 689.984 194.159 142.858 88.1245 172.449 84.9759 436.274 51.3002 507.513 100.048 34.7286 19.3751 407.465 165.518 70.058 43.1598 253.416 304.59 253.71 123.32 130.389
internal_count=19480 7821 6723 11659 6726 4308 2418 5253 5050 3702 1348 1013 755 1470 591 2218 335 4933 879 254 130 4054 1569 643 379 1663 2499 1484 752 732
cat_boundaries=0 1
cat_threshold=89
is_linear=0
shrinkage=0.03


Tree=23
num_leaves=31
num_cat=1
split_feature=32 2 5 12 10 9 8 10 10 5 5 28 10 14 14 12 5 12 12 12 6 8 8 14 17 17 18 10 4 17
split_gain=201.269 149.406 103.753 66.2084 83.8379 72.8655 32.972 32.9645 56.1229 51.1431 44.9043 32.9506 50.7856 42.7972 50.2951 38.9785 33.6544 32.6944 29.6623 29.2757 27.118 33.8282 27.0625 26.4423 25.882 25.6722 30.0916 25.6009 30.4113 22.8543
threshold=0 24.145714759826664 -0.94917574524879444 -0.23350000381469724 -0.1950000002980232 45.258413314819343 -62.331821441650384 0.45499999821186071 0.31000000238418585 -0.30041381716728205 -0.73172146081924427 25.346193313598636 1.1600000262260439 -1.0000000180025095e-35 -0.20499999821186063 -0.14499999582767484 0.16665012389421466 0.40150000154972082 0.092000000178813948 0.06749999895691873 -0.82436862587928761 -35.836700439453118 18.565414428710941 -0.070000002160668359 1.3506723046302798 -0.52211499214172352 0.79567050933837902 -0.044999999925494187 227.50000000000003 0.23441465198993686
decision_type=1 2 2 2 2 2 2 2 2 2 2 2 2 2 2 2 2 2 2 2 2 2 2 2 2 2 2 2 10 2
left_child=3 6 -3 4 -1 27 -2 8 18 10 -10 12 13 14 15 -4 24 -12 19 20 21 -5 -13 -11 -15 26 -8 -6 29 -29
right_child=1 2 11 7 5 -7 25 -9 9 23 17 22 -14 16 -16 -17 -18 -19 -20 -21 -22 -23 -24 -25 -26 -27 -28 28 -30 -31
leaf_value=-0.028001304195974686 0.040885698055232129 -0.013950446551457243 0.030606103167626887 0.025573763106302248 0.049834481373053893 -0.022347558928192426 0.044976176268717631 -0.029088378245783881 -0.011384827647248106 0.022793374029675108 0.020777704562005374 0.00081499633308171901 -0.03061426514199948 0.029259241016082113 -0.011670093053190401 0.0070464711102032115 -0.0074237129967808096 0.08737011816730289 -0.024242582795904612 0.045062054485533139 -0.023103231286389535 -0.010382802344745236 0.017293903986270301 -0.026576658475108712 -0.00066275629899548692 -0.023931329823267164 -0.0098255968346809535 0.0014206896625409548 0.060029183756660449 0.025030729597875008
leaf_weight=68.910506829619408 8.3411412239074689 137.08361475169659 104.64637192338705 29.434529021382332 19.451761320233345 50.347155079245567 9.2367750629782659 136.14876811206341 13.03080143034458 12.976006954908369 13.9435970261693 259.69153674691916 18.639661870896816 359.70227738469839 72.138704210519791 159.36216834187508 26.778686068952084 13.26728019118309 233.09365159273148 7.6860820576548567 96.942000061273575 103.15758012980223 136.09902609139681 32.058742143213749 27.992434650659561 156.0975639373064 74.989064335823059 97.156682059168816 11.056622698903082 58.623145878314972
leaf_count=667 58 1182 556 263 101 478 82 1409 112 106 88 1767 131 1843 446 985 159 65 2333 66 927 962 883 318 155 1503 695 680 72 386
internal_value=-0.000196793 0.00655034 0.0106621 -0.0106438 0.000879947 0.00937289 -0.0146751 -0.0158814 -0.0125986 0.00970437 0.0338805 0.0135676 0.0171852 0.0184113 0.0104105 0.0164652 0.0248594 0.0551925 -0.0166546 -0.00912805 -0.0111302 -0.00226901 0.00651084 -0.0121654 0.0271027 -0.016765 -0.00335845 0.0180194 0.0140352 0.0104086
internal_weight=2548.08 1550.8 1302.13 997.285 305.546 236.635 248.665 691.739 555.59 85.2764 40.2417 1165.05 769.26 750.621 336.147 264.009 414.473 27.2109 470.314 237.22 229.534 132.592 395.791 45.0347 387.695 240.323 84.2258 186.288 166.836 155.78
internal_count=19478 10445 8107 9033 2384 1717 2338 6649 5240 689 265 6925 4275 4144 1987 1541 2157 153 4551 2218 2152 1225 2650 424 1998 2280 777 1239 1138 1066
cat_boundaries=0 1
cat_threshold=6
is_linear=0
shrinkage=0.03


Tree=24
num_leaves=31
num_cat=1
split_feature=32 5 5 5 12 9 5 12 14 17 16 3 5 12 16 18 18 28 12 9 5 3 28 3 12 14 14 9 12 12
split_gain=173.988 97.814 90.372 79.8206 45.9707 55.3382 51.7283 26.2686 56.1615 43.1969 25.9301 26.7894 55.3603 23.923 22.7112 21.5009 23.8888 32.1334 44.4944 28.5028 39.8564 31.1865 20.5878 28.3274 30.7887 20.3454 27.8766 30.9628 19.8433 26.703
threshold=0 0.4124008715152741 -0.88134551048278797 -0.04725049436092376 -0.17249999940395352 46.998497009277351 -0.8126716911792754 -0.28399999439716334 0.39499999582767492 -0.11964228376746176 -0.32504084706306452 361.27072143554693 -0.93404099345207203 0.54000002145767223 0.63333719968795787 1.0376279354095461 0.80486598610878002 24.994574546813968 0.50899998843669902 -13.090242385864256 -0.53371313214302052 190.72395324707034 25.763958930969242 688.14999389648449 0.12299999967217447 -0.095000002533197389 -0.24999999254941938 16.991368293762211 -0.38799999654293055 -0.26350000500679011
decision_type=1 2 2 2 2 2 2 2 2 2 2 2 2 2 2 2 2 2 2 2 2 2 2 2 2 2 2 2 2 2
left_child=1 2 22 4 5 10 -6 8 -5 -10 -2 -12 -13 -4 -7 16 17 18 -8 20 -18 -22 23 24 -1 26 -9 -28 -14 -30
right_child=3 -3 13 7 6 14 15 25 9 -11 11 12 28 -15 -16 -17 19 -19 -20 -21 21 -23 -24 -25 -26 -27 27 -29 29 -31
leaf_value=0.031006512967803709 0.0014291578798741385 -0.014479444743284654 0.013908555974175263 -0.020638930467286772 -0.021593104273437629 -0.022347495949671479 -0.022672635083808779 -0.018959474860002594 0.059677752541336518 -0.0092195713767300336 0.0043782304181752283 0.0039634666474992692 0.068463024611189457 0.038456288415832748 0.012526813193646912 -0.0090239874380585033 -0.012758386962299551 0.024437335038170891 0.037446658063154933 -0.0012623303316413948 0.017120793184954432 0.083837728449169743 0.0063882702255940215 -0.02500723500990162 -0.031008677135249199 -0.028021852818767845 -0.0096346236537517681 0.059421489469664628 0.0052490266062101693 0.062509945395484406
leaf_weight=19.033566303551201 110.22853714227676 151.68471559882164 863.21329289674759 60.894576087594032 173.03024858236313 70.824080854654312 65.810605570673943 120.82214353233576 16.729236908257011 14.787525646388529 59.185121454298496 42.264689460396767 26.130058504641056 36.674457982182503 21.222741797566414 171.80464362353086 9.9750883504748327 27.283892564475536 12.346752792596815 31.630403891205788 11.571689143776895 14.745323620736597 52.268362149596214 84.183220967650414 10.300718016922472 204.78290915489197 15.109396062791349 8.302114821970461 16.763364464044571 12.311039805412294
leaf_count=153 755 1393 4788 616 1802 619 605 1234 115 110 394 281 142 179 185 1473 84 196 75 256 91 95 343 836 99 2165 146 74 109 64
internal_value=-0.000213522 0.00792833 0.0112027 -0.0077323 -0.00254747 0.00569544 -0.00825689 -0.0181804 -0.00390692 0.028062 0.012605 0.0204099 0.0300012 0.0149506 -0.0142585 -0.00152848 0.00590878 -0.00304204 -0.0128223 0.0196463 0.0374145 0.0562027 -0.00910841 -0.0162372 0.00892557 -0.0219377 -0.013166 0.0162848 0.0495106 0.0307675
internal_weight=2535.91 1217.36 1065.67 1318.56 877.128 358.93 518.199 441.428 92.4113 31.5168 266.883 156.654 97.4692 899.888 92.0468 345.168 173.364 105.441 78.1574 67.9225 36.2921 26.317 165.786 113.518 29.3343 349.017 144.234 23.4115 55.2045 29.0744
internal_count=19477 7791 6398 11686 7226 2549 4677 4460 841 225 1745 990 596 4967 804 2875 1402 876 680 526 270 186 1431 1088 252 3619 1454 220 315 173
cat_boundaries=0 1
cat_threshold=89
is_linear=0
shrinkage=0.03


Tree=25
num_leaves=31
num_cat=2
split_feature=32 3 5 12 12 9 14 3 3 5 14 18 17 2 12 12 18 31 16 18 12 9 18 2 12 8 3 5 18 14
split_gain=168.039 152.343 100.28 58.5746 89.4621 52.0265 46.3309 37.4937 37.3989 106.682 38.644 30.361 27.0406 26.4254 22.9372 22.3789 20.8426 36.0987 24.5036 18.9881 24.4358 20.5204 17.8394 16.7993 16.3934 15.8559 15.1621 34.9382 17.973 17.4754
threshold=0 23.398981094360355 -0.91865202784538258 -0.41899999976158137 -0.48800000548362726 -21.851166725158688 0.49499998986721044 346.77491760253912 212.93068695068362 -0.70125329494476307 -1.0000000180025095e-35 1.0376279354095461 -0.52211499214172352 105.24815368652345 -0.18349999934434888 0.12299999967217447 0.86189997196197521 1 1.0000000180025095e-35 0.79567050933837902 0.13350000232458117 -11.732379436492918 0.91491127014160167 209.07149505615237 -0.18349999934434888 -50.403505325317376 277.53517150878912 -0.04725049436092376 1.8713452219963076 0.34499999880790716
decision_type=1 2 2 2 2 2 2 2 2 2 2 2 2 2 2 2 2 1 2 2 2 2 2 2 2 2 2 2 2 2
left_child=3 12 15 4 13 6 8 -6 -5 14 -11 -12 19 -1 22 -3 18 26 -4 -2 -21 -22 -10 -19 -8 -15 27 -18 -29 -28
right_child=1 2 16 5 7 -7 24 -9 9 10 11 -13 -14 25 -16 -17 17 23 -20 20 21 -23 -24 -25 -26 -27 29 28 -30 -31
leaf_value=0.011564276775202236 0.037236876295699578 -0.0032176048346056188 0.012256391676490026 -0.0095484178754153513 0.0076324154039936849 -0.018951990443620958 0.0076467617596662762 0.070610401978839721 -0.017486656020641003 0.011364496121015298 0.089825011880569294 0.027052809714661764 -0.02247891776167495 0.015150630877438823 -0.019801791198912195 -0.025724621983330989 0.035536889085614393 -0.0073217982037950147 0.027064167517783445 -0.019230940281781524 0.055793623101223204 -0.0011268860862474132 0.023733274875373196 0.00953503894673699 -0.029452879262172282 -0.027062418509211709 0.0056141556530954831 0.004751459195030866 0.03300575537033977 0.022491854324765737
leaf_weight=40.403274275362492 9.079447925090788 123.55491433292627 229.38346587121487 128.85514597594738 13.634744994342325 503.11282759159803 12.265954174101351 22.865334458649158 13.311327554285524 17.707542419433594 19.458890855312351 12.25734933465719 165.13830741494894 8.9678817018866521 50.756585173308849 57.871340371668339 87.133818328380585 125.02257084101439 182.66983786225319 47.504294343292713 7.2804090157151249 18.170298784971237 27.333569526672363 91.091094128787518 67.908500455319881 46.204460643231869 199.50070340931416 98.14807602763176 24.690203949809074 75.908773608505726
leaf_count=288 80 1035 1337 1202 90 4985 76 120 90 142 99 89 1614 63 503 547 397 899 1026 453 59 172 163 605 746 419 1147 527 125 385
internal_value=-0.000188657 0.0059811 0.01014 -0.00980528 0.00863562 -0.0127823 -0.00388119 0.0479156 0.00209242 0.012736 0.0477745 0.0671339 -0.0155201 -0.00670613 -0.00652243 -0.0104986 0.013509 0.0103372 0.0188705 -0.00140983 -0.00665799 0.0166495 0.0101379 -0.000196464 -0.0237527 -0.0200534 0.0147195 0.0210977 0.0106512 0.0103306
internal_weight=2527.19 1542.15 1294.97 985.043 132.076 852.968 349.855 36.5001 269.68 140.825 49.4238 31.7162 247.173 95.5756 91.4015 181.426 1113.55 701.495 412.053 82.0345 72.955 25.4507 40.6449 216.114 80.1745 55.1723 485.382 209.972 122.838 275.409
internal_count=19483 10408 8030 9075 980 8095 3110 210 2288 1086 330 188 2378 770 756 1582 6448 4085 2363 764 684 231 253 1504 822 482 2581 1049 652 1532
cat_boundaries=0 1 2
cat_threshold=6 3
is_linear=0
shrinkage=0.03


Tree=26
num_leaves=31
num_cat=1
split_feature=32 3 5 12 10 9 10 5 10 12 12 29 10 10 12 3 12 12 12 12 10 10 29 10 16 10 10 3 9 29
split_gain=158.41 130.064 80.3148 64.7176 72.724 49.6778 50.4014 44.8659 40.7045 59.4448 39.0631 30.4332 29.0929 38.8498 39.7361 37.0645 32.4358 26.6429 43.7758 26.5996 31.8736 45.9498 26.3259 26.6583 44.5787 37.7183 31.7773 56.8467 27.7641 27.4616
threshold=0 8.1995434761047381 -0.91865202784538258 -0.41899999976158137 -0.1950000002980232 -21.851166725158688 0.47500000894069677 -0.56916013360023487 0.31000000238418585 0.092000000178813948 0.14649999886751178 79.142368316650405 -0.34499999880790705 -0.1950000002980232 -0.31749999523162836 172.76625061035159 -0.81450000405311573 -0.069500001147389398 -0.18349999934434888 0.054500000551342971 -0.1950000002980232 0.1799999997019768 78.715969085693374 0.28499999642372137 0.57686099410057079 0.16000000387430194 0.42499999701976782 709.90991210937511 -78.535449981689439 76.581501007080092
decision_type=1 2 2 2 2 2 2 2 2 2 2 2 2 2 2 2 2 2 2 2 2 2 2 2 2 2 2 2 2 2
left_child=3 -2 11 4 -1 6 8 -6 9 19 -10 -3 17 15 16 -14 -15 18 -4 20 -5 -22 23 25 26 28 29 -28 -16 -25
right_child=1 2 12 5 7 -7 -8 -9 10 -11 -12 -13 13 14 22 -17 -18 -19 -20 -21 21 -23 -24 24 -26 -27 27 -29 -30 -31
leaf_value=-0.026429550580403999 -0.017125968400832418 -0.017863175888278068 -0.0038361833710287918 -0.015864896782757872 0.046511029210353036 -0.01851406262925848 -0.029637117755183306 0.0053554324113506994 0.0048074223397947058 -0.024943796201162563 0.056006943565012256 0.0082792560666432296 0.054043253249340235 0.038391937003719193 -0.0049600363963435675 0.018307843555982865 -0.0043633379825158145 -0.0044807230473752225 0.039963619790843195 0.055855286402655115 0.032497336158865721 -0.0085240804225554211 0.0069289190784728328 -0.033323652398993792 0.034284192996497764 0.044291552470491505 0.032119830815829191 -0.025511118992178023 0.025325519809423266 0.0039652364344112817
leaf_weight=34.883461929857731 188.85816147178411 120.38804744929075 43.683091901242733 49.611824616789818 41.924634397029877 495.63885377347469 55.601058974862099 54.29142751544714 36.456367626786232 80.732803098857403 20.413657680153847 59.109249159693718 39.642832897603512 16.694049477577209 35.326670467853546 78.145457535982132 162.83809196949005 154.79906135797501 37.494507908821106 8.3005850091576558 51.784344419836998 45.360147625207901 207.10979688167572 28.164463378489017 57.770987577736378 75.816454872488976 56.526756182312965 20.194431394338608 113.90087273716927 45.045608401298523
leaf_count=339 1887 1157 288 469 248 4986 617 389 298 825 106 409 216 79 191 415 1000 1066 212 71 361 354 1418 159 296 364 279 126 564 245
internal_value=0.000124141 0.00609546 0.00939295 -0.00928067 0.0101756 -0.0124215 -0.00372251 0.0235823 0.00128504 -0.00423168 0.0238359 -0.00925618 0.0122518 0.0146205 0.0122761 0.0306887 -0.00019704 0.00282253 0.0166343 0.00664314 0.0035005 0.0134513 0.0157707 0.0199765 0.0121354 0.0271277 0.00343051 0.0168172 0.0181707 -0.0106358
internal_weight=2516.51 1541.51 1352.65 974.999 131.1 843.9 348.261 96.2161 292.66 235.79 56.87 179.497 1173.15 937.176 819.388 117.788 179.532 235.977 81.1776 155.057 146.756 97.1445 639.856 432.746 207.702 225.044 149.931 76.7212 149.228 73.2101
internal_count=19434 10371 8484 9063 976 8087 3101 637 2484 2080 404 1566 6918 5352 4721 631 1079 1566 500 1255 1184 715 3642 2224 1105 1119 809 405 755 404
cat_boundaries=0 1
cat_threshold=6
is_linear=0
shrinkage=0.03


Tree=27
num_leaves=31
num_cat=1
split_feature=32 5 5 3 12 8 29 5 29 12 5 16 12 12 28 12 12 12 14 10 3 12 2 14 10 28 18 29 3 29
split_gain=149.785 82.3656 76.6612 56.0409 43.7878 42.8693 32.7755 31.1037 27.7427 25.7551 48.5803 35.5423 27.7038 23.6365 26.001 23.3267 24.4714 22.6555 21.5484 55.5663 20.5298 35.8405 23.2139 19.9667 31.3855 19.8669 19.6298 19.4139 19.1683 19.1463
threshold=0 0.33273787796497351 -0.88134551048278797 4.6439721584320077 -0.028500000014901158 -14.297502517700194 76.013408660888686 -0.90013122558593739 83.357944488525405 -0.060000000521540635 -0.13282711803913114 -0.60845366120338429 -0.17249999940395352 -0.26350000500679011 18.926905632019047 0.26000000536441809 0.11199999973177911 0.52799999713897716 0.66999998688697826 0.39499999582767492 320.57951354980474 -0.00450000021373853 254.58805084228518 0.49499998986721044 -0.044999999925494187 22.948931694030765 0.7603900432586671 76.484970092773452 765.48803710937511 77.440567016601577
decision_type=1 2 2 2 2 2 2 2 2 2 2 2 2 2 2 2 2 2 2 2 2 2 2 2 2 2 2 2 2 2
left_child=1 2 8 -2 5 9 -6 -8 28 11 -11 -5 13 26 -15 16 20 18 19 -9 21 -4 -22 24 -24 -23 -13 -28 -1 -18
right_child=3 -3 15 4 6 -7 7 17 -10 10 -12 12 -14 14 -16 -17 29 -19 -20 -21 22 25 23 -25 -26 -27 27 -29 -30 -31
leaf_value=-0.00027324723582284921 -0.024515408478551312 -0.010942776668417085 0.015805425695797751 -0.0079210280383730566 -0.024263310539890826 -0.0066983366004471374 -0.025440662211884738 -0.0012868091726085517 0.013947130674639817 0.096967755028113486 -0.0034231471984479357 -0.0039829742441859139 -0.0068660962887116235 0.012618855058402347 0.067050201930612272 0.025297254377481492 -0.0063937017432059854 -0.028642381538197891 -0.018061373300458965 0.049986894623757834 -0.00314573158159524 0.060018766126257908 0.022096718547380118 0.04106900619655373 -0.001438393360773625 0.01824877217097191 0.042475712543369654 0.0086816128848312725 -0.024193714139176006 0.016739100533591997
leaf_weight=49.59053698182106 147.67510642111301 184.25278946757317 224.41256665438414 93.45378702133894 129.98875357210636 333.37915143370628 66.955514751374722 233.03763493150473 38.726159945130348 7.3147264942526844 8.9339163750410062 34.662175931036472 39.267472825944424 14.606874048709868 17.770059838891029 144.45511457324028 99.043033540248871 27.693408235907555 52.480094812810421 19.709029041230679 91.420653961598873 28.425704531371593 113.81365844607353 22.393028274178505 91.53989052772522 17.542609743773937 27.352214708924294 34.67150029540062 76.000561602413654 46.490007810294628
leaf_count=435 1607 1685 1189 734 1396 2910 733 1999 244 47 87 225 367 98 113 717 546 275 541 138 559 125 592 110 493 89 173 230 755 278
internal_value=-1.75786e-05 0.00744581 0.0107702 -0.00713136 -0.00492489 0.00054738 -0.0112285 -0.00694127 -0.0080009 0.00922833 0.0447719 0.0068602 0.0150648 0.0217387 0.0436073 0.0142822 0.0120862 -0.0031557 -0.000757301 0.00289272 0.0148017 0.0208829 0.0096009 0.014709 0.0116494 0.0448063 0.0140443 0.0240222 -0.0148253 0.00105979
internal_weight=2517.06 1228.11 1043.85 1288.95 1141.28 611.412 529.864 399.876 164.317 278.033 16.2486 261.784 168.33 129.063 32.3769 879.536 735.081 332.92 305.227 252.747 589.548 270.381 319.167 227.747 205.354 45.9683 96.6859 62.0237 125.591 145.533
internal_count=19490 7817 6132 11673 10066 4984 5082 3686 1434 2074 134 1940 1206 839 211 4698 3981 2953 2678 2137 3157 1403 1754 1195 1085 214 628 403 1190 824
cat_boundaries=0 1
cat_threshold=89
is_linear=0
shrinkage=0.03


Tree=28
num_leaves=31
num_cat=1
split_feature=5 31 5 29 12 2 14 3 3 14 3 12 5 14 12 5 3 12 12 14 14 12 17 14 12 3 12 14 29 29
split_gain=147.122 114.278 95.6223 65.0059 44.9722 53.5639 46.8387 35.2276 33.1352 31.1104 27.5518 27.5717 26.635 37.8804 25.6397 32.4684 36.3135 25.0914 26.4269 29.748 23.9184 38.32 50.5223 22.4203 21.3101 21.2639 21.0358 37.4802 22.7433 20.6995
threshold=0.4124008715152741 0 -0.88134551048278797 76.836559295654311 -0.17249999940395352 182.83302307128909 0.20499999821186068 105.04207992553712 274.55114746093756 0.49499998986721044 659.56069946289074 0.12299999967217447 -0.8126716911792754 -0.34499999880790705 0.54000002145767223 0.081451712176203742 285.29481506347662 -0.17249999940395352 -0.37800000607967371 -0.3299999982118606 0.40500000119209295 0.40150000154972082 -0.15243946015834806 0.024999999441206459 0.26950000226497656 18.527454376220707 -0.17849999666213986 -0.030000000260770317 75.887035369873061 76.013408660888686
decision_type=2 1 2 2 2 2 2 2 2 2 2 2 2 2 2 2 2 2 2 2 2 2 2 2 2 2 2 2 2 2
left_child=1 2 10 4 5 6 12 -8 -9 -10 11 -1 13 -3 15 16 26 18 19 -18 21 29 -23 -14 25 -5 28 -28 -4 -6
right_child=-2 3 14 24 20 -7 7 8 9 -11 -12 -13 23 -15 -16 -17 17 -19 -20 -21 -22 22 -24 -25 -26 -27 27 -29 -30 -31
leaf_value=0.035800249115054437 -0.018824208606771323 0.062148540663032374 -0.011556473707198258 -0.019533569390544819 -0.025678780332309289 -0.022707817990543583 0.074622197142323141 -0.022528781043904746 0.046926258205142096 -0.0024163165514138429 -0.023004070926009541 -0.02999170909390126 -0.026001672571280429 -0.0011202929791464273 0.041027354658024866 0.00015824260446263498 0.03197500030047179 0.0049713577518169169 0.034505623449796491 -0.0094478510336121809 -0.029042312034904851 -0.025134181884122166 0.052490279670843444 0.011234499655303019 -0.0099351276837110689 0.0065252683202746487 0.011793407229882568 0.043735939474450924 0.026238682009163693 -0.0080686141624589473
leaf_weight=15.525806754827501 335.89526428282261 10.066976107656954 22.850521489977837 28.633576728403568 106.26563412696123 69.084921397268772 10.708060845732687 13.780714213848112 30.43644829839468 17.985650613903999 83.600744500756264 7.8706497550010672 50.140378654003143 36.812989205121994 32.510102823376656 124.51732255518436 25.238176271319389 221.05877025425434 67.272696129977703 37.689285963773727 100.21797572076321 12.235982686281206 16.911641247570515 19.676925607025623 94.445789322257042 592.10673280805349 50.966665968298912 98.347289487719536 35.469662085175514 139.72432090342045
leaf_count=122 3493 49 104 291 1153 666 63 94 150 119 865 79 479 246 148 808 132 1157 328 204 1154 113 104 157 766 4244 268 419 158 1336
internal_value=-0.000377719 0.00248214 0.0112079 -0.00290568 -0.00991336 -0.000282919 0.007964 0.0266538 0.0173462 0.0289207 -0.0150058 0.0133455 -0.00384041 0.0134803 0.0152974 0.0140153 0.0170968 0.0111655 0.0215642 0.00740582 -0.0165322 -0.0118868 0.0201512 -0.0154968 0.00327159 0.00529374 0.0270291 0.0329837 0.0114849 -0.0157492
internal_weight=2508.05 2172.15 822.918 1349.23 634.049 258.693 189.608 72.9109 62.2028 48.4221 106.997 23.3965 116.697 46.88 715.92 683.41 558.893 351.259 130.2 62.9275 375.356 275.138 29.1476 69.8173 715.186 620.74 207.634 149.314 58.3202 245.99
internal_count=19469 15976 4792 11184 5883 2023 1357 426 363 269 1066 201 931 295 3726 3578 2770 1821 664 336 3860 2706 217 636 5301 4535 949 687 262 2489
cat_boundaries=0 1
cat_threshold=2
is_linear=0
shrinkage=0.03


Tree=29
num_leaves=31
num_cat=2
split_feature=32 3 6 12 9 14 6 14 14 8 14 6 3 3 14 29 7 1 9 6 9 9 12 3 14 12 32 17 18 7
split_gain=143.115 102.286 77.3617 56.011 55.8977 45.3203 46.2079 50.6293 35.9245 41.5582 34.4451 33.4563 34.9521 29.8942 28.7322 27.5728 26.3953 21.6647 21.6487 21.3782 19.4904 18.0773 17.7129 16.7289 16.6336 17.9344 24.0719 15.9452 15.6897 21.9066
threshold=0 3.1872597932815556 -0.47246390581130976 -0.23350000381469724 46.998497009277351 0.18500000238418582 -0.58134955167770375 -0.030000000260770317 0.60499998927116405 -37.152238845825188 0.41499999165534979 -0.68159639835357655 190.72395324707034 63.532464981079109 0.76499998569488536 78.715969085693374 -36.538513183593743 68.178981781005874 -13.618815898895262 -0.18987156450748441 -14.682057857513426 -22.570696830749508 -0.058499999344348901 861.26611328125011 -0.27499999105930323 -0.17849999666213986 1 -0.040218671783804887 0.95011851191520702 -66.020057678222642
decision_type=1 2 2 2 2 2 2 2 2 2 2 2 2 2 2 2 2 2 2 2 2 2 2 2 2 2 1 2 2 2
left_child=3 20 13 4 5 6 -1 18 9 11 -7 12 -5 16 -12 23 -3 -17 -8 -19 22 -11 -2 -4 27 -26 -27 -18 29 -15
right_child=1 2 15 8 -6 10 7 -9 -10 21 14 -13 -14 28 -16 17 24 19 -20 -21 -22 -23 -24 -25 25 26 -28 -29 -30 -31
leaf_value=-0.016951908988112729 -0.019170777292668882 0.030094753882794766 -0.007012840578753122 -0.0054118409658918407 -0.023920743012121163 0.040334044043070137 0.050120285713937902 -0.018104624598722252 -0.029364664830650426 -0.0042801888006485682 -0.024104426096289815 -0.018631186846256479 0.031856634846710856 -0.0091127091673988501 0.02366265124982336 -0.011771821783166736 0.025563771196048017 0.029000587922007999 0.00027593339576948144 -0.010507842636181252 -0.022344066614216975 -0.019015085643368589 0.030651384858747931 -0.029276938305003185 -0.022734742261632364 0.021680254854150101 -0.010127319041937356 -0.0069097538904560269 0.01024958388008133 0.019639933565405138
leaf_weight=83.760515742003918 11.391886003315451 23.614059880375862 67.223104752600193 42.528817199170589 60.447381660342216 51.820289969444275 28.989979416131973 22.919939018785954 111.76157581806183 100.20586405694485 17.978627145290375 39.25616517663002 46.846805274486542 24.785631991922855 27.187655627727509 43.015982039272785 28.944841459393501 37.264338910579681 10.63423530757427 17.554323948919773 125.33359535038471 304.51418104022741 12.413349092006682 55.715870842337608 49.939455360174179 20.75974702835083 54.747816100716591 24.318229906260967 549.29117766022682 402.74098102748394
leaf_count=800 111 132 633 408 621 291 144 170 1267 944 120 423 339 132 166 342 207 254 79 123 1339 3246 112 592 385 131 461 206 3033 2206
internal_value=0.000252307 0.00585819 0.00841473 -0.00886449 0.00166214 0.00809028 -0.00246834 0.0168899 -0.0139528 -0.0106744 0.0238806 0.00415521 0.014259 0.0114653 0.0045385 -0.00785635 0.00096363 0.0040125 0.0370793 0.0163874 -0.0176452 -0.0153864 0.00699754 -0.0172577 -0.00303169 -0.00897914 0.000296837 0.0108833 0.0136372 0.0179556
internal_weight=2497.91 1549.05 1399.92 948.852 303.739 243.291 146.305 62.5442 645.113 533.352 96.9866 128.632 89.3756 1179.14 45.1663 220.774 202.324 97.8346 39.6242 54.8187 149.139 404.72 23.8052 122.939 178.71 125.447 75.5076 53.2631 976.818 427.527
internal_count=19417 10399 8837 9018 2391 1770 1193 393 6627 5360 577 1170 747 6893 286 1944 1522 719 223 377 1562 4190 223 1225 1390 977 592 413 5371 2338
cat_boundaries=0 1 2
cat_threshold=6 16
is_linear=0
shrinkage=0.03


Tree=30
num_leaves=31
num_cat=1
split_feature=32 4 6 3 29 12 9 28 10 10 6 3 28 9 12 17 29 4 11 14 28 10 14 10 17 29 14 12 12 4
split_gain=148.599 76.3793 63.4163 52.9088 54.1538 42.9644 37.0013 39.6509 32.5545 36.3994 40.9653 30.4148 26.2172 25.9051 28.0232 34.1197 23.9537 27.4543 27.0284 21.605 21.3066 23.9121 31.2793 29.744 31.3752 28.7537 43.5095 24.3624 20.627 36.3796
threshold=0 59.500000000000007 -0.39505837857723231 18.527454376220707 75.655178070068374 0.15049999952316287 73.376537322998061 24.994574546813968 0.72500002384185802 0.24000000208616259 -0.35488262772560114 57.177453994750984 25.763958930969242 -13.618815898895262 -0.16650000214576718 -0.35663105547428126 76.151096343994155 20.500000000000004 73.500000000000014 0.78000000119209301 22.948931694030765 -0.50999999046325672 -0.84999999403953541 0.28499999642372137 1.5491908192634585 77.177566528320327 0.90500000119209301 -0.52750000357627858 -0.29899999499320978 227.50000000000003
decision_type=1 8 2 2 2 2 2 2 2 2 2 2 2 2 2 2 2 10 2 2 2 2 2 2 2 2 2 2 2 10
left_child=1 2 20 28 -5 6 8 -8 9 16 11 -11 -4 14 -3 -16 -6 -18 -19 -13 21 22 -1 24 27 26 -25 -23 29 -2
right_child=3 13 12 4 5 -7 7 -9 -10 10 -12 19 -14 -15 15 -17 17 18 -20 -21 -22 23 -24 25 -26 -27 -28 -29 -30 -31
leaf_value=0.021904066466677228 -0.023715435390424398 -0.028685754488418463 -0.019030670594738442 -0.020410529539392083 -0.014140108620985978 -0.013922840210543021 -0.025232512571326769 0.011182783671079525 -0.021798316653629645 -0.017423137166333272 -0.015998350998204295 0.033187645419173857 0.0088523985357784347 -0.02095286841802297 0.051833597156597716 -0.0089342907268771254 0.0020754299267813688 0.065524392302649517 0.0094514724701924395 -0.0062937679948833385 0.0084254893793342389 -0.0057608149243002019 -0.026798508101600733 -0.012567368286702263 -0.019103849131074723 0.026885864576716937 0.032034113443877764 0.030087971559667866 -0.025856125210721281 0.035979776669100787
leaf_weight=22.114809095859528 23.161481104791164 13.545615591108797 85.339113965630531 162.99178286641836 69.521763868629932 198.86134903132915 80.4202935770154 39.490012377500534 37.167423605918884 13.385202080011366 25.742422498762608 116.41977364569902 46.060998432338238 102.8357273414731 15.494562916457655 16.266825817525387 269.47365876287222 11.655114896595476 20.974159076809883 13.632155843079088 479.07570806145668 18.004613816738129 23.411226518452168 73.055647127330303 12.906188622117041 50.68864781409502 25.811865262687206 247.36467044055462 164.0614126548171 13.826689101755617
leaf_count=135 242 117 897 1638 660 1959 828 282 368 129 221 747 301 1073 121 139 2197 87 172 119 2721 97 178 387 70 252 130 1197 1921 102
internal_value=2.02233e-05 0.00739665 0.0102191 -0.00718944 -0.00455914 -0.00165846 0.00185119 -0.0132466 0.00500095 0.0068796 0.0183707 0.024607 -0.0092635 -0.0126872 0.00612118 0.0213882 0.00161307 0.00527298 0.0308335 0.0290327 0.0129139 0.0174292 -0.00317835 0.0196244 0.0254145 0.00875357 -0.000718855 0.0276432 -0.0213185 -0.00104083
internal_weight=2492.76 1231.98 1083.83 1260.78 1059.74 896.743 697.882 119.91 577.972 540.804 169.18 143.437 131.4 148.143 45.307 31.7614 371.625 302.103 32.6293 130.052 952.433 473.358 45.526 427.832 278.275 149.556 98.8675 265.369 201.05 36.9882
internal_count=19487 7815 6365 11672 9407 7769 5810 1110 4700 4332 1216 995 1198 1450 377 260 3116 2456 259 866 5167 2446 313 2133 1364 769 517 1294 2265 344
cat_boundaries=0 1
cat_threshold=89
is_linear=0
shrinkage=0.03


Tree=31
num_leaves=31
num_cat=1
split_feature=32 3 3 29 5 12 5 14 10 28 16 9 10 10 14 5 12 10 29 9 10 10 3 28 10 14 29 12 9 9
split_gain=126.359 64.3502 61.1507 53.0722 51.0331 38.8458 39.6891 33.1319 33.6684 33.5968 32.8446 31.5359 29.999 31.8222 27.8618 40.6782 26.8086 25.2852 31.5975 23.8387 23.2325 31.7191 23.5789 23.0654 33.4381 31.7822 43.3559 27.0548 33.3189 21.3648
threshold=0 0.64668726921081554 18.527454376220707 75.655178070068374 -0.78753387928009022 -0.14499999582767484 -0.93404099345207203 0.40500000119209295 0.37500000000000006 24.009605407714847 1.3583245873451235 59.953744888305671 -0.34499999880790705 -0.1950000002980232 -0.73000001907348622 -0.94917574524879444 -0.37800000607967371 -0.22500000149011609 79.001594543457045 22.046154975891117 0.59999999403953563 -0.34499999880790705 621.72665405273449 25.763958930969242 1.1600000262260439 -1.0000000180025095e-35 76.581501007080092 -0.30349999666213984 -134.18791198730466 53.648344039916999
decision_type=1 2 2 2 2 2 2 2 2 2 2 2 2 2 2 2 2 2 2 2 2 2 2 2 2 2 2 2 2 2
left_child=1 -1 -2 -4 14 10 -7 8 -8 -9 11 17 19 29 15 -3 -16 18 -5 -6 21 -18 -23 24 25 26 -15 28 -27 -14
right_child=2 4 3 5 12 6 7 9 -10 -11 -12 -13 13 23 16 -17 20 -19 -20 -21 -22 22 -24 -25 -26 27 -28 -29 -30 -31
leaf_value=-0.017560940724761127 -0.021564000263264476 -0.021217308826662638 -0.01925567162396714 -0.01934658146415786 -0.0062545537699671 -0.026098776691701749 -0.00029186236584641115 -0.029997517351456178 0.04223623678448632 0.0063817979828082304 0.04298061199370716 -0.013126019284713195 0.046550885497427912 0.023963068119583937 -0.02933479832957845 0.051594007778284524 -0.022758878246767516 0.012993797193647216 0.034223447332858058 0.016973135470164179 -0.027763074787756751 0.03429960915546372 0.002790398231249768 0.0019154515287522066 -0.029146622642576257 0.048492336207047106 -0.016686185862834733 0.024964698594932184 -0.0063567162866221124 0.017136952363171552
leaf_weight=87.216791458427906 201.12233032286167 10.262104451656343 162.76313615590334 48.335413999855518 119.2662865370512 75.504506841301918 310.9242058172822 65.982969135046005 16.707210630178452 34.212841160595417 19.90489012748003 73.843302801251411 44.179679147899151 41.886035837233067 36.83774933218956 17.634549982845783 34.315521940588951 239.51636884361506 11.440833754837511 58.41843144595623 25.477596677839756 25.938004568219185 104.53151017427444 137.96978026628494 13.545061357319353 11.174254834651945 51.560011640191078 302.84013071656227 54.125270180404186 47.419772699475288
leaf_count=928 2305 92 1651 440 818 878 2746 772 113 307 134 677 212 225 299 116 288 1602 85 323 211 179 841 867 90 48 275 1441 307 213
internal_value=0.00025205 0.00708183 -0.00639031 -0.00355159 0.00904746 -0.000681769 -0.00619519 -0.00262986 0.00199873 -0.0176351 0.00637657 0.00431427 0.0124604 0.0152346 -0.00276521 0.0250022 -0.00627077 0.00864662 -0.00869918 0.0014344 -0.0016752 0.00250141 0.00926784 0.012731 0.0158611 0.0172419 0.00159514 0.0211985 0.00361907 0.0316732
internal_weight=2484.86 1224.6 1260.26 1059.14 1137.38 896.373 503.332 427.827 327.631 100.196 393.041 373.136 882.385 704.7 254.997 27.8967 227.1 299.293 59.7762 177.685 190.263 164.785 130.47 613.101 475.131 461.586 93.446 368.14 65.2995 91.5995
internal_count=19483 7773 11710 9405 6845 7754 4816 3938 2859 1079 2938 2804 4819 3678 2026 208 1818 2127 525 1141 1519 1308 1020 3253 2386 2296 500 1796 355 425
cat_boundaries=0 1
cat_threshold=89
is_linear=0
shrinkage=0.03


Tree=32
num_leaves=31
num_cat=1
split_feature=32 3 3 29 10 12 12 10 10 10 9 28 12 3 3 10 28 12 12 29 2 2 14 17 10 29 10 9 12 29
split_gain=122.908 64.8258 51.6198 50.9905 34.4312 30.7656 35.9464 29.4908 32.5912 25.9406 27.6423 28.5467 25.9307 40.509 29.527 29.3482 28.4803 33.877 29.1242 26.8969 38.3708 24.5826 24.351 30.1806 24.2794 62.1762 23.7221 22.799 22.6226 22.1394
threshold=0 0.64668726921081554 18.527454376220707 76.013408660888686 1.1600000262260439 0.15450000017881396 0.14649999886751178 -0.1950000002980232 -0.18500000238418576 0.72500002384185802 75.03122711181642 24.994574546813968 0.54000002145767223 985.18731689453136 621.72665405273449 -0.34499999880790705 25.763958930969242 0.47249999642372137 -0.50149999558925618 86.164299011230483 382.30290222167974 29.897008895874027 1.0249999761581423 1.660228490829468 0.28499999642372137 77.084831237792983 -0.79500001668930043 27.206697463989261 -0.46099999547004694 76.581501007080092
decision_type=1 2 2 2 2 2 2 2 2 2 2 2 2 2 2 2 2 2 2 2 2 2 2 2 2 2 2 2 2 2
left_child=1 -1 -2 7 12 6 9 -4 -9 10 26 -12 14 -14 15 21 17 22 -18 20 -16 -3 23 24 29 -26 -5 -27 -10 -17
right_child=2 4 3 5 -6 -7 -8 8 28 -11 11 -13 13 -15 19 16 18 -19 -20 -21 -22 -23 -24 -25 25 27 -28 -29 -30 -31
leaf_value=-0.017921802982922098 -0.020651119968772082 -0.022437420153653482 -0.031501193813825587 -0.02250715609909569 -0.021296775605456203 -0.011431045936202045 0.0548733607591795 0.042886470165367577 0.014993632393299879 -0.022668584543136899 -0.022861062141804004 0.010198806978736848 0.048239554705662699 -0.0089698687642534494 -0.013035498285038388 0.032995926185772809 0.040994480853437092 -0.027763054465791571 -0.0025209385867160016 0.020544423587651687 0.01156331887793363 0.0061997062446721082 0.04471049647450237 -0.023540617269779341 -0.0073250034074330336 0.040599064956935361 0.0081686190737623038 -0.0041012768396522939 -0.016133674657351355 0.015457063532835056
leaf_weight=87.705658711493015 197.34853107482195 32.691292978823185 72.80853596329689 22.957543224096298 32.51584330201149 168.21194267272949 10.801058530807493 9.3347658663988096 23.482759229838848 35.095270469784737 62.841727137565613 36.469136364758015 34.556809924542904 15.817182153463362 149.64332032203674 135.59442538768053 14.638214334845541 13.205912344157694 119.78448384255171 48.509572818875313 90.93837658315897 134.4032164812088 31.565324150025845 14.692280210554598 85.747836239635944 50.271759629249573 444.46247198432684 12.625038534402846 154.96181174367666 129.43534748256207
leaf_count=947 2304 290 854 232 250 1642 59 69 164 352 650 259 167 115 1203 689 72 79 773 275 513 837 137 77 465 242 3455 65 1567 638
internal_value=7.81701e-05 0.0067477 -0.00656901 -0.00394625 0.00870743 -0.000105759 0.00301744 -0.0154097 -0.00903664 0.00199729 0.00356198 -0.0107401 0.00960142 0.0304511 0.0085864 0.0116364 0.0146941 0.0181502 0.00248548 0.000401762 -0.00372792 0.00049683 0.0195259 0.0175702 0.0190836 0.00929053 0.00661713 0.0317028 -0.0119767 0.0245206
internal_weight=2473.12 1234.34 1238.78 1041.43 1146.64 780.839 612.627 260.588 187.779 601.826 566.731 99.3109 1114.12 50.374 1063.75 774.655 607.561 473.138 134.423 289.091 240.582 167.095 459.932 428.367 413.674 148.645 467.42 62.8968 178.445 265.03
internal_count=19441 7834 11607 9303 6887 6649 5007 2654 1800 4948 4596 909 6637 282 6355 4364 3237 2392 845 1991 1716 1127 2313 2176 2099 772 3687 307 1731 1327
cat_boundaries=0 1
cat_threshold=89
is_linear=0
shrinkage=0.03


Tree=33
num_leaves=31
num_cat=1
split_feature=28 5 5 14 9 10 10 2 10 28 29 14 14 5 4 14 12 10 10 12 32 9 10 29 9 29 12 10 5 7
split_gain=121.99 86.0981 48.6754 35.7325 42.4454 35.5599 33.2981 31.6972 31.4449 38.8531 30.8797 36.845 27.3488 35.1633 26.7704 26.4103 23.2146 22.5877 30.8409 25.6706 22.0049 20.8121 21.29 35.79 24.8384 20.3149 19.8074 19.321 23.8921 19.1362
threshold=19.008403778076175 0.56202840805053722 -0.91865202784538258 0.40500000119209295 -22.570696830749508 0.56499999761581432 -0.34499999880790705 28.774245262146 -0.1950000002980232 23.15529823303223 76.836559295654311 0.35999999940395361 -0.070000002160668359 1.0000000180025095e-35 245.50000000000003 0.014999999664723875 -0.069500001147389398 0.24000000208616259 0.34499999880790716 0.092000000178813948 0 16.142851829528812 0.27500000596046453 76.151096343994155 -114.13779067993163 76.581501007080092 -0.18349999934434888 -0.82499998807907093 -0.60434082150459278 -29.773410797119137
decision_type=2 2 2 2 2 2 2 2 2 2 2 2 2 2 10 2 2 2 2 2 1 2 2 2 2 2 2 2 2 2
left_child=3 2 20 4 10 29 7 -4 -8 12 11 17 25 21 -5 -12 26 19 -19 -1 -2 22 24 -24 -14 -10 -9 -18 -29 -6
right_child=1 -3 6 14 5 -7 8 16 9 -11 15 -13 13 -15 -16 -17 27 18 -20 -21 -22 -23 23 -25 -26 -27 -28 28 -30 -31
leaf_value=-0.0025547796037203919 0.0062188421585572459 -0.020392147195884638 -0.022885877269376954 -0.024657925459302257 0.0082803020063563389 0.030917618425962464 0.023549909564294084 0.00059542861140173984 0.010234792092379208 0.0014397751094712662 0.04621786295426631 0.042341565767453071 0.0090985372716139799 0.0016645865123263443 0.035549491459137432 -0.0013639494695349887 0.013137259616687009 0.040243609904782915 -0.016969746035142182 -0.031902784156892419 -0.014021793774503747 0.011241712449103023 -0.00083206429085069897 0.032341787797921476 0.042907654867424476 -0.018390838868247616 0.03051839307022056 -0.026576187989490529 0.0013005004713726861 -0.017637168172564745
leaf_weight=79.152857877314091 66.773132659494877 120.40802615135908 49.768632724881172 169.49083732813597 27.462712869048119 14.696627601981161 136.12755136191845 37.749853447079659 51.915889278054237 434.12418776750565 24.224269337952137 14.305988296866415 25.845778584480286 114.66886282712221 6.0651980489492408 17.887972496449947 44.58669738471508 18.269409477710724 14.36656081676483 39.726863533258438 138.76652209460735 135.17056642472744 54.579994104802608 61.994612745940685 88.359532184898853 37.592621922492981 41.224066644906998 45.385349951684475 68.363171309232712 298.59931804984808
leaf_count=664 503 1338 500 1827 249 104 787 240 327 2990 181 97 133 848 45 134 312 92 101 441 1392 724 303 307 445 218 233 337 451 3208
internal_value=-0.0002915 0.00398688 0.00579583 -0.0106407 -0.00684809 -0.0133518 0.00776132 -0.00136719 0.0100585 0.00820811 0.00382303 -0.00204584 0.0133503 0.0161806 -0.0223883 0.0264438 0.00322283 -0.006487 0.0153022 -0.0125465 -0.00782579 0.0207122 0.0261868 0.0169349 0.0354017 -0.00185803 0.0164014 -0.00341202 -0.00995689 -0.0154356
internal_weight=2477.65 1753.41 1633 724.249 548.693 340.759 1427.46 287.078 1140.38 1004.25 207.934 165.822 570.128 480.619 175.556 42.1122 237.309 151.516 32.636 118.88 205.54 365.95 230.78 116.575 114.205 89.5085 78.9739 158.335 113.749 326.062
internal_count=19531 12388 11050 7143 5271 3561 9155 2073 7082 6295 1710 1395 3305 2760 1872 315 1573 1298 193 1105 1895 1912 1188 610 578 545 473 1100 788 3457
cat_boundaries=0 1
cat_threshold=69
is_linear=0
shrinkage=0.03


Tree=34
num_leaves=31
num_cat=1
split_feature=32 2 5 12 12 10 10 12 5 2 6 12 28 10 12 4 8 10 10 28 14 14 14 12 14 12 8 10 2 4
split_gain=117.186 89.7027 56.9274 43.6653 62.7203 38.4535 47.1022 42.3516 37.7436 36.748 33.8777 33.1173 30.9032 32.4726 30.4211 30.3142 29.2118 27.5834 95.1256 27.4452 26.8512 25.5296 30.7399 30.9407 25.8603 24.5103 27.5072 20.8659 26.4268 20.3034
threshold=0 25.409214973449711 -0.91865202784538258 -0.41899999976158137 -0.48800000548362726 0.45499999821186071 0.31000000238418585 0.092000000178813948 -0.30041381716728205 224.42637634277347 -0.58134955167770375 0.06749999895691873 25.346193313598636 1.1600000262260439 0.26000000536441809 241.50000000000003 -9.0146918296813947 -0.1950000002980232 -0.18500000238418576 25.503168106079105 -0.070000002160668359 -1.0000000180025095e-35 -0.20499999821186063 -0.14499999582767484 0.089999999850988402 -0.33699999749660486 -62.331821441650384 -0.67500001192092884 209.07149505615237 226.50000000000003
decision_type=1 2 2 2 2 2 2 2 2 2 2 2 2 2 2 10 2 2 2 2 2 2 2 2 2 2 2 2 2 8
left_child=3 14 19 4 15 6 7 9 10 11 -8 17 13 21 -2 -1 -16 -5 -19 -3 -10 22 23 -4 -23 26 -26 -14 -29 -20
right_child=1 2 12 5 -6 -7 8 -9 20 -11 -12 -13 27 -15 16 -17 -18 18 29 -21 -22 24 -24 -25 25 -27 -28 28 -30 -31
leaf_value=-0.010470834675872981 -0.016430373255281999 -0.018145774630653408 0.02589538259131504 -0.014340875640320116 0.041363148702639581 -0.027369220896765224 0.038982354922554176 -0.022456110189883294 0.023622903956823 -0.026793909438512897 -0.022111317297460135 0.057146177416713975 0.024311878056884235 -0.027792822860251358 0.05751670545165976 0.050078163685524035 -0.0032954142792477265 0.098668549566456848 -0.002750900398570942 0.0062228722680288109 -0.026247903075625394 0.040019113985102522 -0.0088530272302270365 0.0048221891326686956 0.032874475932478248 0.020314441328947865 -0.013649523239457981 -0.0068080886892178845 0.009613610102031862 0.047007957851706014
leaf_weight=84.977369032800198 199.68113605678082 99.108150728046894 105.16331848502159 117.08571016043425 35.017605476081371 111.47723780572414 43.145448870956898 206.56718814373016 13.603343240916727 60.150138445198536 9.3339183703064901 7.4749999791383734 38.533796094357967 15.461757533252237 8.9495476335287076 7.1559135615825644 24.56021848320961 8.1197269260883314 173.09126947075129 70.482218623161316 28.384286932647228 49.988217078149319 70.187669992446899 154.62233991920948 14.636256158351896 311.41689956188202 41.60383602976799 177.34969435632229 173.50358341634274 6.7071260511875144
leaf_count=727 2089 1046 526 1267 189 1385 239 2370 109 630 96 62 232 106 71 42 251 58 1467 506 318 232 404 905 64 1503 230 1224 1050 62
internal_value=9.52564e-05 0.00509179 0.008151 -0.0083829 0.00778754 -0.0111149 -0.00838852 -0.0115918 0.0111672 -0.00552519 0.027906 -0.00135869 0.0105386 0.0140449 -0.0119955 -0.00528084 0.0141419 -0.00297458 0.00414581 -0.00804099 -0.00991687 0.0149461 0.00866944 0.0134194 0.0198727 0.0170323 -0.00117904 0.00364902 0.00131699 -0.000644981
internal_weight=2467.54 1555.25 1322.06 912.291 127.151 785.14 673.663 579.196 94.467 372.629 52.4794 312.479 1152.47 763.08 233.191 92.1333 33.5098 305.004 187.918 169.59 41.9876 747.619 329.973 259.786 417.645 367.657 56.2401 389.387 350.853 179.798
internal_count=19460 10439 8028 9021 958 8063 6678 5916 762 3546 335 2916 6476 3970 2411 769 322 2854 1587 1552 427 3864 1835 1431 2029 1797 294 2506 2274 1529
cat_boundaries=0 1
cat_threshold=6
is_linear=0
shrinkage=0.03


Tree=35
num_leaves=31
num_cat=1
split_feature=32 6 29 2 12 10 12 9 28 12 14 10 2 9 14 10 6 12 28 10 14 17 10 16 2 17 14 10 2 29
split_gain=104.69 45.5914 42.4546 39.9593 34.1086 33.1307 32.1279 32.8302 34.5948 27.8076 25.7572 25.8658 25.7248 25.3129 25.2585 25.5448 34.709 25.0202 24.3725 23.3436 23.2187 22.9035 22.9962 21.7924 21.4155 25.3717 20.7032 21.9805 21.7891 18.9988
threshold=0 -0.82436862587928761 75.655178070068374 43.447582244873054 -0.46099999547004694 0.7150000035762788 0.1670000031590462 73.376537322998061 24.994574546813968 0.54500001668930065 -0.56999999284744252 0.72500002384185802 281.07028198242193 -7.7433714866638175 0.80000001192092907 0.24000000208616259 -0.31473593413829798 -0.36599999666213984 18.43215370178223 0.31000000238418585 -0.52499997615814198 0.11878761649131776 0.24000000208616259 -0.27698498964309687 82.761775970458999 -0.11964228376746176 -1.0099999904632566 0.49500000476837164 194.46482086181643 75.805187225341811
decision_type=1 2 2 2 2 2 2 2 2 2 2 2 2 2 2 2 2 2 2 2 2 2 2 2 2 2 2 2 2 2
left_child=1 24 -2 4 13 9 7 10 -9 12 -5 14 26 -4 15 20 18 -14 -17 -8 -12 -19 -23 -10 25 29 28 -28 -3 -1
right_child=2 5 3 6 -6 -7 19 8 23 -11 11 -13 17 -15 -16 16 -18 21 -20 -21 -22 22 -24 -25 -26 -27 27 -29 -30 -31
leaf_value=-0.01159933799661679 -0.019601036564945541 0.05506924463766822 0.047929628612232628 -0.011780080894377581 -0.018016211599508735 -0.021870090935759822 -0.021959600445986639 -0.023777650906444368 -0.011346479611863733 0.027223871660873429 0.036956016390045657 -0.021275784226708363 -0.014329739997216826 -0.019721910012913711 -0.031428999671927381 0.0010647533036907905 -0.016800295109550809 0.0051917896556121172 0.032788307597815008 0.00095842961411140301 0.0030835043736865972 0.045066995343460974 0.0039579168006672787 0.031492142465015631 0.014784001881569512 -0.0096882619218125639 -0.010601883610462173 0.027350686877818525 -0.005264056074620254 0.016673314771715408
leaf_weight=25.677628636360168 180.23159009963274 8.9143311157822627 12.072444729506971 67.279872968792915 219.64458686113358 56.674850441515446 96.174746051430702 76.682567566633224 20.691821366548538 35.884837336838245 18.60859340429306 24.835129901766777 33.182951167225838 7.3217014521360388 12.140664435923098 27.575267493724823 18.651445589959621 93.007873177528381 104.24821872264147 67.846423491835594 260.16024654358625 32.502832159399986 19.629998192191124 20.279530070722103 480.90984069555998 81.895359337329865 227.70532746613026 13.666050449013708 11.453538142144678 111.12829315662384
leaf_count=176 1954 64 85 624 2579 459 1031 842 147 215 111 258 228 67 122 185 162 580 659 641 2148 167 104 144 2357 596 1889 109 81 756
internal_value=1.17403e-05 0.00617015 -0.00613594 -0.00387566 -0.0146341 -0.000394676 -0.000706838 0.00228632 -0.0119937 0.00220306 0.00545207 0.00795872 0.000105649 0.022675 0.00964802 0.0108802 0.0208034 0.00886531 0.0262102 -0.0125313 0.0054686 0.0142301 0.0299537 0.0101024 0.0112495 0.00344557 -0.00587336 -0.00834909 0.0224832 0.011321
internal_weight=2466.68 1232.23 1234.44 1054.21 239.039 532.623 815.175 651.153 117.654 475.948 533.499 466.22 440.063 19.3941 441.384 429.244 150.475 178.324 131.823 164.021 278.769 145.141 52.1328 40.9714 699.611 218.701 261.739 241.371 20.3679 136.806
internal_count=19540 7781 11759 9805 2731 3896 7074 5402 1133 3437 4269 3645 3222 152 3387 3265 1006 1079 844 1672 2259 851 271 291 3885 1528 2143 1998 145 932
cat_boundaries=0 1
cat_threshold=89
is_linear=0
shrinkage=0.03


Tree=36
num_leaves=31
num_cat=1
split_feature=32 5 5 5 29 12 12 9 12 10 10 12 4 28 10 12 8 29 12 16 12 28 29 28 5 10 12 4 12 18
split_gain=103.215 53.4234 48.1599 42.1551 41.5998 34.3187 28.8936 24.3368 24.7887 33.5599 34.2297 35.1871 57.6904 29.8094 26.8761 26.6324 25.4098 26.054 34.0038 36.8833 23.9919 22.7742 21.0419 20.4069 20.232 20.0902 28.7773 34.3363 19.7587 19.7045
threshold=0 0.33273787796497351 -0.83753159642219532 0.59747540950775158 75.655178070068374 0.15049999952316287 0.14649999886751178 99.756767272949233 -0.028500000014901158 -0.22500000149011609 -0.17000000178813932 -0.16650000214576718 227.50000000000003 24.009605407714847 0.19500000029802325 -0.18349999934434888 -72.522434234619126 76.49637603759767 -0.19300000369548795 1.0861150026321413 0.55149999260902416 24.994574546813968 76.73075103759767 25.763958930969242 -0.04725049436092376 0.24000000208616259 0.27899999916553503 61.500000000000007 -0.29899999499320978 0.37255923449993139
decision_type=1 2 2 2 2 2 2 2 2 2 2 2 10 2 2 2 2 2 2 2 2 2 2 2 2 2 2 8 2 2
left_child=1 2 23 4 28 6 7 8 9 15 13 12 16 -11 22 -6 -12 18 19 -18 -4 -9 -10 -1 -19 26 27 -3 -2 -24
right_child=3 25 20 -5 5 -7 -8 21 14 10 11 -13 -14 -15 -16 -17 17 24 -20 -21 -22 -23 29 -25 -26 -27 -28 -29 -30 -31
leaf_value=-0.011159686653819553 -0.0027950711618549991 0.017097135093458626 0.011404100492785143 -0.025396910361497216 -0.021454765039550967 -0.012913211211040687 0.043676999044935272 -0.027432432704696377 -0.013276759950383894 0.059668464795572529 0.041805221816211172 -0.010368618068031929 0.079475824817357918 0.0020823386567345829 -0.026483728787015392 0.010528425184160714 0.0023479043062359533 0.0035213236453776682 0.060554860858548144 0.059122357652600106 0.048819682812776703 0.0059553540255195513 0.045834418090923153 0.0090047306046152596 -0.026013388636305607 -0.021736567414957716 0.041841267403680868 -0.019858917481090057 -0.025288725757229062 0.0035078766319994862
leaf_weight=130.87612794339657 51.47751522809267 34.766138829290867 840.69069251418114 91.164881259202957 62.841245830059052 200.92019808292389 13.010269023478029 50.258138217031956 65.062994353473186 20.739024288952351 18.904850713908672 80.650521300733089 10.002628110349177 13.004227004945276 46.913181357085705 36.250284537672997 69.73200086504221 117.51587995886803 13.734500303864477 11.101984389126299 14.820704013109205 28.193666391074657 10.511767633259295 67.804066516458988 24.342047840356827 66.399503037333488 11.591573499143122 60.811382994055748 111.65540391951799 72.191703170537949
leaf_count=1278 425 247 4295 1163 629 2121 70 566 690 142 107 838 68 90 548 348 489 759 99 61 63 202 85 426 227 656 104 673 1338 616
internal_value=0.000318384 0.00642962 0.00902107 -0.00583591 -0.00428698 -0.00191209 0.000990489 0.000194899 0.00204452 0.00571187 0.00976598 0.00689334 0.0121595 0.0381742 -0.00695851 -0.00976618 0.00922261 0.00645217 0.0185607 0.0107727 0.0121085 -0.0155097 -0.000623258 -0.00426749 -0.00169329 -0.00890306 -0.000824277 -0.00637839 -0.018251 0.00937097
internal_weight=2447.94 1227.76 1054.19 1220.18 1129.01 965.881 764.961 751.951 673.499 478.819 379.728 345.984 265.334 33.7433 194.68 99.0915 255.331 236.426 94.5685 80.834 855.511 78.4518 147.766 198.68 141.858 173.569 107.169 95.5775 163.133 82.7035
internal_count=19423 7742 6062 11681 10518 8755 6634 6564 5796 3857 2880 2648 1810 232 1939 977 1742 1635 649 550 4358 768 1391 1704 986 1680 1024 920 1763 701
cat_boundaries=0 1
cat_threshold=89
is_linear=0
shrinkage=0.03


Tree=37
num_leaves=31
num_cat=1
split_feature=32 3 29 10 3 10 10 10 10 12 10 12 17 9 28 12 12 3 12 9 14 14 3 0 0 3 14 18 14 12
split_gain=94.1757 48.5331 44.7896 42.4842 34.4446 34.1044 32.5078 32.4641 32.9175 29.6541 27.4685 26.918 25.6638 24.5681 38.8272 22.0269 22.0198 33.1966 20.5567 20.7198 23.7544 23.7851 19.4716 19.4191 19.2058 19.7572 21.9787 18.1863 25.2501 20.044
threshold=0 19.849283218383793 76.013408660888686 1.1600000262260439 0.64668726921081554 1.0349999666213991 0.72500002384185802 -0.1950000002980232 -0.18500000238418576 0.15049999952316287 0.31000000238418585 0.13650000095367434 -0.63888818025588978 58.37903022766114 24.994574546813968 -1.0000000180025095e-35 0.54000002145767223 1073.6838989257815 -0.17249999940395352 39.059240341186531 0.20499999821186068 0.41499999165534979 378.79510498046881 33.880533218383796 37.904369354248054 332.30853271484381 0.43500000238418585 1.2023348212242129 0.12999999895691874 0.23300000280141833
decision_type=1 2 2 2 2 2 2 2 2 2 2 2 2 2 2 2 2 2 2 2 2 2 2 2 2 2 2 2 2 2
left_child=3 -2 7 4 -1 16 9 -3 -9 11 -11 13 -12 15 -15 -4 24 -18 19 20 -10 -22 -14 -13 -6 -26 27 28 29 -27
right_child=1 2 6 -5 5 -7 -8 8 18 10 12 23 22 14 -16 -17 17 -19 -20 -21 21 -23 -24 -25 25 26 -28 -29 -30 -31
leaf_value=-0.012962543038350137 -0.020057846506555427 -0.032004619334696741 0.010255218049586899 -0.024529400247715751 0.0014527121831339014 0.032758406169449507 -0.020936817496981067 0.045485565113831283 -0.0098305706607467788 -0.018984079201981467 -0.030950659074919794 0.060265757002991666 0.042240234402598872 -0.022339722809177846 0.012860133069958335 -0.0056310962646315124 0.038543192761709567 -0.01722781199414682 -0.020132414079427761 -0.025692917150630868 0.054102637443805668 0.0013832924461681087 -0.0090273002466213208 0.0083890576383725927 0.01734610365482999 0.018041050805833667 0.022018620021202355 -0.0079892734164781366 -0.0083797168215038586 -0.022432470256850589
leaf_weight=74.140864834189415 188.06461170315742 68.44215089827776 338.93774305284023 39.502227865159512 468.12539913505316 47.128863990306854 60.315960228443146 8.9014989063143712 28.752354666590691 98.67452759295702 8.9600141122937185 12.124522909522058 18.528828307986263 72.148350670933723 45.065359100699425 101.44685210287571 40.291692443192005 11.875368505716322 94.573320008814335 19.13611888885498 14.464304849505426 15.451857917010782 9.6619194969534856 13.604786828160284 195.96106067299843 126.25040569901466 59.496466405689716 102.9625326693058 61.648080006241798 11.210829794406889
leaf_count=836 2335 865 2472 347 3078 219 685 62 219 1049 85 82 120 797 310 931 197 89 1133 218 70 107 88 101 968 679 297 647 366 100
internal_value=-0.000137707 -0.00603576 -0.0035151 0.00566194 0.00672334 0.00803111 3.25635e-05 -0.0145446 -0.0078131 0.00181791 -0.0107571 0.00475935 0.011019 0.00334326 -0.00881207 0.00659119 0.00692052 0.0257622 -0.0108119 0.00062914 0.00950141 0.0277983 0.0249618 0.0341752 0.00593804 0.00969476 0.00551152 0.00219834 0.00748011 0.014602
internal_weight=2455.85 1217.26 1029.19 1238.59 1199.09 1124.95 779.469 249.722 181.279 719.153 135.825 583.328 37.1508 557.598 117.214 440.385 1077.82 52.1671 172.378 77.8046 58.6685 29.9162 28.1907 25.7293 1025.65 557.529 361.568 302.072 199.109 137.461
internal_count=19552 11729 9394 7823 7476 6640 6720 2674 1809 6035 1342 4693 293 4510 1107 3403 6421 286 1747 614 396 177 208 183 6135 3057 2089 1792 1145 779
cat_boundaries=0 1
cat_threshold=89
is_linear=0
shrinkage=0.03


Tree=38
num_leaves=31
num_cat=1
split_feature=5 32 5 9 12 10 29 10 10 28 10 10 12 8 12 29 29 16 17 5 18 1 7 5 12 10 29 5 10 10
split_gain=83.7987 74.8768 50.9244 48.2239 49.6745 84.583 35.6922 30.9901 50.7955 28.9639 36.9498 30.7988 25.1129 24.3664 22.6564 22.071 21.0128 18.2641 22.4971 21.6783 19.2969 18.2206 18.0894 30.9136 17.5112 29.5561 31.8333 17.0983 18.4891 30.4656
threshold=0.52643132209777843 0 -0.91865202784538258 59.953744888305671 -0.17249999940395352 -0.1950000002980232 76.151096343994155 -0.49500000476837153 -0.79500001668930043 25.346193313598636 1.1600000262260439 -0.39499999582767481 0.54000002145767223 16.186030387878422 0.50899998843669902 83.357944488525405 75.655178070068374 0.6894190013408662 -0.46965999901294703 -0.91865202784538258 0.71188476681709301 134.03785705566409 -34.258789062499993 -0.60434082150459278 0.11199999973177911 -0.73500001430511464 77.084831237792983 -0.8126716911792754 -0.17000000178813932 0.42499999701976782
decision_type=2 1 2 2 2 2 2 2 2 2 2 2 2 2 2 2 2 2 2 2 2 2 2 2 2 2 2 2 2 2
left_child=1 3 15 4 5 -1 -6 8 -8 10 11 24 14 -11 27 -3 -7 18 -18 -20 -21 -14 23 -9 25 26 -4 -13 -29 -30
right_child=-2 2 9 -5 6 16 7 22 -10 13 -12 12 21 -15 -16 -17 17 -19 19 20 -22 -23 -24 -25 -26 -27 -28 28 29 -31
leaf_value=-0.024413845165284061 -0.018183116983687627 -0.015070523840482743 -0.004572856446097894 -0.022676310590741225 -0.020619903896242929 -0.0024014518841985843 -0.017006202890980936 -0.019723067679677797 0.049573168481632443 -0.0039938359695666312 -0.029871491949738007 -0.0012888109617257399 0.067717348660469731 0.011297814059858701 -0.020583652649927623 0.012012592470452934 0.02883346236258473 0.042706839843450264 -0.024858735129711287 0.029756472253200963 -0.0027075639500697009 0.021377038677069284 -0.011170380494192448 0.037928116398121214 -0.023208140882070457 -0.0083574659339416997 0.055897930021912776 0.023903038969665096 0.0063249196561441347 0.02328896147920988
leaf_weight=59.985234454274178 215.94412780553102 138.33099611103535 14.519640967249872 129.85482423007488 157.74580323696136 46.300470538437366 17.310975834727287 13.959148123860357 23.145135089755058 279.70090854912996 18.745161421597004 62.16571207344532 11.852586805820463 139.84993648529053 17.008598707616329 32.817007087171078 65.561629720032215 26.893709547817707 16.201734475791454 30.860160790383816 33.817875780165195 22.575347378849983 165.217429459095 18.268157631158829 27.078548550605774 59.564380772411823 15.6681737229228 161.11371544748545 289.6975065022707 141.82852777838707
leaf_count=628 2609 1391 93 1517 1919 323 186 154 197 1953 147 431 61 848 100 203 423 153 126 176 227 106 1751 133 221 394 92 779 1538 692
internal_value=-0.000380768 0.00134461 0.00543948 -0.00593279 -0.00277195 0.00689237 -0.0096023 -0.00224108 0.0213612 0.00756161 0.0107678 0.0117285 0.014086 0.00111811 0.0127641 -0.00983782 0.0155144 0.0202863 0.0159071 0.00520472 0.0129994 0.0387918 -0.00716042 0.0131147 -0.00252114 0.00390715 0.0275988 0.0136604 0.0152281 0.0119414
internal_weight=2453.58 2237.64 1432.52 805.122 675.267 279.621 395.647 237.901 40.4561 1261.37 841.818 823.073 706.242 419.551 671.814 171.148 219.636 173.335 146.441 80.8798 64.678 34.4279 197.445 32.2273 116.831 89.7522 30.1878 654.805 592.64 431.526
internal_count=19571 16962 9049 7913 6396 2056 4340 2421 383 7455 4654 4507 3707 2801 3540 1594 1428 1105 952 529 403 167 2038 287 800 579 185 3440 3009 2230
cat_boundaries=0 1
cat_threshold=6
is_linear=0
shrinkage=0.03


Tree=39
num_leaves=31
num_cat=1
split_feature=5 28 12 10 5 14 10 12 29 9 10 10 17 32 10 2 28 2 12 2 10 12 3 10 7 12 14 29 14 10
split_gain=100.171 69.8936 48.6748 57.9652 44.6146 34.3537 41.4523 38.3084 37.5771 30.457 21.9279 27.6579 21.7424 21.4459 20.369 32.4331 28.9106 22.1543 20.5574 20.3125 20.0655 19.4122 19.9837 29.998 31.6525 32.0114 25.6033 22.8326 21.027 19.7871
threshold=0.48901963233947759 19.008403778076175 -0.2145000025629997 -0.21000000089406964 -0.91865202784538258 0.40500000119209295 0.2650000005960465 0.14649999886751178 76.836559295654311 46.998497009277351 -0.49500000476837153 -0.73500001430511464 -0.15243946015834806 0 -0.34499999880790705 413.62651062011724 25.346193313598636 186.20759582519534 0.12900000065565112 29.897008895874027 1.1600000262260439 0.55149999260902416 281.44459533691412 0.080000001937150969 -40.119729995727532 -0.33699999749660486 -1.0000000180025095e-35 77.084831237792983 0.024999999441206459 0.1799999997019768
decision_type=2 2 2 2 2 2 2 2 2 2 2 2 2 1 2 2 2 2 2 2 2 2 2 2 2 2 2 2 2 2
left_child=1 2 3 -1 13 6 8 -8 -4 -5 11 -10 -9 -3 15 19 20 -18 -19 -6 21 22 23 -16 -25 -26 27 -24 -28 -27
right_child=-2 4 5 9 14 -7 7 12 10 -11 -12 -13 -14 -15 16 -17 17 18 -20 -21 -22 -23 26 24 25 29 28 -29 -30 -31
leaf_value=-0.032268168712948415 -0.018525811332272851 0.0061502841613748716 -0.019086614400045426 0.017075696892751482 -0.022271980834805367 -0.026792342135481543 -0.010132385237916234 0.012624849521150661 -0.0026197084723961301 -0.015254424748277064 -0.0032786414682488886 0.075368013810032178 0.062949994037101636 -0.014227086399086953 0.029337239320713235 0.032760360023094445 -0.006506207888322727 0.002284183642695697 0.024987571386199788 0.00068790081652764614 -0.016440019598043781 0.043431908135150299 0.0090363895532500731 0.033941517662444007 -0.017390022612697037 0.038914927546195265 0.043251359968388164 -0.015064784614319092 0.010745790584650647 0.0078669701977769086
leaf_weight=30.763747200369835 229.05276113003492 64.96379990875721 181.8952951580286 153.17041938006878 40.653529569506645 108.7454254925251 28.047265261411667 16.483845949172977 7.6115312129259109 30.786761693656445 34.806713357567787 7.692425921559332 14.680034734308718 129.30746229737997 124.21446913480759 23.891235038638115 154.08233017474413 118.91116616874933 50.560695864260197 206.78746911883354 20.414923533797264 17.719808012247086 71.914905771613121 43.878666721284389 40.845621541142464 20.519942887127399 18.59089420735836 67.763908483088017 232.98913414776325 137.46610259264708
leaf_count=354 2792 488 2081 967 399 1373 282 125 73 355 334 62 88 1354 684 127 1137 700 311 1384 164 100 414 197 248 127 98 390 1249 939
internal_value=0.000310543 0.00227907 -0.00630165 0.0052045 0.00560766 -0.0124763 -0.00705711 0.0151711 -0.0127708 0.0116118 0.0100796 0.0387986 0.0375511 -0.00782997 0.0074884 0.000112643 0.00927377 0.00170473 0.00916442 -0.00315878 0.0123432 0.0131207 0.012356 0.0173833 0.0111703 0.00600035 0.00760902 -0.00268005 0.0133096 0.012119
internal_weight=2429.21 2200.16 614.683 214.721 1585.48 399.963 291.217 59.2111 232.006 183.957 50.1107 15.304 31.1639 194.271 1391.2 271.332 1119.87 323.554 169.472 247.441 796.318 775.903 758.184 366.925 242.71 198.832 391.259 139.679 251.58 157.986
internal_count=19396 16604 6094 1676 10510 4418 3045 495 2550 1322 469 135 213 1842 8668 1910 6758 2148 1011 1783 4610 4446 4346 2195 1511 1314 2151 804 1347 1066
cat_boundaries=0 1
cat_threshold=69
is_linear=0
shrinkage=0.03


Tree=40
num_leaves=31
num_cat=1
split_feature=5 32 10 10 4 14 9 5 10 10 5 3 3 10 14 3 8 3 2 14 10 10 8 4 14 16 16 10 10 9
split_gain=83.7442 69.7565 47.5263 102.858 47.5475 47.9991 48.2723 47.1296 29.8659 27.2331 45.6214 33.7653 23.6192 31.4603 30.6264 20.9719 32.0868 23.2529 28.9621 38.3972 20.5553 27.021 23.845 19.1379 18.0165 17.1795 16.6889 16.0274 24.6288 15.9129
threshold=0.59747540950775158 0 -0.1950000002980232 -0.18500000238418576 243.50000000000003 0.40500000119209295 42.182455062866218 -0.98097097873687733 1.2450000047683718 0.10500000044703485 -0.90013122558593739 528.52374267578136 220.02209472656253 0.1799999997019768 -0.070000002160668359 63.532464981079109 -61.482423782348626 277.53517150878912 262.31149291992193 0.34499999880790716 -0.49500000476837153 -0.79500001668930043 -39.976228713989251 1.5000000000000002 -1.130000054836273 0.50235500931739818 -1.5601966381072996 0.56499999761581432 0.32999999821186071 -26.89638519287109
decision_type=2 1 2 2 10 2 2 2 2 2 2 2 2 2 2 2 2 2 2 2 2 2 2 10 2 2 2 2 2 2
left_child=1 2 20 -4 5 6 9 -3 15 11 -11 -5 13 -12 -15 16 -9 25 19 24 21 -1 -23 -14 -19 -17 -20 28 -7 -24
right_child=-2 7 3 4 -6 27 -8 8 -10 10 12 -13 23 14 -16 17 -18 18 26 -21 -22 22 29 -25 -26 -27 -28 -29 -30 -31
leaf_value=-0.024223299083943706 -0.021529242336683727 -0.017650089773455571 0.051941804531102219 -0.013466068860798302 0.054222650720744316 -0.021671631982371379 -0.020692091484789735 0.033552285060371181 -0.024723857567628685 -0.026450752705284689 0.042513534020369448 0.030725475472762415 0.0084765483378664089 0.035356419069775248 -0.013037200307910324 0.011433530586011355 -0.0043706878309570027 0.024560838551753842 -0.019611085384520041 0.017819639534957417 -0.025003308381976376 0.046576327641561395 0.029866183830868996 0.040667635728751116 -0.010274998594927115 0.026634477583268097 0.011439685342726389 -0.027003592961384777 0.0085089457708662167 -0.011698772931572119
leaf_weight=43.683825790882111 150.88421409577131 74.824085064232349 30.210772842168808 85.974628396332264 11.340843081474302 57.911456264555454 72.066262260079384 21.130865909159184 25.845063023269176 21.663963131606579 17.245875470340252 17.97522396594286 24.752475246787071 14.243553087115286 50.678668722510338 287.30247837305069 215.74416910111904 13.374842479825018 15.242017388343809 67.525628469884396 129.34347627311945 10.0342785641551 9.6697077825665456 53.83630183339119 199.67482304573059 87.80306313931942 461.15585938096046 87.052793271839619 40.732548274099827 36.233579069375992
leaf_count=542 1917 724 204 802 82 660 818 113 251 212 112 124 166 105 494 1514 1852 99 82 398 1515 87 83 301 1367 452 2562 1115 356 407
internal_value=4.17345e-05 0.00147537 -0.00552745 -0.00105567 -0.00402622 -0.00533748 0.00108422 0.00535948 0.00664398 0.00661724 0.0135742 -0.00560442 0.0190982 0.00770619 -0.00204465 0.00725381 -0.000860872 0.00895097 0.00591132 -0.0017323 -0.0171522 -0.00681145 0.00697277 0.0307626 -0.00798355 0.0150531 0.0104072 -0.0176722 -0.009249 -0.00249287
internal_weight=2435.16 2284.27 814.65 585.685 555.475 544.134 358.437 1469.62 1394.8 286.371 182.421 103.95 160.757 82.1681 64.9222 1368.95 236.875 1132.08 756.973 280.575 228.965 99.6214 55.9376 78.5888 213.05 375.106 476.398 185.697 98.644 45.9033
internal_count=19516 17599 8185 5551 5347 5265 3134 9414 8690 2316 1390 926 1178 711 599 8439 1965 6474 4508 1864 2634 1119 577 467 1466 1966 2644 2131 1016 490
cat_boundaries=0 1
cat_threshold=6
is_linear=0
shrinkage=0.03


Tree=41
num_leaves=31
num_cat=1
split_feature=32 5 5 29 5 12 14 5 28 10 14 29 8 28 10 14 12 29 10 12 14 10 10 14 14 29 10 29 14 5
split_gain=84.8912 43.3249 42.5716 39.3283 41.3625 32.6583 28.8787 31.9592 23.9797 22.9744 20.7778 20.8138 22.8257 21.8659 22.5193 33.212 18.595 18.0557 32.8596 16.8129 18.2834 26.2051 16.7526 30.6483 27.7655 26.0394 29.6674 22.2172 21.9624 20.9376
threshold=0 0.56202840805053722 -0.78753387928009022 75.655178070068374 0.52643132209777843 0.15450000017881396 -0.60500001907348622 -0.94917574524879444 18.289889335632328 0.31000000238418585 -1.130000054836273 84.152141571044936 -68.86385345458983 25.658441543579105 1.2450000047683718 0.49499998986721044 0.55149999260902416 76.151096343994155 -0.1950000002980232 -0.37800000607967371 -0.10500000044703482 0.59999999403953563 -0.43500000238418574 -0.27499999105930323 -0.070000002160668359 77.177566528320327 -0.67500001192092884 77.084831237792983 -0.34499999880790705 0.20903649181127551
decision_type=1 2 2 2 2 2 2 2 2 2 2 2 2 2 2 2 2 2 2 2 2 2 2 2 2 2 2 2 2 2
left_child=1 2 6 -2 5 8 7 -1 -5 -7 -10 12 -12 14 15 17 22 18 -14 -8 -21 -22 25 27 -25 -4 -27 -24 -29 -26
right_child=3 -3 16 4 -6 9 19 -9 10 -11 11 -13 13 -15 -16 -17 -18 -19 -20 20 21 -23 23 24 29 26 -28 28 -30 -31
leaf_value=-0.015384332757831527 -0.019122061026562436 -0.016683866268604301 -0.013675334753454524 -0.012623441992225534 -0.021960005336954681 -0.021058505974366898 -0.027098314900428473 0.039053777568507933 -0.028446572436247288 0.00012831468172773032 0.026337497337473582 -0.014357255159800152 -0.028958457168794062 -0.014656137270371239 0.048372732293077751 -0.015860791818479426 0.046183538980181058 0.011901470692897613 0.0080964294617401292 -0.021012412091051719 0.0072209356696112314 -0.027720002908402614 0.036596374206969075 -0.0064315547240618894 0.013670745499817304 0.032367080131793423 -0.012004543089542814 0.0010953021637446897 0.034385555529241781 -0.0019948127646975972
leaf_weight=14.674505174160002 166.23451896011829 72.542532168328762 64.670367792248726 93.811911791563034 96.838387452065945 112.7242469266057 34.678970605134964 25.343831352889538 16.773597314953804 77.402983609586954 44.99600026011467 47.810900606215 29.245465807616711 48.788003332912922 10.16814251989126 57.888981595635414 11.736376747488974 305.32192597538233 73.876012079417706 43.907748579978943 109.7834055274725 22.399372190237045 64.737512558698654 96.639495946466923 445.42024943232536 32.022426053881645 22.305957153439522 51.508228108286858 26.338791020214558 92.452154994010925
leaf_count=141 1938 838 458 864 1318 1285 296 172 186 795 313 416 362 368 76 574 50 2504 632 376 835 201 296 555 2113 181 142 265 126 731
internal_value=0.000125164 0.00561329 0.00707093 -0.0055919 -0.00341574 -0.00143951 -0.0038582 0.0192032 0.0014537 -0.0124776 0.0035504 0.00446326 0.00606348 0.00428008 0.00624555 0.00522545 0.010091 0.00824546 -0.00258961 -0.00830682 -0.00447393 0.00113625 0.00956736 0.0111706 0.00832164 -0.00090836 0.0142614 0.0237026 0.012652 0.0109794
internal_weight=2413.04 1231.16 1158.62 1181.88 1015.65 918.808 250.788 40.0183 728.681 190.127 634.869 618.095 570.285 525.289 476.501 466.332 907.832 408.443 103.121 210.769 176.091 132.183 896.095 777.096 634.512 118.999 54.3284 142.585 77.847 537.872
internal_count=19407 7776 6938 11631 9693 8375 2021 313 6295 2080 5431 5245 4829 4516 4148 4072 4917 3498 994 1708 1412 1036 4867 4086 3399 781 323 687 391 2844
cat_boundaries=0 1
cat_threshold=89
is_linear=0
shrinkage=0.03


Tree=42
num_leaves=31
num_cat=0
split_feature=3 28 14 5 10 12 12 10 10 10 14 3 18 17 12 5 29 14 12 29 8 10 28 3 14 12 2 4 3 16
split_gain=88.3919 64.4887 45.579 41.7853 40.9621 35.6581 34.8962 32.5406 84.6461 38.7636 32.9812 31.0171 26.9458 30.1058 30.4836 25.1721 25.6621 23.3356 21.1885 18.3472 18.3228 21.2898 30.2009 20.3964 18.3196 18.9163 24.0111 26.9539 24.7143 27.7141
threshold=1.196043908596039 19.008403778076175 0.40500000119209295 -0.91865202784538258 0.24000000208616259 0.092000000178813948 0.06749999895691873 -0.1950000002980232 -0.18500000238418576 -0.46499998867511744 0.18500000238418582 575.50405883789074 1.2597599625587466 -0.15243946015834806 0.40150000154972082 -0.78753387928009022 76.34873199462892 0.34499999880790716 -0.46099999547004694 76.836559295654311 -64.398101806640611 0.24000000208616259 24.009605407714847 152.23914337158206 0.32500000298023229 0.15049999952316287 52.297691345214851 260.50000000000006 285.29481506347662 -0.3104389607906341
decision_type=2 2 2 2 2 2 2 2 2 2 2 2 2 2 2 2 2 2 2 2 2 2 2 2 2 2 2 10 2 2
left_child=-1 2 4 -3 5 6 7 9 -9 15 11 -10 13 -6 18 -2 -17 24 -15 -7 23 22 -22 -19 25 26 27 -5 29 -28
right_child=1 3 -4 17 12 19 -8 8 10 -11 -12 -13 -14 14 -16 16 -18 20 -20 -21 21 -23 -24 -25 -26 -27 28 -29 -30 -31
leaf_value=-0.020509846957046014 -0.030189219434305765 -0.0082633284103597032 -0.021601381984920089 -0.011236531233142033 0.00081804690455313076 -0.02721362218063866 0.062228515464119699 0.064484553067313502 -0.014778344602591805 -0.030895909064286235 0.033995110602541824 0.039007326479405177 -0.014286704496805394 0.042419833368266678 0.072334181286602947 -0.015012393540672991 0.037182703200007897 0.050017308395826569 -0.0012028926577114846 0.0021021740181446113 0.038793591721926132 0.0058310711528131408 -0.0060861794761044342 0.015981853065014984 -0.013616149819974097 -0.0052166670439497938 0.0069367643522213552 0.04069761715716496 0.0041928539441257393 0.026379827867739968
leaf_weight=173.89341966807842 12.262170761823652 194.32408791035414 139.72428490966558 97.421960063278675 40.017380133271217 89.510427128523588 6.6611787006258956 18.669520817697048 92.229542814195156 60.089380487799644 17.733369611203671 9.8004200607538206 24.66052084416151 19.095483712851998 13.694256722927092 12.702076829969881 22.069514319300652 20.538508303463459 19.882529966533188 24.217753566801548 42.805618703365326 302.01290591061115 19.149374790489674 66.984251327812672 49.837650559842587 140.97812013328075 145.17581939697266 8.9177395552396757 422.18657056242228 121.4859272763133
leaf_count=2231 168 1870 1648 848 320 1158 53 107 870 691 118 72 247 89 61 170 211 103 172 255 216 1987 138 347 325 960 838 82 2473 692
internal_value=3.61122e-05 0.00162901 -0.00657509 0.0047634 -0.00219524 -0.0071409 -0.000830182 -0.00278622 0.00680428 -0.0151281 -0.00264683 -0.00928354 0.0131573 0.0205335 0.0352179 0.0052403 0.0182292 0.0065289 0.0206946 -0.0210071 0.0121714 0.00916145 0.0250456 0.0244436 0.00393549 0.0048834 0.00667834 -0.00654271 0.00872584 0.0158601
internal_weight=2428.73 2254.84 623.02 1631.82 483.296 365.945 252.217 245.556 138.433 107.123 119.763 102.03 117.35 92.6897 52.6723 47.0338 34.7716 1437.49 38.978 113.728 451.491 363.968 61.955 87.5228 986.004 936.166 795.188 106.34 688.848 266.662
internal_count=19520 17289 6410 10879 4762 3873 2460 2407 1167 1240 1060 942 889 642 322 549 381 9009 261 1413 2791 2341 354 450 6218 5893 4933 930 4003 1530
is_linear=0
shrinkage=0.03


Tree=43
num_leaves=31
num_cat=1
split_feature=5 32 12 10 4 9 5 14 10 12 17 14 12 8 14 2 9 12 17 16 12 12 28 9 14 29 10 10 14 29
split_gain=74.5355 61.553 50.4976 85.6519 51.7784 42.1808 37.1867 32.7516 28.2031 33.5537 37.4036 26.7857 25.7825 25.2602 31.8015 24.2882 34.1796 21.4995 21.1488 20.8792 21.0622 19.5254 18.9065 23.3623 23.617 19.7562 23.6958 32.1697 36.5978 28.5804
threshold=0.59747540950775158 0 -0.17249999940395352 -0.1950000002980232 227.50000000000003 59.953744888305671 -0.91865202784538258 0.40500000119209295 0.31000000238418585 0.14649999886751178 -0.15243946015834806 0.49499998986721044 0.092000000178813948 -28.381669998168942 -1.0000000180025095e-35 39.24365425109864 -90.65679550170897 0.056499999016523368 -0.6322750151157378 0.25043059885501867 -0.30349999666213984 -0.30349999666213984 25.346193313598636 -97.263153076171861 0.69499999284744274 77.440567016601577 -0.39499999582767481 0.27500000596046453 0.49499998986721044 77.084831237792983
decision_type=2 1 2 2 10 2 2 2 2 2 2 2 2 2 2 2 2 2 2 2 2 2 2 2 2 2 2 2 2 2
left_child=1 2 3 -1 5 11 17 8 12 18 -11 19 13 14 -4 16 -8 21 -10 20 -5 -3 25 24 -24 26 -17 -28 29 -29
right_child=-2 6 7 4 -6 -7 15 -9 9 10 -12 -13 -14 -15 -16 22 -18 -19 -20 -21 -22 -23 23 -25 -26 -27 27 28 -30 -31
leaf_value=-0.025144598834131834 -0.020925496496353467 -0.012137106364053553 -0.00061693961715606957 0.003662881869397398 0.073177628231111957 -0.01929197729421803 0.039912445517968097 -0.025687200400004676 0.028819143173891518 0.0030934188166628885 0.065827462267312023 -0.008362934651118769 -0.019692519880386058 -0.010498471638918986 0.053145145614443869 -0.0062407005433368643 -0.007149893229109203 -0.021768158254566187 -0.028036187369506721 0.035443041488660003 0.029588536056528603 0.014624844471900305 -0.027710205327017078 0.0058266743138710728 0.021433171316423284 0.022062320251096119 0.01691035675078785 -0.026373702334624671 0.013103552778204212 0.0088555519629867838
leaf_weight=72.735218495130539 142.43497787043452 50.922469235956669 30.67960262298584 85.666616462171078 10.688986301422117 40.352945134043694 14.130143634974955 113.3897358700633 7.1593851447105434 19.560621380805969 14.346096619963644 39.418930158019066 149.7295867241919 94.465003207325935 13.605876401066778 79.331459566950798 169.01166497915983 64.342077627778053 20.821255549788475 48.362849339842796 41.29656059294939 45.519978299736977 36.896017380058765 324.59506891667843 10.651226647198198 125.46135641634464 334.18879552930593 53.172341473400593 108.48762022703886 32.920260444283485
leaf_count=856 1892 450 290 573 62 484 72 1616 69 144 64 299 1869 1036 99 508 1631 680 225 265 260 413 242 1989 68 705 1564 281 508 157
internal_value=4.32749e-05 0.00137826 -0.00525151 0.00348738 0.0113877 0.00852296 0.00504991 -0.0117373 -0.00716241 0.0110858 0.0307619 0.0138149 -0.011102 -0.00175706 0.0167093 0.00678242 -0.00332181 -0.00848176 -0.0129962 0.0188203 0.0122609 0.000514754 0.0084575 0.00293923 -0.0164867 0.0112492 0.00898566 0.0112775 0.00156628 -0.0129557
internal_weight=2394.34 2251.91 802.279 338.522 265.787 255.098 1449.63 463.757 350.367 61.8874 33.9067 214.745 288.48 138.75 44.2855 1288.85 183.142 160.785 27.9806 175.326 126.963 96.4424 1105.7 372.142 47.5472 733.562 608.1 528.769 194.58 86.0926
internal_count=19371 17479 8211 2799 1943 1881 9268 5412 3796 502 208 1397 3294 1425 389 7725 1703 1543 294 1098 833 863 6022 2299 310 3723 3018 2510 946 438
cat_boundaries=0 1
cat_threshold=6
is_linear=0
shrinkage=0.03


Tree=44
num_leaves=31
num_cat=1
split_feature=5 5 29 32 12 17 4 10 1 10 10 8 4 10 12 29 2 12 10 5 9 12 28 18 9 12 16 12 12 12
split_gain=69.7724 57.9977 54.0228 29.3729 27.6935 27.3057 27.6885 25.674 24.6031 24.0118 34.8102 29.6406 20.9773 20.6225 19.9137 19.5613 24.6732 20.767 18.9094 21.0553 18.6368 22.6224 28.0943 43.3323 23.6645 26.745 22.8031 19.4705 30.9838 21.7188
threshold=0.29221479594707495 -0.91865202784538258 75.522090911865249 0 -0.069500001147389398 0.21617750078439715 237.50000000000003 0.24000000208616259 0.46031872928142553 0.72500002384185802 0.22500000149011615 -68.86385345458983 59.500000000000007 -0.044999999925494187 0.21900000423192981 76.34873199462892 186.20759582519534 -0.15249999612569806 -0.39499999582767481 -0.78753387928009022 -103.05646514892577 -0.18349999934434888 24.994574546813968 0.6304229497909547 19.936741828918461 0.092000000178813948 0.73820891976356517 -0.060000000521540635 -0.02450000029057264 0.054500000551342971
decision_type=2 2 2 1 2 2 10 2 2 2 2 2 10 2 2 2 2 2 2 2 2 2 2 2 2 2 2 2 2 2
left_child=1 4 -3 18 13 6 7 12 -8 10 14 -12 -2 -1 20 16 17 -13 -4 -20 -5 -22 24 -24 25 27 -25 -23 -29 -30
right_child=5 2 3 9 -6 -7 8 -9 -10 -11 11 15 -14 -15 -16 -17 -18 -19 19 -21 21 22 23 26 -26 -27 -28 28 29 -31
leaf_value=0.0097841536863347289 0.0098304233951856477 -0.016735077831524656 -0.0019288714899900854 -0.020809505167225659 -0.02075969122924793 -0.021900115018791223 -0.015818545149153668 -0.024012858289143218 0.028827447478151139 -0.015462826090849828 0.040586969773975912 0.054451235014481729 -0.013707486889110573 -0.011607240499916273 -0.02033359816938243 0.0036435615674288058 -0.017186602668336607 0.012800706618483138 -0.0022023702665342859 0.013664592883912266 -0.0072926449635281965 -0.0032588683033352088 0.05185923173920344 -1.7339399509913949e-05 -0.016978441398254617 -0.016240690265620267 0.037178350333233509 0.082337136894168508 0.00013855835469644769 0.053408176794498809
leaf_weight=72.659071367233992 64.90141636505723 102.1991232894361 105.90068868547678 33.685195952653885 125.42267251014709 143.75106681883335 15.659098185598848 77.031190175563097 33.294389054179192 67.19847122579813 27.736775018274784 21.07684063911438 69.60732014477253 89.309684894979 45.7383678779006 187.15898720920086 9.9729628041386587 22.626326601952314 85.782127268612385 598.59512907266617 145.00860550254583 22.018936604261398 26.01216434687376 67.595101624727249 53.272784989327192 26.98729645088315 18.003915995359421 7.6284381151199332 21.642801076173786 9.1079697087407094
leaf_count=622 600 1169 663 246 1519 1802 180 910 306 705 158 106 870 806 468 1338 113 216 556 2762 1163 199 160 448 579 298 118 43 204 72
internal_value=-9.88275e-05 0.00220824 0.0043107 0.00566228 -0.0102363 -0.0114467 -0.00561645 -0.0103216 0.0145154 0.00156044 0.00313494 0.0117515 -0.00236155 -0.00200992 -0.00173402 0.00827641 0.0240682 0.0336563 0.00972933 0.0116755 0.000282466 0.00211861 0.00753579 0.0187031 -0.00139483 0.00819001 0.00814495 0.0191929 0.0318297 0.0171015
internal_weight=2396.58 1992.34 1704.95 1602.75 287.391 404.244 260.493 211.54 48.9535 812.472 745.273 268.572 134.509 161.969 476.702 240.835 53.6761 43.7032 790.278 684.377 430.963 397.278 252.269 111.611 140.658 87.3854 85.599 60.3981 38.3792 30.7508
internal_count=19399 14731 11784 10615 2947 4668 2866 2380 486 6634 5929 1931 1470 1428 3998 1773 435 322 3981 3318 3530 3284 2121 726 1395 816 566 518 319 276
cat_boundaries=0 1
cat_threshold=25
is_linear=0
shrinkage=0.03


Tree=45
num_leaves=31
num_cat=1
split_feature=32 3 9 3 5 5 12 14 10 14 9 12 12 12 12 12 12 2 18 3 14 12 29 12 18 28 3 14 10 14
split_gain=76.9711 56.9764 36.4665 36.662 51.5196 35.8542 35.0183 27.108 22.7358 26.8376 21.4269 22.2804 18.9693 47.786 18.4683 19.9591 18.1981 17.8658 17.8126 17.3061 20.8428 42.6451 22.9765 15.6192 15.2749 16.9292 17.7968 20.9188 24.9564 22.8013
threshold=0 23.398981094360355 -15.771351814270018 223.22633361816409 -0.70125329494476307 -0.94917574524879444 -0.18349999934434888 0.014999999664723875 0.42499999701976782 -0.24999999254941938 -14.682057857513426 0.26000000536441809 -0.41899999976158137 -0.48800000548362726 -0.069500001147389398 -0.30349999666213984 -0.028500000014901158 105.24815368652345 0.79567050933837902 83.906261444091811 0.10999999940395357 -0.12299999967217444 76.836559295654311 -0.61199998855590809 0.86189997196197521 25.346193313598636 285.29481506347662 -1.0000000180025095e-35 0.27500000596046453 -0.30500000715255732
decision_type=1 2 2 2 2 2 2 2 2 2 2 2 2 2 2 2 2 2 2 2 2 2 2 2 2 2 2 2 2 2
left_child=2 10 3 16 6 14 7 -5 9 -6 11 18 13 17 15 23 19 -4 -2 20 22 -22 -1 -3 -7 26 -26 29 -29 -28
right_child=1 5 12 4 8 24 -8 -9 -10 -11 -12 -13 -14 -15 -16 -17 -18 -19 -20 -21 21 -23 -24 -25 25 -27 27 28 -30 -31
leaf_value=-0.024228423661416702 0.028261553790231961 0.017036412699053663 0.014843818208221558 0.026887868261727416 0.00070798360782158725 0.012269797001862537 -0.018202943496507223 -0.010917361092196379 -0.0054187695043656304 0.046092379955270837 -0.01636132204186299 0.048984342298045137 -0.01563811506015288 0.036530012125354033 -0.021226073165221324 0.021873978566289226 -0.020295804307774168 -0.024123337729837709 -0.012419768800705153 -0.01814911769422765 0.051131657161098486 -0.021940845914309989 0.030241731957612872 -0.024019415350619432 0.014583754755849172 -0.00096295915552698918 0.0059355884837636146 0.023410047182829585 -0.0014316139642084943 -0.018172876695151302
leaf_weight=23.003788359463218 11.778836667537687 11.129536196589468 13.375781141221522 41.610458791255951 15.519966371357439 465.63448184728622 68.520894952118397 27.748398840427399 15.1973245665431 47.380407243967056 149.53039535880089 7.8129674345254889 374.98914816975594 22.515127748250961 57.553617559373379 25.962325640022755 85.515174139291048 41.231994789093733 39.104228436946869 34.112624455243349 19.423155203461651 10.381606888025997 8.8694998100399953 26.528720833361149 234.66805934160948 254.00594885647297 78.905208624899387 74.349505059421062 70.195168599486351 62.383662648499012
leaf_count=282 100 98 116 236 127 2574 884 179 103 256 1846 60 4607 132 623 238 1072 448 360 286 115 139 92 245 1123 1624 469 364 393 371
internal_value=0.000263613 0.00419193 -0.00695912 -0.000405381 0.00792828 0.00645492 -0.00312239 0.0118229 0.0272308 0.0350806 -0.0103625 0.00493771 -0.0128581 0.000686389 -0.00906632 0.00209211 -0.0103217 -0.0144833 -0.00263931 -0.0012999 0.00815987 0.025793 -0.00861195 -0.0117589 0.00797758 0.0053846 0.00847813 0.00343207 0.0114193 -0.004762
internal_weight=2418.94 1569.54 849.395 397.283 215.977 1361.32 137.88 69.3589 78.0977 62.9004 208.226 58.696 452.112 77.1229 121.174 63.6206 181.306 54.6078 50.8831 95.7907 61.6781 29.8048 31.8733 37.6583 1240.14 774.508 520.502 285.834 144.545 141.289
internal_count=19562 10488 9074 3771 1785 8122 1299 415 486 383 2366 520 5303 696 1204 581 1986 564 460 914 628 254 374 343 6918 4344 2720 1597 757 840
cat_boundaries=0 1
cat_threshold=6
is_linear=0
shrinkage=0.03


Tree=46
num_leaves=31
num_cat=1
split_feature=28 14 9 1 6 10 10 29 10 14 6 29 8 6 12 18 10 8 18 18 17 10 10 12 32 10 14 9 7 14
split_gain=72.4529 38.1935 38.0984 37.9323 31.322 27.1742 34.7678 33.3225 43.7136 25.4636 36.3655 30.3709 22.662 22.3656 22.1918 22.0008 21.1433 21.0006 21.2356 19.7465 19.1479 18.4527 28.6352 37.8448 25.4594 24.2355 23.7028 22.6449 21.826 21.162
threshold=19.008403778076175 0.40500000119209295 -17.930299758911129 0.64752238988876354 -0.18987156450748441 -0.1950000002980232 -0.49500000476837153 76.34873199462892 -0.73500001430511464 0.014999999664723875 -0.68159639835357655 76.836559295654311 -20.222151756286618 -0.54638096690177906 0.26000000536441809 1.0292861461639407 0.10500000044703485 -31.875776290893551 0.40214560925960546 1.1452969908714297 -0.21463730931282041 -0.34499999880790705 -0.1950000002980232 -0.33699999749660486 0 0.66999998688697826 0.14500000327825549 -134.18791198730466 -23.496502876281735 -1.0000000180025095e-35
decision_type=2 2 2 2 2 2 2 2 2 2 2 2 2 2 2 2 2 2 2 2 2 2 2 2 1 2 2 2 2 2
left_child=1 2 5 14 21 6 7 -1 -9 11 16 13 19 15 -2 -7 -11 18 -18 -4 -21 -5 -23 27 29 26 -26 -24 -28 -25
right_child=3 -3 12 4 -6 9 -8 8 -10 10 -12 -13 -14 -15 -16 -17 17 -19 -20 20 -22 22 23 24 25 -27 28 -29 -30 -31
leaf_value=-0.02977525941292317 -0.021229484176254951 -0.021775743216989017 -0.011778574382354164 -0.0012893140378219786 -0.013696260726150315 0.030825179619378952 -0.030046585677779947 -0.010941124698040657 0.076161764573776547 -0.027458001508429839 -0.029550167271395995 0.066810036240154511 -0.01570835624624671 0.040393705922534932 0.015016672959666418 -0.024947373729762089 0.040928367960761054 0.035961208939289321 -0.011947578142774064 -0.0070058867265678669 0.044548671749513151 0.018873124439929858 0.020290870076078969 -0.00078593584573342348 -0.0087987252941667746 -0.020630671888565152 0.027250513566906793 -0.0091078739466793641 0.00292563907574824 0.014183166261780305
leaf_weight=9.8985571041703242 82.819984924048185 151.43502265587449 27.01800749078393 321.39989205822349 82.995092421770096 9.4035168066620809 37.079209066927433 9.4170767888426798 9.9686961397528631 9.3372340500354749 23.14088898152113 12.763723276555536 236.70207522809505 16.933161526918415 17.814995847642422 15.425177942961453 8.2809870615601522 31.683745395392179 24.967287547886372 10.344451621174814 15.354145046323536 153.28413800150156 25.693793170154095 102.95922350138426 82.950885266065598 41.660356000065804 49.206718765199184 204.02107787877321 98.834579177200794 483.47956534102559
leaf_count=134 1043 1875 277 2430 858 63 449 96 78 102 254 75 2893 76 192 152 41 201 187 117 127 906 142 608 584 403 320 1327 785 2795
internal_value=-0.000134794 -0.00860232 -0.00463806 0.00306293 0.00415863 0.00481251 -0.0110926 0.0131062 0.0353884 0.0117868 0.00251752 0.0280027 -0.0117583 0.014857 -0.0147284 -0.00344868 0.012769 0.0188824 0.0020325 0.00593979 0.0243113 0.00511457 0.00677133 0.00505186 0.00794243 0.000146187 0.00397245 -0.00574591 0.0111395 0.0113648
internal_weight=2406.27 659.153 507.718 1747.12 1646.49 218.299 66.3635 29.2843 19.3858 151.936 97.4101 54.5256 289.419 41.7619 100.635 24.8287 74.2693 64.932 33.2483 52.7166 25.6986 1563.49 1242.09 1088.81 859.091 272.653 230.992 229.715 148.041 586.439
internal_count=19590 7197 5322 12393 11158 1908 757 308 174 1151 785 366 3414 291 1235 215 531 429 228 521 244 10300 7870 6964 5495 2092 1689 1469 1105 3403
cat_boundaries=0 1
cat_threshold=29
is_linear=0
shrinkage=0.03


Tree=47
num_leaves=31
num_cat=1
split_feature=3 32 9 5 12 12 10 10 12 10 10 17 29 2 17 10 17 29 18 12 10 12 3 1 29 29 5 10 4 10
split_gain=65.8947 58.4893 44.9544 35.2267 35.1039 28.3878 29.3074 73.5436 34.6185 25.7975 60.7179 30.0479 23.4641 23.6667 21.024 19.9364 19.1176 18.5921 18.3893 17.914 16.9691 15.2187 29.202 14.5053 15.9454 21.7129 14.0506 25.0478 17.4847 15.847
threshold=14.224246501922609 0 56.761695861816413 -0.78753387928009022 0.078999999910593047 0.06749999895691873 -0.1950000002980232 -0.18500000238418576 -0.17249999940395352 0.31000000238418585 0.47500000894069677 -0.15243946015834806 79.001594543457045 114.48991012573244 -1.3624639511108396 0.56499999761581432 0.21617750078439715 76.151096343994155 0.86189997196197521 -0.38799999654293055 0.42499999701976782 -0.090500000864267335 164.46697235107425 43.751655578613288 84.152141571044936 76.836559295654311 -0.94917574524879444 -0.62499999999999989 21.500000000000004 -0.14499999582767484
decision_type=2 1 2 2 2 2 2 2 2 2 2 2 2 2 2 2 2 2 2 2 2 2 2 2 2 2 2 2 10 2
left_child=16 2 4 12 5 6 17 -8 14 -6 11 -11 15 -14 -9 20 19 -2 -5 -1 26 -19 -23 -16 25 -25 28 -28 -3 -29
right_child=1 3 -4 18 9 -7 7 8 -10 10 -12 -13 13 -15 23 -17 -18 21 -20 -21 -22 22 -24 24 -26 -27 27 29 -30 -31
leaf_value=0.021077576735130481 -0.028606882502790757 -0.024917170122214692 -0.021024573503277272 0.013767561415794024 -0.020058408182874254 0.054865744167386599 0.060194267209975644 0.049360949824837831 -0.013242520857707453 0.00318396235846419 -0.023813055591534116 0.057877236945790264 -0.024659623189314486 0.012799194104799643 -0.0022413031522578492 -0.032720164532156489 -0.02296376025729898 -0.013168551508347484 0.0054822783514087148 -0.010168541759072815 0.033085264146203879 0.062447777186620833 -0.0067204915047979676 0.011571226826194636 -0.019070952204417711 0.048820321783568335 0.037509838532174211 -0.02401769605655759 0.023556174579638343 0.0019140033225824697
leaf_weight=17.450805947184563 36.076033305376768 52.617522142827511 124.96710868179798 383.03686463832855 123.16719852015376 8.5201635956764203 20.733473174273968 10.35288182646036 83.276384543627501 18.51852759718895 37.723650082945824 16.896635238081217 16.725553274154663 106.69727052003145 82.417164847254753 26.534412860870361 109.26038264855742 37.885680757462978 654.50503499060869 160.9537020213902 8.8617100343108159 7.3730616047978428 15.489379726350306 81.726379789412022 10.717412397265432 16.318386867642403 12.378604531288145 29.933160692453384 6.8518735766410819 67.056508705019951
leaf_count=145 488 623 1605 2010 1621 63 103 59 971 131 571 85 147 705 541 260 1508 386 3547 2029 67 66 153 545 72 98 85 253 67 479
internal_value=0.0003098 0.00215841 -0.0046512 0.00580272 -0.00132882 0.00365779 0.00244012 0.00699707 0.00292737 -0.0117319 0.00237157 0.030151 -0.00272385 0.0075656 0.00964142 -0.00894854 -0.0131292 -0.0118645 0.00855133 -0.00701172 -0.00523568 -0.00161958 0.0172682 0.00724484 0.0143881 0.0182012 -0.00742998 -0.0010044 -0.019035 -0.00625253
internal_weight=2385.02 2097.36 732.16 1365.2 607.192 410.886 402.366 305.542 284.809 196.306 73.1388 35.4152 327.657 123.423 201.532 204.234 287.665 96.8242 1037.54 178.405 177.699 60.7481 22.8624 191.179 108.762 98.0448 168.838 109.368 59.4694 96.9897
internal_count=19483 15801 7558 8243 5953 3545 3482 2389 2286 2408 787 216 2686 852 1315 1834 3682 1093 5557 2174 1574 605 219 1256 715 643 1507 817 690 732
cat_boundaries=0 1
cat_threshold=6
is_linear=0
shrinkage=0.03


Tree=48
num_leaves=31
num_cat=1
split_feature=3 29 5 32 10 5 29 21 16 2 5 14 10 14 5 3 14 14 29 29 29 14 17 10 0 16 9 7 2 3
split_gain=75.3447 56.4781 41.772 21.9586 22.0648 20.6955 25.3594 21.1173 19.7374 24.1928 18.2693 28.4435 27.1859 20.0227 26.8914 29.3559 24.577 24.2208 21.6613 18.476 18.1779 24.0533 17.9769 16.1609 15.9401 16.2705 15.8115 15.725 14.7578 14.26
threshold=4.1023669242858896 75.522090911865249 -0.96105405688285817 0 0.72500002384185802 -0.34091138839721674 84.152141571044936 1.0000000180025095e-35 -0.22263643890619275 100.14503097534181 -0.78753387928009022 -0.73000001907348622 -0.43500000238418574 -0.27499999105930323 0.038674917072057731 288.78085327148443 -0.49499998986721033 0.34499999880790716 77.177566528320327 77.10886383056642 76.836559295654311 -0.21499999612569806 0.889196276664734 1.2450000047683718 71.047927856445327 -0.25633935630321497 -62.852039337158196 -29.773410797119137 238.9084167480469 422.86135864257818
decision_type=2 2 2 1 2 2 2 2 2 2 2 2 2 2 2 2 2 2 2 2 2 2 2 2 2 2 2 2 2 2
left_child=-1 -2 -3 10 5 6 8 20 9 -5 11 -4 19 16 15 22 -14 28 -18 -12 -7 -22 -15 -6 25 -9 -16 -10 -17 -29
right_child=1 2 3 4 23 7 -8 24 27 -11 12 -13 13 14 26 17 18 -19 -20 -21 21 -23 -24 -25 -26 -27 -28 29 -30 -31
leaf_value=-0.016810976435042563 -0.016470531868799623 -0.010613593537594532 0.034994702804806127 0.021371210241437334 -0.020226581339421665 -0.0150262345093998 -0.02079622170634033 0.027946956393154893 0.024261891755180714 -0.0046450799272614793 -0.017048900594493693 -0.0071487519867647759 0.0011741513644104066 0.028858908416489314 0.027520811813549859 -0.020945368064733561 0.040345454816043902 0.018035407952745296 0.0073081229142883562 0.0095894661512442997 0.012229157424078301 -0.0093657305705084834 -0.002071259773784276 0.010701299843567099 -0.024279287662022003 -0.00356672098468484 -0.0055431360741224059 0.0010748500728370732 0.0038102959302539091 0.016450728808627704
leaf_weight=209.14714441075921 138.53358663246036 177.43412657082081 15.383943147957323 39.678179748356342 64.971886191517115 119.6021835654974 27.583533219993114 41.869621034711599 81.876098375767469 152.80490583926439 51.680581249296665 119.00679133832455 34.051021292805672 119.08079533278942 13.566574037075041 25.233030587434769 63.755465522408485 109.56655067205429 25.370715640485287 41.33272223174572 80.343040280044079 107.12741558253765 19.534467548131943 19.063827596604824 8.6973670274019224 22.160478256642818 121.69179844111204 108.10345853865147 123.68850414454937 108.34609178826213
leaf_count=2813 1706 1870 92 278 747 1367 238 355 548 1238 360 894 164 496 73 137 273 481 117 250 629 902 83 189 63 215 695 841 588 858
internal_value=0.000345355 0.00199741 0.00325739 0.00458192 0.00142718 0.00282163 0.00671419 -0.00249503 0.00829942 0.000800617 0.0079794 -0.00210168 0.00989614 0.0120478 0.00949338 0.0134202 0.0229226 0.00739823 0.0311265 -0.00523541 -0.00594059 -9.51629e-05 0.0245164 -0.0131671 0.0119362 0.0171531 -0.00204915 0.0131189 -0.000495995 0.00881167
internal_weight=2390.29 2181.14 2042.61 1865.17 982.228 898.192 518.392 379.8 490.809 192.483 882.943 134.391 748.552 655.539 532.362 397.103 123.177 258.488 89.1262 93.0133 307.073 187.47 138.615 84.0357 72.7275 64.0301 135.258 298.326 148.922 216.45
internal_count=19560 16747 15041 13171 8468 7532 4001 3531 3763 1516 4703 986 3717 3107 2553 1785 554 1206 390 610 2898 1531 579 936 633 570 768 2247 725 1699
cat_boundaries=0 1
cat_threshold=25
is_linear=0
shrinkage=0.03


Tree=49
num_leaves=31
num_cat=1
split_feature=3 28 29 5 12 10 3 9 12 10 10 3 10 12 10 9 1 10 10 12 12 16 10 2 17 2 3 32 9 5
split_gain=62.8516 54.2064 27.844 26.1094 23.2064 30.1275 31.7493 19.1935 19.5373 18.8957 27.291 22.3965 24.6706 21.6118 18.228 16.3649 14.7223 15.4042 13.958 12.7433 14.001 12.5662 14.4469 17.4259 11.7483 11.6114 13.663 20.4595 25.4316 19.2201
threshold=4.1023669242858896 19.008403778076175 76.836559295654311 -0.98097097873687733 -0.41899999976158137 -0.1950000002980232 350.07836914062506 59.953744888305671 0.15450000017881396 0.53000000119209301 0.31000000238418585 223.22633361816409 0.38499999046325689 0.092000000178813948 1.1600000262260439 -14.682057857513426 41.947761535644538 1.0000000180025095e-35 0.39499999582767492 -0.069500001147389398 -0.30349999666213984 -0.1622507497668266 1.0349999666213991 434.53887939453131 1.5727599859237673 25.409214973449711 277.53517150878912 0 -100.61683654785155 -0.73172146081924427
decision_type=2 2 2 2 2 2 2 2 2 2 2 2 2 2 2 2 2 2 2 2 2 2 2 2 2 2 2 1 2 2
left_child=15 2 4 19 5 -2 -7 8 16 10 13 18 -13 -6 21 -1 17 -4 -12 20 -3 22 23 -5 25 -23 -27 29 -29 -28
right_child=1 3 7 14 9 6 -8 -9 -10 -11 11 12 -14 -15 -16 -17 -18 -19 -20 -21 -22 24 -24 -25 -26 26 27 28 -30 -31
leaf_value=0.0003652194684570762 -0.030757903797690105 -0.014876402294455299 0.026275193306737447 0.00049799852148634102 -0.0083016920178823408 -0.0064871377667929785 0.036467360825398594 -0.019267996173612724 -0.013314526720263406 -0.031530676248724 -0.02753120048764935 0.044251384160022729 -0.0029155039396730549 -0.025863221968626882 -0.015357752686357098 -0.020304546818838073 0.029537956325068383 -0.012892496651375224 0.022491543886371444 -0.02433776129521974 0.017311944529483449 -0.0063363271597457653 0.024168480277168669 0.016881278104524652 -0.010162362760996557 0.015991774927774514 -0.014777631805752771 -0.0096619259360831971 0.015295368587358119 0.0063906716169257411
leaf_weight=43.82127857580781 15.361517313867806 27.608670972287655 14.619341492652891 617.60948125645518 191.62676041945815 30.441302619874477 29.993794992566109 20.790582880377769 21.334773562848568 41.428122114390135 18.141116093844179 19.623742982745171 19.114142190665007 94.208069305866957 36.630318619310856 160.00440367683768 45.563424065709114 20.492983788251877 5.9598895572125903 38.103954758495092 20.159630224108696 40.305589627474546 26.670222915709019 63.543585181236267 28.544930957257748 234.70499439164996 62.435664482414722 42.028498873114586 261.59737225621939 97.668099664151669
leaf_count=499 206 257 120 3989 2000 230 169 248 250 657 199 110 190 1373 316 2291 357 178 43 456 185 377 152 320 186 1390 506 286 1619 471
internal_value=1.03597e-05 0.00149843 -0.0062765 0.00436552 -0.00962244 0.00550873 0.0150777 0.00639294 0.0117591 -0.012569 -0.0102323 0.00757449 0.0214905 -0.0141598 0.00528165 -0.0158806 0.0184717 0.00369134 -0.0147579 -0.0116376 -0.00121554 0.00580423 0.00291524 0.00204887 0.00846207 0.00919448 0.0100985 0.0070878 0.0114447 -0.00179349
internal_weight=2390.14 2186.31 588.7 1597.61 465.898 75.7966 60.4351 122.801 102.011 390.102 348.674 62.8389 38.7379 285.835 1511.74 203.826 80.6757 35.1123 24.101 85.8723 47.7683 1475.11 707.823 681.153 767.285 738.74 698.435 463.73 303.626 160.104
internal_count=19630 16840 6330 10510 5177 605 399 1153 905 4572 3915 542 300 3373 9612 2790 655 298 242 898 442 9296 4461 4309 4835 4649 4272 2882 1905 977
cat_boundaries=0 1
cat_threshold=18
is_linear=0
shrinkage=0.03


Tree=50
num_leaves=31
num_cat=1
split_feature=3 29 5 17 31 10 10 14 5 1 29 12 8 4 12 1 2 12 29 9 16 18 16 3 2 28 12 8 5 9
split_gain=58.4038 45.1672 38.7596 20.4919 16.4941 27.952 21.2585 34.1209 29.5438 20.4517 20.4241 15.5508 17.9202 20.4439 17.9523 20.6075 30.1302 20.1236 15.8897 14.3323 14.0588 20.8145 13.856 13.5356 18.6511 25.1152 38.2807 15.6598 16.3694 15.1508
threshold=5.2826414108276376 75.522090911865249 -0.97269129753112782 1.660228490829468 0 1.1600000262260439 -0.43500000238418574 -1.0099999904632566 -0.88134551048278797 67.40869522094728 77.084831237792983 -0.028500000014901158 -68.86385345458983 18.500000000000004 -0.090500000864267335 74.861248016357436 53.728231430053718 -0.14199999719858167 76.013408660888686 -13.618815898895262 -0.50422024726867665 1.5407053232192995 -0.70139330625534047 364.45019531250006 147.83927154541018 24.994574546813968 -0.18749999999999997 15.327858448028566 -0.88134551048278797 42.182455062866218
decision_type=2 2 2 2 1 2 2 2 2 2 2 2 2 10 2 2 2 2 2 2 2 2 2 2 2 2 2 2 2 2
left_child=19 -2 20 4 5 6 7 9 -8 -4 -11 12 13 -6 17 16 -16 23 -13 -1 -3 -22 -20 -14 -25 29 27 -27 -29 -26
right_child=1 2 3 -5 11 -7 8 -9 -10 10 -12 18 14 -15 15 -17 -18 -19 22 -21 21 -23 -24 24 25 26 -28 28 -30 -31
leaf_value=-0.0013893208802134428 -0.015426931381118879 -0.028983937949459127 0.046341527778278747 -0.013597216914219071 0.0092264909822810989 -0.029350399593019716 -0.01351293428404299 -0.018934416998677702 0.012265215398836252 -0.023279449615059986 0.024853259059645798 -0.020577672907941522 -0.001514123850954603 0.052994923501995028 0.0013195666915023427 -0.0041635033624253266 0.055704186283395088 -0.017640606948259186 -0.010063861282411671 -0.019337420532117577 -0.014085950884888778 0.02029522176146881 0.0023844740312086435 0.025151757983089017 0.0031011293617258786 -0.013117375609676562 0.051739958895547285 0.042267797238100986 0.0027372081426768531 -0.025950909283735821
leaf_weight=53.538341548293829 131.14116349816322 35.500731062144041 12.730092845857142 58.259594079107046 30.695017971098423 16.916764780879021 42.007576651871204 58.350457824766636 610.56562522798777 14.135736905038359 15.683228947222231 37.506474371999502 217.78581442311406 13.362991727888582 16.00817096978426 21.278350602835417 20.614811636507511 43.043553154915571 103.71470957994461 159.79000345990062 74.421153996139765 19.127710204571486 346.6657926812768 49.050110813230276 34.733180232346058 28.164090611040592 18.256515309214592 12.837164238095282 30.06847083568573 28.901777755469084
leaf_count=615 1658 391 74 432 191 139 442 451 2857 92 91 497 1759 77 165 171 141 444 967 2315 833 178 3022 269 241 164 107 76 164 360
internal_value=7.08257e-05 0.00156446 0.00267995 0.0037731 0.00433535 0.00763864 0.00860815 -0.00417285 0.0105877 0.0160406 0.00202087 0.00182315 0.00522528 0.0233832 0.00364714 0.0192478 0.0325992 0.0016582 -0.00208066 -0.0148605 -0.0131628 -0.00691581 -0.000498104 0.00367421 0.00924759 0.00401736 0.0142116 0.00398712 0.0152579 -0.0102911
internal_weight=2354.86 2141.53 2010.39 1881.34 1823.08 770.389 753.473 100.9 652.573 42.5491 29.819 1052.69 564.8 44.058 520.742 57.9013 36.623 462.841 487.887 213.328 129.05 93.5489 450.381 419.797 202.011 152.961 89.3262 71.0697 42.9056 63.635
internal_count=19383 16453 14795 13393 12961 4146 4007 708 3299 257 183 8815 4329 268 4061 477 306 3584 4486 2930 1402 1011 3989 3140 1381 1112 511 404 240 601
cat_boundaries=0 1
cat_threshold=2
is_linear=0
shrinkage=0.03


Tree=51
num_leaves=31
num_cat=1
split_feature=1 32 9 14 10 12 29 6 14 14 14 10 6 6 10 14 29 9 6 8 16 12 10 29 18 1 14 10 10 29
split_gain=51.984 47.7703 37.7643 37.3239 34.0988 32.5113 30.6698 23.2881 21.7387 28.1687 36.6763 26.6252 22.5698 22.9111 21.5339 32.4032 21.0639 20.3703 19.2634 19.0333 18.2054 17.8204 17.1973 17.0373 16.4727 16.3801 18.8608 21.9563 31.7678 16.2541
threshold=3.8570725917816167 0 -4.2863125801086417 0.40500000119209295 -0.1950000002980232 -0.18349999934434888 76.151096343994155 -0.61626377701759327 0.39499999582767492 0.014999999664723875 -1.0000000180025095e-35 0.24000000208616259 -0.64897239208221424 -0.95380109548568714 -0.49500000476837153 -0.56999999284744252 79.001594543457045 -56.249256134033196 -0.54638096690177906 -72.522434234619126 -0.48299078643321985 0.40150000154972082 0.56499999761581432 76.484970092773452 0.98537755012512218 121.08220672607423 -0.52499997615814198 -0.12499999627470969 -0.29500000178813929 76.836559295654311
decision_type=2 1 2 2 2 2 2 2 2 2 2 2 2 2 2 2 2 2 2 2 2 2 2 2 2 2 2 2 2 2
left_child=19 2 3 4 6 23 -2 24 9 10 18 -11 13 20 15 -8 22 -18 29 -1 -13 -15 -9 -5 25 26 -3 28 -28 -6
right_child=1 7 -4 5 8 -7 14 16 -10 11 -12 12 -14 21 -16 -17 17 -19 -20 -21 -22 -23 -24 -25 -26 -27 27 -29 -30 -31
leaf_value=0.013697274836733879 -0.031546705600316187 -0.011130087424585301 -0.011946976063329786 0.026970356229743555 -0.0090242999491689044 -0.026412181052903064 -0.0058220147311127766 -0.0049587972266755881 0.05572513083131423 -0.013862763471475184 0.077165973362714607 0.02658033873510933 -0.018791023995751197 0.017621546274687698 -0.011913034989491447 0.054914458702070894 -0.0079776063451776173 0.017113290602084264 0.034598643593078911 -0.016142503772469043 -0.02863760112485118 0.061727148937938514 -0.032247761751881862 -0.011538196525276006 0.0037640987667923289 0.017481595629401873 0.0073529979999898834 0.004067627923407916 0.05094449990919464 0.030767130483568331
leaf_weight=20.462556108832359 31.627748787403107 45.562014326453209 332.89529221504927 19.565532237291336 28.911047074943781 66.167187076061964 16.928010076284412 170.77034296840429 9.5592681467533094 52.261975314468145 9.6120035946369153 9.1267864629626292 13.879609555006025 20.040542680770159 34.984419319778681 13.556149773299692 46.354590028524399 75.242025166749954 30.481061436235905 205.14043267443776 10.461258813738821 14.556262783706186 22.764758598059416 19.95580767095089 606.81983457878232 209.97796537727118 38.136919602751732 165.80161916837096 24.299423538148403 12.382779151201246
leaf_count=151 462 304 3986 116 250 1055 171 1515 54 582 51 56 93 104 387 112 351 485 145 2753 104 64 230 132 3452 1008 234 943 123 90
internal_value=0.00028047 0.00171843 -0.0043814 0.00160977 0.00688276 -0.0136956 -0.00777823 0.00495638 0.0136255 0.0113654 0.0248815 0.00209352 0.0143686 0.0230491 0.00400614 0.0220735 -0.0021863 0.00756118 0.0169155 -0.0133875 -0.00286815 0.0373913 -0.00831796 0.00772106 0.0070658 0.0111909 0.00632055 0.00983749 0.0248539 0.00335329
internal_weight=2378.29 2152.68 746.953 414.057 308.369 105.689 97.0963 1405.73 211.273 201.713 81.3869 120.326 68.0645 54.1849 65.4686 30.4842 315.132 121.597 71.7749 225.603 19.588 34.5968 193.535 39.5213 1090.6 483.778 273.8 228.238 62.4363 41.2938
internal_count=19563 16659 8014 4028 2725 1303 1132 8645 1593 1539 536 1003 421 328 670 283 2581 836 485 2904 160 168 1745 248 6064 2612 1604 1300 357 340
cat_boundaries=0 1
cat_threshold=6
is_linear=0
shrinkage=0.03


Tree=52
num_leaves=31
num_cat=0
split_feature=28 14 1 17 10 9 18 6 17 14 4 28 14 28 14 14 10 10 28 10 9 10 14 17 6 14 2 10 8 16
split_gain=43.9384 33.2735 28.2293 27.3299 27.7591 25.4213 28.6322 23.4384 23.0959 22.6233 19.193 18.8659 17.0543 21.7947 23.5082 19.3442 28.8796 40.1855 15.219 18.434 20.7677 18.79 26.5541 28.6475 16.0004 14.4884 14.5109 18.602 27.1006 13.7903
threshold=19.008403778076175 0.40500000119209295 0.64752238988876354 1.2449049949645998 0.31000000238418585 -23.984628677368161 2.2008477449417119 -0.23208956420421598 -0.15243946015834806 0.064999999478459372 246.50000000000003 18.63957500457764 0.35999999940395361 18.767070770263675 0.014999999664723875 -0.56999999284744252 -0.4849999994039535 -0.1950000002980232 22.948931694030765 -0.50999999046325672 -109.36835861206053 0.27500000596046453 0.34499999880790716 0.79548063874244701 -0.92772412300109852 -0.53999999165534962 61.330173492431648 -0.094999998807907091 75.326705932617202 0.6894190013408662
decision_type=2 2 2 2 2 2 2 2 2 2 10 2 2 2 2 2 2 2 2 2 2 2 2 2 2 2 2 2 2 2
left_child=1 3 -2 4 5 12 -7 18 9 11 -3 -6 13 14 15 -1 -17 -18 19 20 -4 22 23 25 -24 -21 -27 -28 -29 -23
right_child=2 10 7 -5 8 6 -8 -9 -10 -11 -12 -13 -14 -15 -16 16 17 -19 -20 21 -22 29 24 -25 -26 26 27 28 -30 -31
leaf_value=-0.0089483924300515858 -0.013278802482507776 -0.021892860986064605 0.024776559393711629 -0.02663010180801911 0.044882613680274325 -0.012690066034426096 0.038839326066774552 -0.011382070561030995 0.03329904760609919 -0.026182016672795048 0.028042489577007008 -0.0092858503057175086 0.044639393740089878 -0.014824602395654739 -0.01150902002149384 0.074896319234143069 -0.024981269445338315 0.035238630517035519 0.0018510922585963786 -0.0067386148972396216 -0.014714137933971269 -0.0019253833875119003 0.010528156770864276 -0.012114602736700033 0.045752857693049258 0.00057459145540412571 0.028369232170329977 0.017283555348966397 -0.022622259443825312 0.015475564072397169
leaf_weight=15.886589076369999 93.908359263092279 134.21269954368472 14.188611723482607 39.11890272796154 11.183816798031332 216.78362556174397 9.2021504826843721 88.50614745542407 34.883312169462442 16.228330545127392 6.468431130051612 10.47670618444681 8.3575275242328626 43.12091026455164 30.143943689763546 8.8873906880617124 13.326050754636517 32.753273911774166 891.03294182941318 27.079371761530638 56.438638936728239 160.47089067474008 18.74520093947649 43.287708126008511 32.991222009062767 44.481233812868595 104.19574703648686 85.521994061768055 17.707816086709499 53.971173234283924
leaf_count=176 1247 1805 99 492 69 2795 97 934 220 171 43 87 38 478 289 62 151 195 5959 192 497 1006 100 268 183 349 565 489 103 352
internal_value=0.000163593 -0.00660777 0.0026323 -0.00290133 -0.000789868 -0.00406176 -0.0104299 0.0035517 0.0160505 -0.000277763 -0.0194151 0.019429 0.00538301 0.00281458 0.0104172 0.0197758 0.0280893 0.0176624 0.00441115 0.00786414 -0.00654553 0.00960179 0.0136529 0.0103841 0.0334318 0.0139058 0.0161429 0.0194627 0.0102868 0.00250562
internal_weight=2363.56 631.034 1732.53 490.353 451.234 378.461 225.986 1638.62 72.7722 37.8889 140.681 21.6605 152.476 144.118 100.997 70.8533 54.9667 46.0793 1550.11 659.08 70.6273 588.452 374.01 322.274 51.7364 278.986 251.907 207.426 103.23 214.442
internal_count=19511 7168 12343 5320 4828 4281 2892 11096 547 327 1848 156 1389 1351 873 584 408 346 10162 4203 596 3607 2249 1966 283 1698 1506 1157 592 1358
is_linear=0
shrinkage=0.03


Tree=53
num_leaves=31
num_cat=2
split_feature=3 32 12 10 10 4 12 2 10 14 12 3 14 14 10 17 29 10 10 16 3 5 10 12 12 10 12 32 8 14
split_gain=69.2099 47.6895 31.44 39.5834 69.2588 39.8747 23.0712 26.8811 21.9087 18.0672 17.9612 17.1247 16.5669 14.7571 60.8868 28.0463 15.7 21.1882 37.1847 14.562 21.1121 21.9884 24.6926 14.0889 21.2724 20.6779 28.9913 22.6442 22.9906 19.0223
threshold=0.64668726921081554 0 -1.0000000180025095e-35 -0.1950000002980232 -0.17000000178813932 227.50000000000003 -0.15249999612569806 184.48174285888675 1.1600000262260439 0.49499998986721044 -0.090500000864267335 1073.6838989257815 0.66999998688697826 0.39499999582767492 0.31000000238418585 -0.15243946015834806 76.151096343994155 -0.49500000476837153 -0.62499999999999989 1.0861150026321413 226.6340026855469 -0.85957497358322132 0.054999999701976783 0.14050000160932544 0.54000002145767223 0.080000001937150969 -0.31749999523162836 1 -23.148235321044918 1.0000000180025095e-35
decision_type=2 1 2 2 2 10 2 2 2 2 2 2 2 2 2 2 2 2 2 2 2 2 2 2 2 2 2 1 2 2
left_child=-1 2 3 10 -5 6 7 19 9 23 -2 12 -11 14 16 -16 -4 18 -18 20 -6 22 -22 25 -25 29 -27 -28 -29 -3
right_child=1 8 13 4 5 -7 -8 -9 -10 11 -12 -13 -14 -15 15 -17 17 -19 -20 -21 21 -23 -24 24 -26 26 27 28 -30 -31
leaf_value=-0.021056965974763871 -0.023375736052099604 0.0062522068315251488 -0.027351419814152629 0.052760382792244029 -0.0087619487384660646 0.048775089833813519 -0.016589559026406998 -0.014370024061600614 -0.018271641790423294 0.029302907352773702 0.0045942496345350112 -0.020201142390460867 0.0098068678495611752 -0.024055977259094478 0.0018370713185630698 0.055939058236442275 -0.017973135559712933 -0.016687177712775864 0.044866232942575239 0.031456129378785495 0.021999693391885879 0.023170613668682876 -0.025896009769959497 -0.0070152888751212651 0.015902314986595559 -0.010777928960408367 -0.016974994613405878 0.022704250068337192 0.00014165902132225658 0.022240184941568902
leaf_weight=134.56055679917336 79.056236110627651 521.1105584576726 64.745737757533789 23.970478281378746 59.588852938264608 13.977975547313688 68.546568218618631 60.053084068000317 37.022948708385229 50.474347781389952 27.458243828266859 12.876637011766432 173.78048320859671 76.556133318692446 18.081596314907074 15.610287867486475 17.308209329843521 85.415580861270428 14.894073858857153 21.072835430502892 16.209899708628654 70.067729420959949 21.222125180065632 207.31285474449396 43.208704963326454 149.32690983638167 22.111418552696705 79.912226557731628 81.699696537107229 76.188472077250481
leaf_count=2008 1007 3283 996 129 536 108 912 648 339 302 343 120 1017 1245 138 71 223 1014 118 121 79 414 170 1407 220 927 141 448 531 416
internal_value=-0.000250005 0.00102648 -0.00505745 -0.000238901 0.00458296 0.000942764 -0.00131483 0.00295306 0.0041858 0.00481411 -0.0161897 0.0123548 0.0143056 -0.0127982 -0.00871667 0.0277938 -0.0155768 -0.00891924 0.011567 0.00852859 0.00546708 0.0133625 -0.00512208 0.00329068 -0.00301507 0.00499009 -0.00099839 0.00696555 0.0107105 0.00832532
internal_weight=2343.42 2208.86 753.836 461.224 354.71 330.739 316.761 248.215 1455.03 1418 106.514 237.131 224.255 292.612 216.055 33.6919 182.364 117.618 32.2023 188.161 167.089 107.5 37.432 1180.87 250.522 930.349 333.05 183.723 161.612 597.299
internal_count=19431 17423 8272 4467 3117 2988 2880 1968 9151 8812 1350 1439 1319 3805 2560 209 2351 1355 341 1320 1199 663 249 7373 1627 5746 2047 1120 979 3699
cat_boundaries=0 1 2
cat_threshold=6 64
is_linear=0
shrinkage=0.03


Tree=54
num_leaves=31
num_cat=1
split_feature=5 29 5 5 29 14 32 14 14 28 12 12 12 9 28 16 28 12 10 10 10 2 28 14 4 29 2 10 10 28
split_gain=48.8996 41.9228 31.7269 23.0118 25.3398 27.8199 25.1788 22.8706 22.6275 22.1712 21.4213 20.6818 19.5262 20.3237 31.939 26.6247 24.9541 22.1863 18.9664 17.8225 16.932 16.7131 17.0459 16.3949 25.7618 16.2145 15.6824 15.4283 38.0891 21.1791
threshold=0.59747540950775158 75.522090911865249 -0.8126716911792754 1.0000000180025095e-35 79.142368316650405 -1.0000000180025095e-35 0 -0.1950000002980232 -0.56999999284744252 25.346193313598636 -0.38799999654293055 -0.55899998545646656 0.042500000447034843 -81.345256805419908 25.503168106079105 0.49182637035846716 23.15529823303223 -0.31749999523162836 -0.1950000002980232 -0.14499999582767484 0.27500000596046453 212.69753265380862 25.503168106079105 -0.37499999999999994 39.500000000000007 86.164299011230483 264.62896728515631 0.1799999997019768 -0.29500000178813929 22.825375556945804
decision_type=2 2 2 2 2 2 1 2 2 2 2 2 2 2 2 2 2 2 2 2 2 2 2 2 10 2 2 2 2 2
left_child=1 -1 12 4 5 7 -5 8 -4 -10 11 -8 13 16 15 -15 -3 -16 -17 -7 -18 -6 -23 24 -2 -14 -19 28 -12 -30
right_child=23 2 3 6 21 19 10 -9 9 -11 27 -13 25 14 17 18 20 26 -20 -21 -22 22 -24 -25 -26 -27 -28 -29 29 -31
leaf_value=-0.015415045383084738 0.050265940196086142 0.027664018272944547 -0.0051203784032805609 0.0059224272759133278 -0.013917282854303565 0.031488991267294722 -0.022446270799969668 -0.011584215701925731 0.015589154383985178 -0.019456692868897563 -0.015076674008753104 0.028071113349736408 -0.015495781600383869 -0.01919598291348867 -0.006170128079474986 -0.015093338974432786 -0.024101236372603009 0.0022184989026929522 0.020850418096563378 0.011115715087576649 0.02399944557181883 -0.024230427430186711 0.0075676067396830892 -0.024008419282456787 -0.014725418829873941 0.019530780283680792 0.048089604453334135 -0.019178775989626001 0.002007786238826637 0.042726583142368421
leaf_weight=135.646992046386 6.4616749025881317 42.801757421344519 103.86218747869134 219.72170474380255 80.056883946061134 41.455243721604347 9.2441070005297643 84.359172955155373 169.65096456557512 17.105539903044701 95.30797627940774 25.289305478334427 163.6505345068872 115.96979678422213 23.620996497571468 21.313098300248384 18.933404080569748 10.301612161099913 31.578920461237431 483.89971546828747 8.9028019011020643 16.488746836781502 114.21767525374889 99.35313693434 19.785834860056639 11.980340704321859 18.780061900615692 107.23614813014865 30.612527992576361 17.512120973318815
leaf_count=1774 66 300 761 1523 522 219 89 565 1068 107 1077 203 1897 1099 146 234 137 66 248 2850 61 155 615 1533 321 69 113 1230 283 141
internal_value=-0.000351154 0.000682949 0.00173773 0.00372925 0.00614086 0.00833117 -0.00157919 0.00208065 0.00607333 0.0122927 -0.00731049 0.0142972 -0.00513481 -0.000373453 -0.00484566 -0.0112023 0.013526 0.0153507 0.00635539 0.0127801 -0.00841851 -0.0032108 0.00340274 -0.0184859 0.0025319 -0.0130095 0.0324546 -0.0106227 -0.00413738 0.0173931
internal_weight=2345.1 2219.5 2083.85 1616.02 1111.1 900.333 504.924 374.978 290.619 186.757 285.202 34.5334 467.833 292.202 221.564 168.862 70.638 52.7027 52.892 525.355 27.8362 210.763 130.706 125.601 26.2475 175.631 29.0817 250.669 143.433 48.1246
internal_count=19472 17552 15778 11408 6862 5570 4546 2501 1936 1175 3023 292 4370 2404 1906 1581 498 325 482 3069 198 1292 770 1920 387 1966 179 2731 1501 424
cat_boundaries=0 1
cat_threshold=83
is_linear=0
shrinkage=0.03


Tree=55
num_leaves=31
num_cat=0
split_feature=5 28 12 10 10 10 10 10 28 17 9 5 12 10 10 3 16 3 3 10 3 1 28 10 10 7 10 9 12 10
split_gain=54.4036 40.0746 27.8709 42.4818 28.699 25.6009 20.7008 46.4721 34.8559 21.0272 20.3458 20.1654 16.0568 18.2708 29.5406 33.4406 20.16 14.5394 28.7439 20.2585 13.293 20.4018 13.2882 23.8351 19.0799 23.6403 19.126 25.3294 20.9903 17.8218
threshold=0.59747540950775158 19.008403778076175 -0.31749999523162836 -0.1950000002980232 0.53000000119209301 0.31000000238418585 -0.49500000476837153 -0.73500001430511464 18.767070770263675 -1.0000000180025095e-35 45.258413314819343 -0.98097097873687733 0.15450000017881396 -0.33500000834465021 -0.18500000238418576 190.72395324707034 -0.10931500047445296 415.48013305664068 233.607048034668 0.37500000000000006 45.961006164550788 41.241113662719734 22.948931694030765 -0.39499999582767481 0.28499999642372137 122.34237670898439 0.14500000327825549 1.9187189936637881 -0.31749999523162836 -0.67500001192092884
decision_type=2 2 2 2 2 2 2 2 2 2 2 2 2 2 2 2 2 2 2 2 2 2 2 2 2 2 2 2 2 2
left_child=1 2 3 -1 5 6 7 -4 9 -9 20 -3 13 -8 15 -15 -17 18 19 -7 -5 -22 23 -13 25 26 -25 -28 -29 -24
right_child=-2 11 4 10 -6 17 12 8 -10 -11 -12 22 -14 14 -16 16 -18 -19 -20 -21 21 -23 29 24 -26 -27 27 28 -30 -31
leaf_value=-0.028399105661649087 -0.019559102612927204 -0.011290412991612578 -0.021224830432293597 0.045449936102746273 -0.03147905043604686 -0.027618215069397021 -0.031088054400010522 0.065458890833123118 -0.022617383041663615 0.0058330128180896163 -0.0132869389625515 -0.0064793405395464866 -0.03047689185321564 -0.023932746058663908 -0.012915442749783752 0.071289417904658786 0.0053423877149658822 -0.024773117208712347 0.032113134722687307 0.018055667751826612 -0.0038290655212032767 0.023875776815735009 0.016071414466888086 0.011122660055469906 0.0025164088923275889 -0.020410254594964181 0.040315027125502861 -0.017917984631701928 0.025910296537626536 0.00043640256762870452
leaf_weight=28.020428992807865 122.1867451928556 80.032633848488331 32.878391999751329 12.189651094377039 48.625406593084335 17.918647836893797 32.259118005633354 15.959610432386398 8.2221498154103738 8.0644031912088394 23.586267672479153 96.236323695629835 49.934101182967424 8.65778646618128 111.43834213912487 9.9526829831302184 7.0189828611910334 9.5569955483078939 34.071294970810413 15.316266059875487 38.985242664813995 59.923542462289333 70.276725910604 245.2220635227859 213.77176373079419 16.413777023553848 53.844226684421301 15.55188552290201 23.452525239437819 826.72715033590794
leaf_count=397 1892 884 467 71 833 203 434 127 117 82 313 784 793 109 1211 62 108 120 218 136 249 355 483 1481 1353 87 337 100 128 5477
internal_value=-0.000154733 0.000924454 -0.00590289 0.0045822 -0.0100661 -0.00710491 -0.0112499 0.00355974 0.0287086 0.0464766 0.0116025 0.00330803 -0.0156449 -0.0111177 -0.00622649 0.0222503 0.0458305 0.00817872 0.0131518 -0.00665689 0.0169579 0.0130268 0.00406301 0.00727535 0.00961205 0.013872 0.0155917 0.0271506 0.00842396 0.00167788
internal_weight=2336.3 2214.11 572.579 162.705 409.874 361.249 284.386 65.1246 32.2462 24.024 134.685 1641.53 219.261 169.327 137.068 25.6295 16.9717 76.8632 67.3062 33.2349 111.098 98.9088 1561.5 664.493 568.256 354.484 338.071 92.8486 39.0044 897.004
internal_count=19411 17519 6405 1385 5020 4187 3510 793 326 209 988 11114 2717 1924 1490 279 170 677 557 339 675 604 10230 4270 3486 2133 2046 565 228 5960
is_linear=0
shrinkage=0.03


Tree=56
num_leaves=31
num_cat=1
split_feature=3 29 5 28 3 10 14 3 10 12 10 14 3 32 7 18 2 16 9 3 18 5 29 14 9 12 2 14 3 16
split_gain=51.3797 34.746 29.6019 18.2154 15.5293 18.7731 27.1679 15.0121 12.8335 12.6287 13.8016 18.438 12.4628 16.5775 14.3138 11.2665 15.6117 11.2223 15.6932 34.4825 11.7436 14.8471 19.1108 18.1641 19.1782 19.1274 16.9419 14.0018 12.1255 12.7189
threshold=1.196043908596039 75.522090911865249 -0.98097097873687733 18.289889335632328 264.05590820312506 0.24000000208616259 0.60499998927116405 223.22633361816409 0.31000000238418585 -0.069500001147389398 -0.044999999925494187 -0.53999999165534962 65.564136505126967 0 -38.021648406982415 1.2023348212242129 94.811756134033217 0.39002384245395666 -103.05646514892577 178.59504699707034 0.95011851191520702 -0.75976759195327748 77.440567016601577 0.14500000327825549 7.7755112648010263 0.22399999946355822 137.16187286376956 -0.11999999731779097 765.48803710937511 -0.44829782843589777
decision_type=2 2 2 2 2 2 2 2 2 2 2 2 2 1 2 2 2 2 2 2 2 2 2 2 2 2 2 2 2 2
left_child=-1 4 9 7 -2 -6 8 -4 -7 10 11 -3 14 -14 -5 16 -9 20 19 -19 21 22 26 24 -24 -25 27 -15 -28 -30
right_child=1 2 3 12 5 6 -8 15 -10 -11 -12 -13 13 17 -16 -17 -18 18 -20 -21 -22 -23 23 25 -26 -27 28 -29 29 -31
leaf_value=-0.017070847281974732 -0.024115054710459868 -0.026475846190376812 -0.021992416021820799 0.021583897029234501 -0.016689227003251168 0.0044165122447363684 -0.02956517406396213 0.018951116798206082 0.053644559614380367 -0.024694299165765963 -0.016758229413182505 0.024912799178165614 -0.011799692889253545 0.040205870342115972 -0.0037128922844733101 0.017455046145270905 -0.021913907991756059 0.036732905336664311 0.011746940924507602 -0.014411712265074357 0.00067646093352207077 0.010347729928511688 -0.023646599923473646 0.045276687357676912 0.022484154866837674 -0.0050632789511057723 -0.02809156622738497 -0.0094781409891898337 0.020888680832043011 -0.016336954709196407
leaf_weight=145.85218374058604 64.195890624076128 7.7987848334014442 44.810188703238964 20.717019233852625 38.303119733929634 8.1713078618049675 7.721076223999261 11.408104978501795 11.126243751496075 45.966884631663561 34.505661804229021 21.518534708768129 43.197717122733593 8.9877517893910426 275.68848053365946 21.975870944559574 25.614035684615374 14.029823891818522 380.48523086309433 55.447779525071383 553.15351074561477 354.13452729210258 17.888633459806446 19.326159954071048 13.236642077565191 9.9243956021964532 36.633557990193367 9.8169162124395353 11.768501028418539 22.45905777066946
leaf_count=2231 968 90 551 110 513 77 108 74 86 641 340 179 411 63 2634 216 274 66 2549 374 3652 2109 133 115 80 76 359 114 88 188
internal_value=0.000107873 0.00125923 0.00220905 0.00306436 -0.0137527 -0.00335888 0.0154601 -0.00910713 0.0340441 -0.0128783 -0.00411841 0.0108204 0.00375304 0.00483007 -0.00187817 0.000882943 -0.00915441 0.00535689 0.00935745 -0.00370926 0.00369777 0.00700468 -0.000902011 0.0120314 -0.00393936 0.0285941 -0.00964726 0.0150996 -0.0163331 -0.00330799
internal_weight=2335.86 2190.01 2060.49 1950.7 129.518 65.3217 27.0186 103.808 19.2976 109.79 63.823 29.3173 1846.9 1550.49 296.405 58.998 37.0221 1507.29 449.963 69.4776 1057.33 504.176 150.042 60.3758 31.1253 29.2506 89.6658 18.8047 70.8611 34.2276
internal_count=19469 17238 15486 14236 1752 784 271 1115 163 1250 609 269 13121 10377 2744 564 348 9966 2989 440 6977 3325 1216 404 213 191 812 177 635 276
cat_boundaries=0 1
cat_threshold=2
is_linear=0
shrinkage=0.03


Tree=57
num_leaves=31
num_cat=1
split_feature=3 29 5 28 12 3 17 10 10 14 32 4 5 10 14 4 4 5 28 14 9 14 10 14 3 10 14 7 29 16
split_gain=45.5831 36.0478 31.3666 19.758 17.4523 14.5023 13.9258 13.8328 13.8145 12.8375 12.752 21.6468 15.1039 18.8032 24.0488 21.5725 22.8323 17.8465 22.2762 19.6479 29.9131 18.3188 30.1153 25.5638 18.0152 17.2711 16.9768 18.1643 16.2131 15.5226
threshold=0.49395650625228887 75.522090911865249 -0.98097097873687733 18.289889335632328 -0.069500001147389398 223.22633361816409 1.5727599859237673 -0.044999999925494187 -0.49500000476837153 -0.53999999165534962 0 12.500000000000002 0.081451712176203742 1.0950000286102297 -0.095000002533197389 263.50000000000006 18.500000000000004 -0.78753387928009022 25.346193313598636 0.60499998927116405 -97.263153076171861 -1.0000000180025095e-35 -0.14499999582767484 -0.1950000002980232 361.27072143554693 1.1600000262260439 1.1899999976158144 -21.551971435546871 76.978988647460952 -1.0147862434387205
decision_type=2 2 2 2 2 2 2 2 2 2 1 10 2 2 2 10 10 2 2 2 2 2 2 2 2 2 2 2 2 2
left_child=-1 -2 4 5 7 -4 10 9 -7 -3 11 -5 17 14 15 16 28 -12 21 20 -20 23 -23 -19 -22 -24 27 -21 -14 -26
right_child=1 2 3 6 -6 8 -8 -9 -10 -11 12 -13 13 -15 -16 -17 -18 18 19 26 24 22 25 -25 29 -27 -28 -29 -30 -31
leaf_value=-0.017318896153047332 -0.013948999982768315 -0.018902873363055083 -0.022393320089975553 -0.021127299170131286 -0.027197463991150556 0.037414476908598629 -0.0094966128456415305 -0.015098023060100142 -0.0053076834026984532 0.025516279678694135 0.00037055924930094866 0.023108259871037588 -0.0036893147160626323 0.023679770542878526 -0.0096539156963907184 0.052662344484198813 -0.013900644819835528 0.0096723465366582283 -0.03135529807986423 0.058757932066377291 -0.0082838741946465021 0.041900893402027871 0.013469688178370354 -0.010995768069840999 -0.015658688574271017 -0.02367318872219893 -0.0061588945143965833 0.0090398954195275646 0.021322649425538385 0.015032251090445391
leaf_weight=122.20963322371244 128.09301172196865 7.3647646270692375 43.825093030929565 40.61689181253314 45.573123000562191 6.8728528060019007 65.864672366529703 34.859701931476593 49.556792158633471 19.486768674105406 339.57607634738088 12.186085697263477 37.3878388479352 25.721944812685251 185.71844840422273 7.5835103653371325 44.722896710038185 255.06929215043783 27.756156042218208 12.293181173503399 90.94888823479414 33.09028473123908 413.14346000179648 67.312739465385675 16.993066720664501 10.701230257749556 14.578604929149149 14.025420695543289 59.885695651173592 86.868635922670364
leaf_count=1932 1752 87 550 391 641 68 512 352 481 162 2846 138 325 213 1735 70 552 1640 173 66 581 171 2298 433 97 89 99 83 357 472
internal_value=0.000437984 0.00143285 0.00239115 0.00325704 -0.0133302 -0.0096545 0.00395702 -0.00281899 0.000456545 0.0130918 0.00445536 -0.00900499 0.00489156 -0.000543409 -0.00246654 0.00646215 0.00364374 0.00634569 0.00828925 0.000743866 -0.00279217 0.0108359 0.014696 0.00533623 0.00141679 0.0124784 0.0195946 0.0335635 0.0117694 0.00990939
internal_weight=2319.89 2197.68 2069.58 1962.3 107.284 100.255 1862.05 61.7112 56.4296 26.8515 1796.18 52.803 1743.38 361.02 335.298 149.58 141.996 1382.36 1042.78 263.464 222.567 779.317 456.935 322.382 194.811 423.845 40.8972 26.3186 97.2735 103.862
internal_count=19366 17434 15682 14440 1242 1099 13341 601 549 249 12829 529 12300 3252 3039 1304 1234 9048 6202 1571 1323 4631 2558 2073 1150 2387 248 149 682 569
cat_boundaries=0 1
cat_threshold=2
is_linear=0
shrinkage=0.03


Tree=58
num_leaves=31
num_cat=2
split_feature=5 29 5 9 10 2 2 10 16 9 31 14 4 2 10 31 14 2 8 12 5 16 17 10 12 1 8 14 1 14
split_gain=43.3789 38.0659 29.1316 16.3095 15.6353 29.058 24.0384 20.9635 24.8331 17.1703 21.5885 15.2831 15.12 14.7123 14.4203 22.1409 28.1532 32.506 17.02 30.444 16.1398 21.5159 18.558 21.6108 18.3104 16.1225 14.6736 14.3785 14.5175 14.0628
threshold=0.59747540950775158 75.522090911865249 -0.9936448037624358 -19.125610351562496 -0.33500000834465021 29.897008895874027 458.27914428710943 -0.12499999627470969 -1.2910532951354978 42.182455062866218 0 -0.37499999999999994 39.500000000000007 88.268642425537124 -0.060000000521540635 1 0.14500000327825549 186.20759582519534 -65.123928070068345 -0.15249999612569806 -0.78753387928009022 0.49182637035846716 -0.65890195965766896 0.31000000238418585 0.056499999016523368 75.626049041748061 9.2854394912719744 -1.0000000180025095e-35 60.648933410644538 0.42499999701976782
decision_type=2 2 2 2 2 2 2 2 2 2 1 2 10 2 2 1 2 2 2 2 2 2 2 2 2 2 2 2 2 2
left_child=1 -1 -3 -2 5 -4 -7 8 -6 14 -11 12 -5 -10 -9 16 -16 18 19 -18 21 22 23 -17 -23 26 29 -15 -29 -22
right_child=3 2 4 11 7 6 -8 9 13 10 -12 -13 -14 27 15 20 17 -19 -20 -21 25 24 -24 -25 -26 -27 -28 28 -30 -31
leaf_value=-0.014388585088782097 0.034575525035009408 -0.019468864167519289 -0.021390289123652175 0.037360848425643259 -0.014695353865824054 -0.0010111257156731658 0.031101116205371385 -0.010560848609837544 0.029158500471835085 -0.018886983783171711 0.00042674910871448298 -0.025276127429140118 -0.012932378329352808 0.0060019946486727042 -0.021247555613567313 0.033307303109010158 0.05308218793935951 0.026185838808425795 -0.010529793279442073 -0.011170904550165995 0.012483742201506312 0.030315778943986949 -0.015238122021551483 -0.026502490288697556 -0.011333265944412984 0.016965199252583205 -0.025611521468270639 0.0505812668594742 0.01501837730901889 0.00055848748066485219
leaf_weight=132.10098476335406 4.3367116041481486 53.615579649806023 60.376536715775728 6.5066770724952248 29.144172601401806 367.06977510452271 21.248954616487026 54.119794048368931 47.337601494044065 55.601417813450098 244.98757964745164 89.969803061336279 17.998066559433937 161.90254746749997 56.794713970273733 16.155788592994217 10.634443551301958 40.139307655394077 94.775903556495905 14.806637760251759 210.57212591171265 28.089270420372486 80.289574351161718 7.0852652154862872 13.46391039341688 198.77534301578999 11.522494923323391 12.643337287008761 49.482856292277575 153.78493947908282
leaf_count=1776 49 631 742 63 197 2940 106 367 324 734 1434 1486 312 1144 419 117 53 239 804 121 1535 177 777 81 168 1049 95 73 282 1296
internal_value=0.00022352 0.00116925 0.00215693 -0.0173613 0.00273433 -0.00220829 0.000821441 0.0041278 0.0112516 0.00246291 -0.00380868 -0.0196112 0.0013631 0.014082 0.0043671 0.00523976 -0.00314801 0.00315931 -0.00468163 0.0166789 0.00770801 -0.00112009 -0.00843358 0.0147326 0.0168716 0.0100688 0.00638649 0.0107809 0.0229424 0.00746573
internal_weight=2345.33 2226.52 2094.42 118.811 2040.8 448.695 388.319 1592.11 300.511 1291.6 300.589 114.475 24.5047 271.366 991.01 936.89 217.151 160.356 120.217 25.4411 719.739 145.084 103.531 23.2411 41.5532 574.655 375.88 224.029 62.1262 364.357
internal_count=19591 17681 15905 1910 15274 3788 3046 11486 2020 9466 2168 1861 375 1823 7298 6931 1636 1217 978 174 5295 1320 975 198 345 3975 2926 1499 355 2831
cat_boundaries=0 1 2
cat_threshold=4 8
is_linear=0
shrinkage=0.03


Tree=59
num_leaves=31
num_cat=0
split_feature=3 29 5 12 2 10 4 7 10 29 17 3 16 29 10 3 10 12 18 16 16 18 17 16 10 12 9 12 29 10
split_gain=47.3839 33.1889 17.821 23.3232 17.4359 16.8873 16.8634 16.015 15.4084 16.59 15.1459 12.7127 12.301 11.6731 11.5668 17.637 18.6971 14.1583 12.4745 10.59 10.0888 9.04285 13.5315 10.1724 8.4425 21.4666 20.753 16.7402 15.3941 21.0519
threshold=0.64668726921081554 75.522090911865249 -0.96105405688285817 -0.069500001147389398 49.909151077270515 -0.044999999925494187 248.50000000000003 -45.618173599243157 -0.22500000149011609 78.715969085693374 -1.6015719771385191 746.40814208984386 0.04950335621833802 86.164299011230483 0.13499999791383746 277.53517150878912 0.2100000008940697 -0.46099999547004694 0.44139750301837927 1.3759199976921084 -0.17407006770372388 0.79567050933837902 -0.52211499214172352 -2.0103250741958614 -0.094999998807907091 0.028500000014901165 48.491888046264656 0.22699999809265139 78.088207244873061 -0.060000000521540635
decision_type=2 2 2 2 2 2 10 2 2 2 2 2 2 2 2 2 2 2 2 2 2 2 2 2 2 2 2 2 2 2
left_child=21 14 3 5 6 8 7 -4 9 -3 20 -10 -8 -5 -2 16 -16 -17 -19 -7 -9 22 -1 -23 25 -6 28 -28 29 -26
right_child=1 2 4 13 24 19 12 10 11 -11 -12 -13 -14 -15 15 17 -18 18 -20 -21 -22 23 -24 -25 26 -27 27 -29 -30 -31
leaf_value=0.038986856299986383 -0.023093816993549478 -0.026047969974049609 0.025967604551112505 -0.024738128774299938 0.011475097812830709 -0.014781073147276088 0.025172084447005093 0.039303826035696765 0.049417562821268905 0.029358566892978718 -0.01116273625576782 0.0072100552712600777 -0.0089826081821027855 0.018016857463595212 0.031835108168283256 0.048013600426315958 -0.025757654779197545 0.037760367460653282 -0.014141977232406107 0.022393137039183553 -0.0043288929427680979 0.01115364365963218 -0.012684177302991324 -0.026005510656178694 -0.018464384387862621 0.00027572078133615319 -0.010827425094337506 0.0053189752474455164 -0.002110982893698599 0.0087678400185091671
leaf_weight=4.4364013224840155 64.19257203862071 11.958239126950504 11.429027311503885 63.684568990021944 330.56435674801469 47.376414354890585 26.222690768539906 8.2579194866120833 13.054258387535812 6.809947818517684 222.13908241689205 12.561884127557276 13.926410283893345 5.5974130928516379 5.062470130622386 6.7469990551471737 33.887733493000269 4.7183536291122463 14.368575073778628 7.1329427994787684 9.4709527343511564 6.6398016512393943 27.634587954729795 85.035334423184395 26.076623946428299 287.77646498009562 173.15669162943959 85.746783498674631 225.32671900093555 475.48453072831035
leaf_count=54 982 147 66 948 2214 466 232 91 79 50 2349 117 139 35 51 35 485 43 200 64 98 103 443 1402 169 2094 1269 534 1462 3054
internal_value=-0.000480054 0.000542877 0.00146824 -0.00786272 0.00229979 0.0015129 -0.0044397 -0.00733083 0.0150727 -0.00547582 -0.00901863 0.029768 0.0133946 -0.0210767 -0.0141612 -0.00509364 -0.0176627 0.0138089 -7.04391e-05 -0.00960078 0.0170082 -0.018465 -0.00457374 -0.0232229 0.00352626 0.00627176 0.00179952 -0.00547997 0.0043963 0.00731809
internal_weight=2316.48 2192.73 2063.75 168.176 1895.58 98.8937 291.446 251.297 44.3843 18.7682 239.868 25.6161 40.1491 69.282 128.977 64.7841 38.9502 25.8339 19.0869 54.5094 17.7289 123.746 32.071 91.6751 1604.13 618.341 985.791 258.903 726.888 501.561
internal_count=19475 17473 15677 1906 13771 923 2975 2604 393 197 2538 196 371 983 1796 814 536 278 243 530 189 2002 497 1505 10796 4308 6488 1803 4685 3223
is_linear=0
shrinkage=0.03


Tree=60
num_leaves=31
num_cat=1
split_feature=5 29 28 5 12 17 10 2 2 10 16 1 12 10 3 10 14 10 2 28 10 14 32 10 8 3 2 16 14 16
split_gain=50.1877 31.9904 27.2133 22.0739 17.453 16.0687 15.2907 28.4869 16.2565 15.7384 20.2172 16.0644 15.3327 14.8366 14.729 16.4913 14.5977 21.3574 18.3542 13.9828 57.5609 49.6919 14.8393 13.7287 14.7566 23.1453 15.2828 13.6161 13.1676 12.5463
threshold=0.59747540950775158 75.522090911865249 18.289889335632328 -0.97269129753112782 -0.069500001147389398 1.660228490829468 -0.33500000834465021 29.897008895874027 331.74017333984381 -0.12499999627470969 -1.2910532951354978 73.296070098876967 -0.02450000029057264 -0.044999999925494187 264.05590820312506 -0.1950000002980232 0.60499998927116405 0.31000000238418585 69.823360443115249 18.767070770263675 -0.49500000476837153 -0.6599999964237212 0 0.14500000327825549 -71.038375854492173 152.23914337158206 96.19669342041017 -1.7367364168167112 -0.53999999165534962 -0.64064663648605336
decision_type=2 2 2 2 2 2 2 2 2 2 2 2 2 2 2 2 2 2 2 2 2 2 1 2 2 2 2 2 2 2
left_child=1 14 -3 4 13 6 7 -5 19 10 -8 -12 -10 28 -1 -16 17 18 -17 20 21 -9 -21 -11 25 -25 -27 -2 -4 -26
right_child=27 2 3 5 -6 -7 9 8 12 23 11 -13 -14 -15 15 16 -18 -19 -20 22 -22 -23 -24 24 29 26 -28 -29 -30 -31
leaf_value=-0.023770762979720597 0.0086361225311288176 -0.013052288379265612 -0.019048693271717491 -0.020901518137501799 -0.024114816359239753 -0.012436857246812202 -0.012455703770630058 0.002197630521540761 0.036205006971529716 -0.0016207271395350838 0.0251866959384907 0.0089518000891885517 0.0056896840821165241 -0.013713050249439092 -0.029878814851949789 0.035156179479433634 -0.029576850775689001 0.04704884671209425 -0.0149940934408024 0.0015362318137742313 -0.031268661984650059 0.082310149208948066 -0.013617284701971244 0.043573079887946793 -0.0029388244240471637 -0.015532827926117009 0.015094603377497715 -0.022799831219202326 0.024822421964566813 0.0064165336193060625
leaf_weight=63.018799301236868 13.546422354876993 103.64275198057294 7.3262767978012588 55.868235174566507 46.348055019974709 54.844915609806776 26.944734748452902 14.81828987970948 20.087810508906841 303.9266885407269 83.677976317703724 161.39522032439709 51.514562852680683 34.252618990838528 14.930994752794502 8.1855358891189116 8.0142658688127977 10.656526833772658 22.050605814903975 159.201430760324 15.054603833705185 12.249342389404775 80.6507169008255 21.015155807137489 167.61467092856765 17.403992664068937 73.306926477700472 103.38579592481256 24.248493060469627 552.06962490454316
leaf_count=965 206 1148 86 693 666 411 174 164 101 2113 581 970 294 356 277 51 116 81 270 970 181 86 813 97 1273 124 403 1724 195 3975
internal_value=-4.61183e-05 0.000969067 0.00186044 0.00264572 -0.0102238 0.00342209 0.00390742 -0.00119288 0.00197143 0.00539105 0.0118616 0.0145749 0.0146314 -0.000228901 -0.0135985 -0.00334498 0.00519202 0.0125495 -0.000726549 -0.0012837 0.0144545 0.0400931 -0.00409614 0.00383169 0.00582441 0.0159239 0.00911306 -0.0191157 0.0143708 0.00423661
internal_weight=2331.25 2214.32 2087.46 1983.82 112.175 1871.64 1816.8 409.445 353.577 1407.35 272.018 245.073 71.6024 65.8274 126.857 63.8379 48.9069 40.8927 30.2361 281.974 42.1222 27.0676 239.852 1135.34 831.41 111.726 90.7109 116.932 31.5748 719.684
internal_count=19564 17634 15874 14726 1303 13423 13012 3302 2609 9710 1725 1551 395 637 1760 795 518 402 321 2214 431 250 1783 7985 5872 624 527 1930 281 5248
cat_boundaries=0 1
cat_threshold=89
is_linear=0
shrinkage=0.03


Tree=61
num_leaves=31
num_cat=3
split_feature=5 32 12 10 10 10 10 12 14 12 7 31 10 4 5 3 2 16 3 14 14 32 9 3 3 9 14 10 10 3
split_gain=38.7339 29.0688 33.7091 40.4738 30.2678 25.8084 23.5348 22.6608 18.2825 26.7991 16.5549 23.1498 28.526 16.3672 16.9637 16.9195 15.1403 14.7914 15.5551 14.7306 14.4437 16.4024 28.9815 21.6112 22.6722 22.7214 19.949 24.8145 37.5292 16.2149
threshold=0.59747540950775158 0 -0.41899999976158137 0.45499999821186071 -0.24499999731779096 1.2450000047683718 0.31000000238418585 -0.57400000095367421 0.34499999880790716 0.14050000160932544 -23.811680793762203 1 0.24000000208616259 28.500000000000004 -0.78753387928009022 233.607048034668 166.9034118652344 0.52900657057762157 688.14999389648449 -0.37499999999999994 0.32500000298023229 2 -0.66783815622329701 731.32540893554699 545.83404541015636 -56.249256134033196 0.074999999254941954 -0.1950000002980232 -0.26999999582767481 575.50405883789074
decision_type=2 1 2 2 2 2 2 2 2 2 2 1 2 10 2 2 2 2 2 2 2 1 2 2 2 2 2 2 2 2
left_child=1 5 4 6 -3 8 -4 -6 9 20 -10 12 -12 14 -8 -16 -17 18 -14 -2 21 23 26 24 -1 -26 27 28 -23 -28
right_child=19 2 3 -5 7 -7 13 -9 10 -11 11 -13 17 -15 15 16 -18 -19 -20 -21 -22 22 -24 -25 25 -27 29 -29 -30 -31
leaf_value=0.011716420773490019 0.0037201916210323751 -0.0319758441161739 -0.0051920433293939265 -0.023319713597308007 -0.0028466123636758205 -0.026708925998432081 -0.022464149472029814 0.023194830832369676 0.018206839990174514 -0.0097888971481161768 0.035798600831819231 -0.0087620627989762039 0.004456356557734859 -0.023590940509061575 0.0039901555830441082 0.041585654803382874 0.0025140542314311849 0.018242090032102858 -0.025898280755079623 -0.022427827328578759 -0.0136084229126377 -0.0058640454713667859 0.010219405466698179 -0.012860835086655859 0.073531482580781141 0.01846339258890245 0.018104512223387732 -0.019789418327962386 0.046650750677153852 -0.019562534719069099
leaf_weight=157.32585085555911 24.412934985011816 12.976928927004336 572.53895787894726 98.420183233916759 44.910887476056814 23.0663006529212 9.2491412796080095 88.816535223275423 142.21307936310768 138.64683113619685 33.693828590214252 69.005325525999069 69.35312208533287 10.560391794890164 38.761153999716043 32.307789459824562 12.37735442817211 49.437657583504915 18.386770479381084 88.635729350149632 36.485885411500931 89.069588899612427 223.03478651121259 25.168709103018045 10.592067040503027 18.444568291306496 48.812711276113987 97.64597199857235 13.175846807658671 12.082468904554842
leaf_count=884 377 158 6038 1387 395 269 99 561 792 1003 167 564 389 126 343 162 80 274 145 1522 213 705 1310 189 71 116 287 662 83 80
internal_value=0.000248574 0.00113314 -0.0029146 -0.00544602 0.0101938 0.00404645 -0.00281235 0.0144929 0.00466594 0.00225953 0.0101281 0.00528279 0.0108511 0.0103059 0.0143782 0.0186795 0.0310551 0.00529408 -0.00212492 -0.016798 0.00455235 0.00552344 0.00225618 0.0122673 0.0163662 0.0403306 -0.00448112 -0.00905467 0.00128957 0.0104355
internal_weight=2309.61 2196.56 920.919 774.215 146.704 1275.64 675.795 133.727 1252.58 870.485 382.09 239.877 170.871 103.256 92.6954 83.4463 44.6851 137.178 87.7399 113.049 731.838 695.353 483.821 211.531 186.362 29.0366 260.787 199.891 102.245 60.8952
internal_count=19451 17552 9349 8235 1114 8203 6848 956 7934 5603 2331 1539 975 810 684 585 242 808 534 1899 4600 4387 3127 1260 1071 187 1817 1450 788 367
cat_boundaries=0 1 2 3
cat_threshold=57 2 8
is_linear=0
shrinkage=0.03


Tree=62
num_leaves=31
num_cat=1
split_feature=29 5 28 16 5 12 18 28 17 32 5 14 4 1 12 17 2 12 12 17 4 14 1 29 14 29 5 28 28 14
split_gain=36.3374 33.593 20.9261 18.6886 17.5141 14.9481 18.7153 18.5524 13.4585 13.6972 11.3076 12.0542 11.6542 11.1319 13.0625 11.1239 10.7636 10.6053 12.6034 13.8817 10.437 10.1198 14.1831 12.5269 15.6543 11.9679 9.75474 9.67813 15.8139 14.6552
threshold=75.522090911865249 0.52643132209777843 18.289889335632328 -1.7367364168167112 -0.98097097873687733 -0.069500001147389398 1.5407053232192995 22.825375556945804 1.0224600434303286 0 -0.04725049436092376 0.064999999478459372 17.500000000000004 0.64752238988876354 0.25150000303983694 -0.15243946015834806 161.03313446044925 -0.30349999666213984 -0.35750000178813929 1.0000000180025095e-35 1.0000000180025095e-35 -0.37499999999999994 2.576830387115479 84.152141571044936 0.32500000298023229 77.440567016601577 -0.60434082150459278 25.658441543579105 25.763958930969242 -1.0000000180025095e-35
decision_type=2 2 2 2 2 2 2 2 2 1 2 2 8 2 2 2 2 2 2 2 10 2 2 2 2 2 2 2 2 2
left_child=17 2 10 -3 5 6 20 -8 9 16 11 12 15 14 -11 -2 -6 18 19 -1 -4 22 -5 -23 -25 -24 -21 29 -29 -15
right_child=1 3 4 21 8 -7 7 -9 -10 13 -12 -13 -14 27 -16 -17 -18 -19 -20 26 -22 23 25 24 -26 -27 -28 28 -30 -31
leaf_value=-0.02738757740864162 0.012988166637295118 0.016605088193530161 0.018091967981777857 -0.024210057531323364 0.0031525453569405996 -0.02375976234489342 -0.010223360522250785 0.052189986428002481 -0.0042665153872069317 -0.019815375005614252 -0.029246584385203823 -0.017742365724625245 0.040388036793173043 0.0026919553633673191 0.026592190056899851 -0.020634047430530128 -0.025418765432060966 -0.020763823382327459 0.028820678016154101 0.03011226243864349 -0.017991948634190486 -0.023926042426874617 0.044460100053540258 0.042346957923295112 -0.023987574504502583 -0.0070747391819068672 -0.014494616455958441 -0.013564338183852378 0.0036613212789781886 0.0091971209674287339
leaf_weight=18.915791839361191 19.50313102081418 16.56285036355257 8.2670077830553037 10.964721329510214 21.210758164525032 39.088647052645683 6.8785020634532001 9.2647192478179914 186.85222972929478 29.52872758358717 23.138770423829556 37.067297998815775 6.1970994323492041 571.94303682073951 5.7398711182177058 14.596913035959004 25.3788171261549 91.521006476134062 8.1557293608784658 8.5068736970424634 33.348430089652538 96.162643671035767 7.1433729305863363 5.3253086693584901 5.5587091110646725 7.6096345297992229 7.3915686458349219 58.819249432533979 241.05967784672976 686.98399900272489
leaf_count=198 181 235 67 198 208 596 71 77 1346 347 324 387 46 4207 46 172 251 1538 73 65 343 1613 101 61 67 74 87 450 1368 4682
internal_value=3.20324e-05 0.00097095 0.00198586 -0.0127128 0.00268485 -0.00968512 8.22689e-05 0.0265511 0.00334532 0.00421429 -0.0112926 -0.00561807 0.00569403 0.00468449 -0.0117377 -0.00158203 -0.0104272 -0.0150417 -0.00265932 -0.0106328 -0.0105675 -0.0164671 0.00042959 -0.0204929 0.00930073 0.0191166 0.00974296 0.00509336 0.00024877 0.00624624
internal_weight=2308.69 2174.19 2024.87 149.327 1924.36 96.8473 57.7587 16.1432 1827.52 1640.66 100.503 77.3644 40.2971 1594.07 35.2686 34.1 46.5896 134.491 42.97 34.8142 41.6154 132.764 25.7177 107.047 10.884 14.753 15.8984 1558.81 299.879 1258.93
internal_count=19479 17518 15169 2349 14059 1154 558 148 12905 11559 1110 786 399 11100 393 353 459 1961 423 350 410 2114 373 1741 128 175 152 10707 1818 8889
cat_boundaries=0 1
cat_threshold=2
is_linear=0
shrinkage=0.03


Tree=63
num_leaves=31
num_cat=1
split_feature=5 29 5 12 28 3 12 29 0 12 32 12 12 8 12 5 29 12 9 12 17 28 0 17 12 3 17 3 12 12
split_gain=33.6926 30.1157 25.1355 20.4348 18.8819 17.5341 14.2196 13.8092 11.7893 11.5516 11.4758 31.047 14.3333 27.8766 14.9094 18.6351 18.9552 25.1518 35.4481 19.0218 22.4036 15.8566 13.4012 13.3425 11.0756 15.8555 13.814 10.5821 10.1903 10.1184
threshold=0.59747540950775158 75.522090911865249 -0.90013122558593739 0.12900000065565112 18.289889335632328 223.22633361816409 0.55149999260902416 81.26676177978517 4.4209465980529794 -0.30349999666213984 0 -0.50149999558925618 -0.55899998545646656 -63.346477508544915 -0.48800000548362726 0.081451712176203742 76.978988647460952 -0.28399999439716334 8.688052177429201 -0.158500000834465 0.41494375467300421 23.15529823303223 39.848514556884773 1.5727599859237673 -0.35750000178813929 274.55114746093756 1.0000000180025095e-35 233.607048034668 -0.71900001168251026 0.34650000929832464
decision_type=2 2 2 2 2 2 2 2 2 2 1 2 2 2 2 2 2 2 2 2 2 2 2 2 2 2 2 2 2 2
left_child=1 9 3 28 5 -4 10 -5 -2 24 11 -6 13 -12 21 23 17 18 -17 22 -21 -14 -18 -16 25 -1 -27 -11 -3 -29
right_child=8 2 4 7 6 -7 -8 -9 -10 27 12 -13 14 -15 15 16 19 -19 -20 20 -22 -23 -24 -25 -26 26 -28 29 -30 -31
leaf_value=-0.032221741853554815 -0.021116630798295545 -0.027290473057118264 -0.024634810479376192 -0.027701857605781928 0.032167101382812868 0.0025553085847535581 0.024874267298444101 0.0028033745062136573 0.0018045861650288328 -0.031151664997829648 0.027524698496493135 -0.0067793165243976742 0.030488487808975138 -0.013305200263081218 0.0076344255039304488 0.045892893085038453 -0.020543513381787504 -0.014377345530869822 -0.032030500187620221 0.020013054145997848 -0.012059367644343172 -0.0064106068600507295 0.019256059072183907 -0.0093619734043812828 0.029759055016330731 -0.017240179084636334 0.031210723291104983 -0.015188169647651722 0.00016184052244466989 0.023736342017269693
leaf_weight=13.066438704729078 82.527446374297142 11.91383260861039 39.062397956848145 51.563165303319693 19.48680741339922 45.326870407909155 28.712363213300705 17.673926398158073 26.43889007717371 37.197088446468115 17.363821774721146 182.27621290832758 39.652393616735935 83.060591153800488 984.94855106249452 14.51845419034362 31.453430626541376 125.50071622431278 7.0892928056418887 82.37848412245512 24.885629005730152 13.709938503801821 9.0850276798009855 42.578992504626513 7.9040395170450202 8.9127034023404139 10.533154398202894 36.792939405888319 210.93771940469742 6.2235391102731219
leaf_count=153 1524 111 503 829 117 424 199 150 369 696 81 1284 265 528 6065 121 322 1371 65 697 234 94 51 294 63 88 76 566 2015 85
internal_value=0.000617536 0.00142559 0.00227178 -0.00587492 0.00360287 -0.0101717 0.00428952 -0.0199858 -0.0155893 -0.0130861 0.00392269 -0.00274242 0.00482081 -0.00604376 0.00565268 0.00501533 -0.00162778 -0.00922069 0.020041 0.00594065 0.0125295 0.0210648 -0.0113752 0.00692171 1.91218e-05 -0.00788319 0.00924692 -0.0196082 -0.00142114 -0.00914533
internal_weight=2312.77 2203.81 2083.18 292.089 1791.09 84.3893 1706.7 69.2371 108.966 120.63 1677.99 201.763 1476.23 100.424 1375.8 1322.44 294.911 147.108 21.6077 147.803 107.264 53.3623 40.5385 1027.53 40.4163 32.5123 19.4459 80.2136 222.852 43.0165
internal_count=19440 17547 15820 3105 12715 927 11788 979 1893 1727 11589 1401 10188 609 9579 9220 2861 1557 186 1304 931 359 373 6359 380 317 164 1347 2126 651
cat_boundaries=0 1
cat_threshold=66
is_linear=0
shrinkage=0.03


end of trees

feature_importances:
oni=333
dmi=270
nino34=223
doy_sin=175
centroid_lon=147
season_to_date=133
centroid_lat=110
rain_prev_30_anom=94
rain_prev_30=71
zone_id=57
rmm2=52
rmm1=44
doy_cos=39
amplitude=38
days_since_wet=34
rain_prev_14_anom=34
rain_prev_14=24
rain_prev_7_anom=20
rain_prev_7=8
state=8
oni_age_days=2
dmi_age_days=2
mjo_phase_2=1
mjo_phase_5=1

parameters:
[boosting: gbdt]
[objective: binary]
[metric: binary_logloss]
[tree_learner: serial]
[device_type: cpu]
[data_sample_strategy: bagging]
[data: ]
[valid: ]
[num_iterations: 2000]
[learning_rate: 0.03]
[num_leaves: 31]
[num_threads: 0]
[seed: 42]
[deterministic: 0]
[force_col_wise: 0]
[force_row_wise: 0]
[histogram_pool_size: -1]
[max_depth: -1]
[min_data_in_leaf: 60]
[min_sum_hessian_in_leaf: 0.001]
[bagging_fraction: 0.8]
[pos_bagging_fraction: 1]
[neg_bagging_fraction: 1]
[bagging_freq: 1]
[bagging_seed: 400]
[bagging_by_query: 0]
[feature_fraction: 0.8]
[feature_fraction_bynode: 1]
[feature_fraction_seed: 30056]
[extra_trees: 0]
[extra_seed: 12879]
[early_stopping_round: 0]
[early_stopping_min_delta: 0]
[first_metric_only: 0]
[max_delta_step: 0]
[lambda_l1: 0]
[lambda_l2: 1]
[linear_lambda: 0]
[min_gain_to_split: 0]
[drop_rate: 0.1]
[max_drop: 50]
[skip_drop: 0.5]
[xgboost_dart_mode: 0]
[uniform_drop: 0]
[drop_seed: 17869]
[top_rate: 0.2]
[other_rate: 0.1]
[min_data_per_group: 100]
[max_cat_threshold: 32]
[cat_l2: 10]
[cat_smooth: 10]
[max_cat_to_onehot: 4]
[top_k: 20]
[monotone_constraints: ]
[monotone_constraints_method: basic]
[monotone_penalty: 0]
[feature_contri: ]
[forcedsplits_filename: ]
[refit_decay_rate: 0.9]
[cegb_tradeoff: 1]
[cegb_penalty_split: 0]
[cegb_penalty_feature_lazy: ]
[cegb_penalty_feature_coupled: ]
[path_smooth: 0]
[interaction_constraints: ]
[verbosity: -1]
[saved_feature_importance_type: 0]
[use_quantized_grad: 0]
[num_grad_quant_bins: 4]
[quant_train_renew_leaf: 0]
[stochastic_rounding: 1]
[linear_tree: 0]
[max_bin: 255]
[max_bin_by_feature: ]
[min_data_in_bin: 3]
[bin_construct_sample_cnt: 200000]
[data_random_seed: 175]
[is_enable_sparse: 1]
[enable_bundle: 1]
[use_missing: 1]
[zero_as_missing: 0]
[feature_pre_filter: 1]
[pre_partition: 0]
[two_round: 0]
[header: 0]
[label_column: ]
[weight_column: ]
[group_column: ]
[ignore_column: ]
[categorical_feature: 31,32]
[forcedbins_filename: ]
[precise_float_parser: 0]
[parser_config_file: ]
[objective_seed: 16083]
[num_class: 1]
[is_unbalance: 0]
[scale_pos_weight: 1]
[sigmoid: 1]
[boost_from_average: 1]
[reg_sqrt: 0]
[alpha: 0.9]
[fair_c: 1]
[poisson_max_delta_step: 0.7]
[tweedie_variance_power: 1.5]
[lambdarank_truncation_level: 30]
[lambdarank_norm: 1]
[label_gain: ]
[lambdarank_position_bias_regularization: 0]
[eval_at: ]
[multi_error_top_k: 1]
[auc_mu_weights: ]
[num_machines: 1]
[local_listen_port: 12400]
[time_out: 120]
[machine_list_filename: ]
[machines: ]
[gpu_platform_id: -1]
[gpu_device_id: -1]
[gpu_device_id_list: ]
[gpu_use_dp: 0]
[num_gpu: 1]

end of parameters

pandas_categorical:[["Bihar", "Madhya Pradesh", "Maharashtra", "Uttar Pradesh"], ["BI-2", "BI-3", "MH-6/MH-7", "MP-10", "MP-10/MP-5", "UP-10", "UP-8"]]
