tree
version=v4
num_class=1
num_tree_per_iteration=1
label_index=0
max_feature_idx=32
objective=binary sigmoid:1
feature_names=rain_prev_7 rain_prev_14 rain_prev_30 season_to_date days_since_wet doy_sin doy_cos rain_prev_7_anom rain_prev_14_anom rain_prev_30_anom oni oni_age_days dmi dmi_age_days nino34 nino34_age_days rmm1 rmm2 amplitude mjo_age_days mjo_phase_1 mjo_phase_2 mjo_phase_3 mjo_phase_4 mjo_phase_5 mjo_phase_6 mjo_phase_7 mjo_phase_8 centroid_lat centroid_lon small_unit state zone_id
feature_infos=[0:563.739501953125] [0:825.598876953125] [0:1061.04931640625] [0:2138.258544921875] [0:323] [-0.99819540977478027:0.7295575737953186] [-0.99941062927246094:-0.060048960149288177] [-119.4168701171875:466.78271484375] [-199.28990173339844:623.6695556640625] [-325.978759765625:676.28131103515625] [-1.3700000047683716:1.690000057220459] [63:90] [-0.86100000143051147:0.81099998950958252] [32:59] [-1.3799999952316284:1.9700000286102295] [32:59] [-2.703779935836792:3.1550700664520264] [-2.4152100086212158:3.5100479125976562] [0.026713300496339798:3.5471172332763672] none [0:1] [0:1] [0:1] [0:1] [0:1] [0:1] [0:1] [0:1] [18.132350921630859:26.753688812255859] [75.09625244140625:87.400367736816406] none -1:2:1:3:0 -1:2:4:3:5:6:0:1
tree_sizes=3347 3436 3446 3438 3456 3453 3468 3467 3445 3474 3456 3441 3477 3475 3468 3476 3474 3482 3482 3466 3479 3473 3491 3457 3468 3472 3470 3472 3476 3470 3484 3476 3478 3497 3495 3474 3478 3474 3479 3464 3479 3476 3476 3467 3503 3480 3478 3467 3482 3485 3485 3476 3450 3487 3502 3458 3446 3495 3491 3460 3486 3477 3492 3481 3467 3481 3494 3451 3487 3495 3464 3461 3480 3480 3498 3458 3475 3477 3495 3506 3493

Tree=0
num_leaves=31
num_cat=0
split_feature=2 28 5 28 14 16 14 7 1 18 14 5 10 16 14 18 3 9 14 18 10 28 6 28 18 12 10 29 14 16
split_gain=385.647 450.853 243.644 345.285 156.549 138.03 87.2208 78.9742 66.552 65.527 61.4521 96.437 65.5289 83.5798 84.8023 60.3343 58.2343 44.172 47.187 53.5288 122.941 43.3002 36.8364 36.3158 44.1881 37.4087 32.7213 29.2642 33.2225 28.78
threshold=51.086946487426765 20.863806724548343 -0.88134551048278797 24.009605407714847 -0.38499999046325678 0.6024899184703828 -0.3299999982118606 -5.1775982379913321 239.44480133056643 1.4956442117691042 -1.0000000180025095e-35 -0.04725049436092376 0.24000000208616259 0.26034356653690344 0.30500000715255743 1.2534404993057253 320.57951354980474 -21.117370605468746 0.40500000119209295 0.40214560925960546 0.24000000208616259 25.763958930969242 -0.92449048161506642 24.994574546813968 0.81140595674514782 -0.50149999558925618 0.56499999761581432 76.836559295654311 0.014999999664723875 -0.3104389607906341
decision_type=2 2 2 2 2 2 2 2 2 2 2 2 2 2 2 2 2 2 2 2 2 2 2 2 2 2 2 2 2 2
left_child=-1 17 21 4 29 6 8 -7 -6 -9 16 12 13 14 15 -12 -8 18 19 20 -2 -3 26 -5 -25 -26 -14 -21 -29 -4
right_child=1 2 3 23 5 7 10 9 -10 -11 11 -13 22 -15 -16 -17 -18 -19 -20 27 -22 -23 -24 24 25 -27 -28 28 -30 -31
leaf_value=-2.3802605032025577 -2.3846261500084891 -2.3698857574865948 -2.370608946318336 -2.3779870734185633 -2.1830143843034415 -2.1801848288902943 -2.290925197486922 -2.2361474012058928 -2.3202212002781484 -2.3391045614902057 -2.2244509101034153 -2.3487916841301182 -2.3090633556961895 -2.3415449697666451 -2.1377044323442176 -2.3410379552431153 -2.3644019164354848 -2.375891708602579 -2.3800164536676958 -2.3607511548767928 -2.1985514279085114 -2.329671264469606 -2.3212756583855727 -2.3219019309178557 -2.2963558235219348 -2.3567053026583911 -2.2237086812036506 -2.2913124324868224 -2.3686299044444405 -2.3234468308920477
leaf_weight=436.02293369174004 5.6913798451423627 128.92556288093328 21.342674419283867 27.824523687362671 9.3275391906499845 15.493200689554213 14.544637382030485 14.860825151205065 5.5332859605550757 9.1694453060626966 10.82943109422923 21.896003015339375 10.592290267348291 6.5608962103724471 7.5885064601898184 6.4818492680788031 25.374068476259708 302.67074204236269 52.882404394447803 85.607838504016399 5.6123329028487206 28.61499311029911 32.883527994155884 65.134680449962616 9.0113514214754087 120.62563394010067 8.0627881139516813 11.857041344046594 7.7466003447771064 23.555988803505898
leaf_count=5516 72 1631 270 352 118 196 184 188 70 116 137 277 134 83 96 82 321 3829 669 1083 71 362 416 824 114 1526 102 150 98 298
internal_value=-2.35643 -2.34694 -2.33022 -2.31935 -2.29478 -2.28343 -2.29653 -2.23326 -2.22858 -2.27316 -2.30434 -2.29234 -2.27771 -2.24342 -2.21915 -2.26487 -2.33668 -2.36904 -2.35677 -2.34611 -2.2869 -2.36246 -2.3004 -2.34645 -2.34186 -2.35208 -2.26728 -2.35307 -2.32096 -2.34568
internal_weight=1532.32 1096.3 624.234 466.693 244.097 199.198 159.675 39.5235 14.8608 24.0303 144.814 104.895 82.9993 31.4607 24.8998 17.3113 39.9187 472.068 169.398 116.515 11.3037 157.541 51.5386 222.596 194.772 129.637 18.6551 105.211 19.6036 44.8987
internal_count=19385 13869 7897 5904 3088 2520 2020 500 188 304 1832 1327 1050 398 315 219 505 5972 2143 1474 143 1993 652 2816 2464 1640 236 1331 248 568
is_linear=0
shrinkage=1


Tree=1
num_leaves=31
num_cat=1
split_feature=3 32 5 28 14 17 11 5 10 14 3 16 16 9 12 16 3 12 17 10 8 14 12 14 7 10 6 29 16 7
split_gain=359.458 442.355 240.341 174.875 115.61 60.7072 82.6177 68.3297 54.4996 86.0837 76.4751 75.1993 53.3091 46.1865 63.8797 78.8491 75.9572 45.9116 41.421 40.5942 36.7596 35.3594 101.538 33.1776 32.0089 31.4197 26.7492 26.4667 26.3816 26.0579
threshold=63.532464981079109 0 -0.83753159642219532 25.346193313598636 -0.49499998986721033 -0.69458991289138783 68.500000000000014 0.081451712176203742 -0.094999998807907091 0.34499999880790716 339.73304748535162 -0.83375048637390126 -0.45300555229187006 46.998497009277351 -0.2145000025629997 0.32726836204528814 387.56597900390631 -0.26350000500679011 0.60379037261009227 0.24000000208616259 58.590194702148445 0.2950000017881394 0.34650000929832464 0.39499999582767492 26.7783317565918 1.1200000047683718 -0.95380109548568714 76.013408660888686 -0.23738544434309003 7.3703784942626962
decision_type=2 1 2 2 2 2 2 2 2 2 2 2 2 2 2 2 2 2 2 2 2 2 2 2 2 2 2 2 2 2
left_child=-1 13 -3 4 -4 20 -7 8 11 10 12 -8 -10 14 15 17 23 -2 -9 -18 28 22 27 -17 -13 -11 -22 -16 -6 -29
right_child=1 2 3 -5 5 6 7 18 9 25 -12 24 -14 -15 21 16 19 -19 -20 -21 26 -23 -24 -25 -26 -27 -28 29 -30 -31
leaf_value=-0.024217284323989265 -0.010935062011688866 -0.0021147012676245875 0.0074243924396879954 0.013599944936517842 -0.0026592185506657197 0.030916637061563126 0.032542643184766462 -0.01585592976127383 0.019773150525496608 0.11658200034108114 0.014143636423779721 0.17897887341216107 0.14299050657499018 -0.026582454130651457 -0.024859809026727738 -0.016252192133770015 0.053209448817565258 0.074858026936090505 0.083388349416672045 0.17123930168615584 0.024411128973358072 -0.025730506332881615 0.10947209070813976 0.06634682536554333 0.074660780806344557 0.03394548774026461 0.11603658012544965 -0.0093182852366961062 0.046969145185388771 0.02433972116767389
leaf_weight=419.55336686223745 63.534816451370716 183.57017375528812 40.023541770875454 151.37554835528135 22.873785935342312 36.109889663755894 6.372448422014716 9.7005159482359868 5.3135486021637908 38.095014721155167 27.086605206131935 15.558616504073145 8.3835998848080617 139.64850786328316 59.804744005203247 11.860886119306093 7.401130944490431 5.1507140919566146 4.9566043987870207 4.7481522634625435 5.8460155427455902 122.7236335799098 5.7568727359175673 5.685511350631713 5.7116252258419982 5.7718369588255873 6.2644842565059644 71.86408293992281 15.537400811910627 27.917668931186199
leaf_count=5400 808 2319 503 1893 282 435 78 119 65 447 332 180 97 1795 766 152 94 64 61 61 71 1579 69 73 68 71 75 914 187 356
internal_value=-0.000581633 0.00832856 0.0259201 0.03924 0.0544309 0.0631639 0.0721108 0.0834949 0.0914101 0.0776585 0.0446071 0.12934 0.0997884 -0.0116342 -0.00647799 0.0142946 0.0542706 -0.00351955 0.0208879 0.108852 0.0334486 -0.0135972 -0.00449087 0.0126464 0.155577 0.106708 0.0770424 -0.00925803 0.018098 0.000246867
internal_weight=1534.2 1114.65 588.551 404.981 253.606 213.582 163.06 126.95 112.293 84.6506 40.7838 27.6427 13.6971 526.097 386.448 98.3812 29.6957 68.6855 14.6571 12.1493 50.5217 288.067 165.343 17.5464 21.2702 43.8669 12.1105 159.586 38.4112 99.7818
internal_count=19414 14014 7283 4964 3071 2568 1953 1518 1338 1012 494 326 162 6731 4936 1252 380 872 180 155 615 3684 2105 225 248 518 146 2036 469 1270
cat_boundaries=0 1
cat_threshold=6
is_linear=0
shrinkage=0.03


Tree=2
num_leaves=31
num_cat=1
split_feature=32 1 5 5 14 29 5 11 14 12 12 2 10 18 16 14 5 18 18 12 11 29 10 9 0 24 5 9 1 16
split_gain=392.563 374.821 163.999 105.2 104.834 126.123 98.2919 66.6672 70.9831 52.4725 76.9794 77.3177 50.8024 70.9669 45.1234 57.5415 38.5381 40.4109 79.9105 48.0404 37.0337 36.768 37.5801 54.1478 36.5308 31.3546 41.8374 42.9295 29.9947 28.7271
threshold=0 25.782530784606937 -0.83753159642219532 0.038674917072057731 -0.38499999046325678 81.26676177978517 -0.30041381716728205 71.000000000000014 0.34499999880790716 -0.2145000025629997 -0.26350000500679011 234.51697540283206 0.39499999582767492 1.4765700101852419 0.5072535276412965 -0.3299999982118606 -0.83753159642219532 0.87745714187622081 0.83054965734481823 0.50899998843669902 73.500000000000014 81.26676177978517 -0.62499999999999989 -19.717172622680661 35.539224624633796 1.0000000180025095e-35 -0.75976759195327748 59.953744888305671 173.02658843994143 -0.51828125119209278
decision_type=1 2 2 2 2 2 2 2 2 2 2 2 2 2 2 2 2 2 2 2 2 2 2 2 2 2 2 2 2 2
left_child=1 -1 21 4 -4 7 9 24 12 10 25 -12 13 14 15 -9 -11 18 19 28 -7 22 23 -3 -6 -2 27 -27 -18 -23
right_child=6 2 3 -5 5 20 -8 8 -10 16 11 -13 -14 -15 -16 -17 17 -19 -20 -21 -22 29 -24 -25 -26 26 -28 -29 -30 -31
leaf_value=-0.018529764164925262 -0.0011601732513879506 0.1059663578549854 0.009501289320769107 0.013064066945203767 0.0037304892558530545 0.048802187643640561 -0.022660409158399224 0.14309069184280943 0.12118989374308131 -0.021433959877136751 0.12197482953833109 -0.017591461731226398 0.00073598717514993754 0.02257759867075634 0.14866958442131081 0.052764939390807571 -0.01227043393820028 -0.012759172199266139 0.097003937013758867 0.063655341659260442 -0.0014507765107807085 -0.016722276312069927 -0.016470805880001438 -0.022848699362869398 0.059845406909597464 0.12719595775466871 -0.022891270536182017 0.00791788299109316 0.053584257055665184 0.046165991643595562
leaf_weight=176.17714135348797 112.80844297260046 4.8569159805774689 42.919898800551891 79.979536518454552 14.531523846089838 22.161938048899174 439.60199411958456 8.183410786092276 37.81325214356184 139.57756996899843 9.4642950370907766 5.0795291587710372 8.8395800814032537 16.83023440092802 11.359933674335478 29.059979990124706 57.57841494679451 106.96492052823305 8.4954450801014882 9.5728410705924016 30.551486954092979 8.4489532858133334 72.439374230802059 5.3103433176875097 37.398758456110954 5.3851213082671148 5.3052369430661193 4.9713272675871849 5.9728412553668013 22.5588688403368
leaf_count=2283 1440 62 532 996 169 274 5730 84 408 1808 111 64 104 199 118 339 738 1375 108 114 378 105 916 68 431 65 67 65 75 280
internal_value=0.000199197 0.0182387 0.0329415 0.0433522 0.0525958 0.0610472 -0.0123386 0.0739757 0.087113 -0.00294214 0.012169 0.0752346 0.0683846 0.0773748 0.0955121 0.0758346 -0.00954457 -0.000678208 0.0151171 0.00442325 0.020192 0.00171408 -0.00876907 0.0426652 0.04451 0.00450351 0.0429192 0.0756788 -0.00534688 0.0290432
internal_weight=1540.2 629.421 453.244 339.63 259.65 216.73 910.778 164.017 112.086 471.176 143.014 14.5438 74.2731 65.4336 48.6033 37.2434 328.162 188.584 81.6195 73.1241 52.7134 113.614 82.6066 10.1673 51.9303 128.47 15.6617 10.3564 63.5513 31.0078
internal_count=19506 7746 5463 4032 3036 2504 11760 1852 1252 6030 1812 175 844 740 541 423 4218 2410 1035 927 652 1431 1046 130 600 1637 197 130 813 385
cat_boundaries=0 1
cat_threshold=89
is_linear=0
shrinkage=0.03


Tree=3
num_leaves=31
num_cat=1
split_feature=2 32 5 28 10 10 12 1 12 29 9 10 10 16 12 16 10 5 14 12 16 9 10 10 14 14 11 7 29 14
split_gain=327.223 365.263 165.971 136.42 95.505 76.9638 60.5823 52.6528 70.6571 50.6031 48.6752 47.8208 54.36 54.2786 44.7824 44.9226 40.49 78.6675 39.1909 123.04 39.1864 34.316 33.3724 36.271 31.6949 50.2333 31.5559 45.027 35.0398 30.7894
threshold=51.086946487426765 0 -0.88134551048278797 25.346193313598636 -0.39499999582767481 -0.17000000178813932 -0.31749999523162836 270.84150695800787 0.12150000035762788 79.142368316650405 17.971662521362308 -0.060000000521540635 0.28499999642372137 0.40636359155178076 -0.2145000025629997 -0.32504084706306452 0.74500000476837169 -0.53371313214302052 0.2950000017881394 0.50899998843669902 -0.83375048637390126 -137.85687255859372 -0.1950000002980232 0.054999999701976783 0.18500000238418582 0.41499999165534979 71.000000000000014 28.420107841491703 77.10886383056642 -1.0349999666213987
decision_type=2 1 2 2 2 2 2 2 2 2 2 2 2 2 2 2 2 2 2 2 2 2 2 2 2 2 2 2 2 2
left_child=-1 10 9 4 29 7 21 8 20 -3 14 -8 26 16 15 -2 -14 -18 19 -16 -6 -7 -17 -24 -25 -26 -13 28 -28 -4
right_child=1 2 3 -5 5 6 11 -9 -10 -11 -12 12 13 -15 18 22 17 -19 -20 -21 -22 -23 23 24 25 -27 27 -29 -30 -31
leaf_value=-0.023200923322213862 -0.012475420459851637 -0.014842932015224759 0.041094750996059026 0.01066559394671655 0.052833634374041302 0.06723711718978026 0.0071339281717365446 0.0022594590382911369 0.04308915454271732 0.025757953449661381 -0.022595200316990395 0.045088394251126283 0.0044865619654057554 0.074533120987429924 -0.0065446227697279801 -0.019353731447711429 -0.011610933811274281 0.11610523637994967 -0.025894250250886087 0.12981285179720306 0.1386926165390534 -0.0007847698361410474 0.10220323528846999 -0.01048572536277839 0.095978323108067864 0.0037627847971521263 0.16172147178135113 0.053664839726657497 0.066084573897857851 -0.011554075665295895
leaf_weight=420.89977166801691 30.124871231615543 109.61226222664118 13.219089679419993 174.5227230116725 8.1014684960246104 7.0874404162168494 19.876035764813423 6.6917286291718474 19.043806321918964 35.85004748404026 206.93332419544458 17.797129534184933 36.514032758772373 27.609120659530163 121.5395043566823 8.1599557027220708 7.4678608849644688 8.8412849828600866 87.914461173117161 5.2598942145705214 23.711136505007744 38.087818056344986 7.2300821021199217 11.187868222594263 9.9448519423604029 10.503752939403055 11.6007237136364 14.864881388843058 7.7638078555464736 32.735893383622169
leaf_count=5620 386 1418 162 2152 93 80 228 76 211 442 2729 202 424 293 1576 106 85 93 1171 54 240 451 87 141 118 128 118 160 83 400
internal_value=-0.000681708 0.00779577 0.0229209 0.031852 0.0440595 0.0512072 0.0419266 0.0817988 0.0920192 -0.00472906 -0.011276 0.0509326 0.0574021 0.0410763 -0.00358599 0.0158861 0.0225296 0.0603326 -0.010624 8.32546e-05 0.119104 0.011112 0.0339358 0.0453286 0.0295974 0.0509942 0.0813909 0.0984503 0.128506 0.00414318
internal_weight=1540.7 1119.8 620.998 475.536 301.013 255.058 197.51 57.5481 50.8564 145.462 498.799 152.335 132.459 80.4323 291.865 77.1514 52.8232 16.3091 214.714 126.799 31.8126 45.1753 47.0265 38.8666 31.6365 20.4486 52.0265 34.2294 19.3645 45.955
internal_count=19527 13907 7411 5551 3399 2837 2217 620 544 1860 6496 1686 1458 895 3767 966 602 178 2801 1630 333 531 580 474 387 246 563 361 201 562
cat_boundaries=0 1
cat_threshold=6
is_linear=0
shrinkage=0.03


Tree=4
num_leaves=31
num_cat=1
split_feature=2 31 5 28 14 9 12 14 14 5 11 3 14 14 18 0 14 12 18 14 3 8 12 8 14 7 12 8 14 14
split_gain=321.624 332.858 249.636 109.807 92.0849 54.3936 59.7869 57.921 114.523 48.8867 62.6875 83.9764 77.0468 57.3693 48.0846 44.1383 43.4987 98.16 42.8101 41.5666 36.5377 37.2465 28.6457 26.1878 25.5184 24.4589 23.7977 37.0757 21.6227 48.7432
threshold=37.677106857299812 0 -0.88134551048278797 24.994574546813968 -0.52499997615814198 2.4688330888748173 -0.19049999862909314 0.35999999940395361 0.41499999165534979 0.038674917072057731 71.000000000000014 285.29481506347662 0.34499999880790716 -0.3299999982118606 0.81140595674514782 30.870703697204593 0.2950000017881394 0.50899998843669902 1.4366115331649782 -0.22999999672174451 267.49920654296881 -38.442935943603509 -0.50149999558925618 97.238903045654311 -0.73000001907348622 51.334154129028327 0.06749999895691873 -59.503492355346673 1.0000000180025095e-35 -0.34499999880790705
decision_type=2 1 2 2 2 2 2 2 2 2 2 2 2 2 2 2 2 2 2 2 2 2 2 2 2 2 2 2 2 2
left_child=-1 2 24 5 26 6 7 20 -9 10 15 -12 13 -13 25 -6 17 -8 -10 -11 -3 -22 -16 -15 -2 -5 27 -4 29 -17
right_child=1 3 4 14 9 -7 16 8 18 19 11 12 -14 23 22 28 -18 -19 -20 -21 21 -23 -24 -25 -26 -27 -28 -29 -30 -31
leaf_value=-0.02474155342515949 0.032193411030447559 -0.024469945801974178 0.067857591497269359 0.021870116728604456 -0.004550718355142926 -0.021372741303567321 -0.0058408230834487125 0.16888122648854637 -0.011282553804682769 0.065723507999842917 0.11092873711365724 0.088015014837876493 0.089563243851114471 0.012904648358342598 0.040540989378523344 0.088248812499632304 -0.027850353192404885 0.11730663992073476 0.083816500313321773 -0.00073770436470491411 -0.015182655800737565 0.04529253636399351 -0.001091517395921701 0.067686186311142787 -0.02088594929075873 0.063138106270389779 -0.022895469244690332 -0.0048545166168856395 0.062310198283847457 -0.0094781701896089355
leaf_weight=354.46973614394665 8.2655479833483678 24.794134736061096 8.8448023274540919 83.250985443592072 20.051228545606136 251.66234530508518 103.94368297606707 5.2376850545406368 13.065545640885832 11.155668154358862 32.129047490656376 14.242162913084028 37.323150992393494 49.616873525083065 15.352661989629267 5.6723363697528866 81.540750704705715 5.1678536534309378 5.1871546730399123 27.856017000973225 14.412202723324297 22.405804172158241 164.03473132103682 8.5178529024124128 72.804912462830544 14.941781759262083 17.316144980490208 17.247432105243206 32.539423979818821 14.218233667314051
leaf_count=4834 104 326 107 1010 232 3368 1358 55 168 128 312 135 350 554 185 59 1109 49 63 333 181 272 2034 91 958 180 217 211 351 158
internal_value=0.000283719 0.00779804 0.030554 -0.00324527 0.0440756 -0.0113169 -0.00209561 0.0186783 0.0577091 0.050969 0.0565923 0.0682373 0.0548447 0.0359644 0.0119604 0.0331872 -0.0114176 0.00100419 0.018693 0.019435 0.00311328 0.0218444 0.00267654 0.0219401 -0.0151479 0.028723 0.0036053 0.0213885 0.0474346 0.0212816
internal_weight=1537.27 1182.8 377.801 804.997 296.73 527.417 275.755 85.1025 23.4904 253.322 214.31 141.829 109.7 72.3769 277.58 72.4812 190.652 109.112 18.2527 39.0117 61.6121 36.818 179.387 58.1347 81.0705 98.1928 43.4084 26.0922 52.43 19.8906
internal_count=19492 14658 4300 10358 3238 6949 3581 1065 286 2703 2242 1442 1130 780 3409 800 2516 1407 231 461 779 453 2219 645 1062 1190 535 318 568 217
cat_boundaries=0 1
cat_threshold=2
is_linear=0
shrinkage=0.03


Tree=5
num_leaves=31
num_cat=1
split_feature=2 31 5 10 29 16 4 14 2 16 14 13 11 29 12 10 16 11 12 14 6 0 14 16 12 10 4 18 10 14
split_gain=328.395 325.216 251.08 75.9392 73.5743 63.308 59.5487 47.2455 42.618 32.804 32.5129 32.2464 30.6772 30.3737 28.8598 41.304 63.4398 48.6366 38.1332 46.1969 37.3047 27.0798 26.7411 25.2125 25.0083 23.3243 22.7543 33.4088 22.4719 20.0634
threshold=49.909151077270515 0 -0.88134551048278797 -0.50999999046325672 76.836559295654311 0.6024899184703828 2.5000000000000004 -1.0349999666213987 107.84056854248048 0.25043059885501867 0.78000000119209301 53.500000000000007 73.500000000000014 77.084831237792983 -0.17249999940395352 -0.1950000002980232 0.39002384245395666 71.000000000000014 -0.24849999696016309 0.78000000119209301 -0.61626377701759327 109.8954429626465 0.39499999582767492 0.47467438876628881 0.26950000226497656 -0.49500000476837153 17.500000000000004 0.91491127014160167 0.66999998688697826 0.47499999403953558
decision_type=2 1 2 2 2 2 10 2 2 2 2 2 2 2 2 2 2 2 2 2 2 2 2 2 2 2 10 2 2 2
left_child=-1 2 25 7 14 6 8 13 -5 10 29 12 -7 -4 15 -3 18 -18 -17 -20 22 28 -19 -11 -8 -2 -16 -28 -6 -10
right_child=1 4 3 5 21 11 24 -9 9 23 -12 -13 -14 -15 26 16 17 20 19 -21 -22 -23 -24 -25 -26 -27 27 -29 -30 -31
leaf_value=-0.023375395470780838 0.029246301215828042 -0.028039176607358246 0.0019177517483046579 0.0070715172992394468 0.0058900486263890666 0.050771101635442725 0.015471167576057591 -0.024840716239946114 0.069926832692482274 0.00061405869085613186 0.017092230138027988 0.027534783027914549 0.10556477458998401 0.093127187694829111 -0.022519381295340483 -0.017192719027207714 -0.013751497517131367 -0.0088650993481831902 0.074265741527128795 -0.027829607112869675 0.11646398481307846 0.027924180518500773 0.076024055358441145 0.071654936765100347 0.056748847740599878 -0.021768388699511646 0.04649049794306135 -0.018441096248233889 -0.018281164575451456 0.12556451438474411
leaf_weight=398.29954417049885 8.2115896567702276 38.7564477622509 6.7961575835943204 14.640667319297789 297.48041327297688 17.482673190534115 78.124800220131874 21.751277454197407 62.907650351524353 13.077106468379499 9.6805685386061651 11.235228121280668 30.684211328625679 5.4409279748797417 207.06174758821726 60.907123729586601 8.5530649572610873 6.6690284758806246 9.0815155655145627 5.9053158164024344 8.0389633327722532 43.867165073752403 5.3383497074246407 5.8660481721162787 15.292505435645579 70.889970645308495 10.351528212428095 18.24116038531065 38.179083488881588 7.8314973264932624
leaf_count=5524 101 523 80 162 3709 176 857 273 639 136 99 109 268 64 2810 798 108 89 111 82 93 536 60 61 161 949 129 248 478 69
internal_value=3.60925e-05 0.00824096 0.0304273 0.0437026 -0.00325583 0.0490635 0.0408803 0.00141815 0.0554033 0.0623833 0.0707487 0.0764877 0.087114 0.0464435 -0.0126343 -0.00199186 0.00784326 0.0451099 -0.00660407 0.0348123 0.069684 0.00603034 0.0318189 0.0251029 0.0227578 -0.0161735 -0.0190679 0.005843 0.0030946 0.0777509
internal_weight=1536.64 1138.34 379.913 300.811 758.431 266.823 207.421 33.9884 114.004 99.3629 80.4197 59.4021 48.1669 12.2371 378.904 143.25 104.493 28.5994 75.894 14.9868 20.0463 379.527 12.0074 18.9432 93.4173 79.1016 235.654 28.5927 335.659 70.7391
internal_count=19502 13978 4204 3154 9774 2737 2184 417 1166 1004 807 553 444 144 5051 1864 1341 350 991 193 242 4723 149 197 1018 1050 3187 377 4187 708
cat_boundaries=0 1
cat_threshold=2
is_linear=0
shrinkage=0.03


Tree=6
num_leaves=31
num_cat=1
split_feature=32 1 6 2 28 10 16 17 28 9 12 10 16 17 15 12 16 14 12 14 12 6 12 12 14 15 14 7 12 10
split_gain=308.81 262.34 125.305 66.4325 61.6674 79.3037 44.7781 44.2685 43.9812 38.5352 50.9834 53.7087 66.6052 36.7113 34.8551 33.585 39.2745 32.1523 31.4078 30.3453 96.3807 28.2699 43.6366 27.3661 27.1318 26.5524 27.7907 26.0238 25.9585 32.1679
threshold=0 25.782530784606937 -0.61626377701759327 27.566869735717777 25.763958930969242 -0.50999999046325672 -1.2533410191535947 1.660228490829468 24.994574546813968 46.998497009277351 -0.23350000381469724 -0.1950000002980232 0.25043059885501867 -0.59426808357238758 42.500000000000007 0.26950000226497656 -0.78287568688392628 -0.27499999105930323 -0.33699999749660486 0.2950000017881394 0.50899998843669902 -0.47246390581130976 -0.55099999904632557 -0.55899998545646656 -1.0349999666213987 48.500000000000007 -1.0000000180025095e-35 -30.84140586853027 0.028500000014901165 0.42499999701976782
decision_type=1 2 2 2 2 2 2 2 2 2 2 2 2 2 2 2 2 2 2 2 2 2 2 2 2 2 2 2 2 2
left_child=1 27 4 -2 5 24 -7 13 9 10 11 -5 -13 -8 28 16 -10 -16 -19 20 -12 22 -14 -6 -3 -20 -27 -1 29 -15
right_child=3 2 -4 8 23 6 7 -9 15 -11 19 12 21 14 17 -17 -18 18 25 -21 -22 -23 -24 -25 -26 26 -28 -29 -30 -31
leaf_value=0.003151073554619529 -0.027774634346627768 0.033612464274436676 0.002287201119127166 -0.028834760313713351 0.075097874531024622 0.0051648460302895632 0.032461147988995617 -0.018123914102226971 -0.01812030260308807 -0.025653323536588269 -0.009838724134066848 0.0026461461276880895 -0.028092465056912378 -0.011756457669962509 0.10864770757068416 -0.027309286760202178 0.021855863554446322 0.018350359942410525 0.090394756520535413 -0.025012445499750416 0.10403326606704094 0.11081603891919477 0.062949985757328158 0.01061181231325898 -0.024927667958805889 -0.0027693370682396828 0.062626204585039813 -0.024027065732198767 0.060118859725389238 0.064940109750744004
leaf_weight=42.293204382061958 184.84731415659189 10.27173735201359 139.1277467533946 23.65998911857605 5.3973960354924193 19.272532254457474 50.273647308349609 7.1238313838839522 27.694078490138054 130.03618338704109 174.04387798160315 58.193605311214924 5.8364353403449121 14.375517137348654 19.313313521444798 20.935153961181641 97.526113390922546 12.936854802072046 35.487083852291107 119.42899789661169 5.9579099789261809 6.2932263687252989 16.469354011118412 89.813369184732437 18.396699786186218 6.8428672924637786 36.16408946365118 123.18659112602472 23.283700346946716 6.3034488186240187
leaf_count=533 2631 118 1695 324 61 213 527 80 350 1808 2341 744 73 157 169 261 1193 142 314 1680 53 66 185 1081 236 70 339 1736 232 59
internal_value=-5.45399e-05 0.0152856 0.0264482 -0.0117223 0.0358773 0.0434307 0.049239 0.0532007 -0.00753379 -0.0114817 -0.00693423 0.0104207 0.0213285 0.0557555 0.0630681 0.00702927 0.0129411 0.0721891 0.0633956 -0.0133494 -0.00551572 0.0579698 0.038945 0.01501 -0.0035271 0.0704954 0.0523946 -0.0171037 0.0389975 0.0135396
internal_weight=1530.79 659.864 494.384 870.922 355.256 260.045 231.377 212.104 686.075 539.92 409.883 110.453 86.7926 204.981 154.707 146.155 125.22 110.744 91.4309 299.431 180.002 28.599 22.3058 95.2108 28.6684 78.494 43.007 165.48 43.9627 20.679
internal_count=19471 7762 5493 11709 3798 2656 2302 2089 9078 7274 5466 1392 1068 2009 1482 1804 1543 1034 865 4074 2394 324 258 1142 354 723 409 2269 448 216
cat_boundaries=0 1
cat_threshold=89
is_linear=0
shrinkage=0.03


Tree=7
num_leaves=31
num_cat=1
split_feature=3 32 6 28 10 12 18 3 8 2 12 12 12 6 14 14 2 28 3 12 10 14 12 12 18 10 14 6 10 14
split_gain=291.895 298.58 155.783 53.3652 63.4194 45.4733 42.0974 34.8871 35.9866 34.7065 35.9246 31.4139 52.7579 87.4211 39.5114 40.2706 39.4554 36.9714 31.2901 29.705 29.7108 27.7372 60.4297 26.7324 27.2288 26.2232 37.469 35.6368 25.6709 24.7744
threshold=70.753379821777358 0 -0.61626377701759327 25.763958930969242 -0.50999999046325672 -0.19049999862909314 1.5124193429946902 304.69734191894537 -88.403491973876939 107.84056854248048 0.12650000303983691 -0.48800000548362726 -0.41899999976158137 -0.61626377701759327 0.35999999940395361 0.49499998986721044 254.58805084228518 18.926905632019047 23.398981094360355 -0.38449999690055842 0.34499999880790716 0.2950000017881394 0.50899998843669902 -0.50149999558925618 0.81140595674514782 1.0000000180025095e-35 0.34499999880790716 -0.74761795997619618 -0.39499999582767481 -1.0349999666213987
decision_type=2 1 2 2 2 2 2 2 2 2 2 2 2 2 2 2 2 2 2 2 2 2 2 2 2 2 2 2 2 2
left_child=18 2 3 4 29 11 7 9 -9 -6 -11 -3 13 -13 -14 16 17 -16 -1 -8 -21 22 -7 -5 28 -10 -27 -28 -25 -2
right_child=1 5 -4 23 6 21 19 8 25 10 -12 12 14 -15 15 -17 -18 -19 -20 20 -22 -23 -24 24 -26 26 27 -29 -30 -31
leaf_value=-0.027319095368199112 0.034409394108404906 -0.012941864501557454 0.00097330942891620832 0.069761885214235958 0.035824371113721241 -0.0089222313220461702 0.072394671803031843 -0.0032290322059953303 0.069165573382488202 0.10270394671101253 0.043564952627692576 -0.004121021757758637 -0.0079544083183163226 0.11143101144158328 0.035286790691673127 -0.0038657698822332546 -0.0115567812761392 0.12512204111935041 -0.0086895913463127042 -0.0048153331274866833 0.048962344253565465 -0.022221541940328982 0.065334352672758347 0.083719169960139991 -0.0018134926651020334 0.010069444818170884 0.03052797612437198 0.092705728056853912 0.016754628795555615 -0.023832697371534775
leaf_weight=282.05252423137426 9.6781646832823771 59.732327669858932 165.07224328070879 6.5893181338906279 20.06528478115797 255.50018735975027 8.0108868107199651 12.908811159431933 39.195679172873497 33.892492763698101 15.672064751386641 11.611074522137644 78.758518822491169 10.822398722171782 11.277000285685068 20.704600386321545 6.2115394920110694 6.7870118021965018 115.48960372805595 29.407960511744022 12.384597554802893 150.3964394852519 9.2650016546249372 6.210752539336684 53.911658644676208 27.837862864136696 22.062533736228939 14.035005867481233 20.678891703486443 16.102532736957073
leaf_count=4092 108 787 2038 71 196 3420 72 137 351 289 153 146 1021 119 131 255 82 80 1562 317 117 2102 88 71 651 286 193 112 237 209
internal_value=0.0001472 0.00789825 0.0245229 0.0363396 0.043123 -0.00616529 0.0479942 0.0545781 0.0437758 0.0717057 0.0852359 0.00524535 0.0127149 0.0540002 0.00485706 0.0269746 0.0523906 0.0738325 -0.0219424 0.0228578 0.0118926 -0.0119717 -0.00608769 0.0158022 0.0106027 0.0496338 0.0367791 0.0565505 0.0346688 -0.00149997
internal_weight=1532.32 1134.78 513.717 348.644 261.254 621.066 235.473 185.67 116.04 69.6298 49.5646 205.904 146.172 22.4335 123.739 44.9802 24.2756 18.064 397.542 49.8034 41.7926 415.162 264.765 87.3906 80.8013 103.131 63.9354 36.0975 26.8896 25.7807
internal_count=19493 13839 5608 3570 2540 8231 2223 1717 1079 638 442 2621 1834 265 1569 548 293 211 5654 506 434 5610 3508 1030 959 942 591 305 308 317
cat_boundaries=0 1
cat_threshold=89
is_linear=0
shrinkage=0.03


Tree=8
num_leaves=31
num_cat=0
split_feature=3 28 5 28 14 11 7 9 3 5 18 17 5 16 14 0 28 5 10 28 18 3 16 14 14 17 8 14 10 16
split_gain=276.791 245.883 122.973 82.1983 52.2476 41.2978 47.8033 41.2711 50.0474 72.5144 67.6587 40.5105 46.6132 34.7697 56.245 34.9846 31.0798 28.165 28.3106 27.9756 32.421 26.8622 36.4531 26.1891 24.2948 24.2273 24.2234 23.5956 37.9578 21.753
threshold=76.26718902587892 20.863806724548343 -0.91865202784538258 24.009605407714847 -0.49499998986721033 68.500000000000014 -6.1038970947265616 17.971662521362308 212.93068695068362 -0.8126716911792754 0.40214560925960546 -0.73149234056472767 -0.8126716911792754 -0.80492398142814625 -0.030000000260770317 35.539224624633796 25.503168106079105 0.038674917072057731 0.2650000005960465 24.994574546813968 0.81140595674514782 18.527454376220707 1.0767213106155398 -1.0349999666213987 -0.79499998688697804 -0.17815499752759931 -14.805606365203856 0.12999999895691874 -0.33500000834465021 -0.22263643890619275
decision_type=2 2 2 2 2 2 2 2 2 2 2 2 2 2 2 2 2 2 2 2 2 2 2 2 2 2 2 2 2 2
left_child=21 7 16 4 23 6 -6 8 -2 27 -11 -7 -13 14 -12 -15 -3 -14 -19 -5 24 -1 -23 25 -21 -4 -24 28 -10 -30
right_child=1 2 3 19 5 11 -8 -9 9 10 13 12 17 15 -16 -17 -18 18 -20 20 -22 22 26 -25 -26 -27 -28 -29 29 -31
leaf_value=-0.027260095923795646 -0.020047308961127424 -0.017686800838112374 -0.0022598935673019288 -0.016783873100523032 -0.0041869244637909369 0.019920046318189645 0.04401576149963609 -0.021327843820021945 -0.026625474144895654 0.089126691975199568 -0.0096818162107454447 -0.0060226457837129106 0.062993718124044584 -0.013455083769006603 0.10158113019714124 0.035543868080167761 0.013972252070358834 0.052528723335062387 -0.013357869539791675 0.078099374284512496 0.0060584155164925043 -0.015990396335599771 0.0672666834285221 -0.011620013917903941 0.024146870798563511 0.070967750277204963 -0.0085306038676686291 -0.024910146658514962 -0.017115066250967963 0.042489013267802286
leaf_weight=258.82188928872347 95.331449836492538 87.307987630367279 7.796132817864418 27.509365737438202 37.110327906906605 43.091170892119408 35.643864542245865 171.00673176348209 19.432347118854523 12.359069757163523 6.9580233171582213 10.942120857536791 128.91997598111629 36.403411209583282 8.3932018429040891 19.209096178412437 39.928755052387714 12.88363689184189 9.5912409722805005 7.9167787060141555 131.14186763763428 127.22424821555614 7.4257509261369705 30.004018776118755 63.864173106849194 7.3652635961770994 6.5380264148116094 50.411166064441204 6.8451544344425228 20.009508311748505
leaf_count=3844 1337 1169 87 372 418 434 364 2419 263 118 94 109 1075 481 107 246 484 123 103 89 1588 1742 99 369 727 80 87 708 89 232
internal_value=-0.0001138 0.0074946 0.0188264 0.0249287 0.0346702 0.0395142 0.0197052 -0.0097979 -0.002586 0.00672043 0.0270724 0.0464003 0.0532643 0.0151766 0.0536427 0.00379851 -0.00772024 0.0575607 0.0250401 0.0111684 0.0150215 -0.0215223 -0.0108862 0.00462507 0.0310887 0.0355035 0.033579 -0.010914 0.00453363 0.0272271
internal_weight=1527.39 1127.38 681.017 553.78 323.348 278.182 72.7542 446.359 275.352 180.021 83.3228 205.428 162.337 70.9637 15.3512 55.6125 127.237 151.395 22.4749 230.432 202.923 400.01 141.188 45.1654 71.781 15.1614 13.9638 96.6982 46.287 26.8547
internal_count=19457 13685 7591 5938 3162 2626 782 6094 3675 2338 1046 1844 1410 928 201 727 1653 1301 226 2776 2404 5772 1928 536 816 167 186 1292 584 321
is_linear=0
shrinkage=0.03


Tree=9
num_leaves=31
num_cat=1
split_feature=32 1 6 4 10 28 28 9 12 14 12 14 16 8 18 0 10 6 0 4 18 11 14 12 12 0 8 16 8 10
split_gain=252.267 197.895 110.845 66.9174 49.551 45.0491 42.5331 42.2856 44.4372 53.7999 63.6626 48.8782 34.0479 31.5949 31.3011 28.8916 28.556 26.9591 37.7376 28.4928 29.4363 26.3494 27.6267 24.866 65.7173 23.6858 23.3847 22.9573 25.9822 23.1442
threshold=0 25.782530784606937 -0.39505837857723231 28.500000000000004 -0.42000000178813929 24.994574546813968 25.763958930969242 -4.2863125801086417 -0.19049999862909314 0.2950000017881394 0.50899998843669902 0.18500000238418582 -1.5601966381072996 -40.534990310668938 0.81140595674514782 111.46760177612306 1.1600000262260439 -0.64897239208221424 60.257751464843757 17.500000000000004 1.1345867514610293 68.500000000000014 0.47499999403953558 -0.41899999976158137 -0.48800000548362726 24.747693061828617 -64.398101806640611 0.5072535276412965 -3.4567222595214839 -0.1950000002980232
decision_type=1 2 2 8 2 2 2 2 2 2 2 2 2 2 2 2 2 2 2 10 2 2 2 2 2 2 2 2 2 2
left_child=1 26 4 5 -3 7 -4 8 11 10 17 -2 -6 -13 15 -7 21 18 19 -10 -21 25 27 24 -9 -14 -1 29 -29 -23
right_child=3 2 6 -5 12 14 -8 23 9 -11 -12 13 16 -15 -16 -17 -18 -19 -20 20 -22 22 -24 -25 -26 -27 -28 28 -30 -31
leaf_value=0.0057178144513321313 -0.003303292121595588 0.0039893510878113046 -0.024567543624006025 -0.02515986300855937 -0.013966602820612848 0.012423970999401776 0.044328129899132679 -0.017546585574354793 -0.011149925393961684 -0.028834579460597341 0.088351620181594176 0.00084807230748439391 -0.010133657552024196 0.063437624261148559 -0.0029279683744547636 0.062332922910966058 -0.013031120836395118 -0.024345050428866186 0.068725239388868348 0.091345121005055041 6.3348049109348873e-06 0.053165463861290473 0.064185727562661152 -0.022972041362045056 0.070195149937808121 0.03138408418423428 -0.022908392386134648 0.078127472078852331 0.032719375429359043 0.023808151034312483
leaf_weight=33.841755911707878 45.705837182700634 51.543787315487862 47.798030219972134 192.36660974472761 11.515259534120558 77.384410291910172 8.714416101574896 33.353704981505871 43.869976609945297 76.575024217367172 6.5179665610194197 10.536266647279261 14.765046693384646 22.530142769217491 153.09862076491117 11.241649754345415 9.3207306042313558 31.954944781959057 7.3012423142790785 4.5800402387976629 7.3695825487375259 32.758089311420918 50.317132376134396 217.20052140951157 8.8965671733021718 63.931607954204082 101.19757845252752 24.077731534838676 25.276126742362976 100.03562613576651
leaf_count=416 585 612 650 2905 128 906 100 478 599 1140 47 126 173 250 1905 120 98 434 94 59 102 294 421 3112 107 661 1519 198 223 986
internal_value=0.000153639 0.0156652 0.0256731 -0.00930513 0.0314438 -0.00537683 -0.0133576 -0.0103739 -0.00173195 -0.0100181 0.00430733 0.0169006 0.0356815 0.0441044 0.00529698 0.0193794 0.0375033 -0.002314 0.00904496 0.00016659 0.039365 0.0390539 0.044174 -0.0188927 0.00212486 0.0235651 -0.0157452 0.0383256 0.0559838 0.0313934
internal_weight=1525.58 575.093 440.054 950.483 383.541 758.116 56.5124 516.392 256.941 178.169 101.594 78.7722 331.997 33.0664 241.725 88.6261 320.482 95.0758 63.1208 55.8196 11.9496 311.161 232.465 259.451 42.2503 78.6967 135.039 182.148 49.3539 132.794
internal_count=19448 6479 4544 12969 3794 10064 750 7133 3436 2475 1335 961 3182 376 2931 1026 3054 1288 854 760 161 2956 2122 3697 585 834 1935 1701 421 1280
cat_boundaries=0 1
cat_threshold=25
is_linear=0
shrinkage=0.03


Tree=10
num_leaves=31
num_cat=1
split_feature=2 32 5 28 16 2 3 29 14 14 3 18 17 14 10 5 18 18 17 3 18 14 5 3 10 10 2 18 17 8
split_gain=266.254 220.683 98.628 77.0742 48.0108 34.4264 41.0707 33.406 30.7539 83.0639 27.3002 25.1762 25.0718 42.9885 49.753 49.5795 32.9244 50.775 29.1468 28.7617 23.7888 23.0287 37.2825 21.8497 18.8874 46.4002 29.371 24.6044 26.2737 20.4919
threshold=51.086946487426765 0 -0.91865202784538258 25.346193313598636 0.50235500931739818 196.18916320800784 203.25810241699222 78.715969085693374 -0.56999999284744252 -0.49499998986721033 105.04207992553712 1.4765700101852419 0.66239419579505932 0.49499998986721044 0.2100000008940697 -0.90013122558593739 0.82439422607421886 0.90838575363159191 -0.0023360013728961344 652.92187500000011 0.81140595674514782 1.0000000180025095e-35 -0.38118652999401087 18.527454376220707 1.1600000262260439 0.74500000476837169 556.54824829101574 0.72820800542831432 0.32790680229663854 -44.970031738281243
decision_type=2 1 2 2 2 2 2 2 2 2 2 2 2 2 2 2 2 2 2 2 2 2 2 2 2 2 2 2 2 2
left_child=23 5 7 4 10 6 -2 -3 -8 -10 -4 21 13 14 16 -16 -11 -18 -17 -19 -5 22 -6 -1 25 26 27 28 -12 -27
right_child=1 2 3 20 11 -7 8 -9 9 12 24 -13 -14 -15 15 18 17 19 -20 -21 -22 -23 -24 -25 -26 29 -28 -29 -30 -31
leaf_value=-0.027035634712540155 -0.016696553348988671 -0.020929918051599765 -0.0043344315641292734 0.021668537874985769 -0.0062235295177670638 -0.022181151318876192 -0.02290202756070403 0.012000413316134389 0.097035586806836077 -0.02715236857239085 0.02677750803556914 0.024325670383054207 -0.019018391683617547 -0.02093639816562724 -0.019693673063566404 0.032051169619985193 0.096349220737439414 -0.0063560963175130257 0.08984820972954273 0.066120914654121093 3.4069471155559821e-06 0.072807570298435709 0.067305344831423045 -0.011449104050661456 -0.016372235510796643 0.10966426945691064 0.065107892754231955 0.014951499330748271 0.07171566669769272 0.038784473993587754
leaf_weight=247.84447812289 134.16368645429611 66.201175764203072 25.938749328255653 70.995069190859795 11.201811268925669 124.8478569239378 30.37402219325304 46.342201963067055 8.2164236679673177 21.604600436985493 59.813145220279694 27.556687891483307 32.001313902437687 30.381517075002193 8.3558800220489484 18.775907419621944 5.2852395549416533 33.270413860678673 15.149305671453474 4.759845256805419 124.47834113240242 43.233566515147686 12.496248863637446 123.3449032753706 7.8358345553278914 7.9259790703654316 14.986385345458983 141.66895951330662 14.507160566747187 9.1829665973782522
leaf_count=3851 1929 912 291 784 120 1809 423 556 92 298 567 256 433 441 107 229 65 448 141 56 1507 341 103 1780 82 62 135 1430 130 76
internal_value=0.000159859 0.00728375 0.0179712 0.0232794 0.0312033 -0.00857756 -0.00381612 -0.00738387 0.00452517 0.0093125 0.0248423 0.0497195 0.00451834 0.0100906 0.0189961 0.0439124 0.00234875 0.0173438 0.059694 0.00417676 0.00794232 0.0596625 0.0337043 -0.021901 0.0278048 0.0292603 0.0254961 0.0224603 0.036385 0.0758632
internal_weight=1522.74 1151.55 684.364 571.821 376.347 467.186 342.338 112.543 208.174 177.8 281.859 94.4883 169.584 137.583 107.201 42.2811 64.9201 43.3155 33.9252 38.0303 195.473 66.9316 23.6981 371.189 255.92 248.085 230.976 215.989 74.3203 17.1089
internal_count=19454 13823 7352 5884 3593 6471 4662 1468 2733 2310 2773 820 2218 1785 1344 477 867 569 370 504 2291 564 223 5631 2482 2400 2262 2127 697 138
cat_boundaries=0 1
cat_threshold=6
is_linear=0
shrinkage=0.03


Tree=11
num_leaves=31
num_cat=0
split_feature=2 28 5 28 4 18 9 14 12 12 5 5 3 18 17 14 28 28 14 14 4 3 5 12 10 14 12 17 14 3
split_gain=249.813 191.761 95.563 74.4892 42.8814 35.5808 34.9 41.839 35.8904 69.4057 52.2194 32.8869 68.3923 53.8996 33.4839 31.2714 29.9198 28.5668 27.824 29.8709 27.6412 25.9765 24.1685 23.4534 22.9512 29.1606 37.0815 32.1036 24.3415 22.7118
threshold=51.086946487426765 20.863806724548343 -0.94917574524879444 24.009605407714847 3.5000000000000004 0.81140595674514782 -17.930299758911129 0.40500000119209295 -0.41899999976158137 -0.48800000548362726 -0.75976759195327748 -0.75976759195327748 216.37103271484378 0.44139750301837927 -0.26767499744892115 1.1899999976158144 25.503168106079105 24.994574546813968 -0.38499999046325678 -1.0349999666213987 7.5000000000000009 455.47529602050787 -0.78753387928009022 -0.20100000500679013 0.28499999642372137 -1.0000000180025095e-35 -0.38799999654293055 0.23441465198993686 0.14500000327825549 18.527454376220707
decision_type=2 2 2 2 10 2 2 2 2 2 2 2 2 2 2 2 2 2 2 2 8 2 2 2 2 2 2 2 2 2
left_child=29 6 16 4 18 17 7 11 9 -8 -11 23 -13 -14 20 24 -3 -5 19 -4 -15 -19 -20 -2 25 26 -6 28 -27 -1
right_child=1 2 3 5 15 -7 8 -9 -10 10 -12 12 13 14 -16 -17 -18 21 22 -21 -22 -23 -24 -25 -26 27 -28 -29 -30 -31
leaf_value=-0.026675024105031274 0.01609957191296366 -0.024203143340327273 0.049511381088430201 -0.023995585224728479 0.05960072667257147 0.00010133571590212055 -0.014491885184457966 -0.021846852194707774 -0.02068824751275989 0.12807201129233556 0.0051739253250108206 -0.0043625693076782077 0.11487168396706457 0.11138765433493802 0.00014055836040468883 0.059119794362910767 0.011899114853549195 0.013827832502122436 0.016228450970404446 -0.0054278548546933042 0.019337153483869652 0.04676677615652225 0.045776746843385965 -0.025365163975020619 -0.010099483282189908 0.10698804805171562 -0.0048517437640353258 0.00058387516540201465 0.035005602357569755 -0.010557798503801669
leaf_weight=239.63942775502801 20.290155775845051 60.485330797731876 12.393573775887488 9.8491814807057363 8.6058557108044607 168.70668189227581 30.921345360577106 47.386769108474255 213.9366642087698 5.4823086485266685 6.1531049683690053 38.355043724179268 8.5142393484711629 5.2454081848263732 15.362650185823441 12.389313280582426 30.369696296751499 51.761812627315521 30.861218087375164 26.086882330477238 6.5168975070118913 37.518007799983025 170.16263448446989 28.205958522856236 33.956381402909756 6.7889387309551301 48.381883233785629 11.102124795317648 12.810057081282137 119.8265230730176
leaf_count=3811 233 844 130 139 82 2075 452 700 3135 50 76 527 58 61 192 106 355 566 328 306 82 400 1395 389 336 53 545 105 121 1747
internal_value=0.000466916 0.00724733 0.0165523 0.020629 0.0292726 0.00851007 -0.00873401 0.00181062 -0.0156977 0.00928929 0.0686334 0.0110656 0.0235291 0.052846 0.0299846 0.0155166 -0.0121372 0.0226769 0.0368743 0.0130726 0.0658985 0.0280344 0.0413433 -0.00804208 0.0106299 0.0186804 0.00574135 0.0417594 0.0639232 -0.0213466
internal_weight=1518.07 1158.6 732.23 641.375 373.539 267.836 426.371 169.877 256.493 42.5568 11.6354 122.49 73.9942 35.6392 27.125 134.035 90.855 99.129 239.504 38.4805 11.7623 89.2798 201.024 48.4961 121.645 87.6889 56.9877 30.7011 19.599 359.466
internal_count=19399 13841 7886 6687 3507 3180 5955 2242 3713 578 126 1542 920 393 335 1348 1199 1105 2159 436 143 966 1723 622 1242 906 627 279 174 5558
is_linear=0
shrinkage=0.03


Tree=12
num_leaves=31
num_cat=1
split_feature=3 32 5 9 28 14 3 5 18 12 18 18 9 14 14 3 18 10 10 12 29 8 5 12 12 10 9 3 10 9
split_gain=231.752 210.737 103.955 45.0551 42.5642 39.2705 43.4725 53.9805 48.4565 41.5413 48.5173 36.6051 35.9315 31.7861 46.6565 37.8341 45.0606 33.8871 32.5656 30.1945 29.7213 28.6121 28.3424 27.3034 53.1778 26.4279 24.9018 23.9415 23.4365 23.3079
threshold=91.798385620117202 0 -0.91865202784538258 -4.6528794765472403 25.346193313598636 0.49499998986721044 203.25810241699222 -0.75976759195327748 0.44139750301837927 0.15450000017881396 0.73462718725204479 0.90838575363159191 -127.3025436401367 -1.0000000180025095e-35 0.089999999850988402 285.29481506347662 0.80001428723335277 -0.42000000178813929 -0.11499999836087225 -0.18349999934434888 79.142368316650405 -37.804857254028313 0.038674917072057731 -0.41899999976158137 -0.48800000548362726 -0.1950000002980232 -79.928268432617173 18.527454376220707 1.1600000262260439 -87.623367309570298
decision_type=2 1 2 2 2 2 2 2 2 2 2 2 2 2 2 2 2 2 2 2 2 2 2 2 2 2 2 2 2 2
left_child=12 3 20 5 13 6 -2 19 -9 10 -10 -12 -1 15 -15 17 18 -4 -17 21 -3 -8 28 24 -5 -19 -23 -14 -16 -6
right_child=1 2 4 23 29 -7 7 8 9 -11 11 -13 27 14 22 16 -18 25 -20 -21 -22 26 -24 -25 -26 -27 -28 -29 -30 -31
leaf_value=0.055615298216780594 -0.017033718825722015 -0.016597623370644757 0.0027322723712047527 -0.018109264958791532 -0.012553770135394474 -0.023527291823506956 -0.015548948884474613 0.093110082315817452 -0.014844539216706544 -0.029734283486083882 0.1121515142060618 0.033382056166026915 -0.026348216862348124 0.074392698569039489 0.037123178168401258 0.053132191241892508 -0.0026153563003202488 0.093110156549853648 -0.015510969420029184 -0.019807191517724119 0.016073247476974185 0.086755337339511143 -0.0076115979643115433 -0.023442162899935517 0.055879369172852938 0.030646302411568394 0.016777811728767994 -0.011348763416647235 -0.015620520504256327 0.016270635433519132
leaf_weight=4.7587809152901164 47.774932309985161 85.728200636804104 12.457267723977564 28.611192017793655 29.750928893685341 46.810535818338394 12.967630200088022 10.567689232528208 10.649734973907469 9.6266198568046075 7.4676437005400684 18.076344609260559 238.46946259960532 25.728942818939686 166.19562500715256 26.778736904263496 79.698978997766972 12.515310630202292 7.518606796860694 36.81994716078043 34.339801922440529 5.9996058866381636 15.087736792862414 181.36737542226911 11.410543844103811 13.811370871961119 15.156864419579508 163.73772585019469 7.4183958545327178 145.01133577525616
leaf_count=58 690 1199 149 425 349 709 164 78 129 129 82 234 3872 203 1386 224 827 96 81 522 391 63 149 2727 122 129 170 2258 76 1655
internal_value=6.32059e-05 0.00718991 0.0177424 -0.00877564 0.0235975 0.000587641 0.00713116 0.0162599 0.0378934 0.0234419 0.0380046 0.0597675 -0.0192636 0.0293939 0.0368625 0.0187401 0.00985037 0.0439649 0.0380712 -0.0012226 -0.00719808 0.0188232 0.0313802 -0.0185163 0.00383349 0.0626613 0.0396421 -0.0202853 0.0347929 0.0113202
internal_weight=1512.31 1105.35 662.041 443.307 541.973 221.918 175.107 127.332 56.388 45.8203 36.1937 25.544 406.966 367.211 214.431 152.78 113.996 38.7839 34.2973 70.944 120.068 34.1241 188.702 221.389 40.0217 26.3267 21.1565 402.207 173.614 174.762
internal_count=19346 13158 6914 6244 5324 2970 2261 1571 652 574 445 316 6188 3320 1814 1506 1132 374 305 919 1590 397 1611 3274 547 225 233 6130 1462 2004
cat_boundaries=0 1
cat_threshold=6
is_linear=0
shrinkage=0.03


Tree=13
num_leaves=31
num_cat=1
split_feature=3 32 5 20 9 12 10 16 29 11 12 12 10 14 10 3 10 14 29 16 5 10 10 29 12 12 9 14 14 29
split_gain=215.656 206.927 73.4235 50.2019 45.8738 52.9613 63.192 60.6289 40.9271 38.2177 35.9143 35.0357 32.6637 32.0697 48.6998 35.623 30.1491 35.4153 26.6636 25.297 27.0237 31.7287 30.9996 25.9597 24.7742 32.5603 25.9722 41.9803 56.0891 31.6636
threshold=23.398981094360355 0 -0.91865202784538258 1.0000000180025095e-35 59.953744888305671 -0.17249999940395352 -0.1950000002980232 0.25043059885501867 78.088207244873061 71.000000000000014 -0.24849999696016309 -0.48800000548362726 -0.66500002145767201 0.2950000017881394 0.31000000238418585 190.72395324707034 -0.42000000178813929 -1.0349999666213987 77.084831237792983 0.6024899184703828 -0.83753159642219532 0.2650000005960465 0.74500000476837169 77.084831237792983 0.092000000178813948 -0.060000000521540635 -19.717172622680661 -0.56999999284744252 0.074999999254941954 76.34873199462892
decision_type=2 1 2 2 2 2 2 2 2 2 2 2 2 2 2 2 2 2 2 2 2 2 2 2 2 2 2 2 2 2
left_child=-1 4 -3 8 5 6 -2 10 16 -9 -8 -11 -10 14 24 -16 17 18 -4 20 -18 -22 23 -23 25 -7 27 -27 29 -29
right_child=1 2 3 -5 -6 13 7 9 12 11 -12 -13 -14 -15 15 -17 19 -19 -20 -21 21 22 -24 -25 -26 26 -28 28 -30 -31
leaf_value=-0.025668026258544679 -0.024452518674880075 -0.0065808049859354513 0.0002172327637620548 0.0015506897762382263 -0.028489784673284016 -0.024018006963545314 -0.0068905747628301142 -0.0040743678650120201 0.049856905842750397 0.012220686729757731 0.04177226049562581 0.088879444537712612 0.008181941665213523 -0.026241024451223074 -0.0044215754874409726 0.072888730624243891 -0.009226197311577573 -0.016016735841768541 0.081246659409075481 0.047123898130926628 0.040536916984983462 -0.016912655572959501 0.044389778649709687 0.025181776787818654 -0.023241096011372673 -0.021640808039048141 -0.0084879074139423086 0.032209899924190724 -0.014771187228003009 0.13447050044144873
leaf_weight=247.54415308684111 37.118895262479782 119.51968458294868 7.0695356726646406 120.61548644304276 95.834640923887491 27.705756988376379 56.981162093579769 8.353319048881529 17.789905831217766 7.7258455902338019 16.867341317236423 19.674360960721973 178.7043593749404 105.38439281284809 9.7982891947031039 10.571196578443049 16.528582878410816 25.436450235545635 6.5788998901844025 82.872297860682011 109.0697311013937 28.622335143387318 21.100029937922955 22.768621154129505 74.795704215764999 7.471917241811755 20.460135031491518 5.4752671495080012 5.8808379769325247 6.700854130089283
leaf_count=4098 548 1589 73 1307 1496 400 746 97 201 101 201 181 2066 1671 142 87 186 314 63 639 934 275 161 216 1105 104 304 67 81 75
internal_value=-0.000105035 0.00488026 0.014756 0.0189937 -0.00967798 -0.00556738 0.00894109 0.0203693 0.0230558 0.0518604 0.00463384 0.0684559 0.0121884 -0.0133337 -0.00517126 0.0372337 0.0296692 0.00484192 0.0421556 0.0330936 0.0270166 0.0303485 0.0146761 0.00186184 -0.0111984 0.00117172 0.0165353 0.0361541 0.0599501 0.0944212
internal_weight=1521.02 1273.48 756.676 637.156 516.8 420.965 146.721 109.602 516.541 35.7535 73.8485 27.4002 196.494 274.244 168.86 20.3695 320.046 39.0849 13.6484 280.962 198.089 181.561 72.491 51.391 148.49 73.6948 45.989 25.5289 18.057 12.1761
internal_count=19528 15430 8024 6435 7406 5910 1874 1326 5128 379 947 282 2267 4036 2365 229 2861 450 136 2411 1772 1586 652 491 2136 1031 631 327 223 142
cat_boundaries=0 1
cat_threshold=6
is_linear=0
shrinkage=0.03


Tree=14
num_leaves=31
num_cat=1
split_feature=3 32 5 3 16 12 16 12 10 13 12 8 4 3 5 29 29 14 10 18 16 14 10 17 5 14 2 16 14 10
split_gain=219.272 183.182 61.6167 36.4252 36.8781 34.3461 52.1685 47.6885 47.128 48.4829 67.3307 39.2995 33.8769 44.7289 28.9693 27.9894 26.5503 24.8835 72.8517 44.6962 24.1797 20.5766 22.5096 20.0455 19.2731 21.6682 20.3567 18.4264 18.2793 30.0252
threshold=25.147087097167972 0 -0.91865202784538258 108.16881942749025 -0.1622507497668266 -0.2145000025629997 0.25043059885501867 -0.24849999696016309 -0.1950000002980232 40.500000000000007 -0.56650000810623158 47.518819808959968 4.5000000000000009 277.53517150878912 -0.17521348595619199 78.715969085693374 78.088207244873061 0.2950000017881394 0.2650000005960465 0.83518201112747203 -0.5921800136566161 -0.38499999046325678 1.1200000047683718 -0.87325549125671376 0.038674917072057731 -0.22999999672174451 254.58805084228518 -0.5375225543975829 0.22499999403953555 0.31000000238418585
decision_type=2 1 2 2 2 2 2 2 2 2 2 2 10 2 2 2 2 2 2 2 2 2 2 2 2 2 2 2 2 2
left_child=-1 5 15 4 -4 6 7 -2 -8 -10 -11 -12 16 -14 -6 -3 21 18 -7 -20 -21 27 23 -23 26 -26 -18 -5 -15 -30
right_child=1 2 3 12 14 17 8 -9 9 10 11 -13 13 28 -16 -17 24 -19 19 20 -22 22 -24 -25 25 -27 -28 -29 29 -31
leaf_value=-0.025711825356919946 -0.015924566786856831 -0.017744013113874805 -0.015409604253813689 -0.019130168473606567 0.079025905239138064 -0.014511184075491406 -0.025446053902237295 0.073305951781444847 -0.012235080087701092 -0.028368386568868885 0.09847794335135103 0.019582194573553879 0.032576414577516789 -0.011782366037208546 0.011016096344269607 0.011497693671213472 -0.0014847121185152991 -0.024523005672790782 0.071391815574046891 0.049697478527127019 -0.027208714535863095 0.01154043473045532 -0.013711992650785168 0.040366971182932344 0.077107175934814476 0.0053757209265476429 0.022656991219654248 0.024916315236163472 0.044472020230278728 -0.0056584899735572557
leaf_weight=246.37137939035892 90.958135850727558 68.618971534073353 53.721237167716026 11.957689501345156 5.6157657355070105 198.7304792329669 12.507090803235767 4.7424956895411006 12.190875496715305 6.3684378862380937 19.482968136668212 8.6763345971703512 49.542894139885902 63.959789596498013 41.60479137301445 50.172712862491608 60.423103541135788 128.63985202461481 14.366023544222118 4.5076070278882971 10.088644620031117 25.708799913525581 7.7307181432843199 184.18863820284605 7.9701413363218307 6.8408866524696332 64.263287246227264 24.590277396142483 16.081719249486923 28.50676603615284
leaf_count=4163 1276 994 673 139 54 2962 192 35 159 83 172 105 485 703 482 595 687 2058 132 65 135 229 67 1406 83 77 701 252 150 288
internal_value=0.000150992 0.00513447 0.0142503 0.0180475 0.00146086 -0.0087302 0.00287986 -0.0107904 0.0247814 0.0384794 0.0562257 0.0756741 0.0210738 0.009264 0.0205754 -0.00540064 0.0257809 -0.0140163 -0.00799899 0.0356787 -0.00179489 0.0315615 0.035055 0.0369077 0.0150984 0.0464114 0.0110392 0.0103796 -0.00157634 0.013001
internal_weight=1529.13 1282.76 771.498 652.707 100.942 511.259 154.926 95.7006 59.2257 46.7186 34.5277 28.1593 551.765 158.091 47.2206 118.792 393.674 356.333 227.693 28.9623 14.5963 254.176 217.628 209.897 139.497 14.811 124.686 36.548 108.548 44.5885
internal_count=19602 15439 8065 6476 1209 7374 2022 1311 711 519 360 277 5267 1626 536 1589 3641 5352 3294 332 200 2093 1702 1635 1548 160 1388 391 1141 438
cat_boundaries=0 1
cat_threshold=6
is_linear=0
shrinkage=0.03


Tree=15
num_leaves=31
num_cat=1
split_feature=3 32 5 28 12 10 10 18 2 18 14 14 10 18 29 20 0 7 3 17 14 12 12 11 13 14 8 12 29 18
split_gain=212.744 197.295 85.8163 42.4741 30.0105 37.5538 42.505 32.8675 28.8622 26.4393 24.8026 24.4123 53.3043 46.2896 23.0963 21.5675 23.8871 22.6017 18.7688 18.1424 31.0164 25.9829 53.2964 27.3307 32.0975 20.5438 31.3705 22.0658 19.5782 18.5362
threshold=41.621149063110359 0 -0.91865202784538258 25.346193313598636 -0.19049999862909314 -0.1950000002980232 -0.094999998807907091 1.4366115331649782 191.13148498535159 0.81140595674514782 0.39499999582767492 0.2950000017881394 0.2650000005960465 0.83518201112747203 79.142368316650405 1.0000000180025095e-35 44.031843185424812 -48.204250335693352 350.07836914062506 -0.59426808357238758 1.0000000180025095e-35 0.049999998882412917 -1.0000000180025095e-35 71.000000000000014 53.500000000000007 0.2950000017881394 10.015030384063722 0.54000002145767223 77.440567016601577 1.4650008082389834
decision_type=2 1 2 2 2 2 2 2 2 2 2 2 2 2 2 2 2 2 2 2 2 2 2 2 2 2 2 2 2 2
left_child=-1 4 14 15 5 -2 -7 -8 10 -5 -9 12 -6 -14 -3 19 17 18 -17 20 -4 22 23 28 -25 -23 -27 -28 -21 -26
right_child=1 2 3 9 11 6 7 8 -10 -11 -12 -13 13 -15 -16 16 -18 -19 -20 21 -22 25 -24 24 29 26 27 -29 -30 -31
leaf_value=-0.023458349048733101 -0.025783182240782139 -0.017165149399404972 -0.00042408770279147678 0.022248229906416932 -0.01463324904769055 0.072391079136051584 -0.0048476456507150828 0.012342036957345707 -0.027486040033982143 -3.3777134081667744e-05 0.074448096035018452 -0.026182349985537208 0.068331980620733146 -0.0083783345433355062 0.011647749192272683 0.054403247786239992 0.025896074448180033 -0.027813816783773714 -0.0072692744443319766 0.00053760151372091354 0.035597340307760177 0.007725057816903743 0.090336310640011269 0.052696778155530102 -0.0091359920292663991 0.054606850824569349 -0.0019726168755202973 0.049964675087829369 0.052223872223105858 0.039629963889016163
leaf_weight=279.16709075495601 36.387153714895248 81.580944709479809 48.395971469581127 74.68437360227108 181.8036947324872 7.6961663365364066 94.747917633503675 11.472727388143545 5.3801449015736571 130.6739409044385 11.744106777012346 111.48576575517654 13.046373613178732 13.883621480315922 35.110549196600914 6.4576778337359455 40.5545544475317 20.265716627240181 10.484188288450239 30.947207190096378 37.697034046053886 56.841466851532459 16.218228198587894 68.419261805713177 14.711310438811781 29.91822012513876 25.902373068034649 9.2464498877525312 7.3896001204848281 11.911062858998774
leaf_count=4730 562 1176 502 774 2741 67 1257 133 77 1552 116 1852 115 190 395 60 361 224 113 296 325 518 113 509 143 217 206 75 74 104
internal_value=0.000162918 0.00547386 0.0149361 0.0194383 -0.00933781 0.000764489 0.00827562 0.00372509 0.0313325 0.00813825 0.045535 -0.0148965 -0.00877253 0.0299003 -0.00847052 0.0247377 0.0102443 -0.00704678 0.0179602 0.027852 0.015576 0.0316732 0.0400875 0.0333507 0.0419224 0.0211057 0.0325009 0.0126945 0.0115747 0.0133271
internal_weight=1524.22 1245.06 757.41 640.719 487.648 167.428 131.041 123.345 28.597 205.358 23.2168 320.219 208.734 26.93 116.691 435.36 77.7621 37.2076 16.9419 357.598 86.093 271.505 149.597 133.378 95.0416 121.909 65.067 35.1488 38.3368 26.6224
internal_count=19577 14847 7737 6166 7110 2212 1650 1583 326 2326 249 4898 3046 305 1571 3840 758 397 173 3082 827 2255 1239 1126 756 1016 498 281 370 247
cat_boundaries=0 1
cat_threshold=6
is_linear=0
shrinkage=0.03


Tree=16
num_leaves=31
num_cat=1
split_feature=32 3 6 3 12 14 9 14 14 12 29 3 16 6 10 28 14 17 6 3 2 6 17 10 12 12 12 16 12 8
split_gain=184.837 138.358 79.7063 48.6413 39.6555 41.8486 63.3447 32.0891 29.1634 37.0123 29.6968 24.6306 22.2509 21.952 21.1977 26.1248 21.0109 27.8046 20.0147 19.7233 44.9444 30.7248 28.2489 30.1067 26.9114 32.2701 30.8964 36.1829 24.8879 23.1691
threshold=0 54.422496795654304 -0.61626377701759327 18.527454376220707 -0.17249999940395352 0.35999999940395361 -2.9940690994262691 0.41499999165534979 0.2950000017881394 0.50899998843669902 76.34873199462892 115.08821868896486 1.2043771743774416 -0.96645781397819508 0.32999999821186071 18.926905632019047 -1.130000054836273 -0.3221799880266189 -0.35488262772560114 285.29481506347662 249.83755493164065 -0.74761795997619618 -0.040218671783804887 0.53000000119209301 -0.48800000548362726 -0.17849999666213986 0.11199999973177911 -0.49359905719757075 0.12900000065565112 5.671023130416871
decision_type=1 2 2 2 2 2 2 2 2 2 2 2 2 2 2 2 2 2 2 2 2 2 2 2 2 2 2 2 2 2
left_child=1 -1 11 -2 5 13 7 -7 9 10 -6 -3 18 -5 -9 -16 17 -4 -12 24 -21 -22 28 -24 -13 -26 27 -27 -23 -29
right_child=3 2 16 4 8 6 -8 14 -10 -11 12 19 -14 -15 15 -17 -18 -19 -20 20 21 22 23 -25 25 26 -28 29 -30 -31
leaf_value=-0.018256927983157985 -0.027256345763263051 0.0037666290536693689 -0.01870228412464172 -0.024848718651981148 -0.022459930134263607 0.091600347572041579 -0.01022058756776152 -0.0083005204626480887 -0.023316836961399648 0.041272932756079989 7.6276269793363349e-06 0.084164648603100689 0.038984166716311615 0.00033370420778435986 0.012311345993889281 0.083241043863850811 -0.0042138121033119622 0.062376922973758506 -0.02981230441027985 -0.0019923268038170394 0.019545980662563942 -0.0039720295326248715 0.0861927693889947 0.024160672395427494 -0.0011013197973517904 0.017747000953151064 0.019297390411851335 0.088628976010112617 0.049211050973135835 0.031851728840772635
leaf_weight=122.49821690842509 128.59215888008475 50.470759592950344 5.5320350006222716 38.838693127036095 96.866207733750343 10.054095499217508 29.713063109666109 8.9435634724795836 150.1516422405839 12.691535323858259 132.78092554584146 9.0071412026882154 10.336776632815598 142.80483575537801 10.247440252453091 8.2808993309736234 153.21686911582947 9.0330720841884595 22.903835847973824 57.921965070068836 130.80054119229317 15.200116716325285 20.331511273980141 12.03922079503536 22.018925994634628 17.281772814691067 41.726629972457886 23.496243193745613 15.224871687591074 10.95025162398815
leaf_count=2033 2295 516 70 571 1494 80 409 121 2376 92 1806 67 140 1864 120 93 1874 97 336 552 1111 155 134 91 198 154 375 169 116 85
internal_value=-0.000471367 0.0105216 0.0166514 -0.0102849 -0.00716656 0.00234185 0.0223793 0.0477871 -0.0127176 -0.00687915 -0.00935141 0.0235291 -0.00161448 -0.00515733 0.0290984 0.0466513 -0.000866045 0.0323588 -0.00454165 0.0261648 0.0211729 0.0280783 0.0452656 0.0645373 0.036002 0.0315549 0.0391793 0.0545468 0.0233603 0.0719877
internal_weight=1519.96 716.75 594.252 803.206 674.614 248.883 67.2391 37.526 425.731 275.579 262.888 426.47 166.022 181.644 27.4719 18.5283 167.782 14.5651 155.685 375.999 251.518 193.596 62.7957 32.3707 124.481 115.474 93.4549 51.7283 30.425 34.4465
internal_count=19594 7797 5764 11797 9502 3258 823 414 6244 3868 3776 3723 2282 2435 334 213 2041 167 2142 3207 2159 1607 496 225 1048 981 783 408 271 254
cat_boundaries=0 1
cat_threshold=89
is_linear=0
shrinkage=0.03


Tree=17
num_leaves=31
num_cat=1
split_feature=2 32 6 28 14 12 16 12 17 4 18 17 18 12 16 29 14 12 12 4 18 12 12 17 11 29 2 29 14 12
split_gain=197.726 147.508 59.7761 51.1657 30.7151 28.3198 42.3253 33.9418 33.8914 27.9068 35.3282 27.5191 27.8912 26.1952 23.2944 23.0961 21.3291 22.3059 20.894 19.7564 19.2952 18.6752 22.7767 18.0298 32.7625 45.2918 16.8119 20.0403 24.182 16.8522
threshold=42.127584457397468 0 -0.47246390581130976 25.346193313598636 -0.52499997615814198 -0.23350000381469724 0.25043059885501867 -0.24849999696016309 0.68395850062370311 17.500000000000004 0.40214560925960546 0.16916266083717349 1.4366115331649782 0.078999999910593047 -0.26453061401844019 79.142368316650405 -0.3299999982118606 -0.060000000521540635 0.06749999895691873 3.5000000000000004 0.81140595674514782 0.54000002145767223 0.50899998843669902 -0.56213873624801625 78.500000000000014 76.151096343994155 240.93579864501956 76.836559295654311 -0.11999999731779097 -0.17249999940395352
decision_type=2 1 2 2 2 2 2 2 2 10 2 2 2 2 2 2 2 2 2 10 2 2 2 2 2 2 2 2 2 2
left_child=-1 5 3 4 14 6 7 23 11 19 -11 12 -8 16 -3 -4 -12 -18 -16 26 -5 22 -6 24 -2 -26 27 29 -29 -7
right_child=1 2 15 20 21 9 8 -9 -10 10 13 -13 -14 -15 18 -17 17 -19 -20 -21 -22 -23 -24 -25 25 -27 -28 28 -30 -31
leaf_value=-0.022750847776817396 -0.022719653867677898 -0.01786822815129582 -0.012310621389288302 0.016622186556735676 0.025590521650898708 0.027197446501829949 -0.0058262436457534542 0.058825537812250181 -0.012413334942155716 0.07157506842523087 -0.016213870747136389 0.064102905640664731 0.061942185649467012 -0.025035663571603455 0.040717489694634353 0.01391135239762531 0.0057804367111384007 0.093105483641279158 -0.013124118797338989 -0.025378965862108055 -0.0027858025927687321 0.054071886310046384 -0.021384732478442837 -0.025507692485078511 -0.027362622690360227 0.082135636177664728 -0.030862084225243662 0.055224099273073313 -0.0049008883153424856 -0.015105277983032444
leaf_weight=288.94389763474464 17.600667588412765 26.57964726537466 99.810393646359444 72.25765573605895 336.36283990368247 8.5832485407590848 17.769794579595331 4.9284067898988715 18.083866275846958 5.7813311591744414 6.4912592545151737 17.201214294880629 6.8008513152599326 20.374889601022005 16.655617378652099 42.238435223698616 5.331329621374608 4.4891725070774529 9.6340715736150724 135.64960696548223 123.75295557454228 19.965650595724583 8.8356763869523984 55.479159738868475 5.0682364888489229 7.3623998388648033 24.791998881846666 9.27133657038212 14.192689292132853 77.249810878187418
leaf_count=5057 254 314 1401 735 2713 122 230 35 250 38 91 164 65 329 156 471 79 56 116 2179 1468 150 87 815 67 91 408 129 210 1214
internal_value=-0.000483151 0.00481112 0.0128717 0.0170936 0.0230128 -0.0084607 0.00204896 -0.0108674 0.0214228 -0.0137805 0.00866034 0.0360189 0.0146201 -0.00289033 0.0016063 -0.00447074 0.0246195 0.0506141 0.0212289 -0.0173326 0.00441684 0.0260992 0.0243298 -0.0155177 0.00316479 0.0387776 -0.00906493 -0.00388567 0.0201425 -0.0106105
internal_weight=1507.54 1218.59 756.093 614.044 418.034 462.501 150.295 90.4389 59.8557 312.207 42.468 41.7719 24.5706 36.6867 52.8693 142.049 16.3118 9.8205 26.2897 269.739 196.011 365.164 345.199 85.5105 30.0313 12.4306 134.089 109.297 23.464 85.8331
internal_count=19494 14437 7611 5739 3536 6826 1971 1262 709 4855 593 459 295 555 586 1872 226 135 272 4262 2203 2950 2800 1227 412 158 2083 1675 339 1336
cat_boundaries=0 1
cat_threshold=6
is_linear=0
shrinkage=0.03


Tree=18
num_leaves=31
num_cat=1
split_feature=2 32 5 28 28 9 16 8 17 5 5 5 18 18 10 14 12 10 12 10 12 12 13 10 16 14 12 10 18 9
split_gain=176.627 141.681 57.6405 46.1557 36.6012 35.9231 27.4883 35.5274 28.2035 29.6072 25.6387 34.6919 33.9556 61.0798 40.3049 60.7539 29.5461 26.812 23.0514 22.3852 22.2382 29.0712 21.9787 21.3726 21.1289 20.2919 19.3686 19.2239 20.3987 19.1608
threshold=51.086946487426765 0 -0.91865202784538258 25.346193313598636 25.763958930969242 1.9187189936637881 1.0000000180025095e-35 23.984689712524418 0.55027690529823314 -0.67050644755363453 -0.30041381716728205 -0.8126716911792754 0.88871797919273388 0.83054965734481823 0.24000000208616259 0.47499999403953558 -0.26350000500679011 -0.044999999925494187 0.078999999910593047 -0.42000000178813929 -0.41899999976158137 -0.48800000548362726 42.500000000000007 -0.50999999046325672 -0.97123998403549183 -0.38499999046325678 0.056499999016523368 0.080000001937150969 1.5407053232192995 -127.3025436401367
decision_type=2 1 2 2 2 2 2 2 2 2 2 2 2 2 2 2 2 2 2 2 2 2 2 2 2 2 2 2 2 2
left_child=29 5 4 6 -3 10 8 19 25 -10 11 16 13 14 -13 -16 17 -2 23 -8 21 -7 26 -14 -25 -4 -21 28 -27 -1
right_child=1 2 3 -5 -6 20 7 -9 9 -11 -12 12 18 -15 15 -17 -18 -19 -20 22 -22 -23 -24 24 -26 27 -28 -29 -30 -31
leaf_value=0.010486631253397782 0.054316501214547959 -0.016458011203849349 -0.010324397029235462 0.0050816194112433119 0.023043406857601204 -0.013772375081104451 0.0042580510095466678 0.013706753195149182 0.078947369448174196 0.022089546374526751 -0.015932209174628294 -0.018476169238066217 0.067920069769413449 0.11589424327834019 0.073461611647505046 -0.028164566142718797 -0.023361642972824059 -0.0059469709470313442 -0.028603261578805366 0.038449018971183371 -0.022054752224194524 0.043279515667714583 0.053074297159165063 0.042513246262694461 -0.013372460795229716 0.036999895087684545 -0.010591317371383017 0.005249316540285643 -0.00051631853003901668 -0.021557842748904207
leaf_weight=17.206888742744923 9.171186678111555 83.553135775029659 35.40994231402874 207.23764501512051 27.185968421399593 25.153582118451595 14.067821495234965 73.268517635762691 10.178556822240351 36.861539252102375 66.361221976578236 14.140193887054918 4.68058739230037 6.417464666068553 16.862210083752874 6.8941096216440192 47.1201007142663 18.676464505493641 15.38217607885599 20.674999840557579 168.75994390249252 10.614524267613886 79.856288358569145 7.7448386773467091 19.090813782066107 47.203645721077919 10.347757190465925 85.862124264240265 17.845632620155811 301.88794200122356
leaf_count=257 93 1212 395 2308 292 402 151 569 76 297 1017 202 59 61 112 109 773 218 238 179 2768 103 536 89 253 372 93 776 174 5323
internal_value=-2.4217e-05 0.00530656 0.0131162 0.0167511 -0.00664115 -0.00819819 0.02233 0.0305535 0.0152445 0.0357797 -0.000307519 0.00598991 0.0183285 0.0368487 0.0208276 0.0440232 -0.00906591 0.0150947 0.000424859 0.0402451 -0.0175233 0.00387494 0.0447321 0.0150366 0.00370417 0.00989666 0.0222715 0.0146781 0.0268557 -0.0198025
internal_weight=1505.72 1186.62 749.554 638.814 110.739 437.069 431.577 198.215 233.361 47.0401 232.541 166.18 91.2124 44.314 37.8965 23.7563 74.9678 27.8477 46.8984 124.947 204.528 35.7681 110.879 31.5162 26.8357 186.321 31.0228 150.911 65.0493 319.095
internal_count=19507 13927 7430 5926 1504 6497 3618 1528 2090 373 3224 2207 1123 484 423 221 1084 311 639 959 3273 505 808 401 342 1717 272 1322 546 5580
cat_boundaries=0 1
cat_threshold=6
is_linear=0
shrinkage=0.03


Tree=19
num_leaves=31
num_cat=1
split_feature=3 32 5 28 16 0 16 3 2 29 5 5 18 18 10 10 3 8 10 18 10 3 8 16 5 4 3 5 10 11
split_gain=184.095 138.277 40.7139 35.938 38.5164 30.6063 27.5145 31.0203 26.1631 25.162 22.3314 27.7992 34.7772 45.8384 49.2525 46.7476 22.0597 20.7616 22.5932 20.5732 18.7856 18.7276 18.3619 17.7454 16.6453 16.4853 15.371 24.2825 14.7437 13.8462
threshold=23.398981094360355 0 -0.91865202784538258 25.503168106079105 -0.12487920373678206 30.423569679260257 1.0861150026321413 78.638252258300795 218.37482452392581 79.142368316650405 -0.30041381716728205 -0.8126716911792754 0.87745714187622081 0.83054965734481823 0.24000000208616259 0.53000000119209301 584.79080200195324 22.906852722167972 -0.42000000178813929 1.0976158976554873 0.53000000119209301 590.24499511718761 13.039136886596681 -0.51828125119209278 -0.53371313214302052 1.5000000000000002 320.57951354980474 -0.17521348595619199 -0.074999999254941926 76.500000000000014
decision_type=2 1 2 2 2 2 2 2 2 2 2 2 2 2 2 2 2 2 2 2 2 2 2 2 2 10 2 2 2 2
left_child=-1 6 9 4 5 -4 10 -8 -5 -3 11 -2 13 14 -13 -16 25 18 29 24 -18 -11 -17 -23 -10 -7 27 -20 -27 -6
right_child=1 2 3 8 17 16 7 -9 19 21 -12 12 -14 -15 15 22 20 -19 26 -21 -22 23 -24 -25 -26 28 -28 -29 -30 -31
leaf_value=-0.025500677589481692 -0.016430286739715697 -0.014246665357258647 -0.0049397870276792245 -0.0069532673604149739 0.035244501609074129 0.020714868379001699 0.064925186408315586 0.0020776218637385629 0.043664414044401363 -0.025311678406114386 -0.020042332263498601 -0.020674110132384262 -0.011485403100128869 0.072784129679385121 0.058256033374485296 -0.029477808131585456 0.043561162450411778 0.014930336136030113 0.06154601688192074 -0.0016993535125366189 -0.0055024135570551688 -0.011775857035708794 0.037080743330843102 0.040347045775792872 0.0086509485103888166 -0.020014329206002334 0.027496406758883121 0.023998339454224239 0.011799867512843459 -0.017022889302440419
leaf_weight=218.23783682286739 122.8983430787921 77.055136404931545 79.544946406036615 99.705796241760254 6.0138253606855896 62.049239292740822 7.2594375163316718 49.52194606885314 26.543500423431396 7.0591741800308219 155.46621797978878 30.320825267583132 77.618735507130623 10.269502885639666 21.14983120188117 10.997903704643248 38.407409138977528 88.346839345991611 42.365501619875431 36.185822062194347 8.2926547303795797 7.5063989907503155 4.4516736380755892 20.966042675077915 23.058243304491043 22.302516628056765 82.48509980738163 27.163077853620052 28.996617153286934 12.051366239786146
leaf_count=4088 1931 1157 856 1173 67 560 93 706 269 83 2556 477 1160 111 171 182 295 712 281 413 71 84 42 222 230 222 657 267 245 142
internal_value=-8.93257e-05 0.00423934 0.0118673 0.0147667 0.0189585 0.0102299 -0.00822797 0.0110972 0.00347128 -0.00466535 -0.0109704 -0.00583804 0.00262235 0.016774 0.00723365 0.0302888 0.0177532 0.0269803 0.0331158 0.0155276 0.0349161 0.0159342 -0.00921117 0.0266722 0.0278804 0.0104385 0.0368619 0.0474253 -0.00214971 0.0013127
internal_weight=1504.29 1286.05 796.099 683.512 498.019 239.593 489.954 56.7814 185.493 112.587 433.173 277.707 154.808 77.1897 66.9202 36.5994 160.048 258.426 170.079 85.7876 46.7001 35.5316 15.4496 28.4724 49.6017 113.348 152.014 69.5286 51.2991 18.0652
internal_count=19523 15435 8006 6460 4375 2249 7429 799 2085 1546 6630 4074 2143 983 872 395 1393 2126 1414 912 366 389 224 306 499 1027 1205 548 467 209
cat_boundaries=0 1
cat_threshold=6
is_linear=0
shrinkage=0.03


Tree=20
num_leaves=31
num_cat=1
split_feature=3 32 5 16 12 3 10 16 28 10 10 5 18 12 2 12 13 3 18 16 12 10 7 29 1 16 3 3 12 2
split_gain=156.891 131.85 40.4848 37.2139 35.897 35.8962 31.1894 28.1336 25.5456 21.4411 42.0773 65.1826 21.3515 20.7286 21.4959 24.682 34.9856 23.4634 22.7373 28.3441 23.2896 19.4542 18.7863 18.3245 19.9415 19.8418 20.7404 18.1771 26.2355 28.0878
threshold=23.398981094360355 0 -0.88134551048278797 1.0861150026321413 -0.30349999666213984 108.16881942749025 0.14500000327825549 -0.1622507497668266 25.346193313598636 -0.21000000089406964 -0.18500000238418576 -0.30041381716728205 0.81140595674514782 -0.17249999940395352 224.42637634277347 -0.24849999696016309 43.500000000000007 267.49920654296881 0.4964651763439179 -0.22263643890619275 -0.48800000548362726 -0.42000000178813929 -13.006690979003904 79.001594543457045 73.296070098876967 -0.71760207414627064 898.53802490234386 765.48803710937511 0.12299999967217447 194.46482086181643
decision_type=2 1 2 2 2 2 2 2 2 2 2 2 2 2 2 2 2 2 2 2 2 2 2 2 2 2 2 2 2 2
left_child=-1 3 23 9 6 7 -5 -4 21 -2 11 -11 -10 14 15 16 -12 -17 -18 -20 -21 -7 -9 27 -25 -26 -27 28 29 -3
right_child=1 2 5 4 -6 8 -8 22 12 10 13 -13 -14 -15 -16 17 18 -19 19 20 -22 -23 -24 24 25 26 -28 -29 -30 -31
leaf_value=-0.024192608938816421 -0.022490166754223891 0.049778583026920814 -0.01673278778127097 0.012339093051438299 -0.0045990943819195938 0.0025407944481163932 0.086214081544068552 0.035938701686116702 0.020486121596326536 0.086310873548392134 -0.029324607738918228 -0.022641329925912959 -0.001022803841096234 -0.017400019051602759 -0.026932077098269998 -0.0039162795698709325 -0.029179169522449731 0.056920551174925046 -0.0055623405937364305 -0.0057680428517279097 0.063418006300456423 0.02388082705956688 -0.00098760103063341383 -0.0081115195224962435 -0.016620342285749327 0.072831186355155772 0.013635798070417515 -0.022825170394299679 -0.028139075446824351 -0.011532530533301151
leaf_weight=213.37129040807486 123.61819978058338 13.568740319460632 54.493160780519247 12.5869114138186 35.954657804220915 43.606676556169987 8.1956464201211912 19.953287243843079 67.858769305050373 9.4314998202025908 27.877927292138338 8.7601322568953019 104.45916111767292 164.80910481885076 22.316842079162598 9.4853362478315848 8.7199339456856233 12.872422922402619 17.906723752617836 5.7816209122538593 15.233254689723251 340.78373443335295 30.24840922281146 26.64173175022006 6.455925531685355 9.1959021836519259 12.376894444227217 52.381357841193676 13.788758978247641 11.915486592799423
leaf_count=4089 2030 183 699 142 576 462 71 216 657 89 401 146 1208 2717 364 128 126 129 249 79 146 2554 335 314 76 102 127 775 206 165
internal_value=-0.000424021 0.00351919 0.0108587 -0.00878085 0.0136911 0.0141482 0.0440924 -0.00195262 0.0171742 -0.0119984 -0.0076608 0.0353993 0.00751674 -0.0105235 -0.00102863 0.00509022 -0.00320513 0.0320477 0.0123676 0.0221734 0.0449861 0.0214728 0.0141045 -0.00326808 0.0103618 0.0275956 0.0409778 -0.0114222 0.00397589 0.0217587
internal_weight=1504.65 1291.28 807.728 483.55 56.7372 661.403 20.7826 104.695 556.708 426.813 303.195 18.1916 172.318 285.003 120.194 97.8772 75.5195 22.3578 47.6415 38.9216 21.0149 384.39 50.2017 146.325 54.6705 28.0287 21.5728 91.6543 39.273 25.4842
internal_count=19561 15472 8079 7393 789 6131 213 1250 4881 6604 4574 235 1865 4339 1622 1258 1001 257 600 474 225 3016 551 1948 619 305 229 1329 554 348
cat_boundaries=0 1
cat_threshold=6
is_linear=0
shrinkage=0.03


Tree=21
num_leaves=31
num_cat=1
split_feature=3 32 5 9 12 28 28 29 12 28 10 10 12 24 7 12 5 3 14 14 14 18 1 10 5 10 3 11 9 18
split_gain=156.657 120.551 40.3097 40.2451 39.2124 28.8619 25.9187 23.2577 21.3689 55.6411 34.4284 40.828 19.33 27.6111 30.5891 20.9141 19.0838 36.3046 31.674 47.188 32.5202 18.9826 22.2928 18.7684 23.5655 24.2058 18.4734 18.2482 18.0702 17.0746
threshold=63.532464981079109 0 -0.91865202784538258 46.998497009277351 0.078999999910593047 25.503168106079105 25.346193313598636 75.655178070068374 0.054500000551342971 18.767070770263675 -0.1950000002980232 -0.18500000238418576 -0.15249999612569806 1.0000000180025095e-35 15.947690010070803 0.035499999299645431 0.038674917072057731 332.30853271484381 -1.0000000180025095e-35 0.024999999441206459 -0.30500000715255732 0.22964722663164142 48.245992660522468 0.31000000238418585 -0.63756072521209706 0.2100000008940697 18.527454376220707 78.500000000000014 -38.419609069824212 0.72820800542831432
decision_type=2 1 2 2 2 2 2 2 2 2 2 2 2 2 2 2 2 2 2 2 2 2 2 2 2 2 2 2 2 2
left_child=26 3 5 4 7 -3 16 -2 10 -10 -9 -12 13 14 -13 -14 17 27 20 -20 29 22 -6 24 25 -21 -1 -4 -8 -19
right_child=1 2 6 -5 21 -7 28 8 9 -11 11 12 15 -15 -16 -17 -18 18 19 23 -22 -23 -24 -25 -26 -27 -28 -29 -30 -31
leaf_value=-0.025167234236432804 -0.014922601716453814 -0.016554894220595858 0.024050171063453689 -0.024306022606584772 0.055269951292446058 0.014220161938000247 -0.006899154420877014 -0.016462617295462258 0.10730897121236495 -0.026565872907577958 0.073342172752927939 0.00066740122185703164 -0.02250078801766842 0.06428019974583786 0.048170441966893372 0.041509742305872031 -1.8413328041208257e-05 0.034768353778690385 0.083838663457384957 0.017671083730999043 -0.018558732048826049 -0.019758281675125802 -0.023297573552914692 0.0072254946712319865 0.0087182812781097033 0.06502795130957871 -0.0093780502199037469 0.047475115028046376 0.012024983263545428 0.0045086276414144271
leaf_weight=196.54704551026225 41.994955483824015 69.852801829576492 78.603088073432446 104.16791294142604 6.0230028778314573 43.808821227401495 67.17045920342207 41.037751935422421 5.427458453923462 4.3685255981981754 8.9607050344347936 58.399592313915491 24.152591399848465 8.8959975987672788 14.431642539799212 4.6639660336077204 43.92028896510601 23.76223935931921 9.9213308170437795 18.715620160102844 41.058386579155922 116.27516873553395 5.2559710554778576 67.725326187908649 29.738070614635944 21.738393150269985 103.28846536576748 52.471970774233341 135.8606680855155 53.224892750382423
leaf_count=3866 595 1084 618 1806 52 491 754 651 71 64 82 729 404 66 168 60 397 178 64 150 395 1968 77 532 216 146 1585 358 1454 498
internal_value=-0.000415623 0.00442803 0.0116111 -0.00790826 -0.00305814 -0.00467264 0.0146683 0.00483873 0.00976932 0.0506767 0.00697498 0.0150933 0.0097564 0.0171541 0.0106052 -0.011096 0.0187479 0.0208191 0.0143586 0.0235639 0.00272897 -0.0161391 0.019742 0.0186556 0.0294276 0.0440736 -0.0197774 0.0337161 0.00576103 0.0141744
internal_weight=1501.46 1201.63 757.572 444.055 339.887 113.662 643.911 212.333 170.338 9.79598 160.542 119.504 110.544 81.7272 72.8312 28.8166 440.88 396.959 265.884 147.839 118.046 127.554 11.279 137.917 70.1921 40.454 299.836 131.075 203.031 76.9871
internal_count=19579 14128 7335 6793 4987 1575 5760 2890 2295 135 2160 1509 1427 963 897 464 3552 3155 2179 1108 1071 2097 129 1044 512 296 5451 976 2208 676
cat_boundaries=0 1
cat_threshold=6
is_linear=0
shrinkage=0.03


Tree=22
num_leaves=31
num_cat=1
split_feature=5 32 5 12 16 14 5 8 5 5 14 5 14 10 9 18 14 29 12 16 8 12 28 10 5 8 12 28 16 11
split_gain=160.109 106.339 43.5674 38.9357 45.6212 35.6427 38.8741 33.7287 28.3085 27.1634 24.8695 25.4705 24.7829 27.1833 23.2306 23.134 22.0556 21.5098 19.4993 19.4529 18.7126 23.2875 21.0728 18.5233 17.9352 17.7349 17.6763 17.1045 17.3261 22.5752
threshold=0.3732354491949082 0 -0.78753387928009022 -0.16650000214576718 0.25043059885501867 0.024999999441206459 -0.93404099345207203 -21.409787178039547 0.081451712176203742 -0.17521348595619199 -1.130000054836273 -0.94917574524879444 0.2950000017881394 0.31000000238418585 30.4154806137085 1.1452969908714297 -0.59499999880790699 76.151096343994155 0.1970000043511391 1.2043771743774416 30.030194282531742 -0.26350000500679011 18.926905632019047 -0.1950000002980232 -0.93404099345207203 -24.959188461303707 -0.2145000025629997 26.140346527099613 0.037843300029635436 63.500000000000007
decision_type=2 1 2 2 2 2 2 2 2 2 2 2 2 2 2 2 2 2 2 2 2 2 2 2 2 2 2 2 2 2
left_child=1 2 10 4 9 6 23 15 16 14 11 -1 13 17 20 -7 -4 -5 19 24 21 -3 26 -6 -19 -15 -23 28 -18 -30
right_child=-2 3 8 12 5 7 -8 -9 -10 -11 -12 -13 -14 25 -16 -17 27 18 -20 -21 -22 22 -24 -25 -26 -27 -28 -29 29 -31
leaf_value=-0.0092703552154638786 -0.024094295212546968 -0.0061462932551313203 -0.00058513494370360773 -0.023171825443803942 -0.00021101057003124446 0.027922429993162575 -0.018575910653968367 0.021000164861798655 -0.00011824108208149237 -0.027397268640568996 -0.0039602352209602123 0.064825269954278439 -0.020778086594572486 0.043561546381925109 -0.017368166543984341 0.10949453366948292 0.018334425741885641 -0.028691358383056167 -0.025588429163706947 0.044147507889504591 0.053112074090819694 0.045362656279374282 0.061050363910604623 0.05703830850001345 0.0041365200321892238 -0.0028152930523279566 -0.016621057674479349 0.0051979531750764663 -0.0007380856334349708 0.036457252418510118
leaf_weight=6.7672552093863478 209.30474455282092 50.530062530189753 40.525323040783405 62.956486791372299 8.3981585502624529 6.2606301084160787 29.083963796496391 29.362366441637278 70.955406483262777 37.135090157389641 155.7088910639286 9.0399011895060521 139.03963246196508 14.959846481680872 38.644763186573982 7.773374617099762 169.75752680748701 16.598252728581429 25.828196443617344 8.3812666237354261 7.3609190769493571 5.5080430135130873 9.6911011524498445 11.870595432817934 99.635203994810581 13.657153416424988 10.454721156507732 44.732807483524084 16.397382140159607 136.53814839944243
leaf_count=90 4022 648 417 1069 126 64 424 321 893 613 1873 88 2372 142 580 77 1362 265 396 109 85 41 106 89 1384 175 152 480 130 887
internal_value=0.000170847 0.00414336 0.0125416 -0.00461544 0.00444852 0.0210592 0.00344166 0.0405661 0.0173723 -0.00529225 -0.000242122 0.0344397 -0.0107281 -0.00489262 0.00159363 0.0773826 0.0204073 -0.00859591 -0.00238354 0.00259143 0.0104663 0.00571115 0.0284209 0.034423 -0.000756083 0.0220809 0.00618016 0.022718 0.0251231 0.0324904
internal_weight=1492.86 1283.55 650.423 633.13 252.074 92.7491 49.3527 43.3964 478.907 159.325 171.516 15.8072 381.056 242.016 122.19 14.034 407.951 213.399 150.443 124.615 83.5448 76.1839 25.6539 20.2688 116.233 28.617 15.9628 367.426 322.693 152.936
internal_count=19480 15458 6220 9238 3326 1101 639 462 4169 2225 2051 178 5912 3540 1612 141 3276 3223 2154 1758 1032 947 299 215 1649 317 193 2859 2379 1017
cat_boundaries=0 1
cat_threshold=89
is_linear=0
shrinkage=0.03


Tree=23
num_leaves=31
num_cat=1
split_feature=2 32 5 9 12 12 24 28 28 14 10 10 17 14 10 5 7 28 18 18 14 12 12 7 8 9 13 18 2 10
split_gain=150.226 117.961 35.4663 28.8641 33.1532 29.5628 35.4965 24.8708 24.786 24.4853 32.9692 25.4512 20.6077 25.1859 43.9301 30.8052 19.6247 25.4312 24.9118 19.2324 19.13 19.25 20.55 17.6398 17.4794 20.3756 24.4987 17.0779 22.4566 17.0106
threshold=28.774245262146 0 -0.94917574524879444 59.953744888305671 -0.23350000381469724 -0.24849999696016309 1.0000000180025095e-35 25.503168106079105 25.346193313598636 -1.130000054836273 -0.42000000178813929 1.1600000262260439 0.19942466914653781 0.2950000017881394 0.2650000005960465 -0.13282711803913114 6.8228373527526864 18.63957500457764 0.83054965734481823 2.1633379459381108 1.1899999976158144 0.54000002145767223 0.32000000774860388 60.607175827026374 -43.018526077270501 -82.854255676269517 43.500000000000007 1.205718517303467 323.83238220214849 -0.17000000178813932
decision_type=2 1 2 2 2 2 2 2 2 2 2 2 2 2 2 2 2 2 2 2 2 2 2 2 2 2 2 2 2 2
left_child=-1 3 7 4 5 6 24 -3 9 -4 -11 19 13 14 16 -16 -6 18 -18 20 21 22 29 -10 -2 -26 -27 28 -25 -12
right_child=1 2 8 -5 12 -7 -8 -9 23 10 11 -13 -14 -15 15 -17 17 -19 -20 -21 -22 -23 -24 27 25 26 -28 -29 -30 -31
leaf_value=-0.023317962417806749 -0.025771323522690615 -0.020988260148647964 0.064640964946276303 -0.024226545279101962 -0.01454850359692722 0.070820190775656225 0.04513150136883181 0.012038548633109446 0.0014889195180058604 -0.0067547982632749038 0.02975000569555903 -0.024148446027083468 -0.022781815531894654 -0.019992253782772067 0.067712045957266542 -0.0110278344909808 -0.0058581370340504701 -0.0086266346025961841 0.079543532561852634 -0.013377922450427378 0.048791871053520661 0.0452863906768948 -0.0058295363902701649 0.075507913323797485 0.054098844658436535 -0.023349243798502447 0.01323240792527962 -0.0051643338745402641 0.0092095627050523942 0.014979163446846439
leaf_weight=214.40295017138124 21.131022240966558 50.175187356770039 8.4254551455378515 84.591223396360874 61.949706703424454 5.4458667188882819 15.622186735272406 33.412418384104967 203.89037043601274 52.851346541196108 101.48170335963368 11.610688824206589 86.064936596900225 61.793859925121069 13.305638749152424 6.1404626816511145 4.7887658104300517 16.876479100435972 6.9842839539051056 14.898688059300182 20.011353775858879 23.068683676421642 31.189703650772572 8.6040668413043075 5.7979039810597888 25.198113474994898 43.400340240448713 9.7718638442456704 9.4318787828087789 239.91808727011085
leaf_count=4303 301 803 79 1517 1013 28 131 374 2316 609 751 123 1466 1119 100 92 78 275 88 145 123 167 265 81 58 370 555 110 87 1951
internal_value=-0.000140608 0.00376343 0.0105145 -0.0083207 -0.00489456 0.00833291 0.00466711 -0.00780023 0.0127475 0.0164799 0.0155316 0.0182046 -0.0108836 -0.00482716 0.00379187 0.0435252 -0.0051185 0.0150752 0.0470668 0.0194 0.0206041 0.019059 0.0173183 0.0046012 -0.00234928 0.00455693 -0.000347461 0.026577 0.0431424 0.0194439
internal_weight=1492.24 1277.83 818.741 459.091 374.5 116.595 111.15 83.5876 735.154 503.456 495.03 442.179 257.904 171.839 110.045 19.4461 90.5992 28.6495 11.773 430.568 415.67 395.658 372.589 231.698 95.5274 74.3964 68.5985 27.8078 18.0359 341.4
internal_count=19478 15175 7984 7191 5674 1443 1415 1177 6807 4213 4134 3525 4231 2765 1646 192 1454 441 166 3402 3257 3134 2967 2594 1284 983 925 278 168 2702
cat_boundaries=0 1
cat_threshold=6
is_linear=0
shrinkage=0.03


Tree=24
num_leaves=31
num_cat=1
split_feature=5 32 5 3 12 14 3 5 14 14 4 3 5 16 9 18 12 1 28 3 2 12 8 14 5 16 4 12 12 12
split_gain=145.019 71.2238 41.1112 37.1731 36.3937 47.6328 51.3624 30.9411 24.5799 29.3035 33.7727 30.3566 27.5576 23.9369 23.5016 23.0499 22.9 22.0927 21.591 21.3889 32.3762 22.1311 22.0034 21.2975 23.5806 19.4802 18.5931 17.59 21.8802 17.4643
threshold=0.3732354491949082 0 -0.83753159642219532 108.16881942749025 -0.2145000025629997 0.35999999940395361 118.24196624755861 -0.30041381716728205 0.2950000017881394 -0.34499999880790705 17.500000000000004 172.76625061035159 -0.73172146081924427 1.011741101741791 46.998497009277351 0.77869001030921947 0.55149999260902416 22.974452972412113 19.008403778076175 285.29481506347662 249.83755493164065 -0.48800000548362726 6.2332913875579843 -0.73000001907348622 -0.94917574524879444 1.4732903838157656 4.5000000000000009 -0.17849999666213986 0.11199999973177911 -0.26350000500679011
decision_type=2 1 2 2 2 2 2 2 2 2 8 2 2 2 2 2 2 2 2 2 2 2 2 2 2 2 10 2 2 2
left_child=1 2 23 13 5 7 -7 14 9 25 26 -12 -13 -4 17 -8 19 -3 -10 21 -21 -5 27 24 -1 -6 -11 -23 -29 -17
right_child=-2 4 3 16 8 6 15 -9 18 10 11 12 -14 -15 -16 29 -18 -19 -20 20 -22 22 -24 -25 -26 -27 -28 28 -30 -31
leaf_value=-0.016098613405007952 -0.023351655323448014 -0.018493597324399116 -0.011954650341205799 0.064119793405003414 -0.017585376231311865 0.085917817357907558 0.04283900597110564 -0.024416964849211676 -0.027965355425399203 0.0075744164523919412 -0.0091668663954743088 0.0038127386403416889 0.079151925462037406 0.033881402239872127 -0.015499329363829488 -0.026181258516644018 0.06498004358747464 0.021870033928045887 -0.0053695121918587285 -0.0050785150291468998 0.017941988468326796 0.0050261202727520963 0.0054482513535235675 -0.0082823065408210387 0.054700074980875542 0.035917324007749246 -0.015435696015600965 0.052925347053386793 0.016037663281032621 0.023746779088936593
leaf_weight=6.3665487915277508 202.74982038512826 14.003790255635975 63.859159640967846 12.22866105288267 106.3668525069952 11.253733247518538 14.788483593612908 37.87301042675972 84.663770109415054 81.85703606903553 9.5176554471254367 6.5694300755858448 12.704464368522165 11.194670893251894 30.694436352699995 13.034355901181696 8.2736437097191793 68.456645838916302 69.527133915573359 72.053702302277088 226.08645691722631 17.703166604042053 44.32927243411541 118.9551308080554 9.7809278294444066 5.5785622000694266 50.101702980697155 38.848482199013233 24.578289911150932 10.46823423355818
leaf_count=86 4036 194 829 78 1676 122 147 630 1596 1143 157 108 105 124 464 184 50 749 1036 657 1742 136 365 1540 87 74 770 270 212 110
internal_value=0.000159541 0.00389399 0.0107174 0.0147113 -0.00334386 0.00712009 0.0323292 -0.00130804 -0.00834364 -0.00290767 0.00529201 0.0341433 0.0549275 -0.00476236 0.00657267 0.0147937 0.0180057 0.0148759 -0.0178768 0.0169673 0.0123801 0.0267392 0.0226174 -0.00383813 0.027475 -0.0146248 -0.00121238 0.0318181 0.0391019 -0.00388136
internal_weight=1484.47 1281.72 654.258 519.156 627.459 200.573 49.5448 151.028 426.887 272.696 160.75 28.7915 19.2739 75.0538 113.155 38.2911 444.102 82.4604 154.191 435.828 298.14 137.688 125.459 135.103 16.1475 111.945 131.959 81.1299 63.4268 23.5026
internal_count=19477 15441 6176 4463 9265 2600 563 2037 6665 4033 2283 370 213 953 1407 441 3510 943 2632 3460 2399 1061 983 1713 173 1750 1913 618 482 294
cat_boundaries=0 1
cat_threshold=89
is_linear=0
shrinkage=0.03


Tree=25
num_leaves=31
num_cat=1
split_feature=3 32 5 9 12 3 16 14 17 14 1 14 18 13 4 5 16 17 17 18 12 7 13 8 12 18 0 14 1 3
split_gain=132.887 101.927 36.0421 32.8285 34.8248 24.392 33.7615 19.0694 48.3807 41.5404 20.1271 24.7481 21.7258 19.8009 19.2462 18.0675 16.6634 16.3314 19.4223 17.7728 29.629 16.5018 17.7126 15.7588 15.4239 15.3872 20.1853 15.3261 17.1914 14.9187
threshold=23.398981094360355 0 -0.94917574524879444 46.998497009277351 0.078999999910593047 108.16881942749025 -0.1622507497668266 1.0000000180025095e-35 0.16287712007761004 -0.27499999105930323 261.48323059082037 -0.36500000953674311 0.83518201112747203 48.500000000000007 4.5000000000000009 -0.17521348595619199 -1.2533410191535947 0.64729160070419323 0.55027690529823314 1.291289806365967 -0.17849999666213986 27.58839321136475 33.500000000000007 53.585235595703132 0.13650000095367434 0.22964722663164142 29.906589508056644 0.024999999441206459 178.06011962890628 346.77491760253912
decision_type=2 1 2 2 2 2 2 2 2 2 2 2 2 2 10 2 2 2 2 2 2 2 2 2 2 2 2 2 2 2
left_child=-1 3 -3 4 16 6 -4 8 14 10 11 12 -10 -14 -7 -8 -2 18 19 21 29 22 -18 -23 -17 26 -6 28 -9 -21
right_child=1 2 5 -5 25 7 15 27 9 -11 -12 -13 13 -15 -16 24 17 -19 -20 20 -22 23 -24 -25 -26 -27 -28 -29 -30 -31
leaf_value=-0.023037601339866626 -0.019921921293815332 -0.0085569321149036263 -0.018200591417188373 -0.023078949275779796 0.04554530027716569 0.0053749448005812163 0.057830702869871235 0.011791623254129547 0.049994975553543146 -0.0044693025493683916 -0.0095459958424845472 0.06574852473060655 0.027647502187362956 -0.026953979848140488 -0.015907011511656736 -0.0047953784929966586 0.023468681804301655 -0.010477646886371542 0.049449655314386866 0.070625759337920799 -0.0050602025167096904 0.040445877095839321 -0.008839692809622093 -0.015057615845130344 0.032782576410495659 -0.019055272994467611 -0.028060672581598552 0.017447034079756875 0.074541508480558405 0.017114363061933747
leaf_weight=192.47961453348398 23.757246296852827 83.938076194375753 52.164060693234205 97.647708892822266 7.0647062137722951 126.87866780906916 6.9085459262132636 7.5656646788120261 18.86823882162571 31.047627232968807 7.2733018249273291 24.178389102220535 14.60823689773679 8.728573225438593 53.566163085401058 28.161406386643648 17.641190849244595 41.916720487177372 9.701482988893984 11.308911114931108 15.741778843104838 15.553214687854053 83.765139773488045 5.7696987986564627 13.933397341519592 120.13025533780456 4.8640695512294769 339.38908024132252 8.3117062821984273 8.9059667959809286
leaf_count=4078 400 1210 688 1794 67 1186 54 76 151 271 58 161 151 97 597 322 212 616 101 111 276 188 1207 75 155 2161 72 2802 51 95
internal_value=0.000147395 0.00362388 0.00987631 -0.00755292 -0.00356613 0.0121044 -0.00157139 0.0142639 0.00844038 0.0245577 0.036689 0.0418212 0.0269093 0.00695675 -0.000995585 0.0161404 0.00338724 0.00610221 0.0102669 0.00757677 0.0258179 0.0020671 -0.00304487 0.0254256 0.00811502 -0.0158231 0.0156828 0.0189013 0.0471111 0.0489685
internal_weight=1481.77 1289.29 825.521 463.768 366.12 741.583 101.167 640.416 285.149 104.704 73.6567 66.3834 42.205 23.3368 180.445 49.0033 234.061 210.304 168.387 158.686 35.9567 122.729 101.406 21.3229 42.0948 132.059 11.9288 355.266 15.8774 20.2149
internal_count=19483 15405 8030 7375 5581 6820 1219 5601 2672 889 618 560 399 248 1783 531 3281 2881 2265 2164 482 1682 1419 263 477 2300 139 2929 127 206
cat_boundaries=0 1
cat_threshold=6
is_linear=0
shrinkage=0.03


Tree=26
num_leaves=31
num_cat=1
split_feature=3 32 9 12 5 3 12 10 10 12 16 5 3 29 16 2 12 18 1 1 17 29 10 10 12 5 3 13 10 7
split_gain=130.929 81.5156 33.0909 34.6173 25.4637 25.4274 24.7627 31.2707 49.5922 30.4767 32.5407 23.5502 34.9065 20.3364 20.7153 22.7404 18.6215 16.1329 17.7741 14.4173 14.1921 13.7203 19.624 18.6389 16.1047 14.0442 28.4155 26.5704 21.3046 17.1791
threshold=23.398981094360355 0 59.953744888305671 0.078999999910593047 -0.83753159642219532 73.403465270996108 0.06749999895691873 -0.1950000002980232 -0.18500000238418576 -0.17249999940395352 1.0861150026321413 -0.85957497358322132 281.44459533691412 79.001594543457045 -0.51828125119209278 125.74714279174806 -0.48800000548362726 0.22964722663164142 49.520566940307624 86.371635437011733 0.73206120729446422 78.088207244873061 -0.50999999046325672 -0.67500001192092884 -0.57400000095367421 0.038674917072057731 285.29481506347662 47.500000000000007 0.1799999997019768 -49.41180229187011
decision_type=2 1 2 2 2 2 2 2 2 2 2 2 2 2 2 2 2 2 2 2 2 2 2 2 2 2 2 2 2 2
left_child=-1 2 3 6 13 -6 7 -2 -9 10 11 -10 19 -3 -15 -16 -14 18 -5 -13 -17 22 -7 -23 -25 26 27 -24 -27 -28
right_child=1 4 -4 17 5 21 -8 8 9 -11 -12 12 16 14 15 20 -18 -19 -20 -21 -22 23 25 24 -26 28 29 -29 -30 -31
leaf_value=-0.022882536986813733 -0.015606221353609071 -0.0079787340735042352 -0.023763840972767937 0.048222032926801446 -0.0059081990003515949 -0.0050087723316945216 0.059205254693131273 0.063415992483857486 -0.018404517614622282 -0.014040234888861599 0.051923039127807359 -0.015111083511910147 -0.010990873770639103 -0.015708788642025566 -0.018211981309918222 0.023444156798075034 0.0454903961075162 -0.018136240811309677 -0.019566899939961038 0.037704754773489162 0.072642331103860286 0.037674255973394424 0.02231821342986216 0.043438889813919933 0.0029398644865798354 0.022724696309172204 -0.0037340883123301314 0.055857922828902264 -0.023444386422706485 0.019140168606420385
leaf_weight=189.81538285687566 62.922444384545088 116.67773100733757 80.876768551766872 6.408339995890854 62.460728753358126 31.578540306538343 6.1103646233677855 12.840977322310207 24.468904696404934 53.91092586144805 15.712679401040075 28.116506144404411 5.9542225413024417 16.372585825622082 9.3031997829675657 33.668269541114569 28.983277026563883 122.67301436141133 5.7786443755030632 4.5590326860547057 5.8185923360288134 16.195783995091915 57.958340674638748 8.3141661062836629 177.408013895154 18.28850919008255 34.679490827023983 35.023610137403011 15.858541741967199 187.90131508558989
leaf_count=4106 1070 1582 1529 53 837 347 65 107 344 938 120 397 78 194 114 348 269 2235 90 58 64 160 396 77 1855 131 289 188 147 1246
internal_value=0.000309191 0.00374524 -0.00633134 -0.00271987 0.00930337 0.0122046 0.00403275 0.00237078 0.00890331 0.00421133 0.0133846 0.00632126 0.0154072 -0.000499761 0.01281 0.0225034 0.0358266 -0.0148561 0.0170326 -0.00684117 0.0323089 0.0141513 0.0175007 0.00777127 0.0049758 0.0195418 0.0215137 0.0354116 0.00122592 0.0155755
internal_weight=1476.64 1286.82 459.316 378.439 827.507 645.667 243.579 237.469 174.547 161.706 107.795 92.0819 67.613 181.84 65.1626 48.7901 34.9375 134.86 12.187 32.6755 39.4869 583.206 381.288 201.918 185.722 349.71 315.563 92.982 34.1471 222.581
internal_count=19434 15328 7353 5824 7975 5673 3446 3381 2311 2204 1266 1146 802 2302 720 526 347 2378 143 455 412 4836 2744 2092 1932 2397 2119 584 278 1535
cat_boundaries=0 1
cat_threshold=6
is_linear=0
shrinkage=0.03


Tree=27
num_leaves=31
num_cat=1
split_feature=3 32 5 12 10 10 2 14 10 17 16 2 17 2 28 16 10 0 5 29 12 12 10 5 10 2 0 13 16 12
split_gain=122.189 80.6556 27.1992 25.5467 35.9178 47.3233 31.7952 27.9115 54.5202 26.3928 25.5423 30.2301 32.2618 27.02 25.7442 21.0808 27.0098 20.4687 19.669 18.6676 18.5297 22.6478 18.0937 16.2038 16.0885 15.9709 15.8167 18.5423 14.9511 24.2244
threshold=23.398981094360355 0 -0.91865202784538258 -0.19049999862909314 -0.1950000002980232 -0.094999998807907091 67.124362945556655 0.2950000017881394 0.2650000005960465 0.456177368760109 -0.37346102297306055 589.97830200195324 0.11878761649131776 129.48593902587893 25.503168106079105 0.32726836204528814 0.34499999880790716 21.98192119598389 -0.13282711803913114 83.357944488525405 0.049999998882412917 -1.0000000180025095e-35 -0.094999998807907091 -0.70125329494476307 -0.34499999880790705 130.72397613525393 70.12082672119142 38.500000000000007 -0.5375225543975829 0.26000000536441809
decision_type=2 1 2 2 2 2 2 2 2 2 2 2 2 2 2 2 2 2 2 2 2 2 2 2 2 2 2 2 2 2
left_child=-1 3 19 4 -2 -6 17 8 -5 18 11 12 23 -14 20 -8 -17 -7 25 -3 21 -12 -16 -4 -22 -10 27 -26 29 -15
right_child=1 2 10 7 5 6 15 -9 9 -11 14 -13 13 28 22 16 -18 -19 -20 -21 24 -23 -24 -25 26 -27 -28 -29 -30 -31
leaf_value=-0.022935204820165919 -0.025045025559255342 -0.010883205503483661 -0.021546433838203857 -0.012742639339026234 0.068467017502986699 0.014922808341345118 -0.01192146311549511 -0.025723607271824482 0.082916876762294173 -0.023444467152046799 0.021323772055372687 0.044705623363705295 -0.012343624713921477 0.021991254625736503 0.018149632199499749 -0.007214744690699491 0.042451184182227188 0.082370401699951246 -0.0021454457726705631 0.020887496691394093 -0.013242697716340301 0.051919407834749513 -0.0056827212209715023 -0.00084215444358674515 0.0021557421525528991 0.0224673468322714 0.0029505635706656283 0.033889253550370584 -0.0069539852431453053 0.074595787681228501
leaf_weight=184.76209975033998 34.101205546408892 90.906874816864729 45.658531114459038 162.89603596180677 10.061010181903837 11.751047216355802 71.592406168580055 95.391063254326582 10.188027851283559 5.8074523471295825 158.64136788994074 14.079278558492659 21.480168685317039 42.55190946161747 44.643201943486929 21.249412931501865 16.993509490042925 5.6864286623895159 6.0570979975163928 19.364953376352787 19.780639085918665 25.16466198861599 76.230493631213903 125.921545419842 24.238920047879219 7.5894304960966101 55.282926447689533 52.383317701518536 9.9207502231001836 9.1852561086416227
leaf_count=4081 609 1362 488 2828 69 135 1021 1937 61 85 1222 97 247 340 459 269 138 57 96 196 226 158 807 1286 219 90 382 373 88 64
internal_value=-0.000180812 0.00308133 0.00857443 -0.00694124 0.00207129 0.00893689 0.00373391 -0.0125362 -0.00590348 0.03087 0.0107862 0.0034323 0.000985055 0.0162127 0.0151007 -0.00236464 0.015374 0.0401923 0.0445153 -0.00516634 0.0193675 0.0257709 0.00319616 -0.00644462 0.0114903 0.059681 0.015271 0.0240077 0.0261993 0.0325679
internal_weight=1479.56 1294.8 835.435 459.364 171.435 137.334 127.273 287.929 192.538 29.642 725.163 268.797 254.718 83.1381 456.366 109.835 38.2429 17.4375 23.8346 110.272 335.492 183.806 120.874 171.58 151.686 17.7775 131.905 76.6222 61.6579 51.7372
internal_count=19490 15409 8014 7395 2298 1689 1620 5097 3160 332 6456 2610 2513 739 3846 1428 407 192 247 1558 2580 1380 1266 1774 1200 151 974 592 492 404
cat_boundaries=0 1
cat_threshold=6
is_linear=0
shrinkage=0.03


Tree=28
num_leaves=31
num_cat=1
split_feature=2 31 5 16 29 17 14 5 5 14 16 12 7 6 17 12 29 14 14 13 5 18 3 0 3 16 3 4 0 7
split_gain=118.779 64.1972 24.4453 23.1257 22.3882 19.0447 25.1766 22.3587 33.774 59.3728 43.4614 36.4612 21.0784 20.3975 18.8011 18.2593 17.8714 20.2231 23.3556 26.6092 23.3629 17.6305 17.1386 16.5072 16.3931 25.1917 19.7268 20.3125 19.1555 20.463
threshold=28.774245262146 0 -0.94917574524879444 1.3583245873451235 86.164299011230483 0.64729160070419323 0.49499998986721044 -0.30041381716728205 -0.73172146081924427 -1.0000000180025095e-35 0.048198135569691665 -0.39300000667572016 -12.375174045562742 -0.80187052488327015 -0.94982787966728199 -0.24849999696016309 78.088207244873061 -1.130000054836273 -0.49499998986721033 42.500000000000007 0.081451712176203742 0.40214560925960546 480.61811828613287 37.420553207397468 285.29481506347662 0.048198135569691665 520.72189331054699 3.5000000000000004 78.766536712646499 -34.566537857055657
decision_type=2 1 2 2 2 2 2 2 2 2 2 2 2 2 2 2 2 2 2 2 2 2 2 2 2 2 2 10 2 2
left_child=-1 3 4 5 -3 6 7 8 11 -10 13 12 -2 -11 -13 -5 17 -4 -19 23 24 -15 -17 -20 25 -21 27 -26 29 -28
right_child=1 2 16 15 -6 -7 -8 -9 9 10 -12 14 -14 21 -16 22 -18 18 19 20 -22 -23 -24 -25 26 -27 28 -29 -30 -31
leaf_value=-0.022025750225550998 0.060664313206376441 -0.012372917056341177 0.058578411019553932 0.044859166275027181 0.038159418732634946 -0.022321291485604702 -0.025933692912847424 -0.014067642516099019 -0.008079989354607197 0.095842797241557642 -0.002822588091383024 0.0075318814569959799 0.0013943421559391577 0.063107177201474809 -0.027160736959002785 -0.026328318885982097 0.0037000815652739115 -0.0066708922450935621 -0.010363850995327684 0.016070630855725548 -0.0026194252495149008 0.0033138591824737732 0.031388599889709726 0.011287161643164638 0.015836256391406484 0.052305378793789263 0.014803340279587631 -0.019250537522408906 0.012504227298945821 0.053267555040194675
leaf_weight=195.0589063167572 8.1634475141763705 78.218205142766237 7.6728512123227111 12.258769035339357 7.7900304421782485 74.459749557077885 44.95213159173727 87.91726565733552 38.634954318404198 10.495529145002363 12.772452551871536 18.541033025830984 13.267426520586012 10.6545986160636 52.723310269415379 9.9459464512765425 306.06950764358044 52.238422255963087 48.314582530409098 34.235978286713362 36.305105675011873 7.3551559001207343 7.0285497494041911 87.905501734465361 48.320470243692398 36.656267248094082 21.505013808608055 20.293439924716949 50.773330442607403 32.298761814832687
leaf_count=4314 65 1177 63 98 76 1313 875 1599 636 81 176 293 162 62 906 177 3477 577 505 258 348 107 115 687 305 189 156 160 318 194
internal_value=-0.000282748 0.00305108 0.0076175 -0.00666089 -0.00741008 -0.00881328 -0.00545862 -0.00184011 0.00443309 0.0186104 0.0431922 -0.00785735 0.0256694 0.063207 -0.0181553 0.0184761 0.00937362 0.0130024 0.0121334 0.0145016 0.0197719 0.0401466 -0.00201304 0.00358841 0.0230995 0.0352735 0.0179425 0.00533143 0.0260878 0.0384443
internal_weight=1472.83 1277.77 868.597 409.17 86.0082 379.937 305.477 260.525 172.608 79.9127 41.2777 92.6952 21.4309 28.5053 71.2643 29.2333 782.589 476.52 468.847 416.608 280.388 18.0098 16.9745 136.22 244.083 70.8922 173.191 68.6139 104.577 53.8038
internal_count=19469 15155 8490 6665 1253 6275 4962 4087 2488 1062 426 1426 227 250 1199 390 7237 3760 3697 3120 1928 169 292 1192 1580 447 1133 465 668 350
cat_boundaries=0 1
cat_threshold=4
is_linear=0
shrinkage=0.03


Tree=29
num_leaves=31
num_cat=1
split_feature=3 32 9 12 6 12 3 16 14 9 9 16 16 29 11 1 3 17 6 18 18 14 12 17 17 12 16 0 18 1
split_gain=110.797 67.2232 26.4031 31.0596 26.3597 21.5444 18.9014 22.478 13.8537 17.6182 13.9473 13.4173 43.0985 17.2744 17.1297 14.4736 13.6677 13.1549 16.441 21.3108 30.6635 24.9614 19.9101 15.5969 13.7124 26.8332 13.6791 15.0066 13.132 21.2712
threshold=19.849283218383793 0 46.998497009277351 0.078999999910593047 -0.54638096690177906 0.06749999895691873 108.16881942749025 -0.11646045744419097 -0.095000002533197389 -81.345256805419908 11.040825843811037 -0.5375225543975829 -0.44829782843589777 79.001594543457045 66.000000000000014 82.635818481445327 739.56744384765636 0.66239419579505932 -0.98471984267234791 0.7603900432586671 0.89895629882812511 -1.0000000180025095e-35 -0.17249999940395352 -1.3624639511108396 0.30629649758338934 -0.2145000025629997 1.0861150026321413 25.9799919128418 0.22964722663164142 49.520566940307624
decision_type=2 1 2 2 2 2 2 2 2 2 2 2 2 2 2 2 2 2 2 2 2 2 2 2 2 2 2 2 2 2
left_child=-1 2 3 5 6 17 7 -3 10 -10 -9 -6 -13 14 -14 -15 -17 18 -2 24 21 -21 23 -22 -20 -26 27 -25 29 -5
right_child=1 4 -4 28 11 -7 -8 8 9 -11 -12 12 13 15 -16 16 -18 -19 19 20 22 -23 -24 26 25 -27 -28 -29 -30 -31
leaf_value=-0.022947716166149022 -0.015104609149330905 -0.014170886594012274 -0.020847794738669122 0.04509416700962976 -0.015757447181061285 0.055115359635228824 0.012767911058985577 0.012514601197738177 0.046205122442830968 -0.0077393240707491172 0.068992310634467424 0.078309052825880257 0.015723253866161989 -0.0033285678646503966 -0.01670381101670192 0.064058675422611247 0.013543559735139337 -0.013993017790658327 -0.014977981660377259 0.0088726372927399096 0.062818657918785326 0.079392209479857284 -0.011769036937014848 -0.016764943326135883 0.05097449334811549 -0.027505607734126903 0.032244100915744506 0.022121735993360456 -0.018028805350950694 -0.028381591721768698
leaf_weight=168.9225760884583 29.310557123273611 55.196337543427944 92.163008712232113 7.0896286405622941 47.946180813014507 6.0835080258548251 561.30060600489378 10.858147587627174 5.6579593792557707 29.050793584436178 5.7353811152279368 5.4421404413878909 18.0954330265522 23.085040144622326 63.719471715390682 6.3825362250208881 16.123231127858162 37.659842751920223 40.405980754643679 7.9208524376153973 5.5333631783723822 10.455290410667656 27.368435684591532 18.199929896742105 8.2432895079255086 5.9663939550518981 19.94535693898797 15.704163011163471 113.89657378569245 5.4144153296947479
leaf_count=3899 519 747 1798 55 635 62 4495 109 52 331 62 60 166 264 960 63 159 592 603 99 58 90 499 270 53 101 163 191 2177 85
internal_value=-0.000165237 0.0028106 -0.00647069 -0.00291381 0.00773418 0.00358925 0.010573 -0.00100656 0.0131571 0.00210198 0.0348474 -0.00232655 0.00260232 -0.00121617 -0.00942849 0.0134073 0.0299852 0.00197066 0.00520755 0.00900532 0.0168492 0.0510221 0.00911157 0.0187706 -0.00612455 0.0183802 0.0131816 0.00136486 -0.0148249 0.0135325
internal_weight=1468.88 1299.95 451.361 359.198 848.593 232.797 667.799 106.499 51.3023 34.7088 16.5935 180.794 132.848 127.406 81.8149 45.5908 22.5058 226.713 189.054 159.743 105.127 18.3761 86.7512 59.3828 54.6157 14.2097 53.8494 33.9041 126.401 12.504
internal_count=19417 15518 7415 5617 8103 3300 5796 1301 554 383 171 2307 1672 1612 1126 486 222 3238 2646 2127 1370 189 1181 682 757 154 624 461 2317 140
cat_boundaries=0 1
cat_threshold=6
is_linear=0
shrinkage=0.03


Tree=30
num_leaves=31
num_cat=1
split_feature=3 32 6 9 12 28 20 12 10 10 12 2 17 10 18 10 18 12 10 18 0 28 12 12 9 11 7 8 12 9
split_gain=113.45 84.7046 29.7765 27.2516 29.4433 24.8474 26.6116 22.6365 29.0632 40.9332 33.2245 20.439 19.1076 20.1183 19.0252 18.6785 17.734 20.257 28.0706 17.9663 17.4979 17.4236 17.33 16.5954 16.3019 15.7886 23.8951 23.7424 20.9098 18.3265
threshold=18.527454376220707 0 -0.31473593413829798 59.953744888305671 0.078999999910593047 25.503168106079105 1.0000000180025095e-35 0.06749999895691873 -0.1950000002980232 -0.18500000238418576 -0.17249999940395352 209.07149505615237 -0.54624021053314198 -0.34499999880790705 1.1518606543540957 -0.11499999836087225 1.4366115331649782 -0.24849999696016309 0.2950000017881394 1.5455672740936282 37.420553207397468 25.503168106079105 0.054500000551342971 -0.33699999749660486 -53.349534988403313 68.500000000000014 52.745260238647468 23.984689712524418 -0.027500000782310959 -109.36835861206053
decision_type=2 1 2 2 2 2 2 2 2 2 2 2 2 2 2 2 2 2 2 2 2 2 2 2 2 2 2 2 2 2
left_child=-1 3 5 4 7 6 12 8 -2 -10 16 -7 13 -3 -13 22 17 -11 -19 -18 -8 -4 -14 24 -17 26 -25 29 -29 -27
right_child=1 2 21 -5 -6 11 20 -9 9 10 -12 14 15 -15 -16 23 19 18 -20 -21 -22 -23 -24 25 -26 27 -28 28 -30 -31
leaf_value=-0.023114591321345326 -0.016804208051225462 -0.019442589096692497 -0.019305646588892465 -0.023489969685990895 -0.015327090920367464 -0.0076467421294260339 -0.014751331771127618 0.053376668314061425 0.054984280515528401 -0.0045333598501678604 -0.016889117793404577 0.021558769799363317 0.039302397883700449 0.012336270194512881 -0.004464892877359506 0.024843947003186775 0.055725781726111243 0.062873102236370687 -0.011336705738942118 0.011308186042656409 0.010939522907118646 0.0081104527761968678 0.014968677774073014 -0.0086037009497549055 -0.01382761432691656 0.011333163533858914 0.040092981990228864 0.031669523288592225 -0.005779376469792887 0.042547162648320126
leaf_weight=162.20941625908017 62.521910160779953 20.884152419865131 48.752323053777218 75.367113254964352 130.06585692614317 100.88800894841552 41.519611284136772 6.5562984719872466 13.584210142493246 60.867693621665239 52.840874433517456 62.434538871049881 73.310635708272457 99.574709538370371 41.55038508027792 13.538236148655413 13.110494643449782 9.6778729185462016 7.5809554643928996 21.164536762982607 53.370947949588299 35.169772695749998 43.648322265595198 34.453581310808659 29.179608300328255 24.338049195706844 11.197600610554217 20.802522525191307 34.256144516170025 62.398981660604477
leaf_count=3831 1122 249 836 1509 2448 1189 477 65 104 778 980 581 555 848 454 103 107 66 110 235 439 394 373 309 264 168 81 137 241 434
internal_value=0.000467392 0.00341494 0.00893255 -0.00698562 -0.00382569 0.0108927 0.0141461 0.00224597 0.000642479 0.00680177 0.00253387 0.00193555 0.0170799 0.006712 0.0112167 0.0206482 0.0117332 0.00371055 0.0314407 0.0293964 -0.000338184 -0.00785599 0.0304251 0.0155699 -0.0012838 0.0193971 0.0039443 0.0243097 0.00868228 0.0340176
internal_weight=1466.82 1304.61 851.268 453.338 377.971 767.346 562.473 247.905 241.349 178.827 165.242 204.873 467.583 120.459 103.985 347.124 112.402 78.1265 17.2588 34.275 94.8906 83.9221 116.959 230.165 42.7178 187.447 45.6512 141.796 55.0587 86.737
internal_count=19487 15656 8132 7524 6015 6902 4678 3567 3502 2380 2276 2224 3762 1097 1035 2665 1296 954 176 342 916 1230 928 1737 367 1370 390 980 378 602
cat_boundaries=0 1
cat_threshold=6
is_linear=0
shrinkage=0.03


Tree=31
num_leaves=31
num_cat=1
split_feature=3 32 9 12 16 10 14 10 3 10 29 12 12 14 7 9 3 3 16 12 28 5 29 1 12 16 28 6 14 5
split_gain=121.614 65.5855 25.1277 31.6802 28.0224 24.0715 23.9033 44.0273 24.1727 21.9969 21.5551 21.3996 20.0462 22.8216 25.3563 20.226 19.9633 25.4839 16.9045 23.5942 16.8327 15.2416 21.4672 17.2193 13.1607 13.1137 28.1874 16.1465 20.803 19.6995
threshold=18.527454376220707 0 59.953744888305671 -0.2145000025629997 -0.32504084706306452 -0.1950000002980232 0.2950000017881394 0.2650000005960465 169.81605529785159 1.2450000047683718 76.151096343994155 0.15049999952316287 -0.060000000521540635 0.074999999254941954 -2.7320548295974727 17.971662521362308 78.638252258300795 332.30853271484381 -1.5601966381072996 -0.38449999690055842 24.009605407714847 -0.94917574524879444 79.142368316650405 15.495090484619142 0.55149999260902416 0.50235500931739818 25.658441543579105 -0.89225733280181874 1.0000000180025095e-35 -0.13282711803913114
decision_type=2 1 2 2 2 2 2 2 2 2 2 2 2 2 2 2 2 2 2 2 2 2 2 2 2 2 2 2 2 2
left_child=-1 2 3 4 -2 -6 7 10 -9 18 -5 12 -12 14 -14 -16 -7 -18 19 -3 -8 22 23 -20 25 -23 27 29 -29 -27
right_child=1 9 -4 6 5 16 20 8 -10 -11 11 -13 13 -15 15 -17 17 -19 21 -21 -22 24 -24 -25 -26 26 -28 28 -30 -31
leaf_value=-0.024101816121280244 -0.011081563493217865 0.040198733157109194 -0.021693855870074712 -0.02271684911108468 -0.021547643302083062 0.067377930775294304 -0.024846654504575464 -0.0030442441391745562 0.054766560002502747 -0.02679152920547696 -0.014654794991420922 -0.02821335250384388 0.0074646987870819193 -0.015966471016810795 0.082291127734391165 0.0037162677866278853 -0.013057062761517522 0.029369064017395138 0.016882232758904107 -0.021608773118545626 0.024421465109265163 0.0080730747088293801 0.019062591229413801 -0.024177363130470628 0.036077210597579963 0.043679134125015055 -0.0058819264526169751 -0.0065410309301382709 0.024663711088687441 0.012264956215728465
leaf_weight=160.34019313752651 39.774199560284615 5.80950953811407 74.023829247802496 57.191195257008076 10.682605586946009 8.0350637286901456 82.437455624341965 10.375079542398455 16.027971561998129 14.722634196281431 19.781419478356838 16.147787172347307 16.230697330087423 10.341345734894274 10.370092518627645 4.1126838363707057 16.213774509727955 51.155752617865801 11.298257999122141 30.163331709802151 5.9619177207350722 512.19097147509456 25.204041227698326 37.395153433084488 17.986798774451017 49.6741733700037 38.047268819063902 30.246694907546043 50.161275770515203 29.421592134982347
leaf_count=3869 622 50 1515 1060 188 75 1716 166 116 208 342 302 257 179 134 76 181 454 190 374 116 4673 261 636 134 291 407 292 349 250
internal_value=0.000467034 0.00351075 -0.00571608 -0.00266353 0.00955526 0.0191077 -0.0088538 -0.00191939 0.0327677 0.00834018 -0.00893704 0.00145997 0.00966506 0.0214529 0.0341583 0.0616593 0.025074 0.0191168 0.00908836 -0.0108098 -0.0212879 0.00999364 -0.00295277 -0.0145024 0.0113105 0.010633 0.017196 0.0227033 0.0129894 0.0322929
internal_weight=1461.52 1301.18 448.863 374.839 125.861 86.0872 248.978 160.578 26.4031 852.322 134.175 76.984 60.8362 41.0548 30.7135 14.4828 75.4046 67.3695 837.599 35.9728 88.3994 801.626 73.8975 48.6934 727.729 709.742 197.551 159.504 80.408 79.0958
internal_count=19483 15614 7499 5984 1520 898 4464 2632 282 8115 2350 1290 988 646 467 210 710 635 7907 424 1832 7483 1087 826 6396 6262 1589 1182 641 541
cat_boundaries=0 1
cat_threshold=6
is_linear=0
shrinkage=0.03


Tree=32
num_leaves=31
num_cat=1
split_feature=2 32 9 14 29 10 10 18 14 10 3 17 12 18 16 12 12 20 12 10 2 18 28 14 9 1 9 17 17 29
split_gain=116.799 62.8854 32.3253 25.7575 30.503 31.4046 20.2749 19.4579 17.9207 37.4805 23.0665 23.5835 16.4456 18.5546 16.3084 13.5983 15.4357 14.5794 15.0054 39.1247 33.4154 21.8072 35.3618 30.0612 25.414 19.8333 16.7387 15.7116 15.4292 13.5484
threshold=27.566869735717777 0 17.971662521362308 0.40500000119209295 76.151096343994155 0.12499999627470972 1.1600000262260439 2.1633379459381108 -0.56999999284744252 -0.4849999994039535 190.72395324707034 0.69031909108161937 -0.19049999862909314 1.1412150263786318 -0.36812625825405115 0.55149999260902416 0.32000000774860388 1.0000000180025095e-35 -0.31749999523162836 -0.1950000002980232 247.27919006347659 0.81140595674514782 26.140346527099613 1.0000000180025095e-35 2.9312472343444829 89.056610107421889 -145.89054870605466 0.56336399912834179 1.3246288299560549 79.001594543457045
decision_type=2 1 2 2 2 2 2 2 2 2 2 2 2 2 2 2 2 2 2 2 2 2 2 2 2 2 2 2 2 2
left_child=-1 2 3 4 5 -2 7 15 -6 -10 -11 -12 13 -5 -7 16 17 18 19 20 27 29 23 24 -23 -26 -21 -3 -25 -20
right_child=1 6 -4 12 8 14 -8 -9 9 10 11 -13 -14 -15 -16 -17 -18 -19 21 26 -22 22 -24 28 25 -27 -28 -29 -30 -31
leaf_value=-0.022130047224935067 -0.020809480896878139 0.021215849251916406 -0.017227916086469949 -0.029105500286133769 -0.012814811963359232 -0.01844098954685321 -0.019143933141800306 -0.013436926086336455 0.079881532232801644 -0.0071896875412134258 0.029766873508596917 -0.020220090480364147 -0.02573790297089338 0.024550212791039434 0.030072357929714879 0.032301236061388183 -0.0031705022807793251 0.0014447813588926647 0.018726973826100491 0.028423028878067306 0.0025289695420156713 -0.0089835512632901737 -0.018156584250670398 0.027390205115068435 0.05308021810529754 0.0084711436873255806 -0.011029781454916152 0.07565842904866231 -0.0059188185976523904 0.038685781252094459
leaf_weight=177.18033566698432 58.714188106358051 9.2984802909195441 143.11410987004638 8.1892361566424388 17.844362702220678 7.8839687928557423 22.228067431598902 31.644010171294212 7.4647203162312499 31.850966393947601 62.612895626574755 9.0887174606323224 46.245352935045958 14.790557298809288 21.290564745664597 23.580543924123049 76.995412793010473 120.42997882142663 106.30191683769226 9.9456299766898137 24.207096941769123 65.557428624480963 32.86513352394104 122.33950934559107 10.970135204493998 37.915244612842798 84.740190576761961 11.769208051264284 13.573204774409531 44.908429808914661
leaf_count=4249 985 77 2782 115 309 131 274 360 91 516 727 144 1036 148 222 208 701 1215 838 75 204 725 378 997 126 330 851 90 129 408
internal_value=0.000626497 0.00379538 -0.00551396 0.000195659 0.00529019 -0.00828137 0.00846513 0.00933162 0.014539 0.0190109 0.0139009 0.0232397 -0.015604 0.00501273 0.0167857 0.0102532 0.00953864 0.0109495 0.0129364 0.00435405 0.0269766 0.015685 0.010711 0.0145577 0.00318003 0.019345 -0.00663199 0.0536798 0.0240448 0.0248698
internal_weight=1455.54 1278.36 429.09 285.976 216.75 87.8887 849.27 827.042 128.862 111.017 103.553 71.7016 69.2251 22.9798 29.1745 795.398 771.817 694.822 574.392 139.961 45.2748 434.431 283.221 250.356 114.443 48.8854 94.6858 21.0677 135.913 151.21
internal_count=19441 15192 7206 4424 3125 1338 7986 7712 1787 1478 1387 871 1299 263 353 7352 7144 6443 5228 1297 371 3931 2685 2307 1181 456 926 167 1126 1246
cat_boundaries=0 1
cat_threshold=6
is_linear=0
shrinkage=0.03


Tree=33
num_leaves=31
num_cat=1
split_feature=2 28 9 14 5 32 29 14 12 14 5 1 16 10 12 12 18 18 1 12 18 14 29 14 11 5 10 14 17 14
split_gain=91.0268 60.5409 20.0317 20.2551 19.2049 18.1004 17.9877 17.7646 17.8967 17.318 20.0846 15.6697 15.1021 14.2985 19.5531 17.6754 14.6747 15.9657 16.1456 14.2979 14.1782 13.516 12.7007 27.9939 24.6829 22.3658 19.5215 17.9091 15.9447 15.7145
threshold=28.774245262146 19.008403778076175 2.4688330888748173 0.40500000119209295 -0.91865202784538258 0 76.836559295654311 0.014999999664723875 -0.060000000521540635 0.35999999940395361 -0.25901904702186579 41.241113662719734 -1.5601966381072996 0.31000000238418585 0.14649999886751178 0.092000000178813948 0.55504223704338085 0.89895629882812511 53.621520996093757 -0.19049999862909314 1.318078398704529 -1.0000000180025095e-35 78.715969085693374 -0.49499998986721033 68.500000000000014 0.038674917072057731 -0.074999999254941926 -0.21499999612569806 -0.20425185561180112 1.0000000180025095e-35
decision_type=2 2 2 2 2 1 2 2 2 2 2 2 2 2 2 2 2 2 2 2 2 2 2 2 2 2 2 2 2 2
left_child=-1 2 3 6 5 11 9 8 -8 10 13 -3 -6 15 -15 16 -2 21 -19 20 -5 -18 23 -14 28 -26 -24 -27 29 -25
right_child=1 4 -4 19 12 -7 7 -9 -10 -11 -12 -13 22 14 -16 -17 17 18 -20 -21 -22 -23 26 24 25 27 -28 -29 -30 -31
leaf_value=-0.020494900146099376 -0.028720160621150553 -0.017509210267998038 -0.017282342208714906 -0.020400741782005544 -0.011320401210045105 -0.011784953578765156 0.010815452591034112 -0.0034845031154010385 0.073099725385173245 0.036481705716840805 -0.02670714082156286 0.023139569731277225 -0.0067687681441351193 -0.0068616288195909678 0.05792811412190315 -0.027241890599027915 0.008832173649117642 -0.022069854187886706 0.024396165073591759 -0.029659430683066305 0.032514255806028222 0.068156657445610502 0.013235067031275874 -0.010166821613648467 0.021350615032730797 0.023841037590849112 -0.0037166084778419532 -0.010179431046573491 -0.0080965500602267881 0.025637929754302576
leaf_weight=178.22381329536438 7.9379942342638961 10.747991088777779 138.76402891427279 8.9290846362710017 34.3514334410429 85.281392134726048 8.4700719267129916 12.121461380273102 7.9969259724020985 8.6887345723807794 28.18242458999157 31.509629350155592 66.189976971596479 7.6597708985209447 7.7806550264358521 19.370563436299562 7.2961200438439846 13.534539967775347 11.534559953957794 33.577782053500414 7.4433444961905471 6.2169111222028715 102.21824384480715 15.482725135982035 290.94550776854157 19.978930715471506 149.19488518312573 40.437638457864523 63.62747985124588 33.861029956489801
leaf_count=4336 126 140 2686 121 421 1363 110 163 101 76 518 358 731 87 45 380 86 203 120 775 64 50 1107 163 2055 180 1659 448 553 306
internal_value=-0.000470815 0.00233257 -0.00859665 -0.0024141 0.0062226 -0.00457535 0.00322228 0.0241437 0.0435161 -0.00199787 -0.0053533 0.0102626 0.00791324 0.00228063 0.0273245 -0.00390876 0.00617576 0.0138995 -0.000574626 -0.0187161 0.00414268 0.0389411 0.00877157 0.0114006 0.0139996 0.0179122 0.00320064 0.00127568 0.00178052 0.0144246
internal_weight=1457.56 1279.33 335.505 196.741 943.827 127.539 146.791 28.5885 16.467 118.202 109.514 42.2576 816.288 81.3311 15.4404 65.8907 46.5201 38.5821 25.0691 49.9502 16.3724 13.513 781.936 530.523 464.333 351.362 251.413 60.4166 112.971 49.3438
internal_count=19531 15195 5711 3025 9484 1861 2065 374 211 1691 1615 498 7623 1097 132 965 585 459 323 960 185 136 7202 4436 3705 2683 2766 628 1022 469
cat_boundaries=0 1
cat_threshold=69
is_linear=0
shrinkage=0.03


Tree=34
num_leaves=31
num_cat=2
split_feature=5 32 4 14 14 28 14 5 17 12 14 8 4 2 29 28 12 14 5 6 14 12 5 12 32 17 10 12 12 15
split_gain=96.8254 53.0311 29.1186 23.6433 55.8038 25.3269 21.9044 21.8452 20.2343 35.8567 18.1357 16.4246 20.3103 15.3891 16.9451 16.1182 17.501 14.2257 19.1205 20.0257 37.2941 21.5897 13.4249 13.9542 13.3798 12.3001 13.349 24.6786 24.4583 17.1833
threshold=0.3732354491949082 0 4.5000000000000009 -0.56999999284744252 -0.52499997615814198 18.767070770263675 0.074999999254941954 -0.98097097873687733 -1.2670373916625974 -0.26850000023841852 -0.99500000476837147 -65.99639511108397 19.500000000000004 240.93579864501956 75.655178070068374 18.289889335632328 0.056499999016523368 -1.0000000180025095e-35 -0.90013122558593739 -0.98471984267234791 0.14500000327825549 -0.19049999862909314 -0.93404099345207203 0.028500000014901165 1 -0.53089502453804005 -0.1950000002980232 -0.02450000029057264 -0.31749999523162836 43.500000000000007
decision_type=2 1 8 2 2 2 2 2 2 2 2 2 10 2 2 2 2 2 2 2 2 2 2 2 1 2 2 2 2 2
left_child=1 3 7 -1 5 -5 -4 -3 9 -6 -2 12 -8 14 -10 -16 17 22 -19 -20 -21 -22 -17 -24 -13 -9 27 -27 29 -28
right_child=10 2 6 4 8 -7 11 25 13 -11 -12 24 -14 -15 15 16 -18 18 19 20 21 -23 23 -25 -26 26 28 -29 -30 -31
leaf_value=-0.024119785043772532 0.025678647804443396 -0.019391010636209082 -0.0089260712217610321 0.078820768264778768 0.081043739226602754 0.0077462510477525224 0.0094880288576575638 0.0048725501659428643 -0.019013103656970298 -0.0021673427882256957 -0.023094882974479453 0.0070747036789598951 0.051191625490490944 -0.025983946358374404 -0.018122550775191953 0.030386344049131805 -0.010068174591368474 -0.021049111668838143 -0.009181541087196458 0.073293485839019068 0.028710206942495799 -0.017619235056810578 -0.021097102421280423 0.030111867008187451 -0.013655085008486358 0.037435744624742869 0.010543650604331573 0.0097834724959515521 0.015863682149788311 -0.022243786031207836
leaf_weight=54.540854338556528 6.3637861907482138 19.36256081238389 140.66651558503509 9.3382131829857844 5.5181726478040245 8.4342283047735673 41.487278655171394 146.15633289888501 62.82701663672924 16.180953655391932 163.26191670447588 73.488344520330429 13.38253480941057 35.790965434163809 41.781461641192436 6.8152071535587302 65.696342680603266 9.9342379719018918 14.351714406162499 12.656755849719046 30.952815841883414 11.85288948565722 28.986125651746988 4.7907594926655284 30.934060592204332 57.649517830461264 27.355764172971249 59.454727441072464 224.85952215269208 28.346816081553698
leaf_count=1097 145 282 1749 68 58 71 389 1342 1122 311 3886 764 157 738 686 73 1266 161 248 148 286 235 502 76 428 452 245 536 1686 253
internal_value=0.000107828 0.00292803 0.00713653 -0.00574119 -0.00309995 0.0473005 -0.000332347 0.0112346 -0.00580102 0.0216317 -0.0211253 0.00726487 0.0203936 -0.00768504 -0.00535029 -0.00151578 0.00229084 0.00906525 0.0163564 0.0219012 0.0299644 0.0157722 -0.00530808 -0.0131768 0.00023825 0.0123586 0.0150908 0.0235982 0.0114687 -0.00623977
internal_weight=1453.22 1283.59 863.144 420.449 365.908 17.7724 299.959 563.185 348.135 21.6991 169.626 159.292 54.8698 326.436 290.645 227.818 186.037 120.341 79.7484 69.8142 55.4625 42.8057 40.5921 33.7769 104.422 543.823 397.666 117.104 280.562 55.7026
internal_count=19460 15429 8283 7146 6049 139 3487 4796 5910 369 4031 1738 546 5541 4803 3681 2995 1729 1078 917 669 521 651 578 1192 4514 3172 988 2184 498
cat_boundaries=0 1 2
cat_threshold=6 88
is_linear=0
shrinkage=0.03


Tree=35
num_leaves=31
num_cat=1
split_feature=2 32 9 12 6 17 17 10 18 12 29 29 7 17 17 7 20 28 29 2 10 14 29 10 14 0 13 29 7 7
split_gain=89.8361 54.7212 26.804 26.6417 26.2373 17.0461 22.83 16.1071 16.7308 15.2957 14.7329 14.196 17.5203 14.6596 14.0972 14.1814 13.7453 12.7644 15.7839 12.5365 12.3668 23.4986 23.6909 18.5791 20.0376 17.6128 13.8917 20.1479 18.2251 12.1818
threshold=23.066596984863285 0 39.059240341186531 0.078999999910593047 -0.31473593413829798 0.19942466914653781 0.11878761649131776 1.1600000262260439 2.1633379459381108 0.55149999260902416 86.164299011230483 75.655178070068374 43.389730453491218 -0.14889999479055402 -1.1955825090408323 -15.58694553375244 1.0000000180025095e-35 25.346193313598636 77.440567016601577 556.54824829101574 0.27500000596046453 1.1899999976158144 77.084831237792983 -0.42000000178813929 -1.130000054836273 103.21295166015626 42.500000000000007 76.581501007080092 -7.5333459377288809 -0.88392421603202809
decision_type=2 1 2 2 2 2 2 2 2 2 2 2 2 2 2 2 2 2 2 2 2 2 2 2 2 2 2 2 2 2
left_child=14 2 3 11 7 6 -5 8 9 16 -6 -2 -13 -14 15 -1 17 18 20 -18 23 22 -22 24 -3 26 28 29 -25 -28
right_child=1 4 -4 5 10 -7 -8 -9 -10 -11 -12 12 13 -15 -16 -17 19 -19 -20 -21 21 -23 -24 25 -26 -27 27 -29 -30 -31
leaf_value=0.05050790762249955 -0.011596835092674947 0.040421832652938389 -0.020029939352514126 -0.012073550269028408 -0.01395473315715339 -0.030791431929838169 0.035422366268103987 -0.018275812707165679 -0.012749496167327646 0.035785663009839222 0.025864181367818977 0.0045978003161688376 0.062385597129119133 0.0028055411573416895 -0.024899316017712534 -0.010366471472559978 -0.0023970388077491907 0.0047430115633384671 0.026820007516040047 0.034749236346541396 -0.014594690160090143 0.036040170762976595 0.015758825983796187 -0.0073099359942006125 -0.01412308842121455 0.0039419440170710618 0.056432817560263838 0.016223862327210351 0.030771119415117627 0.024497102870081184
leaf_weight=3.4033730812370804 42.668084919452667 6.4937275126576415 96.335422337055206 68.483194246888161 70.606843009591103 35.77819287776947 9.5026103928685171 18.617644414305687 28.907695654779673 19.583023212850094 8.53907912224531 168.44443554058671 8.1235016286373121 6.437425483018159 135.57627199962735 14.861352711915968 113.64348720386624 184.90453562140465 73.510038319975138 7.8049385100603095 57.320378553122282 15.661881536245344 37.386202778667212 23.888351023197174 30.846835814416409 50.652944147586823 29.548342492431402 46.404311031103134 19.976723544299603 20.500434100627899
leaf_count=75 662 48 2033 1348 1102 767 106 214 321 143 78 2446 76 85 3492 388 1150 1944 590 54 415 82 267 221 343 322 188 294 157 129
internal_value=1.42864e-05 0.00258416 -0.00601258 -0.00216379 0.00690768 -0.0139359 -0.00591095 0.00864711 0.00932353 0.0102041 -0.00938955 0.00380592 0.00744061 0.0379181 -0.0215878 0.00300959 0.00945811 0.0113266 0.0142613 0.000254474 0.0114645 0.00318089 -0.00257293 0.0154375 -0.00383055 0.0192053 0.0246483 0.0309863 0.010332 0.0440878
internal_weight=1454.41 1300.57 435.773 339.437 864.797 113.764 77.9858 785.651 767.034 738.126 79.1459 225.673 183.005 14.5609 153.841 18.2647 718.543 597.095 412.19 121.448 338.68 110.368 94.7066 228.312 37.3406 190.971 140.318 96.4531 43.8651 50.0488
internal_count=19540 15585 7523 5490 8062 2221 1454 6882 6668 6347 1180 3269 2607 161 3955 463 6204 5000 3056 1204 2466 764 682 1702 391 1311 989 611 378 317
cat_boundaries=0 1
cat_threshold=6
is_linear=0
shrinkage=0.03


Tree=36
num_leaves=31
num_cat=1
split_feature=5 32 10 12 5 16 12 10 2 29 12 12 17 9 2 16 9 29 5 10 10 8 4 18 10 14 5 5 9 12
split_gain=87.1447 53.1895 23.8877 27.181 23.9408 23.1877 29.2529 28.4302 35.0483 21.1175 35.3322 25.2733 20.8819 20.3685 18.8758 17.5666 17.0716 16.4638 15.7786 26.2585 14.7493 18.048 16.9557 16.6519 14.6944 13.9695 13.7913 24.7831 16.8547 12.92
threshold=0.3732354491949082 0 1.1600000262260439 0.54000002145767223 -0.83753159642219532 -0.22263643890619275 -0.2145000025629997 -0.1950000002980232 80.292694091796889 76.836559295654311 0.26950000226497656 0.10400000214576723 -0.52211499214172352 135.13182067871097 89.655048370361342 1.0767213106155398 45.258413314819343 86.164299011230483 -0.78753387928009022 0.34499999880790716 1.0349999666213991 -43.809534072875969 8.5000000000000018 1.5124193429946902 -0.64500001072883595 -0.99500000476837147 -0.17521348595619199 -0.78753387928009022 -13.090242385864256 -0.38449999690055842
decision_type=2 1 2 2 2 2 2 2 2 2 2 2 2 2 2 2 2 2 2 2 2 2 10 2 2 2 2 2 2 2
left_child=1 2 3 4 17 26 7 -7 12 -8 11 -11 -9 -5 15 -6 -13 24 19 -10 22 -22 23 -16 -1 -2 27 -3 -29 -25
right_child=25 5 -4 13 14 6 9 8 18 10 -12 16 -14 -15 20 -17 -18 -19 -20 -21 21 -23 -24 29 -26 -27 -28 28 -30 -31
leaf_value=0.025013826361712309 0.021171325854485317 -0.02066429375872474 -0.025059989869005431 0.049950531420070193 -0.0099518419188689578 -0.019257703448298521 -0.013902112964372351 0.076671415613202384 0.010119541247370977 5.3226994879275047e-05 -0.028229572361118477 0.01816824839190392 0.01707099858150038 0.0017354159188340342 0.017413795025201052 0.030138583569061558 0.065109117476781775 0.02645914807440759 -0.0028399813651007895 0.066187282582896051 0.058259574070364299 0.0067875046272135526 -0.0053862416519752498 0.026035118238229345 -0.011571210331307065 -0.021592523680665877 -0.020696853054941261 0.013540550255279895 -0.0094206977997976348 -0.0040907455392306669
leaf_weight=10.091567691415547 6.420433957129716 61.245156358927488 17.005013152956963 24.563629914075136 57.846039310097694 19.775818184018135 111.78188508376479 12.305382188409569 34.736937448382378 47.333415381610394 21.674228001385927 22.497807662934065 9.9828363209962827 11.510006878525017 301.58491917699575 10.820599213242529 9.9851937107741815 13.374416992068289 42.464399442076683 8.7782044820487481 13.27222251147032 11.267047464847563 43.812952928245068 14.980428442358969 93.427804514765739 157.19489473477006 76.492609344422817 60.765510018914938 52.917286299169064 63.726950950920582
leaf_count=104 145 1073 214 195 753 350 2192 112 385 619 315 320 115 88 2121 101 128 123 475 62 75 76 393 97 1242 3874 1483 810 837 546
internal_value=0.000751901 0.00339179 0.00898917 0.010023 0.00854774 -0.00320014 0.00183942 0.0131191 0.019155 -0.00496222 0.00492376 0.0141645 0.0518559 0.0350283 0.0113145 -0.0032924 0.0341113 -0.00368863 0.0101794 0.0226627 0.0135525 0.0358176 0.012183 0.0142159 -0.00779952 -0.019796 -0.0101486 -0.00544457 0.00286356 0.00189783
internal_weight=1443.64 1280.02 687.284 670.279 634.205 592.737 341.316 128.044 108.268 213.273 101.491 79.8164 22.2882 36.0736 517.311 68.6666 32.483 116.894 85.9795 43.5151 448.645 24.5393 424.105 380.292 103.519 163.615 251.421 174.928 113.683 78.7074
internal_count=19423 15404 6128 5914 5631 9276 5073 1499 1149 3574 1382 1067 227 283 4162 854 448 1469 922 447 3308 151 3157 2764 1346 4019 4203 2720 1647 643
cat_boundaries=0 1
cat_threshold=89
is_linear=0
shrinkage=0.03


Tree=37
num_leaves=31
num_cat=1
split_feature=3 32 9 12 10 14 18 11 27 4 29 18 1 12 10 1 3 12 10 10 12 24 13 17 7 12 18 29 10 3
split_gain=87.4097 47.2228 27.1056 30.096 19.9842 17.8291 20.9074 21.0111 19.1705 18.7931 16.439 14.0831 13.9436 13.7112 22.7785 18.1339 16.6765 13.5355 14.6548 24.5806 18.4549 17.6664 19.3964 32.8627 23.2609 17.5882 17.4731 13.9799 13.3622 13.3226
threshold=21.772194862365726 0 59.953744888305671 0.078999999910593047 1.1600000262260439 0.34499999880790716 0.72820800542831432 81.500000000000014 1.0000000180025095e-35 1.5000000000000002 75.655178070068374 0.22964722663164142 39.800079345703132 -0.50149999558925618 0.095000002533197417 375.69660949707037 746.40814208984386 0.06749999895691873 -0.1950000002980232 -0.18500000238418576 -0.17249999940395352 1.0000000180025095e-35 42.500000000000007 -0.41716000437736506 -8.577051639556883 -0.26350000500679011 0.40214560925960546 76.49637603759767 1.0000000180025095e-35 825.99264526367199
decision_type=2 1 2 2 2 2 2 2 2 10 2 2 2 2 2 2 2 2 2 2 2 2 2 2 2 2 2 2 2 2
left_child=-1 2 3 10 5 6 7 9 28 -3 -2 12 -5 14 16 -15 -8 18 -12 -20 21 22 26 24 27 -25 -21 -24 -9 -7
right_child=1 4 -4 11 -6 29 13 8 -10 -11 17 -13 -14 15 -16 -17 -18 -19 19 20 -22 -23 23 25 -26 -27 -28 -29 -30 -31
leaf_value=-0.021818829127104866 -0.012209901357796421 0.033602881747002364 -0.02319633832350388 0.044578653129832113 -0.02132925475469848 0.016612036757047643 0.040891045404079278 0.0060319746032950613 0.036770188220051014 0.0092885216198960539 -0.0089408803739696469 -0.01823640226724605 -0.015943946443587802 -0.0025104020131080009 -0.017573272948487928 0.037522544142606543 0.00047016273412068334 0.049379083851314613 0.049739785540052511 0.034311184706429937 -0.010384614517918856 0.047092783374599594 0.039857207661089807 -0.018149943719532886 0.066806107443575485 0.034553880749286468 -0.025364113667702349 -0.01856098518221579 -0.024745461418136123 -0.0026259637516639011
leaf_weight=149.10387915000319 46.84124268963933 51.710692051798105 67.408786930143833 5.9117281809449178 21.868723921477795 216.69552483782172 24.589392654597759 25.077408984303474 8.73531401529908 64.962084166705608 44.70448837429285 107.67935913801193 6.0259124301373959 360.86736118420959 13.667810969054697 9.4796686582267267 14.367306694388388 5.7042581215500823 12.139087855815886 4.6717237904667881 39.365656469017267 11.578603923320768 6.3159062713384646 20.892531245946884 14.071129262447352 6.7174398973584237 19.932234469801188 6.5651980675756931 24.078121293336153 37.767050597816706
leaf_count=4000 759 405 1513 42 285 1788 195 216 81 588 821 2277 107 3581 147 67 139 46 85 34 764 71 69 278 136 70 289 68 244 387
internal_value=-0.000141816 0.00235854 -0.00575202 -0.00258201 0.00631287 0.00712055 0.00427586 0.0129789 -0.00178809 0.0202589 0.00355927 -0.0148058 0.0151569 0.000661912 0.014841 -0.0013874 0.0263686 0.0074365 0.00590086 0.010595 0.00659133 0.0139885 0.00861976 0.0184899 0.0414284 -0.00456766 -0.0131356 0.0108906 -0.0092367 0.0137577
internal_weight=1449.5 1300.39 426.525 359.117 873.866 851.998 597.535 174.564 57.8908 116.673 239.5 119.617 11.9376 422.972 52.6245 370.347 38.9567 192.658 186.954 142.25 130.11 90.7448 79.1662 54.5622 26.9522 27.61 24.604 12.8811 49.1555 254.463
internal_count=19552 15552 7429 5916 8123 7838 5663 1534 541 993 3490 2426 149 4129 481 3648 334 2731 2685 1864 1779 1015 944 621 273 348 323 137 460 2175
cat_boundaries=0 1
cat_threshold=6
is_linear=0
shrinkage=0.03


Tree=38
num_leaves=31
num_cat=1
split_feature=5 4 8 10 29 32 4 10 9 18 18 12 18 1 10 12 18 10 10 4 10 1 8 10 17 18 17 10 9 2
split_gain=79.5301 42.1171 22.4509 25.6463 20.1465 15.4848 15.5839 15.5466 16.9531 14.9877 22.0265 15.3923 14.5795 17.9664 17.7707 21.0813 14.3863 14.0969 13.7911 17.5972 16.2607 13.6168 12.8241 12.5219 12.2402 15.7708 11.8001 13.189 11.7454 13.7351
threshold=0.3732354491949082 2.5000000000000004 -72.522434234619126 -0.32500000298023218 75.522090911865249 0 222.50000000000003 0.72500002384185802 -17.930299758911129 0.88871797919273388 0.84393888711929332 -0.19049999862909314 2.0485763549804692 132.25299072265628 -0.1950000002980232 -0.37800000607967371 1.3261755108833315 0.42499999701976782 0.19500000029802325 19.500000000000004 0.59999999403953563 75.626049041748061 3.4616011381149296 -0.59000000357627858 -0.53963491320610035 0.40214560925960546 -0.20425185561180112 0.31000000238418585 -82.854255676269517 245.22758483886722
decision_type=2 8 2 2 2 1 10 2 2 2 2 2 2 2 2 2 2 2 2 10 2 2 2 2 2 2 2 2 2 2
left_child=1 4 18 -4 -1 12 7 8 9 10 24 16 13 14 -5 -16 -11 -10 23 28 -21 -6 26 -3 -7 -26 27 -17 -20 -30
right_child=-2 2 3 5 21 6 -8 -9 17 11 -12 -13 -14 -15 15 22 -18 -19 19 20 -22 -23 -24 -25 25 -27 -28 -29 29 -31
leaf_value=-0.017928633068703428 -0.02020771851025311 0.026319684732850086 -0.016936812207721658 0.043884881603350974 0.0011241875476136103 0.042828255185750848 0.049092240865081134 -0.027157545487503047 -0.018894885385964091 -0.012234707731474538 0.068043291365911487 -0.017694563000405086 -0.022628841104360517 -0.005850709101474184 -0.018899625451834826 0.04370100302897402 0.028097145188611752 0.0078783985795081099 -0.0044004618051446207 0.069899355224643661 0.0036801231133546121 0.011935386753711235 -0.012381980466797572 -0.0091876654329373468 0.021395021706838126 -0.016514572642049474 0.0061869512547234789 0.009680622931495594 0.0498743386941852 0.00030660223452307821
leaf_weight=24.599833093583584 157.18878334388137 10.399503182619808 126.00014474242926 14.486448675394056 138.51343078538775 6.4867751896381369 3.462104368954896 30.934253212064505 84.947009347379208 13.671887304633858 5.2902270741760722 40.921370707452297 15.213388442993162 63.241547800600529 18.723415605723858 25.320302050560706 16.693206783384085 21.686601437628269 23.761110842227932 9.0366259030997735 5.1740857213735572 433.29841066524386 12.159181073307989 40.449885502457619 17.179420076310635 20.626383572816849 32.991526987403638 17.964297499507666 9.6998664699494892 9.5203585550189
leaf_count=444 4013 112 2010 127 1656 56 73 647 1515 199 38 777 176 513 222 251 160 309 229 109 64 4067 119 497 166 320 341 196 81 84
internal_value=-0.000128687 0.00232707 -0.00268483 -0.00499631 0.0081709 -0.00171026 -0.00636547 -0.00754012 -0.0047655 0.00292357 0.0154292 -0.00586774 0.00447789 0.007059 0.0137635 0.00932344 0.0101266 -0.0134273 0.00982556 0.0197998 0.0476161 0.00932306 0.0154433 -0.00155829 0.0077815 0.000819429 0.0199818 0.030119 0.00972945 0.0265514
internal_weight=1449.64 1292.45 696.041 587.999 596.412 461.999 261.899 258.437 227.503 120.869 49.5828 71.2865 200.1 184.887 121.645 107.159 30.3651 106.634 108.041 57.192 14.2107 571.812 88.4353 50.8494 44.2926 37.8058 76.2761 43.2846 42.9813 19.2202
internal_count=19571 15558 9391 8215 6167 6205 4260 4187 3540 1716 580 1136 1945 1769 1256 1129 359 1824 1176 567 173 5723 907 609 542 486 788 447 394 165
cat_boundaries=0 1
cat_threshold=89
is_linear=0
shrinkage=0.03


Tree=39
num_leaves=31
num_cat=1
split_feature=3 28 12 14 29 10 10 5 9 16 5 28 3 17 4 5 2 32 16 2 1 10 16 3 7 7 12 22 5 4
split_gain=85.4842 42.7864 22.5271 22.9232 25.2863 24.3351 22.7166 22.3503 21.0509 20.1616 26.2404 20.7403 19.387 17.7086 16.3621 14.3592 14.691 13.4778 13.8667 13.0247 15.5022 14.8226 12.2904 12.2769 12.1667 11.8181 11.4657 11.0874 10.7178 10.5473
threshold=19.849283218383793 19.008403778076175 -0.2145000025629997 0.2950000017881394 76.836559295654311 0.2650000005960465 -0.21000000089406964 -0.21742309629917142 12.692739963531496 0.25043059885501867 -0.78753387928009022 18.63957500457764 83.906261444091811 0.19942466914653781 1.5000000000000002 -0.83753159642219532 556.54824829101574 0 -0.51828125119209278 187.84236145019534 34.44148254394532 0.25499999523162847 -1.579212963581085 584.79080200195324 23.124465942382816 -10.938724517822264 -0.30349999666213984 1.0000000180025095e-35 -0.98097097873687733 19.500000000000004
decision_type=2 2 2 2 2 2 2 2 2 2 2 2 2 2 8 2 2 1 2 2 2 2 2 2 2 2 2 2 2 10
left_child=27 2 6 4 5 -4 -2 -7 13 11 -11 19 -12 25 28 17 22 18 -16 20 -8 -22 -17 -20 -24 -6 -25 -1 -3 -19
right_child=1 14 3 -5 8 7 9 -9 -10 10 12 -13 -14 -15 15 16 -18 29 23 -21 21 -23 24 26 -26 -27 -28 -29 -30 -31
leaf_value=-0.024204353161962226 -0.029651802023695922 -0.014419528175617854 -0.017874768668268419 -0.026045679805375203 0.01961968171774614 0.041321218521879248 -0.014746745443462675 -0.02382843909124149 -0.015209835193500809 0.05060882153276914 0.043343292732985442 -0.01957707802070344 -0.011297770594693826 -0.0089260561741434513 -0.01927445267048165 -0.019548490400662935 0.03609812032759991 -0.015651740399545176 -0.0093198666322757955 -0.02255980689759848 0.056909506108863507 -0.0011980427193168553 0.0078500312686959964 0.0006183767176140692 -0.0062732846364045971 0.076936029171588857 0.045642653510521075 0.0053912706032901393 0.011828489458766833 0.014317983558084979
leaf_weight=128.54533592611551 14.681628327816723 13.728603195399044 94.236579991877079 70.553346246480942 6.6681711263954666 12.357505664229395 5.9744129516184392 6.5357663147151461 10.063071664422749 18.322109468281269 7.1964768096804645 30.155992891639471 19.441922079771757 5.3319096341729155 10.183492898941038 17.277198746800423 12.748138476163147 85.977098017930984 8.9585253447294253 5.6931695677340022 11.712711818516256 5.6736977994441977 345.1466079801321 7.5466481409966972 64.466309208422899 7.5547447986900833 14.818492632359265 12.131589494645594 373.84760078415275 11.239165354520081
leaf_count=3606 305 199 1906 1657 90 110 95 116 212 130 62 458 237 84 141 248 83 1239 137 117 112 75 3402 73 547 86 147 321 3223 178
internal_value=0.000496066 0.00290895 -0.00636612 -0.0121781 -0.00519048 -0.0116529 0.00407906 0.018719 0.0190682 0.00906977 0.0239811 -0.00246323 0.00449788 0.0365898 0.00610161 0.00289694 0.00555005 -0.00549076 0.00797825 0.0153601 0.0251481 0.0389135 0.00455557 0.0196287 0.00561739 0.0531183 0.0311268 -0.0216321 0.010864 -0.0109605
internal_weight=1438.77 1298.09 332.153 213.301 142.748 113.13 118.852 18.8933 29.6179 104.17 44.9605 59.21 26.6384 19.5548 965.938 578.362 439.638 138.723 41.5072 29.054 23.3608 17.3864 426.89 31.3237 409.613 14.2229 22.3651 140.677 387.576 97.2163
internal_count=19396 15469 5852 4261 2604 2132 1591 226 472 1286 429 857 299 260 9617 6195 4280 1915 498 399 282 187 4197 357 3949 176 220 3927 3422 1417
cat_boundaries=0 1
cat_threshold=69
is_linear=0
shrinkage=0.03


Tree=40
num_leaves=31
num_cat=1
split_feature=3 32 8 10 10 10 16 5 14 14 16 3 3 14 9 3 6 0 9 5 3 9 5 10 10 10 16 10 20 4
split_gain=71.5295 36.0084 22.2092 35.9677 19.7701 17.9933 16.908 13.5649 15.1857 18.3916 18.8111 16.898 14.5444 13.4562 13.0726 15.3803 12.389 12.053 12.0133 11.2483 15.1443 27.4922 31.2818 13.0978 25.0233 13.0121 12.303 16.2278 12.5535 11.6436
threshold=18.527454376220707 0 -71.038375854492173 0.24000000208616259 0.47500000894069677 1.1600000262260439 -1.2533410191535947 -0.83753159642219532 -0.60500001907348622 -0.10500000044703482 -0.63776403665542591 681.10702514648449 575.50405883789074 1.1899999976158144 -44.092308044433587 968.31945800781261 -0.99223279953002919 147.67270660400393 -21.851166725158688 0.081451712176203742 304.69734191894537 -27.626015663146969 -0.60434082150459278 0.1799999997019768 -0.23499999940395352 0.2100000008940697 0.25043059885501867 0.24000000208616259 1.0000000180025095e-35 8.5000000000000018
decision_type=2 1 2 2 2 2 2 2 2 2 2 2 2 2 2 2 2 2 2 2 2 2 2 2 2 2 2 2 2 10
left_child=18 5 3 -3 -5 7 -4 8 14 -10 -11 12 -12 16 -2 -16 -8 -13 -1 20 -9 25 26 24 -21 -22 27 28 -23 -27
right_child=1 2 6 4 -6 -7 13 19 9 10 11 17 -14 -15 15 -17 -18 -19 -20 23 21 22 -24 -25 -26 29 -28 -29 -30 -31
leaf_value=0.00059223290080296699 0.040473699403916943 -0.0098215653624654769 -0.023041393438385009 0.06943054297922345 0.00069603663091285703 -0.023243226491945979 -0.018607489107349568 0.018144976501374779 -0.02551560806209547 -0.027194277208036872 0.0021653628007659576 -0.0058182689138314226 0.065233543315652801 -0.026400852236410626 -0.020293216395562752 0.038055275735184697 -0.0011542804692612322 0.03792767678100549 -0.024666148242765046 -0.0070214131886130304 -0.014487073463964642 0.050711017484625726 0.0038973900946960766 -0.015965382260321525 0.035808851514547206 0.012919416150600672 0.0066373042331944743 0.0012082204524229451 0.016472970805599171 -0.02317715817427796
leaf_weight=19.783631883561611 11.732149548828604 18.644194107502699 42.732644438743591 11.752510022372009 5.3735620714724055 16.994328189641237 38.824867278337479 169.43879589065909 31.617718480527401 14.944797091186045 5.7654691524803621 38.109491836279631 6.8936322778463364 21.293936848640442 10.820767499506475 5.1975260414183131 454.87745114788413 5.6294720917940131 115.3018561899662 33.92900512367487 59.489332668483257 36.096903786063194 124.28789538890123 31.500611029565334 18.016824096441269 41.032358221709728 19.631212964653969 11.104032143950461 14.766633585095404 8.988652825355528
leaf_count=535 110 273 821 116 90 216 711 1213 436 203 63 482 74 467 144 48 6916 51 3325 413 525 216 865 361 162 278 131 81 111 79
internal_value=-0.000288393 0.00186154 -0.00358409 0.0189532 0.0490923 0.00633587 -0.00512501 0.0071777 -0.00152693 -0.00685258 0.00165687 0.00964266 0.0387712 -0.0035966 0.0177835 -0.00023697 -0.00256164 0.000534007 -0.0209898 0.00917902 0.0109268 0.0070039 0.0134412 -0.000984826 0.00822954 -0.00511073 0.0277547 0.034233 0.0412804 0.00610582
internal_weight=1444.57 1309.49 593.499 35.7703 17.1261 715.988 557.729 698.993 130.711 102.961 71.3429 56.3981 12.6591 514.996 27.7504 16.0183 493.702 43.739 135.085 568.282 484.836 315.397 205.887 83.4464 51.9458 109.51 81.5988 61.9676 50.8635 50.021
internal_count=19516 15656 9394 479 206 6262 8915 6046 1611 1309 873 670 137 8094 302 192 7627 533 3860 4435 3499 2286 1404 936 575 882 539 408 327 357
cat_boundaries=0 1
cat_threshold=89
is_linear=0
shrinkage=0.03


Tree=41
num_leaves=31
num_cat=1
split_feature=2 32 2 29 5 10 5 0 10 20 14 10 5 29 4 4 2 2 28 18 2 5 17 10 12 18 18 10 12 8
split_gain=82.2078 42.7184 21.1493 25.9035 20.6808 18.2494 21.3544 17.4095 16.8359 15.9769 14.6991 25.2337 14.0984 19.6212 14.0386 13.6294 13.4824 12.011 11.9893 14.0487 20.2849 12.0028 11.8821 11.5435 18.7148 15.4104 23.3671 14.3965 11.513 11.1189
threshold=27.566869735717777 0 196.18916320800784 75.753208160400405 -0.25901904702186579 0.59999999403953563 -0.8126716911792754 68.292369842529311 1.2450000047683718 1.0000000180025095e-35 1.0000000180025095e-35 -0.33500000834465021 -0.91865202784538258 79.001594543457045 1.5000000000000002 19.500000000000004 589.97830200195324 212.69753265380862 25.503168106079105 1.1297983527183535 205.270133972168 0.038674917072057731 -0.36623531579971308 0.24000000208616259 0.092000000178813948 0.73923268914222728 0.90838575363159191 -0.50999999046325672 -0.52750000357627858 16.970341682434086
decision_type=2 1 2 2 2 2 2 2 2 2 2 2 2 2 10 10 2 2 2 2 2 2 2 2 2 2 2 2 2 2
left_child=22 2 3 -2 5 6 10 -6 9 12 11 -5 13 15 -13 -3 -11 -15 -14 20 21 -20 28 24 25 -8 -27 -28 -1 -23
right_child=1 8 -4 4 7 -7 23 -9 -10 16 -12 14 18 17 -16 -17 -18 -19 19 -21 -22 29 -24 -25 -26 26 27 -29 -30 -31
leaf_value=0.03778962391405611 -0.014425474113864174 -0.019192710713658856 -0.017792284596172572 -0.023645964572509656 -0.013100809709729159 -0.016601098106038607 -0.018211680091952124 0.0299013447608594 -0.025722818655497075 -0.0039928556172284524 -0.018149826109375215 0.067401775240771858 0.013443303150268657 -0.0023826963997124403 0.013816638318574421 0.027192630625991185 0.035704580420146403 0.030679055348743253 -0.016394838913733382 -0.0067276565672962198 0.022858667538502606 0.035962964259277877 -0.027111342621525019 0.037729478895801305 -0.017465954794125674 0.068710311456387188 0.050795102039401574 -0.0031775522238946452 -0.013098459293357463 -0.013204843854717567
leaf_weight=3.323406931012868 93.543213672935963 45.756245654076338 86.898517332971096 10.165982455015184 70.854577276855707 18.459642492234707 5.5866957977414122 8.6511326842010003 12.899072721600531 131.49222014844418 22.549732517451048 5.9877936951816109 466.10801355168223 19.346640527248383 13.836536660790442 5.6041712649166575 7.1770443134009829 18.948871657252312 26.883629627525806 65.459646359086037 55.64659907668829 8.9841667525470239 87.94006472453475 32.945163119584322 11.768632397055624 9.9730191342532652 5.3670350722968605 14.40489576011896 60.285106431692839 6.3677980452775946
leaf_count=69 1693 794 1810 192 1414 367 93 155 206 1342 416 56 3368 218 149 91 46 186 281 751 472 110 2507 304 239 77 58 219 1658 66
internal_value=0.000822397 0.00329793 -0.0046277 -0.00119639 0.00421026 0.0107051 0.0146027 -0.00810839 0.00701279 0.0076161 -0.000289003 0.0132929 0.00941193 -0.00170162 0.0324611 -0.0137087 -0.00169733 0.0143409 0.0109951 0.00396959 0.0111192 -0.00451892 -0.0199979 0.0242603 0.0142505 0.0250049 0.0334502 0.0132132 -0.00989592 0.0160084
internal_weight=1433.22 1281.67 410.993 324.094 230.551 151.045 132.585 79.5057 870.674 857.775 52.54 29.9903 719.106 89.6559 19.8243 51.3604 138.669 38.2955 629.45 163.342 97.8822 42.2356 151.549 80.0454 47.1003 35.3316 29.7449 19.7719 63.6085 15.352
internal_count=19407 15173 7242 5432 3739 2170 1803 1569 7931 7725 813 397 6337 1289 205 885 1388 404 5048 1680 929 457 4234 990 686 447 354 277 1727 176
cat_boundaries=0 1
cat_threshold=6
is_linear=0
shrinkage=0.03


Tree=42
num_leaves=31
num_cat=0
split_feature=3 28 17 14 29 10 10 10 5 14 3 5 10 12 16 12 10 12 3 5 3 2 16 17 2 29 14 11 10 12
split_gain=77.163 27.551 21.8082 22.3944 24.0869 23.8267 42.8896 21.2484 22.5121 18.0274 22.7736 20.4899 28.0211 18.6744 15.8465 18.0597 17.0505 16.0661 15.327 15.1355 13.0653 20.3236 16.035 12.1139 18.7666 11.5052 21.2632 18.0811 15.9401 11.3437
threshold=18.527454376220707 19.008403778076175 0.66239419579505932 0.40500000119209295 76.836559295654311 -0.1950000002980232 -0.18500000238418576 0.24000000208616259 -0.17521348595619199 0.34499999880790716 884.57507324218761 -0.63756072521209706 0.49500000476837164 0.23300000280141833 -1.0147862434387205 -0.20100000500679013 -0.1950000002980232 -0.50149999558925618 946.91305541992199 -0.78753387928009022 285.29481506347662 252.356315612793 -0.36492605507373804 -0.38627845048904413 216.53274536132815 78.715969085693374 -0.22999999672174451 78.500000000000014 -0.66500002145767201 0.042500000447034843
decision_type=2 2 2 2 2 2 2 2 2 2 2 2 2 2 2 2 2 2 2 2 2 2 2 2 2 2 2 2 2 2
left_child=-1 2 3 4 5 -2 -7 -8 -9 13 11 12 -11 14 17 16 23 -3 20 -14 22 -22 -17 -16 -25 28 27 -27 -24 -20
right_child=1 9 -4 -5 -6 6 7 8 -10 10 -12 -13 19 -15 15 18 -18 -19 29 -21 21 -23 25 24 -26 26 -28 -29 -30 -31
leaf_value=-0.022207204499346215 -0.01797776923332171 0.021685065955720194 -0.022101697967350859 -0.019548724429448269 0.021802652340039932 0.05607995356222311 -0.013492783282946917 0.02531065168596883 -0.025599255213832529 0.038379342014038649 -0.010304263549184184 0.0074451695479386508 -0.0098899197030924736 -0.014759014791069381 -0.011080754284767765 -0.0016631709162889291 -0.0088097981797520455 -0.013219772672367769 0.046589391643442737 0.028201767569952688 -0.009821945806446573 0.0099145250491689315 -0.00058295637375927714 0.040682449352849544 0.00023407298308898583 -0.004727445475012337 -0.020942818554715865 0.058570802722892931 0.037399850780597134 0.008846443858947067
leaf_weight=130.73430765047669 59.746642172336578 12.966261874884365 58.534695699810982 51.676755342632532 43.999235846102238 12.231260184198616 56.072283748537302 34.155151721090078 9.1786384657025319 54.870293561369181 40.935957711189985 176.33933322876692 23.591261241585016 56.362933430820704 15.418429572135208 37.396837987005711 123.1726516187191 80.483180966228247 15.332788761705162 14.225813642144201 75.452701415866613 120.80662286281586 12.603144902735947 18.754258152097464 21.648445699363947 7.3386546261608618 13.335609763860701 7.7262447662651539 45.596238348633051 13.792356640100477
leaf_count=3876 1271 113 1200 1122 648 97 1010 319 194 468 455 1594 334 646 167 413 1274 984 122 109 873 943 152 166 178 77 150 74 335 156
internal_value=-0.000317648 0.00187588 -0.00568101 -0.00201287 0.00226539 -0.00284777 0.0053373 -0.0014026 0.0141931 0.00436909 0.0103506 0.0135201 0.0248748 0.00162404 0.00313034 0.00514565 -0.00259404 -0.00819835 0.00910691 0.00479658 0.00715659 0.00231543 0.0147392 0.0110351 0.0195387 0.0217605 0.00583169 0.0293611 0.0293037 0.029603
internal_weight=1444.48 1313.74 325.595 267.06 215.383 171.384 111.637 99.4061 43.3338 988.15 309.963 269.027 92.6874 678.187 621.824 528.375 178.994 93.4494 349.381 37.8171 320.256 196.259 123.997 55.8211 40.4027 86.5999 28.4005 15.0649 58.1994 29.1251
internal_count=19520 15644 5861 4661 3539 2891 1620 1523 513 9783 2960 2505 911 6823 6177 5080 1785 1097 3295 443 3017 1816 1201 511 344 788 301 151 487 278
is_linear=0
shrinkage=0.03


Tree=43
num_leaves=31
num_cat=0
split_feature=5 29 4 8 16 29 28 12 16 5 5 10 17 12 8 16 28 12 14 14 12 17 16 16 10 0 9 14 12 14
split_gain=64.78 34.0335 26.3013 16.6667 18.0048 13.5268 14.3714 18.4123 19.2353 12.9559 13.1349 11.9202 15.9367 11.7478 17.7936 11.4558 13.5712 11.2617 11.2084 9.99497 9.23129 9.27845 9.11327 12.4928 18.8043 8.92073 10.6677 11.5842 13.5657 13.844
threshold=0.3732354491949082 75.522090911865249 2.5000000000000004 -23.148235321044918 -0.2081387788057327 79.142368316650405 19.008403778076175 -0.41899999976158137 1.0000000180025095e-35 -0.73172146081924427 0.038674917072057731 -0.32500000298023218 -1.1239467859268186 0.32000000774860388 145.75530242919925 1.6889299750328066 26.140346527099613 0.054500000551342971 -0.99500000476837147 0.12999999895691874 0.12299999967217447 -0.24540499597787854 -0.56506931781768788 -0.83375048637390126 0.32999999821186071 22.819169998168949 102.32808303833009 0.35999999940395361 0.23300000280141833 0.12999999895691874
decision_type=2 2 8 2 2 2 2 2 2 2 2 2 2 2 2 2 2 2 2 2 2 2 2 2 2 2 2 2 2 2
left_child=1 -1 13 4 9 6 7 -6 -9 -4 22 17 -13 25 -15 16 -5 -8 -2 -18 -7 -22 23 24 -11 -3 27 28 29 -27
right_child=18 2 3 15 5 20 11 8 -10 10 -12 12 -14 14 -16 -17 19 -19 -20 -21 21 -23 -24 -25 -26 26 -28 -29 -30 -31
leaf_value=-0.017072643866618612 0.017791925954018673 -0.0078533505992801657 -0.015949777269090547 -0.0094077848068204583 0.038891340730461049 -0.016931531214894945 0.018881096626680773 0.022016970072491794 -0.0283853935160224 -0.0077576079529917824 -0.020754893007958967 0.066762388535527309 0.01992282968940411 -0.0090037900317083384 0.040272348457587329 0.031129941256680498 -0.0023379636657896779 -0.025971942851715168 -0.020958483777607055 0.038353094806786427 0.037555324145979549 -0.0078762033106253206 -0.00745454221400574 0.031472918607888624 0.037392468898963797 0.014456371458609164 0.0018057573423526717 0.02196437344588778 -0.022415221846859065 -0.0016664861771056771
leaf_weight=78.096618730574846 6.327441692352294 24.921754114329815 52.827226962894201 250.43242790549994 6.8336481265723696 24.161866828799248 9.6424134634435195 9.1102361865341681 20.4915476962924 32.808467339724302 17.951007425785065 6.397849839180707 82.685066219419241 61.352802511304617 6.3828810788691035 6.1347568035125724 12.376370038837196 8.5776355527341348 137.95779060944915 8.5367013067007047 6.2176918536424628 8.5763727426528913 27.847588881850243 20.642889924347401 10.014011994004248 217.86868158355355 104.66936187446117 90.802895464003086 10.518492933362721 61.12440812215209
leaf_count=1553 153 332 834 3374 65 270 105 112 423 441 368 71 810 651 44 62 127 132 3833 82 73 105 333 229 105 2171 997 782 147 587
internal_value=-0.000165346 0.00199111 0.00324507 -0.00103463 0.00336619 0.00979972 0.0140291 -0.00221149 -0.012661 -0.00390071 0.00201663 0.0195132 0.0239906 0.00784921 -0.00384204 -0.00649536 -0.0074572 -0.00248747 -0.0191484 0.0152643 -0.00576614 0.0123868 0.00666957 0.0128865 0.00341305 0.00940675 0.010308 0.0126371 0.00964618 0.0109307
internal_weight=1422.29 1278 1199.91 622.266 344.786 182.694 143.738 36.4354 29.6018 162.091 109.264 107.303 89.0829 577.641 67.7357 277.48 271.345 18.22 144.285 20.9131 38.9559 14.7941 91.313 63.4654 42.8225 509.906 484.984 380.314 289.512 278.993
internal_count=19371 15385 13832 8121 4476 2166 1718 600 535 2310 1476 1118 881 5711 695 3645 3583 237 3986 209 448 178 1108 775 546 5016 4684 3687 2905 2758
is_linear=0
shrinkage=0.03


Tree=44
num_leaves=31
num_cat=1
split_feature=2 29 5 16 5 29 32 4 10 10 12 12 16 12 17 12 16 5 17 1 28 18 17 16 10 17 5 12 10 10
split_gain=69.2453 29.1248 23.3095 21.2131 17.4479 23.8841 18.8166 20.5325 17.2454 22.3054 16.6419 15.4552 17.3552 15.2957 13.0644 11.4939 12.5781 10.6634 11.5345 10.482 10.3693 23.7999 20.5864 13.7849 22.6186 11.5363 15.6739 9.97092 14.3269 14.4155
threshold=28.774245262146 75.522090911865249 -0.83753159642219532 -0.5375225543975829 1.0000000180025095e-35 76.978988647460952 0 17.500000000000004 0.47500000894069677 0.31000000238418585 -0.38799999654293055 -0.12299999967217444 -1.0642287731170652 0.056499999016523368 -0.36623531579971308 -0.17249999940395352 -0.85897344350814808 -0.30041381716728205 0.51024547219276439 3.8570725917816167 24.994574546813968 0.7603900432586671 0.73206120729446422 0.16344932466745379 -0.1950000002980232 -0.63888818025588978 -0.97269129753112782 0.29199999570846563 0.11499999836087228 0.66999998688697826
decision_type=2 2 2 2 2 2 1 10 2 2 2 2 2 2 2 2 2 2 2 2 2 2 2 2 2 2 2 2 2 2
left_child=14 -2 3 -3 6 10 -4 17 9 15 -6 -7 -13 20 19 -9 -17 18 27 -1 21 -5 25 -22 -25 26 -23 28 -8 -30
right_child=1 2 4 13 5 11 7 8 -10 -11 -12 12 -14 -15 -16 16 -18 -19 -20 -21 23 22 -24 24 -26 -27 -28 -29 29 -31
leaf_value=-0.019839693951147003 -0.015499060206965438 -0.01906013033870077 0.011852581558624616 -0.019096085912065807 0.018201812752345902 -0.0085652698297545779 0.0017633126077119515 -0.022804738167730227 -0.026219209412705294 0.065045485953126175 -0.019912262963423463 -0.020472762242647043 0.022879539376229493 -0.0095226401656421013 -0.026900210298324408 -0.011726316748354303 0.044839199494260476 -0.0092975066432593699 -0.0080387290216555312 0.0044403694724747984 0.03998447397326986 0.037602957305734298 -0.028455349855172077 0.036392674585790812 -0.023706117615216057 0.032507326429693284 -0.022056439812092925 -0.012610223599051312 0.028246326771816134 -0.0070214212839928613
leaf_weight=33.71268623508513 76.043635424226522 65.022721067070961 421.11183154582977 31.007960423827171 11.241116482764481 34.293155714869499 81.736073117703199 5.3803727254271534 4.5875262431800357 10.612594239413736 70.596649087965488 9.0306346714496595 52.628993485122919 80.236884485930204 84.653833305463195 4.910578295588496 9.1061223484575731 84.209935180842876 59.36058784276247 29.126156019046903 16.370944049209356 5.3220400586724272 7.8954085893928996 9.279526602476837 11.493640620261429 28.906219884753227 9.6230565495789033 19.038326568901539 48.449846554547548 12.778766337782143
leaf_count=1003 1519 1049 2780 472 138 419 1088 82 99 78 1184 137 611 1283 2551 84 116 1264 803 752 156 66 143 97 126 320 128 234 472 145
internal_value=0.000139789 0.00238727 0.00352866 -0.00431418 0.00574542 -0.00270419 0.0077197 0.0021726 0.0237992 0.0320444 -0.0145204 0.00741966 0.0163048 0.000547617 -0.0192536 0.0116849 0.0255609 -0.000274748 0.00318402 -0.00869248 0.00730971 0.0013282 0.013697 0.0202519 0.00357889 0.0217517 0.000214523 0.00732031 0.0100436 0.0208912
internal_weight=1427.77 1280.28 1204.23 265.158 939.073 177.791 761.283 340.171 34.5972 30.0097 81.8378 95.9528 61.6596 200.136 147.493 19.3971 14.0167 305.574 221.364 62.8388 119.899 82.7547 51.7467 37.1441 20.7732 43.8513 14.9451 162.003 142.965 61.2286
internal_count=19399 15093 13574 3840 9734 2489 7245 4465 459 360 1322 1167 748 2791 4306 282 200 4006 2742 1755 1508 1129 657 379 223 514 194 1939 1705 617
cat_boundaries=0 1
cat_threshold=25
is_linear=0
shrinkage=0.03


Tree=45
num_leaves=31
num_cat=1
split_feature=3 32 9 3 5 12 16 29 14 10 4 10 18 7 16 3 28 4 14 2 10 10 14 25 7 29 3 11 4 5
split_gain=61.7564 36.6898 21.8477 17.2142 20.4059 25.7714 18.7075 16.7946 35.8376 15.9695 15.3055 14.0348 16.3103 17.9839 13.7625 13.614 13.5734 11.7169 10.8702 10.666 10.5668 10.1812 9.38392 19.1344 14.5347 12.2295 11.2583 12.3203 10.9113 16.9263
threshold=18.527454376220707 0 16.142851829528812 220.02209472656253 -0.8126716911792754 -0.39300000667572016 1.1360246539115908 76.836559295654311 -0.11999999731779097 0.47500000894069677 1.5000000000000002 0.11499999836087228 0.73923268914222728 -23.144579887390133 0.088539849966764464 78.638252258300795 18.767070770263675 1.5000000000000002 -0.3299999982118606 128.44023132324222 -0.044999999925494187 1.2450000047683718 1.0000000180025095e-35 1.0000000180025095e-35 -11.664749622344969 83.357944488525405 367.67172241210943 78.500000000000014 19.500000000000004 -0.90013122558593739
decision_type=2 1 2 2 2 2 2 2 2 2 8 2 2 2 2 2 2 10 2 2 2 2 2 2 2 2 2 2 10 2
left_child=-1 2 3 6 5 -5 7 -2 18 11 -3 12 -6 -14 -13 -8 -15 20 -9 -16 -7 22 23 25 28 -12 -26 -28 29 -24
right_child=1 10 -4 4 9 17 15 8 -10 -11 21 14 13 16 19 -17 -18 -19 -20 -21 -22 -23 24 -25 26 -27 27 -29 -30 -31
leaf_value=-0.020129712060872395 -0.021031851374284399 0.0099371164223794259 -0.015554475777775549 0.0287644934211332 -0.028604816846362617 0.031856622416307309 0.043794319565280286 0.014391143691834467 -0.019882675317685311 -0.017118964444807875 -0.008146733715522738 0.043355476788706486 -0.015474623455042682 0.053392452409741123 -0.018186364171678435 -0.012415288272730784 0.0017197584660633514 -0.021724355872023416 0.088728751869872793 0.032805291677652851 -0.012332856290083124 -0.026496955423013495 -0.015394627525695703 0.021338743806456489 -0.012956466534424621 0.013038251161397368 0.020203611676476354 -0.0070641160741910028 0.032159170205747184 0.012630357442816835
leaf_weight=122.88659240491688 76.28529803827405 386.05440702289343 130.68166700005531 14.847947575151919 8.2977826558053476 7.3588717877864864 8.3988342359662038 3.5726665258407593 13.494076140224932 11.239521771669386 171.12295147404075 27.998864248394966 9.4621917605400068 11.054920021444564 7.056097920984028 5.9948288314044467 7.484090454876422 46.567656464874744 3.7155146487057236 5.8538669906556606 10.78142101690173 10.009130947291849 21.670397244393826 26.995066687464714 48.847247261554003 27.678871843963861 28.386992041021585 29.504415821284056 19.484787564724684 138.08778772875667
leaf_count=3853 1652 3120 2844 123 147 108 98 64 260 175 1879 222 152 124 93 94 103 921 58 49 188 171 322 234 458 275 241 229 212 1093
internal_value=0.000121828 0.00202387 -0.00534966 -0.000730036 0.00532478 -0.00566727 -0.00982253 -0.0145759 0.00899937 0.0151646 0.00535723 0.0200231 0.00617637 0.0171143 0.031869 0.0210978 0.0336881 -0.0138855 0.0584215 0.00563136 0.00632106 0.00205867 0.00266773 -0.00190011 0.00626832 -0.00514669 -0.00248386 0.00642261 0.0114651 0.00875679
internal_weight=1440.87 1317.99 410.146 279.464 168.003 79.5559 111.461 97.0676 20.7823 88.4473 907.842 77.2078 36.299 28.0012 40.9088 14.3937 18.539 64.7079 7.28818 12.91 18.1403 521.788 511.779 225.797 285.982 198.802 106.739 57.8914 179.243 159.758
internal_count=19562 15709 7475 4631 2405 1340 2226 2034 382 1065 8234 890 526 379 364 192 227 1217 122 142 296 5114 4943 2388 2555 2154 928 470 1627 1415
cat_boundaries=0 1
cat_threshold=6
is_linear=0
shrinkage=0.03


Tree=46
num_leaves=31
num_cat=1
split_feature=1 32 9 12 10 8 12 6 29 12 28 9 18 1 16 1 29 14 14 28 12 16 16 12 10 16 29 16 7 29
split_gain=48.9172 35.0648 19.2803 21.5459 17.6603 16.5825 15.3141 12.1818 12.7803 11.6278 13.395 15.9335 11.2561 10.9899 10.9352 10.4861 10.0744 11.7295 18.5599 12.4702 9.73149 26.7676 19.4717 17.966 17.0677 16.5124 14.0745 12.0335 11.2009 9.92812
threshold=4.0841434001922616 0 46.998497009277351 0.078999999910593047 1.1600000262260439 -100.79533386230467 0.06749999895691873 -0.31473593413829798 78.715969085693374 0.54000002145767223 24.994574546813968 79.140010833740249 0.22964722663164142 46.338068008422859 -1.2533410191535947 19.726430892944339 76.151096343994155 0.044999998994171626 -0.24999999254941938 18.71020603179932 -0.23350000381469724 -0.56506931781768788 0.25043059885501867 -0.060000000521540635 -0.1950000002980232 -0.83375048637390126 76.484970092773452 -0.92327180504798878 6.8228373527526864 76.151096343994155
decision_type=2 1 2 2 2 2 2 2 2 2 2 2 2 2 2 2 2 2 2 2 2 2 2 2 2 2 2 2 2 2
left_child=5 2 3 6 7 -1 14 9 15 -3 11 -11 13 -5 -2 -9 -14 18 -18 -20 22 23 29 27 -24 -25 28 -22 -26 -16
right_child=1 4 -4 12 -6 -7 -8 8 -10 10 -12 -13 16 -15 20 -17 17 -19 19 -21 21 -23 24 25 26 -27 -28 -29 -30 -31
leaf_value=0.031331842441945652 -0.019492161464129392 0.0063452921161592244 -0.018647830333302234 0.036196992495220189 -0.020874683440152801 -0.021940877978899421 0.047788569482365359 0.012790889913394892 0.0068527642599338703 0.058649806828449148 -0.0027433698252749042 0.011852459024016201 -0.027633900269752428 -0.018421046331047228 -0.017561614097196799 -0.026508974382241143 -0.014412418816346249 -0.018683423941573588 0.06381076258543962 -0.0023817899567248058 0.024522956163388322 -0.014332663101662396 -0.019998021366030839 0.0011769695624319055 0.054417272510946198 0.067350135785139389 0.0094546624339130036 -0.022921142768002126 0.010982839643546283 0.0073826695075329919
leaf_weight=4.6974257789552203 18.843322394415736 781.23938555642962 76.074897062033415 6.9066391885280591 21.379916451871395 98.142041705548763 5.7144925706088534 7.0967648588120928 35.375731650739908 12.144623812288048 12.342683017253874 14.334159068763254 40.205019297078252 4.890254307538271 22.556194603443146 27.879270166158676 13.115266546607019 35.125266661867499 5.5566859394311887 4.0895114243030548 7.8212552219629314 63.808850981295109 6.7875982839614144 5.3580902181565753 19.228509120643142 8.4309796560555679 21.055761281400919 9.5887703299522418 8.0748762395232898 35.845247201621532
leaf_count=43 421 7026 1822 54 321 2944 44 129 398 72 121 88 1003 86 338 538 299 856 91 70 113 1311 135 97 147 98 171 217 68 469
internal_value=0.00060337 0.00214917 -0.00496958 -0.00203494 0.00541803 -0.0192292 0.00313118 0.00613284 -0.00578431 0.00716099 0.0230045 0.0346696 -0.0129236 0.0138856 0.00180464 -0.018401 -0.0162553 -0.00801732 0.00853608 0.0381606 0.00381266 -0.00325604 0.00970398 0.0191396 0.0223208 0.0434551 0.0285454 -0.0014331 0.0424136 -0.00238493
internal_weight=1433.71 1330.87 419.077 343.003 911.793 102.839 233.114 890.413 70.3518 820.061 38.8215 26.4788 109.889 11.7969 227.399 34.976 98.0917 57.8867 22.7615 9.6462 208.556 95.0079 113.548 31.1991 55.1467 13.7891 48.3591 17.41 27.3034 58.4014
internal_count=19590 16603 7910 6088 8693 2987 3629 8372 1065 7307 281 160 2459 140 3585 667 2319 1316 460 161 3164 1836 1328 525 521 195 386 330 215 807
cat_boundaries=0 1
cat_threshold=6
is_linear=0
shrinkage=0.03


Tree=47
num_leaves=31
num_cat=2
split_feature=3 32 5 5 12 8 4 9 10 10 7 1 18 2 12 3 4 5 10 5 3 2 32 12 17 17 17 12 3 11
split_gain=59.6575 28.0399 19.5259 17.9921 16.8264 18.9156 17.6347 17.8752 17.6418 30.5305 17.1515 16.712 17.2933 18.4896 15.369 14.8835 14.5781 14.3446 13.7475 13.4013 16.9754 19.7086 13.0682 18.3641 12.791 17.6787 14.0605 15.1237 23.877 12.5857
threshold=4.1023669242858896 0 -0.30041381716728205 -0.83753159642219532 0.15450000017881396 -86.006050109863267 1.0000000180025095e-35 56.761695861816413 -0.22500000149011609 -0.18500000238418576 2.4793018102645878 185.94248962402347 0.42909553647041326 100.14503097534181 0.54000002145767223 516.84207153320324 252.50000000000003 -0.90013122558593739 -0.62499999999999989 0.038674917072057731 285.29481506347662 249.83755493164065 1 0.64250001311302196 0.32790680229663854 0.23441465198993686 -0.56213873624801625 -1.0000000180025095e-35 277.53517150878912 78.500000000000014
decision_type=2 1 2 2 2 2 10 2 2 2 2 2 2 2 2 2 10 2 2 2 2 2 1 2 2 2 2 2 2 2
left_child=-1 3 4 18 5 -3 15 8 10 -10 -8 12 13 -6 19 -7 -4 -11 -2 20 29 -22 -20 -24 25 26 27 28 -19 -5
right_child=1 2 16 14 11 6 7 -9 9 17 -12 -13 -14 -15 -16 -17 -18 24 22 -21 21 -23 23 -25 -26 -27 -28 -29 -30 -31
leaf_value=-0.023659592011426509 0.021077182272621411 0.041483118280091158 -0.011601155896992633 0.011402250343676604 0.033904624910635943 0.0035369588839961677 -0.025640134315633202 -0.018823669459139991 0.050039047203235196 -0.013077438737669613 0.013697492474844142 0.033404208263360054 -0.022477758177462805 -0.021636124379896808 0.03125126534882116 0.030879966867843136 0.037497378128428474 -0.017856306866335409 -0.018169256862961447 -0.00189372719305636 -0.0073622922246886335 0.0099274376537841786 -0.0033205804663580031 0.046154131157284402 -0.005310117179258428 0.053164622613496963 -0.0051302135164905107 0.065066964206453567 0.043945091148274801 0.030573302086478068
leaf_weight=85.29098834656179 16.565751679241657 10.862515997141598 198.62762578949332 87.491517994552851 11.07167790643871 40.783430330455303 31.069700475782156 41.402823850512505 12.933751553297041 34.474469777196646 13.725088100880383 6.2102243639528742 59.335796095430851 8.8420224264264089 24.215780004858971 31.375241462141275 4.6414751131087533 10.936876144260173 43.940165977925062 114.7518011406064 77.34411858767271 245.46707973629236 69.49396088719368 6.4684985801577559 34.81535642594099 9.3554119169712049 27.088284622877843 5.5790104456245819 9.7720358818769437 48.480018097907305
leaf_count=2826 160 112 4037 616 93 516 559 809 95 562 207 84 1256 128 145 401 112 143 660 1460 643 1658 848 66 416 57 362 50 110 292
internal_value=0.000517756 0.00207649 -0.00271156 0.00596231 0.0010976 0.00431113 0.00284795 -0.00120985 0.00271196 0.0077961 -0.0135512 -0.0106294 -0.0144533 0.00938822 0.0082849 0.0156855 -0.010302 0.00331262 -0.00376351 0.00726251 0.00955183 0.00577495 -0.00734145 0.00127206 0.00917902 0.0171775 0.0100082 0.0252238 0.0119872 0.0184109
internal_weight=1422.41 1337.12 602.903 734.219 399.634 314.174 303.311 231.153 189.75 144.955 44.7948 85.4597 79.2495 19.9137 597.75 72.1587 203.269 132.021 136.468 573.535 458.783 322.811 119.903 75.9625 97.547 62.7316 53.3762 26.2879 20.7089 135.972
internal_count=19483 16657 10109 6548 5960 4399 4287 3370 2561 1795 766 1561 1477 221 4814 917 4149 1700 1734 4669 3209 2301 1574 914 1138 722 665 303 253 908
cat_boundaries=0 1 2
cat_threshold=89 16
is_linear=0
shrinkage=0.03


Tree=48
num_leaves=31
num_cat=1
split_feature=3 32 5 5 29 16 29 16 14 29 14 29 0 18 2 10 10 10 10 10 2 5 3 9 14 10 16 29 2 16
split_gain=59.4833 30.5636 21.5808 19.5056 19.4827 19.3418 15.5504 15.4892 11.9837 13.9968 16.6397 13.2914 11.9697 17.4315 17.1183 11.5385 21.2133 10.266 10.2446 19.3567 14.8448 12.3774 20.115 15.002 14.9624 19.1658 16.2669 14.6545 13.1385 11.2829
threshold=4.1023669242858896 0 -0.30041381716728205 -0.78753387928009022 76.151096343994155 1.1360246539115908 84.152141571044936 1.6889299750328066 -0.11999999731779097 76.836559295654311 -0.3299999982118606 78.715969085693374 125.10023117065431 1.0548399686813357 236.76277160644534 -0.1950000002980232 -0.18500000238418576 -0.84499999880790699 0.47500000894069677 0.38499999046325689 168.41275787353518 -0.75976759195327748 488.71522521972662 -17.290289878845211 -0.53999999165534962 -0.044999999925494187 -0.55096751451492298 78.088207244873061 189.30069732666018 -0.074701867997646318
decision_type=2 1 2 2 2 2 2 2 2 2 2 2 2 2 2 2 2 2 2 2 2 2 2 2 2 2 2 2 2 2
left_child=-1 3 4 17 15 8 7 12 9 -4 -11 -12 14 -14 18 -3 -17 -2 19 21 -20 24 23 27 -6 26 -26 29 -27 -23
right_child=1 2 5 -5 6 -7 -8 -9 -10 10 11 -13 13 -15 -16 16 -18 -19 20 -21 -22 22 -24 -25 25 28 -28 -29 -30 -31
leaf_value=-0.024163523611204465 0.02210889632548544 -0.027066039586137597 -0.017313756179182863 0.0086542520107679884 -0.027777117462737519 0.016200734102473455 -0.019876961336275499 0.041008446949990118 -0.020379452338978091 -0.0078083959338218888 0.061979517019578455 0.0049056687522179591 0.054697596318611083 -0.001745491711780613 -0.010164701180143714 0.03916624219751081 -0.0094126487973795261 -0.0050461109209913096 -0.023639160095665256 0.052342492368145963 0.019924004840961362 0.044839285878945381 0.064931550269757499 -0.013933349935339871 -0.013939748317089044 -0.016342025665923399 0.042684434603698071 -0.0018824591407562645 0.024740975177333143 0.0078834393632594615
leaf_weight=83.121488442644477 12.618826825171707 25.69955625757575 37.438382528722286 565.85772636160254 13.508367281407116 20.17705306597054 20.218815166503191 10.44121617078781 110.45430415682495 21.905566805973649 6.2995959185063821 7.7688783295452595 9.3173500187695044 9.3064361177384836 61.153498355299234 8.0495734289288503 76.020425509661436 157.49606252461672 18.592822851613168 8.6585196629166585 10.071700382977722 19.836873143911358 6.1747594252228728 15.09751710668206 5.6796417832374599 29.062411706894643 16.044245719909661 18.52217485755682 8.1816038377583009 12.339825421571733
leaf_count=2813 121 588 932 4548 246 308 337 114 2394 368 98 114 92 113 880 53 1345 1879 350 93 131 192 52 246 95 427 174 179 111 167
internal_value=0.000308908 0.00184157 -0.00313414 0.00589987 0.000852138 -0.011106 0.0048995 0.00680737 -0.014174 -0.00468908 0.00856241 0.0328794 0.00529104 0.0278409 0.0034552 -0.00986895 -0.00435557 -0.00291437 0.00806792 0.0111426 -0.00817695 0.00833011 0.017052 0.0116538 -0.000445151 0.00617485 0.0279183 0.0193955 -0.00690615 0.0313315
internal_weight=1425.12 1341.99 606.021 735.973 401.977 204.044 292.208 271.989 183.867 73.4124 35.974 14.0685 261.548 18.6238 242.924 109.77 84.07 170.115 181.77 153.106 28.6645 144.447 71.9711 65.7964 72.4763 58.9679 21.7239 50.6989 37.244 32.1767
internal_count=19560 16747 10199 6548 5985 4214 3999 3662 3906 1512 580 212 3548 205 3343 1986 1398 2000 2463 1982 481 1889 836 784 1053 807 269 538 538 359
cat_boundaries=0 1
cat_threshold=89
is_linear=0
shrinkage=0.03


Tree=49
num_leaves=31
num_cat=1
split_feature=3 32 9 12 10 29 12 16 12 12 28 16 2 10 12 23 2 12 3 5 12 16 8 5 17 17 9 16 12 29
split_gain=64.2322 30.5933 18.7166 16.5076 16.4061 13.8606 14.8693 12.1817 11.7259 20.6809 11.3282 10.3698 21.2058 22.2071 15.3186 10.2927 10.2071 9.98523 13.5901 18.5756 24.2117 14.0096 11.6943 20.0637 17.0243 11.5384 9.96142 9.89908 9.8856 12.3789
threshold=18.527454376220707 0 59.953744888305671 0.15049999952316287 1.1600000262260439 75.655178070068374 0.14050000160932544 1.0861150026321413 0.50899998843669902 0.52799999713897716 24.009605407714847 -0.71760207414627064 589.97830200195324 1.0349999666213991 -0.46099999547004694 1.0000000180025095e-35 184.48174285888675 -0.48800000548362726 134.43284606933597 -0.8126716911792754 -0.39300000667572016 0.45968239009380346 4.0263273715972909 -0.30041381716728205 -0.48386885225772852 -0.77695557475090016 -22.570696830749508 -0.22263643890619275 0.06749999895691873 76.484970092773452
decision_type=2 1 2 2 2 2 2 2 2 2 2 2 2 2 2 2 2 2 2 2 2 2 2 2 2 2 2 2 2 2
left_child=26 2 3 5 11 -2 7 17 10 -10 -5 12 13 14 16 -4 -3 -7 -19 20 -20 22 23 -21 -24 27 -1 -22 29 -9
right_child=1 4 15 8 -6 6 -8 28 9 -11 -12 -13 -14 -15 -16 -17 -18 18 19 21 25 -23 24 -25 -26 -27 -28 -29 -30 -31
leaf_value=-0.00074866425336510354 -0.012818870181167777 0.045186318086846367 -0.024805565626991325 -0.029085408966447724 -0.021520250108365311 -0.0195050103294892 0.0507266774406058 0.030749931221979998 0.030676383902917492 -0.019838826193453205 0.022734934493761981 0.0072240548400171198 0.039866162384591168 0.038667276330289768 -0.0085223865883784639 0.011750966325033856 0.0014755207387065199 -0.014361311611019287 0.035486394479861044 0.02258082936754079 -0.025804299333483913 -0.010333567511999863 0.067808636001866304 -0.0234919284504993 0.011406007687430268 -0.029641069734904508 -0.025162773726044096 0.027071470048236602 0.052699464469630038 -0.0081823597835709947
leaf_weight=17.816947827115655 51.461626572534442 7.1538643501698997 53.680887445807457 40.309711998328567 19.743196595460176 20.095335356891155 5.0526846796274176 13.447520110756161 11.016539730131628 17.559943612664938 3.4494525715708724 690.15516434237361 10.031812649220226 9.901223346590994 158.70510656759143 7.3382003754377356 11.888892423361538 33.286386102437973 8.1919580549001676 38.107684120535851 4.3801798224449158 15.040757929906247 9.2005332522094267 9.9939830899238569 10.052263889461754 25.674948621541262 97.767616605386138 6.8898613266646844 5.5794405005872241 14.291999556124209
leaf_count=537 967 62 1362 1048 273 339 59 144 61 488 75 5944 62 73 1692 175 96 712 41 461 94 249 103 199 156 495 3339 82 81 161
internal_value=-9.79015e-05 0.00179749 -0.00499812 -0.00237245 0.00482729 0.00104368 0.00434034 0.00301572 -0.0149986 1.40818e-05 -0.0245838 0.00549106 -0.000565183 -0.00292653 -0.00544682 -0.0202907 0.0193317 -9.22751e-05 0.00243902 0.00690159 -0.00844716 0.0153103 0.0211041 0.0127249 0.040377 -0.0188672 -0.0214381 0.00609276 0.0194024 0.0111044
internal_weight=1427.27 1311.68 404.102 343.083 907.579 270.747 219.286 214.233 72.3356 28.5765 43.7592 887.836 197.681 187.649 177.748 61.0191 19.0428 180.914 160.819 127.532 45.1369 82.3952 67.3545 48.1017 19.2528 36.945 115.585 11.27 33.319 27.7395
internal_count=19630 15754 7552 6015 8202 4343 3376 3317 1672 549 1123 7929 1985 1923 1850 1537 158 2931 2592 1880 712 1168 919 660 259 671 3876 176 386 305
cat_boundaries=0 1
cat_threshold=6
is_linear=0
shrinkage=0.03


Tree=50
num_leaves=31
num_cat=1
split_feature=3 29 16 12 31 12 14 14 9 12 29 5 5 9 28 14 14 5 3 4 4 12 7 16 14 7 14 12 9 12
split_gain=54.5086 24.8143 17.3879 11.6567 11.5343 19.5701 32.1907 31.2569 27.4067 19.489 20.7514 19.0752 19.0038 23.6594 18.0953 16.7615 16.703 16.18 12.1968 19.779 34.0742 17.0285 14.7157 11.6374 11.6335 19.9021 17.577 13.7563 30.1923 13.8164
threshold=4.1023669242858896 75.522090911865249 -1.4215446114540098 -0.41899999976158137 0 -0.19049999862909314 0.2950000017881394 0.35999999940395361 25.02580547332764 0.26000000536441809 79.001594543457045 -0.93404099345207203 -0.88134551048278797 -67.805557250976548 18.43215370178223 -0.49499998986721033 -0.53999999165534962 -0.38118652999401087 488.71522521972662 17.500000000000004 51.500000000000007 0.1670000031590462 -17.353397369384762 0.27630940079689031 -0.1950000002980232 29.612907409667972 1.0000000180025095e-35 -0.33699999749660486 -145.89054870605466 0.046000000089406974
decision_type=2 2 2 2 1 2 2 2 2 2 2 2 2 2 2 2 2 2 2 10 10 2 2 2 2 2 2 2 2 2
left_child=-1 -2 3 -3 12 7 11 17 14 -8 -11 -7 13 16 -9 -14 -4 -6 19 22 -21 -20 -13 -18 25 -17 -26 28 -28 -29
right_child=1 2 4 -5 5 6 9 8 -10 10 -12 18 15 -15 -16 24 23 -19 21 20 -22 -23 -24 -25 26 -27 27 29 -30 -31
leaf_value=-0.023772829065995128 -0.014831559633178316 0.0190795700713434 0.058157579752206583 -0.016124808688807005 0.0058937610564609609 -0.020662897887115651 -0.028405464918143844 -0.0019522970006881054 -0.0084995553739800125 -0.019310770427524875 0.016489741908415834 -0.018134295452379833 -0.0057922913841880223 -0.017922803396435476 0.045147083141652 0.027742723841632073 -0.014742356764734394 -0.017218532883682511 0.029743494229125179 0.044079001717438338 -0.020572375122630951 -0.012686503882414235 0.0033263499547617663 0.028784521460151414 -0.0080362746566459611 0.00018039461395614469 0.043086881620989941 0.020973137991807392 -0.014476036884896671 0.007179094019228162
leaf_weight=79.01558899320662 75.833318080753088 8.9061973094940168 5.47618065401912 62.582756962627172 102.65859014540911 27.179906159639359 60.126696648076177 8.9247903581708652 15.941575992852448 32.941845748573542 24.57142292521894 40.339139141142368 64.692435625940561 55.781422760337591 38.371252397075295 73.674219762906432 12.750558324158193 35.98799379914999 33.501244738698006 21.060766981914643 10.268536098301409 10.666204575449227 93.719879150390625 8.2569180093705636 53.008967904374003 34.477452002465725 9.1208726316690427 116.22591635771096 42.335147134959698 151.44084715284407
leaf_count=2794 1669 91 57 1058 1199 490 1170 88 240 797 271 596 669 874 351 585 212 629 405 228 286 130 1360 117 462 226 48 822 378 1081
internal_value=0.000276392 0.00172106 0.00273227 -0.0115363 0.00360317 0.000387817 -0.00384999 0.00782804 0.0251274 -0.0166058 -0.00399528 0.00253188 0.00634237 -0.00693331 0.036403 0.00847155 0.0160233 -0.000185755 0.00562414 0.00183914 0.0229079 0.0194429 -0.00321774 0.0028963 0.0104009 0.0190383 0.00784631 0.0105014 -0.0036458 0.0132245
internal_weight=1409.84 1330.82 1254.99 71.489 1183.5 556.26 354.376 201.884 63.2376 117.64 57.5133 236.736 627.241 82.2651 47.296 544.976 26.4837 138.647 209.556 165.388 31.3293 44.1674 134.059 21.0075 480.283 108.152 372.132 319.123 51.456 267.667
internal_count=19383 16589 14920 1149 13771 8240 5733 2507 679 2238 1068 3495 5531 1260 439 4271 386 1828 3005 2470 514 535 1956 329 3602 811 2791 2329 426 1903
cat_boundaries=0 1
cat_threshold=3
is_linear=0
shrinkage=0.03


Tree=51
num_leaves=31
num_cat=1
split_feature=2 32 9 12 22 4 17 10 14 12 29 10 10 12 24 6 12 13 18 2 10 11 13 14 17 29 16 29 12 4
split_gain=41.9748 20.9019 21.3727 19.4354 14.2234 13.0446 12.6938 12.6785 27.9809 11.8305 35.0237 19.0037 21.0472 16.7273 15.9502 20.2241 16.3104 15.9821 14.813 11.037 10.6611 10.6124 10.5671 10.4443 10.9222 20.5205 13.0796 10.1207 12.7934 14.8659
threshold=23.066596984863285 0 59.953744888305671 0.078999999910593047 1.0000000180025095e-35 1.5000000000000002 -0.73769435286521901 0.31000000238418585 0.37500000000000006 0.054500000551342971 76.34873199462892 -0.1950000002980232 -0.18500000238418576 -0.17249999940395352 1.0000000180025095e-35 -0.50943501293659199 -0.56650000810623158 38.500000000000007 0.40214560925960546 88.268642425537124 -0.044999999925494187 63.500000000000007 33.500000000000007 0.024999999441206459 -0.40205584466457361 76.49637603759767 0.32726836204528814 76.73075103759767 0.14050000160932544 2.5000000000000004
decision_type=2 1 2 2 2 10 2 2 2 2 2 2 2 2 2 2 2 2 2 2 2 2 2 2 2 2 2 2 2 8
left_child=4 2 3 9 -1 6 22 27 19 11 -11 -2 -13 14 15 16 -14 18 -18 -9 -17 -15 -3 -19 25 -25 -26 -5 29 -29
right_child=1 5 -4 7 -6 -7 -8 8 -10 10 -12 12 13 21 -16 20 17 23 -20 -21 -22 -23 -24 24 26 -27 -28 28 -30 -31
leaf_value=-0.020458666966443044 -0.014533444038576274 0.023517476793207114 -0.02046588064923659 -0.027422223804556212 0.0146454522243415 0.0011754277924476942 0.0109141059807838 0.049781433865961885 -0.020494590530924298 -0.027594478171254239 0.066809990497648172 0.039854298278779128 -0.023706583576344774 0.025664479458804665 0.035434328287851605 0.015244895328539877 0.032789275817185055 -0.0067675469091172114 -0.025290360174874259 0.0026524829474757093 -0.029315217301824476 -0.017430743863601487 -0.0086603126678858056 0.064880908163493123 -0.0089308062347885561 0.0062922920174643369 0.039431052071881564 0.06586038218666794 -0.020674272936658578 -0.007795479835205496
leaf_weight=104.55678501352668 48.016659049317241 9.972423851490019 59.391720900312066 45.44282247312367 10.810999633744357 521.33574501983821 319.77860730886459 9.3563855588436144 21.680741343647242 5.1291129700839502 7.924499873071909 14.609776549041269 9.0416794903576356 4.9932623468339434 16.856204809620976 5.7087367624044445 4.7564073279500034 7.1549116075038901 11.778792966157196 8.0796719007194024 18.652452930808067 39.48068212904036 55.83412628993392 14.979751596227283 10.407068941742191 8.4627944417297822 8.242629222571848 3.3010000176727781 13.013461168855427 5.3496644385159025
leaf_count=3571 1021 76 1529 1169 326 5045 2453 48 638 87 78 98 131 71 109 65 30 101 187 80 298 915 523 129 175 78 58 57 304 113
internal_value=0.000195585 0.00172959 -0.00391346 -0.00110521 -0.0170715 0.00422784 0.00845054 -0.0117018 0.00186473 0.00368961 0.0303919 0.00199893 0.00658863 0.00333286 0.00931381 0.00456534 0.0122813 0.0175087 -0.0076664 0.0292709 -0.0186837 -0.0121343 -0.00350501 0.0259459 0.0315346 0.0448531 0.0133627 -0.019521 -0.00246872 0.0242229
internal_weight=1424.1 1308.73 401.811 342.419 115.368 906.921 385.585 106.224 39.1168 236.195 13.0536 223.142 175.125 160.515 116.041 99.1852 74.824 65.7824 16.5352 17.4361 24.3612 44.4739 65.8066 49.2472 42.0922 23.4425 18.6497 67.1069 21.6641 8.65066
internal_count=19563 15666 7569 6040 3897 8097 3052 2409 766 3631 165 3466 2445 2347 1361 1252 889 758 217 128 363 986 599 541 440 207 233 1643 474 170
cat_boundaries=0 1
cat_threshold=6
is_linear=0
shrinkage=0.03


Tree=52
num_leaves=31
num_cat=0
split_feature=2 4 8 6 16 17 0 1 17 1 17 18 14 7 6 16 16 18 14 11 8 18 16 28 9 2 28 16 6 28
split_gain=49.6904 19.1044 17.2188 13.7339 18.5362 12.9161 10.4522 9.50106 11.9838 9.15171 8.94914 14.3976 9.19626 8.54686 18.6442 20.3688 16.9148 23.8783 15.759 14.8648 13.219 13.0202 10.2553 8.52895 14.9014 8.30452 8.30023 15.0906 8.2966 11.4698
threshold=24.145714759826664 2.5000000000000004 -10.485037803649901 -0.68159639835357655 -0.22263643890619275 1.6090713143348696 42.344842910766609 22.974452972412113 -0.6322750151157378 28.210255622863773 -1.1955825090408323 1.5455672740936282 -0.99500000476837147 -46.873422622680657 -0.97606927156448353 1.0767213106155398 0.01979032997041941 1.1906099915504458 0.40500000119209295 71.000000000000014 -75.131702423095689 0.9316869080066682 -0.70139330625534047 22.726541519165043 -36.876764297485344 199.53227233886722 22.590013504028324 0.49182637035846716 -0.92772412300109852 22.987782478332523
decision_type=2 8 2 2 2 2 2 2 2 2 2 2 2 2 2 2 2 2 2 2 2 2 2 2 2 2 2 2 2 2
left_child=10 5 3 6 -5 -2 13 25 -9 -10 11 -1 -12 19 15 -15 17 18 22 21 -18 -3 -16 24 -4 -6 27 -11 29 -21
right_child=1 2 23 4 7 -7 -8 8 9 26 12 -13 -14 14 16 -17 20 -19 -20 28 -22 -23 -24 -25 -26 -27 -28 -29 -30 -31
leaf_value=0.053413971446195335 0.00611525878613812 0.0065764002332105295 0.014195775264099339 -0.018279806303516499 -0.021581829429754125 -0.020940951872281944 0.021170462932033628 0.028186235908802412 0.033151180932161163 -0.016598088904421181 0.020889145649210662 -0.012409053399744059 -0.023499976366728102 -0.018444540358460923 0.014471575000690001 0.027076429641977706 0.028191704315861536 -0.0047905525604197809 -0.013341022109414988 0.036047759319208179 -0.016153805910627383 0.051115268834133566 0.052865909255061051 -0.00313217669371854 -0.018253121139275835 0.019838699283644377 -0.014347583259876267 0.046302765842451174 -0.0089653253935340054 -0.0097713249212199784
leaf_weight=2.891037279739975 607.39306058175862 11.128217943012716 13.866769101470707 59.056132461875677 18.549445917829875 15.347367778420447 34.31325476244092 19.676787998527288 5.5936275515705338 6.2085105180740339 3.6434958968311539 11.961179295554755 99.371443120762706 59.397676136344671 10.149324819445612 9.4575236998498422 6.5675757918506852 24.510476592928171 5.1348323933780184 10.541719458997251 29.893966510891914 12.458940282464026 20.766584903001785 146.16964408010244 97.974132969975471 4.7549971267580977 26.2227693349123 5.745344115421176 25.413817811757326 7.9643628038465968
leaf_count=65 6200 90 199 1002 317 193 261 230 72 117 116 396 3437 1038 134 82 49 395 107 62 455 106 180 1549 1915 78 312 71 206 77
internal_value=-6.84615e-05 0.00163518 -0.00187381 0.00192117 -0.0054634 0.00541596 0.00594869 0.00337027 0.00936408 0.000462052 -0.018632 0.00296487 -0.0217443 0.00362995 -5.13122e-05 -0.011894 0.00838879 0.0179984 0.0332035 0.0125442 -0.00762682 0.0312243 0.0411099 -0.00793984 -0.0141397 -0.0126619 -0.00505149 0.0148744 0.00204032 0.0168388
internal_weight=1412.12 1294.26 671.516 413.506 145.808 622.74 267.698 86.7515 63.447 43.7703 117.867 14.8522 103.015 233.385 165.878 68.8552 97.0228 60.5612 36.0507 67.5071 36.4615 23.5872 30.9159 258.011 111.841 23.3044 38.1766 11.9539 43.9199 18.5061
internal_count=19511 15497 9104 5441 2199 6393 3242 1197 802 572 4014 461 3553 2981 2440 1120 1320 816 421 541 504 196 314 3663 2114 395 500 188 345 139
is_linear=0
shrinkage=0.03


Tree=53
num_leaves=31
num_cat=1
split_feature=3 29 16 12 32 12 10 17 10 2 5 14 2 5 29 3 10 12 10 14 29 12 12 2 10 10 14 29 18 8
split_gain=44.2448 25.6176 19.653 12.1894 11.6585 21.0185 20.475 20.7845 19.6893 17.8056 17.6584 15.3677 14.3723 14.6588 20.5671 14.2281 12.1926 11.8257 18.0231 14.1998 27.0503 15.598 14.6454 12.8704 19.5633 17.2716 19.3716 15.2744 25.3008 21.2577
threshold=4.1023669242858896 75.522090911865249 -1.4215446114540098 -0.50149999558925618 0 -0.33699999749660486 -0.34499999880790705 0.16287712007761004 -0.1950000002980232 262.31149291992193 -0.42028589546680445 -1.0349999666213987 37.677106857299812 -0.90013122558593739 86.164299011230483 688.14999389648449 0.24000000208616259 -0.17249999940395352 0.66999998688697826 0.49499998986721044 78.088207244873061 0.1970000043511391 0.26000000536441809 275.49830627441412 -0.24499999731779096 -0.060000000521540635 0.10999999940395357 76.34873199462892 1.1728448867797854 -72.522434234619126
decision_type=2 2 2 2 1 2 2 2 2 2 2 2 2 2 2 2 2 2 2 2 2 2 2 2 2 2 2 2 2 2
left_child=-1 -2 3 -3 5 8 7 -7 10 11 -4 -9 16 14 15 -14 -8 23 19 21 -21 -19 -22 24 -6 -26 -27 28 -28 -29
right_child=1 2 4 -5 17 6 12 9 -10 -11 -12 -13 13 -15 -16 -17 -18 18 -20 20 22 -23 -24 -25 25 26 27 29 -30 -31
leaf_value=-0.022899512884065009 -0.016281049195329883 0.022245526939794352 -0.010764952347355385 -0.017932297397568533 -0.016306902888771194 -0.015176077436336739 0.079512125508509043 0.036147480455170647 -0.01387365159980225 0.037111061568774133 0.02965427877948195 -0.017168466352987671 0.023359240651683311 0.012459360466438035 0.036071012023963046 -0.026594616592333403 0.013953732767757767 0.0009278946045589145 -0.021923277627581981 -0.020018042304273814 0.0011351194610790506 -0.015016045455876557 0.057478966951003942 -0.010492599034408743 0.036410447940584408 -0.0075191830907018007 0.0060717069926057559 0.054957890662486984 0.065846389826996379 0.0029101179175751502
leaf_weight=74.488804196938872 74.328698288649321 6.76047059893608 16.610117513686419 62.142986539751291 25.107778076082468 57.979631191119552 4.1273282226175052 5.5526941791176787 81.528559913858771 15.207966316491364 21.171796388924122 17.965234575793151 5.5156894959509399 336.63003519549966 7.1063390150666228 26.009995810687542 6.1495651341974735 201.71642692573369 42.838972793892026 9.9098134599626082 6.1430829539895084 74.986435607075691 12.078353606164454 40.286677921190858 21.117907930165529 48.706291776150465 13.368113309144976 6.9034082107245913 11.584374627098439 67.707843791693449
leaf_count=2786 1697 63 147 1052 457 668 80 36 779 91 124 269 91 2110 62 449 121 3111 915 289 84 1292 125 531 247 610 164 53 123 805
internal_value=-0.000558554 0.000711584 0.00173185 -0.0137284 0.00264238 0.00551951 0.00839753 -0.00391304 -0.00562757 0.0129073 0.0120653 -0.00361942 0.0114876 0.0104527 -0.00690641 -0.0174053 0.0449989 -0.000420852 -0.00393654 -0.00134541 0.0185864 -0.00343142 0.0395308 0.00476205 0.00795932 0.0116308 0.0078812 0.0154149 0.0352904 0.008389
internal_weight=1401.73 1327.24 1252.91 68.9035 1184.01 601.555 482.244 96.7055 119.31 38.7259 37.7819 23.5179 385.539 375.262 38.632 31.5257 10.2769 582.455 347.673 304.834 28.1313 276.703 18.2214 234.782 194.496 169.388 148.27 99.5637 24.9525 74.6113
internal_count=19431 16645 14948 1115 13833 5027 3977 1064 1050 396 271 305 2913 2712 602 540 201 8806 5816 4901 498 4403 209 2990 2459 2002 1755 1145 287 858
cat_boundaries=0 1
cat_threshold=25
is_linear=0
shrinkage=0.03


Tree=54
num_leaves=31
num_cat=1
split_feature=3 32 12 10 16 3 29 14 5 5 2 5 10 12 3 29 16 29 28 14 10 12 14 9 14 17 1 5 2 12
split_gain=45.4674 26.3038 20.0836 17.9486 18.0053 15.7905 22.8495 14.7528 17.2129 13.3806 13.159 16.1588 12.9906 13.5933 12.8898 12.485 14.8623 11.4662 10.9551 17.5634 21.5532 10.8113 10.7875 11.1759 10.2692 26.5689 24.7866 15.8202 16.9846 23.0609
threshold=4.1023669242858896 0 -0.17249999940395352 -0.23499999940395352 -0.32504084706306452 524.65634155273449 78.715969085693374 0.2950000017881394 -0.93404099345207203 -0.83753159642219532 234.51697540283206 -0.88134551048278797 0.080000001937150969 0.13799999654293063 681.10702514648449 76.151096343994155 1.2043771743774416 77.440567016601577 19.008403778076175 0.60499998927116405 0.66999998688697826 0.13350000232458117 -0.59499999880790699 69.583843231201186 -0.27499999105930323 0.16287712007761004 214.36537170410159 0.038674917072057731 12.1929087638855 -0.045499999076127999
decision_type=2 1 2 2 2 2 2 2 2 2 2 2 2 2 2 2 2 2 2 2 2 2 2 2 2 2 2 2 2 2
left_child=-1 9 3 5 -5 -3 -7 8 -4 14 -6 -12 13 15 -2 -10 21 -16 -9 -20 -21 -17 23 -11 25 -24 -27 -26 29 -29
right_child=1 2 7 4 10 6 -8 18 12 22 11 -13 -14 -15 17 16 -18 -19 19 20 -22 -23 24 -25 27 26 -28 28 -30 -31
leaf_value=-0.023474693695248437 0.011470087580795828 -0.026978938405169933 -0.027120733459504789 -0.0062531027545269131 0.017254620135809862 -0.020827029283745045 0.056571804311057995 -0.027648998928197093 -0.016753552126254973 -0.012245961995424496 0.021604943109391938 -0.025676572262283402 0.013359285082737175 -0.021049591148015322 -0.018137262386881951 -0.0015360420053564792 0.041214607449199248 0.0020780500353375238 -0.022591464736796244 0.048623690986745391 -0.0093304118515719747 0.043224593147974354 0.0024677243891919765 0.020183225152400844 0.0084170901801594016 0.042563342622129671 -0.0072286242715045778 -0.021438761226648714 -0.0091983343649114074 0.09605524144789658
leaf_weight=72.454621260985732 35.253081742674112 28.984715992584825 25.708845866844058 67.22013751603663 107.37008561007679 7.1940215043723565 4.9827837646007538 51.903114818036556 31.724042229354382 46.806214060634375 10.009387809783222 15.015841007232664 41.211502062156796 36.986233806237578 57.043353959918022 87.250127920880914 8.0688213706016523 44.368760749697685 32.069992918521166 7.8172456137836006 16.028061211109161 4.1398869287222615 62.001746241003275 11.006122950464485 354.12702238559723 39.538423828780651 11.226874627172945 2.2043696232140064 81.676373774185777 2.3129385877400628
leaf_count=2772 420 625 589 1073 1136 141 54 1596 725 499 154 234 558 773 865 1338 87 454 555 117 308 68 541 94 2303 258 65 63 934 73
internal_value=-0.000497236 0.000770017 -0.00396699 0.0026006 0.00633013 -0.0152071 0.0127345 -0.00868801 -0.00443859 0.00446232 0.0127179 -0.00666179 -0.00153789 -0.00524598 -0.00394176 -0.000664703 0.00458279 -0.00935894 -0.0178276 -0.00838529 0.0108611 0.000937478 0.0064187 -0.00583399 0.00770765 0.0157562 0.0316248 0.00561537 -0.00586003 0.0452263
internal_weight=1403.7 1331.25 583.685 240.777 199.615 41.1615 12.1768 342.908 235.089 747.565 132.395 25.0252 209.381 168.169 136.665 131.183 99.4588 101.412 107.818 55.9153 23.8453 91.39 610.9 57.8123 553.088 112.767 50.7653 440.321 86.1937 4.51731
internal_count=19472 16700 10131 3417 2597 820 195 6714 4138 6569 1524 388 3549 2991 1739 2218 1493 1319 2576 980 425 1406 4830 593 4237 864 323 3373 1070 136
cat_boundaries=0 1
cat_threshold=89
is_linear=0
shrinkage=0.03


Tree=55
num_leaves=31
num_cat=0
split_feature=5 4 8 10 3 2 4 10 10 16 8 8 4 1 9 12 28 10 12 16 28 28 12 10 10 28 5 16 5 2
split_gain=43.5311 16.2305 18.4937 20.839 13.3368 13.3004 12.6219 13.8741 12.109 11.6698 13.5502 11.4655 10.6961 9.99865 11.7187 16.2484 9.99638 9.76464 13.7092 11.1009 10.7092 11.6026 9.76303 21.0976 11.8215 10.2414 13.0591 9.69207 9.48156 9.24306
threshold=0.3732354491949082 2.5000000000000004 -72.522434234619126 -0.32500000298023218 271.45259094238287 327.38676452636724 254.50000000000003 0.72500002384185802 0.32999999821186071 -1.4215446114540098 2.5002347230911259 77.626277923583999 32.500000000000007 81.056632995605483 99.756767272949233 0.11699999868869783 25.658441543579105 -0.11499999836087225 0.50899998843669902 -0.22263643890619275 25.503168106079105 18.63957500457764 -1.0000000180025095e-35 0.12499999627470972 0.2100000008940697 22.87558746337891 -0.38118652999401087 -1.1924016475677488 0.12431468442082406 264.62896728515631
decision_type=2 8 2 2 2 2 10 2 2 2 2 2 8 2 2 2 2 2 2 2 2 2 2 2 2 2 2 2 2 2
left_child=1 13 4 5 8 -4 7 9 -3 -5 12 -7 17 -1 15 16 22 -11 19 27 21 -21 24 -24 -15 26 -26 -19 -23 -18
right_child=-2 2 3 6 -6 11 -8 -9 -10 10 -12 -13 -14 14 -16 -17 29 18 -20 20 -22 28 23 -25 25 -27 -28 -29 -30 -31
leaf_value=-0.0010522806760949756 -0.017220202956614698 0.0058993835657133288 -0.019350796648910758 -0.025795823119148038 0.0020526533648712497 0.029157424097221111 0.044246181046765712 -0.016193597384452616 0.039915402820855442 0.01920957363676485 -0.0063417954468800919 -0.018856063276533625 -0.020391565297849482 0.0057024657175218227 -0.00020670100389846887 0.00021610629859065338 -0.012207647951052711 0.022188678487441695 0.025100926206017567 -0.010106358456018467 -0.012775244265647268 0.013161233164681072 0.04100843761601887 -0.012826872709859022 0.020080707205784292 0.0097139839474133238 0.058359477488149424 -0.01327664395894569 0.050339903286010908 0.016834076845046016
leaf_weight=168.08821170590818 119.2221309337765 18.459479343146086 97.856882303953171 13.612085664644836 74.779337691143155 9.6442793887108582 4.5164429675787678 49.599059214815497 19.134728021919727 46.949412254616618 128.25583476759493 6.831055585294961 12.490277469158171 75.597047509625554 126.38429812341928 95.536768011748791 20.883376516401768 6.9923066943883887 23.129168907180429 16.757844680920243 19.091618988662958 58.920003022998571 32.882808141410351 7.6194881275296202 26.37171427346766 31.344723522663116 11.866388600319622 55.28760514035821 6.1514499988406888 16.95929066836834
leaf_count=2044 3946 168 1814 281 862 89 104 903 144 490 1626 75 309 767 1173 960 198 94 287 255 198 683 263 67 221 226 96 858 69 141
internal_value=4.13389e-05 0.00165879 -0.0015744 -0.00381994 0.0094734 -0.0151758 -0.000853228 -0.00141898 0.0237985 0.000508262 0.00153179 0.00931009 0.0056497 0.00517825 0.00752643 0.0105807 0.0149899 0.00712509 0.00399389 0.000867902 0.00699054 0.0117007 0.0178401 0.0308156 0.0140341 0.0228769 0.0331443 -0.00900715 0.0173846 0.000905796
internal_weight=1401.22 1281.99 668.459 556.085 112.374 114.332 441.753 437.237 37.5942 387.638 374.026 16.4753 245.77 613.534 445.446 319.062 223.525 233.279 186.33 163.201 100.921 81.8293 185.682 40.5023 145.18 69.5828 38.2381 62.2799 65.0715 37.8427
internal_count=19411 15465 9309 8135 1174 1978 6157 6053 312 5150 4869 164 3243 6156 4112 2939 1979 2934 2444 2157 1205 1007 1640 330 1310 543 317 952 752 339
is_linear=0
shrinkage=0.03


Tree=56
num_leaves=31
num_cat=0
split_feature=3 29 16 12 9 1 28 6 1 16 29 10 13 3 28 14 14 3 14 14 11 14 14 1 2 10 9 16 12 16
split_gain=40.555 17.5161 15.6175 11.0676 11.0374 11.12 10.3266 10.0945 8.82736 9.066 14.331 17.0282 16.9465 18.851 14.9618 14.1927 10.41 10.1281 14.3735 14.555 9.55364 10.0502 9.17512 9.04864 8.69801 8.66877 8.57494 8.39899 8.3191 12.9716
threshold=4.1023669242858896 75.522090911865249 -1.3792461752891538 -0.41899999976158137 -21.851166725158688 1.1240673065185549 18.289889335632328 -0.95380109548568714 433.40080261230474 0.49182637035846716 78.715969085693374 -0.29500000178813929 38.500000000000007 985.18731689453136 18.71020603179932 1.0949999690055849 -0.21499999612569806 435.35032653808599 1.0000000180025095e-35 0.49499998986721044 81.500000000000014 -0.56999999284744252 0.49499998986721044 129.19412231445315 179.67922210693362 1.1600000262260439 22.046154975891117 -0.11209625005722045 -0.31749999523162836 0.01979032997041941
decision_type=2 2 2 2 2 2 2 2 2 2 2 2 2 2 2 2 2 2 2 2 2 2 2 2 2 2 2 2 2 2
left_child=4 27 3 -3 5 -1 7 -4 9 25 11 14 17 15 -11 -14 20 -13 -19 -20 21 -12 -18 -16 -5 -8 -26 -2 -29 -30
right_child=1 2 6 24 -6 -7 8 -9 -10 10 16 12 13 -15 23 -17 22 18 19 -21 -22 -23 -24 -25 26 -27 -28 28 29 -31
leaf_value=-0.017875485695153983 -0.023443854648313053 0.019116554359159568 -0.03020607303719379 -0.024334005275009042 -0.025252862800466441 0.053006266932975547 0.0024608066711301274 -0.0015117710437265346 0.029346477846588996 0.031589009498806039 0.051326222531492487 -0.015141465511066128 0.01962851217284662 -0.025734977246279687 -0.021435690955351024 0.055775571766071112 -0.01838891286125759 -0.016784388884735237 0.053453489716149043 0.00017380418772013805 -0.006240382193526719 0.003284597874571144 0.0058445667079231886 0.010824975629165779 0.019071256124307687 -0.016020182645862833 -0.014808755724841312 0.01458854046912636 0.029903909789099032 -0.022340340349647672
leaf_weight=3.6807844154536715 33.058590294793248 8.8224678225815278 14.085422888398169 37.598983697593212 64.106601852923632 2.5826256833970547 764.50128217227757 41.517709197476506 11.20758832991123 7.3196002151817074 7.0838796012103558 21.572611512616277 135.19118247553706 6.8747791163623324 27.706890182569623 9.979114715009926 37.883073441684246 9.4589812867343444 8.4604131318628806 9.021677026525138 13.289870792999862 7.8912617452442664 21.414706552401185 10.048846947029231 9.8851920589804667 22.556766863912344 16.606305949389935 14.362935259938238 4.3381501697003868 22.12213934212923
leaf_count=135 841 85 312 781 2571 87 8653 754 68 125 72 245 1225 100 459 92 428 100 55 83 149 84 249 107 102 420 228 193 73 593
internal_value=0.000485265 0.00166295 0.00249891 -0.0108862 -0.0215482 0.0146254 0.00332953 -0.00918586 0.00395214 0.00367214 0.00781286 0.0115155 0.0152464 0.020144 -0.00505565 0.0224779 -0.00258651 -0.000199866 0.0118781 0.0274554 0.0121286 0.0278006 -0.00968548 -0.0127916 -0.0152465 0.00191149 -0.00193271 -0.0124365 -0.00317532 -0.0129979
internal_weight=1404.23 1333.86 1259.98 72.9129 70.37 6.26341 1187.07 55.6031 1131.46 1120.25 333.197 245.634 200.559 152.045 45.0753 145.17 87.5628 48.5137 26.9411 17.4821 28.265 14.9751 59.2978 37.7557 64.0905 787.058 26.4915 73.8818 40.8232 26.4603
internal_count=19469 16676 14976 1196 2793 222 13780 1066 12714 12646 3573 2591 1900 1417 691 1317 982 483 238 138 305 156 677 566 1111 9073 330 1700 859 666
is_linear=0
shrinkage=0.03


Tree=57
num_leaves=31
num_cat=1
split_feature=3 32 16 12 5 17 18 18 7 17 29 12 12 5 5 9 12 12 29 14 18 16 28 29 16 17 12 10 3 28
split_gain=45.927 21.3124 20.1911 19.2441 17.8484 16.1527 15.5354 15.1529 14.6231 23.2357 14.618 14.0271 13.4451 12.9376 17.884 16.4086 12.4696 18.1039 12.6352 12.1097 11.7702 14.2471 13.2171 10.3729 9.96609 19.5197 11.9276 13.4438 13.5832 11.8001
threshold=4.1023669242858896 0 -0.22263643890619275 0.26950000226497656 -0.78753387928009022 0.32254585623741155 0.22964722663164142 1.4547299742698672 38.12614822387696 0.28963282704353338 76.013408660888686 0.54000002145767223 -0.37800000607967371 -0.17521348595619199 -0.78753387928009022 46.998497009277351 0.042500000447034843 0.64250001311302196 86.164299011230483 0.20499999821186068 0.72820800542831432 -0.10135374218225478 24.994574546813968 76.836559295654311 -0.37346102297306055 1.660228490829468 -0.46099999547004694 0.74500000476837169 765.48803710937511 22.987782478332523
decision_type=2 1 2 2 2 2 2 2 2 2 2 2 2 2 2 2 2 2 2 2 2 2 2 2 2 2 2 2 2 2
left_child=-1 4 13 5 12 8 -5 -7 9 20 -10 24 -2 14 -3 -16 -14 18 -18 -12 22 -22 -4 -9 26 -26 29 28 -28 -6
right_child=1 2 3 6 11 7 -8 23 10 -11 19 -13 16 -15 15 -17 17 -19 -20 -21 21 -23 -24 -25 25 -27 27 -29 -30 -31
leaf_value=-0.022966740005548401 -0.020674764241046157 -0.018028288465470239 -0.019645659248251943 0.012308890883595542 0.0019272278744266644 -0.01279254989064418 -0.026354804226109283 -0.004781952573908935 -0.0074174556152621224 0.047887347341259552 0.051638575636797551 0.030017278248773566 0.010245032787928552 -0.018935667203198499 0.0089630765285401478 -0.018989119027001462 -0.018753922846535792 0.027788621691324341 0.021706345607313826 0.0054814332228531448 0.040159905049448691 0.0049832076709954596 0.01291896948720616 0.02445409800493531 0.011291559950054635 -0.027429298387042892 -0.006351607647910454 0.02851466380592034 0.020739607297000331 0.046021254292328478
leaf_weight=68.12640349753201 30.727759677916765 53.864116182550788 31.958181228488684 12.310808399692176 11.946211017668249 66.222411744296551 32.350356623530388 21.166843498125672 7.5688502937555304 10.374436013400553 18.058113547042016 24.028545189648867 66.57240492105484 76.938934484496713 86.332189068198204 23.139258870854974 54.527580168098211 10.118525497615336 7.0903019383549681 7.3449709340929976 10.896021476015447 83.842615123838186 16.164856059476733 20.979705335572362 343.82409065589309 11.200641280040143 146.6033790204674 11.876184200868009 17.794252783060074 9.2080916836857778
leaf_count=2765 360 1092 652 123 83 1121 779 376 125 85 210 141 732 1916 1188 434 719 117 65 104 122 1314 173 250 2496 98 1467 83 111 65
internal_value=0.000873671 0.00211582 -0.00219859 0.00247548 0.00542477 0.00526886 -0.015661 -0.0039175 0.0106075 0.00660993 0.0284446 0.00800788 -0.00306089 -0.00887185 -0.00404492 0.00293634 0.000972666 -0.00765477 -0.0138259 0.0390059 0.00330038 0.00940614 -0.00866667 0.0100006 0.00699809 0.00999635 0.00158327 -0.00101861 -0.00331162 0.0223315
internal_weight=1393.16 1325.03 579.513 339.238 745.518 294.577 44.6612 108.369 186.208 153.236 32.9719 576.481 169.037 240.274 163.336 109.471 138.309 71.7364 61.6179 25.4031 142.862 94.7386 48.123 42.1465 552.453 355.025 197.428 176.274 164.398 21.1543
internal_count=19366 16601 10064 5434 6537 4532 902 1747 2785 2346 439 4544 1993 4630 2714 1622 1633 901 784 314 2261 1436 825 626 4403 2594 1809 1661 1578 148
cat_boundaries=0 1
cat_threshold=89
is_linear=0
shrinkage=0.03


Tree=58
num_leaves=31
num_cat=1
split_feature=2 4 9 10 29 16 16 12 14 16 17 12 11 16 17 5 6 17 9 1 12 8 8 31 26 16 16 29 29 29
split_gain=41.5345 18.7747 17.2469 13.3041 13.0207 11.9509 10.8434 10.7829 15.9429 11.3819 12.6358 10.4996 18.7875 10.308 15.2015 14.9951 14.4794 10.2341 12.6524 9.93351 9.73255 10.3035 9.55058 9.53512 16.5518 11.1191 9.02859 14.4662 11.4404 8.59875
threshold=23.066596984863285 2.5000000000000004 -3.4931085109710689 -0.32500000298023218 86.164299011230483 -1.3231350183486936 -1.1924016475677488 0.22399999946355822 0.28000000119209295 -0.70797500014305104 1.3246288299560549 0.37450000643730169 71.000000000000014 -0.19112948328256604 -0.43760488927364344 -0.73172146081924427 -0.9563411772251128 -1.1682549715042112 -23.984628677368161 20.719415664672855 0.1095000021159649 -86.006050109863267 34.365835189819343 0 1.0000000180025095e-35 -0.5375225543975829 -0.62602889537811268 77.084831237792983 76.013408660888686 84.152141571044936
decision_type=2 8 2 2 2 2 2 2 2 2 2 2 2 2 2 2 2 2 2 2 2 2 2 1 2 2 2 2 2 2
left_child=11 7 3 4 20 -5 -7 9 -9 22 -11 17 -13 15 -15 -8 -17 18 -1 -18 21 -3 -2 24 -4 -26 28 -28 -10 -19
right_child=1 2 23 5 -6 6 13 8 26 10 -12 12 -14 14 -16 16 19 29 -20 -21 -22 -23 -24 -25 25 -27 27 -29 -30 -31
leaf_value=0.040585670465945724 -0.0084127078274163977 0.025697695808378742 -0.0063094982778071594 -0.018592461662163783 0.035298536862258256 0.037967943670697162 -0.018553558829726646 -0.026799496995141975 0.049626175503565698 0.011061496107111891 -0.010081161321295299 0.073456414394613867 -0.02370802444314218 0.021500397404013674 0.0035710867336346671 -0.0097536339026969513 0.033969110531125023 -0.025486071691820582 -0.015108056636235163 0.0049140567532541092 -0.026436273146640661 -0.010067844339499711 0.010306186511039966 -0.01430938634392325 0.046610423794086114 0.0032499753157046864 -0.015954611457767699 0.0092996053421318461 0.0038399720322130743 0.026995133725322765
leaf_weight=4.4067195337265721 64.754698403179646 7.8223689422011367 134.88714329153299 17.537579882889986 4.6646022088825694 8.4196937121450883 33.446661185473204 19.20446559228003 6.4391827043145922 387.99366352707148 26.46094186604023 2.1717815045267335 3.3160124402493238 62.020736454054713 132.69798099808395 32.744327541440725 16.49231525324285 82.451501220464706 10.461637973785399 27.888297667726874 26.013532835990191 40.009977877140045 38.143095741048455 100.95825400575995 8.32482265122235 12.782854581251739 36.744630396366119 43.499907176941633 15.013936620205639 2.1271300408989182
leaf_count=102 761 74 1383 321 48 87 572 315 51 3680 283 83 127 618 1578 431 165 3150 386 307 508 596 402 2329 64 124 446 368 149 83
internal_value=0.00045684 0.00192199 -0.00159805 0.00222265 -0.0088083 0.00485579 0.00622155 0.00559572 -0.00245416 0.00747803 0.00969062 -0.0176099 0.0201399 0.0052249 0.00936251 -0.00208011 0.00520995 -0.0198728 0.00291601 0.0162218 -0.0120288 -0.00381238 -0.00144141 -0.00767584 -0.00226325 0.021686 0.00235937 -0.00231855 0.0191809 -0.0238662
internal_weight=1409.9 1304.97 666.711 409.758 78.5105 331.248 313.71 638.255 120.902 517.352 414.455 104.935 5.48779 305.29 194.719 110.572 77.1249 99.447 14.8684 44.3806 73.8459 47.8323 102.898 256.953 155.995 21.1077 101.698 80.2445 21.4531 84.5786
internal_count=19591 15660 9205 5305 1226 4079 3758 6455 1329 5126 3963 3931 210 3671 2196 1475 903 3721 488 472 1178 670 1163 3900 1571 188 1014 814 200 3233
cat_boundaries=0 1
cat_threshold=10
is_linear=0
shrinkage=0.03


Tree=59
num_leaves=31
num_cat=0
split_feature=2 29 10 16 12 16 10 8 3 10 8 4 4 6 3 9 4 17 12 10 10 17 0 17 0 16 0 0 2 18
split_gain=43.5954 15.3103 10.2106 10.1018 9.02481 8.0106 10.0363 9.98019 11.513 11.1325 7.98386 7.54105 11.1654 10.5213 14.7311 9.42762 9.32645 8.74538 8.34313 15.317 10.1578 14.7515 10.3129 9.30401 11.45 9.27642 10.4804 12.6179 8.69165 10.4589
threshold=24.145714759826664 75.522090911865249 1.3499999642372134 -1.3792461752891538 -0.41899999976158137 -0.36812625825405115 0.13499999791383746 24.835453033447269 324.63864135742193 0.32999999821186071 -79.831424713134751 17.500000000000004 3.5000000000000004 -0.97606927156448353 343.37145996093756 -28.624579429626461 50.500000000000007 -0.036470049992203706 0.22399999946355822 1.0000000180025095e-35 -0.22500000149011609 -0.15243946015834806 170.24241638183597 -0.3221799880266189 125.10023117065431 -0.56367722153663624 31.771098136901859 142.87317657470706 165.30381774902347 0.46393503248691564
decision_type=2 2 2 2 2 2 2 2 2 2 2 10 8 2 2 2 10 2 2 2 2 2 2 2 2 2 2 2 2 2
left_child=-1 5 3 4 -3 -2 -7 8 9 -8 -6 12 18 -13 16 -16 -15 -17 20 -20 22 28 23 24 -5 -21 -27 -28 29 -22
right_child=1 2 -4 11 10 6 7 -9 -10 -11 -12 13 -14 14 15 17 -18 -19 19 25 21 -23 -24 -25 -26 26 27 -29 -30 -31
leaf_value=-0.018561768996358505 -0.026568359689647301 0.017260414951807544 -0.024479718604068203 -0.0020959804302730497 0.016028635158066278 -0.018806068269892444 0.027327652037425019 -0.020451365750274467 0.051669797694172834 -0.026960287743883239 -0.017772223129691928 -0.010330002510484767 -0.0015912995218535838 0.038831112363483578 -0.0069802677317785961 -1.2488021826752113e-05 -0.0036308647929302784 0.05518221823633316 -0.026678797195609699 0.019045071134568128 -0.018204042903001018 -0.0022123526783770667 -0.012741002217004183 0.019484378189851936 0.040365088883879477 0.02440184348021773 -0.011899250668969564 0.016988309089239942 0.0037808067353752011 0.02020624726820227
leaf_weight=105.81152867898345 22.44041596353054 9.1526799760758859 11.812939157709478 42.514078037813306 6.4099134095013133 22.861671354621649 6.2626230213791185 6.8005144428461781 5.6669835783541194 5.3960400745272636 48.728287605568767 14.799748711287974 391.67447276599705 25.887955380603675 24.038744239136573 5.2603829577565193 5.4343767613172522 4.0764220524579304 18.308386957272887 22.440360143780708 6.2062971387058488 189.38322064653039 12.692709654569624 108.03155854530632 5.5890463665127745 10.758257014676927 64.025368781760335 16.276237009093165 99.796585997566581 74.027001412585378
leaf_count=4012 604 89 285 502 61 530 97 149 76 132 846 245 4948 314 360 87 128 55 282 187 68 1701 96 1083 45 126 632 107 897 731
internal_value=-0.000144409 0.00138331 0.00216847 0.00244967 -0.00903299 -0.0122186 -0.00495464 0.0083969 0.0202183 0.00205641 -0.0136273 0.00310389 0.00243012 0.0119605 0.0171391 0.00306244 0.0315796 0.0270925 0.00477969 -0.00197304 0.00643395 0.00363035 0.012511 0.0146319 0.0035591 0.00221037 -0.00210011 -0.00590713 0.00975487 0.0170476
internal_weight=1392.56 1286.75 1217.33 1205.51 64.2909 69.4282 46.9878 24.1262 17.3256 11.6587 55.1382 1141.22 1061.72 79.4976 64.6979 33.3755 31.3223 9.33681 670.049 131.809 538.24 369.413 168.827 156.135 48.1031 113.5 91.0599 80.3016 180.03 80.2333
internal_count=19475 15463 13875 13590 996 1588 984 454 305 229 907 12594 11405 1189 944 502 442 142 6457 1334 5123 3397 1726 1630 547 1052 865 739 1696 799
is_linear=0
shrinkage=0.03


Tree=60
num_leaves=31
num_cat=1
split_feature=5 29 4 16 4 16 17 32 12 3 3 1 5 6 12 3 10 10 2 12 28 16 16 16 17 8 12 28 10 12
split_gain=39.6431 16.9173 14.5608 10.1354 14.4596 12.7448 12.3725 9.88488 17.1078 16.3193 9.82339 11.2484 10.0045 9.71493 9.13449 9.04267 10.4039 10.0072 8.49167 16.0245 8.42315 8.39474 8.39098 7.9827 7.88743 7.74621 7.57394 11.2899 11.8838 9.85233
threshold=0.3732354491949082 75.522090911865249 2.5000000000000004 -0.22923302650451657 246.50000000000003 -0.09627246111631392 0.40543007850646978 0 0.50899998843669902 277.53517150878912 426.41526794433599 29.426011085510257 -0.91865202784538258 -0.97789707779884327 -0.2145000025629997 4.1023669242858896 -0.21000000089406964 -0.29500000178813929 11.382418155670168 0.13949999958276751 25.763958930969242 0.6894190013408662 1.3759199976921084 0.61092832684516918 1.6090713143348696 -9.7670245170593244 0.1970000043511391 19.008403778076175 -0.34499999880790705 -0.33699999749660486
decision_type=2 2 8 2 8 2 2 1 2 2 2 2 2 2 2 2 2 2 2 2 2 2 2 2 2 2 2 2 2 2
left_child=1 -1 24 -4 5 6 -5 9 14 13 -11 -12 20 -7 22 -2 17 23 19 -18 -13 -15 -9 25 26 -17 29 -28 -29 -3
right_child=15 2 3 4 -6 7 -8 8 -10 10 11 12 -14 21 -16 16 18 -19 -20 -21 -22 -23 -24 -25 -26 -27 27 28 -30 -31
leaf_value=-0.013176838495377567 -0.024897453145048817 0.0010349616167199609 -0.0053903801614426138 0.024719588998504578 0.048790025334116131 0.0014221047596196426 -0.015701913316725248 -0.0066462607716844934 0.024758922303089154 -0.018910824704957287 0.023945979939527382 -0.028661509850853129 0.0035063445996357735 0.010470397373199195 -0.019334562679455949 0.034516357386771689 -0.023818938786580042 0.05058909935478044 -0.026891881196365191 0.069628249250576452 0.017763738509000284 0.037829969397331735 0.029154563787827291 0.04179747984320966 -0.015285961011897851 -0.016770439532848808 -0.027280135530721492 -0.022720075208597923 0.0061536067697042524 0.010663545548593997
leaf_weight=67.179777724668384 60.816638357937336 135.64249131642282 270.79877756722271 33.586270906031132 4.9259459525346747 27.842100927606225 7.7555135749280444 39.616556610912085 12.102408610284327 25.944239400327206 15.74777891486883 17.494368799030784 56.446767825633287 21.435428289696574 59.091888196766376 2.1979286726564249 3.3915355801582363 2.98918168619275 23.513041529804468 1.6943904682993887 3.6243267059326163 20.057717440649867 5.8941582757979623 2.2871378418058148 15.069842640310524 15.511249819770455 11.722553154453633 13.704992016777394 100.02364443056285 325.23158091492951
leaf_count=1552 2641 1275 3902 373 103 272 120 482 174 225 190 323 427 218 1232 54 129 50 559 60 29 157 40 59 174 446 300 182 803 3013
internal_value=-0.000123396 0.00136949 0.00217814 -0.00103848 0.00231941 0.00152059 0.016945 -0.000616598 -0.00709761 0.00359501 -0.00295199 0.00163857 -0.00313755 0.0152489 -0.011655 -0.0171303 -0.00767365 0.00719948 -0.0194668 0.0136387 -0.0202512 0.024275 -0.0014825 -0.0013872 0.00550312 -0.00890045 0.00606256 -0.00047063 0.00250645 0.00783808
internal_weight=1403.34 1290.94 1223.76 622.364 351.565 346.64 41.3418 305.298 116.705 188.593 119.257 93.3132 77.5655 69.3352 104.603 112.401 51.5845 22.9855 28.599 5.08593 21.1187 41.4931 45.5107 19.9963 601.395 17.7092 586.325 125.451 113.729 460.874
internal_count=19564 15566 14014 8267 4365 4262 493 3769 1928 1841 1194 969 779 647 1754 3998 1357 609 748 189 352 375 522 559 5747 500 5573 1285 985 4288
cat_boundaries=0 1
cat_threshold=57
is_linear=0
shrinkage=0.03


Tree=61
num_leaves=31
num_cat=1
split_feature=3 32 12 16 10 10 12 9 5 3 2 10 14 12 16 16 10 12 11 9 2 6 2 16 2 14 21 10 20 3
split_gain=38.3702 16.756 14.3838 15.3867 14.2851 13.5795 12.9307 12.837 16.7478 29.6406 18.8861 15.766 12.4286 12.0318 11.6656 11.4805 11.0803 9.54655 8.49922 8.29745 9.82559 10.3825 10.4335 8.16232 9.34211 19.1018 8.19596 8.1356 7.92573 9.86193
threshold=18.527454376220707 0 -0.41899999976158137 2.1502023935317998 -0.24499999731779096 0.53000000119209301 -0.66249999403953541 1.9187189936637881 -0.78753387928009022 216.37103271484378 97.370552062988295 -0.91499999165534962 -1.0600000023841856 0.64250001311302196 0.070914063602685942 0.39002384245395666 1.2450000047683718 0.15450000017881396 66.000000000000014 -66.573616027832017 187.84236145019534 -0.85020262002944935 129.48593902587893 1.1503108739852907 85.487895965576186 -0.30500000715255732 1.0000000180025095e-35 0.22500000149011615 1.0000000180025095e-35 181.35945129394534
decision_type=2 1 2 2 2 2 2 2 2 2 2 2 2 2 2 2 2 2 2 2 2 2 2 2 2 2 2 2 2 2
left_child=-1 16 4 5 -3 7 18 8 13 23 14 -9 -13 -4 -11 -8 28 19 -6 -12 21 -21 -23 24 -10 -26 -27 -14 -2 -30
right_child=1 2 3 -5 6 -7 15 11 9 10 17 12 27 -15 -16 -17 -18 -19 -20 20 -22 22 -24 -25 25 26 -28 -29 29 -31
leaf_value=-0.018238497954194913 0.0058816751533276399 -0.02841644633946265 -0.01659507284016869 0.042448261083249325 0.024729657773834332 -0.021947282317717767 0.005998401038489397 0.032176771149706476 -0.019453389270390288 0.045405462850896562 -0.01547444006822184 0.03375419883077424 -0.01933892733676448 0.031820040552055048 -0.00022956113730177694 0.033559734754804435 -0.026215100047766393 -0.023513257862806024 -0.019036806880791148 0.058672659868674738 -0.0076490073186032646 -0.0086292963169209407 0.034154589860407258 0.019380091669570165 0.052322332028891409 -0.019702955499748664 0.017242978609097927 -0.0032097699572309888 -0.015635278792818667 0.0028594350606929463
leaf_weight=94.499327473342419 664.23147723637521 7.5367613323032847 55.682449545711279 5.0262004658579817 4.41191856004298 41.508233450353146 27.468025747686625 6.3722666949033728 42.154170323163271 24.672579944133762 7.2651988863944998 4.0280819665640584 95.972518550232053 4.1111672315746537 6.2608887907117596 27.017340425401926 9.6856830827891809 7.0734058562666169 14.736761314794419 6.2066507749259463 9.252522584050892 8.761131934821611 10.352624639868734 8.26531710103154 4.6483761966228512 16.963969476521019 6.8414403032511464 40.29536003805697 34.836611524224281 93.234092012047768
leaf_count=3851 5568 158 967 40 50 1048 373 121 951 196 79 82 2000 99 100 216 185 107 263 63 93 105 93 84 74 316 109 778 432 850
internal_value=0.000113336 0.00146569 -0.00286245 -0.00519739 0.00855158 -0.00588891 0.0126655 -0.00400868 0.000606164 0.00570424 0.0184823 -0.0108416 -0.0130094 -0.0127976 0.0364511 0.0200236 0.00411038 0.00661556 -0.00822599 0.0121393 0.018214 0.0275963 0.0150898 -0.00730068 -0.0106509 0.00260757 -0.00881798 -0.0146276 0.00456549 -0.00225349
internal_weight=1389.37 1294.87 492.885 411.715 81.1708 406.688 73.634 365.18 218.512 158.718 79.845 146.668 140.296 59.7936 30.9335 54.4854 801.988 48.9115 19.1487 41.8381 34.5729 25.3204 19.1138 78.8733 70.608 28.4538 23.8054 136.268 792.302 128.071
internal_count=19451 15600 8565 7505 1060 7465 902 6417 3436 2370 836 2981 2860 1066 296 589 7035 540 313 433 354 261 198 1534 1450 499 425 2778 6850 1282
cat_boundaries=0 1
cat_threshold=57
is_linear=0
shrinkage=0.03


Tree=62
num_leaves=31
num_cat=1
split_feature=2 22 4 32 2 4 28 12 17 17 16 12 14 12 13 7 12 2 1 12 18 14 7 2 14 28 12 28 12 12
split_gain=38.6024 16.9719 15.5144 12.9346 11.6639 9.87073 10.5466 10.9135 10.2593 16.9296 11.4211 9.63179 10.5816 13.1891 9.83473 18.5996 11.3573 9.82667 9.37341 15.4227 20.3582 16.1411 12.9716 12.747 13.4102 9.8424 9.13593 9.43247 8.97085 8.89841
threshold=29.897008895874027 1.0000000180025095e-35 1.0000000180025095e-35 0 84.071823120117202 17.500000000000004 19.008403778076175 -0.01150000002235174 0.3703989982604981 0.23441465198993686 -0.39080888032913202 -0.18349999934434888 -0.20499999821186063 -0.38799999654293055 53.500000000000007 -32.883396148681634 -0.030999999493360516 319.92567443847662 88.202163696289077 0.13949999958276751 0.8178631365299226 1.0249999761581423 -32.883396148681634 184.48174285888675 -0.030000000260770317 22.987782478332523 -0.19049999862909314 24.009605407714847 -0.26350000500679011 0.37450000643730169
decision_type=2 2 8 1 2 10 2 2 2 2 2 2 2 2 2 2 2 2 2 2 2 2 2 2 2 2 2 2 2 2
left_child=1 29 4 11 -2 8 -7 28 9 -5 -11 12 13 17 18 -16 -17 -4 19 20 -13 -21 -20 -24 -25 -22 -10 -28 -8 -1
right_child=2 -3 3 5 -6 6 7 -9 26 10 -12 14 -14 -15 15 16 -18 -19 22 21 25 -23 23 24 -26 -27 27 -29 -30 -31
leaf_value=-0.02237289596627642 -0.011461371826003805 0.017091012189934082 0.03303879299313843 -0.0046512461236801559 0.008626979315846519 -0.0029297519479730234 0.0073133301912738499 -0.0010701755163710234 -0.0034499748223375914 -0.016901323249603212 0.031080029820611279 0.048449646590939734 -0.0090531335126289303 -0.018055643484325357 0.01712975109058466 0.0087614075191479197 -0.025210111289057376 -0.0011019812591881841 -0.012281731875084481 -0.012183248998380887 0.0024393239284465533 0.030544595472205477 -0.014859947338167308 -0.00095811227426079908 0.022895121004861047 0.03417642484927319 -0.03046488576787772 -0.0089087106146641254 0.05396347024002069 0.01440581103684214
leaf_weight=99.457820454612374 27.526310054585338 11.43189514428377 17.579229068011049 268.63332568109035 310.51654135808349 42.495641568675637 6.4036707691848269 12.043541882187126 57.676228443160653 5.0177791658788946 19.426150016486645 21.074988894164562 91.811234407126904 10.93985967338085 23.209187000989914 11.754760671406983 30.359030954539776 12.719204965978859 32.545214962214231 25.770337983965874 28.902113743126392 10.322849344462155 15.949117373675106 34.590792898088694 53.52698739990592 11.750888030976055 35.250933459028602 39.224037678912282 9.162817286327483 5.6326867360621682
leaf_count=3801 383 353 128 4338 2994 801 80 204 773 103 214 149 844 140 193 100 301 81 267 232 294 87 124 266 339 121 977 470 114 208
internal_value=-5.55095e-05 -0.0165033 0.00146995 -0.000535759 0.00696224 -0.00380179 0.00648578 0.0205735 -0.00559829 -0.00245172 0.0209534 0.00321577 -0.00340991 0.0090708 0.00626513 -0.00398229 -0.0157447 0.0191293 0.00912528 0.0161701 0.0251602 0.000531153 0.00399998 0.00916025 0.0136258 0.0122133 -0.0125058 -0.0193803 0.0363726 -0.0202844
internal_weight=1382.71 116.522 1266.18 928.14 338.043 495.334 70.1057 27.61 425.228 293.077 24.4439 432.806 133.05 41.2383 299.756 65.323 42.1138 30.2984 234.433 97.8212 61.728 36.0932 136.612 104.067 88.1178 40.653 132.151 74.475 15.5665 105.091
internal_count=19479 4362 15117 11740 3377 8074 1199 398 6875 4655 317 3666 1193 349 2473 594 401 209 1879 883 564 319 996 729 605 415 2220 1447 194 4009
cat_boundaries=0 1
cat_threshold=25
is_linear=0
shrinkage=0.03


Tree=63
num_leaves=31
num_cat=1
split_feature=3 29 5 12 17 0 3 32 3 5 2 12 29 17 9 12 2 9 12 5 28 5 29 12 9 2 12 29 12 28
split_gain=30.1712 17.236 10.9884 12.7283 11.6226 11.894 20.1873 10.6986 14.1927 25.9204 16.1861 17.7855 14.8794 21.6338 17.5835 12.2017 11.0875 10.0937 9.94473 24.2692 17.8408 15.7626 23.6712 13.2791 14.4936 9.59409 9.58477 14.2345 11.2715 9.57211
threshold=0.49395650625228887 75.522090911865249 -0.90013122558593739 0.55149999260902416 -1.5257284045219419 109.8954429626465 773.70910644531261 0 350.07836914062506 -0.17521348595619199 287.07823181152349 -0.31749999523162836 77.084831237792983 -0.34621846675872797 29.351488113403324 -0.24849999696016309 189.30069732666018 17.971662521362308 -0.50149999558925618 0.12431468442082406 26.140346527099613 -0.30041381716728205 81.26676177978517 0.15450000017881396 -4.9689743518829337 44.960895538330085 0.13650000095367434 76.836559295654311 0.13949999958276751 24.994574546813968
decision_type=2 2 2 2 2 2 2 1 2 2 2 2 2 2 2 2 2 2 2 2 2 2 2 2 2 2 2 2 2 2
left_child=-1 -2 4 7 -3 17 -7 8 9 -4 -10 -12 16 14 -14 -13 25 -6 19 20 -9 22 23 24 -20 -11 -23 -28 -29 -19
right_child=1 2 3 -5 5 6 -8 18 10 12 11 15 13 -15 -16 -17 -18 29 21 -21 -22 26 -24 -25 -26 -27 27 28 -30 -31
leaf_value=-0.024321392820575053 -0.012976912742906637 0.039273714118401186 0.022950227695654867 0.024676866720748983 -0.0035062101927816817 0.047672509744861022 -0.0075153228346902003 -0.011223797464891735 -0.0093277045003663898 0.0091169668644879003 -0.010129283318832944 0.039397539551930295 0.040060755131551565 -0.00078657136178137115 -0.01037531641848388 0.0081084363727433571 0.017961282207245244 -0.028946494156116706 0.01890529661997405 0.047067700907535842 0.04049572652379177 -0.01282500930044691 -0.014665602276704125 -0.0078348141962629927 0.0010825291203935942 -0.016525486103847107 -0.019115506453368507 0.043360223357627806 0.0038156823821547856 -0.0016230410944394083
leaf_weight=41.477148128673434 70.538816025480628 4.3460458852350703 97.554442893713713 23.58028975687921 115.26341182738543 8.6919047664850968 14.933488974347709 28.206886803731322 90.467208113521338 16.647627284750342 47.983524613082409 11.237730175256727 28.548791812732816 48.591425377875566 7.4278518520295611 151.54204907268286 14.183025777339934 32.625400731340051 95.100864173844457 12.265674220398067 6.5557781010866156 131.5333612896502 53.320876140147448 39.844924112781882 71.927857026457787 52.859370641410351 18.916541578248143 7.170798545703291 32.649530377238989 17.757424764335155
leaf_count=1905 1754 61 532 215 1816 96 171 389 723 439 330 59 360 525 64 943 86 760 967 194 52 2786 586 654 1058 434 585 76 619 201
internal_value=0.000575136 0.00135617 0.00215448 0.00332637 -0.00441468 -0.00561898 0.0139 0.00283072 0.0055919 0.0107292 0.00122313 0.00577459 0.00354988 0.0123562 0.0296486 0.0104959 -0.00538969 -0.00846959 -0.000425025 0.0125457 -0.000610566 -0.00181337 0.00298284 0.00758032 0.0112824 -0.0103417 -0.00835348 0.00170697 0.0118246 -0.0195354
internal_weight=1393.75 1352.27 1281.73 1088.12 193.618 189.272 23.6254 1064.54 567.043 265.813 301.231 210.763 168.258 84.5681 35.9766 162.78 83.69 165.646 497.493 47.0283 34.7627 450.465 260.195 206.874 167.029 69.507 190.27 58.7369 39.8203 50.3828
internal_count=19440 17535 15781 12676 3105 3044 267 12461 4495 2440 2055 1332 1908 949 424 1002 959 2777 7966 635 441 7331 3265 2679 2025 873 4066 1280 695 961
cat_boundaries=0 1
cat_threshold=25
is_linear=0
shrinkage=0.03


Tree=64
num_leaves=31
num_cat=0
split_feature=3 28 17 14 10 5 9 1 5 7 16 10 24 15 29 12 14 10 10 10 7 28 16 1 16 3 17 12 3 7
split_gain=34.4965 14.4483 15.8987 13.6863 15.6687 20.5885 12.8337 17.0475 11.4795 10.171 9.74597 16.316 9.12921 9.82915 8.64196 10.6507 10.0739 9.54949 8.19844 9.56646 8.08297 7.7304 12.1678 7.54622 8.83776 14.6222 13.1616 10.777 10.4334 8.96046
threshold=4.1023669242858896 19.008403778076175 0.66239419579505932 0.40500000119209295 0.31000000238418585 -0.25901904702186579 -17.930299758911129 34.44148254394532 -0.96105405688285817 9.8270144462585467 0.6894190013408662 -0.18500000238418576 1.0000000180025095e-35 52.500000000000007 76.836559295654311 0.092000000178813948 0.18500000238418582 -0.014999999664723871 -0.1950000002980232 -0.46499998867511744 39.407182693481452 25.658441543579105 1.6537657380104067 433.40080261230474 -0.72854000329971302 108.16881942749025 0.77456367015838634 -0.46099999547004694 339.73304748535162 -66.020057678222642
decision_type=2 2 2 2 2 2 2 2 2 2 2 2 2 2 2 2 2 2 2 2 2 2 2 2 2 2 2 2 2 2
left_child=-1 2 3 4 6 9 7 -2 21 -6 -8 20 -4 -14 15 16 17 18 19 -9 -12 22 -3 24 25 -10 27 28 -27 -26
right_child=1 8 12 -5 5 -7 10 14 23 -11 11 -13 13 -15 -16 -17 -18 -19 -20 -21 -22 -23 -24 -25 29 26 -28 -29 -30 -31
leaf_value=-0.021919451735357087 -0.01053629544043792 -0.018340443009305069 -0.026482322850169941 -0.015671337104532078 0.044668966035024113 -0.021089232828477942 -0.015783390861710607 0.028589558078059983 -0.019966619294198996 0.0048466954698570567 0.00020305122421956267 -0.019888842451309775 -0.018944536642330853 0.034239150170606129 0.035124251392205409 -0.026599291895603047 0.045715308143315037 -0.027078450257489926 0.031804258085202042 -0.027248200477145837 0.055561465507428222 0.0050998101926343284 0.032747710986922252 0.026384257615457297 -0.010428753074273848 0.045846970785160687 0.022170429748997852 -0.0053725807989318019 0.0013631408372716104 0.0055976485691212365
leaf_weight=60.612156815826893 33.248266538605094 50.910141153261065 39.485253352671862 48.912086680531502 17.913024257868532 7.7357236407697192 64.111509716138244 3.6554700098931781 33.673095455393195 8.690608970820902 3.7907191161066311 8.4782098196446878 6.2978439852595312 4.4908202923834324 15.019057352095841 5.6203000694513312 6.5630542226135722 5.1989367175847319 10.982858657836914 5.8331405483186254 5.3839266281574965 26.699062999337912 3.6571245528757563 12.024863030761479 31.974847879260778 6.6713722907006767 22.683899847790599 120.42076152190566 12.60840282216668 698.61615163646638
leaf_count=2795 681 1000 1048 1251 136 186 1627 48 687 82 97 168 158 53 158 147 41 92 76 119 57 284 65 70 241 58 175 1239 99 6485
internal_value=2.31018e-05 0.00104545 -0.0047152 -0.00160044 0.00186326 0.020022 -0.00194749 0.00610202 0.00275078 0.0323071 -0.0103972 0.00896176 -0.0199399 0.00421988 0.0165661 0.00848843 0.0152227 0.00600498 0.0152767 -0.00506196 0.0349568 -0.00800187 -0.0143888 0.00368922 0.00336659 -0.00228007 0.00148728 -0.00200485 0.0182576 0.00488295
internal_weight=1381.96 1321.35 301.411 251.137 202.225 34.3394 167.885 86.1211 1019.94 26.6036 81.7644 17.6529 50.2739 10.7887 52.8728 37.8538 32.2335 25.6704 20.4715 9.48861 9.17465 81.2663 54.5673 938.673 926.649 196.058 162.384 139.701 19.2798 730.591
internal_count=19423 16628 6225 4966 3715 404 3311 1362 10403 218 1949 322 1259 211 681 523 376 335 243 167 154 1349 1065 9054 8984 2258 1571 1396 157 6726
is_linear=0
shrinkage=0.03


Tree=65
num_leaves=31
num_cat=1
split_feature=2 32 9 18 17 14 10 16 14 10 17 18 10 10 17 16 29 4 18 16 17 10 17 2 17 7 10 14 13 7
split_gain=27.724 15.3838 17.7437 12.8686 12.0966 13.1608 11.544 9.11499 12.9207 16.879 20.8473 16.2749 10.8485 15.3552 19.8909 15.1096 10.6197 10.1711 10.2982 9.03731 8.72233 11.3659 15.2631 15.104 16.317 14.4355 10.8776 10.2826 17.8079 13.9214
threshold=24.145714759826664 0 46.998497009277351 2.1633379459381108 -1.3200682401657102 1.0249999761581423 1.1600000262260439 1.0861150026321413 0.37500000000000006 -0.21000000089406964 0.64729160070419323 1.4650008082389834 -0.18500000238418576 0.2100000008940697 -0.81693172454833973 -0.22263643890619275 76.151096343994155 1.5000000000000002 0.82439422607421886 -1.2533410191535947 -0.54624021053314198 -0.1950000002980232 0.16287712007761004 186.20759582519534 -0.39733999967575068 62.673664093017585 -0.46499998867511744 0.34499999880790716 42.500000000000007 35.867965698242195
decision_type=2 1 2 2 2 2 2 2 2 2 2 2 2 2 2 2 2 10 2 2 2 2 2 2 2 2 2 2 2 2
left_child=4 2 7 6 5 -1 20 8 9 16 12 -10 -11 14 15 -14 -2 18 -18 -13 -3 22 -22 24 -23 26 -24 -25 29 -29
right_child=1 3 -4 -5 -6 -7 -8 -9 11 10 -12 19 13 -15 -16 -17 17 -19 -20 -21 21 23 25 27 -26 -27 -28 28 -30 -31
leaf_value=-0.0036642985394214332 -0.027480187533627191 0.00029946147590036051 -0.016996004144734612 -0.01430149920085853 -0.018256701847240875 0.068528075285988171 -0.017312960375015753 0.011802007142726903 -0.023765683896548765 0.035469532316123528 -0.021216068310281264 -0.025135970399676421 -0.011829913537384272 0.01851183297212191 -0.018156190154634943 0.044754282315575239 -0.01569404702315624 -0.012792883174411769 0.036317896450394384 0.02173088892911142 0.0030861952213062688 0.019848546071465228 0.011556163531883986 0.0033623014011116151 -0.0076162027882603709 -0.0079478761549339819 0.032503247479154194 -0.014946414946056657 0.022313756468632696 0.02049046608005994
leaf_weight=8.9161167759448272 22.5689248573035 229.37696231901646 67.577382961288095 32.08273153565824 87.112949075177312 2.0092017594724885 19.848452167585492 47.631852075457573 44.166598167270422 14.367928752675651 19.084373796358705 4.0768708065152195 6.618101503700017 58.039840826764703 31.16808447800577 9.3600484225898928 4.5815562680363646 25.772306323051453 8.7157353069633228 13.286573043093084 78.456078633666039 22.064653189852834 38.199271004647017 161.83457079902291 124.48421707004309 13.690578158944843 58.682625189423561 25.553920727223158 87.224300473928452 14.988161008805035
leaf_count=329 631 2160 1851 373 3651 48 288 646 1168 114 409 126 142 616 639 109 83 581 135 217 772 169 372 1266 1159 90 469 212 561 106
internal_value=0.000767223 0.00194588 -0.00310726 0.00403838 -0.0145274 0.0142453 0.00477299 -0.000129258 -0.00233662 0.00137367 0.0071714 -0.0142422 0.0118413 0.00831014 -0.0043724 0.0220009 -0.011573 -0.00192757 0.018553 0.00995717 0.00530561 0.00713894 0.0132682 0.00445824 -0.00337457 0.0204003 0.0244465 0.00841991 0.0147502 -0.00166773
internal_weight=1381.54 1283.5 377.016 906.487 98.0383 10.9253 874.404 309.439 261.807 200.277 138.638 61.53 119.554 105.186 47.1462 15.9781 61.6385 39.0696 13.2973 17.3634 854.555 625.178 189.029 436.15 146.549 110.572 96.8819 289.601 127.766 40.5421
internal_count=19492 15464 7467 7997 4028 377 7624 5616 4970 3459 2029 1511 1620 1506 890 251 1430 799 218 343 7336 5176 1703 3473 1328 931 841 2145 879 318
cat_boundaries=0 1
cat_threshold=6
is_linear=0
shrinkage=0.03


Tree=66
num_leaves=31
num_cat=1
split_feature=3 32 12 12 18 1 5 12 4 8 10 4 12 9 3 10 14 17 8 9 17 7 4 14 5 23 5 3 9 17
split_gain=29.1766 13.8647 18.0577 16.7651 16.0084 17.7532 13.2359 13.7632 12.3474 12.8359 18.5096 18.4663 15.8573 13.5246 13.1492 14.7557 11.8407 12.5124 11.5093 19.1741 11.7519 11.0329 10.5212 10.1617 11.7663 17.1772 10.3901 13.6344 24.4492 13.1322
threshold=0.49395650625228887 0 0.26950000226497656 0.26000000536441809 0.42909553647041326 41.241113662719734 -0.94917574524879444 0.54000002145767223 260.50000000000006 -69.950656890869126 0.24000000208616259 2.5000000000000004 -0.19049999862909314 -17.930299758911129 172.76625061035159 -0.22500000149011609 0.49499998986721044 -0.57472997903823841 9.2854394912719744 99.756767272949233 0.3703989982604981 -31.156871795654293 6.5000000000000009 -1.130000054836273 -0.83753159642219532 1.0000000180025095e-35 0.081451712176203742 350.07836914062506 -10.897905826568602 0.889196276664734
decision_type=2 1 2 2 2 2 2 2 10 2 2 8 2 2 2 2 2 2 2 2 2 2 8 2 2 2 2 2 2 2
left_child=-1 6 3 8 5 -4 21 23 9 10 -3 18 -12 14 -13 -16 17 -17 -11 20 -20 -2 -5 -8 25 -25 27 29 -29 -26
right_child=1 2 4 22 -6 -7 7 -9 -10 11 12 13 -14 -15 15 16 -18 -19 19 -21 -22 -23 -24 24 26 -27 -28 28 -30 -31
leaf_value=-0.025418197485887972 0.008141810884337566 -0.004237189736639892 0.029710580526142213 0.060754742248302858 -0.026331603274091141 -0.025179388750657419 0.02798918363801552 0.021663220358971516 0.047441755157998533 -0.0048112843248030775 0.065993777670615733 -0.013827800666952885 0.0034958312295401725 -0.015323375686140374 -0.016146992507662335 0.037282779898566043 -0.017886087802501813 0.0071480321977219381 0.023785711523297889 -0.010636507263571767 -0.0024697554511632948 -0.019975125025886515 -0.0037056830384534166 -0.018621458550592551 0.014987922307124779 0.02046335933387651 -0.0049319450322610967 -0.009177215751906059 0.0084001163909473917 -0.0066501814089010196
leaf_weight=39.233046788722277 18.029850192368031 18.722835781052709 10.901228446513416 5.3460761252790663 49.101111799478531 8.5962770115584117 13.672919049859045 37.88487409427762 3.542384957894682 84.845739925280213 7.8878709673881531 50.708761680871248 6.4040119759738428 134.43139143101871 20.722202572971582 18.305784264579415 9.0725296270102245 36.460250029340386 60.838030140846968 29.51026152074337 20.171650046482682 37.232215635478497 3.3850898724049339 45.102479968219995 169.61556943133473 12.075371608138083 97.59674166329205 114.37258254736662 185.16266417130828 29.035342685878277
leaf_count=1913 266 279 102 79 1311 146 91 275 102 1215 55 1221 100 3143 383 176 176 436 849 492 303 640 101 533 1154 116 1558 885 1179 204
internal_value=-0.000246112 0.000510005 -0.00295997 -0.001054 -0.0173463 0.00546232 0.00315202 0.00430644 -0.00180706 -0.00225168 0.0155479 -0.00354591 0.0400492 -0.00862077 -0.00189613 0.00533696 0.0124522 0.0177086 0.00346813 0.00981035 0.0172976 -0.01082 0.0379507 0.00328908 0.00272986 -0.0101573 0.00398159 0.00573418 0.0016803 0.0118078
internal_weight=1377.97 1338.73 578.953 510.355 68.5986 19.4975 759.781 704.519 501.624 498.081 33.0147 465.067 14.2919 269.701 135.27 84.5608 63.8386 54.766 195.366 110.52 81.0097 55.2621 8.73117 666.634 652.961 57.1779 595.783 498.186 299.535 198.651
internal_count=19483 17570 10669 9110 1559 248 6901 5995 8930 8828 434 8394 155 5535 2392 1171 788 612 2859 1644 1152 906 180 5720 5629 649 4980 3422 2064 1358
cat_boundaries=0 1
cat_threshold=89
is_linear=0
shrinkage=0.03


Tree=67
num_leaves=31
num_cat=0
split_feature=3 28 17 5 14 10 10 29 2 5 12 10 10 5 28 14 2 7 2 29 14 10 10 14 14 16 3 5 10 4
split_gain=32.9065 13.3293 16.6057 15.6929 20.4533 20.9778 20.1424 19.8341 17.405 16.1569 12.7413 12.0487 8.93069 19.6326 9.46964 12.7709 9.47291 8.21364 9.07509 7.76429 8.34846 7.62748 7.86815 7.57426 15.2144 13.4656 11.9364 18.5505 16.4866 13.5266
threshold=4.1023669242858896 22.590013504028324 0.66239419579505932 -0.17521348595619199 0.60499998927116405 0.24000000208616259 1.2450000047683718 75.77988433837892 197.76412200927737 -0.90013122558593739 0.13799999654293063 1.2450000047683718 0.53000000119209301 -0.78753387928009022 18.43215370178223 0.14500000327825549 88.268642425537124 -25.903964042663571 103.83284759521486 76.73075103759767 -0.15999999642372129 0.16000000387430194 0.14500000327825549 0.34499999880790716 0.32500000298023229 1.3319541215896609 884.57507324218761 -0.63756072521209706 0.32999999821186071 43.500000000000007
decision_type=2 2 2 2 2 2 2 2 2 2 2 2 2 2 2 2 2 2 2 2 2 2 2 2 2 2 2 2 2 10
left_child=-1 2 3 4 5 7 21 -2 10 -7 17 23 14 -14 -11 -16 -17 18 -9 -19 -21 22 -5 24 25 -3 27 28 -25 -29
right_child=1 11 -4 6 -6 9 -8 8 -10 12 -12 -13 13 -15 15 16 -18 19 -20 20 -22 -23 -24 26 -26 -27 -28 29 -30 -31
leaf_value=-0.021865207099542004 -0.017082796660172869 0.0038148790943641946 -0.016097379142806074 -0.010766445836030016 -0.019940045303864229 -0.012759907567163558 0.047666420842862045 0.023307299990866195 -0.0097519978584656736 0.0045668541553818215 -0.016658666315899774 -0.025046322331575509 0.046244007429622695 -0.015068573324802924 0.067829071631752336 0.042818410520816121 0.0076880515474142047 0.016071540189796431 -0.015795607159148458 0.017694197231716693 0.061955113840509356 -0.02483232552222011 0.026441128751458338 0.039818050120212604 -0.020077754316880164 -0.017314195500533064 -0.0088347662308981209 0.0023373601582564203 0.01106635606743047 0.038860723190960782
leaf_weight=57.047350060194731 43.596828129142523 567.69614527374506 73.032806228846312 43.067257130518556 29.401175137609243 11.667226567864416 3.9766907691955558 9.2817492019385117 38.14808727055788 9.6880739703774434 9.2417911328375322 12.366451108828185 6.2431684397161034 12.480250420048831 9.2457884103059751 14.212181057780983 13.6289034076035 28.493214700371027 10.143710752949117 8.2852328829467314 8.5289934743195754 36.365961419418454 4.8257146775722495 28.684657018631697 26.343512646853924 27.526229495182633 33.57225152477622 160.59411888383329 48.347328413277864 8.6888766102492792
leaf_count=2776 948 5516 1622 1133 653 252 37 123 685 85 227 255 35 151 81 102 137 331 169 92 79 975 39 200 252 322 353 1298 417 221
internal_value=0.000248179 0.00120708 -0.00318723 -0.000459201 0.00322711 0.00622465 -0.0113304 -0.000140002 0.00654066 0.0189059 0.0149606 0.0032451 0.0246536 0.00668368 0.0315563 0.0383017 0.0264841 0.0196596 0.00311465 0.0265328 0.042363 -0.0146412 -0.00655328 0.00366054 0.00180961 0.00281036 0.00774995 0.010037 0.0221458 0.00442922
internal_weight=1394.42 1337.37 423.555 350.522 262.286 232.885 88.2356 155.72 112.123 77.1656 73.9747 913.82 65.4984 18.7234 46.7749 37.0869 27.8411 64.7329 19.4255 45.3074 16.8142 84.2589 47.893 901.453 621.566 595.222 279.887 246.315 77.032 169.283
internal_count=19566 16790 7956 6334 4150 3497 2184 2654 1706 843 1021 8834 591 186 405 320 239 794 292 502 171 2147 1172 8579 6090 5838 2489 2136 617 1519
is_linear=0
shrinkage=0.03


Tree=68
num_leaves=31
num_cat=1
split_feature=3 29 28 16 18 3 5 28 29 18 5 17 7 3 32 4 17 28 13 16 17 8 9 6 16 0 3 9 16 5
split_gain=30.0892 13.0466 9.45223 8.19992 8.09198 8.42068 14.2392 23.4169 11.7309 14.665 10.874 8.00726 7.7377 7.96862 14.8144 12.6814 16.1763 10.6747 14.441 7.96331 9.40297 7.68995 7.60558 7.55627 7.4591 7.27171 8.1006 6.69954 6.62806 12.1844
threshold=7.4234716892242441 75.522090911865249 18.289889335632328 -0.11209625005722045 2.1117471456527714 277.53517150878912 -0.17521348595619199 25.658441543579105 75.805187225341811 1.8245018720626833 -0.42028589546680445 -0.78709009289741505 -52.227149963378899 455.47529602050787 0 17.500000000000004 0.097738046199083342 25.346193313598636 57.500000000000007 -0.92327180504798878 -0.46965999901294703 -65.99639511108397 7.7755112648010263 -0.95380109548568714 -1.4215446114540098 92.507579803466811 361.27072143554693 306.78237915039068 0.61092832684516918 -0.83753159642219532
decision_type=2 2 2 2 2 2 2 2 2 2 2 2 2 2 1 10 2 2 2 2 2 2 2 2 2 2 2 2 2 2
left_child=-1 3 23 -2 5 6 7 10 9 -8 21 -12 22 17 15 27 -17 18 19 20 -14 -4 -7 -3 -10 26 -20 -15 29 -16
right_child=1 2 4 -5 -6 12 8 -9 24 -11 11 -13 13 14 28 16 -18 -19 25 -21 -22 -23 -24 -25 -26 -27 -28 -29 -30 -31
leaf_value=-0.019862931214826893 -0.02399364182271263 -0.028387915620418636 0.018453400433490877 -0.0024069336959760992 -0.0086347078223010954 -0.015146259791043381 -0.020832732258192457 -0.018985333633256364 -0.015478340654149549 0.034048545283724418 0.00093401275375071594 0.02623928588436766 0.035203131431986806 0.0086160849036086163 -0.0155338175319094 0.0085294405900102691 0.075603314253196441 -0.014896666508145097 -0.01803456622790444 -0.0068720656832170698 -0.0054990108606791576 -0.0068023000340985997 0.0078630579679633897 -0.0037341312787226512 0.0058507439077654022 0.036433403877305461 0.025986484379566781 -0.011829627800275582 0.0066654397803389874 0.001427536736355937
leaf_weight=65.572796054184437 28.552346266806126 14.39281429722905 18.49520929902792 34.664529787376523 59.514569748193026 47.935227550566196 32.277106242254376 17.247924949973822 14.957575069740413 4.1292048618197432 13.083094686269758 82.955473745241761 8.6354373823851365 218.61712992936373 61.785923685878515 8.1027184762060624 4.7369556892663232 51.963913012295961 6.437638536095621 102.39486156962812 10.381831930950282 23.62470499612391 16.859377827495337 42.396993661299348 202.52553859725595 12.41118239238858 6.6549153476953506 14.583034474402664 56.192734852433205 96.633881684392691
leaf_count=3143 830 350 142 806 840 462 491 179 311 57 137 695 82 2012 1107 103 55 526 95 1149 136 391 138 783 2748 84 80 117 662 782
internal_value=-0.000186586 0.000810334 0.00148674 -0.0123785 0.00205908 0.00262762 0.00606162 0.0131829 0.00166805 -0.0138643 0.0173064 0.0228372 0.000681476 0.00165783 0.00382227 0.00863396 0.0369499 -0.00334956 0.000807738 -0.00354481 0.0138185 0.00445846 -0.00913078 -0.0103655 0.00431969 0.0208803 0.00459745 0.00729247 -0.00201547 -0.00524357
internal_weight=1378.72 1313.14 1249.93 63.2169 1193.14 1133.62 409.296 155.406 253.889 36.4063 138.158 96.0386 724.327 659.532 460.652 246.04 12.8397 198.88 146.916 121.412 19.0173 42.1199 64.7946 56.7898 217.483 25.5037 13.0926 233.2 214.613 158.42
internal_count=19493 16350 14714 1636 13581 12741 5151 1544 3607 548 1365 832 7590 6990 4838 2287 158 2152 1626 1367 218 533 600 1133 3059 259 175 2129 2551 1889
cat_boundaries=0 1
cat_threshold=105
is_linear=0
shrinkage=0.03


Tree=69
num_leaves=31
num_cat=1
split_feature=3 32 4 3 5 10 29 2 10 14 14 14 14 10 12 10 5 12 11 10 1 10 28 3 29 14 28 12 12 0
split_gain=33.1787 14.5252 14.4911 13.9579 17.1695 14.6892 13.663 13.2738 12.7602 12.6293 28.992 18.1299 12.595 12.1457 11.9362 10.5734 22.9031 22.402 17.0306 19.8584 14.0464 13.9377 13.5163 26.101 12.3396 12.0526 11.4221 10.6691 10.4587 16.7937
threshold=3.1872597932815556 0 247.50000000000003 350.07836914062506 -0.25901904702186579 0.2950000017881394 77.084831237792983 189.30069732666018 0.74500000476837169 1.0000000180025095e-35 0.024999999441206459 -0.20499999821186063 0.39499999582767492 0.2650000005960465 -0.38449999690055842 0.25499999523162847 -0.17521348595619199 0.1970000043511391 81.500000000000014 0.49500000476837164 27.632259368896488 0.7150000035762788 24.994574546813968 464.47584533691412 76.151096343994155 0.35999999940395361 26.140346527099613 0.26600000262260443 -0.17849999666213986 73.011444091796889
decision_type=2 1 10 2 2 2 2 2 2 2 2 2 2 2 2 2 2 2 2 2 2 2 2 2 2 2 2 2 2 2
left_child=-1 3 8 4 5 -2 7 13 15 11 -11 -5 -4 -6 -12 17 18 24 19 20 -17 -20 -22 -24 25 -3 -18 -21 -8 -30
right_child=1 2 12 9 6 -7 28 -9 -10 10 14 -13 -14 -15 -16 16 26 -19 21 27 22 -23 23 -25 -26 -27 -28 -29 29 -31
leaf_value=-0.023827609549622264 0.035481717311086798 -0.01620034181907707 0.0031398306335218879 -0.00018553329853428452 -0.00014254525408829237 0.0070742349728062292 -0.0040943211404082646 0.01553958932524609 -0.017793121570490979 0.041952970757057548 -0.02037748369187407 -0.022111180440304454 0.081377496461456478 -0.025062218581012232 0.0039568143952805274 0.045714049333304738 -0.024694798831757209 -0.022165296455953009 -0.0098792304775540546 -0.013453722558098097 0.0002066149301182435 0.033746113723036111 -0.00042229883206954704 0.066324132913381087 0.00088781833219526301 0.02064975004449256 0.014473436401710109 0.033922514320775927 0.026057511137927925 -0.0086794902297692364
leaf_weight=52.03435393422842 34.134778879582882 72.359439203515649 4.2508613225072613 127.19568166136742 45.247532209381461 31.851889528334141 25.071466226130724 23.772093094885349 48.965526323765516 16.391546696424484 19.102041646838188 45.303998004645109 2.4009687304496765 27.823135426267982 185.44404086656868 21.175613326951861 30.091760337352753 55.637772316113114 46.802922271192074 21.779234258458022 23.70496292039752 6.6559037268161765 10.436491653323175 9.6312027648091298 298.79169698432088 8.1027303393930179 7.8229141626507035 4.2817410081624976 54.48138203471899 15.637684248387812
leaf_count=2652 198 1721 128 1112 500 152 281 136 1102 107 187 501 46 270 1415 202 844 1230 672 330 375 33 97 80 4237 106 101 64 517 112
internal_value=-0.000560255 0.00037122 -0.00270173 0.00353183 0.00899384 0.0220797 0.00440618 -0.00351601 -0.00320865 2.56108e-05 0.00476585 -0.00603817 0.0383241 -0.00984147 0.00159621 -0.00202482 0.00402336 -0.00456469 0.00947234 0.0173007 0.0260677 -0.00392772 0.0157547 0.0332393 -0.00193113 -0.0122815 -0.016449 -0.00470403 0.0124186 0.0182975
internal_weight=1376.38 1324.35 672.892 651.457 258.02 65.9867 192.033 96.8428 666.24 393.437 220.938 172.5 6.65183 73.0707 204.546 617.274 182.383 434.892 144.468 91.0092 64.9483 53.4588 43.7727 20.0677 379.254 80.4622 37.9147 26.061 95.1905 70.1191
internal_count=19508 16856 11368 5488 2166 350 1816 906 11194 3322 1709 1613 174 770 1602 10092 2798 7294 1853 1148 754 705 552 177 6064 1827 945 394 910 629
cat_boundaries=0 1
cat_threshold=25
is_linear=0
shrinkage=0.03


Tree=70
num_leaves=31
num_cat=0
split_feature=3 29 16 4 4 12 1 16 28 10 8 13 29 10 2 29 28 13 17 12 0 2 0 3 10 10 8 28 5 16
split_gain=27.6909 18.1479 12.4738 12.69 11.9592 12.9969 9.49556 11.0606 8.68495 9.33943 12.6821 9.7118 11.4606 11.0109 17.2127 14.7693 14.5693 14.2566 15.6296 11.3966 10.1831 9.68437 9.49625 8.85678 9.84058 15.3507 9.14039 8.61734 7.73859 10.7249
threshold=4.1023669242858896 75.522090911865249 -1.4549223780632017 252.50000000000003 1.5000000000000002 0.32000000774860388 239.44480133056643 -0.70139330625534047 18.289889335632328 -0.32500000298023218 -96.943614959716783 42.500000000000007 77.084831237792983 -0.1950000002980232 218.37482452392581 78.715969085693374 22.726541519165043 53.500000000000007 -1.1955825090408323 -0.34700000286102289 12.093111515045168 315.82583618164068 74.922687530517592 688.14999389648449 0.25499999523162847 0.2950000017881394 -57.910634994506829 25.763958930969242 -0.8126716911792754 0.9592377543449403
decision_type=2 2 2 10 8 2 2 2 2 2 2 2 2 2 2 2 2 2 2 2 2 2 2 2 2 2 2 2 2 2
left_child=-1 -2 -3 4 5 -4 7 -7 -6 10 -10 12 -11 14 16 17 -13 19 -19 20 -15 -12 -23 24 -14 -26 -27 -9 29 -21
right_child=1 2 3 -5 8 6 -8 27 9 11 21 13 23 15 -16 -17 -18 18 -20 28 -22 22 -24 -25 25 26 -28 -29 -30 -31
leaf_value=-0.020851631519449017 -0.014586929872395822 -0.011652795334211414 0.0075150217344561775 0.037826496517687151 -0.014282302723587402 0.019565550656869348 0.017126753120677577 -0.025966043268976811 0.026752464560986365 -0.011553885672664811 -0.013300753642230385 -0.00092677493965568941 -0.0023647754709621468 -0.027394013287175504 -0.0052894633047011735 -0.0071924731999959942 0.053898879440451089 0.029659993421988683 -0.009394894285616389 -0.017565191483522282 0.0074241029592337134 0.022667418863442011 -0.014346205771012801 -0.013309118606398183 0.060706205045217114 0.030559683221767678 -0.0022174943240259063 0.013274822742235608 0.018169040288556353 0.038195213073191403
leaf_weight=54.330152286216617 64.480481050908566 59.735965186730027 417.50587737374008 7.9767927117645732 37.546582808718085 6.6742887869477263 10.102499824017285 32.327127551659942 8.5187287814915162 84.718551797792315 100.41394759528339 6.1096908599138287 38.485696583986282 10.208528222516177 13.279561387374995 88.681348495185375 13.966435264796017 9.7598465327173454 64.023106869310141 11.918598251417277 22.34360951371491 14.207119174301626 9.6971019841730577 21.064326347783208 5.6361476965248576 11.171708747744562 20.313243754208088 5.2965392880141726 120.7099561933428 3.096607878804206
leaf_count=2812 1703 1063 3872 191 801 63 60 388 81 1237 1769 106 404 156 132 1074 118 130 845 280 223 131 82 255 63 107 232 46 1087 50
internal_value=-5.95597e-05 0.000811382 0.0016132 0.00228511 0.00201481 0.00571698 -0.00796901 -0.013944 -0.000430259 0.000356375 -0.00674694 0.00209535 -0.00356301 0.00491633 0.0210898 0.00322657 0.0379617 0.00705758 -0.00390127 0.0118573 -0.00398607 -0.0092376 0.00767915 0.00348645 0.00827841 0.0190854 0.00999545 -0.0202412 0.0156585 -0.00439875
internal_weight=1374.3 1319.97 1255.49 1195.75 1187.78 471.906 54.4005 44.298 715.87 678.324 132.837 545.487 181.39 364.097 33.3557 330.742 20.0761 242.06 73.783 168.277 32.5521 124.318 23.9042 96.6711 75.6068 37.1211 31.485 37.6237 135.725 15.0152
internal_count=19561 16749 15046 13983 13792 4429 557 497 9363 8562 2063 6499 2298 4201 356 3845 224 2771 975 1796 379 1982 213 1061 806 402 339 434 1417 330
is_linear=0
shrinkage=0.03


Tree=71
num_leaves=31
num_cat=0
split_feature=3 29 16 29 12 14 14 12 14 7 3 5 5 29 11 8 29 4 14 12 7 4 3 5 3 17 5 29 18 8
split_gain=23.7692 12.9911 8.39139 8.07383 7.80873 7.40234 9.81095 12.2313 13.2569 12.0983 17.2878 11.4276 25.7601 17.3979 13.385 10.0566 12.4387 11.4348 11.0629 10.8523 9.81488 9.64413 12.2057 19.7812 14.4757 9.84329 9.8203 9.15075 11.83 11.6714
threshold=0.49395650625228887 75.522090911865249 -1.3792461752891538 84.152141571044936 -0.41899999976158137 1.2750000357627871 0.34499999880790716 0.15049999952316287 0.20499999821186068 -11.99789524078369 361.27072143554693 -0.63756072521209706 -0.8126716911792754 78.088207244873061 81.500000000000014 79.675159454345717 86.164299011230483 17.500000000000004 0.28000000119209295 0.22699999809265139 7.7751605510711679 3.5000000000000004 300.95053100585943 -0.21742309629917142 1005.6416320800782 -1.219604969024658 -0.53371313214302052 84.152141571044936 1.4308754205703738 1.6019884943962099
decision_type=2 2 2 2 2 2 2 2 2 2 2 2 2 2 2 2 2 10 2 2 2 10 2 2 2 2 2 2 2 2
left_child=3 -2 4 -1 -3 6 7 8 21 10 -10 12 13 -8 20 16 17 -9 -19 -17 -15 -4 23 26 25 -24 -23 28 -25 -30
right_child=1 2 5 -5 -6 -7 11 15 9 -11 -12 -13 -14 14 -16 19 -18 18 -20 -21 -22 22 24 27 -26 -27 -28 -29 29 -31
leaf_value=-0.027123571709284935 -0.012238372425377144 0.015809058310741139 0.0068172278076745214 0.031816435286722435 -0.012456967257561897 -0.011799695698890448 -0.011364687603623946 -0.019106887666499747 -0.01457280332716337 -0.016590676364385812 0.024194468363625283 0.0023583780653946237 0.028418089088305801 0.014852972678225291 -0.009011341612591357 0.037200075093402105 0.025537592772101755 -0.018962569370011995 0.030094561675608207 -0.0078824223892770551 0.060506097754077705 -0.0051914785184541566 0.027403588068426181 -0.012474592906220697 0.023970955887449841 -0.011078615633484891 0.034861076609053694 0.032089655477870883 -0.0033791340450594395 0.046753083044102597
leaf_weight=33.976563084870577 66.318166917189956 9.3366003688424808 359.37406206317246 1.4077305290848006 62.407396765425801 33.590919215232134 40.126971624791622 81.0403404943645 19.994433781132102 59.205994645133615 19.479592714458704 216.47963305190206 57.043619655072689 11.798546243458992 9.6764656417071802 7.5057189501822021 6.5473456606268874 6.4624896831810466 8.4446803852915746 10.407594833523033 6.5487468987703314 6.7077136207371977 5.3383338972926131 49.019720716401935 11.912894580513237 127.64604537189007 24.740813294425607 5.5240322407335034 10.378459403291346 5.8617489729076615
leaf_count=1868 1783 88 3445 59 1270 556 674 1137 239 639 150 2669 385 120 104 53 59 206 112 110 63 100 67 1004 135 1730 230 97 254 83
internal_value=-4.36206e-05 0.000606076 0.00128451 -0.0239687 -0.00861173 0.00188243 0.00228593 0.000514094 0.00202571 -0.00811911 0.00468313 0.00655324 0.0137306 0.00120371 0.0189718 -0.0082826 -0.0119046 -0.0146967 0.0089724 0.0119754 0.0334332 0.00368695 -0.000874211 0.00702371 -0.00645655 -0.00934084 0.0264215 -0.00184252 -0.00515571 0.0163779
internal_weight=1374.3 1338.92 1272.6 35.3843 71.744 1200.86 1167.27 825.592 705.184 98.68 39.474 341.674 125.194 68.1507 28.0238 120.408 102.495 95.9475 14.9072 17.9133 18.3473 606.504 247.13 102.232 144.897 132.984 31.4485 70.784 65.2599 16.2402
internal_count=19489 17562 15779 1927 1358 14421 13865 9850 8173 1028 389 4015 1346 961 287 1677 1514 1455 318 163 183 7145 3700 1768 1932 1797 330 1438 1341 337
is_linear=0
shrinkage=0.03


Tree=72
num_leaves=31
num_cat=1
split_feature=3 32 10 9 3 29 14 8 5 2 0 28 29 10 17 14 14 18 11 28 14 10 14 14 2 18 3 17 14 9
split_gain=24.026 13.7175 10.2832 10.1093 11.1715 12.3572 11.6636 11.1744 13.0592 10.3887 9.58049 8.69298 10.9138 23.5801 15.1885 11.7873 11.2697 9.87436 9.34146 8.64681 8.45403 8.45362 7.73484 21.2224 9.29577 8.02931 7.51541 9.61947 7.29917 14.8314
threshold=0.49395650625228887 0 1.2450000047683718 99.756767272949233 411.28997802734381 84.152141571044936 -1.130000054836273 -68.86385345458983 -0.67050644755363453 64.190715789794936 10.714010238647463 25.503168106079105 76.836559295654311 -0.43500000238418574 -0.27559790015220637 0.20499999821186068 -1.0000000180025095e-35 0.87745714187622081 83.500000000000014 18.158067703247074 0.60499998927116405 0.31000000238418585 0.47499999403953558 0.35999999940395361 176.34421539306643 0.4964651763439179 190.72395324707034 -1.2670373916625974 -1.130000054836273 -60.603517532348626
decision_type=2 1 2 2 2 2 2 2 2 2 2 2 2 2 2 2 2 2 2 2 2 2 2 2 2 2 2 2 2 2
left_child=-1 2 28 4 7 6 -6 8 -3 -8 21 12 14 17 16 18 -12 -14 -15 -18 -17 -9 23 25 -24 -11 27 -23 29 -2
right_child=1 3 -4 -5 5 -7 9 10 -10 22 11 -13 13 15 -16 20 19 -19 -20 -21 -22 26 24 -25 -26 -27 -28 -29 -30 -31
leaf_value=-0.023828651330518251 0.048612534974270184 -0.018054760995723139 -0.025976777377404704 -0.014544331086901542 -0.025115523370642674 -0.021837843899113012 -0.024069305009904948 -0.020387363777249916 0.027197219793569326 -0.011369923609519798 -0.010053975925722013 -0.015886133985825258 0.013829117114340077 0.0024584988813063976 -0.016319690854288738 -0.023356689913213498 -0.022085451923879725 0.078743215490448618 0.033972894680431694 0.019559276114377373 0.0099954885478710682 0.035999531507635234 0.017237869905042166 0.051151975438736709 -0.021121524935660173 0.013454687739130418 0.013548824153519464 -0.02151187908132882 0.0036667704856006684 -0.0028821847594173986
leaf_weight=34.683456523343921 8.724648520350458 7.2627266366034773 9.3473686557263118 54.991228468716145 8.1210408117622119 12.766521777957676 6.730578986927866 59.632316267117858 18.890698960050941 12.751844635233281 27.449112014845014 35.006107185035944 4.1829657014459354 23.859956376254559 58.145960038527846 18.277045093476776 4.2794149927794924 4.6517384275794029 12.269652912393211 35.192834822461009 9.8906836342066509 2.127004772424697 9.1190693229436892 12.010125588625668 12.048305468633769 87.00319379940629 15.210567673668264 17.378298839554194 737.51465272903442 10.217731583863495
leaf_count=1930 58 125 194 1111 181 228 166 1823 199 210 603 423 66 316 1431 271 75 73 130 580 155 55 182 91 222 1166 225 608 6526 113
internal_value=0.000466156 0.00111468 0.00370696 -0.00239607 -0.00111781 0.00542395 0.00790994 -0.00409409 0.0144288 0.00999518 -0.00561245 -0.00232579 0.000136975 0.0092706 -0.00523501 0.00261169 0.00449462 0.0525396 0.0137876 0.0146102 -0.0117044 -0.0136267 0.0118868 0.0150152 -0.00456387 0.0102 -0.00176803 -0.0137906 0.0041565 0.022084
internal_weight=1369.74 1335.05 765.804 569.249 514.258 160.551 147.784 353.707 26.1534 139.663 327.554 233.205 198.199 73.132 125.067 64.2973 66.9214 8.8347 36.1296 39.4722 28.1677 94.3482 132.933 111.765 21.1674 99.755 34.7159 19.5053 756.457 18.9424
internal_count=19536 17606 6891 10715 9604 2446 2218 7158 324 2037 6834 4123 3700 1011 2689 872 1258 139 446 655 426 2711 1871 1467 404 1376 888 663 6697 171
cat_boundaries=0 1
cat_threshold=89
is_linear=0
shrinkage=0.03


Tree=73
num_leaves=31
num_cat=1
split_feature=3 4 18 8 18 29 6 14 4 3 6 3 9 32 18 3 11 14 17 14 3 18 14 0 2 3 7 14 9 14
split_gain=25.1871 13.86 11.2479 10.3935 11.785 15.6635 11.0242 10.1303 14.3943 12.4624 12.9251 17.2621 13.9562 12.4212 20.1121 12.174 11.5452 11.4566 10.8128 18.7066 10.4231 15.7135 10.3867 9.89326 11.7863 11.2594 9.44972 9.36383 12.5451 12.515
threshold=0.49395650625228887 1.0000000180025095e-35 2.0485763549804692 -8.6272497177124006 1.9333299994468691 76.484970092773452 -0.54638096690177906 0.074999999254941954 226.50000000000003 898.53802490234386 -0.77289488911628712 68.04062652587892 -13.090242385864256 0 0.40214560925960546 801.39553833007824 88.500000000000014 0.30500000715255743 -1.1682549715042112 -0.15999999642372129 350.07836914062506 0.87745714187622081 -0.22999999672174451 125.10023117065431 413.62651062011724 746.40814208984386 -43.66581726074218 -0.27499999105930323 109.08686828613283 -0.37499999999999994
decision_type=2 8 2 2 2 2 2 2 8 2 2 2 2 1 2 2 2 2 2 2 2 2 2 2 2 2 2 2 2 2
left_child=-1 23 3 4 7 -6 -5 9 13 10 11 -3 20 15 17 16 -9 -15 19 -12 21 -13 -23 27 -25 -26 -14 29 -29 -2
right_child=1 2 -4 6 5 -7 -8 8 -10 -11 18 12 26 14 -16 -17 -18 -19 -20 -21 -22 22 -24 24 25 -27 -28 28 -30 -31
leaf_value=-0.024572512602623348 0.0028565339197470724 -0.018217279071551181 -0.012947326236622252 -0.0010744454818988872 0.058795512585726871 0.00069944635136412459 -0.013819470777811657 0.017596995162179045 0.053975833997750473 0.022821557863250345 -0.022627745059627471 0.037607055505101926 0.021396489200129341 0.042999934578295096 -0.0082537405087968248 -0.018216159056255954 -0.0089513318795433686 0.00018997207966560593 -0.01572600792068481 0.050323327553129286 -0.0077677920732635332 0.020812544573495628 -0.013783956532022877 0.02425601736845508 -0.016889400885921675 0.016658336268262481 -0.01782095612191895 0.0026636821227918597 -0.020451085243633663 0.027260801119423042
leaf_weight=34.188033878803253 52.400932639837265 27.884574111551046 61.791334744542837 337.94803647510707 6.8115627299994221 9.0287093967199308 73.612581202760339 111.67712622322142 4.5769139826297751 15.610225597396491 5.3982808664441109 26.070106849074364 6.2655915729701546 11.131448743864896 96.515672108158469 10.52057024464011 16.336830968037248 10.508401351049541 87.405755704268813 5.4132024347782117 13.549360815435646 16.848939875140786 12.972634371370079 50.41503400541842 15.455174740403889 18.893816020339727 23.068286659196019 153.21204533055425 23.487962523475289 28.835264462977648
leaf_count=1947 651 752 1127 4605 63 107 1286 918 119 167 96 218 52 91 1892 169 133 175 1283 63 127 184 155 404 101 127 341 1611 251 256
internal_value=0.000481086 0.00114127 -0.000658563 0.000171714 0.00299851 0.0276895 -0.00338202 0.00216549 0.00624447 -0.00227345 -0.00410879 0.0022265 0.00812261 0.00518724 -0.00217591 0.0108184 0.0141658 0.0231379 -0.0122188 0.0150663 0.0153873 0.0210384 0.00580385 0.00633239 0.0151649 0.00151291 -0.00901506 0.00338246 -0.00050666 0.0117451
internal_weight=1367.83 1333.65 990.946 929.155 517.594 15.8403 411.561 501.754 261.267 240.487 224.877 126.659 98.7749 256.69 118.156 138.535 128.014 21.6399 98.2172 10.8115 69.441 55.8917 29.8216 342.7 84.764 34.349 29.3339 257.936 176.7 81.2362
internal_count=19471 17524 14123 12996 7105 170 5891 6935 3497 3438 3271 1829 1077 3378 2158 1220 1051 266 1442 159 684 557 339 3401 632 228 393 2769 1862 907
cat_boundaries=0 1
cat_threshold=56
is_linear=0
shrinkage=0.03


Tree=74
num_leaves=31
num_cat=1
split_feature=3 29 10 28 5 10 29 3 9 12 28 20 10 29 0 29 10 3 14 12 32 10 9 29 3 12 12 10 7 14
split_gain=20.4882 11.6639 8.74843 7.78138 9.79551 8.2132 6.74213 6.19321 7.41881 7.43141 12.5802 13.9018 12.9667 17.8129 16.6233 11.6847 8.67317 7.08811 8.27073 16.4936 18.2597 13.7631 12.3185 12.7329 13.2289 10.5884 17.9051 9.22926 8.10688 10.1449
threshold=0.49395650625228887 75.522090911865249 1.3499999642372134 18.289889335632328 -0.30041381716728205 1.2450000047683718 84.152141571044936 108.16881942749025 -174.33585357666013 0.13650000095367434 22.590013504028324 1.0000000180025095e-35 -0.29500000178813929 78.715969085693374 30.870703697204593 84.152141571044936 0.10500000044703485 277.53517150878912 1.0000000180025095e-35 0.23300000280141833 0 -0.73500001430511464 -28.624579429626461 78.715969085693374 695.99041748046886 -0.14199999719858167 -0.38799999654293055 -0.84499999880790699 -49.41180229187011 0.32500000298023229
decision_type=2 2 2 2 2 2 2 2 2 2 2 2 2 2 2 2 2 2 2 2 1 2 2 2 2 2 2 2 2 2
left_child=6 -2 3 4 -3 7 -1 8 -5 15 -11 12 -12 14 -14 -10 -17 28 19 20 -19 27 -23 24 -24 26 -25 -22 -9 -30
right_child=1 2 -4 5 -6 -7 -8 17 9 10 11 -13 13 -15 -16 16 -18 18 -20 -21 21 22 23 25 -26 -27 -28 -29 29 -31
leaf_value=-0.025900573366515502 -0.011403264905992923 0.00025759172584825058 -0.023832224309920165 0.034897084848559121 -0.025839418863780904 0.030668098862027801 0.025694555388653645 0.021144874473085433 -0.010164604045472767 -0.019790707611253077 -0.0041265193459590474 -0.023698908859974922 0.09638469114959354 0.0052153775803422823 0.019656940978383938 0.051591613104318743 -0.0070596090465334348 0.0061892247176565029 0.004432583229749743 -0.024616040518002071 -0.0024828525889638983 -0.023730984184065225 -0.023650809621504055 -0.0070265988065756537 0.0062060927506509475 -0.017058732741195133 0.052570073618241377 0.038957773823823989 0.0094192082353751691 -0.004001254882266045
leaf_weight=31.504407284781337 64.972534846514463 35.900206543505192 11.122766379266976 3.5301979109644881 19.226821491494775 8.1134260315448028 1.6687998045235861 31.93522166274488 119.79911158047616 11.892462344840167 10.346617953851817 6.1846184190362683 5.0446568001061731 9.3552426714450103 5.5038702487945557 4.0365462172776452 3.7428814917802811 179.91351699270308 398.0563080701977 25.551817961037159 11.031806951388718 47.125293359160423 33.664899956434965 7.9149660207331225 21.166240356862545 6.4682141430675975 9.0101875122636557 7.4613254368305197 159.5716415643692 73.40127039141953
leaf_count=1859 1773 628 330 19 568 114 71 213 2468 390 202 125 99 178 41 82 73 2056 3786 449 128 541 234 81 175 78 95 61 1648 862
internal_value=0.000307834 0.000896043 0.00153572 0.00177936 -0.00914255 0.00228837 -0.0226291 0.00206961 -0.00305482 -0.00400942 0.00592417 0.014622 0.0229643 0.0365707 0.0615194 -0.00778913 0.0257831 0.00298008 0.00148118 -0.00188515 -2.08888e-05 -0.00767481 -0.011778 -0.00436848 -0.0122205 0.0137823 0.0258628 0.0153778 0.00718733 0.00519188
internal_weight=1364.22 1331.04 1266.07 1254.95 55.127 1199.82 33.1732 1191.71 179.436 175.906 48.3275 36.435 30.2504 19.9038 10.5485 127.579 7.77943 1012.27 747.365 349.308 323.756 143.843 125.35 78.2245 54.8311 23.3934 16.9252 18.4931 264.908 232.973
internal_count=19427 17497 15724 15394 1196 14198 1930 14084 3677 3658 1035 645 520 318 140 2623 155 10407 7684 3898 3449 1393 1204 663 409 254 176 189 2723 2510
cat_boundaries=0 1
cat_threshold=77
is_linear=0
shrinkage=0.03


Tree=75
num_leaves=31
num_cat=2
split_feature=3 10 12 12 28 17 3 10 12 9 0 32 13 1 3 32 1 10 2 10 24 6 18 3 0 5 12 28 0 10
split_gain=28.0218 10.5813 15.2438 11.8048 11.0921 17.6816 15.1564 14.8888 19.8615 16.9794 15.8603 14.888 14.4376 14.204 12.8429 12.3419 18.9633 11.8095 11.1588 18.5024 11.4779 12.0015 10.725 11.9844 15.6111 10.1552 10.1095 9.97709 9.62732 9.49602
threshold=4.1023669242858896 -0.34499999880790705 0.1970000043511391 -0.18349999934434888 19.008403778076175 0.66239419579505932 220.02209472656253 -0.1950000002980232 -0.33699999749660486 -145.89054870605466 178.04959106445315 0 47.500000000000007 9.4478621482849139 464.47584533691412 1 113.40140533447267 1.2450000047683718 94.811756134033217 0.34499999880790716 1.0000000180025095e-35 -0.61626377701759327 0.91491127014160167 627.35330200195324 76.744964599609389 -0.13282711803913114 -0.25599999725818628 25.763958930969242 27.601115226745609 0.27500000596046453
decision_type=2 2 2 2 2 2 2 2 2 2 2 1 2 2 2 1 2 2 2 2 2 2 2 2 2 2 2 2 2 2
left_child=-1 2 3 -2 5 6 17 10 9 -9 25 13 15 -10 26 -11 28 -3 19 -8 -20 -22 23 -16 -25 27 -13 -6 -17 -15
right_child=1 4 -4 -5 7 -7 18 8 11 12 -12 14 -14 29 22 16 -18 -19 20 -21 21 -23 -24 24 -26 -27 -28 -29 -30 -31
leaf_value=-0.021618388853206334 -0.015575092546228762 -0.01571677232932998 -0.022341944583381127 0.0021932196351226265 0.0048506997633474599 -0.021992092775305797 0.027606453821908829 0.02062432506671422 0.03589603588807444 -0.011336800202476158 -0.026274200223089586 0.02141977890650195 -0.021378503955494291 0.011568200819017119 0.041097317120686032 0.013395842531463729 0.044400035504066751 0.031431077965342766 -0.0047138296321653887 -0.027104928098788436 -0.013231369753673618 0.036375748907912529 -0.0036468162990340638 -0.023506427371680436 0.036884496503133926 0.030382638419175715 -0.011384927443150219 0.034639467983157132 -0.024913021242703223 0.0022049460635763696
leaf_weight=49.311519695445895 40.876044295728207 56.826995942741632 35.339443936944008 170.48911338858306 55.77549709379673 37.035578537732363 33.739757599309087 16.670022215694189 15.143588004633783 40.117008587345481 7.172265823930501 8.3072468228638154 60.791359711438417 203.9212801810354 13.45327262952924 13.19156230799854 10.68597782216966 4.2876254450529805 78.305579356849194 5.7934133838862172 5.8209541924297836 12.745759990066288 30.041082540526986 8.2062110155820829 5.6271955724805585 35.020486725494266 100.3633661326021 11.491159453988073 9.123688053339718 187.0355642195791
leaf_count=2790 789 1501 721 2395 516 995 339 125 242 389 47 76 688 1506 119 160 111 47 1487 159 93 144 367 112 47 314 1330 93 105 1631
internal_value=0.000354415 0.0011952 -0.00439234 -0.00130017 0.00249039 -0.00326167 0.000343428 0.0041137 0.0025419 -0.00712051 0.0143742 0.00509308 -0.0107017 0.00806681 -0.00251884 -0.00165613 0.0103805 -0.0119563 0.00590104 0.0191178 0.000367098 0.0209418 0.00872355 0.0219901 0.00189003 0.0174512 -0.00870475 0.0103724 -0.00266365 0.00710583
internal_weight=1362.71 1313.4 246.705 211.365 1066.69 234.556 197.52 832.138 722.678 150.58 109.459 572.099 133.91 406.1 165.998 73.1182 33.0012 61.1146 136.405 39.5332 96.8723 18.5667 57.3278 27.2867 13.8334 102.287 108.671 67.2667 22.3153 390.957
internal_count=19438 16648 3905 3184 12743 4765 3770 7978 7008 1578 970 5430 1453 3379 2051 765 376 1548 2222 498 1724 237 645 278 159 923 1406 609 265 3137
cat_boundaries=0 1 2
cat_threshold=29 25
is_linear=0
shrinkage=0.03


Tree=76
num_leaves=31
num_cat=2
split_feature=3 0 18 28 5 7 3 2 10 10 1 14 29 12 17 5 12 17 7 17 29 4 1 29 3 32 12 32 12 12
split_gain=22.3987 9.57394 8.46374 11.5182 11.3833 13.4614 11.5918 10.6932 11.1464 15.4664 13.8141 8.03942 7.49732 7.33844 9.00783 10.3522 14.9863 9.62214 6.94074 6.79843 6.67041 6.45474 8.95371 7.578 8.76755 8.08655 6.54893 11.2829 14.5053 8.55077
threshold=0.85626241564750682 19.738548278808597 0.5034179985523225 19.008403778076175 -0.88134551048278797 -53.312835693359368 216.37103271484378 269.73716735839849 -0.32500000298023218 -0.21000000089406964 1.2416189908981325 -0.30500000715255732 84.152141571044936 -1.0000000180025095e-35 -1.2670373916625974 -0.30041381716728205 -0.10600000247359274 -1.6015719771385191 -43.66581726074218 -0.20425185561180112 77.177566528320327 16.500000000000004 28.210255622863773 75.77988433837892 70.753379821777358 0 0.26950000226497656 1 0.54000002145767223 0.26000000536441809
decision_type=2 2 2 2 2 2 2 2 2 2 2 2 2 2 2 2 2 2 2 2 2 10 2 2 2 1 2 1 2 2
left_child=12 2 4 13 -2 -6 19 8 18 11 20 -10 -1 14 17 16 -16 -4 -5 -7 -11 23 -23 -3 -25 -26 29 28 -28 -27
right_child=1 21 3 7 5 6 -8 -9 9 10 -12 -13 -14 -15 15 -17 -18 -19 -20 -21 -22 22 -24 24 25 26 27 -29 -30 -31
leaf_value=-0.026965453510151217 -0.022539725824229792 -0.0058980709808284749 -0.014781487136802106 0.0057072342954443611 -0.017471086664576637 0.033285278616983549 0.032405591563156505 -0.016858692278543221 0.0088825363989802411 0.060340479152527986 2.1950995192694198e-05 0.060543356851572423 0.028620637013381238 -0.023059265182921229 -0.008309937316578116 -0.02648477968301122 0.044366265149644347 0.055388471850948424 -0.01910320433387205 -0.013577591068108213 0.0014374394388219139 0.053043429207257596 0.0013738096070131614 -0.01106310827166561 -0.012072589907512157 0.0044228768439262527 -0.0078197423617137468 -0.015265033828933081 0.019587163206234406 0.024481291598889988
leaf_weight=32.975646856240928 8.808911466971038 102.88747329264879 2.489233048632741 14.060749080032108 9.6060417965054494 2.7043457292020276 25.131295064464211 33.914682751521468 5.3395194560289383 4.2661581151187411 134.62374662049115 5.5026431679725629 1.5377945061773051 42.006643630564213 33.015588855370879 21.656586280092597 4.6715123243629924 3.0932930503040543 32.214673183858395 10.270594120025637 2.6512159574776888 4.3012179695069772 7.1369899585843086 38.720837701112032 19.589465627446771 650.72806896455586 37.373099870979786 31.309270706027746 30.864856468513608 18.772077394649386
leaf_count=2019 186 1642 71 169 79 75 221 377 96 93 2015 59 66 1391 544 728 76 66 824 239 87 58 107 589 358 6131 277 554 217 136
internal_value=-0.000237393 0.000386597 -0.00352154 -0.00531218 0.00713969 0.0129695 0.0208937 -0.00154631 0.00113914 0.00505916 0.00228698 0.0380001 -0.0237526 -0.0134125 -0.00691611 -0.0104584 -0.000802427 0.0266076 -0.0116033 -0.00212719 0.0407977 0.00203217 0.0235061 0.00174317 0.00269938 0.00338825 0.00390333 -0.00320027 0.00408989 0.00502097
internal_weight=1372.22 1337.71 396.027 339.506 56.5212 47.7123 38.1062 232.573 198.659 152.383 141.541 10.8422 34.5134 106.933 64.9262 59.3437 37.6871 5.58253 46.2754 12.9749 6.91737 941.683 11.4382 930.245 827.358 788.637 769.047 99.5472 68.238 669.5
internal_count=19550 17465 7396 6596 800 614 535 3720 3343 2350 2195 155 2085 2876 1485 1348 620 137 993 314 180 10069 165 9904 8262 7673 7315 1048 494 6267
cat_boundaries=0 1 2
cat_threshold=2 88
is_linear=0
shrinkage=0.03


Tree=77
num_leaves=31
num_cat=1
split_feature=3 29 16 1 9 0 31 10 0 0 15 15 10 10 4 16 8 10 17 4 18 29 8 10 0 7 2 3 1 10
split_gain=19.845 13.3127 7.70543 7.71942 8.24059 10.8715 9.71303 9.91278 11.3641 13.1784 10.9969 9.66323 10.7497 14.0082 18.2788 10.464 10.1068 15.2491 9.92685 10.6763 9.60873 12.8814 9.3246 9.30268 9.249 9.03474 8.72486 8.56936 8.40686 8.01965
threshold=0.49395650625228887 75.522090911865249 -1.5601966381072996 433.40080261230474 26.10262489318848 134.86100769042972 0 0.2650000005960465 28.057172775268558 8.5705370903015154 48.500000000000007 48.500000000000007 -0.32500000298023218 -0.094999998807907091 7.5000000000000009 0.49182637035846716 -13.904138565063475 -0.5349999964237212 -0.33403448760509485 8.5000000000000018 0.65759998559951793 77.177566528320327 133.07139587402347 -0.39499999582767481 97.897407531738295 -2.5677667856216426 395.98118591308599 312.98873901367193 102.90621566772462 0.22500000149011615
decision_type=2 2 2 2 2 2 1 2 2 2 2 2 2 2 10 2 2 2 2 10 2 2 2 2 2 2 2 2 2 2
left_child=-1 -2 -3 4 5 11 7 8 9 -6 -11 -4 16 14 27 18 -13 25 19 -15 21 24 -9 -22 -10 -18 -24 -14 -25 -7
right_child=1 2 3 -5 6 29 -8 22 20 10 -12 12 13 15 -16 -17 17 -19 -20 -21 23 -23 26 28 -26 -27 -28 -29 -30 -31
leaf_value=-0.023943430721023343 -0.013288355288260879 -0.01104862865990173 0.0045601942109067574 0.024130061256290934 -0.0075477521502367584 0.003683623057420371 -0.010280609127716295 -0.012813534623075992 0.011545709900970681 0.011309128980184617 0.054382028247242309 -0.024199977186036541 0.016748858546330563 0.0097968532239124106 0.044299159303030307 0.0080570430878110864 0.047053512295463201 -0.027207192863067369 -0.014577836052841402 -0.01654403565774713 -0.021237129718000222 0.025129075992067668 0.032081971184004673 0.023264448311881718 -0.023422665390588123 0.0010186518319278016 -0.0066322053950007322 -0.01503153236212032 -0.0029253916089709603 0.037046656343617097
leaf_weight=31.076894453726709 64.169616227969527 48.021501693874598 482.10450959764421 11.941222775727509 10.314195562154056 12.493827678263189 98.4173484724015 73.906112421303988 14.53875156119466 11.654386304318907 10.010816650465129 33.649076249450445 15.786734167486431 43.107105329632759 12.934743411839007 55.114372555166483 5.3467047661542901 9.5535924192517978 75.107664115726948 19.193688865751028 21.370416823774576 27.855743527412415 8.0960868597030657 11.416262421756981 11.153935991227625 9.8180939462035894 11.713776171207426 13.026343725621699 97.863052945584059 13.053398609161375
leaf_count=1944 1810 993 5851 70 123 89 2076 650 96 119 80 549 133 447 161 651 101 196 1166 396 216 197 61 87 67 241 88 119 684 81
internal_value=-0.000625711 -6.44396e-05 0.000614425 0.00108197 0.00083449 0.0026029 -0.00262949 0.00015145 0.00368782 0.0199065 0.032733 0.00195341 -0.00234203 0.000545224 0.0160855 -0.00289032 -0.0137447 0.000875677 -0.00730779 0.00154857 0.000779745 0.0113632 -0.00794282 -0.00361139 -0.00394384 0.0191561 0.00997123 0.00235874 -3.22499e-06 0.0214839
internal_weight=1363.81 1332.73 1268.56 1220.54 1208.6 800.29 408.311 309.894 216.178 31.9794 21.6652 774.743 292.638 234.271 41.7478 192.523 58.3675 24.7184 137.408 62.3008 184.198 53.5484 93.716 130.65 25.6927 15.1648 19.8099 28.8131 109.279 25.5472
internal_count=19542 17598 15788 14795 14725 10181 4544 2468 1669 322 199 10011 4160 3073 413 2660 1087 538 2009 843 1347 360 799 987 163 342 149 252 771 170
cat_boundaries=0 1
cat_threshold=10
is_linear=0
shrinkage=0.03


Tree=78
num_leaves=31
num_cat=1
split_feature=3 32 12 14 9 5 14 5 28 14 9 11 18 29 14 12 2 14 14 8 18 12 10 12 3 18 14 11 1 3
split_gain=20.0991 8.64223 13.9819 15.2353 26.4312 16.8852 13.9954 15.0751 12.6167 14.8087 14.4467 12.2669 12.7136 11.5515 15.7572 12.8824 11.9965 11.3132 25.0025 12.1887 12.062 11.269 11.2283 15.7336 15.4922 10.9779 10.9305 17.4012 13.2384 10.8855
threshold=0.49395650625228887 0 -0.16650000214576718 0.35999999940395361 25.02580547332764 -0.17521348595619199 0.2950000017881394 -0.96105405688285817 18.767070770263675 -1.0000000180025095e-35 -3.7271519899368282 78.500000000000014 0.4964651763439179 79.001594543457045 0.55000001192092907 0.23849999904632571 184.48174285888675 0.044999998994171626 -0.3299999982118606 -5.1803369522094718 0.44139750301837927 -0.48800000548362726 1.1600000262260439 0.54000002145767223 1052.5799560546877 0.88871797919273388 0.47499999403953558 83.500000000000014 19.726430892944339 332.30853271484381
decision_type=2 1 2 2 2 2 2 2 2 2 2 2 2 2 2 2 2 2 2 2 2 2 2 2 2 2 2 2 2 2
left_child=-1 22 3 5 26 11 7 -4 10 -10 17 -3 -13 16 -15 -16 -8 18 19 -9 -19 -14 23 29 -25 -11 -5 28 -28 -2
right_child=1 2 6 4 -6 -7 13 8 9 25 -12 12 21 14 15 -17 -18 20 -20 -21 -22 -23 -24 24 -26 -27 27 -29 -30 -31
leaf_value=-0.023771359163156935 0.0067003347211795202 -0.0050896862916633536 -0.029535458056502151 0.040665066800725742 -0.019969513899309437 -0.020845047609073807 -0.027637207421212381 -0.015848776044025421 -0.012308817707286866 0.023540083659237647 -0.0065674547319347753 -0.021866831564397182 -0.0064584382012350897 -0.020590916615528958 -0.0074492496851897537 0.048929483867806781 0.002665083739823818 0.026772220172336304 0.058092984322982696 0.033417982398901848 -0.027826534751187584 0.025510223927313114 -0.021139081946719603 0.032116990172923923 -0.012679774477376343 -0.0074671402442477476 0.051740854656828227 -0.025499298280538939 0.0095257600485964284 -0.00086677063134976337
leaf_weight=30.296109894290566 285.41335214674473 77.810608264058828 15.648260671645401 20.547343133017421 15.196317549794911 32.874043703079224 59.104112121276557 10.012831311672928 87.700234889984131 21.627567367628217 27.824534315615892 7.456406380981206 12.577400518581269 13.845452319830658 6.292042061686514 6.9821307640522718 14.411509454250334 5.7359066661447269 14.249332483857872 6.6895468048751345 6.9405956733971834 40.557299973443151 16.475978540256619 28.900037974119186 8.4512561373412591 18.139927368611097 9.0889779813587683 7.4353307653218499 21.646523220464587 424.44182055443525
leaf_count=1934 2755 1077 434 164 295 947 2036 241 1671 237 750 123 195 248 119 103 322 35 174 105 152 423 262 184 88 333 93 137 209 3574
internal_value=-8.66536e-06 0.000552577 -0.00225612 0.00306974 0.0143555 -0.00185572 -0.00646694 -0.00211252 0.000181671 -0.00546488 0.0101912 0.00277193 0.0127865 -0.015639 0.00108678 0.0235559 -0.0217409 0.0207869 0.0303054 0.00465639 -0.00297036 0.0179635 0.00260925 0.00319533 0.0219148 0.00955993 0.0234245 0.0133426 0.0232464 0.0021809
internal_weight=1354.37 1324.08 560.394 245.19 73.9145 171.276 315.204 214.569 198.92 127.468 71.4527 138.402 60.5911 100.635 27.1196 13.2742 73.5156 43.6282 30.9517 16.7024 12.6765 53.1347 763.682 747.206 37.3513 39.7675 58.7182 38.1708 30.7355 709.855
internal_count=19420 17486 10623 3663 898 2765 6960 4132 3698 2241 1457 1818 741 2828 470 222 2358 707 520 346 187 618 6863 6601 272 570 603 439 302 6329
cat_boundaries=0 1
cat_threshold=89
is_linear=0
shrinkage=0.03


Tree=79
num_leaves=31
num_cat=1
split_feature=3 4 18 9 16 12 1 6 4 14 9 5 28 16 12 17 12 18 6 31 10 12 12 16 10 18 1 13 9 10
split_gain=18.1946 12.0452 10.6738 10.3561 9.78483 9.75907 12.9356 10.0922 9.53217 8.62298 9.06221 7.98783 12.186 10.4641 11.3934 8.30117 7.77825 7.53985 13.732 7.2475 13.5928 13.0724 10.4338 8.49719 11.7045 17.5046 11.5043 10.0713 7.82522 8.35801
threshold=4.1023669242858896 1.5000000000000002 2.0485763549804692 -30.292024612426754 1.6537657380104067 0.32000000774860388 239.44480133056643 -0.97789707779884327 249.50000000000003 0.38499999046325689 -2.5698010921478267 -0.85957497358322132 25.763958930969242 -0.50422024726867665 -0.30349999666213984 -1.5257284045219419 -0.30349999666213984 0.6304229497909547 -0.96645781397819508 0 -0.39499999582767481 0.15049999952316287 0.14050000160932544 0.56353142857551586 -0.26999999582767481 0.93402358889579784 97.838859558105483 53.500000000000007 -22.570696830749508 -0.18500000238418576
decision_type=2 8 2 2 2 2 2 2 10 2 2 2 2 2 2 2 2 2 2 1 2 2 2 2 2 2 2 2 2 2
left_child=3 5 4 -1 8 -2 7 -7 11 10 -10 12 15 -14 -15 -3 -17 18 -13 20 -19 22 28 24 26 -26 -22 -25 -21 -30
right_child=1 2 -4 -5 -6 6 -8 -9 9 -11 -12 17 13 14 -16 16 -18 19 -20 21 23 -23 -24 27 25 -27 -28 -29 29 -31
leaf_value=0.02867859629093937 0.0055256867980391202 0.027103209817604498 -0.014972622225071282 -0.022381141239479801 0.022504820745264557 0.021618655211375661 0.019893091932871351 -0.019632632513594529 -0.024468821762719261 0.06066328993454128 0.040693072853005843 -0.0097571394568107053 -0.020920823448550469 -0.010429760623930882 0.035657213036484343 -0.0034809875602271447 -0.019401447212422623 -0.019768470272839272 0.011645253935792911 0.0027291105431537957 0.047761702283363718 -0.019458569800505442 0.03401693024511071 0.023203605796424279 -0.023719217476985237 0.0043302276393549265 -0.0014993103074316932 -0.0076465839169798499 0.0020539936286176961 -0.015794629253274673
leaf_weight=3.0414196234196416 451.18659318238497 3.8081949539482585 51.248427068814635 43.300717549398541 14.682883841916917 5.2773951254785052 11.453505791723726 40.916016709059477 3.5436755195260048 3.1619449257850647 2.3354093804955465 36.029344698414207 6.4744620323181179 6.6859951987862649 13.458262886852021 44.599821485579014 73.808686427772045 21.085262337699533 99.462475826963782 94.455631516873837 7.8082275018095961 48.184422118589282 5.9273934345692387 37.140745114535093 25.941365597769618 77.145056637004018 8.1609748303890211 12.142757166177033 36.996890179812901 63.262883985415108
leaf_count=130 4454 49 899 2678 164 57 67 522 103 61 61 516 78 62 121 661 1675 296 1073 1369 80 1165 70 209 204 563 47 71 779 1221
internal_value=-0.000224998 0.000436759 -0.00186357 -0.0184951 -0.000944542 0.0040389 -0.00749356 -0.0145616 -0.00144522 0.0275895 0.00356874 -0.00184614 -0.00801416 0.0101021 0.0205909 -0.0120098 -0.0134842 -0.000234924 0.00592424 -0.00214827 0.00226635 -0.00537997 -0.00218607 0.00526059 0.000885578 -0.00288839 0.0239823 0.0156017 -0.00345631 -0.00925306
internal_weight=1352.73 1306.38 797.551 46.3421 746.303 508.834 57.6469 46.1934 731.62 9.04103 5.87908 722.579 148.835 26.6187 20.1443 122.217 118.409 573.743 135.492 438.252 189.424 248.827 200.643 168.339 119.056 103.086 15.9692 49.2835 194.715 100.26
internal_count=19505 16697 11597 2808 10698 5100 646 579 10534 225 164 10309 2646 261 183 2385 2336 7663 1589 6074 1470 4604 3439 1174 894 767 127 280 3369 2000
cat_boundaries=0 1
cat_threshold=2
is_linear=0
shrinkage=0.03


Tree=80
num_leaves=31
num_cat=1
split_feature=3 0 28 10 18 2 13 13 16 1 3 9 13 9 13 4 10 16 10 18 10 3 3 31 5 5 10 16 9 5
split_gain=21.8456 10.2436 7.03642 8.96745 9.45681 8.8726 6.73033 6.24003 8.2995 9.68848 8.90817 10.4236 8.65104 7.36204 6.86746 7.14402 6.05129 5.94625 13.5701 8.95994 9.03381 5.94156 17.7863 24.4442 15.4704 11.1676 8.74454 8.04641 7.4566 7.06476
threshold=0.64668726921081554 19.738548278808597 19.008403778076175 0.31000000238418585 0.87745714187622081 98.978710174560561 37.500000000000007 53.500000000000007 -0.37346102297306055 29.426011085510257 584.79080200195324 35.408170700073249 37.500000000000007 -5.6913642883300772 52.500000000000007 1.5000000000000002 0.22500000149011615 -0.63776403665542591 -0.23499999940395352 0.99228918552398693 -0.094999998807907091 609.40325927734386 507.98284912109381 0 -0.53371313214302052 0.16665012389421466 -0.17000000178813932 1.3583245873451235 -109.36835861206053 -0.93404099345207203
decision_type=2 2 2 2 2 2 2 2 2 2 2 2 2 2 2 10 2 2 2 2 2 2 2 1 2 2 2 2 2 2
left_child=-1 2 3 4 5 -2 -5 8 10 -10 11 -3 -12 16 15 -15 -14 18 -9 -20 -21 22 23 24 -11 26 -26 -25 -24 -30
right_child=1 7 -4 6 -6 -7 -8 17 9 21 12 -13 13 14 -16 -17 -18 -19 19 20 -22 -23 28 27 25 -27 -28 -29 29 -31
leaf_value=-0.024716726142104638 0.012285614472997065 -0.00017467253640148482 -0.00071071736392930036 -0.022047485310711289 -0.022896302046097199 -0.019900060332878434 0.0074303987697820076 -0.018235294292830103 0.033162777537452372 -0.0087639495445711556 -0.011873059482753209 -0.017002790685379549 0.010126114410983596 -0.015298338838613017 0.025792969278711168 0.011206252231844922 0.046350394400190412 -0.0054284437387766534 0.035925253187600807 0.035462315589146524 -0.0059545339821083223 -0.00018173390554326782 -0.0046242120903370329 -0.0075017585768503182 0.034690420175306769 -0.00058770243776039624 0.015204879611536899 0.01488893069836339 -0.0018324071180911836 0.029657755897788914
leaf_weight=30.319727362133563 16.987095348536972 113.68326342105865 271.4411199754104 7.6493191244080654 50.861479183658957 12.496432313695548 35.014455812051892 13.416507499292491 10.400039926171301 24.116515042260289 16.120835941284895 45.763058423995972 9.1715217679739016 15.871368322521446 10.467173404991625 19.011113533750176 7.8643747549504033 146.75151154957712 12.242068137973545 5.3652026522904626 17.754705907776955 136.66754789091647 8.2085240092128497 129.71964393183589 31.470991853624582 25.26153877004981 66.830753257498145 15.303153965622185 7.2654818762093774 47.228431839495897
leaf_count=2010 370 1365 4230 224 1528 310 787 224 139 174 194 592 99 137 72 173 62 1644 88 44 235 1330 63 1945 171 214 366 176 128 365
internal_value=4.87048e-05 0.000631246 -0.00341827 -0.00933908 -0.0151827 -0.00156141 0.00176132 0.00233971 0.00359763 0.00577986 -0.00101538 -0.00508042 0.00720076 0.0122391 0.00565092 -0.000943478 0.0284913 -0.00241783 0.00656679 0.0162195 0.00472843 0.00513504 0.00717432 0.00403247 0.0121139 0.0171989 0.0217296 -0.00472938 0.0215474 0.0255019
internal_weight=1360.72 1330.41 394.45 123.009 80.345 29.4835 42.6638 935.955 740.425 502.473 237.953 159.446 78.5064 62.3856 45.3497 34.8825 17.0359 195.53 48.7785 35.362 23.1199 492.073 355.405 292.703 147.68 123.563 98.3017 145.023 62.7024 54.4939
internal_count=19459 17449 7449 3219 2208 680 1011 10000 7765 5071 2694 1957 737 543 382 310 161 2235 591 367 279 4932 3602 3046 925 751 537 2121 556 493
cat_boundaries=0 1
cat_threshold=3
is_linear=0
shrinkage=0.03


end of trees

feature_importances:
dmi=290
oni=267
nino34=226
doy_sin=174
season_to_date=173
rmm1=165
centroid_lon=128
amplitude=119
rmm2=109
rain_prev_30=102
centroid_lat=102
rain_prev_30_anom=100
days_since_wet=68
zone_id=64
rain_prev_14_anom=58
rain_prev_14=54
rain_prev_7_anom=50
rain_prev_7=43
doy_cos=39
oni_age_days=33
dmi_age_days=27
mjo_phase_1=9
state=8
mjo_phase_5=7
nino34_age_days=6
mjo_phase_3=3
mjo_phase_4=2
mjo_phase_2=1
mjo_phase_6=1
mjo_phase_7=1
mjo_phase_8=1

parameters:
[boosting: gbdt]
[objective: binary]
[metric: binary_logloss]
[tree_learner: serial]
[device_type: cpu]
[data_sample_strategy: bagging]
[data: ]
[valid: ]
[num_iterations: 2000]
[learning_rate: 0.03]
[num_leaves: 31]
[num_threads: 0]
[seed: 42]
[deterministic: 0]
[force_col_wise: 0]
[force_row_wise: 0]
[histogram_pool_size: -1]
[max_depth: -1]
[min_data_in_leaf: 60]
[min_sum_hessian_in_leaf: 0.001]
[bagging_fraction: 0.8]
[pos_bagging_fraction: 1]
[neg_bagging_fraction: 1]
[bagging_freq: 1]
[bagging_seed: 400]
[bagging_by_query: 0]
[feature_fraction: 0.8]
[feature_fraction_bynode: 1]
[feature_fraction_seed: 30056]
[extra_trees: 0]
[extra_seed: 12879]
[early_stopping_round: 0]
[early_stopping_min_delta: 0]
[first_metric_only: 0]
[max_delta_step: 0]
[lambda_l1: 0]
[lambda_l2: 1]
[linear_lambda: 0]
[min_gain_to_split: 0]
[drop_rate: 0.1]
[max_drop: 50]
[skip_drop: 0.5]
[xgboost_dart_mode: 0]
[uniform_drop: 0]
[drop_seed: 17869]
[top_rate: 0.2]
[other_rate: 0.1]
[min_data_per_group: 100]
[max_cat_threshold: 32]
[cat_l2: 10]
[cat_smooth: 10]
[max_cat_to_onehot: 4]
[top_k: 20]
[monotone_constraints: ]
[monotone_constraints_method: basic]
[monotone_penalty: 0]
[feature_contri: ]
[forcedsplits_filename: ]
[refit_decay_rate: 0.9]
[cegb_tradeoff: 1]
[cegb_penalty_split: 0]
[cegb_penalty_feature_lazy: ]
[cegb_penalty_feature_coupled: ]
[path_smooth: 0]
[interaction_constraints: ]
[verbosity: -1]
[saved_feature_importance_type: 0]
[use_quantized_grad: 0]
[num_grad_quant_bins: 4]
[quant_train_renew_leaf: 0]
[stochastic_rounding: 1]
[linear_tree: 0]
[max_bin: 255]
[max_bin_by_feature: ]
[min_data_in_bin: 3]
[bin_construct_sample_cnt: 200000]
[data_random_seed: 175]
[is_enable_sparse: 1]
[enable_bundle: 1]
[use_missing: 1]
[zero_as_missing: 0]
[feature_pre_filter: 1]
[pre_partition: 0]
[two_round: 0]
[header: 0]
[label_column: ]
[weight_column: ]
[group_column: ]
[ignore_column: ]
[categorical_feature: 31,32]
[forcedbins_filename: ]
[precise_float_parser: 0]
[parser_config_file: ]
[objective_seed: 16083]
[num_class: 1]
[is_unbalance: 0]
[scale_pos_weight: 1]
[sigmoid: 1]
[boost_from_average: 1]
[reg_sqrt: 0]
[alpha: 0.9]
[fair_c: 1]
[poisson_max_delta_step: 0.7]
[tweedie_variance_power: 1.5]
[lambdarank_truncation_level: 30]
[lambdarank_norm: 1]
[label_gain: ]
[lambdarank_position_bias_regularization: 0]
[eval_at: ]
[multi_error_top_k: 1]
[auc_mu_weights: ]
[num_machines: 1]
[local_listen_port: 12400]
[time_out: 120]
[machine_list_filename: ]
[machines: ]
[gpu_platform_id: -1]
[gpu_device_id: -1]
[gpu_device_id_list: ]
[gpu_use_dp: 0]
[num_gpu: 1]

end of parameters

pandas_categorical:[["Bihar", "Madhya Pradesh", "Maharashtra", "Uttar Pradesh"], ["BI-2", "BI-3", "MH-6/MH-7", "MP-10", "MP-10/MP-5", "UP-10", "UP-8"]]
