tree
version=v4
num_class=1
num_tree_per_iteration=1
label_index=0
max_feature_idx=32
objective=binary sigmoid:1
feature_names=rain_prev_7 rain_prev_14 rain_prev_30 season_to_date days_since_wet doy_sin doy_cos rain_prev_7_anom rain_prev_14_anom rain_prev_30_anom oni oni_age_days dmi dmi_age_days nino34 nino34_age_days rmm1 rmm2 amplitude mjo_age_days mjo_phase_1 mjo_phase_2 mjo_phase_3 mjo_phase_4 mjo_phase_5 mjo_phase_6 mjo_phase_7 mjo_phase_8 centroid_lat centroid_lon small_unit state zone_id
feature_infos=[0:563.739501953125] [0:825.598876953125] [0:1061.04931640625] [0:2138.258544921875] [0:323] [-0.99819540977478027:0.7295575737953186] [-0.99941062927246094:-0.060048960149288177] [-119.4168701171875:466.78271484375] [-199.28990173339844:623.6695556640625] [-325.978759765625:676.28131103515625] [-1.3700000047683716:1.690000057220459] [63:90] [-0.86100000143051147:0.81099998950958252] [32:59] [-1.3799999952316284:1.9700000286102295] [32:59] [-2.703779935836792:3.1550700664520264] [-2.4152100086212158:3.5100479125976562] [0.026713300496339798:3.5471172332763672] none [0:1] [0:1] [0:1] [0:1] [0:1] [0:1] [0:1] [0:1] [18.132350921630859:26.753688812255859] [75.09625244140625:87.400367736816406] none -1:2:1:3:0 -1:2:4:3:5:6:0:1
tree_sizes=3344 3467 3476 3454 3466 3484 3475 3488 3443 3467 3468 3433 3477 3475 3464 3471 3470 3481 3493 3478 3478 3483 3486 3493 3476 3453 3462 3492 3479 3472 3480 3471 3474 3477 3489 3483 3492 3484 3489 3482 3465 3505 3485 3488 3480 3463 3493 3502 3460 3489 3466 3482 3492 3474 3507 3487 3472 3498 3488 3462 3487 3481 3496 3458

Tree=0
num_leaves=31
num_cat=0
split_feature=28 3 5 28 10 10 12 14 10 10 10 12 10 9 3 16 9 16 3 2 28 28 14 12 14 12 10 9 10 3
split_gain=470.521 528.436 398.547 428.271 213.72 123.94 129.047 97.1691 129.161 122.305 87.5471 78.3705 92.477 108.719 106.397 108.973 68.5656 64.2096 62.844 55.2084 52.4626 50.9954 50.9683 53.6376 43.856 194.748 64.0085 40.6681 39.5472 37.934
threshold=20.863806724548343 41.621149063110359 -0.83753159642219532 24.009605407714847 -0.39499999582767481 -0.17000000178813932 -0.30349999666213984 1.0000000180025095e-35 0.28499999642372137 0.34499999880790716 -0.060000000521540635 -0.23350000381469724 -0.1950000002980232 46.998497009277351 399.31550598144537 0.32726836204528814 -134.18791198730466 -1.2910532951354978 709.90991210937511 128.44023132324222 25.503168106079105 24.994574546813968 0.18500000238418582 -0.55099999904632557 0.2950000017881394 0.50899998843669902 0.39499999582767492 -81.345256805419908 -0.67500001192092884 105.04207992553712
decision_type=2 2 2 2 2 2 2 2 2 2 2 2 2 2 2 2 2 2 2 2 2 2 2 2 2 2 2 2 2 2
left_child=11 27 20 4 -4 17 16 -8 10 -10 -9 12 -1 14 22 19 -7 -6 -11 -16 -3 -5 -14 -24 25 26 -13 -2 -23 -25
right_child=1 2 3 21 5 6 7 8 9 18 -12 24 13 -15 15 -17 -18 -19 -20 -21 -22 28 23 29 -26 -27 -28 -29 -30 -31
leaf_value=-1.9830696632676532 -1.9088710399008906 -1.9675208376451101 -1.9479809112572863 -1.9742323440910423 -1.9257130390877053 -1.8617414292491701 -1.935416834454839 -1.9170984916524978 -1.9532633319801447 -1.8588066137822656 -1.8154617940158386 -1.972206781649682 -1.9719400471903814 -1.9801770174602606 -1.8802824187444442 -1.8174047423344497 -1.951443014415114 -1.8328777449840683 -1.9425234713580919 -1.9613225612007112 -1.938664172665306 -1.8985565340710284 -1.9757948399927427 -1.8650459922490832 -1.9833217053852716 -1.8174910322406768 -1.884262121136892 -1.9757878295276441 -1.9406787072439189 -1.9328448679414489
leaf_weight=69.862611427903175 7.5085984244942656 189.23844435065985 51.471986301243305 37.107711054384708 8.379160560667513 8.379160560667513 24.70220061391592 10.229105100035666 23.178716875612736 49.839682295918465 43.636927075684071 384.13554258644581 39.284116394817829 48.425018824636936 13.384892843663694 12.29669017344713 42.222263604402542 55.498336181044579 9.9026442989706975 15.561298184096811 79.874075993895531 21.111131802201271 12.840791508555411 12.079049639403822 273.79179182648659 6.6380362883210173 6.6380362883210173 300.67039778083563 232.54891062527895 19.043546728789806
leaf_count=642 69 1739 473 341 77 77 227 94 213 458 401 3530 361 445 123 113 388 510 91 143 734 194 118 111 2516 61 61 2763 2137 175
internal_value=-1.95261 -1.94023 -1.92848 -1.91523 -1.89175 -1.88132 -1.89288 -1.87983 -1.86999 -1.89466 -1.83376 -1.9688 -1.95419 -1.94241 -1.92762 -1.88883 -1.93511 -1.84445 -1.87229 -1.92268 -1.95894 -1.94179 -1.94736 -1.92546 -1.97408 -1.96765 -1.97054 -1.97402 -1.93697 -1.90462
internal_weight=2109.48 1195.5 887.32 618.208 327.44 275.968 212.091 161.489 136.787 82.921 53.866 913.981 242.778 172.915 124.49 41.2429 50.6014 63.8775 59.7423 28.9462 269.113 290.768 83.2475 43.9634 671.203 397.412 390.774 308.179 253.66 31.1226
internal_count=19385 10986 8154 5681 3009 2536 1949 1484 1257 762 495 8399 2231 1589 1144 379 465 587 549 266 2473 2672 765 404 6168 3652 3591 2832 2331 286
is_linear=0
shrinkage=1


Tree=1
num_leaves=31
num_cat=1
split_feature=32 1 5 28 10 5 12 9 5 10 3 14 10 5 10 12 8 8 5 28 5 3 10 16 3 28 14 12 29 10
split_gain=547.139 413.648 319.635 129.776 199.8 119.511 92.6396 103.127 81.0926 79.7796 74.8008 127.134 112.886 77.1004 75.9402 65.9132 63.3698 55.1578 51.603 49.3589 42.6422 40.6802 39.8054 51.1814 74.1035 58.2336 38.6159 107.939 39.2954 37.0333
threshold=0 25.782530784606937 -0.83753159642219532 25.763958930969242 -0.50999999046325672 -0.21742309629917142 -0.17249999940395352 46.998497009277351 0.081451712176203742 0.24000000208616259 277.53517150878912 0.34499999880790716 0.24000000208616259 -0.090113466605544076 -0.11499999836087225 -0.50149999558925618 152.67790985107425 -76.542976379394517 -0.38118652999401087 25.763958930969242 -0.90013122558593739 724.42153930664074 -0.22500000149011609 0.32726836204528814 382.43107604980474 24.009605407714847 0.2950000017881394 0.50899998843669902 76.013408660888686 -0.62499999999999989
decision_type=1 2 2 2 2 2 2 2 2 2 2 2 2 2 2 2 2 2 2 2 2 2 2 2 2 2 2 2 2 2
left_child=1 17 19 4 -4 6 7 22 10 -10 13 14 -13 -6 -12 -5 -16 18 -1 -3 -8 -14 -2 -24 -25 -26 27 28 -22 -17
right_child=5 2 3 15 8 -7 20 -9 9 -11 11 12 21 -15 16 29 -18 -19 -20 -21 26 -23 23 24 25 -27 -28 -29 -30 -31
leaf_value=-0.0056968508577648408 -0.008901175232990154 -0.016009558722374653 -0.0062840543212949775 0.092299287241236164 0.12035024255168958 -0.02336239419017052 -0.026680940001716169 -0.018352025964941236 0.06378908365330857 -0.017696365706016248 0.070059157764450541 0.18222775814610409 0.085229225885920787 0.056014027660366741 0.0088307278476545733 0.05131502830806587 0.09219734896260548 -0.021274022676102355 0.067181871733061421 0.021894744632963748 -0.025681753548884866 0.0091878573184869371 0.017806002315815889 0.0067861771318789236 0.12124920306390143 0.019984769343338107 -0.021552160631463268 0.098738524915848586 0.0046450467103946042 0.0048869245375361718
leaf_weight=27.473159946501255 28.840798683464527 114.71339805424213 43.099832803010941 8.986799553036688 44.142628967761993 567.84235209226608 139.59781722724438 78.900169268250465 20.701622650027275 20.876704320311546 44.035481870174408 10.35311885178089 34.064948879182339 31.512160405516624 62.884447753429413 17.24584986269474 8.4895776212215406 203.98732846975327 11.733689554035662 41.238893754780293 52.415952831506729 8.0443867444992048 101.03560929745436 15.911540389060972 16.140911474823955 7.9291676506400099 101.56110563129187 8.6999898925423604 136.47898627072573 103.21953454613686
leaf_count=251 269 1066 395 82 384 5291 1301 736 181 189 381 86 292 276 561 154 72 1903 104 375 488 72 926 146 136 73 948 74 1261 941
internal_value=-0.000515518 0.0178391 0.0311556 0.0437717 0.0537928 -0.013085 -0.00476494 0.00983524 0.0628649 0.0234201 0.0694762 0.0576456 0.0961518 0.0946329 0.0394659 0.0181474 0.0198837 -0.0150194 0.0172425 -0.00591078 -0.0130463 0.0712527 0.0229592 0.0294921 0.0578682 0.0900184 -0.00661612 0.00113066 -0.00386118 0.0119013
internal_weight=2112.16 856.804 613.609 457.657 328.205 1255.35 687.512 248.758 285.105 41.5783 243.527 167.872 52.4625 75.6548 115.41 129.452 71.374 243.194 39.2068 155.952 438.754 42.1093 169.858 141.017 39.9816 24.0701 299.156 197.595 188.895 120.465
internal_count=19414 7765 5507 4066 2889 11649 6358 2286 2494 370 2124 1464 450 660 1014 1177 633 2258 355 1441 4072 364 1550 1281 355 209 2771 1823 1749 1095
cat_boundaries=0 1
cat_threshold=89
is_linear=0
shrinkage=0.03


Tree=2
num_leaves=31
num_cat=1
split_feature=32 1 5 29 10 5 12 9 5 14 10 14 18 29 11 12 5 10 10 5 10 9 16 14 14 7 10 5 14 12
split_gain=571.949 418.654 273.207 122.755 193.762 111.177 88.6763 86.7399 76.847 61.6885 56.4705 157.901 53.7375 53.437 49.7276 46.7973 42.7321 42.4084 42.0683 74.0459 39.5613 58.5552 37.2279 39.7542 64.7385 37.1019 36.9414 36.5119 35.7205 103.741
threshold=0 17.387654304504398 -0.83753159642219532 81.26676177978517 -0.39499999582767481 -0.21742309629917142 -0.17249999940395352 27.206697463989261 0.081451712176203742 -0.22999999672174451 -0.24499999731779096 -1.0000000180025095e-35 1.8245018720626833 81.26676177978517 86.500000000000014 -0.50149999558925618 -0.8126716911792754 -0.67500001192092884 0.28499999642372137 -0.42028589546680445 -0.62499999999999989 -19.717172622680661 -0.32504084706306452 0.18500000238418582 0.41499999165534979 -30.84140586853027 0.19500000029802325 -0.38118652999401087 0.2950000017881394 0.50899998843669902
decision_type=1 2 2 2 2 2 2 2 2 2 2 2 2 2 2 2 2 2 2 2 2 2 2 2 2 2 2 2 2 2
left_child=1 25 13 4 -4 6 7 22 10 -10 14 27 18 20 -6 -5 -8 -17 -13 -20 21 -3 -2 -24 -25 26 -1 -12 29 -18
right_child=5 2 3 15 8 -7 16 -9 9 -11 11 12 -14 -15 -16 17 28 -19 19 -21 -22 -23 23 24 -26 -27 -28 -29 -30 -31
leaf_value=-0.021478959010374613 0.0046236750515261469 0.089405142371434904 -0.00073882539168295249 0.073566872506539316 0.13153306448470323 -0.023030016654414918 -0.023658159350370803 -0.012549112455160757 0.078305291380404179 0.0040761996449443392 -0.00084086997813205837 0.098275375884640984 0.015697171747407809 0.024257512125618354 0.042828111566110348 0.058526197654022033 -0.0028883628801471125 0.0055493482127767536 0.035377908736283201 0.094893481562145748 -0.020156627408075927 -0.026335062805439013 0.018083098678197265 0.099944284900639987 0.021308868707949496 -0.02483219062006348 0.03388680708630868 0.047353944363909349 -0.021300118027336536 0.096446573300164984
leaf_weight=20.414298564195633 59.989712841808796 6.804620124399662 55.44171292334795 11.235618345439432 20.810853295028213 561.13272605091333 194.7800419703126 100.51334270834923 13.09544015675783 35.760991975665092 35.647847361862659 72.768896594643593 12.778993524610994 45.101053588092327 9.467282719910143 14.497801646590231 157.20125537365675 113.4873975738883 41.442163243889809 36.688293106853962 104.51271242648363 7.2294738292694074 55.000773034989834 17.094611048698425 21.132035635411739 164.97801285982132 21.037155881524086 22.419312000274658 79.098667271435261 9.0651632547378522
leaf_count=187 547 64 506 96 167 5322 1843 941 110 322 314 582 109 404 77 124 1459 1032 355 301 983 68 489 149 188 1567 190 188 750 72
internal_value=-0.000112115 0.0185158 0.0303944 0.0414739 0.0507975 -0.0130088 -0.00507037 0.00903238 0.0602649 0.0251441 0.066947 0.0611551 0.0761718 -0.00320341 0.106053 0.0174189 -0.0132022 0.0119576 0.0811561 0.0641711 -0.0137664 0.0319972 0.0231798 0.0349445 0.0581253 -0.0184872 0.00675624 0.0182535 -0.00483958 0.00307179
internal_weight=2120.63 865.62 659.19 495.543 356.322 1255.01 693.876 253.73 300.88 48.8564 252.024 221.746 163.678 163.648 30.2781 139.221 440.145 127.985 150.899 78.1305 118.547 14.0341 153.217 93.2274 38.2266 206.429 41.4515 58.0672 245.365 166.266
internal_count=19506 7746 5802 4283 3031 11760 6438 2314 2525 432 2093 1849 1347 1519 244 1252 4124 1156 1238 656 1115 132 1373 826 337 1944 377 502 2281 1531
cat_boundaries=0 1
cat_threshold=89
is_linear=0
shrinkage=0.03


Tree=3
num_leaves=31
num_cat=1
split_feature=32 1 5 28 10 5 12 9 5 14 12 5 12 10 10 14 12 8 10 10 2 14 14 8 28 5 12 10 14 7
split_gain=487.442 377.787 258.249 106.731 173.529 103.582 81.0452 88.4095 68.2945 94.2115 58.0834 48.4649 46.9508 121.588 45.8666 105.215 59.5074 50.0016 49.9935 42.5116 56.9034 42.1168 51.0853 41.162 41.0742 47.2345 36.5419 34.8832 33.2341 32.7862
threshold=0 16.431187629699711 -0.78753387928009022 25.763958930969242 -0.50999999046325672 -0.21742309629917142 -0.17249999940395352 26.10262489318848 0.081451712176203742 -0.27499999105930323 -0.50149999558925618 -0.75976759195327748 0.50899998843669902 0.31000000238418585 -0.17000000178813932 0.2950000017881394 0.042500000447034843 108.368709564209 0.2650000005960465 0.35999999940395361 413.62651062011724 0.18500000238418582 0.49499998986721044 43.251876831054695 25.763958930969242 -0.88134551048278797 0.13799999654293063 -0.67500001192092884 -0.45000000298023218 -30.84140586853027
decision_type=1 2 2 2 2 2 2 2 2 2 2 2 2 2 2 2 2 2 2 2 2 2 2 2 2 2 2 2 2 2
left_child=1 29 24 4 -4 6 7 21 14 -10 -5 -8 -13 -14 16 -16 17 -6 23 -20 -21 28 -23 -17 25 -3 -18 -12 -2 -1
right_child=5 2 3 10 8 -7 11 -9 9 -11 27 12 13 -15 15 18 26 -19 19 20 -22 22 -24 -25 -26 -27 -28 -29 -30 -31
leaf_value=0.0046456924294938943 0.056991691565381447 -0.021747654324922462 -0.010472010833123187 0.078544234414216069 0.12261467498112098 -0.0224917171606464 -0.022730617060594434 -0.013556625249952334 0.10729928134335288 0.0037881553331787785 0.05103408847628145 -0.0072431210290875084 -0.024005471851363411 0.11960299828259856 0.028141249557522795 0.13445794516417348 0.015102589167388844 0.034183510655555013 0.014614223246140486 0.084767844584830915 0.0080807041557765715 0.063056550419747254 0.0078998779396644188 0.060314957347504687 0.020959084956159675 0.014972961247742399 0.084846826763709055 0.0037016588141619896 0.0023823670561250614 -0.025348193130860345
leaf_weight=40.65533622354269 10.506442241370676 99.147263199090958 40.844235174357891 11.19407172501087 32.386207722127438 552.3651981279254 219.6464908272028 98.462712734937668 8.722470395267008 42.96698160469532 15.104027912020682 192.14196812361479 11.409899957478046 8.4986147806048393 86.135534942150116 18.401293627917767 15.908725515007974 8.1170428693294507 16.611021116375923 45.246310517191887 11.005449339747427 37.705447681248188 25.319845236837864 14.650499783456324 50.469010315835476 45.175981186330318 11.500894173979757 109.51646222174168 78.954238176345825 162.90928231179714
leaf_count=369 91 943 377 91 242 5331 2106 931 70 380 124 1806 110 63 717 134 133 62 135 353 93 323 226 107 445 403 87 992 706 1577
internal_value=-0.000604957 0.0162552 0.0271203 0.0387502 0.0474465 -0.0127414 -0.00501692 0.00851931 0.0550464 0.0229603 0.0159977 -0.0128871 -0.00263221 0.0400869 0.0613138 0.0532468 0.0830225 0.106143 0.0732099 0.057872 0.0701675 0.0227696 0.0413673 0.10433 -0.00208299 -0.0102295 0.0463233 0.00979895 0.00935491 -0.0193645
internal_weight=2121.68 886.668 683.103 488.311 352.497 1235.01 682.646 250.949 311.652 51.6895 135.815 431.697 212.05 19.9085 259.963 192.05 67.9129 40.5033 105.915 72.8628 56.2518 152.486 63.0253 33.0518 194.792 144.323 27.4096 124.62 89.4607 203.565
internal_count=19527 7834 5888 4097 2890 11693 6362 2277 2513 450 1207 4085 1979 173 2063 1539 524 304 822 581 446 1346 549 241 1791 1346 220 1116 797 1946
cat_boundaries=0 1
cat_threshold=89
is_linear=0
shrinkage=0.03


Tree=4
num_leaves=31
num_cat=1
split_feature=31 4 5 3 28 14 5 14 12 9 3 14 14 3 14 11 18 12 14 27 12 6 18 5 3 14 12 14 14 5
split_gain=392.02 342.963 390.475 134.748 164.522 119.888 83.8018 95.6843 75.2267 104.345 65.0228 80.1317 97.0136 62.906 57.3335 45.1903 44.9227 43.9694 41.9598 38.4891 44.8263 65.1424 53.1995 33.5272 33.8811 33.2538 130.986 32.0847 51.6706 27.3126
threshold=0 26.500000000000004 -0.83753159642219532 18.527454376220707 24.994574546813968 -0.49499998986721033 1.0000000180025095e-35 -0.27499999105930323 -0.2145000025629997 16.991368293762211 304.69734191894537 0.34499999880790716 -0.3299999982118606 288.78085327148443 0.39499999582767492 68.500000000000014 0.81140595674514782 -0.57400000095367421 1.4100000262260439 1.0000000180025095e-35 -0.39300000667572016 -0.74189642071723927 0.91491127014160167 -0.98097097873687733 411.28997802734381 0.2950000017881394 0.50899998843669902 -1.0000000180025095e-35 0.089999999850988402 -0.91865202784538258
decision_type=1 8 2 2 2 2 2 2 2 2 2 2 2 2 2 2 2 2 2 2 2 2 2 2 2 2 2 2 2 2
left_child=1 2 29 -2 8 -4 10 -8 9 13 15 12 -12 14 -5 -7 23 -15 -13 20 -19 -22 -23 -6 -25 26 -10 -14 -29 -1
right_child=3 -3 5 4 16 6 7 -9 25 -11 11 18 27 17 -16 -17 -18 19 -20 -21 21 22 -24 24 -26 -27 -28 28 -30 -31
leaf_value=-0.024102964789326897 -0.028257753787757457 -0.022023399860412459 0.0047244198106439639 -0.018513642088860822 -0.022105681780582132 0.04226148984895902 0.099569681706639976 0.0077721785871578547 -0.015673598949604031 -0.020918674604208241 0.085136396842798112 0.088258745075092557 -4.8265137526161599e-06 -0.014482103842496378 0.054557335161586555 0.094177274493935384 0.0038994524760099943 0.10985553138018511 0.019172422077043658 -0.0041139413463017966 0.10864115004254338 -0.031653419806440639 0.049684642039002143 0.014445725418585157 0.045780363129717491 -0.027571708724576247 0.09133482216485278 0.088465255761698183 0.01872423545445057 0.004535463416244211
leaf_weight=87.322846680879593 260.24866768717766 143.03539606928825 57.3744937479496 45.435835145413876 11.664607398211954 22.973093494772911 11.265863716602324 62.528956070542336 339.89450427889824 97.413433752954006 25.552695222198963 49.709710478782654 41.40437276661396 11.200686924159525 11.207250960171221 63.829303883016109 257.14902415126562 11.631327137351034 10.143759220838545 10.017836920917032 8.8452533259987742 11.022650375962266 17.491340272128582 66.030644617974758 60.020458906888962 212.64151743799448 9.6300873234868032 11.616173475980757 43.038133539259434 44.944112971425056
leaf_count=842 2558 1401 516 431 107 176 89 533 3283 931 187 359 352 99 103 467 2335 90 82 89 72 97 145 596 538 2087 68 88 344 427
internal_value=0.000128343 0.0188222 0.0301843 -0.00869879 -0.00444312 0.0449503 0.051664 0.0229303 -0.0123714 0.00231283 0.0594535 0.0487233 0.0342633 0.020177 -0.00336036 0.0810751 0.0113385 0.038947 0.0770577 0.049161 0.0599193 0.0419137 0.0182347 0.0251009 0.0296089 -0.0182231 -0.0124732 0.0199927 0.0348701 -0.0144107
internal_weight=2116.28 674.739 531.704 1441.55 1181.3 399.437 342.062 73.7948 786.432 224.266 268.267 181.465 121.611 126.852 56.6431 86.8024 394.865 70.2091 59.8535 59.0084 48.9906 37.3592 28.514 137.716 126.051 562.166 349.525 96.0587 54.6543 132.267
internal_count=19492 5863 4462 13629 11071 3193 2677 622 7495 2057 2055 1412 971 1126 534 643 3576 592 441 493 404 314 242 1241 1134 5438 3351 784 432 1269
cat_boundaries=0 1
cat_threshold=2
is_linear=0
shrinkage=0.03


Tree=5
num_leaves=31
num_cat=1
split_feature=2 31 5 10 29 14 5 9 12 10 12 10 10 10 12 16 14 5 18 5 4 12 29 12 12 14 29 18 11 12
split_gain=385.592 429.944 379.642 107.506 102.879 57.7688 55.4278 55.2864 47.2963 44.7625 91.0268 52.3093 117.19 87.4199 47.2066 45.5296 38.8388 50.0234 52.2143 36.8285 34.284 33.999 33.6246 32.5921 31.8551 40.4171 71.0954 29.2747 28.2625 27.9346
threshold=49.909151077270515 0 -0.88134551048278797 -0.50999999046325672 76.836559295654311 -1.0349999666213987 -0.78753387928009022 -41.203405380249016 -0.17249999940395352 -0.17000000178813932 -0.30349999666213984 -0.060000000521540635 0.28499999642372137 0.42499999701976782 -0.57400000095367421 -0.040924146771430962 0.2950000017881394 -0.75976759195327748 0.90838575363159191 0.45150023698806768 1.0000000180025095e-35 0.26950000226497656 76.581501007080092 0.028500000014901165 -0.26850000023841852 0.39499999582767492 76.484970092773452 1.205718517303467 83.500000000000014 -0.41899999976158137
decision_type=2 1 2 2 2 2 2 2 2 2 2 2 2 2 2 2 2 2 2 2 10 2 2 2 2 2 2 2 2 2
left_child=19 2 -2 5 7 -4 20 8 -3 15 14 -12 28 22 -11 23 17 -10 -19 24 -5 -6 -14 -8 25 -1 -27 -22 -13 -9
right_child=1 4 3 6 21 -7 9 29 16 10 11 12 13 -15 -16 -17 -18 18 -20 -21 27 -23 -24 -25 -26 26 -28 -29 -30 -31
leaf_value=-0.012787132335294018 -0.019508589234164684 0.029557291738693977 0.045078844396196242 0.054951397938456638 0.0091991499574423374 -0.024301884937336975 0.07799153789888566 0.00066534940783099595 -0.031682102302930656 0.073437740078612826 0.013305004459153651 0.10387447623940554 -0.024983573494656301 0.063617890764053359 -0.0026453077377825802 0.099881215516658531 -0.029336830919365026 0.079921528177782253 -0.0028846475924484325 -0.028232550844131253 -0.02759833860752739 -0.012758081695961473 0.029763433410630001 0.029110636635185184 -0.018057007063225206 0.11243428067401152 -0.0019382450191394189 0.033047552589022144 0.048249182451552033 -0.021500743468492997
leaf_weight=31.555285669863224 107.44428681582212 43.436550974845886 15.689784601330755 12.41216019541025 443.52178210765123 29.610679753124714 24.192991115152836 60.113204844295979 14.542964711785315 7.8436393588781348 23.312082648277283 50.871491439640522 17.225611448287964 57.851387336850166 42.788159444928169 33.600443564355373 40.509009845554829 11.832562275230886 14.565141521394251 306.87192331254482 16.830070860683922 73.142757549881935 21.687225006520748 27.749296605587006 201.00808533281088 6.7971068918705013 13.03727702796459 10.982851043343542 12.965176336467264 340.6452534198761
leaf_count=301 1050 378 144 106 4044 273 166 564 144 59 191 342 140 427 355 235 409 102 141 3078 148 679 173 208 1962 62 121 92 95 3313
internal_value=8.99047e-05 0.0077724 0.0299098 0.0437517 -0.00339664 0.000182698 0.0492138 -0.012762 0.00463868 0.053383 0.0462033 0.0559686 0.0620408 0.0405456 0.0103352 0.0723075 -0.00884756 0.0116418 0.0357949 -0.0212514 0.0155473 0.00607209 0.00550973 0.0529208 -0.0126856 0.00826815 0.0407718 -0.00333449 0.0934954 -0.0181825
internal_weight=2114.64 1555.37 513.057 405.613 1042.31 45.3005 360.313 525.645 124.886 320.088 234.545 183.913 160.601 96.7642 50.6318 85.5427 81.4497 40.9407 26.3977 559.27 40.2251 516.665 38.9128 51.9423 252.398 51.3897 19.8344 27.8129 63.8367 400.758
internal_count=19502 13978 4204 3154 9774 417 2737 5051 1174 2391 1782 1368 1177 740 414 609 796 387 243 5524 346 4723 313 374 2446 484 183 240 437 3877
cat_boundaries=0 1
cat_threshold=2
is_linear=0
shrinkage=0.03


Tree=6
num_leaves=31
num_cat=1
split_feature=32 1 6 28 10 2 12 9 10 14 14 28 16 10 14 16 12 12 14 12 10 29 10 16 12 10 7 17 14 29
split_gain=456.007 285.234 197.271 77.527 92.4836 76.432 55.8785 79.7834 63.8895 70.122 50.2287 47.579 46.9552 57.3331 58.4896 44.0977 42.6455 40.2209 38.2046 83.686 44.776 40.7172 37.5365 32.6026 32.2572 31.6453 31.4289 31.3892 30.0058 29.2557
threshold=0 16.431187629699711 -0.47246390581130976 25.763958930969242 -0.50999999046325672 34.803195953369148 -0.17249999940395352 46.998497009277351 -0.22500000149011609 -0.45000000298023218 -1.0349999666213987 25.763958930969242 0.6024899184703828 0.28499999642372137 0.34499999880790716 -0.32504084706306452 -0.50149999558925618 -0.18349999934434888 0.2950000017881394 0.50899998843669902 0.39499999582767492 76.836559295654311 0.42499999701976782 -1.2127375602722166 -0.17249999940395352 -0.094999998807907091 -30.84140586853027 -0.35663105547428126 0.16499999910593036 76.581501007080092
decision_type=1 2 2 2 2 2 2 2 2 2 2 2 2 2 2 2 2 2 2 2 2 2 2 2 2 2 2 2 2 2
left_child=1 26 3 4 10 -2 7 8 -7 -10 -3 -4 13 14 17 27 -5 25 19 20 21 -8 29 -19 -25 -6 -1 -11 -23 -15
right_child=5 2 11 16 12 6 18 -9 9 15 -12 -13 -14 22 -16 -17 -18 23 -20 -21 -22 28 -24 24 -26 -27 -28 -29 -30 -31
leaf_value=0.007079013079798563 -0.02588741093683667 0.03931974464783522 -0.020112068302318587 0.063243963313431906 0.046515679452891381 -0.018445294855958982 -0.02072371262561018 -0.021119217165292196 0.099097740428886083 0.017305337587768709 -0.022842196101079539 0.019066722679708763 0.064237647512986731 -0.03292127638944304 0.085725490818698152 0.028286971405862067 0.0088590808752290751 0.0073405111547310518 -0.02412836053486362 0.066327526864261591 0.051250492017932962 -0.0045895436162042324 0.03378205907347713 0.1054977161778782 0.049142964934765304 0.00026715544928009212 -0.023000846637714119 -0.019783850096131036 0.040431982158825458 0.018268741446994627
leaf_weight=38.876405134797096 290.21706864982843 17.356890343129635 93.26013907790184 13.334258049726484 20.827966623008251 51.282676443457603 211.93326237797737 97.896651931107044 8.4010201618075353 39.149408474564552 31.255471922457218 38.719462729990482 80.013271361589432 16.77556499093771 29.762828633189201 97.032400704920292 143.54691264033318 14.526216454803942 207.8674838244915 12.155594386160372 9.2249245122075063 122.1300128698349 58.087228931486607 10.380679354071615 90.131153769791126 34.173647560179234 150.63920815289021 41.04892435669899 13.939742520451544 22.146117202937603
leaf_count=352 2956 154 928 102 151 494 2107 963 65 355 294 332 582 141 194 830 1260 112 2099 82 85 1156 433 65 653 289 1539 386 131 181
internal_value=-0.000341801 0.0156545 0.0245023 0.0319978 0.0386407 -0.0123971 -0.00821661 0.00153235 0.0109417 0.0191156 -0.000302295 -0.00856106 0.043652 0.0379055 0.0470859 0.0147895 0.0138529 0.0398609 -0.013864 -0.00803822 -0.0107468 -0.0125324 0.01871 0.0499238 0.0559451 0.0182984 -0.0168256 -0.00168834 0.000284037 -0.00406656
internal_weight=2106.09 903.813 714.298 582.318 425.437 1202.28 912.062 334.811 236.914 185.632 48.6124 131.98 376.825 296.811 199.802 177.231 156.881 170.04 577.251 369.384 357.228 348.003 97.0089 115.038 100.512 55.0016 189.516 80.1983 136.07 38.9217
internal_count=19471 7762 5871 4611 3249 11709 8753 3093 2130 1636 448 1260 2801 2219 1464 1571 1362 1270 5660 3561 3479 3394 755 830 718 440 1891 741 1287 322
cat_boundaries=0 1
cat_threshold=89
is_linear=0
shrinkage=0.03


Tree=7
num_leaves=31
num_cat=1
split_feature=32 3 6 3 28 10 12 12 10 10 24 10 10 12 13 8 10 10 29 12 12 28 10 17 12 12 10 12 28 3
split_gain=434.213 299.038 213.783 87.8476 76.9478 101.664 76.1254 53.8807 46.7226 69.8785 47.0828 46.2603 58.6831 60.2753 71.1538 43.7327 42.7093 59.2442 39.9242 44.0591 46.1081 38.9845 36.0177 35.7412 36.61 33.5231 35.9756 32.7553 29.2719 29.2151
threshold=0 18.527454376220707 -0.54638096690177906 18.527454376220707 25.763958930969242 -0.43500000238418574 -0.19049999862909314 0.54000002145767223 -0.1950000002980232 -0.094999998807907091 1.0000000180025095e-35 -0.11499999836087225 -0.060000000521540635 -0.33699999749660486 48.500000000000007 -90.858589172363267 0.28499999642372137 0.34499999880790716 76.836559295654311 0.26950000226497656 0.26000000536441809 24.994574546813968 0.34499999880790716 -0.34192450344562525 -0.34700000286102289 -0.50149999558925618 -0.67500001192092884 0.37450000643730169 25.763958930969242 621.72665405273449
decision_type=1 2 2 2 2 2 2 2 2 2 2 2 2 2 2 2 2 2 2 2 2 2 2 2 2 2 2 2 2 2
left_child=1 27 4 -2 5 -3 8 11 21 -10 23 -7 -13 15 16 -14 -15 -18 -8 20 -20 -5 -12 24 -11 -6 -27 -1 29 -4
right_child=3 2 28 6 25 7 18 -9 9 10 22 12 13 14 -16 -17 17 -19 19 -21 -22 -23 -24 -25 -26 26 -28 -29 -30 -31
leaf_value=-0.025630526088761735 -0.028845331364472707 -8.0569985704950043e-05 0.019892084437315202 -0.02664841023513671 0.059472912270356504 0.057717980853448307 -0.019656765143181296 0.095236767113691279 0.079435934539202169 0.0010508094310184809 0.017036093844982798 -0.012416708833230967 0.066108091265238464 0.088770645071831258 0.024381476278244156 -0.0022568601447808356 -0.0079295984567741423 0.061865268078255327 -0.00064898833845766616 -0.028402826676856709 0.07547890566216281 0.025907651347779368 0.09778515344337764 -0.0081818346221739068 0.040067006734938002 0.050253453931209904 0.0029511182726475872 0.039460905840413556 0.014053426971698502 -0.018161530840712949
leaf_weight=145.02372955530882 220.76519767940044 53.403433427214622 20.78095855563879 61.969971761107445 11.956206530332564 110.77886636555195 400.26810762286186 17.289777271449566 11.561253078281878 54.091247014701366 13.613283187150957 21.853091768920422 9.3580431565642339 37.903783082962036 75.26350624114275 44.718438751995564 13.669495500624178 49.987781636416912 190.428806014359 52.854959182441235 6.4394547641277304 15.059376664459704 7.357843004167079 121.73910876363516 35.145782969892025 15.523137502372263 117.74707667529583 6.4384258389472953 53.189681813120842 111.87758325785398
leaf_count=1497 2311 487 201 615 87 755 4057 106 90 488 121 181 71 233 564 362 115 346 1822 515 63 142 56 1118 301 120 1043 67 451 1108
internal_value=0.000195342 0.0156127 0.0234034 -0.011705 0.03237 0.0386877 -0.00790096 0.0441103 0.0040554 0.0104943 0.00673173 0.0414241 0.0340833 0.0385188 0.0469619 0.0105593 0.0632946 0.046987 -0.0137943 -0.00435678 0.00220999 -0.0161733 0.0485285 0.00236778 0.016691 0.0133445 0.00879407 -0.0226229 -0.00457703 -0.0120962
internal_weight=2108.06 916.763 765.301 1191.29 579.453 434.226 970.529 380.823 320.538 243.509 231.947 363.533 252.754 230.901 176.825 54.0765 101.561 63.6573 649.991 249.723 196.868 77.0293 20.9711 210.976 89.237 145.226 133.27 151.462 185.848 132.659
internal_count=19493 7794 6230 11699 4470 3220 9388 2733 2931 2174 2084 2627 1872 1691 1258 433 694 461 6457 2400 1885 757 177 1907 789 1250 1163 1564 1760 1309
cat_boundaries=0 1
cat_threshold=89
is_linear=0
shrinkage=0.03


Tree=8
num_leaves=31
num_cat=0
split_feature=2 28 5 28 10 9 5 14 10 5 18 29 8 3 28 28 2 14 10 18 14 10 10 14 10 10 14 3 3 5
split_gain=318.459 327.033 182.232 133.768 78.1088 73.756 61.6458 59.1128 74.8046 62.5083 60.8247 56.6217 51.6246 62.6211 45.9886 37.5305 40.4797 36.8768 34.5901 31.251 30.5906 66.1801 47.7336 72.9069 37.6845 30.158 45.64 57.5015 56.542 48.6872
threshold=49.909151077270515 20.863806724548343 -0.91865202784538258 24.009605407714847 -0.39499999582767481 7.7755112648010263 -0.78753387928009022 0.38499999046325689 0.24000000208616259 -0.90013122558593739 0.91998252272605907 76.151096343994155 -73.826641082763658 152.23914337158206 25.503168106079105 24.994574546813968 209.07149505615237 -1.0349999666213987 -0.66500002145767201 1.0976158976554873 0.014999999664723875 -0.1950000002980232 -0.49500000476837153 -0.56999999284744252 -0.014999999664723871 -0.29500000178813929 0.34499999880790716 292.21582031250006 127.75888442993165 -0.13282711803913114
decision_type=2 2 2 2 2 2 2 2 2 2 2 2 2 2 2 2 2 2 2 2 2 2 2 2 2 2 2 2 2 2
left_child=12 5 14 4 17 7 -6 8 11 -10 -11 -2 13 -1 -3 -5 18 -4 -17 -18 21 22 23 -13 -23 -8 27 29 -28 -27
right_child=1 2 3 15 6 -7 25 -9 9 10 -12 20 -14 -15 -16 16 19 -19 -20 -21 -22 24 -24 -25 -26 26 28 -29 -30 -31
leaf_value=0.081822888980002825 -0.019918645211024953 -0.022168922285806782 0.036949559162656874 -0.017438954374474135 0.0099022823189197466 -0.021631094924843022 0.070437822469449213 -0.019907383533319552 -0.030740187470525333 0.084057717799984721 0.0051656968487804444 -0.0074853782742262563 -0.021978277941235372 -0.022785983523453079 0.011817001184127474 0.042836429053382467 0.036719527187553738 -0.011806608785906067 -0.0029719845847407588 0.0088209314360416929 -0.01129227396011066 0.086434641928988504 -0.020116418818395581 0.10964824811821548 0.0067699500370716603 0.077810625659234911 0.010315960368691431 0.015325708014795335 0.0639027997791035 0.028175178503627156
leaf_weight=8.7937167733907717 80.172253511846066 110.18609075248241 19.192049451172352 40.758962631225586 56.14676108956337 282.292619779706 35.878770515322685 100.31047106534243 8.3001235127449018 24.784577399492264 13.55780081450939 11.663801625370981 512.40405028313398 10.157722406089304 52.112365394830704 15.649643361568449 79.715532772243023 44.294934049248695 135.3228003308177 66.906360752880573 31.085344530642033 17.069217622280124 29.971069134771824 6.9703249856829634 7.8450327515602103 32.055926896631718 21.897624082863331 99.78230569511652 102.59282483905554 42.576354146003723
leaf_count=73 788 1107 167 392 490 2842 219 1010 74 188 127 116 5320 101 456 131 688 401 1208 591 311 145 301 69 71 203 166 745 660 297
internal_value=-0.000116706 0.00668201 0.0176564 0.0235812 0.0342002 -0.0103889 0.039201 -0.00078586 0.00755249 0.0410706 0.057002 -0.00108388 -0.0201682 0.0274221 -0.0112509 0.00926074 0.0129637 0.00327675 0.00202709 0.0241349 0.0134036 0.0238568 0.00314709 0.0396829 0.062579 0.0440705 0.0406813 0.0304674 0.0546343 0.0502414
internal_weight=2100.45 1569.09 955.069 792.771 454.418 614.023 390.931 331.73 231.42 46.6425 38.3424 184.777 531.355 18.9514 162.298 338.353 297.594 63.487 150.972 146.622 104.605 73.5194 48.6052 18.6341 24.9143 334.784 298.905 174.415 124.49 74.6323
internal_count=19457 13963 7921 6358 3348 6042 2780 3200 2190 389 315 1801 5494 174 1563 3010 2618 568 1339 1279 1013 702 486 185 216 2290 2071 1245 826 500
is_linear=0
shrinkage=0.03


Tree=9
num_leaves=31
num_cat=1
split_feature=32 1 6 28 10 4 12 9 12 28 14 6 12 14 14 16 9 12 4 16 1 16 14 6 12 14 12 6 1 28
split_gain=374.611 253.073 142.548 70.0397 97.4604 59.0335 44.3602 42.968 70.8186 66.6284 63.5702 73.3612 65.7885 56.9618 59.997 34.2206 52.9218 39.833 30.7662 43.6551 30.346 30.3432 30.2169 30.1536 28.5403 27.5982 26.5461 39.6224 26.0642 25.6645
threshold=0 16.431187629699711 -0.54638096690177906 25.763958930969242 -0.50999999046325672 33.500000000000007 -0.50149999558925618 -4.2863125801086417 -0.14499999582767484 24.994574546813968 0.2950000017881394 -0.64897239208221424 0.50899998843669902 0.35999999940395361 0.40500000119209295 0.63333719968795787 81.282485961914077 0.54000002145767223 17.500000000000004 -0.85897344350814808 45.22332954406739 -0.23738544434309003 -0.60500001907348622 -0.27338597923517222 0.50899998843669902 -0.52499997615814198 0.27899999916553503 -0.74761795997619618 0.36808535456657415 18.926905632019047
decision_type=1 2 2 2 2 8 2 2 2 2 2 2 2 2 2 2 2 2 10 2 2 2 2 2 2 2 2 2 2 2
left_child=1 26 3 4 -3 7 -5 8 13 -9 11 12 18 20 -15 17 -17 24 -10 -20 -2 -11 23 -4 -6 -22 -1 28 -28 -16
right_child=5 2 22 6 15 -7 -8 9 10 21 -12 -13 -14 14 29 16 -18 -19 19 -21 25 -23 -24 -25 -26 -27 27 -29 -30 -31
leaf_value=-0.021636029764160864 -0.012054649271961222 -0.0077795339258160635 0.050292280995088791 0.061214437206816255 0.033469216269459902 -0.024872940028573671 0.0054211595470458904 -0.02043758171871923 0.00052203286845862497 -0.010177930277084078 -0.02575353775681859 -0.02549918207992739 0.088529079031832797 0.11126893591385816 0.0013171711367072328 0.067496090268127029 0.0042507540924297286 0.077877412872201388 -0.012740827468675848 0.076474792492554941 0.061981305842391199 0.023667314446033254 -0.0093335896225647894 -0.0099037908243803877 -0.019183067128035577 0.008765013894028343 0.0031491456012365513 -0.028308478901536906 0.087669954069670014 0.051767478191345515
leaf_weight=160.82854454964399 59.71286752820015 43.332770630717278 16.041018873453144 13.211286827921866 284.08779773116112 236.74190276861191 134.5329030752182 364.10369361937046 82.566556140780449 44.117084480822086 134.17345350980759 57.1098368242383 9.2502505183219892 8.2330887243151647 19.996832616627216 69.076572760939598 14.513601318001745 17.548328176140785 7.7332934141159084 11.523801587522028 9.4958194792270643 49.790804125368595 131.09195046871901 12.862259685993193 8.965558707714079 56.433751031756401 6.3888323083519953 10.789724931120871 5.9288084954023361 15.697692424058912
leaf_count=1667 551 400 144 92 1962 2555 1161 3716 802 411 1422 575 56 64 175 450 99 101 78 111 75 457 1253 126 77 500 65 111 58 134
internal_value=-0.000154077 0.0139684 0.0218924 0.0287421 0.0347664 -0.011426 0.0107882 -0.00810242 -0.00174213 -0.0146379 -0.0104345 0.00186662 0.016039 0.0137274 0.0427223 0.0394513 0.056695 0.0346436 0.00865667 0.0417871 0.00333285 0.00782741 -0.00318736 0.024069 0.0317986 0.0172413 -0.0173269 0.0123185 0.0473595 0.0243103
internal_weight=2095.88 929.2 745.264 585.269 437.525 1166.68 147.744 929.939 471.927 458.012 302.357 168.184 111.074 169.57 43.9276 394.192 83.5902 310.602 101.824 19.2571 125.642 93.9079 159.995 28.9033 293.053 65.9296 183.936 23.1074 12.3176 35.6945
internal_count=19448 7766 5865 4342 3089 11682 1253 9127 4543 4584 3044 1622 1047 1499 373 2689 549 2140 991 189 1126 868 1523 270 2039 575 1901 234 123 309
cat_boundaries=0 1
cat_threshold=89
is_linear=0
shrinkage=0.03


Tree=10
num_leaves=31
num_cat=1
split_feature=32 3 5 5 28 10 16 5 29 5 14 10 10 5 8 2 29 2 7 10 14 3 3 10 14 3 10 10 29 10
split_gain=316.767 230.922 175.023 104.592 51.8963 67.7804 47.1582 42.3666 39.5931 34.697 34.6923 33.818 48.1611 29.5897 32.6171 29.22 29.0535 29.0136 28.5911 26.6599 61.7305 29.3711 25.2759 24.1274 57.8152 35.1227 32.8543 34.6609 45.2083 43.9846
threshold=0 25.147087097167972 -0.88134551048278797 -0.17521348595619199 25.763958930969242 -0.39499999582767481 0.6024899184703828 0.081451712176203742 76.151096343994155 -0.83753159642219532 -1.0349999666213987 -0.1950000002980232 -0.18500000238418576 -0.85957497358322132 -71.038375854492173 254.58805084228518 86.164299011230483 86.749385833740249 95.507411956787124 0.24000000208616259 0.38499999046325689 459.43595886230474 709.90991210937511 -0.24499999731779096 -1.0000000180025095e-35 328.49816894531256 0.28499999642372137 0.72500002384185802 76.581501007080092 1.1200000047683718
decision_type=1 2 2 2 2 2 2 2 2 2 2 2 2 2 2 2 2 2 2 2 2 2 2 2 2 2 2 2 2 2
left_child=1 -1 16 8 5 10 7 9 11 -7 -4 -2 -13 18 17 -6 22 -15 -10 -14 21 -21 -3 -11 25 -25 -26 28 -28 -29
right_child=3 2 4 -5 15 6 -8 -9 13 23 -12 12 19 14 -16 -17 -18 -19 -20 20 -22 -23 -24 24 26 -27 27 29 -30 -31
leaf_value=-0.019920522220295171 -0.032074577702707892 0.0065715715873769726 0.037468743529680097 -0.021215692287717552 0.00054411331830578943 -0.013652922122422849 0.055895724914025037 0.00064916769582737529 -0.010537123445416446 0.059686247124021159 -0.010788093093146163 0.061270084089704593 -0.023999060825222768 0.078788776155505585 0.0045573211148209787 0.027095043427158631 0.029703772374764729 0.014296520236241374 0.046986001513201273 0.048794627230123969 -0.018615920172983767 -0.016348630456907459 -0.022158534857859683 0.037911031694492982 0.054103193065691918 -0.0099505444741809067 -0.018641808075707852 0.077259219463364712 0.036273160577597205 0.0069154164858266833
leaf_weight=156.0221890732646 61.297753408551216 38.240414395928383 17.742012105882168 470.07554150372744 89.882592000067234 12.303507611155508 87.244973234832287 37.218013636767864 163.95830211788416 36.881134696304798 46.155793681740761 8.0682859867811185 66.537534944713116 9.3066862672567385 271.7393409088254 62.823913030326366 14.40660575032234 17.548174411058426 7.181805968284606 24.657442338764668 52.995525136590004 7.674664080142974 94.251799494028091 20.372270621359348 91.985061123967171 38.115810185670853 23.274664349853992 20.71708419919014 29.621809393167496 13.00225046277046
leaf_count=1675 645 369 149 5037 763 113 563 291 1614 215 420 69 674 79 2551 517 120 159 68 202 554 74 946 137 554 300 169 128 208 91
internal_value=0.000183703 0.0131425 0.0199919 -0.0102268 0.0268862 0.0317784 0.0362401 0.0307831 -0.00287878 0.0346849 0.0029819 -0.0133125 -0.00596689 0.00205303 0.00774443 0.0115725 -0.00943304 0.0386728 -0.00786427 -0.0099165 0.00121572 0.033305 -0.0138792 0.0368975 0.0331167 0.0070774 0.0415571 0.0277678 0.0122128 0.0511149
internal_weight=2091.3 930.262 774.24 1161.04 627.341 474.634 410.737 323.492 690.966 286.274 63.8978 221.231 159.933 469.734 298.594 152.707 146.899 26.8549 171.14 151.865 85.3276 32.3321 132.492 273.97 237.089 58.4881 178.601 86.6158 52.8965 33.7193
internal_count=19454 7728 6053 11726 4618 3338 2769 2206 6689 1915 569 2218 1573 4471 2789 1280 1435 238 1682 1504 830 276 1315 1802 1587 437 1150 596 377 219
cat_boundaries=0 1
cat_threshold=89
is_linear=0
shrinkage=0.03


Tree=11
num_leaves=31
num_cat=0
split_feature=3 28 5 28 12 9 14 3 10 5 14 8 5 14 3 18 14 10 18 28 28 7 2 5 29 18 10 8 18 9
split_gain=295.154 308.836 163.197 96.2421 70.1213 80.5276 77.0854 59.7498 55.7959 51.4875 44.8865 44.6057 41.7568 63.7021 59.61 37.6935 36.7678 120.909 57.98 33.791 33.5152 33.0201 33.643 34.911 32.0765 30.5969 30.4323 30.0161 29.9877 29.8154
threshold=18.527454376220707 20.863806724548343 -0.91865202784538258 24.009605407714847 -0.2145000025629997 46.998497009277351 0.18500000238418582 443.56622314453131 -0.39499999582767481 -0.78753387928009022 -1.0349999666213987 -41.026628494262688 -0.090113466605544076 -0.27499999105930323 274.55114746093756 0.81140595674514782 0.2950000017881394 0.2650000005960465 1.0930942893028261 25.763958930969242 24.994574546813968 -34.041633605957024 218.37482452392581 -0.53371313214302052 77.084831237792983 1.0145317912101748 0.054999999701976783 -52.476177215576165 0.80001428723335277 -30.292024612426754
decision_type=2 2 2 2 2 2 2 2 2 2 2 2 2 2 2 2 2 2 2 2 2 2 2 2 2 2 2 2 2 2
left_child=-1 4 19 8 5 6 7 -2 10 28 27 -8 14 -14 -11 20 17 -6 -19 -3 -5 -16 -23 -24 -15 -25 29 -4 -10 -9
right_child=1 2 3 15 16 -7 11 26 9 12 -12 -13 13 24 21 -17 -18 18 -20 -21 -22 22 23 25 -26 -27 -28 -29 -30 -31
leaf_value=-0.024829909141682614 -0.017671690741170872 -0.017945448491364605 0.07995055091538826 -0.019923958699481346 -0.017065304070441267 -0.02566802726477865 -0.0073991240868661748 0.091564676839282363 -0.020519023337761663 0.066155415767004053 -0.010669801941127172 0.056777596146212451 0.071094648733105822 -0.005394758226497617 0.014241401937352231 0.0022190692234979794 -0.027472167895867792 0.070638359518356023 -0.0091582788614476256 0.014598755403063813 0.027745666472761922 -0.00091547377841029237 0.061913555688753528 0.048321747056234689 0.029936287034463105 0.0068982081882436284 -0.0055420200775508242 0.0090841745989259873 0.023267953812394031 0.012439456572663168
leaf_weight=345.61079512536526 61.737845711410046 136.0140006840229 8.6904813498258608 14.299713306128977 264.18409791588783 56.663492426276207 12.122937247157095 9.3542885929346102 21.951846249401569 75.019697986543179 51.145778819918633 44.636246249079704 18.031481198966503 50.608493350446224 54.781773328781128 246.03273645788431 176.17114750295877 21.754263982176781 12.481886841356753 35.514710135757923 113.1021535769105 14.840678021311758 66.902929596602917 36.049543850123882 41.199713498353958 28.987415477633476 10.563766106963156 12.75637526065111 35.546867206692696 7.9282695949077633
leaf_count=3860 606 1392 70 142 2777 602 99 65 188 435 472 360 111 369 378 2213 1927 168 124 298 959 99 412 216 299 190 95 106 300 67
internal_value=0.000450484 0.0054859 0.015581 0.0207422 -0.010328 0.00441304 0.0161554 -0.00125431 0.0291219 0.0331017 0.00466541 0.0431796 0.0370351 0.0210928 0.0432675 0.00910491 -0.0166295 -0.0101583 0.0421117 -0.0111617 0.0222817 0.0344643 0.0418646 0.0466472 0.0106121 0.030243 0.0344953 0.0400824 0.00648598 0.0579323
internal_weight=2084.69 1739.07 1061.48 889.948 677.598 203.007 146.343 89.5842 516.513 443.92 72.5926 56.7592 386.422 109.84 276.582 373.435 474.591 298.42 34.2362 171.529 127.402 201.562 146.781 131.94 91.8082 65.037 27.8463 21.4469 57.4987 17.2826
internal_count=19399 15539 8649 6959 6890 1894 1292 833 3645 2997 648 459 2509 779 1730 3314 4996 3069 292 1690 1101 1295 917 818 668 406 227 176 488 132
is_linear=0
shrinkage=0.03


Tree=12
num_leaves=31
num_cat=1
split_feature=32 5 5 5 12 9 5 28 14 12 28 12 28 12 10 5 10 12 14 10 7 9 27 14 5 3 12 8 10 5
split_gain=300.153 215.316 140.029 102.246 70.3487 60.5258 41.3175 34.0981 30.7149 74.291 31.1326 30.2609 33.3189 36.8418 32.6934 32.6215 33.1139 56.5625 37.1554 59.1987 38.6723 32.4432 30.2578 33.0413 40.8501 51.9972 33.8581 31.8514 29.7843 31.3516
threshold=0 0.25061884522438055 -0.91865202784538258 -0.21742309629917142 -0.17249999940395352 46.998497009277351 -0.75976759195327748 25.763958930969242 0.2950000017881394 0.50899998843669902 24.994574546813968 0.54000002145767223 26.140346527099613 -0.50149999558925618 -0.39499999582767481 -0.8126716911792754 -0.17000000178813932 -0.30349999666213984 -0.27499999105930323 -0.18500000238418576 62.673664093017585 -134.18791198730466 1.0000000180025095e-35 0.20499999821186068 -0.88134551048278797 375.74615478515631 -0.26350000500679011 -43.018526077270501 -0.060000000521540635 0.038674917072057731
decision_type=1 2 2 2 2 2 2 2 2 2 2 2 2 2 2 2 2 2 2 2 2 2 2 2 2 2 2 2 2 2
left_child=1 2 7 4 5 22 -6 -1 9 -8 -10 12 14 -14 -4 -16 18 21 20 -20 -17 -18 23 -2 -25 26 -26 -28 -19 -30
right_child=3 -3 11 -5 6 -7 8 -9 10 -11 -12 -13 13 -15 15 16 17 28 19 -21 -22 -23 -24 24 25 -27 27 -29 29 -31
leaf_value=-0.020428829773049613 0.012285519023865033 -0.016325173926038793 0.0075171323271301443 -0.020914462335169737 -0.020725605486807252 -0.013972579707701473 -7.5680015335208859e-05 0.014188075525324828 -0.031947141698897383 0.078758617156713145 0.016360587855047636 0.053388777861893992 0.059683035824543082 -0.00054412569701755707 0.0067160665216723283 0.076125110443594546 0.046656178065694956 0.0056972608273126437 0.0015477173743447014 0.069774857064330106 0.012105332415471426 -0.008361948336415178 -0.015704399710995964 -0.013106220843929352 -0.0060922393043602472 0.087569808817193867 0.096919032870875874 0.010481562334142852 0.043416339898512533 0.012204463226731185
leaf_weight=84.220956295728683 104.87409043312073 186.12155704945326 71.631829030811787 481.5960565879941 188.62371521443129 70.685887195169926 130.86179095506668 35.78291891515255 43.710155121982098 10.721929147839544 15.704219736158846 32.07761611789465 9.3385880663990957 78.771300926804543 50.998810358345509 44.167177252471447 10.802768185734747 29.95123516023159 30.844360835850239 17.242825418710709 10.97986841201782 51.820378810167313 20.068968139588833 10.364318311214445 15.549137309193609 20.059881269931793 7.2276153564453107 7.7005561962723768 166.90974158793688 36.172839343547821
leaf_count=903 916 1943 627 5294 2015 730 1274 298 483 59 147 214 63 665 437 248 69 216 208 99 65 393 184 91 122 139 60 65 1033 286
internal_value=3.93097e-05 0.0124062 0.0196015 -0.0103745 -0.00265881 0.00951833 -0.0106802 -0.0100748 -0.00119727 0.00640482 -0.0191191 0.0251582 0.0235877 0.00643736 0.0264674 0.0294613 0.0323453 0.027065 0.0470628 0.0269353 0.0638213 0.00171307 0.01848 0.0226878 0.040113 0.0510698 0.0250271 0.0557884 0.0338414 0.037944
internal_weight=2075.58 947.835 761.713 1127.75 646.152 256.53 389.622 120.004 200.998 141.584 59.4144 641.709 609.632 88.1099 521.522 449.89 398.891 295.657 103.234 48.0872 55.147 62.6231 185.845 165.776 60.9015 50.5372 30.4773 14.9282 233.034 203.083
internal_count=19346 7767 5824 11579 6285 2307 3978 1201 1963 1333 630 4623 4409 728 3681 3054 2617 1997 620 307 313 462 1577 1393 477 386 247 125 1535 1319
cat_boundaries=0 1
cat_threshold=89
is_linear=0
shrinkage=0.03


Tree=13
num_leaves=31
num_cat=1
split_feature=32 3 5 5 12 9 5 29 14 12 16 14 5 14 14 5 16 29 14 1 14 17 9 10 16 3 14 14 3 3
split_gain=287.432 204.274 125.565 80.1337 64.2284 59.3257 37.8158 41.0784 42.1689 40.7449 36.8938 36.2056 36.1429 35.7316 35.3675 42.8351 34.1575 33.8557 31.3487 41.9312 54.1458 39.6531 29.1038 28.7007 27.0902 36.1662 39.983 44.1065 27.0517 28.0548
threshold=0 25.147087097167972 -0.78753387928009022 -0.17521348595619199 -0.14499999582767484 46.998497009277351 0.12431468442082406 81.26676177978517 -1.0000000180025095e-35 -0.30349999666213984 0.01979032997041941 -0.24999999254941938 -0.8126716911792754 -0.27499999105930323 -0.73000001907348622 -0.94917574524879444 0.7252347767353059 78.715969085693374 0.2950000017881394 30.662682533264164 -1.0000000180025095e-35 0.61926200985908519 -111.85778808593749 -0.50999999046325672 -0.32504084706306452 339.73304748535162 0.18500000238418582 0.41499999165534979 773.70910644531261 350.07836914062506
decision_type=1 2 2 2 2 2 2 2 2 2 2 2 2 2 2 2 2 2 2 2 2 2 2 2 2 2 2 2 2 2
left_child=1 -1 14 4 5 24 7 8 10 22 28 23 -6 16 15 -3 -8 -7 19 20 -14 -22 -10 -12 -2 -26 -27 -28 29 -4
right_child=3 2 6 -5 12 17 13 -9 9 -11 11 -13 18 -15 -16 -17 -18 -19 -20 -21 21 -23 -24 -25 25 26 27 -29 -30 -31
leaf_value=-0.020077252080378097 0.0010697028435706496 -0.018294341105034858 0.022031881689090566 -0.020160864470933092 -0.022433923621714577 -0.026814636397890484 0.014071002040414095 0.011706960559727643 0.049846786593657814 0.047001086276973553 0.011102063290479603 0.0016275554787807413 -0.0022635985714869068 -0.003767335211515429 -0.0055862936103707331 0.062447030775699588 0.082499009605350532 0.017837740664001119 -0.020722246216081899 -0.0056888882847198263 0.10031655871058132 0.010785401219491545 -0.0071741115286664348 0.0702770291586058 0.0024384044143452993 0.018300965600786184 0.091689260962465699 0.020394286557419657 0.053446382551986665 -0.010756057291485285
leaf_weight=148.7056857123971 76.993384182453156 8.8826144412159938 43.749790519475937 448.09982193261385 163.24952983856201 57.766905695199966 23.317024096846584 102.24743672460318 10.931522727012633 191.42527814954519 10.297488853335375 15.521820433437822 22.812329687178135 68.84535913169384 194.72703453153372 14.733437329530714 8.4559279158711416 19.865439653396606 69.822591088712215 122.47347793728113 10.793065942823889 7.5796825587749472 24.179717034101486 29.416635975241665 47.662896819412708 52.27952528744936 17.648151181638241 14.680166363716124 10.651985861361025 48.525830574333668
leaf_count=1669 706 90 321 5028 1794 619 189 834 63 1105 93 107 227 565 1818 120 52 188 759 1178 79 68 176 171 422 433 116 116 60 362
internal_value=-4.28877e-05 0.0120076 0.0180942 -0.0102248 -0.00384145 0.00695791 0.0253022 0.028759 0.0332491 0.0415683 0.0211473 0.0407196 -0.0116489 0.00845457 -0.00132978 0.0325686 0.0342438 -0.0153069 -0.00404449 0.00315348 0.0289599 0.0658438 0.0114675 0.0555831 0.0152512 0.0234361 0.0350983 0.0608978 0.0103531 0.00485893
internal_weight=2086.34 954.615 805.909 1131.73 683.627 286.896 587.566 486.948 384.7 226.537 158.164 55.2359 396.731 100.618 218.343 23.6161 31.773 77.6323 233.481 163.659 41.1851 18.3727 35.1112 39.7141 209.264 132.271 84.6078 32.3283 102.928 92.2756
internal_count=19528 7795 6126 11733 6705 2600 4098 3292 2458 1344 1114 371 4105 806 2028 210 241 807 2311 1552 374 147 239 264 1793 1087 665 232 743 683
cat_boundaries=0 1
cat_threshold=89
is_linear=0
shrinkage=0.03


Tree=14
num_leaves=31
num_cat=1
split_feature=32 3 5 5 12 5 10 5 2 3 14 10 29 3 12 12 14 16 2 10 29 2 12 4 3 5 2 16 5 1
split_gain=280.276 190.557 117.879 84.5107 53.4163 46.1446 39.8958 47.9158 40.3901 54.8926 35.5761 50.3925 33.9608 32.0411 34.544 30.9224 29.2407 43.7233 40.625 31.3071 35.5023 36.1581 26.8813 26.0094 27.4208 30.8792 26.0514 25.8758 25.8664 24.0135
threshold=0 25.147087097167972 -0.88134551048278797 -0.21742309629917142 -0.17249999940395352 -0.8126716911792754 0.24000000208616259 -0.90013122558593739 234.51697540283206 300.95053100585943 0.2950000017881394 0.31000000238418585 81.26676177978517 688.14999389648449 0.12299999967217447 0.55149999260902416 -1.0000000180025095e-35 -0.058773901313543313 152.43484497070315 -0.59000000357627858 76.34873199462892 196.18916320800784 -0.46099999547004694 3.5000000000000004 267.49920654296881 0.081451712176203742 252.356315612793 -0.5375225543975829 -0.91865202784538258 118.39102172851564
decision_type=1 2 2 2 2 2 2 2 2 2 2 2 2 2 2 2 2 2 2 2 2 2 2 8 2 2 2 2 2 2
left_child=1 -1 12 4 6 -6 28 29 9 22 11 16 13 14 -3 23 19 18 -18 20 -7 -22 -9 -4 25 -25 -26 -14 -2 -8
right_child=3 2 15 -5 5 10 7 8 -10 -11 -12 -13 27 -15 -16 -17 17 -19 -20 -21 21 -23 -24 24 26 -27 -28 -29 -30 -31
leaf_value=-0.019278776504668943 0.015121996749718196 0.039050528268633117 0.026467147117981198 -0.019704592552486414 -0.022165744478156918 -0.025388003200786845 -0.024545066305444032 -0.026330959528195193 -0.0092239088220142373 0.067924050858003807 -0.019799070942792967 0.045204030260449439 -0.020946584594361609 -0.025417666193222502 -0.030418409651487045 0.064396808086222029 0.098937364544503067 -0.0045254274412371079 2.8267774850152207e-05 -0.022969946445222107 0.068999831451088539 -0.0020694253692740494 0.032795499171711429 0.035985403750941218 -0.012686152587975412 0.004430141990056099 0.014980252908725332 0.028870855408758649 -0.011211785241943171 0.03417803357207011
leaf_weight=147.32026958465576 48.885413214564323 15.91126234829426 418.08297628909349 469.82239305227995 163.03901892155409 14.20914440602064 24.079134702682499 9.922709137201311 15.793636456131933 35.754513256251812 65.185369811952114 24.293794900178909 12.219147786498068 77.999018006026745 9.4937083870172483 15.077589333057402 8.4825726523995382 23.622909270226955 6.1694881916046134 59.861512623727322 11.54079393297434 13.134483352303503 18.172120451927185 74.938116043806076 48.913614451885223 44.623611472547054 78.456379130482674 32.431936383247375 101.73516751825809 7.406414031982421
leaf_count=1681 435 158 2842 5333 1822 152 224 82 146 256 714 164 101 849 99 91 77 233 60 596 108 123 158 490 387 374 555 266 955 71
internal_value=0.000255877 0.0119428 0.0176575 -0.00993234 -0.00301575 -0.0100481 0.0074483 0.0209983 0.0332672 0.0437579 -0.00126649 0.00629815 -0.00656446 -0.0159647 0.0129215 0.0229325 -0.000877395 0.0210555 0.0599527 -0.00950468 0.0112809 0.0325629 0.0117256 0.0218971 0.0140839 0.0243426 0.00433953 0.0150777 -0.00262153 -0.0101046
internal_weight=2096.58 975.468 828.147 1121.11 651.288 389.539 261.749 111.129 79.643 63.8493 226.5 161.315 148.055 103.404 25.405 680.092 137.021 38.275 14.6521 98.7459 38.8844 24.6753 28.0948 665.015 246.932 119.562 127.37 44.6511 150.621 31.4855
internal_count=19602 7893 6212 11709 6376 4049 2327 937 642 496 2227 1513 1473 1106 257 4739 1349 370 137 979 383 231 240 4648 1806 864 942 367 1390 295
cat_boundaries=0 1
cat_threshold=89
is_linear=0
shrinkage=0.03


Tree=15
num_leaves=31
num_cat=1
split_feature=32 3 5 5 12 5 12 29 29 5 14 28 3 2 5 10 28 27 10 5 8 3 2 5 12 28 29 14 1 28
split_gain=277.571 171.309 114.683 90.1048 63.2168 41.5871 35.9278 33.974 30.8382 29.2372 45.5552 43.5333 49.0378 45.7248 38.5748 29.5853 31.1606 28.4594 28.8844 50.8579 41.2138 48.9126 68.3733 33.9045 29.0077 26.5766 26.4213 26.1917 33.8091 26.17
threshold=0 18.527454376220707 -0.88134551048278797 -0.21742309629917142 -0.17249999940395352 -0.93404099345207203 0.54000002145767223 86.164299011230483 76.013408660888686 0.081451712176203742 -0.27499999105930323 26.140346527099613 274.55114746093756 252.356315612793 -0.090113466605544076 -0.55500000715255726 25.763958930969242 1.0000000180025095e-35 0.24000000208616259 -0.90013122558593739 -66.909553527832017 332.30853271484381 220.29926300048831 -0.91865202784538258 -0.46099999547004694 24.994574546813968 75.887035369873061 0.2950000017881394 28.210255622863773 19.008403778076175
decision_type=1 2 2 2 2 2 2 2 2 2 2 2 2 2 2 2 2 2 2 2 2 2 2 2 2 2 2 2 2 2
left_child=1 -1 7 4 17 -6 9 -3 -7 11 15 12 14 -14 -4 16 -11 18 23 25 -21 -22 -23 24 -2 -20 -16 28 -10 -29
right_child=3 2 6 -5 5 8 -8 -9 27 10 -12 -13 13 -15 26 -17 -18 -19 19 20 21 22 -24 -25 -26 -27 -28 29 -30 -31
leaf_value=-0.019524727761752257 -0.013750020470266997 -0.012384310159882308 0.052965218983237465 -0.020173006135939833 -0.028473124891297833 -0.021197282113993337 0.052563046211285949 0.032999491085056891 0.038241230414294572 -0.025783665284699265 -0.0065601650439102103 0.0022816420001508485 0.0012268030561781039 0.026738645495875697 -0.008635238163712736 0.063141387884112513 0.047163575888677048 -0.019057425623387362 -0.024037662283743232 0.10071834029664373 -0.0014525061122691806 0.079881715476982959 -0.004482070910984238 -0.008245911710335058 0.038973507727423549 0.040024079400525978 0.034502616911976702 -0.032221829283468457 0.0010788823104736439 0.0040633864562319563
leaf_weight=133.57290520519018 12.653001762926577 129.46281705796719 91.604132018983364 463.83930440247059 88.672541119158268 78.388499386608601 32.387199707329273 15.783737093210219 25.757155917584896 10.44377237558365 77.031227476894855 76.78250028192997 86.057500965893269 238.38584008067846 18.021793581545353 15.937056183815001 8.8115999996662122 29.04500088840723 23.192034542560581 7.364984117448329 27.824855573475361 24.011446394026279 13.058166600763796 86.827878139913082 31.23901591449976 6.7101257666945449 40.233176067471504 35.374360270798206 125.1418227776885 34.809135392308235
leaf_count=1562 129 1330 514 5352 1024 860 191 125 220 101 642 620 639 1551 120 103 64 279 222 52 235 153 119 823 251 60 261 414 1204 357
internal_value=0.000188197 0.0118102 0.0169449 -0.00999717 -0.00287021 -0.0105444 0.0220017 -0.0072606 -0.00515871 0.0204326 0.00640519 0.0232724 0.0266585 0.0199963 0.040854 0.0341817 0.00827868 0.00849893 0.0120026 0.0238718 0.0373411 0.028729 0.0508266 0.00261553 0.0238069 -0.00883204 0.0212369 0.000597871 0.00763217 -0.0144211
internal_weight=2088.42 974.515 840.942 1113.91 650.07 388.144 695.696 145.247 299.471 663.309 112.224 551.085 474.302 324.443 149.859 35.1924 19.2554 261.927 232.882 102.162 72.2595 64.8945 37.0696 130.72 43.892 29.9022 58.255 221.082 150.899 70.1835
internal_count=19577 7823 6261 11754 6402 4079 4806 1455 3055 4615 910 3705 3085 2190 895 268 165 2323 2044 841 559 507 272 1203 380 282 381 2195 1424 771
cat_boundaries=0 1
cat_threshold=89
is_linear=0
shrinkage=0.03


Tree=16
num_leaves=31
num_cat=1
split_feature=32 3 6 3 12 9 14 14 29 29 12 28 3 29 16 10 28 10 28 9 3 6 9 10 14 3 10 10 12 6
split_gain=254.446 171.352 111.825 62.4647 47.7505 47.6002 59.3276 49.2985 43.1046 42.055 41.7093 40.2688 38.9444 36.2944 31.6674 30.4157 29.8372 42.27 28.8261 28.5314 27.3085 26.1075 24.844 23.9708 32.8981 37.6146 31.501 41.9216 38.9716 32.6717
threshold=0 9.1153869628906268 -0.54638096690177906 18.527454376220707 -0.17249999940395352 46.998497009277351 0.32500000298023229 0.41499999165534979 76.484970092773452 76.836559295654311 0.26950000226497656 18.926905632019047 89.364837646484389 83.357944488525405 -0.22263643890619275 -0.62499999999999989 25.763958930969242 -0.50999999046325672 24.994574546813968 -25.320200920104977 443.56622314453131 -0.97789707779884327 -54.39378356933593 -0.29500000178813929 -1.0000000180025095e-35 328.49816894531256 0.28499999642372137 0.32999999821186071 -0.30349999666213984 -0.92449048161506642
decision_type=1 2 2 2 2 2 2 2 2 2 2 2 2 2 2 2 2 2 2 2 2 2 2 2 2 2 2 2 2 2
left_child=1 -1 12 -2 5 6 20 8 -8 -6 -11 -9 14 15 -3 19 17 -14 -7 -4 -5 -18 -23 -19 25 -25 28 -28 -26 -29
right_child=3 2 13 4 9 18 7 11 -10 10 -12 -13 16 -15 -16 -17 21 23 -20 -21 -22 22 -24 24 26 -27 27 29 -30 -31
leaf_value=-0.02343049375177891 -0.026039119213343967 -0.0094420792342273657 0.065012827497182166 -0.010364833087997403 -0.018924867316121887 -0.02542054716753164 0.09698761242332421 -0.010311859207982575 0.023568112623760046 0.0043384279096391615 -0.026625400223330785 0.03951718692366047 -0.001580917338822239 0.020820516761127342 0.021322910652989704 -0.017067290574252818 0.034923399572950896 0.050356920436434173 0.015450658354448563 -0.013204233714524562 0.015110563451848396 -0.019414950705235353 0.013441093853605136 0.035945841686667847 0.00079797176362781882 -0.0039075465009974194 -0.016766991905673493 0.048129733669844313 0.050982172069960495 0.015022633383532649
leaf_weight=114.68947755545378 186.3824315816164 61.698450237512589 7.4325227960944176 114.16672307997942 345.27539096027613 71.842810735106468 13.494423449039461 32.373712725937366 16.014525681734085 180.50127195566893 48.931498818099499 25.116348929703236 39.008923090994358 36.566091157495975 57.050745107233524 128.54988447576761 31.473761975765228 51.387400850653648 19.009975165128708 7.8004646077752096 55.437760695815086 28.338014468550682 69.606314070522785 34.475417166948318 16.031106144189835 52.96381714195013 19.627950482070446 49.112196460366249 106.75041936337948 60.676044806838036
leaf_count=1373 2295 523 61 1127 3910 810 87 284 117 1814 520 204 339 291 462 1328 247 287 176 78 453 236 542 195 112 383 147 268 551 374
internal_value=-0.000371057 0.01076 0.0154745 -0.0101499 -0.00702363 0.00175421 0.00836092 0.0283489 0.0592213 -0.0123244 -0.00235217 0.011761 0.0210512 -0.00549714 0.005393 -0.0122877 0.0243592 0.0281617 -0.0167936 0.0266136 -0.00199806 0.0116052 0.00383478 0.0311253 0.0280763 0.0120346 0.0335686 0.0229462 0.0444892 0.0301334
internal_weight=2081.79 973.239 858.55 1108.55 922.164 347.456 256.603 86.999 29.5089 574.708 229.433 57.4901 678.201 180.349 118.749 143.783 559.451 430.033 90.8528 15.233 169.604 129.418 97.9443 391.024 339.637 87.4392 252.198 129.416 122.782 109.788
internal_count=19594 7797 6424 11797 9502 3258 2272 692 204 6244 2334 488 4666 1758 985 1467 3681 2656 986 139 1580 1025 778 2317 2030 578 1452 789 663 642
cat_boundaries=0 1
cat_threshold=89
is_linear=0
shrinkage=0.03


Tree=17
num_leaves=31
num_cat=1
split_feature=3 32 6 28 12 16 17 14 29 3 14 12 12 29 2 17 18 16 2 3 6 14 18 6 17 12 3 14 12 3
split_gain=240.265 244.996 107.95 65.3161 47.7222 51.8416 40.5512 37.2912 34.2798 32.1995 29.8297 75.8968 28.982 28.525 36.4401 28.8453 31.1068 27.2884 26.6581 27.8919 25.0465 28.1469 24.5414 23.7643 28.4331 22.6322 31.0817 52.6646 21.1327 22.1185
threshold=18.527454376220707 0 -0.47246390581130976 25.346193313598636 -0.2145000025629997 0.25043059885501867 0.68395850062370311 -0.49499998986721033 86.164299011230483 63.532464981079109 0.2950000017881394 0.50899998843669902 0.13350000232458117 76.013408660888686 187.84236145019534 -0.4773349910974502 0.87745714187622081 0.01979032997041941 149.45448303222659 267.49920654296881 -0.61626377701759327 -0.3299999982118606 0.81140595674514782 -0.79671859741210926 -0.53963491320610035 -0.56650000810623158 387.56597900390631 0.39499999582767492 0.12299999967217447 709.90991210937511
decision_type=2 1 2 2 2 2 2 2 2 2 2 2 2 2 2 2 2 2 2 2 2 2 2 2 2 2 2 2 2 2
left_child=-1 4 3 7 5 18 25 17 28 12 11 13 -9 -6 15 16 -15 -3 19 -2 21 -11 -5 -21 -25 -7 27 -27 29 -4
right_child=1 2 8 22 10 6 -8 9 -10 20 -12 -13 -14 14 -16 -17 -18 -19 -20 23 -22 -23 -24 24 -26 26 -28 -29 -30 -31
leaf_value=-0.024259393571989824 -0.016059567268017019 -0.0085627384747030064 0.013786987210615229 0.018307853894153757 -0.025077516423864611 0.00021404372013623105 -0.010985804913356252 -0.0086744862760179797 0.034082010259090169 0.054064058254025965 -0.024892613092111823 0.06185380970989808 0.041561152979803159 0.059650329876692484 -0.023547658169540395 -0.0069047371314199966 0.0063654836925681642 0.029007344004047066 -0.024541919935661221 0.057631489590210049 0.0085042723541111174 0.028726526788834309 -0.00042200250498393644 0.037950117735425858 -0.018746273923277514 -0.013837152622291673 0.069711400174789245 0.07744415255939878 -0.025079912377231086 -0.013025837763671758
leaf_weight=314.25343087315559 38.294835925102234 50.890958659350872 42.743289619684219 94.890629135072231 102.50702576339245 13.65407834202051 25.206206232309341 39.300215557217598 15.885223172605036 45.335437573492527 171.40991976112127 11.967106625437735 12.914079055190085 13.123660311102865 66.097453095018864 83.701130859553814 33.619873389601707 25.203285917639732 58.357183493673801 9.753688268363474 47.693507894873619 356.6811389029026 183.21633149683475 12.880507692694666 17.717773601412773 15.329583913087847 21.310517139732838 7.8272277489304534 59.53439961373806 74.553890407085419
leaf_count=3890 401 418 399 775 1182 125 254 320 121 244 2055 66 99 128 723 909 358 206 620 66 369 2157 1583 97 151 155 140 63 640 780
internal_value=-0.000148318 0.00418881 0.0132969 0.0179862 -0.00945882 0.00197004 0.0204939 0.0237274 -0.00683358 0.0266895 -0.0148675 -0.00928031 0.00429775 -0.0123236 -0.00557842 0.00363662 0.0222617 0.00409575 -0.00936326 0.00206626 0.0292741 0.0317109 0.00601136 0.0192404 0.00556607 0.034101 0.0442727 0.0189455 -0.0106801 -0.00322125
internal_weight=2065.85 1751.6 1048.84 856.126 702.758 220.332 83.3276 578.019 192.717 501.924 482.426 311.016 52.2143 299.049 196.542 130.445 46.7435 76.0942 137.004 78.6468 449.71 402.017 278.107 40.352 30.5983 58.1214 44.4673 23.1568 176.832 117.297
internal_count=19494 15604 8111 6171 7493 2072 737 3813 1940 3189 5421 3366 419 3300 2118 1395 486 624 1335 715 2770 2401 2358 314 248 483 358 218 1819 1179
cat_boundaries=0 1
cat_threshold=6
is_linear=0
shrinkage=0.03


Tree=18
num_leaves=31
num_cat=1
split_feature=32 1 5 5 12 28 9 5 18 18 16 12 6 14 14 16 28 12 12 10 10 10 10 14 12 14 5 14 8 10
split_gain=240.164 136.37 70.2127 70.0362 54.0831 49.2319 41.0986 40.2421 31.5426 51.8783 50.8362 26.9897 33.8761 25.9563 26.4768 25.3355 23.3789 40.8314 27.8348 30.2398 27.1624 26.8329 30.3916 28.5251 52.5433 36.9162 29.946 22.8209 26.7936 22.236
threshold=0 17.387654304504398 -0.91865202784538258 -0.21742309629917142 -0.19049999862909314 25.763958930969242 46.998497009277351 -0.8126716911792754 0.90838575363159191 0.83054965734481823 0.45968239009380346 0.27899999916553503 -0.74761795997619618 0.18500000238418582 0.49499998986721044 0.66886055469512951 26.140346527099613 -0.50149999558925618 0.37450000643730169 -0.64500001072883595 -0.39499999582767481 1.1600000262260439 1.0349999666213991 -0.27499999105930323 -0.31749999523162836 -1.0000000180025095e-35 -0.04725049436092376 -1.0349999666213987 -60.457096099853509 -0.59000000357627858
decision_type=1 2 2 2 2 2 2 2 2 2 2 2 2 2 2 2 2 2 2 2 2 2 2 2 2 2 2 2 2 2
left_child=1 11 5 4 6 -3 13 -6 9 -9 -11 -1 -13 -2 -15 -16 20 -18 19 -19 27 22 23 -22 -25 -26 -27 28 -4 -10
right_child=3 2 16 -5 7 -7 -8 8 29 10 -12 12 -14 14 15 -17 17 18 -20 -21 21 -23 -24 24 25 26 -28 -29 -30 -31
leaf_value=-0.017919576937942602 0.004890864445181933 -0.023678124747558749 0.067113086216147602 -0.018865999507980673 -0.022085256366944764 0.020994424538778627 -0.013836220708958626 0.00027985916578832716 0.012946192631386754 0.097420220624873946 -0.0045207312224482691 0.048158605709137707 -0.024353329285445216 0.040530116710592957 -0.015097024339062464 0.043721039931259843 0.058505125240813034 0.031176704051009814 0.043579090608845031 -0.014313428760624913 0.037763151237206367 -0.015837166340102904 0.056759704492807955 -0.0047711454022456856 0.0044247870264892929 0.035298788760593197 0.009939227080650162 -0.0042631034383572184 0.0055572566163110239 -0.018250171348609703
leaf_weight=149.99311177432537 102.82237376272678 62.399090394377708 9.2292611598968524 444.67374055087566 153.98638601601124 33.245985016226768 58.489165902137756 91.830160826444626 24.665300272405148 9.7501877546310443 7.3121468648314467 12.407704062759878 9.3863866031169874 50.574492856860161 19.292799100279812 8.7720786258578283 10.965199604630468 15.123810037970541 10.51924856752157 70.869833752512932 99.361130468547344 14.108435787260531 25.575554512441158 65.591717094182968 64.97672127187252 196.59574136137962 54.433438956737518 60.876665562391281 17.380805246531963 106.48710683733225
leaf_count=1728 886 722 66 5351 1820 265 629 902 245 71 74 124 108 344 174 61 70 108 87 597 574 106 146 496 447 1137 379 526 133 1131
internal_value=6.59627e-05 0.0107288 0.0159776 -0.00966251 -0.00333983 -0.0080935 0.00786833 -0.0101678 -0.00246304 0.00942456 0.0559013 -0.0133863 0.0172305 0.0149017 0.0277652 0.00415913 0.0192017 0.00623174 -0.000246307 -0.00604661 0.0214799 0.0240762 0.0252169 0.0234253 0.019603 0.0246613 0.029861 0.00593171 0.0285644 -0.0123296
internal_weight=2061.7 983.04 811.253 1078.66 633.982 95.6451 239.951 394.031 240.045 108.892 17.0623 171.787 21.7941 181.462 78.6394 28.0649 715.608 107.478 96.5129 85.9936 608.129 520.643 506.534 480.959 381.598 316.006 251.029 87.4867 26.6101 131.152
internal_count=19507 7819 5859 11688 6337 987 2094 4243 2423 1047 145 1960 232 1465 579 235 4872 862 792 705 4010 3285 3179 3033 2459 1963 1516 725 199 1376
cat_boundaries=0 1
cat_threshold=89
is_linear=0
shrinkage=0.03


Tree=19
num_leaves=31
num_cat=1
split_feature=3 32 5 2 3 28 16 5 17 2 10 18 4 6 5 29 16 3 2 10 10 10 10 10 18 16 3 3 10 3
split_gain=223.493 215.062 85.6514 42.4179 43.0485 39.5945 36.5733 34.1295 31.6503 30.6692 29.8769 47.0355 30.8915 29.2193 28.6636 27.9083 26.9774 25.6203 23.5952 42.2429 23.5194 22.4832 22.3861 50.4111 22.1471 21.2378 27.7973 20.5468 20.2438 19.9642
threshold=18.527454376220707 0 -0.91865202784538258 196.18916320800784 220.02209472656253 25.503168106079105 0.6024899184703828 -0.75976759195327748 -0.53963491320610035 209.07149505615237 0.11499999836087228 0.71967950463294994 20.500000000000004 -0.89225733280181874 1.0000000180025095e-35 79.142368316650405 0.39002384245395666 296.80146789550787 262.31149291992193 0.19500000029802325 0.31000000238418585 0.31000000238418585 -0.33500000834465021 1.0000000180025095e-35 0.99228918552398693 1.1360246539115908 105.04207992553712 476.22442626953131 -0.060000000521540635 590.24499511718761
decision_type=2 1 2 2 2 2 2 2 2 2 2 2 8 2 2 2 2 2 2 2 2 2 2 2 2 2 2 2 2 2
left_child=-1 3 15 4 25 6 14 8 22 -7 12 -12 -9 -8 17 -3 -10 -4 19 -19 24 -21 -6 27 -20 -2 -27 -24 -15 -17
right_child=1 2 5 -5 7 9 13 10 16 -11 11 -13 -14 28 -16 29 -18 18 20 21 -22 -23 23 -25 -26 26 -28 -29 -30 -31
leaf_value=-0.023889143166485761 -0.016660248406454321 -0.017151704449984907 0.030574326124429757 -0.022481855350401262 -0.020635604664590763 -0.0042311657481096587 0.045258012602887844 -0.0091232406916395125 -0.027628434295266499 0.016516679837659583 0.060050528037358698 0.0088113122959623674 0.058810753515508914 -0.0093997056227681647 0.0011187506456119783 -0.027817526579547554 0.0040728141961998924 -0.017010304811680477 0.036472949053867512 0.055448025136209826 0.002092518022167636 0.0060794255634668715 0.024425668493412784 -0.0065550116674199703 0.013765177723206401 0.039254742530678524 -0.029309009431383599 0.090045682360094706 0.027837999374307441 0.020201180411257576
leaf_weight=301.83616929501295 228.81479965150356 102.81532262265682 128.30348903685808 161.00433702021837 13.491902150213717 130.65339493751526 80.009367384016514 51.876234523952007 64.998642295598984 124.30963884294033 24.701573304831982 44.408965438604355 5.7994609251618376 17.491640232503414 94.569580018520355 8.8402274996042234 37.746461436152458 48.585645750164986 80.17345517128706 13.034227557480333 51.496571503579617 21.025984324514866 9.5823171436786669 23.512801803648472 77.493575997650623 13.419807538390161 7.5407995954155913 8.6753283962607366 47.190814338624477 37.587747938930988
leaf_count=3864 2663 1157 794 1821 154 1138 475 556 717 977 165 390 53 138 753 83 387 401 495 89 343 157 81 261 504 143 88 56 314 306
internal_value=-8.37297e-05 0.00401206 0.0124251 -0.00890195 -0.00494376 0.0159794 0.0198583 0.00302779 -0.00626173 0.00590965 0.0145633 0.0277206 -0.00140639 0.0331799 0.0160561 -0.00848505 -0.016055 0.0194079 0.0144106 0.000820227 0.0197511 0.0260145 0.011908 0.0226563 0.0254691 -0.0140087 0.0143768 0.0586625 0.0177783 0.0106643
internal_weight=2060.99 1759.15 1063.58 695.573 534.569 914.337 659.374 284.794 158.007 254.963 126.786 69.1105 57.6757 144.692 514.683 149.243 102.745 420.113 291.809 82.6459 209.164 34.0602 55.2623 41.7704 157.667 249.775 20.9606 18.2576 64.6825 46.428
internal_count=19523 15659 8124 7535 5714 6578 4463 2820 1656 2115 1164 555 609 927 3536 1546 1104 2783 1989 647 1342 246 552 398 999 2894 231 137 452 389
cat_boundaries=0 1
cat_threshold=6
is_linear=0
shrinkage=0.03


Tree=20
num_leaves=31
num_cat=1
split_feature=32 3 5 5 12 12 5 29 28 10 28 10 2 28 5 4 28 12 12 2 18 12 23 5 3 16 2 10 10 10
split_gain=202.061 129.522 64.9161 59.2849 54.2568 39.5083 34.7838 28.2228 27.9972 28.4938 27.675 26.8256 25.8075 27.492 24.2822 23.0697 26.6247 21.9384 36.9271 21.2184 20.7253 20.62 20.4125 25.8043 20.2418 33.4968 30.4732 21.1039 33.1987 20.5109
threshold=0 4.1023669242858896 -0.83753159642219532 -0.17521348595619199 -0.14499999582767484 0.55149999260902416 0.16665012389421466 75.655178070068374 26.140346527099613 -0.39499999582767481 25.763958930969242 -0.62499999999999989 254.58805084228518 24.994574546813968 -0.93404099345207203 255.50000000000003 24.994574546813968 -0.31749999523162836 -0.13650000095367429 218.37482452392581 0.81140595674514782 -0.48800000548362726 1.0000000180025095e-35 -0.91865202784538258 332.30853271484381 -0.09627246111631392 85.487895965576186 0.72500002384185802 0.28499999642372137 -0.29500000178813929
decision_type=1 2 2 2 2 2 2 2 2 2 2 2 2 2 2 10 2 2 2 2 2 2 2 2 2 2 2 2 2 2
left_child=1 -1 10 4 7 6 8 -2 9 -4 11 19 21 -14 -6 -5 -17 -12 -19 -3 -10 -9 -13 -24 25 26 -11 28 -28 -26
right_child=3 2 5 15 14 -7 -8 12 20 24 17 22 13 -15 -16 16 -18 18 -20 -21 -22 -23 23 -25 29 -27 27 -29 -30 -31
leaf_value=-0.023712847172586791 -0.015713016813588387 0.058521109468063083 0.0021421519858616732 -0.019909775526440986 -0.025700844067262064 0.067794937777168107 0.00069699983675406546 -0.00540779049304405 0.022650612799609296 -0.0065325657560185027 -0.01835635627829673 -0.022002776258596538 -0.026528247429457554 0.01481375624415773 -0.0073059139532002893 0.060886001510844709 -0.015084391585109744 0.072433354968554908 0.0080831456237121166 -0.012826520840291003 -0.0089733571614450443 0.020054465462054596 -0.01859599760350978 0.052205210594914939 0.039408028449711099 0.045830625141015442 0.034336174749007492 0.06470916812576924 -0.0096539518553877234 0.014747588431602662
leaf_weight=95.123619623482227 45.023270390927792 7.3393427059054357 61.616791404783726 389.92674021422863 82.799111843109131 12.566092312335966 113.81815471500158 34.793364435434341 27.823530465364456 28.047914318740368 13.34117219597101 90.862420916557312 30.71078072488308 25.753777094185352 288.21103460341692 6.0629986003041259 9.3453235402703267 9.8993169590830785 31.633742496371269 6.2752922251820564 51.888543277978897 151.33373135328293 9.6109882891178149 7.3282106667757025 34.84834048897028 81.889629326760769 57.026201300323009 12.122699789702891 20.530199319124222 222.7854136377573
leaf_count=1225 432 58 497 4846 1038 60 1027 315 210 185 103 1001 353 224 3052 75 122 77 251 66 423 1260 116 63 173 432 311 63 130 1373
internal_value=-0.000336202 0.00932081 0.0129331 -0.00937951 -0.00390119 0.0168989 0.0159074 0.00586711 0.0187936 0.0213323 -0.00337896 -0.011347 0.00992029 -0.00774229 -0.0114692 -0.0184805 0.0166979 0.014139 0.0247633 0.0270079 0.00220887 0.0152913 -0.0163947 0.0132366 0.023908 0.0311182 0.0205846 0.0290442 0.0227168 0.0182227
internal_weight=2060.34 996.378 901.254 1063.96 658.625 724.964 712.397 287.615 598.579 518.867 176.29 121.416 242.592 56.4646 371.01 405.335 15.4083 54.8742 41.5331 13.6146 79.7121 186.127 107.802 16.9392 457.25 199.617 117.727 89.6791 77.5564 257.634
internal_count=19561 7844 6619 11717 6674 4884 4824 2584 3797 3164 1735 1304 2152 577 4090 5043 197 431 328 124 633 1575 1180 179 2667 1121 689 504 441 1546
cat_boundaries=0 1
cat_threshold=89
is_linear=0
shrinkage=0.03


Tree=21
num_leaves=31
num_cat=1
split_feature=32 3 5 5 29 29 12 9 5 29 5 14 14 10 12 3 14 10 9 10 10 5 12 3 3 2 14 2 10 9
split_gain=188.642 118.147 74.0411 64.1351 43.5328 33.397 33.824 34.9445 34.37 25.3437 24.7815 33.5237 25.7349 24.667 24.7143 77.8079 24.2362 26.5446 24.5941 23.9948 51.8421 23.006 21.1547 20.286 19.7915 33.3834 24.7337 31.4897 30.8287 37.1915
threshold=0 25.147087097167972 -0.17521348595619199 -0.78753387928009022 76.151096343994155 84.152141571044936 -0.14499999582767484 33.046781539916999 -0.8126716911792754 79.001594543457045 0.12431468442082406 -0.27499999105930323 -0.49499998986721033 0.59999999403953563 0.54500001668930065 1005.6416320800782 -0.60500001907348622 0.42499999701976782 34.241254806518562 -0.1950000002980232 -0.18500000238418576 -0.94917574524879444 0.27899999916553503 0.1154255084693432 339.73304748535162 220.29926300048831 0.34499999880790716 447.40505981445318 1.0000000180025095e-35 -27.626015663146969
decision_type=1 2 2 2 2 2 2 2 2 2 2 2 2 2 2 2 2 2 2 2 2 2 2 2 2 2 2 2 2 2
left_child=1 22 4 13 19 6 7 -6 -8 -9 24 12 -12 14 16 -16 21 -18 -19 -2 -21 -3 -1 -24 -5 -26 28 -28 29 -27
right_child=2 3 -4 10 5 -7 8 9 -10 -11 11 -13 -14 -15 15 -17 17 18 -20 20 -22 -23 23 -25 25 26 27 -29 -30 -31
leaf_value=-0.021390292810706122 -0.030875894335080787 -0.0092107300579360781 -0.019192715453064911 0.027265662275365934 0.022747638913917744 -0.024890835664567484 -0.017226098232552306 -0.016803525429547394 0.0062611682568944676 0.031273608560465578 -0.0019030871425962351 -0.0071072445479876669 0.050432607553822756 -0.029285215660852251 0.10598725566181275 -0.018351284674731946 -0.01074414793522592 0.061806886380530841 -0.012984517408647367 0.058785940176477959 -0.012447370310266895 0.039178883430458493 -0.010410059875774171 0.057736842782591696 -0.0099535805432870248 -0.009860643373872522 0.043504321917918955 -0.0014451672159151692 -0.0026966562862017871 0.030620001282147959
leaf_weight=116.76596185564995 55.732093162834644 13.727052778005598 397.53878936171532 232.37377905845642 129.95625711232424 36.191705532371998 90.017954289913177 42.029360808432102 145.14526553452015 11.829338476061819 14.318895511329172 70.931237049400806 19.407458700239658 23.294348053634167 7.0159712433815029 9.85353025048971 126.37172862887383 8.3261848166584951 6.3639362081885329 8.8449809923768026 141.15345474332571 22.315860778093338 9.8384667709469777 5.29023503512144 39.595863930881023 25.224807932972908 61.149052836000919 18.034231349825859 68.724145524203777 97.88603650033474
leaf_count=1487 673 143 5029 1388 1033 374 1083 454 1420 104 115 564 121 223 51 94 1204 69 67 71 1496 175 126 58 291 187 332 100 452 595
internal_value=-0.000120167 0.00919396 -0.00889517 0.0133205 -0.00281583 0.00236435 0.00477233 0.0143772 -0.00276438 -0.00586644 0.0180458 0.00462641 0.028798 -0.000782997 0.00277248 0.036398 -0.000616788 -0.00624865 0.0306438 -0.0142328 -0.00788545 0.0209984 -0.0170714 0.015522 0.0206191 0.0155752 0.0193278 0.0333766 0.0133859 0.0223131
internal_weight=2055.25 996.809 1058.44 864.914 660.9 455.17 418.978 183.815 235.163 53.8587 647.646 104.658 33.7264 217.269 193.974 16.8695 177.105 141.062 14.6901 205.731 149.998 36.0429 131.895 15.1287 542.988 310.614 271.018 79.1833 191.835 123.111
internal_count=19579 7842 11737 6171 6708 4468 4094 1591 2503 558 4145 800 236 2026 1803 145 1658 1340 136 2240 1567 318 1671 184 3345 1957 1666 432 1234 782
cat_boundaries=0 1
cat_threshold=89
is_linear=0
shrinkage=0.03


Tree=22
num_leaves=31
num_cat=1
split_feature=5 32 5 12 16 10 14 10 12 5 14 29 9 28 28 14 5 8 9 6 14 14 12 12 12 11 5 28 29 10
split_gain=185.192 155.32 62.0839 53.0893 51.3414 40.3597 39.3049 49.1886 32.2594 39.2421 33.8251 31.8522 29.4977 39.2874 28.6989 28.5035 28.4015 28.017 27.7024 31.3892 28.2792 27.5451 26.5999 25.7756 25.3295 30.7804 25.3082 23.6283 23.4335 21.5237
threshold=0.45150023698806768 0 -0.78753387928009022 -0.17249999940395352 0.25043059885501867 -0.1950000002980232 0.2950000017881394 0.31000000238418585 0.54000002145767223 0.12431468442082406 -0.27499999105930323 76.151096343994155 59.953744888305671 24.009605407714847 24.994574546813968 -0.73000001907348622 -0.94917574524879444 -34.363058090209954 11.040825843811037 -0.92772412300109852 0.18500000238418582 -0.29500000178813929 -0.33699999749660486 0.1970000043511391 -0.55099999904632557 68.500000000000014 -0.96105405688285817 24.009605407714847 86.164299011230483 -0.044999999925494187
decision_type=2 1 2 2 2 2 2 2 2 2 2 2 2 2 2 2 2 2 2 2 2 2 2 2 2 2 2 2 2 2
left_child=1 2 15 4 18 14 7 11 9 -4 21 -5 13 24 -6 16 -1 -9 19 -3 29 -11 -15 26 -7 -26 -13 -8 -17 -21
right_child=-2 3 8 6 5 12 27 17 -10 10 -12 23 -14 22 -16 28 -18 -19 -20 20 -22 -23 -24 -25 25 -27 -28 -29 -30 -31
leaf_value=-0.014570792577923347 -0.023902436016793139 -0.017608527305395569 0.019043470152760911 -0.023849691616545876 -0.025107500006240967 0.0089679637976756172 -0.028765272493908374 0.053741219875031686 0.049802210028888565 0.0091036049150042993 -0.010310423074613585 -0.031191341975569435 -0.0068894728912421528 -0.020808699628005325 0.03470074497240333 -0.0088862085888731564 0.051154324616374001 0.0032608964175630316 -0.018324823535738746 0.017044635547562571 0.030165980072403793 0.072105121801268449 0.044290685483948419 -0.025293258763803787 0.013615812003832214 0.075910267282254307 0.0059246289965601264 -0.0064041653598478666 0.0243037438457928 -0.018767769550537852
leaf_weight=8.5495629012584704 252.05990869551897 44.569377645850182 531.49490943551064 91.604005508124828 24.837206102907658 10.552815079689024 136.73416671901941 17.162017785012722 25.065922744572163 25.143664553761482 83.598765596747398 17.457436971366405 16.119216240942478 14.099276654422285 9.0601995810866338 174.58310603350401 15.870481260120867 22.043571919202805 84.139492832124233 28.287189997732639 43.975412398576736 7.477892503142356 8.0336137935519201 36.58074314892292 9.7801693230867368 31.612919345498085 157.96080165356398 62.529710173606873 20.520381599664688 30.195455968379974
leaf_count=90 3311 500 3256 1139 280 87 1807 118 132 226 808 214 182 121 85 1698 113 212 934 245 331 38 64 415 69 212 1655 706 150 282
internal_value=0.00012004 0.00351492 0.0122908 -0.00529364 0.00365536 0.0191406 -0.011252 -0.00506635 0.0169428 0.0155964 -0.000195768 -0.00916946 0.0295402 0.0374533 -0.00858549 -0.00142111 0.0284757 0.0261454 -0.00470406 0.00316183 0.0122798 0.0252606 0.0037137 -0.00274399 0.0514873 0.06186 0.00207502 -0.0218153 -0.00528926 -0.0014505
internal_weight=2041.7 1789.64 892.305 897.335 355.262 124.095 542.072 342.809 672.781 647.715 116.22 303.603 90.198 74.0788 33.8974 219.524 24.42 39.2056 231.167 147.027 102.458 32.6216 22.1329 211.999 51.9459 41.3931 175.418 199.264 195.103 58.4826
internal_count=19480 16169 6511 9658 3392 1100 6266 3753 4460 4328 1072 3423 735 553 365 2051 203 330 2292 1358 858 264 185 2284 368 281 1869 2513 1848 527
cat_boundaries=0 1
cat_threshold=89
is_linear=0
shrinkage=0.03


Tree=23
num_leaves=31
num_cat=1
split_feature=32 2 5 12 10 9 24 17 12 28 10 14 14 5 17 12 14 10 18 7 9 10 9 28 8 12 14 10 10 9
split_gain=178.153 150.761 60.9777 46.8922 56.0287 49.0532 29.7802 31.7071 30.3597 29.0676 38.8871 31.9727 45.7005 40.3043 36.6887 31.9848 29.0274 73.0687 40.4691 28.3374 27.325 25.6655 24.495 22.6907 21.2589 21.2107 22.8428 21.2081 29.5872 20.8979
threshold=0 24.145714759826664 -0.94917574524879444 -0.23350000381469724 -0.1950000002980232 45.258413314819343 1.0000000180025095e-35 -0.53963491320610035 -0.26350000500679011 25.346193313598636 1.1600000262260439 -1.0000000180025095e-35 -0.20499999821186063 1.0000000180025095e-35 -0.17815499752759931 0.06749999895691873 0.2950000017881394 0.2650000005960465 0.97878730297088634 38.12614822387696 -86.083450317382798 -0.34499999880790705 -53.349534988403313 25.503168106079105 -36.518951416015618 -0.37800000607967371 0.089999999850988402 -0.35500000417232508 -0.094999998807907091 -116.31041336059569
decision_type=1 2 2 2 2 2 2 2 2 2 2 2 2 2 2 2 2 2 2 2 2 2 2 2 2 2 2 2 2 2
left_child=3 20 23 4 -1 6 7 -6 19 10 11 12 14 25 27 -16 17 -5 24 -9 -2 -17 -11 -3 -19 29 -27 -4 -29 -13
right_child=1 2 9 16 5 -7 -8 8 -10 22 -12 13 -14 -15 15 21 -18 18 -20 -21 -22 -23 -24 -25 -26 26 -28 28 -30 -31
leaf_value=-0.027332224391193389 0.040188318711604956 -0.020811619632520081 -0.010303619847648609 -0.016138722654115468 0.027843917562464449 -0.022326053947033617 0.052462723137364178 -0.016593479707206382 0.040961356242858453 -0.0074881014920483453 -0.028198595209424065 0.041063766882959915 -0.013290430606170812 -0.00012722264296004062 0.037986292162924234 -0.023446920545683904 -0.025259756922877328 0.079345666336012741 -0.0094075624732569887 0.04619472252868749 -0.021130472525807489 0.030209626361200136 0.011034502776335615 0.0068664735151914482 0.021558289241365804 0.054885936131404245 0.027843115018830026 0.027657653613174394 -0.018645734632491622 -0.0049893064336279051
leaf_weight=53.147799931466579 5.9017401561141005 67.515670068562031 49.200785018503666 293.07161462306976 53.340468175709248 38.72234870493412 16.171372026205063 59.636745013296604 11.476760447025297 88.146181099116802 15.873049750924109 11.398074895143507 57.044436544179916 52.797228552401066 83.48854124546051 15.995567932724954 206.52163997292519 11.157563954591753 16.583142541348934 6.273168832063674 170.4650057554245 14.202116049826143 230.44613712280989 42.987529285252094 12.809754751622675 32.742123559117317 230.8038289770484 46.848333284258842 15.983006693422793 30.531172089278698
leaf_count=667 58 808 408 3559 441 478 105 562 84 734 131 57 446 376 530 151 2725 64 186 47 2280 76 1916 374 115 170 1334 264 112 220
internal_value=-0.000207033 0.00673815 0.0109714 -0.0113974 -0.000467293 0.00733004 0.0152455 0.0102782 -0.00203003 0.0133639 0.0169681 0.0181287 0.0105306 0.0240794 0.0165828 0.028514 -0.0164299 -0.0109048 0.0264004 -0.0100163 -0.0188636 0.00194747 0.00590239 -0.0100794 0.0505607 0.0282499 0.0313976 0.00433029 0.0157714 0.00819472
internal_weight=2041.28 1262.37 1086 778.912 238.769 185.621 146.899 130.727 77.3867 975.501 656.908 641.035 282.763 358.272 225.718 113.686 540.144 333.622 40.5505 65.9099 176.367 30.1977 318.592 110.503 23.9673 305.475 263.546 112.032 62.8313 41.9292
internal_count=19478 10445 8107 9033 2384 1717 1239 1134 693 6925 4275 4144 1987 2157 1541 757 6649 3924 365 609 2338 227 2650 1182 179 1781 1504 784 376 277
cat_boundaries=0 1
cat_threshold=6
is_linear=0
shrinkage=0.03


Tree=24
num_leaves=31
num_cat=2
split_feature=3 32 5 9 12 16 14 12 16 28 17 17 18 3 12 12 5 16 14 3 28 28 32 28 14 14 6 28 14 3
split_gain=182.326 145.299 68.7912 51.2221 67.455 46.7669 44.7804 51.2403 30.7108 30.4945 29.3725 27.7387 51.4219 25.294 24.7307 31.4291 23.1197 22.367 68.5329 29.306 27.3499 20.2814 19.67 19.3598 18.9488 18.5418 24.559 18.1936 17.9632 17.3175
threshold=18.527454376220707 0 -0.91865202784538258 46.998497009277351 -0.2145000025629997 -0.32504084706306452 0.2950000017881394 0.50899998843669902 -0.19112948328256604 25.658441543579105 0.68395850062370311 -0.0023360013728961344 1.318078398704529 108.16881942749025 0.15049999952316287 0.14050000160932544 -0.8126716911792754 -0.51159128546714772 -1.0000000180025095e-35 472.34913635253912 18.63957500457764 19.008403778076175 1 18.289889335632328 -0.56999999284744252 0.014999999664723875 -0.50943501293659199 25.503168106079105 -1.0000000180025095e-35 320.57951354980474
decision_type=2 1 2 2 2 2 2 2 2 2 2 2 2 2 2 2 2 2 2 2 2 2 1 2 2 2 2 2 2 2
left_child=-1 3 27 4 5 -2 7 14 13 29 11 12 25 -4 15 16 -6 18 20 -19 23 -8 -15 -18 -11 26 -7 -3 -24 -10
right_child=1 2 8 -5 6 10 21 -9 9 24 -12 -13 -14 22 -16 -17 17 19 -20 -21 -22 -23 28 -25 -26 -27 -28 -29 -30 -31
leaf_value=-0.02241723452452191 -0.0094862983704984867 -0.017003648954204316 -0.0066951236266750043 -0.023447971545186713 -0.022454307925033893 -0.013029917867328208 -0.029978779515685491 0.057630454468471377 0.030029394318365002 0.034926120706765089 -0.010070644711366894 0.053991165916854385 0.065049513473167023 -0.0048720207402061641 -0.026907937386196273 0.056431373870721127 -0.0094921356509112265 -0.01347732966050832 0.088624061581592209 0.052725239496189673 -0.016638198076811946 -0.00036529591024453254 0.0070724516300712864 0.06029816845797685 -0.00019623538570145635 -0.012641635201042825 0.055055234234871013 0.0047636500037618601 0.021719053985103418 0.016903219586846159
leaf_weight=280.24856203794479 56.572948582470417 90.230703003704548 88.123981520533562 141.97716665267944 42.052212998270988 7.9364153668284443 106.92892592400312 11.164522066712378 162.52554585039616 15.103306278586386 18.526770651340485 30.271512970328331 14.954885996878145 58.4458222463727 39.057924285531044 7.2514068186283103 5.4183746352791777 65.651445798575878 9.0327684059739095 5.6309293508529654 26.630222849547863 25.818159900605679 152.10465930402279 8.3105115070939046 97.62530206143856 28.005785427987576 9.8607114478945714 55.051566705107689 151.2121169641614 216.86915197223425
leaf_count=3894 577 1078 741 1790 524 86 1418 54 1055 109 167 186 108 528 483 61 61 749 86 58 324 333 1046 91 771 229 58 474 925 1413
internal_value=2.30238e-06 0.00360677 0.010294 -0.00743437 -0.00316063 0.0125547 -0.0105723 -0.00224527 0.0133509 0.0185275 0.0239192 0.0308713 0.0186644 0.00765978 -0.00570237 -0.000700824 -0.00357586 0.00313332 0.0184536 -0.00759059 0.00098565 -0.024265 0.0111654 0.0339797 0.00477516 0.00245322 0.0256155 -0.00877922 0.0139628 0.0225904
internal_weight=2028.59 1748.35 1087.29 661.054 519.076 166.129 352.947 220.2 942.01 492.123 109.556 91.0293 60.7578 449.887 209.036 169.978 162.726 120.674 49.3919 71.2824 40.3591 132.747 361.763 13.7289 112.729 45.8029 17.7971 145.282 303.317 379.395
internal_count=19477 15583 8140 7443 5653 1411 4242 2491 6588 3348 834 667 481 3240 2437 1954 1893 1369 562 807 476 1751 2499 152 880 373 144 1552 1971 2468
cat_boundaries=0 1 2
cat_threshold=6 32
is_linear=0
shrinkage=0.03


Tree=25
num_leaves=31
num_cat=3
split_feature=3 32 5 9 12 17 14 14 17 3 3 9 18 18 18 31 17 9 14 12 12 12 5 32 12 3 12 9 7 2
split_gain=171.008 150.487 62.7648 50.7286 46.4682 31.7762 26.7072 48.0348 38.5817 50.3999 24.8202 23.5957 23.1551 28.2656 19.3194 30.7187 23.1821 26.386 19.9605 22.1047 33.2393 24.6882 22.041 17.5554 18.1792 22.1051 16.8881 18.3819 16.1165 15.7191
threshold=18.527454376220707 0 -0.91865202784538258 46.998497009277351 0.078999999910593047 0.64729160070419323 -0.56999999284744252 -0.52499997615814198 0.28963282704353338 197.07277679443362 76.26718902587892 -127.3025436401367 0.81063601374626171 0.89895629882812511 0.81140595674514782 1 0.64729160070419323 -67.805557250976548 0.49499998986721044 0.042500000447034843 -1.0000000180025095e-35 0.54000002145767223 -0.4591448307037353 2 0.12299999967217447 765.48803710937511 -0.14199999719858167 -51.106477737426751 -36.538513183593743 187.84236145019534
decision_type=2 1 2 2 2 2 2 2 2 2 2 2 2 2 2 1 2 2 2 2 2 2 2 1 2 2 2 2 2 2
left_child=28 3 23 4 5 6 -2 -8 12 -10 11 -4 -9 -14 -12 18 -17 -18 19 20 22 -21 26 -3 25 -25 27 -16 -1 -20
right_child=1 2 10 -5 -6 -7 7 8 9 -11 14 -13 13 -15 15 16 17 -19 29 21 -22 -23 -24 24 -26 -27 -28 -29 -30 -31
leaf_value=0.035841098888400584 -0.017770419986099815 0.0090708542169539736 0.049521518023513907 -0.024098457207153839 -0.015792034759611363 -0.01626463487279273 0.065918018278137661 -0.01336275443486085 -0.026457836778083867 0.054656986397081837 0.021044353999370567 -0.0036272381041341567 0.054841048219929994 0.0048323299246673147 0.028028513149705458 -0.0084287439772716324 -0.022413280855567083 0.028431428556882327 0.01295541160728848 -0.0025600933000861949 0.051941769221828707 0.035602509122522621 0.02464944028852363 0.011347465934942839 -0.031901247222073749 -0.020811065161345454 -0.026960870336049322 -0.0035109797455595707 -0.023063924394585756 0.041694249329623387
leaf_weight=3.3920223936438552 32.414417073130608 36.113457977771759 7.0669023469090453 139.86254207789898 184.72233376652002 61.955456785857677 12.491992473602293 59.112648256123066 8.4047205969691259 27.659301996231079 289.2541237398982 109.43593577295542 10.150448031723498 119.38740034401417 26.545206069946289 104.6332133486867 11.258935920894144 37.331559620797634 30.161639027297497 107.42051869630814 23.380091235041618 16.762381032109261 87.009931191802025 34.901735231280327 35.438651323318481 40.603919133543968 13.153516352176664 41.49198916554451 269.5697396248579 42.844325833022594
leaf_count=41 391 279 39 1796 2326 660 82 608 101 184 1897 941 99 1232 182 899 94 314 172 710 111 83 500 361 455 487 98 271 3821 249
internal_value=-0.000162653 0.00328409 0.0100396 -0.00801648 -0.00377677 0.00294433 0.0074021 0.0109021 0.00756525 0.0355494 0.0129596 -9.29496e-06 0.00205633 0.00914106 0.0147751 0.0113966 -0.000458504 0.0164358 0.015668 0.0127282 0.0190934 0.0028344 0.0142474 -0.00806109 -0.0132919 -0.00599208 0.00293551 0.00902213 -0.0222038 0.0301566
internal_weight=2023.93 1750.97 1094.81 656.161 516.299 331.576 269.621 237.207 224.715 36.064 947.75 116.503 188.65 129.538 831.247 541.993 153.224 48.5905 388.77 315.764 191.581 124.183 168.201 147.058 110.944 75.5057 81.1907 68.0372 272.962 73.006
internal_count=19483 15621 8142 7479 5683 3357 2697 2306 2224 285 6560 980 1939 1331 5580 3683 1307 408 2376 1955 1162 793 1051 1582 1303 848 551 453 3862 421
cat_boundaries=0 1 2 3
cat_threshold=6 3 65
is_linear=0
shrinkage=0.03


Tree=26
num_leaves=31
num_cat=2
split_feature=3 32 9 5 12 12 10 10 12 16 29 2 16 10 10 1 1 29 10 10 8 2 5 3 9 12 9 16 8 32
split_gain=153.463 137.443 52.4137 49.7492 48.2926 33.3654 38.3246 77.5824 43.6487 39.9459 27.8775 25.2503 25.2483 32.0551 32.0556 42.7206 37.597 24.3855 22.8015 72.9017 27.335 22.5317 21.8435 38.3957 30.0041 21.5311 21.4541 27.5179 19.4791 17.5515
threshold=18.527454376220707 0 59.953744888305671 -0.83753159642219532 0.078999999910593047 0.06749999895691873 -0.1950000002980232 -0.18500000238418576 -0.17249999940395352 1.0861150026321413 79.001594543457045 210.87500762939456 -0.19112948328256604 -0.094999998807907091 -0.32500000298023218 92.027194976806655 134.03785705566409 78.715969085693374 0.31000000238418585 0.47500000894069677 -9.7670245170593244 85.487895965576186 -0.85957497358322132 281.44459533691412 -82.854255676269517 -0.24849999696016309 20.901262283325199 0.66886055469512951 -60.457096099853509 1
decision_type=2 1 2 2 2 2 2 2 2 2 2 2 2 2 2 2 2 2 2 2 2 2 2 2 2 2 2 2 2 1
left_child=28 2 4 10 5 6 -2 -8 9 22 -3 -12 21 14 16 -16 -14 26 -6 20 -20 -5 24 -24 -9 -25 27 -15 -1 -23
right_child=1 3 -4 12 18 -7 7 8 -10 -11 11 -13 13 17 15 -17 -18 -19 19 -21 -22 29 23 25 -26 -27 -28 -29 -30 -31
leaf_value=0.04309177395937569 -0.014749221543802241 -0.010236885943772539 -0.025584596664202326 -0.0066008358718843132 -0.023098597279077801 0.063932712115770701 0.070113685109035692 0.036300730436526325 -0.0149026346021094 0.052221351944256963 -0.0061379330126028579 0.026194950364919464 -0.0011779024978273663 0.014205949392085077 0.070321446737930907 0.024165467294557999 0.044285190566709223 -0.00038188593198666497 0.055263418651974767 -0.026549943610442578 -0.012084478680877787 -0.0052774657509249718 -0.0049318225557772313 0.02165935853274608 -0.025728613163693338 0.070724212782981702 0.0052605685398321549 0.042129458811573664 -0.021673665780107806 0.013863532891759426
leaf_weight=3.3510082587599745 90.819257088005543 145.65093874931335 116.43109304457903 76.602766439318657 123.74386999756098 6.9676981270313254 15.839432410895823 8.0883622914552671 77.13766248524189 18.976284071803093 40.025449052453041 45.779764480888844 46.349455006420612 82.04499463737011 30.395619623363018 46.534368425607681 24.269231356680393 90.630840323865414 18.810332238674167 39.624441087245941 7.0369837060570708 49.037597149610519 47.418155208230019 39.089378587901592 30.547129206359386 9.762286461889742 74.922307804226875 52.61513040214777 266.67228420078754 290.19663072377443
leaf_count=37 1101 1582 1530 651 1639 65 107 55 969 123 358 362 362 485 182 272 155 728 137 557 69 438 469 290 289 57 428 281 3853 1803
internal_value=0.000289793 0.00354928 -0.00732397 0.00998283 -0.00343801 0.00325034 0.00181313 0.00794134 0.00339479 0.0126039 -0.00226996 0.0112157 0.013381 0.018323 0.0297529 0.0430704 0.0148464 0.0126253 -0.0155735 -0.00121725 0.0371607 0.00802846 0.00668793 0.0142971 -0.0121545 0.0326863 0.0182252 0.0253465 -0.0207139 0.0113416
internal_weight=2015.37 1745.35 650.292 1095.06 533.861 344.646 337.678 246.859 231.019 153.882 231.456 85.8052 863.599 447.762 147.549 76.93 70.6187 300.213 189.216 65.4718 25.8473 415.837 134.905 96.2698 38.6355 48.8517 209.582 134.66 270.023 339.234
internal_count=19434 15544 7457 8087 5927 3525 3460 2359 2252 1283 2302 720 5785 2893 971 454 517 1922 2402 763 206 2892 1160 816 344 347 1194 766 3890 2241
cat_boundaries=0 1 2
cat_threshold=6 32
is_linear=0
shrinkage=0.03


Tree=27
num_leaves=31
num_cat=1
split_feature=3 32 5 2 12 14 10 10 16 3 17 12 14 14 29 10 10 3 5 10 12 3 28 28 14 14 14 12 5 3
split_gain=141.574 134.257 51.2568 41.7728 45.355 56.2639 83.6102 50.9018 31.3841 30.0358 30.8084 29.3677 28.6251 50.2941 34.5521 30.9317 41.2638 27.3358 39.0035 43.3865 23.8652 22.0011 22.6764 21.9523 21.5132 28.3538 24.2324 29.9497 21.1671 37.7094
threshold=18.527454376220707 0 -0.91865202784538258 196.18916320800784 -0.19049999862909314 0.2950000017881394 0.2650000005960465 -0.1950000002980232 0.25043059885501867 184.44961547851565 -0.4773349910974502 0.092000000178813948 -1.0000000180025095e-35 0.074999999254941954 76.34873199462892 -0.42000000178813929 -0.79500001668930043 267.49920654296881 -0.78753387928009022 -0.044999999925494187 -0.24849999696016309 76.26718902587892 25.346193313598636 25.503168106079105 -1.0000000180025095e-35 0.089999999850988402 -0.1950000002980232 -0.14499999582767484 -0.090113466605544076 411.28997802734381
decision_type=2 1 2 2 2 2 2 2 2 2 2 2 2 2 2 2 2 2 2 2 2 2 2 2 2 2 2 2 2 2
left_child=-1 3 23 4 7 6 11 -2 17 10 -8 12 14 -14 -6 16 -16 -9 19 -19 -20 -4 24 -3 26 -26 27 -23 29 -24
right_child=1 2 21 -5 5 -7 9 8 -10 -11 -12 -13 13 -15 15 -17 -18 18 20 -21 -22 22 28 -25 25 -27 -28 -29 -30 -31
leaf_value=-0.020526842507726118 -0.023353555277953245 -0.016796907050898487 -0.00038724954973548613 -0.022207395360193696 -0.027733631007038507 -0.026940149589520873 0.046700945732507937 -0.017131066137898183 0.034268198831101444 0.066985337552089477 -0.029812207722935389 -0.022800417431994562 0.079347919906231371 -0.011002702703199394 -0.023319134795475257 -0.01645816899324349 0.070252518703637856 0.041416023497583963 0.021341231854179698 -0.024123987152204734 0.082954610020293001 0.029389181329520928 -0.012197389071482496 0.0069772628083586419 0.044839795956765016 0.018448232313426963 -0.0082031906799874127 0.0053111642790840989 0.024296980606957664 0.012807370613739042
leaf_weight=264.38050959259272 36.340923473238945 86.110979810357094 115.58767613768578 142.33450707793236 35.019102849066257 118.71438793838024 9.078688211739065 31.349792249500751 52.41005003452301 17.706555858254433 8.007534407079218 80.409042179584503 9.5149378255009669 11.284120224416254 5.6977716982364646 15.111038677394388 11.989506617188455 12.660493604838846 16.106011226773266 26.182644762098789 8.6705153658986074 76.657377868890762 92.110669679939747 57.642939418554306 41.833142548799515 289.20814603567123 50.824670858681202 117.26358715444803 47.462219707667828 129.21375633776188
leaf_count=3878 441 1068 965 1799 455 1700 93 323 361 102 87 1051 83 130 76 168 123 81 123 250 48 444 766 490 218 1646 370 800 366 985
internal_value=-0.000105945 0.00298468 0.00930118 -0.00778728 -0.00385075 -0.010616 -0.00102288 0.00801927 0.0158605 0.0406567 0.011177 -0.009791 0.00213622 0.0320739 -0.00737806 0.0145333 0.0404746 0.0054507 0.0166712 -0.00225862 0.0452845 0.0118857 0.0135638 -0.00728151 0.0169209 0.0219083 0.0101132 0.0149312 0.00633639 0.00239285
internal_weight=2016.88 1752.5 1103.92 648.588 506.253 322.533 203.818 183.72 147.38 34.7928 17.0862 169.026 88.6165 20.7991 67.8174 32.7983 17.6873 94.9695 63.6197 38.8431 24.7765 960.161 844.574 143.754 575.787 331.041 244.746 193.921 268.787 221.324
internal_count=19490 15612 8118 7494 5695 4068 2368 1627 1186 282 180 2086 1035 213 822 367 199 825 502 331 171 6560 5595 1558 3478 1864 1614 1244 2117 1751
cat_boundaries=0 1
cat_threshold=6
is_linear=0
shrinkage=0.03


Tree=28
num_leaves=31
num_cat=1
split_feature=5 31 12 14 12 14 3 29 5 3 17 29 5 3 14 2 12 7 18 5 2 16 16 29 12 16 14 12 14 14
split_gain=145.369 102.702 44.5353 43.1477 47.6151 41.3285 87.9453 37.9586 37.9473 34.8162 34.1997 30.6986 29.6737 35.1567 25.3253 24.9853 30.2359 25.6615 24.1054 23.6925 30.2277 44.933 23.1858 22.2885 21.7639 25.463 20.8247 20.7068 18.1285 33.9349
threshold=0.45150023698806768 0 -0.2145000025629997 0.2950000017881394 0.50899998843669902 0.32500000298023229 94.895103454589858 76.013408660888686 -0.91865202784538258 335.66105651855474 0.18772999942302707 78.088207244873061 1.0000000180025095e-35 285.29481506347662 0.41499999165534979 196.18916320800784 0.15450000017881396 6.8228373527526864 0.79567050933837902 -0.88134551048278797 113.10773849487306 0.92502808570861828 0.52900657057762157 86.164299011230483 -0.090500000864267335 -0.061227450147271149 -0.42000000178813929 -0.26350000500679011 -1.0000000180025095e-35 0.024999999441206459
decision_type=2 1 2 2 2 2 2 2 2 2 2 2 2 2 2 2 2 2 2 2 2 2 2 2 2 2 2 2 2 2
left_child=1 2 5 4 7 19 -7 -4 23 -8 15 12 13 -10 -11 16 17 24 -13 20 -1 -22 -14 -3 -9 26 -26 -16 -15 -30
right_child=-2 8 3 -5 -6 6 9 10 11 14 -12 18 22 28 27 -17 -18 -19 -20 -21 21 -23 -24 -25 25 -27 -28 -29 29 -31
leaf_value=0.043321828985921691 -0.022720556167949178 -0.0098889339746519884 -0.024671418646095105 -0.026657431964141498 0.047081583181165974 0.10056478239476953 -0.023252546904417686 -0.016450019019580018 0.029449209594615226 0.049674298702066903 -0.020051598687822737 0.01407237113752851 -0.006113481398054333 0.0041603735697828322 -0.024196278011404875 -0.015419247910900482 -0.020441920117273901 0.057523524402986116 -0.0017443454096700956 -0.015150676639456724 -0.031772229842115252 0.037436495733562954 0.022049193229950817 0.028132800335847818 0.0021114551854556959 -0.016187713298705345 0.062909266763898034 0.037770228138085379 0.06163577291982146 0.014366731407016829
leaf_weight=16.00030741840601 228.56590832769871 138.5606836900115 87.813577577471733 141.51657482981682 13.392012558877466 10.033604666590689 20.033677443861961 13.270390190184111 149.07008209824562 17.713827334344387 49.638314060866833 126.1938257291913 98.650175802409649 151.49761897325516 11.38901751488447 24.982900120317936 13.725674465298651 17.423775523900986 271.96416992694139 85.646982781589031 21.190205790102482 12.644258439540861 34.752093240618706 14.439699932932852 7.4426504448056212 8.0066643953323453 15.400881968438624 6.9791675284504917 13.90287661552429 187.67276100814342
leaf_count=94 3320 1570 1168 2024 67 78 197 146 755 106 607 1051 841 1004 115 320 176 188 2465 964 247 100 267 100 81 98 153 46 69 1052
internal_value=-0.000251361 0.00264346 -0.00746753 -0.0134672 -0.00595702 0.00385525 0.0231083 -0.00912987 0.00770656 0.00774072 7.82799e-05 0.00983463 0.0139223 0.0172576 0.025112 0.0101448 0.0187207 0.027642 0.00329137 -0.00564555 0.0106668 -0.00557606 0.00133253 -0.00614118 0.014828 0.0283765 0.0440201 8.29642e-05 0.0120416 0.0179151
internal_weight=2009.51 1780.95 594.244 392.613 251.097 201.631 66.1493 237.705 1186.7 56.1157 149.891 1033.7 635.546 502.143 36.082 100.253 75.27 61.5444 398.158 135.482 49.8348 33.8345 133.402 153 44.1206 30.8502 22.8435 18.3682 353.073 201.576
internal_count=19469 16149 6975 5028 3004 1947 542 2937 9174 464 1769 7504 3988 2880 267 1162 842 666 3516 1405 441 347 1108 1670 478 332 234 161 2125 1121
cat_boundaries=0 1
cat_threshold=4
is_linear=0
shrinkage=0.03


Tree=29
num_leaves=31
num_cat=1
split_feature=3 32 6 9 14 3 6 12 12 12 17 17 14 16 17 7 29 3 16 12 12 3 29 16 4 14 16 29 29 16
split_gain=128.226 116.268 52.7111 42.687 51.1203 35.1827 44.5364 37.01 34.0385 65.8594 29.5313 24.4028 24.2588 31.2342 22.6426 21.5266 20.7451 20.4507 19.6365 18.3116 17.6118 24.935 26.1388 17.5784 15.5817 26.1733 15.527 15.1973 14.4705 14.4113
threshold=18.527454376220707 0 -0.54638096690177906 -4.2863125801086417 0.49499998986721044 190.72395324707034 -0.64897239208221424 -0.18349999934434888 -0.41899999976158137 -0.48800000548362726 0.81215649843215953 -1.5257284045219419 -0.24999999254941938 0.048198135569691665 -0.53963491320610035 -36.538513183593743 76.34873199462892 76.26718902587892 0.39002384245395666 0.55149999260902416 0.12299999967217447 709.90991210937511 77.440567016601577 0.56353142857551586 261.50000000000006 -0.22999999672174451 0.56353142857551586 76.013408660888686 81.26676177978517 -0.5375225543975829
decision_type=2 1 2 2 2 2 2 2 2 2 2 2 2 2 2 2 2 2 2 2 2 2 2 2 10 2 2 2 2 2
left_child=15 3 17 4 5 11 10 14 9 -5 12 -2 16 -14 27 -1 -7 26 -16 -19 21 -4 -23 -15 -17 -26 -3 -8 -22 -24
right_child=1 2 20 8 -6 6 7 -9 -10 -11 -12 -13 13 23 18 24 -18 19 -20 -21 28 22 29 -25 25 -27 -28 -29 -30 -31
leaf_value=0.044840958827318318 0.050029545047412291 -0.0057784523734980891 0.016705115522687067 -0.017068601378160485 -0.023013069170452469 -0.026399377280942042 0.0016387897479602769 -0.022915675829127395 -0.020747345378781527 0.052707442821535277 -0.015817743155580554 -0.012155516323074171 0.06151726769581764 0.038207778803121345 -0.028156498828938361 -0.023106247388515591 0.030878946146408529 0.013195448969074318 0.025025112942127354 0.046087773036144551 -0.023904626400237595 -0.024573106671319109 -0.016733471363289103 -0.023212434430601416 0.057575381722776403 -0.017258175603844642 0.019183577852593912 0.048845469283885071 0.0060205887369306878 0.016698733474072226
leaf_weight=3.6421902254223815 5.0586248859763137 88.855242073535919 60.113549828529358 36.613946869969368 69.590269353240728 8.3302008435130137 9.1259218901395815 38.576047219336033 235.98745622113347 17.01459726691246 10.866522461175917 94.775282129645348 36.827336519956589 7.8513354286551458 13.779612042009832 231.04162649065256 13.748391598463057 753.70457734912634 9.8605108559131605 14.732018426060675 53.926574520766735 43.874536469578743 15.834787383675573 7.0516564920544624 5.031125687062743 12.961112096905707 28.886904172599316 18.201686188578606 19.308192916214466 36.735995806753635
leaf_count=42 50 769 532 465 925 99 65 521 3065 126 118 1183 263 53 128 3522 128 4770 67 76 649 519 141 74 75 187 217 122 148 318
internal_value=3.72456e-05 0.00292633 0.00870806 -0.00728277 -0.00023972 0.00560576 0.0137141 -0.00106864 -0.0158607 0.00562867 0.0291767 -0.00853966 0.0359239 0.047 0.0155895 -0.019896 0.00906049 0.0121033 -0.0058586 0.0138851 -0.00400397 0.00169233 -0.00774042 0.00951339 -0.0210184 0.00559708 0.000455723 0.0336954 -0.0160401 0.00650427
internal_weight=2001.91 1749.23 1115.97 633.259 343.643 274.053 174.219 89.5438 289.616 53.6285 84.6754 99.8339 73.8089 51.7303 50.9677 252.676 22.0786 886.179 23.6401 768.437 229.794 156.559 96.4453 14.903 249.034 17.9922 117.742 27.3276 73.2348 52.5708
internal_count=19417 15591 8139 7452 3796 2871 1638 903 3656 591 735 1233 617 390 382 3826 227 5832 195 4846 2307 1510 978 127 3784 262 986 187 797 459
cat_boundaries=0 1
cat_threshold=6
is_linear=0
shrinkage=0.03


Tree=30
num_leaves=31
num_cat=1
split_feature=3 32 6 9 12 28 29 12 10 10 12 10 10 14 10 28 6 18 18 13 17 2 0 10 18 18 12 12 7 12
split_gain=146.217 128.853 47.1414 43.6351 46.5952 31.9659 28.8941 34.2845 36.6736 51.0382 42.9501 26.9513 26.0645 37.765 24.0968 23.7603 22.8406 23.1525 22.4394 22.6749 29.3004 21.9377 21.4083 20.6456 25.4879 20.5901 20.0461 19.4311 19.2536 18.4882
threshold=18.527454376220707 0 -0.39505837857723231 59.953744888305671 0.078999999910593047 25.503168106079105 75.655178070068374 0.06749999895691873 -0.1950000002980232 -0.18500000238418576 -0.17249999940395352 -0.39499999582767481 -0.17000000178813932 -0.030000000260770317 1.1600000262260439 25.503168106079105 -0.61626377701759327 0.98537755012512218 1.0196774005889895 38.500000000000007 1.2232449650764468 209.07149505615237 109.8954429626465 1.0349999666213991 1.8245018720626833 1.0976158976554873 -0.46099999547004694 -0.24849999696016309 -36.538513183593743 -0.50149999558925618
decision_type=2 1 2 2 2 2 2 2 2 2 2 2 2 2 2 2 2 2 2 2 2 2 2 2 2 2 2 2 2 2
left_child=28 3 5 4 6 11 -2 8 -8 -10 18 22 16 -14 23 -4 17 -13 27 -20 -21 29 -3 24 26 -23 -15 -11 -1 -7
right_child=1 2 15 -5 -6 21 7 -9 9 10 -12 12 13 14 -16 -17 -18 -19 19 20 -22 25 -24 -25 -26 -27 -28 -29 -30 -31
leaf_value=0.041251657402676577 -0.014988327070169151 -0.0050253313726334034 -0.016637985279907296 -0.025079540255625987 -0.016434780238527298 0.029346389728106985 -0.013430507380052002 0.072233879908676094 0.065861926520869502 -0.0079159650904585804 -0.013770450414506089 0.046424063451062189 -0.0086205975703790155 -0.010165683334840143 -0.019111092793194999 0.0077477676381224082 -0.010406036096569909 0.020895802722913911 -0.0025557786878536025 0.047122336856615002 -0.01206573492741847 0.021680659932370113 0.037149477113687719 0.040875841953663519 -0.0062552412632144215 -0.002032357003867787 0.021067333656854068 0.030887213953687428 -0.022479874562609543 -0.0092424418897499687
leaf_weight=3.4582880213856688 68.347710628062487 85.158182211220264 85.743025593459606 107.50336630269885 181.10475898906589 11.317084610462187 70.95622967928648 6.0026298835873595 13.467101842164992 40.990753546357155 58.67278166860342 56.641050584614277 58.542952105402946 19.151393964886665 15.178294315934179 60.633993871510029 12.130533196032045 79.076224610209465 16.312536858022213 45.00677277892828 8.5725487098097783 74.838900871574879 11.39004213362932 33.332923755049706 39.608225457370281 58.001569211483002 295.48277975618839 15.065915793180464 244.77221905812621 122.05319236218929
leaf_count=39 771 702 1096 1509 2448 81 873 48 86 350 761 281 415 131 117 511 98 434 143 334 88 525 85 178 257 446 1720 113 3792 1055
internal_value=6.9441e-05 0.00312906 0.00920124 -0.00763746 -0.00416688 0.0116728 0.00233208 0.00667481 0.00495005 0.0115684 0.00727456 0.0150108 0.0173413 0.013775 0.0170437 -0.0065526 0.0283011 0.0318116 0.0171096 0.0283277 0.0376048 0.00280107 0.000279966 0.0185051 0.0162909 0.0113891 0.01914 0.00287143 -0.02143 -0.00577397
internal_weight=1998.51 1750.28 1118.28 632.003 524.5 971.903 343.395 275.047 269.045 198.088 184.621 705.693 609.144 461.297 402.754 146.377 147.848 135.717 125.949 69.8919 53.5793 266.211 96.5482 387.575 354.242 132.84 314.634 56.0567 248.231 133.37
internal_count=19487 15656 8132 7524 6015 6525 3567 2796 2748 1875 1789 4418 3631 2818 2403 1607 813 715 1028 565 422 2107 787 2286 2108 971 1851 463 3831 1136
cat_boundaries=0 1
cat_threshold=6
is_linear=0
shrinkage=0.03


Tree=31
num_leaves=31
num_cat=1
split_feature=3 32 9 12 10 14 10 5 16 29 12 12 3 9 28 3 17 16 28 14 10 3 9 1 3 17 10 12 16 28
split_gain=140.002 101.494 40.5698 53.5992 37.4291 37.3933 63.7785 36.5999 31.5342 28.1307 24.0231 39.3839 23.5807 21.4869 20.4256 20.2213 28.8509 17.8014 23.7038 21.4613 32.6615 19.1416 18.3906 25.4568 18.1607 17.6632 24.4762 22.5191 17.514 16.8204
threshold=18.527454376220707 0 39.059240341186531 -0.2145000025629997 -0.21000000089406964 0.2950000017881394 0.2650000005960465 -0.94917574524879444 0.32726836204528814 76.151096343994155 0.092000000178813948 0.054500000551342971 399.31550598144537 -67.805557250976548 19.008403778076175 184.44961547851565 -0.4773349910974502 0.6024899184703828 25.658441543579105 -0.74500000476837147 -0.39499999582767481 98.590011596679702 130.29441833496097 67.40869522094728 267.49920654296881 -0.53963491320610035 0.1799999997019768 -0.26350000500679011 0.96688616275787365 25.503168106079105
decision_type=2 1 2 2 2 2 2 2 2 2 2 2 2 2 2 2 2 2 2 2 2 2 2 2 2 2 2 2 2 2
left_child=13 2 3 4 -2 6 9 29 25 -5 11 12 -11 -1 -7 16 -8 19 24 22 -21 -22 23 -9 -19 26 -6 -27 -26 -3
right_child=1 7 -4 5 8 14 15 17 -10 10 -12 -13 -14 -15 -16 -17 -18 18 -20 20 21 -23 -24 -25 28 27 -28 -29 -30 -31
leaf_value=0.03851803481814213 -0.025798308549328981 -0.017626687334399309 -0.020502136942266404 -0.023964651114853509 0.042888762691878662 -0.02927208781619484 0.045209128395098705 0.043197968927131465 0.035777256100821928 0.019007011088405655 -0.015981934312332951 0.082284007227193853 -0.023225690869864597 -0.02230175691081393 0.0014601127537056603 0.058810849513405719 -0.029471158662857024 0.034297895018264808 -0.00094749018900354149 -0.011401062859486083 -0.0036169409754772883 0.011061356475722626 0.064180394355116577 0.0014068787903719056 0.028915845462033702 -0.013205321129049439 -0.0029402545067578121 0.039112189002033851 0.0036081688529810423 0.0062353664306880946
leaf_weight=4.4676741361618033 20.365230545401573 64.395621873438358 144.73674199357629 68.024508532136679 20.93220029771328 93.446740426123142 9.2274956032633799 20.639235772192478 50.175084784626961 33.690453074872494 41.940063238143921 5.6618589311838141 17.137551069259644 241.57629513368011 24.400239638984203 16.149473682045937 7.624274179339408 73.089549385011196 47.377853855490685 78.901995211839676 92.962868675589561 552.67567513883114 8.3456913083791715 33.493249408900738 42.164871782064438 45.450884081423283 19.870311386883259 7.8211528211832038 58.029963053762913 44.113951109349728
leaf_count=53 255 847 2024 942 142 1395 89 157 324 366 548 46 197 3816 336 85 87 423 365 673 755 3566 63 245 252 440 174 49 395 374
internal_value=9.05564e-05 0.00308483 -0.0065274 -0.0024317 0.0114157 -0.00962897 -0.00168297 0.00846503 0.0168111 -0.009281 0.00100577 0.0136767 0.00459413 -0.0210459 -0.0229502 0.0357865 0.0116632 0.0103235 0.0178489 0.00819357 0.00671717 0.00894556 0.0249394 0.0178352 0.0229639 0.00642545 0.0210342 -0.00494517 0.0144389 -0.00795735
internal_weight=1988.89 1742.84 626.654 481.918 164.615 317.303 199.456 1116.19 144.25 166.454 98.4299 56.4899 50.828 246.044 117.847 33.0012 16.8518 1007.68 220.662 787.019 724.541 645.639 62.4782 54.1325 173.284 94.0745 40.8025 53.272 100.195 108.51
internal_count=19483 15614 7499 5475 1384 4091 2360 8115 1129 2099 1157 609 563 3869 1731 261 176 6894 1435 5459 4994 4321 465 402 1070 805 316 489 647 1221
cat_boundaries=0 1
cat_threshold=6
is_linear=0
shrinkage=0.03


Tree=32
num_leaves=31
num_cat=1
split_feature=3 32 9 29 12 17 10 14 9 12 16 12 28 3 3 10 17 9 3 28 2 8 14 14 12 3 12 18 4 12
split_gain=128.831 93.9459 43.6827 34.9902 29.1306 29.1883 25.446 22.1216 23.4792 21.1866 20.4193 19.6499 21.2074 21.4397 34.043 21.4071 21.339 20.7594 24.7223 28.7754 19.1508 18.6103 18.5091 21.6593 17.8628 29.1715 17.5109 17.0143 17.2824 16.9822
threshold=18.527454376220707 0 53.648344039916999 75.655178070068374 0.15450000017881396 -0.4773349910974502 1.1600000262260439 0.49499998986721044 130.29441833496097 0.55149999260902416 1.3583245873451235 0.14050000160932544 22.948931694030765 83.906261444091811 350.07836914062506 -0.67500001192092884 -0.13006500154733655 -40.349740982055657 566.08303833007824 25.503168106079105 344.18690490722662 -60.457096099853509 -0.56999999284744252 0.55000001192092907 0.13799999654293063 256.87760925292974 0.056499999016523368 1.8564911484718325 19.500000000000004 -0.17849999666213986
decision_type=2 1 2 2 2 2 2 2 2 2 2 2 2 2 2 2 2 2 2 2 2 2 2 2 2 2 2 2 10 2
left_child=21 2 3 -2 5 22 7 9 27 11 26 12 13 -3 16 -14 29 18 19 -17 -13 -1 -5 24 25 -24 -7 28 -9 -15
right_child=1 6 -4 4 -6 10 -8 8 -10 -11 -12 20 15 14 -16 17 -18 -19 -20 -21 -22 -23 23 -25 -26 -27 -28 -29 -30 -31
leaf_value=0.041612412021013657 -0.018416198550789967 -0.0074526669511650427 -0.023222791333049587 -0.025843057133351468 -0.013781157985499188 -0.0001485129449023017 -0.018652021377590582 0.022717176992105376 -0.012330439812795657 0.040434150884744717 0.028924206931259321 -0.0085570839049687458 0.024849262468077626 0.014053476267595217 0.009608037420028569 0.015060119645244261 0.015647416353513265 0.0074182613909568795 -0.025699944978423959 -0.017391666489976695 0.013627829631776119 -0.021288286988841876 0.0047414026952875858 -0.011158815341195966 0.069185676616869571 0.039129302773364148 -0.024425075062047798 0.00034867380302575806 0.061268076460155557 0.055511135056535717
leaf_weight=3.4161257222294799 99.873261149972677 33.510937079787254 112.80506721884012 7.540680766105651 88.186004430055618 144.29947989434004 29.912291839718819 130.26216972619295 19.503977581858635 15.807159990072249 16.960206061601639 128.77463927865028 40.4543746560812 12.650203436613081 162.73036494851112 57.160049356520176 39.796698153018951 245.88043476641178 42.870746448636055 41.61205118149519 46.987759493291378 239.32669100537896 45.800431780517101 16.193253893405199 7.047806277871131 42.673071850091219 31.827055115252733 27.584203630685806 10.91246761381626 37.472089342772961
leaf_count=35 1248 255 1639 90 1219 1521 271 858 169 80 160 1022 314 66 1193 375 215 1851 358 344 281 3852 509 193 57 339 440 211 90 186
internal_value=0.000189356 0.00305362 -0.00634172 -0.00262399 0.00134992 0.00565235 0.00816472 0.0089889 0.0183285 0.00702947 -0.00156578 0.00639139 0.0086006 0.0149107 0.0178946 0.00435655 0.0326205 0.00215882 -0.00695915 0.00135111 -0.0025827 -0.020236 0.0172551 0.0203677 0.0257724 0.0215795 -0.00464855 0.0219236 0.026107 0.0455273
internal_weight=1979.83 1737.09 613.206 500.401 400.528 312.342 1123.88 1093.97 188.263 905.708 193.087 889.9 714.138 286.16 252.649 427.978 89.919 387.523 141.643 98.7721 175.762 242.743 119.255 111.715 95.5213 88.4735 176.127 168.759 141.175 50.1223
internal_count=19441 15554 7415 5776 4528 3309 8139 7868 1328 6540 2121 6460 5157 1915 1660 3242 467 2928 1077 719 1303 3887 1188 1098 905 848 1961 1159 948 252
cat_boundaries=0 1
cat_threshold=6
is_linear=0
shrinkage=0.03


Tree=33
num_leaves=31
num_cat=2
split_feature=5 28 5 10 2 17 10 14 29 5 14 9 29 10 10 14 10 10 2 17 32 32 11 4 5 10 28 16 12 10
split_gain=116.376 93.0381 33.8065 26.6494 31.533 35.9602 27.3615 31.0542 33.9038 35.4186 25.5829 34.2264 30.2377 25.7964 22.9538 22.613 20.2278 19.9328 19.7853 22.9495 19.7681 16.2896 16.1188 24.9668 15.558 15.3529 26.1288 27.8117 15.1657 15.1557
threshold=0.45150023698806768 19.008403778076175 -0.91865202784538258 -0.34499999880790705 262.31149291992193 -0.14889999479055402 -0.1950000002980232 -0.030000000260770317 78.715969085693374 -0.090113466605544076 0.40500000119209295 11.040825843811037 76.836559295654311 -0.1950000002980232 -0.18500000238418576 0.014999999664723875 0.14500000327825549 0.56499999761581432 186.20759582519534 -0.79671478271484364 0 1 68.500000000000014 2.5000000000000004 -0.90013122558593739 -0.66500002145767201 23.15529823303223 -0.56367722153663624 -0.19049999862909314 -0.21000000089406964
decision_type=2 2 2 2 2 2 2 2 2 2 2 2 2 2 2 2 2 2 2 2 1 1 2 10 2 2 2 2 2 2
left_child=1 10 20 4 25 -6 18 21 9 -9 11 12 13 -1 -15 29 -16 -13 19 -5 -3 22 -8 -24 -18 26 -4 -28 -12 -14
right_child=-2 2 3 6 5 -7 7 8 -10 -11 28 17 15 14 16 -17 24 -19 -20 -21 -22 -23 23 -25 -26 -27 27 -29 -30 -31
leaf_value=-0.019103399985414073 -0.021413181204233005 0.0077629527783720179 -0.014947356334823643 -0.004637309134955624 -0.0041351830288622804 0.040024919989857959 -0.018258513827481539 0.02004378659881426 0.00085178151407918744 0.00046981537147678727 -0.0062722120803107208 -0.019401108891218793 0.018212094411285563 0.042337714480771636 -0.014004791657093488 -0.0018759883671503987 -0.028882060271624065 0.037345097613083064 0.013929823629408667 0.050342599422839272 -0.012819968546058252 -0.012547804563640465 0.047959052397781067 -0.0024215302193623216 0.016548878939833842 -0.01784491439038274 -0.021844295561831872 0.040681118403949425 -0.029338023633296698 0.065111048697486337
leaf_weight=62.368882231414318 211.00357577949762 56.776071831583977 36.95092935860157 8.2363592945039255 36.592763744294643 29.117393746972084 12.575698263943194 356.94557439908385 205.0380982235074 108.45620293915272 39.801083989441395 131.49360928684473 14.099153503775598 11.865448191761969 50.206067532300949 18.24617001414299 6.7744651772081843 4.9139048606157294 68.65386139601469 35.002496115863323 111.86977412179112 79.10678381845355 15.084742136299608 19.48738906532526 56.250751338899136 80.337786544114351 8.3522968403995055 20.619199827313423 74.700071476399899 11.870654735714195
leaf_count=834 3346 503 346 89 284 187 100 2118 1785 909 375 1817 158 88 562 185 84 34 408 237 1392 625 100 162 479 778 74 169 1213 90
internal_value=-0.000406917 0.00210539 0.00631071 0.00819498 -0.00137831 0.0157396 0.0104275 0.00845536 0.0110233 0.0154931 -0.00911861 -0.00523686 0.00179128 -0.00350252 0.00436535 0.0238169 5.04492e-05 -0.0171 0.0242699 0.0400017 -0.00618373 -0.00516065 0.00815037 0.0202911 0.0112908 -0.00912353 0.00161281 0.022528 -0.021444 0.0412687
internal_weight=1982.8 1771.79 1289.2 1120.56 211.97 65.7102 908.587 796.694 670.44 465.402 482.59 368.089 231.682 187.466 125.097 44.216 113.231 136.408 111.893 43.2389 168.646 126.255 47.1478 34.5721 63.0252 146.26 65.9224 28.9715 114.501 25.9698
internal_count=19531 16185 10266 8371 1838 471 6533 5799 4812 3027 5919 4331 2480 2047 1213 433 1125 1851 734 326 1895 987 362 262 563 1367 589 243 1588 248
cat_boundaries=0 1 2
cat_threshold=69 13
is_linear=0
shrinkage=0.03


Tree=34
num_leaves=31
num_cat=1
split_feature=5 32 4 5 16 2 2 12 29 28 12 28 28 14 10 10 10 12 14 16 14 6 17 12 8 12 14 14 29 10
split_gain=114.83 98.0493 46.0905 33.7598 31.6017 33.8302 27.9542 33.3304 29.3369 26.4278 21.1383 22.4994 20.8011 19.9122 87.5553 19.1891 31.5119 21.8517 30.8692 30.5962 20.6483 23.6664 18.2957 19.5692 20.4021 16.9533 16.7925 16.2654 16.0029 14.6364
threshold=0.45150023698806768 0 248.50000000000003 -0.91865202784538258 -0.19112948328256604 84.071823120117202 196.18916320800784 0.078999999910593047 75.655178070068374 25.658441543579105 0.06749999895691873 18.289889335632328 25.503168106079105 0.2950000017881394 0.31000000238418585 -0.21000000089406964 -0.014999999664723871 -0.15249999612569806 0.024999999441206459 0.6894190013408662 0.49499998986721044 -0.50943501293659199 1.6090713143348696 -0.52750000357627858 -47.528280258178704 -0.33699999749660486 0.28000000119209295 -0.99500000476837147 76.484970092773452 -0.094999998807907091
decision_type=2 1 10 2 2 2 2 2 2 2 2 2 2 2 2 2 2 2 2 2 2 2 2 2 2 2 2 2 2 2
left_child=1 2 6 12 5 -5 7 8 -1 22 11 -10 -3 14 -9 -13 -17 18 -18 20 21 25 23 24 -6 28 -19 -2 -20 -11
right_child=27 3 -4 4 9 -7 -8 13 10 29 -12 15 -14 -15 -16 16 17 26 19 -21 -22 -23 -24 -25 -26 -27 -28 -29 -30 -31
leaf_value=-0.016036056965877926 0.020200974566964687 -0.015686195423642347 0.074640481840632031 -0.012460457543052059 0.036844376592396533 0.0079268042735913397 -0.020095579284855586 -0.021718889641816057 -0.014447435110503505 0.01570645372674195 0.05712452883619458 -0.0078601080884458108 0.0073314971173734219 -0.027439747739935596 0.048111545854437943 0.040079569289822876 -0.022456789499936351 0.021750485777833655 -0.0045490793180718121 0.068301343888966665 -0.021384465133080323 -0.018872926009593831 -0.013407350241688196 0.021287317363398249 -0.017642826707911466 0.058855016768542948 -0.025407605731336429 -0.022554629772284705 0.046163996487565903 -0.0059173039565755614
leaf_weight=68.068567708134651 7.5993653982877722 81.344716086983681 5.1508513391017905 89.326982103288174 7.3477292023599174 387.6799127086997 132.12193515896797 71.314846020191908 44.504446849226952 43.922979138791561 6.1053096279501906 45.610635969787836 61.090805009007454 70.172841187566519 19.822926737368107 32.091885678470135 15.150914788246153 8.3287810832262021 13.356554038822642 10.64593021571636 10.843351669609545 8.8991964757442528 15.204979680478571 375.88240214809775 22.936106089502573 13.95720272511244 25.123928736895323 199.4875571988523 8.4496855773031694 74.621704772114754
leaf_count=811 119 1069 65 910 41 2534 1830 1017 467 321 45 576 509 1152 108 245 160 97 105 60 104 83 99 2395 186 95 379 3213 73 592
internal_value=0.000185006 0.00266316 -0.00701434 0.007748 0.00973001 0.00409089 -0.00794797 -0.00451557 0.00122977 0.0146953 0.00611078 0.00456188 -0.00583159 -0.0155365 -0.00617309 0.0090096 0.014267 0.00676457 0.0151134 0.0239245 0.014355 0.0233102 0.0182087 0.0194222 -0.00366751 0.0340347 -0.013376 -0.0208961 0.0162642 0.00215906
internal_weight=1976.17 1769.08 609.72 1159.36 1016.92 477.007 604.569 472.447 311.136 539.916 243.068 236.963 142.436 161.311 91.1378 192.458 146.847 114.756 81.3028 66.1519 55.506 44.6626 421.371 406.166 30.2838 35.7634 33.4527 207.087 21.8062 118.545
internal_count=19460 16128 7472 8656 7078 3444 7407 5577 3300 3634 2489 2444 1578 2277 1125 1977 1401 1156 680 520 460 356 2721 2622 227 273 476 3332 178 913
cat_boundaries=0 1
cat_threshold=6
is_linear=0
shrinkage=0.03


Tree=35
num_leaves=31
num_cat=2
split_feature=2 32 9 6 12 17 14 17 14 10 16 10 28 14 16 10 10 12 17 17 10 32 29 10 2 9 12 16 10 10
split_gain=104.214 80.7694 45.8395 43.0175 38.0649 30.9247 24.2716 22.3248 21.6408 87.6503 20.6338 29.8346 27.4446 18.9539 29.8462 26.9548 46.9607 43.3367 40.906 41.7373 18.8987 18.6893 17.6292 16.8602 40.0703 21.4392 16.1445 14.0137 13.9478 16.3871
threshold=28.774245262146 0 39.059240341186531 -0.39505837857723231 0.078999999910593047 -0.35663105547428126 1.0249999761581423 0.66239419579505932 0.2950000017881394 0.31000000238418585 -0.1622507497668266 -0.094999998807907091 25.658441543579105 0.49499998986721044 0.87252560257911693 -0.1950000002980232 -0.18500000238418576 0.054500000551342971 0.28963282704353338 -0.46965999901294703 -0.060000000521540635 1 75.655178070068374 -0.32500000298023218 232.44939422607425 -32.719305038452141 -0.46099999547004694 -0.76819729804992665 1.0950000286102297 1.0349999666213991
decision_type=2 1 2 2 2 2 2 2 2 2 2 2 2 2 2 2 2 2 2 2 2 1 2 2 2 2 2 2 2 2
left_child=5 2 4 10 7 6 -1 13 9 -6 21 23 20 15 -15 17 -17 -2 19 22 -13 -3 -18 25 -25 -12 -20 -24 29 -23
right_child=1 3 -4 -5 8 -7 -8 -9 -10 -11 11 12 -14 14 -16 16 18 -19 26 -21 -22 28 27 24 -26 -27 -28 -29 -30 -31
leaf_value=-0.0098036908800511486 -0.014965317820744426 -0.0077348665838614201 -0.021328255230819618 -0.0080141763723381946 -0.020799367021414394 -0.025774449271497045 0.035477071923796274 -0.013059165765121556 -0.026953124310707278 0.048964929413389729 -0.0067120860006275535 -0.016890696947951228 -0.0071311614113547094 -0.031765926075486166 0.03001775046693362 0.070701124249674382 -0.012404719041957661 0.051765556480252412 0.067116824744888087 -0.018308201202401508 0.015553828241888178 0.0076106288280696644 0.04473030172107767 0.054177078108949318 0.013395250199375552 0.025151911731452845 0.019962000016957308 0.014070487812413516 -0.024872260080947943 0.036934270314026997
leaf_weight=106.07726686447859 55.961337890475988 75.810531206429005 136.35689928755164 137.28777472302318 66.039659012109041 155.93657647073269 10.848201002925633 52.670162688940763 63.89720281213522 20.381621927022934 28.328688085079193 16.500462092459202 74.600385364145041 22.159619379788641 9.2009217925369722 12.972652249038218 12.841569669544695 9.3573744371533376 13.758676841855051 42.970475733280182 242.91909002512693 366.77532868087292 21.062231935560703 42.185572817921638 45.319014593958855 54.627724498510361 13.892103619873522 38.071186982095242 10.314867205917833 17.094384782016277
leaf_count=1643 723 691 2033 1538 962 2540 145 598 1066 108 217 108 581 285 69 66 136 84 64 469 1422 2339 177 233 268 361 103 344 80 87
internal_value=0.000109292 0.00286939 -0.00603601 0.00759529 -0.00155112 -0.0170683 -0.00533738 0.00454023 -0.0138556 -0.00397424 0.00987824 0.0140887 0.00883279 0.00825209 -0.0132717 0.011354 0.0181108 -0.00476923 0.0128674 0.00482882 0.0134332 0.00533851 0.0187037 0.0242761 0.033446 0.0143204 0.0449493 0.0255532 0.00786278 0.00900903
internal_weight=1976.22 1703.36 591.594 1111.76 455.237 272.862 116.925 304.918 150.318 86.4213 974.476 504.481 334.02 252.248 31.3605 220.888 155.569 65.3187 142.596 114.945 259.42 469.995 71.975 170.461 87.5046 82.9564 27.6508 59.1334 394.185 383.87
internal_count=19540 15212 7287 7925 5254 4328 1788 3118 2136 1070 6387 3190 2111 2520 354 2166 1359 807 1293 1126 1530 3197 657 1079 501 578 167 521 2506 2426
cat_boundaries=0 1 2
cat_threshold=6 32
is_linear=0
shrinkage=0.03


Tree=36
num_leaves=31
num_cat=1
split_feature=5 32 10 12 29 12 16 4 10 4 5 10 10 8 5 29 2 12 9 28 12 5 28 14 14 14 12 10 9 18
split_gain=105.068 75.9054 32.2209 33.4005 29.5528 33.9729 31.7435 28.8589 28.3188 24.8254 24.7328 24.0674 23.1744 30.3106 23.4045 16.765 18.0367 16.7441 16.1297 40.7194 28.855 21.0267 19.3095 44.843 18.9978 18.9783 40.2132 19.2429 16.1281 15.4259
threshold=0.45150023698806768 0 1.1600000262260439 0.54000002145767223 75.655178070068374 0.26950000226497656 -1.2533410191535947 249.50000000000003 1.0349999666213991 8.5000000000000018 -0.83753159642219532 0.72500002384185802 0.32999999821186071 -69.950656890869126 -0.93404099345207203 77.440567016601577 168.41275787353518 0.13799999654293063 -15.771351814270018 24.994574546813968 0.10400000214576723 -0.49655652046203608 18.767070770263675 0.014999999664723875 0.22499999403953555 -0.56999999284744252 -0.090500000864267335 -0.094999998807907091 139.19290924072268 0.72820800542831432
decision_type=2 1 2 2 2 2 2 10 2 10 2 2 2 2 2 2 2 2 2 2 2 2 2 2 2 2 2 2 2 2
left_child=1 2 3 8 -3 6 -6 11 9 10 15 12 17 -14 -15 16 -1 18 22 -20 21 -21 23 25 -24 -8 27 -27 -5 -12
right_child=-2 4 -4 28 5 -7 7 -9 -10 -11 29 -13 13 14 -16 -17 -18 -19 19 20 -22 -23 24 -25 -26 26 -28 -29 -30 -31
leaf_value=0.014125887986767983 -0.020419401394586971 -0.017885024430520972 -0.024771205429038764 0.045286187690371023 -0.021142782273979255 -0.019358468325159795 -0.002542674751807202 0.057003020476353944 0.031752426718440759 -0.0039721077436199416 0.020338173811320377 -0.019797330931328065 0.062455940276530598 -0.024746381919006834 0.016038360806614849 0.0097453406407703464 -0.023450016540594257 -0.016479795128578667 -0.01324320700849591 0.021403932178515672 0.05528836528218653 -0.017301014887890057 -0.0045954494607951899 -0.0097723879755016417 0.030535797030310556 -0.0039687589040218723 0.093173213080145853 0.048243664516458618 0.0068355886522668274 0.0088299334080764579
leaf_weight=14.512828692793844 199.73420412838459 119.3216551952064 24.67563121765852 32.327179498970509 53.983518674969673 86.138297215104103 7.855071995407342 7.6820787005126467 41.914496183395386 157.19973466545343 141.41656225919724 41.640131365507841 10.244366832077501 13.821104023605583 89.095647297799587 44.638970449566841 45.614499852061272 46.30968826636672 127.47112432867289 29.715182729065418 12.377780377864836 20.515468411147594 88.583978109061718 26.02695856615901 15.388480734080074 11.233397688716648 11.294382430613039 13.210486188530924 14.487705893814562 411.67670580372214
leaf_count=154 3312 1628 224 204 676 1158 90 99 230 1423 799 556 82 178 843 355 508 603 1671 241 110 210 863 269 135 105 94 89 87 2427
internal_value=0.000144837 0.00248835 0.00832874 0.00935088 -0.00408305 -0.00180733 0.000633004 0.00271975 0.00797862 0.00671863 0.00927541 0.00188195 0.00364202 0.0155963 0.0103758 -0.00405811 -0.0142977 0.000312527 0.00249017 -0.00354066 0.0161114 0.00556671 0.00907623 0.0211821 0.000845523 0.0394679 0.0485195 0.0250361 0.0337788 0.0118038
internal_weight=1960.11 1760.37 928.464 903.789 831.909 712.587 626.449 572.465 856.974 815.059 657.86 564.783 523.143 113.161 102.917 104.766 60.1273 409.982 363.672 190.08 62.6084 50.2307 173.593 69.6203 103.972 43.5933 35.7383 24.4439 46.8149 553.093
internal_count=19423 16111 6411 6187 9700 8072 6914 6238 5896 5666 4243 6139 5583 1103 1021 1017 662 4480 3877 2232 561 451 1645 647 998 378 288 194 291 3226
cat_boundaries=0 1
cat_threshold=89
is_linear=0
shrinkage=0.03


Tree=37
num_leaves=31
num_cat=1
split_feature=3 32 9 12 10 29 10 18 4 16 28 17 14 13 14 10 4 14 10 28 10 10 12 17 17 12 29 14 10 14
split_gain=100.418 69.4734 36.1356 43.438 29.7791 21.2993 21.2671 31.196 20.4453 20.9446 18.5744 17.8296 15.7552 14.5647 13.7347 69.2615 13.4391 13.1161 19.8636 51.0417 37.0423 45.2708 35.538 21.7189 28.0904 13.2122 13.057 12.421 11.9382 12.9596
threshold=5.2826414108276376 0 59.953744888305671 0.078999999910593047 1.1600000262260439 75.655178070068374 1.0349999666213991 2.1464300155639653 4.5000000000000009 0.6894190013408662 24.994574546813968 0.59293398261070263 0.52500000596046459 38.500000000000007 0.2950000017881394 0.31000000238418585 10.500000000000002 -1.130000054836273 -0.46499998867511744 18.767070770263675 -0.23499999940395352 -0.18500000238418576 -0.17249999940395352 0.28963282704353338 -0.48386885225772852 -0.085999999195337282 76.581501007080092 0.16499999910593036 0.19500000029802325 -0.15999999642372129
decision_type=2 1 2 2 2 2 2 2 8 2 2 2 2 2 2 2 10 2 2 2 2 2 2 2 2 2 2 2 2 2
left_child=-1 2 3 5 6 -2 7 8 -3 13 -8 17 26 16 15 -5 -10 -7 19 25 -20 -22 23 24 -23 -19 -11 -24 29 -18
right_child=1 4 -4 14 -6 11 10 -9 9 12 -12 -13 -14 -15 -16 -17 28 18 20 -21 21 22 27 -25 -26 -27 -28 -29 -30 -31
leaf_value=-0.022486498941354634 -0.012592820988661085 0.010152950129194843 -0.02325089381684153 -0.021051708803475198 -0.022006057227707751 -0.028399396426821277 0.038285386245931932 -0.017329224472832142 -0.0012364154344521653 0.033853328067212918 -0.00064961535620652053 -0.0089401261496427093 0.03833184583579323 -0.0063540952261752302 -0.025446037290235403 0.039576116729576748 0.02718283862353062 0.029392815063803302 -0.02282433788739964 -0.016119202313457898 0.061783224530278909 0.025235103146621009 0.0034909443171542241 0.048130270393400537 -0.008808844598238991 0.092531816183317808 -0.00054746187217470665 -0.026563818033267145 0.045862362276480349 -0.018965157540717131
leaf_weight=167.13923529908061 65.142741110175848 678.50562043115497 96.028522651642561 78.714721877127886 32.166724305599928 6.8345546312630168 33.532770276069641 48.502241663634777 52.069606468081474 11.789059732109306 16.152574762701988 54.930548921227455 19.032235957682133 213.06619558483362 72.692227076739073 20.570743337273598 12.363791931420563 6.2258136160671702 28.980428762733936 9.8202975131571275 14.799489010125397 54.045149955898523 22.583188727498055 17.05577926337719 35.458624068647623 8.6103441193699854 44.282006774097681 25.836329489946365 11.863817222416399 8.3742127828300017
leaf_count=2943 803 4548 1516 1191 323 98 160 397 365 85 131 626 145 1937 1258 115 114 75 374 130 99 409 258 94 331 78 380 410 81 78
internal_value=-0.000314267 0.00175585 -0.00633305 -0.00330513 0.00599304 0.00276111 0.00684706 0.00596523 0.00705533 0.00140613 0.0258646 0.0063001 0.0154531 -0.00217705 -0.0156068 -0.00822098 0.00828551 0.00995888 0.0112536 0.0361404 0.00800091 0.0133655 0.00837544 0.0180081 0.0117996 0.0695655 0.00715182 -0.0127591 0.0230775 0.00853263
internal_weight=1967.17 1800.03 618.33 522.301 1181.7 350.323 1149.53 1099.85 1051.35 372.841 49.6853 285.181 75.1033 297.738 171.978 99.2855 84.6714 230.25 223.415 24.6565 198.759 169.779 154.979 106.56 89.5038 14.8362 56.0711 48.4195 32.6018 20.738
internal_count=19552 16609 7865 6349 8744 3785 8421 8130 7733 3185 291 2982 610 2575 2564 1306 638 2356 2258 283 1975 1601 1502 834 740 153 465 668 273 192
cat_boundaries=0 1
cat_threshold=6
is_linear=0
shrinkage=0.03


Tree=38
num_leaves=31
num_cat=1
split_feature=5 29 5 31 12 12 9 16 28 16 29 5 18 5 4 29 12 12 17 10 12 18 18 12 17 12 1 2 10 16
split_gain=92.8951 58.4465 30.6628 26.6646 37.3169 24.0564 22.9864 26.0753 26.7153 22.4285 22.3255 20.1465 27.1436 26.8085 17.5835 17.1809 16.4107 34.9006 21.6744 16.2777 25.5475 27.1645 16.2755 21.6356 15.7634 15.2646 15.0823 14.5711 14.27 13.3337
threshold=0.45150023698806768 75.522090911865249 -0.90013122558593739 0 0.54000002145767223 0.056499999016523368 -81.345256805419908 0.73820891976356517 24.994574546813968 -1.2533410191535947 77.084831237792983 0.081451712176203742 1.8713452219963076 -0.42028589546680445 249.50000000000003 83.357944488525405 0.049999998882412917 -0.37800000607967371 -0.17815499752759931 0.66999998688697826 0.14649999886751178 1.2815482020378115 0.89895629882812511 -0.14199999719858167 0.029705954715609554 -0.2145000025629997 154.5063400268555 319.92567443847662 0.32999999821186071 -0.22923302650451657
decision_type=2 2 2 1 2 2 2 2 2 2 2 2 2 2 10 2 2 2 2 2 2 2 2 2 2 2 2 2 2 2
left_child=1 -1 5 4 11 6 10 8 -8 -5 -3 13 29 16 22 -7 17 -4 -19 20 21 -15 -11 -24 -22 -12 -6 -18 -20 -13
right_child=-2 2 3 9 26 15 7 -9 -10 14 25 12 -14 19 -16 -17 27 18 28 -21 24 -23 23 -25 -26 -27 -28 -29 -30 -31
leaf_value=-0.01809895753141837 -0.019737875885992354 0.041778620189086457 -0.01129056722169999 -0.01519445806699855 0.066186721089808442 -0.021984275055375417 -0.02458007672298676 0.016738147805788809 0.010193263740086264 0.0076582880173221108 -0.021293709811493242 -0.024790084413641136 0.03654714788707325 0.030732836497519043 0.041768206997903533 0.0099031754120003073 -0.0177641074835738 0.0039557425655048373 0.038786581543703423 0.034658410146295289 -0.019506821830905047 0.0054393931446316875 0.0066628499958105913 -0.0079619990373622357 0.014823686171964388 0.030132906061781754 0.021959658148062226 0.0053973650254305556 0.0082457605534968243 -0.00042482595915460756
leaf_weight=118.72209572792053 192.66266743838787 20.86345275118947 49.683150172233582 65.118106294423342 12.66147866100073 88.754223011434078 60.681296337395906 35.120758961886168 28.666499368846416 302.0112770088017 12.740466102957727 33.581175182014704 11.70684903487563 89.433902904391289 9.4294627569615823 17.701847918331623 46.149769268929958 52.817952796816826 46.150424584746361 42.238395340740681 27.413499936461449 67.065299391746521 158.03668159246445 212.00439304858446 19.949090719223022 7.3556451648473731 17.294193781912327 50.033421047031879 20.360911011695862 48.739572141319513
leaf_count=1660 3317 167 309 748 69 1269 783 361 233 2894 117 341 107 439 118 158 314 334 227 188 155 365 1441 2441 94 65 82 260 107 408
internal_value=-9.56452e-06 0.00214475 0.00360809 0.00541987 0.00987157 -0.00558659 0.00158315 -0.00485491 -0.013434 0.00147206 0.0207967 0.00836821 -0.00435665 0.0107123 0.00310611 -0.0166391 0.00407017 0.00967923 0.0184313 0.0178243 0.0141842 0.0199971 0.0025024 -0.00171491 -0.00503932 -0.00193427 0.0421875 -0.00578421 0.0296978 -0.0105424
internal_weight=1965.15 1772.49 1653.76 1381.88 635.279 271.884 165.428 124.469 89.3478 746.6 40.9596 605.323 94.0276 511.296 681.482 106.456 265.196 169.012 119.329 246.1 203.862 156.499 672.052 370.041 47.3626 20.0961 29.9557 96.1832 66.5113 82.3207
internal_count=19571 16254 14594 11441 3799 3153 1726 1377 1016 7642 349 3648 856 2792 6894 1427 1551 977 668 1241 1053 804 6776 3882 249 182 151 574 334 749
cat_boundaries=0 1
cat_threshold=2
is_linear=0
shrinkage=0.03


Tree=39
num_leaves=31
num_cat=1
split_feature=3 28 12 10 14 12 29 17 9 5 16 9 5 32 16 12 1 10 28 28 5 3 17 10 17 14 3 12 14 26
split_gain=99.3712 67.8115 32.6655 40.7162 36.0904 36.9285 37.3822 29.7164 31.1987 27.684 27.1901 25.0161 20.8199 19.6312 20.9116 20.4959 18.3712 18.2927 16.9575 16.0216 15.9018 29.6549 24.8683 25.8537 23.2139 20.4694 20.9601 18.4127 18.3232 28.9022
threshold=0.64668726921081554 19.008403778076175 -0.23350000381469724 -0.21000000089406964 0.2950000017881394 0.50899998843669902 76.836559295654311 0.30026903748512274 -19.717172622680661 -0.91865202784538258 0.39002384245395666 11.040825843811037 -0.8126716911792754 0 -1.2533410191535947 0.54000002145767223 35.783811569213874 0.39499999582767492 25.503168106079105 19.164343833923343 0.081451712176203742 350.07836914062506 -0.053555749356746667 -0.29500000178813929 -0.068412926048040376 0.35999999940395361 801.39553833007824 -0.2145000025629997 1.1899999976158144 1.0000000180025095e-35
decision_type=2 2 2 2 2 2 2 2 2 2 2 2 2 1 2 2 2 2 2 2 2 2 2 2 2 2 2 2 2 2
left_child=-1 2 3 -2 5 6 17 8 16 18 11 -5 -12 15 -15 20 -8 -4 19 -3 21 28 -23 -24 -22 -25 27 -27 29 -11
right_child=1 9 4 10 -6 -7 7 -9 -10 13 12 -13 -14 14 -16 -17 -18 -19 -20 -21 24 22 23 25 -26 26 -28 -29 -30 -31
leaf_value=-0.02720510030578668 -0.031130767704873979 0.025646568872734737 -0.017563688055678719 0.0095483971259538777 -0.026780608614007721 0.04432114810165786 0.022805160067782226 -0.021829394573007237 0.002492185103227542 0.02009892297848433 0.051172982905057007 -0.023458725713079848 0.011141046831393869 -0.018022583049634156 0.0041341131966135527 0.031140838846719927 0.09392120532289315 0.030226270481251784 0.0066132239482256088 -0.017004566468729339 0.0111367601956734 -0.0025438061713837579 0.035290553253205396 -0.0027773148652151776 -0.014385843757266117 0.048395344606617291 -0.015098946475694633 0.012888506934248667 0.050133559129274391 -0.025433843235522773
leaf_weight=109.44084541872144 25.533444762229919 7.7735854946076861 153.1005755700171 71.166643179953098 110.73999704420567 11.535146556794642 6.8649426847696304 12.392045624554155 15.918690145015717 192.48563323915005 18.846618130803108 27.957962214946747 30.299406852573156 41.414232712239027 398.70843331888318 39.17773711681366 7.1541462540626526 6.6758298277854911 59.110675156116486 93.17102362960577 69.087841920554638 169.28969869762659 37.404889702796936 79.420370914041996 58.13466589897871 21.585423231124878 12.206613570451735 33.984278962016106 15.830141216516493 12.579017646610735
leaf_count=2024 392 95 2230 596 1904 54 67 161 210 983 113 394 265 494 3872 209 67 48 486 1261 667 1100 212 467 545 94 76 174 66 70
internal_value=0.000434818 0.00209309 -0.00734868 0.00313535 -0.0129584 -0.00570234 -0.00876157 0.0160405 0.0319148 0.00560265 0.00920528 9.74673e-05 0.0272069 0.00718898 0.00196848 0.0101193 0.0629338 -0.0153913 -0.00607741 -0.0135007 0.0090474 0.0111683 0.00575757 0.0133431 -0.0005471 0.00756539 0.0195491 0.0272924 0.0197717 0.017196
internal_weight=1948.99 1839.55 498.185 173.804 324.381 213.641 202.106 42.3298 29.9378 1341.36 148.271 99.1246 49.146 1181.31 440.123 741.186 14.0191 159.776 160.055 100.945 702.009 574.786 353.891 184.602 127.223 147.197 67.7763 55.5697 220.895 205.065
internal_count=19396 17372 6501 1760 4741 2837 2783 505 344 10871 1368 990 378 9029 4366 4663 134 2278 1842 1356 4454 3242 2123 1023 1212 811 344 268 1119 1053
cat_boundaries=0 1
cat_threshold=25
is_linear=0
shrinkage=0.03


Tree=40
num_leaves=31
num_cat=2
split_feature=3 32 4 5 9 3 14 10 10 10 5 9 3 9 10 3 14 5 3 9 9 10 16 14 10 32 7 1 16 16
split_gain=95.1479 62.3789 41.6024 29.7579 25.2478 28.4624 25.6382 35.0696 41.5773 32.6097 30.0085 24.7487 22.8919 23.4696 20.5741 16.1805 14.9675 13.727 13.5959 26.6187 19.5407 24.5123 23.0527 14.8296 13.3433 15.6155 13.3054 12.3634 12.3433 12.3092
threshold=1.196043908596039 0 251.50000000000003 -0.91865202784538258 59.953744888305671 190.72395324707034 0.49499998986721044 -0.1950000002980232 -0.18500000238418576 0.2100000008940697 -0.90013122558593739 -15.771351814270018 63.532464981079109 -124.23484802246092 1.0000000180025095e-35 528.52374267578136 -0.27499999105930323 -0.60434082150459278 277.53517150878912 -78.535449981689439 -150.71347808837888 0.054999999701976783 0.5072535276412965 1.1899999976158144 -0.29500000178813929 1 0.88116139173507702 142.48313140869143 0.7252347767353059 -1.4215446114540098
decision_type=2 1 10 2 2 2 2 2 2 2 2 2 2 2 2 2 2 2 2 2 2 2 2 2 2 1 2 2 2 2
left_child=-1 2 4 -3 5 -2 7 -7 -9 11 -11 14 13 -5 15 -10 -15 -16 20 -20 -14 22 -22 27 -18 26 -26 -23 -8 -21
right_child=1 3 -4 12 -6 6 28 8 9 10 -12 -13 18 16 17 -17 24 -19 19 29 21 23 -24 -25 25 -27 -28 -29 -30 -31
leaf_value=-0.025982934204761474 -0.01294105615708214 -0.0074877627091325645 0.070112330568748285 0.047757907967899964 -0.021194490412568615 -0.011658657505872212 -0.024970387743085763 0.053910686252058228 0.0065386909907339669 -0.019753436772972772 0.027198299649164811 -0.025683157593668758 0.039674109108954775 0.009124189784227358 -0.025936228640141223 0.055168587564825802 -0.030509339147719285 0.027591022894850447 -0.0053461806922454362 -0.01167483750979376 0.014128144010040866 -0.0035320044301637827 0.042758653588114238 0.028371304894669217 0.021195767326149501 -0.015465745854811681 -0.017811194899467912 0.023989061480651174 0.0064372413827029637 0.010984238011236512
leaf_weight=117.91633152216673 205.58880906179547 135.63249826058745 5.4021902047097674 6.7537754699587813 92.197446279227734 77.539653316140175 41.962132047861814 18.334838513284922 16.410777974873785 13.833304140716789 75.612945981323719 33.560154352337122 24.112182170152664 42.651869837194681 17.017016500234604 9.1716341227292997 24.917766965925694 4.7744820713996914 132.29012855887413 21.899200178682804 115.56518515944481 117.13509257137775 32.175730548799038 17.775908596813679 26.98791428655386 45.655092939734459 10.083589550107716 15.777301937341688 14.78476460278034 439.14726130664349
leaf_count=2224 3051 1546 66 37 1508 1046 635 110 134 139 568 414 120 499 248 48 284 42 923 150 728 763 182 94 287 568 102 93 187 2720
internal_value=2.29012e-05 0.0017075 -0.00592321 0.00566495 -0.00679184 -0.00424444 0.00131377 0.00522661 0.0121893 0.00741128 0.0197989 -0.00635371 0.0073858 -0.00317964 0.00758733 0.0253927 -0.00576912 -0.0135125 0.009199 0.00648579 0.0141547 0.0119672 0.020609 0.00341434 -0.0117 -0.00573772 0.00823385 -0.000110385 -0.0168177 0.00988502
internal_weight=1952.67 1834.75 626.19 1208.56 620.788 528.591 323.002 266.255 188.715 170.38 89.4463 80.9341 1072.93 157.05 47.3739 25.5824 150.296 21.7915 915.878 593.337 322.541 298.429 147.741 150.688 107.644 82.7266 37.0715 132.912 56.7469 461.046
internal_count=19516 17292 8196 9096 8130 6622 3571 2749 1703 1593 707 886 7550 1777 472 182 1740 290 5773 3793 1980 1860 910 950 1241 957 389 856 822 2870
cat_boundaries=0 1 2
cat_threshold=6 81
is_linear=0
shrinkage=0.03


Tree=41
num_leaves=31
num_cat=1
split_feature=5 32 4 12 2 5 29 28 10 10 5 10 14 29 12 14 17 10 12 14 10 28 8 29 29 18 11 12 2 10
split_gain=86.1507 60.8356 37.6432 27.7107 30.8296 27.6077 26.1907 23.1977 24.2935 22.5457 18.9774 25.4664 45.406 23.3293 22.305 19.2844 23.6159 29.54 19.5909 19.4919 21.7209 18.4907 17.6479 16.8442 15.3272 14.4685 14.3311 13.9141 13.8272 19.4547
threshold=0.45150023698806768 0 249.50000000000003 0.078999999910593047 240.93579864501956 -0.91865202784538258 75.655178070068374 25.346193313598636 1.1600000262260439 -0.67500001192092884 1.0000000180025095e-35 -0.32500000298023218 -0.24999999254941938 77.084831237792983 -0.12299999967217444 -1.0000000180025095e-35 0.16916266083717349 -0.24499999731779096 -0.37800000607967371 0.089999999850988402 1.0000000180025095e-35 18.289889335632328 -71.038375854492173 77.10886383056642 79.001594543457045 0.9434219002723695 78.500000000000014 -0.14499999582767484 177.97461700439456 0.25499999523162847
decision_type=2 1 8 2 2 2 2 2 2 2 2 2 2 2 2 2 2 2 2 2 2 2 2 2 2 2 2 2 2 2
left_child=1 2 3 4 6 24 -1 8 10 -9 15 -12 -13 -14 -15 16 26 25 23 -20 -21 -8 -5 -17 -3 -18 -7 -27 29 -11
right_child=-2 5 -4 22 -6 7 21 9 -10 28 11 12 13 14 -16 18 17 -19 19 20 -22 -23 -24 -25 -26 27 -28 -29 -30 -31
leaf_value=-0.014919831668181881 -0.019226394908960158 -0.014799363387176046 0.065122250467239337 0.023829978020872854 -0.024003393729900381 -0.0062670080376580322 -0.010224786646188757 0.026114147923017635 -0.025803933200597207 -0.019405115514814671 -0.017992443434998444 0.050255141853753252 -0.016687079095450516 -0.025127906834915375 0.027895896637836332 -0.01345688525211146 0.052938546748034498 -0.0043457510887786851 0.042207261185471856 -0.013396455393354581 0.021171492678277892 0.0090793782104173493 -0.018314515159688887 0.022827499706632982 0.0052700589690459427 0.039082492758540692 0.012663983824173613 -0.003502891270434294 0.0043070594795432231 0.0044468882044588877
leaf_weight=71.819789562374353 183.92563710361719 79.301652930676937 5.6994704939424983 8.5952746644616109 49.259059272706509 96.194266207516193 54.786126650869846 28.958013501018286 14.855860181152819 68.265829563140869 40.125330746173859 19.157560542225838 38.312201157212257 8.4191471487283689 30.079126607626677 28.243792295455933 21.568461358547211 26.039211869239807 36.719134926795959 16.959654547274113 227.70940873026848 224.74090468510985 171.25949257239699 17.994767427444458 59.011274334043264 13.592329367995264 56.156088039278984 12.820771202445028 171.11450213938951 54.827094011008739
leaf_count=931 3321 1082 62 105 766 648 587 203 128 652 395 120 312 81 243 156 112 160 166 91 1148 2349 2705 108 498 65 354 92 1244 523
internal_value=0.000248918 0.00230256 -0.00553214 -0.00643183 -0.00202602 0.00623505 0.0011146 0.00798111 0.0110287 0.00131964 0.0118578 0.00180437 0.0101818 -0.000330407 0.0159576 0.0143198 0.00753761 0.0213158 0.0189687 0.0219327 0.0187306 0.00527288 -0.0161798 0.000848305 -0.00626037 0.0350465 0.000748003 0.019038 -0.00120101 -0.00883092
internal_weight=1936.51 1752.59 586.16 580.461 400.606 1166.43 351.347 1028.11 704.947 323.165 690.091 136.093 95.968 76.8105 38.4983 553.998 226.371 74.0208 327.627 281.388 244.669 279.527 179.855 46.2386 138.313 47.9816 152.35 26.4131 294.207 123.093
internal_count=19407 16086 7505 7443 4633 8581 3867 7001 4379 2622 4251 1151 756 636 324 3100 1431 429 1669 1405 1239 2936 2810 264 1580 269 1002 157 2419 1175
cat_boundaries=0 1
cat_threshold=6
is_linear=0
shrinkage=0.03


Tree=42
num_leaves=31
num_cat=0
split_feature=3 28 14 29 14 10 5 5 16 12 17 12 12 5 10 14 10 28 8 3 14 10 28 16 2 6 28 10 10 12
split_gain=94.888 47.8157 32.9041 27.7085 29.026 27.8577 28.2715 26.4434 20.4394 20.0557 19.0953 18.741 23.9429 17.8832 24.2645 16.664 24.2244 37.3156 23.4731 17.1986 27.801 27.4307 32.1839 30.3304 25.505 19.3551 19.0064 33.1641 18.3797 22.4942
threshold=4.1023669242858896 19.008403778076175 0.40500000119209295 76.836559295654311 0.39499999582767492 0.24000000208616259 -0.090113466605544076 -0.91865202784538258 -1.3792461752891538 0.092000000178813948 0.66239419579505932 -0.060000000521540635 -1.0000000180025095e-35 -0.91865202784538258 -0.1950000002980232 0.34499999880790716 0.24000000208616259 24.009605407714847 -65.123928070068345 274.55114746093756 0.32500000298023229 -0.34499999880790705 25.503168106079105 -0.33059918880462641 262.31149291992193 -0.99223279953002919 23.15529823303223 -0.5349999964237212 -0.29500000178813929 -0.069500001147389398
decision_type=2 2 2 2 2 2 2 2 2 2 2 2 2 2 2 2 2 2 2 2 2 2 2 2 2 2 2 2 2 2
left_child=-1 2 3 4 5 9 -7 -3 -9 11 -5 13 -13 14 -2 19 17 -17 -18 20 21 26 23 25 -21 -23 -10 -28 29 -26
right_child=1 7 -4 10 -6 6 -8 8 15 -11 -12 12 -14 -15 -16 16 18 -19 -20 24 -22 22 -24 -25 28 -27 27 -29 -30 -31
leaf_value=-0.02333381947183592 -0.02921623785838881 -0.0067155322259713464 -0.021507507680132914 0.020647689700067917 0.047639415789985498 0.017288601555682889 -0.030177788920331277 -0.0079926991999755195 -0.013751649319570869 -0.02706577464576515 -0.019419697229926723 0.04302889698791397 -0.0059350798777834911 -0.020340747615501843 0.027941909641958099 0.04657339663882077 0.024483678717000149 -0.0072368071689093627 0.0046627622424176693 -0.0082530684412706751 -0.027986731876598343 -0.017943007851039982 -0.0036840727707740332 0.036663879724053217 0.037661075314942054 0.019241757268049841 0.033062363008976338 -0.022005787545082783 0.00088478938312746679 0.0068446303270649593
leaf_weight=144.8078546859324 9.5053777731955069 159.5233350135386 100.82910739257932 62.433167856186628 7.7059291787445536 57.650714676827192 13.031920716166495 83.209053121507168 48.675280295312405 65.713307026773691 12.052967410534619 12.512214846909044 26.25269066542387 82.844556841999292 17.503833044320345 38.581547353416681 69.297652833163738 16.062143806368113 231.77341593801975 165.79121755808592 15.209313970059155 16.575877089053392 43.796633768826723 87.870071347802877 31.145519748330116 44.206079050898552 26.643438041210175 14.430159024894236 178.28447028249502 65.05760458484292
leaf_count=2787 154 1870 1586 682 82 470 199 731 496 1127 160 149 335 1131 126 208 400 137 1758 1324 143 116 377 546 170 302 245 161 1123 425
internal_value=-5.45816e-05 0.00182577 -0.00641716 -0.00222644 -0.0063872 -0.00800937 0.00823821 0.00471584 0.00627008 -0.0133809 0.0139928 -0.00718953 0.0105537 -0.0134894 0.00750128 0.0073618 0.0126894 0.0309105 0.0092909 0.00477913 0.0103396 0.0124968 0.0188565 0.0254778 0.00100813 0.00897479 -0.00119795 0.0136524 0.00661156 0.0171062
internal_weight=1948.98 1804.17 468.036 367.207 292.721 285.015 70.6826 1336.13 1176.61 214.332 74.4861 148.619 38.7649 109.854 27.0092 1093.4 355.715 54.6437 301.071 737.686 297.407 282.198 192.449 148.652 440.279 60.782 89.7489 41.0736 274.488 96.2031
internal_count=19520 16733 6201 4615 3773 3691 669 10532 8662 3022 842 1895 484 1411 280 7931 2503 345 2158 5428 2386 2243 1341 964 3042 418 902 406 1718 595
is_linear=0
shrinkage=0.03


Tree=43
num_leaves=31
num_cat=1
split_feature=5 29 4 10 8 9 16 10 17 29 10 10 2 28 2 12 5 10 17 29 12 4 12 32 17 10 10 5 15 16
split_gain=78.7472 44.7483 23.1218 25.8011 24.4175 23.4194 17.92 18.4288 29.3098 28.5102 24.6432 22.8128 16.3855 15.298 15.2576 15.1788 12.5914 12.4841 15.1417 12.7337 17.4276 19.0535 11.7436 21.8077 12.0368 11.8101 15.7315 11.4197 11.2246 10.5785
threshold=0.45150023698806768 75.522090911865249 2.5000000000000004 -0.32500000298023218 -61.482423782348626 -4.2863125801086417 -1.3644295930862425 0.56499999761581432 -0.9375849962234496 76.484970092773452 0.39499999582767492 0.34499999880790716 106.67781448364259 22.590013504028324 336.19105529785162 -0.15249999612569806 -0.93404099345207203 0.2950000017881394 0.19942466914653781 81.26676177978517 -0.00450000021373853 46.500000000000007 0.32000000774860388 0 1.6090713143348696 0.31000000238418585 0.16000000387430194 -0.97269129753112782 57.500000000000007 -1.1924016475677488
decision_type=2 2 8 2 2 2 2 2 2 2 2 2 2 2 2 2 2 2 2 2 2 10 2 1 2 2 2 2 2 2
left_child=1 -1 22 4 -4 6 -5 9 -9 11 27 28 -10 -7 -6 29 -17 18 19 20 -2 -22 24 25 -3 26 -24 -11 -8 -15
right_child=17 2 3 5 14 13 7 8 12 10 -12 -13 -14 15 -16 16 -18 -19 -20 -21 21 -23 23 -25 -26 -27 -28 -29 -30 -31
leaf_value=-0.016455656565939527 -0.024613367892952386 0.0092694056932460505 0.0097917642209741241 -0.016613653671198478 -0.01862131580257699 -0.015013799851223879 0.033893493312735098 0.036413885733715054 -0.022820420997461795 -0.019209961973582435 0.038537824572107859 -0.0051801287238549959 0.0050041720325957103 0.021720999920497974 0.010250307962488159 -0.016970172121685518 0.013013981774132922 -0.030314403023723752 -0.025855683785078395 0.022100658662838821 0.059310570738894931 -0.0042055181949767267 -0.0089890089016987675 -0.019872310979008004 -0.014391222101179857 -0.011452152037453232 0.030579883751687326 0.0045357087588052307 0.0029126063545287296 -0.014486215043066153
leaf_weight=109.49685183912516 32.189270302653313 635.24716946855187 44.940704360604286 26.73154691234231 135.32850148156285 83.930225569754839 81.000996168702841 12.88137626647949 43.466898422688246 19.224148333072662 17.335607521235943 19.967718947678804 32.791659448295832 7.3665546476840964 18.093506887555122 14.027989029884337 80.26933678612113 57.725078549236059 48.90639079734683 12.554853692650793 4.2409437522292164 21.918254267424345 12.747133724391459 30.053165845572948 19.096812553703785 16.588876809924841 27.239147335290909 184.51782027631998 12.302428994327782 58.85067281126976
leaf_count=1621 606 4941 400 312 1616 1087 655 126 553 218 123 172 275 50 134 184 532 1104 937 161 65 422 88 381 174 112 144 1590 102 486
internal_value=8.14919e-05 0.00202355 0.00327118 1.92788e-05 -0.00949556 0.002746 0.00679954 0.00831309 -0.0037739 0.0115372 0.00522144 0.0237105 -0.0109458 -0.00471713 -0.0151721 0.000726438 0.00842217 -0.0188952 -0.0131879 -0.00421216 -0.0101509 0.00789641 0.00718509 -0.00316422 0.00855797 0.00796959 0.0180543 0.0022123 0.0298827 -0.010195
internal_weight=1921.03 1743.5 1634 893.028 198.363 694.665 450.22 423.489 89.1399 334.349 221.078 113.271 76.2586 244.445 153.422 160.515 94.2973 177.535 119.81 70.9033 58.3485 26.1592 740.972 86.6283 654.344 56.5752 39.9863 203.742 93.3034 66.2172
internal_count=19371 16076 14455 8615 2150 6465 4126 3814 954 2860 1931 929 828 2339 1750 1252 716 3295 2191 1254 1093 487 5840 725 5115 344 232 1808 757 536
cat_boundaries=0 1
cat_threshold=88
is_linear=0
shrinkage=0.03


Tree=44
num_leaves=31
num_cat=1
split_feature=2 32 9 5 17 12 17 10 10 1 1 4 17 29 16 18 6 7 10 29 4 12 13 12 10 13 10 10 12 28
split_gain=70.5814 45.1666 37.8025 31.825 29.2335 25.1216 25.6904 25.0338 39.7917 20.367 18.0983 24.6939 14.9561 15.8071 16.501 14.9505 21.6337 15.0717 14.3344 11.7211 11.4409 11.3689 13.5569 12.2146 11.3566 11.2466 16.633 12.1304 10.995 12.0078
threshold=28.774245262146 0 59.953744888305671 -0.83753159642219532 -0.35663105547428126 0.078999999910593047 0.64729160070419323 0.31000000238418585 0.47500000894069677 46.338068008422859 0.64752238988876354 237.50000000000003 0.51024547219276439 75.655178070068374 -0.11209625005722045 0.83054965734481823 -0.98471984267234791 39.407182693481452 0.7150000035762788 79.142368316650405 25.500000000000004 -0.31749999523162836 55.500000000000007 -0.13650000095367429 0.24000000208616259 43.500000000000007 0.27500000596046453 -0.1950000002980232 0.55149999260902416 25.658441543579105
decision_type=2 1 2 2 2 2 2 2 2 2 2 10 2 2 2 2 2 2 2 2 10 2 2 2 2 2 2 2 2 2
left_child=4 2 5 18 10 6 12 -7 9 -9 -1 -12 13 14 -2 25 -17 20 19 -3 -18 -21 23 -23 -14 26 27 -15 29 -5
right_child=1 3 -4 28 -6 7 -8 8 -10 -11 11 -13 24 15 -16 16 17 -19 -20 21 -22 22 -24 -25 -26 -27 -28 -29 -30 -31
leaf_value=-0.024292689872173069 -0.027973073592860727 -0.0072011733762855469 -0.022907714841042613 0.0094851200552480541 -0.024359597107077146 -0.021335926035050516 -0.014859175592203384 0.04440567362502304 -0.022607759794804016 -0.0089647896065000489 -0.0052569785283872869 0.03379312705078269 0.0070866610335548006 -0.0037306013846621971 0.0081465374890303931 -0.013041548488493905 0.012269037911942329 0.049845974507271545 -0.027992967300893651 -0.011354289415796871 0.050394666459616877 0.048452514680259622 -0.016578626997911714 0.011851605599788647 0.050125800135096404 -0.013933918148666378 -0.026892740113298123 0.035655261718500468 0.032586035758152616 0.0011645256529343164
leaf_weight=26.76025128364563 23.35880520939827 134.93177328258753 87.779840841889381 687.59101167321205 135.96477575227618 91.428385019302368 57.585229784250259 19.74338307231665 25.341982591897249 8.9030535668134672 62.404384080320597 17.939870081841946 10.772627055644991 11.371957160532473 20.703465849161148 20.440852675586939 85.630726709961891 12.67041553929448 20.316354602575302 18.816629953682423 6.9121733866631976 11.101273514330385 8.8545311987400037 28.629950173199177 11.199792329221962 36.361432999372482 7.877801861613988 16.752062655985359 15.241763405501841 202.25226282328367
leaf_count=501 331 1531 1505 4015 2544 1564 692 130 486 82 1002 259 118 144 232 281 797 104 234 141 60 79 72 222 62 400 88 107 76 1540
internal_value=-9.93801e-05 0.00208639 -0.00487471 0.00550686 -0.0151762 -0.00154796 0.00313263 -0.0118513 0.00430658 0.0280757 -0.00340087 0.00377067 0.00709759 0.0048802 -0.0111975 0.00849604 0.0147125 0.0201766 -0.00458955 -0.0021135 0.015625 0.00802781 0.0156118 0.0230167 0.0302516 -0.00235186 0.00940633 0.0201483 0.00805368 0.00759736
internal_weight=1925.64 1682.57 554.834 1127.74 243.069 467.054 321.637 145.417 53.9884 28.6464 107.105 80.3443 264.052 242.08 44.0623 198.017 125.654 105.213 222.651 202.334 92.5429 67.4024 48.5858 39.7312 21.9724 72.3633 36.0018 28.124 905.085 889.843
internal_count=19399 15093 7183 7910 4306 5678 3416 2262 698 212 1762 1261 2724 2544 563 1981 1242 961 2279 2045 857 514 373 301 180 739 339 251 5631 5555
cat_boundaries=0 1
cat_threshold=6
is_linear=0
shrinkage=0.03


Tree=45
num_leaves=31
num_cat=2
split_feature=3 32 9 12 14 12 29 9 14 14 12 28 12 10 12 10 3 3 16 2 12 11 4 14 14 31 14 14 28 1
split_gain=78.9604 58.2808 30.3135 24.9784 32.0437 29.2386 28.9516 24.616 24.0947 31.1573 27.5654 36.5993 33.3423 23.6302 22.1413 21.0163 18.6861 20.9287 17.586 18.0221 15.328 13.7197 16.6983 13.0679 16.5007 13.0019 13.6172 12.7195 12.2334 13.6836
threshold=18.527454376220707 0 16.142851829528812 -0.2145000025629997 0.2950000017881394 0.50899998843669902 76.151096343994155 -79.928268432617173 0.044999998994171626 -0.56999999284744252 -0.090500000864267335 19.008403778076175 0.12500000000000003 -0.21000000089406964 0.035499999299645431 1.3499999642372134 78.638252258300795 220.02209472656253 -0.72854000329971302 589.97830200195324 -0.19049999862909314 81.500000000000014 2.5000000000000004 0.074999999254941954 -0.1950000002980232 1 -0.84999999403953541 1.2250000238418581 19.164343833923343 45.22332954406739
decision_type=2 1 2 2 2 2 2 2 2 2 2 2 2 2 2 2 2 2 2 2 2 2 8 2 2 1 2 2 2 2
left_child=7 2 3 13 5 6 -5 -1 9 -8 -11 12 14 -2 -12 18 -15 -18 19 25 -6 22 -20 24 -24 26 -3 -28 29 -19
right_child=1 15 -4 4 20 -7 8 -9 -10 10 11 -13 -14 16 -16 -17 17 28 21 -21 -22 -23 23 -25 -26 -27 27 -29 -30 -31
leaf_value=0.056873106042555077 -0.025088283119381008 0.03294119138720146 -0.015800587366893968 -0.019078160320049005 0.012981125672697642 0.044883505512107222 -0.013116589372118384 -0.01907899631574516 -0.020910304322592183 -0.0088270750393445018 0.043943568931224648 -0.0051362367489916029 0.01367257130498669 0.046046374681474593 0.11953515492018361 -0.029257644109592831 -0.018811585757804953 0.0040118995675640671 0.016070191929465537 0.038623252942240588 -0.025205637883832153 0.0035148942187785562 0.0055420736759563575 0.011390356510006673 -0.019307411021929712 -0.011199237132840659 -0.0013960507642951363 0.032771753522465384 -0.014346627773604266 0.029299452015028038
leaf_weight=2.9723484478890887 15.10494117438793 11.613978523761032 182.41261022910476 55.946888342499733 10.090078417211769 11.851318940520285 21.947177719324827 197.2479418553412 19.211926888674498 12.440254494547842 8.7407407611608559 10.489824958145617 9.5896055400371534 13.229064732789992 7.9997748956084243 14.045482508838175 18.781241342425346 32.422071039676666 304.71088903024793 9.3382615670561773 80.006928134709597 320.38089621439576 77.712093565613031 153.70151165500283 33.645239815115929 77.386847920715809 163.21239894628525 9.4288234412670118 10.351300418376921 47.768903329968452
leaf_count=27 208 89 2844 848 84 51 299 3826 256 136 74 117 109 112 60 173 194 248 1946 50 1479 2281 594 1001 279 696 1082 43 77 279
internal_value=0.000120161 0.00217255 -0.00565948 -0.000984537 -0.00665889 0.001493 -0.00230108 -0.0176744 0.00817487 0.016203 0.029267 0.0420309 0.0603224 0.00922539 0.0847682 0.00595961 0.0136235 0.00931822 0.00646171 -0.000229894 -0.0208335 0.00849674 0.011287 0.00574844 -0.00207091 -0.00175838 0.00270437 0.000648014 0.015295 0.0192508
internal_weight=1943.78 1743.56 568.385 385.972 248.315 158.218 146.366 200.22 90.4193 71.2074 49.2602 36.8199 26.3301 137.658 16.7405 1175.18 122.553 109.324 1161.13 270.98 90.097 890.151 569.77 265.059 111.357 261.642 184.255 172.641 90.5423 80.191
internal_count=19562 15709 7475 4631 3513 1950 1899 3853 1051 795 496 360 243 1118 134 8234 910 798 8061 1960 1563 6101 3820 1874 873 1910 1214 1125 604 527
cat_boundaries=0 1 2
cat_threshold=6 3
is_linear=0
shrinkage=0.03


Tree=46
num_leaves=31
num_cat=1
split_feature=1 28 14 9 10 29 14 6 18 18 14 10 10 12 32 14 10 14 9 12 7 6 14 14 7 28 17 28 12 29
split_gain=60.5283 59.6596 25.9001 33.048 30.7362 21.1436 21.386 20.5504 20.096 26.2277 16.843 15.9536 24.44 32.3405 24.5141 24.164 21.8793 21.5099 21.4415 21.4243 19.8235 18.7655 17.705 19.042 20.0194 16.9898 16.8826 16.4944 15.9391 15.8649
threshold=0.64752238988876354 19.008403778076175 0.40500000119209295 -17.930299758911129 0.7150000035762788 76.836559295654311 0.35999999940395361 -0.18987156450748441 0.89486348628997814 0.83054965734481823 0.014999999664723875 -0.34499999880790705 -0.1950000002980232 -0.33699999749660486 0 -0.30500000715255732 0.66999998688697826 0.14500000327825549 -145.89054870605466 -0.02450000029057264 106.5155715942383 -0.58134955167770375 0.25500000268220907 0.31499999761581426 -34.566537857055657 25.658441543579105 0.31397299468517309 25.763958930969242 -0.14199999719858167 79.142368316650405
decision_type=2 2 2 2 2 2 2 2 2 2 2 2 2 2 1 2 2 2 2 2 2 2 2 2 2 2 2 2 2 2
left_child=-1 2 3 5 -5 6 8 11 9 -2 28 15 20 18 21 19 17 -16 -14 -3 -13 -15 25 -24 26 -19 -25 -21 -7 -26
right_child=1 7 -4 4 -6 10 -8 -9 -10 -11 -12 12 13 14 16 -17 -18 22 -20 27 -22 -23 23 24 29 -27 -28 -29 -30 -31
leaf_value=-0.024401987998085999 -0.00048199863074829981 0.015712576471391085 -0.020749603803667631 -0.014277812693564934 0.047363782867149082 0.014184772070054768 0.038189250994301809 -0.011393722418133172 -0.014827190853735505 0.052116526904310963 -0.00085667898968670893 0.022235291817720181 0.022776484180856347 0.014169316007300009 -0.010461165717354172 -0.021259798197758247 -0.022056659668679247 0.064714354020028689 -0.00960993322178888 -0.0095826661934628292 -0.021133766327488691 -0.0020669305966759606 -0.019378204151979377 0.06616942312541782 -0.012825243541336594 0.0041167415769500547 0.0079784285285576101 0.014995611116133449 0.064234413080154679 0.016925270950608695
leaf_weight=85.97605162858963 43.69717051833868 74.314565971493721 107.75142621994019 200.20158374682069 6.5947913452982894 11.915439106523989 11.005985915660856 69.338667839765549 65.575136043131351 9.5968520231544954 13.965332083404062 122.01337764412165 19.742752701044083 429.14686232060194 63.396910589188337 44.484780497848988 34.956059467047453 8.9535189792513865 164.50205370783806 109.03805296868086 9.5013467967510206 75.00182593986392 20.013585705310106 9.1549802273511904 26.680863611400127 7.4073572717607012 8.5963705293834192 30.686112988740206 11.500695563852789 37.802614603191614
leaf_count=1676 473 642 1809 3084 40 100 108 858 829 72 140 855 121 2692 584 489 403 83 1348 1085 51 711 181 65 278 58 69 214 101 371
internal_value=5.55052e-05 0.00120685 -0.00785844 -0.00409952 -0.0120936 0.00579746 1.60803e-05 0.00441067 -0.00380744 0.00977506 0.0253601 0.00526477 0.00692585 0.00515783 0.0080221 -0.0013984 -0.000635861 0.00354151 -0.00603535 0.00280917 0.0189662 0.0115264 0.0110509 0.00622807 0.0126178 0.0390963 0.0399178 -0.0041166 0.0403904 0.00460774
internal_weight=1932.51 1846.54 481.804 374.053 206.796 167.257 129.875 1364.73 118.869 53.294 37.3815 1295.39 1036.87 905.356 721.111 258.524 216.962 182.006 184.245 214.039 131.515 504.149 118.609 102.248 82.2348 16.3609 17.7514 139.724 23.4161 64.4835
internal_count=19590 17914 6756 4947 3124 1823 1482 11158 1374 545 341 10300 7870 6964 5495 2430 2092 1689 1469 1941 906 3403 1105 964 783 141 134 1299 201 649
cat_boundaries=0 1
cat_threshold=29
is_linear=0
shrinkage=0.03


Tree=47
num_leaves=31
num_cat=1
split_feature=3 32 9 4 12 10 18 10 17 7 12 2 10 6 6 12 17 2 2 12 12 10 17 17 17 29 5 10 10 10
split_gain=71.9502 44.9658 35.3778 29.3694 26.7445 26.4743 21.7462 18.1555 17.993 16.3195 15.725 15.5654 14.9201 14.4316 17.0075 15.4438 13.8477 18.1538 16.4423 15.3046 33.9028 18.0666 22.1454 17.1492 18.2617 15.1413 13.473 13.4495 12.5526 38.3992
threshold=0.64668726921081554 0 56.761695861816413 254.50000000000003 0.078999999910593047 1.1600000262260439 0.81140595674514782 1.0349999666213991 0.57782429456710827 40.599252700805671 -0.31749999523162836 134.57571411132815 0.72500002384185802 -0.97789707779884327 -0.82436862587928761 -0.38449999690055842 -1.4854578375816343 34.803195953369148 71.000835418701186 -0.060000000521540635 -0.045499999076127999 -0.1950000002980232 0.28963282704353338 -0.48386885225772852 -0.63888818025588978 76.151096343994155 0.33273787796497351 -0.39499999582767481 0.31000000238418585 0.47500000894069677
decision_type=2 1 2 10 2 2 2 2 2 2 2 2 2 2 2 2 2 2 2 2 2 2 2 2 2 2 2 2 2 2
left_child=-1 2 3 4 8 6 10 11 9 12 -3 13 16 -8 15 -15 18 -18 -2 21 -21 -19 23 24 25 -23 -12 -13 -6 -30
right_child=1 5 -4 -5 28 -7 7 -9 -10 -11 26 27 -14 14 -16 -17 17 19 -20 20 -22 22 -24 -25 -26 -27 -28 -29 29 -31
leaf_value=-0.025256664149797485 0.053050650353352373 7.2484362884425301e-05 -0.022458081388711481 0.062341725398088077 -0.019672689538968519 -0.022240987025871989 -0.015129860025466901 0.025918819455668159 -0.011593689133596463 0.026765659424412502 0.015741261985364508 -0.0064198601968225907 -0.024196762390960472 0.044005281683983745 -0.013100274865668782 0.0037936527234387904 -0.020239569001824814 -0.017768434317372555 -0.0081877042443057584 0.083570557506790197 0.0096808210283005069 -0.020896584162254379 0.040025007929668309 -0.012308789452838991 0.037348514486001794 0.014935737033636735 -0.010907755180572064 0.0067940680099151047 0.022352821677950122 -0.025049166449760768
leaf_weight=94.571209318935871 9.7863633595406991 90.435525733977556 90.562739890068769 5.2681492678821078 99.020199168473482 30.798152074217796 77.849879894405603 27.846996743232012 72.291179742664099 27.173947412520647 299.96030431985855 81.971402697265148 16.35135156288743 8.4164722859859449 54.503930974751711 102.03181727603078 26.424616992473602 33.249672450125217 5.8467819988727561 5.7684790939092627 34.176151797175407 16.009110197424882 14.80905747041106 43.507396180182695 17.211304236203439 27.238263923674822 17.421914778649807 425.08367007225752 28.694167915731668 30.916960824280977
leaf_count=2043 109 665 1609 61 1774 332 613 162 897 251 1977 678 245 41 601 1076 448 468 68 29 419 162 81 457 116 221 215 2810 228 627
internal_value=0.000116295 0.00144742 -0.0051914 -0.00221076 -0.00300062 0.00475096 0.00551037 0.00256194 0.00163796 0.00511352 0.011113 0.00166119 0.00266645 -0.00457282 0.000470766 0.00722525 0.00463834 0.00261617 0.0310323 0.00585084 0.0221318 0.00145633 0.00694149 0.00189261 0.0121462 0.001499 0.0142488 0.00464945 -0.0131767 -0.0022396
internal_weight=1915.2 1820.63 604.306 513.743 508.475 1216.32 1185.52 777.704 349.844 277.552 407.818 749.857 250.379 242.802 164.952 110.448 234.027 218.394 15.6331 191.969 39.9446 152.025 118.775 103.966 60.4587 43.2474 317.382 507.055 158.631 59.6111
internal_count=19483 17440 8270 6661 6600 9170 8838 5981 3971 3074 2857 5819 2823 2331 1718 1117 2578 2401 177 1953 448 1505 1037 956 499 383 2192 3488 2629 855
cat_boundaries=0 1
cat_threshold=6
is_linear=0
shrinkage=0.03


Tree=48
num_leaves=31
num_cat=1
split_feature=3 29 32 5 16 10 14 14 10 29 3 10 3 10 14 7 29 5 3 17 2 14 10 17 14 29 9 18 16 10
split_gain=71.9617 44.0529 25.9795 30.54 26.426 22.3643 20.1944 27.3369 20.8361 18.9249 22.5598 18.6976 17.4747 17.2723 18.2828 21.699 22.0705 19.056 15.3524 26.2949 19.3881 17.3697 22.4533 16.5528 14.5031 14.26 12.3098 13.3454 12.2423 13.7956
threshold=0.64668726921081554 75.522090911865249 0 -0.88134551048278797 -1.2533410191535947 -0.43500000238418574 1.1899999976158144 1.0949999690055849 0.72500002384185802 86.164299011230483 609.40325927734386 1.1600000262260439 555.77374267578136 1.0349999666213991 -0.27499999105930323 95.507411956787124 77.084831237792983 0.038674917072057731 304.69734191894537 0.889196276664734 252.356315612793 0.49499998986721044 0.47500000894069677 0.39910650253295904 -0.52499997615814198 75.805187225341811 -27.626015663146969 1.2720590233802798 0.048198135569691665 0.11499999836087228
decision_type=2 2 1 2 2 2 2 2 2 2 2 2 2 2 2 2 2 2 2 2 2 2 2 2 2 2 2 2 2 2
left_child=-1 -2 3 9 -4 -5 7 8 -6 10 12 13 -3 14 15 16 24 18 19 28 -20 23 -23 -22 -7 -19 -18 -28 29 -16
right_child=1 2 4 5 6 11 -8 -9 -10 -11 -12 -13 -14 -15 17 -17 26 25 20 -21 21 22 -24 -25 -26 -27 27 -29 -30 -31
leaf_value=-0.02536743035040178 -0.016474944718697301 -0.011800418592077281 -0.017267552835122702 -0.0050756823896071744 0.0023891350837248041 0.0098073202796160313 -0.021626998085105608 0.052025433130710189 -0.020189445153947966 0.018509807138784081 -0.021675223212307575 -0.020989024137179207 0.052527267853542683 0.031174338679373654 0.034332016292906102 -0.015024296929367674 -0.0098351059114710187 -0.026235006080936249 -0.0080412877262536521 -0.01793077334162153 0.013766366808867364 0.053304307582437087 0.0051358288131113077 -0.007132768432317629 0.045876073566678693 0.0017166166098875606 0.034734394429176398 -0.0026262363114142651 0.038191738806702638 0.0047775247968030038
leaf_weight=91.97714326530695 111.80398905649781 7.3158205226063711 78.122034069150686 90.004363805055618 730.7659867182374 13.742717385292051 33.320045039057732 8.6664407476782781 37.734968356788158 17.974511101841927 69.118728656321764 15.305728152394293 6.2976763248443604 37.586759012192488 22.42786630988121 13.086513951420782 17.25510348752141 19.558405552059412 60.780576646327972 13.756494052708147 102.66767610609531 17.394291013479233 16.989867359399796 50.074556566774845 43.94963625818491 81.216239158064127 21.521127160638571 13.711305402219294 39.546602606773376 37.142213620245457
leaf_count=2031 1786 82 1076 750 7891 82 500 85 540 117 945 129 67 177 102 65 101 177 370 68 546 81 86 258 226 685 102 89 169 177
internal_value=0.000379494 0.00168753 0.00287907 0.00665418 -0.000710678 0.00887738 0.000895777 0.00188796 0.00125568 -0.00868603 -0.0147451 0.0108515 0.019516 0.0116669 0.0103621 0.020594 0.0249216 0.00759089 0.0108061 0.0199389 0.00658445 0.0113525 0.0303211 0.00691303 0.0375977 -0.00391272 0.010546 0.0205237 0.0253214 0.0162878
internal_weight=1920.82 1828.84 1717.03 828.425 888.609 727.718 810.487 777.167 768.501 100.707 82.7322 637.714 13.6135 622.408 584.821 123.266 110.18 461.555 360.78 112.873 247.907 187.126 34.3842 152.742 57.6924 100.775 52.4875 35.2324 99.1167 59.5701
internal_count=19560 17529 15743 5651 10092 4440 9016 8516 8431 1211 1094 3690 149 3561 3384 665 600 2719 1857 516 1341 971 167 804 308 862 292 191 448 279
cat_boundaries=0 1
cat_threshold=25
is_linear=0
shrinkage=0.03


Tree=49
num_leaves=31
num_cat=1
split_feature=3 32 9 10 8 12 10 10 1 5 16 10 29 2 28 29 12 10 12 9 10 16 17 8 3 3 17 28 10 17
split_gain=68.7804 43.8798 26.7201 23.1016 21.6533 21.6442 18.568 34.5732 16.5019 16.0474 19.0704 21.3318 17.8168 16.2469 16.0074 15.7665 22.8024 20.7026 18.4417 16.8606 17.4222 15.5794 15.3954 15.0477 14.6842 14.3304 14.056 14.5645 15.6302 32.0086
threshold=18.527454376220707 0 59.953744888305671 1.1600000262260439 -62.331821441650384 0.078999999910593047 0.31000000238418585 0.47500000894069677 45.798095703125007 -0.91865202784538258 -0.1622507497668266 -0.094999998807907091 78.715969085693374 240.93579864501956 25.658441543579105 77.440567016601577 0.34650000929832464 -0.060000000521540635 0.10400000214576723 130.29441833496097 0.080000001937150969 0.6538391411304475 -0.76896089315414418 -39.241281509399407 765.48803710937511 765.48803710937511 0.66239419579505932 18.289889335632328 -0.1950000002980232 0.28963282704353338
decision_type=2 1 2 2 2 2 2 2 2 2 2 2 2 2 2 2 2 2 2 2 2 2 2 2 2 2 2 2 2 2
left_child=4 2 5 9 -1 26 -7 8 -8 12 24 -12 25 -14 15 17 18 -13 23 20 -19 -22 -6 -17 -11 -3 27 -2 -29 -30
right_child=1 3 -4 -5 22 6 7 -9 -10 10 11 14 13 -15 -16 16 -18 19 -20 -21 21 -23 -24 -25 -26 -27 -28 28 29 -31
leaf_value=0.050140735036509808 -0.012029841831954064 0.0015442065298505283 -0.020660294788427222 -0.021885807533412856 -0.0038441106259494971 -0.020077223638090537 0.039647582659518697 -0.02143938739580523 -0.0075719715694826982 0.00061034581698884288 0.019101238292084242 -0.031282325726738593 -0.005868077411638032 0.023822589635403353 -0.0059596958788395013 0.04021920270701506 -0.011522168304658829 0.038623499292824034 0.065154244835572805 -0.017071224185651587 -0.00044479406918733618 0.018991080198536372 -0.023574992097986837 0.0068952983985398966 0.016460906232643277 -0.026870270523010151 -0.011706496689276095 -0.005724621686050777 0.0058250268641438022 0.038648418980548001
leaf_weight=3.2824010774493209 39.017823029309511 26.960276704281569 84.390242256224155 26.983676556497812 48.141551103442907 92.484457742422819 19.310161881148819 28.55605673417449 9.4922780320048314 415.42528730630875 185.01789867132902 12.014006480574606 38.399297922849655 27.801336720585823 72.824098452925682 20.701021112501618 14.572539985179899 17.396390087902546 10.051437765359877 20.812407739460468 89.555772222578526 62.338463805615902 140.49109379202127 29.020130351185802 59.243022367358208 37.835876073688269 55.626143272966146 58.769279573112726 141.44860994070768 32.122316177934408
leaf_count=30 411 357 1537 273 900 1670 124 596 89 2819 1129 73 350 219 549 131 105 89 68 112 495 305 2946 198 355 575 705 796 1404 220
internal_value=-0.000166651 0.00172897 -0.00511261 0.0050216 -0.017157 -0.00243045 -0.011832 0.00157882 0.0243538 0.00572115 0.00700324 0.0108859 -0.00413214 0.00676964 0.0064921 0.00978174 0.0215066 0.00538432 0.029616 0.00785312 0.0109995 0.00760387 -0.0185862 0.0212889 0.00261909 -0.0152038 0.0019008 0.00472293 0.00757579 0.0120862
internal_weight=1920.09 1728.17 561.217 1166.95 191.915 476.827 149.843 57.3585 28.8024 1139.97 1008.97 534.304 130.997 66.2006 349.286 276.462 74.3451 202.117 59.7726 190.103 169.291 151.894 188.633 49.7212 474.668 64.7962 326.984 271.358 232.34 173.571
internal_count=19630 15754 7552 8202 3876 6015 2479 809 213 7929 6428 3254 1501 569 2125 1576 502 1074 397 1001 889 800 3846 329 3174 932 3536 2831 2420 1624
cat_boundaries=0 1
cat_threshold=6
is_linear=0
shrinkage=0.03


Tree=50
num_leaves=31
num_cat=0
split_feature=3 29 5 12 18 16 2 12 3 28 3 4 28 16 17 12 4 3 12 17 5 9 14 10 3 28 15 18 28 9
split_gain=69.9251 33.458 20.3036 15.7797 20.0331 15.56 14.1628 13.8411 14.7538 13.1543 14.1217 13.9916 11.3094 10.6843 9.90681 12.8106 13.3727 11.5914 12.5652 13.9135 11.5649 12.3939 10.9824 18.2469 24.9674 10.3706 9.88371 9.77271 9.41468 25.1977
threshold=5.8520450592041025 75.522090911865249 -0.98097097873687733 -0.069500001147389398 1.5407053232192995 -1.3792461752891538 75.120689392089858 0.23849999904632571 0.85626241564750682 18.289889335632328 184.44961547851565 21.500000000000004 22.825375556945804 -0.36812625825405115 0.92455279827117931 0.15049999952316287 126.50000000000001 615.41131591796886 0.26000000536441809 0.31397299468517309 -0.78753387928009022 143.66282653808597 0.2950000017881394 0.59999999403953563 985.18731689453136 22.590013504028324 58.500000000000007 0.99649500846862804 22.948931694030765 83.816799163818374
decision_type=2 2 2 2 2 2 2 2 2 2 2 8 2 2 2 2 8 2 2 2 2 2 2 2 2 2 2 2 2 2
left_child=7 13 3 4 -3 6 -4 -1 -9 10 -7 -12 -6 -2 15 28 17 18 -17 -20 22 -22 -19 24 -24 -16 -8 -21 29 -11
right_child=1 2 5 -5 12 9 26 8 -10 14 11 -13 -14 -15 25 16 -18 20 19 27 21 -23 23 -25 -26 -27 -28 -29 -30 -31
leaf_value=-0.024219168798691702 -0.027476457454019158 -0.0099357922361416259 -0.024454219097019787 -0.023779606899200258 0.0014891331838974909 -0.027340192832274603 -0.0042087376216819296 -0.015628486011923081 0.034339079885197639 0.013641231319538304 -0.004667329402497887 0.043773871140427689 0.055955206857562077 -0.007264462187098677 -0.013689928241827107 -0.01584457104824738 0.039010986806520535 -0.020915495540376493 -0.0046947826054007215 0.027599929852870558 0.030359385314599419 -0.0036005226247459343 0.060566992008047792 -0.02274734702661239 -0.0087439682552103958 0.0027524002935242005 0.029356720303528351 -0.0090380725085862507 0.0046752607059555411 -0.005800575669046972
leaf_weight=117.19054102897644 36.66920467838645 40.743167329579592 29.934976853430271 42.715150848031044 6.2951559536159021 22.03153583407402 67.535955149680376 14.221840355545284 7.1775165498256674 410.38565604016185 44.489156890660524 5.0847415775060645 6.6921724788844585 65.613838076591492 44.682378642261028 59.372165497392416 6.9617555625736705 16.425697818398476 104.2993774227798 22.989387121051553 29.07202984392643 13.969979688525198 8.6211204007268005 9.3501271456480008 8.6741936877369863 140.43614590540528 7.9235931299626818 8.4523878768086416 427.1902403049171 69.664797723293304
leaf_count=2551 640 463 421 662 76 350 584 320 132 3423 547 43 70 1013 566 636 99 172 961 158 156 77 68 100 75 987 62 70 3233 668
internal_value=0.00023801 0.00186129 0.00289411 -0.0103955 0.000484723 0.00372316 -0.00735915 -0.0201989 0.00191586 0.00453201 -0.00792843 0.00106853 0.0315486 -0.0147065 0.00518357 0.00618294 0.000669586 -0.000414418 -0.00445791 0.000601987 0.00869323 0.0195057 -0.0023093 0.00950224 0.0272273 -0.00126854 -0.000346359 0.0177757 0.00793161 0.0108136
internal_weight=1894.87 1756.28 1653.99 96.4456 53.7305 1557.55 105.395 138.59 21.3994 1452.15 71.6054 49.5739 12.9873 102.283 1380.55 1195.43 288.188 281.226 195.113 135.741 86.1131 43.042 43.0711 26.6454 17.2953 185.119 75.4595 31.4418 907.241 480.05
internal_count=19383 16380 14727 1271 609 13456 1067 3003 452 12389 940 590 146 1653 11449 9896 2572 2473 1825 1189 648 233 415 243 143 1553 646 228 7324 4091
is_linear=0
shrinkage=0.03


Tree=51
num_leaves=31
num_cat=1
split_feature=1 32 9 14 14 12 29 9 12 12 10 14 14 10 10 16 10 10 18 16 29 12 10 2 14 9 2 6 12 12
split_gain=51.141 38.3667 29.7831 25.5676 42.3103 29.0673 28.618 23.58 21.8951 32.2099 20.9215 18.3409 27.8423 25.0095 24.8576 18.1477 18.851 17.2557 17.1643 14.9123 14.2847 11.0668 44.9647 29.7885 18.1849 12.1546 19.1996 12.7883 13.7192 11.0205
threshold=3.2992979288101201 0 -4.2863125801086417 0.40500000119209295 0.39499999582767492 -0.19049999862909314 76.151096343994155 -69.121990203857408 -0.41899999976158137 -0.48800000548362726 0.24000000208616259 0.014999999664723875 -0.56999999284744252 -0.4849999994039535 -0.24499999731779096 -1.3792461752891538 1.1600000262260439 0.31000000238418585 1.0196774005889895 1.011741101741791 76.484970092773452 -0.31749999523162836 -0.1950000002980232 216.53274536132815 0.41499999165534979 -109.36835861206053 47.575702667236335 -0.18987156450748441 -0.069500001147389398 0.028500000014901165
decision_type=2 1 2 2 2 2 2 2 2 2 2 2 2 2 2 2 2 2 2 2 2 2 2 2 2 2 2 2 2 2
left_child=7 2 3 4 6 18 10 17 9 19 -2 12 -8 -14 -15 -3 21 -1 -5 -4 -20 22 23 -17 -24 26 -23 -27 -29 -28
right_child=1 15 8 5 -6 -7 11 -9 -10 -11 -12 -13 13 14 -16 16 -18 -19 20 -21 -22 25 24 -25 -26 27 29 28 -30 -31
leaf_value=-0.012724523410616622 -0.018882205331777525 -0.0089930245998796517 -0.023604159574743273 -0.022281225525902146 0.070495305717485912 -0.026134522421238832 -0.012191566425559897 -0.021891944646588588 -0.016625425267019343 0.038228364317888716 0.014316643281288332 -0.0019360875609104173 0.065970967627015514 -0.0095268147272599031 0.031157647219833665 0.045108529812944297 -0.017249659734498796 0.045420921368628339 0.048176407342932846 0.023371486551764228 -0.00077728117758347484 0.037619744882654252 -0.011740348038274066 0.0044333943961516794 0.017707307889928296 0.010207561269396183 0.0054361138048124556 0.014645045304283962 -0.026627902899538789 -0.013499735565857734
leaf_weight=8.917467977851631 63.105197578668594 79.566506464034319 23.702880255877975 9.0255433581769484 7.8638416081666938 53.18820883706212 19.361664161086082 120.47168850526214 205.38055587559938 16.679582536220551 22.461480673402548 57.394314512610435 11.908728782087563 18.446624998003244 45.851920250803232 26.66702976077795 30.224625874310732 7.7906862571835509 10.521424643695356 7.1855386942625037 9.9806618541479093 9.6200370043516141 142.48798086494207 39.709113463759422 20.826898202300072 709.01528374105692 51.432382583618164 11.346897106617691 16.897325713187456 57.814534727483988
leaf_count=105 910 688 395 86 54 1092 264 2580 3412 123 184 630 116 255 353 166 328 73 71 77 73 73 1109 253 137 4859 315 121 215 446
internal_value=0.000312363 0.001678 -0.00459481 0.00127866 0.00612439 -0.0130565 0.00371677 -0.0172685 -0.0123926 0.0058491 -0.0101027 0.0114627 0.0194461 0.027538 0.0195185 0.00473193 0.00575997 0.0154215 0.0105853 -0.012286 0.0254173 0.00641574 0.000565238 0.0212018 -0.0079001 0.00798289 -0.000912922 0.00941644 -0.010113 -0.00461648
internal_weight=1914.85 1777.67 582.058 329.11 246.394 82.7158 238.53 137.18 252.949 47.568 85.5667 152.963 95.5689 76.2073 64.2985 1195.61 1116.04 16.7082 29.5276 30.8884 20.5021 1085.82 229.691 66.3761 163.315 856.126 118.867 737.26 28.2442 109.247
internal_count=19563 16805 8095 4088 2766 1322 2712 2758 4007 595 1094 1618 988 724 608 8710 8022 178 230 472 144 7694 1665 419 1246 6029 834 5195 336 761
cat_boundaries=0 1
cat_threshold=6
is_linear=0
shrinkage=0.03


Tree=52
num_leaves=31
num_cat=1
split_feature=2 32 9 14 17 6 17 10 10 10 17 6 17 10 28 10 14 1 28 28 16 9 9 10 10 28 10 9 14 18
split_gain=50.0727 31.2292 26.9162 25.0672 21.8238 19.608 17.3788 20.9144 41.8652 22.0115 27.9245 22.5133 20.9929 19.4859 35.5923 32.2521 17.0383 17.2775 15.0678 13.7385 13.3063 13.118 12.9951 12.8673 13.7525 11.449 18.9908 13.537 19.473 12.8513
threshold=24.145714759826664 0 59.953744888305671 0.40500000119209295 -0.35663105547428126 -0.31473593413829798 0.66239419579505932 -0.1950000002980232 -0.18500000238418576 0.24000000208616259 0.18772999942302707 -0.68784540891647328 -0.53963491320610035 -0.49500000476837153 18.767070770263675 -0.79500001668930043 1.0249999761581423 9.0528583526611346 18.926905632019047 25.503168106079105 0.01979032997041941 -2.2115238904952998 -1.7449471950531004 -0.87499999999999989 -0.84499999880790699 25.346193313598636 1.1600000262260439 -90.65679550170897 0.60499998927116405 1.1025848388671877
decision_type=2 1 2 2 2 2 2 2 2 2 2 2 2 2 2 2 2 2 2 2 2 2 2 2 2 2 2 2 2 2
left_child=4 2 3 6 16 23 7 13 -9 12 11 20 22 14 15 -2 17 -1 -5 -7 -11 -17 -10 -3 -25 26 -26 28 -27 -29
right_child=1 5 -4 18 -6 19 -8 8 9 10 -12 -13 -14 -15 -16 21 -18 -19 -20 -21 -22 -23 -24 24 25 27 -28 29 -30 -31
leaf_value=-0.015129206951979331 -0.0099383998188892139 0.028404509980967323 -0.019776872462895879 -0.022020289204732885 -0.022642444357501606 -0.018326838156288577 -0.012759801161977448 0.053317443364334513 0.016908283249580085 0.026697221058224425 0.043267474057024663 -0.029584064815137017 -0.017370983121363662 -0.018593750226575608 -0.021428333114532926 0.071362402787852511 0.033379376127024615 0.016621253011451835 0.0029518977969939237 0.0042495578623044572 -0.0069014959476367535 0.013153879353532967 -0.016145717706365307 -0.025665142543019943 0.0087522600385841441 -0.024006484967496168 -0.026493097290660371 0.0095040887783421138 0.01868034275008814 -0.0033321696085622239
leaf_weight=61.486985191702843 11.238102652132513 21.611111469566822 81.213886450976133 69.361409790813923 110.89973292499781 52.378758288919926 55.576652828603983 17.943950079381466 45.088380761444569 30.564000681042671 25.708054281771183 11.674864362925289 47.034320864826441 51.41308606415987 20.992678955197334 11.431039422750475 9.4213918372988683 19.574140034615993 31.1604731567204 43.898018013685942 15.456777725368736 5.5780823007225981 13.076390683650969 11.629071831703184 683.12604620680213 36.448781877756119 13.095511868596075 156.73323057219386 12.112205490469931 125.76906590536237
leaf_count=1206 185 159 1539 1167 2381 794 786 100 399 252 135 123 683 816 333 92 138 289 430 371 146 77 164 94 3953 300 120 1134 95 1050
internal_value=0.00032543 0.00200242 -0.00388605 -0.00114756 -0.013782 0.0047675 0.00253351 0.00533271 0.01078 0.00647306 0.0178868 0.00603317 -0.00265917 -0.00584157 0.00757849 0.0291313 -0.00279344 -0.00735318 -0.0143264 -0.00809512 0.0155058 0.0540635 0.00932991 0.00598664 0.00549344 0.00587078 0.00805227 0.00127271 -0.0131973 0.00379783
internal_weight=1902.7 1701.31 544.512 463.298 201.382 1156.8 362.776 307.2 206.547 188.603 83.4037 57.6956 105.199 100.653 49.2399 28.2472 90.4825 81.0611 100.522 96.2768 46.0208 17.0091 58.1648 1060.53 1038.91 1027.28 696.222 331.063 48.561 282.502
internal_count=19511 15497 7427 5888 4014 8070 4291 3505 2002 1902 656 521 1246 1503 687 354 1633 1495 1597 1165 398 169 563 6905 6746 6652 4073 2579 395 2184
cat_boundaries=0 1
cat_threshold=6
is_linear=0
shrinkage=0.03


Tree=53
num_leaves=31
num_cat=1
split_feature=3 32 4 12 2 10 29 12 12 3 29 29 12 12 12 16 3 16 2 2 4 10 10 12 16 17 11 12 3 4
split_gain=64.5532 42.9062 30.3732 21.1529 17.4653 16.9444 16.68 14.4719 14.1319 22.083 22.6453 21.6506 15.7416 22.7717 17.9016 14.8978 28.0644 15.367 14.2533 13.7342 18.3518 13.5476 32.605 29.4268 17.8509 19.6132 17.8631 13.5961 19.1761 19.1948
threshold=0.64668726921081554 0 254.50000000000003 0.078999999910593047 254.58805084228518 1.1600000262260439 75.655178070068374 0.06749999895691873 0.54000002145767223 1073.6838989257815 78.088207244873061 81.26676177978517 0.32000000774860388 0.26000000536441809 0.13949999958276751 -0.22923302650451657 580.13208007812511 -0.12991999834775922 413.62651062011724 62.617990493774421 261.50000000000006 -0.1950000002980232 -0.18500000238418576 -0.17249999940395352 0.46302187442779547 -0.48386885225772852 68.500000000000014 -0.090500000864267335 164.46697235107425 191.50000000000003
decision_type=2 1 10 2 2 2 2 2 2 2 2 2 2 2 2 2 2 2 2 2 8 2 2 2 2 2 2 2 2 8
left_child=-1 2 3 4 6 8 -2 21 12 10 -10 -12 13 14 15 19 -17 -18 -16 20 -3 27 -23 24 25 26 -24 -8 29 -29
right_child=1 5 -4 -5 -6 -7 7 -9 9 -11 11 -13 -14 -15 18 16 17 -19 -20 -21 -22 22 23 -25 -26 -27 -28 28 -30 -31
leaf_value=-0.025954181194506338 -0.014010302604310857 -0.016285294635538679 0.056553841176804995 -0.015227313106453342 -0.022707778294256787 -0.017736391376367393 -0.020314430628961152 0.044361503080394042 0.047478604424393098 -0.01803430676971517 -0.030171423407543925 0.031458511281759735 -0.0081308403163043597 0.023883827015659668 -0.011678901411779484 0.014144148599469797 0.036521841068596662 -0.0036823337029941402 0.022258853095784768 0.003596794343542477 0.039678271101190224 0.046164053743222043 -0.023470390387081048 -0.014992510502024669 0.027681321244033052 -0.0089636886731150733 0.024671900080828701 0.061847818825098086 -0.01238898316806193 -0.014412020824617712
leaf_weight=82.453710272908211 68.091105613857508 58.475391607731581 5.973048284649848 172.50827905163169 34.709855325520039 29.835140723735094 43.43708661198616 6.2008534967899314 24.494960606098175 10.50278442725539 8.3607584610581416 10.36895242333412 86.836935196071863 54.069651376456022 92.217580772936344 319.07667578011751 8.0803502947092039 147.61928516998887 11.714290324598549 357.64036240801215 4.8364883176982394 15.108702287077902 7.4824876934289923 63.37239957228303 35.140683606266975 55.39657174050808 41.016533497720957 7.1619029156863698 19.720513142645359 4.167735993862153
leaf_count=2008 1031 720 68 3101 630 339 657 41 118 97 94 67 648 321 801 2115 69 1172 72 2447 71 84 76 979 240 610 318 86 281 70
internal_value=-0.000158951 0.00103403 -0.0056314 -0.00647438 -0.00268045 0.00420303 -0.00072603 0.00234394 0.00480065 0.0197021 0.0290717 0.00381267 0.00408207 0.00509528 0.00405619 0.00542476 0.00906219 -0.0013761 -0.00767806 0.00131049 -0.0114597 0.00130332 0.00508417 0.00180591 0.00951497 0.00316523 0.0169203 -0.00965861 0.00541689 0.0349011
internal_weight=1886.07 1803.62 579.488 573.515 401.006 1224.13 366.297 298.205 1194.29 53.7275 43.2247 18.7297 1140.57 1053.73 999.66 895.729 474.776 155.7 103.932 420.952 63.3119 292.005 217.517 202.409 139.036 103.896 48.499 74.4872 31.0502 11.3296
internal_count=19431 17423 8272 8204 5103 9151 4473 3442 8812 376 279 161 8436 7788 7467 6594 3356 1241 873 3238 791 3401 2307 2223 1244 1004 394 1094 437 156
cat_boundaries=0 1
cat_threshold=6
is_linear=0
shrinkage=0.03


Tree=54
num_leaves=31
num_cat=1
split_feature=3 32 16 12 16 14 5 28 8 29 10 9 14 11 3 5 14 12 1 9 14 10 28 29 12 4 29 29 10 10
split_gain=55.0954 29.8732 25.0636 26.4048 26.0099 23.9884 24.9017 19.1296 18.9224 30.3142 24.4232 18.3769 21.9659 22.7455 22.7153 18.3309 19.4115 17.073 17.0367 16.2105 15.6706 28.461 14.7475 14.5959 14.2975 12.6542 12.1841 11.8317 19.8569 22.2748
threshold=0.64668726921081554 0 -1.2533410191535947 -0.14499999582767484 1.0861150026321413 0.2950000017881394 -0.93404099345207203 19.008403778076175 -33.671600341796868 78.715969085693374 -0.73500001430511464 -4.6528794765472403 0.35999999940395361 83.500000000000014 353.75099182128912 -0.78753387928009022 -0.60500001907348622 -0.37800000607967371 18.1771354675293 -66.573616027832017 0.60499998927116405 0.66999998688697826 22.987782478332523 76.73075103759767 0.55149999260902416 2.5000000000000004 79.001594543457045 86.164299011230483 -0.11499999836087225 0.59999999403953563
decision_type=2 1 2 2 2 2 2 2 2 2 2 2 2 2 2 2 2 2 2 2 2 2 2 2 2 8 2 2 2 2
left_child=-1 15 -3 4 11 6 -5 -7 9 10 -8 12 14 18 -4 16 19 -18 -14 -2 -9 -22 -21 -10 -17 26 -13 28 -19 -30
right_child=1 2 3 5 -6 7 8 20 23 -11 -12 25 13 -15 -16 24 17 27 -20 22 21 -23 -24 -25 -26 -27 -28 -29 29 -31
leaf_value=-0.024650089452072844 0.040999657400327724 -0.020913458966710447 -0.013510083718339521 -0.027941063110869958 0.023580010748071055 -0.028455653929015945 -0.024320437161107034 -0.018626628842367019 -0.013163678592215556 -0.016683672440420762 0.033283809250349239 -0.0055768839474875497 0.065509984187839335 -0.011534792304531645 0.013508276530903567 0.0057770861092142321 -0.028013654762122739 -0.029249112268526625 0.020713749750935401 -0.022532217821241974 0.047834114694030337 -0.010809704508627645 0.021814796847297879 0.0040268821191554857 0.038399724336882553 -0.017036579896466831 0.02571889362922318 0.019674347255536458 0.0054941877734169305 -0.032403296360380709
leaf_weight=80.093496784567833 13.273692864924667 68.1616978533566 55.490139201283455 28.737367250025272 51.736889149993658 68.084908965975046 6.9571712948381892 38.688704911619425 84.678471080958843 20.556816596537828 46.548186294734478 45.012217160314322 10.866427429020403 11.843543436378239 54.540119122713804 762.69661056995392 30.104123007506132 26.461346484720707 26.022757362574339 11.783958792686464 10.372550636529924 20.802979487925768 13.297872189432381 91.646320719271898 11.324049621820448 64.891762245446444 13.803971286863087 16.536330319941044 87.007415998727083 15.589846041053532
leaf_count=1998 99 1101 633 526 436 1513 122 529 1364 188 428 586 73 123 398 4798 297 278 175 132 111 303 95 1006 50 879 121 108 821 181
internal_value=-0.000458869 0.000626113 -0.00358644 -0.00203637 0.00423956 -0.00706349 -0.00198571 -0.0172496 0.00109253 0.0137142 0.0254849 0.000626505 0.00736109 0.0239071 -0.000116502 0.00411448 -0.00360146 -0.00783015 0.0352901 0.0154761 -0.00608141 0.00958219 0.000914592 -0.00425642 0.00630329 -0.00800617 0.00207531 -0.00349426 -0.00659131 -0.000521601
internal_weight=1887.61 1807.52 819.443 751.281 334.208 417.073 279.124 137.949 250.387 74.0622 53.5054 282.471 158.763 48.7327 110.03 988.075 214.055 175.699 36.8892 38.3555 69.8642 31.1755 25.0818 176.325 774.021 123.708 58.8162 145.595 129.059 102.597
internal_count=19472 17474 10615 9514 3424 6090 3634 2456 3108 738 550 2988 1402 371 1031 6859 2011 1685 248 326 943 414 227 2370 4848 1586 707 1388 1280 1002
cat_boundaries=0 1
cat_threshold=89
is_linear=0
shrinkage=0.03


Tree=55
num_leaves=31
num_cat=0
split_feature=3 28 17 12 16 5 28 10 2 10 28 17 28 12 8 28 12 9 12 3 10 3 5 12 11 8 12 12 16 9
split_gain=55.7459 37.2766 25.1034 16.2078 18.9777 14.4867 17.1929 16.5459 16.8002 16.2338 15.3993 13.9651 13.4052 16.5091 16.5939 13.3872 12.9863 15.9959 14.4071 14.892 28.5719 12.4394 21.4504 21.0594 12.256 12.1359 11.8141 15.2517 26.1146 13.5096
threshold=0.64668726921081554 19.008403778076175 0.66239419579505932 0.15049999952316287 1.0861150026321413 -0.91865202784538258 25.346193313598636 -0.91499999165534962 201.50238037109378 -0.39499999582767481 25.503168106079105 -0.73769435286521901 24.994574546813968 0.15049999952316287 -72.522434234619126 19.164343833923343 0.54000002145767223 4.1573665142059335 0.47249999642372137 724.42153930664074 -0.37499999999999994 639.96191406250011 -0.63756072521209706 -0.24849999696016309 79.500000000000014 77.626277923583999 -0.57400000095367421 -0.41899999976158137 -0.13904142379760739 -21.117370605468746
decision_type=2 2 2 2 2 2 2 2 2 2 2 2 2 2 2 2 2 2 2 2 2 2 2 2 2 2 2 2 2 2
left_child=-1 2 3 4 26 10 9 -8 -9 12 15 -10 13 14 -7 -3 18 -18 19 -11 -21 22 23 -13 -6 -24 -2 28 -28 -29
right_child=1 5 -4 -5 24 6 7 8 11 16 -12 21 -14 -15 -16 -17 17 -19 -20 20 -22 -23 25 -25 -26 -27 27 29 -30 -31
leaf_value=-0.024763290879848535 -0.030300817196373536 0.02370486069980017 -0.021830005588092852 -0.016911429584970047 0.027602707821393971 0.023838515979127624 0.039983962198472042 -0.0084418607685053104 -0.012448848077310283 0.010014705356338451 0.0066434118385974728 -0.00057173722092781251 0.028462681727680877 -0.032052798590956999 -0.0074811994626292752 -0.016144173487047157 0.055576401685173145 0.012650049643535999 -0.019475514935407966 0.040003746902759971 -0.010670953481329756 -0.0036628630970335632 -0.0013658413815202759 0.054612212566956121 -0.015953550777634884 0.02901086699873117 -0.01807746343707543 0.0030225615302655823 0.034954206707839178 -0.011701104193623781
leaf_weight=77.266840551048517 12.592725604772566 7.4407904967665663 77.415397826582193 62.606935102492571 30.146938290446997 18.120891269296408 7.7068553976714602 174.27790112793446 33.479908630251884 596.13025318086147 60.171774238348007 9.1385443061590212 9.9466155841946584 17.697169493883848 73.753190886229277 85.250431705266237 10.417921729385851 27.573459018021822 16.221003744751215 10.646830320358275 70.678069975227118 47.012694373726845 51.187313660979271 18.377803154289722 6.4523539505898944 14.365630961954592 12.10849531367421 109.24144284799695 22.793287828564644 113.55651827901602
leaf_count=1969 190 100 1317 1191 266 126 67 1695 250 4103 495 64 94 193 715 1276 94 156 129 46 460 306 347 128 108 94 153 1284 155 1840
internal_value=2.42917e-05 0.0010976 -0.00640979 -0.00312883 -0.000271334 0.00356826 0.00467068 -0.000868546 -0.00188571 0.00698276 -0.00510821 0.00470813 -0.00324563 -0.00635542 -0.00111366 -0.0127264 0.00865572 0.0255447 0.0076953 0.00837362 -0.00363142 0.00886786 0.0151692 0.0369075 0.0197038 0.00562696 -0.00303875 -0.00159459 0.0165648 -0.0045006
internal_weight=1883.78 1806.51 446.914 369.499 306.892 1359.6 1206.73 355.547 347.84 851.185 152.863 173.562 119.518 109.571 91.8741 92.6912 731.668 37.9914 693.676 677.455 81.3249 140.082 93.0693 27.5163 36.5993 65.5529 270.292 257.7 34.9018 222.798
internal_count=19411 17442 6504 5187 3996 10938 9067 2951 2884 6116 1871 1189 1128 1034 841 1376 4988 250 4738 4609 506 939 633 192 374 441 3622 3432 308 3124
is_linear=0
shrinkage=0.03


Tree=56
num_leaves=31
num_cat=1
split_feature=3 29 16 10 10 28 32 9 14 16 12 14 14 3 28 28 10 14 14 6 12 3 10 29 5 5 10 3 14 14
split_gain=52.5289 27.5671 20.0734 14.8215 14.2046 26.2506 14.7486 26.1831 20.776 20.5919 18.9187 15.8938 25.651 12.8438 17.0595 41.7437 12.822 19.058 24.0636 23.586 22.9683 20.4264 17.2861 16.6321 14.6923 13.2121 25.0182 12.39 16.9502 15.4214
threshold=0.49395650625228887 75.522090911865249 -1.3792461752891538 1.3499999642372134 1.2450000047683718 20.863806724548343 0 59.953744888305671 0.40500000119209295 -1.0275335311889646 0.54000002145767223 -0.56999999284744252 -0.49499998986721033 1028.792907714844 24.994574546813968 26.140346527099613 0.11499999836087228 0.014999999664723875 -0.15999999642372129 -0.9563411772251128 -0.060000000521540635 528.52374267578136 -0.4849999994039535 76.34873199462892 -0.90013122558593739 -0.090113466605544076 0.1799999997019768 264.05590820312506 -1.0000000180025095e-35 0.60499998927116405
decision_type=2 2 2 2 2 2 1 2 2 2 2 2 2 2 2 2 2 2 2 2 2 2 2 2 2 2 2 2 2 2
left_child=-1 27 -3 4 6 -6 7 8 11 -10 -8 -4 -13 14 -12 -16 17 18 22 -20 21 -21 23 -14 -18 -26 -27 -2 -29 -30
right_child=1 2 3 -5 5 -7 10 -9 9 -11 13 12 16 -15 15 -17 24 -19 19 20 -22 -23 -24 -25 25 26 -28 28 29 -31
leaf_value=-0.024484111083522751 -0.024216815975285407 -0.0099310838374701751 -0.012959331023995484 -0.023033232029272564 0.071855140724243025 -0.0078289194846048321 0.0038858989598914559 -0.020495701359406079 0.030274021227006981 -0.018264082032965447 0.046580398515926852 0.041721677429324047 -0.025955932765682276 -0.006741269999921075 -0.031935563791992826 0.057696858444392811 -0.019984877093728037 -0.023721791508163104 -0.028611818766451483 -0.011200440800568607 0.061745536703992902 0.040820411734964833 -0.019314499297298643 0.040522328033870035 0.021080736954786097 0.040491190931413082 -0.021760142414600999 -0.021668657888627093 0.023675718210172978 -0.027867687487126615
leaf_weight=74.409652557224035 51.379062075167894 117.5176999270916 39.156973253935575 18.652233086526394 6.4941868856549245 7.0392926074564457 1074.7593801356852 57.553279347717762 7.9678351916372767 67.931594207882881 22.790689967572689 17.176155626773834 4.2588006965816012 10.332417156547306 9.9220371991395968 7.1944605112075797 10.994678959250448 27.173411089926958 6.6965676769614211 14.40484654530883 12.173778578639029 11.32775756716728 39.334083426743746 9.1502848975360376 81.177535720169544 7.2691044583916691 18.573332484811544 23.558422941714525 21.997798901051286 5.8515065126121035
leaf_count=1940 1001 1338 627 344 51 75 7813 1116 70 1135 111 99 76 81 97 45 167 445 91 140 117 64 565 118 625 42 292 399 277 108
internal_value=4.87206e-05 0.00107034 0.00198196 0.00286843 0.00319044 0.0327215 0.00291297 -0.00179718 0.00107344 -0.0128412 0.00469725 0.00463819 0.00733093 0.0225563 0.0301212 0.00684422 0.00473408 -0.00198095 0.00426733 0.0202595 0.0294066 0.01237 -0.00938196 0.0190724 0.0117764 0.0151941 -0.0033936 -0.0139425 -0.00340779 0.0122552
internal_weight=1884.22 1809.81 1707.02 1589.5 1570.85 13.5335 1557.32 432.32 374.767 75.8994 1125 298.867 259.71 50.2396 39.9072 17.1165 242.534 124.52 97.3461 44.603 37.9064 25.7326 52.7432 13.4091 118.015 107.02 25.8424 102.787 51.4077 27.8493
internal_count=19469 17529 15744 14406 14062 126 13936 5789 4673 1205 8147 3468 2841 334 253 142 2742 1616 1171 412 321 204 759 194 1126 959 334 1785 784 385
cat_boundaries=0 1
cat_threshold=6
is_linear=0
shrinkage=0.03


Tree=57
num_leaves=31
num_cat=1
split_feature=3 32 16 12 29 12 14 5 14 5 14 12 10 3 18 12 12 10 10 12 9 3 16 3 29 18 12 3 18 14
split_gain=55.348 29.8031 22.2847 22.3578 23.8309 25.5576 22.8848 20.1588 16.8908 18.2478 18.2164 16.3195 17.2685 17.9576 16.17 20.1891 15.633 16.5612 22.9258 18.6607 16.8687 15.1792 20.3742 14.7509 14.7158 14.3439 17.8584 13.8122 13.0427 14.2286
threshold=0.49395650625228887 0 -1.2533410191535947 0.26950000226497656 76.151096343994155 0.042500000447034843 0.32500000298023229 -0.78753387928009022 -0.60500001907348622 -0.97269129753112782 -0.10500000044703482 -0.37800000607967371 0.59999999403953563 627.35330200195324 1.4366115331649782 -0.30349999666213984 0.26000000536441809 0.45499999821186071 0.39499999582767492 -0.23350000381469724 -38.419609069824212 443.56622314453131 -0.32504084706306452 541.47454833984386 84.152141571044936 0.78497427701950084 0.26000000536441809 350.07836914062506 0.42909553647041326 0.32500000298023229
decision_type=2 1 2 2 2 2 2 2 2 2 2 2 2 2 2 2 2 2 2 2 2 2 2 2 2 2 2 2 2 2
left_child=-1 7 -3 4 5 6 -4 8 9 -2 -10 -12 13 23 27 -16 17 18 21 20 -19 -6 -23 -13 -24 -9 -27 -8 29 -5
right_child=1 2 3 28 16 -7 14 25 10 -11 11 12 -14 -15 15 -17 -18 19 -20 -21 -22 22 24 -25 -26 26 -28 -29 -30 -31
leaf_value=-0.025079044049467949 -0.023086483070813249 -0.019276589459366038 -0.011218790948370376 0.023815700384873628 -0.00063016513672292597 -0.028116418699461895 -0.015387336549456144 0.013336694562559885 -0.021779548089520012 0.026726963716731614 -0.031629874424111325 0.0080360836278266564 -0.023211808881444525 0.001441633027103864 0.081594390104438502 0.010199107622536067 0.039392787424992276 -0.023289736316420319 0.037237341233019798 -0.022853309115770704 0.022727070665377352 -0.0056144833512445794 0.022617318245873201 0.060363951974690098 -0.017351082668906812 0.0021048690271419767 0.016993236416709336 0.023645325995130667 -0.022368126664817758 -0.023134269500677516
leaf_weight=72.340220779180527 7.7709573172032824 66.561233535408974 84.504429694265127 12.834322933107616 240.87079076841474 44.842863466590643 16.96390171721578 240.53496684879065 51.721264600753784 27.594287116080523 12.682736761867998 10.509000241756441 17.788533303886652 73.919385448098183 5.2894366458058348 9.0097028873860818 10.011131349951027 9.7611396089196223 18.614076633006334 41.392364393919706 20.728449456393719 42.328958686441183 90.807264763861895 8.6104488000273687 8.3876839131116849 449.37292066588998 85.552701808512211 13.961752429604529 63.795028023421764 9.0383818857371789
leaf_count=1932 98 1105 1201 73 2756 903 260 1402 528 203 136 76 199 689 39 129 120 72 119 658 176 506 898 64 107 2968 484 126 1165 174
internal_value=0.000466728 0.0015092 -0.00274597 -0.00127835 0.000608721 -0.00885996 -0.00203952 0.00497994 -0.00318898 0.0154474 -0.00701649 -0.000709026 0.00308066 0.00830102 0.014984 0.0402162 0.00404295 0.00321304 0.0055925 -0.00995591 0.00772318 0.003959 0.0117193 0.0334309 0.0190982 0.00726381 0.00451329 0.0024231 -0.015601 0.00425151
internal_weight=1868.1 1795.76 809.703 743.142 657.474 174.572 129.729 986.057 210.597 35.3652 175.231 123.51 110.827 93.0388 45.2248 14.2991 482.902 472.891 401.009 71.882 30.4896 382.395 141.524 19.1194 99.1949 775.461 534.926 30.9257 85.6677 21.8727
internal_count=19366 17434 10587 9482 8070 2658 1755 6847 1993 301 1692 1164 1028 829 554 168 5412 5292 4386 906 248 4267 1511 140 1005 4854 3452 386 1412 247
cat_boundaries=0 1
cat_threshold=89
is_linear=0
shrinkage=0.03


Tree=58
num_leaves=31
num_cat=0
split_feature=1 29 4 13 14 8 16 5 9 14 12 12 17 10 10 17 14 16 10 29 17 12 16 17 17 11 29 18 18 9
split_gain=47.1578 25.2609 19.4636 18.1115 17.548 14.5168 15.1282 16.5734 15.2077 23.6561 20.4409 13.9765 13.5225 15.4439 19.7862 13.4627 14.7865 13.315 13.0735 32.2277 13.3183 11.1352 13.0035 11.4629 10.9209 10.9782 10.7389 10.6414 12.876 10.5434
threshold=4.3701298236846933 75.522090911865249 2.5000000000000004 43.500000000000007 0.28000000119209295 -69.950656890869126 -1.4215446114540098 -0.78753387928009022 -19.125610351562496 -0.56999999284744252 0.12900000065565112 -0.56650000810623158 -0.6322750151157378 -0.1950000002980232 0.31000000238418585 0.70180940628051769 -0.29500000178813929 -1.094704747200012 0.34499999880790716 76.836559295654311 -0.88509482145309437 0.12650000303983691 -0.60845366120338429 1.3246288299560549 -0.036470049992203706 68.500000000000014 83.357944488525405 1.0548399686813357 0.91491127014160167 -109.36835861206053
decision_type=2 2 8 2 2 2 2 2 2 2 2 2 2 2 2 2 2 2 2 2 2 2 2 2 2 2 2 2 2 2
left_child=3 -2 21 4 -1 11 -7 12 9 -9 17 -4 13 -8 -15 18 -17 -10 20 -20 -11 22 24 -24 25 -3 -19 28 -23 -13
right_child=1 2 5 -5 -6 6 7 8 10 15 -12 29 -14 14 -16 16 -18 26 19 -21 -22 27 23 -25 -26 -27 -28 -29 -30 -31
leaf_value=-0.019949630090973836 -0.01310621827593917 -0.016385919495266903 0.040642123011945384 -0.022952495452978207 0.017496706098138023 -0.017996627172990217 -0.021221170885753902 -0.020912036166845709 0.013698989397802492 -0.0006343628787951847 0.0086661133012838655 -0.0028231639264624771 -0.013876317136438108 0.030418798949198186 -0.019179827117461485 0.035955913264616078 -0.010468920653421305 -0.014073429998505339 -0.02047689423454457 0.025073107407214492 0.026034238070977447 0.0016322837149378661 0.012548033287995123 -0.0072602709311595914 -0.010122954899030236 0.012140484551903098 0.0082985311534362477 -0.0066550524144519665 0.025801923244326834 0.013635708481184526
leaf_weight=19.89860125631094 94.742057394236326 13.792602788656948 10.109087403863667 99.760627530515194 23.428171023726463 48.756839919835329 13.370480228215454 22.673263929784298 20.935759127140045 20.838769819587469 93.122459221631289 68.110033590346575 127.17580931261182 23.353393100202084 9.5045705214142782 6.288103260099887 39.650644518435001 148.10717660933733 26.495158109813929 27.453833986073732 86.103387091308832 99.989535745233297 382.11547199636698 27.598573580384254 52.491171162575483 68.782818354666233 21.513176869601011 99.881372354924679 23.796024531126022 70.502661861479282
leaf_count=366 1637 126 59 2331 376 647 161 229 228 216 911 528 1564 196 123 39 412 1638 270 232 655 793 2871 229 415 567 209 866 167 530
internal_value=0.000518754 0.00187808 0.00274457 -0.0159779 0.000236723 -0.000291635 -0.00202283 -0.000863947 0.00184799 0.00757323 -0.0027942 0.00822444 -0.00885438 0.00496241 0.015929 0.0107815 -0.00348365 -0.00841072 0.0148509 0.00273728 0.0208799 0.00623342 0.00854378 0.0111993 0.000465347 0.00723666 -0.011204 0.000593135 0.00644809 0.00558603
internal_weight=1890.34 1747.25 1652.51 143.087 43.3268 884.065 735.343 686.586 513.182 229.503 283.679 148.722 173.404 46.2284 32.858 206.83 45.9387 190.556 160.891 53.949 106.942 768.448 544.781 409.714 135.067 82.5754 169.62 223.667 123.786 138.613
internal_count=19591 16518 14881 3073 742 8847 7730 7083 5039 2053 2986 1117 2044 480 319 1824 451 2075 1373 502 871 6034 4208 3100 1108 693 1847 1826 960 1058
is_linear=0
shrinkage=0.03


Tree=59
num_leaves=31
num_cat=0
split_feature=3 29 10 29 16 16 10 3 10 4 10 10 7 12 4 3 8 13 18 13 18 2 18 10 13 29 12 2 17 0
split_gain=45.1731 22.0249 14.4778 13.1507 12.8859 11.2035 12.3675 18.363 13.0831 11.0747 13.4302 29.867 16.2534 17.0948 18.3987 16.9494 14.1406 18.1525 17.0057 13.9105 14.4243 16.021 13.2675 15.1047 14.7507 12.6768 15.6012 20.0878 11.5163 10.9266
threshold=0.64668726921081554 75.522090911865249 1.3499999642372134 84.152141571044936 -1.3792461752891538 -0.36812625825405115 0.13499999791383746 324.63864135742193 0.32999999821186071 3.5000000000000004 -0.32500000298023218 -0.12499999627470969 -29.09250450134277 0.23849999904632571 116.50000000000001 320.57951354980474 -79.831424713134751 58.500000000000007 1.8144146800041201 38.500000000000007 1.2534404993057253 287.07823181152349 1.205718517303467 0.22500000149011615 47.500000000000007 76.49637603759767 -0.16650000214576718 68.420070648193374 1.0372433662414553 8.5705370903015154
decision_type=2 2 2 2 2 2 2 2 2 8 2 2 2 2 8 2 2 2 2 2 2 2 2 2 2 2 2 2 2 2
left_child=3 5 4 -1 -3 -2 -7 8 -8 -6 16 19 15 25 -15 -13 -11 18 -18 -12 21 -21 23 -17 -24 26 27 -14 -22 -25
right_child=1 2 -4 -5 9 6 7 -9 -10 10 11 12 13 14 -16 22 17 -19 -20 20 28 -23 24 29 -26 -27 -28 -29 -30 -31
leaf_value=-0.02606077294061232 -0.026284717520908815 -0.0081043723509261392 -0.025385562264645761 0.032835360240355584 0.0047782664968622872 -0.018999329544218575 0.014069380893175653 0.034519346365575021 -0.029994350367910393 0.016487520479980727 -0.0011231268436775474 0.014650766756754922 0.034707788917526183 0.0014921339681727552 0.052765355163737253 -0.023579468269752397 -0.016737076589736617 0.02133281792400251 0.034551987696214315 0.042952061943813534 -0.014244111586297766 -0.0022468078099257853 -0.008351726634779939 -0.011912439953735815 0.023422665778695048 -0.017314448809461133 -0.017541631303895619 -0.0046157218135726777 0.02941944707652713 0.014068545002388438
leaf_weight=69.572765503078699 35.379584584385157 111.06783306226134 16.920447539538145 2.7577580101788035 837.22529866173863 30.764319930225611 10.619795668870212 12.460119143128393 11.880466204136608 18.114706698805094 25.611752819269896 89.891924425959587 16.547613058239222 42.17548805475235 6.4177040234208098 35.972536392509937 125.36481242254376 13.243385497480629 5.1856664679944506 35.785067602992058 12.290417648851873 8.614506781101225 22.052881997078657 28.166964162141085 30.149960123002529 108.35943996533751 33.131127271801233 34.454236168414354 8.2204210944473726 28.113876312971115
leaf_count=1935 710 1305 324 67 6498 561 159 142 224 144 226 698 165 556 106 364 1564 198 61 292 127 60 220 243 240 1254 447 326 84 175
internal_value=-0.000318801 0.000624131 0.00143935 -0.0233981 0.00172512 -0.0129079 -0.00542114 0.00672342 -0.00948321 0.00242741 -0.000279509 0.0019023 -0.00111649 -0.00657206 0.00919121 0.0045 -0.00787095 -0.0110322 -0.0144526 0.0175963 0.0248874 0.0343261 -0.00187389 -0.00868229 0.010095 -0.0105783 -0.00180099 0.00856493 0.00380968 0.00108483
internal_weight=1866.51 1794.18 1693.08 72.3305 1676.16 101.104 65.7247 34.9604 22.5003 1565.09 727.864 565.956 475.434 241.086 48.5932 234.348 161.909 143.794 130.55 90.5222 64.9104 44.3996 144.456 92.2534 52.2028 192.492 84.133 51.0018 20.5108 56.2808
internal_count=19475 17473 15677 2002 15353 1796 1086 525 383 14048 7550 5583 4794 2854 662 1940 1967 1823 1625 789 563 352 1242 782 460 2192 938 491 211 418
is_linear=0
shrinkage=0.03


Tree=60
num_leaves=31
num_cat=1
split_feature=3 29 4 8 28 10 10 1 17 4 14 13 3 28 17 14 11 5 2 32 5 4 16 3 10 3 10 12 12 12
split_gain=57.5255 23.8538 17.3882 16.1992 15.4935 12.2538 22.0071 19.8574 18.4263 25.2415 15.5377 14.7846 13.8554 13.5478 12.9253 12.6489 12.6451 12.0847 11.515 11.1848 11.0762 10.5076 10.4104 10.4077 15.664 10.3665 13.2366 11.2182 13.7473 12.3324
threshold=0.49395650625228887 75.522090911865249 3.5000000000000004 -65.123928070068345 26.140346527099613 -0.32500000298023218 -0.12499999627470969 126.67914962768556 -0.73506319522857655 221.50000000000003 -0.29500000178813929 58.500000000000007 532.81591796875011 22.987782478332523 -0.040218671783804887 -1.0000000180025095e-35 73.500000000000014 -0.98097097873687733 90.697071075439467 0 0.12431468442082406 10.500000000000002 -0.22263643890619275 140.19879913330081 0.2650000005960465 277.53517150878912 -0.1950000002980232 -0.39300000667572016 -0.10600000247359274 0.10400000214576723
decision_type=2 2 8 2 2 2 2 2 2 10 2 2 2 2 2 2 2 2 2 1 2 10 2 2 2 2 2 2 2 2
left_child=-1 25 17 4 23 11 7 10 9 12 21 -5 19 15 -13 20 -11 -3 -19 -8 -12 -7 -14 24 -4 -2 -27 -28 -29 -30
right_child=1 2 3 5 -6 6 8 -9 -10 16 13 14 22 -15 -16 -17 -18 18 -20 -21 -22 -23 -24 -25 -26 26 27 28 29 -31
leaf_value=-0.026833249905315378 -0.022444227996761098 -0.012615248063531889 -0.0011059079287022708 -0.014279266602206846 -0.020141756573788923 0.014302341313876071 0.013878826814948403 -0.014964622999397392 -0.0081795812457500471 0.078477364059884328 -0.030149688286148564 0.042652440824117455 -0.0040333560993625331 0.055340312032246194 -0.0086610839548134071 0.038430714501062252 0.011767205039652369 -0.0034442785667338129 0.0067271821112886727 -0.010081234206568947 0.020753337920733875 -0.024628283387919069 0.039634067514578937 0.0056839542504467898 0.044058104123302869 -0.029066919557420298 0.033428838278908572 -0.021202788519492165 0.060389064855266815 -0.0034388488512259218
leaf_weight=68.631674528121948 51.812065090984106 34.078787349164486 11.635613307356836 136.76498557627201 17.243429809808731 19.111132327467207 13.760329551994801 17.930071227252483 289.18865256011486 5.1028774417936784 6.0200944133102876 7.2142984122037914 7.6743331700563457 13.440285526216028 8.9651558585464937 12.561473876237871 5.1162132024765015 115.05362462624907 746.00222806632519 57.528588373214006 7.5222684778273106 8.0535117052495462 11.864247500896452 146.80953864008188 15.851066142320631 11.78733718767762 9.0359606668353063 15.421813972294329 3.4964141845703143 6.6594851315021515
leaf_count=1947 1036 457 85 1793 143 158 95 133 3394 53 77 98 71 108 141 90 78 1034 5555 662 91 107 112 1215 96 265 70 209 55 136
internal_value=-7.44431e-05 0.00095292 0.00177957 -0.00137761 0.0062384 -0.00370739 -0.00131998 0.0124581 -0.00433255 0.00664967 0.019941 -0.0110633 0.0013903 0.0317067 0.0153702 0.0179454 0.0491046 0.00466779 0.00536566 -0.00480307 -0.00239219 0.00229592 0.0231212 0.00894825 0.0255717 -0.0133502 -0.00293647 0.0065283 -0.00387519 0.0219789
internal_weight=1881.34 1812.71 1714.49 819.358 191.54 627.819 474.874 84.6388 390.235 101.047 66.7088 152.944 90.8275 39.5441 16.1795 26.1038 10.2191 895.135 861.056 71.2889 13.5424 27.1646 19.5386 174.296 27.4867 98.2131 46.401 34.6137 25.5777 10.1559
internal_count=19564 17617 15846 8800 1539 7261 5229 764 4465 1071 631 2032 940 366 239 258 131 7046 6589 757 168 265 183 1396 181 1771 735 470 400 191
cat_boundaries=0 1
cat_threshold=16
is_linear=0
shrinkage=0.03


Tree=61
num_leaves=31
num_cat=2
split_feature=3 32 12 12 10 10 9 10 12 31 12 10 14 3 5 2 10 9 3 3 13 7 14 14 14 17 12 10 9 12
split_gain=49.3234 23.7935 30.5545 27.0955 25.8057 19.2391 15.9977 21.4227 14.9019 12.7831 21.3132 16.0048 39.4506 20.8844 29.6759 14.17 15.3912 21.0898 15.8126 12.4403 11.8198 11.4216 10.4299 23.5191 16.1477 23.0029 22.8073 26.931 22.8312 17.1351
threshold=1.196043908596039 0 -0.41899999976158137 -0.56650000810623158 0.45499999821186071 1.2450000047683718 -21.117370605468746 -0.91499999165534962 0.50899998843669902 1 0.082499999552965178 0.1799999997019768 -1.0000000180025095e-35 223.22633361816409 -0.78753387928009022 48.68263244628907 -0.46499998867511744 -92.248954772949205 633.77917480468761 223.22633361816409 38.500000000000007 12.766647815704347 -0.52499997615814198 -0.84999999403953541 -0.27499999105930323 -0.15506546199321744 -0.31749999523162836 -0.29500000178813929 -134.18791198730466 -0.23350000381469724
decision_type=2 1 2 2 2 2 2 2 2 1 2 2 2 2 2 2 2 2 2 2 2 2 2 2 2 2 2 2 2 2
left_child=-1 5 3 -3 6 22 8 21 9 10 11 12 15 -13 -15 -4 -17 -18 -19 -10 -5 -8 23 -2 25 -24 28 -28 -26 -29
right_child=1 2 4 20 -6 -7 7 -9 19 -11 -12 13 -14 14 -16 16 17 18 -20 -21 -22 -23 24 -25 26 -27 27 29 -30 -31
leaf_value=-0.022916845921303716 0.009941239255161733 -0.0057447627085151646 -0.024362891425665213 0.00091322261254058585 -0.02222784018799288 -0.027606210244311286 3.6459070500459113e-05 -0.01012981709229668 -0.014251579485614488 -0.011427112184329489 -0.015643417066250831 -0.021974431061878939 0.053530163302575658 -0.023077437846454024 0.040359510915264907 0.039097532158564492 0.043443997747408217 -0.020971064963853883 0.028865891327142637 0.035689466320962725 0.031089845947183215 0.055543048783151534 0.0028333435449081931 -0.012896118198298213 0.022776693037833889 0.025635766711547669 -0.021944105783877343 0.023486018777155993 -0.012350430129242817 0.0060924401803528812
leaf_weight=78.829607054591179 73.890115462243557 47.760612796992064 10.608331032097338 15.381020229309796 73.86614216119051 16.035874165594578 6.4290721677243692 267.68990700691938 5.2560416944324997 56.306803770363331 37.333320766687393 25.790548950433731 19.939980916678905 10.177868418395521 15.688627410680054 13.097697675228117 7.7075529657304243 23.27741193026305 6.559533827006816 18.187439240515232 48.397175475955009 5.938703253865242 78.489240784198046 87.657151963561773 18.533244848251343 80.397680666297674 27.763092715293169 55.810628458857536 113.92886673286557 515.05015928670764
leaf_count=2212 574 541 180 138 1359 238 123 3862 95 525 669 357 154 123 91 117 45 282 42 174 415 73 575 796 105 521 327 353 943 3442
internal_value=0.000153893 0.00118619 -0.0030276 0.0112903 -0.00573662 0.00400104 -0.00340066 -0.00831186 0.00211372 -0.000286748 0.00388502 0.0097391 0.0179665 -0.00328767 0.0154686 0.00571486 0.0123652 0.002267 -0.00943383 0.0243677 0.0239388 0.0288505 0.00454684 -0.00245364 0.00581889 0.0144597 0.0039238 0.00641582 -0.00730183 0.00783103
internal_weight=1861.78 1782.95 715.394 111.539 603.855 1067.56 529.989 280.058 249.931 226.488 170.181 132.848 81.1905 51.657 25.8665 61.2505 50.6422 37.5445 29.8369 23.4435 63.7782 12.3678 1051.52 161.547 889.973 158.887 731.086 598.624 132.462 570.861
internal_count=19451 17239 9365 1094 8271 7874 6912 4058 2854 2585 2060 1391 820 571 214 666 486 369 324 269 553 196 7636 1370 6266 1096 5170 4122 1048 3795
cat_boundaries=0 1 2
cat_threshold=57 4
is_linear=0
shrinkage=0.03


Tree=62
num_leaves=31
num_cat=0
split_feature=5 29 28 4 14 1 17 7 14 28 12 28 28 5 28 21 2 17 21 11 7 14 29 12 12 14 14 16 12 16
split_gain=38.8738 25.5761 17.2712 14.0021 15.1786 13.0702 11.5153 10.8515 10.8881 13.2276 11.9454 12.2152 12.5672 10.3203 9.4064 19.3614 12.084 13.9106 9.39278 9.24159 10.4269 9.85816 10.0037 8.88032 15.6658 8.87357 10.9885 9.77023 8.86425 17.2684
threshold=0.45150023698806768 75.522090911865249 18.289889335632328 2.5000000000000004 0.074999999254941954 2.3745216131210332 1.6090713143348696 -16.327253341674801 -0.37499999999999994 18.43215370178223 0.12150000035762788 22.590013504028324 22.825375556945804 -0.21742309629917142 18.767070770263675 1.0000000180025095e-35 319.92567443847662 -0.14889999479055402 1.0000000180025095e-35 83.500000000000014 -25.903964042663571 0.14500000327825549 76.581501007080092 -0.50149999558925618 -0.71900001168251026 -1.0000000180025095e-35 0.60499998927116405 1.0861150026321413 0.042500000447034843 -0.60845366120338429
decision_type=2 2 2 8 2 2 2 2 2 2 2 2 2 2 2 2 2 2 2 2 2 2 2 2 2 2 2 2 2 2
left_child=1 25 13 6 14 -6 28 -2 9 -9 -10 -12 -13 -3 15 -5 23 -18 -14 21 -21 22 -7 24 -16 -1 27 -27 29 -4
right_child=7 2 3 4 5 19 -8 8 10 -11 11 12 18 -15 16 -17 17 -19 -20 20 -22 -23 -24 -25 -26 26 -28 -29 -30 -31
leaf_value=-0.02513801062493699 0.033607975935530124 -0.0045088114738838772 -0.00061267881530582141 -0.003247482980088561 0.028151179718240677 0.043024083551830794 -0.017095752861766865 0.049588882467736746 -0.027873254987029479 -0.0081057193768657582 -0.026828872287484162 0.053521241220388552 -0.015356354328336099 -0.02868191816022651 -0.019455966237288874 0.035833747787500758 -0.0060096486106722908 0.022326597146712257 0.038054141235607256 0.0053998759126758734 -0.013893464665199522 0.0039186508326637323 0.0049482846400952917 -0.0099482486639020408 0.025071980489331104 -0.0038087617755770083 -0.029877207089918326 0.040001656471405356 0.00227155725528147 0.012895293225033234
leaf_weight=37.716878909617662 3.0761645101010791 53.049810323864222 117.58816934004426 41.735501788556576 18.465641222894192 11.244578178972008 18.285772148519754 3.0859192460775402 72.560757204890251 27.699697442352772 12.865703642368318 3.5852991491556194 11.818190153688191 21.998758003115654 10.841016024351122 14.628549478948115 35.500959061086178 26.364723704755306 2.8600967936217776 46.441978059709072 53.094863962382078 276.03910117223859 13.202727276831864 267.8530932739377 16.981163885444403 36.657657269388437 12.213754799216984 4.2174979969859114 278.82174502685666 307.16683376953006
leaf_count=735 38 692 907 540 247 105 163 71 1831 604 349 80 266 374 111 142 247 169 49 407 551 2504 119 2744 154 565 264 64 2217 2170
internal_value=-1.34015e-05 0.00121726 0.00208415 0.00276556 0.000112773 0.00413672 0.00582015 -0.0153007 -0.0166593 -0.000944312 -0.0212715 -0.00549462 0.0101468 -0.0118786 -0.0039559 0.00734339 -0.00575267 0.0062292 -0.00318581 0.00296074 -0.00492739 0.00558138 0.0234638 -0.00827225 0.00764845 -0.0141906 -0.00609202 0.00155891 0.00643915 0.00916312
internal_weight=1857.66 1720.11 1629.3 1554.26 832.394 418.489 721.863 137.552 134.476 30.7856 103.69 31.1293 18.2636 75.0486 413.905 56.3641 357.541 61.8657 14.6783 400.023 99.5368 300.486 24.4473 295.675 27.8222 90.8058 53.0889 40.8752 703.577 424.755
internal_count=19479 16191 14563 13497 8040 3933 5457 3288 3250 675 2575 744 395 1066 4107 682 3425 416 315 3686 958 2728 224 3009 265 1628 893 629 5294 3077
is_linear=0
shrinkage=0.03


Tree=63
num_leaves=31
num_cat=2
split_feature=5 29 28 5 12 12 29 3 3 12 7 17 3 29 29 3 9 29 8 32 0 2 3 12 3 17 32 12 8 3
split_gain=39.4212 19.2817 18.5107 16.9541 19.9885 14.2551 14.9892 12.1084 11.2476 13.4678 9.86908 10.3208 15.544 10.0232 15.6726 9.59359 9.31065 15.6796 12.5134 10.7898 14.7199 15.7102 12.6743 13.0327 11.1811 9.23964 8.63396 37.5881 10.6152 13.7102
threshold=0.45150023698806768 75.522090911865249 18.289889335632328 -0.90013122558593739 0.55149999260902416 0.12900000065565112 81.26676177978517 184.44961547851565 277.53517150878912 -0.39300000667572016 -16.327253341674801 -0.71519991755485524 1.6161330938339236 76.484970092773452 77.440567016601577 915.59808349609386 -104.91578292846678 77.084831237792983 -61.482423782348626 0 109.8954429626465 327.38676452636724 702.19500732421886 -0.13650000095367429 659.56069946289074 -0.52211499214172352 1 -0.50149999558925618 -59.503492355346673 292.21582031250006
decision_type=2 2 2 2 2 2 2 2 2 2 2 2 2 2 2 2 2 2 2 1 2 2 2 2 2 2 1 2 2 2
left_child=1 8 7 5 26 16 -7 -3 -1 -10 -2 12 -12 -14 -15 -8 17 18 -4 20 22 -22 25 -24 -21 -18 27 -5 29 -28
right_child=10 2 3 4 -6 6 15 -9 9 -11 11 -13 13 14 -16 -17 19 -19 -20 24 21 -23 23 -25 -26 -27 28 -29 -30 -31
leaf_value=-0.022787196274857119 0.030557853503427972 -0.031257990453483576 0.002913050774159185 0.039040331972169967 0.030180397174119133 -0.026880849329116125 0.026694969969601724 -0.0044807011611150381 0.02617154205921552 -0.010642825596763029 -0.023103401839871422 -0.020861554632560342 -0.019226826303940271 0.067354328434620997 0.0011504243079145378 -0.017155135525859698 0.0056497596059440127 -0.0057198236875779587 0.05932007598100468 0.013200980185727162 0.058783422244849309 -0.0018588823344934935 0.020395449865904011 -0.014962832651919351 -0.023354046216901521 -0.022598957282680937 0.018831689154445733 -0.0083579553716637573 0.003415238458024686 0.0039030704896923503
leaf_weight=42.501708660274744 3.2673283964395514 20.189504522830248 6.0142762959003448 15.986089654266832 25.682452276349068 40.270985547453165 8.7824850678443926 55.298979286104441 10.945701740682123 34.608442325145006 13.93824437633157 102.3387747593224 3.9411454051733008 5.0233988277614099 6.9864546284079552 7.3793778978288165 15.442519973963497 15.609476111829279 7.9948479682207125 8.6670615784823877 7.0868817344307882 7.2162084989249706 29.850682199001312 12.636805746704338 37.496014684438705 29.023871291428804 100.7946775816381 131.9706595055759 936.53864264860749 122.87043591216207
leaf_count=863 40 343 69 108 199 755 90 734 102 625 381 2594 85 86 99 60 139 151 76 104 62 64 251 134 539 373 611 1153 7731 819
internal_value=0.000498993 0.0017221 0.00245775 0.00315923 0.00446451 -0.00428524 -0.0172724 -0.0119574 -0.0118759 -0.00142494 -0.0150235 -0.0163708 -0.000817016 0.0188713 0.0318904 0.00684039 -7.16713e-05 0.014991 0.0369114 -0.00317858 0.00266939 0.0300659 -0.00182418 0.0097768 -0.0134951 -0.0128801 0.00393698 -0.00281976 0.00478342 0.0106845
internal_weight=1866.35 1730.86 1642.8 1567.31 1333.84 233.471 56.4328 75.4885 88.0559 45.5541 135.495 132.228 29.8892 15.951 12.0099 16.1619 177.039 29.6186 14.0091 147.42 101.257 14.3031 86.9539 42.4875 46.1631 44.4664 1308.16 147.957 1160.2 223.665
internal_count=19440 16155 14565 13488 10621 2867 905 1077 1590 727 3285 3245 651 270 185 150 1962 296 145 1666 1023 126 897 385 643 512 10422 1261 9161 1430
cat_boundaries=0 1 2
cat_threshold=101 66
is_linear=0
shrinkage=0.03


end of trees

feature_importances:
oni=280
dmi=255
nino34=207
season_to_date=154
doy_sin=154
centroid_lat=119
centroid_lon=107
rmm1=96
rain_prev_30_anom=93
rmm2=80
rain_prev_30=68
zone_id=58
amplitude=52
days_since_wet=37
doy_cos=33
rain_prev_14_anom=32
rain_prev_14=28
rain_prev_7_anom=22
oni_age_days=13
dmi_age_days=11
state=7
rain_prev_7=3
mjo_phase_8=3
nino34_age_days=2
mjo_phase_2=2
mjo_phase_5=2
mjo_phase_4=1
mjo_phase_7=1

parameters:
[boosting: gbdt]
[objective: binary]
[metric: binary_logloss]
[tree_learner: serial]
[device_type: cpu]
[data_sample_strategy: bagging]
[data: ]
[valid: ]
[num_iterations: 2000]
[learning_rate: 0.03]
[num_leaves: 31]
[num_threads: 0]
[seed: 42]
[deterministic: 0]
[force_col_wise: 0]
[force_row_wise: 0]
[histogram_pool_size: -1]
[max_depth: -1]
[min_data_in_leaf: 60]
[min_sum_hessian_in_leaf: 0.001]
[bagging_fraction: 0.8]
[pos_bagging_fraction: 1]
[neg_bagging_fraction: 1]
[bagging_freq: 1]
[bagging_seed: 400]
[bagging_by_query: 0]
[feature_fraction: 0.8]
[feature_fraction_bynode: 1]
[feature_fraction_seed: 30056]
[extra_trees: 0]
[extra_seed: 12879]
[early_stopping_round: 0]
[early_stopping_min_delta: 0]
[first_metric_only: 0]
[max_delta_step: 0]
[lambda_l1: 0]
[lambda_l2: 1]
[linear_lambda: 0]
[min_gain_to_split: 0]
[drop_rate: 0.1]
[max_drop: 50]
[skip_drop: 0.5]
[xgboost_dart_mode: 0]
[uniform_drop: 0]
[drop_seed: 17869]
[top_rate: 0.2]
[other_rate: 0.1]
[min_data_per_group: 100]
[max_cat_threshold: 32]
[cat_l2: 10]
[cat_smooth: 10]
[max_cat_to_onehot: 4]
[top_k: 20]
[monotone_constraints: ]
[monotone_constraints_method: basic]
[monotone_penalty: 0]
[feature_contri: ]
[forcedsplits_filename: ]
[refit_decay_rate: 0.9]
[cegb_tradeoff: 1]
[cegb_penalty_split: 0]
[cegb_penalty_feature_lazy: ]
[cegb_penalty_feature_coupled: ]
[path_smooth: 0]
[interaction_constraints: ]
[verbosity: -1]
[saved_feature_importance_type: 0]
[use_quantized_grad: 0]
[num_grad_quant_bins: 4]
[quant_train_renew_leaf: 0]
[stochastic_rounding: 1]
[linear_tree: 0]
[max_bin: 255]
[max_bin_by_feature: ]
[min_data_in_bin: 3]
[bin_construct_sample_cnt: 200000]
[data_random_seed: 175]
[is_enable_sparse: 1]
[enable_bundle: 1]
[use_missing: 1]
[zero_as_missing: 0]
[feature_pre_filter: 1]
[pre_partition: 0]
[two_round: 0]
[header: 0]
[label_column: ]
[weight_column: ]
[group_column: ]
[ignore_column: ]
[categorical_feature: 31,32]
[forcedbins_filename: ]
[precise_float_parser: 0]
[parser_config_file: ]
[objective_seed: 16083]
[num_class: 1]
[is_unbalance: 0]
[scale_pos_weight: 1]
[sigmoid: 1]
[boost_from_average: 1]
[reg_sqrt: 0]
[alpha: 0.9]
[fair_c: 1]
[poisson_max_delta_step: 0.7]
[tweedie_variance_power: 1.5]
[lambdarank_truncation_level: 30]
[lambdarank_norm: 1]
[label_gain: ]
[lambdarank_position_bias_regularization: 0]
[eval_at: ]
[multi_error_top_k: 1]
[auc_mu_weights: ]
[num_machines: 1]
[local_listen_port: 12400]
[time_out: 120]
[machine_list_filename: ]
[machines: ]
[gpu_platform_id: -1]
[gpu_device_id: -1]
[gpu_device_id_list: ]
[gpu_use_dp: 0]
[num_gpu: 1]

end of parameters

pandas_categorical:[["Bihar", "Madhya Pradesh", "Maharashtra", "Uttar Pradesh"], ["BI-2", "BI-3", "MH-6/MH-7", "MP-10", "MP-10/MP-5", "UP-10", "UP-8"]]
