model,target,horizon,level,state,district,n,n_pos,base_rate,mean_forecast,brier,brier_ref,bss,auc,reliable
climatology,dry,7,overall,all,all,4140,884,0.213526576757431,0.2533066868782043,0.1407016217708587,0.1407016217708587,0.0,0.7461631919352508,True
lightgbm,dry,7,overall,all,all,4140,884,0.213526576757431,0.2559537887573242,0.1362089961767196,0.1407016217708587,0.0319301621231886,0.7900560538428186,True
lightgbm_uncalibrated,dry,7,overall,all,all,4140,884,0.213526576757431,0.2454269230365753,0.135160818696022,0.1407016217708587,0.039379809593526,0.7904734871646636,True
lightgbm_isotonic_val,dry,7,overall,all,all,4140,884,0.213526576757431,0.1826765239238739,0.1372895091772079,0.1407016217708587,0.0242506983978312,0.778711525954173,True
lightgbm_isotonic_cv,dry,7,overall,all,all,4140,884,0.213526576757431,0.2559537887573242,0.1362089961767196,0.1407016217708587,0.0319301621231886,0.7900560538428186,True
lightgbm_platt_cv,dry,7,overall,all,all,4140,884,0.213526576757431,0.2556679844856262,0.135492205619812,0.1407016217708587,0.0370245636509478,0.7904734871646636,True
climatology,dry,7,state,Bihar,all,276,21,0.0760869532823562,0.1416876912117004,0.0621892698109149,0.0621892698109149,0.0,0.8446311858076563,True
lightgbm,dry,7,state,Bihar,all,276,21,0.0760869532823562,0.1268416941165924,0.0645707324147224,0.0621892698109149,-0.0382937862278851,0.7727357609710551,True
lightgbm_uncalibrated,dry,7,state,Bihar,all,276,21,0.0760869532823562,0.1143169850111007,0.0628609135746955,0.0621892698109149,-0.0107999943691687,0.7706816059757235,True
lightgbm_isotonic_val,dry,7,state,Bihar,all,276,21,0.0760869532823562,0.0743007510900497,0.0612162724137306,0.0621892698109149,0.0156457440349878,0.776657329598506,True
lightgbm_isotonic_cv,dry,7,state,Bihar,all,276,21,0.0760869532823562,0.1268416941165924,0.0645707324147224,0.0621892698109149,-0.0382937862278851,0.7727357609710551,True
lightgbm_platt_cv,dry,7,state,Bihar,all,276,21,0.0760869532823562,0.128125786781311,0.0641998052597045,0.0621892698109149,-0.0323292982037348,0.7706816059757235,True
climatology,dry,7,state,Madhya Pradesh,all,1242,219,0.176328495144844,0.2635341882705688,0.1253233402967453,0.1253233402967453,0.0,0.777523355517169,True
lightgbm,dry,7,state,Madhya Pradesh,all,1242,219,0.176328495144844,0.2603616416454315,0.1192056909203529,0.1253233402967453,0.0488149243541288,0.8194383070653508,True
lightgbm_uncalibrated,dry,7,state,Madhya Pradesh,all,1242,219,0.176328495144844,0.2501854300498962,0.1188041195273399,0.1253233402967453,0.0520192069088559,0.820072130942657,True
lightgbm_isotonic_val,dry,7,state,Madhya Pradesh,all,1242,219,0.176328495144844,0.1930956691503524,0.1114289313554763,0.1253233402967453,0.1108684855380427,0.8133366363591727,True
lightgbm_isotonic_cv,dry,7,state,Madhya Pradesh,all,1242,219,0.176328495144844,0.2603616416454315,0.1192056909203529,0.1253233402967453,0.0488149243541288,0.8194383070653508,True
lightgbm_platt_cv,dry,7,state,Madhya Pradesh,all,1242,219,0.176328495144844,0.2596014440059662,0.1192738264799118,0.1253233402967453,0.0482712462220463,0.820072130942657,True
climatology,dry,7,state,Maharashtra,all,1794,430,0.2396878451108932,0.2552142739295959,0.1646943241357803,0.1646943241357803,0.0,0.6373797994953284,True
lightgbm,dry,7,state,Maharashtra,all,1794,430,0.2396878451108932,0.2663045823574066,0.1534751504659652,0.1646943241357803,0.0681211919638805,0.7487016640523767,True
lightgbm_uncalibrated,dry,7,state,Maharashtra,all,1794,430,0.2396878451108932,0.2554938197135925,0.1521420627832412,0.1646943241357803,0.0762155066266309,0.7483265702789333,True
lightgbm_isotonic_val,dry,7,state,Maharashtra,all,1794,430,0.2396878451108932,0.1846145689487457,0.1588423252105713,0.1646943241357803,0.0355324869628441,0.7329033963036213,True
lightgbm_isotonic_cv,dry,7,state,Maharashtra,all,1794,430,0.2396878451108932,0.2663045823574066,0.1534751504659652,0.1646943241357803,0.0681211919638805,0.7487016640523767,True
lightgbm_platt_cv,dry,7,state,Maharashtra,all,1794,430,0.2396878451108932,0.2666585743427276,0.1526426672935485,0.1646943241357803,0.0731759087963219,0.7483265702789333,True
climatology,dry,7,state,Uttar Pradesh,all,828,214,0.2584541141986847,0.2710386216640472,0.1379556506872177,0.1379556506872177,0.0,0.8170948887332948,True
lightgbm,dry,7,state,Uttar Pradesh,all,828,214,0.2584541141986847,0.2699527442455292,0.1481834352016449,0.1379556506872177,-0.074138206470544,0.7979885232427167,True
lightgbm_uncalibrated,dry,7,state,Uttar Pradesh,all,828,214,0.2584541141986847,0.260180801153183,0.1470030844211578,0.1379556506872177,-0.0655821902826805,0.7998797528083046,True
lightgbm_isotonic_val,dry,7,state,Uttar Pradesh,all,828,214,0.2584541141986847,0.1989739388227462,0.1547403335571289,0.1379556506872177,-0.121667237161358,0.7951155286310087,True
lightgbm_isotonic_cv,dry,7,state,Uttar Pradesh,all,828,214,0.2584541141986847,0.2699527442455292,0.1481834352016449,0.1379556506872177,-0.074138206470544,0.7979885232427167,True
lightgbm_platt_cv,dry,7,state,Uttar Pradesh,all,828,214,0.2584541141986847,0.2684689462184906,0.1464246064424514,0.1379556506872177,-0.061388973289939,0.7998797528083046,True
climatology,dry,7,district,Bihar,Gaya,138,17,0.1231884062290191,0.1905543059110641,0.0872285515069961,0.0872285515069961,0.0,0.8580456976178901,True
lightgbm,dry,7,district,Bihar,Gaya,138,17,0.1231884062290191,0.1766634136438369,0.0951257273554802,0.0872285515069961,-0.0905342999745977,0.7868254739912494,True
lightgbm_uncalibrated,dry,7,district,Bihar,Gaya,138,17,0.1231884062290191,0.1647203713655471,0.09368347376585,0.0872285515069961,-0.0740001083055494,0.7856101118133204,True
lightgbm_isotonic_val,dry,7,district,Bihar,Gaya,138,17,0.1231884062290191,0.1074448898434639,0.0923250392079353,0.0872285515069961,-0.0584268294370382,0.7960622265435099,True
lightgbm_isotonic_cv,dry,7,district,Bihar,Gaya,138,17,0.1231884062290191,0.1766634136438369,0.0951257273554802,0.0872285515069961,-0.0905342999745977,0.7868254739912494,True
lightgbm_platt_cv,dry,7,district,Bihar,Gaya,138,17,0.1231884062290191,0.1789990067481994,0.095139555633068,0.0872285515069961,-0.0906928292330686,0.7856101118133204,True
climatology,dry,7,district,Bihar,Purnia,138,4,0.0289855077862739,0.0928211063146591,0.0371499918401241,0.0371499918401241,0.0,0.6408582089552239,False
lightgbm,dry,7,district,Bihar,Purnia,138,4,0.0289855077862739,0.0770199671387672,0.034015730023384,0.0371499918401241,0.0843677659534464,0.4832089552238806,False
lightgbm_uncalibrated,dry,7,district,Bihar,Purnia,138,4,0.0289855077862739,0.0639136061072349,0.0320383571088314,0.0371499918401241,0.137594504819564,0.4720149253731344,False
lightgbm_isotonic_val,dry,7,district,Bihar,Purnia,138,4,0.0289855077862739,0.041156630963087,0.0301075223833322,0.0371499918401241,0.1895685330726131,0.4953358208955223,False
lightgbm_isotonic_cv,dry,7,district,Bihar,Purnia,138,4,0.0289855077862739,0.0770199671387672,0.034015730023384,0.0371499918401241,0.0843677659534464,0.4832089552238806,False
lightgbm_platt_cv,dry,7,district,Bihar,Purnia,138,4,0.0289855077862739,0.0772525444626808,0.033260054886341,0.0371499918401241,0.1047089584978503,0.4720149253731344,False
climatology,dry,7,district,Madhya Pradesh,Indore,552,108,0.1956521719694137,0.2812269032001495,0.1506080627441406,0.1506080627441406,0.0,0.7052364864864865,True
lightgbm,dry,7,district,Madhya Pradesh,Indore,552,108,0.1956521719694137,0.278904527425766,0.1382960379123687,0.1506080627441406,0.0817487763101239,0.7804575408742075,True
lightgbm_uncalibrated,dry,7,district,Madhya Pradesh,Indore,552,108,0.1956521719694137,0.2688409090042114,0.1389112919569015,0.1506080627441406,0.077663642796535,0.7796650817484151,True
lightgbm_isotonic_val,dry,7,district,Madhya Pradesh,Indore,552,108,0.1956521719694137,0.2055967152118683,0.1313503384590149,0.1506080627441406,0.1278664895772649,0.7735548048048049,True
lightgbm_isotonic_cv,dry,7,district,Madhya Pradesh,Indore,552,108,0.1956521719694137,0.278904527425766,0.1382960379123687,0.1506080627441406,0.0817487763101239,0.7804575408742075,True
lightgbm_platt_cv,dry,7,district,Madhya Pradesh,Indore,552,108,0.1956521719694137,0.2782837152481079,0.1388266384601593,0.1506080627441406,0.0782257209163901,0.7796650817484151,True
climatology,dry,7,district,Madhya Pradesh,Sehore,690,111,0.1608695685863495,0.2493800073862075,0.1050955504179,0.1050955504179,0.0,0.8270472545083944,True
lightgbm,dry,7,district,Madhya Pradesh,Sehore,690,111,0.1608695685863495,0.2455273121595382,0.1039334312081337,0.1050955504179,0.0110577394109013,0.8467301498389581,True
lightgbm_uncalibrated,dry,7,district,Madhya Pradesh,Sehore,690,111,0.1608695685863495,0.2352610677480697,0.1027183830738067,0.1050955504179,0.0226191055153219,0.8475937076973346,True
lightgbm_isotonic_val,dry,7,district,Madhya Pradesh,Sehore,690,111,0.1608695685863495,0.1830948293209076,0.09549181163311,0.1050955504179,0.0913810218092193,0.8376744620267935,True
lightgbm_isotonic_cv,dry,7,district,Madhya Pradesh,Sehore,690,111,0.1608695685863495,0.2455273121595382,0.1039334312081337,0.1050955504179,0.0110577394109013,0.8467301498389581,True
lightgbm_platt_cv,dry,7,district,Madhya Pradesh,Sehore,690,111,0.1608695685863495,0.2446555942296981,0.1036315709352493,0.1050955504179,0.0139299853973779,0.8475937076973346,True
climatology,dry,7,district,Maharashtra,Bid,1104,295,0.2672101557254791,0.2760011553764343,0.1748554557561874,0.1748554557561874,0.0,0.642274412855377,True
lightgbm,dry,7,district,Maharashtra,Bid,1104,295,0.2672101557254791,0.2868688702583313,0.1653964519500732,0.1748554557561874,0.0540961319462831,0.7375164987115292,True
lightgbm_uncalibrated,dry,7,district,Maharashtra,Bid,1104,295,0.2672101557254791,0.278520405292511,0.1640727818012237,0.1748554557561874,0.0616662140070635,0.7391443715824098,True
lightgbm_isotonic_val,dry,7,district,Maharashtra,Bid,1104,295,0.2672101557254791,0.2050242871046066,0.1718111187219619,0.1748554557561874,0.0174105922006253,0.7265529739582242,True
lightgbm_isotonic_cv,dry,7,district,Maharashtra,Bid,1104,295,0.2672101557254791,0.2868688702583313,0.1653964519500732,0.1748554557561874,0.0540961319462831,0.7375164987115292,True
lightgbm_platt_cv,dry,7,district,Maharashtra,Bid,1104,295,0.2672101557254791,0.2885352969169616,0.1643555611371994,0.1748554557561874,0.0600489963185864,0.7391443715824098,True
climatology,dry,7,district,Maharashtra,Latur,690,135,0.1956521719694137,0.221955269575119,0.1484365165233612,0.1484365165233612,0.0,0.5899165832499166,True
lightgbm,dry,7,district,Maharashtra,Latur,690,135,0.1956521719694137,0.2334016859531402,0.1344010531902313,0.1484365165233612,0.0945553268283614,0.7582048715382048,True
lightgbm_uncalibrated,dry,7,district,Maharashtra,Latur,690,135,0.1956521719694137,0.2186513245105743,0.1330529004335403,0.1484365165233612,0.1036376792593334,0.7515782449115783,True
lightgbm_isotonic_val,dry,7,district,Maharashtra,Latur,690,135,0.1956521719694137,0.1519590467214584,0.1380922347307205,0.1484365165233612,0.069688254850771,0.7293026359693026,True
lightgbm_isotonic_cv,dry,7,district,Maharashtra,Latur,690,135,0.1956521719694137,0.2334016859531402,0.1344010531902313,0.1484365165233612,0.0945553268283614,0.7582048715382048,True
lightgbm_platt_cv,dry,7,district,Maharashtra,Latur,690,135,0.1956521719694137,0.2316557466983795,0.1339020282030105,0.1484365165233612,0.0979172016480404,0.7515782449115783,True
climatology,dry,7,district,Uttar Pradesh,Gorakhpur,276,68,0.2463768124580383,0.2213978618383407,0.1608341038227081,0.1608341038227081,0.0,0.7370616515837104,True
lightgbm,dry,7,district,Uttar Pradesh,Gorakhpur,276,68,0.2463768124580383,0.2207697927951812,0.1749257147312164,0.1608341038227081,-0.0876158138950546,0.6926965497737556,True
lightgbm_uncalibrated,dry,7,district,Uttar Pradesh,Gorakhpur,276,68,0.2463768124580383,0.2103107571601867,0.1764768213033676,0.1608341038227081,-0.0972599536346028,0.6932268099547512,True
lightgbm_isotonic_val,dry,7,district,Uttar Pradesh,Gorakhpur,276,68,0.2463768124580383,0.1469601094722747,0.1824490576982498,0.1608341038227081,-0.1343928517758177,0.7160279977375567,True
lightgbm_isotonic_cv,dry,7,district,Uttar Pradesh,Gorakhpur,276,68,0.2463768124580383,0.2207697927951812,0.1749257147312164,0.1608341038227081,-0.0876158138950546,0.6926965497737556,True
lightgbm_platt_cv,dry,7,district,Uttar Pradesh,Gorakhpur,276,68,0.2463768124580383,0.2212624847888946,0.1740120351314544,0.1608341038227081,-0.08193493168136,0.6932268099547512,True
climatology,dry,7,district,Uttar Pradesh,Jhansi,552,146,0.2644927501678467,0.2958590090274811,0.1265164315700531,0.1265164315700531,0.0,0.8520733517781226,True
lightgbm,dry,7,district,Uttar Pradesh,Jhansi,552,146,0.2644927501678467,0.2945442497730255,0.1348122805356979,0.1265164315700531,-0.0655713164107965,0.8478220527700924,True
lightgbm_uncalibrated,dry,7,district,Uttar Pradesh,Jhansi,552,146,0.2644927501678467,0.2851158082485199,0.1322662234306335,0.1265164315700531,-0.0454469967989632,0.8494162898981038,True
lightgbm_isotonic_val,dry,7,district,Uttar Pradesh,Jhansi,552,146,0.2644927501678467,0.2249808609485626,0.1408860087394714,0.1265164315700531,-0.1135787422320855,0.8338113233011674,True
lightgbm_isotonic_cv,dry,7,district,Uttar Pradesh,Jhansi,552,146,0.2644927501678467,0.2945442497730255,0.1348122805356979,0.1265164315700531,-0.0655713164107965,0.8478220527700924,True
lightgbm_platt_cv,dry,7,district,Uttar Pradesh,Jhansi,552,146,0.2644927501678467,0.2920721769332886,0.1326308846473693,0.1265164315700531,-0.0483293197684813,0.8494162898981038,True
climatology,dry,14,overall,all,all,4110,1286,0.3128953874111175,0.356523185968399,0.1785047203302383,0.1785047203302383,0.0,0.7432022896391296,True
lightgbm,dry,14,overall,all,all,4110,1286,0.3128953874111175,0.357938677072525,0.1751534789800644,0.1785047203302383,0.0187739648787665,0.772445220703237,True
lightgbm_uncalibrated,dry,14,overall,all,all,4110,1286,0.3128953874111175,0.355781614780426,0.1742540597915649,0.1785047203302383,0.0238125945958715,0.7731140601112878,True
lightgbm_isotonic_val,dry,14,overall,all,all,4110,1286,0.3128953874111175,0.237362340092659,0.1810293197631836,0.1785047203302383,-0.0141430401855742,0.766628052595174,True
lightgbm_isotonic_cv,dry,14,overall,all,all,4110,1286,0.3128953874111175,0.357938677072525,0.1751534789800644,0.1785047203302383,0.0187739648787665,0.772445220703237,True
lightgbm_platt_cv,dry,14,overall,all,all,4110,1286,0.3128953874111175,0.3581382632255554,0.1742589324712753,0.1785047203302383,0.023785297392182,0.7731140601112878,True
climatology,dry,14,state,Bihar,all,274,36,0.131386861205101,0.2183112055063247,0.0924917459487915,0.0924917459487915,0.0,0.819094304388422,True
lightgbm,dry,14,state,Bihar,all,274,36,0.131386861205101,0.2141943424940109,0.0973608791828155,0.0924917459487915,-0.0526439757848216,0.7979691876750701,True
lightgbm_uncalibrated,dry,14,state,Bihar,all,274,36,0.131386861205101,0.2058586925268173,0.094932846724987,0.0924917459487915,-0.0263926337550925,0.7951680672268908,True
lightgbm_isotonic_val,dry,14,state,Bihar,all,274,36,0.131386861205101,0.1225445568561554,0.0906171426177024,0.0924917459487915,0.020267790513187,0.7931839402427638,True
lightgbm_isotonic_cv,dry,14,state,Bihar,all,274,36,0.131386861205101,0.2141943424940109,0.0973608791828155,0.0924917459487915,-0.0526439757848216,0.7979691876750701,True
lightgbm_platt_cv,dry,14,state,Bihar,all,274,36,0.131386861205101,0.213654413819313,0.0963428691029548,0.0924917459487915,-0.041637479265399,0.7951680672268908,True
climatology,dry,14,state,Madhya Pradesh,all,1233,315,0.2554744482040405,0.3618427515029907,0.1659015417098999,0.1659015417098999,0.0,0.7656586091226614,True
lightgbm,dry,14,state,Madhya Pradesh,all,1233,315,0.2554744482040405,0.3569117784500122,0.1618120074272155,0.1659015417098999,0.0246503693729103,0.7918421689663521,True
lightgbm_uncalibrated,dry,14,state,Madhya Pradesh,all,1233,315,0.2554744482040405,0.3560183048248291,0.1617719084024429,0.1659015417098999,0.0248920731229741,0.7936922917315075,True
lightgbm_isotonic_val,dry,14,state,Madhya Pradesh,all,1233,315,0.2554744482040405,0.2483660280704498,0.1517846286296844,0.1659015417098999,0.0850921150865534,0.7841494622540375,True
lightgbm_isotonic_cv,dry,14,state,Madhya Pradesh,all,1233,315,0.2554744482040405,0.3569117784500122,0.1618120074272155,0.1659015417098999,0.0246503693729103,0.7918421689663521,True
lightgbm_platt_cv,dry,14,state,Madhya Pradesh,all,1233,315,0.2554744482040405,0.3583951592445373,0.1612867563962936,0.1659015417098999,0.0278164100588999,0.7936922917315075,True
climatology,dry,14,state,Maharashtra,all,1781,631,0.3542953431606293,0.3678814768791199,0.2129243314266204,0.2129243314266204,0.0,0.6239185557775787,True
lightgbm,dry,14,state,Maharashtra,all,1781,631,0.3542953431606293,0.380907654762268,0.1998350620269775,0.2129243314266204,0.0614738076759154,0.7139874595190518,True
lightgbm_uncalibrated,dry,14,state,Maharashtra,all,1781,631,0.3542953431606293,0.3790565729141235,0.19879712164402,0.2129243314266204,0.0663484989617967,0.7140694549714051,True
lightgbm_isotonic_val,dry,14,state,Maharashtra,all,1781,631,0.3542953431606293,0.24286550283432,0.2125921100378036,0.2129243314266204,0.0015602791216527,0.7057217666919314,True
lightgbm_isotonic_cv,dry,14,state,Maharashtra,all,1781,631,0.3542953431606293,0.380907654762268,0.1998350620269775,0.2129243314266204,0.0614738076759154,0.7139874595190518,True
lightgbm_platt_cv,dry,14,state,Maharashtra,all,1781,631,0.3542953431606293,0.3806019723415375,0.1987984627485275,0.2129243314266204,0.0663422004589509,0.7140694549714051,True
climatology,dry,14,state,Uttar Pradesh,all,822,304,0.3698296844959259,0.3700050413608551,0.1515046805143356,0.1515046805143356,0.0,0.8257436242633611,True
lightgbm,dry,14,state,Uttar Pradesh,all,822,304,0.3698296844959259,0.3576276302337646,0.1676197350025177,0.1515046805143356,-0.106366710477022,0.8041429587482221,True
lightgbm_uncalibrated,dry,14,state,Uttar Pradesh,all,822,304,0.3698296844959259,0.3549716770648956,0.1662410944700241,0.1515046805143356,-0.0972670540980025,0.8043398191424507,True
lightgbm_isotonic_val,dry,14,state,Uttar Pradesh,all,822,304,0.3698296844959259,0.2472059279680252,0.1866477280855178,0.1515046805143356,-0.2319601444118879,0.8075626143060353,True
lightgbm_isotonic_cv,dry,14,state,Uttar Pradesh,all,822,304,0.3698296844959259,0.3576276302337646,0.1676197350025177,0.1515046805143356,-0.106366710477022,0.8041429587482221,True
lightgbm_platt_cv,dry,14,state,Uttar Pradesh,all,822,304,0.3698296844959259,0.3572427332401275,0.166520357131958,0.1515046805143356,-0.0991103150519601,0.8043398191424507,True
climatology,dry,14,district,Bihar,Gaya,137,25,0.1824817508459091,0.2875606715679168,0.1103036329150199,0.1103036329150199,0.0,0.8601785714285713,True
lightgbm,dry,14,district,Bihar,Gaya,137,25,0.1824817508459091,0.2749636471271515,0.1213106289505958,0.1103036329150199,-0.0997881551558312,0.8375,True
lightgbm_uncalibrated,dry,14,district,Bihar,Gaya,137,25,0.1824817508459091,0.2670302987098694,0.1169394329190254,0.1103036329150199,-0.060159396645782,0.8346428571428572,True
lightgbm_isotonic_val,dry,14,district,Bihar,Gaya,137,25,0.1824817508459091,0.1549059450626373,0.1118694543838501,0.1103036329150199,-0.0141955566416969,0.8416071428571428,True
lightgbm_isotonic_cv,dry,14,district,Bihar,Gaya,137,25,0.1824817508459091,0.2749636471271515,0.1213106289505958,0.1103036329150199,-0.0997881551558312,0.8375,True
lightgbm_platt_cv,dry,14,district,Bihar,Gaya,137,25,0.1824817508459091,0.2733340263366699,0.1187216192483902,0.1103036329150199,-0.0763164921309127,0.8346428571428572,True
climatology,dry,14,district,Bihar,Purnia,137,11,0.0802919715642929,0.1490617245435714,0.0746798813343048,0.0746798813343048,0.0,0.705988455988456,True
lightgbm,dry,14,district,Bihar,Purnia,137,11,0.0802919715642929,0.1534250676631927,0.0734111294150352,0.0746798813343048,0.0169892064181247,0.6746031746031745,True
lightgbm_uncalibrated,dry,14,district,Bihar,Purnia,137,11,0.0802919715642929,0.1446870863437652,0.0729262679815292,0.0746798813343048,0.0234817372690445,0.6645021645021645,True
lightgbm_isotonic_val,dry,14,district,Bihar,Purnia,137,11,0.0802919715642929,0.0901831611990928,0.0693648234009742,0.0746798813343048,0.0711712155719377,0.6583694083694084,True
lightgbm_isotonic_cv,dry,14,district,Bihar,Purnia,137,11,0.0802919715642929,0.1534250676631927,0.0734111294150352,0.0746798813343048,0.0169892064181247,0.6746031746031745,True
lightgbm_platt_cv,dry,14,district,Bihar,Purnia,137,11,0.0802919715642929,0.1539748162031173,0.0739640966057777,0.0746798813343048,0.0095847062922188,0.6645021645021645,True
climatology,dry,14,district,Madhya Pradesh,Indore,548,157,0.2864963412284851,0.3904991447925567,0.2002243399620056,0.2002243399620056,0.0,0.6866193167934579,True
lightgbm,dry,14,district,Madhya Pradesh,Indore,548,157,0.2864963412284851,0.3864495456218719,0.1835709661245346,0.2002243399620056,0.0831735734058662,0.7570169579878475,True
lightgbm_uncalibrated,dry,14,district,Madhya Pradesh,Indore,548,157,0.2864963412284851,0.3850889503955841,0.1835801005363464,0.2002243399620056,0.0831279525197464,0.758108394285435,True
lightgbm_isotonic_val,dry,14,district,Madhya Pradesh,Indore,548,157,0.2864963412284851,0.2693782746791839,0.1760855168104171,0.2002243399620056,0.1205588848796754,0.7433006988450324,True
lightgbm_isotonic_cv,dry,14,district,Madhya Pradesh,Indore,548,157,0.2864963412284851,0.3864495456218719,0.1835709661245346,0.2002243399620056,0.0831735734058662,0.7570169579878475,True
lightgbm_platt_cv,dry,14,district,Madhya Pradesh,Indore,548,157,0.2864963412284851,0.3865545392036438,0.1828415095806121,0.2002243399620056,0.0868167695530522,0.758108394285435,True
climatology,dry,14,district,Madhya Pradesh,Sehore,685,158,0.2306569367647171,0.3389175832271576,0.1384433060884475,0.1384433060884475,0.0,0.8153748228568685,True
lightgbm,dry,14,district,Madhya Pradesh,Sehore,685,158,0.2306569367647171,0.333281546831131,0.1444048285484314,0.1384433060884475,-0.0430611102004105,0.8123964163043739,True
lightgbm_uncalibrated,dry,14,district,Madhya Pradesh,Sehore,685,158,0.2306569367647171,0.3327617943286896,0.1443253606557846,0.1384433060884475,-0.0424870998355033,0.8149304638147623,True
lightgbm_isotonic_val,dry,14,district,Madhya Pradesh,Sehore,685,158,0.2306569367647171,0.2315562516450882,0.132343903183937,0.1384433060884475,0.0440570445537739,0.8041577594696514,True
lightgbm_isotonic_cv,dry,14,district,Madhya Pradesh,Sehore,685,158,0.2306569367647171,0.333281546831131,0.1444048285484314,0.1384433060884475,-0.0430611102004105,0.8123964163043739,True
lightgbm_platt_cv,dry,14,district,Madhya Pradesh,Sehore,685,158,0.2306569367647171,0.3358676433563232,0.14404296875,0.1384433060884475,-0.0404473341453934,0.8149304638147623,True
climatology,dry,14,district,Maharashtra,Bid,1096,431,0.3932481706142425,0.3953185379505157,0.2212258428335189,0.2212258428335189,0.0,0.6162203652983969,True
lightgbm,dry,14,district,Maharashtra,Bid,1096,431,0.3932481706142425,0.4036062955856323,0.2103845775127411,0.2212258428335189,0.0490054198999543,0.7008460827242119,True
lightgbm_uncalibrated,dry,14,district,Maharashtra,Bid,1096,431,0.3932481706142425,0.4053262174129486,0.2090425491333007,0.2212258428335189,0.0550717472433209,0.7016712314428764,True
lightgbm_isotonic_val,dry,14,district,Maharashtra,Bid,1096,431,0.3932481706142425,0.266503632068634,0.2259934097528457,0.2212258428335189,-0.0215506780684504,0.6955550128220784,True
lightgbm_isotonic_cv,dry,14,district,Maharashtra,Bid,1096,431,0.3932481706142425,0.4036062955856323,0.2103845775127411,0.2212258428335189,0.0490054198999543,0.7008460827242119,True
lightgbm_platt_cv,dry,14,district,Maharashtra,Bid,1096,431,0.3932481706142425,0.405488908290863,0.2089051157236099,0.2212258428335189,0.0556929830263134,0.7016712314428764,True
climatology,dry,14,district,Maharashtra,Latur,685,200,0.2919707894325256,0.3239821791648865,0.1996419429779052,0.1996419429779052,0.0,0.601819587628866,True
lightgbm,dry,14,district,Maharashtra,Latur,685,200,0.2919707894325256,0.3445899188518524,0.1829558163881302,0.1996419429779052,0.0835802654536465,0.7170412371134021,True
lightgbm_uncalibrated,dry,14,district,Maharashtra,Latur,685,200,0.2919707894325256,0.3370251655578613,0.1824044585227966,0.1996419429779052,0.0863419990708883,0.7152319587628866,True
lightgbm_isotonic_val,dry,14,district,Maharashtra,Latur,685,200,0.2919707894325256,0.205044537782669,0.1911500096321106,0.1996419429779052,0.0425358179705478,0.7061443298969071,True
lightgbm_isotonic_cv,dry,14,district,Maharashtra,Latur,685,200,0.2919707894325256,0.3445899188518524,0.1829558163881302,0.1996419429779052,0.0835802654536465,0.7170412371134021,True
lightgbm_platt_cv,dry,14,district,Maharashtra,Latur,685,200,0.2919707894325256,0.3407829105854034,0.1826277673244476,0.1996419429779052,0.0852234525454435,0.7152319587628866,True
climatology,dry,14,district,Uttar Pradesh,Gorakhpur,274,104,0.3795620501041412,0.3164770305156708,0.1842220723628997,0.1842220723628997,0.0,0.7421945701357466,True
lightgbm,dry,14,district,Uttar Pradesh,Gorakhpur,274,104,0.3795620501041412,0.3133799433708191,0.1982194185256958,0.1842220723628997,-0.0759808310875072,0.7296380090497737,True
lightgbm_uncalibrated,dry,14,district,Uttar Pradesh,Gorakhpur,274,104,0.3795620501041412,0.3106001019477844,0.1964109539985656,0.1842220723628997,-0.0661640675263655,0.7257635746606335,True
lightgbm_isotonic_val,dry,14,district,Uttar Pradesh,Gorakhpur,274,104,0.3795620501041412,0.1989099234342575,0.2261405885219574,0.1842220723628997,-0.2275433970609242,0.763037330316742,True
lightgbm_isotonic_cv,dry,14,district,Uttar Pradesh,Gorakhpur,274,104,0.3795620501041412,0.3133799433708191,0.1982194185256958,0.1842220723628997,-0.0759808310875072,0.7296380090497737,True
lightgbm_platt_cv,dry,14,district,Uttar Pradesh,Gorakhpur,274,104,0.3795620501041412,0.3146989345550537,0.1957125514745712,0.1842220723628997,-0.0623729771589818,0.7257635746606335,True
climatology,dry,14,district,Uttar Pradesh,Jhansi,548,200,0.3649635016918182,0.3967689871788025,0.1351459771394729,0.1351459771394729,0.0,0.8700359195402299,True
lightgbm,dry,14,district,Uttar Pradesh,Jhansi,548,200,0.3649635016918182,0.3797515034675598,0.1523198932409286,0.1351459771394729,-0.1270767836746773,0.8431824712643678,True
lightgbm_uncalibrated,dry,14,district,Uttar Pradesh,Jhansi,548,200,0.3649635016918182,0.37715744972229,0.1511561572551727,0.1351459771394729,-0.1184658282442028,0.8450359195402299,True
lightgbm_isotonic_val,dry,14,district,Uttar Pradesh,Jhansi,548,200,0.3649635016918182,0.2713539600372314,0.1669013202190399,0.1351459771394729,-0.2349706868950667,0.8358979885057471,True
lightgbm_isotonic_cv,dry,14,district,Uttar Pradesh,Jhansi,548,200,0.3649635016918182,0.3797515034675598,0.1523198932409286,0.1351459771394729,-0.1270767836746773,0.8431824712643678,True
lightgbm_platt_cv,dry,14,district,Uttar Pradesh,Jhansi,548,200,0.3649635016918182,0.3785146474838257,0.1519242376089096,0.1351459771394729,-0.1241491668828675,0.8450359195402299,True
climatology,dry,21,overall,all,all,4050,1626,0.4014814794063568,0.4424435794353485,0.1902746111154556,0.1902746111154556,0.0,0.7637208024307965,True
lightgbm,dry,21,overall,all,all,4050,1626,0.4014814794063568,0.4410330951213836,0.1894413977861404,0.1902746111154556,0.004379004242503,0.7715262301137862,True
lightgbm_uncalibrated,dry,21,overall,all,all,4050,1626,0.4014814794063568,0.4427643120288849,0.1891546994447708,0.1902746111154556,0.005885765127147,0.7722602287904068,True
lightgbm_isotonic_val,dry,21,overall,all,all,4050,1626,0.4014814794063568,0.2830135822296142,0.2066307067871093,0.1902746111154556,-0.0859604735270178,0.7664212223805407,True
lightgbm_isotonic_cv,dry,21,overall,all,all,4050,1626,0.4014814794063568,0.4410330951213836,0.1894413977861404,0.1902746111154556,0.004379004242503,0.7715262301137862,True
lightgbm_platt_cv,dry,21,overall,all,all,4050,1626,0.4014814794063568,0.4421534836292267,0.1891732066869735,0.1902746111154556,0.0057884991698327,0.7722602287904068,True
climatology,dry,21,state,Bihar,all,270,53,0.196296289563179,0.2802087366580963,0.1058254763484001,0.1058254763484001,0.0,0.8484914355273454,True
lightgbm,dry,21,state,Bihar,all,270,53,0.196296289563179,0.2440052777528762,0.1088279262185096,0.1058254763484001,-0.0283717113658421,0.8223632727588907,True
lightgbm_uncalibrated,dry,21,state,Bihar,all,270,53,0.196296289563179,0.2628942430019378,0.1082381457090377,0.1058254763484001,-0.0227985683966556,0.8234066602904097,True
lightgbm_isotonic_val,dry,21,state,Bihar,all,270,53,0.196296289563179,0.1496741622686386,0.1103541627526283,0.1058254763484001,-0.0427939146649225,0.8317102860620815,True
lightgbm_isotonic_cv,dry,21,state,Bihar,all,270,53,0.196296289563179,0.2440052777528762,0.1088279262185096,0.1058254763484001,-0.0283717113658421,0.8223632727588907,True
lightgbm_platt_cv,dry,21,state,Bihar,all,270,53,0.196296289563179,0.2581053078174591,0.1071579232811927,0.1058254763484001,-0.0125909845036364,0.8234066602904097,True
climatology,dry,21,state,Madhya Pradesh,all,1215,412,0.3390946388244629,0.4398372769355774,0.174576848745346,0.174576848745346,0.0,0.7954893058796504,True
lightgbm,dry,21,state,Madhya Pradesh,all,1215,412,0.3390946388244629,0.4224991202354431,0.170660451054573,0.174576848745346,0.0224336601268695,0.802477662648563,True
lightgbm_uncalibrated,dry,21,state,Madhya Pradesh,all,1215,412,0.3390946388244629,0.425010085105896,0.1717904359102249,0.174576848745346,0.0159609527560304,0.802825266899612,True
lightgbm_isotonic_val,dry,21,state,Madhya Pradesh,all,1215,412,0.3390946388244629,0.2854093909263611,0.1700304448604583,0.174576848745346,0.0260424215327629,0.7913664171976447,True
lightgbm_isotonic_cv,dry,21,state,Madhya Pradesh,all,1215,412,0.3390946388244629,0.4224991202354431,0.170660451054573,0.174576848745346,0.0224336601268695,0.802477662648563,True
lightgbm_platt_cv,dry,21,state,Madhya Pradesh,all,1215,412,0.3390946388244629,0.4236340224742889,0.1718382537364959,0.174576848745346,0.0156870457253176,0.802825266899612,True
climatology,dry,21,state,Maharashtra,all,1755,791,0.4507122635841369,0.4665188491344452,0.2302334904670715,0.2302334904670715,0.0,0.6440898909411377,True
lightgbm,dry,21,state,Maharashtra,all,1755,791,0.4507122635841369,0.4904890656471252,0.2229464650154113,0.2302334904670715,0.0316505884390541,0.6861141419811049,True
lightgbm_uncalibrated,dry,21,state,Maharashtra,all,1755,791,0.4507122635841369,0.4886451661586761,0.2223846912384033,0.2302334904670715,0.0340906060744918,0.687443280473795,True
lightgbm_isotonic_val,dry,21,state,Maharashtra,all,1755,791,0.4507122635841369,0.2966739535331726,0.2483866214752197,0.2302334904670715,-0.0788466133720215,0.679374681977223,True
lightgbm_isotonic_cv,dry,21,state,Maharashtra,all,1755,791,0.4507122635841369,0.4904890656471252,0.2229464650154113,0.2302334904670715,0.0316505884390541,0.6861141419811049,True
lightgbm_platt_cv,dry,21,state,Maharashtra,all,1755,791,0.4507122635841369,0.4894826114177704,0.2226710021495819,0.2302334904670715,0.0328470384658101,0.687443280473795,True
climatology,dry,21,state,Uttar Pradesh,all,810,370,0.4567901194095611,0.4482682347297668,0.1553933918476104,0.1553933918476104,0.0,0.8356818181818182,True
lightgbm,dry,21,state,Uttar Pradesh,all,810,370,0.4567901194095611,0.4273554980754852,0.1718896776437759,0.1553933918476104,-0.1061582194714101,0.8119963144963145,True
lightgbm_uncalibrated,dry,21,state,Uttar Pradesh,all,810,370,0.4567901194095611,0.429943710565567,0.1701749414205551,0.1553933918476104,-0.0951234116019583,0.8129944717444718,True
lightgbm_isotonic_val,dry,21,state,Uttar Pradesh,all,810,370,0.4567901194095611,0.2942688465118408,0.2031521201133728,0.1553933918476104,-0.3073407929250804,0.809345823095823,True
lightgbm_isotonic_cv,dry,21,state,Uttar Pradesh,all,810,370,0.4567901194095611,0.4273554980754852,0.1718896776437759,0.1553933918476104,-0.1061582194714101,0.8119963144963145,True
lightgbm_platt_cv,dry,21,state,Uttar Pradesh,all,810,370,0.4567901194095611,0.4287354946136474,0.1699355691671371,0.1553933918476104,-0.0935829841064781,0.8129944717444718,True
climatology,dry,21,district,Bihar,Gaya,135,35,0.2592592537403106,0.3582713901996612,0.1258197873830795,0.1258197873830795,0.0,0.868,True
lightgbm,dry,21,district,Bihar,Gaya,135,35,0.2592592537403106,0.3343613743782043,0.1391390562057495,0.1258197873830795,-0.1058598897653293,0.8184285714285714,True
lightgbm_uncalibrated,dry,21,district,Bihar,Gaya,135,35,0.2592592537403106,0.3416431546211242,0.1384630799293518,0.1258197873830795,-0.1004873145094231,0.8205714285714285,True
lightgbm_isotonic_val,dry,21,district,Bihar,Gaya,135,35,0.2592592537403106,0.2061333209276199,0.1396664828062057,0.1258197873830795,-0.1100518106978485,0.8442857142857143,True
lightgbm_isotonic_cv,dry,21,district,Bihar,Gaya,135,35,0.2592592537403106,0.3343613743782043,0.1391390562057495,0.1258197873830795,-0.1058598897653293,0.8184285714285714,True
lightgbm_platt_cv,dry,21,district,Bihar,Gaya,135,35,0.2592592537403106,0.3380409777164459,0.1372617334127426,0.1258197873830795,-0.0909391620161155,0.8205714285714285,True
climatology,dry,21,district,Bihar,Purnia,135,18,0.1333333402872085,0.2021460384130478,0.0858311504125595,0.0858311504125595,0.0,0.7808641975308641,True
lightgbm,dry,21,district,Bihar,Purnia,135,18,0.1333333402872085,0.1536491364240646,0.0785167887806892,0.0858311504125595,0.0852180309446251,0.7580721747388414,True
lightgbm_uncalibrated,dry,21,district,Bihar,Purnia,135,18,0.1333333402872085,0.1841453313827514,0.0780132189393043,0.0858311504125595,0.0910850132577411,0.7549857549857549,True
lightgbm_isotonic_val,dry,21,district,Bihar,Purnia,135,18,0.1333333402872085,0.093215025961399,0.0810418277978897,0.0858311504125595,0.0557993524687627,0.7552231718898386,True
lightgbm_isotonic_cv,dry,21,district,Bihar,Purnia,135,18,0.1333333402872085,0.1536491364240646,0.0785167887806892,0.0858311504125595,0.0852180309446251,0.7580721747388414,True
lightgbm_platt_cv,dry,21,district,Bihar,Purnia,135,18,0.1333333402872085,0.1781696677207946,0.0770541280508041,0.0858311504125595,0.1022591718690403,0.7549857549857549,True
climatology,dry,21,district,Madhya Pradesh,Indore,540,209,0.3870370388031006,0.4737509489059448,0.2132525742053985,0.2132525742053985,0.0,0.7111695745818817,True
lightgbm,dry,21,district,Madhya Pradesh,Indore,540,209,0.3870370388031006,0.4700604379177093,0.202848806977272,0.2132525742053985,0.0487861272807236,0.7377021928619957,True
lightgbm_uncalibrated,dry,21,district,Madhya Pradesh,Indore,540,209,0.3870370388031006,0.4658912420272827,0.2023306638002395,0.2132525742053985,0.0512158432124685,0.7368493328900388,True
lightgbm_isotonic_val,dry,21,district,Madhya Pradesh,Indore,540,209,0.3870370388031006,0.3018449246883392,0.2031855136156082,0.2132525742053985,0.047207217203831,0.7365313173072754,True
lightgbm_isotonic_cv,dry,21,district,Madhya Pradesh,Indore,540,209,0.3870370388031006,0.4700604379177093,0.202848806977272,0.2132525742053985,0.0487861272807236,0.7377021928619957,True
lightgbm_platt_cv,dry,21,district,Madhya Pradesh,Indore,540,209,0.3870370388031006,0.4654233157634735,0.2027325332164764,0.2132525742053985,0.0493313669395124,0.7368493328900388,True
climatology,dry,21,district,Madhya Pradesh,Sehore,675,203,0.3007407486438751,0.4127063453197479,0.1436362564563751,0.1436362564563751,0.0,0.8488457042665108,True
lightgbm,dry,21,district,Madhya Pradesh,Sehore,675,203,0.3007407486438751,0.3844501078128814,0.1449097394943237,0.1436362564563751,-0.0088660277660146,0.8393900809885615,True
lightgbm_uncalibrated,dry,21,district,Madhya Pradesh,Sehore,675,203,0.3007407486438751,0.3923051357269287,0.1473582684993744,0.1436362564563751,-0.0259127614073519,0.8406529180930116,True
lightgbm_isotonic_val,dry,21,district,Madhya Pradesh,Sehore,675,203,0.3007407486438751,0.2722609341144562,0.1435063928365707,0.1436362564563751,0.0009041144834056,0.8221330466727895,True
lightgbm_isotonic_cv,dry,21,district,Madhya Pradesh,Sehore,675,203,0.3007407486438751,0.3844501078128814,0.1449097394943237,0.1436362564563751,-0.0088660277660146,0.8393900809885615,True
lightgbm_platt_cv,dry,21,district,Madhya Pradesh,Sehore,675,203,0.3007407486438751,0.3902025818824768,0.1471228450536728,0.1436362564563751,-0.0242737361952662,0.8406529180930116,True
climatology,dry,21,district,Maharashtra,Bid,1080,531,0.4916666746139526,0.4964480400085449,0.2333712428808212,0.2333712428808212,0.0,0.6313019048501127,True
lightgbm,dry,21,district,Maharashtra,Bid,1080,531,0.4916666746139526,0.5242939591407776,0.2284820079803466,0.2333712428808212,0.0209504600486333,0.6653648647257984,True
lightgbm_uncalibrated,dry,21,district,Maharashtra,Bid,1080,531,0.4916666746139526,0.5244609713554382,0.2287721484899521,0.2333712428808212,0.0197072027131373,0.6644489724511953,True
lightgbm_isotonic_val,dry,21,district,Maharashtra,Bid,1080,531,0.4916666746139526,0.3245471119880676,0.2586411535739898,0.2333712428808212,-0.1082820247311857,0.6545113697563452,True
lightgbm_isotonic_cv,dry,21,district,Maharashtra,Bid,1080,531,0.4916666746139526,0.5242939591407776,0.2284820079803466,0.2333712428808212,0.0209504600486333,0.6653648647257984,True
lightgbm_platt_cv,dry,21,district,Maharashtra,Bid,1080,531,0.4916666746139526,0.5266588926315308,0.2292685359716415,0.2333712428808212,0.0175801733689822,0.6644489724511953,True
climatology,dry,21,district,Maharashtra,Latur,675,260,0.385185182094574,0.4186322689056396,0.2252130806446075,0.2252130806446075,0.0,0.636371640407785,True
lightgbm,dry,21,district,Maharashtra,Latur,675,260,0.385185182094574,0.4364011883735657,0.2140896320343017,0.2252130806446075,0.0493907750760662,0.6904263206672846,True
lightgbm_uncalibrated,dry,21,district,Maharashtra,Latur,675,260,0.385185182094574,0.4313398897647857,0.2121647596359253,0.2252130806446075,0.0579376693899625,0.6957136237256719,True
lightgbm_isotonic_val,dry,21,district,Maharashtra,Latur,675,260,0.385185182094574,0.2520768642425537,0.2319793701171875,0.2252130806446075,-0.0300439452860081,0.6897451343836887,True
lightgbm_isotonic_cv,dry,21,district,Maharashtra,Latur,675,260,0.385185182094574,0.4364011883735657,0.2140896320343017,0.2252130806446075,0.0493907750760662,0.6904263206672846,True
lightgbm_platt_cv,dry,21,district,Maharashtra,Latur,675,260,0.385185182094574,0.4300005733966827,0.2121148854494094,0.2252130806446075,0.0581591227192854,0.6957136237256719,True
climatology,dry,21,district,Uttar Pradesh,Gorakhpur,270,131,0.4851851761341095,0.3945486545562744,0.1873170286417007,0.1873170286417007,0.0,0.7675325388544127,True
lightgbm,dry,21,district,Uttar Pradesh,Gorakhpur,270,131,0.4851851761341095,0.3810254633426666,0.2030395567417144,0.1873170286417007,-0.0839353913203893,0.7462793124279202,True
lightgbm_uncalibrated,dry,21,district,Uttar Pradesh,Gorakhpur,270,131,0.4851851761341095,0.3866014778614044,0.1991881430149078,0.1873170286417007,-0.0633744537765121,0.7444670218024054,True
lightgbm_isotonic_val,dry,21,district,Uttar Pradesh,Gorakhpur,270,131,0.4851851761341095,0.2550590932369232,0.2469673752784729,0.1873170286417007,-0.3184459366525138,0.7703608105881707,True
lightgbm_isotonic_cv,dry,21,district,Uttar Pradesh,Gorakhpur,270,131,0.4851851761341095,0.3810254633426666,0.2030395567417144,0.1873170286417007,-0.0839353913203893,0.7462793124279202,True
lightgbm_platt_cv,dry,21,district,Uttar Pradesh,Gorakhpur,270,131,0.4851851761341095,0.3842470049858093,0.1995341479778289,0.1873170286417007,-0.0652216161270478,0.7444670218024054,True
climatology,dry,21,district,Uttar Pradesh,Jhansi,540,239,0.442592591047287,0.4751279354095459,0.1394315958023071,0.1394315958023071,0.0,0.874435285450173,True
lightgbm,dry,21,district,Uttar Pradesh,Jhansi,540,239,0.442592591047287,0.4505204260349273,0.1563147157430648,0.1394315958023071,-0.1210853239081868,0.8515061371439692,True
lightgbm_uncalibrated,dry,21,district,Uttar Pradesh,Jhansi,540,239,0.442592591047287,0.4516147673130035,0.1556683629751205,0.1394315958023071,-0.1164496976412339,0.8540777603247196,True
lightgbm_isotonic_val,dry,21,district,Uttar Pradesh,Jhansi,540,239,0.442592591047287,0.313873678445816,0.1812445223331451,0.1394315958023071,-0.2998812879551518,0.8361111497240719,True
lightgbm_isotonic_cv,dry,21,district,Uttar Pradesh,Jhansi,540,239,0.442592591047287,0.4505204260349273,0.1563147157430648,0.1394315958023071,-0.1210853239081868,0.8515061371439692,True
lightgbm_platt_cv,dry,21,district,Uttar Pradesh,Jhansi,540,239,0.442592591047287,0.4509797692298889,0.1551362574100494,0.1394315958023071,-0.1126334495232281,0.8540777603247196,True
climatology,dry,28,overall,all,all,4020,1916,0.4766169190406799,0.5222422480583191,0.1926118284463882,0.1926118284463882,0.0,0.7756593217412703,True
lightgbm,dry,28,overall,all,all,4020,1916,0.4766169190406799,0.519808292388916,0.1945188641548156,0.1926118284463882,-0.0099009272888879,0.7736203830858013,True
lightgbm_uncalibrated,dry,28,overall,all,all,4020,1916,0.4766169190406799,0.522258460521698,0.1942090988159179,0.1926118284463882,-0.008292690965105,0.7749745489255975,True
lightgbm_isotonic_val,dry,28,overall,all,all,4020,1916,0.4766169190406799,0.3365535736083984,0.2220706641674041,0.1926118284463882,-0.1529440635013521,0.7653451870182651,True
lightgbm_isotonic_cv,dry,28,overall,all,all,4020,1916,0.4766169190406799,0.519808292388916,0.1945188641548156,0.1926118284463882,-0.0099009272888879,0.7736203830858013,True
lightgbm_platt_cv,dry,28,overall,all,all,4020,1916,0.4766169190406799,0.5204567909240723,0.1938859522342682,0.1926118284463882,-0.0066149820504641,0.7749745489255975,True
climatology,dry,28,state,Bihar,all,268,67,0.25,0.3424808084964752,0.1157513484358787,0.1157513484358787,0.0,0.8583945941932131,True
lightgbm,dry,28,state,Bihar,all,268,67,0.25,0.2910402715206146,0.1185185611248016,0.1157513484358787,-0.0239065265875135,0.8225291453181853,True
lightgbm_uncalibrated,dry,28,state,Bihar,all,268,67,0.25,0.3151673972606659,0.1216815114021301,0.1157513484358787,-0.0512319125987239,0.8214153115021905,True
lightgbm_isotonic_val,dry,28,state,Bihar,all,268,67,0.25,0.2145910412073135,0.1296344548463821,0.1157513484358787,-0.11993904691481,0.8185564713744709,True
lightgbm_isotonic_cv,dry,28,state,Bihar,all,268,67,0.25,0.2910402715206146,0.1185185611248016,0.1157513484358787,-0.0239065265875135,0.8225291453181853,True
lightgbm_platt_cv,dry,28,state,Bihar,all,268,67,0.25,0.3020488619804382,0.1189436092972755,0.1157513484358787,-0.0275786062498024,0.8214153115021905,True
climatology,dry,28,state,Madhya Pradesh,all,1206,500,0.4145936965942383,0.5150368213653564,0.1840898543596267,0.1840898543596267,0.0,0.8040722379603399,True
lightgbm,dry,28,state,Madhya Pradesh,all,1206,500,0.4145936965942383,0.4906498193740845,0.180902898311615,0.1840898543596267,0.017311959201108,0.796556657223796,True
lightgbm_uncalibrated,dry,28,state,Madhya Pradesh,all,1206,500,0.4145936965942383,0.4958023428916931,0.1827506721019745,0.1840898543596267,0.007274611967676,0.7970212464589235,True
lightgbm_isotonic_val,dry,28,state,Madhya Pradesh,all,1206,500,0.4145936965942383,0.3341360092163086,0.1885111480951309,0.1840898543596267,-0.0240170418455922,0.7733753541076488,True
lightgbm_isotonic_cv,dry,28,state,Madhya Pradesh,all,1206,500,0.4145936965942383,0.4906498193740845,0.180902898311615,0.1840898543596267,0.017311959201108,0.796556657223796,True
lightgbm_platt_cv,dry,28,state,Madhya Pradesh,all,1206,500,0.4145936965942383,0.4914776384830475,0.1822241991758346,0.1840898543596267,0.0101344812851418,0.7970212464589235,True
climatology,dry,28,state,Maharashtra,all,1742,919,0.5275545120239258,0.557161808013916,0.2262318134307861,0.2262318134307861,0.0,0.6690483210526526,True
lightgbm,dry,28,state,Maharashtra,all,1742,919,0.5275545120239258,0.5893599390983582,0.2235082238912582,0.2262318134307861,0.0120389325366087,0.6970014689219224,True
lightgbm_uncalibrated,dry,28,state,Maharashtra,all,1742,919,0.5275545120239258,0.5847460031509399,0.2217796593904495,0.2262318134307861,0.0196796108063674,0.6998434560255548,True
lightgbm_isotonic_val,dry,28,state,Maharashtra,all,1742,919,0.5275545120239258,0.3550928831100464,0.2577504217624664,0.2262318134307861,-0.1393199650115661,0.6904561062066248,True
lightgbm_isotonic_cv,dry,28,state,Maharashtra,all,1742,919,0.5275545120239258,0.5893599390983582,0.2235082238912582,0.2262318134307861,0.0120389325366087,0.6970014689219224,True
lightgbm_platt_cv,dry,28,state,Maharashtra,all,1742,919,0.5275545120239258,0.5876409411430359,0.221932977437973,0.2262318134307861,0.0190019075019628,0.6998434560255548,True
climatology,dry,28,state,Uttar Pradesh,all,804,430,0.53482586145401,0.5173117518424988,0.1581717133522033,0.1581717133522033,0.0,0.8333696057704265,True
lightgbm,dry,28,state,Uttar Pradesh,all,804,430,0.53482586145401,0.4891069829463959,0.1774659603834152,0.1581717133522033,-0.1219829173137239,0.8013804253202338,True
lightgbm_uncalibrated,dry,28,state,Uttar Pradesh,all,804,430,0.53482586145401,0.4955834150314331,0.1758363246917724,0.1581717133522033,-0.1116799645473589,0.8007337395846288,True
lightgbm_isotonic_val,dry,28,state,Uttar Pradesh,all,804,430,0.53482586145401,0.3406656682491302,0.2259158045053482,0.1581717133522033,-0.42829460285543,0.8071663972142769,True
lightgbm_isotonic_cv,dry,28,state,Uttar Pradesh,all,804,430,0.53482586145401,0.4891069829463959,0.1774659603834152,0.1581717133522033,-0.1219829173137239,0.8013804253202338,True
lightgbm_platt_cv,dry,28,state,Uttar Pradesh,all,804,430,0.53482586145401,0.4911625683307647,0.1755907833576202,0.1581717133522033,-0.1101275925780076,0.8007337395846288,True
climatology,dry,28,district,Bihar,Gaya,134,42,0.3134328424930572,0.4264838397502899,0.1334238499403,0.1334238499403,0.0,0.8835403726708074,True
lightgbm,dry,28,district,Bihar,Gaya,134,42,0.3134328424930572,0.3735454678535461,0.1430321633815765,0.1334238499403,-0.0720134627023261,0.8254399585921325,True
lightgbm_uncalibrated,dry,28,district,Bihar,Gaya,134,42,0.3134328424930572,0.3932588696479797,0.1461779177188873,0.1334238499403,-0.0955906143039202,0.8266045548654244,True
lightgbm_isotonic_val,dry,28,district,Bihar,Gaya,134,42,0.3134328424930572,0.2555092871189117,0.157821699976921,0.1334238499403,-0.1828597364529491,0.8315217391304348,True
lightgbm_isotonic_cv,dry,28,district,Bihar,Gaya,134,42,0.3134328424930572,0.3735454678535461,0.1430321633815765,0.1334238499403,-0.0720134627023261,0.8254399585921325,True
lightgbm_platt_cv,dry,28,district,Bihar,Gaya,134,42,0.3134328424930572,0.3825643062591553,0.1427944004535675,0.1334238499403,-0.070231450504991,0.8266045548654244,True
climatology,dry,28,district,Bihar,Purnia,134,25,0.1865671575069427,0.2584777474403381,0.0980788469314575,0.0980788469314575,0.0,0.8121100917431192,True
lightgbm,dry,28,district,Bihar,Purnia,134,25,0.1865671575069427,0.2085350453853607,0.0940049886703491,0.0980788469314575,0.0415365635768069,0.7655045871559635,True
lightgbm_uncalibrated,dry,28,district,Bihar,Purnia,134,25,0.1865671575069427,0.2370758801698684,0.0971850752830505,0.0980788469314575,0.0091127870725437,0.7629357798165137,True
lightgbm_isotonic_val,dry,28,district,Bihar,Purnia,134,25,0.1865671575069427,0.1736728101968765,0.1014472022652626,0.0980788469314575,-0.0343433414970617,0.7611009174311927,True
lightgbm_isotonic_cv,dry,28,district,Bihar,Purnia,134,25,0.1865671575069427,0.2085350453853607,0.0940049886703491,0.0980788469314575,0.0415365635768069,0.7655045871559635,True
lightgbm_platt_cv,dry,28,district,Bihar,Purnia,134,25,0.1865671575069427,0.22153340280056,0.0950928404927253,0.0980788469314575,0.0304449586445374,0.7629357798165137,True
climatology,dry,28,district,Madhya Pradesh,Indore,536,264,0.4925373196601867,0.5555022358894348,0.2167518138885498,0.2167518138885498,0.0,0.7176498440285206,True
lightgbm,dry,28,district,Madhya Pradesh,Indore,536,264,0.4925373196601867,0.5570397973060608,0.2063962072134018,0.2167518138885498,0.0477763322454717,0.7333305481283423,True
lightgbm_uncalibrated,dry,28,district,Madhya Pradesh,Indore,536,264,0.4925373196601867,0.5522637963294983,0.2070682644844055,0.2167518138885498,0.0446757479460975,0.7336856617647058,True
lightgbm_isotonic_val,dry,28,district,Madhya Pradesh,Indore,536,264,0.4925373196601867,0.355646550655365,0.2287780344486236,0.2167518138885498,-0.055483828920839,0.7234152183600713,True
lightgbm_isotonic_cv,dry,28,district,Madhya Pradesh,Indore,536,264,0.4925373196601867,0.5570397973060608,0.2063962072134018,0.2167518138885498,0.0477763322454717,0.7333305481283423,True
lightgbm_platt_cv,dry,28,district,Madhya Pradesh,Indore,536,264,0.4925373196601867,0.5515316128730774,0.2070653438568115,0.2167518138885498,0.0446892224704468,0.7336856617647058,True
climatology,dry,28,district,Madhya Pradesh,Sehore,670,236,0.3522388041019439,0.4826644659042358,0.1579602807760238,0.1579602807760238,0.0,0.8543163711630086,True
lightgbm,dry,28,district,Madhya Pradesh,Sehore,670,236,0.3522388041019439,0.4375379085540771,0.160508245229721,0.1579602807760238,-0.016130412285795,0.8243136374287277,True
lightgbm_uncalibrated,dry,28,district,Madhya Pradesh,Sehore,670,236,0.3522388041019439,0.4506331384181976,0.1632965952157974,0.1579602807760238,-0.0337826345557088,0.8250458876825744,True
lightgbm_isotonic_val,dry,28,district,Madhya Pradesh,Sehore,670,236,0.3522388041019439,0.3169275522232055,0.1562976390123367,0.1579602807760238,0.0105256951653854,0.7931783566351637,True
lightgbm_isotonic_cv,dry,28,district,Madhya Pradesh,Sehore,670,236,0.3522388041019439,0.4375379085540771,0.160508245229721,0.1579602807760238,-0.016130412285795,0.8243136374287277,True
lightgbm_platt_cv,dry,28,district,Madhya Pradesh,Sehore,670,236,0.3522388041019439,0.4434344470500946,0.1623512655496597,0.1579602807760238,-0.027798030948438,0.8250458876825744,True
climatology,dry,28,district,Maharashtra,Bid,1072,618,0.5764925479888916,0.5873382091522217,0.2270938903093338,0.2270938903093338,0.0,0.6420669204339705,True
lightgbm,dry,28,district,Maharashtra,Bid,1072,618,0.5764925479888916,0.6237456202507019,0.2221509516239166,0.2270938903093338,0.0217660575486385,0.6767799352750808,True
lightgbm_uncalibrated,dry,28,district,Maharashtra,Bid,1072,618,0.5764925479888916,0.6196002960205078,0.2200665771961212,0.2270938903093338,0.0309445274095239,0.6797399597964158,True
lightgbm_isotonic_val,dry,28,district,Maharashtra,Bid,1072,618,0.5764925479888916,0.3763262033462524,0.2647624909877777,0.2270938903093338,-0.1658723650695048,0.6723978158903953,True
lightgbm_isotonic_cv,dry,28,district,Maharashtra,Bid,1072,618,0.5764925479888916,0.6237456202507019,0.2221509516239166,0.2270938903093338,0.0217660575486385,0.6767799352750808,True
lightgbm_platt_cv,dry,28,district,Maharashtra,Bid,1072,618,0.5764925479888916,0.625508725643158,0.2206520289182663,0.2270938903093338,0.0283665112359156,0.6797399597964158,True
climatology,dry,28,district,Maharashtra,Latur,670,301,0.4492537379264831,0.508879542350769,0.2248524725437164,0.2248524725437164,0.0,0.6713439393530147,True
lightgbm,dry,28,district,Maharashtra,Latur,670,301,0.4492537379264831,0.5343430638313293,0.2256798148155212,0.2248524725437164,-0.0036794893222442,0.6834535288874484,True
lightgbm_uncalibrated,dry,28,district,Maharashtra,Latur,670,301,0.4492537379264831,0.5289790630340576,0.224520593881607,0.2248524725437164,0.001475984045694,0.6849570987404227,True
lightgbm_isotonic_val,dry,28,district,Maharashtra,Latur,670,301,0.4492537379264831,0.3211194276809692,0.2465312033891677,0.2248524725437164,-0.0964131307972897,0.6758636523242308,True
lightgbm_isotonic_cv,dry,28,district,Maharashtra,Latur,670,301,0.4492537379264831,0.5343430638313293,0.2256798148155212,0.2248524725437164,-0.0036794893222442,0.6834535288874484,True
lightgbm_platt_cv,dry,28,district,Maharashtra,Latur,670,301,0.4492537379264831,0.5270525217056274,0.2239824831485748,0.2248524725437164,0.0038691564531159,0.6849570987404227,True
climatology,dry,28,district,Uttar Pradesh,Gorakhpur,268,153,0.5708954930305481,0.4654238224029541,0.1983397006988525,0.1983397006988525,0.0,0.7499005399261154,True
lightgbm,dry,28,district,Uttar Pradesh,Gorakhpur,268,153,0.5708954930305481,0.4362959861755371,0.2248346209526062,0.1983397006988525,-0.1335835445974682,0.7061949417448138,True
lightgbm_uncalibrated,dry,28,district,Uttar Pradesh,Gorakhpur,268,153,0.5708954930305481,0.4487740099430084,0.2174339741468429,0.1983397006988525,-0.0962705569319277,0.6975845410628019,True
lightgbm_isotonic_val,dry,28,district,Uttar Pradesh,Gorakhpur,268,153,0.5708954930305481,0.3071354627609253,0.2757452428340912,0.1983397006988525,-0.3902675150890073,0.7396135265700482,True
lightgbm_isotonic_cv,dry,28,district,Uttar Pradesh,Gorakhpur,268,153,0.5708954930305481,0.4362959861755371,0.2248346209526062,0.1983397006988525,-0.1335835445974682,0.7061949417448138,True
lightgbm_platt_cv,dry,28,district,Uttar Pradesh,Gorakhpur,268,153,0.5708954930305481,0.4417215585708618,0.2205393314361572,0.1983397006988525,-0.1119273179251758,0.6975845410628019,True
climatology,dry,28,district,Uttar Pradesh,Jhansi,536,277,0.516791045665741,0.5432558059692383,0.1380877196788787,0.1380877196788787,0.0,0.8798419357986145,True
lightgbm,dry,28,district,Uttar Pradesh,Jhansi,536,277,0.516791045665741,0.5155124664306641,0.1537816077470779,0.1380877196788787,-0.1136515839691978,0.8591988068522365,True
lightgbm_uncalibrated,dry,28,district,Uttar Pradesh,Jhansi,536,277,0.516791045665741,0.5189881324768066,0.155037522315979,0.1380877196788787,-0.1227466329121573,0.8609341677933736,True
lightgbm_isotonic_val,dry,28,district,Uttar Pradesh,Jhansi,536,277,0.516791045665741,0.3574307560920715,0.2010010629892349,0.1380877196788787,-0.4556041873720582,0.8444865701183392,True
lightgbm_isotonic_cv,dry,28,district,Uttar Pradesh,Jhansi,536,277,0.516791045665741,0.5155124664306641,0.1537816077470779,0.1380877196788787,-0.1136515839691978,0.8591988068522365,True
lightgbm_platt_cv,dry,28,district,Uttar Pradesh,Jhansi,536,277,0.516791045665741,0.5158831477165222,0.1531165093183517,0.1380877196788787,-0.1088350917403968,0.8609341677933736,True
climatology,heavy,7,overall,all,all,4140,212,0.0512077286839485,0.0455772131681442,0.0477856248617172,0.0477856248617172,0.0,0.7101830592168465,True
lightgbm,heavy,7,overall,all,all,4140,212,0.0512077286839485,0.0452897362411022,0.0468442700803279,0.0477856248617172,0.0196995390164582,0.7528040099143066,True
lightgbm_uncalibrated,heavy,7,overall,all,all,4140,212,0.0512077286839485,0.0407910756766796,0.0472130477428436,0.0477856248617172,0.0119822042827844,0.7533780213657149,True
lightgbm_isotonic_val,heavy,7,overall,all,all,4140,212,0.0512077286839485,0.0478857085108757,0.0474389120936393,0.0477856248617172,0.0072555871997316,0.7491954232794067,True
lightgbm_isotonic_cv,heavy,7,overall,all,all,4140,212,0.0512077286839485,0.0452897362411022,0.0468442700803279,0.0477856248617172,0.0196995390164582,0.7528040099143066,True
lightgbm_platt_cv,heavy,7,overall,all,all,4140,212,0.0512077286839485,0.0454765371978282,0.0469928979873657,0.0477856248617172,0.0165892331981742,0.7533780213657149,True
climatology,heavy,7,state,Bihar,all,276,11,0.0398550741374492,0.0479183457791805,0.0377140715718269,0.0377140715718269,0.0,0.6869639794168096,True
lightgbm,heavy,7,state,Bihar,all,276,11,0.0398550741374492,0.0555320009589195,0.0382845029234886,0.0377140715718269,-0.0151251595992569,0.6499142367066895,True
lightgbm_uncalibrated,heavy,7,state,Bihar,all,276,11,0.0398550741374492,0.0456765070557594,0.0381371602416038,0.0377140715718269,-0.0112183238813432,0.6346483704974271,True
lightgbm_isotonic_val,heavy,7,state,Bihar,all,276,11,0.0398550741374492,0.0557630136609077,0.0384099595248699,0.0377140715718269,-0.0184516792815025,0.6389365351629502,True
lightgbm_isotonic_cv,heavy,7,state,Bihar,all,276,11,0.0398550741374492,0.0555320009589195,0.0382845029234886,0.0377140715718269,-0.0151251595992569,0.6499142367066895,True
lightgbm_platt_cv,heavy,7,state,Bihar,all,276,11,0.0398550741374492,0.0517889894545078,0.0382336936891078,0.0377140715718269,-0.013777937401729,0.6346483704974271,True
climatology,heavy,7,state,Madhya Pradesh,all,1242,91,0.0732689201831817,0.0714948773384094,0.0658977180719375,0.0658977180719375,0.0,0.7351419215016087,True
lightgbm,heavy,7,state,Madhya Pradesh,all,1242,91,0.0732689201831817,0.0748911723494529,0.0649821758270263,0.0658977180719375,0.013893383135236,0.7384166658710534,True
lightgbm_uncalibrated,heavy,7,state,Madhya Pradesh,all,1242,91,0.0732689201831817,0.0734832063317298,0.0655617862939834,0.0658977180719375,0.0050977755798369,0.7407653163517629,True
lightgbm_isotonic_val,heavy,7,state,Madhya Pradesh,all,1242,91,0.0732689201831817,0.0909806787967681,0.066714771091938,0.0658977180719375,-0.0123988059663693,0.7392377388033339,True
lightgbm_isotonic_cv,heavy,7,state,Madhya Pradesh,all,1242,91,0.0732689201831817,0.0748911723494529,0.0649821758270263,0.0658977180719375,0.013893383135236,0.7384166658710534,True
lightgbm_platt_cv,heavy,7,state,Madhya Pradesh,all,1242,91,0.0732689201831817,0.0765007957816124,0.0652506351470947,0.0658977180719375,0.0098195042829319,0.7407653163517629,True
climatology,heavy,7,state,Maharashtra,all,1794,73,0.0406911931931972,0.0276370700448751,0.038852222263813,0.038852222263813,0.0,0.6562009981453917,True
lightgbm,heavy,7,state,Maharashtra,all,1794,73,0.0406911931931972,0.0216521956026554,0.0374479442834854,0.038852222263813,0.0361440838774247,0.8465649948659986,True
lightgbm_uncalibrated,heavy,7,state,Maharashtra,all,1794,73,0.0406911931931972,0.0172892231494188,0.0379502326250076,0.038852222263813,0.0232159085439368,0.8459759776491846,True
lightgbm_isotonic_val,heavy,7,state,Maharashtra,all,1794,73,0.0406911931931972,0.0163070019334554,0.0373811684548854,0.038852222263813,0.0378627971120631,0.8431781458693178,True
lightgbm_isotonic_cv,heavy,7,state,Maharashtra,all,1794,73,0.0406911931931972,0.0216521956026554,0.0374479442834854,0.038852222263813,0.0361440838774247,0.8465649948659986,True
lightgbm_platt_cv,heavy,7,state,Maharashtra,all,1794,73,0.0406911931931972,0.022423543035984,0.0376573503017425,0.038852222263813,0.0307542758804654,0.8459759776491846,True
climatology,heavy,7,state,Uttar Pradesh,all,828,37,0.0446859896183013,0.0447906367480754,0.0433303639292717,0.0433303639292717,0.0,0.6417295930570266,True
lightgbm,heavy,7,state,Uttar Pradesh,all,828,37,0.0446859896183013,0.0486881881952285,0.0428493693470954,0.0433303639292717,0.0111006356411254,0.6125158027812895,True
lightgbm_uncalibrated,heavy,7,state,Uttar Pradesh,all,828,37,0.0446859896183013,0.0410450845956802,0.0427846685051918,0.0433303639292717,0.0125938343137536,0.615368845457341,True
lightgbm_isotonic_val,heavy,7,state,Uttar Pradesh,all,828,37,0.0446859896183013,0.0490380153059959,0.0433265529572963,0.0433303639292717,8.795153397622713e-05,0.6041958519834627,True
lightgbm_isotonic_cv,heavy,7,state,Uttar Pradesh,all,828,37,0.0446859896183013,0.0486881881952285,0.0428493693470954,0.0433303639292717,0.0111006356411254,0.6125158027812895,True
lightgbm_platt_cv,heavy,7,state,Uttar Pradesh,all,828,37,0.0446859896183013,0.0467841625213623,0.0427530258893966,0.0433303639292717,0.013324098565556,0.615368845457341,True
climatology,heavy,7,district,Bihar,Gaya,138,2,0.0144927538931369,0.0291520897299051,0.0143512999638915,0.0143512999638915,0.0,0.8051470588235294,False
lightgbm,heavy,7,district,Bihar,Gaya,138,2,0.0144927538931369,0.0343723706901073,0.0155010400339961,0.0143512999638915,-0.0801140017278849,0.2058823529411764,False
lightgbm_uncalibrated,heavy,7,district,Bihar,Gaya,138,2,0.0144927538931369,0.0267121586948633,0.0150323379784822,0.0143512999638915,-0.0474547961720723,0.1801470588235293,False
lightgbm_isotonic_val,heavy,7,district,Bihar,Gaya,138,2,0.0144927538931369,0.0351334102451801,0.0162370074540376,0.0143512999638915,-0.1313962843011213,0.181985294117647,False
lightgbm_isotonic_cv,heavy,7,district,Bihar,Gaya,138,2,0.0144927538931369,0.0343723706901073,0.0155010400339961,0.0143512999638915,-0.0801140017278849,0.2058823529411764,False
lightgbm_platt_cv,heavy,7,district,Bihar,Gaya,138,2,0.0144927538931369,0.0327904038131237,0.0152739351615309,0.0143512999638915,-0.0642893117669378,0.1801470588235293,False
climatology,heavy,7,district,Bihar,Purnia,138,9,0.0652173906564712,0.066684603691101,0.0610768422484397,0.0610768422484397,0.0,0.5620155038759691,False
lightgbm,heavy,7,district,Bihar,Purnia,138,9,0.0652173906564712,0.0766916275024414,0.0610679537057876,0.0610768422484397,0.0001455304879053,0.5602928509905254,False
lightgbm_uncalibrated,heavy,7,district,Bihar,Purnia,138,9,0.0652173906564712,0.0646408572793006,0.0612419806420803,0.0610768422484397,-0.002703780804004,0.5357450473729544,False
lightgbm_isotonic_val,heavy,7,district,Bihar,Purnia,138,9,0.0652173906564712,0.076392613351345,0.0605829209089279,0.0610768422484397,0.0080868840190324,0.5598621877691645,False
lightgbm_isotonic_cv,heavy,7,district,Bihar,Purnia,138,9,0.0652173906564712,0.0766916275024414,0.0610679537057876,0.0610768422484397,0.0001455304879053,0.5602928509905254,False
lightgbm_platt_cv,heavy,7,district,Bihar,Purnia,138,9,0.0652173906564712,0.0707875788211822,0.0611934587359428,0.0610768422484397,-0.0019093404833978,0.5357450473729544,False
climatology,heavy,7,district,Madhya Pradesh,Indore,552,24,0.0434782616794109,0.0707723125815391,0.046249933540821,0.046249933540821,0.0,0.6264599116161617,True
lightgbm,heavy,7,district,Madhya Pradesh,Indore,552,24,0.0434782616794109,0.0728341937065124,0.0434320606291294,0.046249933540821,0.0609270694238848,0.6638257575757576,True
lightgbm_uncalibrated,heavy,7,district,Madhya Pradesh,Indore,552,24,0.0434782616794109,0.0709868222475051,0.0451210178434848,0.046249933540821,0.0244090231251855,0.6577888257575757,True
lightgbm_isotonic_val,heavy,7,district,Madhya Pradesh,Indore,552,24,0.0434782616794109,0.0862178653478622,0.0486077070236206,0.046249933540821,-0.0509789593690661,0.6593671085858587,True
lightgbm_isotonic_cv,heavy,7,district,Madhya Pradesh,Indore,552,24,0.0434782616794109,0.0728341937065124,0.0434320606291294,0.046249933540821,0.0609270694238848,0.6638257575757576,True
lightgbm_platt_cv,heavy,7,district,Madhya Pradesh,Indore,552,24,0.0434782616794109,0.0741717219352722,0.0445880815386772,0.046249933540821,0.0359319868141448,0.6577888257575757,True
climatology,heavy,7,district,Madhya Pradesh,Sehore,690,67,0.0971014499664306,0.0720729306340217,0.0816159322857856,0.0816159322857856,0.0,0.7737116983301789,True
lightgbm,heavy,7,district,Madhya Pradesh,Sehore,690,67,0.0971014499664306,0.0765367448329925,0.0822222754359245,0.0816159322857856,-0.0074292253137009,0.765123020531372,True
lightgbm_uncalibrated,heavy,7,district,Madhya Pradesh,Sehore,690,67,0.0971014499664306,0.0754803046584129,0.081914409995079,0.0816159322857856,-0.003657101021014,0.7705373613473563,True
lightgbm_isotonic_val,heavy,7,district,Madhya Pradesh,Sehore,690,67,0.0971014499664306,0.0947909131646156,0.0812004283070564,0.0816159322857856,0.0050909665195555,0.7664406698449965,True
lightgbm_isotonic_cv,heavy,7,district,Madhya Pradesh,Sehore,690,67,0.0971014499664306,0.0765367448329925,0.0822222754359245,0.0816159322857856,-0.0074292253137009,0.765123020531372,True
lightgbm_platt_cv,heavy,7,district,Madhya Pradesh,Sehore,690,67,0.0971014499664306,0.0783640518784523,0.0817806795239448,0.0816159322857856,-0.002018567129544,0.7705373613473563,True
climatology,heavy,7,district,Maharashtra,Bid,1104,42,0.0380434766411781,0.0253663212060928,0.0365865193307399,0.0365865193307399,0.0,0.6436306160882432,True
lightgbm,heavy,7,district,Maharashtra,Bid,1104,42,0.0380434766411781,0.0198987927287817,0.0355104692280292,0.0365865193307399,0.029411108856333,0.821820912922608,True
lightgbm_uncalibrated,heavy,7,district,Maharashtra,Bid,1104,42,0.0380434766411781,0.0160291399806737,0.0359794683754444,0.0365865193307399,0.016592202986238,0.8189848444085732,True
lightgbm_isotonic_val,heavy,7,district,Maharashtra,Bid,1104,42,0.0380434766411781,0.0142586417496204,0.0354857482016086,0.0365865193307399,0.0300867956085248,0.8172473320778405,True
lightgbm_isotonic_cv,heavy,7,district,Maharashtra,Bid,1104,42,0.0380434766411781,0.0198987927287817,0.0355104692280292,0.0365865193307399,0.029411108856333,0.821820912922608,True
lightgbm_platt_cv,heavy,7,district,Maharashtra,Bid,1104,42,0.0380434766411781,0.0210327319800853,0.0357097946107387,0.0365865193307399,0.0239630534972644,0.8189848444085732,True
climatology,heavy,7,district,Maharashtra,Latur,690,31,0.0449275374412536,0.0312702618539333,0.042477361857891,0.042477361857891,0.0,0.6704684517108033,True
lightgbm,heavy,7,district,Maharashtra,Latur,690,31,0.0449275374412536,0.0244576390832662,0.0405479110777378,0.042477361857891,0.045423037019302,0.8906211757795292,True
lightgbm_uncalibrated,heavy,7,district,Maharashtra,Latur,690,31,0.0449275374412536,0.0193053595721721,0.0411034598946571,0.042477361857891,0.0323443336201143,0.8939008272553722,True
lightgbm_isotonic_val,heavy,7,district,Maharashtra,Latur,690,31,0.0449275374412536,0.0195843819528818,0.0404138527810573,0.042477361857891,0.0485790309609442,0.8875862744138235,True
lightgbm_isotonic_cv,heavy,7,district,Maharashtra,Latur,690,31,0.0449275374412536,0.0244576390832662,0.0405479110777378,0.042477361857891,0.045423037019302,0.8906211757795292,True
lightgbm_platt_cv,heavy,7,district,Maharashtra,Latur,690,31,0.0449275374412536,0.0246488377451896,0.0407734364271163,0.042477361857891,0.0401137301434869,0.8939008272553722,True
climatology,heavy,7,district,Uttar Pradesh,Gorakhpur,276,8,0.0289855077862739,0.0507983192801475,0.0306166429072618,0.0306166429072618,0.0,0.5345149253731343,False
lightgbm,heavy,7,district,Uttar Pradesh,Gorakhpur,276,8,0.0289855077862739,0.0512068085372448,0.0300618316978216,0.0306166429072618,0.0181212293954226,0.4479944029850746,False
lightgbm_uncalibrated,heavy,7,district,Uttar Pradesh,Gorakhpur,276,8,0.0289855077862739,0.0436895824968814,0.0297713633626699,0.0306166429072618,0.0276084986571605,0.4538246268656716,False
lightgbm_isotonic_val,heavy,7,district,Uttar Pradesh,Gorakhpur,276,8,0.0289855077862739,0.0528240762650966,0.0315617620944976,0.0306166429072618,-0.0308694584869611,0.4503264925373134,False
lightgbm_isotonic_cv,heavy,7,district,Uttar Pradesh,Gorakhpur,276,8,0.0289855077862739,0.0512068085372448,0.0300618316978216,0.0306166429072618,0.0181212293954226,0.4479944029850746,False
lightgbm_platt_cv,heavy,7,district,Uttar Pradesh,Gorakhpur,276,8,0.0289855077862739,0.0495399534702301,0.0299646481871604,0.0306166429072618,0.0212954347109921,0.4538246268656716,False
climatology,heavy,7,district,Uttar Pradesh,Jhansi,552,29,0.0525362305343151,0.0417867936193943,0.0496872216463089,0.0496872216463089,0.0,0.6853365860090987,True
lightgbm,heavy,7,district,Uttar Pradesh,Jhansi,552,29,0.0525362305343151,0.047428872436285,0.0492431409657001,0.0496872216463089,0.0089375228860625,0.6603151579086174,True
lightgbm_uncalibrated,heavy,7,district,Uttar Pradesh,Jhansi,552,29,0.0525362305343151,0.0397228375077247,0.0492913164198398,0.0496872216463089,0.0079679485660766,0.6647326432386101,True
lightgbm_isotonic_val,heavy,7,district,Uttar Pradesh,Jhansi,552,29,0.0525362305343151,0.0471449866890907,0.0492089465260505,0.0496872216463089,0.0096257167217531,0.6493703435089339,True
lightgbm_isotonic_cv,heavy,7,district,Uttar Pradesh,Jhansi,552,29,0.0525362305343151,0.047428872436285,0.0492431409657001,0.0496872216463089,0.0089375228860625,0.6603151579086174,True
lightgbm_platt_cv,heavy,7,district,Uttar Pradesh,Jhansi,552,29,0.0525362305343151,0.0454062670469284,0.049147218465805,0.0496872216463089,0.0108680494221991,0.6647326432386101,True
climatology,heavy,14,overall,all,all,4110,399,0.0970802903175354,0.0873143672943115,0.0835893079638481,0.0835893079638481,0.0,0.7185718945707031,True
lightgbm,heavy,14,overall,all,all,4110,399,0.0970802903175354,0.0832560211420059,0.0841907039284706,0.0835893079638481,-0.0071946517954497,0.7349879009028905,True
lightgbm_uncalibrated,heavy,14,overall,all,all,4110,399,0.0970802903175354,0.0781217217445373,0.0850623771548271,0.0835893079638481,-0.0176226987262066,0.7342105600838529,True
lightgbm_isotonic_val,heavy,14,overall,all,all,4110,399,0.0970802903175354,0.0812436416745185,0.0841879621148109,0.0835893079638481,-0.0071618507862483,0.7324674526521099,True
lightgbm_isotonic_cv,heavy,14,overall,all,all,4110,399,0.0970802903175354,0.0832560211420059,0.0841907039284706,0.0835893079638481,-0.0071946517954497,0.7349879009028905,True
lightgbm_platt_cv,heavy,14,overall,all,all,4110,399,0.0970802903175354,0.083416499197483,0.0847738087177276,0.0835893079638481,-0.0141704816409276,0.7342105600838529,True
climatology,heavy,14,state,Bihar,all,274,20,0.0729926973581314,0.092292845249176,0.0636690929532051,0.0636690929532051,0.0,0.7871062992125984,True
lightgbm,heavy,14,state,Bihar,all,274,20,0.0729926973581314,0.0927273705601692,0.0653516352176666,0.0636690929532051,-0.0264263583226815,0.7059055118110237,True
lightgbm_uncalibrated,heavy,14,state,Bihar,all,274,20,0.0729926973581314,0.0839036926627159,0.0653835013508796,0.0636690929532051,-0.0269268544305256,0.6978346456692914,True
lightgbm_isotonic_val,heavy,14,state,Bihar,all,274,20,0.0729926973581314,0.0952163860201835,0.0665485188364982,0.0636690929532051,-0.0452248610704952,0.6753937007874017,True
lightgbm_isotonic_cv,heavy,14,state,Bihar,all,274,20,0.0729926973581314,0.0927273705601692,0.0653516352176666,0.0636690929532051,-0.0264263583226815,0.7059055118110237,True
lightgbm_platt_cv,heavy,14,state,Bihar,all,274,20,0.0729926973581314,0.0902135372161865,0.0655633807182312,0.0636690929532051,-0.0297520771407617,0.6978346456692914,True
climatology,heavy,14,state,Madhya Pradesh,all,1233,178,0.1443633437156677,0.1310871243476867,0.1156202629208564,0.1156202629208564,0.0,0.7304888439214016,True
lightgbm,heavy,14,state,Madhya Pradesh,all,1233,178,0.1443633437156677,0.1399552673101425,0.1208204925060272,0.1156202629208564,-0.044976801244003,0.6795968901432451,True
lightgbm_uncalibrated,heavy,14,state,Madhya Pradesh,all,1233,178,0.1443633437156677,0.1360770463943481,0.122018001973629,0.1156202629208564,-0.0553340642128781,0.6785132328664998,True
lightgbm_isotonic_val,heavy,14,state,Madhya Pradesh,all,1233,178,0.1443633437156677,0.1379836350679397,0.1204525679349899,0.1156202629208564,-0.041794620528075,0.684533255231908,True
lightgbm_isotonic_cv,heavy,14,state,Madhya Pradesh,all,1233,178,0.1443633437156677,0.1399552673101425,0.1208204925060272,0.1156202629208564,-0.044976801244003,0.6795968901432451,True
lightgbm_platt_cv,heavy,14,state,Madhya Pradesh,all,1233,178,0.1443633437156677,0.1418428570032119,0.1216952055692672,0.1156202629208564,-0.0525421971455744,0.6785132328664998,True
climatology,heavy,14,state,Maharashtra,all,1781,120,0.0673778802156448,0.0565091483294963,0.062317818403244,0.062317818403244,0.0,0.6342163355408389,True
lightgbm,heavy,14,state,Maharashtra,all,1781,120,0.0673778802156448,0.0393260978162288,0.0601454228162765,0.062317818403244,0.0348599428322474,0.801096227172386,True
lightgbm_uncalibrated,heavy,14,state,Maharashtra,all,1781,120,0.0673778802156448,0.0356759689748287,0.0610944144427776,0.062317818403244,0.0196316878833919,0.7971779048765804,True
lightgbm_isotonic_val,heavy,14,state,Maharashtra,all,1781,120,0.0673778802156448,0.0346251837909221,0.0601875521242618,0.062317818403244,0.0341839033131375,0.7874272526590408,True
lightgbm_isotonic_cv,heavy,14,state,Maharashtra,all,1781,120,0.0673778802156448,0.0393260978162288,0.0601454228162765,0.062317818403244,0.0348599428322474,0.801096227172386,True
lightgbm_platt_cv,heavy,14,state,Maharashtra,all,1781,120,0.0673778802156448,0.0400777347385883,0.06069902703166,0.062317818403244,0.025976380641394,0.7971779048765804,True
climatology,heavy,14,state,Uttar Pradesh,all,822,81,0.098540149629116,0.0867404118180275,0.0882711932063102,0.0882711932063102,0.0,0.6447909898202296,True
lightgbm,heavy,14,state,Uttar Pradesh,all,822,81,0.098540149629116,0.0902315154671669,0.0876238346099853,0.0882711932063102,0.0073337469769089,0.6103197214308326,True
lightgbm_uncalibrated,heavy,14,state,Uttar Pradesh,all,822,81,0.098540149629116,0.0812271907925605,0.0881191194057464,0.0882711932063102,0.0017228021400863,0.6101197914063411,True
lightgbm_isotonic_val,heavy,14,state,Uttar Pradesh,all,822,81,0.098540149629116,0.092482715845108,0.0876717492938041,0.0882711932063102,0.0067909347402279,0.6134936105696339,True
lightgbm_isotonic_cv,heavy,14,state,Uttar Pradesh,all,822,81,0.098540149629116,0.0902315154671669,0.0876238346099853,0.0882711932063102,0.0073337469769089,0.6103197214308326,True
lightgbm_platt_cv,heavy,14,state,Uttar Pradesh,all,822,81,0.098540149629116,0.0874119400978088,0.0879572257399559,0.0882711932063102,0.0035568508247142,0.6101197914063411,True
climatology,heavy,14,district,Bihar,Gaya,137,3,0.0218978095799684,0.0519597046077251,0.0212971419095993,0.0212971419095993,0.0,0.8930348258706468,False
lightgbm,heavy,14,district,Bihar,Gaya,137,3,0.0218978095799684,0.0544909238815307,0.0244564563035964,0.0212971419095993,-0.1483445246976162,0.2350746268656716,False
lightgbm_uncalibrated,heavy,14,district,Bihar,Gaya,137,3,0.0218978095799684,0.0492828898131847,0.0237321108579635,0.0212971419095993,-0.1143331325254841,0.2388059701492537,False
lightgbm_isotonic_val,heavy,14,district,Bihar,Gaya,137,3,0.0218978095799684,0.0544594265520572,0.0247589033097028,0.0212971419095993,-0.1625458202230996,0.2910447761194029,False
lightgbm_isotonic_cv,heavy,14,district,Bihar,Gaya,137,3,0.0218978095799684,0.0544909238815307,0.0244564563035964,0.0212971419095993,-0.1483445246976162,0.2350746268656716,False
lightgbm_platt_cv,heavy,14,district,Bihar,Gaya,137,3,0.0218978095799684,0.0545279905200004,0.0241495985537767,0.0212971419095993,-0.1339361242125989,0.2388059701492537,False
climatology,heavy,14,district,Bihar,Purnia,137,17,0.1240875944495201,0.1326259970664978,0.1060410365462303,0.1060410365462303,0.0,0.6428921568627451,True
lightgbm,heavy,14,district,Bihar,Purnia,137,17,0.1240875944495201,0.1309638172388076,0.1062468066811561,0.1060410365462303,-0.0019404764573018,0.6281862745098039,True
lightgbm_uncalibrated,heavy,14,district,Bihar,Purnia,137,17,0.1240875944495201,0.1185245066881179,0.1070348918437957,0.1060410365462303,-0.0093723649818546,0.6063725490196079,True
lightgbm_isotonic_val,heavy,14,district,Bihar,Purnia,137,17,0.1240875944495201,0.1359733492136001,0.1083381548523902,0.1060410365462303,-0.0216625410405009,0.544607843137255,True
lightgbm_isotonic_cv,heavy,14,district,Bihar,Purnia,137,17,0.1240875944495201,0.1309638172388076,0.1062468066811561,0.1060410365462303,-0.0019404764573018,0.6281862745098039,True
lightgbm_platt_cv,heavy,14,district,Bihar,Purnia,137,17,0.1240875944495201,0.1258991062641143,0.1069771721959114,0.1060410365462303,-0.0088280507261258,0.6063725490196079,True
climatology,heavy,14,district,Madhya Pradesh,Indore,548,52,0.0948905125260353,0.1295846253633499,0.095132440328598,0.095132440328598,0.0,0.5986933933002481,True
lightgbm,heavy,14,district,Madhya Pradesh,Indore,548,52,0.0948905125260353,0.138931855559349,0.0948527157306671,0.095132440328598,0.0029403702560841,0.6035204714640199,True
lightgbm_uncalibrated,heavy,14,district,Madhya Pradesh,Indore,548,52,0.0948905125260353,0.1339166462421417,0.0957980304956436,0.095132440328598,-0.0069964584609263,0.6046448511166252,True
lightgbm_isotonic_val,heavy,14,district,Madhya Pradesh,Indore,548,52,0.0948905125260353,0.1358000785112381,0.0945804268121719,0.095132440328598,0.0058025791677305,0.6029388957816377,True
lightgbm_isotonic_cv,heavy,14,district,Madhya Pradesh,Indore,548,52,0.0948905125260353,0.138931855559349,0.0948527157306671,0.095132440328598,0.0029403702560841,0.6035204714640199,True
lightgbm_platt_cv,heavy,14,district,Madhya Pradesh,Indore,548,52,0.0948905125260353,0.1397037953138351,0.0960116684436798,0.095132440328598,-0.0092421482308751,0.6046448511166252,True
climatology,heavy,14,district,Madhya Pradesh,Sehore,685,126,0.1839416027069091,0.1322890967130661,0.1320105195045471,0.1320105195045471,0.0,0.7868146065820484,True
lightgbm,heavy,14,district,Madhya Pradesh,Sehore,685,126,0.1839416027069091,0.1407739967107772,0.1415947079658508,0.1320105195045471,-0.0726017024800329,0.713980463980464,True
lightgbm_uncalibrated,heavy,14,district,Madhya Pradesh,Sehore,685,126,0.1839416027069091,0.1378053575754165,0.1429939717054367,0.1320105195045471,-0.0832013406364275,0.7128517477354687,True
lightgbm_isotonic_val,heavy,14,district,Madhya Pradesh,Sehore,685,126,0.1839416027069091,0.1397304981946945,0.1411502808332443,0.1320105195045471,-0.0692350985588112,0.7219027742283556,True
lightgbm_isotonic_cv,heavy,14,district,Madhya Pradesh,Sehore,685,126,0.1839416027069091,0.1407739967107772,0.1415947079658508,0.1320105195045471,-0.0726017024800329,0.713980463980464,True
lightgbm_platt_cv,heavy,14,district,Madhya Pradesh,Sehore,685,126,0.1839416027069091,0.1435541063547134,0.1422420442104339,0.1320105195045471,-0.0775053741496292,0.7128517477354687,True
climatology,heavy,14,district,Maharashtra,Bid,1096,68,0.06204379722476,0.0531996414065361,0.0577033013105392,0.0577033013105392,0.0,0.6434681849393454,True
lightgbm,heavy,14,district,Maharashtra,Bid,1096,68,0.06204379722476,0.0369147174060344,0.0550610497593879,0.0577033013105392,0.0457903012677141,0.8371838521400778,True
lightgbm_uncalibrated,heavy,14,district,Maharashtra,Bid,1096,68,0.06204379722476,0.0337580740451812,0.0561306588351726,0.0577033013105392,0.0272539428360116,0.8359893568322271,True
lightgbm_isotonic_val,heavy,14,district,Maharashtra,Bid,1096,68,0.06204379722476,0.0317157208919525,0.0550133921205997,0.0577033013105392,0.0466162096248763,0.823915655756466,True
lightgbm_isotonic_cv,heavy,14,district,Maharashtra,Bid,1096,68,0.06204379722476,0.0369147174060344,0.0550610497593879,0.0577033013105392,0.0457903012677141,0.8371838521400778,True
lightgbm_platt_cv,heavy,14,district,Maharashtra,Bid,1096,68,0.06204379722476,0.0380524657666683,0.0557575747370719,0.0577033013105392,0.0337195018183799,0.8359893568322271,True
climatology,heavy,14,district,Maharashtra,Latur,685,52,0.0759124085307121,0.061804361641407,0.0697010606527328,0.0697010606527328,0.0,0.6193188722809576,True
lightgbm,heavy,14,district,Maharashtra,Latur,685,52,0.0759124085307121,0.0431842990219593,0.0682804137468338,0.0697010606527328,0.0203819983884756,0.7484961720743711,True
lightgbm_uncalibrated,heavy,14,district,Maharashtra,Latur,685,52,0.0759124085307121,0.038744606077671,0.0690364316105842,0.0697010606527328,0.0095354222148774,0.7421466763883825,True
lightgbm_isotonic_val,heavy,14,district,Maharashtra,Latur,685,52,0.0759124085307121,0.0392803214490413,0.0684662088751792,0.0697010606527328,0.0177163986600703,0.7338984080690242,True
lightgbm_isotonic_cv,heavy,14,district,Maharashtra,Latur,685,52,0.0759124085307121,0.0431842990219593,0.0682804137468338,0.0697010606527328,0.0203819983884756,0.7484961720743711,True
lightgbm_platt_cv,heavy,14,district,Maharashtra,Latur,685,52,0.0759124085307121,0.0433181710541248,0.0686053410172462,0.0697010606527328,0.0157202720478779,0.7421466763883825,True
climatology,heavy,14,district,Uttar Pradesh,Gorakhpur,274,17,0.06204379722476,0.0977205112576484,0.0630959421396255,0.0630959421396255,0.0,0.5405127031357291,True
lightgbm,heavy,14,district,Uttar Pradesh,Gorakhpur,274,17,0.06204379722476,0.0985389202833175,0.0575043484568595,0.0630959421396255,0.0886204959170318,0.6819638361181048,True
lightgbm_uncalibrated,heavy,14,district,Uttar Pradesh,Gorakhpur,274,17,0.06204379722476,0.0886837095022201,0.0568953193724155,0.0630959421396255,0.0982729246436894,0.6834515907530327,True
lightgbm_isotonic_val,heavy,14,district,Uttar Pradesh,Gorakhpur,274,17,0.06204379722476,0.1022735685110092,0.0588756054639816,0.0630959421396255,0.0668876084979395,0.6557564660105287,True
lightgbm_isotonic_cv,heavy,14,district,Uttar Pradesh,Gorakhpur,274,17,0.06204379722476,0.0985389202833175,0.0575043484568595,0.0630959421396255,0.0886204959170318,0.6819638361181048,True
lightgbm_platt_cv,heavy,14,district,Uttar Pradesh,Gorakhpur,274,17,0.06204379722476,0.0951783508062362,0.0573212429881095,0.0630959421396255,0.0915225124737353,0.6834515907530327,True
climatology,heavy,14,district,Uttar Pradesh,Jhansi,548,64,0.1167883202433586,0.081250362098217,0.1008588150143623,0.1008588150143623,0.0,0.6919712035123967,True
lightgbm,heavy,14,district,Uttar Pradesh,Jhansi,548,64,0.1167883202433586,0.086077831685543,0.1026835888624191,0.1008588150143623,-0.018092358588557,0.6098753873966941,True
lightgbm_uncalibrated,heavy,14,district,Uttar Pradesh,Jhansi,548,64,0.1167883202433586,0.0774989277124404,0.103731021285057,0.1008588150143623,-0.028477493715207,0.6098269628099173,True
lightgbm_isotonic_val,heavy,14,district,Uttar Pradesh,Jhansi,548,64,0.1167883202433586,0.0875872895121574,0.1020698174834251,0.1008588150143623,-0.0120069075656932,0.618123708677686,True
lightgbm_isotonic_cv,heavy,14,district,Uttar Pradesh,Jhansi,548,64,0.1167883202433586,0.086077831685543,0.1026835888624191,0.1008588150143623,-0.018092358588557,0.6098753873966941,True
lightgbm_platt_cv,heavy,14,district,Uttar Pradesh,Jhansi,548,64,0.1167883202433586,0.0835287421941757,0.103275217115879,0.1008588150143623,-0.0239582638480595,0.6098269628099173,True
climatology,heavy,21,overall,all,all,4050,565,0.1395061761140823,0.1259429454803466,0.112385481595993,0.112385481595993,0.0,0.7189913789819835,True
lightgbm,heavy,21,overall,all,all,4050,565,0.1395061761140823,0.122520200908184,0.1160658970475196,0.112385481595993,-0.0327481396997266,0.7125902413631113,True
lightgbm_uncalibrated,heavy,21,overall,all,all,4050,565,0.1395061761140823,0.1149847507476806,0.116797387599945,0.112385481595993,-0.039256903483424,0.7147334340600044,True
lightgbm_isotonic_val,heavy,21,overall,all,all,4050,565,0.1395061761140823,0.120074026286602,0.1192481815814971,0.112385481595993,-0.0610639371567085,0.6885775955104684,True
lightgbm_isotonic_cv,heavy,21,overall,all,all,4050,565,0.1395061761140823,0.122520200908184,0.1160658970475196,0.112385481595993,-0.0327481396997266,0.7125902413631113,True
lightgbm_platt_cv,heavy,21,overall,all,all,4050,565,0.1395061761140823,0.1227434873580932,0.1169368326663971,0.112385481595993,-0.0404976782211548,0.7147334340600044,True
climatology,heavy,21,state,Bihar,all,270,30,0.1111111119389534,0.1335276216268539,0.0892484560608863,0.0892484560608863,0.0,0.8005555555555556,True
lightgbm,heavy,21,state,Bihar,all,270,30,0.1111111119389534,0.1392959654331207,0.091710977256298,0.0892484560608863,-0.0275917512089141,0.738888888888889,True
lightgbm_uncalibrated,heavy,21,state,Bihar,all,270,30,0.1111111119389534,0.1253533959388733,0.0916728377342224,0.0892484560608863,-0.0271644102356469,0.7355555555555555,True
lightgbm_isotonic_val,heavy,21,state,Bihar,all,270,30,0.1111111119389534,0.1332717686891555,0.091882400214672,0.0892484560608863,-0.0295124898517997,0.7255555555555556,True
lightgbm_isotonic_cv,heavy,21,state,Bihar,all,270,30,0.1111111119389534,0.1392959654331207,0.091710977256298,0.0892484560608863,-0.0275917512089141,0.738888888888889,True
lightgbm_platt_cv,heavy,21,state,Bihar,all,270,30,0.1111111119389534,0.1341978907585144,0.0917844250798225,0.0892484560608863,-0.0284147102467082,0.7355555555555555,True
climatology,heavy,21,state,Madhya Pradesh,all,1215,237,0.1950617283582687,0.1894313991069793,0.1436819285154342,0.1436819285154342,0.0,0.7247461020078866,True
lightgbm,heavy,21,state,Madhya Pradesh,all,1215,237,0.1950617283582687,0.2035892307758331,0.1550142765045166,0.1436819285154342,-0.0788710738098494,0.6553782368218961,True
lightgbm_uncalibrated,heavy,21,state,Madhya Pradesh,all,1215,237,0.1950617283582687,0.1934842020273208,0.1573279052972793,0.1436819285154342,-0.0949735079619233,0.6542284693639823,True
lightgbm_isotonic_val,heavy,21,state,Madhya Pradesh,all,1215,237,0.1950617283582687,0.2031927108764648,0.1637146472930908,0.1436819285154342,-0.1394240666494439,0.6460463531015678,True
lightgbm_isotonic_cv,heavy,21,state,Madhya Pradesh,all,1215,237,0.1950617283582687,0.2035892307758331,0.1550142765045166,0.1436819285154342,-0.0788710738098494,0.6553782368218961,True
lightgbm_platt_cv,heavy,21,state,Madhya Pradesh,all,1215,237,0.1950617283582687,0.2075142562389373,0.1587314903736114,0.1436819285154342,-0.1047422039338827,0.6542284693639823,True
climatology,heavy,21,state,Maharashtra,all,1755,183,0.1042735055088996,0.0817926675081253,0.0909169986844062,0.0909169986844062,0.0,0.6598204229758478,True
lightgbm,heavy,21,state,Maharashtra,all,1755,183,0.1042735055088996,0.0579664222896099,0.0914609730243682,0.0909169986844062,-0.005983197288004,0.7694402730849984,True
lightgbm_uncalibrated,heavy,21,state,Maharashtra,all,1755,183,0.1042735055088996,0.0579897537827491,0.0917179659008979,0.0909169986844062,-0.0088098730499457,0.7774388548227869,True
lightgbm_isotonic_val,heavy,21,state,Maharashtra,all,1755,183,0.1042735055088996,0.0575802214443683,0.0922383069992065,0.0909169986844062,-0.0145331272910451,0.6807693377271653,True
lightgbm_isotonic_cv,heavy,21,state,Maharashtra,all,1755,183,0.1042735055088996,0.0579664222896099,0.0914609730243682,0.0909169986844062,-0.005983197288004,0.7694402730849984,True
lightgbm_platt_cv,heavy,21,state,Maharashtra,all,1755,183,0.1042735055088996,0.061062429100275,0.0912153124809265,0.0909169986844062,-0.0032811663477338,0.7774388548227869,True
climatology,heavy,21,state,Uttar Pradesh,all,810,115,0.1419753134250641,0.1238410323858261,0.1196681857109069,0.1196681857109069,0.0,0.6439161714106976,True
lightgbm,heavy,21,state,Uttar Pradesh,all,810,115,0.1419753134250641,0.1351912319660186,0.1190722584724426,0.1196681857109069,0.0049798301438611,0.6288958398498592,True
lightgbm_uncalibrated,heavy,21,state,Uttar Pradesh,all,810,115,0.1419753134250641,0.1172685027122497,0.118715226650238,0.1196681857109069,0.0079633451030258,0.6314982796371599,True
lightgbm_isotonic_val,heavy,21,state,Uttar Pradesh,all,810,115,0.1419753134250641,0.1264000385999679,0.1201917752623558,0.1196681857109069,-0.0043753446109202,0.6211323115420707,True
lightgbm_isotonic_cv,heavy,21,state,Uttar Pradesh,all,810,115,0.1419753134250641,0.1351912319660186,0.1190722584724426,0.1196681857109069,0.0049798301438611,0.6288958398498592,True
lightgbm_platt_cv,heavy,21,state,Uttar Pradesh,all,810,115,0.1419753134250641,0.1254114806652069,0.1183589920401573,0.1196681857109069,0.010940198207002,0.6314982796371599,True
climatology,heavy,21,district,Bihar,Gaya,135,4,0.0296296291053295,0.0738885104656219,0.0291343573480844,0.0291343573480844,0.0,0.900763358778626,False
lightgbm,heavy,21,district,Bihar,Gaya,135,4,0.0296296291053295,0.078372448682785,0.0349359512329101,0.0291343573480844,-0.1991323788443597,0.2433206106870228,False
lightgbm_uncalibrated,heavy,21,district,Bihar,Gaya,135,4,0.0296296291053295,0.0757916197180748,0.0336535722017288,0.0291343573480844,-0.1551163390923913,0.2385496183206107,False
lightgbm_isotonic_val,heavy,21,district,Bihar,Gaya,135,4,0.0296296291053295,0.0764227584004402,0.0335551500320434,0.0291343573480844,-0.1517381224902725,0.381679389312977,False
lightgbm_isotonic_cv,heavy,21,district,Bihar,Gaya,135,4,0.0296296291053295,0.078372448682785,0.0349359512329101,0.0291343573480844,-0.1991323788443597,0.2433206106870228,False
lightgbm_platt_cv,heavy,21,district,Bihar,Gaya,135,4,0.0296296291053295,0.0802982747554779,0.0344521552324295,0.0291343573480844,-0.182526692482362,0.2385496183206107,False
climatology,heavy,21,district,Bihar,Purnia,135,26,0.192592591047287,0.1931667625904083,0.1493625491857528,0.1493625491857528,0.0,0.6469654199011997,True
lightgbm,heavy,21,district,Bihar,Purnia,135,26,0.192592591047287,0.2002194970846176,0.1484859883785247,0.1493625491857528,0.0058686786748528,0.6617854622441779,True
lightgbm_uncalibrated,heavy,21,district,Bihar,Purnia,135,26,0.192592591047287,0.17491514980793,0.1496921181678772,0.1493625491857528,-0.0022065034636926,0.652787579393084,True
lightgbm_isotonic_val,heavy,21,district,Bihar,Purnia,135,26,0.192592591047287,0.1901208162307739,0.1502096503973007,0.1493625491857528,-0.0056714431841569,0.6023288637967537,True
lightgbm_isotonic_cv,heavy,21,district,Bihar,Purnia,135,26,0.192592591047287,0.2002194970846176,0.1484859883785247,0.1493625491857528,0.0058686786748528,0.6617854622441779,True
lightgbm_platt_cv,heavy,21,district,Bihar,Purnia,135,26,0.192592591047287,0.1880974918603897,0.1491166800260543,0.1493625491857528,0.0016461232152158,0.652787579393084,True
climatology,heavy,21,district,Madhya Pradesh,Indore,540,68,0.1259259283542633,0.1905551701784134,0.1262560337781906,0.1262560337781906,0.0,0.6007602193419741,True
lightgbm,heavy,21,district,Madhya Pradesh,Indore,540,68,0.1259259283542633,0.203338161110878,0.132652536034584,0.1262560337781906,-0.050662943108374,0.5421547856430708,True
lightgbm_uncalibrated,heavy,21,district,Madhya Pradesh,Indore,540,68,0.1259259283542633,0.1921667754650116,0.1332947760820388,0.1262560337781906,-0.0557497498789965,0.5418587986041874,True
lightgbm_isotonic_val,heavy,21,district,Madhya Pradesh,Indore,540,68,0.1259259283542633,0.202481061220169,0.141067773103714,0.1262560337781906,-0.1173151007701143,0.5248784895314057,True
lightgbm_isotonic_cv,heavy,21,district,Madhya Pradesh,Indore,540,68,0.1259259283542633,0.203338161110878,0.132652536034584,0.1262560337781906,-0.050662943108374,0.5421547856430708,True
lightgbm_platt_cv,heavy,21,district,Madhya Pradesh,Indore,540,68,0.1259259283542633,0.2060841023921966,0.138031855225563,0.1262560337781906,-0.0932693756882974,0.5418587986041874,True
climatology,heavy,21,district,Madhya Pradesh,Sehore,675,169,0.2503703832626343,0.1885323822498321,0.1576226353645324,0.1576226353645324,0.0,0.79190541899572,True
lightgbm,heavy,21,district,Madhya Pradesh,Sehore,675,169,0.2503703832626343,0.2037900984287262,0.172903686761856,0.1576226353645324,-0.0969470619621557,0.7116378604672919,True
lightgbm_uncalibrated,heavy,21,district,Madhya Pradesh,Sehore,675,169,0.2503703832626343,0.1945381611585617,0.1765543818473816,0.1576226353645324,-0.1201080443748821,0.7089131604181771,True
lightgbm_isotonic_val,heavy,21,district,Madhya Pradesh,Sehore,675,169,0.2503703832626343,0.203762024641037,0.1818321794271469,0.1576226353645324,-0.1535917985803576,0.7079425591131276,True
lightgbm_isotonic_cv,heavy,21,district,Madhya Pradesh,Sehore,675,169,0.2503703832626343,0.2037900984287262,0.172903686761856,0.1576226353645324,-0.0969470619621557,0.7116378604672919,True
lightgbm_platt_cv,heavy,21,district,Madhya Pradesh,Sehore,675,169,0.2503703832626343,0.2086583822965622,0.1752911806106567,0.1576226353645324,-0.1120939591275222,0.7089131604181771,True
climatology,heavy,21,district,Maharashtra,Bid,1080,101,0.0935185179114341,0.0770461484789848,0.0831389129161834,0.0831389129161834,0.0,0.6486362119358003,True
lightgbm,heavy,21,district,Maharashtra,Bid,1080,101,0.0935185179114341,0.0535622760653495,0.0823969841003418,0.0831389129161834,0.0089239658039509,0.7898188695274022,True
lightgbm_uncalibrated,heavy,21,district,Maharashtra,Bid,1080,101,0.0935185179114341,0.0549017675220966,0.0828035324811935,0.0831389129161834,0.0040339766690002,0.8015048695880824,True
lightgbm_isotonic_val,heavy,21,district,Maharashtra,Bid,1080,101,0.0935185179114341,0.052148412913084,0.0830339193344116,0.0831389129161834,0.0012628693122039,0.6979085549004338,True
lightgbm_isotonic_cv,heavy,21,district,Maharashtra,Bid,1080,101,0.0935185179114341,0.0535622760653495,0.0823969841003418,0.0831389129161834,0.0089239658039509,0.7898188695274022,True
lightgbm_platt_cv,heavy,21,district,Maharashtra,Bid,1080,101,0.0935185179114341,0.0577151887118816,0.0823762118816375,0.0831389129161834,0.0091738153386106,0.8015048695880824,True
climatology,heavy,21,district,Maharashtra,Latur,675,82,0.1214814782142639,0.0893870815634727,0.103361926972866,0.103361926972866,0.0,0.6672150701270925,True
lightgbm,heavy,21,district,Maharashtra,Latur,675,82,0.1214814782142639,0.0650130584836006,0.1059633865952491,0.103361926972866,-0.0251684512718695,0.7344527618969275,True
lightgbm_uncalibrated,heavy,21,district,Maharashtra,Latur,675,82,0.1214814782142639,0.0629305243492126,0.1059810519218444,0.103361926972866,-0.0253393587531121,0.7360979722782051,True
lightgbm_isotonic_val,heavy,21,district,Maharashtra,Latur,675,82,0.1214814782142639,0.066271111369133,0.1069653406739234,0.103361926972866,-0.0348620987107117,0.6493234072306996,True
lightgbm_isotonic_cv,heavy,21,district,Maharashtra,Latur,675,82,0.1214814782142639,0.0650130584836006,0.1059633865952491,0.103361926972866,-0.0251684512718695,0.7344527618969275,True
lightgbm_platt_cv,heavy,21,district,Maharashtra,Latur,675,82,0.1214814782142639,0.0664180144667625,0.1053578704595565,0.103361926972866,-0.0193102387421093,0.7360979722782051,True
climatology,heavy,21,district,Uttar Pradesh,Gorakhpur,270,26,0.0962962955236435,0.142739400267601,0.0944543927907943,0.0944543927907943,0.0,0.5208070617906684,True
lightgbm,heavy,21,district,Uttar Pradesh,Gorakhpur,270,26,0.0962962955236435,0.1586415022611618,0.0833804830908775,0.0944543927907943,0.1172408119169668,0.7894861286254728,True
lightgbm_uncalibrated,heavy,21,district,Uttar Pradesh,Gorakhpur,270,26,0.0962962955236435,0.136579155921936,0.0807893648743629,0.0944543927907943,0.1446732916561953,0.796500630517024,True
lightgbm_isotonic_val,heavy,21,district,Uttar Pradesh,Gorakhpur,270,26,0.0962962955236435,0.1461730450391769,0.0840061083436012,0.0944543927907943,0.1106172422317604,0.7533102143757882,True
lightgbm_isotonic_cv,heavy,21,district,Uttar Pradesh,Gorakhpur,270,26,0.0962962955236435,0.1586415022611618,0.0833804830908775,0.0944543927907943,0.1172408119169668,0.7894861286254728,True
lightgbm_platt_cv,heavy,21,district,Uttar Pradesh,Gorakhpur,270,26,0.0962962955236435,0.146392211318016,0.0813127979636192,0.0944543927907943,0.1391316426784116,0.796500630517024,True
climatology,heavy,21,district,Uttar Pradesh,Jhansi,540,89,0.1648148149251938,0.1143918260931968,0.1322750747203827,0.1322750747203827,0.0,0.7049502977154388,True
lightgbm,heavy,21,district,Uttar Pradesh,Jhansi,540,89,0.1648148149251938,0.1234660819172859,0.136918157339096,0.1322750747203827,-0.0351017198707195,0.6167816836493186,True
lightgbm_uncalibrated,heavy,21,district,Uttar Pradesh,Jhansi,540,89,0.1648148149251938,0.1076131612062454,0.1376781612634658,0.1322750747203827,-0.0408473520389598,0.6195346172052119,True
lightgbm_isotonic_val,heavy,21,district,Uttar Pradesh,Jhansi,540,89,0.1648148149251938,0.1165135279297828,0.1382846087217331,0.1322750747203827,-0.0454320968183461,0.6107277211689379,True
lightgbm_isotonic_cv,heavy,21,district,Uttar Pradesh,Jhansi,540,89,0.1648148149251938,0.1234660819172859,0.136918157339096,0.1322750747203827,-0.0351017198707195,0.6167816836493186,True
lightgbm_platt_cv,heavy,21,district,Uttar Pradesh,Jhansi,540,89,0.1648148149251938,0.1149211153388023,0.1368820965290069,0.1322750747203827,-0.0348291000278253,0.6195346172052119,True
climatology,heavy,28,overall,all,all,4020,721,0.1793532371520996,0.1654743552207946,0.135911226272583,0.135911226272583,0.0,0.710363624668342,True
lightgbm,heavy,28,overall,all,all,4020,721,0.1793532371520996,0.1620589792728424,0.1431327611207962,0.135911226272583,-0.0531342041880316,0.6877814442993064,True
lightgbm_uncalibrated,heavy,28,overall,all,all,4020,721,0.1793532371520996,0.1530529111623764,0.144278734922409,0.135911226272583,-0.0615659859697255,0.6902793642758975,True
lightgbm_isotonic_val,heavy,28,overall,all,all,4020,721,0.1793532371520996,0.1510272026062011,0.1493488997220993,0.135911226272583,-0.0988709602440474,0.6753128653704588,True
lightgbm_isotonic_cv,heavy,28,overall,all,all,4020,721,0.1793532371520996,0.1620589792728424,0.1431327611207962,0.135911226272583,-0.0531342041880316,0.6877814442993064,True
lightgbm_platt_cv,heavy,28,overall,all,all,4020,721,0.1793532371520996,0.163688451051712,0.1440330594778061,0.135911226272583,-0.0597583689586758,0.6902793642758975,True
climatology,heavy,28,state,Bihar,all,268,40,0.1492537260055542,0.1744614541530609,0.1126111596822738,0.1126111596822738,0.0,0.7867324561403508,True
lightgbm,heavy,28,state,Bihar,all,268,40,0.1492537260055542,0.1893239319324493,0.1161126941442489,0.1126111596822738,-0.0310940271981434,0.7060307017543859,True
lightgbm_uncalibrated,heavy,28,state,Bihar,all,268,40,0.1492537260055542,0.169327825307846,0.1171166896820068,0.1126111596822738,-0.040009622602636,0.6978070175438597,True
lightgbm_isotonic_val,heavy,28,state,Bihar,all,268,40,0.1492537260055542,0.1737303435802459,0.1170955374836921,0.1126111596822738,-0.0398217886581642,0.7178179824561403,True
lightgbm_isotonic_cv,heavy,28,state,Bihar,all,268,40,0.1492537260055542,0.1893239319324493,0.1161126941442489,0.1126111596822738,-0.0310940271981434,0.7060307017543859,True
lightgbm_platt_cv,heavy,28,state,Bihar,all,268,40,0.1492537260055542,0.1816078424453735,0.1176825985312461,0.1126111596822738,-0.0450349580208666,0.6978070175438597,True
climatology,heavy,28,state,Madhya Pradesh,all,1206,303,0.2512437701225281,0.2430926710367202,0.1668509095907211,0.1668509095907211,0.0,0.7266701753231801,True
lightgbm,heavy,28,state,Madhya Pradesh,all,1206,303,0.2512437701225281,0.2612790465354919,0.1834899187088012,0.1668509095907211,-0.0997238142656518,0.6429302398678406,True
lightgbm_uncalibrated,heavy,28,state,Madhya Pradesh,all,1206,303,0.2512437701225281,0.2500998079776764,0.187870442867279,0.1668509095907211,-0.1259779363991364,0.6472228618210659,True
lightgbm_isotonic_val,heavy,28,state,Madhya Pradesh,all,1206,303,0.2512437701225281,0.2468625605106353,0.1993677765130996,0.1668509095907211,-0.1948857635966214,0.6392845264592905,True
lightgbm_isotonic_cv,heavy,28,state,Madhya Pradesh,all,1206,303,0.2512437701225281,0.2612790465354919,0.1834899187088012,0.1668509095907211,-0.0997238142656518,0.6429302398678406,True
lightgbm_platt_cv,heavy,28,state,Madhya Pradesh,all,1206,303,0.2512437701225281,0.2642755210399627,0.1882638931274414,0.1668509095907211,-0.1283360311864376,0.6472228618210659,True
climatology,heavy,28,state,Maharashtra,all,1742,233,0.1337542980909347,0.1115070059895515,0.1132796928286552,0.1132796928286552,0.0,0.6401462469816296,True
lightgbm,heavy,28,state,Maharashtra,all,1742,233,0.1337542980909347,0.0832344889640808,0.1152059808373451,0.1132796928286552,-0.0170047072038193,0.7346279973947445,True
lightgbm_uncalibrated,heavy,28,state,Maharashtra,all,1742,233,0.1337542980909347,0.0824490711092948,0.1154176294803619,0.1132796928286552,-0.0188730795283891,0.7360657229726079,True
lightgbm_isotonic_val,heavy,28,state,Maharashtra,all,1742,233,0.1337542980909347,0.0742112547159195,0.1177446320652961,0.1132796928286552,-0.0394151778235709,0.7115618165115174,True
lightgbm_isotonic_cv,heavy,28,state,Maharashtra,all,1742,233,0.1337542980909347,0.0832344889640808,0.1152059808373451,0.1132796928286552,-0.0170047072038193,0.7346279973947445,True
lightgbm_platt_cv,heavy,28,state,Maharashtra,all,1742,233,0.1337542980909347,0.0898380056023597,0.1145646274089813,0.1132796928286552,-0.0113430267000251,0.7360657229726079,True
climatology,heavy,28,state,Uttar Pradesh,all,804,145,0.1803482621908188,0.1629804223775863,0.1463034301996231,0.1463034301996231,0.0,0.61209774475433,True
lightgbm,heavy,28,state,Uttar Pradesh,all,804,145,0.1803482621908188,0.1749269813299179,0.152111679315567,0.1463034301996231,-0.0397000200748463,0.5436607189576683,True
lightgbm_uncalibrated,heavy,28,state,Uttar Pradesh,all,804,145,0.1803482621908188,0.1550325602293014,0.1504775732755661,0.1463034301996231,-0.028530725973052,0.5458793365077704,True
lightgbm_isotonic_val,heavy,28,state,Uttar Pradesh,all,804,145,0.1803482621908188,0.1661409437656402,0.1535476148128509,0.1463034301996231,-0.0495147967709543,0.527533881010936,True
lightgbm_isotonic_cv,heavy,28,state,Uttar Pradesh,all,804,145,0.1803482621908188,0.1749269813299179,0.152111679315567,0.1463034301996231,-0.0397000200748463,0.5436607189576683,True
lightgbm_platt_cv,heavy,28,state,Uttar Pradesh,all,804,145,0.1803482621908188,0.1668440550565719,0.1503185629844665,0.1463034301996231,-0.0274438731844155,0.5458793365077704,True
climatology,heavy,28,district,Bihar,Gaya,134,6,0.0447761192917823,0.0998345911502838,0.0436656586825847,0.0436656586825847,0.0,0.84765625,False
lightgbm,heavy,28,district,Bihar,Gaya,134,6,0.0447761192917823,0.1107010170817375,0.0529575571417808,0.0436656586825847,-0.2127964798777211,0.4674479166666667,False
lightgbm_uncalibrated,heavy,28,district,Bihar,Gaya,134,6,0.0447761192917823,0.1054616793990135,0.0508387573063373,0.0436656586825847,-0.1642732261499917,0.4427083333333333,False
lightgbm_isotonic_val,heavy,28,district,Bihar,Gaya,134,6,0.0447761192917823,0.1065163016319274,0.0522988587617874,0.0436656586825847,-0.1977114359354859,0.42578125,False
lightgbm_isotonic_cv,heavy,28,district,Bihar,Gaya,134,6,0.0447761192917823,0.1107010170817375,0.0529575571417808,0.0436656586825847,-0.2127964798777211,0.4674479166666667,False
lightgbm_platt_cv,heavy,28,district,Bihar,Gaya,134,6,0.0447761192917823,0.1144092008471489,0.052407868206501,0.0436656586825847,-0.2002078930599737,0.4427083333333333,False
climatology,heavy,28,district,Bihar,Purnia,134,34,0.2537313401699066,0.2490883469581604,0.1815566420555114,0.1815566420555114,0.0,0.6226470588235294,True
lightgbm,heavy,28,district,Bihar,Purnia,134,34,0.2537313401699066,0.2679468095302582,0.1792678087949752,0.1815566420555114,0.0126067173011295,0.5623529411764705,True
lightgbm_uncalibrated,heavy,28,district,Bihar,Purnia,134,34,0.2537313401699066,0.2331939786672592,0.1833946108818054,0.1815566420555114,-0.0101233907252591,0.5494117647058824,True
lightgbm_isotonic_val,heavy,28,district,Bihar,Purnia,134,34,0.2537313401699066,0.2409443706274032,0.1818921864032745,0.1815566420555114,-0.001848152422099,0.618970588235294,True
lightgbm_isotonic_cv,heavy,28,district,Bihar,Purnia,134,34,0.2537313401699066,0.2679468095302582,0.1792678087949752,0.1815566420555114,0.0126067173011295,0.5623529411764705,True
lightgbm_platt_cv,heavy,28,district,Bihar,Purnia,134,34,0.2537313401699066,0.2488065063953399,0.1829573214054107,0.1815566420555114,-0.0077148339715988,0.5494117647058824,True
climatology,heavy,28,district,Madhya Pradesh,Indore,536,93,0.1735074669122696,0.2465050816535949,0.1606852710247039,0.1606852710247039,0.0,0.6097842180635452,True
lightgbm,heavy,28,district,Madhya Pradesh,Indore,536,93,0.1735074669122696,0.2578451335430145,0.1734416186809539,0.1606852710247039,-0.0793871620896031,0.505934610063351,True
lightgbm_uncalibrated,heavy,28,district,Madhya Pradesh,Indore,536,93,0.1735074669122696,0.2454264312982559,0.1788820922374725,0.1606852710247039,-0.1132451101256875,0.5077793150319182,True
lightgbm_isotonic_val,heavy,28,district,Madhya Pradesh,Indore,536,93,0.1735074669122696,0.2397470623254776,0.1843372136354446,0.1606852710247039,-0.1471942167437634,0.4977912085244788,True
lightgbm_isotonic_cv,heavy,28,district,Madhya Pradesh,Indore,536,93,0.1735074669122696,0.2578451335430145,0.1734416186809539,0.1606852710247039,-0.0793871620896031,0.505934610063351,True
lightgbm_platt_cv,heavy,28,district,Madhya Pradesh,Indore,536,93,0.1735074669122696,0.2594415247440338,0.1821364164352417,0.1606852710247039,-0.133497894820987,0.5077793150319182,True
climatology,heavy,28,district,Madhya Pradesh,Sehore,670,210,0.3134328424930572,0.2403627336025238,0.1717834323644638,0.1717834323644638,0.0,0.8117701863354037,True
lightgbm,heavy,28,district,Madhya Pradesh,Sehore,670,210,0.3134328424930572,0.2640261948108673,0.1915285736322403,0.1717834323644638,-0.1149420581251645,0.718234989648033,True
lightgbm_uncalibrated,heavy,28,district,Madhya Pradesh,Sehore,670,210,0.3134328424930572,0.2538385093212127,0.1950611472129821,0.1717834323644638,-0.1355061691812704,0.7199378881987578,True
lightgbm_isotonic_val,heavy,28,district,Madhya Pradesh,Sehore,670,210,0.3134328424930572,0.2525549232959747,0.2113922387361526,0.1717834323644638,-0.2305740770603124,0.7122153209109731,True
lightgbm_isotonic_cv,heavy,28,district,Madhya Pradesh,Sehore,670,210,0.3134328424930572,0.2640261948108673,0.1915285736322403,0.1717834323644638,-0.1149420581251645,0.718234989648033,True
lightgbm_platt_cv,heavy,28,district,Madhya Pradesh,Sehore,670,210,0.3134328424930572,0.2681427597999573,0.1931658387184143,0.1717834323644638,-0.1244730417807962,0.7199378881987578,True
climatology,heavy,28,district,Maharashtra,Bid,1072,130,0.1212686598300933,0.1052163541316986,0.1039905697107315,0.1039905697107315,0.0,0.6564592520006534,True
lightgbm,heavy,28,district,Maharashtra,Bid,1072,130,0.1212686598300933,0.0771183893084526,0.1049816235899925,0.1039905697107315,-0.0095302283853027,0.7619630899885678,True
lightgbm_uncalibrated,heavy,28,district,Maharashtra,Bid,1072,130,0.1212686598300933,0.0771369636058807,0.1050578579306602,0.1039905697107315,-0.0102633173651955,0.7685652457945451,True
lightgbm_isotonic_val,heavy,28,district,Maharashtra,Bid,1072,130,0.1212686598300933,0.0671666860580444,0.1064102053642273,0.1039905697107315,-0.0232678372685757,0.7462763351298384,True
lightgbm_isotonic_cv,heavy,28,district,Maharashtra,Bid,1072,130,0.1212686598300933,0.0771183893084526,0.1049816235899925,0.1039905697107315,-0.0095302283853027,0.7619630899885678,True
lightgbm_platt_cv,heavy,28,district,Maharashtra,Bid,1072,130,0.1212686598300933,0.0841759219765663,0.1042990088462829,0.1039905697107315,-0.0029660298660678,0.7685652457945451,True
climatology,heavy,28,district,Maharashtra,Latur,670,103,0.1537313461303711,0.1215720698237419,0.128142312169075,0.128142312169075,0.0,0.6178490094347698,True
lightgbm,heavy,28,district,Maharashtra,Latur,670,103,0.1537313461303711,0.0930202603340148,0.1315649449825287,0.128142312169075,-0.0267096227274075,0.698352767932056,True
lightgbm_uncalibrated,heavy,28,district,Maharashtra,Latur,670,103,0.1537313461303711,0.0909484550356864,0.1319932639598846,0.128142312169075,-0.0300521484716818,0.6977791476173353,True
lightgbm_isotonic_val,heavy,28,district,Maharashtra,Latur,670,103,0.1537313461303711,0.0854825973510742,0.1358796954154968,0.128142312169075,-0.0603811739889075,0.6691323778702419,True
lightgbm_isotonic_cv,heavy,28,district,Maharashtra,Latur,670,103,0.1537313461303711,0.0930202603340148,0.1315649449825287,0.128142312169075,-0.0267096227274075,0.698352767932056,True
lightgbm_platt_cv,heavy,28,district,Maharashtra,Latur,670,103,0.1537313461303711,0.0988973230123519,0.1309896111488342,0.128142312169075,-0.0222198189775317,0.6977791476173353,True
climatology,heavy,28,district,Uttar Pradesh,Gorakhpur,268,32,0.1194029822945594,0.1902479231357574,0.1195271760225296,0.1195271760225296,0.0,0.4284957627118644,True
lightgbm,heavy,28,district,Uttar Pradesh,Gorakhpur,268,32,0.1194029822945594,0.216703251004219,0.1179961189627647,0.1195271760225296,0.012809279953843,0.5493908898305084,True
lightgbm_uncalibrated,heavy,28,district,Uttar Pradesh,Gorakhpur,268,32,0.1194029822945594,0.1882621496915817,0.1104661300778389,0.1195271760225296,0.0758074125584862,0.5785222457627119,True
lightgbm_isotonic_val,heavy,28,district,Uttar Pradesh,Gorakhpur,268,32,0.1194029822945594,0.2083415389060974,0.1166648790240287,0.1195271760225296,0.0239468302836947,0.5254899364406779,True
lightgbm_isotonic_cv,heavy,28,district,Uttar Pradesh,Gorakhpur,268,32,0.1194029822945594,0.216703251004219,0.1179961189627647,0.1195271760225296,0.012809279953843,0.5493908898305084,True
lightgbm_platt_cv,heavy,28,district,Uttar Pradesh,Gorakhpur,268,32,0.1194029822945594,0.2018742114305496,0.1127256974577903,0.1195271760225296,0.0569031980096076,0.5785222457627119,True
climatology,heavy,28,district,Uttar Pradesh,Jhansi,536,113,0.2108208984136581,0.149346649646759,0.159691572189331,0.159691572189331,0.0,0.6915625849913178,True
lightgbm,heavy,28,district,Uttar Pradesh,Jhansi,536,113,0.2108208984136581,0.1540388315916061,0.169169470667839,0.159691572189331,-0.0593512753902314,0.5929517353919538,True
lightgbm_uncalibrated,heavy,28,district,Uttar Pradesh,Jhansi,536,113,0.2108208984136581,0.1384177654981613,0.170483261346817,0.159691572189331,-0.0675783262042863,0.5926797631749618,True
lightgbm_isotonic_val,heavy,28,district,Uttar Pradesh,Jhansi,536,113,0.2108208984136581,0.1450406461954116,0.1719889789819717,0.159691572189331,-0.0770072372890213,0.577972342517626,True
lightgbm_isotonic_cv,heavy,28,district,Uttar Pradesh,Jhansi,536,113,0.2108208984136581,0.1540388315916061,0.169169470667839,0.159691572189331,-0.0593512753902314,0.5929517353919538,True
lightgbm_platt_cv,heavy,28,district,Uttar Pradesh,Jhansi,536,113,0.2108208984136581,0.1493289917707443,0.1691149920225143,0.159691572189331,-0.0590101262326532,0.5926797631749618,True
climatology,onset,7,overall,all,all,1432,194,0.1354748606681823,0.1153635382652282,0.1085453107953071,0.1085453107953071,0.0,0.7327914994254118,True
lightgbm,onset,7,overall,all,all,1432,194,0.1354748606681823,0.1183651462197303,0.105122298002243,0.1085453107953071,0.0315353355016797,0.7562184601035924,True
lightgbm_uncalibrated,onset,7,overall,all,all,1432,194,0.1354748606681823,0.1190256923437118,0.1066823005676269,0.1085453107953071,0.0171634335378469,0.7658761221124861,True
lightgbm_isotonic_val,onset,7,overall,all,all,1432,194,0.1354748606681823,0.1859599947929382,0.1095675379037857,0.1085453107953071,-0.0094175151463358,0.7566868744066751,True
lightgbm_isotonic_cv,onset,7,overall,all,all,1432,194,0.1354748606681823,0.1183651462197303,0.105122298002243,0.1085453107953071,0.0315353355016797,0.7562184601035924,True
lightgbm_platt_cv,onset,7,overall,all,all,1432,194,0.1354748606681823,0.1153421550989151,0.1049753129482269,0.1085453107953071,0.0328894709584688,0.7658761221124861,True
climatology,onset,7,state,Bihar,all,53,12,0.2264150977134704,0.1820664256811142,0.1494141370058059,0.1494141370058059,0.0,0.7947154471544715,True
lightgbm,onset,7,state,Bihar,all,53,12,0.2264150977134704,0.2032651156187057,0.1552468389272689,0.1494141370058059,-0.0390371489495426,0.7479674796747967,True
lightgbm_uncalibrated,onset,7,state,Bihar,all,53,12,0.2264150977134704,0.1787690818309784,0.1580594629049301,0.1494141370058059,-0.0578614987334713,0.741869918699187,True
lightgbm_isotonic_val,onset,7,state,Bihar,all,53,12,0.2264150977134704,0.2624208033084869,0.1541447192430496,0.1494141370058059,-0.0316608744797677,0.7235772357723577,True
lightgbm_isotonic_cv,onset,7,state,Bihar,all,53,12,0.2264150977134704,0.2032651156187057,0.1552468389272689,0.1494141370058059,-0.0390371489495426,0.7479674796747967,True
lightgbm_platt_cv,onset,7,state,Bihar,all,53,12,0.2264150977134704,0.2027988582849502,0.1534885615110397,0.1494141370058059,-0.027269337339046,0.741869918699187,True
climatology,onset,7,state,Madhya Pradesh,all,359,63,0.1754874587059021,0.1158902794122695,0.1330034434795379,0.1330034434795379,0.0,0.72994422994423,True
lightgbm,onset,7,state,Madhya Pradesh,all,359,63,0.1754874587059021,0.1200250387191772,0.1210521161556243,0.1330034434795379,0.0898572774602805,0.775096525096525,True
lightgbm_uncalibrated,onset,7,state,Madhya Pradesh,all,359,63,0.1754874587059021,0.1192615032196044,0.1270316243171692,0.1330034434795379,0.0448997334665813,0.8053142428142428,True
lightgbm_isotonic_val,onset,7,state,Madhya Pradesh,all,359,63,0.1754874587059021,0.1693419963121414,0.1181541606783866,0.1330034434795379,0.1116458522627331,0.7956885456885456,True
lightgbm_isotonic_cv,onset,7,state,Madhya Pradesh,all,359,63,0.1754874587059021,0.1200250387191772,0.1210521161556243,0.1330034434795379,0.0898572774602805,0.775096525096525,True
lightgbm_platt_cv,onset,7,state,Madhya Pradesh,all,359,63,0.1754874587059021,0.1168935522437095,0.1207617744803428,0.1330034434795379,0.0920402410564538,0.8053142428142428,True
climatology,onset,7,state,Maharashtra,all,692,73,0.1054913327097892,0.096744529902935,0.0906412154436111,0.0906412154436111,0.0,0.6919025383406732,True
lightgbm,onset,7,state,Maharashtra,all,692,73,0.1054913327097892,0.0885599181056022,0.0894025415182113,0.0906412154436111,0.0136656808863112,0.7457897182818067,True
lightgbm_uncalibrated,onset,7,state,Maharashtra,all,692,73,0.1054913327097892,0.0991787239909172,0.0904604271054267,0.0906412154436111,0.0019945489179459,0.7499059464005134,True
lightgbm_isotonic_val,onset,7,state,Maharashtra,all,692,73,0.1054913327097892,0.1655133664608001,0.0936988666653633,0.0906412154436111,-0.0337335637743556,0.7283953349414656,True
lightgbm_isotonic_cv,onset,7,state,Maharashtra,all,692,73,0.1054913327097892,0.0885599181056022,0.0894025415182113,0.0906412154436111,0.0136656808863112,0.7457897182818067,True
lightgbm_platt_cv,onset,7,state,Maharashtra,all,692,73,0.1054913327097892,0.0858843177556991,0.0901140719652175,0.0906412154436111,0.0058157150233879,0.7499059464005134,True
climatology,onset,7,state,Uttar Pradesh,all,328,46,0.1402439028024673,0.1432904005050659,0.1129451021552085,0.1129451021552085,0.0,0.7364708603145236,True
lightgbm,onset,7,state,Uttar Pradesh,all,328,46,0.1402439028024673,0.1657115221023559,0.1127523109316825,0.1129451021552085,0.0017069462937938,0.7490749306197965,True
lightgbm_uncalibrated,onset,7,state,Uttar Pradesh,all,328,46,0.1402439028024673,0.1509862542152404,0.1103320941329002,0.1129451021552085,0.0231352043820153,0.7550493370336109,True
lightgbm_isotonic_val,onset,7,state,Uttar Pradesh,all,328,46,0.1402439028024673,0.2349310666322708,0.1264454275369644,0.1129451021552085,-0.1195299762817847,0.7508865248226949,True
lightgbm_isotonic_cv,onset,7,state,Uttar Pradesh,all,328,46,0.1402439028024673,0.1657115221023559,0.1127523109316825,0.1129451021552085,0.0017069462937938,0.7490749306197965,True
lightgbm_platt_cv,onset,7,state,Uttar Pradesh,all,328,46,0.1402439028024673,0.1616612672805786,0.111211359500885,0.1129451021552085,0.0153503128620936,0.7550493370336109,True
climatology,onset,7,district,Bihar,Gaya,42,6,0.1428571492433548,0.1542315334081649,0.1073619425296783,0.1073619425296783,0.0,0.798611111111111,False
lightgbm,onset,7,district,Bihar,Gaya,42,6,0.1428571492433548,0.1880998909473419,0.1118690371513366,0.1073619425296783,-0.0419803751260594,0.7453703703703705,False
lightgbm_uncalibrated,onset,7,district,Bihar,Gaya,42,6,0.1428571492433548,0.1698217540979385,0.107826642692089,0.1073619425296783,-0.004328350917107,0.75,False
lightgbm_isotonic_val,onset,7,district,Bihar,Gaya,42,6,0.1428571492433548,0.251411497592926,0.1240503117442131,0.1073619425296783,-0.1554402688822582,0.736111111111111,False
lightgbm_isotonic_cv,onset,7,district,Bihar,Gaya,42,6,0.1428571492433548,0.1880998909473419,0.1118690371513366,0.1073619425296783,-0.0419803751260594,0.7453703703703705,False
lightgbm_platt_cv,onset,7,district,Bihar,Gaya,42,6,0.1428571492433548,0.1909239888191223,0.108548030257225,0.1073619425296783,-0.0110475621025469,0.75,False
climatology,onset,7,district,Bihar,Purnia,11,6,0.5454545617103577,0.288345068693161,0.3099770545959472,0.3099770545959472,0.0,0.5166666666666666,False
lightgbm,onset,7,district,Bihar,Purnia,11,6,0.5454545617103577,0.2611689269542694,0.3208711445331573,0.3099770545959472,-0.0351448269337562,0.6,False
lightgbm_uncalibrated,onset,7,district,Bihar,Purnia,11,6,0.5454545617103577,0.2129317671060562,0.3498575091361999,0.3099770545959472,-0.128656150347117,0.6333333333333333,False
lightgbm_isotonic_val,onset,7,district,Bihar,Purnia,11,6,0.5454545617103577,0.3044563233852386,0.2690506279468536,0.3099770545959472,0.1320305036849934,0.6000000000000001,False
lightgbm_isotonic_cv,onset,7,district,Bihar,Purnia,11,6,0.5454545617103577,0.2611689269542694,0.3208711445331573,0.3099770545959472,-0.0351448269337562,0.6,False
lightgbm_platt_cv,onset,7,district,Bihar,Purnia,11,6,0.5454545617103577,0.2481392920017242,0.3250797092914581,0.3099770545959472,-0.0487218472192951,0.6333333333333333,False
climatology,onset,7,district,Madhya Pradesh,Indore,176,27,0.1534090936183929,0.1108839511871337,0.1250379532575607,0.1250379532575607,0.0,0.6610738255033557,True
lightgbm,onset,7,district,Madhya Pradesh,Indore,176,27,0.1534090936183929,0.1124938949942588,0.1187052726745605,0.1250379532575607,0.050646067198139,0.7248322147651007,True
lightgbm_uncalibrated,onset,7,district,Madhya Pradesh,Indore,176,27,0.1534090936183929,0.1143751442432403,0.1203841269016265,0.1250379532575607,0.037219310094975,0.7588864031817052,True
lightgbm_isotonic_val,onset,7,district,Madhya Pradesh,Indore,176,27,0.1534090936183929,0.1546340435743332,0.1186741665005683,0.1250379532575607,0.0508948410558498,0.7431021625652497,True
lightgbm_isotonic_cv,onset,7,district,Madhya Pradesh,Indore,176,27,0.1534090936183929,0.1124938949942588,0.1187052726745605,0.1250379532575607,0.050646067198139,0.7248322147651007,True
lightgbm_platt_cv,onset,7,district,Madhya Pradesh,Indore,176,27,0.1534090936183929,0.108857937157154,0.1179786622524261,0.1250379532575607,0.0564571861680542,0.7588864031817052,True
climatology,onset,7,district,Madhya Pradesh,Sehore,183,36,0.1967213153839111,0.1207051202654838,0.1406642794609069,0.1406642794609069,0.0,0.7727702191987907,True
lightgbm,onset,7,district,Madhya Pradesh,Sehore,183,36,0.1967213153839111,0.1272681206464767,0.1233091950416565,0.1406642794609069,0.1233794712187308,0.8122637944066515,True
lightgbm_uncalibrated,onset,7,district,Madhya Pradesh,Sehore,183,36,0.1967213153839111,0.123960942029953,0.1334248632192611,0.1406642794609069,0.0514659177823305,0.8374905517762661,True
lightgbm_isotonic_val,onset,7,district,Madhya Pradesh,Sehore,183,36,0.1967213153839111,0.1834873706102371,0.1176540106534957,0.1406642794609069,0.1635828861143539,0.8328609221466364,True
lightgbm_isotonic_cv,onset,7,district,Madhya Pradesh,Sehore,183,36,0.1967213153839111,0.1272681206464767,0.1233091950416565,0.1406642794609069,0.1233794712187308,0.8122637944066515,True
lightgbm_platt_cv,onset,7,district,Madhya Pradesh,Sehore,183,36,0.1967213153839111,0.1246218234300613,0.1234384477138519,0.1406642794609069,0.1224605977656353,0.8374905517762661,True
climatology,onset,7,district,Maharashtra,Bid,447,39,0.0872483253479003,0.0840190201997757,0.0796147957444191,0.0796147957444191,0.0,0.649132730015083,True
lightgbm,onset,7,district,Maharashtra,Bid,447,39,0.0872483253479003,0.0841836258769035,0.0763070806860923,0.0796147957444191,0.0415464867729512,0.7376194067370538,True
lightgbm_uncalibrated,onset,7,district,Maharashtra,Bid,447,39,0.0872483253479003,0.0964833721518516,0.0771845504641532,0.0796147957444191,0.0305250457222477,0.7371480643539466,True
lightgbm_isotonic_val,onset,7,district,Maharashtra,Bid,447,39,0.0872483253479003,0.160796508193016,0.0821414217352867,0.0796147957444191,-0.0317356336500396,0.7332830568124686,True
lightgbm_isotonic_cv,onset,7,district,Maharashtra,Bid,447,39,0.0872483253479003,0.0841836258769035,0.0763070806860923,0.0796147957444191,0.0415464867729512,0.7376194067370538,True
lightgbm_platt_cv,onset,7,district,Maharashtra,Bid,447,39,0.0872483253479003,0.0824569463729858,0.0768472179770469,0.0796147957444191,0.0347621034695191,0.7371480643539466,True
climatology,onset,7,district,Maharashtra,Latur,245,34,0.1387755125761032,0.1199620962142944,0.110758788883686,0.110758788883686,0.0,0.7357819905213271,True
lightgbm,onset,7,district,Maharashtra,Latur,245,34,0.1387755125761032,0.0965444445610046,0.1132950782775878,0.110758788883686,-0.022899215669154,0.7472818511290773,True
lightgbm_uncalibrated,onset,7,district,Maharashtra,Latur,245,34,0.1387755125761032,0.1040963679552078,0.1146821305155754,0.110758788883686,-0.0354223955627526,0.7602453303596319,True
lightgbm_isotonic_val,onset,7,district,Maharashtra,Latur,245,34,0.1387755125761032,0.1741192638874054,0.1147852912545204,0.110758788883686,-0.0363537955896466,0.7107610816838584,True
lightgbm_isotonic_cv,onset,7,district,Maharashtra,Latur,245,34,0.1387755125761032,0.0965444445610046,0.1132950782775878,0.110758788883686,-0.022899215669154,0.7472818511290773,True
lightgbm_platt_cv,onset,7,district,Maharashtra,Latur,245,34,0.1387755125761032,0.0921375453472137,0.1143193319439888,0.110758788883686,-0.0321468219017984,0.7602453303596319,True
climatology,onset,7,district,Uttar Pradesh,Gorakhpur,119,15,0.1260504275560379,0.1614019125699997,0.1098473444581031,0.1098473444581031,0.0,0.6881410256410256,True
lightgbm,onset,7,district,Uttar Pradesh,Gorakhpur,119,15,0.1260504275560379,0.1973872482776641,0.1171641424298286,0.1098473444581031,-0.066608783378611,0.6932692307692307,True
lightgbm_uncalibrated,onset,7,district,Uttar Pradesh,Gorakhpur,119,15,0.1260504275560379,0.1755421310663223,0.1091851741075515,0.1098473444581031,0.0060280961166445,0.7019230769230769,True
lightgbm_isotonic_val,onset,7,district,Uttar Pradesh,Gorakhpur,119,15,0.1260504275560379,0.2883340716361999,0.1352018266916275,0.1098473444581031,-0.2308156137829509,0.6778846153846154,True
lightgbm_isotonic_cv,onset,7,district,Uttar Pradesh,Gorakhpur,119,15,0.1260504275560379,0.1973872482776641,0.1171641424298286,0.1098473444581031,-0.066608783378611,0.6932692307692307,True
lightgbm_platt_cv,onset,7,district,Uttar Pradesh,Gorakhpur,119,15,0.1260504275560379,0.1971323937177658,0.1165547966957092,0.1098473444581031,-0.0610615784177135,0.7019230769230769,True
climatology,onset,7,district,Uttar Pradesh,Jhansi,209,31,0.1483253538608551,0.1329781115055084,0.1147088930010795,0.1147088930010795,0.0,0.7646792316056542,True
lightgbm,onset,7,district,Uttar Pradesh,Jhansi,209,31,0.1483253538608551,0.1476760655641555,0.1102403253316879,0.1147088930010795,0.0389557213262408,0.796484233417905,True
lightgbm_uncalibrated,onset,7,district,Uttar Pradesh,Jhansi,209,31,0.1483253538608551,0.1370046734809875,0.1109851375222206,0.1147088930010795,0.0324626572660229,0.803642624139181,True
lightgbm_isotonic_val,onset,7,district,Uttar Pradesh,Jhansi,209,31,0.1483253538608551,0.2045245170593261,0.1214597225189209,0.1147088930010795,-0.0588518408749512,0.8063610003624502,True
lightgbm_isotonic_cv,onset,7,district,Uttar Pradesh,Jhansi,209,31,0.1483253538608551,0.1476760655641555,0.1102403253316879,0.1147088930010795,0.0389557213262408,0.796484233417905,True
lightgbm_platt_cv,onset,7,district,Uttar Pradesh,Jhansi,209,31,0.1483253538608551,0.1414647847414016,0.1081689223647117,0.1147088930010795,0.0570136322064083,0.803642624139181,True
climatology,onset,14,overall,all,all,1425,380,0.2666666805744171,0.2241305410861969,0.1727983504533767,0.1727983504533767,0.0,0.7335570385293377,True
lightgbm,onset,14,overall,all,all,1425,380,0.2666666805744171,0.233129620552063,0.172662004828453,0.1727983504533767,0.0007890447134822,0.7450402921178545,True
lightgbm_uncalibrated,onset,14,overall,all,all,1425,380,0.2666666805744171,0.2284929007291793,0.1792340874671936,0.1727983504533767,-0.0372442039922902,0.7503034500125912,True
lightgbm_isotonic_val,onset,14,overall,all,all,1425,380,0.2666666805744171,0.3618636131286621,0.1885351091623306,0.1727983504533767,-0.0910700748454182,0.7032472928733315,True
lightgbm_isotonic_cv,onset,14,overall,all,all,1425,380,0.2666666805744171,0.233129620552063,0.172662004828453,0.1727983504533767,0.0007890447134822,0.7450402921178545,True
lightgbm_platt_cv,onset,14,overall,all,all,1425,380,0.2666666805744171,0.2375751882791519,0.173029363155365,0.1727983504533767,-0.0013368918243843,0.7503034500125912,True
climatology,onset,14,state,Bihar,all,53,20,0.3773584961891174,0.3246019780635834,0.1927398592233657,0.1927398592233657,0.0,0.756060606060606,True
lightgbm,onset,14,state,Bihar,all,53,20,0.3773584961891174,0.3528895974159241,0.2151484042406082,0.1927398592233657,-0.1162631596159526,0.6818181818181818,True
lightgbm_uncalibrated,onset,14,state,Bihar,all,53,20,0.3773584961891174,0.2807899117469787,0.2240752875804901,0.1927398592233657,-0.1625788691731364,0.7196969696969697,True
lightgbm_isotonic_val,onset,14,state,Bihar,all,53,20,0.3773584961891174,0.4544864594936371,0.2247437834739685,0.1927398592233657,-0.1660472534304045,0.656060606060606,True
lightgbm_isotonic_cv,onset,14,state,Bihar,all,53,20,0.3773584961891174,0.3528895974159241,0.2151484042406082,0.1927398592233657,-0.1162631596159526,0.6818181818181818,True
lightgbm_platt_cv,onset,14,state,Bihar,all,53,20,0.3773584961891174,0.3690024614334106,0.2158333361148834,0.1927398592233657,-0.1198168193365476,0.7196969696969697,True
climatology,onset,14,state,Madhya Pradesh,all,359,129,0.3593314886093139,0.2307044714689254,0.2038608193397522,0.2038608193397522,0.0,0.7646612740141557,True
lightgbm,onset,14,state,Madhya Pradesh,all,359,129,0.3593314886093139,0.2620081603527069,0.1811153590679168,0.2038608193397522,0.1115734761858677,0.8033367037411526,True
lightgbm_uncalibrated,onset,14,state,Madhya Pradesh,all,359,129,0.3593314886093139,0.2382292002439499,0.210322767496109,0.2038608193397522,-0.0316978425637906,0.8151331311088642,True
lightgbm_isotonic_val,onset,14,state,Madhya Pradesh,all,359,129,0.3593314886093139,0.3640053868293762,0.1810829639434814,0.2038608193397522,0.1117323842317606,0.7818840579710145,True
lightgbm_isotonic_cv,onset,14,state,Madhya Pradesh,all,359,129,0.3593314886093139,0.2620081603527069,0.1811153590679168,0.2038608193397522,0.1115734761858677,0.8033367037411526,True
lightgbm_platt_cv,onset,14,state,Madhya Pradesh,all,359,129,0.3593314886093139,0.2645278871059418,0.1762583553791046,0.2038608193397522,0.1353985726636642,0.8151331311088642,True
climatology,onset,14,state,Maharashtra,all,685,144,0.2102189809083938,0.1903343498706817,0.1580966114997863,0.1580966114997863,0.0,0.6596066954200042,True
lightgbm,onset,14,state,Maharashtra,all,685,144,0.2102189809083938,0.1561333835124969,0.1601075381040573,0.1580966114997863,-0.0127196059750696,0.7037186794002875,True
lightgbm_uncalibrated,onset,14,state,Maharashtra,all,685,144,0.2102189809083938,0.198690190911293,0.1594299972057342,0.1580966114997863,-0.0084339929445589,0.7167090264941466,True
lightgbm_isotonic_val,onset,14,state,Maharashtra,all,685,144,0.2102189809083938,0.3264152109622955,0.1744168251752853,0.1580966114997863,-0.1032293704506184,0.6542539535838982,True
lightgbm_isotonic_cv,onset,14,state,Maharashtra,all,685,144,0.2102189809083938,0.1561333835124969,0.1601075381040573,0.1580966114997863,-0.0127196059750696,0.7037186794002875,True
lightgbm_platt_cv,onset,14,state,Maharashtra,all,685,144,0.2102189809083938,0.1597643345594406,0.1579170376062393,0.1580966114997863,0.0011358490978619,0.7167090264941466,True
climatology,onset,14,state,Uttar Pradesh,all,328,87,0.2652438879013061,0.2712810933589935,0.1662811636924743,0.1662811636924743,0.0,0.7510850383936664,True
lightgbm,onset,14,state,Uttar Pradesh,all,328,87,0.2652438879013061,0.3429703414440155,0.18276347219944,0.1662811636924743,-0.0991231245978561,0.7219917012448133,True
lightgbm_uncalibrated,onset,14,state,Uttar Pradesh,all,328,87,0.2652438879013061,0.2716262936592102,0.179320603609085,0.1662811636924743,-0.0784180217834309,0.7061334477989221,True
lightgbm_isotonic_val,onset,14,state,Uttar Pradesh,all,328,87,0.2652438879013061,0.4185838401317596,0.2203255891799926,0.1662811636924743,-0.3250183261134123,0.6609433872275481,True
lightgbm_isotonic_cv,onset,14,state,Uttar Pradesh,all,328,87,0.2652438879013061,0.3429703414440155,0.18276347219944,0.1662811636924743,-0.0991231245978561,0.7219917012448133,True
lightgbm_platt_cv,onset,14,state,Uttar Pradesh,all,328,87,0.2652438879013061,0.3493397831916809,0.1941395103931427,0.1662811636924743,-0.1675375976571251,0.7061334477989221,True
climatology,onset,14,district,Bihar,Gaya,42,12,0.2857142984867096,0.2875213325023651,0.1763843297958374,0.1763843297958374,0.0,0.751388888888889,True
lightgbm,onset,14,district,Bihar,Gaya,42,12,0.2857142984867096,0.3377314209938049,0.2000713646411895,0.1763843297958374,-0.1342921725119776,0.6777777777777777,True
lightgbm_uncalibrated,onset,14,district,Bihar,Gaya,42,12,0.2857142984867096,0.2769451737403869,0.1862313598394394,0.1763843297958374,-0.0558271250909863,0.7333333333333333,True
lightgbm_isotonic_val,onset,14,district,Bihar,Gaya,42,12,0.2857142984867096,0.4632418155670166,0.2127211689949035,0.1763843297958374,-0.2060094524333628,0.6763888888888888,True
lightgbm_isotonic_cv,onset,14,district,Bihar,Gaya,42,12,0.2857142984867096,0.3377314209938049,0.2000713646411895,0.1763843297958374,-0.1342921725119776,0.6777777777777777,True
lightgbm_platt_cv,onset,14,district,Bihar,Gaya,42,12,0.2857142984867096,0.3614346086978912,0.1995309442281723,0.1763843297958374,-0.1312282925536911,0.7333333333333333,True
climatology,onset,14,district,Bihar,Purnia,11,8,0.7272727489471436,0.4661824107170105,0.2551884651184082,0.2551884651184082,0.0,0.6458333333333334,False
lightgbm,onset,14,district,Bihar,Purnia,11,8,0.7272727489471436,0.4107662439346313,0.2727153599262237,0.2551884651184082,-0.0686821592805262,0.6875,False
lightgbm_uncalibrated,onset,14,district,Bihar,Purnia,11,8,0.7272727489471436,0.295469731092453,0.3685702383518219,0.2551884651184082,-0.4443060276286557,0.7083333333333333,False
lightgbm_isotonic_val,onset,14,district,Bihar,Purnia,11,8,0.7272727489471436,0.4210566580295563,0.2706483900547027,0.2551884651184082,-0.0605823814533352,0.75,False
lightgbm_isotonic_cv,onset,14,district,Bihar,Purnia,11,8,0.7272727489471436,0.4107662439346313,0.2727153599262237,0.2551884651184082,-0.0686821592805262,0.6875,False
lightgbm_platt_cv,onset,14,district,Bihar,Purnia,11,8,0.7272727489471436,0.3978979885578155,0.2780789136886596,0.2551884651184082,-0.0897001694791739,0.7083333333333333,False
climatology,onset,14,district,Madhya Pradesh,Indore,176,59,0.3352272808551788,0.2162827998399734,0.2099796384572982,0.2099796384572982,0.0,0.7104881935390409,True
lightgbm,onset,14,district,Madhya Pradesh,Indore,176,59,0.3352272808551788,0.2579022049903869,0.1931141763925552,0.2099796384572982,0.0803195118757803,0.7453281182094741,True
lightgbm_uncalibrated,onset,14,district,Madhya Pradesh,Indore,176,59,0.3352272808551788,0.2337351441383361,0.2109395414590835,0.2099796384572982,-0.0045714099178262,0.7543097204114153,True
lightgbm_isotonic_val,onset,14,district,Madhya Pradesh,Indore,176,59,0.3352272808551788,0.355517715215683,0.1960584074258804,0.2099796384572982,0.0662980045765193,0.7239605968419528,True
lightgbm_isotonic_cv,onset,14,district,Madhya Pradesh,Indore,176,59,0.3352272808551788,0.2579022049903869,0.1931141763925552,0.2099796384572982,0.0803195118757803,0.7453281182094741,True
lightgbm_platt_cv,onset,14,district,Madhya Pradesh,Indore,176,59,0.3352272808551788,0.2513571679592132,0.1929570585489273,0.2099796384572982,0.0810677646339157,0.7543097204114153,True
climatology,onset,14,district,Madhya Pradesh,Sehore,183,70,0.3825136721134186,0.2445745468139648,0.1979760378599167,0.1979760378599167,0.0,0.8005689001264222,True
lightgbm,onset,14,district,Madhya Pradesh,Sehore,183,70,0.3825136721134186,0.2659570276737213,0.1695755273103714,0.1979760378599167,0.1434542829351945,0.8505689001264223,True
lightgbm_uncalibrated,onset,14,district,Madhya Pradesh,Sehore,183,70,0.3825136721134186,0.2425513714551925,0.2097295969724655,0.1979760378599167,-0.0593685945006403,0.8598609355246524,True
lightgbm_isotonic_val,onset,14,district,Madhya Pradesh,Sehore,183,70,0.3825136721134186,0.3721683621406555,0.1666803359985351,0.1979760378599167,0.1580782310813071,0.8283817951959546,True
lightgbm_isotonic_cv,onset,14,district,Madhya Pradesh,Sehore,183,70,0.3825136721134186,0.2659570276737213,0.1695755273103714,0.1979760378599167,0.1434542829351945,0.8505689001264223,True
lightgbm_platt_cv,onset,14,district,Madhya Pradesh,Sehore,183,70,0.3825136721134186,0.2771947979927063,0.1601984053850174,0.1979760378599167,0.1908192167257629,0.8598609355246524,True
climatology,onset,14,district,Maharashtra,Bid,442,82,0.1855203658342361,0.1634667217731475,0.1472480148077011,0.1472480148077011,0.0,0.6425643631436314,True
lightgbm,onset,14,district,Maharashtra,Bid,442,82,0.1855203658342361,0.1354414373636245,0.1494148522615432,0.1472480148077011,-0.0147155631040047,0.7027947154471544,True
lightgbm_uncalibrated,onset,14,district,Maharashtra,Bid,442,82,0.1855203658342361,0.1913872063159942,0.1463345885276794,0.1472480148077011,0.0062033181310767,0.719749322493225,True
lightgbm_isotonic_val,onset,14,district,Maharashtra,Bid,442,82,0.1855203658342361,0.3212694823741913,0.1652788668870926,0.1472480148077011,-0.122452259223589,0.673509485094851,True
lightgbm_isotonic_cv,onset,14,district,Maharashtra,Bid,442,82,0.1855203658342361,0.1354414373636245,0.1494148522615432,0.1472480148077011,-0.0147155631040047,0.7027947154471544,True
lightgbm_platt_cv,onset,14,district,Maharashtra,Bid,442,82,0.1855203658342361,0.1432983577251434,0.1457696408033371,0.1472480148077011,0.0100400267283379,0.719749322493225,True
climatology,onset,14,district,Maharashtra,Latur,243,62,0.2551440298557281,0.2392046898603439,0.1778294146060943,0.1778294146060943,0.0,0.6618695419711281,True
lightgbm,onset,14,district,Maharashtra,Latur,243,62,0.2551440298557281,0.1937706023454666,0.1795568019151687,0.1778294146060943,-0.0097137321904854,0.698182142220638,True
lightgbm_uncalibrated,onset,14,district,Maharashtra,Latur,243,62,0.2551440298557281,0.2119738757610321,0.1832496672868728,0.1778294146060943,-0.030480068175362,0.7067367670646943,True
lightgbm_isotonic_val,onset,14,district,Maharashtra,Latur,243,62,0.2551440298557281,0.3357749283313751,0.1910381019115448,0.1778294146060943,-0.074277291722006,0.6126358937800749,True
lightgbm_isotonic_cv,onset,14,district,Maharashtra,Latur,243,62,0.2551440298557281,0.1937706023454666,0.1795568019151687,0.1778294146060943,-0.0097137321904854,0.698182142220638,True
lightgbm_platt_cv,onset,14,district,Maharashtra,Latur,243,62,0.2551440298557281,0.1897148191928863,0.1800122708082199,0.1778294146060943,-0.0122750007751009,0.7067367670646943,True
climatology,onset,14,district,Uttar Pradesh,Gorakhpur,119,30,0.2521008551120758,0.2931493520736694,0.1728933602571487,0.1728933602571487,0.0,0.6971910112359551,True
lightgbm,onset,14,district,Uttar Pradesh,Gorakhpur,119,30,0.2521008551120758,0.3486366271972656,0.2078144997358322,0.1728933602571487,-0.2019808014995159,0.648501872659176,True
lightgbm_uncalibrated,onset,14,district,Uttar Pradesh,Gorakhpur,119,30,0.2521008551120758,0.2827543318271637,0.1820966005325317,0.1728933602571487,-0.0532307328731118,0.6423220973782772,True
lightgbm_isotonic_val,onset,14,district,Uttar Pradesh,Gorakhpur,119,30,0.2521008551120758,0.4714695811271667,0.2380042672157287,0.1728933602571487,-0.3765957632018886,0.603183520599251,True
lightgbm_isotonic_cv,onset,14,district,Uttar Pradesh,Gorakhpur,119,30,0.2521008551120758,0.3486366271972656,0.2078144997358322,0.1728933602571487,-0.2019808014995159,0.648501872659176,True
lightgbm_platt_cv,onset,14,district,Uttar Pradesh,Gorakhpur,119,30,0.2521008551120758,0.3753111958503723,0.2202500402927398,0.1728933602571487,-0.273906875111666,0.6423220973782772,True
climatology,onset,14,district,Uttar Pradesh,Jhansi,209,57,0.2727272808551788,0.2588297724723816,0.1625163257122039,0.1625163257122039,0.0,0.7719875346260388,True
lightgbm,onset,14,district,Uttar Pradesh,Jhansi,209,57,0.2727272808551788,0.3397440910339355,0.1684999614953994,0.1625163257122039,-0.0368186750283276,0.7598684210526315,True
lightgbm_uncalibrated,onset,14,district,Uttar Pradesh,Jhansi,209,57,0.2727272808551788,0.265290230512619,0.1777400374412536,0.1625163257122039,-0.093674968729043,0.7403047091412742,True
lightgbm_isotonic_val,onset,14,district,Uttar Pradesh,Jhansi,209,57,0.2727272808551788,0.3884718418121338,0.2102597206830978,0.1625163257122039,-0.2937759930374097,0.6987534626038782,True
lightgbm_isotonic_cv,onset,14,district,Uttar Pradesh,Jhansi,209,57,0.2727272808551788,0.3397440910339355,0.1684999614953994,0.1625163257122039,-0.0368186750283276,0.7598684210526315,True
lightgbm_platt_cv,onset,14,district,Uttar Pradesh,Jhansi,209,57,0.2727272808551788,0.3345521986484527,0.1792727410793304,0.1625163257122039,-0.103106043615581,0.7403047091412742,True
climatology,onset,21,overall,all,all,1411,545,0.3862508833408355,0.3364022970199585,0.2067290544509887,0.2067290544509887,0.0,0.7255810750683307,True
lightgbm,onset,21,overall,all,all,1411,545,0.3862508833408355,0.3478420376777649,0.2096000909805297,0.2067290544509887,-0.0138879198048171,0.7089772655041634,True
lightgbm_uncalibrated,onset,21,overall,all,all,1411,545,0.3862508833408355,0.3344395458698272,0.2236443608999252,0.2067290544509887,-0.0818235564123219,0.7135909062016654,True
lightgbm_isotonic_val,onset,21,overall,all,all,1411,545,0.3862508833408355,0.4953519105911255,0.2358001768589019,0.2067290544509887,-0.1406242701835864,0.6452804203657012,True
lightgbm_isotonic_cv,onset,21,overall,all,all,1411,545,0.3862508833408355,0.3478420376777649,0.2096000909805297,0.2067290544509887,-0.0138879198048171,0.7089772655041634,True
lightgbm_platt_cv,onset,21,overall,all,all,1411,545,0.3862508833408355,0.3495951890945434,0.209663912653923,0.2067290544509887,-0.0141966411578109,0.7135909062016654,True
climatology,onset,21,state,Bihar,all,53,28,0.5283018946647644,0.4760042130947113,0.2089281976222992,0.2089281976222992,0.0,0.7149999999999999,True
lightgbm,onset,21,state,Bihar,all,53,28,0.5283018946647644,0.4441035687923431,0.2354868054389953,0.2089281976222992,-0.1271183503181743,0.6521428571428571,True
lightgbm_uncalibrated,onset,21,state,Bihar,all,53,28,0.5283018946647644,0.3771682381629944,0.2560776472091675,0.2089281976222992,-0.2256729829838726,0.7021428571428571,True
lightgbm_isotonic_val,onset,21,state,Bihar,all,53,28,0.5283018946647644,0.5610279440879822,0.226547360420227,0.2089281976222992,-0.0843311864958498,0.65,True
lightgbm_isotonic_cv,onset,21,state,Bihar,all,53,28,0.5283018946647644,0.4441035687923431,0.2354868054389953,0.2089281976222992,-0.1271183503181743,0.6521428571428571,True
lightgbm_platt_cv,onset,21,state,Bihar,all,53,28,0.5283018946647644,0.4746038317680359,0.2249431610107422,0.2089281976222992,-0.0766529533624507,0.7021428571428571,True
climatology,onset,21,state,Madhya Pradesh,all,359,182,0.5069637894630432,0.363449215888977,0.2132122963666916,0.2132122963666916,0.0,0.802461662631154,True
lightgbm,onset,21,state,Madhya Pradesh,all,359,182,0.5069637894630432,0.3910355865955353,0.2079814225435257,0.2132122963666916,0.024533640471512,0.7803439498354753,True
lightgbm_uncalibrated,onset,21,state,Madhya Pradesh,all,359,182,0.5069637894630432,0.3468949794769287,0.2491579353809356,0.2132122963666916,-0.1685908347069402,0.7978984292543614,True
lightgbm_isotonic_val,onset,21,state,Madhya Pradesh,all,359,182,0.5069637894630432,0.4992031455039978,0.2269486188888549,0.2132122963666916,-0.0644255643611617,0.7127956788973738,True
lightgbm_isotonic_cv,onset,21,state,Madhya Pradesh,all,359,182,0.5069637894630432,0.3910355865955353,0.2079814225435257,0.2132122963666916,0.024533640471512,0.7803439498354753,True
lightgbm_platt_cv,onset,21,state,Madhya Pradesh,all,359,182,0.5069637894630432,0.3877314031124115,0.2047403901815414,0.2132122963666916,0.0397346040989109,0.7978984292543614,True
climatology,onset,21,state,Maharashtra,all,671,210,0.3129657208919525,0.2821514904499054,0.2035551965236663,0.2035551965236663,0.0,0.6432651585580003,True
lightgbm,onset,21,state,Maharashtra,all,671,210,0.3129657208919525,0.2701076865196228,0.2097180634737014,0.2035551965236663,-0.030276146496307,0.6368092139241814,True
lightgbm_uncalibrated,onset,21,state,Maharashtra,all,671,210,0.3129657208919525,0.3056882917881012,0.210062950849533,0.2035551965236663,-0.0319704651957144,0.6388492924284681,True
lightgbm_isotonic_val,onset,21,state,Maharashtra,all,671,210,0.3129657208919525,0.4674654006958008,0.2311056554317474,0.2035551965236663,-0.1353463796483225,0.5767740935853733,True
lightgbm_isotonic_cv,onset,21,state,Maharashtra,all,671,210,0.3129657208919525,0.2701076865196228,0.2097180634737014,0.2035551965236663,-0.030276146496307,0.6368092139241814,True
lightgbm_platt_cv,onset,21,state,Maharashtra,all,671,210,0.3129657208919525,0.262363463640213,0.2087535560131073,0.2035551965236663,-0.0255378372953329,0.6388492924284681,True
climatology,onset,21,state,Uttar Pradesh,all,328,125,0.3810975551605224,0.3952240943908691,0.2057705372571945,0.2057705372571945,0.0,0.7054581280788177,True
lightgbm,onset,21,state,Uttar Pradesh,all,328,125,0.3810975551605224,0.4440352320671081,0.2069474458694458,0.2057705372571945,-0.0057195195577501,0.6930049261083744,True
lightgbm_uncalibrated,onset,21,state,Uttar Pradesh,all,328,125,0.3810975551605224,0.3727200329303741,0.218262642621994,0.2057705372571945,-0.0607089116416383,0.6946600985221676,True
lightgbm_isotonic_val,onset,21,state,Uttar Pradesh,all,328,125,0.3810975551605224,0.5375725626945496,0.2565871775150299,0.2057705372571945,-0.2469578052095922,0.6478029556650245,True
lightgbm_isotonic_cv,onset,21,state,Uttar Pradesh,all,328,125,0.3810975551605224,0.4440352320671081,0.2069474458694458,0.2057705372571945,-0.0057195195577501,0.6930049261083744,True
lightgbm_platt_cv,onset,21,state,Uttar Pradesh,all,328,125,0.3810975551605224,0.4661078155040741,0.2144462764263153,0.2057705372571945,-0.0421622030284971,0.6946600985221676,True
climatology,onset,21,district,Bihar,Gaya,42,19,0.4523809552192688,0.4373754262924194,0.2141601294279098,0.2141601294279098,0.0,0.723112128146453,True
lightgbm,onset,21,district,Bihar,Gaya,42,19,0.4523809552192688,0.4565222263336181,0.2151558101177215,0.2141601294279098,-0.0046492346286466,0.6716247139588101,True
lightgbm_uncalibrated,onset,21,district,Bihar,Gaya,42,19,0.4523809552192688,0.3826200366020202,0.2305357754230499,0.2141601294279098,-0.0764644942963224,0.7551487414187643,True
lightgbm_isotonic_val,onset,21,district,Bihar,Gaya,42,19,0.4523809552192688,0.5632270574569702,0.2303613424301147,0.2141601294279098,-0.0756499963157639,0.711670480549199,True
lightgbm_isotonic_cv,onset,21,district,Bihar,Gaya,42,19,0.4523809552192688,0.4565222263336181,0.2151558101177215,0.2141601294279098,-0.0046492346286466,0.6716247139588101,True
lightgbm_platt_cv,onset,21,district,Bihar,Gaya,42,19,0.4523809552192688,0.4918300211429596,0.2032503336668014,0.2141601294279098,0.050942235561082,0.7551487414187643,True
climatology,onset,21,district,Bihar,Purnia,11,9,0.8181818127632141,0.6234959959983826,0.1889517158269882,0.1889517158269882,0.0,0.5277777777777777,False
lightgbm,onset,21,district,Bihar,Purnia,11,9,0.8181818127632141,0.3966866731643677,0.313114196062088,0.1889517158269882,-0.6571122135180183,0.7222222222222222,False
lightgbm_uncalibrated,onset,21,district,Bihar,Purnia,11,9,0.8181818127632141,0.3563518822193146,0.3536012470722198,0.1889517158269882,-0.8713841550716128,0.6666666666666666,False
lightgbm_isotonic_val,onset,21,district,Bihar,Purnia,11,9,0.8181818127632141,0.5526315569877625,0.2119848132133484,0.1889517158269882,-0.1218993819958227,0.6111111111111112,False
lightgbm_isotonic_cv,onset,21,district,Bihar,Purnia,11,9,0.8181818127632141,0.3966866731643677,0.313114196062088,0.1889517158269882,-0.6571122135180183,0.7222222222222222,False
lightgbm_platt_cv,onset,21,district,Bihar,Purnia,11,9,0.8181818127632141,0.4088311195373535,0.3077702820301056,0.1889517158269882,-0.6288303108711244,0.6666666666666666,False
climatology,onset,21,district,Madhya Pradesh,Indore,176,78,0.4431818127632141,0.335851639509201,0.2258943021297454,0.2258943021297454,0.0,0.7272370486656201,True
lightgbm,onset,21,district,Madhya Pradesh,Indore,176,78,0.4431818127632141,0.3821721374988556,0.2164129316806793,0.2258943021297454,0.0419725967396044,0.7114076399790685,True
lightgbm_uncalibrated,onset,21,district,Madhya Pradesh,Indore,176,78,0.4431818127632141,0.3388789892196655,0.2421873658895492,0.2258943021297454,-0.0721269355012135,0.7112768184196755,True
lightgbm_isotonic_val,onset,21,district,Madhya Pradesh,Indore,176,78,0.4431818127632141,0.4884629547595978,0.2370049357414245,0.2258943021297454,-0.0491850989906665,0.609105180533752,True
lightgbm_isotonic_cv,onset,21,district,Madhya Pradesh,Indore,176,78,0.4431818127632141,0.3821721374988556,0.2164129316806793,0.2258943021297454,0.0419725967396044,0.7114076399790685,True
lightgbm_platt_cv,onset,21,district,Madhya Pradesh,Indore,176,78,0.4431818127632141,0.3629734218120575,0.2212212979793548,0.2258943021297454,0.0206866844640757,0.7112768184196755,True
climatology,onset,21,district,Madhya Pradesh,Sehore,183,104,0.568306028842926,0.3899911046028137,0.201015368103981,0.201015368103981,0.0,0.8532132424537487,True
lightgbm,onset,21,district,Madhya Pradesh,Sehore,183,104,0.568306028842926,0.3995600342750549,0.1998723745346069,0.201015368103981,0.0056861004218485,0.8378773125608568,True
lightgbm_uncalibrated,onset,21,district,Madhya Pradesh,Sehore,183,104,0.568306028842926,0.3546043336391449,0.2558619081974029,0.201015368103981,-0.2728474972373802,0.8676363193768257,True
lightgbm_isotonic_val,onset,21,district,Madhya Pradesh,Sehore,183,104,0.568306028842926,0.5095325112342834,0.2172770053148269,0.201015368103981,-0.0808974824374331,0.7923563777994157,True
lightgbm_isotonic_cv,onset,21,district,Madhya Pradesh,Sehore,183,104,0.568306028842926,0.3995600342750549,0.1998723745346069,0.201015368103981,0.0056861004218485,0.8378773125608568,True
lightgbm_platt_cv,onset,21,district,Madhya Pradesh,Sehore,183,104,0.568306028842926,0.4115423858165741,0.1888898909091949,0.201015368103981,0.0603211451400761,0.8676363193768257,True
climatology,onset,21,district,Maharashtra,Bid,432,116,0.2685185074806213,0.2462776750326156,0.1874989718198776,0.1874989718198776,0.0,0.6361850720209515,True
lightgbm,onset,21,district,Maharashtra,Bid,432,116,0.2685185074806213,0.240191251039505,0.19308602809906,0.1874989718198776,-0.0297977968889859,0.641818529026626,True
lightgbm_uncalibrated,onset,21,district,Maharashtra,Bid,432,116,0.2685185074806213,0.2976379990577698,0.1930770576000213,0.1874989718198776,-0.0297499539650936,0.6433053251855085,True
lightgbm_isotonic_val,onset,21,district,Maharashtra,Bid,432,116,0.2685185074806213,0.4487861096858978,0.2222137749195099,0.1874989718198776,-0.1851466318065002,0.5863842208642515,True
lightgbm_isotonic_cv,onset,21,district,Maharashtra,Bid,432,116,0.2685185074806213,0.240191251039505,0.19308602809906,0.1874989718198776,-0.0297977968889859,0.641818529026626,True
lightgbm_platt_cv,onset,21,district,Maharashtra,Bid,432,116,0.2685185074806213,0.2405051440000534,0.1903317719697952,0.1874989718198776,-0.0151083503147897,0.6433053251855085,True
climatology,onset,21,district,Maharashtra,Latur,239,94,0.3933054506778717,0.3469945788383484,0.2325773239135742,0.2325773239135742,0.0,0.6057960381511373,True
lightgbm,onset,21,district,Maharashtra,Latur,239,94,0.3933054506778717,0.3241825699806213,0.2397810220718383,0.2325773239135742,-0.0309733470015376,0.5850696991929567,True
lightgbm_uncalibrated,onset,21,district,Maharashtra,Latur,239,94,0.3933054506778717,0.320239394903183,0.2407654821872711,0.2325773239135742,-0.0352061763198359,0.58492296404989,True
lightgbm_isotonic_val,onset,21,district,Maharashtra,Latur,239,94,0.3933054506778717,0.5012288689613342,0.2471779584884643,0.2325773239135742,-0.0627775499743721,0.5327953044754219,True
lightgbm_isotonic_cv,onset,21,district,Maharashtra,Latur,239,94,0.3933054506778717,0.3241825699806213,0.2397810220718383,0.2325773239135742,-0.0309733470015376,0.5850696991929567,True
lightgbm_platt_cv,onset,21,district,Maharashtra,Latur,239,94,0.3933054506778717,0.3018730580806732,0.2420515120029449,0.2325773239135742,-0.0407356483854433,0.58492296404989,True
climatology,onset,21,district,Uttar Pradesh,Gorakhpur,119,42,0.3529411852359772,0.4221381843090057,0.2226030975580215,0.2226030975580215,0.0,0.6559987631416202,True
lightgbm,onset,21,district,Uttar Pradesh,Gorakhpur,119,42,0.3529411852359772,0.447483628988266,0.2408858984708786,0.2226030975580215,-0.0821318351515374,0.5756029684601113,True
lightgbm_uncalibrated,onset,21,district,Uttar Pradesh,Gorakhpur,119,42,0.3529411852359772,0.379065990447998,0.2259658575057983,0.2226030975580215,-0.0151065280971676,0.5522572665429808,True
lightgbm_isotonic_val,onset,21,district,Uttar Pradesh,Gorakhpur,119,42,0.3529411852359772,0.567842960357666,0.2906611263751983,0.2226030975580215,-0.305737114908913,0.5527210884353742,True
lightgbm_isotonic_cv,onset,21,district,Uttar Pradesh,Gorakhpur,119,42,0.3529411852359772,0.447483628988266,0.2408858984708786,0.2226030975580215,-0.0821318351515374,0.5756029684601113,True
lightgbm_platt_cv,onset,21,district,Uttar Pradesh,Gorakhpur,119,42,0.3529411852359772,0.4834571778774261,0.2623873651027679,0.2226030975580215,-0.1787228838285892,0.5522572665429808,True
climatology,onset,21,district,Uttar Pradesh,Jhansi,209,83,0.3971291780471802,0.3798997402191162,0.1961864531040191,0.1961864531040191,0.0,0.7366131191432396,True
lightgbm,onset,21,district,Uttar Pradesh,Jhansi,209,83,0.3971291780471802,0.4420718252658844,0.1876236200332641,0.1961864531040191,0.0436464033845137,0.7521992732836106,True
lightgbm_uncalibrated,onset,21,district,Uttar Pradesh,Jhansi,209,83,0.3971291780471802,0.3691067397594452,0.2138766348361969,0.1961864531040191,-0.0901702510662054,0.7796423790399695,True
lightgbm_isotonic_val,onset,21,district,Uttar Pradesh,Jhansi,209,83,0.3971291780471802,0.5203373432159424,0.2371862977743148,0.1961864531040191,-0.2089840762275128,0.7118473895582329,True
lightgbm_isotonic_cv,onset,21,district,Uttar Pradesh,Jhansi,209,83,0.3971291780471802,0.4420718252658844,0.1876236200332641,0.1961864531040191,0.0436464033845137,0.7521992732836106,True
lightgbm_platt_cv,onset,21,district,Uttar Pradesh,Jhansi,209,83,0.3971291780471802,0.4562293887138366,0.1871496737003326,0.1961864531040191,0.0460621987946088,0.7796423790399695,True
climatology,onset,28,overall,all,all,1404,703,0.5007122755050659,0.4448429942131042,0.2171263992786407,0.2171263992786407,0.0,0.7193401825881742,True
lightgbm,onset,28,overall,all,all,1404,703,0.5007122755050659,0.438775360584259,0.23354572057724,0.2171263992786407,-0.0756210269831267,0.667429987236279,True
lightgbm_uncalibrated,onset,28,overall,all,all,1404,703,0.5007122755050659,0.4358424842357635,0.2398902475833892,0.2171263992786407,-0.1048414581569854,0.6753652067864846,True
lightgbm_isotonic_val,onset,28,overall,all,all,1404,703,0.5007122755050659,0.6111558675765991,0.2471177875995636,0.2171263992786407,-0.1381287048491719,0.6231475863580376,True
lightgbm_isotonic_cv,onset,28,overall,all,all,1404,703,0.5007122755050659,0.438775360584259,0.23354572057724,0.2171263992786407,-0.0756210269831267,0.667429987236279,True
lightgbm_platt_cv,onset,28,overall,all,all,1404,703,0.5007122755050659,0.4341785013675689,0.2338591963052749,0.2171263992786407,-0.0770647746300108,0.6753652067864846,True
climatology,onset,28,state,Bihar,all,53,36,0.6792452931404114,0.6031718850135803,0.1821056604385376,0.1821056604385376,0.0,0.7303921568627452,True
lightgbm,onset,28,state,Bihar,all,53,36,0.6792452931404114,0.5207238793373108,0.2312591671943664,0.1821056604385376,-0.2699175118305488,0.6683006535947712,True
lightgbm_uncalibrated,onset,28,state,Bihar,all,53,36,0.6792452931404114,0.480150431394577,0.2484052628278732,0.1821056604385376,-0.3640721668380668,0.6944444444444444,True
lightgbm_isotonic_val,onset,28,state,Bihar,all,53,36,0.6792452931404114,0.6858108639717102,0.2045082449913025,0.1821056604385376,-0.1230197045979577,0.6911764705882354,True
lightgbm_isotonic_cv,onset,28,state,Bihar,all,53,36,0.6792452931404114,0.5207238793373108,0.2312591671943664,0.1821056604385376,-0.2699175118305488,0.6683006535947712,True
lightgbm_platt_cv,onset,28,state,Bihar,all,53,36,0.6792452931404114,0.511258602142334,0.2327341884374618,0.1821056604385376,-0.2780173217955071,0.6944444444444444,True
climatology,onset,28,state,Madhya Pradesh,all,359,229,0.6378830075263977,0.4940265417098999,0.2018053084611892,0.2018053084611892,0.0,0.7859422237151493,True
lightgbm,onset,28,state,Madhya Pradesh,all,359,229,0.6378830075263977,0.4744167029857635,0.2323653399944305,0.2018053084611892,-0.1514332391267026,0.7213301981860933,True
lightgbm_uncalibrated,onset,28,state,Madhya Pradesh,all,359,229,0.6378830075263977,0.4554383754730224,0.2479469031095504,0.2018053084611892,-0.2286441075321617,0.7396876049714477,True
lightgbm_isotonic_val,onset,28,state,Madhya Pradesh,all,359,229,0.6378830075263977,0.6447053551673889,0.2136891782283783,0.2018053084611892,-0.058887795657142,0.6435841451125294,True
lightgbm_isotonic_cv,onset,28,state,Madhya Pradesh,all,359,229,0.6378830075263977,0.4744167029857635,0.2323653399944305,0.2018053084611892,-0.1514332391267026,0.7213301981860933,True
lightgbm_platt_cv,onset,28,state,Madhya Pradesh,all,359,229,0.6378830075263977,0.4681825041770935,0.2343447357416153,0.2018053084611892,-0.1612416815422075,0.7396876049714477,True
climatology,onset,28,state,Maharashtra,all,664,266,0.4006024003028869,0.3676652908325195,0.2225579470396042,0.2225579470396042,0.0,0.6556135942872257,True
lightgbm,onset,28,state,Maharashtra,all,664,266,0.4006024003028869,0.3708487451076507,0.2396766990423202,0.2225579470396042,-0.0769181789750683,0.5462226546265161,True
lightgbm_uncalibrated,onset,28,state,Maharashtra,all,664,266,0.4006024003028869,0.3990809321403503,0.2371681332588195,0.2225579470396042,-0.0656466615259327,0.5583131824536215,True
lightgbm_isotonic_val,onset,28,state,Maharashtra,all,664,266,0.4006024003028869,0.5616532564163208,0.2647635340690613,0.2225579470396042,-0.1896386428382475,0.5537886802433218,True
lightgbm_isotonic_cv,onset,28,state,Maharashtra,all,664,266,0.4006024003028869,0.3708487451076507,0.2396766990423202,0.2225579470396042,-0.0769181789750683,0.5462226546265161,True
lightgbm_platt_cv,onset,28,state,Maharashtra,all,664,266,0.4006024003028869,0.3701297342777252,0.2381127774715423,0.2225579470396042,-0.0698911480755624,0.5583131824536215,True
climatology,onset,28,state,Uttar Pradesh,all,328,172,0.5243902206420898,0.521665096282959,0.2285587042570114,0.2285587042570114,0.0,0.6480322003577818,True
lightgbm,onset,28,state,Uttar Pradesh,all,328,172,0.5243902206420898,0.5240336656570435,0.222795620560646,0.2285587042570114,0.0252148948564427,0.6707848837209303,True
lightgbm_uncalibrated,onset,28,state,Uttar Pradesh,all,328,172,0.5243902206420898,0.4816546440124511,0.2352068424224853,0.2285587042570114,-0.029087223726987,0.6632006559332141,True
lightgbm_isotonic_val,onset,28,state,Uttar Pradesh,all,328,172,0.5243902206420898,0.6625852584838867,0.2548690438270569,0.2285587042570114,-0.1151141438939022,0.6201736732259988,True
lightgbm_isotonic_cv,onset,28,state,Uttar Pradesh,all,328,172,0.5243902206420898,0.5240336656570435,0.222795620560646,0.2285587042570114,0.0252148948564427,0.6707848837209303,True
lightgbm_platt_cv,onset,28,state,Uttar Pradesh,all,328,172,0.5243902206420898,0.5141654014587402,0.2248985767364502,0.2285587042570114,0.0160139493810108,0.6632006559332141,True
climatology,onset,28,district,Bihar,Gaya,42,25,0.5952380895614624,0.5729714632034302,0.2086154371500015,0.2086154371500015,0.0,0.7317647058823529,True
lightgbm,onset,28,district,Bihar,Gaya,42,25,0.5952380895614624,0.5334115624427795,0.2169474363327026,0.2086154371500015,-0.0399395140480909,0.7729411764705881,True
lightgbm_uncalibrated,onset,28,district,Bihar,Gaya,42,25,0.5952380895614624,0.4861680567264557,0.235766664147377,0.2086154371500015,-0.1301496541593556,0.7941176470588236,True
lightgbm_isotonic_val,onset,28,district,Bihar,Gaya,42,25,0.5952380895614624,0.6888703107833862,0.2297984063625335,0.2086154371500015,-0.1015407560529702,0.7458823529411766,True
lightgbm_isotonic_cv,onset,28,district,Bihar,Gaya,42,25,0.5952380895614624,0.5334115624427795,0.2169474363327026,0.2086154371500015,-0.0399395140480909,0.7729411764705881,True
lightgbm_platt_cv,onset,28,district,Bihar,Gaya,42,25,0.5952380895614624,0.5218558311462402,0.2187152355909347,0.2086154371500015,-0.0484134759100838,0.7941176470588236,True
climatology,onset,28,district,Bihar,Purnia,11,11,1.0,0.7184828519821167,0.0808864682912826,0.0808864682912826,0.0,,False
lightgbm,onset,28,district,Bihar,Purnia,11,11,1.0,0.4722801446914673,0.2859039306640625,0.0808864682912826,-2.534632389122064,,False
lightgbm_uncalibrated,onset,28,district,Bihar,Purnia,11,11,1.0,0.4571743011474609,0.296661764383316,0.0808864682912826,-2.667631566197186,,False
lightgbm_isotonic_val,onset,28,district,Bihar,Purnia,11,11,1.0,0.6741296052932739,0.1079457774758338,0.0808864682912826,-0.3345344376652366,,False
lightgbm_isotonic_cv,onset,28,district,Bihar,Purnia,11,11,1.0,0.4722801446914673,0.2859039306640625,0.0808864682912826,-2.534632389122064,,False
lightgbm_platt_cv,onset,28,district,Bihar,Purnia,11,11,1.0,0.4707963168621063,0.2862612009048462,0.0808864682912826,-2.5390493237259726,,False
climatology,onset,28,district,Madhya Pradesh,Indore,176,102,0.5795454382896423,0.4501081705093384,0.233811467885971,0.233811467885971,0.0,0.680776364599894,True
lightgbm,onset,28,district,Madhya Pradesh,Indore,176,102,0.5795454382896423,0.4533833563327789,0.248847484588623,0.233811467885971,-0.0643082943646928,0.614997350291468,True
lightgbm_uncalibrated,onset,28,district,Madhya Pradesh,Indore,176,102,0.5795454382896423,0.4446991980075836,0.2535509765148163,0.233811467885971,-0.0844248950118737,0.6198993110757817,True
lightgbm_isotonic_val,onset,28,district,Madhya Pradesh,Indore,176,102,0.5795454382896423,0.632125735282898,0.234487310051918,0.233811467885971,-0.0028905432742785,0.5725357710651828,True
lightgbm_isotonic_cv,onset,28,district,Madhya Pradesh,Indore,176,102,0.5795454382896423,0.4533833563327789,0.248847484588623,0.233811467885971,-0.0643082943646928,0.614997350291468,True
lightgbm_platt_cv,onset,28,district,Madhya Pradesh,Indore,176,102,0.5795454382896423,0.4494559466838836,0.2487512081861496,0.233811467885971,-0.0638965249876648,0.6198993110757817,True
climatology,onset,28,district,Madhya Pradesh,Sehore,183,127,0.693989098072052,0.5362648963928223,0.1710234433412552,0.1710234433412552,0.0,0.8682508436445443,True
lightgbm,onset,28,district,Madhya Pradesh,Sehore,183,127,0.693989098072052,0.4946455061435699,0.2165137082338333,0.1710234433412552,-0.2659884750525585,0.8079302587176602,True
lightgbm_uncalibrated,onset,28,district,Madhya Pradesh,Sehore,183,127,0.693989098072052,0.4657667875289917,0.2425571680068969,0.1710234433412552,-0.4182685324777695,0.8334505061867264,True
lightgbm_isotonic_val,onset,28,district,Madhya Pradesh,Sehore,183,127,0.693989098072052,0.6568037271499634,0.1936865597963333,0.1710234433412552,-0.1325146775922223,0.7013498312710911,True
lightgbm_isotonic_cv,onset,28,district,Madhya Pradesh,Sehore,183,127,0.693989098072052,0.4946455061435699,0.2165137082338333,0.1710234433412552,-0.2659884750525585,0.8079302587176602,True
lightgbm_platt_cv,onset,28,district,Madhya Pradesh,Sehore,183,127,0.693989098072052,0.4861927032470703,0.2204893082380294,0.1710234433412552,-0.2892344109694456,0.8334505061867264,True
climatology,onset,28,district,Maharashtra,Bid,427,147,0.3442623019218445,0.3242420554161072,0.2090235352516174,0.2090235352516174,0.0,0.6548955296404276,True
lightgbm,onset,28,district,Maharashtra,Bid,427,147,0.3442623019218445,0.3603091537952423,0.2282003909349441,0.2090235352516174,-0.0917449590556493,0.532312925170068,True
lightgbm_uncalibrated,onset,28,district,Maharashtra,Bid,427,147,0.3442623019218445,0.391282707452774,0.226451575756073,0.2090235352516174,-0.0833783644673127,0.549234693877551,True
lightgbm_isotonic_val,onset,28,district,Maharashtra,Bid,427,147,0.3442623019218445,0.5307672023773193,0.2633446156978607,0.2090235352516174,-0.2598802110052003,0.5541545189504373,True
lightgbm_isotonic_cv,onset,28,district,Maharashtra,Bid,427,147,0.3442623019218445,0.3603091537952423,0.2282003909349441,0.2090235352516174,-0.0917449590556493,0.532312925170068,True
lightgbm_platt_cv,onset,28,district,Maharashtra,Bid,427,147,0.3442623019218445,0.3569680452346802,0.2255610674619674,0.2090235352516174,-0.0791180389827517,0.549234693877551,True
climatology,onset,28,district,Maharashtra,Latur,237,119,0.502109706401825,0.4459003508090973,0.2469427287578582,0.2469427287578582,0.0,0.6003418316479134,True
lightgbm,onset,28,district,Maharashtra,Latur,237,119,0.502109706401825,0.3898378014564514,0.2603534460067749,0.2469427287578582,-0.0543069938376952,0.5161301808859138,True
lightgbm_uncalibrated,onset,28,district,Maharashtra,Latur,237,119,0.502109706401825,0.4131308794021606,0.2564761042594909,0.2469427287578582,-0.0386056133322343,0.5151331719128329,True
lightgbm_isotonic_val,onset,28,district,Maharashtra,Latur,237,119,0.502109706401825,0.6173001527786255,0.267319917678833,0.2469427287578582,-0.0825178737737031,0.500106822389973,True
lightgbm_isotonic_cv,onset,28,district,Maharashtra,Latur,237,119,0.502109706401825,0.3898378014564514,0.2603534460067749,0.2469427287578582,-0.0543069938376952,0.5161301808859138,True
lightgbm_platt_cv,onset,28,district,Maharashtra,Latur,237,119,0.502109706401825,0.3938429951667785,0.2607270777225494,0.2469427287578582,-0.0558200236711869,0.5151331719128329,True
climatology,onset,28,district,Uttar Pradesh,Gorakhpur,119,57,0.4789915978908539,0.5435158610343933,0.260280430316925,0.260280430316925,0.0,0.5840407470288624,True
lightgbm,onset,28,district,Uttar Pradesh,Gorakhpur,119,57,0.4789915978908539,0.5356525778770447,0.2566323280334472,0.260280430316925,0.0140160452287394,0.5056593095642332,True
lightgbm_uncalibrated,onset,28,district,Uttar Pradesh,Gorakhpur,119,57,0.4789915978908539,0.4879229664802551,0.2486631125211715,0.260280430316925,0.0446338504266644,0.5026881720430108,True
lightgbm_isotonic_val,onset,28,district,Uttar Pradesh,Gorakhpur,119,57,0.4789915978908539,0.6873704791069031,0.2973411083221435,0.260280430316925,-0.142387493212964,0.4496321448783248,True
lightgbm_isotonic_cv,onset,28,district,Uttar Pradesh,Gorakhpur,119,57,0.4789915978908539,0.5356525778770447,0.2566323280334472,0.260280430316925,0.0140160452287394,0.5056593095642332,True
lightgbm_platt_cv,onset,28,district,Uttar Pradesh,Gorakhpur,119,57,0.4789915978908539,0.5250587463378906,0.2526516020298004,0.260280430316925,0.0293100340960538,0.5026881720430108,True
climatology,onset,28,district,Uttar Pradesh,Jhansi,209,115,0.5502392053604126,0.5092237591743469,0.2104970812797546,0.2104970812797546,0.0,0.6881128584643849,True
lightgbm,onset,28,district,Uttar Pradesh,Jhansi,209,115,0.5502392053604126,0.5174181461334229,0.2035297453403473,0.2104970812797546,0.0330994420304936,0.7699352451433857,True
lightgbm_uncalibrated,onset,28,district,Uttar Pradesh,Jhansi,209,115,0.5502392053604126,0.4780856668949127,0.2275451421737671,0.2104970812797546,-0.0809895357710697,0.7646623496762257,True
lightgbm_isotonic_val,onset,28,district,Uttar Pradesh,Jhansi,209,115,0.5502392053604126,0.6484729647636414,0.2306863665580749,0.2104970812797546,-0.0959124238472854,0.7241905642923219,True
lightgbm_isotonic_cv,onset,28,district,Uttar Pradesh,Jhansi,209,115,0.5502392053604126,0.5174181461334229,0.2035297453403473,0.2104970812797546,0.0330994420304936,0.7699352451433857,True
lightgbm_platt_cv,onset,28,district,Uttar Pradesh,Jhansi,209,115,0.5502392053604126,0.5079630613327026,0.2090966254472732,0.2104970812797546,0.0066530890783238,0.7646623496762257,True
chronos_finetuned_stack,dry,7,overall,all,all,4140,884,0.21352657675743103,0.16654539108276367,0.13870088756084442,0.14070162177085876,0.014219695443686176,0.7600791994174347,True
chronos_finetuned_stack,dry,7,state,Bihar,all,276,21,0.07608695328235626,0.09643504023551941,0.060231782495975494,0.06218926981091499,0.03147628716161477,0.7712418300653595,True
chronos_finetuned_stack,dry,7,state,Madhya Pradesh,all,1242,219,0.17632849514484406,0.17763760685920715,0.11393079161643982,0.1253233402967453,0.09090524281693879,0.7888830862759276,True
chronos_finetuned_stack,dry,7,state,Maharashtra,all,1794,430,0.23968784511089325,0.15796948969364166,0.16223777830600739,0.16469432413578033,0.014915789251775835,0.7034099433949397,True
chronos_finetuned_stack,dry,7,state,Uttar Pradesh,all,828,214,0.2584541141986847,0.19185826182365417,0.15101581811904907,0.1379556506872177,-0.09466931848585336,0.800214618405431,True
chronos_finetuned_stack,dry,7,district,Bihar,Gaya,138,17,0.12318840622901917,0.15257573127746582,0.09071928262710571,0.08722855150699615,-0.0400182171984087,0.8001944579484686,True
chronos_finetuned_stack,dry,7,district,Bihar,Purnia,138,4,0.028985507786273956,0.04029436036944389,0.029744282364845276,0.03714999184012413,0.19934619386053976,0.4272388059701493,False
chronos_finetuned_stack,dry,7,district,Madhya Pradesh,Indore,552,108,0.19565217196941376,0.19964121282100677,0.13572080433368683,0.15060806274414062,0.09884768543729894,0.7181765098431765,True
chronos_finetuned_stack,dry,7,district,Madhya Pradesh,Sehore,690,111,0.1608695685863495,0.16003473103046417,0.0964987725019455,0.10509555041790009,0.08179963739445217,0.8323297390654903,True
chronos_finetuned_stack,dry,7,district,Maharashtra,Bid,1104,295,0.2672101557254791,0.1793976128101349,0.17501191794872284,0.17485545575618744,-0.0008948087542293148,0.68053047285831,True
chronos_finetuned_stack,dry,7,district,Maharashtra,Latur,690,135,0.19565217196941376,0.12368454039096832,0.14179913699626923,0.1484365165233612,0.04471527412897336,0.7308641975308641,True
chronos_finetuned_stack,dry,7,district,Uttar Pradesh,Gorakhpur,276,68,0.24637681245803833,0.13456010818481445,0.18045414984226227,0.16083410382270813,-0.1219893390345983,0.7145786199095022,True
chronos_finetuned_stack,dry,7,district,Uttar Pradesh,Jhansi,552,146,0.2644927501678467,0.22050733864307404,0.13629664480686188,0.1265164315700531,-0.07730389733126009,0.8404750657939132,True
chronos_finetuned_stack,dry,14,overall,all,all,4110,1286,0.31289538741111755,0.2184946984052658,0.18375332653522491,0.17850472033023834,-0.029403178780239125,0.745498482238445,True
chronos_finetuned_stack,dry,14,state,Bihar,all,274,36,0.131386861205101,0.14676858484745026,0.09389563649892807,0.0924917459487915,-0.015178549563912735,0.788515406162465,True
chronos_finetuned_stack,dry,14,state,Madhya Pradesh,all,1233,315,0.2554744482040405,0.23122602701187134,0.15251454710960388,0.1659015417098999,0.08069240624481289,0.7672510979700522,True
chronos_finetuned_stack,dry,14,state,Maharashtra,all,1781,631,0.3542953431606293,0.2138219177722931,0.22074609994888306,0.21292433142662048,-0.036734968098083076,0.6843850341073522,True
chronos_finetuned_stack,dry,14,state,Uttar Pradesh,all,822,304,0.3698296844959259,0.2334306836128235,0.18041309714317322,0.15150468051433563,-0.19080873627598738,0.8048795976427556,True
chronos_finetuned_stack,dry,14,district,Bihar,Gaya,137,25,0.18248175084590912,0.22194123268127441,0.12018284201622009,0.11030363291501999,-0.08956376902663976,0.8203571428571428,True
chronos_finetuned_stack,dry,14,district,Bihar,Purnia,137,11,0.08029197156429291,0.07159595191478729,0.06760842353105545,0.07467988133430481,0.0946902656633043,0.7085137085137085,True
chronos_finetuned_stack,dry,14,district,Madhya Pradesh,Indore,548,157,0.2864963412284851,0.2673816978931427,0.17946287989616394,0.20022433996200562,0.10369099016523842,0.7177415413686937,True
chronos_finetuned_stack,dry,14,district,Madhya Pradesh,Sehore,685,158,0.2306569367647171,0.202301487326622,0.13095587491989136,0.13844330608844757,0.054083013329461416,0.796207335527106,True
chronos_finetuned_stack,dry,14,district,Maharashtra,Bid,1096,431,0.39324817061424255,0.23750010132789612,0.2345951944589615,0.22122584283351898,-0.06043304640273628,0.6746925317935208,True
chronos_finetuned_stack,dry,14,district,Maharashtra,Latur,685,200,0.29197078943252563,0.17593683302402496,0.1985875964164734,0.19964194297790527,0.005281187638754736,0.6769484536082475,True
chronos_finetuned_stack,dry,14,district,Uttar Pradesh,Gorakhpur,274,104,0.37956205010414124,0.1762268841266632,0.2268410623073578,0.18422207236289978,-0.23134573071408449,0.7502828054298643,True
chronos_finetuned_stack,dry,14,district,Uttar Pradesh,Jhansi,548,200,0.36496350169181824,0.26203256845474243,0.15719908475875854,0.13514597713947296,-0.1631799043232074,0.836551724137931,True
chronos_finetuned_stack,dry,21,overall,all,all,4050,1626,0.4014814794063568,0.2649798095226288,0.21155554056167603,0.19027461111545563,-0.11184324236147014,0.7546668412228675,True
chronos_finetuned_stack,dry,21,state,Bihar,all,270,53,0.19629628956317902,0.18302035331726074,0.12555278837680817,0.10582547634840012,-0.18641363789813248,0.8004521345969916,True
chronos_finetuned_stack,dry,21,state,Madhya Pradesh,all,1215,412,0.3390946388244629,0.2620980739593506,0.17404893040657043,0.17457684874534607,0.003023988246836251,0.794454049740657,True
chronos_finetuned_stack,dry,21,state,Maharashtra,all,1755,791,0.45071226358413696,0.27513906359672546,0.25465065240859985,0.23023349046707153,-0.10605391028035749,0.665943629315274,True
chronos_finetuned_stack,dry,21,state,Uttar Pradesh,all,810,370,0.45679011940956116,0.2746104896068573,0.20311029255390167,0.15539339184761047,-0.30707162086458406,0.8096130221130221,True
chronos_finetuned_stack,dry,21,district,Bihar,Gaya,135,35,0.25925925374031067,0.27690377831459045,0.16173827648162842,0.12581978738307953,-0.28547567791693207,0.7611428571428571,True
chronos_finetuned_stack,dry,21,district,Bihar,Purnia,135,18,0.13333334028720856,0.08913689851760864,0.08936729282140732,0.08583115041255951,-0.041198823409110075,0.8081671415004749,True
chronos_finetuned_stack,dry,21,district,Madhya Pradesh,Indore,540,209,0.3870370388031006,0.30624327063560486,0.2067965716123581,0.21325257420539856,0.030273972621883694,0.7248297893869526,True
chronos_finetuned_stack,dry,21,district,Madhya Pradesh,Sehore,675,203,0.3007407486438751,0.2267819046974182,0.14785079658031464,0.14363625645637512,-0.029341756934604835,0.8312599148367705,True
chronos_finetuned_stack,dry,21,district,Maharashtra,Bid,1080,531,0.49166667461395264,0.30353230237960815,0.2624770700931549,0.23337124288082123,-0.12471899644977902,0.6507912005735476,True
chronos_finetuned_stack,dry,21,district,Maharashtra,Latur,675,260,0.385185182094574,0.2297099232673645,0.24212835729122162,0.22521308064460754,-0.07510787827331766,0.6636329935125117,True
chronos_finetuned_stack,dry,21,district,Uttar Pradesh,Gorakhpur,270,131,0.4851851761341095,0.2203173190355301,0.2564220428466797,0.18731702864170074,-0.3689200854085868,0.760832555329782,True
chronos_finetuned_stack,dry,21,district,Uttar Pradesh,Jhansi,540,239,0.442592591047287,0.3017570674419403,0.17645440995693207,0.13943159580230713,-0.26552671897349356,0.8448268672069392,True
chronos_finetuned_stack,dry,28,overall,all,all,4020,1916,0.47661691904067993,0.32755544781684875,0.2186024785041809,0.19261182844638824,-0.13493797482446368,0.7662084398342555,True
chronos_finetuned_stack,dry,28,state,Bihar,all,268,67,0.25,0.21921716630458832,0.1348675936460495,0.11575134843587875,-0.16514922260936182,0.81391549714116,True
chronos_finetuned_stack,dry,28,state,Madhya Pradesh,all,1206,500,0.4145936965942383,0.3147145211696625,0.1863902509212494,0.18408985435962677,-0.012496052917336353,0.8005665722379603,True
chronos_finetuned_stack,dry,28,state,Maharashtra,all,1742,919,0.5275545120239258,0.35355645418167114,0.25425195693969727,0.22623181343078613,-0.1238558940229848,0.6802192673371791,True
chronos_finetuned_stack,dry,28,state,Uttar Pradesh,all,804,430,0.53482586145401,0.3265942633152008,0.21759197115898132,0.15817171335220337,-0.3756693061449361,0.8055963188658126,True
chronos_finetuned_stack,dry,28,district,Bihar,Gaya,134,42,0.31343284249305725,0.30048292875289917,0.16456644237041473,0.1334238499403,-0.23341098644694624,0.788561076604555,True
chronos_finetuned_stack,dry,28,district,Bihar,Purnia,134,25,0.18656715750694275,0.13795140385627747,0.10516875237226486,0.09807884693145752,-0.07228781396422956,0.796697247706422,True
chronos_finetuned_stack,dry,28,district,Madhya Pradesh,Indore,536,264,0.49253731966018677,0.3691144287586212,0.21907851099967957,0.2167518138885498,-0.010734383576259665,0.7436079545454546,True
chronos_finetuned_stack,dry,28,district,Madhya Pradesh,Sehore,670,236,0.35223880410194397,0.27119457721710205,0.16023965179920197,0.15796028077602386,-0.01443002640904445,0.8221510583457003,True
chronos_finetuned_stack,dry,28,district,Maharashtra,Bid,1072,618,0.5764925479888916,0.38409480452537537,0.2595795691013336,0.2270938903093338,-0.14304954989211627,0.6622506878804728,True
chronos_finetuned_stack,dry,28,district,Maharashtra,Latur,670,301,0.44925373792648315,0.3046950399875641,0.2457278072834015,0.22485247254371643,-0.09284013870750929,0.6653071514103845,True
chronos_finetuned_stack,dry,28,district,Uttar Pradesh,Gorakhpur,268,153,0.5708954930305481,0.2707645893096924,0.2828558385372162,0.19833970069885254,-0.4261181071695175,0.7336175049730037,True
chronos_finetuned_stack,dry,28,district,Uttar Pradesh,Jhansi,536,277,0.516791045665741,0.35450905561447144,0.1849600374698639,0.13808771967887878,-0.3394387125805689,0.8580767461633887,True
chronos_finetuned_stack,heavy,7,overall,all,all,4140,212,0.05120772868394852,0.04890461638569832,0.04593878611922264,0.047785624861717224,0.03864841671190855,0.760894208968989,True
chronos_finetuned_stack,heavy,7,state,Bihar,all,276,11,0.039855074137449265,0.05217490717768669,0.03740159422159195,0.037714071571826935,0.00828543133137638,0.7114922813036022,True
chronos_finetuned_stack,heavy,7,state,Madhya Pradesh,all,1242,91,0.07326892018318176,0.08594414591789246,0.061577096581459045,0.06589771807193756,0.06556557065848456,0.8003838038590427,True
chronos_finetuned_stack,heavy,7,state,Maharashtra,all,1794,73,0.04069119319319725,0.02319612167775631,0.037732724100351334,0.03885222226381302,0.028814263335057322,0.8235575047957144,True
chronos_finetuned_stack,heavy,7,state,Uttar Pradesh,all,828,37,0.04468598961830139,0.04795695096254349,0.043106839060783386,0.0433303639292717,0.0051586196887977165,0.6407216318720743,True
chronos_finetuned_stack,heavy,7,district,Bihar,Gaya,138,2,0.014492753893136978,0.029124394059181213,0.01519058272242546,0.014351299963891506,-0.05848130557131603,0.18014705882352938,False
chronos_finetuned_stack,heavy,7,district,Bihar,Purnia,138,9,0.06521739065647125,0.07522541284561157,0.05961260572075844,0.06107684224843979,0.023973677645699798,0.6925064599483204,False
chronos_finetuned_stack,heavy,7,district,Madhya Pradesh,Indore,552,24,0.043478261679410934,0.06572289764881134,0.04064294695854187,0.046249933540821075,0.12123231652496047,0.736584595959596,True
chronos_finetuned_stack,heavy,7,district,Madhya Pradesh,Sehore,690,67,0.09710144996643066,0.10212115198373795,0.07832442224025726,0.08161593228578568,0.040329258679578484,0.8000766632327927,True
chronos_finetuned_stack,heavy,7,district,Maharashtra,Bid,1104,42,0.03804347664117813,0.02055293321609497,0.035869721323251724,0.036586519330739975,0.019591861171827762,0.802506501659044,True
chronos_finetuned_stack,heavy,7,district,Maharashtra,Latur,690,31,0.04492753744125366,0.02742522396147251,0.040713533759117126,0.04247736185789108,0.04152395585853186,0.8759606441822898,True
chronos_finetuned_stack,heavy,7,district,Uttar Pradesh,Gorakhpur,276,8,0.028985507786273956,0.04939519613981247,0.030621925368905067,0.03061664290726185,-0.00017253562577779213,0.43470149253731344,False
chronos_finetuned_stack,heavy,7,district,Uttar Pradesh,Jhansi,552,29,0.05253623053431511,0.047237832099199295,0.04934929683804512,0.0496872216463089,0.006801040530485802,0.6973033559701984,True
chronos_finetuned_stack,heavy,14,overall,all,all,4110,399,0.0970802903175354,0.08192778378725052,0.0819384902715683,0.08358930796384811,0.019749148934141036,0.7621600484639246,True
chronos_finetuned_stack,heavy,14,state,Bihar,all,274,20,0.07299269735813141,0.08626396209001541,0.06297582387924194,0.06366909295320511,0.010888628089498531,0.758267716535433,True
chronos_finetuned_stack,heavy,14,state,Madhya Pradesh,all,1233,178,0.14436334371566772,0.1329926699399948,0.11640527844429016,0.11562026292085648,-0.006789601611363105,0.7225411363757388,True
chronos_finetuned_stack,heavy,14,state,Maharashtra,all,1781,120,0.06737788021564484,0.042167238891124725,0.059038519859313965,0.06231781840324402,0.05262216534459663,0.8143738711619506,True
chronos_finetuned_stack,heavy,14,state,Uttar Pradesh,all,822,81,0.09854014962911606,0.0900329127907753,0.08617578446865082,0.08827119320631027,0.023738307612563903,0.6751137102014295,True
chronos_finetuned_stack,heavy,14,district,Bihar,Gaya,137,3,0.021897809579968452,0.048644017428159714,0.024136504158377647,0.021297141909599304,-0.13332128136398214,0.2562189054726368,False
chronos_finetuned_stack,heavy,14,district,Bihar,Purnia,137,17,0.12408759444952011,0.12388391047716141,0.10181514918804169,0.10604103654623032,0.0398514338960303,0.7485294117647059,True
chronos_finetuned_stack,heavy,14,district,Madhya Pradesh,Indore,548,52,0.09489051252603531,0.11831517517566681,0.08662831038236618,0.09513244032859802,0.08939253441683648,0.6739299007444168,True
chronos_finetuned_stack,heavy,14,district,Madhya Pradesh,Sehore,685,126,0.18394160270690918,0.1447346955537796,0.14022687077522278,0.13201051950454712,-0.06224012526814304,0.730783428457847,True
chronos_finetuned_stack,heavy,14,district,Maharashtra,Bid,1096,68,0.062043797224760056,0.03872307389974594,0.0543367825448513,0.057703301310539246,0.05834187454146689,0.8550011444266423,True
chronos_finetuned_stack,heavy,14,district,Maharashtra,Latur,685,52,0.07591240853071213,0.0476779006421566,0.06656129658222198,0.06970106065273285,0.045046144794752996,0.7593875318993802,True
chronos_finetuned_stack,heavy,14,district,Uttar Pradesh,Gorakhpur,274,17,0.062043797224760056,0.09787829965353012,0.058066342025995255,0.06309594213962555,0.07971352741671167,0.6678873884184023,True
chronos_finetuned_stack,heavy,14,district,Uttar Pradesh,Jhansi,548,64,0.11678832024335861,0.08611023426055908,0.10023050010204315,0.10085881501436234,0.006229647971074281,0.6959904442148761,True
chronos_finetuned_stack,heavy,21,overall,all,all,4050,565,0.13950617611408234,0.11711777746677399,0.11085069179534912,0.11238548159599304,0.013656477499124242,0.7416873833496274,True
chronos_finetuned_stack,heavy,21,state,Bihar,all,270,30,0.1111111119389534,0.12369342148303986,0.08916377276182175,0.08924845606088638,0.0009488488966897801,0.7486111111111111,True
chronos_finetuned_stack,heavy,21,state,Madhya Pradesh,all,1215,237,0.19506172835826874,0.19041086733341217,0.14456920325756073,0.14368192851543427,-0.0061752702743766985,0.7185895610606334,True
chronos_finetuned_stack,heavy,21,state,Maharashtra,all,1755,183,0.10427350550889969,0.05935908108949661,0.09029323607683182,0.09091699868440628,0.006860791893710472,0.7791647547935873,True
chronos_finetuned_stack,heavy,21,state,Uttar Pradesh,all,810,115,0.1419753134250641,0.1301300972700119,0.11204312741756439,0.11966818571090698,0.0637183412453759,0.7244917109790429,True
chronos_finetuned_stack,heavy,21,district,Bihar,Gaya,135,4,0.029629629105329514,0.06776709854602814,0.03481415659189224,0.02913435734808445,-0.194951931698649,0.18129770992366415,False
chronos_finetuned_stack,heavy,21,district,Bihar,Purnia,135,26,0.192592591047287,0.17961974442005157,0.14351338148117065,0.14936254918575287,0.03916087222981157,0.7085391672547636,True
chronos_finetuned_stack,heavy,21,district,Madhya Pradesh,Indore,540,68,0.1259259283542633,0.1716325283050537,0.11712931841611862,0.1262560337781906,0.07228735996971047,0.6078950648055833,True
chronos_finetuned_stack,heavy,21,district,Madhya Pradesh,Sehore,675,169,0.2503703832626343,0.20543354749679565,0.1665211021900177,0.15762263536453247,-0.056454244689576605,0.7502163388451014,True
chronos_finetuned_stack,heavy,21,district,Maharashtra,Bid,1080,101,0.09351851791143417,0.05371750518679619,0.08195685595273972,0.08313891291618347,0.014217854455656043,0.8105866766451926,True
chronos_finetuned_stack,heavy,21,district,Maharashtra,Latur,675,82,0.12148147821426392,0.06838560104370117,0.10363142192363739,0.10336192697286606,-0.0026072941813679584,0.7355324312096408,True
chronos_finetuned_stack,heavy,21,district,Uttar Pradesh,Gorakhpur,270,26,0.0962962955236435,0.1441921889781952,0.07590683549642563,0.09445439279079437,0.19636521654900108,0.8031210592686002,True
chronos_finetuned_stack,heavy,21,district,Uttar Pradesh,Jhansi,540,89,0.1648148149251938,0.12309903651475906,0.13011127710342407,0.1322750747203827,0.01635831710193847,0.7210692842372755,True
chronos_finetuned_stack,heavy,28,overall,all,all,4020,721,0.1793532371520996,0.1582649052143097,0.13731932640075684,0.135911226272583,-0.01036044016959825,0.7165698511590323,True
chronos_finetuned_stack,heavy,28,state,Bihar,all,268,40,0.1492537260055542,0.17111314833164215,0.1102638840675354,0.11261115968227386,0.0208440763895974,0.7706140350877193,True
chronos_finetuned_stack,heavy,28,state,Madhya Pradesh,all,1206,303,0.2512437701225281,0.2507825195789337,0.17099273204803467,0.16685090959072113,-0.02482349342579715,0.7148778000723661,True
chronos_finetuned_stack,heavy,28,state,Maharashtra,all,1742,233,0.13375429809093475,0.08634860813617706,0.11434314399957657,0.11327969282865524,-0.009387835933929223,0.7383481656555659,True
chronos_finetuned_stack,heavy,28,state,Uttar Pradesh,all,804,145,0.1803482621908188,0.1710243821144104,0.14560942351818085,0.1463034301996231,0.004743611824379879,0.6227094343571764,True
chronos_finetuned_stack,heavy,28,district,Bihar,Gaya,134,6,0.04477611929178238,0.09109872579574585,0.05242949724197388,0.04366565868258476,-0.20070322591708445,0.25911458333333337,False
chronos_finetuned_stack,heavy,28,district,Bihar,Purnia,134,34,0.2537313401699066,0.25112757086753845,0.16809825599193573,0.18155664205551147,0.07412775380291958,0.7682352941176471,True
chronos_finetuned_stack,heavy,28,district,Madhya Pradesh,Indore,536,93,0.1735074669122696,0.22335322201251984,0.1553964912891388,0.16068527102470398,0.03291390493875501,0.5763489405082647,True
chronos_finetuned_stack,heavy,28,district,Madhya Pradesh,Sehore,670,210,0.31343284249305725,0.2727259397506714,0.1834697425365448,0.1717834323644638,-0.06802932047187626,0.7607971014492754,True
chronos_finetuned_stack,heavy,28,district,Maharashtra,Bid,1072,130,0.12126865983009338,0.07751300185918808,0.10461153835058212,0.1039905697107315,-0.005971393767511435,0.773117752735587,True
chronos_finetuned_stack,heavy,28,district,Maharashtra,Latur,670,103,0.1537313461303711,0.10048558562994003,0.12991371750831604,0.128142312169075,-0.013823734793420694,0.6949196075409667,True
chronos_finetuned_stack,heavy,28,district,Uttar Pradesh,Gorakhpur,268,32,0.11940298229455948,0.2068644016981125,0.10985298454761505,0.1195271760225296,0.08093717091660446,0.6510858050847458,True
chronos_finetuned_stack,heavy,28,district,Uttar Pradesh,Jhansi,536,113,0.21082089841365814,0.15310437977313995,0.16348764300346375,0.15969157218933105,-0.023771265835068833,0.6575032950480135,True
chronos_finetuned_stack,onset,7,overall,all,all,1432,194,0.13547486066818237,0.17279687523841858,0.10770237445831299,0.10854531079530716,0.007765755432620813,0.7429175757373881,True
chronos_finetuned_stack,onset,7,state,Bihar,all,53,12,0.22641509771347046,0.18982721865177155,0.15887451171875,0.14941413700580597,-0.06331646323785556,0.7317073170731707,True
chronos_finetuned_stack,onset,7,state,Madhya Pradesh,all,359,63,0.1754874587059021,0.16568201780319214,0.11996955424547195,0.13300344347953796,0.0979966299599696,0.7822286572286572,True
chronos_finetuned_stack,onset,7,state,Maharashtra,all,692,73,0.10549133270978928,0.15500453114509583,0.09323873370885849,0.09064121544361115,-0.02865714291820476,0.6945139088675946,True
chronos_finetuned_stack,onset,7,state,Uttar Pradesh,all,328,46,0.14024390280246735,0.2153698354959488,0.11652189493179321,0.11294510215520859,-0.031668418624026806,0.755627505396238,True
chronos_finetuned_stack,onset,7,district,Bihar,Gaya,42,6,0.1428571492433548,0.16615572571754456,0.12111015617847443,0.10736194252967834,-0.12805481462852275,0.6481481481481481,False
chronos_finetuned_stack,onset,7,district,Bihar,Purnia,11,6,0.5454545617103577,0.28020936250686646,0.30306562781333923,0.30997705459594727,0.02229657544045327,0.6666666666666666,False
chronos_finetuned_stack,onset,7,district,Madhya Pradesh,Indore,176,27,0.15340909361839294,0.14903579652309418,0.11053632944822311,0.12503795325756073,0.11597777659928821,0.8177976634352473,True
chronos_finetuned_stack,onset,7,district,Madhya Pradesh,Sehore,183,36,0.19672131538391113,0.1816914826631546,0.12904192507266998,0.14066427946090698,0.08262477462493989,0.754913076341648,True
chronos_finetuned_stack,onset,7,district,Maharashtra,Bid,447,39,0.08724832534790039,0.1510825753211975,0.08147275447845459,0.0796147957444191,-0.02333685236096006,0.6882227249874309,True
chronos_finetuned_stack,onset,7,district,Maharashtra,Latur,245,34,0.1387755125761032,0.16216012835502625,0.1147056445479393,0.11075878888368607,-0.035634695034432395,0.7058823529411765,True
chronos_finetuned_stack,onset,7,district,Uttar Pradesh,Gorakhpur,119,15,0.1260504275560379,0.26353949308395386,0.13061578571796417,0.10984734445810318,-0.1890663935693253,0.6692307692307693,True
chronos_finetuned_stack,onset,7,district,Uttar Pradesh,Jhansi,209,31,0.1483253538608551,0.18794307112693787,0.10849713534116745,0.11470889300107956,0.05415236340789764,0.8135193910837261,True
chronos_finetuned_stack,onset,14,overall,all,all,1425,380,0.2666666805744171,0.3807680606842041,0.20173990726470947,0.17279835045337677,-0.16748746000987724,0.635235457063712,True
chronos_finetuned_stack,onset,14,state,Bihar,all,53,20,0.37735849618911743,0.37678802013397217,0.23286810517311096,0.19273985922336578,-0.20819899999636626,0.6772727272727272,True
chronos_finetuned_stack,onset,14,state,Madhya Pradesh,all,359,129,0.35933148860931396,0.3853929042816162,0.20513741672039032,0.2038608193397522,-0.006262102667754732,0.7296258847320526,True
chronos_finetuned_stack,onset,14,state,Maharashtra,all,685,144,0.21021898090839386,0.3825441300868988,0.19960790872573853,0.15809661149978638,-0.26256917736663965,0.5289972273567468,True
chronos_finetuned_stack,onset,14,state,Uttar Pradesh,all,328,87,0.26524388790130615,0.37264010310173035,0.19744393229484558,0.16628116369247437,-0.18741009450718438,0.6926122001240044,True
chronos_finetuned_stack,onset,14,district,Bihar,Gaya,42,12,0.2857142984867096,0.35234034061431885,0.23222358524799347,0.1763843297958374,-0.3165771898035914,0.5972222222222222,True
chronos_finetuned_stack,onset,14,district,Bihar,Purnia,11,8,0.7272727489471436,0.4701336920261383,0.23532900214195251,0.2551884651184082,0.07782272982926886,0.5833333333333334,False
chronos_finetuned_stack,onset,14,district,Madhya Pradesh,Indore,176,59,0.33522728085517883,0.3440440893173218,0.19785566627979279,0.20997963845729828,0.05773879918347913,0.7473562219324931,True
chronos_finetuned_stack,onset,14,district,Madhya Pradesh,Sehore,183,70,0.3825136721134186,0.4251599609851837,0.21214060485363007,0.1979760378599167,-0.0715468758079496,0.7097345132743362,True
chronos_finetuned_stack,onset,14,district,Maharashtra,Bid,442,82,0.18552036583423615,0.3643476366996765,0.19012568891048431,0.1472480148077011,-0.29119356317828404,0.5011178861788619,True
chronos_finetuned_stack,onset,14,district,Maharashtra,Latur,243,62,0.25514402985572815,0.41564232110977173,0.21685536205768585,0.17782941460609436,-0.21945721149696706,0.5546248440563178,True
chronos_finetuned_stack,onset,14,district,Uttar Pradesh,Gorakhpur,119,30,0.2521008551120758,0.41675612330436707,0.2082567662000656,0.17289336025714874,-0.2045388318575101,0.653183520599251,True
chronos_finetuned_stack,onset,14,district,Uttar Pradesh,Jhansi,209,57,0.27272728085517883,0.3475213944911957,0.19128736853599548,0.16251632571220398,-0.17703478526053695,0.7419205909510618,True
chronos_finetuned_stack,onset,21,overall,all,all,1411,545,0.38625088334083557,0.5103204250335693,0.29386773705482483,0.20672905445098877,-0.421511542415993,0.469654850943916,True
chronos_finetuned_stack,onset,21,state,Bihar,all,53,28,0.5283018946647644,0.4267662763595581,0.2521967887878418,0.2089281976222992,-0.2070979008959033,0.6242857142857142,True
chronos_finetuned_stack,onset,21,state,Madhya Pradesh,all,359,182,0.5069637894630432,0.43061819672584534,0.24728402495384216,0.2132122963666916,-0.15980189307915227,0.6248835909852859,True
chronos_finetuned_stack,onset,21,state,Maharashtra,all,671,210,0.3129657208919525,0.5797948837280273,0.3532707393169403,0.20355519652366638,-0.7355034179924127,0.3506869125090383,True
chronos_finetuned_stack,onset,21,state,Uttar Pradesh,all,328,125,0.38109755516052246,0.46893051266670227,0.23006504774093628,0.20577053725719452,-0.11806603028584117,0.6364926108374384,True
chronos_finetuned_stack,onset,21,district,Bihar,Gaya,42,19,0.4523809552192688,0.4046805799007416,0.25465598702430725,0.21416012942790985,-0.18909148824561695,0.6064073226544623,True
chronos_finetuned_stack,onset,21,district,Bihar,Purnia,11,9,0.8181818127632141,0.5110933780670166,0.2428070455789566,0.18895171582698822,-0.2850216496646185,0.7777777777777778,False
chronos_finetuned_stack,onset,21,district,Madhya Pradesh,Indore,176,78,0.4431818127632141,0.4415171444416046,0.23533795773983002,0.22589430212974548,-0.04180563883661148,0.6041339612768184,True
chronos_finetuned_stack,onset,21,district,Madhya Pradesh,Sehore,183,104,0.568306028842926,0.42013615369796753,0.25877314805984497,0.20101536810398102,-0.28733017032800734,0.637414800389484,True
chronos_finetuned_stack,onset,21,district,Maharashtra,Bid,432,116,0.26851850748062134,0.5676964521408081,0.3637613356113434,0.18749897181987762,-0.9400710952206905,0.30933544303797467,True
chronos_finetuned_stack,onset,21,district,Maharashtra,Latur,239,94,0.3933054506778717,0.6016632318496704,0.33430856466293335,0.23257732391357422,-0.43740825217837,0.3961115187087308,True
chronos_finetuned_stack,onset,21,district,Uttar Pradesh,Gorakhpur,119,42,0.3529411852359772,0.5571126341819763,0.2642802894115448,0.22260309755802155,-0.1872264685924241,0.6072974644403216,True
chronos_finetuned_stack,onset,21,district,Uttar Pradesh,Jhansi,209,83,0.3971291780471802,0.41872161626815796,0.2105836272239685,0.19618645310401917,-0.07338515933266754,0.697647733792312,True
chronos_finetuned_stack,onset,28,overall,all,all,1404,703,0.5007122755050659,0.6169618964195251,0.3115779161453247,0.21712639927864075,-0.43500706123474764,0.4591469613618424,True
chronos_finetuned_stack,onset,28,state,Bihar,all,53,36,0.6792452931404114,0.5969995856285095,0.24005910754203796,0.1821056604385376,-0.3182407782599388,0.542483660130719,True
chronos_finetuned_stack,onset,28,state,Madhya Pradesh,all,359,229,0.6378830075263977,0.5540497899055481,0.22280573844909668,0.20180530846118927,-0.10406282247003507,0.6819281155525696,True
chronos_finetuned_stack,onset,28,state,Maharashtra,all,664,266,0.40060240030288696,0.6807510852813721,0.4007345139980316,0.2225579470396042,-0.8005850580870109,0.32757773831563836,True
chronos_finetuned_stack,onset,28,state,Uttar Pradesh,all,328,172,0.5243902206420898,0.5599111914634705,0.23980890214443207,0.2285587042570114,-0.049222355910672144,0.6276460942158616,True
chronos_finetuned_stack,onset,28,district,Bihar,Gaya,42,25,0.5952380895614624,0.5782198309898376,0.2706115245819092,0.20861543715000153,-0.29717881034532634,0.49647058823529416,True
chronos_finetuned_stack,onset,28,district,Bihar,Purnia,11,11,1.0,0.668704092502594,0.12340441346168518,0.08088646829128265,-0.5256496675969322,,False
chronos_finetuned_stack,onset,28,district,Madhya Pradesh,Indore,176,102,0.5795454382896423,0.5622938275337219,0.23425893485546112,0.23381146788597107,-0.0019137939363533807,0.6449390567037625,True
chronos_finetuned_stack,onset,28,district,Madhya Pradesh,Sehore,183,127,0.693989098072052,0.5461210608482361,0.21179062128067017,0.1710234433412552,-0.23837186962765888,0.7269403824521935,True
chronos_finetuned_stack,onset,28,district,Maharashtra,Bid,427,147,0.3442623019218445,0.6594984531402588,0.4217842221260071,0.20902353525161743,-1.0178790948984453,0.2783284742468416,True
chronos_finetuned_stack,onset,28,district,Maharashtra,Latur,237,119,0.502109706401825,0.7190417647361755,0.362809419631958,0.24694272875785828,-0.46920470773494105,0.3693918245264208,True
chronos_finetuned_stack,onset,28,district,Uttar Pradesh,Gorakhpur,119,57,0.4789915978908539,0.6515542268753052,0.27052146196365356,0.26028043031692505,-0.0393461453642856,0.6162988115449914,True
chronos_finetuned_stack,onset,28,district,Uttar Pradesh,Jhansi,209,115,0.5502392053604126,0.5077316761016846,0.22232183814048767,0.21049708127975464,-0.05617539582421904,0.6805735430157261,True
chronos_zeroshot_stack,dry,7,overall,all,all,4140,884,0.21352657675743103,0.1723037213087082,0.13747377693653107,0.14070162177085876,0.022941063462540878,0.769848146686382,True
chronos_zeroshot_stack,dry,7,state,Bihar,all,276,21,0.07608695328235626,0.08455315232276917,0.05956949666142464,0.06218926981091499,0.042125806549195954,0.7716153127917833,True
chronos_zeroshot_stack,dry,7,state,Madhya Pradesh,all,1242,219,0.17632849514484406,0.17721149325370789,0.11446420848369598,0.1253233402967453,0.08664891781001571,0.7943018340720507,True
chronos_zeroshot_stack,dry,7,state,Maharashtra,all,1794,430,0.23968784511089325,0.17324978113174438,0.1590769737958908,0.16469432413578033,0.03410773485586771,0.7156874445884198,True
chronos_zeroshot_stack,dry,7,state,Uttar Pradesh,all,828,214,0.2584541141986847,0.19214239716529846,0.15114928781986237,0.1379556506872177,-0.09563680115255413,0.7973758714116107,True
chronos_zeroshot_stack,dry,7,district,Bihar,Gaya,138,17,0.12318840622901917,0.13349878787994385,0.08918938040733337,0.08722855150699615,-0.02247920969064765,0.808458920758386,True
chronos_zeroshot_stack,dry,7,district,Bihar,Purnia,138,4,0.028985507786273956,0.03560750558972359,0.0299496091902256,0.03714999184012413,0.1938192256107497,0.4123134328358209,False
chronos_zeroshot_stack,dry,7,district,Madhya Pradesh,Indore,552,108,0.19565217196941376,0.2019873410463333,0.13805021345615387,0.15060806274414062,0.08338098943162531,0.7179888221554889,True
chronos_zeroshot_stack,dry,7,district,Madhya Pradesh,Sehore,690,111,0.1608695685863495,0.15739083290100098,0.09559541940689087,0.10509555041790009,0.09039517822812726,0.8391915231293471,True
chronos_zeroshot_stack,dry,7,district,Maharashtra,Bid,1104,295,0.2672101557254791,0.1929732859134674,0.172454833984375,0.17485545575618744,0.013729178545963006,0.6934109907607214,True
chronos_zeroshot_stack,dry,7,district,Maharashtra,Latur,690,135,0.19565217196941376,0.14169220626354218,0.13767237961292267,0.1484365165233612,0.07251677122687294,0.7457857857857857,True
chronos_zeroshot_stack,dry,7,district,Uttar Pradesh,Gorakhpur,276,68,0.24637681245803833,0.13877105712890625,0.1831779181957245,0.16083410382270813,-0.13892460517979788,0.7012160633484162,True
chronos_zeroshot_stack,dry,7,district,Uttar Pradesh,Jhansi,552,146,0.2644927501678467,0.21882808208465576,0.1351349800825119,0.1265164315700531,-0.06812196965646033,0.8430393413860585,True
chronos_zeroshot_stack,dry,14,overall,all,all,4110,1286,0.31289538741111755,0.2278447151184082,0.18242208659648895,0.17850472033023834,-0.021945449167973807,0.7483380896470597,True
chronos_zeroshot_stack,dry,14,state,Bihar,all,274,36,0.131386861205101,0.1303442269563675,0.09286626428365707,0.0924917459487915,-0.004049208186349018,0.7900326797385621,True
chronos_zeroshot_stack,dry,14,state,Madhya Pradesh,all,1233,315,0.2554744482040405,0.23673957586288452,0.1551811397075653,0.1659015417098999,0.0646190619559196,0.7617456859286925,True
chronos_zeroshot_stack,dry,14,state,Maharashtra,all,1781,631,0.3542953431606293,0.23353394865989685,0.2154812067747116,0.21292433142662048,-0.012008375609117605,0.6862261420795148,True
chronos_zeroshot_stack,dry,14,state,Uttar Pradesh,all,822,304,0.3698296844959259,0.23467594385147095,0.18150736391544342,0.15150468051433563,-0.1980313961209197,0.8039397480186954,True
chronos_zeroshot_stack,dry,14,district,Bihar,Gaya,137,25,0.18248175084590912,0.19530123472213745,0.11743314564228058,0.11030363291501999,-0.06463533918917519,0.8232142857142857,True
chronos_zeroshot_stack,dry,14,district,Bihar,Purnia,137,11,0.08029197156429291,0.06538721174001694,0.06829938292503357,0.07467988133430481,0.08543798269722624,0.6991341991341992,True
chronos_zeroshot_stack,dry,14,district,Madhya Pradesh,Indore,548,157,0.2864963412284851,0.27403661608695984,0.18435357511043549,0.20022433996200562,0.07926491282019832,0.6996106667535471,True
chronos_zeroshot_stack,dry,14,district,Madhya Pradesh,Sehore,685,158,0.2306569367647171,0.20690196752548218,0.1318431794643402,0.13844330608844757,0.047673858784408996,0.7968918886460259,True
chronos_zeroshot_stack,dry,14,district,Maharashtra,Bid,1096,431,0.39324817061424255,0.25444701313972473,0.23074771463871002,0.22122584283351898,-0.043041408197308284,0.6766393943094395,True
chronos_zeroshot_stack,dry,14,district,Maharashtra,Latur,685,200,0.29197078943252563,0.20007304847240448,0.19105474650859833,0.19964194297790527,0.04301298785825436,0.6811855670103092,True
chronos_zeroshot_stack,dry,14,district,Uttar Pradesh,Gorakhpur,274,104,0.37956205010414124,0.18092653155326843,0.22784169018268585,0.18422207236289978,-0.23677737016148437,0.7371606334841629,True
chronos_zeroshot_stack,dry,14,district,Uttar Pradesh,Jhansi,548,200,0.36496350169181824,0.2615506649017334,0.1583402007818222,0.13514597713947296,-0.17162348545833828,0.840603448275862,True
chronos_zeroshot_stack,dry,21,overall,all,all,4050,1626,0.4014814794063568,0.27770859003067017,0.21041853725910187,0.19027461111545563,-0.10586765110466168,0.7542492256605735,True
chronos_zeroshot_stack,dry,21,state,Bihar,all,270,53,0.19629628956317902,0.1709306389093399,0.1179933175444603,0.10582547634840012,-0.11498026388278237,0.8174941309451352,True
chronos_zeroshot_stack,dry,21,state,Madhya Pradesh,all,1215,412,0.3390946388244629,0.2721252739429474,0.1791611760854721,0.17457684874534607,-0.026259652256715782,0.7828803395035606,True
chronos_zeroshot_stack,dry,21,state,Maharashtra,all,1755,791,0.45071226358413696,0.2990287244319916,0.249003604054451,0.23023349046707153,-0.08152642584404557,0.6659108434619763,True
chronos_zeroshot_stack,dry,21,state,Uttar Pradesh,all,810,370,0.45679011940956116,0.2754825949668884,0.2045120745897293,0.15539339184761047,-0.31609248088418074,0.8127948402948403,True
chronos_zeroshot_stack,dry,21,district,Bihar,Gaya,135,35,0.25925925374031067,0.2530405819416046,0.14932537078857422,0.12581978738307953,-0.1868194494235471,0.7994285714285713,True
chronos_zeroshot_stack,dry,21,district,Bihar,Purnia,135,18,0.13333334028720856,0.08882065862417221,0.08666126430034637,0.08583115041255951,-0.009671475726432677,0.8100664767331435,True
chronos_zeroshot_stack,dry,21,district,Madhya Pradesh,Indore,540,209,0.3870370388031006,0.31469962000846863,0.2157689481973648,0.21325257420539856,-0.011799970065273557,0.6983766750025296,True
chronos_zeroshot_stack,dry,21,district,Madhya Pradesh,Sehore,675,203,0.3007407486438751,0.23806573450565338,0.1498749554157257,0.14363625645637512,-0.04343401250676138,0.8353719629289472,True
chronos_zeroshot_stack,dry,21,district,Maharashtra,Bid,1080,531,0.49166667461395264,0.32437655329704285,0.25796833634376526,0.23337124288082123,-0.10539899072100045,0.6509935887540778,True
chronos_zeroshot_stack,dry,21,district,Maharashtra,Latur,675,260,0.385185182094574,0.2584722340106964,0.23465998470783234,0.22521308064460754,-0.04194651587814424,0.6617979610750695,True
chronos_zeroshot_stack,dry,21,district,Uttar Pradesh,Gorakhpur,270,131,0.4851851761341095,0.2304142415523529,0.2534569203853607,0.18731702864170074,-0.35309065183909194,0.746334230325663,True
chronos_zeroshot_stack,dry,21,district,Uttar Pradesh,Jhansi,540,239,0.442592591047287,0.2980167865753174,0.1800396740436554,0.13943159580230713,-0.2912401454468352,0.8514296834818388,True
chronos_zeroshot_stack,dry,28,overall,all,all,4020,1916,0.47661691904067993,0.33688217401504517,0.21718670427799225,0.19261182844638824,-0.12758757356609696,0.764298492978877,True
chronos_zeroshot_stack,dry,28,state,Bihar,all,268,67,0.25,0.21463482081890106,0.12738437950611115,0.11575134843587875,-0.1005001775566925,0.835598128759189,True
chronos_zeroshot_stack,dry,28,state,Madhya Pradesh,all,1206,500,0.4145936965942383,0.3232743740081787,0.18806274235248566,0.18408985435962677,-0.021581243608882916,0.7940198300283285,True
chronos_zeroshot_stack,dry,28,state,Maharashtra,all,1742,919,0.5275545120239258,0.3711469769477844,0.24936312437057495,0.22623181343078613,-0.10224605721452029,0.6802761203008711,True
chronos_zeroshot_stack,dry,28,state,Uttar Pradesh,all,804,430,0.53482586145401,0.32380250096321106,0.221091166138649,0.15817171335220337,-0.39779206694399205,0.8056025369978859,True
chronos_zeroshot_stack,dry,28,district,Bihar,Gaya,134,42,0.31343284249305725,0.2891927659511566,0.1571063995361328,0.1334238499403,-0.17749862267075556,0.7976190476190477,True
chronos_zeroshot_stack,dry,28,district,Bihar,Purnia,134,25,0.18656715750694275,0.14007686078548431,0.09766236692667007,0.09807884693145752,0.004246379497900299,0.8576146788990826,True
chronos_zeroshot_stack,dry,28,district,Madhya Pradesh,Indore,536,264,0.49253731966018677,0.37779664993286133,0.2216627299785614,0.2167518138885498,-0.02265686271274614,0.7310466800356507,True
chronos_zeroshot_stack,dry,28,district,Madhya Pradesh,Sehore,670,236,0.35223880410194397,0.2796565294265747,0.1611827313899994,0.15796028077602386,-0.020400385452243652,0.8257244395844724,True
chronos_zeroshot_stack,dry,28,district,Maharashtra,Bid,1072,618,0.5764925479888916,0.39806413650512695,0.25508779287338257,0.2270938903093338,-0.12327017043883104,0.6641539426599945,True
chronos_zeroshot_stack,dry,28,district,Maharashtra,Latur,670,301,0.44925373792648315,0.32807958126068115,0.24020373821258545,0.22485247254371643,-0.06827261223860637,0.667512987422233,True
chronos_zeroshot_stack,dry,28,district,Uttar Pradesh,Gorakhpur,268,153,0.5708954930305481,0.2776467502117157,0.2835351228713989,0.19833970069885254,-0.4295429602462806,0.715714691673771,True
chronos_zeroshot_stack,dry,28,district,Uttar Pradesh,Jhansi,536,277,0.516791045665741,0.3468804359436035,0.18986918032169342,0.13808771967887878,-0.3749896135820894,0.8647672943701825,True
chronos_zeroshot_stack,heavy,7,overall,all,all,4140,212,0.05120772868394852,0.04770585894584656,0.045729707926511765,0.047785624861717224,0.043023753297250056,0.76841159743304,True
chronos_zeroshot_stack,heavy,7,state,Bihar,all,276,11,0.039855074137449265,0.04883391037583351,0.037166573107242584,0.037714071571826935,0.014517087171074361,0.697770154373928,True
chronos_zeroshot_stack,heavy,7,state,Madhya Pradesh,all,1242,91,0.07326892018318176,0.08306072652339935,0.06146029010415077,0.06589771807193756,0.06733811272406498,0.793251926179815,True
chronos_zeroshot_stack,heavy,7,state,Maharashtra,all,1794,73,0.04069119319319725,0.022443687543272972,0.037282977253198624,0.03885222226381302,0.04039009660654569,0.8509706844539253,True
chronos_zeroshot_stack,heavy,7,state,Uttar Pradesh,all,828,37,0.04468598961830139,0.04903222993016243,0.043289460241794586,0.0433303639292717,0.0009439959365187267,0.6274985478525301,True
chronos_zeroshot_stack,heavy,7,district,Bihar,Gaya,138,2,0.014492753893136978,0.026167532429099083,0.014965002425014973,0.014351299963891506,-0.04276284815086906,0.18014705882352938,False
chronos_zeroshot_stack,heavy,7,district,Bihar,Purnia,138,9,0.06521739065647125,0.07150029391050339,0.05936814844608307,0.06107684224843979,0.027976132024087552,0.6614987080103358,False
chronos_zeroshot_stack,heavy,7,district,Madhya Pradesh,Indore,552,24,0.043478261679410934,0.06413602083921432,0.038971543312072754,0.046249933540821075,0.15737082567533367,0.7356376262626263,True
chronos_zeroshot_stack,heavy,7,district,Madhya Pradesh,Sehore,690,67,0.09710144996643066,0.0982004776597023,0.07945127785205841,0.08161593228578568,0.026522449393183822,0.7864928966723366,True
chronos_zeroshot_stack,heavy,7,district,Maharashtra,Bid,1104,42,0.03804347664117813,0.020305167883634567,0.035369012504816055,0.036586519330739975,0.033277470724059066,0.8318984844408572,True
chronos_zeroshot_stack,heavy,7,district,Maharashtra,Latur,690,31,0.04492753744125366,0.02586532197892666,0.04034532234072685,0.04247736185789108,0.05019237127524567,0.8881491996671399,True
chronos_zeroshot_stack,heavy,7,district,Uttar Pradesh,Gorakhpur,276,8,0.028985507786273956,0.05080908536911011,0.03098088689148426,0.03061664290726185,-0.011896927606521501,0.4239738805970149,False
chronos_zeroshot_stack,heavy,7,district,Uttar Pradesh,Jhansi,552,29,0.05253623053431511,0.04814380034804344,0.049443744122982025,0.0496872216463089,0.004900204021469179,0.6835893716621613,True
chronos_zeroshot_stack,heavy,14,overall,all,all,4110,399,0.0970802903175354,0.0792030543088913,0.08221647888422012,0.08358930796384811,0.01642350096045453,0.758348309469443,True
chronos_zeroshot_stack,heavy,14,state,Bihar,all,274,20,0.07299269735813141,0.07774308323860168,0.06363250315189362,0.06366909295320511,0.0005746870202530951,0.7316929133858268,True
chronos_zeroshot_stack,heavy,14,state,Madhya Pradesh,all,1233,178,0.14436334371566772,0.12755189836025238,0.11626079678535461,0.11562026292085648,-0.005539979310863474,0.7234623781884019,True
chronos_zeroshot_stack,heavy,14,state,Maharashtra,all,1781,120,0.06737788021564484,0.041268084198236465,0.059240855276584625,0.06231781840324402,0.04937533446291531,0.8113385510736504,True
chronos_zeroshot_stack,heavy,14,state,Uttar Pradesh,all,822,81,0.09854014962911606,0.08935888111591339,0.08712515980005264,0.08827119320631027,0.01298309634921424,0.6554039419536495,True
chronos_zeroshot_stack,heavy,14,district,Bihar,Gaya,137,3,0.021897809579968452,0.04414572939276695,0.023326272144913673,0.021297141909599304,-0.09527711483200352,0.2885572139303483,False
chronos_zeroshot_stack,heavy,14,district,Bihar,Purnia,137,17,0.12408759444952011,0.11134042590856552,0.10393872857093811,0.10604103654623032,0.01982541894878287,0.6784313725490195,True
chronos_zeroshot_stack,heavy,14,district,Madhya Pradesh,Indore,548,52,0.09489051252603531,0.11422048509120941,0.08540928363800049,0.09513244032859802,0.1022065307797495,0.6702078163771712,True
chronos_zeroshot_stack,heavy,14,district,Madhya Pradesh,Sehore,685,126,0.18394160270690918,0.1382170468568802,0.14094200730323792,0.13201051950454712,-0.06765739451834474,0.7313229406252661,True
chronos_zeroshot_stack,heavy,14,district,Maharashtra,Bid,1096,68,0.062043797224760056,0.03882727771997452,0.054286763072013855,0.057703301310539246,0.05920871355589796,0.8468184939345388,True
chronos_zeroshot_stack,heavy,14,district,Maharashtra,Latur,685,52,0.07591240853071213,0.04517338424921036,0.06716741621494293,0.06970106065273285,0.036350156139131506,0.7606938874711386,True
chronos_zeroshot_stack,heavy,14,district,Uttar Pradesh,Gorakhpur,274,17,0.062043797224760056,0.09854582697153091,0.058090321719646454,0.06309594213962555,0.07933347613547181,0.6685740444037538,True
chronos_zeroshot_stack,heavy,14,district,Uttar Pradesh,Jhansi,548,64,0.11678832024335861,0.08476541191339493,0.10164258629083633,0.10085881501436234,-0.007770974469236025,0.6749418904958677,True
chronos_zeroshot_stack,heavy,21,overall,all,all,4050,565,0.13950617611408234,0.1090240553021431,0.11180895566940308,0.11238548159599304,0.005129896837230974,0.7337050062848364,True
chronos_zeroshot_stack,heavy,21,state,Bihar,all,270,30,0.1111111119389534,0.10008781403303146,0.09087058156728745,0.08924845606088638,-0.01817539011873137,0.7059722222222222,True
chronos_zeroshot_stack,heavy,21,state,Madhya Pradesh,all,1215,237,0.19506172835826874,0.17178478837013245,0.14509998261928558,0.14368192851543427,-0.009869397762843901,0.7112379522490573,True
chronos_zeroshot_stack,heavy,21,state,Maharashtra,all,1755,183,0.10427350550889969,0.05811304971575737,0.09097451716661453,0.09091699868440628,-0.0006326482730463212,0.7723098207705891,True
chronos_zeroshot_stack,heavy,21,state,Uttar Pradesh,all,810,115,0.1419753134250641,0.12816888093948364,0.11399310827255249,0.11966818571090698,0.047423443454422176,0.7018955270566156,True
chronos_zeroshot_stack,heavy,21,district,Bihar,Gaya,135,4,0.029629629105329514,0.05537620186805725,0.032288808375597,0.02913435734808445,-0.10827254536026176,0.3129770992366412,False
chronos_zeroshot_stack,heavy,21,district,Bihar,Purnia,135,26,0.192592591047287,0.14479942619800568,0.149452343583107,0.14936254918575287,-0.0006011841512054694,0.6559633027522935,True
chronos_zeroshot_stack,heavy,21,district,Madhya Pradesh,Indore,540,68,0.1259259283542633,0.16450151801109314,0.1127728670835495,0.1262560337781906,0.10679225610974474,0.6245326520438684,True
chronos_zeroshot_stack,heavy,21,district,Madhya Pradesh,Sehore,675,169,0.2503703832626343,0.17761142551898956,0.17096169292926788,0.15762263536453247,-0.08462653561074074,0.7470121851392755,True
chronos_zeroshot_stack,heavy,21,district,Maharashtra,Bid,1080,101,0.09351851791143417,0.05378960445523262,0.08207502216100693,0.08313891291618347,0.012796543975131192,0.798480971692675,True
chronos_zeroshot_stack,heavy,21,district,Maharashtra,Latur,675,82,0.12148147821426392,0.06503055989742279,0.1052137166261673,0.10336192697286606,-0.01791558756240441,0.7339283510878954,True
chronos_zeroshot_stack,heavy,21,district,Uttar Pradesh,Gorakhpur,270,26,0.0962962955236435,0.14589592814445496,0.07989128679037094,0.09445439279079437,0.1541813521863301,0.780264817150063,True
chronos_zeroshot_stack,heavy,21,district,Uttar Pradesh,Jhansi,540,89,0.1648148149251938,0.11930534988641739,0.13104403018951416,0.1322750747203827,0.009306700702841009,0.7030817907770498,True
chronos_zeroshot_stack,heavy,28,overall,all,all,4020,721,0.1793532371520996,0.14840421080589294,0.13836462795734406,0.135911226272583,-0.018051501351628696,0.7105755158857452,True
chronos_zeroshot_stack,heavy,28,state,Bihar,all,268,40,0.1492537260055542,0.14731988310813904,0.11403937637805939,0.11261115968227386,-0.012682727891402124,0.7466008771929825,True
chronos_zeroshot_stack,heavy,28,state,Madhya Pradesh,all,1206,303,0.2512437701225281,0.23371656239032745,0.17291812598705292,0.16685090959072113,-0.036363100514192226,0.7007079445486076,True
chronos_zeroshot_stack,heavy,28,state,Maharashtra,all,1742,233,0.13375429809093475,0.0808328315615654,0.11491787433624268,0.11327969282865524,-0.014461387267930892,0.7323156909757477,True
chronos_zeroshot_stack,heavy,28,state,Uttar Pradesh,all,804,145,0.1803482621908188,0.1672016978263855,0.14544415473937988,0.1463034301996231,0.005873242063229811,0.6244152582282456,True
chronos_zeroshot_stack,heavy,28,district,Bihar,Gaya,134,6,0.04477611929178238,0.08232449740171432,0.04977116733789444,0.04366565868258476,-0.13982403654304076,0.421875,False
chronos_zeroshot_stack,heavy,28,district,Bihar,Purnia,134,34,0.2537313401699066,0.21231526136398315,0.17830757796764374,0.18155664205551147,0.01789559473607316,0.6844117647058823,True
chronos_zeroshot_stack,heavy,28,district,Madhya Pradesh,Indore,536,93,0.1735074669122696,0.2243301272392273,0.15354463458061218,0.16068527102470398,0.044438649532439034,0.5822228694871234,True
chronos_zeroshot_stack,heavy,28,district,Madhya Pradesh,Sehore,670,210,0.31343284249305725,0.2412257343530655,0.18841689825057983,0.1717834323644638,-0.09682811466256935,0.7580952380952382,True
chronos_zeroshot_stack,heavy,28,district,Maharashtra,Bid,1072,130,0.12126865983009338,0.07434452325105667,0.103985495865345,0.1039905697107315,4.8791399072212194e-05,0.7624857096194675,True
chronos_zeroshot_stack,heavy,28,district,Maharashtra,Latur,670,103,0.1537313461303711,0.0912141427397728,0.13240966200828552,0.128142312169075,-0.03330164538922964,0.6912724097190117,True
chronos_zeroshot_stack,heavy,28,district,Uttar Pradesh,Gorakhpur,268,32,0.11940298229455948,0.20221735537052155,0.10993967205286026,0.1195271760225296,0.08021191739577449,0.6529396186440678,True
chronos_zeroshot_stack,heavy,28,district,Uttar Pradesh,Jhansi,536,113,0.21082089841365814,0.14969387650489807,0.16319639980793,0.15969157218933105,-0.02194748019916548,0.6555576476495324,True
chronos_zeroshot_stack,onset,7,overall,all,all,1432,194,0.13547486066818237,0.17571081221103668,0.10715842992067337,0.10854531079530716,0.012776976402501083,0.7489715703745649,True
chronos_zeroshot_stack,onset,7,state,Bihar,all,53,12,0.22641509771347046,0.2298785150051117,0.15512876212596893,0.14941413700580597,-0.038246883693079825,0.7439024390243902,True
chronos_zeroshot_stack,onset,7,state,Madhya Pradesh,all,359,63,0.1754874587059021,0.17022982239723206,0.12180443853139877,0.13300344347953796,0.08420086469311683,0.7642106392106393,True
chronos_zeroshot_stack,onset,7,state,Maharashtra,all,692,73,0.10549133270978928,0.15333996713161469,0.09136926382780075,0.09064121544361115,-0.008032200148976765,0.7430898267200744,True
chronos_zeroshot_stack,onset,7,state,Uttar Pradesh,all,328,46,0.14024390280246735,0.22015413641929626,0.11668810248374939,0.11294510215520859,-0.03313999684020996,0.742445266728338,True
chronos_zeroshot_stack,onset,7,district,Bihar,Gaya,42,6,0.1428571492433548,0.21270453929901123,0.11583022028207779,0.10736194252967834,-0.07887597367250065,0.7268518518518519,False
chronos_zeroshot_stack,onset,7,district,Bihar,Purnia,11,6,0.5454545617103577,0.2954518795013428,0.3051777184009552,0.30997705459594727,0.015482875663967999,0.6333333333333333,False
chronos_zeroshot_stack,onset,7,district,Madhya Pradesh,Indore,176,27,0.15340909361839294,0.16309989988803864,0.11682086437940598,0.12503795325756073,0.0657167577049882,0.760129256773552,True
chronos_zeroshot_stack,onset,7,district,Madhya Pradesh,Sehore,183,36,0.19672131538391113,0.17708700895309448,0.12659740447998047,0.14066427946090698,0.10000317802669967,0.7598261526832956,True
chronos_zeroshot_stack,onset,7,district,Maharashtra,Bid,447,39,0.08724832534790039,0.1497081071138382,0.07994090765714645,0.0796147957444191,-0.004096121954193732,0.7244218200100554,True
chronos_zeroshot_stack,onset,7,district,Maharashtra,Latur,245,34,0.1387755125761032,0.15996623039245605,0.11222019046545029,0.11075878888368607,-0.013194452526010592,0.75689991636465,True
chronos_zeroshot_stack,onset,7,district,Uttar Pradesh,Gorakhpur,119,15,0.1260504275560379,0.2526075541973114,0.12434552609920502,0.10984734445810318,-0.13198481686220087,0.6833333333333333,True
chronos_zeroshot_stack,onset,7,district,Uttar Pradesh,Jhansi,209,31,0.1483253538608551,0.20167584717273712,0.11232814192771912,0.11470889300107956,0.020754721025317835,0.7841609278724175,True
chronos_zeroshot_stack,onset,14,overall,all,all,1425,380,0.2666666805744171,0.3638205826282501,0.1969887763261795,0.17279835045337677,-0.13999222683164225,0.6420120876353563,True
chronos_zeroshot_stack,onset,14,state,Bihar,all,53,20,0.37735849618911743,0.3721661865711212,0.209368035197258,0.19273985922336578,-0.08627263733041257,0.7651515151515151,True
chronos_zeroshot_stack,onset,14,state,Madhya Pradesh,all,359,129,0.35933148860931396,0.35369017720222473,0.20765383541584015,0.2038608193397522,-0.018605910092839073,0.7381530165149983,True
chronos_zeroshot_stack,onset,14,state,Maharashtra,all,685,144,0.21021898090839386,0.3556857407093048,0.19362731277942657,0.15809661149978638,-0.22474043524764742,0.48079687820907785,True
chronos_zeroshot_stack,onset,14,state,Uttar Pradesh,all,328,87,0.26524388790130615,0.39054879546165466,0.19033561646938324,0.16628116369247437,-0.14466132087814798,0.7329613201697907,True
chronos_zeroshot_stack,onset,14,district,Bihar,Gaya,42,12,0.2857142984867096,0.35363665223121643,0.1921134889125824,0.1763843297958374,-0.08917549044720285,0.7305555555555555,True
chronos_zeroshot_stack,onset,14,district,Bihar,Purnia,11,8,0.7272727489471436,0.44291526079177856,0.2752491235733032,0.2551884651184082,-0.07861114900153043,0.5833333333333334,False
chronos_zeroshot_stack,onset,14,district,Madhya Pradesh,Indore,176,59,0.33522728085517883,0.3457946479320526,0.2071593850851059,0.20997963845729828,0.013431080236695925,0.7075184702303345,True
chronos_zeroshot_stack,onset,14,district,Madhya Pradesh,Sehore,183,70,0.3825136721134186,0.3612837791442871,0.2081293761730194,0.1979760378599167,-0.051285693071032146,0.7632111251580278,True
chronos_zeroshot_stack,onset,14,district,Maharashtra,Bid,442,82,0.18552036583423615,0.34634947776794434,0.18726781010627747,0.1472480148077011,-0.2717849564956125,0.43367208672086716,True
chronos_zeroshot_stack,onset,14,district,Maharashtra,Latur,243,62,0.25514402985572815,0.3726677894592285,0.20519480109214783,0.17782941460609436,-0.15388560180929511,0.5472286579932275,True
chronos_zeroshot_stack,onset,14,district,Uttar Pradesh,Gorakhpur,119,30,0.2521008551120758,0.42789459228515625,0.20577721297740936,0.17289336025714874,-0.1901973139474622,0.6797752808988764,True
chronos_zeroshot_stack,onset,14,district,Uttar Pradesh,Jhansi,209,57,0.27272728085517883,0.3692849576473236,0.1815434992313385,0.16251632571220398,-0.11707853617629316,0.778624192059095,True
chronos_zeroshot_stack,onset,21,overall,all,all,1411,545,0.38625088334083557,0.49828845262527466,0.28024357557296753,0.20672905445098877,-0.35560807510686665,0.46351251138843574,True
chronos_zeroshot_stack,onset,21,state,Bihar,all,53,28,0.5283018946647644,0.43503519892692566,0.23422138392925262,0.2089281976222992,-0.12106162114449726,0.6742857142857144,True
chronos_zeroshot_stack,onset,21,state,Madhya Pradesh,all,359,182,0.5069637894630432,0.4428367018699646,0.25160953402519226,0.2132122963666916,-0.18008922708877662,0.5953312224498666,True
chronos_zeroshot_stack,onset,21,state,Maharashtra,all,671,210,0.3129657208919525,0.539400577545166,0.3253019452095032,0.20355519652366638,-0.5981018945477123,0.3392004958165479,True
chronos_zeroshot_stack,onset,21,state,Uttar Pradesh,all,328,125,0.38109755516052246,0.4850974678993225,0.22684313356876373,0.20577053725719452,-0.10240822905190927,0.6578522167487686,True
chronos_zeroshot_stack,onset,21,district,Bihar,Gaya,42,19,0.4523809552192688,0.41342490911483765,0.2384854257106781,0.21416012942790985,-0.11358461702348088,0.6224256292906178,True
chronos_zeroshot_stack,onset,21,district,Bihar,Purnia,11,9,0.8181818127632141,0.5175471901893616,0.21794062852859497,0.18895171582698822,-0.15341968489002844,0.8888888888888888,False
chronos_zeroshot_stack,onset,21,district,Madhya Pradesh,Indore,176,78,0.4431818127632141,0.4523671269416809,0.23708270490169525,0.22589430212974548,-0.04952937133192292,0.6223181580324438,True
chronos_zeroshot_stack,onset,21,district,Madhya Pradesh,Sehore,183,104,0.568306028842926,0.43367087841033936,0.2655806541442871,0.20101536810398102,-0.3211957704990387,0.5811830574488801,True
chronos_zeroshot_stack,onset,21,district,Maharashtra,Bid,432,116,0.26851850748062134,0.5368626713752747,0.3232690989971161,0.18749897181987762,-0.7241113157018648,0.3196475338280227,True
chronos_zeroshot_stack,onset,21,district,Maharashtra,Latur,239,94,0.3933054506778717,0.5439881086349487,0.32897642254829407,0.23257732391357422,-0.4144819323423885,0.3568598679383712,True
chronos_zeroshot_stack,onset,21,district,Uttar Pradesh,Gorakhpur,119,42,0.3529411852359772,0.5606446862220764,0.2518157660961151,0.22260309755802155,-0.13123208463206248,0.670995670995671,True
chronos_zeroshot_stack,onset,21,district,Uttar Pradesh,Jhansi,209,83,0.3971291780471802,0.4420825242996216,0.21262429654598236,0.19618645310401917,-0.08378684247503965,0.7026200038248231,True
chronos_zeroshot_stack,onset,28,overall,all,all,1404,703,0.5007122755050659,0.6189378499984741,0.30368515849113464,0.21712639927864075,-0.39865608005322306,0.4592362465325901,True
chronos_zeroshot_stack,onset,28,state,Bihar,all,53,36,0.6792452931404114,0.5451859831809998,0.23889239132404327,0.1821056604385376,-0.3118339690746281,0.5849673202614379,True
chronos_zeroshot_stack,onset,28,state,Madhya Pradesh,all,359,229,0.6378830075263977,0.5903045535087585,0.23213085532188416,0.20180530846118927,-0.15027130402036493,0.6094390325831374,True
chronos_zeroshot_stack,onset,28,state,Maharashtra,all,664,266,0.40060240030288696,0.6596888303756714,0.3771913945674896,0.2225579470396042,-0.6948008353993687,0.350766992859032,True
chronos_zeroshot_stack,onset,28,state,Uttar Pradesh,all,328,172,0.5243902206420898,0.5796986818313599,0.2436663955450058,0.2285587042570114,-0.0660998290881365,0.6111732259988074,True
chronos_zeroshot_stack,onset,28,district,Bihar,Gaya,42,25,0.5952380895614624,0.5135141611099243,0.2699948847293854,0.20861543715000153,-0.29422294159012763,0.48470588235294115,True
chronos_zeroshot_stack,onset,28,district,Bihar,Purnia,11,11,1.0,0.6661149859428406,0.12013757973909378,0.08088646829128265,-0.4852617783541098,,False
chronos_zeroshot_stack,onset,28,district,Madhya Pradesh,Indore,176,102,0.5795454382896423,0.5850170254707336,0.24516506493091583,0.23381146788597107,-0.04855876894148703,0.5927397986221516,True
chronos_zeroshot_stack,onset,28,district,Madhya Pradesh,Sehore,183,127,0.693989098072052,0.5953898429870605,0.21959523856639862,0.1710234433412552,-0.2840066500603937,0.6171259842519685,True
chronos_zeroshot_stack,onset,28,district,Maharashtra,Bid,427,147,0.3442623019218445,0.6481872797012329,0.3811120092868805,0.20902353525161743,-0.8232971173705734,0.3303935860058309,True
chronos_zeroshot_stack,onset,28,district,Maharashtra,Latur,237,119,0.502109706401825,0.6804110407829285,0.37012773752212524,0.24694272875785828,-0.4988403966534971,0.3565019228030195,True
chronos_zeroshot_stack,onset,28,district,Uttar Pradesh,Gorakhpur,119,57,0.4789915978908539,0.6560152173042297,0.26831063628196716,0.26028043031692505,-0.030852131123589643,0.645727221279004,True
chronos_zeroshot_stack,onset,28,district,Uttar Pradesh,Jhansi,209,115,0.5502392053604126,0.5362455248832703,0.22963452339172363,0.21049708127975464,-0.09091547491119356,0.6437557816836261,True
